$,
,
JDAY,FLOW
44197,93.35
44197.04,93.35
44197.08,93.35
44197.12,93.35
44197.17,93.35
44197.21,93.35
44197.25,93.35
44197.29,93.35
44197.33,93.35
44197.38,93.35
44197.42,93.35
44197.46,93.35
44197.5,93.35
44197.54,93.35
44197.58,93.35
44197.62,93.35
44197.67,93.35
44197.71,93.35
44197.75,93.35
44197.79,93.35
44197.83,93.35
44197.88,93.35
44197.92,93.35
44197.96,93.35
44198,93.35
44198.04,93.35
44198.08,93.35
44198.12,93.35
44198.17,93.35
44198.21,93.35
44198.25,93.35
44198.29,93.35
44198.33,93.35
44198.38,93.35
44198.42,93.35
44198.46,93.35
44198.5,93.35
44198.54,93.35
44198.58,93.35
44198.62,93.35
44198.67,93.35
44198.71,93.35
44198.75,93.35
44198.79,93.35
44198.83,93.35
44198.88,93.35
44198.92,93.35
44198.96,93.35
44199,93.35
44199.04,93.35
44199.08,93.35
44199.12,93.35
44199.17,93.35
44199.21,93.35
44199.25,93.35
44199.29,93.35
44199.33,93.35
44199.38,93.35
44199.42,93.35
44199.46,93.35
44199.5,93.35
44199.54,93.35
44199.58,93.35
44199.62,93.35
44199.67,93.35
44199.71,93.35
44199.75,93.35
44199.79,93.35
44199.83,93.35
44199.88,93.35
44199.92,93.35
44199.96,93.35
44200,93.35
44200.04,93.35
44200.08,93.35
44200.12,93.35
44200.17,93.35
44200.21,93.35
44200.25,93.35
44200.29,93.35
44200.33,93.35
44200.38,93.35
44200.42,93.35
44200.46,93.35
44200.5,93.35
44200.54,93.35
44200.58,93.35
44200.62,93.35
44200.67,93.35
44200.71,93.35
44200.75,93.35
44200.79,93.35
44200.83,93.35
44200.88,93.35
44200.92,93.35
44200.96,93.35
44201,93.35
44201.04,93.35
44201.08,93.35
44201.12,93.35
44201.17,93.35
44201.21,93.35
44201.25,93.35
44201.29,93.35
44201.33,93.35
44201.38,93.35
44201.42,93.35
44201.46,93.35
44201.5,93.35
44201.54,93.35
44201.58,93.35
44201.62,93.35
44201.67,93.35
44201.71,93.35
44201.75,93.35
44201.79,93.35
44201.83,93.35
44201.88,93.35
44201.92,93.35
44201.96,93.35
44202,93.35
44202.04,93.35
44202.08,93.35
44202.12,93.35
44202.17,93.35
44202.21,93.35
44202.25,93.35
44202.29,93.35
44202.33,93.35
44202.38,93.35
44202.42,93.35
44202.46,93.35
44202.5,93.35
44202.54,93.35
44202.58,93.35
44202.62,93.35
44202.67,93.35
44202.71,93.35
44202.75,93.35
44202.79,93.35
44202.83,93.35
44202.88,93.35
44202.92,93.35
44202.96,93.35
44203,93.35
44203.04,93.35
44203.08,93.35
44203.12,93.35
44203.17,93.35
44203.21,93.35
44203.25,93.35
44203.29,93.35
44203.33,93.35
44203.38,93.35
44203.42,93.35
44203.46,93.35
44203.5,93.35
44203.54,93.35
44203.58,93.35
44203.62,93.35
44203.67,93.35
44203.71,93.35
44203.75,93.35
44203.79,93.35
44203.83,93.35
44203.88,93.35
44203.92,93.35
44203.96,93.35
44204,93.35
44204.04,93.35
44204.08,93.35
44204.12,93.35
44204.17,93.35
44204.21,93.35
44204.25,93.35
44204.29,93.35
44204.33,93.35
44204.38,93.35
44204.42,93.35
44204.46,93.35
44204.5,93.35
44204.54,93.35
44204.58,93.35
44204.62,93.35
44204.67,93.35
44204.71,93.35
44204.75,93.35
44204.79,93.35
44204.83,93.35
44204.88,93.35
44204.92,93.35
44204.96,93.35
44205,93.35
44205.04,93.35
44205.08,93.35
44205.12,93.35
44205.17,93.35
44205.21,93.35
44205.25,93.35
44205.29,93.35
44205.33,93.35
44205.38,93.35
44205.42,93.35
44205.46,93.35
44205.5,93.35
44205.54,93.35
44205.58,93.35
44205.62,93.35
44205.67,93.35
44205.71,93.35
44205.75,93.35
44205.79,93.35
44205.83,93.35
44205.88,93.35
44205.92,93.35
44205.96,93.35
44206,93.35
44206.04,93.35
44206.08,93.35
44206.12,93.35
44206.17,93.35
44206.21,93.35
44206.25,93.35
44206.29,93.35
44206.33,93.35
44206.38,93.35
44206.42,93.35
44206.46,93.35
44206.5,93.35
44206.54,93.35
44206.58,93.35
44206.62,93.35
44206.67,93.35
44206.71,93.35
44206.75,93.35
44206.79,93.35
44206.83,93.35
44206.88,93.35
44206.92,93.35
44206.96,93.35
44207,93.35
44207.04,93.35
44207.08,93.35
44207.12,93.35
44207.17,93.35
44207.21,93.35
44207.25,93.35
44207.29,93.35
44207.33,93.35
44207.38,93.35
44207.42,93.35
44207.46,93.35
44207.5,93.35
44207.54,93.35
44207.58,93.35
44207.62,93.35
44207.67,93.35
44207.71,93.35
44207.75,93.35
44207.79,93.35
44207.83,93.35
44207.88,93.35
44207.92,93.35
44207.96,93.35
44208,93.35
44208.04,93.35
44208.08,93.35
44208.12,93.35
44208.17,93.35
44208.21,93.35
44208.25,93.35
44208.29,93.35
44208.33,93.35
44208.38,93.35
44208.42,93.35
44208.46,93.35
44208.5,93.35
44208.54,93.35
44208.58,93.35
44208.62,93.35
44208.67,93.35
44208.71,93.35
44208.75,93.35
44208.79,93.35
44208.83,93.35
44208.88,93.35
44208.92,93.35
44208.96,93.35
44209,93.35
44209.04,93.35
44209.08,93.35
44209.12,93.35
44209.17,93.35
44209.21,93.35
44209.25,93.35
44209.29,93.35
44209.33,93.35
44209.38,93.35
44209.42,93.35
44209.46,93.35
44209.5,93.35
44209.54,93.35
44209.58,93.35
44209.62,93.35
44209.67,93.35
44209.71,93.35
44209.75,93.35
44209.79,93.35
44209.83,93.35
44209.88,93.35
44209.92,93.35
44209.96,93.35
44210,93.35
44210.04,93.35
44210.08,93.35
44210.12,93.35
44210.17,93.35
44210.21,93.35
44210.25,93.35
44210.29,93.35
44210.33,93.35
44210.38,93.35
44210.42,93.35
44210.46,93.35
44210.5,93.35
44210.54,93.35
44210.58,93.35
44210.62,93.35
44210.67,93.35
44210.71,93.35
44210.75,93.35
44210.79,93.35
44210.83,93.35
44210.88,93.35
44210.92,93.35
44210.96,93.35
44211,93.35
44211.04,93.35
44211.08,93.35
44211.12,93.35
44211.17,93.35
44211.21,93.35
44211.25,93.35
44211.29,93.35
44211.33,93.35
44211.38,93.35
44211.42,93.35
44211.46,93.35
44211.5,93.35
44211.54,93.35
44211.58,93.35
44211.62,93.35
44211.67,93.35
44211.71,93.35
44211.75,93.35
44211.79,93.35
44211.83,93.35
44211.88,93.35
44211.92,93.35
44211.96,93.35
44212,93.35
44212.04,93.35
44212.08,93.35
44212.12,93.35
44212.17,93.35
44212.21,93.35
44212.25,93.35
44212.29,93.35
44212.33,93.35
44212.38,93.35
44212.42,93.35
44212.46,93.35
44212.5,93.35
44212.54,93.35
44212.58,93.35
44212.62,93.35
44212.67,93.35
44212.71,93.35
44212.75,93.35
44212.79,93.35
44212.83,93.35
44212.88,93.35
44212.92,93.35
44212.96,93.35
44213,93.35
44213.04,93.35
44213.08,93.35
44213.12,93.35
44213.17,93.35
44213.21,93.35
44213.25,93.35
44213.29,93.35
44213.33,93.35
44213.38,93.35
44213.42,93.35
44213.46,93.35
44213.5,93.35
44213.54,93.35
44213.58,93.35
44213.62,93.35
44213.67,93.35
44213.71,93.35
44213.75,93.35
44213.79,93.35
44213.83,93.35
44213.88,93.35
44213.92,93.35
44213.96,93.35
44214,93.35
44214.04,93.35
44214.08,93.35
44214.12,93.35
44214.17,93.35
44214.21,93.35
44214.25,93.35
44214.29,93.35
44214.33,93.35
44214.38,93.35
44214.42,93.35
44214.46,93.35
44214.5,93.35
44214.54,93.35
44214.58,93.35
44214.62,93.35
44214.67,93.35
44214.71,93.35
44214.75,93.35
44214.79,93.35
44214.83,93.35
44214.88,93.35
44214.92,93.35
44214.96,93.35
44215,93.35
44215.04,93.35
44215.08,93.35
44215.12,93.35
44215.17,93.35
44215.21,93.35
44215.25,93.35
44215.29,93.35
44215.33,93.35
44215.38,93.35
44215.42,93.35
44215.46,93.35
44215.5,93.35
44215.54,93.35
44215.58,93.35
44215.62,93.35
44215.67,93.35
44215.71,93.35
44215.75,93.35
44215.79,93.35
44215.83,93.35
44215.88,93.35
44215.92,93.35
44215.96,93.35
44216,93.35
44216.04,93.35
44216.08,93.35
44216.12,93.35
44216.17,93.35
44216.21,93.35
44216.25,93.35
44216.29,93.35
44216.33,93.35
44216.38,93.35
44216.42,93.35
44216.46,93.35
44216.5,93.35
44216.54,93.35
44216.58,93.35
44216.62,93.35
44216.67,93.35
44216.71,93.35
44216.75,93.35
44216.79,93.35
44216.83,93.35
44216.88,93.35
44216.92,93.35
44216.96,93.35
44217,93.35
44217.04,93.35
44217.08,93.35
44217.12,93.35
44217.17,93.35
44217.21,93.35
44217.25,93.35
44217.29,93.35
44217.33,93.35
44217.38,93.35
44217.42,93.35
44217.46,93.35
44217.5,93.35
44217.54,93.35
44217.58,93.35
44217.62,93.35
44217.67,93.35
44217.71,93.35
44217.75,93.35
44217.79,93.35
44217.83,93.35
44217.88,93.35
44217.92,93.35
44217.96,93.35
44218,93.35
44218.04,93.35
44218.08,93.35
44218.12,93.35
44218.17,93.35
44218.21,93.35
44218.25,93.35
44218.29,93.35
44218.33,93.35
44218.38,93.35
44218.42,93.35
44218.46,93.35
44218.5,93.35
44218.54,93.35
44218.58,93.35
44218.62,93.35
44218.67,93.35
44218.71,93.35
44218.75,93.35
44218.79,93.35
44218.83,93.35
44218.88,93.35
44218.92,93.35
44218.96,93.35
44219,93.35
44219.04,93.35
44219.08,93.35
44219.12,93.35
44219.17,93.35
44219.21,93.35
44219.25,93.35
44219.29,93.35
44219.33,93.35
44219.38,93.35
44219.42,93.35
44219.46,93.35
44219.5,93.35
44219.54,93.35
44219.58,93.35
44219.62,93.35
44219.67,93.35
44219.71,93.35
44219.75,93.35
44219.79,93.35
44219.83,93.35
44219.88,93.35
44219.92,93.35
44219.96,93.35
44220,93.35
44220.04,93.35
44220.08,93.35
44220.12,93.35
44220.17,93.35
44220.21,93.35
44220.25,93.35
44220.29,93.35
44220.33,93.35
44220.38,93.35
44220.42,93.35
44220.46,93.35
44220.5,93.35
44220.54,93.35
44220.58,93.35
44220.62,93.35
44220.67,93.35
44220.71,93.35
44220.75,93.35
44220.79,93.35
44220.83,93.35
44220.88,93.35
44220.92,93.35
44220.96,93.35
44221,93.35
44221.04,93.35
44221.08,93.35
44221.12,93.35
44221.17,93.35
44221.21,93.35
44221.25,93.35
44221.29,93.35
44221.33,93.35
44221.38,93.35
44221.42,93.35
44221.46,93.35
44221.5,93.35
44221.54,93.35
44221.58,93.35
44221.62,93.35
44221.67,93.35
44221.71,93.35
44221.75,93.35
44221.79,93.35
44221.83,93.35
44221.88,93.35
44221.92,93.35
44221.96,93.35
44222,93.35
44222.04,93.35
44222.08,93.35
44222.12,93.35
44222.17,93.35
44222.21,93.35
44222.25,93.35
44222.29,93.35
44222.33,93.35
44222.38,93.35
44222.42,93.35
44222.46,93.35
44222.5,93.35
44222.54,93.35
44222.58,93.35
44222.62,93.35
44222.67,93.35
44222.71,93.35
44222.75,93.35
44222.79,93.35
44222.83,93.35
44222.88,93.35
44222.92,93.35
44222.96,93.35
44223,93.35
44223.04,93.35
44223.08,93.35
44223.12,93.35
44223.17,93.35
44223.21,93.35
44223.25,93.35
44223.29,93.35
44223.33,93.35
44223.38,93.35
44223.42,93.35
44223.46,93.35
44223.5,93.35
44223.54,93.35
44223.58,93.35
44223.62,93.35
44223.67,93.35
44223.71,93.35
44223.75,93.35
44223.79,93.35
44223.83,93.35
44223.88,93.35
44223.92,93.35
44223.96,93.35
44224,93.35
44224.04,93.35
44224.08,93.35
44224.12,93.35
44224.17,93.35
44224.21,93.35
44224.25,93.35
44224.29,93.35
44224.33,93.35
44224.38,93.35
44224.42,93.35
44224.46,93.35
44224.5,93.35
44224.54,93.35
44224.58,93.35
44224.62,93.35
44224.67,93.35
44224.71,93.35
44224.75,93.35
44224.79,93.35
44224.83,93.35
44224.88,93.35
44224.92,93.35
44224.96,93.35
44225,93.35
44225.04,93.35
44225.08,93.35
44225.12,93.35
44225.17,93.35
44225.21,93.35
44225.25,93.35
44225.29,93.35
44225.33,93.35
44225.38,93.35
44225.42,93.35
44225.46,93.35
44225.5,93.35
44225.54,93.35
44225.58,93.35
44225.62,93.35
44225.67,93.35
44225.71,93.35
44225.75,93.35
44225.79,93.35
44225.83,93.35
44225.88,93.35
44225.92,93.35
44225.96,93.35
44226,93.35
44226.04,93.35
44226.08,93.35
44226.12,93.35
44226.17,93.35
44226.21,93.35
44226.25,93.35
44226.29,93.35
44226.33,93.35
44226.38,93.35
44226.42,93.35
44226.46,93.35
44226.5,93.35
44226.54,93.35
44226.58,93.35
44226.62,93.35
44226.67,93.35
44226.71,93.35
44226.75,93.35
44226.79,93.35
44226.83,93.35
44226.88,93.35
44226.92,93.35
44226.96,93.35
44227,93.35
44227.04,93.35
44227.08,93.35
44227.12,93.35
44227.17,93.35
44227.21,93.35
44227.25,93.35
44227.29,93.35
44227.33,93.35
44227.38,93.35
44227.42,93.35
44227.46,93.35
44227.5,93.35
44227.54,93.35
44227.58,93.35
44227.62,93.35
44227.67,93.35
44227.71,93.35
44227.75,93.35
44227.79,93.35
44227.83,93.35
44227.88,93.35
44227.92,93.35
44227.96,93.35
44228,38.91
44228.04,38.91
44228.08,38.91
44228.12,38.91
44228.17,38.91
44228.21,38.91
44228.25,38.91
44228.29,38.91
44228.33,38.91
44228.38,38.91
44228.42,38.91
44228.46,38.91
44228.5,38.91
44228.54,38.91
44228.58,38.91
44228.62,38.91
44228.67,38.91
44228.71,38.91
44228.75,38.91
44228.79,38.91
44228.83,38.91
44228.88,38.91
44228.92,38.91
44228.96,38.91
44229,38.91
44229.04,38.91
44229.08,38.91
44229.12,38.91
44229.17,38.91
44229.21,38.91
44229.25,38.91
44229.29,38.91
44229.33,38.91
44229.38,38.91
44229.42,38.91
44229.46,38.91
44229.5,38.91
44229.54,38.91
44229.58,38.91
44229.62,38.91
44229.67,38.91
44229.71,38.91
44229.75,38.91
44229.79,38.91
44229.83,38.91
44229.88,38.91
44229.92,38.91
44229.96,38.91
44230,38.91
44230.04,38.91
44230.08,38.91
44230.12,38.91
44230.17,38.91
44230.21,38.91
44230.25,38.91
44230.29,38.91
44230.33,38.91
44230.38,38.91
44230.42,38.91
44230.46,38.91
44230.5,38.91
44230.54,38.91
44230.58,38.91
44230.62,38.91
44230.67,38.91
44230.71,38.91
44230.75,38.91
44230.79,38.91
44230.83,38.91
44230.88,38.91
44230.92,38.91
44230.96,38.91
44231,38.91
44231.04,38.91
44231.08,38.91
44231.12,38.91
44231.17,38.91
44231.21,38.91
44231.25,38.91
44231.29,38.91
44231.33,38.91
44231.38,38.91
44231.42,38.91
44231.46,38.91
44231.5,38.91
44231.54,38.91
44231.58,38.91
44231.62,38.91
44231.67,38.91
44231.71,38.91
44231.75,38.91
44231.79,38.91
44231.83,38.91
44231.88,38.91
44231.92,38.91
44231.96,38.91
44232,38.91
44232.04,38.91
44232.08,38.91
44232.12,38.91
44232.17,38.91
44232.21,38.91
44232.25,38.91
44232.29,38.91
44232.33,38.91
44232.38,38.91
44232.42,38.91
44232.46,38.91
44232.5,38.91
44232.54,38.91
44232.58,38.91
44232.62,38.91
44232.67,38.91
44232.71,38.91
44232.75,38.91
44232.79,38.91
44232.83,38.91
44232.88,38.91
44232.92,38.91
44232.96,38.91
44233,38.91
44233.04,38.91
44233.08,38.91
44233.12,38.91
44233.17,38.91
44233.21,38.91
44233.25,38.91
44233.29,38.91
44233.33,38.91
44233.38,38.91
44233.42,38.91
44233.46,38.91
44233.5,38.91
44233.54,38.91
44233.58,38.91
44233.62,38.91
44233.67,38.91
44233.71,38.91
44233.75,38.91
44233.79,38.91
44233.83,38.91
44233.88,38.91
44233.92,38.91
44233.96,38.91
44234,38.91
44234.04,38.91
44234.08,38.91
44234.12,38.91
44234.17,38.91
44234.21,38.91
44234.25,38.91
44234.29,38.91
44234.33,38.91
44234.38,38.91
44234.42,38.91
44234.46,38.91
44234.5,38.91
44234.54,38.91
44234.58,38.91
44234.62,38.91
44234.67,38.91
44234.71,38.91
44234.75,38.91
44234.79,38.91
44234.83,38.91
44234.88,38.91
44234.92,38.91
44234.96,38.91
44235,38.91
44235.04,38.91
44235.08,38.91
44235.12,38.91
44235.17,38.91
44235.21,38.91
44235.25,38.91
44235.29,38.91
44235.33,38.91
44235.38,38.91
44235.42,38.91
44235.46,38.91
44235.5,38.91
44235.54,38.91
44235.58,38.91
44235.62,38.91
44235.67,38.91
44235.71,38.91
44235.75,38.91
44235.79,38.91
44235.83,38.91
44235.88,38.91
44235.92,38.91
44235.96,38.91
44236,38.91
44236.04,38.91
44236.08,38.91
44236.12,38.91
44236.17,38.91
44236.21,38.91
44236.25,38.91
44236.29,38.91
44236.33,38.91
44236.38,38.91
44236.42,38.91
44236.46,38.91
44236.5,38.91
44236.54,38.91
44236.58,38.91
44236.62,38.91
44236.67,38.91
44236.71,38.91
44236.75,38.91
44236.79,38.91
44236.83,38.91
44236.88,38.91
44236.92,38.91
44236.96,38.91
44237,38.91
44237.04,38.91
44237.08,38.91
44237.12,38.91
44237.17,38.91
44237.21,38.91
44237.25,38.91
44237.29,38.91
44237.33,38.91
44237.38,38.91
44237.42,38.91
44237.46,38.91
44237.5,38.91
44237.54,38.91
44237.58,38.91
44237.62,38.91
44237.67,38.91
44237.71,38.91
44237.75,38.91
44237.79,38.91
44237.83,38.91
44237.88,38.91
44237.92,38.91
44237.96,38.91
44238,38.91
44238.04,38.91
44238.08,38.91
44238.12,38.91
44238.17,38.91
44238.21,38.91
44238.25,38.91
44238.29,38.91
44238.33,38.91
44238.38,38.91
44238.42,38.91
44238.46,38.91
44238.5,38.91
44238.54,38.91
44238.58,38.91
44238.62,38.91
44238.67,38.91
44238.71,38.91
44238.75,38.91
44238.79,38.91
44238.83,38.91
44238.88,38.91
44238.92,38.91
44238.96,38.91
44239,38.91
44239.04,38.91
44239.08,38.91
44239.12,38.91
44239.17,38.91
44239.21,38.91
44239.25,38.91
44239.29,38.91
44239.33,38.91
44239.38,38.91
44239.42,38.91
44239.46,38.91
44239.5,38.91
44239.54,38.91
44239.58,38.91
44239.62,38.91
44239.67,38.91
44239.71,38.91
44239.75,38.91
44239.79,38.91
44239.83,38.91
44239.88,38.91
44239.92,38.91
44239.96,38.91
44240,38.91
44240.04,38.91
44240.08,38.91
44240.12,38.91
44240.17,38.91
44240.21,38.91
44240.25,38.91
44240.29,38.91
44240.33,38.91
44240.38,38.91
44240.42,38.91
44240.46,38.91
44240.5,38.91
44240.54,38.91
44240.58,38.91
44240.62,38.91
44240.67,38.91
44240.71,38.91
44240.75,38.91
44240.79,38.91
44240.83,38.91
44240.88,38.91
44240.92,38.91
44240.96,38.91
44241,38.91
44241.04,38.91
44241.08,38.91
44241.12,38.91
44241.17,38.91
44241.21,38.91
44241.25,38.91
44241.29,38.91
44241.33,38.91
44241.38,38.91
44241.42,38.91
44241.46,38.91
44241.5,38.91
44241.54,38.91
44241.58,38.91
44241.62,38.91
44241.67,38.91
44241.71,38.91
44241.75,38.91
44241.79,38.91
44241.83,38.91
44241.88,38.91
44241.92,38.91
44241.96,38.91
44242,38.91
44242.04,38.91
44242.08,38.91
44242.12,38.91
44242.17,38.91
44242.21,38.91
44242.25,38.91
44242.29,38.91
44242.33,38.91
44242.38,38.91
44242.42,38.91
44242.46,38.91
44242.5,38.91
44242.54,38.91
44242.58,38.91
44242.62,38.91
44242.67,38.91
44242.71,38.91
44242.75,38.91
44242.79,38.91
44242.83,38.91
44242.88,38.91
44242.92,38.91
44242.96,38.91
44243,38.91
44243.04,38.91
44243.08,38.91
44243.12,38.91
44243.17,38.91
44243.21,38.91
44243.25,38.91
44243.29,38.91
44243.33,38.91
44243.38,38.91
44243.42,38.91
44243.46,38.91
44243.5,38.91
44243.54,38.91
44243.58,38.91
44243.62,38.91
44243.67,38.91
44243.71,38.91
44243.75,38.91
44243.79,38.91
44243.83,38.91
44243.88,38.91
44243.92,38.91
44243.96,38.91
44244,38.91
44244.04,38.91
44244.08,38.91
44244.12,38.91
44244.17,38.91
44244.21,38.91
44244.25,38.91
44244.29,38.91
44244.33,38.91
44244.38,38.91
44244.42,38.91
44244.46,38.91
44244.5,38.91
44244.54,38.91
44244.58,38.91
44244.62,38.91
44244.67,38.91
44244.71,38.91
44244.75,38.91
44244.79,38.91
44244.83,38.91
44244.88,38.91
44244.92,38.91
44244.96,38.91
44245,38.91
44245.04,38.91
44245.08,38.91
44245.12,38.91
44245.17,38.91
44245.21,38.91
44245.25,38.91
44245.29,38.91
44245.33,38.91
44245.38,38.91
44245.42,38.91
44245.46,38.91
44245.5,38.91
44245.54,38.91
44245.58,38.91
44245.62,38.91
44245.67,38.91
44245.71,38.91
44245.75,38.91
44245.79,38.91
44245.83,38.91
44245.88,38.91
44245.92,38.91
44245.96,38.91
44246,38.91
44246.04,38.91
44246.08,38.91
44246.12,38.91
44246.17,38.91
44246.21,38.91
44246.25,38.91
44246.29,38.91
44246.33,38.91
44246.38,38.91
44246.42,38.91
44246.46,38.91
44246.5,38.91
44246.54,38.91
44246.58,38.91
44246.62,38.91
44246.67,38.91
44246.71,38.91
44246.75,38.91
44246.79,38.91
44246.83,38.91
44246.88,38.91
44246.92,38.91
44246.96,38.91
44247,38.91
44247.04,38.91
44247.08,38.91
44247.12,38.91
44247.17,38.91
44247.21,38.91
44247.25,38.91
44247.29,38.91
44247.33,38.91
44247.38,38.91
44247.42,38.91
44247.46,38.91
44247.5,38.91
44247.54,38.91
44247.58,38.91
44247.62,38.91
44247.67,38.91
44247.71,38.91
44247.75,38.91
44247.79,38.91
44247.83,38.91
44247.88,38.91
44247.92,38.91
44247.96,38.91
44248,38.91
44248.04,38.91
44248.08,38.91
44248.12,38.91
44248.17,38.91
44248.21,38.91
44248.25,38.91
44248.29,38.91
44248.33,38.91
44248.38,38.91
44248.42,38.91
44248.46,38.91
44248.5,38.91
44248.54,38.91
44248.58,38.91
44248.62,38.91
44248.67,38.91
44248.71,38.91
44248.75,38.91
44248.79,38.91
44248.83,38.91
44248.88,38.91
44248.92,38.91
44248.96,38.91
44249,38.91
44249.04,38.91
44249.08,38.91
44249.12,38.91
44249.17,38.91
44249.21,38.91
44249.25,38.91
44249.29,38.91
44249.33,38.91
44249.38,38.91
44249.42,38.91
44249.46,38.91
44249.5,38.91
44249.54,38.91
44249.58,38.91
44249.62,38.91
44249.67,38.91
44249.71,38.91
44249.75,38.91
44249.79,38.91
44249.83,38.91
44249.88,38.91
44249.92,38.91
44249.96,38.91
44250,38.91
44250.04,38.91
44250.08,38.91
44250.12,38.91
44250.17,38.91
44250.21,38.91
44250.25,38.91
44250.29,38.91
44250.33,38.91
44250.38,38.91
44250.42,38.91
44250.46,38.91
44250.5,38.91
44250.54,38.91
44250.58,38.91
44250.62,38.91
44250.67,38.91
44250.71,38.91
44250.75,38.91
44250.79,38.91
44250.83,38.91
44250.88,38.91
44250.92,38.91
44250.96,38.91
44251,38.91
44251.04,38.91
44251.08,38.91
44251.12,38.91
44251.17,38.91
44251.21,38.91
44251.25,38.91
44251.29,38.91
44251.33,38.91
44251.38,38.91
44251.42,38.91
44251.46,38.91
44251.5,38.91
44251.54,38.91
44251.58,38.91
44251.62,38.91
44251.67,38.91
44251.71,38.91
44251.75,38.91
44251.79,38.91
44251.83,38.91
44251.88,38.91
44251.92,38.91
44251.96,38.91
44252,38.91
44252.04,38.91
44252.08,38.91
44252.12,38.91
44252.17,38.91
44252.21,38.91
44252.25,38.91
44252.29,38.91
44252.33,38.91
44252.38,38.91
44252.42,38.91
44252.46,38.91
44252.5,38.91
44252.54,38.91
44252.58,38.91
44252.62,38.91
44252.67,38.91
44252.71,38.91
44252.75,38.91
44252.79,38.91
44252.83,38.91
44252.88,38.91
44252.92,38.91
44252.96,38.91
44253,38.91
44253.04,38.91
44253.08,38.91
44253.12,38.91
44253.17,38.91
44253.21,38.91
44253.25,38.91
44253.29,38.91
44253.33,38.91
44253.38,38.91
44253.42,38.91
44253.46,38.91
44253.5,38.91
44253.54,38.91
44253.58,38.91
44253.62,38.91
44253.67,38.91
44253.71,38.91
44253.75,38.91
44253.79,38.91
44253.83,38.91
44253.88,38.91
44253.92,38.91
44253.96,38.91
44254,38.91
44254.04,38.91
44254.08,38.91
44254.12,38.91
44254.17,38.91
44254.21,38.91
44254.25,38.91
44254.29,38.91
44254.33,38.91
44254.38,38.91
44254.42,38.91
44254.46,38.91
44254.5,38.91
44254.54,38.91
44254.58,38.91
44254.62,38.91
44254.67,38.91
44254.71,38.91
44254.75,38.91
44254.79,38.91
44254.83,38.91
44254.88,38.91
44254.92,38.91
44254.96,38.91
44255,38.91
44255.04,38.91
44255.08,38.91
44255.12,38.91
44255.17,38.91
44255.21,38.91
44255.25,38.91
44255.29,38.91
44255.33,38.91
44255.38,38.91
44255.42,38.91
44255.46,38.91
44255.5,38.91
44255.54,38.91
44255.58,38.91
44255.62,38.91
44255.67,38.91
44255.71,38.91
44255.75,38.91
44255.79,38.91
44255.83,38.91
44255.88,38.91
44255.92,38.91
44255.96,38.91
44256,85.66
44256.04,85.66
44256.08,85.66
44256.12,85.66
44256.17,85.66
44256.21,85.66
44256.25,85.66
44256.29,85.66
44256.33,85.66
44256.38,85.66
44256.42,85.66
44256.46,85.66
44256.5,85.66
44256.54,85.66
44256.58,85.66
44256.62,85.66
44256.67,85.66
44256.71,85.66
44256.75,85.66
44256.79,85.66
44256.83,85.66
44256.88,85.66
44256.92,85.66
44256.96,85.66
44257,85.66
44257.04,85.66
44257.08,85.66
44257.12,85.66
44257.17,85.66
44257.21,85.66
44257.25,85.66
44257.29,85.66
44257.33,85.66
44257.38,85.66
44257.42,85.66
44257.46,85.66
44257.5,85.66
44257.54,85.66
44257.58,85.66
44257.62,85.66
44257.67,85.66
44257.71,85.66
44257.75,85.66
44257.79,85.66
44257.83,85.66
44257.88,85.66
44257.92,85.66
44257.96,85.66
44258,85.66
44258.04,85.66
44258.08,85.66
44258.12,85.66
44258.17,85.66
44258.21,85.66
44258.25,85.66
44258.29,85.66
44258.33,85.66
44258.38,85.66
44258.42,85.66
44258.46,85.66
44258.5,85.66
44258.54,85.66
44258.58,85.66
44258.62,85.66
44258.67,85.66
44258.71,85.66
44258.75,85.66
44258.79,85.66
44258.83,85.66
44258.88,85.66
44258.92,85.66
44258.96,85.66
44259,85.66
44259.04,85.66
44259.08,85.66
44259.12,85.66
44259.17,85.66
44259.21,85.66
44259.25,85.66
44259.29,85.66
44259.33,85.66
44259.38,85.66
44259.42,85.66
44259.46,85.66
44259.5,85.66
44259.54,85.66
44259.58,85.66
44259.62,85.66
44259.67,85.66
44259.71,85.66
44259.75,85.66
44259.79,85.66
44259.83,85.66
44259.88,85.66
44259.92,85.66
44259.96,85.66
44260,85.66
44260.04,85.66
44260.08,85.66
44260.12,85.66
44260.17,85.66
44260.21,85.66
44260.25,85.66
44260.29,85.66
44260.33,85.66
44260.38,85.66
44260.42,85.66
44260.46,85.66
44260.5,85.66
44260.54,85.66
44260.58,85.66
44260.62,85.66
44260.67,85.66
44260.71,85.66
44260.75,85.66
44260.79,85.66
44260.83,85.66
44260.88,85.66
44260.92,85.66
44260.96,85.66
44261,85.66
44261.04,85.66
44261.08,85.66
44261.12,85.66
44261.17,85.66
44261.21,85.66
44261.25,85.66
44261.29,85.66
44261.33,85.66
44261.38,85.66
44261.42,85.66
44261.46,85.66
44261.5,85.66
44261.54,85.66
44261.58,85.66
44261.62,85.66
44261.67,85.66
44261.71,85.66
44261.75,85.66
44261.79,85.66
44261.83,85.66
44261.88,85.66
44261.92,85.66
44261.96,85.66
44262,85.66
44262.04,85.66
44262.08,85.66
44262.12,85.66
44262.17,85.66
44262.21,85.66
44262.25,85.66
44262.29,85.66
44262.33,85.66
44262.38,85.66
44262.42,85.66
44262.46,85.66
44262.5,85.66
44262.54,85.66
44262.58,85.66
44262.62,85.66
44262.67,85.66
44262.71,85.66
44262.75,85.66
44262.79,85.66
44262.83,85.66
44262.88,85.66
44262.92,85.66
44262.96,85.66
44263,85.66
44263.04,85.66
44263.08,85.66
44263.12,85.66
44263.17,85.66
44263.21,85.66
44263.25,85.66
44263.29,85.66
44263.33,85.66
44263.38,85.66
44263.42,85.66
44263.46,85.66
44263.5,85.66
44263.54,85.66
44263.58,85.66
44263.62,85.66
44263.67,85.66
44263.71,85.66
44263.75,85.66
44263.79,85.66
44263.83,85.66
44263.88,85.66
44263.92,85.66
44263.96,85.66
44264,85.66
44264.04,85.66
44264.08,85.66
44264.12,85.66
44264.17,85.66
44264.21,85.66
44264.25,85.66
44264.29,85.66
44264.33,85.66
44264.38,85.66
44264.42,85.66
44264.46,85.66
44264.5,85.66
44264.54,85.66
44264.58,85.66
44264.62,85.66
44264.67,85.66
44264.71,85.66
44264.75,85.66
44264.79,85.66
44264.83,85.66
44264.88,85.66
44264.92,85.66
44264.96,85.66
44265,85.66
44265.04,85.66
44265.08,85.66
44265.12,85.66
44265.17,85.66
44265.21,85.66
44265.25,85.66
44265.29,85.66
44265.33,85.66
44265.38,85.66
44265.42,85.66
44265.46,85.66
44265.5,85.66
44265.54,85.66
44265.58,85.66
44265.62,85.66
44265.67,85.66
44265.71,85.66
44265.75,85.66
44265.79,85.66
44265.83,85.66
44265.88,85.66
44265.92,85.66
44265.96,85.66
44266,85.66
44266.04,85.66
44266.08,85.66
44266.12,85.66
44266.17,85.66
44266.21,85.66
44266.25,85.66
44266.29,85.66
44266.33,85.66
44266.38,85.66
44266.42,85.66
44266.46,85.66
44266.5,85.66
44266.54,85.66
44266.58,85.66
44266.62,85.66
44266.67,85.66
44266.71,85.66
44266.75,85.66
44266.79,85.66
44266.83,85.66
44266.88,85.66
44266.92,85.66
44266.96,85.66
44267,85.66
44267.04,85.66
44267.08,85.66
44267.12,85.66
44267.17,85.66
44267.21,85.66
44267.25,85.66
44267.29,85.66
44267.33,85.66
44267.38,85.66
44267.42,85.66
44267.46,85.66
44267.5,85.66
44267.54,85.66
44267.58,85.66
44267.62,85.66
44267.67,85.66
44267.71,85.66
44267.75,85.66
44267.79,85.66
44267.83,85.66
44267.88,85.66
44267.92,85.66
44267.96,85.66
44268,85.66
44268.04,85.66
44268.08,85.66
44268.12,85.66
44268.17,85.66
44268.21,85.66
44268.25,85.66
44268.29,85.66
44268.33,85.66
44268.38,85.66
44268.42,85.66
44268.46,85.66
44268.5,85.66
44268.54,85.66
44268.58,85.66
44268.62,85.66
44268.67,85.66
44268.71,85.66
44268.75,85.66
44268.79,85.66
44268.83,85.66
44268.88,85.66
44268.92,85.66
44268.96,85.66
44269,85.66
44269.04,85.66
44269.08,85.66
44269.12,85.66
44269.17,85.66
44269.21,85.66
44269.25,85.66
44269.29,85.66
44269.33,85.66
44269.38,85.66
44269.42,85.66
44269.46,85.66
44269.5,85.66
44269.54,85.66
44269.58,85.66
44269.62,85.66
44269.67,85.66
44269.71,85.66
44269.75,85.66
44269.79,85.66
44269.83,85.66
44269.88,85.66
44269.92,85.66
44269.96,85.66
44270,85.66
44270.04,85.66
44270.08,85.66
44270.12,85.66
44270.17,85.66
44270.21,85.66
44270.25,85.66
44270.29,85.66
44270.33,85.66
44270.38,85.66
44270.42,85.66
44270.46,85.66
44270.5,85.66
44270.54,85.66
44270.58,85.66
44270.62,85.66
44270.67,85.66
44270.71,85.66
44270.75,85.66
44270.79,85.66
44270.83,85.66
44270.88,85.66
44270.92,85.66
44270.96,85.66
44271,85.66
44271.04,85.66
44271.08,85.66
44271.12,85.66
44271.17,85.66
44271.21,85.66
44271.25,85.66
44271.29,85.66
44271.33,85.66
44271.38,85.66
44271.42,85.66
44271.46,85.66
44271.5,85.66
44271.54,85.66
44271.58,85.66
44271.62,85.66
44271.67,85.66
44271.71,85.66
44271.75,85.66
44271.79,85.66
44271.83,85.66
44271.88,85.66
44271.92,85.66
44271.96,85.66
44272,85.66
44272.04,85.66
44272.08,85.66
44272.12,85.66
44272.17,85.66
44272.21,85.66
44272.25,85.66
44272.29,85.66
44272.33,85.66
44272.38,85.66
44272.42,85.66
44272.46,85.66
44272.5,85.66
44272.54,85.66
44272.58,85.66
44272.62,85.66
44272.67,85.66
44272.71,85.66
44272.75,85.66
44272.79,85.66
44272.83,85.66
44272.88,85.66
44272.92,85.66
44272.96,85.66
44273,85.66
44273.04,85.66
44273.08,85.66
44273.12,85.66
44273.17,85.66
44273.21,85.66
44273.25,85.66
44273.29,85.66
44273.33,85.66
44273.38,85.66
44273.42,85.66
44273.46,85.66
44273.5,85.66
44273.54,85.66
44273.58,85.66
44273.62,85.66
44273.67,85.66
44273.71,85.66
44273.75,85.66
44273.79,85.66
44273.83,85.66
44273.88,85.66
44273.92,85.66
44273.96,85.66
44274,85.66
44274.04,85.66
44274.08,85.66
44274.12,85.66
44274.17,85.66
44274.21,85.66
44274.25,85.66
44274.29,85.66
44274.33,85.66
44274.38,85.66
44274.42,85.66
44274.46,85.66
44274.5,85.66
44274.54,85.66
44274.58,85.66
44274.62,85.66
44274.67,85.66
44274.71,85.66
44274.75,85.66
44274.79,85.66
44274.83,85.66
44274.88,85.66
44274.92,85.66
44274.96,85.66
44275,85.66
44275.04,85.66
44275.08,85.66
44275.12,85.66
44275.17,85.66
44275.21,85.66
44275.25,85.66
44275.29,85.66
44275.33,85.66
44275.38,85.66
44275.42,85.66
44275.46,85.66
44275.5,85.66
44275.54,85.66
44275.58,85.66
44275.62,85.66
44275.67,85.66
44275.71,85.66
44275.75,85.66
44275.79,85.66
44275.83,85.66
44275.88,85.66
44275.92,85.66
44275.96,85.66
44276,85.66
44276.04,85.66
44276.08,85.66
44276.12,85.66
44276.17,85.66
44276.21,85.66
44276.25,85.66
44276.29,85.66
44276.33,85.66
44276.38,85.66
44276.42,85.66
44276.46,85.66
44276.5,85.66
44276.54,85.66
44276.58,85.66
44276.62,85.66
44276.67,85.66
44276.71,85.66
44276.75,85.66
44276.79,85.66
44276.83,85.66
44276.88,85.66
44276.92,85.66
44276.96,85.66
44277,85.66
44277.04,85.66
44277.08,85.66
44277.12,85.66
44277.17,85.66
44277.21,85.66
44277.25,85.66
44277.29,85.66
44277.33,85.66
44277.38,85.66
44277.42,85.66
44277.46,85.66
44277.5,85.66
44277.54,85.66
44277.58,85.66
44277.62,85.66
44277.67,85.66
44277.71,85.66
44277.75,85.66
44277.79,85.66
44277.83,85.66
44277.88,85.66
44277.92,85.66
44277.96,85.66
44278,85.66
44278.04,85.66
44278.08,85.66
44278.12,85.66
44278.17,85.66
44278.21,85.66
44278.25,85.66
44278.29,85.66
44278.33,85.66
44278.38,85.66
44278.42,85.66
44278.46,85.66
44278.5,85.66
44278.54,85.66
44278.58,85.66
44278.62,85.66
44278.67,85.66
44278.71,85.66
44278.75,85.66
44278.79,85.66
44278.83,85.66
44278.88,85.66
44278.92,85.66
44278.96,85.66
44279,85.66
44279.04,85.66
44279.08,85.66
44279.12,85.66
44279.17,85.66
44279.21,85.66
44279.25,85.66
44279.29,85.66
44279.33,85.66
44279.38,85.66
44279.42,85.66
44279.46,85.66
44279.5,85.66
44279.54,85.66
44279.58,85.66
44279.62,85.66
44279.67,85.66
44279.71,85.66
44279.75,85.66
44279.79,85.66
44279.83,85.66
44279.88,85.66
44279.92,85.66
44279.96,85.66
44280,85.66
44280.04,85.66
44280.08,85.66
44280.12,85.66
44280.17,85.66
44280.21,85.66
44280.25,85.66
44280.29,85.66
44280.33,85.66
44280.38,85.66
44280.42,85.66
44280.46,85.66
44280.5,85.66
44280.54,85.66
44280.58,85.66
44280.62,85.66
44280.67,85.66
44280.71,85.66
44280.75,85.66
44280.79,85.66
44280.83,85.66
44280.88,85.66
44280.92,85.66
44280.96,85.66
44281,85.66
44281.04,85.66
44281.08,85.66
44281.12,85.66
44281.17,85.66
44281.21,85.66
44281.25,85.66
44281.29,85.66
44281.33,85.66
44281.38,85.66
44281.42,85.66
44281.46,85.66
44281.5,85.66
44281.54,85.66
44281.58,85.66
44281.62,85.66
44281.67,85.66
44281.71,85.66
44281.75,85.66
44281.79,85.66
44281.83,85.66
44281.88,85.66
44281.92,85.66
44281.96,85.66
44282,85.66
44282.04,85.66
44282.08,85.66
44282.12,85.66
44282.17,85.66
44282.21,85.66
44282.25,85.66
44282.29,85.66
44282.33,85.66
44282.38,85.66
44282.42,85.66
44282.46,85.66
44282.5,85.66
44282.54,85.66
44282.58,85.66
44282.62,85.66
44282.67,85.66
44282.71,85.66
44282.75,85.66
44282.79,85.66
44282.83,85.66
44282.88,85.66
44282.92,85.66
44282.96,85.66
44283,85.66
44283.04,85.66
44283.08,85.66
44283.12,85.66
44283.17,85.66
44283.21,85.66
44283.25,85.66
44283.29,85.66
44283.33,85.66
44283.38,85.66
44283.42,85.66
44283.46,85.66
44283.5,85.66
44283.54,85.66
44283.58,85.66
44283.62,85.66
44283.67,85.66
44283.71,85.66
44283.75,85.66
44283.79,85.66
44283.83,85.66
44283.88,85.66
44283.92,85.66
44283.96,85.66
44284,85.66
44284.04,85.66
44284.08,85.66
44284.12,85.66
44284.17,85.66
44284.21,85.66
44284.25,85.66
44284.29,85.66
44284.33,85.66
44284.38,85.66
44284.42,85.66
44284.46,85.66
44284.5,85.66
44284.54,85.66
44284.58,85.66
44284.62,85.66
44284.67,85.66
44284.71,85.66
44284.75,85.66
44284.79,85.66
44284.83,85.66
44284.88,85.66
44284.92,85.66
44284.96,85.66
44285,85.66
44285.04,85.66
44285.08,85.66
44285.12,85.66
44285.17,85.66
44285.21,85.66
44285.25,85.66
44285.29,85.66
44285.33,85.66
44285.38,85.66
44285.42,85.66
44285.46,85.66
44285.5,85.66
44285.54,85.66
44285.58,85.66
44285.62,85.66
44285.67,85.66
44285.71,85.66
44285.75,85.66
44285.79,85.66
44285.83,85.66
44285.88,85.66
44285.92,85.66
44285.96,85.66
44286,85.66
44286.04,85.66
44286.08,85.66
44286.12,85.66
44286.17,85.66
44286.21,85.66
44286.25,85.66
44286.29,85.66
44286.33,85.66
44286.38,85.66
44286.42,85.66
44286.46,85.66
44286.5,85.66
44286.54,85.66
44286.58,85.66
44286.62,85.66
44286.67,85.66
44286.71,85.66
44286.75,85.66
44286.79,85.66
44286.83,85.66
44286.88,85.66
44286.92,85.66
44286.96,85.66
44287,83.77
44287.04,83.77
44287.08,83.77
44287.12,83.77
44287.17,83.77
44287.21,83.77
44287.25,83.77
44287.29,83.77
44287.33,83.77
44287.38,83.77
44287.42,83.77
44287.46,83.77
44287.5,83.77
44287.54,83.77
44287.58,83.77
44287.62,83.77
44287.67,83.77
44287.71,83.77
44287.75,83.77
44287.79,83.77
44287.83,83.77
44287.88,83.77
44287.92,83.77
44287.96,83.77
44288,83.77
44288.04,83.77
44288.08,83.77
44288.12,83.77
44288.17,83.77
44288.21,83.77
44288.25,83.77
44288.29,83.77
44288.33,83.77
44288.38,83.77
44288.42,83.77
44288.46,83.77
44288.5,83.77
44288.54,83.77
44288.58,83.77
44288.62,83.77
44288.67,83.77
44288.71,83.77
44288.75,83.77
44288.79,83.77
44288.83,83.77
44288.88,83.77
44288.92,83.77
44288.96,83.77
44289,83.77
44289.04,83.77
44289.08,83.77
44289.12,83.77
44289.17,83.77
44289.21,83.77
44289.25,83.77
44289.29,83.77
44289.33,83.77
44289.38,83.77
44289.42,83.77
44289.46,83.77
44289.5,83.77
44289.54,83.77
44289.58,83.77
44289.62,83.77
44289.67,83.77
44289.71,83.77
44289.75,83.77
44289.79,83.77
44289.83,83.77
44289.88,83.77
44289.92,83.77
44289.96,83.77
44290,83.77
44290.04,83.77
44290.08,83.77
44290.12,83.77
44290.17,83.77
44290.21,83.77
44290.25,83.77
44290.29,83.77
44290.33,83.77
44290.38,83.77
44290.42,83.77
44290.46,83.77
44290.5,83.77
44290.54,83.77
44290.58,83.77
44290.62,83.77
44290.67,83.77
44290.71,83.77
44290.75,83.77
44290.79,83.77
44290.83,83.77
44290.88,83.77
44290.92,83.77
44290.96,83.77
44291,83.77
44291.04,83.77
44291.08,83.77
44291.12,83.77
44291.17,83.77
44291.21,83.77
44291.25,83.77
44291.29,83.77
44291.33,83.77
44291.38,83.77
44291.42,83.77
44291.46,83.77
44291.5,83.77
44291.54,83.77
44291.58,83.77
44291.62,83.77
44291.67,83.77
44291.71,83.77
44291.75,83.77
44291.79,83.77
44291.83,83.77
44291.88,83.77
44291.92,83.77
44291.96,83.77
44292,83.77
44292.04,83.77
44292.08,83.77
44292.12,83.77
44292.17,83.77
44292.21,83.77
44292.25,83.77
44292.29,83.77
44292.33,83.77
44292.38,83.77
44292.42,83.77
44292.46,83.77
44292.5,83.77
44292.54,83.77
44292.58,83.77
44292.62,83.77
44292.67,83.77
44292.71,83.77
44292.75,83.77
44292.79,83.77
44292.83,83.77
44292.88,83.77
44292.92,83.77
44292.96,83.77
44293,83.77
44293.04,83.77
44293.08,83.77
44293.12,83.77
44293.17,83.77
44293.21,83.77
44293.25,83.77
44293.29,83.77
44293.33,83.77
44293.38,83.77
44293.42,83.77
44293.46,83.77
44293.5,83.77
44293.54,83.77
44293.58,83.77
44293.62,83.77
44293.67,83.77
44293.71,83.77
44293.75,83.77
44293.79,83.77
44293.83,83.77
44293.88,83.77
44293.92,83.77
44293.96,83.77
44294,83.77
44294.04,83.77
44294.08,83.77
44294.12,83.77
44294.17,83.77
44294.21,83.77
44294.25,83.77
44294.29,83.77
44294.33,83.77
44294.38,83.77
44294.42,83.77
44294.46,83.77
44294.5,83.77
44294.54,83.77
44294.58,83.77
44294.62,83.77
44294.67,83.77
44294.71,83.77
44294.75,83.77
44294.79,83.77
44294.83,83.77
44294.88,83.77
44294.92,83.77
44294.96,83.77
44295,83.77
44295.04,83.77
44295.08,83.77
44295.12,83.77
44295.17,83.77
44295.21,83.77
44295.25,83.77
44295.29,83.77
44295.33,83.77
44295.38,83.77
44295.42,83.77
44295.46,83.77
44295.5,83.77
44295.54,83.77
44295.58,83.77
44295.62,83.77
44295.67,83.77
44295.71,83.77
44295.75,83.77
44295.79,83.77
44295.83,83.77
44295.88,83.77
44295.92,83.77
44295.96,83.77
44296,83.77
44296.04,83.77
44296.08,83.77
44296.12,83.77
44296.17,83.77
44296.21,83.77
44296.25,83.77
44296.29,83.77
44296.33,83.77
44296.38,83.77
44296.42,83.77
44296.46,83.77
44296.5,83.77
44296.54,83.77
44296.58,83.77
44296.62,83.77
44296.67,83.77
44296.71,83.77
44296.75,83.77
44296.79,83.77
44296.83,83.77
44296.88,83.77
44296.92,83.77
44296.96,83.77
44297,83.77
44297.04,83.77
44297.08,83.77
44297.12,83.77
44297.17,83.77
44297.21,83.77
44297.25,83.77
44297.29,83.77
44297.33,83.77
44297.38,83.77
44297.42,83.77
44297.46,83.77
44297.5,83.77
44297.54,83.77
44297.58,83.77
44297.62,83.77
44297.67,83.77
44297.71,83.77
44297.75,83.77
44297.79,83.77
44297.83,83.77
44297.88,83.77
44297.92,83.77
44297.96,83.77
44298,83.77
44298.04,83.77
44298.08,83.77
44298.12,83.77
44298.17,83.77
44298.21,83.77
44298.25,83.77
44298.29,83.77
44298.33,83.77
44298.38,83.77
44298.42,83.77
44298.46,83.77
44298.5,83.77
44298.54,83.77
44298.58,83.77
44298.62,83.77
44298.67,83.77
44298.71,83.77
44298.75,83.77
44298.79,83.77
44298.83,83.77
44298.88,83.77
44298.92,83.77
44298.96,83.77
44299,83.77
44299.04,83.77
44299.08,83.77
44299.12,83.77
44299.17,83.77
44299.21,83.77
44299.25,83.77
44299.29,83.77
44299.33,83.77
44299.38,83.77
44299.42,83.77
44299.46,83.77
44299.5,83.77
44299.54,83.77
44299.58,83.77
44299.62,83.77
44299.67,83.77
44299.71,83.77
44299.75,83.77
44299.79,83.77
44299.83,83.77
44299.88,83.77
44299.92,83.77
44299.96,83.77
44300,83.77
44300.04,83.77
44300.08,83.77
44300.12,83.77
44300.17,83.77
44300.21,83.77
44300.25,83.77
44300.29,83.77
44300.33,83.77
44300.38,83.77
44300.42,83.77
44300.46,83.77
44300.5,83.77
44300.54,83.77
44300.58,83.77
44300.62,83.77
44300.67,83.77
44300.71,83.77
44300.75,83.77
44300.79,83.77
44300.83,83.77
44300.88,83.77
44300.92,83.77
44300.96,83.77
44301,83.77
44301.04,83.77
44301.08,83.77
44301.12,83.77
44301.17,83.77
44301.21,83.77
44301.25,83.77
44301.29,83.77
44301.33,83.77
44301.38,83.77
44301.42,83.77
44301.46,83.77
44301.5,83.77
44301.54,83.77
44301.58,83.77
44301.62,83.77
44301.67,83.77
44301.71,83.77
44301.75,83.77
44301.79,83.77
44301.83,83.77
44301.88,83.77
44301.92,83.77
44301.96,83.77
44302,83.77
44302.04,83.77
44302.08,83.77
44302.12,83.77
44302.17,83.77
44302.21,83.77
44302.25,83.77
44302.29,83.77
44302.33,83.77
44302.38,83.77
44302.42,83.77
44302.46,83.77
44302.5,83.77
44302.54,83.77
44302.58,83.77
44302.62,83.77
44302.67,83.77
44302.71,83.77
44302.75,83.77
44302.79,83.77
44302.83,83.77
44302.88,83.77
44302.92,83.77
44302.96,83.77
44303,83.77
44303.04,83.77
44303.08,83.77
44303.12,83.77
44303.17,83.77
44303.21,83.77
44303.25,83.77
44303.29,83.77
44303.33,83.77
44303.38,83.77
44303.42,83.77
44303.46,83.77
44303.5,83.77
44303.54,83.77
44303.58,83.77
44303.62,83.77
44303.67,83.77
44303.71,83.77
44303.75,83.77
44303.79,83.77
44303.83,83.77
44303.88,83.77
44303.92,83.77
44303.96,83.77
44304,83.77
44304.04,83.77
44304.08,83.77
44304.12,83.77
44304.17,83.77
44304.21,83.77
44304.25,83.77
44304.29,83.77
44304.33,83.77
44304.38,83.77
44304.42,83.77
44304.46,83.77
44304.5,83.77
44304.54,83.77
44304.58,83.77
44304.62,83.77
44304.67,83.77
44304.71,83.77
44304.75,83.77
44304.79,83.77
44304.83,83.77
44304.88,83.77
44304.92,83.77
44304.96,83.77
44305,83.77
44305.04,83.77
44305.08,83.77
44305.12,83.77
44305.17,83.77
44305.21,83.77
44305.25,83.77
44305.29,83.77
44305.33,83.77
44305.38,83.77
44305.42,83.77
44305.46,83.77
44305.5,83.77
44305.54,83.77
44305.58,83.77
44305.62,83.77
44305.67,83.77
44305.71,83.77
44305.75,83.77
44305.79,83.77
44305.83,83.77
44305.88,83.77
44305.92,83.77
44305.96,83.77
44306,83.77
44306.04,83.77
44306.08,83.77
44306.12,83.77
44306.17,83.77
44306.21,83.77
44306.25,83.77
44306.29,83.77
44306.33,83.77
44306.38,83.77
44306.42,83.77
44306.46,83.77
44306.5,83.77
44306.54,83.77
44306.58,83.77
44306.62,83.77
44306.67,83.77
44306.71,83.77
44306.75,83.77
44306.79,83.77
44306.83,83.77
44306.88,83.77
44306.92,83.77
44306.96,83.77
44307,83.77
44307.04,83.77
44307.08,83.77
44307.12,83.77
44307.17,83.77
44307.21,83.77
44307.25,83.77
44307.29,83.77
44307.33,83.77
44307.38,83.77
44307.42,83.77
44307.46,83.77
44307.5,83.77
44307.54,83.77
44307.58,83.77
44307.62,83.77
44307.67,83.77
44307.71,83.77
44307.75,83.77
44307.79,83.77
44307.83,83.77
44307.88,83.77
44307.92,83.77
44307.96,83.77
44308,83.77
44308.04,83.77
44308.08,83.77
44308.12,83.77
44308.17,83.77
44308.21,83.77
44308.25,83.77
44308.29,83.77
44308.33,83.77
44308.38,83.77
44308.42,83.77
44308.46,83.77
44308.5,83.77
44308.54,83.77
44308.58,83.77
44308.62,83.77
44308.67,83.77
44308.71,83.77
44308.75,83.77
44308.79,83.77
44308.83,83.77
44308.88,83.77
44308.92,83.77
44308.96,83.77
44309,83.77
44309.04,83.77
44309.08,83.77
44309.12,83.77
44309.17,83.77
44309.21,83.77
44309.25,83.77
44309.29,83.77
44309.33,83.77
44309.38,83.77
44309.42,83.77
44309.46,83.77
44309.5,83.77
44309.54,83.77
44309.58,83.77
44309.62,83.77
44309.67,83.77
44309.71,83.77
44309.75,83.77
44309.79,83.77
44309.83,83.77
44309.88,83.77
44309.92,83.77
44309.96,83.77
44310,83.77
44310.04,83.77
44310.08,83.77
44310.12,83.77
44310.17,83.77
44310.21,83.77
44310.25,83.77
44310.29,83.77
44310.33,83.77
44310.38,83.77
44310.42,83.77
44310.46,83.77
44310.5,83.77
44310.54,83.77
44310.58,83.77
44310.62,83.77
44310.67,83.77
44310.71,83.77
44310.75,83.77
44310.79,83.77
44310.83,83.77
44310.88,83.77
44310.92,83.77
44310.96,83.77
44311,83.77
44311.04,83.77
44311.08,83.77
44311.12,83.77
44311.17,83.77
44311.21,83.77
44311.25,83.77
44311.29,83.77
44311.33,83.77
44311.38,83.77
44311.42,83.77
44311.46,83.77
44311.5,83.77
44311.54,83.77
44311.58,83.77
44311.62,83.77
44311.67,83.77
44311.71,83.77
44311.75,83.77
44311.79,83.77
44311.83,83.77
44311.88,83.77
44311.92,83.77
44311.96,83.77
44312,83.77
44312.04,83.77
44312.08,83.77
44312.12,83.77
44312.17,83.77
44312.21,83.77
44312.25,83.77
44312.29,83.77
44312.33,83.77
44312.38,83.77
44312.42,83.77
44312.46,83.77
44312.5,83.77
44312.54,83.77
44312.58,83.77
44312.62,83.77
44312.67,83.77
44312.71,83.77
44312.75,83.77
44312.79,83.77
44312.83,83.77
44312.88,83.77
44312.92,83.77
44312.96,83.77
44313,83.77
44313.04,83.77
44313.08,83.77
44313.12,83.77
44313.17,83.77
44313.21,83.77
44313.25,83.77
44313.29,83.77
44313.33,83.77
44313.38,83.77
44313.42,83.77
44313.46,83.77
44313.5,83.77
44313.54,83.77
44313.58,83.77
44313.62,83.77
44313.67,83.77
44313.71,83.77
44313.75,83.77
44313.79,83.77
44313.83,83.77
44313.88,83.77
44313.92,83.77
44313.96,83.77
44314,83.77
44314.04,83.77
44314.08,83.77
44314.12,83.77
44314.17,83.77
44314.21,83.77
44314.25,83.77
44314.29,83.77
44314.33,83.77
44314.38,83.77
44314.42,83.77
44314.46,83.77
44314.5,83.77
44314.54,83.77
44314.58,83.77
44314.62,83.77
44314.67,83.77
44314.71,83.77
44314.75,83.77
44314.79,83.77
44314.83,83.77
44314.88,83.77
44314.92,83.77
44314.96,83.77
44315,83.77
44315.04,83.77
44315.08,83.77
44315.12,83.77
44315.17,83.77
44315.21,83.77
44315.25,83.77
44315.29,83.77
44315.33,83.77
44315.38,83.77
44315.42,83.77
44315.46,83.77
44315.5,83.77
44315.54,83.77
44315.58,83.77
44315.62,83.77
44315.67,83.77
44315.71,83.77
44315.75,83.77
44315.79,83.77
44315.83,83.77
44315.88,83.77
44315.92,83.77
44315.96,83.77
44316,83.77
44316.04,83.77
44316.08,83.77
44316.12,83.77
44316.17,83.77
44316.21,83.77
44316.25,83.77
44316.29,83.77
44316.33,83.77
44316.38,83.77
44316.42,83.77
44316.46,83.77
44316.5,83.77
44316.54,83.77
44316.58,83.77
44316.62,83.77
44316.67,83.77
44316.71,83.77
44316.75,83.77
44316.79,83.77
44316.83,83.77
44316.88,83.77
44316.92,83.77
44316.96,83.77
44317,89
44317.04,89
44317.08,89
44317.12,89
44317.17,89
44317.21,89
44317.25,89
44317.29,89
44317.33,89
44317.38,89
44317.42,89
44317.46,89
44317.5,89
44317.54,89
44317.58,89
44317.62,89
44317.67,89
44317.71,89
44317.75,89
44317.79,89
44317.83,89
44317.88,89
44317.92,89
44317.96,89
44318,89
44318.04,89
44318.08,89
44318.12,89
44318.17,89
44318.21,89
44318.25,89
44318.29,89
44318.33,89
44318.38,89
44318.42,89
44318.46,89
44318.5,89
44318.54,89
44318.58,89
44318.62,89
44318.67,89
44318.71,89
44318.75,89
44318.79,89
44318.83,89
44318.88,89
44318.92,89
44318.96,89
44319,89
44319.04,89
44319.08,89
44319.12,89
44319.17,89
44319.21,89
44319.25,89
44319.29,89
44319.33,89
44319.38,89
44319.42,89
44319.46,89
44319.5,89
44319.54,89
44319.58,89
44319.62,89
44319.67,89
44319.71,89
44319.75,89
44319.79,89
44319.83,89
44319.88,89
44319.92,89
44319.96,89
44320,89
44320.04,89
44320.08,89
44320.12,89
44320.17,89
44320.21,89
44320.25,89
44320.29,89
44320.33,89
44320.38,89
44320.42,89
44320.46,89
44320.5,89
44320.54,89
44320.58,89
44320.62,89
44320.67,89
44320.71,89
44320.75,89
44320.79,89
44320.83,89
44320.88,89
44320.92,89
44320.96,89
44321,89
44321.04,89
44321.08,89
44321.12,89
44321.17,89
44321.21,89
44321.25,89
44321.29,89
44321.33,89
44321.38,89
44321.42,89
44321.46,89
44321.5,89
44321.54,89
44321.58,89
44321.62,89
44321.67,89
44321.71,89
44321.75,89
44321.79,89
44321.83,89
44321.88,89
44321.92,89
44321.96,89
44322,89
44322.04,89
44322.08,89
44322.12,89
44322.17,89
44322.21,89
44322.25,89
44322.29,89
44322.33,89
44322.38,89
44322.42,89
44322.46,89
44322.5,89
44322.54,89
44322.58,89
44322.62,89
44322.67,89
44322.71,89
44322.75,89
44322.79,89
44322.83,89
44322.88,89
44322.92,89
44322.96,89
44323,89
44323.04,89
44323.08,89
44323.12,89
44323.17,89
44323.21,89
44323.25,89
44323.29,89
44323.33,89
44323.38,89
44323.42,89
44323.46,89
44323.5,89
44323.54,89
44323.58,89
44323.62,89
44323.67,89
44323.71,89
44323.75,89
44323.79,89
44323.83,89
44323.88,89
44323.92,89
44323.96,89
44324,89
44324.04,89
44324.08,89
44324.12,89
44324.17,89
44324.21,89
44324.25,89
44324.29,89
44324.33,89
44324.38,89
44324.42,89
44324.46,89
44324.5,89
44324.54,89
44324.58,89
44324.62,89
44324.67,89
44324.71,89
44324.75,89
44324.79,89
44324.83,89
44324.88,89
44324.92,89
44324.96,89
44325,89
44325.04,89
44325.08,89
44325.12,89
44325.17,89
44325.21,89
44325.25,89
44325.29,89
44325.33,89
44325.38,89
44325.42,89
44325.46,89
44325.5,89
44325.54,89
44325.58,89
44325.62,89
44325.67,89
44325.71,89
44325.75,89
44325.79,89
44325.83,89
44325.88,89
44325.92,89
44325.96,89
44326,89
44326.04,89
44326.08,89
44326.12,89
44326.17,89
44326.21,89
44326.25,89
44326.29,89
44326.33,89
44326.38,89
44326.42,89
44326.46,89
44326.5,89
44326.54,89
44326.58,89
44326.62,89
44326.67,89
44326.71,89
44326.75,89
44326.79,89
44326.83,89
44326.88,89
44326.92,89
44326.96,89
44327,89
44327.04,89
44327.08,89
44327.12,89
44327.17,89
44327.21,89
44327.25,89
44327.29,89
44327.33,89
44327.38,89
44327.42,89
44327.46,89
44327.5,89
44327.54,89
44327.58,89
44327.62,89
44327.67,89
44327.71,89
44327.75,89
44327.79,89
44327.83,89
44327.88,89
44327.92,89
44327.96,89
44328,89
44328.04,89
44328.08,89
44328.12,89
44328.17,89
44328.21,89
44328.25,89
44328.29,89
44328.33,89
44328.38,89
44328.42,89
44328.46,89
44328.5,89
44328.54,89
44328.58,89
44328.62,89
44328.67,89
44328.71,89
44328.75,89
44328.79,89
44328.83,89
44328.88,89
44328.92,89
44328.96,89
44329,89
44329.04,89
44329.08,89
44329.12,89
44329.17,89
44329.21,89
44329.25,89
44329.29,89
44329.33,89
44329.38,89
44329.42,89
44329.46,89
44329.5,89
44329.54,89
44329.58,89
44329.62,89
44329.67,89
44329.71,89
44329.75,89
44329.79,89
44329.83,89
44329.88,89
44329.92,89
44329.96,89
44330,89
44330.04,89
44330.08,89
44330.12,89
44330.17,89
44330.21,89
44330.25,89
44330.29,89
44330.33,89
44330.38,89
44330.42,89
44330.46,89
44330.5,89
44330.54,89
44330.58,89
44330.62,89
44330.67,89
44330.71,89
44330.75,89
44330.79,89
44330.83,89
44330.88,89
44330.92,89
44330.96,89
44331,89
44331.04,89
44331.08,89
44331.12,89
44331.17,89
44331.21,89
44331.25,89
44331.29,89
44331.33,89
44331.38,89
44331.42,89
44331.46,89
44331.5,89
44331.54,89
44331.58,89
44331.62,89
44331.67,89
44331.71,89
44331.75,89
44331.79,89
44331.83,89
44331.88,89
44331.92,89
44331.96,89
44332,89
44332.04,89
44332.08,89
44332.12,89
44332.17,89
44332.21,89
44332.25,89
44332.29,89
44332.33,89
44332.38,89
44332.42,89
44332.46,89
44332.5,89
44332.54,89
44332.58,89
44332.62,89
44332.67,89
44332.71,89
44332.75,89
44332.79,89
44332.83,89
44332.88,89
44332.92,89
44332.96,89
44333,89
44333.04,89
44333.08,89
44333.12,89
44333.17,89
44333.21,89
44333.25,89
44333.29,89
44333.33,89
44333.38,89
44333.42,89
44333.46,89
44333.5,89
44333.54,89
44333.58,89
44333.62,89
44333.67,89
44333.71,89
44333.75,89
44333.79,89
44333.83,89
44333.88,89
44333.92,89
44333.96,89
44334,89
44334.04,89
44334.08,89
44334.12,89
44334.17,89
44334.21,89
44334.25,89
44334.29,89
44334.33,89
44334.38,89
44334.42,89
44334.46,89
44334.5,89
44334.54,89
44334.58,89
44334.62,89
44334.67,89
44334.71,89
44334.75,89
44334.79,89
44334.83,89
44334.88,89
44334.92,89
44334.96,89
44335,89
44335.04,89
44335.08,89
44335.12,89
44335.17,89
44335.21,89
44335.25,89
44335.29,89
44335.33,89
44335.38,89
44335.42,89
44335.46,89
44335.5,89
44335.54,89
44335.58,89
44335.62,89
44335.67,89
44335.71,89
44335.75,89
44335.79,89
44335.83,89
44335.88,89
44335.92,89
44335.96,89
44336,89
44336.04,89
44336.08,89
44336.12,89
44336.17,89
44336.21,89
44336.25,89
44336.29,89
44336.33,89
44336.38,89
44336.42,89
44336.46,89
44336.5,89
44336.54,89
44336.58,89
44336.62,89
44336.67,89
44336.71,89
44336.75,89
44336.79,89
44336.83,89
44336.88,89
44336.92,89
44336.96,89
44337,89
44337.04,89
44337.08,89
44337.12,89
44337.17,89
44337.21,89
44337.25,89
44337.29,89
44337.33,89
44337.38,89
44337.42,89
44337.46,89
44337.5,89
44337.54,89
44337.58,89
44337.62,89
44337.67,89
44337.71,89
44337.75,89
44337.79,89
44337.83,89
44337.88,89
44337.92,89
44337.96,89
44338,89
44338.04,89
44338.08,89
44338.12,89
44338.17,89
44338.21,89
44338.25,89
44338.29,89
44338.33,89
44338.38,89
44338.42,89
44338.46,89
44338.5,89
44338.54,89
44338.58,89
44338.62,89
44338.67,89
44338.71,89
44338.75,89
44338.79,89
44338.83,89
44338.88,89
44338.92,89
44338.96,89
44339,89
44339.04,89
44339.08,89
44339.12,89
44339.17,89
44339.21,89
44339.25,89
44339.29,89
44339.33,89
44339.38,89
44339.42,89
44339.46,89
44339.5,89
44339.54,89
44339.58,89
44339.62,89
44339.67,89
44339.71,89
44339.75,89
44339.79,89
44339.83,89
44339.88,89
44339.92,89
44339.96,89
44340,89
44340.04,89
44340.08,89
44340.12,89
44340.17,89
44340.21,89
44340.25,89
44340.29,89
44340.33,89
44340.38,89
44340.42,89
44340.46,89
44340.5,89
44340.54,89
44340.58,89
44340.62,89
44340.67,89
44340.71,89
44340.75,89
44340.79,89
44340.83,89
44340.88,89
44340.92,89
44340.96,89
44341,89
44341.04,89
44341.08,89
44341.12,89
44341.17,89
44341.21,89
44341.25,89
44341.29,89
44341.33,89
44341.38,89
44341.42,89
44341.46,89
44341.5,89
44341.54,89
44341.58,89
44341.62,89
44341.67,89
44341.71,89
44341.75,89
44341.79,89
44341.83,89
44341.88,89
44341.92,89
44341.96,89
44342,89
44342.04,89
44342.08,89
44342.12,89
44342.17,89
44342.21,89
44342.25,89
44342.29,89
44342.33,89
44342.38,89
44342.42,89
44342.46,89
44342.5,89
44342.54,89
44342.58,89
44342.62,89
44342.67,89
44342.71,89
44342.75,89
44342.79,89
44342.83,89
44342.88,89
44342.92,89
44342.96,89
44343,89
44343.04,89
44343.08,89
44343.12,89
44343.17,89
44343.21,89
44343.25,89
44343.29,89
44343.33,89
44343.38,89
44343.42,89
44343.46,89
44343.5,89
44343.54,89
44343.58,89
44343.62,89
44343.67,89
44343.71,89
44343.75,89
44343.79,89
44343.83,89
44343.88,89
44343.92,89
44343.96,89
44344,89
44344.04,89
44344.08,89
44344.12,89
44344.17,89
44344.21,89
44344.25,89
44344.29,89
44344.33,89
44344.38,89
44344.42,89
44344.46,89
44344.5,89
44344.54,89
44344.58,89
44344.62,89
44344.67,89
44344.71,89
44344.75,89
44344.79,89
44344.83,89
44344.88,89
44344.92,89
44344.96,89
44345,89
44345.04,89
44345.08,89
44345.12,89
44345.17,89
44345.21,89
44345.25,89
44345.29,89
44345.33,89
44345.38,89
44345.42,89
44345.46,89
44345.5,89
44345.54,89
44345.58,89
44345.62,89
44345.67,89
44345.71,89
44345.75,89
44345.79,89
44345.83,89
44345.88,89
44345.92,89
44345.96,89
44346,89
44346.04,89
44346.08,89
44346.12,89
44346.17,89
44346.21,89
44346.25,89
44346.29,89
44346.33,89
44346.38,89
44346.42,89
44346.46,89
44346.5,89
44346.54,89
44346.58,89
44346.62,89
44346.67,89
44346.71,89
44346.75,89
44346.79,89
44346.83,89
44346.88,89
44346.92,89
44346.96,89
44347,89
44347.04,89
44347.08,89
44347.12,89
44347.17,89
44347.21,89
44347.25,89
44347.29,89
44347.33,89
44347.38,89
44347.42,89
44347.46,89
44347.5,89
44347.54,89
44347.58,89
44347.62,89
44347.67,89
44347.71,89
44347.75,89
44347.79,89
44347.83,89
44347.88,89
44347.92,89
44347.96,89
44348,104.68
44348.04,104.68
44348.08,104.68
44348.12,104.68
44348.17,104.68
44348.21,104.68
44348.25,104.68
44348.29,104.68
44348.33,104.68
44348.38,104.68
44348.42,104.68
44348.46,104.68
44348.5,104.68
44348.54,104.68
44348.58,104.68
44348.62,104.68
44348.67,104.68
44348.71,104.68
44348.75,104.68
44348.79,104.68
44348.83,104.68
44348.88,104.68
44348.92,104.68
44348.96,104.68
44349,104.68
44349.04,104.68
44349.08,104.68
44349.12,104.68
44349.17,104.68
44349.21,104.68
44349.25,104.68
44349.29,104.68
44349.33,104.68
44349.38,104.68
44349.42,104.68
44349.46,104.68
44349.5,104.68
44349.54,104.68
44349.58,104.68
44349.62,104.68
44349.67,104.68
44349.71,104.68
44349.75,104.68
44349.79,104.68
44349.83,104.68
44349.88,104.68
44349.92,104.68
44349.96,104.68
44350,104.68
44350.04,104.68
44350.08,104.68
44350.12,104.68
44350.17,104.68
44350.21,104.68
44350.25,104.68
44350.29,104.68
44350.33,104.68
44350.38,104.68
44350.42,104.68
44350.46,104.68
44350.5,104.68
44350.54,104.68
44350.58,104.68
44350.62,104.68
44350.67,104.68
44350.71,104.68
44350.75,104.68
44350.79,104.68
44350.83,104.68
44350.88,104.68
44350.92,104.68
44350.96,104.68
44351,104.68
44351.04,104.68
44351.08,104.68
44351.12,104.68
44351.17,104.68
44351.21,104.68
44351.25,104.68
44351.29,104.68
44351.33,104.68
44351.38,104.68
44351.42,104.68
44351.46,104.68
44351.5,104.68
44351.54,104.68
44351.58,104.68
44351.62,104.68
44351.67,104.68
44351.71,104.68
44351.75,104.68
44351.79,104.68
44351.83,104.68
44351.88,104.68
44351.92,104.68
44351.96,104.68
44352,104.68
44352.04,104.68
44352.08,104.68
44352.12,104.68
44352.17,104.68
44352.21,104.68
44352.25,104.68
44352.29,104.68
44352.33,104.68
44352.38,104.68
44352.42,104.68
44352.46,104.68
44352.5,104.68
44352.54,104.68
44352.58,104.68
44352.62,104.68
44352.67,104.68
44352.71,104.68
44352.75,104.68
44352.79,104.68
44352.83,104.68
44352.88,104.68
44352.92,104.68
44352.96,104.68
44353,104.68
44353.04,104.68
44353.08,104.68
44353.12,104.68
44353.17,104.68
44353.21,104.68
44353.25,104.68
44353.29,104.68
44353.33,104.68
44353.38,104.68
44353.42,104.68
44353.46,104.68
44353.5,104.68
44353.54,104.68
44353.58,104.68
44353.62,104.68
44353.67,104.68
44353.71,104.68
44353.75,104.68
44353.79,104.68
44353.83,104.68
44353.88,104.68
44353.92,104.68
44353.96,104.68
44354,104.68
44354.04,104.68
44354.08,104.68
44354.12,104.68
44354.17,104.68
44354.21,104.68
44354.25,104.68
44354.29,104.68
44354.33,104.68
44354.38,104.68
44354.42,104.68
44354.46,104.68
44354.5,104.68
44354.54,104.68
44354.58,104.68
44354.62,104.68
44354.67,104.68
44354.71,104.68
44354.75,104.68
44354.79,104.68
44354.83,104.68
44354.88,104.68
44354.92,104.68
44354.96,104.68
44355,104.68
44355.04,104.68
44355.08,104.68
44355.12,104.68
44355.17,104.68
44355.21,104.68
44355.25,104.68
44355.29,104.68
44355.33,104.68
44355.38,104.68
44355.42,104.68
44355.46,104.68
44355.5,104.68
44355.54,104.68
44355.58,104.68
44355.62,104.68
44355.67,104.68
44355.71,104.68
44355.75,104.68
44355.79,104.68
44355.83,104.68
44355.88,104.68
44355.92,104.68
44355.96,104.68
44356,104.68
44356.04,104.68
44356.08,104.68
44356.12,104.68
44356.17,104.68
44356.21,104.68
44356.25,104.68
44356.29,104.68
44356.33,104.68
44356.38,104.68
44356.42,104.68
44356.46,104.68
44356.5,104.68
44356.54,104.68
44356.58,104.68
44356.62,104.68
44356.67,104.68
44356.71,104.68
44356.75,104.68
44356.79,104.68
44356.83,104.68
44356.88,104.68
44356.92,104.68
44356.96,104.68
44357,104.68
44357.04,104.68
44357.08,104.68
44357.12,104.68
44357.17,104.68
44357.21,104.68
44357.25,104.68
44357.29,104.68
44357.33,104.68
44357.38,104.68
44357.42,104.68
44357.46,104.68
44357.5,104.68
44357.54,104.68
44357.58,104.68
44357.62,104.68
44357.67,104.68
44357.71,104.68
44357.75,104.68
44357.79,104.68
44357.83,104.68
44357.88,104.68
44357.92,104.68
44357.96,104.68
44358,104.68
44358.04,104.68
44358.08,104.68
44358.12,104.68
44358.17,104.68
44358.21,104.68
44358.25,104.68
44358.29,104.68
44358.33,104.68
44358.38,104.68
44358.42,104.68
44358.46,104.68
44358.5,104.68
44358.54,104.68
44358.58,104.68
44358.62,104.68
44358.67,104.68
44358.71,104.68
44358.75,104.68
44358.79,104.68
44358.83,104.68
44358.88,104.68
44358.92,104.68
44358.96,104.68
44359,104.68
44359.04,104.68
44359.08,104.68
44359.12,104.68
44359.17,104.68
44359.21,104.68
44359.25,104.68
44359.29,104.68
44359.33,104.68
44359.38,104.68
44359.42,104.68
44359.46,104.68
44359.5,104.68
44359.54,104.68
44359.58,104.68
44359.62,104.68
44359.67,104.68
44359.71,104.68
44359.75,104.68
44359.79,104.68
44359.83,104.68
44359.88,104.68
44359.92,104.68
44359.96,104.68
44360,104.68
44360.04,104.68
44360.08,104.68
44360.12,104.68
44360.17,104.68
44360.21,104.68
44360.25,104.68
44360.29,104.68
44360.33,104.68
44360.38,104.68
44360.42,104.68
44360.46,104.68
44360.5,104.68
44360.54,104.68
44360.58,104.68
44360.62,104.68
44360.67,104.68
44360.71,104.68
44360.75,104.68
44360.79,104.68
44360.83,104.68
44360.88,104.68
44360.92,104.68
44360.96,104.68
44361,104.68
44361.04,104.68
44361.08,104.68
44361.12,104.68
44361.17,104.68
44361.21,104.68
44361.25,104.68
44361.29,104.68
44361.33,104.68
44361.38,104.68
44361.42,104.68
44361.46,104.68
44361.5,104.68
44361.54,104.68
44361.58,104.68
44361.62,104.68
44361.67,104.68
44361.71,104.68
44361.75,104.68
44361.79,104.68
44361.83,104.68
44361.88,104.68
44361.92,104.68
44361.96,104.68
44362,104.68
44362.04,104.68
44362.08,104.68
44362.12,104.68
44362.17,104.68
44362.21,104.68
44362.25,104.68
44362.29,104.68
44362.33,104.68
44362.38,104.68
44362.42,104.68
44362.46,104.68
44362.5,104.68
44362.54,104.68
44362.58,104.68
44362.62,104.68
44362.67,104.68
44362.71,104.68
44362.75,104.68
44362.79,104.68
44362.83,104.68
44362.88,104.68
44362.92,104.68
44362.96,104.68
44363,104.68
44363.04,104.68
44363.08,104.68
44363.12,104.68
44363.17,104.68
44363.21,104.68
44363.25,104.68
44363.29,104.68
44363.33,104.68
44363.38,104.68
44363.42,104.68
44363.46,104.68
44363.5,104.68
44363.54,104.68
44363.58,104.68
44363.62,104.68
44363.67,104.68
44363.71,104.68
44363.75,104.68
44363.79,104.68
44363.83,104.68
44363.88,104.68
44363.92,104.68
44363.96,104.68
44364,104.68
44364.04,104.68
44364.08,104.68
44364.12,104.68
44364.17,104.68
44364.21,104.68
44364.25,104.68
44364.29,104.68
44364.33,104.68
44364.38,104.68
44364.42,104.68
44364.46,104.68
44364.5,104.68
44364.54,104.68
44364.58,104.68
44364.62,104.68
44364.67,104.68
44364.71,104.68
44364.75,104.68
44364.79,104.68
44364.83,104.68
44364.88,104.68
44364.92,104.68
44364.96,104.68
44365,104.68
44365.04,104.68
44365.08,104.68
44365.12,104.68
44365.17,104.68
44365.21,104.68
44365.25,104.68
44365.29,104.68
44365.33,104.68
44365.38,104.68
44365.42,104.68
44365.46,104.68
44365.5,104.68
44365.54,104.68
44365.58,104.68
44365.62,104.68
44365.67,104.68
44365.71,104.68
44365.75,104.68
44365.79,104.68
44365.83,104.68
44365.88,104.68
44365.92,104.68
44365.96,104.68
44366,104.68
44366.04,104.68
44366.08,104.68
44366.12,104.68
44366.17,104.68
44366.21,104.68
44366.25,104.68
44366.29,104.68
44366.33,104.68
44366.38,104.68
44366.42,104.68
44366.46,104.68
44366.5,104.68
44366.54,104.68
44366.58,104.68
44366.62,104.68
44366.67,104.68
44366.71,104.68
44366.75,104.68
44366.79,104.68
44366.83,104.68
44366.88,104.68
44366.92,104.68
44366.96,104.68
44367,104.68
44367.04,104.68
44367.08,104.68
44367.12,104.68
44367.17,104.68
44367.21,104.68
44367.25,104.68
44367.29,104.68
44367.33,104.68
44367.38,104.68
44367.42,104.68
44367.46,104.68
44367.5,104.68
44367.54,104.68
44367.58,104.68
44367.62,104.68
44367.67,104.68
44367.71,104.68
44367.75,104.68
44367.79,104.68
44367.83,104.68
44367.88,104.68
44367.92,104.68
44367.96,104.68
44368,104.68
44368.04,104.68
44368.08,104.68
44368.12,104.68
44368.17,104.68
44368.21,104.68
44368.25,104.68
44368.29,104.68
44368.33,104.68
44368.38,104.68
44368.42,104.68
44368.46,104.68
44368.5,104.68
44368.54,104.68
44368.58,104.68
44368.62,104.68
44368.67,104.68
44368.71,104.68
44368.75,104.68
44368.79,104.68
44368.83,104.68
44368.88,104.68
44368.92,104.68
44368.96,104.68
44369,104.68
44369.04,104.68
44369.08,104.68
44369.12,104.68
44369.17,104.68
44369.21,104.68
44369.25,104.68
44369.29,104.68
44369.33,104.68
44369.38,104.68
44369.42,104.68
44369.46,104.68
44369.5,104.68
44369.54,104.68
44369.58,104.68
44369.62,104.68
44369.67,104.68
44369.71,104.68
44369.75,104.68
44369.79,104.68
44369.83,104.68
44369.88,104.68
44369.92,104.68
44369.96,104.68
44370,104.68
44370.04,104.68
44370.08,104.68
44370.12,104.68
44370.17,104.68
44370.21,104.68
44370.25,104.68
44370.29,104.68
44370.33,104.68
44370.38,104.68
44370.42,104.68
44370.46,104.68
44370.5,104.68
44370.54,104.68
44370.58,104.68
44370.62,104.68
44370.67,104.68
44370.71,104.68
44370.75,104.68
44370.79,104.68
44370.83,104.68
44370.88,104.68
44370.92,104.68
44370.96,104.68
44371,104.68
44371.04,104.68
44371.08,104.68
44371.12,104.68
44371.17,104.68
44371.21,104.68
44371.25,104.68
44371.29,104.68
44371.33,104.68
44371.38,104.68
44371.42,104.68
44371.46,104.68
44371.5,104.68
44371.54,104.68
44371.58,104.68
44371.62,104.68
44371.67,104.68
44371.71,104.68
44371.75,104.68
44371.79,104.68
44371.83,104.68
44371.88,104.68
44371.92,104.68
44371.96,104.68
44372,104.68
44372.04,104.68
44372.08,104.68
44372.12,104.68
44372.17,104.68
44372.21,104.68
44372.25,104.68
44372.29,104.68
44372.33,104.68
44372.38,104.68
44372.42,104.68
44372.46,104.68
44372.5,104.68
44372.54,104.68
44372.58,104.68
44372.62,104.68
44372.67,104.68
44372.71,104.68
44372.75,104.68
44372.79,104.68
44372.83,104.68
44372.88,104.68
44372.92,104.68
44372.96,104.68
44373,104.68
44373.04,104.68
44373.08,104.68
44373.12,104.68
44373.17,104.68
44373.21,104.68
44373.25,104.68
44373.29,104.68
44373.33,104.68
44373.38,104.68
44373.42,104.68
44373.46,104.68
44373.5,104.68
44373.54,104.68
44373.58,104.68
44373.62,104.68
44373.67,104.68
44373.71,104.68
44373.75,104.68
44373.79,104.68
44373.83,104.68
44373.88,104.68
44373.92,104.68
44373.96,104.68
44374,104.68
44374.04,104.68
44374.08,104.68
44374.12,104.68
44374.17,104.68
44374.21,104.68
44374.25,104.68
44374.29,104.68
44374.33,104.68
44374.38,104.68
44374.42,104.68
44374.46,104.68
44374.5,104.68
44374.54,104.68
44374.58,104.68
44374.62,104.68
44374.67,104.68
44374.71,104.68
44374.75,104.68
44374.79,104.68
44374.83,104.68
44374.88,104.68
44374.92,104.68
44374.96,104.68
44375,104.68
44375.04,104.68
44375.08,104.68
44375.12,104.68
44375.17,104.68
44375.21,104.68
44375.25,104.68
44375.29,104.68
44375.33,104.68
44375.38,104.68
44375.42,104.68
44375.46,104.68
44375.5,104.68
44375.54,104.68
44375.58,104.68
44375.62,104.68
44375.67,104.68
44375.71,104.68
44375.75,104.68
44375.79,104.68
44375.83,104.68
44375.88,104.68
44375.92,104.68
44375.96,104.68
44376,104.68
44376.04,104.68
44376.08,104.68
44376.12,104.68
44376.17,104.68
44376.21,104.68
44376.25,104.68
44376.29,104.68
44376.33,104.68
44376.38,104.68
44376.42,104.68
44376.46,104.68
44376.5,104.68
44376.54,104.68
44376.58,104.68
44376.62,104.68
44376.67,104.68
44376.71,104.68
44376.75,104.68
44376.79,104.68
44376.83,104.68
44376.88,104.68
44376.92,104.68
44376.96,104.68
44377,104.68
44377.04,104.68
44377.08,104.68
44377.12,104.68
44377.17,104.68
44377.21,104.68
44377.25,104.68
44377.29,104.68
44377.33,104.68
44377.38,104.68
44377.42,104.68
44377.46,104.68
44377.5,104.68
44377.54,104.68
44377.58,104.68
44377.62,104.68
44377.67,104.68
44377.71,104.68
44377.75,104.68
44377.79,104.68
44377.83,104.68
44377.88,104.68
44377.92,104.68
44377.96,104.68
44378,202.1
44378.04,202.1
44378.08,202.1
44378.12,202.1
44378.17,202.1
44378.21,202.1
44378.25,202.1
44378.29,202.1
44378.33,202.1
44378.38,202.1
44378.42,202.1
44378.46,202.1
44378.5,202.1
44378.54,202.1
44378.58,202.1
44378.62,202.1
44378.67,202.1
44378.71,202.1
44378.75,202.1
44378.79,202.1
44378.83,202.1
44378.88,202.1
44378.92,202.1
44378.96,202.1
44379,202.1
44379.04,202.1
44379.08,202.1
44379.12,202.1
44379.17,202.1
44379.21,202.1
44379.25,202.1
44379.29,202.1
44379.33,202.1
44379.38,202.1
44379.42,202.1
44379.46,202.1
44379.5,202.1
44379.54,202.1
44379.58,202.1
44379.62,202.1
44379.67,202.1
44379.71,202.1
44379.75,202.1
44379.79,202.1
44379.83,202.1
44379.88,202.1
44379.92,202.1
44379.96,202.1
44380,202.1
44380.04,202.1
44380.08,202.1
44380.12,202.1
44380.17,202.1
44380.21,202.1
44380.25,202.1
44380.29,202.1
44380.33,202.1
44380.38,202.1
44380.42,202.1
44380.46,202.1
44380.5,202.1
44380.54,202.1
44380.58,202.1
44380.62,202.1
44380.67,202.1
44380.71,202.1
44380.75,202.1
44380.79,202.1
44380.83,202.1
44380.88,202.1
44380.92,202.1
44380.96,202.1
44381,202.1
44381.04,202.1
44381.08,202.1
44381.12,202.1
44381.17,202.1
44381.21,202.1
44381.25,202.1
44381.29,202.1
44381.33,202.1
44381.38,202.1
44381.42,202.1
44381.46,202.1
44381.5,202.1
44381.54,202.1
44381.58,202.1
44381.62,202.1
44381.67,202.1
44381.71,202.1
44381.75,202.1
44381.79,202.1
44381.83,202.1
44381.88,202.1
44381.92,202.1
44381.96,202.1
44382,202.1
44382.04,202.1
44382.08,202.1
44382.12,202.1
44382.17,202.1
44382.21,202.1
44382.25,202.1
44382.29,202.1
44382.33,202.1
44382.38,202.1
44382.42,202.1
44382.46,202.1
44382.5,202.1
44382.54,202.1
44382.58,202.1
44382.62,202.1
44382.67,202.1
44382.71,202.1
44382.75,202.1
44382.79,202.1
44382.83,202.1
44382.88,202.1
44382.92,202.1
44382.96,202.1
44383,202.1
44383.04,202.1
44383.08,202.1
44383.12,202.1
44383.17,202.1
44383.21,202.1
44383.25,202.1
44383.29,202.1
44383.33,202.1
44383.38,202.1
44383.42,202.1
44383.46,202.1
44383.5,202.1
44383.54,202.1
44383.58,202.1
44383.62,202.1
44383.67,202.1
44383.71,202.1
44383.75,202.1
44383.79,202.1
44383.83,202.1
44383.88,202.1
44383.92,202.1
44383.96,202.1
44384,202.1
44384.04,202.1
44384.08,202.1
44384.12,202.1
44384.17,202.1
44384.21,202.1
44384.25,202.1
44384.29,202.1
44384.33,202.1
44384.38,202.1
44384.42,202.1
44384.46,202.1
44384.5,202.1
44384.54,202.1
44384.58,202.1
44384.62,202.1
44384.67,202.1
44384.71,202.1
44384.75,202.1
44384.79,202.1
44384.83,202.1
44384.88,202.1
44384.92,202.1
44384.96,202.1
44385,202.1
44385.04,202.1
44385.08,202.1
44385.12,202.1
44385.17,202.1
44385.21,202.1
44385.25,202.1
44385.29,202.1
44385.33,202.1
44385.38,202.1
44385.42,202.1
44385.46,202.1
44385.5,202.1
44385.54,202.1
44385.58,202.1
44385.62,202.1
44385.67,202.1
44385.71,202.1
44385.75,202.1
44385.79,202.1
44385.83,202.1
44385.88,202.1
44385.92,202.1
44385.96,202.1
44386,202.1
44386.04,202.1
44386.08,202.1
44386.12,202.1
44386.17,202.1
44386.21,202.1
44386.25,202.1
44386.29,202.1
44386.33,202.1
44386.38,202.1
44386.42,202.1
44386.46,202.1
44386.5,202.1
44386.54,202.1
44386.58,202.1
44386.62,202.1
44386.67,202.1
44386.71,202.1
44386.75,202.1
44386.79,202.1
44386.83,202.1
44386.88,202.1
44386.92,202.1
44386.96,202.1
44387,202.1
44387.04,202.1
44387.08,202.1
44387.12,202.1
44387.17,202.1
44387.21,202.1
44387.25,202.1
44387.29,202.1
44387.33,202.1
44387.38,202.1
44387.42,202.1
44387.46,202.1
44387.5,202.1
44387.54,202.1
44387.58,202.1
44387.62,202.1
44387.67,202.1
44387.71,202.1
44387.75,202.1
44387.79,202.1
44387.83,202.1
44387.88,202.1
44387.92,202.1
44387.96,202.1
44388,202.1
44388.04,202.1
44388.08,202.1
44388.12,202.1
44388.17,202.1
44388.21,202.1
44388.25,202.1
44388.29,202.1
44388.33,202.1
44388.38,202.1
44388.42,202.1
44388.46,202.1
44388.5,202.1
44388.54,202.1
44388.58,202.1
44388.62,202.1
44388.67,202.1
44388.71,202.1
44388.75,202.1
44388.79,202.1
44388.83,202.1
44388.88,202.1
44388.92,202.1
44388.96,202.1
44389,202.1
44389.04,202.1
44389.08,202.1
44389.12,202.1
44389.17,202.1
44389.21,202.1
44389.25,202.1
44389.29,202.1
44389.33,202.1
44389.38,202.1
44389.42,202.1
44389.46,202.1
44389.5,202.1
44389.54,202.1
44389.58,202.1
44389.62,202.1
44389.67,202.1
44389.71,202.1
44389.75,202.1
44389.79,202.1
44389.83,202.1
44389.88,202.1
44389.92,202.1
44389.96,202.1
44390,202.1
44390.04,202.1
44390.08,202.1
44390.12,202.1
44390.17,202.1
44390.21,202.1
44390.25,202.1
44390.29,202.1
44390.33,202.1
44390.38,202.1
44390.42,202.1
44390.46,202.1
44390.5,202.1
44390.54,202.1
44390.58,202.1
44390.62,202.1
44390.67,202.1
44390.71,202.1
44390.75,202.1
44390.79,202.1
44390.83,202.1
44390.88,202.1
44390.92,202.1
44390.96,202.1
44391,202.1
44391.04,202.1
44391.08,202.1
44391.12,202.1
44391.17,202.1
44391.21,202.1
44391.25,202.1
44391.29,202.1
44391.33,202.1
44391.38,202.1
44391.42,202.1
44391.46,202.1
44391.5,202.1
44391.54,202.1
44391.58,202.1
44391.62,202.1
44391.67,202.1
44391.71,202.1
44391.75,202.1
44391.79,202.1
44391.83,202.1
44391.88,202.1
44391.92,202.1
44391.96,202.1
44392,202.1
44392.04,202.1
44392.08,202.1
44392.12,202.1
44392.17,202.1
44392.21,202.1
44392.25,202.1
44392.29,202.1
44392.33,202.1
44392.38,202.1
44392.42,202.1
44392.46,202.1
44392.5,202.1
44392.54,202.1
44392.58,202.1
44392.62,202.1
44392.67,202.1
44392.71,202.1
44392.75,202.1
44392.79,202.1
44392.83,202.1
44392.88,202.1
44392.92,202.1
44392.96,202.1
44393,202.1
44393.04,202.1
44393.08,202.1
44393.12,202.1
44393.17,202.1
44393.21,202.1
44393.25,202.1
44393.29,202.1
44393.33,202.1
44393.38,202.1
44393.42,202.1
44393.46,202.1
44393.5,202.1
44393.54,202.1
44393.58,202.1
44393.62,202.1
44393.67,202.1
44393.71,202.1
44393.75,202.1
44393.79,202.1
44393.83,202.1
44393.88,202.1
44393.92,202.1
44393.96,202.1
44394,202.1
44394.04,202.1
44394.08,202.1
44394.12,202.1
44394.17,202.1
44394.21,202.1
44394.25,202.1
44394.29,202.1
44394.33,202.1
44394.38,202.1
44394.42,202.1
44394.46,202.1
44394.5,202.1
44394.54,202.1
44394.58,202.1
44394.62,202.1
44394.67,202.1
44394.71,202.1
44394.75,202.1
44394.79,202.1
44394.83,202.1
44394.88,202.1
44394.92,202.1
44394.96,202.1
44395,202.1
44395.04,202.1
44395.08,202.1
44395.12,202.1
44395.17,202.1
44395.21,202.1
44395.25,202.1
44395.29,202.1
44395.33,202.1
44395.38,202.1
44395.42,202.1
44395.46,202.1
44395.5,202.1
44395.54,202.1
44395.58,202.1
44395.62,202.1
44395.67,202.1
44395.71,202.1
44395.75,202.1
44395.79,202.1
44395.83,202.1
44395.88,202.1
44395.92,202.1
44395.96,202.1
44396,202.1
44396.04,202.1
44396.08,202.1
44396.12,202.1
44396.17,202.1
44396.21,202.1
44396.25,202.1
44396.29,202.1
44396.33,202.1
44396.38,202.1
44396.42,202.1
44396.46,202.1
44396.5,202.1
44396.54,202.1
44396.58,202.1
44396.62,202.1
44396.67,202.1
44396.71,202.1
44396.75,202.1
44396.79,202.1
44396.83,202.1
44396.88,202.1
44396.92,202.1
44396.96,202.1
44397,202.1
44397.04,202.1
44397.08,202.1
44397.12,202.1
44397.17,202.1
44397.21,202.1
44397.25,202.1
44397.29,202.1
44397.33,202.1
44397.38,202.1
44397.42,202.1
44397.46,202.1
44397.5,202.1
44397.54,202.1
44397.58,202.1
44397.62,202.1
44397.67,202.1
44397.71,202.1
44397.75,202.1
44397.79,202.1
44397.83,202.1
44397.88,202.1
44397.92,202.1
44397.96,202.1
44398,202.1
44398.04,202.1
44398.08,202.1
44398.12,202.1
44398.17,202.1
44398.21,202.1
44398.25,202.1
44398.29,202.1
44398.33,202.1
44398.38,202.1
44398.42,202.1
44398.46,202.1
44398.5,202.1
44398.54,202.1
44398.58,202.1
44398.62,202.1
44398.67,202.1
44398.71,202.1
44398.75,202.1
44398.79,202.1
44398.83,202.1
44398.88,202.1
44398.92,202.1
44398.96,202.1
44399,202.1
44399.04,202.1
44399.08,202.1
44399.12,202.1
44399.17,202.1
44399.21,202.1
44399.25,202.1
44399.29,202.1
44399.33,202.1
44399.38,202.1
44399.42,202.1
44399.46,202.1
44399.5,202.1
44399.54,202.1
44399.58,202.1
44399.62,202.1
44399.67,202.1
44399.71,202.1
44399.75,202.1
44399.79,202.1
44399.83,202.1
44399.88,202.1
44399.92,202.1
44399.96,202.1
44400,202.1
44400.04,202.1
44400.08,202.1
44400.12,202.1
44400.17,202.1
44400.21,202.1
44400.25,202.1
44400.29,202.1
44400.33,202.1
44400.38,202.1
44400.42,202.1
44400.46,202.1
44400.5,202.1
44400.54,202.1
44400.58,202.1
44400.62,202.1
44400.67,202.1
44400.71,202.1
44400.75,202.1
44400.79,202.1
44400.83,202.1
44400.88,202.1
44400.92,202.1
44400.96,202.1
44401,202.1
44401.04,202.1
44401.08,202.1
44401.12,202.1
44401.17,202.1
44401.21,202.1
44401.25,202.1
44401.29,202.1
44401.33,202.1
44401.38,202.1
44401.42,202.1
44401.46,202.1
44401.5,202.1
44401.54,202.1
44401.58,202.1
44401.62,202.1
44401.67,202.1
44401.71,202.1
44401.75,202.1
44401.79,202.1
44401.83,202.1
44401.88,202.1
44401.92,202.1
44401.96,202.1
44402,202.1
44402.04,202.1
44402.08,202.1
44402.12,202.1
44402.17,202.1
44402.21,202.1
44402.25,202.1
44402.29,202.1
44402.33,202.1
44402.38,202.1
44402.42,202.1
44402.46,202.1
44402.5,202.1
44402.54,202.1
44402.58,202.1
44402.62,202.1
44402.67,202.1
44402.71,202.1
44402.75,202.1
44402.79,202.1
44402.83,202.1
44402.88,202.1
44402.92,202.1
44402.96,202.1
44403,202.1
44403.04,202.1
44403.08,202.1
44403.12,202.1
44403.17,202.1
44403.21,202.1
44403.25,202.1
44403.29,202.1
44403.33,202.1
44403.38,202.1
44403.42,202.1
44403.46,202.1
44403.5,202.1
44403.54,202.1
44403.58,202.1
44403.62,202.1
44403.67,202.1
44403.71,202.1
44403.75,202.1
44403.79,202.1
44403.83,202.1
44403.88,202.1
44403.92,202.1
44403.96,202.1
44404,202.1
44404.04,202.1
44404.08,202.1
44404.12,202.1
44404.17,202.1
44404.21,202.1
44404.25,202.1
44404.29,202.1
44404.33,202.1
44404.38,202.1
44404.42,202.1
44404.46,202.1
44404.5,202.1
44404.54,202.1
44404.58,202.1
44404.62,202.1
44404.67,202.1
44404.71,202.1
44404.75,202.1
44404.79,202.1
44404.83,202.1
44404.88,202.1
44404.92,202.1
44404.96,202.1
44405,202.1
44405.04,202.1
44405.08,202.1
44405.12,202.1
44405.17,202.1
44405.21,202.1
44405.25,202.1
44405.29,202.1
44405.33,202.1
44405.38,202.1
44405.42,202.1
44405.46,202.1
44405.5,202.1
44405.54,202.1
44405.58,202.1
44405.62,202.1
44405.67,202.1
44405.71,202.1
44405.75,202.1
44405.79,202.1
44405.83,202.1
44405.88,202.1
44405.92,202.1
44405.96,202.1
44406,202.1
44406.04,202.1
44406.08,202.1
44406.12,202.1
44406.17,202.1
44406.21,202.1
44406.25,202.1
44406.29,202.1
44406.33,202.1
44406.38,202.1
44406.42,202.1
44406.46,202.1
44406.5,202.1
44406.54,202.1
44406.58,202.1
44406.62,202.1
44406.67,202.1
44406.71,202.1
44406.75,202.1
44406.79,202.1
44406.83,202.1
44406.88,202.1
44406.92,202.1
44406.96,202.1
44407,202.1
44407.04,202.1
44407.08,202.1
44407.12,202.1
44407.17,202.1
44407.21,202.1
44407.25,202.1
44407.29,202.1
44407.33,202.1
44407.38,202.1
44407.42,202.1
44407.46,202.1
44407.5,202.1
44407.54,202.1
44407.58,202.1
44407.62,202.1
44407.67,202.1
44407.71,202.1
44407.75,202.1
44407.79,202.1
44407.83,202.1
44407.88,202.1
44407.92,202.1
44407.96,202.1
44408,202.1
44408.04,202.1
44408.08,202.1
44408.12,202.1
44408.17,202.1
44408.21,202.1
44408.25,202.1
44408.29,202.1
44408.33,202.1
44408.38,202.1
44408.42,202.1
44408.46,202.1
44408.5,202.1
44408.54,202.1
44408.58,202.1
44408.62,202.1
44408.67,202.1
44408.71,202.1
44408.75,202.1
44408.79,202.1
44408.83,202.1
44408.88,202.1
44408.92,202.1
44408.96,202.1
44409,331.02
44409.04,331.02
44409.08,331.02
44409.12,331.02
44409.17,331.02
44409.21,331.02
44409.25,331.02
44409.29,331.02
44409.33,331.02
44409.38,331.02
44409.42,331.02
44409.46,331.02
44409.5,331.02
44409.54,331.02
44409.58,331.02
44409.62,331.02
44409.67,331.02
44409.71,331.02
44409.75,331.02
44409.79,331.02
44409.83,331.02
44409.88,331.02
44409.92,331.02
44409.96,331.02
44410,331.02
44410.04,331.02
44410.08,331.02
44410.12,331.02
44410.17,331.02
44410.21,331.02
44410.25,331.02
44410.29,331.02
44410.33,331.02
44410.38,331.02
44410.42,331.02
44410.46,331.02
44410.5,331.02
44410.54,331.02
44410.58,331.02
44410.62,331.02
44410.67,331.02
44410.71,331.02
44410.75,331.02
44410.79,331.02
44410.83,331.02
44410.88,331.02
44410.92,331.02
44410.96,331.02
44411,331.02
44411.04,331.02
44411.08,331.02
44411.12,331.02
44411.17,331.02
44411.21,331.02
44411.25,331.02
44411.29,331.02
44411.33,331.02
44411.38,331.02
44411.42,331.02
44411.46,331.02
44411.5,331.02
44411.54,331.02
44411.58,331.02
44411.62,331.02
44411.67,331.02
44411.71,331.02
44411.75,331.02
44411.79,331.02
44411.83,331.02
44411.88,331.02
44411.92,331.02
44411.96,331.02
44412,331.02
44412.04,331.02
44412.08,331.02
44412.12,331.02
44412.17,331.02
44412.21,331.02
44412.25,331.02
44412.29,331.02
44412.33,331.02
44412.38,331.02
44412.42,331.02
44412.46,331.02
44412.5,331.02
44412.54,331.02
44412.58,331.02
44412.62,331.02
44412.67,331.02
44412.71,331.02
44412.75,331.02
44412.79,331.02
44412.83,331.02
44412.88,331.02
44412.92,331.02
44412.96,331.02
44413,331.02
44413.04,331.02
44413.08,331.02
44413.12,331.02
44413.17,331.02
44413.21,331.02
44413.25,331.02
44413.29,331.02
44413.33,331.02
44413.38,331.02
44413.42,331.02
44413.46,331.02
44413.5,331.02
44413.54,331.02
44413.58,331.02
44413.62,331.02
44413.67,331.02
44413.71,331.02
44413.75,331.02
44413.79,331.02
44413.83,331.02
44413.88,331.02
44413.92,331.02
44413.96,331.02
44414,331.02
44414.04,331.02
44414.08,331.02
44414.12,331.02
44414.17,331.02
44414.21,331.02
44414.25,331.02
44414.29,331.02
44414.33,331.02
44414.38,331.02
44414.42,331.02
44414.46,331.02
44414.5,331.02
44414.54,331.02
44414.58,331.02
44414.62,331.02
44414.67,331.02
44414.71,331.02
44414.75,331.02
44414.79,331.02
44414.83,331.02
44414.88,331.02
44414.92,331.02
44414.96,331.02
44415,331.02
44415.04,331.02
44415.08,331.02
44415.12,331.02
44415.17,331.02
44415.21,331.02
44415.25,331.02
44415.29,331.02
44415.33,331.02
44415.38,331.02
44415.42,331.02
44415.46,331.02
44415.5,331.02
44415.54,331.02
44415.58,331.02
44415.62,331.02
44415.67,331.02
44415.71,331.02
44415.75,331.02
44415.79,331.02
44415.83,331.02
44415.88,331.02
44415.92,331.02
44415.96,331.02
44416,331.02
44416.04,331.02
44416.08,331.02
44416.12,331.02
44416.17,331.02
44416.21,331.02
44416.25,331.02
44416.29,331.02
44416.33,331.02
44416.38,331.02
44416.42,331.02
44416.46,331.02
44416.5,331.02
44416.54,331.02
44416.58,331.02
44416.62,331.02
44416.67,331.02
44416.71,331.02
44416.75,331.02
44416.79,331.02
44416.83,331.02
44416.88,331.02
44416.92,331.02
44416.96,331.02
44417,331.02
44417.04,331.02
44417.08,331.02
44417.12,331.02
44417.17,331.02
44417.21,331.02
44417.25,331.02
44417.29,331.02
44417.33,331.02
44417.38,331.02
44417.42,331.02
44417.46,331.02
44417.5,331.02
44417.54,331.02
44417.58,331.02
44417.62,331.02
44417.67,331.02
44417.71,331.02
44417.75,331.02
44417.79,331.02
44417.83,331.02
44417.88,331.02
44417.92,331.02
44417.96,331.02
44418,331.02
44418.04,331.02
44418.08,331.02
44418.12,331.02
44418.17,331.02
44418.21,331.02
44418.25,331.02
44418.29,331.02
44418.33,331.02
44418.38,331.02
44418.42,331.02
44418.46,331.02
44418.5,331.02
44418.54,331.02
44418.58,331.02
44418.62,331.02
44418.67,331.02
44418.71,331.02
44418.75,331.02
44418.79,331.02
44418.83,331.02
44418.88,331.02
44418.92,331.02
44418.96,331.02
44419,331.02
44419.04,331.02
44419.08,331.02
44419.12,331.02
44419.17,331.02
44419.21,331.02
44419.25,331.02
44419.29,331.02
44419.33,331.02
44419.38,331.02
44419.42,331.02
44419.46,331.02
44419.5,331.02
44419.54,331.02
44419.58,331.02
44419.62,331.02
44419.67,331.02
44419.71,331.02
44419.75,331.02
44419.79,331.02
44419.83,331.02
44419.88,331.02
44419.92,331.02
44419.96,331.02
44420,331.02
44420.04,331.02
44420.08,331.02
44420.12,331.02
44420.17,331.02
44420.21,331.02
44420.25,331.02
44420.29,331.02
44420.33,331.02
44420.38,331.02
44420.42,331.02
44420.46,331.02
44420.5,331.02
44420.54,331.02
44420.58,331.02
44420.62,331.02
44420.67,331.02
44420.71,331.02
44420.75,331.02
44420.79,331.02
44420.83,331.02
44420.88,331.02
44420.92,331.02
44420.96,331.02
44421,331.02
44421.04,331.02
44421.08,331.02
44421.12,331.02
44421.17,331.02
44421.21,331.02
44421.25,331.02
44421.29,331.02
44421.33,331.02
44421.38,331.02
44421.42,331.02
44421.46,331.02
44421.5,331.02
44421.54,331.02
44421.58,331.02
44421.62,331.02
44421.67,331.02
44421.71,331.02
44421.75,331.02
44421.79,331.02
44421.83,331.02
44421.88,331.02
44421.92,331.02
44421.96,331.02
44422,331.02
44422.04,331.02
44422.08,331.02
44422.12,331.02
44422.17,331.02
44422.21,331.02
44422.25,331.02
44422.29,331.02
44422.33,331.02
44422.38,331.02
44422.42,331.02
44422.46,331.02
44422.5,331.02
44422.54,331.02
44422.58,331.02
44422.62,331.02
44422.67,331.02
44422.71,331.02
44422.75,331.02
44422.79,331.02
44422.83,331.02
44422.88,331.02
44422.92,331.02
44422.96,331.02
44423,331.02
44423.04,331.02
44423.08,331.02
44423.12,331.02
44423.17,331.02
44423.21,331.02
44423.25,331.02
44423.29,331.02
44423.33,331.02
44423.38,331.02
44423.42,331.02
44423.46,331.02
44423.5,331.02
44423.54,331.02
44423.58,331.02
44423.62,331.02
44423.67,331.02
44423.71,331.02
44423.75,331.02
44423.79,331.02
44423.83,331.02
44423.88,331.02
44423.92,331.02
44423.96,331.02
44424,331.02
44424.04,331.02
44424.08,331.02
44424.12,331.02
44424.17,331.02
44424.21,331.02
44424.25,331.02
44424.29,331.02
44424.33,331.02
44424.38,331.02
44424.42,331.02
44424.46,331.02
44424.5,331.02
44424.54,331.02
44424.58,331.02
44424.62,331.02
44424.67,331.02
44424.71,331.02
44424.75,331.02
44424.79,331.02
44424.83,331.02
44424.88,331.02
44424.92,331.02
44424.96,331.02
44425,331.02
44425.04,331.02
44425.08,331.02
44425.12,331.02
44425.17,331.02
44425.21,331.02
44425.25,331.02
44425.29,331.02
44425.33,331.02
44425.38,331.02
44425.42,331.02
44425.46,331.02
44425.5,331.02
44425.54,331.02
44425.58,331.02
44425.62,331.02
44425.67,331.02
44425.71,331.02
44425.75,331.02
44425.79,331.02
44425.83,331.02
44425.88,331.02
44425.92,331.02
44425.96,331.02
44426,331.02
44426.04,331.02
44426.08,331.02
44426.12,331.02
44426.17,331.02
44426.21,331.02
44426.25,331.02
44426.29,331.02
44426.33,331.02
44426.38,331.02
44426.42,331.02
44426.46,331.02
44426.5,331.02
44426.54,331.02
44426.58,331.02
44426.62,331.02
44426.67,331.02
44426.71,331.02
44426.75,331.02
44426.79,331.02
44426.83,331.02
44426.88,331.02
44426.92,331.02
44426.96,331.02
44427,331.02
44427.04,331.02
44427.08,331.02
44427.12,331.02
44427.17,331.02
44427.21,331.02
44427.25,331.02
44427.29,331.02
44427.33,331.02
44427.38,331.02
44427.42,331.02
44427.46,331.02
44427.5,331.02
44427.54,331.02
44427.58,331.02
44427.62,331.02
44427.67,331.02
44427.71,331.02
44427.75,331.02
44427.79,331.02
44427.83,331.02
44427.88,331.02
44427.92,331.02
44427.96,331.02
44428,331.02
44428.04,331.02
44428.08,331.02
44428.12,331.02
44428.17,331.02
44428.21,331.02
44428.25,331.02
44428.29,331.02
44428.33,331.02
44428.38,331.02
44428.42,331.02
44428.46,331.02
44428.5,331.02
44428.54,331.02
44428.58,331.02
44428.62,331.02
44428.67,331.02
44428.71,331.02
44428.75,331.02
44428.79,331.02
44428.83,331.02
44428.88,331.02
44428.92,331.02
44428.96,331.02
44429,331.02
44429.04,331.02
44429.08,331.02
44429.12,331.02
44429.17,331.02
44429.21,331.02
44429.25,331.02
44429.29,331.02
44429.33,331.02
44429.38,331.02
44429.42,331.02
44429.46,331.02
44429.5,331.02
44429.54,331.02
44429.58,331.02
44429.62,331.02
44429.67,331.02
44429.71,331.02
44429.75,331.02
44429.79,331.02
44429.83,331.02
44429.88,331.02
44429.92,331.02
44429.96,331.02
44430,331.02
44430.04,331.02
44430.08,331.02
44430.12,331.02
44430.17,331.02
44430.21,331.02
44430.25,331.02
44430.29,331.02
44430.33,331.02
44430.38,331.02
44430.42,331.02
44430.46,331.02
44430.5,331.02
44430.54,331.02
44430.58,331.02
44430.62,331.02
44430.67,331.02
44430.71,331.02
44430.75,331.02
44430.79,331.02
44430.83,331.02
44430.88,331.02
44430.92,331.02
44430.96,331.02
44431,331.02
44431.04,331.02
44431.08,331.02
44431.12,331.02
44431.17,331.02
44431.21,331.02
44431.25,331.02
44431.29,331.02
44431.33,331.02
44431.38,331.02
44431.42,331.02
44431.46,331.02
44431.5,331.02
44431.54,331.02
44431.58,331.02
44431.62,331.02
44431.67,331.02
44431.71,331.02
44431.75,331.02
44431.79,331.02
44431.83,331.02
44431.88,331.02
44431.92,331.02
44431.96,331.02
44432,331.02
44432.04,331.02
44432.08,331.02
44432.12,331.02
44432.17,331.02
44432.21,331.02
44432.25,331.02
44432.29,331.02
44432.33,331.02
44432.38,331.02
44432.42,331.02
44432.46,331.02
44432.5,331.02
44432.54,331.02
44432.58,331.02
44432.62,331.02
44432.67,331.02
44432.71,331.02
44432.75,331.02
44432.79,331.02
44432.83,331.02
44432.88,331.02
44432.92,331.02
44432.96,331.02
44433,331.02
44433.04,331.02
44433.08,331.02
44433.12,331.02
44433.17,331.02
44433.21,331.02
44433.25,331.02
44433.29,331.02
44433.33,331.02
44433.38,331.02
44433.42,331.02
44433.46,331.02
44433.5,331.02
44433.54,331.02
44433.58,331.02
44433.62,331.02
44433.67,331.02
44433.71,331.02
44433.75,331.02
44433.79,331.02
44433.83,331.02
44433.88,331.02
44433.92,331.02
44433.96,331.02
44434,331.02
44434.04,331.02
44434.08,331.02
44434.12,331.02
44434.17,331.02
44434.21,331.02
44434.25,331.02
44434.29,331.02
44434.33,331.02
44434.38,331.02
44434.42,331.02
44434.46,331.02
44434.5,331.02
44434.54,331.02
44434.58,331.02
44434.62,331.02
44434.67,331.02
44434.71,331.02
44434.75,331.02
44434.79,331.02
44434.83,331.02
44434.88,331.02
44434.92,331.02
44434.96,331.02
44435,331.02
44435.04,331.02
44435.08,331.02
44435.12,331.02
44435.17,331.02
44435.21,331.02
44435.25,331.02
44435.29,331.02
44435.33,331.02
44435.38,331.02
44435.42,331.02
44435.46,331.02
44435.5,331.02
44435.54,331.02
44435.58,331.02
44435.62,331.02
44435.67,331.02
44435.71,331.02
44435.75,331.02
44435.79,331.02
44435.83,331.02
44435.88,331.02
44435.92,331.02
44435.96,331.02
44436,331.02
44436.04,331.02
44436.08,331.02
44436.12,331.02
44436.17,331.02
44436.21,331.02
44436.25,331.02
44436.29,331.02
44436.33,331.02
44436.38,331.02
44436.42,331.02
44436.46,331.02
44436.5,331.02
44436.54,331.02
44436.58,331.02
44436.62,331.02
44436.67,331.02
44436.71,331.02
44436.75,331.02
44436.79,331.02
44436.83,331.02
44436.88,331.02
44436.92,331.02
44436.96,331.02
44437,331.02
44437.04,331.02
44437.08,331.02
44437.12,331.02
44437.17,331.02
44437.21,331.02
44437.25,331.02
44437.29,331.02
44437.33,331.02
44437.38,331.02
44437.42,331.02
44437.46,331.02
44437.5,331.02
44437.54,331.02
44437.58,331.02
44437.62,331.02
44437.67,331.02
44437.71,331.02
44437.75,331.02
44437.79,331.02
44437.83,331.02
44437.88,331.02
44437.92,331.02
44437.96,331.02
44438,331.02
44438.04,331.02
44438.08,331.02
44438.12,331.02
44438.17,331.02
44438.21,331.02
44438.25,331.02
44438.29,331.02
44438.33,331.02
44438.38,331.02
44438.42,331.02
44438.46,331.02
44438.5,331.02
44438.54,331.02
44438.58,331.02
44438.62,331.02
44438.67,331.02
44438.71,331.02
44438.75,331.02
44438.79,331.02
44438.83,331.02
44438.88,331.02
44438.92,331.02
44438.96,331.02
44439,331.02
44439.04,331.02
44439.08,331.02
44439.12,331.02
44439.17,331.02
44439.21,331.02
44439.25,331.02
44439.29,331.02
44439.33,331.02
44439.38,331.02
44439.42,331.02
44439.46,331.02
44439.5,331.02
44439.54,331.02
44439.58,331.02
44439.62,331.02
44439.67,331.02
44439.71,331.02
44439.75,331.02
44439.79,331.02
44439.83,331.02
44439.88,331.02
44439.92,331.02
44439.96,331.02
44440,176.26
44440.04,176.26
44440.08,176.26
44440.12,176.26
44440.17,176.26
44440.21,176.26
44440.25,176.26
44440.29,176.26
44440.33,176.26
44440.38,176.26
44440.42,176.26
44440.46,176.26
44440.5,176.26
44440.54,176.26
44440.58,176.26
44440.62,176.26
44440.67,176.26
44440.71,176.26
44440.75,176.26
44440.79,176.26
44440.83,176.26
44440.88,176.26
44440.92,176.26
44440.96,176.26
44441,176.26
44441.04,176.26
44441.08,176.26
44441.12,176.26
44441.17,176.26
44441.21,176.26
44441.25,176.26
44441.29,176.26
44441.33,176.26
44441.38,176.26
44441.42,176.26
44441.46,176.26
44441.5,176.26
44441.54,176.26
44441.58,176.26
44441.62,176.26
44441.67,176.26
44441.71,176.26
44441.75,176.26
44441.79,176.26
44441.83,176.26
44441.88,176.26
44441.92,176.26
44441.96,176.26
44442,176.26
44442.04,176.26
44442.08,176.26
44442.12,176.26
44442.17,176.26
44442.21,176.26
44442.25,176.26
44442.29,176.26
44442.33,176.26
44442.38,176.26
44442.42,176.26
44442.46,176.26
44442.5,176.26
44442.54,176.26
44442.58,176.26
44442.62,176.26
44442.67,176.26
44442.71,176.26
44442.75,176.26
44442.79,176.26
44442.83,176.26
44442.88,176.26
44442.92,176.26
44442.96,176.26
44443,176.26
44443.04,176.26
44443.08,176.26
44443.12,176.26
44443.17,176.26
44443.21,176.26
44443.25,176.26
44443.29,176.26
44443.33,176.26
44443.38,176.26
44443.42,176.26
44443.46,176.26
44443.5,176.26
44443.54,176.26
44443.58,176.26
44443.62,176.26
44443.67,176.26
44443.71,176.26
44443.75,176.26
44443.79,176.26
44443.83,176.26
44443.88,176.26
44443.92,176.26
44443.96,176.26
44444,176.26
44444.04,176.26
44444.08,176.26
44444.12,176.26
44444.17,176.26
44444.21,176.26
44444.25,176.26
44444.29,176.26
44444.33,176.26
44444.38,176.26
44444.42,176.26
44444.46,176.26
44444.5,176.26
44444.54,176.26
44444.58,176.26
44444.62,176.26
44444.67,176.26
44444.71,176.26
44444.75,176.26
44444.79,176.26
44444.83,176.26
44444.88,176.26
44444.92,176.26
44444.96,176.26
44445,176.26
44445.04,176.26
44445.08,176.26
44445.12,176.26
44445.17,176.26
44445.21,176.26
44445.25,176.26
44445.29,176.26
44445.33,176.26
44445.38,176.26
44445.42,176.26
44445.46,176.26
44445.5,176.26
44445.54,176.26
44445.58,176.26
44445.62,176.26
44445.67,176.26
44445.71,176.26
44445.75,176.26
44445.79,176.26
44445.83,176.26
44445.88,176.26
44445.92,176.26
44445.96,176.26
44446,176.26
44446.04,176.26
44446.08,176.26
44446.12,176.26
44446.17,176.26
44446.21,176.26
44446.25,176.26
44446.29,176.26
44446.33,176.26
44446.38,176.26
44446.42,176.26
44446.46,176.26
44446.5,176.26
44446.54,176.26
44446.58,176.26
44446.62,176.26
44446.67,176.26
44446.71,176.26
44446.75,176.26
44446.79,176.26
44446.83,176.26
44446.88,176.26
44446.92,176.26
44446.96,176.26
44447,176.26
44447.04,176.26
44447.08,176.26
44447.12,176.26
44447.17,176.26
44447.21,176.26
44447.25,176.26
44447.29,176.26
44447.33,176.26
44447.38,176.26
44447.42,176.26
44447.46,176.26
44447.5,176.26
44447.54,176.26
44447.58,176.26
44447.62,176.26
44447.67,176.26
44447.71,176.26
44447.75,176.26
44447.79,176.26
44447.83,176.26
44447.88,176.26
44447.92,176.26
44447.96,176.26
44448,176.26
44448.04,176.26
44448.08,176.26
44448.12,176.26
44448.17,176.26
44448.21,176.26
44448.25,176.26
44448.29,176.26
44448.33,176.26
44448.38,176.26
44448.42,176.26
44448.46,176.26
44448.5,176.26
44448.54,176.26
44448.58,176.26
44448.62,176.26
44448.67,176.26
44448.71,176.26
44448.75,176.26
44448.79,176.26
44448.83,176.26
44448.88,176.26
44448.92,176.26
44448.96,176.26
44449,176.26
44449.04,176.26
44449.08,176.26
44449.12,176.26
44449.17,176.26
44449.21,176.26
44449.25,176.26
44449.29,176.26
44449.33,176.26
44449.38,176.26
44449.42,176.26
44449.46,176.26
44449.5,176.26
44449.54,176.26
44449.58,176.26
44449.62,176.26
44449.67,176.26
44449.71,176.26
44449.75,176.26
44449.79,176.26
44449.83,176.26
44449.88,176.26
44449.92,176.26
44449.96,176.26
44450,176.26
44450.04,176.26
44450.08,176.26
44450.12,176.26
44450.17,176.26
44450.21,176.26
44450.25,176.26
44450.29,176.26
44450.33,176.26
44450.38,176.26
44450.42,176.26
44450.46,176.26
44450.5,176.26
44450.54,176.26
44450.58,176.26
44450.62,176.26
44450.67,176.26
44450.71,176.26
44450.75,176.26
44450.79,176.26
44450.83,176.26
44450.88,176.26
44450.92,176.26
44450.96,176.26
44451,176.26
44451.04,176.26
44451.08,176.26
44451.12,176.26
44451.17,176.26
44451.21,176.26
44451.25,176.26
44451.29,176.26
44451.33,176.26
44451.38,176.26
44451.42,176.26
44451.46,176.26
44451.5,176.26
44451.54,176.26
44451.58,176.26
44451.62,176.26
44451.67,176.26
44451.71,176.26
44451.75,176.26
44451.79,176.26
44451.83,176.26
44451.88,176.26
44451.92,176.26
44451.96,176.26
44452,176.26
44452.04,176.26
44452.08,176.26
44452.12,176.26
44452.17,176.26
44452.21,176.26
44452.25,176.26
44452.29,176.26
44452.33,176.26
44452.38,176.26
44452.42,176.26
44452.46,176.26
44452.5,176.26
44452.54,176.26
44452.58,176.26
44452.62,176.26
44452.67,176.26
44452.71,176.26
44452.75,176.26
44452.79,176.26
44452.83,176.26
44452.88,176.26
44452.92,176.26
44452.96,176.26
44453,176.26
44453.04,176.26
44453.08,176.26
44453.12,176.26
44453.17,176.26
44453.21,176.26
44453.25,176.26
44453.29,176.26
44453.33,176.26
44453.38,176.26
44453.42,176.26
44453.46,176.26
44453.5,176.26
44453.54,176.26
44453.58,176.26
44453.62,176.26
44453.67,176.26
44453.71,176.26
44453.75,176.26
44453.79,176.26
44453.83,176.26
44453.88,176.26
44453.92,176.26
44453.96,176.26
44454,176.26
44454.04,176.26
44454.08,176.26
44454.12,176.26
44454.17,176.26
44454.21,176.26
44454.25,176.26
44454.29,176.26
44454.33,176.26
44454.38,176.26
44454.42,176.26
44454.46,176.26
44454.5,176.26
44454.54,176.26
44454.58,176.26
44454.62,176.26
44454.67,176.26
44454.71,176.26
44454.75,176.26
44454.79,176.26
44454.83,176.26
44454.88,176.26
44454.92,176.26
44454.96,176.26
44455,176.26
44455.04,176.26
44455.08,176.26
44455.12,176.26
44455.17,176.26
44455.21,176.26
44455.25,176.26
44455.29,176.26
44455.33,176.26
44455.38,176.26
44455.42,176.26
44455.46,176.26
44455.5,176.26
44455.54,176.26
44455.58,176.26
44455.62,176.26
44455.67,176.26
44455.71,176.26
44455.75,176.26
44455.79,176.26
44455.83,176.26
44455.88,176.26
44455.92,176.26
44455.96,176.26
44456,176.26
44456.04,176.26
44456.08,176.26
44456.12,176.26
44456.17,176.26
44456.21,176.26
44456.25,176.26
44456.29,176.26
44456.33,176.26
44456.38,176.26
44456.42,176.26
44456.46,176.26
44456.5,176.26
44456.54,176.26
44456.58,176.26
44456.62,176.26
44456.67,176.26
44456.71,176.26
44456.75,176.26
44456.79,176.26
44456.83,176.26
44456.88,176.26
44456.92,176.26
44456.96,176.26
44457,176.26
44457.04,176.26
44457.08,176.26
44457.12,176.26
44457.17,176.26
44457.21,176.26
44457.25,176.26
44457.29,176.26
44457.33,176.26
44457.38,176.26
44457.42,176.26
44457.46,176.26
44457.5,176.26
44457.54,176.26
44457.58,176.26
44457.62,176.26
44457.67,176.26
44457.71,176.26
44457.75,176.26
44457.79,176.26
44457.83,176.26
44457.88,176.26
44457.92,176.26
44457.96,176.26
44458,176.26
44458.04,176.26
44458.08,176.26
44458.12,176.26
44458.17,176.26
44458.21,176.26
44458.25,176.26
44458.29,176.26
44458.33,176.26
44458.38,176.26
44458.42,176.26
44458.46,176.26
44458.5,176.26
44458.54,176.26
44458.58,176.26
44458.62,176.26
44458.67,176.26
44458.71,176.26
44458.75,176.26
44458.79,176.26
44458.83,176.26
44458.88,176.26
44458.92,176.26
44458.96,176.26
44459,176.26
44459.04,176.26
44459.08,176.26
44459.12,176.26
44459.17,176.26
44459.21,176.26
44459.25,176.26
44459.29,176.26
44459.33,176.26
44459.38,176.26
44459.42,176.26
44459.46,176.26
44459.5,176.26
44459.54,176.26
44459.58,176.26
44459.62,176.26
44459.67,176.26
44459.71,176.26
44459.75,176.26
44459.79,176.26
44459.83,176.26
44459.88,176.26
44459.92,176.26
44459.96,176.26
44460,176.26
44460.04,176.26
44460.08,176.26
44460.12,176.26
44460.17,176.26
44460.21,176.26
44460.25,176.26
44460.29,176.26
44460.33,176.26
44460.38,176.26
44460.42,176.26
44460.46,176.26
44460.5,176.26
44460.54,176.26
44460.58,176.26
44460.62,176.26
44460.67,176.26
44460.71,176.26
44460.75,176.26
44460.79,176.26
44460.83,176.26
44460.88,176.26
44460.92,176.26
44460.96,176.26
44461,176.26
44461.04,176.26
44461.08,176.26
44461.12,176.26
44461.17,176.26
44461.21,176.26
44461.25,176.26
44461.29,176.26
44461.33,176.26
44461.38,176.26
44461.42,176.26
44461.46,176.26
44461.5,176.26
44461.54,176.26
44461.58,176.26
44461.62,176.26
44461.67,176.26
44461.71,176.26
44461.75,176.26
44461.79,176.26
44461.83,176.26
44461.88,176.26
44461.92,176.26
44461.96,176.26
44462,176.26
44462.04,176.26
44462.08,176.26
44462.12,176.26
44462.17,176.26
44462.21,176.26
44462.25,176.26
44462.29,176.26
44462.33,176.26
44462.38,176.26
44462.42,176.26
44462.46,176.26
44462.5,176.26
44462.54,176.26
44462.58,176.26
44462.62,176.26
44462.67,176.26
44462.71,176.26
44462.75,176.26
44462.79,176.26
44462.83,176.26
44462.88,176.26
44462.92,176.26
44462.96,176.26
44463,176.26
44463.04,176.26
44463.08,176.26
44463.12,176.26
44463.17,176.26
44463.21,176.26
44463.25,176.26
44463.29,176.26
44463.33,176.26
44463.38,176.26
44463.42,176.26
44463.46,176.26
44463.5,176.26
44463.54,176.26
44463.58,176.26
44463.62,176.26
44463.67,176.26
44463.71,176.26
44463.75,176.26
44463.79,176.26
44463.83,176.26
44463.88,176.26
44463.92,176.26
44463.96,176.26
44464,176.26
44464.04,176.26
44464.08,176.26
44464.12,176.26
44464.17,176.26
44464.21,176.26
44464.25,176.26
44464.29,176.26
44464.33,176.26
44464.38,176.26
44464.42,176.26
44464.46,176.26
44464.5,176.26
44464.54,176.26
44464.58,176.26
44464.62,176.26
44464.67,176.26
44464.71,176.26
44464.75,176.26
44464.79,176.26
44464.83,176.26
44464.88,176.26
44464.92,176.26
44464.96,176.26
44465,176.26
44465.04,176.26
44465.08,176.26
44465.12,176.26
44465.17,176.26
44465.21,176.26
44465.25,176.26
44465.29,176.26
44465.33,176.26
44465.38,176.26
44465.42,176.26
44465.46,176.26
44465.5,176.26
44465.54,176.26
44465.58,176.26
44465.62,176.26
44465.67,176.26
44465.71,176.26
44465.75,176.26
44465.79,176.26
44465.83,176.26
44465.88,176.26
44465.92,176.26
44465.96,176.26
44466,176.26
44466.04,176.26
44466.08,176.26
44466.12,176.26
44466.17,176.26
44466.21,176.26
44466.25,176.26
44466.29,176.26
44466.33,176.26
44466.38,176.26
44466.42,176.26
44466.46,176.26
44466.5,176.26
44466.54,176.26
44466.58,176.26
44466.62,176.26
44466.67,176.26
44466.71,176.26
44466.75,176.26
44466.79,176.26
44466.83,176.26
44466.88,176.26
44466.92,176.26
44466.96,176.26
44467,176.26
44467.04,176.26
44467.08,176.26
44467.12,176.26
44467.17,176.26
44467.21,176.26
44467.25,176.26
44467.29,176.26
44467.33,176.26
44467.38,176.26
44467.42,176.26
44467.46,176.26
44467.5,176.26
44467.54,176.26
44467.58,176.26
44467.62,176.26
44467.67,176.26
44467.71,176.26
44467.75,176.26
44467.79,176.26
44467.83,176.26
44467.88,176.26
44467.92,176.26
44467.96,176.26
44468,176.26
44468.04,176.26
44468.08,176.26
44468.12,176.26
44468.17,176.26
44468.21,176.26
44468.25,176.26
44468.29,176.26
44468.33,176.26
44468.38,176.26
44468.42,176.26
44468.46,176.26
44468.5,176.26
44468.54,176.26
44468.58,176.26
44468.62,176.26
44468.67,176.26
44468.71,176.26
44468.75,176.26
44468.79,176.26
44468.83,176.26
44468.88,176.26
44468.92,176.26
44468.96,176.26
44469,176.26
44469.04,176.26
44469.08,176.26
44469.12,176.26
44469.17,176.26
44469.21,176.26
44469.25,176.26
44469.29,176.26
44469.33,176.26
44469.38,176.26
44469.42,176.26
44469.46,176.26
44469.5,176.26
44469.54,176.26
44469.58,176.26
44469.62,176.26
44469.67,176.26
44469.71,176.26
44469.75,176.26
44469.79,176.26
44469.83,176.26
44469.88,176.26
44469.92,176.26
44469.96,176.26
44470,83.77
44470.04,83.77
44470.08,83.77
44470.12,83.77
44470.17,83.77
44470.21,83.77
44470.25,83.77
44470.29,83.77
44470.33,83.77
44470.38,83.77
44470.42,83.77
44470.46,83.77
44470.5,83.77
44470.54,83.77
44470.58,83.77
44470.62,83.77
44470.67,83.77
44470.71,83.77
44470.75,83.77
44470.79,83.77
44470.83,83.77
44470.88,83.77
44470.92,83.77
44470.96,83.77
44471,83.77
44471.04,83.77
44471.08,83.77
44471.12,83.77
44471.17,83.77
44471.21,83.77
44471.25,83.77
44471.29,83.77
44471.33,83.77
44471.38,83.77
44471.42,83.77
44471.46,83.77
44471.5,83.77
44471.54,83.77
44471.58,83.77
44471.62,83.77
44471.67,83.77
44471.71,83.77
44471.75,83.77
44471.79,83.77
44471.83,83.77
44471.88,83.77
44471.92,83.77
44471.96,83.77
44472,83.77
44472.04,83.77
44472.08,83.77
44472.12,83.77
44472.17,83.77
44472.21,83.77
44472.25,83.77
44472.29,83.77
44472.33,83.77
44472.38,83.77
44472.42,83.77
44472.46,83.77
44472.5,83.77
44472.54,83.77
44472.58,83.77
44472.62,83.77
44472.67,83.77
44472.71,83.77
44472.75,83.77
44472.79,83.77
44472.83,83.77
44472.88,83.77
44472.92,83.77
44472.96,83.77
44473,83.77
44473.04,83.77
44473.08,83.77
44473.12,83.77
44473.17,83.77
44473.21,83.77
44473.25,83.77
44473.29,83.77
44473.33,83.77
44473.38,83.77
44473.42,83.77
44473.46,83.77
44473.5,83.77
44473.54,83.77
44473.58,83.77
44473.62,83.77
44473.67,83.77
44473.71,83.77
44473.75,83.77
44473.79,83.77
44473.83,83.77
44473.88,83.77
44473.92,83.77
44473.96,83.77
44474,83.77
44474.04,83.77
44474.08,83.77
44474.12,83.77
44474.17,83.77
44474.21,83.77
44474.25,83.77
44474.29,83.77
44474.33,83.77
44474.38,83.77
44474.42,83.77
44474.46,83.77
44474.5,83.77
44474.54,83.77
44474.58,83.77
44474.62,83.77
44474.67,83.77
44474.71,83.77
44474.75,83.77
44474.79,83.77
44474.83,83.77
44474.88,83.77
44474.92,83.77
44474.96,83.77
44475,83.77
44475.04,83.77
44475.08,83.77
44475.12,83.77
44475.17,83.77
44475.21,83.77
44475.25,83.77
44475.29,83.77
44475.33,83.77
44475.38,83.77
44475.42,83.77
44475.46,83.77
44475.5,83.77
44475.54,83.77
44475.58,83.77
44475.62,83.77
44475.67,83.77
44475.71,83.77
44475.75,83.77
44475.79,83.77
44475.83,83.77
44475.88,83.77
44475.92,83.77
44475.96,83.77
44476,83.77
44476.04,83.77
44476.08,83.77
44476.12,83.77
44476.17,83.77
44476.21,83.77
44476.25,83.77
44476.29,83.77
44476.33,83.77
44476.38,83.77
44476.42,83.77
44476.46,83.77
44476.5,83.77
44476.54,83.77
44476.58,83.77
44476.62,83.77
44476.67,83.77
44476.71,83.77
44476.75,83.77
44476.79,83.77
44476.83,83.77
44476.88,83.77
44476.92,83.77
44476.96,83.77
44477,83.77
44477.04,83.77
44477.08,83.77
44477.12,83.77
44477.17,83.77
44477.21,83.77
44477.25,83.77
44477.29,83.77
44477.33,83.77
44477.38,83.77
44477.42,83.77
44477.46,83.77
44477.5,83.77
44477.54,83.77
44477.58,83.77
44477.62,83.77
44477.67,83.77
44477.71,83.77
44477.75,83.77
44477.79,83.77
44477.83,83.77
44477.88,83.77
44477.92,83.77
44477.96,83.77
44478,83.77
44478.04,83.77
44478.08,83.77
44478.12,83.77
44478.17,83.77
44478.21,83.77
44478.25,83.77
44478.29,83.77
44478.33,83.77
44478.38,83.77
44478.42,83.77
44478.46,83.77
44478.5,83.77
44478.54,83.77
44478.58,83.77
44478.62,83.77
44478.67,83.77
44478.71,83.77
44478.75,83.77
44478.79,83.77
44478.83,83.77
44478.88,83.77
44478.92,83.77
44478.96,83.77
44479,83.77
44479.04,83.77
44479.08,83.77
44479.12,83.77
44479.17,83.77
44479.21,83.77
44479.25,83.77
44479.29,83.77
44479.33,83.77
44479.38,83.77
44479.42,83.77
44479.46,83.77
44479.5,83.77
44479.54,83.77
44479.58,83.77
44479.62,83.77
44479.67,83.77
44479.71,83.77
44479.75,83.77
44479.79,83.77
44479.83,83.77
44479.88,83.77
44479.92,83.77
44479.96,83.77
44480,83.77
44480.04,83.77
44480.08,83.77
44480.12,83.77
44480.17,83.77
44480.21,83.77
44480.25,83.77
44480.29,83.77
44480.33,83.77
44480.38,83.77
44480.42,83.77
44480.46,83.77
44480.5,83.77
44480.54,83.77
44480.58,83.77
44480.62,83.77
44480.67,83.77
44480.71,83.77
44480.75,83.77
44480.79,83.77
44480.83,83.77
44480.88,83.77
44480.92,83.77
44480.96,83.77
44481,83.77
44481.04,83.77
44481.08,83.77
44481.12,83.77
44481.17,83.77
44481.21,83.77
44481.25,83.77
44481.29,83.77
44481.33,83.77
44481.38,83.77
44481.42,83.77
44481.46,83.77
44481.5,83.77
44481.54,83.77
44481.58,83.77
44481.62,83.77
44481.67,83.77
44481.71,83.77
44481.75,83.77
44481.79,83.77
44481.83,83.77
44481.88,83.77
44481.92,83.77
44481.96,83.77
44482,83.77
44482.04,83.77
44482.08,83.77
44482.12,83.77
44482.17,83.77
44482.21,83.77
44482.25,83.77
44482.29,83.77
44482.33,83.77
44482.38,83.77
44482.42,83.77
44482.46,83.77
44482.5,83.77
44482.54,83.77
44482.58,83.77
44482.62,83.77
44482.67,83.77
44482.71,83.77
44482.75,83.77
44482.79,83.77
44482.83,83.77
44482.88,83.77
44482.92,83.77
44482.96,83.77
44483,83.77
44483.04,83.77
44483.08,83.77
44483.12,83.77
44483.17,83.77
44483.21,83.77
44483.25,83.77
44483.29,83.77
44483.33,83.77
44483.38,83.77
44483.42,83.77
44483.46,83.77
44483.5,83.77
44483.54,83.77
44483.58,83.77
44483.62,83.77
44483.67,83.77
44483.71,83.77
44483.75,83.77
44483.79,83.77
44483.83,83.77
44483.88,83.77
44483.92,83.77
44483.96,83.77
44484,83.77
44484.04,83.77
44484.08,83.77
44484.12,83.77
44484.17,83.77
44484.21,83.77
44484.25,83.77
44484.29,83.77
44484.33,83.77
44484.38,83.77
44484.42,83.77
44484.46,83.77
44484.5,83.77
44484.54,83.77
44484.58,83.77
44484.62,83.77
44484.67,83.77
44484.71,83.77
44484.75,83.77
44484.79,83.77
44484.83,83.77
44484.88,83.77
44484.92,83.77
44484.96,83.77
44485,83.77
44485.04,83.77
44485.08,83.77
44485.12,83.77
44485.17,83.77
44485.21,83.77
44485.25,83.77
44485.29,83.77
44485.33,83.77
44485.38,83.77
44485.42,83.77
44485.46,83.77
44485.5,83.77
44485.54,83.77
44485.58,83.77
44485.62,83.77
44485.67,83.77
44485.71,83.77
44485.75,83.77
44485.79,83.77
44485.83,83.77
44485.88,83.77
44485.92,83.77
44485.96,83.77
44486,83.77
44486.04,83.77
44486.08,83.77
44486.12,83.77
44486.17,83.77
44486.21,83.77
44486.25,83.77
44486.29,83.77
44486.33,83.77
44486.38,83.77
44486.42,83.77
44486.46,83.77
44486.5,83.77
44486.54,83.77
44486.58,83.77
44486.62,83.77
44486.67,83.77
44486.71,83.77
44486.75,83.77
44486.79,83.77
44486.83,83.77
44486.88,83.77
44486.92,83.77
44486.96,83.77
44487,83.77
44487.04,83.77
44487.08,83.77
44487.12,83.77
44487.17,83.77
44487.21,83.77
44487.25,83.77
44487.29,83.77
44487.33,83.77
44487.38,83.77
44487.42,83.77
44487.46,83.77
44487.5,83.77
44487.54,83.77
44487.58,83.77
44487.62,83.77
44487.67,83.77
44487.71,83.77
44487.75,83.77
44487.79,83.77
44487.83,83.77
44487.88,83.77
44487.92,83.77
44487.96,83.77
44488,83.77
44488.04,83.77
44488.08,83.77
44488.12,83.77
44488.17,83.77
44488.21,83.77
44488.25,83.77
44488.29,83.77
44488.33,83.77
44488.38,83.77
44488.42,83.77
44488.46,83.77
44488.5,83.77
44488.54,83.77
44488.58,83.77
44488.62,83.77
44488.67,83.77
44488.71,83.77
44488.75,83.77
44488.79,83.77
44488.83,83.77
44488.88,83.77
44488.92,83.77
44488.96,83.77
44489,83.77
44489.04,83.77
44489.08,83.77
44489.12,83.77
44489.17,83.77
44489.21,83.77
44489.25,83.77
44489.29,83.77
44489.33,83.77
44489.38,83.77
44489.42,83.77
44489.46,83.77
44489.5,83.77
44489.54,83.77
44489.58,83.77
44489.62,83.77
44489.67,83.77
44489.71,83.77
44489.75,83.77
44489.79,83.77
44489.83,83.77
44489.88,83.77
44489.92,83.77
44489.96,83.77
44490,83.77
44490.04,83.77
44490.08,83.77
44490.12,83.77
44490.17,83.77
44490.21,83.77
44490.25,83.77
44490.29,83.77
44490.33,83.77
44490.38,83.77
44490.42,83.77
44490.46,83.77
44490.5,83.77
44490.54,83.77
44490.58,83.77
44490.62,83.77
44490.67,83.77
44490.71,83.77
44490.75,83.77
44490.79,83.77
44490.83,83.77
44490.88,83.77
44490.92,83.77
44490.96,83.77
44491,83.77
44491.04,83.77
44491.08,83.77
44491.12,83.77
44491.17,83.77
44491.21,83.77
44491.25,83.77
44491.29,83.77
44491.33,83.77
44491.38,83.77
44491.42,83.77
44491.46,83.77
44491.5,83.77
44491.54,83.77
44491.58,83.77
44491.62,83.77
44491.67,83.77
44491.71,83.77
44491.75,83.77
44491.79,83.77
44491.83,83.77
44491.88,83.77
44491.92,83.77
44491.96,83.77
44492,83.77
44492.04,83.77
44492.08,83.77
44492.12,83.77
44492.17,83.77
44492.21,83.77
44492.25,83.77
44492.29,83.77
44492.33,83.77
44492.38,83.77
44492.42,83.77
44492.46,83.77
44492.5,83.77
44492.54,83.77
44492.58,83.77
44492.62,83.77
44492.67,83.77
44492.71,83.77
44492.75,83.77
44492.79,83.77
44492.83,83.77
44492.88,83.77
44492.92,83.77
44492.96,83.77
44493,83.77
44493.04,83.77
44493.08,83.77
44493.12,83.77
44493.17,83.77
44493.21,83.77
44493.25,83.77
44493.29,83.77
44493.33,83.77
44493.38,83.77
44493.42,83.77
44493.46,83.77
44493.5,83.77
44493.54,83.77
44493.58,83.77
44493.62,83.77
44493.67,83.77
44493.71,83.77
44493.75,83.77
44493.79,83.77
44493.83,83.77
44493.88,83.77
44493.92,83.77
44493.96,83.77
44494,83.77
44494.04,83.77
44494.08,83.77
44494.12,83.77
44494.17,83.77
44494.21,83.77
44494.25,83.77
44494.29,83.77
44494.33,83.77
44494.38,83.77
44494.42,83.77
44494.46,83.77
44494.5,83.77
44494.54,83.77
44494.58,83.77
44494.62,83.77
44494.67,83.77
44494.71,83.77
44494.75,83.77
44494.79,83.77
44494.83,83.77
44494.88,83.77
44494.92,83.77
44494.96,83.77
44495,83.77
44495.04,83.77
44495.08,83.77
44495.12,83.77
44495.17,83.77
44495.21,83.77
44495.25,83.77
44495.29,83.77
44495.33,83.77
44495.38,83.77
44495.42,83.77
44495.46,83.77
44495.5,83.77
44495.54,83.77
44495.58,83.77
44495.62,83.77
44495.67,83.77
44495.71,83.77
44495.75,83.77
44495.79,83.77
44495.83,83.77
44495.88,83.77
44495.92,83.77
44495.96,83.77
44496,83.77
44496.04,83.77
44496.08,83.77
44496.12,83.77
44496.17,83.77
44496.21,83.77
44496.25,83.77
44496.29,83.77
44496.33,83.77
44496.38,83.77
44496.42,83.77
44496.46,83.77
44496.5,83.77
44496.54,83.77
44496.58,83.77
44496.62,83.77
44496.67,83.77
44496.71,83.77
44496.75,83.77
44496.79,83.77
44496.83,83.77
44496.88,83.77
44496.92,83.77
44496.96,83.77
44497,83.77
44497.04,83.77
44497.08,83.77
44497.12,83.77
44497.17,83.77
44497.21,83.77
44497.25,83.77
44497.29,83.77
44497.33,83.77
44497.38,83.77
44497.42,83.77
44497.46,83.77
44497.5,83.77
44497.54,83.77
44497.58,83.77
44497.62,83.77
44497.67,83.77
44497.71,83.77
44497.75,83.77
44497.79,83.77
44497.83,83.77
44497.88,83.77
44497.92,83.77
44497.96,83.77
44498,83.77
44498.04,83.77
44498.08,83.77
44498.12,83.77
44498.17,83.77
44498.21,83.77
44498.25,83.77
44498.29,83.77
44498.33,83.77
44498.38,83.77
44498.42,83.77
44498.46,83.77
44498.5,83.77
44498.54,83.77
44498.58,83.77
44498.62,83.77
44498.67,83.77
44498.71,83.77
44498.75,83.77
44498.79,83.77
44498.83,83.77
44498.88,83.77
44498.92,83.77
44498.96,83.77
44499,83.77
44499.04,83.77
44499.08,83.77
44499.12,83.77
44499.17,83.77
44499.21,83.77
44499.25,83.77
44499.29,83.77
44499.33,83.77
44499.38,83.77
44499.42,83.77
44499.46,83.77
44499.5,83.77
44499.54,83.77
44499.58,83.77
44499.62,83.77
44499.67,83.77
44499.71,83.77
44499.75,83.77
44499.79,83.77
44499.83,83.77
44499.88,83.77
44499.92,83.77
44499.96,83.77
44500,83.77
44500.04,83.77
44500.08,83.77
44500.12,83.77
44500.17,83.77
44500.21,83.77
44500.25,83.77
44500.29,83.77
44500.33,83.77
44500.38,83.77
44500.42,83.77
44500.46,83.77
44500.5,83.77
44500.54,83.77
44500.58,83.77
44500.62,83.77
44500.67,83.77
44500.71,83.77
44500.75,83.77
44500.79,83.77
44500.83,83.77
44500.88,83.77
44500.92,83.77
44500.96,83.77
44501,105.7
44501.04,105.7
44501.08,105.7
44501.12,105.7
44501.17,105.7
44501.21,105.7
44501.25,105.7
44501.29,105.7
44501.33,105.7
44501.38,105.7
44501.42,105.7
44501.46,105.7
44501.5,105.7
44501.54,105.7
44501.58,105.7
44501.62,105.7
44501.67,105.7
44501.71,105.7
44501.75,105.7
44501.79,105.7
44501.83,105.7
44501.88,105.7
44501.92,105.7
44501.96,105.7
44502,105.7
44502.04,105.7
44502.08,105.7
44502.12,105.7
44502.17,105.7
44502.21,105.7
44502.25,105.7
44502.29,105.7
44502.33,105.7
44502.38,105.7
44502.42,105.7
44502.46,105.7
44502.5,105.7
44502.54,105.7
44502.58,105.7
44502.62,105.7
44502.67,105.7
44502.71,105.7
44502.75,105.7
44502.79,105.7
44502.83,105.7
44502.88,105.7
44502.92,105.7
44502.96,105.7
44503,105.7
44503.04,105.7
44503.08,105.7
44503.12,105.7
44503.17,105.7
44503.21,105.7
44503.25,105.7
44503.29,105.7
44503.33,105.7
44503.38,105.7
44503.42,105.7
44503.46,105.7
44503.5,105.7
44503.54,105.7
44503.58,105.7
44503.62,105.7
44503.67,105.7
44503.71,105.7
44503.75,105.7
44503.79,105.7
44503.83,105.7
44503.88,105.7
44503.92,105.7
44503.96,105.7
44504,105.7
44504.04,105.7
44504.08,105.7
44504.12,105.7
44504.17,105.7
44504.21,105.7
44504.25,105.7
44504.29,105.7
44504.33,105.7
44504.38,105.7
44504.42,105.7
44504.46,105.7
44504.5,105.7
44504.54,105.7
44504.58,105.7
44504.62,105.7
44504.67,105.7
44504.71,105.7
44504.75,105.7
44504.79,105.7
44504.83,105.7
44504.88,105.7
44504.92,105.7
44504.96,105.7
44505,105.7
44505.04,105.7
44505.08,105.7
44505.12,105.7
44505.17,105.7
44505.21,105.7
44505.25,105.7
44505.29,105.7
44505.33,105.7
44505.38,105.7
44505.42,105.7
44505.46,105.7
44505.5,105.7
44505.54,105.7
44505.58,105.7
44505.62,105.7
44505.67,105.7
44505.71,105.7
44505.75,105.7
44505.79,105.7
44505.83,105.7
44505.88,105.7
44505.92,105.7
44505.96,105.7
44506,105.7
44506.04,105.7
44506.08,105.7
44506.12,105.7
44506.17,105.7
44506.21,105.7
44506.25,105.7
44506.29,105.7
44506.33,105.7
44506.38,105.7
44506.42,105.7
44506.46,105.7
44506.5,105.7
44506.54,105.7
44506.58,105.7
44506.62,105.7
44506.67,105.7
44506.71,105.7
44506.75,105.7
44506.79,105.7
44506.83,105.7
44506.88,105.7
44506.92,105.7
44506.96,105.7
44507,105.7
44507.04,105.7
44507.08,105.7
44507.12,105.7
44507.17,105.7
44507.21,105.7
44507.25,105.7
44507.29,105.7
44507.33,105.7
44507.38,105.7
44507.42,105.7
44507.46,105.7
44507.5,105.7
44507.54,105.7
44507.58,105.7
44507.62,105.7
44507.67,105.7
44507.71,105.7
44507.75,105.7
44507.79,105.7
44507.83,105.7
44507.88,105.7
44507.92,105.7
44507.96,105.7
44508,105.7
44508.04,105.7
44508.08,105.7
44508.12,105.7
44508.17,105.7
44508.21,105.7
44508.25,105.7
44508.29,105.7
44508.33,105.7
44508.38,105.7
44508.42,105.7
44508.46,105.7
44508.5,105.7
44508.54,105.7
44508.58,105.7
44508.62,105.7
44508.67,105.7
44508.71,105.7
44508.75,105.7
44508.79,105.7
44508.83,105.7
44508.88,105.7
44508.92,105.7
44508.96,105.7
44509,105.7
44509.04,105.7
44509.08,105.7
44509.12,105.7
44509.17,105.7
44509.21,105.7
44509.25,105.7
44509.29,105.7
44509.33,105.7
44509.38,105.7
44509.42,105.7
44509.46,105.7
44509.5,105.7
44509.54,105.7
44509.58,105.7
44509.62,105.7
44509.67,105.7
44509.71,105.7
44509.75,105.7
44509.79,105.7
44509.83,105.7
44509.88,105.7
44509.92,105.7
44509.96,105.7
44510,105.7
44510.04,105.7
44510.08,105.7
44510.12,105.7
44510.17,105.7
44510.21,105.7
44510.25,105.7
44510.29,105.7
44510.33,105.7
44510.38,105.7
44510.42,105.7
44510.46,105.7
44510.5,105.7
44510.54,105.7
44510.58,105.7
44510.62,105.7
44510.67,105.7
44510.71,105.7
44510.75,105.7
44510.79,105.7
44510.83,105.7
44510.88,105.7
44510.92,105.7
44510.96,105.7
44511,105.7
44511.04,105.7
44511.08,105.7
44511.12,105.7
44511.17,105.7
44511.21,105.7
44511.25,105.7
44511.29,105.7
44511.33,105.7
44511.38,105.7
44511.42,105.7
44511.46,105.7
44511.5,105.7
44511.54,105.7
44511.58,105.7
44511.62,105.7
44511.67,105.7
44511.71,105.7
44511.75,105.7
44511.79,105.7
44511.83,105.7
44511.88,105.7
44511.92,105.7
44511.96,105.7
44512,105.7
44512.04,105.7
44512.08,105.7
44512.12,105.7
44512.17,105.7
44512.21,105.7
44512.25,105.7
44512.29,105.7
44512.33,105.7
44512.38,105.7
44512.42,105.7
44512.46,105.7
44512.5,105.7
44512.54,105.7
44512.58,105.7
44512.62,105.7
44512.67,105.7
44512.71,105.7
44512.75,105.7
44512.79,105.7
44512.83,105.7
44512.88,105.7
44512.92,105.7
44512.96,105.7
44513,105.7
44513.04,105.7
44513.08,105.7
44513.12,105.7
44513.17,105.7
44513.21,105.7
44513.25,105.7
44513.29,105.7
44513.33,105.7
44513.38,105.7
44513.42,105.7
44513.46,105.7
44513.5,105.7
44513.54,105.7
44513.58,105.7
44513.62,105.7
44513.67,105.7
44513.71,105.7
44513.75,105.7
44513.79,105.7
44513.83,105.7
44513.88,105.7
44513.92,105.7
44513.96,105.7
44514,105.7
44514.04,105.7
44514.08,105.7
44514.12,105.7
44514.17,105.7
44514.21,105.7
44514.25,105.7
44514.29,105.7
44514.33,105.7
44514.38,105.7
44514.42,105.7
44514.46,105.7
44514.5,105.7
44514.54,105.7
44514.58,105.7
44514.62,105.7
44514.67,105.7
44514.71,105.7
44514.75,105.7
44514.79,105.7
44514.83,105.7
44514.88,105.7
44514.92,105.7
44514.96,105.7
44515,105.7
44515.04,105.7
44515.08,105.7
44515.12,105.7
44515.17,105.7
44515.21,105.7
44515.25,105.7
44515.29,105.7
44515.33,105.7
44515.38,105.7
44515.42,105.7
44515.46,105.7
44515.5,105.7
44515.54,105.7
44515.58,105.7
44515.62,105.7
44515.67,105.7
44515.71,105.7
44515.75,105.7
44515.79,105.7
44515.83,105.7
44515.88,105.7
44515.92,105.7
44515.96,105.7
44516,105.7
44516.04,105.7
44516.08,105.7
44516.12,105.7
44516.17,105.7
44516.21,105.7
44516.25,105.7
44516.29,105.7
44516.33,105.7
44516.38,105.7
44516.42,105.7
44516.46,105.7
44516.5,105.7
44516.54,105.7
44516.58,105.7
44516.62,105.7
44516.67,105.7
44516.71,105.7
44516.75,105.7
44516.79,105.7
44516.83,105.7
44516.88,105.7
44516.92,105.7
44516.96,105.7
44517,105.7
44517.04,105.7
44517.08,105.7
44517.12,105.7
44517.17,105.7
44517.21,105.7
44517.25,105.7
44517.29,105.7
44517.33,105.7
44517.38,105.7
44517.42,105.7
44517.46,105.7
44517.5,105.7
44517.54,105.7
44517.58,105.7
44517.62,105.7
44517.67,105.7
44517.71,105.7
44517.75,105.7
44517.79,105.7
44517.83,105.7
44517.88,105.7
44517.92,105.7
44517.96,105.7
44518,105.7
44518.04,105.7
44518.08,105.7
44518.12,105.7
44518.17,105.7
44518.21,105.7
44518.25,105.7
44518.29,105.7
44518.33,105.7
44518.38,105.7
44518.42,105.7
44518.46,105.7
44518.5,105.7
44518.54,105.7
44518.58,105.7
44518.62,105.7
44518.67,105.7
44518.71,105.7
44518.75,105.7
44518.79,105.7
44518.83,105.7
44518.88,105.7
44518.92,105.7
44518.96,105.7
44519,105.7
44519.04,105.7
44519.08,105.7
44519.12,105.7
44519.17,105.7
44519.21,105.7
44519.25,105.7
44519.29,105.7
44519.33,105.7
44519.38,105.7
44519.42,105.7
44519.46,105.7
44519.5,105.7
44519.54,105.7
44519.58,105.7
44519.62,105.7
44519.67,105.7
44519.71,105.7
44519.75,105.7
44519.79,105.7
44519.83,105.7
44519.88,105.7
44519.92,105.7
44519.96,105.7
44520,105.7
44520.04,105.7
44520.08,105.7
44520.12,105.7
44520.17,105.7
44520.21,105.7
44520.25,105.7
44520.29,105.7
44520.33,105.7
44520.38,105.7
44520.42,105.7
44520.46,105.7
44520.5,105.7
44520.54,105.7
44520.58,105.7
44520.62,105.7
44520.67,105.7
44520.71,105.7
44520.75,105.7
44520.79,105.7
44520.83,105.7
44520.88,105.7
44520.92,105.7
44520.96,105.7
44521,105.7
44521.04,105.7
44521.08,105.7
44521.12,105.7
44521.17,105.7
44521.21,105.7
44521.25,105.7
44521.29,105.7
44521.33,105.7
44521.38,105.7
44521.42,105.7
44521.46,105.7
44521.5,105.7
44521.54,105.7
44521.58,105.7
44521.62,105.7
44521.67,105.7
44521.71,105.7
44521.75,105.7
44521.79,105.7
44521.83,105.7
44521.88,105.7
44521.92,105.7
44521.96,105.7
44522,105.7
44522.04,105.7
44522.08,105.7
44522.12,105.7
44522.17,105.7
44522.21,105.7
44522.25,105.7
44522.29,105.7
44522.33,105.7
44522.38,105.7
44522.42,105.7
44522.46,105.7
44522.5,105.7
44522.54,105.7
44522.58,105.7
44522.62,105.7
44522.67,105.7
44522.71,105.7
44522.75,105.7
44522.79,105.7
44522.83,105.7
44522.88,105.7
44522.92,105.7
44522.96,105.7
44523,105.7
44523.04,105.7
44523.08,105.7
44523.12,105.7
44523.17,105.7
44523.21,105.7
44523.25,105.7
44523.29,105.7
44523.33,105.7
44523.38,105.7
44523.42,105.7
44523.46,105.7
44523.5,105.7
44523.54,105.7
44523.58,105.7
44523.62,105.7
44523.67,105.7
44523.71,105.7
44523.75,105.7
44523.79,105.7
44523.83,105.7
44523.88,105.7
44523.92,105.7
44523.96,105.7
44524,105.7
44524.04,105.7
44524.08,105.7
44524.12,105.7
44524.17,105.7
44524.21,105.7
44524.25,105.7
44524.29,105.7
44524.33,105.7
44524.38,105.7
44524.42,105.7
44524.46,105.7
44524.5,105.7
44524.54,105.7
44524.58,105.7
44524.62,105.7
44524.67,105.7
44524.71,105.7
44524.75,105.7
44524.79,105.7
44524.83,105.7
44524.88,105.7
44524.92,105.7
44524.96,105.7
44525,105.7
44525.04,105.7
44525.08,105.7
44525.12,105.7
44525.17,105.7
44525.21,105.7
44525.25,105.7
44525.29,105.7
44525.33,105.7
44525.38,105.7
44525.42,105.7
44525.46,105.7
44525.5,105.7
44525.54,105.7
44525.58,105.7
44525.62,105.7
44525.67,105.7
44525.71,105.7
44525.75,105.7
44525.79,105.7
44525.83,105.7
44525.88,105.7
44525.92,105.7
44525.96,105.7
44526,105.7
44526.04,105.7
44526.08,105.7
44526.12,105.7
44526.17,105.7
44526.21,105.7
44526.25,105.7
44526.29,105.7
44526.33,105.7
44526.38,105.7
44526.42,105.7
44526.46,105.7
44526.5,105.7
44526.54,105.7
44526.58,105.7
44526.62,105.7
44526.67,105.7
44526.71,105.7
44526.75,105.7
44526.79,105.7
44526.83,105.7
44526.88,105.7
44526.92,105.7
44526.96,105.7
44527,105.7
44527.04,105.7
44527.08,105.7
44527.12,105.7
44527.17,105.7
44527.21,105.7
44527.25,105.7
44527.29,105.7
44527.33,105.7
44527.38,105.7
44527.42,105.7
44527.46,105.7
44527.5,105.7
44527.54,105.7
44527.58,105.7
44527.62,105.7
44527.67,105.7
44527.71,105.7
44527.75,105.7
44527.79,105.7
44527.83,105.7
44527.88,105.7
44527.92,105.7
44527.96,105.7
44528,105.7
44528.04,105.7
44528.08,105.7
44528.12,105.7
44528.17,105.7
44528.21,105.7
44528.25,105.7
44528.29,105.7
44528.33,105.7
44528.38,105.7
44528.42,105.7
44528.46,105.7
44528.5,105.7
44528.54,105.7
44528.58,105.7
44528.62,105.7
44528.67,105.7
44528.71,105.7
44528.75,105.7
44528.79,105.7
44528.83,105.7
44528.88,105.7
44528.92,105.7
44528.96,105.7
44529,105.7
44529.04,105.7
44529.08,105.7
44529.12,105.7
44529.17,105.7
44529.21,105.7
44529.25,105.7
44529.29,105.7
44529.33,105.7
44529.38,105.7
44529.42,105.7
44529.46,105.7
44529.5,105.7
44529.54,105.7
44529.58,105.7
44529.62,105.7
44529.67,105.7
44529.71,105.7
44529.75,105.7
44529.79,105.7
44529.83,105.7
44529.88,105.7
44529.92,105.7
44529.96,105.7
44530,105.7
44530.04,105.7
44530.08,105.7
44530.12,105.7
44530.17,105.7
44530.21,105.7
44530.25,105.7
44530.29,105.7
44530.33,105.7
44530.38,105.7
44530.42,105.7
44530.46,105.7
44530.5,105.7
44530.54,105.7
44530.58,105.7
44530.62,105.7
44530.67,105.7
44530.71,105.7
44530.75,105.7
44530.79,105.7
44530.83,105.7
44530.88,105.7
44530.92,105.7
44530.96,105.7
44531,57.78
44531.04,57.78
44531.08,57.78
44531.12,57.78
44531.17,57.78
44531.21,57.78
44531.25,57.78
44531.29,57.78
44531.33,57.78
44531.38,57.78
44531.42,57.78
44531.46,57.78
44531.5,57.78
44531.54,57.78
44531.58,57.78
44531.62,57.78
44531.67,57.78
44531.71,57.78
44531.75,57.78
44531.79,57.78
44531.83,57.78
44531.88,57.78
44531.92,57.78
44531.96,57.78
44532,57.78
44532.04,57.78
44532.08,57.78
44532.12,57.78
44532.17,57.78
44532.21,57.78
44532.25,57.78
44532.29,57.78
44532.33,57.78
44532.38,57.78
44532.42,57.78
44532.46,57.78
44532.5,57.78
44532.54,57.78
44532.58,57.78
44532.62,57.78
44532.67,57.78
44532.71,57.78
44532.75,57.78
44532.79,57.78
44532.83,57.78
44532.88,57.78
44532.92,57.78
44532.96,57.78
44533,57.78
44533.04,57.78
44533.08,57.78
44533.12,57.78
44533.17,57.78
44533.21,57.78
44533.25,57.78
44533.29,57.78
44533.33,57.78
44533.38,57.78
44533.42,57.78
44533.46,57.78
44533.5,57.78
44533.54,57.78
44533.58,57.78
44533.62,57.78
44533.67,57.78
44533.71,57.78
44533.75,57.78
44533.79,57.78
44533.83,57.78
44533.88,57.78
44533.92,57.78
44533.96,57.78
44534,57.78
44534.04,57.78
44534.08,57.78
44534.12,57.78
44534.17,57.78
44534.21,57.78
44534.25,57.78
44534.29,57.78
44534.33,57.78
44534.38,57.78
44534.42,57.78
44534.46,57.78
44534.5,57.78
44534.54,57.78
44534.58,57.78
44534.62,57.78
44534.67,57.78
44534.71,57.78
44534.75,57.78
44534.79,57.78
44534.83,57.78
44534.88,57.78
44534.92,57.78
44534.96,57.78
44535,57.78
44535.04,57.78
44535.08,57.78
44535.12,57.78
44535.17,57.78
44535.21,57.78
44535.25,57.78
44535.29,57.78
44535.33,57.78
44535.38,57.78
44535.42,57.78
44535.46,57.78
44535.5,57.78
44535.54,57.78
44535.58,57.78
44535.62,57.78
44535.67,57.78
44535.71,57.78
44535.75,57.78
44535.79,57.78
44535.83,57.78
44535.88,57.78
44535.92,57.78
44535.96,57.78
44536,57.78
44536.04,57.78
44536.08,57.78
44536.12,57.78
44536.17,57.78
44536.21,57.78
44536.25,57.78
44536.29,57.78
44536.33,57.78
44536.38,57.78
44536.42,57.78
44536.46,57.78
44536.5,57.78
44536.54,57.78
44536.58,57.78
44536.62,57.78
44536.67,57.78
44536.71,57.78
44536.75,57.78
44536.79,57.78
44536.83,57.78
44536.88,57.78
44536.92,57.78
44536.96,57.78
44537,57.78
44537.04,57.78
44537.08,57.78
44537.12,57.78
44537.17,57.78
44537.21,57.78
44537.25,57.78
44537.29,57.78
44537.33,57.78
44537.38,57.78
44537.42,57.78
44537.46,57.78
44537.5,57.78
44537.54,57.78
44537.58,57.78
44537.62,57.78
44537.67,57.78
44537.71,57.78
44537.75,57.78
44537.79,57.78
44537.83,57.78
44537.88,57.78
44537.92,57.78
44537.96,57.78
44538,57.78
44538.04,57.78
44538.08,57.78
44538.12,57.78
44538.17,57.78
44538.21,57.78
44538.25,57.78
44538.29,57.78
44538.33,57.78
44538.38,57.78
44538.42,57.78
44538.46,57.78
44538.5,57.78
44538.54,57.78
44538.58,57.78
44538.62,57.78
44538.67,57.78
44538.71,57.78
44538.75,57.78
44538.79,57.78
44538.83,57.78
44538.88,57.78
44538.92,57.78
44538.96,57.78
44539,57.78
44539.04,57.78
44539.08,57.78
44539.12,57.78
44539.17,57.78
44539.21,57.78
44539.25,57.78
44539.29,57.78
44539.33,57.78
44539.38,57.78
44539.42,57.78
44539.46,57.78
44539.5,57.78
44539.54,57.78
44539.58,57.78
44539.62,57.78
44539.67,57.78
44539.71,57.78
44539.75,57.78
44539.79,57.78
44539.83,57.78
44539.88,57.78
44539.92,57.78
44539.96,57.78
44540,57.78
44540.04,57.78
44540.08,57.78
44540.12,57.78
44540.17,57.78
44540.21,57.78
44540.25,57.78
44540.29,57.78
44540.33,57.78
44540.38,57.78
44540.42,57.78
44540.46,57.78
44540.5,57.78
44540.54,57.78
44540.58,57.78
44540.62,57.78
44540.67,57.78
44540.71,57.78
44540.75,57.78
44540.79,57.78
44540.83,57.78
44540.88,57.78
44540.92,57.78
44540.96,57.78
44541,57.78
44541.04,57.78
44541.08,57.78
44541.12,57.78
44541.17,57.78
44541.21,57.78
44541.25,57.78
44541.29,57.78
44541.33,57.78
44541.38,57.78
44541.42,57.78
44541.46,57.78
44541.5,57.78
44541.54,57.78
44541.58,57.78
44541.62,57.78
44541.67,57.78
44541.71,57.78
44541.75,57.78
44541.79,57.78
44541.83,57.78
44541.88,57.78
44541.92,57.78
44541.96,57.78
44542,57.78
44542.04,57.78
44542.08,57.78
44542.12,57.78
44542.17,57.78
44542.21,57.78
44542.25,57.78
44542.29,57.78
44542.33,57.78
44542.38,57.78
44542.42,57.78
44542.46,57.78
44542.5,57.78
44542.54,57.78
44542.58,57.78
44542.62,57.78
44542.67,57.78
44542.71,57.78
44542.75,57.78
44542.79,57.78
44542.83,57.78
44542.88,57.78
44542.92,57.78
44542.96,57.78
44543,57.78
44543.04,57.78
44543.08,57.78
44543.12,57.78
44543.17,57.78
44543.21,57.78
44543.25,57.78
44543.29,57.78
44543.33,57.78
44543.38,57.78
44543.42,57.78
44543.46,57.78
44543.5,57.78
44543.54,57.78
44543.58,57.78
44543.62,57.78
44543.67,57.78
44543.71,57.78
44543.75,57.78
44543.79,57.78
44543.83,57.78
44543.88,57.78
44543.92,57.78
44543.96,57.78
44544,57.78
44544.04,57.78
44544.08,57.78
44544.12,57.78
44544.17,57.78
44544.21,57.78
44544.25,57.78
44544.29,57.78
44544.33,57.78
44544.38,57.78
44544.42,57.78
44544.46,57.78
44544.5,57.78
44544.54,57.78
44544.58,57.78
44544.62,57.78
44544.67,57.78
44544.71,57.78
44544.75,57.78
44544.79,57.78
44544.83,57.78
44544.88,57.78
44544.92,57.78
44544.96,57.78
44545,57.78
44545.04,57.78
44545.08,57.78
44545.12,57.78
44545.17,57.78
44545.21,57.78
44545.25,57.78
44545.29,57.78
44545.33,57.78
44545.38,57.78
44545.42,57.78
44545.46,57.78
44545.5,57.78
44545.54,57.78
44545.58,57.78
44545.62,57.78
44545.67,57.78
44545.71,57.78
44545.75,57.78
44545.79,57.78
44545.83,57.78
44545.88,57.78
44545.92,57.78
44545.96,57.78
44546,57.78
44546.04,57.78
44546.08,57.78
44546.12,57.78
44546.17,57.78
44546.21,57.78
44546.25,57.78
44546.29,57.78
44546.33,57.78
44546.38,57.78
44546.42,57.78
44546.46,57.78
44546.5,57.78
44546.54,57.78
44546.58,57.78
44546.62,57.78
44546.67,57.78
44546.71,57.78
44546.75,57.78
44546.79,57.78
44546.83,57.78
44546.88,57.78
44546.92,57.78
44546.96,57.78
44547,57.78
44547.04,57.78
44547.08,57.78
44547.12,57.78
44547.17,57.78
44547.21,57.78
44547.25,57.78
44547.29,57.78
44547.33,57.78
44547.38,57.78
44547.42,57.78
44547.46,57.78
44547.5,57.78
44547.54,57.78
44547.58,57.78
44547.62,57.78
44547.67,57.78
44547.71,57.78
44547.75,57.78
44547.79,57.78
44547.83,57.78
44547.88,57.78
44547.92,57.78
44547.96,57.78
44548,57.78
44548.04,57.78
44548.08,57.78
44548.12,57.78
44548.17,57.78
44548.21,57.78
44548.25,57.78
44548.29,57.78
44548.33,57.78
44548.38,57.78
44548.42,57.78
44548.46,57.78
44548.5,57.78
44548.54,57.78
44548.58,57.78
44548.62,57.78
44548.67,57.78
44548.71,57.78
44548.75,57.78
44548.79,57.78
44548.83,57.78
44548.88,57.78
44548.92,57.78
44548.96,57.78
44549,57.78
44549.04,57.78
44549.08,57.78
44549.12,57.78
44549.17,57.78
44549.21,57.78
44549.25,57.78
44549.29,57.78
44549.33,57.78
44549.38,57.78
44549.42,57.78
44549.46,57.78
44549.5,57.78
44549.54,57.78
44549.58,57.78
44549.62,57.78
44549.67,57.78
44549.71,57.78
44549.75,57.78
44549.79,57.78
44549.83,57.78
44549.88,57.78
44549.92,57.78
44549.96,57.78
44550,57.78
44550.04,57.78
44550.08,57.78
44550.12,57.78
44550.17,57.78
44550.21,57.78
44550.25,57.78
44550.29,57.78
44550.33,57.78
44550.38,57.78
44550.42,57.78
44550.46,57.78
44550.5,57.78
44550.54,57.78
44550.58,57.78
44550.62,57.78
44550.67,57.78
44550.71,57.78
44550.75,57.78
44550.79,57.78
44550.83,57.78
44550.88,57.78
44550.92,57.78
44550.96,57.78
44551,57.78
44551.04,57.78
44551.08,57.78
44551.12,57.78
44551.17,57.78
44551.21,57.78
44551.25,57.78
44551.29,57.78
44551.33,57.78
44551.38,57.78
44551.42,57.78
44551.46,57.78
44551.5,57.78
44551.54,57.78
44551.58,57.78
44551.62,57.78
44551.67,57.78
44551.71,57.78
44551.75,57.78
44551.79,57.78
44551.83,57.78
44551.88,57.78
44551.92,57.78
44551.96,57.78
44552,57.78
44552.04,57.78
44552.08,57.78
44552.12,57.78
44552.17,57.78
44552.21,57.78
44552.25,57.78
44552.29,57.78
44552.33,57.78
44552.38,57.78
44552.42,57.78
44552.46,57.78
44552.5,57.78
44552.54,57.78
44552.58,57.78
44552.62,57.78
44552.67,57.78
44552.71,57.78
44552.75,57.78
44552.79,57.78
44552.83,57.78
44552.88,57.78
44552.92,57.78
44552.96,57.78
44553,57.78
44553.04,57.78
44553.08,57.78
44553.12,57.78
44553.17,57.78
44553.21,57.78
44553.25,57.78
44553.29,57.78
44553.33,57.78
44553.38,57.78
44553.42,57.78
44553.46,57.78
44553.5,57.78
44553.54,57.78
44553.58,57.78
44553.62,57.78
44553.67,57.78
44553.71,57.78
44553.75,57.78
44553.79,57.78
44553.83,57.78
44553.88,57.78
44553.92,57.78
44553.96,57.78
44554,57.78
44554.04,57.78
44554.08,57.78
44554.12,57.78
44554.17,57.78
44554.21,57.78
44554.25,57.78
44554.29,57.78
44554.33,57.78
44554.38,57.78
44554.42,57.78
44554.46,57.78
44554.5,57.78
44554.54,57.78
44554.58,57.78
44554.62,57.78
44554.67,57.78
44554.71,57.78
44554.75,57.78
44554.79,57.78
44554.83,57.78
44554.88,57.78
44554.92,57.78
44554.96,57.78
44555,57.78
44555.04,57.78
44555.08,57.78
44555.12,57.78
44555.17,57.78
44555.21,57.78
44555.25,57.78
44555.29,57.78
44555.33,57.78
44555.38,57.78
44555.42,57.78
44555.46,57.78
44555.5,57.78
44555.54,57.78
44555.58,57.78
44555.62,57.78
44555.67,57.78
44555.71,57.78
44555.75,57.78
44555.79,57.78
44555.83,57.78
44555.88,57.78
44555.92,57.78
44555.96,57.78
44556,57.78
44556.04,57.78
44556.08,57.78
44556.12,57.78
44556.17,57.78
44556.21,57.78
44556.25,57.78
44556.29,57.78
44556.33,57.78
44556.38,57.78
44556.42,57.78
44556.46,57.78
44556.5,57.78
44556.54,57.78
44556.58,57.78
44556.62,57.78
44556.67,57.78
44556.71,57.78
44556.75,57.78
44556.79,57.78
44556.83,57.78
44556.88,57.78
44556.92,57.78
44556.96,57.78
44557,57.78
44557.04,57.78
44557.08,57.78
44557.12,57.78
44557.17,57.78
44557.21,57.78
44557.25,57.78
44557.29,57.78
44557.33,57.78
44557.38,57.78
44557.42,57.78
44557.46,57.78
44557.5,57.78
44557.54,57.78
44557.58,57.78
44557.62,57.78
44557.67,57.78
44557.71,57.78
44557.75,57.78
44557.79,57.78
44557.83,57.78
44557.88,57.78
44557.92,57.78
44557.96,57.78
44558,57.78
44558.04,57.78
44558.08,57.78
44558.12,57.78
44558.17,57.78
44558.21,57.78
44558.25,57.78
44558.29,57.78
44558.33,57.78
44558.38,57.78
44558.42,57.78
44558.46,57.78
44558.5,57.78
44558.54,57.78
44558.58,57.78
44558.62,57.78
44558.67,57.78
44558.71,57.78
44558.75,57.78
44558.79,57.78
44558.83,57.78
44558.88,57.78
44558.92,57.78
44558.96,57.78
44559,57.78
44559.04,57.78
44559.08,57.78
44559.12,57.78
44559.17,57.78
44559.21,57.78
44559.25,57.78
44559.29,57.78
44559.33,57.78
44559.38,57.78
44559.42,57.78
44559.46,57.78
44559.5,57.78
44559.54,57.78
44559.58,57.78
44559.62,57.78
44559.67,57.78
44559.71,57.78
44559.75,57.78
44559.79,57.78
44559.83,57.78
44559.88,57.78
44559.92,57.78
44559.96,57.78
44560,57.78
44560.04,57.78
44560.08,57.78
44560.12,57.78
44560.17,57.78
44560.21,57.78
44560.25,57.78
44560.29,57.78
44560.33,57.78
44560.38,57.78
44560.42,57.78
44560.46,57.78
44560.5,57.78
44560.54,57.78
44560.58,57.78
44560.62,57.78
44560.67,57.78
44560.71,57.78
44560.75,57.78
44560.79,57.78
44560.83,57.78
44560.88,57.78
44560.92,57.78
44560.96,57.78
44561,57.78
44561.04,57.78
44561.08,57.78
44561.12,57.78
44561.17,57.78
44561.21,57.78
44561.25,57.78
44561.29,57.78
44561.33,57.78
44561.38,57.78
44561.42,57.78
44561.46,57.78
44561.5,57.78
44561.54,57.78
44561.58,57.78
44561.62,57.78
44561.67,57.78
44561.71,57.78
44561.75,57.78
44561.79,57.78
44561.83,57.78
44561.88,57.78
44561.92,57.78
44561.96,57.78
44562,102.68
44562.04,102.68
44562.08,102.68
44562.12,102.68
44562.17,102.68
44562.21,102.68
44562.25,102.68
44562.29,102.68
44562.33,102.68
44562.38,102.68
44562.42,102.68
44562.46,102.68
44562.5,102.68
44562.54,102.68
44562.58,102.68
44562.62,102.68
44562.67,102.68
44562.71,102.68
44562.75,102.68
44562.79,102.68
44562.83,102.68
44562.88,102.68
44562.92,102.68
44562.96,102.68
44563,102.68
44563.04,102.68
44563.08,102.68
44563.12,102.68
44563.17,102.68
44563.21,102.68
44563.25,102.68
44563.29,102.68
44563.33,102.68
44563.38,102.68
44563.42,102.68
44563.46,102.68
44563.5,102.68
44563.54,102.68
44563.58,102.68
44563.62,102.68
44563.67,102.68
44563.71,102.68
44563.75,102.68
44563.79,102.68
44563.83,102.68
44563.88,102.68
44563.92,102.68
44563.96,102.68
44564,102.68
44564.04,102.68
44564.08,102.68
44564.12,102.68
44564.17,102.68
44564.21,102.68
44564.25,102.68
44564.29,102.68
44564.33,102.68
44564.38,102.68
44564.42,102.68
44564.46,102.68
44564.5,102.68
44564.54,102.68
44564.58,102.68
44564.62,102.68
44564.67,102.68
44564.71,102.68
44564.75,102.68
44564.79,102.68
44564.83,102.68
44564.88,102.68
44564.92,102.68
44564.96,102.68
44565,102.68
44565.04,102.68
44565.08,102.68
44565.12,102.68
44565.17,102.68
44565.21,102.68
44565.25,102.68
44565.29,102.68
44565.33,102.68
44565.38,102.68
44565.42,102.68
44565.46,102.68
44565.5,102.68
44565.54,102.68
44565.58,102.68
44565.62,102.68
44565.67,102.68
44565.71,102.68
44565.75,102.68
44565.79,102.68
44565.83,102.68
44565.88,102.68
44565.92,102.68
44565.96,102.68
44566,102.68
44566.04,102.68
44566.08,102.68
44566.12,102.68
44566.17,102.68
44566.21,102.68
44566.25,102.68
44566.29,102.68
44566.33,102.68
44566.38,102.68
44566.42,102.68
44566.46,102.68
44566.5,102.68
44566.54,102.68
44566.58,102.68
44566.62,102.68
44566.67,102.68
44566.71,102.68
44566.75,102.68
44566.79,102.68
44566.83,102.68
44566.88,102.68
44566.92,102.68
44566.96,102.68
44567,102.68
44567.04,102.68
44567.08,102.68
44567.12,102.68
44567.17,102.68
44567.21,102.68
44567.25,102.68
44567.29,102.68
44567.33,102.68
44567.38,102.68
44567.42,102.68
44567.46,102.68
44567.5,102.68
44567.54,102.68
44567.58,102.68
44567.62,102.68
44567.67,102.68
44567.71,102.68
44567.75,102.68
44567.79,102.68
44567.83,102.68
44567.88,102.68
44567.92,102.68
44567.96,102.68
44568,102.68
44568.04,102.68
44568.08,102.68
44568.12,102.68
44568.17,102.68
44568.21,102.68
44568.25,102.68
44568.29,102.68
44568.33,102.68
44568.38,102.68
44568.42,102.68
44568.46,102.68
44568.5,102.68
44568.54,102.68
44568.58,102.68
44568.62,102.68
44568.67,102.68
44568.71,102.68
44568.75,102.68
44568.79,102.68
44568.83,102.68
44568.88,102.68
44568.92,102.68
44568.96,102.68
44569,102.68
44569.04,102.68
44569.08,102.68
44569.12,102.68
44569.17,102.68
44569.21,102.68
44569.25,102.68
44569.29,102.68
44569.33,102.68
44569.38,102.68
44569.42,102.68
44569.46,102.68
44569.5,102.68
44569.54,102.68
44569.58,102.68
44569.62,102.68
44569.67,102.68
44569.71,102.68
44569.75,102.68
44569.79,102.68
44569.83,102.68
44569.88,102.68
44569.92,102.68
44569.96,102.68
44570,102.68
44570.04,102.68
44570.08,102.68
44570.12,102.68
44570.17,102.68
44570.21,102.68
44570.25,102.68
44570.29,102.68
44570.33,102.68
44570.38,102.68
44570.42,102.68
44570.46,102.68
44570.5,102.68
44570.54,102.68
44570.58,102.68
44570.62,102.68
44570.67,102.68
44570.71,102.68
44570.75,102.68
44570.79,102.68
44570.83,102.68
44570.88,102.68
44570.92,102.68
44570.96,102.68
44571,102.68
44571.04,102.68
44571.08,102.68
44571.12,102.68
44571.17,102.68
44571.21,102.68
44571.25,102.68
44571.29,102.68
44571.33,102.68
44571.38,102.68
44571.42,102.68
44571.46,102.68
44571.5,102.68
44571.54,102.68
44571.58,102.68
44571.62,102.68
44571.67,102.68
44571.71,102.68
44571.75,102.68
44571.79,102.68
44571.83,102.68
44571.88,102.68
44571.92,102.68
44571.96,102.68
44572,102.68
44572.04,102.68
44572.08,102.68
44572.12,102.68
44572.17,102.68
44572.21,102.68
44572.25,102.68
44572.29,102.68
44572.33,102.68
44572.38,102.68
44572.42,102.68
44572.46,102.68
44572.5,102.68
44572.54,102.68
44572.58,102.68
44572.62,102.68
44572.67,102.68
44572.71,102.68
44572.75,102.68
44572.79,102.68
44572.83,102.68
44572.88,102.68
44572.92,102.68
44572.96,102.68
44573,102.68
44573.04,102.68
44573.08,102.68
44573.12,102.68
44573.17,102.68
44573.21,102.68
44573.25,102.68
44573.29,102.68
44573.33,102.68
44573.38,102.68
44573.42,102.68
44573.46,102.68
44573.5,102.68
44573.54,102.68
44573.58,102.68
44573.62,102.68
44573.67,102.68
44573.71,102.68
44573.75,102.68
44573.79,102.68
44573.83,102.68
44573.88,102.68
44573.92,102.68
44573.96,102.68
44574,102.68
44574.04,102.68
44574.08,102.68
44574.12,102.68
44574.17,102.68
44574.21,102.68
44574.25,102.68
44574.29,102.68
44574.33,102.68
44574.38,102.68
44574.42,102.68
44574.46,102.68
44574.5,102.68
44574.54,102.68
44574.58,102.68
44574.62,102.68
44574.67,102.68
44574.71,102.68
44574.75,102.68
44574.79,102.68
44574.83,102.68
44574.88,102.68
44574.92,102.68
44574.96,102.68
44575,102.68
44575.04,102.68
44575.08,102.68
44575.12,102.68
44575.17,102.68
44575.21,102.68
44575.25,102.68
44575.29,102.68
44575.33,102.68
44575.38,102.68
44575.42,102.68
44575.46,102.68
44575.5,102.68
44575.54,102.68
44575.58,102.68
44575.62,102.68
44575.67,102.68
44575.71,102.68
44575.75,102.68
44575.79,102.68
44575.83,102.68
44575.88,102.68
44575.92,102.68
44575.96,102.68
44576,102.68
44576.04,102.68
44576.08,102.68
44576.12,102.68
44576.17,102.68
44576.21,102.68
44576.25,102.68
44576.29,102.68
44576.33,102.68
44576.38,102.68
44576.42,102.68
44576.46,102.68
44576.5,102.68
44576.54,102.68
44576.58,102.68
44576.62,102.68
44576.67,102.68
44576.71,102.68
44576.75,102.68
44576.79,102.68
44576.83,102.68
44576.88,102.68
44576.92,102.68
44576.96,102.68
44577,102.68
44577.04,102.68
44577.08,102.68
44577.12,102.68
44577.17,102.68
44577.21,102.68
44577.25,102.68
44577.29,102.68
44577.33,102.68
44577.38,102.68
44577.42,102.68
44577.46,102.68
44577.5,102.68
44577.54,102.68
44577.58,102.68
44577.62,102.68
44577.67,102.68
44577.71,102.68
44577.75,102.68
44577.79,102.68
44577.83,102.68
44577.88,102.68
44577.92,102.68
44577.96,102.68
44578,102.68
44578.04,102.68
44578.08,102.68
44578.12,102.68
44578.17,102.68
44578.21,102.68
44578.25,102.68
44578.29,102.68
44578.33,102.68
44578.38,102.68
44578.42,102.68
44578.46,102.68
44578.5,102.68
44578.54,102.68
44578.58,102.68
44578.62,102.68
44578.67,102.68
44578.71,102.68
44578.75,102.68
44578.79,102.68
44578.83,102.68
44578.88,102.68
44578.92,102.68
44578.96,102.68
44579,102.68
44579.04,102.68
44579.08,102.68
44579.12,102.68
44579.17,102.68
44579.21,102.68
44579.25,102.68
44579.29,102.68
44579.33,102.68
44579.38,102.68
44579.42,102.68
44579.46,102.68
44579.5,102.68
44579.54,102.68
44579.58,102.68
44579.62,102.68
44579.67,102.68
44579.71,102.68
44579.75,102.68
44579.79,102.68
44579.83,102.68
44579.88,102.68
44579.92,102.68
44579.96,102.68
44580,102.68
44580.04,102.68
44580.08,102.68
44580.12,102.68
44580.17,102.68
44580.21,102.68
44580.25,102.68
44580.29,102.68
44580.33,102.68
44580.38,102.68
44580.42,102.68
44580.46,102.68
44580.5,102.68
44580.54,102.68
44580.58,102.68
44580.62,102.68
44580.67,102.68
44580.71,102.68
44580.75,102.68
44580.79,102.68
44580.83,102.68
44580.88,102.68
44580.92,102.68
44580.96,102.68
44581,102.68
44581.04,102.68
44581.08,102.68
44581.12,102.68
44581.17,102.68
44581.21,102.68
44581.25,102.68
44581.29,102.68
44581.33,102.68
44581.38,102.68
44581.42,102.68
44581.46,102.68
44581.5,102.68
44581.54,102.68
44581.58,102.68
44581.62,102.68
44581.67,102.68
44581.71,102.68
44581.75,102.68
44581.79,102.68
44581.83,102.68
44581.88,102.68
44581.92,102.68
44581.96,102.68
44582,102.68
44582.04,102.68
44582.08,102.68
44582.12,102.68
44582.17,102.68
44582.21,102.68
44582.25,102.68
44582.29,102.68
44582.33,102.68
44582.38,102.68
44582.42,102.68
44582.46,102.68
44582.5,102.68
44582.54,102.68
44582.58,102.68
44582.62,102.68
44582.67,102.68
44582.71,102.68
44582.75,102.68
44582.79,102.68
44582.83,102.68
44582.88,102.68
44582.92,102.68
44582.96,102.68
44583,102.68
44583.04,102.68
44583.08,102.68
44583.12,102.68
44583.17,102.68
44583.21,102.68
44583.25,102.68
44583.29,102.68
44583.33,102.68
44583.38,102.68
44583.42,102.68
44583.46,102.68
44583.5,102.68
44583.54,102.68
44583.58,102.68
44583.62,102.68
44583.67,102.68
44583.71,102.68
44583.75,102.68
44583.79,102.68
44583.83,102.68
44583.88,102.68
44583.92,102.68
44583.96,102.68
44584,102.68
44584.04,102.68
44584.08,102.68
44584.12,102.68
44584.17,102.68
44584.21,102.68
44584.25,102.68
44584.29,102.68
44584.33,102.68
44584.38,102.68
44584.42,102.68
44584.46,102.68
44584.5,102.68
44584.54,102.68
44584.58,102.68
44584.62,102.68
44584.67,102.68
44584.71,102.68
44584.75,102.68
44584.79,102.68
44584.83,102.68
44584.88,102.68
44584.92,102.68
44584.96,102.68
44585,102.68
44585.04,102.68
44585.08,102.68
44585.12,102.68
44585.17,102.68
44585.21,102.68
44585.25,102.68
44585.29,102.68
44585.33,102.68
44585.38,102.68
44585.42,102.68
44585.46,102.68
44585.5,102.68
44585.54,102.68
44585.58,102.68
44585.62,102.68
44585.67,102.68
44585.71,102.68
44585.75,102.68
44585.79,102.68
44585.83,102.68
44585.88,102.68
44585.92,102.68
44585.96,102.68
44586,102.68
44586.04,102.68
44586.08,102.68
44586.12,102.68
44586.17,102.68
44586.21,102.68
44586.25,102.68
44586.29,102.68
44586.33,102.68
44586.38,102.68
44586.42,102.68
44586.46,102.68
44586.5,102.68
44586.54,102.68
44586.58,102.68
44586.62,102.68
44586.67,102.68
44586.71,102.68
44586.75,102.68
44586.79,102.68
44586.83,102.68
44586.88,102.68
44586.92,102.68
44586.96,102.68
44587,102.68
44587.04,102.68
44587.08,102.68
44587.12,102.68
44587.17,102.68
44587.21,102.68
44587.25,102.68
44587.29,102.68
44587.33,102.68
44587.38,102.68
44587.42,102.68
44587.46,102.68
44587.5,102.68
44587.54,102.68
44587.58,102.68
44587.62,102.68
44587.67,102.68
44587.71,102.68
44587.75,102.68
44587.79,102.68
44587.83,102.68
44587.88,102.68
44587.92,102.68
44587.96,102.68
44588,102.68
44588.04,102.68
44588.08,102.68
44588.12,102.68
44588.17,102.68
44588.21,102.68
44588.25,102.68
44588.29,102.68
44588.33,102.68
44588.38,102.68
44588.42,102.68
44588.46,102.68
44588.5,102.68
44588.54,102.68
44588.58,102.68
44588.62,102.68
44588.67,102.68
44588.71,102.68
44588.75,102.68
44588.79,102.68
44588.83,102.68
44588.88,102.68
44588.92,102.68
44588.96,102.68
44589,102.68
44589.04,102.68
44589.08,102.68
44589.12,102.68
44589.17,102.68
44589.21,102.68
44589.25,102.68
44589.29,102.68
44589.33,102.68
44589.38,102.68
44589.42,102.68
44589.46,102.68
44589.5,102.68
44589.54,102.68
44589.58,102.68
44589.62,102.68
44589.67,102.68
44589.71,102.68
44589.75,102.68
44589.79,102.68
44589.83,102.68
44589.88,102.68
44589.92,102.68
44589.96,102.68
44590,102.68
44590.04,102.68
44590.08,102.68
44590.12,102.68
44590.17,102.68
44590.21,102.68
44590.25,102.68
44590.29,102.68
44590.33,102.68
44590.38,102.68
44590.42,102.68
44590.46,102.68
44590.5,102.68
44590.54,102.68
44590.58,102.68
44590.62,102.68
44590.67,102.68
44590.71,102.68
44590.75,102.68
44590.79,102.68
44590.83,102.68
44590.88,102.68
44590.92,102.68
44590.96,102.68
44591,102.68
44591.04,102.68
44591.08,102.68
44591.12,102.68
44591.17,102.68
44591.21,102.68
44591.25,102.68
44591.29,102.68
44591.33,102.68
44591.38,102.68
44591.42,102.68
44591.46,102.68
44591.5,102.68
44591.54,102.68
44591.58,102.68
44591.62,102.68
44591.67,102.68
44591.71,102.68
44591.75,102.68
44591.79,102.68
44591.83,102.68
44591.88,102.68
44591.92,102.68
44591.96,102.68
44592,102.68
44592.04,102.68
44592.08,102.68
44592.12,102.68
44592.17,102.68
44592.21,102.68
44592.25,102.68
44592.29,102.68
44592.33,102.68
44592.38,102.68
44592.42,102.68
44592.46,102.68
44592.5,102.68
44592.54,102.68
44592.58,102.68
44592.62,102.68
44592.67,102.68
44592.71,102.68
44592.75,102.68
44592.79,102.68
44592.83,102.68
44592.88,102.68
44592.92,102.68
44592.96,102.68
44593,98.94
44593.04,98.94
44593.08,98.94
44593.12,98.94
44593.17,98.94
44593.21,98.94
44593.25,98.94
44593.29,98.94
44593.33,98.94
44593.38,98.94
44593.42,98.94
44593.46,98.94
44593.5,98.94
44593.54,98.94
44593.58,98.94
44593.62,98.94
44593.67,98.94
44593.71,98.94
44593.75,98.94
44593.79,98.94
44593.83,98.94
44593.88,98.94
44593.92,98.94
44593.96,98.94
44594,98.94
44594.04,98.94
44594.08,98.94
44594.12,98.94
44594.17,98.94
44594.21,98.94
44594.25,98.94
44594.29,98.94
44594.33,98.94
44594.38,98.94
44594.42,98.94
44594.46,98.94
44594.5,98.94
44594.54,98.94
44594.58,98.94
44594.62,98.94
44594.67,98.94
44594.71,98.94
44594.75,98.94
44594.79,98.94
44594.83,98.94
44594.88,98.94
44594.92,98.94
44594.96,98.94
44595,98.94
44595.04,98.94
44595.08,98.94
44595.12,98.94
44595.17,98.94
44595.21,98.94
44595.25,98.94
44595.29,98.94
44595.33,98.94
44595.38,98.94
44595.42,98.94
44595.46,98.94
44595.5,98.94
44595.54,98.94
44595.58,98.94
44595.62,98.94
44595.67,98.94
44595.71,98.94
44595.75,98.94
44595.79,98.94
44595.83,98.94
44595.88,98.94
44595.92,98.94
44595.96,98.94
44596,98.94
44596.04,98.94
44596.08,98.94
44596.12,98.94
44596.17,98.94
44596.21,98.94
44596.25,98.94
44596.29,98.94
44596.33,98.94
44596.38,98.94
44596.42,98.94
44596.46,98.94
44596.5,98.94
44596.54,98.94
44596.58,98.94
44596.62,98.94
44596.67,98.94
44596.71,98.94
44596.75,98.94
44596.79,98.94
44596.83,98.94
44596.88,98.94
44596.92,98.94
44596.96,98.94
44597,98.94
44597.04,98.94
44597.08,98.94
44597.12,98.94
44597.17,98.94
44597.21,98.94
44597.25,98.94
44597.29,98.94
44597.33,98.94
44597.38,98.94
44597.42,98.94
44597.46,98.94
44597.5,98.94
44597.54,98.94
44597.58,98.94
44597.62,98.94
44597.67,98.94
44597.71,98.94
44597.75,98.94
44597.79,98.94
44597.83,98.94
44597.88,98.94
44597.92,98.94
44597.96,98.94
44598,98.94
44598.04,98.94
44598.08,98.94
44598.12,98.94
44598.17,98.94
44598.21,98.94
44598.25,98.94
44598.29,98.94
44598.33,98.94
44598.38,98.94
44598.42,98.94
44598.46,98.94
44598.5,98.94
44598.54,98.94
44598.58,98.94
44598.62,98.94
44598.67,98.94
44598.71,98.94
44598.75,98.94
44598.79,98.94
44598.83,98.94
44598.88,98.94
44598.92,98.94
44598.96,98.94
44599,98.94
44599.04,98.94
44599.08,98.94
44599.12,98.94
44599.17,98.94
44599.21,98.94
44599.25,98.94
44599.29,98.94
44599.33,98.94
44599.38,98.94
44599.42,98.94
44599.46,98.94
44599.5,98.94
44599.54,98.94
44599.58,98.94
44599.62,98.94
44599.67,98.94
44599.71,98.94
44599.75,98.94
44599.79,98.94
44599.83,98.94
44599.88,98.94
44599.92,98.94
44599.96,98.94
44600,98.94
44600.04,98.94
44600.08,98.94
44600.12,98.94
44600.17,98.94
44600.21,98.94
44600.25,98.94
44600.29,98.94
44600.33,98.94
44600.38,98.94
44600.42,98.94
44600.46,98.94
44600.5,98.94
44600.54,98.94
44600.58,98.94
44600.62,98.94
44600.67,98.94
44600.71,98.94
44600.75,98.94
44600.79,98.94
44600.83,98.94
44600.88,98.94
44600.92,98.94
44600.96,98.94
44601,98.94
44601.04,98.94
44601.08,98.94
44601.12,98.94
44601.17,98.94
44601.21,98.94
44601.25,98.94
44601.29,98.94
44601.33,98.94
44601.38,98.94
44601.42,98.94
44601.46,98.94
44601.5,98.94
44601.54,98.94
44601.58,98.94
44601.62,98.94
44601.67,98.94
44601.71,98.94
44601.75,98.94
44601.79,98.94
44601.83,98.94
44601.88,98.94
44601.92,98.94
44601.96,98.94
44602,98.94
44602.04,98.94
44602.08,98.94
44602.12,98.94
44602.17,98.94
44602.21,98.94
44602.25,98.94
44602.29,98.94
44602.33,98.94
44602.38,98.94
44602.42,98.94
44602.46,98.94
44602.5,98.94
44602.54,98.94
44602.58,98.94
44602.62,98.94
44602.67,98.94
44602.71,98.94
44602.75,98.94
44602.79,98.94
44602.83,98.94
44602.88,98.94
44602.92,98.94
44602.96,98.94
44603,98.94
44603.04,98.94
44603.08,98.94
44603.12,98.94
44603.17,98.94
44603.21,98.94
44603.25,98.94
44603.29,98.94
44603.33,98.94
44603.38,98.94
44603.42,98.94
44603.46,98.94
44603.5,98.94
44603.54,98.94
44603.58,98.94
44603.62,98.94
44603.67,98.94
44603.71,98.94
44603.75,98.94
44603.79,98.94
44603.83,98.94
44603.88,98.94
44603.92,98.94
44603.96,98.94
44604,98.94
44604.04,98.94
44604.08,98.94
44604.12,98.94
44604.17,98.94
44604.21,98.94
44604.25,98.94
44604.29,98.94
44604.33,98.94
44604.38,98.94
44604.42,98.94
44604.46,98.94
44604.5,98.94
44604.54,98.94
44604.58,98.94
44604.62,98.94
44604.67,98.94
44604.71,98.94
44604.75,98.94
44604.79,98.94
44604.83,98.94
44604.88,98.94
44604.92,98.94
44604.96,98.94
44605,98.94
44605.04,98.94
44605.08,98.94
44605.12,98.94
44605.17,98.94
44605.21,98.94
44605.25,98.94
44605.29,98.94
44605.33,98.94
44605.38,98.94
44605.42,98.94
44605.46,98.94
44605.5,98.94
44605.54,98.94
44605.58,98.94
44605.62,98.94
44605.67,98.94
44605.71,98.94
44605.75,98.94
44605.79,98.94
44605.83,98.94
44605.88,98.94
44605.92,98.94
44605.96,98.94
44606,98.94
44606.04,98.94
44606.08,98.94
44606.12,98.94
44606.17,98.94
44606.21,98.94
44606.25,98.94
44606.29,98.94
44606.33,98.94
44606.38,98.94
44606.42,98.94
44606.46,98.94
44606.5,98.94
44606.54,98.94
44606.58,98.94
44606.62,98.94
44606.67,98.94
44606.71,98.94
44606.75,98.94
44606.79,98.94
44606.83,98.94
44606.88,98.94
44606.92,98.94
44606.96,98.94
44607,98.94
44607.04,98.94
44607.08,98.94
44607.12,98.94
44607.17,98.94
44607.21,98.94
44607.25,98.94
44607.29,98.94
44607.33,98.94
44607.38,98.94
44607.42,98.94
44607.46,98.94
44607.5,98.94
44607.54,98.94
44607.58,98.94
44607.62,98.94
44607.67,98.94
44607.71,98.94
44607.75,98.94
44607.79,98.94
44607.83,98.94
44607.88,98.94
44607.92,98.94
44607.96,98.94
44608,98.94
44608.04,98.94
44608.08,98.94
44608.12,98.94
44608.17,98.94
44608.21,98.94
44608.25,98.94
44608.29,98.94
44608.33,98.94
44608.38,98.94
44608.42,98.94
44608.46,98.94
44608.5,98.94
44608.54,98.94
44608.58,98.94
44608.62,98.94
44608.67,98.94
44608.71,98.94
44608.75,98.94
44608.79,98.94
44608.83,98.94
44608.88,98.94
44608.92,98.94
44608.96,98.94
44609,98.94
44609.04,98.94
44609.08,98.94
44609.12,98.94
44609.17,98.94
44609.21,98.94
44609.25,98.94
44609.29,98.94
44609.33,98.94
44609.38,98.94
44609.42,98.94
44609.46,98.94
44609.5,98.94
44609.54,98.94
44609.58,98.94
44609.62,98.94
44609.67,98.94
44609.71,98.94
44609.75,98.94
44609.79,98.94
44609.83,98.94
44609.88,98.94
44609.92,98.94
44609.96,98.94
44610,98.94
44610.04,98.94
44610.08,98.94
44610.12,98.94
44610.17,98.94
44610.21,98.94
44610.25,98.94
44610.29,98.94
44610.33,98.94
44610.38,98.94
44610.42,98.94
44610.46,98.94
44610.5,98.94
44610.54,98.94
44610.58,98.94
44610.62,98.94
44610.67,98.94
44610.71,98.94
44610.75,98.94
44610.79,98.94
44610.83,98.94
44610.88,98.94
44610.92,98.94
44610.96,98.94
44611,98.94
44611.04,98.94
44611.08,98.94
44611.12,98.94
44611.17,98.94
44611.21,98.94
44611.25,98.94
44611.29,98.94
44611.33,98.94
44611.38,98.94
44611.42,98.94
44611.46,98.94
44611.5,98.94
44611.54,98.94
44611.58,98.94
44611.62,98.94
44611.67,98.94
44611.71,98.94
44611.75,98.94
44611.79,98.94
44611.83,98.94
44611.88,98.94
44611.92,98.94
44611.96,98.94
44612,98.94
44612.04,98.94
44612.08,98.94
44612.12,98.94
44612.17,98.94
44612.21,98.94
44612.25,98.94
44612.29,98.94
44612.33,98.94
44612.38,98.94
44612.42,98.94
44612.46,98.94
44612.5,98.94
44612.54,98.94
44612.58,98.94
44612.62,98.94
44612.67,98.94
44612.71,98.94
44612.75,98.94
44612.79,98.94
44612.83,98.94
44612.88,98.94
44612.92,98.94
44612.96,98.94
44613,98.94
44613.04,98.94
44613.08,98.94
44613.12,98.94
44613.17,98.94
44613.21,98.94
44613.25,98.94
44613.29,98.94
44613.33,98.94
44613.38,98.94
44613.42,98.94
44613.46,98.94
44613.5,98.94
44613.54,98.94
44613.58,98.94
44613.62,98.94
44613.67,98.94
44613.71,98.94
44613.75,98.94
44613.79,98.94
44613.83,98.94
44613.88,98.94
44613.92,98.94
44613.96,98.94
44614,98.94
44614.04,98.94
44614.08,98.94
44614.12,98.94
44614.17,98.94
44614.21,98.94
44614.25,98.94
44614.29,98.94
44614.33,98.94
44614.38,98.94
44614.42,98.94
44614.46,98.94
44614.5,98.94
44614.54,98.94
44614.58,98.94
44614.62,98.94
44614.67,98.94
44614.71,98.94
44614.75,98.94
44614.79,98.94
44614.83,98.94
44614.88,98.94
44614.92,98.94
44614.96,98.94
44615,98.94
44615.04,98.94
44615.08,98.94
44615.12,98.94
44615.17,98.94
44615.21,98.94
44615.25,98.94
44615.29,98.94
44615.33,98.94
44615.38,98.94
44615.42,98.94
44615.46,98.94
44615.5,98.94
44615.54,98.94
44615.58,98.94
44615.62,98.94
44615.67,98.94
44615.71,98.94
44615.75,98.94
44615.79,98.94
44615.83,98.94
44615.88,98.94
44615.92,98.94
44615.96,98.94
44616,98.94
44616.04,98.94
44616.08,98.94
44616.12,98.94
44616.17,98.94
44616.21,98.94
44616.25,98.94
44616.29,98.94
44616.33,98.94
44616.38,98.94
44616.42,98.94
44616.46,98.94
44616.5,98.94
44616.54,98.94
44616.58,98.94
44616.62,98.94
44616.67,98.94
44616.71,98.94
44616.75,98.94
44616.79,98.94
44616.83,98.94
44616.88,98.94
44616.92,98.94
44616.96,98.94
44617,98.94
44617.04,98.94
44617.08,98.94
44617.12,98.94
44617.17,98.94
44617.21,98.94
44617.25,98.94
44617.29,98.94
44617.33,98.94
44617.38,98.94
44617.42,98.94
44617.46,98.94
44617.5,98.94
44617.54,98.94
44617.58,98.94
44617.62,98.94
44617.67,98.94
44617.71,98.94
44617.75,98.94
44617.79,98.94
44617.83,98.94
44617.88,98.94
44617.92,98.94
44617.96,98.94
44618,98.94
44618.04,98.94
44618.08,98.94
44618.12,98.94
44618.17,98.94
44618.21,98.94
44618.25,98.94
44618.29,98.94
44618.33,98.94
44618.38,98.94
44618.42,98.94
44618.46,98.94
44618.5,98.94
44618.54,98.94
44618.58,98.94
44618.62,98.94
44618.67,98.94
44618.71,98.94
44618.75,98.94
44618.79,98.94
44618.83,98.94
44618.88,98.94
44618.92,98.94
44618.96,98.94
44619,98.94
44619.04,98.94
44619.08,98.94
44619.12,98.94
44619.17,98.94
44619.21,98.94
44619.25,98.94
44619.29,98.94
44619.33,98.94
44619.38,98.94
44619.42,98.94
44619.46,98.94
44619.5,98.94
44619.54,98.94
44619.58,98.94
44619.62,98.94
44619.67,98.94
44619.71,98.94
44619.75,98.94
44619.79,98.94
44619.83,98.94
44619.88,98.94
44619.92,98.94
44619.96,98.94
44620,98.94
44620.04,98.94
44620.08,98.94
44620.12,98.94
44620.17,98.94
44620.21,98.94
44620.25,98.94
44620.29,98.94
44620.33,98.94
44620.38,98.94
44620.42,98.94
44620.46,98.94
44620.5,98.94
44620.54,98.94
44620.58,98.94
44620.62,98.94
44620.67,98.94
44620.71,98.94
44620.75,98.94
44620.79,98.94
44620.83,98.94
44620.88,98.94
44620.92,98.94
44620.96,98.94
44621,114.81
44621.04,114.81
44621.08,114.81
44621.12,114.81
44621.17,114.81
44621.21,114.81
44621.25,114.81
44621.29,114.81
44621.33,114.81
44621.38,114.81
44621.42,114.81
44621.46,114.81
44621.5,114.81
44621.54,114.81
44621.58,114.81
44621.62,114.81
44621.67,114.81
44621.71,114.81
44621.75,114.81
44621.79,114.81
44621.83,114.81
44621.88,114.81
44621.92,114.81
44621.96,114.81
44622,114.81
44622.04,114.81
44622.08,114.81
44622.12,114.81
44622.17,114.81
44622.21,114.81
44622.25,114.81
44622.29,114.81
44622.33,114.81
44622.38,114.81
44622.42,114.81
44622.46,114.81
44622.5,114.81
44622.54,114.81
44622.58,114.81
44622.62,114.81
44622.67,114.81
44622.71,114.81
44622.75,114.81
44622.79,114.81
44622.83,114.81
44622.88,114.81
44622.92,114.81
44622.96,114.81
44623,114.81
44623.04,114.81
44623.08,114.81
44623.12,114.81
44623.17,114.81
44623.21,114.81
44623.25,114.81
44623.29,114.81
44623.33,114.81
44623.38,114.81
44623.42,114.81
44623.46,114.81
44623.5,114.81
44623.54,114.81
44623.58,114.81
44623.62,114.81
44623.67,114.81
44623.71,114.81
44623.75,114.81
44623.79,114.81
44623.83,114.81
44623.88,114.81
44623.92,114.81
44623.96,114.81
44624,114.81
44624.04,114.81
44624.08,114.81
44624.12,114.81
44624.17,114.81
44624.21,114.81
44624.25,114.81
44624.29,114.81
44624.33,114.81
44624.38,114.81
44624.42,114.81
44624.46,114.81
44624.5,114.81
44624.54,114.81
44624.58,114.81
44624.62,114.81
44624.67,114.81
44624.71,114.81
44624.75,114.81
44624.79,114.81
44624.83,114.81
44624.88,114.81
44624.92,114.81
44624.96,114.81
44625,114.81
44625.04,114.81
44625.08,114.81
44625.12,114.81
44625.17,114.81
44625.21,114.81
44625.25,114.81
44625.29,114.81
44625.33,114.81
44625.38,114.81
44625.42,114.81
44625.46,114.81
44625.5,114.81
44625.54,114.81
44625.58,114.81
44625.62,114.81
44625.67,114.81
44625.71,114.81
44625.75,114.81
44625.79,114.81
44625.83,114.81
44625.88,114.81
44625.92,114.81
44625.96,114.81
44626,114.81
44626.04,114.81
44626.08,114.81
44626.12,114.81
44626.17,114.81
44626.21,114.81
44626.25,114.81
44626.29,114.81
44626.33,114.81
44626.38,114.81
44626.42,114.81
44626.46,114.81
44626.5,114.81
44626.54,114.81
44626.58,114.81
44626.62,114.81
44626.67,114.81
44626.71,114.81
44626.75,114.81
44626.79,114.81
44626.83,114.81
44626.88,114.81
44626.92,114.81
44626.96,114.81
44627,114.81
44627.04,114.81
44627.08,114.81
44627.12,114.81
44627.17,114.81
44627.21,114.81
44627.25,114.81
44627.29,114.81
44627.33,114.81
44627.38,114.81
44627.42,114.81
44627.46,114.81
44627.5,114.81
44627.54,114.81
44627.58,114.81
44627.62,114.81
44627.67,114.81
44627.71,114.81
44627.75,114.81
44627.79,114.81
44627.83,114.81
44627.88,114.81
44627.92,114.81
44627.96,114.81
44628,114.81
44628.04,114.81
44628.08,114.81
44628.12,114.81
44628.17,114.81
44628.21,114.81
44628.25,114.81
44628.29,114.81
44628.33,114.81
44628.38,114.81
44628.42,114.81
44628.46,114.81
44628.5,114.81
44628.54,114.81
44628.58,114.81
44628.62,114.81
44628.67,114.81
44628.71,114.81
44628.75,114.81
44628.79,114.81
44628.83,114.81
44628.88,114.81
44628.92,114.81
44628.96,114.81
44629,114.81
44629.04,114.81
44629.08,114.81
44629.12,114.81
44629.17,114.81
44629.21,114.81
44629.25,114.81
44629.29,114.81
44629.33,114.81
44629.38,114.81
44629.42,114.81
44629.46,114.81
44629.5,114.81
44629.54,114.81
44629.58,114.81
44629.62,114.81
44629.67,114.81
44629.71,114.81
44629.75,114.81
44629.79,114.81
44629.83,114.81
44629.88,114.81
44629.92,114.81
44629.96,114.81
44630,114.81
44630.04,114.81
44630.08,114.81
44630.12,114.81
44630.17,114.81
44630.21,114.81
44630.25,114.81
44630.29,114.81
44630.33,114.81
44630.38,114.81
44630.42,114.81
44630.46,114.81
44630.5,114.81
44630.54,114.81
44630.58,114.81
44630.62,114.81
44630.67,114.81
44630.71,114.81
44630.75,114.81
44630.79,114.81
44630.83,114.81
44630.88,114.81
44630.92,114.81
44630.96,114.81
44631,114.81
44631.04,114.81
44631.08,114.81
44631.12,114.81
44631.17,114.81
44631.21,114.81
44631.25,114.81
44631.29,114.81
44631.33,114.81
44631.38,114.81
44631.42,114.81
44631.46,114.81
44631.5,114.81
44631.54,114.81
44631.58,114.81
44631.62,114.81
44631.67,114.81
44631.71,114.81
44631.75,114.81
44631.79,114.81
44631.83,114.81
44631.88,114.81
44631.92,114.81
44631.96,114.81
44632,114.81
44632.04,114.81
44632.08,114.81
44632.12,114.81
44632.17,114.81
44632.21,114.81
44632.25,114.81
44632.29,114.81
44632.33,114.81
44632.38,114.81
44632.42,114.81
44632.46,114.81
44632.5,114.81
44632.54,114.81
44632.58,114.81
44632.62,114.81
44632.67,114.81
44632.71,114.81
44632.75,114.81
44632.79,114.81
44632.83,114.81
44632.88,114.81
44632.92,114.81
44632.96,114.81
44633,114.81
44633.04,114.81
44633.08,114.81
44633.12,114.81
44633.17,114.81
44633.21,114.81
44633.25,114.81
44633.29,114.81
44633.33,114.81
44633.38,114.81
44633.42,114.81
44633.46,114.81
44633.5,114.81
44633.54,114.81
44633.58,114.81
44633.62,114.81
44633.67,114.81
44633.71,114.81
44633.75,114.81
44633.79,114.81
44633.83,114.81
44633.88,114.81
44633.92,114.81
44633.96,114.81
44634,114.81
44634.04,114.81
44634.08,114.81
44634.12,114.81
44634.17,114.81
44634.21,114.81
44634.25,114.81
44634.29,114.81
44634.33,114.81
44634.38,114.81
44634.42,114.81
44634.46,114.81
44634.5,114.81
44634.54,114.81
44634.58,114.81
44634.62,114.81
44634.67,114.81
44634.71,114.81
44634.75,114.81
44634.79,114.81
44634.83,114.81
44634.88,114.81
44634.92,114.81
44634.96,114.81
44635,114.81
44635.04,114.81
44635.08,114.81
44635.12,114.81
44635.17,114.81
44635.21,114.81
44635.25,114.81
44635.29,114.81
44635.33,114.81
44635.38,114.81
44635.42,114.81
44635.46,114.81
44635.5,114.81
44635.54,114.81
44635.58,114.81
44635.62,114.81
44635.67,114.81
44635.71,114.81
44635.75,114.81
44635.79,114.81
44635.83,114.81
44635.88,114.81
44635.92,114.81
44635.96,114.81
44636,114.81
44636.04,114.81
44636.08,114.81
44636.12,114.81
44636.17,114.81
44636.21,114.81
44636.25,114.81
44636.29,114.81
44636.33,114.81
44636.38,114.81
44636.42,114.81
44636.46,114.81
44636.5,114.81
44636.54,114.81
44636.58,114.81
44636.62,114.81
44636.67,114.81
44636.71,114.81
44636.75,114.81
44636.79,114.81
44636.83,114.81
44636.88,114.81
44636.92,114.81
44636.96,114.81
44637,114.81
44637.04,114.81
44637.08,114.81
44637.12,114.81
44637.17,114.81
44637.21,114.81
44637.25,114.81
44637.29,114.81
44637.33,114.81
44637.38,114.81
44637.42,114.81
44637.46,114.81
44637.5,114.81
44637.54,114.81
44637.58,114.81
44637.62,114.81
44637.67,114.81
44637.71,114.81
44637.75,114.81
44637.79,114.81
44637.83,114.81
44637.88,114.81
44637.92,114.81
44637.96,114.81
44638,114.81
44638.04,114.81
44638.08,114.81
44638.12,114.81
44638.17,114.81
44638.21,114.81
44638.25,114.81
44638.29,114.81
44638.33,114.81
44638.38,114.81
44638.42,114.81
44638.46,114.81
44638.5,114.81
44638.54,114.81
44638.58,114.81
44638.62,114.81
44638.67,114.81
44638.71,114.81
44638.75,114.81
44638.79,114.81
44638.83,114.81
44638.88,114.81
44638.92,114.81
44638.96,114.81
44639,114.81
44639.04,114.81
44639.08,114.81
44639.12,114.81
44639.17,114.81
44639.21,114.81
44639.25,114.81
44639.29,114.81
44639.33,114.81
44639.38,114.81
44639.42,114.81
44639.46,114.81
44639.5,114.81
44639.54,114.81
44639.58,114.81
44639.62,114.81
44639.67,114.81
44639.71,114.81
44639.75,114.81
44639.79,114.81
44639.83,114.81
44639.88,114.81
44639.92,114.81
44639.96,114.81
44640,114.81
44640.04,114.81
44640.08,114.81
44640.12,114.81
44640.17,114.81
44640.21,114.81
44640.25,114.81
44640.29,114.81
44640.33,114.81
44640.38,114.81
44640.42,114.81
44640.46,114.81
44640.5,114.81
44640.54,114.81
44640.58,114.81
44640.62,114.81
44640.67,114.81
44640.71,114.81
44640.75,114.81
44640.79,114.81
44640.83,114.81
44640.88,114.81
44640.92,114.81
44640.96,114.81
44641,114.81
44641.04,114.81
44641.08,114.81
44641.12,114.81
44641.17,114.81
44641.21,114.81
44641.25,114.81
44641.29,114.81
44641.33,114.81
44641.38,114.81
44641.42,114.81
44641.46,114.81
44641.5,114.81
44641.54,114.81
44641.58,114.81
44641.62,114.81
44641.67,114.81
44641.71,114.81
44641.75,114.81
44641.79,114.81
44641.83,114.81
44641.88,114.81
44641.92,114.81
44641.96,114.81
44642,114.81
44642.04,114.81
44642.08,114.81
44642.12,114.81
44642.17,114.81
44642.21,114.81
44642.25,114.81
44642.29,114.81
44642.33,114.81
44642.38,114.81
44642.42,114.81
44642.46,114.81
44642.5,114.81
44642.54,114.81
44642.58,114.81
44642.62,114.81
44642.67,114.81
44642.71,114.81
44642.75,114.81
44642.79,114.81
44642.83,114.81
44642.88,114.81
44642.92,114.81
44642.96,114.81
44643,114.81
44643.04,114.81
44643.08,114.81
44643.12,114.81
44643.17,114.81
44643.21,114.81
44643.25,114.81
44643.29,114.81
44643.33,114.81
44643.38,114.81
44643.42,114.81
44643.46,114.81
44643.5,114.81
44643.54,114.81
44643.58,114.81
44643.62,114.81
44643.67,114.81
44643.71,114.81
44643.75,114.81
44643.79,114.81
44643.83,114.81
44643.88,114.81
44643.92,114.81
44643.96,114.81
44644,114.81
44644.04,114.81
44644.08,114.81
44644.12,114.81
44644.17,114.81
44644.21,114.81
44644.25,114.81
44644.29,114.81
44644.33,114.81
44644.38,114.81
44644.42,114.81
44644.46,114.81
44644.5,114.81
44644.54,114.81
44644.58,114.81
44644.62,114.81
44644.67,114.81
44644.71,114.81
44644.75,114.81
44644.79,114.81
44644.83,114.81
44644.88,114.81
44644.92,114.81
44644.96,114.81
44645,114.81
44645.04,114.81
44645.08,114.81
44645.12,114.81
44645.17,114.81
44645.21,114.81
44645.25,114.81
44645.29,114.81
44645.33,114.81
44645.38,114.81
44645.42,114.81
44645.46,114.81
44645.5,114.81
44645.54,114.81
44645.58,114.81
44645.62,114.81
44645.67,114.81
44645.71,114.81
44645.75,114.81
44645.79,114.81
44645.83,114.81
44645.88,114.81
44645.92,114.81
44645.96,114.81
44646,114.81
44646.04,114.81
44646.08,114.81
44646.12,114.81
44646.17,114.81
44646.21,114.81
44646.25,114.81
44646.29,114.81
44646.33,114.81
44646.38,114.81
44646.42,114.81
44646.46,114.81
44646.5,114.81
44646.54,114.81
44646.58,114.81
44646.62,114.81
44646.67,114.81
44646.71,114.81
44646.75,114.81
44646.79,114.81
44646.83,114.81
44646.88,114.81
44646.92,114.81
44646.96,114.81
44647,114.81
44647.04,114.81
44647.08,114.81
44647.12,114.81
44647.17,114.81
44647.21,114.81
44647.25,114.81
44647.29,114.81
44647.33,114.81
44647.38,114.81
44647.42,114.81
44647.46,114.81
44647.5,114.81
44647.54,114.81
44647.58,114.81
44647.62,114.81
44647.67,114.81
44647.71,114.81
44647.75,114.81
44647.79,114.81
44647.83,114.81
44647.88,114.81
44647.92,114.81
44647.96,114.81
44648,114.81
44648.04,114.81
44648.08,114.81
44648.12,114.81
44648.17,114.81
44648.21,114.81
44648.25,114.81
44648.29,114.81
44648.33,114.81
44648.38,114.81
44648.42,114.81
44648.46,114.81
44648.5,114.81
44648.54,114.81
44648.58,114.81
44648.62,114.81
44648.67,114.81
44648.71,114.81
44648.75,114.81
44648.79,114.81
44648.83,114.81
44648.88,114.81
44648.92,114.81
44648.96,114.81
44649,114.81
44649.04,114.81
44649.08,114.81
44649.12,114.81
44649.17,114.81
44649.21,114.81
44649.25,114.81
44649.29,114.81
44649.33,114.81
44649.38,114.81
44649.42,114.81
44649.46,114.81
44649.5,114.81
44649.54,114.81
44649.58,114.81
44649.62,114.81
44649.67,114.81
44649.71,114.81
44649.75,114.81
44649.79,114.81
44649.83,114.81
44649.88,114.81
44649.92,114.81
44649.96,114.81
44650,114.81
44650.04,114.81
44650.08,114.81
44650.12,114.81
44650.17,114.81
44650.21,114.81
44650.25,114.81
44650.29,114.81
44650.33,114.81
44650.38,114.81
44650.42,114.81
44650.46,114.81
44650.5,114.81
44650.54,114.81
44650.58,114.81
44650.62,114.81
44650.67,114.81
44650.71,114.81
44650.75,114.81
44650.79,114.81
44650.83,114.81
44650.88,114.81
44650.92,114.81
44650.96,114.81
44651,114.81
44651.04,114.81
44651.08,114.81
44651.12,114.81
44651.17,114.81
44651.21,114.81
44651.25,114.81
44651.29,114.81
44651.33,114.81
44651.38,114.81
44651.42,114.81
44651.46,114.81
44651.5,114.81
44651.54,114.81
44651.58,114.81
44651.62,114.81
44651.67,114.81
44651.71,114.81
44651.75,114.81
44651.79,114.81
44651.83,114.81
44651.88,114.81
44651.92,114.81
44651.96,114.81
44652,274.53
44652.04,274.53
44652.08,274.53
44652.12,274.53
44652.17,274.53
44652.21,274.53
44652.25,274.53
44652.29,274.53
44652.33,274.53
44652.38,274.53
44652.42,274.53
44652.46,274.53
44652.5,274.53
44652.54,274.53
44652.58,274.53
44652.62,274.53
44652.67,274.53
44652.71,274.53
44652.75,274.53
44652.79,274.53
44652.83,274.53
44652.88,274.53
44652.92,274.53
44652.96,274.53
44653,274.53
44653.04,274.53
44653.08,274.53
44653.12,274.53
44653.17,274.53
44653.21,274.53
44653.25,274.53
44653.29,274.53
44653.33,274.53
44653.38,274.53
44653.42,274.53
44653.46,274.53
44653.5,274.53
44653.54,274.53
44653.58,274.53
44653.62,274.53
44653.67,274.53
44653.71,274.53
44653.75,274.53
44653.79,274.53
44653.83,274.53
44653.88,274.53
44653.92,274.53
44653.96,274.53
44654,274.53
44654.04,274.53
44654.08,274.53
44654.12,274.53
44654.17,274.53
44654.21,274.53
44654.25,274.53
44654.29,274.53
44654.33,274.53
44654.38,274.53
44654.42,274.53
44654.46,274.53
44654.5,274.53
44654.54,274.53
44654.58,274.53
44654.62,274.53
44654.67,274.53
44654.71,274.53
44654.75,274.53
44654.79,274.53
44654.83,274.53
44654.88,274.53
44654.92,274.53
44654.96,274.53
44655,274.53
44655.04,274.53
44655.08,274.53
44655.12,274.53
44655.17,274.53
44655.21,274.53
44655.25,274.53
44655.29,274.53
44655.33,274.53
44655.38,274.53
44655.42,274.53
44655.46,274.53
44655.5,274.53
44655.54,274.53
44655.58,274.53
44655.62,274.53
44655.67,274.53
44655.71,274.53
44655.75,274.53
44655.79,274.53
44655.83,274.53
44655.88,274.53
44655.92,274.53
44655.96,274.53
44656,274.53
44656.04,274.53
44656.08,274.53
44656.12,274.53
44656.17,274.53
44656.21,274.53
44656.25,274.53
44656.29,274.53
44656.33,274.53
44656.38,274.53
44656.42,274.53
44656.46,274.53
44656.5,274.53
44656.54,274.53
44656.58,274.53
44656.62,274.53
44656.67,274.53
44656.71,274.53
44656.75,274.53
44656.79,274.53
44656.83,274.53
44656.88,274.53
44656.92,274.53
44656.96,274.53
44657,274.53
44657.04,274.53
44657.08,274.53
44657.12,274.53
44657.17,274.53
44657.21,274.53
44657.25,274.53
44657.29,274.53
44657.33,274.53
44657.38,274.53
44657.42,274.53
44657.46,274.53
44657.5,274.53
44657.54,274.53
44657.58,274.53
44657.62,274.53
44657.67,274.53
44657.71,274.53
44657.75,274.53
44657.79,274.53
44657.83,274.53
44657.88,274.53
44657.92,274.53
44657.96,274.53
44658,274.53
44658.04,274.53
44658.08,274.53
44658.12,274.53
44658.17,274.53
44658.21,274.53
44658.25,274.53
44658.29,274.53
44658.33,274.53
44658.38,274.53
44658.42,274.53
44658.46,274.53
44658.5,274.53
44658.54,274.53
44658.58,274.53
44658.62,274.53
44658.67,274.53
44658.71,274.53
44658.75,274.53
44658.79,274.53
44658.83,274.53
44658.88,274.53
44658.92,274.53
44658.96,274.53
44659,274.53
44659.04,274.53
44659.08,274.53
44659.12,274.53
44659.17,274.53
44659.21,274.53
44659.25,274.53
44659.29,274.53
44659.33,274.53
44659.38,274.53
44659.42,274.53
44659.46,274.53
44659.5,274.53
44659.54,274.53
44659.58,274.53
44659.62,274.53
44659.67,274.53
44659.71,274.53
44659.75,274.53
44659.79,274.53
44659.83,274.53
44659.88,274.53
44659.92,274.53
44659.96,274.53
44660,274.53
44660.04,274.53
44660.08,274.53
44660.12,274.53
44660.17,274.53
44660.21,274.53
44660.25,274.53
44660.29,274.53
44660.33,274.53
44660.38,274.53
44660.42,274.53
44660.46,274.53
44660.5,274.53
44660.54,274.53
44660.58,274.53
44660.62,274.53
44660.67,274.53
44660.71,274.53
44660.75,274.53
44660.79,274.53
44660.83,274.53
44660.88,274.53
44660.92,274.53
44660.96,274.53
44661,274.53
44661.04,274.53
44661.08,274.53
44661.12,274.53
44661.17,274.53
44661.21,274.53
44661.25,274.53
44661.29,274.53
44661.33,274.53
44661.38,274.53
44661.42,274.53
44661.46,274.53
44661.5,274.53
44661.54,274.53
44661.58,274.53
44661.62,274.53
44661.67,274.53
44661.71,274.53
44661.75,274.53
44661.79,274.53
44661.83,274.53
44661.88,274.53
44661.92,274.53
44661.96,274.53
44662,274.53
44662.04,274.53
44662.08,274.53
44662.12,274.53
44662.17,274.53
44662.21,274.53
44662.25,274.53
44662.29,274.53
44662.33,274.53
44662.38,274.53
44662.42,274.53
44662.46,274.53
44662.5,274.53
44662.54,274.53
44662.58,274.53
44662.62,274.53
44662.67,274.53
44662.71,274.53
44662.75,274.53
44662.79,274.53
44662.83,274.53
44662.88,274.53
44662.92,274.53
44662.96,274.53
44663,274.53
44663.04,274.53
44663.08,274.53
44663.12,274.53
44663.17,274.53
44663.21,274.53
44663.25,274.53
44663.29,274.53
44663.33,274.53
44663.38,274.53
44663.42,274.53
44663.46,274.53
44663.5,274.53
44663.54,274.53
44663.58,274.53
44663.62,274.53
44663.67,274.53
44663.71,274.53
44663.75,274.53
44663.79,274.53
44663.83,274.53
44663.88,274.53
44663.92,274.53
44663.96,274.53
44664,274.53
44664.04,274.53
44664.08,274.53
44664.12,274.53
44664.17,274.53
44664.21,274.53
44664.25,274.53
44664.29,274.53
44664.33,274.53
44664.38,274.53
44664.42,274.53
44664.46,274.53
44664.5,274.53
44664.54,274.53
44664.58,274.53
44664.62,274.53
44664.67,274.53
44664.71,274.53
44664.75,274.53
44664.79,274.53
44664.83,274.53
44664.88,274.53
44664.92,274.53
44664.96,274.53
44665,274.53
44665.04,274.53
44665.08,274.53
44665.12,274.53
44665.17,274.53
44665.21,274.53
44665.25,274.53
44665.29,274.53
44665.33,274.53
44665.38,274.53
44665.42,274.53
44665.46,274.53
44665.5,274.53
44665.54,274.53
44665.58,274.53
44665.62,274.53
44665.67,274.53
44665.71,274.53
44665.75,274.53
44665.79,274.53
44665.83,274.53
44665.88,274.53
44665.92,274.53
44665.96,274.53
44666,274.53
44666.04,274.53
44666.08,274.53
44666.12,274.53
44666.17,274.53
44666.21,274.53
44666.25,274.53
44666.29,274.53
44666.33,274.53
44666.38,274.53
44666.42,274.53
44666.46,274.53
44666.5,274.53
44666.54,274.53
44666.58,274.53
44666.62,274.53
44666.67,274.53
44666.71,274.53
44666.75,274.53
44666.79,274.53
44666.83,274.53
44666.88,274.53
44666.92,274.53
44666.96,274.53
44667,274.53
44667.04,274.53
44667.08,274.53
44667.12,274.53
44667.17,274.53
44667.21,274.53
44667.25,274.53
44667.29,274.53
44667.33,274.53
44667.38,274.53
44667.42,274.53
44667.46,274.53
44667.5,274.53
44667.54,274.53
44667.58,274.53
44667.62,274.53
44667.67,274.53
44667.71,274.53
44667.75,274.53
44667.79,274.53
44667.83,274.53
44667.88,274.53
44667.92,274.53
44667.96,274.53
44668,274.53
44668.04,274.53
44668.08,274.53
44668.12,274.53
44668.17,274.53
44668.21,274.53
44668.25,274.53
44668.29,274.53
44668.33,274.53
44668.38,274.53
44668.42,274.53
44668.46,274.53
44668.5,274.53
44668.54,274.53
44668.58,274.53
44668.62,274.53
44668.67,274.53
44668.71,274.53
44668.75,274.53
44668.79,274.53
44668.83,274.53
44668.88,274.53
44668.92,274.53
44668.96,274.53
44669,274.53
44669.04,274.53
44669.08,274.53
44669.12,274.53
44669.17,274.53
44669.21,274.53
44669.25,274.53
44669.29,274.53
44669.33,274.53
44669.38,274.53
44669.42,274.53
44669.46,274.53
44669.5,274.53
44669.54,274.53
44669.58,274.53
44669.62,274.53
44669.67,274.53
44669.71,274.53
44669.75,274.53
44669.79,274.53
44669.83,274.53
44669.88,274.53
44669.92,274.53
44669.96,274.53
44670,274.53
44670.04,274.53
44670.08,274.53
44670.12,274.53
44670.17,274.53
44670.21,274.53
44670.25,274.53
44670.29,274.53
44670.33,274.53
44670.38,274.53
44670.42,274.53
44670.46,274.53
44670.5,274.53
44670.54,274.53
44670.58,274.53
44670.62,274.53
44670.67,274.53
44670.71,274.53
44670.75,274.53
44670.79,274.53
44670.83,274.53
44670.88,274.53
44670.92,274.53
44670.96,274.53
44671,274.53
44671.04,274.53
44671.08,274.53
44671.12,274.53
44671.17,274.53
44671.21,274.53
44671.25,274.53
44671.29,274.53
44671.33,274.53
44671.38,274.53
44671.42,274.53
44671.46,274.53
44671.5,274.53
44671.54,274.53
44671.58,274.53
44671.62,274.53
44671.67,274.53
44671.71,274.53
44671.75,274.53
44671.79,274.53
44671.83,274.53
44671.88,274.53
44671.92,274.53
44671.96,274.53
44672,274.53
44672.04,274.53
44672.08,274.53
44672.12,274.53
44672.17,274.53
44672.21,274.53
44672.25,274.53
44672.29,274.53
44672.33,274.53
44672.38,274.53
44672.42,274.53
44672.46,274.53
44672.5,274.53
44672.54,274.53
44672.58,274.53
44672.62,274.53
44672.67,274.53
44672.71,274.53
44672.75,274.53
44672.79,274.53
44672.83,274.53
44672.88,274.53
44672.92,274.53
44672.96,274.53
44673,274.53
44673.04,274.53
44673.08,274.53
44673.12,274.53
44673.17,274.53
44673.21,274.53
44673.25,274.53
44673.29,274.53
44673.33,274.53
44673.38,274.53
44673.42,274.53
44673.46,274.53
44673.5,274.53
44673.54,274.53
44673.58,274.53
44673.62,274.53
44673.67,274.53
44673.71,274.53
44673.75,274.53
44673.79,274.53
44673.83,274.53
44673.88,274.53
44673.92,274.53
44673.96,274.53
44674,274.53
44674.04,274.53
44674.08,274.53
44674.12,274.53
44674.17,274.53
44674.21,274.53
44674.25,274.53
44674.29,274.53
44674.33,274.53
44674.38,274.53
44674.42,274.53
44674.46,274.53
44674.5,274.53
44674.54,274.53
44674.58,274.53
44674.62,274.53
44674.67,274.53
44674.71,274.53
44674.75,274.53
44674.79,274.53
44674.83,274.53
44674.88,274.53
44674.92,274.53
44674.96,274.53
44675,274.53
44675.04,274.53
44675.08,274.53
44675.12,274.53
44675.17,274.53
44675.21,274.53
44675.25,274.53
44675.29,274.53
44675.33,274.53
44675.38,274.53
44675.42,274.53
44675.46,274.53
44675.5,274.53
44675.54,274.53
44675.58,274.53
44675.62,274.53
44675.67,274.53
44675.71,274.53
44675.75,274.53
44675.79,274.53
44675.83,274.53
44675.88,274.53
44675.92,274.53
44675.96,274.53
44676,274.53
44676.04,274.53
44676.08,274.53
44676.12,274.53
44676.17,274.53
44676.21,274.53
44676.25,274.53
44676.29,274.53
44676.33,274.53
44676.38,274.53
44676.42,274.53
44676.46,274.53
44676.5,274.53
44676.54,274.53
44676.58,274.53
44676.62,274.53
44676.67,274.53
44676.71,274.53
44676.75,274.53
44676.79,274.53
44676.83,274.53
44676.88,274.53
44676.92,274.53
44676.96,274.53
44677,274.53
44677.04,274.53
44677.08,274.53
44677.12,274.53
44677.17,274.53
44677.21,274.53
44677.25,274.53
44677.29,274.53
44677.33,274.53
44677.38,274.53
44677.42,274.53
44677.46,274.53
44677.5,274.53
44677.54,274.53
44677.58,274.53
44677.62,274.53
44677.67,274.53
44677.71,274.53
44677.75,274.53
44677.79,274.53
44677.83,274.53
44677.88,274.53
44677.92,274.53
44677.96,274.53
44678,274.53
44678.04,274.53
44678.08,274.53
44678.12,274.53
44678.17,274.53
44678.21,274.53
44678.25,274.53
44678.29,274.53
44678.33,274.53
44678.38,274.53
44678.42,274.53
44678.46,274.53
44678.5,274.53
44678.54,274.53
44678.58,274.53
44678.62,274.53
44678.67,274.53
44678.71,274.53
44678.75,274.53
44678.79,274.53
44678.83,274.53
44678.88,274.53
44678.92,274.53
44678.96,274.53
44679,274.53
44679.04,274.53
44679.08,274.53
44679.12,274.53
44679.17,274.53
44679.21,274.53
44679.25,274.53
44679.29,274.53
44679.33,274.53
44679.38,274.53
44679.42,274.53
44679.46,274.53
44679.5,274.53
44679.54,274.53
44679.58,274.53
44679.62,274.53
44679.67,274.53
44679.71,274.53
44679.75,274.53
44679.79,274.53
44679.83,274.53
44679.88,274.53
44679.92,274.53
44679.96,274.53
44680,274.53
44680.04,274.53
44680.08,274.53
44680.12,274.53
44680.17,274.53
44680.21,274.53
44680.25,274.53
44680.29,274.53
44680.33,274.53
44680.38,274.53
44680.42,274.53
44680.46,274.53
44680.5,274.53
44680.54,274.53
44680.58,274.53
44680.62,274.53
44680.67,274.53
44680.71,274.53
44680.75,274.53
44680.79,274.53
44680.83,274.53
44680.88,274.53
44680.92,274.53
44680.96,274.53
44681,274.53
44681.04,274.53
44681.08,274.53
44681.12,274.53
44681.17,274.53
44681.21,274.53
44681.25,274.53
44681.29,274.53
44681.33,274.53
44681.38,274.53
44681.42,274.53
44681.46,274.53
44681.5,274.53
44681.54,274.53
44681.58,274.53
44681.62,274.53
44681.67,274.53
44681.71,274.53
44681.75,274.53
44681.79,274.53
44681.83,274.53
44681.88,274.53
44681.92,274.53
44681.96,274.53
44682,91.45
44682.04,91.45
44682.08,91.45
44682.12,91.45
44682.17,91.45
44682.21,91.45
44682.25,91.45
44682.29,91.45
44682.33,91.45
44682.38,91.45
44682.42,91.45
44682.46,91.45
44682.5,91.45
44682.54,91.45
44682.58,91.45
44682.62,91.45
44682.67,91.45
44682.71,91.45
44682.75,91.45
44682.79,91.45
44682.83,91.45
44682.88,91.45
44682.92,91.45
44682.96,91.45
44683,91.45
44683.04,91.45
44683.08,91.45
44683.12,91.45
44683.17,91.45
44683.21,91.45
44683.25,91.45
44683.29,91.45
44683.33,91.45
44683.38,91.45
44683.42,91.45
44683.46,91.45
44683.5,91.45
44683.54,91.45
44683.58,91.45
44683.62,91.45
44683.67,91.45
44683.71,91.45
44683.75,91.45
44683.79,91.45
44683.83,91.45
44683.88,91.45
44683.92,91.45
44683.96,91.45
44684,91.45
44684.04,91.45
44684.08,91.45
44684.12,91.45
44684.17,91.45
44684.21,91.45
44684.25,91.45
44684.29,91.45
44684.33,91.45
44684.38,91.45
44684.42,91.45
44684.46,91.45
44684.5,91.45
44684.54,91.45
44684.58,91.45
44684.62,91.45
44684.67,91.45
44684.71,91.45
44684.75,91.45
44684.79,91.45
44684.83,91.45
44684.88,91.45
44684.92,91.45
44684.96,91.45
44685,91.45
44685.04,91.45
44685.08,91.45
44685.12,91.45
44685.17,91.45
44685.21,91.45
44685.25,91.45
44685.29,91.45
44685.33,91.45
44685.38,91.45
44685.42,91.45
44685.46,91.45
44685.5,91.45
44685.54,91.45
44685.58,91.45
44685.62,91.45
44685.67,91.45
44685.71,91.45
44685.75,91.45
44685.79,91.45
44685.83,91.45
44685.88,91.45
44685.92,91.45
44685.96,91.45
44686,91.45
44686.04,91.45
44686.08,91.45
44686.12,91.45
44686.17,91.45
44686.21,91.45
44686.25,91.45
44686.29,91.45
44686.33,91.45
44686.38,91.45
44686.42,91.45
44686.46,91.45
44686.5,91.45
44686.54,91.45
44686.58,91.45
44686.62,91.45
44686.67,91.45
44686.71,91.45
44686.75,91.45
44686.79,91.45
44686.83,91.45
44686.88,91.45
44686.92,91.45
44686.96,91.45
44687,91.45
44687.04,91.45
44687.08,91.45
44687.12,91.45
44687.17,91.45
44687.21,91.45
44687.25,91.45
44687.29,91.45
44687.33,91.45
44687.38,91.45
44687.42,91.45
44687.46,91.45
44687.5,91.45
44687.54,91.45
44687.58,91.45
44687.62,91.45
44687.67,91.45
44687.71,91.45
44687.75,91.45
44687.79,91.45
44687.83,91.45
44687.88,91.45
44687.92,91.45
44687.96,91.45
44688,91.45
44688.04,91.45
44688.08,91.45
44688.12,91.45
44688.17,91.45
44688.21,91.45
44688.25,91.45
44688.29,91.45
44688.33,91.45
44688.38,91.45
44688.42,91.45
44688.46,91.45
44688.5,91.45
44688.54,91.45
44688.58,91.45
44688.62,91.45
44688.67,91.45
44688.71,91.45
44688.75,91.45
44688.79,91.45
44688.83,91.45
44688.88,91.45
44688.92,91.45
44688.96,91.45
44689,91.45
44689.04,91.45
44689.08,91.45
44689.12,91.45
44689.17,91.45
44689.21,91.45
44689.25,91.45
44689.29,91.45
44689.33,91.45
44689.38,91.45
44689.42,91.45
44689.46,91.45
44689.5,91.45
44689.54,91.45
44689.58,91.45
44689.62,91.45
44689.67,91.45
44689.71,91.45
44689.75,91.45
44689.79,91.45
44689.83,91.45
44689.88,91.45
44689.92,91.45
44689.96,91.45
44690,91.45
44690.04,91.45
44690.08,91.45
44690.12,91.45
44690.17,91.45
44690.21,91.45
44690.25,91.45
44690.29,91.45
44690.33,91.45
44690.38,91.45
44690.42,91.45
44690.46,91.45
44690.5,91.45
44690.54,91.45
44690.58,91.45
44690.62,91.45
44690.67,91.45
44690.71,91.45
44690.75,91.45
44690.79,91.45
44690.83,91.45
44690.88,91.45
44690.92,91.45
44690.96,91.45
44691,91.45
44691.04,91.45
44691.08,91.45
44691.12,91.45
44691.17,91.45
44691.21,91.45
44691.25,91.45
44691.29,91.45
44691.33,91.45
44691.38,91.45
44691.42,91.45
44691.46,91.45
44691.5,91.45
44691.54,91.45
44691.58,91.45
44691.62,91.45
44691.67,91.45
44691.71,91.45
44691.75,91.45
44691.79,91.45
44691.83,91.45
44691.88,91.45
44691.92,91.45
44691.96,91.45
44692,91.45
44692.04,91.45
44692.08,91.45
44692.12,91.45
44692.17,91.45
44692.21,91.45
44692.25,91.45
44692.29,91.45
44692.33,91.45
44692.38,91.45
44692.42,91.45
44692.46,91.45
44692.5,91.45
44692.54,91.45
44692.58,91.45
44692.62,91.45
44692.67,91.45
44692.71,91.45
44692.75,91.45
44692.79,91.45
44692.83,91.45
44692.88,91.45
44692.92,91.45
44692.96,91.45
44693,91.45
44693.04,91.45
44693.08,91.45
44693.12,91.45
44693.17,91.45
44693.21,91.45
44693.25,91.45
44693.29,91.45
44693.33,91.45
44693.38,91.45
44693.42,91.45
44693.46,91.45
44693.5,91.45
44693.54,91.45
44693.58,91.45
44693.62,91.45
44693.67,91.45
44693.71,91.45
44693.75,91.45
44693.79,91.45
44693.83,91.45
44693.88,91.45
44693.92,91.45
44693.96,91.45
44694,91.45
44694.04,91.45
44694.08,91.45
44694.12,91.45
44694.17,91.45
44694.21,91.45
44694.25,91.45
44694.29,91.45
44694.33,91.45
44694.38,91.45
44694.42,91.45
44694.46,91.45
44694.5,91.45
44694.54,91.45
44694.58,91.45
44694.62,91.45
44694.67,91.45
44694.71,91.45
44694.75,91.45
44694.79,91.45
44694.83,91.45
44694.88,91.45
44694.92,91.45
44694.96,91.45
44695,91.45
44695.04,91.45
44695.08,91.45
44695.12,91.45
44695.17,91.45
44695.21,91.45
44695.25,91.45
44695.29,91.45
44695.33,91.45
44695.38,91.45
44695.42,91.45
44695.46,91.45
44695.5,91.45
44695.54,91.45
44695.58,91.45
44695.62,91.45
44695.67,91.45
44695.71,91.45
44695.75,91.45
44695.79,91.45
44695.83,91.45
44695.88,91.45
44695.92,91.45
44695.96,91.45
44696,91.45
44696.04,91.45
44696.08,91.45
44696.12,91.45
44696.17,91.45
44696.21,91.45
44696.25,91.45
44696.29,91.45
44696.33,91.45
44696.38,91.45
44696.42,91.45
44696.46,91.45
44696.5,91.45
44696.54,91.45
44696.58,91.45
44696.62,91.45
44696.67,91.45
44696.71,91.45
44696.75,91.45
44696.79,91.45
44696.83,91.45
44696.88,91.45
44696.92,91.45
44696.96,91.45
44697,91.45
44697.04,91.45
44697.08,91.45
44697.12,91.45
44697.17,91.45
44697.21,91.45
44697.25,91.45
44697.29,91.45
44697.33,91.45
44697.38,91.45
44697.42,91.45
44697.46,91.45
44697.5,91.45
44697.54,91.45
44697.58,91.45
44697.62,91.45
44697.67,91.45
44697.71,91.45
44697.75,91.45
44697.79,91.45
44697.83,91.45
44697.88,91.45
44697.92,91.45
44697.96,91.45
44698,91.45
44698.04,91.45
44698.08,91.45
44698.12,91.45
44698.17,91.45
44698.21,91.45
44698.25,91.45
44698.29,91.45
44698.33,91.45
44698.38,91.45
44698.42,91.45
44698.46,91.45
44698.5,91.45
44698.54,91.45
44698.58,91.45
44698.62,91.45
44698.67,91.45
44698.71,91.45
44698.75,91.45
44698.79,91.45
44698.83,91.45
44698.88,91.45
44698.92,91.45
44698.96,91.45
44699,91.45
44699.04,91.45
44699.08,91.45
44699.12,91.45
44699.17,91.45
44699.21,91.45
44699.25,91.45
44699.29,91.45
44699.33,91.45
44699.38,91.45
44699.42,91.45
44699.46,91.45
44699.5,91.45
44699.54,91.45
44699.58,91.45
44699.62,91.45
44699.67,91.45
44699.71,91.45
44699.75,91.45
44699.79,91.45
44699.83,91.45
44699.88,91.45
44699.92,91.45
44699.96,91.45
44700,91.45
44700.04,91.45
44700.08,91.45
44700.12,91.45
44700.17,91.45
44700.21,91.45
44700.25,91.45
44700.29,91.45
44700.33,91.45
44700.38,91.45
44700.42,91.45
44700.46,91.45
44700.5,91.45
44700.54,91.45
44700.58,91.45
44700.62,91.45
44700.67,91.45
44700.71,91.45
44700.75,91.45
44700.79,91.45
44700.83,91.45
44700.88,91.45
44700.92,91.45
44700.96,91.45
44701,91.45
44701.04,91.45
44701.08,91.45
44701.12,91.45
44701.17,91.45
44701.21,91.45
44701.25,91.45
44701.29,91.45
44701.33,91.45
44701.38,91.45
44701.42,91.45
44701.46,91.45
44701.5,91.45
44701.54,91.45
44701.58,91.45
44701.62,91.45
44701.67,91.45
44701.71,91.45
44701.75,91.45
44701.79,91.45
44701.83,91.45
44701.88,91.45
44701.92,91.45
44701.96,91.45
44702,91.45
44702.04,91.45
44702.08,91.45
44702.12,91.45
44702.17,91.45
44702.21,91.45
44702.25,91.45
44702.29,91.45
44702.33,91.45
44702.38,91.45
44702.42,91.45
44702.46,91.45
44702.5,91.45
44702.54,91.45
44702.58,91.45
44702.62,91.45
44702.67,91.45
44702.71,91.45
44702.75,91.45
44702.79,91.45
44702.83,91.45
44702.88,91.45
44702.92,91.45
44702.96,91.45
44703,91.45
44703.04,91.45
44703.08,91.45
44703.12,91.45
44703.17,91.45
44703.21,91.45
44703.25,91.45
44703.29,91.45
44703.33,91.45
44703.38,91.45
44703.42,91.45
44703.46,91.45
44703.5,91.45
44703.54,91.45
44703.58,91.45
44703.62,91.45
44703.67,91.45
44703.71,91.45
44703.75,91.45
44703.79,91.45
44703.83,91.45
44703.88,91.45
44703.92,91.45
44703.96,91.45
44704,91.45
44704.04,91.45
44704.08,91.45
44704.12,91.45
44704.17,91.45
44704.21,91.45
44704.25,91.45
44704.29,91.45
44704.33,91.45
44704.38,91.45
44704.42,91.45
44704.46,91.45
44704.5,91.45
44704.54,91.45
44704.58,91.45
44704.62,91.45
44704.67,91.45
44704.71,91.45
44704.75,91.45
44704.79,91.45
44704.83,91.45
44704.88,91.45
44704.92,91.45
44704.96,91.45
44705,91.45
44705.04,91.45
44705.08,91.45
44705.12,91.45
44705.17,91.45
44705.21,91.45
44705.25,91.45
44705.29,91.45
44705.33,91.45
44705.38,91.45
44705.42,91.45
44705.46,91.45
44705.5,91.45
44705.54,91.45
44705.58,91.45
44705.62,91.45
44705.67,91.45
44705.71,91.45
44705.75,91.45
44705.79,91.45
44705.83,91.45
44705.88,91.45
44705.92,91.45
44705.96,91.45
44706,91.45
44706.04,91.45
44706.08,91.45
44706.12,91.45
44706.17,91.45
44706.21,91.45
44706.25,91.45
44706.29,91.45
44706.33,91.45
44706.38,91.45
44706.42,91.45
44706.46,91.45
44706.5,91.45
44706.54,91.45
44706.58,91.45
44706.62,91.45
44706.67,91.45
44706.71,91.45
44706.75,91.45
44706.79,91.45
44706.83,91.45
44706.88,91.45
44706.92,91.45
44706.96,91.45
44707,91.45
44707.04,91.45
44707.08,91.45
44707.12,91.45
44707.17,91.45
44707.21,91.45
44707.25,91.45
44707.29,91.45
44707.33,91.45
44707.38,91.45
44707.42,91.45
44707.46,91.45
44707.5,91.45
44707.54,91.45
44707.58,91.45
44707.62,91.45
44707.67,91.45
44707.71,91.45
44707.75,91.45
44707.79,91.45
44707.83,91.45
44707.88,91.45
44707.92,91.45
44707.96,91.45
44708,91.45
44708.04,91.45
44708.08,91.45
44708.12,91.45
44708.17,91.45
44708.21,91.45
44708.25,91.45
44708.29,91.45
44708.33,91.45
44708.38,91.45
44708.42,91.45
44708.46,91.45
44708.5,91.45
44708.54,91.45
44708.58,91.45
44708.62,91.45
44708.67,91.45
44708.71,91.45
44708.75,91.45
44708.79,91.45
44708.83,91.45
44708.88,91.45
44708.92,91.45
44708.96,91.45
44709,91.45
44709.04,91.45
44709.08,91.45
44709.12,91.45
44709.17,91.45
44709.21,91.45
44709.25,91.45
44709.29,91.45
44709.33,91.45
44709.38,91.45
44709.42,91.45
44709.46,91.45
44709.5,91.45
44709.54,91.45
44709.58,91.45
44709.62,91.45
44709.67,91.45
44709.71,91.45
44709.75,91.45
44709.79,91.45
44709.83,91.45
44709.88,91.45
44709.92,91.45
44709.96,91.45
44710,91.45
44710.04,91.45
44710.08,91.45
44710.12,91.45
44710.17,91.45
44710.21,91.45
44710.25,91.45
44710.29,91.45
44710.33,91.45
44710.38,91.45
44710.42,91.45
44710.46,91.45
44710.5,91.45
44710.54,91.45
44710.58,91.45
44710.62,91.45
44710.67,91.45
44710.71,91.45
44710.75,91.45
44710.79,91.45
44710.83,91.45
44710.88,91.45
44710.92,91.45
44710.96,91.45
44711,91.45
44711.04,91.45
44711.08,91.45
44711.12,91.45
44711.17,91.45
44711.21,91.45
44711.25,91.45
44711.29,91.45
44711.33,91.45
44711.38,91.45
44711.42,91.45
44711.46,91.45
44711.5,91.45
44711.54,91.45
44711.58,91.45
44711.62,91.45
44711.67,91.45
44711.71,91.45
44711.75,91.45
44711.79,91.45
44711.83,91.45
44711.88,91.45
44711.92,91.45
44711.96,91.45
44712,91.45
44712.04,91.45
44712.08,91.45
44712.12,91.45
44712.17,91.45
44712.21,91.45
44712.25,91.45
44712.29,91.45
44712.33,91.45
44712.38,91.45
44712.42,91.45
44712.46,91.45
44712.5,91.45
44712.54,91.45
44712.58,91.45
44712.62,91.45
44712.67,91.45
44712.71,91.45
44712.75,91.45
44712.79,91.45
44712.83,91.45
44712.88,91.45
44712.92,91.45
44712.96,91.45
44713,105.18
44713.04,105.18
44713.08,105.18
44713.12,105.18
44713.17,105.18
44713.21,105.18
44713.25,105.18
44713.29,105.18
44713.33,105.18
44713.38,105.18
44713.42,105.18
44713.46,105.18
44713.5,105.18
44713.54,105.18
44713.58,105.18
44713.62,105.18
44713.67,105.18
44713.71,105.18
44713.75,105.18
44713.79,105.18
44713.83,105.18
44713.88,105.18
44713.92,105.18
44713.96,105.18
44714,105.18
44714.04,105.18
44714.08,105.18
44714.12,105.18
44714.17,105.18
44714.21,105.18
44714.25,105.18
44714.29,105.18
44714.33,105.18
44714.38,105.18
44714.42,105.18
44714.46,105.18
44714.5,105.18
44714.54,105.18
44714.58,105.18
44714.62,105.18
44714.67,105.18
44714.71,105.18
44714.75,105.18
44714.79,105.18
44714.83,105.18
44714.88,105.18
44714.92,105.18
44714.96,105.18
44715,105.18
44715.04,105.18
44715.08,105.18
44715.12,105.18
44715.17,105.18
44715.21,105.18
44715.25,105.18
44715.29,105.18
44715.33,105.18
44715.38,105.18
44715.42,105.18
44715.46,105.18
44715.5,105.18
44715.54,105.18
44715.58,105.18
44715.62,105.18
44715.67,105.18
44715.71,105.18
44715.75,105.18
44715.79,105.18
44715.83,105.18
44715.88,105.18
44715.92,105.18
44715.96,105.18
44716,105.18
44716.04,105.18
44716.08,105.18
44716.12,105.18
44716.17,105.18
44716.21,105.18
44716.25,105.18
44716.29,105.18
44716.33,105.18
44716.38,105.18
44716.42,105.18
44716.46,105.18
44716.5,105.18
44716.54,105.18
44716.58,105.18
44716.62,105.18
44716.67,105.18
44716.71,105.18
44716.75,105.18
44716.79,105.18
44716.83,105.18
44716.88,105.18
44716.92,105.18
44716.96,105.18
44717,105.18
44717.04,105.18
44717.08,105.18
44717.12,105.18
44717.17,105.18
44717.21,105.18
44717.25,105.18
44717.29,105.18
44717.33,105.18
44717.38,105.18
44717.42,105.18
44717.46,105.18
44717.5,105.18
44717.54,105.18
44717.58,105.18
44717.62,105.18
44717.67,105.18
44717.71,105.18
44717.75,105.18
44717.79,105.18
44717.83,105.18
44717.88,105.18
44717.92,105.18
44717.96,105.18
44718,105.18
44718.04,105.18
44718.08,105.18
44718.12,105.18
44718.17,105.18
44718.21,105.18
44718.25,105.18
44718.29,105.18
44718.33,105.18
44718.38,105.18
44718.42,105.18
44718.46,105.18
44718.5,105.18
44718.54,105.18
44718.58,105.18
44718.62,105.18
44718.67,105.18
44718.71,105.18
44718.75,105.18
44718.79,105.18
44718.83,105.18
44718.88,105.18
44718.92,105.18
44718.96,105.18
44719,105.18
44719.04,105.18
44719.08,105.18
44719.12,105.18
44719.17,105.18
44719.21,105.18
44719.25,105.18
44719.29,105.18
44719.33,105.18
44719.38,105.18
44719.42,105.18
44719.46,105.18
44719.5,105.18
44719.54,105.18
44719.58,105.18
44719.62,105.18
44719.67,105.18
44719.71,105.18
44719.75,105.18
44719.79,105.18
44719.83,105.18
44719.88,105.18
44719.92,105.18
44719.96,105.18
44720,105.18
44720.04,105.18
44720.08,105.18
44720.12,105.18
44720.17,105.18
44720.21,105.18
44720.25,105.18
44720.29,105.18
44720.33,105.18
44720.38,105.18
44720.42,105.18
44720.46,105.18
44720.5,105.18
44720.54,105.18
44720.58,105.18
44720.62,105.18
44720.67,105.18
44720.71,105.18
44720.75,105.18
44720.79,105.18
44720.83,105.18
44720.88,105.18
44720.92,105.18
44720.96,105.18
44721,105.18
44721.04,105.18
44721.08,105.18
44721.12,105.18
44721.17,105.18
44721.21,105.18
44721.25,105.18
44721.29,105.18
44721.33,105.18
44721.38,105.18
44721.42,105.18
44721.46,105.18
44721.5,105.18
44721.54,105.18
44721.58,105.18
44721.62,105.18
44721.67,105.18
44721.71,105.18
44721.75,105.18
44721.79,105.18
44721.83,105.18
44721.88,105.18
44721.92,105.18
44721.96,105.18
44722,105.18
44722.04,105.18
44722.08,105.18
44722.12,105.18
44722.17,105.18
44722.21,105.18
44722.25,105.18
44722.29,105.18
44722.33,105.18
44722.38,105.18
44722.42,105.18
44722.46,105.18
44722.5,105.18
44722.54,105.18
44722.58,105.18
44722.62,105.18
44722.67,105.18
44722.71,105.18
44722.75,105.18
44722.79,105.18
44722.83,105.18
44722.88,105.18
44722.92,105.18
44722.96,105.18
44723,105.18
44723.04,105.18
44723.08,105.18
44723.12,105.18
44723.17,105.18
44723.21,105.18
44723.25,105.18
44723.29,105.18
44723.33,105.18
44723.38,105.18
44723.42,105.18
44723.46,105.18
44723.5,105.18
44723.54,105.18
44723.58,105.18
44723.62,105.18
44723.67,105.18
44723.71,105.18
44723.75,105.18
44723.79,105.18
44723.83,105.18
44723.88,105.18
44723.92,105.18
44723.96,105.18
44724,105.18
44724.04,105.18
44724.08,105.18
44724.12,105.18
44724.17,105.18
44724.21,105.18
44724.25,105.18
44724.29,105.18
44724.33,105.18
44724.38,105.18
44724.42,105.18
44724.46,105.18
44724.5,105.18
44724.54,105.18
44724.58,105.18
44724.62,105.18
44724.67,105.18
44724.71,105.18
44724.75,105.18
44724.79,105.18
44724.83,105.18
44724.88,105.18
44724.92,105.18
44724.96,105.18
44725,105.18
44725.04,105.18
44725.08,105.18
44725.12,105.18
44725.17,105.18
44725.21,105.18
44725.25,105.18
44725.29,105.18
44725.33,105.18
44725.38,105.18
44725.42,105.18
44725.46,105.18
44725.5,105.18
44725.54,105.18
44725.58,105.18
44725.62,105.18
44725.67,105.18
44725.71,105.18
44725.75,105.18
44725.79,105.18
44725.83,105.18
44725.88,105.18
44725.92,105.18
44725.96,105.18
44726,105.18
44726.04,105.18
44726.08,105.18
44726.12,105.18
44726.17,105.18
44726.21,105.18
44726.25,105.18
44726.29,105.18
44726.33,105.18
44726.38,105.18
44726.42,105.18
44726.46,105.18
44726.5,105.18
44726.54,105.18
44726.58,105.18
44726.62,105.18
44726.67,105.18
44726.71,105.18
44726.75,105.18
44726.79,105.18
44726.83,105.18
44726.88,105.18
44726.92,105.18
44726.96,105.18
44727,105.18
44727.04,105.18
44727.08,105.18
44727.12,105.18
44727.17,105.18
44727.21,105.18
44727.25,105.18
44727.29,105.18
44727.33,105.18
44727.38,105.18
44727.42,105.18
44727.46,105.18
44727.5,105.18
44727.54,105.18
44727.58,105.18
44727.62,105.18
44727.67,105.18
44727.71,105.18
44727.75,105.18
44727.79,105.18
44727.83,105.18
44727.88,105.18
44727.92,105.18
44727.96,105.18
44728,105.18
44728.04,105.18
44728.08,105.18
44728.12,105.18
44728.17,105.18
44728.21,105.18
44728.25,105.18
44728.29,105.18
44728.33,105.18
44728.38,105.18
44728.42,105.18
44728.46,105.18
44728.5,105.18
44728.54,105.18
44728.58,105.18
44728.62,105.18
44728.67,105.18
44728.71,105.18
44728.75,105.18
44728.79,105.18
44728.83,105.18
44728.88,105.18
44728.92,105.18
44728.96,105.18
44729,105.18
44729.04,105.18
44729.08,105.18
44729.12,105.18
44729.17,105.18
44729.21,105.18
44729.25,105.18
44729.29,105.18
44729.33,105.18
44729.38,105.18
44729.42,105.18
44729.46,105.18
44729.5,105.18
44729.54,105.18
44729.58,105.18
44729.62,105.18
44729.67,105.18
44729.71,105.18
44729.75,105.18
44729.79,105.18
44729.83,105.18
44729.88,105.18
44729.92,105.18
44729.96,105.18
44730,105.18
44730.04,105.18
44730.08,105.18
44730.12,105.18
44730.17,105.18
44730.21,105.18
44730.25,105.18
44730.29,105.18
44730.33,105.18
44730.38,105.18
44730.42,105.18
44730.46,105.18
44730.5,105.18
44730.54,105.18
44730.58,105.18
44730.62,105.18
44730.67,105.18
44730.71,105.18
44730.75,105.18
44730.79,105.18
44730.83,105.18
44730.88,105.18
44730.92,105.18
44730.96,105.18
44731,105.18
44731.04,105.18
44731.08,105.18
44731.12,105.18
44731.17,105.18
44731.21,105.18
44731.25,105.18
44731.29,105.18
44731.33,105.18
44731.38,105.18
44731.42,105.18
44731.46,105.18
44731.5,105.18
44731.54,105.18
44731.58,105.18
44731.62,105.18
44731.67,105.18
44731.71,105.18
44731.75,105.18
44731.79,105.18
44731.83,105.18
44731.88,105.18
44731.92,105.18
44731.96,105.18
44732,105.18
44732.04,105.18
44732.08,105.18
44732.12,105.18
44732.17,105.18
44732.21,105.18
44732.25,105.18
44732.29,105.18
44732.33,105.18
44732.38,105.18
44732.42,105.18
44732.46,105.18
44732.5,105.18
44732.54,105.18
44732.58,105.18
44732.62,105.18
44732.67,105.18
44732.71,105.18
44732.75,105.18
44732.79,105.18
44732.83,105.18
44732.88,105.18
44732.92,105.18
44732.96,105.18
44733,105.18
44733.04,105.18
44733.08,105.18
44733.12,105.18
44733.17,105.18
44733.21,105.18
44733.25,105.18
44733.29,105.18
44733.33,105.18
44733.38,105.18
44733.42,105.18
44733.46,105.18
44733.5,105.18
44733.54,105.18
44733.58,105.18
44733.62,105.18
44733.67,105.18
44733.71,105.18
44733.75,105.18
44733.79,105.18
44733.83,105.18
44733.88,105.18
44733.92,105.18
44733.96,105.18
44734,105.18
44734.04,105.18
44734.08,105.18
44734.12,105.18
44734.17,105.18
44734.21,105.18
44734.25,105.18
44734.29,105.18
44734.33,105.18
44734.38,105.18
44734.42,105.18
44734.46,105.18
44734.5,105.18
44734.54,105.18
44734.58,105.18
44734.62,105.18
44734.67,105.18
44734.71,105.18
44734.75,105.18
44734.79,105.18
44734.83,105.18
44734.88,105.18
44734.92,105.18
44734.96,105.18
44735,105.18
44735.04,105.18
44735.08,105.18
44735.12,105.18
44735.17,105.18
44735.21,105.18
44735.25,105.18
44735.29,105.18
44735.33,105.18
44735.38,105.18
44735.42,105.18
44735.46,105.18
44735.5,105.18
44735.54,105.18
44735.58,105.18
44735.62,105.18
44735.67,105.18
44735.71,105.18
44735.75,105.18
44735.79,105.18
44735.83,105.18
44735.88,105.18
44735.92,105.18
44735.96,105.18
44736,105.18
44736.04,105.18
44736.08,105.18
44736.12,105.18
44736.17,105.18
44736.21,105.18
44736.25,105.18
44736.29,105.18
44736.33,105.18
44736.38,105.18
44736.42,105.18
44736.46,105.18
44736.5,105.18
44736.54,105.18
44736.58,105.18
44736.62,105.18
44736.67,105.18
44736.71,105.18
44736.75,105.18
44736.79,105.18
44736.83,105.18
44736.88,105.18
44736.92,105.18
44736.96,105.18
44737,105.18
44737.04,105.18
44737.08,105.18
44737.12,105.18
44737.17,105.18
44737.21,105.18
44737.25,105.18
44737.29,105.18
44737.33,105.18
44737.38,105.18
44737.42,105.18
44737.46,105.18
44737.5,105.18
44737.54,105.18
44737.58,105.18
44737.62,105.18
44737.67,105.18
44737.71,105.18
44737.75,105.18
44737.79,105.18
44737.83,105.18
44737.88,105.18
44737.92,105.18
44737.96,105.18
44738,105.18
44738.04,105.18
44738.08,105.18
44738.12,105.18
44738.17,105.18
44738.21,105.18
44738.25,105.18
44738.29,105.18
44738.33,105.18
44738.38,105.18
44738.42,105.18
44738.46,105.18
44738.5,105.18
44738.54,105.18
44738.58,105.18
44738.62,105.18
44738.67,105.18
44738.71,105.18
44738.75,105.18
44738.79,105.18
44738.83,105.18
44738.88,105.18
44738.92,105.18
44738.96,105.18
44739,105.18
44739.04,105.18
44739.08,105.18
44739.12,105.18
44739.17,105.18
44739.21,105.18
44739.25,105.18
44739.29,105.18
44739.33,105.18
44739.38,105.18
44739.42,105.18
44739.46,105.18
44739.5,105.18
44739.54,105.18
44739.58,105.18
44739.62,105.18
44739.67,105.18
44739.71,105.18
44739.75,105.18
44739.79,105.18
44739.83,105.18
44739.88,105.18
44739.92,105.18
44739.96,105.18
44740,105.18
44740.04,105.18
44740.08,105.18
44740.12,105.18
44740.17,105.18
44740.21,105.18
44740.25,105.18
44740.29,105.18
44740.33,105.18
44740.38,105.18
44740.42,105.18
44740.46,105.18
44740.5,105.18
44740.54,105.18
44740.58,105.18
44740.62,105.18
44740.67,105.18
44740.71,105.18
44740.75,105.18
44740.79,105.18
44740.83,105.18
44740.88,105.18
44740.92,105.18
44740.96,105.18
44741,105.18
44741.04,105.18
44741.08,105.18
44741.12,105.18
44741.17,105.18
44741.21,105.18
44741.25,105.18
44741.29,105.18
44741.33,105.18
44741.38,105.18
44741.42,105.18
44741.46,105.18
44741.5,105.18
44741.54,105.18
44741.58,105.18
44741.62,105.18
44741.67,105.18
44741.71,105.18
44741.75,105.18
44741.79,105.18
44741.83,105.18
44741.88,105.18
44741.92,105.18
44741.96,105.18
44742,105.18
44742.04,105.18
44742.08,105.18
44742.12,105.18
44742.17,105.18
44742.21,105.18
44742.25,105.18
44742.29,105.18
44742.33,105.18
44742.38,105.18
44742.42,105.18
44742.46,105.18
44742.5,105.18
44742.54,105.18
44742.58,105.18
44742.62,105.18
44742.67,105.18
44742.71,105.18
44742.75,105.18
44742.79,105.18
44742.83,105.18
44742.88,105.18
44742.92,105.18
44742.96,105.18
44743,100.37
44743.04,100.37
44743.08,100.37
44743.12,100.37
44743.17,100.37
44743.21,100.37
44743.25,100.37
44743.29,100.37
44743.33,100.37
44743.38,100.37
44743.42,100.37
44743.46,100.37
44743.5,100.37
44743.54,100.37
44743.58,100.37
44743.62,100.37
44743.67,100.37
44743.71,100.37
44743.75,100.37
44743.79,100.37
44743.83,100.37
44743.88,100.37
44743.92,100.37
44743.96,100.37
44744,100.37
44744.04,100.37
44744.08,100.37
44744.12,100.37
44744.17,100.37
44744.21,100.37
44744.25,100.37
44744.29,100.37
44744.33,100.37
44744.38,100.37
44744.42,100.37
44744.46,100.37
44744.5,100.37
44744.54,100.37
44744.58,100.37
44744.62,100.37
44744.67,100.37
44744.71,100.37
44744.75,100.37
44744.79,100.37
44744.83,100.37
44744.88,100.37
44744.92,100.37
44744.96,100.37
44745,100.37
44745.04,100.37
44745.08,100.37
44745.12,100.37
44745.17,100.37
44745.21,100.37
44745.25,100.37
44745.29,100.37
44745.33,100.37
44745.38,100.37
44745.42,100.37
44745.46,100.37
44745.5,100.37
44745.54,100.37
44745.58,100.37
44745.62,100.37
44745.67,100.37
44745.71,100.37
44745.75,100.37
44745.79,100.37
44745.83,100.37
44745.88,100.37
44745.92,100.37
44745.96,100.37
44746,100.37
44746.04,100.37
44746.08,100.37
44746.12,100.37
44746.17,100.37
44746.21,100.37
44746.25,100.37
44746.29,100.37
44746.33,100.37
44746.38,100.37
44746.42,100.37
44746.46,100.37
44746.5,100.37
44746.54,100.37
44746.58,100.37
44746.62,100.37
44746.67,100.37
44746.71,100.37
44746.75,100.37
44746.79,100.37
44746.83,100.37
44746.88,100.37
44746.92,100.37
44746.96,100.37
44747,100.37
44747.04,100.37
44747.08,100.37
44747.12,100.37
44747.17,100.37
44747.21,100.37
44747.25,100.37
44747.29,100.37
44747.33,100.37
44747.38,100.37
44747.42,100.37
44747.46,100.37
44747.5,100.37
44747.54,100.37
44747.58,100.37
44747.62,100.37
44747.67,100.37
44747.71,100.37
44747.75,100.37
44747.79,100.37
44747.83,100.37
44747.88,100.37
44747.92,100.37
44747.96,100.37
44748,100.37
44748.04,100.37
44748.08,100.37
44748.12,100.37
44748.17,100.37
44748.21,100.37
44748.25,100.37
44748.29,100.37
44748.33,100.37
44748.38,100.37
44748.42,100.37
44748.46,100.37
44748.5,100.37
44748.54,100.37
44748.58,100.37
44748.62,100.37
44748.67,100.37
44748.71,100.37
44748.75,100.37
44748.79,100.37
44748.83,100.37
44748.88,100.37
44748.92,100.37
44748.96,100.37
44749,100.37
44749.04,100.37
44749.08,100.37
44749.12,100.37
44749.17,100.37
44749.21,100.37
44749.25,100.37
44749.29,100.37
44749.33,100.37
44749.38,100.37
44749.42,100.37
44749.46,100.37
44749.5,100.37
44749.54,100.37
44749.58,100.37
44749.62,100.37
44749.67,100.37
44749.71,100.37
44749.75,100.37
44749.79,100.37
44749.83,100.37
44749.88,100.37
44749.92,100.37
44749.96,100.37
44750,100.37
44750.04,100.37
44750.08,100.37
44750.12,100.37
44750.17,100.37
44750.21,100.37
44750.25,100.37
44750.29,100.37
44750.33,100.37
44750.38,100.37
44750.42,100.37
44750.46,100.37
44750.5,100.37
44750.54,100.37
44750.58,100.37
44750.62,100.37
44750.67,100.37
44750.71,100.37
44750.75,100.37
44750.79,100.37
44750.83,100.37
44750.88,100.37
44750.92,100.37
44750.96,100.37
44751,100.37
44751.04,100.37
44751.08,100.37
44751.12,100.37
44751.17,100.37
44751.21,100.37
44751.25,100.37
44751.29,100.37
44751.33,100.37
44751.38,100.37
44751.42,100.37
44751.46,100.37
44751.5,100.37
44751.54,100.37
44751.58,100.37
44751.62,100.37
44751.67,100.37
44751.71,100.37
44751.75,100.37
44751.79,100.37
44751.83,100.37
44751.88,100.37
44751.92,100.37
44751.96,100.37
44752,100.37
44752.04,100.37
44752.08,100.37
44752.12,100.37
44752.17,100.37
44752.21,100.37
44752.25,100.37
44752.29,100.37
44752.33,100.37
44752.38,100.37
44752.42,100.37
44752.46,100.37
44752.5,100.37
44752.54,100.37
44752.58,100.37
44752.62,100.37
44752.67,100.37
44752.71,100.37
44752.75,100.37
44752.79,100.37
44752.83,100.37
44752.88,100.37
44752.92,100.37
44752.96,100.37
44753,100.37
44753.04,100.37
44753.08,100.37
44753.12,100.37
44753.17,100.37
44753.21,100.37
44753.25,100.37
44753.29,100.37
44753.33,100.37
44753.38,100.37
44753.42,100.37
44753.46,100.37
44753.5,100.37
44753.54,100.37
44753.58,100.37
44753.62,100.37
44753.67,100.37
44753.71,100.37
44753.75,100.37
44753.79,100.37
44753.83,100.37
44753.88,100.37
44753.92,100.37
44753.96,100.37
44754,100.37
44754.04,100.37
44754.08,100.37
44754.12,100.37
44754.17,100.37
44754.21,100.37
44754.25,100.37
44754.29,100.37
44754.33,100.37
44754.38,100.37
44754.42,100.37
44754.46,100.37
44754.5,100.37
44754.54,100.37
44754.58,100.37
44754.62,100.37
44754.67,100.37
44754.71,100.37
44754.75,100.37
44754.79,100.37
44754.83,100.37
44754.88,100.37
44754.92,100.37
44754.96,100.37
44755,100.37
44755.04,100.37
44755.08,100.37
44755.12,100.37
44755.17,100.37
44755.21,100.37
44755.25,100.37
44755.29,100.37
44755.33,100.37
44755.38,100.37
44755.42,100.37
44755.46,100.37
44755.5,100.37
44755.54,100.37
44755.58,100.37
44755.62,100.37
44755.67,100.37
44755.71,100.37
44755.75,100.37
44755.79,100.37
44755.83,100.37
44755.88,100.37
44755.92,100.37
44755.96,100.37
44756,100.37
44756.04,100.37
44756.08,100.37
44756.12,100.37
44756.17,100.37
44756.21,100.37
44756.25,100.37
44756.29,100.37
44756.33,100.37
44756.38,100.37
44756.42,100.37
44756.46,100.37
44756.5,100.37
44756.54,100.37
44756.58,100.37
44756.62,100.37
44756.67,100.37
44756.71,100.37
44756.75,100.37
44756.79,100.37
44756.83,100.37
44756.88,100.37
44756.92,100.37
44756.96,100.37
44757,100.37
44757.04,100.37
44757.08,100.37
44757.12,100.37
44757.17,100.37
44757.21,100.37
44757.25,100.37
44757.29,100.37
44757.33,100.37
44757.38,100.37
44757.42,100.37
44757.46,100.37
44757.5,100.37
44757.54,100.37
44757.58,100.37
44757.62,100.37
44757.67,100.37
44757.71,100.37
44757.75,100.37
44757.79,100.37
44757.83,100.37
44757.88,100.37
44757.92,100.37
44757.96,100.37
44758,100.37
44758.04,100.37
44758.08,100.37
44758.12,100.37
44758.17,100.37
44758.21,100.37
44758.25,100.37
44758.29,100.37
44758.33,100.37
44758.38,100.37
44758.42,100.37
44758.46,100.37
44758.5,100.37
44758.54,100.37
44758.58,100.37
44758.62,100.37
44758.67,100.37
44758.71,100.37
44758.75,100.37
44758.79,100.37
44758.83,100.37
44758.88,100.37
44758.92,100.37
44758.96,100.37
44759,100.37
44759.04,100.37
44759.08,100.37
44759.12,100.37
44759.17,100.37
44759.21,100.37
44759.25,100.37
44759.29,100.37
44759.33,100.37
44759.38,100.37
44759.42,100.37
44759.46,100.37
44759.5,100.37
44759.54,100.37
44759.58,100.37
44759.62,100.37
44759.67,100.37
44759.71,100.37
44759.75,100.37
44759.79,100.37
44759.83,100.37
44759.88,100.37
44759.92,100.37
44759.96,100.37
44760,100.37
44760.04,100.37
44760.08,100.37
44760.12,100.37
44760.17,100.37
44760.21,100.37
44760.25,100.37
44760.29,100.37
44760.33,100.37
44760.38,100.37
44760.42,100.37
44760.46,100.37
44760.5,100.37
44760.54,100.37
44760.58,100.37
44760.62,100.37
44760.67,100.37
44760.71,100.37
44760.75,100.37
44760.79,100.37
44760.83,100.37
44760.88,100.37
44760.92,100.37
44760.96,100.37
44761,100.37
44761.04,100.37
44761.08,100.37
44761.12,100.37
44761.17,100.37
44761.21,100.37
44761.25,100.37
44761.29,100.37
44761.33,100.37
44761.38,100.37
44761.42,100.37
44761.46,100.37
44761.5,100.37
44761.54,100.37
44761.58,100.37
44761.62,100.37
44761.67,100.37
44761.71,100.37
44761.75,100.37
44761.79,100.37
44761.83,100.37
44761.88,100.37
44761.92,100.37
44761.96,100.37
44762,100.37
44762.04,100.37
44762.08,100.37
44762.12,100.37
44762.17,100.37
44762.21,100.37
44762.25,100.37
44762.29,100.37
44762.33,100.37
44762.38,100.37
44762.42,100.37
44762.46,100.37
44762.5,100.37
44762.54,100.37
44762.58,100.37
44762.62,100.37
44762.67,100.37
44762.71,100.37
44762.75,100.37
44762.79,100.37
44762.83,100.37
44762.88,100.37
44762.92,100.37
44762.96,100.37
44763,100.37
44763.04,100.37
44763.08,100.37
44763.12,100.37
44763.17,100.37
44763.21,100.37
44763.25,100.37
44763.29,100.37
44763.33,100.37
44763.38,100.37
44763.42,100.37
44763.46,100.37
44763.5,100.37
44763.54,100.37
44763.58,100.37
44763.62,100.37
44763.67,100.37
44763.71,100.37
44763.75,100.37
44763.79,100.37
44763.83,100.37
44763.88,100.37
44763.92,100.37
44763.96,100.37
44764,100.37
44764.04,100.37
44764.08,100.37
44764.12,100.37
44764.17,100.37
44764.21,100.37
44764.25,100.37
44764.29,100.37
44764.33,100.37
44764.38,100.37
44764.42,100.37
44764.46,100.37
44764.5,100.37
44764.54,100.37
44764.58,100.37
44764.62,100.37
44764.67,100.37
44764.71,100.37
44764.75,100.37
44764.79,100.37
44764.83,100.37
44764.88,100.37
44764.92,100.37
44764.96,100.37
44765,100.37
44765.04,100.37
44765.08,100.37
44765.12,100.37
44765.17,100.37
44765.21,100.37
44765.25,100.37
44765.29,100.37
44765.33,100.37
44765.38,100.37
44765.42,100.37
44765.46,100.37
44765.5,100.37
44765.54,100.37
44765.58,100.37
44765.62,100.37
44765.67,100.37
44765.71,100.37
44765.75,100.37
44765.79,100.37
44765.83,100.37
44765.88,100.37
44765.92,100.37
44765.96,100.37
44766,100.37
44766.04,100.37
44766.08,100.37
44766.12,100.37
44766.17,100.37
44766.21,100.37
44766.25,100.37
44766.29,100.37
44766.33,100.37
44766.38,100.37
44766.42,100.37
44766.46,100.37
44766.5,100.37
44766.54,100.37
44766.58,100.37
44766.62,100.37
44766.67,100.37
44766.71,100.37
44766.75,100.37
44766.79,100.37
44766.83,100.37
44766.88,100.37
44766.92,100.37
44766.96,100.37
44767,100.37
44767.04,100.37
44767.08,100.37
44767.12,100.37
44767.17,100.37
44767.21,100.37
44767.25,100.37
44767.29,100.37
44767.33,100.37
44767.38,100.37
44767.42,100.37
44767.46,100.37
44767.5,100.37
44767.54,100.37
44767.58,100.37
44767.62,100.37
44767.67,100.37
44767.71,100.37
44767.75,100.37
44767.79,100.37
44767.83,100.37
44767.88,100.37
44767.92,100.37
44767.96,100.37
44768,100.37
44768.04,100.37
44768.08,100.37
44768.12,100.37
44768.17,100.37
44768.21,100.37
44768.25,100.37
44768.29,100.37
44768.33,100.37
44768.38,100.37
44768.42,100.37
44768.46,100.37
44768.5,100.37
44768.54,100.37
44768.58,100.37
44768.62,100.37
44768.67,100.37
44768.71,100.37
44768.75,100.37
44768.79,100.37
44768.83,100.37
44768.88,100.37
44768.92,100.37
44768.96,100.37
44769,100.37
44769.04,100.37
44769.08,100.37
44769.12,100.37
44769.17,100.37
44769.21,100.37
44769.25,100.37
44769.29,100.37
44769.33,100.37
44769.38,100.37
44769.42,100.37
44769.46,100.37
44769.5,100.37
44769.54,100.37
44769.58,100.37
44769.62,100.37
44769.67,100.37
44769.71,100.37
44769.75,100.37
44769.79,100.37
44769.83,100.37
44769.88,100.37
44769.92,100.37
44769.96,100.37
44770,100.37
44770.04,100.37
44770.08,100.37
44770.12,100.37
44770.17,100.37
44770.21,100.37
44770.25,100.37
44770.29,100.37
44770.33,100.37
44770.38,100.37
44770.42,100.37
44770.46,100.37
44770.5,100.37
44770.54,100.37
44770.58,100.37
44770.62,100.37
44770.67,100.37
44770.71,100.37
44770.75,100.37
44770.79,100.37
44770.83,100.37
44770.88,100.37
44770.92,100.37
44770.96,100.37
44771,100.37
44771.04,100.37
44771.08,100.37
44771.12,100.37
44771.17,100.37
44771.21,100.37
44771.25,100.37
44771.29,100.37
44771.33,100.37
44771.38,100.37
44771.42,100.37
44771.46,100.37
44771.5,100.37
44771.54,100.37
44771.58,100.37
44771.62,100.37
44771.67,100.37
44771.71,100.37
44771.75,100.37
44771.79,100.37
44771.83,100.37
44771.88,100.37
44771.92,100.37
44771.96,100.37
44772,100.37
44772.04,100.37
44772.08,100.37
44772.12,100.37
44772.17,100.37
44772.21,100.37
44772.25,100.37
44772.29,100.37
44772.33,100.37
44772.38,100.37
44772.42,100.37
44772.46,100.37
44772.5,100.37
44772.54,100.37
44772.58,100.37
44772.62,100.37
44772.67,100.37
44772.71,100.37
44772.75,100.37
44772.79,100.37
44772.83,100.37
44772.88,100.37
44772.92,100.37
44772.96,100.37
44773,100.37
44773.04,100.37
44773.08,100.37
44773.12,100.37
44773.17,100.37
44773.21,100.37
44773.25,100.37
44773.29,100.37
44773.33,100.37
44773.38,100.37
44773.42,100.37
44773.46,100.37
44773.5,100.37
44773.54,100.37
44773.58,100.37
44773.62,100.37
44773.67,100.37
44773.71,100.37
44773.75,100.37
44773.79,100.37
44773.83,100.37
44773.88,100.37
44773.92,100.37
44773.96,100.37
44774,109.46
44774.04,109.46
44774.08,109.46
44774.12,109.46
44774.17,109.46
44774.21,109.46
44774.25,109.46
44774.29,109.46
44774.33,109.46
44774.38,109.46
44774.42,109.46
44774.46,109.46
44774.5,109.46
44774.54,109.46
44774.58,109.46
44774.62,109.46
44774.67,109.46
44774.71,109.46
44774.75,109.46
44774.79,109.46
44774.83,109.46
44774.88,109.46
44774.92,109.46
44774.96,109.46
44775,109.46
44775.04,109.46
44775.08,109.46
44775.12,109.46
44775.17,109.46
44775.21,109.46
44775.25,109.46
44775.29,109.46
44775.33,109.46
44775.38,109.46
44775.42,109.46
44775.46,109.46
44775.5,109.46
44775.54,109.46
44775.58,109.46
44775.62,109.46
44775.67,109.46
44775.71,109.46
44775.75,109.46
44775.79,109.46
44775.83,109.46
44775.88,109.46
44775.92,109.46
44775.96,109.46
44776,109.46
44776.04,109.46
44776.08,109.46
44776.12,109.46
44776.17,109.46
44776.21,109.46
44776.25,109.46
44776.29,109.46
44776.33,109.46
44776.38,109.46
44776.42,109.46
44776.46,109.46
44776.5,109.46
44776.54,109.46
44776.58,109.46
44776.62,109.46
44776.67,109.46
44776.71,109.46
44776.75,109.46
44776.79,109.46
44776.83,109.46
44776.88,109.46
44776.92,109.46
44776.96,109.46
44777,109.46
44777.04,109.46
44777.08,109.46
44777.12,109.46
44777.17,109.46
44777.21,109.46
44777.25,109.46
44777.29,109.46
44777.33,109.46
44777.38,109.46
44777.42,109.46
44777.46,109.46
44777.5,109.46
44777.54,109.46
44777.58,109.46
44777.62,109.46
44777.67,109.46
44777.71,109.46
44777.75,109.46
44777.79,109.46
44777.83,109.46
44777.88,109.46
44777.92,109.46
44777.96,109.46
44778,109.46
44778.04,109.46
44778.08,109.46
44778.12,109.46
44778.17,109.46
44778.21,109.46
44778.25,109.46
44778.29,109.46
44778.33,109.46
44778.38,109.46
44778.42,109.46
44778.46,109.46
44778.5,109.46
44778.54,109.46
44778.58,109.46
44778.62,109.46
44778.67,109.46
44778.71,109.46
44778.75,109.46
44778.79,109.46
44778.83,109.46
44778.88,109.46
44778.92,109.46
44778.96,109.46
44779,109.46
44779.04,109.46
44779.08,109.46
44779.12,109.46
44779.17,109.46
44779.21,109.46
44779.25,109.46
44779.29,109.46
44779.33,109.46
44779.38,109.46
44779.42,109.46
44779.46,109.46
44779.5,109.46
44779.54,109.46
44779.58,109.46
44779.62,109.46
44779.67,109.46
44779.71,109.46
44779.75,109.46
44779.79,109.46
44779.83,109.46
44779.88,109.46
44779.92,109.46
44779.96,109.46
44780,109.46
44780.04,109.46
44780.08,109.46
44780.12,109.46
44780.17,109.46
44780.21,109.46
44780.25,109.46
44780.29,109.46
44780.33,109.46
44780.38,109.46
44780.42,109.46
44780.46,109.46
44780.5,109.46
44780.54,109.46
44780.58,109.46
44780.62,109.46
44780.67,109.46
44780.71,109.46
44780.75,109.46
44780.79,109.46
44780.83,109.46
44780.88,109.46
44780.92,109.46
44780.96,109.46
44781,109.46
44781.04,109.46
44781.08,109.46
44781.12,109.46
44781.17,109.46
44781.21,109.46
44781.25,109.46
44781.29,109.46
44781.33,109.46
44781.38,109.46
44781.42,109.46
44781.46,109.46
44781.5,109.46
44781.54,109.46
44781.58,109.46
44781.62,109.46
44781.67,109.46
44781.71,109.46
44781.75,109.46
44781.79,109.46
44781.83,109.46
44781.88,109.46
44781.92,109.46
44781.96,109.46
44782,109.46
44782.04,109.46
44782.08,109.46
44782.12,109.46
44782.17,109.46
44782.21,109.46
44782.25,109.46
44782.29,109.46
44782.33,109.46
44782.38,109.46
44782.42,109.46
44782.46,109.46
44782.5,109.46
44782.54,109.46
44782.58,109.46
44782.62,109.46
44782.67,109.46
44782.71,109.46
44782.75,109.46
44782.79,109.46
44782.83,109.46
44782.88,109.46
44782.92,109.46
44782.96,109.46
44783,109.46
44783.04,109.46
44783.08,109.46
44783.12,109.46
44783.17,109.46
44783.21,109.46
44783.25,109.46
44783.29,109.46
44783.33,109.46
44783.38,109.46
44783.42,109.46
44783.46,109.46
44783.5,109.46
44783.54,109.46
44783.58,109.46
44783.62,109.46
44783.67,109.46
44783.71,109.46
44783.75,109.46
44783.79,109.46
44783.83,109.46
44783.88,109.46
44783.92,109.46
44783.96,109.46
44784,109.46
44784.04,109.46
44784.08,109.46
44784.12,109.46
44784.17,109.46
44784.21,109.46
44784.25,109.46
44784.29,109.46
44784.33,109.46
44784.38,109.46
44784.42,109.46
44784.46,109.46
44784.5,109.46
44784.54,109.46
44784.58,109.46
44784.62,109.46
44784.67,109.46
44784.71,109.46
44784.75,109.46
44784.79,109.46
44784.83,109.46
44784.88,109.46
44784.92,109.46
44784.96,109.46
44785,109.46
44785.04,109.46
44785.08,109.46
44785.12,109.46
44785.17,109.46
44785.21,109.46
44785.25,109.46
44785.29,109.46
44785.33,109.46
44785.38,109.46
44785.42,109.46
44785.46,109.46
44785.5,109.46
44785.54,109.46
44785.58,109.46
44785.62,109.46
44785.67,109.46
44785.71,109.46
44785.75,109.46
44785.79,109.46
44785.83,109.46
44785.88,109.46
44785.92,109.46
44785.96,109.46
44786,109.46
44786.04,109.46
44786.08,109.46
44786.12,109.46
44786.17,109.46
44786.21,109.46
44786.25,109.46
44786.29,109.46
44786.33,109.46
44786.38,109.46
44786.42,109.46
44786.46,109.46
44786.5,109.46
44786.54,109.46
44786.58,109.46
44786.62,109.46
44786.67,109.46
44786.71,109.46
44786.75,109.46
44786.79,109.46
44786.83,109.46
44786.88,109.46
44786.92,109.46
44786.96,109.46
44787,109.46
44787.04,109.46
44787.08,109.46
44787.12,109.46
44787.17,109.46
44787.21,109.46
44787.25,109.46
44787.29,109.46
44787.33,109.46
44787.38,109.46
44787.42,109.46
44787.46,109.46
44787.5,109.46
44787.54,109.46
44787.58,109.46
44787.62,109.46
44787.67,109.46
44787.71,109.46
44787.75,109.46
44787.79,109.46
44787.83,109.46
44787.88,109.46
44787.92,109.46
44787.96,109.46
44788,109.46
44788.04,109.46
44788.08,109.46
44788.12,109.46
44788.17,109.46
44788.21,109.46
44788.25,109.46
44788.29,109.46
44788.33,109.46
44788.38,109.46
44788.42,109.46
44788.46,109.46
44788.5,109.46
44788.54,109.46
44788.58,109.46
44788.62,109.46
44788.67,109.46
44788.71,109.46
44788.75,109.46
44788.79,109.46
44788.83,109.46
44788.88,109.46
44788.92,109.46
44788.96,109.46
44789,109.46
44789.04,109.46
44789.08,109.46
44789.12,109.46
44789.17,109.46
44789.21,109.46
44789.25,109.46
44789.29,109.46
44789.33,109.46
44789.38,109.46
44789.42,109.46
44789.46,109.46
44789.5,109.46
44789.54,109.46
44789.58,109.46
44789.62,109.46
44789.67,109.46
44789.71,109.46
44789.75,109.46
44789.79,109.46
44789.83,109.46
44789.88,109.46
44789.92,109.46
44789.96,109.46
44790,109.46
44790.04,109.46
44790.08,109.46
44790.12,109.46
44790.17,109.46
44790.21,109.46
44790.25,109.46
44790.29,109.46
44790.33,109.46
44790.38,109.46
44790.42,109.46
44790.46,109.46
44790.5,109.46
44790.54,109.46
44790.58,109.46
44790.62,109.46
44790.67,109.46
44790.71,109.46
44790.75,109.46
44790.79,109.46
44790.83,109.46
44790.88,109.46
44790.92,109.46
44790.96,109.46
44791,109.46
44791.04,109.46
44791.08,109.46
44791.12,109.46
44791.17,109.46
44791.21,109.46
44791.25,109.46
44791.29,109.46
44791.33,109.46
44791.38,109.46
44791.42,109.46
44791.46,109.46
44791.5,109.46
44791.54,109.46
44791.58,109.46
44791.62,109.46
44791.67,109.46
44791.71,109.46
44791.75,109.46
44791.79,109.46
44791.83,109.46
44791.88,109.46
44791.92,109.46
44791.96,109.46
44792,109.46
44792.04,109.46
44792.08,109.46
44792.12,109.46
44792.17,109.46
44792.21,109.46
44792.25,109.46
44792.29,109.46
44792.33,109.46
44792.38,109.46
44792.42,109.46
44792.46,109.46
44792.5,109.46
44792.54,109.46
44792.58,109.46
44792.62,109.46
44792.67,109.46
44792.71,109.46
44792.75,109.46
44792.79,109.46
44792.83,109.46
44792.88,109.46
44792.92,109.46
44792.96,109.46
44793,109.46
44793.04,109.46
44793.08,109.46
44793.12,109.46
44793.17,109.46
44793.21,109.46
44793.25,109.46
44793.29,109.46
44793.33,109.46
44793.38,109.46
44793.42,109.46
44793.46,109.46
44793.5,109.46
44793.54,109.46
44793.58,109.46
44793.62,109.46
44793.67,109.46
44793.71,109.46
44793.75,109.46
44793.79,109.46
44793.83,109.46
44793.88,109.46
44793.92,109.46
44793.96,109.46
44794,109.46
44794.04,109.46
44794.08,109.46
44794.12,109.46
44794.17,109.46
44794.21,109.46
44794.25,109.46
44794.29,109.46
44794.33,109.46
44794.38,109.46
44794.42,109.46
44794.46,109.46
44794.5,109.46
44794.54,109.46
44794.58,109.46
44794.62,109.46
44794.67,109.46
44794.71,109.46
44794.75,109.46
44794.79,109.46
44794.83,109.46
44794.88,109.46
44794.92,109.46
44794.96,109.46
44795,109.46
44795.04,109.46
44795.08,109.46
44795.12,109.46
44795.17,109.46
44795.21,109.46
44795.25,109.46
44795.29,109.46
44795.33,109.46
44795.38,109.46
44795.42,109.46
44795.46,109.46
44795.5,109.46
44795.54,109.46
44795.58,109.46
44795.62,109.46
44795.67,109.46
44795.71,109.46
44795.75,109.46
44795.79,109.46
44795.83,109.46
44795.88,109.46
44795.92,109.46
44795.96,109.46
44796,109.46
44796.04,109.46
44796.08,109.46
44796.12,109.46
44796.17,109.46
44796.21,109.46
44796.25,109.46
44796.29,109.46
44796.33,109.46
44796.38,109.46
44796.42,109.46
44796.46,109.46
44796.5,109.46
44796.54,109.46
44796.58,109.46
44796.62,109.46
44796.67,109.46
44796.71,109.46
44796.75,109.46
44796.79,109.46
44796.83,109.46
44796.88,109.46
44796.92,109.46
44796.96,109.46
44797,109.46
44797.04,109.46
44797.08,109.46
44797.12,109.46
44797.17,109.46
44797.21,109.46
44797.25,109.46
44797.29,109.46
44797.33,109.46
44797.38,109.46
44797.42,109.46
44797.46,109.46
44797.5,109.46
44797.54,109.46
44797.58,109.46
44797.62,109.46
44797.67,109.46
44797.71,109.46
44797.75,109.46
44797.79,109.46
44797.83,109.46
44797.88,109.46
44797.92,109.46
44797.96,109.46
44798,109.46
44798.04,109.46
44798.08,109.46
44798.12,109.46
44798.17,109.46
44798.21,109.46
44798.25,109.46
44798.29,109.46
44798.33,109.46
44798.38,109.46
44798.42,109.46
44798.46,109.46
44798.5,109.46
44798.54,109.46
44798.58,109.46
44798.62,109.46
44798.67,109.46
44798.71,109.46
44798.75,109.46
44798.79,109.46
44798.83,109.46
44798.88,109.46
44798.92,109.46
44798.96,109.46
44799,109.46
44799.04,109.46
44799.08,109.46
44799.12,109.46
44799.17,109.46
44799.21,109.46
44799.25,109.46
44799.29,109.46
44799.33,109.46
44799.38,109.46
44799.42,109.46
44799.46,109.46
44799.5,109.46
44799.54,109.46
44799.58,109.46
44799.62,109.46
44799.67,109.46
44799.71,109.46
44799.75,109.46
44799.79,109.46
44799.83,109.46
44799.88,109.46
44799.92,109.46
44799.96,109.46
44800,109.46
44800.04,109.46
44800.08,109.46
44800.12,109.46
44800.17,109.46
44800.21,109.46
44800.25,109.46
44800.29,109.46
44800.33,109.46
44800.38,109.46
44800.42,109.46
44800.46,109.46
44800.5,109.46
44800.54,109.46
44800.58,109.46
44800.62,109.46
44800.67,109.46
44800.71,109.46
44800.75,109.46
44800.79,109.46
44800.83,109.46
44800.88,109.46
44800.92,109.46
44800.96,109.46
44801,109.46
44801.04,109.46
44801.08,109.46
44801.12,109.46
44801.17,109.46
44801.21,109.46
44801.25,109.46
44801.29,109.46
44801.33,109.46
44801.38,109.46
44801.42,109.46
44801.46,109.46
44801.5,109.46
44801.54,109.46
44801.58,109.46
44801.62,109.46
44801.67,109.46
44801.71,109.46
44801.75,109.46
44801.79,109.46
44801.83,109.46
44801.88,109.46
44801.92,109.46
44801.96,109.46
44802,109.46
44802.04,109.46
44802.08,109.46
44802.12,109.46
44802.17,109.46
44802.21,109.46
44802.25,109.46
44802.29,109.46
44802.33,109.46
44802.38,109.46
44802.42,109.46
44802.46,109.46
44802.5,109.46
44802.54,109.46
44802.58,109.46
44802.62,109.46
44802.67,109.46
44802.71,109.46
44802.75,109.46
44802.79,109.46
44802.83,109.46
44802.88,109.46
44802.92,109.46
44802.96,109.46
44803,109.46
44803.04,109.46
44803.08,109.46
44803.12,109.46
44803.17,109.46
44803.21,109.46
44803.25,109.46
44803.29,109.46
44803.33,109.46
44803.38,109.46
44803.42,109.46
44803.46,109.46
44803.5,109.46
44803.54,109.46
44803.58,109.46
44803.62,109.46
44803.67,109.46
44803.71,109.46
44803.75,109.46
44803.79,109.46
44803.83,109.46
44803.88,109.46
44803.92,109.46
44803.96,109.46
44804,109.46
44804.04,109.46
44804.08,109.46
44804.12,109.46
44804.17,109.46
44804.21,109.46
44804.25,109.46
44804.29,109.46
44804.33,109.46
44804.38,109.46
44804.42,109.46
44804.46,109.46
44804.5,109.46
44804.54,109.46
44804.58,109.46
44804.62,109.46
44804.67,109.46
44804.71,109.46
44804.75,109.46
44804.79,109.46
44804.83,109.46
44804.88,109.46
44804.92,109.46
44804.96,109.46
44805,195.38
44805.04,195.38
44805.08,195.38
44805.12,195.38
44805.17,195.38
44805.21,195.38
44805.25,195.38
44805.29,195.38
44805.33,195.38
44805.38,195.38
44805.42,195.38
44805.46,195.38
44805.5,195.38
44805.54,195.38
44805.58,195.38
44805.62,195.38
44805.67,195.38
44805.71,195.38
44805.75,195.38
44805.79,195.38
44805.83,195.38
44805.88,195.38
44805.92,195.38
44805.96,195.38
44806,195.38
44806.04,195.38
44806.08,195.38
44806.12,195.38
44806.17,195.38
44806.21,195.38
44806.25,195.38
44806.29,195.38
44806.33,195.38
44806.38,195.38
44806.42,195.38
44806.46,195.38
44806.5,195.38
44806.54,195.38
44806.58,195.38
44806.62,195.38
44806.67,195.38
44806.71,195.38
44806.75,195.38
44806.79,195.38
44806.83,195.38
44806.88,195.38
44806.92,195.38
44806.96,195.38
44807,195.38
44807.04,195.38
44807.08,195.38
44807.12,195.38
44807.17,195.38
44807.21,195.38
44807.25,195.38
44807.29,195.38
44807.33,195.38
44807.38,195.38
44807.42,195.38
44807.46,195.38
44807.5,195.38
44807.54,195.38
44807.58,195.38
44807.62,195.38
44807.67,195.38
44807.71,195.38
44807.75,195.38
44807.79,195.38
44807.83,195.38
44807.88,195.38
44807.92,195.38
44807.96,195.38
44808,195.38
44808.04,195.38
44808.08,195.38
44808.12,195.38
44808.17,195.38
44808.21,195.38
44808.25,195.38
44808.29,195.38
44808.33,195.38
44808.38,195.38
44808.42,195.38
44808.46,195.38
44808.5,195.38
44808.54,195.38
44808.58,195.38
44808.62,195.38
44808.67,195.38
44808.71,195.38
44808.75,195.38
44808.79,195.38
44808.83,195.38
44808.88,195.38
44808.92,195.38
44808.96,195.38
44809,195.38
44809.04,195.38
44809.08,195.38
44809.12,195.38
44809.17,195.38
44809.21,195.38
44809.25,195.38
44809.29,195.38
44809.33,195.38
44809.38,195.38
44809.42,195.38
44809.46,195.38
44809.5,195.38
44809.54,195.38
44809.58,195.38
44809.62,195.38
44809.67,195.38
44809.71,195.38
44809.75,195.38
44809.79,195.38
44809.83,195.38
44809.88,195.38
44809.92,195.38
44809.96,195.38
44810,195.38
44810.04,195.38
44810.08,195.38
44810.12,195.38
44810.17,195.38
44810.21,195.38
44810.25,195.38
44810.29,195.38
44810.33,195.38
44810.38,195.38
44810.42,195.38
44810.46,195.38
44810.5,195.38
44810.54,195.38
44810.58,195.38
44810.62,195.38
44810.67,195.38
44810.71,195.38
44810.75,195.38
44810.79,195.38
44810.83,195.38
44810.88,195.38
44810.92,195.38
44810.96,195.38
44811,195.38
44811.04,195.38
44811.08,195.38
44811.12,195.38
44811.17,195.38
44811.21,195.38
44811.25,195.38
44811.29,195.38
44811.33,195.38
44811.38,195.38
44811.42,195.38
44811.46,195.38
44811.5,195.38
44811.54,195.38
44811.58,195.38
44811.62,195.38
44811.67,195.38
44811.71,195.38
44811.75,195.38
44811.79,195.38
44811.83,195.38
44811.88,195.38
44811.92,195.38
44811.96,195.38
44812,195.38
44812.04,195.38
44812.08,195.38
44812.12,195.38
44812.17,195.38
44812.21,195.38
44812.25,195.38
44812.29,195.38
44812.33,195.38
44812.38,195.38
44812.42,195.38
44812.46,195.38
44812.5,195.38
44812.54,195.38
44812.58,195.38
44812.62,195.38
44812.67,195.38
44812.71,195.38
44812.75,195.38
44812.79,195.38
44812.83,195.38
44812.88,195.38
44812.92,195.38
44812.96,195.38
44813,195.38
44813.04,195.38
44813.08,195.38
44813.12,195.38
44813.17,195.38
44813.21,195.38
44813.25,195.38
44813.29,195.38
44813.33,195.38
44813.38,195.38
44813.42,195.38
44813.46,195.38
44813.5,195.38
44813.54,195.38
44813.58,195.38
44813.62,195.38
44813.67,195.38
44813.71,195.38
44813.75,195.38
44813.79,195.38
44813.83,195.38
44813.88,195.38
44813.92,195.38
44813.96,195.38
44814,195.38
44814.04,195.38
44814.08,195.38
44814.12,195.38
44814.17,195.38
44814.21,195.38
44814.25,195.38
44814.29,195.38
44814.33,195.38
44814.38,195.38
44814.42,195.38
44814.46,195.38
44814.5,195.38
44814.54,195.38
44814.58,195.38
44814.62,195.38
44814.67,195.38
44814.71,195.38
44814.75,195.38
44814.79,195.38
44814.83,195.38
44814.88,195.38
44814.92,195.38
44814.96,195.38
44815,195.38
44815.04,195.38
44815.08,195.38
44815.12,195.38
44815.17,195.38
44815.21,195.38
44815.25,195.38
44815.29,195.38
44815.33,195.38
44815.38,195.38
44815.42,195.38
44815.46,195.38
44815.5,195.38
44815.54,195.38
44815.58,195.38
44815.62,195.38
44815.67,195.38
44815.71,195.38
44815.75,195.38
44815.79,195.38
44815.83,195.38
44815.88,195.38
44815.92,195.38
44815.96,195.38
44816,195.38
44816.04,195.38
44816.08,195.38
44816.12,195.38
44816.17,195.38
44816.21,195.38
44816.25,195.38
44816.29,195.38
44816.33,195.38
44816.38,195.38
44816.42,195.38
44816.46,195.38
44816.5,195.38
44816.54,195.38
44816.58,195.38
44816.62,195.38
44816.67,195.38
44816.71,195.38
44816.75,195.38
44816.79,195.38
44816.83,195.38
44816.88,195.38
44816.92,195.38
44816.96,195.38
44817,195.38
44817.04,195.38
44817.08,195.38
44817.12,195.38
44817.17,195.38
44817.21,195.38
44817.25,195.38
44817.29,195.38
44817.33,195.38
44817.38,195.38
44817.42,195.38
44817.46,195.38
44817.5,195.38
44817.54,195.38
44817.58,195.38
44817.62,195.38
44817.67,195.38
44817.71,195.38
44817.75,195.38
44817.79,195.38
44817.83,195.38
44817.88,195.38
44817.92,195.38
44817.96,195.38
44818,195.38
44818.04,195.38
44818.08,195.38
44818.12,195.38
44818.17,195.38
44818.21,195.38
44818.25,195.38
44818.29,195.38
44818.33,195.38
44818.38,195.38
44818.42,195.38
44818.46,195.38
44818.5,195.38
44818.54,195.38
44818.58,195.38
44818.62,195.38
44818.67,195.38
44818.71,195.38
44818.75,195.38
44818.79,195.38
44818.83,195.38
44818.88,195.38
44818.92,195.38
44818.96,195.38
44819,195.38
44819.04,195.38
44819.08,195.38
44819.12,195.38
44819.17,195.38
44819.21,195.38
44819.25,195.38
44819.29,195.38
44819.33,195.38
44819.38,195.38
44819.42,195.38
44819.46,195.38
44819.5,195.38
44819.54,195.38
44819.58,195.38
44819.62,195.38
44819.67,195.38
44819.71,195.38
44819.75,195.38
44819.79,195.38
44819.83,195.38
44819.88,195.38
44819.92,195.38
44819.96,195.38
44820,195.38
44820.04,195.38
44820.08,195.38
44820.12,195.38
44820.17,195.38
44820.21,195.38
44820.25,195.38
44820.29,195.38
44820.33,195.38
44820.38,195.38
44820.42,195.38
44820.46,195.38
44820.5,195.38
44820.54,195.38
44820.58,195.38
44820.62,195.38
44820.67,195.38
44820.71,195.38
44820.75,195.38
44820.79,195.38
44820.83,195.38
44820.88,195.38
44820.92,195.38
44820.96,195.38
44821,195.38
44821.04,195.38
44821.08,195.38
44821.12,195.38
44821.17,195.38
44821.21,195.38
44821.25,195.38
44821.29,195.38
44821.33,195.38
44821.38,195.38
44821.42,195.38
44821.46,195.38
44821.5,195.38
44821.54,195.38
44821.58,195.38
44821.62,195.38
44821.67,195.38
44821.71,195.38
44821.75,195.38
44821.79,195.38
44821.83,195.38
44821.88,195.38
44821.92,195.38
44821.96,195.38
44822,195.38
44822.04,195.38
44822.08,195.38
44822.12,195.38
44822.17,195.38
44822.21,195.38
44822.25,195.38
44822.29,195.38
44822.33,195.38
44822.38,195.38
44822.42,195.38
44822.46,195.38
44822.5,195.38
44822.54,195.38
44822.58,195.38
44822.62,195.38
44822.67,195.38
44822.71,195.38
44822.75,195.38
44822.79,195.38
44822.83,195.38
44822.88,195.38
44822.92,195.38
44822.96,195.38
44823,195.38
44823.04,195.38
44823.08,195.38
44823.12,195.38
44823.17,195.38
44823.21,195.38
44823.25,195.38
44823.29,195.38
44823.33,195.38
44823.38,195.38
44823.42,195.38
44823.46,195.38
44823.5,195.38
44823.54,195.38
44823.58,195.38
44823.62,195.38
44823.67,195.38
44823.71,195.38
44823.75,195.38
44823.79,195.38
44823.83,195.38
44823.88,195.38
44823.92,195.38
44823.96,195.38
44824,195.38
44824.04,195.38
44824.08,195.38
44824.12,195.38
44824.17,195.38
44824.21,195.38
44824.25,195.38
44824.29,195.38
44824.33,195.38
44824.38,195.38
44824.42,195.38
44824.46,195.38
44824.5,195.38
44824.54,195.38
44824.58,195.38
44824.62,195.38
44824.67,195.38
44824.71,195.38
44824.75,195.38
44824.79,195.38
44824.83,195.38
44824.88,195.38
44824.92,195.38
44824.96,195.38
44825,195.38
44825.04,195.38
44825.08,195.38
44825.12,195.38
44825.17,195.38
44825.21,195.38
44825.25,195.38
44825.29,195.38
44825.33,195.38
44825.38,195.38
44825.42,195.38
44825.46,195.38
44825.5,195.38
44825.54,195.38
44825.58,195.38
44825.62,195.38
44825.67,195.38
44825.71,195.38
44825.75,195.38
44825.79,195.38
44825.83,195.38
44825.88,195.38
44825.92,195.38
44825.96,195.38
44826,195.38
44826.04,195.38
44826.08,195.38
44826.12,195.38
44826.17,195.38
44826.21,195.38
44826.25,195.38
44826.29,195.38
44826.33,195.38
44826.38,195.38
44826.42,195.38
44826.46,195.38
44826.5,195.38
44826.54,195.38
44826.58,195.38
44826.62,195.38
44826.67,195.38
44826.71,195.38
44826.75,195.38
44826.79,195.38
44826.83,195.38
44826.88,195.38
44826.92,195.38
44826.96,195.38
44827,195.38
44827.04,195.38
44827.08,195.38
44827.12,195.38
44827.17,195.38
44827.21,195.38
44827.25,195.38
44827.29,195.38
44827.33,195.38
44827.38,195.38
44827.42,195.38
44827.46,195.38
44827.5,195.38
44827.54,195.38
44827.58,195.38
44827.62,195.38
44827.67,195.38
44827.71,195.38
44827.75,195.38
44827.79,195.38
44827.83,195.38
44827.88,195.38
44827.92,195.38
44827.96,195.38
44828,195.38
44828.04,195.38
44828.08,195.38
44828.12,195.38
44828.17,195.38
44828.21,195.38
44828.25,195.38
44828.29,195.38
44828.33,195.38
44828.38,195.38
44828.42,195.38
44828.46,195.38
44828.5,195.38
44828.54,195.38
44828.58,195.38
44828.62,195.38
44828.67,195.38
44828.71,195.38
44828.75,195.38
44828.79,195.38
44828.83,195.38
44828.88,195.38
44828.92,195.38
44828.96,195.38
44829,195.38
44829.04,195.38
44829.08,195.38
44829.12,195.38
44829.17,195.38
44829.21,195.38
44829.25,195.38
44829.29,195.38
44829.33,195.38
44829.38,195.38
44829.42,195.38
44829.46,195.38
44829.5,195.38
44829.54,195.38
44829.58,195.38
44829.62,195.38
44829.67,195.38
44829.71,195.38
44829.75,195.38
44829.79,195.38
44829.83,195.38
44829.88,195.38
44829.92,195.38
44829.96,195.38
44830,195.38
44830.04,195.38
44830.08,195.38
44830.12,195.38
44830.17,195.38
44830.21,195.38
44830.25,195.38
44830.29,195.38
44830.33,195.38
44830.38,195.38
44830.42,195.38
44830.46,195.38
44830.5,195.38
44830.54,195.38
44830.58,195.38
44830.62,195.38
44830.67,195.38
44830.71,195.38
44830.75,195.38
44830.79,195.38
44830.83,195.38
44830.88,195.38
44830.92,195.38
44830.96,195.38
44831,195.38
44831.04,195.38
44831.08,195.38
44831.12,195.38
44831.17,195.38
44831.21,195.38
44831.25,195.38
44831.29,195.38
44831.33,195.38
44831.38,195.38
44831.42,195.38
44831.46,195.38
44831.5,195.38
44831.54,195.38
44831.58,195.38
44831.62,195.38
44831.67,195.38
44831.71,195.38
44831.75,195.38
44831.79,195.38
44831.83,195.38
44831.88,195.38
44831.92,195.38
44831.96,195.38
44832,195.38
44832.04,195.38
44832.08,195.38
44832.12,195.38
44832.17,195.38
44832.21,195.38
44832.25,195.38
44832.29,195.38
44832.33,195.38
44832.38,195.38
44832.42,195.38
44832.46,195.38
44832.5,195.38
44832.54,195.38
44832.58,195.38
44832.62,195.38
44832.67,195.38
44832.71,195.38
44832.75,195.38
44832.79,195.38
44832.83,195.38
44832.88,195.38
44832.92,195.38
44832.96,195.38
44833,195.38
44833.04,195.38
44833.08,195.38
44833.12,195.38
44833.17,195.38
44833.21,195.38
44833.25,195.38
44833.29,195.38
44833.33,195.38
44833.38,195.38
44833.42,195.38
44833.46,195.38
44833.5,195.38
44833.54,195.38
44833.58,195.38
44833.62,195.38
44833.67,195.38
44833.71,195.38
44833.75,195.38
44833.79,195.38
44833.83,195.38
44833.88,195.38
44833.92,195.38
44833.96,195.38
44834,195.38
44834.04,195.38
44834.08,195.38
44834.12,195.38
44834.17,195.38
44834.21,195.38
44834.25,195.38
44834.29,195.38
44834.33,195.38
44834.38,195.38
44834.42,195.38
44834.46,195.38
44834.5,195.38
44834.54,195.38
44834.58,195.38
44834.62,195.38
44834.67,195.38
44834.71,195.38
44834.75,195.38
44834.79,195.38
44834.83,195.38
44834.88,195.38
44834.92,195.38
44834.96,195.38
44835,103.04
44835.04,103.04
44835.08,103.04
44835.12,103.04
44835.17,103.04
44835.21,103.04
44835.25,103.04
44835.29,103.04
44835.33,103.04
44835.38,103.04
44835.42,103.04
44835.46,103.04
44835.5,103.04
44835.54,103.04
44835.58,103.04
44835.62,103.04
44835.67,103.04
44835.71,103.04
44835.75,103.04
44835.79,103.04
44835.83,103.04
44835.88,103.04
44835.92,103.04
44835.96,103.04
44836,103.04
44836.04,103.04
44836.08,103.04
44836.12,103.04
44836.17,103.04
44836.21,103.04
44836.25,103.04
44836.29,103.04
44836.33,103.04
44836.38,103.04
44836.42,103.04
44836.46,103.04
44836.5,103.04
44836.54,103.04
44836.58,103.04
44836.62,103.04
44836.67,103.04
44836.71,103.04
44836.75,103.04
44836.79,103.04
44836.83,103.04
44836.88,103.04
44836.92,103.04
44836.96,103.04
44837,103.04
44837.04,103.04
44837.08,103.04
44837.12,103.04
44837.17,103.04
44837.21,103.04
44837.25,103.04
44837.29,103.04
44837.33,103.04
44837.38,103.04
44837.42,103.04
44837.46,103.04
44837.5,103.04
44837.54,103.04
44837.58,103.04
44837.62,103.04
44837.67,103.04
44837.71,103.04
44837.75,103.04
44837.79,103.04
44837.83,103.04
44837.88,103.04
44837.92,103.04
44837.96,103.04
44838,103.04
44838.04,103.04
44838.08,103.04
44838.12,103.04
44838.17,103.04
44838.21,103.04
44838.25,103.04
44838.29,103.04
44838.33,103.04
44838.38,103.04
44838.42,103.04
44838.46,103.04
44838.5,103.04
44838.54,103.04
44838.58,103.04
44838.62,103.04
44838.67,103.04
44838.71,103.04
44838.75,103.04
44838.79,103.04
44838.83,103.04
44838.88,103.04
44838.92,103.04
44838.96,103.04
44839,103.04
44839.04,103.04
44839.08,103.04
44839.12,103.04
44839.17,103.04
44839.21,103.04
44839.25,103.04
44839.29,103.04
44839.33,103.04
44839.38,103.04
44839.42,103.04
44839.46,103.04
44839.5,103.04
44839.54,103.04
44839.58,103.04
44839.62,103.04
44839.67,103.04
44839.71,103.04
44839.75,103.04
44839.79,103.04
44839.83,103.04
44839.88,103.04
44839.92,103.04
44839.96,103.04
44840,103.04
44840.04,103.04
44840.08,103.04
44840.12,103.04
44840.17,103.04
44840.21,103.04
44840.25,103.04
44840.29,103.04
44840.33,103.04
44840.38,103.04
44840.42,103.04
44840.46,103.04
44840.5,103.04
44840.54,103.04
44840.58,103.04
44840.62,103.04
44840.67,103.04
44840.71,103.04
44840.75,103.04
44840.79,103.04
44840.83,103.04
44840.88,103.04
44840.92,103.04
44840.96,103.04
44841,103.04
44841.04,103.04
44841.08,103.04
44841.12,103.04
44841.17,103.04
44841.21,103.04
44841.25,103.04
44841.29,103.04
44841.33,103.04
44841.38,103.04
44841.42,103.04
44841.46,103.04
44841.5,103.04
44841.54,103.04
44841.58,103.04
44841.62,103.04
44841.67,103.04
44841.71,103.04
44841.75,103.04
44841.79,103.04
44841.83,103.04
44841.88,103.04
44841.92,103.04
44841.96,103.04
44842,103.04
44842.04,103.04
44842.08,103.04
44842.12,103.04
44842.17,103.04
44842.21,103.04
44842.25,103.04
44842.29,103.04
44842.33,103.04
44842.38,103.04
44842.42,103.04
44842.46,103.04
44842.5,103.04
44842.54,103.04
44842.58,103.04
44842.62,103.04
44842.67,103.04
44842.71,103.04
44842.75,103.04
44842.79,103.04
44842.83,103.04
44842.88,103.04
44842.92,103.04
44842.96,103.04
44843,103.04
44843.04,103.04
44843.08,103.04
44843.12,103.04
44843.17,103.04
44843.21,103.04
44843.25,103.04
44843.29,103.04
44843.33,103.04
44843.38,103.04
44843.42,103.04
44843.46,103.04
44843.5,103.04
44843.54,103.04
44843.58,103.04
44843.62,103.04
44843.67,103.04
44843.71,103.04
44843.75,103.04
44843.79,103.04
44843.83,103.04
44843.88,103.04
44843.92,103.04
44843.96,103.04
44844,103.04
44844.04,103.04
44844.08,103.04
44844.12,103.04
44844.17,103.04
44844.21,103.04
44844.25,103.04
44844.29,103.04
44844.33,103.04
44844.38,103.04
44844.42,103.04
44844.46,103.04
44844.5,103.04
44844.54,103.04
44844.58,103.04
44844.62,103.04
44844.67,103.04
44844.71,103.04
44844.75,103.04
44844.79,103.04
44844.83,103.04
44844.88,103.04
44844.92,103.04
44844.96,103.04
44845,103.04
44845.04,103.04
44845.08,103.04
44845.12,103.04
44845.17,103.04
44845.21,103.04
44845.25,103.04
44845.29,103.04
44845.33,103.04
44845.38,103.04
44845.42,103.04
44845.46,103.04
44845.5,103.04
44845.54,103.04
44845.58,103.04
44845.62,103.04
44845.67,103.04
44845.71,103.04
44845.75,103.04
44845.79,103.04
44845.83,103.04
44845.88,103.04
44845.92,103.04
44845.96,103.04
44846,103.04
44846.04,103.04
44846.08,103.04
44846.12,103.04
44846.17,103.04
44846.21,103.04
44846.25,103.04
44846.29,103.04
44846.33,103.04
44846.38,103.04
44846.42,103.04
44846.46,103.04
44846.5,103.04
44846.54,103.04
44846.58,103.04
44846.62,103.04
44846.67,103.04
44846.71,103.04
44846.75,103.04
44846.79,103.04
44846.83,103.04
44846.88,103.04
44846.92,103.04
44846.96,103.04
44847,103.04
44847.04,103.04
44847.08,103.04
44847.12,103.04
44847.17,103.04
44847.21,103.04
44847.25,103.04
44847.29,103.04
44847.33,103.04
44847.38,103.04
44847.42,103.04
44847.46,103.04
44847.5,103.04
44847.54,103.04
44847.58,103.04
44847.62,103.04
44847.67,103.04
44847.71,103.04
44847.75,103.04
44847.79,103.04
44847.83,103.04
44847.88,103.04
44847.92,103.04
44847.96,103.04
44848,103.04
44848.04,103.04
44848.08,103.04
44848.12,103.04
44848.17,103.04
44848.21,103.04
44848.25,103.04
44848.29,103.04
44848.33,103.04
44848.38,103.04
44848.42,103.04
44848.46,103.04
44848.5,103.04
44848.54,103.04
44848.58,103.04
44848.62,103.04
44848.67,103.04
44848.71,103.04
44848.75,103.04
44848.79,103.04
44848.83,103.04
44848.88,103.04
44848.92,103.04
44848.96,103.04
44849,103.04
44849.04,103.04
44849.08,103.04
44849.12,103.04
44849.17,103.04
44849.21,103.04
44849.25,103.04
44849.29,103.04
44849.33,103.04
44849.38,103.04
44849.42,103.04
44849.46,103.04
44849.5,103.04
44849.54,103.04
44849.58,103.04
44849.62,103.04
44849.67,103.04
44849.71,103.04
44849.75,103.04
44849.79,103.04
44849.83,103.04
44849.88,103.04
44849.92,103.04
44849.96,103.04
44850,103.04
44850.04,103.04
44850.08,103.04
44850.12,103.04
44850.17,103.04
44850.21,103.04
44850.25,103.04
44850.29,103.04
44850.33,103.04
44850.38,103.04
44850.42,103.04
44850.46,103.04
44850.5,103.04
44850.54,103.04
44850.58,103.04
44850.62,103.04
44850.67,103.04
44850.71,103.04
44850.75,103.04
44850.79,103.04
44850.83,103.04
44850.88,103.04
44850.92,103.04
44850.96,103.04
44851,103.04
44851.04,103.04
44851.08,103.04
44851.12,103.04
44851.17,103.04
44851.21,103.04
44851.25,103.04
44851.29,103.04
44851.33,103.04
44851.38,103.04
44851.42,103.04
44851.46,103.04
44851.5,103.04
44851.54,103.04
44851.58,103.04
44851.62,103.04
44851.67,103.04
44851.71,103.04
44851.75,103.04
44851.79,103.04
44851.83,103.04
44851.88,103.04
44851.92,103.04
44851.96,103.04
44852,103.04
44852.04,103.04
44852.08,103.04
44852.12,103.04
44852.17,103.04
44852.21,103.04
44852.25,103.04
44852.29,103.04
44852.33,103.04
44852.38,103.04
44852.42,103.04
44852.46,103.04
44852.5,103.04
44852.54,103.04
44852.58,103.04
44852.62,103.04
44852.67,103.04
44852.71,103.04
44852.75,103.04
44852.79,103.04
44852.83,103.04
44852.88,103.04
44852.92,103.04
44852.96,103.04
44853,103.04
44853.04,103.04
44853.08,103.04
44853.12,103.04
44853.17,103.04
44853.21,103.04
44853.25,103.04
44853.29,103.04
44853.33,103.04
44853.38,103.04
44853.42,103.04
44853.46,103.04
44853.5,103.04
44853.54,103.04
44853.58,103.04
44853.62,103.04
44853.67,103.04
44853.71,103.04
44853.75,103.04
44853.79,103.04
44853.83,103.04
44853.88,103.04
44853.92,103.04
44853.96,103.04
44854,103.04
44854.04,103.04
44854.08,103.04
44854.12,103.04
44854.17,103.04
44854.21,103.04
44854.25,103.04
44854.29,103.04
44854.33,103.04
44854.38,103.04
44854.42,103.04
44854.46,103.04
44854.5,103.04
44854.54,103.04
44854.58,103.04
44854.62,103.04
44854.67,103.04
44854.71,103.04
44854.75,103.04
44854.79,103.04
44854.83,103.04
44854.88,103.04
44854.92,103.04
44854.96,103.04
44855,103.04
44855.04,103.04
44855.08,103.04
44855.12,103.04
44855.17,103.04
44855.21,103.04
44855.25,103.04
44855.29,103.04
44855.33,103.04
44855.38,103.04
44855.42,103.04
44855.46,103.04
44855.5,103.04
44855.54,103.04
44855.58,103.04
44855.62,103.04
44855.67,103.04
44855.71,103.04
44855.75,103.04
44855.79,103.04
44855.83,103.04
44855.88,103.04
44855.92,103.04
44855.96,103.04
44856,103.04
44856.04,103.04
44856.08,103.04
44856.12,103.04
44856.17,103.04
44856.21,103.04
44856.25,103.04
44856.29,103.04
44856.33,103.04
44856.38,103.04
44856.42,103.04
44856.46,103.04
44856.5,103.04
44856.54,103.04
44856.58,103.04
44856.62,103.04
44856.67,103.04
44856.71,103.04
44856.75,103.04
44856.79,103.04
44856.83,103.04
44856.88,103.04
44856.92,103.04
44856.96,103.04
44857,103.04
44857.04,103.04
44857.08,103.04
44857.12,103.04
44857.17,103.04
44857.21,103.04
44857.25,103.04
44857.29,103.04
44857.33,103.04
44857.38,103.04
44857.42,103.04
44857.46,103.04
44857.5,103.04
44857.54,103.04
44857.58,103.04
44857.62,103.04
44857.67,103.04
44857.71,103.04
44857.75,103.04
44857.79,103.04
44857.83,103.04
44857.88,103.04
44857.92,103.04
44857.96,103.04
44858,103.04
44858.04,103.04
44858.08,103.04
44858.12,103.04
44858.17,103.04
44858.21,103.04
44858.25,103.04
44858.29,103.04
44858.33,103.04
44858.38,103.04
44858.42,103.04
44858.46,103.04
44858.5,103.04
44858.54,103.04
44858.58,103.04
44858.62,103.04
44858.67,103.04
44858.71,103.04
44858.75,103.04
44858.79,103.04
44858.83,103.04
44858.88,103.04
44858.92,103.04
44858.96,103.04
44859,103.04
44859.04,103.04
44859.08,103.04
44859.12,103.04
44859.17,103.04
44859.21,103.04
44859.25,103.04
44859.29,103.04
44859.33,103.04
44859.38,103.04
44859.42,103.04
44859.46,103.04
44859.5,103.04
44859.54,103.04
44859.58,103.04
44859.62,103.04
44859.67,103.04
44859.71,103.04
44859.75,103.04
44859.79,103.04
44859.83,103.04
44859.88,103.04
44859.92,103.04
44859.96,103.04
44860,103.04
44860.04,103.04
44860.08,103.04
44860.12,103.04
44860.17,103.04
44860.21,103.04
44860.25,103.04
44860.29,103.04
44860.33,103.04
44860.38,103.04
44860.42,103.04
44860.46,103.04
44860.5,103.04
44860.54,103.04
44860.58,103.04
44860.62,103.04
44860.67,103.04
44860.71,103.04
44860.75,103.04
44860.79,103.04
44860.83,103.04
44860.88,103.04
44860.92,103.04
44860.96,103.04
44861,103.04
44861.04,103.04
44861.08,103.04
44861.12,103.04
44861.17,103.04
44861.21,103.04
44861.25,103.04
44861.29,103.04
44861.33,103.04
44861.38,103.04
44861.42,103.04
44861.46,103.04
44861.5,103.04
44861.54,103.04
44861.58,103.04
44861.62,103.04
44861.67,103.04
44861.71,103.04
44861.75,103.04
44861.79,103.04
44861.83,103.04
44861.88,103.04
44861.92,103.04
44861.96,103.04
44862,103.04
44862.04,103.04
44862.08,103.04
44862.12,103.04
44862.17,103.04
44862.21,103.04
44862.25,103.04
44862.29,103.04
44862.33,103.04
44862.38,103.04
44862.42,103.04
44862.46,103.04
44862.5,103.04
44862.54,103.04
44862.58,103.04
44862.62,103.04
44862.67,103.04
44862.71,103.04
44862.75,103.04
44862.79,103.04
44862.83,103.04
44862.88,103.04
44862.92,103.04
44862.96,103.04
44863,103.04
44863.04,103.04
44863.08,103.04
44863.12,103.04
44863.17,103.04
44863.21,103.04
44863.25,103.04
44863.29,103.04
44863.33,103.04
44863.38,103.04
44863.42,103.04
44863.46,103.04
44863.5,103.04
44863.54,103.04
44863.58,103.04
44863.62,103.04
44863.67,103.04
44863.71,103.04
44863.75,103.04
44863.79,103.04
44863.83,103.04
44863.88,103.04
44863.92,103.04
44863.96,103.04
44864,103.04
44864.04,103.04
44864.08,103.04
44864.12,103.04
44864.17,103.04
44864.21,103.04
44864.25,103.04
44864.29,103.04
44864.33,103.04
44864.38,103.04
44864.42,103.04
44864.46,103.04
44864.5,103.04
44864.54,103.04
44864.58,103.04
44864.62,103.04
44864.67,103.04
44864.71,103.04
44864.75,103.04
44864.79,103.04
44864.83,103.04
44864.88,103.04
44864.92,103.04
44864.96,103.04
44865,103.04
44865.04,103.04
44865.08,103.04
44865.12,103.04
44865.17,103.04
44865.21,103.04
44865.25,103.04
44865.29,103.04
44865.33,103.04
44865.38,103.04
44865.42,103.04
44865.46,103.04
44865.5,103.04
44865.54,103.04
44865.58,103.04
44865.62,103.04
44865.67,103.04
44865.71,103.04
44865.75,103.04
44865.79,103.04
44865.83,103.04
44865.88,103.04
44865.92,103.04
44865.96,103.04
44866,44.03
44866.04,44.03
44866.08,44.03
44866.12,44.03
44866.17,44.03
44866.21,44.03
44866.25,44.03
44866.29,44.03
44866.33,44.03
44866.38,44.03
44866.42,44.03
44866.46,44.03
44866.5,44.03
44866.54,44.03
44866.58,44.03
44866.62,44.03
44866.67,44.03
44866.71,44.03
44866.75,44.03
44866.79,44.03
44866.83,44.03
44866.88,44.03
44866.92,44.03
44866.96,44.03
44867,44.03
44867.04,44.03
44867.08,44.03
44867.12,44.03
44867.17,44.03
44867.21,44.03
44867.25,44.03
44867.29,44.03
44867.33,44.03
44867.38,44.03
44867.42,44.03
44867.46,44.03
44867.5,44.03
44867.54,44.03
44867.58,44.03
44867.62,44.03
44867.67,44.03
44867.71,44.03
44867.75,44.03
44867.79,44.03
44867.83,44.03
44867.88,44.03
44867.92,44.03
44867.96,44.03
44868,44.03
44868.04,44.03
44868.08,44.03
44868.12,44.03
44868.17,44.03
44868.21,44.03
44868.25,44.03
44868.29,44.03
44868.33,44.03
44868.38,44.03
44868.42,44.03
44868.46,44.03
44868.5,44.03
44868.54,44.03
44868.58,44.03
44868.62,44.03
44868.67,44.03
44868.71,44.03
44868.75,44.03
44868.79,44.03
44868.83,44.03
44868.88,44.03
44868.92,44.03
44868.96,44.03
44869,44.03
44869.04,44.03
44869.08,44.03
44869.12,44.03
44869.17,44.03
44869.21,44.03
44869.25,44.03
44869.29,44.03
44869.33,44.03
44869.38,44.03
44869.42,44.03
44869.46,44.03
44869.5,44.03
44869.54,44.03
44869.58,44.03
44869.62,44.03
44869.67,44.03
44869.71,44.03
44869.75,44.03
44869.79,44.03
44869.83,44.03
44869.88,44.03
44869.92,44.03
44869.96,44.03
44870,44.03
44870.04,44.03
44870.08,44.03
44870.12,44.03
44870.17,44.03
44870.21,44.03
44870.25,44.03
44870.29,44.03
44870.33,44.03
44870.38,44.03
44870.42,44.03
44870.46,44.03
44870.5,44.03
44870.54,44.03
44870.58,44.03
44870.62,44.03
44870.67,44.03
44870.71,44.03
44870.75,44.03
44870.79,44.03
44870.83,44.03
44870.88,44.03
44870.92,44.03
44870.96,44.03
44871,44.03
44871.04,44.03
44871.08,44.03
44871.12,44.03
44871.17,44.03
44871.21,44.03
44871.25,44.03
44871.29,44.03
44871.33,44.03
44871.38,44.03
44871.42,44.03
44871.46,44.03
44871.5,44.03
44871.54,44.03
44871.58,44.03
44871.62,44.03
44871.67,44.03
44871.71,44.03
44871.75,44.03
44871.79,44.03
44871.83,44.03
44871.88,44.03
44871.92,44.03
44871.96,44.03
44872,44.03
44872.04,44.03
44872.08,44.03
44872.12,44.03
44872.17,44.03
44872.21,44.03
44872.25,44.03
44872.29,44.03
44872.33,44.03
44872.38,44.03
44872.42,44.03
44872.46,44.03
44872.5,44.03
44872.54,44.03
44872.58,44.03
44872.62,44.03
44872.67,44.03
44872.71,44.03
44872.75,44.03
44872.79,44.03
44872.83,44.03
44872.88,44.03
44872.92,44.03
44872.96,44.03
44873,44.03
44873.04,44.03
44873.08,44.03
44873.12,44.03
44873.17,44.03
44873.21,44.03
44873.25,44.03
44873.29,44.03
44873.33,44.03
44873.38,44.03
44873.42,44.03
44873.46,44.03
44873.5,44.03
44873.54,44.03
44873.58,44.03
44873.62,44.03
44873.67,44.03
44873.71,44.03
44873.75,44.03
44873.79,44.03
44873.83,44.03
44873.88,44.03
44873.92,44.03
44873.96,44.03
44874,44.03
44874.04,44.03
44874.08,44.03
44874.12,44.03
44874.17,44.03
44874.21,44.03
44874.25,44.03
44874.29,44.03
44874.33,44.03
44874.38,44.03
44874.42,44.03
44874.46,44.03
44874.5,44.03
44874.54,44.03
44874.58,44.03
44874.62,44.03
44874.67,44.03
44874.71,44.03
44874.75,44.03
44874.79,44.03
44874.83,44.03
44874.88,44.03
44874.92,44.03
44874.96,44.03
44875,44.03
44875.04,44.03
44875.08,44.03
44875.12,44.03
44875.17,44.03
44875.21,44.03
44875.25,44.03
44875.29,44.03
44875.33,44.03
44875.38,44.03
44875.42,44.03
44875.46,44.03
44875.5,44.03
44875.54,44.03
44875.58,44.03
44875.62,44.03
44875.67,44.03
44875.71,44.03
44875.75,44.03
44875.79,44.03
44875.83,44.03
44875.88,44.03
44875.92,44.03
44875.96,44.03
44876,44.03
44876.04,44.03
44876.08,44.03
44876.12,44.03
44876.17,44.03
44876.21,44.03
44876.25,44.03
44876.29,44.03
44876.33,44.03
44876.38,44.03
44876.42,44.03
44876.46,44.03
44876.5,44.03
44876.54,44.03
44876.58,44.03
44876.62,44.03
44876.67,44.03
44876.71,44.03
44876.75,44.03
44876.79,44.03
44876.83,44.03
44876.88,44.03
44876.92,44.03
44876.96,44.03
44877,44.03
44877.04,44.03
44877.08,44.03
44877.12,44.03
44877.17,44.03
44877.21,44.03
44877.25,44.03
44877.29,44.03
44877.33,44.03
44877.38,44.03
44877.42,44.03
44877.46,44.03
44877.5,44.03
44877.54,44.03
44877.58,44.03
44877.62,44.03
44877.67,44.03
44877.71,44.03
44877.75,44.03
44877.79,44.03
44877.83,44.03
44877.88,44.03
44877.92,44.03
44877.96,44.03
44878,44.03
44878.04,44.03
44878.08,44.03
44878.12,44.03
44878.17,44.03
44878.21,44.03
44878.25,44.03
44878.29,44.03
44878.33,44.03
44878.38,44.03
44878.42,44.03
44878.46,44.03
44878.5,44.03
44878.54,44.03
44878.58,44.03
44878.62,44.03
44878.67,44.03
44878.71,44.03
44878.75,44.03
44878.79,44.03
44878.83,44.03
44878.88,44.03
44878.92,44.03
44878.96,44.03
44879,44.03
44879.04,44.03
44879.08,44.03
44879.12,44.03
44879.17,44.03
44879.21,44.03
44879.25,44.03
44879.29,44.03
44879.33,44.03
44879.38,44.03
44879.42,44.03
44879.46,44.03
44879.5,44.03
44879.54,44.03
44879.58,44.03
44879.62,44.03
44879.67,44.03
44879.71,44.03
44879.75,44.03
44879.79,44.03
44879.83,44.03
44879.88,44.03
44879.92,44.03
44879.96,44.03
44880,44.03
44880.04,44.03
44880.08,44.03
44880.12,44.03
44880.17,44.03
44880.21,44.03
44880.25,44.03
44880.29,44.03
44880.33,44.03
44880.38,44.03
44880.42,44.03
44880.46,44.03
44880.5,44.03
44880.54,44.03
44880.58,44.03
44880.62,44.03
44880.67,44.03
44880.71,44.03
44880.75,44.03
44880.79,44.03
44880.83,44.03
44880.88,44.03
44880.92,44.03
44880.96,44.03
44881,44.03
44881.04,44.03
44881.08,44.03
44881.12,44.03
44881.17,44.03
44881.21,44.03
44881.25,44.03
44881.29,44.03
44881.33,44.03
44881.38,44.03
44881.42,44.03
44881.46,44.03
44881.5,44.03
44881.54,44.03
44881.58,44.03
44881.62,44.03
44881.67,44.03
44881.71,44.03
44881.75,44.03
44881.79,44.03
44881.83,44.03
44881.88,44.03
44881.92,44.03
44881.96,44.03
44882,44.03
44882.04,44.03
44882.08,44.03
44882.12,44.03
44882.17,44.03
44882.21,44.03
44882.25,44.03
44882.29,44.03
44882.33,44.03
44882.38,44.03
44882.42,44.03
44882.46,44.03
44882.5,44.03
44882.54,44.03
44882.58,44.03
44882.62,44.03
44882.67,44.03
44882.71,44.03
44882.75,44.03
44882.79,44.03
44882.83,44.03
44882.88,44.03
44882.92,44.03
44882.96,44.03
44883,44.03
44883.04,44.03
44883.08,44.03
44883.12,44.03
44883.17,44.03
44883.21,44.03
44883.25,44.03
44883.29,44.03
44883.33,44.03
44883.38,44.03
44883.42,44.03
44883.46,44.03
44883.5,44.03
44883.54,44.03
44883.58,44.03
44883.62,44.03
44883.67,44.03
44883.71,44.03
44883.75,44.03
44883.79,44.03
44883.83,44.03
44883.88,44.03
44883.92,44.03
44883.96,44.03
44884,44.03
44884.04,44.03
44884.08,44.03
44884.12,44.03
44884.17,44.03
44884.21,44.03
44884.25,44.03
44884.29,44.03
44884.33,44.03
44884.38,44.03
44884.42,44.03
44884.46,44.03
44884.5,44.03
44884.54,44.03
44884.58,44.03
44884.62,44.03
44884.67,44.03
44884.71,44.03
44884.75,44.03
44884.79,44.03
44884.83,44.03
44884.88,44.03
44884.92,44.03
44884.96,44.03
44885,44.03
44885.04,44.03
44885.08,44.03
44885.12,44.03
44885.17,44.03
44885.21,44.03
44885.25,44.03
44885.29,44.03
44885.33,44.03
44885.38,44.03
44885.42,44.03
44885.46,44.03
44885.5,44.03
44885.54,44.03
44885.58,44.03
44885.62,44.03
44885.67,44.03
44885.71,44.03
44885.75,44.03
44885.79,44.03
44885.83,44.03
44885.88,44.03
44885.92,44.03
44885.96,44.03
44886,44.03
44886.04,44.03
44886.08,44.03
44886.12,44.03
44886.17,44.03
44886.21,44.03
44886.25,44.03
44886.29,44.03
44886.33,44.03
44886.38,44.03
44886.42,44.03
44886.46,44.03
44886.5,44.03
44886.54,44.03
44886.58,44.03
44886.62,44.03
44886.67,44.03
44886.71,44.03
44886.75,44.03
44886.79,44.03
44886.83,44.03
44886.88,44.03
44886.92,44.03
44886.96,44.03
44887,44.03
44887.04,44.03
44887.08,44.03
44887.12,44.03
44887.17,44.03
44887.21,44.03
44887.25,44.03
44887.29,44.03
44887.33,44.03
44887.38,44.03
44887.42,44.03
44887.46,44.03
44887.5,44.03
44887.54,44.03
44887.58,44.03
44887.62,44.03
44887.67,44.03
44887.71,44.03
44887.75,44.03
44887.79,44.03
44887.83,44.03
44887.88,44.03
44887.92,44.03
44887.96,44.03
44888,44.03
44888.04,44.03
44888.08,44.03
44888.12,44.03
44888.17,44.03
44888.21,44.03
44888.25,44.03
44888.29,44.03
44888.33,44.03
44888.38,44.03
44888.42,44.03
44888.46,44.03
44888.5,44.03
44888.54,44.03
44888.58,44.03
44888.62,44.03
44888.67,44.03
44888.71,44.03
44888.75,44.03
44888.79,44.03
44888.83,44.03
44888.88,44.03
44888.92,44.03
44888.96,44.03
44889,44.03
44889.04,44.03
44889.08,44.03
44889.12,44.03
44889.17,44.03
44889.21,44.03
44889.25,44.03
44889.29,44.03
44889.33,44.03
44889.38,44.03
44889.42,44.03
44889.46,44.03
44889.5,44.03
44889.54,44.03
44889.58,44.03
44889.62,44.03
44889.67,44.03
44889.71,44.03
44889.75,44.03
44889.79,44.03
44889.83,44.03
44889.88,44.03
44889.92,44.03
44889.96,44.03
44890,44.03
44890.04,44.03
44890.08,44.03
44890.12,44.03
44890.17,44.03
44890.21,44.03
44890.25,44.03
44890.29,44.03
44890.33,44.03
44890.38,44.03
44890.42,44.03
44890.46,44.03
44890.5,44.03
44890.54,44.03
44890.58,44.03
44890.62,44.03
44890.67,44.03
44890.71,44.03
44890.75,44.03
44890.79,44.03
44890.83,44.03
44890.88,44.03
44890.92,44.03
44890.96,44.03
44891,44.03
44891.04,44.03
44891.08,44.03
44891.12,44.03
44891.17,44.03
44891.21,44.03
44891.25,44.03
44891.29,44.03
44891.33,44.03
44891.38,44.03
44891.42,44.03
44891.46,44.03
44891.5,44.03
44891.54,44.03
44891.58,44.03
44891.62,44.03
44891.67,44.03
44891.71,44.03
44891.75,44.03
44891.79,44.03
44891.83,44.03
44891.88,44.03
44891.92,44.03
44891.96,44.03
44892,44.03
44892.04,44.03
44892.08,44.03
44892.12,44.03
44892.17,44.03
44892.21,44.03
44892.25,44.03
44892.29,44.03
44892.33,44.03
44892.38,44.03
44892.42,44.03
44892.46,44.03
44892.5,44.03
44892.54,44.03
44892.58,44.03
44892.62,44.03
44892.67,44.03
44892.71,44.03
44892.75,44.03
44892.79,44.03
44892.83,44.03
44892.88,44.03
44892.92,44.03
44892.96,44.03
44893,44.03
44893.04,44.03
44893.08,44.03
44893.12,44.03
44893.17,44.03
44893.21,44.03
44893.25,44.03
44893.29,44.03
44893.33,44.03
44893.38,44.03
44893.42,44.03
44893.46,44.03
44893.5,44.03
44893.54,44.03
44893.58,44.03
44893.62,44.03
44893.67,44.03
44893.71,44.03
44893.75,44.03
44893.79,44.03
44893.83,44.03
44893.88,44.03
44893.92,44.03
44893.96,44.03
44894,44.03
44894.04,44.03
44894.08,44.03
44894.12,44.03
44894.17,44.03
44894.21,44.03
44894.25,44.03
44894.29,44.03
44894.33,44.03
44894.38,44.03
44894.42,44.03
44894.46,44.03
44894.5,44.03
44894.54,44.03
44894.58,44.03
44894.62,44.03
44894.67,44.03
44894.71,44.03
44894.75,44.03
44894.79,44.03
44894.83,44.03
44894.88,44.03
44894.92,44.03
44894.96,44.03
44895,44.03
44895.04,44.03
44895.08,44.03
44895.12,44.03
44895.17,44.03
44895.21,44.03
44895.25,44.03
44895.29,44.03
44895.33,44.03
44895.38,44.03
44895.42,44.03
44895.46,44.03
44895.5,44.03
44895.54,44.03
44895.58,44.03
44895.62,44.03
44895.67,44.03
44895.71,44.03
44895.75,44.03
44895.79,44.03
44895.83,44.03
44895.88,44.03
44895.92,44.03
44895.96,44.03
44896,112.13
44896.04,112.13
44896.08,112.13
44896.12,112.13
44896.17,112.13
44896.21,112.13
44896.25,112.13
44896.29,112.13
44896.33,112.13
44896.38,112.13
44896.42,112.13
44896.46,112.13
44896.5,112.13
44896.54,112.13
44896.58,112.13
44896.62,112.13
44896.67,112.13
44896.71,112.13
44896.75,112.13
44896.79,112.13
44896.83,112.13
44896.88,112.13
44896.92,112.13
44896.96,112.13
44897,112.13
44897.04,112.13
44897.08,112.13
44897.12,112.13
44897.17,112.13
44897.21,112.13
44897.25,112.13
44897.29,112.13
44897.33,112.13
44897.38,112.13
44897.42,112.13
44897.46,112.13
44897.5,112.13
44897.54,112.13
44897.58,112.13
44897.62,112.13
44897.67,112.13
44897.71,112.13
44897.75,112.13
44897.79,112.13
44897.83,112.13
44897.88,112.13
44897.92,112.13
44897.96,112.13
44898,112.13
44898.04,112.13
44898.08,112.13
44898.12,112.13
44898.17,112.13
44898.21,112.13
44898.25,112.13
44898.29,112.13
44898.33,112.13
44898.38,112.13
44898.42,112.13
44898.46,112.13
44898.5,112.13
44898.54,112.13
44898.58,112.13
44898.62,112.13
44898.67,112.13
44898.71,112.13
44898.75,112.13
44898.79,112.13
44898.83,112.13
44898.88,112.13
44898.92,112.13
44898.96,112.13
44899,112.13
44899.04,112.13
44899.08,112.13
44899.12,112.13
44899.17,112.13
44899.21,112.13
44899.25,112.13
44899.29,112.13
44899.33,112.13
44899.38,112.13
44899.42,112.13
44899.46,112.13
44899.5,112.13
44899.54,112.13
44899.58,112.13
44899.62,112.13
44899.67,112.13
44899.71,112.13
44899.75,112.13
44899.79,112.13
44899.83,112.13
44899.88,112.13
44899.92,112.13
44899.96,112.13
44900,112.13
44900.04,112.13
44900.08,112.13
44900.12,112.13
44900.17,112.13
44900.21,112.13
44900.25,112.13
44900.29,112.13
44900.33,112.13
44900.38,112.13
44900.42,112.13
44900.46,112.13
44900.5,112.13
44900.54,112.13
44900.58,112.13
44900.62,112.13
44900.67,112.13
44900.71,112.13
44900.75,112.13
44900.79,112.13
44900.83,112.13
44900.88,112.13
44900.92,112.13
44900.96,112.13
44901,112.13
44901.04,112.13
44901.08,112.13
44901.12,112.13
44901.17,112.13
44901.21,112.13
44901.25,112.13
44901.29,112.13
44901.33,112.13
44901.38,112.13
44901.42,112.13
44901.46,112.13
44901.5,112.13
44901.54,112.13
44901.58,112.13
44901.62,112.13
44901.67,112.13
44901.71,112.13
44901.75,112.13
44901.79,112.13
44901.83,112.13
44901.88,112.13
44901.92,112.13
44901.96,112.13
44902,112.13
44902.04,112.13
44902.08,112.13
44902.12,112.13
44902.17,112.13
44902.21,112.13
44902.25,112.13
44902.29,112.13
44902.33,112.13
44902.38,112.13
44902.42,112.13
44902.46,112.13
44902.5,112.13
44902.54,112.13
44902.58,112.13
44902.62,112.13
44902.67,112.13
44902.71,112.13
44902.75,112.13
44902.79,112.13
44902.83,112.13
44902.88,112.13
44902.92,112.13
44902.96,112.13
44903,112.13
44903.04,112.13
44903.08,112.13
44903.12,112.13
44903.17,112.13
44903.21,112.13
44903.25,112.13
44903.29,112.13
44903.33,112.13
44903.38,112.13
44903.42,112.13
44903.46,112.13
44903.5,112.13
44903.54,112.13
44903.58,112.13
44903.62,112.13
44903.67,112.13
44903.71,112.13
44903.75,112.13
44903.79,112.13
44903.83,112.13
44903.88,112.13
44903.92,112.13
44903.96,112.13
44904,112.13
44904.04,112.13
44904.08,112.13
44904.12,112.13
44904.17,112.13
44904.21,112.13
44904.25,112.13
44904.29,112.13
44904.33,112.13
44904.38,112.13
44904.42,112.13
44904.46,112.13
44904.5,112.13
44904.54,112.13
44904.58,112.13
44904.62,112.13
44904.67,112.13
44904.71,112.13
44904.75,112.13
44904.79,112.13
44904.83,112.13
44904.88,112.13
44904.92,112.13
44904.96,112.13
44905,112.13
44905.04,112.13
44905.08,112.13
44905.12,112.13
44905.17,112.13
44905.21,112.13
44905.25,112.13
44905.29,112.13
44905.33,112.13
44905.38,112.13
44905.42,112.13
44905.46,112.13
44905.5,112.13
44905.54,112.13
44905.58,112.13
44905.62,112.13
44905.67,112.13
44905.71,112.13
44905.75,112.13
44905.79,112.13
44905.83,112.13
44905.88,112.13
44905.92,112.13
44905.96,112.13
44906,112.13
44906.04,112.13
44906.08,112.13
44906.12,112.13
44906.17,112.13
44906.21,112.13
44906.25,112.13
44906.29,112.13
44906.33,112.13
44906.38,112.13
44906.42,112.13
44906.46,112.13
44906.5,112.13
44906.54,112.13
44906.58,112.13
44906.62,112.13
44906.67,112.13
44906.71,112.13
44906.75,112.13
44906.79,112.13
44906.83,112.13
44906.88,112.13
44906.92,112.13
44906.96,112.13
44907,112.13
44907.04,112.13
44907.08,112.13
44907.12,112.13
44907.17,112.13
44907.21,112.13
44907.25,112.13
44907.29,112.13
44907.33,112.13
44907.38,112.13
44907.42,112.13
44907.46,112.13
44907.5,112.13
44907.54,112.13
44907.58,112.13
44907.62,112.13
44907.67,112.13
44907.71,112.13
44907.75,112.13
44907.79,112.13
44907.83,112.13
44907.88,112.13
44907.92,112.13
44907.96,112.13
44908,112.13
44908.04,112.13
44908.08,112.13
44908.12,112.13
44908.17,112.13
44908.21,112.13
44908.25,112.13
44908.29,112.13
44908.33,112.13
44908.38,112.13
44908.42,112.13
44908.46,112.13
44908.5,112.13
44908.54,112.13
44908.58,112.13
44908.62,112.13
44908.67,112.13
44908.71,112.13
44908.75,112.13
44908.79,112.13
44908.83,112.13
44908.88,112.13
44908.92,112.13
44908.96,112.13
44909,112.13
44909.04,112.13
44909.08,112.13
44909.12,112.13
44909.17,112.13
44909.21,112.13
44909.25,112.13
44909.29,112.13
44909.33,112.13
44909.38,112.13
44909.42,112.13
44909.46,112.13
44909.5,112.13
44909.54,112.13
44909.58,112.13
44909.62,112.13
44909.67,112.13
44909.71,112.13
44909.75,112.13
44909.79,112.13
44909.83,112.13
44909.88,112.13
44909.92,112.13
44909.96,112.13
44910,112.13
44910.04,112.13
44910.08,112.13
44910.12,112.13
44910.17,112.13
44910.21,112.13
44910.25,112.13
44910.29,112.13
44910.33,112.13
44910.38,112.13
44910.42,112.13
44910.46,112.13
44910.5,112.13
44910.54,112.13
44910.58,112.13
44910.62,112.13
44910.67,112.13
44910.71,112.13
44910.75,112.13
44910.79,112.13
44910.83,112.13
44910.88,112.13
44910.92,112.13
44910.96,112.13
44911,112.13
44911.04,112.13
44911.08,112.13
44911.12,112.13
44911.17,112.13
44911.21,112.13
44911.25,112.13
44911.29,112.13
44911.33,112.13
44911.38,112.13
44911.42,112.13
44911.46,112.13
44911.5,112.13
44911.54,112.13
44911.58,112.13
44911.62,112.13
44911.67,112.13
44911.71,112.13
44911.75,112.13
44911.79,112.13
44911.83,112.13
44911.88,112.13
44911.92,112.13
44911.96,112.13
44912,112.13
44912.04,112.13
44912.08,112.13
44912.12,112.13
44912.17,112.13
44912.21,112.13
44912.25,112.13
44912.29,112.13
44912.33,112.13
44912.38,112.13
44912.42,112.13
44912.46,112.13
44912.5,112.13
44912.54,112.13
44912.58,112.13
44912.62,112.13
44912.67,112.13
44912.71,112.13
44912.75,112.13
44912.79,112.13
44912.83,112.13
44912.88,112.13
44912.92,112.13
44912.96,112.13
44913,112.13
44913.04,112.13
44913.08,112.13
44913.12,112.13
44913.17,112.13
44913.21,112.13
44913.25,112.13
44913.29,112.13
44913.33,112.13
44913.38,112.13
44913.42,112.13
44913.46,112.13
44913.5,112.13
44913.54,112.13
44913.58,112.13
44913.62,112.13
44913.67,112.13
44913.71,112.13
44913.75,112.13
44913.79,112.13
44913.83,112.13
44913.88,112.13
44913.92,112.13
44913.96,112.13
44914,112.13
44914.04,112.13
44914.08,112.13
44914.12,112.13
44914.17,112.13
44914.21,112.13
44914.25,112.13
44914.29,112.13
44914.33,112.13
44914.38,112.13
44914.42,112.13
44914.46,112.13
44914.5,112.13
44914.54,112.13
44914.58,112.13
44914.62,112.13
44914.67,112.13
44914.71,112.13
44914.75,112.13
44914.79,112.13
44914.83,112.13
44914.88,112.13
44914.92,112.13
44914.96,112.13
44915,112.13
44915.04,112.13
44915.08,112.13
44915.12,112.13
44915.17,112.13
44915.21,112.13
44915.25,112.13
44915.29,112.13
44915.33,112.13
44915.38,112.13
44915.42,112.13
44915.46,112.13
44915.5,112.13
44915.54,112.13
44915.58,112.13
44915.62,112.13
44915.67,112.13
44915.71,112.13
44915.75,112.13
44915.79,112.13
44915.83,112.13
44915.88,112.13
44915.92,112.13
44915.96,112.13
44916,112.13
44916.04,112.13
44916.08,112.13
44916.12,112.13
44916.17,112.13
44916.21,112.13
44916.25,112.13
44916.29,112.13
44916.33,112.13
44916.38,112.13
44916.42,112.13
44916.46,112.13
44916.5,112.13
44916.54,112.13
44916.58,112.13
44916.62,112.13
44916.67,112.13
44916.71,112.13
44916.75,112.13
44916.79,112.13
44916.83,112.13
44916.88,112.13
44916.92,112.13
44916.96,112.13
44917,112.13
44917.04,112.13
44917.08,112.13
44917.12,112.13
44917.17,112.13
44917.21,112.13
44917.25,112.13
44917.29,112.13
44917.33,112.13
44917.38,112.13
44917.42,112.13
44917.46,112.13
44917.5,112.13
44917.54,112.13
44917.58,112.13
44917.62,112.13
44917.67,112.13
44917.71,112.13
44917.75,112.13
44917.79,112.13
44917.83,112.13
44917.88,112.13
44917.92,112.13
44917.96,112.13
44918,112.13
44918.04,112.13
44918.08,112.13
44918.12,112.13
44918.17,112.13
44918.21,112.13
44918.25,112.13
44918.29,112.13
44918.33,112.13
44918.38,112.13
44918.42,112.13
44918.46,112.13
44918.5,112.13
44918.54,112.13
44918.58,112.13
44918.62,112.13
44918.67,112.13
44918.71,112.13
44918.75,112.13
44918.79,112.13
44918.83,112.13
44918.88,112.13
44918.92,112.13
44918.96,112.13
44919,112.13
44919.04,112.13
44919.08,112.13
44919.12,112.13
44919.17,112.13
44919.21,112.13
44919.25,112.13
44919.29,112.13
44919.33,112.13
44919.38,112.13
44919.42,112.13
44919.46,112.13
44919.5,112.13
44919.54,112.13
44919.58,112.13
44919.62,112.13
44919.67,112.13
44919.71,112.13
44919.75,112.13
44919.79,112.13
44919.83,112.13
44919.88,112.13
44919.92,112.13
44919.96,112.13
44920,112.13
44920.04,112.13
44920.08,112.13
44920.12,112.13
44920.17,112.13
44920.21,112.13
44920.25,112.13
44920.29,112.13
44920.33,112.13
44920.38,112.13
44920.42,112.13
44920.46,112.13
44920.5,112.13
44920.54,112.13
44920.58,112.13
44920.62,112.13
44920.67,112.13
44920.71,112.13
44920.75,112.13
44920.79,112.13
44920.83,112.13
44920.88,112.13
44920.92,112.13
44920.96,112.13
44921,112.13
44921.04,112.13
44921.08,112.13
44921.12,112.13
44921.17,112.13
44921.21,112.13
44921.25,112.13
44921.29,112.13
44921.33,112.13
44921.38,112.13
44921.42,112.13
44921.46,112.13
44921.5,112.13
44921.54,112.13
44921.58,112.13
44921.62,112.13
44921.67,112.13
44921.71,112.13
44921.75,112.13
44921.79,112.13
44921.83,112.13
44921.88,112.13
44921.92,112.13
44921.96,112.13
44922,112.13
44922.04,112.13
44922.08,112.13
44922.12,112.13
44922.17,112.13
44922.21,112.13
44922.25,112.13
44922.29,112.13
44922.33,112.13
44922.38,112.13
44922.42,112.13
44922.46,112.13
44922.5,112.13
44922.54,112.13
44922.58,112.13
44922.62,112.13
44922.67,112.13
44922.71,112.13
44922.75,112.13
44922.79,112.13
44922.83,112.13
44922.88,112.13
44922.92,112.13
44922.96,112.13
44923,112.13
44923.04,112.13
44923.08,112.13
44923.12,112.13
44923.17,112.13
44923.21,112.13
44923.25,112.13
44923.29,112.13
44923.33,112.13
44923.38,112.13
44923.42,112.13
44923.46,112.13
44923.5,112.13
44923.54,112.13
44923.58,112.13
44923.62,112.13
44923.67,112.13
44923.71,112.13
44923.75,112.13
44923.79,112.13
44923.83,112.13
44923.88,112.13
44923.92,112.13
44923.96,112.13
44924,112.13
44924.04,112.13
44924.08,112.13
44924.12,112.13
44924.17,112.13
44924.21,112.13
44924.25,112.13
44924.29,112.13
44924.33,112.13
44924.38,112.13
44924.42,112.13
44924.46,112.13
44924.5,112.13
44924.54,112.13
44924.58,112.13
44924.62,112.13
44924.67,112.13
44924.71,112.13
44924.75,112.13
44924.79,112.13
44924.83,112.13
44924.88,112.13
44924.92,112.13
44924.96,112.13
44925,112.13
44925.04,112.13
44925.08,112.13
44925.12,112.13
44925.17,112.13
44925.21,112.13
44925.25,112.13
44925.29,112.13
44925.33,112.13
44925.38,112.13
44925.42,112.13
44925.46,112.13
44925.5,112.13
44925.54,112.13
44925.58,112.13
44925.62,112.13
44925.67,112.13
44925.71,112.13
44925.75,112.13
44925.79,112.13
44925.83,112.13
44925.88,112.13
44925.92,112.13
44925.96,112.13
44926,112.13
44926.04,112.13
44926.08,112.13
44926.12,112.13
44926.17,112.13
44926.21,112.13
44926.25,112.13
44926.29,112.13
44926.33,112.13
44926.38,112.13
44926.42,112.13
44926.46,112.13
44926.5,112.13
44926.54,112.13
44926.58,112.13
44926.62,112.13
44926.67,112.13
44926.71,112.13
44926.75,112.13
44926.79,112.13
44926.83,112.13
44926.88,112.13
44926.92,112.13
44926.96,112.13
