$ met, >=6 hours missing data filled with DLS_2011_2015_met.csv,,,,,
2021,,,,,,
jday,tem,dew,windforce,windangle,cloud,pressure
44197,-8.55,-9.1,0.68,0.32,9.96,547.22
44197.04,-8.66,-9.37,0.6,0.27,9.99,546.96
44197.08,-9.45,-9.9,0.51,0.11,9.88,546.94
44197.12,-9.22,-9.97,0.28,0.17,9.3,546.67
44197.17,-10.52,-10.67,0.13,0.68,9.01,546.42
44197.21,-10.24,-10.5,0.18,1.48,9.07,546.2
44197.25,-9.99,-10.39,0.32,2.35,9.05,546.08
44197.29,-10.02,-10.45,0.27,2.87,9.3,546.15
44197.33,-9.34,-9.87,0.33,3.01,8.76,546.33
44197.38,-9.12,-9.68,0.4,0.1,8.76,546.76
44197.42,-5.22,-7,0.52,0.55,8.47,546.87
44197.46,-2.98,-5.45,0.96,0.72,6.25,546.94
44197.5,-2.35,-4.66,0.98,0.77,4.21,546.75
44197.54,0.26,-3.5,0.99,1.22,1.64,546.04
44197.58,0.17,-3.65,1.2,1.5,1.74,545.47
44197.62,0.24,-3.46,1.29,1.62,0.99,544.85
44197.67,0.47,-3.05,1.19,1.64,0.59,544.61
44197.71,0.36,-2.81,1.13,1.64,0.53,544.53
44197.75,-2.66,-3.53,0.99,1.54,0.25,544.52
44197.79,-1.91,-3.29,0.7,2.15,5.28,545
44197.83,-1.82,-3.4,0.84,2.22,5.23,545.34
44197.88,-1.52,-3.05,0.49,2.46,5.44,545.38
44197.92,-1.59,-3.14,0.38,2.66,5.99,545.62
44197.96,-3.06,-3.71,0.46,2.19,6.92,545.59
44198,-3.12,-3.76,0.51,1.8,7.76,545.46
44198.04,-3.14,-4.17,0.56,1.58,8.52,545.22
44198.08,-3.24,-4.19,0.58,1.45,8.84,544.94
44198.12,-3.24,-3.58,0.55,1.08,8.91,544.67
44198.17,-3.67,-3.82,0.6,0.96,9.08,544.34
44198.21,-4.13,-4.31,0.56,1.03,8.91,543.94
44198.25,-7.79,-8.28,0.72,0.87,8.84,543.81
44198.29,-7.61,-8.14,0.58,0.91,8.83,543.74
44198.33,-7.45,-8.15,0.64,1.16,9.03,543.78
44198.38,-5.56,-5.75,0.69,1.13,9,543.94
44198.42,-2.72,-3.54,0.9,0.91,10,544.23
44198.46,-0.97,-1.62,1.14,0.86,8.8,544.15
44198.5,0.72,-0.61,1.39,0.94,3.55,543.91
44198.54,3.45,-0.11,1.46,1.16,3.02,543.15
44198.58,3.31,-0.34,1.47,1.32,2.09,542.46
44198.62,3.08,-0.35,1.32,1.4,1.42,542.28
44198.67,4.08,0.07,1.11,1.53,1.4,542.19
44198.71,3.57,-0.06,0.9,1.67,5.12,542.48
44198.75,-0.33,-1.9,0.56,1.84,5.24,542.68
44198.79,0.61,-2.24,1.34,0.03,6,543.25
44198.83,0.55,-2.69,1.38,0.1,6.64,544.06
44198.88,-0.02,-3.13,1.28,0.48,6.72,544.56
44198.92,-0.94,-3.65,1.18,0.41,7.36,544.86
44198.96,-2.01,-3.97,0.48,0.01,7.8,545.08
44199,-4.22,-5.15,0.7,0.16,7.84,545.14
44199.04,-6.06,-6.67,0.93,0.33,7.8,545.34
44199.08,-6.15,-7.12,1.04,0.17,7.88,545.01
44199.12,-6.43,-7.53,1.03,0.3,9.9,545
44199.17,-7.88,-8.86,1.1,0.6,9.98,545.06
44199.21,-7.02,-8.05,1.01,0.69,8.94,545.13
44199.25,-8.4,-9.05,1.36,0.99,9.96,545.38
44199.29,-8.54,-9.32,1.38,0.51,10,545.48
44199.33,-8.57,-9.54,1.37,0.65,9.98,546.27
44199.38,-8.63,-9.57,0.96,0.81,9.98,546.57
44199.42,-5.35,-7.83,0.67,1.03,9.87,546.97
44199.46,-5.36,-7.99,0.28,0.44,8.49,547.23
44199.5,-5.25,-7.33,0.44,1.83,7.34,546.79
44199.54,-1.71,-5.54,0.91,1.7,3.35,546.2
44199.58,-1.03,-4.72,1.08,1.71,2.79,545.41
44199.62,-0.39,-4.08,1.19,1.68,1.39,545.01
44199.67,0.02,-3.46,1.17,1.77,1.46,544.82
44199.71,-0.09,-3.25,1.06,1.87,1.61,544.89
44199.75,-2.63,-3.97,0.87,2.42,0.55,544.69
44199.79,-1.74,-3.7,1.45,0.28,4.58,545.19
44199.83,-2.51,-4.35,1.17,0.33,6.52,545.8
44199.88,-2.31,-4.33,0.8,0.75,7.23,546.07
44199.92,-2.8,-4.39,0.03,1.84,8.86,546.03
44199.96,-4.51,-5.12,0.03,1.04,8.36,546.18
44200,-4.56,-5.24,0.12,1.57,9.82,546.06
44200.04,-5.01,-5.57,0.23,0.97,9.53,545.79
44200.08,-5.21,-5.8,0.32,0.96,7.89,545.51
44200.12,-5.16,-5.9,0.38,0.81,9.47,545.13
44200.17,-5.65,-5.88,0.47,0.68,9.32,544.76
44200.21,-5.51,-5.84,0.49,0.51,9.62,544.77
44200.25,-8.81,-9.26,0.78,0.47,9.88,543.95
44200.29,-8.41,-9.02,0.61,0.58,9.58,544.32
44200.33,-7.13,-7.61,0.53,0.66,8.41,544.62
44200.38,-6.9,-7.61,0.6,0.64,9.91,544.95
44200.42,-1.51,-4.15,0.89,0.49,6.49,545.57
44200.46,0.41,-3.22,0.9,0.62,1.13,545.46
44200.5,0.9,-1.87,0.88,1,0.32,545.17
44200.54,3.85,-1.12,0.91,1.33,0,544.72
44200.58,3.45,-0.86,0.97,1.42,0,543.99
44200.62,3.62,-0.96,0.91,1.58,0,543.76
44200.67,4.28,-0.36,0.83,1.71,0,543.65
44200.71,3.71,-0.16,0.7,1.94,0.09,544
44200.75,0.84,-1.12,0.94,2.56,0.67,544.06
44200.79,1.06,-1.38,1.2,0.1,6.2,544.57
44200.83,0.5,-1.72,1.32,0.22,6.51,545.05
44200.88,-0.68,-2.17,1.2,0.54,8,545.25
44200.92,-1.58,-2.57,0.92,0.4,7.88,545.34
44200.96,-2.92,-3.1,0.8,0.4,9.95,545.43
44201,-4.38,-4.47,0.75,0.36,9.92,545.52
44201.04,-4.94,-4.98,0.74,0.32,10,545.5
44201.08,-5.53,-5.75,0.61,0.23,9.89,545.43
44201.12,-5.76,-6.03,0.51,0.06,9.78,545.29
44201.17,-6.16,-6.41,0.5,0.14,9.84,545.46
44201.21,-6.23,-6.59,0.52,0.16,9.79,545.22
44201.25,-7.72,-8.19,0.3,2.95,9.53,545.07
44201.29,-7.41,-7.75,0.42,2.96,9.9,545.32
44201.33,-6.99,-7.59,0.6,0.63,9.14,546.09
44201.38,-6.82,-7.47,0.45,0.58,8.73,546.64
44201.42,-3.16,-5.71,0.6,0.51,5.75,546.8
44201.46,-2.43,-4.85,1.08,0.16,4.42,546.94
44201.5,-2.37,-4.19,1.13,2.9,4.08,546.39
44201.54,-0.3,-3,1.23,2.74,2.92,545.93
44201.58,-0.25,-2.6,1.38,2.61,5.25,545.17
44201.62,0.75,-1.42,1.41,2.45,5.44,544.62
44201.67,1.04,-1.07,1.33,2.58,6.98,544.51
44201.71,0.82,-1.42,1.27,2.88,6.81,544.68
44201.75,-1.72,-2.79,1.69,0.1,6.86,545
44201.79,-2.94,-3.19,1.55,0.22,7.45,545.33
44201.83,-4.06,-4.53,1.4,0.36,9.94,545.89
44201.88,-4.88,-5.46,1.39,0.45,9.2,545.83
44201.92,-5.62,-6.1,1.46,0.47,9.6,545.92
44201.96,-6.2,-6.68,1.49,0.36,10,546.09
44202,-6.81,-7.39,1.32,0.17,10,545.92
44202.04,-7.17,-7.89,1.11,0.04,9.86,545.68
44202.08,-6.87,-7.91,0.98,3.12,9.74,545.24
44202.12,-6.83,-7.7,0.58,2.77,9.03,544.9
44202.17,-6.74,-7.62,0.45,2.2,6.67,544.39
44202.21,-6.65,-7.59,0.39,2.11,6.07,544.01
44202.25,-6.84,-7.74,0.14,2.32,6.41,543.83
44202.29,-6.86,-7.97,0.2,2.58,8.32,543.9
44202.33,-6.72,-7.92,0.2,2.85,8.07,544.08
44202.38,-6.37,-7.55,0.16,0.35,8.66,544.32
44202.42,-3.62,-6.35,0.4,0.01,9.59,544.37
44202.46,-2.02,-4.99,0.81,2.47,10,544.32
44202.5,-1.4,-3.97,0.97,2.15,10,543.74
44202.54,0.22,-2.73,1.06,2.29,10,543.22
44202.58,0.28,-2.2,1.18,2.28,10,542.35
44202.62,0.28,-2.14,1.15,2.18,10,542.06
44202.67,0.62,-1.68,1.25,2.49,10,541.93
44202.71,0.49,-1.8,1.56,2.79,10,542
44202.75,-2.06,-2.86,1.94,0.36,9.14,542.54
44202.79,-3.1,-3.7,2.04,0.4,8.48,542.92
44202.83,-3.99,-4.67,1.85,0.39,9.35,543.3
44202.88,-5.74,-6.25,1.87,0.45,9.68,543.58
44202.92,-6.55,-7.16,1.9,0.4,9.58,544.23
44202.96,-7.02,-8.08,1.81,0.36,9.96,544.45
44203,-7.65,-9.01,1.73,0.37,9.92,544.84
44203.04,-7.36,-8.89,1.56,0.38,9.94,544.85
44203.08,-6.6,-8.39,1.46,0.28,9.81,544.66
44203.12,-7.19,-8.82,1.4,0.28,9.64,544.42
44203.17,-6.93,-8.91,1.3,0.17,9.83,544.33
44203.21,-6.71,-8.68,1.16,0.14,9.36,544.14
44203.25,-7.44,-9.12,1.35,0,9.86,544.04
44203.29,-7.12,-8.91,1.28,0.05,9.79,543.83
44203.33,-7.29,-9.2,1.22,3.05,9.64,544.38
44203.38,-6.82,-8.44,1.16,3.05,9.67,544.64
44203.42,-6.77,-8.95,1.29,0.11,8.83,544.98
44203.46,-6.19,-7.85,1.4,2.98,9.73,545.19
44203.5,-5.53,-6.93,1.45,2.79,8.77,544.66
44203.54,-4.61,-6.37,1.48,2.59,9.37,543.63
44203.58,-4.54,-6.03,1.5,2.59,8.58,542.95
44203.62,-4.58,-5.8,1.53,2.44,9.73,542.48
44203.67,-4.87,-6,1.54,2.48,9.56,542.5
44203.71,-4.93,-6.51,1.63,2.97,9.12,542.87
44203.75,-6.17,-7.21,1.78,0.08,9.77,543.52
44203.79,-7.08,-8.04,2.04,0.54,10,544.2
44203.83,-7.88,-8.83,1.95,0.54,9.97,544.79
44203.88,-8.56,-9.59,1.97,0.55,9.86,545.69
44203.92,-9.2,-10.49,1.81,0.51,9.95,546.04
44203.96,-10.95,-12.24,1.65,0.51,9.92,546.32
44204,-11.22,-12.79,1.51,0.55,9.95,546.38
44204.04,-10.99,-12.86,1.35,0.54,9.83,546.49
44204.08,-10.53,-12.56,1.15,0.51,9.97,546.55
44204.12,-10.2,-12.37,0.85,0.39,9.97,546.14
44204.17,-10.52,-12.29,0.65,0.14,9.92,545.95
44204.21,-10.65,-12.45,0.65,2.99,9.92,545.64
44204.25,-10.36,-12.19,0.59,2.87,9.46,545.32
44204.29,-10.52,-12.18,0.84,2.99,9.46,545.69
44204.33,-10.15,-11.86,0.65,2.76,8.99,545.92
44204.38,-9.97,-11.63,0.48,2.68,8.06,546.31
44204.42,-7.86,-9.94,0.75,3.11,8.57,546.58
44204.46,-7.69,-9.4,1.06,3.04,8.29,546.82
44204.5,-7.57,-8.71,1.23,3,9.87,546.6
44204.54,-6.33,-8.15,1.3,2.86,8.41,545.79
44204.58,-5.78,-7.15,1.33,2.7,7.7,544.99
44204.62,-5.65,-6.97,1.35,2.56,7.95,544.18
44204.67,-5.92,-7.05,1.3,2.53,8.66,544.07
44204.71,-6.12,-7.29,1.17,2.47,9.29,543.92
44204.75,-6.57,-7.23,1.38,1.83,9.26,543.68
44204.79,-6.41,-7.13,1.24,3.11,8.93,544.03
44204.83,-6.67,-7.46,1.24,0.25,8.8,544.41
44204.88,-7.03,-7.88,1.17,0.56,9.92,544.6
44204.92,-7.11,-8.12,1.18,0.58,9.43,545.05
44204.96,-8.1,-8.7,0.93,0.23,9.88,545.08
44205,-8.64,-9.33,0.76,0.02,9.89,544.95
44205.04,-8.72,-9.6,0.73,0.15,9.8,545.01
44205.08,-8.74,-9.73,0.67,3,9.91,544.84
44205.12,-8.13,-9.49,0.65,3.03,9.73,544.61
44205.17,-8.21,-9.48,0.65,3.14,9.77,544.38
44205.21,-7.89,-9.14,0.61,0.13,9.87,543.99
44205.25,-8.53,-9.41,0.15,3.13,9.34,543.37
44205.29,-9.15,-9.94,1.05,0.44,9.91,543.79
44205.33,-8.88,-9.77,0.94,0.53,9.92,544.02
44205.38,-8.39,-9.1,0.28,0.39,9.82,544.45
44205.42,-6.65,-8.13,0.21,1.92,9.15,544.6
44205.46,-6.09,-7.81,0.58,1.79,8.68,544.65
44205.5,-5.98,-7.03,0.78,1.65,9.22,544.62
44205.54,-4.38,-6.05,0.68,1.78,8.69,543.73
44205.58,-4.26,-5.72,0.86,1.79,7.64,543.1
44205.62,-4.04,-5.29,0.99,1.84,7.05,542.44
44205.67,-3.13,-4.35,1.01,1.95,6.27,542.2
44205.71,-2.74,-3.91,0.95,2.31,8.08,542.45
44205.75,-5.47,-5.58,1.08,3.12,8.71,542.27
44205.79,-5.78,-6.04,1.84,0.44,8.77,543.11
44205.83,-6.49,-6.99,1.63,0.47,9.16,543.54
44205.88,-7.21,-7.74,1.74,0.6,9.84,544.32
44205.92,-7.8,-8.59,1.5,0.48,9.67,544.64
44205.96,-9.22,-10.13,1.53,0.24,9.91,544.8
44206,-9.65,-10.98,1.44,0.15,9.87,544.6
44206.04,-9.75,-11.28,1.36,0.03,9.7,544.75
44206.08,-10.02,-11.65,1.21,0.02,9.78,544.51
44206.12,-9.85,-11.39,1.06,0.08,9.72,544.32
44206.17,-10.7,-12.35,0.86,0.13,9.69,544.09
44206.21,-10.66,-12.34,0.71,0.1,9.7,543.55
44206.25,-10.81,-12.49,0.36,2.32,8.9,542.84
44206.29,-10.56,-12.39,0.86,0.22,9.73,542.99
44206.33,-10.39,-12.19,0.87,0.3,9.98,543.31
44206.38,-9.9,-11.52,0.73,0.49,9.92,543.77
44206.42,-8.72,-11.27,0.94,0.47,10,544.16
44206.46,-9.4,-11.16,1.01,0.29,9.94,544.62
44206.5,-9.76,-10.88,1.28,0.18,9.91,544.4
44206.54,-8.5,-9.84,1.46,0.29,9.84,543.74
44206.58,-9,-10.17,1.53,0.24,9.88,543.36
44206.62,-9.45,-10.62,1.56,0.24,9.85,542.84
44206.67,-9.38,-10.69,1.66,0.27,9.61,543.02
44206.71,-9.61,-11.1,1.69,0.36,9.96,543.35
44206.75,-10.8,-11.49,1.78,0.52,9.97,543.88
44206.79,-10.52,-11.44,1.89,0.53,9.99,544.35
44206.83,-10.56,-11.61,1.94,0.73,10,545.23
44206.88,-10.47,-11.63,1.9,0.73,10,545.97
44206.92,-10.51,-11.79,1.82,0.7,10,546.58
44206.96,-11.72,-13.26,1.86,0.76,10,547.32
44207,-11.55,-13.25,1.92,0.85,9.96,548.06
44207.04,-11.64,-13.4,1.98,0.91,10,548.5
44207.08,-11.47,-13.17,1.81,0.91,9.84,548.65
44207.12,-11.32,-12.99,1.73,0.93,9.88,548.81
44207.17,-12.12,-13.78,1.5,0.98,9.84,548.82
44207.21,-12.2,-13.69,1.32,1.03,9.88,548.74
44207.25,-13.23,-14.31,1.04,1.2,9.68,549.1
44207.29,-13.06,-14.11,0.83,1.04,9.48,548.74
44207.33,-12.95,-14.24,0.31,1.58,8.87,549.37
44207.38,-13.72,-14.74,0.17,1.62,7.9,549.95
44207.42,-11.55,-14.02,0.2,1.43,7.81,550.11
44207.46,-11.24,-13.24,0.37,0.6,5.28,550.43
44207.5,-10.88,-12.73,0.67,3.06,3.71,550.34
44207.54,-9.1,-11.88,0.84,2.72,4.27,549.48
44207.58,-8.37,-11.19,1,2.53,4.73,548.87
44207.62,-8.2,-10.91,1.04,2.63,4.88,548.14
44207.67,-8.12,-10.74,1.05,2.68,5.72,548.2
44207.71,-7.88,-10.36,1.03,2.86,5.49,548.15
44207.75,-9.97,-11.27,0.99,1.57,5.41,547.93
44207.79,-9.66,-10.8,0.7,1.5,3.39,548.34
44207.83,-10.07,-11.22,0.11,0.94,4.65,548.4
44207.88,-10.2,-11.5,0.21,0.27,5.26,548.83
44207.92,-10.68,-11.72,0.35,0.39,3.07,549
44207.96,-11.49,-12.29,0.43,0.37,2.96,549.2
44208,-11.77,-12.45,0.53,0.34,1.94,549.32
44208.04,-12.05,-12.44,0.6,0.24,1.22,549.31
44208.08,-11.95,-12.58,0.7,0.27,0.6,549.05
44208.12,-12.21,-12.83,0.82,0.23,0.08,548.59
44208.17,-12.75,-13.58,0.91,0.24,0.15,548.28
44208.21,-12.57,-13.67,0.96,0.3,0.21,547.77
44208.25,-12.84,-14.27,1.25,0.58,0.43,547.4
44208.29,-12.73,-14.41,1.48,0.5,0.4,547.15
44208.33,-12.43,-14.45,1.38,0.51,0.24,547.35
44208.38,-12.46,-14.66,1.32,0.51,0.11,547.45
44208.42,-8.2,-12.23,1.57,0.51,0.1,547.56
44208.46,-7.83,-11.66,1.52,0.47,0.04,547.54
44208.5,-6.6,-10.24,1.57,0.55,0.02,547.16
44208.54,-2.24,-7.84,1.57,0.68,0,546.09
44208.58,-1.9,-7.39,1.59,0.85,0.16,545.13
44208.62,-1.8,-7.52,1.63,1.02,0.1,544.27
44208.67,-0.2,-6.86,1.57,1.07,0.12,543.69
44208.71,-0.18,-6.71,1.01,1.13,0.46,543.49
44208.75,-3.06,-9.24,1.45,0.72,0.78,543.7
44208.79,-2.81,-8.65,1.45,0.51,1.25,543.57
44208.83,-3.47,-8.59,1.46,0.52,0.64,543.58
44208.88,-4.41,-8.67,1.43,0.46,0.78,544.08
44208.92,-5.34,-8.77,1.45,0.49,0.24,544.17
44208.96,-7.17,-8.94,1.43,0.56,0.27,544.28
44209,-7.27,-8.87,1.41,0.59,0.16,544.34
44209.04,-7.76,-8.92,1.38,0.53,0.12,544.49
44209.08,-7.85,-8.77,1.2,0.48,0,544.36
44209.12,-7.96,-8.8,1.06,0.47,0,544.18
44209.17,-8.44,-8.78,0.93,0.39,0.68,544.1
44209.21,-8.6,-9.03,0.87,0.32,2.76,543.75
44209.25,-10.19,-10.89,1.13,0.27,6.28,543.15
44209.29,-10.2,-11.1,1.1,0.33,6.79,543.38
44209.33,-9.72,-10.65,0.93,0.21,6.72,543.85
44209.38,-9.41,-10.48,1,0.13,7.74,544.09
44209.42,-5.48,-7.23,0.86,0.24,9.9,544.48
44209.46,-4.27,-5.16,0.98,0.47,9.17,544.45
44209.5,-3,-5.14,1,0.46,0.15,544.39
44209.54,1.43,-4.62,0.76,0.9,0,543.58
44209.58,1.05,-4.02,0.77,1.61,0,543
44209.62,0.68,-4.32,0.98,1.74,0,542.48
44209.67,1.65,-4.09,0.95,1.9,0.09,542.39
44209.71,1.43,-4.43,0.46,2.17,0.25,542.63
44209.75,-2.48,-6.21,0.9,1.62,0.71,542.31
44209.79,-2.8,-6.05,0.95,0.48,1.76,542.97
44209.83,-3.07,-5.97,0.46,1.12,2.24,543.44
44209.88,-3.56,-6.06,0.27,0.54,0.98,543.81
44209.92,-3.99,-6.37,0.3,0.45,0.26,544.21
44209.96,-6.2,-7.19,0.3,0.29,0.2,544.3
44210,-5.83,-6.85,0.37,0.07,0.07,544.66
44210.04,-6.03,-6.95,0.49,3.02,0.04,544.79
44210.08,-5.65,-6.72,0.58,2.93,0,544.9
44210.12,-5.65,-6.57,0.56,2.92,0.26,544.76
44210.17,-6.73,-7.25,0.62,2.97,0.06,544.85
44210.21,-6.51,-7.22,0.71,3.11,0,544.63
44210.25,-7.91,-8.16,0.87,3.13,0,544.56
44210.29,-7.75,-8.14,0.85,0.04,0,544.67
44210.33,-7.33,-7.96,1.02,0.06,0.25,544.8
44210.38,-6.98,-8.16,0.79,0.2,0.26,545.03
44210.42,-0.75,-5.34,0.94,0.31,0,545.39
44210.46,-0.49,-4.72,1.15,0.35,0,545.61
44210.5,-0.51,-4.12,1.15,0.43,0,545.35
44210.54,5.09,-2.67,1.16,0.65,0,544.74
44210.58,4.93,-2.87,1.2,0.86,0,543.97
44210.62,5.97,-3.72,1.15,1.13,0,543.58
44210.67,6.5,-3.23,1.12,1.23,0,543.28
44210.71,6.14,-2.85,1.29,1.09,0,543.48
44210.75,2.38,-4.5,1.51,1.03,0,543.36
44210.79,2.77,-4.29,1.66,0.73,0,543.62
44210.83,2.48,-4.45,1.65,0.82,0,543.92
44210.88,1.38,-5.01,1.47,0.89,0.01,544.09
44210.92,0.11,-5.37,1.43,0.85,0.01,544.5
44210.96,-2.93,-6.19,1.46,0.79,0.01,544.4
44211,-2.97,-6.18,1.61,0.67,0,544.67
44211.04,-3.17,-6.05,1.52,0.67,0,544.42
44211.08,-2.82,-5.77,1.38,0.66,0,544.42
44211.12,-2.59,-5.59,1.22,0.74,0,544.33
44211.17,-2.68,-5.34,1.04,0.82,0,544.14
44211.21,-3.1,-5.38,1.02,0.87,0,543.91
44211.25,-4.05,-6.01,1.13,0.85,0,543.34
44211.29,-4.37,-6.23,1.37,0.67,0,543.68
44211.33,-4.42,-6.32,1.16,0.85,0,543.97
44211.38,-4.78,-6.69,1.09,0.85,0,544.17
44211.42,0.8,-3.92,1.09,0.45,0,544.5
44211.46,2.59,-3.3,0.82,0.33,0,544.93
44211.5,3.24,-2.84,0.49,0.78,0.02,544.68
44211.54,6.27,-2.1,0.36,1.75,0.01,543.95
44211.58,5.5,-1.2,0.39,2.16,0.01,543.15
44211.62,4.97,-2.02,0.57,2.21,0.06,542.81
44211.67,5.58,-2,0.68,2.47,0,542.69
44211.71,5.55,-1.98,0.81,2.63,0.08,542.66
44211.75,0.58,-3.05,0.87,2.36,0.06,542.64
44211.79,0.24,-2.49,0.24,1.78,0.05,542.92
44211.83,-0.31,-2.66,0.38,1.43,0.13,543.19
44211.88,-0.79,-2.61,0.1,2.16,0.1,543.41
44211.92,-1.95,-3.42,0.3,0.46,0.42,543.75
44211.96,-3.47,-4.13,0.76,0.86,6.04,543.82
44212,-3.36,-4.15,0.88,0.96,7.3,544.07
44212.04,-3.26,-3.66,0.94,0.86,7.96,544.14
44212.08,-2.71,-3.42,0.89,0.72,9.2,544.14
44212.12,-2.58,-3.33,0.95,0.79,9.41,544.01
44212.17,-2.82,-3.57,0.66,0.88,9.8,544.22
44212.21,-2.73,-3.74,0.61,0.98,10,543.84
44212.25,-3.66,-4.59,1.13,0.82,9.84,544
44212.29,-3.69,-4.88,0.97,1.01,9.81,544.09
44212.33,-3.35,-4.78,0.94,1.02,9.76,544.33
44212.38,-3.96,-5.49,1.04,0.86,9.96,544.72
44212.42,-3.72,-5.16,1.02,0.76,9.86,545.09
44212.46,-4.59,-5.59,1.22,0.56,9.76,545.3
44212.5,-4.85,-5.36,1.39,0.53,9.86,545.11
44212.54,-3.65,-4.45,1.47,0.56,9.83,544.68
44212.58,-3.72,-4.61,1.54,0.42,9.65,544.06
44212.62,-3.7,-4.67,1.58,0.36,9.93,543.72
44212.67,-4.29,-5.17,1.67,0.37,9.87,544.03
44212.71,-4.4,-5.35,1.67,0.39,9.65,544.54
44212.75,-5,-5.98,1.63,0.52,9.9,545.94
44212.79,-4.69,-5.83,1.78,0.46,9.91,546.05
44212.83,-4.67,-6.23,2.04,0.52,9.89,546.77
44212.88,-4.53,-6.3,2.03,0.58,10,547.6
44212.92,-4.6,-6.58,1.96,0.59,10,548.29
44212.96,-6.53,-8.03,2.21,0.63,10,548.98
44213,-6.54,-8.21,2.29,0.66,10,549.68
44213.04,-7.11,-8.58,2.2,0.68,10,550.42
44213.08,-7.46,-8.91,2.17,0.74,10,550.75
44213.12,-7.8,-9.45,2.07,0.81,10,551.09
44213.17,-8.89,-10.52,1.93,0.89,10,551.13
44213.21,-9.08,-10.66,1.84,0.98,10,551.17
44213.25,-10.11,-11.38,1.54,1.08,9.8,550.87
44213.29,-10.34,-11.74,1.47,1.14,9.96,550.94
44213.33,-10.48,-12.05,0.86,1.45,9.84,550.91
44213.38,-10.41,-12.47,0.67,1.65,9.97,551.38
44213.42,-9.75,-12.4,0.65,1.7,9.95,551.23
44213.46,-9.73,-12.18,0.59,1.81,9.53,551.33
44213.5,-9.74,-11.55,0.63,1.98,8.27,551.19
44213.54,-7.98,-10.59,0.46,2.32,9.32,550.24
44213.58,-7.56,-9.93,0.45,0.06,7.31,549.61
44213.62,-7.1,-9.59,0.53,0.35,7.34,548.96
44213.67,-6.34,-9.2,0.49,0.44,7.38,548.74
44213.71,-6.08,-8.33,0.46,0.34,7.3,548.77
44213.75,-7.42,-10.11,0.87,0.63,8.17,548.99
44213.79,-7.41,-9.48,0.92,0.47,8.72,549.03
44213.83,-7.53,-9.6,0.92,0.42,9.8,549.3
44213.88,-8.21,-10.12,0.68,0.13,9.63,549.32
44213.92,-9.08,-10.54,0.73,0.32,9.29,549.46
44213.96,-10.62,-11.28,0.79,0.36,8.21,549.49
44214,-10.81,-11.48,0.8,0.36,7.35,549.45
44214.04,-11.46,-12.12,0.84,0.26,3.83,549.28
44214.08,-11.47,-12.29,0.89,0.2,1.49,549.11
44214.12,-11.62,-12.59,0.91,0.14,0.64,548.8
44214.17,-12.24,-13.21,0.96,0.1,0.61,548.64
44214.21,-12.08,-13.47,0.91,0.14,0.43,548.35
44214.25,-12.6,-13.89,0.79,0.18,1.77,548.15
44214.29,-12.02,-13.91,1.01,0.01,2.01,548.07
44214.33,-11.36,-13.94,1.06,0.07,2.15,548.27
44214.38,-11.92,-14.56,1.01,0.14,2.4,548.54
44214.42,-7.9,-12.03,0.84,0.32,2.61,548.61
44214.46,-7.19,-11.43,0.96,0.61,1.52,548.61
44214.5,-5.54,-10.42,1.42,0.51,0,548.17
44214.54,0.07,-7.86,1.38,0.61,0,547.28
44214.58,0.11,-7.89,1.48,0.77,0,546.3
44214.62,0.1,-7.66,1.57,0.84,0,545.73
44214.67,0.98,-7.54,1.3,0.89,0,545.17
44214.71,0.56,-7.7,1.59,0.86,0,544.98
44214.75,-2.61,-9.4,1.76,0.61,0,544.91
44214.79,-1.22,-9.36,1.77,0.7,0,544.88
44214.83,-2.12,-9.57,1.74,0.67,0,544.7
44214.88,-3.22,-9.87,1.75,0.69,0,544.44
44214.92,-4.2,-9.99,1.88,0.71,0,544.31
44214.96,-7.11,-10.69,1.94,0.64,0,544.36
44215,-7.49,-10.82,2.01,0.6,0,544.17
44215.04,-8.07,-10.59,2.03,0.59,0,543.67
44215.08,-8.04,-10.34,2.05,0.58,0,543.12
44215.12,-8.34,-10.28,2.04,0.54,0,542.72
44215.17,-8.42,-10.06,1.97,0.57,0,542.43
44215.21,-8.35,-9.64,1.93,0.62,0,541.86
44215.25,-7.65,-8.72,2.12,0.49,3.44,541.75
44215.29,-7.56,-8.33,2.06,0.54,4.1,541.54
44215.33,-7.62,-8.26,2.04,0.55,7.41,541.98
44215.38,-8.97,-9.41,1.86,0.57,8.29,542.12
44215.42,-4.29,-5.97,1.89,0.49,9.27,542.42
44215.46,-3.14,-4.2,1.92,0.5,7.68,542.43
44215.5,-2.11,-2.82,1.9,0.53,1.97,542.18
44215.54,2.4,-1.33,1.96,0.62,2.02,541.68
44215.58,2.24,-1.44,2.1,0.69,3.2,540.94
44215.62,2.21,-1.9,2.13,0.78,6.66,540.46
44215.67,2.67,-1.78,1.76,0.84,8.36,540.42
44215.71,3.17,-1.78,1.15,0.98,8.77,540.48
44215.75,1.85,-2.65,1.34,0.84,4.89,540.57
44215.79,2.11,-2.82,1.35,0.75,2.62,540.81
44215.83,1.68,-2.86,1.42,0.77,1.6,541.29
44215.88,1.82,-2.35,1.34,0.8,1.06,541.26
44215.92,1.08,-2.07,1.17,0.89,0.38,541.47
44215.96,-1,-2.75,0.92,0.98,0.97,541.69
44216,-1.72,-3.18,0.59,1.1,2.14,541.75
44216.04,-1.97,-3.41,0.37,1.15,4,541.68
44216.08,-1.52,-3.15,0.21,1.15,6.24,541.67
44216.12,-1.23,-2.82,0.13,0.96,7.36,541.57
44216.17,-1.63,-2.64,0.11,0.51,8.37,541.61
44216.21,-1.28,-2.51,0.11,0.32,9.08,541.5
44216.25,-2.57,-3.61,0.43,1.43,9.61,541.46
44216.29,-2.06,-3.06,0.37,0.82,9.98,541.96
44216.33,-2.06,-3.09,0.15,0.29,9.93,542.29
44216.38,-2.64,-3.51,0.04,1.25,9.56,542.5
44216.42,-0.68,-2.53,0.11,1.81,9.28,542.66
44216.46,-0.92,-1.79,0.45,2.05,9.89,543.01
44216.5,-1.4,-1.6,0.56,2.17,9.91,543.01
44216.54,0.15,-0.9,0.63,2.28,9.9,542.34
44216.58,-0.19,-1.27,0.88,2.61,9.92,541.82
44216.62,-0.78,-1.63,1.07,2.89,10,541.29
44216.67,-2.41,-2.57,1.23,3.07,9.97,541.24
44216.71,-2.82,-3.02,1.25,0.13,8.94,541.52
44216.75,-4.17,-4.17,1,0.5,8.84,542.08
44216.79,-4.17,-4.45,0.84,0.43,8.72,542.36
44216.83,-4.17,-4.76,0.69,0.77,8.6,542.97
44216.88,-3.93,-4.79,0.67,0.74,8.88,542.95
44216.92,-3.9,-4.79,0.48,1.09,9.7,543.32
44216.96,-5.21,-5.49,0.71,1.01,9.44,543.47
44217,-5.09,-5.54,0.71,0.87,9.85,543.67
44217.04,-4.92,-5.59,0.67,0.89,9.69,543.38
44217.08,-4.32,-5.29,0.57,1.01,9.77,543.47
44217.12,-4.28,-5.36,0.67,1.13,9.41,543.47
44217.17,-5.13,-5.78,0.73,1.17,9.99,543.33
44217.21,-4.75,-5.72,0.63,1.05,9.58,543.34
44217.25,-4.95,-5.82,0.69,1.26,9.83,543.36
44217.29,-4.73,-5.62,0.54,1.33,9.87,543.6
44217.33,-4.52,-5.47,0.56,1.34,9.62,544.25
44217.38,-4.93,-5.75,0.63,1.34,9.67,544.65
44217.42,-3.21,-5,0.72,1.3,9.8,544.94
44217.46,-3.84,-5,0.76,1.17,9.72,545.27
44217.5,-4.44,-5.2,0.91,1.12,9.91,545.31
44217.54,-2.53,-3.92,1.04,1.06,10,544.8
44217.58,-2.77,-3.77,1.2,1.08,10,544.24
44217.62,-2.97,-3.79,1.23,1.07,9.83,543.83
44217.67,-2.79,-3.83,1.25,1.04,9.77,543.86
44217.71,-2.73,-3.93,1.16,1.09,9.7,544.06
44217.75,-4.51,-4.88,1.2,1.17,9.44,544.82
44217.79,-4.06,-4.34,0.94,1.1,8.62,544.92
44217.83,-4.03,-4.44,0.67,1.29,9.73,545.46
44217.88,-3.53,-4.17,0.65,1.44,9.93,545.45
44217.92,-4.21,-5.09,0.69,1.42,9.9,545.68
44217.96,-5.56,-5.76,0.62,1.33,9.91,545.61
44218,-5.34,-5.46,0.49,1.48,9.17,545.61
44218.04,-5.3,-5.4,0.29,1.49,9.14,545.38
44218.08,-5.04,-5.67,0.25,1.9,9.83,545.16
44218.12,-5.44,-6.39,0.34,1.71,9.22,544.98
44218.17,-6.23,-7.24,0.37,1.84,9.16,544.74
44218.21,-6.33,-7.3,0.5,1.81,10,544.74
44218.25,-6.54,-7.74,0.56,2.04,9.98,544.71
44218.29,-6.01,-7.23,0.36,2.86,9.97,544.96
44218.33,-6.98,-7.86,0.61,0.08,9.55,545.25
44218.38,-8.35,-9.2,0.71,0.09,9.37,545.32
44218.42,-4.78,-7.36,0.81,0.33,8.66,545.51
44218.46,-5.38,-6.92,1.03,0.51,9.13,545.62
44218.5,-5.71,-6.44,1.24,0.52,9.13,545.52
44218.54,-1.51,-4.1,1.39,0.53,6.56,544.66
44218.58,-1.44,-4.01,1.55,0.55,3.67,543.98
44218.62,-1.69,-4.06,1.63,0.58,0.06,543.41
44218.67,-0.53,-3.42,1.64,0.6,0,543.36
44218.71,-1.32,-3.95,1.7,0.6,0,543.53
44218.75,-5.21,-6.49,1.39,0.81,0,543.67
44218.79,-3.9,-5.64,1.56,0.74,0,543.65
44218.83,-4.46,-5.66,1.62,0.7,0,544.21
44218.88,-4.4,-5.7,1.42,0.7,0,544.37
44218.92,-5,-6.14,1.25,0.79,0.88,544.76
44218.96,-8.9,-8.9,1.08,0.83,2.02,544.53
44219,-9.81,-9.81,1.08,0.8,4.2,544.64
44219.04,-10.76,-11.01,1.06,0.86,5.67,544.28
44219.08,-10.98,-11.58,1.01,0.83,6.6,543.92
44219.12,-11,-11.75,1.14,0.78,6.48,543.47
44219.17,-11.1,-11.7,1.13,0.82,7.02,542.89
44219.21,-10.67,-11.44,1.18,0.8,7.54,542.43
44219.25,-10.36,-10.8,1.28,0.89,6.9,542.14
44219.29,-9.86,-10.36,1.43,0.84,6.13,541.85
44219.33,-9.46,-10.04,1.27,0.78,7.19,542.09
44219.38,-9.15,-9.5,1.42,0.84,8.51,541.98
44219.42,-3.9,-5.04,1.75,0.69,9.96,542.13
44219.46,-4.3,-4.61,1.97,0.61,9.96,542.23
44219.5,-4.32,-4.32,1.99,0.58,9.61,541.97
44219.54,-0.76,-1.97,1.98,0.62,9.05,541.29
44219.58,-1.19,-1.65,1.95,0.69,8.98,540.5
44219.62,-1.15,-1.35,1.92,0.77,1.99,540.22
44219.67,-0.48,-0.8,1.82,0.71,2.58,540.12
44219.71,-0.19,-0.79,1.44,0.74,1.89,540.26
44219.75,-2.07,-2.8,1.93,0.83,1.33,540.51
44219.79,-0.81,-2.35,1.91,0.8,0.64,540.36
44219.83,-0.49,-2.21,1.86,0.78,0.02,540.67
44219.88,0.23,-1.71,1.67,0.76,0.89,541.02
44219.92,0.58,-1.6,1.48,0.89,5.17,541.28
44219.96,-0.89,-2.09,1.34,0.82,5.2,541.43
44220,-1.35,-2.59,1.13,1.03,5.3,541.58
44220.04,-1.74,-2.96,0.99,1.35,5.2,541.46
44220.08,-1.93,-3.22,0.88,1.46,5.78,540.99
44220.12,-2.13,-3.48,0.85,1.47,6.06,540.75
44220.17,-2.99,-3.92,0.86,1.41,6.56,540.24
44220.21,-3.29,-4.15,0.82,1.31,7.26,539.91
44220.25,-3.85,-4.52,1.04,1.09,7.8,540.12
44220.29,-3.66,-4.39,1.24,1.01,7.28,539.74
44220.33,-4.09,-4.52,1.11,1.16,8.08,540
44220.38,-4.09,-4.82,1.04,1.03,8.38,540.62
44220.42,-0.88,-2.76,1.03,0.87,9.46,540.67
44220.46,-0.73,-1.93,0.84,0.59,7.87,541.3
44220.5,-0.58,-1.34,1.09,0.74,6.28,541.05
44220.54,1.98,-0.31,1.01,0.84,6.29,540.65
44220.58,2.66,0.86,1.13,1.01,6.33,540.02
44220.62,2.69,1.09,1.01,1.1,6.76,539.71
44220.67,3.54,1.62,1.12,1.15,6.1,539.73
44220.71,3.38,1.2,1.36,1.1,4.87,540.11
44220.75,1.33,0,1.2,1.49,4.81,540.18
44220.79,2.46,0.55,0.55,2.08,5.79,540.45
44220.83,2.96,0.94,0.86,3.06,5.4,541.14
44220.88,3.01,0.99,1.23,0.12,6.56,541.6
44220.92,1.68,-0.05,1.44,0.38,6.88,542.05
44220.96,-0.28,-1.11,1.56,0.49,7.4,542.53
44221,-0.91,-1.61,1.53,0.53,8.76,542.81
44221.04,-2.16,-2.5,1.55,0.58,9.36,543.48
44221.08,-3.14,-3.43,1.46,0.65,9.72,543.61
44221.12,-3.7,-4.13,1.05,0.73,10,544.05
44221.17,-4.89,-4.95,0.78,0.87,10,544.31
44221.21,-4.27,-4.72,0.65,0.92,10,544.59
44221.25,-5.39,-5.6,1.01,0.84,9.99,544.86
44221.29,-4.83,-4.97,1.15,0.73,10,545.09
44221.33,-4.95,-5.22,1.27,0.7,9.96,545.74
44221.38,-4.6,-4.63,1.15,0.72,10,546.34
44221.42,-3.55,-4.67,1.18,0.74,9.86,546.74
44221.46,-3.74,-4.13,1.26,0.61,9.95,547.15
44221.5,-4.47,-4.96,1.28,0.49,9.92,547.25
44221.54,-3.74,-4.86,1.18,0.46,9.66,546.66
44221.58,-4.33,-5.22,1.12,0.27,9.89,546
44221.62,-5.12,-6.02,1.08,0.07,9.7,545.34
44221.67,-4.27,-5.43,0.98,2.95,9.6,545.17
44221.71,-3.83,-5.18,0.94,2.54,9.31,545.07
44221.75,-5.43,-5.92,1.16,2.82,8.58,545
44221.79,-4.66,-4.89,0.9,0.1,8.79,544.77
44221.83,-4.56,-5.1,0.98,0.32,8.33,545.22
44221.88,-3.83,-4.73,1.17,0.38,7.36,545.35
44221.92,-4.04,-5.05,1.25,0.5,7.7,545.64
44221.96,-5.38,-5.95,1.34,0.58,8.16,545.67
44222,-5.07,-5.87,1.2,0.51,8.58,545.67
44222.04,-5.44,-5.93,0.91,0.55,9.47,545.62
44222.08,-5.75,-6.53,0.42,0.43,9.58,545.32
44222.12,-6.21,-7.05,0.24,0.2,9.56,545.03
44222.17,-7.51,-8.06,0.12,0.3,9.59,544.71
44222.21,-7.25,-8.16,0.07,0.38,9.62,544.42
44222.25,-9.14,-10.22,0.47,1.23,9.76,544.04
44222.29,-9.56,-10.75,0.15,1.29,9.97,543.86
44222.33,-9.61,-10.96,0.09,0.3,9.93,544.2
44222.38,-9.46,-10.59,0.11,1.43,9.76,544.48
44222.42,-6.5,-8.3,0.05,0.67,7.54,544.9
44222.46,-6.21,-7.58,0.27,2.22,6.35,544.84
44222.5,-6.28,-7.38,0.56,1.89,6.07,544.86
44222.54,-3.1,-5.41,0.92,1.55,7.36,544.05
44222.58,-3.25,-4.85,1.27,1.42,6.43,543.28
44222.62,-2.92,-4.16,1.48,1.38,5.99,542.66
44222.67,-1.56,-3.25,1.1,1.55,4.31,542.29
44222.71,-1.31,-2.75,0.57,1.95,3.32,542.09
44222.75,-2.92,-3.92,0.82,2.43,5.18,541.98
44222.79,-2.21,-3.32,0.68,0.36,5.34,542.2
44222.83,-2.5,-3.39,0.93,0.43,6.07,542.57
44222.88,-2.93,-3.78,0.74,0.46,6.57,542.74
44222.92,-3.24,-3.96,0.83,0.6,7.96,542.92
44222.96,-5.27,-5.57,0.98,0.59,9.2,543.08
44223,-5.72,-6,0.88,0.62,9.64,543.24
44223.04,-6.34,-6.69,0.98,0.61,9.8,543.12
44223.08,-6.53,-7.12,0.92,0.59,10,543.04
44223.12,-6.6,-7.49,0.42,1.01,10,542.98
44223.17,-7.84,-8.35,0.53,0.87,9.92,542.96
44223.21,-7.4,-7.94,0.47,0.91,9.99,542.78
44223.25,-9.18,-10.27,0.15,1.46,10,542.72
44223.29,-9.08,-9.97,0.2,2.43,9.93,542.94
44223.33,-9.36,-10.39,0.11,2.4,9.88,543.31
44223.38,-9.04,-9.62,0.15,1.08,9.99,543.85
44223.42,-5.88,-7.35,0.15,0.71,9.56,544.21
44223.46,-4.86,-5.77,0.26,0.13,5.82,544.62
44223.5,-4.83,-5.64,0.61,0.17,5.49,544.89
44223.54,-2.67,-5.01,0.83,0.09,4.55,544.4
44223.58,-2.96,-4.8,0.97,0.06,3.95,544.09
44223.62,-3.02,-4.49,1.08,0,5.21,544.08
44223.67,-2.92,-4.14,1.02,3.11,4.61,543.98
44223.71,-2.88,-4.22,1.12,0.16,5.67,544.44
44223.75,-5.14,-5.58,1.49,0.35,6.58,544.75
44223.79,-5.65,-5.98,1.61,0.66,7.78,545.28
44223.83,-5.31,-6.08,1.58,0.68,8.14,546.37
44223.88,-5.47,-6.43,1.47,0.82,8.55,546.92
44223.92,-5.32,-6.13,1.26,0.86,9.44,547.6
44223.96,-7.92,-8.22,1.15,0.87,9.83,547.91
44224,-6.99,-7.62,0.96,0.93,9.91,548.43
44224.04,-7.22,-7.73,0.76,1.03,10,548.61
44224.08,-6.54,-7.49,0.61,1.22,9.87,548.6
44224.12,-6.31,-7.44,0.49,1.55,9.74,548.69
44224.17,-7.24,-8.58,0.4,2.29,9.65,548.56
44224.21,-7.94,-9.13,0.39,1.79,9.52,548.19
44224.25,-9.36,-10.71,0.48,2.4,9.96,547.93
44224.29,-9.17,-10.66,0.24,2.45,9.83,547.64
44224.33,-9.77,-11.28,0.29,2.65,9.9,548.09
44224.38,-10.2,-11.42,0.3,2.55,9.97,548.44
44224.42,-6.54,-7.83,0.25,2.86,8.56,548.98
44224.46,-6.2,-6.81,0.07,3.13,7.71,548.82
44224.5,-6.1,-7.26,0.22,2.12,6.29,548.74
44224.54,-2.51,-4.98,0.57,1.56,6.05,548.2
44224.58,-2.36,-4.55,0.76,1.62,6.41,547.23
44224.62,-2.41,-4.47,0.82,1.89,6.43,546.87
44224.67,-1.63,-4.03,0.87,1.96,7.01,546.43
44224.71,-1.37,-3.94,0.78,2.37,7.83,546.39
44224.75,-4.18,-5.8,1.17,2.82,7.52,545.96
44224.79,-3.42,-5.3,1.07,0.28,6.92,546.26
44224.83,-3.6,-5.69,1.17,0.41,7.69,546.59
44224.88,-4.33,-6.35,0.86,0.28,7.6,546.85
44224.92,-4.69,-6.52,0.6,0.44,7.96,546.92
44224.96,-6.37,-7.02,0.46,0.13,8.03,546.85
44225,-6.94,-7.67,0.34,3.12,7.43,546.71
44225.04,-7.23,-7.86,0.28,2.89,8.08,546.52
44225.08,-6.64,-7.66,0.27,2.44,6.99,546.25
44225.12,-6.61,-7.62,0.19,1.98,7.15,545.7
44225.17,-7.49,-8.06,0.24,1.56,6.5,545.33
44225.21,-6.85,-7.68,0.3,1.44,6.33,544.76
44225.25,-8.24,-8.78,0.65,1.06,9.04,544.7
44225.29,-8.17,-8.94,0.44,1.3,9.15,544.24
44225.33,-7.87,-8.82,0.25,0.84,8.81,544.64
44225.38,-7.68,-8.36,0.27,0.51,9.89,544.72
44225.42,-4.18,-5.47,0.38,0.66,9.4,544.98
44225.46,-3.97,-4.53,0.73,1.07,9.28,544.94
44225.5,-3.52,-3.78,0.79,1.02,6.78,544.82
44225.54,-0.55,-2.31,0.98,1.13,4.15,544.14
44225.58,-0.32,-1.96,1.14,1.23,2.75,543.43
44225.62,-0.23,-1.6,1.06,1.42,4.21,543.05
44225.67,0.42,-1.3,0.56,2.07,3.53,542.69
44225.71,0.44,-1.66,0.9,2.47,6.35,542.82
44225.75,-1.68,-3.88,1.08,0.01,5.53,542.52
44225.79,-1.74,-3.84,1.71,0.36,6.11,542.99
44225.83,-2.69,-4.3,1.82,0.48,6.67,543.87
44225.88,-3.76,-5.04,1.68,0.49,7.5,544.19
44225.92,-4.4,-5.33,1.61,0.52,7.96,544.81
44225.96,-6.3,-6.34,1.53,0.47,7.98,544.93
44226,-6.31,-6.39,1.43,0.4,8.63,545.15
44226.04,-7.2,-7.22,1.26,0.39,8.7,545.01
44226.08,-6.83,-7.07,1.13,0.43,9.02,545.06
44226.12,-7.06,-7.45,0.98,0.53,9.36,545.06
44226.17,-8.02,-8.32,0.81,0.59,9.35,544.9
44226.21,-7.84,-8.37,0.59,0.51,9.31,544.83
44226.25,-7.55,-8.15,0.34,0.49,9.33,545.17
44226.29,-7.76,-8.43,0.37,0.54,8.68,544.72
44226.33,-8.48,-9.32,0.26,0.59,9.25,545.28
44226.38,-8.89,-9.53,0.15,0.67,9.97,545.69
44226.42,-4.78,-6.89,0.27,0.12,7.11,545.98
44226.46,-4.35,-6.46,0.44,2.87,5.79,545.95
44226.5,-4.52,-5.94,0.58,2.57,5.38,545.74
44226.54,-2.15,-4.99,0.91,2.23,5.31,545.04
44226.58,-1.67,-4.28,1.18,1.88,4.88,544.38
44226.62,-1.46,-3.8,1.17,2.28,5.06,543.68
44226.67,-1.08,-3.54,1.32,2.55,6.79,543.34
44226.71,-1.19,-3.39,1.48,2.83,9.88,543.38
44226.75,-3.04,-3.98,1.18,3.05,7.15,543.46
44226.79,-3.04,-4.3,1.34,0.32,6.79,543.76
44226.83,-3.54,-4.94,1.49,0.42,6.93,544.17
44226.88,-3.82,-5.34,1.3,0.57,7.86,544.43
44226.92,-4.57,-6.42,1.31,0.58,8.26,544.62
44226.96,-6.65,-7.46,1.2,0.57,8.96,544.79
44227,-7.01,-7.89,1.01,0.54,9.32,545
44227.04,-7.04,-7.92,0.7,0.5,9.2,544.8
44227.08,-7.32,-8.27,0.5,0.52,9.23,544.9
44227.12,-7.19,-8.37,0.41,0.49,9.02,544.73
44227.17,-7.88,-8.84,0.35,0.59,9.24,544.67
44227.21,-7.55,-8.52,0.29,0.57,9.39,544.41
44227.25,-8.55,-9.14,0.33,0.88,9.45,544.54
44227.29,-8.28,-9.07,0.28,0.31,9.94,544.42
44227.33,-9.19,-10.18,0.31,0.09,9.08,544.72
44227.38,-8.84,-9.64,0.21,0.19,9.75,544.98
44227.42,-5.63,-7.93,0.06,1.98,7.76,545.14
44227.46,-4.78,-6.71,0.43,1.9,5.34,545.21
44227.5,-4.54,-6.15,0.86,1.73,4.91,545.01
44227.54,-1.8,-5.39,1.19,1.46,4.85,544.4
44227.58,-1.36,-4.87,1.06,1.46,6.19,543.74
44227.62,-1.16,-4.21,0.89,1.76,6.65,543.12
44227.67,-0.08,-3.56,0.74,2.32,4.34,542.99
44227.71,0.14,-2.78,0.87,2.38,5.82,542.98
44227.75,-2.68,-5.02,0.72,0.07,8.52,543.85
44227.79,-1.97,-5.17,1.04,0.55,8.09,543.85
44227.83,-2.35,-5.2,1.06,0.51,6.94,544.58
44227.88,-2.82,-5.39,0.62,1.04,7.74,545.04
44227.92,-3.54,-6,0.4,1.35,5.74,545.63
44227.96,-5.74,-7.21,0.29,1.11,6.35,545.83
44228,-5.64,-7.32,0.25,1.05,6.48,546.03
44228.04,-7.03,-8.55,0.16,1.46,6.79,546.11
44228.08,-7.1,-8.29,0.21,0.6,8.19,546.18
44228.12,-7.44,-8.5,0.44,0.56,8.99,545.99
44228.17,-8.02,-8.97,0.49,0.54,9.86,545.91
44228.21,-8.38,-9.3,0.55,0.53,9.38,545.51
44228.25,-12.32,-13.39,0.67,0.44,8.69,545.61
44228.29,-11.8,-12.96,0.7,0.32,8.31,545.34
44228.33,-11.53,-12.39,0.6,0.41,8.34,545.97
44228.38,-10.39,-11.43,0.62,0.41,9.39,546.2
44228.42,-3.86,-5.94,0.66,0.65,9.91,546.55
44228.46,-3.82,-5.07,0.82,0.86,9.11,546.73
44228.5,-3.14,-3.24,0.91,0.89,8.24,546.51
44228.54,1.01,-1.19,0.86,0.86,1.62,546.04
44228.58,1.7,-1.14,0.79,1.26,2.47,545.44
44228.62,1.63,-1.06,0.55,1.89,5.16,545
44228.67,2.91,-0.24,0.57,2.13,6.01,544.88
44228.71,2.69,-0.51,0.64,2.25,7.55,544.87
44228.75,-1.5,-3.61,0.87,2.55,3.03,544.57
44228.79,-0.35,-2.98,0.9,0.27,2.1,544.91
44228.83,-1.27,-3.72,1.06,0.48,5.92,545.43
44228.88,-1.81,-4.04,1.03,0.54,6.99,545.86
44228.92,-2.27,-4.31,0.81,0.57,7.61,546.26
44228.96,-3.92,-4.74,0.65,0.53,8,546.55
44229,-4.25,-5.14,0.45,0.44,8.31,546.74
44229.04,-5.08,-5.55,0.32,0.34,8.04,546.61
44229.08,-4.95,-5.64,0.23,0.28,7.37,546.42
44229.12,-5.04,-5.94,0.19,0.22,7.43,546.08
44229.17,-5.73,-6.32,0.15,0.05,9.34,546.24
44229.21,-5.83,-6.7,0.07,2.68,9.59,546.01
44229.25,-6.51,-7.62,0.28,0.83,9.78,546
44229.29,-6.72,-7.94,0.31,0.82,9.96,546.22
44229.33,-7.09,-8.45,0.32,0.81,10,546.43
44229.38,-7.45,-8.73,0.51,0.36,9.99,546.89
44229.42,-2.94,-4.96,0.51,0.83,7.99,547.13
44229.46,-2.29,-3.69,0.63,0.99,3.06,547.56
44229.5,-1.62,-3.23,0.75,0.98,1.43,547.38
44229.54,1.67,-2.06,0.83,1.26,0.45,546.89
44229.58,1.68,-1.86,0.83,1.5,0.95,546.27
44229.62,1.47,-1.51,0.57,2.15,1.94,545.69
44229.67,1.2,-1,0.51,2.48,2.33,545.64
44229.71,1.54,-1.44,0.73,2.82,3.64,545.61
44229.75,-1.06,-3.31,1.11,3.05,6.08,545.53
44229.79,-0.69,-3.01,1.05,0.47,7.28,545.78
44229.83,-0.92,-2.89,0.95,0.48,7.52,546.49
44229.88,-1.02,-3,0.77,0.52,7.72,546.72
44229.92,-1.26,-2.98,0.45,0.33,8.14,546.98
44229.96,-3.29,-3.97,0.28,0.04,8.19,547.15
44230,-3.14,-4.22,0.15,1.82,8.43,547.15
44230.04,-3.86,-4.73,0.34,1.57,8.6,546.82
44230.08,-4.26,-5.3,0.38,1.2,7.98,546.53
44230.12,-4.47,-5.69,0.44,0.98,7.96,546.36
44230.17,-5.4,-6.3,0.54,0.75,7.75,546.02
44230.21,-4.79,-6.06,0.58,0.51,7.7,545.97
44230.25,-5.84,-6.42,0.65,0.36,9.81,545.8
44230.29,-6.56,-7.27,0.76,0.38,8.12,545.92
44230.33,-8.17,-9.01,0.74,0.47,8.99,546.42
44230.38,-8.61,-9.51,0.86,0.48,9.96,546.9
44230.42,-3.6,-5.5,0.9,0.67,9.31,547.22
44230.46,-0.91,-3.17,1.07,0.69,1.59,547.52
44230.5,0.65,-2.81,0.8,0.73,0.23,547.36
44230.54,3.93,-1.66,0.47,1.91,0.09,546.78
44230.58,3.38,-0.92,0.62,2.63,0.05,546.25
44230.62,3.07,-0.53,0.97,2.46,0.26,545.64
44230.67,3.14,-0.3,1.15,2.66,0.63,545.7
44230.71,3.5,-1.16,1.12,2.82,4.72,545.5
44230.75,-0.16,-2.95,1.41,3.07,5.99,545.53
44230.79,0.16,-2.54,1.31,0.25,7.04,545.67
44230.83,-0.36,-2.57,1.33,0.28,7.76,546.17
44230.88,-0.76,-2.67,1.16,0.22,8.08,546.57
44230.92,-1.31,-2.72,1.01,0.23,7.96,546.82
44230.96,-2.66,-3.45,0.9,0.17,8.8,546.89
44231,-3.22,-4.22,0.61,0.07,8.2,546.73
44231.04,-3.98,-4.81,0.52,3.11,7.4,546.55
44231.08,-4.1,-4.96,0.38,3.11,7.96,546.08
44231.12,-4.4,-5.4,0.33,3.08,7.86,545.89
44231.17,-5.05,-5.85,0.28,2.9,7.72,545.6
44231.21,-4.55,-5.38,0.19,2.34,7.75,545.34
44231.25,-4.72,-5.4,0.71,1.42,9.88,545.36
44231.29,-5.09,-5.95,0.59,1.28,9.29,545.02
44231.33,-5.11,-5.99,0.41,1.15,9.27,545.57
44231.38,-5.94,-6.87,0.58,0.68,10,545.92
44231.42,-2.51,-4.09,0.71,0.91,9.22,546
44231.46,-1.86,-3,0.85,1.03,1.42,546.12
44231.5,-1.04,-2.95,0.85,1.06,0.52,545.88
44231.54,1.59,-2.26,0.73,1.29,0.13,545.32
44231.58,2.67,-0.94,0.64,1.83,0,544.66
44231.62,2.9,-0.35,0.62,2.15,0.24,544.22
44231.67,3.78,-0.44,0.78,2.02,0.36,544.06
44231.71,3.94,-0.62,0.93,2.23,1.99,544.19
44231.75,1.08,-2.94,1.28,2.53,5.29,544.11
44231.79,1.06,-3.24,1.45,0.27,5.88,544.61
44231.83,1.09,-2.98,1.69,0.42,7.12,545.17
44231.88,0.81,-2.12,1.63,0.48,7.24,545.7
44231.92,-0.24,-2.67,1.5,0.48,8.28,546.12
44231.96,-2.85,-3.84,1.34,0.5,8.16,546.33
44232,-4.15,-4.86,1.16,0.55,8.35,546.46
44232.04,-4.28,-4.68,1.03,0.53,10,546.44
44232.08,-4.23,-4.86,0.9,0.54,9.84,546.31
44232.12,-4.35,-5.06,0.65,0.39,9.53,546.27
44232.17,-5.33,-5.43,0.5,0.3,9.39,546.16
44232.21,-4.57,-4.96,0.44,0.25,9.98,546.06
44232.25,-5.81,-6.64,0.04,2.99,10,545.98
44232.29,-5.64,-6.39,0.29,1.02,9.96,546.26
44232.33,-6.44,-7.28,0.26,1.63,9.95,547.05
44232.38,-5.11,-6.1,0.24,1.08,10,547.55
44232.42,-1.87,-3.81,0.18,0.71,8.99,547.85
44232.46,-1.52,-3.62,0.28,0.17,4.9,548.21
44232.5,-1.81,-3.87,0.45,2.83,3.61,548.09
44232.54,1.35,-2.66,0.65,2.96,2.06,547.64
44232.58,1.26,-2.37,0.82,3.13,2.22,546.77
44232.62,1.41,-2.06,0.85,2.54,3.37,546.24
44232.67,2.88,-0.46,0.76,2.35,4.12,545.62
44232.71,3.2,-0.81,0.71,2.65,3.56,545.69
44232.75,-1.23,-4.37,1.29,3.13,3.15,545.18
44232.79,-0.32,-3.3,1.21,0.16,5.61,545.4
44232.83,-0.57,-3.31,0.94,0.29,6.09,545.68
44232.88,-0.82,-3.37,0.72,0.25,6.51,545.98
44232.92,-1.33,-3.32,0.59,0.2,6.88,546.1
44232.96,-3.72,-4.23,0.41,0.26,7.51,546.06
44233,-3.96,-4.4,0.26,0.39,7.84,545.83
44233.04,-4.06,-4.2,0.13,0.28,7.64,545.66
44233.08,-3.97,-4.1,0.1,2.85,7.92,545.32
44233.12,-3.73,-3.97,0.11,1.67,8.4,545.02
44233.17,-4.96,-5.05,0.17,1.11,8.88,544.65
44233.21,-4.42,-4.7,0.3,0.91,9.24,544.36
44233.25,-5.41,-5.74,0.76,0.84,9.92,544.38
44233.29,-5.54,-5.91,0.9,0.53,9.28,544.33
44233.33,-5.67,-6.14,0.94,0.71,9.08,544.61
44233.38,-5.54,-5.95,0.91,0.71,10,544.96
44233.42,-0.83,-2.31,1.26,0.73,8.91,544.96
44233.46,0.56,-1.48,1.42,0.75,1.18,545.33
44233.5,1.45,-1.43,1.58,0.89,0,544.9
44233.54,6.88,-1.64,1.62,1.01,0,544.43
44233.58,6.83,-1.35,1.58,1.19,0.05,543.63
44233.62,6.96,-1.26,1.59,1.14,0,543.1
44233.67,7.53,-1.66,1.59,1.24,0,542.91
44233.71,7.4,-1.4,1.18,1.59,0.28,543
44233.75,4.58,-2.19,1.49,1.74,0,542.79
44233.79,3.6,-3.1,1.28,1.73,0,543.15
44233.83,3.75,-3.28,0.98,1.83,0,543.91
44233.88,4.32,-3.62,0.94,1.98,0,544.49
44233.92,2.93,-4.65,0.9,2.2,3.43,544.68
44233.96,0.18,-4.37,1.06,2.49,5.47,544.79
44234,0.08,-4.52,0.88,2.63,5.93,544.96
44234.04,-0.72,-4.6,0.68,2.62,6.31,544.69
44234.08,-1.02,-4.36,0.54,2.54,6.7,544.77
44234.12,-1.71,-4.37,0.42,2.61,6.93,544.58
44234.17,-3.67,-4.91,0.35,2.89,7.35,544.62
44234.21,-3.77,-5,0.31,3.07,7.84,544.52
44234.25,-4.92,-5.75,0.25,1.11,7.68,544.51
44234.29,-4.69,-5.55,0.19,1.21,7.15,544.86
44234.33,-5,-5.81,0.25,0.89,6.66,545.34
44234.38,-4.48,-5.42,0.3,0.84,4.56,545.97
44234.42,0.7,-2.3,0.41,0.94,0.36,546.4
44234.46,0.53,-2.39,0.53,0.71,0.19,546.75
44234.5,0.44,-1.65,0.72,0.68,0.54,546.5
44234.54,3.98,0.22,0.84,0.59,3.22,546.15
44234.58,3.98,0.21,1.09,0.48,5.5,545.51
44234.62,4.01,0.23,1.05,0.37,8.17,545.19
44234.67,3.13,0.05,1.56,0.57,7.01,545.33
44234.71,3.35,0.21,1.75,0.48,7.61,545.58
44234.75,-0.31,-2.02,1.56,0.61,7.12,545.73
44234.79,-0.31,-1.93,0.96,0.36,6.96,546.36
44234.83,-0.6,-2.06,1.09,0.62,8,546.88
44234.88,-0.37,-1.81,1.28,0.77,8.72,547.54
44234.92,-0.29,-1.81,0.83,0.69,9.16,547.76
44234.96,-1.9,-2.23,1,0.48,9.24,548.21
44235,-1.79,-2.42,0.66,0.61,9.83,548.39
44235.04,-1.75,-2.58,0.76,0.64,9.7,548.46
44235.08,-1.68,-2.71,0.65,0.64,9.95,548.4
44235.12,-1.34,-2.68,0.5,0.68,9.59,548.24
44235.17,-2.06,-3.29,0.29,1.23,9.89,548.13
44235.21,-2.03,-3.57,0.26,1.39,9.94,547.99
44235.25,-2.99,-4.54,0.18,2.3,9.85,547.7
44235.29,-2.92,-4.44,0.31,2.75,9.9,547.97
44235.33,-2.92,-4.68,0.29,3.05,10,548.5
44235.38,-2.87,-4.38,0.31,0.36,10,548.77
44235.42,0.2,-2.56,0.33,2.54,10,548.95
44235.46,0.71,-2.99,0.26,0.14,10,549.32
44235.5,1.28,-3.02,0.99,0.15,10,549.39
44235.54,3.26,-2.93,1.01,0.42,9.42,548.96
44235.58,3.1,-2.59,1.37,0.37,9.64,548.51
44235.62,2.9,-2.34,1.45,0.28,10,548.08
44235.67,2.7,-2.29,1.44,0.33,9.96,548
44235.71,2.76,-2.25,1.23,0.31,9.92,547.84
44235.75,0.4,-2.73,1.05,0.28,9.83,547.76
44235.79,0.52,-2.34,1.02,0.15,9.66,548.08
44235.83,0.16,-2.21,0.57,2.78,9.99,548.61
44235.88,-0.13,-2.34,0.07,1.38,10,548.89
44235.92,-0.96,-2.85,0.28,1,10,548.54
44235.96,-2.96,-3.71,0.31,0.6,10,548.87
44236,-3.04,-3.91,0.39,0.13,10,548.68
44236.04,-2.83,-3.63,0.3,0.01,9.91,548.2
44236.08,-2.86,-3.77,0.3,3.09,9.77,548.11
44236.12,-2.74,-3.83,0.31,3.02,9.28,547.44
44236.17,-3.43,-4.37,0.19,0.9,9.96,547.5
44236.21,-3.27,-4.48,0.23,0.13,10,547.09
44236.25,-2.77,-4.41,0.37,0.24,10,546.52
44236.29,-2.41,-4.49,0.53,0.19,9.76,546.62
44236.33,-2.31,-4.72,0.34,0.04,10,546.95
44236.38,-2,-4.38,0.19,3.08,10,547.34
44236.42,1.59,-3.88,0.01,2.23,4.27,547.22
44236.46,1.55,-4.21,0.67,3,2.15,547.36
44236.5,1.51,-4.47,0.96,2.79,4.6,547.41
44236.54,4.15,-3.85,0.98,0.16,4.53,546.71
44236.58,4.2,-3.24,1.17,0.47,5.47,545.94
44236.62,4.14,-2.27,1.34,0.24,7.88,545.29
44236.67,3.74,-1.03,1.46,0.12,8.99,544.98
44236.71,3.45,-0.4,1.4,0.06,9.48,544.97
44236.75,2.03,-0.71,1.27,0.01,9.31,545.12
44236.79,1.44,-0.24,1.13,3.09,6.62,544.95
44236.83,1.11,-0.42,0.93,3.05,7.68,545.49
44236.88,1.04,-0.37,0.66,0.68,7.3,545.77
44236.92,0.4,-0.4,0.36,1.18,7.6,546.34
44236.96,-1.92,-1.93,0.23,1.52,7.01,546.25
44237,-1.97,-1.97,0.24,1.7,7.69,546.34
44237.04,-2.83,-2.83,0.21,2.52,10,546.3
44237.08,-2.4,-2.47,0.34,2.96,9.92,546.09
44237.12,-2.21,-2.49,0.37,0.01,10,545.96
44237.17,-3.46,-3.7,0.4,0.02,10,545.62
44237.21,-3.48,-3.82,0.48,0.07,9.92,545.51
44237.25,-4.31,-4.67,0.3,0.48,9.88,545.64
44237.29,-4.43,-4.98,0.27,0.19,9.96,545.54
44237.33,-4.21,-4.99,0.37,0.07,10,545.78
44237.38,-3.96,-4.59,0.37,0.17,4.93,546.07
44237.42,1.25,-1.74,0.31,0.74,3.4,546.34
44237.46,2.32,-1.94,0.61,1.65,0.23,546.36
44237.5,2.31,-2.71,1.15,1.93,0.05,546.36
44237.54,6.6,-1.71,1.39,1.96,0,545.68
44237.58,6.78,-0.52,1.48,1.97,0.16,545.06
44237.62,6.81,-0.05,1.56,2.06,0.79,544.41
44237.67,7.97,0.38,1.67,2.13,1.57,544
44237.71,7.56,-0.03,1.61,1.87,7.9,543.89
44237.75,3.51,-1.6,1.49,2.16,9.69,543.78
44237.79,3.76,-0.94,1.45,2.35,9.3,543.41
44237.83,3.76,-0.11,1.2,2.48,9.58,544
44237.88,3.71,-0.63,1.13,2.61,9.04,544.56
44237.92,3.04,-0.66,1.1,2.74,8.17,544.99
44237.96,0.72,-0.91,0.9,2.59,6.66,544.92
44238,0.85,-0.87,0.56,2.52,6.79,545.01
44238.04,0.98,-0.85,0.23,2.95,7.23,544.88
44238.08,0.98,-0.85,0.2,0.78,7.81,544.87
44238.12,0.99,-0.78,0.31,0.87,8.31,544.53
44238.17,-0.15,-0.93,0.31,0.9,8.14,544.19
44238.21,-0.25,-1.03,0.08,0.42,8.31,544.08
44238.25,-0.63,-0.93,0.28,1.71,9.2,543.85
44238.29,-0.74,-1.16,0.29,1.15,8.96,544.04
44238.33,0.07,-0.54,0.17,0.57,8.99,544.52
44238.38,-0.21,-1,0.6,0.93,7.97,545.22
44238.42,3.27,0.43,1.09,0.67,9.09,545.64
44238.46,2.58,0.38,1.19,0.55,9.75,545.95
44238.5,1.9,0.23,1.33,0.45,10,546.14
44238.54,3,0.55,1.56,0.43,10,545.67
44238.58,2.57,1.03,1.6,0.39,10,545.03
44238.62,2.06,1,1.64,0.35,9.36,544.53
44238.67,1.96,1.45,1.61,0.35,9.44,544.17
44238.71,2.27,1.67,1.6,0.4,9.64,544.35
44238.75,-0.33,-0.33,1.17,0.27,9.98,544.92
44238.79,0.17,-0.01,0.96,0.3,10,544.95
44238.83,0.69,0.04,0.76,0.71,9.95,545.4
44238.88,0.99,-0.1,0.77,1.31,10,545.6
44238.92,1.01,-0.09,0.64,1.58,9.87,546.02
44238.96,-0.83,-1.15,0.61,1.57,10,545.92
44239,-0.73,-1.32,0.62,1.71,10,546.04
44239.04,-1.01,-1.67,0.45,2.32,9.73,545.98
44239.08,-1.31,-2.16,0.38,2.42,10,545.79
44239.12,-0.94,-1.9,0.47,2.78,9.9,545.56
44239.17,-1.64,-2.28,0.5,2.58,9.77,545.35
44239.21,-2.36,-3.17,0.51,2.76,6.31,545.19
44239.25,-2.64,-3.09,0.77,3.09,9.82,545.13
44239.29,-2.66,-3.31,0.74,0.09,10,545.15
44239.33,-3.18,-4.06,0.74,0.14,10,545.5
44239.38,-3.81,-4.25,0.71,0.28,10,545.87
44239.42,0.21,-1.5,0.95,0.44,6.26,545.97
44239.46,0.36,-0.64,1.09,0.51,4.88,546.24
44239.5,1.56,-0.37,1.17,0.7,4.42,546.1
44239.54,4.97,0.09,1.36,0.87,1.13,545.67
44239.58,5.85,0.12,1.56,0.97,2.42,545
44239.62,5.84,0.08,1.59,1.16,4.34,544.41
44239.67,6.82,0.2,1.59,1.34,5.18,544.11
44239.71,7.07,-0.07,1.25,1.5,6.4,543.97
44239.75,4.4,-2.02,0.85,2.21,3.51,544.04
44239.79,4.73,-0.77,1.17,2.33,1.45,543.99
44239.83,4.69,-0.74,1.01,2.66,2.11,544.28
44239.88,4.15,-0.46,0.95,2.8,4.34,544.58
44239.92,3.8,0.79,0.96,2.93,7.2,544.83
44239.96,1.54,0.26,1.03,3.02,7.07,545.14
44240,1.41,0.21,1.01,2.92,7.96,545.11
44240.04,1.12,0.03,0.9,2.85,8.08,545.1
44240.08,0.7,-0.08,0.89,2.86,8.44,545.04
44240.12,0.6,-0.09,0.83,2.85,8.2,544.79
44240.17,0.29,-0.21,0.79,2.95,8.4,544.64
44240.21,-0.24,-0.73,0.62,3.01,8.12,544.39
44240.25,0.31,0,0.16,1.12,9.7,544.36
44240.29,0.09,-0.09,0.37,0.92,9.9,544.41
44240.33,-0.54,-0.84,0.6,0.99,10,545.13
44240.38,-0.52,-0.99,0.8,1.03,10,545.85
44240.42,1.83,0.41,1.07,0.89,9.63,546.13
44240.46,1.8,0.53,1.1,0.52,8.8,546.56
44240.5,1.6,0.48,1.22,0.35,8.48,546.46
44240.54,2.93,0.4,1.25,0.36,9.72,546.28
44240.58,2.17,0.25,1.32,0.35,10,545.87
44240.62,1.84,0.08,1.29,0.35,10,545.66
44240.67,2.35,0.51,1.47,0.34,9.96,545.56
44240.71,2.28,0.59,1.44,0.4,9.84,545.7
44240.75,-0.22,-0.82,1.2,0.13,9.78,546.09
44240.79,0.79,0.06,0.82,0.05,9.48,546.37
44240.83,1.07,0.12,0.28,3.07,8.51,546.88
44240.88,0.79,-0.34,0.17,3.05,9.64,547.23
44240.92,0.36,-0.67,0.08,0.82,9.65,547.43
44240.96,-0.75,-1.32,0.25,0.14,9.4,547.42
44241,-0.41,-1.28,0.41,0.63,9.08,547.53
44241.04,-0.74,-1.62,0.44,1.05,9.42,547.17
44241.08,-0.75,-1.73,0.47,1.14,7.43,546.93
44241.12,-1.37,-2.47,0.59,1.1,9.92,546.53
44241.17,-2.55,-3.17,0.63,0.81,9.49,546.26
44241.21,-2.78,-3.6,0.77,0.57,9.13,545.84
44241.25,-3.18,-3.72,0.8,0.93,9.68,545.64
44241.29,-3.22,-3.93,0.83,0.81,9.46,545.47
44241.33,-2.54,-3.37,0.84,0.73,9.32,545.73
44241.38,-2.75,-3.1,0.9,0.66,9.92,545.87
44241.42,1.01,-0.64,1.15,0.71,6.26,546.18
44241.46,0.79,-0.18,1.41,0.76,5.08,546.17
44241.5,1.17,0.55,1.51,0.82,4.08,545.94
44241.54,4.91,1.51,2,0.9,2.42,545.37
44241.58,5.69,1.71,2.18,0.95,4.09,544.56
44241.62,5.94,1.82,2.1,1.02,6.91,543.9
44241.67,8.13,1.07,1.9,1.03,6.21,543.47
44241.71,8.99,0.75,1.45,1.13,6.93,543.19
44241.75,6.54,0.66,1.1,1.36,5.76,543.06
44241.79,5.8,1.1,0.95,1.56,5.29,542.72
44241.83,5.63,1.02,0.81,1.82,5.35,543.39
44241.88,5.47,1.1,0.91,2.45,1.87,543.7
44241.92,5.32,1.73,1.07,2.72,5.28,543.9
44241.96,2.7,0.88,1.08,2.77,6,543.85
44242,2.28,0.89,1.13,3.08,6.26,543.93
44242.04,1.12,0.38,1.31,0.28,7.56,543.87
44242.08,1.15,0.27,1.46,0.31,7.96,543.85
44242.12,1.47,0.76,1.52,0.34,8.84,543.71
44242.17,0.4,0.35,1.46,0.35,9.08,543.75
44242.21,0.23,-0.17,1.47,0.4,9.48,543.65
44242.25,-0.37,-0.59,1.02,0.43,10,543.87
44242.29,-0.18,-0.53,1.34,0.54,10,544.07
44242.33,0.1,-0.4,1.29,0.53,9.92,544.58
44242.38,-0.21,-0.72,1.39,0.49,9.96,544.79
44242.42,2,0.5,1.33,0.44,9.52,545.24
44242.46,1.6,0.43,1.28,0.26,10,545.5
44242.5,1.43,0.22,1.38,0.21,10,545.22
44242.54,2.58,0,1.32,0.12,9.67,544.8
44242.58,2.24,-0.31,1.41,0.13,9.9,544.14
44242.62,1.22,-0.49,1.42,0.09,9.9,543.66
44242.67,1.05,-0.59,1.5,0.02,10,543.19
44242.71,1.24,-0.63,1.54,3.13,9.64,543.35
44242.75,-1.2,-1.89,1.55,0.06,8.81,543.66
44242.79,-0.74,-1.67,1.34,3.14,9.87,543.63
44242.83,-0.09,-1.38,1.26,0.23,9.24,544.12
44242.88,0.04,-1.32,1.18,0.43,9.32,544.21
44242.92,-0.19,-1.55,1.43,0.42,9.43,544.63
44242.96,-1.58,-2.77,1.04,0.34,9.59,544.73
44243,-1.31,-2.53,1.39,0.27,9.8,545.1
44243.04,-1.64,-3.03,1.19,0.28,9.91,545.04
44243.08,-1.12,-3.01,1.16,0.33,9.95,545.1
44243.12,-1.49,-3,1.12,0.41,9.39,545.16
44243.17,-2.14,-3.26,1.12,0.55,9.52,545.08
44243.21,-1.94,-3.27,0.96,0.73,9.69,545.27
44243.25,-2.32,-2.92,1.25,0.66,10,545.53
44243.29,-2.16,-2.95,1.28,0.76,9.76,545.8
44243.33,-2.09,-3.04,1.26,0.76,9.78,546.35
44243.38,-2.72,-3.6,1.28,0.72,9.52,546.9
44243.42,-0.52,-3.33,1.26,0.79,9.27,547.39
44243.46,-1.08,-3.17,1.23,0.74,8.71,547.7
44243.5,-1.53,-3.47,1.34,0.64,8.65,547.79
44243.54,1.13,-2.48,1.4,0.57,9.68,547.3
44243.58,1.05,-2.22,1.47,0.51,9.89,546.91
44243.62,1.1,-2.04,1.44,0.38,9.95,546.45
44243.67,1.94,-1.61,1.41,0.26,9.86,546.21
44243.71,1.93,-1.32,1.44,0.19,8.87,546.25
44243.75,-0.76,-2.52,1.52,0.14,9.41,546.57
44243.79,0.09,-2.02,0.92,0.23,9.68,546.76
44243.83,0.42,-1.72,0.79,0.13,9.67,547.2
44243.88,0.6,-1.62,0.84,0.29,9.55,547.61
44243.92,0.79,-1.24,0.89,0.39,9.64,548.06
44243.96,-0.83,-1.8,0.94,0.31,9.22,547.99
44244,-0.81,-1.96,1.08,0.22,9.44,548.36
44244.04,-0.97,-1.99,1,0.12,9.6,548.24
44244.08,-1.06,-2.23,1,0.07,10,548.05
44244.12,-1.04,-2.39,0.89,0.24,9.92,547.96
44244.17,-1.62,-2.3,1.17,0.21,10,547.82
44244.21,-1.67,-2.51,0.97,0.21,9.92,547.62
44244.25,-2.14,-2.39,1.2,0.08,9.97,547.57
44244.29,-2.22,-2.6,1.03,3.11,10,547.85
44244.33,-2.41,-2.95,1.12,0.1,10,548.16
44244.38,-3.19,-3.59,1.06,0.22,9.9,548.36
44244.42,-1.19,-2.53,1.15,0.19,9.57,548.73
44244.46,-2.01,-2.82,1.14,0.14,9.85,548.89
44244.5,-2.58,-3.17,1.08,0.1,9.67,548.78
44244.54,-1.24,-2.72,1.06,0.08,9.78,548.32
44244.58,-1.46,-2.82,1.08,0.06,9.84,547.68
44244.62,-1.62,-2.76,1.09,0.03,9.73,547.24
44244.67,-1.34,-3.17,1.13,0.01,10,546.89
44244.71,-1.23,-2.91,1.13,0.15,9.5,546.87
44244.75,-2.35,-3.26,0.74,3.13,9.42,547.24
44244.79,-1.88,-2.78,0.81,0.17,9.25,547
44244.83,-1.34,-2.51,0.89,0.41,9.18,547.57
44244.88,-1.18,-2.48,0.8,0.66,8.82,547.92
44244.92,-1.26,-2.25,0.85,0.53,7.79,548.45
44244.96,-2.75,-2.97,1.07,0.26,9.19,548.66
44245,-2.53,-3.13,1.01,0.22,9.44,548.97
44245.04,-2.6,-3.09,0.81,0.33,9.52,548.96
44245.08,-2.17,-2.81,0.85,0.42,8.19,548.73
44245.12,-1.94,-3.03,0.68,0.38,9.86,548.76
44245.17,-2.53,-3.54,0.39,0.77,10,548.57
44245.21,-2.61,-3.56,0.63,0.56,9.96,548.51
44245.25,-3.17,-3.89,0.48,1.08,9.64,548.8
44245.29,-2.88,-3.78,0.19,0.67,9.45,548.79
44245.33,-3.12,-3.79,0.27,1.34,9.6,549.33
44245.38,-3.33,-3.93,0.37,0.9,9.72,549.65
44245.42,-1.03,-2.57,0.13,1.37,9.56,550.03
44245.46,-1.33,-2.78,0.19,1.96,9.35,550.22
44245.5,-2.13,-3.12,0.44,2.11,8.58,550.26
44245.54,0.38,-2.27,0.57,1.99,8.02,549.75
44245.58,0.12,-2.12,0.59,1.91,7.37,549.08
44245.62,0.01,-1.89,0.76,2.42,5.68,548.54
44245.67,0.36,-1.54,0.95,2.49,6.26,548.16
44245.71,0.24,-1.27,0.96,2.71,7.67,548.16
44245.75,-0.79,-1.47,1.1,2.63,9.23,548.48
44245.79,-0.3,-1.51,0.69,2.65,7.91,548.2
44245.83,-0.07,-1.44,0.89,3.06,6.38,548.46
44245.88,0.16,-1.32,0.91,0.36,8.32,548.96
44245.92,0.28,-1.24,0.78,0.43,8.97,549.28
44245.96,-1.76,-1.84,0.68,0.51,7.84,549.22
44246,-1.33,-1.64,0.4,0.3,8.26,549.35
44246.04,-1.42,-1.81,0.4,0.35,8.04,549.16
44246.08,-1.5,-1.99,0.33,0.74,8.08,549.09
44246.12,-1.47,-2.17,0.31,0.85,8.66,548.74
44246.17,-1.9,-2.42,0.23,0.99,8.9,548.64
44246.21,-1.72,-2.37,0.19,1.06,9.96,548.41
44246.25,-2.73,-3.06,0.27,1.42,8.94,548.61
44246.29,-2.54,-3.08,0.29,2.21,8.71,548.4
44246.33,-2.52,-2.96,0.13,2.11,8.69,549.16
44246.38,-3.06,-3.41,0.17,2.95,7.02,549.35
44246.42,0.53,-1.53,0.22,0.18,5.6,549.75
44246.46,0.2,-1.48,0.25,0.52,5.3,549.82
44246.5,-0.07,-1.52,0.19,0.32,4.65,549.79
44246.54,3.25,-0.33,0.07,1.17,4.71,549.36
44246.58,3.04,-0.09,0.28,2.03,4.83,548.69
44246.62,2.96,0.04,0.47,2.04,5.55,548.13
44246.67,3.28,0.58,0.56,2.2,5.24,547.77
44246.71,3.19,0.78,0.73,2.31,4.45,547.51
44246.75,0.67,-0.45,0.86,2.99,4.78,547.65
44246.79,1.61,0.09,1.17,0.07,5.68,547.84
44246.83,1.88,0.25,1.1,0.25,4.74,548.2
44246.88,1.96,0.35,1.05,0.43,7.55,548.44
44246.92,1.48,0.16,0.76,0.66,7.42,548.54
44246.96,-0.09,-0.25,0.56,0.74,7.61,548.5
44247,0.07,-0.52,0.38,0.51,7.12,548.49
44247.04,-0.29,-1.08,0.12,3.05,7.32,548.17
44247.08,-0.5,-1.5,0.06,2.78,6.92,547.89
44247.12,-0.72,-1.96,0.21,0.2,6.38,547.46
44247.17,-1.51,-2.39,0.27,0.32,6.91,547.21
44247.21,-1.84,-2.95,0.32,3.11,9.12,546.99
44247.25,-2.33,-2.85,0.38,0.06,9.06,547.05
44247.29,-2.59,-3.2,0.33,0.27,9.52,546.89
44247.33,-2.44,-3.13,0.33,0.22,9.31,547.44
44247.38,-2.4,-3.13,0.58,3.08,9.6,547.36
44247.42,2.52,0.06,0.64,0.43,8.77,547.74
44247.46,2.26,0.97,0.98,0.67,9.28,547.72
44247.5,1.92,0.99,1.09,0.62,9.62,547.66
44247.54,5.75,2.57,1.16,0.64,9.55,546.84
44247.58,6.09,1.8,1.05,0.72,8.64,546.27
44247.62,6.05,1.79,0.76,0.95,8.51,545.64
44247.67,7.62,1.06,0.4,1.22,7.09,545.24
44247.71,7.67,1.39,0.31,1.7,9.85,545.28
44247.75,4.77,-0.35,0.58,2.32,4.47,545.13
44247.79,5.59,0.98,0.79,2.29,7.54,545.1
44247.83,4.87,0.95,0.98,1.59,6.27,545.5
44247.88,4.45,0.7,0.97,1,6.75,546.13
44247.92,3.5,-0.13,0.64,1.06,7.64,546.23
44247.96,0.05,-1.63,0.88,0.92,8.16,546.3
44248,0.52,-1.56,0.97,0.83,7.42,546.4
44248.04,1.04,-1.25,0.98,0.68,6.56,546.16
44248.08,0.61,-1.8,1.14,0.63,5.75,545.89
44248.12,0.78,-1.78,0.99,0.56,4.07,545.46
44248.17,-0.3,-2.09,0.75,0.34,1.42,545.28
44248.21,0.11,-1.94,0.73,0.31,4.25,545.15
44248.25,-1.06,-1.68,0.75,0.05,1.03,545.24
44248.29,-0.91,-1.35,0.78,0.08,2.44,545.23
44248.33,-1.5,-1.75,0.83,0.12,4.63,545.69
44248.38,-1.84,-1.97,0.67,0.43,10,546.2
44248.42,3.96,1.35,0.78,0.62,5.08,546.42
44248.46,4.79,1.89,0.86,0.54,4.63,546.74
44248.5,5.59,1.26,0.83,0.71,0.26,546.56
44248.54,10.09,1.03,0.61,1.04,0.33,546.32
44248.58,9.58,0.66,0.38,1.24,1.21,545.84
44248.62,9.33,0.6,0.39,1.19,5.1,545.34
44248.67,9.27,0.27,0.4,1.72,4.75,545.05
44248.71,9.8,0.53,0.49,1.91,2.34,545.07
44248.75,5.59,-1.38,0.53,2.64,0.75,545.03
44248.79,6.19,-0.87,1.05,2.71,0.23,545.02
44248.83,5.51,-0.46,0.86,2.16,0.02,545.54
44248.88,5.1,0.1,0.64,1.81,0.1,545.89
44248.92,4.53,0.01,0.56,1.59,0,546.34
44248.96,1.06,-1.64,0.53,1.37,2.82,546.23
44249,0.61,-2.18,0.47,1.39,5.24,546.45
44249.04,0.23,-2.3,0.43,1.46,5.02,546.37
44249.08,0.5,-2.13,0.33,1.24,5.12,546.27
44249.12,0.37,-2.05,0.3,0.83,5.22,545.98
44249.17,-0.91,-2.26,0.33,0.97,5.12,545.76
44249.21,-0.74,-2.06,0.38,1.29,5.12,545.72
44249.25,-0.42,-0.69,0.26,1.31,7.33,545.83
44249.29,0.1,-0.4,0.34,1.76,9.49,546
44249.33,-0.49,-0.81,0.37,1.71,8.91,546.33
44249.38,-0.27,-0.29,0.35,1.19,10,546.69
44249.42,4.09,2.63,0.63,1.14,9.56,546.98
44249.46,4.44,2.96,0.98,1.24,5.41,546.94
44249.5,4.89,1.82,1.26,1.42,0.72,546.59
44249.54,9.64,3.09,1.26,1.56,0.02,546.11
44249.58,9.43,2.93,1.29,1.59,0.96,545.24
44249.62,9.36,2.87,1.24,1.63,2.02,544.74
44249.67,9.98,2.8,1.07,1.76,0.74,544.36
44249.71,9.94,2.9,0.82,1.95,3.01,544.52
44249.75,6.46,1.82,0.95,2.78,4.4,544.59
44249.79,8.24,3.27,1.15,0.14,8.08,545.1
44249.83,8.22,3.2,1.39,0.3,8.72,545.7
44249.88,8.32,3.52,1.49,0.27,8.17,546.36
44249.92,7.34,3.53,1.34,0.31,8.32,546.94
44249.96,4.67,3.2,1.29,0.32,8.08,547.01
44250,4.09,3.02,1.06,0.4,8.68,546.98
44250.04,3.64,3.04,0.81,0.67,8.56,547.11
44250.08,3.06,2.44,0.65,0.94,10,546.94
44250.12,2.81,2.05,0.36,0.95,10,546.64
44250.17,1.36,1.16,0.09,0.82,10,546.24
44250.21,0.9,0.28,0.25,1.32,10,546
44250.25,1.62,1.31,0.37,0.96,10,545.65
44250.29,1.64,1.18,0.61,0.78,10,545.79
44250.33,0.68,0.01,0.74,0.66,10,546.04
44250.38,1.22,0.63,0.8,0.64,10,546.48
44250.42,4.81,2.35,0.99,0.61,1.59,546.36
44250.46,5.69,2.72,1.09,0.62,0.3,546.53
44250.5,6.92,2.03,1.05,0.93,0.22,546.29
44250.54,10.67,3.46,1.06,1.38,0.3,545.65
44250.58,10.88,3.28,1.14,1.57,1.33,545.11
44250.62,11.27,2.47,1.26,1.69,1.93,544.18
44250.67,12.27,1.84,1.13,1.74,3.3,543.65
44250.71,12.5,2.11,1.24,1.72,4.21,543.51
44250.75,8.61,1.36,1.15,2.12,5.37,543.11
44250.79,7.99,2.5,1.2,2.2,3.22,543
44250.83,7.56,2.71,1.13,2.29,1.58,543.36
44250.88,7.7,2.81,0.94,2.24,3.05,543.57
44250.92,7.72,2.77,0.87,2.32,6.1,543.65
44250.96,5.23,2.12,0.87,2,6.01,543.45
44251,5.66,2.17,0.79,1.71,5.97,543.25
44251.04,5.08,1.63,0.79,1.4,5.59,542.9
44251.08,4.75,1.38,1.01,1.15,5.16,542.46
44251.12,4.66,0.96,1.18,0.98,1.23,542
44251.17,4.06,0.11,1.38,0.87,1.02,541.36
44251.21,4.08,0.07,1.59,0.75,0.82,541.17
44251.25,2.8,-0.37,1.89,0.6,0.46,540.83
44251.29,2.14,-1.84,1.78,0.5,0.36,540.82
44251.33,2.38,-1.63,1.64,0.5,0.19,541.17
44251.38,2.58,-1.4,1.33,0.52,0.14,541.35
44251.42,8.89,-0.95,1.08,0.59,0,541.83
44251.46,8.59,-1.27,1.37,0.8,0,541.67
44251.5,8.25,-0.8,1.45,0.86,0,541.77
44251.54,11.17,0.7,1.61,0.98,0,541.2
44251.58,11.11,0.95,1.62,0.98,0,540.67
44251.62,11.37,0.53,1.39,1.22,0.4,540.26
44251.67,13.13,1.23,1.36,1.39,0.12,539.87
44251.71,13,1.7,1.36,1.48,0.32,539.92
44251.75,9.84,0.33,1.12,1.9,0.24,539.62
44251.79,9.77,1.84,1.23,2.17,0,539.63
44251.83,9.09,1.64,1.34,2.36,0,540.17
44251.88,9.08,1.62,1.51,2.65,0.06,540.49
44251.92,8.97,2.1,1.5,2.84,5.24,540.74
44251.96,7.05,3.13,1.47,2.87,5.94,541.07
44252,6.71,3.17,1.51,3.06,6.72,541.1
44252.04,5.99,3.1,1.46,3.01,7.64,541.13
44252.08,5.89,3.32,1.35,3.07,7.72,541.26
44252.12,6,3.53,1.26,0.01,7.52,540.95
44252.17,4.72,3.6,1.02,0.29,8.24,541.06
44252.21,4.31,3.21,0.61,0.59,8.48,540.89
44252.25,4.02,3.82,0.6,0.36,10,541.33
44252.29,4.09,3.67,0.25,1.34,10,541.4
44252.33,3.99,3.44,0.18,1.44,10,542.04
44252.38,3.39,3.21,0.42,2.89,10,542.41
44252.42,4.97,3.85,0.94,2.71,9.88,542.91
44252.46,5.57,4.45,1.09,2.61,9.48,542.96
44252.5,5.75,4.06,0.72,2.17,8,542.81
44252.54,7.39,3.69,0.77,2.2,9.6,542.21
44252.58,6.95,3.54,0.63,2.58,9.56,541.77
44252.62,6.86,3.79,0.73,2.65,8.08,541.22
44252.67,7.48,4.48,0.91,2.89,7.92,541.02
44252.71,6.48,4.21,1.02,2.99,8.28,540.93
44252.75,5.16,1.96,1.77,0.15,7.4,540.7
44252.79,4.02,2.38,1.98,0.26,7.4,541.23
44252.83,3.29,2.34,1.73,0.34,8.8,541.33
44252.88,3.32,2.57,1.53,0.5,9.04,542.02
44252.92,2.58,1.98,1.56,0.41,8.8,542.68
44252.96,0.49,0.22,1.66,0.36,9.16,542.61
44253,0.49,0.29,1.66,0.35,9.96,542.98
44253.04,0.07,-0.28,1.57,0.37,9.96,542.76
44253.08,0.13,-0.21,1.53,0.45,10,542.9
44253.12,0.24,-0.17,1.52,0.51,10,542.61
44253.17,-0.48,-0.7,1.35,0.54,10,542.68
44253.21,-0.06,-0.49,1.16,0.46,10,542.41
44253.25,-0.41,-1.17,1.13,0.37,9.96,542.64
44253.29,-0.16,-1.07,0.92,0.12,9.96,542.76
44253.33,-0.11,-1.18,0.66,3.03,9.88,542.99
44253.38,-0.26,-1.09,0.54,2.65,8.72,543.43
44253.42,2.6,0.33,0.68,2.08,8.79,543.52
44253.46,3.05,1.09,1.08,1.71,7.83,543.77
44253.5,2.93,1.34,1.07,1.41,7.44,543.74
44253.54,6.03,2.75,1.3,1.37,8.24,543.36
44253.58,6.65,2.9,1.15,1.18,7.47,542.78
44253.62,6.27,2.86,0.95,1.54,8.87,542.13
44253.67,7.27,3.13,0.83,1.95,5.71,541.86
44253.71,7.35,2.86,0.99,2.3,4.73,541.86
44253.75,3.65,0.81,1.56,2.56,4.06,541.2
44253.79,3.26,0.96,1.52,3.08,6.43,541.88
44253.83,3.66,0.82,2.07,0.12,6.62,542.42
44253.88,3.05,1.08,2.09,0.24,7.76,542.5
44253.92,2.29,1.18,1.29,0.28,8.04,543.03
44253.96,0.12,-0.23,1.28,0.21,8.48,543.38
44254,0.01,-0.3,1.17,2.95,8.6,543.48
44254.04,0.33,-0.1,1.16,2.93,8.72,543.15
44254.08,0.1,-0.2,1.19,2.79,9.96,542.9
44254.12,-0.21,-0.47,1.21,2.83,9.84,542.45
44254.17,-0.36,-0.59,1.24,2.73,9.72,542.25
44254.21,-0.5,-0.57,1.44,2.59,10,541.81
44254.25,-0.61,-1.01,1.37,2.09,10,541.63
44254.29,-0.64,-1.1,1.45,2.25,10,541.58
44254.33,-0.65,-1.08,1.59,2.29,10,541.68
44254.38,-0.56,-0.77,1.6,2.19,10,541.89
44254.42,2.72,1.3,1.63,2,8.63,541.95
44254.46,2.51,1.69,1.96,1.71,7.79,541.9
44254.5,2.24,1.64,2.27,1.48,7.79,541.75
44254.54,4.44,3.01,2.51,1.42,8.63,541.2
44254.58,4.66,3.03,2.44,1.37,8.93,540.43
44254.62,5.4,3.05,2.14,1.27,9.96,539.9
44254.67,5.39,2.57,2.41,1.41,9.94,539.37
44254.71,5.58,2.42,1.83,1.56,9.84,539.32
44254.75,5.11,1.87,2.11,1.38,9.5,539.02
44254.79,5.35,2.05,1.56,1.56,6.97,539.09
44254.83,4.98,2.05,1.85,1.69,6.65,539.45
44254.88,4.94,2.3,1.89,1.8,6.08,539.68
44254.92,4.25,1.95,1.56,1.91,6.33,539.94
44254.96,3.3,0.68,1.19,2.49,7.96,540.31
44255,3.82,0.18,1.3,2.99,8,540.75
44255.04,4.54,0.33,1.01,3.06,8,540.72
44255.08,4.06,0.08,1.23,2.97,8.6,540.6
44255.12,3.17,0.09,1.2,0.07,8.56,540.55
44255.17,1.56,-0.39,1.06,3.13,8.76,540.27
44255.21,1.04,-0.83,0.89,0.02,8.28,540.15
44255.25,-0.4,-1.6,0.7,0.09,8.24,539.84
44255.29,-0.46,-1.72,0.96,0.11,9.52,539.87
44255.33,-0.58,-1.78,0.69,0.05,9.98,540.2
44255.38,0.12,-1.13,0.76,2.34,10,540.59
44255.42,2.72,0.68,1.1,1.8,10,540.5
44255.46,2.76,1.09,1.48,1.8,9.87,540.76
44255.5,2.94,1.65,1.58,1.52,9.87,540.11
44255.54,5.53,2.61,1.32,1.56,9.07,540.12
44255.58,5.2,2,1.36,1.5,9.95,539.57
44255.62,5.08,1.78,1.4,1.51,9.8,539.35
44255.67,5.38,1.83,0.96,1.53,9.58,539.03
44255.71,5.24,1.24,0.9,1.66,8.84,539.28
44255.75,3.87,0.88,0.89,1.7,8.23,539.69
44255.79,3.78,1.66,1.08,2.75,9.12,540.01
44255.83,3.83,1.19,1.79,0.28,9.04,540.56
44255.88,2.46,0.86,1.96,0.5,9.6,541.42
44255.92,1.25,0,2.25,0.53,9.44,542.47
44255.96,-1.74,-2.42,2.12,0.54,9.55,543.13
44256,-2.13,-2.72,1.94,0.54,9.96,543.82
44256.04,-2.56,-3.05,2.05,0.54,9.88,543.99
44256.08,-2.41,-3.21,2.06,0.55,9.88,544.48
44256.12,-2.13,-3.31,2.06,0.53,9.76,544.67
44256.17,-2.75,-4,2.04,0.55,9.92,545.05
44256.21,-2.83,-4.16,2.28,0.63,9.95,545.2
44256.25,-3.27,-4.87,2.33,0.63,9.88,545.98
44256.29,-3.66,-5.47,2.1,0.6,9.96,547.09
44256.33,-3.62,-5.35,1.87,0.68,9.97,547.2
44256.38,-4.38,-6.08,1.71,0.81,9.9,547.85
44256.42,-3.4,-5.76,1.82,0.82,9.96,548.66
44256.46,-3.56,-5.35,1.96,0.64,10,548.94
44256.5,-3.74,-5.18,1.9,0.5,10,549.03
44256.54,-2.69,-5.24,1.66,0.43,9.91,548.65
44256.58,-2.72,-5.27,1.5,0.28,10,548.5
44256.62,-2.61,-5.27,1.35,0.03,9.96,547.88
44256.67,-2.65,-5.83,1.47,3.09,9.65,547.87
44256.71,-2.54,-5.8,1.51,3.06,9.6,547.55
44256.75,-3.24,-6.22,1.66,2.89,9.89,547.68
44256.79,-2.79,-5.89,1.53,3.01,9.87,547.47
44256.83,-2.44,-5.88,1.47,3.11,9.48,548.34
44256.88,-2.39,-6.07,1.46,0.02,9.93,548.35
44256.92,-2.47,-5.73,1.41,0.13,9.98,548.72
44256.96,-3.61,-6.08,1.3,0.15,9.96,548.81
44257,-3.77,-6.57,1.13,0.23,9.99,548.63
44257.04,-4.11,-6.88,1.01,0.25,9.95,548.41
44257.08,-3.97,-6.91,0.82,0.16,9.96,548.13
44257.12,-4,-7.04,0.72,3.13,9.95,547.45
44257.17,-4.62,-6.98,0.68,2.81,9.96,546.96
44257.21,-4.63,-6.94,0.63,2.58,9.77,546.3
44257.25,-5.59,-7.12,0.83,2.75,9.56,546.67
44257.29,-5.43,-7.46,0.57,0.12,9.5,546.29
44257.33,-5.66,-7.54,0.53,2.97,9.48,546.51
44257.38,-6,-7.97,0.21,2.68,9.68,546.53
44257.42,-3.42,-6.63,0.4,1.5,9.29,546.48
44257.46,-4,-6.33,0.9,1.42,8.86,546.43
44257.5,-4.16,-6.39,1.04,1.46,8.69,545.89
44257.54,-0.95,-4.23,1.12,1.54,8.68,545.21
44257.58,-1.37,-4.05,1.08,1.77,9.55,544.68
44257.62,-1.47,-3.8,1.31,1.69,9.28,544.09
44257.67,-0.08,-2.41,1.37,1.73,10,543.8
44257.71,0.14,-1.83,1,2.14,9.89,543.62
44257.75,-1.94,-2.55,0.55,2.05,9.24,543.66
44257.79,-0.54,-2.06,0.75,0.55,8.54,543.91
44257.83,-1.07,-2.51,1.45,0.5,8.97,544.26
44257.88,-1.69,-3.1,1.31,0.56,9.45,545.2
44257.92,-2.57,-3.61,1.44,0.52,9.34,545.71
44257.96,-4.42,-4.76,1.43,0.58,9.64,546.06
44258,-4.35,-5.08,1.56,0.57,9.7,546.38
44258.04,-4.67,-5.49,1.64,0.53,9.95,546.4
44258.08,-4.65,-5.8,1.25,0.55,10,546.45
44258.12,-4.24,-5.48,1.26,0.46,9.8,546.28
44258.17,-4.75,-5.89,0.72,0.47,9.97,546.13
44258.21,-4.8,-6.15,0.48,0.69,9.56,545.76
44258.25,-5.8,-6.79,0.51,1.31,9.08,545.71
44258.29,-5.12,-6.05,0.41,2.03,9.86,545.7
44258.33,-5.31,-6.76,0.16,3.02,9.91,546.11
44258.38,-5.09,-6.58,0.29,0.67,9.31,546.29
44258.42,-1,-4.44,0.31,0.78,9.49,546.23
44258.46,-1,-3.95,0.24,0.48,8.3,546.44
44258.5,-1.04,-3.33,0.58,0.81,7.53,545.96
44258.54,1.62,-2.15,0.83,1.24,6.62,545.56
44258.58,1.14,-1.85,1.03,1.33,4.33,545.04
44258.62,1.02,-1.54,1.23,1.45,3.87,544.4
44258.67,2.31,-0.94,0.98,1.67,5.17,544.17
44258.71,2.29,-0.78,0.54,2.12,6.6,544.02
44258.75,1.05,-1.15,0.84,0.03,7.61,544.14
44258.79,1,-0.68,1.13,0.37,6.35,544.61
44258.83,0.84,-0.53,1.19,0.26,2.26,544.71
44258.88,1.05,-0.72,1.12,0.31,7.07,545.15
44258.92,0.84,-0.53,0.85,0.14,7.44,545.59
44258.96,-1.58,-1.58,0.53,0.03,7.69,545.7
44259,-1.66,-1.93,0.24,2.62,7.29,545.79
44259.04,-1.65,-1.78,0.29,2.16,7.51,545.4
44259.08,-2.01,-2.33,0.27,2.11,7.72,545.14
44259.12,-2.34,-2.81,0.23,2.15,8.36,544.62
44259.17,-2.98,-3.13,0.25,1.92,8.87,544.17
44259.21,-3.09,-3.38,0.27,1.58,9.87,543.7
44259.25,-2.34,-2.87,0.08,0.83,9.88,543.51
44259.29,-2.57,-3,0.32,1.15,9.6,543.75
44259.33,-3.12,-3.98,0.41,1.09,9.47,543.9
44259.38,-1.77,-2.65,0.47,1.07,9.92,543.89
44259.42,1.9,0.52,0.55,1.08,9.69,544.04
44259.46,1.65,0.66,1,1.46,0.65,544.12
44259.5,1.73,0.75,1.08,1.45,0.44,543.25
44259.54,5.07,1.32,1.42,1.27,4.61,543.01
44259.58,5.16,0.84,1.1,1.32,7.19,542.28
44259.62,5.9,0.69,0.98,1.4,8.42,541.86
44259.67,6.14,0.82,1.2,1.28,9.4,541.4
44259.71,6.01,0.84,1.26,1.74,8,541.29
44259.75,4.15,0.46,0.95,2.41,5.99,541.65
44259.79,3.97,0.33,1.51,2.85,5.39,541.21
44259.83,4.58,-0.4,1.56,0.17,5.71,541.8
44259.88,4.03,-0.5,1.58,0.21,6.29,542.41
44259.92,3.64,-0.23,1.47,0.2,6.32,542.57
44259.96,1.37,-0.54,1.4,0.31,6.68,542.92
44260,0.53,-0.93,1.41,0.33,7.08,542.9
44260.04,-0.17,-1.38,1.44,0.41,6.52,542.81
44260.08,-0.4,-1.49,1.47,0.38,7.2,542.76
44260.12,-0.67,-1.68,1.24,0.33,6.84,542.59
44260.17,-1.67,-2.06,1.2,0.31,7.48,542.58
44260.21,-1.49,-1.61,1.05,0.32,7.56,542.54
44260.25,-2.04,-2.21,0.76,0.54,10,542.47
44260.29,-1.73,-1.93,0.56,0.53,10,542.97
44260.33,-1.72,-2.05,0.4,0.79,10,543.15
44260.38,-1.95,-2.61,0.43,0.24,7.48,543.63
44260.42,2.1,-0.91,0.45,0.28,7.24,543.78
44260.46,2.28,-0.62,0.61,0.1,5.57,543.82
44260.5,1.94,-0.33,0.88,0.32,3.53,543.56
44260.54,5.03,1.29,1.16,0.41,4.38,543.36
44260.58,4.45,1.35,1.06,0.25,6.22,542.89
44260.62,3.68,1.36,1.3,0.18,8.24,542.77
44260.67,2.49,0.89,1.41,0.23,7.76,542.24
44260.71,2.49,1.09,1.58,0.36,8.66,542.49
44260.75,0.07,-0.11,1.61,0.45,7.98,543.1
44260.79,0.76,0.61,0.96,0.23,8.51,543.44
44260.83,1.02,0.62,0.92,0.38,8.76,543.92
44260.88,1.26,0.42,1.1,0.5,9.48,544.48
44260.92,0.59,-0.47,1.3,0.44,9.76,544.75
44260.96,-1.28,-1.47,1.21,0.34,9.75,545.2
44261,-0.8,-1.33,0.92,0.29,9.84,545.41
44261.04,-0.73,-1.36,1.01,0.34,9.88,545.5
44261.08,-0.86,-1.59,1.61,0.39,8.88,545.46
44261.12,-0.75,-1.49,1.51,0.49,10,545.43
44261.17,-1.24,-1.57,0.85,0.51,10,545.37
44261.21,-1.15,-1.67,1.29,0.56,9.99,545.44
44261.25,-1.27,-1.36,0.86,0.64,10,545.5
44261.29,-1.05,-1.39,0.8,0.69,10,545.89
44261.33,-0.96,-1.16,1.04,0.77,9.96,546.73
44261.38,-1.37,-1.59,1.21,0.83,9.96,547.4
44261.42,0.3,-0.84,1.23,0.76,10,547.9
44261.46,-0.48,-1,1.2,0.74,9.94,548.01
44261.5,-0.89,-1.17,1.04,0.8,9.96,547.94
44261.54,-0.43,-1.26,0.94,0.76,9.9,547.68
44261.58,-0.68,-1.4,0.91,0.6,9.98,547.18
44261.62,-1,-1.72,0.86,0.35,9.65,546.66
44261.67,-0.62,-1.47,1.02,0.29,9.33,546.26
44261.71,-0.39,-1.2,1.13,0.31,8.38,546.07
44261.75,-1.76,-2.12,0.94,2.94,8.92,546.34
44261.79,-1.24,-1.39,1.07,0.04,8.89,546.49
44261.83,-1.55,-1.64,1.04,0.23,9.8,546.78
44261.88,-1.22,-1.44,0.79,0.3,8.93,547.18
44261.92,-0.72,-0.99,0.95,0.32,9.77,547.49
44261.96,-1.81,-1.81,0.79,0.17,9.21,547.45
44262,-2,-2,0.92,0.06,8.56,547.54
44262.04,-2.12,-2.12,0.72,2.92,9.92,547.26
44262.08,-2.18,-2.18,0.57,2.95,9.53,547.02
44262.12,-2.09,-2.27,0.53,2.8,9.69,546.53
44262.17,-2.38,-2.44,0.42,2.93,9.48,546.36
44262.21,-2.09,-2.24,0.51,2.77,9.8,545.78
44262.25,-1.61,-1.97,0.54,1.91,9.57,545.87
44262.29,-1.5,-1.93,0.69,1.55,9,545.64
44262.33,-1.52,-2,0.68,1.5,8.81,545.95
44262.38,-1.87,-2.31,0.69,1.53,9.1,546.41
44262.42,0.14,-0.98,0.97,1.61,6.38,546.37
44262.46,0.01,-0.88,1.13,1.43,6.9,546.45
44262.5,-0.26,-0.83,1.25,1.34,6.14,546.06
44262.54,2.43,0.18,1.24,1.27,6.16,545.49
44262.58,2.34,0.33,0.87,1.47,5.89,544.89
44262.62,1.56,0.49,0.8,1.9,6.4,544.25
44262.67,1.86,0.78,0.85,1.87,6.57,543.74
44262.71,2.16,0.94,0.62,2.41,8.85,543.46
44262.75,0.32,-0.4,0.09,3.08,8.9,543.82
44262.79,-0.04,-0.33,0.72,2.83,8.26,544.2
44262.83,0.13,-0.51,0.58,3,8.18,544.86
44262.88,0.09,-0.75,0.92,0.42,8.11,545.19
44262.92,-0.77,-1.38,0.99,1.06,8.64,545.7
44262.96,-2.72,-2.78,0.74,1.32,8.6,546.21
44263,-2.39,-2.47,0.09,2.32,8.04,546.18
44263.04,-1.83,-1.92,0.57,0.96,7.44,545.91
44263.08,-1.93,-2.04,0.99,0.92,5.37,545.59
44263.12,-1.72,-1.96,0.93,0.8,0.7,545.41
44263.17,-2.87,-3.08,0.95,0.81,2.17,545.11
44263.21,-3.41,-3.73,1.08,0.87,6.68,544.84
44263.25,-2.58,-3.09,0.77,0.72,7.12,545.1
44263.29,-3.43,-3.86,0.67,1.01,7.62,545.32
44263.33,-4.18,-4.65,0.88,1.03,7.96,545.68
44263.38,-2.78,-3.37,0.88,0.76,9.96,546.07
44263.42,0.17,-0.38,0.91,0.82,10,546.23
44263.46,0.12,0.06,0.76,0.87,9.14,546.45
44263.5,-0.28,-0.28,0.53,1.17,9.15,546.28
44263.54,2.25,1.78,0.77,2.1,7,546.2
44263.58,2.19,1.62,0.89,2.2,7.97,545.67
44263.62,2.82,1.37,0.93,2.38,8.15,544.93
44263.67,3.34,1.66,0.96,2.44,7.8,544.6
44263.71,3.42,1.68,0.93,2.67,8.08,544.41
44263.75,1.28,0.13,1.55,0.35,7.92,544.61
44263.79,0.69,0.29,1.77,0.58,8.8,544.92
44263.83,0.44,0.36,1.57,0.45,9.16,545.67
44263.88,0.9,0.67,1.2,0.45,9,546.18
44263.92,0.18,-0.02,1.3,0.43,10,546.62
44263.96,-1.11,-1.11,0.98,0.23,10,546.8
44264,-1.15,-1.15,0.88,3.05,10,546.78
44264.04,-0.98,-0.98,0.53,2.96,10,546.52
44264.08,-0.88,-0.88,0.07,1.91,10,546.4
44264.12,-1.28,-1.28,0.09,0.66,10,546.04
44264.17,-1.77,-1.77,0.09,0.72,9.9,545.88
44264.21,-1.66,-1.7,0.11,0.01,10,545.63
44264.25,-2.44,-2.46,0.03,2.76,10,545.66
44264.29,-2.88,-2.9,0.05,2.15,10,545.87
44264.33,-2.32,-2.55,0.07,1.61,9.76,546.24
44264.38,-2.04,-2.04,0.14,2.64,10,546.53
44264.42,0.83,0.28,0.34,2.39,9.33,546.83
44264.46,1.2,0.55,0.91,2.38,8.44,547.17
44264.5,1.4,0.93,1.11,2.24,7.92,546.96
44264.54,3.62,2.12,1.09,2.16,7.29,546.76
44264.58,3.75,2.38,1.12,2.07,7.69,546.09
44264.62,4,2.54,1.03,2.31,9.76,545.59
44264.67,3.95,2.14,1.19,2.78,8.24,545.32
44264.71,3.12,2.28,1.39,3.05,8.88,545.32
44264.75,0.92,0.67,1.15,2.86,8.92,545.59
44264.79,0.99,0.85,1.28,3.03,8.32,545.41
44264.83,1.25,1.08,1.15,0.05,8.56,545.89
44264.88,0.25,-0.13,0.99,0.06,8.24,546.25
44264.92,0.52,0.07,0.74,3.08,8.72,546.34
44264.96,-0.16,-0.16,0.7,2.9,10,546.52
44265,-0.12,-0.12,0.55,2.74,10,546.17
44265.04,-0.1,-0.12,0.6,2.51,10,545.93
44265.08,0.35,0.21,0.55,2.39,10,545.56
44265.12,0.52,0.12,0.56,2.36,10,545.33
44265.17,0.17,-0.07,0.44,2.06,10,545.07
44265.21,0.21,-0.04,0.29,1.87,10,544.86
44265.25,-0.22,-0.22,0.3,1.34,9.95,544.9
44265.29,-0.41,-0.4,0.44,0.87,10,544.99
44265.33,-0.55,-0.55,0.18,0.37,9.95,545.46
44265.38,-0.63,-0.7,0.35,2.1,10,545.9
44265.42,1.36,0.61,0.45,2.18,9.84,546.15
44265.46,2.62,1.79,0.69,1.84,9.85,546.35
44265.5,3.17,2.21,1.19,1.43,9.51,546.17
44265.54,6.62,3.64,1.22,1.42,8.24,546.03
44265.58,6.84,3.33,0.74,1.71,8.64,545.47
44265.62,7.14,3.18,0.44,2.06,6.24,544.93
44265.67,6.82,2.95,0.54,2.11,8.65,544.78
44265.71,6.84,2.9,1.06,2.59,7.68,544.74
44265.75,4.21,1.67,1.22,2.92,7.8,544.89
44265.79,4.37,1.85,1.5,0.38,7.92,545.18
44265.83,3.41,2.16,1.76,0.39,8.16,545.93
44265.88,2.95,2.01,1.7,0.36,8.2,546.46
44265.92,2.53,1.85,1.04,0.32,8.08,547.02
44265.96,1.04,0.89,0.84,0.28,8.4,547.32
44266,0.78,0.78,0.77,0.34,8.28,547.3
44266.04,0.65,0.65,0.37,3.13,7.84,547.23
44266.08,0.71,0.66,0.16,0.08,7.72,547.11
44266.12,0.86,0.83,0.02,1.13,7.52,547
44266.17,0.74,0.73,0.21,2.72,7.4,546.56
44266.21,0.45,0.4,0.23,1.26,7.64,546.61
44266.25,-0.77,-0.81,0.26,2.38,10,546.67
44266.29,-0.12,-0.2,0.27,1.16,10,546.94
44266.33,0.37,0.24,0.19,0.8,9.92,547.4
44266.38,0.85,0.76,0.26,0.78,10,547.92
44266.42,4.03,2.64,0.19,0.23,8.98,548.16
44266.46,4.72,3.41,0.32,1.62,5.69,548.26
44266.5,4.68,3.4,0.57,1.42,4.65,548.15
44266.54,8.34,4.29,0.76,1.5,4.93,547.7
44266.58,8.39,4.06,0.88,2.07,6.94,547.29
44266.62,8.15,3.94,0.93,2.39,8.6,546.79
44266.67,7.68,3.78,1.06,2.56,8.74,546.53
44266.71,7.29,3.75,1.21,2.82,9.35,546.45
44266.75,4.54,1.91,1.63,2.69,7.56,546.46
44266.79,4.82,3.4,1.59,2.8,7.17,546.56
44266.83,5.59,3.59,1.45,0.34,8,547.09
44266.88,5.01,3.64,1.68,0.5,8.84,547.71
44266.92,4.45,3.26,1.68,0.38,8.76,548.18
44266.96,2.94,2.73,1.22,0.24,8.64,548.29
44267,2.89,2.71,0.98,0.1,8.88,548.32
44267.04,2.65,2.65,0.87,0.06,8.4,548.33
44267.08,2.63,2.55,0.48,3.11,10,548.16
44267.12,2.7,2.32,0.35,0.16,10,547.89
44267.17,1.47,1.39,0.06,0.69,10,547.62
44267.21,1.27,0.84,0.14,0.44,10,547.37
44267.25,0.7,0.46,0.1,0.49,10,547.48
44267.29,0.8,0.76,0.39,1.84,10,547.77
44267.33,0.99,0.94,0.65,0.86,10,547.87
44267.38,2.42,1.73,0.85,0.68,9.88,548.47
44267.42,6.36,3.52,1.12,0.72,5.38,548.37
44267.46,6.32,3.61,1.02,0.78,2.31,548.66
44267.5,6.98,3.76,1.26,0.94,2.71,548.41
44267.54,10.09,4.1,0.91,1.22,6.36,548.1
44267.58,9.61,4.11,0.74,1.73,8.64,547.54
44267.62,10.18,4.01,0.91,1.52,8.71,547.08
44267.67,10.73,4.06,0.55,1.79,6.7,546.82
44267.71,10.76,4.04,0.74,1.88,5.04,546.68
44267.75,8.66,3.45,1.21,2.07,2.04,546.64
44267.79,7.64,3.83,0.99,2.51,0.52,546.75
44267.83,7.99,3.39,1.43,0.41,6.37,547.57
44267.88,8.33,4.22,1.9,0.4,6.36,548.23
44267.92,7.49,3.85,1.87,0.4,7.92,548.62
44267.96,4.69,3.34,1.71,0.53,8.28,549.08
44268,4.43,3.57,1.4,0.53,8.08,549.26
44268.04,3.84,3.44,1.19,0.63,8.12,549.4
44268.08,3.68,3.44,0.56,0.79,7.72,549.32
44268.12,3.35,3.14,0.15,1.76,7.84,548.88
44268.17,2.37,2.37,0.41,0.96,10,548.69
44268.21,2.7,2.55,0.29,1.08,10,548.38
44268.25,1.94,1.78,0.25,1.16,10,548.49
44268.29,2,1.69,0.37,0.6,10,548.7
44268.33,1.93,1.35,0.7,0.46,10,549.05
44268.38,2.25,1.93,0.76,0.41,7.2,549.29
44268.42,10.49,5.06,0.86,0.67,0.97,549.28
44268.46,11.51,4.1,0.87,0.97,0.3,549.47
44268.5,11.56,4.35,0.87,1.54,0.21,549.21
44268.54,14.8,5.25,1.17,1.75,1.18,548.87
44268.58,14.21,5.59,1.38,2,3.8,547.98
44268.62,13.46,5.54,1.48,1.99,4.37,547.52
44268.67,14.12,5.55,1.76,2.01,6.35,546.78
44268.71,13.54,5.84,1.63,2.17,8.64,546.51
44268.75,10.45,5.68,1.7,2.09,5.94,546.54
44268.79,10.51,6.58,1.8,2.02,2.68,546.13
44268.83,9.79,6.63,1.56,2.2,0.91,546.34
44268.88,10.24,6.26,1.36,2.13,5.5,546.48
44268.92,9.98,5.97,1.34,2.22,5.5,546.55
44268.96,7.65,5.65,1.22,1.99,6.8,546.45
44269,7.16,5.46,1,1.64,7.28,546.42
44269.04,6.94,5.35,1.07,1.4,7.68,545.99
44269.08,7.01,5.45,1.24,1.35,7.32,545.54
44269.12,6.85,5.41,1.2,1.27,8.12,544.72
44269.17,5.71,4.88,1.16,1.1,10,544.33
44269.21,5.19,4.9,0.9,1.1,10,543.7
44269.25,3.9,3.7,1.04,1.03,10,543.76
44269.29,3.15,2.79,1.25,0.99,10,544.19
44269.33,2.95,2.56,1.56,0.9,10,543.71
44269.38,4.58,4.23,1.83,0.77,10,544.13
44269.42,10.83,6.9,1.82,0.76,3.43,544.09
44269.46,12.56,4.8,2.37,0.88,0.27,543.98
44269.5,12.86,4.23,2.52,0.92,0.22,543.48
44269.54,15.97,3.35,3.37,0.78,2.06,542.99
44269.58,15.96,2.37,3.03,0.78,1.36,542.55
44269.62,15.55,1.98,2.56,0.96,2.91,542.09
44269.67,14.7,2.97,1.33,1.47,4.13,541.9
44269.71,13.72,3.98,1.07,1.87,5.64,542.1
44269.75,10.5,3.53,0.84,1.99,7.19,542.44
44269.79,10.54,5.55,0.79,2.01,6.48,542.66
44269.83,11.18,4.33,0.86,2.5,8.37,543.12
44269.88,10.64,5.82,1.28,0.14,7.86,543.49
44269.92,9.64,6.75,1.55,0.31,7.41,543.69
44269.96,7.22,5.33,1.33,0.23,7.8,544
44270,7.1,5.59,1.2,0.32,8.32,544.08
44270.04,6.74,5.33,1.22,0.59,8.56,544.08
44270.08,7.07,5.58,0.66,0.98,8.72,543.94
44270.12,7.18,5.89,0.71,1.64,8.76,543.46
44270.17,6.46,5.45,0.86,2.03,8.72,543.37
44270.21,6.58,5.75,0.81,2.5,10,543.09
44270.25,5.06,4.9,1,2.77,8.6,543.27
44270.29,5.01,4.79,0.84,0.05,7.08,543.44
44270.33,5.07,4.6,1.22,0.18,6.89,543.74
44270.38,5.08,4.19,1.18,0.12,4.38,544.32
44270.42,11.92,6.36,0.91,0.1,1.3,544.61
44270.46,12.62,4.44,0.44,0.05,0.27,544.88
44270.5,12.05,3.61,0.56,2.35,5.14,544.73
44270.54,14.82,3.73,0.48,1.3,4.57,544.68
44270.58,14.14,5.11,0.37,2.95,3.95,544.07
44270.62,13.56,6.02,0.68,2.75,6.78,543.88
44270.67,12.69,6.68,0.78,2.68,8.44,543.36
44270.71,11.72,6.94,1.5,2.97,8.17,543.45
44270.75,8.66,5.06,1.57,0.19,7.14,543.71
44270.79,9.08,6.17,1.26,0.23,5.56,544.32
44270.83,8.88,7.11,1.27,0.01,5.19,544.54
44270.88,9.07,7.28,0.87,3.07,6.05,544.75
44270.92,8.58,7.52,0.47,0.35,7.28,544.87
44270.96,5.79,5.51,0.32,0.43,7.6,545.22
44271,6.24,6.06,0.23,0.13,8.16,545.04
44271.04,5.85,5.85,0.3,0.07,9.68,544.95
44271.08,6.75,6.32,0.13,0.52,10,544.42
44271.12,6.8,6.35,0.35,1.28,10,544.1
44271.17,6.3,6.07,0.48,0.94,10,543.8
44271.21,6.47,6.15,0.45,0.89,10,543.54
44271.25,5.49,5.43,0.47,2.15,10,543.68
44271.29,5.34,5.31,0.56,1.41,10,543.61
44271.33,5.27,5.12,0.91,1.08,10,543.82
44271.38,4.35,4.35,1.03,1.03,10,544.23
44271.42,9.49,7.08,1.16,0.87,7.73,544.66
44271.46,10.23,5.92,1.25,1.01,3.88,544.65
44271.5,10.28,4.93,1.48,1.02,5.04,544.33
44271.54,14.02,4.93,1.29,1.3,4.21,544.08
44271.58,14.11,5.1,1.31,1.34,2.9,543.62
44271.62,13.78,4.93,1.45,1.17,2.69,543.21
44271.67,14.92,5.35,1.5,1.45,3.52,542.77
44271.71,15.11,5.38,1.34,1.78,6.07,542.92
44271.75,11.46,3.42,1.2,2.15,4.39,543
44271.79,11.46,5.24,0.9,2,3.73,543.2
44271.83,11.98,4.6,1.16,3.04,1.27,543.57
44271.88,11.57,4.95,1.18,3.05,5.54,543.79
44271.92,10.85,5.86,1.38,3.08,6.52,544.19
44271.96,8.35,5.4,1.33,2.99,6.84,544.45
44272,8.5,6.33,1.07,2.86,7.28,544.46
44272.04,8.02,6.32,0.86,2.6,7.56,544.42
44272.08,7.93,6.37,0.54,2.6,7.68,543.92
44272.12,7.87,6.89,0.23,2.49,7.72,543.83
44272.17,6.43,6.03,0.11,2.41,7.76,543.46
44272.21,5.71,5.63,0.15,1.3,7.76,543.15
44272.25,5.32,5.12,0.74,0.82,10,543.61
44272.29,4.73,4.58,1.13,0.8,10,543.49
44272.33,4.37,3.98,1.34,0.63,10,543.65
44272.38,5.05,4.35,1.64,0.6,10,543.83
44272.42,11.2,7.55,1.7,0.64,4.69,544.01
44272.46,13.01,3.71,2.23,0.77,0,543.88
44272.5,13.41,2.91,2.35,0.81,0,543.7
44272.54,17.22,1.98,2.65,0.85,0.2,543.28
44272.58,17.5,1.42,2.93,0.82,0.33,542.83
44272.62,17.9,1.24,3.39,0.73,1.63,542.27
44272.67,18.25,0,3.21,0.72,2.93,542.1
44272.71,17.95,0.14,2.31,1,1.26,542.04
44272.75,14.6,0.42,1.33,1.58,1.76,541.94
44272.79,13.75,3.78,1.22,2.03,1.22,542.36
44272.83,13.13,3.64,1.37,1.95,3.56,542.75
44272.88,13.93,2.78,1.18,2.02,3.25,543.01
44272.92,13.63,2.39,1.13,2.42,1.72,543.49
44272.96,10.79,3.16,1.15,2.62,5.66,543.58
44273,10.65,3.74,1.28,2.72,5.85,543.65
44273.04,9.41,4.05,1.45,2.71,5.77,543.57
44273.08,9.87,4.71,1.4,2.48,5.85,543.38
44273.12,10.17,4.94,1.26,2.38,6.04,543.14
44273.17,9.46,5.66,1.1,2.39,6,543.1
44273.21,9.09,5.77,1.15,1.99,6,542.83
44273.25,8.58,4.15,1.31,1.5,6,543.2
44273.29,8.25,3.76,0.94,1.09,6,543.6
44273.33,8.76,4.29,1.49,0.98,6,543.84
44273.38,8.82,4.36,1.62,0.96,4.78,544
44273.42,14.05,4.2,2.01,0.86,1.33,544.19
44273.46,14,3.34,2.23,0.88,0,543.96
44273.5,14.36,3.49,2.23,0.94,0,543.76
44273.54,17.36,3.03,2.51,0.95,0,543.36
44273.58,17.51,1.48,2.9,0.89,0,542.83
44273.62,17.2,1.25,2.78,0.94,0.04,542.25
44273.67,17.61,2.1,2.07,1.05,0.22,542.09
44273.71,17.08,3.25,1.34,1.26,1.97,542.1
44273.75,14.24,2.06,1.19,2.29,0.95,542.2
44273.79,12.99,4.97,1.4,2.19,0.11,542.2
44273.83,12.76,3.86,1.66,2.25,0.62,542.55
44273.88,13.89,2.56,1.21,2.11,0.88,542.94
44273.92,12.43,3.34,1.46,2.18,5.43,543.44
44273.96,10.49,4.66,1.66,2.02,5.18,543.59
44274,10,5.08,1.59,2.08,5.25,543.15
44274.04,8.75,4.82,1.39,2.29,5.26,543.37
44274.08,8.79,5.78,1.3,2.48,5.28,543.12
44274.12,8.82,5.89,1.36,2.34,5.56,542.77
44274.17,8.17,5.52,1.38,2,5.42,542.64
44274.21,7.69,4.82,1.51,1.68,5.22,542.32
44274.25,9.35,3.73,1.91,0.82,5.12,542.81
44274.29,7.96,2.54,2.1,0.75,5.12,542.78
44274.33,8.31,4.99,2.04,0.66,2,542.97
44274.38,10.38,4.09,1.76,0.67,0.77,543.34
44274.42,13.2,3.17,2.12,0.71,0,543.54
44274.46,13.32,3.51,2.31,0.75,0,543.59
44274.5,13.45,4.18,2.29,0.8,0,543.52
44274.54,15.35,5.09,2.07,0.89,0,543.25
44274.58,15.32,5.62,1.38,1.19,0.12,542.83
44274.62,14.69,6.32,0.99,1.66,2.51,542.77
44274.67,14.62,6.24,0.92,2.56,1.66,542.71
44274.71,13.91,5.31,1.05,2.62,7.79,542.96
44274.75,10.63,5.01,2.45,0.01,6.06,543.01
44274.79,9.43,6.47,2.3,0.21,7,543.35
44274.83,8.3,6.25,1.93,0.28,8.36,544.18
44274.88,8.08,6.3,2.1,0.33,8.36,544.57
44274.92,7.11,6.09,2.08,0.38,8.56,545.31
44274.96,4.42,4.3,2.08,0.45,10,545.64
44275,4.45,4.42,2.02,0.44,10,545.71
44275.04,4.19,3.82,1.8,0.46,10,545.72
44275.08,4.2,3.77,1.86,0.47,10,545.5
44275.12,3.87,3.16,1.83,0.44,10,545.37
44275.17,2.64,1.62,1.83,0.42,10,545.25
44275.21,1.95,0.88,1.64,0.29,10,544.97
44275.25,1.03,-0.41,1.32,0.1,9.01,544.67
44275.29,0.91,-0.6,1.67,0.04,9.2,544.9
44275.33,1.71,0.16,1.59,0.16,9.32,544.95
44275.38,1.57,-0.12,1.56,0.04,8.99,545.28
44275.42,3.76,1.37,1.53,3.02,8.55,545.47
44275.46,4.38,1.98,1.58,2.6,8.08,545.26
44275.5,5.18,2.52,1.77,2.45,8.52,544.87
44275.54,6.52,3.09,1.74,2.28,8.88,544.32
44275.58,7.27,3.66,1.63,2.39,8.52,543.41
44275.62,7.46,3.91,2.16,2.82,8.44,542.85
44275.67,6.24,3.2,2.58,0.18,8.96,542.71
44275.71,4.85,2.86,2.68,0.26,10,542.82
44275.75,1.33,0.26,2.62,0.33,10,543.65
44275.79,0.4,-0.25,2.47,0.43,9.96,544.12
44275.83,0,-0.79,2.36,0.4,9.7,545.16
44275.88,-0.19,-1.49,2.21,0.43,9.7,545.75
44275.92,-1.34,-2.77,2.25,0.49,8.91,546.6
44275.96,-3.12,-3.92,2.2,0.49,9.14,547.11
44276,-2.91,-4.23,2.03,0.51,9.54,547.35
44276.04,-3.02,-4.45,2.02,0.59,9.45,547.55
44276.08,-2.62,-4.29,2.06,0.68,9.33,547.5
44276.12,-2.17,-4.12,2.05,0.73,9.62,547.56
44276.17,-2.63,-4.83,1.95,0.75,9.62,547.53
44276.21,-2.18,-4.58,2.08,0.8,9.74,547.51
44276.25,-2.98,-5.17,2,0.7,9.17,547.45
44276.29,-2.65,-5.11,1.99,0.73,9.84,547.72
44276.33,-2.86,-5.33,2.2,0.66,9.46,548.11
44276.38,-3.67,-5.56,2.16,0.74,9.83,548.71
44276.42,-2.71,-4.83,2.06,0.7,9.81,548.97
44276.46,-3.52,-4.9,2.02,0.64,9.99,549
44276.5,-3.99,-5.17,2.03,0.67,9.96,548.79
44276.54,-3.62,-5.05,1.92,0.63,9.95,548.51
44276.58,-3.8,-5.19,1.91,0.54,10,548
44276.62,-3.81,-5.18,1.91,0.5,9.89,547.34
44276.67,-4.07,-5.44,2.11,0.54,9.9,547.01
44276.71,-3.84,-5.25,2.07,0.57,9.98,547.05
44276.75,-5.15,-6.2,1.99,0.68,10,547.73
44276.79,-4.87,-6.12,1.89,0.79,9.97,548.18
44276.83,-4.25,-6.13,1.59,0.7,9.92,548.69
44276.88,-3.69,-6.08,1.27,0.62,9.62,549.15
44276.92,-3.76,-6.45,1.05,0.79,9.96,549.91
44276.96,-4.59,-7.09,0.56,0.54,9.8,549.87
44277,-4.21,-6.69,0.67,0.45,9.55,550.06
44277.04,-4.18,-6.39,0.65,0.66,9.3,550.15
44277.08,-4.1,-5.98,0.39,0.67,8.14,549.81
44277.12,-3.92,-5.76,0.1,1.65,7.16,549.43
44277.17,-3.9,-6.07,0.15,0.08,7.21,548.97
44277.21,-3.89,-5.76,0.29,0.52,7.38,548.6
44277.25,-3.44,-5.4,0.67,0.05,8.6,548.59
44277.29,-3.32,-5.48,0.59,0.25,7.47,548.69
44277.33,-3.59,-5.45,0.13,2.79,9.25,548.81
44277.38,-3.69,-5.32,0.53,0.88,8.21,549.24
44277.42,-0.86,-3.38,0.76,0.4,8.38,549.48
44277.46,-1.21,-3.23,0.8,3.02,8.36,549.53
44277.5,-1.25,-2.92,0.97,2.83,8.35,549.45
44277.54,0.85,-1.61,1,2.74,9.37,549.01
44277.58,0.63,-1.72,1.02,2.69,9.56,548.41
44277.62,0.65,-1.6,1.09,2.6,9.96,547.7
44277.67,0.48,-1.66,1.09,2.65,9.96,547.31
44277.71,0.16,-1.9,1.25,2.89,9.99,547.15
44277.75,-1.59,-2.9,1.44,2.73,9.84,546.99
44277.79,-1.47,-2.83,1.15,0.22,9.32,547.22
44277.83,-1.48,-2.74,1.38,0.39,9.74,547.43
44277.88,-1.3,-2.67,1.2,0.44,10,547.99
44277.92,-1.34,-2.56,0.99,0.32,10,548.41
44277.96,-2.21,-2.52,0.68,0.24,9.71,548.39
44278,-2.02,-2.49,0.86,0.89,9.76,548.32
44278.04,-2.17,-2.55,0.86,1.05,9.86,548.44
44278.08,-1.9,-2.48,0.3,1.79,9.48,547.97
44278.12,-1.84,-2.64,0.65,0.53,8.82,547.43
44278.17,-1.93,-3.09,0.81,0.59,8.12,547.05
44278.21,-1.82,-2.83,0.94,0.18,6.85,546.49
44278.25,-1.67,-2.76,1.17,0.01,8.25,546.41
44278.29,-1.21,-2.44,1.18,0.34,8.24,546.41
44278.33,-1.17,-2.4,1.34,0.43,3.53,546.74
44278.38,0.37,-0.72,1.26,0.44,1.01,547.13
44278.42,6.5,1.49,1.31,0.56,0.63,547.58
44278.46,6.5,1.5,1.22,0.78,0.56,547.5
44278.5,6.85,1.34,1.19,1.08,1.12,547.5
44278.54,10.05,2.89,1.29,1.26,3.7,547.09
44278.58,9.72,2.53,1.35,1.22,5.63,546.48
44278.62,12.21,2.49,1.46,1.32,5.58,546.01
44278.67,13.88,2.72,1.12,1.72,3.69,545.58
44278.71,13.4,2.97,1.14,1.9,4.49,545.51
44278.75,9.01,2.11,1.16,2.5,3.58,545.45
44278.79,8.45,3.82,1.46,2.66,5.44,545.67
44278.83,8.95,2.63,1.25,2.26,4.78,546.04
44278.88,9.15,2.83,1.04,1.88,5.79,546.31
44278.92,8.25,2.51,0.91,1.53,7.24,546.64
44278.96,4.81,1.09,1.26,1.25,7.64,546.51
44279,5.07,0.77,1.46,1.07,6.08,546.59
44279.04,4.95,0.56,1.46,0.97,5.32,546.31
44279.08,4.74,0.28,1.38,0.9,3.22,545.88
44279.12,4.22,0.04,1.4,0.87,0.92,545.46
44279.17,3,-0.18,1.42,0.8,0.05,545.02
44279.21,2.59,-0.3,1.47,0.78,0,544.63
44279.25,2.17,-0.31,1.47,0.82,0,544.63
44279.29,2.16,-0.21,1.26,0.86,0.46,544.7
44279.33,3.12,1.18,1.33,0.89,0.61,544.88
44279.38,5.49,1.97,1.42,0.8,0,545.15
44279.42,12.12,3.53,1.32,1.13,0,545.15
44279.46,11.82,3.68,1.49,1.37,0,545.2
44279.5,11.12,4.27,1.39,1.56,0.24,545
44279.54,14,4.74,1.51,1.67,0.18,544.36
44279.58,14.2,4.62,1.71,1.56,4.88,543.92
44279.62,14.18,4.81,1.5,1.97,1.51,543.44
44279.67,14.18,5.19,1.36,2.15,3.64,543.14
44279.71,13.14,5.49,1.23,2.21,8.34,543.08
44279.75,9.31,3.91,1.95,2.82,6.22,542.88
44279.79,8.57,4.81,1.95,2.97,6.71,543.22
44279.83,8.55,3.77,1.52,0.01,7.52,543.56
44279.88,7.89,4.38,1.43,0.16,7.8,543.92
44279.92,7.18,4.84,1.09,0.24,8.64,544.55
44279.96,5.53,3.43,1.12,3.07,7.52,544.66
44280,4.45,2.56,1.18,2.99,8.48,544.57
44280.04,4.15,3.07,0.87,2.91,10,544.36
44280.08,4.25,3.07,0.96,2.68,10,544.06
44280.12,4.15,3.04,0.71,2.33,10,543.66
44280.17,3.33,2.63,0.56,2.16,8.84,543.51
44280.21,3.56,2.84,0.33,2.15,6.88,543.26
44280.25,3.33,2.76,0.18,2.01,7.6,543.43
44280.29,2.81,2.29,0.21,2.03,7.4,543.75
44280.33,3.35,2.52,0.32,1,6.2,544.02
44280.38,4.88,2.82,0.77,1.2,6,544.34
44280.42,8.48,4.54,1.31,1.12,4.25,544.51
44280.46,9.43,4.95,1.48,1.16,3.9,544.36
44280.5,10.41,5.02,1.59,1.23,5.78,544.15
44280.54,14.18,4.77,1.75,1.3,6.51,543.49
44280.58,13.86,4.39,1.8,1.24,6.61,543.01
44280.62,13.93,4.63,1.79,1.35,7.16,542.3
44280.67,14.36,4.87,1.17,1.72,5.91,541.87
44280.71,14.16,4.85,1.22,1.96,8.48,541.68
44280.75,11.24,4.79,1.91,2.95,5.68,541.75
44280.79,9.47,3.5,1.73,0.04,7.08,541.61
44280.83,9.49,3.06,1.69,0.25,7.28,542.04
44280.88,7.79,4.21,1.18,0.3,8.12,542.46
44280.92,7.2,4.59,1.1,0.07,8.16,542.96
44280.96,4.81,3.8,0.73,3.07,8.28,542.9
44281,4.17,3.71,0.56,2.91,7.96,542.99
44281.04,4.24,3.53,0.45,2.56,7.64,542.73
44281.08,4.07,3.42,0.31,2.53,7.48,542.56
44281.12,4.23,3.52,0.21,1.57,6.84,542.17
44281.17,3.51,2.95,0.19,1.88,6.08,541.95
44281.21,3.5,3.07,0.12,1.98,6.12,541.81
44281.25,3.36,2.96,0.28,1.15,6.24,542.36
44281.29,2.96,2.76,0.8,0.66,6.36,542.91
44281.33,3.48,3.25,1.14,0.5,6.64,543.55
44281.38,3.9,2.7,1.21,0.47,6.2,544.33
44281.42,7.02,4.1,1.4,0.5,6.08,544.77
44281.46,7.42,4.62,1.39,0.39,6.04,544.73
44281.5,7.44,5.21,1.45,0.16,6.04,544.73
44281.54,9.66,6.37,1.35,3.14,7.32,544.22
44281.58,9.89,6.49,0.76,2.92,7.56,543.74
44281.62,9.47,6.69,1.56,0.18,7.48,543.06
44281.67,9.44,6.52,1.78,0.42,8.24,542.7
44281.71,9.17,6.6,2.17,0.38,8.56,542.72
44281.75,5.59,3.71,2.65,0.52,7.08,542.47
44281.79,4.6,3.69,2.27,0.62,8.52,543.46
44281.83,4.34,3.65,1.97,0.42,10,544.24
44281.88,4.27,3.53,1.91,0.45,10,544.52
44281.92,4,3.29,1.79,0.58,10,545.14
44281.96,2.53,1.77,1.62,0.73,10,545.35
44282,3.01,2.15,1.34,0.81,10,545.45
44282.04,2.73,2.27,1.09,1.03,10,545.27
44282.08,2.45,1.66,0.88,1.23,9.92,545.09
44282.12,2.83,1.82,0.85,1.5,9.75,544.49
44282.17,2.35,1.43,0.82,1.66,9.11,544.17
44282.21,2.69,1.58,0.61,1.89,5.18,544.01
44282.25,1.05,0.75,0.79,2.22,9.16,544.06
44282.29,0.76,0.48,0.59,2.55,6.32,544.51
44282.33,1.24,1.03,0.44,2.93,4.4,544.52
44282.38,1.85,0.31,0.34,2.85,1.54,544.85
44282.42,8.55,2.58,0.37,2.55,0.91,545.16
44282.46,8.82,2.75,0.26,0.81,0.6,545.26
44282.5,9.16,2.58,0.84,1.01,3.08,545.21
44282.54,13.44,1.99,1.09,0.72,4.97,544.69
44282.58,14,1.99,0.38,1.64,4.95,544.2
44282.62,13.06,1.95,0.88,1.41,5.56,543.94
44282.67,13.78,1.75,0.7,1.92,5.36,543.65
44282.71,12.89,2.48,1.01,2.97,5.18,543.8
44282.75,9.43,-0.26,2.01,0.38,6.33,544.27
44282.79,9.42,1.97,1.38,0.56,6.22,544.71
44282.83,8.98,3.88,1.29,1.01,6.45,545.16
44282.88,9.21,4.4,1.06,1.86,6.92,545.6
44282.92,7.96,4.37,0.16,0.58,5.3,546.06
44282.96,4.85,3.29,0.77,1.55,4.06,545.96
44283,4.75,3.16,0.71,0.86,1.37,545.91
44283.04,4.92,3.14,0.9,0.69,1.43,545.52
44283.08,5.04,2.89,1.07,0.81,0.97,545.34
44283.12,5.05,2.86,1.02,0.78,0.1,544.61
44283.17,3.17,2.06,0.89,0.73,0,544.36
44283.21,2.92,1.9,0.87,0.7,0,543.98
44283.25,3.07,1.34,0.91,0.7,0,544.02
44283.29,3.3,1.38,1.47,0.74,0,544.11
44283.33,3.74,1.82,1.69,0.69,0,544.19
44283.38,6.29,3.7,1.62,0.62,0,544.42
44283.42,12.65,3.69,1.72,0.74,0,544.35
44283.46,12.77,3.37,1.84,0.88,0,544.5
44283.5,12.68,1.73,2.14,0.74,1.3,543.99
44283.54,17.25,0.42,2.59,0.79,1.55,543.47
44283.58,17.42,-0.7,2.93,0.74,1.28,542.78
44283.62,17.21,-1.24,2.96,0.77,1.15,542.2
44283.67,18.07,-2.43,3.01,0.71,2.21,541.69
44283.71,18.31,-3.23,2.13,0.89,0.43,541.32
44283.75,14.89,-2.13,1.4,1.51,0.22,541.22
44283.79,13.81,2.94,1.5,1.9,0.25,541.37
44283.83,13.5,0.01,2.14,1.64,0.09,541.32
44283.88,13.18,0.08,2.66,1.23,0,541.66
44283.92,12.61,0.33,2.64,0.98,0,541.75
44283.96,10.39,-1.17,2.77,0.81,0.04,541.78
44284,10.16,-1.76,2.91,0.74,1.87,541.82
44284.04,10.03,-2.8,2.81,0.68,1.43,541.5
44284.08,10.28,-4.2,2.41,0.65,3.16,541.24
44284.12,11.14,-4.87,2.29,0.62,4.41,540.81
44284.17,10.95,-5.63,2.03,0.55,4.79,540.56
44284.21,10.58,-6.34,1.73,0.6,3.52,540.62
44284.25,9.16,-5.5,1.54,0.68,1.47,540.93
44284.29,8.62,-5.7,1.61,0.7,0,541.37
44284.33,7.63,-2.53,1.6,0.65,1.6,541.55
44284.38,8.55,-1.6,1.56,0.75,2.75,541.7
44284.42,15.1,-2.67,2.08,0.84,2.79,541.72
44284.46,15.14,-2.34,2.25,0.85,3.67,541.38
44284.5,15.29,-2.61,2.29,0.84,3.51,541.2
44284.54,18.54,-4.06,2.93,0.74,6.88,540.64
44284.58,18.61,-3.97,2.91,0.7,7.47,540.23
44284.62,18.23,-3.79,2.42,0.81,8.49,539.73
44284.67,18,-2.33,1.64,0.98,8.68,539.4
44284.71,17.37,-0.51,0.99,1.66,7.99,539.27
44284.75,13.93,0.25,1.03,2.24,8.02,539.7
44284.79,13.25,4.02,1.23,2.36,9.05,539.79
44284.83,14.21,-0.02,1.15,2.73,7.16,540.22
44284.88,14,2.03,1.46,0.15,6.88,540.62
44284.92,12.62,5.75,1.86,0.35,6.46,540.96
44284.96,9.6,6.02,1.6,0.4,7.68,541.12
44285,9.45,6.92,1.35,0.28,7.84,541.16
44285.04,8.91,6.62,1.17,3.13,8.36,540.93
44285.08,8.97,6.77,0.96,0.45,8.4,540.59
44285.12,9.09,7.06,0.25,0.76,8.32,540.19
44285.17,7.61,6.56,0.12,0.97,8.48,539.83
44285.21,7.61,6.77,0.18,0.32,10,539.55
44285.25,7.18,6.13,0.3,2.72,10,539.73
44285.29,6.81,5.73,0.57,0.36,10,540.01
44285.33,6.03,4.49,1.14,0.35,10,540.01
44285.38,5.26,4.38,1.35,0.36,7.89,540.25
44285.42,11.63,3.97,1.51,0.47,4.6,540.32
44285.46,12.19,1.58,1.8,0.64,5.66,540.27
44285.5,12.73,0.4,2.08,0.78,4.83,540.12
44285.54,16.62,-0.98,1.98,0.95,1.52,539.7
44285.58,16.95,-2.14,2.18,1.05,0.61,539.4
44285.62,17.44,-1.95,2.21,1.25,0.61,538.79
44285.67,17.43,-1.56,2.64,1.42,6.92,538.47
44285.71,16.67,0.08,1.74,1.72,6.15,538.27
44285.75,13.18,0.51,1.28,2.23,7.43,538.87
44285.79,13.03,4.1,1.49,2.31,3.3,538.84
44285.83,12.86,4.48,1.43,2.29,2.79,539.29
44285.88,13.73,4.37,1.42,2.57,2.69,539.68
44285.92,12.13,3.7,1.12,2.43,5.33,540.22
44285.96,9.93,5.57,1.35,2.3,5.16,540.1
44286,9.63,5.62,1.44,2.15,5.2,540.03
44286.04,9.35,5.92,1.56,2.02,5.12,539.78
44286.08,9.36,6.22,1.44,1.91,5.12,539.53
44286.12,9.43,6.36,1.48,1.64,5.12,539.23
44286.17,8.48,6.09,1.58,1.29,5.12,538.87
44286.21,8.07,5.87,1.67,0.99,5.12,538.6
44286.25,8.42,3.56,1.27,0.85,5.36,538.96
44286.29,8.51,3.12,1.24,0.87,5.2,538.86
44286.33,8.17,3.6,1.21,0.69,5.39,539.38
44286.38,8.8,3.31,1.21,0.68,1.47,539.91
44286.42,12.41,3.61,1.55,0.75,3.38,540.07
44286.46,12.73,3.25,1.53,0.96,4.98,540.23
44286.5,13.3,2.11,1.88,0.95,4.88,539.94
44286.54,15.73,1.41,2.21,0.94,5.36,539.62
44286.58,16.22,0.94,2.06,1.28,6.68,539.14
44286.62,15.72,2.02,1.73,1.48,5.55,538.68
44286.67,15.01,3.15,1.83,1.62,6.18,538.47
44286.71,14.37,4.06,1.71,1.82,6.31,538.29
44286.75,12.39,4.45,1.83,1.82,5.83,538.74
44286.79,11.41,5.5,1.24,2.33,6.87,539.03
44286.83,10.97,6.98,1.67,2.35,7.45,539.25
44286.88,10.98,7.23,1.61,2.41,7.32,539.76
44286.92,10.59,7.44,1.61,2.56,7.43,540.15
44286.96,8.4,6.84,1.53,2.7,7.49,540.25
44287,7.95,6.8,1.46,2.77,7.24,540.32
44287.04,7.99,7.02,1.32,2.95,7.48,540.18
44287.08,7.73,7.02,1.29,0,7.48,540.22
44287.12,7.6,7.07,1.12,3.12,7.4,540.16
44287.17,7.36,6.94,1.03,3.05,7.4,540.15
44287.21,7.2,6.78,1.08,2.65,7.36,540.31
44287.25,7.76,6.25,1.12,2.31,6.84,540.28
44287.29,7.65,6.37,1.05,1.88,6.48,540.73
44287.33,7.75,6.5,1.02,1.79,6.44,541.43
44287.38,8.22,5.78,1.15,1.93,5.79,541.87
44287.42,9.85,5.34,1.03,2.03,5.72,541.99
44287.46,10.85,5.68,1.3,1.71,8.14,542.35
44287.5,10.89,5.89,1.45,1.88,8.89,542.03
44287.54,12.69,6.77,1.35,1.97,10,541.73
44287.58,12.36,6.7,1.42,1.96,9,541.36
44287.62,12.17,7.13,1.54,1.93,8.44,540.68
44287.67,10.08,6.02,1.35,2.01,8.64,540.59
44287.71,8.93,5.62,1.63,1.91,8,540.31
44287.75,8.93,5.69,1.37,2.11,8.24,540.68
44287.79,8.28,6.8,1.05,2.67,7.96,540.81
44287.83,7.16,5.37,1.49,2.9,7.44,541.27
44287.88,5.53,4.67,1.34,3.12,7.56,541.69
44287.92,4.95,4.36,1.23,0.03,7.8,542.35
44287.96,3.86,3.7,1.06,0.13,7.8,542.3
44288,4.17,3.77,1.22,3.09,8.64,542.34
44288.04,3.78,3.73,1.13,2.85,8.28,541.92
44288.08,3.66,3.58,1.21,2.65,8.08,541.89
44288.12,3.66,3.66,1.23,2.39,7.84,541.54
44288.17,3.13,3.13,1.12,2.26,7.64,541.53
44288.21,3.49,3.45,1.3,2.25,6.96,541.52
44288.25,3.68,3.34,1.01,2.98,7.76,541.61
44288.29,4.11,3.79,1.11,0.15,6.84,541.85
44288.33,4.29,3.29,1.11,2.88,7.36,542.49
44288.38,6.13,4.49,1.25,2.59,7.24,542.95
44288.42,9.49,3.56,1.36,1.72,7.52,543.12
44288.46,10.82,3.09,1.57,1.56,8.56,543.24
44288.5,11.43,2.76,1.55,1.48,7.73,543.14
44288.54,12.44,2.53,1.43,1.51,7.77,542.69
44288.58,12.08,3.24,1.34,1.45,7.43,542.52
44288.62,11.87,3.35,1.32,1.59,8.05,542.06
44288.67,11.61,2.91,1.47,1.84,9.08,541.97
44288.71,11.2,2.23,1.52,1.9,8.52,541.8
44288.75,8.6,2.55,1.34,2.33,8.16,542.25
44288.79,7.11,3.3,1.87,3.05,6.2,542.33
44288.83,7.62,0.32,2.14,0.2,6.44,542.99
44288.88,6.13,1.83,1.78,0.36,7.6,543.71
44288.92,4.71,1.52,2.05,0.52,8.36,544.56
44288.96,2.15,0.41,1.84,0.54,7.6,544.86
44289,1.84,0.54,1.57,0.51,7.96,545.26
44289.04,0.98,0.08,1.45,0.43,8.36,544.93
44289.08,1.04,0.28,1.34,0.43,8.68,544.87
44289.12,1.12,0.5,1.23,0.37,9.4,544.6
44289.17,0.56,0.23,1.14,0.35,10,544.5
44289.21,0.45,0.14,1.01,0.3,8.81,544.47
44289.25,-0.35,-0.53,1.15,0.6,9.07,544.94
44289.29,-0.17,-0.38,0.87,0.47,10,545.3
44289.33,-0.05,-0.41,0.71,3.12,8.96,545.7
44289.38,1.33,0.2,1.07,2.74,5.76,546.04
44289.42,6.84,2.44,1.19,2.4,6,546.31
44289.46,7.32,3.08,1.39,2.17,6.08,546.26
44289.5,7.87,3.49,1.52,1.87,6,545.99
44289.54,11.87,3.04,1.95,1.39,7.18,545.66
44289.58,12.1,2.21,1.41,1.71,7.69,544.63
44289.62,12.31,2.42,1.5,1.88,8.44,544.28
44289.67,12.8,3,1.47,1.95,8.12,543.75
44289.71,13.14,2.77,1.33,2.09,9.16,543.67
44289.75,8.7,0.74,1.85,2.85,7.24,543.59
44289.79,7.02,2.61,2.06,0.23,6.6,544.39
44289.83,5.66,1.52,2,0.41,8.28,545.1
44289.88,5.1,2.13,1.9,0.51,9.08,545.68
44289.92,3.95,1.81,1.6,0.49,8.4,546.3
44289.96,1,0.4,1.64,0.34,8.92,546.59
44290,0.98,0.29,1.49,0.14,9.32,546.71
44290.04,0.66,0.45,1.34,3.02,7.92,546.43
44290.08,0.83,0.49,1.19,2.81,10,546.34
44290.12,0.9,0.51,0.85,2.29,7.32,546.06
44290.17,0.74,0.53,0.7,2,7.08,545.74
44290.21,0.97,0.77,0.6,1.84,6.92,545.74
44290.25,0.21,0.21,0.67,1.37,6.88,545.53
44290.29,0.45,0.38,0.35,1.06,6.2,545.88
44290.33,1.12,0.5,0.54,1.92,4.72,546.21
44290.38,2.85,1.17,0.97,2.18,2.61,546.84
44290.42,6.53,2.83,1.24,1.95,2.06,546.77
44290.46,7.75,3.19,1.69,1.62,3.58,546.83
44290.5,8.69,3.16,2.02,1.51,2.65,546.38
44290.54,12.55,2.58,2.03,1.58,4.46,545.82
44290.58,12.42,2.6,1.76,1.52,3.07,545.21
44290.62,11.83,2.93,1.56,1.78,6.56,544.54
44290.67,12.28,3.08,1.47,2.01,8.37,544.21
44290.71,12.09,2.72,1.57,2.19,8.94,543.93
44290.75,9.64,1.63,1.67,2.52,8.61,544.1
44290.79,7.72,3.69,1.69,0.17,7.88,544.4
44290.83,6.33,1.71,2.01,0.36,9.88,545.21
44290.88,5.96,2.25,1.74,0.43,10,545.88
44290.92,5.23,2.99,1.35,0.34,10,546.44
44290.96,4.02,2.55,1.13,3.11,10,546.5
44291,3.87,2.66,1.12,2.93,10,546.51
44291.04,3.84,2.59,1.23,2.71,9.96,546.26
44291.08,3.81,2.65,1.11,2.68,10,546.05
44291.12,4.01,2.62,0.97,2.85,10,545.77
44291.17,3.74,2.5,0.99,2.99,10,545.56
44291.21,3.86,2.63,0.99,3.1,10,545.76
44291.25,3.39,2.35,0.95,3.05,10,546.27
44291.29,3.47,2.42,0.92,3.08,10,546.3
44291.33,3.53,2.36,0.95,2.99,10,546.92
44291.38,4.02,2.43,1.12,2.87,10,547.44
44291.42,6.84,3.7,1.04,2.57,10,547.48
44291.46,8.1,4.1,1.16,2.13,9.92,547.52
44291.5,9.01,4.01,1.25,1.55,9.93,547.4
44291.54,11.77,3.47,1.52,1.17,10,546.68
44291.58,12.05,3.16,1.19,1.53,9.88,546.37
44291.62,12.1,3.02,0.86,2.32,9.68,545.69
44291.67,11.4,3.79,0.94,2.61,9.84,545.48
44291.71,11.45,4.19,1.52,2.85,8.96,545.19
44291.75,10.13,3.43,1.56,2.81,8.4,545.75
44291.79,8.84,3.94,1.13,0.05,7.46,545.72
44291.83,7.54,4.72,1.36,0.4,6.77,546.16
44291.88,7.3,4.89,1.25,0.44,8.59,546.61
44291.92,6.48,4.73,0.67,0.13,10,547.07
44291.96,5.43,4.61,0.46,1.23,10,547.56
44292,5.51,4.8,0.74,0.94,10,547.42
44292.04,5.64,5.11,0.84,1.11,10,547.05
44292.08,6.08,4.85,1.01,0.83,10,546.68
44292.12,6.14,4.58,1.2,0.76,10,546.19
44292.17,5.74,4.27,1.3,0.82,10,546.12
44292.21,5.8,3.97,1.43,0.8,10,545.95
44292.25,5.47,3.95,1.36,0.65,10,545.88
44292.29,5.76,3.72,1.27,0.66,10,546.01
44292.33,6.69,3.86,1.08,0.76,10,546.59
44292.38,7.81,4.21,0.68,1.64,10,546.99
44292.42,8.77,4.24,1.16,1.89,10,547.14
44292.46,9.23,4.66,1.75,1.68,10,547.42
44292.5,9.09,5.09,1.81,1.73,10,547.25
44292.54,9.56,5.31,1.62,1.82,10,547.18
44292.58,8.92,6.02,1.53,2.12,10,546.39
44292.62,8.95,6.06,1.73,2.31,10,545.98
44292.67,8.38,5.57,1.63,2.38,10,545.71
44292.71,8.14,5.58,1.67,2.61,10,545.52
44292.75,6.11,5.13,1.52,2.84,10,546.01
44292.79,5.58,4.79,1.55,3.14,10,545.91
44292.83,5.43,4.95,1.56,0.14,10,546.43
44292.88,5.02,4.7,1.45,0.32,10,546.93
44292.92,4.59,4.38,1.27,0.46,10,547.32
44292.96,3.59,3.59,1.11,0.51,10,547.41
44293,3.37,3.36,0.96,0.63,10,547.48
44293.04,2.98,2.88,0.93,0.72,10,547.23
44293.08,2.88,2.8,0.91,0.78,10,546.88
44293.12,3.02,2.74,0.77,1.23,10,546.66
44293.17,3.32,2.7,0.78,1.51,10,546.49
44293.21,3.44,3.24,0.78,1.37,10,546.3
44293.25,3.43,3.05,1.12,1.19,10,546.41
44293.29,3.49,3.12,1.1,1.11,10,546.59
44293.33,3.06,2.92,1.21,1.12,10,547.1
44293.38,2.17,2.17,1.36,1.24,10,547.59
44293.42,4.79,3.59,1.28,1.2,10,547.87
44293.46,4.07,3.68,1.36,0.94,10,547.87
44293.5,3.55,3.54,1.42,0.69,10,547.62
44293.54,6.33,4.58,1.49,0.5,10,547.29
44293.58,5.75,4.36,1.58,0.3,10,546.86
44293.62,6.15,4.62,1.58,0.12,10,546.3
44293.67,6.35,4.39,1.59,3.09,10,545.92
44293.71,6.06,4.38,1.62,3.1,10,545.61
44293.75,3.64,2.68,1.65,0.08,10,546.07
44293.79,4.44,3.62,1.37,0.18,10,546.24
44293.83,5.11,4.19,1.2,0.19,10,546.7
44293.88,5.72,4.35,1.2,0.21,10,547.06
44293.92,5.18,4.05,0.99,0.26,10,547.41
44293.96,3.08,3.08,0.88,0.39,10,547.57
44294,2.92,2.87,0.69,0.41,10,547.43
44294.04,2.78,2.71,0.65,0.47,10,547.3
44294.08,2.94,2.59,0.62,0.27,10,547.17
44294.12,3.06,2.37,0.44,0.04,10,546.67
44294.17,2.45,1.95,0.2,3.13,10,546.73
44294.21,2.63,2.18,0.13,2.6,10,546.5
44294.25,2.2,1.76,0.43,0.52,10,546.84
44294.29,2.52,1.89,0.38,2.09,10,546.89
44294.33,2.81,1.75,0.58,1.64,9.92,547.13
44294.38,3.01,1.82,0.73,2.01,9.5,547.54
44294.42,5.04,2.77,0.92,2.34,9.72,547.57
44294.46,7.11,3.99,0.97,2.13,10,547.51
44294.5,7.78,4.62,0.93,2.03,10,547.29
44294.54,9.86,4.93,1.12,2.2,10,546.88
44294.58,9.69,4.95,1.27,2.56,10,546.46
44294.62,9.3,4.88,1.51,2.72,9.6,546.06
44294.67,9.42,4.67,1.69,2.72,9.68,545.79
44294.71,8.88,4.78,1.92,2.91,9.04,545.39
44294.75,6.61,4.74,1.79,2.94,8.96,545.71
44294.79,6.26,4.93,1.5,2.92,9.36,545.58
44294.83,6.37,5.22,1.44,2.91,9.28,546.01
44294.88,6.47,5.2,1.15,2.84,9.04,546.19
44294.92,6.01,5.29,1.28,2.83,8.92,546.66
44294.96,4.58,4.59,1.2,2.81,10,546.69
44295,4.68,4.68,1.25,2.69,10,546.57
44295.04,4.91,4.8,1.09,2.52,10,546.28
44295.08,5.17,4.64,1.02,2.27,10,546.14
44295.12,5.28,4.79,1.11,1.91,10,545.55
44295.17,4.83,4.59,0.96,1.75,9.88,545.37
44295.21,5.19,4.6,0.72,1.61,10,545.05
44295.25,4.06,3.93,0.83,1.57,10,545.17
44295.29,4.65,4.35,0.74,1.67,10,545.29
44295.33,5.07,4.77,0.74,1.91,10,545.75
44295.38,5.12,4.77,0.89,1.84,10,546.09
44295.42,7.06,5.06,0.88,1.52,10,546.26
44295.46,7.11,5.52,0.94,1.73,10,546.35
44295.5,6.94,5.61,1.12,2.02,9.12,546.21
44295.54,9.7,6.76,0.9,2.18,9.72,545.87
44295.58,10.32,6.77,1.1,2.66,9.28,545.46
44295.62,10.26,6.3,1.28,2.89,9.08,544.95
44295.67,9.63,6.07,1.61,2.96,9,544.69
44295.71,9.61,6.5,1.84,3,8.72,544.38
44295.75,6.77,5.13,2.02,0.01,8.56,544.48
44295.79,6.48,5.48,1.71,0.27,9.04,545.01
44295.83,6.67,5.89,1.52,0.27,8.52,545.32
44295.88,6.42,5.64,1.69,0.35,8.8,545.66
44295.92,6.47,5.6,1.73,0.4,9.72,546.12
44295.96,4.37,4,1.64,0.37,10,546.5
44296,4.32,4.08,1.67,0.36,10,546.54
44296.04,4.19,3.69,1.46,0.34,10,546.46
44296.08,4.3,3.68,1.26,0.36,10,546.34
44296.12,4.47,3.56,1.07,0.36,10,546.12
44296.17,3.61,3.22,0.96,0.33,10,545.87
44296.21,3.76,3.25,0.84,0.17,10,545.66
44296.25,4.05,3.37,0.92,0.19,10,546.1
44296.29,3.97,3.35,0.94,2.86,10,545.99
44296.33,4.02,3.4,0.95,2.69,10,546.45
44296.38,4.11,3.59,1.14,2.25,10,546.77
44296.42,7.2,5.5,1.42,1.89,10,546.71
44296.46,7.78,5.99,1.44,1.74,10,546.84
44296.5,7.99,6.16,1.48,1.8,8.92,546.6
44296.54,10.23,6.09,1.22,1.89,8.32,546.09
44296.58,10.86,6.64,1.04,2.14,9.2,545.56
44296.62,11.82,6.97,1.17,2.17,8.56,545.05
44296.67,10.92,5.92,1.55,2.79,8.44,544.56
44296.71,10.65,5.48,1.85,0.13,8.84,544.49
44296.75,7.36,4.57,2.12,0.3,7.52,544.48
44296.79,5.83,4.29,1.91,0.3,7.36,544.79
44296.83,5.09,4.25,1.76,0.35,7.48,545.32
44296.88,4.63,4.04,1.83,0.36,8.2,545.68
44296.92,4.52,3.69,1.78,0.35,8.52,546
44296.96,2.48,2.15,1.72,0.31,10,546.39
44297,2.77,2,1.49,0.23,10,546.52
44297.04,2.55,2.11,1.27,0.02,10,546.34
44297.08,2.88,1.96,1.03,2.98,10,546.13
44297.12,2.81,2.26,0.96,2.62,10,545.87
44297.17,2.57,2.1,0.81,2.22,10,545.46
44297.21,2.66,2.44,0.73,1.92,10,545.61
44297.25,2.66,2.19,0.37,1.91,8.88,546.18
44297.29,2.35,2.08,0.54,2.03,10,546.16
44297.33,3.14,2.3,0.47,1.96,10,546.45
44297.38,3.61,2.37,0.85,1.56,6,546.91
44297.42,7.19,4.54,1.08,1.66,5.95,547.02
44297.46,8.32,5.88,1.08,1.84,6.16,547.04
44297.5,10.2,6.9,1.35,1.72,7.84,546.7
44297.54,12.07,6.98,1.5,1.64,7.6,546.52
44297.58,11.65,6.69,1.39,2,6.95,545.52
44297.62,12.02,6.56,1.46,2.28,7,545.2
44297.67,12.17,7.06,1.34,2.62,9.24,544.6
44297.71,11.05,7.04,1.17,2.94,7.65,544.67
44297.75,8.55,5.14,2.27,0.47,7.96,545.1
44297.79,7.02,4.87,2.05,0.43,8,545.5
44297.83,6.65,5.08,1.54,0.36,8.24,545.67
44297.88,5.99,4.65,1.43,0.42,9.28,546.12
44297.92,5.38,4.72,1.43,0.42,10,546.51
44297.96,3.4,3.17,1.32,0.49,10,547.03
44298,3.91,3.19,1.2,0.43,10,547.35
44298.04,3.77,3.22,0.91,0.37,10,547.18
44298.08,3.88,3.21,0.5,3.03,9.96,547.04
44298.12,4.14,3.38,0.24,2.9,9.72,546.82
44298.17,3.91,3.15,0.22,2.67,9.28,546.52
44298.21,4.03,3.43,0.1,1.75,6.96,546.48
44298.25,4.3,3.99,0.37,1.96,7.04,546.63
44298.29,3.78,3.52,0.46,1.36,7.24,546.65
44298.33,4.52,3.9,0.52,1.08,6.35,547.11
44298.38,4.96,3.71,0.68,0.91,5.24,547.48
44298.42,10.06,5.91,0.61,0.91,4.38,547.6
44298.46,10.63,6.31,0.26,1.32,3.96,547.61
44298.5,10.91,5.97,0.86,1.7,8.15,547.44
44298.54,13.42,5.95,1.27,1.76,8.12,546.94
44298.58,12.87,5.53,1.11,1.97,8.23,546.18
44298.62,11.9,5.37,0.89,2.53,7.09,545.74
44298.67,11.67,5.76,1.3,0.03,7.92,545.25
44298.71,10.94,5.95,1.98,0.22,7.62,545.17
44298.75,8.64,5.91,2.24,0.4,7.8,545.69
44298.79,7.58,5.74,1.94,0.49,7.64,545.86
44298.83,7.51,6.03,1.7,0.26,8.04,546.37
44298.88,7.15,5.72,1.65,0.22,8.76,546.9
44298.92,6.96,5.65,1.56,0.22,9.28,547.18
44298.96,4.9,4.18,1.54,0.36,10,547.77
44299,5.17,4.07,1.55,0.29,10,547.65
44299.04,4.78,4.13,1.48,0.29,10,547.63
44299.08,5.14,3.98,1.28,0.32,10,547.41
44299.12,5.45,4.23,1.13,0.38,9.96,547.08
44299.17,5.08,3.94,0.93,0.22,10,546.69
44299.21,4.99,4.04,0.66,2.94,10,546.66
44299.25,4.25,3.23,0.82,2.52,9.4,546.49
44299.29,3.77,3.27,0.84,1.57,9.64,546.78
44299.33,4.42,3.43,0.92,1.37,9.4,546.65
44299.38,4.69,3.27,1.04,1.01,6.22,546.97
44299.42,9.73,5.55,0.97,0.96,6.08,546.91
44299.46,10.71,5.34,1.14,1.2,7.4,546.79
44299.5,11.11,5.39,1.64,1.24,8.08,546.4
44299.54,13.71,5.54,1.67,1.42,8.92,546.12
44299.58,13.86,5.18,1.22,1.73,7.81,545.39
44299.62,12.8,5.39,1.28,2.25,6.58,544.95
44299.67,12.03,6.38,1.53,3.03,8.08,544.51
44299.71,12.04,6.83,1.92,0.18,8.5,544.17
44299.75,8.36,6.42,2.23,0.3,8.84,544.49
44299.79,8.25,6.7,2.12,0.34,7.96,544.76
44299.83,8.07,6.48,1.62,0.42,8.44,545.17
44299.88,7.82,6.33,1.99,0.32,8.2,545.64
44299.92,7.26,5.69,1.89,0.28,8.92,546.43
44299.96,4.85,3.86,1.86,0.29,10,546.87
44300,5.17,4.3,1.69,0.26,10,547.01
44300.04,5.21,4.24,1.57,0.3,10,547.13
44300.08,5.61,4.36,1.47,0.33,10,546.97
44300.12,5.95,4.43,1.39,0.43,10,546.61
44300.17,5.55,4.06,1.35,0.49,10,546.62
44300.21,5.97,4.43,1.4,0.43,10,546.35
44300.25,5.79,4.72,1.26,0.18,10,546.52
44300.29,5.17,4.21,1.15,0.03,10,546.58
44300.33,5.66,4.54,1.15,2.91,10,546.87
44300.38,5.33,4.11,1.42,2.75,10,547.11
44300.42,8.04,5.5,1.57,2.42,10,547.03
44300.46,7.83,5.8,1.63,2.16,8.88,546.88
44300.5,8.74,6.07,1.61,2.02,7.33,546.43
44300.54,10.96,6.27,1.49,1.96,7.97,545.88
44300.58,10.37,5.13,1.43,1.93,6.77,545.05
44300.62,10.73,5.44,1.25,2.24,7.49,544.49
44300.67,11.09,6.15,1.53,2.26,7.94,543.7
44300.71,11.67,7.23,1.58,2.38,7.82,543.52
44300.75,7.89,5.15,1.47,2.85,8.2,544.14
44300.79,7.58,5.82,1.81,0.4,8.36,544.7
44300.83,7.08,6.18,1.59,0.4,8.32,545.28
44300.88,6.41,5.95,1.47,0.44,8.96,545.74
44300.92,5.98,5.37,0.8,0.42,10,545.83
44300.96,4.13,4.13,0.58,1.95,10,546.01
44301,4.17,3.98,1,1.79,10,545.85
44301.04,4.64,4.42,1.17,1.5,9.88,545.68
44301.08,4.95,4.54,1.09,1.22,9.72,545.37
44301.12,5.27,4.62,1.19,1.04,9.8,544.94
44301.17,5.08,4.9,1.3,0.92,9.8,544.36
44301.21,5.05,5.05,1.11,0.83,6.81,544.49
44301.25,4.49,4.48,0.35,0.29,10,544.26
44301.29,4.24,4.1,0.27,0.92,10,544.85
44301.33,4.04,3.88,0.46,1.78,10,544.97
44301.38,5.76,4.5,0.85,2.4,4.05,545.41
44301.42,9.12,5.7,0.9,2.33,5.88,545.92
44301.46,10.05,5.86,1.21,1.99,5.7,546.07
44301.5,10.35,5.73,1.35,1.97,6.04,545.83
44301.54,11.4,6.34,1.31,2.28,6.56,545.46
44301.58,11.37,6.31,1.34,2.73,8.81,544.85
44301.62,11.36,6.24,1.78,3.09,9.12,544.28
44301.67,11.19,5.95,2.41,0.15,10,544.03
44301.71,10.22,6.46,2.69,0.36,9.84,544.05
44301.75,6.67,4.78,2.48,0.36,9.84,544.73
44301.79,5.79,4.23,2.3,0.49,10,545.07
44301.83,5.06,4.26,2.24,0.45,10,545.58
44301.88,4.75,4.09,1.93,0.48,10,546.29
44301.92,4.84,3.9,1.96,0.53,10,546.82
44301.96,2.96,2.92,1.85,0.59,10,547.13
44302,2.99,2.87,1.57,0.57,10,547.35
44302.04,2.39,2.36,1.48,0.69,10,547.22
44302.08,2.52,2.02,1.24,0.93,10,547.06
44302.12,2.66,1.9,1.26,1.22,10,546.78
44302.17,2.38,1.6,1.17,1.27,10,546.67
44302.21,2.36,1.39,1.06,1.28,10,546.65
44302.25,3.21,2.25,0.64,1.51,10,546.46
44302.29,3.62,2.38,0.5,1.56,10,546.6
44302.33,3.9,2.18,1.28,1.06,10,547.01
44302.38,4.35,2.57,1.52,0.93,10,547.27
44302.42,8.49,4.39,0.98,0.62,10,547.37
44302.46,9.19,4.84,0.29,0.69,10,547.58
44302.5,9.32,4.86,0.39,2.59,10,547.4
44302.54,12.67,5.43,0.91,2.98,10,547.49
44302.58,12.21,5.34,1.11,2.93,10,547.03
44302.62,11.27,5.29,1.07,2.84,10,546.76
44302.67,11.67,6.12,1.13,2.84,10,546.32
44302.71,11.42,6.36,1.61,0.18,10,546.29
44302.75,8.88,6.02,1.9,0.12,10,546.83
44302.79,7.8,5.89,1.85,0.25,10,546.68
44302.83,7.67,6.17,1.58,0.31,10,547.43
44302.88,7.79,6.28,1.59,0.41,10,547.89
44302.92,7.65,6.34,1.51,0.45,10,548.63
44302.96,6.15,5.53,1.53,0.41,10,548.91
44303,6.05,5.54,1.45,0.29,10,548.94
44303.04,6.01,5.52,1.51,0.26,10,548.96
44303.08,5.94,5.32,1.45,0.18,10,548.7
44303.12,5.76,4.79,1.25,0.07,10,548.52
44303.17,4.69,4.03,1.03,3.08,10,548.19
44303.21,4.73,3.65,0.83,3.09,10,548.07
44303.25,4.27,3.62,0.97,2.62,10,548.24
44303.29,4.56,3.67,1.2,2.5,10,548.2
44303.33,4.79,3.81,1.28,2.64,10,548.75
44303.38,4.91,3.88,1.28,2.65,10,548.91
44303.42,6.62,5.28,1.34,2.64,10,549.16
44303.46,6.85,5.61,1.42,2.62,10,549.05
44303.5,6.9,5.53,1.49,2.52,10,548.95
44303.54,8.58,6.11,1.58,2.51,10,548.2
44303.58,8.41,6.38,1.64,2.62,10,547.69
44303.62,8.08,6.68,1.82,2.64,10,546.99
44303.67,8.23,7.22,1.96,2.76,10,546.49
44303.71,7.75,6.75,1.97,3.03,10,545.9
44303.75,6.15,5.65,1.76,2.95,10,546.25
44303.79,6.22,5.77,1.56,3.09,10,546.26
44303.83,6.21,5.51,1.45,0.26,10,546.71
44303.88,6.14,5.3,1.33,0.35,10,546.9
44303.92,6.14,5.01,1.2,0.38,10,547.22
44303.96,5.14,4.78,1.02,0.25,10,547.15
44304,5.47,4.89,0.92,3.08,10,547.13
44304.04,5.67,4.9,0.95,2.83,10,546.94
44304.08,5.74,5.11,0.91,2.75,10,546.59
44304.12,6.06,5.39,0.84,2.56,10,546.43
44304.17,5.85,5.44,0.82,2.48,10,546.06
44304.21,6.17,5.58,0.74,2.55,10,545.93
44304.25,5.46,4.52,0.52,2.67,10,546.37
44304.29,5.46,4.85,1.02,3.08,10,546.1
44304.33,5.58,5.06,1.14,0.24,10,546.49
44304.38,5.22,4.95,1.21,0.25,10,546.63
44304.42,6.63,5.87,1.19,0.21,10,546.74
44304.46,5.92,5.75,1.15,3.08,10,546.72
44304.5,6.52,6.27,1.35,2.73,10,546.49
44304.54,8.98,7.55,1.39,2.71,10,545.93
44304.58,9.56,7.46,1.53,2.97,7.68,545.48
44304.62,9.53,7.56,1.72,3.05,8.32,544.95
44304.67,8.84,7.23,2.06,0.24,9.24,544.67
44304.71,8.73,7.13,1.95,0.16,10,544.39
44304.75,6.46,5.44,2,0.18,10,544.87
44304.79,6.31,5.25,1.59,0.23,9.92,544.65
44304.83,6.16,5.26,1.34,0.18,8.96,545.08
44304.88,6.3,5.42,1.28,0.07,8.4,545.2
44304.92,5.89,5.13,1.19,0.14,8.12,545.64
44304.96,4.42,4.18,1.13,0.15,10,545.53
44305,4.51,4.16,0.98,0.08,9.96,545.44
44305.04,4.39,4.14,1.05,2.98,10,544.99
44305.08,4.65,4.01,1,2.56,10,544.6
44305.12,4.69,4.08,0.93,2.23,10,544.21
44305.17,4.38,3.95,0.86,2.04,10,543.86
44305.21,4.73,4.04,0.84,1.75,10,543.59
44305.25,4.91,4.34,0.92,1.47,10,543.72
44305.29,5.07,4.44,1.04,1.76,10,543.67
44305.33,5.07,4.5,1.19,1.63,10,543.84
44305.38,5.52,4.98,1.36,1.49,10,544.1
44305.42,8.64,6.44,1.52,1.45,10,544.01
44305.46,9.33,7.04,1.84,1.54,8.68,543.84
44305.5,10.12,6.69,1.86,1.5,10,543.4
44305.54,11.77,6.49,1.72,1.52,9.95,542.74
44305.58,12.26,7.11,1.61,1.66,9.22,542.29
44305.62,12.18,6.99,1.58,1.76,8.19,541.75
44305.67,13.48,7.53,1.26,1.98,7.66,541.42
44305.71,13.5,7.48,1.2,2.52,8.85,541.2
44305.75,10.22,5.34,1.52,3.07,8.16,541.19
44305.79,9.1,6.06,1.76,0.34,7.08,541.59
44305.83,8.27,5.77,2.09,0.35,7.68,542.18
44305.88,7.82,5.91,1.51,0.23,8.16,542.58
44305.92,7.55,5.8,1.63,0.2,8.16,542.91
44305.96,5.18,4.7,1.53,0.27,8.92,543.09
44306,5.21,4.59,1.39,0.24,8.04,543.29
44306.04,5.06,4.22,1.29,0.04,9.92,543.15
44306.08,5.31,4.18,1.24,3.12,9.92,542.86
44306.12,5.2,4.07,1.18,3.13,9.92,542.58
44306.17,4.69,4.04,1.01,3.07,10,542.5
44306.21,4.72,4.07,0.84,2.68,9.84,542.48
44306.25,4.86,4.13,0.7,1.81,10,542.38
44306.29,5.22,4.27,0.94,1.4,9.96,542.75
44306.33,5.11,4.23,0.86,1.08,9.4,543.34
44306.38,5.88,4.18,0.76,1.24,6.09,543.49
44306.42,10.58,6.01,0.96,1.28,6.43,543.84
44306.46,11.14,6.18,1.3,1.24,7.09,544.09
44306.5,11.41,6.06,1.28,1.27,7.77,543.78
44306.54,14.53,6.54,0.82,2.18,1.96,543.5
44306.58,14.8,7.22,1.07,1.87,3.24,542.96
44306.62,14.38,7.08,1.43,1.92,6.3,542.85
44306.67,14.55,7.19,1.49,2.36,5.6,542.4
44306.71,14.31,7.04,1.39,2.86,6.87,542.49
44306.75,10.4,5.04,1.85,0.05,8.32,542.73
44306.79,9.57,6.36,1.78,0.09,7.96,543.19
44306.83,8.83,6.61,1.84,0.29,7.52,543.5
44306.88,9,6.8,1.42,0.16,8.24,544.06
44306.92,8.8,7.09,1.34,0.12,8.08,544.63
44306.96,6.47,5.77,1.46,0.21,8.16,544.77
44307,6.64,6.09,1.42,0.22,7.8,544.88
44307.04,6.27,6.05,1.21,0.03,9.76,544.82
44307.08,6.21,5.96,0.97,3.09,10,544.59
44307.12,6.46,6.03,0.45,2.75,10,544.02
44307.17,5.58,5.08,0.18,2.06,8.72,543.87
44307.21,5.46,5.17,0.19,1.28,6.56,544.01
44307.25,5.74,5.46,0.68,2.12,6.72,544.29
44307.29,5.33,5.04,0.95,1.33,7.76,544.36
44307.33,6.18,5.05,1.57,0.8,5.19,544.87
44307.38,6.96,4.7,1.36,0.56,1.7,545.34
44307.42,13.51,6.95,1.11,0.47,0.11,545.73
44307.46,13.74,6.93,1.13,0.78,0.07,545.95
44307.5,14.11,6.72,1.2,1.12,0.13,545.58
44307.54,18.46,7.06,1.16,1.3,1.33,545.22
44307.58,19.02,6.79,1.22,1.46,4.58,544.76
44307.62,19.06,6.16,1.17,1.82,6.68,544.4
44307.67,18.89,6.61,1.18,2.15,7.86,544.15
44307.71,18.72,6.6,1.21,2.54,8.16,544.27
44307.75,14.25,6.39,1.81,2.92,5.07,544.44
44307.79,13.75,9.56,2.02,3.09,4.91,544.6
44307.83,14.02,6.47,1.82,0.23,6.41,545.08
44307.88,13.24,8.35,1.66,0.03,7.76,545.43
44307.92,12.42,9.07,1.42,3.12,7.6,545.93
44307.96,9.12,7.98,1.28,3.03,7.56,546.05
44308,9.29,8.42,1.01,2.96,8.28,546.06
44308.04,9.07,8.39,0.78,2.64,7.16,545.85
44308.08,9.09,8.41,0.5,2.37,7.56,545.39
44308.12,9.3,8.5,0.53,1.61,7.88,545.05
44308.17,8.99,8.5,0.51,1.37,9.88,544.63
44308.21,8.63,7.96,0.34,1.12,10,544.64
44308.25,8.48,7.18,0.52,0.82,10,544.7
44308.29,8.06,7.01,0.72,0.9,10,544.84
44308.33,8.56,7.09,0.82,1.07,2.48,545.04
44308.38,8.94,6.59,1.12,1.37,0.93,545.26
44308.42,14.92,8.21,1.48,1.44,0.14,545.03
44308.46,15.4,8.45,1.81,1.44,0,544.86
44308.5,15.97,7.94,2.46,1.13,4.29,544.39
44308.54,19.93,7.82,2.85,0.99,2.29,544.06
44308.58,19.89,7.99,1.9,1.37,2.13,543.3
44308.62,19.81,8.26,1.69,1.48,4.17,543.08
44308.67,20.12,8.21,1.61,1.75,2.55,542.39
44308.71,19.84,8.27,1.47,1.93,4.74,542.26
44308.75,16.92,7.45,1.4,2.53,8.21,542.06
44308.79,16.37,9.34,1.76,2.66,7.56,542.06
44308.83,15.81,7.77,1.67,2.6,8.03,542.41
44308.88,16.75,6.03,1.33,2.84,6.78,542.71
44308.92,15.51,6.36,1.05,2.95,7.76,542.98
44308.96,12.59,7.14,1.26,2.83,7.72,543.26
44309,11.72,7.79,1.42,2.84,7.68,543.06
44309.04,11.09,8.02,1.37,2.86,7.56,542.93
44309.08,11.03,8.33,1.05,2.77,7.72,542.49
44309.12,11.19,8.69,0.62,2.34,9.08,542.22
44309.17,10.2,8.51,0.43,2.14,9.56,542.07
44309.21,9.93,8.75,0.47,1.99,9.76,541.87
44309.25,9.41,7.7,0.78,2.55,9.64,542.12
44309.29,9.02,7.51,1.18,1.88,9.16,542.43
44309.33,10.12,7.67,1.45,1.34,7,542.47
44309.38,11.37,7.46,1.64,1.13,6.34,542.52
44309.42,16.87,7.6,1.75,1.11,5.98,542.54
44309.46,17.33,8.07,1.87,1.18,3.43,542.36
44309.5,17.72,8,1.87,1.28,0.14,542.25
44309.54,21.75,7.82,2.17,1.3,0,541.76
44309.58,21.82,8.14,2.18,1.38,0.08,541.1
44309.62,21.37,8.03,1.96,1.42,0.48,540.79
44309.67,21.54,8.05,1.72,1.39,2.91,540.48
44309.71,20.95,7.6,1.58,1.76,2.64,540.3
44309.75,17.68,7.41,1.41,2.2,5.64,540.24
44309.79,16.66,9.37,1.81,2.87,6.12,541.01
44309.83,17.94,4.69,2.14,0.18,5.98,541.08
44309.88,16.4,6.31,2.14,0.42,7.24,541.98
44309.92,14.01,9.11,2.1,0.58,7.72,542.74
44309.96,10.46,8.56,1.6,0.76,9,543.11
44310,10.87,9.52,1.7,0.82,9.4,543.42
44310.04,10.48,9.53,1.6,0.81,10,543.37
44310.08,10.36,9.68,1.3,0.76,10,543.4
44310.12,10.68,9.55,0.96,0.72,9.96,543.4
44310.17,10.21,8.79,0.76,0.64,9.56,543.67
44310.21,10.35,8.98,0.75,0.55,8.16,543.74
44310.25,9.12,8.5,0.94,3.13,9.8,544.21
44310.29,9.39,8.61,0.71,2.96,9.24,544.64
44310.33,9.86,8.4,0.79,2.14,9.32,545.22
44310.38,10.25,8.43,1.23,2.01,8,545.5
44310.42,13.95,9.98,1.37,2.18,8.04,545.94
44310.46,14.53,10.27,1.42,2.34,6.95,546.32
44310.5,14.43,9.95,1.33,2.36,6.51,546.01
44310.54,17.86,10.89,1.49,2.42,4.49,545.75
44310.58,17.13,10.07,1.69,2.51,3.4,545.2
44310.62,16.58,8.96,1.5,2.47,5.77,545.05
44310.67,17.27,8,1.55,2.54,7.51,544.52
44310.71,16.51,7.04,2.17,2.9,8.12,544.37
44310.75,11.59,6.54,2.74,0.16,6.96,544.79
44310.79,10.74,7.98,2.37,0.26,8.12,544.98
44310.83,10.82,8.63,2.15,0.3,8.28,545.83
44310.88,11.08,9.06,2.04,0.35,7.96,546.51
44310.92,10.2,8.89,1.84,0.26,7.92,546.78
44310.96,8.8,8.25,1.73,0.32,9.96,547.15
44311,8.11,7.63,1.6,0.35,9.6,547.32
44311.04,8,7.1,1.53,0.42,10,547.27
44311.08,7.79,6.79,1.62,0.45,10,547
44311.12,7.98,6.6,1.59,0.42,9.6,546.67
44311.17,7.31,5.83,1.45,0.36,9.68,546.43
44311.21,7.58,5.59,1.28,0.25,10,546.4
44311.25,7.07,5.58,1.25,3.12,10,546.41
44311.29,7.07,5.67,1.38,2.63,10,546.72
44311.33,7.38,5.94,1.49,2.55,10,546.96
44311.38,8.33,7.08,1.46,2.53,9.16,547.08
44311.42,9.72,7.96,1.44,2.26,9.28,547.34
44311.46,10.97,8.95,1.51,2.09,9.44,547.29
44311.5,11.52,8.03,1.4,2.1,8.76,546.89
44311.54,14.61,8.25,1.39,2.08,8.84,546.49
44311.58,15.49,7.63,1.25,2.31,7.04,545.78
44311.62,15.23,6.93,0.82,2.32,8.84,545.31
44311.67,15.57,7.08,1.6,3.05,6.8,544.88
44311.71,14.39,6.18,2.36,0.26,6.76,544.81
44311.75,10.17,5.38,2.91,0.44,6.8,545.45
44311.79,8.22,5.45,2.53,0.39,8.52,546.12
44311.83,7.42,5.53,2.49,0.34,7.84,547.03
44311.88,7.16,5.61,2.4,0.45,8.44,547.88
44311.92,6.85,5.56,2.4,0.51,9.64,548.6
44311.96,4.9,3.9,2.26,0.5,10,549.06
44312,4.99,3.75,2.1,0.62,10,549.16
44312.04,4.85,3.5,1.93,0.68,10,548.9
44312.08,4.76,3.31,1.72,0.75,10,548.87
44312.12,5.22,3.65,1.59,0.86,10,548.54
44312.17,5.28,3.62,1.6,1.09,10,548.21
44312.21,5.84,3.85,1.36,1.3,10,548.12
44312.25,6.57,4.36,0.84,1.72,9.26,548.11
44312.29,6.25,3.96,0.61,2.22,7.52,547.88
44312.33,6.89,3.56,0.49,2.52,6.4,548.17
44312.38,7.59,2.33,0.26,2.69,5.47,547.78
44312.42,11.97,3.14,0.58,2.66,5.35,547.9
44312.46,12.2,3.67,1.19,2.29,5.41,547.63
44312.5,12.02,3.95,1.58,2,8.92,547.1
44312.54,14.31,4.21,1.7,2,5.95,546.56
44312.58,14.79,5.33,1.29,2.04,5.83,546.07
44312.62,13.78,5.19,1.16,2.18,5.29,545.49
44312.67,13.28,5.43,1.26,2.63,6.8,545.08
44312.71,12.65,5.41,1.5,3.04,8.68,544.83
44312.75,10.15,5.44,2.34,0.28,9.72,544.85
44312.79,9.21,5.63,2.22,0.39,8.08,545.41
44312.83,9.43,5.89,2.07,0.48,7.76,545.59
44312.88,9.4,6.42,2.03,0.37,8.8,546.63
44312.92,8.64,6.41,2.13,0.45,10,547.26
44312.96,7.63,5.81,2.04,0.5,9.8,548
44313,7.71,6.29,2.12,0.52,10,548.15
44313.04,6.92,5.22,2.05,0.55,10,548.23
44313.08,7.02,4.98,1.94,0.52,10,548.34
44313.12,6.89,4.58,1.83,0.48,10,548.14
44313.17,5.71,3.81,1.58,0.39,10,548.08
44313.21,5.34,3.77,1.29,0.19,10,548.19
44313.25,4.5,2.63,1.09,3.06,10,548.01
44313.29,4.38,2.46,0.91,2.92,9.73,548.08
44313.33,4.98,3.05,0.99,2.5,9.62,548.48
44313.38,5.52,2.48,0.95,2.13,6.91,548.49
44313.42,10.06,4.2,0.98,1.88,9.11,548.61
44313.46,10.84,4.99,1.08,2.14,9.93,548.64
44313.5,10.77,4.73,1.28,2.11,9.88,548.34
44313.54,12.96,5.27,1.57,2.05,9.96,547.98
44313.58,12.57,5.25,1.62,2.11,10,547.2
44313.62,12.23,5.11,1.44,2.23,9.92,546.73
44313.67,12.67,5.79,1.34,2.49,9.64,546.43
44313.71,12.4,6.13,1.78,3.05,9.64,546.03
44313.75,10.17,5.96,1.87,0.18,7.61,545.77
44313.79,9.63,6.1,1.88,0.29,7.88,546.18
44313.83,9.72,6.64,1.69,0.37,9.11,546.96
44313.88,9.7,6.84,1.54,0.44,9.24,547.45
44313.92,9.05,7.08,1.61,0.38,8.68,548.33
44313.96,7.28,6.73,1.6,0.34,8.4,548.95
44314,7.21,6.84,1.22,0.33,9.36,549.2
44314.04,6.74,6.74,1.36,0.33,10,549.17
44314.08,7.34,7.14,1.42,0.3,10,549.29
44314.12,7.88,7.42,1.39,0.24,10,549.07
44314.17,7.47,6.78,1.31,0.31,10,549
44314.21,7.49,6.9,1.28,0.33,10,548.94
44314.25,5.73,5.38,1.32,0.22,10,549.04
44314.29,5.72,5.41,1.4,0.31,10,549.19
44314.33,5.99,5.6,1.38,0.33,10,550.02
44314.38,5.99,5.96,1.44,0.3,10,550.27
44314.42,7.97,6.95,1.49,0.37,10,550.79
44314.46,7.38,6.99,1.45,0.41,10,550.91
44314.5,8.05,7.8,1.49,0.48,9.96,550.95
44314.54,7.46,6.68,1.42,0.58,10,550.65
44314.58,6.64,6.07,1.34,0.36,10,550.37
44314.62,6.01,5.43,1.27,0.13,10,549.91
44314.67,5.94,5.05,1.26,2.89,9.99,549.65
44314.71,6.26,4.93,1.38,2.63,10,549.37
44314.75,4.59,3.99,0.94,2.08,10,549.75
44314.79,5.16,3.73,1.05,2.53,10,549.69
44314.83,5.76,3.93,1.16,2.47,10,550.03
44314.88,5.99,3.95,1.35,1.62,10,550.27
44314.92,5.53,3.77,1.14,1.12,9.75,550.64
44314.96,4.05,3.24,1.15,0.82,10,550.75
44315,4.47,3.17,1.27,0.69,10,550.67
44315.04,4.06,2.79,1.41,0.64,9.84,550.65
44315.08,4.07,2.85,1.48,0.58,9.99,550.43
44315.12,3.6,2.71,1.61,0.53,9.85,550.04
44315.17,3.03,2.33,1.56,0.47,8.8,549.67
44315.21,3.2,2.25,1.5,0.45,8.58,549.45
44315.25,3.99,3.18,1.71,0.4,9.46,549.31
44315.29,3.65,2.93,2.14,0.37,7.9,549.34
44315.33,4.12,3.71,2.23,0.38,6.11,549.59
44315.38,5.98,5.14,1.94,0.39,5.44,549.64
44315.42,11.46,5.74,1.9,0.41,3.6,549.87
44315.46,12.54,4.66,1.67,0.5,0.2,549.91
44315.5,12.76,2.94,1.32,0.63,1.02,549.8
44315.54,16.41,0.85,0.86,0.72,3.16,549.33
44315.58,15.46,1.08,0.65,0.86,4.88,548.85
44315.62,15.01,1,0.56,0.82,4.28,548.33
44315.67,16.87,0.06,0.77,1.23,4.07,547.78
44315.71,16.95,0.55,0.76,1.94,4.47,547.34
44315.75,13.63,0.36,1.49,2.27,2.47,546.91
44315.79,13.48,4.34,1.28,2.26,0.25,547
44315.83,14.47,-0.92,1.52,1.75,2.1,547.15
44315.88,13.4,-0.39,1.66,1.03,0.6,547.45
44315.92,11.91,-0.23,1.94,0.84,0.33,547.83
44315.96,8.66,-0.16,1.78,0.67,0.7,548.13
44316,8.49,-0.58,1.83,0.66,0,548.03
44316.04,7.9,-1.12,1.96,0.63,3.28,547.9
44316.08,7.74,-1.39,2.19,0.56,8.12,547.67
44316.12,7.71,-1.71,2.23,0.5,6.93,547.41
44316.17,6.55,-1.35,1.97,0.49,7.32,547.06
44316.21,6.45,-1.61,1.89,0.44,7.02,546.74
44316.25,7.4,-1.38,1.72,0.43,2.52,546.58
44316.29,7.73,-1.35,1.66,0.4,2.2,547
44316.33,8.62,2.3,1.91,0.38,0.93,547.35
44316.38,10.89,2.76,1.73,0.45,1.12,547.42
44316.42,16.96,2.69,1.75,0.53,2.59,547.76
44316.46,16.92,3.88,1.45,0.62,3.93,547.69
44316.5,16.84,4.41,0.81,0.74,4.37,547.45
44316.54,20.44,3.85,0.14,2.6,6.13,547.35
44316.58,19,4.58,0.75,0.64,6.64,547.22
44316.62,18.61,5.68,1.21,0.48,6.52,546.67
44316.67,17.5,5.59,1.48,3.1,7.96,546.55
44316.71,17.87,7.03,1.65,0.05,7.22,546.61
44316.75,12.75,6.44,1.6,0.35,8.36,546.62
44316.79,12.57,6.96,0.96,0.69,9.23,547.31
44316.83,12.09,8.63,0.73,2.14,8.86,547.58
44316.88,12.95,9.37,0.33,2.32,9.49,547.64
44316.92,12.93,9.67,0.28,1.33,9.43,548.22
44316.96,10.14,8.71,0.08,2.4,9.8,548.33
44317,9.97,8.67,0.37,1.56,9.79,548.49
44317.04,9.37,8.54,0.69,1.25,9.57,548.52
44317.08,9.99,8.77,0.95,1,9.95,548.14
44317.12,10.26,8.91,1.12,0.78,9.81,547.88
44317.17,9.21,8.23,1.12,0.69,9.89,547.5
44317.21,9.38,8.23,1.06,0.78,9.94,547.47
44317.25,9.02,6.09,0.8,1.14,9.72,547.28
44317.29,9.22,5.8,0.76,1.13,9.22,547.74
44317.33,9.62,7.01,1.19,0.74,9.03,548.07
44317.38,10.99,4.61,1.24,0.89,9.78,548.41
44317.42,16.84,3.59,1.37,1.14,9.52,548.41
44317.46,17.03,4.08,1.61,1.29,8.99,548.36
44317.5,17,4.83,1.96,1.34,9.48,548.16
44317.54,19.9,5.63,2.31,1.4,9.53,547.76
44317.58,19.42,6.41,2.43,1.59,9.59,547.14
44317.62,17.61,7.38,2.11,1.68,9.66,546.66
44317.67,16.28,7.69,1.7,2.09,9.81,546.14
44317.71,14.98,8.78,2.02,1.8,9.65,546.11
44317.75,12.57,7.81,0.95,1.5,9.99,546.25
44317.79,13.25,7.59,1.04,1.58,9.82,546.21
44317.83,13.71,8.87,1.52,1.28,9.04,546.33
44317.88,14.09,8.48,1.91,0.88,8.84,546.49
44317.92,13.34,8.5,1.7,0.76,9.03,546.77
44317.96,11.02,7.55,1.77,0.75,9.02,546.99
44318,11.39,7.15,1.91,0.76,9.09,547
44318.04,11.32,6.96,1.88,0.79,9.44,546.71
44318.08,11.18,6.68,1.88,0.71,8.17,546.09
44318.12,10.64,6.36,2.29,0.61,3.36,545.69
44318.17,10.09,6.32,1.77,0.57,4.33,545.42
44318.21,10.27,6.16,1.47,0.64,3.78,545.49
44318.25,10.83,6.46,1.83,0.79,4.07,545.69
44318.29,10.62,6.66,1.61,0.59,5.98,545.99
44318.33,11.5,7.84,1.56,0.7,5.88,546.03
44318.38,12.16,7.24,2.01,0.76,6.57,546.15
44318.42,17.56,7.59,2.4,0.62,9,546.07
44318.46,17.48,7.28,1.89,0.74,8.71,546.07
44318.5,16.73,7.19,1.43,1.01,4.53,545.88
44318.54,19.71,7.06,1.43,1.15,5,545.65
44318.58,19.51,6.54,1.82,1.29,4.84,544.8
44318.62,19.29,6.3,2.2,1.08,6,544.31
44318.67,18.77,6.06,1.73,1.23,9.08,543.57
44318.71,18.33,7.59,0.68,1.72,9.76,543.33
44318.75,14.27,7.71,0.85,2.71,8.5,543.84
44318.79,14.36,8.49,0.83,2.67,8.47,543.62
44318.83,15.07,10.27,0.73,0.82,8.78,544.08
44318.88,15.15,10.1,0.48,1,5.57,544.44
44318.92,13.74,9.14,0.2,1.61,2.9,544.58
44318.96,12.4,8.19,0.3,1.47,2.25,544.58
44319,12.59,8.25,0.34,1.41,2.34,544.48
44319.04,11.84,8.39,0.43,2.39,4.29,544.37
44319.08,11.68,8.55,0.35,2.13,5.65,543.92
44319.12,11.56,8.63,0.52,2.32,4.54,543.93
44319.17,10.26,8.51,0.43,2.55,5.72,543.53
44319.21,9.89,8.23,0.91,1.66,7.95,543.88
44319.25,10.37,7.83,0.7,1.53,7.45,544.02
44319.29,10.35,7.83,0.71,1.7,6.9,544.08
44319.33,10.99,8.11,0.83,1.82,7.56,544.49
44319.38,10.86,7.81,0.97,1.78,4.07,544.81
44319.42,13.41,8.98,1.09,1.68,3.45,544.94
44319.46,12.85,9.98,1.07,1.21,7.15,545.33
44319.5,12.56,10.43,1.07,0.8,6.59,545.08
44319.54,14.67,12.16,1.26,0.68,7.98,545
44319.58,15.01,12.49,1.46,0.64,7.65,544.66
44319.62,15.06,12.38,1.19,0.62,9.18,544.3
44319.67,16.2,12.44,1.03,0.57,7.96,544.08
44319.71,14.63,11.78,1.26,0.25,9.25,543.44
44319.75,12.16,10.44,1.43,3.12,9.64,544.63
44319.79,11.01,9.46,0.88,2.68,9.85,544.34
44319.83,12.18,10.11,0.18,1.07,9.65,544.9
44319.88,12.29,10.25,0.37,2.26,7.91,545.11
44319.92,12.13,10.29,0.48,1.65,8.77,545.91
44319.96,9.56,9.02,1.03,0.54,9.05,546.03
44320,10.04,9.33,1.13,0.23,8.44,546.18
44320.04,10.45,9.22,1.04,0.4,9.84,546.3
44320.08,10.74,9.61,1.07,0.48,10,546.3
44320.12,10.96,9.52,1.24,0.56,10,546.23
44320.17,10.08,9.41,1.67,0.52,10,546.39
44320.21,10.12,9.35,1.81,0.44,10,546.48
44320.25,8.92,8.24,1.92,0.43,10,547.13
44320.29,8.64,8.14,1.68,0.32,10,547.41
44320.33,8.29,8.08,1.74,0.42,10,547.86
44320.38,8.13,7.91,1.49,0.39,10,548.07
44320.42,8.93,8.16,1.52,0.32,9.94,548.41
44320.46,8.88,8.11,1.59,0.34,9.81,548.33
44320.5,9.06,8.24,1.78,0.41,10,548.37
44320.54,8.88,7.67,1.9,0.44,10,548.06
44320.58,8.91,7.37,1.95,0.44,10,547.62
44320.62,8.31,6.84,1.82,0.49,10,547.23
44320.67,7.4,6.71,1.77,0.42,10,546.66
44320.71,7.43,6.85,1.72,0.32,9.8,546.52
44320.75,7.45,7.23,1.79,0.13,10,546.03
44320.79,7.52,7.03,1.58,3.1,10,546.6
44320.83,7.5,6.93,1.25,2.98,10,546.78
44320.88,7.59,6.98,1.16,3.01,10,547.01
44320.92,7.88,6.94,1.24,0.11,10,547.85
44320.96,6.73,6.21,1.22,0.22,10,547.91
44321,6.71,6.4,1.16,0.11,10,548.24
44321.04,6.49,6.25,1.12,0.26,10,547.96
44321.08,6.5,6.26,1.09,0.37,10,547.78
44321.12,6.69,6.39,0.99,0.23,10,547.6
44321.17,6.15,5.97,0.97,0.3,10,547.38
44321.21,6.17,5.9,1.14,0.18,10,547.45
44321.25,5.84,5.27,1.02,3.04,10,547.63
44321.29,5.81,5.11,0.87,0.04,10,547.81
44321.33,5.88,5.24,0.91,0.22,10,547.81
44321.38,5.74,5.26,0.94,0.12,10,547.79
44321.42,8.48,6.89,0.93,2.64,10,547.97
44321.46,8.37,7.36,1.12,2.36,10,547.93
44321.5,8.79,7.74,1.16,2.15,10,547.75
44321.54,9.89,8.21,1.27,2.15,10,547.37
44321.58,9.5,7.96,1.26,2.1,10,546.68
44321.62,9.82,8.45,1.26,2.12,10,546.15
44321.67,9.86,8.42,1.18,2.14,9.96,545.62
44321.71,10.51,8.88,0.99,2.87,10,544.85
44321.75,8.63,7.95,1.24,0.03,10,545.02
44321.79,8.3,7.79,1.26,0.02,9.88,545.24
44321.83,8.49,7.87,1.4,0.14,10,545.68
44321.88,8.49,7.88,1.48,0.3,9.76,546
44321.92,8.25,7.83,1.49,0.36,10,546.43
44321.96,6.47,6.45,1.36,0.42,10,546.98
44322,6.49,6.49,1.23,0.47,10,547.25
44322.04,6.24,6.24,0.98,0.27,10,547.29
44322.08,6.38,6.18,0.8,0.52,10,547.01
44322.12,6.44,6.03,0.52,0.7,10,546.49
44322.17,5.69,5.51,0.66,1.1,10,546.34
44322.21,5.88,5.54,0.72,1.14,10,546.1
44322.25,5.92,5.37,1.03,1.29,10,546.71
44322.29,5.94,5.4,1.27,1.38,10,546.92
44322.33,5.73,5.37,1.22,1.64,10,547.18
44322.38,6.31,5.43,1.15,1.88,10,547.26
44322.42,10.63,8,0.94,1.77,10,547.63
44322.46,10.66,7.94,0.53,1.28,10,547.76
44322.5,10.82,7.73,0.61,0.55,8.88,547.63
44322.54,12.23,8.2,0.99,0.62,9.04,547.4
44322.58,11.54,8.05,1.19,0.44,8.64,547.02
44322.62,10.86,7.92,1.4,0.31,9.52,546.61
44322.67,10.89,8.04,1.4,0.42,9.83,546.3
44322.71,10.7,8.04,1.62,0.57,9.48,545.8
44322.75,9.94,7.57,1.65,0.42,10,546.12
44322.79,9.85,7.82,1.25,0.12,10,546.25
44322.83,10.54,8.11,1.31,0.34,9.8,547.06
44322.88,10.54,8.53,1.27,0.34,9.16,547.44
44322.92,10.41,8.69,1,0.41,8.88,547.94
44322.96,8.06,7.7,0.81,0.51,9.2,548.18
44323,8.46,7.75,0.92,0.42,10,548.28
44323.04,8.31,7.53,0.77,0.49,10,548.25
44323.08,8.47,7.44,0.83,0.69,10,547.92
44323.12,8.64,7.53,0.92,0.77,10,547.67
44323.17,8.52,7.46,1.15,0.7,10,547.58
44323.21,8.67,7.35,1.08,0.65,10,547.4
44323.25,8.52,7.27,1.38,0.92,10,548.2
44323.29,8.29,7.28,1.48,0.87,10,548.46
44323.33,8.07,6.88,1.54,0.8,10,548.57
44323.38,6.9,6.46,1.59,0.88,10,548.9
44323.42,8.82,7.17,1.66,1.1,10,549.22
44323.46,8.04,7.12,1.6,1.29,10,549.21
44323.5,7.83,6.87,1.66,1.4,10,549.03
44323.54,9.24,6.82,1.63,1.45,10,548.72
44323.58,9.23,6.51,1.19,1.38,10,548.02
44323.62,9.35,6.66,0.72,1.59,10,547.56
44323.67,9.7,6.49,0.58,1.81,10,547.06
44323.71,9.61,6.36,0.83,1.46,10,546.43
44323.75,8.9,6.65,0.79,1.4,9.97,546.82
44323.79,9.16,6.66,0.44,2.04,8.62,546.73
44323.83,9.87,7.81,0.82,0.58,7.95,546.98
44323.88,9.68,7.47,1.16,0.26,8.5,547.18
44323.92,9.1,7.38,1.08,0.2,7.73,547.49
44323.96,6.92,6.39,0.67,0.29,3.31,547.78
44324,7.05,6.64,0.41,3.14,1.17,547.72
44324.04,6.91,6.56,0.34,0.2,3.57,547.67
44324.08,6.91,6.5,0.5,0.27,4.41,547.13
44324.12,7,6.4,0.62,0.44,3.38,547.04
44324.17,6.84,6.37,0.68,0.4,6.49,546.47
44324.21,6.63,6.09,0.64,0.25,7.1,546.6
44324.25,6.72,5.77,0.51,0.19,8.62,546.74
44324.29,7.15,5.98,0.73,0.19,10,547.04
44324.33,9.12,6.84,0.74,0.19,9.42,547.14
44324.38,9.72,6.63,0.72,0.29,6.29,547.45
44324.42,15.26,8.02,0.59,0.39,7.1,547.66
44324.46,15.32,8.94,0.18,0.46,7.42,547.67
44324.5,15.34,10.1,0.24,0.93,6.12,547.61
44324.54,17.57,10.96,0.56,0.17,6.1,547.43
44324.58,17.16,11.71,0.7,2.9,7.32,547.06
44324.62,16.21,11.9,0.93,2.74,7.95,546.64
44324.67,15.16,10.85,1.16,3.03,9.37,546.04
44324.71,14.6,11.07,1.57,2.29,9.48,545.75
44324.75,11.83,8.21,1.13,1.9,9.68,546.25
44324.79,13.1,7.88,0.8,1.81,7.01,546.11
44324.83,13.7,8.82,1.31,1.85,6.53,546.28
44324.88,13.13,9.2,1.03,1.21,5.24,546.3
44324.92,12.46,9.12,1.1,1.01,3.65,546.55
44324.96,8.56,7.85,1.42,0.83,3.8,546.49
44325,8.73,7.91,1.52,0.77,2.36,546.42
44325.04,8.49,7.85,1.49,0.77,2.14,546.25
44325.08,8.62,7.75,1.51,0.71,1.6,545.71
44325.12,8.73,7.7,1.52,0.7,1.76,545.36
44325.17,7.85,7.3,1.39,0.7,2.66,544.91
44325.21,7.89,7.15,1.29,0.71,2.89,544.9
44325.25,8.98,7.91,1.37,0.74,6.64,545.08
44325.29,9.15,7.81,0.95,0.91,5.08,545.22
44325.33,11.27,9.41,1.18,0.77,8.14,545.19
44325.38,12.21,8.79,1.34,1.01,8.37,545.48
44325.42,16.83,8.39,1.78,1.01,9.05,545.45
44325.46,16.6,7.71,1.78,1.05,5.34,545.41
44325.5,15.94,8.08,1.82,1.13,5.43,545.03
44325.54,18.13,9.44,1.66,1.48,5.53,544.65
44325.58,15.85,9.69,1.66,1.56,9.73,543.94
44325.62,15.48,10.16,1.73,1.71,9.84,543.47
44325.67,15.27,10.7,0.98,2.06,9.7,542.79
44325.71,15.28,11.44,1.05,1.84,9.9,542.66
44325.75,12.4,9.79,0.59,2.12,9.94,543.08
44325.79,12.26,9.21,0.65,1.58,9.81,542.97
44325.83,13.33,10.2,1.13,1.92,8.09,542.76
44325.88,12.97,10.42,1.1,1.76,6.41,543.02
44325.92,12.39,10.22,0.73,2.75,6.6,543.11
44325.96,10.16,8.97,0.37,2.65,8.14,543.09
44326,10.09,8.81,0.55,1.46,8.36,543.29
44326.04,9.72,8.61,0.56,1.95,7,542.97
44326.08,9.16,7.91,0.71,1.35,6.48,542.55
44326.12,9.06,7.83,0.81,1.02,9.72,542.1
44326.17,8.11,7.02,0.64,1.03,10,541.81
44326.21,8.54,7.69,0.38,0.91,10,541.7
44326.25,9.8,9.22,0.37,1.4,10,541.86
44326.29,9.95,8.7,0.56,0.46,10,542.51
44326.33,9.64,8.68,1.08,0.54,9.96,542.58
44326.38,10,9.99,1.15,0.65,10,542.91
44326.42,13.93,10.49,1.14,0.66,4.09,543.05
44326.46,13.98,8.58,1.34,0.81,8.1,543.28
44326.5,14.35,7.95,1.23,1.1,9.49,543.32
44326.54,16.64,7.16,1.61,1.19,8.87,543.08
44326.58,17.47,6.95,1.87,1.14,4.67,542.63
44326.62,17.84,7.03,1.56,1.29,4.34,542.09
44326.67,17.48,7.19,0.73,2.02,4.47,541.91
44326.71,16.45,7.4,0.77,2.67,5.11,541.86
44326.75,12.7,7.09,1.07,3.07,6.45,542.27
44326.79,13.38,7.77,1.72,0.44,7.42,542.17
44326.83,12.79,9.15,1.72,0.38,8.81,542.8
44326.88,13.23,9.83,1.47,0.35,8.6,543
44326.92,12.41,10.28,1.53,0.49,8.6,543.48
44326.96,9.62,8.77,1.47,0.44,8.2,543.81
44327,10.08,8.99,1.33,0.48,8.68,544.13
44327.04,10.15,8.99,1,0.46,9.56,544.07
44327.08,10.15,9.09,1.29,0.44,9.72,543.75
44327.12,9.81,9.05,1.23,0.38,10,543.59
44327.17,9.95,9.01,1.05,0.52,10,543.73
44327.21,10.24,9.36,1.11,0.56,10,543.54
44327.25,10.54,9.47,1.13,0.75,10,544.1
44327.29,10.42,9.28,1.2,0.5,10,544.27
44327.33,10.06,9.2,1.34,0.53,10,544.77
44327.38,10.17,9.84,1.39,0.5,10,545.1
44327.42,11.77,10.23,1.47,0.48,10,545.66
44327.46,11.05,9.84,1.42,0.32,10,545.73
44327.5,11.23,10.38,1.55,0.18,10,545.88
44327.54,13.3,11.14,1.65,0.19,9.49,545.41
44327.58,13.5,11.37,1.77,0.2,9.73,545.01
44327.62,14,11.78,1.91,0.16,8.94,544.22
44327.67,13.87,10.32,1.68,0.11,7.19,544.39
44327.71,13.54,10.11,1.9,0.07,8.44,543.76
44327.75,11.35,9.18,1.9,0.02,9.03,543.96
44327.79,11.23,9.35,1.5,3.08,9.95,543.88
44327.83,11.21,9.24,1.1,0.17,9.76,544.32
44327.88,11.43,10.02,1.16,0.18,9.57,544.54
44327.92,11.03,9.83,1.1,3.14,9.84,544.74
44327.96,8.81,8.78,0.84,2.9,9.63,545.16
44328,9.07,8.87,0.91,2.57,10,545.03
44328.04,8.68,8.48,0.37,2,10,544.99
44328.08,8.75,8.31,0.6,1.62,10,544.5
44328.12,9.18,8.52,0.27,1.7,10,544.02
44328.17,8.55,8.24,0.35,1.58,10,543.78
44328.21,8.54,8.2,0.46,1.66,10,543.58
44328.25,8.85,8.27,0.61,2.43,10,543.69
44328.29,8.72,8.25,0.74,2.35,10,543.88
44328.33,8.87,8.5,0.97,2.03,10,544.08
44328.38,8.81,8.53,1.27,1.65,10,544.21
44328.42,12.05,10.08,1.41,1.74,10,544.37
44328.46,12.11,10.02,1.45,1.62,9.97,544.24
44328.5,11.41,9.01,1.35,1.63,10,544.09
44328.54,15.48,11.72,1.54,1.65,9.95,543.81
44328.58,14.8,10.85,1.72,1.61,9.63,543.34
44328.62,15.94,11.84,1.74,1.78,9.41,543.1
44328.67,15.35,10.7,1.79,1.82,9.92,542.84
44328.71,14.76,10.11,1.87,1.62,9.91,542.32
44328.75,12.64,8.28,1.57,2.32,9.57,542.85
44328.79,13.36,8.46,1.64,2.46,10,542.46
44328.83,13.7,8.74,1.37,2.78,10,542.84
44328.88,13.55,9.3,1.45,3.12,10,542.94
44328.92,12.77,10.19,1.39,0.01,9.92,543.05
44328.96,11.17,10.22,1.32,2.97,9.96,543.57
44329,11.19,10.32,0.95,2.8,9.8,543.54
44329.04,11.29,10.51,0.95,2.59,9.68,543.38
44329.08,11.08,10.45,0.9,2.38,9.2,542.95
44329.12,11.35,10.49,1.13,2.29,9.04,542.6
44329.17,10.01,9.94,0.89,1.95,8.48,542.24
44329.21,10.23,10.18,0.94,1.43,10,542.28
44329.25,10.64,10.11,0.83,1.13,10,542.64
44329.29,10.57,9.86,1.09,0.83,10,542.73
44329.33,10.28,9.83,1.1,0.68,8.55,542.78
44329.38,10.47,9.89,0.92,0.82,3.75,543.09
44329.42,13.94,9.41,1.04,1.15,4.79,543.15
44329.46,14.4,9.09,1.28,1.36,7.17,543.12
44329.5,14.19,8.85,1.5,1.52,9.45,542.76
44329.54,16.47,9.07,1.99,1.38,7.7,542.58
44329.58,16.4,8.41,2.32,1.44,9.13,542.08
44329.62,16.32,8,2.47,1.52,9.58,541.54
44329.67,16.29,8,2.43,1.39,9.68,541.36
44329.71,16.05,8.27,2.01,1.44,6.24,540.95
44329.75,13.88,8.09,0.91,2.18,5.16,541.11
44329.79,13.64,9.65,1.19,2.56,6.44,541.1
44329.83,13.51,10.61,1.27,2.36,8.95,541.39
44329.88,14,10.63,1.49,2.25,7.19,541.75
44329.92,14.3,10.64,1.57,2.35,7.65,541.62
44329.96,12.55,9.39,1.29,2.22,7.77,542.03
44330,12.53,9.3,1.29,1.83,7.68,541.8
44330.04,11.88,9,1.39,1.37,7.72,541.49
44330.08,11.94,9.4,1.34,1.16,6.6,540.94
44330.12,11.87,9.06,1.11,1.23,6.23,540.46
44330.17,11.17,8.75,1.06,1.05,6.04,540.35
44330.21,10.88,8.37,1.07,1.06,6.04,540.14
44330.25,11.62,8.5,1.19,0.94,6.1,540.62
44330.29,11.28,9.02,1.52,0.92,0.12,540.65
44330.33,12.12,8.89,1.31,0.9,0.36,540.73
44330.38,12.74,8.19,1.69,0.87,0.85,541.02
44330.42,15.77,8.77,1.84,0.88,5.34,540.91
44330.46,16.08,8.92,2.01,0.88,6.91,540.94
44330.5,16.51,8.33,2.8,0.83,7.71,540.93
44330.54,19.4,7.68,4.19,0.68,4.61,540.64
44330.58,19.5,7.52,3.86,0.84,2.54,540.33
44330.62,19.07,7.65,3.74,0.97,2.94,539.86
44330.67,19.39,7.14,3.14,1.05,5.13,539.81
44330.71,19.57,7.27,3.66,0.93,6.83,539.55
44330.75,16.98,6.6,1.98,1.23,9.03,539.93
44330.79,16.48,8.03,1,1.67,8.15,540.09
44330.83,16.14,8.71,1.44,1.27,4.56,540.61
44330.88,16.3,8.38,1.61,1.33,2.56,540.89
44330.92,16.09,8.75,2.1,1.27,0.44,541.27
44330.96,13.71,8.36,2.11,1.2,0.45,541.64
44331,13.81,8.2,2.08,1.07,0.08,541.71
44331.04,13.07,8.33,1.93,0.88,0.28,541.45
44331.08,13.07,8.43,1.81,0.83,0.16,541.11
44331.12,12.98,8.78,1.9,0.84,0.13,540.91
44331.17,12.85,8.27,1.52,0.79,0.2,540.96
44331.21,13.04,8.07,1.48,0.78,0.24,540.92
44331.25,12.43,6.8,1.58,0.81,0.76,541.58
44331.29,13.25,7.7,1.86,0.87,0.2,541.81
44331.33,13.96,8.06,1.51,0.81,0.05,542.14
44331.38,14.34,8.53,1.48,1.15,0.32,542.39
44331.42,16.64,9.01,1.55,1.31,2.25,542.57
44331.46,16.34,9.57,1.65,1.3,4.18,542.74
44331.5,15.92,9.66,1.41,1.16,5.73,542.67
44331.54,17.51,8.96,0.95,1.32,7.29,542.73
44331.58,16.87,9.34,0.96,1.53,7.03,542.51
44331.62,15.97,9.38,1.36,1.9,7.06,542.29
44331.67,15.76,10.2,1.32,2.11,6.16,542.11
44331.71,15.44,9.51,1.32,2.16,7.63,542.11
44331.75,13.43,8.7,1.73,2.63,7.51,542.05
44331.79,13.62,9.33,1.41,2.93,7.71,542.27
44331.83,11.63,9.44,2.01,0.33,7.68,542.7
44331.88,11.17,9.23,1.93,0.4,7.76,543.23
44331.92,10.26,8.94,1.88,0.42,8.68,543.94
44331.96,7.97,7.63,2.05,0.4,8.92,544.64
44332,7.74,7.55,1.91,0.39,8.64,544.93
44332.04,6.79,6.79,1.83,0.41,8.72,545
44332.08,6.9,6.81,1.64,0.4,9.68,545.03
44332.12,6.85,6.74,1.74,0.44,10,545.1
44332.17,6.08,5.97,1.61,0.41,10,545.18
44332.21,6.28,6,1.59,0.46,10,545.4
44332.25,6.08,5.76,1.58,0.42,10,545.29
44332.29,6.13,5.58,1.39,0.4,10,545.73
44332.33,5.89,5.08,1.41,0.44,10,546.23
44332.38,5.85,5.02,1.47,0.48,10,546.57
44332.42,9.35,5.78,1.46,0.27,10,546.61
44332.46,9.28,6.26,1.43,3.06,10,546.55
44332.5,9.64,6.9,1.34,2.75,9.96,546.54
44332.54,13,8.36,1.37,2.64,10,546.2
44332.58,13.57,8.46,1.42,2.73,10,545.98
44332.62,13.19,8.1,1.9,2.98,9.44,545.7
44332.67,14.11,8.55,2.01,2.76,9.84,545.34
44332.71,14.25,8.87,1.97,2.78,10,545.24
44332.75,10.31,8.66,2.15,3.01,8.92,544.9
44332.79,10.08,8.23,1.95,0.03,10,545
44332.83,10.2,8.43,1.9,0.18,10,545.57
44332.88,10.8,8.52,1.81,0.25,10,546.05
44332.92,10.86,8.45,1.62,0.34,10,546.31
44332.96,8.66,7.5,1.44,0.3,10,546.73
44333,8.68,7.48,1.39,0.12,10,546.71
44333.04,7.9,7,1.31,2.95,10,546.74
44333.08,7.85,6.96,1.2,3.04,10,546.39
44333.12,8.17,6.81,1.12,0.12,10,546.41
44333.17,7.4,6.09,1.22,0.03,10,546.13
44333.21,7.48,5.92,1.21,0.03,10,546.17
44333.25,6.8,5.57,1.37,0.04,10,546.53
44333.29,6.62,5.54,1.37,0.25,10,546.82
44333.33,6.52,5.71,1.33,0.15,10,547.03
44333.38,6.37,5.77,1.18,0.17,10,547.26
44333.42,8.91,7.14,1.28,0.2,10,547.26
44333.46,8.76,7.16,1.25,3.1,10,547.33
44333.5,7.74,6.73,1.29,2.69,10,547.29
44333.54,9.83,7.33,1.52,2.49,10,547.04
44333.58,11.13,8.12,1.63,2.27,10,546.57
44333.62,11.89,8.52,1.74,2.27,10,545.95
44333.67,12.68,9.18,1.59,2.54,10,545.64
44333.71,12.54,9.36,1.72,2.75,10,545.09
44333.75,9.81,8.22,2,3.02,9.91,545.06
44333.79,9.56,8.15,1.83,3.09,9.27,545.13
44333.83,9.56,8.15,1.74,0.19,8.88,545.48
44333.88,9.78,8.33,1.54,0.37,10,545.72
44333.92,9.47,8.2,1.43,0.28,10,546.14
44333.96,7.34,7.23,1.41,0.2,10,546.41
44334,7.59,7.32,1.39,0.16,10,546.26
44334.04,7.6,7.19,1.32,0.26,10,546.34
44334.08,7.86,7.05,1.2,0.33,10,546.17
44334.12,7.51,6.72,1.08,0.42,10,545.76
44334.17,7.03,6.38,1.01,0.52,10,545.7
44334.21,7.05,6.31,1.09,0.56,10,545.67
44334.25,7.82,6.81,1.31,0.37,10,545.95
44334.29,7.81,6.68,1.16,3.12,10,546.1
44334.33,7.35,6.55,1,2.47,10,545.95
44334.38,7.32,6.77,1.1,2.17,10,546.15
44334.42,9.94,7.62,1.06,2.17,10,545.88
44334.46,10.34,8.19,1.06,2.06,10,545.83
44334.5,10.33,8.41,1.32,1.92,10,545.52
44334.54,13.26,9.39,1.53,1.87,10,545.06
44334.58,13.52,9.38,1.48,2.03,10,544.55
44334.62,13.36,9.77,1.27,2.24,9.84,544.01
44334.67,13.18,9.95,1.4,2.52,9.48,543.65
44334.71,13.13,10.23,1.55,2.98,9.44,543.27
44334.75,11.51,9.56,1.65,2.93,9.72,542.98
44334.79,11.07,8.97,1.67,0.33,9.8,542.94
44334.83,10.42,9.32,1.74,0.36,9.8,543.5
44334.88,10.18,9.42,1.64,0.24,9.48,543.87
44334.92,9.77,9.38,1.55,0.26,9.24,544.17
44334.96,8.18,8.18,1.33,0.05,9.68,544.2
44335,8.47,8.47,1.14,0.14,10,544.2
44335.04,8.31,8.31,1.18,0.53,10,543.97
44335.08,8.38,8.38,1.13,0.42,10,543.94
44335.12,8.52,8.39,0.98,0.26,10,543.52
44335.17,7.87,7.75,1.1,0.47,10,543.52
44335.21,8.21,7.82,1.07,0.48,10,543.62
44335.25,8.59,8.02,1.57,0.58,10,544.17
44335.29,8.62,7.91,1.18,0.5,10,544.84
44335.33,8.3,7.68,0.94,0.63,10,545.21
44335.38,8.29,7.84,0.64,0.53,10,545.14
44335.42,10.88,9.22,1.11,0.45,10,545.44
44335.46,11.88,9.78,1.31,0.28,10,545.49
44335.5,12.54,9.88,1.33,0.12,10,545.53
44335.54,13.18,9.94,1.38,0.06,10,545.37
44335.58,12.51,9.98,1.32,0.41,10,545.07
44335.62,12.09,10.15,1.42,0.5,10,544.73
44335.67,10.84,9.89,1.26,0.34,10,544.38
44335.71,10.67,9.88,1.11,0.18,10,544.24
44335.75,9.5,8.86,1.16,3.08,10,544.45
44335.79,9.68,8.7,1.25,2.86,10,544.53
44335.83,10.23,9.07,1.08,3.02,10,544.66
44335.88,10.4,9.18,1.14,0.09,10,545.11
44335.92,10.42,9.27,1.11,0.06,10,545.56
44335.96,9.61,9.01,1.13,3.1,10,545.78
44336,9.72,8.98,1.18,2.86,10,545.59
44336.04,9.49,8.95,1.09,0.35,10,545.37
44336.08,9.64,8.86,1.16,0.39,10,545.24
44336.12,9.63,8.69,1.26,0.2,10,544.77
44336.17,9.26,8.77,1.14,2.89,10,544.51
44336.21,9.22,8.56,1.17,0.65,10,544.81
44336.25,9.06,8.33,1.23,0.21,10,544.98
44336.29,9.04,8.25,1.22,0.26,10,545.23
44336.33,8.75,8.03,1.2,0.22,10,545.5
44336.38,8.49,7.87,1.12,0.01,10,545.48
44336.42,10.26,8.62,1.14,0.28,10,545.67
44336.46,10.25,8.75,1.27,0.25,10,545.61
44336.5,10.25,8.93,1.21,0.17,10,545.48
44336.54,11.37,9.14,1.25,3.12,10,545.14
44336.58,11.58,9.15,1.49,2.62,10,544.51
44336.62,11.13,9.41,1.49,2.56,10,544.15
44336.67,11.23,9.48,1.35,2.74,10,543.96
44336.71,11.04,9.38,1.31,2.88,10,543.79
44336.75,9.57,8.91,1.64,2.85,10,543.86
44336.79,9.87,8.76,1.44,3.11,10,543.89
44336.83,10.02,8.8,1.28,0.35,10,544.24
44336.88,10.19,8.94,1.14,0.28,10,544.58
44336.92,10.37,8.99,1.15,0.53,10,544.72
44336.96,8.71,8.42,1.21,0.68,10,545
44337,8.86,8.52,1.02,0.59,10,544.81
44337.04,9.11,8.59,0.8,0.54,10,544.43
44337.08,9.19,8.68,0.59,0.63,10,544.06
44337.12,9.2,8.69,0.49,0.65,10,543.73
44337.17,8.91,8.65,0.26,0.48,10,543.39
44337.21,8.95,8.67,0.17,2.42,10,543.32
44337.25,9.33,8.74,0.5,1.61,10,543.85
44337.29,9.46,8.71,0.72,1.06,10,543.35
44337.33,9.77,8.55,0.86,0.66,10,543.85
44337.38,10.13,9.38,1.04,0.46,10,543.7
44337.42,13.59,11.18,0.76,0.87,9.8,543.68
44337.46,14.51,11.68,1.05,1.54,9.56,543.67
44337.5,15.03,11.67,1.17,1.83,10,543.54
44337.54,16.72,12.39,1.21,1.77,9.8,543.39
44337.58,16.35,12.19,1.06,2.01,10,542.97
44337.62,16.31,12.26,1.02,2.3,8.76,542.6
44337.67,15.79,12.32,0.82,2.69,8.72,542.15
44337.71,16,12.47,1.05,0.07,9.88,542.08
44337.75,13.47,11.03,2.05,0.35,10,542.13
44337.79,12.81,11.05,1.95,0.48,10,542.55
44337.83,12.51,11.07,1.77,0.44,9.96,543.08
44337.88,12.12,11,1.85,0.35,9.92,543.26
44337.92,11.4,10.76,1.64,0.29,9.92,543.86
44337.96,9.09,9.09,1.45,0.29,9.92,544.01
44338,9.25,9.19,1.4,0.37,10,544.04
44338.04,9.12,9.07,1.16,0.32,10,543.86
44338.08,9.24,9.19,0.99,0.13,10,543.57
44338.12,9.6,9.29,0.86,0.2,10,543.32
44338.17,9.38,9.12,0.66,3.12,10,543.14
44338.21,9.5,9.14,0.43,2.33,10,543.14
44338.25,9.74,9.11,0.6,0.03,10,543.23
44338.29,9.76,9.14,0.8,2.85,10,543.29
44338.33,10.38,9.43,0.91,2.43,10,543.7
44338.38,10.61,9.72,1.07,2.3,10,543.64
44338.42,13.9,11.42,1.26,2.1,9.96,543.71
44338.46,14.44,11.93,1.32,1.84,9.76,543.64
44338.5,14.67,12.01,1.31,1.86,10,543.43
44338.54,16.05,12.54,1.41,2.05,10,543.18
44338.58,16.25,12.64,1.41,2.2,9.96,542.88
44338.62,16.58,12.8,1.48,2.14,9.96,542.46
44338.67,14.99,12.41,1.45,2.58,10,542.38
44338.71,15.14,12.58,1.65,3.04,10,542.3
44338.75,13.15,11.14,2.07,0.19,9.88,542.59
44338.79,12.5,11.08,1.91,0.39,10,542.39
44338.83,12.55,11.48,2.14,0.39,10,543.44
44338.88,12.3,11.21,2.18,0.43,10,543.87
44338.92,11.72,11.06,2.17,0.44,10,544.61
44338.96,9.35,9.32,1.92,0.45,10,545.2
44339,9.37,9.3,1.89,0.47,10,545.59
44339.04,9.33,9.24,1.84,0.54,9.88,545.73
44339.08,9.51,9.39,1.72,0.63,10,545.59
44339.12,9.71,9.63,1.82,0.57,10,545.55
44339.17,8.9,8.55,1.83,0.44,10,545.38
44339.21,8.85,8.85,2.15,0.39,10,545.8
44339.25,8.2,8.17,2.32,0.37,10,546.56
44339.29,8.09,7.88,2.09,0.34,10,546.88
44339.33,7.64,7.12,1.8,0.39,10,547.21
44339.38,7.18,7.07,1.51,0.59,10,547.62
44339.42,8.16,7.34,1.55,0.88,10,547.87
44339.46,7.84,7.08,1.91,0.82,10,548.21
44339.5,7.56,7.05,1.76,0.68,10,548.26
44339.54,9.44,7.92,1.63,0.66,10,548.36
44339.58,8.99,8.28,1.52,0.58,10,547.83
44339.62,8.99,8.32,1.6,0.59,10,547.69
44339.67,10.02,9.15,1.63,0.5,10,547.21
44339.71,9.96,9.19,1.62,0.55,10,547.1
44339.75,8.55,8.05,1.81,0.45,10,547.59
44339.79,8.97,8.23,1.7,0.57,10,547.17
44339.83,9.48,8.48,1.6,0.56,10,547.67
44339.88,9.65,8.55,1.71,0.5,10,548.2
44339.92,9.58,8.52,1.75,0.49,10,548.76
44339.96,7.69,7.3,1.59,0.42,10,548.94
44340,7.84,7.31,1.52,0.5,10,549.3
44340.04,7.49,6.83,1.46,0.65,10,549.2
44340.08,7.51,6.7,1.35,0.69,10,548.85
44340.12,7.31,6.42,1.35,0.76,10,548.75
44340.17,6.82,6.18,1.35,0.84,10,548.68
44340.21,6.93,6.37,1.29,0.94,10,548.51
44340.25,6.15,5.58,1.1,0.99,10,548.79
44340.29,6.34,5.41,1.17,1.18,9.97,548.97
44340.33,6.02,5.24,1.17,1,9.94,549.02
44340.38,5.95,5.33,1.12,0.92,9.97,549.04
44340.42,8.56,5.59,0.72,0.9,10,549.14
44340.46,9.36,6.41,0.41,0.34,9.98,549.18
44340.5,9.94,6.81,0.77,2.78,10,548.86
44340.54,12.17,7.53,1.09,2.45,10,548.64
44340.58,12.53,7.86,1.3,2.26,10,548.15
44340.62,12.41,7.85,1.41,2.33,10,547.67
44340.67,13.14,8.71,1.39,2.52,10,547.21
44340.71,12.84,8.57,1.28,2.86,10,546.6
44340.75,10.85,8.14,1.19,3.1,10,546.97
44340.79,10.49,7.75,1.34,0.07,10,546.67
44340.83,10.61,7.93,1.15,0.07,10,547.23
44340.88,10.24,7.73,1.06,0.09,10,547.65
44340.92,10.16,8.03,1.07,0.15,10,547.78
44340.96,9.3,8.1,1.02,0.35,10,548.02
44341,9.32,7.95,1.14,0.44,10,547.75
44341.04,8.84,7.93,1.18,0.47,10,547.87
44341.08,8.86,7.81,1.12,0.34,10,547.34
44341.12,8.65,7.58,0.84,0.02,10,547.15
44341.17,8.33,7.68,0.86,2.98,10,546.72
44341.21,8.32,7.52,0.96,2.87,10,546.36
44341.25,8.11,7.74,0.75,2.54,10,546.33
44341.29,8.14,7.71,0.74,3,10,546.41
44341.33,7.94,7.65,1.05,2.77,10,546.5
44341.38,7.77,7.57,1.07,2.66,10,546.51
44341.42,10,8.86,1.02,2.44,10,546.36
44341.46,9.98,9.05,1.21,2.19,10,546.18
44341.5,9.93,9.24,1.64,1.79,10,545.82
44341.54,12.56,10.15,1.94,1.63,10,545.31
44341.58,11.77,10.06,2.06,1.59,10,544.62
44341.62,12.05,10.32,2.16,1.7,10,544.06
44341.67,13.44,11.43,2.09,1.7,10,543.49
44341.71,13.72,11.55,1.66,1.88,10,543.04
44341.75,11.83,10.91,1.11,2.28,9.12,542.48
44341.79,12.18,11.15,1.54,2.97,6.97,542.82
44341.83,12.15,10.98,1.75,0.37,9.6,543.22
44341.88,10.99,10.4,1.31,0.31,9.8,543.64
44341.92,10.37,9.77,1.47,0.4,10,544.15
44341.96,8.56,8.56,1.5,0.39,10,544.41
44342,8.9,8.81,1.39,0.32,10,544.55
44342.04,8.81,8.44,1.35,0.27,10,544.46
44342.08,8.85,8.35,1.21,0.14,10,544.06
44342.12,9.03,8.35,1.27,0.35,10,543.86
44342.17,8.23,7.71,1.29,0.44,10,543.72
44342.21,8.26,7.6,1.35,0.58,10,543.68
44342.25,8.21,7.3,1.64,0.69,10,544.6
44342.29,7.89,7.14,1.74,0.69,10,544.98
44342.33,7.28,6.81,1.91,0.89,10,545.59
44342.38,6.85,6.45,1.9,1.08,10,546.18
44342.42,9.16,7.61,1.86,1.18,10,546.83
44342.46,9.26,7.93,2.15,1.12,10,547.32
44342.5,9.55,7.9,2.48,1.06,10,547.73
44342.54,10.93,7.96,2.31,1.07,10,547.84
44342.58,10.32,7.84,2.26,1.05,10,547.67
44342.62,9.97,7.79,2.36,1.03,10,547.64
44342.67,10.25,6.86,2.23,0.98,10,547.35
44342.71,10.69,6.51,2.13,1.04,10,547.05
44342.75,9.32,4.3,2.12,0.91,10,547.55
44342.79,10.28,4.26,1.44,0.55,10,547.28
44342.83,10.96,5.86,1.19,0.82,10,547.75
44342.88,11.25,6.97,1.22,0.99,10,548.03
44342.92,11.23,7.38,0.95,1.01,10,548.64
44342.96,9.48,6.68,0.78,1.23,10,548.75
44343,9.87,6.95,0.38,0.95,10,548.74
44343.04,9.71,6.9,0.35,0.95,10,548.42
44343.08,9.89,5.52,0.25,0.14,10,547.83
44343.12,9.55,4.57,0.19,1.84,9.9,547.41
44343.17,8.82,4.5,0.26,0.88,9.74,547.03
44343.21,8.93,5,0.13,0.42,10,546.84
44343.25,8.78,6.99,0.39,0.79,10,546.95
44343.29,9.1,6.37,0.51,0.97,10,547.51
44343.33,8.89,5.22,0.68,0.99,10,547.53
44343.38,9.06,3.54,0.81,0.92,9.64,547.54
44343.42,12.27,4.6,0.75,1.03,8.6,547.65
44343.46,12.01,5.25,0.58,1.44,8.79,547.49
44343.5,12.27,6.2,0.96,1.59,9.71,547.49
44343.54,15.12,7.54,1.49,1.58,9.11,547.14
44343.58,15.66,7.97,1.78,1.43,9.13,546.51
44343.62,15.54,8.12,1.69,1.74,9.81,546.09
44343.67,16.62,9.08,1.52,1.97,9.97,545.72
44343.71,16.63,9.27,1.36,2.32,10,545.5
44343.75,12.44,8.41,1.37,3.06,9.88,545.59
44343.79,12.28,8.42,1.62,0.04,10,545.44
44343.83,12.77,8.92,1.32,0.13,10,546.01
44343.88,13.08,9.45,1.23,0.35,10,546.38
44343.92,12.63,9.48,1.23,0.29,10,546.93
44343.96,11.15,9.29,1.15,0.39,10,546.94
44344,11,9.21,1.06,0.41,10,547.15
44344.04,10.46,9.16,0.9,0.48,10,546.95
44344.08,10.42,9.07,0.82,0.55,10,546.79
44344.12,10.41,9.07,1.03,0.85,10,546.62
44344.17,9.2,8.86,1.18,0.92,10,546.64
44344.21,9.3,8.85,1.34,0.96,10,546.63
44344.25,9.62,8.68,1.5,0.8,10,547.04
44344.29,9.51,8.67,0.99,0.55,10,547.27
44344.33,9.05,8.31,0.27,0.45,10,547.5
44344.38,8.92,8.4,0.22,2.47,10,547.35
44344.42,11.98,9.4,0.35,2.22,10,547.52
44344.46,12.32,9.9,0.13,1.32,10,547.5
44344.5,12.28,10.09,0.34,2.2,10,547.4
44344.54,15.84,11.65,0.6,2.65,10,547.22
44344.58,16.06,11.59,0.8,2.75,10,546.86
44344.62,15.97,11.72,0.92,2.97,10,546.58
44344.67,16.77,11.91,1.22,0.33,10,546.34
44344.71,16.61,12.02,1.46,0.43,10,546.02
44344.75,13.5,11.04,1.49,0.46,10,546.23
44344.79,13.48,10.32,1.47,0.47,10,546.15
44344.83,14.03,10.34,1.28,0.32,10,546.41
44344.88,14.3,10.64,1.18,3.12,10,546.52
44344.92,13.52,11.02,0.89,2.94,9.99,546.74
44344.96,11.88,9.99,0.53,0.18,9.97,546.75
44345,12.22,10.15,0.59,1.15,9.96,546.73
44345.04,12.24,10.23,0.4,0.98,9.91,546.63
44345.08,12.46,10.35,0.16,0.35,9.95,546.22
44345.12,12.58,10.56,0.24,2.34,9.96,545.7
44345.17,11.63,10.27,0.18,1.47,10,545.54
44345.21,11.5,10.09,0.36,1.3,10,545.37
44345.25,10.98,9.49,0.18,0.95,10,545.7
44345.29,11.18,9.42,0.33,2.57,10,545.7
44345.33,11.06,9.22,0.79,2.74,10,545.74
44345.38,11,9.16,1,0.29,10,545.72
44345.42,13.95,10.66,1.24,0.46,10,546.18
44345.46,13.62,10.97,1.53,0.58,10,546.3
44345.5,13.31,10.92,1.77,0.61,10,546.36
44345.54,14.35,11.45,1.86,0.57,10,546.37
44345.58,14.99,11.25,1.98,0.65,10,546.15
44345.62,14.73,11.14,2.18,0.68,10,545.97
44345.67,14.67,10.91,2.14,0.78,10,545.98
44345.71,14.52,11,2.06,0.75,10,545.85
44345.75,12.45,11.33,1.87,0.7,10,546.55
44345.79,12.44,11.06,1.49,0.79,10,546.57
44345.83,12.97,10.94,1.46,1.17,10,546.78
44345.88,13.21,10.72,1.51,1.3,10,547.06
44345.92,12.98,10.69,1.5,1.29,10,547.53
44345.96,11.26,10.09,1.24,1.46,10,547.85
44346,11.44,10.02,1.15,1.51,10,547.65
44346.04,10.99,9.57,1.08,1.74,10,547.49
44346.08,11.07,8.99,1.04,1.84,10,547.14
44346.12,11.1,8.86,1.01,1.89,10,546.9
44346.17,10.46,8.37,0.87,1.9,10,546.74
44346.21,10.2,8.17,0.73,2,10,546.61
44346.25,10.36,8.45,0.75,1.95,9.89,546.72
44346.29,10.23,8.27,0.56,2.61,9.89,546.78
44346.33,10.27,7.08,0.63,2.46,10,546.85
44346.38,10.14,6.65,0.68,2.17,10,546.5
44346.42,12.5,6.39,0.52,2.37,9.96,546.63
44346.46,12.45,6.44,0.17,1,9.84,546.33
44346.5,12.72,6.61,0.73,2.14,9.62,546.18
44346.54,16.71,8.05,0.85,1.92,9.97,545.78
44346.58,17.13,8.26,1.12,1.76,9.94,545.17
44346.62,16.6,7.91,1.27,1.79,9.89,544.84
44346.67,17.23,8.89,1.36,2.14,9.96,544.42
44346.71,17.03,8.88,1.5,2.29,9.98,544.05
44346.75,14.85,7.67,1.03,2.78,9.52,544.08
44346.79,14.85,7.35,1.25,3.14,9.98,544.27
44346.83,15,8.95,1.12,0.25,10,544.28
44346.88,15.52,9.02,1.1,0.38,10,544.6
44346.92,14.96,9.72,1.02,0.22,9.91,545.09
44346.96,12.3,9.76,0.95,0.17,8.69,545.24
44347,12.28,10.31,0.98,0.53,9.19,545.4
44347.04,11.64,10.35,0.75,0.76,9.1,545.12
44347.08,11.81,10.4,0.42,0.61,9.81,544.78
44347.12,11.57,10.21,0.21,0.34,9.74,544.38
44347.17,10.43,9.69,0.35,1.35,9.74,544.19
44347.21,11,9.79,0.74,1.51,9.87,544.06
44347.25,11.34,10.15,1.31,0.91,10,544.37
44347.29,11.48,10.16,0.87,0.82,9.99,544.45
44347.33,11.15,9.64,0.54,0.97,9.87,544.69
44347.38,10.74,9.04,0.44,1.56,9.84,544.63
44347.42,14.29,9.96,0.48,0.47,8.98,544.63
44347.46,14.49,10.27,0.55,3,9.62,544.77
44347.5,15.03,10.66,0.5,2.72,10,544.55
44347.54,17.72,11.59,0.7,3.05,9.85,544.61
44347.58,17.01,11.96,0.89,3.14,9.47,544.24
44347.62,16.73,11.67,1.01,0.19,9.88,544.24
44347.67,18.18,11.89,1.28,3.08,9.86,543.75
44347.71,18.63,12.17,1.34,3.04,9.56,543.62
44347.75,15.66,11.41,1.59,0.12,9.06,543.63
44347.79,15.52,11.33,1.69,0.26,8.98,543.56
44347.83,15.89,12.39,1.51,0.17,9.03,543.95
44347.88,15.95,12.6,1.67,0.18,9.07,544.22
44347.92,14.87,12.31,1.13,0.05,8.8,544.66
44347.96,12.98,11.65,1.2,0.14,9.64,544.77
44348,13.5,11.63,1.06,0.16,10,544.98
44348.04,13.35,11.58,0.97,0.19,10,544.88
44348.08,13.66,11.68,1.09,0.19,10,544.55
44348.12,13.67,11.66,1.09,0.29,10,544.36
44348.17,13.07,11.38,1.21,0.35,10,544.24
44348.21,13.1,11.35,1.12,0.49,10,544.49
44348.25,12.97,10.96,1.35,0.39,10,544.91
44348.29,12.57,10.69,1.33,0.25,10,545.22
44348.33,11.8,10.37,1.28,0.23,10,545.33
44348.38,11.03,10.18,1.52,0.42,10,545.45
44348.42,11.89,10.26,1.76,0.41,10,545.6
44348.46,11.52,9.38,1.74,0.29,10,545.68
44348.5,11.35,9.19,1.56,0.19,10,545.62
44348.54,12.94,10.01,1.55,0.02,10,545.33
44348.58,12.57,9.98,1.48,2.91,10,545.01
44348.62,12.83,10.16,1.67,2.7,10,544.5
44348.67,13.39,10.64,1.68,2.93,10,544.45
44348.71,13.52,10.58,1.64,2.93,10,543.97
44348.75,12.17,10.22,1.77,0.31,10,544.27
44348.79,12.22,10.43,1.54,0.1,9.98,544.22
44348.83,12.46,10.56,1.21,0.05,9.65,544.68
44348.88,12.86,10.51,1.19,0.23,10,544.79
44348.92,12.81,10.6,1.34,0.12,10,545.09
44348.96,11.42,10.37,1.21,3.14,9.04,545.12
44349,11.28,10.12,0.85,0.15,8.84,545.28
44349.04,10.81,10.05,0.41,0.46,10,545.42
44349.08,10.95,10.15,0.29,1.08,10,544.86
44349.12,10.82,9.98,0.53,1.65,10,544.78
44349.17,10.11,9.52,0.63,1.44,10,544.59
44349.21,10.28,9.59,0.7,1.48,10,544.51
44349.25,10.31,9.32,0.78,1.62,10,544.13
44349.29,10.47,9.48,0.83,1.05,10,544.65
44349.33,10.76,9.4,0.51,0.95,10,544.71
44349.38,10.81,9.68,0.3,1.67,10,544.8
44349.42,13.39,11.04,0.69,1.48,10,544.95
44349.46,13.8,11.48,0.77,1.35,10,544.83
44349.5,13.73,11.07,0.63,1.56,10,544.79
44349.54,17.32,12.75,0.67,2.09,10,544.63
44349.58,17.69,12.9,1.08,2.26,9.96,544.33
44349.62,17.29,13.11,1.47,2.24,10,543.89
44349.67,17.68,13.22,1.26,2.29,8.44,543.88
44349.71,17.97,13.06,1.37,2.54,8.68,543.33
44349.75,15.06,12.62,1.58,0.16,8.95,543.51
44349.79,15.01,12.91,1.64,0.33,9.67,543.64
44349.83,15.26,13.21,1.64,0.36,9.4,544.05
44349.88,15.2,13.23,1.51,0.42,8.76,544.62
44349.92,14.99,13.48,1.37,0.15,10,545.34
44349.96,12.72,12.54,1.35,0.15,9.96,545.36
44350,12.79,12.53,1.44,0.25,10,545.59
44350.04,12.03,11.92,1.42,0.29,10,545.47
44350.08,12.08,11.87,1.36,0.41,10,545.43
44350.12,12.2,12.06,1.41,0.41,10,545.23
44350.17,10.8,10.77,1.54,0.41,10,545.25
44350.21,10.76,10.69,1.63,0.4,10,545.37
44350.25,10.67,10.64,1.79,0.18,10,545.95
44350.29,10.26,10.25,2.31,0.35,10,546.67
44350.33,9.78,9.72,2.59,0.51,10,547.04
44350.38,8.9,8.9,2.53,0.59,10,547.48
44350.42,9.21,8.53,2.57,0.72,10,548.08
44350.46,8.54,8.04,2.71,0.81,10,548.64
44350.5,8.04,7.52,2.74,0.74,10,548.96
44350.54,8.28,6.87,2.64,0.81,10,549.09
44350.58,7.75,6.63,2.25,0.87,10,548.64
44350.62,7.18,6.02,1.81,0.68,10,548.26
44350.67,7.57,5.95,1.96,0.82,10,548.16
44350.71,7.84,5.82,1.68,0.69,10,548.19
44350.75,6.68,3.14,1.86,0.67,10,549.07
44350.79,6.82,3.04,1.31,0.89,10,548.67
44350.83,7.74,3.57,1.1,1.5,10,549.07
44350.88,8.17,4.08,1.1,1.5,10,549.06
44350.92,7.9,4.11,1.02,1.47,10,549.49
44350.96,6.69,3.74,0.85,1.54,10,549.59
44351,7.01,3.83,0.64,1.71,10,549.59
44351.04,7.48,3.7,0.48,2.14,10,549.36
44351.08,7.59,3.55,0.45,2.27,10,548.8
44351.12,7.82,3.52,0.45,2.55,10,548.55
44351.17,7.4,3.3,0.46,2.24,10,548.24
44351.21,7.55,3.05,0.5,2.41,10,548.18
44351.25,7.25,1.79,0.26,3.1,9.84,548.34
44351.29,7.16,1.91,0.73,3.04,8.73,548.17
44351.33,7.46,2.17,1.11,3.11,8.77,548.43
44351.38,8.04,1.95,1,3.09,5.24,548.23
44351.42,12.64,2.5,0.7,2.65,0.95,548.09
44351.46,13.28,3.95,0.47,1.76,1.75,547.97
44351.5,13.8,5,0.61,1.11,3.15,547.84
44351.54,17.25,6.68,0.98,0.73,5.66,547.53
44351.58,17.63,7.41,1.04,0.54,5.01,546.93
44351.62,17.24,6.87,1.04,0.58,9.24,546.54
44351.67,17.99,6.85,1.18,0.3,6.64,546.04
44351.71,17.82,6.79,1.12,0.16,6.46,545.74
44351.75,15.04,5.41,1.12,0.56,8.49,546.32
44351.79,15.05,4.66,0.61,0.13,8.89,546.01
44351.83,15.28,6.1,0.86,1.79,9.67,546.39
44351.88,15.38,5.64,1.06,1.06,9.69,546.48
44351.92,14.27,7.29,1.06,0.65,9.23,546.81
44351.96,11.67,6.54,1.08,0.38,9.85,547.03
44352,11.39,6.8,0.94,0.57,10,547.16
44352.04,11.02,6.77,1.04,0.57,10,546.98
44352.08,11.15,7.22,1.12,0.44,9.82,546.66
44352.12,11.18,7.12,1.04,0.37,8.56,546.61
44352.17,9.98,6.92,1.27,0.38,9.38,546.29
44352.21,10.12,6.98,1.31,0.38,9.5,546.21
44352.25,10.66,7.89,0.74,0.63,10,546.01
44352.29,11.06,7.77,1,0.48,9.95,546.48
44352.33,11.5,8.16,1.06,0.14,9.9,546.62
44352.38,11.86,7.99,0.73,0.27,9.8,546.72
44352.42,16.96,8.85,0.15,2.5,9.99,546.71
44352.46,17,8.79,0.53,2.77,8.47,546.8
44352.5,16.97,8.82,0.78,2.34,6.7,546.71
44352.54,19.82,8.58,1.16,2.16,4.1,546.41
44352.58,19.59,8.15,1.24,2.17,2.82,546.04
44352.62,19.4,7.92,1.21,2.24,7.06,545.61
44352.67,19.13,8.32,1.29,2.34,8.64,545.3
44352.71,19.06,8.13,1.41,2.61,9.26,545.03
44352.75,16.74,7.19,1.74,0.06,9.94,545.1
44352.79,16.84,6.55,1.51,0.28,9.93,545.48
44352.83,17.31,8.27,1.54,0.26,9.59,545.82
44352.88,17.02,9.5,1.18,0.3,7.66,545.96
44352.92,15.27,9.73,0.13,2.27,8.61,546.23
44352.96,12.13,8.84,0.2,0.55,6.22,546.2
44353,12.26,9.29,0.65,0.94,7.47,546.29
44353.04,12.31,9.01,1.12,0.83,8.41,546.09
44353.08,12.37,8.85,1.29,0.73,6.9,545.54
44353.12,12.83,9.61,0.89,0.66,8.26,545.38
44353.17,12.53,8.94,0.57,0.93,8.93,544.97
44353.21,12.45,9.44,0.62,0.88,7,545.22
44353.25,13.46,8.95,0.27,3.08,3.99,544.89
44353.29,13.06,9.59,0.64,0.53,5.81,545.45
44353.33,14.18,9.94,0.98,0.61,6.9,545.52
44353.38,14.5,8.6,1.31,0.98,5.49,545.38
44353.42,17.37,8.18,1.49,1.14,3.96,545.43
44353.46,16.98,8.88,1.76,1.27,8.26,545.4
44353.5,16.61,9.23,1.46,1.54,7.41,545.34
44353.54,18.49,10.8,2.02,1.63,9.67,545.31
44353.58,18.19,11.42,2.08,1.6,9.96,544.95
44353.62,16.77,11.08,1.95,1.65,8.23,544.45
44353.67,17.44,12.9,1.46,1.99,8.87,544.15
44353.71,16.95,13.46,1.43,2.16,8.49,543.81
44353.75,14.63,11.87,1.38,0.15,8.89,544.57
44353.79,14.88,11.52,1.22,3.14,9.66,545.03
44353.83,15.19,12.8,1.03,0.29,9.43,545.06
44353.88,15.6,13.4,0.68,0,9.9,545.35
44353.92,15.31,13.2,0.65,0.7,9.73,545.77
44353.96,13.78,12.85,0.53,0.82,9.92,546.09
44354,13.76,12.8,0.61,0.64,10,546
44354.04,13.99,12.73,0.6,0.2,10,546.14
44354.08,13.92,12.56,0.43,0.04,10,545.91
44354.12,13.98,12.45,0.36,0.43,10,545.63
44354.17,13.1,12.46,0.28,2.73,10,545.57
44354.21,13.18,12.45,0.23,3,10,545.48
44354.25,11.91,11.63,0.77,1.85,10,545.58
44354.29,11.8,11.68,1.01,1.38,10,545.95
44354.33,11.88,11.74,1.24,0.73,10,546.24
44354.38,11.98,11.98,1.28,0.77,10,546.55
44354.42,11.83,11.83,1.57,0.83,10,546.83
44354.46,12.34,12.32,1.65,0.85,10,546.92
44354.5,11.48,11.46,1.84,0.86,10,546.96
44354.54,11.39,11.32,1.9,0.83,10,546.92
44354.58,11.36,11.27,1.83,0.84,10,546.67
44354.62,11,10.96,1.77,0.84,10,546.37
44354.67,11.28,10.91,1.84,0.79,10,546.07
44354.71,11.73,11.42,1.75,0.71,10,545.68
44354.75,10.28,9.4,1.7,1.04,10,546.68
44354.79,10.18,9.54,1.28,1.1,10,546.67
44354.83,10.73,9.79,1.34,0.7,10,546.76
44354.88,11.06,10.46,1.43,0.83,10,547.11
44354.92,10.99,10.73,1.37,0.88,10,547.36
44354.96,9.82,9.82,1.15,1.13,10,547.53
44355,9.85,9.85,1.08,1.68,10,547.74
44355.04,10.03,10.02,1.11,2.07,10,547.51
44355.08,10.23,10.09,1.05,2.05,10,547.06
44355.12,10.36,10.26,0.99,2.06,10,546.63
44355.17,10.07,10.07,0.83,1.98,10,546.31
44355.21,10.09,10.02,0.7,2,10,546.37
44355.25,9.49,9.09,0.63,2.66,10,546.43
44355.29,9.48,9.04,0.63,2.85,10,546.93
44355.33,9.52,8.96,0.27,1.61,10,546.83
44355.38,9.58,9.05,0.48,1.65,10,547.08
44355.42,10.41,8.92,0.4,1.61,10,547.42
44355.46,10.9,9.39,0.31,0.43,10,547.59
44355.5,11.09,9.89,0.75,0.24,10,547.33
44355.54,12.56,10.99,1.02,0.26,10,547.2
44355.58,13.12,11.32,1.05,3.04,10,546.51
44355.62,13.07,11.48,1.06,2.61,10,546.14
44355.67,13.36,11.65,0.92,3.01,10,545.86
44355.71,12.56,11.19,1.04,0.25,10,545.76
44355.75,12.31,10.98,1.06,0.47,10,546.38
44355.79,11.83,10.91,1.24,2.93,10,546.18
44355.83,12.01,10.86,1.24,2.73,10,546.32
44355.88,11.75,10.78,0.75,2.79,10,546.44
44355.92,11.74,10.87,0.85,2.68,10,546.83
44355.96,10.9,10.8,0.91,2.69,10,546.94
44356,10.84,10.6,1.04,2.38,10,546.8
44356.04,10.85,10.49,0.98,1.98,10,546.4
44356.08,11.07,10.54,0.76,1.38,10,545.96
44356.12,10.95,10.69,0.61,0.72,10,545.59
44356.17,10.68,10.68,0.35,3.07,10,545.4
44356.21,10.87,10.78,0.25,1.97,10,545.34
44356.25,11.1,11.1,0.6,3.04,10,545.33
44356.29,11.13,11.04,0.76,2.82,10,546.1
44356.33,10.97,10.97,0.72,0.44,10,546.09
44356.38,10.45,10.45,0.91,0.86,10,546.4
44356.42,11.45,10.92,1.07,1.33,10,546.35
44356.46,11.37,10.94,1.47,1.12,10,546.64
44356.5,11.36,10.89,1.76,0.93,10,546.53
44356.54,12.03,11.23,1.85,0.87,10,546.54
44356.58,12.56,11,1.77,0.83,10,546.21
44356.62,12.41,10.81,1.77,0.83,10,545.98
44356.67,12.31,10.62,1.95,0.9,10,545.91
44356.71,12.59,10.68,1.87,0.88,10,545.71
44356.75,11.5,10.86,1.84,0.9,10,546.64
44356.79,11.59,10.7,1.34,0.67,10,546.55
44356.83,11.58,10.87,1.12,1.07,10,546.85
44356.88,11.78,11.25,0.98,1.39,10,546.92
44356.92,11.84,11.37,0.89,1.56,9.95,547.3
44356.96,10.54,10.54,0.77,1.61,10,547.55
44357,10.69,10.7,0.72,1.81,9.95,547.64
44357.04,10.52,10.52,0.7,2.15,10,547.52
44357.08,10.69,10.63,0.7,2.04,10,547.1
44357.12,10.71,10.21,0.58,1.9,10,546.74
44357.17,10.13,9.37,0.27,1.86,10,546.49
44357.21,9.73,9.01,0.19,2.39,9.96,546.35
44357.25,9.5,8.24,0.42,0.48,9.94,546.54
44357.29,9.46,8.51,0.82,0.65,10,546.81
44357.33,9.17,8.39,0.9,0.58,10,546.6
44357.38,8.92,7.93,0.94,0.64,10,546.9
44357.42,11.28,8.47,0.71,0.49,10,546.95
44357.46,11.54,8.65,0.19,1.19,10,546.82
44357.5,12.76,8.67,1.11,0.68,9.4,546.78
44357.54,16.54,8.37,1.69,0.46,7.57,546.54
44357.58,17.77,8.25,1.96,0.42,9.59,546.22
44357.62,18.65,7.84,1.94,0.37,9.84,545.76
44357.67,19.89,7.53,2.01,0.25,9.95,545.51
44357.71,19.34,8.3,1.84,0.06,9.2,545.02
44357.75,16.47,8.91,1.87,0.19,8.34,545.84
44357.79,15.71,9.53,1.62,0.22,7.52,545.24
44357.83,15.06,10.63,1.19,0.11,9.99,545.77
44357.88,14.15,10.73,1.16,0.08,10,546.1
44357.92,13.56,10.8,0.47,3.03,9.96,546.3
44357.96,11.59,10.59,0.13,0.3,9.95,546.41
44358,11.69,10.72,0.14,0.24,9.96,546.46
44358.04,10.88,10.59,0.14,1.99,9.91,546.15
44358.08,11.18,10.96,0.12,0.82,9.91,545.81
44358.12,10.89,10.72,0.29,0.73,9.96,545.46
44358.17,10.42,10.41,0.19,0.59,10,545.21
44358.21,10.17,10.14,0.16,0.13,10,545.23
44358.25,10.62,10.18,0.02,1.86,10,545.38
44358.29,10.57,9.95,0.11,2.44,10,545.68
44358.33,10.71,10.7,0.09,0.14,10,545.85
44358.38,11.45,10.44,0.67,1.97,9.82,546.17
44358.42,15.65,10.62,1.08,1.75,9.2,546.27
44358.46,16.17,10.82,1.15,1.74,9.14,546.23
44358.5,16.63,10.42,1.08,1.85,9.54,546.28
44358.54,18.5,10.23,1.37,2.02,9.92,546.2
44358.58,18.57,10.64,1.67,2.12,10,545.79
44358.62,18.13,10.71,1.89,2.01,9.68,545.55
44358.67,17.76,11.29,1.61,2.11,9.67,545.36
44358.71,17.79,11.31,1.71,2.24,9.9,544.96
44358.75,15.11,11.46,1.63,2.3,10,545.69
44358.79,14.92,11.49,1.39,2.7,10,545.48
44358.83,15.08,12.75,1.13,2.82,10,546
44358.88,15.12,12.66,0.97,2.93,9.99,546.27
44358.92,15.09,12.54,1,2.78,9.98,546.59
44358.96,13.61,12.53,1.03,2.44,10,546.64
44359,13.43,12.54,0.9,2.32,9.88,546.8
44359.04,13.35,12.61,0.97,2.13,10,546.78
44359.08,13.17,12.62,0.84,1.82,10,546.59
44359.12,13.18,12.68,1.1,1.57,10,546.08
44359.17,12.95,12.64,1.11,1.27,10,545.96
44359.21,13.12,12.74,0.94,0.98,10,545.97
44359.25,13.71,13.09,0.91,1.37,9.96,546.12
44359.29,13.41,12.88,1.2,1.22,9.99,546.37
44359.33,13.35,12.73,1.44,1.33,9.92,546.68
44359.38,13.35,12.37,1.64,1.26,9.45,546.53
44359.42,15.69,12.98,1.59,1.19,9.12,546.6
44359.46,16.02,12.79,1.43,1.45,8.68,546.46
44359.5,15.97,12.9,1.7,1.36,6.79,546.55
44359.54,18.01,12.75,2.22,1.28,8.17,546.43
44359.58,18.1,13.26,2.39,1.32,8.16,545.99
44359.62,18.3,14.63,2.44,1.37,9.05,545.45
44359.67,18.64,15.15,1.94,1.65,8.64,545.29
44359.71,18.66,15.98,1.72,1.65,9.15,544.83
44359.75,16.23,13.49,1.63,2.18,9.74,545.54
44359.79,16.41,13.72,1.75,1.95,9.96,545.07
44359.83,16.83,14.12,1.06,2.03,9.8,545.3
44359.88,16.64,14.44,0.91,1.73,9.89,545.85
44359.92,16.1,14.23,1.29,1.83,9.95,545.85
44359.96,14.32,13.66,1.36,1.73,9.95,546.18
44360,14.84,13.99,1.51,1.47,9.96,546.07
44360.04,14.72,13.82,1.64,1.19,9.76,545.89
44360.08,15.15,14.12,1.66,1.11,9.92,545.55
44360.12,15.11,14.03,1.61,1.08,9.63,545.27
44360.17,14.21,13.65,1.65,0.98,7.96,544.93
44360.21,13.89,13.41,1.52,0.94,7.27,544.61
44360.25,14.7,13.66,1.78,0.96,7.49,544.64
44360.29,15.12,13.91,1.42,0.81,7.03,544.9
44360.33,16.08,14.43,1.57,0.82,6.17,544.83
44360.38,16.36,14.26,2.07,0.92,7.1,544.74
44360.42,19.35,14.64,2.34,0.99,7.72,544.68
44360.46,19.71,14.16,2.53,1.04,9.2,544.67
44360.5,19.57,13.96,2.11,1.2,8.33,544.55
44360.54,21.5,14.8,2.31,1.11,7.66,544.28
44360.58,21.26,14.52,2.34,1.21,8.12,544.04
44360.62,20.96,14.36,2.01,1.35,8.21,543.59
44360.67,21.21,14.57,2.23,1.36,7.81,543.32
44360.71,20.7,14.74,1.67,1.7,7.14,542.92
44360.75,19.22,14.06,1.25,2.18,6.81,543.22
44360.79,19.14,14.46,1.45,2.13,6.58,542.79
44360.83,18.73,15.32,1.17,2.03,8.67,542.98
44360.88,18.48,15.48,1.13,2.27,9.45,543.02
44360.92,18.33,15.53,1.14,1.95,9.69,543.5
44360.96,16.61,14.73,1.51,1.92,9.84,543.69
44361,16.45,14.52,1.48,1.43,9.9,543.27
44361.04,16.36,14.44,1.82,1.07,10,543.19
44361.08,16.72,14.29,1.83,0.91,10,542.85
44361.12,16.98,14.13,1.84,0.8,9.99,542.32
44361.17,15.65,13.76,1.81,0.72,9.99,542.21
44361.21,15.51,13.6,1.72,0.72,10,542.06
44361.25,15.9,13.87,1.64,0.87,10,541.78
44361.29,16.6,13.97,1.32,0.85,10,541.84
44361.33,16.8,14.35,1.34,0.78,10,542.02
44361.38,17.28,14.33,1.36,0.93,9.74,542
44361.42,19.85,14.72,1.33,1.12,9.92,542.3
44361.46,19.81,14.46,1.42,1.2,9.99,542.21
44361.5,19.87,14.04,1.37,1.39,9.8,542.13
44361.54,22.29,14.78,1.29,1.51,9.73,542.1
44361.58,21.91,15.05,1.37,1.57,9.43,541.85
44361.62,21.32,15.03,1.39,1.73,8.63,541.4
44361.67,22.24,15.41,1.38,1.9,7.07,541.25
44361.71,21.78,15.34,0.77,0.09,9.78,541.59
44361.75,16.45,15.08,1.83,0.37,9.97,541.82
44361.79,16.66,14.91,1.61,0.08,10,541.55
44361.83,17.61,15.29,1.12,0.06,10,542.25
44361.88,18.16,15.65,0.91,0.79,10,542.5
44361.92,17.77,15.85,0.37,2.44,10,542.87
44361.96,16.22,15.49,0.56,1.47,10,542.87
44362,16.42,15.61,0.93,1.13,10,542.77
44362.04,16.37,15.57,0.87,1.01,10,542.56
44362.08,16.4,15.55,1.12,1.02,10,542.12
44362.12,16.71,15.4,1.12,0.95,10,541.73
44362.17,16.32,15.51,1.19,1.08,10,541.5
44362.21,16.47,15.48,1.2,1.08,10,541.61
44362.25,16.65,15.25,0.69,1.25,10,542.17
44362.29,16.46,15.1,1.11,1.17,9.99,542.2
44362.33,16.28,14.91,1.42,0.74,10,542.42
44362.38,16.25,14.89,1.54,0.57,9.88,542.21
44362.42,19.51,15.92,1.26,0.9,9.64,542.45
44362.46,19.34,15.81,1.36,1.36,9.72,542.41
44362.5,19.37,15.74,1.44,1.5,8.68,542.18
44362.54,22.47,17.23,1.66,1.62,8.33,542.22
44362.58,22.61,18.56,1.81,1.75,8.22,541.87
44362.62,22.68,19.68,1.71,1.97,9.04,541.75
44362.67,20.55,18.4,1.7,1.88,9.42,541.63
44362.71,20.45,17.94,1.83,2.35,9.87,541.25
44362.75,18.96,17.2,1.77,0.24,9.99,541.92
44362.79,17.94,16.33,0.36,2.81,10,542.15
44362.83,18.69,16.54,0.5,2.29,9.99,542.34
44362.88,18.52,16.25,0.93,1.95,10,542.59
44362.92,18.41,16.54,0.74,1.62,9.88,542.75
44362.96,16.03,15.34,0.76,2.55,9.96,542.95
44363,16.35,15.33,0.72,2.15,10,542.87
44363.04,16.4,15.27,0.76,1.72,10,543.03
44363.08,16.43,15.28,0.52,1.13,10,542.75
44363.12,16.33,15.2,1.12,1.2,10,542.61
44363.17,15.97,14.96,1.16,1.17,10,542.64
44363.21,15.81,14.79,1.06,1.04,9.96,542.59
44363.25,16.27,15.05,1.11,1.01,10,543.33
44363.29,16.49,15.03,1.21,0.82,9.99,543.53
44363.33,16.85,15.34,1.14,0.76,9.95,543.58
44363.38,17.02,15.56,1.63,0.65,10,543.7
44363.42,19.89,15.47,1.7,0.74,10,543.8
44363.46,20.52,15.16,1.42,1.04,10,543.95
44363.5,20.78,16.12,1.01,1.81,10,544.02
44363.54,22.64,17.18,1.15,2.07,10,543.95
44363.58,21.86,17.74,0.94,2.36,9.95,543.58
44363.62,20.71,17.57,1.03,2.39,10,543.25
44363.67,19.85,17.76,0.97,2.5,9.95,543.66
44363.71,19.05,16.34,1.39,3.05,10,543.14
44363.75,17.38,15.83,1.28,0.11,9.96,543.82
44363.79,17.93,15.92,1.05,2.81,10,543.33
44363.83,18.29,16.13,1.11,2.51,10,544.06
44363.88,18.73,16.3,0.85,2.07,10,544.33
44363.92,18.3,16.02,1.02,2.5,10,544.46
44363.96,16.31,15.31,1.08,2.01,10,544.66
44364,16.5,15.45,0.94,1.94,10,544.84
44364.04,16.63,15.61,1.02,1.96,10,544.79
44364.08,16.42,15.57,0.77,2.15,10,544.51
44364.12,16.6,15.68,1,0.93,10,544.35
44364.17,15.44,14.81,1.15,1.18,10,544.27
44364.21,15.49,14.67,0.9,1.64,10,544.16
44364.25,15.23,14.64,0.98,1.55,10,544.09
44364.29,15.22,14.7,1.03,1.38,10,545.13
44364.33,15.64,15,1.38,1.32,10,544.99
44364.38,15.56,15.19,1.26,1.56,10,544.77
44364.42,17.64,16.71,1.33,1.68,9.98,544.87
44364.46,17.91,17.09,1.18,1.56,10,544.85
44364.5,17.45,17.01,0.99,2,10,544.89
44364.54,20.11,18.46,0.73,2.43,9.98,544.81
44364.58,20.27,18.96,0.88,2.64,9.99,544.28
44364.62,20.07,18.99,1.14,2.69,10,544.17
44364.67,18.87,17.82,1.36,2.6,10,543.86
44364.71,18.96,18.05,1.05,2.62,10,544.08
44364.75,17.32,16.9,1.43,0.14,10,543.97
44364.79,16.83,16.06,1.72,0.01,9.84,544.29
44364.83,15.85,14.39,1.29,0.48,9.88,544.9
44364.88,16.18,14.59,1.26,0.6,10,545.46
44364.92,15.96,14.3,1.11,0.59,10,545.6
44364.96,13.83,12.83,0.94,0.11,10,545.84
44365,13.38,12.82,0.95,3.07,10,545.75
44365.04,13.57,12.58,0.86,2.95,10,545.64
44365.08,13.6,12.65,0.46,2.78,10,545.04
44365.12,13.56,12.63,0.56,1.63,10,544.7
44365.17,13.43,12.63,0.67,1.74,10,544.56
44365.21,13.86,13,0.56,2.13,10,544.27
44365.25,13.53,12.79,1.09,1.4,10,544.1
44365.29,13.55,12.8,1.08,2.06,10,544.38
44365.33,13.29,12.63,1.27,1.74,10,544.41
44365.38,13.31,12.88,1.02,1.93,10,544.42
44365.42,16.37,14.36,0.97,1.92,9.88,544.4
44365.46,16.82,14.66,0.83,2.01,9.88,544.57
44365.5,16.29,14.69,0.9,2.62,10,544.57
44365.54,18.32,14.67,1.15,2.8,10,544.33
44365.58,18.17,14.63,1.25,2.77,10,544.05
44365.62,17.69,14.12,1.22,2.77,10,543.94
44365.67,17.2,13.84,1.61,0.05,10,543.87
44365.71,16.75,14.34,1.7,0.15,8.92,543.47
44365.75,14.97,13.89,2.03,0.26,10,543.73
44365.79,15.31,13.56,1.58,0.38,10,544.01
44365.83,15.08,13.3,1.47,0.38,10,544.36
44365.88,14.91,13.22,1.63,0.41,10,544.6
44365.92,14.36,13,1.36,0.23,10,544.89
44365.96,12.42,11.33,1.07,0.21,10,545.19
44366,12.36,11.17,0.86,0.15,10,545.01
44366.04,12.17,11.11,0.82,0.11,10,544.83
44366.08,12.29,11.11,0.57,2.93,10,544.19
44366.12,12.36,11.18,0.17,2.32,10,544.05
44366.17,12.09,11.14,0.33,1.44,10,543.71
44366.21,12.34,11.27,0.16,1.68,10,543.61
44366.25,12.73,11.38,0.46,0.09,10,543.79
44366.29,12.48,11.24,0.91,0.46,10,544.09
44366.33,12.04,11.25,1.19,0.4,10,544.01
44366.38,11.37,11.27,1.43,0.42,10,544.17
44366.42,14.49,12.38,1.48,0.41,10,544.27
44366.46,14.36,12.67,1.5,0.33,10,544.29
44366.5,14.41,12.92,1.56,0.2,10,544.41
44366.54,16.92,14,1.52,0.03,10,544.27
44366.58,17.07,13.95,1.52,2.98,10,543.93
44366.62,17.46,13.81,1.56,2.93,10,543.71
44366.67,17.57,13.69,1.74,2.97,10,543.5
44366.71,17.3,13.97,1.88,3.04,10,543.24
44366.75,14.47,12.78,1.9,0.19,9.9,543.38
44366.79,14.53,12.92,1.41,0.35,10,543.43
44366.83,14.94,12.74,1.48,0.21,10,543.8
44366.88,15.08,12.79,1.4,0.33,10,543.91
44366.92,14.26,12.6,1.29,0.22,10,544.31
44366.96,12.26,11.7,1.06,0.19,10,544.47
44367,12.26,11.49,0.78,0.28,10,544.41
44367.04,11.86,11.18,0.62,0.75,10,544.1
44367.08,12.08,11.26,0.33,0.7,10,543.74
44367.12,12.31,11.24,0.19,0.65,10,543.52
44367.17,11.93,10.97,0.53,1.25,10,543.46
44367.21,12.1,10.95,0.59,1.19,10,543.35
44367.25,12.78,10.98,0.68,0.87,10,543.64
44367.29,12.4,10.87,0.87,0.74,10,543.88
44367.33,11.72,10.73,1.01,0.51,10,543.76
44367.38,11.31,10.8,1.15,0.26,10,543.98
44367.42,13.8,11.82,1.08,0.01,10,544.14
44367.46,13.51,11.58,1.02,3.02,10,544.3
44367.5,14.09,12.05,1.02,3.02,10,544.25
44367.54,16.71,13.11,1.11,3.11,10,544.3
44367.58,17.34,13.23,1.31,3.13,10,543.81
44367.62,17.17,13.1,1.42,0.05,10,543.73
44367.67,18.27,13.55,1.62,0.15,10,543.5
44367.71,17.97,13.61,1.6,0.22,10,543.52
44367.75,14.66,11.78,1.87,0.38,10,544.43
44367.79,14.68,11.6,1.59,0.37,10,544.23
44367.83,14.98,11.71,1.4,0.36,10,544.87
44367.88,15.02,11.97,1.31,0.36,10,544.72
44367.92,14.68,12.08,1.43,0.39,10,545.27
44367.96,12.92,11.51,1.41,0.3,10,545.62
44368,13.24,11.54,1.15,0.14,10,545.53
44368.04,12.87,11.28,1.07,0.13,10,545.41
44368.08,13.12,11.36,0.95,0.17,10,544.99
44368.12,13.15,11.28,0.61,2.99,10,544.96
44368.17,12.17,10.77,0.27,2.25,10,544.82
44368.21,12.15,10.57,0.13,3.02,10,544.67
44368.25,11.97,10.34,0.42,1.94,10,544.61
44368.29,11.88,10.48,0.56,1.18,10,545.12
44368.33,11.68,10.12,0.7,0.31,10,545.26
44368.38,11.54,9.74,1.05,0.14,10,545.46
44368.42,14.18,10.95,1.15,0.39,10,545.74
44368.46,14.09,10.94,1.46,0.53,10,545.87
44368.5,14,10.76,1.51,0.59,10,545.96
44368.54,15.32,10.96,1.39,0.54,10,545.86
44368.58,15.38,10.99,1.32,0.5,10,545.63
44368.62,15.48,11.08,1.36,0.53,10,545.36
44368.67,14.83,10.77,1.56,0.55,10,545.34
44368.71,15.26,11,1.47,0.71,10,545.22
44368.75,13.32,10.7,1.39,0.93,10,545.86
44368.79,13.18,10.8,1.12,0.6,9.98,545.93
44368.83,13.37,11.09,1.25,0.88,9.98,546.1
44368.88,13.8,11.62,1.33,0.97,9.95,546.28
44368.92,13.54,11.85,1.23,1.38,9.8,546.55
44368.96,12.11,10.86,0.87,1.68,9.92,546.9
44369,12.35,10.76,0.76,2.03,10,546.8
44369.04,12.21,10.61,0.75,2.12,10,546.8
44369.08,12.12,10.67,0.64,2.12,10,546.48
44369.12,12.42,10.58,0.66,1.99,10,546.1
44369.17,11.04,9.94,0.75,1.95,10,546.06
44369.21,10.89,9.76,0.61,2.02,10,546.05
44369.25,11.53,9.64,0.35,2.45,9.73,546.59
44369.29,11.52,9.53,0.37,0.13,10,546.53
44369.33,11.96,7.9,0.46,0.07,9.91,546.85
44369.38,12.18,5.92,0.44,0.17,9.57,546.75
44369.42,14.67,5.84,0.24,0.28,8.6,546.98
44369.46,14.84,6.4,0.25,0.82,9.28,547.12
44369.5,14.32,6.32,0.67,0.72,8.92,546.99
44369.54,16.37,7.23,0.83,0.75,8.88,546.87
44369.58,16.19,7.98,0.78,0.51,7.43,546.5
44369.62,16.27,8.66,0.77,0.05,7.67,546.28
44369.67,17.46,9.68,0.94,2.73,9.52,545.71
44369.71,17,9.92,1.11,2.52,10,545.4
44369.75,16.5,10.02,0.88,2.69,10,546.02
44369.79,16.03,9.77,1.16,2.5,9.45,546
44369.83,16.54,10.39,0.94,2.87,10,545.96
44369.88,16.71,10.92,0.78,3.06,10,546.16
44369.92,16.7,11.33,0.87,3.01,10,546.42
44369.96,14.77,11.53,0.86,2.8,10,546.59
44370,14.76,11.52,0.79,2.89,10,546.51
44370.04,14.3,11.26,0.59,2.5,10,546.46
44370.08,14.52,11.47,0.48,2.35,10,545.98
44370.12,14.36,11.22,0.41,2.11,10,545.72
44370.17,14.13,11.34,0.45,2.32,10,545.47
44370.21,14.17,11.23,0.48,2.64,10,545.65
44370.25,13.73,11.99,0.3,2.57,10,545.99
44370.29,13.51,11.75,0.36,0.55,10,545.98
44370.33,13.1,10.9,0.56,0.02,10,546.06
44370.38,12.88,10.25,0.86,2.97,10,546.14
44370.42,14.72,10.63,0.97,2.66,10,546.26
44370.46,14.36,10.25,0.86,2.42,9.98,546.24
44370.5,15,10.85,0.95,2.28,9.96,546.22
44370.54,16.64,11.9,1.26,2.31,10,546.18
44370.58,16.7,11.96,1.27,2.42,10,545.79
44370.62,16.39,12.11,1.43,2.63,10,545.52
44370.67,16.93,12.7,1.48,2.98,10,545.11
44370.71,17.49,13.08,1.65,0.12,10,544.76
44370.75,15.04,12.33,1.42,3.11,10,545.1
44370.79,15.21,11.91,1.54,0.07,10,545.46
44370.83,14.8,12.29,1.1,0.27,10,546.06
44370.88,14.92,12.69,0.94,0.06,9.99,545.97
44370.92,14.76,12.71,0.63,0.05,9.95,545.87
44370.96,13.31,12.48,0.69,0.5,9.95,546.3
44371,13.39,12.59,0.78,0.58,9.98,546.28
44371.04,13.2,12.75,0.66,3.13,10,546.01
44371.08,12.97,12.65,0.33,2.96,9.96,545.48
44371.12,12.74,12.31,0.15,3.14,10,545.27
44371.17,12.28,12.28,0.18,1.22,10,545.13
44371.21,12.15,12.03,0.35,1.19,10,545
44371.25,11.76,11.76,0.47,1.23,10,545.18
44371.29,11.83,11.83,0.61,0.94,10,545.08
44371.33,12.27,12.04,0.52,0.29,9.96,545.25
44371.38,12.99,12.12,0.66,0.32,10,545.2
44371.42,14.91,12.92,0.8,2.95,10,545.34
44371.46,15.29,12.93,1.1,2.66,10,545.21
44371.5,16.03,12.88,1.42,2.37,10,545.29
44371.54,17.12,13.17,1.38,2.42,9.99,544.85
44371.58,16.75,13.63,1.23,2.5,10,544.62
44371.62,16.48,14.62,1.24,2.78,10,544.2
44371.67,16.58,14.94,1.56,0.01,10,543.9
44371.71,16.56,15.09,1.71,0.31,9.96,543.59
44371.75,14.21,13.26,1.52,0.16,9.92,544.08
44371.79,14.37,13.54,1.44,0.21,10,544.18
44371.83,14.82,13.54,1.42,0.42,9.76,544.51
44371.88,15.05,13.93,1.07,0.24,9.56,544.82
44371.92,14.53,13.79,0.87,0.1,9.68,545.23
44371.96,13.38,13.11,0.88,0.27,10,545.46
44372,13.38,13.16,0.89,0.07,10,545.59
44372.04,13.18,13.02,0.84,3.06,10,545.35
44372.08,13.08,12.97,0.77,3.08,10,544.9
44372.12,13.13,12.97,0.78,2.97,10,544.54
44372.17,12.82,12.67,0.82,3.05,10,544.23
44372.21,12.85,12.7,0.85,0.02,10,544.15
44372.25,12.91,12.89,0.99,0.28,10,544.55
44372.29,12.94,12.94,1.14,3.12,10,544.68
44372.33,12.88,12.88,1.07,3.09,10,544.92
44372.38,12.99,12.99,1.05,0.22,10,544.76
44372.42,15.13,14.59,1.13,0.33,10,544.85
44372.46,14.72,14.6,1.15,0.35,9.96,544.71
44372.5,14.32,14.15,1.23,0.35,9.96,544.77
44372.54,15.52,14.73,1.08,0.4,9.96,544.57
44372.58,15.42,14.68,1.28,0.55,10,544.4
44372.62,15.8,15.04,1.28,0.52,10,544.16
44372.67,16.45,15.57,1.02,0.36,10,543.97
44372.71,16.34,14.96,1.07,0.67,10,543.81
44372.75,14.58,13.8,1.18,0.2,10,543.72
44372.79,14.8,14,1.3,0.34,10,543.81
44372.83,15.01,13.71,1.23,0.3,10,544.18
44372.88,15.2,13.91,1.03,0.05,10,544.37
44372.92,15.02,14.22,0.75,3.04,10,544.65
44372.96,13.9,13.85,0.54,2.46,10,544.97
44373,14.07,13.85,0.55,1.67,10,544.89
44373.04,13.97,13.78,0.58,1.74,10,544.63
44373.08,13.93,13.75,0.72,1.73,10,544.17
44373.12,14.16,13.81,0.78,1.54,10,543.95
44373.17,13.87,13.54,1.16,1.24,10,543.8
44373.21,13.97,13.66,1.47,1.11,10,543.47
44373.25,14.77,14.09,1.4,1.01,9.96,543.93
44373.29,15.03,14.12,1.48,0.81,10,543.83
44373.33,15.2,14.15,1.58,0.72,9.96,544.03
44373.38,14.52,14.39,1.34,0.88,9.89,544.1
44373.42,17.78,15.33,0.97,1.4,10,544.17
44373.46,17.79,15.21,0.93,1.77,9.99,544.22
44373.5,17.44,15.06,0.84,2.1,9.99,544.05
44373.54,19.76,15.75,1.14,2.01,9.98,543.93
44373.58,19.48,15.83,1.28,2.11,10,543.79
44373.62,19.13,15.67,1.46,2.08,9.91,543.71
44373.67,18.88,15.76,1.09,2.21,9.86,543.68
44373.71,18.53,15.57,1.51,2.22,9.94,543.27
44373.75,17.15,15.36,0.98,2.94,9.92,544.18
44373.79,17.18,15.24,1.11,2.79,9.32,543.26
44373.83,17.29,15.87,1.4,0.4,9.32,543.9
44373.88,17.18,15.2,1.02,0.3,9.96,544.47
44373.92,17.21,15.38,0.97,0.05,10,544.83
44373.96,15.31,14.48,0.7,3.14,10,545.22
44374,15.29,14.53,0.41,0.17,10,545.15
44374.04,14.96,14.08,0.46,2.46,10,545.05
44374.08,14.62,13.71,0.59,0.95,10,544.62
44374.12,15.06,13.95,0.69,0.79,10,544.67
44374.17,14.74,13.81,0.78,0.83,10,544.51
44374.21,14.54,13.83,0.77,0.56,10,544.42
44374.25,14.71,14.03,0.87,0.9,10,544.69
44374.29,14.62,13.97,0.35,3.05,10,544.6
44374.33,14.56,13.85,0.5,0.61,9.98,545.07
44374.38,14.05,13.85,0.61,0.37,9.99,545.15
44374.42,16.29,14.78,0.93,0.53,10,545.26
44374.46,16.57,14.47,0.86,0.68,10,545.22
44374.5,16.6,14.15,0.8,0.81,10,545.24
44374.54,18.24,15.32,1.11,0.55,10,545.19
44374.58,17.88,16.04,1.2,0.38,10,544.77
44374.62,17.57,16.11,1.39,0.35,10,544.62
44374.67,18.15,16.21,1.26,0.13,10,544.47
44374.71,17.94,16.29,1.41,0.41,10,544.01
44374.75,16.77,14.7,1.41,0.51,9.95,544.61
44374.79,16.64,14.79,1.15,0.39,9.94,544.1
44374.83,16.64,14.86,1.16,0.47,10,545.06
44374.88,17.12,15.09,1.34,0.76,10,545.25
44374.92,16.85,15.27,0.6,0.84,10,545.3
44374.96,15.14,14.69,0.59,0.78,10,545.31
44375,15.45,14.48,0.66,1.28,10,545.56
44375.04,15.2,14.15,0.79,1.31,10,545.58
44375.08,15.15,14.01,0.62,1.21,10,545.12
44375.12,14.92,14.1,0.67,1.68,10,544.91
44375.17,14.33,13.71,0.66,1.56,10,544.68
44375.21,14.37,13.63,0.71,1.64,10,544.71
44375.25,13.87,13.36,1.32,1.12,10,545.23
44375.29,14.13,13.44,1.21,0.88,10,545.23
44375.33,13.71,13.26,1.2,0.87,9.9,545.22
44375.38,14.44,12.66,1.39,0.82,9.91,545.45
44375.42,17.27,13.46,1.49,0.76,9.92,545.25
44375.46,18.05,13.68,1.87,0.65,10,545.38
44375.5,17.54,13.86,2.12,0.64,9.96,545.16
44375.54,17.79,14.11,2.12,0.56,9.95,545.09
44375.58,17.6,14.37,1.89,0.38,9.96,544.85
44375.62,17.2,14,1.74,0.22,9.82,544.73
44375.67,18.39,14.31,1.59,0.29,8.87,544.41
44375.71,18.82,14.57,1.47,0.26,9,543.9
44375.75,16.63,15.47,2.54,0.7,9.5,544.11
44375.79,15.44,14.44,1.71,0.44,9.37,544.65
44375.83,15.25,13.96,1.33,0.56,9.57,545.17
44375.88,14.91,13.94,1.23,0.59,9.87,545.21
44375.92,14.87,14.16,1.1,0.54,9.92,545.68
44375.96,14.03,13.92,0.79,0.9,9.96,545.83
44376,14.49,14.06,0.93,1.41,10,545.95
44376.04,14.22,13.87,0.63,1.98,10,545.74
44376.08,14.25,13.89,0.71,2.1,10,545.54
44376.12,14.16,13.84,0.99,2.03,10,545.26
44376.17,13.63,13.53,1.33,1.68,10,545.08
44376.21,13.83,13.73,1.25,1.43,10,544.89
44376.25,14.78,14.26,1.65,1.59,9.99,544.79
44376.29,14.62,13.93,1.51,1.62,10,544.97
44376.33,14.08,13.74,1.51,1.5,10,545.19
44376.38,13.66,13.58,1.65,1.1,10,545.47
44376.42,16.01,15.07,1.56,0.93,10,545.6
44376.46,16.85,16.19,1.49,0.88,10,545.7
44376.5,16.99,16.24,1.66,1,10,545.84
44376.54,18.37,16.6,1.98,0.95,9.96,545.63
44376.58,18.35,16.49,2.02,0.76,9.96,545.29
44376.62,17.17,15.06,2.24,0.63,9.94,544.92
44376.67,17.56,15.48,2.53,0.76,9.8,544.44
44376.71,18.11,15.82,2.59,0.75,9.81,543.97
44376.75,15.95,14.41,2.87,0.73,9.46,544.93
44376.79,15.89,13.79,1.8,0.66,9.82,544.72
44376.83,15.79,13.73,1.78,0.94,9.84,544.91
44376.88,15.47,13.66,0.78,0.13,10,545.56
44376.92,15.06,13.84,0.23,1.74,10,545.85
44376.96,14.53,13.36,1.35,1.65,10,545.71
44377,14.22,13.25,1.19,1.43,9.96,545.67
44377.04,13.96,13.11,1.31,1.49,10,545.39
44377.08,13.89,13.08,0.77,1.68,10,545.24
44377.12,14.08,13.21,0.78,1.71,10,545.05
44377.17,13.35,12.55,0.8,1.91,10,544.88
44377.21,13.44,12.59,0.99,1.96,10,544.55
44377.25,12.96,12.11,1.06,1.58,9.9,544.5
44377.29,13.4,11.98,0.75,1.6,9.75,544.93
44377.33,13.48,12.56,0.78,1.51,10,545.06
44377.38,14.63,12.52,0.94,0.98,10,545.22
44377.42,17.26,12.25,1.07,0.92,10,545.49
44377.46,18.01,11.86,0.77,1.32,9.96,545.6
44377.5,18.13,11.89,0.96,1.47,10,545.44
44377.54,18.92,12.66,0.94,1.57,10,545.26
44377.58,18.24,12.7,0.8,1.3,9.96,544.92
44377.62,17.28,13.4,0.82,1.13,10,544.64
44377.67,16.94,14.58,0.95,0.93,10,544.3
44377.71,16.64,14.72,1,1,10,543.86
44377.75,14.13,12.18,1.1,0.75,10,544.15
44377.79,14.73,12.3,0.78,0.77,10,544.26
44377.83,15.31,12.38,0.89,1.3,9.99,544.32
44377.88,15.24,13.13,0.89,0.88,10,544.33
44377.92,15.46,13.66,0.78,0.79,10,544.68
44377.96,14.16,13.13,0.57,0.25,10,544.71
44378,14.3,13.35,0.49,0.45,10,544.68
44378.04,14.01,13.3,0.72,0.99,10,544.52
44378.08,14.08,13.37,0.87,0.67,10,544.24
44378.12,14.09,13.4,0.64,0.31,10,543.82
44378.17,14.11,13.21,0.49,0.57,10,543.73
44378.21,14.23,13.31,0.72,1,10,543.76
44378.25,13.88,13.2,0.61,1.44,10,543.64
44378.29,13.57,12.95,0.4,0.4,10,543.87
44378.33,12.71,12.51,0.5,0.2,10,543.98
44378.38,11.98,11.78,0.73,0.57,10,544.13
44378.42,13.75,12.46,0.99,0.57,10,544.4
44378.46,13.7,11.94,1.04,0.48,10,544.18
44378.5,13.27,11.55,1.29,0.42,10,544.35
44378.54,13.69,11.48,1.25,0.2,10,544.14
44378.58,13.97,11.69,1.16,3.07,10,543.87
44378.62,14.51,11.82,1,2.99,10,543.49
44378.67,13.89,11.61,0.91,0.49,10,543.28
44378.71,14.63,11.76,1.26,0.82,9.99,542.98
44378.75,13.65,12.27,1.3,0.86,9.98,543.96
44378.79,13.91,12.24,1.11,0.43,9.92,543.11
44378.83,13.79,12.31,0.84,0.1,9.96,543.71
44378.88,13.65,12.69,0.45,2.6,9.99,544.08
44378.92,13.68,12.82,0.13,1.3,9.99,544.15
44378.96,12.87,12.45,0.3,1.76,10,544.39
44379,12.99,12.59,0.3,1.04,10,544.22
44379.04,12.97,12.53,0.24,0.25,10,543.82
44379.08,13.17,12.63,0.24,0.33,10,543.52
44379.12,13.28,12.58,0.19,1.18,10,543.33
44379.17,12.82,12.32,0.25,0.87,10,543.26
44379.21,12.87,12.32,0.24,2.63,9.96,543.05
44379.25,12.68,12.3,0.32,0.51,10,543.62
44379.29,12.68,12.28,0.74,1.73,10,543.74
44379.33,12.86,11.88,0.96,1.88,10,543.82
44379.38,12.83,11.69,0.96,1.5,10,543.83
44379.42,15.79,12.45,0.66,1.23,9.97,543.74
44379.46,16.26,12.73,0.31,2.24,9.98,543.84
44379.5,15.92,12.47,0.58,2.93,10,543.76
44379.54,18.18,13.28,0.89,2.94,10,543.68
44379.58,17.47,13.72,1.14,2.89,10,543.45
44379.62,17.5,13.91,1.33,0.39,9.96,543.61
44379.67,15.95,13.67,1.82,0.36,10,543.58
44379.71,15.02,13.49,1.82,0.57,10,543.83
44379.75,13.22,12.64,1.76,0.7,10,544.43
44379.79,13.28,12.82,1.52,0.46,10,544.31
44379.83,13.5,12.98,1.37,0.32,10,544.89
44379.88,13.95,13.38,1.24,0.57,10,545.34
44379.92,13.85,13.27,1.43,0.6,10,545.77
44379.96,12.94,12.75,1.26,0.64,10,546.13
44380,12.87,12.83,1.14,0.71,10,546.17
44380.04,12.76,12.58,0.87,1.17,10,545.87
44380.08,12.72,12.53,0.62,1.67,10,545.45
44380.12,12.79,12.56,0.77,1.78,10,545.15
44380.17,12.53,12.35,0.83,1.72,10,545.08
44380.21,12.48,12.29,0.64,1.72,10,545.02
44380.25,13.18,12.7,0.61,1.61,9.96,545.04
44380.29,12.89,12.49,0.48,1.47,10,545.09
44380.33,12.26,11.98,0.26,1.27,10,545.37
44380.38,12.06,11.33,0.16,1.36,10,545.14
44380.42,15,11.69,0.29,0.39,10,545.36
44380.46,15.29,11.6,0.67,2.92,10,545.34
44380.5,15.53,11.6,0.96,2.59,10,545.17
44380.54,18.14,12.5,1.32,2.36,10,545.01
44380.58,17.87,12.21,1.48,2.24,10,544.69
44380.62,18,12.64,1.37,2.21,10,544.39
44380.67,18.5,13.1,1.65,2.28,10,544.12
44380.71,17.83,13.52,1.56,2.33,10,543.96
44380.75,15.17,12.84,1.43,2.46,10,544.29
44380.79,15.16,12.71,1.26,2.9,10,544.29
44380.83,15.71,12.99,1,0.12,10,544.89
44380.88,15.93,13.46,1.16,0.36,10,544.97
44380.92,15.63,13.62,1.2,0.23,10,545.25
44380.96,13.9,13.11,1.06,3.14,10,545.53
44381,14.14,13.1,1.08,2.93,10,545.45
44381.04,13.72,12.93,1.11,3.01,10,545.33
44381.08,13.74,12.96,1.17,3,10,544.93
44381.12,13.72,12.85,1.06,3.09,10,544.72
44381.17,13.05,12.52,0.99,0.11,10,544.59
44381.21,13.03,12.59,1.01,0.32,10,544.52
44381.25,13.58,12.5,0.75,0.47,10,544.56
44381.29,13.31,12.35,1.11,0.65,10,544.86
44381.33,12.58,11.91,1.2,0.69,10,545.24
44381.38,11.85,11.63,1.14,0.8,10,545.32
44381.42,13.73,12.13,1.13,0.79,10,545.46
44381.46,13.55,12.32,1.14,0.53,10,545.56
44381.5,13.5,12.54,1.15,0.13,10,545.55
44381.54,15.92,13.85,1.22,2.9,10,545.47
44381.58,16.22,13.93,1.27,2.63,10,545.13
44381.62,16.67,14.24,1.24,2.77,10,544.85
44381.67,17.21,14.77,1.39,2.91,10,544.48
44381.71,17.54,15.5,1.33,0.12,10,544.24
44381.75,15.68,13.97,1.91,0.34,9.99,545.37
44381.79,15.42,13.93,1.35,0.22,10,545
44381.83,15.42,13.72,1.09,0.15,10,545.23
44381.88,15.63,13.83,0.88,2.95,10,545.23
44381.92,15.29,13.82,0.82,0.5,10,545.64
44381.96,13.99,13.55,0.86,0.48,10,546.04
44382,14.01,13.48,0.84,0.53,10,546.06
44382.04,14.26,13.63,0.7,0.25,10,545.76
44382.08,14.42,13.91,0.14,0.11,10,545.41
44382.12,14.54,13.9,0.37,1.17,10,545.19
44382.17,14.04,13.65,0.55,1.56,10,544.9
44382.21,14.25,13.86,0.62,1.94,10,545.05
44382.25,13.43,13.19,0.66,2.4,10,544.86
44382.29,13.32,12.92,0.37,2.06,10,545.14
44382.33,13.11,13.1,0.17,0.58,10,545.25
44382.38,13.35,13.35,0.99,2.13,10,545.44
44382.42,15.02,15.02,0.75,2.34,10,545.62
44382.46,13.83,13.83,0.77,2.59,10,545.8
44382.5,13.85,13.85,1.01,2.76,10,545.71
44382.54,14.12,14.11,1.26,2.82,10,545.68
44382.58,13.49,13.49,1.22,2.79,10,545.37
44382.62,13.73,13.73,1.25,2.86,10,545.13
44382.67,14.8,14.73,1.14,0.34,10,544.51
44382.71,15.7,15.18,1.15,0.54,10,544.63
44382.75,13.89,13.41,1.37,0.53,10,545.17
44382.79,14.01,13.33,0.82,0.29,10,545.41
44382.83,14.17,13.3,0.84,0.38,10,545.48
44382.88,14.08,13.52,0.89,0.18,10,545.57
44382.92,14.2,13.62,1.13,0.06,10,545.72
44382.96,13.32,13.02,0.75,0.28,10,546.34
44383,13.45,13.17,0.54,0.46,10,546.47
44383.04,13.37,13.21,0.47,0.85,10,546.31
44383.08,13.37,13.25,0.48,1.38,10,545.92
44383.12,13.16,13.01,0.52,1.61,10,545.41
44383.17,12.91,12.91,0.78,1.3,10,545.23
44383.21,13.01,12.92,0.68,1.04,10,545.21
44383.25,12.67,12.65,0.6,1.09,10,545.13
44383.29,12.79,12.52,1,1.4,9.95,545.6
44383.33,12.94,12.25,1.04,1.25,10,545.6
44383.38,13.51,12.01,1.29,1.03,9.94,545.66
44383.42,15.44,13.01,1.25,0.72,9.87,545.94
44383.46,15.41,12.98,1.46,0.73,9.76,545.89
44383.5,15.49,13.51,1.43,0.61,9.87,545.85
44383.54,17.62,15.64,1.59,0.49,9.33,545.7
44383.58,18.08,16.71,1.8,0.46,9.97,545.29
44383.62,17.08,16.03,1.81,0.43,9.86,545.07
44383.67,16.2,14.82,2.29,0.49,9.38,544.54
44383.71,16.16,14.71,1.83,0.39,9.74,545
44383.75,14.87,14.24,1.57,0.5,9.58,545.37
44383.79,14.04,13.61,1.31,0.62,9.92,545.47
44383.83,14.23,13.56,0.98,0.39,9.99,546.22
44383.88,14.49,13.79,0.89,0.55,9.96,546.69
44383.92,14.58,13.79,0.37,2.54,9.96,546.87
44383.96,13.5,13.4,0.59,2.44,10,547.23
44384,13.66,13.61,0.7,0.33,10,547.3
44384.04,13.52,13.52,0.76,0.25,10,547.06
44384.08,13.39,13.39,0.39,0.4,10,546.79
44384.12,13.43,13.36,0.2,2.36,10,546.8
44384.17,13.04,13.04,0.32,1.42,10,546.38
44384.21,13.15,13.14,0.48,0.53,10,546.55
44384.25,13.83,13.57,0.67,1.05,10,546.81
44384.29,13.87,13.58,1,0.56,10,547
44384.33,14.22,13.56,1.1,0.42,9.65,547.13
44384.38,14.63,14.04,0.89,0.54,9.69,547.15
44384.42,17.9,13.68,0.34,1.12,9.01,547.41
44384.46,17.87,14.3,0.65,1.99,9.92,547.61
44384.5,17.69,15.27,0.74,2.25,10,547.67
44384.54,20.39,17.01,0.91,2.08,9.91,547.54
44384.58,19.52,16.51,0.98,2.15,9.74,547.03
44384.62,18.51,15.88,0.73,2.27,9.4,546.59
44384.67,19.05,16.26,1.14,2.4,9.98,546.37
44384.71,17.18,15.03,0.6,2.72,9.99,546.26
44384.75,16.55,15.78,0.95,2.89,10,546.34
44384.79,15.77,14.88,1.03,2.23,10,546.91
44384.83,16.35,15.25,1.06,2.85,10,547.14
44384.88,16.02,14.8,0.92,2.67,10,547.27
44384.92,15.91,14.84,0.89,2.09,10,547.5
44384.96,14.17,14.09,1.04,1.77,10,547.86
44385,14.74,14.31,1.24,1.25,10,547.77
44385.04,14.73,14.6,1.34,0.99,9.96,547.51
44385.08,14.9,14.64,1.52,0.73,10,547.31
44385.12,15.16,14.48,1.45,0.66,9.88,547.06
44385.17,13.98,13.72,1.22,0.41,9.88,546.81
44385.21,14.1,13.69,1.35,0.44,9.85,546.77
44385.25,13.31,13.27,0.38,0.7,10,547.41
44385.29,13.37,13.24,0.3,1.25,10,547.23
44385.33,14.02,13.75,0.51,1.52,10,547.39
44385.38,13.85,13.75,1.04,2.18,9.81,547.56
44385.42,16.93,14.42,1.14,1.93,9.95,547.75
44385.46,17.22,14.02,1.3,1.86,9.9,547.71
44385.5,17.5,14.44,1.28,1.89,9.96,547.85
44385.54,19.56,16.13,1.13,2.25,9.91,547.77
44385.58,18.85,15.66,1.14,2.52,9.96,547.3
44385.62,17.84,14.95,1.03,2.94,9.98,547.22
44385.67,18.44,15.45,1.29,0.04,9.99,546.63
44385.71,18.2,15.28,0.69,2.53,10,546.46
44385.75,16.32,15.31,1.03,2.79,10,546.66
44385.79,16.68,15.35,1.2,2.75,10,546.64
44385.83,16.73,15.13,0.82,2.96,10,547
44385.88,16.59,15.04,0.75,0.16,10,547.08
44385.92,16.43,14.99,0.46,0.3,10,547.33
44385.96,14.97,14.27,0.41,2.65,10,547.6
44386,15.11,14.34,0.33,2.11,10,547.46
44386.04,14.89,14.16,0.67,1.34,10,547.23
44386.08,15.03,14.07,1.02,1.35,10,546.8
44386.12,15.03,14.03,1.09,0.95,10,546.46
44386.17,14.64,13.91,1.01,0.76,10,546.32
44386.21,14.45,13.71,1.16,0.74,10,546.2
44386.25,14.63,14.28,1.26,0.72,9.99,546.5
44386.29,14.62,14.15,1.51,0.95,9.99,546.48
44386.33,15.3,14.3,1.68,0.9,9.99,546.76
44386.38,15.69,14.52,1.99,0.9,10,546.65
44386.42,17.8,15.41,1.83,0.94,10,546.99
44386.46,18.37,16.21,1.85,1.08,10,546.78
44386.5,18.97,17.22,1.78,1.21,9.96,546.68
44386.54,20.26,17.4,1.52,1.48,10,546.53
44386.58,19.86,17.43,1.56,1.47,10,546.09
44386.62,19.21,16.62,1.53,1.45,9.9,545.63
44386.67,18.73,16.23,1.56,1.87,9.9,545.47
44386.71,17.73,15.31,1.76,1.62,9.94,545.35
44386.75,15.97,14.53,1.23,1.78,9.94,545.17
44386.79,16.1,14.32,1.81,1.85,9.83,545.32
44386.83,15.84,14.08,1.61,1.45,9.71,545.63
44386.88,15.67,13.97,1.57,1.47,9.95,545.57
44386.92,15.11,13.46,1.9,1.4,9.89,545.59
44386.96,14.71,13.2,1.77,1.15,10,545.94
44387,14.77,13.12,1.87,1.1,9.95,545.71
44387.04,14.96,12.96,1.65,1.04,9.98,545.38
44387.08,14.6,12.77,1.56,0.92,10,544.98
44387.12,14.54,12.81,1.63,0.79,10,544.63
44387.17,14.3,12.56,1.53,0.77,10,544.26
44387.21,14.33,12.68,1.71,0.79,10,544.26
44387.25,14.69,12.14,1.43,0.86,10,544.47
44387.29,14.76,12.42,2.13,0.89,10,544.32
44387.33,14.97,12.62,2.34,0.85,10,544.32
44387.38,15.32,12.53,2.74,0.81,10,544.34
44387.42,17.73,12.83,3.12,0.77,10,544.61
44387.46,17.89,12.73,3.5,0.74,10,544.63
44387.5,17.69,12.28,3.51,0.73,10,544.89
44387.54,19.36,12.64,3.66,0.76,9.96,544.67
44387.58,18.94,12.8,2.95,0.86,10,544.32
44387.62,18.45,12.88,3.09,0.79,9.99,544.07
44387.67,18.73,12.92,2.34,0.87,10,543.99
44387.71,18.48,12.95,1.78,1.15,9.99,543.85
44387.75,17.28,13.25,1.07,1.3,10,544.01
44387.79,17.23,13.5,0.81,1.56,10,544.55
44387.83,17.29,13.99,0.87,1.21,10,544.91
44387.88,17.25,14.44,1.08,1.12,10,545.15
44387.92,17.22,14.53,1.3,1.04,9.96,545.57
44387.96,15.64,13.59,1.26,0.96,10,545.64
44388,15.68,13.56,1.14,0.84,10,545.61
44388.04,15.54,13.72,1.23,0.71,9.83,545.58
44388.08,15.66,13.9,1.33,0.77,9.87,545.29
44388.12,15.77,13.97,1.23,0.71,9.95,545.1
44388.17,15.57,13.85,1.4,0.78,9.99,544.86
44388.21,15.66,13.79,1.37,0.79,9.9,544.72
44388.25,15.88,14.29,1.19,0.66,9.8,544.74
44388.29,15.85,14.2,1.44,0.58,9.95,545
44388.33,15.7,13.97,1.38,0.57,10,545.28
44388.38,15.6,13.81,1.21,0.73,9.94,545.44
44388.42,18.16,14.28,1.46,0.9,10,545.76
44388.46,18.06,14.3,1.36,0.91,9.39,545.71
44388.5,17.56,14.38,0.63,1.05,9.31,545.95
44388.54,19.69,15.88,0.37,1.03,9.96,545.76
44388.58,18.99,15.37,0.82,1.07,10,545.82
44388.62,18.78,15.65,1.23,1.48,9.75,545.34
44388.67,19.08,15.46,1.19,1.57,9.88,545.27
44388.71,19.39,16.09,1.38,1.25,8.6,544.81
44388.75,17.08,14.81,0.71,1.51,9.93,545.25
44388.79,16.9,14.07,1.05,1.5,10,545.49
44388.83,17.66,14.57,1.27,1.07,9.96,545.63
44388.88,17.66,14.97,1.02,0.4,9.87,545.81
44388.92,17.23,15.06,1.25,0.71,9.94,545.89
44388.96,14.79,14.21,1.33,0.64,9.98,545.96
44389,14.69,14.13,1.28,0.69,10,545.93
44389.04,14.89,14.28,1.26,0.62,10,545.85
44389.08,15.37,14.42,1.28,0.6,10,545.67
44389.12,15.5,14.57,1.28,0.6,10,545.43
44389.17,15.46,14.51,1.28,0.51,10,545.38
44389.21,15.87,14.82,1.4,0.48,9.14,545.14
44389.25,16.05,14.83,1.44,0.66,8.8,545.1
44389.29,15.95,14.69,1.48,0.44,7.07,545.42
44389.33,16,14.6,1.61,0.57,7.02,545.63
44389.38,15.96,14.03,1.82,0.59,6.22,545.66
44389.42,20.07,14.62,1.61,0.53,6.31,545.87
44389.46,20.01,14.41,1.61,0.46,8,546.07
44389.5,20.44,15.16,1.24,0.62,7.45,545.96
44389.54,22.3,15.81,1.15,0.94,6.73,545.83
44389.58,22.53,16.63,1.11,1.4,9.82,545.46
44389.62,22.58,17.22,1.39,1.6,8.74,545.22
44389.67,21.79,17.23,0.7,1.53,9.68,545.11
44389.71,20.97,16.23,0.54,2.39,9.28,544.85
44389.75,17.71,14.61,1.19,2.42,6.28,544.97
44389.79,17.03,13.56,1.42,1.43,5.77,544.95
44389.83,17.89,13.04,0.7,1.42,5.99,545.22
44389.88,17.81,13.77,1.04,1.47,5.22,545.52
44389.92,16.72,13.76,1.36,0.84,6.22,545.62
44389.96,14.09,12.93,1.23,0.76,8.68,546.03
44390,14.29,12.97,1.18,0.52,9.48,546
44390.04,14.09,13.02,1.22,0.52,9.91,545.66
44390.08,14.24,13.13,1.36,0.54,9.86,545.31
44390.12,14.7,13.41,1.13,0.55,9.03,545.13
44390.17,14.27,13.55,1.2,0.57,6.59,544.83
44390.21,14.9,13.9,1.39,0.57,5.73,544.74
44390.25,16.19,15.07,1.43,0.47,5.43,544.6
44390.29,16.25,15.07,1.53,0.39,8.48,544.82
44390.33,16.14,15.17,1.62,0.39,9.94,545.08
44390.38,16.19,15.29,1.45,0.43,4.28,545.13
44390.42,20.49,15.38,1.36,0.44,2.35,545.42
44390.46,20.94,14.4,1.4,0.63,3.7,545.55
44390.5,21.02,14.33,1.25,1.16,5.35,545.47
44390.54,23.08,15.07,1.43,1.32,2.75,545.34
44390.58,22.97,16.28,1.31,1.56,3.2,544.99
44390.62,21.42,16.76,0.67,2.19,9.01,545.09
44390.67,20.65,16.51,1.07,1.55,9.88,544.8
44390.71,20.35,15.95,0.78,2.05,8.42,544.38
44390.75,18.3,15.54,0.83,3.04,7.83,543.81
44390.79,18.83,15.18,1.07,2.17,7.64,544.54
44390.83,18.84,15.02,1.35,2.41,5.91,544.59
44390.88,18.43,15.22,1.12,2.45,3.92,544.79
44390.92,18.19,15.25,0.82,1.8,7.46,545.28
44390.96,16.31,14.56,0.5,1.07,7.46,545.31
44391,16.42,14.78,0.44,0.58,7.27,545.51
44391.04,15.89,14.43,0.72,1.01,7.24,545.26
44391.08,15.74,14.15,1.19,0.97,6.81,544.88
44391.12,15.8,14.22,1.52,0.88,6.68,544.7
44391.17,15.03,13.8,1.54,0.83,3.55,544.47
44391.21,14.94,13.67,1.38,0.71,2.31,544.47
44391.25,14.54,12.75,0.76,0.83,1.59,544.14
44391.29,14.53,12.83,0.6,0.94,4.5,544.32
44391.33,16.29,13.63,0.28,1.4,7.91,544.59
44391.38,17.4,13.15,0.94,1.54,9.07,544.7
44391.42,20.32,13.46,1.44,1.29,9.88,544.85
44391.46,20.62,13.33,1.89,1.25,9.61,544.94
44391.5,20.52,12.78,2.13,1.23,9.82,544.76
44391.54,22.97,12.59,2.1,1.31,9.95,544.68
44391.58,22.8,12.79,2.1,1.36,9.76,544.44
44391.62,22.92,13,2.23,1.44,9.94,544.2
44391.67,22.69,13.73,1.96,1.37,10,544.23
44391.71,22.34,14.26,1.3,1.69,10,544.04
44391.75,19.49,14.73,1.09,2.34,10,544.95
44391.79,19.74,14.86,1.68,1.63,10,544.09
44391.83,20.07,15.68,1.18,1.16,10,544.31
44391.88,20.04,15.76,1.53,0.72,10,544.22
44391.92,20,16.04,1.19,0.63,10,544.49
44391.96,18.24,15.33,1.46,0.83,10,544.71
44392,17.7,15.26,1.54,0.84,10,544.89
44392.04,17.47,15.17,1.38,0.79,10,544.89
44392.08,17.79,15.47,1.35,0.63,10,544.68
44392.12,18,15.4,1.32,0.62,10,544.32
44392.17,16.9,15.17,1.48,0.7,10,544.1
44392.21,16.31,14.91,1.37,0.63,10,544.14
44392.25,16.5,14.81,1.16,0.47,10,544.6
44392.29,16.49,14.79,1.11,0.62,10,544.78
44392.33,16.59,14.98,1.42,0.73,10,544.87
44392.38,16.81,15.25,1.38,0.7,10,544.99
44392.42,18.63,14.76,1.48,0.84,10,544.89
44392.46,18.66,14.33,0.9,1.1,10,545.19
44392.5,18.79,14.06,0.95,1.99,10,545.5
44392.54,19.52,13.71,1.11,1.91,10,545.58
44392.58,19.33,13.72,1.41,1.48,10,545.41
44392.62,19,13.58,1.57,1.47,10,545.12
44392.67,18.91,13.68,1.08,1.71,10,544.85
44392.71,18.71,13.98,0.5,2.7,10,544.84
44392.75,16.95,14.4,0.38,0.13,10,544.96
44392.79,17.09,14.56,0.76,2.09,10,544.95
44392.83,17.3,14.81,0.72,2.14,10,545.84
44392.88,17.2,14.83,1.07,1.91,10,545.98
44392.92,17.31,15.04,0.86,2.45,10,546.4
44392.96,15.97,14.72,0.69,2.15,10,546.48
44393,15.87,14.78,1.16,1.97,10,546.61
44393.04,15.45,14.48,1.11,1.72,10,546.49
44393.08,15.67,14.37,0.92,1.19,10,546.46
44393.12,15.53,14.23,1.06,1.1,10,546.26
44393.17,14.9,14.14,0.94,1.11,10,546.08
44393.21,14.84,14.18,0.88,1.17,10,546.21
44393.25,14.95,14.02,0.93,1.34,10,546.73
44393.29,14.96,13.93,0.98,1.39,10,546.93
44393.33,15.27,13.93,1.12,1.25,10,547.12
44393.38,15.46,13.62,1.06,1.18,10,547.2
44393.42,16.41,13.96,0.74,1.07,10,547.66
44393.46,16.31,14.32,0.33,1.56,9.99,547.64
44393.5,16.93,15.82,0.43,2.41,9.99,547.53
44393.54,17.86,16.41,0.63,2.69,10,547.42
44393.58,17.7,16.67,0.79,3.02,10,547.05
44393.62,17.11,15.63,1.04,2.97,10,546.81
44393.67,17.49,16.06,1.06,2.95,10,546.82
44393.71,17.12,15.9,1.05,3.08,9.96,546.48
44393.75,15.07,14.35,0.43,2.86,10,546.29
44393.79,14.87,14.06,0.78,1.83,9.78,546.59
44393.83,15.03,13.83,0.6,2.78,9.77,546.96
44393.88,14.97,13.46,0.73,0.9,9.78,547.39
44393.92,14.8,13.31,0.57,2.59,10,547.84
44393.96,13.84,13.56,0.4,0.97,10,547.63
44394,14.24,13.23,0.67,2.18,10,547.54
44394.04,13.97,13.53,0.61,2.32,10,547.41
44394.08,14.27,13.81,0.75,2.5,10,547.12
44394.12,14.46,13.57,0.73,2.55,10,546.65
44394.17,14.1,13.56,0.81,2.35,10,546.54
44394.21,14.25,13.67,1.09,2.23,9.99,546.57
44394.25,14.4,13.9,0.92,1.71,10,546.48
44394.29,14.4,14.07,0.69,1.68,10,546.78
44394.33,14.49,14.27,1.12,1.91,9.88,546.79
44394.38,14.73,14.65,1.32,2.08,10,546.84
44394.42,17.22,16.1,1.53,2.15,10,547.12
44394.46,17.11,15.35,1.69,1.75,10,547.01
44394.5,17.9,15.78,2.04,1.51,10,547.15
44394.54,19.4,16.53,2.26,1.37,9.96,547.01
44394.58,19,16.54,1.93,1.11,9.51,546.76
44394.62,18.42,15.47,1.88,0.85,9.78,546.21
44394.67,18.59,15.68,2.24,0.88,9.24,545.98
44394.71,18.43,15.65,1.95,0.92,9.36,545.57
44394.75,16.95,14.77,3.15,1.08,8.94,545.91
44394.79,16.03,13.56,1.58,0.79,9.23,546.3
44394.83,15.84,13.53,1.15,0.93,9.05,546.63
44394.88,15.31,13.87,1.37,1.05,8.73,546.89
44394.92,15.11,13.7,0.97,1.99,9.85,547.63
44394.96,14.19,13.3,1.18,1.71,9.96,547.64
44395,13.92,13.23,1.4,1.58,9.5,547.47
44395.04,13.45,12.9,1.31,1.63,9.61,547.04
44395.08,13.09,12.55,1.36,1.6,8.4,546.56
44395.12,12.87,12.4,1.33,1.61,7.19,546.09
44395.17,12.1,11.81,1.26,1.7,6.39,545.91
44395.21,12.26,11.86,1.53,1.8,4.86,545.72
44395.25,12.3,11.86,1.61,1.67,3.44,546.21
44395.29,12.96,12.49,1.47,1.13,5.94,546.17
44395.33,13.64,12.27,1.26,0.66,7.75,546.61
44395.38,14.11,12.28,1.36,0.83,8,546.53
44395.42,16.21,13.56,1.67,0.98,6.9,546.48
44395.46,16.19,13.91,2.04,0.86,9.7,546.67
44395.5,16.63,14.67,2.02,0.82,9.51,546.8
44395.54,18.43,15.61,2.02,0.75,9.21,546.65
44395.58,18.12,15.59,2.03,0.73,9.83,546.31
44395.62,18.11,15.5,2.13,0.74,9.87,545.78
44395.67,17.83,15.96,2.21,0.75,9.25,545.21
44395.71,16.45,14.64,2.18,0.66,9.68,545.38
44395.75,15.56,13.94,2.19,0.88,8.86,546.63
44395.79,15.57,13.8,1.79,0.84,8.64,545.67
44395.83,15.03,12.93,0.85,0.76,7.9,546.13
44395.88,15,13.28,0.99,1.1,7.01,546.64
44395.92,14.4,12.87,0.57,1.26,6.89,547.28
44395.96,12.25,11.8,0.54,1.99,8.68,547.1
44396,12.21,11.76,0.8,2.22,7.73,547.07
44396.04,11.75,11.36,0.83,2.28,10,546.68
44396.08,11.39,10.93,0.4,1.9,10,546.24
44396.12,11.93,11.31,0.36,2.4,10,545.87
44396.17,10.86,10.38,0.3,2.58,9.85,545.78
44396.21,10.79,10.22,0.42,2.76,10,545.78
44396.25,10.76,9.88,0.47,2.11,9.95,545.96
44396.29,10.55,9.55,0.45,2.18,10,545.9
44396.33,11.23,10.4,0.27,1.98,10,545.94
44396.38,13.48,11.69,0.53,0.78,8.45,545.94
44396.42,17.95,11.58,1.47,0.5,2.85,546.38
44396.46,18.51,11,1.9,0.58,3.43,546.4
44396.5,18.21,10.9,2.06,0.64,5.1,546.47
44396.54,20.4,10.13,1.93,0.49,6,546.34
44396.58,19.81,10.67,1.81,0.28,6.53,545.98
44396.62,19.61,10.26,1.75,0.2,7.06,545.57
44396.67,20.43,11.1,1.76,0.33,7.92,545.24
44396.71,20.69,11.39,1.66,0.32,8,544.88
44396.75,17.75,13.89,1.63,3.01,7.86,545.17
44396.79,16.6,12.47,1.67,0.04,8.23,544.95
44396.83,16.95,13.49,1.47,0.19,7.04,545.67
44396.88,16.99,13.61,0.94,0.42,6.02,546.04
44396.92,16.18,13.57,0.46,2.91,8.09,546.37
44396.96,12.98,12.55,0.47,0.32,7.93,546.48
44397,13.49,12.82,0.32,0.59,7.53,546.53
44397.04,13.34,12.98,0.22,0.4,8.38,546.35
44397.08,13.58,13.11,0.24,1.52,9.46,546.16
44397.12,13.59,12.99,0.26,2.32,10,545.7
44397.17,12.62,12.21,0.26,2.04,10,545.42
44397.21,12.48,11.83,0.35,1.54,10,545.38
44397.25,13.2,12.44,0.74,0.68,10,545.81
44397.29,13.03,12.01,0.52,2.7,10,545.99
44397.33,12.78,11.58,0.25,2.49,10,546.05
44397.38,13.57,12,0.49,1.34,9.89,546.1
44397.42,18.58,12.21,0.76,1.88,9.73,546.18
44397.46,19.02,11.52,0.97,2.48,9.62,546.34
44397.5,18.92,11.23,1.26,2.93,9.68,546.36
44397.54,20.55,12.18,1.14,2.91,9.8,546.08
44397.58,20.02,13.07,0.94,2.7,9.64,545.57
44397.62,20.25,14.46,1.09,2.99,9.93,545.13
44397.67,19.5,13.77,0.96,0.23,9.92,544.47
44397.71,19.47,13.42,1.73,0.19,9.94,544.41
44397.75,17.02,13.63,2.02,0.42,9.83,544.54
44397.79,16.93,13.32,1.78,0.46,9.49,544.56
44397.83,16.97,13.5,1.01,2.86,9.69,545.67
44397.88,16.93,13.52,0.42,3.02,9.61,545.98
44397.92,16.04,13.18,0.26,2.89,8.47,546.06
44397.96,14.17,13.03,0.3,1.08,8.8,546.21
44398,14.39,13.2,0.28,0.6,8.48,546.25
44398.04,13.98,13.11,0.37,0.55,7.44,545.89
44398.08,14.04,13.16,0.37,0.16,7.74,545.64
44398.12,14.39,13.5,0.28,2.94,9,545.34
44398.17,13.94,13.06,0.15,3.11,10,545.13
44398.21,13.96,13.18,0.18,2.71,10,544.96
44398.25,14.39,13.73,0.09,1.29,9.62,544.61
44398.29,14.48,13.69,0.18,3.06,9.68,545.23
44398.33,14.22,13.15,0.64,2.65,8.57,545.3
44398.38,14.6,12.9,0.93,2.61,7.73,545.23
44398.42,18.09,13.1,1.1,2.09,7.57,545.69
44398.46,18.03,14.05,0.99,1.98,5.72,545.57
44398.5,17.56,15.17,0.83,2.21,9.14,545.53
44398.54,20.5,17.11,0.78,2.8,9.74,545.29
44398.58,19.31,15.82,0.75,2.86,9.39,545.01
44398.62,19.41,16.94,0.83,0.57,9.1,544.37
44398.67,19.39,16.8,0.95,0.13,9.96,544.53
44398.71,19.14,16.42,1.18,0.61,9.89,544.16
44398.75,17.8,15.93,1.09,0.41,9.62,543.23
44398.79,17.54,15.29,0.51,3.12,9.57,544.6
44398.83,16.86,13.96,0.82,2.94,9.72,545
44398.88,16.83,13.85,0.76,2.54,9.95,545.47
44398.92,16.39,13.7,1.02,2.5,10,545.87
44398.96,14.2,13.33,0.32,0.09,9.83,546.28
44399,14.47,13.52,0.63,2.71,9.99,546.23
44399.04,14.19,13.28,1.02,0.17,9.96,545.69
44399.08,14.03,13.11,0.92,0.01,10,545.33
44399.12,13.92,12.88,0.64,3.14,10,544.85
44399.17,12.72,12.22,0.33,0.04,10,544.49
44399.21,12.57,12.1,0.09,2.81,10,544.64
44399.25,12.84,12.09,1,0.44,10,544.44
44399.29,12.83,11.99,0.73,1.03,10,545.08
44399.33,13.5,12.72,0.33,2.57,10,545.17
44399.38,14.71,13.43,0.69,0.89,9.88,545.03
44399.42,18.72,14.83,0.57,1.23,10,545.25
44399.46,19.56,15.98,0.46,2.37,9.82,545.47
44399.5,19.89,17,0.7,2.56,9.77,545.27
44399.54,21.55,17.11,0.82,2.8,9.8,545.38
44399.58,20.46,16.06,0.93,2.71,9.28,544.7
44399.62,20.6,16.62,0.88,2.96,9.93,544.58
44399.67,20.83,17.48,1.02,0.2,9.84,544.11
44399.71,20.23,16.46,1.29,0.64,9.92,544.02
44399.75,17.36,14.23,1.66,0.16,9.95,544.04
44399.79,17.36,14.09,1.33,2.95,9.77,544.2
44399.83,17.44,13.82,1.08,2.98,9.78,544.89
44399.88,16.98,13.47,0.82,2.09,9.98,545.26
44399.92,15.91,13.68,0.73,0.05,9.64,545.77
44399.96,14.34,13.5,0.23,0.44,9.68,545.89
44400,14.31,13.63,0.2,0.98,9.6,545.92
44400.04,13.87,13.27,0.25,2.65,10,545.72
44400.08,13.86,13.12,0.27,0.05,10,545.42
44400.12,13.83,13.08,0.38,0.25,10,544.96
44400.17,12.81,12.21,0.52,0.39,10,544.93
44400.21,12.32,11.86,0.51,0.53,10,544.72
44400.25,14.43,13.72,0.62,0.57,10,544.8
44400.29,14.2,13.52,0.56,0.82,10,545.09
44400.33,13.89,13.12,0.54,0.89,9.49,545.03
44400.38,14.32,13.27,0.66,1.44,7.5,545.23
44400.42,18.35,13.47,1.04,1.73,4.04,545.43
44400.46,18.71,14.41,1.12,2.19,3.6,545.5
44400.5,18.78,15.52,1.14,2.66,5.93,545.61
44400.54,22.77,18.53,1.26,2.89,9.65,545.57
44400.58,23.17,19.11,1.1,2.77,9.66,545.13
44400.62,22.04,18.99,1.31,2.83,9.69,544.78
44400.67,20.64,18.27,1.21,0.29,9.88,544.29
44400.71,19.83,17.62,1.53,0.19,8.49,544.08
44400.75,17.8,15.79,1.82,0.02,9.24,544.26
44400.79,17.73,15.2,1.33,2.97,9.17,544.18
44400.83,17.56,14.78,1.08,0.14,9.5,544.83
44400.88,18.03,15.06,1.03,3.09,9.55,544.99
44400.92,16.77,14.99,0.81,0.07,9.78,545.38
44400.96,14.95,14.45,0.43,1.04,9.82,545.76
44401,15.05,14.55,0.42,1.58,9.95,545.88
44401.04,15.5,14.62,0.49,2.73,9.92,545.7
44401.08,15.23,14.52,0.65,2.42,9.88,545.37
44401.12,15.24,14.52,0.32,2.04,9.88,545.06
44401.17,14.68,14.05,0.23,1.18,9.64,544.91
44401.21,14.51,13.78,0.13,1.92,10,544.68
44401.25,15.12,13.87,0.13,0.59,10,544.54
44401.29,14.89,13.84,0.68,2.01,10,545.01
44401.33,14.84,13.76,0.66,2.79,10,545.23
44401.38,15.24,14.31,0.85,0.26,9.55,544.98
44401.42,18.51,16.47,0.24,1.46,8.25,545.06
44401.46,18.79,17,0.77,0.37,8.87,545.31
44401.5,18.45,17.01,1.07,0.43,10,545.76
44401.54,19.01,17.2,1.36,0.36,9.88,545.64
44401.58,18.51,16.73,1.7,0.41,9.52,545.04
44401.62,18.03,16.14,1.2,0.36,9.97,545.1
44401.67,17.8,15.68,1.46,0.32,8.51,544.64
44401.71,18.4,15.52,1.64,0.47,8.35,543.81
44401.75,15.96,14.32,1.67,0.26,9.63,545.68
44401.79,15.77,14.07,0.97,0.16,9.67,544.93
44401.83,15.92,13.99,0.68,0.2,8.46,545.03
44401.88,15.35,13.75,0.75,0.24,7.68,545.07
44401.92,15.28,13.68,0.94,3.06,7.63,545.82
44401.96,13.17,12.83,0.46,0.41,8.48,546.21
44402,13.42,13.05,0.39,1.8,8.54,546.41
44402.04,13.68,13.33,0.75,2.2,9.32,546.11
44402.08,13.43,13.11,0.83,1.87,10,545.68
44402.12,13.33,13.09,0.5,1.09,10,545.52
44402.17,12.83,12.71,0.47,0.84,10,545.31
44402.21,12.59,12.43,0.35,0.52,10,545.42
44402.25,13.29,12.86,0.23,2.71,10,545.44
44402.29,13.32,12.76,0.54,3.1,10,545.43
44402.33,13.1,12.78,0.45,3.06,8.87,545.44
44402.38,13.68,12.51,0.57,0.97,3.85,545.55
44402.42,18.26,12.87,1.15,0.36,3.21,545.9
44402.46,18.7,12.03,1.11,0.01,3.45,546
44402.5,18.17,11.6,1.13,2.97,5.15,545.86
44402.54,20.39,11.71,1.17,2.85,5.61,545.52
44402.58,19.79,12.7,1.12,2.96,5.4,545.09
44402.62,19.73,13.55,1.28,3.01,5.36,544.78
44402.67,20.51,14.79,1.53,3.03,5.32,544.36
44402.71,20.12,15.08,1.67,0.05,6.75,544.12
44402.75,17.54,13.5,1.82,0.04,7.8,543.28
44402.79,18.06,13.69,1.83,0.27,7.12,544.52
44402.83,17.92,13.6,1.35,2.88,7.33,544.83
44402.88,17.49,14.51,1.08,2.72,7.78,545.21
44402.92,16.55,14.13,0.71,2.73,7.62,545.72
44402.96,14.8,13.69,0.26,2.12,8.29,545.95
44403,14.63,13.8,0.14,2.73,8.09,545.64
44403.04,14.37,13.65,0.53,2.92,8.16,545.39
44403.08,14.17,13.54,0.61,2.92,9.04,545.01
44403.12,13.98,13.36,0.83,0.03,8.72,544.76
44403.17,13.25,12.82,0.75,0.07,8.8,544.47
44403.21,12.93,12.41,0.72,0.44,10,544.43
44403.25,14.17,13.52,0.58,3.13,7.33,544.09
44403.29,13.96,13.33,0.79,0.72,10,544.19
44403.33,14.77,13.8,0.93,0.68,9.4,544.32
44403.38,15.24,12.81,0.69,1.01,4.12,544.35
44403.42,19.04,12.4,0.36,2.09,4.56,544.6
44403.46,18.77,11.83,0.72,2.51,6.48,544.92
44403.5,17.95,11.87,0.94,2.61,6.21,544.63
44403.54,19.37,12.42,1.25,2.72,6.22,544.37
44403.58,18.89,14.07,1.41,2.65,9.13,543.66
44403.62,19.65,15.96,1.57,2.82,8.77,543.48
44403.67,19.61,15.6,1.8,2.9,8.62,543.17
44403.71,18.86,15.9,1.74,3.07,9.44,542.74
44403.75,16.48,13.57,1.61,0.38,9.9,543.28
44403.79,15.23,13.01,1.52,0.33,9.93,543.73
44403.83,15.91,13.11,1.49,0.49,10,544.1
44403.88,15.79,13.32,1,0.65,10,544.59
44403.92,15.14,13.32,0.88,1.07,9.96,545.14
44403.96,14.05,13.04,0.98,1.15,10,545.16
44404,14.12,13.21,1.19,0.97,10,545.1
44404.04,14.05,13.12,0.86,0.76,10,544.96
44404.08,13.89,12.95,0.36,0.46,10,544.63
44404.12,13.6,12.85,0.51,3.09,10,544.6
44404.17,13.21,12.76,0.74,2.84,9.96,544.44
44404.21,12.8,12.33,0.6,0.16,10,544.31
44404.25,13.69,13.04,0.2,1.21,8.76,544.57
44404.29,14.17,13.31,0.24,0.54,10,544.44
44404.33,14.13,13.11,0.32,0.77,9.29,544.55
44404.38,14.24,12.61,0.98,0.58,8.7,544.57
44404.42,16.4,12.13,1.23,0.43,8.49,544.75
44404.46,16.07,11.93,1.23,0.16,8.03,545.02
44404.5,15.13,11.78,1.39,0.29,9.59,544.87
44404.54,16.7,13.86,1.33,0.41,9.8,544.71
44404.58,16.7,14.51,1.43,0.57,9.56,544.48
44404.62,15.67,13.56,1.96,0.7,9.87,543.97
44404.67,16.64,14.44,1.58,0.44,9.71,543.94
44404.71,15.92,13.36,2.1,0.64,9.94,543.38
44404.75,16.05,14.77,1.46,0.44,9.31,543.58
44404.79,16.25,14.41,0.74,3.13,9.94,543.77
44404.83,16.3,13.25,0.67,0.32,10,543.99
44404.88,16.21,13.59,0.81,0.5,9.99,544.37
44404.92,15.93,13.76,0.62,0.26,10,544.78
44404.96,14.28,13.33,0.44,0.5,10,545.02
44405,14.57,13.35,0.36,0.8,10,545.31
44405.04,14.27,13.16,0.4,0.83,9.92,545.18
44405.08,13.95,13.35,0.47,1.37,10,545
44405.12,14.16,13.38,0.54,1.62,9.84,544.71
44405.17,13.64,13.36,0.52,2.07,10,544.6
44405.21,13.79,13.45,0.44,1.98,10,544.43
44405.25,14.07,13.54,0.94,2.38,10,544.49
44405.29,14.09,13.47,1,2.26,10,544.57
44405.33,14.04,13.1,0.79,1.66,10,544.92
44405.38,14.03,12.67,1,1.02,9.99,544.89
44405.42,17.09,13.82,1.34,0.8,10,545.18
44405.46,17.58,14.88,1.46,0.65,9.93,545.25
44405.5,17.87,15.66,1.47,0.4,9.17,545.15
44405.54,19.96,16.16,1.28,0.33,9.21,544.95
44405.58,19.52,15.64,1.31,0.31,9.05,544.53
44405.62,19.02,14.92,1.36,0.3,8.54,544.19
44405.67,19.92,15.56,1.44,0.19,9.26,543.77
44405.71,20.24,16.1,1.53,0.35,9.43,543.24
44405.75,17.59,15.37,1.96,0.37,7.36,544.05
44405.79,17.58,14.72,1.36,0.16,6.44,543.81
44405.83,17.8,14.21,0.94,0.17,7.08,544.22
44405.88,17.24,14.16,1.1,3,7.37,544.76
44405.92,16.97,14.37,1.08,0.4,5.92,545.14
44405.96,14.52,13.85,0.98,0.74,3.9,545.34
44406,14.61,13.8,0.43,0.95,4.05,545.58
44406.04,14.19,13.29,0.46,1.03,9.35,545.37
44406.08,14.3,13.36,0.41,0.93,9.54,545.33
44406.12,14.25,13.19,0.21,1.09,10,544.89
44406.17,13.82,12.97,0.19,2.11,10,544.75
44406.21,13.83,12.9,0.28,2.65,10,544.71
44406.25,14.36,13.16,0.52,2.9,10,545.13
44406.29,14.38,13.02,0.59,3.08,10,545.27
44406.33,14.32,12.82,0.53,2.97,10,545.33
44406.38,14.66,11.82,0.23,0.17,9.67,545.32
44406.42,18.81,10.9,0.59,3.01,3.26,545.55
44406.46,19.14,10.8,0.97,3.06,2.38,545.5
44406.5,19.49,10.52,0.89,2.96,3.82,545.52
44406.54,22.15,10.56,0.78,2.73,5.48,545.28
44406.58,21.71,10.83,0.91,2.91,5.94,544.89
44406.62,21.48,11.6,1.18,2.77,7.77,544.73
44406.67,22.06,12.07,1.21,2.79,8.44,544.34
44406.71,20.76,12.37,0.44,0.21,9.3,544.19
44406.75,18.18,11.31,1.04,3.08,9.44,544.48
44406.79,17.95,11.59,0.96,2.81,7.65,544.75
44406.83,18.32,12.33,0.86,2.89,8.22,545.1
44406.88,18.31,13.74,0.75,2.58,8.3,545.31
44406.92,17.49,14.17,0.8,2.59,9.78,545.79
44406.96,15.18,13.5,0.35,2.72,9.95,545.94
44407,15.45,13.57,0.36,2.38,9.8,545.94
44407.04,15.23,13.31,0.15,2.56,9.43,545.91
44407.08,15.49,13.6,0.03,2.13,9.53,545.71
44407.12,15.72,13.82,0.31,0.17,9.92,545.41
44407.17,15.33,13.81,0.35,0.17,9.47,545.24
44407.21,15.71,14.11,0.3,0.16,9.51,545.05
44407.25,15.05,13.61,0.26,1.45,9.76,545.26
44407.29,15.05,13.44,0.27,0.62,8.89,545.59
44407.33,15.72,13.55,0.91,0.38,9.8,545.67
44407.38,15.93,12.06,0.91,0.35,9.92,545.81
44407.42,19.24,12.19,0.84,0.21,9.9,545.73
44407.46,19.28,12.72,0.34,0.32,9.96,545.81
44407.5,19.12,13.54,0.06,3.13,9.98,545.87
44407.54,20.48,14.64,0.58,0.16,10,545.62
44407.58,19.3,14.14,0.75,3.12,10,545.4
44407.62,17.54,12.85,0.93,2.92,9.95,544.89
44407.67,17.29,12.83,1.38,0.46,9.95,544.75
44407.71,17.81,12.64,1,0.16,10,544.64
44407.75,16.26,12.31,0.81,1,10,545.02
44407.79,16.5,12.45,0.55,0.94,10,545.13
44407.83,16.88,12.73,0.26,0.08,10,545.4
44407.88,16.99,13.46,0.58,0.02,10,545.38
44407.92,16.75,13.88,0.51,2.82,10,545.77
44407.96,14.55,12,0.71,0.5,9.98,545.5
44408,14.6,12.19,0.44,2.88,9.89,545.66
44408.04,14.56,12.62,0.21,1.88,10,545.47
44408.08,14.35,13.23,0.4,1.48,10,545.34
44408.12,14.53,13.3,0.24,0.68,10,545.03
44408.17,13.67,12.74,0.14,0.28,10,544.76
44408.21,13.64,12.78,0.33,0.53,10,544.84
44408.25,13.33,12.38,0.82,2.43,10,545.42
44408.29,13.58,12.26,0.9,2.08,10,545.48
44408.33,13.4,11.65,0.9,2.2,10,545.82
44408.38,13.71,11.18,0.8,2.23,10,545.73
44408.42,16.15,10.99,0.87,2.07,9.95,545.72
44408.46,16.13,8.14,0.97,1.41,9.83,545.85
44408.5,16.05,6.57,1.34,0.84,9.64,545.67
44408.54,17.6,4.91,1.76,0.64,8.19,545.54
44408.58,18.51,4.62,2.1,0.63,8.28,545.2
44408.62,18.91,4.81,2.35,0.7,7.96,545.03
44408.67,20.02,4.83,2.44,0.64,2.51,544.76
44408.71,20.07,4.35,2.15,0.55,1.28,544.41
44408.75,17.62,7.65,2.46,0.56,1.66,545.04
44408.79,17.48,7.93,1.41,0.22,0.47,544.59
44408.83,17.14,8.03,0.73,2.84,2.76,545.19
44408.88,16.89,8.04,0.09,0.31,2.63,545.53
44408.92,15.39,8.71,0.3,2.16,3.53,546.07
44408.96,12.88,8.39,0.31,2.09,3.8,546.02
44409,12.52,8.51,0.27,2.03,1.94,545.83
44409.04,12,8.24,0.19,2.09,0.68,545.6
44409.08,11.84,8.22,0.17,1.91,0.53,545.33
44409.12,11.92,8.03,0.15,1.78,0.04,544.98
44409.17,11.45,7.31,0.1,2.1,0,544.87
44409.21,11.24,7.1,0.16,2.3,0.05,544.79
44409.25,13.32,6.03,0.27,2.75,0.05,545.13
44409.29,12.75,6.19,0.33,2.69,0,545.26
44409.33,13.91,7.79,0.4,2.86,0,545.29
44409.38,15.65,5.4,0.47,2.47,0,545.47
44409.42,20.73,3.28,0.57,1.12,0,545.68
44409.46,20.39,4.41,0.96,0.46,0,545.75
44409.5,20.01,5.49,1.07,0.3,0,545.45
44409.54,23.26,4.3,1.25,0.33,0,545.23
44409.58,23.12,5.07,1.61,0.32,0,544.89
44409.62,23.01,5.71,1.89,0.32,0,544.88
44409.67,24.12,4.78,1.95,0.36,0,544.49
44409.71,23.84,5,1.93,0.34,0,544.36
44409.75,20.21,7.3,1.95,0.28,0,544.49
44409.79,20.14,7.13,1.56,0.13,0,544.24
44409.83,20.35,7.21,1.48,0,0,544.73
44409.88,19.67,8.66,1.14,2.61,0,544.92
44409.92,17.92,9.17,0.28,2.64,0,545.4
44409.96,12.77,8.35,0.47,0.23,0,545.71
44410,12.6,8.72,0.26,0.14,0,545.82
44410.04,11.81,8.56,0.17,0.11,0,545.84
44410.08,11.91,8.64,0.18,0.14,0,545.53
44410.12,12.06,8.62,0.11,0.61,0,545.46
44410.17,11.05,7.9,0.1,1.84,0,545.31
44410.21,11.2,7.69,0.09,1.64,0,545.38
44410.25,12.55,8.28,0.24,0.04,0,545.24
44410.29,12.12,8.28,0.26,0.12,0,545.65
44410.33,13.18,9.18,0.47,0.01,0,545.77
44410.38,14.09,5.73,0.15,0.09,0,545.76
44410.42,20.04,4.97,0.39,2.7,0,545.79
44410.46,19.97,5.85,0.45,2.52,0,545.9
44410.5,19.9,6.28,0.69,2.58,0.28,545.75
44410.54,23.13,6.59,1.1,2.57,0.48,545.57
44410.58,23.15,7.04,1.31,2.59,0.12,545.4
44410.62,23.09,7.43,1.43,2.63,1.28,545.19
44410.67,24.02,7.26,1.41,2.73,1,544.81
44410.71,24.02,7.58,1.55,2.83,1.8,544.64
44410.75,20.29,7.94,1.78,3.06,1.61,544.69
44410.79,20.16,8.09,1.72,3.03,1.51,544.74
44410.83,20.11,9.44,1.82,2.98,1.08,544.74
44410.88,19.69,10,1.69,2.85,1,544.92
44410.92,18.04,10.72,1.37,2.76,0.94,545.44
44410.96,14.36,9.44,0.63,2.49,1.74,545.96
44411,13.82,9.68,0.33,2.82,2.75,546.09
44411.04,12.84,9.49,0.23,2.22,5.14,545.99
44411.08,12.69,9.55,0.46,1.25,7.49,545.91
44411.12,12.98,9.75,0.64,1.02,1.72,545.45
44411.17,11.95,9.16,0.65,0.79,1.11,545.29
44411.21,11.99,8.85,0.7,0.78,0.46,545.27
44411.25,13.19,9.76,0.93,0.99,0.04,545.03
44411.29,13.23,9.58,0.7,1.04,0,545.1
44411.33,14.06,10.59,0.55,0.81,0,545.67
44411.38,14.75,9.22,0.85,1.33,0,545.75
44411.42,20.78,10.43,1.23,1.56,0,545.82
44411.46,20.8,10.65,1.23,1.59,0.04,545.99
44411.5,20.94,10.72,1.23,1.66,1.02,545.99
44411.54,23.83,10.26,1.22,1.87,4.53,545.92
44411.58,23.59,10.48,1.26,2.19,3.73,545.61
44411.62,23.27,10.64,1.38,2.49,4.49,545.5
44411.67,23.97,10.58,1.61,2.56,4.65,545.4
44411.71,23.71,10.81,1.63,2.59,3.78,545.12
44411.75,20.7,10.41,1.58,2.8,4.39,545.57
44411.79,20.72,10.17,1.69,3.05,3.51,545.26
44411.83,21.02,11.38,1.79,0,2.87,545.78
44411.88,20.11,13.12,1.5,0.13,5.24,546.46
44411.92,18.84,13,0.85,0.55,6.97,547.48
44411.96,15.33,12.46,0.48,0.93,5.4,547.63
44412,15.12,12.8,0.38,1.26,4.29,547.72
44412.04,14.22,12.6,0.3,0.69,5.4,547.5
44412.08,14.18,12.62,0.25,0.79,4.77,547.32
44412.12,14.39,12.75,0.22,1.5,3.33,547.15
44412.17,13.27,12.24,0.15,2,2.45,546.88
44412.21,13.41,12.32,0.08,2.86,1.89,546.88
44412.25,13.8,12.68,0.56,1.36,1.94,546.64
44412.29,14.44,12.9,0.21,1.61,1.52,547.08
44412.33,15.26,13.24,0.47,1.38,1.24,547.2
44412.38,14.85,12.75,1,1.91,1.04,547.12
44412.42,20.18,13.49,1.1,1.7,3.79,547.26
44412.46,20.12,12.58,1,1.67,5.05,547.07
44412.5,20.57,12.42,1.11,1.65,5.62,547.03
44412.54,23.12,12.25,1.21,1.88,5.19,546.58
44412.58,23.41,12.42,1.32,2.08,3.43,546.39
44412.62,23.19,12.86,1.61,2.13,1.5,545.85
44412.67,23.71,13.4,1.8,2.19,3.85,545.66
44412.71,23.11,13.71,1.85,2.24,4.91,545.15
44412.75,18.7,13.26,1.67,2.76,5.35,545.26
44412.79,18.8,12.84,1.48,3.02,4.06,544.85
44412.83,18.53,14,1.43,0.03,1.09,545.28
44412.88,18.61,14.35,1.29,0.01,6.5,545.77
44412.92,17.53,14.03,1.04,0.37,7.48,546.23
44412.96,13.5,12.62,0.84,0.61,8.01,546.47
44413,13.96,12.89,0.52,2.11,7.71,546.36
44413.04,13.72,13.03,0.99,1.8,7.1,546.06
44413.08,14.16,13.26,0.91,1.72,6.12,545.72
44413.12,13.89,13.02,0.91,1.07,8.12,545.37
44413.17,12.99,12.85,0.98,1.37,9.31,545.18
44413.21,13.36,13.02,1.1,1.35,8.84,545.26
44413.25,13.48,13.2,1.14,1.45,10,544.9
44413.29,14.37,13.88,1.11,1.45,10,545.49
44413.33,14.64,13.84,1.05,1.35,10,545.6
44413.38,14.11,13.74,0.89,1.36,9.6,545.28
44413.42,19.02,13.84,0.73,2.32,8.09,545.66
44413.46,19.47,12.97,1,2.17,8.7,545.66
44413.5,19.9,12.64,1.1,2.25,9,545.59
44413.54,21.63,12.28,1.14,2.3,8.8,545.29
44413.58,21.57,12.57,0.96,2.58,9.19,545.02
44413.62,21.04,12.85,1.07,2.64,9.88,544.72
44413.67,20.52,13.23,0.88,2.86,9.92,544.47
44413.71,19.92,13.24,0.96,2.86,9.92,544.25
44413.75,18.37,15.07,1.6,3.05,9.99,544.48
44413.79,18.11,14.52,1.36,0.34,9.98,544.59
44413.83,18.05,15.75,1.21,0.35,9.93,545.03
44413.88,18.33,15.08,0.98,0.25,9.84,545.17
44413.92,17.87,15.12,0.77,3.13,9.84,545.55
44413.96,16.05,14.27,0.94,2.39,9.79,545.99
44414,15.9,14.37,0.82,2.46,9.92,545.74
44414.04,15.73,13.96,0.71,1.9,9.83,545.84
44414.08,15.8,13.78,1.05,1.05,10,545.5
44414.12,16.06,14.03,1.23,1.06,9.99,545.19
44414.17,15.3,14.08,1.4,1,9.94,544.99
44414.21,15.19,13.88,1.08,0.78,9.91,544.85
44414.25,15.37,14.43,0.76,0.98,9.92,544.87
44414.29,15.44,14.32,0.99,1.04,9.8,545.14
44414.33,15.19,14.02,1.3,0.93,9.61,545.32
44414.38,15.42,14.32,1.61,0.86,5.95,544.93
44414.42,20.13,14.28,1.56,0.86,6.89,545.12
44414.46,20.06,13.77,1.42,0.94,7.08,545.25
44414.5,20.65,13.37,1.15,1.2,8.62,545.12
44414.54,22.94,13.45,1.28,1.45,8.76,544.98
44414.58,23.35,13.07,1.42,1.59,8.62,544.25
44414.62,23.25,12.45,1.75,1.63,9.06,544.11
44414.67,23.88,12.67,2,1.76,8.89,543.81
44414.71,23.09,13.34,1.79,2.01,8.7,543.58
44414.75,20.23,13.47,1.55,2.49,8.82,543.45
44414.79,20.32,13.98,1.66,2.75,7.3,543.5
44414.83,20.2,13.5,1.63,0.02,9.1,543.9
44414.88,19.47,13.38,1.34,0.1,9.4,544.49
44414.92,18.34,13.89,1.13,2.55,9.6,544.97
44414.96,15.66,14.16,0.83,2.67,10,545.21
44415,16.21,14.46,0.78,2.36,10,545.38
44415.04,15.9,14.43,0.71,1.76,10,545.22
44415.08,15.95,14.34,0.58,1.44,9.91,544.74
44415.12,15.93,14.12,0.86,1.55,9.86,544.49
44415.17,15.38,14.22,0.86,1.39,9.88,544.32
44415.21,15.64,14.31,0.98,1.03,10,544.13
44415.25,15.33,14.75,0.76,0.72,10,544.03
44415.29,15.68,14.69,0.86,1.07,10,544.48
44415.33,15.91,14.67,0.47,1.14,10,544.87
44415.38,16.3,14.55,0.53,1.27,10,544.85
44415.42,19.96,15.28,0.97,1.22,10,545.19
44415.46,19.88,15.12,1.1,1.17,10,545.28
44415.5,20.07,14.96,0.82,1.33,10,545.14
44415.54,21.06,15.19,0.88,1.84,10,545
44415.58,20.68,14.98,1.09,2.19,10,544.62
44415.62,20.53,14.96,1.48,2.57,10,544.62
44415.67,20.08,15.36,1.75,3.08,10,544.58
44415.71,19.73,15.53,1.59,0.15,10,544.48
44415.75,17.07,15.54,1.65,0.16,10,544.93
44415.79,16.86,15.32,1.28,0.02,10,544.91
44415.83,17.24,15.2,1.38,0.14,8.88,545.02
44415.88,17.46,15.43,1.3,0.09,9.28,545.31
44415.92,17.2,15.46,1.14,0.32,9.64,545.87
44415.96,15.83,15.25,0.95,0.21,10,546.1
44416,15.96,15.05,0.84,2.83,10,546.06
44416.04,15.64,14.77,0.72,2.55,10,545.92
44416.08,15.95,15.01,0.55,2.08,10,545.32
44416.12,15.93,15.1,0.98,1.75,10,545.11
44416.17,15.67,14.97,1.13,1.56,10,544.91
44416.21,15.86,15.03,1.21,1.28,10,544.64
44416.25,15.94,15.13,1.18,0.84,9.96,544.73
44416.29,15.8,15.2,0.8,1.21,10,544.7
44416.33,15.72,15.04,0.74,0.85,10,545.1
44416.38,15.81,15.02,0.46,1.74,9.96,545.21
44416.42,18.17,15.36,0.71,2.4,9.88,545.65
44416.46,17.68,15.38,0.92,2.47,9.84,545.76
44416.5,17.77,15.34,1.17,2.57,9.8,545.77
44416.54,19.61,16.36,1.28,2.66,9.96,545.5
44416.58,19.37,17.1,1.1,2.84,9.68,545.03
44416.62,20.24,18.05,1.24,3.12,9.45,545.13
44416.67,19.98,18.05,1.79,0.05,10,544.55
44416.71,18.38,16.32,1.55,0.12,10,544.89
44416.75,16.23,15.58,1.93,0.58,9.84,545.04
44416.79,16.19,15.23,1.64,0.71,9.98,545.55
44416.83,16.73,15.19,1.5,0.37,10,545.92
44416.88,16.74,15.27,1.49,0.58,10,546.55
44416.92,16.47,15.12,1.65,0.77,10,546.87
44416.96,15.43,14.52,1.39,0.79,10,547.32
44417,15.76,14.81,1.27,0.84,10,547.37
44417.04,15.55,14.83,1.19,1.19,10,547.28
44417.08,15.6,14.92,1.35,1.39,10,546.82
44417.12,15.34,14.72,1.5,1.41,10,546.57
44417.17,14.28,13.81,1.53,1.29,10,546.34
44417.21,14.21,13.65,1.42,1.1,10,546.45
44417.25,13.62,13.22,1.21,1.54,9.95,547.02
44417.29,13.7,13.31,1.03,2.19,9.92,546.99
44417.33,13.6,12.96,0.8,1.96,10,547.01
44417.38,13.48,12.25,1.18,1.28,9.85,547.24
44417.42,15.48,11.97,1.63,1,9.95,547.37
44417.46,15.92,11.79,1.88,0.78,9.96,547.37
44417.5,16.1,11.17,1.93,0.69,9.96,547.44
44417.54,18.94,11.12,2.13,0.75,9.81,547.03
44417.58,19.34,11.49,2.27,0.66,9.9,546.6
44417.62,18.87,11.68,2.25,0.53,10,546.26
44417.67,20.31,12.34,2.16,0.57,9.93,545.96
44417.71,20.19,12.39,2.29,0.51,9.95,545.34
44417.75,17.67,12.86,1.89,0.82,9.87,546.07
44417.79,17.39,13.19,1.66,0.47,9.91,545.91
44417.83,17.12,13.7,1.21,0.3,9.72,546
44417.88,16.87,14.02,1.22,0.59,8.02,545.9
44417.92,16.37,14.01,1.17,0.83,7.85,546.35
44417.96,14.38,13.23,0.84,1.27,9.91,547.03
44418,14.01,13.2,0.55,1.69,9.96,547.01
44418.04,13.86,13.18,0.25,1.6,9.93,546.88
44418.08,14.06,13.21,0.17,1.11,9.95,546.66
44418.12,14.25,13.41,0.1,2.76,9.99,546.14
44418.17,13.75,12.93,0.36,2.53,10,545.84
44418.21,13.39,12.72,0.22,2.12,10,545.55
44418.25,13.58,12.91,0.25,2.12,10,545.84
44418.29,14.29,13.4,0.27,2.91,10,545.8
44418.33,13.83,13.37,0.33,2.56,10,546.11
44418.38,13.98,12.5,0.3,0.08,10,545.94
44418.42,17.72,12.29,1.14,2.97,10,545.92
44418.46,18.51,11.9,1.36,3.01,10,546.35
44418.5,18.67,11.76,1.5,3.11,9.94,546.29
44418.54,20.32,12.06,1.59,2.99,10,546.42
44418.58,20.1,11.49,1.67,2.92,10,545.83
44418.62,18.55,12.35,1.76,2.88,10,545.64
44418.67,17.99,12.05,1.85,3.01,10,545.32
44418.71,18.32,12.16,1.79,3.12,10,544.95
44418.75,16.12,11.99,1.88,0.04,10,545.3
44418.79,16.03,12.31,1.52,0.08,10,545.35
44418.83,16.23,12.86,1.22,0.22,10,545.74
44418.88,16.25,13.45,1.19,0.01,9.97,546.16
44418.92,15.71,13.47,1.24,3.13,9.92,546.39
44418.96,13.83,13.13,0.95,0.05,10,546.86
44419,14.02,13.3,0.83,0.27,9.88,546.73
44419.04,13.37,13.04,0.57,3.07,10,546.67
44419.08,13.43,13.15,0.27,0.06,10,546.53
44419.12,13.67,13.2,0.39,2.89,10,546.32
44419.17,13.44,13.01,0.39,0.32,10,546.24
44419.21,13.67,13.08,0.43,0.13,10,546.23
44419.25,13.82,13.08,0.47,2.81,10,546.67
44419.29,13.62,12.89,0.55,2.13,10,546.65
44419.33,13.56,12.66,0.65,2.68,10,546.99
44419.38,14.03,12.22,0.81,0.12,10,547
44419.42,16.76,12.12,1.09,2.97,10,547.24
44419.46,16.94,11.75,1.07,2.67,10,547.28
44419.5,17,11.92,1.29,2.55,10,547.29
44419.54,19.33,13.46,1.49,2.41,9.8,546.95
44419.58,19.08,14.05,1.49,2.41,9.92,546.73
44419.62,18.2,15.04,1.35,2.59,9.77,546.41
44419.67,19.13,15.67,1.28,2.97,9.25,545.85
44419.71,19.02,15.72,1.49,2.9,8.07,545.65
44419.75,16.19,14.7,1.75,3.05,9.07,545.71
44419.79,15.55,13.84,1.19,0.4,9.55,545.72
44419.83,16.07,14.03,1.07,0.31,9.72,546.64
44419.88,16.42,14.57,1,3.12,10,547.18
44419.92,16.06,14.62,1.11,0.04,10,547.3
44419.96,15.06,14.38,1.02,0.23,9.96,547.57
44420,15.4,14.47,0.88,0.25,10,547.49
44420.04,15.31,14.67,0.82,0.15,10,547.33
44420.08,15.43,14.65,0.72,0.07,10,547.16
44420.12,15.59,14.78,0.34,3,10,546.86
44420.17,14.91,14.52,0.41,0.71,10,546.74
44420.21,14.95,14.66,0.56,0.65,10,546.45
44420.25,14.13,14.14,0.71,2.83,10,547.05
44420.29,14.1,14.1,0.59,2.71,10,547.17
44420.33,13.94,13.94,0.84,2.35,10,547.34
44420.38,13.91,13.91,1.21,1.82,9.88,547.09
44420.42,15.72,15.48,1.41,1.58,9.69,547.12
44420.46,15.87,15.42,0.88,2.11,8.91,546.98
44420.5,15.97,15.38,0.96,2.64,9.92,546.93
44420.54,17.93,16.56,1.21,2.56,9.96,546.5
44420.58,17.89,16.82,1.22,2.58,10,546.01
44420.62,17.26,16.17,1.35,2.84,10,545.66
44420.67,17.43,16.57,1.54,2.81,10,545.15
44420.71,17.4,16.81,1.59,2.97,9.98,544.81
44420.75,14.56,14.56,1.73,0.02,10,545.56
44420.79,14.52,14.52,1.31,0.41,10,545.06
44420.83,14.23,14.21,1.65,0.43,10,546.09
44420.88,14.72,14.39,1.55,0.41,10,546.25
44420.92,14.08,13.73,1.19,0.47,10,546.52
44420.96,13.11,13.11,1.4,0.49,10,546.48
44421,12.99,12.99,1.21,0.47,10,546.38
44421.04,13.09,13.09,1.01,0.5,10,546.2
44421.08,13.21,13.21,0.99,0.63,10,545.64
44421.12,13.25,13.25,1.02,0.74,10,545.53
44421.17,13.04,13.04,1.04,0.83,10,545.18
44421.21,12.98,12.98,1.13,0.99,10,545.22
44421.25,13.29,13.29,1.94,1.2,10,545.27
44421.29,13.31,13.31,1.91,1.23,10,545.43
44421.33,13.16,13.17,1.49,1.35,10,545.86
44421.38,12.98,12.98,1.31,1.58,10,546.07
44421.42,14.23,13.71,1.43,1.45,10,546.26
44421.46,14.01,13.75,1.56,1.36,10,546.27
44421.5,13.85,13.64,1.72,1.24,10,546.29
44421.54,14.73,14.35,1.92,1.18,10,546.19
44421.58,14.35,13.87,1.95,1.05,10,545.88
44421.62,14.04,13.81,2.03,0.9,9.99,545.65
44421.67,15.25,14.37,2.1,0.85,10,545.35
44421.71,15.39,14.4,2.09,0.79,9.91,545.27
44421.75,14.37,11.76,1.71,0.61,10,545.42
44421.79,14.58,11.72,1.69,0.57,9.95,544.97
44421.83,14.32,12.39,1.34,0.83,9.84,545.79
44421.88,14.07,12.85,1.47,0.7,10,546.09
44421.92,13.97,12.91,1.49,0.68,10,546.4
44421.96,13.09,12.45,1.41,0.76,10,546.68
44422,13.15,12.52,1.36,0.79,10,546.58
44422.04,13.09,12.37,1.15,0.69,9.96,546.36
44422.08,13.03,12.37,0.96,0.74,10,546.17
44422.12,12.97,12.24,0.8,0.86,10,545.9
44422.17,12.57,11.8,0.85,0.98,10,545.67
44422.21,12.53,11.7,0.88,0.93,10,545.56
44422.25,12.19,11.62,1.29,0.71,10,545.86
44422.29,12.33,11.7,1.11,0.58,10,546
44422.33,12.11,11.61,0.91,0.38,10,546.06
44422.38,12.44,12.12,0.74,0.77,10,545.98
44422.42,13.5,12.85,0.89,0.7,10,546.16
44422.46,13.25,12.4,1.11,0.85,10,546.23
44422.5,12.51,11.37,1.36,0.87,10,546.17
44422.54,13.31,11.48,1.18,0.63,10,546.06
44422.58,12.67,11.19,1.3,0.62,10,546.07
44422.62,13.07,11.25,1.3,0.53,10,545.83
44422.67,13.53,11.6,1.32,0.45,10,545.65
44422.71,13.53,11.76,1.16,0.37,10,545.61
44422.75,13.1,12.11,0.77,0.28,10,546.09
44422.79,13.09,12.08,0.99,3.06,10,546.07
44422.83,13.22,12.27,0.82,2.93,10,546.13
44422.88,13.53,12.3,0.62,3.1,10,546.44
44422.92,13.52,12.41,0.56,3.11,10,546.77
44422.96,12.68,12.11,0.54,2.9,10,546.77
44423,12.62,12.27,0.36,0.29,10,546.83
44423.04,12.41,12.19,0.39,2.03,10,546.63
44423.08,12.39,12.18,0.46,1.68,10,546.33
44423.12,12.38,12.12,0.48,1.55,10,546.35
44423.17,12.41,12.11,0.62,1.74,9.96,546.14
44423.21,12.4,12.12,0.72,1.62,10,546.05
44423.25,12.24,11.9,0.09,3.1,9.99,546.13
44423.29,12.01,11.75,0.58,2.58,10,546.47
44423.33,12.56,11.74,0.91,2.28,9.82,546.85
44423.38,12.65,11.5,0.98,2.1,9.85,546.76
44423.42,15.61,12.15,0.92,2.3,9.96,546.98
44423.46,15.56,12.14,1.19,2.4,10,547.03
44423.5,15.53,12.49,1.37,2.35,10,547.04
44423.54,16.91,13.01,1.46,2.27,10,546.88
44423.58,17.11,13.05,1.4,2.29,10,546.64
44423.62,16.86,13.19,1.42,2.39,9.92,546.54
44423.67,17.14,13.46,1.35,2.53,9.96,546.32
44423.71,17.27,13.21,1.4,2.62,10,546.04
44423.75,15.44,13.44,1.43,2.65,10,546.38
44423.79,15.13,13.42,1.53,2.77,10,546.46
44423.83,15.12,13.92,1.06,2.88,10,546.63
44423.88,15.03,14.1,1.03,2.66,9.96,546.96
44423.92,15.05,14.1,1.12,2.55,9.49,547.33
44423.96,14.04,13.7,1.03,2.49,9.32,547.65
44424,13.9,13.67,1.03,2.39,9.66,547.64
44424.04,13.69,13.62,1.04,1.83,10,547.58
44424.08,13.89,13.78,1.27,1.32,10,547.27
44424.12,14.03,13.88,1.39,1.19,10,547
44424.17,13.58,13.55,1.39,1.14,10,546.79
44424.21,13.8,13.7,1.24,0.91,9.99,546.67
44424.25,13.84,13.71,0.91,0.87,10,546.79
44424.29,13.81,13.68,0.99,1.13,9.99,546.9
44424.33,14.23,13.92,0.93,1.11,10,547.2
44424.38,14.89,14.12,0.85,1.16,9.62,547.16
44424.42,17.57,13.83,0.98,1.48,9.93,547.34
44424.46,17.97,13.41,1.62,1.49,9.95,547.41
44424.5,17.82,12.83,1.94,1.56,9.69,547.15
44424.54,19.31,12.92,1.87,1.59,9.64,547
44424.58,18.67,13.61,1.64,1.87,9.91,546.61
44424.62,18.01,13.76,1.65,2.04,9.33,546.54
44424.67,18.06,14.96,1.17,2.52,9.09,546.09
44424.71,18.15,14.67,1.24,2.69,9.17,546.17
44424.75,16.14,14.14,1.32,0.32,9.96,546.24
44424.79,15.81,14.45,1.42,3.01,9.92,546.49
44424.83,15.8,14.66,0.92,2.87,9.9,546.86
44424.88,16,14.92,0.52,2.22,9.91,547.32
44424.92,16.04,14.86,0.58,1.67,9.96,547.43
44424.96,15.12,14.66,0.8,0.89,9.92,547.38
44425,14.98,14.5,0.6,0.57,10,547.35
44425.04,14.93,14.55,0.67,0.89,10,547.03
44425.08,14.82,14.52,0.56,1.3,10,546.85
44425.12,14.71,14.46,0.72,1.3,10,546.6
44425.17,14.38,14.18,0.79,1.25,9.99,546.31
44425.21,14.57,14.24,1.03,0.91,10,546.32
44425.25,15.18,14.58,0.73,0.41,10,546.43
44425.29,14.89,14.39,0.14,1.75,10,546.72
44425.33,14.8,14.38,0.39,3.02,10,547.2
44425.38,14.98,14.48,0.63,2.21,10,547.04
44425.42,16.2,14.63,1.04,1.93,10,547.37
44425.46,15.69,14.43,0.92,1.61,10,547.14
44425.5,15.91,14.51,0.69,2.03,9.95,547.05
44425.54,16.04,14.71,0.78,2.22,9.72,546.77
44425.58,15.8,15.41,0.86,2.48,9.56,546.61
44425.62,16.25,16.06,0.96,2.39,9.68,546.41
44425.67,17.87,17.09,0.64,2.28,9.71,545.97
44425.71,17.08,15.97,0.37,3.11,9.59,545.45
44425.75,15.89,15.6,1.24,0.09,8.06,545.85
44425.79,15.44,15.13,1.21,2.86,7.47,545.55
44425.83,15.01,14.61,1.19,2.79,10,546.49
44425.88,14.36,14.15,0.62,2.46,10,546.92
44425.92,14.51,14.2,0.31,1.96,10,547.29
44425.96,14.19,13.97,0.53,1.44,9.6,547.32
44426,14.2,14.05,0.93,2.44,9.8,547.23
44426.04,14.42,14.14,0.48,1.96,10,547.06
44426.08,14.74,14.36,0.27,1.52,10,546.73
44426.12,14.73,14.51,0.38,1.2,10,546.35
44426.17,14.25,14.19,0.43,1.14,10,546.17
44426.21,14.02,13.9,0.47,1.15,10,546.14
44426.25,14.34,14.2,0.68,2.6,10,545.96
44426.29,14.48,14.08,0.65,2.74,10,546.34
44426.33,14.56,14.09,0.52,2.58,10,546.71
44426.38,15.26,15.15,0.49,2.57,10,546.94
44426.42,16.81,16.13,0.49,2.07,10,547.25
44426.46,17.25,16.82,0.54,1.87,10,547.23
44426.5,17.03,16.45,0.48,2.04,9.88,546.95
44426.54,18.89,17.25,0.63,2.74,9.82,546.46
44426.58,18.74,16.82,0.82,0.24,9.64,546.24
44426.62,18.64,16.86,0.91,2.99,9.5,545.7
44426.67,19.61,16.8,0.55,0.66,9.59,545.35
44426.71,19.78,17.02,1.41,0.55,9.94,545.01
44426.75,16.46,15.27,1.69,0.2,9.01,545.3
44426.79,15.6,14.27,1.38,2.91,9.37,545.5
44426.83,15.98,14.84,1.39,0.22,9.96,546.06
44426.88,16.02,14.96,0.99,0.16,9.97,546.68
44426.92,16.13,14.64,1.03,0.42,10,546.88
44426.96,15.28,14.39,0.82,0.44,9.99,547.12
44427,15.24,14.46,0.78,2.9,9.98,546.95
44427.04,15,14.41,0.54,2.11,10,546.71
44427.08,14.8,14.43,0.23,1.39,10,546.33
44427.12,14.81,14.48,0.22,2.14,10,546
44427.17,14.42,14.19,0.24,1.94,10,545.86
44427.21,14.48,14.22,0.34,2.2,9.94,545.82
44427.25,14.51,14.23,0.61,1.7,10,545.74
44427.29,14.55,14.27,0.78,0.53,10,546.24
44427.33,14.5,14.18,1.02,0.64,9.9,546.32
44427.38,14.61,14.06,0.74,0.59,9.6,546.65
44427.42,16.94,14.82,0.29,2.55,9.49,546.96
44427.46,17.35,14.8,0.61,2.94,9.84,547.3
44427.5,18.03,15.75,0.76,2.56,9.98,546.9
44427.54,19.47,16.14,0.64,2.63,9.83,546.89
44427.58,20.44,17.64,0.67,2.86,9.68,546.29
44427.62,20.32,17.22,0.7,3.01,9.98,546.08
44427.67,21.77,18.43,0.88,2.77,9.97,545.54
44427.71,19.82,16.85,0.94,2.93,10,545.33
44427.75,17.61,14.34,1.61,2.86,9.95,545.58
44427.79,17.17,14.47,1.11,0.25,9.69,545.84
44427.83,17.17,15.17,0.55,2.22,9.74,546.34
44427.88,17.23,15.11,0.42,2.14,9.8,546.8
44427.92,16.84,15.25,0.63,2.08,10,546.85
44427.96,14.91,14.39,0.51,0.97,10,547.51
44428,15.12,14.5,0.71,1.74,10,547.41
44428.04,15.04,14.49,0.96,1.38,10,547.5
44428.08,14.97,14.36,0.88,0.53,10,547.02
44428.12,15.08,14.35,0.89,0.67,10,546.92
44428.17,14.8,14.23,1.12,0.51,10,546.67
44428.21,14.64,14.08,1.37,0.54,9.96,546.54
44428.25,14.22,13.31,0.98,0.65,10,546.83
44428.29,13.99,13.18,0.97,0.46,10,547
44428.33,14.83,13.85,1.11,0.58,10,547.31
44428.38,15.74,13.71,0.94,0.26,10,547.22
44428.42,18.38,13.94,0.65,0.79,10,547.41
44428.46,18.94,13.28,0.9,1.32,10,547.7
44428.5,19.05,12.8,1.09,1.58,9.89,547.76
44428.54,21.15,13.09,1.38,1.6,9.93,547.44
44428.58,20.96,12.91,1.53,1.48,10,547.02
44428.62,21.04,12.81,1.61,1.3,9.84,546.71
44428.67,21.58,13.13,1.4,1.44,9.88,546.28
44428.71,21.12,13.56,0.96,1.49,9.68,546.32
44428.75,16.99,14.37,1.14,2.94,10,546.46
44428.79,17.67,14.03,1.18,1.32,9.78,546.65
44428.83,17.53,14.54,1.18,1.98,8.88,546.98
44428.88,17.44,14.5,1.06,0.88,9.27,547.11
44428.92,16.8,14.57,0.82,0.25,8.79,547.31
44428.96,15.02,14.21,0.53,1.44,9.22,547.67
44429,15.08,14.31,0.77,1.19,9.02,547.69
44429.04,14.79,14.19,1.13,1.01,9.78,547.4
44429.08,14.46,13.99,1.26,0.83,9.67,547.07
44429.12,14.54,14.03,1.44,0.72,9.59,546.65
44429.17,13.97,13.7,1.57,0.61,9.23,546.54
44429.21,14.05,13.74,1.46,0.53,9.66,546.38
44429.25,14.08,13.8,1.29,0.61,9.9,546.48
44429.29,14.27,13.88,1.61,0.67,10,546.27
44429.33,14.25,14.05,1.44,0.56,10,546.46
44429.38,14.85,14.85,1.18,0.61,10,546.32
44429.42,19.17,15.56,1.81,0.83,10,546.32
44429.46,20.03,14.93,1.85,0.82,10,546.3
44429.5,20.53,14.27,1.47,1.27,10,546.24
44429.54,22.49,14.18,1.95,1.2,10,545.97
44429.58,22.39,14.41,2.28,1.22,10,545.42
44429.62,22.55,14.27,2.49,1.26,10,544.94
44429.67,22.67,14.01,2.11,1.33,9.77,544.59
44429.71,22.53,14.02,1.58,1.55,9.68,544.33
44429.75,19.88,14.44,0.99,2.16,9.72,544.8
44429.79,19.57,14.54,0.89,1.46,10,544.67
44429.83,19.22,15.45,1.34,1.36,10,544.56
44429.88,18.9,15.67,1.39,0.54,10,544.66
44429.92,18.43,16,0.63,0.74,10,545.46
44429.96,16.73,15.73,0.82,0.67,10,545.42
44430,17.33,15.87,1.59,0.96,10,545.54
44430.04,16.97,15.61,1.63,0.71,10,544.67
44430.08,17.33,15.52,1.37,0.66,10,544.56
44430.12,17.31,15.61,1.19,0.47,10,544.18
44430.17,16.63,15.31,1,0.54,10,544.23
44430.21,17.2,15.49,1.5,0.66,10,544.09
44430.25,17.17,15.3,1.16,0.67,10,543.46
44430.29,17.1,15.31,0.95,0.46,10,543.48
44430.33,17.1,15.21,0.57,0.97,10,544.12
44430.38,17.6,14.91,0.64,1.12,10,543.99
44430.42,19.28,14.5,0.92,1,10,544.28
44430.46,19.67,14.39,0.63,0.62,10,544.49
44430.5,19.35,14.65,0.5,2.95,10,544.68
44430.54,18.59,13.85,0.17,0.07,9.99,544.33
44430.58,18.92,14.1,0.66,2.38,10,543.94
44430.62,18.67,14.19,0.86,2.49,10,543.73
44430.67,17.4,14.12,0.99,2.95,10,543.64
44430.71,16.58,14.29,1.14,0.11,10,543.69
44430.75,15.66,15,1.34,0.28,10,543.99
44430.79,15.74,15.05,1.62,0.42,10,544.34
44430.83,15.66,14.83,1.67,0.69,10,544.49
44430.88,15.76,14.6,1.45,0.66,10,545.19
44430.92,15.28,14.39,1.4,0.7,10,545.4
44430.96,13.73,13.54,1.24,0.85,10,545.67
44431,13.5,13.42,1.11,0.86,10,545.6
44431.04,13.24,13.08,1.07,1.12,10,545.51
44431.08,13.23,12.91,0.93,1.29,10,545.1
44431.12,13.28,12.8,0.72,1.52,10,544.92
44431.17,13.03,12.76,0.93,1.09,10,544.65
44431.21,13.14,12.84,1.11,1.2,10,544.71
44431.25,13.58,13.32,1.14,1.65,10,544.89
44431.29,13.45,13.25,0.58,1.26,10,544.83
44431.33,13.3,13.11,0.98,0.68,9.86,545.03
44431.38,12.79,12.54,0.69,0.9,9,545.41
44431.42,15.52,13.84,0.98,0.83,8.43,545.61
44431.46,14.96,13.13,1.69,0.56,9.61,546.02
44431.5,14.2,12.23,1.53,0.56,9.72,546.11
44431.54,15.67,12.33,1.2,0.44,9.27,545.83
44431.58,15.18,12.18,1.11,0.16,9.84,545.65
44431.62,15.35,12.25,1.12,3.06,10,545.39
44431.67,15.74,12.63,0.97,3.13,10,545.2
44431.71,16.18,13.11,0.99,0.08,10,544.77
44431.75,15.89,11.15,1.06,0.68,9.85,545.38
44431.79,16.21,10.81,0.7,0.29,9.76,544.94
44431.83,15.75,12.37,0.37,1.11,7.61,545.41
44431.88,15.28,12.42,0.66,0.89,9.24,546.04
44431.92,15.04,12.43,1.34,0.64,9.09,546.47
44431.96,13.72,12.04,1.03,0.71,7.53,546.84
44432,14.03,12.29,1.23,0.72,7.97,546.97
44432.04,13.71,12.19,1.18,0.67,8.29,547.21
44432.08,13.61,12.35,1,0.92,8.85,546.97
44432.12,13.54,12.34,1.07,1.08,8.9,546.59
44432.17,13.29,11.81,0.89,1.25,9.16,546.53
44432.21,13.42,11.58,0.74,1.23,9.82,546.33
44432.25,13.03,11.93,1.36,0.87,9.99,547.11
44432.29,12.68,11.65,1.13,0.5,9.99,547.05
44432.33,12.62,10.78,1.04,0.45,9.89,546.98
44432.38,12.7,9.92,1.15,0.46,9.97,547.16
44432.42,16.5,10.79,1.49,0.56,9.96,547.45
44432.46,16.79,10.91,1.65,0.5,10,547.47
44432.5,17.34,11.2,1.58,0.29,10,547.4
44432.54,18.96,10.78,1.62,0.19,10,547.01
44432.58,19.36,11.25,1.72,0.08,10,546.62
44432.62,18.49,11.82,1.64,2.96,10,546.19
44432.67,17.13,12.48,1.53,2.91,10,545.91
44432.71,17.05,12.53,1.53,2.76,9.99,545.74
44432.75,15.4,12.01,1.89,2.67,10,546.24
44432.79,15.39,11.77,1.39,2.79,10,546.07
44432.83,15.89,12.81,1.09,0.22,10,546.17
44432.88,15.39,13.36,0.79,0.5,9.84,546.33
44432.92,15.33,13.56,0.92,0.09,9.95,546.8
44432.96,13.77,13.33,0.97,3.05,9.95,546.96
44433,13.73,13.4,0.77,2.87,9.95,546.77
44433.04,13.57,13.25,0.93,2.68,10,546.81
44433.08,13.45,13.2,1.04,2.57,10,546.56
44433.12,13.52,13.23,0.99,2.49,10,546.4
44433.17,12.97,12.95,0.97,2.43,9.99,545.9
44433.21,13.04,12.8,1.09,2.29,9.99,545.8
44433.25,12.97,12.59,1.22,2.14,10,545.68
44433.29,12.77,12.5,1.4,2.13,9.96,545.71
44433.33,12.66,12.36,1.62,1.98,10,545.75
44433.38,12.74,12.34,1.7,1.84,10,545.78
44433.42,14.58,12.25,1.5,1.75,10,545.98
44433.46,14.63,11.86,1.57,1.84,10,545.99
44433.5,14,11.79,1.31,2.15,10,545.89
44433.54,14.9,13,1.19,2.38,10,545.62
44433.58,16.37,14.39,1.1,2.68,10,545.32
44433.62,15.8,14.19,1.18,2.86,10,545.03
44433.67,14.96,13.62,1.29,0.02,10,544.87
44433.71,15.7,14.2,1.47,0.06,10,544.79
44433.75,12.79,12.59,1.72,0.1,10,544.93
44433.79,12.42,12.24,1.68,0.05,10,545
44433.83,12.55,12.21,1.78,0.22,10,545.35
44433.88,12.51,12,1.88,0.34,10,545.77
44433.92,12.42,11.83,1.85,0.47,10,546.2
44433.96,11.23,10.98,1.76,0.41,10,546.53
44434,11.06,10.85,1.6,0.38,10,546.46
44434.04,10.75,10.54,1.45,0.43,10,546.54
44434.08,10.61,10.41,1.3,0.38,10,546.44
44434.12,10.47,10.29,1.24,0.33,10,546.28
44434.17,10.28,10.2,1.21,0.32,10,546.22
44434.21,10.26,10.04,1.29,0.41,10,546.23
44434.25,9.88,9.81,1.44,0.52,10,546.28
44434.29,10.09,9.74,1.41,0.36,10,546.21
44434.33,9.79,9.41,1.43,0.48,10,546.79
44434.38,9.54,9.12,1.45,0.45,10,546.9
44434.42,9.79,9.1,1.47,0.32,10,547.54
44434.46,10.01,9.09,1.47,0.43,10,547.82
44434.5,9.36,8.61,1.59,0.56,10,548.1
44434.54,10.01,8.87,1.67,0.54,10,547.98
44434.58,9.88,8.82,1.65,0.42,10,547.75
44434.62,9.77,8.93,1.71,0.48,10,547.59
44434.67,9.17,8.57,1.69,0.58,10,547.58
44434.71,9.46,8.7,1.6,0.57,10,547.6
44434.75,8.46,8.04,1.61,0.61,10,547.73
44434.79,8.63,8.14,1.42,0.43,10,547.81
44434.83,9,8.4,1.12,0.4,10,548.17
44434.88,9.13,8.41,1.04,0.62,10,548.65
44434.92,9.27,8.59,0.96,0.79,10,548.82
44434.96,9.13,8.49,1.03,0.89,10,549
44435,9.39,8.46,0.86,0.84,10,548.88
44435.04,9.34,8.51,0.74,0.97,10,548.88
44435.08,9.41,8.63,0.64,1.18,10,548.4
44435.12,9.45,8.6,0.43,1.15,10,548.2
44435.17,9.27,8.46,0.29,1.04,10,547.87
44435.21,9.26,8.62,0.4,2.21,10,547.84
44435.25,9.29,9.13,0.68,1.59,10,547.58
44435.29,9.48,9.08,0.99,2.18,10,547.54
44435.33,9.43,8.63,1.14,1.72,10,547.9
44435.38,9.29,8.55,1.25,1.44,10,547.87
44435.42,11.5,9.39,1.11,1.05,10,548.25
44435.46,11.94,9.74,0.92,1,10,548.22
44435.5,12,9.95,1.06,1.42,10,548.14
44435.54,13.83,10.74,1.36,1.45,10,547.84
44435.58,13.89,10.82,1.67,1.38,10,547.43
44435.62,13.94,10.74,1.74,1.45,10,546.94
44435.67,14.27,11.19,1.83,1.5,10,546.61
44435.71,14.44,11.36,1.62,1.62,10,546.38
44435.75,13.03,11.4,1.22,2.13,10,546.62
44435.79,12.81,11.46,0.78,2.12,9.99,546.45
44435.83,12.91,11.72,0.96,2.02,10,546.7
44435.88,12.71,11.97,0.88,2.13,10,546.77
44435.92,12.13,11.67,1.24,2.06,9.96,546.74
44435.96,11.2,11.2,0.93,2.38,10,547.2
44436,11.77,11.7,1.1,2.37,10,547.02
44436.04,11.89,11.81,1.21,2.25,10,546.81
44436.08,11.99,11.92,1.39,2.15,10,546.49
44436.12,12.1,12.02,1.28,2.02,10,546.1
44436.17,11.82,11.77,1.21,2.09,10,545.86
44436.21,12,11.83,1.16,2.07,10,545.75
44436.25,11.5,11.33,0.96,1.98,10,545.91
44436.29,11.25,11.25,0.98,2.13,10,545.75
44436.33,11.5,11.36,1.44,1.87,10,545.91
44436.38,11.66,11.35,1.2,1.79,10,546.11
44436.42,12.94,11.66,1.37,1.84,10,546.32
44436.46,12.75,11.85,1.44,1.94,10,546.41
44436.5,12.79,11.96,1.48,2.11,10,545.97
44436.54,15.65,13.95,1.27,2.3,10,545.69
44436.58,15.63,13.88,1.08,2.54,10,545.64
44436.62,15.21,13.57,1.04,2.6,10,545.46
44436.67,14.81,12.95,0.96,2.7,10,545.25
44436.71,15.04,13.26,1.04,2.78,10,545.45
44436.75,12.76,12.76,1.1,2.99,10,545.52
44436.79,12.82,12.42,1.17,2.69,10,545.66
44436.83,12.64,12.19,0.81,2.39,10,546.06
44436.88,12.78,12.05,0.58,2.36,10,546.35
44436.92,12.73,12.06,0.75,2.35,10,546.55
44436.96,11.89,11.81,0.96,2.5,10,546.71
44437,11.85,11.71,0.93,2.51,10,546.71
44437.04,11.83,11.71,0.85,2.44,10,546.66
44437.08,11.69,11.56,0.59,2.34,10,546.47
44437.12,11.69,11.46,0.57,1.95,10,546.11
44437.17,11.32,11.26,0.53,1.53,10,545.99
44437.21,11.34,11.22,0.72,1.42,10,545.74
44437.25,11.43,11.38,0.3,1.23,10,546.09
44437.29,11.57,11.45,0.33,0.07,10,546.12
44437.33,11.56,11.48,0.69,0.18,10,546.59
44437.38,11.66,11.66,0.9,0.14,10,546.63
44437.42,13.46,12.61,1.08,0.06,10,546.98
44437.46,13.78,12.64,1.07,0.18,10,547.16
44437.5,14.83,14.26,1.13,3.03,10,546.97
44437.54,16.53,15.45,1.15,2.66,10,546.64
44437.58,16.01,14.43,1.11,2.8,9.94,546.43
44437.62,15.59,14.43,1.09,3.03,9.96,546.35
44437.67,15.3,13.89,1.3,0.13,10,546.07
44437.71,15.48,14.35,1.45,0.31,10,545.76
44437.75,12.88,12.87,1.73,0.3,9.36,545.86
44437.79,13.07,12.95,1.41,0.18,9.96,546.14
44437.83,13.35,12.85,1.55,0.04,10,546.57
44437.88,13.7,12.81,1.27,0.2,10,546.88
44437.92,13.6,12.78,1.07,0.18,10,547.39
44437.96,12.57,12.52,1.1,0.05,10,547.52
44438,12.46,12.36,1.01,2.78,10,547.55
44438.04,12.38,12.29,0.85,2.3,10,547.26
44438.08,12.5,12.31,0.93,2.17,10,547.06
44438.12,12.52,12.25,1.19,2.06,10,546.85
44438.17,12.49,12.16,1.22,1.91,10,546.6
44438.21,12.28,12.29,1.34,1.7,10,546.37
44438.25,13.03,12.57,1.59,1.13,10,546.08
44438.29,13.24,12.82,1.68,1.23,10,546.04
44438.33,13.19,12.46,2.07,1.24,10,546.51
44438.38,13.7,12.51,2.22,1.1,9.96,546.52
44438.42,16.87,13.04,2.11,1.17,9.85,546.63
44438.46,16.94,13.04,2.31,1.16,9.88,546.6
44438.5,16.99,12.78,2.59,1.08,9.94,546.31
44438.54,18.92,12.7,2.46,1.14,9.9,546.08
44438.58,18.93,12.69,1.81,1.56,10,545.74
44438.62,18.78,12.65,1.79,1.67,10,545.87
44438.67,18.73,12.6,1.98,1.59,9.89,545.57
44438.71,18.15,12.86,1.85,1.73,9.91,545.7
44438.75,16.28,12.37,1.43,2.38,9.64,546.36
44438.79,15.98,12.62,0.8,2.43,9.59,546.17
44438.83,15.55,13.58,0.92,2.36,9.37,546.61
44438.88,15.61,13.2,0.92,2.73,9.56,546.99
44438.92,15.53,13.04,0.99,2.67,9.84,547.47
44438.96,13.92,13.24,1.1,2.61,10,547.63
44439,13.73,12.94,1.08,2.41,10,547.74
44439.04,13.73,12.98,1.14,2.34,10,547.7
44439.08,13.72,12.94,0.78,2.24,9.96,547.51
44439.12,13.77,12.98,1.08,1.76,10,547.45
44439.17,12.96,12.58,0.93,1.32,10,547.35
44439.21,12.89,12.47,1.34,1.3,10,547.34
44439.25,13.81,13.07,1.15,1.36,10,547.33
44439.29,13.81,13.15,1.34,1.28,10,547.69
44439.33,13.84,12.92,1.47,1.31,10,547.87
44439.38,13.81,12.79,1.37,1.27,9.89,547.87
44439.42,16.7,13.24,1.15,1.33,9.64,548.06
44439.46,17.08,13.06,0.75,1.88,9.9,548.14
44439.5,16.54,12.9,0.64,2.41,9.39,548.16
44439.54,17.74,13.42,0.79,2.42,9.38,548.03
44439.58,17.31,14.24,0.92,2.61,9.65,547.79
44439.62,16.98,13.94,0.83,2.65,9.47,547.45
44439.67,17.32,14.07,1.17,2.61,9.88,547.33
44439.71,17.23,14.26,1.45,0.06,9.04,547.23
44439.75,14.76,13.93,1.57,0.51,10,547.81
44439.79,14.4,13.62,1.39,0.43,10,547.71
44439.83,14.76,13.93,1.11,0.37,10,548.01
44439.88,15.26,14.04,1.07,0.41,10,548.34
44439.92,14.83,13.8,1.08,0.38,10,548.75
44439.96,13.91,13.5,0.89,0.41,10,548.88
44440,13.96,13.39,0.9,0.21,10,548.93
44440.04,13.83,13.27,0.54,2.78,10,548.72
44440.08,13.93,13.33,0.51,2.33,10,548.48
44440.12,13.83,13.43,0.53,2.12,10,548.22
44440.17,13.53,13.4,0.64,1.89,10,548.18
44440.21,13.5,13.36,0.54,1,10,548.14
44440.25,14.14,13.82,0.5,0.72,10,547.88
44440.29,13.89,13.64,0.39,0.24,10,548.41
44440.33,13.92,13.41,0.25,1.26,9.96,548.26
44440.38,13.86,13.21,0.55,2,10,548.75
44440.42,16.04,13.33,0.96,2.02,10,548.7
44440.46,16.37,12.7,0.96,2.07,9.74,548.88
44440.5,16.55,12.74,0.92,2.3,8.93,548.61
44440.54,18.8,13.46,0.89,2.42,8.01,548.06
44440.58,18.59,14.85,0.89,2.59,9.69,547.93
44440.62,18.55,15.12,1.09,2.87,9.25,547.21
44440.67,19.43,15.87,0.72,2.83,9.8,547.02
44440.71,18.4,15.43,1.34,0.01,9.86,547.08
44440.75,15.46,14.38,0.99,3.08,9.85,547.51
44440.79,14.77,13.46,1.06,0.31,9.99,547.24
44440.83,15.43,13.75,1.09,0.52,9.85,547.76
44440.88,15.34,13.87,1.12,0.35,9.69,548.24
44440.92,15.07,14.31,0.96,0.11,9.96,548.68
44440.96,13.66,13.58,1,0.09,9.92,548.85
44441,13.81,13.55,0.92,0.02,10,548.92
44441.04,13.63,13.46,0.84,2.48,10,548.79
44441.08,13.69,13.39,0.64,1.82,10,548.29
44441.12,13.62,13.38,0.98,1.1,10,548.21
44441.17,13.38,13.22,1.01,0.94,9.88,547.88
44441.21,13.57,13.4,1.13,0.85,10,547.9
44441.25,14.12,13.61,0.76,1.38,9.92,547.76
44441.29,13.92,13.58,0.72,1.73,10,547.94
44441.33,14.03,13.47,1.02,1.65,9.76,548.26
44441.38,14.33,13.34,1.64,1.11,8.37,548.04
44441.42,17.62,13.64,1.71,1.06,5.94,548.29
44441.46,18.19,13.39,1.86,1.07,5.68,548.19
44441.5,17.88,13.16,1.9,1.26,5.45,547.83
44441.54,19.47,13.89,1.67,1.55,5.39,547.39
44441.58,18.92,14.66,1.57,1.83,8.73,546.88
44441.62,18.33,14.88,1.5,1.85,8.6,546.46
44441.67,18.94,15.18,1.25,1.99,9.92,546.06
44441.71,18.82,15.24,1.39,1.97,9.8,545.95
44441.75,15.97,14.02,1.35,2.2,9.52,546.33
44441.79,15.89,13.95,0.75,2.21,9.55,546.28
44441.83,15.95,14.48,1.14,1.86,9.47,546.28
44441.88,15.94,13.95,1.15,2.43,9.39,546.66
44441.92,15.53,14.09,1.22,1.79,9.06,546.98
44441.96,14.44,13.91,1.5,1.45,9.12,546.73
44442,14.65,13.97,1.19,1.21,9.24,546.77
44442.04,14.46,13.92,1.31,1.1,9.6,546.65
44442.08,13.87,13.41,1.48,0.99,9.08,546.07
44442.12,14.18,13.61,1.46,0.94,9.45,545.58
44442.17,13.34,13.2,1.49,0.82,9.75,545.32
44442.21,13.53,13.27,1.6,0.77,9.89,545.11
44442.25,13.13,12.51,1.69,0.91,9.64,544.98
44442.29,13.22,12.63,1.61,1,9.66,545.22
44442.33,13.81,13.41,1.82,0.78,8.17,545.23
44442.38,14.6,14.14,2.15,0.73,4.98,545.13
44442.42,18.84,14.09,2.31,0.79,5.78,545.25
44442.46,19.51,13.36,2.55,0.87,6.5,545.22
44442.5,19.78,13.19,2.86,0.87,7.83,544.94
44442.54,22.07,13.27,2.8,0.89,7.55,544.65
44442.58,22.14,12.85,2.89,0.94,8.07,544.18
44442.62,22.06,12.58,2.75,1.03,8.13,543.83
44442.67,22.55,12.39,2.19,1.23,7.03,543.43
44442.71,22.03,12.66,2.03,1.13,6.98,543.19
44442.75,19.49,12.52,0.6,2.24,9,543.83
44442.79,18.65,13.65,0.7,2.96,9.96,544.15
44442.83,18.29,14.08,0.65,2.12,10,544.43
44442.88,18.23,14.18,0.01,1.29,9.73,544.42
44442.92,17.63,14.46,0.68,0.67,9.99,545.14
44442.96,15.52,14.17,0.19,2.91,10,545.45
44443,16.17,14.3,0.72,1.9,10,545.38
44443.04,15.37,13.88,0.99,1.46,10,545.43
44443.08,15.61,13.78,1.42,1.32,10,545.2
44443.12,15.77,13.42,1.74,0.9,10,544.85
44443.17,15.05,13.07,1.63,0.74,10,544.39
44443.21,14.84,13,1.29,0.4,10,544.29
44443.25,14.58,13.36,0.83,0.32,10,544.39
44443.29,14.64,13.56,0.48,2.97,10,544.78
44443.33,14.79,13.66,0.38,2.75,10,545.52
44443.38,14.82,13.95,0.35,1.96,10,545.55
44443.42,16.13,13.8,0.43,0.12,10,546.06
44443.46,15.88,14.16,0.69,2.46,10,546.28
44443.5,16.33,15.38,0.87,2.56,10,546.21
44443.54,17.41,15.94,0.81,2.94,10,546.35
44443.58,17.12,16.13,1.23,0.18,10,545.94
44443.62,16.53,15.74,1.49,0.46,10,545.98
44443.67,16.26,15.26,2.01,0.52,10,545.97
44443.71,15.91,14.87,1.66,0.67,10,546.09
44443.75,13.44,13.02,1.37,0.82,9.99,546.09
44443.79,13.53,13.09,1.08,0.94,9.99,546.13
44443.83,13.71,12.92,1.17,1.53,10,546.69
44443.88,13.64,12.71,1.1,1.48,10,546.66
44443.92,13.64,12.52,0.6,0.41,10,547.3
44443.96,12.53,12.08,0.45,1.38,10,547.83
44444,12.4,11.99,0.7,1.27,10,547.94
44444.04,12.21,12.03,0.72,1.43,10,547.73
44444.08,12.24,11.98,0.73,1.5,9.99,547.43
44444.12,12.46,12.05,0.67,1.48,10,547.24
44444.17,12.37,12.01,0.37,1.51,10,547.03
44444.21,12.59,12.18,0.14,2.99,10,546.84
44444.25,12.01,11.67,0.16,0.6,10,546.59
44444.29,12.16,11.66,0.52,1.96,10,546.65
44444.33,12,11.31,0.82,2.58,10,547.48
44444.38,12.03,11.2,0.68,3.05,9.91,547.36
44444.42,14.96,11.39,0.91,2.9,9.88,548.13
44444.46,15.02,12.09,0.82,2.67,10,548.28
44444.5,14.58,12.04,0.9,1.7,10,548.11
44444.54,16.26,12.7,1.63,1.51,10,547.88
44444.58,16.21,12.79,1.96,1.49,9.01,547.17
44444.62,16.1,13.09,2.26,1.45,6.41,547.04
44444.67,17.72,13.95,1.94,1.56,7.5,546.62
44444.71,18.47,14.84,1.33,2.03,7.99,546.6
44444.75,16.44,12.67,1.37,2.55,5.31,546.62
44444.79,16.05,13.91,1.07,2.97,7.7,547.31
44444.83,15.73,12.96,1.38,3.05,9.36,548.4
44444.88,15.97,13.36,1.17,0.33,8.96,548.73
44444.92,15.42,13.69,1.39,0.18,10,549.51
44444.96,13.7,12.84,1.36,0.09,10,549.71
44445,13.67,13.06,1.26,3.12,10,549.92
44445.04,13.38,12.9,1.35,0.05,10,549.76
44445.08,13.46,13.13,1.37,0.17,10,549.54
44445.12,13.53,13.26,1.62,0.49,10,549.57
44445.17,12.72,12.72,2.02,0.62,10,549.37
44445.21,12.44,12.44,1.97,0.7,10,549.61
44445.25,11.36,11.2,2,0.79,10,550.09
44445.29,10.84,10.76,1.9,0.93,10,550.09
44445.33,10.5,10.17,1.67,1.12,10,550.87
44445.38,10.2,10.16,1.73,0.91,10,551.23
44445.42,11.04,9.65,1.9,0.85,10,551.67
44445.46,10.73,9.26,2.15,0.87,10,551.94
44445.5,10.91,8.76,2.33,0.79,10,551.95
44445.54,12.12,8.08,2.48,0.84,10,551.79
44445.58,11.66,7.9,2.46,0.96,9.95,551.39
44445.62,11.67,7.8,2.36,0.98,9.97,551.4
44445.67,11.55,7.7,2.34,0.93,9.97,550.98
44445.71,11.7,7.78,2.21,0.95,10,550.99
44445.75,9.96,8.03,1.72,1.12,10,551.34
44445.79,10.35,8.02,1.5,1.01,9.94,551.18
44445.83,10.56,8.74,1.28,1.18,9.82,551.39
44445.88,10.84,9.2,1.29,1.16,9.7,551.91
44445.92,10.92,9.39,1.46,0.92,9.61,552.34
44445.96,10.29,9.3,1.21,0.82,9.73,552.73
44446,10.49,9.44,0.85,0.85,9.55,552.6
44446.04,10.17,9.23,0.59,1.23,9.76,552.73
44446.08,10.25,9.25,0.57,2.03,9.72,552.22
44446.12,10.31,9.31,0.66,2.18,9.28,551.88
44446.17,10.09,8.94,0.63,2.31,9.22,551.43
44446.21,9.44,8.79,0.7,2.36,9.61,551.35
44446.25,9.61,8.2,0.58,2.04,9.82,551.37
44446.29,9.94,8.1,0.67,2.01,9.65,551.22
44446.33,9.67,6.93,1.01,1.52,9.56,551.6
44446.38,9.5,5.66,1.18,1.13,9.58,551.57
44446.42,12.28,6.89,1.14,0.92,8.37,551.91
44446.46,12.76,7.1,1.04,0.7,10,551.89
44446.5,12.86,7.66,0.71,0.18,9.6,551.61
44446.54,15.26,8.54,0.74,2.25,9.3,551.13
44446.58,14.89,8.65,0.99,1.78,9.69,550.63
44446.62,14.85,8.89,1.09,1.77,8.84,550.24
44446.67,14.58,9.21,1.24,1.9,9.98,549.56
44446.71,14.57,9.38,1.06,2.08,9.64,549.36
44446.75,13.11,8.29,0.75,2.07,7.58,549.42
44446.79,13.47,7.87,0.33,0.03,2.93,549.22
44446.83,13.44,8.59,0.35,0.38,3.07,549.64
44446.88,13.15,9.06,0.58,0.13,1.63,549.98
44446.92,12.72,9.68,0.54,2.31,1.33,550.17
44446.96,10.71,9.44,0.51,1.46,2.15,550.31
44447,10.61,9.39,0.58,1.13,2.44,550.05
44447.04,10.46,9.42,0.49,1.03,3.38,549.67
44447.08,10.41,9.24,0.41,0.92,3.72,549.52
44447.12,10.41,9.13,0.36,0.84,3.74,549.12
44447.17,9.78,9.05,0.32,1.04,3.91,548.89
44447.21,10.18,9.27,0.21,1.39,7.14,548.63
44447.25,10,8.31,0.47,0.13,7.92,548.69
44447.29,10.62,8.86,0.36,0.7,8.56,548.43
44447.33,11.15,8.95,0.31,2.49,9.83,548.7
44447.38,11.26,8.23,0.73,1.1,10,549.12
44447.42,14.23,8.99,1.05,0.43,10,549.33
44447.46,13.76,8.93,1.17,0.29,10,549.51
44447.5,14.06,9.27,0.96,0.09,10,549.44
44447.54,15.5,9.78,0.85,2.81,10,549.24
44447.58,15.37,10.03,0.86,2.56,10,548.94
44447.62,15.04,10.3,1.02,2.49,10,548.46
44447.67,14.25,10.11,0.86,2.51,10,548.38
44447.71,13.79,10.6,0.9,2.61,10,547.82
44447.75,12.49,10.04,0.06,1.29,9.9,548.3
44447.79,13.03,10.06,0.28,0.73,9.76,548.16
44447.83,13.45,10.58,0.47,0.26,8.79,548.11
44447.88,13.05,10.69,0.72,0.52,8.6,548.87
44447.92,12.78,11.01,0.57,0.26,10,549.46
44447.96,11.65,10.76,0.19,0.59,9.94,549.25
44448,11.77,10.77,0.05,0.47,9.96,549.39
44448.04,11.66,10.88,0.2,0.82,9.96,549.38
44448.08,11.62,10.86,0.32,0.67,10,549.14
44448.12,11.79,10.97,0.43,0.86,9.93,548.94
44448.17,11.45,10.8,0.54,1.07,9.92,548.75
44448.21,11.53,10.85,0.42,0.18,9.82,548.67
44448.25,10.77,10,0.58,3.14,10,548.99
44448.29,10.88,9.92,0.38,3.12,9.95,548.96
44448.33,11.2,10.06,0.38,2.2,9.66,549.24
44448.38,11.4,9.5,0.58,1.39,10,549.49
44448.42,12.65,9.82,0.9,0.96,10,549.83
44448.46,12.54,9.65,1.05,1,9.93,550.01
44448.5,13.17,10.69,1.19,0.92,9.87,550.02
44448.54,15.53,12.14,1.22,1.02,9.98,549.68
44448.58,15.81,13.25,0.83,0.78,9.85,549.42
44448.62,14.5,11.92,0.47,0.74,8.11,549.1
44448.67,13.72,11.53,0.68,0.48,7.33,548.72
44448.71,13.46,11.39,0.91,1.03,7.76,548.53
44448.75,13.4,11.33,1.27,1.13,9.88,549.12
44448.79,13.28,10.99,0.79,1.02,9.77,549.13
44448.83,12.58,11.28,0.44,1.64,7.57,549.19
44448.88,12.52,11.57,0.59,2.66,8.19,549.66
44448.92,12.36,11.53,0.42,0.11,8.62,549.95
44448.96,11.27,11.27,0.42,2.97,8.39,549.98
44449,11.32,11.31,0.28,3.11,9.59,550.03
44449.04,11.29,11.27,0.06,1.14,9.83,550.19
44449.08,11.48,11.3,0.07,0.93,10,549.88
44449.12,11.72,11.43,0.11,0.9,10,549.8
44449.17,11.7,11.62,0.04,0.47,10,549.54
44449.21,11.99,11.55,0.15,2.71,10,549.5
44449.25,11.5,11.18,0.3,3.11,10,549.74
44449.29,11.03,10.78,0.68,0.29,10,549.74
44449.33,10.92,10.68,0.83,0.37,10,549.6
44449.38,11.59,11.23,0.93,0.28,9.11,549.92
44449.42,14.21,11.56,0.71,0.65,8.48,549.92
44449.46,13.93,11.7,0.59,1.05,9.5,549.85
44449.5,14.97,10.61,0.89,1.07,9.69,549.57
44449.54,17.99,10.02,0.82,1.08,9.63,549.14
44449.58,18.48,9.79,1.3,1.34,9.41,548.55
44449.62,18.55,9.75,1.43,1.52,9,548.28
44449.67,17.81,9.33,1.2,2,7.25,547.7
44449.71,17.83,9.78,1.51,2.05,8.72,547.34
44449.75,15.84,11.39,1.53,1.95,9.74,547.83
44449.79,15.64,11.72,1.19,2.14,9.83,547.91
44449.83,15.37,12.53,0.86,2.16,9.95,547.96
44449.88,15.29,12.48,0.73,2.14,9.72,548.31
44449.92,15.17,12.66,0.99,1.98,9.33,548.58
44449.96,14.23,12.47,1.06,1.77,9.51,548.69
44450,13.74,12.46,0.93,1.52,9.88,548.6
44450.04,13.74,12.27,1.2,1.21,9.93,548.54
44450.08,13.33,12.23,1.26,1.08,9.57,548.18
44450.12,13.77,12.32,1.3,1.1,9.52,547.96
44450.17,12.76,12.07,1.36,1,8.73,547.57
44450.21,12.64,12.01,1.33,0.86,8.44,547.26
44450.25,12.16,11.97,1.34,0.79,10,547.51
44450.29,11.95,11.76,1.29,0.72,10,547.54
44450.33,12.08,11.73,1.32,0.65,10,547.43
44450.38,12.56,12.56,1.16,0.7,10,547.54
44450.42,16.54,13.17,1.1,0.8,9.19,547.39
44450.46,17.14,12.3,1.49,1,4.06,547.37
44450.5,17.23,12.34,1.79,1.18,6.69,546.91
44450.54,19.52,11.48,1.44,1.5,8.87,546.51
44450.58,19.45,11.62,1.54,1.5,3.62,546.05
44450.62,19.06,11.5,1.59,1.49,5.12,545.67
44450.67,18.91,12,1.16,1.92,5.57,545.47
44450.71,18.15,11.8,0.82,2.29,7.54,545.29
44450.75,15.49,11.71,0.86,2.45,9.44,545.94
44450.79,15.18,11.87,0.79,2.36,9.96,545.92
44450.83,15.17,12.57,0.95,2.87,9.6,546.1
44450.88,15.3,12.67,0.7,2.94,10,546.27
44450.92,14.97,12.86,0.66,0.63,10,546.67
44450.96,13.24,12.41,0.69,0.4,9.88,546.71
44451,13.28,12.6,0.85,3.04,9.92,546.64
44451.04,12.82,12.3,0.71,2.9,9.84,546.58
44451.08,12.98,12.26,0.87,1.57,9.84,546.2
44451.12,12.76,12.02,1.3,1.02,9.64,545.88
44451.17,12.57,11.94,1.22,0.66,9.88,545.69
44451.21,12.84,12.06,1.06,0.47,9.61,545.49
44451.25,12.32,12.01,0.41,0.16,8.53,545.82
44451.29,12.18,12,0.22,0.38,8.2,545.91
44451.33,12.41,11.69,0.53,0.01,9.15,546.35
44451.38,12.24,11.35,0.69,3.01,9.08,546.64
44451.42,15.61,12.87,0.91,2.8,9.96,546.84
44451.46,15.77,13.57,0.74,2.65,9.77,546.89
44451.5,15.28,14.12,0.55,2.7,9.93,546.71
44451.54,16.61,14.64,0.51,2.78,9.96,546.41
44451.58,17.01,15.54,0.66,0.1,9.55,545.96
44451.62,17.05,15.56,0.86,3.08,9.8,545.83
44451.67,16.15,14.89,1.06,0.11,9.93,545.49
44451.71,15.19,14.37,1.08,0.32,9.94,545.67
44451.75,14.1,14.1,1.44,0.1,9.8,546.12
44451.79,14.04,13.4,1.43,2.91,10,546.24
44451.83,13.94,12.84,1.43,0.39,10,546.68
44451.88,14.31,12.8,1.16,0.21,10,547.07
44451.92,14.64,13.45,0.91,3.06,10,547.36
44451.96,13.62,12.99,0.76,2.9,10,547.45
44452,13.71,13.12,0.64,2.82,10,547.53
44452.04,13.2,12.7,0.7,0.01,10,547.47
44452.08,13.28,12.62,0.67,2.93,10,547.37
44452.12,13.23,12.73,0.71,2.82,10,547.2
44452.17,12.94,12.29,0.73,2.29,10,547.01
44452.21,13.06,12.53,0.74,1.96,10,547.2
44452.25,12.78,12.14,0.95,2.11,10,547.21
44452.29,12.39,11.89,0.67,2.07,10,547.61
44452.33,12.63,12.08,0.5,1.64,10,548.12
44452.38,12.81,12.56,0.87,0.98,10,548.29
44452.42,15.06,13.91,1.01,0.96,10,548.61
44452.46,15.23,14.33,1.09,1.09,10,548.76
44452.5,15.62,14.81,1.01,1.19,10,548.48
44452.54,19.31,16.71,0.84,1.75,9.88,548.06
44452.58,17.93,15.37,1.25,2.13,8.08,547.48
44452.62,17.22,15.2,1.19,2.14,8.97,547.23
44452.67,17.63,15.37,1.16,2.04,9.08,546.98
44452.71,16.7,13.94,0.99,2.12,9.64,547.01
44452.75,15.28,12.83,0.75,2.9,9.85,547.25
44452.79,15.18,11.54,0.45,2.78,9.01,547.06
44452.83,15.04,12.26,1.15,2.35,9.34,547.77
44452.88,15.25,12.22,0.9,1.82,9.72,548.18
44452.92,15.11,12.15,0.97,1.99,9.45,548.63
44452.96,13.49,12.13,0.94,1.72,9.54,548.8
44453,13.8,12.09,0.85,1.28,9.6,548.69
44453.04,13.75,12.25,0.79,1.18,9.56,548.94
44453.08,13.76,12.31,0.81,1.09,10,548.85
44453.12,13.82,12.31,1.17,1.06,10,548.6
44453.17,13.44,12.28,1.12,0.92,9.39,548.46
44453.21,13.11,12.2,1.45,0.95,8.33,548.34
44453.25,12.49,12,1.3,1.07,6.84,548.54
44453.29,12.46,11.89,1.4,0.76,6.34,548.6
44453.33,13.16,12.25,1.25,0.76,5.65,549.14
44453.38,13.92,12.44,1.4,0.89,5.17,549.37
44453.42,17.59,12.36,1.91,0.99,4.99,549.52
44453.46,17.94,12.02,2.05,0.99,4.68,549.57
44453.5,18.15,11.88,1.78,1.22,4.16,549.51
44453.54,19.04,12.26,1.38,1.43,8.73,549.29
44453.58,18.27,13.04,1.09,2.09,8.01,548.67
44453.62,17.28,13.08,1.31,1.83,10,548.74
44453.67,16.44,13.19,1.78,2.37,9.76,548.02
44453.71,16.12,13.34,1.13,2.24,9.01,548.17
44453.75,14.35,12.32,0.67,2.46,9.4,547.74
44453.79,14.8,12.65,0.53,2.65,9.61,548.15
44453.83,14.82,13.2,0.85,2.91,9.68,548.62
44453.88,15.21,13.35,0.99,2.07,9.71,549.21
44453.92,15.09,13.43,0.96,1.55,8.97,549.39
44453.96,13.02,12.37,1.02,1.61,8.3,549.51
44454,12.94,12.17,1.12,1.61,9.48,549.44
44454.04,12.91,11.95,1.26,1.16,9.33,549.5
44454.08,13.05,11.8,1.62,0.71,9.18,549.08
44454.12,12.74,11.52,1.56,0.71,9.45,548.63
44454.17,11.53,11,1.42,0.66,8.98,548.34
44454.21,11.25,10.83,1.43,0.6,9.32,548.15
44454.25,11.47,11.19,0.97,0.66,9.51,548.19
44454.29,11.42,11.19,1.15,0.9,9.56,548.32
44454.33,12.45,12.11,1.11,0.87,8.24,548.7
44454.38,13.45,12.39,1.03,1.31,4.93,548.73
44454.42,17.28,12.93,1.6,1.39,5.41,548.85
44454.46,17.41,12.36,1.99,1.11,5.65,548.98
44454.5,17.81,12.45,1.95,1.07,5.79,548.89
44454.54,19.02,12.07,1.79,1.21,6.7,548.66
44454.58,18.66,11.95,1.89,1.39,5.22,548.08
44454.62,18.29,11.76,1.85,1.56,5.44,547.94
44454.67,18.25,12.33,1.7,1.8,6.52,547.43
44454.71,18.21,12.44,0.94,2.05,7.93,547.68
44454.75,14.92,12.15,1.07,2.87,9.05,547.1
44454.79,15.05,12.68,0.82,2.66,9.64,547.74
44454.83,14.93,13.17,1.12,3.11,9.84,547.95
44454.88,15.39,13.47,1.18,3.01,9.96,548.65
44454.92,15.23,12.9,1.14,2.5,9.88,548.84
44454.96,13.43,12.29,0.61,2.24,10,549.04
44455,13.5,12.43,0.91,1.73,9.96,548.81
44455.04,13.05,12.31,0.7,1.99,9.92,548.65
44455.08,13.16,12.24,0.58,1.47,10,548.25
44455.12,13.19,12.04,0.59,1.09,10,547.92
44455.17,12.76,12.1,0.83,0.68,10,547.49
44455.21,12.85,12.33,0.59,0.5,9.99,547.41
44455.25,12.67,12.32,0.55,1.18,9.97,547.76
44455.29,12.94,12.59,0.55,2.59,9.81,547.75
44455.33,13.03,12.85,0.81,2.4,9.8,547.96
44455.38,13.53,13.34,0.79,2.51,10,548.25
44455.42,14.59,13.74,0.85,3.06,10,548.31
44455.46,15.17,14.45,0.75,3.08,10,548.39
44455.5,14.5,14.07,0.7,3.01,10,548.13
44455.54,15.89,14.77,0.86,0.43,9.96,547.66
44455.58,15.09,14.04,1.22,0.37,10,547.27
44455.62,15.96,14.95,1.56,0.51,10,546.73
44455.67,14.83,14.28,1.66,0.42,10,546.5
44455.71,14.94,14.11,1.92,0.4,10,546.58
44455.75,13.16,12.99,1.97,0.55,10,546.27
44455.79,13.25,12.63,1.52,0.36,10,547.2
44455.83,13.09,12.21,1.61,0.47,10,547.39
44455.88,13.14,12.18,1.44,0.49,10,548.01
44455.92,12.64,11.78,1.11,0.6,10,547.9
44455.96,11.55,11.45,0.91,0.75,10,547.99
44456,11.71,11.49,1.01,0.72,10,547.94
44456.04,11.61,11.49,0.9,0.9,10,547.68
44456.08,11.62,11.45,0.78,0.83,10,547.42
44456.12,11.48,11.44,0.36,0.64,10,547.03
44456.17,11.02,11.02,0.27,0.51,10,546.73
44456.21,11.14,11.02,0.11,1.42,10,546.52
44456.25,11.11,10.98,0.3,2.94,10,546.71
44456.29,11.06,10.88,0.17,0.03,10,546.31
44456.33,10.93,10.63,0.39,1.09,9.99,546.93
44456.38,11.17,10.56,1.02,2,10,547.15
44456.42,13.99,11.77,1.44,2.34,10,547.33
44456.46,13.87,11.93,1.31,2.36,10,547.45
44456.5,13.64,11.36,1.02,2.35,10,547.21
44456.54,15.5,12.04,1.08,2.45,10,546.83
44456.58,15.31,12.24,1.17,2.59,9.6,546.47
44456.62,15.85,12.92,1.28,2.64,8.64,545.99
44456.67,15.7,13.27,1.29,2.61,8.8,545.69
44456.71,15.51,13.26,1.68,2.8,9.44,545.36
44456.75,13.26,12,1.51,0.15,9.28,544.79
44456.79,13.49,12.01,1.47,0.14,9.76,545.82
44456.83,13.49,11.92,1.41,0.13,10,546.14
44456.88,13.44,11.69,1.35,0.14,10,546.65
44456.92,13.06,11.97,1.14,3.06,10,547.04
44456.96,11.41,11.34,1.16,3.01,10,547.09
44457,11.45,11.32,1.02,2.53,10,547.03
44457.04,11.19,11,1.08,2.48,10,546.59
44457.08,11.29,11.04,1.23,2.32,10,546.34
44457.12,11.35,11,1.18,2.3,10,546.11
44457.17,11.27,11.08,1.37,2.28,10,545.53
44457.21,11.47,11.24,1.42,2.13,10,545.32
44457.25,11.82,11.59,1.48,1.55,10,545.21
44457.29,11.95,11.83,1.91,1.44,10,545.26
44457.33,12.11,11.94,1.98,1.29,10,545.58
44457.38,12.47,11.94,2.15,1.35,10,545.84
44457.42,15.39,12.64,2.11,1.41,9.85,546
44457.46,15.53,12.84,1.94,1.43,9.36,546.14
44457.5,15.12,12.74,1.6,1.5,9.04,545.91
44457.54,15.71,13.21,1.75,1.51,9.04,545.61
44457.58,16.72,14.39,1.49,1.85,8.93,545.39
44457.62,16.21,13.32,1.01,2.16,9.64,545.22
44457.67,15.53,13.45,1.11,2.66,9.54,544.91
44457.71,15.74,13.86,1.16,2.79,9.96,545.02
44457.75,13.41,12.16,0.53,3.09,10,545.12
44457.79,13.53,12.24,1.1,0.71,10,545.28
44457.83,13.31,12.16,1.3,0.72,10,546.04
44457.88,13.13,11.94,1.6,0.65,10,546.83
44457.92,12.7,11.75,1.46,0.71,10,547.34
44457.96,11.32,11.1,1.68,0.69,10,547.52
44458,11.21,11.03,1.78,0.7,10,547.79
44458.04,10.94,10.74,1.64,0.6,10,547.91
44458.08,11.07,10.9,1.31,0.53,10,547.82
44458.12,11.26,10.95,0.99,0.66,10,547.31
44458.17,10.62,10.62,1.1,0.63,10,547.33
44458.21,10.78,10.78,0.92,0.23,10,547.35
44458.25,9.88,9.83,1.07,2.77,10,547.56
44458.29,9.95,9.95,1.15,2.87,10,547.68
44458.33,9.7,9.69,0.85,0.14,10,548.48
44458.38,9.83,9.42,0.64,0.41,9.6,548.99
44458.42,12.5,9.86,1.03,0.58,7.71,549.12
44458.46,12.98,9.33,1.26,0.35,7.44,549.32
44458.5,13.15,9.05,1.3,0.27,4.28,549.27
44458.54,15.53,9.41,1.55,0.43,3.4,548.68
44458.58,15.34,9.5,1.43,0.33,5.2,548.28
44458.62,14.94,9.82,1.29,3.11,4.78,547.88
44458.67,15.71,9.89,1.56,2.78,4.31,547.51
44458.71,15.81,10.06,1.66,2.69,4.76,547.49
44458.75,13.5,8.39,1.9,2.91,7.35,547.58
44458.79,13.74,9.37,1.29,0.04,7.89,547.33
44458.83,13.26,10.31,1.23,2.96,7.63,548.18
44458.88,12.76,10.51,1.03,2.97,7.7,548.67
44458.92,12.47,10.78,1.09,2.75,7.97,549.47
44458.96,9.99,9.19,0.9,2.27,7.51,549.58
44459,9.88,9.37,0.54,2.34,7.43,549.86
44459.04,10.01,9.69,0.28,2.62,7.48,549.68
44459.08,10.09,9.97,0.39,2.79,7.6,549.36
44459.12,10.25,10.2,0.3,2.45,10,549.2
44459.17,9.74,9.73,0.31,2.29,9.92,549
44459.21,9.58,9.55,0.14,1.48,10,549.14
44459.25,11.06,10.64,1.14,2.05,10,549.4
44459.29,11.16,10.64,0.87,2.06,10,549.33
44459.33,10.87,10.6,0.93,1.56,9.98,549.65
44459.38,9.88,9.88,1.19,1.24,7.57,549.97
44459.42,15.17,11.41,1.78,1.17,7.03,550.11
44459.46,15.52,11.04,1.81,1.13,2.98,550.14
44459.5,15.88,11.66,1.4,1.17,5.44,549.85
44459.54,18.99,12.23,1.15,1.26,8.57,549.37
44459.58,18.89,12.68,0.86,1.55,8.34,548.88
44459.62,18.88,12.93,1.05,1.6,7.99,548.35
44459.67,19.63,13.07,1.08,1.78,7.22,547.71
44459.71,18.48,11.73,1.02,1.81,7.11,547.52
44459.75,13.52,10.14,1,2,6.46,547.36
44459.79,14.29,10.71,0.59,2.42,5.3,547.41
44459.83,14.37,11.27,0.7,2.81,6.28,547.91
44459.88,14.28,11.54,0.9,2.8,6.77,548.28
44459.92,13.73,11.07,0.88,2.79,6.91,548.88
44459.96,10.97,10,1.05,2.58,7.18,549.11
44460,11.16,10.07,1.03,2.48,7.33,549.14
44460.04,10.71,9.85,0.85,1.81,7.87,549.07
44460.08,10.82,9.97,0.66,1.23,7.13,548.94
44460.12,10.82,9.65,0.97,1.07,7.03,548.6
44460.17,10.31,9.29,1.2,0.96,6.97,548.46
44460.21,10.2,9.23,1.09,0.84,6.34,548.31
44460.25,10.6,9.93,1.13,0.93,5.88,548.45
44460.29,10.2,9.51,1.31,0.83,2.3,548.31
44460.33,10.6,9.86,1.52,0.65,2.51,548.54
44460.38,11.39,9.85,1.39,0.64,1.93,548.77
44460.42,17.64,10.58,1.61,0.82,2.88,548.84
44460.46,17.81,9.81,1.94,0.97,3.61,548.6
44460.5,17.73,9.4,2.09,1.12,3.3,548.52
44460.54,20.77,10.07,2.23,1.14,2.89,547.82
44460.58,20.95,10.56,2.03,1.21,4.33,547.45
44460.62,20.58,11.19,1.85,1.44,3.6,546.68
44460.67,20.01,11.12,1.88,1.75,4.27,546.15
44460.71,18.92,10.95,1.38,1.79,6.55,546.18
44460.75,15.21,9.42,1.09,2.08,6.24,546.76
44460.79,15.13,10.49,1.09,1.95,5.94,546.53
44460.83,15.62,10.99,1.24,1.75,5.04,546.48
44460.88,15.14,11.3,1.28,1.83,7.72,547.09
44460.92,14.56,11.28,1.42,2.02,7.92,547.32
44460.96,12.46,10.72,1.46,1.82,7.39,547.57
44461,12.5,10.67,1.38,1.55,7.04,547.45
44461.04,12.45,10.51,1.42,1.24,6.59,547.43
44461.08,12.54,10.44,1.46,1.04,3.09,547.04
44461.12,12.21,10.24,1.42,0.9,2.16,546.73
44461.17,11.82,10.26,1.44,0.87,1.58,546.62
44461.21,11.66,10.06,1.5,0.86,1.04,546.37
44461.25,11.83,11.02,1.6,1.01,1.25,546.05
44461.29,11.68,10.79,1.73,0.95,4.27,546.5
44461.33,12.11,10.97,1.65,0.93,2.05,546.63
44461.38,13.27,11.33,1.64,0.86,0.89,546.87
44461.42,17.62,11.36,2.31,0.99,2.68,547.05
44461.46,18.65,10.58,2.5,1.03,3.19,546.91
44461.5,19.1,9.92,2.69,1.07,3.61,546.68
44461.54,20.94,9.32,2.91,1.07,4.29,546.34
44461.58,20.12,9.21,2.79,1.15,4.36,545.72
44461.62,20.14,9.29,2.52,1.32,4.61,545.45
44461.67,20.37,9.56,2.09,1.47,5.43,545.24
44461.71,20.32,9.56,2.29,1.39,6.72,545.04
44461.75,15.88,11,1.27,1.73,6.47,545.69
44461.79,15.97,11.38,1.67,1.75,5.35,545.72
44461.83,15.68,11.96,1.47,1.39,5.5,546.1
44461.88,15.77,11.98,1.12,1.25,6.19,546.37
44461.92,14.91,12.25,0.97,1.11,6.27,546.99
44461.96,13.32,11.63,1.3,1.01,8.09,547.1
44462,13.44,11.71,1.4,1.01,5.74,547.13
44462.04,13.24,11.64,1.73,0.99,3.89,547.05
44462.08,13.45,11.49,1.79,0.93,3.76,546.87
44462.12,13.27,11.24,1.74,0.82,3.22,546.67
44462.17,12.69,11.12,1.67,0.74,3.62,546.55
44462.21,13.3,11.5,1.65,0.72,3.46,546.54
44462.25,13.17,11.39,1.61,0.61,2.4,546.81
44462.29,12.98,11.37,1.23,0.68,2.61,546.91
44462.33,13.34,11.71,1.47,0.75,2.72,547.36
44462.38,13.49,11.88,1.45,0.86,1.85,547.4
44462.42,16.35,12.02,1.79,0.99,2.92,547.83
44462.46,17.12,11.61,2.12,1.01,6.44,547.88
44462.5,17.46,11.48,1.97,1.12,7.3,547.84
44462.54,18.61,11.58,2.03,1.18,4.26,547.69
44462.58,18.71,11.41,2.03,1.27,6.07,547.32
44462.62,18.4,10.88,2.1,1.43,6.49,547.02
44462.67,18.24,11.5,1.84,1.74,7.08,546.98
44462.71,17.53,11.83,1.61,1.74,7.01,546.73
44462.75,15.38,11.39,0.46,2.88,9.03,546.89
44462.79,15.4,12.3,1.23,2.65,8.14,547.09
44462.83,15.09,12.48,1.15,2.61,9.06,547.75
44462.88,15.26,12.3,0.63,2.75,9.68,547.99
44462.92,15.02,12.43,0.39,1.7,9.99,548.34
44462.96,13.6,12.59,1.01,1.6,9.88,548.27
44463,13.27,12.21,1.62,1.36,9.96,548.41
44463.04,13.27,11.93,1.3,0.89,9.94,548.44
44463.08,13.25,11.94,1.56,0.72,9.95,548.35
44463.12,12.95,11.67,1.46,0.64,9.94,548.29
44463.17,12.15,11.07,1.61,0.71,10,548.05
44463.21,12.46,11.17,1.48,0.67,9.95,547.81
44463.25,12.48,11.54,1.51,0.74,9.73,547.29
44463.29,12.91,11.72,1.66,0.76,9.15,547.76
44463.33,13.54,11.98,1.91,0.79,8.18,547.98
44463.38,14.27,12.36,2.39,0.88,4.82,547.98
44463.42,18.36,12.22,2.95,0.85,6.98,548.07
44463.46,18.84,11.71,3.24,0.8,5.49,547.95
44463.5,19.41,11.8,3.05,0.8,10,547.65
44463.54,21.02,11.71,2.5,1,9.61,547.43
44463.58,20.74,11.65,2.51,1.03,6.58,547.1
44463.62,21.04,11.19,2.41,1.19,2.88,546.69
44463.67,20.14,11.05,2.75,1.09,2.99,546.43
44463.71,19.97,11.47,1.91,1.46,3.25,546.15
44463.75,17.3,11.56,1.15,1.73,3.74,546.34
44463.79,16.7,12.45,0.79,1.7,3.43,546.33
44463.83,16.22,12.71,0.79,1.91,4.69,546.77
44463.88,16.11,12.81,0.87,2.19,6.63,547.43
44463.92,15.76,12.92,1,1.98,7.12,547.86
44463.96,14.5,12.37,1.4,1.26,7.18,547.81
44464,14.62,12.21,1.76,0.93,7.88,547.92
44464.04,14.55,12.09,1.78,0.84,8.27,547.62
44464.08,14.45,11.92,1.81,0.78,9.44,547.51
44464.12,14.48,11.94,1.73,0.73,8.72,547.06
44464.17,13.61,11.7,1.54,0.7,8.36,547.06
44464.21,13.66,11.74,1.99,0.71,6.08,546.8
44464.25,13.38,11.6,1.95,0.72,3.67,546.86
44464.29,13.53,11.78,1.71,0.79,1.66,547.09
44464.33,14.25,12.19,2.03,0.76,1.68,547.64
44464.38,14.88,12.44,2.28,0.82,2.03,547.77
44464.42,19.06,12.31,2.96,0.81,3.18,547.87
44464.46,19.49,11.71,3.32,0.77,6.78,547.71
44464.5,19.77,11.52,3.59,0.76,7.71,547.58
44464.54,21.75,10.81,3.22,0.82,7.91,547.22
44464.58,21.22,10.87,2.96,0.87,6.23,546.94
44464.62,20.92,10.99,2.8,1.02,4.66,546.73
44464.67,20.66,10.94,2.39,1.24,3.89,546.6
44464.71,20.32,10.94,2.15,1.38,3.01,546.54
44464.75,17.95,10.68,0.96,1.9,4.09,546.2
44464.79,16.78,12.05,0.76,1.67,5.67,546.93
44464.83,17.09,12.31,1.35,1.59,6.5,547.21
44464.88,16.98,12.05,1.1,1.15,8.34,547.65
44464.92,16.14,12.32,1.16,0.9,9.78,548.1
44464.96,14.19,11.75,1.52,0.91,9.09,548.13
44465,14.44,11.64,1.67,0.95,9.41,548.28
44465.04,13.93,11.46,1.74,0.83,9.18,548.01
44465.08,13.77,11.14,1.8,0.72,9.79,547.81
44465.12,13.82,11.23,1.61,0.66,9.6,547.57
44465.17,13.17,11.15,1.8,0.67,9.34,547.36
44465.21,12.9,11.13,1.66,0.71,9.23,547.36
44465.25,13.59,11.84,2.01,0.77,7.41,548
44465.29,13.48,11.85,1.93,0.85,6.9,547.91
44465.33,14.14,12.08,1.82,0.7,7.39,548.36
44465.38,14.9,12.03,1.88,0.73,8.65,548.63
44465.42,18.04,11.94,1.98,0.74,9.19,548.92
44465.46,18.45,11.28,2.24,0.82,7.68,548.87
44465.5,19.01,11.21,1.87,0.95,7.14,548.9
44465.54,20.3,10.46,1.42,1.2,5.33,548.51
44465.58,19.9,10.75,1,2.09,7.87,548.47
44465.62,18.82,11.61,0.96,2.32,9.85,548.33
44465.67,17.19,11.81,1.08,2.2,9.78,548.27
44465.71,16.5,12.71,1.65,2.53,9.28,548.1
44465.75,14.61,12.03,1.09,0.23,9.79,547.26
44465.79,14.51,12.41,0.83,2.99,10,548.56
44465.83,14.49,12.85,1,2.75,10,548.91
44465.88,14.8,13.33,1.11,3.04,10,549.18
44465.92,14.17,12.99,1.1,2.64,10,549.53
44465.96,12.33,11.78,1.02,2.54,10,549.56
44466,12.15,11.62,1.07,2.57,10,549.68
44466.04,12.07,11.49,1.01,2.53,10,549.58
44466.08,12.41,11.49,0.96,2.31,10,549.19
44466.12,12.39,11.48,0.91,1.92,10,548.88
44466.17,11.49,11.08,1.04,1.29,9.88,548.73
44466.21,11.67,11.32,1.05,1.12,10,548.56
44466.25,11.27,11.12,0.93,1.16,9.28,548.8
44466.29,11.33,11.16,0.76,1.16,10,548.92
44466.33,11.35,11.29,0.91,1.92,10,548.97
44466.38,11.31,10.92,1.46,1.55,9.72,549.22
44466.42,14.82,11.46,1.5,1.6,9.52,549.09
44466.46,14.72,11.21,1.7,1.4,6.79,549.09
44466.5,14.74,10.34,1.93,1.2,6.15,548.63
44466.54,17.5,10.98,2.01,1.2,6.33,548.16
44466.58,17.29,11.29,1.98,1.31,5.89,547.58
44466.62,17.46,11.15,1.84,1.43,8.14,546.84
44466.67,17.5,11.14,1.79,1.51,7.67,546.63
44466.71,17.1,11.49,1.98,1.49,8.92,546.34
44466.75,14.6,12.67,0.8,1.58,9.71,546.5
44466.79,14.33,12.84,1.26,1.92,9.63,546.69
44466.83,14.58,12.81,1.48,1.79,9.52,546.85
44466.88,14.57,12.82,1.33,1.76,9.61,547.08
44466.92,14.5,12.79,1,1.77,9.85,547.53
44466.96,12.93,12.14,1.2,1.91,9.65,547.72
44467,12.82,12,1.15,1.73,9.48,547.62
44467.04,12.63,12.06,0.98,1.66,9.2,547.64
44467.08,12.61,12.06,0.85,1.78,9.84,547.59
44467.12,13.06,12.19,0.8,1.97,10,547.49
44467.17,12.22,11.88,0.65,2.38,9.88,547.56
44467.21,12.6,12.08,0.77,2.48,8.68,547.51
44467.25,12.68,11.84,0.5,3.07,9.84,547.56
44467.29,12.4,11.46,0.83,0.27,10,548.12
44467.33,12.34,11.52,1.08,0.52,10,548.51
44467.38,11.47,11,1.32,0.47,10,548.95
44467.42,13.54,11.97,1.42,0.46,10,549.33
44467.46,12.9,11.58,1.41,0.5,10,549.51
44467.5,11.97,11.31,1.41,0.6,10,549.47
44467.54,13.32,11.98,1.15,0.52,10,549.31
44467.58,13.21,11.1,1.17,0.45,10,549.1
44467.62,13.44,11.74,1.21,0.18,8.88,548.7
44467.67,14.58,9.58,1.12,3.01,6.5,548.67
44467.71,14.85,8.66,1.41,3.13,5.84,548.4
44467.75,12.11,9.63,1.55,0.01,8.36,548.89
44467.79,12.36,9.55,0.9,2.56,6.46,548.78
44467.83,12,9.85,0.69,1.98,5.09,549.29
44467.88,11.42,9.65,0.33,1.31,4.13,549.63
44467.92,10.72,9.57,0.27,1.28,3.13,549.99
44467.96,8.64,8.1,0.38,1.02,2.01,550.04
44468,8.57,7.92,0.59,0.54,1.74,550.04
44468.04,8.1,7.29,0.63,0.18,5.08,549.88
44468.08,7.25,6.59,0.49,0.06,10,549.64
44468.12,6.23,5.32,0.49,0.07,10,549.41
44468.17,5.54,4.05,0.63,3.13,10,549.18
44468.21,5.7,4.25,0.64,0.06,4.85,549.1
44468.25,4.81,3.36,0.57,0.21,5.09,549
44468.29,4.91,3.43,0.72,0.29,4.97,549.04
44468.33,6.18,4.3,0.81,0.25,3.75,549.29
44468.38,9.23,5.37,0.8,0.47,0.88,549.39
44468.42,17.11,6.39,0.93,0.92,0.36,549.62
44468.46,17.42,6.4,1.1,1.4,0,549.53
44468.5,17.55,6.68,1.13,1.64,0,549.46
44468.54,20.58,5.72,1.28,1.83,1.16,548.96
44468.58,20.52,6.27,1.45,1.97,1.37,548.41
44468.62,20.25,6.67,1.65,2.03,1.71,547.97
44468.67,20.53,6.98,1.72,2.08,1.31,547.56
44468.71,20.11,7.11,1.52,2.23,2.49,547.3
44468.75,15.65,7.26,1.22,2.42,0.5,547.58
44468.79,15.51,7.1,1.29,2.51,0.37,547.55
44468.83,15.15,7.37,1.27,2.37,1.33,547.77
44468.88,14.91,7.66,0.95,2.63,1.99,548.27
44468.92,13.91,7.61,0.34,1.74,3.81,548.72
44468.96,10.34,6.81,0.58,1.73,3.26,548.97
44469,10.28,6.66,0.61,1.51,1.78,548.93
44469.04,10.62,6.71,0.4,1.26,1.81,548.79
44469.08,10.27,6.47,0.41,1.36,3.36,548.55
44469.12,10.27,6.4,0.04,1.47,3.82,548.36
44469.17,9.44,6.6,0.15,2.81,3.01,548.2
44469.21,9.59,6.69,0.22,0.23,3.03,548.05
44469.25,9.9,7.23,0.41,0.84,1.6,548.15
44469.29,9.96,7.12,0.86,0.78,2.55,548
44469.33,10.3,7.42,0.87,0.61,2.98,548.43
44469.38,11.62,7.49,0.69,0.4,1.58,548.62
44469.42,17.59,9,0.81,0.67,2.1,548.68
44469.46,17.82,9.37,0.97,0.98,3.01,548.78
44469.5,17.84,9.98,0.9,1.19,3.14,548.61
44469.54,21.27,11.05,0.84,1.39,2.35,548.08
44469.58,21.25,11.64,0.92,1.47,3.49,547.44
44469.62,21.2,12.15,0.78,1.85,5.06,547.24
44469.67,20.78,12.12,0.69,2.53,5.39,546.77
44469.71,19.97,11.94,0.88,3.02,5.83,546.83
44469.75,15.12,11.08,0.83,2.81,5.28,547.44
44469.79,15.66,11.66,0.76,2.38,6.49,547.35
44469.83,15.77,12.04,1.09,2.36,3.56,547.58
44469.88,15.67,11.81,0.83,0.32,1.42,548.08
44469.92,14.91,11.57,0.65,0.66,6.08,548.55
44469.96,12.44,10.84,0.3,2.27,6.56,548.65
44470,12.24,10.73,0.38,1.79,6.1,548.64
44470.04,11.88,10.46,0.08,2.23,6.14,548.56
44470.08,11.58,10.4,0.18,3.13,6.29,548.34
44470.12,11.93,10.6,0.27,0.45,6.44,548.22
44470.17,11.02,10.15,0.41,0.64,5.84,548.03
44470.21,11.41,10.33,0.7,1,9.25,547.94
44470.25,10.95,10.7,0.6,0.88,10,547.66
44470.29,10.42,10.14,0.86,0.67,10,547.79
44470.33,10.29,9.9,0.88,0.53,10,548.17
44470.38,11.13,11.06,0.81,0.5,10,548.41
44470.42,16.92,13.72,0.67,0.98,7.78,548.57
44470.46,17.69,12.9,1.09,1.19,4.38,548.62
44470.5,18.31,11.53,1.39,1.3,4.9,548.52
44470.54,21.87,10.65,1.79,1.28,3.6,547.85
44470.58,21.88,10.42,1.95,1.24,3.45,547.35
44470.62,22.12,10.54,1.68,1.53,1.53,546.75
44470.67,21.73,10.83,1.31,1.66,1.6,546.58
44470.71,21.14,11.01,1.02,2.14,2.73,546.35
44470.75,17.45,11.36,1.01,2.71,4.58,546.38
44470.79,17.14,11.39,1.14,2.72,4.38,546.66
44470.83,16.82,12.08,1.29,3.09,7.22,547.17
44470.88,16.81,12.42,1.3,0.13,7.29,547.91
44470.92,16.31,12.71,1.19,3.05,8.16,548.74
44470.96,14.28,12.31,1.14,2.7,7.52,548.6
44471,14.3,12.43,1.17,2.34,8.08,548.67
44471.04,14.04,12.57,1.14,1.78,8.4,548.58
44471.08,14.01,12.73,1.24,1.68,8.08,548.05
44471.12,14.03,12.57,1.1,1.37,8,547.95
44471.17,12.99,12.27,1.29,1.07,7.76,547.75
44471.21,12.93,12.17,1.35,0.95,7.08,547.44
44471.25,13.64,12.97,1.43,0.99,8.04,547.37
44471.29,13.17,12.63,1.53,0.93,7.96,547.29
44471.33,13.31,12.54,1.56,0.93,3.74,547.58
44471.38,13.93,12.79,1.59,0.91,3.93,547.68
44471.42,19.13,12.76,2.31,0.9,3.65,547.91
44471.46,19.3,11.7,2.53,0.93,6.13,547.71
44471.5,19.57,11.45,2.86,0.92,5.17,547.32
44471.54,22.52,10.29,3.12,0.96,5.48,546.82
44471.58,22.45,10.3,2.93,1.06,3.4,546.08
44471.62,22.67,10.34,2.82,1.15,2.74,545.66
44471.67,23.01,9.93,2.58,1.24,1.98,545.3
44471.71,23.01,9.56,2.15,1.37,2.24,545.1
44471.75,19.24,11.47,1.18,1.71,4.21,544.96
44471.79,18.17,11.77,1.52,1.48,4.72,545.27
44471.83,17.63,12.2,1.72,1.46,3.55,545.3
44471.88,17.51,12.36,1.77,1.41,1.99,545.75
44471.92,16.66,11.92,1.78,1.19,0.92,545.84
44471.96,15.04,11.16,1.92,1.06,0.5,545.79
44472,14.5,10.83,2.1,0.98,0.44,545.7
44472.04,14.46,10.87,2.07,0.81,0.36,545.73
44472.08,14.15,10.79,2.06,0.79,0.64,545.26
44472.12,14.22,10.84,1.86,0.83,0.75,545.18
44472.17,12.99,10.63,1.92,0.79,0.91,544.64
44472.21,12.95,10.61,1.9,0.73,1.65,544.72
44472.25,13.35,11.12,1.71,0.63,2.7,544.73
44472.29,13.12,11.25,1.72,0.79,2.39,544.87
44472.33,13.57,11.79,1.81,0.8,4.29,545.14
44472.38,14.1,12.21,2.07,0.86,3.33,545.43
44472.42,18.97,12.05,2.62,0.82,3.09,545.7
44472.46,19.22,11.36,2.88,0.8,4.86,545.58
44472.5,19.75,10.96,3.13,0.82,5.45,545.34
44472.54,22.46,10.13,3.33,0.82,6.27,544.87
44472.58,21.99,9.94,2.97,0.89,7.08,544.33
44472.62,21.66,9.87,2.95,0.96,5.67,543.9
44472.67,21.88,10.43,2.03,1.28,5.36,543.93
44472.71,21.64,10.28,1.57,1.49,4.88,544.01
44472.75,18.37,11,0.72,2.4,5.38,544.46
44472.79,17.77,12.26,0.84,2.39,5.77,544.7
44472.83,17.93,12.45,1.2,1.99,5.03,544.84
44472.88,18.05,12.63,1.27,1.39,5.7,545.45
44472.92,17.72,12.51,1.59,0.93,6.42,545.37
44472.96,15.56,12.27,1.65,1.18,7.35,545.59
44473,16.01,12.07,1.92,0.94,6.57,545.56
44473.04,15.74,11.97,1.81,0.78,6.03,545.33
44473.08,15.74,11.97,2.17,0.76,5.88,545.15
44473.12,14.86,11.67,1.95,0.71,6.56,545.09
44473.17,14.76,11.81,2.08,0.73,6.69,544.8
44473.21,15.13,12.11,1.54,0.74,6.82,544.93
44473.25,13.47,12.08,1.79,0.91,4.13,545.01
44473.29,13.85,12.51,1.59,0.94,3.25,545.77
44473.33,14.45,12.97,1.78,0.71,3.61,545.85
44473.38,15.74,13.62,1.77,0.83,2.66,546.15
44473.42,19.16,13.32,2.41,0.88,4.89,546.7
44473.46,19.51,12.41,2.61,0.88,5.49,546.83
44473.5,19.35,12.23,2.55,0.92,6.31,546.64
44473.54,20.89,11.75,2.21,1.08,4.74,546.33
44473.58,19.95,12.04,2.12,1.2,5.28,545.9
44473.62,19.59,12.52,1.55,1.77,5.59,545.77
44473.67,17.74,12.53,1.72,1.88,7,545.73
44473.71,17.25,13.07,1.78,1.95,6.71,545.8
44473.75,15.86,12.55,1.61,2.23,8.28,545.51
44473.79,15.6,13.26,1.43,1.93,7.74,546.18
44473.83,15.33,13.63,1.47,1.9,9.2,546.45
44473.88,15.83,13.72,1.3,1.95,8.29,547.11
44473.92,15.74,13.91,1.47,2.17,8.87,547.41
44473.96,14.36,13.38,1.49,2.29,9.84,547.77
44474,14.08,13.19,1.23,1.91,9.77,547.72
44474.04,13.72,12.84,1.26,1.64,9.36,547.37
44474.08,13.33,12.6,1.32,1.51,9.23,547.31
44474.12,12.89,12.28,1.41,1.29,7.89,547.1
44474.17,12.84,12.44,1.29,1.41,9.1,547.02
44474.21,13.12,12.49,1.55,1.39,8.41,547.01
44474.25,14.05,12.93,1.2,1.8,8.19,547.11
44474.29,14.07,12.83,1.62,1.3,7.72,547.57
44474.33,13.91,12.93,1.66,1.25,7.7,547.66
44474.38,14.2,12.82,1.84,1.27,4.42,547.95
44474.42,16.68,13.09,2.14,1.22,5.07,548.19
44474.46,17.26,12.65,2.11,1.3,4.49,548.06
44474.5,17.05,12.5,2.29,1.29,7.24,547.92
44474.54,18.53,12.63,1.68,1.59,9.75,547.52
44474.58,17.95,12.93,1.79,1.58,8.49,547.18
44474.62,17.98,12.79,2.13,1.62,6.45,546.64
44474.67,17.8,12.19,1.92,1.78,6.73,546.44
44474.71,17.43,12.42,1.58,1.98,5.93,546.46
44474.75,15.01,12.35,0.97,2.55,6.48,546.27
44474.79,14.47,12.79,1.37,2.36,8.9,546.57
44474.83,14.25,12.83,1.2,2.34,8.85,547.07
44474.88,14.29,12.66,1.28,2.62,8.28,547.49
44474.92,13.86,12.79,1.19,2.32,8.25,547.64
44474.96,12.93,12.31,1.18,1.98,8.6,548
44475,12.99,12.33,1.41,1.76,8.32,547.94
44475.04,12.85,12.35,1.54,1.47,10,547.7
44475.08,13.07,12.52,1.18,1.15,9.6,547.44
44475.12,13.1,12.48,1.46,1.2,10,547.19
44475.17,13,12.52,1.31,1.3,9.96,547.18
44475.21,13.22,12.6,1.18,1.2,9.2,546.91
44475.25,13.61,12.87,0.71,2.05,9.8,546.49
44475.29,13.32,12.79,0.41,2.31,10,547.12
44475.33,12.97,12.54,0.6,2.74,10,547.34
44475.38,12.81,12.43,0.74,3.08,10,547.74
44475.42,15.12,13.71,0.95,0.12,10,548
44475.46,15,14.09,1.28,0.24,10,548.07
44475.5,15.89,15.48,1.48,0.29,10,548.07
44475.54,15.44,14.96,1.61,0.36,10,547.59
44475.58,14.96,14.26,1.69,0.3,10,547.27
44475.62,13.84,13,1.79,0.31,10,546.88
44475.67,12.81,12.26,1.83,0.34,9.84,546.68
44475.71,12.6,11.78,1.71,0.49,10,546.69
44475.75,10.99,10.97,1.86,0.35,10,546.64
44475.79,10.63,10.26,1.55,0.42,10,546.67
44475.83,10.83,10.3,1.46,0.49,10,547.21
44475.88,10.64,9.98,1.32,0.55,10,547.95
44475.92,10.33,9.84,0.96,0.68,10,547.96
44475.96,9.86,9.84,0.77,0.87,10,548.13
44476,10,9.98,0.7,1.07,10,548.15
44476.04,10.03,9.92,0.8,0.99,10,547.93
44476.08,10.07,9.96,0.88,0.74,10,547.74
44476.12,9.92,9.74,0.85,0.74,10,547.52
44476.17,9.73,9.71,0.89,0.86,10,547.14
44476.21,9.72,9.57,0.83,0.76,10,547.2
44476.25,9.32,9.24,0.82,0.53,10,547.13
44476.29,9.46,9.22,0.82,0.23,10,547.16
44476.33,9.41,9.14,0.94,0.37,10,547.47
44476.38,9.72,9.64,1.13,0.55,10,547.78
44476.42,12.03,10.4,1.14,0.5,10,548.04
44476.46,12.82,11.02,1.29,0.39,8.6,547.93
44476.5,13.23,11.5,1.48,0.05,10,547.84
44476.54,13.2,10.76,1.48,3.14,10,547.49
44476.58,13,10.42,1.67,3.12,10,546.95
44476.62,12.59,10.53,1.74,0.08,10,546.39
44476.67,12.05,10.06,1.83,0.11,10,546.02
44476.71,12.26,10.26,1.81,0.33,10,546.12
44476.75,10.16,9.64,2.05,0.44,10,546.26
44476.79,10.45,9.12,1.56,0.23,10,546.81
44476.83,10.33,9.36,1.43,0.39,10,547.26
44476.88,10.66,9.42,1.26,0.33,10,547.25
44476.92,10.29,9.25,0.96,0.2,10,547.44
44476.96,9.35,8.84,0.89,2.87,10,547.57
44477,9.05,8.77,0.77,2.86,9.68,547.47
44477.04,8.78,8.43,0.66,2.01,9.32,547.33
44477.08,8.7,8.36,0.89,1.65,9.8,547.1
44477.12,8.8,8.33,0.96,1.7,9.72,546.73
44477.17,8.73,8.49,0.86,1.91,9.92,546.6
44477.21,9.18,8.82,0.7,1.99,10,546.45
44477.25,8.74,8.45,1.21,0.99,10,546.43
44477.29,8.77,8.55,0.8,1.42,10,546.58
44477.33,9.06,8.81,0.55,1.53,10,546.86
44477.38,9.95,9.54,0.7,1.33,9.97,547.12
44477.42,12.39,10.81,0.95,1.59,9.83,547.15
44477.46,12.29,11.04,1.1,1.58,9.24,547.11
44477.5,12.12,11.1,1.28,1.61,9.8,546.82
44477.54,14.52,11.45,1.28,1.73,9.17,546.37
44477.58,14.65,11.74,1.41,1.87,9.19,545.8
44477.62,15.21,12.03,1.34,2.09,9.88,545.52
44477.67,15.22,12.06,1.26,2.33,9.96,545.49
44477.71,14.68,12.06,1.29,2.58,9.08,545.55
44477.75,12.09,10.77,1.29,2.74,9.84,545.77
44477.79,11.82,10.98,1.14,0.1,9.32,545.75
44477.83,11.62,10.7,1.25,0.06,9.64,546.29
44477.88,11.66,10.68,1.3,0.14,10,546.76
44477.92,11.68,10.42,1.28,0.13,10,546.99
44477.96,10.37,10.08,1.18,0.18,10,547.33
44478,10.17,9.97,1.12,0.18,10,547.31
44478.04,10.04,9.97,1.11,0.07,10,547.38
44478.08,10.03,9.93,1,2.98,10,547.26
44478.12,10.03,9.91,0.88,2.76,10,547.16
44478.17,9.75,9.71,0.9,2.54,10,546.97
44478.21,9.85,9.75,1.04,2.3,10,547.05
44478.25,9.67,9.26,1.07,2.89,10,547.24
44478.29,9.72,9.32,1.05,0.19,10,547.48
44478.33,9.73,9.28,1.23,0.27,10,547.91
44478.38,9.48,9.26,1.34,0.41,10,548.22
44478.42,11.05,9.93,1.38,0.4,10,548.58
44478.46,10.91,10.02,1.43,0.36,10,548.74
44478.5,10.52,9.94,1.21,0.42,10,548.76
44478.54,12.21,10.55,1.24,0.5,10,548.53
44478.58,11.93,10.48,1.31,0.49,10,548.05
44478.62,11.43,10.03,1.4,0.44,10,547.91
44478.67,10.95,9.87,1.57,0.41,10,547.7
44478.71,11.1,9.83,1.64,0.39,10,547.85
44478.75,9.52,9.05,1.64,0.39,10,548.27
44478.79,9.77,9.03,1.41,0.3,10,548.54
44478.83,9.91,8.79,1.54,0.33,10,549.07
44478.88,9.91,8.93,1.41,0.41,10,549.32
44478.92,9.85,9.06,1.26,0.58,10,549.51
44478.96,8.99,8.52,1.32,0.5,10,549.93
44479,9,8.65,1.17,0.51,10,549.93
44479.04,8.94,8.8,0.99,0.47,10,549.76
44479.08,9.02,8.79,0.95,0.48,10,549.6
44479.12,9.17,8.88,0.93,0.54,10,549.27
44479.17,8.74,8.49,1.05,0.58,10,549.25
44479.21,8.96,8.62,1.18,0.54,10,549.29
44479.25,8.62,8.42,1.44,0.14,9.68,549.89
44479.29,8.8,8.5,1.16,0.26,10,549.47
44479.33,8.91,8.46,1.32,0.42,8.48,550.01
44479.38,9.25,8.42,1.49,0.47,8.96,550.33
44479.42,10.76,8.65,1.66,0.5,10,550.64
44479.46,10.33,8.56,1.66,0.44,10,550.73
44479.5,10.71,8.98,1.65,0.42,9.64,550.62
44479.54,11.23,9.04,1.77,0.38,10,550.07
44479.58,10.98,8.76,1.69,0.34,10,549.7
44479.62,10.67,8.65,1.58,0.28,10,549.39
44479.67,9.88,8.39,1.53,0.29,10,549.33
44479.71,9.71,8.44,1.45,0.27,10,549.32
44479.75,8.21,7.55,1.56,0.18,10,549.75
44479.79,8.19,7.37,1.51,0.2,9.8,549.47
44479.83,8.28,7.45,1.42,0.24,9.16,550.28
44479.88,7.9,7.13,1.5,0.26,9.28,550.46
44479.92,7.42,7.01,1.36,0.33,9.88,550.69
44479.96,6.84,6.54,1.32,0.39,10,550.84
44480,6.91,6.61,1.1,0.44,10,550.64
44480.04,6.74,6.4,0.86,0.57,10,550.34
44480.08,6.84,6.57,0.79,1.04,10,550.04
44480.12,6.91,6.63,0.66,1.29,10,549.8
44480.17,6.75,6.4,0.6,0.81,10,549.63
44480.21,6.84,6.43,0.7,0.28,10,549.18
44480.25,6.89,6.53,1.11,2.42,10,549.73
44480.29,7.03,6.59,1.06,2.47,10,549.5
44480.33,7.15,6.69,1.09,2.62,10,549.57
44480.38,7.28,6.99,1.06,2.74,10,549.97
44480.42,9.5,8.27,1.04,3.01,10,550.01
44480.46,9.53,8.55,1.08,2.88,10,550.15
44480.5,9.35,8.26,1.22,2.61,10,549.88
44480.54,11.41,9.29,1.5,2.26,10,549.25
44480.58,11.33,9.41,1.56,1.93,10,548.66
44480.62,12.02,9.85,1.68,1.94,10,547.98
44480.67,12.69,10.23,1.61,2.04,10,547.87
44480.71,12.28,10.49,1.34,2.28,10,547.77
44480.75,11.03,9.96,1.27,2.67,10,547.83
44480.79,10.81,9.92,1.39,2.87,9.72,547.94
44480.83,10.72,9.97,1.41,3,9.4,548.21
44480.88,9.96,9.73,1.16,2.98,8.88,548.61
44480.92,9.77,9.56,0.96,2.95,9.48,548.8
44480.96,9.14,9.09,0.74,2.79,9.44,549.12
44481,9.21,9.17,0.81,2.08,9.96,549.11
44481.04,9.37,9.33,1.26,1.82,10,549
44481.08,9.65,9.54,1.51,1.74,10,548.76
44481.12,9.8,9.69,1.51,1.64,10,548.48
44481.17,8.97,8.96,1.17,1.64,8.96,548.4
44481.21,8.82,8.81,0.92,1.85,8.28,548.31
44481.25,8.86,8.86,1.03,2.04,8.52,548.27
44481.29,8.89,8.88,0.78,2.28,10,548.36
44481.33,8.95,8.95,0.87,2.63,10,548.78
44481.38,9.13,9.13,1.1,2.68,10,548.9
44481.42,11.98,10.53,1.17,2.38,10,549.37
44481.46,12.85,11.49,1.29,2.11,10,549.26
44481.5,12.73,11.19,1.26,2.17,8.88,549.28
44481.54,14.24,11.67,1.05,2.41,9.24,548.87
44481.58,14.18,11.58,1.07,2.8,9.12,548.23
44481.62,14.35,11.81,1.38,2.9,9.52,548.08
44481.67,13.33,11.31,1.68,3.01,9.36,547.97
44481.71,12.58,11.07,1.68,3.11,9.68,548.11
44481.75,10.43,9.9,1.59,2.89,9.16,547.96
44481.79,10.2,9.74,1.12,0.04,10,548.3
44481.83,10.23,9.78,1.12,0.18,10,548.91
44481.88,10.14,9.59,1.19,0.19,10,549.34
44481.92,10.05,9.54,1.2,0.19,10,549.52
44481.96,8.9,8.86,1.13,0.03,10,549.87
44482,8.72,8.72,1.06,0.03,10,549.75
44482.04,8.62,8.57,0.93,3.13,10,549.92
44482.08,8.63,8.54,0.74,3.01,10,549.63
44482.12,8.65,8.33,0.77,0.01,10,549.52
44482.17,8.57,8.27,0.9,0,10,549.63
44482.21,8.66,8.35,0.71,0.04,10,549.36
44482.25,8.82,8.27,0.71,3.05,10,549.69
44482.29,8.73,8.47,0.98,0.67,10,549.87
44482.33,8.71,8.49,1.31,0.47,10,550.24
44482.38,8.54,8.16,1.46,0.31,10,550.48
44482.42,11.01,9.24,1.37,0.17,10,550.82
44482.46,11.44,9.52,1.27,0,10,550.75
44482.5,11.23,9.58,1.4,3.07,10,550.67
44482.54,13.24,9.83,1.41,3.06,10,550.38
44482.58,13.36,9.92,1.36,3.03,10,549.84
44482.62,13.48,9.87,1.31,3.03,10,549.47
44482.67,13.59,9.84,1.41,3.06,10,549.29
44482.71,13.54,9.67,1.56,3.09,9.72,549.11
44482.75,11.01,9.03,1.59,3.07,9.61,549.14
44482.79,10.73,9.35,1.34,2.99,9,549.13
44482.83,10.17,9.21,1.46,3.1,8.4,549.85
44482.88,10.12,9.14,1.3,0.12,8.88,550.41
44482.92,10.25,9.12,1.06,0.26,9.08,550.96
44482.96,8.86,8.61,0.94,0.36,10,551.06
44483,8.87,8.55,0.87,0.64,9.6,550.96
44483.04,8.54,8.48,0.79,0.66,10,550.74
44483.08,8.75,8.45,0.77,0.61,10,550.65
44483.12,8.81,8.42,0.69,0.54,10,550.28
44483.17,8.32,8.15,0.65,1.11,9.84,550.48
44483.21,8.39,7.99,0.75,1.35,9.84,550.26
44483.25,8.77,8.29,1.01,1.02,10,550.55
44483.29,8.65,8.34,1.32,0.8,10,550.69
44483.33,8.74,8.19,1.62,0.61,10,551.06
44483.38,8.92,8.2,1.68,0.52,9.96,551.66
44483.42,9.76,8.23,1.67,0.54,10,551.86
44483.46,10.63,9.08,1.55,0.51,10,551.74
44483.5,10.62,9.01,1.4,0.52,10,551.56
44483.54,10.57,9.25,1.4,0.48,10,551.02
44483.58,10.64,9.3,1.37,0.44,10,550.41
44483.62,10.73,9.52,1.23,0.35,10,549.97
44483.67,10.55,9.48,1.16,0.24,10,549.71
44483.71,10.68,9.4,1.33,0.17,9.96,549.74
44483.75,9.65,9.04,1.42,3.13,10,549.92
44483.79,9.5,9.15,1.3,0.06,10,549.98
44483.83,9.43,9.2,1.37,0.03,10,550.41
44483.88,9.49,9.41,1.24,0.23,10,550.8
44483.92,9.27,9.27,1.23,0.48,10,550.99
44483.96,8.47,8.46,1.4,0.5,10,550.98
44484,8.35,8.35,1.34,0.59,10,550.59
44484.04,8.13,8.13,1.2,0.61,10,550.55
44484.08,8.04,8.03,1.02,0.51,10,550.06
44484.12,7.99,7.99,0.98,0.37,10,549.9
44484.17,7.63,7.63,0.98,0.31,10,549.75
44484.21,7.8,7.8,1.05,0.36,10,549.65
44484.25,7.51,7.23,1.31,0.18,10,549.82
44484.29,7.62,7.22,1.19,0.27,10,550.09
44484.33,7.46,7.22,1.21,0.3,10,550.17
44484.38,7.2,7.05,1.36,0.38,10,550.81
44484.42,7.73,6.89,1.71,0.35,10,550.98
44484.46,7.54,7.05,1.74,0.36,10,550.99
44484.5,7.41,6.97,1.75,0.32,10,550.83
44484.54,8.78,7.28,1.62,0.28,10,550.36
44484.58,8.75,7.64,1.48,0.15,10,549.96
44484.62,8.84,7.2,1.55,0.09,10,549.51
44484.67,7.79,7.01,1.51,0.11,10,549.36
44484.71,7.86,6.96,1.54,0.19,10,549.48
44484.75,5.79,5.46,1.63,0,10,549.68
44484.79,5.42,5.28,1.52,0.32,10,550.1
44484.83,5.35,5.32,1.61,0.34,10,550.52
44484.88,5.29,5.24,1.68,0.35,10,550.89
44484.92,4.95,4.91,1.53,0.41,10,551.12
44484.96,4.11,4.11,1.44,0.42,10,551.28
44485,4.05,4.06,1.4,0.47,10,551.16
44485.04,3.9,3.89,1.36,0.56,10,551.14
44485.08,3.87,3.87,1.42,0.58,10,551.14
44485.12,3.8,3.8,1.44,0.54,10,551.05
44485.17,3.31,3.31,1.55,0.48,10,551.14
44485.21,3.31,3.31,1.62,0.52,10,551.31
44485.25,3.05,3.05,1.48,0.38,10,551.35
44485.29,2.99,2.99,1.53,0.47,10,551.53
44485.33,2.73,2.73,1.61,0.46,10,551.83
44485.38,2.52,2.52,1.63,0.45,10,552.49
44485.42,3.59,3.24,1.71,0.49,10,552.88
44485.46,3.83,3.31,1.69,0.54,10,553.2
44485.5,4.05,3.64,1.69,0.54,10,553.03
44485.54,4.73,4.1,1.55,0.51,10,552.7
44485.58,5.06,4.51,1.51,0.46,10,552.23
44485.62,4.97,4.54,1.32,0.36,10,552
44485.67,4.39,3.97,1.41,0.39,10,551.75
44485.71,4.22,3.92,1.2,0.36,10,551.84
44485.75,3.61,3.61,1.42,0.13,10,552.16
44485.79,3.54,3.16,1.48,0.31,10,552.21
44485.83,3.3,3.28,1.43,0.39,10,552.81
44485.88,3.32,3.13,1.53,0.5,10,553.35
44485.92,3.02,2.87,1.51,0.4,10,553.48
44485.96,2.44,2.18,1.44,0.31,10,553.57
44486,2.37,2.06,1.28,0.28,10,553.37
44486.04,2.25,1.95,1.07,0.07,10,553.04
44486.08,2.33,1.95,0.96,3.11,10,552.79
44486.12,2.48,1.95,0.81,2.88,10,552.35
44486.17,2.57,1.95,0.75,2.51,10,551.97
44486.21,2.72,2.07,0.59,1.98,10,551.52
44486.25,2.51,1.67,0.86,1.71,10,551.35
44486.29,2.77,1.93,0.8,1.54,10,550.85
44486.33,3.17,2.28,0.86,1.78,10,551.46
44486.38,3.52,2.65,1.2,1.86,10,551.37
44486.42,5.86,4.11,1.41,1.69,10,551.48
44486.46,6.22,4.54,1.44,1.4,10,551.32
44486.5,6.02,4.73,1.39,1.26,10,550.87
44486.54,8.14,5.69,1.62,1.24,10,550.17
44486.58,8.58,6,1.71,1.2,10,549.37
44486.62,8.41,6.06,1.73,1.37,10,548.76
44486.67,8.67,6.73,1.7,1.55,10,548.5
44486.71,8.42,6.87,1.25,1.8,10,548.36
44486.75,7.76,6.89,1.02,1.8,10,548.34
44486.79,7.34,6.71,0.63,2.17,10,548.18
44486.83,7.27,6.81,0.68,2.56,10,548.92
44486.88,7.26,6.93,0.96,2.31,10,549.11
44486.92,7.23,7.01,1.12,2.2,10,549.19
44486.96,6.49,6.35,1.14,2.42,10,549.32
44487,6.61,6.47,1.2,2.45,10,549.24
44487.04,6.7,6.62,1.22,2.3,10,549
44487.08,6.52,6.52,1.1,2.19,10,548.96
44487.12,6.64,6.64,1.28,1.83,10,548.61
44487.17,6.42,6.42,1.43,1.28,10,548.18
44487.21,6.61,6.61,1.51,1.18,10,548.06
44487.25,7.08,6.88,1.7,0.92,10,547.6
44487.29,7.39,7.22,1.46,1.04,10,547.54
44487.33,7.51,7.21,1.25,1.01,10,548.04
44487.38,7.1,7.02,0.87,1.12,10,548.27
44487.42,8.88,7.96,0.84,1.64,10,548.65
44487.46,8.91,8.18,1.16,1.68,10,548.74
44487.5,8.9,8.13,1.06,1.78,10,548.31
44487.54,11.43,9.58,0.75,2.08,9.72,548.09
44487.58,11.47,9.55,0.84,2.36,10,547.72
44487.62,11.35,9.49,1.15,2.45,10,547.39
44487.67,10.95,9.2,1.26,2.33,10,547.29
44487.71,10.82,9.05,1.18,2.61,9.88,547.39
44487.75,8.66,7.76,1.07,2.64,9.92,547.86
44487.79,8.21,7.7,1.01,0.16,10,548.08
44487.83,8.18,7.67,1.08,0.38,10,548.6
44487.88,8.23,7.84,1.04,0.46,10,548.98
44487.92,8.3,8.07,0.9,0.27,10,549.41
44487.96,7.76,7.76,0.79,2.88,10,549.21
44488,7.82,7.82,0.99,2.22,10,549.02
44488.04,7.88,7.88,1.14,1.95,10,548.78
44488.08,8,7.99,1.26,1.83,10,548.43
44488.12,8.29,8.19,1.45,1.63,10,548.17
44488.17,8.3,8.3,1.65,1.41,10,547.45
44488.21,8.35,8.35,1.58,1.43,10,547.15
44488.25,8.36,8.36,1.41,1.1,10,546.9
44488.29,8.4,8.4,0.88,1.61,10,547
44488.33,8.11,8.11,0.72,2.31,10,547.29
44488.38,7.71,7.71,0.96,2.34,10,547.51
44488.42,10.57,9.31,0.97,2.05,10,547.66
44488.46,10.81,9.79,1.72,1.66,10,547.52
44488.5,11.9,10.53,1.59,1.49,9.88,547.24
44488.54,13.63,10.99,2,1.4,10,546.62
44488.58,14.03,11.17,1.74,1.45,10,545.71
44488.62,14.28,11.04,1.11,1.82,10,545.45
44488.67,14.33,11.36,1.16,2.02,9.4,544.99
44488.71,13.88,10.65,1.21,2.09,9.44,545.13
44488.75,10.44,8.82,0.87,2.8,8.2,545.59
44488.79,9.87,8.8,1.51,0.09,9.96,545.58
44488.83,10.13,8.41,1.55,0.29,9.96,546.08
44488.88,9.3,8.16,1.66,0.34,9.96,546.43
44488.92,8.42,7.54,1.8,0.3,10,546.78
44488.96,6.62,6.62,1.56,0.24,10,546.64
44489,6.23,6.07,1.33,0.34,10,546.91
44489.04,5.91,5.66,1.45,0.34,10,546.85
44489.08,5.62,5.35,1.29,0.36,10,546.68
44489.12,5.4,5,1.28,0.39,10,546.38
44489.17,4.84,4.56,1.36,0.37,10,546.03
44489.21,4.72,4.27,1.55,0.3,10,546.29
44489.25,4.17,3.63,1.59,0.07,10,546.96
44489.29,4.03,3.85,1.56,0.17,10,547.16
44489.33,3.99,3.7,1.83,0.47,10,547.57
44489.38,3.52,3.5,1.64,0.36,10,548.13
44489.42,5.14,4.23,1.62,0.23,9.99,548.38
44489.46,4.79,4.04,1.81,0.22,10,548.48
44489.5,4.83,3.94,1.87,0.23,10,548.47
44489.54,5.22,4.11,1.85,0.28,10,548.13
44489.58,5.14,4.14,1.81,0.3,10,547.53
44489.62,4.87,4.11,1.88,0.28,10,547.24
44489.67,4.22,3.61,1.93,0.28,10,547.1
44489.71,3.96,3.25,2.01,0.41,10,547.42
44489.75,3.18,2.9,2.31,0.36,10,548.42
44489.79,3.37,2.86,1.88,0.49,10,548.36
44489.83,3.3,2.61,1.93,0.54,10,548.81
44489.88,3.4,2.39,1.8,0.61,10,549.15
44489.92,3.48,2.3,1.81,0.68,10,549.37
44489.96,2.48,1.86,1.75,0.77,10,549.76
44490,2.79,2.04,1.72,0.86,10,549.83
44490.04,2.82,2.12,1.73,0.94,10,549.56
44490.08,2.72,1.95,1.5,0.89,10,549.53
44490.12,2.81,1.93,1.41,0.76,10,549.16
44490.17,2.27,1.53,1.44,0.72,10,548.98
44490.21,2.22,1.54,1.36,0.72,10,548.72
44490.25,1.67,1.26,1.22,0.57,10,549.51
44490.29,1.79,1.29,0.98,0.33,10,548.97
44490.33,1.86,1.31,1.21,0.57,10,549.35
44490.38,1.72,1.27,1.44,0.7,10,549.89
44490.42,2.54,1.85,1.51,0.64,10,550.23
44490.46,2.86,1.99,1.57,0.59,10,550.22
44490.5,2.9,2.69,1.69,0.6,10,549.9
44490.54,3.04,2.94,1.63,0.56,10,549.64
44490.58,3.56,2.98,1.62,0.49,10,549.18
44490.62,2.95,2.41,1.57,0.5,10,548.74
44490.67,2.44,1.95,1.6,0.44,10,548.54
44490.71,2.17,1.62,1.62,0.48,10,548.41
44490.75,1.41,1.17,1.26,0.29,10,548.98
44490.79,1.25,1.06,1.19,0.29,10,548.75
44490.83,1.19,1.18,1.1,0.48,10,549.28
44490.88,1.14,1.12,1.28,0.54,10,549.39
44490.92,0.74,0.72,1.29,0.49,10,549.59
44490.96,0.18,0.15,1.23,0.48,10,549.8
44491,0.23,0.08,1.3,0.59,10,549.72
44491.04,0.41,0.18,1.4,0.54,10,549.62
44491.08,0.46,0.18,1.45,0.46,10,549.49
44491.12,0.47,0.14,1.34,0.47,10,549.28
44491.17,0.25,-0.02,1.21,0.44,10,549.06
44491.21,0.15,-0.11,1.25,0.48,10,549.21
44491.25,0.49,0.13,1.32,0.62,10,549.75
44491.29,0.48,0.1,1.14,0.45,10,549.65
44491.33,0.49,0.05,1.29,0.49,10,550.15
44491.38,0.48,0.12,1.18,0.52,10,550.63
44491.42,1.78,0.61,0.97,0.41,9.96,551.03
44491.46,1.93,0.86,0.6,2.95,9.35,551.09
44491.5,2.05,1.38,0.63,2.14,7.9,550.54
44491.54,3.6,2.06,0.93,1.97,6.85,550.25
44491.58,3.86,2.33,0.97,2.04,7.08,549.5
44491.62,3.98,2.4,0.81,2.24,6.66,549.19
44491.67,4.9,2.72,0.78,2.4,7.08,549.01
44491.71,4.85,2.78,0.88,2.59,8,548.85
44491.75,3.8,2.33,0.98,2.42,8.53,548.94
44491.79,3.5,2.26,1.22,2.46,9.4,548.81
44491.83,3.24,2.24,1.28,2.85,9.56,549.19
44491.88,3.26,2.39,0.9,0.08,10,549.6
44491.92,3.39,2.49,0.82,0.09,10,549.58
44491.96,2.79,2.25,0.67,2.85,9.96,549.81
44492,2.99,2.42,0.7,2.53,10,549.6
44492.04,3.17,2.53,0.86,2.17,10,549.18
44492.08,3.27,2.63,0.95,1.79,10,548.83
44492.12,3.46,2.85,1,1.65,10,548.52
44492.17,3.48,2.95,0.98,1.46,10,548.25
44492.21,3.89,3.35,0.84,1.44,10,548.17
44492.25,3.16,3.01,0.37,1.36,10,548.91
44492.29,2.98,2.89,0.77,2.75,10,548.88
44492.33,3.02,2.96,0.86,2.13,10,549.08
44492.38,3.19,2.96,0.96,1.44,10,549.5
44492.42,4.95,3.92,1.34,0.91,10,549.72
44492.46,5.01,4.21,1.53,0.94,10,549.63
44492.5,5.37,4.5,1.61,0.92,9.97,549.37
44492.54,7.85,5.21,1.48,0.93,10,548.91
44492.58,7.8,4.96,1.2,1.25,9.8,548.5
44492.62,8.83,5.72,1.13,1.81,10,548.2
44492.67,9.06,6.28,0.98,2.23,10,548
44492.71,8.92,6.09,0.99,2.5,9.8,548.21
44492.75,6.95,5.26,1.34,2.3,9.72,548.28
44492.79,6.67,5.86,1.02,3.02,8.96,548.83
44492.83,6.63,5.67,1.4,0.31,9.56,549.14
44492.88,6.19,5.57,1.29,0.46,9.96,550.01
44492.92,5.89,5.38,1.15,0.42,10,550.24
44492.96,5.04,4.78,1.11,0.29,10,550.6
44493,4.83,4.62,0.91,0.07,10,550.57
44493.04,4.17,4.09,0.99,0.16,10,550.51
44493.08,4.26,4.18,1.11,0.32,10,550.46
44493.12,4.03,3.92,1.14,0.31,10,550.4
44493.17,3.68,3.6,1.08,0.11,10,550.17
44493.21,3.73,3.66,1.03,0.06,10,550.06
44493.25,3.27,3.06,0.93,0.08,10,550.31
44493.29,3.14,2.97,0.99,3.1,10,550.25
44493.33,3.14,3.05,1.04,2.74,10,550.39
44493.38,3.43,3.34,0.94,2.53,10,550.77
44493.42,5.61,4.65,0.77,2.61,10,550.83
44493.46,5.6,4.99,1,2.23,10,550.66
44493.5,5.09,4.9,1.11,2.15,10,550.24
44493.54,6.79,5.6,1.26,2.2,10,549.67
44493.58,6.44,5.69,1.49,2.12,10,549.1
44493.62,6.43,5.78,1.57,2.15,10,548.6
44493.67,6.7,6.36,1.34,2.31,10,548.44
44493.71,7.14,6.63,1.23,2.76,10,548.44
44493.75,6.18,5.57,1.37,2.93,10,548.57
44493.79,6.04,5.8,1.29,3.03,10,548.59
44493.83,6.01,5.67,1.23,0.02,10,548.93
44493.88,5.71,5.38,1.26,0.28,10,548.95
44493.92,5.58,5.55,1.3,0.41,10,549.45
44493.96,4.74,4.74,1.21,0.34,10,549.56
44494,4.63,4.62,1.26,0.38,10,549.42
44494.04,4.51,4.46,1.15,0.24,10,549.42
44494.08,4.42,4.42,1.11,0.12,10,548.99
44494.12,4.67,4.66,1.09,0.04,10,548.73
44494.17,4.46,4.46,1.01,3.13,10,548.19
44494.21,4.56,4.56,0.95,2.95,10,547.85
44494.25,3.24,3.25,0.85,2.15,10,547.52
44494.29,3.31,3.31,0.83,1.92,10,547.6
44494.33,3.29,3.29,0.93,2.37,10,547.74
44494.38,3.34,3.34,1.07,2.26,10,548.04
44494.42,5.74,4.63,1.18,2.23,10,548.13
44494.46,5.99,5.19,1.17,2.2,10,548.12
44494.5,5.76,5.47,1.17,2.25,10,547.49
44494.54,7.77,6.32,1.28,2.12,10,547.09
44494.58,7.99,6.83,1.4,2.06,10,546.36
44494.62,7.9,6.99,1.32,2.26,10,545.92
44494.67,8.12,7.25,1.39,2.52,10,545.77
44494.71,7.88,6.88,1.51,2.76,10,545.61
44494.75,5.83,5.18,1.61,0.12,7.72,545.69
44494.79,5.58,5.37,1.76,0.32,8.32,545.71
44494.83,5.48,5.2,1.5,0.45,10,546.05
44494.88,5.16,4.83,1.49,0.4,10,546.4
44494.92,4.6,4.31,1.3,0.42,10,546.7
44494.96,3.34,3.34,1.24,0.42,10,546.67
44495,3.53,3.46,1.27,0.43,10,546.79
44495.04,3.49,3.29,1.33,0.46,10,546.7
44495.08,3.41,3.37,1.37,0.48,10,546.9
44495.12,3.58,3.39,1.46,0.45,10,546.96
44495.17,3.02,2.94,1.48,0.42,10,547.05
44495.21,3.07,2.94,1.62,0.44,10,547.02
44495.25,2.47,2.44,1.55,0.46,10,547.39
44495.29,2.31,2.3,1.55,0.44,10,547.65
44495.33,2.02,1.98,1.44,0.35,10,548.09
44495.38,1.56,1.44,1.3,0.16,10,548.75
44495.42,3.56,2.35,1.37,0.44,10,549.17
44495.46,3.22,2.27,1.44,0.53,10,549.41
44495.5,3.38,2.76,1.43,0.5,10,549.22
44495.54,4.28,3.17,1.33,0.41,10,548.82
44495.58,4.26,3.22,1.19,0.33,10,548.23
44495.62,4.3,3.38,1.18,0.3,10,547.84
44495.67,4.47,3.57,1.28,0.1,10,547.64
44495.71,4.57,3.17,1.35,0.13,10,547.82
44495.75,2.68,2.33,1.43,0.02,10,548.25
44495.79,3.16,2.82,1.45,0.23,10,548.4
44495.83,3.63,3.24,1.4,0.27,10,548.44
44495.88,3.89,3.29,1.35,0.33,10,548.77
44495.92,3.58,3.12,1.3,0.44,10,549.13
44495.96,2.95,2.66,1.27,0.36,10,549.18
44496,2.68,2.43,1.14,0.14,10,549.3
44496.04,2.65,2.42,1,0.01,10,549.18
44496.08,2.69,2.36,0.89,3.01,10,549
44496.12,2.92,2.54,0.8,2.79,10,548.69
44496.17,2.76,2.5,0.78,3.12,10,548.81
44496.21,2.79,2.59,0.77,0.08,10,548.52
44496.25,2.46,2.19,0.72,3.09,10,548.75
44496.29,2.44,2.23,1.1,2.96,10,548.82
44496.33,2.49,2.22,1.12,2.9,10,549.09
44496.38,1.98,1.87,0.96,2.67,10,549.4
44496.42,3.98,3.09,0.85,2.27,10,549.59
44496.46,4.08,3.29,0.8,1.99,10,549.63
44496.5,4.08,3.46,0.84,2.08,10,549.31
44496.54,5.63,4.14,0.82,2.19,10,548.79
44496.58,5.96,4.39,0.91,2.33,10,548.18
44496.62,6.13,4.85,1.15,2.42,10,547.79
44496.67,6.31,5.28,1.24,2.53,10,547.55
44496.71,6.5,5.41,1.41,2.8,10,547.77
44496.75,4.5,3.91,1.49,3.05,10,547.52
44496.79,4.72,4,1.54,0.06,8.08,547.83
44496.83,4.79,4.09,1.21,0.34,8.76,548.28
44496.88,4.52,3.91,1.52,0.28,10,548.37
44496.92,4.05,3.52,1.39,0.29,10,548.8
44496.96,3.11,2.97,1.39,0.26,10,549.03
44497,3.24,2.93,1.39,0.16,10,549.06
44497.04,3.26,2.89,1.34,0.12,10,548.97
44497.08,3.11,2.72,1.31,0.16,10,548.86
44497.12,3.17,2.66,1.23,0.35,10,548.61
44497.17,3.07,2.64,1.18,0.44,10,548.65
44497.21,3.09,2.62,1.15,0.51,10,548.37
44497.25,2.36,1.88,1.06,0.3,10,548.54
44497.29,2.34,1.8,1.1,0.38,10,548.97
44497.33,2.35,1.78,1.1,0.35,10,549.42
44497.38,2.14,1.63,1.12,0.27,10,549.61
44497.42,3.95,2.68,0.95,0.05,10,549.88
44497.46,4.26,3.15,0.92,3.12,10,549.83
44497.5,4.07,3.43,0.98,2.93,10,549.36
44497.54,6.19,4.54,1.2,2.68,10,549.04
44497.58,6.01,4.73,1.29,2.53,10,548.29
44497.62,5.8,4.75,1.37,2.52,10,547.8
44497.67,5.32,4.67,1.44,2.63,10,547.87
44497.71,5.51,4.51,1.4,2.98,10,547.82
44497.75,4.48,4.11,1.65,0.19,10,548.5
44497.79,4.9,4.27,1.82,0.36,10,548.4
44497.83,4.76,4.09,1.87,0.28,10,549.01
44497.88,4.69,3.98,1.7,0.38,10,549.43
44497.92,4.31,3.51,1.45,0.47,9.96,549.73
44497.96,3.68,3.13,1.36,0.59,10,549.81
44498,3.63,3,1.18,0.7,10,549.98
44498.04,3.52,3.27,0.94,0.72,10,549.68
44498.08,3.47,3.11,0.64,1.01,10,549.5
44498.12,3.48,3.03,0.48,1,10,549.59
44498.17,3.08,2.57,0.54,1.08,10,549.35
44498.21,3.3,2.66,0.84,1.14,10,549.4
44498.25,3.52,2.99,1,1.08,10,550.14
44498.29,3.64,3.08,0.68,0.22,10,549.98
44498.33,3.72,3.13,0.73,0.36,10,550.76
44498.38,3.38,2.61,0.88,0.47,10,551.24
44498.42,5.77,3.63,0.98,0.43,10,551.67
44498.46,5.56,3.8,1,0.41,10,551.59
44498.5,6.07,4.24,0.79,0.22,10,551.31
44498.54,8.46,5.34,0.6,2.84,10,550.81
44498.58,8.64,5.6,0.7,2.27,8.84,550.16
44498.62,8.95,5.61,1.04,2.43,9,549.73
44498.67,9.15,5.76,1.32,2.64,9.84,549.73
44498.71,8.94,6.08,1.4,2.8,8.54,549.51
44498.75,6.63,4.59,1.38,3,7.65,549.73
44498.79,6.21,5.05,1.45,0,8.68,549.79
44498.83,5.74,4.94,1.1,0.3,8.68,550.08
44498.88,5.92,5.06,0.88,0.2,8.76,550.16
44498.92,5.54,4.82,1.04,3.01,9.32,550.42
44498.96,4.86,4.57,1.09,2.87,9.88,550.48
44499,4.74,4.67,1,2.84,9.32,550.42
44499.04,4.44,4.44,0.79,2.73,9.92,550.2
44499.08,4.88,4.45,0.83,2.92,10,549.86
44499.12,4.93,4.39,0.79,2.93,10,549.62
44499.17,5.11,4.36,0.69,0,10,549.3
44499.21,4.97,4.21,0.71,2.94,10,549.2
44499.25,4.73,4.24,1,2.1,10,549.49
44499.29,4.86,4.29,1.1,2.32,10,549.26
44499.33,4.73,4.12,0.94,2.9,10,549.47
44499.38,4.45,3.99,1.14,2.81,10,549.71
44499.42,6.89,5.39,1.2,2.69,10,549.79
44499.46,6.7,5.53,1.13,2.51,10,549.6
44499.5,6.53,5.58,1.28,2.34,10,549.29
44499.54,8.72,6.57,1.35,2.26,10,548.58
44499.58,8.51,6.52,1.39,2.39,10,548.09
44499.62,8.8,6.66,1.35,2.45,8.84,547.52
44499.67,9.1,6.11,1.64,2.63,8.76,547.33
44499.71,8.89,6.25,1.73,3.01,10,547.12
44499.75,5.96,4.62,1.61,0.18,9.96,548.27
44499.79,5.93,5.17,1.61,0.13,8.44,548.14
44499.83,5.81,5.13,1.43,0.48,8.8,548.42
44499.88,5.79,5.11,1.47,0.43,8.56,548.51
44499.92,5.22,4.74,1.53,0.41,8.76,548.98
44499.96,3.8,3.79,1.32,0.44,8.68,549.35
44500,3.68,3.66,1.14,0.58,10,549.31
44500.04,3.32,3.24,1.24,0.68,9.96,549.16
44500.08,3.07,2.68,1.15,0.74,10,548.88
44500.12,2.87,2.44,0.93,0.93,10,548.8
44500.17,1.98,1.8,1.23,0.9,10,548.72
44500.21,1.97,1.85,1.29,0.78,10,548.87
44500.25,1.89,1.41,1.3,0.67,10,548.86
44500.29,2.09,1.46,1.07,0.48,10,549.34
44500.33,1.93,1.47,1.46,0.43,10,549.73
44500.38,1.55,1.3,1.57,0.44,9.92,549.98
44500.42,3.43,2.16,1.58,0.43,10,550.02
44500.46,3.3,2.13,1.37,0.35,10,550.04
44500.5,3.39,2.4,1.46,0.22,10,549.68
44500.54,4.07,2.6,1.41,0.24,10,549.12
44500.58,4.4,2.92,1.46,0.23,10,548.57
44500.62,4.41,2.92,1.49,0.23,10,548.04
44500.67,4.56,3.15,1.46,0.17,10,548.01
44500.71,3.98,2.62,1.42,0.12,10,547.92
44500.75,2.75,1.83,1.25,0.42,9.31,548.49
44500.79,2.91,1.93,1.34,0.12,9.84,548.3
44500.83,2.95,1.8,1.33,0.06,10,548.62
44500.88,3.13,1.85,1.39,0.25,10,548.88
44500.92,2.88,1.77,0.99,0.39,10,549.09
44500.96,1.95,1.43,1.03,0.45,10,549.36
44501,1.99,1.49,1.04,0.41,10,549.48
44501.04,1.66,1.35,0.87,0.46,10,549.27
44501.08,1.59,1.27,0.86,0.43,10,549.21
44501.12,1.66,1.24,0.85,0.43,10,548.82
44501.17,1.21,1.09,0.94,0.15,10,548.65
44501.21,1.14,1.09,0.85,3.1,10,548.35
44501.25,1.44,1.27,0.55,2.24,10,548.41
44501.29,1.49,1.3,1.11,2.19,10,548.58
44501.33,1.53,1.17,1.13,2.35,10,548.69
44501.38,1.24,0.96,0.98,2.63,10,549.09
44501.42,3.57,2.69,1.08,2.63,10,549.27
44501.46,3.52,2.36,0.97,2.48,10,549.18
44501.5,3.23,2.49,1.12,2.33,10,548.94
44501.54,5.2,3.73,1.34,2.25,10,548.23
44501.58,5.06,3.96,1.26,2.32,10,547.73
44501.62,5.3,4.15,1.32,2.39,10,547.16
44501.67,5.27,4.37,1.06,2.67,10,547.2
44501.71,5.07,4.28,1.24,3.07,10,547.25
44501.75,3.86,3.39,1.62,0.39,10,548.34
44501.79,3.83,3.44,1.55,0.31,9.8,548.07
44501.83,3.96,3.31,1.54,0.42,10,548.91
44501.88,3.65,2.78,1.39,0.45,10,549.12
44501.92,2.86,2.25,1.37,0.57,10,549.72
44501.96,1.55,1.55,1.49,0.55,10,550.07
44502,1.64,1.62,1.41,0.68,10,550.22
44502.04,1.45,1.42,1.31,0.69,10,550.09
44502.08,1.63,1.3,1.11,0.63,10,550.04
44502.12,1.93,1.41,0.94,0.6,10,549.71
44502.17,1.48,1.1,0.73,0.33,10,549.37
44502.21,1.72,1.2,0.42,2.77,10,549.06
44502.25,1.57,1,0.77,1.88,10,548.95
44502.29,1.82,1.09,0.95,1.7,10,549.24
44502.33,1.7,1.08,0.92,2.01,10,549.2
44502.38,1.51,1.13,1.11,2.28,10,549.52
44502.42,4.33,2.68,1.24,2.18,10,549.42
44502.46,4.35,3.03,1.32,2.18,10,549.43
44502.5,4.56,3.61,1.33,2.05,10,549.07
44502.54,7.06,5.02,1.2,2.05,10,548.43
44502.58,5.86,4.55,1.23,1.9,10,547.79
44502.62,5.98,4.76,1.2,1.99,10,547.17
44502.67,7.2,5.37,1.32,2.19,10,546.92
44502.71,7.25,5.53,1.3,2.31,9.96,546.71
44502.75,5.26,4.18,1.06,2.74,7.89,547.03
44502.79,4.46,4.06,1.53,0.07,8.48,547.1
44502.83,4.17,3.7,1.48,0.26,7.92,547.53
44502.88,3.68,3.3,1.27,0.37,10,547.9
44502.92,3.84,3.53,1.24,0.49,10,548.17
44502.96,2.84,2.8,1.19,0.42,10,548.35
44503,3.17,3.07,0.92,0.38,10,548.38
44503.04,3.32,3.23,0.79,0.35,10,548.19
44503.08,3.67,3.42,0.82,0.36,10,548
44503.12,3.77,3.59,0.89,0.24,10,547.7
44503.17,3.4,3.4,0.87,0.05,10,547.37
44503.21,3.54,3.52,1.01,3,10,547.36
44503.25,2.71,2.68,1.24,2.26,10,547.21
44503.29,2.93,2.68,1.28,2.48,10,547.04
44503.33,3.06,2.88,1.15,2.77,10,547.35
44503.38,2.98,2.69,1.1,2.78,10,547.88
44503.42,5.52,3.71,1.35,2.22,10,547.74
44503.46,5.71,3.9,1.68,1.74,9.84,547.74
44503.5,6.56,4.54,1.76,1.58,10,547.16
44503.54,9.41,4.8,1.57,1.65,8.8,546.44
44503.58,9.29,4.9,1.26,1.74,8.19,545.55
44503.62,9.37,4.88,1.18,1.59,9.46,545.02
44503.67,9.96,4.58,1.09,1.73,9.02,544.75
44503.71,9.66,4.23,1.09,2.35,7.2,544.62
44503.75,6.37,3.83,1.06,2.84,6.38,544.93
44503.79,6.39,2.97,1.23,0.12,7.17,545.04
44503.83,6.19,2.97,1.58,0.26,7.4,545.66
44503.88,5.54,3.06,1.42,0.3,7.84,545.89
44503.92,4.81,3.1,1.52,0.4,8.6,546.44
44503.96,2.94,2.22,1.19,0.3,8.48,546.53
44504,2.84,2.39,0.75,0.04,8.76,546.52
44504.04,2.7,2.25,0.24,2.99,8.32,546.13
44504.08,2.58,1.85,0.3,1.9,10,545.89
44504.12,2.68,2.54,0.39,1.55,10,545.62
44504.17,2.04,1.99,0.65,1.37,10,545.22
44504.21,1.95,1.95,0.93,1.15,10,544.96
44504.25,1.72,1.52,1.23,0.92,10,545.23
44504.29,2,1.93,1.65,0.68,10,544.61
44504.33,1.94,1.8,1.51,0.65,10,544.87
44504.38,1.92,1.74,1.65,0.63,9.8,545.04
44504.42,7.5,5.25,1.39,0.75,7.76,545.12
44504.46,9.15,6.29,1.55,0.92,5.71,545.18
44504.5,9.67,4.73,2.09,0.91,1.13,544.74
44504.54,12.72,3.83,2.41,0.96,0.88,544.08
44504.58,13.02,3.35,2.54,1.01,1.84,543.41
44504.62,13.08,3.42,2.46,1.04,1.45,542.9
44504.67,13.44,2.84,2.36,1.05,0.88,542.77
44504.71,13.14,2.68,2.01,1.23,0,542.99
44504.75,9.12,4.23,1.26,1.86,0.05,543.29
44504.79,8.58,3.57,1.22,2.1,0.46,542.99
44504.83,8.59,3.32,1.18,2.35,1.79,543.97
44504.88,7.76,3.48,0.84,2.22,1.33,544.08
44504.92,7.35,3.29,0.93,1.92,4.45,544.39
44504.96,5.33,2.64,1.1,1.37,3.85,544.55
44505,5.28,2.6,1.11,1.06,3,544.65
44505.04,4.88,2.76,1.22,0.93,1.99,544.41
44505.08,4.87,2.48,1.28,0.86,0.46,544.33
44505.12,5.05,2.73,1.19,0.81,0,544.18
44505.17,4.28,2.42,1.22,0.68,0,544.17
44505.21,4.6,2.49,1.33,0.59,0,543.87
44505.25,4.08,1.97,1.49,0.6,0,544.06
44505.29,3.68,1.38,1.64,0.53,0,544.08
44505.33,4.12,2.09,1.78,0.47,0.09,544.21
44505.38,5.38,2.38,1.47,0.54,0.14,544.84
44505.42,11.69,4.8,1.49,0.58,0,544.9
44505.46,12.1,2.89,1.62,0.54,0,544.97
44505.5,12.46,2.94,1.89,0.65,0,544.82
44505.54,15.53,2.14,2.18,0.72,0,544.25
44505.58,15.79,1.72,2.16,0.83,0.16,543.44
44505.62,15.79,1.68,2.09,0.86,0,543.09
44505.67,15.54,1.78,1.92,0.95,0,542.99
44505.71,15.03,1.75,1.61,1.12,0,543
44505.75,10.67,3.2,0.92,1.57,0,542.8
44505.79,10.18,2.38,0.78,1.62,0,543.38
44505.83,10.12,2.9,0.7,2.14,0.05,543.88
44505.88,9.95,3.38,0.73,2.56,0.83,544.15
44505.92,9.2,3.76,0.84,2.17,3.46,544.49
44505.96,6.78,3.84,0.84,1.65,3.57,544.71
44506,6.56,3.97,0.87,1.48,1.65,544.76
44506.04,5.94,3.9,0.67,1.55,2.34,544.5
44506.08,5.83,3.64,0.85,1.29,3.27,544.03
44506.12,5.64,4.04,0.85,1.26,0.73,543.95
44506.17,4.71,3.71,0.68,1.24,0.89,543.64
44506.21,4.71,3.84,0.42,1.62,3.18,543.64
44506.25,3.87,2.55,1.56,1.05,0.5,543.24
44506.29,4.08,3.06,1.13,0.87,0,543.56
44506.33,3.85,3.19,0.19,0.81,0.15,543.77
44506.38,4.64,3.21,0.68,0.19,0.85,544.24
44506.42,9.28,4.47,0.74,3.07,1.73,544.76
44506.46,9.18,4.43,0.81,2.79,4.53,544.85
44506.5,9.28,4.02,0.98,2.15,5.99,544.65
44506.54,11.2,4.14,1.23,2.03,6.41,544.18
44506.58,10.97,4.25,1.39,2.04,6.3,543.64
44506.62,11.05,5,1.26,2.05,6.27,543.46
44506.67,10.74,4.71,0.94,2.45,9.19,543.69
44506.71,10.63,5.63,1.14,2.91,9.36,544.07
44506.75,7.29,4.36,1.68,0.12,8.12,543.98
44506.79,7.16,5.52,2.05,0.3,7.96,544.44
44506.83,7.65,5.92,1.86,0.22,9.12,545.05
44506.88,7.79,6.39,1.54,0.21,9.92,545.6
44506.92,6.35,5.16,2.02,0.3,8.88,545.99
44506.96,2.96,1.9,2.07,0.45,9.44,546.59
44507,1.97,0.88,2.39,0.43,10,546.86
44507.04,1.1,0.1,2.45,0.44,10,547.02
44507.08,0.83,-0.5,2.28,0.39,10,547.2
44507.12,0.38,-1.18,2.26,0.38,10,547.81
44507.17,-2.08,-3.23,2.19,0.39,10,547.94
44507.21,-3.03,-4.52,2.09,0.36,10,548.08
44507.25,-2.46,-3.6,2.29,0.28,8.73,547.68
44507.29,-2.62,-4.14,2.5,0.3,9.76,548.3
44507.33,-2.98,-4.43,2.27,0.39,9.7,549.42
44507.38,-3.54,-5.04,2.45,0.34,9.9,549.97
44507.42,-2.44,-5.44,2.52,0.35,9.84,550.41
44507.46,-2.57,-5,2.52,0.31,9.93,550.52
44507.5,-3.02,-5.55,2.42,0.21,9.72,550.57
44507.54,-2.64,-6.5,2.31,0.17,9.78,550.32
44507.58,-2.52,-6.8,2.18,0.1,9.54,549.67
44507.62,-2.21,-6.8,2.17,3.12,9.45,549.54
44507.67,-2.67,-7.75,2.14,3.09,9.63,549.4
44507.71,-2.82,-8.32,2.09,3.1,9.39,549.48
44507.75,-4.34,-7.98,2.14,3.05,9.32,549.56
44507.79,-4.14,-7.37,1.87,3.13,9.73,549.51
44507.83,-4.65,-7.66,1.82,3.03,9.89,550.3
44507.88,-4.59,-7.64,1.6,0.04,9.26,550.34
44507.92,-4.49,-8.02,1.48,0.15,9.13,550.62
44507.96,-4.99,-8.61,1.44,0.01,9.55,550.81
44508,-5.12,-8.44,1.41,2.99,9.86,550.83
44508.04,-5.17,-8.54,1.31,2.91,9.86,550.51
44508.08,-5.04,-9.17,1.11,2.79,9.62,550.22
44508.12,-4.76,-8.1,0.79,2.61,9.87,549.98
44508.17,-4.73,-8.03,0.54,2.57,9.79,549.4
44508.21,-4.55,-7.79,0.43,2.62,9.7,549.07
44508.25,-4.41,-7.51,0.63,1.34,9.33,549.07
44508.29,-4.4,-7.59,0.45,1.89,8.36,548.55
44508.33,-4.22,-7.27,0.35,1.96,9.24,549.07
44508.38,-3.99,-7.09,0.26,1.08,8.99,549.21
44508.42,-0.26,-4.51,0.65,0.86,8.99,549.23
44508.46,0.58,-3.28,1.18,1.03,8.28,549.14
44508.5,0.84,-2.73,1.28,1.06,8.22,548.62
44508.54,4.29,-0.66,1.28,1.31,6.74,547.99
44508.58,4.53,-0.33,1.47,1.3,8.55,547.13
44508.62,4.87,0.15,1.42,1.51,9.84,546.86
44508.67,5.51,0.88,1.02,1.89,8.92,546.7
44508.71,5.65,0.27,0.82,2.28,9.28,546.8
44508.75,1.64,-2.2,0.63,2.29,9.31,546.68
44508.79,1.77,-1.87,0.84,0.16,7.74,547.07
44508.83,1.43,-1.78,1.57,0.28,7.11,547.71
44508.88,1.01,-1.8,1.24,0.37,7.23,547.69
44508.92,0.13,-1.86,1.13,0.31,7.94,548.27
44508.96,-1.64,-2.36,1.09,0.17,9.79,548.56
44509,-1.56,-2.51,0.9,0.06,9.74,548.39
44509.04,-2.19,-2.66,0.75,2.93,9.7,548.04
44509.08,-2.03,-2.78,0.71,2.66,9.58,547.72
44509.12,-2.15,-2.95,0.46,2.78,9.88,547.47
44509.17,-1.68,-2.76,0.59,0.5,9.89,547.25
44509.21,-1.4,-2.76,0.87,0.55,9.91,547.31
44509.25,-1.63,-2.25,0.26,0.99,9.91,547.58
44509.29,-1.61,-2.25,1.01,0.54,9.96,547.53
44509.33,-1.5,-2.2,1.54,0.62,9.91,547.89
44509.38,-2.05,-2.43,1.41,0.66,10,548.33
44509.42,-0.3,-1.6,1.46,0.84,9.94,548.75
44509.46,-0.6,-1.72,1.41,0.76,9.98,548.97
44509.5,-0.9,-1.8,1.37,0.76,9.99,548.71
44509.54,1.09,-1.18,1.46,0.83,9.98,548.3
44509.58,0.84,-1.22,1.5,0.78,9.97,547.76
44509.62,0.82,-1.08,1.51,0.7,9.96,547.63
44509.67,0.98,-1.24,1.34,0.61,9.97,547.73
44509.71,1.32,-1.24,1.36,0.66,9.95,548.03
44509.75,-1.09,-2.79,1.1,0.56,9.95,548.15
44509.79,-0.78,-2.2,1.31,0.87,9.96,548.74
44509.83,-0.32,-1.79,1.56,0.78,9.6,549.05
44509.88,-0.14,-1.84,1.38,0.98,9.71,549.3
44509.92,0.1,-1.45,1.21,1.27,9.71,549.81
44509.96,-0.56,-2.63,1.03,1.06,9.68,550.15
44510,-0.02,-2.17,0.92,1.16,9.87,550.1
44510.04,-0.07,-2.11,0.79,1.28,9.76,550
44510.08,0.22,-1.72,0.46,1.5,9.94,549.65
44510.12,0.38,-1.36,0.39,2.19,9.98,549.45
44510.17,-0.03,-1.58,0.39,2.81,9.77,548.93
44510.21,0.13,-1.31,0.4,0.37,9.6,548.79
44510.25,-0.91,-2.64,0.94,0.54,9.38,548.37
44510.29,-0.76,-2.82,0.93,0.73,8.83,548.26
44510.33,-0.66,-2.75,0.41,0.61,8.9,548.49
44510.38,-0.68,-2.59,0.15,0.4,8.52,548.68
44510.42,4.01,0.02,0.61,3.02,8.16,548.6
44510.46,3.92,0.3,0.95,2.05,7.84,548.56
44510.5,3.69,0.23,1.28,1.64,7.91,548.2
44510.54,6.81,1.99,1.08,1.85,9.59,547.46
44510.58,6.43,1.94,0.9,2.07,10,546.76
44510.62,6.18,2.02,0.8,2.34,10,546.32
44510.67,6.16,2.25,0.88,2.43,10,546.3
44510.71,6.19,2.25,0.85,2.53,9.99,546.23
44510.75,2.95,0.09,1.21,0.03,8.92,546.17
44510.79,3.13,0.55,1.17,0.23,8.96,546.73
44510.83,2.73,0.43,1.35,0.3,9.17,547.12
44510.88,2.8,0.67,1.09,0.51,9.06,547.1
44510.92,2.43,0.63,1.12,0.38,8.55,547.73
44510.96,0.51,-0.22,0.74,2.83,7.26,547.49
44511,0.7,-0.29,0.9,2.52,9.07,547.36
44511.04,0.29,-0.26,0.71,2.04,8.85,547.17
44511.08,1.02,0.02,0.59,1.84,8.6,546.99
44511.12,1.17,-0.04,0.39,2.14,8.89,546.46
44511.17,1.2,0.25,0.4,2.57,9.06,546.25
44511.21,0.79,-0.48,0.59,2.65,9.57,546.07
44511.25,0.67,-0.69,0.57,1.01,9.28,545.88
44511.29,0.56,-0.72,0.77,0.13,9.26,546.05
44511.33,0.48,-0.66,1.24,0.25,10,546.13
44511.38,-0.11,-0.91,1.33,0.33,9.98,546.69
44511.42,1.69,0.52,1.48,0.47,10,547.03
44511.46,1.22,0.22,1.56,0.43,10,547.27
44511.5,0.69,-0.25,1.57,0.38,9.86,547.14
44511.54,1.88,0.36,1.52,0.31,9.87,546.37
44511.58,1.17,-0.23,1.48,0.24,9.87,546.1
44511.62,1.08,-0.17,1.4,0.22,9.54,545.65
44511.67,1.38,0.14,1.41,0.31,9.67,546.03
44511.71,0.78,-0.97,1.5,0.23,9.98,545.98
44511.75,-0.58,-1.85,1.39,0.27,9.34,546.15
44511.79,-0.01,-1.58,1.9,0.56,9.92,546.88
44511.83,-0.08,-1.75,2.09,0.37,9.82,547.58
44511.88,-0.09,-1.76,2.11,0.32,9.99,547.97
44511.92,-0.52,-1.99,1.99,0.4,9.83,548.46
44511.96,-1.8,-2.81,1.92,0.33,10,548.71
44512,-1.64,-2.72,1.79,0.32,9.97,548.89
44512.04,-1.65,-2.77,1.66,0.28,9.81,548.83
44512.08,-1.61,-2.51,1.53,0.29,9.84,548.8
44512.12,-1.56,-2.48,1.38,0.35,9.8,548.56
44512.17,-2.26,-3.45,1.23,0.44,9.91,548.45
44512.21,-2.13,-3.4,1.13,0.64,9.96,548.55
44512.25,-2.74,-4.63,0.91,0.59,9.99,549.01
44512.29,-2.52,-4.39,0.91,0.24,9.9,548.67
44512.33,-2.8,-4.84,1.04,0.35,9.96,548.73
44512.38,-3.42,-5.15,1.05,0.6,9.87,549.22
44512.42,-2.12,-4.15,1.01,0.43,9.84,549.22
44512.46,-2.19,-3.8,0.94,0.49,9.68,549.48
44512.5,-2.55,-3.71,0.92,0.36,9.85,548.96
44512.54,-0.83,-3.31,0.81,0.46,9.84,548.27
44512.58,-0.56,-2.53,0.74,0.44,9.89,547.5
44512.62,-0.38,-2.55,0.78,0.52,8.91,547.09
44512.67,-0.04,-2.4,0.93,0.48,9.51,546.95
44512.71,0.08,-2.02,1,0.53,9.02,547.2
44512.75,-1.22,-2.9,0.42,0.35,6.91,547.75
44512.79,-0.88,-2.56,0.78,1.21,8.03,547.89
44512.83,-1.06,-2.42,1.02,0.89,9.25,548.34
44512.88,-1.26,-2.38,1.29,0.91,9.71,548.79
44512.92,-1.03,-2.42,1.17,0.84,9.57,549.37
44512.96,-1.85,-3.27,0.61,0.73,9.6,549.36
44513,-1.65,-3.17,0.3,1.28,9.62,549.44
44513.04,-1.4,-3.07,0.19,1.68,9.51,549.21
44513.08,-1.18,-3.27,0.08,2,9.08,548.97
44513.12,-1.42,-3.15,0.41,3.04,8.67,548.55
44513.17,-1.51,-3.29,0.4,3.1,8.2,548.11
44513.21,-1.65,-3.64,0.49,0.41,8.66,548.12
44513.25,-2.35,-3.5,1.01,0.68,9.12,548.02
44513.29,-2.15,-3.46,0.92,0.7,9.91,547.56
44513.33,-2.06,-3.34,0.08,1.5,10,548.02
44513.38,-1.62,-2.7,0.17,2.22,9.82,548.03
44513.42,1.13,-0.33,0.36,2.54,10,548.5
44513.46,0.64,-0.77,0.47,2.6,9.95,548.6
44513.5,0.26,-1.3,0.65,2.39,9.07,548.03
44513.54,2.84,0.64,0.61,2.12,9.44,547.2
44513.58,2.82,0.67,0.64,2.11,9.33,546.59
44513.62,1.98,0.64,0.79,2.22,9.9,546.21
44513.67,2.74,1.08,0.89,2.34,10,546.2
44513.71,2.94,0.76,0.95,2.56,10,546.2
44513.75,1.72,-0.54,0.98,0.13,9.65,546.72
44513.79,2.05,-0.31,1,0.04,8.83,547.01
44513.83,1.84,-0.37,0.99,0.16,8.71,547.59
44513.88,1.63,-0.31,1.05,0.15,8.62,547.65
44513.92,0.89,-0.54,1.21,0.44,8.6,548.04
44513.96,0.25,-0.76,0.99,0.42,9.04,548.51
44514,0.29,-0.72,0.72,2.95,9.42,548.23
44514.04,-0.09,-1,0.46,2.16,9.77,547.94
44514.08,0.1,-0.98,0.36,1.46,9.86,547.43
44514.12,0.54,-0.88,0.34,1.32,9.65,547.11
44514.17,0.27,-0.65,0.24,1.34,9.76,547
44514.21,0.44,-0.65,0.25,1.23,9.99,546.8
44514.25,0.75,-0.16,0.84,1.03,9.97,546.54
44514.29,0.65,-0.07,0.92,1.14,10,546.38
44514.33,0.77,0.04,0.52,1.36,9.95,546.85
44514.38,0.41,-0.03,0.62,1.73,9.67,547.07
44514.42,3.24,2.15,0.85,1.53,9.57,546.97
44514.46,3.04,1.99,1.25,1.02,9.93,546.99
44514.5,2.94,2.08,1.41,0.81,10,546.5
44514.54,5.31,3.01,1.5,0.9,9.4,545.82
44514.58,4.91,3.05,1.7,1.07,9.36,545.11
44514.62,5.05,3.21,1.4,1.29,9.97,544.71
44514.67,5.65,3.57,0.83,1.96,9.75,544.75
44514.71,5.6,3.52,0.79,2.72,9.49,544.99
44514.75,2.89,2.04,1.13,0.05,9.13,545.12
44514.79,2.68,1.47,1.18,0.27,9.36,545.6
44514.83,1.62,1.14,1.52,0.36,8.8,546.43
44514.88,1.85,1.16,1.15,0.36,8.44,546.74
44514.92,1.28,0.78,1.34,0.36,9.04,547.28
44514.96,0.44,0.33,1.15,0.44,8.88,547.27
44515,0.5,0.23,0.96,0.33,10,547.26
44515.04,0.62,0.3,0.89,2.93,10,546.84
44515.08,0.65,0.19,0.79,2.75,10,546.63
44515.12,0.94,0.43,0.79,2.68,10,546.31
44515.17,0.43,0.39,0.73,2.57,10,546.02
44515.21,0.75,0.59,0.59,2.71,10,545.84
44515.25,0.74,0.33,0.55,0.02,10,545.97
44515.29,0.96,0.42,0.59,2.63,10,545.6
44515.33,0.86,0.41,0.92,2.21,10,545.85
44515.38,0.46,0.24,0.95,2.58,10,545.88
44515.42,2.19,1.38,1,2.59,10,545.93
44515.46,1.68,1.37,1.03,2.44,10,545.88
44515.5,1.46,1.36,1.01,2.41,10,545.37
44515.54,3.8,2.85,1.16,2.56,10,544.8
44515.58,3.29,2.83,1.28,2.71,10,544.02
44515.62,3.14,2.9,1.39,2.78,10,543.57
44515.67,2.89,2.66,1.57,2.89,10,543.38
44515.71,2.9,2.43,1.51,3,10,543.55
44515.75,0.29,0.29,1.68,0.38,9.95,544.2
44515.79,0.81,0.69,1.63,0.44,10,544.44
44515.83,0.78,0.57,1.78,0.44,10,544.81
44515.88,0.32,0.12,1.8,0.4,10,545.6
44515.92,-0.24,-0.45,1.73,0.34,10,545.77
44515.96,-1.5,-1.65,1.59,0.34,10,545.94
44516,-1.56,-1.82,1.43,0.42,10,546
44516.04,-1.93,-2.35,1.28,0.45,10,545.75
44516.08,-1.92,-2.39,1.19,0.56,10,545.52
44516.12,-2.02,-2.57,1.02,0.77,10,545.55
44516.17,-2.13,-2.71,0.69,1.06,9.96,545.3
44516.21,-2.14,-2.77,0.57,0.97,9.96,545.31
44516.25,-2.35,-3.15,0.24,1.5,9.5,545
44516.29,-2.29,-2.87,0.61,1.17,9.79,545.36
44516.33,-2.3,-2.82,0.7,0.73,9.95,545.76
44516.38,-2.46,-3.16,0.85,0.77,9.82,546.52
44516.42,0.22,-1.38,0.85,0.8,9.51,546.86
44516.46,0.04,-0.87,0.82,0.26,9.27,546.99
44516.5,-0.01,-0.55,0.92,0.05,9.6,546.72
44516.54,2.44,0.71,1,2.95,9.28,546.22
44516.58,2.46,1.12,1.17,2.84,9.64,545.65
44516.62,2.8,1.04,1.22,2.94,10,545.3
44516.67,2.65,0.8,1.32,3.08,10,545.25
44516.71,2.43,0.39,1.49,0.1,10,545.49
44516.75,0.08,-0.88,1.7,0.31,10,546.13
44516.79,0.22,-0.7,1.88,0.47,9.97,546.48
44516.83,-0.06,-0.86,1.75,0.43,9.95,547.24
44516.88,-0.17,-1.06,1.65,0.43,9.89,547.91
44516.92,-0.88,-1.76,1.55,0.43,9.9,548.22
44516.96,-2,-2.67,1.46,0.48,9.81,548.65
44517,-1.51,-2.5,1.33,0.56,9.84,548.71
44517.04,-1.7,-2.44,1.24,0.64,9.77,548.58
44517.08,-1.75,-2.43,1.21,0.79,9.98,548.78
44517.12,-1.41,-2.24,1.13,1.04,10,549
44517.17,-1.59,-2.59,1.06,1.12,10,548.84
44517.21,-1.28,-2.38,0.6,1.17,9.99,548.8
44517.25,-0.95,-2.61,0.88,1.45,9.93,548.93
44517.29,-0.49,-2.24,0.74,1.03,9.52,549.03
44517.33,-0.2,-2.02,0.29,1.49,8.8,549.49
44517.38,-0.58,-2.25,0.13,2.64,6.83,549.94
44517.42,3.1,-0.72,0.8,1.3,4.54,550.22
44517.46,2.57,-1.12,1.09,1.01,4.33,550.32
44517.5,2.48,-1.13,0.8,0.51,4.54,550.14
44517.54,5.24,0.29,0.68,0.04,3.31,549.44
44517.58,5.61,0.91,0.78,2.85,3.61,548.75
44517.62,5.48,1.01,0.88,2.72,6.54,548.36
44517.67,5.7,1.59,0.87,2.81,8.36,548.04
44517.71,5.69,1.6,0.82,3,8.75,548.14
44517.75,2.55,0.55,1.18,0.21,7.92,548.09
44517.79,2.78,0.78,1.66,0.25,8.09,548.3
44517.83,2.69,1.02,1.41,0.36,8.45,548.83
44517.88,2.62,0.98,1.08,0.41,8.3,549.06
44517.92,1.91,0.75,0.38,2.98,9.31,549.09
44517.96,-0.63,-0.75,0.19,1.66,9.23,549.16
44518,-1.08,-1.17,0.31,1.21,9.75,548.94
44518.04,-1.6,-1.65,0.51,0.96,9.21,548.68
44518.08,-1.5,-1.74,0.85,0.77,4.57,548.28
44518.12,-1.3,-1.53,1.34,0.75,1.55,547.91
44518.17,-2.37,-2.43,1.55,0.69,0.47,547.35
44518.21,-2.52,-2.62,1.77,0.7,0.24,547
44518.25,-2.47,-2.64,2.07,0.64,10,546.53
44518.29,-2.8,-3.06,2.31,0.61,9.28,546.48
44518.33,-2.17,-2.61,1.99,0.63,9.95,546.35
44518.38,-0.66,-1.06,2.18,0.53,10,546.37
44518.42,3.87,2.69,2.16,0.57,8.71,546.2
44518.46,4.3,2.5,2.24,0.61,4.57,546.22
44518.5,4.72,1.91,2.6,0.68,2.92,545.72
44518.54,8.58,2.77,2.85,0.71,2.24,544.78
44518.58,11.11,2.82,2.8,0.74,1.77,544
44518.62,11.28,2.73,2.63,0.81,1.09,543.22
44518.67,11.88,2.71,2.06,0.84,0.62,542.81
44518.71,11.45,2.94,1.68,1.09,0.23,542.56
44518.75,8.66,3.38,0.92,0.54,0.13,542.3
44518.79,7.5,3.23,0.78,1.03,0.61,542.76
44518.83,6.86,3.33,0.74,1.05,0.76,543.22
44518.88,6.67,3.5,0.78,0.63,2.82,543.79
44518.92,6.54,3.56,1.33,0.85,5.14,544.24
44518.96,4.32,2.98,1.63,0.88,5.2,544.08
44519,4.36,3.11,1.54,0.72,5.12,543.87
44519.04,4.32,3.27,1.4,0.62,5.2,543.84
44519.08,4.45,3.64,1.48,0.65,5.11,543.63
44519.12,3.99,3.35,1.31,0.6,5.2,543.41
44519.17,3.18,2.86,0.96,0.47,5.16,543.28
44519.21,2.59,2.23,0.46,0.84,5.21,543.29
44519.25,3.05,2.79,0.21,0.73,9.13,543.17
44519.29,3.06,2.78,0.15,1.33,10,543.53
44519.33,3.39,2.85,0.56,3.12,10,543.99
44519.38,3.91,3.34,0.65,2.94,10,544.31
44519.42,7.74,5.85,0.65,2.43,10,544.82
44519.46,8.63,5.71,0.33,2.93,3.54,544.75
44519.5,9.19,5.33,0.5,1.29,0.74,544.21
44519.54,12.72,5.78,1.01,1.66,1.54,543.3
44519.58,12.29,5.76,1.32,1.64,1.83,542.57
44519.62,11.78,6.07,1.53,1.68,5.33,541.89
44519.67,11.7,6.16,1.31,1.8,4.37,541.6
44519.71,11.1,6.07,0.94,2.11,2.73,541.55
44519.75,7.1,4.92,0.99,1.94,3.98,541.24
44519.79,7.62,4.57,0.47,2.3,6.45,541.61
44519.83,8.14,4.64,0.79,2.94,5.84,542.06
44519.88,8.13,4.67,0.9,0.15,5.99,542.4
44519.92,7.54,4.56,1.11,0.29,6.57,542.74
44519.96,5.28,3.67,1.3,0.43,7.04,543.13
44520,4.61,3.53,1.14,0.33,7.8,543.05
44520.04,3.94,3.14,0.7,0.04,8.28,543.1
44520.08,3.05,2.45,0.45,0.57,7.88,542.79
44520.12,2.52,2.15,0.28,2.92,10,542.75
44520.17,1.69,1.68,0.39,1.66,10,542.4
44520.21,1.57,1.56,0.36,1.56,10,542.42
44520.25,0.75,0.75,0.75,1.06,10,542.07
44520.29,0.78,0.78,0.31,2.57,10,542.2
44520.33,0.93,0.83,0.04,0.16,10,542.64
44520.38,1.42,1.42,0.09,0.2,10,543.47
44520.42,3.95,2.93,0.37,0.47,10,543.76
44520.46,5.09,3.87,0.8,2.96,9.96,544.21
44520.5,5.81,4.13,0.89,2.66,6.88,543.72
44520.54,8.86,5.11,0.8,2.98,7.88,543.44
44520.58,8.61,5.17,1.07,0.04,9.4,543.14
44520.62,7.79,4.22,1.18,3.13,10,543.14
44520.67,6.83,3.72,1.67,0.43,9.08,543.49
44520.71,5.87,3.74,1.8,0.51,9.28,543.82
44520.75,3.1,2.02,1.59,0.44,9,543.99
44520.79,3.11,2.01,1.81,0.49,8.8,544.41
44520.83,3.16,2.15,1.86,0.42,10,545.5
44520.88,3.37,2.48,1.82,0.49,10,546.09
44520.92,2.99,1.98,1.81,0.61,10,546.66
44520.96,1.71,0.99,1.7,0.62,10,546.95
44521,1.56,0.77,1.56,0.65,10,546.98
44521.04,1.57,0.46,1.53,0.69,10,546.78
44521.08,1.38,0.3,1.39,0.68,10,546.59
44521.12,1.49,0.3,1.37,0.67,10,546.37
44521.17,0.97,0.08,1.35,0.76,9.87,546.46
44521.21,1.02,0.07,1.36,0.68,10,546.3
44521.25,0.71,-0.31,1.48,0.56,10,546.52
44521.29,0.72,-0.27,1.46,0.47,10,546.53
44521.33,0.86,-0.17,1.5,0.54,9.92,546.58
44521.38,0.49,-0.48,1.34,0.44,9.79,547.16
44521.42,1.59,0.47,1.39,0.27,9.87,547.36
44521.46,1.39,0.33,1.34,0.24,9.74,547.75
44521.5,1.11,0.01,1.51,0.27,9.92,547.55
44521.54,1.44,0.12,1.75,0.28,9.92,547.2
44521.58,1.05,-0.27,1.87,0.32,9.93,546.72
44521.62,0.59,-0.9,1.98,0.32,9.93,546.56
44521.67,-0.25,-1.42,2.05,0.34,10,546.72
44521.71,-0.68,-2.06,2.15,0.4,9.77,547.03
44521.75,-1.96,-2.93,2.17,0.37,9.71,548.27
44521.79,-2.02,-3.21,2.11,0.43,9.78,547.96
44521.83,-1.96,-3.4,2.03,0.6,9.92,548.75
44521.88,-2.3,-3.67,1.74,0.69,9.76,549.11
44521.92,-2.4,-3.85,1.89,0.83,10,549.67
44521.96,-3.29,-4.56,2.07,0.94,10,550
44522,-3.22,-4.55,2.21,1.01,9.99,550.2
44522.04,-3.28,-4.65,2.36,1,10,550.2
44522.08,-3.41,-4.75,2.32,1.06,10,550.14
44522.12,-3.59,-4.94,2.03,1.06,10,549.83
44522.17,-4.19,-5.55,1.77,1.08,9.88,549.61
44522.21,-4.32,-5.69,1.44,1.18,9.95,549.27
44522.25,-5.18,-6.13,0.79,1.22,10,549.25
44522.29,-5.47,-6.4,0.51,0.82,9.73,548.57
44522.33,-5.42,-6.6,0.55,0.67,8.79,548.84
44522.38,-5.8,-6.99,0.62,0.88,9.51,548.82
44522.42,-4.6,-6.07,0.66,0.89,8.41,549.09
44522.46,-4.93,-5.7,0.66,0.48,9.09,548.99
44522.5,-4.94,-5.59,0.73,0.27,8.64,548.48
44522.54,-3.93,-4.67,0.89,0.13,9.36,547.72
44522.58,-4.06,-4.53,0.99,0.16,8.37,547.14
44522.62,-3.92,-4.41,1.03,0.31,7.97,546.45
44522.67,-4.03,-4.47,1.04,0.29,8.68,546.24
44522.71,-3.86,-4.36,1.05,0.25,9.21,546.19
44522.75,-4.21,-4.57,0.86,0.6,9.07,546.63
44522.79,-4.22,-4.52,1.12,0.94,8.14,546.48
44522.83,-4.11,-4.36,1.23,1.03,9.2,547
44522.88,-4.25,-4.51,1.08,0.83,9.85,547.02
44522.92,-3.86,-4.39,1.31,0.87,9.7,547.53
44522.96,-4.03,-4.73,1.26,0.76,9.92,547.64
44523,-4.09,-5.18,1.14,0.89,9.86,547.74
44523.04,-4.43,-5.38,1.31,0.89,9.88,547.94
44523.08,-4.37,-5.43,1.18,0.98,9.82,547.92
44523.12,-4.45,-5.61,0.82,1.24,9.67,547.89
44523.17,-4.94,-6.08,0.45,1.77,9.42,547.83
44523.21,-4.86,-5.91,0.39,2.63,9.58,547.79
44523.25,-5.67,-6.08,0.7,2.95,9.92,547.84
44523.29,-5.33,-5.85,0.64,3,9.95,547.77
44523.33,-5.47,-5.96,0.61,3.01,9.95,547.83
44523.38,-5.35,-5.71,0.62,2.99,9.96,548.48
44523.42,-3.93,-4.68,0.57,2.82,9.99,548.67
44523.46,-3.32,-3.86,0.54,2.35,9.66,549.11
44523.5,-3.34,-3.55,0.66,2,8.98,548.73
44523.54,-1.29,-2.87,0.83,1.54,6.73,548.06
44523.58,-1.45,-2.57,0.91,1.11,8.59,547.67
44523.62,-1.46,-2.45,0.88,0.68,8.54,547.28
44523.67,-1.72,-2.48,0.99,0.66,9.5,547.26
44523.71,-1.62,-2.58,0.95,0.68,8.98,547.19
44523.75,-2.71,-3.27,0.9,0.85,9.61,547.53
44523.79,-2.64,-2.94,0.47,1.35,9.76,547.96
44523.83,-2.89,-3.16,0.43,1.55,9.86,548.24
44523.88,-2.39,-2.6,0.51,1.75,9.47,548.43
44523.92,-3.15,-3.27,0.5,1.9,9.8,548.8
44523.96,-4.13,-4.13,0.59,1.89,9.64,548.83
44524,-4.37,-4.39,0.52,2.05,9.86,548.93
44524.04,-4.14,-4.21,0.45,2.1,9.26,548.89
44524.08,-3.94,-4,0.42,2.25,9.61,548.55
44524.12,-4.46,-4.53,0.34,2.05,9.24,548.25
44524.17,-5.03,-5.05,0.29,1.93,9.52,548.03
44524.21,-4.96,-5.02,0.33,2.39,9.48,547.97
44524.25,-5.52,-5.69,0.4,2.4,9.86,548.23
44524.29,-6.62,-6.77,0.41,2.98,9.99,548.3
44524.33,-7.08,-7.25,0.54,3.07,9.95,548.09
44524.38,-6.51,-6.53,0.75,0.03,9.07,548.32
44524.42,-2.07,-3.04,0.62,0.19,8.07,548.59
44524.46,-0.79,-1.91,0.82,0.56,3.96,548.8
44524.5,-0.43,-2.19,0.97,0.55,7.91,548.68
44524.54,2.43,-1.74,0.72,0.41,4.83,548.16
44524.58,2.26,-1.84,0.53,0.47,2.45,547.46
44524.62,2.36,-1.37,0.22,1.26,0.72,547.02
44524.67,2.23,-0.73,0.47,2.41,4.42,546.7
44524.71,2.64,-1.73,0.76,2.69,6.8,546.9
44524.75,-0.76,-1.58,0.49,1.19,7.62,546.97
44524.79,-1.01,-1.4,0.66,1.34,6.6,547.2
44524.83,-1.78,-2.1,0.72,1.07,5.62,547.57
44524.88,-1.76,-2.43,0.45,0.69,7.22,547.65
44524.92,-2.35,-2.88,0.33,0.32,9.01,548.06
44524.96,-4.24,-4.25,0.21,0.08,9.29,548.12
44525,-4.31,-4.47,0.19,2.48,9.45,548.22
44525.04,-4.16,-4.4,0.12,1.32,9.42,547.98
44525.08,-3.65,-4.15,0.15,0.54,9.8,547.87
44525.12,-2.94,-3.72,0.03,2.5,9.69,547.67
44525.17,-2.67,-3.38,0.22,0.11,9.39,547.52
44525.21,-2.21,-2.86,0.02,0.43,8.16,547.29
44525.25,-5.11,-5.84,0.42,0.61,6.77,547.49
44525.29,-4.53,-5.5,0.56,0.43,4.69,547.43
44525.33,-4.23,-5.43,0.59,0.33,2.74,547.43
44525.38,-2.94,-3.94,0.25,1.17,3.71,547.96
44525.42,1.6,-0.44,0.7,0.73,3.28,548.08
44525.46,1.71,-0.26,0.64,1.11,1.16,548.04
44525.5,1.54,-0.23,0.69,1.19,0.93,547.88
44525.54,3.76,0.54,0.63,1.41,2.62,547.33
44525.58,3.52,0.98,0.69,1.77,2.83,546.76
44525.62,3.47,1.34,0.58,2.06,3.04,546.4
44525.67,2.99,1.27,0.86,2.26,4.02,546.17
44525.71,3.12,1.19,0.97,2.5,6.18,546.16
44525.75,1.67,0.61,1.12,2.17,7.72,546.42
44525.79,2.2,1.05,1.2,2.56,7.6,546.51
44525.83,2.33,1.1,1.03,2.81,7.96,546.95
44525.88,2.33,0.95,1.08,0.47,7.64,547.27
44525.92,1.66,0.63,1.21,0.49,9.48,547.47
44525.96,0.33,0.2,0.94,0.19,9.68,547.75
44526,0.39,0.19,1.08,3.08,9.44,547.64
44526.04,-0.15,-0.15,1.13,0.31,9.96,547.72
44526.08,0.22,0.04,0.7,0.31,9.6,547.65
44526.12,0.16,-0.12,0.7,0.24,9.68,547.56
44526.17,-0.82,-0.9,0.86,0.28,8.91,547.51
44526.21,-1.27,-1.45,1.06,0.28,8.6,547.5
44526.25,-2.14,-2.18,0.83,0.36,9.6,547.72
44526.29,-2.22,-2.35,1.01,0.35,9.72,547.88
44526.33,-1.82,-2.01,0.97,0.39,9.75,547.97
44526.38,-1.36,-1.89,0.94,0.42,8.9,548.53
44526.42,0.53,-1.03,0.87,0.49,9.85,548.61
44526.46,0.39,-0.81,0.89,0.57,9.96,548.99
44526.5,0.01,-0.91,0.89,0.59,10,548.85
44526.54,0.59,-0.74,0.86,0.57,9.9,548.16
44526.58,0.53,-0.81,0.66,0.3,9.83,547.44
44526.62,0.33,-0.86,0.67,2.96,9.7,547.15
44526.67,0.15,-0.54,0.76,2.81,9.03,547.02
44526.71,0.36,-0.54,0.8,2.78,9.45,547.18
44526.75,-1.22,-1.45,0.77,2.62,8.75,547.73
44526.79,-1.08,-1.22,1.09,2.93,9.04,547.89
44526.83,-0.93,-1.21,0.84,0.03,8.92,548.26
44526.88,-0.94,-1.21,0.81,0.14,9.92,548.44
44526.92,-1.07,-1.33,0.77,0.27,9.92,548.75
44526.96,-1.54,-1.54,0.73,3.14,9.76,548.91
44527,-1.67,-1.77,0.85,2.98,9.4,548.99
44527.04,-1.57,-1.77,0.77,2.86,9.76,548.78
44527.08,-1.34,-1.67,0.49,2.79,10,548.66
44527.12,-1.19,-1.77,0.26,2.58,9.67,548.37
44527.17,-1.43,-1.77,0.42,2.66,9.92,548.13
44527.21,-1.24,-1.58,0.36,2.54,9.88,548.1
44527.25,-1.61,-1.92,0.37,1.75,9.84,547.65
44527.29,-1.78,-2.14,0.55,2.03,9.04,548.17
44527.33,-1.22,-1.66,0.66,1.48,9.28,548.4
44527.38,-1.15,-1.54,0.9,1.22,9.41,548.66
44527.42,0.17,-0.4,1.01,1.26,8.97,548.74
44527.46,-0.12,-0.26,1.13,1.19,9.46,548.9
44527.5,-0.44,-0.45,1.15,1.2,9.1,548.61
44527.54,1.28,0.2,1.02,1.35,9.64,548.06
44527.58,1.17,0.19,1.04,1.46,9.45,547.53
44527.62,0.98,0.2,0.69,2.01,8.87,547.08
44527.67,1.09,0.63,0.91,2.32,7.54,547.17
44527.71,1.23,0.61,0.97,2.68,8.32,547.29
44527.75,0.02,-0.25,0.98,2.54,8.08,547.63
44527.79,-0.06,-0.08,0.99,2.79,7.92,547.74
44527.83,0.02,0,1.04,0.54,8.76,548.2
44527.88,0.34,0.21,0.84,0.55,8.4,548.54
44527.92,0.15,0.11,0.77,0.31,8.48,548.84
44527.96,-0.19,-0.22,0.5,2.67,8.56,548.97
44528,0.03,-0.01,0.36,2.13,8.7,548.95
44528.04,0.21,0.18,0.32,1.49,8.12,548.72
44528.08,0.02,-0.04,0.61,1.2,8.6,548.39
44528.12,-0.3,-0.4,0.6,1.33,9.04,548.14
44528.17,-0.75,-0.81,0.82,1.01,9.92,547.94
44528.21,-1.09,-1.15,0.86,0.89,10,547.79
44528.25,-0.84,-0.99,0.94,0.98,9.8,547.77
44528.29,-1.27,-1.47,0.64,1.19,9.92,547.65
44528.33,-0.78,-1.04,0.7,0.57,10,548.05
44528.38,-0.8,-0.81,0.78,0.64,10,548.7
44528.42,1.46,0.99,0.89,0.74,9.94,548.75
44528.46,1.53,1.49,1.38,0.82,9.46,549.02
44528.5,1.56,1.53,1.49,0.88,5.6,548.56
44528.54,4.01,2.89,1.29,0.9,3.03,547.88
44528.58,4.01,2.83,1.23,1.26,3.05,547.19
44528.62,3.66,2.63,0.84,1.72,5.74,546.75
44528.67,3.53,2.44,0.8,1.82,8.12,546.57
44528.71,3.82,2.38,0.86,1.91,8.37,546.45
44528.75,2.48,1.36,0.87,2.14,7.78,546.74
44528.79,3.06,1.74,0.86,2.09,7.24,547.1
44528.83,3.34,1.94,1.06,2.59,7.19,547.31
44528.88,3.41,1.91,0.98,3,7.07,547.63
44528.92,3.47,2,0.96,2.65,7.6,547.93
44528.96,1.53,1.02,0.86,2.74,8.72,548.16
44529,1.68,1.12,0.73,2.66,8.4,548.06
44529.04,1.17,0.87,0.83,2.99,7.56,547.9
44529.08,0.73,0.5,0.8,0.11,7.76,547.83
44529.12,0.45,0.18,0.86,0.2,7.4,547.69
44529.17,-0.89,-0.95,0.93,0.38,7.72,547.64
44529.21,-1.23,-1.37,0.95,0.36,8.28,547.53
44529.25,-2.57,-2.57,0.55,2.97,9.96,547.04
44529.29,-2.45,-2.53,1.2,0.76,10,547.9
44529.33,-2.18,-2.25,1.5,0.5,10,548.41
44529.38,-1.75,-1.77,1.3,0.5,9.88,549.13
44529.42,0.92,-0.26,1.42,0.55,10,549.43
44529.46,1.17,0.26,1.61,0.56,9.8,549.83
44529.5,1.15,0.49,1.68,0.58,9.92,549.7
44529.54,1.39,0.05,1.86,0.57,9.88,549.24
44529.58,1.32,0.12,1.92,0.55,9.66,548.89
44529.62,0.71,-0.12,1.93,0.56,9.78,548.83
44529.67,0.24,-0.78,1.92,0.57,9.71,549.04
44529.71,-0.08,-1.21,1.91,0.6,9.8,549.44
44529.75,-1.57,-2.52,1.8,0.44,8.89,550.07
44529.79,-1.6,-2.6,1.64,0.42,9.93,550.64
44529.83,-1.52,-2.68,1.89,0.39,9.84,551.09
44529.88,-1.35,-2.85,1.86,0.45,9.98,551.7
44529.92,-1.33,-2.91,1.72,0.5,9.92,552.35
44529.96,-2.2,-3.47,1.64,0.39,9.94,552.42
44530,-1.82,-2.95,1.48,0.26,9.82,552.47
44530.04,-1.8,-2.88,1.37,0.07,9.75,552.17
44530.08,-1.76,-2.78,0.99,2.77,9.18,551.89
44530.12,-1.63,-2.88,1.24,2.54,9.88,551.82
44530.17,-2.89,-4.28,0.93,2.33,9.38,551.37
44530.21,-2.67,-4.21,0.44,1.68,9.13,551.22
44530.25,-3.83,-5.24,0.42,1.98,8.49,550.81
44530.29,-3.85,-5.46,0.68,1.66,8.11,550.9
44530.33,-4,-6.03,0.42,1.43,7.36,551.04
44530.38,-4.7,-6.96,0.44,1.55,6.12,551.51
44530.42,-1.33,-8.37,0.73,2.11,5.55,551.76
44530.46,-0.93,-9.7,1.19,2.07,5.84,551.8
44530.5,-0.93,-8.28,1.41,1.68,5.34,551.13
44530.54,1.7,-7.38,1.63,1.45,4.19,550.22
44530.58,1.8,-6.29,1.59,1.44,4.86,549.19
44530.62,2.03,-5.31,1.49,1.51,4.9,548.51
44530.67,2.46,-3.85,1.29,1.45,6.68,548.34
44530.71,2.38,-2.82,1.17,1.83,6.81,547.92
44530.75,0.64,-3.14,0.75,2.17,6.86,548.32
44530.79,0.77,-3.04,0.76,2.26,7.07,548.47
44530.83,0.63,-2.81,1.06,2.06,7.21,548.65
44530.88,1.37,-2.22,0.74,2.98,6.13,548.92
44530.92,0.89,-1.73,0.46,0.06,6.83,549.02
44530.96,-0.55,-1.68,0.53,1.82,6.42,549.08
44531,-0.3,-1.59,0.57,1.63,6.22,549.17
44531.04,-0.26,-1.58,0.42,2.09,7.22,549.16
44531.08,-0.19,-1.63,0.46,1.99,8.62,548.91
44531.12,-0.33,-1.72,0.49,1.84,9.61,548.63
44531.17,-0.56,-1.51,0.39,1.93,9.12,548.59
44531.21,-0.61,-1.54,0.34,2.19,9.73,548.35
44531.25,-1.22,-2.2,0.94,1.2,8.86,547.79
44531.29,-1.44,-2.29,0.07,2.93,6.62,548.6
44531.33,-2.12,-2.57,0.12,2.79,7.27,549.02
44531.38,-2.1,-2.67,0.37,1.43,6.86,549.27
44531.42,1.51,-1.07,0.31,1.05,8.43,549.55
44531.46,1.27,-0.98,0.34,0.27,8.36,549.92
44531.5,1.03,-0.83,0.33,2.68,8.64,549.81
44531.54,3.62,0.19,0.45,1.77,9.29,549.07
44531.58,3.08,0.1,0.82,1.66,9.44,548.23
44531.62,3.18,0.38,0.73,1.66,9.36,547.93
44531.67,4.4,0.65,0.63,1.75,9.36,547.62
44531.71,4.45,0.65,0.66,2.43,8.84,547.49
44531.75,2.41,0.45,1.07,1.94,7.59,547
44531.79,2.46,0.72,0.18,0.77,6.51,547.92
44531.83,2.28,0.47,0.83,0.12,7.78,548.28
44531.88,2.19,0.05,1.07,0.61,9.46,548.84
44531.92,1.74,-0.48,0.4,3.14,9.35,549.13
44531.96,0.57,-0.92,0.1,2.92,9.4,549.3
44532,0.26,-1.12,0.19,0.6,9.76,549.35
44532.04,0.01,-1.04,0.31,3,10,549.24
44532.08,-0.45,-1.35,0.48,1.23,9.96,548.98
44532.12,-0.01,-1.18,0.68,1.07,10,549.01
44532.17,-0.48,-1.56,0.68,1.14,10,548.7
44532.21,-0.86,-1.77,0.87,1,10,549.09
44532.25,-1.08,-2.09,0.42,0.56,10,548.55
44532.29,-1.54,-2.6,0.38,0.43,10,549.39
44532.33,-1.44,-2.66,0.18,1.05,9.95,549.45
44532.38,-1.7,-2.45,0.29,1.24,9.85,549.75
44532.42,0.39,-0.94,0.2,0.29,9.4,549.96
44532.46,0.94,-0.44,0.57,2.78,9.31,550
44532.5,1.14,0,0.85,2.69,9.67,549.58
44532.54,3.17,0.62,0.82,2.63,9.46,549
44532.58,3.42,0.96,0.9,2.43,9.86,548.26
44532.62,3.54,1.14,0.92,2.94,9.92,548.01
44532.67,3.55,1.14,1.16,2.9,10,547.87
44532.71,3.22,0.72,1.25,0.02,10,547.89
44532.75,1.51,0.44,1.07,0.2,9.34,548.15
44532.79,1.43,0.26,1.07,0.33,8.75,548.8
44532.83,1.23,0.18,0.98,0.24,9.27,549.13
44532.88,1.17,0.1,0.91,0.41,9.32,549.16
44532.92,0.89,-0.09,0.8,0.46,9.48,549.61
44532.96,0.29,-0.64,0.37,0.17,9.72,549.84
44533,0.52,-0.57,0.48,0.6,9.84,549.66
44533.04,0.44,-0.53,0.38,0.89,9.76,549.5
44533.08,0.63,-0.52,0.34,0.18,9.85,549.03
44533.12,0.28,-0.7,0.05,2.99,10,548.94
44533.17,-0.19,-0.59,0.4,0.78,9.78,548.73
44533.21,0.02,-0.5,0.61,0.89,9.96,548.69
44533.25,-0.06,-0.53,0.67,1.42,9.9,548.89
44533.29,-0.02,-0.46,0.52,0.38,9.95,548.9
44533.33,0.18,-0.33,0.17,0.34,9.69,548.98
44533.38,0.14,-0.29,0.45,1.52,9.94,549.5
44533.42,0.91,-0.33,0.33,0.14,10,549.52
44533.46,0.99,0.06,0.83,2.48,10,549.81
44533.5,0.73,0.28,0.84,3,10,549.36
44533.54,2.48,1.46,0.79,2.98,10,548.84
44533.58,2.04,1.2,0.72,2.69,10,548.29
44533.62,1.85,1.08,0.7,2.78,10,547.88
44533.67,2.08,1.27,0.6,2.86,10,547.85
44533.71,2.19,0.97,0.62,2.79,10,548.03
44533.75,1.53,0.85,0.69,2.45,10,548.28
44533.79,1.71,1.11,0.09,2.43,10,548.93
44533.83,1.79,1.29,0.09,2.91,9.98,549.31
44533.88,2.17,1.49,0.27,1.79,9.9,549.28
44533.92,2.13,1.55,0.18,0.71,9.91,549.41
44533.96,1.34,1.17,0.33,3.04,9.61,549.46
44534,1.41,1.22,0.48,2.9,9.83,549.44
44534.04,1.61,1.42,0.41,2.15,9.6,549.26
44534.08,1.9,1.65,0.3,1.83,9.49,549.16
44534.12,1.96,1.72,0.55,1.23,10,548.67
44534.17,1.84,1.75,0.35,1.54,9.87,548.34
44534.21,1.88,1.85,0.36,1.45,10,548.03
44534.25,0.78,0.77,0.1,0.45,10,548.17
44534.29,1.14,1.11,0.27,0.72,10,548.69
44534.33,1.22,1.13,0.26,1.38,10,548.82
44534.38,1.18,1.17,0.2,2.5,10,548.84
44534.42,2.57,2.34,0.49,0.26,9.73,549.46
44534.46,2.41,2.1,0.61,0.01,9.95,549.44
44534.5,2.27,1.78,0.62,2.45,9.95,549.08
44534.54,3.96,2.45,0.36,1.76,9.59,548.55
44534.58,3.6,2.44,0.52,1.8,10,548.32
44534.62,3.71,2.5,0.79,1.79,10,547.73
44534.67,3.95,2.76,0.55,2.06,10,547.83
44534.71,3.84,2.62,0.41,2.44,9.88,548.08
44534.75,3.01,2.63,0.34,1.64,9.71,548.38
44534.79,3.25,2.7,0.41,1.96,5.5,548.87
44534.83,3.22,2.78,0.09,2.63,5.69,549.21
44534.88,2.91,2.56,0.82,1.43,6.21,549.61
44534.92,2.61,2.33,0.77,0.74,6.76,550.09
44534.96,1.94,1.9,0.69,0.41,10,550.18
44535,1.76,1.7,0.45,0.59,10,550.23
44535.04,1.45,1.35,0.12,2.85,10,550.29
44535.08,1.22,1.07,0.23,2.3,10,550.15
44535.12,1.11,0.82,0.28,1.91,10,550.07
44535.17,0.28,0.09,0.26,1.4,10,549.97
44535.21,0.35,-0.06,0.28,0.9,10,549.82
44535.25,1.12,0.66,0.72,0.8,10,549.75
44535.29,0.89,0.44,0.7,0.98,10,549.88
44535.33,1.06,0.53,0.99,0.84,10,549.78
44535.38,0.99,0.8,1.13,0.81,9.44,550.29
44535.42,3.17,2.22,1.24,0.84,6.62,550.36
44535.46,4.4,2.45,1.4,0.95,3.83,550.42
44535.5,5.25,2.56,1.38,1.06,4.02,549.96
44535.54,8.57,2.86,1.28,1.17,4.28,549.2
44535.58,9,2.56,1.31,1.2,8.24,548.76
44535.62,8.92,2.67,1.28,1.57,8.82,548.21
44535.67,8.37,2.48,1.11,1.89,9.15,548.03
44535.71,7.82,2.38,0.86,1.96,8.59,548.03
44535.75,4.55,1.57,0.78,2.09,3.02,547.76
44535.79,4.41,1.37,0.74,1.7,2.55,548.34
44535.83,4.69,2.31,0.91,1.24,2.06,548.64
44535.88,4.42,2.14,1.02,1.16,4.77,548.56
44535.92,4.4,2.62,1.1,0.95,7.15,548.75
44535.96,3.03,1.6,1.13,0.92,3.01,549.04
44536,2.88,1.64,1.14,0.94,3.3,548.88
44536.04,2.96,1.78,0.93,0.96,2.87,548.83
44536.08,3.18,1.96,1.12,0.89,2.81,548.61
44536.12,3.25,1.94,1.01,1,2.7,548.37
44536.17,3.4,1.94,0.9,0.94,2.19,548.19
44536.21,3.59,2.19,0.7,1.17,2.2,547.94
44536.25,3.65,2.32,0.9,1.21,7.03,547.94
44536.29,3.21,2.3,0.38,1.92,7.67,548.35
44536.33,2.72,2.11,0.77,0.19,8.52,548.7
44536.38,3.18,2.54,0.78,2.74,7.7,548.84
44536.42,4.65,3.07,0.93,2.07,7.49,549
44536.46,4.86,3.28,1.67,1.52,7.8,549.13
44536.5,4.67,3.04,1.9,1.56,9.13,548.66
44536.54,5.62,2.95,1.82,1.6,9.68,547.93
44536.58,5.34,2.91,1.77,1.63,9.8,547.32
44536.62,5.03,2.85,1.43,1.83,9.87,546.6
44536.67,5.71,2.86,1.31,1.94,9.84,546.47
44536.71,5.22,2.74,1.2,2.21,9.65,546.62
44536.75,4.95,3.17,1.33,2.23,9.66,546.43
44536.79,4.85,3.2,1.08,2.39,9.44,546.97
44536.83,4.66,2.93,1.2,2.72,9.08,547.21
44536.88,4.69,2.91,1.25,2.62,9.6,547.1
44536.92,4.71,3,1.03,2.25,9.64,547.19
44536.96,3.25,2.4,1.33,1.97,9.76,547.22
44537,3.34,2.5,1.38,1.8,9.92,546.71
44537.04,3.56,2.59,1.33,1.54,9.88,546.3
44537.08,3.84,2.65,1.58,1.35,9.96,546.24
44537.12,4.02,2.83,1.46,1.27,9.72,545.76
44537.17,3.9,2.91,1.11,1.3,9.68,545.59
44537.21,4.04,2.89,1.15,1.33,9.48,545.22
44537.25,3.88,2.9,1.07,1.21,9.4,545.71
44537.29,3.95,2.94,1.12,1.89,8.6,545.56
44537.33,3.9,3.05,1.37,2.17,8.48,545.86
44537.38,3.98,3.29,1.16,2.11,8.24,546.19
44537.42,5.14,3.85,1.51,1.59,8.8,546.21
44537.46,5.61,4.42,1.76,1.34,8.72,546.4
44537.5,5.96,3.74,1.91,1.15,8.28,545.97
44537.54,7.95,4.48,1.9,1.27,8.84,545.53
44537.58,7.99,4.46,1.58,1.42,9.24,544.87
44537.62,7.67,4.04,1.34,1.4,9.72,544.66
44537.67,7.4,3.32,1.32,1.5,9.25,544.57
44537.71,7.1,3.23,0.9,2.11,7.86,544.74
44537.75,4.24,2.81,0.59,2.16,6.52,545.21
44537.79,4.19,2.02,1.21,0.42,6.68,545.48
44537.83,3.96,1.98,1.73,0.41,7.68,546.26
44537.88,3.64,1.77,1.29,0.43,8.12,546.47
44537.92,2.75,1.7,1.15,0.49,8.52,547.11
44537.96,1.89,1.31,1.21,0.52,9.48,547.4
44538,1.95,1.15,1.15,0.49,10,547.36
44538.04,1.24,0.56,1.19,0.38,10,547.36
44538.08,1.26,0.35,1.21,0.11,10,547.22
44538.12,1.11,0.32,1.17,3.14,10,547.15
44538.17,1.07,0.31,1.23,3.06,10,547.21
44538.21,0.94,0.02,1.29,3.07,10,547.03
44538.25,0.38,-0.47,1.26,2.88,10,547.38
44538.29,0.41,-0.6,1.49,2.81,10,547.33
44538.33,0.43,-0.39,1.53,0.21,10,548.09
44538.38,0.34,-0.45,1.43,0.17,9.99,548.58
44538.42,1.12,-0.07,1.22,0.08,10,548.82
44538.46,1.33,0.21,1.11,0.02,10,548.98
44538.5,1.11,0.18,0.95,3.14,10,548.88
44538.54,2.83,0.86,0.95,2.89,9.8,548.39
44538.58,2.52,0.87,0.85,2.65,9.9,547.97
44538.62,2.65,1.06,0.81,2.56,10,547.8
44538.67,2.7,1.19,0.78,2.62,10,547.64
44538.71,2.95,1.31,0.83,2.82,10,547.85
44538.75,1.68,1.06,0.99,3.05,9.99,547.97
44538.79,2.05,1.26,1.03,2.82,9.99,548.45
44538.83,2.33,1.35,0.99,2.91,10,549.11
44538.88,2.72,1.57,1.18,0.22,10,549.14
44538.92,2.95,1.78,0.91,0.29,10,549.37
44538.96,2.14,1.87,0.74,3.11,10,549.48
44539,2.43,2.16,0.79,2.72,10,549.43
44539.04,2.49,2.14,0.65,2.46,10,549.17
44539.08,2.41,2.15,0.48,2.44,10,549.18
44539.12,2.75,2.47,0.39,2.43,10,548.9
44539.17,2.75,2.54,0.28,2.23,10,548.72
44539.21,2.97,2.67,0.38,2.26,10,548.48
44539.25,1.72,1.52,0.6,1.37,10,548.47
44539.29,1.93,1.63,0.67,1.16,10,548.45
44539.33,2.1,1.75,0.38,1.33,9.9,548.95
44539.38,2.03,1.67,0.47,2.53,10,549.31
44539.42,4.22,3.55,0.87,2.17,9.81,549.39
44539.46,3.97,3.48,1.16,1.87,10,549.45
44539.5,4.02,3.39,1.36,1.52,10,549.08
44539.54,6.31,4.11,1.59,1.47,9.16,548.37
44539.58,6.33,4.37,1.76,1.46,9.97,547.77
44539.62,6.77,4.36,1.41,1.59,10,546.96
44539.67,7.34,4.65,1.31,1.57,9.98,546.72
44539.71,7.03,4.29,1.2,1.76,9.48,546.72
44539.75,4.68,2.83,0.9,2.17,9.45,547.23
44539.79,4.34,2.58,0.93,2.45,9.22,547.09
44539.83,4.8,2.93,1.01,2.3,9,547.37
44539.88,5.11,2.91,1.37,1.94,7.42,547.37
44539.92,5.39,3.13,1.33,1.51,7.07,547.37
44539.96,3.4,2.2,1.41,1.44,7.84,547.31
44540,3.31,2.27,1.39,1.41,7.64,547.05
44540.04,3.05,2.01,1.23,1.29,7.44,546.75
44540.08,3.19,2.1,1,1.4,6.64,546.46
44540.12,3.18,2.35,0.76,1.63,6.28,546.27
44540.17,2.49,2.28,0.75,2.13,6.2,545.94
44540.21,1.86,1.71,1,2.33,6.08,545.78
44540.25,1.22,1.11,1.2,1.43,6.04,545.46
44540.29,0.61,0.5,1.23,1.36,10,545.58
44540.33,0.64,0.43,0.83,1.56,10,546.1
44540.38,1.58,0.85,0.77,1.77,10,546.26
44540.42,4.05,2.16,0.91,2.09,10,546.6
44540.46,4.54,3.25,1.23,1.98,7.92,546.61
44540.5,5.43,3.24,1.34,1.82,6.4,546.23
44540.54,8.03,3.62,1.28,1.79,8.04,545.6
44540.58,7.82,3.63,1.25,1.92,7.8,545.1
44540.62,7.69,3.56,1.22,2.13,6.96,544.62
44540.67,7.36,2.91,1.29,2.3,6.88,544.56
44540.71,6.68,2.47,1.21,2.51,6.72,544.75
44540.75,3.71,0.98,1.49,3.02,6.2,545.28
44540.79,3.17,0.98,1.8,0.22,7.04,545.58
44540.83,2.21,0.9,1.97,0.38,7.4,546.02
44540.88,1.42,0.63,1.51,0.44,8.12,546.49
44540.92,0.93,0.28,1.43,0.5,7.64,546.95
44540.96,-1.18,-1.18,1.25,0.62,9.88,547.19
44541,-1.54,-1.54,1.24,0.64,9,547.41
44541.04,-1.93,-1.93,1.18,0.72,10,547.3
44541.08,-2.07,-2.07,1.07,0.78,10,547.34
44541.12,-1.8,-1.86,1.05,0.75,10,547.25
44541.17,-2.05,-2.14,1.13,0.7,10,547.21
44541.21,-2.35,-2.59,1.25,0.7,9.92,547.23
44541.25,-1.84,-2.74,1.43,0.62,9.84,548.11
44541.29,-1.66,-2.57,1.54,0.45,9.91,547.8
44541.33,-1.23,-2.39,1.52,0.47,9.88,548.24
44541.38,-1.5,-2.69,1.57,0.49,9.96,548.78
44541.42,0.02,-1.75,1.45,0.47,9.71,549.2
44541.46,-0.25,-1.78,1.43,0.44,9.29,549.57
44541.5,-0.02,-1.61,1.48,0.48,9.94,549.17
44541.54,1.09,-1.3,1.54,0.47,9.45,548.76
44541.58,0.88,-1.19,1.56,0.41,9.54,548.1
44541.62,0.37,-1.41,1.58,0.35,9.12,547.9
44541.67,-0.19,-1.9,1.68,0.29,8.13,547.56
44541.71,-0.48,-1.94,1.72,0.34,8.76,548.09
44541.75,-2.16,-2.87,1.51,0.39,7.54,548.54
44541.79,-2.1,-2.71,1.54,0.27,9.29,548.69
44541.83,-1.74,-2.45,1.76,0.46,9.69,549.31
44541.88,-1.52,-2.38,1.93,0.51,8.56,549.62
44541.92,-1.74,-2.97,1.44,0.6,9.07,550.04
44541.96,-3.03,-3.89,1.4,0.58,9.76,550.55
44542,-3.29,-4.09,1.38,0.58,8.96,550.63
44542.04,-3.05,-3.88,1.34,0.76,9.48,550.68
44542.08,-2.93,-3.89,1.18,0.93,9.88,550.71
44542.12,-3.08,-3.95,0.76,1.2,9.83,550.61
44542.17,-4.22,-4.51,0.95,1.12,9.8,550.66
44542.21,-4.1,-4.44,0.84,1.2,9.97,550.64
44542.25,-4.14,-4.93,1.09,0.98,9.28,550.93
44542.29,-4.11,-4.73,0.81,0.93,9.1,551.05
44542.33,-4.01,-4.61,0.34,1.48,8.87,551.38
44542.38,-4.3,-4.89,0.2,1.95,8.01,551.39
44542.42,-1.82,-3.46,0.39,0.41,7.79,551.71
44542.46,-2.17,-3.21,0.75,0.04,7.68,551.52
44542.5,-2.26,-3.23,0.85,3.08,7.79,551.48
44542.54,-0.41,-2.89,0.84,2.87,8.2,550.55
44542.58,-0.58,-2.41,0.98,2.61,7.51,550.06
44542.62,-0.79,-2.42,1.11,2.54,7.74,549.3
44542.67,-0.85,-2.45,1.11,2.55,8.12,548.9
44542.71,-1.33,-2.76,1.15,2.57,8.68,548.86
44542.75,-1.84,-3.14,1.35,2.11,6.64,548.73
44542.79,-1.33,-2.77,1.06,2.15,6.74,548.78
44542.83,-1.3,-2.7,0.76,2.76,6.26,549.13
44542.88,-1.4,-2.87,0.91,0.09,8.89,549.31
44542.92,-1.28,-2.48,0.83,3.13,9.35,549.43
44542.96,-2.44,-2.92,0.59,2.74,9.31,549.63
44543,-2.07,-2.89,0.39,1.75,9.41,549.43
44543.04,-2.06,-2.67,0.6,1.17,7.05,549.29
44543.08,-1.92,-2.68,0.95,1.07,7.47,548.84
44543.12,-1.59,-2.35,1.18,0.91,6.37,548.41
44543.17,-2.05,-2.41,1.36,0.78,6.29,547.79
44543.21,-1.75,-2.19,1.39,0.79,5.75,547.45
44543.25,-1.16,-1.61,1.73,0.72,6.8,547.39
44543.29,-1.15,-1.8,1.77,0.69,5.98,546.99
44543.33,-0.45,-1.17,1.56,0.67,5.85,547.35
44543.38,-0.83,-1.29,1.52,0.57,5.85,547.62
44543.42,1.62,0.14,1.57,0.62,3.92,547.59
44543.46,0.86,-0.03,1.66,0.68,3.45,547.63
44543.5,0.43,-0.11,1.83,0.71,3.73,547.09
44543.54,4.2,1.44,1.74,0.74,4.67,546.36
44543.58,3.66,1.41,1.43,0.71,6.12,545.58
44543.62,3.81,1.16,1.43,0.79,5.04,545.01
44543.67,3.85,1.27,1.24,0.88,5.77,544.71
44543.71,3.91,1.16,1.33,0.99,3.12,544.67
44543.75,2.35,-1.01,1.03,1.01,1.81,544.61
44543.79,2.88,-0.62,1.26,0.75,0.93,545.09
44543.83,3,-0.38,1.57,0.69,0.53,545.4
44543.88,3.1,-0.26,1.66,0.72,0,545.82
44543.92,2.26,-0.5,1.69,0.7,0.04,545.91
44543.96,0,-1.3,1.53,0.71,0.08,546.12
44544,-0.26,-1.36,1.55,0.81,0.08,546.1
44544.04,-1.01,-1.77,1.82,0.81,0.08,545.73
44544.08,-1.14,-1.88,1.84,0.75,0,545.4
44544.12,-1.05,-1.94,1.8,0.71,2.96,545.15
44544.17,-2.12,-2.36,1.14,0.97,3.88,544.74
44544.21,-2.51,-2.73,1.07,1.06,7.7,544.47
44544.25,-2.71,-2.99,1.33,0.88,9.08,544.29
44544.29,-2.32,-2.68,1.2,0.82,9.86,544.07
44544.33,-2.58,-3.15,1.12,0.89,9.71,544.35
44544.38,-2.86,-3.32,1.35,0.7,10,544.49
44544.42,0.76,-0.19,1.45,0.61,10,544.8
44544.46,1.15,0.85,1.53,0.6,9.99,545.03
44544.5,1.92,1.68,1.78,0.68,9.2,544.63
44544.54,4.5,2.72,1.75,0.73,4.78,544
44544.58,4.3,2.2,1.92,0.82,5.22,543.3
44544.62,4.24,1.57,1.54,1.05,3.53,542.76
44544.67,5.25,1.47,1.17,1.01,0.54,542.46
44544.71,5,1.38,1.68,1.13,0.08,542.51
44544.75,3.49,-0.27,1.17,1.45,0.24,542.82
44544.79,3.71,0.07,1.5,1.28,0.01,543.24
44544.83,3.73,0.41,1.48,1.27,0.06,543.47
44544.88,3.79,1.01,1.43,0.96,5.22,543.91
44544.92,3.57,1.34,1.49,1.02,5.21,544
44544.96,1.23,-0.15,1.53,1.1,5.13,544.03
44545,1.14,0,1.23,1.09,5.18,543.97
44545.04,0.33,-0.22,1.21,1.21,5.02,543.82
44545.08,0.26,-0.17,1.09,1.36,5.15,543.45
44545.12,0.36,0.23,0.95,1.5,5.14,543.28
44545.17,-0.58,-0.66,1.05,1.5,5.17,542.87
44545.21,-1.41,-1.52,1.22,1.35,4.95,542.55
44545.25,-0.67,-1,1.91,0.87,4.97,542.34
44545.29,-0.71,-1.05,1.5,0.48,5.12,542.49
44545.33,-0.73,-1.2,0.93,0.98,5.13,542.79
44545.38,-1.14,-1.71,1.36,0.88,5.13,542.94
44545.42,1.9,-0.28,1.27,0.69,0.46,543.44
44545.46,3.09,0.78,1.5,0.89,0,543.63
44545.5,2.94,0.97,1.73,0.88,0,543.41
44545.54,5.97,2.05,1.79,0.93,0,542.88
44545.58,5.75,1.61,1.58,1.1,0,542.26
44545.62,5.28,1.48,0.99,1.54,0.08,542.01
44545.67,6.65,1.94,0.7,2.14,0.3,542.05
44545.71,6.71,2.5,0.83,1.82,2.6,542.37
44545.75,3.85,-0.07,0.81,2.35,3.16,542.12
44545.79,3.19,-0.57,1.29,3.04,5.15,543.2
44545.83,3.18,-0.04,1.58,0.11,5.78,543.55
44545.88,2.12,-0.69,1.62,0.34,6.83,544.04
44545.92,1.47,-0.74,1.81,0.33,7.52,544.65
44545.96,-0.01,-1.71,1.63,0.4,7.6,544.93
44546,-0.44,-1.86,1.68,0.35,6.92,545.11
44546.04,-0.95,-2.01,1.5,0.29,7.76,545.07
44546.08,-1.99,-2.71,1.16,0.26,7.91,545.04
44546.12,-2.94,-3.61,1.12,0.22,8.2,544.95
44546.17,-3.47,-3.51,0.94,0.21,8.36,544.9
44546.21,-3.59,-3.73,0.69,0.13,7.15,544.85
44546.25,-4.17,-4.22,0.81,2.34,7.12,544.56
44546.29,-3.95,-3.99,0.58,0.44,6.92,544.83
44546.33,-3.81,-3.95,1.12,0.43,6.67,545.49
44546.38,-4.49,-4.85,0.87,0.59,5.49,545.96
44546.42,-0.76,-2.97,0.9,0.52,6.72,546.57
44546.46,-0.29,-2.65,1.03,0.4,4.08,547.09
44546.5,-0.23,-2.21,1.27,0.34,5.3,547.1
44546.54,1.61,-0.85,1.46,0.23,4.96,546.86
44546.58,1.78,-0.4,1.53,0.23,4.66,546.58
44546.62,1.23,-0.23,1.32,0.09,5.45,546.24
44546.67,1.58,-0.03,1.23,3.05,7.93,546.33
44546.71,2.03,-0.66,1.37,3.1,8,546.48
44546.75,-0.91,-2.73,1.62,0.19,7.99,546.63
44546.79,-1.13,-2.34,1.89,0.33,7.92,547.51
44546.83,-1.17,-2.28,1.53,0.36,7.97,548.21
44546.88,-1.32,-2.35,1.45,0.44,7.98,548.54
44546.92,-2.01,-2.77,1.43,0.5,8.12,549
44546.96,-3.61,-4.16,1.49,0.48,7.98,549.48
44547,-4.14,-4.71,1.58,0.42,8.59,549.25
44547.04,-4.4,-5.21,1.54,0.32,9.99,549.4
44547.08,-4.83,-5.67,1.35,0.26,9.68,549.19
44547.12,-4.77,-5.76,1.19,0.24,9.72,549.01
44547.17,-5.64,-6.21,0.95,0.09,9.48,548.78
44547.21,-5.98,-6.53,0.81,0.15,9.11,548.5
44547.25,-6.66,-7.57,1.1,2.35,9.54,548.39
44547.29,-6.49,-7.38,1.27,2.55,7.54,548.07
44547.33,-6.59,-7.53,0.99,0.06,7.92,548.37
44547.38,-6.73,-7.38,1.02,0.25,8.4,548.93
44547.42,-4.21,-6.12,1.06,0.19,9.16,549.23
44547.46,-4.53,-5.52,1.22,2.85,9.65,549.26
44547.5,-4.53,-5.29,1.35,2.52,9.86,548.75
44547.54,-3.22,-4.35,1.32,2.36,10,548.05
44547.58,-2.99,-3.73,1.36,2.2,9.88,547.29
44547.62,-3.17,-3.63,1.49,2.07,9.92,546.54
44547.67,-2.94,-3.42,1.57,2.02,9.68,546.3
44547.71,-2.65,-3.57,1.4,2.07,10,546.1
44547.75,-2.79,-3.56,1.23,2.22,9.55,546.19
44547.79,-2.55,-3.18,1.45,3,9.38,546.68
44547.83,-2.4,-3.08,1.57,0.35,8.49,546.8
44547.88,-2.78,-3.44,1.51,0.45,8.72,547.24
44547.92,-3.88,-4.41,1.65,0.45,9.92,547.63
44547.96,-5.25,-5.37,1.19,0.17,9.91,547.95
44548,-5.58,-5.85,1.14,0.15,9.96,547.92
44548.04,-5.97,-6.5,1.13,0.3,9.87,548.03
44548.08,-6.37,-7.05,1.32,0.33,9.96,547.93
44548.12,-6.44,-7.21,1.33,0.31,9.94,547.83
44548.17,-6.54,-7.65,1.34,0.39,9.96,547.72
44548.21,-6.5,-7.8,1.31,0.41,9.61,547.48
44548.25,-8.2,-9.33,1.27,0.09,9.96,547.99
44548.29,-8.17,-9.36,1.32,0.23,9.7,547.8
44548.33,-7.92,-9.4,1.41,0.55,9.91,548.13
44548.38,-8.21,-9.38,1.37,0.74,9.6,548.61
44548.42,-6.29,-8.39,1.28,0.8,9.62,548.94
44548.46,-6.43,-8.13,1.06,0.57,9.56,549.15
44548.5,-6.77,-7.94,0.94,0.37,9.86,548.86
44548.54,-5,-6.73,0.92,0.19,9.35,548.39
44548.58,-4.8,-6.21,0.97,0.17,9.75,547.5
44548.62,-4.76,-6.05,1.04,0.05,9.78,547.06
44548.67,-4.64,-6.05,1.1,3.11,9.57,546.74
44548.71,-4.68,-6.1,1.13,2.98,9.4,546.85
44548.75,-6.26,-6.53,1.04,2.83,9.83,546.97
44548.79,-5.66,-6.21,1.12,0.13,9.73,546.99
44548.83,-4.91,-5.68,1.27,0.53,9.62,547.62
44548.88,-4.8,-5.88,1.18,0.54,9.84,547.67
44548.92,-5.44,-6.26,1.11,0.46,9.62,548.22
44548.96,-6.65,-6.94,0.78,0.42,9.95,548.34
44549,-6.65,-7.19,0.26,2.65,9.48,548.36
44549.04,-6.82,-7.45,0.26,3.06,9.58,548.37
44549.08,-6.87,-7.63,0.35,0.57,9.67,548.01
44549.12,-7.12,-7.98,0.37,0.57,8.91,547.7
44549.17,-6.99,-7.69,0.19,3.1,8.69,547.42
44549.21,-6.8,-7.54,0.24,1.06,8.49,546.95
44549.25,-7.75,-8.34,0.83,0.8,8.77,546.72
44549.29,-7.02,-7.84,0.97,0.93,7.94,546.59
44549.33,-6.53,-7.52,0.99,0.97,8.2,546.73
44549.38,-6.09,-6.99,1.14,0.84,8.35,546.78
44549.42,-3.16,-4.73,1.12,0.79,8.43,546.97
44549.46,-2.61,-3.49,1.39,0.87,8.63,547.23
44549.5,-2.3,-2.74,1.79,0.89,7.45,546.62
44549.54,1.04,-0.92,1.93,1.01,8.54,545.95
44549.58,1.39,-0.55,1.96,1.13,7.22,545.13
44549.62,2.3,-0.33,1.92,1.22,6.8,544.74
44549.67,2.52,0.35,1.18,1.51,4.83,544.3
44549.71,1.24,-0.38,0.79,1.8,5.75,544.38
44549.75,-0.19,-1.89,1.23,1.62,4.78,544.18
44549.79,0.19,-1.74,0.84,2.31,5.13,544.25
44549.83,-0.03,-2.01,1.06,2.94,5.14,545.25
44549.88,-0.25,-2.27,1.2,2.77,5.27,545.54
44549.92,-0.84,-2.54,0.72,2.27,6.37,545.75
44549.96,-2.56,-3.24,0.55,2.45,6.6,545.87
44550,-3.11,-3.54,0.39,2.73,6.76,545.89
44550.04,-3.6,-3.83,0.42,3.04,7.24,546.14
44550.08,-3.35,-3.66,0.34,2.96,8.44,545.85
44550.12,-3.54,-3.92,0.25,0.1,8.59,545.76
44550.17,-4.85,-5.07,0.18,0.39,8.74,545.52
44550.21,-5.5,-5.8,0.06,1.58,8.45,545.5
44550.25,-7.88,-8.13,0.56,0.26,9.76,545.69
44550.29,-7.53,-7.91,0.36,0.07,10,545.35
44550.33,-7.56,-7.86,0.4,2.42,9.6,545.98
44550.38,-7.29,-7.66,0.54,2.24,9.69,546.29
44550.42,-1.68,-3.61,0.57,1.86,10,546.95
44550.46,-0.62,-2.12,0.77,1.72,9.61,547.09
44550.5,-0.71,-1.63,0.8,1.73,6.83,546.9
44550.54,2.39,-0.29,0.67,1.73,6.78,546.4
44550.58,2.48,-0.28,0.4,1.46,7.11,545.7
44550.62,2.4,-0.24,0.33,0.78,8.85,545.55
44550.67,1.89,-0.33,0.45,0.63,9.25,545.17
44550.71,1.72,-0.35,0.68,0.58,9.21,545.23
44550.75,-1.14,-1.73,1.41,0.4,6.5,545.52
44550.79,-1.19,-1.6,1.09,0.29,6.37,545.6
44550.83,-1.35,-1.7,0.65,0.78,7.13,546.23
44550.88,-1.99,-2.3,0.54,0.99,8.09,546.38
44550.92,-2.27,-2.78,0.49,0.63,7.73,546.8
44550.96,-4.35,-4.35,0.43,0.54,7.3,546.91
44551,-4.47,-4.47,0.32,0.65,8.76,547.12
44551.04,-5.38,-5.42,0.14,1.28,7.8,547.03
44551.08,-5.11,-5.37,0.17,1.84,7.48,546.85
44551.12,-4.77,-5.08,0.18,2.06,6.75,546.63
44551.17,-4.72,-5.29,0.22,1.99,7.09,546.39
44551.21,-4.32,-4.78,0.19,1.83,7.01,546.16
44551.25,-6.11,-6.63,0.32,2.33,9.12,546.65
44551.29,-6.04,-6.44,0.32,2.39,8.77,546.28
44551.33,-5.35,-6.08,0.19,2.4,9.67,546.86
44551.38,-4.75,-5.52,0.28,0.07,10,547.26
44551.42,0.95,-1.72,0.32,0.45,5.47,547.57
44551.46,0.95,-1.18,0.47,1.37,1.09,547.63
44551.5,1.11,-1.28,0.76,1.61,0.95,547.2
44551.54,4.82,-0.02,0.81,1.6,2.71,546.71
44551.58,4.86,-0.67,0.77,1.88,6.55,545.86
44551.62,4.63,-0.89,0.74,2.25,7.92,545.58
44551.67,5.01,-1.24,0.71,2.3,7.92,545.42
44551.71,4.54,-1.38,0.58,2.09,5,545.52
44551.75,2.33,-2.85,1.31,2.82,4.79,545.59
44551.79,2.17,-2.17,1.09,2.93,5.79,546.12
44551.83,1.73,-2.24,0.43,2.05,6.25,546.47
44551.88,1.15,-2.63,0.39,1.35,6.09,546.6
44551.92,-0.08,-3.36,0.45,1.19,6.25,546.9
44551.96,-3.32,-5.05,0.34,0.87,6.02,546.95
44552,-3.23,-5.18,0.39,0.85,5.8,546.95
44552.04,-3.46,-5.38,0.5,0.95,6.52,546.67
44552.08,-3.29,-5.43,0.61,0.92,2.62,546.3
44552.12,-2.73,-5.06,0.62,0.88,2.46,546.2
44552.17,-3.11,-4.7,0.49,0.78,1.97,545.72
44552.21,-2.83,-4.47,0.36,0.77,0.9,545.61
44552.25,-3.25,-4.21,0.67,0.76,2.07,545.4
44552.29,-2.71,-3.74,0.57,0.7,5.21,545.44
44552.33,-2.59,-3.54,0.55,0.79,6.08,545.7
44552.38,-2.53,-3.58,0.59,0.85,8.4,546.12
44552.42,3.02,-0.87,0.96,1.11,5.59,546.31
44552.46,2.72,-0.68,1.01,1.39,2.26,546.44
44552.5,2.59,-1.25,1.35,1.38,2.52,546.04
44552.54,5,-1.02,1.49,1.37,6.09,545.14
44552.58,5.01,-0.82,1.52,1.47,7.55,544.36
44552.62,4.41,-0.82,1.57,1.5,8.39,543.67
44552.67,4.12,-0.82,1.33,1.74,6.65,543.42
44552.71,3.74,-0.89,1.26,1.72,7.7,543.41
44552.75,1.77,-1.75,1.19,2.06,6.49,543.67
44552.79,1.62,-1.16,1.07,2.08,6.84,543.74
44552.83,1.56,-1.53,1.14,2.01,6.67,544
44552.88,1.62,-1.53,1.59,1.47,6.06,544.07
44552.92,1.68,-1.29,1.71,1.19,6.06,544.05
44552.96,-0.69,-2.63,1.89,0.97,4.22,543.86
44553,-0.73,-2.91,2.01,0.86,1.84,543.64
44553.04,-0.65,-2.71,2.12,0.77,0.85,543.33
44553.08,-0.67,-2.8,2.23,0.76,0.31,543.09
44553.12,0.29,-1.87,2.35,0.75,0.16,542.83
44553.17,-0.66,-2.38,2.31,0.7,0.08,542.66
44553.21,-0.97,-2.59,2.32,0.71,0.16,542.25
44553.25,-1.53,-3.9,2.5,0.8,0.92,542.27
44553.29,-1.68,-3.79,2.29,0.67,0.4,542.06
44553.33,-1.82,-3.88,2.46,0.77,0.04,542.52
44553.38,-1.22,-3.24,1.39,0.75,0.12,542.76
44553.42,2.94,-0.25,1.93,0.82,0.34,543.35
44553.46,3.3,0.08,2.39,0.88,2.21,543.58
44553.5,3,-0.49,2.53,0.85,3.21,543.57
44553.54,5.09,-0.27,2.03,1.01,2.67,542.92
44553.58,5.61,-0.27,1.67,1.18,2.32,542.28
44553.62,5.42,0.55,1.25,1.4,3.35,542.17
44553.67,3.59,0.23,1.12,1.59,6.17,542.01
44553.71,3.15,0.37,0.9,2.03,5.97,542.34
44553.75,0.73,-0.76,0.55,2.59,7.04,542.54
44553.79,0.87,-1.02,0.66,2.41,8.09,542.93
44553.83,0.67,-1.29,0.71,2.88,8.32,543.42
44553.88,0.36,-1.41,0.82,0.3,8.03,544.04
44553.92,0,-1.27,1.04,0.52,9.66,544.47
44553.96,-1.1,-1.94,1.05,0.49,9.54,544.65
44554,-1.2,-2.14,1.02,0.86,9.63,544.8
44554.04,-1.75,-2.62,1.09,1.28,8.89,544.85
44554.08,-1.97,-2.92,0.99,1.61,8.87,544.85
44554.12,-2.36,-3.27,0.87,1.76,8.87,544.88
44554.17,-3.48,-4.18,0.77,1.57,8.76,544.96
44554.21,-3.33,-4.03,0.79,1.77,7.95,544.79
44554.25,-3.58,-4.58,1.22,1.62,5.33,545.03
44554.29,-3.42,-4.33,0.78,1.79,5.91,545.27
44554.33,-3.61,-4.53,0.39,2.57,7.05,545.62
44554.38,-4.2,-5,0.38,2.65,7.86,546
44554.42,-0.13,-3.09,0.26,1.44,3.79,546.4
44554.46,-0.55,-3.29,0.7,0.22,2.65,546.43
44554.5,-0.73,-3.35,0.88,2.8,5.67,546.26
44554.54,2.75,-2.89,0.96,2.46,5.04,545.97
44554.58,2.44,-2.02,1,2.49,5.69,545.18
44554.62,2.13,-1.41,1.01,2.45,5.07,545.01
44554.67,2.11,-1.11,0.97,2.46,8.89,544.87
44554.71,1.76,-0.61,1.04,2.82,7.83,545.02
44554.75,-1.21,-2.43,1.02,3.05,6.93,545.39
44554.79,-1.04,-2.34,1.27,2.62,9.02,545.56
44554.83,-1.14,-2.5,1.26,2.46,7.41,546.28
44554.88,-0.76,-2.29,0.65,2.12,7.73,546.46
44554.92,-1.62,-2.71,0.29,2.59,7.54,546.64
44554.96,-4.03,-4.08,0.43,1.83,7.01,546.74
44555,-4,-4.2,0.59,1.4,7.76,546.85
44555.04,-4.53,-4.75,0.78,1.26,9.08,546.57
44555.08,-4.53,-4.9,0.78,1.27,8.96,546.3
44555.12,-4.45,-5.09,0.87,1.21,9.28,546.2
44555.17,-4.94,-5.42,0.83,1.18,9.32,545.91
44555.21,-5.19,-5.74,0.71,1.28,9.47,545.79
44555.25,-5.26,-5.73,0.88,1.48,9.84,545.68
44555.29,-5.14,-5.74,0.65,1.6,9.8,545.92
44555.33,-5.38,-6.04,0.44,1.59,9.72,546.18
44555.38,-5.81,-6.24,0.59,1.86,9.48,546.72
44555.42,-1.51,-2.86,0.79,1.88,10,546.71
44555.46,-1.14,-1.89,1.35,1.83,8.93,547.15
44555.5,-1.09,-1.98,1.73,1.64,7.55,546.81
44555.54,1.14,-1.58,1.68,1.72,7.6,546.23
44555.58,0.92,-1.02,1.56,1.81,7.46,545.46
44555.62,1.02,-1.62,1.37,1.85,7.81,545.31
44555.67,0.58,-1.35,1.05,2.09,7.52,545.25
44555.71,0.49,-1.49,1.02,2.85,7.13,545.64
44555.75,-1.56,-2.74,1.42,0.06,8.19,546.18
44555.79,-2.13,-3.02,1.7,0.3,8.32,546.37
44555.83,-2.32,-3.33,1.55,0.39,9.32,546.62
44555.88,-2.65,-3.59,1.75,0.37,9.8,547
44555.92,-3.23,-4.01,1.52,0.22,9.96,547.32
44555.96,-4.73,-5.15,1.21,0.25,9.87,547.42
44556,-4.72,-5.38,1.22,0.38,9.72,547.64
44556.04,-5.03,-5.81,1.42,0.53,9.64,547.43
44556.08,-5,-5.86,1.42,0.55,9.96,547.29
44556.12,-5.14,-5.98,1.42,0.48,9.9,547.35
44556.17,-5.78,-6.56,1.23,0.35,9.88,547.32
44556.21,-5.26,-6.17,1.48,0.36,9.92,547.44
44556.25,-5.93,-6.8,1.96,0.33,9.92,547.34
44556.29,-5.47,-6.42,1.93,0.21,9.76,547.73
44556.33,-5.57,-6.65,1.83,0.28,8.79,548.36
44556.38,-6.08,-7.01,1.75,0.46,9.36,548.58
44556.42,-5.22,-6.91,1.7,0.48,9.3,549.04
44556.46,-5.51,-7.06,1.63,0.41,9.04,549.34
44556.5,-5.62,-7.05,1.61,0.37,9.74,549.16
44556.54,-6.25,-7.9,1.66,0.28,9.69,548.69
44556.58,-6.37,-7.88,1.7,0.21,9.31,548
44556.62,-6.42,-7.75,1.66,0.15,9.1,547.45
44556.67,-6.86,-7.79,1.6,0.16,9.46,547.26
44556.71,-6.72,-7.86,1.52,0.19,9.16,547.22
44556.75,-7.73,-8.91,1.24,0.05,8.42,547.56
44556.79,-7.67,-9.26,1.45,0.12,8.6,547.54
44556.83,-7.64,-8.99,1.38,0.37,10,548.07
44556.88,-7.68,-9.09,1.14,0.3,9.9,548.17
44556.92,-7.88,-9.4,0.84,0.01,9.75,548.08
44556.96,-8.69,-9.97,0.81,3.01,9.21,548.03
44557,-8.75,-10.11,0.67,2.63,9.62,547.9
44557.04,-8.62,-10.13,0.63,2.15,9.39,547.61
44557.08,-8.3,-9.88,0.87,1.94,8.51,546.98
44557.12,-8.63,-10.27,0.73,1.77,7.64,546.96
44557.17,-8.74,-10.27,0.6,1.4,7.96,546.66
44557.21,-8.68,-10.22,0.67,1.67,7.23,546.44
44557.25,-8.52,-9.68,1.17,1.32,9.06,546.35
44557.29,-8.47,-9.58,0.77,1.73,9.58,546.33
44557.33,-8.43,-9.51,0.67,2.93,9.2,546.67
44557.38,-8.32,-9.06,0.97,2.39,9.38,547.06
44557.42,-6.46,-7.11,0.88,1.82,8.8,547.35
44557.46,-6.17,-6.71,0.94,1.52,7.86,547.36
44557.5,-5.76,-5.96,1.34,1.4,9.25,547.19
44557.54,-3.66,-4.81,1.54,1.33,9.82,546.48
44557.58,-3.21,-4.2,1.5,1.45,9.63,545.93
44557.62,-3.33,-3.82,1.62,1.48,8.98,545.38
44557.67,-2.44,-2.91,1.32,1.58,8.08,545.15
44557.71,-2.5,-2.82,1.05,1.96,8.14,545.04
44557.75,-4.15,-4.15,1.27,1.68,9.28,545.31
44557.79,-3.96,-3.97,1.17,1.87,8.67,545.33
44557.83,-3.89,-4.07,1.15,2.11,7.24,545.76
44557.88,-3.22,-3.58,1.18,2.16,7.68,545.9
44557.92,-3.48,-3.73,1.07,1.62,7.8,546.25
44557.96,-3.62,-3.73,1.12,1.42,7.04,546.06
44558,-4.15,-4.3,1.05,1.3,9.4,546.05
44558.04,-4.49,-4.7,1.06,1.15,9.24,545.69
44558.08,-4.7,-4.91,0.94,1.29,9,545.47
44558.12,-5.17,-5.55,1.06,1.12,9,545.14
44558.17,-6.31,-6.66,1.04,1.1,9.24,545.15
44558.21,-6.48,-6.92,1.19,1.03,9.6,544.87
44558.25,-7.73,-7.99,0.92,0.99,9.12,544.57
44558.29,-8.16,-8.58,0.85,0.96,9.56,544.8
44558.33,-8.15,-8.77,0.92,1.09,9.2,544.99
44558.38,-7.62,-8.2,1.06,1.02,9.4,545.27
44558.42,-3.56,-4.56,1.48,0.68,9.96,545.78
44558.46,-3.04,-3.59,1.51,0.63,10,545.94
44558.5,-2.88,-2.88,1.42,0.62,10,545.77
44558.54,-0.11,-0.93,1.51,0.74,7.41,545.33
44558.58,-0.06,-0.66,1.56,0.97,7.16,544.6
44558.62,0.16,-0.44,0.97,1.28,7.42,544.44
44558.67,1.41,0.32,0.9,1.27,7.06,544.54
44558.71,1.5,0.35,1.15,1.16,7.08,544.79
44558.75,-1.12,-1.8,1.56,0.98,5.6,544.94
44558.79,-0.17,-1.13,0.71,0.69,5.67,545.29
44558.83,0.48,-0.78,0.71,2.99,5.77,546.22
44558.88,0.36,-0.79,0.94,2.37,6.08,546.46
44558.92,-0.37,-1.81,0.41,2.27,6.4,546.75
44558.96,-2.86,-3.53,0.2,0,6.79,547.01
44559,-3,-3.7,0.21,0.55,7.88,547.28
44559.04,-3.87,-4.35,0.3,0.46,8.6,547.06
44559.08,-4.43,-4.79,0.45,0.72,9.07,546.92
44559.12,-4.88,-5.11,0.28,1.04,9.32,546.92
44559.17,-5.79,-5.92,0.42,0.65,9.32,546.87
44559.21,-5.86,-6.07,0.44,0.61,9.44,546.71
44559.25,-9.74,-10.05,0.23,3.11,9.51,546.59
44559.29,-10.07,-10.58,0.18,2.32,9.15,547
44559.33,-8.96,-9.27,0.24,0.86,9.24,547.21
44559.38,-8.89,-9.27,0.2,1.79,10,547.75
44559.42,-4.99,-5.97,0.43,1.87,9.99,548.25
44559.46,-4.7,-5.07,0.73,1.19,9.91,548.86
44559.5,-4.62,-4.75,0.74,0.57,9.97,548.74
44559.54,-2.03,-3.49,0.65,3.04,9.66,548.22
44559.58,-2.15,-3.21,0.77,2.41,9.8,547.56
44559.62,-2.2,-3.15,1.01,2.3,9.68,547.14
44559.67,-2.17,-3.3,1.03,2.49,9.48,547.2
44559.71,-2.24,-3.32,1.04,3.01,8.62,547.22
44559.75,-3.89,-4.14,1.42,2.99,7.24,547.33
44559.79,-3.54,-4.02,1.01,0.49,6.77,547.89
44559.83,-3.49,-4.08,1.11,0.79,7.62,548.04
44559.88,-3.86,-4.57,0.83,0.64,9.24,548.11
44559.92,-4.92,-5.5,0.57,0.58,9.88,548.17
44559.96,-7.29,-7.56,0.25,0.93,10,548.48
44560,-8.05,-8.59,0.11,2.45,10,548.22
44560.04,-8.11,-8.75,0.1,2.76,10,548.16
44560.08,-8.7,-9.4,0.1,0.8,10,547.77
44560.12,-8.59,-9.07,0.13,0.22,10,547.59
44560.17,-8.9,-9.2,0.08,0.78,10,547.51
44560.21,-8.77,-9.28,0.13,2.27,9.95,547.31
44560.25,-9.01,-9.25,0.24,1.6,10,547.34
44560.29,-9.3,-9.55,0.23,1.4,9.83,547.19
44560.33,-9.8,-10.08,0.2,0.59,9.87,547.64
44560.38,-8.12,-8.39,0.24,0.63,10,548.06
44560.42,-4.34,-5.03,0.35,0.65,10,548.42
44560.46,-4.41,-4.45,0.38,1.45,9.93,548.7
44560.5,-3.98,-4.03,0.76,1.3,9.52,548.53
44560.54,-0.63,-1.41,0.85,1.57,9.08,548.04
44560.58,-0.43,-0.91,0.73,2.19,9.38,547.32
44560.62,-0.36,-0.8,1.07,2,9.7,546.86
44560.67,-0.29,-1.07,1,2.13,9.92,546.8
44560.71,0.22,-1.17,0.95,2.22,9.84,546.95
44560.75,-1.45,-2.71,1.49,2.19,8.92,546.75
44560.79,-0.94,-2.39,1.09,2.52,8.65,546.81
44560.83,-1.33,-2.43,1.12,0.16,8.4,547.42
44560.88,-1.6,-2.74,0.75,2.67,5.96,547.47
44560.92,-1.92,-2.94,0.51,2.72,7.03,547.7
44560.96,-4.06,-4.53,0.36,2.35,8.42,547.74
44561,-4.04,-4.3,0.43,1.51,8.63,547.59
44561.04,-4.25,-4.63,0.57,1.17,9.16,547.35
44561.08,-4.08,-4.63,0.58,1.22,9.4,546.74
44561.12,-3.88,-4.29,0.51,1.39,9.6,546.8
44561.17,-4.66,-4.92,0.5,1.87,8.87,546.54
44561.21,-6.12,-6.41,0.53,1.88,9.28,546.38
44561.25,-9.31,-9.72,0.66,1.12,8.56,546.38
44561.29,-8.99,-9.31,0.51,0.87,8.76,546.09
44561.33,-9.39,-9.86,0.29,0.82,8.92,546.65
44561.38,-7.61,-7.94,0.37,2.05,9.44,546.81
44561.42,-4.06,-4.99,0.59,1.27,9.92,546.97
44561.46,-3.45,-3.61,0.78,1.42,9.96,547.39
44561.5,-2.57,-2.57,0.93,1.61,9.87,547.1
44561.54,0.94,-0.46,0.93,1.71,9.43,546.55
44561.58,0.98,-0.23,0.85,1.83,7.02,545.86
44561.62,0.79,-0.35,0.7,2.08,7.14,545.44
44561.67,-0.07,-1.28,0.7,2.26,6.64,545.53
44561.71,0.59,-2.16,0.69,2.43,7.42,545.54
44561.75,-1.99,-3.96,1.35,3.01,7.12,545.79
44561.79,-2.19,-4.55,1.08,0.52,7.51,546.11
44561.83,-2.54,-5.56,1.55,0.53,8.04,546.92
44561.88,-3.28,-5.63,1.47,0.54,7.04,547.28
44561.92,-4.15,-5.93,1.44,0.79,8.2,547.77
44561.96,-5.7,-7.52,1.16,0.93,9.52,547.9
