$ met, >=6 hours missing data filled with DLS_2011_2015_met.csv,,,,,
2021,,,,,,
jday,tem,dew,windforce,windangle,cloud,pressure
44197,-3.82,-5.52,0.86,0.66,9.17,617.22
44197.04,-3.66,-5.51,0.67,0.64,9.15,616.92
44197.08,-3.79,-5.64,0.59,0.68,8.73,616.88
44197.12,-3.6,-5.58,0.46,0.42,8.24,616.54
44197.17,-4.19,-5.76,0.31,0.14,8.25,616.13
44197.21,-3.94,-5.66,0.35,0.06,7.17,615.82
44197.25,-3.63,-5.75,0.36,0.08,7.34,615.7
44197.29,-3.48,-5.73,0.31,2.79,6.93,615.71
44197.33,-3.26,-5.37,0.54,2.37,5.65,615.78
44197.38,-3.02,-5.75,0.61,1.93,4.58,616.12
44197.42,0.24,-4.47,0.79,1.65,4.1,616.09
44197.46,0.71,-4.47,0.9,1.6,2.97,615.85
44197.5,1.09,-4.11,0.85,2.03,2.51,615.4
44197.54,3.62,-3.48,0.97,2.71,1.43,614.42
44197.58,3.96,-3.56,1.21,2.96,1.11,613.63
44197.62,3.8,-3.29,1.46,3.01,3.82,612.82
44197.67,4.25,-2.83,1.7,3.01,2.15,612.36
44197.71,3.9,-2.76,1.68,0.07,1.74,612.26
44197.75,0.46,-1.51,1.66,0.29,1.18,612.3
44197.79,1.35,-2.65,1.82,0.56,1.28,612.92
44197.83,0.79,-2.7,1.77,0.55,1.99,613.68
44197.88,0.26,-2.39,1.49,0.51,3.48,613.92
44197.92,0.06,-2.21,1.41,0.52,5.19,614.34
44197.96,-1.73,-2.57,1.19,0.39,8.4,614.46
44198,-1.94,-2.51,0.86,0.15,10,614.37
44198.04,-1.7,-2.87,0.86,3,9.52,614.11
44198.08,-1.69,-3.26,0.88,2.93,8.24,613.77
44198.12,-1.59,-2.98,0.66,2.96,8.32,613.4
44198.17,-2.14,-3.2,0.91,2.95,7.92,613.07
44198.21,-2.42,-3.64,0.91,2.94,8.72,612.67
44198.25,-2.36,-3.66,1.03,2.26,9.2,612.57
44198.29,-2.32,-3.72,0.91,0.08,8.95,612.47
44198.33,-2.15,-3.83,0.8,0.09,9.43,612.72
44198.38,-1.88,-3.07,0.66,3.03,8.99,612.8
44198.42,0.44,-2.28,0.71,2.69,8.85,612.96
44198.46,0.86,-1.85,0.88,2.6,8.4,612.71
44198.5,1.35,-1.41,0.88,2.51,7.59,612.17
44198.54,4.12,-1.03,1.27,2.86,3.6,611.05
44198.58,3.75,-0.82,1.52,3.11,2.31,610.01
44198.62,3.43,-0.66,1.87,0.14,2.21,609.69
44198.67,3.98,-0.43,2.16,0.29,2,609.53
44198.71,2.91,-0.9,2.16,0.42,2.22,609.84
44198.75,-0.22,-2.55,1.89,0.64,3.13,610.29
44198.79,-1.47,-3.12,1.73,0.76,4.48,611.53
44198.83,-1.37,-3.19,1.44,0.62,9.99,612.87
44198.88,-1.66,-3.34,1.45,0.65,9.03,613.46
44198.92,-1.91,-3.66,1.47,0.59,8.72,614
44198.96,-2.43,-3.9,1.31,0.43,9.2,614.41
44199,-2.49,-4.19,1.18,0.47,9.04,614.51
44199.04,-3.39,-5.35,1.19,0.56,9.47,614.83
44199.08,-2.98,-5.41,1.02,0.58,9.68,614.56
44199.12,-2.85,-5.52,1.02,0.68,9.91,614.5
44199.17,-3.73,-6.16,1.1,0.75,9.99,614.55
44199.21,-2.87,-5.12,1.12,0.77,8.38,614.63
44199.25,-3.25,-5.22,1.18,0.75,9.91,614.91
44199.29,-3.2,-5.16,1.27,0.73,9.51,615.46
44199.33,-2.99,-4.88,1.05,0.88,8.8,616.13
44199.38,-3.11,-4.76,0.88,0.86,9.17,616.45
44199.42,-1,-4.25,0.82,0.95,8.5,616.82
44199.46,-1.17,-5.25,0.55,0.72,8.5,617.05
44199.5,-1.44,-5.32,0.46,0.01,6.22,616.36
44199.54,1.58,-4.67,0.55,2.78,6.86,615.46
44199.58,1.7,-4.52,0.99,2.81,3.39,614.32
44199.62,1.72,-4.25,1.11,2.86,2.12,613.65
44199.67,2.28,-3.88,1.22,2.99,1.47,613.24
44199.71,2.02,-3.92,1.41,0,1.13,613.19
44199.75,0.22,-2.88,1.49,0.4,0.08,612.99
44199.79,1.01,-4.25,2.1,0.63,0,613.75
44199.83,0.66,-4.62,1.6,0.64,0.03,614.59
44199.88,0.54,-4.5,1.49,0.8,0.47,614.88
44199.92,0.2,-4.18,1.04,0.37,0.83,615.11
44199.96,-1.33,-4.35,0.91,0.3,1.49,615.23
44200,-1.49,-4.28,0.78,0.1,2.78,615.2
44200.04,-2.1,-4.33,0.6,2.53,2.89,614.84
44200.08,-2.49,-4.31,0.59,1.97,1.97,614.47
44200.12,-2.89,-4.08,0.53,1.71,2.71,614.01
44200.17,-3.3,-3.92,0.89,1.65,2.81,613.48
44200.21,-3.25,-4.09,0.84,1.63,2.05,613.36
44200.25,-1.6,-3.82,1.07,1.6,8.48,612.52
44200.29,-1.48,-3.74,0.68,2.01,7.63,612.77
44200.33,-1.62,-3.72,0.67,2.9,7.21,613.28
44200.38,-2.06,-4.07,0.5,2.84,7.47,613.56
44200.42,0.62,-2.43,0.53,3.01,8.97,614.11
44200.46,0.83,-2.05,0.93,0.17,8.15,613.89
44200.5,0.82,-1.72,1.05,0.15,8.08,613.33
44200.54,3.75,-0.8,1.48,0.13,4.32,612.63
44200.58,4.33,-0.51,1.59,0.13,2.69,611.7
44200.62,4.16,-0.24,1.89,0.19,2.21,611.34
44200.67,4.43,0.07,2.01,0.27,2.4,611.18
44200.71,3.42,-0.31,1.97,0.43,2.52,611.57
44200.75,0.37,-1.7,1.82,0.49,3.32,612.04
44200.79,-1.38,-2.36,1.07,0.77,4.41,612.81
44200.83,-1.21,-2.03,0.92,0.65,8.38,613.7
44200.88,-1.07,-1.77,1.32,0.66,9.28,613.98
44200.92,-1.68,-2.1,1.34,0.61,9.76,614.36
44200.96,-1.67,-2.03,1.21,0.55,9.84,614.51
44201,-2.25,-3.02,1.24,0.6,8.48,614.69
44201.04,-2.27,-3.19,1.12,0.63,8.88,614.73
44201.08,-2.29,-3.5,1.01,0.61,8.96,614.72
44201.12,-2.13,-3.33,0.93,0.6,9.19,614.57
44201.17,-2.35,-3.44,0.89,0.61,9.17,614.76
44201.21,-2.37,-3.49,0.78,0.62,8.88,614.55
44201.25,-2.87,-4.45,0.9,3.07,9.58,614.38
44201.29,-2.61,-3.93,0.91,0.44,8.72,614.62
44201.33,-2.33,-3.73,0.93,0.76,9.21,615.36
44201.38,-2.37,-3.74,1.05,0.74,8.65,616.02
44201.42,-0.26,-3.23,1.18,0.65,8.83,616.26
44201.46,-0.15,-3.63,1.24,0.52,9.44,616.39
44201.5,-0.37,-3.61,1.22,0.38,9.6,615.75
44201.54,1.61,-3.08,1.35,0.28,9.42,615.12
44201.58,1.66,-3.08,1.51,0.22,7.6,614.19
44201.62,2.28,-2.22,1.56,0.19,10,613.5
44201.67,2,-1.73,1.57,0.25,9.84,613.3
44201.71,1.64,-1.59,1.69,0.4,9.6,613.48
44201.75,-0.45,-3.11,1.71,0.43,8.79,613.93
44201.79,-0.54,-2.36,1.4,0.7,9.54,614.27
44201.83,-1.17,-2.65,1.02,0.74,9.55,614.92
44201.88,-1.17,-2.73,1.4,0.7,9.25,615
44201.92,-1.47,-2.8,1.32,0.72,9.32,615.22
44201.96,-2.07,-3.05,1.25,0.83,9.41,615.49
44202,-2.25,-3.41,1.07,0.71,9.34,615.41
44202.04,-2.35,-3.48,0.86,0.6,9.28,615.15
44202.08,-2.16,-3.75,0.79,0.55,9.19,614.63
44202.12,-1.95,-3.35,0.72,0.45,9.79,614.21
44202.17,-1.91,-3.14,0.61,0.18,9.96,613.63
44202.21,-1.59,-2.99,0.66,2.86,9.94,613.17
44202.25,-1.29,-2.64,0.73,2.69,7.89,612.68
44202.29,-1.04,-2.58,0.57,0.02,6.83,612.8
44202.33,-0.97,-2.4,0.62,0.13,8.64,613.01
44202.38,-1.27,-2.68,0.99,0.17,9.25,613.24
44202.42,0.22,-2.88,1.16,0.36,9.68,613.26
44202.46,0.69,-2.82,1.12,0.19,10,613.22
44202.5,0.61,-2.83,1.03,0.06,10,612.33
44202.54,1.82,-2.21,1.32,0.21,9.91,611.6
44202.58,1.49,-2.26,1.46,0.29,10,610.54
44202.62,0.98,-2.09,1.58,0.38,10,610.16
44202.67,0.89,-1.64,1.82,0.42,10,610.08
44202.71,0.61,-1.67,1.85,0.49,10,610.31
44202.75,-0.51,-1.89,1.97,0.72,9.84,610.94
44202.79,-0.83,-1.89,1.68,0.78,10,611.58
44202.83,-0.49,-1.55,1.63,0.74,9.79,612.38
44202.88,-1.56,-2.38,1.51,0.87,9.71,612.63
44202.92,-1.82,-2.65,1.43,0.84,9.69,613.47
44202.96,-2.17,-3.22,1.27,0.89,9.62,613.76
44203,-2.27,-3.61,1.16,0.87,9.59,614.19
44203.04,-2.01,-3.4,1.03,0.91,9.57,614.22
44203.08,-1.35,-2.79,0.99,0.87,9.84,614.07
44203.12,-1.77,-2.97,0.9,0.83,9.8,613.81
44203.17,-1.23,-2.68,0.92,0.73,9.89,613.78
44203.21,-1.02,-2.42,0.9,0.72,9.83,613.56
44203.25,-1.5,-2.81,1.01,0.42,9.93,613.52
44203.29,-1.15,-2.49,1.11,0.52,9.92,613.25
44203.33,-1.2,-2.5,1.05,0.54,9.84,613.86
44203.38,-0.77,-1.77,1.13,0.47,9.15,614.2
44203.42,-0.81,-2.35,1.42,0.53,9.17,614.56
44203.46,-0.38,-1.94,1.48,0.51,9.18,614.78
44203.5,-0.52,-2.41,1.56,0.46,10,614.18
44203.54,-0.15,-2.2,1.72,0.39,10,613.09
44203.58,-0.33,-2.16,1.82,0.43,8.97,612.28
44203.62,-0.75,-2.15,1.84,0.55,9.57,611.83
44203.67,-1.26,-2.46,1.84,0.51,9.71,611.95
44203.71,-1.44,-2.73,1.82,0.56,9.46,612.34
44203.75,-2.9,-3.61,1.56,0.63,9.97,613.34
44203.79,-2.88,-3.75,1.89,0.81,9.94,613.82
44203.83,-2.9,-3.94,1.74,0.91,9.81,614.68
44203.88,-2.93,-4.16,1.69,0.98,10,615.81
44203.92,-3.2,-4.57,1.59,0.96,10,616.28
44203.96,-4.49,-5.9,1.56,0.94,10,616.65
44204,-4.41,-5.89,1.43,0.9,9.6,616.8
44204.04,-4.45,-6.23,1.34,0.8,9.04,616.99
44204.08,-4.1,-6.34,1.26,0.74,9.52,617.1
44204.12,-3.98,-6.51,1.18,0.71,8.56,616.64
44204.17,-4.33,-6.75,1.09,0.6,7.64,616.48
44204.21,-4.59,-7.54,0.98,0.41,8.8,616.15
44204.25,-4.34,-7.02,1.07,0.04,9.57,615.83
44204.29,-4.34,-7.16,1,0.28,9.43,616.25
44204.33,-4.37,-7.32,0.92,0.24,9.66,616.41
44204.38,-4.32,-7.25,1.02,0.21,8.35,616.8
44204.42,-2.81,-6.26,1.14,0.32,8.04,617.04
44204.46,-3.12,-6.66,1.26,0.35,9.14,617.29
44204.5,-2.98,-6.47,1.32,0.32,9.56,616.95
44204.54,-2.48,-7.06,1.37,0.27,9.58,615.95
44204.58,-2.12,-6.34,1.4,0.27,9.92,614.96
44204.62,-2.21,-6.37,1.48,0.24,9.99,614.05
44204.67,-2.59,-6.2,1.66,0.33,9.49,613.88
44204.71,-3.01,-6.21,1.6,0.3,7.84,613.73
44204.75,-4,-6.3,1.3,2.77,9.3,613.69
44204.79,-3.7,-6.19,1.44,0.39,9.35,613.8
44204.83,-3.8,-5.91,1.42,0.54,9.12,614.33
44204.88,-3.93,-5.71,1.37,0.66,9.59,614.53
44204.92,-3.88,-5.5,1.3,0.74,9.68,615.12
44204.96,-4.57,-5.63,1.18,0.64,8.93,615.3
44205,-4.72,-5.79,1.09,0.46,8.16,615.17
44205.04,-4.62,-6.01,1.14,0.5,8.77,615.22
44205.08,-4.53,-6.22,1.03,0.42,8.19,615.1
44205.12,-4.4,-6.29,1,0.33,7.9,614.79
44205.17,-4.39,-6.5,0.98,0.38,7.72,614.53
44205.21,-4.29,-6.33,0.94,0.33,8.27,614.05
44205.25,-4.34,-6.33,1.01,3.02,7.68,613.41
44205.29,-4.69,-6.66,1.23,0.31,9.09,613.98
44205.33,-4.46,-6.73,1.02,0.49,8.68,614.07
44205.38,-4.2,-6.53,0.98,0.52,9.57,614.54
44205.42,-3.09,-6.12,0.97,0.23,8.09,614.65
44205.46,-3.3,-6.47,1.02,2.74,9.45,614.61
44205.5,-3.25,-6.42,0.96,2.74,9.17,614.27
44205.54,-1.86,-6.13,1.04,3.12,8.69,613.1
44205.58,-2.26,-6.19,1.15,0.06,8.48,612.21
44205.62,-2.08,-5.84,1.42,0.15,9.1,611.44
44205.67,-1.74,-5.39,1.77,0.27,6.83,611.2
44205.71,-1.8,-5.05,1.62,0.38,6.21,611.54
44205.75,-4.12,-6.37,1.68,0.69,5.5,611.51
44205.79,-4.78,-6.59,1.84,0.8,5.74,612.6
44205.83,-4.64,-6.63,1.52,0.77,8.31,613.33
44205.88,-4.61,-6.51,1.48,0.82,7.92,614.31
44205.92,-4.48,-6.39,1.32,0.81,9.19,614.85
44205.96,-5.3,-7.2,1.16,0.66,8.95,615.24
44206,-5.19,-7.33,1.08,0.68,8.8,615.06
44206.04,-5.15,-7.34,1.02,0.75,9.43,615.2
44206.08,-5.07,-7.32,0.95,0.77,9.99,614.88
44206.12,-4.78,-7,0.93,0.75,9.13,614.58
44206.17,-5.27,-7.6,0.92,0.69,9.4,614.32
44206.21,-5.19,-7.52,0.85,0.44,8.53,613.79
44206.25,-5.12,-7.61,0.92,2.84,9.81,613.11
44206.29,-4.97,-7.54,1.02,0.14,8.94,613.19
44206.33,-4.82,-7.53,1.05,0.29,9.21,613.43
44206.38,-4.49,-6.98,1.06,0.36,8.83,613.91
44206.42,-3.38,-7.03,1.14,0.48,9.43,614.31
44206.46,-3.88,-7.44,1.18,0.43,9.61,614.82
44206.5,-4.04,-7.45,1.31,0.47,9.96,614.45
44206.54,-2.85,-7.16,1.57,0.6,9.48,613.65
44206.58,-3.35,-7.24,1.67,0.61,9,613.22
44206.62,-3.7,-7.1,1.71,0.63,8.11,612.64
44206.67,-3.85,-6.89,1.73,0.66,8.86,612.89
44206.71,-3.8,-6.9,1.79,0.71,8.76,613.25
44206.75,-5.28,-7.77,1.56,0.8,9.43,613.94
44206.79,-4.93,-7.55,1.61,0.83,9.24,614.72
44206.83,-4.73,-7.28,1.51,0.95,9.57,615.43
44206.88,-4.44,-6.97,1.51,0.93,9.2,616.49
44206.92,-4.24,-6.69,1.39,0.85,8.8,617.25
44206.96,-5.05,-7.62,1.4,0.92,8.23,617.98
44207,-4.74,-7.37,1.5,0.94,7.94,618.74
44207.04,-4.59,-7.17,1.62,0.97,9.34,619.1
44207.08,-4.28,-6.57,1.61,0.94,9.89,619.31
44207.12,-3.92,-6.11,1.53,0.99,9.1,619.45
44207.17,-4.33,-6.49,1.49,1.02,9.52,619.44
44207.21,-4.27,-6.24,1.58,0.99,9.46,619.39
44207.25,-4.49,-6.83,1.37,1,9.27,619.78
44207.29,-4.21,-6.29,1.32,0.66,9.35,619.53
44207.33,-4.13,-6.04,1.03,0.6,9.23,620.25
44207.38,-4.51,-6.13,0.99,0.52,8,620.89
44207.42,-3.38,-6.46,1.12,0.63,9.07,620.95
44207.46,-3.34,-7.1,1.2,0.76,8.95,621.28
44207.5,-3.08,-7.4,1.24,0.68,9.59,621.09
44207.54,-1.64,-7.55,1.18,0.61,8.41,620
44207.58,-1.32,-7.62,1.15,0.5,9.54,619.16
44207.62,-1.67,-7.88,1.22,0.46,9.39,618.26
44207.67,-1.49,-7.66,1.27,0.41,9.84,618.22
44207.71,-1.41,-7.6,1.36,0.37,7.39,618.08
44207.75,-2.66,-7.5,1.06,3.1,7.35,617.94
44207.79,-3.24,-6.57,1.14,2.92,5.16,618.42
44207.83,-2.71,-6.96,0.98,3.02,4.64,618.27
44207.88,-2.1,-7.6,0.93,0.1,6.19,618.74
44207.92,-2.21,-7.17,0.78,2.67,5.92,618.91
44207.96,-2.82,-6.86,0.79,1.71,6.02,619.05
44208,-3.24,-6.38,1.06,1.27,3.78,619.05
44208.04,-3.02,-6.49,1.24,1.12,2.49,618.87
44208.08,-2.98,-6.58,1.41,1.05,1.49,618.43
44208.12,-3.14,-6.6,1.59,1.03,0.9,617.75
44208.17,-3.85,-7.1,1.77,0.98,0.49,617.22
44208.21,-4.02,-7.06,1.93,0.96,0.76,616.52
44208.25,-4.53,-7.15,2.18,0.85,0.78,616.2
44208.29,-4.67,-7.32,2.29,0.95,1.65,615.8
44208.33,-4.48,-7.32,2.28,0.91,1.45,615.84
44208.38,-2.97,-6.99,1.81,0.87,0.53,615.81
44208.42,1.36,-5.33,1.75,0.9,0.01,615.87
44208.46,2.53,-5.22,1.65,0.94,0.51,615.68
44208.5,3.64,-5.03,1.39,1.01,0.34,615.1
44208.54,7.9,-3.91,1.13,1.17,0.57,613.74
44208.58,8.14,-3.81,0.97,1.54,1.37,612.55
44208.62,8.16,-3.74,1.04,1.98,0.88,611.52
44208.67,9.57,-3.15,1.14,2.27,0.8,610.82
44208.71,9.31,-3.21,1.07,2.6,0.08,610.57
44208.75,6.09,-4.32,0.8,0.13,1.25,610.81
44208.79,5.86,-4.25,1.02,0.17,0.56,610.65
44208.83,5.15,-4.02,0.69,3.01,0,610.75
44208.88,4.77,-3.54,0.32,2.69,0,611.24
44208.92,4.05,-3.17,0.41,2.19,0,611.51
44208.96,2.12,-2.52,0.46,1.8,0.12,611.72
44209,1.75,-2.53,0.72,1.29,0.01,611.78
44209.04,1.07,-2.66,0.91,1.12,0.03,611.86
44209.08,0.81,-2.77,0.87,0.92,0.32,611.57
44209.12,0.77,-2.91,0.93,0.93,0.82,611.42
44209.17,-0.06,-3.13,0.99,0.94,1.45,611.35
44209.21,0.14,-3.22,1.07,0.92,1.56,611.03
44209.25,-0.97,-3.78,1.35,0.75,1.33,610.42
44209.29,-1.13,-3.88,1.32,0.81,1.33,610.7
44209.33,-0.89,-3.72,1.31,0.73,1.33,611.31
44209.38,-1.5,-4.05,1.01,0.66,1.33,611.63
44209.42,3.02,-2.1,0.5,0.71,1.33,612.11
44209.46,4.51,-1.33,0.32,2.94,0.69,612.07
44209.5,5.3,-1.28,0.81,0.11,0.28,611.87
44209.54,9.09,-1.4,1.07,0.11,0.95,610.86
44209.58,9.14,-0.85,1.32,0.23,0.92,610.1
44209.62,9.2,-0.47,1.5,0.24,0.95,609.46
44209.67,10.53,0.09,1.61,0.27,1.91,609.29
44209.71,9.82,0.26,1.92,0.45,4.88,609.37
44209.75,3.7,-0.22,1.54,0.52,3.65,609.44
44209.79,2.46,-0.81,1.54,0.57,2.11,609.94
44209.83,3.88,-0.59,1.57,0.66,1.48,610.72
44209.88,3.85,-0.27,1.36,0.46,3.43,611.17
44209.92,3.49,0.08,1.16,0.28,4.23,611.85
44209.96,1.01,-0.47,0.95,0.09,4.3,612
44210,0.89,-0.29,0.65,2.91,4,612.36
44210.04,0.47,-0.39,0.48,1.92,6.15,612.45
44210.08,0.69,-0.21,0.63,1.34,9.71,612.51
44210.12,0.58,0.02,0.87,1.13,9.11,612.29
44210.17,-0.83,-0.83,1.13,1.06,9.36,612.27
44210.21,-1.22,-1.28,1.44,1.02,10,611.97
44210.25,-2.06,-2.06,1.56,0.79,10,611.92
44210.29,-1.92,-1.92,1.69,0.85,10,611.94
44210.33,-1.56,-1.6,1.59,0.79,9.81,611.84
44210.38,-1.4,-1.81,1.81,0.85,8.51,612.05
44210.42,4.31,-0.03,1.53,0.88,0.71,612.28
44210.46,5.02,0.46,1.32,1,0.01,612.41
44210.5,6.85,0.89,1.17,1.22,0.08,611.9
44210.54,12.8,1.55,1.11,1.5,0,611.04
44210.58,13.37,1.56,1.05,1.74,0,609.95
44210.62,13.68,1.51,1.11,2.14,0,609.41
44210.67,14.87,1.47,1.2,2.43,0,608.97
44210.71,14.77,1.38,1.16,2.64,0,609.14
44210.75,11.3,-0.02,1.15,2.57,0,609.07
44210.79,11.86,0.34,0.96,2.14,0,609.15
44210.83,11.51,0.37,1.13,1.59,0.08,609.62
44210.88,10.83,0.36,1.03,1.35,0,609.82
44210.92,9.45,0.53,1.01,1.21,0,610.33
44210.96,5.57,0.12,1.06,1.14,0,610.24
44211,5.07,-0.06,1.16,1.05,0,610.52
44211.04,4.26,-0.17,1.15,1.08,0.11,610.34
44211.08,3.9,-0.37,0.99,1.07,1.34,610.34
44211.12,3.89,-0.43,0.63,1.2,1.5,610.44
44211.17,3.12,-0.6,0.23,1.59,1.59,610.41
44211.21,2.65,-0.69,0.2,3.13,2.09,610.39
44211.25,1.4,-1.26,0.68,1.17,2,610.15
44211.29,1.08,-1.38,0.42,0.91,2,610.36
44211.33,1.03,-1.35,0.17,1.73,2.32,610.89
44211.38,0.04,-1.87,0.52,1.33,2.64,611.09
44211.42,5.07,0.75,0.52,0.16,2.4,611.36
44211.46,5.2,1.39,1.1,0.43,2.32,611.87
44211.5,5.63,1.84,1.3,0.47,2.1,611.58
44211.54,9.91,2.82,1.37,0.39,2.08,610.71
44211.58,10.03,3.12,1.57,0.42,1.81,609.72
44211.62,10.17,3.39,1.73,0.49,2.13,609.29
44211.67,10.73,3.57,1.9,0.54,2.45,609.16
44211.71,10.06,3.57,1.87,0.54,2.64,609.27
44211.75,4.53,1.72,1.06,0.52,3.68,609.48
44211.79,3.71,1.98,1.06,0.54,3.12,609.5
44211.83,5.04,2.05,1.01,0.61,3.12,609.94
44211.88,5.29,2.61,0.95,0.52,3.92,610.3
44211.92,4.23,2.36,1.09,0.43,5.44,610.89
44211.96,2.66,1.76,1.23,0.68,9.12,611.02
44212,2.05,1.38,1.33,0.75,10,611.43
44212.04,1.38,1.12,1.3,0.77,10,611.71
44212.08,1.97,1.46,0.68,0.71,10,611.89
44212.12,1.95,1.29,1.11,0.72,10,611.81
44212.17,1.39,0.75,1.04,0.74,10,612.11
44212.21,1.31,0.53,1.05,0.66,10,611.78
44212.25,1.03,0.47,1.11,0.66,9.99,612.11
44212.29,1.14,0.43,1.1,0.67,9.97,612.14
44212.33,1.36,0.57,0.96,0.55,10,612.58
44212.38,0.93,0.16,1,0.6,9.91,612.99
44212.42,1.22,0.27,1.14,0.67,9.68,613.48
44212.46,0.67,-0.47,1.3,0.64,9.16,613.71
44212.5,0.65,-0.55,1.49,0.66,9.1,613.47
44212.54,1.64,0.01,1.6,0.74,9.08,612.93
44212.58,1.67,0.1,1.57,0.75,9.65,612.33
44212.62,1.61,0.14,1.69,0.71,8.48,611.99
44212.67,1.15,-0.17,1.71,0.74,9.81,612.36
44212.71,1.09,-0.33,1.67,0.75,9.43,613.01
44212.75,0.36,-0.45,1.42,0.77,9.11,614.5
44212.79,0.71,-0.2,1.49,0.78,9.83,614.78
44212.83,0.88,-0.28,1.54,0.88,9.74,615.64
44212.88,1.27,0.01,1.56,0.99,9.23,616.51
44212.92,1.29,-0.23,1.22,1.09,9.59,617.41
44212.96,-0.39,-1.48,1.65,1.18,9.83,618.18
44213,-0.23,-1.57,1.85,1.21,10,619.04
44213.04,-0.77,-2.14,1.87,1.25,10,620.01
44213.08,-0.84,-2.17,1.92,1.28,10,620.52
44213.12,-0.95,-2.3,1.81,1.33,9.76,621.08
44213.17,-2.09,-3.4,1.64,1.36,9.65,621.25
44213.21,-2,-3.29,1.53,1.39,9.76,621.37
44213.25,-2.41,-4.04,1.35,1.24,9.62,621.09
44213.29,-2.45,-4.01,1.15,1.28,9.49,621.17
44213.33,-2.47,-3.93,0.86,1.22,9.53,621.25
44213.38,-2.26,-4.09,1.17,1.26,9.61,621.81
44213.42,-1.62,-4.16,1.25,1.2,9.14,621.7
44213.46,-1.51,-4.91,1.23,1.2,9.3,621.71
44213.5,-1.4,-4.96,0.99,1.17,9.59,621.41
44213.54,0.21,-5,0.89,1.27,9.69,620.21
44213.58,0.6,-4.82,0.77,1.38,9.67,619.33
44213.62,1.04,-4.94,0.63,1.31,9.49,618.43
44213.67,1.96,-5,0.64,0.96,9.47,617.99
44213.71,2.2,-5.21,0.7,0.82,8.85,617.85
44213.75,0.67,-5.61,0.43,3.11,5.91,618.19
44213.79,0.67,-4.09,1.06,2.81,7.61,618.06
44213.83,1.25,-5.42,0.87,2.09,7.21,618.23
44213.88,1.06,-5.35,0.73,1.83,9.01,618.04
44213.92,0.84,-5.06,0.72,1.52,8.39,618.18
44213.96,-0.25,-5.07,0.9,1.13,8.42,618.16
44214,-0.67,-5.22,1.21,1.09,9.01,618.06
44214.04,-1.2,-5.46,1.44,1.01,7.85,617.73
44214.08,-1.65,-5.54,1.51,0.96,4.89,617.32
44214.12,-1.83,-5.71,1.55,0.93,3.67,616.89
44214.17,-2.92,-6.16,1.55,0.9,2.13,616.63
44214.21,-3.08,-6.37,1.62,0.87,1.78,616.34
44214.25,-3.58,-6.81,1.76,0.83,0.72,616.38
44214.29,-3.69,-6.83,1.78,0.85,0,616.12
44214.33,-3.78,-6.84,1.83,0.83,0,616.2
44214.38,-3.16,-6.54,1.09,0.88,0,616.49
44214.42,2.4,-3.4,1.4,0.9,0,616.48
44214.46,3.69,-3.74,1.26,1.02,0,616.34
44214.5,4.69,-3.69,1.08,1.21,0,615.67
44214.54,9.39,-2.19,1.04,1.5,0,614.61
44214.58,9.72,-2.04,1.11,1.78,0,613.39
44214.62,10,-2.03,1.16,1.88,0,612.64
44214.67,11.27,-2.77,1.13,2.07,0,611.9
44214.71,11.2,-3.24,0.99,2.38,0,611.63
44214.75,7.9,-3.76,0.77,2.51,0,611.41
44214.79,8.35,-4.54,0.59,2.35,0,611.55
44214.83,7.71,-4.41,0.77,1.94,0,611.44
44214.88,7.17,-4.15,0.76,1.41,0,611.12
44214.92,6.09,-3.72,0.8,1.19,0,611.05
44214.96,2.79,-3.57,0.82,1.02,0.11,611.04
44215,2.09,-3.83,0.88,0.98,1.48,610.85
44215.04,1.04,-3.96,1.03,1.03,1.56,610.36
44215.08,0.85,-4.03,1.22,1.04,1.67,609.77
44215.12,0.53,-4.16,1.32,0.95,1.58,609.27
44215.17,0.28,-4.11,1.42,0.92,1.64,608.94
44215.21,0.39,-3.96,1.5,0.87,1.56,608.37
44215.25,0.03,-3.91,1.82,0.71,1.5,608.34
44215.29,0.48,-3.87,1.79,0.74,1.33,608.07
44215.33,0.51,-3.83,1.63,0.73,1.33,608.6
44215.38,-0.43,-3.78,1.25,0.77,1.5,608.82
44215.42,5.29,-0.71,0.95,0.86,1.39,609.16
44215.46,6.31,0.23,0.89,1.01,1.36,609.06
44215.5,7.03,1.05,0.87,1.09,1.34,608.59
44215.54,11.61,1.31,0.83,1.15,1,607.85
44215.58,11.92,1.76,0.76,1.13,1.95,606.93
44215.62,12.5,1.36,0.75,0.71,7.22,606.3
44215.67,11.94,0.53,0.37,2.4,1.89,606.22
44215.71,10.9,0.9,0.68,0.18,3.15,606.49
44215.75,9.3,-0.11,1.19,0.46,2.23,606.71
44215.79,9.7,0.14,1.53,0.52,2.08,607.06
44215.83,8.18,0.41,1.74,0.47,3.68,607.91
44215.88,6.39,0.96,1.67,0.55,5.12,608.07
44215.92,5.36,1.2,1.39,0.48,6.32,608.53
44215.96,3.19,0.7,1.24,0.53,7.52,608.91
44216,2.84,0.67,1.02,0.57,7.68,609.07
44216.04,1.81,0.37,0.84,0.55,10,609.11
44216.08,2.14,0.24,0.59,0.51,9.84,609.16
44216.12,2.06,-0.03,0.5,0.47,9.84,609.06
44216.17,1.14,-0.25,0.32,0.77,10,609.1
44216.21,1.51,-0.12,0.46,0.75,8.64,609.01
44216.25,1.37,0.24,0.81,0.83,9.68,609.29
44216.29,1.33,0.15,0.71,0.7,9.03,609.8
44216.33,1.13,-0.14,0.73,0.51,7.79,610.27
44216.38,0.52,-0.66,0.66,0.29,7.61,610.46
44216.42,1.98,-1.11,0.78,0.33,8.21,610.66
44216.46,2.08,-1.45,0.87,0.29,8.17,610.94
44216.5,1.97,-1.35,0.95,0.28,8.2,610.92
44216.54,4.15,-0.97,1.18,0.34,7.3,610.14
44216.58,4.38,-0.92,1.3,0.4,9.05,609.57
44216.62,4.21,-0.8,1.35,0.53,9.19,608.99
44216.67,2.8,-0.58,1.36,0.63,7.99,608.95
44216.71,2.5,-0.84,1.33,0.71,8.64,609.17
44216.75,1.15,-0.99,1.21,0.82,8.29,609.79
44216.79,1.66,-0.62,0.98,0.72,8.21,610.19
44216.83,1.67,-0.51,1.05,0.78,8.31,610.83
44216.88,1.82,-0.46,1.08,0.7,9.32,610.94
44216.92,1.6,-0.18,0.94,0.69,8.79,611.42
44216.96,0.61,-0.26,1,0.75,9.35,611.59
44217,0.72,-0.14,1.07,0.76,9.51,611.85
44217.04,0.97,-0.02,1.01,0.72,9.73,611.6
44217.08,1.18,-0.02,0.94,0.68,9.65,611.73
44217.12,1.25,-0.07,0.88,0.61,9.29,611.72
44217.17,0.47,-0.4,0.83,0.6,9.84,611.6
44217.21,0.51,-0.45,0.74,0.63,9.65,611.56
44217.25,0.4,-0.73,0.76,0.76,9.95,611.63
44217.29,0.38,-0.65,0.5,0.72,9.81,611.84
44217.33,0.68,-0.49,0.54,0.77,9.48,612.5
44217.38,0.31,-0.67,0.47,0.8,9.95,612.91
44217.42,2.39,-0.38,0.49,0.99,9.99,613.24
44217.46,2,-0.77,0.59,1.22,9.99,613.52
44217.5,1.92,-0.89,0.78,1.26,9.82,613.4
44217.54,4.2,-0.22,0.9,1.25,9.71,612.78
44217.58,3.81,0.11,1.07,1.21,9.35,612.05
44217.62,3.55,0.21,1.22,1.17,9.88,611.58
44217.67,4.23,0.36,1.25,1.17,9.25,611.57
44217.71,4.07,0.61,1.21,1.12,8.51,611.78
44217.75,1.85,0.77,0.86,1.07,7.87,612.46
44217.79,2.12,1.17,1.09,0.92,7.23,612.74
44217.83,2.28,0.96,0.72,0.81,7.47,613.32
44217.88,2.97,1.16,0.44,0.82,8.97,613.27
44217.92,2.9,1.26,0.39,2.09,9.61,613.49
44217.96,1.31,0.96,0.42,0.56,9.16,613.53
44218,1.27,1.1,0.3,1.02,7.93,613.59
44218.04,1.47,1.18,0.44,0.88,8.63,613.4
44218.08,1.93,1.5,0.55,0.96,8.59,613.21
44218.12,2,1.5,0.37,0.8,7.98,612.99
44218.17,1.67,1.18,0.44,0.51,7.91,612.77
44218.21,1.66,1.2,0.43,0.57,8.15,612.71
44218.25,1.13,0.25,0.53,0.45,9.59,612.69
44218.29,1.38,0.33,0.53,0.66,9.31,613.03
44218.33,1.49,0.28,0.9,1.09,6.81,613.38
44218.38,1.22,0.48,0.83,1.09,1.06,613.3
44218.42,6.16,1.78,1.02,1.01,0.56,613.36
44218.46,6.35,-0.8,1.21,0.96,0.48,613.28
44218.5,6.46,-1.68,1.23,0.84,0,612.91
44218.54,10.71,-2.43,1.2,0.77,0,611.73
44218.58,11.01,-1.63,1.1,0.77,0,610.72
44218.62,10.85,-0.94,1.12,0.67,0,609.85
44218.67,12.15,-0.63,1.06,0.55,0,609.67
44218.71,12.23,-0.65,0.91,0.38,0,609.73
44218.75,8.11,0.13,0.42,0.14,0,609.92
44218.79,10.14,-1.66,0.55,0.58,0.08,609.93
44218.83,9.19,-1.12,1.05,0.78,0,610.43
44218.88,8.53,-1.08,1.21,0.67,0,610.56
44218.92,7.31,-0.87,1.23,0.77,0,611.12
44218.96,3.58,-1.15,1.23,0.83,0,611.02
44219,2.92,-1.38,1.25,0.81,0,611.26
44219.04,1.97,-1.6,1.41,0.77,0,610.95
44219.08,1.15,-2.07,1.55,0.73,0.16,610.55
44219.12,-0.28,-2.64,1.7,0.74,0.32,610.07
44219.17,-1.67,-3.22,1.79,0.74,1.44,609.47
44219.21,-1.89,-3.38,1.86,0.75,1.53,608.96
44219.25,-2.59,-3.51,2.11,0.68,0.16,608.61
44219.29,-2.77,-3.86,2.02,0.73,0.26,608.27
44219.33,-2.75,-3.99,1.91,0.75,0.27,608.57
44219.38,-2.95,-4.43,1.65,0.68,0.24,608.53
44219.42,3.67,-0.85,1.34,0.72,0.23,608.73
44219.46,5.75,0.66,1,0.88,0.08,608.76
44219.5,7.16,1.76,0.88,0.98,0.89,608.17
44219.54,11.4,2.1,0.63,0.96,1.11,607.27
44219.58,11.58,2.58,0.4,0.98,1.33,606.27
44219.62,11.74,2.72,0.26,0.77,1.34,605.82
44219.67,12.36,2.95,0.4,1.61,1.48,605.54
44219.71,11.28,2.72,0.62,0.94,1.37,605.81
44219.75,8.91,3.62,1.16,0.67,2,606.45
44219.79,9.54,1.48,1.25,0.37,2.08,606.4
44219.83,8.49,2.14,1.02,0.51,2.96,606.78
44219.88,7.97,2.99,1.25,0.68,3.84,607.29
44219.92,7.39,3.59,1.34,0.63,6.48,607.92
44219.96,4.93,3.45,1.32,0.58,6.96,608.21
44220,4.18,3.15,1.38,0.48,8.32,608.66
44220.04,3.96,3.18,1.32,0.33,9.68,608.76
44220.08,3.9,2.97,0.99,0.32,10,608.31
44220.12,3.66,2.53,0.87,0.32,10,608.11
44220.17,2.84,1.99,0.91,0,10,607.59
44220.21,2.63,1.61,0.8,2.76,10,607.17
44220.25,2.16,1.38,0.72,2.75,10,607.39
44220.29,2.08,1.23,0.78,2.61,10,607.04
44220.33,1.96,1.32,0.94,2.76,10,607.4
44220.38,1.33,0.65,0.87,2.84,10,607.91
44220.42,3.62,1.27,1.07,0.28,10,607.96
44220.46,3.87,1.03,1.02,0.29,10,608.42
44220.5,4.2,1.35,1.13,0.23,10,608.06
44220.54,7.24,1.62,1.15,0.05,10,607.44
44220.58,8.42,2.83,1.16,0.05,10,606.54
44220.62,8.88,3.08,1.04,0.23,8.4,605.88
44220.67,10.52,3.45,1.67,0.39,6.4,605.75
44220.71,9.25,3.01,1.95,0.44,2.88,606.15
44220.75,6.2,2.77,1.63,0.48,2.56,606.61
44220.79,5.63,3.49,2.05,0.51,4.8,606.8
44220.83,5.65,3.71,1.59,0.65,6.56,607.99
44220.88,5.4,3.58,1.54,0.67,10,608.82
44220.92,4.46,2.8,1.56,0.67,10,609.52
44220.96,2.89,2.04,1.5,0.75,9.73,610.13
44221,3.04,1.83,1.35,0.75,9.99,610.6
44221.04,2.62,1.63,1.29,0.82,9.92,611.42
44221.08,2.55,1.42,1.28,0.87,9.84,611.63
44221.12,2.66,1.45,1.2,0.89,10,612.17
44221.17,1.72,1.12,1.19,0.98,10,612.44
44221.21,2.09,1.4,1.08,0.97,10,612.81
44221.25,1.65,1.25,0.97,0.82,9.85,613.15
44221.29,1.93,1.44,1.14,0.81,9.92,613.37
44221.33,2.19,1.63,1.12,0.81,9.79,614.14
44221.38,2.12,1.45,1.16,0.79,9.53,614.78
44221.42,3.13,1.01,1.29,0.86,9.03,615.23
44221.46,3.01,1.33,1.33,0.84,9.35,615.64
44221.5,2.79,0.85,1.38,0.88,8.44,615.71
44221.54,3.95,0.95,1.39,0.94,9.48,614.96
44221.58,3.58,0.57,1.35,0.98,9.35,614.28
44221.62,2.92,0.2,1.32,0.92,8.72,613.53
44221.67,3.99,0.71,1.32,0.9,8.94,613.29
44221.71,3.92,0.64,1.31,0.82,9.49,613.17
44221.75,1.64,-0.35,1.4,0.49,9.41,613.05
44221.79,1.99,0.42,0.99,0.65,8.84,612.7
44221.83,2.21,0.69,1.53,0.64,8,613.41
44221.88,2.61,0.93,1.32,0.53,8.99,613.65
44221.92,2.04,1.01,1.28,0.58,8.85,614.03
44221.96,1.14,0.75,1.37,0.7,8.43,614.15
44222,1.91,0.91,1.27,0.72,7.76,614.26
44222.04,1.27,0.66,1.05,0.65,7.2,614.25
44222.08,1.5,0.55,0.91,0.55,8.06,614.02
44222.12,1.46,0.25,0.9,0.48,7.92,613.73
44222.17,0.68,0.07,0.72,0.52,8.82,613.4
44222.21,0.58,-0.17,0.69,0.32,7.68,613.11
44222.25,-0.18,-0.69,0.66,2.87,9.01,612.88
44222.29,-0.06,-0.78,0.57,2.88,9.02,612.58
44222.33,0.08,-0.86,0.57,0.42,9.24,612.99
44222.38,-0.22,-1.13,0.84,0.54,8.93,613.22
44222.42,2.15,-0.65,1,0.55,9.01,613.69
44222.46,1.48,-1.38,1.03,0.43,9.99,613.5
44222.5,1.51,-1.98,1.02,0.34,9.95,613.37
44222.54,4.5,-1.37,0.97,0.15,10,612.29
44222.58,4.09,-1,0.98,0.03,10,611.27
44222.62,3.94,-0.79,1.05,3.04,10,610.39
44222.67,4.97,-0.47,1.4,0.06,9.6,609.74
44222.71,5.14,-0.23,1.97,0.36,2.32,609.37
44222.75,2.76,-1.34,1.82,0.5,2.64,609.47
44222.79,1.76,-0.58,1.77,0.66,3.75,609.74
44222.83,1.44,-0.48,1.64,0.66,5.04,610.48
44222.88,1.37,-0.35,0.84,0.7,9.19,610.74
44222.92,1.63,-0.31,1.18,0.72,9.76,611.05
44222.96,0.37,-0.81,1.19,0.73,8.84,611.32
44223,0.35,-0.75,1.11,0.75,8.39,611.6
44223.04,0.33,-0.93,1.12,0.71,8.67,611.56
44223.08,0.56,-1.03,1,0.77,8.52,611.53
44223.12,0.81,-1.07,0.89,0.8,9.32,611.44
44223.17,-0.59,-1.87,0.78,0.82,9.55,611.4
44223.21,-0.58,-1.65,0.79,0.81,9.85,611.22
44223.25,-0.45,-2.12,0.93,0.31,9.47,611.27
44223.29,-0.05,-1.64,0.71,0.44,9.24,611.45
44223.33,0.3,-1.51,0.85,0.52,8.89,612.04
44223.38,0.12,-1.38,0.87,0.49,9.8,612.55
44223.42,2.51,-1.09,0.89,0.57,9.35,612.91
44223.46,2.36,-1.78,1.04,0.66,8.03,613.28
44223.5,2.27,-2.02,1.2,0.7,9.11,613.34
44223.54,4.95,-1.98,1.3,0.66,8.75,612.65
44223.58,4.79,-1.67,1.46,0.66,8.72,612.15
44223.62,5,-1.3,1.7,0.66,9.69,612
44223.67,5.01,-0.72,1.81,0.69,9.68,611.85
44223.71,4.64,-0.59,1.93,0.69,9.07,612.36
44223.75,2.19,-1.44,1.99,0.71,9.65,612.85
44223.79,1.57,-1.01,1.28,0.85,8.96,613.4
44223.83,2.01,-0.77,1.09,0.82,7.71,614.82
44223.88,2.23,-0.6,1.38,0.86,7.23,615.42
44223.92,1.94,-0.22,1.1,0.74,8.7,616.33
44223.96,0.09,-1.24,1.27,0.65,7.62,616.76
44224,0.37,-1.26,1.01,0.68,8.14,617.36
44224.04,0.32,-0.62,0.7,0.84,7.89,617.56
44224.08,0.83,-0.75,0.43,1.05,7.9,617.52
44224.12,0.75,-0.4,0.17,2,7.89,617.57
44224.17,0.39,-1.37,0.26,3.01,7.18,617.44
44224.21,0.41,-1.19,0.33,1.24,7.3,617.09
44224.25,-0.38,-1.22,0.62,1.56,9.37,616.96
44224.29,-0.11,-1.04,0.71,1.46,9.32,616.77
44224.33,-0.09,-1.11,0.61,1.5,7.85,617.28
44224.38,-0.43,-1.41,0.71,1.2,9.67,617.63
44224.42,2.85,-0.9,0.51,1.65,5.24,618.21
44224.46,2.64,-1.61,0.71,2.66,6.58,617.97
44224.5,2.99,-2.59,0.86,3,8.75,617.67
44224.54,6.31,-1.7,0.92,0.1,9.53,616.83
44224.58,6.06,-1.65,1.04,0.15,9.43,615.65
44224.62,5.93,-1.56,1.33,0.26,9.77,615.13
44224.67,5.89,-1.55,1.51,0.29,9.67,614.61
44224.71,4.94,-1.39,1.77,0.46,9.27,614.61
44224.75,2.42,-2.91,1.59,0.63,4.53,614.32
44224.79,2.23,-1.55,1.66,0.78,1.39,614.47
44224.83,2.38,-1.73,1.58,0.66,0.75,615.12
44224.88,3.14,-2.11,1.29,0.54,2.47,615.54
44224.92,3.07,-1.59,1.06,0.6,4.27,615.59
44224.96,1.3,-1.21,1.03,0.56,6.09,615.61
44225,1.48,-1.26,0.76,0.26,6.63,615.46
44225.04,1.48,-0.81,0.62,0.02,8.09,615.28
44225.08,1.67,-0.67,0.41,3.05,8.49,614.99
44225.12,1.74,-0.69,0.2,2.52,9.85,614.34
44225.17,1.42,-0.64,0.25,2.09,8.76,613.93
44225.21,1.64,-0.56,0.42,1.59,8.67,613.3
44225.25,1.18,-0.62,0.74,1.35,8.65,613.24
44225.29,1.35,-0.33,0.71,1.83,8.19,612.68
44225.33,1.44,-0.54,0.42,2.6,7.38,613.04
44225.38,1.09,-0.64,0.37,3.02,7.47,613.08
44225.42,3.67,0.36,0.51,3.1,7.89,613.28
44225.46,3.88,0.21,0.83,3.09,9.85,613.15
44225.5,4.15,0.37,0.94,2.83,10,612.84
44225.54,7.06,0.99,1.04,2.76,9.2,611.85
44225.58,7.18,1.08,0.99,2.8,7.76,610.76
44225.62,7.65,1.46,1.57,0.23,7.6,610.02
44225.67,7.72,1.65,2.28,0.41,3.48,609.67
44225.71,6.21,1.86,2.36,0.52,2.62,609.99
44225.75,2.67,0.52,2.01,0.69,4.7,609.92
44225.79,2.03,0.89,1.39,0.81,7.76,610.74
44225.83,2.31,1.1,1.63,0.75,9.76,612
44225.88,2.23,0.92,1.46,0.75,9.69,612.45
44225.92,2.05,0.58,1.41,0.82,9.59,613.22
44225.96,0.18,-0.68,1.32,0.81,9.17,613.5
44226,0.2,-0.69,1.22,0.82,9.48,613.81
44226.04,0.05,-0.58,1.06,0.74,9.25,613.71
44226.08,0.39,-0.48,0.94,0.72,9.33,613.77
44226.12,0.62,-0.41,0.92,0.74,9.17,613.75
44226.17,0.01,-0.77,0.81,0.84,9.23,613.54
44226.21,-0.09,-0.85,0.71,0.74,9.09,613.52
44226.25,0.47,-0.58,0.67,0.49,9.57,613.96
44226.29,0.27,-0.59,0.76,0.26,9.89,613.55
44226.33,-0.47,-1.42,0.73,0.23,9.23,614.16
44226.38,-0.29,-1.17,0.84,0.28,8.43,614.62
44226.42,3.08,-0.76,0.81,0.44,8.4,614.89
44226.46,2.86,-1.4,0.79,0.42,8.19,614.8
44226.5,2.58,-1.55,0.84,0.43,9.23,614.39
44226.54,5.12,-1.93,0.8,0.17,10,613.44
44226.58,5.46,-1.57,0.83,0.11,8.56,612.54
44226.62,5.6,-1.36,1.19,0.16,10,611.74
44226.67,5.89,-0.95,1.43,0.16,9.28,611.3
44226.71,5.88,-0.77,1.87,0.41,8.72,611.37
44226.75,3.52,-1.32,1.66,0.61,3.36,611.35
44226.79,2.86,-0.01,1.71,0.57,2.79,611.66
44226.83,2.72,-0.01,1.65,0.64,4.26,612.28
44226.88,3.07,0.63,1.56,0.74,8.97,612.8
44226.92,3.1,0.35,1.27,0.78,9.77,613.06
44226.96,1.19,0.05,0.94,0.82,8.92,613.31
44227,1.05,0.1,1.07,0.89,8.38,613.62
44227.04,0.89,0.18,0.95,0.91,9.28,613.41
44227.08,0.87,0.11,0.89,0.88,9.63,613.53
44227.12,1.03,0.07,0.82,0.88,9.23,613.33
44227.17,0.72,-0.15,0.79,0.97,9.39,613.27
44227.21,0.7,-0.16,0.78,0.91,9.25,613.01
44227.25,0.27,-0.58,0.96,0.67,9.16,613.3
44227.29,0.46,-0.46,0.83,0.79,8.68,613.09
44227.33,0.35,-0.26,0.85,0.73,9.43,613.48
44227.38,0.46,-0.68,0.94,0.63,9.5,613.75
44227.42,2.79,-0.49,0.79,0.27,8.79,613.9
44227.46,2.95,-1.52,0.72,0.52,8.38,613.87
44227.5,2.92,-1.57,0.54,0.21,9.35,613.4
44227.54,6.01,-1.68,0.53,2.95,9.52,612.47
44227.58,6.42,-1.4,0.67,3.12,9.12,611.51
44227.62,6.35,-0.96,1.15,0.14,9.68,610.69
44227.67,7.77,-0.38,1.53,0.17,9.92,610.42
44227.71,7.88,0.03,1.92,0.53,9.57,610.36
44227.75,4.46,-1.14,1.98,0.92,6.96,611.28
44227.79,3.03,-0.25,1.46,0.69,5.83,611.5
44227.83,3.17,0.19,1.02,0.74,5.11,612.61
44227.88,2.94,0.45,0.94,0.75,7.13,612.96
44227.92,2.97,0.97,1.29,0.74,8.79,613.73
44227.96,1.73,0.45,1.13,0.67,9.81,614.12
44228,2.18,0.68,0.88,0.5,9.43,614.42
44228.04,1.61,0.27,0.59,0.48,8.37,614.45
44228.08,1.59,0.35,0.23,0.38,8.78,614.49
44228.12,1.7,0.37,0.45,1.25,8.97,614.21
44228.17,1.25,-0.16,0.68,1.16,7.54,613.98
44228.21,0.82,-0.35,0.92,1.24,6.28,613.46
44228.25,-0.58,-1.91,0.79,1.19,7.63,613.52
44228.29,-0.5,-1.87,1.25,0.97,5.88,613.02
44228.33,-0.54,-1.54,1.15,0.89,5.43,613.8
44228.38,0.35,-1.37,0.93,0.89,5.13,614.12
44228.42,5.58,0.69,0.77,0.88,4.24,614.42
44228.46,5.57,0.45,0.37,1.36,4.37,614.48
44228.5,6.33,1.45,0.62,0.13,4.08,614.04
44228.54,11.37,1.46,1,0.26,5.64,613.29
44228.58,12.02,1.14,1.01,0.15,7.44,612.41
44228.62,12.41,1.7,1.22,3.04,6.87,611.77
44228.67,13.24,1.59,1.79,0.12,8.24,611.51
44228.71,12.5,1.99,2.05,0.53,3.37,611.54
44228.75,6.24,1.04,1.76,0.67,1.59,611.32
44228.79,4.72,1.69,2.22,0.59,2.48,611.94
44228.83,3.77,1.17,2,0.59,5.12,612.72
44228.88,4.76,1.77,1.7,0.69,9.04,613.41
44228.92,5.01,1.71,1.07,0.67,9.89,614.05
44228.96,3.32,1.82,1.16,0.61,9.97,614.47
44229,3.39,1.9,1.02,0.62,10,614.74
44229.04,2.93,1.96,0.9,0.62,10,614.64
44229.08,3.11,2.11,0.88,0.56,10,614.52
44229.12,3.11,2.03,0.79,0.63,10,614.17
44229.17,2.36,1.75,0.72,0.67,9.99,614.41
44229.21,2.14,1.24,0.72,0.68,9.92,614.16
44229.25,1.88,1.14,0.35,2.89,9.97,614.25
44229.29,1.94,1,0.44,1.75,9.99,614.42
44229.33,1.53,0.69,0.47,1.42,7.92,614.67
44229.38,1.59,0.09,0.76,1.07,7.55,615.1
44229.42,5.37,1.37,0.71,1.38,9.6,615.31
44229.46,5.59,1.7,0.71,2.01,9.91,615.62
44229.5,6.2,2.03,0.63,2.66,9.99,615.2
44229.54,9.99,2.28,0.69,2.93,7.76,614.41
44229.58,10.25,2.34,0.86,0.12,10,613.46
44229.62,10.2,2.53,1.54,0.34,8.4,612.68
44229.67,9.55,3.52,2.2,0.45,8.05,612.59
44229.71,8.68,3.86,2.24,0.57,9.12,612.7
44229.75,4.8,2.19,1.91,0.71,6.72,612.92
44229.79,4.92,2.63,1.2,0.64,10,613.3
44229.83,5.13,2.87,1.31,0.66,10,614.15
44229.88,5.15,2.93,1.22,0.64,10,614.55
44229.92,5.14,3.17,1.08,0.64,10,614.95
44229.96,3.04,2.5,0.95,0.61,10,615.21
44230,3.12,2.26,0.54,0.37,10,615.19
44230.04,2.76,1.78,0.42,2.26,9.97,614.88
44230.08,2.84,1.7,0.72,1.5,9.05,614.42
44230.12,2.56,1.37,0.63,1.31,9.2,614.15
44230.17,2.22,1.2,1.11,1.13,9.04,613.65
44230.21,2.97,1.51,1.17,1.14,8.47,613.48
44230.25,2.24,1,1.42,1.11,7.46,613.24
44230.29,2.57,0.61,1.54,1.11,7.35,613.16
44230.33,2.4,0.01,1.42,1.04,5.29,613.64
44230.38,2.28,0.32,1.01,0.96,3.31,614.16
44230.42,7.14,3.01,0.59,1.36,3.22,614.51
44230.46,7.89,2.41,0.58,2.88,3.74,614.75
44230.5,8.52,3.1,1.09,0.15,2.54,614.45
44230.54,12.54,3.42,1.49,0.22,2.17,613.71
44230.58,12.77,3.29,1.5,0.25,8.15,613.02
44230.62,12.7,3.11,1.61,0.25,9.99,612.28
44230.67,12.67,3.46,2.41,0.42,7.09,612.38
44230.71,11.16,4.02,2.41,0.56,2.56,612.39
44230.75,5.8,2.56,2.1,0.65,3.44,612.75
44230.79,5.53,3.29,1.26,0.64,5.12,613.01
44230.83,5.66,3.61,1.52,0.61,10,613.78
44230.88,5.95,3.79,1.41,0.59,10,614.37
44230.92,5.41,4,1.3,0.61,10,614.72
44230.96,3.71,2.98,1.28,0.63,9.87,614.93
44231,3.15,2.35,1.28,0.64,9.93,614.82
44231.04,2.87,2.1,0.98,0.47,9.99,614.69
44231.08,2.94,1.99,0.88,0.33,10,614.19
44231.12,2.97,1.82,0.81,0.24,10,613.97
44231.17,2.27,1.45,0.68,0.04,9.84,613.68
44231.21,3.01,2.07,0.55,2.86,10,613.39
44231.25,2.71,1.58,0.89,1.77,9.2,613.52
44231.29,3.01,1.67,0.95,1.71,8.56,613
44231.33,3.5,1.96,0.77,1.58,9.12,613.46
44231.38,3.27,1.61,0.87,1.87,8.88,613.82
44231.42,5.44,2.27,0.75,1.72,10,613.82
44231.46,5.49,1.83,0.66,1.94,8.24,613.79
44231.5,5.79,2.44,0.7,2.75,8.11,613.26
44231.54,8.7,2.91,1.12,0.16,3.18,612.37
44231.58,10.28,3.04,1.47,0.25,2.09,611.53
44231.62,10.67,3.27,1.68,0.3,2.16,610.86
44231.67,10.77,3.5,2.27,0.45,1.36,610.62
44231.71,9.61,3.79,2.5,0.53,2.36,610.83
44231.75,5.16,1.97,2.33,0.57,4.56,611.27
44231.79,4.97,2.24,1.64,0.76,8.48,611.77
44231.83,4.81,2.31,1.68,0.8,10,612.74
44231.88,5.25,3.12,1.61,0.79,9.93,613.52
44231.92,4.55,2.46,1.47,0.73,10,614.1
44231.96,3.2,1.83,1.3,0.76,10,614.42
44232,2.13,0.98,1.17,0.8,10,614.61
44232.04,1.92,0.84,1.15,0.86,10,614.66
44232.08,2.04,0.87,1.02,0.8,9.84,614.59
44232.12,1.88,0.76,0.86,0.79,10,614.59
44232.17,1.2,0.77,0.79,0.74,9.81,614.47
44232.21,2.02,1.36,0.65,0.55,9.53,614.38
44232.25,1.84,1.17,0.63,0.08,9.54,614.39
44232.29,2.11,1.36,0.75,0.41,9.55,614.64
44232.33,1.58,0.67,0.79,0.57,9.29,615.56
44232.38,2.32,1.09,0.84,0.5,8.79,616.08
44232.42,4.92,0.58,0.59,0.34,9.52,616.34
44232.46,5.28,0.68,0.52,0.24,9.25,616.6
44232.5,4.86,0.26,0.55,3.01,9.09,616.3
44232.54,8.31,0.58,0.73,3,9.2,615.56
44232.58,8.4,0.74,0.91,3.11,9.37,614.36
44232.62,8.92,0.82,1.13,0.08,9.66,613.57
44232.67,10.74,0.95,1.27,0.03,9.79,612.78
44232.71,10.75,0.88,1.78,0.23,7.29,612.79
44232.75,5.84,-0.56,1.64,0.28,0.16,612.27
44232.79,6.39,-0.06,1.74,0.48,0.05,612.5
44232.83,6.91,0.3,1.69,0.55,0.09,612.9
44232.88,6.95,0.79,1.55,0.48,0.34,613.4
44232.92,6.34,1.54,1.35,0.4,0.37,613.69
44232.96,3.95,1.4,1.01,0.34,2.69,613.73
44233,3.5,1.44,0.78,0.36,3.92,613.5
44233.04,3.05,1.64,0.56,3.1,4.54,613.35
44233.08,3.03,1.99,0.4,2.33,5.99,613.03
44233.12,3.06,2.15,0.31,1.45,5.64,612.69
44233.17,1.92,1.42,0.49,1.14,8.7,612.27
44233.21,2.23,1.58,0.67,1.09,8.74,611.94
44233.25,1.05,0.89,1.12,1,8.87,612.02
44233.29,0.95,0.79,1.21,1.02,8.38,611.84
44233.33,1.45,1.23,1.26,1,6.19,612.04
44233.38,1.08,0.74,1.24,1.07,4.68,612.41
44233.42,5.08,1.75,1.1,1.15,4.03,612.35
44233.46,5.83,1.45,0.85,1.49,2.19,612.5
44233.5,6.63,2.34,0.81,2.11,0.73,611.77
44233.54,12.44,3.22,0.95,2.52,0.79,610.89
44233.58,13.35,3.55,1.31,2.67,0.03,609.84
44233.62,14.28,3.85,1.49,2.83,0.01,608.96
44233.67,15.46,3.15,1.66,3.01,0,608.64
44233.71,14.71,3.43,1.83,0.07,0.01,608.76
44233.75,11.24,3.15,1.41,0.35,1.31,608.77
44233.79,8.6,3.48,2.04,0.43,0.64,609.26
44233.83,7.94,4.02,2.14,0.57,2.27,610.28
44233.88,7.39,4.28,1.92,0.59,5.2,611.23
44233.92,5.58,3.61,1.59,0.62,7.44,611.76
44233.96,3.64,3.43,1.47,0.67,9.28,612.07
44234,3.45,3.06,1.26,0.69,10,612.42
44234.04,3.38,2.8,1.12,0.65,10,612.21
44234.08,3.47,2.62,0.97,0.56,10,612.36
44234.12,3.61,2.48,0.93,0.51,9.99,612.18
44234.17,2.12,1.72,0.93,0.51,10,612.28
44234.21,2.33,1.71,0.85,0.47,10,612.22
44234.25,1.62,1.28,0.77,0.69,10,612.2
44234.29,1.84,1.42,0.58,0.74,10,612.53
44234.33,1.96,1.52,0.58,0.66,10,613.17
44234.38,1.19,0.94,0.83,0.45,10,613.84
44234.42,4.44,2.77,0.97,0.52,10,614.29
44234.46,4.03,1.82,1.05,0.5,10,614.6
44234.5,4.11,2.36,1.26,0.47,10,614.17
44234.54,8.08,3.71,1.49,0.44,10,613.64
44234.58,8.78,3.84,1.79,0.56,10,612.84
44234.62,8.95,4.1,1.84,0.58,10,612.45
44234.67,8.33,4.01,1.82,0.74,10,612.52
44234.71,8.1,3.82,1.72,0.88,10,612.94
44234.75,5.2,1.53,1.29,0.89,9.99,612.97
44234.79,5.92,1.97,1.29,0.69,9.97,613.77
44234.83,5.88,1.56,1.12,0.99,9.11,614.15
44234.88,6.13,1.58,1.27,0.97,8.67,614.92
44234.92,5.98,1.56,1.13,0.82,9.78,615.49
44234.96,4.62,1.87,1.11,1.19,9.96,615.96
44235,4.5,2.06,0.89,1.27,9.92,616.2
44235.04,4.73,2.04,0.71,1.05,9.73,616.38
44235.08,4.94,2.08,0.52,1.16,9.9,616.4
44235.12,5.35,1.75,0.45,1.55,9.77,616.25
44235.17,4.76,1.47,0.57,2.5,9.67,616.1
44235.21,4.95,1.33,0.65,0.17,9.92,615.91
44235.25,4.19,1.38,0.47,0.89,9.85,615.6
44235.29,4.16,1.44,0.78,0.64,9.99,615.92
44235.33,4.36,1.26,1.23,0.73,10,616.48
44235.38,4.26,1.28,0.95,0.39,10,616.51
44235.42,6.71,0.63,0.67,0.72,10,616.77
44235.46,6.81,0.45,0.47,1.54,10,617.24
44235.5,7.47,0.56,0.66,0.2,10,617.1
44235.54,9.48,0.27,1.01,0.43,10,616.54
44235.58,9.88,-0.08,1.24,0.48,10,616.12
44235.62,9.99,-0.12,1.31,0.55,10,615.52
44235.67,9.93,-0.03,1.35,0.65,10,615.33
44235.71,9.73,-0.5,1.24,0.75,10,615.14
44235.75,7.68,-0.9,1.1,0.46,10,614.96
44235.79,8.39,-1.22,1.33,0.32,10,615.4
44235.83,8.34,-1,0.95,0.75,9.8,615.76
44235.88,8.16,-0.74,0.76,0.95,10,616.09
44235.92,7.7,-0.48,0.43,3.09,10,615.87
44235.96,6.09,-0.31,0.46,1.63,10,616.11
44236,5.92,-0.33,0.34,0.98,10,615.94
44236.04,5.6,-0.03,0.36,0.81,9.99,615.42
44236.08,5.31,-0.07,0.34,0.45,9.62,615.28
44236.12,5.15,-0.04,0.36,1.09,10,614.81
44236.17,4.22,-0.41,0.47,0.47,10,614.81
44236.21,4.16,-0.36,0.42,0.6,10,614.35
44236.25,4.04,-0.55,0.47,1.01,10,613.84
44236.29,4.17,-0.44,0.83,1.06,10,613.99
44236.33,4.11,-0.35,0.59,0.99,10,614.4
44236.38,3.36,-0.26,0.27,0.45,9.92,614.7
44236.42,6.24,0.72,0.42,0.34,9.84,614.74
44236.46,6.77,1.55,0.72,0.12,5.55,614.97
44236.5,7.35,2.07,0.83,0.4,5.45,614.72
44236.54,10.21,1.76,1.27,0.59,6.71,613.66
44236.58,10.21,1.14,1.5,0.53,9.61,612.8
44236.62,10.16,1.17,1.52,0.32,9.97,612.18
44236.67,9.99,1.85,1.53,0.28,10,611.8
44236.71,9.86,1.66,1.45,0.26,10,611.77
44236.75,8.55,1.54,1.47,0.13,10,611.91
44236.79,7.17,2.51,1.55,0.13,10,611.89
44236.83,7.36,2.35,1.2,0.32,10,612.43
44236.88,7.81,2.14,1.05,0.74,9.99,612.65
44236.92,7.48,2.51,1.09,0.91,9.8,613.32
44236.96,5.49,2.39,0.96,0.84,8.5,613.38
44237,5.14,2.5,0.84,1.09,3.7,613.5
44237.04,4.44,2.33,0.5,1.62,2.27,613.46
44237.08,4.32,2.48,0.39,0.2,4.16,613.25
44237.12,4.44,2.66,0.29,0.76,6.88,613.11
44237.17,3.41,2.14,0.21,1.4,5.52,612.82
44237.21,3.3,2.23,0.17,1.1,10,612.77
44237.25,1.47,1.3,0.7,0.79,10,613.11
44237.29,1.96,1.78,0.79,0.79,10,612.92
44237.33,1.65,1.53,0.86,0.87,9.84,613.18
44237.38,1.15,1.12,0.89,0.97,10,613.58
44237.42,5.15,2.82,0.96,1.12,8.65,613.85
44237.46,5.7,3.18,0.64,1.65,7.04,613.78
44237.5,6.04,3.4,0.75,2.24,6.42,613.62
44237.54,11.19,3.3,0.98,2.61,0.29,612.69
44237.58,12.01,3.2,1.18,2.79,0.4,611.78
44237.62,12.38,3.24,1.35,2.94,0,610.91
44237.67,14.03,2.75,1.63,3.07,0.08,610.46
44237.71,13.76,2.51,1.67,0.01,4.41,610.18
44237.75,10.22,2.34,1.41,0.2,7.63,610.07
44237.79,10.86,1.4,1.7,0.31,8.49,609.76
44237.83,11.08,1.68,1.6,0.37,7.86,610.41
44237.88,10.81,1.79,1.5,0.61,7.28,611.11
44237.92,9.66,2.3,1.46,0.65,5.29,611.67
44237.96,6.88,2.36,1.3,0.71,2.49,611.71
44238,6.73,2.66,1.24,0.88,0.78,611.83
44238.04,6.34,3.02,1.13,0.79,1.82,611.78
44238.08,6.48,3.32,0.94,0.91,3,611.83
44238.12,6.3,3.52,0.73,0.88,4.4,611.54
44238.17,5.34,3.62,0.48,0.52,5.05,611.24
44238.21,5.11,3.75,0.39,0,9.73,611.13
44238.25,4.96,3.98,0.1,2.09,10,611.1
44238.29,5,4.16,0.46,1.52,10,611.25
44238.33,5.23,4.29,0.24,2.23,10,611.76
44238.38,4.06,3.17,0.71,0.7,10,612.47
44238.42,6.9,4.22,1.08,0.72,10,612.95
44238.46,6.13,3.93,1.41,0.75,10,613.31
44238.5,5.97,3.67,1.61,0.71,10,613.55
44238.54,7.96,4.05,1.82,0.66,10,612.99
44238.58,7.74,4.39,1.88,0.63,9.92,612.3
44238.62,7.45,4.55,1.86,0.54,9.28,611.83
44238.67,7.61,4.85,1.72,0.53,10,611.33
44238.71,7.67,5.03,1.51,0.66,10,611.54
44238.75,5.26,4.07,1.25,1.03,10,612.18
44238.79,5.62,4.15,0.91,0.96,9.99,612.31
44238.83,5.93,4.42,0.77,0.87,9.97,612.74
44238.88,6.26,4.76,0.63,0.85,9.56,612.85
44238.92,6.29,5.12,0.33,1.47,9.73,613.33
44238.96,4.85,4.34,0.21,2.03,9.67,613.34
44239,4.8,3.99,0.09,3.1,9.66,613.49
44239.04,4.43,3.7,0.41,1.12,9.52,613.38
44239.08,4.3,3.44,0.69,0.89,9.37,613.21
44239.12,4.21,3.22,0.94,1.18,9.09,612.9
44239.17,3.68,2.96,0.98,0.9,8.99,612.64
44239.21,3.49,2.58,1.08,1.05,8.52,612.36
44239.25,3.48,2.79,0.97,0.93,8.39,612.28
44239.29,3.27,2.28,1.44,0.87,7.49,612.29
44239.33,3.11,1.99,1.32,0.87,6.51,612.61
44239.38,3.45,2.31,1.15,0.77,5.35,612.95
44239.42,7.86,3.76,1.09,0.79,0.65,613.01
44239.46,8.47,4.15,0.87,0.89,0,613.11
44239.5,9.81,3.85,0.65,1.12,0.32,612.75
44239.54,14.61,3.24,0.55,0.95,4.95,611.98
44239.58,14.64,3.63,0.39,0.76,9.55,610.98
44239.62,14.6,3.65,0.28,0.14,10,610.19
44239.67,15.75,3.77,1.24,0.17,9.2,609.85
44239.71,15.05,4.22,1.56,0.16,7.5,609.7
44239.75,11.43,3.79,1.66,0.28,6.58,609.89
44239.79,10.39,5.43,1.95,0.36,5.15,610.06
44239.83,10.75,5.29,1.74,0.42,1.91,610.39
44239.88,10.9,5.54,1.59,0.59,1.87,610.85
44239.92,11.21,6.72,1.53,0.66,2.16,611.28
44239.96,8.52,6.46,1.4,0.75,8,611.69
44240,8.44,6.53,1.33,0.67,10,611.83
44240.04,7.51,6.54,1.09,0.54,10,611.89
44240.08,7.81,6.64,0.74,0.51,10,611.89
44240.12,7.78,6.64,0.84,0.61,10,611.65
44240.17,7.34,6.59,0.94,0.7,10,611.47
44240.21,6.72,5.95,0.91,0.68,10,611.23
44240.25,7.2,6.56,0.85,0.48,10,611.36
44240.29,7.1,6.64,0.84,0.32,10,611.42
44240.33,6.51,5.87,0.81,0.68,10,612.16
44240.38,6.06,5.53,1.13,0.8,10,612.94
44240.42,7.85,6.69,1.28,0.77,10,613.25
44240.46,7.09,6.24,1.29,0.7,10,613.78
44240.5,6.73,5.31,1.41,0.64,10,613.67
44240.54,8.65,4.76,1.47,0.55,10,613.41
44240.58,8.33,4.95,1.54,0.7,10,612.93
44240.62,8.1,4.81,1.63,0.66,10,612.74
44240.67,8.39,5.18,1.58,0.64,10,612.7
44240.71,8.11,5.42,1.49,0.62,10,612.86
44240.75,5.47,4.8,1.27,0.77,9.92,613.25
44240.79,6.55,5.33,0.68,0.89,9.97,613.46
44240.83,7.05,5.57,0.88,0.97,9.38,614.04
44240.88,7.58,5.78,0.54,0.19,9.6,614.47
44240.92,7.44,5.79,0.49,1.25,9.4,614.65
44240.96,6.04,5.02,1.07,0.8,8.56,614.45
44241,6.39,4.94,1.2,0.92,6.91,614.65
44241.04,6.19,4.68,1.31,0.94,9.84,614.35
44241.08,6.38,4.64,0.92,0.92,10,614.07
44241.12,5.62,3.96,0.96,0.91,10,613.66
44241.17,4.28,3.22,1.15,0.82,10,613.19
44241.21,4.66,3.43,1.4,0.75,10,612.81
44241.25,3.43,3.05,1.51,0.8,10,612.65
44241.29,3.39,2.9,1.67,0.79,10,612.37
44241.33,3.46,2.88,1.77,0.75,9.75,612.56
44241.38,2.89,2.55,1.96,0.75,8.76,612.69
44241.42,6.88,4.37,1.72,0.82,6.34,612.98
44241.46,8.53,5.14,1.47,0.95,1.11,612.82
44241.5,9.9,5.78,1.32,1.13,0.89,612.35
44241.54,14.43,4.74,1.55,1.09,5.69,611.46
44241.58,15.56,4.87,1.47,1.1,9.79,610.3
44241.62,16.28,5.15,1.41,1.22,9.86,609.33
44241.67,17.75,4.22,1.36,1.36,7.96,608.76
44241.71,17.75,4.15,1.16,2.36,6.19,608.44
44241.75,14.75,6.79,0.84,3.09,4.08,608.24
44241.79,14.9,3.12,1.76,0.3,3.13,608.08
44241.83,14.23,3.91,1.76,0.56,2.19,608.88
44241.88,13.59,5.09,1.71,0.62,3.04,609.45
44241.92,12.59,7.24,1.75,0.71,4.32,609.87
44241.96,9.24,7.12,1.6,0.7,7.44,610.07
44242,8.49,7.36,1.55,0.69,8.4,610.29
44242.04,7.94,7.47,1.05,0.68,10,610.38
44242.08,8.41,7.5,1.47,0.75,10,610.5
44242.12,8.54,7.79,1.47,0.81,10,610.44
44242.17,7.31,7.19,1.35,0.82,10,610.6
44242.21,7.18,6.55,1.32,0.81,10,610.55
44242.25,6.45,6.02,1.29,0.69,10,610.99
44242.29,6.34,5.82,1.23,0.71,10,611.15
44242.33,6.48,5.83,1.1,0.77,10,611.79
44242.38,6.07,5.67,1.22,0.87,10,612.07
44242.42,7.91,6.79,1.38,0.9,10,612.61
44242.46,7.99,6.79,1.27,0.94,9.92,612.96
44242.5,7.41,6.52,1.5,0.9,9.29,612.65
44242.54,8.3,4.6,1.59,0.8,9.89,612.09
44242.58,8.16,4.58,1.77,0.76,9.68,611.34
44242.62,7.86,4.8,1.75,0.74,10,610.87
44242.67,7.48,4.76,1.82,0.67,9.68,610.46
44242.71,7.16,4.66,1.77,0.64,10,610.77
44242.75,4.5,4.34,1.62,0.77,9.68,610.91
44242.79,4.85,4.56,1.46,0.69,10,611.04
44242.83,5.35,4.54,1.5,0.67,10,611.68
44242.88,5.74,4.64,1.6,0.73,10,611.78
44242.92,5.56,4.47,1.45,0.72,10,612.35
44242.96,4.11,3.25,1.22,0.66,10,612.69
44243,4.21,3.38,1.04,0.82,9.97,613.05
44243.04,4.02,3.04,1.01,1,9.91,612.92
44243.08,4.36,3.2,1.04,1,9.95,612.98
44243.12,4.19,3.19,1.06,1.04,9.96,613.04
44243.17,3.63,3,1.04,1.01,9.97,612.98
44243.21,3.67,3.05,1.06,1.06,10,613.13
44243.25,3.37,3,1.17,1.05,9.94,613.49
44243.29,3.66,3.11,1.19,1.08,9.99,613.76
44243.33,3.69,3.06,1.06,1.07,9.94,614.44
44243.38,3.18,2.71,1.25,1.09,9.79,615.07
44243.42,5.05,2.61,1.16,1.11,9.81,615.6
44243.46,5.01,1.13,1.05,1.12,9.6,615.88
44243.5,5.17,1.09,1.06,1.11,9.64,615.88
44243.54,7.83,1.1,1.11,1.05,9.72,615.15
44243.58,8.16,1.09,1.18,0.89,9.73,614.61
44243.62,8.63,1.14,1.22,0.82,9.7,614.03
44243.67,9.2,0.78,1.26,0.68,10,613.72
44243.71,9.1,0.73,1.36,0.74,9.68,613.76
44243.75,6.09,0.35,1.4,0.6,8.87,614.07
44243.79,6.52,0.9,1.39,0.61,7.54,614.34
44243.83,6.4,2.07,1.3,0.64,5.53,614.88
44243.88,7.13,1.14,1.04,0.71,5.79,615.32
44243.92,7.15,1.58,0.94,0.51,5.74,615.89
44243.96,5.84,1.91,0.82,0.39,6.04,615.97
44244,5.59,1.87,0.65,0.6,5.65,616.45
44244.04,4.93,1.9,0.55,0.55,7.4,616.3
44244.08,4.57,2.01,0.54,0.99,8.19,616.1
44244.12,4.58,2.1,0.51,0.5,7.17,616.02
44244.17,3.92,2.16,0.48,1.19,8.7,615.99
44244.21,4.07,2.44,0.49,1.14,9.35,615.82
44244.25,3.66,2.02,0.64,3,9.06,615.8
44244.29,3.58,1.98,0.37,0.88,8.64,616.09
44244.33,3.59,2.01,0.36,0.06,9.46,616.49
44244.38,3.55,2.39,0.65,0.52,8.4,616.65
44244.42,5.71,2.09,0.77,0.73,8.03,617.06
44244.46,5.28,1.71,0.98,0.67,9.13,617.16
44244.5,4.97,1.61,1.08,0.58,9,616.95
44244.54,7.18,1.15,1.1,0.47,10,616.23
44244.58,6.77,0.85,1.17,0.31,10,615.41
44244.62,6.49,0.81,1.25,0.42,10,614.92
44244.67,6.73,1.02,1.34,0.29,10,614.56
44244.71,6.59,1.13,1.37,0.51,9.92,614.53
44244.75,5.26,1.29,1.14,0.74,9.96,614.99
44244.79,5.61,1.83,1.03,0.83,8.77,614.73
44244.83,5.88,2.31,1.29,0.81,8.25,615.41
44244.88,5.98,2.75,1.29,0.67,9.59,615.84
44244.92,5.63,3.28,1.18,0.81,9.47,616.53
44244.96,4.57,2.79,1.12,0.89,9.97,616.9
44245,4.77,2.89,0.7,1.02,9.97,617.25
44245.04,4.47,3.15,0.85,1.08,9.96,617.12
44245.08,4.38,3.19,0.79,1.06,10,617.04
44245.12,4.4,3.26,0.94,1.04,9.97,617.03
44245.17,3.72,2.92,0.86,1.06,9.98,616.82
44245.21,3.54,2.81,0.8,1,9.99,616.81
44245.25,2.42,1.63,0.64,1.38,10,617.39
44245.29,2.47,1.59,0.59,1.03,9.95,617.36
44245.33,2.42,1.7,0.53,1.03,9.92,617.88
44245.38,2.47,1.59,0.74,0.99,9.93,618.28
44245.42,4.46,2.19,0.59,0.9,10,618.65
44245.46,5.09,2.23,0.52,0.57,9.84,618.77
44245.5,5.26,1.79,0.63,0.15,9.97,618.64
44245.54,7.84,2.01,0.66,3.11,10,617.89
44245.58,7.72,2.05,0.77,0.12,10,616.97
44245.62,7.8,2.04,0.99,0.31,10,616.34
44245.67,8.05,2.04,1.12,0.17,10,615.86
44245.71,7.93,2.09,1.26,0.22,10,615.79
44245.75,6.35,1.55,1.17,0.32,9.99,616.31
44245.79,6.73,1.72,1.03,0.32,9.73,615.98
44245.83,6.85,2.04,0.87,0.34,9.11,616.32
44245.88,6.66,3.2,1.19,0.46,8.7,616.83
44245.92,6.71,3.19,1.07,0.56,8.29,617.17
44245.96,5.06,3.39,0.94,0.42,8.03,617.21
44246,5.19,3.63,0.74,0.5,8.44,617.4
44246.04,5.17,3.31,0.61,0.59,8.35,617.17
44246.08,5.22,3.42,0.74,0.66,8.15,617.05
44246.12,5.27,3.38,0.76,0.69,9.32,616.68
44246.17,4.82,3.29,0.67,0.76,9.92,616.58
44246.21,4.84,3.25,0.67,0.75,9.99,616.33
44246.25,4.43,3.09,0.68,0.38,9.85,616.72
44246.29,4.54,2.97,0.69,0.37,9.52,616.42
44246.33,4.58,2.99,0.58,2.98,9.72,617.3
44246.38,3.86,2.63,0.51,2.15,9.57,617.45
44246.42,7.14,2.84,0.55,1.71,9.63,617.8
44246.46,6.87,2.97,0.64,1.9,8.77,617.75
44246.5,7.2,2.9,0.52,2.31,8.45,617.52
44246.54,10.44,2.78,0.63,0.16,9.55,616.78
44246.58,10.27,3.03,0.75,0.47,9.93,615.89
44246.62,10.51,3.17,1.03,0.32,9.92,615.15
44246.67,10.97,3.14,1.11,0.35,10,614.71
44246.71,11.08,3.2,1.33,0.33,9.85,614.48
44246.75,7.8,2.64,1.59,0.39,5.81,614.2
44246.79,8.18,3.14,1.84,0.68,5.29,614.64
44246.83,9.18,2.47,1.58,0.65,3.65,615.12
44246.88,9.54,2.4,1.41,0.5,1.29,615.6
44246.92,9.05,2.76,1.1,0.38,1.73,615.73
44246.96,7.03,3.08,0.87,0.4,3.49,615.75
44247,7.04,3.13,0.67,2.95,2.83,615.83
44247.04,6.59,3.05,0.32,1.33,4.03,615.53
44247.08,6.18,3,0.31,0.94,3.61,615.14
44247.12,5.83,2.89,0.71,0.73,3.79,614.57
44247.17,4.71,2.79,0.77,0.89,3.61,614.27
44247.21,2.65,1.56,0.74,0.87,3.35,613.94
44247.25,2.46,1.94,0.94,0.91,9.4,614.13
44247.29,2.88,2.26,0.99,0.71,9.01,613.9
44247.33,2.16,1.56,1.2,0.86,9.17,614.49
44247.38,2.4,1.56,1.18,0.72,9.71,614.26
44247.42,8.25,4.39,0.95,0.85,9.93,614.75
44247.46,9.91,4.7,0.8,1.17,9.93,614.57
44247.5,10.3,4.59,0.73,1.55,10,614.21
44247.54,14.51,4.37,0.58,1.87,9.89,613.07
44247.58,15.01,4.49,0.26,1.54,9.79,612.17
44247.62,14.66,5.06,0.34,0.19,9.92,611.28
44247.67,15.31,5.68,1.38,0.42,8.96,610.71
44247.71,15.02,6.03,1.78,0.43,8.89,610.7
44247.75,12.27,4.57,1.47,0.37,6.23,610.7
44247.79,12.94,5,1.44,0.56,8.93,610.87
44247.83,12.86,4.96,1.16,0.35,9.06,611.4
44247.88,12.61,5.06,0.87,0.89,9.18,612
44247.92,12.29,5.51,0.85,1.06,9.91,612.25
44247.96,8.79,5.19,0.52,2.7,9.91,612.44
44248,8.8,5.29,0.44,0.69,9.98,612.48
44248.04,8.73,5.46,0.84,0.96,9.99,612.07
44248.08,8.61,5.19,1.05,0.9,9.84,611.62
44248.12,8.91,5.06,1.12,0.82,9.77,611.09
44248.17,8.06,4.93,1.21,0.79,9.01,610.86
44248.21,8.02,4.9,1.24,0.7,4.51,610.7
44248.25,5.12,3.49,1,0.65,2.86,610.98
44248.29,5.06,3.69,0.91,0.74,3.97,611.05
44248.33,4.61,3.37,0.74,0.69,0.05,611.7
44248.38,4.69,3.8,0.69,0.57,8.06,612.28
44248.42,11.92,6.24,0.43,0.59,0.67,612.51
44248.46,12.5,6.37,0.15,1.96,0.35,612.64
44248.5,13.19,6.92,0.42,0.75,0.57,612.25
44248.54,17.77,6.74,0.62,0.62,0.91,611.78
44248.58,17.97,6.86,0.87,0.44,1.09,611.14
44248.62,18.08,6.87,1.23,0.39,3.65,610.46
44248.67,18.58,6.53,1.46,0.38,4.49,610.08
44248.71,15.56,7.02,1.44,0.94,7.34,610.33
44248.75,12.1,6.19,1.06,1.04,6.73,610.42
44248.79,13.34,6.36,0.12,2.26,2.46,610.6
44248.83,13.65,6.68,0.36,1.29,0.21,611.03
44248.88,13.43,7.27,0.1,2.88,0,611.38
44248.92,12.8,7.52,0.13,2.06,0,611.94
44248.96,9.04,6.27,0.13,1.78,0.01,611.95
44249,8.8,6.27,0.1,1.25,0.08,612.29
44249.04,8.41,6.49,0.27,0.78,0.17,612.32
44249.08,8.42,6.82,0.34,0.68,0.11,612.26
44249.12,8.42,6.94,0.14,0.92,0.32,611.99
44249.17,7.1,6.52,0.34,0.77,0.67,611.92
44249.21,7.22,6.53,0.52,0.74,1.47,611.93
44249.25,5.88,4.97,0.71,0.66,8.31,612.2
44249.29,5.57,4.95,0.77,0.72,8.95,612.44
44249.33,4.05,3.73,0.86,0.71,10,612.84
44249.38,4.05,3.98,0.87,0.59,9.12,613.1
44249.42,9.95,7.87,0.85,0.86,7.49,613.46
44249.46,10.75,7.74,0.8,1.61,7.16,613.38
44249.5,11.27,7.2,0.97,1.8,6.09,612.86
44249.54,17,7.33,0.84,2.38,4.73,612.09
44249.58,17.36,7.4,1.06,2.84,1.95,610.99
44249.62,17.64,6.74,1.32,2.55,4.21,610.25
44249.67,18.95,5.76,1.45,3.06,4.73,609.62
44249.71,18.45,6.2,1.87,0.35,2.24,609.55
44249.75,14.23,6.79,2.12,0.76,0.05,609.54
44249.79,11.98,8.46,2.55,0.72,0.61,610.46
44249.83,11.92,8.89,2.19,0.72,5.35,611.55
44249.88,12.97,10.04,1.45,0.72,9.74,612.45
44249.92,12.95,10.12,1.33,0.79,9.36,613.21
44249.96,10.62,9.61,0.71,0.84,9.97,613.27
44250,10.65,9.51,1.07,0.87,10,613.21
44250.04,10.43,9.53,0.55,0.95,10,613.35
44250.08,10.22,9.33,0.5,0.84,10,613.2
44250.12,10.27,9.11,0.66,0.79,10,612.93
44250.17,9.01,8.47,0.52,0.76,10,612.51
44250.21,8.99,8,0.15,3.13,10,612.28
44250.25,8.95,8.34,0.07,0.84,10,612.02
44250.29,9.09,8.33,0.61,1.61,10,612.16
44250.33,8.64,7.73,0.87,1.16,9.91,612.38
44250.38,9.13,8.08,1.13,0.92,8.22,612.77
44250.42,13.07,8.14,1.37,0.99,8.23,612.5
44250.46,13.11,7.67,1.41,1.08,9.38,612.53
44250.5,13.68,7.63,1.29,1.23,7.93,612.11
44250.54,18.36,6.73,1.12,1.31,7.24,611.15
44250.58,19.27,6.21,0.9,1.36,4.86,610.29
44250.62,19.49,5.84,0.66,1.9,8.38,609.06
44250.67,20.91,4.87,0.87,2.59,8.59,608.35
44250.71,20.95,4.63,1.1,2.94,7.97,608.11
44250.75,17.22,4.64,1.13,0.12,5.44,607.56
44250.79,17.59,3.76,1.58,0.52,3.23,607.61
44250.83,16.97,4.34,1.73,0.56,1.09,608.11
44250.88,16.74,4.96,1.64,0.57,0.62,608.51
44250.92,16.07,6.24,1.45,0.63,0.36,608.76
44250.96,12.96,7.24,1.18,0.59,1.35,608.68
44251,12.83,8.03,0.73,0.36,2.84,608.47
44251.04,12.43,8.34,0.33,1.03,4.32,608.13
44251.08,12.5,8.64,0.57,0.98,3.44,607.63
44251.12,12.46,8.53,0.78,0.89,3.28,607.07
44251.17,11.62,7.74,0.9,0.85,3.12,606.37
44251.21,11.45,7.92,1.03,0.73,2.48,606.09
44251.25,9.64,6.37,1.12,0.88,2.22,605.77
44251.29,8.95,5.49,1.01,0.7,2,605.65
44251.33,8.68,5.25,0.86,0.86,2,606.13
44251.38,8.54,4.93,0.52,0.81,2,606.38
44251.42,15,5.63,0.29,0.35,2.08,606.89
44251.46,15.31,5.03,0.34,2.78,1.91,606.7
44251.5,15.6,4.67,0.36,0.97,1.69,606.6
44251.54,19.46,3.95,0.47,1.05,1.81,605.84
44251.58,19.96,3.27,0.57,1.55,1.46,605.03
44251.62,20.22,3.01,0.63,2.34,0.3,604.45
44251.67,21.53,3.08,0.87,2.56,0.11,603.96
44251.71,21.41,2.59,1.12,2.88,0.38,604
44251.75,17.8,4.53,1.38,0.18,0.2,603.54
44251.79,18.86,3.27,1.9,0.35,0.41,603.83
44251.83,17.59,4.9,1.91,0.4,0.71,604.58
44251.88,16.34,7.06,2.03,0.54,1.61,605.08
44251.92,15.7,9.23,1.95,0.69,4.32,605.45
44251.96,13.89,10.85,1.69,0.66,7.12,606.01
44252,13.57,11.31,1.31,0.6,10,606.22
44252.04,12.87,11.44,1.19,0.54,10,606.33
44252.08,13.3,11.72,1.21,0.68,10,606.49
44252.12,13.62,11.68,0.68,0.68,10,606.18
44252.17,12.24,11.46,0.62,0.84,10,606.28
44252.21,12.19,11.15,0.73,0.91,10,606.1
44252.25,11.23,10.95,0.66,0.8,10,606.67
44252.29,11.55,10.94,0.15,2.52,10,606.79
44252.33,11.39,10.62,0.66,0.4,10,607.56
44252.38,10.88,10.68,0.72,0.49,10,608.03
44252.42,13.01,12,1.02,0.56,10,608.75
44252.46,12.41,11.66,1.31,0.68,10,608.8
44252.5,11.21,10.34,1.43,0.79,10,608.63
44252.54,12.96,11.89,1.52,0.79,10,608.09
44252.58,12.77,11.58,1.81,0.8,9.92,607.56
44252.62,11.8,10.99,1.96,0.76,9.04,607.04
44252.67,11.86,10.92,2.24,0.75,7.04,606.83
44252.71,10.4,10.11,1.99,0.85,10,606.98
44252.75,8.85,8.85,1.78,0.83,10,606.8
44252.79,8.48,8.48,1.88,0.94,10,607.58
44252.83,8.6,8.48,1.61,0.69,10,607.73
44252.88,8.76,8.47,1.68,0.81,10,608.46
44252.92,8.04,7.63,1.72,0.84,10,609.37
44252.96,6.1,5.89,1.52,0.9,10,609.39
44253,6.07,5.91,1.45,0.96,10,609.92
44253.04,5.51,5.35,1.32,0.9,10,609.74
44253.08,5.89,5.67,1.4,1.02,10,609.84
44253.12,6.01,5.71,1.3,0.98,10,609.57
44253.17,5.28,5.06,1.28,0.97,10,609.7
44253.21,5.48,5.15,1.11,0.87,10,609.54
44253.25,5.01,4.49,1.22,0.88,10,609.83
44253.29,5.12,4.54,0.99,0.79,9.99,610.07
44253.33,5.11,4.42,0.93,0.76,9.91,610.23
44253.38,4.6,4.03,0.97,0.75,9.79,610.74
44253.42,7.09,4.01,1.01,0.57,10,610.8
44253.46,7.09,4,0.86,0.11,10,610.96
44253.5,6.6,3.92,0.75,2.93,10,610.8
44253.54,9.49,4.9,0.85,2.54,10,610.24
44253.58,9.92,5.17,0.81,2.14,10,609.38
44253.62,10.1,5.42,0.95,2.37,10,608.38
44253.67,11.86,5.95,1.45,2.92,10,607.89
44253.71,12.23,5.92,1.99,0.08,9.28,607.82
44253.75,8.62,5.21,2.09,0.28,4.08,607.07
44253.79,7.69,5.12,2.04,0.69,1.84,607.7
44253.83,6.8,5.23,2.07,0.65,4.08,608.86
44253.88,6.84,5.51,1.67,0.57,8.16,609.24
44253.92,6.89,5.48,1.54,0.55,10,610
44253.96,4.98,4.84,1.48,0.65,10,610.51
44254,5,4.91,1.35,0.55,10,610.77
44254.04,4.75,4.71,1.26,0.4,10,610.47
44254.08,4.91,4.83,1.06,0.36,10,610.19
44254.12,5.11,5.03,1.1,0.41,10,609.7
44254.17,4.82,4.75,1.18,0.46,10,609.53
44254.21,4.8,4.78,1,0.34,10,609.05
44254.25,4.51,4.47,1.05,0.06,10,608.88
44254.29,4.51,4.45,1.05,0,10,608.87
44254.33,4.45,4.37,1.02,0.13,10,609.04
44254.38,4.11,4.08,0.96,2.91,10,609.11
44254.42,6.16,5.33,0.86,3.07,10,609.13
44254.46,5.62,4.64,0.94,2.67,10,609.06
44254.5,5.58,4.74,0.92,2.58,10,608.73
44254.54,7.79,5.71,1.22,2.25,10,608.09
44254.58,7.95,5.86,1.4,2.22,10,607.19
44254.62,8.78,6.29,1.28,2.21,10,606.29
44254.67,9.65,6.32,1.27,2.52,9.6,605.45
44254.71,10.43,6.54,1.91,0.44,7.36,605.03
44254.75,9.55,6.62,1.6,0.42,6.88,604.68
44254.79,8.16,6.61,1.28,0.44,3.44,604.85
44254.83,7.08,6.51,1.84,0.47,6.56,605.53
44254.88,6.83,6.39,1.88,0.57,7.76,605.91
44254.92,5.81,5.55,1.61,0.65,10,606.33
44254.96,4.58,4.28,1.76,0.8,10,606.88
44255,4.58,3.99,1.63,0.85,10,607.6
44255.04,4.46,3.37,1.57,0.77,10,607.89
44255.08,4.53,3.45,1.59,0.73,10,607.94
44255.12,4.43,3.27,1.34,0.72,10,607.95
44255.17,3.53,2.14,1.17,0.71,10,607.74
44255.21,3.61,2.38,1.11,0.69,10,607.59
44255.25,2.69,1.64,1.16,0.73,9.95,607.35
44255.29,2.83,1.36,1.13,0.5,10,607.49
44255.33,2.99,1.15,1.04,0.57,9.84,607.75
44255.38,2.74,0.65,1.11,0.38,9.84,608.17
44255.42,5.2,1.72,1.03,0.17,10,608.02
44255.46,4.74,1.84,0.97,3.07,10,608.22
44255.5,4.57,2.08,0.91,2.87,10,607.33
44255.54,7.39,3.41,1.06,2.89,10,607.13
44255.58,7.74,3.72,1.19,0.13,9.84,606.3
44255.62,8.68,4.15,1.77,0.32,8.96,605.8
44255.67,8.92,4.42,2.48,0.39,8.64,605.1
44255.71,7.32,3.58,2.51,0.52,5.52,605.47
44255.75,4.56,2.76,2.22,0.56,9.6,606.19
44255.79,4.39,2.84,2.07,0.78,10,606.68
44255.83,4.74,3.09,1.87,0.79,10,607.7
44255.88,4.77,3.32,1.8,0.75,9.97,608.91
44255.92,3.98,3.12,1.73,0.83,9.99,610.17
44255.96,2.01,1.62,1.67,0.88,9.98,610.98
44256,2.18,1.82,1.67,0.92,9.74,611.82
44256.04,2.04,1.76,1.57,0.96,9.83,612.09
44256.08,2.17,1.74,1.53,0.95,10,612.69
44256.12,2.58,1.9,1.47,0.97,9.76,612.93
44256.17,1.95,1.37,1.53,1.02,9.84,613.42
44256.21,2.11,1.51,1.64,1.03,9.92,613.57
44256.25,1.88,1.22,1.65,1.12,9.67,614.49
44256.29,1.87,0.73,1.56,1.2,9.43,615.74
44256.33,1.93,0.94,1.43,1.2,9.5,615.82
44256.38,1.45,0.24,1.26,1.3,9.64,616.51
44256.42,2.43,0.17,1.36,1.26,9.9,617.44
44256.46,2.17,0.07,1.53,1.19,9.56,617.79
44256.5,2.23,-0.1,1.56,1.14,9.61,617.93
44256.54,3.3,-1.01,1.55,1.19,9.13,617.45
44256.58,3.43,-1.24,1.39,1.18,8.81,617.31
44256.62,3.65,-1.69,1.15,1.16,9.45,616.59
44256.67,3.55,-2.69,1.14,1.05,9.31,616.49
44256.71,3.49,-3.04,1.11,0.96,9.34,616.11
44256.75,2.59,-3.96,0.85,0.84,9.79,616.14
44256.79,3.25,-4.14,0.78,0.9,9.83,616.01
44256.83,3.62,-4.41,0.88,0.85,9.64,617.01
44256.88,3.82,-4.41,0.8,1.01,9.45,616.99
44256.92,3.97,-4.22,0.86,1.21,9.61,617.33
44256.96,3.04,-4.19,0.83,1.36,9.38,617.48
44257,2.98,-4.26,0.78,1.23,9.56,617.35
44257.04,2.74,-4.25,0.68,0.98,9.13,617.18
44257.08,2.95,-4.2,0.63,0.66,9.05,616.96
44257.12,2.86,-3.34,0.64,0.28,8.71,616.32
44257.17,2.3,-3.49,0.43,2.96,8.88,615.87
44257.21,2.32,-3.81,0.65,2.66,7.8,615.21
44257.25,1.1,-4.26,0.53,2.91,8.75,615.6
44257.29,1.1,-4.43,0.59,0.11,8.7,615.04
44257.33,1.05,-4.17,0.56,0.39,7.34,615.38
44257.38,0.87,-4.64,0.63,0.12,7.21,615.32
44257.42,3.46,-4.11,0.49,3.01,8.45,615.27
44257.46,3.28,-4.23,0.68,2.04,8.63,615.04
44257.5,2.7,-4.33,0.84,1.97,8.17,614.22
44257.54,6.12,-2.46,0.83,2.06,8.18,613.15
44257.58,5.7,-2.44,0.94,2.75,8,612.31
44257.62,5.81,-2.15,0.86,2.52,8.64,611.53
44257.67,8.1,-0.75,0.93,3.13,9.83,610.95
44257.71,8.23,-0.55,1.95,0.57,7.69,610.57
44257.75,4.36,-1.18,2.07,0.73,1.57,610.76
44257.79,4.12,-1.2,1.32,0.66,1.91,611.44
44257.83,3.78,-0.75,1.64,0.65,1.76,612.19
44257.88,3.65,-0.78,1.24,0.74,4.92,613.36
44257.92,3.07,-0.58,1.29,0.77,8.21,614.16
44257.96,1.02,-1.35,1.4,0.84,7.85,614.56
44258,1.12,-1.17,1.29,0.93,8.27,614.99
44258.04,1.09,-1,1.3,1.02,8.57,615.05
44258.08,1.23,-0.95,1.16,1.05,8.47,615.12
44258.12,1.54,-0.61,0.95,1.18,8.06,614.98
44258.17,1.09,-0.77,0.67,1.3,7.83,614.76
44258.21,1.18,-0.7,0.51,1.49,6.79,614.29
44258.25,0.84,-1.62,0.22,1.53,8.23,614.38
44258.29,1.1,-0.3,0.35,1.6,9.69,614.12
44258.33,1.07,-1.25,0.15,0.97,9.47,614.58
44258.38,1.35,-2.16,0.38,1.43,7.27,614.71
44258.42,5.89,-1.35,0.65,1.51,5.32,614.52
44258.46,6.1,-1.35,0.47,1.77,3.54,614.48
44258.5,6.53,-0.6,0.39,2.62,4.13,613.78
44258.54,9.78,-0.07,0.65,3.08,3.59,613.16
44258.58,9.64,0.39,0.51,0.06,1.97,612.24
44258.62,9.95,0.86,0.41,3.04,6.53,611.31
44258.67,11.21,0.63,1.18,0.37,6.25,610.65
44258.71,10.23,0.84,1.98,0.53,5.1,610.31
44258.75,7.45,1.03,2.1,0.55,3.37,610.71
44258.79,6.66,0.98,1.7,0.55,0.31,611.42
44258.83,5.97,1.68,2.05,0.41,0.14,611.88
44258.88,5.94,1.94,1.74,0.44,0.33,612.48
44258.92,6.59,1.32,1.33,0.44,1.85,613.14
44258.96,4.48,1.45,0.99,0.41,3.01,613.25
44259,4.53,1.52,0.63,0.15,2.39,613.39
44259.04,4.3,1.85,0.66,2.58,2.87,613.06
44259.08,4.15,1.76,0.58,2.28,1.87,612.76
44259.12,4.13,1.82,0.46,1.9,1.47,612.16
44259.17,3.3,1.78,0.37,1.31,1.89,611.69
44259.21,3.23,1.66,0.54,1.22,2.44,611.12
44259.25,3.24,1.63,0.23,1.41,4.31,610.94
44259.29,3.4,1.99,0.62,1.09,4.35,611.16
44259.33,2.67,1.7,0.73,1.42,4.68,611.31
44259.38,2.59,1.52,0.59,1.78,3.95,611.17
44259.42,7.09,3.42,0.34,1.95,7.04,611.21
44259.46,7.9,3.03,0.61,3.07,6.64,611.24
44259.5,8.25,3.53,0.98,2.94,8.24,610.04
44259.54,11.84,4.18,1.28,3,8.88,609.52
44259.58,11.89,4.47,1.77,0.12,9.76,608.61
44259.62,11.77,4.87,2.09,0.5,7.76,607.93
44259.67,11.47,5.28,2.39,0.52,6.16,607.47
44259.71,10.65,5.59,2.53,0.46,6.48,607.53
44259.75,7.31,5.24,2.34,0.43,7.68,608.14
44259.79,6.4,5,1.82,0.55,10,607.71
44259.83,6.25,5.02,1.78,0.74,10,608.57
44259.88,6.32,4.68,1.62,0.87,10,609.39
44259.92,6.04,4.74,1.47,0.9,10,609.73
44259.96,4.77,4.09,1.41,0.88,10,610.17
44260,4.72,3.63,1.19,0.8,10,610.23
44260.04,3.98,2.91,1.3,0.77,10,610.21
44260.08,4.11,2.92,1.23,0.75,10,610.21
44260.12,4.14,2.88,1.16,0.78,10,610.07
44260.17,3.37,2.61,1.08,0.78,10,610.09
44260.21,3.46,3.02,1.03,0.75,10,610.09
44260.25,2.8,2.21,0.97,0.81,10,610.1
44260.29,3.02,2.56,0.84,0.76,10,610.63
44260.33,3.02,2.42,0.66,0.65,10,610.86
44260.38,2.28,1.38,0.82,0.5,10,611.31
44260.42,5.97,2.11,0.76,0.53,10,611.34
44260.46,5.69,2.15,0.76,0.4,10,611.24
44260.5,6.01,2.61,0.88,0.31,10,610.72
44260.54,9.82,3.86,1.1,0.54,10,610.26
44260.58,9.97,4.15,1.36,0.64,10,609.52
44260.62,10.08,4.46,1.63,0.8,10,609.25
44260.67,9.13,4.24,2.13,0.8,9.6,608.64
44260.71,9.3,4.66,2.2,0.81,6.32,608.89
44260.75,6.56,3.61,2.22,0.87,5.04,609.51
44260.79,6.75,3.37,1.2,0.79,8.08,610.01
44260.83,7.13,3.71,1.74,0.77,9.98,610.67
44260.88,7.54,3.83,1.4,0.62,9.97,611.5
44260.92,7.4,3.93,1.24,0.55,9.86,612.03
44260.96,5.49,3.75,1.05,0.6,9.81,612.6
44261,5.73,4.07,0.96,0.56,9.68,612.98
44261.04,5.7,4.22,0.88,0.67,9.5,613.1
44261.08,5.72,4.27,0.62,0.79,9.12,613.1
44261.12,6,4.44,0.84,0.93,8.88,613.01
44261.17,5.26,4.51,0.66,1.02,8.73,612.96
44261.21,5.21,4.23,0.56,1.09,8.19,613.03
44261.25,4.45,3.92,0.88,0.92,9.96,613.12
44261.29,4.75,3.98,0.52,0.95,8.48,613.54
44261.33,4.67,3.69,0.84,0.98,9.97,614.46
44261.38,4.23,2.97,1.08,1.12,9.76,615.17
44261.42,6.51,3.39,1.28,1.08,9.57,615.76
44261.46,6.29,3.32,1.28,1.05,9.3,615.82
44261.5,6.49,3.43,1.16,0.97,9.83,615.72
44261.54,7.59,3.01,1.11,0.93,9.68,615.37
44261.58,7.32,3.18,1.11,0.87,9.52,614.77
44261.62,7.13,3.26,1.16,0.77,9.68,614.07
44261.67,7.36,3.43,1.32,0.62,8.8,613.61
44261.71,7.58,3.57,1.43,0.57,9.45,613.38
44261.75,5.76,3.26,1.2,0.3,8.56,613.88
44261.79,6.25,3.67,1.29,0.53,9.99,614.07
44261.83,6.02,3.82,1.04,0.5,9.99,614.47
44261.88,6.36,3.94,1.07,0.61,9.91,614.85
44261.92,6.04,4.23,0.9,0.46,9.76,615.31
44261.96,4.79,4.2,0.84,0.26,9.91,615.31
44262,4.67,4.58,0.62,0.15,9.91,615.47
44262.04,4.66,4.64,0.47,0.23,9.77,615.08
44262.08,4.86,4.73,0.51,0.5,9.85,614.82
44262.12,4.88,4.73,0.4,0.32,9.98,614.33
44262.17,4.63,4.63,0.48,0.35,9.91,614.16
44262.21,4.74,4.73,0.49,0.49,10,613.61
44262.25,4.23,3.97,0.58,3.02,9.9,613.68
44262.29,4.3,3.95,0.53,2.18,10,613.4
44262.33,4.49,3.88,0.83,2.29,6.95,613.74
44262.38,4.3,3.33,1,2.35,10,614.17
44262.42,7.03,3.62,0.95,2.71,10,614.03
44262.46,7.11,4.09,0.9,2.86,10,613.9
44262.5,7.02,4.16,0.94,2.93,10,613.38
44262.54,10.11,4.55,1.11,2.9,10,612.59
44262.58,10.24,4.74,1.05,2.97,10,611.81
44262.62,9.83,4.88,1.08,0.09,10,610.93
44262.67,9.9,5.29,1.5,0.42,10,610.11
44262.71,9.68,5.91,2.14,0.75,7.6,609.84
44262.75,6.52,5.04,2.05,1,7.84,610.25
44262.79,6.19,5.13,1.72,0.88,10,610.94
44262.83,6.36,5.23,1.36,0.62,10,611.92
44262.88,6.62,5.72,1.33,0.67,10,612.35
44262.92,6.11,5.43,1.32,0.89,10,612.81
44262.96,4.85,4.63,1.22,1.02,10,613.36
44263,5.01,4.79,0.95,0.91,10,613.54
44263.04,4.94,4.71,0.32,0.39,10,613.24
44263.08,5.05,4.8,0.72,1.15,10,612.81
44263.12,5.14,4.76,0.89,1,10,612.41
44263.17,4.67,4.44,0.96,1.23,9.76,611.98
44263.21,5.09,4.3,1.21,1.19,7.92,611.6
44263.25,5.06,3.56,0.59,1.01,9.76,611.81
44263.29,4.9,3.75,0.6,1.57,7.44,612.11
44263.33,5.37,4.15,0.55,1.85,5.92,612.59
44263.38,5.5,3.86,0.52,2.46,5.76,612.98
44263.42,9,5.53,0.92,0.27,9.76,613.15
44263.46,8.85,5.63,1.42,0.32,10,613.37
44263.5,8.52,5.59,1.69,0.27,10,613.13
44263.54,11.5,6.4,1.82,0.32,10,612.89
44263.58,11.24,6.49,1.95,0.35,10,612.19
44263.62,11,6.73,2.35,0.55,8.24,611.4
44263.67,10.49,7.03,2.47,0.74,9.84,610.98
44263.71,9.76,7.13,2.31,0.75,10,610.92
44263.75,5.98,5.64,2.06,0.74,10,611.44
44263.79,6.37,5.79,1.6,0.67,10,611.78
44263.83,6.87,5.96,1.53,0.8,10,612.71
44263.88,7.19,6.04,1.47,0.79,10,613.3
44263.92,6.65,5.66,1.21,0.67,10,613.95
44263.96,5.2,5.2,1.26,0.57,10,614.28
44264,5.45,5.38,0.89,0.7,10,614.25
44264.04,5.41,5.36,0.72,0.78,10,613.95
44264.08,5.43,5.35,0.64,0.74,10,613.77
44264.12,5.55,5.45,0.66,0.74,10,613.38
44264.17,5.03,5,0.72,0.85,10,613.21
44264.21,5.25,5.16,0.81,0.79,10,612.95
44264.25,5.29,5.06,0.83,0.96,10,613.02
44264.29,5.28,4.99,0.75,0.8,10,613.34
44264.33,5.28,5,0.75,0.63,10,613.74
44264.38,4.45,3.98,0.8,0.41,10,614.03
44264.42,6.88,5.08,0.86,0.38,10,614.35
44264.46,6.89,5.08,1.01,0.25,10,614.61
44264.5,7.04,5.16,0.95,0.18,10,614.29
44264.54,9.63,5.61,0.99,0.17,10,613.98
44264.58,9.86,5.68,1.16,0.31,10,613.16
44264.62,10.24,5.88,1.52,0.36,10,612.56
44264.67,9.7,5.78,1.74,0.4,10,612.19
44264.71,9.33,6.04,1.89,0.64,10,612.24
44264.75,7.32,5.74,1.66,0.64,10,612.57
44264.79,6.98,5.74,1.46,0.67,10,612.34
44264.83,7.06,5.91,1.34,0.6,10,612.96
44264.88,7.21,6.15,1.19,0.55,10,613.41
44264.92,7.08,6.13,1.06,0.49,10,613.57
44264.96,5.91,5.76,0.97,0.48,10,613.77
44265,6.1,6,0.92,0.41,10,613.41
44265.04,6.21,6.14,0.85,0.33,10,613.13
44265.08,6.41,6.2,0.83,0.44,10,612.72
44265.12,6.47,6.09,0.85,0.61,10,612.4
44265.17,6.31,6.04,0.71,0.74,10,612.11
44265.21,6.3,5.98,0.71,0.83,10,611.84
44265.25,5.83,5.73,1.05,0.9,10,611.96
44265.29,5.94,5.83,1.03,0.81,10,612.12
44265.33,5.84,5.74,0.99,0.79,10,612.65
44265.38,5.11,4.98,1.01,0.65,10,613.15
44265.42,6.19,5.15,1.11,0.63,10,613.34
44265.46,7.43,5.61,1.17,0.57,10,613.53
44265.5,7.62,5.74,1.15,0.52,10,613.29
44265.54,10.12,6.74,1.12,0.25,10,613.03
44265.58,10.07,6.92,1.25,0.14,10,612.33
44265.62,10.37,7.05,1.39,0.1,10,611.54
44265.67,10.73,7.36,1.59,0.28,10,611.25
44265.71,10.74,7.53,2.03,0.54,10,611.22
44265.75,7.73,6.38,1.85,0.7,10,611.43
44265.79,7.75,6.3,1.49,0.65,10,611.85
44265.83,7.64,6.58,1.46,0.63,10,612.88
44265.88,7.76,6.71,1.44,0.59,10,613.65
44265.92,7.55,6.86,1.29,0.51,10,614.38
44265.96,5.78,5.68,1.15,0.54,10,614.66
44266,5.89,5.86,1.08,0.66,10,614.63
44266.04,5.92,5.87,1,0.75,10,614.55
44266.08,6.26,6.12,0.84,0.78,10,614.37
44266.12,6.32,6.11,0.73,0.56,10,614.25
44266.17,5.91,5.87,0.64,0.23,10,613.8
44266.21,5.81,5.66,0.67,2.97,10,613.89
44266.25,5.71,5.39,0.63,2.73,10,614.08
44266.29,5.86,5.46,0.63,2.3,10,614.26
44266.33,5.88,5.51,0.45,2.13,10,614.7
44266.38,5.86,4.65,0.4,1.75,10,615.16
44266.42,9.03,5.86,0.21,2.2,9.99,615.34
44266.46,9.23,5.93,0.36,2.77,10,615.34
44266.5,9.19,5.94,0.53,2.77,10,615.11
44266.54,13.05,6.86,0.69,2.64,10,614.42
44266.58,14.03,7.32,0.86,2.79,10,613.71
44266.62,14.25,7.33,1.33,2.99,9.92,612.96
44266.67,14.02,7.62,1.47,3.06,9.99,612.5
44266.71,13.38,8.06,2.09,0.5,6.78,612.37
44266.75,10.67,6.92,1.77,0.57,4.55,612.65
44266.79,9.96,7.04,1.53,0.54,4.32,612.88
44266.83,9.16,7.21,1.64,0.54,4.4,613.45
44266.88,10.13,7.74,1.29,0.66,9.12,614.29
44266.92,9.88,7.67,0.95,0.67,10,615.05
44266.96,8.33,7.54,1.18,0.64,10,615.39
44267,8.17,7.58,1.14,0.63,10,615.42
44267.04,7.81,7.66,1,0.62,10,615.42
44267.08,7.85,7.65,0.9,0.57,10,615.25
44267.12,7.93,7.61,0.81,0.62,10,614.95
44267.17,6.98,6.82,0.75,0.69,10,614.62
44267.21,6.8,6.37,0.69,0.64,10,614.34
44267.25,6.38,6.06,0.72,0.52,10,614.46
44267.29,6.65,6.5,0.42,0.37,10,614.88
44267.33,6.74,6.58,0.55,1.77,10,614.85
44267.38,7.44,6.91,0.83,0.98,10,615.38
44267.42,10.95,7.76,0.8,1.02,9.97,615.24
44267.46,10.71,7.71,0.83,1.19,9.97,615.39
44267.5,11.54,8.04,0.78,1.32,10,614.88
44267.54,15.89,8.22,0.66,1.61,10,614.31
44267.58,16.44,7.77,0.81,2.75,10,613.43
44267.62,17.36,7.98,0.76,2.62,9.83,612.68
44267.67,18.56,8.04,1.56,0.17,3.33,612.21
44267.71,17.78,8.71,1.83,0.2,1.95,612.07
44267.75,13.65,7.7,1.81,0.38,1.9,612.11
44267.79,12.06,8.82,1.94,0.46,1.28,612.21
44267.83,11.44,8.8,2.07,0.66,2.56,613.22
44267.88,11.99,9.72,1.95,0.72,6.32,614.4
44267.92,11.64,9.54,1.64,0.69,10,615.08
44267.96,10.06,9.19,1.28,0.72,10,615.57
44268,9.92,9.24,1.29,0.76,10,615.82
44268.04,9.26,9.12,1.15,0.73,10,616.03
44268.08,9.27,9.1,0.98,0.62,10,616
44268.12,9.17,8.89,0.71,0.38,10,615.61
44268.17,8.16,8.08,0.5,2.26,10,615.38
44268.21,8.52,8.21,0.77,1.45,10,615
44268.25,7.92,7.63,0.78,1.34,9.95,615.18
44268.29,8.07,7.66,0.96,0.96,8.74,615.13
44268.33,7.65,7.27,1.22,0.8,8.31,615.42
44268.38,7.17,7.06,1.49,0.73,7.36,615.56
44268.42,13.7,8.96,1.47,0.88,6.02,615.38
44268.46,14.71,8.82,1.13,1.1,3.01,615.42
44268.5,15.2,9.17,0.81,1.63,2.03,614.93
44268.54,19.6,10.12,0.82,2.51,1.41,614.38
44268.58,20,9.99,1.18,3.03,1.62,613.25
44268.62,20.22,9.56,1.66,0.03,2.13,612.46
44268.67,21.52,9.25,1.81,0.37,2.53,611.69
44268.71,21.42,9.04,1.94,0.42,5.83,611.44
44268.75,16.13,9.65,1.8,0.63,4.29,611.44
44268.79,15.59,11.1,1.79,0.68,1.39,611.03
44268.83,15.6,10.8,1.64,0.57,0.83,611.44
44268.88,16.45,10.86,1.43,0.45,0.21,611.67
44268.92,15.33,10.95,1.25,0.52,0.32,611.89
44268.96,12.71,10.77,1.01,0.59,0.47,611.84
44269,12.53,10.91,0.88,0.57,4.16,611.88
44269.04,12.24,10.87,0.62,0.49,6.08,611.47
44269.08,12.35,10.97,0.44,1.91,7.6,611.07
44269.12,12.32,11.03,0.66,1.37,10,610.17
44269.17,11,10.63,0.9,1.31,10,609.69
44269.21,11.3,10.85,0.94,1.11,10,609.01
44269.25,10.5,10.25,1.08,1.44,9.93,609.03
44269.29,10.24,9.73,1.14,1.34,8.13,609.54
44269.33,10.18,9.35,1.21,1.14,7.97,609.06
44269.38,10.61,8.87,1.35,1.04,5.91,609.42
44269.42,15.83,9.43,1.31,1.05,2.86,609.21
44269.46,16.7,9.54,1.15,1.34,1.15,608.95
44269.5,17.57,9.36,1.14,1.67,0.83,608.19
44269.54,21.44,8.52,0.95,1.97,1.26,607.38
44269.58,21.78,7.5,0.91,2.73,1.64,606.74
44269.62,21.64,6.71,1.38,0.57,1.2,606.15
44269.67,20.54,7.07,1.84,0.61,4.81,606.19
44269.71,19.27,9.68,1.88,0.6,3.76,606.36
44269.75,15.2,10.58,2.13,0.62,5.92,607.09
44269.79,14.87,12.16,1.54,0.65,8.08,607.41
44269.83,14.05,12.52,1.65,0.73,9.28,608.23
44269.88,14.05,12.93,1.61,0.8,10,608.88
44269.92,13.54,12.04,1.42,0.71,10,609.3
44269.96,12.12,11.14,1.29,0.67,10,609.73
44270,12.38,11.1,1.16,0.6,10,609.83
44270.04,12.14,10.93,1,0.72,10,609.69
44270.08,12.32,10.94,0.85,0.83,10,609.52
44270.12,12.38,10.95,0.65,0.93,10,608.9
44270.17,11.57,10.4,0.37,1.16,9.89,608.73
44270.21,11.65,10.56,0.14,1.59,9.29,608.41
44270.25,10.75,10.11,0.45,1.46,9.27,608.73
44270.29,10.65,10.14,0.97,1.34,8.83,608.8
44270.33,10.9,10.09,1.12,1.01,7.85,609.02
44270.38,11.08,8.86,1.38,0.74,6.03,609.5
44270.42,16.52,10.14,0.89,0.66,6.38,609.77
44270.46,17.27,9.91,0.23,1.69,0.52,609.95
44270.5,17.42,9.32,0.53,0.06,3.55,609.67
44270.54,21.1,8.03,0.74,0.6,4.49,609.48
44270.58,20.91,7.61,1.12,0.64,3.57,608.68
44270.62,20.32,8.01,1.67,0.55,3.57,608.43
44270.67,20.26,8.55,2.08,0.5,4.63,607.95
44270.71,19.47,9.45,2.08,0.77,4.33,608.12
44270.75,15.11,8.98,2.04,0.86,3.58,608.27
44270.79,15.37,10.24,1.62,0.92,3.33,609.11
44270.83,14.98,10.66,1.64,0.79,5.2,609.58
44270.88,15.89,10.53,1.31,0.5,2.31,609.87
44270.92,15.39,11.33,0.99,0.1,2.46,610.11
44270.96,12.6,10.08,0.77,0.23,4.95,610.47
44271,12.72,11.09,0.52,0.4,4.32,610.29
44271.04,12.45,11.58,0.46,2.11,5.54,610.25
44271.08,12.71,11.2,0.43,0.13,5.48,609.74
44271.12,12.58,11.42,0.22,0.96,3.83,609.39
44271.17,12.16,11.26,0.47,1.04,4.73,609.08
44271.21,12.43,11.49,0.29,1.38,6.32,608.79
44271.25,10.9,10.72,0.33,0.95,10,609.06
44271.29,10.86,10.69,0.42,2.38,10,609.01
44271.33,10.63,10.45,0.57,1.86,10,609.3
44271.38,9.4,9.28,0.62,1.23,9.96,609.72
44271.42,14.2,11.76,0.59,1.05,10,610.09
44271.46,14.26,11.09,0.43,2.09,10,610.04
44271.5,14.88,10.7,0.63,2.81,5.11,609.57
44271.54,19.04,10.75,0.61,0.21,5.37,609.16
44271.58,19.32,10.39,0.97,0.29,3.95,608.44
44271.62,19.09,10.45,1.36,0.33,4.11,607.83
44271.67,19.47,12.04,1.81,0.37,4.2,607.32
44271.71,19.54,12.58,2.12,0.46,3.57,607.41
44271.75,15.78,11.28,2.13,0.5,3.36,607.48
44271.79,15.39,12.32,2.2,0.58,2.37,607.71
44271.83,14.93,13.22,1.98,0.59,2.06,608.28
44271.88,15.75,13.63,1.77,0.62,7.68,608.74
44271.92,15.76,13.7,1.51,0.64,10,609.23
44271.96,13.67,12.76,1.28,0.63,10,609.55
44272,13.86,12.89,0.63,0.63,10,609.52
44272.04,13.53,12.96,0.97,0.64,10,609.51
44272.08,13.61,13.01,0.6,0.58,10,608.94
44272.12,13.67,12.97,0.66,0.53,10,608.83
44272.17,12.49,12.31,0.39,0.44,10,608.43
44272.21,12.11,12,0.26,3.06,10,608.13
44272.25,12.22,11.91,0.35,2.77,10,608.62
44272.29,12.19,11.93,0.7,1.63,9.97,608.53
44272.33,11.85,11.58,0.89,1.31,9.84,608.68
44272.38,11.21,10.35,1.2,1.2,6.06,608.89
44272.42,16.48,11.65,1.06,1.29,3.73,608.92
44272.46,17.31,11.33,0.9,1.42,1.65,608.59
44272.5,18.02,10.48,0.85,1.48,1.02,608.19
44272.54,22.78,9.49,0.72,1.76,0,607.46
44272.58,23.52,8.34,0.85,2,0,606.86
44272.62,24.19,7.01,1.04,2.26,0.2,605.99
44272.67,25.27,5.31,1.02,2.7,0.39,605.57
44272.71,24.62,4.97,1.21,0.37,0.67,605.52
44272.75,20.61,7.27,1.54,0.58,0.99,605.73
44272.79,18.62,10.99,2.1,0.41,0.91,606.42
44272.83,17.92,12.03,2.04,0.48,3.44,606.91
44272.88,17.06,13.59,1.85,0.64,5.52,607.28
44272.92,16.9,14.29,1.7,0.76,6.8,607.97
44272.96,14.2,13.75,1.59,0.84,9.12,608.18
44273,15.01,14.5,1.47,0.85,10,608.39
44273.04,13.77,13.66,1.36,0.8,10,608.44
44273.08,15,14.59,0.82,0.72,10,608.35
44273.12,15.53,14.71,1.03,0.65,10,608.08
44273.17,14.46,14.4,1.18,0.72,10,608.04
44273.21,14.43,14.14,0.84,0.8,10,607.75
44273.25,13.07,13.01,0.65,0.67,10,608.32
44273.29,12.75,12.61,0.71,0.05,10,608.63
44273.33,13.1,12.87,0.32,0.34,10,608.97
44273.38,11.7,11.59,0.69,1.89,10,609.14
44273.42,15.95,14.09,0.73,1.77,9.36,609.22
44273.46,16.39,12.94,0.8,1.83,2.91,608.78
44273.5,17.67,12.34,0.72,1.81,1.77,608.36
44273.54,21.8,12.35,0.75,2.45,1.47,607.71
44273.58,22.07,10.9,0.88,2.62,0.84,606.94
44273.62,21.97,10.34,1.03,2.79,0.95,606.15
44273.67,22.33,11.27,1.23,0.08,1.21,605.81
44273.71,21.64,12.39,1.66,0.37,1.61,605.84
44273.75,19.16,8.21,1.91,0.28,2.02,606.23
44273.79,17.74,11.18,2.12,0.39,3.84,606.47
44273.83,16.05,13.11,1.61,0.52,5.92,606.91
44273.88,16.14,13.68,1.43,0.68,5.92,607.38
44273.92,15.07,13.69,1.33,0.71,7.68,608.08
44273.96,13.98,13.89,1.2,0.71,8.48,608.36
44274,14.05,13.83,1.13,0.65,10,607.97
44274.04,13.44,13.23,1.17,0.66,10,608.22
44274.08,14.19,13.9,1.21,0.79,10,607.99
44274.12,14.43,13.99,1,0.83,10,607.71
44274.17,13.79,13.52,0.81,0.77,10,607.63
44274.21,13.28,13.14,0.48,0.36,10,607.33
44274.25,13.32,13.32,0.46,1.5,10,607.74
44274.29,12.17,12.18,0.52,1.1,10,607.69
44274.33,12.52,12.52,0.84,1.05,10,607.77
44274.38,12.3,11.61,0.83,1.22,10,608.05
44274.42,15.09,12.38,0.63,1.79,3.92,608.18
44274.46,15.94,12.46,0.64,1.78,1.88,608.07
44274.5,16.83,12.33,0.43,1.82,1.65,607.84
44274.54,19.46,12.59,0.54,0.08,1.49,607.41
44274.58,19.42,13.11,1,0.54,1.79,606.88
44274.62,18.24,13.45,2.17,0.56,1.77,606.81
44274.67,17.54,14.4,2.63,0.56,3.44,606.97
44274.71,15.94,14.4,2.79,0.64,6.64,607.68
44274.75,12.68,12.65,2.49,0.8,7.84,608.33
44274.79,12.66,12.53,2.06,0.84,10,609.09
44274.83,13.1,12.61,1.71,0.77,10,610.09
44274.88,13.35,12.78,1.96,0.77,10,610.47
44274.92,12.29,11.85,1.83,0.85,10,611.31
44274.96,9.64,9.58,1.98,0.93,10,611.86
44275,9.63,9.59,1.95,0.94,10,612.09
44275.04,9.2,8.65,1.74,0.94,10,612.25
44275.08,9.33,8.94,1.64,0.97,10,612.14
44275.12,9.36,8.86,1.63,0.96,10,612.13
44275.17,7.26,6.8,1.73,0.9,10,612.2
44275.21,6.96,6.39,1.68,0.85,10,612.11
44275.25,6.15,5.51,1.48,0.66,9.88,611.52
44275.29,5.95,5,1.55,0.7,9.57,612.03
44275.33,6.46,5.58,1.47,0.8,9.45,612.22
44275.38,5.3,4.41,1.53,0.81,9.67,612.66
44275.42,7.22,4.55,1.54,0.72,10,613
44275.46,6.47,3.79,1.5,0.59,10,612.81
44275.5,6.86,3.73,1.68,0.47,10,612.41
44275.54,7.79,3.8,1.74,0.42,10,611.87
44275.58,7.99,4.07,1.87,0.46,10,611.03
44275.62,7.59,4.03,2.07,0.63,10,610.46
44275.67,6.54,3.82,2.4,0.72,10,609.99
44275.71,6.63,3.8,2.15,0.69,10,610.28
44275.75,4.65,2.88,1.99,0.7,9.99,611.38
44275.79,4.41,2.83,2.08,0.82,9.91,611.89
44275.83,4.1,3.33,1.77,0.94,10,613.22
44275.88,3.86,3,1.63,0.94,9.99,613.97
44275.92,2.53,1.79,1.57,0.96,9.88,614.97
44275.96,0.97,0.81,1.49,1.02,10,615.6
44276,1.47,0.81,1.44,1.06,9.96,615.91
44276.04,1.62,0.65,1.42,1.12,10,616.13
44276.08,2.11,0.93,1.34,1.1,9.99,616.08
44276.12,2.66,1.38,1.27,1.08,10,616.16
44276.17,2.13,0.87,1.23,1.02,9.91,616.18
44276.21,2.62,1.27,1.18,0.99,9.76,616.15
44276.25,2.31,0.98,1.41,0.82,9.68,616.13
44276.29,2.46,1.16,1.48,0.8,9.68,616.43
44276.33,2.53,1.29,1.66,0.81,9.09,616.94
44276.38,2.4,0.97,1.85,0.88,8.84,617.52
44276.42,3.16,0.95,1.77,0.92,8.55,617.98
44276.46,2.75,0.95,1.71,0.95,9.39,618.08
44276.5,2.34,0.35,1.83,0.92,8.13,617.84
44276.54,2.87,0,1.74,0.97,8.92,617.51
44276.58,2.59,-0.51,1.75,0.93,7.76,616.94
44276.62,2.39,-0.81,1.86,0.87,8.25,616.12
44276.67,1.93,-1.16,1.89,0.83,8.06,615.78
44276.71,1.98,-1.13,1.97,0.88,8.37,615.82
44276.75,1.3,-1.52,1.82,0.89,9.44,616.53
44276.79,1.41,-1.46,1.66,0.97,9.63,617.08
44276.83,1.81,-1.28,1.28,0.72,8.91,617.81
44276.88,2.09,-1.08,1.03,0.91,9.25,618.29
44276.92,1.95,-1.18,0.83,0.69,9.39,619.08
44276.96,0.95,-1.88,0.68,0.43,9.37,619.12
44277,1.29,-1.79,0.71,3.13,8.34,619.34
44277.04,1.35,-1.64,0.65,0.22,7.93,619.36
44277.08,1.29,-1.38,0.6,0.06,8.19,619
44277.12,1.34,-1.18,0.51,2.87,7.79,618.57
44277.17,1.39,-1.55,0.49,2.51,8.17,617.96
44277.21,1.73,-1.64,0.48,2.26,7.39,617.51
44277.25,2.72,-1.34,0.59,2.72,7.69,617.5
44277.29,2.85,-1.44,0.68,2.28,7.58,617.59
44277.33,2.42,-1.63,0.67,3.05,7.75,617.7
44277.38,2.05,-1.89,0.97,0.27,6.77,618.11
44277.42,4.26,-1.28,1.12,0.4,7.09,618.35
44277.46,3.92,-1.55,1.06,0.33,8.29,618.4
44277.5,4.1,-1.41,1.14,0.28,7.93,618.16
44277.54,6.48,-1.36,1.15,0.3,8.23,617.52
44277.58,5.9,-1.67,1.35,0.35,9.84,616.74
44277.62,5.99,-1.54,1.48,0.32,9.99,615.94
44277.67,6.01,-1.31,1.71,0.49,9.73,615.4
44277.71,5.3,-1.39,1.74,0.59,8.91,615.27
44277.75,3.3,-1.73,1.45,0.66,8.63,615.2
44277.79,3.25,-1.99,1.48,0.56,7.44,615.29
44277.83,3.11,-1.39,1.41,0.65,7.92,615.78
44277.88,3.35,-1.39,1.15,0.74,8.6,616.32
44277.92,3.06,-0.46,1.02,0.88,9.03,616.87
44277.96,2.66,-0.16,0.9,0.89,8.34,616.85
44278,2.55,-0.01,0.9,0.78,7.57,616.76
44278.04,2.21,0.4,0.78,0.79,7.02,616.87
44278.08,2.34,0.44,0.49,0.75,6.84,616.28
44278.12,2.48,0.4,0.24,1.19,6.51,615.58
44278.17,2.06,-0.01,0.77,1.32,6.99,615.01
44278.21,2.32,0.11,0.95,1.38,5.33,614.12
44278.25,3.02,1.16,0.98,1.52,4.79,614.21
44278.29,3.51,0.25,0.88,1.5,4.09,614.09
44278.33,3.22,0.36,0.91,1.33,3.39,614.32
44278.38,3.81,0.47,1.05,1.1,1.44,614.45
44278.42,9.35,2.16,0.96,1.13,0.56,614.68
44278.46,10.32,3.03,0.65,1.58,0.24,614.31
44278.5,11.57,4.11,0.56,2.72,1.21,614.03
44278.54,16.14,5.46,0.74,3.12,2.21,613.36
44278.58,16.42,5.89,0.94,0.16,6.73,612.44
44278.62,16.57,5.95,1.79,0.26,4.32,611.68
44278.67,18.78,6.43,2.07,0.28,2.19,611.07
44278.71,18.24,6.8,2.1,0.29,1.47,610.92
44278.75,13.56,6.16,2.14,0.38,2.28,611.03
44278.79,12.56,7.16,2.05,0.55,4.99,611.37
44278.83,12.93,6.53,1.68,0.54,5.89,611.83
44278.88,14.05,6.87,1.55,0.47,4.45,612.25
44278.92,13.09,7.35,1.29,0.43,1.56,612.78
44278.96,9.18,6.27,0.84,2.99,1.59,612.71
44279,9.06,6.32,0.52,1.58,1.96,612.69
44279.04,8.46,6.36,0.72,1.3,2.57,612.31
44279.08,8.14,6.39,0.74,1.24,0,611.78
44279.12,7.39,6.26,0.69,1.17,0.76,611.31
44279.17,6.03,5.74,0.76,1.12,0.72,610.83
44279.21,5.26,4.85,0.89,1.03,8.72,610.44
44279.25,3.78,3.48,1.03,0.87,10,610.54
44279.29,3.2,2.89,1.15,0.78,10,610.42
44279.33,3.48,2.9,1.28,0.76,9.92,610.65
44279.38,3.76,3.76,0.95,0.84,8.08,610.99
44279.42,12.09,7.48,0.36,2.08,0.95,610.86
44279.46,13.6,7.64,0.89,3.13,0.91,610.82
44279.5,13.86,8.09,1.36,0.17,1.34,610.47
44279.54,17.8,8.63,1.51,0.12,2.97,609.66
44279.58,17.8,8.97,1.91,0.22,3.13,609.06
44279.62,17.31,9.33,2.18,0.35,5.04,608.48
44279.67,17.3,10.24,2.63,0.46,1.98,608.06
44279.71,15.98,10.47,2.6,0.56,4.64,608.22
44279.75,11.55,8.86,2.39,0.64,7.6,608.46
44279.79,11.06,8.8,1.82,0.55,10,609.09
44279.83,11.48,9.14,1.4,0.5,10,609.56
44279.88,11.76,9.06,1.39,0.6,10,609.93
44279.92,11.27,9.26,1.36,0.72,10,610.71
44279.96,9.32,7.65,1.46,0.62,10,611.05
44280,8.53,6.75,1.17,0.52,10,610.98
44280.04,8.43,7.26,1.15,0.53,10,610.73
44280.08,8.57,7.31,1,0.53,10,610.47
44280.12,8.81,7.41,0.96,0.48,10,610.02
44280.17,8.11,7.17,0.91,0.41,10,609.82
44280.21,8.34,7.37,0.89,0.33,10,609.56
44280.25,8.33,7.68,1.02,0.36,10,609.82
44280.29,8.03,7.23,0.93,0.26,10,610.18
44280.33,8.09,7.28,0.82,0.33,10,610.39
44280.38,8.33,7.3,0.8,0.3,10,610.74
44280.42,10.42,8.12,0.64,3.03,10,610.85
44280.46,10.89,7.88,0.78,2.24,10,610.57
44280.5,11.16,7.96,0.96,2.19,10,610.2
44280.54,15.13,9.05,0.97,2.47,8.48,609.24
44280.58,16.11,8.8,1.24,3.05,6.35,608.38
44280.62,15.93,9.24,1.73,0.51,4.32,607.37
44280.67,16.18,10.12,2.38,0.44,5.92,606.79
44280.71,15.55,10.45,2.67,0.53,5.6,606.73
44280.75,12.2,10.1,2.23,0.76,10,607.62
44280.79,9.8,9.43,1.75,0.78,10,607.35
44280.83,9.98,9.59,1.47,0.77,10,607.86
44280.88,10.24,9.33,1.34,0.76,10,608.41
44280.92,10.22,9.17,1.25,0.65,10,609.03
44280.96,8.36,8.12,1.08,0.66,10,609.01
44281,8.29,7.9,1.01,0.63,10,609.16
44281.04,8.28,7.68,0.93,0.56,10,608.95
44281.08,8.37,7.61,0.88,0.57,10,608.74
44281.12,8.74,7.87,0.93,0.58,10,608.3
44281.17,7.88,7.28,0.97,0.54,10,608.08
44281.21,7.94,7.46,1.03,0.49,10,607.95
44281.25,6.5,6.34,1.21,0.46,10,608.69
44281.29,6.78,6.12,1.23,0.51,10,609.42
44281.33,6.28,6.16,1.31,0.56,10,610.2
44281.38,5.48,5.13,1.44,0.54,10,611.08
44281.42,8.62,6.93,1.53,0.56,10,611.58
44281.46,8.1,6.7,1.67,0.43,10,611.66
44281.5,8.3,6.46,1.64,0.44,10,611.62
44281.54,11.01,7.34,1.69,0.43,10,611.04
44281.58,11.7,7.21,1.78,0.55,10,610.26
44281.62,11.92,7.24,2.25,0.48,8.96,609.68
44281.67,11.98,7.08,2.33,0.67,10,609.03
44281.71,11.65,7.07,2.34,0.74,10,608.99
44281.75,7.53,5.72,2.05,0.71,10,609.12
44281.79,8.09,5.82,1.9,0.86,10,609.72
44281.83,8.86,6.27,1.78,0.79,10,610.78
44281.88,9.06,6.5,1.51,0.88,9.93,611.17
44281.92,8.69,6.58,1.36,0.96,9.53,611.8
44281.96,7.36,5.52,1.14,0.96,9.24,612.03
44282,7.53,5.85,0.9,1.09,8.89,612.19
44282.04,7.25,5.83,0.65,1.4,8.44,611.94
44282.08,6.72,5.18,0.47,1.8,7.21,611.69
44282.12,7.08,5.4,0.45,1.96,7.52,610.98
44282.17,6.41,5.02,0.29,1.93,6.28,610.66
44282.21,6.73,5.55,0.17,1.82,6.15,610.49
44282.25,6.3,5.73,0.37,2.11,4.76,610.6
44282.29,6.13,5.59,0.55,0.9,3.35,611.07
44282.33,6.17,5.79,0.56,1.17,3.17,611.14
44282.38,6.09,3.77,0.53,1.34,3.09,611.42
44282.42,12.7,5.04,0.3,0.74,6.08,611.59
44282.46,12.78,5.41,0.08,2.99,5.27,611.47
44282.5,12.71,5.22,0.18,0.49,7.48,611.16
44282.54,17.15,5.27,0.58,0.43,6.34,610.35
44282.58,17.97,5.67,1.42,0.35,5.42,609.68
44282.62,18.47,5.67,1.15,0.37,7.22,609.23
44282.67,19.97,5.1,1.49,0.48,7.87,608.8
44282.71,19.83,5.4,1.9,0.59,5.48,608.86
44282.75,14.23,5.46,1.93,0.86,4.38,609.35
44282.79,14.2,7.21,1.5,0.88,4.58,609.7
44282.83,14.5,6.28,1.63,0.85,1.65,610.17
44282.88,15.55,6.31,1.42,0.38,1.75,610.95
44282.92,14.61,6.98,0.97,0.24,3.26,611.69
44282.96,11.05,6.62,0.25,1.7,4.45,611.77
44283,10.89,6.54,0.88,1.29,4.35,611.63
44283.04,10.5,6.41,1.3,1.04,3.6,611.05
44283.08,10.23,6.17,1.35,0.94,3.59,610.82
44283.12,10.34,6.26,1.47,0.9,1.84,609.97
44283.17,8.67,5.84,1.57,0.87,0.01,609.6
44283.21,8.29,5.56,1.57,0.84,0,609.08
44283.25,7.65,5.55,1.57,0.79,0.01,609.14
44283.29,7.56,5.49,1.78,0.77,0,609.19
44283.33,7.65,5.66,1.64,0.84,0,609.27
44283.38,9.78,7.47,1.3,0.9,0.08,609.45
44283.42,16.88,8.14,1.29,0.97,0,609.24
44283.46,17.36,8.37,1.01,1.19,0,609.31
44283.5,17.78,7.81,0.89,1.19,1.45,608.58
44283.54,23.18,6.91,0.85,1.03,1.77,607.91
44283.58,23.32,5.27,0.84,1.19,1.54,606.99
44283.62,23.5,4.2,0.89,1.38,2.4,606.09
44283.67,24.62,2.36,0.84,2.18,4.74,605.28
44283.71,24.76,1.09,0.87,2.92,6.25,604.83
44283.75,21.19,2.08,1.31,0.14,1.52,604.81
44283.79,19.91,5.23,1.87,0.09,0.16,605.16
44283.83,21.06,3.93,1.52,0.03,0.12,605.17
44283.88,20.08,5.93,1.11,2.66,0.23,605.51
44283.92,18.88,8.08,0.86,1.49,0.38,605.57
44283.96,15.96,7.71,1,0.92,1.85,605.52
44284,15.61,7.7,1.22,0.85,2.77,605.54
44284.04,15.2,7.02,1.23,0.78,3.25,605.12
44284.08,15.09,6.55,0.9,0.84,3.53,604.86
44284.12,14.95,6.34,0.53,0.93,4.79,604.57
44284.17,13.77,6.1,0.27,0.99,5.44,604.42
44284.21,13.41,5.87,0.05,2.59,2.24,604.61
44284.25,12.5,2.42,0.1,1.27,2.72,605.3
44284.29,12.16,2.38,0.16,2.95,3.44,605.86
44284.33,10.98,2.56,0.13,0.07,3.5,606.12
44284.38,11,4.93,0.41,2.86,3.1,606.31
44284.42,17.26,8.59,0.71,2.65,2.11,606.21
44284.46,17.99,8.87,0.76,2.32,1.39,605.69
44284.5,18.98,7.73,0.67,2.6,1.23,605.29
44284.54,22.81,6.67,0.72,2.95,0.11,604.49
44284.58,23.19,5.27,0.84,0.26,0.15,603.86
44284.62,22.93,5.46,1.29,0.5,0.85,603.27
44284.67,22.84,7.12,1.59,0.55,4.07,602.91
44284.71,22.18,9.27,1.81,0.48,7.36,602.88
44284.75,18.13,8.69,2.1,0.51,7.05,603.47
44284.79,17.76,11.29,1.68,0.49,8.56,603.69
44284.83,17.19,13.08,2.16,0.61,9.03,604.28
44284.88,17,13.26,1.96,0.78,8.97,604.98
44284.92,16.96,13.5,1.6,0.87,9.67,605.55
44284.96,14.45,11.82,1.2,0.91,9.79,605.84
44285,14.85,12.18,0.67,0.71,9.15,606.02
44285.04,14.33,11.79,0.77,0.58,8.75,605.77
44285.08,14.54,11.61,0.69,0.82,8.69,605.33
44285.12,14.38,11.72,0.48,0.96,8.57,604.89
44285.17,12.54,11.09,0.13,0.8,8.62,604.49
44285.21,12.68,11.11,0.54,0.86,8.77,604.12
44285.25,12.83,10.67,0.32,0.08,8.84,604.37
44285.29,13,11.04,0.65,0.34,8.96,604.71
44285.33,11.69,10.21,1.11,0.78,9.01,604.7
44285.38,10.96,9.04,1.31,0.69,6.16,604.82
44285.42,16.95,10.86,0.92,0.69,0.91,604.77
44285.46,17.81,9.56,0.71,0.78,0.04,604.48
44285.5,18.51,7.59,0.44,0.7,0.17,604.19
44285.54,22.75,6.01,0.31,2.3,0.28,603.62
44285.58,22.98,4.45,0.63,2.92,0.3,603.15
44285.62,23.41,3.73,0.98,3.09,0.67,602.41
44285.67,23.64,3.42,1.16,0.06,0.81,602.05
44285.71,23.43,4.25,1.57,0.4,2.84,601.62
44285.75,19.68,5.59,1.87,0.5,3.33,602.43
44285.79,18.38,9.68,2.22,0.51,1.7,602.62
44285.83,17.08,10.95,2.13,0.6,0.5,603.23
44285.88,17.35,12.63,2.09,0.69,0.23,603.68
44285.92,15.56,12.08,2.06,0.74,0.73,604.47
44285.96,14.31,11.58,1.62,0.68,1.28,604.54
44286,14.97,11.93,1.31,0.65,1.27,604.58
44286.04,15.15,12.02,1.19,0.56,1.03,604.36
44286.08,15.42,12.34,1.16,0.62,2.31,604.07
44286.12,15.66,12.64,0.88,0.67,8.58,603.75
44286.17,14.09,12.3,0.57,0.49,9.35,603.39
44286.21,14.13,12.63,0.46,1.4,9.16,603.12
44286.25,13.08,12.44,0.71,2.31,9.96,603.59
44286.29,13.13,12.4,0.71,1.97,10,603.39
44286.33,12.32,11.93,0.78,1.97,10,603.91
44286.38,12.8,11.13,0.68,2.33,7.07,604.36
44286.42,17.66,11.14,0.54,2.47,2.71,604.49
44286.46,18.4,9.49,0.29,2.42,2.08,604.58
44286.5,19.11,8.33,0.14,1.87,5.21,604.18
44286.54,21.63,7.12,0.49,0.01,6.87,603.51
44286.58,21.75,6.75,1.57,0.86,4.29,603.1
44286.62,21.47,6.77,1.6,0.58,4.16,602.61
44286.67,20.66,8.03,1.8,0.38,4.96,602.34
44286.71,19.85,9.56,1.87,0.31,6.8,602.22
44286.75,17.71,10.8,1.93,0.32,5.84,602.97
44286.79,16.88,12.36,2.02,0.48,6.08,603.27
44286.83,16.19,13.28,1.53,0.59,7.44,603.65
44286.88,15.46,13.85,1.65,0.69,7.76,604.3
44286.92,14.83,13.55,1.94,0.79,10,604.94
44286.96,12.66,12.47,1.39,0.81,10,605.1
44287,13.04,12.41,1.39,0.87,10,605.23
44287.04,12.97,12.51,1.33,0.92,10,605.09
44287.08,13.22,12.75,1.29,0.92,10,605.24
44287.12,13.36,12.81,1.28,0.86,10,605.21
44287.17,12.93,12.42,1.07,0.86,10,605.23
44287.21,12.93,12.34,1.07,0.77,10,605.48
44287.25,12.62,12.61,1.1,0.31,10,605.73
44287.29,12.54,12.49,0.89,0.21,10,605.99
44287.33,12.01,12,0.98,0.23,10,606.86
44287.38,11.51,11.51,1.43,0.54,10,607.37
44287.42,12.79,11.78,1.83,0.64,10,607.54
44287.46,13.09,12.03,2.08,0.56,10,608.04
44287.5,13.24,11.55,2.36,0.6,9.36,607.81
44287.54,13.89,12.01,2.51,0.62,10,607.38
44287.58,13.82,11.96,2.55,0.71,10,607.01
44287.62,13.48,11.5,2.46,0.73,10,606.42
44287.67,12.4,9.91,2.45,0.72,10,606.37
44287.71,11.65,9.34,2.3,0.74,10,606.21
44287.75,9.81,9.38,1.93,0.6,10,606.55
44287.79,8.9,8.3,1.86,0.74,10,606.73
44287.83,8.5,8.29,1.71,0.76,10,607.3
44287.88,7.6,7.45,1.63,0.87,10,607.75
44287.92,7.67,7.56,1.48,0.89,10,608.52
44287.96,7,6.79,1.52,0.77,10,608.65
44288,6.9,6.53,1.32,0.77,10,608.75
44288.04,6.98,6.71,1.2,0.71,10,608.35
44288.08,6.95,6.69,1.09,0.7,10,608.36
44288.12,7.09,6.82,1.03,0.63,10,608.05
44288.17,6.09,5.84,0.9,0.59,10,607.99
44288.21,6.29,6,0.85,0.62,10,607.99
44288.25,6.93,6.34,1,0.61,10,608.05
44288.29,7.22,6.77,1.16,0.71,10,608.19
44288.33,6.37,5.56,1.21,0.79,10,609
44288.38,6.71,6.29,1.27,0.7,10,609.59
44288.42,8.56,6.42,1.25,0.64,10,609.73
44288.46,10.55,6.93,1.49,0.55,10,609.79
44288.5,11.53,7.41,1.76,0.48,10,609.58
44288.54,13.64,7.74,2.12,0.36,10,608.97
44288.58,14.22,7.87,2.53,0.33,8.8,608.54
44288.62,13.53,8.17,2.78,0.5,8.24,607.96
44288.67,12.74,8.63,2.97,0.6,10,607.87
44288.71,11.55,8.48,2.91,0.61,10,607.89
44288.75,8.05,7.76,2.5,0.72,10,608.84
44288.79,6.91,6.55,2.14,0.74,10,608.98
44288.83,7.34,6.51,1.96,0.8,10,609.88
44288.88,8.12,6.32,1.7,0.86,10,610.76
44288.92,7.49,6.68,1.52,0.86,10,611.65
44288.96,5.54,4.88,1.53,0.77,10,611.97
44289,5.78,4.73,1.42,0.83,10,612.48
44289.04,5.37,4.88,1.29,0.94,10,612.24
44289.08,5.71,5.01,1.07,0.98,10,612.16
44289.12,5.67,5.1,0.99,0.92,10,611.93
44289.17,5.03,4.74,0.79,0.94,9.96,611.83
44289.21,4.97,4.52,0.81,0.89,10,611.79
44289.25,4.47,4.06,0.91,0.88,10,612.27
44289.29,4.59,4.12,0.97,0.79,10,612.76
44289.33,4.25,3.79,0.9,0.59,10,613.26
44289.38,4.66,3.92,0.89,0.5,10,613.58
44289.42,8.89,4.58,0.81,0.51,10,613.8
44289.46,8.55,4.55,0.78,0.27,10,613.69
44289.5,8.53,4.63,1.06,0.27,10,613.19
44289.54,12.45,6.02,1.23,0.21,8.64,612.83
44289.58,12.8,6.16,1.62,0.15,9.12,611.55
44289.62,13.55,6.29,2.54,0.39,5.34,610.88
44289.67,13.04,6.61,2.67,0.51,7.28,610.23
44289.71,12.97,6.89,2.65,0.64,7.28,610.33
44289.75,8.36,5.23,2.56,0.7,10,610.41
44289.79,8.01,5,2.02,0.76,10,611.47
44289.83,8.35,5.27,1.53,0.83,10,612.13
44289.88,8.71,5.5,1.48,0.82,10,612.63
44289.92,8.58,5.37,1.38,0.87,10,613.35
44289.96,6.06,4.42,1.25,0.87,10,613.81
44290,6.13,4.88,1.03,0.88,10,613.99
44290.04,5.8,5.33,0.83,1.01,10,613.73
44290.08,5.94,5.46,0.58,0.92,10,613.61
44290.12,5.92,5.37,0.46,0.82,10,613.25
44290.17,5.71,5.41,0.38,0.69,10,612.85
44290.21,5.85,5.51,0.32,0.28,10,612.83
44290.25,5.37,5.18,0.17,2.45,10,612.66
44290.29,5.57,5.1,0.38,2.94,9.76,612.97
44290.33,5.63,4.85,0.46,2.85,10,613.36
44290.38,5.97,4.72,0.64,2.89,10,613.96
44290.42,8.48,6.09,0.76,3.05,10,613.8
44290.46,8.7,6.32,0.86,3.03,9.76,613.75
44290.5,9.05,6.7,1.13,3.04,8.16,613.16
44290.54,12.82,7.91,1.6,0.12,5.6,612.41
44290.58,13.09,7.89,2.02,0.29,4.48,611.53
44290.62,13.99,8.02,2.41,0.46,9.04,610.89
44290.67,13.59,8.28,2.6,0.52,6.48,610.38
44290.71,12.6,8.53,2.52,0.6,8.96,610.27
44290.75,9.12,7.27,2.23,0.75,10,610.69
44290.79,8.47,6.94,1.85,0.8,10,610.74
44290.83,8.42,6.78,1.49,0.92,10,611.79
44290.88,8.73,6.76,1.55,0.86,10,612.57
44290.92,8.6,6.94,1.32,0.89,10,613.26
44290.96,7.41,6.24,1.21,0.74,10,613.47
44291,7.52,6.24,0.95,0.67,10,613.6
44291.04,7.35,6.1,0.71,0.72,10,613.35
44291.08,7.52,6.13,0.7,0.76,10,613.05
44291.12,7.78,6.23,0.71,0.82,10,612.68
44291.17,7.54,6.14,0.96,0.78,10,612.43
44291.21,7.65,6.22,0.98,0.79,10,612.65
44291.25,6.6,5.94,1.08,0.86,10,613.43
44291.29,6.79,6.12,1.1,0.75,10,613.39
44291.33,6.45,5.45,1.16,0.71,10,614.17
44291.38,6.2,5.73,1.15,0.71,10,614.75
44291.42,7.68,6.55,1.04,0.63,10,614.76
44291.46,8.1,6.14,0.74,0.31,10,614.69
44291.5,8.23,5.74,0.67,3.05,10,614.41
44291.54,10.78,6.85,0.64,2.51,10,613.45
44291.58,11.95,7.24,0.75,2.72,10,612.96
44291.62,12.58,7.15,1.37,0.06,10,612.01
44291.67,12.31,7.82,1.69,0.13,10,611.63
44291.71,12.17,8.01,1.58,0.26,10,611.19
44291.75,11.56,7.69,1.38,0.7,10,611.68
44291.79,10.78,7.57,1.4,0.68,9.76,611.45
44291.83,10.19,7.78,1.49,0.73,8.78,611.96
44291.88,9.84,7.59,1.38,0.76,8.52,612.59
44291.92,9.81,7.44,0.93,0.71,10,613.28
44291.96,8.69,7.28,0.47,0.57,10,613.82
44292,8.99,7.51,0.2,2.43,10,613.51
44292.04,8.57,7.53,0.63,1.21,10,613.01
44292.08,8.75,7.61,0.65,1.3,10,612.45
44292.12,8.63,7.57,0.67,1.17,10,611.87
44292.17,8.67,8.02,0.77,1.16,9.99,611.85
44292.21,8.87,8.08,0.55,1.19,10,611.63
44292.25,8.54,8.19,0.76,0.64,10,611.59
44292.29,8.71,8.22,0.39,1.18,10,611.73
44292.33,8.94,8.61,0.49,0.16,10,612.59
44292.38,9.88,8.93,1.17,0.39,10,613.24
44292.42,11.31,9.4,1.22,0.32,10,613.54
44292.46,11.77,9.59,0.97,0.1,10,613.76
44292.5,12.25,9.86,1.06,0.18,10,613.56
44292.54,12.71,10.04,1.23,0.22,10,613.43
44292.58,12.56,10.49,1.61,0.34,10,612.72
44292.62,12.14,10.63,1.67,0.39,10,612.43
44292.67,11.59,10.6,1.65,0.47,10,612.09
44292.71,11.25,10.6,1.65,0.51,10,611.87
44292.75,9.79,9.78,1.7,0.73,10,612.46
44292.79,9.32,9.3,1.69,0.64,10,612.47
44292.83,9.34,9.29,1.55,0.71,10,612.97
44292.88,9.05,8.95,1.42,0.82,10,613.49
44292.92,8.66,8.58,1.39,0.76,10,614.03
44292.96,7.84,7.84,1.34,0.78,10,614.13
44293,7.87,7.84,1.15,0.79,10,614.29
44293.04,7.91,7.7,1.13,0.83,10,614.08
44293.08,8.03,7.85,1.06,0.84,10,613.69
44293.12,8.15,7.94,0.93,0.88,10,613.41
44293.17,8.1,7.81,0.88,0.93,10,613.24
44293.21,8.17,7.93,0.86,0.76,10,613.07
44293.25,8.03,7.66,0.97,0.86,10,613.27
44293.29,7.95,7.67,0.82,0.85,10,613.43
44293.33,7.46,7.27,0.76,0.81,9.95,613.98
44293.38,6.57,6.37,0.89,0.9,9.87,614.47
44293.42,9.33,7,0.98,0.88,9.87,614.74
44293.46,8.93,6.89,1,0.75,9.91,614.73
44293.5,8.66,6.84,1.03,0.59,9.91,614.47
44293.54,10.94,6.78,1.21,0.52,9.83,614.09
44293.58,10.26,6.6,1.3,0.59,10,613.59
44293.62,10.47,6.5,1.31,0.63,10,613
44293.67,10.47,5.94,1.16,0.67,10,612.53
44293.71,10.5,5.91,1.18,0.8,10,612.19
44293.75,8.64,5.53,1.26,0.97,9.2,612.57
44293.79,9.31,6.05,1.13,1.38,9.52,612.76
44293.83,9.82,6.42,0.96,1.1,9.87,613.38
44293.88,10.51,6.83,0.8,0.92,10,613.72
44293.92,10.21,7.12,0.61,1.27,10,614.09
44293.96,8.44,6.97,0.57,1.23,9.99,614.28
44294,8.56,7.08,0.39,1.52,10,614.16
44294.04,8.59,7.41,0.63,1.63,10,613.98
44294.08,8.84,7.4,0.58,1.61,9.99,613.87
44294.12,8.94,7.49,0.65,1.55,10,613.42
44294.17,8.32,7.24,0.46,1.72,10,613.45
44294.21,8.43,7.37,0.5,1.79,10,613.15
44294.25,8.46,7.51,0.6,1.46,10,613.71
44294.29,8.59,7.45,0.28,0.85,9.81,613.82
44294.33,8.47,7.17,0.2,2.21,8.89,614.05
44294.38,8.47,6.5,0.28,2.48,9.03,614.45
44294.42,10.1,6.6,0.54,0.05,9.57,614.4
44294.46,11.33,7.12,0.83,3.1,9.51,614.26
44294.5,11.78,7.34,0.93,0.07,10,613.96
44294.54,14.15,7.29,1.07,0.1,10,613.43
44294.58,14.1,7.25,1.2,0.29,10,612.86
44294.62,14.01,7.31,1.41,0.3,10,612.37
44294.67,13.93,7.38,1.45,0.22,10,611.96
44294.71,13.49,7.4,1.44,0.33,9.99,611.54
44294.75,12.15,6.97,1.51,0.43,10,611.77
44294.79,12.05,6.95,1.3,0.54,9.92,611.66
44294.83,11.87,7.79,1.58,0.55,9.6,612.19
44294.88,11.73,8.34,1.46,0.49,5.59,612.47
44294.92,11.42,7.97,1.26,0.51,6.24,612.96
44294.96,10.25,7.75,1.19,0.46,7.44,613.09
44295,10.18,8.01,0.98,0.39,7.84,613.03
44295.04,10.09,8.27,0.76,0.2,9.6,612.67
44295.08,10.09,8.4,0.57,3.07,9.44,612.48
44295.12,10.26,8.56,0.54,2.47,9.52,611.86
44295.17,10.01,8.58,0.44,2.7,10,611.62
44295.21,10,9.04,0.58,2.56,9.52,611.24
44295.25,9.71,8.76,0.57,0.04,10,611.37
44295.29,9.96,9.16,0.76,2.97,10,611.49
44295.33,10.37,8.81,0.83,2.75,10,612
44295.38,10.18,8.74,0.84,2.6,10,612.28
44295.42,11.98,8.99,0.79,2.88,9.97,612.4
44295.46,12.13,9.13,0.76,0.04,10,612.41
44295.5,12.23,9.04,1.07,0.28,10,612.12
44295.54,14.7,9.72,1.48,0.46,10,611.66
44295.58,14.29,9.75,1.87,0.5,10,611.22
44295.62,13.85,9.78,2.12,0.62,10,610.65
44295.67,13.1,9.87,2.06,0.7,8.08,610.56
44295.71,12.55,9.92,1.9,0.72,9.68,610.36
44295.75,10.33,9.39,1.84,0.64,10,610.59
44295.79,10.29,9.45,1.69,0.69,10,610.97
44295.83,10.55,9.89,1.59,0.82,10,611.41
44295.88,10.74,10.24,1.48,0.74,10,611.8
44295.92,10.8,10.37,1.39,0.62,10,612.5
44295.96,9,9,1.49,0.71,10,612.94
44296,9.1,9.1,1.35,0.72,10,613.01
44296.04,9.05,9.05,1.28,0.77,10,612.92
44296.08,9.06,8.99,1.25,0.75,10,612.79
44296.12,9.13,8.91,1.08,0.73,10,612.58
44296.17,8.51,8.37,1.06,0.69,10,612.36
44296.21,8.35,8.19,1.14,0.62,10,612.19
44296.25,8.47,8.41,1.27,0.64,10,612.76
44296.29,8.51,8.42,1.06,0.53,10,612.7
44296.33,8.18,8.18,1.11,0.48,10,613.19
44296.38,7.47,7.47,1.1,0.43,10,613.57
44296.42,10.14,9.38,1.1,0.32,10,613.51
44296.46,9.73,8.69,1.14,0.29,10,613.51
44296.5,9.95,8.09,1.29,0.33,10,613.21
44296.54,12.42,8.95,1.36,0.32,10,612.62
44296.58,12.12,8.7,1.81,0.27,10,612.12
44296.62,11.53,8.92,1.84,0.42,10,611.6
44296.67,11.33,8.8,2.09,0.7,10,611.05
44296.71,11.19,8.94,2.09,0.77,10,610.76
44296.75,8.82,8.03,1.76,0.91,10,611.02
44296.79,8.76,8.03,1.4,0.63,10,611.36
44296.83,9.09,8.33,1.35,0.8,10,611.96
44296.88,8.84,8.36,1.52,0.83,10,612.37
44296.92,8.74,8.29,1.4,0.81,10,612.83
44296.96,6.89,6.87,1.22,0.74,10,613.34
44297,7.18,6.99,1.03,0.76,10,613.46
44297.04,7.18,7.15,0.98,0.75,10,613.26
44297.08,7.38,7.34,0.92,0.8,10,612.98
44297.12,7.55,7.4,0.81,0.67,10,612.74
44297.17,7.2,7.13,0.84,0.74,10,612.24
44297.21,7.17,7.17,0.76,0.73,10,612.37
44297.25,7.62,7.24,0.98,0.69,10,613.05
44297.29,7.48,7.07,0.89,0.58,10,613.16
44297.33,7.22,6.77,0.86,0.5,10,613.4
44297.38,6.52,5.95,0.73,0.53,10,613.86
44297.42,9.05,6.51,0.92,0.19,10,613.93
44297.46,9.43,6.94,1.06,0.1,10,613.89
44297.5,10.35,7.32,1.26,0.14,10,613.44
44297.54,12.21,7.78,1.4,0.18,10,613.11
44297.58,12.47,8.4,1.91,0.02,9.12,612.06
44297.62,12.89,8.64,1.74,0.25,8.96,611.49
44297.67,12.65,8.68,2.47,0.55,10,610.53
44297.71,11.55,8.65,2.53,0.72,10,610.65
44297.75,9.26,7.73,2.12,0.84,10,611.57
44297.79,9.29,7.57,1.43,0.89,10,612.06
44297.83,9.86,7.76,1.16,0.5,10,612.29
44297.88,10.07,8.08,1.05,0.65,10,612.71
44297.92,9.87,8.39,1.14,0.77,10,613.17
44297.96,7.65,6.89,1.1,0.88,10,613.65
44298,7.92,7.47,1.03,0.9,10,614.09
44298.04,7.71,7.28,0.87,0.95,10,613.87
44298.08,7.89,7.41,0.72,1.02,10,613.76
44298.12,8.09,7.58,0.51,0.89,9.97,613.53
44298.17,7.58,7.26,0.38,0.93,10,613.23
44298.21,7.82,7.46,0.3,0.1,9.99,613.17
44298.25,8.12,7.52,0.57,2.71,10,613.51
44298.29,8.04,7.13,0.59,2.22,9.92,613.48
44298.33,8.09,7.01,0.56,2.22,10,613.85
44298.38,7.69,6.42,0.52,1.64,9.51,614.16
44298.42,11.98,7.74,0.51,1.49,9.96,614.14
44298.46,11.96,7.86,0.47,2.79,9.92,614.02
44298.5,12.38,8.17,1.06,0.24,10,613.78
44298.54,16,8.93,1.39,0.19,9.92,613.16
44298.58,15.63,8.9,2.27,0.21,7.12,612.27
44298.62,15.65,9.03,2.47,0.3,4.04,611.52
44298.67,15.25,9.48,2.85,0.72,6.48,610.84
44298.71,13.91,9.67,2.67,0.82,7.36,610.96
44298.75,10.45,8.26,1.97,0.81,10,611.93
44298.79,10.71,8.04,1.77,0.67,10,612.02
44298.83,11.31,8.51,1.51,0.78,10,612.69
44298.88,11.59,8.68,1.34,0.71,10,613.35
44298.92,11.42,8.91,1.2,0.79,9.97,613.64
44298.96,9.12,7.86,1.11,0.97,9.85,614.24
44299,9.21,8.2,1.01,0.98,10,614.28
44299.04,8.98,8.64,0.88,1.02,10,614.23
44299.08,9.11,8.72,0.8,1,10,613.98
44299.12,9.45,9.05,0.75,1.04,10,613.62
44299.17,9.03,8.91,0.51,1.08,10,613.25
44299.21,9.32,8.98,0.37,1.11,10,613.22
44299.25,8.91,8.13,0.54,0.47,9.92,613.17
44299.29,8.91,8.17,0.32,0.09,9.76,613.43
44299.33,8.99,7.97,0.42,3.1,8.56,613.25
44299.38,8.74,6.96,0.44,3.03,9.99,613.47
44299.42,13.33,8.48,0.63,2.58,9.11,613.37
44299.46,13.02,8.2,0.78,2.45,10,613.18
44299.5,13.21,8.22,0.92,2.62,10,612.63
44299.54,15.97,8.9,1.14,2.82,10,612.22
44299.58,16.11,8.9,1.63,2.99,8,611.15
44299.62,16.55,9.03,1.73,0.16,9.44,610.6
44299.67,16.01,9.65,2.5,0.61,4.24,609.93
44299.71,15.4,10.12,2.67,0.83,5.36,609.6
44299.75,12.19,8.87,2.38,0.89,7.84,609.91
44299.79,12.03,8.93,1.89,0.92,10,610.44
44299.83,12.55,9.21,1.41,0.81,10,611.11
44299.88,12.71,9.51,1.56,0.67,10,611.67
44299.92,12.38,9.66,1.34,0.83,10,612.58
44299.96,9.84,8.39,1.2,0.92,10,613.07
44300,10,9.08,0.97,0.97,10,613.29
44300.04,9.83,9.26,0.91,1,10,613.34
44300.08,10.15,9.46,0.92,0.98,10,613.19
44300.12,10.39,9.74,0.85,0.95,10,612.76
44300.17,9.94,9.48,0.88,1.08,10,612.69
44300.21,10.2,9.7,0.86,0.99,10,612.49
44300.25,10.38,10.23,0.78,0.73,10,612.84
44300.29,10.06,9.82,0.7,0.7,10,612.94
44300.33,10.2,10.15,0.84,0.67,10,613.24
44300.38,9.83,9.72,1.15,0.58,10,613.59
44300.42,12.61,10.67,1.34,0.44,10,613.5
44300.46,12.48,9.84,1.43,0.35,10,613.26
44300.5,12.51,9.59,1.49,0.4,9.76,612.78
44300.54,15.09,10.12,1.71,0.27,9.52,612.14
44300.58,14.34,10.11,1.75,0.05,10,611.19
44300.62,14.38,10.19,1.66,0.12,10,610.37
44300.67,14.68,10.54,1.75,0.37,10,609.55
44300.71,14.4,10.91,2.15,0.72,9.28,609.19
44300.75,10.73,9.58,2.32,0.9,8.64,609.62
44300.79,10.14,10.08,2.02,0.91,10,610.44
44300.83,10.24,10.18,1.62,0.86,10,611.31
44300.88,10.59,10.32,1.38,0.64,10,611.92
44300.92,10.17,9.84,0.96,0.49,10,612.15
44300.96,8.53,8.54,0.61,0.16,10,612.41
44301,8.4,8.4,0.51,2.47,10,612.16
44301.04,8.58,8.58,0.73,1.63,10,611.94
44301.08,8.84,8.55,0.67,1.1,9.83,611.4
44301.12,9.07,8.45,0.57,1.11,9.33,610.84
44301.17,8.9,8.73,0.64,1.19,9.06,610.23
44301.21,9.27,8.99,0.51,1.4,8.01,610.23
44301.25,9.44,9.18,0.43,0.48,7.6,610.1
44301.29,8.96,8.93,0.82,0.71,6.72,610.75
44301.33,9.1,8.69,1.11,0.63,10,611.07
44301.38,9.91,8.53,1.27,0.36,10,611.52
44301.42,12.4,9.5,1.38,0.51,10,611.99
44301.46,12.57,9.54,1.6,0.54,10,612.21
44301.5,12.88,9.43,1.79,0.49,10,611.91
44301.54,14.36,10.08,1.97,0.41,10,611.45
44301.58,13.91,10.13,2.53,0.5,9.28,610.8
44301.62,13.14,10.37,2.58,0.71,10,610.21
44301.67,12.63,10.31,2.5,0.77,10,610.15
44301.71,12.41,10.02,2.22,0.75,10,610.28
44301.75,9.72,8.9,1.74,0.72,10,611.25
44301.79,9.64,8.85,1.8,0.75,10,611.43
44301.83,9.61,9.05,1.81,0.87,10,612.08
44301.88,9.24,8.81,1.53,0.94,10,612.95
44301.92,9.28,9.1,1.45,0.97,10,613.54
44301.96,7.54,7.54,1.33,0.99,10,613.92
44302,7.87,7.8,1.17,1.09,10,614.17
44302.04,7.72,7.56,0.98,1.19,10,613.96
44302.08,8.07,7.81,0.83,1.29,10,613.78
44302.12,8.49,8,0.84,1.23,10,613.43
44302.17,8.24,7.75,0.99,1.13,10,613.33
44302.21,8.17,7.62,1.05,0.94,10,613.37
44302.25,8.62,7.74,0.96,0.92,10,613.27
44302.29,8.96,7.82,0.81,0.64,9.91,613.48
44302.33,8.63,7.69,0.71,0.47,9.65,613.87
44302.38,8.17,7.1,0.76,2.81,9.99,614.08
44302.42,11.66,7.4,0.91,2.26,10,613.97
44302.46,12.13,7.49,0.64,2.6,9.97,614.09
44302.5,12.17,7.52,0.74,0.18,10,613.81
44302.54,15.37,7.94,1.23,0.51,10,613.79
44302.58,15.08,7.99,1.57,0.49,10,613.22
44302.62,14.5,7.92,1.61,0.42,10,612.95
44302.67,14.83,8.61,1.6,0.49,10,612.43
44302.71,14.58,8.63,1.74,0.57,10,612.46
44302.75,12.07,8.38,1.78,0.57,10,613.12
44302.79,11.73,8.23,1.66,0.63,10,612.88
44302.83,11.72,8.64,1.11,0.73,10,613.64
44302.88,11.92,8.87,1.33,0.79,10,614.15
44302.92,11.74,9.06,1.26,0.74,10,615.05
44302.96,10.47,8.89,1.16,0.67,10,615.51
44303,10.4,9.11,1.13,0.54,10,615.68
44303.04,10.28,9.39,0.97,0.61,10,615.8
44303.08,10.45,9.51,0.84,0.74,10,615.55
44303.12,10.38,9.38,0.88,0.98,10,615.24
44303.17,9.67,9.19,0.7,1.23,10,614.84
44303.21,9.66,9.09,0.48,1.38,9.99,614.7
44303.25,9.37,8.91,0.53,0.36,9.99,614.84
44303.29,9.5,8.88,0.63,0.28,9.99,614.92
44303.33,9.68,8.62,0.83,0.31,10,615.5
44303.38,10.11,8.01,1.04,0.4,10,615.62
44303.42,11.78,8.36,1.25,0.45,10,615.89
44303.46,11.98,8.18,1.24,0.43,10,615.75
44303.5,12.2,8.26,1.22,0.25,10,615.64
44303.54,13.39,8.62,1.19,0.14,10,614.8
44303.58,13.3,8.79,1.3,0.13,10,614.2
44303.62,13.12,8.93,1.49,0.15,10,613.45
44303.67,13.24,9.33,1.59,0.24,10,612.93
44303.71,12.83,9.22,1.56,0.42,10,612.29
44303.75,10.94,9.05,1.46,0.41,9.92,612.48
44303.79,10.77,9.1,1.36,0.51,10,612.51
44303.83,10.85,9.18,1.26,0.58,10,612.89
44303.88,10.88,9.28,1.16,0.84,10,613.03
44303.92,10.8,9.35,1.03,0.99,10,613.38
44303.96,9.79,9.33,0.92,0.89,10,613.47
44304,9.93,9.49,0.89,0.7,10,613.48
44304.04,10.01,9.51,0.9,0.64,10,613.24
44304.08,10.04,9.58,0.91,0.64,10,612.85
44304.12,10.15,9.54,0.82,0.62,10,612.71
44304.17,9.77,9.36,0.83,0.71,10,612.27
44304.21,9.92,9.38,0.86,0.68,10,612.13
44304.25,9.78,8.97,1.06,0.7,10,612.77
44304.29,9.67,9.12,1.1,0.6,10,612.48
44304.33,9.72,9.26,1.13,0.62,10,612.97
44304.38,9.13,9.03,1.24,0.73,10,613.05
44304.42,10.39,9.73,1.35,0.72,10,613.19
44304.46,9.6,9.35,1.24,0.63,10,613.19
44304.5,10.23,8.91,1.32,0.52,10,612.92
44304.54,11.95,9.36,1.38,0.4,10,612.25
44304.58,11.61,9.34,1.51,0.41,10,611.79
44304.62,11.87,9.47,1.72,0.46,10,611.18
44304.67,11.82,9.21,1.84,0.56,10,610.78
44304.71,11.82,9.25,1.58,0.63,10,610.53
44304.75,9.64,8.82,1.67,0.67,10,610.91
44304.79,9.63,8.7,1.39,0.7,10,610.76
44304.83,9.88,9.02,1.13,0.54,10,611.3
44304.88,10.2,9.19,1.01,0.54,10,611.51
44304.92,10.1,9.16,0.89,0.62,10,611.92
44304.96,8.85,8.7,0.93,0.52,10,611.83
44305,8.94,8.76,0.86,0.53,10,611.69
44305.04,9.06,8.89,0.71,0.43,10,611.24
44305.08,9.27,8.93,0.62,0.22,10,610.8
44305.12,9.36,8.94,0.63,2.97,10,610.35
44305.17,8.78,8.58,0.61,2.86,10,609.93
44305.21,9,8.44,0.57,2.83,10,609.59
44305.25,9.59,9.37,0.46,0.51,10,609.8
44305.29,9.65,9.36,0.49,0.17,10,609.75
44305.33,9.31,9.15,0.68,2.93,10,609.92
44305.38,9.39,8.46,0.65,2.57,10,610.09
44305.42,12.36,9.35,0.64,2.51,10,609.97
44305.46,12.07,9.57,0.84,2.73,10,609.77
44305.5,12.18,9.82,0.99,2.79,10,609.16
44305.54,14.49,10.27,1.33,2.98,9.76,608.3
44305.58,14.91,11.31,1.94,0.27,2.8,607.69
44305.62,15.31,11.72,1.81,0.26,6.48,607.06
44305.67,16.47,12.44,2.44,0.46,8.16,606.55
44305.71,15.49,12.71,2.61,0.64,9.6,606.44
44305.75,11.15,11.05,2.31,0.8,10,606.59
44305.79,10.39,10.29,1.99,0.88,10,607.1
44305.83,10.67,10.37,1.62,0.85,10,607.95
44305.88,11.29,10.7,1.4,0.8,10,608.48
44305.92,11.21,10.41,1.21,0.7,10,608.94
44305.96,9.37,9.15,1.2,0.74,10,609.13
44306,9.5,8.98,1.25,0.82,10,609.36
44306.04,9.18,8.64,1.01,0.85,10,609.26
44306.08,9.25,8.54,0.89,0.76,10,608.97
44306.12,9.23,8.51,0.85,0.75,10,608.67
44306.17,9.01,8.53,0.8,0.82,10,608.55
44306.21,9.14,8.51,0.65,0.82,10,608.57
44306.25,9.53,8.8,0.65,0.79,10,608.46
44306.29,9.56,8.82,0.44,0.52,10,608.87
44306.33,9.15,8.4,0.53,0.56,9.84,609.4
44306.38,8.92,7.26,0.64,0.5,9.96,609.57
44306.42,12.42,8.38,0.71,0.21,10,609.91
44306.46,12.06,8.36,0.69,3.03,10,610.08
44306.5,12.11,8.66,0.81,2.96,10,609.66
44306.54,16.16,9.94,1.39,3.05,8.72,609.15
44306.58,16.88,10.04,1.73,3.05,7.68,608.2
44306.62,17.4,9.88,1.77,0.23,7.91,607.88
44306.67,17.19,10.6,2.48,0.63,3.58,607.37
44306.71,16.51,10.8,2.62,0.72,2.97,607.41
44306.75,12.26,9.33,2.43,0.83,9.52,608.12
44306.79,11.6,9.82,1.91,0.64,10,608.79
44306.83,11.86,10.24,1.45,0.63,10,609.1
44306.88,12.29,10.43,1.36,0.75,10,609.72
44306.92,12.38,10.55,1.28,0.82,10,610.4
44306.96,10.39,9.26,1.09,0.8,10,610.58
44307,10.68,9.64,1.08,0.84,10,610.75
44307.04,10.46,10,0.97,0.91,10,610.69
44307.08,10.42,10.02,0.84,1.1,10,610.39
44307.12,10.58,10.15,0.8,1.16,10,609.75
44307.17,9.46,9.35,0.65,0.98,10,609.61
44307.21,9.57,9.54,0.57,0.9,10,609.8
44307.25,10.29,10.18,0.79,0.19,9.99,610.31
44307.29,10.13,9.83,0.57,2.36,9.28,610.25
44307.33,10.09,9.27,0.83,1.21,9.08,610.6
44307.38,10.09,8.24,1.05,0.78,9.06,610.86
44307.42,15.75,10.19,0.8,0.48,8.56,611.04
44307.46,15.66,10.18,0.26,0.02,8.31,611.18
44307.5,16.06,10.17,0.37,2.92,2.08,610.58
44307.54,21.25,10.44,0.78,2.94,1.41,609.88
44307.58,22.3,10.43,1.29,0.04,1.82,609.27
44307.62,22.85,10.42,1.94,0.09,1.68,608.71
44307.67,23.53,11.38,2.24,0.2,4.12,608.26
44307.71,22.51,11.9,2.38,0.39,5.87,608.51
44307.75,17.29,12.05,2.42,0.63,4.01,608.88
44307.79,17,11.97,1.85,0.66,7.68,609.5
44307.83,16.28,12.97,2.05,0.57,6.24,610.04
44307.88,16.48,13.4,1.7,0.41,10,610.73
44307.92,15.82,13.39,0.96,0.56,10,611.1
44307.96,13.4,12.23,0.94,0.61,10,611.29
44308,13.57,12.42,0.86,0.54,10,611.28
44308.04,13.41,12.5,0.68,0.47,10,611.08
44308.08,13.44,12.49,0.55,0.22,10,610.56
44308.12,13.69,12.57,0.38,2.98,10,610.22
44308.17,13.27,12.68,0.41,2.28,10,609.69
44308.21,13.35,12.49,0.4,2.19,10,609.67
44308.25,13.42,12.6,0.38,1.72,10,609.79
44308.29,13.44,12.54,0.53,1.88,10,609.94
44308.33,12.63,12,0.6,1.92,9.92,610.18
44308.38,11.62,10.89,0.66,1.83,10,610.43
44308.42,17.19,12.85,0.76,2.12,9.76,610.13
44308.46,18.1,12.67,0.87,2.12,7.6,609.77
44308.5,19.01,12.69,0.95,2.49,1.73,608.97
44308.54,23.67,12.81,1.01,2.57,3.76,608.55
44308.58,24.46,12.14,1.41,0.06,2.12,607.45
44308.62,24.77,11.57,1.77,0.26,3.31,606.88
44308.67,24.74,12.13,2.06,0.25,1.94,606.07
44308.71,23.68,13.6,2.27,0.35,3.22,605.85
44308.75,19.75,14.05,2.47,0.66,6.61,605.74
44308.79,18.81,14.35,2.04,0.68,7.2,606.21
44308.83,17.62,15.12,0.91,0.69,10,606.72
44308.88,17.48,15.25,1.12,0.76,9.97,607
44308.92,17.04,14.58,1.24,0.76,10,607.33
44308.96,14.77,13.54,1.11,0.73,10,607.74
44309,15.11,13.46,1.24,0.78,10,607.59
44309.04,14.8,13.13,1.24,0.83,10,607.52
44309.08,14.91,13.03,1.06,0.83,10,607.09
44309.12,15.19,13.22,0.89,0.75,10,606.81
44309.17,14.06,12.9,0.98,0.65,10,606.71
44309.21,14.16,13.07,0.91,0.47,10,606.6
44309.25,13.56,12.49,0.93,0.31,10,607.01
44309.29,13.43,12.24,0.6,3.13,10,607.35
44309.33,12.78,11.86,0.78,2.26,10,607.32
44309.38,11.89,11.32,0.92,1.91,10,607.28
44309.42,17.04,12.87,1.04,2.11,9.03,607.15
44309.46,18.12,12.84,1.07,2.46,5.39,606.68
44309.5,19.4,12.96,1.22,2.89,3.66,606.21
44309.54,23.93,13.5,1.51,0.01,1.48,605.46
44309.58,24.37,13.65,1.76,0.15,1,604.57
44309.62,24.01,13.64,2.02,0.25,1.03,604.02
44309.67,24.23,14.38,2.07,0.36,1.5,603.68
44309.71,23.34,14.88,2.11,0.43,1.18,603.59
44309.75,20.19,14.44,2.38,0.38,2.08,603.83
44309.79,19.36,14.93,2.36,0.65,5.28,604.86
44309.83,18.62,15.96,1.73,0.85,10,605.31
44309.88,17.91,15.5,1.78,0.92,10,606.37
44309.92,17.23,15.14,1.61,0.94,10,607.12
44309.96,14.39,13.58,1.59,1.06,10,607.5
44310,14.69,14.18,1.44,1.1,10,607.87
44310.04,14.38,13.69,1.32,1.1,10,607.94
44310.08,14.6,13.68,1.28,1.19,10,607.96
44310.12,14.93,13.77,0.97,1.25,10,608.03
44310.17,14.48,13.32,0.84,1.24,10,608.37
44310.21,14.59,13.56,0.7,1.25,10,608.47
44310.25,13.91,13.33,0.59,0.99,9.98,609.2
44310.29,14.14,13.35,0.39,0.54,9.99,609.5
44310.33,14.23,13.12,0.45,0.4,9.72,610.15
44310.38,14.14,12.68,0.69,3.14,9.68,610.47
44310.42,17.62,14.29,0.96,3.1,10,610.84
44310.46,18.4,13.53,1.13,0.15,9.82,611.14
44310.5,17.97,13.47,1.39,0.35,9.14,610.73
44310.54,20.68,13.63,1.81,0.37,9.57,610.41
44310.58,20.73,13.7,2.21,0.48,6.29,609.8
44310.62,20.55,13.81,2.29,0.45,5.6,609.55
44310.67,20.93,14.71,2.41,0.68,6.72,609.09
44310.71,19.51,15.16,2.54,0.82,9.36,609.3
44310.75,14.44,13.15,2.18,0.81,10,609.82
44310.79,14.48,13.88,1.76,0.76,10,610.11
44310.83,15.14,14.39,1.81,0.75,10,610.99
44310.88,15.34,14.47,1.65,0.83,10,611.71
44310.92,14.64,14.14,1.31,0.77,10,612.19
44310.96,13.64,13.61,1.34,0.8,10,612.6
44311,13.19,13.12,1.08,0.93,10,612.71
44311.04,13.15,13.03,1.2,0.99,10,612.6
44311.08,13.12,12.74,1.07,0.91,10,612.34
44311.12,13.41,12.75,1.19,0.83,10,612.07
44311.17,12.53,12.09,1.15,0.86,10,611.83
44311.21,12.47,11.85,1.2,0.83,10,611.93
44311.25,12.15,11.61,1.43,0.74,10,612.13
44311.29,12.17,11.76,1.33,0.74,10,612.47
44311.33,12.14,11.81,1.31,0.7,10,612.84
44311.38,12.63,12.63,1.54,0.66,10,612.97
44311.42,13.9,13.22,1.51,0.67,10,613.34
44311.46,13.7,13.18,1.59,0.68,10,613.3
44311.5,12.61,12.58,1.61,0.63,10,612.98
44311.54,14.81,13.52,1.73,0.53,10,612.59
44311.58,14.07,12.47,1.83,0.49,10,611.83
44311.62,13.91,11.81,1.82,0.52,10,611.45
44311.67,13.86,11.89,2.05,0.65,10,610.99
44311.71,13.76,11.83,1.85,0.72,10,610.88
44311.75,10.71,10.01,1.89,0.87,10,611.66
44311.79,10.84,10.17,1.97,0.9,10,612.2
44311.83,10.86,10.34,1.94,0.94,10,613.43
44311.88,11.02,10.32,1.75,1.03,10,614.33
44311.92,10.61,10.12,1.69,1.08,10,615.1
44311.96,9.14,9.02,1.62,1.06,10,615.66
44312,9.33,8.75,1.56,1.27,10,615.72
44312.04,9.2,8.59,1.39,1.33,10,615.47
44312.08,9.17,8.35,1.32,1.44,10,615.41
44312.12,9.46,8.45,1.23,1.66,10,614.98
44312.17,9.5,7.99,1.19,2.03,10,614.43
44312.21,9.98,7.88,1.02,2.42,9.98,614.28
44312.25,10.93,8.83,0.61,2.82,9.77,614.05
44312.29,10.85,8.64,0.82,0.24,9.32,613.74
44312.33,11.42,8.96,0.87,0.42,9.19,613.97
44312.38,12.3,8.94,0.71,0.53,8.32,613.59
44312.42,17.26,9.32,0.16,1.25,6.59,613.73
44312.46,17.44,8.12,0.69,0.1,5.68,613.43
44312.5,17.88,7.75,1.23,0.03,5.85,612.84
44312.54,19.83,7.29,1.42,0.03,9.47,612.09
44312.58,20.09,8.33,2.06,0.24,9.55,611.46
44312.62,19.03,8.65,2.08,0.23,7.85,610.75
44312.67,18.32,9.29,2.41,0.47,9.36,610.51
44312.71,17.93,9.68,2.47,0.65,4.48,610.32
44312.75,13.95,10.15,2.57,1,8.4,609.95
44312.79,13.82,9.92,2.11,0.83,10,610.83
44312.83,14.53,10.47,1.67,0.6,10,611.45
44312.88,14.5,10.91,1.61,0.75,10,612.53
44312.92,13.76,11.29,1.52,0.92,10,613.19
44312.96,12.51,11.1,1.33,0.97,10,614.03
44313,12.4,11.49,1.33,0.95,10,614.22
44313.04,11.46,10.53,1.45,0.93,10,614.38
44313.08,11.52,10.4,1.52,1.01,10,614.65
44313.12,11.65,10.2,1.4,1.01,10,614.57
44313.17,10.67,9.53,1.16,1.04,9.79,614.6
44313.21,10.46,9.47,0.89,0.93,9.95,614.83
44313.25,10.16,9.07,0.84,0.72,9.35,614.69
44313.29,10.21,9.02,0.47,0.61,8.93,614.75
44313.33,10.88,8.4,0.39,0.64,8.27,615.11
44313.38,11.05,7.25,0.45,2.99,8.01,615.03
44313.42,14.87,7.2,0.67,2.01,7.27,615.17
44313.46,15.22,7.71,0.75,2.05,8.53,615.13
44313.5,15.42,7.92,0.71,2.45,9.68,614.66
44313.54,17.83,8.11,0.81,2.51,10,614.19
44313.58,17.85,8.17,0.82,2.54,10,613.13
44313.62,17.82,8.17,0.93,3,10,612.4
44313.67,18.38,8.59,1.28,0.2,9.84,611.98
44313.71,17.89,8.49,1.78,0.33,9.82,611.55
44313.75,16.03,8.62,1.99,0.5,9.25,610.96
44313.79,15.75,8.6,1.81,0.73,6.49,611.39
44313.83,14.32,9.65,2.2,0.69,3.47,612.44
44313.88,14.76,9.02,2.04,0.72,6.2,613.18
44313.92,14.56,8.91,1.73,0.87,6.72,614.26
44313.96,13.02,9.17,1.39,0.82,8.24,615.12
44314,12.63,9.27,0.98,0.91,10,615.36
44314.04,11.49,10.2,0.72,0.96,10,615.39
44314.08,12.24,10.22,1.09,1.12,10,615.46
44314.12,12.42,10.61,1.02,1.16,10,615.28
44314.17,11.64,10.16,0.93,1.21,10,615.18
44314.21,11.72,10.51,0.97,1.16,10,615.17
44314.25,10.68,10.15,1.05,1.08,10,615.38
44314.29,10.77,10.16,1.2,1.08,10,615.53
44314.33,10.94,10.22,1.17,1.07,10,616.53
44314.38,10.8,10.25,1.27,1.05,10,616.92
44314.42,11.96,9.88,1.23,1.04,9.99,617.53
44314.46,11.79,10.34,1.36,1.05,9.68,617.62
44314.5,11.54,10.4,1.21,1.13,9.73,617.66
44314.54,12.02,10.13,1.63,1.17,9.49,617.19
44314.58,11.69,9.89,1.32,1.2,9.84,616.89
44314.62,11.17,9.69,1.36,1.36,9.97,616.39
44314.67,11.37,8.91,1.32,1.39,9.84,616.21
44314.71,11.82,9.09,0.83,1.39,9.99,615.96
44314.75,10.53,8.02,0.64,2.39,10,616.22
44314.79,10.95,8.69,0.44,2.48,10,616.37
44314.83,11.01,9.24,0.09,1.39,10,616.82
44314.88,11.02,8.79,0.91,0.84,9.99,617.08
44314.92,10.85,8.24,1.15,0.85,9.8,617.35
44314.96,9.56,7.6,1.39,0.99,9.81,617.35
44315,9.78,7.37,1.62,0.93,10,617.16
44315.04,9.44,6.94,1.84,0.9,9.8,617.04
44315.08,9.48,6.76,1.88,0.86,9.75,616.62
44315.12,9.34,6.39,1.97,0.85,8.93,616.03
44315.17,9.11,5.84,2.04,0.87,7.13,615.48
44315.21,8.9,5.63,2,0.88,1.07,615.18
44315.25,9.47,5.83,2.23,0.82,4.37,615.06
44315.29,8.56,6.02,2.28,0.82,0.92,615.06
44315.33,9.56,7.23,1.91,0.76,0.08,615.18
44315.38,10.65,8.34,1.95,0.73,0,615.13
44315.42,16.6,8.73,1.9,0.7,0,615.21
44315.46,17.38,8.61,1.6,0.65,0,615.08
44315.5,17.97,8.99,1.28,0.71,0,614.77
44315.54,22.45,8.32,0.86,0.83,0.19,614
44315.58,22.77,6.69,0.7,0.83,1.98,613.31
44315.62,22.78,5.42,0.52,0.52,2.69,612.66
44315.67,24.44,2.58,0.48,0.45,2.81,611.98
44315.71,24.29,2.16,0.14,1.76,3.43,611.59
44315.75,20.97,3.86,0.8,0.26,2.17,611.01
44315.79,21.46,2.18,0.7,0.46,3.22,611.2
44315.83,22.26,1.86,0.69,2.43,1.72,611.3
44315.88,21.46,1.77,0.34,0.74,1.37,611.44
44315.92,19.8,2.48,1.02,0.57,2.03,611.96
44315.96,15.86,3.84,1.06,0.71,1.55,612.26
44316,15.38,3.53,1.13,0.65,1.14,612.19
44316.04,14.65,3.25,1.11,0.67,0.95,612.14
44316.08,14.45,3.16,1.21,0.7,4.84,611.9
44316.12,14.4,2.95,1.42,0.71,3.57,611.55
44316.17,13.19,3.64,1.6,0.71,3.53,611.11
44316.21,12.69,3.43,1.72,0.74,7.45,610.79
44316.25,13.37,3.74,1.95,0.72,4.01,610.65
44316.29,13.03,3.87,2.01,0.65,1.87,611.06
44316.33,13.35,5.42,1.61,0.63,3.54,611.44
44316.38,14.59,8.17,1.07,0.54,3.35,611.5
44316.42,22.5,8.51,0.82,0.51,3.39,611.89
44316.46,22.85,8.23,0.58,0.45,4.62,611.72
44316.5,22.82,8.5,0.27,2.56,7.49,611.35
44316.54,26.53,7.95,0.69,0.95,9.29,611.15
44316.58,26.22,8.92,1.43,0.54,9.05,610.67
44316.62,25.98,9.77,1.91,0.6,9.15,610.21
44316.67,24.07,10.61,1.79,1.11,9.78,610.58
44316.71,23.8,12.59,1.45,0.67,9.39,610.47
44316.75,19.34,12.12,1.07,0.49,8.96,610.71
44316.79,19.21,13.91,0.96,1.02,9.65,610.82
44316.83,20.02,11.75,1.41,1.91,9.92,611.5
44316.88,20.86,12.51,0.43,2.22,10,611.99
44316.92,20.15,12.87,0.04,2.89,10,612.45
44316.96,16.88,12.53,0.49,3.05,9.9,612.81
44317,16.59,12.51,0.41,0.49,9.91,613.02
44317.04,15.65,12.31,0.8,0.61,9.88,613.05
44317.08,15.76,12.23,0.84,0.68,9.57,612.61
44317.12,15.61,12.33,1.04,0.8,9.66,612.33
44317.17,13.93,11.67,1.23,0.75,9.75,611.89
44317.21,13.42,11.32,1.33,0.74,9.78,611.84
44317.25,14.44,11.36,1.38,0.85,9.75,611.76
44317.29,13.93,11.2,1.34,0.8,9.48,612.16
44317.33,14.05,11.35,1.13,0.74,8.99,612.53
44317.38,14.72,11.34,0.86,0.89,9.53,612.85
44317.42,21.39,12.09,0.76,1.22,9.37,612.79
44317.46,21.79,11.63,0.66,1.56,9.59,612.61
44317.5,22.3,11.33,0.62,2.08,8.96,612.25
44317.54,26.02,10.47,0.75,2.32,9.41,611.71
44317.58,26.45,9.49,1.06,2.39,9.76,610.89
44317.62,26.84,8.61,1.31,2.89,9.79,610.09
44317.67,25.11,8.84,1.75,3.12,9.23,609.35
44317.71,24.39,11.25,1.74,0.6,9.75,609.2
44317.75,21.84,11.42,1.39,0.93,9.8,609.28
44317.79,20.64,13.71,1.3,0.77,10,609.85
44317.83,20.84,14.1,1.15,0.69,9.63,610.07
44317.88,21.78,13.97,0.6,0.32,6.53,610.12
44317.92,20.9,14.61,1.13,2.03,6.81,610.6
44317.96,18.8,14.26,0.88,1.1,7.78,610.92
44318,18.32,14.31,1.09,0.78,8.91,610.86
44318.04,17.45,14.58,1.42,0.94,9.11,610.7
44318.08,17.17,14.38,1.64,0.95,4.35,610.1
44318.12,16.99,13.84,1.58,0.84,2.5,609.6
44318.17,16.17,13.1,1.35,0.74,3.1,609.36
44318.21,16.07,12.49,1.14,0.74,2.32,609.59
44318.25,16.38,8.91,1.24,1.04,1.31,609.93
44318.29,15.05,9.36,1.34,0.86,1.09,610.04
44318.33,16.24,10.38,1.21,0.79,0.79,610.14
44318.38,17.81,11.33,1.06,0.94,1.17,610.26
44318.42,23.68,11.7,1.21,0.86,1.64,610.14
44318.46,24.27,11.53,1.05,0.89,2.19,610.08
44318.5,23.95,11.3,0.55,0.69,2.53,609.72
44318.54,26.9,10.99,0.51,3.11,2.64,609.35
44318.58,25.86,11.55,1.02,0.02,2.9,608.41
44318.62,25.63,12.32,1.27,2.93,3.03,607.76
44318.67,24.72,12.78,1.27,0.03,5.07,606.89
44318.71,23.18,14.33,1.02,0.81,9.27,606.69
44318.75,20.74,12.63,1.74,0.87,5.57,607.07
44318.79,20.69,14.56,1.25,0.96,8.11,607.09
44318.83,21.3,14.97,1.19,0.62,7.09,607.78
44318.88,21.24,15.09,0.79,0.15,4.11,608.18
44318.92,19.52,14.78,0.5,1.53,4.43,608.25
44318.96,17.55,14.62,0.58,2.24,4.72,608.33
44319,16.72,14.63,0.79,1.5,4.08,608.32
44319.04,15.91,14.47,0.94,0.92,5.04,608.23
44319.08,16.5,14.77,1,0.91,10,607.87
44319.12,16.66,14.73,0.55,1.05,10,607.93
44319.17,15.67,14.62,0.35,2.13,10,607.74
44319.21,15.78,14.61,0.65,1.99,10,607.94
44319.25,16.52,14.39,0.16,1.94,9.27,608.19
44319.29,16.27,14.27,0.48,0.75,10,608.19
44319.33,15.61,14.15,0.61,1,10,608.64
44319.38,15.5,13.22,1.07,0.98,10,609.1
44319.42,18.4,14.78,1.29,0.76,9.92,609.2
44319.46,18.89,16.07,1.46,0.75,9.17,609.63
44319.5,17.89,16.11,1.66,0.54,8.09,609.39
44319.54,19.52,16.79,1.45,0.6,9.33,609.48
44319.58,19.42,17.1,1.15,0.91,9.84,609
44319.62,20.6,16.87,0.94,0.65,9.08,608.31
44319.67,20.97,16.55,1.14,0.8,7.27,608.14
44319.71,19.57,15.82,1.02,0.72,9.16,607.68
44319.75,17.6,15.02,1.62,1.2,6.25,608.49
44319.79,17.63,14.75,1.39,1.42,7.29,608.19
44319.83,17.39,15.23,1.23,1.44,6.63,608.85
44319.88,17.97,15.21,0.96,1,7.78,609.2
44319.92,17.72,15.47,1.19,1.02,6.94,610.21
44319.96,14.73,14.35,1.22,0.87,9.89,610.57
44320,15.4,14.67,0.82,0.79,9.96,610.9
44320.04,15.73,13.97,0.81,0.9,10,610.98
44320.08,15.61,13.81,0.86,0.88,10,610.93
44320.12,15.82,13.87,0.56,1.56,10,610.65
44320.17,15.15,14.02,0.83,1.54,10,610.88
44320.21,15.15,14.15,1.39,1.01,10,610.99
44320.25,14.21,13.27,1.76,0.89,10,611.88
44320.29,13.98,12.42,1.8,0.92,10,612.52
44320.33,13.56,12.05,1.48,1.07,10,613.12
44320.38,13.55,12.42,1.34,1.16,10,613.46
44320.42,14.23,12.25,1.42,1.23,10,613.91
44320.46,14.3,12.34,1.38,1.08,10,613.96
44320.5,13.72,12.1,1.42,0.87,10,614.02
44320.54,13.7,11.9,1.69,0.71,10,613.73
44320.58,12.76,12.22,1.76,0.78,9.99,613.47
44320.62,12.97,12.61,1.58,0.91,10,613
44320.67,11.77,11.77,1.66,0.76,10,612.57
44320.71,12,11.94,1.48,0.7,10,612.54
44320.75,11.66,11.61,1.51,0.35,10,612.14
44320.79,11.76,11.6,1.26,0.43,10,612.73
44320.83,12.08,11.78,1.14,0.37,10,612.9
44320.88,12.07,11.73,1.11,0.33,10,613.08
44320.92,12.09,11.57,1.08,0.61,10,613.88
44320.96,11.1,11.01,1.13,0.62,10,614.04
44321,11.19,11.12,1.04,0.7,10,614.32
44321.04,10.99,10.99,1.07,0.58,10,614.14
44321.08,11.07,11.07,1.07,0.63,10,613.86
44321.12,11.33,11.31,1.11,0.81,10,613.7
44321.17,10.72,10.72,1.21,0.82,10,613.49
44321.21,10.85,10.85,1.26,0.83,10,613.68
44321.25,10.4,10.18,1.23,0.7,10,613.99
44321.29,10.18,9.92,1.25,0.63,10,614.13
44321.33,10.2,10.04,1.19,0.65,10,614.21
44321.38,9.76,9.76,1.18,0.6,10,614.21
44321.42,12.01,11.41,1.08,0.54,10,614.44
44321.46,11.55,11.16,1.06,0.4,10,614.39
44321.5,11.55,9.82,1.07,0.35,10,614.09
44321.54,12.9,10.51,1.1,0.27,10,613.59
44321.58,12.79,10.41,1.05,0.3,10,612.75
44321.62,12.54,10.28,1.06,0.5,10,612.01
44321.67,12.65,10.43,1.41,0.63,10,611.29
44321.71,13.22,10.59,1.61,0.41,10,610.68
44321.75,11.11,10.61,1.61,0.56,10,610.67
44321.79,10.99,10.74,1.33,0.59,10,611.02
44321.83,11.35,10.65,1.28,0.51,10,611.53
44321.88,11.45,10.6,1.26,0.67,10,611.93
44321.92,11.48,10.7,1.3,0.77,10,612.38
44321.96,9.91,9.75,1.38,0.85,10,612.9
44322,9.93,9.79,1.09,0.86,10,613.31
44322.04,9.94,9.81,1.11,1.02,10,613.39
44322.08,10.16,9.82,0.79,0.86,10,613.09
44322.12,10.28,9.8,0.87,0.82,10,612.56
44322.17,9.61,9.27,0.81,0.68,10,612.35
44322.21,9.54,9.13,0.87,0.49,10,612.11
44322.25,9.59,8.98,0.89,1.03,10,612.87
44322.29,9.6,8.95,0.91,0.89,9.96,613.05
44322.33,9.18,8.67,0.72,0.85,9.76,613.35
44322.38,8.95,8.51,0.49,0.92,9.81,613.37
44322.42,13.03,9.63,0.39,0.42,9.76,613.72
44322.46,12.79,9.78,0.49,0.28,9.73,613.77
44322.5,12.98,9.93,0.94,0.52,9.76,613.49
44322.54,15.5,10.38,1.33,0.63,9.88,613.07
44322.58,15.53,10.3,1.5,0.65,10,612.62
44322.62,15.41,10.3,1.56,0.52,9.81,612.16
44322.67,15.45,10.64,1.61,0.55,10,611.56
44322.71,15.44,10.57,1.69,0.54,10,611.13
44322.75,14.13,10.62,1.58,0.64,9.44,611.55
44322.79,14.12,10.68,1.44,0.67,10,611.68
44322.83,14.41,10.94,1.35,0.37,9.95,612.76
44322.88,14.8,11.04,0.83,0.54,9.56,613.1
44322.92,14.52,11.35,0.97,0.44,9.57,613.71
44322.96,12.65,10.6,0.64,0.56,9.8,613.97
44323,12.78,10.75,0.59,0.74,9.81,614.09
44323.04,12.59,10.59,0.53,0.86,10,614.02
44323.08,12.7,10.57,0.48,0.76,9.94,613.69
44323.12,12.83,10.69,0.51,0.96,9.99,613.38
44323.17,12.75,10.92,0.67,1.07,9.97,613.3
44323.21,12.78,11.01,0.61,1.24,9.99,613.09
44323.25,12.57,10.77,0.78,1.29,9.92,614.02
44323.29,12.36,10.8,0.83,1.09,10,614.35
44323.33,12.14,10.56,1.02,1,10,614.52
44323.38,11.73,10.19,0.94,0.93,10,614.88
44323.42,13.81,11.05,0.75,0.89,10,615.15
44323.46,13.24,10.99,0.73,1.05,10,615.01
44323.5,13.01,10.63,0.7,1.2,10,614.73
44323.54,14.74,10.63,0.78,1.12,10,614.32
44323.58,14.39,10.4,0.65,1.13,10,613.52
44323.62,14.51,10.41,0.65,1.29,9.99,612.88
44323.67,14.98,9.95,0.68,1.15,10,612.24
44323.71,15.07,9.81,0.84,0.91,10,611.52
44323.75,13.49,10.81,0.62,0.68,9.64,611.99
44323.79,13.94,10.79,0.44,0.2,8.51,611.88
44323.83,14.73,11.03,0.85,2.07,5.15,612.1
44323.88,14.39,10.9,0.89,1.24,4.74,612.18
44323.92,13.94,11.04,0.83,0.96,3.41,612.43
44323.96,11.99,10.65,0.67,0.87,4.42,612.71
44324,11.9,10.64,0.66,0.88,4.66,612.75
44324.04,11.8,10.6,0.55,0.83,5.88,612.74
44324.08,11.78,10.52,0.69,0.76,5.22,612.18
44324.12,11.99,10.53,0.92,0.8,4.92,612.08
44324.17,11.88,10.57,0.96,0.79,8.44,611.42
44324.21,11.99,10.55,0.93,0.8,9.05,611.52
44324.25,11.78,10.31,1.1,0.7,9.3,611.97
44324.29,10.91,10.13,0.97,0.71,8.25,612.23
44324.33,12.56,11,0.97,0.7,6.69,612.3
44324.38,13.61,11.43,0.62,0.74,2.79,612.57
44324.42,19.29,12.24,0.32,0.89,4.19,612.65
44324.46,19.55,12.63,0.13,0.01,6.19,612.5
44324.5,19.87,13.32,0.67,0.49,5.08,612.24
44324.54,22.68,12.96,0.96,0.4,4.21,611.92
44324.58,22.81,13.28,1.09,0.4,5.22,611.38
44324.62,22.79,13.36,1.08,0.32,4.57,610.89
44324.67,22.71,13.81,1.37,0.44,5.87,610.04
44324.71,21.96,13.88,0.79,0.21,6.97,609.7
44324.75,20.22,11.22,1.06,0.81,9,609.96
44324.79,20.17,14.46,0.63,2.83,8.57,610.32
44324.83,21.36,10,0.68,2.59,7.88,610.37
44324.88,21.41,10.5,0.67,1.78,4.64,610.44
44324.92,20.57,10.98,0.89,1.2,4.53,610.79
44324.96,16.27,11.13,1.05,0.89,2.55,610.66
44325,15.96,11.23,1.19,0.77,3.27,610.55
44325.04,15.33,11.39,1.23,0.79,2.91,610.38
44325.08,14.86,11.28,1.28,0.79,3.55,609.8
44325.12,14.32,11.17,1.31,0.81,2.63,609.46
44325.17,13.56,11.2,1.3,0.76,3.79,608.99
44325.21,13.36,11.13,1.27,0.69,3.13,608.97
44325.25,13.54,11.17,1.32,0.76,3.73,609.31
44325.29,12.28,10.73,1.31,0.74,5.15,609.47
44325.33,14.58,12.02,0.96,0.8,7.93,609.51
44325.38,16.12,13.02,0.56,1.3,8.85,609.82
44325.42,21.38,13.8,0.57,2.29,8.61,609.71
44325.46,21.44,13.82,0.63,2.62,3.74,609.53
44325.5,21.18,13.74,0.79,2.66,4.19,609.03
44325.54,24.13,14.04,1.08,3.01,4.31,608.57
44325.58,23.79,14.34,1.35,3.01,3.86,607.68
44325.62,22.05,14.6,1.6,3.08,6.27,607.22
44325.67,22.63,15.15,1.63,0.16,8.27,606.58
44325.71,21.85,15.3,1.25,1.17,9.36,606.31
44325.75,18.8,15.01,1.24,1.21,9.13,606.59
44325.79,19.32,15.25,0.79,0.83,8.11,606.59
44325.83,20.34,15.37,0.97,0.33,7.34,606.78
44325.88,20.42,15.55,0.56,2.84,5.87,607.02
44325.92,18.9,15.53,0.94,0.49,3.89,607.01
44325.96,16.01,14.57,0.9,0.68,10,607.14
44326,15.68,14.61,0.65,0.71,10,607.43
44326.04,15.23,14.59,0.44,1.02,10,607.12
44326.08,14.71,13.96,0.41,0.5,10,606.59
44326.12,13.62,12.8,0.7,0.82,10,606.03
44326.17,12.59,11.6,0.45,0.89,9.2,605.73
44326.21,12.18,11.33,0.2,1.09,10,605.62
44326.25,16.01,15.43,0.2,1.74,10,606.09
44326.29,15.51,15.28,0.24,0.56,10,606.58
44326.33,15.28,14.4,0.41,1.32,10,606.76
44326.38,15.16,13.79,0.58,2,6.58,607.11
44326.42,19.22,15.41,0.47,2.69,3.3,607.1
44326.46,19.46,14.99,0.31,0.39,4.57,607.23
44326.5,19.25,14.51,0.65,1.04,7.8,607.18
44326.54,21.72,14.12,0.61,0.88,6.35,606.86
44326.58,22.25,15.06,1.02,0.51,4.59,606.29
44326.62,22.89,15.56,1.64,0.69,4.91,605.79
44326.67,21.33,15.8,2.26,0.55,5.23,605.38
44326.71,21.6,16.46,2.43,0.65,4.15,605.26
44326.75,17.89,14.56,2.09,0.76,6.88,605.78
44326.79,18.06,14.89,1.78,0.9,9.12,605.98
44326.83,18.19,15.41,1.3,0.96,10,606.9
44326.88,18.96,15.49,1.18,0.86,10,607.22
44326.92,18.42,16.08,1.29,0.95,10,607.64
44326.96,15.47,14.52,1.05,1.04,10,608.08
44327,15.51,14.69,1.11,1.08,10,608.44
44327.04,15.34,14.65,1.12,1.13,10,608.46
44327.08,15.15,14.44,1.03,1.15,10,608.17
44327.12,15.55,14.66,1.04,1.15,10,608.05
44327.17,15.12,14.11,1.17,1.19,10,608.16
44327.21,15.25,14.31,1.14,1.22,10,608
44327.25,15.49,14.34,0.97,1.23,10,608.83
44327.29,15.28,13.95,1.02,1.13,10,609.1
44327.33,14.65,13.57,1.04,0.99,9.92,609.74
44327.38,13.88,13.48,1.14,0.96,9.99,610.12
44327.42,16.48,12.42,1.2,1.03,9.87,610.63
44327.46,15.6,11.57,1.24,1.17,9.92,610.76
44327.5,16.01,11.8,1.51,1.09,9.54,610.81
44327.54,18.42,11.87,1.67,1.04,6.57,610.2
44327.58,18.77,11.35,1.67,1.02,6.54,609.72
44327.62,18.97,11.36,1.76,0.74,7.12,608.82
44327.67,20.02,11.46,1.77,0.84,7.12,608.68
44327.71,19.64,11.18,1.6,0.61,8.24,608.46
44327.75,17.22,11.32,1.52,0.59,7.63,608.53
44327.79,17.01,11.44,1.37,0.83,6.31,608.29
44327.83,17.32,11.29,1.49,0.61,7.59,608.79
44327.88,18.05,11.84,1.38,0.7,8.4,609.22
44327.92,17.68,12.06,1.23,0.66,9.33,609.52
44327.96,14.72,12.69,0.88,0.88,9.61,610.04
44328,15.09,12.58,0.58,0.83,9.34,609.92
44328.04,14.95,12.29,0.28,1.1,8.06,609.86
44328.08,15.04,12.35,0.12,2.46,8.11,609.3
44328.12,15.13,12.95,0.21,0.27,6.97,608.76
44328.17,14.33,12.41,0.18,0.83,6.64,608.54
44328.21,14.27,12.33,0.34,2.81,8.48,608.35
44328.25,14.44,12.43,0.7,0.68,10,608.69
44328.29,14.2,12.48,0.7,0.35,10,608.86
44328.33,14.06,12.58,0.74,0.15,10,609.11
44328.38,13.59,12.56,0.93,3.08,10,609.21
44328.42,17.11,13.72,1.05,2.97,10,609.32
44328.46,16.68,13.65,1.02,2.95,9.83,609.06
44328.5,16.77,13.69,0.93,2.98,10,608.75
44328.54,19.81,14.18,0.85,3.1,10,608.27
44328.58,19.66,14.01,0.75,0.15,9.99,607.63
44328.62,20.06,13.84,0.94,0.29,9.63,607.24
44328.67,20.31,13.51,1.63,0.53,9.98,606.79
44328.71,20.21,13.8,1.82,0.36,10,606.24
44328.75,17.28,13.59,1.72,0.7,10,607.01
44328.79,17.34,13.65,1.29,0.48,10,606.75
44328.83,17.13,14.58,1.5,0.51,10,607.14
44328.88,17.32,14.43,1.23,0.75,9.92,607.3
44328.92,16.94,14.89,1.37,0.71,10,607.47
44328.96,15.66,14.4,0.76,0.71,10,608.03
44329,15.97,14.57,0.82,0.66,10,608
44329.04,15.76,14.67,0.66,0.59,10,607.86
44329.08,15.87,15.1,0.54,0.39,10,607.42
44329.12,15.95,15.07,0.56,0.08,10,607.03
44329.17,15.31,14.9,0.41,2.81,10,606.58
44329.21,15.41,14.92,0.42,2.32,10,606.62
44329.25,15.89,14.45,0.22,0.93,9.92,607
44329.29,15.74,14.33,0.15,3.04,8.8,607.11
44329.33,15.4,14.08,0.57,1.71,6.08,607.2
44329.38,15.77,13.76,0.68,2.25,8.16,607.49
44329.42,19.23,14.31,0.73,2.64,9.36,607.53
44329.46,19.44,13.9,0.53,2.28,3.99,607.43
44329.5,19.66,13.68,0.43,2.86,4.23,606.86
44329.54,22.65,13.69,0.64,2.84,4.83,606.49
44329.58,22.46,13.23,0.79,3.04,7.73,605.89
44329.62,21.96,13.35,0.99,0.32,9.68,605.27
44329.67,21.77,14.37,1.12,0.2,7.18,604.85
44329.71,21.18,15.53,1.65,0.32,4.97,604.4
44329.75,18.92,14.55,2.33,0.67,4.81,604.86
44329.79,18.37,15.82,2.27,0.58,5.67,604.72
44329.83,17.59,17.08,1,0.54,8.08,605.22
44329.88,17.8,17.46,1.39,0.64,10,605.71
44329.92,18.12,17.92,0.77,0.36,10,605.7
44329.96,15.92,15.93,0.88,0.3,10,606.01
44330,16.26,16.26,0.59,0.11,10,605.8
44330.04,16.26,16.26,0.6,2.21,10,605.43
44330.08,16.55,16.55,0.69,2.03,9.6,604.8
44330.12,16.71,16.61,0.78,2.42,10,604.3
44330.17,16.22,16.23,0.48,1.99,10,604.04
44330.21,15.97,15.97,0.17,1.01,10,603.83
44330.25,16.11,15.63,0.38,1.57,10,604.45
44330.29,15.47,14.86,0.48,0.94,10,604.45
44330.33,15.09,15.08,0.59,1.14,10,604.56
44330.38,14.9,14.82,0.59,2.2,10,604.76
44330.42,19.87,16.1,0.83,2.62,4.13,604.6
44330.46,20.75,15.4,0.95,2.07,1.73,604.52
44330.5,21.75,14.24,1.01,1.65,2.25,604.34
44330.54,25.24,12.93,1.03,1.32,4.25,603.9
44330.58,25.64,12.06,0.85,1.4,3.77,603.47
44330.62,25.43,11.42,1.01,1.19,3.98,602.82
44330.67,25.59,11.22,1,1.56,7.39,602.54
44330.71,24.95,11.25,0.94,0.86,8.25,602.23
44330.75,23.6,10.71,0.98,0.27,8.63,603.01
44330.79,22.36,16.63,1.24,0.32,8.55,603.13
44330.83,23.18,12.09,1.21,0.17,3.68,603.83
44330.88,22.78,13.28,1.09,0.09,4.16,604.22
44330.92,21.58,14.72,0.89,3.12,3.04,604.62
44330.96,18.91,14.84,0.86,2.82,3.52,605.07
44331,18.69,15.98,0.7,2.26,2.88,605.14
44331.04,18.15,16.43,0.37,2.06,2.72,604.79
44331.08,18.21,16.8,0.22,1.4,2.88,604.48
44331.12,18.12,17.2,0.36,1.32,2.32,604.35
44331.17,17.44,16.86,0.29,1.22,2,604.39
44331.21,17.74,17.01,0.31,1.12,2,604.42
44331.25,18.17,14.1,0.61,2.01,2.07,605.19
44331.29,18.57,14.29,0.76,1.47,2,605.63
44331.33,18.67,15.18,0.79,1.83,1.88,605.9
44331.38,19.34,15.32,0.48,2.35,1.73,606.21
44331.42,22.53,15.35,0.4,0.6,1.55,606.46
44331.46,22,14.99,0.72,0.91,2,606.66
44331.5,21.32,14.32,0.81,0.74,3.67,606.53
44331.54,21.52,14.55,1.14,0.77,4.67,606.57
44331.58,20.41,16.09,1.37,0.54,5.2,606.41
44331.62,19.64,16.45,1.74,0.6,6.08,606.23
44331.67,19.3,17.13,2.09,0.6,7.76,605.98
44331.71,18.18,16.91,2.32,0.61,9.28,606.18
44331.75,15.95,15.8,2.21,0.64,10,606.32
44331.79,15.82,14.92,2.16,0.75,10,606.57
44331.83,15.25,15.1,1.96,0.9,10,607.05
44331.88,14.46,14.04,1.96,0.87,10,607.87
44331.92,14.35,13.55,1.78,0.93,10,608.81
44331.96,12.35,12.21,1.73,0.99,10,609.61
44332,12.08,11.96,1.61,1.08,10,610.18
44332.04,11.57,11.52,1.61,1.17,10,610.33
44332.08,11.72,11.67,1.6,1.3,10,610.43
44332.12,11.84,11.65,1.39,1.33,10,610.61
44332.17,11.25,11,1.44,1.35,9.88,610.78
44332.21,11.43,10.66,1.33,1.38,9.81,611.08
44332.25,11.51,10.72,1.16,1.27,9.96,610.98
44332.29,11.39,9.98,1.1,1.25,9.69,611.52
44332.33,11.24,9.16,1.12,1.26,9.37,612.12
44332.38,10.94,8.27,1.19,1.16,8.49,612.46
44332.42,14.49,8.45,1.44,1.08,7.88,612.56
44332.46,14.2,8.02,1.52,0.93,9.49,612.5
44332.5,14.56,8.18,1.53,0.82,9.99,612.39
44332.54,17.35,8.92,1.55,0.75,10,611.98
44332.58,17.67,9.27,1.68,0.52,10,611.75
44332.62,17.6,9.37,1.78,0.32,10,611.39
44332.67,18.55,9.67,1.81,0.15,10,611
44332.71,18.55,9.71,1.73,0.36,10,610.66
44332.75,14.78,9.6,1.83,0.47,10,610.12
44332.79,15.28,8.82,1.62,0.55,9.99,610.21
44332.83,15.54,9.91,1.16,0.77,8.66,610.84
44332.88,15.83,10.23,1.41,0.87,6.17,611.34
44332.92,15.72,10.11,1.55,0.76,8.49,611.8
44332.96,13.92,9.85,0.91,0.73,7.55,612.4
44333,14.37,9.3,0.91,0.73,9.37,612.46
44333.04,13.47,9.52,0.79,0.79,10,612.5
44333.08,13.39,9.99,0.72,0.89,10,612.04
44333.12,13.75,9.14,0.86,0.95,10,612.07
44333.17,12.86,8.25,0.91,0.96,9.97,611.84
44333.21,12.9,8.15,0.9,0.92,9.85,611.95
44333.25,12.3,8.05,1.05,0.69,9.97,612.48
44333.29,12.12,8.25,1.16,0.81,9.99,612.84
44333.33,12.05,7.98,1.13,0.82,9.88,613.11
44333.38,11.79,6.88,0.95,0.79,9.71,613.3
44333.42,14.1,6.88,1.09,0.64,9.69,613.37
44333.46,13.83,6.62,1.16,0.54,9.28,613.44
44333.5,13.54,6.58,0.93,0.51,9.2,613.25
44333.54,16.09,7.77,0.82,0.4,9.68,612.83
44333.58,16.63,8.56,0.85,0.21,10,612.15
44333.62,16.85,9.01,1.21,0.26,9.6,611.45
44333.67,17.64,9.8,1.43,0.22,10,610.95
44333.71,17.46,9.82,1.61,0.34,10,610.45
44333.75,14.9,9.18,1.88,0.45,9.76,610.38
44333.79,14.56,9.32,1.75,0.63,5.44,610.44
44333.83,14.04,10.39,1.15,0.7,4.82,610.75
44333.88,14.5,10.63,1.73,0.78,5.15,611.08
44333.92,13.93,11.02,1.28,0.68,10,611.74
44333.96,11.98,10.47,0.87,0.75,9.97,612.15
44334,12.28,10.34,0.99,0.71,9.83,611.97
44334.04,12.13,10.56,0.96,0.9,10,611.94
44334.08,12.31,10.72,0.94,0.95,10,611.74
44334.12,12.23,10.69,0.93,0.83,10,611.33
44334.17,11.51,10.48,1,0.89,10,611.25
44334.21,11.51,10.46,0.92,0.82,10,611.24
44334.25,12.05,11.33,1.02,0.64,10,611.79
44334.29,11.94,11.09,0.92,0.54,10,612.01
44334.33,11.57,10.79,0.53,0.28,10,611.71
44334.38,11.81,10.51,0.51,2.89,9.97,611.85
44334.42,14.4,10.96,0.71,2.97,9.97,611.43
44334.46,14.26,10.91,0.79,0.02,9.69,611.24
44334.5,13.79,10.94,0.86,2.98,10,610.86
44334.54,16.93,11.85,0.84,2.91,10,610.32
44334.58,16.7,11.82,0.97,2.99,10,609.66
44334.62,16.37,11.82,1.37,0.11,10,608.87
44334.67,16.58,12.06,1.77,0.36,10,608.45
44334.71,16.64,12.2,1.99,0.69,10,607.9
44334.75,15.27,11.93,1.74,0.61,10,607.89
44334.79,14.98,11.8,1.67,0.49,10,607.82
44334.83,15.14,12.07,1.61,0.73,10,608.44
44334.88,15.04,12.37,1.34,0.74,10,608.96
44334.92,14.84,12.61,1.25,0.83,10,609.29
44334.96,13.06,12.24,1.13,0.91,10,609.36
44335,13.17,12.46,0.98,0.98,10,609.28
44335.04,12.87,12.7,0.96,0.93,10,608.97
44335.08,12.86,12.85,1.04,0.95,10,609.05
44335.12,13,12.86,0.86,0.74,10,608.64
44335.17,12.32,12.32,0.91,0.78,10,608.55
44335.21,12.51,12.51,0.94,0.77,10,608.74
44335.25,13.08,12.99,1.15,0.71,10,609.5
44335.29,13.1,12.85,1,0.65,10,610.13
44335.33,12.69,12.53,1.04,0.95,10,610.45
44335.38,12.26,12.21,0.91,0.95,9.95,610.42
44335.42,14.68,13.3,0.85,0.75,10,610.75
44335.46,15.87,12.49,1.01,0.52,10,610.81
44335.5,16.17,12.53,1.14,0.49,10,610.83
44335.54,16.97,12.64,1.34,0.59,10,610.45
44335.58,16.6,12.5,1.43,0.7,10,609.99
44335.62,16.36,12.62,1.49,0.59,10,609.68
44335.67,15.53,12.29,1.43,0.61,10,609.29
44335.71,15.69,12.29,1.23,0.67,10,609
44335.75,14.07,12.45,1.02,0.73,10,609.31
44335.79,14.28,12.09,0.63,0.52,9.92,609.39
44335.83,14.55,12.4,0.67,0.84,10,609.53
44335.88,14.55,12.81,0.91,0.97,10,610.01
44335.92,14.59,12.87,0.71,1.01,10,610.53
44335.96,13.63,12.69,0.38,1.14,10,610.81
44336,13.7,12.78,0.33,0.84,10,610.69
44336.04,13.46,12.77,0.5,1,10,610.31
44336.08,13.59,12.84,0.94,1.08,10,610.26
44336.12,13.62,12.82,0.82,0.85,10,609.89
44336.17,13.24,12.96,0.67,0.68,10,609.65
44336.21,13.32,13,0.85,1.05,10,609.69
44336.25,13.56,13.29,0.96,0.71,10,610.33
44336.29,13.45,13.16,0.85,0.74,10,610.46
44336.33,13.23,13.01,0.96,0.78,10,610.84
44336.38,12.9,12.64,0.9,0.76,10,610.72
44336.42,15.06,13.06,0.98,0.81,10,610.89
44336.46,15.02,12.86,1.23,0.74,10,610.82
44336.5,14.91,12.78,1.22,0.7,10,610.64
44336.54,16.48,12.85,1.25,0.69,10,610.26
44336.58,16.44,12.61,1.19,0.43,10,609.64
44336.62,15.96,12.61,1.14,0.16,10,609.03
44336.67,16.15,12.56,1.23,0.42,10,608.74
44336.71,16.01,12.47,1.27,0.49,10,608.62
44336.75,14.53,11.97,1.22,0.39,10,608.85
44336.79,14.74,11.7,1.24,0.45,10,608.67
44336.83,14.8,12.11,1.01,0.93,10,609
44336.88,14.96,12.3,0.81,0.81,10,609.51
44336.92,14.89,12.48,0.87,0.77,10,609.55
44336.96,13.06,12.15,0.87,1.09,10,609.82
44337,13.22,12.3,0.73,1.06,10,609.75
44337.04,13.35,12.44,0.55,0.94,10,609.34
44337.08,13.53,12.51,0.58,1.12,10,608.89
44337.12,13.53,12.6,0.51,1.22,10,608.53
44337.17,13.19,12.55,0.48,1.36,10,608.17
44337.21,13.31,12.4,0.35,1.18,10,608.12
44337.25,13.97,13.08,0.15,0.67,10,608.83
44337.29,13.95,12.94,0.06,1.33,10,608.08
44337.33,13.75,12.5,0.37,2.36,10,608.51
44337.38,13.7,12.04,0.33,1.02,9.97,608.29
44337.42,16.86,13.3,0.8,0.51,9.96,608.31
44337.46,17.1,13.4,1.07,0.28,10,608.32
44337.5,17.16,13.64,1.28,0.19,10,608.12
44337.54,19.37,14.65,1.49,0.18,10,607.87
44337.58,18.7,14.54,1.74,0.28,10,607.24
44337.62,18.97,14.94,1.96,0.53,9.52,606.62
44337.67,18.45,15.1,2.38,0.72,9.2,606.02
44337.71,17.8,15.04,2.37,0.69,9.12,606.11
44337.75,15.15,13.86,2.08,0.73,10,606.61
44337.79,15.21,13.66,1.59,0.79,10,606.85
44337.83,15.62,13.78,1.42,0.82,10,607.48
44337.88,15.8,13.89,1.33,0.85,10,607.87
44337.92,15.31,13.81,1.25,0.91,10,608.61
44337.96,12.94,12.79,1.1,0.81,10,608.86
44338,12.95,12.84,0.97,0.86,10,608.87
44338.04,12.83,12.78,0.91,0.96,10,608.68
44338.08,13.06,12.95,0.75,0.96,10,608.41
44338.12,13.31,13.07,0.72,1.04,10,608.07
44338.17,13.07,12.92,0.7,1.17,10,607.9
44338.21,13.26,12.99,0.45,1.41,10,607.88
44338.25,13.71,13.26,0.76,0.59,10,608.08
44338.29,13.71,13.21,0.64,0.65,10,608.09
44338.33,13.88,13.09,0.69,0.59,10,608.52
44338.38,13.72,12.55,0.78,0.37,10,608.4
44338.42,16.96,13.75,0.83,0.21,10,608.43
44338.46,16.54,13.8,0.82,0.12,10,608.28
44338.5,16.45,13.86,0.82,0.32,10,608.03
44338.54,18.75,14.78,0.86,0.28,10,607.67
44338.58,18.64,14.91,1.25,0.05,10,607.19
44338.62,18.67,15.14,1.44,0.09,8.72,606.68
44338.67,17.9,15.25,1.86,0.53,9.84,606.42
44338.71,18,15.33,2.3,0.74,7.36,606.24
44338.75,16.05,14.59,2.31,0.74,10,606.7
44338.79,15.63,14.49,1.67,0.64,10,606.61
44338.83,15.83,14.78,1.51,0.75,10,607.79
44338.88,15.72,14.94,1.6,0.81,10,608.34
44338.92,15.43,14.92,1.59,0.94,10,609.22
44338.96,13.12,13.12,1.41,0.94,10,609.93
44339,13.35,13.36,1.24,1.01,10,610.39
44339.04,13.4,13.39,1.35,1.16,10,610.45
44339.08,13.87,13.74,1.4,1.18,10,610.28
44339.12,14.06,13.93,1.45,1.11,10,610.31
44339.17,13.33,12.91,1.47,1.03,10,610.29
44339.21,13.43,13.43,1.71,1.01,10,610.89
44339.25,13.51,13.35,1.98,0.94,10,611.76
44339.29,13.19,12.85,2.04,1.06,10,612.38
44339.33,12.19,11.99,1.84,1.16,10,612.86
44339.38,11.89,11.76,1.55,1.2,10,613.23
44339.42,12.78,11.9,1.25,1.39,10,613.54
44339.46,12.53,11.63,1.46,1.33,10,613.95
44339.5,12.54,11.35,1.59,1.28,10,613.98
44339.54,14.62,10.79,1.57,1.28,10,614.06
44339.58,14.61,11,1.52,1.22,10,613.5
44339.62,14.56,11,1.44,1.19,10,613.31
44339.67,15.76,11.65,1.44,1.14,8.88,612.8
44339.71,15.45,11.6,1.37,1.05,9.28,612.6
44339.75,13.42,11.56,1.5,0.88,8.85,613.05
44339.79,13.75,11.46,1.43,0.92,8.96,612.55
44339.83,14.33,11.68,1.04,0.89,7.96,613.26
44339.88,14.32,11.8,1.03,0.91,8.84,613.96
44339.92,13.93,11.96,1.05,0.91,8.89,614.63
44339.96,12.05,10.9,1,0.92,9.6,614.93
44340,12.03,11.03,0.96,1.07,9.84,615.26
44340.04,11.65,10.72,0.91,1.23,10,615.13
44340.08,11.76,10.78,0.72,1.21,10,614.88
44340.12,11.71,10.74,0.77,1.29,9.92,614.72
44340.17,11.19,10.46,0.74,1.25,10,614.63
44340.21,11.2,10.58,0.72,1.39,10,614.46
44340.25,10.82,10.34,0.64,1.58,10,614.83
44340.29,10.99,10.13,0.64,1.39,9.89,615.03
44340.33,10.82,9.86,0.61,1.08,8.96,615.15
44340.38,10.82,9.36,0.62,0.88,9,615.22
44340.42,12.66,8.61,0.57,0.71,8.7,615.3
44340.46,13.52,8.49,0.57,0.39,7.97,615.28
44340.5,14.33,8.56,0.71,0.43,8.48,614.77
44340.54,16.61,9.04,0.73,0.46,9.37,614.42
44340.58,16.73,9.2,0.78,0.47,9.55,613.79
44340.62,16.7,9.24,0.86,0.41,9.52,613.13
44340.67,17.64,10.05,1.05,0.47,9.57,612.53
44340.71,17.33,10.05,1.34,0.5,10,611.76
44340.75,15.86,9.67,1.6,0.68,9.59,612.17
44340.79,15.43,9.29,1.51,0.62,8.38,611.98
44340.83,15.37,9.9,0.93,0.73,8.77,612.65
44340.88,15.12,9.83,0.9,0.69,9.14,613.06
44340.92,14.83,10.18,0.84,0.79,9.28,613.23
44340.96,14.12,10.36,0.86,0.81,9.71,613.55
44341,13.97,10.18,0.65,0.78,9.75,613.32
44341.04,13.5,10.27,0.78,0.97,10,613.42
44341.08,13.37,10.25,0.63,1.08,10,612.92
44341.12,13.28,10.26,0.41,1.07,10,612.79
44341.17,12.91,10.49,0.18,3.09,10,612.39
44341.21,12.87,10.43,0.16,2.97,10,611.98
44341.25,12.79,10.55,0.07,0.41,10,611.87
44341.29,12.77,10.57,0.47,1.04,10,612
44341.33,12.51,10.63,0.55,0.77,10,612.19
44341.38,12.31,10.24,0.7,0.71,10,612.14
44341.42,14.19,10.74,0.84,0.55,9.96,611.98
44341.46,14.06,10.34,0.9,0.31,9.56,611.77
44341.5,14.32,10.54,0.85,3.02,10,611.38
44341.54,17.18,11.16,0.89,2.38,10,610.71
44341.58,16.43,11.38,0.86,2.08,10,609.8
44341.62,16.89,11.8,0.76,2.53,10,609.07
44341.67,18.81,12.9,0.91,2.79,10,608.29
44341.71,18.81,12.99,1.11,0.18,10,607.62
44341.75,16.08,12.37,1.96,0.6,7.19,607.11
44341.79,15.57,11.95,2.01,0.65,4.4,607.5
44341.83,15.29,11.9,1.3,0.77,7.12,608.02
44341.88,14.43,11.68,1.45,0.79,10,608.72
44341.92,13.98,11.78,1.26,0.81,10,609.31
44341.96,12.45,11.23,1.16,0.81,10,609.75
44342,12.5,11.34,1.13,0.78,10,609.98
44342.04,12.32,11.37,1.1,0.79,10,609.93
44342.08,12.4,11.48,0.98,0.81,10,609.55
44342.12,12.6,11.51,0.99,0.85,10,609.31
44342.17,11.66,10.89,1.18,0.9,10,609.14
44342.21,11.75,10.82,1.1,0.96,10,609.09
44342.25,12.14,10.94,1.17,0.92,10,610.03
44342.29,11.85,10.78,1.31,1.07,10,610.47
44342.33,11.32,10.3,1.4,1.1,9.92,611.01
44342.38,10.96,9.58,1.5,1.19,10,611.55
44342.42,12.96,9.76,1.38,1.34,10,612.13
44342.46,13.16,9.87,1.34,1.45,9.8,612.57
44342.5,13.52,10.06,1.34,1.42,9.44,612.97
44342.54,14.86,10.21,1.29,1.49,9.31,612.92
44342.58,15.16,10.42,1.15,1.7,9.61,612.58
44342.62,15.54,10.44,1.33,1.68,8.67,612.38
44342.67,16.02,10.32,1.2,1.56,10,612.05
44342.71,16.48,10.01,1.29,1.43,8.89,611.53
44342.75,15.33,8.88,1.34,0.98,9.89,612.15
44342.79,16.18,9.93,0.96,1.19,10,612.07
44342.83,17.13,9.38,1.16,1.28,9.87,612.41
44342.88,17.62,9.63,1.06,1.65,9.99,612.77
44342.92,17.43,9.8,0.7,1.83,9.95,613.53
44342.96,15.58,9.46,0.56,2.16,9.97,613.62
44343,15.67,9.53,0.64,3.06,10,613.67
44343.04,15.41,9.62,0.6,0.67,9.99,613.33
44343.08,15.06,10.5,0.67,0.5,10,612.81
44343.12,15.38,9.95,0.55,0.8,9.92,612.34
44343.17,14.59,9.93,0.58,0.66,9.91,611.97
44343.21,14.76,9.54,0.37,0.92,9.29,611.84
44343.25,14.27,10.56,0.66,0.72,9.41,612.16
44343.29,13.98,11.06,0.69,0.86,9.7,612.73
44343.33,14.46,11.3,0.59,1.08,9.85,612.73
44343.38,15.14,9.26,0.6,1.23,9.07,612.72
44343.42,18.8,7.37,0.57,1.54,7.94,612.77
44343.46,18.68,6.96,0.46,2.42,8.33,612.46
44343.5,18.61,7.46,0.66,0.05,7.96,612.39
44343.54,21.15,7.89,0.95,0.35,7.98,611.9
44343.58,20.97,8.38,0.95,0.48,6.33,611.1
44343.62,20.89,8.83,1.11,0.67,6.01,610.6
44343.67,22.25,10.01,1.57,0.71,6.69,610.11
44343.71,22.25,10.37,1.87,0.68,7.64,609.83
44343.75,18.9,9.98,2.19,0.86,5,609.85
44343.79,18.51,9.93,1.87,0.71,4.76,610
44343.83,18.43,10.78,1.77,0.69,5.68,610.67
44343.88,18.6,10.95,1.55,0.79,7.25,611.07
44343.92,18.18,11.05,1.35,0.85,9.91,611.8
44343.96,16.8,9.97,0.7,0.96,9.93,611.87
44344,16.49,10.09,0.77,1.05,9.95,612.13
44344.04,15.87,10.26,0.65,1.07,9.63,611.93
44344.08,15.69,10.27,0.39,1.28,9.52,611.74
44344.12,15.39,11.71,0.39,1.46,9.92,611.5
44344.17,14.17,11.63,0.54,1.41,9.99,611.54
44344.21,14.23,11.4,0.66,1.38,10,611.52
44344.25,14.52,11.59,0.85,1.14,9.96,612.26
44344.29,14.39,11.56,0.54,0.82,9.96,612.6
44344.33,13.91,11.61,0.37,0.76,9.93,612.76
44344.38,13.67,11.61,0.2,2.5,8.83,612.53
44344.42,16.49,11.98,0.33,1.82,9.16,612.63
44344.46,16.52,11.69,0.11,2.18,8.44,612.48
44344.5,16.76,11.64,0.31,0.71,8.44,612.25
44344.54,20.48,12.29,0.9,0.61,9.72,611.9
44344.58,20.9,12.32,1.31,0.64,9.69,611.41
44344.62,20.93,12.4,1.64,0.59,9.69,611.07
44344.67,21.82,12.17,1.97,0.69,9.71,610.78
44344.71,21.93,12.25,1.93,0.81,9.99,610.51
44344.75,18.7,11.79,1.9,0.82,8.35,610.71
44344.79,18.52,10.98,1.62,0.85,7.33,610.59
44344.83,19.09,10.89,1.28,0.75,7.48,611.14
44344.88,19.4,11.3,0.59,0.82,7.61,611.38
44344.92,18.67,11.99,0.5,0.8,8.41,611.49
44344.96,16.65,11.62,0.56,1.18,9.23,611.42
44345,16.96,10.8,0.71,1.48,9.03,611.35
44345.04,16.54,11.14,0.56,2.17,8.77,611.35
44345.08,16.55,11.25,0.29,2.32,8.81,610.88
44345.12,16.63,11.45,0.22,0.73,8.54,610.38
44345.17,15.67,11.38,0.17,0.9,9.15,610.16
44345.21,15.56,11.38,0.41,1.79,9.75,610.03
44345.25,15.34,11.53,0.39,0.53,10,610.44
44345.29,15.34,11.24,0.38,0.44,9.87,610.58
44345.33,15.2,11.25,0.62,0.23,7.41,610.65
44345.38,15.31,10.89,0.91,0.35,8.72,610.64
44345.42,18.35,10.51,1.04,0.55,10,611
44345.46,18.29,10.45,1.36,0.69,10,611.06
44345.5,18.37,10.46,1.49,0.66,9.84,611.09
44345.54,19.65,10.95,1.48,0.68,9.68,611.05
44345.58,19.89,11.21,1.56,0.84,10,610.7
44345.62,19.74,11.34,1.72,0.94,10,610.45
44345.67,19.73,11.36,1.7,1.08,10,610.36
44345.71,19.8,11.39,1.6,1.15,10,610.24
44345.75,16.71,12.7,1.61,1.1,9.65,610.77
44345.79,16.71,12.81,0.78,0.99,9.97,610.86
44345.83,17.27,13.66,0.73,0.87,10,611.16
44345.88,17.66,14.23,0.61,1.11,10,611.36
44345.92,17.45,14.06,0.63,1.65,10,611.87
44345.96,15.31,13.45,0.7,2.09,10,612.15
44346,15.57,13.63,0.77,2.52,10,611.96
44346.04,15.51,13.03,0.69,2.87,10,611.76
44346.08,15.47,12.88,0.76,3.13,10,611.4
44346.12,15.67,12.87,0.76,0.17,10,611.15
44346.17,15.34,12.53,0.73,0.1,10,610.95
44346.21,15.23,12.52,0.73,0.16,9.99,610.83
44346.25,15.45,13.26,0.76,0.14,9.99,611
44346.29,15.18,13.68,0.44,1.04,9.52,611.3
44346.33,15.41,14.21,0.54,0.8,8.36,611.28
44346.38,15.96,13.93,0.57,0.22,9.89,610.84
44346.42,18.98,12.48,0.36,0.09,9.77,611
44346.46,18.94,10.31,0.11,0.36,9.8,610.71
44346.5,18.7,8.86,0.29,2.85,9.63,610.55
44346.54,22.42,7.91,0.68,2.98,9.37,610.07
44346.58,22.56,7.37,0.8,3.07,9.72,609.37
44346.62,22.24,7.24,0.88,0.05,9.34,608.94
44346.67,23.44,7.88,1.08,0.1,9.22,608.42
44346.71,23.77,8.22,1.27,0.19,9.12,607.99
44346.75,21.34,8.7,1.41,0.58,8.99,607.61
44346.79,21.41,9.01,1.42,0.82,8.27,607.82
44346.83,22.12,7.01,1.54,0.64,9.04,607.99
44346.88,22.35,7.08,1.35,0.69,10,608.35
44346.92,21.7,8.64,1.18,0.82,10,609.04
44346.96,18.81,9.79,0.99,1.11,10,609.27
44347,18.78,10.03,0.87,1.31,9.74,609.47
44347.04,17.31,10.71,0.83,1.84,6.57,609.23
44347.08,16.88,11.34,0.88,2.29,6.78,608.87
44347.12,16.73,11.32,0.9,2.47,6.46,608.49
44347.17,15.66,11.41,0.67,2.69,6.88,608.35
44347.21,15.35,11.46,0.56,2.92,5.78,608.21
44347.25,15.55,11.25,0.69,1.21,8.48,608.69
44347.29,15.51,11.55,0.39,1.71,7.63,608.8
44347.33,15.9,12.05,0.2,2.47,7.23,608.98
44347.38,15.84,12.4,0.46,0.93,5.47,608.89
44347.42,19.59,13.15,0.64,1.02,3.85,608.85
44347.46,19.98,12.92,0.87,0.93,6.64,608.94
44347.5,20.29,13.13,1.01,0.88,8.28,608.6
44347.54,23.4,13.48,1.12,0.71,10,608.51
44347.58,23.21,13.45,1.62,0.65,10,607.98
44347.62,23.18,13.37,1.82,0.5,7.03,607.93
44347.67,24.55,13.89,1.69,0.54,4.09,607.34
44347.71,24.52,14.04,1.57,0.57,8.8,607.02
44347.75,21.65,14.52,2.08,0.72,5.21,606.88
44347.79,21.46,14.31,1.61,0.63,6.57,606.94
44347.83,20.98,15.39,1.8,0.65,7,607.6
44347.88,21.71,15.31,1.73,0.72,8.69,608.09
44347.92,20.23,15.14,1.48,0.86,9.73,608.63
44347.96,18.55,14.9,1.25,0.86,9.16,608.7
44348,18.64,14.86,1.01,0.89,8.18,609.01
44348.04,18.19,15.11,0.9,1,9.75,608.95
44348.08,18.23,14.95,0.97,1.03,9.75,608.59
44348.12,18.12,14.86,0.66,1.16,9.99,608.38
44348.17,17.15,14.66,0.63,1.31,9.99,608.25
44348.21,17,14.76,0.74,1.36,10,608.55
44348.25,17.06,14.52,0.57,0.57,9.92,609.36
44348.29,16.88,14.33,0.75,0.72,9.81,609.76
44348.33,16.26,14.43,1.09,0.76,9.13,609.88
44348.38,15.7,14.7,1.31,0.8,9.35,609.94
44348.42,17.21,15.36,1.37,0.84,9.53,610.12
44348.46,16.65,14.96,1.56,0.83,10,610.16
44348.5,16.12,14.63,1.55,0.83,10,610.08
44348.54,17.43,14.8,1.58,0.72,10,609.79
44348.58,17.29,14.36,1.38,0.7,10,609.46
44348.62,17.44,14.18,1.48,0.53,10,608.92
44348.67,18.33,14.45,1.54,0.38,10,608.78
44348.71,18.42,14.32,1.49,0.5,10,608.16
44348.75,17.31,13.62,1.84,0.64,9.9,608.23
44348.79,17.48,13.57,1.31,0.71,9.91,608.32
44348.83,17.63,14.47,1.34,0.8,9.97,608.9
44348.88,18.16,14.65,1.32,0.75,9.49,609.06
44348.92,18.08,14.43,1.24,0.76,9.68,609.61
44348.96,16.49,14.39,0.99,0.56,9.99,609.78
44349,16.6,13.78,0.82,0.41,9,609.71
44349.04,15.89,14.2,0.68,0.74,9.56,609.85
44349.08,15.87,14.23,0.49,1.16,8.34,609.21
44349.12,15.74,14.13,0.5,1.43,7.49,609.04
44349.17,14.98,13.87,0.58,1.58,7.76,608.92
44349.21,14.93,14.04,0.64,1.39,9.39,608.79
44349.25,15.01,13.71,0.47,0.31,9.95,608.62
44349.29,14.91,13.9,0.76,0.39,10,609.32
44349.33,14.86,13.92,0.72,0.2,8.79,609.34
44349.38,15.21,13.75,0.54,2.63,9.85,609.39
44349.42,17.45,14.41,0.42,2.02,8.23,609.4
44349.46,17.63,14.4,0.51,1.59,8.61,609.12
44349.5,17.67,13.88,0.42,2.32,8.77,608.89
44349.54,21.85,15.24,0.66,0.01,10,608.56
44349.58,22.48,15.46,1.15,0.46,10,608.09
44349.62,22.22,15.33,1.68,0.57,9.8,607.74
44349.67,22.74,15.6,1.74,0.52,2.65,607.55
44349.71,22.97,15.95,1.88,0.58,5.19,607.05
44349.75,20.23,15.78,2.32,0.81,4.72,606.78
44349.79,19.95,15.66,2.01,0.81,6.57,607.11
44349.83,20.15,15.59,1.29,0.84,9.04,607.98
44349.88,20,15.73,1.05,0.87,10,608.72
44349.92,19.54,16.16,1.21,1.01,10,609.68
44349.96,16.97,15.72,1.01,1.1,10,609.69
44350,16.86,15.93,1.02,0.99,10,610
44350.04,16.15,15.7,1.1,1.02,10,609.81
44350.08,16.28,15.96,1.1,1.16,10,609.74
44350.12,16.45,16.19,1.12,1.2,10,609.64
44350.17,15.09,15,1.1,1.17,10,609.67
44350.21,15.16,14.94,1.17,1.22,10,609.85
44350.25,15.21,14.93,1.02,1.35,10,610.5
44350.29,15.22,14.62,1.48,1.36,10,611.33
44350.33,15.07,14.68,2.06,1.18,10,611.96
44350.38,14.12,14.04,2.24,1.23,10,612.52
44350.42,14.29,13.06,1.9,1.3,10,613.34
44350.46,13.59,12.33,1.88,1.42,10,613.97
44350.5,13.68,12.38,1.97,1.39,10,614.49
44350.54,13.4,10.46,1.82,1.36,10,614.81
44350.58,13.25,9.85,1.68,1.35,10,614.42
44350.62,12.98,8.73,1.51,1.27,10,614.3
44350.67,13.32,7.49,1.49,1.37,10,614.03
44350.71,13.55,6.73,1.36,1.49,10,614.12
44350.75,12.94,4.52,1.41,1.36,10,614.77
44350.79,13.16,4.84,0.97,1.68,9.92,614.27
44350.83,13.88,5.56,0.76,2.25,9.91,614.47
44350.88,14.19,6.6,0.56,2.77,9.96,614.49
44350.92,13.89,6.5,0.59,0.08,10,615.06
44350.96,12.51,6.44,0.65,0.16,10,615.06
44351,12.75,6.88,0.84,0.13,9.97,614.93
44351.04,13.04,6.54,1.05,0.45,9.96,614.68
44351.08,13.09,7.32,1.1,0.51,9.96,614.03
44351.12,13.22,7.35,1.15,0.49,9.81,613.7
44351.17,12.71,7.65,1.14,0.49,9.71,613.31
44351.21,12.79,7.75,1.23,0.53,9.52,613.18
44351.25,12.56,8.63,1.3,0.79,9.54,613.63
44351.29,13,8.43,0.88,0.81,8.39,613.34
44351.33,13.09,8.2,1.24,0.69,8.6,613.45
44351.38,13.22,8.15,1.02,0.45,9.46,613.21
44351.42,17.01,7.34,0.75,0.26,7.91,613.07
44351.46,17.69,5.03,0.31,1.93,5.91,612.93
44351.5,18.47,3.3,0.57,0.91,4.03,612.68
44351.54,21.76,2,0.93,0.76,4.01,612.27
44351.58,21.77,2.41,1.25,0.62,1.71,611.57
44351.62,21.91,2.53,1.46,0.64,2.73,611.04
44351.67,23.11,1.59,1.51,0.57,3.47,610.47
44351.71,23.04,1.78,1.5,0.44,3.53,610.06
44351.75,20.68,3.56,1.44,0.71,5.57,610.41
44351.79,20.72,3.97,1.02,0.94,7.42,610.19
44351.83,21.57,-0.31,0.46,1.62,7.8,610.63
44351.88,21.44,0.63,0.29,0.98,7.9,610.69
44351.92,20.52,2.66,0.67,0.89,6.53,611.01
44351.96,17.67,4.02,0.98,0.81,9.68,611.16
44352,17.14,4.52,0.97,0.68,9.99,611.27
44352.04,16.66,4.43,1.17,0.89,9.99,611.1
44352.08,16.51,4.48,1.3,0.91,9.83,610.7
44352.12,16.59,4.7,1.38,0.86,9.75,610.68
44352.17,15.53,5.14,1.14,0.83,9.47,610.39
44352.21,14.95,5.68,1.43,0.84,9.59,610.29
44352.25,15.93,7.5,1.27,0.93,9.79,610.15
44352.29,15.56,9.71,1.14,0.89,9.05,610.65
44352.33,15.47,8.93,0.93,0.71,9.45,610.65
44352.38,15.49,9.97,0.68,0.62,9.79,610.83
44352.42,20.85,10.07,0.13,2.62,9.38,610.79
44352.46,20.82,9.99,0.81,0.27,9.09,610.89
44352.5,21.43,9.91,1.03,0.18,7.11,610.7
44352.54,25.03,9.44,1.17,0.2,3.81,610.26
44352.58,25.27,9.01,1.36,0.38,0.83,609.63
44352.62,25.54,8.58,1.5,0.5,1.86,609.08
44352.67,26.08,9.15,1.66,0.5,3.63,608.72
44352.71,26.03,9.19,1.74,0.6,5.62,608.35
44352.75,22.57,11.05,1.91,0.48,8.73,608.33
44352.79,22.75,11.25,1.09,0.7,8.76,608.68
44352.83,23.89,9.41,1.54,0.65,7.62,609.24
44352.88,23.57,10.97,1.27,0.18,5.29,609.52
44352.92,21.96,11.46,0.79,3.09,6.47,609.84
44352.96,18.56,10.86,0.69,2.16,5.73,609.84
44353,18.24,11.21,0.49,1.38,5.74,609.91
44353.04,17.74,10.96,0.63,1.16,6.68,609.73
44353.08,17.78,11.12,0.85,0.95,7.41,609.1
44353.12,17.56,11.34,1.02,0.92,7.99,608.79
44353.17,16.89,11.37,1.09,0.86,7.02,608.38
44353.21,17.49,12.24,1.17,0.79,5.89,608.59
44353.25,18.11,12.02,1.17,0.63,4.01,608.44
44353.29,16.72,13.04,0.91,0.69,2.98,609.11
44353.33,17.84,12.79,1.21,0.69,7.08,609.26
44353.38,18.8,11.99,0.97,0.7,6.87,609.28
44353.42,23.03,10.26,0.93,0.54,5.62,609.29
44353.46,23.25,10.3,0.89,0.05,7.05,609.27
44353.5,23.5,10.51,0.41,2.94,7.19,609.38
44353.54,26,10.97,0.63,1.06,7.4,609.16
44353.58,25.56,11.12,0.95,1.09,9.71,608.72
44353.62,23.49,13.03,1.21,0.25,7.96,608.25
44353.67,24.35,15.07,1.46,3.02,7.31,607.83
44353.71,23.96,16.4,1.51,0.33,5.24,607.4
44353.75,21.44,14.3,1.69,0.55,7.45,608.03
44353.79,21.45,14.42,1.41,0.76,9.28,608.63
44353.83,21.16,16.35,1.45,0.56,8.39,608.89
44353.88,21.99,15.8,1.07,0.51,9.11,609.2
44353.92,21.76,15.88,1.08,0.92,9.7,609.59
44353.96,19.92,15.67,0.99,0.78,9.46,610.11
44354,19.7,15.83,0.88,0.73,9.55,610.07
44354.04,19.53,15.79,0.75,0.84,9.35,610.23
44354.08,18.9,16.03,0.6,0.82,9.64,610.06
44354.12,18.86,16.15,0.57,0.65,9.63,609.77
44354.17,17.82,15.94,0.42,0.49,9.61,609.76
44354.21,17.35,16.04,0.22,0.29,9.31,609.66
44354.25,16.35,15.24,0.2,1.79,10,609.71
44354.29,15.94,15.36,0.41,1.23,10,610.31
44354.33,16.05,15.4,0.57,0.54,10,610.76
44354.38,16.02,15.71,0.79,0.47,10,611.02
44354.42,16.57,16.1,0.79,0.63,10,611.42
44354.46,16.7,15.64,1.06,0.78,9.99,611.42
44354.5,16.46,15.04,1.28,0.62,10,611.49
44354.54,17.76,14.93,1.42,0.82,10,611.43
44354.58,17.12,14.7,1.46,0.87,9.99,611.13
44354.62,16.91,14.77,1.27,0.81,10,610.88
44354.67,16.77,14.88,1.16,0.76,9.99,610.6
44354.71,16.38,15.25,1.24,0.86,10,610.12
44354.75,15.24,13.93,1.17,1.38,9.85,611.12
44354.79,15.33,14.23,1.02,1.27,10,611.28
44354.83,15.75,14.41,0.8,0.95,9.92,611.51
44354.88,16.07,14.96,0.94,1.03,10,611.77
44354.92,16.14,14.98,0.88,1.12,10,612.1
44354.96,15.07,14.75,0.6,1.07,10,612.3
44355,15.11,14.76,0.34,1.22,10,612.47
44355.04,15.08,14.71,0.24,2.54,9.97,612.17
44355.08,15.17,14.72,0.24,2.8,9.99,611.65
44355.12,15.27,14.85,0.25,2.96,10,611.14
44355.17,15.08,14.82,0.22,0.17,9.99,610.88
44355.21,15.15,14.88,0.19,3.11,9.99,610.94
44355.25,14.92,14.6,0.48,2.59,9.97,611.14
44355.29,14.83,14.64,0.38,2.62,10,611.73
44355.33,14.77,14.6,0.25,1.43,10,611.75
44355.38,14.51,14.39,0.38,1.6,10,611.92
44355.42,14.95,14.01,0.48,1.19,10,612.3
44355.46,15,14.19,0.55,0.74,10,612.58
44355.5,14.62,14.31,0.67,0.19,10,612.36
44355.54,15.79,15.57,0.83,3.03,10,612.19
44355.58,16.73,16.1,0.91,2.84,9.71,611.44
44355.62,16.83,14.98,0.97,2.69,9.92,610.92
44355.67,17.4,15,0.91,3.04,10,610.38
44355.71,17.15,14.89,1.14,0.39,10,610.28
44355.75,17.23,14.61,1.12,0.55,10,610.91
44355.79,16.85,14.39,0.98,0.58,10,610.83
44355.83,16.96,14.42,0.75,0.64,9.97,611
44355.88,16.79,14.54,0.85,0.17,10,611.12
44355.92,16.73,14.82,0.57,0.76,10,611.49
44355.96,15.88,14.91,0.56,0.75,10,611.68
44356,15.76,14.93,0.49,0.33,10,611.57
44356.04,15.57,14.98,0.37,3.13,10,611.03
44356.08,15.48,15.05,0.32,0.42,10,610.42
44356.12,15.42,15.08,0.43,0.41,10,610.06
44356.17,15.21,15.19,0.53,0.62,10,609.83
44356.21,15.29,15.25,0.61,0.56,10,609.85
44356.25,15.58,15.51,0.71,0.61,10,609.88
44356.29,15.5,15.45,0.7,0.69,10,610.77
44356.33,15.24,15.24,0.79,0.72,10,610.76
44356.38,14.65,14.65,0.92,0.78,10,610.93
44356.42,15.52,15.52,0.95,0.85,10,610.9
44356.46,15.17,15.16,1.22,0.9,10,611.29
44356.5,14.64,14.51,1.46,0.7,10,611.15
44356.54,15.02,14.85,1.66,0.56,10,611.13
44356.58,15.27,14.82,1.57,0.67,10,610.75
44356.62,15.81,14.69,1.48,0.76,10,610.45
44356.67,15.54,14.61,1.21,0.87,10,610.23
44356.71,15.74,14.91,1.13,0.94,10,610.08
44356.75,14.98,14.28,1.01,1.25,10,611.04
44356.79,15.4,14.28,0.88,1.37,10,610.9
44356.83,15.56,14.39,0.82,1.23,10,611.21
44356.88,15.93,14.48,0.6,0.79,10,611.31
44356.92,15.98,14.41,0.36,1.69,9.99,611.68
44356.96,14.68,14.11,0.57,2.39,10,611.95
44357,14.6,14.22,0.67,2.49,10,612.02
44357.04,14.39,14.14,0.84,2.74,10,611.79
44357.08,14.49,14.18,0.76,2.85,10,611.37
44357.12,14.39,14.16,0.92,2.98,10,610.94
44357.17,13.86,13.59,1.02,2.9,10,610.75
44357.21,13.39,13.29,0.9,0.17,10,610.73
44357.25,14.18,13.17,0.99,0.21,10,611.14
44357.29,14.01,13.39,0.81,0.33,10,611.49
44357.33,14.02,13.22,0.5,0.62,10,611.37
44357.38,13.9,11.96,0.74,0.68,10,611.56
44357.42,15.36,12.33,0.98,0.73,9.99,611.56
44357.46,15.25,11.98,0.87,0.61,9.87,611.24
44357.5,15.65,12.13,0.11,2.01,9.96,611.05
44357.54,18.51,12.16,1.09,0.88,6.77,610.62
44357.58,19.15,11.88,1.38,0.67,8.5,610.31
44357.62,21.09,11.55,1.46,0.52,9.19,609.81
44357.67,23.23,10.9,1.52,0.52,9.43,609.54
44357.71,23.48,10.86,1.51,0.51,8.85,608.95
44357.75,21.71,12.29,1.6,0.67,8.99,609.87
44357.79,21.1,13.21,1.45,0.65,9.22,609.18
44357.83,21.46,11.62,1.48,0.7,9.37,609.8
44357.88,20.75,12.07,1.29,0.8,10,610.23
44357.92,19.75,12.73,0.87,0.61,10,610.47
44357.96,17.3,13,0.6,3.03,9.92,610.67
44358,16.93,13.14,0.46,1.41,9.99,610.78
44358.04,16.02,13.45,0.26,0.91,9.99,610.47
44358.08,15.56,13.37,0.38,0.6,9.99,610.07
44358.12,15.1,13.19,0.69,0.65,9.83,609.71
44358.17,14.08,12.56,0.85,0.68,9.97,609.43
44358.21,13.78,12.38,0.88,0.63,9.91,609.43
44358.25,15.1,12.84,0.83,0.73,9.91,609.76
44358.29,14.75,12.98,0.65,0.46,9.91,610
44358.33,15.07,13.52,0.44,0.42,9.85,610.31
44358.38,15.95,14.51,0.39,0.75,9.91,610.62
44358.42,20.03,15.31,0.72,0.38,10,610.73
44358.46,20.37,15.02,0.9,0.23,9.92,610.54
44358.5,21.11,14.4,1.07,0.06,9.97,610.61
44358.54,23.45,13.71,1.21,0.15,9.97,610.41
44358.58,23.98,13.47,1.41,0.29,10,609.92
44358.62,24.45,13.12,1.81,0.37,9.94,609.59
44358.67,24.12,13.71,1.85,0.42,9.83,609.18
44358.71,23.44,14.02,1.77,0.44,9.99,608.8
44358.75,21.12,14.96,1.71,0.49,9.99,609.47
44358.79,20.69,15.12,1.18,0.6,9.99,609.3
44358.83,19.82,15.79,1.63,0.72,9.97,609.98
44358.88,20.22,15.17,1.57,0.83,9.91,610.23
44358.92,20.25,15.17,1.37,0.83,9.82,610.72
44358.96,18.57,15.65,1.1,0.36,9.91,610.95
44359,18.35,15.75,0.84,0.1,8.75,611.04
44359.04,17.86,16.08,0.64,0.56,9.18,610.95
44359.08,17.65,16.1,0.44,0.47,8.94,610.81
44359.12,17.41,16.2,0.28,1.81,8.95,610.3
44359.17,16.93,16.15,0.5,1.51,8.4,610.07
44359.21,16.76,16.15,0.39,1.79,9.68,610.04
44359.25,17.28,16.23,0.6,1.7,9.44,610.32
44359.29,17.07,16.12,0.16,0.51,6.32,610.56
44359.33,17.68,16.46,0.29,2.38,9.29,611
44359.38,18.22,16.64,0.81,2.29,9.97,610.74
44359.42,21.24,16.81,0.86,1.96,9.84,610.66
44359.46,21.55,16.72,0.75,3.04,9.82,610.38
44359.5,21.97,16.47,1.08,0.16,9.21,610.39
44359.54,24.4,15.95,1.07,3.1,8.77,610.16
44359.58,24.48,15.77,0.98,2.48,8.52,609.57
44359.62,24.58,16.1,1.02,2.25,8.84,608.91
44359.67,25.08,16.33,1.08,3.04,8.79,608.59
44359.71,24.7,16.89,1.31,0.11,8.54,607.93
44359.75,22.97,17.09,1.56,0.64,9.47,608.95
44359.79,22.59,17.45,1.14,0.46,9.97,608.6
44359.83,22.58,17.68,1.33,0.41,9.65,608.81
44359.88,22.51,17.58,1.33,0.58,9.84,609.33
44359.92,22.4,17.84,1.13,0.28,9.84,609.68
44359.96,20.25,17.72,0.86,3.03,9.76,610.02
44360,20.29,17.93,0.69,2.73,9.92,609.87
44360.04,19.97,17.85,0.59,2.09,10,609.68
44360.08,20.06,17.89,0.73,1.89,9.92,609.29
44360.12,19.89,17.72,0.86,1.57,9.57,608.96
44360.17,18.63,17.45,1.06,1.24,9.64,608.52
44360.21,17.77,16.98,1.27,1.07,10,608.15
44360.25,18.72,17.78,1.03,1.18,10,608.17
44360.29,18.64,17.68,1,1.05,10,608.36
44360.33,19.19,18.46,0.97,0.97,9.96,608.22
44360.38,20.12,18.73,0.7,1.38,8.16,608.2
44360.42,24.06,18.74,1.01,1.66,7.07,608.17
44360.46,24.9,18.24,1.25,1.58,7.64,608.08
44360.5,24.71,17.84,1.15,1.59,7.65,607.71
44360.54,27.14,17.99,1.13,1.74,5.58,607.21
44360.58,27.52,17.64,0.97,1.9,6.14,606.84
44360.62,27.55,17.35,1.09,2.16,7.63,606.23
44360.67,28.2,17.3,0.85,2.5,8.37,605.95
44360.71,28.04,16.93,1.27,0.13,8.38,605.51
44360.75,25.53,17.02,1.2,0.7,7.84,606.11
44360.79,24.99,17.36,1.32,0.56,6.29,605.59
44360.83,24.38,18.92,1.57,0.74,4.72,605.69
44360.88,24.09,19.13,1.44,0.73,5.6,605.86
44360.92,24.23,19.33,1.22,0.86,7.52,606.39
44360.96,21.07,19.2,1.11,0.69,9.28,606.87
44361,20.89,18.8,0.87,0.11,10,606.39
44361.04,20.46,18.77,0.66,2.25,10,606.26
44361.08,20.48,18.41,0.67,1.32,10,605.81
44361.12,20.29,18.02,0.94,1.23,10,605.18
44361.17,19.31,17.63,1.1,1.14,10,605.03
44361.21,19.38,17.42,1.18,1.18,10,604.82
44361.25,19.82,17.9,1.12,1.42,9.84,604.56
44361.29,20.29,18.19,1.11,1.45,9.92,604.65
44361.33,21.18,18.33,0.88,1.5,10,604.68
44361.38,22.01,18.17,0.74,2.34,9.83,604.68
44361.42,25.71,18.43,0.71,2.67,10,604.95
44361.46,26.15,18.19,0.67,2.98,10,604.75
44361.5,26.58,17.76,1.1,0.1,10,604.64
44361.54,28.92,17.86,1.42,0.4,10,604.43
44361.58,28.49,18.2,1.51,0.36,10,604.09
44361.62,27.78,18.95,1.69,0.4,10,603.62
44361.67,28.3,19.97,1.84,0.53,10,603.47
44361.71,26.93,20.61,2.02,0.79,9.75,603.59
44361.75,22.71,20.39,2.4,0.9,9.92,604.1
44361.79,21.06,19.63,1.76,1.21,10,604.35
44361.83,21.16,19.64,1.07,1.38,10,605.03
44361.88,21.68,19.66,0.71,0.85,10,605.44
44361.92,21.25,19.7,0.12,0.97,10,606.03
44361.96,19.47,19.13,0.27,0.72,10,606.02
44362,19.7,19.17,0.04,1.49,10,605.98
44362.04,19.74,18.92,0.23,0.59,10,605.72
44362.08,19.94,18.98,0.5,1.76,10,605.25
44362.12,20.25,18.93,0.56,1.74,10,604.75
44362.17,19.68,18.97,0.41,2.4,10,604.51
44362.21,20,19.06,0.37,1.99,10,604.58
44362.25,20.54,19.36,0.06,0.81,10,605.14
44362.29,20.33,19.21,0.13,0.14,10,605.24
44362.33,20.65,18.98,0.43,1.27,10,605.31
44362.38,21.08,19.09,0.48,1.72,10,605.02
44362.42,24.69,19.79,0.54,2.4,9.76,605.33
44362.46,24.49,19.7,0.76,2.98,9.83,605.22
44362.5,24.86,19.81,1.06,2.93,9.73,604.91
44362.54,27.81,20.93,1.34,0.04,9.87,604.79
44362.58,27.49,21.59,1.43,0.3,9.72,604.35
44362.62,26.79,21.79,1.79,0.19,9.69,604.32
44362.67,24.06,20.27,1.56,0.34,9.91,604.05
44362.71,24.17,20.31,1.45,0.51,9.36,603.78
44362.75,23.66,20.48,2.34,0.63,9.57,604.12
44362.79,23.52,20.3,1.43,0.75,10,604.52
44362.83,23.14,20.65,0.93,0.33,10,604.94
44362.88,23.17,20.55,0.82,0.24,10,605.35
44362.92,22.58,20.53,0.54,0.68,10,605.62
44362.96,20.29,19.7,0.45,0.67,10,605.99
44363,20.41,19.68,0.18,1.63,10,605.84
44363.04,20.34,19.46,0.39,2.22,10,606.1
44363.08,20.39,19.39,0.34,2.67,10,605.74
44363.12,20.45,19.4,0.5,0.27,10,605.69
44363.17,20.04,19.1,0.73,0.33,10,605.73
44363.21,20.11,19.07,0.32,0.95,10,605.71
44363.25,20.64,19.42,0.84,0.4,10,606.42
44363.29,20.64,19.43,0.65,1.01,9.92,606.65
44363.33,20.35,18.88,0.98,0.99,10,606.54
44363.38,20.6,19.28,1.1,0.76,10,606.58
44363.42,24.04,20.12,0.52,0.96,10,606.66
44363.46,25.12,20.02,0.58,0.1,10,606.86
44363.5,25.76,19.85,0.8,0.19,10,606.81
44363.54,28.28,19.84,1.33,0.33,9.99,606.63
44363.58,27.28,20.23,1.45,0.18,9.92,606.62
44363.62,25.86,20.53,1.75,0.2,10,606.23
44363.67,25.34,20.96,1.56,0.63,10,606.37
44363.71,24.1,20.98,1.26,0.72,10,605.95
44363.75,22.25,19.92,1.99,1.06,9.91,606.17
44363.79,22.69,20.01,1.39,0.56,10,606.27
44363.83,23.26,19.99,0.75,0.29,10,607.21
44363.88,23.39,20.26,0.74,0.47,10,607.28
44363.92,22.66,19.96,0.72,2.7,10,607.58
44363.96,20.3,19.39,0.59,1.58,10,608.07
44364,20.65,19.68,0.52,1.35,10,608.08
44364.04,20.58,19.78,0.72,2.77,10,608.05
44364.08,20.52,19.78,0.32,2.15,10,607.68
44364.12,20.61,19.86,0.53,1.87,10,607.6
44364.17,19.29,18.69,0.24,1.21,10,607.62
44364.21,19.44,18.82,0.2,1.8,10,607.52
44364.25,19.56,18.71,0.48,1.56,10,607.55
44364.29,19.66,18.83,0.57,0.48,9.92,608.58
44364.33,19.95,18.53,0.48,0.25,10,608.55
44364.38,19.88,18.59,0.96,0.39,9.92,608.31
44364.42,21.59,18.92,0.83,0.32,9.84,608.32
44364.46,21.39,18.99,1.05,0.46,9.84,608.23
44364.5,20.84,19.32,1.64,0.61,9.92,608.32
44364.54,22.35,19.24,1.81,0.55,9.92,608.32
44364.58,22.24,19.68,2.02,0.55,10,607.84
44364.62,22.02,20.12,1.53,0.64,10,608.13
44364.67,21.41,19.9,1.64,0.66,10,607.76
44364.71,21.59,19.18,1.7,0.76,10,607.6
44364.75,19.7,18.2,2.23,0.54,9.91,607.51
44364.79,19.34,17.66,1.76,0.72,10,608.04
44364.83,19.1,17.13,1.48,0.78,10,608.78
44364.88,19.11,17.5,1.45,0.86,10,609.44
44364.92,19.07,17.29,1.15,0.9,10,609.62
44364.96,16.59,15.57,0.87,0.73,10,610.18
44365,16.35,15.44,0.71,0.78,10,610.02
44365.04,16.51,15.32,0.61,0.79,10,609.84
44365.08,16.55,15.36,0.72,0.48,10,609.14
44365.12,16.53,15.19,0.67,0.57,10,608.88
44365.17,16.12,15.12,0.88,0.49,10,608.72
44365.21,16.25,15.22,0.87,0.3,10,608.49
44365.25,16.96,15.71,0.6,0.06,9.92,608.31
44365.29,16.79,15.52,0.76,0.47,10,608.58
44365.33,16.13,15.31,0.91,0.52,10,608.58
44365.38,15.86,14.96,1.42,0.45,10,608.69
44365.42,18.93,15.99,1.4,0.36,10,608.6
44365.46,18.65,16.23,1.64,0.43,10,608.73
44365.5,18.39,16.34,1.84,0.53,10,608.67
44365.54,20.86,17.15,2.1,0.62,10,608.5
44365.58,20.96,17.25,2,0.71,10,608.18
44365.62,20.83,17.38,1.89,0.81,10,608.06
44365.67,19.99,16.89,1.68,0.86,10,608.06
44365.71,19.14,16.58,1.63,0.77,10,607.7
44365.75,16.57,14.88,1.71,0.72,9.65,607.8
44365.79,17.16,14.62,1.35,0.7,10,608.21
44365.83,17.6,14.47,1.19,0.87,9.95,608.6
44365.88,17.63,14.63,1.29,0.74,9.77,609
44365.92,17.14,14.69,1.07,0.8,9.75,609.36
44365.96,15.16,13.51,0.89,0.85,9.83,609.73
44366,15.08,13.38,0.82,0.97,9.95,609.67
44366.04,14.92,13.31,0.64,0.82,9.91,609.35
44366.08,15.03,13.32,0.59,0.86,9.96,608.68
44366.12,15.16,13.41,0.38,0.73,9.93,608.46
44366.17,14.72,13.27,0.23,0.37,9.85,608.05
44366.21,14.79,13.27,0.43,2.93,9.89,607.99
44366.25,15.98,13.75,0.43,2.96,9.83,608.15
44366.29,15.7,13.65,0.53,0.66,8.53,608.49
44366.33,15.53,12.97,0.75,0.78,8.21,608.44
44366.38,15.36,12.87,1.06,0.82,8.49,608.59
44366.42,18.84,13.92,1.27,0.67,7.57,608.73
44366.46,18.5,13.76,1.43,0.54,5.69,608.76
44366.5,18.46,13.89,1.42,0.52,7.55,608.86
44366.54,20.44,14.46,1.35,0.53,9.69,608.59
44366.58,20.49,14.6,1.46,0.6,9.95,608.08
44366.62,20.61,14.65,1.56,0.73,9.93,607.74
44366.67,21.11,14.52,1.78,0.71,9.19,607.55
44366.71,20.97,14.33,1.77,0.6,7.72,607.31
44366.75,18.72,13.21,1.84,0.58,3.96,607.27
44366.79,18.92,12.81,1.63,0.75,5.28,607.25
44366.83,19.04,13.08,1.1,0.68,6.64,607.91
44366.88,18.99,13.47,1.56,0.68,7.04,608.08
44366.92,18.38,13.57,0.9,0.85,8.32,608.65
44366.96,16.33,13.42,0.78,0.87,8.48,608.82
44367,16.38,13.46,0.83,0.86,9.99,608.73
44367.04,15.79,13.42,0.72,0.89,10,608.44
44367.08,16.18,12.89,0.48,0.92,9.85,608.03
44367.12,16.34,12.88,0.43,0.84,10,607.75
44367.17,15.76,12.74,0.33,0.75,9.92,607.65
44367.21,15.98,12.94,0.28,0.87,9.04,607.53
44367.25,16.58,13.09,0.21,1.1,8.95,608.14
44367.29,16.31,13.06,0.49,1.01,9.68,608.29
44367.33,16.01,13.06,0.8,0.89,9.79,608.23
44367.38,15.84,12.83,0.99,0.8,9.89,608.43
44367.42,18.51,13.37,0.86,0.7,9.91,608.56
44367.46,18.28,13.4,0.89,0.86,9.76,608.61
44367.5,18.21,13.6,1.03,0.87,9.8,608.43
44367.54,20.85,14.37,1.36,0.73,9.55,608.42
44367.58,20.96,14.55,1.57,0.62,10,607.85
44367.62,21.18,14.8,1.64,0.61,10,607.67
44367.67,22.41,15.46,1.73,0.66,9.84,607.41
44367.71,22.25,15.44,1.71,0.74,10,607.31
44367.75,19.52,13.66,1.75,0.86,7.59,608.13
44367.79,19.62,13.1,1.47,1.01,6.48,607.97
44367.83,19.82,13.25,1.51,0.99,6.48,608.83
44367.88,19.97,13.25,1.36,0.73,7.97,608.88
44367.92,19.57,13.51,1.17,0.9,9.97,609.5
44367.96,17.61,13.29,0.95,0.94,9.89,610.04
44368,17.75,13.65,0.42,1.03,10,609.98
44368.04,17.36,13.59,0.49,1.04,9.99,609.85
44368.08,17.41,13.88,0.39,1.5,10,609.41
44368.12,17.38,13.97,0.29,2.24,9.81,609.24
44368.17,16.64,13.87,0.52,2.32,10,609.02
44368.21,16.7,14.07,0.41,2.76,10,608.95
44368.25,16.99,13.57,0.34,0.37,10,608.97
44368.29,16.8,13.7,0.13,0.75,10,609.52
44368.33,16.56,13.24,0.17,0.5,10,609.71
44368.38,16.48,12.84,0.21,1.88,10,609.86
44368.42,19.1,13.15,0.63,1.4,10,610.06
44368.46,19.12,12.7,1.05,1.13,9.99,610.16
44368.5,18.99,12.46,1.19,1.03,9.96,610.34
44368.54,20.5,12.17,1.13,1.1,9.95,610.2
44368.58,20.76,12.51,1.08,1.06,9.34,609.85
44368.62,21.02,12.72,1.23,0.83,8.95,609.57
44368.67,20.63,12.68,1.41,0.82,8.75,609.42
44368.71,21,12.78,1.28,1.02,9.69,609.25
44368.75,18.74,11.81,1.17,1.31,7.55,609.96
44368.79,19.03,11.74,1.01,1.48,7.5,610.13
44368.83,18.89,13.08,1.03,1.29,6.54,610.28
44368.88,19.24,12.76,0.81,1.52,6.17,610.46
44368.92,19.25,12.13,0.69,1.68,7.19,610.73
44368.96,17.59,11.35,0.39,2.36,9.42,611.2
44369,17.51,11.44,0.56,0.34,9.8,610.99
44369.04,17.22,11.75,0.63,0.73,9.76,611
44369.08,17.24,11.86,0.74,0.8,9.89,610.66
44369.12,17.47,12.02,0.74,1.14,9.65,610.25
44369.17,16.33,11.78,0.71,0.77,9.79,610.1
44369.21,16.19,11.76,0.64,0.78,9.99,610.13
44369.25,16.19,12.39,0.72,0.83,10,610.86
44369.29,16.19,12.19,0.84,1.16,10,610.98
44369.33,16.4,12.81,1.2,1.17,9.96,611.34
44369.38,16.78,12.38,1.05,1.08,9.87,611.19
44369.42,19.35,12.45,0.95,1.1,9.83,611.42
44369.46,19.83,11.15,0.84,1.22,9.62,611.51
44369.5,20.13,10.46,0.78,1.52,9.53,611.26
44369.54,22.83,10.16,0.66,1.86,9.39,611.02
44369.58,22.57,9.97,0.58,2.6,8.9,610.59
44369.62,22.39,9.98,0.87,0.17,8.43,610.33
44369.67,22.71,10.24,1.24,0.23,6.23,609.74
44369.71,22.74,10.37,1.4,0.26,3.75,609.44
44369.75,21.46,10.67,1.23,0.28,4.44,609.77
44369.79,21.47,10.13,0.91,0.18,6.18,609.86
44369.83,22.18,9.33,0.67,0.18,4.63,609.71
44369.88,22.71,8.05,0.51,0.82,7.5,609.91
44369.92,22.5,8.55,0.41,0.1,10,610.36
44369.96,20.49,9.9,0.55,2.45,10,610.61
44370,20.31,10.11,0.5,1.81,10,610.53
44370.04,19.8,9.99,0.41,1.26,10,610.44
44370.08,19.81,10.12,0.32,1,10,609.94
44370.12,19.61,10.03,0.17,0.65,10,609.6
44370.17,19.31,10.33,0.37,3.08,10,609.34
44370.21,19.32,10.18,0.44,2.61,10,609.55
44370.25,18.94,12.65,0.36,2.51,10,610.06
44370.29,18.33,14.95,0.52,1.66,10,610
44370.33,18.31,12.98,0.27,1.17,9.99,610.2
44370.38,18.47,12.02,0.38,0.44,10,610.25
44370.42,21.14,11.91,0.77,0.74,9.61,610.25
44370.46,20.81,12.12,0.91,0.73,9.36,610.07
44370.5,21.29,12.8,0.94,0.82,9.48,610.09
44370.54,22.81,13.49,1.13,0.78,9.38,610
44370.58,22.72,13.6,1.4,0.8,9.92,609.44
44370.62,22.24,13.8,1.7,0.61,9.68,609.15
44370.67,23.38,14.56,1.77,0.74,9.32,608.65
44370.71,23.76,14.65,1.81,0.78,9.99,608.24
44370.75,20.74,14.88,1.35,0.6,9.91,608.81
44370.79,20.97,14.43,1.25,0.76,9.85,609.33
44370.83,20.46,15.66,1.12,0.78,9.97,609.95
44370.88,20.42,16.06,0.85,0.93,9.76,609.95
44370.92,20.63,14.59,0.67,0.08,9.9,609.82
44370.96,18.86,15.32,0.63,1.62,9.53,610.13
44371,18.84,15.21,0.5,0.96,9.8,610.26
44371.04,18.33,15.48,0.51,1.53,9.97,609.93
44371.08,18.12,15.63,0.37,1.19,9.77,609.41
44371.12,17.94,15.59,0.37,2.74,9.76,609.11
44371.17,17.14,15.7,0.4,2.17,9.99,608.99
44371.21,16.94,15.61,0.37,1.09,9.69,608.9
44371.25,16.71,15.86,0.73,0.35,10,609.24
44371.29,16.77,15.77,0.54,0.87,9.89,609.15
44371.33,16.96,16.01,0.58,1.12,9.81,609.35
44371.38,17.39,15.86,0.82,0.64,9.89,609.23
44371.42,19.57,16.21,0.96,0.51,10,609.32
44371.46,20.09,16.21,1.06,0.51,10,609.08
44371.5,20.62,16.32,1.03,0.62,10,609.12
44371.54,22.64,16.68,1.34,0.45,10,608.64
44371.58,22.3,16.77,1.84,0.5,10,608.3
44371.62,22.19,16.86,1.95,0.55,8.88,607.76
44371.67,21.76,16.84,1.95,0.64,10,607.5
44371.71,21.79,17.11,1.83,0.66,10,607.29
44371.75,19.97,17.27,1.78,0.62,8.96,607.73
44371.79,19.76,17.25,1.53,0.81,10,607.84
44371.83,19.73,17.39,1.27,0.72,10,608.24
44371.88,19.65,17.87,0.98,0.57,10,608.78
44371.92,19.36,18.18,0.94,0.74,10,609.15
44371.96,18.19,17.97,0.89,0.64,10,609.36
44372,18.33,18.17,0.8,0.88,10,609.55
44372.04,18.22,18.08,0.79,0.83,10,609.3
44372.08,18.22,17.98,0.85,0.73,10,608.8
44372.12,18.19,17.89,0.72,0.49,10,608.52
44372.17,17.96,17.77,0.92,0.6,10,608.12
44372.21,17.91,17.69,0.93,0.59,10,607.99
44372.25,17.99,17.85,1.03,0.57,10,608.56
44372.29,17.89,17.82,1.05,0.76,10,608.75
44372.33,17.61,17.61,0.93,0.67,10,608.95
44372.38,17.26,17.26,1.06,0.67,10,608.79
44372.42,18.92,17.91,1.18,0.65,10,608.94
44372.46,18.36,16.84,1.2,0.5,10,608.78
44372.5,18.89,16.79,1.35,0.44,10,608.78
44372.54,19.67,17.03,1.32,0.65,10,608.45
44372.58,19.89,16.97,1.39,0.76,10,608.24
44372.62,20.14,17.1,1.39,0.77,10,607.92
44372.67,21.51,17.48,1.47,0.84,10,607.65
44372.71,21.6,17.39,1.62,0.92,10,607.37
44372.75,18.83,17.66,1.63,0.84,9.43,607.25
44372.79,19.11,17.61,1.19,0.65,10,607.68
44372.83,19.21,17.34,1.15,0.73,10,607.91
44372.88,19.24,17.45,1.13,0.85,10,608.26
44372.92,19.09,17.8,0.96,0.63,10,608.53
44372.96,17.96,17.63,0.64,0.72,10,608.85
44373,18.01,17.73,0.55,0.71,10,608.73
44373.04,17.98,17.7,0.61,3.12,10,608.51
44373.08,17.97,17.69,0.63,2.56,10,607.98
44373.12,18.02,17.71,0.44,2.72,10,607.66
44373.17,17.88,17.51,0.26,2.42,10,607.54
44373.21,18.07,17.39,0.51,2.08,10,607.21
44373.25,18.98,17.96,0.38,1.47,10,607.49
44373.29,19.11,17.97,0.53,1.53,9.76,607.29
44373.33,19.18,18.12,0.4,1.56,9.6,607.44
44373.38,19.12,18.22,0.48,2.55,9.76,607.48
44373.42,22.13,19.19,0.65,3.13,9.92,607.56
44373.46,22.22,19.25,1.24,0.41,10,607.56
44373.5,22.11,19.54,1.51,0.37,10,607.3
44373.54,24.64,19.67,1.43,0.32,9.52,607.14
44373.58,24.49,19.64,1.63,0.42,10,607
44373.62,23.81,19.54,1.72,0.51,9.44,606.88
44373.67,23.59,19.48,1.71,0.57,10,606.76
44373.71,23.23,19.69,1.79,0.79,10,606.52
44373.75,20.34,19.13,1.83,0.91,8.72,607.24
44373.79,20.57,19.11,1.6,0.61,10,606.43
44373.83,20.66,19.11,1.38,0.73,10,607.32
44373.88,20.46,19.08,1.33,0.9,10,607.91
44373.92,20.68,19.3,1.34,1.02,10,608.35
44373.96,18.92,18.4,1.04,0.99,10,608.74
44374,19.23,18.49,0.75,0.98,10,608.83
44374.04,18.9,18.13,0.89,0.79,10,608.72
44374.08,18.85,18.02,0.52,0.36,10,608.28
44374.12,18.9,17.96,0.4,0.25,10,608.29
44374.17,18.58,17.84,0.23,0.26,10,608.09
44374.21,18.58,17.79,0.32,2.89,10,607.89
44374.25,18.63,17.8,0.09,1.28,10,608.34
44374.29,18.32,17.63,0.29,1.51,10,607.94
44374.33,18.05,17.37,0.64,0.5,9.92,608.48
44374.38,18.17,17.28,1.2,0.83,10,608.58
44374.42,20.63,18.23,1.47,0.8,10,608.72
44374.46,20.79,18.25,1.62,0.62,10,608.77
44374.5,21.35,18.32,1.51,0.71,10,608.78
44374.54,23.66,18.76,1.34,0.78,10,608.69
44374.58,23.64,18.74,1.36,0.8,10,608.26
44374.62,23.42,18.95,1.21,0.65,10,608.14
44374.67,22.9,18.58,1.29,0.89,9.36,607.77
44374.71,22.29,18.73,1.32,0.69,8.64,607.26
44374.75,21.47,17.96,1.56,0.68,8.34,607.3
44374.79,21.86,17.72,1.22,0.9,9.67,607.33
44374.83,21.91,17.79,1.58,0.83,9.95,608.04
44374.88,22.06,17.88,1.66,0.86,9.95,608.41
44374.92,21.71,17.99,1.12,0.83,9.97,608.56
44374.96,19.89,17.73,0.48,0.9,9.95,608.52
44375,19.8,17.88,0.35,1.21,10,608.71
44375.04,19.52,17.6,0.98,1.33,9.9,608.81
44375.08,19.2,17.7,0.6,1.4,9.97,608.28
44375.12,18.93,17.77,0.9,1.5,9.67,608.05
44375.17,18.15,17.42,0.59,1.34,9.97,607.83
44375.21,18.31,17.49,0.47,2.97,9.99,608.02
44375.25,18.02,17.51,0.68,1,10,608.75
44375.29,18.22,17.68,0.45,2.71,9.99,608.76
44375.33,18.19,17.78,0.4,0.44,9.84,608.88
44375.38,18.8,17.32,0.52,2.86,10,609.01
44375.42,21.5,17.85,0.57,2.18,9.91,608.88
44375.46,22.32,17.36,0.99,1.38,9.92,608.84
44375.5,22.78,17.28,1.48,0.96,9.83,608.53
44375.54,23.99,16.9,1.68,0.79,9.82,608.36
44375.58,23.9,17.07,1.71,0.75,9.82,607.99
44375.62,23.49,16.89,1.71,0.84,9.99,607.73
44375.67,23.77,17.3,1.59,0.95,9.91,607.3
44375.71,23.58,17.65,1.26,0.77,8.99,606.88
44375.75,21.81,17.3,1.91,0.61,6.82,606.87
44375.79,21.68,17.37,1.15,0.52,8.83,607.68
44375.83,20.89,18.16,1.58,0.63,8.97,608.31
44375.88,20.72,18.14,1.18,0.59,9.63,608.61
44375.92,20.53,18.13,1,1.1,9.49,609.05
44375.96,19.33,17.98,0.79,1.48,9.64,609.13
44376,19.8,18.12,0.68,1.88,9.82,609.3
44376.04,19.2,17.86,0.7,2.78,9.99,609.06
44376.08,19.07,17.67,0.83,2.98,10,608.77
44376.12,18.93,17.79,0.78,2.92,10,608.41
44376.17,18.66,17.71,0.71,2.43,10,608.31
44376.21,18.65,17.89,0.83,2.14,10,608.19
44376.25,19.17,18.11,0.98,1.52,10,607.92
44376.29,19.18,17.79,0.93,1.6,10,608.22
44376.33,18.76,17.7,0.97,1.52,10,608.51
44376.38,18.96,17.55,1.07,1.28,10,608.92
44376.42,21.04,18.13,1.02,1.4,10,609.09
44376.46,21.47,18.47,1.14,1.64,10,609.04
44376.5,21.89,18.43,1.29,1.79,10,609.1
44376.54,22.95,18.22,1.13,1.58,10,608.94
44376.58,22.82,17.79,1.11,1.4,10,608.67
44376.62,22.15,17.28,1.18,1.4,10,608.25
44376.67,20.9,16.92,1.31,1.24,9.92,607.81
44376.71,21.42,17.09,1.35,1.23,10,607.32
44376.75,20.05,16.4,1.49,1.05,10,608.21
44376.79,20.17,16.34,1.45,1.11,9.91,607.72
44376.83,20.26,16.63,1.64,1.2,8.4,607.91
44376.88,20.4,16.76,0.97,2.37,9.84,609.04
44376.92,20.27,16.86,0.9,1.55,9.75,609.09
44376.96,19.33,17.31,1.15,1.61,9.99,608.89
44377,19.35,16.43,0.79,1.65,9.99,609.04
44377.04,19.17,16.45,0.71,2.06,9.92,608.83
44377.08,19.18,16.52,1.03,2.31,9.92,608.62
44377.12,19.27,16.72,1.12,2.34,10,608.39
44377.17,18.74,16.31,1,2.54,9.8,608.2
44377.21,18.59,16.38,0.84,2.87,10,607.85
44377.25,17.85,16.02,0.31,0.21,9.92,608.06
44377.29,17.73,16.14,0.36,0.37,9.67,608.49
44377.33,18.93,16.9,0.27,1.91,9.99,608.75
44377.38,19.93,17.23,0.78,1.77,10,608.88
44377.42,22.59,16.68,1.06,1.34,10,608.98
44377.46,22.98,15.9,1.24,1.48,10,609.09
44377.5,23.23,15.58,1.35,1.34,10,608.96
44377.54,24.37,16.03,1.26,1.15,10,608.72
44377.58,24.32,15.93,1.32,1.15,9.92,608.33
44377.62,23.74,15.97,1.27,1.04,10,608.13
44377.67,23.73,16.31,1.25,0.99,10,607.7
44377.71,23.35,16.47,1.08,0.82,10,607.3
44377.75,19.08,16.36,1.16,0.93,10,607.73
44377.79,19.37,16.58,0.99,1.15,9.52,607.66
44377.83,19.76,17.12,0.8,0.87,8.57,607.68
44377.88,19.79,17.04,0.77,0.37,10,608.02
44377.92,20.08,17.53,0.27,1.47,10,608.22
44377.96,18.46,17.58,0.41,2.58,10,608.34
44378,18.58,17.74,0.35,2.89,10,608.23
44378.04,18.21,17.66,0.36,2.93,10,608.02
44378.08,18.36,17.75,0.43,2.09,10,607.85
44378.12,18.26,17.78,0.57,2.04,9.99,607.44
44378.17,17.9,17.55,0.54,2.04,10,607.33
44378.21,17.83,17.46,0.48,1.91,10,607.36
44378.25,18.02,17.48,0.12,0.47,10,607.36
44378.29,17.63,17.18,0.23,0.63,10,607.69
44378.33,17.02,16.75,0.59,0,10,607.72
44378.38,16.57,16.42,0.55,3,9.99,607.85
44378.42,18.44,16.57,0.6,2.27,10,608
44378.46,18.58,16.32,0.55,1.56,10,607.84
44378.5,18.24,16.02,0.72,1.34,10,608.11
44378.54,19.12,15.94,0.78,1.45,10,607.85
44378.58,18.99,15.91,0.63,1.47,10,607.58
44378.62,19.31,15.95,0.63,1.76,10,607.03
44378.67,18.34,15.43,0.74,1.34,10,606.75
44378.71,18.79,15.49,0.96,1.12,10,606.38
44378.75,17.95,16.69,0.93,0.76,10,607.76
44378.79,18.13,16.8,0.53,1.09,9.99,606.91
44378.83,18.16,17.18,0.3,0.32,9.87,607.55
44378.88,18.14,17.41,0.2,1.64,9.97,607.76
44378.92,18.2,17.13,0.23,2.45,10,607.93
44378.96,17.39,16.79,0.38,0.54,10,608.21
44379,17.39,17.04,0.59,0.8,10,607.99
44379.04,17.4,16.88,0.78,0.55,10,607.45
44379.08,17.53,16.88,0.47,0.35,10,607.19
44379.12,17.58,17.08,0.18,2.35,10,606.98
44379.17,17.11,16.88,0.33,3.01,9.99,607.01
44379.21,17.05,16.92,0.25,1.68,9.77,606.81
44379.25,16.97,16.72,0.55,1.04,10,607.38
44379.29,17.12,16.67,0.42,1.65,10,607.69
44379.33,17.5,15.69,0.41,1.88,10,607.69
44379.38,17.47,15.46,0.35,1.83,9.63,607.52
44379.42,20.29,16.12,0.26,2.74,9.49,607.44
44379.46,20.65,16.05,0.61,3.08,8.78,607.52
44379.5,20.63,15.59,0.95,0.45,9.95,607.31
44379.54,23.31,16.22,1.36,0.48,10,607.13
44379.58,23.03,16.38,1.57,0.56,9.97,606.89
44379.62,22.78,16.69,1.68,0.59,9.65,607.02
44379.67,21.14,17.06,1.67,0.58,9.73,607.13
44379.71,20.64,17.25,1.69,0.78,10,607.21
44379.75,18.59,16.89,1.67,0.92,10,607.94
44379.79,18.54,17.11,1.13,0.87,10,608.02
44379.83,18.47,17.17,0.8,0.82,10,608.8
44379.88,18.54,17.26,0.94,1.07,10,609.11
44379.92,18.2,17.23,0.84,1.25,10,609.55
44379.96,17.08,16.74,0.68,1.47,10,609.95
44380,17.19,16.95,0.6,1.85,10,610.04
44380.04,17.25,16.96,0.5,2.51,10,609.59
44380.08,17.27,16.96,0.38,2.82,10,609.09
44380.12,17.38,16.92,0.36,1.78,10,608.8
44380.17,17.09,16.62,0.39,0.79,10,608.78
44380.21,17.02,16.56,0.52,0.79,9.97,608.66
44380.25,17.58,16.96,0.1,1.2,10,608.89
44380.29,17.36,16.74,0.23,1.72,9.68,608.95
44380.33,16.95,16.28,0.09,2.4,9.91,609.29
44380.38,16.76,16.04,0.27,1.17,9.81,609.02
44380.42,20.03,16.8,0.39,0.97,9.74,609.22
44380.46,20.2,17.16,0.3,0.26,9.61,609.19
44380.5,20.04,16.11,0.83,0.22,9.09,609
44380.54,21.82,16.39,1.09,0.12,9.29,608.85
44380.58,22.2,15.79,1.17,0.44,9.94,608.35
44380.62,23.01,15.36,1.35,0.49,9.96,607.93
44380.67,24.34,15.34,1.39,0.34,9.45,607.62
44380.71,24.05,15.16,1.31,0.38,9.51,607.37
44380.75,21.68,15.37,1.32,0.39,9.01,607.71
44380.79,21.84,15.27,1.02,0.54,9.38,607.57
44380.83,21.89,16.61,1.29,0.56,9.31,608.39
44380.88,21.99,16.14,1.42,0.81,9.9,608.47
44380.92,21.96,16.09,1.21,0.82,10,608.92
44380.96,20.14,15.75,0.76,0.82,9.91,609.32
44381,19.85,16.03,0.86,0.82,10,609.31
44381.04,19.31,16.18,0.94,0.81,10,609.18
44381.08,19.2,16.48,0.78,0.8,10,608.82
44381.12,19.1,16.33,0.63,0.9,9.92,608.63
44381.17,18.41,16.41,0.57,0.96,10,608.42
44381.21,18.36,16.35,0.36,0.86,10,608.4
44381.25,18.29,16.4,0.39,0.49,10,608.55
44381.29,18.43,16.27,0.87,0.45,10,608.81
44381.33,18.13,16.09,1,0.58,10,609.19
44381.38,17.81,16.13,1.06,0.64,10,609.24
44381.42,19.45,16.72,1.15,0.75,9.93,609.36
44381.46,19.19,16.76,1.28,0.69,9.97,609.48
44381.5,19.79,16.84,1.28,0.72,9.95,609.44
44381.54,22.27,17.67,1.44,0.64,10,609.31
44381.58,22.18,17.3,1.32,0.64,10,608.83
44381.62,22.29,17.3,1.35,0.67,10,608.42
44381.67,22.98,17.79,1.45,0.72,10,608
44381.71,23.12,18.11,1.75,0.67,10,607.62
44381.75,21,17.64,2.02,0.65,9.84,608.75
44381.79,20.78,17.23,1.56,0.66,10,608.63
44381.83,20.65,17.13,0.87,0.81,10,608.9
44381.88,20.76,17.05,0.95,0.78,10,608.86
44381.92,20.31,17.19,0.82,0.75,10,609.34
44381.96,19.12,16.82,0.97,0.96,10,609.78
44382,19.07,16.83,0.77,0.85,10,609.89
44382.04,18.96,16.99,0.59,0.49,10,609.65
44382.08,19.03,17.29,0.45,0.84,10,609.13
44382.12,19.04,17.34,0.45,2.93,9.99,609.01
44382.17,18.17,17.33,0.49,2.89,9.99,608.72
44382.21,18.6,17.41,0.18,0.48,10,608.8
44382.25,18.15,17.28,0.22,2.79,10,608.61
44382.29,18.04,17.15,0.33,2.38,10,609.12
44382.33,17.84,17.39,0.3,2.65,10,609.32
44382.38,17.46,17.35,0.19,0.31,10,609.45
44382.42,18.48,17.76,0.39,0.54,10,609.61
44382.46,17.94,17.6,0.59,0.7,10,609.74
44382.5,17.51,16.94,1.12,0.72,10,609.7
44382.54,18.83,16.67,0.99,0.75,10,609.62
44382.58,19.23,16.32,1.09,0.89,10,609.29
44382.62,19.62,16.33,1.04,0.81,10,608.84
44382.67,20.76,17.05,1.47,0.94,8.55,608
44382.71,21.09,17.54,1.34,0.64,10,608.27
44382.75,17.92,17.02,1.14,0.76,9.88,608.73
44382.79,17.94,16.88,0.61,1.04,9.84,609.27
44382.83,18.47,16.9,0.81,0.87,10,609.27
44382.88,18.4,17.31,0.51,0.48,9.99,609.53
44382.92,18.4,17.47,0.64,0.16,10,609.7
44382.96,17.6,17.09,0.45,1.38,10,610.17
44383,17.79,17.29,0.62,1.93,10,610.25
44383.04,17.74,17.35,0.44,2.04,10,610.09
44383.08,17.69,17.42,0.3,2.11,10,609.68
44383.12,17.7,17.39,0.29,1.42,10,609.1
44383.17,17.39,17.35,0.23,0.98,10,608.97
44383.21,17.32,17.23,0.3,0.59,10,609.03
44383.25,17.3,17.01,0.62,1.93,10,608.86
44383.29,17.42,16.91,0.55,1.16,9.92,609.48
44383.33,17.46,16.52,0.58,1.07,9.92,609.44
44383.38,17.65,16.28,0.76,1.15,9.04,609.49
44383.42,19.38,16.54,0.65,1.05,9.45,609.77
44383.46,18.8,16.11,0.83,0.82,9.83,609.7
44383.5,18.91,15.71,1.05,0.67,9.88,609.73
44383.54,20.76,17.05,1.39,0.57,9.87,609.53
44383.58,20.73,16.96,1.46,0.46,9.13,609.04
44383.62,20.58,16.86,1.43,0.39,10,608.86
44383.67,20.07,16.77,1.31,0.43,9.59,608.25
44383.71,19.57,16.9,1.02,0.86,9.97,608.37
44383.75,19.52,17.3,1.16,0.96,10,608.6
44383.79,19.25,17.48,0.86,0.25,10,609.15
44383.83,19.28,17.82,0.92,0.52,10,609.95
44383.88,19.56,18,0.76,0.95,10,610.3
44383.92,19.46,18.29,0.43,1.25,10,610.66
44383.96,18.33,17.99,0.54,2.67,10,611.18
44384,18.35,18.06,0.64,2.92,10,611.14
44384.04,18.18,17.95,0.04,2.87,10,610.89
44384.08,18.08,17.84,0.16,1.59,10,610.61
44384.12,18.09,17.77,0.37,1.31,10,610.64
44384.17,17.57,17.33,0.57,1.15,10,610.15
44384.21,17.55,17.3,0.72,0.95,9.99,610.15
44384.25,18.47,17.87,0.75,0.67,9.92,610.54
44384.29,18.58,17.99,0.76,1.09,10,610.75
44384.33,18.98,18.24,0.71,0.92,9.37,610.81
44384.38,19.17,18.31,0.59,1.18,9.78,610.86
44384.42,23.04,18.19,0.15,1.25,9.44,611.12
44384.46,23.19,17.79,0.65,0.49,9.38,611.16
44384.5,23.05,17.86,1.36,0.42,9.83,611.05
44384.54,25.82,18.62,1.5,0.32,8.97,610.99
44384.58,25.78,19.15,1.54,0.37,8.05,610.43
44384.62,23.83,19,1.43,0.15,6.75,610.07
44384.67,24.94,20.02,1.19,0.5,9.44,609.87
44384.71,23.14,19.43,0.95,0.46,10,609.46
44384.75,21.42,20.29,1.32,0.27,9.75,609.57
44384.79,20.29,19.83,0.73,0.59,9.99,610.08
44384.83,20.6,19.17,0.89,2.97,10,610.68
44384.88,20.78,19.17,0.51,2.34,10,610.83
44384.92,20.58,19.06,0.26,0.88,10,611.2
44384.96,18.41,17.98,0.42,1.38,10,611.78
44385,18.77,17.93,0.74,1.09,10,611.76
44385.04,18.65,17.99,0.83,0.99,9.9,611.28
44385.08,18.54,17.9,1.11,0.88,10,610.94
44385.12,18.78,17.88,1.14,0.79,10,610.5
44385.17,17.64,16.94,1.01,0.66,9.92,610.08
44385.21,17.65,16.79,0.83,1.02,9.83,610.18
44385.25,18.09,17.38,0.35,2.36,9.76,611.2
44385.29,17.54,17.09,0.33,1.43,9.83,611.06
44385.33,18.23,17.64,0.35,0.26,9.81,611.36
44385.38,18.98,17.72,1,0.1,9.75,611.63
44385.42,21.95,18.44,1.06,2.84,9.59,611.76
44385.46,22.52,18.48,0.94,2.68,9.56,611.62
44385.5,23.22,18.95,0.83,0.2,9.9,611.57
44385.54,25.33,19.49,1.13,0.52,9.98,611.34
44385.58,23.63,19.42,1.24,0.58,9.84,610.87
44385.62,21.65,18.88,1.45,0.74,9.97,610.35
44385.67,22.5,19.4,1.49,0.63,9.9,610.03
44385.71,23.2,19.61,0.88,2.2,10,610.21
44385.75,20.72,18.55,1,0.41,10,610.16
44385.79,21.02,18.41,0.99,0.09,10,610.18
44385.83,21.7,18.51,1.01,0.74,10,610.44
44385.88,21.74,18.53,0.96,0.72,10,610.56
44385.92,21.09,18.53,0.76,0.68,10,610.86
44385.96,19.2,18.01,0.67,0.67,10,611.17
44386,19.49,18.35,0.52,0.72,10,611.08
44386.04,19.44,17.86,0.11,1.37,10,610.84
44386.08,19.19,17.8,0.84,0.58,10,610.58
44386.12,19.04,17.86,0.94,0.72,10,610.11
44386.17,18.38,17.81,0.94,0.69,9.99,609.83
44386.21,18.29,17.57,1.01,1,10,609.7
44386.25,19.11,18.31,1.1,1.01,9.89,610.14
44386.29,19.47,18.53,0.93,0.88,9.73,610.23
44386.33,20.24,18.96,0.96,0.96,9.75,610.45
44386.38,20.92,18.78,1.06,0.98,9.98,610.27
44386.42,23.58,18.6,0.98,0.96,10,610.6
44386.46,24.1,18.79,0.94,1.15,10,610.37
44386.5,24.57,19.06,0.88,1.51,10,610.25
44386.54,26.23,19.29,0.85,1.75,10,610.02
44386.58,26.58,19.39,1.03,2.04,9.99,609.48
44386.62,26.23,19.06,1.21,2.24,9.99,609
44386.67,24.38,19.18,1.06,2.28,9.99,608.72
44386.71,24.01,19.04,0.88,2.57,9.91,608.6
44386.75,22.31,17.7,0.84,0.78,9.98,608.28
44386.79,22.48,18.23,0.85,2.8,10,608.81
44386.83,22.76,17.94,0.78,2.32,9.59,609.03
44386.88,22.73,18.07,0.89,2.27,9.25,609.01
44386.92,22.24,17.82,0.89,1.75,9.84,609.02
44386.96,21.28,17.66,0.67,1.54,9.92,609.35
44387,21.33,17.58,1.05,1.5,9.92,609.2
44387.04,20.72,17.37,1.31,1.43,10,608.96
44387.08,20.14,16.94,1.34,1.12,9.92,608.36
44387.12,19.83,17.01,1.5,1.22,9.99,608
44387.17,19.56,16.33,1.59,1.11,10,607.56
44387.21,19.54,16.36,1.59,1.04,10,607.54
44387.25,19.92,16.94,1.32,1.2,10,607.72
44387.29,20.49,17.13,1.59,1.13,10,607.66
44387.33,20.68,17.21,1.54,1.1,10,607.64
44387.38,20.69,17.48,1.6,1.04,10,607.64
44387.42,23.42,17.69,1.7,1.02,10,607.86
44387.46,23.52,17.12,1.57,1.17,10,607.91
44387.5,23.8,16.87,1.67,1.03,10,608.14
44387.54,26.31,16.81,1.73,0.99,10,607.87
44387.58,26.7,16.76,1.63,1.12,9.76,607.33
44387.62,27.12,16.52,1.88,1.09,9.41,606.86
44387.67,26.58,16.11,1.55,1.24,9.75,606.58
44387.71,26.31,16.64,0.9,1.66,9.18,606.46
44387.75,25.48,16.31,0.61,2.68,9.61,606.79
44387.79,25.45,16.77,0.77,3.03,9.58,607.41
44387.83,25.62,14.81,0.8,0.29,9.75,607.84
44387.88,25.31,15.38,0.93,0.31,9.91,608.22
44387.92,24.85,15.78,0.72,2.78,9.98,608.84
44387.96,23.24,15.58,0.81,1.98,10,608.96
44388,23.05,15.57,0.55,1.73,10,608.8
44388.04,22.54,15.66,0.82,1.18,9.92,608.79
44388.08,22.47,15.64,0.81,0.96,9.92,608.49
44388.12,22.45,15.64,0.75,1.12,9.76,608.27
44388.17,22,15.71,0.79,1.39,10,608.15
44388.21,21.77,15.93,0.94,1.39,10,608.07
44388.25,21.79,16.62,1.07,1.64,9.92,607.94
44388.29,21.22,17.67,1.18,1.56,9.92,608.27
44388.33,21.48,16.91,0.71,1.2,10,608.41
44388.38,21.77,17.26,0.46,1.77,9.91,608.68
44388.42,24,17.82,0.61,1.85,10,609.05
44388.46,24.78,17.54,0.5,1.93,9.92,608.97
44388.5,24.57,17.29,0.3,1.61,10,609.08
44388.54,25.75,16.93,0.42,0.07,9.99,608.85
44388.58,25.16,17.19,0.9,0.34,9.99,608.92
44388.62,24.07,17.62,0.95,0.36,9.99,608.55
44388.67,24.58,18.26,0.63,0.13,10,608.47
44388.71,24.46,18.5,0.68,0.04,9.92,607.86
44388.75,22.91,18.57,0.79,0.76,9.84,608.21
44388.79,23.26,18.38,0.96,1.02,9.57,608.51
44388.83,24.03,18.43,1.24,0.93,9.73,608.68
44388.88,24.05,18.77,0.91,1.04,9.84,608.77
44388.92,23.24,18.88,0.88,0.51,9.84,609.06
44388.96,20.65,18.29,0.39,2.06,10,609.13
44389,20.6,18.2,0.44,1.76,10,609.16
44389.04,20.38,17.9,0.57,1.39,9.92,609.03
44389.08,20.7,17.72,0.61,1.22,9.92,608.87
44389.12,20.73,17.62,0.78,1.17,10,608.6
44389.17,20.59,17.23,0.87,0.86,10,608.49
44389.21,20.71,17.22,0.97,0.83,9.68,608.15
44389.25,20.85,18.24,1.22,1.12,9.6,608.44
44389.29,20.62,18.31,1.24,1.01,7.92,608.56
44389.33,20.66,18.15,0.85,0.84,8.46,608.71
44389.38,20.78,17.87,0.88,0.92,8.29,608.66
44389.42,25.32,18.17,0.96,0.71,6.61,608.74
44389.46,25.23,18,0.73,0.34,6.01,608.9
44389.5,25.57,17.97,0.55,0.26,6.03,608.71
44389.54,27.6,17.81,0.17,1.71,4.9,608.53
44389.58,27.92,17.95,0.35,2.88,4.53,608.11
44389.62,28.25,18.26,0.62,2.9,4.04,607.85
44389.67,28.04,18.29,1.03,2.94,4.97,607.64
44389.71,28.04,18.44,1.52,2.92,8.12,607.44
44389.75,23.86,18.8,1.19,0.2,7.07,607.65
44389.79,23.81,18.29,0.99,0.49,7.53,607.54
44389.83,24.69,18.04,1.02,0.25,8.49,608.06
44389.88,24.91,18.21,0.77,0.98,7.81,608.24
44389.92,23.99,18.31,0.63,3.02,7.64,608.48
44389.96,21.44,18.15,0.42,1.59,7.73,608.89
44390,21.48,18.1,0.41,0.99,8.95,608.78
44390.04,21.06,17.93,0.71,0.84,9.72,608.49
44390.08,21.16,17.83,0.73,0.84,9.81,608.09
44390.12,21.18,17.67,0.73,0.9,10,607.88
44390.17,19.85,17.42,0.85,0.97,8.96,607.58
44390.21,19.61,17.09,0.98,0.85,3.36,607.49
44390.25,21.26,18.78,1.03,0.8,3.52,607.38
44390.29,20.27,18.74,1.13,0.76,1.95,607.64
44390.33,20.86,18.84,0.89,0.81,1.21,607.98
44390.38,21.53,18.88,0.8,0.98,0.66,608
44390.42,26.59,19.01,0.52,0.95,0.48,608.25
44390.46,26.81,18.65,0.53,0.97,1.29,608.39
44390.5,27.11,18.73,0.64,1.64,1.47,608.31
44390.54,29.23,18.92,0.73,1.9,1.93,607.99
44390.58,29.03,19.17,0.7,2.47,1.21,607.54
44390.62,28.17,19.36,1.2,2.81,3.86,607.38
44390.67,27.22,20,1.37,0.69,6.83,607.21
44390.71,27.09,19.83,0.9,1.1,8.6,606.97
44390.75,24.3,18.19,1.2,0.52,8.33,606.48
44390.79,25.01,17.94,0.87,3.13,8.41,607.3
44390.83,24.94,17.64,0.79,0.29,8.06,607.42
44390.88,24.83,17.78,0.74,0.13,7.45,607.54
44390.92,24.55,18.1,0.25,0.75,4.43,607.99
44390.96,22.35,17.8,0.4,3.13,0.57,608
44391,22.08,17.94,0.36,0.57,0.37,608.43
44391.04,21.45,17.87,0.36,0.86,1.04,608.29
44391.08,21.3,17.76,0.81,0.81,1.9,607.87
44391.12,21.14,17.78,0.9,0.73,2.15,607.67
44391.17,20.24,17.43,1,0.88,2.42,607.47
44391.21,19.13,17.04,1.16,0.83,1.35,607.4
44391.25,19.42,17.08,1.13,1.02,1.39,607.06
44391.29,18.77,16.91,1.03,0.79,0.17,607.16
44391.33,20.62,17.55,0.46,0.33,1.15,607.51
44391.38,21.98,17.85,0.22,0.22,2.27,607.76
44391.42,25.59,17.67,0.68,2.07,7.82,607.86
44391.46,26.06,17.7,0.73,1.91,9.29,607.91
44391.5,26.26,17.53,1.09,1.77,9.22,607.63
44391.54,29.16,17.06,1,1.79,9.61,607.33
44391.58,28.9,16.95,0.93,1.54,9.28,606.88
44391.62,28.82,16.88,0.69,1.57,9.66,606.65
44391.67,29.05,17.34,0.64,2.31,9.83,606.6
44391.71,27.87,17.9,1.14,0.03,9.99,606.46
44391.75,24.62,18.03,1.11,0.52,10,607.88
44391.79,25.13,18.09,0.76,1.86,10,607.31
44391.83,25.84,18.2,0.66,1.46,10,607.21
44391.88,25.97,18.49,0.89,1.02,10,606.97
44391.92,25.65,18.97,1.21,0.77,10,607.08
44391.96,23.31,18.78,1.21,1,10,607.45
44392,23.33,18.84,1.32,1.04,10,607.73
44392.04,23.22,18.9,1.46,1.06,10,607.74
44392.08,23.26,18.97,1.23,0.82,10,607.38
44392.12,23.19,18.97,1.22,1.01,9.99,607.12
44392.17,21.61,18.71,1.23,1.04,10,606.92
44392.21,21.81,18.58,1.42,0.85,10,606.94
44392.25,20.54,18.01,1.19,0.81,10,607.22
44392.29,20.53,18.22,0.96,1.06,10,607.68
44392.33,21.29,18.63,0.92,1.06,10,607.83
44392.38,21.91,19.36,0.68,1.23,10,607.89
44392.42,24.39,19.24,0.78,1.83,10,607.89
44392.46,25.03,18.56,0.81,1.93,10,608.19
44392.5,25.53,18.1,0.53,2.96,10,608.49
44392.54,26.6,17.3,0.68,0.5,10,608.54
44392.58,26.88,17.01,0.96,2.86,10,608.39
44392.62,26.99,16.62,0.73,2.5,10,608.05
44392.67,27.02,16.33,1.01,2.57,10,607.75
44392.71,26.94,16.37,1.11,0.47,10,607.27
44392.75,24.32,18.58,1.18,0.41,10,607.86
44392.79,23.33,18.76,1.13,0.32,10,608
44392.83,22.57,18.65,1.19,0.43,10,609.09
44392.88,22.34,18.76,1.08,0.74,10,609.19
44392.92,22.04,19.48,0.63,0.82,10,609.71
44392.96,20.66,18.59,0.73,3.13,10,610.04
44393,20.86,18.66,0.65,0.21,10,610.23
44393.04,20.65,18.42,0.56,2.94,10,610.16
44393.08,20.66,18.34,0.23,0.03,10,610.02
44393.12,20.01,18.17,0.5,1.73,10,609.88
44393.17,19.44,18.26,0.58,1.96,10,609.61
44393.21,19.29,18,0.57,1.69,10,609.74
44393.25,19.99,18.17,0.46,1.98,10,610.47
44393.29,19.94,18.62,0.36,2.48,10,610.61
44393.33,20.05,18.22,0.26,2.32,10,610.93
44393.38,20.06,18.23,0.32,2.49,10,610.91
44393.42,21.6,18.47,0.1,1.74,10,611.23
44393.46,21.58,18.09,0.33,0.85,9.92,611.21
44393.5,21.55,18.24,0.92,0.65,9.92,611.13
44393.54,22.66,19.02,1.37,0.7,9.92,610.94
44393.58,22.54,19.51,1.65,0.64,10,610.61
44393.62,21.8,19.54,1.41,0.82,10,610.61
44393.67,20.9,19.67,0.97,0.95,10,610.3
44393.71,20.78,20.46,1.2,1.15,10,609.98
44393.75,19.31,19.06,0.95,1.06,9.81,609.63
44393.79,19.37,18.99,0.59,0.39,10,610.42
44393.83,19.17,18.52,0.94,0.59,9.91,610.58
44393.88,19.25,18.35,1.09,0.41,10,611.17
44393.92,19.21,18.33,0.56,1.39,10,611.63
44393.96,18.34,18.03,0.29,2.84,10,611.34
44394,18.59,18.1,0.35,3.06,10,611.35
44394.04,18.47,18.2,0.42,1.87,10,611.18
44394.08,18.55,18.24,0.32,2.48,10,610.82
44394.12,18.59,18.21,0.07,0.69,10,610.33
44394.17,18.27,18.06,0.05,2.08,10,610.12
44394.21,18.26,18.01,0.14,0.32,10,610.09
44394.25,18.47,17.86,0.53,1.64,10,610.2
44394.29,18.45,17.89,0.32,2.41,9.92,610.57
44394.33,18.24,17.79,0.57,0.48,10,610.49
44394.38,18.38,17.82,0.64,0.42,9.84,610.39
44394.42,20.37,18.21,0.25,0.6,10,610.81
44394.46,20.15,17.98,0.35,0.19,10,610.66
44394.5,20.28,17.98,0.65,1.78,10,610.62
44394.54,21.42,18.48,1.07,1.62,10,610.43
44394.58,21.17,18.45,0.89,1.53,10,610.25
44394.62,21.06,18.32,0.92,1.39,9.9,609.71
44394.67,22.64,18.43,0.94,1.28,7.39,609.33
44394.71,22.83,17.76,0.91,1.11,5.39,608.92
44394.75,20.7,18.72,1.52,1.12,8.55,608.78
44394.79,20.39,18.35,0.86,1.13,8.29,609.6
44394.83,19.9,17.97,1.22,1.06,7.05,609.86
44394.88,19.91,18.07,0.85,1.46,7.17,610.16
44394.92,19.68,17.8,0.96,2.3,8.5,610.76
44394.96,19.22,17.6,0.93,2.08,8.95,610.88
44395,18.99,17.43,1.16,2,9.32,610.59
44395.04,18.57,17.28,0.96,2.17,9.76,610.26
44395.08,18.18,17.23,0.97,1.87,9.43,609.81
44395.12,17.88,17.22,0.91,2.14,9.68,609.28
44395.17,17.1,16.73,0.9,2.26,9.36,609.08
44395.21,16.99,16.49,0.8,1.88,9.84,609
44395.25,18.32,17.54,1.19,1.09,8.79,609.59
44395.29,18.23,17.57,1.06,1.41,9.17,609.81
44395.33,17.89,16.7,1.02,1.61,9.91,610.34
44395.38,17.79,16.84,0.98,1.63,9.96,610.09
44395.42,19.81,17.81,1.03,1.34,8.72,610.04
44395.46,20.17,18.31,1.19,1.2,8.95,610.21
44395.5,20.72,18.8,1.06,1.2,7.76,610.39
44395.54,23,19.5,1.44,1.21,7.22,610
44395.58,23.17,19.37,1.59,1.16,8.25,609.42
44395.62,23.66,19.42,1.45,1.12,8.25,608.95
44395.67,21.72,17.97,1.79,1.22,9.17,608.17
44395.71,20.75,16.42,1.55,0.77,9.57,608.74
44395.75,20.92,17.25,1.65,0.9,9.14,609.82
44395.79,20.42,17.31,1.19,0.96,9.19,608.83
44395.83,20.29,17.48,0.96,1.14,7.92,609.45
44395.88,20.74,17.57,0.79,0.42,5.89,610.03
44395.92,20.25,17.7,0.53,2.65,7.21,610.65
44395.96,18.15,17.01,0.87,0.2,7.32,610.38
44396,17.98,17.07,1.07,0.25,6.18,610.27
44396.04,17.05,16.67,0.99,0.34,3.26,609.89
44396.08,16.99,16.57,0.86,0.66,3,609.6
44396.12,16.66,16.26,0.85,0.61,2.18,609.23
44396.17,15.3,14.92,0.97,0.55,8.8,609.15
44396.21,15.44,14.97,0.81,0.66,10,609.18
44396.25,15.15,14.34,1.04,0.48,10,609.37
44396.29,14.57,13.69,1.2,0.57,10,609.37
44396.33,15.15,14.34,1.22,0.56,10,609.53
44396.38,16.37,15.42,0.98,0.45,7.37,609.57
44396.42,21.68,16.38,0.29,0.22,0.66,610.11
44396.46,22.91,16.1,1.06,0.74,0.94,610.04
44396.5,23.2,15.58,1.55,0.88,2.77,610.03
44396.54,25.21,14.44,1.6,0.74,3.79,609.85
44396.58,24.99,14.38,1.51,0.64,5.42,609.4
44396.62,24.26,14.66,1.47,0.73,5.2,608.91
44396.67,24.71,16.15,1.57,0.61,6.35,608.58
44396.71,25.07,16.53,1.13,0.37,7.16,608.2
44396.75,22.38,16.94,1.39,1.09,7.01,608.32
44396.79,22.61,17.02,1.46,0.71,5.43,608.09
44396.83,23.05,16.45,1.57,0.87,5.53,608.84
44396.88,22.94,16.95,0.74,1.29,4.62,609.37
44396.92,21.85,17.25,0.54,1.87,3.77,609.81
44396.96,18.46,16.81,0.41,0.93,3.93,609.9
44397,18.54,16.92,0.33,0.57,2.61,609.94
44397.04,18.25,17.04,0.65,0.46,1.85,609.85
44397.08,18.11,17.13,0.8,0.25,2.92,609.56
44397.12,18.02,17.03,0.69,0.42,3.41,609.14
44397.17,17.36,16.67,0.43,0.81,3.27,609.03
44397.21,17.4,16.68,0.23,1.12,4.8,609.12
44397.25,17.35,16.76,0.36,0.89,9.73,609.72
44397.29,17.51,16.73,0.36,0.59,10,610
44397.33,18.14,16.56,0.74,0.25,9.65,609.89
44397.38,18.19,16.38,0.8,0.57,9.53,610.01
44397.42,22.9,17.1,0.7,0.82,9.07,609.91
44397.46,23.48,16.46,0.25,0.06,8.35,609.96
44397.5,23.7,16.98,1.13,0.42,6.81,609.86
44397.54,25.76,17.23,1.3,0.46,5.76,609.6
44397.58,25.46,17.98,1.32,0.44,7.17,608.9
44397.62,25.52,18.57,1.45,0.64,7.18,608.31
44397.67,23.48,17.4,1.58,0.61,7.31,607.65
44397.71,23.87,17.87,1.65,0.7,9.3,607.86
44397.75,22,16.66,2.18,0.48,5.73,607.43
44397.79,22.22,16.68,1.75,0.38,5.52,607.56
44397.83,21.69,17.23,1.55,1.47,9.42,609.2
44397.88,22.49,16.52,1.07,2.07,9.26,609.34
44397.92,21.82,17.06,0.61,1.88,7.35,609.59
44397.96,19.54,17.01,0.42,1.82,7.52,609.77
44398,19.5,17.25,0.18,0.68,6.21,609.89
44398.04,19.1,17.45,0.35,2.88,5.79,609.53
44398.08,19.03,17.43,0.38,0.18,6.31,609.26
44398.12,19.17,17.63,0.25,0.67,7.88,609.08
44398.17,18.43,17.4,0.73,0.43,9.53,608.81
44398.21,18.32,17.38,0.62,0.49,5.64,608.56
44398.25,18.33,16.33,0.53,1.55,5.08,608.32
44398.29,18.07,16.66,0.47,0.99,3.31,608.91
44398.33,18.48,16.78,0.2,1.14,3.15,609.05
44398.38,19.33,16.99,0.38,0.14,4.8,609
44398.42,23.24,17.13,0.65,0.09,4.99,609.41
44398.46,23.49,16.91,0.7,0.1,4.42,609.1
44398.5,23.42,17.64,0.78,0.23,3.78,608.94
44398.54,26.44,18.63,1.31,0.56,3.78,608.6
44398.58,26.26,19.11,1.61,0.7,9,608.24
44398.62,23.77,19.19,1.46,0.27,7.43,607.72
44398.67,23.49,19.57,1.45,1.38,9.91,607.95
44398.71,23.98,20.42,1.23,0.64,9.95,607.42
44398.75,22.25,18.07,1.37,0.22,8.87,606.14
44398.79,22.63,17.72,1.25,0.59,9.19,607.74
44398.83,22.06,18.2,0.8,0.94,9.96,608.45
44398.88,21.89,17.69,0.51,1.21,10,609.29
44398.92,21.07,17.7,0.58,2.07,9.99,609.69
44398.96,19.25,17.52,0.71,0.12,9.98,609.66
44399,19.34,17.67,0.84,0.1,9.99,609.64
44399.04,19,17.24,0.95,0.65,9.31,609.11
44399.08,18.75,17.08,0.93,0.86,9.68,608.71
44399.12,18.73,17.09,0.79,1.17,9.73,608.28
44399.17,16.96,16.32,0.76,1.29,9.97,608.06
44399.21,16.88,16.27,0.59,0.65,9.92,608.12
44399.25,18.01,17.16,1.11,1.61,10,607.82
44399.29,18.01,17.16,0.73,2.28,9.98,608.73
44399.33,18.54,17.61,0.77,2.99,10,608.84
44399.38,19.41,17.79,0.85,0.13,9.88,608.64
44399.42,23.75,17.26,0.61,0.2,9.95,608.81
44399.46,24.22,17.98,0.11,2.49,9.89,609.02
44399.5,24.2,18.48,0.43,2.61,9.93,608.72
44399.54,26.16,18.48,0.46,3.04,9.96,608.8
44399.58,25.52,19.12,1.1,0.2,9.96,608.18
44399.62,24.91,19.57,1.39,0.44,9.69,607.76
44399.67,24.82,20.75,1.66,0.58,10,607.31
44399.71,24.56,20.94,1.49,0.75,9.6,607.48
44399.75,20.05,17.19,0.91,3.03,10,607.41
44399.79,20.99,17.23,0.66,3.11,9.89,607.35
44399.83,21.39,18.02,0.91,0.41,9.83,608.24
44399.88,21.87,18.39,0.77,2.11,9.9,608.63
44399.92,21.35,18.2,0.32,2.47,9.73,609.06
44399.96,19.31,17.9,0.27,1.2,9.85,609.19
44400,19.5,17.98,0.4,0.65,9.96,609.31
44400.04,18.89,17.78,0.75,0.59,10,609.02
44400.08,19.08,17.73,0.67,0.58,10,608.83
44400.12,19.17,17.87,0.71,0.62,10,608.29
44400.17,18.15,17.5,0.68,0.82,10,608.34
44400.21,17.89,17.37,0.73,0.67,10,608.09
44400.25,17.65,16.9,0.76,0.82,10,608.28
44400.29,17.55,16.71,0.9,0.74,10,608.65
44400.33,18.19,17.5,0.9,0.59,10,608.58
44400.38,18.21,17.86,0.83,0.38,8.49,608.79
44400.42,22.51,18.28,0.88,1.06,7.59,609.03
44400.46,23.46,18.72,0.63,1.64,6.66,609.02
44400.5,23.63,18.86,0.61,2.59,7.95,608.95
44400.54,26.54,19.44,0.77,0.23,8.81,608.75
44400.58,26.67,19.55,1.09,0.49,5.85,608.28
44400.62,24.67,19.54,1.2,0.74,8.93,607.8
44400.67,23.11,19.28,1.62,0.66,8.97,607.2
44400.71,23.9,20.51,0.9,0.48,9.41,607.23
44400.75,21.82,18.89,1.16,0.13,5.08,607.04
44400.79,22.3,18.6,0.86,0.2,9.37,607.3
44400.83,22.31,19.16,1.04,0.52,8.55,607.78
44400.88,22.93,18.44,0.59,0.49,9.09,608.2
44400.92,21.91,18.56,0.99,0.74,9.72,608.45
44400.96,20.34,18.49,0.86,0.21,10,608.98
44401,20.27,18.46,0.33,0.54,9.99,609.34
44401.04,20.04,18.07,0.34,1.57,9.99,608.94
44401.08,20.14,18.12,0.25,3.03,10,608.69
44401.12,20.13,18.2,0.46,2.85,10,608.53
44401.17,19.65,17.97,0.51,1.81,10,608.46
44401.21,19.46,17.89,0.56,1.39,9.99,608.29
44401.25,18.84,17.31,0.69,1.01,10,607.88
44401.29,18.77,17.34,0.76,0.44,9.85,608.14
44401.33,19.04,17.51,0.68,0.44,8.49,608.67
44401.38,19.46,17.42,0.99,0.74,9.71,608.35
44401.42,22.26,18.33,0.54,0.64,9.97,608.35
44401.46,22.66,18.24,0.55,0.24,9.09,608.72
44401.5,23.16,19.1,1.1,0.55,8.95,608.99
44401.54,23.29,18.97,1.37,1.08,9.45,608.49
44401.58,22.89,19.04,1.69,0.78,10,608.75
44401.62,22.68,19.68,1.24,1.37,9.99,608.22
44401.67,22.33,20.24,1.27,0.79,9.91,607.99
44401.71,21.65,20.45,1.32,0.43,8.39,607.02
44401.75,19.85,17.83,1.29,0.72,8.83,608.96
44401.79,19.49,17.98,0.88,0.98,8.26,608.41
44401.83,19.57,17.81,0.49,1.49,9.92,608.39
44401.88,19.49,18.11,0.5,0.58,9.97,608.62
44401.92,19.34,17.74,0.46,1.97,9.71,609.55
44401.96,18,16.81,0.42,0.25,9.51,609.79
44402,18.24,17.08,0.98,3.1,8.88,609.79
44402.04,18.19,16.97,0.8,0.13,9.68,609.43
44402.08,17.85,16.88,0.5,0.44,10,609.28
44402.12,17.35,16.67,0.67,0.77,10,609.28
44402.17,16.68,16.24,0.47,1.65,10,609.14
44402.21,16.64,16.04,0.77,0.29,10,609.22
44402.25,16.83,16.47,0.64,0.34,9.25,608.96
44402.29,16.83,16.46,0.79,0.94,6.81,609.09
44402.33,17.23,16.65,0.5,0.7,9.13,609.11
44402.38,17.82,16.91,0.12,1.42,1.29,609.25
44402.42,22.24,17.53,0.53,0.42,3.53,609.59
44402.46,22.51,17.91,1.17,0.48,2.44,609.67
44402.5,22.74,18.18,1.27,0.49,8.42,609.5
44402.54,25.48,18.79,1.2,0.65,5.72,608.92
44402.58,25.28,19.02,1.37,0.71,3.97,608.38
44402.62,25.28,19.27,1.6,0.61,6.11,607.98
44402.67,24.97,20.35,1.89,0.52,9.5,607.49
44402.71,23.84,20.84,1.56,0.3,9.34,607.4
44402.75,22.26,20.54,0.33,2.2,5.93,606.42
44402.79,22.25,20.58,1.35,0.66,7.62,607.8
44402.83,21.66,19.6,1.03,0.79,8.05,608.3
44402.88,21.1,18.98,0.69,0.07,7.57,608.68
44402.92,20.79,18.95,0.35,2.95,5.8,609.17
44402.96,18.88,18.26,0.29,0.38,5.11,609.33
44403,19.13,18.33,0.57,0.39,4.84,608.99
44403.04,19.04,18.35,0.63,0.71,3.13,608.73
44403.08,18.95,18.2,0.6,0.87,3.35,608.31
44403.12,18.9,18.18,0.61,1.1,3.99,608.13
44403.17,18.18,17.75,0.65,0.92,4.59,607.83
44403.21,18.02,17.51,0.7,0.95,4.18,607.84
44403.25,18.32,17.68,0.9,1.04,9.6,607.39
44403.29,17.94,17.24,0.63,1.07,9.75,607.64
44403.33,18.91,18.04,0.81,0.8,9.7,607.7
44403.38,19.53,17.67,0.4,0.89,8.74,607.71
44403.42,24.16,17.62,0.13,0.16,3.13,607.91
44403.46,23.93,17.77,0.91,0.37,1.63,608.19
44403.5,23.66,17.95,1.4,0.33,5.54,607.85
44403.54,25.63,18.49,1.6,0.29,5.82,607.57
44403.58,24.66,19.35,1.7,0.28,7.9,606.86
44403.62,24.51,19.79,1.76,0.48,6.57,606.48
44403.67,22.75,20.17,1.62,0.72,9.54,606.18
44403.71,22.87,20.8,1.35,0.54,9.53,605.73
44403.75,20.51,19.47,0.98,0.11,7.91,606.12
44403.79,19.53,17.39,1.21,0.89,7.71,606.89
44403.83,20.76,17.96,1.26,1.22,9.29,607.22
44403.88,21.14,18.08,1.1,1.3,9.84,607.88
44403.92,20.29,17.83,0.98,1.56,9.92,608.29
44403.96,18.38,17.11,0.89,0.59,10,608.65
44404,18.4,17.14,0.43,1.1,10,608.73
44404.04,18.21,17.11,0.06,2.89,10,608.61
44404.08,18.1,17.12,0.44,2.4,10,608.23
44404.12,18.24,17.07,0.34,2.65,10,608.22
44404.17,18.09,17.1,0.26,2.21,10,608.13
44404.21,18.01,17.09,0.21,0.52,10,607.91
44404.25,19.23,17.79,0.67,1.46,9.84,608.17
44404.29,19.29,17.41,0.56,1.41,10,608.07
44404.33,18.96,17.36,0.41,1.36,9.86,608.2
44404.38,18.75,17.18,0.53,0.8,9.52,608.27
44404.42,21.69,17.99,0.74,0.83,9.85,608.46
44404.46,21.49,18.42,1.03,1,9.82,608.7
44404.5,21.4,18.89,1.32,0.96,9.57,608.47
44404.54,21.3,18.44,1.33,1.13,9.23,608.17
44404.58,20.41,18.51,1.41,1.05,6.69,607.95
44404.62,19.88,18.65,1.54,1.27,8.37,607.07
44404.67,20.61,18.75,1.56,0.86,9.42,607.35
44404.71,20.53,18.93,1.5,0.71,9.87,606.86
44404.75,20.66,19.54,0.93,0.72,8.81,606.78
44404.79,20.54,19.15,0.32,0.25,9.27,607.13
44404.83,20.5,17.28,0.48,0.72,9.5,607.16
44404.88,20.81,17.99,1.15,0.47,9.92,607.78
44404.92,20.53,17.68,0.77,0.81,10,608.26
44404.96,18.98,17.55,0.41,1.88,9.88,608.57
44405,19.09,17.88,0.04,1.69,9.95,608.94
44405.04,18.87,17.72,0.29,2.25,9.97,608.79
44405.08,18.99,17.86,0.37,2.76,10,608.56
44405.12,18.93,17.92,0.37,3.06,10,608.22
44405.17,18.42,17.94,0.33,0.74,10,608.13
44405.21,18.28,17.93,0.54,0.11,10,607.97
44405.25,18.75,18.1,0.57,0.24,10,607.84
44405.29,18.8,18.03,0.27,1.62,10,608.12
44405.33,18.53,17.48,0.45,0.36,10,608.47
44405.38,18.03,17.33,0.16,0.5,9.95,608.46
44405.42,20.54,17.33,0.26,2.06,9.49,608.76
44405.46,21.12,16.82,0.9,1.32,9.81,608.78
44405.5,21.41,16.53,1.01,1.29,9.76,608.69
44405.54,24.41,16.91,1,1.08,9.71,608.51
44405.58,24.94,16.81,0.85,1.03,9.55,607.97
44405.62,24.79,16.64,0.81,0.91,8.47,607.51
44405.67,25.24,16.22,0.94,1.05,5.16,606.99
44405.71,25.03,15.93,1.09,0.87,1.67,606.33
44405.75,23.28,15.97,1.35,0.73,2.97,607.04
44405.79,23.68,15.68,1.26,0.73,2.58,606.73
44405.83,24.26,15.07,1.22,0.42,3.75,607.27
44405.88,23.97,15.33,0.97,0.79,4.81,607.95
44405.92,23.2,15.67,0.85,0.75,3.41,608.31
44405.96,20.81,16.25,0.64,1.2,5.36,608.59
44406,20.55,16.31,0.63,2.4,4.47,608.89
44406.04,19.96,16.2,0.55,2.96,3.01,608.7
44406.08,19.47,16.33,0.6,3.08,3.24,608.7
44406.12,18.88,16.37,0.68,0.28,4.31,608.24
44406.17,17.6,15.95,0.87,0.47,3.49,608.16
44406.21,16.86,15.8,1.01,0.52,4.02,608.16
44406.25,18.27,16.02,1.3,0.57,3.97,608.59
44406.29,17.22,15.77,1.18,0.61,1.31,608.69
44406.33,17.98,16.36,1.09,0.58,3.97,608.78
44406.38,18.95,16.83,0.82,0.51,4.21,608.76
44406.42,23.61,16.21,0.39,2.85,0.43,608.97
44406.46,24.45,15.27,0.59,1.08,0.49,608.9
44406.5,25,15.04,0.79,0.64,0.64,608.79
44406.54,28.1,14.79,0.85,0.58,1.93,608.37
44406.58,28.09,14.34,1.04,0.62,1.99,607.94
44406.62,28.07,14.46,1.4,0.78,2.26,607.61
44406.67,28.62,14.33,1.51,0.86,2.57,607.22
44406.71,28.22,14.65,1.56,0.77,3.03,606.77
44406.75,25.18,15.79,1.37,0.6,7.57,607.25
44406.79,24.46,15.6,1.14,0.75,5.17,607.31
44406.83,24.73,15.54,0.91,0.47,6.68,607.97
44406.88,24.94,15.87,0.75,0.22,8.1,608.18
44406.92,23.86,16.68,0.76,1.02,7.93,608.78
44406.96,20.98,16.47,0.63,1.91,8.62,608.97
44407,20.83,16.47,0.48,0.28,7.73,609.08
44407.04,20.19,16.52,0.51,0.41,6.42,608.99
44407.08,20.22,16.61,0.6,0.58,5.35,608.77
44407.12,20.33,16.74,0.65,0.75,7.01,608.47
44407.17,19.72,16.65,0.74,0.82,7.59,608.34
44407.21,19.8,16.77,0.82,0.7,8.01,608.12
44407.25,19.61,16.34,1.13,0.68,7.67,608.6
44407.29,19.18,16.2,1.04,0.68,9.91,608.94
44407.33,19.59,16.65,1.09,0.67,9.72,608.91
44407.38,20.59,17.23,0.73,0.57,8.65,609.03
44407.42,24.85,16.78,0.64,0.48,9.23,608.83
44407.46,25.18,16.7,0.32,2.89,9.97,608.89
44407.5,25.51,16.51,0.43,0.62,9.98,608.83
44407.54,27.55,15.76,0.72,0.7,10,608.57
44407.58,27.59,15.15,0.87,0.78,9.91,608.32
44407.62,26.62,14.68,1.02,0.68,9.99,607.73
44407.67,24.81,15.29,1.23,0.81,10,607.59
44407.71,23.82,16.13,0.98,1.38,10,607.48
44407.75,23.56,15.84,0.44,2.66,10,607.77
44407.79,24.02,15.7,0.55,3.09,9.99,607.93
44407.83,24.44,14.94,1.05,0.14,10,608.17
44407.88,24.48,14.97,0.98,0.19,9.92,608.13
44407.92,23.96,15.31,1.11,2.99,9.99,608.55
44407.96,21.34,15.57,0.95,3,9.86,608.57
44408,20.65,16.18,0.75,0.17,9.98,608.74
44408.04,20.55,16.06,0.78,2.87,10,608.57
44408.08,20.1,16.26,1.12,2.57,10,608.59
44408.12,19.81,15.9,1.52,2.14,10,608.43
44408.17,18.76,15.06,0.97,2.05,10,608.33
44408.21,18.57,15.66,0.65,2.35,10,608.5
44408.25,17.27,14.16,0.56,2.66,10,609.18
44408.29,16.99,14.15,0.49,3.08,10,609.43
44408.33,16.59,13.8,0.5,0.68,10,609.79
44408.38,16.65,13.76,0.63,0.82,10,609.7
44408.42,18.91,14.37,0.65,1.19,10,609.71
44408.46,19.29,14.73,0.68,1.34,10,609.91
44408.5,19.29,14.96,0.54,1.89,10,609.71
44408.54,20.82,14.41,0.69,2.47,10,609.6
44408.58,20.85,14.27,0.87,2.73,10,609.17
44408.62,21.7,14.01,0.9,2.81,9.92,608.95
44408.67,22.65,13.65,0.76,2.8,10,608.59
44408.71,23.02,13.37,0.75,2.44,9.88,608.16
44408.75,20.03,14.32,0.6,1.95,7.53,608.67
44408.79,20.54,14.23,0.66,1.41,7.33,608.06
44408.83,21.15,13.71,1.28,0.67,5.56,608.4
44408.88,21.08,13.98,1.16,0.73,5.41,608.7
44408.92,20.4,14.18,1.25,0.73,4.35,609.2
44408.96,18.42,14.56,1.39,0.72,4.51,609.13
44409,18.55,14.63,1.44,0.75,0.84,608.91
44409.04,18.4,14.34,1.44,0.7,1.79,608.62
44409.08,18.75,14.19,1.47,0.7,0,608.38
44409.12,19,14.16,1.5,0.67,0.01,607.96
44409.17,18.27,13.82,1.52,0.72,0.03,607.9
44409.21,18.1,13.86,1.54,0.68,0,607.75
44409.25,17.47,13.79,1.77,0.63,0.04,608.31
44409.29,16.42,13.49,1.77,0.59,0,608.33
44409.33,17.44,14.3,1.4,0.63,0,608.39
44409.38,18.61,15.33,1.02,0.65,0,608.61
44409.42,25.32,13.58,0.68,0.55,0,608.76
44409.46,25.62,11.76,0.07,0.63,0,608.76
44409.5,25.64,10.93,0.41,0.38,0,608.39
44409.54,28.96,8.63,0.93,0.51,0,608.1
44409.58,28.91,9.05,1.36,0.54,0,607.73
44409.62,28.84,9.34,1.51,0.61,0.01,607.64
44409.67,30.01,7.85,1.5,0.66,0.01,607.17
44409.71,29.79,7.9,1.48,0.67,0,607.02
44409.75,26.3,10.09,1.35,0.62,0,607.1
44409.79,26.45,13.23,1.12,0.55,0,606.9
44409.83,27.61,6.66,0.82,0.74,0,607.38
44409.88,26.86,8.06,0.5,0.58,0,607.62
44409.92,24.93,9.14,0.35,0.29,0,608.08
44409.96,19.95,10.08,0.66,0.34,0,608.41
44410,19.7,10.18,0.81,0.49,0,608.65
44410.04,18.55,10.11,0.82,0.51,0,608.73
44410.08,18.35,10.04,0.96,0.54,0,608.44
44410.12,18.21,9.94,0.99,0.53,0,608.37
44410.17,16.77,9.43,1,0.55,0,608.28
44410.21,16.58,9.35,1.02,0.56,0,608.45
44410.25,17.3,9.79,1.37,0.52,0,608.45
44410.29,16.52,9.7,1.43,0.66,0,608.98
44410.33,16.33,11,1.25,0.62,0,609.04
44410.38,17.3,12.11,0.79,0.43,0.03,609.08
44410.42,24.63,12,0.44,0.01,0.03,609
44410.46,24.98,12.24,0.08,2.36,0.02,609.05
44410.5,25.27,11.76,0.44,0.53,0.27,608.87
44410.54,28.7,10.44,0.91,0.41,0.11,608.59
44410.58,28.87,10.03,1.17,0.41,0.17,608.34
44410.62,28.96,10.04,1.31,0.36,0.09,608.05
44410.67,29.96,9.55,1.41,0.39,0,607.58
44410.71,30.12,9.92,1.49,0.39,0.01,607.4
44410.75,26.61,10.84,1.58,0.42,0.1,607.39
44410.79,26.72,11.33,1.32,0.57,0.05,607.43
44410.83,28.08,7.45,1.29,0.64,0.05,607.45
44410.88,27.28,9.05,1.03,0.23,0.05,607.79
44410.92,25.53,11.25,0.73,3.06,0.07,608.32
44410.96,21.5,11.21,0.42,0.27,0.03,608.85
44411,20.83,11.49,0.41,0.6,0.03,609
44411.04,19.57,11.42,0.87,0.56,0,608.96
44411.08,19.43,11.54,1.12,0.51,0.01,608.95
44411.12,19.36,11.41,1.21,0.59,0.1,608.5
44411.17,17.86,11.51,1.29,0.61,0.08,608.31
44411.21,17.85,11.57,1.28,0.62,0.08,608.29
44411.25,18.88,11.71,1.41,0.74,0,608.21
44411.29,17.88,11.83,1.43,0.84,0,608.34
44411.33,17.91,13.09,1.3,0.77,0,608.91
44411.38,18.92,13.75,0.92,0.7,0,608.99
44411.42,25.95,14.39,0.85,1.09,0,609.04
44411.46,26.33,14.54,0.81,1.6,0,609.12
44411.5,26.69,14.85,0.76,2.33,0.12,608.98
44411.54,29.69,13.61,1.02,2.98,1.71,608.83
44411.58,29.88,13.41,1.33,0.08,3.01,608.39
44411.62,29.61,13.02,1.57,0.2,2.94,608.23
44411.67,30.75,12.03,1.64,0.29,3.14,608.09
44411.71,30.7,12.05,1.67,0.33,2.29,607.85
44411.75,27.34,12.98,1.58,0.44,3.26,608.22
44411.79,27.23,15.54,1.33,0.59,2.11,607.92
44411.83,29.08,10.19,1.35,0.84,1.98,608.44
44411.88,28.47,12.13,1.35,0.96,1.73,609.17
44411.92,27.17,13.46,1.02,1.28,1.23,610.06
44411.96,23.25,14.25,0.99,2.17,1.42,610.42
44412,22.82,14.57,1.1,2.46,1.37,610.55
44412.04,21.63,14.97,1.13,2.68,1.15,610.44
44412.08,21.26,15.15,1.03,2.95,0.81,610.32
44412.12,21.07,15.21,0.99,3.04,0.68,610.18
44412.17,19.52,15.02,0.94,0.11,0.45,609.96
44412.21,19.38,14.96,0.87,0.28,0.49,610.1
44412.25,20.53,15.29,0.9,0.7,0.49,610.05
44412.29,20.23,15.37,1.01,0.63,0.99,610.49
44412.33,19.84,15.48,0.86,0.53,0.65,610.59
44412.38,20.2,16.16,0.56,0.25,0.33,610.49
44412.42,26.08,17.95,0.04,2.95,0.3,610.61
44412.46,25.68,17.87,0.57,3.07,1.99,610.34
44412.5,26.2,17.82,0.78,2.88,3.12,610.23
44412.54,28.78,17.58,0.93,2.98,2.21,609.61
44412.58,29.34,17.87,1.1,0.07,2.51,609.28
44412.62,29.24,17.93,1.15,0.03,1.97,608.73
44412.67,29.98,18.38,1.21,0.06,1.12,608.52
44412.71,29.57,18.66,1.36,0.14,1.06,607.91
44412.75,26.39,15.34,1.57,0.37,2.39,607.61
44412.79,26.59,15.17,1.34,0.51,1.89,607.26
44412.83,26.97,14.67,1.56,0.75,0.67,607.79
44412.88,27.41,14.35,1.49,0.77,0.63,608.52
44412.92,26.22,15.38,1.27,0.86,0.81,609.04
44412.96,21.15,16.1,1.14,1.22,0.85,609.27
44413,21.19,16.02,0.73,1.69,0.42,609.42
44413.04,20.4,16.19,0.45,2.67,0.84,609.19
44413.08,20.37,16.43,0.14,0.56,0.81,608.86
44413.12,20.07,16.44,0.38,0.45,1.33,608.49
44413.17,18.82,16.51,0.25,0.56,4.51,608.38
44413.21,18.65,16.48,0.26,0.6,6.82,608.53
44413.25,20.04,16.08,0.6,1.03,9.35,608.24
44413.29,19.22,16.45,0.61,0.86,9.57,608.83
44413.33,19.85,16.92,0.44,0.49,9.55,608.87
44413.38,20.4,17.33,0.28,0.72,9.17,608.55
44413.42,24.77,18.31,1.13,0.46,8.84,609.02
44413.46,24.98,17.94,1.22,0.32,9.2,609.05
44413.5,24.98,17.91,1.21,0.33,9.28,608.92
44413.54,27.14,17.8,1.17,0.43,8.8,608.42
44413.58,27.02,18.56,1.29,0.42,8.24,607.97
44413.62,26.57,19.03,1.58,0.48,9.36,607.71
44413.67,24.62,19.61,1.66,0.65,9.39,607.46
44413.71,23.82,19.55,1.57,0.57,9.97,607.27
44413.75,22.47,19.53,1.77,0.68,9.65,607.7
44413.79,21.78,19.23,1.29,0.86,10,607.64
44413.83,21.95,19.42,0.71,0.92,10,608.47
44413.88,22.03,19.26,0.66,0.65,10,608.74
44413.92,21.59,19.39,0.48,2.08,10,609.32
44413.96,19.91,18.32,0.58,1.65,10,609.73
44414,20.06,18.65,0.87,1.7,9.92,609.5
44414.04,20.01,18.46,0.85,1.5,10,609.43
44414.08,20.28,18.57,0.61,1.16,9.91,609.19
44414.12,20.77,18.57,0.84,0.83,9.68,608.82
44414.17,20.02,18.53,0.69,0.91,9.35,608.61
44414.21,20.2,18.32,0.79,1.5,8.69,608.35
44414.25,20.19,18.3,0.86,1.71,9.2,608.38
44414.29,19.82,18.26,0.66,0.94,8.56,608.56
44414.33,19.72,18.09,0.56,1.03,7.61,608.78
44414.38,19.81,18.16,0.79,1.43,3.65,608.36
44414.42,24.88,18.58,0.74,1.67,2.72,608.4
44414.46,25.12,18.13,0.69,2.03,3.43,608.45
44414.5,25.5,17.85,0.75,2.74,6.43,608.17
44414.54,28.62,17.27,0.95,0.19,7.92,607.95
44414.58,28.67,17.27,1.1,0.46,7.71,607.15
44414.62,28.52,17.67,1.76,0.25,9.25,607.32
44414.67,28.52,18.31,1.75,0.24,9.27,606.91
44414.71,27.48,19.2,1.48,0.1,9.43,606.54
44414.75,24.52,19.53,1.88,0.56,6.89,605.95
44414.79,24.4,19.29,1.46,0.58,7.01,606.36
44414.83,24.29,19.89,1.32,0.71,9.36,606.92
44414.88,23.59,19.69,0.4,1.57,10,607.93
44414.92,22.61,19.75,0.32,1.18,10,608.16
44414.96,20.16,19.19,0.07,2.69,10,608.65
44415,20.45,19.08,0.07,1.7,10,608.8
44415.04,20.37,19.18,0.36,2.85,10,608.49
44415.08,20.55,19.22,0.21,0.89,9.6,608.03
44415.12,20.87,19.43,0.05,2.01,9.84,607.73
44415.17,20.36,19.34,0.15,1.42,9.92,607.5
44415.21,20.47,19.45,0.16,2.2,9.84,607.32
44415.25,20.68,19.64,0.73,2.74,10,607.1
44415.29,20.74,19.55,0.76,2.7,10,607.6
44415.33,20.52,19.31,0.74,0.56,10,607.94
44415.38,20.52,18.9,1.09,0.42,10,607.96
44415.42,24.23,19.2,1,0.26,10,608.34
44415.46,24.5,19.17,1.05,0.22,10,608.31
44415.5,24.64,19.1,1.32,0.37,10,608.1
44415.54,25.92,19.48,1.77,0.49,10,607.97
44415.58,25.12,19.57,2.08,0.55,10,607.58
44415.62,24.98,19.34,1.82,0.65,10,607.86
44415.67,24.65,19.69,1.81,0.6,10,607.64
44415.71,24,19.73,1.19,1.19,10,607.8
44415.75,20.69,19.91,1.49,0.88,10,607.99
44415.79,20.85,19.95,1.31,0.94,10,607.95
44415.83,21.17,19.99,1.09,0.66,9.83,608.49
44415.88,21.55,20.12,1.12,0.88,9.93,608.56
44415.92,21.24,20.28,1,0.83,10,609.27
44415.96,19.91,19.5,0.89,1.07,10,609.52
44416,20.2,19.64,0.74,1.08,10,609.62
44416.04,20.09,19.53,0.87,1.03,10,609.43
44416.08,20.19,19.55,0.68,1.02,10,608.78
44416.12,20.28,19.5,0.29,1.79,10,608.72
44416.17,19.83,19.37,0.14,1.18,10,608.49
44416.21,20.16,19.44,0.29,2.45,10,608.1
44416.25,20.07,19.51,0.41,2.04,10,607.95
44416.29,19.9,19.42,0.47,2.47,10,607.92
44416.33,19.42,19.12,0.65,0.13,10,608.39
44416.38,19.61,18.79,1.06,0.45,10,608.66
44416.42,22.69,18.99,1.18,0.66,10,609.06
44416.46,22.61,19.21,1.31,0.66,10,609.14
44416.5,22.37,19.41,1.39,0.7,10,609.15
44416.54,24.87,20.37,1.44,0.74,9.84,608.81
44416.58,24.71,20.46,1.45,0.84,10,608.25
44416.62,24.79,20.7,1.58,0.84,9.44,608.31
44416.67,22.63,19.07,1.46,0.66,9.92,608.09
44416.71,22.47,19.19,1.4,0.84,9.83,608.04
44416.75,20.21,19.17,1.97,0.69,9.56,608.09
44416.79,20.41,19.35,1.51,0.85,10,608.64
44416.83,21.03,19.61,1.11,0.75,10,609.43
44416.88,21.24,19.68,1.29,1,10,609.88
44416.92,21.01,19.45,1.42,1.11,10,610.24
44416.96,19.78,19.04,1.45,1.16,10,610.82
44417,19.97,19.05,1.23,1.06,10,610.89
44417.04,19.64,18.81,0.98,1.06,10,610.69
44417.08,19.71,18.72,0.76,1.14,10,610.25
44417.12,19.54,18.64,0.77,1.21,10,610.08
44417.17,18.5,17.87,0.74,1.1,10,609.92
44417.21,18.52,17.67,0.72,1.2,10,609.96
44417.25,18.29,17.76,0.37,2.72,10,610.63
44417.29,18.42,17.78,0.67,0.26,10,610.56
44417.33,18.18,17.61,0.37,2.69,10,610.62
44417.38,17.79,17.45,0.51,2,10,610.8
44417.42,19.13,17.35,0.76,1.45,10,610.93
44417.46,19.54,16.44,0.81,1.16,9.99,611.01
44417.5,19.95,16.01,0.72,1.16,9.99,611.03
44417.54,22.37,15.79,0.66,0.89,9.96,610.55
44417.58,22.72,15.45,0.91,0.77,9.97,610.12
44417.62,23.14,15.16,1.2,0.9,10,609.56
44417.67,24.53,15.52,1.5,0.78,10,609.17
44417.71,24.9,15.56,1.52,0.81,10,608.45
44417.75,23,15.39,1.32,0.79,9.99,609.1
44417.79,23.37,16.44,1.2,0.63,9.98,609
44417.83,24,14.2,1.01,1.22,9.89,609.02
44417.88,23.73,14.28,0.96,0.91,9.45,609
44417.92,22.79,14.57,0.64,1.96,8.7,609.5
44417.96,20.79,14.64,0.89,2.21,8.69,610.14
44418,20.21,14.93,0.59,2.66,9.77,610.33
44418.04,19.64,15.06,0.55,2.83,9.99,610.21
44418.08,19.36,15.1,0.53,0.41,9.84,610.09
44418.12,19,15.17,0.58,0.53,9.92,609.52
44418.17,17.61,15.24,0.58,0.51,10,609.14
44418.21,17.58,15.28,0.56,0.64,10,608.9
44418.25,18.37,14.71,0.82,0.6,10,609.36
44418.29,17.94,14.79,0.9,0.67,10,609.36
44418.33,18.32,15.4,0.72,0.36,10,609.63
44418.38,19.6,16.05,0.48,2.08,10,609.56
44418.42,23.36,15.31,0.8,0.87,10,609.63
44418.46,23.79,15.07,0.98,0.5,9.98,610.07
44418.5,23.89,15.12,1.19,0.49,9.98,609.97
44418.54,25.93,15.11,1.29,0.67,10,610.04
44418.58,26.11,14.72,1.33,0.75,9.78,609.4
44418.62,25.83,14.88,1.46,0.69,9.65,609.22
44418.67,24.63,15.38,1.57,0.73,9.48,608.81
44418.71,24.5,15.68,1.61,0.64,9.28,608.39
44418.75,22.45,15.52,1.65,0.58,9.86,608.54
44418.79,22.35,16,1.2,0.7,9.9,608.59
44418.83,21.71,16.3,1.38,0.88,9.91,608.93
44418.88,21.95,16.39,1.13,0.6,9.87,609.75
44418.92,21.33,16.76,1.01,0.79,9.71,610.06
44418.96,19.73,17.21,0.84,1.31,8.52,610.42
44419,19.89,17.37,0.66,1.57,8.92,610.35
44419.04,19.49,16.75,0.47,1.42,9.19,610.41
44419.08,19.34,16.93,0.36,0.22,9.78,610.32
44419.12,19.24,16.98,0.44,0.98,10,610.06
44419.17,18.97,16.99,0.66,1.79,10,610.01
44419.21,19.04,16.98,0.46,1.62,10,610.1
44419.25,18.8,16.86,0.31,2.89,10,610.58
44419.29,18.5,16.86,0.32,2.87,10,610.58
44419.33,18.61,17.08,0.34,1.95,10,610.89
44419.38,19.2,17.13,0.73,0.72,10,610.94
44419.42,22.09,16.74,0.85,0.82,10,611.19
44419.46,22.42,16.53,0.95,0.45,10,611.22
44419.5,22.5,16.43,0.98,0.21,10,611.18
44419.54,25.03,16.6,1.11,0.02,10,610.75
44419.58,24.72,16.53,1.14,0.29,10,610.36
44419.62,24.08,17.01,1.33,0.52,10,609.84
44419.67,24.85,17.32,1.58,0.7,8.93,609.18
44419.71,24.51,17.51,1.46,0.6,9.82,609.01
44419.75,21.76,18.17,1.52,1.17,9.77,609.09
44419.79,21.49,17.85,0.81,0.6,9.43,609.07
44419.83,21.39,18.22,0.92,0.63,9.82,610.25
44419.88,21.38,18.73,0.88,0.85,9.97,610.86
44419.92,21.1,18.95,0.95,0.58,9.73,611.1
44419.96,19.64,19.02,0.7,0.33,9.99,611.39
44420,19.78,18.78,0.44,0.22,9.83,611.34
44420.04,19.66,18.93,0.4,0.1,10,611.13
44420.08,19.65,19.25,0.26,2.53,10,610.97
44420.12,19.93,19.4,0.11,2.53,10,610.54
44420.17,19.38,19.23,0.27,0.62,10,610.42
44420.21,19.46,19.12,0.45,0.5,10,610.18
44420.25,18.95,18.55,0.81,0.29,10,611.07
44420.29,18.93,18.32,0.63,0.2,10,611.11
44420.33,18.75,18.29,0.56,0.41,9.12,611.26
44420.38,18.24,18.2,0.4,2.97,9.68,610.88
44420.42,20.34,18.79,0.61,3.1,7.28,610.9
44420.46,20.5,19.81,1,0.38,7.7,610.62
44420.5,20.51,20.45,1.63,0.47,9.12,610.72
44420.54,20.84,19.84,1.72,0.53,9.51,610.31
44420.58,20.02,19.42,1.88,0.61,9.76,609.71
44420.62,20.94,19.71,1.75,0.67,10,609.44
44420.67,21.23,18.93,1.67,0.7,9.98,608.8
44420.71,21.46,18.95,1.8,0.64,10,608.47
44420.75,19.03,18.69,1.48,0.76,10,609.4
44420.79,19.01,18.91,1.43,0.66,10,608.71
44420.83,18.9,18.87,1.37,0.75,10,609.92
44420.88,19.12,19.02,1.2,0.91,10,610.14
44420.92,18.93,18.72,1.24,0.96,10,610.32
44420.96,17.82,17.8,1.26,0.9,10,610.43
44421,17.77,17.77,1.25,0.94,10,610.32
44421.04,17.77,17.77,1.07,0.87,10,610.14
44421.08,17.77,17.77,1.05,0.84,10,609.53
44421.12,17.7,17.7,0.97,0.85,10,609.47
44421.17,17.39,17.39,0.95,0.93,10,609.07
44421.21,17.35,17.35,1.03,1.05,10,609.08
44421.25,17.38,17.36,1.21,1.23,10,609.14
44421.29,17.39,17.39,1.13,1.11,10,609.38
44421.33,17.25,17.22,0.86,1.24,10,609.85
44421.38,17.09,17.03,0.64,1.49,10,610
44421.42,18.09,16.88,0.8,2,10,610.09
44421.46,18.01,16.43,0.86,1.86,10,610.05
44421.5,18.38,16.26,1.01,1.56,10,609.99
44421.54,19.24,16.38,1.19,1.42,10,609.86
44421.58,19.25,16,1.21,1.29,10,609.58
44421.62,18.96,16.16,1.28,1.33,9.99,609.34
44421.67,19.83,16.26,1.28,1.22,9.85,609.02
44421.71,20.12,16.19,1.18,1.19,9.77,608.94
44421.75,18.79,16.13,0.94,1.01,9.62,609.05
44421.79,18.98,16.22,0.85,1.22,9.95,608.47
44421.83,18.9,16.52,1.28,1.5,9.91,609.25
44421.88,18.98,17.11,1.31,1.32,9.92,609.76
44421.92,18.72,17.28,1.22,1.22,10,610.1
44421.96,17.9,16.53,1.09,1.39,10,610.38
44422,17.94,16.43,0.89,1.34,10,610.37
44422.04,17.65,16.4,0.65,1.52,10,610.26
44422.08,17.54,16.54,0.73,2.06,10,610.01
44422.12,17.36,16.52,0.79,2.07,10,609.71
44422.17,17.12,16.31,0.74,1.89,10,609.49
44422.21,17.06,16.18,0.69,1.63,10,609.44
44422.25,16.91,16.05,0.63,0.43,10,609.97
44422.29,17.06,16.12,0.73,1.25,10,610.12
44422.33,17.24,15.81,0.57,1.4,10,610.23
44422.38,17.38,14.88,0.71,1.48,10,610.11
44422.42,18.62,15.4,0.76,1.43,10,610.26
44422.46,19.22,15.59,0.91,1.09,9.92,610.3
44422.5,19.75,15.06,0.99,0.93,10,610.34
44422.54,20.36,15.31,1.23,0.86,10,610.17
44422.58,19.82,15.3,1.34,1,10,610.09
44422.62,19.56,15.48,1.32,0.95,10,609.91
44422.67,19.45,15.94,1.23,0.93,10,609.79
44422.71,19.16,16.03,0.95,0.93,10,609.77
44422.75,17.71,16.4,0.82,1.28,10,610.25
44422.79,17.78,16.27,0.79,1.43,10,610.28
44422.83,18.12,16.35,0.43,1.28,9.99,610.29
44422.88,18.24,16.4,0.35,1.45,9.99,610.64
44422.92,18.06,16.74,0.22,1.49,9.76,611.06
44422.96,17.13,16.47,0.12,0.53,10,611
44423,17.12,16.35,0.33,2.14,10,611.03
44423.04,16.83,16.39,0.13,2.83,10,610.89
44423.08,16.82,16.34,0.38,1.63,9.92,610.58
44423.12,16.82,16.37,0.58,1.22,9.97,610.62
44423.17,16.79,16.42,0.58,0.74,9.97,610.39
44423.21,16.79,16.44,0.49,0.91,9.91,610.29
44423.25,15.9,15.77,0.38,0.92,9.97,610.41
44423.29,15.68,15.52,0.27,0.69,9.96,610.83
44423.33,16.11,16.03,0.25,0.96,9.81,611.23
44423.38,16.67,16.53,0.27,2.39,8.67,611.08
44423.42,20.09,16.15,0.51,0.34,8.96,611.29
44423.46,20.29,15.09,0.91,0.26,7.52,611.38
44423.5,20.77,14.9,1.03,0.05,9.51,611.35
44423.54,23.13,15.26,0.87,0.07,9.75,611.04
44423.58,23.41,15.34,1.22,0.04,10,610.6
44423.62,23.12,15.39,1.59,0.31,10,610.46
44423.67,23.29,15.82,1.67,0.37,9.45,610.2
44423.71,23.32,16.05,1.56,0.3,9.7,609.94
44423.75,20.79,16.5,1.42,0.14,10,610.29
44423.79,20.67,16.47,1.27,0.47,9.8,610.27
44423.83,20.86,16.94,0.93,0.46,5.2,610.42
44423.88,20.79,17.21,1.1,0.52,3.16,610.92
44423.92,20.26,17.73,1.07,0.37,1.69,611.29
44423.96,19.28,17.76,0.95,0.49,1.3,611.65
44424,19.15,17.66,0.61,0.78,3.95,611.73
44424.04,18.98,17.34,0.25,0.92,6.55,611.67
44424.08,19.07,17.25,0.45,1.16,7.99,611.34
44424.12,19.04,17.37,0.69,1.07,9.74,611.07
44424.17,18.55,17.38,0.83,1.13,9.89,610.82
44424.21,18.54,17.69,0.94,1.06,9.84,610.58
44424.25,18.4,17.09,0.74,1.37,10,610.73
44424.29,18.16,17.03,0.59,1.36,9.8,610.85
44424.33,18.7,17.45,0.49,1.17,9.8,611.15
44424.38,19.34,17.62,0.31,2.28,9.27,610.99
44424.42,22.52,17.8,0.63,2.53,9.79,611.21
44424.46,23.13,17.32,0.61,2.37,9.75,611.23
44424.5,23.26,16.82,0.69,2.32,8.81,610.9
44424.54,24.87,17.05,1.03,2.43,7.97,610.53
44424.58,24.92,17.23,1.18,2.74,8.69,609.95
44424.62,23.41,17.55,1.28,0.18,8.3,609.79
44424.67,23.12,18.14,1.58,0.67,8.21,609.48
44424.71,22.17,18.59,1.32,0.86,8.77,609.54
44424.75,21.39,17.99,1.57,0.38,9.34,609.45
44424.79,20.62,18.64,0.83,0.63,10,610.2
44424.83,20.19,18.94,0.61,1.02,10,610.38
44424.88,20.47,18.99,1.02,0.97,10,610.8
44424.92,20.69,18.87,0.88,0.6,10,611.05
44424.96,19.61,18.65,0.69,0.29,10,611.01
44425,19.56,18.65,0.7,3.06,9.84,610.99
44425.04,19.54,18.7,0.59,0.72,9.6,610.63
44425.08,19.6,19.02,0.62,1.1,9.36,610.4
44425.12,19.59,19.08,0.66,0.64,10,610.27
44425.17,19.28,18.89,0.77,2.92,10,610.01
44425.21,19.2,18.85,0.59,1.54,10,610.03
44425.25,19.32,18.53,0.44,2.39,10,609.96
44425.29,19.3,18.36,0.62,0.25,9.92,610.32
44425.33,19.59,18.73,0.56,0.65,10,610.9
44425.38,20.05,19.01,0.62,0.32,10,610.87
44425.42,21.83,19.6,0.2,0.11,10,611.23
44425.46,21.56,19.82,0.12,1.83,9.98,610.91
44425.5,21.4,20.21,0.75,0.02,9.84,610.71
44425.54,21.49,20.57,0.96,0.34,8.71,610.36
44425.58,20.67,20.04,1.06,0.53,8.43,610.18
44425.62,20.69,19.84,1.21,0.83,9.12,609.61
44425.67,20.62,19.34,1.12,0.97,7.13,609.17
44425.71,20.61,19.04,1.5,1.02,6.6,608.35
44425.75,19.71,19.49,1.55,0.79,7.21,609.29
44425.79,19.13,18.88,1.18,3.07,8.48,609.37
44425.83,19.5,19.33,0.82,0.37,9.76,610.09
44425.88,19.34,18.64,0.44,1.67,10,610.35
44425.92,19.25,18.62,0.57,2.1,10,610.81
44425.96,18.73,18.39,0.37,0.44,10,611.12
44426,18.89,18.41,0.23,2.15,10,611.02
44426.04,19.07,18.62,0.41,2.45,10,610.78
44426.08,19.28,18.9,0.1,2.44,10,610.41
44426.12,19.38,19.13,0.15,2.46,10,610.1
44426.17,19.01,18.28,0.12,2.16,10,609.87
44426.21,19.12,17.93,0.22,1.73,10,609.87
44426.25,18.63,18.23,0.36,1.25,10,609.71
44426.29,18.45,18.22,0.55,0.89,10,610.08
44426.33,18.56,18.5,0.55,1.23,10,610.48
44426.38,19.13,19.13,0.27,2.44,10,610.74
44426.42,20.92,19.79,0.21,0.69,10,611.01
44426.46,21.36,19.87,0.5,2.52,9.65,610.89
44426.5,21.42,19.95,0.44,0.97,8.67,610.55
44426.54,23.41,20.62,0.91,0.4,8.93,609.99
44426.58,22.94,20.18,1.23,0.58,8.94,609.38
44426.62,23.05,20.43,1.28,0.55,8.61,608.83
44426.67,23.35,20.77,1.36,1.09,9.3,608.24
44426.71,23.12,21.39,1.35,0.45,9.79,608.54
44426.75,20.6,20.42,1.5,0.6,9.68,608.91
44426.79,20.05,19.95,1.06,0.23,9.49,609.26
44426.83,19.71,18.6,1.18,0.65,7.19,609.63
44426.88,19.94,18.89,0.62,0.71,8.06,610.35
44426.92,20.15,19.02,0.5,1.18,9.68,610.62
44426.96,19.4,18.75,0.5,1.36,9.76,610.86
44427,19.34,18.49,0.36,0.51,9.92,610.8
44427.04,19.16,18.33,0.1,1.36,10,610.4
44427.08,19.07,18.29,0.1,2.91,10,610.04
44427.12,19.07,18.43,0.38,2.49,10,609.67
44427.17,18.7,18.06,0.25,2.71,10,609.55
44427.21,18.5,17.9,0.33,2.99,10,609.5
44427.25,19.2,18.34,0.47,1.37,9.98,609.41
44427.29,19.1,18.43,0.74,1.07,9.37,609.96
44427.33,19.28,18.19,0.5,0.95,8.91,609.98
44427.38,19.34,18.35,0.47,1.05,9.33,610.35
44427.42,22.21,19.02,0.49,0.48,8.99,610.64
44427.46,22.49,19.06,1.03,0.38,9.61,610.99
44427.5,23.07,19.32,1.07,0.23,8.49,610.57
44427.54,25.41,19.31,1.07,0.36,9.07,610.32
44427.58,25.63,19.89,1.02,0.54,8.53,609.55
44427.62,24.55,19.79,1.2,0.54,9.55,609.17
44427.67,24.86,20.98,1.01,0.37,9.33,608.62
44427.71,23.35,20.35,1.36,0.37,9.55,608.55
44427.75,21.75,19.22,1.38,0.36,9.9,609.03
44427.79,21.66,19.07,0.86,0.61,9.67,608.89
44427.83,21.67,19.27,0.31,1.71,9.88,609.83
44427.88,21.36,19.29,0.35,2.2,9.07,610.29
44427.92,21.18,19.02,0.12,1.71,9.84,610.41
44427.96,18.98,18.14,0.24,2.22,10,611.01
44428,19.16,18.14,0.59,2.53,10,611.06
44428.04,19.02,18.09,0.54,0.73,10,611.11
44428.08,19.02,17.9,0.68,0.98,10,610.39
44428.12,18.58,17.8,0.72,0.81,10,610.33
44428.17,18.16,17.46,0.79,1.03,10,610.03
44428.21,18.07,17.37,0.96,1.03,10,609.99
44428.25,18.86,17.78,0.87,0.95,10,610.1
44428.29,18.06,17.23,0.56,1.19,10,610.32
44428.33,19.19,18.2,0.59,0.69,10,610.72
44428.38,20.23,18.79,0.38,1.42,10,610.57
44428.42,23.63,19.03,0.49,3.1,10,610.88
44428.46,24.44,18.27,0.7,0.01,10,611.14
44428.5,24.64,18.08,1.07,0.29,9.91,611.26
44428.54,27,18.16,0.99,0.01,9.92,610.92
44428.58,26.47,18.04,0.83,2.83,10,610.3
44428.62,26.34,18.82,0.73,3.02,10,609.92
44428.67,26.07,19.29,0.89,2.92,9.67,609.46
44428.71,24.85,19.45,0.91,0.03,9.44,609.3
44428.75,21.93,19.98,1.34,1.69,9.79,609.93
44428.79,21.51,19.21,0.52,1.79,8.88,610.07
44428.83,21.85,19.6,0.57,2.71,8.62,610.47
44428.88,22.01,19.49,0.51,2.9,8.16,610.13
44428.92,21.7,19.84,0.6,2.57,9.25,610.63
44428.96,19.62,19.5,0.64,1.8,9.32,611.13
44429,19.8,19.62,0.31,1.28,9.59,611.14
44429.04,19.07,19.04,0.78,0.93,9.92,610.9
44429.08,19.47,19.31,1.02,0.92,9.92,610.47
44429.12,19.03,18.8,1.26,0.77,9.92,609.85
44429.17,18.61,18.42,1.35,0.76,9.6,609.65
44429.21,18.19,17.9,1.37,0.72,9.59,609.37
44429.25,18.53,17.86,1.27,0.86,10,609.57
44429.29,18.07,17.66,1.38,0.88,10,609.44
44429.33,18.87,18.36,1.04,0.78,10,609.57
44429.38,19.89,19.11,0.52,0.88,10,609.5
44429.42,24.38,19.79,0.65,1.31,10,609.48
44429.46,24.99,19.51,0.62,1.71,10,609.46
44429.5,25.66,19.12,0.63,1.8,10,609.4
44429.54,28.39,18.33,0.79,1.72,10,608.92
44429.58,28.77,18.06,0.98,1.84,10,608.26
44429.62,28.81,17.98,1.07,1.87,9.98,607.66
44429.67,29.2,17.89,1.01,2.05,9.71,607.12
44429.71,29.13,17.74,0.98,2.54,9.16,606.81
44429.75,26.57,18.06,0.52,1.08,9.41,607.29
44429.79,26.81,17.18,0.76,1.06,9,607.06
44429.83,26.74,17.5,0.57,1.84,9.68,607.47
44429.88,26.54,17.86,1.18,2.61,8.9,607.21
44429.92,25.59,18.67,1.04,1.38,9.96,607.97
44429.96,22.92,18.73,0.75,0.82,10,608.28
44430,22.78,19.13,0.6,2.25,10,608.51
44430.04,21.85,19.18,1.18,1.39,10,607.63
44430.08,21.88,19.22,1.09,0.94,10,607.2
44430.12,21.9,19.17,1.03,0.89,10,606.79
44430.17,21.19,18.91,0.96,0.8,10,606.86
44430.21,21.06,18.74,1.07,0.74,10,606.8
44430.25,20.97,17.98,1.23,1.06,10,606.08
44430.29,21.29,17.78,0.96,1.47,10,606.06
44430.33,21.37,18.04,0.39,1.21,10,606.83
44430.38,22.52,18.37,0.16,1.28,10,606.74
44430.42,24.56,18.42,0.36,0.17,10,607.07
44430.46,24.88,18.77,0.64,0.68,10,607.15
44430.5,25.16,18.98,1.02,0.74,10,607.36
44430.54,25.05,18.18,1.3,0.75,10,607.14
44430.58,24.38,18.54,1.23,0.72,10,606.75
44430.62,23.93,18.8,1.52,0.7,10,606.55
44430.67,22.32,18.53,1.63,0.9,10,606.74
44430.71,21.19,18.9,1.32,0.96,10,606.92
44430.75,19.02,18.56,1.43,0.74,10,607.17
44430.79,19.37,18.65,1.56,1.04,10,607.65
44430.83,19.66,18.97,1.55,0.98,10,607.87
44430.88,19.64,18.94,1.48,1.14,10,608.79
44430.92,19.28,18.63,1.29,1.06,10,609.11
44430.96,17.73,17.51,1.21,1.15,10,609.41
44431,17.68,17.33,0.93,1.26,10,609.41
44431.04,17.38,17.08,0.77,1.64,10,609.22
44431.08,17.39,16.94,0.58,1.66,10,608.84
44431.12,17.54,16.98,0.38,1.61,10,608.57
44431.17,17.29,16.52,0.36,1.67,10,608.33
44431.21,17.46,16.43,0.39,1.61,10,608.33
44431.25,17.93,16.86,0.56,2.8,10,608.47
44431.29,17.91,16.8,0.09,3.08,10,608.68
44431.33,17.84,16.53,0.17,2.31,9.9,608.81
44431.38,17.61,16.06,0.39,1.98,9.92,609.09
44431.42,20.57,16.54,0.46,1.29,9.99,609.27
44431.46,20.64,15.78,0.92,1.14,9.87,609.66
44431.5,20.45,14.98,1.16,1.17,9.77,609.68
44431.54,22.02,14.18,1.23,1.06,9.97,609.46
44431.58,21.83,13.82,1,0.91,9.79,609.3
44431.62,22.23,13.78,0.94,1.11,9.75,608.93
44431.67,22.41,13.79,1.02,1.11,9.8,608.54
44431.71,22.2,14.3,1.1,1.07,9.96,607.97
44431.75,21.63,13.1,1.06,0.9,9.97,608.56
44431.79,21.94,13.46,0.85,0.77,9.94,608.07
44431.83,22.24,11.91,0.93,0.52,9.76,608.65
44431.88,21.86,12.02,0.85,0.27,9.96,609.45
44431.92,21.51,12.37,0.83,0.43,9.93,610.01
44431.96,19.9,12.76,0.89,1.2,9.99,610.37
44432,19.91,12.92,1.15,1.11,10,610.6
44432.04,19.33,12.89,1.11,1.3,10,610.94
44432.08,18.87,13.13,0.96,1.43,10,610.67
44432.12,18.37,13.24,0.84,1.65,9.27,610.35
44432.17,17.86,13.11,0.88,2.29,8.97,610.26
44432.21,17.78,13.15,0.9,2.65,9.17,610.06
44432.25,18.06,12.48,0.68,1.64,9.88,611.22
44432.29,17.71,12.52,0.5,1.56,9.98,611.27
44432.33,17.37,13.58,0.49,2.41,9.63,611.09
44432.38,18.53,13.12,0.73,1.78,9.8,611.29
44432.42,22.22,12.91,1.05,1.51,9.7,611.58
44432.46,22.45,14.25,1.13,1.16,9.03,611.72
44432.5,23.15,14.92,1.1,0.99,9.92,611.62
44432.54,23.94,14,1.17,0.83,10,611.12
44432.58,24.24,14.33,1.27,0.7,9.92,610.76
44432.62,24.44,13.93,1.17,0.58,9.99,610.22
44432.67,23.7,14.36,1.18,0.55,9.97,609.8
44432.71,23.47,14.81,1.04,0.51,9.9,609.47
44432.75,22.12,14.71,1.25,0.66,9.97,609.83
44432.79,21.92,15.8,1.1,0.73,10,609.59
44432.83,22.3,14.36,1.31,0.72,9.99,609.72
44432.88,22.25,14.46,1.19,0.66,9.82,610.02
44432.92,21.74,15.04,1.09,0.61,9.91,610.77
44432.96,20.19,15.71,0.89,1,9.96,610.98
44433,19.88,16,0.56,0.84,8.02,610.89
44433.04,19.36,16.07,0.48,0.86,9.84,610.99
44433.08,18.97,16.07,0.09,0.14,10,610.78
44433.12,19.03,16.22,0.23,2.45,10,610.54
44433.17,18.42,16.25,0.11,1.86,9.99,610.07
44433.21,18.33,16.23,0.3,1.04,9.99,609.93
44433.25,18.23,15.62,0.45,1.33,9.72,609.83
44433.29,17.99,15.76,0.4,1.28,9.48,609.95
44433.33,17.93,15.99,0.64,1.1,9.87,609.97
44433.38,18.27,16.41,0.33,1.43,9.96,609.91
44433.42,20.6,16.5,0.88,2.66,9.91,610.13
44433.46,20.65,16,0.96,2.76,9.23,610.08
44433.5,20.89,15.61,0.93,2.92,10,609.88
44433.54,21.9,15.79,0.96,0.4,10,609.52
44433.58,22.44,16.19,1.29,0.58,10,609.14
44433.62,22.63,16.49,1.28,1.01,10,608.69
44433.67,20.21,16.12,1.52,0.88,10,608.63
44433.71,20.8,16.45,1.66,0.89,10,608.62
44433.75,17.44,16.48,1.7,0.86,10,609.04
44433.79,17.31,16.93,1.46,0.96,10,609.13
44433.83,17.58,16.96,1.54,1.05,10,609.66
44433.88,17.5,16.8,1.63,0.96,10,610.36
44433.92,17.49,16.64,1.74,0.82,10,610.87
44433.96,16.03,15.52,1.68,0.94,10,611.27
44434,15.72,15.21,1.59,0.96,10,611.3
44434.04,15.3,14.85,1.35,0.94,10,611.41
44434.08,15.16,14.73,1.18,1.06,10,611.32
44434.12,15.02,14.58,1.1,0.99,10,611.22
44434.17,14.64,14.27,1.08,0.98,10,611.19
44434.21,14.27,13.88,1.09,0.98,10,611.21
44434.25,13.92,13.41,1.09,1.07,10,611.28
44434.29,13.96,13.56,1.13,0.83,10,611.43
44434.33,13.87,13.42,1.12,0.66,10,612
44434.38,13.7,13.24,1.09,0.72,10,612.18
44434.42,13.75,13.35,1.09,0.8,10,612.97
44434.46,13.25,12.27,1.12,0.82,10,613.19
44434.5,13.48,12.35,1.22,0.92,10,613.42
44434.54,14.65,12.51,1.22,0.99,10,613.32
44434.58,14.67,12.59,1.31,0.95,10,613.13
44434.62,14.35,12.66,1.41,0.96,10,612.86
44434.67,13.5,12.48,1.44,1.08,10,612.75
44434.71,14.02,12.94,1.39,1.09,10,612.75
44434.75,13.2,13.08,1.22,0.98,10,612.94
44434.79,13.39,13.09,0.99,0.88,10,613.15
44434.83,13.66,13.29,0.73,0.96,10,613.52
44434.88,13.72,13.32,0.59,1.64,10,613.91
44434.92,13.84,13.39,0.57,1.5,10,614.09
44434.96,13.62,13.33,0.62,1.43,10,614.25
44435,13.79,13.42,0.6,1.34,10,614.12
44435.04,13.82,13.47,0.63,1.35,10,614.18
44435.08,13.91,13.47,0.29,1.01,10,613.66
44435.12,13.91,13.51,0.29,0.87,10,613.46
44435.17,13.81,13.57,0.26,0.59,10,613.13
44435.21,13.73,13.44,0.25,0.89,10,613.14
44435.25,13.98,12.9,0.27,2.99,10,612.99
44435.29,14.1,12.98,0.57,2.45,10,613.05
44435.33,14.17,12.83,0.57,1.7,10,613.36
44435.38,14.1,12.68,0.7,1.25,10,613.14
44435.42,15.74,13.34,0.53,1.76,9.36,613.44
44435.46,15.65,13.26,0.52,2.77,10,613.44
44435.5,15.37,12.9,0.57,2.12,9.93,613.38
44435.54,17.51,12.92,0.73,1.49,9.97,612.92
44435.58,17.56,13.32,0.6,1.47,9.71,612.36
44435.62,17.84,13.07,0.69,2.54,9.92,611.79
44435.67,18.19,13.72,0.67,2.94,9.28,611.34
44435.71,18.48,14.01,0.66,2.83,8.15,610.98
44435.75,17.33,14.85,1.24,0.58,9.11,611.15
44435.79,17.16,14.83,1.07,0.35,5.75,610.85
44435.83,17.29,15.05,1.2,0.31,5.68,611.44
44435.88,16.85,15.14,0.92,0.41,7.12,611.39
44435.92,16.55,14.99,0.82,0.11,8,611.46
44435.96,15.6,15.09,0.59,0.46,8.88,611.94
44436,15.38,15.11,0.74,0.19,10,611.92
44436.04,15.05,15.02,0.6,3.06,10,611.61
44436.08,14.85,14.84,0.57,0.16,10,611.31
44436.12,15.05,15.03,0.52,0.03,10,610.88
44436.17,14.89,14.89,0.49,0.1,10,610.59
44436.21,14.9,14.9,0.49,2.95,10,610.48
44436.25,14.9,14.88,0.44,0.19,10,610.67
44436.29,14.99,14.9,0.82,2.92,10,610.64
44436.33,14.95,14.95,0.8,2.51,10,610.74
44436.38,14.87,14.87,0.75,2.43,10,610.86
44436.42,16.11,14.85,0.49,0.07,10,611
44436.46,16.67,15.25,0.83,0.41,10,611.11
44436.5,17.26,15.6,1.13,0.38,10,610.7
44436.54,18.82,15.88,1.29,0.34,10,610.26
44436.58,18.69,15.49,1.53,0.62,10,610.15
44436.62,18.43,15.68,1.66,0.62,10,609.96
44436.67,19.02,15.94,1.6,0.58,10,609.68
44436.71,18.79,16.15,1.54,0.76,10,609.84
44436.75,16.4,15.94,1.62,0.76,10,609.95
44436.79,16.23,15.65,1.41,0.63,10,610.25
44436.83,16.03,15.13,0.98,0.63,10,610.67
44436.88,16.09,15.05,1.08,0.82,10,610.87
44436.92,15.76,14.79,1.09,0.56,10,611.29
44436.96,14.94,14.73,1.15,0.55,10,611.5
44437,14.89,14.56,1.01,0.56,10,611.49
44437.04,15.06,14.64,0.92,0.6,10,611.46
44437.08,15.06,14.64,0.91,0.64,10,611.19
44437.12,15.13,14.68,0.83,0.61,10,610.8
44437.17,14.73,14.51,0.65,0.49,10,610.66
44437.21,14.77,14.5,0.49,0.2,10,610.39
44437.25,14.68,14.34,0.29,0.51,10,610.76
44437.29,14.73,14.33,0.49,0.3,10,610.81
44437.33,14.83,14.53,0.69,0.86,10,611.19
44437.38,15.05,14.93,0.91,0.48,10,611.39
44437.42,16.68,15.29,1.1,0.56,10,611.68
44437.46,17.41,15.44,1.29,0.6,10,611.89
44437.5,17.92,15.59,1.4,0.44,10,611.8
44437.54,18.94,15.87,1.36,0.26,10,611.33
44437.58,19.72,15.91,1.31,0.44,10,610.96
44437.62,19.58,15.82,1.45,0.64,10,610.71
44437.67,19.13,15.91,1.72,0.71,10,610.21
44437.71,19.23,16.24,1.65,0.82,10,610.03
44437.75,18.01,16.06,1.77,0.7,10,610.04
44437.79,18.05,15.84,1.41,0.65,10,610.47
44437.83,17.99,15.95,1.02,0.58,10,611.11
44437.88,17.97,15.9,0.97,0.74,10,611.35
44437.92,17.66,16.16,0.99,0.61,10,611.98
44437.96,16.74,16.04,1.01,0.57,10,612.14
44438,16.63,15.96,0.73,0.54,10,612.23
44438.04,16.54,15.86,0.47,3.12,10,611.89
44438.08,16.57,15.93,0.58,2.69,10,611.71
44438.12,16.47,15.84,0.49,2.52,10,611.48
44438.17,16.33,15.65,0.5,2.43,10,611.12
44438.21,16.54,15.65,0.67,2.07,10,610.93
44438.25,17.02,16.26,0.66,2,10,610.63
44438.29,16.92,16.22,0.81,1.8,10,610.58
44438.33,17.31,16.39,1.06,1.48,10,610.95
44438.38,17.9,16.43,0.87,1.39,10,610.83
44438.42,21.22,16.78,0.77,1.53,10,610.89
44438.46,21.47,16.92,0.76,1.96,9.99,610.66
44438.5,21.54,17.04,0.9,2.23,9.99,610.23
44438.54,23.79,17.04,1.1,2.52,9.99,609.9
44438.58,23.97,16.66,1.15,2.63,10,609.44
44438.62,24.03,16.53,1.17,2.93,9.76,609.39
44438.67,23.74,16.66,1.21,3.07,10,609.04
44438.71,23.13,17.15,1.28,0.32,9.99,609.14
44438.75,21.64,16.42,1.51,0.58,9.73,610.17
44438.79,21.22,17.03,1.09,0.88,9.58,609.61
44438.83,20.04,17.62,1.56,0.74,9.52,610.42
44438.88,19.62,17.78,1.54,0.76,7.04,610.78
44438.92,19.51,17.79,1.26,0.61,8.08,611.6
44438.96,17.82,17.61,1.04,0.61,10,611.89
44439,17.86,17.63,0.85,0.68,10,611.97
44439.04,17.99,17.8,0.72,0.51,10,612.04
44439.08,18.11,17.68,0.71,0.62,10,611.77
44439.12,18.16,17.67,0.74,0.44,10,611.72
44439.17,17.66,17.44,0.89,0.28,10,611.65
44439.21,17.65,17.3,0.67,2.83,10,611.62
44439.25,18.3,17.58,0.55,2.95,10,611.61
44439.29,18.32,17.57,0.47,3.11,10,611.97
44439.33,18.02,17.05,0.41,2.62,9.84,612.15
44439.38,18.11,16.64,0.52,0.13,9.52,612.06
44439.42,21.28,17.28,0.75,0.13,10,612.24
44439.46,21.84,17.29,1.13,0.22,8.88,612.28
44439.5,21.79,16.93,1.55,0.24,9.6,612.26
44439.54,23.54,17.42,1.67,0.41,9.19,612.06
44439.58,22.32,17.22,1.6,0.5,9.2,611.67
44439.62,21.83,17.37,1.45,0.66,9.2,611.4
44439.67,22,17.84,1.56,0.75,8.88,611.34
44439.71,21.86,18.01,1.69,0.79,10,610.98
44439.75,18.97,17.9,1.69,0.76,9.44,611.64
44439.79,19.28,17.75,1.3,0.77,10,611.74
44439.83,19.64,18.09,1.04,0.83,10,612.07
44439.88,19.9,18.48,1.04,0.69,10,612.53
44439.92,19.73,18.51,1.05,0.62,10,613.04
44439.96,18.49,18.29,1.11,0.53,10,613.16
44440,18.56,18.23,0.87,0.69,10,613.33
44440.04,18.63,18.17,0.81,0.78,10,613.03
44440.08,18.73,18.12,1.04,0.64,10,612.82
44440.12,18.58,18.08,0.76,0.77,10,612.53
44440.17,18.26,18.03,0.58,0.73,10,612.41
44440.21,17.86,17.54,0.63,0.89,10,612.36
44440.25,18.79,18.27,0.38,0.11,10,612.1
44440.29,18.73,18.27,0.78,0.47,10,612.67
44440.33,18.41,18.17,0.71,0.51,10,612.58
44440.38,18.09,18.09,0.73,0.26,10,613.11
44440.42,20.36,19.29,0.68,0.03,10,613.04
44440.46,20.49,19.49,0.81,0.31,10,613.16
44440.5,20.59,19.01,1.08,0.15,9.87,612.73
44440.54,23.49,18.69,1.43,0.22,8.69,612.1
44440.58,23.82,18.16,1.48,0.47,7.43,611.71
44440.62,23.83,17.8,1.42,0.45,7.67,610.98
44440.67,24.22,17.83,1.38,0.59,8.61,610.5
44440.71,22.36,17.1,1.28,0.47,8.85,610.98
44440.75,19.79,17.85,1.53,0.73,7.01,611
44440.79,19.89,17.54,0.96,0.91,6.53,610.77
44440.83,20.61,17.76,1.4,0.7,9.36,611.72
44440.88,20.6,17.83,0.82,0.57,9.28,612.32
44440.92,20.25,18.37,0.7,0.51,10,612.88
44440.96,18.67,17.73,0.77,0.41,10,613.05
44441,18.73,17.71,0.62,0.98,10,613.11
44441.04,18.79,17.6,0.57,0.74,10,613
44441.08,18.44,17.63,0.18,1.73,10,612.44
44441.12,18.31,17.46,0.2,1.7,10,612.36
44441.17,17.85,17.21,0.35,2.46,10,611.99
44441.21,17.87,17.16,0.2,2.75,10,611.99
44441.25,19.3,18.26,0.56,0.21,10,611.84
44441.29,19.04,17.88,0.71,2.87,10,612.16
44441.33,18.76,17.91,0.41,2.29,10,612.56
44441.38,18.68,18,0.72,1.86,9.52,612.29
44441.42,22.01,18.27,0.95,1.43,8.33,612.41
44441.46,22.68,17.86,0.72,1.53,7.92,612.13
44441.5,22.85,17.52,0.67,2.2,8.07,611.65
44441.54,24.94,17.8,0.99,2.5,6.95,611.09
44441.58,24.82,18.25,1.14,2.73,7.65,610.39
44441.62,24.4,18.62,1.08,2.94,6.33,609.81
44441.67,24.12,18.86,1.11,0,8.45,609.41
44441.71,23.67,18.45,1.32,2.8,9.1,609.48
44441.75,20.37,17.24,0.97,0.12,9.15,609.59
44441.79,20.96,17.48,0.61,0.39,9.28,609.79
44441.83,21.3,17.73,0.58,2.94,9.12,609.94
44441.88,21.08,17.93,0.9,0.02,8.56,610.4
44441.92,20.84,17.62,0.71,2.26,8.96,610.79
44441.96,19.33,17.5,0.63,1.65,9.11,610.62
44442,19.34,17.49,0.67,1.59,8.15,610.54
44442.04,19.13,17.6,0.8,1.15,8.8,610.48
44442.08,18.39,17.28,1.12,1.06,9.31,609.79
44442.12,18.11,17.28,1.33,1.1,9.92,609.25
44442.17,17.4,17,1.47,0.96,9.92,608.85
44442.21,17.18,16.65,1.61,0.9,10,608.6
44442.25,17.25,16.09,1.54,1.05,9.92,608.57
44442.29,16.9,15.87,1.67,0.89,10,608.78
44442.33,18.24,16.97,1.55,0.93,9.91,608.76
44442.38,19.59,18.13,1.45,0.97,8.85,608.59
44442.42,23.98,18.67,1.46,1.1,9.43,608.68
44442.46,24.48,18.04,1.54,1.13,9.55,608.56
44442.5,24.93,17.54,1.4,1.21,9.4,608.16
44442.54,27.8,16.79,1.3,1.28,9.65,607.69
44442.58,28.12,16.39,1.28,1.32,9.81,607.1
44442.62,28.16,16.21,1.32,1.47,9.5,606.65
44442.67,28.93,15.87,1.34,1.6,8.61,606.03
44442.71,28.78,15.72,1.18,1.88,7.1,605.62
44442.75,26.54,16.63,1.08,0.46,8.24,606.4
44442.79,26.43,15.92,1.73,0.78,9.13,606.68
44442.83,26.66,15.49,1.49,0.7,9.99,607.3
44442.88,26.01,16.25,1.28,0.7,9.91,607.21
44442.92,23.94,17.39,1.39,0.61,9.68,608.25
44442.96,21.82,17.41,1.16,0.85,10,608.76
44443,21.43,17.46,0.79,0.92,10,608.81
44443.04,20.64,17.42,0.73,0.38,10,608.95
44443.08,20.39,17.58,0.5,1.39,10,608.72
44443.12,20.57,17.22,1.09,0.9,10,608.17
44443.17,19.29,16.89,1.19,1.06,10,607.65
44443.21,18.9,16.67,1.13,0.93,10,607.31
44443.25,19.47,17.8,0.69,1.09,10,607.55
44443.29,19.52,17.74,0.2,2.44,10,608.04
44443.33,19.42,18,0.36,2.73,10,608.85
44443.38,20.07,18.24,0.24,1.17,10,609.01
44443.42,21.76,17.64,0.87,0.83,10,609.76
44443.46,21.56,18.01,1.09,0.78,10,610
44443.5,21.48,18.46,1.42,0.79,10,609.96
44443.54,22.8,19.48,1.49,0.78,10,610.08
44443.58,21.65,19.63,1.71,0.75,10,609.71
44443.62,20.96,19.56,1.53,0.64,10,609.74
44443.67,20.42,19.76,1.73,0.98,10,609.72
44443.71,20.01,18.13,1.36,1.06,10,609.94
44443.75,18.22,17.67,0.99,0.77,9.92,610.04
44443.79,18.49,17.68,0.92,0.86,9.76,610.02
44443.83,18.76,17.65,0.86,1.36,10,610.34
44443.88,18.85,17.57,0.85,0.69,9.52,610.9
44443.92,18.56,17.55,0.77,0.43,10,611.57
44443.96,17.46,16.78,0.67,0.52,10,612.07
44444,17.41,16.28,0.45,1.67,10,612.08
44444.04,17.35,16.27,0.7,0.96,10,611.94
44444.08,17.51,16.01,0.67,0.76,10,611.65
44444.12,17.6,16.09,0.62,0.68,10,611.51
44444.17,17.26,16.17,0.63,0.55,9.99,611.35
44444.21,17.39,16.25,0.51,0.63,10,611.22
44444.25,17.26,16.49,0.22,0.36,9.93,610.84
44444.29,17.4,16.48,0.43,0.22,9.97,611.06
44444.33,17.05,16.03,0.51,0.61,9.96,611.94
44444.38,16.91,15.65,0.68,0.51,9.83,611.88
44444.42,19.13,15.29,0.72,0.68,9.97,612.59
44444.46,18.43,15.2,0.62,1.17,9.95,612.71
44444.5,17.7,14.93,0.43,0.64,9.88,612.66
44444.54,20.26,15.21,0.2,0.04,9.97,612.32
44444.58,21.8,15.31,0.37,2.34,9.97,611.47
44444.62,22.03,15.16,0.87,1.59,9.96,611.24
44444.67,23.42,15.54,0.55,2.15,9.62,610.39
44444.71,24.2,16.06,1.22,0.29,7.53,610.4
44444.75,21.77,16.43,1.4,1.03,3.45,609.98
44444.79,21.73,16.86,1.58,0.41,6.8,611.28
44444.83,21.93,17.05,1.55,0.95,10,612.21
44444.88,21.99,16.97,0.97,0.87,10,612.82
44444.92,21.34,17.49,0.86,0.81,10,613.91
44444.96,19.26,17.48,0.88,0.88,10,614.08
44445,18.89,17.71,0.84,1.14,10,614.27
44445.04,18.47,17.66,0.96,1.2,10,614.1
44445.08,18.36,17.45,1.04,1.22,10,613.83
44445.12,18.3,17.81,1.37,1.17,10,613.93
44445.17,17.66,17.43,1.89,1.2,10,613.84
44445.21,17.41,17.29,1.97,1.24,10,614.29
44445.25,16.87,16.45,2.02,1.26,10,614.76
44445.29,16.1,15.57,1.96,1.22,10,614.86
44445.33,15.54,14.9,1.5,1.11,10,615.94
44445.38,14.8,14.51,1.11,1.11,10,616.58
44445.42,15.72,13.48,1.06,1.47,10,617.02
44445.46,15.5,13.2,1.15,1.65,10,617.15
44445.5,15.52,12.9,1.23,1.55,10,617.16
44445.54,16.54,12.53,1.24,1.36,10,617.03
44445.58,16.5,12.57,1.16,1.2,10,616.61
44445.62,16.25,12.48,1.38,1.19,9.92,616.67
44445.67,16.18,12.34,1.73,1.22,9.74,616.09
44445.71,16.63,12.68,1.66,1.37,9.23,615.97
44445.75,15.33,12.69,1.24,1.65,10,616.46
44445.79,15.59,12.85,1,1.52,9.83,616.29
44445.83,15.49,13.02,0.59,1.76,9.65,616.46
44445.88,16,13.47,1.08,1.18,9.97,617.07
44445.92,15.69,13.73,0.99,1.03,10,617.63
44445.96,14.75,13.54,0.67,1.57,10,618.09
44446,14.79,13.64,0.54,2.17,9.97,618.01
44446.04,14.29,13.38,0.57,2.7,9.95,618.13
44446.08,14.04,13.36,0.78,3.01,9.85,617.52
44446.12,12.77,12.31,0.82,0.08,9.63,617.1
44446.17,12.99,12.37,0.77,0.32,9.81,616.64
44446.21,12.28,11.7,0.78,0.45,9.64,616.49
44446.25,13.87,12.25,0.41,0.71,9.99,616.64
44446.29,13.89,12.21,0.46,0.63,9.59,616.45
44446.33,13.54,12.67,0.31,0.58,8.48,616.85
44446.38,14.37,11.76,0.21,1.14,9.92,616.87
44446.42,17.96,10.55,0.53,1.28,10,617.24
44446.46,18.1,10.42,0.81,1.22,10,617.21
44446.5,17.82,10.09,0.77,1.04,9.92,616.94
44446.54,20.71,10.54,0.52,0.81,9.87,616.41
44446.58,20.77,10.45,0.31,2.31,9.49,615.84
44446.62,20.96,10.36,0.57,1.78,8.91,615.39
44446.67,20.98,10.3,0.47,2,0.67,614.57
44446.71,21.1,10.14,0.44,2.98,0.17,614.18
44446.75,18.45,10.09,0.31,2.7,0.22,614.05
44446.79,18.76,10.15,0.96,0.58,0.29,613.7
44446.83,19.39,9.02,0.86,0.59,1.23,614.21
44446.88,19.1,9.04,0.83,0.1,0.97,614.69
44446.92,18.62,9.49,0.59,2.02,4.57,614.96
44446.96,16.41,10.3,0.14,0.79,3.04,615.11
44447,16.15,10.36,0.43,0.68,2.27,614.83
44447.04,15.56,10.43,0.57,0.83,2.19,614.48
44447.08,15.33,10.43,0.76,0.66,4.04,614.27
44447.12,15.48,10.5,0.86,0.74,1.03,613.84
44447.17,14.67,10.65,0.87,0.81,2.26,613.68
44447.21,14.75,10.66,0.84,0.8,3.59,613.38
44447.25,14.44,10.51,0.61,0.85,4.91,613.5
44447.29,14.49,10.55,0.98,0.53,5.01,613.2
44447.33,14.72,11.72,0.55,1.01,5.84,613.57
44447.38,15.83,11.91,0.18,1.35,6.8,614.04
44447.42,19.94,11.97,0.75,0.76,10,614.3
44447.46,19.93,12.65,1.14,0.84,9.61,614.51
44447.5,20.27,13.26,1.2,0.78,9.84,614.42
44447.54,22.37,13.03,1.15,0.76,9.98,614.18
44447.58,22.47,13.05,1.1,0.73,9.49,613.79
44447.62,22.21,13.37,1.13,0.69,8.79,613.27
44447.67,20.92,13.47,1.15,0.63,8.88,612.97
44447.71,20.38,13.71,1.18,0.66,10,612.45
44447.75,18.17,13.39,1.2,1.11,5.49,612.66
44447.79,18.5,13.62,1.16,1.03,5.72,612.76
44447.83,18.79,14.58,1.06,0.68,4.83,612.78
44447.88,19.23,12.97,0.98,0.61,6.51,613.68
44447.92,18.88,13.2,0.88,1.22,8.72,614.32
44447.96,17.38,13.52,0.48,0.49,8.65,614.17
44448,17.12,13.53,0.39,0.59,9.79,614.32
44448.04,16.75,13.69,0.24,3.01,9.45,614.31
44448.08,16.64,13.77,0.16,0.14,9.23,614.04
44448.12,16.75,13.86,0.23,0.45,9.85,613.79
44448.17,16.31,13.86,0.3,0.31,7.89,613.57
44448.21,16.34,13.96,0.24,1.36,7.95,613.51
44448.25,15.21,12.9,0.49,1.04,9.45,613.92
44448.29,15.14,13.02,0.26,1.14,9.8,613.85
44448.33,15.17,13.6,0.37,2.07,9.87,614.15
44448.38,15.11,13.99,0.48,0.8,8.64,614.4
44448.42,16.39,14.35,0.79,0.49,9.84,614.8
44448.46,15.88,14.34,0.78,0.79,9.57,614.98
44448.5,15.6,14.2,0.96,1.17,9.74,614.9
44448.54,17.56,14.55,0.87,1.02,9.25,614.53
44448.58,18.16,14.06,0.65,1.34,9.19,614.13
44448.62,18.51,13.79,0.7,1.21,8.76,613.64
44448.67,19.46,13.92,0.95,0.72,5.92,613
44448.71,19.76,13.84,1.19,0.74,5.92,612.69
44448.75,18.78,14.15,1.25,0.48,8.44,613.53
44448.79,17.94,15.08,0.89,0.67,8.72,613.51
44448.83,18.29,13.77,0.77,0.65,8.67,613.54
44448.88,18.18,13.89,0.51,0.52,8.62,614.1
44448.92,17.68,14.05,0.24,1.13,9.39,614.39
44448.96,16.27,14.11,0.43,1.49,9.11,614.39
44449,16.03,14.18,0.68,1.55,8.71,614.58
44449.04,15.7,14.3,0.71,1.42,7.48,614.83
44449.08,15.51,14.25,0.61,0.93,6.41,614.44
44449.12,15.36,14.21,0.67,0.73,7.09,614.31
44449.17,15.03,14.18,0.84,0.78,9.38,614.06
44449.21,14.31,14.08,0.79,0.76,9.23,614.01
44449.25,14.75,14.04,0.86,0.54,9.25,614.34
44449.29,14.86,14.1,1.05,0.53,9.65,614.38
44449.33,15.04,14.42,1.13,0.68,9.92,614.21
44449.38,15.97,15.26,0.96,0.64,9.41,614.45
44449.42,20.06,15.66,0.51,0.63,5.58,614.53
44449.46,20.33,15.52,0.36,0.55,6.24,614.31
44449.5,20.66,15.23,0.83,0.5,9.35,613.93
44449.54,23.43,14.51,1.03,0.24,9.9,613.4
44449.58,23.65,14.36,1.4,0.28,9.96,612.83
44449.62,23.95,14.35,1.47,0.09,10,612.46
44449.67,23.05,14.08,1.82,3.13,8,611.75
44449.71,22.66,14.93,1.39,3,8.17,611.54
44449.75,20.6,16.37,0.98,3.06,7.89,611.93
44449.79,20.67,17.13,0.94,0.53,8.65,611.92
44449.83,20.81,16.22,1.08,0.54,9.01,611.95
44449.88,20.61,16.29,1.09,0.46,8.81,612.39
44449.92,20.39,16.61,0.77,3.12,7.5,612.83
44449.96,18.85,16.56,0.46,2.49,5.03,612.91
44450,18.47,16.61,0.35,1.85,6.37,612.87
44450.04,18.08,16.61,0.34,1.33,8.35,612.81
44450.08,17.82,16.65,0.49,0.87,9.41,612.4
44450.12,17.42,16.65,0.67,0.95,9.73,612.23
44450.17,16.92,16.58,0.85,0.97,9.57,611.74
44450.21,16.61,16.29,0.98,1.06,9.64,611.36
44450.25,15.91,15.76,0.72,0.94,10,611.67
44450.29,15.83,15.55,1.2,0.81,10,611.72
44450.33,15.52,15.39,1.26,0.81,10,611.66
44450.38,15.56,15.53,0.88,0.85,9.91,611.73
44450.42,20.82,17.27,0.56,1.31,4.95,611.56
44450.46,21.87,17.11,0.53,1.99,3.38,611.49
44450.5,22.45,17.07,0.58,2.3,6.2,610.91
44450.54,25.29,15.68,0.77,2.97,6.35,610.4
44450.58,25.32,15.63,1.04,2.78,5.02,609.76
44450.62,24.97,15.61,1.18,2.87,6.26,609.28
44450.67,24.55,16.2,1.46,0.13,5.91,609.01
44450.71,23.62,16.81,1.63,0.32,6.25,608.79
44450.75,20.48,16.93,1.25,1.32,9.9,609.73
44450.79,20.37,17.29,0.71,1.26,9.92,609.74
44450.83,20.35,17.77,0.87,1.13,9.68,610.05
44450.88,20.34,17.69,0.92,0.86,10,610.18
44450.92,19.61,17.85,0.71,0.88,10,610.62
44450.96,17.57,17.39,0.86,0.83,10,610.84
44451,17.65,17.23,0.64,1.2,10,610.9
44451.04,17.35,17.03,0.4,0.51,10,610.83
44451.08,17.43,17.07,0.06,0.92,10,610.44
44451.12,17.41,17.09,0.66,0.01,10,610.04
44451.17,17.13,16.96,0.59,0.51,10,609.63
44451.21,17.19,17.03,0.14,3.13,9.2,609.43
44451.25,17.11,16.59,0.33,0.37,6.88,609.81
44451.29,17.15,16.69,0.69,0.98,10,609.98
44451.33,16.72,16.35,0.77,1,9.68,610.62
44451.38,15.89,15.66,0.72,0.96,10,610.98
44451.42,19.72,16.89,1.02,0.81,8.96,611.15
44451.46,19.79,16.48,0.94,0.74,10,611.08
44451.5,19.84,16.93,1.06,0.81,10,610.81
44451.54,21.99,17.71,1.18,0.73,10,610.4
44451.58,21.51,18.01,1.39,0.81,9.37,609.83
44451.62,21.78,18.37,1.48,0.82,9.12,609.78
44451.67,21.15,18.63,1.45,0.78,9.88,609.32
44451.71,20.06,18.03,1.41,0.79,9.6,609.57
44451.75,18.71,17.16,1.47,0.63,9.89,609.85
44451.79,19.13,16.52,0.81,0.63,10,610.29
44451.83,19.29,16.94,1.15,0.52,10,610.77
44451.88,19.14,17.06,0.78,0.44,10,611.22
44451.92,18.87,17.36,0.63,0.41,10,611.64
44451.96,17.85,17.02,0.5,0.36,9.96,611.74
44452,18.03,17.29,0.43,0.17,10,611.79
44452.04,17.71,17.04,0.55,0.24,10,611.76
44452.08,17.77,17.1,0.57,2.93,10,611.67
44452.12,17.69,17.12,0.54,2.9,10,611.46
44452.17,17.29,17.07,0.46,2.8,10,611.29
44452.21,17.41,17.1,0.53,2.65,10,611.48
44452.25,17.01,16.79,0.77,3.14,10,611.67
44452.29,17.01,16.71,0.74,0.3,10,612.03
44452.33,16.91,16.65,0.53,3.08,10,612.52
44452.38,16.97,16.54,0.23,2.75,10,612.76
44452.42,19.09,16.48,0.3,1.75,10,613.08
44452.46,19.9,16.37,0.27,1.67,9.98,613.14
44452.5,20.46,17.03,0.62,1.94,9.95,612.89
44452.54,23.39,17.76,0.75,2.17,9.99,612.42
44452.58,22.97,17.85,0.84,2.43,10,611.84
44452.62,22.31,17.69,0.85,2.56,10,611.38
44452.67,22.43,18.04,1.03,3.06,9.98,610.95
44452.71,22.16,18.07,1.13,0.3,9.91,610.8
44452.75,21.26,16.68,1.63,0.67,8.49,610.48
44452.79,20.95,17.22,1.33,0.18,6.91,611.14
44452.83,20.46,17.39,1.12,0.85,9.52,611.91
44452.88,20.84,17.71,0.63,0.94,10,612.43
44452.92,20.52,17.68,0.32,0.22,8,612.91
44452.96,19.08,17,0.37,0.66,8.4,613.02
44453,18.92,17.06,0.48,2.44,9.92,612.99
44453.04,18.64,17.1,0.59,1.99,9.92,613.32
44453.08,18.52,17.03,0.63,1.48,9.84,613.23
44453.12,18.39,17.08,0.86,1.12,9.6,613
44453.17,18.2,16.97,1.18,0.94,8.89,612.87
44453.21,17.89,16.82,1.29,0.93,5.74,612.71
44453.25,16.71,15.94,1.24,0.87,6.36,612.75
44453.29,16.74,15.86,1.41,0.86,2.6,612.8
44453.33,17.59,16.55,0.88,1.02,2.79,613.35
44453.38,18.6,17.41,0.69,1.14,3.73,613.65
44453.42,22.78,17.45,0.73,1.63,4.61,613.79
44453.46,23.09,17.01,0.94,1.44,4.45,613.68
44453.5,23.02,17.02,1.03,1.67,3.68,613.5
44453.54,24.5,16.87,1.08,2.42,3.53,613.18
44453.58,24.41,17.12,1.35,2.78,3.61,612.61
44453.62,23.09,17.17,0.72,0.9,9.32,612.75
44453.67,21.89,17.57,0.93,0.78,9.56,612.1
44453.71,21.73,17.71,1.22,0.51,9.09,612.06
44453.75,20.82,17.48,0.86,0.13,8.31,611.19
44453.79,20.42,18.24,1.23,0.53,8.92,611.92
44453.83,20.28,17.52,1.28,0.72,8.91,612.61
44453.88,20.18,17.46,0.87,0.25,9.28,613.36
44453.92,19.62,17.31,0.69,0.59,9.36,613.54
44453.96,17.33,16.48,0.97,2.95,9.6,613.85
44454,17.72,16.36,0.79,2.49,10,613.77
44454.04,17.03,15.9,0.87,1.02,9.96,613.67
44454.08,16.8,15.59,1.2,0.93,9.95,613.14
44454.12,16.93,15.44,1.27,1.02,10,612.67
44454.17,16.26,15.13,1.35,0.99,10,612.32
44454.21,15.8,14.82,1.32,0.97,10,612.14
44454.25,16.22,15.94,1.07,1.29,9.84,612.25
44454.29,15.84,15.57,0.99,0.85,9.44,612.44
44454.33,16.64,16.42,0.62,1.16,8.56,612.93
44454.38,18.02,17.2,0.64,1.9,6.24,613.07
44454.42,22.4,17.75,0.95,1.96,6.92,613.13
44454.46,22.87,17,1.06,1.69,6.81,613.1
44454.5,23.51,16.69,0.86,1.65,5.27,612.82
44454.54,25.35,16.15,0.68,2.51,4.61,612.53
44454.58,25.28,15.92,0.92,3.01,3.85,611.78
44454.62,24.54,15.78,1.1,3.08,4.58,611.6
44454.67,24.2,16.83,1.39,0.58,7.1,611.17
44454.71,23.84,17.3,1.17,1.06,8.37,611.23
44454.75,20.42,17.42,1.36,1.07,9.17,610.67
44454.79,19.97,17.78,1,1.25,9.6,611.45
44454.83,19.86,17.91,0.77,0.82,10,611.86
44454.88,19.95,18.08,0.61,0.98,10,612.72
44454.92,19.69,17.7,0.68,0.74,10,613.12
44454.96,17.85,17.11,0.37,2.83,10,613.29
44455,17.9,17.25,0.56,0.75,10,613.05
44455.04,17.73,16.86,0.51,0.06,10,612.85
44455.08,17.69,16.9,0.41,1.87,10,612.38
44455.12,17.85,16.98,0.2,0.1,10,612.03
44455.17,17.26,16.8,0.36,0.36,10,611.58
44455.21,17.38,16.92,0.2,0.97,10,611.5
44455.25,17.32,16.93,0.93,0.41,9.76,611.83
44455.29,17.33,16.91,0.75,0.88,9.92,612.08
44455.33,17.2,16.95,0.33,1.57,10,612.3
44455.38,17.65,17.29,0.21,2.15,10,612.57
44455.42,19.24,17.75,0.84,0.5,9.92,612.53
44455.46,19.79,18.9,1.27,0.65,9.76,612.79
44455.5,19.86,19.05,1.55,0.67,10,612.5
44455.54,21.07,19.29,1.6,0.7,10,611.99
44455.58,20.07,17.42,1.66,0.79,10,611.64
44455.62,19.81,17.23,1.75,0.99,10,611.01
44455.67,18.34,16.76,1.77,0.92,10,610.92
44455.71,18.85,17.03,1.56,0.77,10,611.24
44455.75,17.22,16.76,1.74,0.87,10,610.36
44455.79,16.97,16.15,1.27,0.9,10,611.82
44455.83,17.19,16.1,1.41,0.82,10,611.95
44455.88,17.17,15.97,1.29,1.06,10,612.62
44455.92,16.88,15.6,0.86,1.05,10,612.62
44455.96,15.82,15.24,0.74,0.94,9.99,612.69
44456,16,15.26,0.71,1.08,10,612.67
44456.04,15.8,15.41,0.59,1.03,10,612.41
44456.08,15.9,15.42,0.49,0.72,10,612.18
44456.12,15.91,15.49,0.29,0.66,9.97,611.79
44456.17,15.47,15.25,0.26,0.59,10,611.37
44456.21,15.73,15.28,0.1,0.91,10,611.16
44456.25,15.99,15.16,0.41,1.08,9.99,611.18
44456.29,16.02,15.1,0.26,2.09,9.84,610.98
44456.33,15.91,14.96,0.24,0.4,9.84,611.63
44456.38,15.84,14.49,0.63,0.01,9.96,611.95
44456.42,18.72,14.85,0.86,2.91,9.91,612.11
44456.46,18.69,14.78,0.91,3.14,9.6,612.03
44456.5,18.5,14.3,1.12,0.25,9.92,611.69
44456.54,20.96,14.99,1.46,0.33,10,611.25
44456.58,20.82,15.16,1.6,0.48,10,610.78
44456.62,20.91,15.65,1.7,0.65,10,610.18
44456.67,20.91,15.89,1.75,0.6,10,609.92
44456.71,20.62,16.06,1.88,0.63,10,609.65
44456.75,18.59,15.84,1.62,0.61,10,608.91
44456.79,18.44,15.74,1.1,0.66,10,610.19
44456.83,18.25,15.83,0.93,0.81,10,610.52
44456.88,18.13,15.99,1.25,0.51,10,611.32
44456.92,17.67,16.28,1.1,0.63,10,611.71
44456.96,16.18,16.01,1.04,0.86,10,611.76
44457,16.16,15.99,0.99,0.7,10,611.71
44457.04,16.05,15.74,1.03,0.38,10,611.3
44457.08,15.94,15.68,0.83,0.34,10,611.01
44457.12,15.99,15.69,0.91,0.4,10,610.72
44457.17,15.85,15.78,0.81,0.16,10,610.27
44457.21,15.97,15.81,0.61,3.07,10,609.9
44457.25,16.17,15.84,0.49,2.86,10,609.72
44457.29,16.16,15.85,1.01,2.03,10,609.92
44457.33,15.91,15.72,1.06,2.03,10,610.12
44457.38,16.25,15.69,0.99,2.24,10,610.25
44457.42,19.48,16.51,0.84,2.68,10,610.39
44457.46,19.75,16.78,0.92,2.95,8.72,610.43
44457.5,19.8,16.82,1.26,0.34,8.4,610.01
44457.54,20.86,17.41,1.55,0.31,7.52,609.71
44457.58,20.67,17.86,1.68,0.43,7.6,609.49
44457.62,20.39,17.5,1.69,0.51,9.04,609.14
44457.67,19.79,17.3,1.91,0.72,10,608.92
44457.71,19.25,17.56,1.85,0.97,10,609.18
44457.75,17.03,17.03,1.77,0.74,10,609.16
44457.79,17.26,16.59,1.62,0.68,10,609.43
44457.83,17.31,16.22,1.67,0.82,10,610.38
44457.88,17.23,15.88,1.36,0.78,10,611.49
44457.92,16.79,15.64,1.44,0.89,10,612.05
44457.96,15.38,14.85,1.5,0.9,10,612.35
44458,15.27,14.72,1.55,0.93,10,612.67
44458.04,14.88,14.32,1.52,1.05,10,612.78
44458.08,15.03,14.47,1.36,1.02,10,612.72
44458.12,15.15,14.46,1.09,1.08,10,612.34
44458.17,14.52,14.41,0.74,1.03,10,612.36
44458.21,14.66,14.53,0.67,1.27,10,612.48
44458.25,13.74,13.59,0.83,1.1,10,612.85
44458.29,13.88,13.77,0.05,1.48,10,613.03
44458.33,13.71,13.6,0.1,2.66,9.99,613.51
44458.38,13.75,13.65,0.76,2.49,9.89,613.99
44458.42,15.46,13.92,0.6,1.87,9.85,614.26
44458.46,16.16,13.61,0.79,1.2,9.35,614.57
44458.5,16.99,13.45,0.95,0.61,9.54,614.5
44458.54,19.53,13.16,1.24,0.35,9.25,613.76
44458.58,20.16,13.17,1.29,0.17,8.83,613.14
44458.62,20.42,13.02,1.24,3.03,7.27,612.64
44458.67,21.35,13.02,1.22,2.85,4.91,612.25
44458.71,21.16,13.12,1.2,3.01,3.8,612.15
44458.75,18.82,12.24,1.57,0.02,2.91,612.27
44458.79,19.76,11.24,1.41,0.46,1.65,611.75
44458.83,19.64,11.58,1.13,0.33,1.11,612.86
44458.88,19.17,11.84,0.86,0.38,0.71,613.26
44458.92,18.4,12.3,0.48,1.35,1.59,614.1
44458.96,15.77,11.75,0.43,0.1,0.55,614.36
44459,15.21,11.82,0.39,0.47,0.57,614.65
44459.04,14.84,12.03,0.24,0.31,0.57,614.44
44459.08,14.48,12.1,0.47,0.22,0.91,614.21
44459.12,14.4,12.11,0.38,0.37,1.54,614.08
44459.17,13.63,11.69,0.28,0.6,1.87,613.94
44459.21,13.36,11.76,0.17,0.94,1.75,614.13
44459.25,15.37,12.86,0.28,0.92,1.75,614.71
44459.29,15.27,12.87,0.74,0.85,3.19,614.59
44459.33,14.69,12.88,0.91,0.82,3.4,614.87
44459.38,15.02,12.49,0.85,0.92,4.07,615.13
44459.42,20.33,13.8,0.96,1.07,4.2,615.26
44459.46,20.26,13.6,1.09,1.12,4.43,615.08
44459.5,20.51,13.46,1.08,1.22,3.47,614.54
44459.54,24.01,12.22,0.96,1.34,2.78,613.8
44459.58,24.4,11.81,0.73,1.53,2.42,613.12
44459.62,24.86,11.28,0.63,1.88,2.18,612.38
44459.67,25.79,10.22,0.69,2.63,1.77,611.63
44459.71,25.93,9.32,1.03,2.93,1.75,611.28
44459.75,21.66,10.69,1.23,3.13,0.47,610.89
44459.79,22.41,9.07,1.3,0.32,2.94,611
44459.83,22.38,10.03,1.33,0.53,1.84,611.64
44459.88,22.05,10.46,1.36,0.79,1.17,612.2
44459.92,20.92,10.84,1.29,0.89,1.45,613.02
44459.96,17.69,11.25,1.09,0.9,1.13,613.42
44460,17.4,11.25,0.87,1.14,1.23,613.54
44460.04,16.55,11.72,0.57,2.66,1.17,613.5
44460.08,16.11,11.59,0.21,0.7,0.79,613.47
44460.12,15.78,11.49,0.39,0.8,0.79,613.07
44460.17,14.91,11.1,0.78,0.76,0.85,612.95
44460.21,14.59,10.93,0.95,0.81,1.36,612.78
44460.25,14.94,11.93,1.29,0.85,2.74,613.08
44460.29,14.31,11.66,1.48,0.84,2.62,612.88
44460.33,13.82,11.62,1.35,0.83,0.61,613.07
44460.38,15.16,12.32,0.96,0.84,0.37,613.19
44460.42,22.36,13.34,0.83,0.95,0.04,613.2
44460.46,22.97,12.72,0.65,1.26,0,612.87
44460.5,23.51,12.62,0.61,1.78,0.11,612.62
44460.54,26.6,12.23,0.69,2.12,0.65,611.71
44460.58,26.99,12.32,0.83,2.4,1.91,611.21
44460.62,26.92,12.12,1.07,2.58,1.79,610.36
44460.67,27.41,11.43,1.3,2.67,1.95,609.84
44460.71,27.19,11.47,1.21,0.15,3.1,609.48
44460.75,23.38,12.93,1.3,0.69,2.64,609.93
44460.79,23.02,12.69,1.54,1.16,4.49,609.88
44460.83,23.28,12.98,1.45,0.77,5.15,610.07
44460.88,22.87,13.62,1.33,0.76,5.67,610.9
44460.92,21.82,14.39,1.31,0.71,4.81,611.33
44460.96,18.93,14.74,1.04,0.65,4.58,611.66
44461,18.8,15.05,0.68,0.49,5.14,611.57
44461.04,18.4,15.11,0.51,2.35,5.07,611.53
44461.08,18.09,15,0.52,1.32,4.8,611.18
44461.12,17.79,14.77,0.71,1,4.66,610.79
44461.17,17.05,14.71,0.78,0.86,3.04,610.66
44461.21,16.88,14.37,0.87,0.87,2.55,610.39
44461.25,16.94,15.3,1.12,1.14,2.56,610.29
44461.29,16.68,15,1.42,0.94,2.88,610.71
44461.33,16.32,14.79,1.31,0.93,3.36,610.88
44461.38,17.88,15.12,1.09,1.02,1.87,611.03
44461.42,22.97,14.95,0.98,1.26,1.13,611.23
44461.46,24.12,14.87,1.06,1.55,1.17,611.02
44461.5,24.32,14.45,1.17,1.72,1.23,610.67
44461.54,26.52,14,1.29,1.82,1.78,610.29
44461.58,26.22,13.48,1.26,1.92,3.61,609.49
44461.62,26.47,13.27,1.15,2,5.02,609.06
44461.67,26.78,13.2,1.15,2.57,3.47,608.74
44461.71,26.74,13.36,1.13,2.86,4.86,608.53
44461.75,22.67,14.55,0.96,0.53,3.99,609.03
44461.79,23.4,14.01,1.23,0.89,4.83,609.25
44461.83,22.99,14.71,1.04,0.67,6.11,609.64
44461.88,22.75,15.24,1.15,0.75,5.21,609.98
44461.92,21.87,15.73,0.99,0.85,5.76,610.71
44461.96,19.69,15.66,0.71,0.77,5.6,610.98
44462,19.61,15.79,0.55,0.08,6,611.12
44462.04,19.36,15.79,0.64,2.06,5.84,611.15
44462.08,19.12,15.63,0.83,1.29,6.45,610.94
44462.12,18.99,15.34,0.98,1.05,5.19,610.62
44462.17,18.48,15.21,1.06,1.04,4.36,610.43
44462.21,18.37,14.97,1.16,1.1,4.88,610.5
44462.25,18.59,15.33,0.96,1.35,1.8,610.68
44462.29,18.44,15.08,0.9,1.21,1.24,610.86
44462.33,17.93,15.32,0.97,1.05,1.58,611.41
44462.38,18.76,15.75,0.79,1.46,1.79,611.5
44462.42,22.33,15.79,0.87,1.83,1.68,611.95
44462.46,22.89,16.17,0.91,1.82,2.99,611.96
44462.5,23.43,16.12,1.02,1.58,4.07,611.86
44462.54,25.38,15.77,0.88,1.9,3.16,611.52
44462.58,25.41,15.58,0.76,2.76,5.11,611.11
44462.62,24.97,15.46,1.09,3.04,4.8,610.88
44462.67,24.62,15.98,1.26,0.07,5.56,610.74
44462.71,23.68,16.23,1.2,0.23,5.27,610.33
44462.75,21.44,16.19,1.41,0.74,6.67,610.13
44462.79,20.82,17.46,1.4,0.83,7.36,610.9
44462.83,20.68,17.34,1.26,0.75,8.96,611.68
44462.88,21.29,17.44,0.79,1.05,9.28,612
44462.92,20.84,17.5,0.66,0.4,9.84,612.53
44462.96,19.07,16.77,0.44,2.86,9.92,612.55
44463,18.85,16.59,0.05,0.99,10,612.66
44463.04,18.59,16.27,0.77,0.97,9.92,612.61
44463.08,18.32,16.23,1.14,0.89,9.92,612.34
44463.12,17.46,15.82,1.37,0.85,9.92,612.2
44463.17,16.83,15.33,1.56,0.89,10,612.01
44463.21,16.78,15.05,1.67,0.92,10,611.77
44463.25,17.16,15.18,1.52,1.09,8.82,611.22
44463.29,17.41,15,1.55,0.99,5.66,611.72
44463.33,18.22,15.65,1.34,0.96,5.36,612.02
44463.38,19.55,16.74,1.22,1.06,3.5,612.05
44463.42,24.02,16.54,1.33,1.03,1.75,611.98
44463.46,24.42,16.4,1.34,1.17,1.78,611.78
44463.5,24.91,16.34,1.45,1.2,5.11,611.48
44463.54,27.11,15.41,1.41,1.34,2.24,611.08
44463.58,27.22,15.23,1.36,1.43,3.29,610.55
44463.62,27.66,15.4,1.36,1.49,3.29,610.07
44463.67,27.11,15,1.21,1.62,2.59,609.71
44463.71,26.98,14.88,0.93,2.2,3.15,609.43
44463.75,24.44,15.23,1.08,0.01,3.55,609.64
44463.79,24.86,14.23,1.31,0.18,3.14,609.58
44463.83,24.47,14.93,1.21,0.46,3.46,610.26
44463.88,24.06,15.45,1.22,0.57,4.09,611
44463.92,23.36,16.07,1.15,1.08,6.96,611.54
44463.96,21.16,16.13,0.74,1.36,8.48,611.62
44464,20.89,16,0.12,1.4,8.88,611.82
44464.04,20.41,15.83,0.98,1.83,9.6,611.58
44464.08,19.86,15.68,1.12,1.22,9.1,611.38
44464.12,19.88,15.42,1.37,1.08,7.49,610.87
44464.17,19.17,15.14,1.5,1.02,3.81,610.85
44464.21,18.72,14.8,1.63,1.04,1.72,610.61
44464.25,17.83,14.43,1.52,1.11,2.01,610.61
44464.29,17.91,14.25,1.59,1.09,1.85,610.95
44464.33,18.65,14.88,1.43,1.03,2.21,611.57
44464.38,19.94,16.06,1.25,1.1,2.64,611.69
44464.42,24.45,16.27,1.37,1.1,2.06,611.74
44464.46,25.27,16.22,1.57,1.09,3.99,611.54
44464.5,25.34,16.04,1.63,1.14,4.52,611.28
44464.54,27.91,14.92,1.72,1.12,3.91,610.78
44464.58,27.82,14.66,1.64,1.2,3.85,610.33
44464.62,27.97,14.51,1.41,1.3,2.3,610.06
44464.67,27.84,14.59,1.24,1.47,3.11,609.89
44464.71,27.68,14.56,0.81,1.86,2.89,609.73
44464.75,25.18,14.68,0.48,0.61,3.68,609.35
44464.79,25.56,13.63,0.93,0.17,3.75,610.17
44464.83,25.2,13.89,0.89,0.8,4.98,610.53
44464.88,25.03,14.25,0.9,0.57,6.79,611.1
44464.92,24.4,14.65,0.91,0.86,8.8,611.7
44464.96,21.74,15.13,1.15,0.02,9.6,612.04
44465,21.33,14.99,0.82,1.68,9.84,612.08
44465.04,20.46,14.98,1.07,1.17,9.84,611.77
44465.08,19.93,14.8,1.48,1.02,9.99,611.48
44465.12,19.73,14.63,1.51,1.09,9.73,611.24
44465.17,18.72,14.43,1.54,1.01,9.65,611.02
44465.21,18.56,14.24,1.59,0.99,8.73,611.1
44465.25,18.11,14.08,1.63,1.03,6.11,611.82
44465.29,17.87,14.01,1.68,1.02,4.54,611.82
44465.33,18.97,14.77,1.45,1.01,4.84,612.24
44465.38,19.93,16.08,1.02,1.01,5.21,612.52
44465.42,23.6,16.04,0.95,1.15,6.98,612.8
44465.46,23.98,16.18,1.07,1.24,7.88,612.76
44465.5,24.5,15.87,0.95,1.25,8.87,612.68
44465.54,26.44,14.75,0.65,1.86,4.71,612.16
44465.58,26.27,14.58,0.99,0.54,7.43,612.07
44465.62,25.73,14.82,1.41,0.35,8.83,612
44465.67,24.62,15.83,1.44,0.76,9.41,612
44465.71,23.72,16.86,1.48,0.71,9.72,612.02
44465.75,18.73,16.08,1.26,0.13,10,611.44
44465.79,18.87,16.22,0.82,0.42,10,612.57
44465.83,19.12,16.31,0.63,0.79,10,613.17
44465.88,19.43,16.79,0.52,0.94,10,613.73
44465.92,19.03,16.85,0.63,0.9,10,614.26
44465.96,16.87,15.8,0.66,0.27,10,614.37
44466,17.03,16,0.88,0.35,10,614.48
44466.04,16.79,15.95,0.89,0.28,10,614.39
44466.08,17.04,16.03,0.65,0.18,10,614.06
44466.12,17.21,16.27,0.79,0.3,10,613.72
44466.17,16.67,15.53,0.67,0.03,10,613.61
44466.21,16.51,15.74,0.6,2.81,10,613.44
44466.25,16.85,16.32,0.53,3.14,10,613.67
44466.29,16.86,16.36,0.66,0.16,10,613.78
44466.33,16.44,16.12,0.76,0.19,10,614.03
44466.38,15.74,15.59,0.75,0.12,10,614.35
44466.42,18.78,15.44,0.75,2.91,10,614.13
44466.46,19.2,15.54,0.64,2.61,10,613.98
44466.5,19.6,14.9,0.52,2.39,8.88,613.31
44466.54,23.19,15.28,0.52,2.5,8.34,612.62
44466.58,23.47,15,0.7,2.69,7.08,611.95
44466.62,23.04,15.05,1.01,2.91,7.75,611.02
44466.67,22.46,15.4,1.2,2.88,6.56,610.74
44466.71,22,15.94,1.36,0.08,5.76,610.36
44466.75,20.74,16.64,1.72,0.38,6.77,610.39
44466.79,19.68,16.7,1.45,0.62,7.76,610.83
44466.83,19.54,16.8,1.18,0.42,8.96,611.14
44466.88,19.49,16.78,1.25,0.41,9.6,611.35
44466.92,19.05,16.92,1.18,0.47,9.92,611.87
44466.96,17.25,16.53,1.12,0.62,10,612.13
44467,17.04,16.51,0.71,0.52,10,612.09
44467.04,16.67,16.39,0.99,0.62,10,612.07
44467.08,16.72,16.31,1.05,0.79,10,612.06
44467.12,16.72,16.24,0.93,0.82,10,611.98
44467.17,15.91,15.89,1.07,0.73,10,612.15
44467.21,16.15,15.98,0.97,0.8,10,612.15
44467.25,16.76,16.15,1.07,0.68,10,612.26
44467.29,17.05,16.31,1.09,1.14,10,612.88
44467.33,16.24,15.73,1.12,0.92,10,613.31
44467.38,15.23,15.2,1.14,0.82,10,613.88
44467.42,17.34,16.03,1.09,0.82,10,614.32
44467.46,16.71,15.77,1.13,0.88,10,614.59
44467.5,16.07,15.74,1.18,0.97,10,614.53
44467.54,17.44,16.08,0.97,0.93,10,614.31
44467.58,17.78,16.14,0.54,0.96,9.97,614.01
44467.62,17.79,15.34,0.64,1.8,9.96,613.57
44467.67,18.59,14.33,0.25,2.04,9.85,613.33
44467.71,19.04,14,0.41,1.97,9.05,613.01
44467.75,16.5,13.91,0.59,1.39,8.45,613.61
44467.79,17.41,13.83,0.42,0.35,9.56,613.31
44467.83,17.19,14.06,0.82,0.73,8.74,613.83
44467.88,16.84,13.98,0.88,0.51,7.63,614.07
44467.92,16.13,13.83,1.02,0.64,7.03,614.49
44467.96,14.19,12.64,1.2,0.75,6.06,614.53
44468,14.08,12.64,1.28,0.72,1.76,614.45
44468.04,13.73,12.39,1.23,0.76,0.46,614.22
44468.08,13.5,12.39,1.24,0.79,0.26,613.98
44468.12,13.18,12,1.23,0.78,8,613.68
44468.17,10.48,9.56,1.33,0.77,9.62,613.43
44468.21,10.53,9.5,1.09,0.77,10,613.44
44468.25,9.67,8.82,1.44,0.67,10,613.56
44468.29,9.25,8.03,1.67,0.72,10,613.59
44468.33,8.78,7.65,1.71,0.73,10,613.87
44468.38,9.78,9.43,1.5,0.77,9.7,614
44468.42,17.43,14.97,1.26,0.85,7.9,614.24
44468.46,19.39,15.03,0.91,1.25,2.56,614.04
44468.5,21.22,11.9,0.78,1.83,0,613.78
44468.54,25.06,9.25,0.7,2.49,0,613.1
44468.58,25.47,8.97,0.93,2.94,0,612.41
44468.62,25.6,8.98,1.2,3.05,0,611.91
44468.67,26.29,8.76,1.39,3.08,0,611.42
44468.71,26.08,9.1,1.49,0.14,0,610.99
44468.75,21.9,10.51,1.3,0.53,0,611.11
44468.79,22.97,7.08,1.32,0.66,0.08,611.15
44468.83,22.32,7.85,1.11,0.54,0.75,611.59
44468.88,21.6,8.36,1.18,0.68,2.19,612.12
44468.92,20.44,8.96,1.07,0.79,2.62,612.75
44468.96,16.6,9.53,1,1.04,2.79,613.23
44469,16.26,9.58,0.69,0.77,2.38,613.29
44469.04,15.76,9.59,0.53,1.08,1.97,613.2
44469.08,15.2,9.53,0.29,0.61,2.05,613.01
44469.12,14.85,9.48,0.44,0.39,2.92,612.77
44469.17,13.57,9.71,0.36,0.53,1.89,612.67
44469.21,13.47,9.6,0.21,0.81,2.92,612.59
44469.25,13.69,10.52,0.92,0.75,2.64,612.79
44469.29,13.49,10.31,1.17,0.87,1.77,612.63
44469.33,13.04,10.37,0.94,0.68,1.73,613.02
44469.38,14.35,11.46,0.39,0.56,1.76,613.16
44469.42,20.88,13.08,0.14,0.4,1.16,613.18
44469.46,21.57,13.11,0.49,2.92,0.95,613.22
44469.5,22.05,13.26,0.75,2.67,0.35,612.85
44469.54,26.07,13.53,0.92,2.74,0.57,612.11
44469.58,26.28,13.56,0.97,2.83,1.33,611.24
44469.62,26.51,13.79,1.06,3.09,1.29,610.82
44469.67,26.64,13.63,1.28,0.22,1.95,610.22
44469.71,26.48,14.1,1.66,0.46,1.91,610.17
44469.75,22.99,15.13,1.44,0.63,4.33,610.69
44469.79,22.34,15.03,1.74,0.72,5.55,610.79
44469.83,22.7,15.12,1.41,0.6,6.23,611.29
44469.88,23.02,15.14,1.35,0.59,6.46,611.84
44469.92,22.07,15.8,1.27,0.68,5.63,612.45
44469.96,18.94,15.76,1.08,0.91,5.37,612.72
44470,18.3,15.85,0.77,0.92,4.95,612.83
44470.04,17.75,15.9,0.56,1.27,5.16,612.68
44470.08,17.41,15.98,0.55,1.23,3.46,612.5
44470.12,17.32,16.13,0.2,2.9,3.23,612.45
44470.17,16.25,15.81,0.17,1.19,8.95,612.33
44470.21,16.4,15.81,0.57,1.4,8.96,612.33
44470.25,17.29,16.13,0.75,1.08,9.95,612
44470.29,17.09,16.13,0.85,0.88,9.69,612.03
44470.33,16.8,15.89,0.84,0.96,9.2,612.44
44470.38,16.44,15.24,0.85,1.24,6.93,612.7
44470.42,21.56,16.08,0.83,1.36,7.33,612.83
44470.46,21.92,15.98,0.72,1.77,6.03,612.76
44470.5,22.85,15.85,0.65,2.51,9.19,612.52
44470.54,26.87,15.24,0.73,2.7,8.71,611.64
44470.58,26.72,15.23,1.05,2.8,5.98,611
44470.62,26.83,15.29,1.36,2.96,3.06,610.26
44470.67,26.76,15.29,1.52,3.12,2.57,609.9
44470.71,26.62,15.6,1.71,0.28,3.28,609.62
44470.75,22.54,16.89,1.7,0.6,2.7,609.57
44470.79,21.03,17.47,1.98,0.7,5.12,610.15
44470.83,21.18,18.01,1.74,0.67,6.48,610.83
44470.88,21.42,18.17,1.47,0.81,8.8,611.69
44470.92,21.15,18.41,1.27,0.87,10,612.71
44470.96,19.16,18.2,0.55,0.55,10,612.92
44471,19.27,18.18,0.36,2.1,9.68,612.93
44471.04,19.43,17.88,0.48,2.15,10,612.82
44471.08,19.31,18.05,0.63,1.87,9.44,612.34
44471.12,19.78,18.26,0.62,1.39,9.92,612.09
44471.17,18.75,17.97,0.43,1.13,8.95,611.85
44471.21,18.62,17.84,0.68,1.1,7.56,611.51
44471.25,18.28,17.41,1.03,1.42,6.64,611.54
44471.29,18.25,17.31,1.21,1.31,4.16,611.42
44471.33,17.89,17.18,1.08,1.01,2.3,611.66
44471.38,18.38,17.15,1.06,1.07,1.09,611.66
44471.42,23.92,17.33,1.12,1.15,0.54,611.81
44471.46,24.55,16.68,1.18,1.24,0.82,611.53
44471.5,24.99,16.34,1.39,1.16,2.11,610.99
44471.54,27.93,14.93,1.43,1.23,3.3,610.34
44471.58,28.18,14.66,1.42,1.37,2.42,609.39
44471.62,28.45,14.36,1.4,1.56,0.85,608.79
44471.67,29.01,13.83,1.38,1.82,0.76,608.28
44471.71,29.23,13.47,1.28,2.1,1.29,607.96
44471.75,25.89,19.22,0.94,2.73,2.33,607.73
44471.79,26.78,12.82,1.04,0.16,1.43,607.95
44471.83,26.27,13.2,1.15,0.15,2.65,608.32
44471.88,25.72,13.37,1.09,2.97,2.41,608.89
44471.92,24.59,13.57,0.82,2.64,3.32,608.95
44471.96,22.14,13.63,0.73,1.84,3.24,609
44472,21.72,13.37,0.78,1.46,2.1,608.9
44472.04,21.1,13.42,0.86,1.25,1.73,608.91
44472.08,20.04,13.44,1.14,1.18,1.64,608.52
44472.12,19.53,13.8,1.42,1.09,1.62,608.54
44472.17,18.57,13.6,1.64,1.12,1.48,608.03
44472.21,18.31,13.5,1.73,1.09,1.35,608.11
44472.25,18.52,14.25,1.6,1.23,2.72,608.08
44472.29,18.01,14.04,1.68,1.22,1.5,608.3
44472.33,19.03,14.62,1.29,1.1,1.43,608.7
44472.38,19.83,15.67,1.44,1.16,1.52,609.07
44472.42,24.59,16.23,1.54,1.15,1.69,609.2
44472.46,25.09,16.16,1.64,1.16,0.8,609.09
44472.5,25.28,15.63,1.65,1.13,1.93,608.74
44472.54,28.21,14.66,1.63,1.11,2.33,608.15
44472.58,28.38,14.23,1.53,1.2,3.57,607.48
44472.62,28.67,13.75,1.32,1.31,4.39,606.89
44472.67,28.82,13.16,1.19,1.65,3.39,606.82
44472.71,28.71,13.06,0.62,2.5,4.38,606.82
44472.75,26.07,13.15,0.58,0.81,4.57,607.13
44472.79,26.59,12.67,1.24,0.59,4.69,607.55
44472.83,26.25,12.99,1.29,0.46,4.57,608.19
44472.88,25.62,13.84,0.89,0.39,4.86,608.68
44472.92,24.63,14.44,0.79,2.91,5.71,608.69
44472.96,22.28,15.12,0.81,2.96,7.11,609.22
44473,22.18,15.05,1.08,1.35,6.81,609.04
44473.04,21.99,14.96,1.21,1.3,4.04,608.79
44473.08,21.78,14.78,1.4,1.11,3.58,608.61
44473.12,21.51,14.44,1.47,1.07,3.09,608.53
44473.17,20.89,14.39,1.54,1.1,3.34,608.31
44473.21,20.76,14.24,1.59,1.01,2.92,608.45
44473.25,19.19,14.76,1.15,1.39,2.37,608.54
44473.29,18.59,14.95,1.2,1.29,3.61,609.39
44473.33,19.24,15.62,0.99,1.17,2.96,609.47
44473.38,20.96,17.08,1.03,1.19,2.39,609.78
44473.42,24.67,17.74,1.12,1.29,1.57,610.33
44473.46,25.16,17.23,1.38,1.25,2.15,610.44
44473.5,25.22,16.88,1.49,1.16,5.32,610.21
44473.54,26.6,16.45,1.18,1.39,4.81,609.72
44473.58,26.21,16.88,0.57,2.32,3.78,609.27
44473.62,25.47,17.05,1.32,0.11,4.99,609.28
44473.67,24.16,17.47,1.52,0.39,5.45,609.14
44473.71,23.85,18.06,1.72,0.69,4.75,609.08
44473.75,22.05,17.75,1.05,1.19,9.01,609.14
44473.79,20.95,18.68,0.99,0.34,8.8,610.02
44473.83,20.92,18.83,0.83,0.09,9.04,610.4
44473.88,20.55,18.67,1.07,0.5,9.28,610.97
44473.92,19.88,18.42,1.08,0.67,9.04,611.57
44473.96,17.8,17.37,0.96,0.54,9.28,612.02
44474,17.72,17.13,0.89,0.21,9.36,612.03
44474.04,17.45,16.94,0.87,2.9,9.76,611.73
44474.08,17.22,16.64,0.88,2.53,10,611.69
44474.12,16.97,16.36,0.76,2.05,9.84,611.49
44474.17,16.71,16.42,0.79,2.43,8.88,611.42
44474.21,16.82,16.44,0.77,2.19,8.4,611.45
44474.25,18.32,16.67,0.8,2.8,7.2,611.37
44474.29,18.64,16.33,0.67,2.28,7.12,611.87
44474.33,18.61,16.52,0.76,2.52,4.8,612.1
44474.38,18.49,17.01,0.76,2.82,3.76,612.37
44474.42,21.12,17.7,0.77,2.74,3.92,612.61
44474.46,20.68,17.71,0.81,2.72,4.6,612.46
44474.5,20.6,17.13,0.97,2.89,5.55,612.25
44474.54,22.61,16.97,1.15,3.07,4.73,611.76
44474.58,22.04,17.47,1.47,0.2,3.97,611.24
44474.62,21.43,17.99,1.58,0.28,5.76,610.68
44474.67,21.12,17.71,1.6,0.42,4.64,610.43
44474.71,20.82,17.97,1.68,0.56,4.72,610.41
44474.75,18.68,17.76,1.75,0.58,6.08,610.12
44474.79,18.33,17.85,1.29,0.77,9.28,610.63
44474.83,18.17,17.74,1.59,0.72,10,611.19
44474.88,18.2,17.21,1.58,0.62,10,611.9
44474.92,17.61,17.05,1.41,0.59,10,612.06
44474.96,16.23,16.15,1.34,0.74,10,612.51
44475,16.07,15.95,1.08,0.6,10,612.6
44475.04,15.97,15.72,0.88,0.35,10,612.32
44475.08,16.17,15.79,0.75,0.23,10,611.97
44475.12,16.45,15.86,0.74,0.14,10,611.76
44475.17,16.44,15.86,0.72,0.17,10,611.71
44475.21,16.37,15.9,0.6,0.15,10,611.37
44475.25,16.53,16.09,0.97,0.4,10,610.92
44475.29,16.4,15.89,1.04,0.6,10,611.62
44475.33,15.84,15.65,1.07,0.66,10,611.98
44475.38,15.48,15.45,1.25,0.68,10,612.47
44475.42,18.04,16.79,1.41,0.67,10,612.82
44475.46,17.21,16.29,1.55,0.75,10,612.92
44475.5,17.96,16.03,1.59,0.8,10,613
44475.54,18.01,16.49,1.75,0.73,10,612.58
44475.58,17.54,16.88,1.67,0.78,10,612.33
44475.62,17,16.6,1.74,0.89,10,611.89
44475.67,15.74,15.53,1.61,0.9,10,611.76
44475.71,16.07,15.5,1.52,0.78,10,611.76
44475.75,14.15,13.95,1.57,0.71,9.6,611.64
44475.79,14.19,13.65,1.35,0.78,10,611.78
44475.83,14.28,13.78,1.4,0.8,10,612.4
44475.88,14.53,13.83,1.26,1.01,10,613.19
44475.92,14.2,13.62,0.9,1.01,10,613.24
44475.96,13.59,13.55,0.85,1.15,10,613.36
44476,13.78,13.61,0.76,1.13,10,613.41
44476.04,13.78,13.58,0.76,0.89,10,613.22
44476.08,13.8,13.54,0.71,0.74,9.92,613.04
44476.12,13.8,13.47,0.8,0.71,10,612.8
44476.17,13.77,13.69,0.85,0.75,10,612.37
44476.21,13.73,13.47,0.83,0.74,10,612.48
44476.25,13.52,13.33,0.77,0.71,10,612.41
44476.29,13.59,13.32,0.73,0.83,10,612.52
44476.33,13.48,13.26,0.64,0.75,9.97,612.85
44476.38,13.7,13.53,0.89,0.77,9.93,613.16
44476.42,15.46,14.14,1.28,0.74,9.93,613.44
44476.46,15.15,14.1,1.4,0.64,10,613.3
44476.5,15.37,14.45,1.54,0.66,10,613.27
44476.54,15.63,13.65,1.65,0.66,10,613.01
44476.58,15.87,13.82,1.69,0.62,9.97,612.41
44476.62,15.84,13.05,1.63,0.62,9.89,611.83
44476.67,15.54,12.31,1.61,0.66,9.95,611.49
44476.71,15.59,12.25,1.44,0.64,9.89,611.58
44476.75,14.09,12.22,1.75,0.61,9.89,611.54
44476.79,14.3,12.02,1.29,0.92,10,612.06
44476.83,14.23,11.99,1.15,0.98,9.84,612.65
44476.88,14.58,12.08,1.02,0.86,9.69,612.72
44476.92,14.21,11.94,0.96,0.64,9.12,613.01
44476.96,13.39,11.83,0.83,0.54,9.6,613.22
44477,13.25,11.62,0.69,0.62,9.92,613.04
44477.04,13.03,11.63,0.57,0.37,9.68,612.9
44477.08,13.02,11.62,0.55,0.09,9.76,612.66
44477.12,12.97,11.53,0.51,2.99,9.76,612.26
44477.17,12.89,11.55,0.55,3.01,8.88,612.08
44477.21,13.36,11.47,0.6,2.79,8.96,611.85
44477.25,12.92,12.1,0.57,1.24,9.99,611.76
44477.29,12.86,12.13,0.24,2.35,9.92,611.95
44477.33,12.86,12.06,0.41,0.64,9.24,612.12
44477.38,13.09,11.89,0.71,0.68,10,612.43
44477.42,15.01,12.4,0.96,0.2,10,612.5
44477.46,14.81,12.54,0.99,0.03,10,612.41
44477.5,14.63,12.59,1.03,0.05,10,612.04
44477.54,16.76,13,1.16,3.12,10,611.46
44477.58,17.04,13.39,1.3,3.09,10,610.92
44477.62,17.89,13.85,1.54,0.05,9.28,610.48
44477.67,18.94,14.19,1.68,0.23,10,610.31
44477.71,18.79,14.09,1.68,0.46,10,610.35
44477.75,14.95,13.71,1.58,0.51,8.96,610.65
44477.79,14.96,13.56,1.33,0.78,10,610.59
44477.83,14.9,13.52,1.19,0.69,10,611.34
44477.88,15.02,13.63,1.22,0.68,10,611.95
44477.92,15.01,13.68,1.21,0.67,10,612.24
44477.96,13.78,13.49,1.14,0.68,10,612.66
44478,13.7,13.6,1.05,0.66,10,612.67
44478.04,13.81,13.69,0.96,0.65,10,612.83
44478.08,13.88,13.75,0.92,0.62,10,612.71
44478.12,13.91,13.55,0.85,0.62,10,612.53
44478.17,13.71,13.48,0.79,0.55,10,612.4
44478.21,13.78,13.44,0.76,0.49,10,612.45
44478.25,13.3,13.02,0.91,0.57,10,612.67
44478.29,13.35,13.02,0.95,0.7,10,612.89
44478.33,13.04,12.92,1.14,0.66,10,613.45
44478.38,12.27,12.28,1.14,0.67,10,613.76
44478.42,13.46,12.92,1.31,0.75,10,614.23
44478.46,12.86,12.58,1.3,0.76,10,614.42
44478.5,12.91,12.05,1.2,0.78,10,614.33
44478.54,14.85,12.78,1.24,0.75,10,614.07
44478.58,14.68,12.72,1.27,0.75,10,613.52
44478.62,14.46,12.55,1.32,0.72,10,613.37
44478.67,13.93,12.36,1.52,0.69,10,613.2
44478.71,14.35,12.72,1.53,0.74,10,613.38
44478.75,12.93,12.67,1.3,0.79,10,613.83
44478.79,13.28,12.98,1.08,1,10,614.1
44478.83,13.6,13.04,1.13,0.95,10,614.73
44478.88,13.84,13.1,1.11,0.98,10,614.97
44478.92,13.68,13.12,1.09,0.92,10,615.21
44478.96,12.8,12.51,0.92,1.04,10,615.72
44479,12.93,12.63,0.82,1.25,10,615.67
44479.04,12.86,12.81,0.78,1.38,10,615.49
44479.08,13.07,12.98,0.79,1.41,10,615.27
44479.12,13.26,13.16,0.75,1.28,10,614.94
44479.17,12.82,12.82,0.79,1.1,10,614.93
44479.21,13.04,13.04,0.79,1.04,10,615.01
44479.25,13.09,13.09,0.93,0.81,10,615.67
44479.29,13.23,13.23,0.89,0.91,10,615.13
44479.33,13.29,13.29,1.04,1.08,10,615.7
44479.38,13.23,13.23,1.19,0.99,10,616.12
44479.42,14.26,13.66,1.42,0.99,10,616.49
44479.46,14.07,13.65,1.52,0.88,10,616.71
44479.5,14.24,13.89,1.46,0.87,10,616.67
44479.54,13.98,13.69,1.45,0.89,10,616.11
44479.58,13.48,12.92,1.47,0.96,10,615.76
44479.62,13.44,12.96,1.34,0.97,10,615.51
44479.67,12.57,12.13,1.34,0.98,10,615.47
44479.71,12.38,11.68,1.17,0.95,10,615.55
44479.75,11.35,11.35,1.36,0.9,10,615.76
44479.79,11.57,11.53,1.29,0.69,10,615.65
44479.83,11.64,11.55,1.14,0.9,10,616.42
44479.88,11.42,11.17,1.32,0.8,10,616.8
44479.92,11.15,11.02,1.39,0.86,10,617.03
44479.96,10.34,10.21,1.36,0.96,10,617.2
44480,10.42,10.28,1.26,1.07,10,617.01
44480.04,10.1,9.97,1.19,1.05,10,616.69
44480.08,10.08,9.96,0.87,0.97,10,616.42
44480.12,10.03,9.91,0.83,0.82,10,616.21
44480.17,9.92,9.76,0.94,0.82,10,616.02
44480.21,9.86,9.71,0.73,0.49,10,615.61
44480.25,9.95,9.78,0.76,0.24,10,616
44480.29,9.83,9.67,0.66,0.29,10,615.8
44480.33,9.79,9.63,0.73,0.22,10,615.97
44480.38,9.82,9.65,0.85,0.25,10,616.35
44480.42,11.78,10.34,1.09,0.2,10,616.37
44480.46,12.26,10.42,1.14,0.39,10,616.43
44480.5,12.02,10.27,1.13,0.54,10,616.17
44480.54,14.21,11,1.13,0.56,10,615.36
44480.58,14.58,11.19,1.25,0.37,10,614.7
44480.62,14.82,11.3,1.28,0.26,10,613.9
44480.67,14.65,11.65,1.34,0.24,10,613.71
44480.71,14.52,11.72,1.3,0.27,10,613.62
44480.75,13.02,12.39,1.32,0.35,10,613.62
44480.79,12.89,12.34,1.17,0.52,10,613.73
44480.83,12.91,12.3,1.16,0.41,10,614.2
44480.88,12.72,12.32,1.08,0.58,10,614.48
44480.92,12.5,12.21,1.07,0.61,10,614.74
44480.96,11.98,11.89,1.12,0.6,10,615.11
44481,12,11.93,0.88,0.58,10,615.14
44481.04,11.95,11.89,0.82,0.4,10,615.05
44481.08,11.79,11.76,0.7,0.04,10,614.82
44481.12,11.81,11.78,0.78,2.88,10,614.48
44481.17,11.37,11.37,0.77,2.76,10,614.29
44481.21,11.46,11.46,0.74,3.05,10,614.14
44481.25,11.26,11.26,0.72,3.11,10,614.08
44481.29,11.4,11.39,0.71,0.59,10,614.22
44481.33,11.25,11.23,0.89,0.67,10,614.73
44481.38,10.85,10.85,1.17,0.54,10,614.91
44481.42,12.51,11.98,1.23,0.4,10,615.43
44481.46,12.22,11.77,1.18,0.36,10,615.34
44481.5,12.1,11.27,1.19,0.4,10,615.35
44481.54,13.28,11.72,1.21,0.38,10,614.89
44481.58,13.66,11.95,1.31,0.31,10,614.2
44481.62,13.73,12.02,1.47,0.28,10,614.02
44481.67,13.35,11.91,1.53,0.3,10,613.89
44481.71,13.42,11.92,1.35,0.43,10,614.03
44481.75,12.09,11.96,1.05,0.38,10,613.82
44481.79,12.25,11.8,1.01,0.63,10,614.09
44481.83,12.34,11.87,1.1,0.69,10,614.8
44481.88,12.49,11.82,1.19,0.7,10,615.31
44481.92,12.49,11.65,1.22,0.66,10,615.6
44481.96,11.56,11.3,1.22,0.67,10,616.07
44482,11.48,11.32,1.07,0.69,10,615.97
44482.04,11.47,11.25,0.83,0.77,10,616.1
44482.08,11.55,11.26,0.83,0.62,10,615.81
44482.12,11.63,11.24,0.86,0.54,10,615.74
44482.17,11.49,10.96,0.79,0.66,10,615.82
44482.21,11.56,11.05,0.7,0.91,10,615.43
44482.25,11.33,10.99,0.85,0.65,10,615.76
44482.29,11.32,10.98,1.01,0.67,10,615.96
44482.33,11.12,10.88,1.09,0.63,10,616.51
44482.38,10.84,10.79,1.16,0.57,10,616.87
44482.42,12.55,11.38,0.99,0.55,10,617.21
44482.46,12.77,10.69,1.01,0.42,10,617.05
44482.5,13.55,10.99,1.02,0.37,10,616.86
44482.54,15.97,11.71,1.05,0.52,9.99,616.34
44482.58,16.38,11.8,1.19,0.73,9.99,615.58
44482.62,16.79,11.94,1.28,0.76,10,615.13
44482.67,17.15,11.78,1.5,0.67,10,614.87
44482.71,17.23,11.43,1.64,0.61,10,614.84
44482.75,14.66,11.39,1.61,0.45,9.64,614.81
44482.79,14,11.67,1.41,0.46,8.13,614.84
44482.83,13.94,11.75,0.92,0.52,8.24,615.73
44482.88,13.89,11.92,0.77,0.66,10,616.29
44482.92,13.88,11.95,0.95,0.93,10,616.8
44482.96,12.77,11.82,0.95,1.09,10,616.87
44483,12.74,11.92,0.96,1,10,616.79
44483.04,12.66,12.04,0.92,0.91,10,616.64
44483.08,12.68,12.16,0.84,0.94,10,616.55
44483.12,12.83,12.38,0.76,1.04,10,616.12
44483.17,12.4,12.33,0.81,1.21,10,616.23
44483.21,12.42,12.33,0.88,1.01,10,616
44483.25,12.73,12.61,0.91,0.63,10,616.33
44483.29,12.74,12.63,1.05,0.67,10,616.5
44483.33,12.6,12.54,0.99,0.68,10,616.98
44483.38,12.29,12.27,1.08,0.91,10,617.62
44483.42,12.41,12.4,1.13,1,10,617.82
44483.46,12.78,12.66,1.15,0.97,10,617.72
44483.5,12.77,12.5,1.26,0.91,10,617.54
44483.54,13.18,12.65,1.28,0.91,10,616.95
44483.58,13.43,12.39,1.29,0.95,10,616.28
44483.62,13.55,12.43,1.35,1.04,10,615.78
44483.67,13.35,12.38,1.27,0.87,10,615.57
44483.71,13.25,12.44,1.29,0.59,10,615.8
44483.75,12.7,12.69,0.89,0.44,10,615.83
44483.79,12.69,12.69,1,0.7,10,615.86
44483.83,12.81,12.81,0.99,1.02,10,616.32
44483.88,12.99,12.99,1.1,0.96,10,616.67
44483.92,12.79,12.78,1.31,0.89,10,616.88
44483.96,12.17,12.17,1.23,0.91,10,617
44484,12.12,12.12,1.28,1.01,10,616.57
44484.04,11.9,11.9,1.24,1.08,10,616.57
44484.08,11.82,11.78,1.12,0.94,10,616.2
44484.12,11.71,11.71,1.02,0.86,10,616.1
44484.17,11.24,11.25,1.04,0.89,10,615.92
44484.21,11.22,11.21,1.04,0.87,10,615.87
44484.25,11.44,11.11,1.23,0.79,10,615.93
44484.29,11.45,11.03,1.21,0.9,10,616.3
44484.33,11.29,11.02,1.09,0.84,10,616.49
44484.38,11.23,11.02,1.23,0.8,10,617.28
44484.42,11.45,10.78,1.36,0.85,10,617.6
44484.46,11.33,10.97,1.38,0.94,10,617.64
44484.5,11.12,10.78,1.51,0.89,10,617.52
44484.54,11.4,10.5,1.53,0.88,10,617.09
44484.58,11.28,10.41,1.47,0.85,10,616.78
44484.62,10.82,10.26,1.37,0.76,10,616.4
44484.67,10.27,9.76,1.31,0.78,10,616.23
44484.71,10.13,9.48,1.35,0.78,10,616.43
44484.75,9.04,8.84,1.29,0.62,9.84,616.49
44484.79,9.12,8.89,1.39,0.73,10,616.93
44484.83,8.94,8.7,1.44,0.78,10,617.48
44484.88,8.98,8.74,1.42,0.82,10,618.01
44484.92,8.76,8.51,1.37,0.88,10,618.28
44484.96,8.12,7.93,1.3,0.88,10,618.56
44485,7.95,7.77,1.21,0.92,10,618.41
44485.04,7.84,7.68,1.21,1.01,10,618.39
44485.08,7.88,7.7,1.29,1.02,10,618.43
44485.12,7.8,7.62,1.32,0.99,10,618.43
44485.17,7.24,7.05,1.39,0.95,10,618.59
44485.21,7.25,7.06,1.23,1,10,618.8
44485.25,7.19,7.07,1.11,1,10,618.79
44485.29,7.08,6.95,1.36,0.97,10,619.02
44485.33,7.08,6.94,1.31,0.95,10,619.46
44485.38,6.97,6.82,1.22,0.97,10,620.23
44485.42,7.76,6.49,1.2,0.96,10,620.72
44485.46,8.42,5.88,1.3,0.99,10,620.99
44485.5,8.71,5.82,1.42,1.08,10,620.8
44485.54,9.26,6.01,1.46,1.1,10,620.43
44485.58,9.4,5.99,1.46,1.03,10,619.93
44485.62,9.34,6.07,1.44,0.98,10,619.69
44485.67,8.98,5.88,1.44,0.99,10,619.41
44485.71,8.89,5.91,1.24,1.02,10,619.52
44485.75,7.95,6.21,1.16,0.64,9.92,619.77
44485.79,7.95,6.27,1.23,0.79,10,619.79
44485.83,7.85,6.5,1.12,0.86,10,620.43
44485.88,7.95,6.65,1.2,0.92,10,621
44485.92,7.62,6.88,1.19,0.84,10,621.4
44485.96,6.93,6.65,1.12,0.81,10,621.57
44486,6.9,6.58,0.95,0.88,10,621.4
44486.04,6.81,6.42,0.92,0.79,10,621.06
44486.08,6.73,6.34,0.78,0.83,10,620.74
44486.12,6.78,6.2,0.6,0.93,10,620.25
44486.17,6.73,6.14,0.36,0.56,10,619.8
44486.21,6.75,6.14,0.4,2.53,10,619.3
44486.25,6.91,5.74,0.51,2.36,10,619.05
44486.29,7.04,5.75,0.59,2.31,10,618.42
44486.33,7.22,5.7,0.6,2.69,10,619.1
44486.38,7.38,5.65,0.78,2.51,10,619.04
44486.42,9.54,6.25,0.94,2.18,10,619.11
44486.46,9.68,6.25,0.95,2.02,10,618.75
44486.5,9.75,6.4,0.89,2.1,10,618.18
44486.54,11.92,7.08,1.06,1.93,10,617.29
44486.58,12.21,7.18,1.06,1.89,10,616.22
44486.62,12.36,7.14,0.99,2.15,10,615.43
44486.67,12.7,7.88,1.07,2.7,10,615.02
44486.71,12.29,7.9,1.34,0.15,10,614.77
44486.75,11.35,8.22,1.27,0.31,9.92,614.72
44486.79,10.83,8.07,1.27,0.51,9.65,614.46
44486.83,10.42,8.05,1.3,0.64,8.96,615.43
44486.88,9.95,8.08,1.27,0.6,9.36,615.84
44486.92,9.75,8.24,1.2,0.53,10,616.06
44486.96,8.67,7.98,1.18,0.63,10,616.21
44487,8.55,8.01,1.15,0.6,10,616.25
44487.04,8.51,8.12,1.08,0.48,10,616.1
44487.08,8.43,7.95,0.95,0.54,10,615.96
44487.12,8.35,8,0.86,0.48,10,615.59
44487.17,8.1,8,0.76,0.2,10,615.1
44487.21,8.09,7.99,0.8,2.78,10,614.89
44487.25,8.12,7.87,1.02,1.55,10,614.33
44487.29,8.37,7.95,0.74,2.21,10,614.07
44487.33,8.26,7.78,0.7,2.85,10,614.52
44487.38,7.75,7.36,1.04,0.19,10,614.77
44487.42,9.59,8.09,1.36,0.35,10,615.25
44487.46,9.18,7.93,1.27,0.31,10,615.3
44487.5,8.98,7.89,1.41,0.27,10,614.72
44487.54,11.52,8.92,1.52,0.36,10,614.48
44487.58,11.66,9.14,1.65,0.41,9.92,614.18
44487.62,11.72,9.36,1.55,0.51,10,613.87
44487.67,11.06,9.34,1.42,0.56,10,613.73
44487.71,10.95,9.25,1.37,0.54,10,613.8
44487.75,8.46,7.8,1.07,0.67,10,614.3
44487.79,8.65,7.7,0.97,0.77,10,614.57
44487.83,8.8,7.83,0.96,0.65,10,615.16
44487.88,9.01,7.95,0.98,0.64,10,615.58
44487.92,8.99,8.07,0.93,0.66,10,616.13
44487.96,8.52,8.11,0.75,0.6,10,615.96
44488,8.51,8.11,0.65,0.33,10,615.78
44488.04,8.6,8.17,0.59,0.01,10,615.5
44488.08,8.67,8.25,0.46,2.86,9.84,615.06
44488.12,8.75,8.26,0.44,2.89,9.6,614.74
44488.17,8.68,8.47,0.61,2.6,9.6,613.97
44488.21,8.65,8.41,0.7,2.32,9.2,613.55
44488.25,8.98,8.28,0.68,1.93,10,613.08
44488.29,9.02,8.45,0.57,0.62,10,613.25
44488.33,8.59,8.35,1.16,0.53,10,613.63
44488.38,7.88,7.87,1.37,0.58,10,614.05
44488.42,10.52,9.37,1.36,0.57,9.44,614.24
44488.46,10.07,8.8,1.37,0.55,9.84,614.01
44488.5,10.26,8.81,1.42,0.45,9.76,613.57
44488.54,13.13,10.11,1.37,0.22,10,612.82
44488.58,13.52,10.52,1.43,0.08,10,611.67
44488.62,13.33,10.55,1.76,0.21,10,611.27
44488.67,12.87,10.26,2.13,0.38,8.64,610.7
44488.71,12.22,9.7,1.94,0.46,6.88,610.83
44488.75,8.68,7.09,1.85,0.68,7.12,611.26
44488.79,8.63,7.2,1.93,0.8,7.92,611.42
44488.83,8.75,7.48,1.75,0.75,9.28,612.37
44488.88,9.08,7.75,1.57,0.76,10,613.01
44488.92,8.39,7.29,1.34,0.83,10,613.52
44488.96,7.43,7.08,1.18,0.78,10,613.48
44489,7.51,7.05,1.09,0.83,10,613.72
44489.04,7.52,7.03,1.05,0.88,10,613.74
44489.08,7.6,6.96,1.01,0.95,10,613.56
44489.12,7.69,7,1.1,0.9,10,613.21
44489.17,7.34,6.76,1.07,0.85,10,612.93
44489.21,7.43,6.82,1.12,0.89,10,613.25
44489.25,6.87,6.62,0.96,0.95,10,614.23
44489.29,6.95,6.58,0.91,0.97,10,614.24
44489.33,6.81,6.28,1.23,1.02,10,614.59
44489.38,6.78,5.48,1.09,0.95,8.96,615.35
44489.42,8.58,5.7,1.14,0.89,10,615.6
44489.46,8.82,5.78,1.29,0.87,10,615.68
44489.5,8.92,5.84,1.29,0.91,10,615.65
44489.54,9.28,5.93,1.42,0.95,10,615.19
44489.58,9.51,6,1.55,0.93,10,614.51
44489.62,9.53,6.07,1.61,0.9,10,614.27
44489.67,8.99,5.89,1.65,0.88,10,614.13
44489.71,8.84,6.04,1.76,0.89,10,614.42
44489.75,7.83,5.87,1.57,1,10,615.74
44489.79,7.99,6.36,1.28,0.98,10,615.56
44489.83,8.1,6.65,1.42,1,10,616.06
44489.88,8.23,7.01,1.21,1.09,10,616.4
44489.92,8.39,7.38,1.08,1.21,10,616.66
44489.96,7.28,6.86,1.18,1.3,10,617
44490,7.48,7.08,1,1.35,10,617.1
44490.04,7.65,7.17,1.01,1.29,10,616.78
44490.08,7.58,7.19,1.13,1.13,10,616.79
44490.12,7.64,7.22,0.98,1.05,10,616.5
44490.17,7.03,6.75,0.93,0.89,10,616.35
44490.21,6.93,6.7,0.94,0.84,9.99,616.07
44490.25,6.6,6.59,1.01,0.74,10,616.91
44490.29,6.61,6.59,0.85,0.68,10,616.46
44490.33,6.76,6.61,0.9,0.71,10,616.77
44490.38,6.75,6.36,1.05,0.79,9.95,617.35
44490.42,7.79,6.41,1.1,0.76,9.97,617.81
44490.46,7.92,6.26,1.2,0.71,9.96,617.78
44490.5,7.73,6.35,1.33,0.54,10,617.42
44490.54,8.03,6.59,1.32,0.56,10,617.19
44490.58,8.44,6.89,1.19,0.67,10,616.71
44490.62,8.46,6.47,1.31,0.6,9.99,616.26
44490.67,7.84,6.01,1.33,0.64,9.95,616.02
44490.71,7.66,6.07,1.14,0.51,10,615.96
44490.75,7.01,6.61,0.82,0.58,10,616.63
44490.79,6.98,6.65,0.88,0.38,10,616.34
44490.83,6.94,6.69,0.95,0.81,10,616.73
44490.88,6.95,6.83,0.89,0.73,10,616.94
44490.92,6.58,6.49,1,0.69,10,617.29
44490.96,5.69,5.67,1.14,0.78,10,617.53
44491,5.6,5.54,0.97,0.6,10,617.53
44491.04,5.63,5.49,1.03,0.69,10,617.42
44491.08,5.61,5.48,1.14,0.72,10,617.35
44491.12,5.65,5.53,1.12,0.75,9.92,617.12
44491.17,5.48,5.44,0.94,0.65,9.92,616.95
44491.21,5.54,5.48,0.95,0.56,9.99,617.1
44491.25,5.75,5.52,1.04,0.57,9.91,617.65
44491.29,5.69,5.37,0.85,0.61,10,617.59
44491.33,5.67,5.35,0.75,0.47,9.92,618.14
44491.38,6.05,4.94,0.79,0.56,9.92,618.56
44491.42,7.79,4.98,0.98,0.76,9.99,618.93
44491.46,8.08,4.92,0.84,0.76,9.99,618.94
44491.5,8.29,5.05,0.51,0.45,9.8,618.31
44491.54,10.01,5.12,0.5,2.51,10,617.86
44491.58,10.34,5.15,0.6,2.24,10,616.83
44491.62,10.56,5.2,0.73,2.81,10,616.35
44491.67,10.95,5.27,1.05,0.08,10,616.1
44491.71,10.75,5.31,1.27,0.23,10,615.92
44491.75,9.74,5.59,1.31,0.26,9.8,615.94
44491.79,9.41,5.76,0.83,0.4,9.5,615.92
44491.83,8.98,5.92,0.83,0.36,8.39,616.41
44491.88,8.8,6.27,1.17,0.5,8.69,616.76
44491.92,8.81,6.36,0.69,0.6,9.04,616.85
44491.96,8.36,6.7,1.04,0.45,9.12,617.16
44492,8.25,7.13,0.97,0.28,10,616.98
44492.04,8.38,6.85,0.91,0.08,10,616.55
44492.08,8.5,6.83,0.84,3.08,10,616.15
44492.12,8.45,7.05,0.88,3.06,10,615.78
44492.17,8.3,6.96,0.85,2.98,10,615.45
44492.21,8.34,6.85,0.75,3.01,10,615.31
44492.25,8.16,7.1,0.78,0.01,10,616.09
44492.29,8.1,7.06,0.94,0.42,10,616.06
44492.33,7.81,7.07,0.89,0.45,10,616.34
44492.38,7.66,6.87,0.79,0.37,10,616.7
44492.42,9.61,6.85,0.67,3.14,10,616.87
44492.46,9.73,6.83,0.56,2.51,10,616.65
44492.5,9.96,6.92,0.58,2.07,10,616.18
44492.54,12.35,7.46,0.5,2.55,10,615.46
44492.58,12.18,7.54,0.91,0.02,10,614.91
44492.62,11.85,7.62,1.49,0.09,10,614.55
44492.67,11.45,7.99,1.87,0.28,9.68,614.3
44492.71,10.89,7.9,1.85,0.46,9.44,614.58
44492.75,9.42,7.26,1.46,0.4,8.8,615.11
44492.79,9.5,7.66,1.44,0.54,9.2,615.55
44492.83,9.53,7.95,1.37,0.69,10,616.03
44492.88,9.6,8.16,1.26,0.77,10,616.98
44492.92,9.39,8.47,1.24,0.77,10,617.36
44492.96,8.66,8.58,1.27,0.72,10,617.8
44493,8.64,8.64,1.03,0.61,10,617.82
44493.04,8.19,8.19,1,0.59,10,617.77
44493.08,8.32,8.31,0.97,0.61,10,617.72
44493.12,8.28,8.28,0.94,0.64,10,617.7
44493.17,8.03,8.04,0.96,0.55,10,617.53
44493.21,8.09,8.08,1,0.47,10,617.42
44493.25,7.5,7.48,0.96,0.49,10,617.63
44493.29,7.41,7.38,0.9,0.64,10,617.57
44493.33,7.23,7.16,0.79,0.6,10,617.76
44493.38,6.93,6.8,0.66,0.27,10,618.06
44493.42,9.19,7.16,0.72,0.13,10,618.08
44493.46,9.22,7.39,0.77,3.13,10,617.81
44493.5,8.88,7.4,0.87,3.09,10,617.28
44493.54,10.65,7.54,1.03,0.08,10,616.61
44493.58,10.49,7.66,1.17,0.17,10,615.96
44493.62,10.3,7.74,1.26,0.18,10,615.39
44493.67,10.29,8.38,1.37,0.31,10,615.16
44493.71,10.38,8.47,1.28,0.45,10,615.19
44493.75,9.23,8.29,1.03,0.22,10,615.47
44493.79,9.43,8.63,1.07,0.39,10,615.37
44493.83,9.62,8.69,1.19,0.58,10,615.71
44493.88,9.55,8.84,1.28,0.85,10,615.68
44493.92,9.34,9.06,1.16,0.89,10,616.28
44493.96,8.78,8.64,1.09,0.83,10,616.49
44494,8.76,8.64,1.07,0.78,10,616.37
44494.04,8.58,8.46,1,0.75,10,616.42
44494.08,8.56,8.42,1.03,0.62,10,616
44494.12,8.59,8.48,0.97,0.46,10,615.74
44494.17,8.22,8.14,0.88,0.37,10,615.15
44494.21,8.25,8.19,0.83,0.3,10,614.78
44494.25,7.63,7.62,0.82,2.81,10,614.53
44494.29,7.63,7.63,0.89,2.47,10,614.55
44494.33,7.62,7.57,0.65,2.89,10,614.56
44494.38,7.4,7.36,0.66,0.02,10,614.94
44494.42,9.46,8.04,0.87,0.01,10,615
44494.46,9.7,8.14,0.83,0.02,10,614.84
44494.5,9.33,8.24,0.95,0.38,10,614.12
44494.54,11.21,8.81,1.12,0.47,10,613.64
44494.58,11.08,8.9,1.25,0.35,10,612.86
44494.62,10.43,9.07,1.45,0.34,10,612.4
44494.67,10.48,9.28,1.38,0.5,10,612.21
44494.71,10.41,9.33,1.33,0.62,10,612.09
44494.75,8.41,8.07,1.3,0.65,10,612.24
44494.79,8.66,8.31,1.32,0.8,10,612.16
44494.83,8.92,8.47,1.47,0.86,10,612.56
44494.88,8.91,8.39,1.32,0.88,10,612.99
44494.92,8.64,8.08,1.12,0.86,10,613.41
44494.96,7.23,7.14,1.15,0.87,10,613.42
44495,7.37,7.27,1.02,0.9,10,613.59
44495.04,7.5,7.31,1.08,0.95,10,613.47
44495.08,7.48,7.29,1.14,0.98,10,613.72
44495.12,7.52,7.31,1.16,1.03,10,613.84
44495.17,6.97,6.82,1.15,1,10,614.01
44495.21,7.02,6.86,1.2,0.96,10,614.01
44495.25,6.9,6.76,1.14,0.72,10,614.65
44495.29,6.99,6.82,1.11,0.74,10,614.9
44495.33,6.83,6.65,1.09,0.86,10,615.37
44495.38,6.44,6.19,1.16,0.97,10,616.01
44495.42,8.63,6.37,1.22,0.91,10,616.44
44495.46,8.69,6.58,1.18,0.95,10,616.63
44495.5,8.9,6.61,1.2,0.91,10,616.4
44495.54,9.75,6.71,1.22,0.87,10,615.95
44495.58,9.84,6.51,1.25,0.91,10,615.22
44495.62,9.79,6.42,1.21,0.77,10,614.82
44495.67,9.64,6.42,1.23,0.67,10,614.64
44495.71,9.59,6.35,1.15,0.54,9.71,614.85
44495.75,7.63,6.07,1.05,0.53,9.91,615.38
44495.79,8.08,6.58,0.93,0.63,9.77,615.56
44495.83,8.57,6.98,1.02,0.67,9.75,615.59
44495.88,8.83,7.08,0.99,0.7,9.8,615.92
44495.92,8.73,7.29,0.9,0.65,10,616.36
44495.96,8.15,7.26,0.69,0.74,9.68,616.47
44496,8.03,7.16,0.72,0.84,9.76,616.59
44496.04,8.02,7.29,0.7,0.93,9.28,616.45
44496.08,8.01,7.19,0.64,0.81,9.84,616.25
44496.12,8.14,7.27,0.56,0.51,10,615.95
44496.17,7.94,7.38,0.66,0.53,9.76,616.05
44496.21,7.91,7.33,0.7,0.56,10,615.72
44496.25,7.79,7.33,0.78,0.35,10,616.14
44496.29,7.7,7.3,0.87,0.8,10,616.15
44496.33,7.72,7.09,0.8,0.62,10,616.51
44496.38,7.49,6.91,0.72,0.35,10,616.76
44496.42,9.37,7.36,0.81,0.22,9.99,616.87
44496.46,9.3,7.26,0.75,0.14,9.97,616.79
44496.5,9.16,6.93,0.8,0.37,9.97,616.36
44496.54,10.87,6.88,1.05,0.41,10,615.73
44496.58,10.69,6.95,1.2,0.42,10,614.99
44496.62,10.76,7.03,1.33,0.41,10,614.52
44496.67,10.71,7.25,1.41,0.47,10,614.35
44496.71,10.59,7.17,1.39,0.46,10,614.61
44496.75,8.55,6.4,1.36,0.16,10,614.38
44496.79,8.87,6.73,1.3,0.5,10,614.66
44496.83,8.98,7.06,1.23,0.81,10,615.06
44496.88,8.9,7.23,1.25,0.8,10,615.34
44496.92,8.62,7.28,1.1,0.88,10,615.81
44496.96,7.7,7.23,1.16,0.9,10,616.14
44497,7.75,7.4,0.97,0.88,10,616.26
44497.04,7.7,7.49,0.91,0.93,10,616.13
44497.08,7.64,7.46,0.86,0.91,10,616.03
44497.12,7.72,7.47,0.86,0.9,10,615.7
44497.17,7.65,7.52,0.81,0.89,10,615.74
44497.21,7.63,7.53,0.83,0.87,10,615.44
44497.25,7.61,7.43,0.85,0.54,10,615.82
44497.29,7.65,7.45,0.8,0.73,10,616.24
44497.33,7.62,7.49,0.9,0.83,10,616.64
44497.38,7.48,7.35,0.95,0.85,10,616.86
44497.42,8.76,8.06,0.98,0.86,10,617.11
44497.46,8.56,7.63,0.99,0.76,10,617
44497.5,8.83,7.17,0.95,0.57,10,616.45
44497.54,10.81,7.51,0.97,0.38,10,616.12
44497.58,10.31,7.42,1.04,0.34,10,615.18
44497.62,10.05,7.6,1.1,0.41,10,614.63
44497.67,9.8,7.61,1.33,0.35,10,614.71
44497.71,9.89,7.68,1.33,0.42,10,614.65
44497.75,8.68,7.55,1.08,0.61,9.9,615.09
44497.79,9.03,7.95,1.06,0.66,10,615.32
44497.83,8.89,8.18,1.16,0.67,10,616.1
44497.88,8.89,8.33,1.28,0.86,10,616.34
44497.92,8.66,8.27,1.13,0.86,10,616.71
44497.96,8.19,8.02,1.03,0.9,10,616.77
44498,8.27,8.08,1,0.98,10,616.89
44498.04,8.19,8.08,0.96,1.02,10,616.62
44498.08,8.23,8.11,0.79,1.15,10,616.43
44498.12,8.22,8.04,0.73,1.17,10,616.52
44498.17,7.92,7.67,0.79,1.14,10,616.25
44498.21,7.89,7.46,0.82,1.01,10,616.27
44498.25,8.31,8.02,1.05,0.64,10,617.2
44498.29,8.31,8.1,0.8,0.54,10,617.23
44498.33,8.35,8.05,0.67,0.75,10,617.89
44498.38,7.91,7.41,0.98,0.97,10,618.37
44498.42,10.25,7.23,1.12,0.92,10,618.84
44498.46,10.14,7.16,1.16,0.81,10,618.72
44498.5,10.48,7.19,1.05,0.81,9.92,618.39
44498.54,12.09,7.54,0.9,0.7,10,617.79
44498.58,11.89,7.87,0.73,0.35,10,617.03
44498.62,12,7.86,0.75,0.17,10,616.5
44498.67,12.05,7.89,0.85,0.1,10,616.42
44498.71,12.21,7.95,0.95,3.12,10,616.14
44498.75,10.44,7.86,0.71,0.23,9.77,616.26
44498.79,10.44,8.09,1.19,0.21,8.65,616.25
44498.83,10.95,7.5,1.09,0.48,6.77,616.64
44498.88,10.81,7.6,0.97,0.56,8.58,616.9
44498.92,10.3,7.64,0.8,0.49,8.8,617.29
44498.96,9.29,7.71,0.56,0.11,9.36,617.32
44499,9.03,7.8,0.28,2.45,9.24,617.28
44499.04,8.6,7.72,0.31,1.79,10,616.97
44499.08,8.58,7.78,0.35,2.78,10,616.65
44499.12,8.49,7.74,0.28,3,10,616.37
44499.17,8.56,7.8,0.26,0.69,10,616.04
44499.21,8.42,7.69,0.39,1,10,615.97
44499.25,8.95,8.83,0.49,0.42,10,616.41
44499.29,9.2,8.92,0.51,2.83,10,616.18
44499.33,8.96,8.66,0.52,0.28,10,616.4
44499.38,8.67,8.31,0.77,0.35,10,616.69
44499.42,11.16,8.47,0.86,0.3,10,616.71
44499.46,11.32,8.69,0.94,0.27,10,616.39
44499.5,11.38,8.61,1.1,0.2,10,616.02
44499.54,13.33,9.23,1.34,0.25,10,615.14
44499.58,13.04,9.05,1.38,0.3,10,614.56
44499.62,12.54,9.22,1.55,0.42,10,614
44499.67,11.95,9.43,1.59,0.42,10,613.91
44499.71,11.8,9.41,1.53,0.45,10,613.68
44499.75,9.83,8.59,1.48,0.65,9.95,614.66
44499.79,9.97,9.07,1.13,0.82,10,614.81
44499.83,9.87,9.38,1.02,0.7,10,614.96
44499.88,10,9.35,1.26,0.83,10,615.13
44499.92,9.66,9.14,1.22,0.89,10,615.72
44499.96,8.84,8.81,1.2,0.99,10,616.14
44500,8.93,8.92,1.09,1.03,10,616.09
44500.04,8.92,8.92,0.98,0.99,10,615.92
44500.08,8.97,8.86,1.09,1.01,10,615.68
44500.12,9.03,8.84,1.16,0.99,10,615.63
44500.17,8.56,8.42,1.1,1.07,10,615.51
44500.21,8.67,8.49,1.2,1.06,10,615.76
44500.25,8.17,7.99,1.14,0.69,10,615.77
44500.29,8.21,7.97,1.06,0.96,10,616.28
44500.33,8.06,7.8,1.36,0.92,10,616.95
44500.38,7.62,7.56,1.34,0.83,9.93,617.16
44500.42,9.03,8.04,1.31,0.84,9.81,617.26
44500.46,8.64,7.18,1.28,0.72,9.75,617.22
44500.5,9.17,7.05,1.26,0.64,9.87,616.87
44500.54,10.02,6.92,1.22,0.65,9.77,616.19
44500.58,10.37,6.99,1.26,0.63,9.81,615.59
44500.62,10.17,6.9,1.32,0.68,10,614.98
44500.67,10.07,7.05,1.3,0.74,10,614.93
44500.71,9.64,6.95,1.2,0.67,10,614.87
44500.75,9.07,6.8,1.15,0.71,9.84,615.18
44500.79,9.26,7.05,0.88,0.55,10,615.34
44500.83,9.29,7.17,0.87,0.73,10,615.75
44500.88,9.38,7.19,0.96,0.59,10,615.98
44500.92,9.07,7.2,1.04,0.74,10,616.18
44500.96,8.35,7.03,1.08,1.03,10,616.4
44501,8.28,7.15,0.99,1.07,10,616.6
44501.04,8.09,7.09,0.81,0.9,10,616.44
44501.08,8.07,7.07,0.79,0.82,10,616.41
44501.12,8.1,7.01,0.74,0.87,10,615.98
44501.17,7.67,6.88,0.74,0.75,10,615.88
44501.21,7.57,6.89,0.69,0.73,10,615.54
44501.25,7.71,7.26,0.68,0.4,10,615.69
44501.29,7.76,7.2,0.66,0.59,10,615.94
44501.33,7.62,7.14,0.76,0.46,10,616.02
44501.38,7.45,6.91,0.94,0.26,10,616.38
44501.42,9.78,7.69,1.07,0.3,10,616.55
44501.46,9.91,6.67,0.99,0.24,10,616.34
44501.5,9.39,6.62,0.96,0.23,10,616.04
44501.54,11.57,7.35,1.02,0.13,10,615.19
44501.58,11.46,7.46,1.13,0.18,10,614.47
44501.62,11.6,7.63,1.28,0.31,10,613.84
44501.67,11.52,8.04,1.45,0.47,10,613.85
44501.71,11.24,8.14,1.55,0.57,10,613.96
44501.75,8.56,7.01,1.72,0.55,9.99,615.17
44501.79,8.64,7.35,1.58,0.66,10,615
44501.83,8.69,7.52,1.42,0.8,10,615.92
44501.88,8.68,7.53,1.45,0.81,10,616.2
44501.92,8.19,7.23,1.27,1.05,10,616.78
44501.96,7.02,6.86,1.28,1.07,10,617.24
44502,7.13,6.99,1.18,1.16,10,617.34
44502.04,6.97,6.87,0.98,1.33,10,617.27
44502.08,7.08,6.92,0.85,1.29,10,617.28
44502.12,7.36,6.94,0.73,1.22,10,616.93
44502.17,6.88,6.59,0.5,1.05,10,616.65
44502.21,6.95,6.6,0.44,0.74,10,616.31
44502.25,7.25,6.75,0.46,2.74,10,616.4
44502.29,7.45,6.71,0.58,2.66,10,616.58
44502.33,7.38,6.57,0.58,0.13,10,616.47
44502.38,7.27,6.33,0.71,0.01,9.97,616.86
44502.42,10.19,6.62,0.9,2.59,10,616.69
44502.46,10.11,6.63,0.86,2.36,9.99,616.63
44502.5,10.04,6.79,0.81,2.53,9.97,616.08
44502.54,12.06,7.3,0.79,2.82,10,615.29
44502.58,11.58,7.29,0.96,2.97,10,614.48
44502.62,11.5,7.48,0.97,3.1,10,613.73
44502.67,11.74,7.68,1.2,0.06,10,613.54
44502.71,11.54,7.61,1.3,0.28,10,613.36
44502.75,9.25,6.92,1.13,0.52,10,613.58
44502.79,9.25,7.27,1.02,0.58,9.36,613.66
44502.83,9.5,7.46,0.99,0.7,10,614.18
44502.88,8.87,7.7,1.34,0.76,10,614.55
44502.92,9.01,7.86,1.17,0.88,10,614.85
44502.96,7.8,7.55,1.04,0.93,10,615.13
44503,7.95,7.72,0.85,0.93,10,615.18
44503.04,8.01,7.77,0.8,0.93,10,615
44503.08,8.04,7.66,0.8,1.06,10,614.78
44503.12,7.99,7.59,0.87,1.04,10,614.48
44503.17,7.54,7.36,0.83,0.94,10,614.17
44503.21,7.67,7.51,0.74,0.82,10,614.2
44503.25,7.53,7.36,0.68,0.42,10,614.21
44503.29,7.62,7.45,0.77,0.13,10,614.06
44503.33,7.92,7.74,0.79,0.39,10,614.3
44503.38,7.51,7.29,0.82,0.5,10,614.87
44503.42,9.87,7.75,0.76,0.12,10,614.74
44503.46,10.29,7.14,0.82,2.82,10,614.62
44503.5,10.32,7.3,0.82,2.65,10,613.88
44503.54,12.59,7.69,0.82,2.63,10,612.95
44503.58,12.83,7.87,1.03,2.84,10,611.96
44503.62,12.67,8.05,1.68,0,9.92,611.18
44503.67,12.96,8.3,1.89,0.41,6.4,610.68
44503.71,12.38,8.45,2.02,0.52,5.92,610.68
44503.75,8.85,7.26,1.79,0.58,7.2,611.11
44503.79,8.5,7.61,1.39,0.68,10,611.38
44503.83,8.79,7.7,1.49,0.77,10,612.24
44503.88,8.86,7.85,1.42,0.74,10,612.57
44503.92,8.83,8,1.15,0.81,10,613.12
44503.96,7.43,7.26,1.01,0.89,10,613.23
44504,7.31,7.1,0.84,0.91,10,613.19
44504.04,7.27,6.91,0.62,0.84,10,612.78
44504.08,7.26,6.46,0.41,0.43,10,612.53
44504.12,7.33,7.04,0.3,2.86,10,612.25
44504.17,7.11,6.86,0.45,2.14,10,611.86
44504.21,7.14,6.94,0.78,1.53,10,611.54
44504.25,7.48,6.67,1.08,1.43,9.92,611.79
44504.29,7.71,6.92,1.1,1.14,9.6,610.96
44504.33,7.78,6.55,1.18,1.23,8.32,611.19
44504.38,7.28,5.38,1.34,1.29,7.82,611.28
44504.42,11.6,6.7,1.26,1.16,8.54,611.24
44504.46,12.53,7.05,0.98,1.35,7.73,611.13
44504.5,13.43,7.83,0.83,1.58,1.59,610.38
44504.54,16.87,7.86,1.06,1.84,1.12,609.49
44504.58,17.52,8.35,1.29,2.04,0.99,608.49
44504.62,18.03,8.43,1.28,2.3,0.11,607.65
44504.67,18.71,7.93,1.07,2.8,0.04,607.27
44504.71,17.85,8.33,1.11,0.21,0.41,607.67
44504.75,15.58,6.67,1.54,0.42,1.13,608.15
44504.79,15.35,7.36,2.01,0.46,2.24,607.97
44504.83,14.74,7.78,2.12,0.63,4,609.28
44504.88,13.85,8.25,1.96,0.58,5.36,609.56
44504.92,12.94,8.61,1.61,0.65,6.88,609.97
44504.96,10.36,8.18,1.31,0.69,8.16,610.23
44505,10.02,8.27,1.13,0.65,9.12,610.35
44505.04,9.56,8.43,0.98,0.44,9.68,610.15
44505.08,9.39,8.29,0.74,3.08,8.96,610.11
44505.12,9.33,8.5,0.62,2.46,10,609.91
44505.17,8.44,8.19,0.53,2.03,10,609.86
44505.21,8.59,8.16,0.63,1.85,10,609.5
44505.25,7.73,7.57,1.05,1.21,10,609.8
44505.29,7.44,7.2,1.2,1.02,8.4,609.65
44505.33,7.74,7.36,0.87,1.13,9.84,609.74
44505.38,6.52,6.44,0.64,1.36,4.24,610.47
44505.42,12,9.19,0.51,1.77,2.71,610.48
44505.46,13.29,8.23,0.28,1.9,2.53,610.31
44505.5,14.8,8.53,0.34,2.13,1.41,609.99
44505.54,19.16,8.65,0.64,1.93,1.21,609.15
44505.58,20.1,8.47,0.79,2.02,0.01,608.03
44505.62,20.63,8.14,0.81,2.34,0,607.4
44505.67,20.83,7.54,0.8,2.74,0,607.19
44505.71,20.21,8.02,1.05,0.15,0,607.23
44505.75,17.41,4.86,1.32,0.38,0.03,607.17
44505.79,16.42,6.37,1.81,0.52,0.08,607.89
44505.83,15.84,7.49,1.91,0.54,0.67,608.69
44505.88,15.06,8.76,1.83,0.61,4,609.15
44505.92,14.01,9.79,1.57,0.64,9.04,609.74
44505.96,10.99,9.86,1.35,0.69,9.44,610.07
44506,10.74,10.08,1.2,0.65,9.68,610.3
44506.04,10.24,9.94,1.01,0.57,10,610.05
44506.08,10.14,9.82,0.75,0.33,10,609.63
44506.12,10.13,10.05,0.7,2.86,10,609.6
44506.17,9.01,8.98,0.73,2.52,10,609.26
44506.21,9.09,9.04,0.71,2.32,10,609.32
44506.25,8.66,8.29,1.19,1.33,10,609.13
44506.29,8.74,8.6,1.04,1.13,9.12,609.26
44506.33,8.59,8.48,0.52,2.18,8.72,609.57
44506.38,7.36,7.23,0.81,2.88,8.96,610.13
44506.42,11.6,9.16,0.93,0.26,9.76,610.68
44506.46,11.88,9.6,1.31,0.55,9.92,610.76
44506.5,12.67,9.22,1.33,0.47,10,610.5
44506.54,15.5,9.42,1.51,0.5,10,609.9
44506.58,15.49,9.55,1.71,0.48,10,609.26
44506.62,15.1,10.14,2.01,0.45,9.76,609.1
44506.67,14.52,10.89,2.24,0.62,9.28,609.29
44506.71,14.19,11.27,2.16,0.78,7.44,609.79
44506.75,10.87,8.85,1.33,0.88,6.85,609.73
44506.79,11.61,10.17,1.22,0.63,9.57,610.33
44506.83,12.27,10.6,1,0.76,10,611.04
44506.88,12.88,11.15,1.27,0.82,10,611.69
44506.92,11.98,10.73,1.38,0.69,10,612.28
44506.96,8.96,8.29,1.74,0.97,10,612.91
44507,7.7,6.77,2.25,0.97,10,613.43
44507.04,6.17,5,2.58,0.98,10,614.05
44507.08,5.2,3.67,2.54,1,10,614.71
44507.12,4.61,3.32,2.36,1.04,10,615.78
44507.17,2.36,1.72,2.06,1.09,10,616.2
44507.21,1.48,0.46,1.94,1.17,10,616.6
44507.25,2.62,1.72,1.79,0.88,10,615.61
44507.29,2.76,1.58,1.96,1.08,9.97,616.38
44507.33,2.53,1.15,2.18,1.31,9.92,617.67
44507.38,2.02,0.41,2.12,1.3,9.9,618.57
44507.42,2.83,-0.72,2.03,1.23,9.81,619.3
44507.46,2.53,-1,1.98,1.13,9.99,619.75
44507.5,2.33,-1.64,1.99,1.09,9.76,620.08
44507.54,2.77,-2.72,2.02,1.09,9.99,619.88
44507.58,2.85,-3.75,1.84,1.05,9.37,619.29
44507.62,3.28,-4.23,1.65,0.99,9.7,619.25
44507.67,2.79,-5.84,1.49,0.98,9.7,619.08
44507.71,3.01,-7.12,1.36,0.94,9.18,619.18
44507.75,1.45,-7.46,1.51,0.5,9.16,619.13
44507.79,2.1,-6.45,1.41,0.54,8.81,618.98
44507.83,2.19,-6.72,1.28,0.54,8.58,619.98
44507.88,2.32,-7.23,1.2,0.54,8.57,619.85
44507.92,2.18,-6.67,1.14,0.7,8.11,620.2
44507.96,1.68,-7.54,0.92,0.65,8.23,620.5
44508,1.75,-7.99,0.73,0.78,8.57,620.51
44508.04,1.61,-7.63,0.64,1.14,8.8,620.12
44508.08,1.8,-7.78,0.56,1.39,9.11,619.71
44508.12,2.03,-7.39,0.39,1.78,8.95,619.33
44508.17,2.09,-7.17,0.06,1.78,9.35,618.66
44508.21,2.16,-7,0.22,1.86,8.65,618.21
44508.25,2.33,-6.82,0.67,1.44,7.83,618.16
44508.29,2.46,-6.75,0.65,1.64,7.87,617.57
44508.33,2.49,-6.92,0.79,1.81,9.04,618.03
44508.38,2.39,-6.73,0.72,1.56,5.27,618.01
44508.42,5.67,-5.61,0.47,1.69,6.35,617.91
44508.46,6.19,-4.92,0.57,2.15,5.51,617.63
44508.5,6.21,-4.37,0.59,2.38,4.84,616.83
44508.54,9.68,-2.58,0.9,2.77,3.65,615.98
44508.58,9.88,-1.97,1.23,3.05,2.85,614.88
44508.62,10.02,-1.35,1.51,0.09,3.51,614.53
44508.67,10.48,-0.21,1.69,0.13,5.69,614.23
44508.71,9.93,-0.28,1.98,0.31,7.09,614.32
44508.75,5.78,-1.43,1.74,0.55,3.93,614.25
44508.79,5.61,-1.1,1.18,0.67,2.67,614.83
44508.83,4.4,-0.59,1.26,0.67,2.44,615.92
44508.88,4.49,-0.7,1.37,0.72,4.56,616.06
44508.92,3.08,-0.52,0.98,0.75,7.84,616.94
44508.96,1.98,-0.88,1.28,0.65,9.27,617.39
44509,2.3,-0.44,1.12,0.59,9.81,617.27
44509.04,1.82,-0.52,0.93,0.43,9.49,616.91
44509.08,2.06,-0.24,0.86,0.22,9.07,616.56
44509.12,1.83,-0.47,0.74,0.14,9.57,616.16
44509.17,2.08,-0.27,0.71,0.32,9.08,615.88
44509.21,2.04,-0.15,0.83,0.49,9,615.94
44509.25,1.86,0.19,0.74,2.61,8.67,616.13
44509.29,1.9,0.11,1.14,0.4,9.79,616.23
44509.33,1.96,0.01,1.21,0.62,9.01,616.55
44509.38,1.41,-0.39,1.16,0.75,8.48,617.07
44509.42,3.16,0.01,1.31,0.88,8.37,617.4
44509.46,2.93,-0.29,1.37,0.92,9.27,617.64
44509.5,3.15,-0.59,1.37,0.89,9.61,617.2
44509.54,4.87,-0.81,1.44,0.83,8.35,616.59
44509.58,4.6,-0.84,1.55,0.73,9.47,615.91
44509.62,4.73,-0.7,1.51,0.69,9.47,615.75
44509.67,4.87,-0.93,1.3,0.61,9.17,615.86
44509.71,5.3,-1.11,1.08,0.47,9.57,616.13
44509.75,2.97,-1.45,0.95,0.39,8.99,616.32
44509.79,2.99,-0.56,0.9,0.76,8.25,616.81
44509.83,3.76,-1.12,0.86,0.94,7.69,617.16
44509.88,3.9,-1.08,0.89,0.95,7.39,617.42
44509.92,4.04,-0.61,0.48,1.07,7.64,618.03
44509.96,3.42,-1.78,0.27,1.08,8.9,618.49
44510,3.71,-1.72,0.2,1.59,8.45,618.33
44510.04,3.61,-1.64,0.17,0.86,8.57,618.21
44510.08,3.64,-1.47,0.23,1.28,8.31,617.76
44510.12,3.77,-1.02,0.55,1.22,8.48,617.45
44510.17,3.49,-1.28,0.78,1.16,8.35,616.79
44510.21,3.65,-0.15,1.06,1.27,8.47,616.62
44510.25,2.96,-0.04,0.82,1.35,9.03,616.14
44510.29,3.07,-0.04,1.26,1.17,8.61,615.95
44510.33,3.61,-0.59,1.07,1.27,7.79,616.17
44510.38,3.43,-0.36,0.6,1.55,6.29,616.31
44510.42,8.66,1.19,0.4,2.76,5.75,616.29
44510.46,8.78,1.43,0.78,0.11,5.28,616.25
44510.5,9.05,1.41,0.85,0.03,4.66,615.67
44510.54,12.28,2.56,0.87,0.07,7.87,614.7
44510.58,12.68,2.34,1.17,0.21,8.8,613.78
44510.62,12.58,2.16,1.53,0.26,9.29,613.25
44510.67,12.52,2.39,1.83,0.38,9.27,613.31
44510.71,11.67,2.1,1.74,0.47,9.57,613.27
44510.75,8.01,0.61,1.56,0.72,8.46,612.88
44510.79,7.79,1.07,1.97,0.84,7.61,613.68
44510.83,7.5,1.91,1.24,0.68,6.81,614.41
44510.88,6.85,1.89,1.69,0.68,5.97,614.4
44510.92,6.62,1.01,1.15,0.74,5.93,615.36
44510.96,4.61,0.78,1.1,0.36,4.27,615.32
44511,4.31,0.77,0.83,0.15,5.17,615.14
44511.04,3.95,1.01,0.59,0.05,5.81,614.89
44511.08,4.04,1.11,0.52,2.97,7.01,614.67
44511.12,3.86,1.07,0.59,3.12,7.51,614.04
44511.17,3.83,1.37,0.57,0.3,8.36,613.81
44511.21,3.33,1.14,0.67,0.38,9.8,613.68
44511.25,4.32,1.6,0.65,2.97,7.99,613.47
44511.29,4.22,1.2,0.9,0.21,7.61,613.93
44511.33,4.05,1.25,1.07,0.45,9.89,613.96
44511.38,3.6,1.3,1.34,0.71,9.96,614.56
44511.42,5.4,2.61,1.51,0.7,8.8,614.98
44511.46,5.31,2.37,1.5,0.61,8.84,615.31
44511.5,4.78,2.12,1.59,0.61,8.73,615.11
44511.54,5.76,2.86,1.58,0.6,8.43,614.28
44511.58,5.35,2.54,1.51,0.64,8.73,613.94
44511.62,5,2.39,1.44,0.66,9.27,613.47
44511.67,5.55,2.46,1.49,0.69,8.72,613.87
44511.71,4.87,1.77,1.45,0.64,9.36,613.98
44511.75,3.37,0.79,1.47,0.37,7.92,613.95
44511.79,3.89,1.21,1.47,0.7,7.45,614.81
44511.83,4,1.45,1.38,0.76,7.92,615.89
44511.88,4.11,1.66,1.32,0.81,7.43,616.45
44511.92,3.7,1.81,1.24,0.89,7.77,617.02
44511.96,2.53,1.33,1.02,0.77,8.27,617.53
44512,2.58,1.62,0.92,0.78,8.01,617.74
44512.04,2.4,1.56,0.84,0.87,7.23,617.71
44512.08,2.48,1.63,0.76,0.94,9.11,617.67
44512.12,2.67,1.57,0.7,1.1,9.55,617.35
44512.17,1.94,0.81,0.58,1.12,9.44,617.2
44512.21,2.22,0.58,0.46,0.91,9.23,617.34
44512.25,2.08,-0.9,0.44,3.04,9.81,617.96
44512.29,2.38,-0.53,0.54,0.24,9.63,617.57
44512.33,2.26,-0.77,0.59,0.34,9.74,617.57
44512.38,2.06,-0.87,0.6,0.74,9.16,618.03
44512.42,3.36,-0.16,0.68,0.6,9.59,618.08
44512.46,3.35,-0.44,0.75,0.58,8.29,618.23
44512.5,3.45,-0.76,0.94,0.67,9.68,617.55
44512.54,5.43,-1.32,1.09,0.6,9.58,616.69
44512.58,5.56,-0.72,1.07,0.48,9.56,615.8
44512.62,5.91,-1.12,1.02,0.35,9.44,615.23
44512.67,6.12,-1.19,1.04,0.38,9.61,615.04
44512.71,6.02,-0.91,1.08,0.37,9.55,615.24
44512.75,4.43,-1.65,0.83,0.11,9.35,615.91
44512.79,4.75,-1.48,0.81,0.34,9.31,615.96
44512.83,4.69,-1.02,0.68,0.34,7.87,616.5
44512.88,4.36,0.09,0.91,0.77,9.42,616.92
44512.92,4.55,-0.33,0.83,0.94,9.83,617.63
44512.96,4.17,-1.21,0.47,0.9,9.43,617.7
44513,4.15,-1.03,0.07,2.79,8.76,617.71
44513.04,3.96,-0.92,0.32,1.15,8.31,617.39
44513.08,4.15,-0.82,0.39,1.24,8.76,617.08
44513.12,4.07,-0.06,0.67,1.32,8.29,616.55
44513.17,3.94,-0.01,0.89,1.21,7.57,616.01
44513.21,4.16,-0.19,1.04,1.16,8.62,615.97
44513.25,3.57,0.52,1.37,1.24,9.57,615.83
44513.29,3.66,0.56,1.34,1.3,9.91,615.22
44513.33,3.75,1.02,1,1.17,10,615.7
44513.38,4.04,0.82,0.57,1.25,9.57,615.68
44513.42,6.68,2.76,0.32,1.24,9.79,616.11
44513.46,7.25,2.56,0.35,0.28,9.47,616.2
44513.5,7.21,1.8,0.91,0.52,7.45,615.55
44513.54,10.78,3.3,1.18,0.4,9.01,614.39
44513.58,10.69,3.03,1.37,0.36,9.04,613.66
44513.62,9.58,3.19,1.52,0.3,9.17,613.3
44513.67,9.82,3.59,1.55,0.34,9.43,613.33
44513.71,9.49,3.4,1.45,0.39,9.47,613.4
44513.75,7.06,2.09,1.01,0.72,9.09,613.68
44513.79,6.62,2.95,0.87,0.7,8.94,614.22
44513.83,6.89,2.37,1.21,0.64,8.04,615.02
44513.88,6.65,2.78,1.4,0.52,8.15,615.29
44513.92,5.89,3.01,1.22,0.66,7.85,615.64
44513.96,5.21,2.98,0.65,0.75,7.33,616.26
44514,5.28,2.8,0.94,0.6,7.39,616.07
44514.04,4.9,2.82,0.62,0.16,8.29,615.72
44514.08,5.09,2.82,0.5,2.5,8.77,615.14
44514.12,5.38,2.92,0.49,1.73,9.15,614.66
44514.17,5.17,3.4,0.49,1.33,8.87,614.45
44514.21,5.17,3.47,0.45,1.8,9.92,614.22
44514.25,5.54,3.54,0.63,1.34,9.79,614.07
44514.29,5.4,3.99,0.46,1.97,9.81,613.79
44514.33,5.34,3.5,0.47,0.2,9.92,614.24
44514.38,4.94,3.43,0.72,0.25,9.76,614.57
44514.42,7.67,4.79,0.8,2.81,9.68,614.45
44514.46,7.64,4.42,0.67,2.17,9.57,614.25
44514.5,7.79,4.27,0.52,1.64,9.49,613.49
44514.54,10.86,5.05,0.54,1.69,10,612.59
44514.58,10.89,5.06,0.65,2.34,10,611.66
44514.62,10.83,4.98,1.24,0.03,9.76,611.11
44514.67,10.3,5.34,1.58,0.32,9.6,611.06
44514.71,9.81,5.16,1.87,0.58,9.84,611.44
44514.75,7.44,5.01,1.78,0.67,8.8,611.77
44514.79,7.12,5,1.59,0.71,7.92,612.49
44514.83,6.68,4.98,1.39,0.78,10,613.62
44514.88,6.48,4.91,1.26,0.79,10,614.08
44514.92,5.89,4.55,1.35,0.75,10,614.82
44514.96,5.21,4.44,1.41,0.67,10,614.95
44515,5.25,4.52,1.14,0.61,10,615.04
44515.04,5.02,4.42,1.16,0.58,10,614.63
44515.08,5.2,4.42,0.9,0.41,10,614.39
44515.12,5.41,4.58,0.81,0.23,10,614.02
44515.17,4.83,4.52,0.78,0.05,10,613.66
44515.21,4.97,4.6,0.67,2.87,10,613.39
44515.25,4.42,4.02,0.9,2.68,10,613.48
44515.29,4.47,4.03,0.91,2.58,10,613.1
44515.33,4.32,3.84,0.74,2.48,10,613.32
44515.38,4.12,3.36,0.63,2.77,10,613.3
44515.42,5.89,4.25,0.84,0.09,10,613.32
44515.46,5.56,4.23,0.92,0.03,10,613.21
44515.5,5.5,4.36,1.05,0.22,10,612.6
44515.54,7.89,5.46,1.35,0.35,10,611.95
44515.58,7.38,5.64,1.54,0.44,10,611.05
44515.62,6.95,5.77,1.52,0.58,10,610.67
44515.67,6.46,5.84,1.54,0.62,10,610.57
44515.71,6.15,5.15,1.41,0.6,10,610.74
44515.75,3.93,3.67,1.47,0.85,9.76,611.4
44515.79,4.52,4.14,1.84,0.76,10,611.74
44515.83,4.58,3.99,1.63,0.73,10,612.34
44515.88,4.55,3.91,1.57,0.77,10,613.36
44515.92,3.98,3.37,1.29,0.83,10,613.67
44515.96,2.51,2.24,1.13,0.89,9.97,613.86
44516,2.5,2.19,0.98,0.88,10,613.95
44516.04,2.06,1.79,0.91,0.81,10,613.74
44516.08,1.97,1.63,0.94,0.88,9.98,613.46
44516.12,1.83,1.36,0.86,0.92,9.92,613.46
44516.17,1.72,1.15,0.74,0.81,9.51,613.28
44516.21,1.69,1.11,0.8,0.71,8.69,613.3
44516.25,1.98,0.97,0.87,0.06,8.83,613.06
44516.29,2,1.12,0.88,0.06,7.18,613.41
44516.33,1.96,1.23,0.56,0.16,5.9,613.96
44516.38,1.87,-0.01,0.63,0.75,5.83,614.61
44516.42,4.48,0.5,0.8,0.97,6.94,615.02
44516.46,4.67,0.41,0.86,0.99,7.55,615.01
44516.5,4.96,0.22,0.85,0.83,4.91,614.49
44516.54,7.02,0.52,0.92,0.65,3.79,613.84
44516.58,7.05,0.98,1.22,0.54,3.67,613.13
44516.62,7.15,1.06,1.44,0.63,6.78,612.67
44516.67,6.77,0.86,1.73,0.7,7.59,612.66
44516.71,6.49,0.61,1.63,0.61,7.93,613.03
44516.75,4.65,-1.2,1.63,0.61,7.47,613.75
44516.79,4.91,-0.97,1.26,0.74,6.13,614.2
44516.83,4.71,-1.03,1.56,0.86,5.25,615.23
44516.88,4.69,-0.78,1.38,0.95,5.45,616.09
44516.92,4.18,-1.2,1.28,1.03,5.92,616.47
44516.96,2.98,-1.64,1.13,1.06,6.76,616.99
44517,3.15,-1.18,0.9,1.06,8.8,617.06
44517.04,2.93,-0.87,0.73,1.22,8.57,616.93
44517.08,2.85,-0.73,0.7,1.42,8.41,617.1
44517.12,2.76,-0.22,0.65,1.55,7.78,617.25
44517.17,2.5,-0.35,0.65,1.51,7.75,617.06
44517.21,2.74,-0.2,0.37,1.76,7.88,617
44517.25,3.26,0.13,0.38,0.71,8.63,617.03
44517.29,3.55,1.25,0.28,1.41,8.55,617.15
44517.33,3.94,0.34,0.05,0.41,6.94,617.57
44517.38,3.88,0.51,0.59,0.76,7.34,618.01
44517.42,7.56,1.74,0.35,0.72,6.16,618.06
44517.46,7.81,1.7,0.63,1.57,6.69,618
44517.5,8.09,1.73,0.68,1.3,5.73,617.72
44517.54,11.18,2.17,0.59,0.75,5.09,616.83
44517.58,11.53,2.47,0.85,0.4,4.06,615.88
44517.62,11.51,2.63,1.09,0.52,4.55,615.38
44517.67,11.99,3.22,1.37,0.58,8.4,614.98
44517.71,11.88,3.08,1.54,0.48,8.71,615.06
44517.75,7.83,3.94,1.83,0.42,5.94,615.01
44517.79,9.03,2.57,1.74,0.48,6.09,615.34
44517.83,9.21,2.69,1.43,0.47,6.21,616
44517.88,8.77,2.86,1.06,0.5,5.47,616.23
44517.92,7.97,3.06,0.55,0.03,6.39,616.37
44517.96,6.07,2.69,0.48,1.67,6.09,616.38
44518,5.91,2.75,0.73,1.1,6.41,616.02
44518.04,5.59,2.72,0.95,1.01,4.9,615.63
44518.08,5.62,2.76,1.12,1.13,2.35,615.15
44518.12,5.59,2.84,1.29,1.11,1.65,614.72
44518.17,4.54,2.2,1.38,1.09,0.83,614.06
44518.21,4.43,2.03,1.5,1.04,0.43,613.61
44518.25,3.52,1.96,1.85,0.95,0.4,613.17
44518.29,2.85,1.54,1.91,0.86,6.16,612.98
44518.33,2.04,1.15,1.68,0.83,10,612.75
44518.38,3.8,2.14,1.68,0.77,9.99,612.58
44518.42,9.75,5.04,1.41,0.85,6.12,612.31
44518.46,10.97,5.15,1.38,0.95,0.48,612.08
44518.5,11.97,5.46,1.36,1.04,0.27,611.29
44518.54,16.67,6.23,1.34,1.07,0.24,610
44518.58,17.36,6.49,1.29,1.13,0.36,608.86
44518.62,17.65,6.65,1.09,1.46,0.03,607.92
44518.67,18.08,6.54,0.97,2.22,0.29,607.45
44518.71,17.56,6.4,1.12,3.08,0.62,607.26
44518.75,14.99,6.07,1.47,0.46,1.49,606.89
44518.79,14.04,6.69,2.05,0.65,2.51,607.76
44518.83,12.83,7.3,2.02,0.52,4.56,608.74
44518.88,12.07,7.66,1.89,0.58,6.24,609.5
44518.92,11.24,7.93,1.72,0.43,7.76,610.3
44518.96,8.55,7.37,1.39,0.19,8.8,610.25
44519,8.46,7.42,1.19,0.04,9.68,609.98
44519.04,8,7.32,0.96,0.21,8.96,609.92
44519.08,8.08,7.48,0.73,3.13,10,609.77
44519.12,7.22,6.71,0.97,2.93,10,609.52
44519.17,6.44,6.09,0.97,2.97,10,609.4
44519.21,6.3,5.8,0.94,3.1,10,609.57
44519.25,5.67,5.34,1.05,2.82,9.76,609.77
44519.29,5.67,5.14,0.61,2.43,8.8,610
44519.33,5.92,5.17,0.9,0.98,9.52,610.37
44519.38,5.17,4.75,0.94,1.11,8.88,610.56
44519.42,7.73,5.62,0.75,0.84,9.26,610.88
44519.46,8.54,5.99,0.69,1.39,5.67,610.83
44519.5,9.45,6.39,0.72,2.08,4.45,610.02
44519.54,14.02,7.27,0.98,2.64,4.15,608.91
44519.58,14.29,7.12,1.11,2.81,4.69,607.96
44519.62,14.72,7.16,1.19,2.71,4.68,607.15
44519.67,14.79,7.53,1.47,3.03,8.85,606.72
44519.71,13.94,7.79,1.79,0.34,6.3,606.66
44519.75,10.33,7.47,2.08,0.47,6.01,606.55
44519.79,9.66,7.42,2.07,0.6,3.44,606.85
44519.83,9.36,7.53,2.11,0.53,5.76,607.9
44519.88,9.49,7.76,1.89,0.69,9.04,608.46
44519.92,9.41,7.92,1.6,0.62,10,609.1
44519.96,7.16,6.82,1.62,0.71,10,609.63
44520,6.73,6.53,1.4,0.68,10,609.68
44520.04,6.42,6.12,1.04,0.52,10,609.87
44520.08,5.95,5.59,0.97,0.46,10,609.46
44520.12,5.96,5.55,0.94,0.35,10,609.52
44520.17,5.3,5.15,0.77,3.08,10,609.13
44520.21,5.25,5.03,0.7,2.95,10,609.1
44520.25,5.04,4.83,0.82,2.06,10,608.89
44520.29,5.16,4.94,0.75,2.41,10,608.68
44520.33,5.21,4.94,0.64,3.03,10,609.37
44520.38,5.4,5.18,0.79,3.04,10,610.17
44520.42,7.1,5.2,0.92,0.46,10,610.57
44520.46,7.13,5,1.1,0.39,10,611.04
44520.5,7.03,5.09,1.2,0.39,10,610.41
44520.54,9.44,5.77,1.48,0.5,10,610.01
44520.58,9.28,5.9,1.74,0.58,10,609.74
44520.62,8.99,5.99,1.78,0.61,10,609.83
44520.67,8.19,5.99,1.59,0.68,10,610.23
44520.71,7.97,5.79,1.48,0.7,10,610.61
44520.75,5.65,4.51,1.23,0.82,10,610.88
44520.79,6.1,4.45,1.47,0.74,9.99,611.38
44520.83,6.61,4.89,1.4,0.84,9.65,612.66
44520.88,6.96,5.27,1.38,0.95,10,613.25
44520.92,6.77,5.38,1.19,1.01,10,613.91
44520.96,5.28,4.7,1.07,1.09,9.96,614.32
44521,5.34,4.75,0.9,1.11,9.92,614.36
44521.04,5.32,4.64,0.74,1.24,9.91,614.16
44521.08,5.25,4.58,0.66,1.11,10,613.98
44521.12,5.41,4.7,0.67,0.99,10,613.7
44521.17,5.08,4.54,0.7,0.93,10,613.79
44521.21,5.14,4.56,0.8,0.81,10,613.72
44521.25,5.19,4.72,0.88,0.94,10,614.17
44521.29,5.35,4.84,1.06,0.74,9.94,614.15
44521.33,5.45,5.19,1.1,0.79,9.94,614.13
44521.38,5.32,5.09,1.16,0.83,9.99,614.82
44521.42,6.47,5.34,1.28,0.84,9.2,615.12
44521.46,6.07,5.33,1.38,0.82,9.97,615.47
44521.5,5.94,5.44,1.5,0.81,8.95,615.31
44521.54,5.91,5.13,1.75,0.82,10,614.93
44521.58,5.46,4.79,1.82,0.84,10,614.48
44521.62,5.07,4.32,1.86,0.86,10,614.41
44521.67,4.08,3.69,1.76,0.86,10,614.74
44521.71,3.87,3.44,1.74,0.91,10,615.2
44521.75,2.51,2.11,1.74,0.98,10,616.65
44521.79,2.4,1.92,1.5,0.94,9.99,616.4
44521.83,2.44,1.88,1.54,1.06,10,617.2
44521.88,2.39,1.81,1.38,1.28,10,617.58
44521.92,2.2,1.64,1.47,1.34,10,618.2
44521.96,1.4,0.86,1.42,1.31,10,618.49
44522,1.75,0.85,1.33,1.39,9.76,618.71
44522.04,1.82,0.93,1.32,1.31,9.68,618.78
44522.08,1.91,1.02,1.28,1.29,9.68,618.67
44522.12,2.03,1.13,1.22,1.24,10,618.42
44522.17,1.48,0.71,1.27,1.18,8.88,618.22
44522.21,1.51,0.76,0.84,1.13,9.35,617.93
44522.25,1.27,1.05,0.99,0.65,10,617.97
44522.29,1.42,1.03,0.84,0.53,9.99,617.47
44522.33,1.5,0.98,0.93,0.34,8.84,617.72
44522.38,1.38,0.64,1.08,0.35,8.77,617.66
44522.42,2.37,1.07,1.22,0.46,8.44,617.94
44522.46,2.47,0.76,1.27,0.32,8.59,617.88
44522.5,2.54,0.51,1.42,0.28,8.71,617.22
44522.54,3.46,1.16,1.51,0.29,9.6,616.32
44522.58,3.26,1.39,1.49,0.35,9.83,615.62
44522.62,3.26,1.43,1.48,0.44,9.92,614.86
44522.67,2.9,1.43,1.43,0.46,9.6,614.67
44522.71,2.83,1.37,1.37,0.47,9.85,614.63
44522.75,2.19,1.75,1.11,0.59,9.92,614.95
44522.79,2.03,1.83,1.22,0.67,9.68,614.79
44522.83,2.02,1.83,1.21,0.75,9.37,615.46
44522.88,1.79,1.64,1.13,0.72,9.03,615.49
44522.92,2.12,1.81,1.21,0.79,9.49,616.07
44522.96,2.09,1.65,1.19,0.72,9.85,616.31
44523,2.15,1.34,1.15,0.83,9.47,616.41
44523.04,1.85,1.08,1.09,0.86,9.56,616.65
44523.08,1.83,0.97,1.03,0.91,9.16,616.65
44523.12,1.79,0.84,0.93,0.94,9.01,616.66
44523.17,1.36,0.37,0.79,0.96,9.49,616.59
44523.21,1.5,0.37,0.47,0.7,8.84,616.55
44523.25,1.12,0.47,0.53,1.99,9.87,616.52
44523.29,1.37,0.41,0.54,1.44,9.5,616.28
44523.33,1.43,0.36,0.42,2.22,9.83,616.35
44523.38,1.53,-0.2,0.76,1.7,7.84,617.06
44523.42,2.71,0.16,0.66,1.84,9.11,617.21
44523.46,3.46,0.39,0.39,2.43,9.04,617.57
44523.5,3.45,0.31,0.54,0.65,8.81,617.05
44523.54,5.74,0.68,0.97,0.66,9.33,616.2
44523.58,6.01,0.7,1.24,0.65,9.77,615.67
44523.62,5.78,0.47,1.39,0.7,9.96,615.14
44523.67,5.29,0.49,1.51,0.59,9.68,615.17
44523.71,5.07,0.57,1.47,0.56,9.52,615.15
44523.75,3.74,0.86,0.92,0.46,9.28,615.64
44523.79,3.68,1.41,0.94,0.47,9.42,616.12
44523.83,3.23,1.47,0.86,0.73,9.5,616.35
44523.88,3.51,1.58,0.55,0.36,9.4,616.6
44523.92,3.33,1.34,0.27,0.57,9.52,616.96
44523.96,2.5,1.25,0.16,2.85,9.65,616.97
44524,2.34,1.24,0.22,1.69,9.47,617.11
44524.04,2.14,1.33,0.19,1.91,8.69,617.02
44524.08,2.29,1.38,0.28,1.53,9.41,616.61
44524.12,2.42,1.22,0.45,1.36,9.55,616.28
44524.17,2.11,1.31,0.42,1.23,9.75,615.97
44524.21,1.99,1.35,0.48,1.34,9.84,615.85
44524.25,2.02,1.55,0.55,0.84,9.99,616.05
44524.29,2.09,1.79,0.55,0.74,9.91,616.14
44524.33,2.01,1.74,0.94,1.1,9.64,615.92
44524.38,2.3,2.01,0.91,1.05,7,616.07
44524.42,6.04,3.74,0.72,1.02,2.48,616.3
44524.46,6.55,3.63,0.51,1.56,1.26,616.42
44524.5,8.11,3.3,0.21,1.87,5.61,616.04
44524.54,11.45,3.23,0.37,1.06,9.73,615.25
44524.58,11.39,2.85,0.85,0.88,10,614.34
44524.62,11.11,2.74,1.22,0.73,10,613.84
44524.67,11.09,2.69,1.54,0.61,9.2,613.54
44524.71,10.44,2.86,1.42,0.52,8.82,613.86
44524.75,6.96,3.24,1.21,0.68,6.19,613.89
44524.79,6.48,4.18,1.09,0.47,7.53,614.35
44524.83,7.21,3.16,0.92,0.26,6.94,614.76
44524.88,7.18,3.31,0.77,0.37,5.86,614.77
44524.92,6.66,3.46,0.68,0.6,5.73,615.26
44524.96,4.96,3.26,0.63,0.32,7.55,615.44
44525,4.59,3.33,0.69,0.15,7.44,615.59
44525.04,3.97,3.18,0.7,0.38,8.36,615.43
44525.08,3.84,3.23,0.55,2.31,9,615.45
44525.12,3.61,3.02,0.33,1.65,9.85,615.25
44525.17,3.24,3.01,0.35,1.03,9.75,615.05
44525.21,2.88,2.81,0.69,0.93,9.81,614.77
44525.25,3,2.98,0.68,0.93,10,615.1
44525.29,3.29,3.21,0.75,1.09,10,614.95
44525.33,3.53,3.17,0.86,0.98,10,614.84
44525.38,3.68,2.8,0.95,0.84,8.72,615.37
44525.42,8.09,5.01,0.96,0.9,7.94,615.45
44525.46,8.6,5.36,0.55,1.75,7.35,615.41
44525.5,9.23,5.49,0.7,2.41,9.78,614.98
44525.54,12.24,5.05,0.68,2.89,10,614.15
44525.58,11.98,5.08,1.27,0.33,10,613.39
44525.62,11.9,5.27,1.76,0.39,8.96,613.03
44525.67,11.1,5.47,1.74,0.42,6.8,612.88
44525.71,10.62,5.49,1.58,0.42,7.12,613.01
44525.75,7.48,5.26,1.3,0.52,5.76,613.26
44525.79,7.53,5.69,1.45,0.59,5.76,613.51
44525.83,7.26,5.53,1.27,0.6,7.76,614.05
44525.88,7.88,5.84,1.29,0.69,10,614.42
44525.92,7.6,5.89,0.91,0.7,10,614.79
44525.96,6.03,5.71,1.13,0.68,10,615.27
44526,6.09,5.65,1.09,0.62,10,615.24
44526.04,5.82,5.64,1.15,0.6,10,615.41
44526.08,5.98,5.65,1.06,0.62,10,615.38
44526.12,5.89,5.51,1.04,0.58,10,615.37
44526.17,5.23,5.13,0.95,0.61,10,615.41
44526.21,5.06,4.79,1.03,0.66,10,615.37
44526.25,4.57,4.45,0.88,0.61,10,615.68
44526.29,4.6,4.39,0.98,0.59,10,615.98
44526.33,4.37,4.2,1.01,0.7,10,615.97
44526.38,4.2,3.97,0.92,0.72,10,616.65
44526.42,5.71,4.59,0.95,0.79,10,616.7
44526.46,5.56,4.62,0.95,0.81,10,617.1
44526.5,5.38,4.02,1.1,0.8,10,616.8
44526.54,6.95,3.69,1.22,0.7,10,616.04
44526.58,7.01,3.46,1.28,0.56,10,615.21
44526.62,6.98,3.51,1.28,0.48,10,614.86
44526.67,6.68,3.79,1.27,0.46,10,614.71
44526.71,6.57,4.11,1.28,0.36,10,614.88
44526.75,4.61,3.58,0.98,0.19,9.84,615.38
44526.79,4.94,3.85,0.83,0.38,10,615.64
44526.83,5.23,4,0.81,0.41,10,616.1
44526.88,5.18,4.13,0.75,0.35,10,616.26
44526.92,5.09,4.29,0.74,0.44,10,616.59
44526.96,4.48,4.22,0.63,0.6,10,616.83
44527,4.5,4.17,0.79,0.66,10,616.95
44527.04,4.45,4.11,0.78,0.6,10,616.75
44527.08,4.58,4.16,0.76,0.6,10,616.6
44527.12,4.62,4.11,0.78,0.52,10,616.3
44527.17,4.28,3.96,0.78,0.53,10,616.05
44527.21,4.35,3.95,0.82,0.51,10,616.04
44527.25,4.41,4.08,0.6,0.05,10,615.51
44527.29,4.45,4.07,0.62,0.03,10,616.02
44527.33,4.53,4.09,0.61,0.22,10,616.3
44527.38,4.37,4.07,0.6,2.99,10,616.56
44527.42,5.25,4.58,0.64,2.72,10,616.61
44527.46,4.93,4.21,0.8,2.85,10,616.73
44527.5,4.99,4.28,0.89,3.03,10,616.29
44527.54,6.84,4.72,1.02,3.13,10,615.63
44527.58,7.02,4.82,1.11,0,10,614.99
44527.62,6.9,4.81,1.4,0.14,10,614.46
44527.67,6.99,5.27,1.52,0.22,10,614.57
44527.71,6.64,5.39,1.37,0.46,10,614.66
44527.75,4.91,4.91,1.34,0.44,10,614.93
44527.79,4.75,4.75,1.33,0.61,10,615.13
44527.83,5.16,5.15,1.45,0.65,10,615.65
44527.88,5.46,5.28,0.84,0.72,10,616.12
44527.92,5.11,5.03,0.69,0.74,10,616.6
44527.96,4.66,4.65,0.7,0.67,10,616.77
44528,5.02,4.85,0.47,0.35,10,616.77
44528.04,5.16,4.98,0.49,3.06,10,616.5
44528.08,5.25,5.02,0.51,2.42,10,616.16
44528.12,5.26,5.01,0.68,2,10,615.87
44528.17,5.07,4.82,0.74,1.64,10,615.53
44528.21,5.06,4.81,0.8,1.28,10,615.31
44528.25,4.86,4.42,0.81,1.16,10,615.27
44528.29,5.12,4.24,0.5,1.2,9.84,614.98
44528.33,5.12,4.33,0.34,1.36,8.64,615.33
44528.38,5.22,4.05,0.38,1.78,7.84,616.06
44528.42,8.09,5.45,0.55,2.24,10,616.17
44528.46,8.44,5.53,0.69,1.85,10,616.36
44528.5,8.68,5.86,0.76,1.62,10,615.71
44528.54,11.41,6.1,0.91,1.62,10,614.75
44528.58,11.81,6.27,0.86,2.11,10,613.85
44528.62,11.42,6.48,1.39,3.02,9.73,613.28
44528.67,10.94,7.03,1.63,0.2,8.81,613.09
44528.71,10.06,6.99,1.67,0.34,7.52,613.03
44528.75,8.17,6.14,1.23,0.53,6.32,613.38
44528.79,7.73,6.38,1.66,0.64,6,613.79
44528.83,7.76,6.63,1.67,0.58,7.44,614.3
44528.88,7.72,6.6,1.56,0.69,9.52,614.75
44528.92,7.58,6.59,1.25,0.6,10,615.22
44528.96,5.62,5.51,1.21,0.63,10,615.53
44529,5.69,5.44,1.25,0.59,10,615.52
44529.04,5.46,5.28,1.24,0.49,10,615.48
44529.08,5.5,5.17,1.15,0.4,10,615.5
44529.12,5.5,5.13,1.08,0.38,10,615.36
44529.17,4.9,4.77,1.11,0.4,10,615.33
44529.21,4.8,4.64,0.97,0.51,10,615.27
44529.25,4.23,4.08,0.91,3.12,10,614.95
44529.29,4.2,4.05,1.13,0.76,10,615.67
44529.33,4.41,4.21,1.18,0.8,10,616.38
44529.38,3.91,3.67,1.07,0.88,10,617.15
44529.42,5.91,4.52,1.27,0.95,10,617.46
44529.46,5.71,4.77,1.44,0.97,10,617.84
44529.5,6.07,4.53,1.57,0.91,10,617.67
44529.54,6.6,4.25,1.7,0.83,10,617.17
44529.58,6.66,4.49,1.82,0.81,10,616.83
44529.62,6.24,4.84,1.78,0.82,10,616.84
44529.67,5.29,4.63,1.75,0.88,10,617.16
44529.71,4.96,4.35,1.75,0.92,10,617.68
44529.75,3.37,3.07,1.44,0.71,9.59,618.25
44529.79,3.51,2.93,1.47,0.78,9.76,619.06
44529.83,3.56,2.71,1.53,0.93,9.81,619.65
44529.88,3.47,2.46,1.49,1.04,9.92,620.24
44529.92,3.53,2.44,1.48,1.05,10,621.05
44529.96,2.7,1.91,1.32,1,9.92,621.27
44530,3.04,2.25,1.21,1.12,9.63,621.39
44530.04,3.19,2.37,0.65,1.05,9.44,621.17
44530.08,3.58,2.48,0.06,2.17,8.91,620.84
44530.12,4.23,2.41,0.41,0.73,8.96,620.72
44530.17,3.46,1.71,0.57,0.68,9.15,620.14
44530.21,4.1,1.66,0.64,0.79,9.29,619.92
44530.25,2.17,1.16,0.85,1.53,10,619.36
44530.29,1.76,0.8,0.98,1.08,10,619.67
44530.33,1.05,0.04,0.81,1.13,10,619.75
44530.38,1.51,0.68,0.94,0.88,10,620.22
44530.42,5.07,2.9,0.61,0.88,9.34,620.38
44530.46,6.07,0.31,0.57,1.55,6.82,620.36
44530.5,6.84,-3.53,0.83,1.73,2.18,619.44
44530.54,10.16,-5.8,1.01,1.95,2.44,618.24
44530.58,10.3,-5.88,1.02,2.18,1,616.86
44530.62,10.66,-5.65,1.08,2.51,0.4,615.95
44530.67,10.9,-5.57,1.25,2.77,1.12,615.7
44530.71,10.78,-6.01,1.37,3.08,1.08,615.25
44530.75,7.91,-4.1,1.61,0.24,1.52,615.48
44530.79,7.54,-4.17,1.64,0.47,1.42,615.77
44530.83,6.74,-3.11,1.49,0.31,2.12,616.26
44530.88,6.43,-1.01,1.5,0.66,2.05,616.48
44530.92,5.7,-1.12,1.45,0.65,2.94,616.8
44530.96,4.68,-0.13,1.32,0.49,2.82,617.08
44531,3.71,0.86,1.15,0.42,2.67,617.25
44531.04,3.82,0.64,1.06,0.5,3.27,617.33
44531.08,3.82,0.78,0.89,0.29,3.79,617.12
44531.12,3.16,1,0.71,0.05,7.4,616.88
44531.17,3.36,1.46,0.67,0.03,8.02,616.8
44531.21,3.46,1.49,0.58,0.14,8.55,616.59
44531.25,2.54,1.34,0.48,1.76,9.12,616.01
44531.29,2.52,1.1,0.44,0.45,6.82,616.68
44531.33,2.6,0.99,0.36,0.68,9.23,617.28
44531.38,2.22,0.6,0.36,2.41,7.19,617.53
44531.42,5.55,1.63,0.79,0.14,7.71,617.73
44531.46,5.7,1.68,1.24,0.47,9.66,617.98
44531.5,5.87,1.4,1.24,0.31,9.91,617.82
44531.54,9.13,1.7,1.1,0.2,9.86,616.9
44531.58,9.01,1.65,0.88,2.98,9.75,615.77
44531.62,9.32,1.79,0.89,2.87,9.82,615.24
44531.67,9.76,1.96,1.29,2.98,9.31,614.76
44531.71,9.31,1.58,1.48,0.1,9.49,614.53
44531.75,6.74,1.93,1.31,0.3,7.97,614.02
44531.79,7.2,1.93,1.43,0.52,6.97,614.87
44531.83,7.82,1.23,1.36,0.46,3.59,615.65
44531.88,7.6,1.46,1.47,0.72,6.18,616.23
44531.92,6.81,1.46,1.25,0.6,6.39,616.83
44531.96,5.69,1.67,1.12,0.28,5.8,617.04
44532,5.24,1.71,1.06,0.4,7.63,617.14
44532.04,4.7,1.88,0.82,0.07,9.26,617.16
44532.08,4.23,1.83,0.85,0.42,8.95,616.82
44532.12,3.77,1.96,0.91,0.53,9.58,617.04
44532.17,4.01,2.03,0.62,0.33,9.97,616.77
44532.21,3.86,2.07,0.83,0.77,9.85,617.27
44532.25,3.79,2.34,0.63,0.18,9.97,616.85
44532.29,3.77,2.31,0.58,0.91,9.95,617.84
44532.33,3.88,2.25,0.36,0.31,9.91,617.8
44532.38,3.49,1.59,0.42,0.67,9.79,618.1
44532.42,4.81,1.42,0.53,3.02,9.89,618.32
44532.46,5.01,1.67,0.62,2.36,9.85,618.3
44532.5,5.35,1.84,0.76,2.47,9.99,617.67
44532.54,7.38,1.95,0.8,3.04,9.65,616.79
44532.58,7.59,2.15,1.08,3.13,9.99,615.92
44532.62,7.55,2.19,1.32,0.27,10,615.43
44532.67,7.5,2.34,1.49,0.35,10,615.44
44532.71,7.19,2.04,1.49,0.37,10,615.39
44532.75,6.17,2.43,1.26,0.51,9.84,615.68
44532.79,5.98,2.5,1.24,0.64,9.26,616.49
44532.83,5.87,2.76,0.87,0.49,9.76,617.04
44532.88,5.82,2.88,1.23,0.52,10,617.03
44532.92,5.52,2.89,1.1,0.77,10,617.51
44532.96,4.83,2.72,0.91,0.56,9.91,617.82
44533,4.9,2.95,0.83,0.51,9.85,617.69
44533.04,4.83,2.92,0.58,0.31,9.8,617.52
44533.08,4.91,3.02,0.6,0.09,9.69,617.03
44533.12,4.78,3.09,0.54,2.75,9.64,616.88
44533.17,4.5,3.09,0.51,2.65,9.81,616.6
44533.21,4.72,3.31,0.49,2.96,9.81,616.5
44533.25,4.2,3.33,0.14,1.82,9.85,616.72
44533.29,4.34,3.31,0.49,0.38,9.91,617
44533.33,4.39,3.45,0.57,2.23,9.92,616.84
44533.38,4.22,3.34,0.53,0.98,9.83,617.19
44533.42,5.19,2.92,0.06,1.33,9.88,617.42
44533.46,4.99,3.16,0.57,2.46,9.96,617.61
44533.5,4.9,3.18,0.78,0.09,10,616.95
44533.54,7.07,3.73,1.18,0.43,10,616.44
44533.58,6.56,3.68,1.19,0.28,10,615.82
44533.62,6.39,3.85,1.17,0.16,9.97,615.27
44533.67,6.55,4.09,1.09,0.2,9.89,615.2
44533.71,6.48,3.7,1.03,0.17,10,615.41
44533.75,5.67,3.96,0.62,2.93,9.68,615.7
44533.79,5.72,4.11,0.77,0.55,9.93,616.31
44533.83,5.78,4.32,0.79,0.15,9.81,616.76
44533.88,6.14,4.52,0.69,0.3,9.95,616.64
44533.92,6.04,4.58,0.79,0.33,9.93,616.9
44533.96,5.17,4.55,0.83,0.1,9.33,616.99
44534,5.1,4.56,0.69,0.08,9.92,617.08
44534.04,5.1,4.68,0.66,2.34,9.87,616.86
44534.08,5.41,4.75,0.42,1.6,9.92,616.72
44534.12,5.35,4.82,0.85,1.54,9.85,616.2
44534.17,5.41,4.8,0.88,1.59,9.88,615.83
44534.21,5.41,4.81,0.63,1.73,9.93,615.43
44534.25,5.54,4.74,1.03,1.25,9.79,615.54
44534.29,5.66,4.77,0.59,0.86,9.7,616.14
44534.33,5.68,4.93,0.42,2.06,9.89,616.32
44534.38,5.62,4.69,0.5,1.98,9.92,616.37
44534.42,6.26,4.71,0.45,2.9,9.99,616.83
44534.46,5.89,4.64,0.77,0.38,9.91,616.88
44534.5,5.5,4.65,0.96,0.11,9.92,616.45
44534.54,7.11,4.67,0.97,3.11,9.96,615.68
44534.58,7.14,4.8,0.98,3.06,10,615.46
44534.62,7.47,4.99,1.11,2.66,10,614.74
44534.67,7.96,5.21,1.04,2.79,10,614.68
44534.71,8.03,5.06,1.05,0.08,10,614.87
44534.75,7.68,5.85,0.75,0.35,9.83,615.28
44534.79,7.59,5.62,1.11,0.32,7.99,615.89
44534.83,7.58,5.49,1.11,0.35,5.95,616.2
44534.88,7.01,5.38,1.3,0.66,7.79,616.73
44534.92,6.73,5.26,1.16,0.61,10,617.48
44534.96,5.67,5.03,1.08,0.45,10,617.71
44535,5.57,4.95,0.94,0.43,10,617.77
44535.04,5.5,4.83,0.71,0.41,10,617.93
44535.08,5.22,4.67,0.73,0.13,10,617.84
44535.12,5.25,4.59,0.6,3.11,10,617.73
44535.17,4.69,4.18,0.55,2.77,9.97,617.62
44535.21,4.77,4.11,0.59,2.21,9.88,617.44
44535.25,5.71,4.96,0.72,1.69,9.99,617.42
44535.29,5.9,5.17,0.74,1.4,9.76,617.51
44535.33,5.82,5.05,1.21,1.16,9.08,617.28
44535.38,6.23,4.86,1.47,0.87,8.8,617.72
44535.42,8.13,5.24,1.49,0.92,8.61,617.77
44535.46,8.33,5.7,1.36,1.08,8.36,617.72
44535.5,9.23,6.19,1.17,1.27,7.84,616.98
44535.54,12.89,6.1,1.04,1.67,8.69,615.95
44535.58,13.48,6.02,0.97,2.08,10,615.29
44535.62,13.8,5.83,1.02,2.6,9.06,614.58
44535.67,13.67,5.39,1.43,3.1,8.21,614.28
44535.71,13.24,5.12,1.58,0.17,0.72,614.24
44535.75,8.76,4.43,1.5,0.14,2.69,614.06
44535.79,10.17,4.26,1.33,0.31,2.81,614.73
44535.83,9.88,5.61,1.05,0.32,2.39,615.04
44535.88,9.66,6,0.94,0.38,2.45,615.1
44535.92,9.16,6.42,0.92,0.32,4.08,615.34
44535.96,7.17,5.91,0.88,0.35,3.52,615.74
44536,6.97,6.01,0.81,0.11,6.56,615.66
44536.04,6.68,6.07,0.79,2.92,5.04,615.62
44536.08,6.63,6.25,0.7,2.51,6.08,615.38
44536.12,6.64,6.23,0.7,2.29,6.88,615.16
44536.17,6.49,6.08,0.69,2.49,6.08,614.98
44536.21,6.64,6.18,0.62,2.66,7.28,614.8
44536.25,6.79,6.19,0.82,2.04,10,614.93
44536.29,6.54,6.13,0.55,2.85,10,615.38
44536.33,6.03,5.7,0.5,0.46,10,615.86
44536.38,5.58,5.35,0.55,0.37,10,616.22
44536.42,6.67,5.71,0.8,0.3,10,616.41
44536.46,6.17,5.73,1.06,3.08,10,616.66
44536.5,6.48,5.48,1.24,2.91,10,616.12
44536.54,8.59,6.02,1.33,2.79,10,615.14
44536.58,8.4,5.94,1.48,2.98,10,614.42
44536.62,8.07,6.1,1.7,0.12,8.96,613.63
44536.67,8.42,6.44,1.74,0.3,9.44,613.38
44536.71,8.21,6.42,1.63,0.4,9.28,613.55
44536.75,8.04,6.84,1.27,0.46,9.36,613.5
44536.79,7.93,6.91,1.12,0.64,10,613.84
44536.83,7.76,6.89,1.21,0.82,10,614.23
44536.88,7.75,6.71,1.13,0.75,10,614.25
44536.92,7.66,6.5,0.99,0.61,10,614.37
44536.96,6.19,5.98,0.99,0.47,10,614.47
44537,6.31,5.98,0.94,3.05,10,614.09
44537.04,6.46,5.94,0.81,2.7,10,613.47
44537.08,6.56,5.91,0.78,2.8,10,613.36
44537.12,6.67,5.95,0.82,2.87,10,612.8
44537.17,6.61,5.94,0.88,2.86,10,612.64
44537.21,6.66,5.84,0.94,2.79,10,612.28
44537.25,6.57,5.99,0.73,0.21,10,612.63
44537.29,6.65,5.97,1.2,0.25,10,612.82
44537.33,6.56,5.93,1.1,0.24,10,613.15
44537.38,6.38,6.03,1.05,0.3,10,613.47
44537.42,7.28,6.27,1.02,0.23,10,613.5
44537.46,7.04,6.31,1.12,3.11,10,613.65
44537.5,6.76,6.38,1.16,2.82,10,613.05
44537.54,9.01,6.54,1.22,2.76,10,612.47
44537.58,8.94,6.99,1.41,3.03,9.76,611.59
44537.62,8.28,6.92,1.72,0.27,9.28,611.1
44537.67,8.31,7.04,1.86,0.38,6.88,610.97
44537.71,7.55,6.33,2,0.47,7.44,611.27
44537.75,5.42,4.92,1.76,0.62,10,611.74
44537.79,4.79,4.63,1.77,0.85,10,612.21
44537.83,4.63,4.27,1.81,0.8,10,613.57
44537.88,4.63,4.02,1.44,0.7,10,614.03
44537.92,4.61,3.99,1.32,0.78,10,614.78
44537.96,3.64,3.4,1.31,0.78,10,615.16
44538,3.64,3.33,1.06,0.68,10,615.21
44538.04,3.08,2.8,1.07,0.64,10,615.27
44538.08,3.21,2.79,0.99,0.57,10,615.2
44538.12,3.35,2.83,0.97,0.52,10,615.15
44538.17,3.38,2.81,0.93,0.56,10,615.21
44538.21,3.5,2.8,1.01,0.53,10,615.06
44538.25,3.55,2.97,0.98,0.51,10,615.62
44538.29,3.6,2.93,1.07,0.39,10,615.6
44538.33,3.69,3.06,1.11,0.56,10,616.28
44538.38,3.57,3.01,1.17,0.61,10,616.91
44538.42,4.16,3.16,1.09,0.59,10,617.13
44538.46,4.07,3.05,1.09,0.44,9.92,617.22
44538.5,4.1,2.64,1.03,0.32,10,617.03
44538.54,5.84,2.95,0.98,0.24,10,616.42
44538.58,5.65,3.05,0.93,0.17,10,615.84
44538.62,5.57,3.02,0.99,0.09,10,615.6
44538.67,5.59,3.14,1.06,0.06,10,615.34
44538.71,5.61,3.17,1.09,0.26,10,615.53
44538.75,4.42,2.7,1.31,0.18,10,615.65
44538.79,4.81,2.87,1.1,0.32,10,616.17
44538.83,5.01,3.13,1.13,0.46,10,616.93
44538.88,5.26,3.4,1.05,0.54,10,616.97
44538.92,5.32,3.64,0.95,0.55,10,617.34
44538.96,4.54,3.74,0.87,0.51,10,617.51
44539,4.8,3.97,0.82,0.45,10,617.5
44539.04,4.81,3.92,0.76,0.28,10,617.18
44539.08,4.9,4.01,0.7,0.29,10,617.11
44539.12,5.13,4.3,0.61,0.13,9.79,616.79
44539.17,5.22,4.26,0.62,2.6,10,616.56
44539.21,5.36,4.3,0.66,2.34,10,616.27
44539.25,4.59,3.68,0.81,1.57,10,616.28
44539.29,4.89,3.55,0.89,1.36,9.99,616.16
44539.33,5.05,3.67,0.62,1.38,9.88,616.59
44539.38,5.07,3.65,0.67,1.97,10,617.03
44539.42,6.98,4.89,0.55,2.15,10,617.11
44539.46,6.96,4.75,0.64,2.48,10,617.07
44539.5,7.17,4.9,0.84,2.41,10,616.61
44539.54,9.69,5.2,0.9,2.4,10,615.71
44539.58,9.92,5.35,0.95,2.42,10,614.93
44539.62,10.32,5.53,1.12,2.6,10,613.95
44539.67,10.88,5.67,1.59,3.09,9.92,613.57
44539.71,10.42,5.66,1.54,0.08,9.28,613.58
44539.75,7.7,5.03,1.13,0.46,8.79,613.88
44539.79,7.36,5.29,1.06,0.63,8.56,613.92
44539.83,7.39,5.3,1.15,0.64,7.68,614.42
44539.88,7.27,5.48,1.14,0.53,7.28,614.47
44539.92,6.77,5.62,1.06,0.42,9.52,614.53
44539.96,5.22,4.76,1.01,0.37,10,614.5
44540,5.05,4.59,0.97,0.31,10,614.27
44540.04,4.89,4.23,0.8,0.36,10,613.94
44540.08,5,4.3,0.87,0.46,10,613.7
44540.12,4.92,4.21,0.95,0.47,10,613.55
44540.17,4.34,4.18,0.93,0.43,10,613.3
44540.21,4.08,3.84,0.92,0.27,10,613.27
44540.25,4.07,3.79,0.68,3.04,10,613.09
44540.29,3.86,3.48,0.46,0.13,10,613.03
44540.33,3.9,3.37,0.75,0.71,10,613.61
44540.38,4.01,3.42,0.99,0.53,10,613.9
44540.42,5.58,3.76,1.11,0.44,10,614.29
44540.46,5.06,3.53,1.21,0.32,10,614.32
44540.5,4.78,3.07,1.24,0.27,10,613.8
44540.54,7.29,4.16,1.33,0.25,10,613.04
44540.58,6.92,4.43,1.61,0.4,10,612.53
44540.62,6.69,4.59,1.85,0.43,10,611.99
44540.67,6.57,4.92,1.8,0.5,10,611.86
44540.71,6.63,4.9,1.74,0.64,10,612.03
44540.75,3.38,3.1,1.75,0.84,10,612.59
44540.79,3.54,3.13,1.64,0.75,10,613.21
44540.83,3.83,3.15,1.66,0.75,10,613.9
44540.88,4.03,3.23,1.44,0.84,10,614.37
44540.92,3.45,2.77,1.17,0.85,10,614.93
44540.96,1.83,1.64,1.13,0.86,10,615.19
44541,1.88,1.67,1,0.91,10,615.46
44541.04,1.64,1.43,1.07,0.85,10,615.38
44541.08,1.83,1.55,0.95,0.86,9.99,615.43
44541.12,2.17,1.57,0.97,0.83,10,615.36
44541.17,1.94,1.57,1,0.84,10,615.34
44541.21,1.56,1.33,1,0.81,9.76,615.39
44541.25,2.37,1.9,1.04,0.86,9.99,616.44
44541.29,2.54,1.97,1.15,0.77,9.97,616.23
44541.33,2.85,2.14,0.94,0.72,10,616.71
44541.38,2.5,1.91,0.92,0.83,9.96,617.32
44541.42,3.84,2.26,1.02,0.88,9.57,617.72
44541.46,4.17,1.54,1.12,0.9,9.23,618.06
44541.5,4.55,1.37,1.23,0.88,9.85,617.52
44541.54,5.57,1.52,1.42,0.85,10,616.94
44541.58,5.49,1.6,1.48,0.76,10,616.24
44541.62,4.76,2.08,1.6,0.65,9.76,616.01
44541.67,4.37,2.24,1.53,0.56,9.99,615.88
44541.71,4.52,2.24,1.51,0.62,9.04,616.36
44541.75,3,1.84,1.31,0.46,5.07,616.97
44541.79,3.03,2.37,1.42,0.68,8.24,617.12
44541.83,2.87,2.44,1.36,0.67,9.83,617.9
44541.88,2.95,2.2,1.49,0.82,9.88,618.26
44541.92,3.02,2.23,1.21,0.9,10,618.77
44541.96,2.26,1.6,1.17,0.97,10,619.41
44542,2.3,1.78,1.02,1.13,9.99,619.46
44542.04,2.22,1.8,0.95,1.16,9.98,619.44
44542.08,2.36,1.95,0.88,1.17,9.99,619.51
44542.12,2.39,2,0.82,1.22,9.93,619.48
44542.17,1.4,1.36,0.89,1.12,9.63,619.5
44542.21,1.66,1.61,0.77,1.08,9.95,619.49
44542.25,1.66,0.94,1.03,0.77,9.82,619.89
44542.29,1.81,1.21,0.94,0.88,9.76,619.97
44542.33,1.86,1.22,0.9,0.89,9.03,620.3
44542.38,1.62,0.84,0.72,0.83,8.59,620.34
44542.42,3.82,1.44,0.75,0.77,8.65,620.65
44542.46,3.87,1.37,0.84,0.67,9.75,620.43
44542.5,4.01,1.08,1.03,0.68,9.97,620.23
44542.54,5.56,1.03,0.98,0.6,10,619.13
44542.58,5.7,1.43,1,0.41,10,618.54
44542.62,5.64,1.42,1.16,0.26,10,617.66
44542.67,5.75,1.59,1.26,0.14,10,617.22
44542.71,5.13,1.16,1.32,0.21,9.68,617.16
44542.75,4.29,0.48,0.94,3.09,9.37,617.11
44542.79,4.08,1.23,1.05,0.16,7.73,616.97
44542.83,4.01,1.32,1.28,0.3,3.03,617.38
44542.88,3.64,1.29,1.26,0.46,3.71,617.66
44542.92,3.6,1.73,1.07,0.39,4.63,617.89
44542.96,2.55,1.46,0.86,0.47,5.56,618.14
44543,3.02,1.33,0.73,0.36,6.31,617.99
44543.04,2.49,1.59,0.62,3.08,6.9,617.81
44543.08,2.84,1.3,0.6,2.59,6.74,617.3
44543.12,2.75,1.33,0.52,1.97,5.42,616.76
44543.17,2.42,1.39,0.74,1.71,5.94,616
44543.21,2.24,1.42,0.79,1.52,5.06,615.55
44543.25,1.98,1.39,1.17,1.08,8.61,615.45
44543.29,2.04,1.34,1.23,1.1,3.18,614.78
44543.33,2.4,1.22,1.22,1,7.67,615.01
44543.38,1.94,0.93,1.15,0.91,8.97,615.2
44543.42,5.32,2.19,0.97,0.91,2.7,615.05
44543.46,6.21,2.47,0.83,1.19,1.38,614.94
44543.5,7.34,3.01,0.82,1.29,1.22,614.09
44543.54,11.93,4.16,0.77,1.69,2.73,613.06
44543.58,12.38,4.12,0.93,1.67,4.57,611.94
44543.62,12.81,3.61,0.95,1.02,8.84,611.03
44543.67,12.89,3.64,0.37,0.84,4.42,610.54
44543.71,11.95,4.23,1.21,0.48,2,610.59
44543.75,8.69,3.26,1.87,0.41,3.03,610.89
44543.79,8.46,3.27,1.75,0.48,3.52,611.56
44543.83,8.32,3.85,1.44,0.39,4.8,612.12
44543.88,8.46,4.41,1.18,0.39,5.68,612.61
44543.92,7.9,4.7,0.98,0.36,6.4,612.74
44543.96,5.61,4.17,1.01,0.31,6.24,613.03
44544,5.39,4.22,0.99,0.17,7.44,613.18
44544.04,4.75,3.99,0.82,2.77,8,612.82
44544.08,4.3,3.73,0.8,2.44,7.44,612.41
44544.12,4.32,3.67,0.74,2.35,6.8,612.05
44544.17,3.38,3.28,0.78,2.76,10,611.66
44544.21,3.3,3.12,0.7,2.75,10,611.52
44544.25,2.76,2.62,0.8,2.45,10,611.52
44544.29,2.55,2.34,0.78,2.34,10,611.29
44544.33,2.36,2.03,0.71,2.73,10,611.7
44544.38,1.89,1.76,0.62,2.7,10,611.89
44544.42,3.93,2.63,0.72,2.56,10,612.17
44544.46,4.36,2.94,0.8,2.4,10,612.36
44544.5,5.69,3.75,0.85,2.21,9.92,611.74
44544.54,9.42,4.83,0.91,2.26,10,610.8
44544.58,10.53,5,0.77,1.97,9.68,609.79
44544.62,11.77,4.83,0.77,2.6,9.04,608.96
44544.67,12.22,4.98,1.42,0.02,1.9,608.38
44544.71,11.18,5.22,1.46,0.16,1.76,608.35
44544.75,7.31,4.53,1.9,0.39,2.48,608.79
44544.79,7.77,4.38,1.69,0.49,3.76,609.41
44544.83,8,4.69,1.58,0.44,5.12,609.97
44544.88,7.67,5.25,1.47,0.55,6.72,610.46
44544.92,7,5.36,1.38,0.56,7.84,610.74
44544.96,4.6,3.83,1.25,0.4,8.24,610.93
44545,4.23,3.69,0.85,0.49,10,610.9
44545.04,3.35,3.08,0.88,0.46,10,610.92
44545.08,3,2.62,1.12,0.42,10,610.61
44545.12,3.58,3.34,1.07,0.29,10,610.5
44545.17,2.79,2.65,1.09,0.11,10,610.16
44545.21,2.47,2.39,1,2.88,10,609.81
44545.25,2.56,2.37,1.11,1.81,10,609.59
44545.29,2.6,2.39,0.73,1.25,10,609.34
44545.33,2.74,2.51,0.76,0.06,9.84,609.91
44545.38,2.35,2.1,0.82,2.84,10,610.1
44545.42,4.63,2.63,0.87,2.55,10,610.56
44545.46,5.07,2.56,1.03,2.58,10,610.75
44545.5,5.65,3.07,0.92,2.42,8.64,610.2
44545.54,9.92,4.45,0.73,2.4,6.64,609.34
44545.58,10.66,4.43,1.22,3.09,3.6,608.45
44545.62,10.51,4.53,1.81,0.2,2,608.04
44545.67,10.8,4.82,2.17,0.38,2.23,608.13
44545.71,9.83,5.59,2.14,0.49,2.72,608.58
44545.75,5.14,3.65,1.48,0.54,5.28,608.4
44545.79,4.59,3.66,1.53,0.74,6,609.8
44545.83,5.08,4.06,1.27,0.7,9.92,610.81
44545.88,4.76,3.65,1.67,0.74,9.91,611.5
44545.92,4.47,3.58,1.62,0.7,10,612.41
44545.96,3.28,2.55,1.42,0.7,9.99,612.78
44546,3.42,2.52,1.34,0.64,9.96,613.15
44546.04,3.13,2.28,1.19,0.63,10,613.16
44546.08,3.03,2.09,1.14,0.63,9.96,613.18
44546.12,2.29,1.3,0.9,0.59,9.92,613.11
44546.17,1.71,1.47,0.81,0.59,9.8,613.05
44546.21,1.82,1.51,0.56,0.52,9.77,612.97
44546.25,1.78,1.37,0.7,3.11,8.79,612.81
44546.29,2.05,1.7,0.67,0.18,9.13,612.9
44546.33,2.27,1.95,1.02,0.64,7.76,613.73
44546.38,2.08,1.38,1.02,0.7,7.33,614.17
44546.42,4.89,1.82,1.15,0.77,8.89,614.84
44546.46,4.86,1.2,1.25,0.64,10,615.34
44546.5,4.8,0.89,1.4,0.57,10,615.29
44546.54,6.58,1.68,1.57,0.52,10,614.96
44546.58,6.65,1.66,1.66,0.57,10,614.59
44546.62,6.15,1.99,1.69,0.63,9.92,614.21
44546.67,5.74,2.33,1.69,0.66,9.92,614.32
44546.71,5.4,2.32,1.69,0.51,9.6,614.6
44546.75,3.25,0.65,1.67,0.49,9.07,614.74
44546.79,3.36,1.06,1.07,0.75,9.2,615.85
44546.83,3.58,1.31,1.54,0.82,9.84,616.74
44546.88,3.65,1.82,1.38,0.88,9.28,617.17
44546.92,3.04,1.91,1.21,0.97,8.69,617.7
44546.96,1.45,1.13,1.26,0.95,9.72,618.33
44547,1.28,1.08,1.15,0.86,9.46,618.22
44547.04,1.22,0.89,1.11,0.77,9.51,618.5
44547.08,1.36,1.01,1.11,0.72,9.57,618.34
44547.12,1.46,1.05,1,0.75,9.33,618.17
44547.17,0.86,0.84,0.97,0.71,9.16,617.96
44547.21,0.95,0.96,0.93,0.75,8.56,617.58
44547.25,0.77,0.44,0.95,0.33,8.77,617.6
44547.29,0.92,0.63,1.03,3.05,8.56,617.41
44547.33,0.94,0.62,1.05,0.33,8.65,617.53
44547.38,0.82,0.6,1.17,0.51,9.63,618.08
44547.42,2.23,0.81,1.33,0.55,9.23,618.46
44547.46,1.96,0.18,1.54,0.47,9.57,618.61
44547.5,1.6,-0.19,1.36,0.29,9.57,618.02
44547.54,2.57,-0.35,1.39,0.19,8.96,617.13
44547.58,2.41,-0.6,1.4,0.15,9.68,616.24
44547.62,1.75,-0.46,1.4,0.15,9.36,615.39
44547.67,1.66,-0.33,1.44,0.15,9.44,615.05
44547.71,1.37,-0.74,1.54,0.39,9.84,614.77
44547.75,0.79,-1.14,1.54,0.37,9.55,614.86
44547.79,0.68,-0.74,1.6,0.57,8.4,615.33
44547.83,0.62,-0.86,1.13,0.76,8.75,615.7
44547.88,0.55,-0.88,1.22,0.86,9.24,616.27
44547.92,0.12,-1.17,1.28,0.8,9.05,616.86
44547.96,-1.16,-1.69,1.03,0.7,8.95,617.47
44548,-1.01,-1.86,1.15,0.65,9.6,617.48
44548.04,-1.3,-2.38,1.28,0.72,9.52,617.61
44548.08,-1.31,-2.44,1.31,0.81,9.74,617.53
44548.12,-1.15,-2.4,1.26,0.82,9.68,617.48
44548.17,-1.32,-2.77,1.23,0.81,10,617.4
44548.21,-1.2,-2.85,1.18,0.78,9.99,617.2
44548.25,-1.97,-3.37,1.24,0.59,10,617.95
44548.29,-1.92,-3.36,1.13,0.66,9.98,617.63
44548.33,-1.83,-3.35,1.13,0.78,9.99,617.92
44548.38,-2.09,-3.48,1.16,0.76,9.8,618.44
44548.42,-0.55,-3.14,1.16,0.67,9.41,618.87
44548.46,-0.8,-3.49,1.09,0.6,9.16,619.09
44548.5,-1.07,-4.04,1.06,0.61,8.71,618.62
44548.54,0.22,-4.07,1.08,0.56,9.23,617.93
44548.58,0.6,-4.21,1.14,0.42,9.26,616.84
44548.62,0.68,-4.29,1.25,0.29,9.98,616.27
44548.67,0.58,-4.35,1.31,0.26,9.96,615.83
44548.71,0.3,-4.22,1.41,0.34,9.66,615.95
44548.75,-1.08,-4.59,1.14,0.45,8.47,616.08
44548.79,-0.77,-4.32,1.14,0.67,7.73,616.16
44548.83,-0.47,-3.99,1.17,0.76,7.06,616.83
44548.88,-0.62,-3.48,1.29,0.76,7.51,616.99
44548.92,-0.7,-3.63,1.02,0.71,7.55,617.7
44548.96,-1.59,-3.68,0.88,0.69,7.17,617.88
44549,-1.46,-3.41,0.76,0.55,6.01,617.95
44549.04,-1.62,-3.43,0.76,0.55,6.68,617.94
44549.08,-1.65,-3.54,0.76,0.57,7.99,617.54
44549.12,-1.61,-3.39,0.83,0.53,7.35,617.21
44549.17,-1.63,-3.46,0.69,0.43,8.44,616.92
44549.21,-1.57,-3.65,0.5,0.35,7.85,616.32
44549.25,-1.53,-3.51,0.61,1.68,7.97,616.06
44549.29,-1.25,-3.54,0.63,1.72,7.09,615.8
44549.33,-1.1,-3.65,0.65,1.84,7.17,615.83
44549.38,-0.98,-3.83,0.75,1.83,8.13,615.77
44549.42,1.29,-2.9,0.86,2,6.83,615.81
44549.46,1.96,-2.31,0.84,2.2,5.08,615.88
44549.5,2.67,-1.58,0.86,2.16,4.26,614.99
44549.54,6.02,-0.68,0.94,1.88,6.35,613.98
44549.58,6.23,-0.17,1.19,2.43,7.83,612.78
44549.62,6.67,0.4,1.46,2.92,2.86,612.14
44549.67,7.41,1.07,1.46,3.02,0.65,611.6
44549.71,6.57,1.04,1.73,0.3,1.32,611.6
44549.75,2.63,0.05,1.83,0.34,0.18,611.52
44549.79,1.78,-0.65,2.09,0.54,0.38,611.8
44549.83,1.4,-0.83,2.13,0.69,2.74,613.16
44549.88,1.18,-0.94,1.8,0.68,4.95,613.84
44549.92,0.9,-0.75,1.34,0.55,8.06,614.31
44549.96,-0.62,-1.22,1.13,0.52,9.6,614.54
44550,-0.31,-1.16,0.96,0.38,8.96,614.65
44550.04,-0.52,-1.41,0.87,0.37,9.52,614.94
44550.08,-0.29,-1.68,0.75,0.42,9.68,614.66
44550.12,-0.24,-1.81,0.74,0.53,8.88,614.5
44550.17,-1.18,-2.36,0.71,0.52,8.08,614.23
44550.21,-1.05,-2.27,0.62,0.56,7.84,614.16
44550.25,-1.81,-2.64,0.08,0.3,9.97,614.51
44550.29,-1.57,-2.57,0.51,2.86,8.88,613.97
44550.33,-1.43,-2.29,0.6,0.2,7.13,614.55
44550.38,-1.5,-2.62,0.56,0.39,8.01,614.88
44550.42,1.91,-2.27,0.44,0.1,7.64,615.56
44550.46,1.81,-2.33,0.42,0.04,6.04,615.5
44550.5,2.04,-2.26,0.4,3.04,5.17,615.06
44550.54,6.06,-1.8,0.56,3.03,5.15,614.25
44550.58,6.23,-1.66,0.79,3.09,5.78,613.31
44550.62,6.54,-1.43,1.2,0.05,5.15,612.91
44550.67,6.38,-1.17,1.53,0.17,7.21,612.38
44550.71,6.28,-1.07,1.56,0.39,5.97,612.43
44550.75,3.11,-0.23,1.56,0.55,3.53,612.95
44550.79,4.59,-0.52,1.3,0.69,1.51,613.01
44550.83,4.72,-0.31,1.1,0.8,1.79,613.66
44550.88,4.29,-0.24,0.92,1,0.56,613.82
44550.92,3.93,-0.23,0.76,0.75,2.15,614.46
44550.96,1.92,-0.42,0.56,0.81,3.71,614.64
44551,1.78,-0.41,0.15,1.75,4.49,614.92
44551.04,1.2,-0.62,0.11,1.19,3.57,614.82
44551.08,1.08,-0.74,0.42,1.1,2.73,614.56
44551.12,0.92,-0.83,0.66,0.97,2.91,614.28
44551.17,0.2,-1.69,0.78,0.87,2.75,613.94
44551.21,0.24,-1.79,0.83,0.86,3.39,613.68
44551.25,-0.63,-2.11,0.97,0.81,3.79,614.32
44551.29,-0.63,-2.27,0.98,0.8,5.01,613.79
44551.33,-0.29,-2.24,1.02,0.72,7.15,614.38
44551.38,-0.38,-2.11,1.07,0.75,8.89,614.81
44551.42,6.05,1.07,0.95,0.84,7.9,615.14
44551.46,6.73,0.91,0.59,1.26,1.63,615.11
44551.5,7.3,-0.02,0.5,2.54,1.69,614.47
44551.54,11.48,-0.71,0.89,0.03,0.95,613.77
44551.58,11.6,-0.06,1.19,0.08,0.35,612.73
44551.62,11.53,0.45,1.44,0.13,1.97,612.3
44551.67,11.97,0.57,1.54,0.18,3.65,612.07
44551.71,11.5,0.72,1.66,0.31,5.63,612.2
44551.75,6.67,0.82,1.85,0.36,3.63,612.34
44551.79,8.37,0.3,1.47,0.5,3.33,612.89
44551.83,8.01,0.54,1.14,0.6,2.31,613.32
44551.88,7.55,0.64,0.95,0.51,0.39,613.54
44551.92,6.79,0.9,0.69,3.07,0.89,613.93
44551.96,3.61,0.28,0.47,1.77,0,613.98
44552,3.45,0.33,0.4,1.34,0.34,614.08
44552.04,2.7,0.15,0.51,1.08,0.41,613.84
44552.08,2.44,0.02,0.66,0.99,0.48,613.46
44552.12,2.44,0.01,0.71,0.94,0.18,613.32
44552.17,1.83,0.02,0.7,0.93,0.01,612.79
44552.21,1.72,-0.18,0.67,0.96,0.11,612.71
44552.25,1.08,-0.28,0.98,0.85,1.42,612.8
44552.29,0.28,-0.38,1.06,0.8,2.4,612.79
44552.33,-1.1,-1.45,0.96,0.75,5.59,613.08
44552.38,-0.9,-1.25,0.98,0.77,10,613.57
44552.42,4.22,2.12,0.69,0.92,9.99,613.81
44552.46,5.3,2.4,0.51,2.63,2.13,613.88
44552.5,6.13,2.66,0.98,2.96,1.97,613.36
44552.54,10.14,2.77,1.17,2.86,2.11,612.26
44552.58,10.85,3.28,1.35,2.75,7.68,611.28
44552.62,10.51,3.44,1.56,2.96,8.85,610.46
44552.67,9.76,3.77,1.76,0.16,7.12,610.15
44552.71,8.97,3.91,1.74,0.37,7.12,610.15
44552.75,6.7,3.6,1.17,0.63,5.44,610.39
44552.79,5.99,4.03,1.69,0.54,4.56,610.7
44552.83,5.57,3.97,1.43,0.49,6.88,611.1
44552.88,5.77,4,1.18,0.48,8,611.32
44552.92,5.76,4.24,1.04,0.1,7.6,611.28
44552.96,3.37,3.02,0.93,2.54,7.84,611.02
44553,3.8,3.17,0.87,1.9,10,610.72
44553.04,3.59,3.07,0.91,1.42,10,610.25
44553.08,3.7,2.89,1.05,1.28,6.16,609.93
44553.12,4,2.97,1.12,1.15,3.44,609.61
44553.17,4.21,2.87,1.11,1.04,2.64,609.29
44553.21,4.04,2.63,1.24,1.07,2.16,608.87
44553.25,4.31,2.18,1.59,1.11,2.02,609.15
44553.29,4.03,1.77,1.52,1.05,2.16,608.75
44553.33,3.8,1.41,1.48,0.98,2.16,609.29
44553.38,2.92,0.83,1.22,0.95,1.39,609.52
44553.42,7.13,2.71,0.88,1.18,1.34,610.08
44553.46,8.2,3.09,0.64,1.7,1.34,610.21
44553.5,8.58,3.72,0.61,2.49,1.67,610.08
44553.54,11.19,4.04,0.93,2.98,2.14,609.4
44553.58,10.89,4.46,1.1,3.08,4.29,608.64
44553.62,10.32,4.94,1.67,0.35,4.57,608.53
44553.67,8.58,4.42,1.69,0.51,6.48,608.47
44553.71,7.4,4.5,1.91,0.56,5.36,609.03
44553.75,4.56,3.55,1.75,0.64,6.16,609.31
44553.79,4.08,3.73,1.35,0.5,9.28,609.94
44553.83,4.07,3.24,1.57,0.66,10,610.59
44553.88,4.08,2.79,1.67,0.7,9.99,611.43
44553.92,3.64,2.12,1.48,0.89,9.97,612.11
44553.96,2.37,1.42,1.29,0.95,9.93,612.51
44554,2.51,1.42,1.03,0.88,9.52,612.73
44554.04,1.93,1.09,0.81,0.92,9.37,612.78
44554.08,1.83,0.96,0.56,0.87,9.54,612.74
44554.12,1.88,1.11,0.25,0.4,9.53,612.78
44554.17,1.18,0.58,0.09,0.75,8.05,612.79
44554.21,1.1,0.45,0.33,0.58,9.51,612.58
44554.25,1.17,0.67,0.29,1.61,9.21,612.83
44554.29,1.15,0.62,0.68,0.86,9.19,613.06
44554.33,1.12,0.53,0.9,0.92,8.97,613.45
44554.38,1.16,0.34,0.84,0.97,6.24,613.88
44554.42,5.34,1.82,0.58,1.25,2.45,614.27
44554.46,5.41,1.8,0.44,2.85,5.18,614.25
44554.5,5.77,1.75,0.67,0.57,8.45,613.97
44554.54,9.82,1.39,0.91,0.55,9.76,613.49
44554.58,9.41,1.43,1.29,0.51,9.76,612.65
44554.62,8.54,1.81,1.54,0.5,6.59,612.48
44554.67,8.74,1.79,1.48,0.53,6.92,612.23
44554.71,8.32,1.81,1.49,0.64,8.88,612.45
44554.75,5.57,1.23,1.39,0.65,6.19,612.66
44554.79,5.61,2.24,1.53,0.58,3.95,613.03
44554.83,5.63,2.17,1.36,0.51,4.42,613.9
44554.88,5.98,2.02,1.24,0.4,4.7,614.16
44554.92,5,2.07,1.06,0.32,4.68,614.45
44554.96,2.8,0.99,0.71,3.14,2.7,614.61
44555,2.86,1.05,0.43,1.56,2.91,614.75
44555.04,2.66,1.45,0.48,1.58,3.15,614.5
44555.08,2.69,1.52,0.44,1.46,2.81,614.24
44555.12,2.93,1.36,0.5,1.33,4.66,614.17
44555.17,2.68,1.44,0.38,1.19,8.62,613.85
44555.21,2.74,1.38,0.48,1.22,9.09,613.79
44555.25,0.45,0.16,0.66,1.31,9.16,613.72
44555.29,0.28,-0.1,0.57,1.25,9.13,613.98
44555.33,0.37,-0.05,0.43,1.11,9.47,614.32
44555.38,0.3,0.01,0.33,1.51,9.68,614.88
44555.42,3.74,1.96,0.31,2.64,9.97,614.96
44555.46,4.54,1.72,0.85,0.23,10,615.39
44555.5,4.94,1.88,1.04,3.13,10,614.97
44555.54,7.16,2.55,1.25,3.03,10,614.2
44555.58,7,2.73,1.39,0.04,9.92,613.29
44555.62,7.25,2.76,1.5,0.26,10,613.01
44555.67,6.61,2.82,1.92,0.63,9.6,612.83
44555.71,6.17,3.22,2.02,0.75,10,613.25
44555.75,3.62,2.41,1.56,0.81,10,613.94
44555.79,3.34,2.66,1.18,0.7,10,614.44
44555.83,3.4,2.44,1.77,0.68,10,614.88
44555.88,3.39,2.33,1.57,0.74,10,615.44
44555.92,3,2.03,1.25,0.78,9.99,615.83
44555.96,1.64,1.35,1.13,0.88,10,615.98
44556,1.75,1.34,1.02,0.99,10,616.19
44556.04,1.59,1.13,1.04,1.05,10,615.98
44556.08,1.89,1.31,1.13,1.06,10,615.83
44556.12,2.01,1.6,1.22,1.07,10,615.97
44556.17,1.37,1.16,1.1,0.97,10,616.09
44556.21,1.6,1.36,1.29,0.9,10,616.36
44556.25,0.84,0.43,1.4,0.8,10,616.25
44556.29,1.22,0.72,1.24,0.88,10,616.79
44556.33,1.27,0.62,1.23,1.02,10,617.48
44556.38,1.1,0.54,1.74,1.01,10,617.74
44556.42,2.09,0.6,1.6,0.97,9.21,618.33
44556.46,2.02,0.61,1.64,0.9,9.83,618.79
44556.5,1.75,0.35,1.78,0.86,9.31,618.67
44556.54,0.81,-0.59,1.81,0.84,9.57,618.21
44556.58,1.43,-0.77,1.89,0.8,9.36,617.53
44556.62,1.18,-1.09,1.85,0.75,9.17,617.01
44556.67,0.46,-1.36,1.83,0.69,9.43,616.84
44556.71,0.19,-1.56,1.72,0.65,9.55,616.91
44556.75,-0.66,-2.48,1.7,0.6,7.41,617.11
44556.79,-0.74,-2.56,1.59,0.65,9.11,617.18
44556.83,-0.8,-2.52,1.48,0.71,9.82,617.71
44556.88,-0.86,-2.41,1.43,0.7,9.98,618.03
44556.92,-1.09,-2.61,1.29,0.61,9.84,618.1
44556.96,-1.83,-3.27,1.25,0.65,9.21,618.03
44557,-1.85,-3.38,1.15,0.56,9.21,617.96
44557.04,-1.77,-3.41,1.1,0.49,9.79,617.67
44557.08,-1.54,-3.23,0.97,0.29,9.56,617.03
44557.12,-1.63,-3.37,1,0.22,8.72,616.9
44557.17,-1.71,-3.5,1,0.18,8.64,616.52
44557.21,-1.93,-3.6,1.18,0.2,8.8,616.34
44557.25,-2.23,-4.05,1.1,0.1,6.84,616.05
44557.29,-2.44,-4.25,0.86,0.28,8.88,616.04
44557.33,-2.68,-4.48,1.43,0.42,9.92,616.54
44557.38,-2.98,-4.58,1.36,0.39,9.44,617.05
44557.42,-1.59,-3.98,1.32,0.3,9.52,617.29
44557.46,-1.42,-4.22,1.24,0.21,7.97,617.17
44557.5,-0.97,-3.93,1.05,0.02,9.81,616.84
44557.54,1.36,-3.2,0.97,2.89,8.8,615.88
44557.58,1.94,-2.78,1.06,2.97,9.12,615.06
44557.62,2.28,-2.54,1.22,3.03,9.36,614.28
44557.67,3.15,-1.56,1.34,3.13,9.97,613.91
44557.71,2.26,-1.88,1.82,0.37,9.26,613.78
44557.75,-0.4,-3.11,1.63,0.41,8.61,614
44557.79,-0.78,-3.3,1.61,0.49,5.46,614.1
44557.83,-0.97,-3.38,1.21,0.6,4.48,614.7
44557.88,-1.07,-3.38,1.29,0.61,4.96,615.1
44557.92,-1.62,-3.43,1.26,0.46,9.28,615.49
44557.96,-2.6,-3.74,1.09,0.25,6.8,615.46
44558,-2.77,-3.75,0.86,0.17,8.08,615.36
44558.04,-2.27,-3.91,0.73,0.09,7.68,614.92
44558.08,-2.8,-3.81,0.63,2.81,6.8,614.61
44558.12,-2.82,-3.95,0.62,2.61,6.31,614.1
44558.17,-3,-4.51,0.65,2.69,4.8,614.04
44558.21,-2.78,-4.49,0.66,3.03,3.9,613.69
44558.25,-2.72,-4.88,0.73,2.69,7.2,613.6
44558.29,-2.84,-4.63,0.66,2.61,6,613.57
44558.33,-2.63,-4.96,0.73,0.01,5.04,613.72
44558.38,-2.66,-4.9,0.71,0.21,3.12,614.09
44558.42,0.93,-2.7,0.75,0.1,2.64,614.56
44558.46,1.38,-2.27,0.9,3.01,2.64,614.65
44558.5,2.57,-1.22,0.98,2.95,2.4,614.25
44558.54,6.22,-0.15,1.14,3.1,2.24,613.56
44558.58,5.96,0.17,1.25,0.1,2.24,612.54
44558.62,5.48,0.46,1.37,0.21,7.79,612.1
44558.67,5.79,0.84,1.82,0.55,8.2,611.99
44558.71,5.16,0.62,1.99,0.56,4.57,612.26
44558.75,1.63,-0.95,1.44,0.32,3.96,612.42
44558.79,0,-1.16,2,0.53,3.33,613.01
44558.83,-0.14,-1.45,1.93,0.62,4.31,614.47
44558.88,-0.11,-1.05,1.03,0.7,6.16,615.05
44558.92,-0.53,-1.77,1.18,0.66,10,615.51
44558.96,-2.59,-3.06,1.13,0.6,10,615.85
44559,-2.51,-3.31,1.06,0.59,10,616.26
44559.04,-2.91,-4.06,1,0.49,10,616.13
44559.08,-3.42,-4.61,1.04,0.42,10,616.05
44559.12,-3.45,-4.92,0.81,0.34,10,616.04
44559.17,-3.67,-5.29,0.74,0.25,8.96,615.97
44559.21,-3.24,-5.13,0.59,0.08,9.12,615.81
44559.25,-2.96,-4.61,0.42,1.45,9.41,615.91
44559.29,-2.74,-4.97,0.74,1.27,8.47,616.04
44559.33,-2.39,-5.01,0.13,2.38,7.44,616.32
44559.38,-2.58,-5.35,0.14,1.05,7.06,616.85
44559.42,0.56,-4.18,0.5,0.91,7.17,617.37
44559.46,0.39,-4.47,0.95,0.81,5.81,618.08
44559.5,0.78,-4.29,1.11,0.74,5.96,617.84
44559.54,3.56,-3.91,1.19,0.6,5.79,617.11
44559.58,3.67,-3.56,1.26,0.49,4.39,616.28
44559.62,3.58,-3.28,1.48,0.48,6.32,615.73
44559.67,3.4,-3.23,1.62,0.43,5.36,615.76
44559.71,2.88,-3.09,1.74,0.5,6.09,615.84
44559.75,-0.34,-4.09,1.38,0.44,1.79,616.12
44559.79,-0.77,-3.2,1.44,0.68,1.17,616.47
44559.83,-0.65,-2.86,1.57,0.73,0.65,616.85
44559.88,-0.42,-2.75,1.29,0.61,5.47,617.15
44559.92,-0.84,-3.25,0.74,0.52,7.42,617.38
44559.96,-2.43,-3.98,0.71,0.38,7.75,617.79
44560,-2.22,-4.11,0.8,0.23,8.19,617.53
44560.04,-2.32,-3.99,0.72,0.17,8.39,617.41
44560.08,-2.63,-4.43,0.74,0.12,7.94,616.99
44560.12,-2.75,-4.39,0.7,0.15,6.99,616.75
44560.17,-3.22,-4.83,0.68,0.26,6.58,616.62
44560.21,-3.04,-4.99,0.72,0.41,8.01,616.42
44560.25,-3,-4.91,0.66,2.97,6.79,616.72
44560.29,-3.05,-5.35,0.71,2.27,7.66,616.4
44560.33,-3.06,-5.68,0.8,0.23,9.37,616.9
44560.38,-3.25,-6.16,0.81,0.46,9.61,617.35
44560.42,-0.46,-5.04,0.9,0.41,9.61,617.75
44560.46,-1.11,-5.36,0.91,0.38,9.47,618
44560.5,-1.04,-5.2,1.06,0.36,9.31,617.59
44560.54,2.42,-4.3,1.23,0.27,8.41,616.88
44560.58,2.54,-3.91,1.35,0.32,8.83,615.96
44560.62,2.68,-3.5,1.51,0.34,9.16,615.41
44560.67,2.71,-3.82,1.9,0.38,9.3,615.23
44560.71,2.3,-4.25,1.87,0.46,9.36,615.37
44560.75,-0.23,-5.77,1.47,0.5,9.2,615.32
44560.79,-0.85,-5.37,1.54,0.52,9.03,615.38
44560.83,-1.11,-5.2,1.67,0.63,9.49,616.25
44560.88,-1.23,-5.08,1.36,0.58,8.31,616.56
44560.92,-1.51,-5.2,1.2,0.53,2.67,616.92
44560.96,-3.26,-6.62,0.98,0.48,0.67,617.03
44561,-2.86,-5.89,0.61,0.05,0.69,616.87
44561.04,-3.04,-5.51,0.51,2.41,0.68,616.52
44561.08,-2.78,-5.31,0.73,2.05,1.12,615.81
44561.12,-2.3,-4.66,0.6,2.26,1.87,615.76
44561.17,-2.64,-4.62,0.59,2.8,2.18,615.42
44561.21,-2.74,-4.89,0.57,2.96,2.42,615.28
44561.25,-2.66,-5.27,0.59,1.9,4.17,615.41
44561.29,-2.94,-5.28,0.32,1.97,2.43,614.85
44561.33,-3.02,-5.98,0.78,0.65,3.19,615.53
44561.38,-3.25,-6.15,0.97,0.72,3.51,615.93
44561.42,-0.53,-4.52,0.9,0.62,3.75,616.06
44561.46,-0.71,-3.99,1.17,0.56,4.08,616.45
44561.5,0.04,-3.02,1.4,0.49,2.8,616.01
44561.54,3.64,-2.04,1.51,0.4,2.32,615.22
44561.58,4.03,-1.39,1.56,0.38,4.09,614.31
44561.62,3.8,-1.24,1.96,0.45,5.48,613.71
44561.67,2.7,-1.83,2.23,0.46,5.65,613.76
44561.71,1.97,-2.08,2.08,0.59,5.12,613.76
44561.75,-1.16,-3.98,1.81,0.54,3.68,614.5
44561.79,-1.27,-3.47,1.56,0.66,3.9,614.82
44561.83,-1,-3.23,1.6,0.79,7.76,616.01
44561.88,-0.74,-3.05,1.48,0.81,7.92,616.45
44561.92,-0.63,-3,1.29,0.78,9.36,617.11
44561.96,-1.61,-3.81,1.16,0.77,8.95,617.35
