$ met, >=6 hours missing data filled with DLS_2011_2015_met.csv,,,,,
2021,,,,,,
jday,tem,dew,windforce,windangle,cloud,pressure
44197,-4.89,-5.88,1.29,1.46,9.3,607.39
44197.04,-4.71,-5.87,1.12,1.68,9.12,607.11
44197.08,-4.86,-6.03,1.02,1.79,9.06,607.07
44197.12,-4.68,-6.05,0.76,1.82,8.89,606.79
44197.17,-5.23,-6.19,0.52,2.07,8.64,606.38
44197.21,-4.98,-6.13,0.51,2.21,8.62,606.1
44197.25,-4.88,-6.49,0.75,2.16,8.93,606.04
44197.29,-4.86,-6.43,0.62,2.3,9.47,606
44197.33,-4.66,-6.51,0.59,2.86,8.46,598.19
44197.38,-4.44,-6.48,0.5,2.6,8.36,598.52
44197.42,-1.28,-4.82,0.58,2.16,7.74,598.6
44197.46,-0.68,-4.41,0.79,1.62,5.62,598.44
44197.5,-0.05,-3.82,0.94,1.57,2.71,598.04
44197.54,2.95,-3.13,0.89,1.8,1.7,597.12
44197.58,3.75,-3.25,0.97,2.12,1.54,596.39
44197.62,3.5,-3.03,1.11,2.38,2.12,595.63
44197.67,4.25,-2.54,1.29,2.46,1.12,595.21
44197.71,4.27,-2.47,1.26,2.64,0.94,595.1
44197.75,2.39,-2.08,1.17,2.98,0.61,595.02
44197.79,2.99,-2.44,1.68,0.44,0.75,595.43
44197.83,0.86,-2.65,2.18,0.49,0.7,596.07
44197.88,-0.17,-2.35,2.17,0.48,3.32,596.27
44197.92,-0.88,-2.62,1.65,0.52,5.95,596.65
44197.96,-1.96,-2.51,1.43,0.49,8.7,596.8
44198,-2.09,-2.34,1.45,0.47,9.62,596.78
44198.04,-2.37,-2.88,1.21,0.34,9.81,596.57
44198.08,-2.45,-3.33,1.2,0.17,9.57,596.26
44198.12,-2.45,-3.01,1.02,0.13,9.59,595.9
44198.17,-3.04,-3.28,1.12,3.02,9.49,595.57
44198.21,-3.33,-3.78,1.09,2.95,9.69,595.19
44198.25,-3.25,-4.54,1.05,2.38,9.8,595.12
44198.29,-3.09,-4.44,0.88,3.01,9.74,594.87
44198.33,-2.82,-4.49,1.09,0.2,9.86,595.19
44198.38,-2.44,-3.41,0.88,3.1,9.73,595.27
44198.42,0.3,-2.12,0.71,2.59,9.7,595.46
44198.46,1.01,-1.59,0.83,2.25,9.61,595.27
44198.5,1.93,-1.02,0.99,1.89,8.2,594.83
44198.54,5.18,-0.4,1.06,1.94,0.95,593.79
44198.58,5.51,0.08,1,2,0.89,592.75
44198.62,5.87,0.58,0.92,2.7,0.6,592.36
44198.67,7.43,1.12,1.32,0.1,0.48,592.1
44198.71,6.66,0.95,1.99,0.36,0.53,592.31
44198.75,2.4,-0.82,1.99,0.47,1.41,592.5
44198.79,-0.25,-1.9,2.57,0.64,5.02,593.48
44198.83,-1.15,-2.5,2.4,0.59,8.86,595.02
44198.88,-1.89,-3.21,2.06,0.6,9.77,595.61
44198.92,-2.19,-3.76,1.96,0.6,9.69,596.21
44198.96,-2.96,-4.01,2.11,0.54,9.73,596.69
44199,-3.24,-4.48,1.8,0.54,9.77,596.77
44199.04,-4.3,-5.71,1.84,0.62,9.85,597.06
44199.08,-3.89,-5.88,1.72,0.62,9.92,596.82
44199.12,-3.81,-6.07,1.68,0.64,9.98,596.75
44199.17,-4.83,-7.06,1.73,0.71,9.47,596.77
44199.21,-3.97,-6.19,1.81,0.76,9.45,596.84
44199.25,-4.34,-6.15,1.86,0.79,9.9,597.06
44199.29,-4.38,-6.2,2.18,0.8,9.81,597.58
44199.33,-4.15,-6.14,1.93,0.86,9.1,598.22
44199.38,-4.3,-6.21,1.83,0.88,9.63,598.62
44199.42,-2.25,-5.47,1.59,0.93,9.17,599.03
44199.46,-2.66,-5.83,1.24,0.86,9.67,599.36
44199.5,-2.97,-5.79,0.92,0.59,9.29,598.79
44199.54,0.03,-4.86,0.66,3.11,9.42,597.99
44199.58,0.26,-4.67,0.88,2.63,6.88,596.94
44199.62,0.6,-4.32,0.94,2.39,5.61,596.29
44199.67,1.6,-3.77,0.91,2.56,2.51,595.9
44199.71,1.96,-3.74,1,2.92,0.46,595.86
44199.75,0.64,-2.89,0.94,0.24,0,595.58
44199.79,1.39,-4.16,2.31,0.63,0,596.06
44199.83,-0.4,-4.48,2.42,0.67,0.09,596.94
44199.88,-1.12,-4.5,2.26,0.77,0.22,597.13
44199.92,-1.8,-4.42,1.89,0.64,1.95,597.53
44199.96,-3.38,-4.91,1.35,0.55,3.73,597.64
44200,-3.56,-4.92,1.26,0.52,7.11,597.65
44200.04,-4.02,-4.93,0.64,0.2,7.83,597.34
44200.08,-3.99,-4.62,0.72,0.02,8.13,596.97
44200.12,-4.09,-4.41,0.66,2.63,8.35,596.6
44200.17,-4.49,-4.6,0.81,2.21,8.37,596.12
44200.21,-4.52,-4.72,0.81,2.08,8.22,595.99
44200.25,-3.36,-4.05,1.34,1.73,9.8,595.28
44200.29,-2.97,-3.92,1.13,1.77,9.53,595.34
44200.33,-2.68,-3.67,0.92,2.37,9.4,595.84
44200.38,-3.05,-4.13,0.76,2.59,9.43,596.03
44200.42,-0.17,-2.21,0.59,2.77,9.79,596.59
44200.46,0.45,-1.57,0.75,3.13,7,596.41
44200.5,1.01,-1.22,0.87,3.05,8.02,595.92
44200.54,4.58,-0.13,1.22,0.01,1.13,595.28
44200.58,5.08,0.23,1.3,0.03,0.64,594.39
44200.62,5.25,0.51,1.5,0.09,0.6,594.02
44200.67,6.17,0.99,1.72,0.15,0.66,593.8
44200.71,5.56,0.76,2.1,0.36,0.75,594.08
44200.75,1.57,-0.87,2.37,0.41,1.92,594.47
44200.79,-0.38,-1.63,1.88,0.63,4.54,595
44200.83,-0.83,-1.47,1.93,0.59,7.63,595.94
44200.88,-1.38,-1.86,1.98,0.61,9.75,596.24
44200.92,-2.01,-2.61,2.03,0.64,9.87,596.6
44200.96,-2.11,-2.34,1.83,0.63,9.73,596.79
44201,-2.86,-3.51,1.97,0.67,9.63,596.96
44201.04,-2.96,-3.67,1.88,0.7,9.73,597.01
44201.08,-2.96,-4.09,1.75,0.67,9.75,597.02
44201.12,-2.96,-4.03,1.64,0.65,9.8,596.88
44201.17,-3.29,-4.38,1.6,0.64,9.79,597.08
44201.21,-3.13,-4.65,1.49,0.66,9.73,596.87
44201.25,-4.03,-5.47,1.29,0.32,9.9,596.78
44201.29,-3.76,-5.03,1.43,0.61,9.61,596.91
44201.33,-3.48,-4.82,1.56,0.76,9.82,597.62
44201.38,-3.4,-4.9,1.73,0.76,9.16,598.28
44201.42,-1.21,-4.01,1.75,0.71,9.69,598.53
44201.46,-0.97,-3.92,1.74,0.65,9.86,598.67
44201.5,-1.12,-3.81,1.66,0.57,9.9,598.11
44201.54,1.03,-3.22,1.61,0.44,9.85,597.49
44201.58,1.1,-3.11,1.75,0.31,9.41,596.63
44201.62,1.52,-2.33,1.74,0.17,9.7,595.97
44201.67,1.46,-1.92,1.6,0.11,9.51,595.74
44201.71,1.35,-1.79,1.8,0.32,9.75,595.84
44201.75,-0.92,-3.26,2.12,0.46,6.07,596.23
44201.79,-1.3,-2.64,2.02,0.71,4.53,596.44
44201.83,-2.15,-3.07,1.65,0.67,6.99,597.18
44201.88,-2.16,-3.15,2,0.69,8.69,597.24
44201.92,-2.49,-3.31,2.21,0.71,9.47,597.47
44201.96,-3.16,-3.79,2.18,0.82,9.81,597.7
44202,-3.37,-4.22,2.09,0.78,9.86,597.69
44202.04,-3.53,-4.38,1.79,0.71,9.82,597.5
44202.08,-3.42,-4.91,1.6,0.68,9.8,597.01
44202.12,-3.21,-4.75,1.44,0.67,9.81,596.63
44202.17,-3.24,-4.57,1.22,0.63,9.92,596.11
44202.21,-2.99,-4.49,1.04,0.37,9.92,595.68
44202.25,-2.77,-4.2,0.84,0.02,9.48,595.24
44202.29,-2.46,-4.11,1.07,0.44,9.23,595.28
44202.33,-2.42,-3.88,1.14,0.5,9.52,595.49
44202.38,-2.78,-3.96,1.28,0.48,9.74,595.72
44202.42,-0.73,-3.43,1.47,0.56,9.92,595.7
44202.46,-0.3,-3.14,1.44,0.42,9.55,595.74
44202.5,0.08,-3.09,1.26,0.21,10,594.88
44202.54,1.71,-2.28,1.31,0.18,9.9,594.18
44202.58,1.18,-2.34,1.52,0.17,10,593.14
44202.62,0.73,-2.36,1.69,0.3,10,592.72
44202.67,0.68,-1.84,1.98,0.41,10,592.6
44202.71,0.24,-1.85,2.25,0.48,10,592.76
44202.75,-0.71,-2.05,2.61,0.68,8.83,593.15
44202.79,-1.44,-2.17,2.42,0.71,9.62,593.74
44202.83,-1.21,-1.85,2.16,0.66,9.62,594.59
44202.88,-2.43,-3.01,1.94,0.77,8.79,594.85
44202.92,-2.65,-3.3,2.12,0.77,9.23,595.73
44202.96,-3.16,-3.94,2.26,0.78,9.52,596.01
44203,-3.42,-4.53,2.08,0.76,9.44,596.48
44203.04,-3.22,-4.52,1.93,0.82,9.36,596.52
44203.08,-2.62,-3.99,1.85,0.82,9.66,596.4
44203.12,-3.2,-4.27,1.63,0.86,9.8,596.17
44203.17,-2.78,-4.2,1.56,0.84,9.9,596.16
44203.21,-2.63,-4.28,1.46,0.82,9.88,595.94
44203.25,-2.97,-5,1.41,0.69,10,595.96
44203.29,-2.59,-4.66,1.53,0.64,9.98,595.65
44203.33,-2.51,-4.81,1.56,0.64,9.96,596.23
44203.38,-2.05,-3.94,1.54,0.48,9.78,596.57
44203.42,-1.74,-4.48,1.65,0.47,9.8,596.89
44203.46,-1.06,-3.89,1.68,0.46,9.8,597.11
44203.5,-1.1,-4.04,1.67,0.41,10,596.52
44203.54,-0.5,-3.79,1.79,0.34,10,595.44
44203.58,-0.51,-3.68,1.95,0.38,9.77,594.57
44203.62,-0.89,-3.51,2.11,0.47,9.9,594.1
44203.67,-1.64,-3.47,2.29,0.46,9.93,594.22
44203.71,-1.98,-3.43,2.24,0.53,9.87,594.53
44203.75,-3.34,-4.26,2.2,0.58,9.98,595.43
44203.79,-3.44,-4.2,2.56,0.69,9.98,595.75
44203.83,-3.48,-4.21,2.28,0.79,9.95,596.59
44203.88,-3.6,-4.38,2.15,0.9,10,597.66
44203.92,-3.99,-4.91,1.96,0.89,9.92,598.2
44203.96,-5.41,-6.53,1.95,0.85,10,598.58
44204,-5.38,-6.6,1.89,0.83,9.9,598.75
44204.04,-5.43,-6.93,1.86,0.75,9.69,598.99
44204.08,-5.19,-7.07,1.89,0.73,9.73,599.1
44204.12,-5.14,-7.27,1.85,0.72,9.65,598.66
44204.17,-5.68,-7.59,1.69,0.68,9.35,598.54
44204.21,-6.2,-8.37,1.47,0.61,9.56,598.27
44204.25,-6.05,-8.17,1.26,0.27,9.81,598.04
44204.29,-5.94,-8.5,1.25,0.42,9.78,598.33
44204.33,-5.9,-8.58,1.22,0.36,9.62,598.53
44204.38,-5.69,-8.49,1.22,0.34,9.31,598.88
44204.42,-3.98,-7.17,1.3,0.37,9.3,599.09
44204.46,-4.09,-7.06,1.41,0.34,9.35,599.37
44204.5,-3.84,-6.75,1.49,0.31,9.87,599.05
44204.54,-3.32,-7.07,1.53,0.32,9.89,598.1
44204.58,-2.55,-6.35,1.56,0.27,9.9,597.15
44204.62,-2.32,-6.4,1.63,0.23,9.99,596.26
44204.67,-2.51,-6.24,1.72,0.27,9.86,596.07
44204.71,-3,-6.28,1.76,0.27,9.4,595.92
44204.75,-4.61,-6.38,1.38,3.03,9.27,595.94
44204.79,-4.59,-6.37,1.69,0.32,9.23,595.88
44204.83,-4.8,-6.21,1.89,0.53,8.58,596.42
44204.88,-5.05,-6.13,1.82,0.63,9.07,596.57
44204.92,-5.13,-5.95,1.86,0.69,9.09,597.14
44204.96,-5.92,-6.24,1.9,0.64,8.82,597.38
44205,-6,-6.48,1.74,0.53,8.8,597.28
44205.04,-5.87,-6.88,1.73,0.55,9.61,597.3
44205.08,-5.75,-7.03,1.64,0.54,9.33,597.24
44205.12,-5.59,-7.11,1.51,0.39,9.34,596.92
44205.17,-5.67,-7.37,1.49,0.44,9.2,596.67
44205.21,-5.63,-7.27,1.38,0.38,9.58,596.23
44205.25,-5.72,-7.34,1.11,0.06,9.32,595.61
44205.29,-6.06,-7.66,1.46,0.35,9.76,596.11
44205.33,-5.73,-7.7,1.36,0.45,9.43,596.2
44205.38,-5.47,-7.32,1.32,0.59,9.73,596.66
44205.42,-4.09,-6.75,1.27,0.42,9.21,596.86
44205.46,-4.04,-6.76,1.1,3.1,9.73,596.88
44205.5,-3.79,-6.54,0.94,2.89,9.8,596.56
44205.54,-1.79,-5.84,0.99,3.04,9.37,595.45
44205.58,-2.19,-5.89,0.99,3.03,8.42,594.61
44205.62,-1.79,-5.47,1.18,0.03,9.39,593.84
44205.67,-1.29,-4.91,1.48,0.1,8.15,593.59
44205.71,-0.9,-4.43,1.35,0.17,8.3,593.81
44205.75,-3.18,-5.74,2.02,0.55,4.28,593.54
44205.79,-4.64,-6.31,2.48,0.64,3.66,594.45
44205.83,-5.13,-6.54,2.27,0.66,8.22,595.27
44205.88,-5.42,-6.56,2.06,0.73,8.89,596.22
44205.92,-5.41,-6.55,1.92,0.74,9.65,596.86
44205.96,-6.36,-7.64,1.99,0.68,9.67,597.3
44206,-6.34,-7.95,1.9,0.67,9.63,597.1
44206.04,-6.39,-8.24,1.85,0.73,9.48,597.26
44206.08,-6.31,-8.35,1.7,0.72,9.91,596.97
44206.12,-6.1,-8.31,1.58,0.71,9.48,596.7
44206.17,-6.65,-9.14,1.56,0.67,9.54,596.46
44206.21,-6.47,-9.19,1.42,0.53,9.47,596
44206.25,-6.58,-9.12,1.02,3.12,9.8,595.39
44206.29,-6.41,-8.94,1.22,0.27,9.59,595.34
44206.33,-6.23,-8.85,1.35,0.34,9.66,595.61
44206.38,-5.75,-8.34,1.36,0.41,9.49,596.05
44206.42,-4.6,-8.14,1.44,0.5,9.78,596.45
44206.46,-4.86,-8.13,1.53,0.5,9.75,596.94
44206.5,-4.89,-8.07,1.55,0.48,9.82,596.59
44206.54,-3.52,-7.69,1.75,0.56,9.85,595.77
44206.58,-4.09,-7.92,1.98,0.61,9.76,595.35
44206.62,-4.44,-7.87,2.16,0.64,9.52,594.74
44206.67,-4.71,-7.55,2.29,0.69,9.64,594.97
44206.71,-4.78,-7.47,2.47,0.7,9.68,595.27
44206.75,-6.44,-8.47,2.13,0.76,9.79,595.89
44206.79,-6.22,-8.37,2.36,0.79,9.66,596.6
44206.83,-6.06,-8.19,2.29,0.86,9.65,597.3
44206.88,-5.83,-7.93,2.48,0.89,9.5,598.35
44206.92,-5.81,-7.81,2.42,0.86,9.4,599.15
44206.96,-6.7,-8.91,2.31,0.94,9.27,599.84
44207,-6.49,-8.94,2.35,0.95,9.13,600.58
44207.04,-6.35,-9.12,2.38,0.98,9.76,600.88
44207.08,-6.02,-9.11,2.39,0.96,9.44,601.12
44207.12,-5.67,-8.84,2.28,0.96,9.39,601.27
44207.17,-6.12,-9.29,2.16,0.97,9.81,601.29
44207.21,-6.04,-9.03,2.08,0.97,9.65,601.28
44207.25,-6.22,-8.96,1.77,1.03,9.51,601.65
44207.29,-5.92,-8.61,1.87,0.82,9.43,601.48
44207.33,-5.78,-8.42,1.53,0.84,9.16,602.23
44207.38,-6.1,-8.46,1.3,0.76,8.43,602.87
44207.42,-5.04,-8.46,1.44,0.78,9,602.91
44207.46,-5.18,-8.45,1.53,0.79,8.65,603.25
44207.5,-5.02,-8.58,1.6,0.7,9.06,603.11
44207.54,-3.57,-8.53,1.53,0.63,8.65,602.11
44207.58,-3.34,-8.57,1.43,0.53,8.76,601.31
44207.62,-3.47,-8.66,1.47,0.48,8.92,600.42
44207.67,-3.33,-8.45,1.53,0.43,8.99,600.38
44207.71,-3.13,-8.43,1.59,0.38,8.94,600.27
44207.75,-3.93,-8.45,1.18,3.07,8.2,600.18
44207.79,-4.28,-7.92,1.2,3.03,6.18,600.68
44207.83,-4.14,-7.92,0.75,2.99,6.42,600.5
44207.88,-3.89,-8.01,0.68,0.08,6.52,600.93
44207.92,-3.97,-7.48,0.64,2.86,7.36,601.16
44207.96,-4.05,-7.44,0.76,2.28,7.51,601.38
44208,-4.12,-7.24,0.93,1.92,6.06,601.47
44208.04,-4.64,-6.7,1.13,1.66,3.5,601.36
44208.08,-4.6,-7.04,1.32,1.52,2.2,601
44208.12,-4.61,-7.06,1.44,1.48,1.51,600.4
44208.17,-4.84,-7.46,1.55,1.4,1.26,599.96
44208.21,-4.75,-7.47,1.72,1.34,1.49,599.37
44208.25,-5.15,-7.51,2.06,1.09,0.73,599.11
44208.29,-5.25,-7.65,2.17,1.17,2.02,598.85
44208.33,-5.04,-7.62,2.08,1.16,1.69,598.9
44208.38,-3.82,-7.54,1.8,1.1,0.66,598.88
44208.42,0.16,-6.15,2,1.05,0.45,598.95
44208.46,0.78,-6.18,2.17,1.01,0.28,598.76
44208.5,1.62,-6.05,2.19,0.99,0.7,598.19
44208.54,5.71,-4.77,2.12,1,1.2,596.88
44208.58,5.9,-4.66,2.04,1.05,2.15,595.75
44208.62,5.82,-4.61,2.02,1.14,2.11,594.79
44208.67,7.32,-3.9,2.08,1.21,0.88,594.13
44208.71,7.3,-4.23,1.85,1.24,0.47,593.83
44208.75,4,-3.86,1.47,1.04,0.63,593.9
44208.79,5.37,-5.5,0.74,1.47,0.51,593.71
44208.83,4.65,-5.3,0.59,1.59,0.53,593.72
44208.88,4.14,-5.02,0.49,1.4,0.08,594.13
44208.92,3.45,-4.64,0.64,1.54,0,594.39
44208.96,1.63,-3.82,0.67,1.67,0.1,594.56
44209,1.33,-3.77,0.87,1.51,0,594.64
44209.04,0.79,-3.78,1.01,1.46,0.02,594.72
44209.08,0.69,-3.8,1.01,1.34,0.02,594.41
44209.12,0.67,-3.91,0.92,1.42,0.16,594.26
44209.17,-0.25,-3.99,0.91,1.52,0.46,594.21
44209.21,-0.16,-4.04,0.96,1.56,0.33,593.9
44209.25,-0.89,-4.44,1.29,1.28,0,593.3
44209.29,-1,-4.53,1.29,1.31,0,593.6
44209.33,-0.95,-4.41,1.13,1.39,0,594.15
44209.38,-1.6,-4.53,0.78,1.54,0,594.39
44209.42,3.76,-2.7,0.47,1.22,0,594.85
44209.46,4.7,-2.29,0.4,1.92,0,594.86
44209.5,5.1,-2.24,0.56,2.39,0,594.68
44209.54,8.99,-2.55,0.63,2.41,0,593.74
44209.58,9.05,-2.14,0.74,2.76,0,593
44209.62,9.26,-1.92,0.95,2.86,0,592.42
44209.67,11.15,-2.68,0.8,2.62,5.55,592.19
44209.71,10.65,-2.58,1.18,0.15,7.27,592.17
44209.75,4.68,-1.15,1.17,0.29,3.86,592.18
44209.79,2.64,-1.37,1.76,0.49,4.45,592.75
44209.83,2.68,-0.9,1.95,0.58,2.37,593.39
44209.88,2.25,-0.83,1.99,0.49,3.36,593.85
44209.92,2.1,-0.5,1.85,0.36,5.07,594.56
44209.96,-0.04,-0.82,1.58,0.24,5.08,594.7
44210,-0.05,-0.38,1.17,0.17,6.55,595.05
44210.04,-0.68,-0.87,0.91,0.01,8.19,595.16
44210.08,-0.48,-0.8,0.65,2.92,9.45,595.24
44210.12,-0.71,-1.08,0.48,2.51,9.78,595.07
44210.17,-1.73,-1.73,0.43,2.04,9.84,595.12
44210.21,-1.83,-1.89,0.71,1.69,10,594.92
44210.25,-2.75,-2.75,1.12,1.08,10,594.87
44210.29,-2.75,-2.75,1.41,1.15,10,594.97
44210.33,-2.18,-2.4,1.69,1.07,10,594.96
44210.38,-2.81,-2.97,1.85,1.09,9.86,595.23
44210.42,2.25,-0.27,1.66,1.17,8.03,595.47
44210.46,2.6,-0.43,1.61,1.21,1.6,595.68
44210.5,4.8,-0.18,1.66,1.15,0.1,595.26
44210.54,11.12,0.54,1.65,1.14,0,594.47
44210.58,11.84,0.28,1.55,1.15,0,593.43
44210.62,12.24,-0.03,1.44,1.31,0,592.94
44210.67,13.61,-0.53,1.38,1.47,0,592.52
44210.71,13.69,-1.19,1.25,1.61,0,592.68
44210.75,10.42,-2.68,1.32,1.72,0,592.67
44210.79,10.64,-2.26,1.1,1.6,0,592.7
44210.83,10.26,-2.17,1.31,1.52,0.02,593.22
44210.88,9.8,-2.06,1.3,1.53,0,593.37
44210.92,8.79,-1.69,1.29,1.58,0,593.86
44210.96,5.12,-1.66,1.35,1.51,0.08,593.74
44211,4.95,-1.66,1.45,1.41,0.08,594.01
44211.04,4.42,-1.57,1.4,1.42,0,593.78
44211.08,4.26,-1.6,1.34,1.44,0,593.68
44211.12,4.35,-1.47,1.17,1.58,0.12,593.67
44211.17,3.44,-1.51,0.88,1.81,0.19,593.51
44211.21,2.91,-1.54,0.61,2.14,0.39,593.4
44211.25,1.41,-2.15,0.95,1.8,0.49,593.16
44211.29,0.95,-2.32,0.87,1.78,0.49,593.26
44211.33,0.7,-2.36,0.57,2.15,0.57,593.78
44211.38,-0.38,-2.77,0.77,1.93,0.72,594.05
44211.42,5.48,0.2,0.58,2.44,0.66,594.22
44211.46,6.1,0.79,0.82,0.05,0.87,594.66
44211.5,6.61,1.31,1.02,0.3,0.55,594.37
44211.54,11.27,2.19,1.14,0.24,0.54,593.55
44211.58,11.55,2.56,1.35,0.27,0.42,592.58
44211.62,11.6,2.73,1.62,0.36,0.5,592.15
44211.67,12.29,2.79,1.96,0.41,0.51,591.99
44211.71,11.59,2.88,2.22,0.46,1.1,592.07
44211.75,5.25,1.75,1.84,0.55,1.27,592.31
44211.79,4.01,2.07,1.93,0.43,1.37,592.42
44211.83,3.84,1.86,1.69,0.52,1.29,592.78
44211.88,4.28,2.44,1.64,0.55,2.47,593.14
44211.92,3.63,2.12,1.68,0.47,8.89,593.7
44211.96,2.08,1.26,1.3,0.58,9.79,593.73
44212,1.87,1.05,1.8,0.66,10,594.08
44212.04,1.18,0.83,1.75,0.74,10,594.33
44212.08,1.46,0.85,1.57,0.76,10,594.51
44212.12,1.47,0.78,1.7,0.72,10,594.43
44212.17,0.93,0.27,1.75,0.71,9.7,594.7
44212.21,0.75,-0.03,1.73,0.68,9.85,594.39
44212.25,0.47,-0.51,1.71,0.62,9.84,594.72
44212.29,0.57,-0.63,1.78,0.67,9.84,594.7
44212.33,0.79,-0.58,1.63,0.61,9.92,595.18
44212.38,0.3,-1.02,1.67,0.62,9.98,595.53
44212.42,0.56,-0.93,1.7,0.64,9.62,596.05
44212.46,0.06,-1.89,1.73,0.55,9.72,596.26
44212.5,-0.12,-1.73,1.87,0.58,9.63,596.01
44212.54,1.08,-1.42,1.97,0.62,9.62,595.45
44212.58,0.96,-1.42,2.09,0.68,9.78,594.85
44212.62,0.97,-1.39,2.22,0.66,9.4,594.51
44212.67,0.42,-1.56,2.29,0.65,9.95,594.82
44212.71,0.3,-1.56,2.29,0.68,9.71,595.43
44212.75,-0.35,-1.64,1.99,0.74,9.71,596.86
44212.79,-0.01,-1.4,2.02,0.77,9.89,597.07
44212.83,0.14,-1.31,1.92,0.78,9.8,597.88
44212.88,0.49,-1.08,1.98,0.87,9.52,598.67
44212.92,0.53,-1.25,1.91,0.91,9.83,599.46
44212.96,-1.21,-2.59,2.01,0.94,9.96,600.15
44213,-1.07,-2.67,2.06,0.96,10,600.89
44213.04,-1.42,-2.97,2.18,1.02,9.92,601.68
44213.08,-1.44,-3.01,2.27,1.05,10,602.07
44213.12,-1.58,-3.14,2.21,1.11,9.94,602.58
44213.17,-2.77,-4.45,2.08,1.13,9.76,602.84
44213.21,-2.87,-4.76,2,1.19,9.87,603.02
44213.25,-3.55,-5.51,1.85,1.13,9.76,602.86
44213.29,-3.6,-5.45,1.71,1.17,9.87,602.95
44213.33,-3.67,-5.37,1.45,1.08,9.72,603.13
44213.38,-3.47,-5.68,1.7,1.14,9.51,603.73
44213.42,-2.92,-6.5,1.88,1.14,9.44,603.69
44213.46,-2.72,-6.6,1.68,1.15,9.46,603.74
44213.5,-2.78,-6.33,1.28,1.16,9.45,603.52
44213.54,-1.3,-6.31,1.17,1.25,9.93,602.39
44213.58,-0.9,-6.07,1.08,1.35,9.63,601.56
44213.62,-0.39,-6.03,1,1.4,9.67,600.72
44213.67,0.44,-5.84,0.93,1.15,9.59,600.36
44213.71,0.78,-5.89,0.87,0.98,9.15,600.26
44213.75,-0.04,-6.39,0.68,0.09,7.49,600.62
44213.79,0.25,-5.85,0.98,0.12,7.19,600.55
44213.83,0.34,-5.93,0.69,2.72,6.57,600.79
44213.88,0.08,-5.65,0.83,2,6.87,600.58
44213.92,0.01,-4.98,0.9,1.69,7.77,600.74
44213.96,-0.55,-5.59,0.92,1.43,8.84,600.75
44214,-0.86,-5.73,1.03,1.34,8.61,600.74
44214.04,-1.28,-5.91,1.28,1.22,7.64,600.51
44214.08,-1.44,-5.97,1.45,1.16,5.71,600.15
44214.12,-1.58,-6.06,1.54,1.17,3.61,599.75
44214.17,-2.51,-6.42,1.45,1.21,1.43,599.48
44214.21,-2.7,-6.57,1.42,1.25,0.9,599.21
44214.25,-3.27,-7.08,1.4,1.28,0.18,599.18
44214.29,-3.2,-7.01,1.5,1.32,0,599
44214.33,-3.1,-6.94,1.63,1.32,0,599.12
44214.38,-3.4,-6.73,1.32,1.15,0,599.44
44214.42,1.81,-4.07,1.44,1,0,599.5
44214.46,2.54,-4.29,1.52,1,0,599.39
44214.5,3.41,-4.32,1.5,0.96,0,598.75
44214.54,8.29,-3.13,1.52,0.97,0,597.76
44214.58,8.68,-3.45,1.58,1.04,0,596.61
44214.62,8.97,-3.8,1.69,1.02,0,595.91
44214.67,10.38,-4.65,1.69,1.05,0,595.21
44214.71,10.41,-5.02,1.63,1.09,0,594.96
44214.75,6.15,-2,1.4,1.11,0,594.77
44214.79,8.29,-6.78,1.2,1.08,0,594.87
44214.83,7.78,-6.63,1.25,1.25,0,594.78
44214.88,7.3,-6.38,1.45,1.18,0,594.43
44214.92,6.44,-5.8,1.53,1.11,0,594.32
44214.96,3.4,-4.88,1.54,1.02,0,594.25
44215,2.94,-4.82,1.61,0.98,0.11,594.02
44215.04,2.02,-4.38,1.66,1.01,0.17,593.52
44215.08,1.73,-4.24,1.74,1.09,0.24,592.94
44215.12,1.39,-4.11,1.77,1.09,0.19,592.44
44215.17,1.04,-3.92,1.77,1.1,0.22,592.12
44215.21,0.93,-3.78,1.82,1.08,0.17,591.57
44215.25,0.87,-3.37,2.21,0.89,0.12,591.57
44215.29,0.87,-3.35,2.19,0.91,0,591.3
44215.33,0.69,-3.33,2.02,0.94,0,591.73
44215.38,-0.39,-3.37,1.64,1.02,0.04,591.93
44215.42,6.06,-0.54,1.43,0.93,0.04,592.27
44215.46,7.24,0.2,1.71,0.84,0.02,592.25
44215.5,8.09,1.01,2.03,0.72,0,591.85
44215.54,12.73,0.9,2.25,0.66,0,591.17
44215.58,13.11,1,2.41,0.65,0.23,590.3
44215.62,13.77,-0.06,2.88,0.58,1.57,589.72
44215.67,13.39,-1.05,2.87,0.6,2.47,589.67
44215.71,12.89,-1.08,1.89,0.69,1.04,589.84
44215.75,9.52,2.3,1,0.96,0.3,589.93
44215.79,11.25,-1.01,0.35,1.89,0.51,590.14
44215.83,9.92,-0.82,0.69,0.22,0.9,590.83
44215.88,8.46,-0.29,1.45,0.45,1.7,590.85
44215.92,7.08,0.43,1.74,0.39,2.37,591.25
44215.96,4.38,0.27,1.81,0.43,4.93,591.59
44216,3.1,0.22,1.59,0.47,6.79,591.7
44216.04,2.16,0.43,1.3,0.48,9.85,591.77
44216.08,2.22,0.33,1.13,0.43,8.83,591.85
44216.12,2.13,0.39,0.99,0.42,9.96,591.77
44216.17,0.99,-0.02,0.83,0.47,10,591.79
44216.21,1.16,-0.12,0.97,0.5,9.67,591.7
44216.25,0.87,-0.02,1.23,0.61,9.92,591.94
44216.29,0.83,-0.06,1.19,0.62,9.79,592.4
44216.33,0.71,-0.26,1.22,0.65,9.49,592.9
44216.38,-0.13,-0.85,1.14,0.5,9.49,593.11
44216.42,1.6,-0.99,1.23,0.35,9.66,593.3
44216.46,1.62,-1.17,1.21,0.36,9.67,593.6
44216.5,1.76,-0.81,1.2,0.31,9.68,593.63
44216.54,4,-0.26,1.22,0.21,9.45,592.91
44216.58,4.28,-0.17,1.33,0.21,9.86,592.32
44216.62,4.14,0,1.44,0.34,9.82,591.73
44216.67,3.05,0.05,1.58,0.45,9.5,591.67
44216.71,2.53,-0.41,1.67,0.55,9.67,591.86
44216.75,0.75,-0.85,1.82,0.75,9.58,592.4
44216.79,1,-0.68,1.67,0.77,9.57,592.81
44216.83,0.9,-0.73,1.62,0.64,9.6,593.44
44216.88,1.04,-0.77,1.6,0.6,9.82,593.55
44216.92,0.85,-0.72,1.45,0.63,9.65,594.01
44216.96,-0.27,-0.91,1.57,0.71,9.69,594.17
44217,-0.18,-0.97,1.71,0.73,9.58,594.41
44217.04,-0.1,-1.05,1.76,0.71,9.94,594.14
44217.08,0.05,-1.14,1.68,0.72,9.94,594.29
44217.12,0.12,-1.28,1.58,0.74,9.77,594.29
44217.17,-0.56,-1.67,1.57,0.72,9.96,594.17
44217.21,-0.59,-1.78,1.47,0.72,9.85,594.14
44217.25,-0.96,-2.36,1.53,0.78,9.77,594.22
44217.29,-1,-2.36,1.28,0.72,9.5,594.46
44217.33,-0.66,-2.42,1.22,0.79,9.79,595.09
44217.38,-0.91,-2.61,1.07,0.85,9.99,595.52
44217.42,1.34,-1.95,1.01,0.91,10,595.87
44217.46,0.81,-2.03,1.01,0.96,9.92,596.15
44217.5,0.81,-1.95,1.12,1.05,9.88,596.08
44217.54,3.12,-1.23,1.26,1.09,9.62,595.46
44217.58,3.05,-0.92,1.59,1.05,9.71,594.71
44217.62,2.91,-0.94,1.74,0.98,9.6,594.24
44217.67,3.61,-0.68,1.77,0.93,9.21,594.25
44217.71,3.36,-0.56,1.78,0.9,9.23,594.46
44217.75,1.25,-0.63,1.76,0.94,8.16,595.12
44217.79,1.4,-0.1,1.69,0.88,7.22,595.42
44217.83,1.53,0.08,1.33,0.72,8.01,596.06
44217.88,1.95,0.47,1.07,0.71,9.3,595.99
44217.92,1.53,0.41,0.77,0.74,9.25,596.21
44217.96,0.62,0.35,0.35,0.54,9.65,596.32
44218,0.49,0.39,0.18,0.13,8.97,596.35
44218.04,0.6,0.41,0.28,2.49,9.38,596.19
44218.08,1.3,0.65,0.23,2.9,9.43,595.99
44218.12,1.33,0.55,0.16,0.14,9.19,595.74
44218.17,1.17,0.28,0.27,0.98,8.7,595.51
44218.21,1.23,0.34,0.22,0.92,8.51,595.42
44218.25,0.59,-0.35,0.55,1.1,9.42,595.41
44218.29,0.84,-0.26,0.47,1.23,9.32,595.76
44218.33,0.93,-0.11,0.14,1.71,8.44,596.25
44218.38,0.67,-0.73,0.71,1.22,6.93,596.21
44218.42,4.59,-2.27,1.05,0.85,0.21,596.31
44218.46,4.78,-2.97,1.36,0.73,0.72,596.3
44218.5,5.14,-2.78,1.52,0.61,0.76,595.95
44218.54,9.7,-3.02,1.55,0.5,0,594.85
44218.58,10.01,-1.88,1.43,0.43,0,593.87
44218.62,9.93,-1.32,1.58,0.24,0,593.05
44218.67,11.29,-1.04,1.61,0.25,0,592.93
44218.71,11.37,-0.95,1.59,0.25,0,593
44218.75,7.28,1.35,1.18,0.37,0.08,593.23
44218.79,9.4,-1.95,1.06,0.38,0.1,593.29
44218.83,8.54,-1.42,1.28,0.66,0.08,593.81
44218.88,7.94,-1.33,1.37,0.64,0.08,593.89
44218.92,6.91,-1.03,1.33,0.9,0.08,594.45
44218.96,3.36,-1.34,1.32,1.13,0.08,594.33
44219,3.04,-1.39,1.33,1.23,0,594.54
44219.04,2.49,-1.37,1.4,1.27,0,594.24
44219.08,1.84,-1.47,1.48,1.34,0.04,593.84
44219.12,1.33,-1.6,1.6,1.4,0.08,593.39
44219.17,-0.02,-1.92,1.65,1.36,0.35,592.8
44219.21,-0.29,-1.95,1.72,1.37,0.45,592.32
44219.25,-1.11,-1.84,2.02,1.21,0.27,592.06
44219.29,-1.18,-1.77,2.1,1.23,0.44,591.76
44219.33,-1.34,-1.75,2.08,1.27,1.5,592.02
44219.38,-1.75,-2.37,1.76,1.2,6.18,591.92
44219.42,4.7,0.84,1.58,1.13,5.79,592.12
44219.46,6.22,1.15,1.81,1.06,0.78,592.15
44219.5,7.37,1.64,2.05,0.94,0,591.58
44219.54,11.9,1.19,2.11,0.81,0,590.66
44219.58,12.28,0.86,2.16,0.7,0,589.66
44219.62,12.72,0.8,2.21,0.69,0,589.25
44219.67,13.47,1.12,2.01,0.58,0.28,588.93
44219.71,12.82,0.55,1.4,0.47,0.1,589.14
44219.75,10.67,0.41,0.45,0.49,0.49,589.68
44219.79,10.96,-0.72,0.64,2.6,0.51,589.62
44219.83,9.73,-0.32,0.47,0.02,0.72,589.9
44219.88,8.95,0.41,0.89,0.46,1.16,590.26
44219.92,7.64,1.46,1.51,0.56,2.64,590.79
44219.96,4.32,1.68,1.71,0.42,4.34,591.04
44220,3.71,2.22,1.89,0.41,5.89,591.48
44220.04,3.7,2.52,1.96,0.37,8.03,591.58
44220.08,3.37,2.57,1.54,0.37,10,591.14
44220.12,3.05,2.02,1.38,0.35,10,590.93
44220.17,2.29,1.49,1.25,0.24,10,590.48
44220.21,1.98,1.02,1.05,3.06,10,590.09
44220.25,1.39,0.54,0.91,2.94,10,590.32
44220.29,1.37,0.42,0.77,2.65,10,589.95
44220.33,1.13,0.39,1.03,2.87,10,590.3
44220.38,0.38,-0.42,0.92,2.86,10,590.74
44220.42,3.13,0.17,0.89,0.21,7.35,590.81
44220.46,3.83,0.52,0.79,0.28,5.92,591.25
44220.5,4.48,1.05,0.81,0.27,5.61,590.95
44220.54,8.35,1.6,0.63,2.77,5.31,590.38
44220.58,10.08,2.99,0.54,2.54,7.05,589.44
44220.62,11.37,3.26,0.51,0.04,2.12,588.81
44220.67,14.13,3.03,0.63,0.11,1.79,588.71
44220.71,13.38,2.56,0.96,0.17,0.93,589.08
44220.75,9.21,3.58,1.52,0.54,1.15,589.42
44220.79,6.9,4.05,2.56,0.49,4.27,589.52
44220.83,6.63,4.48,1.79,0.61,6.67,590.6
44220.88,5.82,4.21,2.31,0.56,10,591.44
44220.92,4.33,3,2.37,0.61,10,592.08
44220.96,2.36,1.72,2.26,0.69,9.94,592.66
44221,2.3,1.26,1.95,0.73,10,593.16
44221.04,1.84,0.76,1.89,0.77,9.53,593.95
44221.08,1.73,0.62,2.06,0.8,9.81,594.16
44221.12,1.81,0.51,2.1,0.82,10,594.7
44221.17,0.76,0.05,2.04,0.87,10,594.99
44221.21,1.16,0.24,1.79,0.87,9.85,595.37
44221.25,0.64,-0.87,1.67,0.91,9.75,595.76
44221.29,0.9,-0.6,1.74,0.89,9.9,595.92
44221.33,1.12,-0.29,1.85,0.81,9.66,596.68
44221.38,1.05,-0.26,1.72,0.84,9.37,597.33
44221.42,2.25,-1.04,1.71,0.88,9.15,597.79
44221.46,2.42,-0.78,1.74,0.81,9.83,598.2
44221.5,2.26,-1.29,1.65,0.78,9.62,598.3
44221.54,3.68,-1.06,1.6,0.79,9.89,597.57
44221.58,3.35,-1.21,1.57,0.8,9.88,596.88
44221.62,2.57,-1.39,1.47,0.74,9.73,596.17
44221.67,3.65,-0.7,1.44,0.66,9.67,595.95
44221.71,3.46,-0.55,1.42,0.51,9.9,595.83
44221.75,1.32,-1.45,1.53,0.3,9.93,595.75
44221.79,1.72,-0.49,1.62,0.48,8.02,595.33
44221.83,1.92,-0.17,1.24,0.62,4.87,596
44221.88,2.11,0.09,1.45,0.57,5.65,596.24
44221.92,1.62,0.38,1.25,0.62,7.69,596.58
44221.96,0.64,-0.02,1.82,0.74,7.18,596.65
44222,1.12,0.18,1.57,0.81,7.41,596.76
44222.04,0.61,0.18,1.55,0.83,8.59,596.75
44222.08,0.67,-0.15,1.04,0.8,9.01,596.55
44222.12,0.41,-0.39,1.39,0.76,8.85,596.27
44222.17,-0.32,-0.63,1.2,0.77,9.21,595.93
44222.21,-0.18,-0.81,1.2,0.71,8.79,595.67
44222.25,-0.88,-1.87,1.15,0.59,9.78,595.51
44222.29,-0.84,-2.02,0.97,0.39,9.61,595.18
44222.33,-0.76,-2.04,1.17,0.62,9.66,595.52
44222.38,-1.32,-2.73,1.33,0.66,9.42,595.73
44222.42,1.08,-1.93,1.35,0.66,9.37,596.21
44222.46,0.56,-2.13,1.24,0.54,10,596.07
44222.5,0.65,-2.27,1.1,0.37,9.96,595.97
44222.54,3.85,-1.29,0.88,0,9.92,594.97
44222.58,3.78,-0.92,0.77,2.78,9.62,593.95
44222.62,3.76,-0.69,0.99,2.9,8.11,593.06
44222.67,5.34,-0.22,1.61,3.11,2.42,592.47
44222.71,5.64,-0.13,1.98,0.17,0.64,592.1
44222.75,3.19,-1.1,2.21,0.39,0.79,592.09
44222.79,1.57,-0.62,1.52,0.54,2.04,592.26
44222.83,0.77,-0.52,1.55,0.59,4.71,592.96
44222.88,0.52,-0.44,1.74,0.59,8.21,593.25
44222.92,0.59,-0.37,1.75,0.63,9.11,593.58
44222.96,-0.73,-1.3,1.87,0.7,9.61,593.82
44223,-0.85,-1.24,1.84,0.74,9.65,594.09
44223.04,-0.95,-1.65,1.88,0.75,9.69,594.07
44223.08,-0.71,-1.82,1.79,0.79,9.65,594.04
44223.12,-0.51,-1.94,1.74,0.83,9.84,593.97
44223.17,-2.03,-3.03,1.58,0.86,9.89,593.96
44223.21,-2.05,-2.89,1.52,0.83,9.97,593.78
44223.25,-2.15,-4.18,1.43,0.62,9.85,593.93
44223.29,-1.8,-3.76,1.27,0.62,9.82,593.99
44223.33,-1.52,-3.76,1.54,0.72,9.75,594.58
44223.38,-1.86,-3.61,1.53,0.67,9.96,595.05
44223.42,0.87,-2.77,1.48,0.81,9.86,595.42
44223.46,0.96,-2.9,1.5,0.8,9.47,595.82
44223.5,0.87,-2.8,1.51,0.76,9.71,595.89
44223.54,4.04,-2.42,1.58,0.7,8.61,595.26
44223.58,4.05,-2.03,1.75,0.64,7.65,594.77
44223.62,4.44,-1.61,2.04,0.63,8.34,594.58
44223.67,4.76,-1.15,2.18,0.75,9.47,594.38
44223.71,4.22,-1.22,2.48,0.69,7.86,594.8
44223.75,1.32,-2.44,2.65,0.68,4.86,595.23
44223.79,0.54,-2.18,1.89,0.69,6.01,595.73
44223.83,0.71,-1.94,2.17,0.71,7.03,597.14
44223.88,0.89,-1.7,2.36,0.74,5.98,597.76
44223.92,0.62,-1.3,2.1,0.73,6.94,598.71
44223.96,-1.16,-2.48,1.88,0.69,9.37,599.17
44224,-1.02,-2.52,1.52,0.74,6.74,599.8
44224.04,-0.94,-1.94,1.15,0.82,7.42,600.01
44224.08,-0.72,-2.06,0.96,0.96,6.42,599.98
44224.12,-0.84,-2.01,0.75,1.13,4.61,600.05
44224.17,-1.4,-2.74,0.57,1.1,3.6,599.94
44224.21,-1.61,-2.68,0.45,0.44,3.01,599.62
44224.25,-2.27,-2.95,0.55,2.72,7.87,599.5
44224.29,-2.14,-2.78,0.48,2.46,9.81,599.31
44224.33,-2.27,-2.98,0.53,2.29,9.5,599.81
44224.38,-2.32,-3.33,0.43,2.19,9.94,600.15
44224.42,1.2,-2.75,0.36,2.53,4.9,600.71
44224.46,1.4,-3.14,0.65,0,5.64,600.51
44224.5,1.69,-3.75,0.72,3.03,7.86,600.24
44224.54,5.05,-2.54,0.73,2.9,7.81,599.41
44224.58,5.1,-2.4,0.77,2.8,8.7,598.25
44224.62,5.45,-2.4,1.05,3.01,9.95,597.72
44224.67,5.75,-2.27,1.2,3.02,9.2,597.21
44224.71,5.2,-2.39,1.39,0.03,9.75,597.16
44224.75,2.61,-3.66,1.89,0.35,3.68,596.85
44224.79,1.83,-2.68,2.29,0.49,1.42,596.95
44224.83,1.07,-2.29,2.35,0.58,1.26,597.61
44224.88,0.74,-2.32,1.99,0.55,2.72,598.08
44224.92,1.17,-1.41,1.66,0.64,4.49,598.14
44224.96,-0.33,-1.47,1.65,0.69,5.69,598.14
44225,-0.05,-1.45,1.32,0.62,6.81,598.04
44225.04,0.11,-1.38,0.95,0.55,7.94,597.86
44225.08,0.3,-1.56,1.03,0.51,8.98,597.6
44225.12,0.37,-1.64,0.8,0.53,8.56,596.95
44225.17,0.02,-1.56,0.66,0.41,9.72,596.57
44225.21,0.28,-1.55,0.5,0.13,8.95,595.98
44225.25,-0.18,-1.81,0.47,1.9,8.15,595.98
44225.29,0.02,-1.71,0.62,2.03,8.82,595.42
44225.33,-0.02,-1.8,0.43,2.75,8.01,595.73
44225.38,-0.36,-1.93,0.46,3.02,7.96,595.75
44225.42,2.72,-0.6,0.49,2.69,7.81,595.94
44225.46,3.53,-0.23,0.56,2.27,9.82,595.86
44225.5,3.75,0.09,0.88,1.63,9.24,595.61
44225.54,7.48,0.78,1.09,1.6,6.7,594.62
44225.58,8.08,0.79,1.03,1.76,5.29,593.55
44225.62,9.08,0.67,0.93,2.57,1.85,592.83
44225.67,9.43,1.07,1.37,0.11,0.82,592.41
44225.71,8.62,1.43,1.86,0.38,0.7,592.57
44225.75,4.82,0.67,2.58,0.53,2.12,592.34
44225.79,2.66,1.07,1.67,0.65,5.67,593.06
44225.83,2.14,1.21,2.43,0.69,9.56,594.35
44225.88,1.78,0.64,2.14,0.72,9.8,594.82
44225.92,1.44,0.27,1.97,0.75,9.52,595.62
44225.96,-0.65,-1.11,1.9,0.76,8.44,595.92
44226,-0.57,-1.32,2.09,0.75,9.11,596.25
44226.04,-0.74,-1.34,1.78,0.77,9.78,596.21
44226.08,-0.48,-1.42,1.69,0.76,9.61,596.29
44226.12,-0.32,-1.46,1.65,0.77,9.03,596.24
44226.17,-1.12,-1.95,1.54,0.91,9.28,596.04
44226.21,-1.29,-2.18,1.43,0.94,9.7,596.07
44226.25,-0.83,-3.25,1.43,0.96,9.88,596.51
44226.29,-1.06,-3.32,1.38,0.79,9.98,596.09
44226.33,-1.84,-3.85,1.29,0.82,9.79,596.69
44226.38,-1.76,-3.64,1.39,0.8,9.6,597.12
44226.42,2,-2.7,1.22,0.83,8.62,597.41
44226.46,1.95,-2.65,1.08,0.74,7.25,597.35
44226.5,1.76,-2.38,1.01,0.6,7.31,597
44226.54,4.55,-2.25,0.87,0.05,8.41,596.12
44226.58,4.87,-1.75,0.87,2.82,9.12,595.22
44226.62,5.21,-1.31,1.08,2.83,7.66,594.39
44226.67,5.98,-0.83,1.28,3.04,7.78,593.89
44226.71,6.08,-0.75,1.68,0.3,4.47,593.92
44226.75,3.4,-1.42,2.22,0.65,1.8,593.89
44226.79,2.58,-0.71,1.63,0.59,1.34,594.2
44226.83,1.87,-0.44,1.77,0.6,3.69,594.78
44226.88,2.18,0.03,1.92,0.68,6.51,595.27
44226.92,1.95,-0.1,1.74,0.75,9.36,595.55
44226.96,0.04,-0.64,1.64,0.81,9.61,595.81
44227,0.03,-0.71,1.74,0.85,8.79,596.12
44227.04,-0.11,-0.74,1.58,0.87,9.01,595.91
44227.08,-0.01,-0.88,1.69,0.85,9.62,596.04
44227.12,0.13,-0.97,1.57,0.82,9.82,595.86
44227.17,-0.21,-1.19,1.54,0.86,9.86,595.79
44227.21,-0.2,-1.25,1.51,0.88,9.82,595.55
44227.25,-0.86,-2.51,1.72,0.87,9.73,595.79
44227.29,-0.71,-2.46,1.56,0.82,9.69,595.58
44227.33,-0.68,-2.44,1.55,0.81,9.86,596.01
44227.38,-0.69,-2.69,1.48,0.78,9.88,596.27
44227.42,1.61,-2.25,1.33,0.77,9.71,596.48
44227.46,1.85,-2.49,1.08,0.72,9.64,596.48
44227.5,1.88,-2.12,0.74,0.33,9.23,596.08
44227.54,4.91,-1.73,0.54,2.38,7.31,595.21
44227.58,5.73,-1.28,0.87,1.9,7.14,594.25
44227.62,6.48,-0.95,0.91,2.44,6.75,593.38
44227.67,8.49,-0.47,1.11,2.65,8.24,593.1
44227.71,8.72,-0.04,1.61,0.1,6.71,592.99
44227.75,5.86,-1.25,1.86,0.6,6.27,593.79
44227.79,3.64,-0.47,1.68,0.56,5.77,594.08
44227.83,3.25,-0.14,1.45,0.7,3.43,595.07
44227.88,2.76,0.12,1.86,0.61,4.84,595.47
44227.92,2.51,0.63,1.21,0.62,7.46,596.25
44227.96,0.72,0.03,1.18,0.64,9.15,596.65
44228,1.12,0.03,1.44,0.65,9.39,596.98
44228.04,0.6,-0.52,1.23,0.65,8.61,597.04
44228.08,0.44,-0.57,1,0.75,8.7,597.13
44228.12,0.56,-0.64,0.56,0.57,8.87,596.9
44228.17,0.14,-1.27,0.43,0.62,8.61,596.72
44228.21,-0.23,-1.84,0.27,2.6,9.07,596.28
44228.25,-1.24,-2.8,0.58,1.58,9.53,596.39
44228.29,-1.02,-2.58,1.11,1.4,9.13,595.89
44228.33,-0.89,-1.95,1.07,1.33,8.95,596.64
44228.38,-0.55,-2.01,1,1.48,8.87,596.96
44228.42,4.27,0.03,0.91,1.38,7.93,597.26
44228.46,4.92,-0.12,0.57,1.41,4.73,597.33
44228.5,5.4,1.12,0.39,2.85,1.37,596.92
44228.54,10.39,1.38,0.71,0.12,1.36,596.2
44228.58,11.17,1.11,0.74,3.03,3.21,595.39
44228.62,12.16,-0.03,0.77,1.79,7.57,594.76
44228.67,13.6,-1.04,1.05,3.02,7.45,594.45
44228.71,13.64,-1.84,1.13,0.42,3.95,594.38
44228.75,7.47,-0.76,1.92,0.48,2.01,594.08
44228.79,4.8,0.68,2.81,0.54,2.75,594.64
44228.83,4.11,1.18,2.24,0.53,5.56,595.38
44228.88,4.21,1.77,1.57,0.62,9.24,596
44228.92,4.12,2.04,1.89,0.66,10,596.65
44228.96,2.46,1.81,2.01,0.67,10,597.1
44229,2.41,1.73,1.58,0.68,10,597.39
44229.04,1.93,1.49,1.33,0.69,10,597.31
44229.08,2.13,1.62,1.41,0.67,9.02,597.21
44229.12,2.12,1.43,1.35,0.69,9.77,596.85
44229.17,1.33,0.95,1.28,0.68,9.85,597.08
44229.21,1.1,0.36,1.18,0.71,10,596.85
44229.25,0.99,-0.52,0.75,0.61,9.53,597
44229.29,1.15,-0.68,0.51,0.15,9.99,597.14
44229.33,0.62,-1.23,0.21,2.85,9.49,597.42
44229.38,0.62,-1.49,0.25,2,9.43,597.84
44229.42,4.38,0.48,0.6,1.55,9.77,598.08
44229.46,4.86,0.97,0.74,1.62,7.19,598.41
44229.5,5.52,1.48,0.74,1.39,7.2,597.99
44229.54,9.68,1.78,0.83,1.3,6.5,597.24
44229.58,10.42,1.34,0.82,1.22,7.28,596.29
44229.62,10.84,0.58,0.48,1.7,9.08,595.5
44229.67,10.75,1.3,0.65,2.93,8.61,595.34
44229.71,10.13,1.89,1.68,0.46,7.89,595.31
44229.75,6.43,0.55,2.25,0.61,4.74,595.42
44229.79,5.53,1.75,1.56,0.61,5.99,595.86
44229.83,4.86,2.73,2.04,0.59,8.11,596.73
44229.88,4.51,3,1.84,0.62,10,597.13
44229.92,4.49,3.28,1.68,0.66,10,597.57
44229.96,1.95,1.88,1.62,0.63,10,597.88
44230,2.02,1.61,1.13,0.59,10,597.91
44230.04,1.53,1.14,0.87,0.34,8.79,597.67
44230.08,1.7,0.66,0.56,2.81,9.96,597.25
44230.12,1.63,0.29,0.62,2.07,9.55,597.04
44230.17,1.22,-0.28,0.94,1.52,9.98,596.58
44230.21,2.01,0.13,1.13,1.52,9.65,596.46
44230.25,1.15,-0.63,1.35,1.19,9.19,596.29
44230.29,1.31,-0.57,1.7,1.19,9.48,596.28
44230.33,0.54,-0.87,1.75,1.16,8.88,596.71
44230.38,1.1,-0.94,1.43,1.07,5.84,597.17
44230.42,6.01,1.54,1.09,1.35,1.56,597.47
44230.46,6.89,0.82,0.8,1.68,1.56,597.71
44230.5,7.73,1.38,0.72,2.41,0.79,597.42
44230.54,12.07,1.65,0.89,2.9,0.45,596.67
44230.58,12.63,1.81,1.06,0,1.91,595.98
44230.62,12.78,1.77,1.5,0.1,2.43,595.21
44230.67,13.48,1.95,1.92,0.23,1.71,595.24
44230.71,12.81,2.39,2.19,0.34,0.78,595.08
44230.75,7.23,2.15,2.46,0.47,1.52,595.37
44230.79,5.7,3.2,1.53,0.54,4.42,595.62
44230.83,5.3,3.76,2.17,0.59,10,596.39
44230.88,5.4,3.97,1.98,0.59,10,596.97
44230.92,4.79,3.84,2.07,0.61,10,597.31
44230.96,2.88,2.49,1.9,0.61,10,597.55
44231,2.21,1.54,1.65,0.6,10,597.47
44231.04,1.87,1.31,1.49,0.56,10,597.4
44231.08,1.87,1.08,1.43,0.49,9.47,596.92
44231.12,1.7,0.73,1.19,0.4,10,596.71
44231.17,1.11,-0.22,1.01,0.36,9.96,596.43
44231.21,2.03,0.41,0.86,0.25,10,596.16
44231.25,1.77,0,0.73,2.46,9.8,596.39
44231.29,1.97,0.29,0.96,1.87,9.65,595.88
44231.33,2.38,0.72,0.95,1.59,9.79,596.27
44231.38,2.3,0.33,1.14,1.61,9.5,596.67
44231.42,5.16,1.6,1.27,1.37,7.28,596.67
44231.46,5.51,0.88,1.09,1.43,3.14,596.69
44231.5,6.18,1.68,1.06,1.52,2.64,596.17
44231.54,9.56,2.08,0.8,1.8,0.69,595.29
44231.58,11.4,2.43,0.82,2.04,0.4,594.43
44231.62,12.25,2.65,0.89,2.46,0.48,593.71
44231.67,13.37,2.59,1.15,3.14,0.02,593.38
44231.71,12.67,3.13,1.7,0.33,0.56,593.52
44231.75,8.03,1.47,2.22,0.45,1.72,593.84
44231.79,6.71,2.56,1.89,0.62,5.09,594.21
44231.83,5.14,3.12,2.58,0.71,8.26,595.11
44231.88,4.76,3.68,2.72,0.68,9.95,595.94
44231.92,3.77,2.6,2.36,0.67,10,596.58
44231.96,2.29,1.75,2.16,0.67,10,596.96
44232,1.07,0.46,1.89,0.75,9.02,597.13
44232.04,0.97,0.13,2.03,0.77,8.79,597.19
44232.08,1.07,0.12,1.97,0.77,9.98,597.15
44232.12,0.85,-0.2,1.77,0.78,10,597.18
44232.17,0.13,-0.38,1.59,0.78,9.81,597.09
44232.21,1.02,0.06,1.39,0.79,9.75,597.03
44232.25,0.74,-1.24,1.21,0.68,9.88,597.1
44232.29,0.93,-0.91,1.24,0.73,9.73,597.24
44232.33,0.42,-1.54,1.47,0.8,9.39,598.12
44232.38,1.27,-0.98,1.58,0.73,9.78,598.69
44232.42,3.77,-0.91,1.28,0.69,9.92,598.98
44232.46,4.12,-0.98,1.07,0.58,9.89,599.29
44232.5,3.96,-1.19,0.9,0.42,8.01,599.05
44232.54,7.53,-0.98,0.74,0.26,7.95,598.38
44232.58,7.75,-0.82,0.65,3.12,7.36,597.23
44232.62,8.22,-0.69,0.99,0.05,3.97,596.46
44232.67,10.42,-0.76,1.26,0.14,2.38,595.71
44232.71,10.31,-0.71,1.54,0.17,1.84,595.76
44232.75,5.67,-2.04,1.46,0.16,0.04,595.24
44232.79,5.37,-0.88,1.86,0.5,0,595.38
44232.83,5.08,-0.3,2.12,0.6,0.02,595.68
44232.88,4.8,0.31,2.15,0.51,0.09,596.16
44232.92,4.3,0.92,1.94,0.46,0.94,596.46
44232.96,2.17,0.63,1.51,0.45,3.16,596.52
44233,2.1,0.76,1.22,0.46,3.76,596.31
44233.04,1.56,0.95,0.99,0.38,4.29,596.17
44233.08,1.74,1.5,0.82,0.3,9.34,595.86
44233.12,1.79,1.6,0.58,0.3,9.26,595.53
44233.17,0.55,0.44,0.38,0.03,10,595.14
44233.21,0.76,0.54,0.33,2.44,10,594.85
44233.25,-0.27,-0.28,0.73,1.18,10,594.99
44233.29,-0.45,-0.45,1.16,1.29,9.9,594.84
44233.33,0.03,0.03,1.43,1.16,9.29,595.06
44233.38,-0.37,-0.39,1.52,1.25,9.01,595.43
44233.42,3.9,1.77,1.53,1.2,7.9,595.41
44233.46,5.02,1.58,1.33,1.19,0.81,595.6
44233.5,6.62,2.21,1.42,1.18,0.16,594.97
44233.54,12.79,2.56,1.49,1.13,0,594.15
44233.58,14.06,2.31,1.57,1.19,0,593.16
44233.62,15.16,1.64,1.69,1.21,0,592.3
44233.67,16.96,-1.41,1.48,1.38,0,592.01
44233.71,17.02,-3.63,1.22,1.72,0.01,592.11
44233.75,13.32,4.24,0.68,2.57,0.07,591.99
44233.79,12.95,-4.55,1.02,3.1,0.14,592.39
44233.83,11.83,-3.64,1.49,0.41,0.7,593.22
44233.88,10.62,-1.56,1.87,0.52,1.8,594
44233.92,6.51,0.69,2.26,0.57,4.31,594.43
44233.96,4.4,2.15,2.34,0.54,8.24,594.75
44234,3.52,2.86,1.9,0.54,9.24,595.11
44234.04,3.13,2.8,1.74,0.52,10,594.95
44234.08,3.04,2.42,1.69,0.53,10,595.1
44234.12,2.94,2.07,1.5,0.54,10,594.93
44234.17,1.44,1.29,1.49,0.59,10,595.02
44234.21,1.46,1.08,1.34,0.6,10,594.98
44234.25,0.57,0.56,1.38,0.76,10,594.98
44234.29,0.72,0.34,1.19,0.72,10,595.27
44234.33,0.86,0.55,1.12,0.68,10,595.92
44234.38,0.05,0.03,1.3,0.64,10,596.56
44234.42,3.32,1.35,1.32,0.64,10,597.02
44234.46,3.49,0.9,1.43,0.61,8.49,597.3
44234.5,4.07,1.28,1.44,0.56,8.87,596.9
44234.54,8.21,2.53,1.51,0.48,9.85,596.4
44234.58,9.52,2.36,1.89,0.53,10,595.56
44234.62,9.83,2.66,1.86,0.52,10,595.19
44234.67,9.18,2.64,2.24,0.69,10,595.17
44234.71,8.01,3.01,2.47,0.76,10,595.58
44234.75,4.31,1.13,2.03,0.65,10,595.76
44234.79,4.9,1.57,1.9,0.65,10,596.55
44234.83,4.83,1.42,1.83,0.83,9.37,596.83
44234.88,4.96,1.53,1.32,0.82,9.32,597.62
44234.92,4.88,1.44,1.62,0.85,9.88,598.18
44234.96,3.37,1.59,1.5,1.02,9.92,598.58
44235,3.22,1.61,0.97,0.95,9.98,598.89
44235.04,3.35,1.57,0.82,0.9,9.94,599.1
44235.08,3.56,1.6,0.81,1.04,9.98,599.13
44235.12,3.88,1.54,1.01,1.21,9.64,598.98
44235.17,3.41,1.08,0.85,1.53,9.56,598.85
44235.21,3.61,0.94,0.63,1.84,10,598.68
44235.25,2.74,0.82,0.34,0.87,9.82,598.42
44235.29,2.98,0.67,0.08,2.45,10,598.77
44235.33,3.25,0.44,0.61,0.42,10,599.36
44235.38,3.09,-0.49,0.6,2.75,10,599.29
44235.42,5.08,-0.98,0.54,0.79,10,599.72
44235.46,5.21,-1.13,0.51,1.44,10,600.11
44235.5,5.89,-0.93,0.57,3.13,10,599.95
44235.54,8.01,-0.99,0.91,0.33,10,599.43
44235.58,8.72,-1.23,1.28,0.49,10,598.95
44235.62,8.78,-1.07,1.48,0.56,10,598.39
44235.67,8.72,-0.81,1.68,0.73,10,598.16
44235.71,8.43,-1.05,1.69,0.86,10,598
44235.75,6.64,-1.65,1.4,0.54,10,597.95
44235.79,6.53,-0.54,1.43,0.3,10,598.38
44235.83,7.05,-1.37,0.96,0.64,9.8,598.69
44235.88,6.86,-1.08,0.98,1,10,598.98
44235.92,6.43,-0.8,0.73,0.24,10,598.85
44235.96,4.9,-0.62,0.6,2.84,10,599.06
44236,4.72,-0.55,0.18,1.86,10,598.93
44236.04,4.45,-0.19,0.15,2.24,10,598.39
44236.08,4.23,-0.14,0.22,2.88,9.68,598.2
44236.12,4.17,-0.01,0.55,1.98,10,597.82
44236.17,3.31,-0.35,0.23,1.54,10,597.74
44236.21,3.26,-0.25,0.1,1.97,10,597.28
44236.25,3.26,-0.36,0.21,1.98,10,596.8
44236.29,3.38,-0.18,0.68,1.66,10,597.02
44236.33,3.26,-0.03,0.69,2.01,10,597.33
44236.38,2.78,-0.01,0.22,2.63,9.98,597.53
44236.42,5.28,0.15,0.52,2.92,9.96,597.65
44236.46,5.79,0.37,0.54,0.21,6.67,597.86
44236.5,6.23,0.18,0.68,0.43,6.61,597.62
44236.54,9,-0.47,1.12,0.64,8.69,596.62
44236.58,8.79,-0.95,1.28,0.52,9.95,595.83
44236.62,8.68,-0.21,1.31,0.35,10,595.28
44236.67,8.67,0.62,1.17,0.39,10,594.91
44236.71,8.56,0.34,1.14,0.35,10,594.88
44236.75,7.16,0.35,1.38,3.07,10,595.02
44236.79,6.36,1.83,1.4,2.91,10,594.99
44236.83,6.1,2.17,1.1,2.82,10,595.49
44236.88,6.1,1.84,0.69,2.89,10,595.64
44236.92,6.01,1.93,0.48,0.35,9.96,596.25
44236.96,4.07,1.7,0.65,0.31,9.32,596.3
44237,3.58,1.74,0.78,0.71,3.69,596.37
44237.04,2.85,1.6,0.73,1.29,0.79,596.35
44237.08,2.62,1.68,0.66,1.9,1.39,596.13
44237.12,2.72,1.88,0.52,1.7,1.98,596
44237.17,1.75,1.38,0.45,0.26,8.76,595.73
44237.21,1.56,1.3,0.47,2.71,10,595.67
44237.25,-0.07,-0.09,0.35,1.63,10,596.02
44237.29,0.45,0.29,0.3,1.03,10,595.85
44237.33,0.05,-0.08,0.55,1.1,9.96,596.14
44237.38,-0.28,-0.41,0.69,1.12,10,596.52
44237.42,3.52,1.89,0.87,1.18,9.31,596.82
44237.46,4.62,1.58,0.59,1.35,4.79,596.8
44237.5,5.18,1.79,0.63,1.71,2.15,596.73
44237.54,10.49,1.59,0.76,2.07,0.21,595.86
44237.58,11.2,1.45,0.84,2.29,0.1,595
44237.62,11.67,1.23,0.92,2.54,0,594.16
44237.67,13.5,0.54,1.15,2.77,0.02,593.73
44237.71,13.35,0.32,1.25,2.86,4.13,593.45
44237.75,9.84,0.33,1.12,2.9,7.55,593.36
44237.79,10.76,-0.38,1.45,0.06,7.66,593.04
44237.83,10.53,0.09,1.55,0.07,7.58,593.64
44237.88,10.04,0.46,1.58,0.3,5.59,594.2
44237.92,8.74,1.28,1.76,0.47,3.28,594.69
44237.96,5.77,1.52,1.71,0.43,0.61,594.7
44238,5.57,2.02,1.66,0.53,0.15,594.76
44238.04,5.14,2.57,1.63,0.5,0.5,594.71
44238.08,4.8,2.86,1.5,0.53,0.8,594.75
44238.12,4.63,3.14,1.35,0.47,2.21,594.47
44238.17,3.74,3.18,1.18,0.38,8.79,594.19
44238.21,3.76,3.46,1.01,0.36,10,594.08
44238.25,3.79,3.5,0.65,0.57,10,594.08
44238.29,3.83,3.49,0.45,2.88,10,594.23
44238.33,3.9,3.47,0.63,0.4,10,594.68
44238.38,2.44,2.25,0.89,0.88,10,595.35
44238.42,5.44,3.17,1.04,0.88,10,595.81
44238.46,5.07,2.81,1.53,0.79,10,596.09
44238.5,5.21,2.54,1.85,0.8,9.92,596.31
44238.54,7.66,2.88,2.16,0.73,9.92,595.76
44238.58,7.43,3.03,2.39,0.61,9.98,595.08
44238.62,6.86,3.24,2.48,0.52,9.82,594.66
44238.67,6.98,3.75,2.39,0.51,9.85,594.18
44238.71,6.98,3.94,2.15,0.57,9.4,594.36
44238.75,4.6,2.92,1.88,0.81,10,594.94
44238.79,4.95,3.05,1.58,0.85,10,595.16
44238.83,5.17,3.5,1.29,0.76,10,595.6
44238.88,5.41,3.82,1.24,0.76,10,595.68
44238.92,5.34,4.14,1.09,0.95,10,596.18
44238.96,3.85,3.44,0.92,1.13,10,596.23
44239,3.75,3.08,0.8,1.23,9.97,596.39
44239.04,3.41,2.64,0.55,1.47,9.96,596.31
44239.08,3.06,2.17,0.27,1.57,9.93,596.17
44239.12,2.78,1.77,0.05,0.02,10,595.89
44239.17,2.2,1.54,0.53,0.61,9.87,595.68
44239.21,2.35,1.3,0.86,0.99,9.61,595.45
44239.25,2.29,1.7,1.01,0.72,9.75,595.36
44239.29,2.52,1.42,1.18,0.79,9.55,595.4
44239.33,2.43,1.5,1.26,0.86,9.22,595.73
44239.38,2.08,1.11,1.19,0.95,8.27,596.04
44239.42,6.36,2.38,1.14,0.87,1.6,596.15
44239.46,6.98,3.07,1.16,0.8,0.3,596.28
44239.5,8.61,2.37,1.24,0.6,3.71,595.97
44239.54,13.3,2.49,1.25,0.48,6.68,595.25
44239.58,13.44,2.46,1.16,0.44,8.33,594.3
44239.62,13.72,2.12,0.79,0.49,10,593.57
44239.67,15.05,1.65,0.34,1.6,9.86,593.26
44239.71,14.77,1.41,0.45,2.06,8.68,593.06
44239.75,11.46,0.71,1.29,0.31,7.37,593.18
44239.79,11.42,2.41,2.01,0.42,4.85,593.27
44239.83,10.65,3.02,2.01,0.35,2.92,593.57
44239.88,9.99,3.83,1.94,0.46,1.67,593.95
44239.92,9.46,5.42,2.06,0.56,0.94,594.28
44239.96,6.33,5.11,1.99,0.63,3.08,594.65
44240,6.05,5.28,1.94,0.6,10,594.8
44240.04,6.49,6.1,1,0.52,10,594.92
44240.08,6.53,6.05,1.3,0.54,10,594.92
44240.12,6.52,5.94,1.26,0.64,10,594.66
44240.17,6.09,5.7,1.33,0.73,10,594.48
44240.21,5.5,5.06,1.31,0.76,10,594.26
44240.25,5.91,5.51,1.31,0.69,10,594.42
44240.29,5.8,5.55,1.3,0.53,10,594.45
44240.33,5.23,4.76,1.27,0.68,10,595.12
44240.38,4.74,4.25,1.47,0.76,10,595.86
44240.42,6.74,5.49,1.55,0.79,10,596.13
44240.46,6.18,4.21,1.6,0.7,10,596.67
44240.5,6.36,4.15,1.66,0.64,10,596.59
44240.54,8.35,3.6,1.76,0.55,10,596.33
44240.58,7.95,3.51,1.8,0.61,10,595.8
44240.62,7.72,3.59,1.98,0.6,10,595.62
44240.67,8.02,3.81,2.08,0.58,10,595.56
44240.71,7.59,4,2.18,0.62,10,595.72
44240.75,4.82,3.49,1.89,0.77,9.98,596.06
44240.79,5.77,4.06,1.52,0.75,9.84,596.33
44240.83,6.3,4.44,1.28,0.82,9.67,596.97
44240.88,6.82,4.81,1.17,0.59,8.94,597.46
44240.92,6.61,4.9,0.52,0.21,9.52,597.72
44240.96,5.22,4.38,0.43,1.38,6.55,597.55
44241,5.45,4.4,0.58,1.3,9.32,597.8
44241.04,5.23,4.15,0.77,1.15,10,597.52
44241.08,5.28,4,0.95,1.19,10,597.25
44241.12,4.87,3.55,0.92,1.16,10,596.84
44241.17,3.56,2.9,1.07,1.12,10,596.4
44241.21,3.71,2.95,1.2,0.95,10,596.01
44241.25,2.82,2.44,1.35,1.01,10,595.93
44241.29,2.87,2.4,1.57,1,10,595.71
44241.33,3.08,2.47,1.8,0.94,10,595.89
44241.38,2.37,2.11,1.83,0.88,9.99,596.03
44241.42,6,3.95,1.94,0.93,7.44,596.37
44241.46,7.63,3.97,2.12,0.94,4.81,596.26
44241.5,8.64,4.51,2.3,0.89,5.08,595.84
44241.54,13.25,3.1,2.39,0.84,6.51,595.02
44241.58,14.21,3.26,2.28,0.79,8.22,593.92
44241.62,14.9,3.28,2.4,0.79,9.37,593.06
44241.67,16.29,2.09,2.45,0.79,9.59,592.56
44241.71,16.31,1.9,1.98,0.86,8.76,592.24
44241.75,13.87,3.27,0.76,1.11,4.3,591.92
44241.79,14.84,0.82,0.65,2.42,2.4,591.64
44241.83,14.28,1,1.01,0.16,0.96,592.24
44241.88,13.5,1.4,1.58,0.4,1.5,592.67
44241.92,12.58,3.24,2.01,0.5,1.28,592.96
44241.96,8.24,3.91,2.15,0.55,4.01,593.09
44242,7.02,5.2,2.17,0.53,6.81,593.29
44242.04,7.1,6.42,1.24,0.6,9.55,593.34
44242.08,7.68,6.87,1.89,0.66,10,593.41
44242.12,7.76,7.1,1.94,0.72,10,593.33
44242.17,6.46,6.24,1.84,0.74,10,593.5
44242.21,6.22,5.38,1.8,0.75,10,593.46
44242.25,5.41,5.02,1.61,0.62,10,593.95
44242.29,5.25,4.75,1.55,0.65,10,594.09
44242.33,5.37,4.83,1.44,0.66,10,594.69
44242.38,4.88,4.52,1.45,0.67,10,594.97
44242.42,7.1,5.39,1.61,0.69,10,595.48
44242.46,6.67,5.09,1.55,0.67,10,595.81
44242.5,7.16,4.69,1.78,0.62,9.86,595.47
44242.54,8.41,3.55,1.88,0.59,8.64,594.94
44242.58,7.96,3.54,2.03,0.51,9.92,594.17
44242.62,7.8,3.78,2.12,0.46,10,593.7
44242.67,7.22,4.02,2.32,0.42,9.92,593.25
44242.71,7.14,3.69,2.3,0.49,10,593.52
44242.75,4.41,2.75,2.17,0.69,9.09,593.64
44242.79,4.56,3.1,2.09,0.65,10,593.77
44242.83,4.98,3.5,2,0.61,10,594.38
44242.88,5.24,3.77,1.85,0.66,10,594.43
44242.92,5.01,3.58,1.8,0.62,10,595.06
44242.96,3.25,2.16,1.71,0.75,10,595.4
44243,3.33,2.41,1.57,0.9,10,595.72
44243.04,2.99,2.09,1.52,0.91,10,595.59
44243.08,3.17,1.99,1.46,0.88,10,595.66
44243.12,2.89,1.85,1.69,0.86,10,595.71
44243.17,2.31,1.55,1.61,0.88,9.55,595.64
44243.21,2.42,1.2,1.63,0.94,9.77,595.76
44243.25,2.04,1.22,1.72,0.94,9.91,596.07
44243.29,2.47,1.2,1.71,1.01,9.91,596.34
44243.33,2.64,1.17,1.72,1,9.62,597
44243.38,2.15,0.85,1.87,0.97,10,597.6
44243.42,3.97,0.74,1.66,0.92,9.76,598.15
44243.46,4,0.13,1.67,0.85,9.64,598.52
44243.5,4.04,0.16,1.63,0.84,9.96,598.55
44243.54,6.67,0.28,1.59,0.88,9.99,597.91
44243.58,6.99,0.2,1.54,0.82,9.99,597.47
44243.62,7.54,0.18,1.5,0.79,9.98,596.91
44243.67,8.06,-0.08,1.57,0.67,8.49,596.61
44243.71,7.95,-0.11,1.73,0.73,7.79,596.6
44243.75,5.04,-0.73,1.74,0.65,8.47,596.88
44243.79,5.57,-0.62,1.07,0.64,9.03,597.19
44243.83,5.66,0.13,1.61,0.65,3.65,597.65
44243.88,5.16,0.31,1.37,0.67,3.13,598.11
44243.92,5.35,0.61,1.31,0.61,3.39,598.67
44243.96,4.02,0.91,1.16,0.44,5.23,598.77
44244,3.5,0.88,1.17,0.71,6.02,599.17
44244.04,2.51,0.78,1.03,0.83,5.8,599.05
44244.08,2.6,1.16,0.94,0.73,7.4,598.82
44244.12,2.78,1.22,0.96,0.55,6.82,598.76
44244.17,2.05,1.21,0.91,0.69,7.77,598.72
44244.21,2.43,1.06,0.74,0.8,9.61,598.54
44244.25,2.04,1.36,0.97,0.16,9.78,598.55
44244.29,2.27,1.28,0.71,0.67,9.29,598.83
44244.33,2.26,1.28,0.87,0.55,9.87,599.23
44244.38,2.14,0.51,1.19,0.59,9.32,599.35
44244.42,4.14,0.56,1.27,0.64,8.73,599.77
44244.46,4,0.31,1.24,0.55,9.8,599.89
44244.5,3.69,0.27,1.23,0.44,9.79,599.7
44244.54,6.13,-0.04,1.1,0.24,10,599.04
44244.58,5.82,0.07,1.15,0.05,10,598.24
44244.62,5.74,0.12,1.14,0.1,10,597.71
44244.67,6.04,0.24,1.21,0.01,10,597.37
44244.71,6.19,0.28,1.37,0.2,9.98,597.27
44244.75,4.87,0.31,1.52,0.55,8.85,597.73
44244.79,4.94,0.86,1.66,0.63,7.1,597.42
44244.83,4.96,1.36,1.28,0.68,6.25,598.09
44244.88,4.97,1.59,1.34,0.7,6.89,598.53
44244.92,4.68,2.11,1.53,0.68,8.58,599.22
44244.96,3.33,1.83,1.67,0.71,10,599.53
44245,3.51,1.85,1.52,0.82,9.99,599.88
44245.04,3.29,2.13,1.46,0.89,9.98,599.75
44245.08,3.14,2.28,1.4,0.94,10,599.66
44245.12,3.02,2.29,1.46,0.89,9.98,599.62
44245.17,2.08,1.5,1.41,0.9,9.99,599.42
44245.21,2.13,1.28,1.41,0.87,9.99,599.41
44245.25,1.46,0.4,1.29,1.04,10,599.93
44245.29,1.51,0.35,1.23,0.83,9.9,599.96
44245.33,1.43,0.35,1.08,0.76,9.9,600.45
44245.38,1.54,0.2,1.25,0.76,9.92,600.84
44245.42,3.58,1.07,1.16,0.69,9.85,601.26
44245.46,4.05,1.15,1.06,0.54,9.36,601.4
44245.5,4.4,0.86,0.99,0.43,9.85,601.31
44245.54,6.93,1.02,0.87,0.35,9.77,600.63
44245.58,6.8,1,0.77,0.36,10,599.73
44245.62,7.12,1.14,0.94,0.24,10,599.13
44245.67,7.56,1.27,1.09,0.06,10,598.7
44245.71,7.57,1.31,1.25,0.06,10,598.6
44245.75,5.75,0.7,1.23,0.15,10,599.04
44245.79,6.04,0.76,1.26,0.27,9.9,598.79
44245.83,6.01,1.16,1.35,0.3,9.01,599.11
44245.88,5.87,1.9,1.67,0.55,8.35,599.54
44245.92,5.81,2.03,1.12,0.58,8.12,599.89
44245.96,4.06,2.3,0.99,0.52,7.87,599.95
44246,4.12,2.45,1.07,0.66,8.58,600.12
44246.04,4.05,2.2,1.23,0.72,9.64,599.89
44246.08,4.16,2.14,1.25,0.74,9.55,599.75
44246.12,4.16,2.13,1.31,0.8,9.84,599.39
44246.17,3.72,1.98,1.3,0.82,10,599.3
44246.21,3.68,1.8,1.22,0.82,10,599.07
44246.25,3.12,1.37,1.13,0.77,10,599.47
44246.29,3.12,1.4,1.21,0.66,10,599.14
44246.33,3.17,1.36,1.06,0.63,10,600.06
44246.38,2.63,1.03,0.71,0.56,9.98,600.21
44246.42,5.73,1.9,0.49,0.41,9.95,600.6
44246.46,5.56,2.01,0.49,2.83,9.68,600.6
44246.5,5.81,2.13,0.53,2.57,9.64,600.38
44246.54,9.19,2.47,0.53,0.13,9.6,599.66
44246.58,9.04,2.64,0.65,0.54,9.98,598.81
44246.62,9.26,2.73,0.97,0.31,10,598.12
44246.67,10.04,2.76,0.92,0.09,10,597.67
44246.71,10.1,2.74,1.27,0.3,10,597.46
44246.75,7.32,2.03,1.75,0.19,5.44,597.22
44246.79,7.25,2.64,2.17,0.59,4.07,597.51
44246.83,7.45,2.34,2.05,0.54,2.6,598.05
44246.88,8.36,2.23,1.92,0.41,0.51,598.53
44246.92,7.69,2.63,1.63,0.37,0.79,598.66
44246.96,5.66,2.74,1.41,0.4,3.54,598.67
44247,5.5,2.81,1.24,0.22,2.47,598.77
44247.04,4.91,2.71,0.76,0.08,3.19,598.51
44247.08,4.43,2.62,0.53,0.01,3.74,598.12
44247.12,4.15,2.56,0.24,2.91,4.99,597.55
44247.17,3.21,2.3,0.23,2.28,3.88,597.31
44247.21,2.09,1.18,0.24,2.08,8.47,596.97
44247.25,1.82,1.38,0.42,1.78,10,597.18
44247.29,1.6,1.16,0.49,1.26,10,596.92
44247.33,0.85,0.44,0.62,1.45,10,597.55
44247.38,1.12,0.65,0.82,1.29,10,597.35
44247.42,6.97,4.25,0.83,1.19,10,597.88
44247.46,8.56,3.95,0.82,1.2,10,597.75
44247.5,9.28,3.3,0.83,1.09,10,597.42
44247.54,14.05,2.96,0.81,0.87,9.98,596.31
44247.58,14.62,2.8,0.7,0.28,9.81,595.45
44247.62,14.6,2.63,0.87,0.02,9.98,594.63
44247.67,15.45,2.76,0.39,2.23,9.47,594.05
44247.71,15.31,3.08,0.82,0.78,9.57,594.01
44247.75,12.6,0.41,1.26,0.44,8.64,593.97
44247.79,13.57,0.8,1.76,0.73,8.84,594.1
44247.83,12.79,1.51,1.56,0.64,9.56,594.67
44247.88,11.91,2.9,1.54,0.54,9.84,595.21
44247.92,12.01,3.65,1.4,0.67,9.92,595.42
44247.96,8.3,4,1.05,0.82,9.92,595.62
44248,8.1,4.28,0.78,0.63,10,595.72
44248.04,7.91,4.58,0.38,3.06,10,595.41
44248.08,7.66,4.52,0.34,1.33,10,595.01
44248.12,7.74,4.57,0.68,1.49,9.99,594.49
44248.17,6.63,4.5,0.92,1.44,9.82,594.27
44248.21,6.57,4.59,1.07,1.34,7.63,594.11
44248.25,4.36,3.53,0.87,1.41,6.19,594.3
44248.29,4.3,3.86,0.86,1.65,7.7,594.36
44248.33,3.96,3.68,0.64,2.01,7.59,594.92
44248.38,4.24,3.66,0.25,1.95,9.46,595.45
44248.42,11.49,5.47,0.17,1.19,2.74,595.76
44248.46,11.93,4.92,0.35,1.64,0.04,595.92
44248.5,12.57,5.08,0.52,1.89,0.51,595.59
44248.54,17.11,4,0.66,1.74,1.45,595.16
44248.58,17.35,3.91,0.82,1.37,2.83,594.59
44248.62,17.4,4.19,0.99,1.04,5.29,593.95
44248.67,17.01,3.97,1.21,0.8,6.26,593.58
44248.71,15.15,4.95,1.39,0.53,6.28,593.68
44248.75,12.18,4.06,1.38,0.64,6.48,593.86
44248.79,11.56,4.92,0.68,0.82,4.89,594.22
44248.83,12.25,4.57,0.78,0.3,0.52,594.53
44248.88,11.97,5.32,0.64,2.75,0.08,594.87
44248.92,11.21,5.65,0.59,2.44,0,595.4
44248.96,7.43,4.46,0.5,2.4,0,595.35
44249,7.16,4.51,0.52,2.71,0,595.63
44249.04,6.69,4.69,0.7,2.93,0,595.61
44249.08,6.82,4.91,0.71,3.03,0,595.53
44249.12,6.72,5.03,0.59,2.8,0.04,595.28
44249.17,5.11,4.73,0.47,2.61,0.11,595.21
44249.21,5.25,4.88,0.35,2.43,0.33,595.21
44249.25,4.36,4.18,0.3,1.95,9.8,595.44
44249.29,4.45,4.19,0.41,1.7,10,595.67
44249.33,3.19,2.77,0.62,1.69,10,596.1
44249.38,2.45,2.45,0.62,1.62,10,596.32
44249.42,9.1,7.26,0.75,1.33,9.63,596.7
44249.46,10.15,8.6,0.74,1.71,9.28,596.69
44249.5,10.74,6.61,0.94,1.45,2.75,596.24
44249.54,16.74,6.29,0.96,1.62,0.95,595.5
44249.58,17.37,5.62,1.1,1.76,0.16,594.41
44249.62,17.91,4.93,1.27,1.72,1.47,593.67
44249.67,19.61,2.38,1.23,1.85,1.52,593.07
44249.71,19.53,1.25,0.9,2.54,0.62,592.92
44249.75,15.79,2.14,1.42,0.61,0.01,592.72
44249.79,13.01,4.36,2.87,0.78,0.18,593.46
44249.83,11.53,6.81,3.12,0.73,3.8,594.54
44249.88,13.02,9.2,1.55,0.63,7.54,595.51
44249.92,12.36,9.8,1.39,0.69,9.76,596.31
44249.96,9.67,9.22,1.51,0.66,9.98,596.4
44250,9.81,9.12,1.45,0.73,10,596.34
44250.04,9.55,9.03,1.22,0.8,10,596.48
44250.08,9.39,8.71,1.1,0.76,10,596.36
44250.12,9.36,8.48,1.12,0.82,10,596.1
44250.17,8.03,7.76,0.99,0.87,10,595.73
44250.21,7.88,7.04,0.74,0.85,10,595.54
44250.25,7.55,7.15,0.63,0.99,10,595.3
44250.29,7.55,6.95,0.34,0.03,10,595.51
44250.33,7.25,6.33,0.6,1.34,9.51,595.73
44250.38,7.8,6.49,1.16,0.91,6.39,596.12
44250.42,11.9,6.35,1.67,1.02,9.64,595.94
44250.46,11.7,6.08,1.83,0.99,7.41,596.04
44250.5,12.1,5.99,1.77,0.99,6.69,595.7
44250.54,17.06,5.3,1.61,0.89,7.92,594.77
44250.58,17.82,4.89,1.48,0.79,4.43,593.94
44250.62,18.14,4.17,1.48,0.77,8.11,592.77
44250.67,19.7,2.73,1.48,0.9,8.09,592.14
44250.71,19.71,2.01,1.52,1.06,8.83,591.93
44250.75,16.33,1.95,0.89,1.44,5.28,591.41
44250.79,17.45,0.52,0.33,0.3,2.13,591.34
44250.83,16.86,0.72,1.07,0.36,0.49,591.7
44250.88,16.36,0.94,1.53,0.51,0.16,592.01
44250.92,15.52,2.18,1.66,0.41,0.07,592.24
44250.96,12.12,3.72,1.53,0.27,0.83,592.16
44251,11.61,4.66,1.2,0.05,2.22,591.99
44251.04,10.91,5.21,0.66,2.57,3.25,591.67
44251.08,10.74,5.78,0.56,1.96,2.73,591.25
44251.12,10.55,5.94,1.13,1.6,2.24,590.73
44251.17,9.56,5.28,1.42,1.41,0.84,590.07
44251.21,9.34,5.46,1.59,1.24,0.76,589.8
44251.25,8.51,3.93,1.94,1.05,0.55,589.57
44251.29,8,2.68,1.82,0.92,0.49,589.35
44251.33,7.61,2.22,1.54,0.95,0.49,589.76
44251.38,7.35,1.96,1.2,0.89,0.49,589.97
44251.42,14.95,1.92,0.84,0.53,0.51,590.45
44251.46,15.79,-0.42,1.42,0.4,0.46,590.32
44251.5,15.95,-0.5,1.71,0.37,0.3,590.27
44251.54,19.49,-2.01,1.9,0.36,0.26,589.62
44251.58,19.65,-1.67,1.91,0.42,0.2,588.9
44251.62,19.68,-1.06,1.75,0.49,0.06,588.36
44251.67,20.91,-0.68,1.7,0.61,0.02,587.93
44251.71,20.91,-1.35,1.56,0.75,0.07,587.97
44251.75,17.29,0.68,0.75,1.07,0,587.51
44251.79,18.91,-2.54,0.3,1.7,0,587.69
44251.83,17.72,-2.21,0.7,3.13,0.02,588.33
44251.88,16.6,-1.27,1.59,0.27,0.17,588.64
44251.92,15.67,1.2,1.97,0.45,1.05,588.84
44251.96,13.23,5.11,2.12,0.5,3.48,589.39
44252,12.22,7.13,1.99,0.5,6.67,589.59
44252.04,12.01,9.02,1.85,0.48,10,589.75
44252.08,12.32,10.49,1.02,0.5,10,589.92
44252.12,12.62,9.7,1.35,0.51,10,589.66
44252.17,11.26,9.63,1.18,0.59,10,589.73
44252.21,11.19,9.04,1.2,0.75,10,589.55
44252.25,9.99,9.76,1.1,0.79,10,590.06
44252.29,10.31,9.91,0.99,0.77,10,590.19
44252.33,10.29,9,1.29,0.77,10,590.89
44252.38,9.84,8.66,1.26,0.55,10,591.37
44252.42,12.89,8.77,1.28,0.32,9.47,592.07
44252.46,12.99,8.14,1.22,0.36,7.96,592.06
44252.5,11.98,8.44,1.29,0.5,8.71,591.8
44252.54,13.45,9.96,1.36,0.45,10,591.23
44252.58,13.38,10.57,1.71,0.54,9.38,590.64
44252.62,12.7,10.74,2.32,0.54,4.55,590.09
44252.67,12.52,11.16,2.6,0.58,4.29,589.83
44252.71,11.04,10.19,2.59,0.62,7.13,589.96
44252.75,9.6,7.9,2.38,0.65,8.94,589.75
44252.79,8.99,7.86,2.19,0.78,10,590.48
44252.83,8.96,8.38,1.94,0.56,10,590.75
44252.88,9.01,8.41,2.21,0.63,10,591.35
44252.92,8.23,7.64,2.37,0.68,10,592.24
44252.96,5.83,5.66,2.03,0.76,10,592.25
44253,5.69,5.69,2.01,0.83,10,592.72
44253.04,5.08,5.03,1.89,0.8,10,592.59
44253.08,5.27,5.12,1.93,0.88,10,592.63
44253.12,5.41,5.17,1.74,0.86,10,592.41
44253.17,4.75,4.59,1.81,0.84,10,592.54
44253.21,4.87,4.7,1.78,0.81,10,592.4
44253.25,4.11,3.68,1.96,0.82,10,592.68
44253.29,4.13,3.68,1.63,0.8,9.99,592.96
44253.33,4.15,3.45,1.57,0.78,10,593.11
44253.38,3.58,3.24,1.56,0.78,10,593.64
44253.42,5.88,3.73,1.42,0.68,10,593.74
44253.46,6,3.4,1.09,0.47,10,593.97
44253.5,5.38,3.26,0.71,0.28,10,593.83
44253.54,8.62,4.45,0.59,2.55,10,593.36
44253.58,9.15,4.76,0.9,1.37,10,592.57
44253.62,9.74,5.06,1.12,1.11,10,591.65
44253.67,11.88,5.47,0.79,1.05,9.92,591.16
44253.71,12.72,5.23,0.4,2.19,9.52,591.02
44253.75,10.01,4.44,1.24,3.07,0.87,590.24
44253.79,8.25,4.63,2.27,0.63,0.25,590.64
44253.83,6.73,4.66,2.82,0.59,1.6,591.69
44253.88,6.66,5.2,2.33,0.5,6.3,592.07
44253.92,6.37,5.32,2.09,0.55,10,592.83
44253.96,4.33,4.32,1.87,0.66,10,593.34
44254,4.27,4.27,1.76,0.61,10,593.69
44254.04,4.1,4.1,1.6,0.56,10,593.41
44254.08,4.29,4.29,1.35,0.5,10,593.14
44254.12,4.54,4.4,1.37,0.49,10,592.65
44254.17,4.16,4.09,1.42,0.51,10,592.48
44254.21,4.09,4.09,1.42,0.44,10,592.04
44254.25,3.7,3.59,1.28,0.32,10,591.94
44254.29,3.9,3.48,1.35,0.02,10,591.89
44254.33,3.89,3.56,1.24,0.01,10,592.07
44254.38,3.43,3.43,1.17,2.93,10,592.15
44254.42,5.63,4.75,0.92,2.97,10,592.15
44254.46,5.74,4.44,0.94,2.66,10,592.17
44254.5,5.59,4.56,0.91,2.35,10,591.86
44254.54,8.1,5.65,1.26,1.78,10,591.34
44254.58,8.55,5.91,1.28,1.49,9.17,590.42
44254.62,9.76,6.26,1.4,1.16,8.26,589.52
44254.67,11.07,6,1.97,1.09,9,588.66
44254.71,12.57,5.83,0.58,2.34,7.39,588.12
44254.75,13.05,4.46,0.58,2.76,5.91,587.9
44254.79,11.02,5.82,0.78,2.66,3.41,588.07
44254.83,9.32,5.56,1.08,3.02,2.73,588.63
44254.88,8.92,6.12,1.44,0.19,3.18,588.9
44254.92,7.05,6.09,1.79,0.35,4.78,589.25
44254.96,5.27,5,1.38,0.62,7.05,589.62
44255,5.17,4.4,1.72,0.66,8.79,590.27
44255.04,4.75,3.79,2.48,0.62,10,590.55
44255.08,4.64,3.46,2.38,0.59,10,590.63
44255.12,4.4,3.09,2.04,0.62,10,590.64
44255.17,3.39,2.06,1.92,0.68,10,590.48
44255.21,3.22,1.88,1.83,0.64,10,590.36
44255.25,2.12,0.94,1.86,0.71,10,590.13
44255.29,2.24,0.58,1.81,0.5,10,590.3
44255.33,2.38,0.41,1.55,0.54,9.96,590.56
44255.38,2.01,0.1,1.63,0.54,9.96,590.99
44255.42,4.68,1.53,1.4,0.42,10,590.91
44255.46,4.44,1.56,1.18,0.2,10,591.14
44255.5,4.88,2.03,0.79,2.51,10,590.32
44255.54,8.32,3.46,0.78,2.47,8.19,590.08
44255.58,9.31,3.99,0.63,0.18,5.95,589.2
44255.62,10.46,4.5,1.55,0.31,6.57,588.68
44255.67,11.12,5.1,2.04,0.2,8.08,588.02
44255.71,9.74,4.61,2.54,0.36,4.67,588.23
44255.75,6.63,4.36,2.51,0.46,3.55,588.89
44255.79,4.81,4.12,2.67,0.55,10,589.23
44255.83,4.2,3.69,2.71,0.56,10,590.31
44255.88,3.94,3.38,2.61,0.7,10,591.38
44255.92,3.29,2.97,2.66,0.77,10,592.6
44255.96,1.26,1,2.73,0.78,9.84,593.39
44256,1.5,1,2.55,0.77,9.47,594.25
44256.04,1.55,0.82,2.46,0.78,9.96,594.57
44256.08,1.74,0.84,2.35,0.8,10,595.15
44256.12,2.12,1.11,2.28,0.87,9.94,595.34
44256.17,1.41,0.29,2.25,0.9,9.96,595.81
44256.21,1.64,0.32,2.24,0.91,9.98,595.93
44256.25,1.13,-0.67,2.29,0.95,9.92,596.81
44256.29,1.21,-0.77,2.42,1.06,9.86,597.98
44256.33,1.34,-0.25,2.14,1.04,9.87,598.07
44256.38,0.79,-0.71,1.83,1.03,9.91,598.83
44256.42,1.69,-0.85,2.08,1.03,10,599.78
44256.46,1.24,-1.01,2.21,1.08,9.91,600.07
44256.5,1.1,-1.38,2.28,1.04,9.91,600.22
44256.54,2.05,-2.5,2.27,1.06,9.48,599.78
44256.58,2.41,-2.53,2.18,1.06,8.96,599.7
44256.62,2.58,-2.65,1.96,1.08,9.57,599.07
44256.67,2.36,-3.51,1.95,1.03,9.15,598.98
44256.71,2.33,-3.77,1.93,1,9.61,598.63
44256.75,1.19,-4.27,1.49,0.85,9.73,598.7
44256.79,1.69,-4.23,1.36,0.99,9.8,598.62
44256.83,1.99,-4.31,1.47,1,9.96,599.55
44256.88,2.25,-4.63,1.47,1.11,9.52,599.51
44256.92,2.4,-4.89,1.49,1.16,9.94,599.81
44256.96,1.36,-5.36,1.48,1.23,9.87,599.96
44257,1.27,-5.68,1.34,1.12,9.83,599.85
44257.04,0.99,-5.83,1.18,0.99,9.41,599.7
44257.08,1.1,-5.92,1.09,0.84,9.47,599.51
44257.12,1.02,-5.84,1.03,0.64,9.43,598.89
44257.17,0.45,-5.85,0.89,0.45,9.67,598.46
44257.21,0.54,-6.04,0.76,0.27,9.18,597.84
44257.25,-0.54,-5.47,0.66,0.45,9.08,598.16
44257.29,-0.49,-5.66,0.76,0.54,9.1,597.6
44257.33,-0.46,-5.78,0.8,0.61,8.38,597.92
44257.38,-0.82,-6.13,0.84,0.47,8.71,597.91
44257.42,1.95,-5.24,0.58,0.26,9.08,597.9
44257.46,1.67,-4.94,0.62,1.99,8.92,597.75
44257.5,1.28,-5.06,1.07,1.56,9.4,597
44257.54,4.93,-2.95,1.28,1.31,8.39,595.98
44257.58,5.04,-2.63,1.13,1.43,6.64,595.12
44257.62,5.72,-1.96,1.3,1.29,8.69,594.34
44257.67,8.76,-0.04,0.77,1.66,7.23,593.71
44257.71,9.2,0.17,1.42,0.56,2.44,593.2
44257.75,5.32,-0.67,2.22,0.78,0.39,593.26
44257.79,4.12,-1.02,1.86,0.71,0.86,593.89
44257.83,3.23,-1,2.05,0.63,1.59,594.6
44257.88,2.62,-1.21,1.96,0.64,4.26,595.74
44257.92,1.95,-1.11,2.06,0.69,8.5,596.59
44257.96,-0.2,-2.11,2.36,0.77,8.66,596.95
44258,-0.14,-2.02,2.34,0.83,9.58,597.37
44258.04,-0.18,-2.04,2.28,0.89,9.58,597.45
44258.08,-0.03,-2.35,2.14,0.93,9.64,597.55
44258.12,0.41,-2.31,1.85,1.02,9.56,597.46
44258.17,-0.12,-2.54,1.61,1.09,9.15,597.29
44258.21,-0.02,-2.47,1.42,1.12,8.1,596.87
44258.25,-0.48,-3.24,1.2,1.31,9.35,597.02
44258.29,-0.3,-2.42,0.62,1.13,9.31,596.79
44258.33,-0.45,-3.08,0.74,1.19,9.52,597.24
44258.38,-0.35,-3.6,0.4,0.94,8.28,597.43
44258.42,4.19,-2.51,0.13,2.64,5.48,597.3
44258.46,4.32,-2.24,0.19,2.8,4.28,597.25
44258.5,5.41,-0.83,0.2,2.8,6.45,596.6
44258.54,9.04,-0.07,0.28,2.92,5.96,595.99
44258.58,9.44,0.32,0.39,0.54,2.75,595.1
44258.62,10.21,0.59,0.19,3.1,4.94,594.24
44258.67,11.74,0.21,0.76,0.61,1.57,593.64
44258.71,11.29,0.18,1.56,0.46,1.89,593.27
44258.75,7.93,0.74,2.1,0.55,1.25,593.57
44258.79,6.95,0.71,1.62,0.65,0.16,594.2
44258.83,5.78,0.93,1.91,0.48,0.55,594.69
44258.88,5.45,1.21,1.74,0.47,1.73,595.23
44258.92,5.18,1.44,1.47,0.52,3.47,595.94
44258.96,3.09,1.39,1.21,0.55,4.33,596.08
44259,3.12,1.52,1.09,0.5,4.1,596.23
44259.04,2.85,1.71,0.95,0.25,7.32,595.94
44259.08,2.79,1.77,0.75,3.14,3.92,595.62
44259.12,2.91,1.75,0.65,0,1.87,595.03
44259.17,2.19,1.73,0.53,3.07,2.42,594.59
44259.21,2.16,1.58,0.48,2.79,8.19,594.04
44259.25,2.11,1.42,0.53,0.28,8.81,593.83
44259.29,2.19,1.69,0.22,0.38,8.83,594.1
44259.33,1.77,0.99,0.46,2.21,8.95,594.31
44259.38,1.58,0.97,0.79,1.88,8.75,594.17
44259.42,6.45,3.29,0.94,1.23,7.92,594.16
44259.46,7.75,2.72,0.61,1.45,1.62,594.23
44259.5,8.45,3.54,0.78,2.15,2.24,593.11
44259.54,12.46,4.35,0.88,2.38,5.27,592.59
44259.58,13.39,4.03,1.02,0.76,6.92,591.54
44259.62,14.69,3.13,0.48,3,6.35,590.76
44259.67,15.28,2.36,0.31,1.14,6.04,590.32
44259.71,14.79,2.29,1.02,0.65,6.12,590.32
44259.75,9.92,3.74,2.19,0.63,4.29,590.95
44259.79,8.04,4.4,2.13,0.48,4.86,590.58
44259.83,6.91,5.01,2.24,0.56,7.13,591.3
44259.88,6.41,5.09,2.31,0.66,9.09,592.07
44259.92,5.8,4.43,2.38,0.67,10,592.44
44259.96,4.31,3.71,2.22,0.59,10,592.92
44260,4.28,3.37,2.06,0.55,10,592.99
44260.04,3.53,2.58,2.03,0.62,10,592.95
44260.08,3.62,2.5,1.95,0.65,10,592.94
44260.12,3.48,2.29,1.82,0.7,10,592.8
44260.17,2.55,1.87,1.84,0.73,10,592.83
44260.21,2.47,2.16,1.72,0.72,10,592.85
44260.25,1.76,0.5,1.74,0.81,10,592.84
44260.29,2.02,0.71,1.59,0.78,10,593.4
44260.33,2.01,0.57,1.41,0.71,10,593.67
44260.38,1.23,-0.29,1.45,0.62,10,594.11
44260.42,5.04,0.9,1.37,0.65,10,594.18
44260.46,4.8,0.9,1.19,0.58,10,594.12
44260.5,5.46,1.35,0.97,0.52,8.11,593.65
44260.54,9.86,2.6,0.91,0.91,9.02,593.15
44260.58,10.44,3.14,0.69,1.35,8.26,592.33
44260.62,11.14,3.37,0.92,1.17,7.58,591.96
44260.67,9.98,3.22,2,0.72,5.21,591.39
44260.71,9.59,3.79,2.9,0.69,5.02,591.61
44260.75,7.17,3.11,2.85,0.7,6.14,592.26
44260.79,6.43,2.89,2.28,0.68,4.24,592.81
44260.83,6.19,3.11,1.95,0.64,6.82,593.48
44260.88,6.48,3.22,1.97,0.57,9.98,594.36
44260.92,6.46,3.26,1.84,0.6,9.92,594.9
44260.96,4.53,2.86,1.72,0.63,9.98,595.47
44261,4.74,3.07,1.66,0.62,9.7,595.85
44261.04,4.62,3.12,1.55,0.64,9.89,595.95
44261.08,4.77,3.15,1.45,0.66,9.8,595.93
44261.12,4.96,3.26,1.58,0.77,9.32,595.81
44261.17,4.23,3.23,1.58,0.78,9.05,595.78
44261.21,4.15,3.17,1.45,0.76,9.13,595.85
44261.25,3.09,2.63,1.43,0.76,8.31,595.97
44261.29,3.53,2.38,1.25,0.71,9.62,596.36
44261.33,3.56,1.95,1.39,0.91,9.45,597.22
44261.38,3.14,1.47,1.59,0.95,9.94,597.88
44261.42,5.91,2.13,1.8,0.9,9.83,598.45
44261.46,5.75,2.08,1.71,0.83,9.77,598.55
44261.5,5.81,2.16,1.65,0.85,9.57,598.48
44261.54,7.02,1.69,1.61,0.82,8.64,598.15
44261.58,6.81,1.97,1.63,0.8,9.73,597.56
44261.62,6.56,1.92,1.59,0.71,9.92,596.9
44261.67,6.95,2.23,1.68,0.62,9.75,596.45
44261.71,7.06,2.46,1.74,0.56,9.96,596.24
44261.75,5.31,2.06,1.51,0.34,9.73,596.72
44261.79,5.56,2.58,1.74,0.48,10,596.88
44261.83,5.25,2.65,1.64,0.5,9.99,597.29
44261.88,5.53,2.95,1.7,0.44,9.98,597.64
44261.92,5.19,3.24,1.4,0.58,9.82,598.12
44261.96,3.91,3.17,1.48,0.55,7.59,598.12
44262,3.82,3.59,1.23,0.58,8.8,598.26
44262.04,3.55,3.55,1.07,0.63,9.87,597.89
44262.08,3.68,3.59,1.08,0.71,9.89,597.62
44262.12,3.64,3.35,0.99,0.65,9.99,597.15
44262.17,3.29,3.1,0.96,0.73,9.93,596.98
44262.21,3.32,3.23,0.92,0.74,10,596.45
44262.25,2.73,2.33,0.86,0.57,9.93,596.55
44262.29,2.89,2.01,0.54,0.04,10,596.33
44262.33,3.24,1.89,0.68,2.42,9.25,596.68
44262.38,3,1.66,0.71,2.65,10,597.06
44262.42,5.87,3.06,0.67,3.05,9.92,596.94
44262.46,6.18,3.46,0.7,2.54,10,596.85
44262.5,6.31,3.69,0.83,2.05,10,596.35
44262.54,9.85,4.26,0.86,1.89,10,595.57
44262.58,10.43,4.25,0.86,1.42,9.55,594.71
44262.62,10.84,4.02,0.81,0.93,7.81,593.78
44262.67,11.72,3.82,0.62,0.85,6.14,592.85
44262.71,12.08,4.26,1.35,0.58,5.18,592.47
44262.75,9.53,3.65,1.43,0.78,7.2,592.88
44262.79,7.44,4.23,1.95,0.79,7.73,593.55
44262.83,6.57,4.56,1.91,0.7,9.02,594.65
44262.88,6.16,5.25,2.02,0.64,10,595.12
44262.92,5.38,4.66,2.06,0.71,10,595.59
44262.96,3.75,3.76,1.89,0.81,10,596.06
44263,3.92,3.81,1.71,0.82,10,596.35
44263.04,3.86,3.71,1.1,0.79,10,596.17
44263.08,4,3.7,0.48,0.73,10,595.83
44263.12,4.06,3.57,0.14,0.94,10,595.48
44263.17,3.66,3.4,0.47,1.56,9.94,595.12
44263.21,4.12,3.18,0.98,1.34,9.49,594.77
44263.25,4.07,2.23,0.83,0.87,9.94,594.93
44263.29,4.35,2.45,0.96,1.07,9.38,595.19
44263.33,4.68,2.81,0.67,1.44,9.01,595.63
44263.38,4.56,2.31,0.53,2.06,7.83,595.95
44263.42,8.59,4.4,0.71,3.01,8.88,596.11
44263.46,8.85,4.54,1.12,0.07,2.59,596.33
44263.5,9.16,4.8,1.34,0.1,2.44,596.06
44263.54,12.66,5.61,1.31,0.08,4.18,595.76
44263.58,13.36,5.25,0.93,2.88,7.88,594.98
44263.62,13.8,4.72,1.35,0.36,6.24,594.04
44263.67,14.03,4.82,1.97,0.44,5.5,593.59
44263.71,13,6.03,2.53,0.47,3.95,593.53
44263.75,7.65,5.68,2.89,0.62,4.93,594.07
44263.79,6.74,6.09,2.41,0.65,10,594.52
44263.83,6.55,5.81,2.36,0.75,10,595.39
44263.88,6.65,5.6,2.3,0.74,10,596.03
44263.92,6.1,5.41,1.92,0.6,10,596.78
44263.96,4.64,4.64,1.75,0.55,10,597.14
44264,4.83,4.8,1.48,0.7,10,597.09
44264.04,4.71,4.69,1.34,0.74,10,596.82
44264.08,4.76,4.58,1.32,0.76,10,596.64
44264.12,4.86,4.58,1.35,0.78,10,596.24
44264.17,4.17,3.97,1.36,0.8,10,596.09
44264.21,4.42,3.97,1.4,0.78,10,595.84
44264.25,4.33,3.62,1.45,0.9,10,595.88
44264.29,4.25,3.88,1.37,0.78,10,596.23
44264.33,4.34,3.96,1.3,0.62,10,596.63
44264.38,3.55,3.4,1.24,0.53,10,596.92
44264.42,6.18,4.44,1.18,0.43,10,597.25
44264.46,6.16,4.48,1.2,0.34,10,597.51
44264.5,6.57,4.62,0.99,0.32,10,597.22
44264.54,9.36,5.21,0.96,0.22,10,596.93
44264.58,9.66,5.26,0.88,0.02,10,596.08
44264.62,10.4,5.33,1.07,0.1,10,595.47
44264.67,10.03,5.34,1.26,0.26,10,595.03
44264.71,9.74,5.71,1.89,0.55,9.77,595
44264.75,7.86,5.26,2.17,0.51,9.47,595.35
44264.79,6.81,5.28,2.05,0.54,10,595.17
44264.83,6.74,5.48,1.77,0.6,10,595.84
44264.88,6.94,5.73,1.55,0.63,10,596.31
44264.92,6.91,5.69,1.42,0.6,10,596.48
44264.96,5.58,5.29,1.35,0.59,10,596.7
44265,5.66,5.41,1.23,0.55,10,596.37
44265.04,5.64,5.54,1.13,0.53,10,596.08
44265.08,5.78,5.47,1.12,0.56,10,595.69
44265.12,5.81,5.27,1.22,0.61,10,595.35
44265.17,5.63,5.13,1.18,0.66,10,595.08
44265.21,5.65,5,1.14,0.69,10,594.82
44265.25,5.03,4.7,1.4,0.78,10,594.89
44265.29,5.19,4.71,1.46,0.73,10,595.04
44265.33,5.05,4.85,1.49,0.71,10,595.54
44265.38,4.35,4.25,1.49,0.67,10,596.05
44265.42,5.34,4.35,1.51,0.6,10,596.25
44265.46,7.05,5.07,1.4,0.56,10,596.45
44265.5,7.24,5.25,1.16,0.58,10,596.26
44265.54,10.14,6.33,0.89,0.39,10,596.04
44265.58,10.38,6.51,0.9,0.17,10,595.34
44265.62,11.09,6.76,0.76,0.02,10,594.53
44265.67,11.9,7.01,0.91,0.27,8.56,594.14
44265.71,11.92,7.19,2.07,0.66,7.28,593.99
44265.75,8.57,6.25,2.59,0.65,5.08,594.19
44265.79,7.58,6.19,2.2,0.61,10,594.68
44265.83,7.13,6.51,1.95,0.57,10,595.68
44265.88,7.3,6.54,2.09,0.65,10,596.46
44265.92,6.98,6.34,1.76,0.57,10,597.25
44265.96,5.12,5.09,1.61,0.61,10,597.5
44266,5.29,5.27,1.49,0.68,10,597.47
44266.04,5.28,5.25,1.6,0.77,10,597.37
44266.08,5.54,5.39,1.44,0.81,10,597.24
44266.12,5.55,5.35,1.38,0.73,10,597.17
44266.17,5.06,4.97,1.18,0.63,10,596.77
44266.21,4.81,4.64,1.08,0.45,10,596.86
44266.25,4.59,4.37,0.95,0.47,10,597.06
44266.29,4.84,4.34,0.79,0.11,10,597.24
44266.33,4.84,4.45,0.52,0.25,10,597.66
44266.38,4.97,3.85,0.28,0.58,10,598.11
44266.42,8.42,5.22,0.26,0.59,10,598.31
44266.46,8.51,5.39,0.32,1.83,10,598.36
44266.5,8.71,5.28,0.61,1.37,9.85,598.17
44266.54,12.95,6.21,0.81,1.33,8.79,597.54
44266.58,14.26,6.29,0.77,1.18,9.4,596.85
44266.62,14.69,5.74,0.5,1.63,9.75,596.13
44266.67,15.28,5.57,0.57,2.41,9.99,595.66
44266.71,14.93,5.9,1.5,0.42,6.29,595.43
44266.75,11.67,5.29,2.02,0.5,2.99,595.65
44266.79,10.27,5.99,1.73,0.64,2.72,595.86
44266.83,9.01,6.76,2.26,0.6,4.02,596.42
44266.88,9.69,7.44,1.29,0.63,7.97,597.15
44266.92,9.26,7.54,1.39,0.63,10,597.91
44266.96,7.72,7.32,1.61,0.7,10,598.28
44267,7.72,7.32,1.48,0.71,10,598.35
44267.04,7.44,7.34,1.35,0.73,10,598.36
44267.08,7.43,7.26,1.27,0.76,10,598.2
44267.12,7.45,7.16,1.25,0.79,10,597.89
44267.17,6.4,6.35,1.23,0.79,10,597.59
44267.21,6.03,5.71,1.26,0.72,10,597.32
44267.25,5.37,5.09,1.36,0.8,10,597.45
44267.29,5.66,5.37,1.22,0.72,10,597.9
44267.33,5.84,5.43,0.69,0.45,10,597.94
44267.38,6.42,5.78,0.2,2.81,10,598.47
44267.42,9.9,6.9,0.27,1.27,10,598.35
44267.46,9.74,7.06,0.7,0.78,10,598.6
44267.5,10.61,7.4,1.27,0.96,10,598.16
44267.54,15.29,6.99,1.43,0.86,9.62,597.67
44267.58,16.06,6.27,1.15,0.82,8.49,596.84
44267.62,16.72,5.66,0.88,0.64,9.95,596.1
44267.67,18.49,5.14,0.19,0.64,8.37,595.62
44267.71,18.38,5.03,0.34,0.52,5.57,595.41
44267.75,14.64,4.41,1.43,0.61,0.44,595.36
44267.79,12.56,6.8,2.19,0.56,0.02,595.45
44267.83,11.38,7.34,2.27,0.54,1.08,596.3
44267.88,11.5,8.93,2.61,0.68,4.87,597.26
44267.92,11.08,9.16,2.25,0.69,9.7,597.99
44267.96,9.27,8.91,1.78,0.71,10,598.51
44268,9.16,8.98,1.63,0.76,10,598.77
44268.04,8.64,8.64,1.56,0.82,10,599.01
44268.08,8.54,8.54,1.32,0.83,10,599
44268.12,8.49,8.39,1.07,0.76,10,598.71
44268.17,7.48,7.48,0.65,0.56,10,598.54
44268.21,7.73,7.54,0.28,2.84,10,598.22
44268.25,7.02,6.87,0.43,1.91,10,598.42
44268.29,7.19,6.85,0.77,1.25,9.41,598.39
44268.33,6.82,6.45,1.2,0.73,8.26,598.72
44268.38,6.23,5.65,1.58,0.68,9.34,598.92
44268.42,12.81,7.25,1.76,0.83,7.99,598.83
44268.46,13.66,7.39,1.6,0.85,2.1,598.92
44268.5,14.15,7.55,1.41,0.93,0.49,598.46
44268.54,18.8,8.2,0.96,1.15,0.18,597.91
44268.58,19.36,7.99,0.54,2,0.25,596.8
44268.62,19.72,7.76,0.84,2.66,0.6,596.03
44268.67,21.31,7.02,1.13,2.71,1.8,595.22
44268.71,20.73,6.84,1.33,2.93,2.17,594.92
44268.75,17,6.42,1.4,3.07,3.57,594.88
44268.79,16.07,8.49,2.07,0.42,1.48,594.44
44268.83,15.89,8.88,2.09,0.44,0.65,594.86
44268.88,15.44,9.76,1.91,0.25,0.33,595.14
44268.92,14.53,10.06,1.65,0.19,0.17,595.33
44268.96,12.1,10.06,1.41,0.09,0.15,595.27
44269,11.9,10.31,1.27,0.02,1.62,595.29
44269.04,11.68,10.5,1.06,0,2.47,594.87
44269.08,11.63,10.63,0.85,2.74,9.41,594.55
44269.12,11.78,10.48,0.66,2.08,10,593.73
44269.17,10.57,10.16,0.84,1.71,10,593.3
44269.21,10.79,10.18,1.33,1.51,10,592.69
44269.25,9.61,9.38,1.61,1.51,10,592.8
44269.29,9.35,8.66,1.54,1.51,9.55,593.29
44269.33,9.35,8.26,1.61,1.33,7.61,592.84
44269.38,9.76,7.83,1.84,1.14,1.39,593.21
44269.42,15.6,8.16,2.12,1,0.38,593.07
44269.46,17.18,7.47,2.41,0.93,0.02,592.84
44269.5,18.36,6.09,2.66,0.89,0,592.11
44269.54,22.38,3.11,2.72,0.84,0,591.29
44269.58,22.73,2.5,2.7,0.82,0.56,590.66
44269.62,22.84,1.96,2.44,0.73,0.17,589.92
44269.67,22.6,1.42,1.92,0.41,3.89,589.84
44269.71,22.06,1.79,0.93,0.33,1.07,589.9
44269.75,18.24,2.58,0.85,0.76,2.12,590.46
44269.79,16.93,5.85,1.68,0.77,5.3,590.72
44269.83,15,7.81,2.48,0.75,6.35,591.42
44269.88,14.58,11.16,1.63,0.72,7.73,592.03
44269.92,13.43,11.61,1.94,0.61,10,592.55
44269.96,11.52,10.77,2.01,0.56,10,592.99
44270,11.56,10.42,1.63,0.49,10,593.14
44270.04,11.3,10.1,1.35,0.56,10,593
44270.08,11.54,10.26,1.24,0.63,10,592.84
44270.12,11.76,10.34,1.05,0.73,10,592.26
44270.17,10.79,9.63,0.87,0.93,10,592.1
44270.21,10.9,9.82,0.74,1.08,10,591.83
44270.25,9.93,9.2,0.37,1.01,10,592.23
44270.29,9.76,8.93,0.18,1.6,9.96,592.36
44270.33,9.79,8.83,0.83,0.97,9.41,592.61
44270.38,9.63,7.29,1.43,0.67,7.27,593.06
44270.42,15.24,8.24,1.09,0.47,2.53,593.34
44270.46,16.02,8,0.73,0.39,0.35,593.56
44270.5,16.38,7.47,0.39,0.46,0.92,593.31
44270.54,20.36,5.51,0.22,2.27,2.06,593.09
44270.58,20.22,5.18,0.52,1.72,3.33,592.3
44270.62,20.36,5.18,0.92,0.81,1.78,591.97
44270.67,20.71,5.27,1.36,0.51,3.66,591.43
44270.71,20.58,5.11,1.61,0.34,2.92,591.45
44270.75,15.9,5.89,2.57,0.59,2.27,591.6
44270.79,15.6,8.12,1.71,0.72,2.58,592.43
44270.83,14.66,9.69,2.02,0.63,2.92,593
44270.88,14.98,10.25,2.03,0.38,1.46,593.4
44270.92,13.74,11.12,1.55,3.13,1.67,593.69
44270.96,11.44,9.65,1.25,3.02,3.63,594
44271,11.91,10.32,0.98,3.07,3.66,593.8
44271.04,11.81,10.67,0.66,0.1,3.86,593.72
44271.08,11.93,10.53,0.6,0.18,3.31,593.23
44271.12,11.82,10.71,0.51,2.83,1.5,592.91
44271.17,11.23,10.54,0.25,1.82,1.99,592.62
44271.21,11.29,10.53,0.34,2.6,9.1,592.29
44271.25,9.73,9.56,0.36,0.4,10,592.54
44271.29,9.68,9.46,0.57,2.43,10,592.56
44271.33,9.37,9.15,0.71,2.32,10,592.8
44271.38,8.04,8.04,0.62,1.6,10,593.23
44271.42,13.61,10.74,0.74,1.04,10,593.58
44271.46,14.28,9.5,0.86,0.85,9.02,593.56
44271.5,15.31,8.4,0.87,0.9,4.45,593.11
44271.54,19.96,6.93,0.8,0.55,2.06,592.67
44271.58,20.57,5.54,0.77,0.51,1.27,591.98
44271.62,20.66,4.79,0.56,0.48,0.98,591.36
44271.67,21.72,4.8,0.1,0.3,2.95,590.83
44271.71,21.56,4.19,0.64,0.37,1.04,590.88
44271.75,17.85,3.81,1.45,0.46,0.89,590.95
44271.79,16.36,7.47,2.22,0.49,0.61,591.22
44271.83,15.45,10.44,2.28,0.47,1.05,591.76
44271.88,15.96,12.19,2.22,0.48,4.75,592.16
44271.92,15.36,13.25,2.08,0.56,7.58,592.63
44271.96,13.01,12.3,1.62,0.55,10,592.99
44272,13.14,12.41,1.34,0.53,10,593.02
44272.04,12.82,12.38,1.27,0.57,10,593.01
44272.08,12.95,12.36,1.08,0.59,10,592.48
44272.12,12.94,12.32,1,0.54,10,592.36
44272.17,11.78,11.53,0.85,0.6,10,591.98
44272.21,11.2,11,0.73,0.56,10,591.7
44272.25,11.11,10.47,0.35,0.35,10,592.22
44272.29,11.06,10.25,0.46,2.55,10,592.17
44272.33,10.58,9.75,0.64,1.99,7.88,592.35
44272.38,10.09,8.17,1.15,1.25,3.68,592.61
44272.42,16.29,9.35,1.33,0.98,0.93,592.64
44272.46,17.56,8.46,1.73,0.8,0.18,592.35
44272.5,18.64,6.61,1.92,0.72,0.06,592
44272.54,23.44,3,2.09,0.68,0,591.33
44272.58,24.18,1.24,2.35,0.7,0,590.83
44272.62,24.71,0.03,2.47,0.75,0.02,590.1
44272.67,25.85,-2.29,2.66,0.82,0.04,589.72
44272.71,25.75,-3.07,2.29,0.87,0.05,589.57
44272.75,21.75,0.52,1.02,0.79,0.31,589.61
44272.79,22.18,-1.56,0.57,2.09,0.15,590.25
44272.83,21.52,-1.23,0.92,2.74,0.84,590.69
44272.88,20.23,0.33,1.1,0.01,1.35,590.92
44272.92,18.88,3.36,1.39,0.26,1.88,591.5
44272.96,14.9,7.07,1.54,0.47,3.74,591.66
44273,14.42,9.56,1.64,0.58,6.29,591.85
44273.04,12.77,10.82,1.61,0.59,7.13,591.94
44273.08,14.51,12.58,0.9,0.53,7.58,591.89
44273.12,14.99,13.73,1.22,0.5,8.71,591.65
44273.17,13.61,13.6,1.27,0.47,8.49,591.6
44273.21,13.71,13.54,0.97,0.51,9.17,591.3
44273.25,12.43,12.43,0.54,0.48,9.17,591.91
44273.29,12.01,11.98,0.5,0.04,10,592.2
44273.33,12.23,12.08,0.17,0.39,10,592.52
44273.38,10.69,10.51,0.37,1.66,10,592.73
44273.42,15.78,13.24,1.15,0.76,2.28,592.86
44273.46,17.43,9.48,1.63,0.68,0.68,592.45
44273.5,19.33,4.78,1.7,0.62,0.32,592.06
44273.54,23.79,-1.09,1.81,0.61,0.1,591.5
44273.58,24.31,-2.14,2.01,0.62,0,590.82
44273.62,24.26,-1.25,2.22,0.69,0,590.11
44273.67,24.99,-1.4,2.11,0.81,0.01,589.74
44273.71,24.6,-1.64,1.39,0.83,0.2,589.66
44273.75,21.28,-0.59,0.71,2.23,0.42,589.98
44273.79,21.21,-1.29,1.29,3.1,0.94,590.16
44273.83,20.04,0.64,1.24,0.04,1.44,590.59
44273.88,18.66,4.19,1.21,0.13,1.59,590.99
44273.92,15.78,8.51,1.15,0.28,2.7,591.65
44273.96,14.19,11.05,1.12,0.32,3.81,591.93
44274,14,12.35,1.16,0.3,5.01,591.54
44274.04,12.97,12.7,1.24,0.31,5.99,591.76
44274.08,13.58,13.29,1.32,0.41,6.07,591.48
44274.12,13.83,13.37,1.32,0.41,6.6,591.24
44274.17,13.1,12.58,0.73,0.46,10,591.17
44274.21,12.61,12.23,0.8,0.33,10,590.91
44274.25,12.48,12.48,0.67,1.62,10,591.46
44274.29,11.12,11.12,1.11,1.16,10,591.37
44274.33,11.37,11,1.32,1.04,10,591.51
44274.38,11.32,8.17,1.33,0.95,5.99,591.77
44274.42,16.23,7.16,1.34,0.68,0.96,591.89
44274.46,18.32,5.28,1.86,0.53,0.32,591.77
44274.5,19.64,3.87,1.88,0.43,0.23,591.53
44274.54,22.89,2.13,1.73,0.34,0.11,591.1
44274.58,23.06,2.75,1.42,0.16,0.33,590.55
44274.62,21.95,4.57,0.49,2.86,0.32,590.32
44274.67,20.62,10.08,1.14,0.88,0.84,590.19
44274.71,18.07,12.97,2.42,0.63,2.68,590.73
44274.75,14.81,10.63,3.04,0.59,5.24,591.29
44274.79,13.43,12.19,2.88,0.66,9.47,592.14
44274.83,13.46,12.8,2.31,0.6,10,593.22
44274.88,13.67,13.17,2.39,0.49,10,593.58
44274.92,12.85,12.17,2.13,0.6,10,594.32
44274.96,10.41,10.27,2.34,0.67,10,594.77
44275,10.35,10.27,2.19,0.68,10,594.94
44275.04,9.75,9.21,2.2,0.67,10,595.1
44275.08,9.44,8.98,2.04,0.73,10,594.95
44275.12,9.54,8.96,2.01,0.76,10,594.93
44275.17,7.23,6.61,2.12,0.76,10,594.96
44275.21,6.57,6.14,2.01,0.74,10,594.84
44275.25,5.9,5.43,1.76,0.52,9.75,594.47
44275.29,5.95,5.15,1.96,0.59,9.6,594.85
44275.33,6.29,5.62,1.87,0.65,10,594.95
44275.38,5,4.34,1.89,0.71,10,595.36
44275.42,6.69,4.28,1.99,0.71,10,595.68
44275.46,5.69,3.55,1.98,0.67,10,595.57
44275.5,5.76,3.19,2.14,0.47,10,595.26
44275.54,7.15,3.27,2.06,0.37,10,594.7
44275.58,7.84,3.68,2.12,0.5,10,593.8
44275.62,7.59,3.66,2.56,0.7,10,593.12
44275.67,7.08,3.66,3.08,0.73,10,592.49
44275.71,7.12,3.72,3.08,0.69,10,592.72
44275.75,4.16,2.34,2.8,0.71,10,593.83
44275.79,3.94,2.05,2.79,0.73,9.97,594.25
44275.83,3.68,2.31,2.57,0.8,10,595.57
44275.88,3.54,2.33,2.21,0.84,9.77,596.35
44275.92,2.06,1.1,2.14,0.87,8.68,597.32
44275.96,0.49,0.21,2.14,0.88,8.87,597.95
44276,0.97,0.08,2.21,0.95,9.54,598.24
44276.04,0.85,-0.16,2.08,1.04,9.85,598.43
44276.08,1.12,0.01,1.94,1.05,9.69,598.41
44276.12,1.54,0.16,1.91,0.99,9.92,598.53
44276.17,0.98,-0.72,1.93,0.96,9.97,598.55
44276.21,1.6,-0.81,1.96,0.93,9.41,598.55
44276.25,1.3,-0.63,2.05,0.84,9.54,598.55
44276.29,1.48,-0.51,2.13,0.83,9.32,598.8
44276.33,1.57,-0.54,2.28,0.85,8.42,599.23
44276.38,1.63,-1.32,2.44,0.81,9.42,599.78
44276.42,2.66,-1.59,2.45,0.84,9.64,600.25
44276.46,2.21,-1.55,2.34,0.77,9.84,600.36
44276.5,1.91,-1.75,2.46,0.75,9.53,600.12
44276.54,2.41,-2.11,2.37,0.75,9.75,599.79
44276.58,2.29,-2.61,2.41,0.75,9.45,599.27
44276.62,1.91,-2.87,2.49,0.7,9.56,598.45
44276.67,1.22,-2.92,2.48,0.65,9.53,598.15
44276.71,1.26,-2.43,2.48,0.69,9.61,598.1
44276.75,0.58,-2.77,2.39,0.7,9.86,598.77
44276.79,0.59,-2.43,2.45,0.87,9.95,599.26
44276.83,0.91,-2.17,2.24,0.81,8.66,600.17
44276.88,1.12,-2.03,1.94,0.87,9.82,600.59
44276.92,0.85,-2.15,1.67,0.77,9.87,601.46
44276.96,-0.36,-2.93,1.35,0.72,9.85,601.57
44277,-0.03,-3,1.05,0.52,8.69,601.81
44277.04,0.18,-3.28,0.92,0.57,8.06,601.8
44277.08,0.16,-3.13,0.87,0.58,8.6,601.48
44277.12,0.22,-3.02,0.66,0.39,8.66,601.1
44277.17,0.15,-3.49,0.53,0.15,8.44,600.51
44277.21,0.35,-3.67,0.47,3.07,7.63,600.08
44277.25,1.28,-3.61,0.51,3.1,8.46,600.09
44277.29,1.38,-3.74,0.71,2.38,7.85,600.19
44277.33,1.04,-3.84,0.64,3.07,8.23,600.24
44277.38,1.01,-4.06,1.02,0.28,7.56,600.6
44277.42,3.29,-3.61,1.25,0.47,7.57,600.84
44277.46,3.02,-3.56,1.26,0.41,7.89,600.95
44277.5,3.38,-3.09,1.28,0.22,7.4,600.73
44277.54,5.65,-2.59,1.13,0.09,9.14,600.12
44277.58,6.03,-2.31,1.19,0.17,9.24,599.31
44277.62,6.27,-2.04,1.33,0.28,10,598.48
44277.67,6.78,-1.52,1.49,0.37,9.46,597.9
44277.71,6.38,-1.58,1.61,0.45,9.26,597.77
44277.75,3.65,-2.1,2.21,0.54,7.92,597.64
44277.79,2.78,-2.26,2.1,0.43,7.71,597.85
44277.83,2.3,-1.86,2.07,0.61,4.96,598.26
44277.88,2.31,-1.7,1.95,0.65,7.48,598.82
44277.92,2.15,-1.18,1.84,0.78,8.75,599.38
44277.96,1.53,-0.72,1.65,0.7,9.64,599.43
44278,1.55,-0.73,1.52,0.65,9.13,599.33
44278.04,1.27,-0.37,1.47,0.78,9.33,599.43
44278.08,1.3,-0.32,1.29,0.87,9.19,598.91
44278.12,1.36,-0.38,0.71,0.83,9.29,598.32
44278.17,0.86,-0.87,0.2,2.1,8.2,597.88
44278.21,1.09,-0.77,0.92,1.33,7.14,597.04
44278.25,2.23,-0.28,1.14,1.09,6.99,597.1
44278.29,2.44,-0.39,1,1.34,7.63,596.95
44278.33,2.36,-0.45,0.93,1.31,4.71,597.27
44278.38,2.5,-0.55,1.13,1.06,2.17,597.45
44278.42,8.01,1.01,1.14,0.92,0.67,597.76
44278.46,9.1,1.65,1.09,0.91,0.21,597.47
44278.5,10.5,2.76,0.73,0.89,0.68,597.24
44278.54,15.49,4.15,0.46,0.7,1.23,596.61
44278.58,16.53,3.28,0.46,0.35,5.04,595.73
44278.62,16.75,2.8,0.25,2.75,2.08,595
44278.67,19.34,2.67,0.54,2.94,2.12,594.4
44278.71,19.05,2.93,0.92,2.96,1.1,594.24
44278.75,14.95,2.96,1.67,0.04,0.98,594.29
44278.79,14.56,4.15,1.89,0.35,4.3,594.57
44278.83,14.54,3.54,1.93,0.43,3.15,595.03
44278.88,14.04,4.8,1.88,0.38,1.64,595.42
44278.92,12.78,5.95,1.8,0.36,0.35,595.93
44278.96,8.96,5.36,1.47,0.21,0.37,595.91
44279,8.92,5.64,0.95,3.08,0.46,595.92
44279.04,8.19,5.83,0.74,2.67,0.61,595.6
44279.08,7.77,5.92,0.67,2.4,0.08,595.08
44279.12,6.93,5.89,0.64,2.25,0.73,594.6
44279.17,5.77,5.49,0.75,2.04,0.49,594.16
44279.21,4.68,4.36,0.94,1.83,10,593.81
44279.25,3.64,3.19,1.02,1.56,10,593.96
44279.29,2.95,2.56,1.14,1.52,10,593.82
44279.33,3.2,2.52,1.26,1.41,9.98,594.09
44279.38,3.84,3.79,1.26,1.38,9.53,594.43
44279.42,12.75,6.65,1.14,1.3,1.48,594.27
44279.46,14.83,6.12,1.12,1.31,0,594.22
44279.5,15.52,6.41,0.92,1.56,0,593.84
44279.54,20.11,5.3,0.8,2.07,0.57,593
44279.58,20.17,4.82,0.6,2.21,0.92,592.33
44279.62,20.05,4.63,0.66,2.79,1.98,591.7
44279.67,20.43,5.33,1.49,0.23,4.06,591.21
44279.71,19.33,7.32,2.22,0.44,2.49,591.27
44279.75,13.8,8.07,2.97,0.53,3.97,591.38
44279.79,11.97,8.81,2.55,0.55,7.96,592.16
44279.83,11.73,9.58,2.13,0.43,10,592.71
44279.88,11.86,9.44,1.95,0.4,10,593.05
44279.92,11.53,9.94,1.76,0.51,10,593.78
44279.96,9.52,8,1.99,0.52,10,594.11
44280,8.81,7.16,1.69,0.44,10,594.08
44280.04,8.63,7.37,1.49,0.45,10,593.83
44280.08,8.66,7.37,1.33,0.47,10,593.59
44280.12,8.82,7.46,1.37,0.43,10,593.15
44280.17,8.07,7.16,1.27,0.44,10,592.97
44280.21,8.23,7.27,1.26,0.38,10,592.75
44280.25,8.14,7.37,1.34,0.39,10,592.97
44280.29,7.81,6.83,1.22,0.36,10,593.36
44280.33,7.84,6.74,1.14,0.35,10,593.55
44280.38,8.37,6.55,1.03,0.17,10,593.91
44280.42,11,7.66,0.73,2.64,10,594.07
44280.46,11.54,7.42,1.02,1.77,10,593.85
44280.5,12.2,7.14,1.3,1.36,8.03,593.51
44280.54,17.22,6.68,1.28,1.08,7.29,592.53
44280.58,19.34,5.3,1.33,0.68,6.55,591.59
44280.62,20.14,4.44,0.97,0.39,6.19,590.53
44280.67,21.57,3.72,0.58,0.42,8.4,589.95
44280.71,21.7,3,0.91,0.36,4.54,589.79
44280.75,16.67,5.58,2.64,0.61,4.1,590.43
44280.79,13.07,7.32,2.38,0.62,6.67,590.39
44280.83,11.73,9.07,2.12,0.58,8.11,590.92
44280.88,10.79,9.28,1.89,0.59,10,591.49
44280.92,10.05,9.1,2.03,0.6,10,592.12
44280.96,7.89,7.87,1.74,0.63,10,592.1
44281,7.65,7.35,1.67,0.65,10,592.27
44281.04,7.51,6.98,1.49,0.62,10,592.1
44281.08,7.63,6.91,1.46,0.65,10,591.88
44281.12,7.95,7.03,1.51,0.65,10,591.44
44281.17,6.93,6.27,1.43,0.58,10,591.23
44281.21,6.96,6.38,1.47,0.54,10,591.09
44281.25,5.74,5.45,1.65,0.54,10,591.8
44281.29,5.84,5.5,1.64,0.57,10,592.41
44281.33,5.3,5.26,1.91,0.64,10,593.15
44281.38,4.63,3.76,2.01,0.63,10,594.03
44281.42,8.28,5.39,1.98,0.6,10,594.51
44281.46,8.11,5.41,1.96,0.52,10,594.68
44281.5,8.4,5.39,1.85,0.47,9.77,594.63
44281.54,11.49,6.22,1.81,0.46,7.43,594.08
44281.58,12.37,6.32,1.78,0.52,7.43,593.21
44281.62,13.16,6.54,2.53,0.43,3.17,592.68
44281.67,13.15,6.56,2.77,0.47,4.33,591.95
44281.71,12.69,6.72,2.94,0.54,4.03,591.89
44281.75,8.04,5.53,2.78,0.54,6.9,592.08
44281.79,7.81,5.53,2.55,0.74,10,592.53
44281.83,8.27,5.9,2.46,0.78,10,593.6
44281.88,8.58,6.08,2.25,0.78,10,594.03
44281.92,8.19,6.01,1.94,0.77,10,594.69
44281.96,6.55,4.83,1.94,0.79,10,594.98
44282,6.74,5.23,1.83,0.92,9.92,595.11
44282.04,6.43,5.22,1.7,1.08,9.8,594.9
44282.08,5.91,4.47,1.55,1.2,9.4,594.68
44282.12,6.26,4.53,1.35,1.25,9.44,594.04
44282.17,5.44,3.96,1.26,1.29,9.13,593.76
44282.21,5.83,4.08,1.14,1.29,9.12,593.61
44282.25,5.53,3.5,0.96,1.1,8.67,593.75
44282.29,5.4,3.26,0.52,1.27,8.44,594.24
44282.33,5.21,3.25,0.39,1.28,8.23,594.33
44282.38,4.89,2.03,0.08,1.11,6.85,594.63
44282.42,11.83,3.48,0.23,3.05,2.8,594.83
44282.46,11.69,4.1,0.13,0.66,2.16,594.79
44282.5,11.91,4.13,0.36,0.69,2.08,594.54
44282.54,16.82,4.11,0.5,0.59,1.63,593.84
44282.58,17.58,3.76,0.79,0.31,3.79,593.14
44282.62,18.43,3.56,0.91,0.68,4.43,592.64
44282.67,20.42,2.55,0.82,1.11,6.59,592.15
44282.71,20.33,2.63,1.45,0.86,8.21,592.14
44282.75,14.42,3.33,2.71,0.69,3.14,592.56
44282.79,14.24,4.49,2.2,0.75,2.16,592.92
44282.83,13.39,5.82,2.06,0.64,0.95,593.49
44282.88,13.41,6.46,2.13,0.34,1.01,594.3
44282.92,12.55,7.12,1.55,0.44,1.38,595.05
44282.96,10.27,6.39,0.99,0.66,3.78,595.15
44283,10.17,6.34,0.64,2.64,1.45,595.19
44283.04,9.76,6.32,0.98,1.78,0.86,594.7
44283.08,9.36,6.15,1.11,1.68,0.87,594.47
44283.12,9.41,6.36,1.13,1.56,0.64,593.63
44283.17,7.71,5.95,1.3,1.37,0.23,593.3
44283.21,7.38,5.76,1.48,1.31,0,592.83
44283.25,7.54,6.14,1.51,1.3,0.16,592.88
44283.29,7.61,6.12,1.74,1.16,0.45,592.97
44283.33,7.39,5.78,1.68,1.1,0.53,593.13
44283.38,9.17,6.52,1.72,1,0.62,593.35
44283.42,15.87,7,2.1,0.87,0,593.11
44283.46,16.55,6.84,2.12,0.81,0,593.17
44283.5,17.33,5.04,2.08,0.73,0.36,592.43
44283.54,23,1.84,2.23,0.57,1,591.77
44283.58,23.14,0.56,2.33,0.51,0.43,590.92
44283.62,23.17,-0.18,2.47,0.57,1.14,590.12
44283.67,24.3,-2.33,2.44,0.67,2,589.37
44283.71,24.62,-3.82,2.11,0.73,1.52,588.94
44283.75,20.96,-2.22,1.03,0.94,0.6,588.9
44283.79,21.8,-5.55,1.02,1.83,0.19,589.22
44283.83,21.94,-6.29,1.06,2.07,0.1,589.22
44283.88,20.92,-5.73,1.15,1.89,0.39,589.54
44283.92,19.63,-2.65,1.47,1.41,3.45,589.63
44283.96,16.54,-1.5,1.71,1.06,4.78,589.61
44284,16.22,-1.82,1.78,0.99,4.91,589.65
44284.04,15.88,-3.17,1.85,0.99,4.37,589.23
44284.08,15.96,-3.84,1.92,1.04,3.66,588.92
44284.12,15.94,-4.26,1.81,1.04,4.19,588.55
44284.17,14.89,-3.46,1.57,1.07,5.03,588.33
44284.21,14.48,-3.73,1.42,1.07,0.55,588.43
44284.25,13.44,-3.47,0.94,1.07,0.66,589.05
44284.29,12.71,-3.68,0.76,1.16,0.84,589.51
44284.33,11.04,-2,0.59,1.22,0.86,589.76
44284.38,12.23,-0.98,0.64,1.28,0.76,590
44284.42,19.39,-2.01,1.31,0.84,0.52,589.92
44284.46,20.35,-1.86,1.86,0.74,0.24,589.45
44284.5,20.94,-1.95,2.15,0.63,0.03,589.1
44284.54,24.48,-5.65,2.42,0.58,1.13,588.39
44284.58,24.57,-5.38,2.49,0.55,1.01,587.78
44284.62,24.48,-5.12,2.22,0.46,2.68,587.15
44284.67,24.69,-6.21,1.65,0.37,1.45,586.77
44284.71,24.36,-6.32,0.8,0.35,5.12,586.67
44284.75,20.55,-4.33,0.48,0.94,6.5,587.19
44284.79,19.15,2.87,1.65,0.5,6.07,587.4
44284.83,18.04,6.08,2.03,0.51,7,587.9
44284.88,17.68,10.01,2.39,0.63,9.06,588.42
44284.92,16.83,12.98,2.18,0.68,9.67,588.97
44284.96,13.69,11.61,1.91,0.72,9.7,589.3
44285,13.7,12.1,1.52,0.68,10,589.55
44285.04,13.28,11.57,1.43,0.6,9.92,589.34
44285.08,13.45,11.39,1.33,0.67,9.87,588.88
44285.12,13.3,11.25,1.13,0.74,9.81,588.47
44285.17,11.33,10.34,0.98,0.64,9.81,588.13
44285.21,11.47,10.45,0.42,0.03,9.93,587.83
44285.25,11.9,9.96,0.28,0.29,10,588.02
44285.29,12.11,10.22,0.04,3.13,10,588.35
44285.33,10.96,9.31,0.65,0.72,9.32,588.42
44285.38,11.01,6.98,1.16,0.61,2.93,588.57
44285.42,17.78,5.11,1.69,0.53,0.23,588.55
44285.46,18.49,1.74,2.06,0.46,0,588.3
44285.5,18.9,0.79,2.01,0.37,0,588.07
44285.54,23.03,-1.71,1.89,0.39,0,587.57
44285.58,23.29,-2.09,1.83,0.52,0,587.16
44285.62,23.66,-2.41,1.78,0.66,0.14,586.42
44285.67,24.16,-2.72,1.77,0.77,2.17,586.09
44285.71,24.17,-2.18,1.19,0.85,0.82,585.57
44285.75,20.61,-0.75,0.4,1.55,0.88,586.32
44285.79,20.96,-1.94,0.66,0.03,0.58,586.44
44285.83,20.16,-0.57,1.03,0.38,0.13,587.01
44285.88,17.71,6.56,1.2,0.44,0.58,587.39
44285.92,15.03,9.73,1.47,0.46,2.12,588.09
44285.96,13.14,10.92,1.42,0.4,0.27,588.21
44286,14.21,11.91,1.28,0.44,0.55,588.26
44286.04,14.2,12.13,1.1,0.44,1.04,588.05
44286.08,14.45,12.24,1.17,0.44,1.79,587.74
44286.12,14.66,12.31,1.01,0.39,3.64,587.42
44286.17,13.1,12.02,0.79,0.37,4.25,587.08
44286.21,13.24,12.26,0.34,2.72,4.61,586.86
44286.25,12.72,9.48,0.48,2.3,4.48,587.39
44286.29,12.75,9.34,0.97,1.74,4.25,587.15
44286.33,12.15,8.79,0.9,1.44,2.74,587.69
44286.38,13.49,5.11,1.07,0.96,1.66,588.11
44286.42,18.62,3.77,1.68,0.7,0.5,588.23
44286.46,19.12,4.03,1.83,0.62,0.2,588.33
44286.5,19.6,4.08,2.58,0.42,5.08,587.98
44286.54,22.89,2.35,2.92,0.44,6.89,587.39
44286.58,23.1,2.14,2.36,0.38,2.14,586.74
44286.62,23.22,2.86,1.87,0.44,5.85,586.27
44286.67,22.36,3.36,1.33,0.86,7.49,586.07
44286.71,21.94,3.14,1.36,1.03,7.18,585.96
44286.75,19.95,3.72,1.08,1.24,6.19,586.61
44286.79,19.58,7.69,0.66,2.07,5.57,586.87
44286.83,18.61,7.48,0.97,2.99,2.12,587.25
44286.88,17.33,8.47,1.14,0.14,2.65,587.83
44286.92,16.39,10.56,1.57,0.33,4.63,588.42
44286.96,13.5,11.48,1.72,0.46,4.93,588.56
44287,13.43,12.06,1.5,0.6,6.29,588.66
44287.04,13.11,12.33,1.59,0.7,7.73,588.53
44287.08,13.13,12.57,1.63,0.75,9.47,588.65
44287.12,13.35,12.72,1.72,0.7,10,588.64
44287.17,12.77,12.17,1.51,0.72,10,588.67
44287.21,12.78,12.13,1.49,0.69,10,588.93
44287.25,12.56,12.55,1.36,0.22,10,589.3
44287.29,12.36,12.3,1.04,2.98,10,589.52
44287.33,11.83,11.66,0.9,3.04,7.58,590.32
44287.38,11.23,10.51,0.96,0.11,6.9,590.7
44287.42,13.76,9.83,1.27,0.38,3.04,590.79
44287.46,15.2,8.92,0.94,0.12,6.6,591.19
44287.5,16.4,8.4,0.89,0.33,5.68,590.71
44287.54,17.6,8.99,0.64,2.65,6.14,590.23
44287.58,17.78,9.98,1.08,2.72,6.22,589.79
44287.62,16.79,10.34,1.24,2.98,6.07,589.23
44287.67,15.41,9.63,1.35,0.04,6.22,589.18
44287.71,14.55,9.61,1.47,0.12,6.98,589.06
44287.75,14.01,7.37,1.31,3.05,7.66,589.63
44287.79,12.53,7.51,1.6,0.51,7.2,589.7
44287.83,10.6,8.45,2.18,0.59,7.5,590.34
44287.88,8.54,7.68,2.16,0.61,7.58,590.75
44287.92,7.82,7.31,2.06,0.62,10,591.51
44287.96,6.63,6.64,2.19,0.63,10,591.68
44288,6.61,6.58,1.94,0.64,10,591.78
44288.04,6.63,6.63,1.8,0.69,10,591.41
44288.08,6.62,6.62,1.74,0.68,10,591.41
44288.12,6.73,6.73,1.59,0.64,10,591.13
44288.17,5.74,5.74,1.4,0.6,10,591.08
44288.21,5.92,5.88,1.43,0.6,10,591.08
44288.25,6.57,5.98,1.32,0.5,10,591.2
44288.29,6.92,6.49,1.5,0.37,10,591.26
44288.33,6.06,5.35,1.55,0.6,10,592.01
44288.38,6.7,5.54,1.61,0.61,9.92,592.6
44288.42,9.57,6.07,1.26,0.58,8.71,592.72
44288.46,12.27,6.43,1.35,0.42,2.74,592.75
44288.5,14.06,6.7,1.28,0.29,2.74,592.51
44288.54,16.9,7,1.14,0.15,5.31,591.9
44288.58,18.15,5.91,0.97,3.11,8.12,591.43
44288.62,18.57,4.64,1.03,0.49,6.55,590.75
44288.67,18.07,4.79,1.42,0.73,6.6,590.56
44288.71,17.23,4.88,1.92,0.58,6.45,590.6
44288.75,11.98,7.41,3.01,0.58,6.6,591.46
44288.79,8.81,6.97,2.98,0.6,7.05,591.75
44288.83,7.48,7.21,2.65,0.64,10,592.66
44288.88,7.85,7.09,2.47,0.72,10,593.49
44288.92,7.3,6.73,2.27,0.75,10,594.37
44288.96,5.24,5.1,2.32,0.73,10,594.73
44289,5.16,4.52,2.36,0.75,10,595.22
44289.04,4.48,4.4,2.18,0.81,10,595.02
44289.08,4.69,4.41,1.97,0.8,10,594.99
44289.12,4.7,4.3,1.94,0.77,10,594.81
44289.17,4.12,3.91,1.68,0.76,10,594.72
44289.21,4.05,3.56,1.58,0.8,10,594.69
44289.25,3.27,2.43,1.65,0.85,10,595.12
44289.29,3.44,2.43,1.63,0.82,10,595.6
44289.33,3.27,2.11,1.57,0.7,10,596.14
44289.38,4,2.79,1.35,0.57,10,596.45
44289.42,8.63,3.48,0.98,0.57,10,596.7
44289.46,9,3.46,0.75,0.37,8.41,596.59
44289.5,9.75,3.68,0.95,0.11,2.44,596.09
44289.54,14.14,4.84,1.22,0.27,3.92,595.72
44289.58,15.07,5.19,1.79,0.26,2.22,594.4
44289.62,15.88,5.76,2.03,0.29,4.96,593.73
44289.67,15.68,6.84,2.32,0.27,6.31,593.05
44289.71,14.72,7.23,2.79,0.46,6.92,593
44289.75,9.47,5.83,3.51,0.42,4.1,593.18
44289.79,7.88,5.87,2.77,0.61,10,594.24
44289.83,7.84,5.91,2.37,0.7,10,594.89
44289.88,8.33,5.84,2.36,0.73,10,595.38
44289.92,8.13,5.29,2.12,0.72,10,596.14
44289.96,5.5,4.06,1.95,0.68,10,596.65
44290,5.62,4.45,1.78,0.73,10,596.88
44290.04,5.26,4.64,1.68,0.79,10,596.62
44290.08,5.26,4.49,1.54,0.8,10,596.55
44290.12,5.23,4.09,1.37,0.79,10,596.21
44290.17,5.06,4.14,1.21,0.77,10,595.84
44290.21,5.28,4.36,0.99,0.75,10,595.85
44290.25,4.69,4.1,0.71,1.04,10,595.67
44290.29,4.99,4.06,0.7,0.72,9.94,595.97
44290.33,5.03,4.01,0.57,0.28,10,596.39
44290.38,5.55,4.22,0.68,3.1,10,596.96
44290.42,8.52,5.79,0.69,2.99,10,596.83
44290.46,9.23,6.4,0.78,2.43,9.87,596.81
44290.5,10.66,6.76,1.02,2.49,7.81,596.23
44290.54,14.88,8,1.37,2.83,3.18,595.48
44290.58,15.78,8.36,1.42,3,3.66,594.48
44290.62,17.08,8.54,1.28,0.14,9.24,593.71
44290.67,17.03,8.79,2.19,0.32,7.78,593.24
44290.71,16.01,9.33,2.33,0.31,8.31,593.05
44290.75,12.25,7.71,2.54,0.5,9.47,593.4
44290.79,9.56,7.64,2.52,0.57,9.92,593.56
44290.83,8.76,6.94,2.2,0.74,10,594.55
44290.88,8.56,6.47,2.48,0.73,10,595.32
44290.92,8.53,6.96,2.23,0.71,10,596.04
44290.96,7.31,6.04,2.05,0.69,10,596.34
44291,7.32,5.9,1.68,0.7,10,596.53
44291.04,6.99,5.62,1.39,0.64,10,596.32
44291.08,7.17,5.53,1.32,0.63,10,596.04
44291.12,7.45,5.46,1.19,0.65,10,595.66
44291.17,7.35,5.54,1.35,0.7,10,595.38
44291.21,7.62,5.71,1.48,0.75,10,595.57
44291.25,6.3,5.03,1.63,0.8,10,596.29
44291.29,6.38,5.08,1.7,0.68,10,596.26
44291.33,6.06,4.71,1.84,0.63,10,597
44291.38,6,4.41,1.84,0.66,10,597.57
44291.42,7.94,5.32,1.63,0.65,10,597.65
44291.46,8.56,5.56,1.22,0.45,10,597.66
44291.5,9.24,5.34,0.83,3.12,10,597.41
44291.54,12.02,6.31,0.78,2.8,10,596.56
44291.58,13.29,6.68,0.92,2.94,10,596.09
44291.62,13.94,6.82,1.33,0.13,10,595.21
44291.67,13.65,7.82,1.4,3.05,10,594.89
44291.71,13.42,8.18,1.37,3.12,10,594.39
44291.75,13.47,7.53,1.31,0.34,10,594.79
44291.79,12.55,7.65,1.59,0.43,9.94,594.58
44291.83,11.79,7.87,1.61,0.54,9.01,595.05
44291.88,10.96,7.9,1.71,0.63,9.35,595.61
44291.92,10.25,7.96,1.43,0.65,9.92,596.32
44291.96,8.8,7.78,1.2,0.65,10,596.93
44292,8.98,7.93,0.81,0.44,10,596.69
44292.04,8.63,7.86,0.37,2.85,10,596.29
44292.08,8.84,8.1,0.44,2.38,10,595.77
44292.12,8.92,8.1,0.64,1.84,10,595.23
44292.17,8.65,8.48,0.98,1.67,10,595.23
44292.21,8.86,8.51,0.87,1.92,10,595
44292.25,9,8.71,1.04,1.26,10,594.92
44292.29,9.44,8.7,0.99,1.55,10,595.07
44292.33,9.92,8.94,0.73,1.88,10,595.84
44292.38,11.12,8.83,0.72,2.8,10,596.38
44292.42,12.8,8.55,0.63,2.58,10,596.68
44292.46,13.33,7.95,0.69,1.74,10,596.89
44292.5,13.7,7.62,0.65,1.46,10,596.71
44292.54,14.29,7.68,0.59,1.38,10,596.55
44292.58,14.34,8.02,0.72,2.63,10,595.84
44292.62,13.84,8.02,1.01,3.09,10,595.55
44292.67,13.18,8.21,1.04,0.03,10,595.17
44292.71,12.75,8.56,1.17,0.02,10,594.94
44292.75,11,9.6,1.24,0.29,10,595.45
44292.79,10.43,9.6,1.65,0.46,10,595.45
44292.83,10.01,9.84,1.75,0.69,10,595.89
44292.88,9.63,9.62,1.94,0.79,10,596.37
44292.92,9.16,9.12,1.87,0.74,10,596.91
44292.96,7.56,7.56,1.84,0.71,10,597.02
44293,7.65,7.65,1.74,0.7,10,597.21
44293.04,7.27,7.07,1.55,0.66,10,597.03
44293.08,7.32,7.12,1.44,0.67,10,596.65
44293.12,7.42,7.18,1.3,0.67,10,596.4
44293.17,7.34,7.05,1.38,0.73,10,596.22
44293.21,7.52,7.22,1.45,0.7,10,596.06
44293.25,6.96,6.55,1.49,0.75,10,596.26
44293.29,6.95,6.57,1.52,0.68,10,596.41
44293.33,6.51,6.13,1.45,0.66,10,596.96
44293.38,5.58,5.54,1.5,0.74,10,597.42
44293.42,8.17,6.84,1.52,0.74,10,597.72
44293.46,7.86,6.18,1.59,0.64,10,597.74
44293.5,7.36,6.26,1.61,0.57,10,597.53
44293.54,9.89,6.49,1.66,0.5,10,597.18
44293.58,9.26,6.34,1.75,0.51,10,596.66
44293.62,9.42,6.31,1.85,0.61,10,596.07
44293.67,9.52,5.9,1.72,0.73,10,595.62
44293.71,9.61,5.8,1.86,0.75,10,595.27
44293.75,7.52,4.86,1.86,0.84,9.8,595.55
44293.79,8.36,5.14,1.76,1.09,9.88,595.72
44293.83,8.83,5.64,1.71,1.04,10,596.39
44293.88,9.55,5.86,1.63,0.88,10,596.73
44293.92,9.39,5.98,1.55,0.85,10,597.11
44293.96,7.62,5.84,1.22,0.9,10,597.32
44294,7.78,5.98,1.2,1,10,597.21
44294.04,7.72,6.33,1.12,1.07,10,597
44294.08,7.85,6.42,1.3,1.04,10,596.91
44294.12,7.92,6.45,1.4,1.16,10,596.43
44294.17,7.34,5.98,1.34,1.2,10,596.51
44294.21,7.58,5.89,1.19,1.19,10,596.23
44294.25,7.53,5.77,1.39,1.18,10,596.69
44294.29,7.69,5.8,1.27,1.11,9.96,596.87
44294.33,7.44,5.58,0.93,0.96,9.84,597.16
44294.38,7.09,5.3,0.81,0.64,9.81,597.55
44294.42,8.48,5.79,0.72,0.5,9.98,597.52
44294.46,9.78,6.19,0.76,0.09,9.99,597.42
44294.5,9.92,6.37,0.71,0.02,10,597.13
44294.54,12.67,6.41,0.82,3.14,10,596.63
44294.58,12.89,6.27,0.94,0.19,10,596.05
44294.62,13.03,6.37,1.24,0.29,10,595.59
44294.67,13.23,6.35,1.37,0.28,10,595.19
44294.71,12.84,6.35,1.41,0.31,10,594.77
44294.75,11.66,6.02,1.6,0.27,9.85,594.97
44294.79,11.45,6.12,1.66,0.42,8.62,594.89
44294.83,11.45,6.55,1.85,0.47,7.94,595.39
44294.88,11.36,6.94,1.48,0.41,5.12,595.68
44294.92,10.42,7.34,1.01,0.42,7.04,596.15
44294.96,8.68,7.02,1.07,0.43,7.56,596.26
44295,8.65,7.3,1.2,0.48,7.66,596.21
44295.04,8.69,7.44,0.91,0.41,6.95,595.88
44295.08,8.7,7.73,0.98,0.44,7.52,595.71
44295.12,9.21,7.82,0.81,0.31,9.88,595.1
44295.17,9.01,7.75,0.8,0.03,10,594.9
44295.21,9.22,7.81,0.76,2.88,9.88,594.51
44295.25,8.82,7.48,0.69,0.34,10,594.63
44295.29,9.12,7.79,0.66,0.2,10,594.78
44295.33,9.56,7.81,0.68,3.02,10,595.28
44295.38,9.35,7.79,0.73,2.66,10,595.57
44295.42,11.49,8.15,0.74,2.47,10,595.69
44295.46,12.05,8.35,0.52,1.85,10,595.69
44295.5,12.2,8.16,0.53,1.95,10,595.39
44295.54,14.93,8.69,0.64,2.91,10,594.82
44295.58,14.96,8.71,0.91,0.15,10,594.35
44295.62,14.78,8.8,2.04,0.47,9.7,593.75
44295.67,13.98,8.99,2.4,0.61,8.25,593.61
44295.71,13.09,9.41,2.45,0.55,9.17,593.4
44295.75,11.15,9.12,2.52,0.52,9.77,593.63
44295.79,10.46,9.14,2.36,0.59,10,594
44295.83,10.56,9.53,2.08,0.67,10,594.4
44295.88,10.82,9.74,1.75,0.64,10,594.88
44295.92,10.91,10.06,1.72,0.54,10,595.61
44295.96,8.94,8.72,1.65,0.64,10,595.99
44296,8.95,8.95,1.75,0.7,10,596.04
44296.04,8.89,8.89,1.63,0.73,10,595.96
44296.08,8.83,8.62,1.56,0.75,10,595.85
44296.12,8.84,8.49,1.46,0.74,10,595.66
44296.17,8.17,8.01,1.48,0.69,10,595.45
44296.21,8.13,7.63,1.54,0.66,10,595.29
44296.25,7.82,7.56,1.57,0.69,10,595.82
44296.29,7.69,7.41,1.43,0.63,10,595.78
44296.33,7.15,7.05,1.42,0.55,10,596.27
44296.38,6.34,6.34,1.39,0.53,10,596.65
44296.42,9.35,8.25,1.3,0.36,10,596.61
44296.46,9.67,7.54,1.13,0.2,10,596.62
44296.5,9.67,7.42,1.08,0.14,10,596.32
44296.54,12.84,8.46,0.96,3.09,10,595.76
44296.58,13.1,8.45,1.44,0.09,10,595.23
44296.62,12.83,8.7,1.89,0.35,9.92,594.51
44296.67,13.06,8.78,2.74,0.57,9.24,593.91
44296.71,12.21,8.92,2.8,0.58,10,593.68
44296.75,9,7.77,2.62,0.69,10,593.85
44296.79,8.7,7.67,2.11,0.56,10,594.38
44296.83,8.95,7.86,1.88,0.64,10,594.92
44296.88,8.76,7.84,1.99,0.69,10,595.29
44296.92,8.73,7.82,1.89,0.71,10,595.77
44296.96,6.74,6.3,1.83,0.66,10,596.32
44297,6.83,6.46,1.62,0.66,10,596.46
44297.04,6.62,6.63,1.69,0.66,10,596.25
44297.08,6.78,6.59,1.55,0.72,10,596
44297.12,6.78,6.51,1.46,0.7,10,595.78
44297.17,6.35,5.87,1.42,0.69,10,595.29
44297.21,6.58,6.06,1.31,0.72,10,595.41
44297.25,6.98,5.76,1.58,0.81,10,596.06
44297.29,6.74,5.66,1.53,0.71,10,596.15
44297.33,6.44,5.38,1.4,0.6,10,596.43
44297.38,5.77,4.66,1.12,0.51,10,596.91
44297.42,8.56,5.95,1.14,0.22,10,597.01
44297.46,8.98,6.32,1.04,0.11,10,596.98
44297.5,10.29,6.8,0.95,2.98,10,596.54
44297.54,12.68,7.29,0.98,2.92,9.02,596.16
44297.58,13.78,7.93,1.3,2.93,6.31,595.13
44297.62,14.72,8.21,1.9,0.32,4.6,594.4
44297.67,15,8.28,2.91,0.36,3.8,593.51
44297.71,13.4,8.36,3.38,0.39,5.31,593.51
44297.75,9.7,7.77,2.98,0.62,10,594.34
44297.79,8.71,7.52,2.37,0.77,10,594.91
44297.83,9.06,7.53,1.98,0.61,10,595.36
44297.88,9.44,7.56,1.87,0.63,10,595.71
44297.92,9.26,7.69,1.95,0.7,10,596.13
44297.96,6.85,5.95,1.89,0.74,10,596.63
44298,7.05,6.55,1.78,0.8,10,597.05
44298.04,6.71,6.12,1.63,0.83,10,596.85
44298.08,6.7,6.25,1.51,0.89,10,596.76
44298.12,6.9,6.15,1.37,0.94,10,596.57
44298.17,6.45,5.65,1.2,0.98,10,596.29
44298.21,6.67,5.65,1.05,0.86,10,596.27
44298.25,7.03,5.61,0.99,0.64,10,596.64
44298.29,6.92,5.26,0.69,0.09,9.98,596.61
44298.33,6.87,5.26,0.53,0.12,10,596.95
44298.38,6.43,5,0.29,0.11,10,597.3
44298.42,10.86,6.69,0.27,1.67,9.92,597.31
44298.46,11.18,6.72,0.33,2.17,8.09,597.21
44298.5,12.28,7.04,0.63,0.09,6.82,596.92
44298.54,16.53,7.76,0.65,0.02,7.64,596.3
44298.58,16.95,7.48,1.4,0.06,3.78,595.45
44298.62,18.18,7.04,1.72,0.05,2.97,594.57
44298.67,19.15,6.95,2.24,0.55,4.76,593.53
44298.71,17.6,8.39,3.19,0.69,5.12,593.69
44298.75,11.73,8.28,3.23,0.67,7.05,594.77
44298.79,10.7,8.17,2.62,0.64,10,594.97
44298.83,10.76,8.58,2.11,0.67,10,595.73
44298.88,11.17,8.63,1.86,0.64,10,596.42
44298.92,11.18,8.64,1.7,0.7,10,596.69
44298.96,8.67,7.25,1.67,0.78,10,597.24
44299,8.83,7.47,1.6,0.85,10,597.29
44299.04,8.5,7.82,1.62,0.88,10,597.26
44299.08,8.59,7.89,1.64,0.87,10,597.04
44299.12,8.82,8.12,1.58,0.9,10,596.68
44299.17,8.3,8.05,1.44,0.96,10,596.37
44299.21,8.51,8.09,1.34,0.96,10,596.34
44299.25,8.1,6.35,1.31,0.9,9.98,596.32
44299.29,8.16,6.41,1.01,0.83,9.94,596.57
44299.33,8.08,6.24,0.93,0.74,9.65,596.42
44299.38,7.69,5.92,0.85,0.42,10,596.67
44299.42,12.56,7.53,0.55,3.07,10,596.62
44299.46,12.23,7.39,0.57,2.47,10,596.47
44299.5,12.92,7.4,0.82,1.92,10,595.97
44299.54,16.49,7.6,0.88,1.85,8.34,595.53
44299.58,17.02,7.18,0.78,2.17,6.56,594.45
44299.62,18.44,6.44,0.69,2.24,7.37,593.7
44299.67,18.95,6.92,1.41,0.26,2.77,592.91
44299.71,17.94,8.08,2.7,0.51,4.1,592.46
44299.75,14.03,8.45,3.15,0.57,4.71,592.82
44299.79,12.15,8.89,2.97,0.71,8.11,593.38
44299.83,12.02,9.17,2.33,0.7,10,594.18
44299.88,12.2,9.32,2.04,0.55,10,594.86
44299.92,11.99,9.28,1.94,0.67,10,595.71
44299.96,9.45,7.68,1.87,0.74,10,596.22
44300,9.56,8.32,1.81,0.82,10,596.44
44300.04,9.34,8.43,1.67,0.88,10,596.5
44300.08,9.59,8.62,1.68,0.91,10,596.34
44300.12,9.85,8.89,1.39,0.9,10,595.94
44300.17,9.22,8.58,1.56,0.98,10,595.86
44300.21,9.42,8.71,1.43,0.9,10,595.68
44300.25,9.49,8.58,1.49,0.79,10,596.07
44300.29,9.19,8.2,1.27,0.8,10,596.16
44300.33,9.59,8.44,1.3,0.71,10,596.43
44300.38,9.5,7.88,1.45,0.48,10,596.78
44300.42,12.77,8.71,1.39,0.23,10,596.68
44300.46,12.7,8.17,1.25,0.02,9.55,596.45
44300.5,13.11,8.32,1.17,3,9.94,595.95
44300.54,16.16,8.03,1.27,2.97,9.88,595.33
44300.58,15.79,8.08,1.41,2.69,10,594.42
44300.62,16.62,7.86,1.2,2.45,8.19,593.5
44300.67,17.33,8.08,1.13,2.89,3.57,592.59
44300.71,17.11,8.82,1.68,0.3,3.24,592.15
44300.75,14.16,7.38,2.54,0.47,3.39,592.44
44300.79,12.01,9.25,2.88,0.78,7.73,593.12
44300.83,10.64,9.74,2.62,0.75,9.85,594.17
44300.88,10.57,9.94,2.05,0.55,10,594.99
44300.92,10.14,9.02,1.81,0.5,10,595.35
44300.96,8.43,8.15,1.23,0.36,10,595.65
44301,8.13,7.58,0.83,3.13,10,595.44
44301.04,8.12,7.69,0.7,2.38,10,595.25
44301.08,8.43,7.5,0.48,1.87,10,594.72
44301.12,9.09,7.51,0.58,1.12,10,594.2
44301.17,8.98,7.77,0.62,0.99,9.89,593.62
44301.21,9.3,7.96,0.67,1.29,9.61,593.62
44301.25,9.52,8.04,0.19,2.8,9.04,593.42
44301.29,9.3,8,0.69,0.88,7.99,593.98
44301.33,9.31,7.57,1.18,0.59,7.13,594.29
44301.38,10.2,7.19,1.08,0.22,9.47,594.74
44301.42,13.12,7.92,0.99,0.38,6.75,595.12
44301.46,13.73,7.76,1.34,0.49,4.78,595.29
44301.5,14.67,7.88,1.59,0.49,3.04,594.99
44301.54,17.04,7.81,1.41,0.36,7.81,594.48
44301.58,16.95,7.76,1.75,0.4,8.31,593.63
44301.62,15.57,9.22,3.04,0.52,6.67,592.98
44301.67,14.21,9.83,3.31,0.6,7.58,592.93
44301.71,13.26,9.74,3.18,0.61,10,593.14
44301.75,9.79,8.45,2.62,0.66,10,594.14
44301.79,9.64,8.34,2.33,0.6,10,594.36
44301.83,9.74,8.35,2.19,0.66,10,594.96
44301.88,9.47,8.22,1.99,0.76,10,595.82
44301.92,9.43,8.42,1.88,0.76,10,596.4
44301.96,7.59,7.26,1.87,0.79,10,596.81
44302,7.79,6.88,1.84,0.91,10,597.08
44302.04,7.41,7.08,1.64,0.92,10,596.93
44302.08,7.68,7.21,1.47,0.97,10,596.78
44302.12,7.94,7.4,1.49,0.94,10,596.45
44302.17,7.59,7.06,1.65,0.92,10,596.31
44302.21,7.41,6.81,1.71,0.89,10,596.35
44302.25,7.87,6.24,1.33,0.99,10,596.26
44302.29,8.18,6.27,1.15,0.9,9.98,596.53
44302.33,7.95,6.17,1.3,0.83,9.92,596.91
44302.38,7.56,5.85,1.11,0.46,10,597.21
44302.42,10.72,6.48,0.9,2.87,10,597.15
44302.46,10.95,6.59,0.71,2.61,10,597.28
44302.5,11.12,6.58,0.54,2.87,10,597.04
44302.54,14.49,6.97,0.81,0.5,10,596.97
44302.58,14.71,6.83,1.27,0.71,10,596.37
44302.62,14.39,6.61,1.39,0.62,10,596.09
44302.67,14.85,7.39,1.57,0.5,10,595.54
44302.71,14.94,7.49,1.77,0.58,10,595.54
44302.75,12.34,7.61,2.18,0.59,10,596.13
44302.79,11.57,7.77,2.23,0.65,10,595.9
44302.83,11.15,8.24,1.87,0.74,10,596.65
44302.88,11.15,8.51,1.9,0.77,10,597.15
44302.92,11.06,8.68,1.8,0.68,10,598.06
44302.96,9.86,8.43,1.62,0.62,10,598.55
44303,9.89,8.61,1.49,0.5,10,598.76
44303.04,9.69,8.85,1.42,0.57,10,598.85
44303.08,9.85,8.9,1.41,0.67,10,598.58
44303.12,9.76,8.87,1.44,0.86,10,598.28
44303.17,9.05,8.57,1.25,0.92,10,597.91
44303.21,9.07,8.46,1.19,0.83,10,597.82
44303.25,8.68,8.07,1.06,0.58,10,597.97
44303.29,8.84,7.98,1.16,0.41,10,598.04
44303.33,8.97,7.55,1.16,0.32,10,598.61
44303.38,9.23,6.97,1.1,0.2,10,598.69
44303.42,10.81,7.59,1.25,0.26,10,598.97
44303.46,11.04,7.45,1.25,0.26,10,598.85
44303.5,11.08,7.54,1.15,0.1,10,598.78
44303.54,12.51,7.9,1.07,3.05,10,597.98
44303.58,12.79,8.05,1.15,3.01,10,597.37
44303.62,12.65,8.24,1.32,3.08,10,596.64
44303.67,12.92,8.73,1.37,3.13,10,596.09
44303.71,12.55,8.78,1.53,0.07,10,595.45
44303.75,11.26,8.44,1.45,0.07,9.98,595.59
44303.79,10.96,8.51,1.64,0.48,10,595.64
44303.83,10.77,8.63,1.64,0.5,10,596
44303.88,10.61,8.74,1.57,0.64,10,596.11
44303.92,10.47,8.85,1.47,0.8,10,596.47
44303.96,9.44,8.77,1.3,0.81,10,596.59
44304,9.52,8.86,1.31,0.69,10,596.64
44304.04,9.53,8.86,1.22,0.63,10,596.41
44304.08,9.51,8.79,1.17,0.65,10,596.02
44304.12,9.6,8.73,1.04,0.64,10,595.9
44304.17,9.22,8.58,1.08,0.73,10,595.45
44304.21,9.28,8.48,1.06,0.73,10,595.33
44304.25,9.09,8.26,1.33,0.74,10,595.91
44304.29,8.96,8.32,1.5,0.63,10,595.61
44304.33,8.86,8.38,1.61,0.58,10,596.09
44304.38,8.15,8.13,1.63,0.63,10,596.15
44304.42,9.71,9,1.7,0.67,10,596.29
44304.46,9.09,8.42,1.67,0.66,10,596.31
44304.5,9.19,8.24,1.8,0.61,10,596.06
44304.54,11.35,8.83,1.88,0.53,10,595.41
44304.58,11.23,8.74,1.98,0.53,10,594.92
44304.62,11.61,8.89,2.22,0.55,10,594.28
44304.67,12.04,8.73,2.47,0.58,10,593.86
44304.71,11.93,8.71,2.2,0.65,10,593.64
44304.75,9.38,8.05,2.37,0.56,10,593.98
44304.79,9.27,7.95,1.93,0.66,10,593.89
44304.83,9.61,8.3,1.61,0.55,10,594.48
44304.88,9.9,8.5,1.44,0.62,10,594.65
44304.92,9.79,8.45,1.44,0.56,10,595.1
44304.96,8.38,7.97,1.52,0.52,10,594.99
44305,8.52,8.04,1.43,0.56,10,594.88
44305.04,8.59,8.08,1.3,0.57,10,594.45
44305.08,8.76,8.09,1.17,0.45,10,594.06
44305.12,8.91,8.14,1.06,0.24,10,593.64
44305.17,8.22,7.78,0.9,0.16,10,593.23
44305.21,8.44,7.59,0.8,0.15,10,592.89
44305.25,9.14,7.96,0.76,0.84,10,593.09
44305.29,9.22,8.02,0.68,0.72,10,593.05
44305.33,8.88,7.87,0.66,0.25,10,593.24
44305.38,8.84,7.74,0.46,2.5,10,593.42
44305.42,11.95,8.76,0.54,1.69,10,593.33
44305.46,12.02,9.02,0.82,1.43,10,593.17
44305.5,12.61,9.34,1.31,1.38,9.77,592.55
44305.54,15.93,9.02,1.06,1.49,9.94,591.6
44305.58,17.22,9.81,0.89,0.11,7.19,591.01
44305.62,18.27,10.03,0.67,0.12,5.44,590.31
44305.67,20.07,9.9,1.24,0.45,6.9,589.7
44305.71,19.29,10.34,1.85,0.51,7.33,589.43
44305.75,14.45,10.54,2.93,0.67,4.55,589.54
44305.79,12.25,10.54,2.74,0.69,7.73,590.11
44305.83,11.19,10.67,2.58,0.7,10,591.02
44305.88,10.9,10.21,2.2,0.7,10,591.57
44305.92,10.79,9.83,1.94,0.68,10,592.09
44305.96,8.8,8.56,2.02,0.68,10,592.26
44306,9.03,8.46,1.8,0.73,10,592.5
44306.04,8.69,8.13,1.66,0.74,10,592.43
44306.08,8.61,7.89,1.64,0.66,10,592.19
44306.12,8.64,7.85,1.57,0.67,10,591.88
44306.17,8.19,7.67,1.45,0.71,10,591.76
44306.21,8.27,7.61,1.41,0.79,10,591.79
44306.25,8.76,7.21,1.32,0.82,10,591.72
44306.29,8.96,7.21,1.08,0.58,10,592.15
44306.33,8.38,6.83,0.99,0.59,9.96,592.63
44306.38,8.25,6.33,0.87,0.62,10,592.83
44306.42,12.04,7.44,0.57,0.44,10,593.18
44306.46,11.9,7.48,0.31,0.02,10,593.39
44306.5,12.58,7.7,0.25,2.02,7.66,592.98
44306.54,17.33,8.52,0.16,2.53,6.21,592.47
44306.58,18.71,7.8,0.55,2.39,4.82,591.52
44306.62,20.42,6.57,0.56,2.14,6.16,591.02
44306.67,21.19,6.3,0.61,0.14,4.91,590.43
44306.71,19.8,8.28,1.93,0.39,1.14,590.44
44306.75,15.83,6.78,2.96,0.62,5.27,591.05
44306.79,13.3,9.21,2.72,0.64,7.73,591.88
44306.83,12.04,10.27,2.25,0.62,9.7,592.31
44306.88,11.9,10.57,1.84,0.63,10,592.91
44306.92,11.96,10.67,1.78,0.74,10,593.6
44306.96,10.06,9.21,1.67,0.75,10,593.79
44307,10.29,9.36,1.45,0.79,10,593.98
44307.04,10.14,9.68,1.42,0.84,10,593.92
44307.08,10.15,9.63,1.39,0.97,10,593.63
44307.12,10.34,9.68,1.34,1.01,10,593.01
44307.17,9.17,8.79,1.27,0.94,10,592.91
44307.21,9.2,9.04,1.23,0.89,10,593.09
44307.25,9.94,9.68,1.18,0.74,10,593.65
44307.29,9.74,9.23,0.71,0.27,10,593.67
44307.33,9.32,8.63,0.5,2.03,10,594.03
44307.38,8.98,7.47,1.12,0.81,9.82,594.33
44307.42,14.96,9.59,1.5,0.38,7.61,594.51
44307.46,15.45,9.01,0.85,3.07,4.59,594.7
44307.5,16.27,8.46,0.43,2.67,0.58,594.19
44307.54,21.41,8.64,0.14,0.18,0.02,593.57
44307.58,22.42,7.9,0.33,0.27,0.48,592.98
44307.62,23.2,7.27,0.99,0.13,0.9,592.47
44307.67,24.52,7.67,1.44,0.11,2.46,591.96
44307.71,24.4,7.81,1.89,0.3,4.7,592.06
44307.75,19.12,9.75,2.7,0.52,5.43,592.22
44307.79,18.28,10.75,2.52,0.59,6.48,592.81
44307.83,17.22,12.63,1.8,0.45,4.09,593.43
44307.88,16.91,13.14,1.78,0.37,7.2,594.16
44307.92,15.8,13.2,1.58,0.34,10,594.55
44307.96,13.04,12.09,1.42,0.39,10,594.72
44308,13.23,12.25,1.29,0.42,10,594.7
44308.04,13.07,12.15,1.09,0.53,10,594.53
44308.08,13.16,12.04,0.9,0.6,10,594.03
44308.12,13.45,12.09,0.67,0.62,10,593.73
44308.17,12.8,12.09,0.42,0.25,10,593.24
44308.21,12.84,11.77,0.29,2.9,10,593.2
44308.25,13.1,11.7,0.13,2.08,10,593.36
44308.29,13.13,11.51,0.61,1.55,9.62,593.52
44308.33,12.38,10.9,0.82,1.43,7.56,593.72
44308.38,11.61,9.82,1.01,1.32,6.75,594.01
44308.42,18.09,11.38,1.03,1.47,2.98,593.72
44308.46,19.34,11.14,1.14,1.48,1.93,593.41
44308.5,20.44,10.82,1.26,1.53,0.29,592.65
44308.54,25.51,8.85,1.66,1.06,1.78,592.24
44308.58,26.54,7.07,1.57,1.08,2.7,591.18
44308.62,27.49,5.73,1.18,1.18,2.99,590.6
44308.67,28.17,4.22,0.88,1.58,2.11,589.81
44308.71,27.45,3.77,0.92,2.32,1.66,589.54
44308.75,23.71,4.89,1.43,0.46,3.33,589.24
44308.79,22.24,12.38,1.45,0.68,4.1,589.68
44308.83,19.97,9.87,1.99,0.66,5.69,590.22
44308.88,19.63,11.95,1.75,0.57,8.09,590.57
44308.92,18.47,13.2,1.75,0.59,9.02,590.88
44308.96,15.4,13.25,1.7,0.54,10,591.3
44309,15.42,13.46,1.82,0.56,10,591.08
44309.04,14.79,13.08,1.96,0.62,10,590.98
44309.08,14.76,12.79,1.84,0.67,10,590.62
44309.12,15.03,13.09,1.5,0.64,10,590.35
44309.17,13.77,12.55,1.55,0.63,10,590.26
44309.21,13.78,12.7,1.49,0.5,10,590.18
44309.25,13.14,11.93,1.42,0.32,10,590.65
44309.29,12.97,11.69,1.03,0.24,10,590.94
44309.33,12.54,10.98,0.79,2.8,10,590.97
44309.38,12.22,10.12,0.83,1.98,7.58,590.95
44309.42,18.42,11.34,1.06,1.77,6.58,590.87
44309.46,19.67,10.99,1.18,1.67,5.3,590.43
44309.5,21.43,11.07,1.12,1.55,3.45,589.99
44309.54,26.55,9.97,0.95,1.36,1.62,589.25
44309.58,27.47,8.08,0.89,1.2,0,588.41
44309.62,27.96,5.69,0.93,1.21,0,587.87
44309.67,28.83,4.21,0.96,1.14,1.89,587.49
44309.71,28.35,3.9,0.83,1.33,0.2,587.33
44309.75,24.94,4.9,1.29,0.03,0.5,587.52
44309.79,23.41,12.83,1.31,0.47,1.89,588.37
44309.83,21.74,9.82,2.22,0.56,4.78,588.67
44309.88,20.9,12.08,2.44,0.7,7.13,589.75
44309.92,18.76,14.58,2.42,0.76,9.4,590.47
44309.96,14.96,13.57,2.51,0.79,10,590.84
44310,14.65,14.19,2.19,0.85,10,591.21
44310.04,13.98,13.25,2.21,0.87,10,591.33
44310.08,14.15,13.17,2.03,0.96,10,591.37
44310.12,14.41,13.18,1.85,0.95,10,591.48
44310.17,13.9,12.71,1.84,0.96,10,591.88
44310.21,13.95,12.86,1.6,0.99,10,592.01
44310.25,13.39,11.92,1.25,1,10,592.77
44310.29,13.64,12.08,1.1,1,7.88,593.08
44310.33,13.7,11.89,1.09,0.77,9.55,593.77
44310.38,13.52,11.57,0.99,0.36,7.86,594.07
44310.42,17.86,12.15,0.84,3.1,9.02,594.45
44310.46,18.71,11.21,0.75,3.05,8.35,594.74
44310.5,18.57,10.84,0.7,0.03,7.76,594.26
44310.54,21.6,10.12,1.21,0.24,8.14,593.91
44310.58,22.28,9.56,1.73,0.29,6.01,593.23
44310.62,22.64,9.06,1.89,0.2,6.05,592.94
44310.67,23.47,10.18,2.11,0.32,4.97,592.29
44310.71,21.77,12.65,3.08,0.55,4.85,592.45
44310.75,15.77,12.21,3.06,0.59,5.01,592.95
44310.79,14.81,13.31,2.68,0.64,10,593.35
44310.83,15.41,13.91,2.35,0.61,10,594.27
44310.88,15.8,14.06,2.02,0.6,10,594.99
44310.92,15.09,13.82,1.77,0.61,10,595.52
44310.96,13.72,13.24,1.63,0.61,10,595.95
44311,13.04,12.75,1.5,0.7,10,596.04
44311.04,12.8,12.53,1.63,0.72,10,595.93
44311.08,12.79,12.41,1.5,0.73,10,595.69
44311.12,12.95,12.12,1.56,0.66,10,595.44
44311.17,12.01,11.44,1.58,0.62,10,595.2
44311.21,12.03,11.36,1.6,0.55,10,595.27
44311.25,11.52,10.93,1.71,0.58,10,595.44
44311.29,11.49,10.88,1.73,0.49,10,595.75
44311.33,11.72,10.18,1.69,0.43,10,596.09
44311.38,12.62,11.31,1.77,0.33,10,596.2
44311.42,14.05,11.75,1.73,0.32,10,596.51
44311.46,13.72,11.65,1.76,0.35,10,596.46
44311.5,12.96,11.3,1.74,0.33,10,596.17
44311.54,15.52,11.86,1.93,0.32,10,595.8
44311.58,15.13,11.43,2.06,0.35,10,595.02
44311.62,14.61,11.19,2.23,0.44,10,594.61
44311.67,14.4,11.31,2.5,0.52,10,594.05
44311.71,14.59,11.23,2.52,0.62,10,593.95
44311.75,11.13,9.51,2.51,0.72,10,594.61
44311.79,10.93,9.54,2.48,0.71,10,595.08
44311.83,11.15,10,2.32,0.8,10,596.33
44311.88,11.18,9.87,2.16,0.86,10,597.18
44311.92,10.25,9.45,2.16,0.9,10,597.88
44311.96,8.76,8.56,2.2,0.93,10,598.48
44312,9.06,8.55,1.96,1.09,10,598.54
44312.04,8.55,7.8,1.92,1.14,10,598.32
44312.08,8.58,7.75,1.83,1.19,10,598.3
44312.12,8.76,7.78,1.77,1.28,10,597.93
44312.17,8.61,7.21,1.73,1.51,10,597.42
44312.21,9.01,6.99,1.4,1.72,10,597.35
44312.25,10.28,7.25,0.92,2.15,9.98,597.25
44312.29,10.13,7,0.89,2.52,9.5,597.02
44312.33,10.63,7.19,0.9,2.73,7.61,597.28
44312.38,11.4,7.47,0.69,2.89,6.78,597
44312.42,16.42,7.06,0.29,2.59,6.68,597.16
44312.46,16.74,6.34,0.37,0.16,5.91,596.87
44312.5,17.09,6.39,0.75,2.92,6.41,596.29
44312.54,19.31,5.51,0.93,2.59,9.88,595.54
44312.58,19.73,6.04,1.1,2.9,9.96,594.86
44312.62,19.28,6.15,1.31,3.11,9.44,594.12
44312.67,18.7,7.13,1.84,0.23,8.1,593.75
44312.71,18.77,8.1,2.52,0.42,5.25,593.4
44312.75,15.37,8.99,3.22,0.62,5.75,592.8
44312.79,13.83,9.69,2.95,0.62,8.11,593.84
44312.83,14.11,10.39,2.41,0.53,10,594.67
44312.88,14.27,10.67,2.14,0.57,10,595.67
44312.92,13.65,10.92,1.97,0.77,10,596.25
44312.96,12.21,10.74,1.91,0.77,10,597.08
44313,11.94,11.05,1.88,0.79,10,597.26
44313.04,10.93,9.86,1.88,0.79,10,597.36
44313.08,10.8,9.72,2.13,0.81,10,597.58
44313.12,11.12,9.73,1.97,0.85,10,597.49
44313.17,9.92,8.74,1.86,0.87,9.95,597.58
44313.21,9.84,8.84,1.73,0.85,9.99,597.86
44313.25,9.33,7.8,1.44,0.69,9.92,597.79
44313.29,9.36,7.55,1.08,0.72,9.86,597.88
44313.33,9.69,7.41,0.87,0.64,9.71,598.29
44313.38,9.36,6.57,0.91,0.17,9.6,598.28
44313.42,13.31,6.09,0.75,2.51,9.33,598.45
44313.46,13.83,6.52,0.82,2.14,9.33,598.44
44313.5,14.26,6.65,0.8,2.06,8.71,598.01
44313.54,17.02,6.71,0.82,2.1,10,597.61
44313.58,17.19,6.63,0.98,2.06,10,596.59
44313.62,17.04,6.45,0.82,2,9.85,595.91
44313.67,17.85,6.64,0.7,2.33,9.96,595.45
44313.71,17.69,6.72,1.1,3.07,9.96,595.01
44313.75,16.15,6.81,1.72,0.25,9.61,594.41
44313.79,15.94,6.9,2.14,0.58,3.5,594.63
44313.83,14.4,7.9,2.03,0.62,4.7,595.62
44313.88,14.28,8.22,2.03,0.68,3.87,596.3
44313.92,13.63,8.55,1.51,0.74,4.51,597.38
44313.96,11.87,8.84,1.9,0.76,8.21,598.26
44314,11.04,8.86,1.73,0.83,10,598.48
44314.04,11.11,9.05,1.62,0.87,10,598.52
44314.08,11.49,9.13,1.74,1.01,10,598.5
44314.12,11.54,9.52,1.5,1.1,10,598.34
44314.17,10.75,9.17,1.16,1.13,10,598.27
44314.21,10.78,9.58,1.2,1.04,10,598.25
44314.25,9.98,9.52,1.3,0.98,10,598.43
44314.29,10.13,9.6,1.32,0.98,10,598.56
44314.33,10.42,9.82,1.27,0.92,10,599.51
44314.38,10.25,10.05,1.54,0.85,10,599.88
44314.42,11.24,9.97,1.49,0.91,10,600.45
44314.46,11.09,10.4,1.85,0.97,9.92,600.54
44314.5,10.52,9.63,1.79,0.92,9.49,600.55
44314.54,10.54,9.41,2.28,0.96,9.88,600.06
44314.58,10.59,9.38,2.09,1,9.89,599.81
44314.62,10.07,8.9,2.2,1.02,9.91,599.27
44314.67,10.01,8.56,2.55,1.05,9.89,599.07
44314.71,10.55,8.1,2.12,1.04,10,598.96
44314.75,9.45,7.18,1.3,1.36,10,599.35
44314.79,9.83,6.72,1.16,1.72,9.92,599.48
44314.83,10.15,7.05,0.34,1.44,10,600.07
44314.88,10.23,7.44,0.22,0.49,10,600.37
44314.92,10.13,7.38,0.68,0.8,9.96,600.68
44314.96,9.05,6.55,0.89,0.91,9.73,600.79
44315,9.26,6.14,1.46,0.82,10,600.65
44315.04,8.96,5.65,1.81,0.77,9.96,600.59
44315.08,8.94,5.63,1.71,0.79,9.95,600.17
44315.12,8.89,5.48,1.76,0.82,7.76,599.63
44315.17,8.26,5.03,1.92,0.91,7,599.16
44315.21,8.16,5.02,1.94,1,0.85,598.87
44315.25,8.98,5.61,2.13,0.9,1.43,598.78
44315.29,8,5.81,2.06,0.91,2.44,598.78
44315.33,8.82,6.4,1.72,0.86,0.32,598.94
44315.38,9.4,6.82,2.09,0.77,0.15,598.9
44315.42,15.26,7.25,2.18,0.68,0,598.96
44315.46,15.93,7.1,2.05,0.58,0,598.82
44315.5,16.54,7.24,1.85,0.53,0,598.56
44315.54,21.06,5.95,1.5,0.43,0.73,597.8
44315.58,21.4,3.62,1.38,0.32,2.6,597.15
44315.62,21.39,2.17,1.28,0.22,2.62,596.5
44315.67,23.11,-0.57,1.07,0.11,2.99,595.83
44315.71,23.05,-0.38,0.91,2.91,2.78,595.42
44315.75,19.76,1.21,0.14,2.78,1.32,594.92
44315.79,20.47,-2.38,0.38,2.77,2.7,595.12
44315.83,21.24,-3.2,0.27,2.22,1.8,595.25
44315.88,20.53,-3.27,0.43,1.21,1.5,595.3
44315.92,19.03,-1.92,1.03,0.51,2.94,595.87
44315.96,15.18,0.57,1.06,0.92,0.39,596.19
44316,14.91,0.31,1.3,1.05,0.29,596.13
44316.04,14.28,0.21,1.37,1.02,0.2,596.05
44316.08,13.96,0.33,1.47,1.01,1.99,595.81
44316.12,13.77,0.34,1.63,0.99,1.33,595.5
44316.17,12.45,1.43,1.78,0.94,4.8,595.06
44316.21,12.1,1.3,1.88,0.99,8.06,594.79
44316.25,13.23,1.32,2.04,0.98,4.1,594.69
44316.29,12.94,1.4,2.08,0.9,2.32,595.07
44316.33,12.9,3.4,1.73,0.8,1.86,595.43
44316.38,14.25,5.19,1.52,0.63,4.03,595.43
44316.42,22.25,4.11,1.7,0.42,3.99,595.77
44316.46,22.41,4.78,1.62,0.27,4.92,595.6
44316.5,22.25,5.6,1.25,0.06,7.74,595.22
44316.54,26.09,4.04,0.79,2.57,9.16,594.98
44316.58,25.9,4.62,0.69,1.45,9.24,594.5
44316.62,25.64,4.72,1.51,0.86,9.24,593.92
44316.67,24.92,4.22,2.3,0.88,9.34,593.96
44316.71,23.82,6.11,2.16,0.78,9.7,594.26
44316.75,18.7,9.46,2.35,0.96,9.55,594.37
44316.79,18.68,9.99,1,1.29,9.68,594.56
44316.83,18.98,10.01,1.01,1.55,9.99,595.2
44316.88,18.69,11.73,0.77,0.83,10,595.81
44316.92,18.39,11.72,0.63,2.46,9.92,596.26
44316.96,15.28,10.95,0.29,2.78,9.82,596.54
44317,15.03,11.1,0.22,2.06,9.75,596.79
44317.04,14.13,11.03,0.31,1.2,9.9,596.81
44317.08,14.31,11,0.27,1.35,9.81,596.38
44317.12,14.27,11.21,0.63,1.48,9.6,596.14
44317.17,13.01,10.8,0.97,1.32,9.48,595.74
44317.21,12.85,10.7,1.16,1.23,9.8,595.7
44317.25,14.41,11.07,1.22,1.49,9.8,595.65
44317.29,14.09,10.9,1.17,1.46,9.72,595.99
44317.33,13.75,10.74,1.11,1.14,9.37,596.37
44317.38,14.05,9.85,1.15,1.05,9.66,596.71
44317.42,20.61,9.68,1.21,0.99,9.77,596.67
44317.46,21.02,8.59,1.26,0.88,9.61,596.52
44317.5,21.64,8.03,1.13,0.96,9.45,596.18
44317.54,25.46,5.87,1.24,1.08,9.78,595.69
44317.58,25.95,4.75,1.38,1.35,9.95,594.9
44317.62,26.22,4.62,1.35,1.66,9.8,594.1
44317.67,25.53,5.08,1.49,1.99,8.61,593.33
44317.71,24.51,5.84,0.99,2.53,9.56,592.91
44317.75,22.23,4.4,0.66,2.48,9.87,593.18
44317.79,20.87,11.68,0.75,0.55,10,593.79
44317.83,21.8,7.66,0.8,0.53,9.77,594
44317.88,21.78,8.68,1.01,2.03,6.74,594.22
44317.92,20.66,9.78,1.42,1.89,6.75,594.72
44317.96,18.59,9.88,1.64,1.09,7.5,594.98
44318,18.31,9.54,1.79,0.88,8.2,594.94
44318.04,17.55,9.22,1.92,1.03,8.33,594.87
44318.08,17.26,8.59,2.07,1.03,3.48,594.35
44318.12,16.76,8.04,2.11,0.98,2.73,593.82
44318.17,16.38,7.43,1.84,1.01,3.02,593.47
44318.21,16.28,7.07,1.57,1.12,1.44,593.61
44318.25,16.1,7.98,1.69,1.22,0.6,594.11
44318.29,14.58,8.98,1.83,1.14,0.87,594.18
44318.33,15.64,9.66,1.49,0.92,0.86,594.25
44318.38,16.59,10.27,2.01,0.72,0.76,594.37
44318.42,22.51,9.41,2.28,0.61,1.21,594.24
44318.46,22.98,9.39,2.25,0.52,1.9,594.14
44318.5,23.06,9.19,2.21,0.44,4.13,593.73
44318.54,26.69,7.28,1.53,0.56,1.9,593.35
44318.58,26.44,7.43,1.19,0.78,2.8,592.42
44318.62,25.63,7.57,1.28,1.05,3.46,591.84
44318.67,25.51,6.98,1.42,1.18,4.76,590.92
44318.71,25.15,6.94,1.26,1.02,7.28,590.55
44318.75,22.01,6.16,0.62,0.93,4.3,590.82
44318.79,21.87,9.74,1.15,1.03,7.37,590.78
44318.83,21.41,10.11,1.99,0.78,7.19,591.66
44318.88,21.81,10.68,1.67,0.47,3.35,592.06
44318.92,20.27,11.3,1.35,0.65,4.71,592.09
44318.96,17.94,12.1,0.92,0.76,3.49,592.17
44319,17.39,12.65,0.88,0.64,3.34,592.12
44319.04,15.96,13.32,1.16,0.49,4.25,591.94
44319.08,16.47,13.93,1.37,0.64,8.71,591.54
44319.12,16.5,14.55,1.15,0.58,10,591.63
44319.17,15.51,14.44,1.05,0.82,10,591.5
44319.21,15.64,14.35,0.83,1.2,10,591.63
44319.25,16.36,14.28,0.7,1.76,9.82,591.97
44319.29,15.95,13.86,0.37,0.62,10,591.89
44319.33,15.13,13.51,0.56,1.16,10,592.34
44319.38,15.77,12.21,0.89,1.31,6.07,592.69
44319.42,19.51,12.22,0.92,1.48,3.78,592.76
44319.46,19.97,11.81,1.23,1.45,6.08,593.09
44319.5,19.83,12.16,1.51,1.16,6,592.9
44319.54,21.57,13.67,1.94,0.84,5.84,592.97
44319.58,18.82,13.27,1.98,0.72,7.16,592.58
44319.62,18.8,13.83,1.66,0.59,7.45,592.09
44319.67,20.2,13.31,1.66,0.7,5.05,591.9
44319.71,20.35,12.86,1.63,0.66,5.97,591.44
44319.75,18.01,12.72,2.01,1.02,3.57,592.05
44319.79,17.92,12.77,2.01,1.08,4.3,591.73
44319.83,17.92,13.44,1.43,1.11,5.07,592.47
44319.88,17.76,14.03,1.45,0.84,6.89,592.87
44319.92,17.13,14.49,1.07,0.81,9.17,593.78
44319.96,14.79,13.61,1.46,0.69,9.92,594.17
44320,14.8,13.12,1.23,0.54,9.92,594.47
44320.04,15.29,13.03,1.16,0.7,10,594.56
44320.08,14.88,13.02,1.26,0.84,10,594.53
44320.12,15.18,12.57,0.9,0.86,9.77,594.26
44320.17,14.7,12.99,0.57,0.48,9.85,594.44
44320.21,14.93,12.87,1.1,0.29,10,594.43
44320.25,13.95,12.46,1.72,0.49,9.92,595.17
44320.29,13.71,12.02,2.15,0.69,9.47,595.73
44320.33,13.21,11.22,1.93,0.71,9.09,596.29
44320.38,12.81,11.54,1.91,0.82,9.17,596.66
44320.42,13.85,11.96,1.9,0.92,7.5,597.11
44320.46,13.97,12.19,2.04,0.94,10,597.14
44320.5,13.92,12.19,1.78,0.79,10,597.29
44320.54,14.08,12.3,2.15,0.61,10,596.9
44320.58,12.69,11.36,2.1,0.57,10,596.63
44320.62,12.45,11.81,2.06,0.65,10,596.16
44320.67,11.24,11.24,2.05,0.56,10,595.77
44320.71,11.25,11.15,1.75,0.57,10,595.72
44320.75,11.43,11.21,1.76,0.32,10,595.45
44320.79,11.34,11.17,1.5,0.35,10,595.99
44320.83,11.52,11.18,1.35,0.28,10,596.19
44320.88,11.6,11.16,1.24,0.15,10,596.41
44320.92,11.61,10.93,1.12,0.2,10,597.12
44320.96,10.6,10.46,1.24,0.36,10,597.25
44321,10.6,10.44,1.22,0.34,10,597.53
44321.04,10.48,10.48,1.29,0.42,10,597.34
44321.08,10.49,10.46,1.3,0.53,10,597.06
44321.12,10.53,10.15,1.39,0.57,10,596.84
44321.17,10,9.95,1.4,0.66,10,596.62
44321.21,10.15,9.71,1.53,0.67,10,596.75
44321.25,10.11,9.83,1.47,0.74,10,597.08
44321.29,9.96,9.71,1.51,0.64,10,597.21
44321.33,9.83,9.5,1.6,0.7,10,597.28
44321.38,9.24,9.24,1.69,0.64,10,597.28
44321.42,11.25,10.61,1.6,0.6,10,597.55
44321.46,10.92,10.37,1.49,0.47,10,597.54
44321.5,10.83,9.36,1.39,0.39,10,597.27
44321.54,12.63,9.96,1.35,0.34,10,596.8
44321.58,12.41,9.86,1.26,0.39,10,596.01
44321.62,12.3,9.73,1.28,0.57,10,595.19
44321.67,12.56,10,1.66,0.53,10,594.49
44321.71,13.47,10.31,1.82,0.2,10,593.97
44321.75,11.28,10.26,1.81,0.39,10,593.85
44321.79,11.07,10.36,1.77,0.55,10,594.23
44321.83,11.21,10.21,1.71,0.58,10,594.74
44321.88,11.17,10.14,1.58,0.59,10,595.13
44321.92,11.05,10.39,1.48,0.56,10,595.55
44321.96,9.44,9.44,1.52,0.66,10,596.01
44322,9.57,9.57,1.44,0.74,10,596.42
44322.04,9.55,9.44,1.39,0.88,10,596.49
44322.08,9.71,9.37,1.34,0.82,10,596.27
44322.12,9.78,9.33,1.26,0.86,10,595.74
44322.17,9.04,8.72,1.22,0.73,10,595.55
44322.21,8.95,8.35,1.31,0.68,10,595.32
44322.25,8.92,8.19,1.43,1.05,10,595.98
44322.29,8.81,8.2,1.49,0.9,10,596.18
44322.33,8.3,7.79,1.33,0.82,10,596.52
44322.38,7.8,7.69,1.09,0.84,10,596.59
44322.42,11.93,9.04,0.91,0.67,10,596.98
44322.46,12.05,9.33,0.92,0.54,9.97,597.05
44322.5,12.07,9.55,1.16,0.62,9.99,596.79
44322.54,14.66,10.18,1.39,0.71,10,596.36
44322.58,14.97,10.27,1.66,0.83,10,595.91
44322.62,15.03,10.32,1.97,0.7,9.85,595.46
44322.67,15.31,10.64,1.91,0.54,10,594.9
44322.71,14.99,10.45,2.17,0.51,10,594.41
44322.75,13.79,10.12,2.31,0.63,8.8,594.92
44322.79,13.51,10.01,1.9,0.63,9.55,594.94
44322.83,13.93,10.02,1.52,0.51,9.77,596.11
44322.88,14.12,10.41,1.46,0.57,10,596.38
44322.92,13.81,10.7,1.43,0.53,10,597.02
44322.96,11.8,9.91,1.28,0.65,10,597.25
44323,11.98,10.07,1.12,0.77,10,597.4
44323.04,11.81,10,0.89,0.92,9.92,597.32
44323.08,11.94,10.01,0.53,1.15,9.99,596.99
44323.12,12.11,10.1,1,1.12,10,596.66
44323.17,12.01,10.24,1.22,1.08,9.99,596.58
44323.21,12.07,10.33,1.25,1.02,10,596.37
44323.25,11.87,9.87,1.42,1.18,9.9,597.24
44323.29,11.73,9.77,1.54,1.05,10,597.51
44323.33,11.38,9.47,1.7,0.95,10,597.72
44323.38,10.92,8.95,1.6,0.82,10,598.11
44323.42,13.13,9.53,1.43,0.82,10,598.41
44323.46,12.53,9.44,1.25,0.96,10,598.33
44323.5,12.54,9.42,1.12,1.14,10,598.06
44323.54,14.26,9.76,1.16,1.15,10,597.7
44323.58,13.79,9.58,1.06,1.19,10,596.92
44323.62,13.97,9.66,1.24,1.31,10,596.3
44323.67,14.08,9.24,1.28,1.28,10,595.7
44323.71,14.02,9.12,1.23,1.04,10,595.03
44323.75,12.68,9.73,1.26,1.16,9.84,595.47
44323.79,13.2,9.72,0.74,1,7.87,595.48
44323.83,13.9,9.98,0.65,2.87,5.49,595.77
44323.88,13.59,9.91,0.53,1.59,2.43,595.84
44323.92,13.25,10.14,0.51,1.44,1.17,596.04
44323.96,11.27,9.81,0.28,1.65,1.5,596.27
44324,11.22,9.92,0.18,1.55,3.13,596.31
44324.04,11.18,10,0.19,2.15,4.8,596.27
44324.08,11.23,10.04,0.25,1.88,4.93,595.74
44324.12,11.54,10.16,0.26,1.35,5.04,595.65
44324.17,11.44,10.23,0.35,1.23,8.75,595.01
44324.21,11.67,10.29,0.37,1.36,9.2,595.11
44324.25,11.56,10.09,0.34,1.14,9.46,595.49
44324.29,11.05,10.09,0.53,1.36,9.61,595.77
44324.33,12.27,10.24,0.63,1.24,6.38,595.86
44324.38,12.9,10.07,0.63,0.78,1.4,596.14
44324.42,18.46,10.84,0.61,0.37,1.53,596.24
44324.46,18.81,11.01,0.47,3.01,4.05,596.11
44324.5,19.04,11.89,0.36,1.78,4.56,595.88
44324.54,21.94,11.87,0.49,1.08,3.35,595.64
44324.58,21.99,12.31,0.75,0.8,3.87,595.12
44324.62,22.33,12.51,0.83,1.02,5.46,594.68
44324.67,21.31,13.13,1.3,0.26,8.37,593.92
44324.71,19.04,12.89,0.87,0.4,6.87,593.54
44324.75,19.2,11.27,1.24,0.91,8.92,593.74
44324.79,19.18,11.33,0.46,2.56,8,594.29
44324.83,19.17,11.71,0.62,2.11,6.57,594.26
44324.88,19.65,11.64,0.88,2,3.93,594.4
44324.92,19,12.12,0.88,1.65,4.2,594.72
44324.96,14.85,11.65,0.95,1.19,2.19,594.58
44325,14.82,11.76,1.17,1.16,3.4,594.48
44325.04,14.49,11.92,1.25,1.29,2.54,594.32
44325.08,14.33,11.86,1.34,1.32,3.68,593.78
44325.12,14.08,11.83,1.37,1.36,2.56,593.44
44325.17,13.13,11.73,1.35,1.36,4.12,592.97
44325.21,12.96,11.67,1.31,1.34,3.03,592.92
44325.25,13.89,12.01,1.47,1.35,4.94,593.29
44325.29,12.52,11.32,1.5,1.4,8.28,593.39
44325.33,14.27,12.18,1.2,1.31,8.81,593.45
44325.38,15.33,12.38,1.39,1.18,9.22,593.72
44325.42,20.87,12.48,1.38,1.15,4.32,593.61
44325.46,21.17,11.91,1.53,1,2.19,593.43
44325.5,21.16,11.54,1.4,0.98,3.22,592.96
44325.54,24.54,11.17,1.14,1.11,3.75,592.5
44325.58,24.12,10.9,1.05,1.29,3.71,591.63
44325.62,23.49,10.76,1.01,1.66,4.47,590.99
44325.67,23.79,10.79,1.17,3.08,7.9,590.31
44325.71,23.06,11.89,0.4,1.23,8.48,589.96
44325.75,19.18,12.26,1.91,1,8.32,590.19
44325.79,19.04,13.26,1.59,0.64,7.74,590.4
44325.83,19.32,14.75,1.47,0.39,7.41,590.69
44325.88,19.34,15.07,1.09,0.11,4.24,590.91
44325.92,18.23,14.59,1.18,0,2.18,590.85
44325.96,15.27,13.65,1.17,0.29,5.31,590.93
44326,14.83,13.8,0.96,0.22,10,591.24
44326.04,14.43,13.94,0.51,0.07,10,590.96
44326.08,13.99,13.25,0.28,1.8,10,590.48
44326.12,13.33,12.43,0.55,1.14,8.94,589.96
44326.17,11.78,10.81,0.66,0.94,6.25,589.65
44326.21,11.13,10.32,0.44,1.83,6.29,589.5
44326.25,15.69,14.61,0.1,1.83,5.31,589.98
44326.29,15.04,14.68,0.34,1.48,10,590.39
44326.33,15.01,12.6,0.53,0.97,9.09,590.57
44326.38,14.84,12.32,0.76,0.77,2.03,590.94
44326.42,19.61,13.02,1.12,0.64,2.5,590.93
44326.46,20.32,11.45,1.22,0.46,2.88,591.03
44326.5,20.74,10.01,1.14,0.11,2.3,590.98
44326.54,23.14,7.93,1.27,0.2,2.32,590.73
44326.58,23.45,7.92,1.2,0.38,5.27,590.11
44326.62,23.91,7.34,0.6,0.19,8.05,589.48
44326.67,23.25,7.07,0.64,1.17,7.13,589.07
44326.71,22.69,9.58,1.64,0.86,5.57,588.85
44326.75,19.06,11.56,2.4,0.62,6.82,589.27
44326.79,18.4,13.95,2.65,0.72,7.06,589.49
44326.83,17.89,15.01,2.17,0.73,9.7,590.45
44326.88,18.31,15.29,1.9,0.73,10,590.83
44326.92,17.97,15.78,1.67,0.81,10,591.22
44326.96,15.07,14.02,1.57,0.83,10,591.68
44327,15.32,14.16,1.52,0.83,10,592.03
44327.04,15.19,13.46,1.39,0.91,10,592.05
44327.08,15.03,13.59,1.29,0.91,10,591.77
44327.12,15.31,13.56,1.21,0.94,10,591.64
44327.17,14.75,13.05,1.19,0.95,10,591.75
44327.21,14.95,13.3,1.2,1.07,10,591.55
44327.25,15.17,13.87,1.01,1.19,10,592.33
44327.29,15.04,13.65,0.98,1.19,10,592.57
44327.33,14.38,13.28,1.22,0.95,10,593.18
44327.38,13.21,12.8,1.41,0.81,10,593.54
44327.42,16.66,14.26,1.44,0.83,10,594.03
44327.46,14.92,11.89,1.39,0.8,9.02,594.21
44327.5,15.79,12.1,1.73,0.81,9.69,594.25
44327.54,18.03,12.22,2.1,0.77,8.29,593.65
44327.58,18.17,11.64,2.3,0.68,5.05,593.19
44327.62,18.14,11.16,2.44,0.53,7.18,592.4
44327.67,19.13,10.98,2.3,0.7,6.2,592.24
44327.71,18.96,10.73,1.68,0.47,6.32,592.16
44327.75,16.73,10.66,1.76,0.53,7.14,592.19
44327.79,16.6,10.75,1.75,0.66,5.22,591.85
44327.83,16.46,11.03,1.7,0.6,7.25,592.41
44327.88,16.56,12.08,1.76,0.57,6.85,592.78
44327.92,16.26,12.18,1.34,0.59,7.96,593.09
44327.96,14.23,11.81,0.96,0.74,6.44,593.59
44328,14.55,11.96,1.12,0.74,6.28,593.53
44328.04,14.4,11.83,0.72,0.66,5.49,593.48
44328.08,14.64,11.83,0.81,0.36,5.3,592.93
44328.12,14.81,12.08,0.72,0.45,3.53,592.39
44328.17,13.84,11.8,0.74,0.56,6.38,592.16
44328.21,13.99,11.72,0.8,0.83,9.63,591.93
44328.25,14.06,12.03,1.34,0.77,10,592.24
44328.29,13.9,11.85,1.23,0.47,10,592.44
44328.33,13.75,11.63,1.16,0.21,10,592.72
44328.38,13.51,11.54,1.05,0,10,592.81
44328.42,17.22,12.65,0.91,2.92,9.85,592.96
44328.46,16.86,12.65,0.81,2.1,9.72,592.7
44328.5,16.91,12.25,0.94,1.52,10,592.37
44328.54,20.4,12.13,0.84,1.35,9.92,591.86
44328.58,20.63,11.4,0.79,0.89,9.84,591.23
44328.62,21.23,10.94,0.59,0.67,9.36,590.87
44328.67,21.25,10.31,0.87,0.79,9.76,590.46
44328.71,21.32,10.87,1.66,0.64,9.92,589.94
44328.75,18.11,11.62,2.12,0.76,10,590.62
44328.79,17.62,12.65,1.95,0.64,10,590.46
44328.83,17.18,13.77,1.34,0.48,10,590.85
44328.88,16.87,14.04,1.72,0.59,9.98,590.88
44328.92,16.24,14.4,1.41,0.63,10,591.09
44328.96,14.49,13.8,1.23,0.72,10,591.67
44329,14.83,13.94,1.05,0.79,10,591.68
44329.04,14.76,13.89,0.9,0.78,10,591.56
44329.08,14.93,14.04,0.75,0.74,10,591.15
44329.12,15.05,14.01,0.67,0.44,10,590.79
44329.17,14.39,13.78,0.48,0.24,10,590.37
44329.21,14.51,13.79,0.38,2.77,9.62,590.41
44329.25,15.09,13.49,0.37,0.93,9.07,590.7
44329.29,14.99,13.3,0.14,0.56,8.5,590.85
44329.33,14.87,12.81,0.6,1.4,3.37,590.97
44329.38,15.62,12.33,0.75,1.4,3.43,591.25
44329.42,19.84,11.96,1.05,0.91,4.85,591.3
44329.46,20.56,11.29,1.41,0.74,6.51,591.2
44329.5,20.81,10.91,1.55,0.59,8.51,590.65
44329.54,23.85,9.96,1.47,0.65,8.73,590.31
44329.58,23.79,9.46,1.36,0.69,9.5,589.7
44329.62,23.54,9.44,0.81,0.65,9.64,589.12
44329.67,23.86,9.33,1.06,0.83,7.64,588.7
44329.71,23.35,9.59,0.31,1.07,3.71,588.25
44329.75,20.94,9.32,0.93,1.06,3.28,588.36
44329.79,20.56,9.79,1.63,0.57,3.32,588.42
44329.83,20.44,10.26,1.67,0.62,3.56,588.94
44329.88,19.07,12.41,1.92,0.64,5.92,589.41
44329.92,18.77,14.44,1.05,0.5,7.35,589.49
44329.96,16.04,14.51,1.23,0.25,8.64,589.86
44330,16.17,15.02,1.04,0.15,9.09,589.68
44330.04,15.9,14.92,0.62,2.64,8.87,589.35
44330.08,16.16,15.36,0.59,2.41,6.73,588.77
44330.12,15.97,15.59,0.86,2.45,4.1,588.28
44330.17,15.48,15.47,0.86,1.89,10,588.01
44330.21,15.15,15.14,0.85,1.51,10,587.81
44330.25,14.96,14.36,0.97,1.58,10,588.51
44330.29,14.01,13.28,1.2,1.28,10,588.48
44330.33,13.76,13.26,1.28,1.19,10,588.62
44330.38,15.35,12.05,1.24,1.01,2.44,588.77
44330.42,21.33,10.3,1.76,0.86,0.87,588.63
44330.46,21.97,10.27,2.06,0.85,0.29,588.59
44330.5,22.41,10.33,2.51,0.74,0.56,588.49
44330.54,25.8,9.29,3.23,0.66,2.96,588.19
44330.58,26.17,8.75,3.56,0.58,4.39,587.76
44330.62,26.64,8.52,3.58,0.65,1.64,587.19
44330.67,25.7,8.4,3.51,0.71,2.46,587
44330.71,25.49,8.05,3.38,0.65,3.19,586.63
44330.75,23.89,7.88,2.03,0.53,7.32,587.3
44330.79,23.3,11.01,0.62,1.01,7.79,587.39
44330.83,23.52,8.13,1.52,0.9,2.86,588.05
44330.88,24.31,7.21,1.47,1.06,1.77,588.44
44330.92,23.26,7.66,1.42,1.11,0.74,588.84
44330.96,20.49,7.93,1.47,1.1,0.86,589.27
44331,19.99,8.89,1.51,1.01,0.7,589.32
44331.04,19.03,9.44,1.37,0.99,0.66,588.92
44331.08,18.89,9.47,1.38,0.88,0.7,588.6
44331.12,18.76,9.68,1.4,0.79,0.57,588.45
44331.17,17.93,9.32,1.33,0.73,0.49,588.46
44331.21,18.13,9.29,1.3,0.73,0.49,588.47
44331.25,17.36,8.42,1.3,0.96,0.51,589.31
44331.29,16.96,10.73,1.67,0.9,0.49,589.78
44331.33,18.46,10.49,1.35,0.87,0.4,590.04
44331.38,19.76,10.73,1.84,0.73,0.29,590.24
44331.42,23.22,10.37,1.73,0.63,0.16,590.41
44331.46,23.06,10.81,1.64,0.6,0.27,590.52
44331.5,23.14,10.81,1.84,0.58,1.08,590.32
44331.54,25.15,8.71,1.64,0.39,2.43,590.23
44331.58,24.37,9.49,1.4,0.15,4.97,590.07
44331.62,23.36,9.51,0.67,3.02,8.36,589.72
44331.67,22.62,11.15,1.09,1.3,7.26,589.45
44331.71,21.01,12.96,1.69,0.97,7.56,589.56
44331.75,18.24,13.45,2.08,0.72,5.99,589.76
44331.79,17.05,14.45,2.99,0.66,6.22,589.91
44331.83,15.6,15.11,2.52,0.67,10,590.42
44331.88,14.73,14.4,2.68,0.69,10,591.13
44331.92,14.51,13.32,2.54,0.72,10,592.01
44331.96,12.33,11.96,2.26,0.74,10,592.85
44332,12.29,11.87,2.18,0.79,10,593.41
44332.04,11.79,11.44,1.86,0.88,10,593.53
44332.08,11.84,11.43,1.88,0.94,10,593.59
44332.12,11.94,11.5,1.94,0.99,10,593.73
44332.17,11.16,10.61,1.84,1.1,10,593.86
44332.21,11.22,10.1,1.98,1.15,9.98,594.15
44332.25,11.24,10.27,1.61,1.16,10,594.13
44332.29,11.14,9.63,1.53,1.14,9.96,594.67
44332.33,10.88,8.91,1.62,1.15,9.9,595.28
44332.38,10.4,8.24,1.68,1.1,9.72,595.64
44332.42,13.81,8.38,1.94,1,9.59,595.76
44332.46,13.52,7.77,1.99,0.92,10,595.77
44332.5,13.78,7.72,1.84,0.86,10,595.67
44332.54,16.67,8.51,1.69,0.83,10,595.34
44332.58,16.99,8.59,1.73,0.55,10,595.16
44332.62,16.92,8.62,1.84,0.3,10,594.82
44332.67,17.98,8.88,1.87,0.25,10,594.4
44332.71,17.99,8.95,2,0.43,10,593.98
44332.75,14.58,8.96,2,0.33,10,593.52
44332.79,14.72,8.36,2.11,0.57,7.5,593.57
44332.83,14.97,9.32,1.99,0.7,3.88,594.12
44332.88,15.08,9.32,1.89,0.6,3.75,594.65
44332.92,14.97,9.64,1.61,0.6,6.92,595.13
44332.96,13.08,9.06,1.68,0.56,9.45,595.73
44333,13.44,8.79,1.62,0.58,10,595.78
44333.04,12.79,8.74,1.48,0.62,10,595.85
44333.08,12.78,8.74,1.4,0.63,10,595.37
44333.12,13,8.38,1.39,0.7,10,595.38
44333.17,11.99,7.54,1.41,0.74,10,595.14
44333.21,11.98,7.4,1.43,0.76,9.98,595.24
44333.25,11.49,7.05,1.51,0.71,10,595.73
44333.29,11.28,6.71,1.71,0.76,10,595.96
44333.33,11.09,6.18,1.79,0.79,9.91,596.29
44333.38,10.73,5.68,1.63,0.8,9.9,596.51
44333.42,13.02,5.68,1.63,0.68,9.97,596.63
44333.46,12.82,5.75,1.63,0.62,9.82,596.73
44333.5,12.66,5.83,1.37,0.65,9.8,596.59
44333.54,15.56,7.12,1.07,0.55,9.92,596.22
44333.58,15.94,7.5,0.92,0.38,10,595.58
44333.62,16.7,7.95,1.09,0.22,9.6,594.85
44333.67,17.6,8.8,1.36,0.15,10,594.34
44333.71,17.74,8.72,1.65,0.28,10,593.79
44333.75,15.11,8.26,2.09,0.33,9.71,593.7
44333.79,14.58,8.48,2.34,0.57,4.16,593.72
44333.83,14,9.08,1.73,0.54,3.73,594.05
44333.88,14.1,9.47,1.53,0.59,3.35,594.33
44333.92,13.45,9.85,1.64,0.54,6.82,595.07
44333.96,11.35,9.32,1.54,0.53,10,595.47
44334,11.69,9.27,1.64,0.53,10,595.3
44334.04,11.63,9.35,1.58,0.65,10,595.25
44334.08,11.92,9.43,1.58,0.72,10,595.06
44334.12,11.84,9.4,1.56,0.7,10,594.67
44334.17,11.12,9.16,1.55,0.74,10,594.54
44334.21,11.04,9.13,1.49,0.74,10,594.56
44334.25,11.86,9.92,1.67,0.76,10,595.08
44334.29,11.71,9.77,1.6,0.65,10,595.32
44334.33,11.27,9.6,1.12,0.61,10,595.08
44334.38,11.11,9.54,0.92,0.35,10,595.24
44334.42,13.66,10.21,0.98,0.16,10,594.85
44334.46,13.67,10.08,0.84,0.11,10,594.71
44334.5,13.25,10.07,0.75,3.03,10,594.41
44334.54,16.62,11.01,0.67,2.46,10,593.89
44334.58,16.86,11.02,0.58,2.42,9.85,593.22
44334.62,16.84,10.95,0.84,2.69,10,592.37
44334.67,16.77,11.13,1.84,0.38,9.17,591.78
44334.71,17.11,11.35,2.59,0.59,7.5,591.23
44334.75,15.73,11.3,2.37,0.43,8.03,591.34
44334.79,14.87,11.37,2.26,0.29,10,591.27
44334.83,14.82,11.77,2.21,0.53,10,591.76
44334.88,14.67,12,2.03,0.54,10,592.41
44334.92,14.73,12.01,1.92,0.56,10,592.72
44334.96,13.04,11.54,1.79,0.65,10,592.78
44335,13.15,11.72,1.63,0.73,10,592.71
44335.04,12.89,11.91,1.62,0.76,10,592.39
44335.08,12.77,12.13,1.7,0.88,10,592.44
44335.12,12.76,12.28,1.55,0.83,10,592.12
44335.17,11.86,11.86,1.56,0.86,10,591.97
44335.21,11.95,11.95,1.53,0.88,10,592.17
44335.25,12.55,11.34,1.68,0.87,10,592.91
44335.29,12.56,11.22,1.63,0.79,10,593.5
44335.33,12.08,10.96,1.78,0.89,10,593.73
44335.38,11.83,10.8,1.74,0.95,10,593.81
44335.42,14.41,11.71,1.41,0.78,10,594.19
44335.46,15.57,11.56,1.24,0.54,10,594.3
44335.5,15.75,11.55,1.24,0.54,10,594.29
44335.54,16.67,11.71,1.35,0.56,10,593.92
44335.58,16.15,11.56,1.52,0.57,10,593.41
44335.62,15.99,11.57,1.62,0.47,10,593.13
44335.67,14.96,11.24,1.84,0.51,10,592.72
44335.71,15.41,11.28,1.91,0.73,10,592.45
44335.75,13.75,11.4,1.94,0.77,10,592.79
44335.79,13.96,11.05,1.35,0.6,9.75,593
44335.83,14.1,11.36,0.94,0.44,9.47,593.13
44335.88,14.2,11.53,0.8,0.65,10,593.51
44335.92,14.26,11.74,1.31,0.64,10,594.01
44335.96,13.12,11.77,1.19,0.7,10,594.3
44336,13.16,11.87,1.06,0.67,10,594.22
44336.04,12.81,11.93,1.1,0.62,10,593.79
44336.08,12.96,12.05,1.46,0.82,10,593.66
44336.12,13.05,12.07,1.33,0.78,10,593.35
44336.17,12.57,12.22,1.42,0.69,10,593.15
44336.21,12.65,12.23,1.22,0.66,10,593.12
44336.25,12.95,12.08,1.52,0.69,10,593.8
44336.29,12.83,12.01,1.51,0.61,10,593.87
44336.33,12.6,11.69,1.47,0.6,10,594.28
44336.38,12.32,11.34,1.32,0.5,10,594.17
44336.42,14.73,11.79,1.29,0.67,10,594.29
44336.46,14.53,11.55,1.6,0.72,10,594.24
44336.5,14.06,11.55,1.6,0.72,10,594.07
44336.54,15.8,11.81,1.58,0.73,10,593.7
44336.58,15.87,11.65,1.5,0.57,10,593.2
44336.62,15.67,11.54,1.32,0.26,10,592.62
44336.67,15.94,11.51,1.33,0.37,10,592.26
44336.71,15.52,11.52,1.55,0.52,10,592.15
44336.75,14.13,11.11,1.62,0.45,10,592.42
44336.79,14.27,10.91,1.72,0.32,10,592.22
44336.83,14.32,11.25,1.43,0.56,10,592.48
44336.88,14.45,11.52,1.41,0.72,10,593.05
44336.92,14.34,11.75,1.52,0.65,10,593.07
44336.96,12.47,11.37,1.51,0.75,10,593.29
44337,12.67,11.56,1.42,0.76,10,593.28
44337.04,12.75,11.77,1.24,0.74,10,592.9
44337.08,12.93,11.88,1.19,0.8,10,592.45
44337.12,12.94,11.94,1.06,0.89,10,592.11
44337.17,12.5,11.82,0.99,1.02,10,591.76
44337.21,12.54,11.71,0.95,1.1,10,591.72
44337.25,13.45,11.97,0.78,1.25,10,592.43
44337.29,13.34,11.85,0.53,1.15,10,591.7
44337.33,13.02,11.43,0.48,1.71,10,592.12
44337.38,12.77,11.4,0.45,1.26,10,591.93
44337.42,16.25,12.77,0.57,0.47,10,591.96
44337.46,16.78,12.9,0.68,3.02,10,592
44337.5,17.57,13.11,0.78,2.71,9.92,591.79
44337.54,20.8,13.82,0.55,2.63,10,591.47
44337.58,20.66,13.61,0.37,2.68,9.62,590.73
44337.62,21.56,14.27,1.53,0.61,8.52,590.01
44337.67,20.91,14.83,2.57,0.51,8.52,589.42
44337.71,19.53,15.07,2.89,0.47,7.82,589.56
44337.75,16.2,14,2.78,0.56,8.11,590.03
44337.79,15.62,13.77,2.35,0.65,10,590.27
44337.83,15.61,13.81,2.07,0.7,10,590.92
44337.88,15.65,13.79,2.07,0.74,10,591.31
44337.92,15.07,13.58,1.8,0.78,10,592.04
44337.96,12.62,12.37,1.55,0.73,10,592.36
44338,12.57,12.35,1.41,0.69,10,592.38
44338.04,12.4,12.22,1.44,0.76,10,592.19
44338.08,12.6,12.43,1.33,0.74,10,591.95
44338.12,12.91,12.57,1.29,0.78,10,591.6
44338.17,12.65,12.39,1.17,0.94,10,591.45
44338.21,12.85,12.47,1.05,1.05,10,591.46
44338.25,13.23,12.48,1.33,0.8,10,591.68
44338.29,13.2,12.33,1.19,0.63,10,591.66
44338.33,13.4,12.08,1.12,0.41,10,592.11
44338.38,13.28,11.96,1.06,0.32,10,592.02
44338.42,16.8,13.25,1.02,0.32,10,592.07
44338.46,16.41,13.28,0.85,0.28,10,591.94
44338.5,16.95,13.43,0.77,0.29,10,591.68
44338.54,19.87,14.41,0.43,2.87,10,591.35
44338.58,20.54,14.26,0.68,2.51,9.92,590.86
44338.62,21.05,14.3,0.8,3.06,4.85,590.27
44338.67,20.15,14.86,1.63,0.65,5.35,589.87
44338.71,19.52,15.13,2.8,0.62,5.27,589.65
44338.75,17.24,14.38,3.03,0.57,7.96,590.12
44338.79,16.07,14.34,2.56,0.59,10,590.06
44338.83,15.9,14.6,2.28,0.69,10,591.19
44338.88,15.71,14.65,2.11,0.71,10,591.75
44338.92,15.42,14.43,2.02,0.8,10,592.62
44338.96,12.98,12.98,1.92,0.82,10,593.35
44339,13.05,13.05,1.62,0.86,10,593.82
44339.04,13.01,13.01,1.7,1.05,10,593.8
44339.08,13.46,13.28,1.8,1.05,10,593.61
44339.12,13.69,13.35,1.68,0.98,10,593.65
44339.17,13.03,12.55,1.63,0.9,10,593.64
44339.21,13.2,13.2,1.7,0.87,10,594.15
44339.25,13.48,13.29,1.92,0.86,10,594.9
44339.29,13.47,13.16,2.33,0.89,10,595.35
44339.33,12.47,11.83,2.19,0.86,10,595.89
44339.38,12.03,11.88,1.98,0.91,10,596.33
44339.42,12.93,11.87,1.69,1.02,10,596.66
44339.46,12.63,11.54,1.77,1.06,10,597.12
44339.5,12.46,11.25,2.08,1.06,10,597.15
44339.54,14.12,10.56,2.1,1.08,10,597.22
44339.58,14.5,10.45,2.2,1.04,10,596.66
44339.62,14.63,10.28,2.13,1.01,10,596.48
44339.67,15.68,10.93,2.14,0.98,9.73,596
44339.71,15.24,10.94,2.07,0.89,9.82,595.83
44339.75,13.2,10.55,2.15,0.78,9.61,596.24
44339.79,13.35,10.71,2.01,0.8,9.73,595.74
44339.83,13.81,11.02,1.7,0.74,9.57,596.5
44339.88,13.87,11.19,1.63,0.78,9.8,597.15
44339.92,13.37,11.36,1.56,0.81,9.79,597.81
44339.96,11.39,10.23,1.4,0.79,9.9,598.12
44340,11.47,10.32,1.35,0.88,9.96,598.4
44340.04,11.09,10,1.27,0.96,10,598.28
44340.08,11.21,10.03,1.19,0.93,10,598.07
44340.12,11.13,9.95,1.22,0.96,9.98,597.88
44340.17,10.62,9.67,1.18,0.98,10,597.8
44340.21,10.57,9.66,1.14,1.02,10,597.63
44340.25,10.11,9.29,1.13,1.15,9.77,597.98
44340.29,10.14,9,1.07,1.05,9.74,598.2
44340.33,10.02,8.73,1.11,0.83,8.85,598.35
44340.38,10.03,8.27,1.24,0.7,9.23,598.45
44340.42,11.82,7.68,1.14,0.62,9.17,598.56
44340.46,12.79,7.68,1,0.49,9.53,598.56
44340.5,13.55,7.95,1.04,0.48,9.73,598.06
44340.54,16.14,8.46,0.89,0.47,9.96,597.75
44340.58,16.28,8.56,0.75,0.49,10,597.13
44340.62,16.24,8.55,0.85,0.3,10,596.53
44340.67,17.25,9.27,0.95,0.32,10,595.92
44340.71,17.01,9.27,1.3,0.39,10,595.14
44340.75,15.55,9.01,1.65,0.65,9.9,595.5
44340.79,14.96,8.76,1.98,0.68,9.39,595.3
44340.83,14.77,9.06,1.68,0.73,9.65,595.98
44340.88,14.33,9.04,1.6,0.63,9.77,596.41
44340.92,14.01,9.46,1.49,0.65,9.74,596.54
44340.96,13.19,9.8,1.47,0.7,9.9,596.85
44341,13.06,9.81,1.4,0.69,9.94,596.63
44341.04,12.67,9.87,1.41,0.82,10,596.7
44341.08,12.53,9.91,1.32,0.82,10,596.24
44341.12,12.42,9.93,1.21,0.8,10,596.15
44341.17,12.03,10.22,1.01,0.56,10,595.82
44341.21,11.98,10.16,0.86,0.37,10,595.4
44341.25,12.02,9.99,0.56,0.29,10,595.3
44341.29,12.16,9.93,0.72,0.53,10,595.38
44341.33,11.98,9.98,0.93,0.6,10,595.57
44341.38,11.7,9.75,1.11,0.64,10,595.49
44341.42,13.35,10.52,1.13,0.52,10,595.37
44341.46,13.34,10.43,1.02,0.23,9.9,595.19
44341.5,13.7,10.62,0.8,2.97,10,594.87
44341.54,16.87,11.42,0.73,2.27,10,594.29
44341.58,16.35,11.61,1.07,1.52,10,593.41
44341.62,17.22,12.03,1.07,1.32,10,592.65
44341.67,20.11,13.24,1.19,1.2,9.92,591.81
44341.71,20.61,13.3,0.55,1.58,9.17,591.01
44341.75,18.77,12.87,1.44,0.33,6.44,590.5
44341.79,17.88,12.59,2.27,0.49,3.49,590.78
44341.83,16.65,12.43,1.76,0.61,5.97,591.24
44341.88,14.93,12,2.31,0.68,8.79,591.95
44341.92,13.93,11.76,2,0.69,10,592.59
44341.96,11.86,10.97,1.86,0.72,10,593.04
44342,11.78,10.98,1.89,0.68,10,593.32
44342.04,11.58,10.94,1.73,0.67,10,593.26
44342.08,11.74,10.89,1.59,0.67,10,592.91
44342.12,11.93,10.86,1.61,0.72,10,592.64
44342.17,11.07,10.13,1.86,0.79,10,592.44
44342.21,11.18,10.11,1.85,0.79,10,592.41
44342.25,11.81,9.77,1.93,0.75,10,593.28
44342.29,11.47,9.44,2.11,0.82,10,593.63
44342.33,10.68,9.27,2.1,0.86,9.98,594.17
44342.38,10.18,8.81,2.15,0.92,10,594.72
44342.42,11.85,9.21,2.14,1,10,595.34
44342.46,11.87,9.13,2.19,1.07,10,595.8
44342.5,12.49,9.29,2.19,1.08,9.91,596.25
44342.54,13.81,9.52,2.23,1.18,9.85,596.2
44342.58,14.16,9.75,2.07,1.36,9.9,595.91
44342.62,14.54,9.76,2.05,1.44,9.65,595.74
44342.67,14.9,9.42,1.81,1.47,10,595.44
44342.71,15.24,8.87,1.88,1.35,9.75,594.92
44342.75,13.87,7.11,1.81,0.98,10,595.57
44342.79,14.76,7.35,1.67,1.1,10,595.54
44342.83,15.64,7.99,1.03,1.12,9.98,595.89
44342.88,16.2,8.47,1.19,1.22,10,596.28
44342.92,16.08,9.1,1,1.23,10,597.06
44342.96,14.44,8.37,0.72,1.14,10,597.16
44343,14.53,8.42,0.43,1.83,10,597.24
44343.04,14.26,8.53,0.21,2.12,10,596.94
44343.08,14.19,9.39,0.25,0.35,10,596.41
44343.12,14.24,10.02,0.13,0.89,9.98,595.95
44343.17,13.69,10.05,0.4,0.83,9.53,595.58
44343.21,13.62,9.18,0.28,1.86,9.07,595.44
44343.25,13.31,10.02,0.42,0.94,9.32,595.75
44343.29,13.1,10.91,0.47,1.38,9.77,596.33
44343.33,13.84,9.39,0.41,1.52,9.9,596.35
44343.38,14.35,6.03,0.73,1.24,9.47,596.36
44343.42,18.13,4.53,0.88,1.17,8.53,596.38
44343.46,17.93,5.18,0.77,1.34,8.69,596.06
44343.5,18.27,6.2,0.51,1.48,9.13,595.96
44343.54,21.07,6.79,0.18,2.05,8.93,595.46
44343.58,21.03,7.19,0.08,1.55,8.35,594.68
44343.62,21.25,7.71,0.11,1.85,9.03,594.19
44343.67,22.87,8.72,0.47,0.9,9.28,593.72
44343.71,23.26,8.91,1.04,0.97,9.48,593.37
44343.75,20.14,8.7,2.19,1.03,6.27,593.2
44343.79,19.25,8.6,2.49,0.78,4.63,593.41
44343.83,18.66,9.22,2.25,0.66,5.75,594.14
44343.88,18.32,9.72,1.76,0.61,6.55,594.54
44343.92,17.58,9.82,1.65,0.62,10,595.25
44343.96,15.27,10.06,1.58,0.63,10,595.35
44344,15.4,9.88,1.52,0.68,10,595.59
44344.04,14.92,9.86,1.36,0.67,9.94,595.43
44344.08,14.74,9.86,1.17,0.75,9.9,595.25
44344.12,14.81,9.97,1.08,0.85,10,595.01
44344.17,13.59,10.07,1.06,0.94,10,595.03
44344.21,13.58,10.07,1.1,1.02,10,594.98
44344.25,13.71,10.55,1.51,0.91,10,595.68
44344.29,13.43,10.72,1.34,0.73,10,596.05
44344.33,12.94,10.78,1.18,0.83,10,596.23
44344.38,12.69,10.71,0.84,0.63,9.74,596.06
44344.42,15.35,11.44,0.5,0.25,9.82,596.19
44344.46,15.25,11.37,0.37,0.6,9.67,596.05
44344.5,15.32,11.4,0.3,1.03,9.7,595.83
44344.54,19.07,12.26,0.65,0.71,10,595.48
44344.58,19.57,12.29,1.22,0.58,10,594.94
44344.62,20,12.34,1.81,0.55,10,594.6
44344.67,20.98,12.05,2.39,0.64,9.64,594.25
44344.71,21.02,12.16,2.45,0.69,10,593.92
44344.75,18.46,11.72,2.65,0.59,8.48,594.14
44344.79,18,11.17,2.28,0.55,7.92,594.03
44344.83,18.33,11.4,1.89,0.61,9.5,594.66
44344.88,18.49,11.78,1.57,0.71,9.37,594.95
44344.92,17.72,12.38,1.2,0.65,9.42,595.13
44344.96,15.64,11.25,1.05,0.75,9.79,595
44345,15.83,11.06,1.13,1.05,9.77,594.91
44345.04,15.39,11.25,0.99,1.32,9.71,594.94
44345.08,15.3,11.81,0.82,1.15,9.73,594.51
44345.12,15.59,11.39,0.57,0.88,9.64,594.03
44345.17,14.68,11.38,0.48,0.63,9.8,593.8
44345.21,14.46,11.61,0.75,1.06,9.94,593.61
44345.25,15,10.94,0.91,0.86,10,594.02
44345.29,14.94,10.57,0.98,0.76,9.92,594.13
44345.33,14.62,10.39,1.11,0.5,9.39,594.24
44345.38,14.53,10.16,1.26,0.31,9.71,594.22
44345.42,17.67,10.29,1.26,0.45,10,594.51
44345.46,17.84,10.74,1.6,0.71,10,594.53
44345.5,18.13,10.98,1.84,0.71,9.96,594.58
44345.54,19.91,11.75,1.98,0.62,9.92,594.54
44345.58,20.21,11.84,2.18,0.67,10,594.12
44345.62,20.23,11.78,2.48,0.81,9.85,593.83
44345.67,20.01,11.52,2.52,0.86,10,593.74
44345.71,19.66,11.21,2.41,0.87,9.77,593.61
44345.75,16.06,11.54,2.48,0.81,9.37,594.2
44345.79,16.05,11.63,1.73,0.7,8.71,594.44
44345.83,16.64,12.33,0.95,0.74,10,594.79
44345.88,16.95,12.8,1.07,0.71,10,595
44345.92,16.58,12.95,0.91,1.03,10,595.47
44345.96,14.27,12.27,0.82,1.41,10,595.76
44346,14.63,12.35,0.74,1.65,10,595.58
44346.04,14.54,12.23,0.54,2.1,10,595.42
44346.08,14.66,12.1,0.51,2.3,10,595.08
44346.12,14.77,12.33,0.44,2.65,10,594.86
44346.17,14.39,12.09,0.44,2.45,10,594.64
44346.21,14.44,12.26,0.45,2.22,10,594.53
44346.25,14.66,12.99,0.39,2.06,10,594.7
44346.29,14.59,13.17,0.37,0.27,9.7,595.07
44346.33,14.52,12.95,0.41,2.71,7.82,595.01
44346.38,14.53,12.54,0.6,2.6,9.52,594.61
44346.42,17.54,11.05,0.5,2.39,9.96,594.78
44346.46,17.9,8.26,0.39,1.9,9.96,594.5
44346.5,17.53,6.85,0.49,0.88,9.92,594.36
44346.54,21.38,5.61,0.73,0.32,9.7,593.9
44346.58,21.49,5.02,0.8,0.23,9.32,593.2
44346.62,21.41,5.06,0.79,0.11,8.93,592.78
44346.67,22.94,5.67,1.05,0.25,8.82,592.25
44346.71,23.13,6.13,1.42,0.46,8.41,591.82
44346.75,20.81,7.28,1.9,0.66,8.63,591.46
44346.79,20.73,6.9,1.93,0.72,6.54,591.6
44346.83,20.51,7.62,2.05,0.48,8.24,591.85
44346.88,20.6,8.4,1.87,0.43,10,592.16
44346.92,20.59,8.81,1.28,0.48,10,592.83
44346.96,17.57,9.67,1.31,0.6,9.02,593.03
44347,17.47,10.04,1.25,0.67,7.29,593.22
44347.04,16.13,11,1.18,1,6.7,592.93
44347.08,16.14,10.88,1.14,1.31,7.38,592.55
44347.12,16.01,10.92,0.76,1.41,6.29,592.16
44347.17,14.72,11.08,1.02,1.27,5.84,592.06
44347.21,14.68,10.96,0.85,1.24,8.94,591.92
44347.25,14.81,10.97,1.29,0.89,9.02,592.36
44347.29,15.04,10.84,0.81,0.91,7.23,592.49
44347.33,15.24,10.9,0.71,1.07,7.27,592.71
44347.38,15.08,11.2,1.01,1.01,6.65,592.61
44347.42,19.17,11.74,0.84,1.1,6.82,592.58
44347.46,19.68,12.08,0.91,1.17,7.95,592.67
44347.5,19.89,12.25,1.01,1.22,9.67,592.36
44347.54,23.03,12.43,1.13,0.94,10,592.3
44347.58,22.85,12.38,1.62,0.76,10,591.74
44347.62,22.99,12.19,2.15,0.63,7.52,591.72
44347.67,24.38,12.59,1.84,0.63,4.04,591.14
44347.71,24.29,12.77,2.03,0.65,4.94,590.78
44347.75,21.83,13.1,2.58,0.58,5.85,590.56
44347.79,21.38,13.08,2.16,0.4,7.17,590.79
44347.83,20.9,14.15,1.59,0.39,8.56,591.44
44347.88,21.01,14.61,1.5,0.42,8.84,591.88
44347.92,19.63,14.39,1.18,0.51,9.92,592.38
44347.96,17.91,14.06,1.59,0.53,9.78,592.46
44348,18.02,14.03,1.43,0.68,9.62,592.77
44348.04,17.62,14.15,1.29,0.92,10,592.67
44348.08,17.64,14.2,1.26,0.94,10,592.32
44348.12,17.52,14.24,1.13,0.78,10,592.12
44348.17,16.52,14.04,1.21,0.85,10,591.89
44348.21,16.47,14.18,1.19,1.06,10,592.18
44348.25,16.42,14.01,1.28,0.77,10,592.99
44348.29,16.19,14,1.32,0.79,10,593.38
44348.33,15.56,14.09,1.66,0.68,9.99,593.51
44348.38,14.62,13.86,1.72,0.55,10,593.57
44348.42,16.32,13.76,1.64,0.59,10,593.76
44348.46,16.33,13.66,1.84,0.59,10,593.77
44348.5,15.86,13.58,1.85,0.64,10,593.7
44348.54,17.3,13.86,1.89,0.63,10,593.42
44348.58,16.99,13.45,1.65,0.6,10,593.16
44348.62,17.05,13.39,1.75,0.45,10,592.62
44348.67,17.71,13.64,1.71,0.32,10,592.52
44348.71,17.79,13.54,1.7,0.45,10,591.89
44348.75,16.82,12.59,2.25,0.48,9.98,591.89
44348.79,16.84,12.69,1.67,0.36,9.98,592.11
44348.83,17.25,13.11,1.4,0.52,10,592.59
44348.88,17.56,13.18,1.25,0.37,9.9,592.75
44348.92,17.46,13.22,0.99,0.51,9.92,593.24
44348.96,15.76,13.16,1.26,0.31,10,593.49
44349,15.88,12.99,1.06,0.2,9.77,593.44
44349.04,15.32,13.18,0.64,0.73,9.94,593.5
44349.08,15.33,13.09,0.83,0.96,9.7,592.91
44349.12,15.27,12.86,0.76,0.98,9.53,592.72
44349.17,14.49,12.49,0.82,1.15,9.53,592.57
44349.21,14.37,12.57,0.93,1.16,9.9,592.41
44349.25,14.34,12.32,0.81,0.64,10,592.3
44349.29,14.2,12.44,1.04,0.49,10,592.95
44349.33,14.23,12.32,1.01,0.38,9.72,593.01
44349.38,14.55,12.39,0.74,0.26,9.98,593.09
44349.42,16.81,13.25,0.43,0.25,9.69,593.11
44349.46,17.04,13.41,0.19,2.16,9.81,592.91
44349.5,17.22,13.16,0.32,1.64,9.8,592.71
44349.54,21.7,14.61,0.34,1.79,9.32,592.39
44349.58,22.37,14.53,0.38,2.9,9.92,591.87
44349.62,22.57,14.24,1.32,0.48,9.87,591.52
44349.67,23.52,14.57,1.61,0.45,4.86,591.33
44349.71,23.68,15.21,1.85,0.47,5.01,590.73
44349.75,21.54,14.74,2.37,0.54,5.68,590.31
44349.79,20.67,15.29,2.62,0.53,7.04,590.66
44349.83,20.19,15.62,2.21,0.61,8.86,591.48
44349.88,19.77,15.89,1.88,0.67,10,592.2
44349.92,19.28,16.23,1.99,0.86,10,593.16
44349.96,16.66,15.6,1.52,0.95,10,593.25
44350,16.59,15.7,1.41,0.89,10,593.54
44350.04,15.93,15.56,1.43,0.96,10,593.35
44350.08,16.06,15.74,1.52,1.08,10,593.23
44350.12,16.3,15.91,1.49,1.06,10,593.15
44350.17,14.85,14.66,1.49,1.06,10,593.15
44350.21,14.92,14.56,1.55,1.06,10,593.3
44350.25,15.1,14.61,1.26,1.16,10,594.02
44350.29,14.86,14.39,1.48,1.23,10,594.65
44350.33,14.93,14.22,1.98,1.15,10,595
44350.38,14.4,14.26,2.53,1.1,10,595.36
44350.42,14.68,13.39,2.55,1.07,10,596.14
44350.46,13.94,12.71,2.37,1.13,10,596.74
44350.5,13.42,12.19,2.55,1.18,10,597.17
44350.54,12.75,10.25,2.45,1.23,10,597.54
44350.58,12.24,9.55,2.4,1.24,10,597.26
44350.62,12.02,8.34,2.37,1.17,10,597.3
44350.67,12.04,7.01,2.39,1.15,10,597.06
44350.71,12.28,6.18,2.2,1.2,10,597.2
44350.75,11.92,3.41,2.21,1.07,10,597.88
44350.79,12.09,3.47,1.56,1.41,9.68,597.5
44350.83,12.71,3.8,1.38,1.72,10,597.66
44350.88,12.96,4.43,0.99,1.85,10,597.79
44350.92,12.5,4.77,0.83,1.94,10,598.4
44350.96,10.94,4.42,0.84,2.12,10,598.38
44351,11.12,4.74,0.89,2.38,10,598.29
44351.04,11.29,4.78,0.79,2.61,10,598.11
44351.08,11.5,5,0.78,2.81,10,597.49
44351.12,11.79,5.19,0.83,2.8,10,597.17
44351.17,11.42,5.23,0.8,2.91,10,596.79
44351.21,11.56,5.47,0.88,3.11,9.92,596.71
44351.25,11.64,7.14,0.89,0.43,9.56,597.22
44351.29,11.74,7.06,1.01,0.52,9.12,596.97
44351.33,11.77,6.49,1.19,0.44,8.8,597.08
44351.38,12.2,4.44,1.09,0.08,8.74,596.76
44351.42,16.11,1.98,0.89,2.96,8.2,596.65
44351.46,16.84,0.25,0.74,2.35,6.88,596.54
44351.5,17.38,-0.4,0.89,1.75,5.75,596.3
44351.54,20.77,-2.19,1.06,1.4,3.67,595.9
44351.58,20.68,-1.91,1.23,1.02,1.61,595.26
44351.62,20.91,-1.37,1.54,0.84,2.47,594.68
44351.67,22.34,-1.78,1.72,0.78,3.03,594.16
44351.71,22.31,-0.93,1.72,0.66,3.5,593.8
44351.75,20.06,1.4,1.99,0.77,4.5,594.06
44351.79,20.03,0.06,1.52,0.79,6.56,593.91
44351.83,20.53,-1.15,1.18,0.92,7.7,594.39
44351.88,20.57,-0.69,0.29,2.24,7.45,594.55
44351.92,19.54,1.95,0.4,1.29,6.26,594.85
44351.96,16.55,3.37,0.7,0.39,8.82,595.04
44352,16.12,4.02,0.84,0.36,10,595.08
44352.04,15.86,3.91,1.22,0.82,9.92,595.04
44352.08,15.72,4.06,1.68,0.81,9.28,594.69
44352.12,16,3.82,1.42,0.69,7.98,594.63
44352.17,14.49,5.5,1.07,0.98,9.93,594.26
44352.21,14.76,4.13,1.43,0.69,7.58,594.23
44352.25,15.64,5.49,1.14,1.09,9.42,594.05
44352.29,15.12,9.13,0.84,1.6,9.08,594.5
44352.33,14.63,7.23,0.7,1.32,9.75,594.49
44352.38,14.31,8.16,0.77,0.7,9.67,594.68
44352.42,19.27,8.58,0.51,0.57,9.46,594.64
44352.46,19.24,8.39,0.19,0.29,4.59,594.71
44352.5,19.96,7.82,0.68,0.24,3.5,594.54
44352.54,24.3,5.9,0.94,0.01,3.09,594.09
44352.58,24.81,5.14,1.15,0.14,1.05,593.44
44352.62,25.06,5.11,1.31,0.3,1.05,592.89
44352.67,25.7,6.42,1.79,0.44,2.99,592.52
44352.71,25.83,6.61,2.09,0.42,3.94,592.12
44352.75,22.6,8.59,2.41,0.21,9.22,592.22
44352.79,22.42,8.07,1.82,0.38,8.39,592.5
44352.83,21.85,10.05,2.03,0.49,4.36,593.11
44352.88,22.14,10.8,1.74,0.17,5.7,593.48
44352.92,21.25,10.67,1.38,3.1,7.87,593.81
44352.96,17.78,10.15,1.16,2.62,7.84,593.85
44353,17.46,10.54,0.95,2.48,8.36,593.92
44353.04,17.06,10.29,0.82,2.36,8.58,593.76
44353.08,17.19,10.44,0.78,2.24,8.47,593.16
44353.12,17.16,10.58,0.92,2.03,8.4,592.89
44353.17,16.5,10.6,1.15,1.8,6.42,592.48
44353.21,16.61,11.42,1.21,1.6,4.54,592.69
44353.25,17.89,10.79,0.94,1.8,1.35,592.43
44353.29,16.54,12.28,0.76,1.43,1.42,593.12
44353.33,17.8,10,1.11,1.02,7.36,593.31
44353.38,18.66,9.4,1.27,0.85,6.67,593.31
44353.42,22.98,8.24,1.44,0.65,6.97,593.3
44353.46,23.17,8.53,1.57,0.31,6.61,593.2
44353.5,23.39,8.51,1.23,0.14,9.23,593.21
44353.54,26.21,8.14,0.47,3.07,9.36,592.98
44353.58,26.04,8.34,0.4,1.83,9.44,592.52
44353.62,24.97,9.39,0.88,2.97,8.3,592.12
44353.67,24.18,12.76,1.34,2.69,6.88,591.73
44353.71,22.89,16.41,1.57,3.05,5.41,591.3
44353.75,21.38,12.61,1.81,0.1,7.32,591.89
44353.79,21.11,13.52,1.83,0.43,8.91,592.32
44353.83,21.41,15.22,1.53,0.42,9.3,592.74
44353.88,21.18,16.22,1.32,0.39,9.78,593.04
44353.92,21.47,15.97,1.21,0.64,9.93,593.34
44353.96,19.42,16.16,1.31,0.63,9.81,593.86
44354,19.38,16.48,1.16,0.42,9.91,593.84
44354.04,19.46,16.51,0.93,0.36,9.86,594
44354.08,18.97,16.44,0.89,0.32,9.91,593.83
44354.12,18.96,16.15,0.83,0.25,9.92,593.54
44354.17,17.66,15.97,0.66,0.31,9.93,593.54
44354.21,17.3,15.76,0.58,0.1,9.85,593.44
44354.25,16.39,15.78,0.54,0.2,10,593.43
44354.29,16.06,15.62,0.54,0.06,10,593.99
44354.33,16.04,14.82,0.85,3.09,10,594.44
44354.38,15.98,14.12,1.12,3.03,10,594.69
44354.42,16.38,14.68,0.98,0.23,10,595.02
44354.46,16.65,14.12,0.97,0.21,10,594.99
44354.5,16.04,13.39,1.3,0.21,10,595.07
44354.54,18.35,14.02,1.41,0.52,10,594.92
44354.58,18.24,13.9,1.71,0.67,10,594.6
44354.62,18.34,13.99,1.77,0.68,10,594.41
44354.67,18.36,13.84,1.66,0.55,10,594.17
44354.71,16.98,13.97,1.85,0.7,10,593.61
44354.75,15.27,12.81,1.74,0.81,9.98,594.63
44354.79,15.26,13.13,1.72,0.93,10,594.75
44354.83,15.68,13.09,1.74,0.69,9.98,595.04
44354.88,15.92,13.7,1.68,0.64,10,595.25
44354.92,15.95,13.92,1.54,0.68,10,595.62
44354.96,14.81,13.8,1.41,0.56,10,595.84
44355,14.92,13.94,1.21,0.53,10,596.07
44355.04,14.91,13.94,0.65,0.36,9.99,595.81
44355.08,15.04,14.02,0.39,0.28,10,595.32
44355.12,15.12,14.24,0.29,0.18,10,594.8
44355.17,14.94,14.37,0.2,3.03,10,594.57
44355.21,14.89,14.5,0.19,0.22,10,594.62
44355.25,14.69,13.63,0.17,0.82,9.77,594.73
44355.29,14.56,13.75,0.28,1.04,10,595.31
44355.33,14.35,13.67,0.56,0.81,10,595.31
44355.38,14.05,13.74,0.6,0.88,10,595.49
44355.42,14.47,13.48,0.76,0.92,10,595.85
44355.46,14.38,13.24,0.85,0.87,10,596.12
44355.5,14.29,13.06,0.93,0.47,10,595.95
44355.54,15.14,13.8,0.99,0.13,10,595.81
44355.58,15.57,14.02,0.87,2.91,9.94,595.1
44355.62,16.16,13.57,0.91,2.41,9.98,594.64
44355.67,16.79,13.5,0.87,2.46,10,594.08
44355.71,16.47,13.51,0.75,2.87,10,593.96
44355.75,16.54,13.23,0.69,0.08,10,594.59
44355.79,16.33,13.15,0.83,0.52,10,594.48
44355.83,16.55,13.14,0.79,0.91,10,594.68
44355.88,16.4,13.32,0.73,0.35,10,594.84
44355.92,16.35,13.7,0.59,0.23,10,595.13
44355.96,15.44,14.02,0.61,0.6,10,595.31
44356,15.37,14.17,0.58,0.37,10,595.25
44356.04,15.17,14.25,0.5,0.11,10,594.72
44356.08,15.08,14.31,0.37,3.06,10,594.13
44356.12,15.08,14.32,0.34,2.96,10,593.76
44356.17,14.98,14.26,0.43,0.31,10,593.51
44356.21,15.17,14.25,0.55,0.57,10,593.5
44356.25,15.41,14.58,0.68,0.56,10,593.5
44356.29,15.25,14.5,0.68,0.74,10,594.36
44356.33,15.06,14.43,0.72,0.88,10,594.34
44356.38,14.55,14.3,1,0.95,10,594.5
44356.42,15.47,15.07,0.9,1.11,10,594.43
44356.46,15.05,15.05,1.13,1.14,10,594.75
44356.5,14.77,14.77,1.56,0.94,10,594.63
44356.54,15.4,15.4,1.78,0.76,10,594.62
44356.58,15.16,15.09,2.06,0.73,10,594.21
44356.62,15.36,15.02,2.15,0.77,10,593.93
44356.67,14.53,14.35,2.05,0.82,10,593.68
44356.71,14.84,14.35,1.75,0.82,10,593.6
44356.75,13.87,13.75,1.87,1.02,10,594.38
44356.79,14.23,13.95,1.33,1.04,10,594.39
44356.83,14.5,13.85,0.99,0.96,10,594.79
44356.88,14.87,13.91,1.03,0.75,10,594.88
44356.92,14.93,13.96,0.85,0.92,10,595.27
44356.96,13.77,13.62,0.67,1.37,10,595.52
44357,13.74,13.67,0.75,1.47,10,595.57
44357.04,13.5,13.46,0.77,1.78,10,595.35
44357.08,13.78,13.7,0.82,1.95,10,594.95
44357.12,13.81,13.75,0.87,2.24,10,594.52
44357.17,13.3,13.19,0.86,2.38,10,594.35
44357.21,13.01,12.97,0.58,2.56,10,594.4
44357.25,13.56,12.97,0.83,2.59,10,594.77
44357.29,13.52,12.21,0.79,2.45,10,595.1
44357.33,13.14,10.9,0.71,1.79,10,594.99
44357.38,12.78,10.27,0.61,2.14,10,595.23
44357.42,14.04,10.53,0.74,2.79,9.91,595.28
44357.46,14.08,10.58,0.81,3.07,6.74,595
44357.5,14.39,10.78,0.52,2.11,8.68,594.82
44357.54,17.29,10.88,1.25,0.97,7.06,594.37
44357.58,17.09,10.79,1.42,0.66,8.93,594.15
44357.62,18.56,10.94,1.69,0.67,9.51,593.62
44357.67,20.93,10.87,1.78,0.61,9.7,593.36
44357.71,21.48,10.52,1.71,0.6,9.36,592.77
44357.75,20.88,10.63,1.76,0.68,9.08,593.58
44357.79,20.3,11.5,1.53,0.52,9.28,592.93
44357.83,20.68,10.11,1.52,0.53,9.65,593.52
44357.88,19.98,10.58,1.43,0.57,10,593.93
44357.92,18.93,11.35,1.17,0.36,10,594.21
44357.96,16.5,11.74,0.9,3.03,9.98,594.44
44358,16.06,11.94,0.61,2.73,10,594.53
44358.04,15.15,12.34,0.48,2.52,10,594.21
44358.08,14.6,12.4,0.3,2.35,10,593.81
44358.12,14.13,12.42,0.23,1.58,9.96,593.47
44358.17,13.12,12,0.27,1.48,9.99,593.21
44358.21,12.85,12.02,0.28,1.61,10,593.18
44358.25,14.48,12.55,0.27,1.72,9.9,593.48
44358.29,14.36,12.63,0.11,1.2,9.14,593.69
44358.33,14.76,12.95,0.04,0.5,9.29,594.02
44358.38,15.45,13.28,0.53,0.85,9.3,594.28
44358.42,19.34,13.89,0.72,0.49,9.24,594.42
44358.46,19.73,13.46,0.73,0.28,9.6,594.29
44358.5,20.33,12.92,0.84,2.99,8.33,594.37
44358.54,22.63,12.47,0.9,2.84,9.55,594.16
44358.58,23.34,12.19,0.88,2.81,10,593.64
44358.62,24.09,11.44,1.15,0.07,9.99,593.28
44358.67,23.72,11.82,1.48,0.31,9.95,592.89
44358.71,23.25,11.85,1.76,0.28,10,592.61
44358.75,21.23,13.43,1.76,3.14,10,593.28
44358.79,20.71,13.72,1.56,0.09,10,593.11
44358.83,19.69,14.53,1.28,0.27,10,593.75
44358.88,19.13,14.88,1.62,0.37,9.83,593.95
44358.92,18.78,15.07,1.58,0.45,9.8,594.43
44358.96,17.28,15.51,1.55,0.2,9.98,594.73
44359,17.12,15.44,1.18,3.08,8.84,594.85
44359.04,16.73,15.85,0.82,0.11,9.07,594.69
44359.08,16.7,15.84,0.62,0.43,8.26,594.58
44359.12,16.53,15.89,0.35,3.11,8.11,594.12
44359.17,16.02,15.83,0.39,2.23,6.89,593.92
44359.21,15.88,15.75,0.63,2.08,8.79,593.86
44359.25,16.42,15.78,0.71,2.11,7.37,594.14
44359.29,16.25,15.69,0.31,2.24,6.46,594.3
44359.33,17.49,15.97,0.34,1.64,8.96,594.81
44359.38,18.38,15.84,1.05,1.68,9.9,594.63
44359.42,21.42,15.71,1.7,1.27,9.96,594.54
44359.46,21.67,15.79,1.55,1.19,9.72,594.23
44359.5,22.17,15.52,1.18,1.45,9.72,594.28
44359.54,24.37,14.64,0.97,1.43,9.35,594.09
44359.58,24.26,14.38,1.27,1.34,9.17,593.6
44359.62,24.47,14.4,1.55,1.3,9.47,593.03
44359.67,25.19,13.93,1.21,1.58,9.22,592.62
44359.71,25.02,14.68,1.08,1.96,8.89,592.02
44359.75,22.54,15.4,1.17,0.18,9.31,592.8
44359.79,21.8,15.83,1.3,0.05,9.14,592.62
44359.83,21.9,16.78,1.18,0.02,8.91,592.79
44359.88,22.04,16.36,1.44,0.42,9.58,593.21
44359.92,21.69,16.71,1.3,0.25,9.81,593.62
44359.96,19.49,16.56,1.06,3.08,9.87,593.97
44360,19.52,16.79,0.84,2.85,9.98,593.84
44360.04,19.1,16.72,0.53,2.36,9.85,593.7
44360.08,18.93,16.74,0.72,1.97,9.9,593.35
44360.12,18.85,16.55,1.07,1.79,9.83,593.05
44360.17,17.94,16.22,1.34,1.46,9.92,592.68
44360.21,17.28,15.76,1.68,1.35,10,592.39
44360.25,18.16,17.16,1.33,1.43,10,592.43
44360.29,17.66,16.7,1.52,1.39,10,592.66
44360.33,18.25,17.48,1.58,1.24,10,592.54
44360.38,19.17,17.6,1.62,1.16,8.57,592.48
44360.42,23.06,17.17,2.36,1.04,6.84,592.46
44360.46,24.18,16.59,2.57,1.01,7.81,592.36
44360.5,24.42,16.12,2.61,1.04,8.88,592.01
44360.54,27.16,15.74,2.6,1.09,8.38,591.57
44360.58,27.39,15.99,2.36,1.11,4.66,591.19
44360.62,27.55,15.6,2.27,1.17,5.81,590.59
44360.67,28.26,15.7,2.11,1.27,6.4,590.23
44360.71,28.45,15.61,1.66,1.45,7.68,589.77
44360.75,26.18,15,0.99,1.71,7.09,590.2
44360.79,26.23,15.08,0.61,2.85,6.05,589.74
44360.83,26.44,14.08,1.21,0.22,4.63,589.74
44360.88,25.5,14.87,1.41,0.19,3.56,589.89
44360.92,24.81,15.91,1.33,0.2,6.6,590.4
44360.96,21.42,16.76,1.45,0.13,8.01,590.91
44361,21.29,15.77,1.31,2.66,8.56,590.55
44361.04,20.26,16.34,1.25,2.16,9.24,590.47
44361.08,20.07,15.95,1.37,1.7,9.55,590.09
44361.12,19.71,15.7,1.65,1.55,9.92,589.53
44361.17,18.53,15.47,1.86,1.52,10,589.45
44361.21,18.35,15.39,1.96,1.49,10,589.28
44361.25,18.46,15.91,1.89,1.63,9.81,589.04
44361.29,19.38,16.28,1.23,1.52,9.83,589.2
44361.33,20.35,16.52,1.7,1.41,10,589.16
44361.38,21.38,16.77,1.79,1.35,9.72,589.05
44361.42,25.59,16.74,1.84,1.03,9.77,589.27
44361.46,26.29,16.33,1.89,0.78,10,588.98
44361.5,26.74,15.92,1.5,0.82,10,588.85
44361.54,29.34,15.54,1.24,1.01,10,588.62
44361.58,29.22,15.37,1.14,1.27,10,588.29
44361.62,29.13,15.33,0.92,1.85,10,587.81
44361.67,29.92,14.85,0.86,2.45,10,587.56
44361.71,29.25,14.66,1.09,0.04,9.94,587.49
44361.75,24.86,16.9,2.6,0.54,9.9,587.86
44361.79,23.27,17.9,2.36,0.68,9.92,588.07
44361.83,21.78,18.6,1.7,0.79,10,588.88
44361.88,21.7,18.85,1.49,0.46,10,589.44
44361.92,21.13,19.11,0.85,0.72,10,590.09
44361.96,19.1,18.53,0.76,0.35,10,590.09
44362,19.25,18.55,0.33,0.75,10,590.01
44362.04,19.22,18.36,0.36,1.24,10,589.78
44362.08,19.38,18.38,0.29,2.91,10,589.39
44362.12,19.74,18.3,0.4,2.3,10,588.88
44362.17,19.04,18.36,0.32,0.06,10,588.61
44362.21,19.45,18.43,0.29,2.53,10,588.7
44362.25,19.79,18.33,0.33,0.36,10,589.21
44362.29,19.61,18.27,0.36,0.68,9.7,589.3
44362.33,20.45,18.32,0.21,1.13,9.85,589.45
44362.38,21.03,18.04,0.77,1.14,9.7,589.18
44362.42,25,18.21,1.08,1.02,9.87,589.49
44362.46,25.04,17.81,0.91,1.21,9.8,589.39
44362.5,25.59,17.79,0.92,1.63,9.86,589.1
44362.54,28.4,17.98,0.93,1.9,9.82,588.96
44362.58,27.54,18.8,0.75,2.13,9.94,588.48
44362.62,27.12,19.23,1.18,0.03,9.79,588.39
44362.67,24.67,19.08,1.42,0.08,9.83,588.21
44362.71,23.48,19.29,1.6,0.4,9.81,587.83
44362.75,24.15,18.98,2.51,0.47,9.74,588.16
44362.79,24.07,19.38,1.82,0.34,10,588.65
44362.83,23.31,19.48,1.21,0.13,9.92,589.17
44362.88,23.22,19.45,1.1,0.27,9.85,589.41
44362.92,22.59,19.55,1.03,0.56,10,589.63
44362.96,20.08,18.83,0.96,0.35,9.85,590.02
44363,20.21,18.93,0.77,0.34,8.87,589.91
44363.04,19.81,18.78,0.6,0.8,9.7,590.14
44363.08,19.96,18.94,0.93,0.04,10,589.83
44363.12,20.05,18.92,0.15,2.49,10,589.75
44363.17,19.59,18.59,0.27,2.87,10,589.79
44363.21,19.66,18.58,0.29,3.13,10,589.79
44363.25,20.1,18.78,0.73,0.5,10,590.56
44363.29,20.05,18.7,0.76,0.86,9.98,590.78
44363.33,19.63,18.55,1.12,0.96,10,590.74
44363.38,20.13,18.55,1.54,0.76,10,590.79
44363.42,24.06,19.07,1.51,0.61,10,590.83
44363.46,25.24,18.42,0.84,0.61,10,590.99
44363.5,25.78,17.94,0.46,0.65,10,590.92
44363.54,28.37,17.39,0.28,2.9,10,590.73
44363.58,28,17.86,1.05,0.01,9.68,590.49
44363.62,26.76,19.14,1.89,0.17,9.92,590.3
44363.67,24.7,19.17,1.86,0.44,10,590.32
44363.71,24.35,19.63,1.64,0.35,10,589.88
44363.75,22.23,19.02,2.06,0.6,9.98,589.97
44363.79,22.48,19.18,1.78,0.33,10,590.28
44363.83,23.11,19.17,1.06,0.22,10,591.28
44363.88,23.32,19.17,0.98,0,10,591.27
44363.92,22.66,18.85,1.21,0.1,10,591.69
44363.96,20.09,18.26,0.61,3.05,10,592.1
44364,20.56,18.44,0.35,2.52,10,592.12
44364.04,20.29,18.74,0.8,1.93,10,591.98
44364.08,19.82,18.79,0.22,3.03,10,591.75
44364.12,19.86,19.01,0.52,2.63,10,591.67
44364.17,18.87,18.21,0.32,2.61,10,591.62
44364.21,18.99,18.37,0.5,2.48,10,591.56
44364.25,18.66,17.59,0.23,0.09,10,591.55
44364.29,18.74,17.86,0.81,2.9,9.9,592.59
44364.33,19.44,17.91,0.52,3.05,10,592.5
44364.38,20.17,17.97,0.71,3,9.6,592.28
44364.42,22.67,18.43,0.54,2,9.81,592.26
44364.46,23.06,18.02,0.82,1.42,9.51,592.12
44364.5,22.63,18.3,0.47,2.62,9.98,592.1
44364.54,24.29,18.45,1.24,0.45,9.75,591.98
44364.58,24.64,19.29,1.82,0.47,9.77,591.48
44364.62,23.71,19.35,1.89,0.57,10,591.76
44364.67,22.51,19.09,2.21,0.32,10,591.55
44364.71,22.53,19.21,1.95,0.4,10,591.2
44364.75,20.64,18.5,2.64,0.42,9.82,591.15
44364.79,20.21,18.42,2.39,0.5,10,591.62
44364.83,20.23,18.05,2.08,0.57,10,592.32
44364.88,20.17,18.5,2.03,0.68,10,592.92
44364.92,19.85,18.14,1.65,0.66,10,593.18
44364.96,17.2,16.34,1.56,0.65,10,593.77
44365,17.12,16.26,1.4,0.81,10,593.64
44365.04,16.75,15.57,1.27,0.86,10,593.51
44365.08,16.7,15.31,0.99,0.57,10,592.88
44365.12,16.68,15.35,0.86,0.66,10,592.58
44365.17,16.27,15.25,1.01,0.44,10,592.44
44365.21,16.4,15.34,0.89,0.07,10,592.25
44365.25,16.82,15.66,0.52,2.85,9.98,592.1
44365.29,16.66,15.53,0.71,0.35,10,592.29
44365.33,16.31,15.12,0.88,0.41,10,592.27
44365.38,16.15,15.23,1.25,0.19,10,592.38
44365.42,19.24,16.44,1.11,3.12,10,592.3
44365.46,19.35,16.81,1.28,0.21,10,592.35
44365.5,19.56,17.02,1.73,0.37,10,592.2
44365.54,22.4,17.78,2.23,0.47,10,591.97
44365.58,22.78,18,2.51,0.55,10,591.64
44365.62,23.03,18.16,2.38,0.6,10,591.49
44365.67,22.25,17.8,2.46,0.73,10,591.5
44365.71,21.17,17.82,2.32,0.65,10,591.22
44365.75,16.34,15.07,2.34,0.54,9.96,591.4
44365.79,16.71,14.83,1.97,0.64,10,591.8
44365.83,17.15,14.56,1.77,0.65,10,592.17
44365.88,17.24,14.8,1.96,0.74,10,592.48
44365.92,16.85,14.96,1.71,0.75,10,592.89
44365.96,14.72,13.19,1.54,0.74,10,593.24
44366,14.7,13.17,1.59,0.85,10,593.21
44366.04,14.33,12.94,1.21,0.65,10,592.97
44366.08,14.46,13.01,1.05,0.65,10,592.32
44366.12,14.53,12.99,0.86,0.76,10,592.12
44366.17,13.98,12.72,0.72,0.71,9.98,591.74
44366.21,14.05,12.63,0.73,0.42,9.98,591.72
44366.25,15.5,13.21,0.9,0.54,9.98,591.87
44366.29,15.4,12.9,1.08,0.49,9.67,592.09
44366.33,14.92,12.76,1.21,0.74,9.62,592.05
44366.38,14.77,13.09,1.46,0.82,9.63,592.19
44366.42,18.33,14.59,1.72,0.69,9.39,592.33
44366.46,17.87,14.44,1.8,0.51,8.95,592.37
44366.5,18.18,14.52,1.82,0.51,9.51,592.48
44366.54,20.07,15.15,1.87,0.56,10,592.23
44366.58,20.11,15.2,1.95,0.6,10,591.73
44366.62,20.09,15.32,2.13,0.64,10,591.39
44366.67,20.76,15.22,2.46,0.64,9.8,591.19
44366.71,20.62,15.03,2.46,0.57,8.49,591.02
44366.75,17.8,13.59,2.53,0.54,5.41,590.99
44366.79,17.88,13.06,2.24,0.61,5.75,590.91
44366.83,18.05,12.89,1.91,0.63,6.84,591.61
44366.88,18.17,13.1,1.57,0.5,6.78,591.75
44366.92,17.63,13.09,1.59,0.66,8.91,592.3
44366.96,15.42,12.72,1.45,0.73,9.63,592.48
44367,15.53,12.78,1.39,0.71,10,592.39
44367.04,15.06,12.68,1.24,0.74,10,592.11
44367.08,15.34,12.62,1.05,0.76,10,591.73
44367.12,15.53,12.66,1.04,0.75,10,591.47
44367.17,15,12.47,0.96,0.68,9.98,591.38
44367.21,15.19,12.49,0.93,0.7,9.77,591.25
44367.25,15.89,12.7,0.89,0.81,9.75,591.86
44367.29,15.75,12.52,1.11,0.66,9.94,591.93
44367.33,15.31,12.52,1.29,0.72,9.98,591.86
44367.38,14.8,12.55,1.47,0.79,10,592.08
44367.42,17.62,13.45,1.33,0.7,10,592.26
44367.46,17.22,13.39,1.28,0.7,10,592.3
44367.5,17.18,13.48,1.29,0.73,10,592.14
44367.54,19.77,14.29,1.62,0.65,10,592.11
44367.58,20.02,14.44,1.94,0.63,10,591.58
44367.62,20.76,14.61,2.11,0.62,10,591.4
44367.67,22.17,15.25,2.36,0.63,9.96,591.09
44367.71,21.97,15.16,2.3,0.64,10,591.01
44367.75,18.68,13.86,2.47,0.63,7.97,591.78
44367.79,18.62,13.34,2.18,0.71,6.65,591.64
44367.83,18.85,13.15,1.64,0.78,6.46,592.49
44367.88,18.97,13.21,1.25,0.55,7.55,592.6
44367.92,18.66,13.41,1.37,0.62,10,593.18
44367.96,16.69,12.93,1.36,0.68,10,593.73
44368,16.88,13.06,1.15,0.6,10,593.69
44368.04,16.59,13.09,1.09,0.7,10,593.54
44368.08,16.68,13.33,1.02,0.82,10,593.12
44368.12,16.67,13.45,0.8,0.94,9.96,592.96
44368.17,15.84,13.3,0.93,1.2,10,592.72
44368.21,15.99,13.29,0.82,1.33,10,592.69
44368.25,16.21,12.48,0.58,1.01,10,592.77
44368.29,16.02,12.64,0.52,0.74,10,593.25
44368.33,15.64,12.34,0.39,0.72,10,593.45
44368.38,15.11,12.22,0.54,0.99,10,593.57
44368.42,17.86,12.77,0.83,1.08,10,593.74
44368.46,17.58,12.3,1.23,0.95,10,593.81
44368.5,17.62,12.01,1.62,0.93,10,593.99
44368.54,19.42,12.17,1.61,1.04,10,593.85
44368.58,19.53,12.13,1.51,0.95,9.85,593.56
44368.62,19.69,12.33,1.63,0.72,9.78,593.28
44368.67,19.56,12.43,1.82,0.79,9.7,593.09
44368.71,19.98,12.43,1.86,0.81,9.81,592.9
44368.75,17.8,11.54,1.83,0.9,8.64,593.59
44368.79,18.08,11.33,1.76,1.08,7.31,593.74
44368.83,18.16,11.62,1.1,0.98,5.69,593.96
44368.88,18.33,12.08,1.3,1.02,6.44,594.15
44368.92,18.07,12.19,1.01,1.08,7.7,594.42
44368.96,16.48,11.24,0.48,1.26,9.86,594.94
44369,16.37,11.86,0.33,1.44,10,594.77
44369.04,16.31,11.37,0.14,1.71,10,594.8
44369.08,16.36,11.5,0.19,2.7,9.67,594.49
44369.12,16.59,11.72,0.16,1.47,9.91,594.11
44369.17,15.52,11.41,0.41,1.45,9.93,593.93
44369.21,15.29,11.63,0.42,1.4,9.99,593.98
44369.25,15.38,12.15,0.46,0.38,10,594.69
44369.29,15.27,11.62,0.7,0.75,9.92,594.93
44369.33,15.12,10.03,1.09,1.03,10,595.28
44369.38,15.09,10.49,0.85,0.96,10,595.06
44369.42,17.54,10.57,0.73,0.46,9.62,595.28
44369.46,18.23,9.86,0.58,0.21,9.62,595.38
44369.5,18.94,9.5,0.42,0.11,9.88,595.16
44369.54,22.1,9.61,0.23,0.52,9.52,594.95
44369.58,22.05,9.72,0.18,0.46,9.42,594.5
44369.62,21.82,9.78,0.74,0.51,9.5,594.25
44369.67,21.88,10.17,1.19,0.43,8.61,593.67
44369.71,22.03,10.4,1.34,0.4,4.86,593.36
44369.75,20.07,10.7,1.2,0.46,5.61,593.66
44369.79,20.22,9.94,1.39,0.54,3.89,593.71
44369.83,20.41,10.32,1.36,0.52,2.25,593.6
44369.88,20.52,10.63,1.18,0.56,5.11,593.75
44369.92,20.58,11.08,1.13,0.28,10,594.23
44369.96,19.03,11.45,0.67,3.06,10,594.48
44370,19.05,10.99,0.51,2.67,10,594.44
44370.04,18.58,11.33,0.58,2.79,10,594.31
44370.08,18.56,12.15,0.52,2.72,10,593.84
44370.12,18.55,11.14,0.42,3.01,10,593.48
44370.17,18.32,11.52,0.41,0.29,10,593.21
44370.21,18.27,11.75,0.42,0.42,10,593.41
44370.25,17.94,13.74,0.58,0.42,10,593.88
44370.29,17.52,12.97,0.74,0.87,10,593.72
44370.33,17.63,11.34,0.5,0.62,10,594
44370.38,17.74,10.74,0.54,0.38,10,594.04
44370.42,20.25,11.14,0.63,0.56,9.94,593.98
44370.46,20.02,11.75,0.57,0.9,9.71,593.88
44370.5,20.81,12.47,0.49,1.22,9.9,593.84
44370.54,22.48,13.06,0.83,0.71,9.88,593.7
44370.58,22.45,13.06,1.44,0.65,10,593.21
44370.62,22.16,13.32,1.99,0.73,9.85,592.95
44370.67,23.3,13.97,2.02,0.66,8.83,592.39
44370.71,23.04,14.06,2.28,0.6,9.69,592.06
44370.75,19.81,14.66,1.67,0.39,9.83,592.63
44370.79,19.78,14.21,1.54,0.52,9.74,593.03
44370.83,19.57,14.54,1.09,0.78,10,593.68
44370.88,19.65,14.68,0.93,0.64,9.99,593.77
44370.92,19.69,14.53,0.88,0.42,9.92,593.67
44370.96,18.07,15.08,0.54,1.11,9.6,593.9
44371,17.81,15.34,0.83,0.93,9.96,594.04
44371.04,17.53,15.32,0.79,1.07,9.99,593.72
44371.08,17.39,15.38,0.64,0.78,9.96,593.25
44371.12,17.28,15.32,0.29,1.01,9.71,592.95
44371.17,16.58,15.33,0.37,1.14,9.92,592.82
44371.21,16.46,15.33,0.56,0.78,9.94,592.73
44371.25,16.25,15.17,0.95,0.46,10,593.02
44371.29,16.37,14.96,0.9,0.76,9.98,592.86
44371.33,16.41,14.8,0.9,0.8,9.88,593.12
44371.38,16.67,14.85,1.01,0.51,9.82,593
44371.42,18.73,15.1,1.03,0.3,10,593.12
44371.46,19.62,15.57,0.81,0.21,9.85,592.91
44371.5,20.27,15.64,0.47,0.27,9.85,593
44371.54,22.17,15.56,0.7,0.24,10,592.46
44371.58,21.99,16.17,1.6,0.47,9.62,592.08
44371.62,22.12,16.52,2.03,0.61,9.73,591.48
44371.67,20.74,16.69,2.59,0.62,10,591.16
44371.71,21.28,16.91,2.24,0.48,9.85,591.06
44371.75,19.89,16.73,2.14,0.43,8.31,591.5
44371.79,19.48,16.83,1.85,0.61,9.92,591.51
44371.83,19.42,17.09,1.56,0.58,10,591.96
44371.88,19.26,17.56,1.36,0.48,10,592.59
44371.92,18.96,17.9,1.27,0.63,10,592.9
44371.96,17.76,17.57,1.12,0.39,10,593.16
44372,17.83,17.59,0.93,0.63,10,593.32
44372.04,17.7,17.48,0.99,0.76,10,593.08
44372.08,17.72,17.36,0.99,0.7,10,592.6
44372.12,17.69,17.28,0.83,0.49,10,592.38
44372.17,17.47,17.21,1.06,0.37,10,591.94
44372.21,17.51,17.21,1.03,0.28,10,591.82
44372.25,17.43,17.27,1.21,0.42,10,592.34
44372.29,17.38,17.26,1.12,0.47,10,592.52
44372.33,17.13,17.13,1.09,0.55,10,592.71
44372.38,16.8,16.8,1.16,0.44,10,592.58
44372.42,18.98,17.73,1.3,0.55,10,592.71
44372.46,19.06,17.75,1.27,0.37,10,592.56
44372.5,18.98,17.52,1.28,0.18,10,592.55
44372.54,19.78,17.6,1.33,0.35,10,592.18
44372.58,20.2,17.47,1.49,0.61,10,591.92
44372.62,20.94,17.7,1.7,0.79,10,591.62
44372.67,22.41,18,1.77,0.74,10,591.36
44372.71,22.51,17.82,2.16,0.86,10,591.04
44372.75,19.06,17.43,2.12,0.58,9.86,590.96
44372.79,19.1,17.47,1.49,0.56,10,591.49
44372.83,19.07,17.28,1.53,0.44,10,591.65
44372.88,19.14,17.46,1.31,0.65,10,591.98
44372.92,18.96,17.86,1.18,0.48,10,592.34
44372.96,17.72,17.54,0.96,0.62,10,592.64
44373,17.83,17.56,1.04,0.84,10,592.53
44373.04,17.74,17.44,0.96,0.33,10,592.39
44373.08,17.65,17.38,0.76,3.01,10,591.89
44373.12,17.69,17.38,0.54,2.88,10,591.55
44373.17,17.58,17.18,0.27,3.12,10,591.45
44373.21,17.74,17.03,0.5,2.61,10,591.15
44373.25,18.94,17.55,0.31,1.55,10,591.47
44373.29,19.2,17.63,0.65,1.4,9.87,591.34
44373.33,19.08,17.87,0.79,0.9,9.6,591.47
44373.38,19.51,17.89,1.11,0.97,9.64,591.49
44373.42,22.85,18.25,1,0.98,9.9,591.56
44373.46,23.24,18.03,0.49,1.53,10,591.48
44373.5,23.02,18.23,0.58,2.37,9.62,591.23
44373.54,25.91,18.03,0.76,2.02,9.43,591.06
44373.58,25.74,17.88,0.86,2.59,9.92,590.85
44373.62,24.78,18.07,1.17,3.01,9.79,590.76
44373.67,24.71,18.33,1.26,3.06,9.7,590.59
44373.71,24.46,18.51,1.78,0.55,9.85,590.32
44373.75,21.23,18.59,2.33,0.92,8.63,590.94
44373.79,21.31,18.74,2.04,0.43,8.87,590.32
44373.83,20.88,18.57,1.27,0.39,10,591.13
44373.88,20.79,18.7,1.58,0.57,10,591.64
44373.92,20.62,18.54,1.51,0.73,10,592.02
44373.96,18.74,18.04,1.05,0.5,10,592.57
44374,18.99,18.23,0.94,1.08,10,592.65
44374.04,18.72,17.93,1.03,0.8,10,592.58
44374.08,18.7,17.83,0.71,0.46,10,592.2
44374.12,18.66,17.64,0.64,0.6,10,592.18
44374.17,18.31,17.51,0.5,0.83,10,591.98
44374.21,18.39,17.52,0.45,0.64,10,591.81
44374.25,18.29,17.37,0.35,0.38,10,592.22
44374.29,18,17.23,0.23,0.21,10,591.93
44374.33,18.14,16.74,0.39,3.06,9.83,592.31
44374.38,18.19,16.85,1.11,1.05,10,592.38
44374.42,20.95,17.64,1.41,1.01,10,592.47
44374.46,20.65,17.47,1.83,0.78,10,592.53
44374.5,21.09,17.57,2.03,0.71,10,592.49
44374.54,23.4,18.18,2.01,0.75,10,592.42
44374.58,23.65,18.56,1.92,0.59,10,592.08
44374.62,23.48,18.78,1.64,0.55,10,592.02
44374.67,22.28,17.77,1.73,0.71,9.84,591.58
44374.71,22.03,18.18,1.54,0.62,9.63,591.21
44374.75,21.01,17.3,1.62,0.67,8.77,591.28
44374.79,20.98,16.97,1.5,0.78,9.1,591.29
44374.83,21.22,16.99,1.24,0.78,9.62,591.91
44374.88,21.24,17.5,1.36,0.78,10,592.23
44374.92,20.94,17.3,1.1,0.85,9.85,592.43
44374.96,19.18,17.1,0.96,0.76,10,592.5
44375,19.23,17.12,0.78,1.03,10,592.63
44375.04,19.03,16.84,1.23,1.21,9.98,592.64
44375.08,18.83,17.05,1.19,1.02,10,592.11
44375.12,18.7,17.07,1.12,1.04,9.92,591.92
44375.17,17.89,16.84,0.89,0.9,10,591.74
44375.21,17.93,17,1.03,0.46,10,591.95
44375.25,17.51,16.76,1.12,0.79,10,592.59
44375.29,17.42,16.58,0.52,1.12,10,592.69
44375.33,17.07,16.57,0.11,2.5,9.89,592.84
44375.38,17.54,16.29,0.49,2.09,10,592.95
44375.42,20.33,16.59,0.83,1.84,9.9,592.8
44375.46,20.95,16.28,1.18,1.58,9.9,592.77
44375.5,21.42,16.08,1.39,1.1,9.8,592.51
44375.54,22.8,16.35,1.86,0.9,9.88,592.26
44375.58,22.87,16.91,1.96,0.77,9.88,591.94
44375.62,22.62,17.05,1.84,0.66,10,591.69
44375.67,22.54,17.38,1.92,0.83,9.82,591.25
44375.71,22.17,17.03,1.69,0.81,9.69,590.94
44375.75,20.63,16.47,2.06,0.47,9.25,590.88
44375.79,20.46,16.43,1.34,0.26,9.64,591.72
44375.83,20.04,17.06,1.31,0.46,9.44,592.22
44375.88,20.08,16.6,1.21,0.39,9.83,592.6
44375.92,19.74,17.21,0.63,0.57,9.8,592.98
44375.96,18.75,17.28,0.68,0.99,9.85,593.06
44376,18.95,16.82,0.8,1.17,9.73,593.23
44376.04,18.46,16.81,0.7,1.92,10,593
44376.08,18.45,16.19,0.57,2.42,10,592.72
44376.12,18.23,16.19,0.74,2.5,10,592.36
44376.17,17.93,16.16,0.58,2.36,10,592.24
44376.21,17.89,16.21,0.72,2.25,10,592.06
44376.25,18.42,17.46,0.97,1.45,10,591.74
44376.29,18.4,17.29,1.06,1.21,10,592.02
44376.33,17.98,17.07,1.21,1.31,10,592.3
44376.38,18.12,16.77,1.44,1.15,10,592.69
44376.42,20.46,17.53,1.4,1.18,10,592.88
44376.46,20.56,17.52,1.31,1.28,10,592.86
44376.5,21.35,17.95,1.64,1.85,10,592.87
44376.54,22.33,17.84,1.7,1.7,10,592.66
44376.58,22.93,17.58,1.78,1.45,10,592.39
44376.62,22.42,16.71,2.03,1.39,10,591.91
44376.67,20.27,16.13,2.05,1.16,9.98,591.46
44376.71,20.6,16.39,1.94,1.07,10,591.09
44376.75,19.32,15.81,1.89,1.14,10,591.98
44376.79,19.4,15.45,1.86,0.84,9.9,591.41
44376.83,19.49,15.49,1.67,1,8.4,591.64
44376.88,19.59,15.89,1.22,2.3,9.81,592.95
44376.92,19.44,15.8,0.94,1.54,9.93,592.82
44376.96,18.39,16.01,1.27,1.56,10,592.69
44377,18.2,16.31,1.05,1.14,9.92,592.9
44377.04,18.19,15.85,0.95,1.35,9.98,592.66
44377.08,18.24,15.97,1.13,1.8,9.9,592.4
44377.12,18.31,16.04,1.03,1.9,10,592.16
44377.17,17.75,15.65,1.04,1.92,9.8,592.01
44377.21,17.67,15.61,0.83,1.97,10,591.7
44377.25,16.85,15.16,0.75,0.63,9.9,591.97
44377.29,16.75,15.27,0.61,0.64,9.46,592.37
44377.33,17.99,15.63,0.75,1.26,9.84,592.58
44377.38,18.87,15.6,1.09,1.53,10,592.65
44377.42,21.67,15.07,1.36,1.34,9.47,592.74
44377.46,22.43,14.52,1.89,1.46,9.62,592.84
44377.5,22.57,14.51,1.98,1.35,10,592.67
44377.54,23.6,14.82,1.96,1.23,10,592.45
44377.58,23.22,15.2,2.02,1.24,9.9,592.08
44377.62,22.69,15.28,1.76,1.15,10,591.94
44377.67,22.77,16.15,1.77,1.11,10,591.53
44377.71,22.51,16.62,1.48,0.92,10,591.2
44377.75,18.66,15.33,1.65,0.9,10,591.57
44377.79,18.92,15.61,1.56,1.13,9.88,591.48
44377.83,19.44,15.74,0.9,0.89,8.66,591.58
44377.88,19.22,16.42,1.31,0.49,10,591.93
44377.92,19.01,16.95,0.95,0.73,9.85,592.09
44377.96,17.85,16.63,0.73,1.21,9.77,592.25
44378,17.95,16.89,0.44,1.04,10,592.16
44378.04,17.65,16.98,0.25,0.86,9.92,591.96
44378.08,17.68,17.1,0.41,1.28,9.92,591.74
44378.12,17.51,17.22,0.54,1.45,9.92,591.34
44378.17,17.15,16.87,0.57,1.42,10,591.23
44378.21,17.18,16.8,0.69,1.49,10,591.24
44378.25,17.05,16.57,0.43,0.84,10,591.31
44378.29,16.69,16.31,0.44,1.03,10,591.58
44378.33,16.18,16.17,0.42,1.98,10,591.59
44378.38,15.82,15.82,0.53,1.93,10,591.71
44378.42,17.78,15.67,0.65,1.66,10,591.87
44378.46,18.1,15.66,0.94,1,10,591.7
44378.5,17.74,15.46,1.35,1.1,10,591.9
44378.54,18.91,15.91,1.31,1.22,10,591.68
44378.58,18.63,15.9,1.32,1.33,10,591.43
44378.62,18.9,15.66,1.23,1.58,10,590.95
44378.67,17.73,15.22,1.25,1.39,10,590.61
44378.71,18.14,15.28,1.38,0.91,10,590.29
44378.75,17.21,15.36,1.27,0.69,10,591.6
44378.79,17.39,15.51,0.99,0.81,10,590.82
44378.83,17.48,15.83,0.54,0.99,9.98,591.49
44378.88,17.47,16.08,0.5,0.85,10,591.68
44378.92,17.51,16.12,0.55,0.64,10,591.8
44378.96,16.67,15.8,0.14,0.46,10,592.13
44379,16.69,15.93,0.15,1.74,10,591.94
44379.04,16.67,15.89,0.5,0.47,10,591.38
44379.08,16.75,16.04,0.51,2.67,10,591.11
44379.12,16.8,16.19,0.38,1.26,10,590.86
44379.17,16.36,15.98,0.59,0.82,10,590.89
44379.21,16.39,15.95,0.48,0.52,10,590.74
44379.25,16.5,15.45,0.4,1.26,10,591.36
44379.29,16.54,15.29,0.31,1.88,10,591.6
44379.33,16.54,14.71,0.21,2.92,10,591.62
44379.38,16.49,14.61,0.43,1.74,9.95,591.47
44379.42,19.09,15.23,0.5,1.52,9.59,591.39
44379.46,19.3,15.02,0.48,1.14,9.76,591.43
44379.5,19.29,14.82,0.15,3.02,10,591.26
44379.54,21.94,15.29,0.32,0.98,10,591.11
44379.58,21.74,15.39,1,0.82,10,590.82
44379.62,21.75,15.72,1.58,0.83,9.96,590.88
44379.67,20.61,15.96,1.89,0.88,9.53,590.96
44379.71,20.3,16.37,2.17,0.89,10,590.93
44379.75,18.26,16.32,2.24,0.8,10,591.59
44379.79,18.21,16.46,1.54,0.73,10,591.82
44379.83,18.18,16.58,1.4,0.84,10,592.49
44379.88,18.14,16.77,1.43,0.95,10,592.77
44379.92,17.81,16.76,1.29,1.03,10,593.26
44379.96,16.52,16.23,1.07,1,10,593.69
44380,16.65,16.45,0.98,1.19,10,593.8
44380.04,16.73,16.45,0.69,1.72,10,593.43
44380.08,16.76,16.49,0.43,2.47,10,592.96
44380.12,16.88,16.54,0.54,2.01,10,592.63
44380.17,16.54,16.1,0.69,1.29,10,592.58
44380.21,16.52,15.89,0.89,0.93,10,592.48
44380.25,16.72,15.89,0.6,0.96,10,592.73
44380.29,16.46,15.72,0.43,0.53,9.24,592.8
44380.33,16.02,15.32,0.47,0.73,9.37,593.12
44380.38,15.95,15.06,0.2,1.45,9.27,592.92
44380.42,19.41,16.11,0.31,3.12,9.41,593.11
44380.46,19.49,16.67,0.17,2.52,9.23,593.1
44380.5,19.11,16.4,0.66,2.89,8.95,592.97
44380.54,20.45,16.9,0.78,2.76,9.85,592.76
44380.58,20.6,16.69,0.51,2.9,10,592.28
44380.62,21.24,15.93,0.57,3,10,591.9
44380.67,22.57,15.45,0.84,3.14,10,591.62
44380.71,22.41,15.44,0.87,0.23,10,591.28
44380.75,20.85,14.7,1.19,0.53,9.5,591.7
44380.79,21.17,14.57,0.9,0.2,5.1,591.6
44380.83,21.26,15.91,1.27,0.6,8.7,592.32
44380.88,21.32,15.69,1.58,0.68,9.67,592.32
44380.92,21.13,16,1.5,0.72,10,592.79
44380.96,19.19,15.97,1.12,0.66,9.98,593.23
44381,18.84,16.06,0.84,0.73,10,593.18
44381.04,18.5,15.99,1.1,0.73,10,593.03
44381.08,18.59,15.87,1.11,0.75,10,592.69
44381.12,18.32,15.98,0.61,0.84,9.98,592.49
44381.17,17.75,15.72,0.95,0.82,10,592.27
44381.21,17.74,15.81,0.89,0.64,10,592.24
44381.25,17.37,16.11,0.94,0.5,10,592.4
44381.29,17.84,16.02,1.17,0.27,10,592.64
44381.33,17.63,15.58,1.18,0.38,10,592.98
44381.38,17.3,15.61,1.29,0.44,10,593.03
44381.42,19.2,16.14,1.21,0.42,10,593.11
44381.46,18.93,16.23,1.26,0.45,10,593.25
44381.5,19.45,16.24,1.23,0.42,10,593.18
44381.54,22.2,17.54,1.33,0.6,10,593.05
44381.58,22.11,17.82,1.43,0.72,9.17,592.59
44381.62,22.32,18.29,1.36,0.65,6.52,592.22
44381.67,23.22,18.86,1.55,0.83,9.09,591.81
44381.71,23.54,18.9,1.88,0.66,9.92,591.43
44381.75,20.95,17.47,2.19,0.62,9.58,592.41
44381.79,20.41,17.04,1.95,0.5,8.79,592.44
44381.83,20.33,16.84,1.16,0.72,10,592.68
44381.88,20.42,16.94,1.25,0.64,10,592.72
44381.92,19.89,17.18,1.25,0.52,10,593.16
44381.96,18.44,16.87,1.11,0.75,10,593.52
44382,18.39,17,1.16,0.64,10,593.69
44382.04,18.33,17.21,0.92,0.82,10,593.48
44382.08,18.36,17.47,0.82,0.7,10,592.98
44382.12,18.32,17.31,0.66,0.12,10,592.91
44382.17,17.66,17.09,0.62,0.34,10,592.61
44382.21,17.9,17.2,0.47,0.93,10,592.65
44382.25,17.41,16.62,0.55,1.42,10,592.5
44382.29,17.34,16.51,0.41,2.56,10,593.04
44382.33,17.18,16.57,0.24,2.5,10,593.16
44382.38,16.69,16.68,0.2,1.86,10,593.28
44382.42,17.55,17.4,0.22,1.67,10,593.49
44382.46,16.94,16.83,0.34,1.37,10,593.56
44382.5,17.33,16.39,1.17,1.1,10,593.44
44382.54,19.01,16.47,1.25,0.96,10,593.41
44382.58,19.47,16.63,1.32,1.08,10,592.99
44382.62,19.94,16.73,1.61,0.96,9.7,592.56
44382.67,20.97,17.53,2.14,0.85,8.79,591.65
44382.71,20.79,17.34,1.65,0.57,10,592.02
44382.75,18.05,16.59,1.79,0.62,9.9,592.47
44382.79,18.12,16.42,1.13,1.03,9.93,593.05
44382.83,18.45,16.35,1.24,0.61,9.92,593.02
44382.88,18.34,16.69,1,0.6,10,593.33
44382.92,18.17,16.87,0.95,0.42,10,593.53
44382.96,17.16,16.45,0.89,1.12,10,593.89
44383,17.35,16.78,1.02,1.41,10,594
44383.04,17.28,16.86,0.95,1.38,10,593.87
44383.08,17.16,16.85,0.79,1.29,10,593.5
44383.12,17.18,16.8,0.8,1.07,10,592.92
44383.17,16.85,16.77,0.74,0.89,10,592.82
44383.21,16.78,16.65,0.82,0.78,10,592.86
44383.25,16.59,16.36,0.87,1.39,10,592.62
44383.29,16.69,16.36,0.95,0.93,9.98,593.26
44383.33,16.67,16.2,1.01,0.89,9.98,593.19
44383.38,16.52,16.22,0.98,0.98,9.77,593.27
44383.42,17.87,16.67,1.04,0.81,9.88,593.6
44383.46,17.44,16.3,1.21,0.79,9.95,593.53
44383.5,17.2,15.88,1.26,0.77,9.98,593.56
44383.54,19.26,16.79,1.47,0.71,9.98,593.34
44383.58,19.17,16.51,1.32,0.56,9.8,592.95
44383.62,18.93,16.17,1.42,0.65,10,592.74
44383.67,18.48,16.22,1.37,0.7,9.92,592.16
44383.71,18.35,16.41,1.06,1.12,9.99,592.25
44383.75,17.95,16.77,1.28,1.08,10,592.53
44383.79,18.02,16.84,0.71,0.56,10,593.12
44383.83,18.29,16.96,0.62,0.59,10,593.86
44383.88,18.64,17.18,0.68,0.87,10,594.14
44383.92,18.6,17.44,0.49,0.78,10,594.55
44383.96,17.45,17.21,0.5,0.18,10,595.08
44384,17.43,17.17,0.55,2.86,10,595.02
44384.04,17.31,17.1,0.21,2.31,10,594.77
44384.08,17.21,17.04,0.13,2.83,10,594.51
44384.12,17.26,16.98,0.08,1.14,10,594.54
44384.17,16.77,16.64,0.26,0.92,10,594.1
44384.21,16.77,16.53,0.56,1.14,10,594.15
44384.25,17.88,17.25,0.53,0.52,9.98,594.46
44384.29,17.85,17.23,0.6,1.14,10,594.74
44384.33,18.02,17.04,0.98,0.97,9.61,594.81
44384.38,18.1,16.97,1.22,0.62,9.95,594.84
44384.42,21.99,17.14,1.15,0.28,9.4,595.04
44384.46,22.29,17.27,0.41,2.73,9.63,595.13
44384.5,22.23,17.49,0.74,0.09,9.76,595.02
44384.54,25.33,18.69,0.95,0.09,9.84,594.97
44384.58,25.26,19.11,0.92,0.24,9.71,594.4
44384.62,23.89,19.12,1,0.22,9.28,594.1
44384.67,24.1,19.74,1.01,0.46,9.56,593.81
44384.71,21.66,18.19,1.09,0.83,10,593.5
44384.75,20.04,17.98,1.56,0.11,9.49,593.6
44384.79,20.27,17.83,0.74,0.52,9.54,594.1
44384.83,20.2,18.15,1,0.66,10,594.68
44384.88,20.2,17.78,0.48,0.61,10,594.77
44384.92,20,17.79,0.56,1.05,10,595.11
44384.96,17.72,17.03,0.51,1.28,10,595.66
44385,17.86,17.07,0.28,2.84,10,595.71
44385.04,17.73,17.16,0.65,1.42,9.98,595.35
44385.08,17.8,17.19,1.1,0.91,10,595
44385.12,17.71,17.01,1.24,0.95,9.92,594.58
44385.17,17.01,16.47,1.2,0.92,9.98,594.14
44385.21,16.75,16.14,1.14,1.25,9.8,594.24
44385.25,16.97,16.48,0.63,2.26,9.94,595.12
44385.29,16.54,16.33,0.59,2.21,9.96,594.92
44385.33,17.52,16.97,0.41,3.11,9.71,595.17
44385.38,18.28,17.02,0.89,0.03,9.33,595.48
44385.42,21.67,18.19,0.94,2.84,9.67,595.68
44385.46,22.09,18.7,0.93,2.39,9.57,595.53
44385.5,22.9,19.51,0.73,2.45,9.89,595.48
44385.54,25.17,20.04,0.58,3.06,10,595.22
44385.58,24.32,19.65,0.74,0.12,9.96,594.76
44385.62,23.28,19.21,0.63,0.21,9.99,594.23
44385.67,23.05,18.82,1.29,0.34,9.97,593.96
44385.71,21.96,18.1,0.44,0.83,10,594.33
44385.75,19.39,18.39,1.01,0.72,10,594.18
44385.79,19.83,18.2,1.12,0.69,10,594.18
44385.83,20.39,18.47,0.86,0.8,10,594.31
44385.88,20.69,18.47,1.15,0.77,10,594.47
44385.92,20.06,18.37,1.15,0.66,10,594.76
44385.96,18.7,17.88,0.87,0.53,9.92,595.06
44386,18.98,18.16,1.08,0.27,10,594.98
44386.04,18.77,17.88,0.84,2.82,10,594.84
44386.08,18.95,17.96,0.42,1.44,10,594.57
44386.12,18.4,17.43,0.86,1.18,10,594.15
44386.17,18.06,17.42,0.67,1.1,10,593.89
44386.21,17.74,16.97,1.39,1.4,10,593.84
44386.25,18.3,17.4,1,1.4,9.98,594.26
44386.29,19,17.53,1.2,1.36,9.94,594.34
44386.33,19.46,17.48,1.38,1.29,9.87,594.58
44386.38,19.8,17.04,2.09,1.03,10,594.44
44386.42,22.4,17.45,2.17,0.91,10,594.74
44386.46,22.7,17.78,1.96,0.82,10,594.54
44386.5,23.36,18.32,1.77,0.83,10,594.43
44386.54,25.43,18.62,1.82,0.85,10,594.21
44386.58,25.55,18.59,1.71,0.9,10,593.73
44386.62,25.72,18.24,1.77,1.1,9.92,593.31
44386.67,25.38,18.3,1.65,1.27,10,592.95
44386.71,24.62,17.84,1.69,1.29,9.9,592.73
44386.75,22.56,16.08,0.07,0.04,9.92,592.44
44386.79,22.64,16.74,1.02,1.77,10,593.04
44386.83,22.6,16.78,1.2,1.62,9.83,593.27
44386.88,22.68,15.95,1.28,1.71,9.67,593.26
44386.92,21.83,15.92,1.6,1.36,9.73,593.28
44386.96,20.24,15.88,1.5,1.33,9.75,593.55
44387,19.93,16.25,1.75,1.39,9.83,593.5
44387.04,19.37,15.88,2.07,1.31,9.7,593.35
44387.08,18.77,15.56,2.14,1.15,9.6,592.76
44387.12,18.51,15.68,2.28,1.23,9.91,592.49
44387.17,17.98,15.16,2.37,1.13,10,592.09
44387.21,17.75,15.11,2.09,1.08,10,592.05
44387.25,18.91,16.01,2.1,1.18,10,592.16
44387.29,19.33,16.13,1.52,1.05,10,592.19
44387.33,19.45,16.29,2.05,0.97,10,592.2
44387.38,19.38,16.29,2.47,0.85,10,592.18
44387.42,21.97,16.29,2.84,0.75,10,592.4
44387.46,21.92,15.8,2.6,0.78,10,592.47
44387.5,22.3,15.64,2.71,0.75,10,592.7
44387.54,25.03,15.65,2.73,0.73,10,592.43
44387.58,25.49,15.73,3.08,0.69,9.71,591.9
44387.62,25.81,15.55,3.06,0.76,9.64,591.46
44387.67,25.01,15.14,2.83,0.87,9.94,591.19
44387.71,25.09,15.39,2.71,0.96,9.72,591.01
44387.75,24.09,15.53,2.04,1.11,9.52,591.25
44387.79,24.24,15.99,1.47,1.12,9.66,591.76
44387.83,23.4,15.96,1.59,1.03,9.18,592.1
44387.88,23.45,15.52,0.91,1.04,8.84,592.41
44387.92,23.16,15.51,1.12,1.08,8.62,593.09
44387.96,21.21,15.29,1.37,1.16,9.92,593.21
44388,21.12,15.06,1.34,0.99,10,593
44388.04,20.42,15.35,1.53,0.94,9.98,593.06
44388.08,20.26,15.34,1.54,0.94,9.9,592.74
44388.12,20.3,15.24,1.58,1.09,9.71,592.51
44388.17,19.89,15.19,1.55,1.09,10,592.39
44388.21,19.82,15.27,1.55,1.11,10,592.31
44388.25,20.11,16,1.6,1.18,9.98,592.28
44388.29,20.23,16.49,1.64,1.2,9.98,592.59
44388.33,20.36,15.89,1.42,1.08,10,592.68
44388.38,20.75,15.76,1.45,0.96,9.98,592.89
44388.42,22.65,15.86,1.84,0.82,10,593.26
44388.46,23.09,16.03,1.86,0.78,9.98,593.16
44388.5,23.5,15.89,2.37,0.64,10,593.23
44388.54,25.27,15.49,2.02,0.71,9.84,592.95
44388.58,24.87,15.37,1.54,0.8,10,593
44388.62,24.55,15.42,1.24,0.92,10,592.67
44388.67,25.7,15.47,1.46,0.75,10,592.56
44388.71,25.76,15.35,1.26,0.95,9.98,591.96
44388.75,23.79,15.45,0.73,2.77,9.89,592.32
44388.79,24.01,14.7,0.36,0.77,9.42,592.63
44388.83,24.61,14,0.79,1.38,9.78,592.76
44388.88,24.45,14.4,0.49,1.57,9.73,592.84
44388.92,23.53,14.85,0.59,0.85,9.73,593.14
44388.96,20.85,14.83,0.15,1.93,9.85,593.24
44389,20.71,14.83,0.68,1.26,10,593.29
44389.04,20.23,14.7,1.01,1.18,9.9,593.16
44389.08,20.32,14.63,1.08,1.13,9.9,593.02
44389.12,20.17,14.65,1.25,1.06,10,592.78
44389.17,19.63,14.59,1.31,0.82,9.32,592.64
44389.21,19.5,14.83,1.43,0.8,9.62,592.34
44389.25,19.82,15.77,1.73,0.93,8.39,592.71
44389.29,19.65,16.58,1.74,0.9,7.22,592.81
44389.33,20.04,15.98,1.31,0.68,8.12,592.9
44389.38,20.17,15.97,1.4,0.56,9,592.9
44389.42,24.37,16.61,1.95,0.46,7.02,592.99
44389.46,23.66,16.74,1.97,0.27,6.2,593.13
44389.5,23.85,16.92,1.74,0.21,7.46,592.97
44389.54,25.97,16.71,1.41,0.26,4.81,592.81
44389.58,26.45,16.69,1.23,0.36,4.88,592.44
44389.62,26.97,16.73,1.04,0.6,4.83,592.19
44389.67,27.26,17.08,0.82,1.17,7.16,591.98
44389.71,27.57,17.22,0.81,2.94,8.3,591.62
44389.75,23.85,17.87,0.52,0.58,7.31,591.81
44389.79,22.66,17.06,0.64,0.62,7.86,591.72
44389.83,22.63,17.86,0.84,0.07,8.83,592.22
44389.88,23.25,17.2,0.87,1.03,8.64,592.33
44389.92,22.58,17.33,0.83,3.11,8.44,592.68
44389.96,20.03,17.06,0.43,1.9,8.46,593.04
44390,20.17,17.06,0.47,1.64,9.08,592.95
44390.04,19.79,16.91,0.85,1.26,9.71,592.68
44390.08,19.98,16.81,0.95,1.12,9.81,592.28
44390.12,19.77,16.64,0.98,1.1,10,592.07
44390.17,18.84,16.5,1.16,1.04,8.91,591.81
44390.21,18.99,16.28,1.35,0.88,3.39,591.72
44390.25,20.24,17.41,1.38,1,5.62,591.61
44390.29,19.06,17.32,1.49,1.07,0.64,591.88
44390.33,20.23,17.54,1.21,1,0.22,592.21
44390.38,21,17.34,1.5,0.79,0.31,592.27
44390.42,25.63,17.37,1.67,0.64,0.76,592.5
44390.46,25.6,17.32,1.49,0.5,1.88,592.65
44390.5,25.79,17.46,1.35,0.56,3.25,592.64
44390.54,27.91,17.7,1.36,0.7,4.05,592.34
44390.58,27.89,17.79,1.24,0.91,4.94,591.9
44390.62,27.53,17.88,1.05,1.4,5.36,591.75
44390.67,27.27,18.05,0.47,2.01,7.1,591.21
44390.71,27.54,17.8,1.28,1.06,8.58,591.09
44390.75,22.92,17.15,0.72,3.14,9.11,590.7
44390.79,23.64,17.04,0.89,2.92,9.29,591.55
44390.83,23.41,17.56,0.62,0.44,9.09,591.6
44390.88,23.27,17.26,0.78,0.57,8.81,591.72
44390.92,23.35,17.32,0.35,2.74,6.43,592.17
44390.96,21.13,16.88,0.36,0.13,0.18,592.11
44391,21.04,16.98,0.45,0.2,0.04,592.55
44391.04,20.5,16.9,0.33,2.88,0.61,592.44
44391.08,20.33,16.8,0.45,1.42,1.19,592.08
44391.12,20,16.76,0.91,1.36,1.55,591.87
44391.17,18.82,16.31,1.11,1.43,2.43,591.72
44391.21,18.39,16.08,1.29,1.38,1.83,591.67
44391.25,18.86,16.61,1.5,1.56,1.32,591.41
44391.29,18.09,16.18,1.35,1.4,0.48,591.44
44391.33,19.65,16.37,0.94,1.3,0.29,591.66
44391.38,20.88,16.33,0.82,1.29,0.7,591.96
44391.42,24.46,16.48,1.38,1.15,3.71,592.1
44391.46,24.86,16.39,1.45,0.91,8.22,592.2
44391.5,25.02,16.25,1.78,1.01,9.03,592.05
44391.54,27.67,15.74,2,1.03,9.6,591.74
44391.58,27.55,15.57,2.05,0.95,9.52,591.29
44391.62,27.65,15.5,1.91,0.9,9.3,591.05
44391.67,28.48,16.02,1.69,0.98,9.5,591
44391.71,28.05,15.97,0.93,1.15,9.84,590.72
44391.75,24.41,17.04,1.71,0.34,10,591.94
44391.79,24.73,17.12,0.45,2.45,10,591.6
44391.83,25.57,16.87,0.46,2.11,10,591.47
44391.88,25.42,17.39,0.73,1.02,10,591.22
44391.92,25,17.97,1.2,0.8,10,591.42
44391.96,22.5,17.76,1.33,1.15,10,591.81
44392,22.14,17.97,1.62,1.05,10,592.12
44392.04,22.54,17.77,1.79,1.09,10,592.16
44392.08,22.26,17.87,1.78,1.01,10,591.76
44392.12,22.01,17.79,1.74,1.03,10,591.51
44392.17,20.43,17.49,1.73,1.17,10,591.33
44392.21,20.64,17.26,1.89,1.05,10,591.34
44392.25,19.8,16.95,1.75,0.97,10,591.58
44392.29,19.78,17.22,1.49,1.22,10,591.98
44392.33,20.61,17.51,1.44,1.12,10,592.16
44392.38,20.9,17.84,1.35,0.97,10,592.2
44392.42,23.33,17.59,1.71,1.1,10,592.25
44392.46,23.8,16.61,2.07,1.01,10,592.49
44392.5,24.32,16.4,1.67,0.9,10,592.68
44392.54,25.59,15.91,1.26,0.84,10,592.62
44392.58,25.79,15.52,0.86,1.06,10,592.62
44392.62,25.88,15.28,1.47,1.09,10,592.26
44392.67,26.19,15.1,1.58,1.23,10,592
44392.71,26.36,15.08,0.98,1.78,10,591.44
44392.75,24.48,16.2,0.46,1.32,10,591.86
44392.79,23.59,16.05,1.27,0.27,10,592.1
44392.83,23.24,16.65,1.14,0.21,10,593.08
44392.88,23.08,16.64,1.39,0.6,10,593.05
44392.92,22.53,17.48,1.39,0.61,10,593.57
44392.96,20.86,17.03,1.46,0.52,10,593.94
44393,20.73,17.51,1.28,0.38,10,594.13
44393.04,20.32,17.43,0.98,0.04,10,594.08
44393.08,20.16,17.17,0.55,3.04,10,593.93
44393.12,19.84,17.03,0.5,1.94,10,593.88
44393.17,19.43,17.14,0.87,1.59,10,593.63
44393.21,19.17,16.78,1.1,1.27,10,593.78
44393.25,19.14,17.4,0.63,1.74,10,594.47
44393.29,19.49,17.24,0.52,1.44,10,594.6
44393.33,19.46,16.97,0.69,1.02,10,594.9
44393.38,19.55,16.82,0.8,0.76,10,594.87
44393.42,21.18,16.94,1.13,0.42,10,595.16
44393.46,21.15,16.75,0.71,0.29,9.98,595.14
44393.5,21.11,16.63,0.23,0.11,9.98,595.04
44393.54,22.49,16.97,0.36,1.29,9.9,594.78
44393.58,22.67,17.33,0.94,0.8,10,594.46
44393.62,21.67,17.51,1.38,0.72,9.92,594.31
44393.67,21.14,17.81,1.37,1.26,10,594.18
44393.71,20.31,17.64,1.46,0.89,10,593.76
44393.75,19.15,17.04,1.3,1.09,9.89,593.44
44393.79,18.63,16.99,1.04,0.98,10,594.32
44393.83,18.75,16.81,0.87,0.43,9.9,594.46
44393.88,19.01,16.88,1.01,0.54,10,595
44393.92,18.76,16.53,0.8,1.07,10,595.42
44393.96,17.96,16.64,0.58,0.65,10,595.23
44394,18.31,16.88,0.54,0.27,10,595.23
44394.04,18.18,17.04,0.45,1.14,10,595.01
44394.08,18.19,17.25,0.54,1.57,10,594.7
44394.12,18.05,17.29,0.09,1.39,10,594.23
44394.17,17.61,16.96,0.2,1.89,10,594.04
44394.21,17.57,16.82,0.19,0.93,10,593.99
44394.25,17.57,16.56,0.76,1.6,10,594.02
44394.29,17.55,16.56,0.72,1.33,9.98,594.42
44394.33,17.17,16.44,0.35,2.76,10,594.42
44394.38,17.19,16.61,0.68,0.13,9.96,594.31
44394.42,19.1,17.07,0.54,3,10,594.69
44394.46,19.04,16.92,0.66,2.97,10,594.56
44394.5,19.27,16.66,0.83,2.69,10,594.39
44394.54,20.26,17.2,1.12,2,10,594.16
44394.58,20.06,17.01,1.22,1.74,10,594
44394.62,20.2,16.96,1.3,1.56,9.98,593.51
44394.67,21.41,16.8,1.27,1.42,9.36,593.16
44394.71,21.63,16.32,1.23,1.36,5.46,592.85
44394.75,19.82,17.25,1.65,1.18,7.85,592.51
44394.79,19.19,16.94,1.38,1.28,8.4,593.51
44394.83,18.55,16.87,1.59,0.95,6.88,593.66
44394.88,18.47,16.95,1.39,1.13,7.71,594.01
44394.92,18.14,16.58,1.38,1.78,8.57,594.55
44394.96,17.49,16.19,1.47,1.55,8.19,594.64
44395,17.31,16.05,1.57,1.47,8.36,594.32
44395.04,17.12,16.03,1.32,1.38,9.41,594.05
44395.08,17.02,16.11,1.27,1.27,9.86,593.61
44395.12,16.81,16.29,1.23,1.43,9.92,593.08
44395.17,16.24,16.04,1.03,1.75,9.84,592.88
44395.21,16.34,16.01,0.95,1.37,9.96,592.82
44395.25,17.37,16.87,1.32,1.07,9.73,593.32
44395.29,17.37,16.78,1.33,0.82,9.81,593.54
44395.33,16.96,16.62,1.67,1.2,9.98,593.96
44395.38,16.88,16.69,1.73,1.24,9.44,593.8
44395.42,19.02,17.44,1.44,1.06,5.91,593.82
44395.46,19.43,17.71,1.37,1.08,9.67,593.99
44395.5,19.81,18.03,1.41,1.18,9.17,594.23
44395.54,21.88,18.93,1.64,1.19,8.76,593.81
44395.58,22.22,18.78,1.91,1.12,8.43,593.23
44395.62,22.7,19.14,1.84,1.11,8.76,592.84
44395.67,21.93,18.16,1.96,1.19,9.05,592.06
44395.71,19.55,15.54,2.34,0.67,9.68,592.57
44395.75,19.55,16.3,2.08,0.78,9.03,593.65
44395.79,19.47,16.29,1.55,0.68,8.98,592.75
44395.83,19.07,16.51,1.16,0.74,8.69,593.42
44395.88,19.47,16.39,1.14,0.34,7.85,593.98
44395.92,19.39,15.93,0.92,1.48,6.97,594.54
44395.96,17.26,15.66,0.9,2.39,7.53,594.31
44396,17.11,15.37,0.97,2.73,6.73,594.2
44396.04,16.48,15.31,0.79,2.64,3.7,593.82
44396.08,16.2,15.44,0.43,0.98,2.49,593.58
44396.12,15.99,15.53,0.21,0.77,8.09,593.19
44396.17,15.03,14.5,0.25,1,10,593.11
44396.21,14.79,14.25,0.41,1.44,10,593.17
44396.25,14.72,13.82,0.17,2.15,10,593.22
44396.29,14.2,13.27,0.27,1.41,10,593.29
44396.33,14.45,13.65,0.39,0.99,10,593.48
44396.38,14.81,14.18,0.48,0.56,9.36,593.52
44396.42,19.92,15.5,0.3,0.75,3.25,594.09
44396.46,21.42,14.67,1.04,0.78,1.56,593.96
44396.5,21.8,13.92,1.72,0.87,2.75,593.93
44396.54,24,12.47,1.93,0.78,3.28,593.77
44396.58,23.87,12.32,1.88,0.64,5.27,593.38
44396.62,23.56,12.48,1.62,0.57,5.72,592.89
44396.67,23.88,14.06,1.66,0.7,5.35,592.48
44396.71,24.22,14.5,1.55,0.65,5.77,592.17
44396.75,21.71,14.82,1.62,0.81,7.65,592.23
44396.79,21.72,15.12,1.75,0.58,5.6,592.03
44396.83,21.83,15.06,1.95,0.7,3.98,592.69
44396.88,22.19,15.39,1.39,0.84,4.39,593.28
44396.92,21.13,15.98,0.82,0.49,3.7,593.79
44396.96,17.6,15.69,0.72,0.01,3.54,593.86
44397,17.57,15.91,0.41,2.92,2.08,593.9
44397.04,17.34,15.76,0.34,1.78,1.27,593.77
44397.08,17.26,15.98,0.63,2.04,1.98,593.46
44397.12,17.23,15.59,0.42,1.44,3.35,593.06
44397.17,16.82,14.49,0.21,2.12,8.36,592.98
44397.21,16.93,14.58,0.52,2.55,8.73,592.98
44397.25,16.63,16.09,1.31,0.6,9.92,593.52
44397.29,17.06,16.4,0.66,0.49,10,593.82
44397.33,17.09,16.32,0.27,2.22,9.94,593.74
44397.38,17.25,15.56,0.25,1.54,9.74,593.95
44397.42,21.86,16.18,0.63,1.19,9.2,593.85
44397.46,22.35,15.18,0.26,2.09,8.17,593.89
44397.5,22.58,14.85,0.79,0.31,7.4,593.8
44397.54,24.85,15.4,1.1,0.64,6.4,593.61
44397.58,24.84,16.13,1.19,0.63,5.79,592.89
44397.62,24.91,16.57,1.4,0.74,5.74,592.28
44397.67,23.64,15.85,1.35,0.48,5.58,591.52
44397.71,22.95,16.57,2.1,0.52,7.09,591.68
44397.75,22.11,14.75,2.43,0.24,5.37,591.4
44397.79,21.77,14.97,2.03,0.18,5.39,591.57
44397.83,21.05,16,1.57,0.39,7.42,592.95
44397.88,21.33,15.97,1.3,1.13,8.65,593.16
44397.92,20.9,16.03,1.11,0.71,8.16,593.51
44397.96,18.72,15.98,0.86,0.1,6.64,593.72
44398,18.89,16.76,0.67,0.04,5.65,593.81
44398.04,18.61,16.4,0.6,0.07,4.95,593.42
44398.08,18.48,16.41,0.46,2.53,5.32,593.17
44398.12,18.57,16.7,0.52,0.01,6.62,592.94
44398.17,17.79,16.59,0.08,0.78,10,592.71
44398.21,17.65,16.62,0.05,0.91,9.05,592.47
44398.25,17.75,15.87,0.57,2.75,6.22,592.28
44398.29,17.43,15.98,0.48,2.61,5.43,592.84
44398.33,17.73,16.03,0.38,2.56,4.65,592.99
44398.38,18.45,16.31,0.53,2.66,5.75,592.9
44398.42,22.55,16.23,0.44,3.05,4.52,593.33
44398.46,22.72,15.9,0.54,2.88,4.35,593.05
44398.5,22.65,16.61,0.6,3.06,2.95,592.93
44398.54,25.64,17.54,1.03,0.4,6.93,592.51
44398.58,25,17.97,1.43,0.65,9.79,592.16
44398.62,23.86,17.79,1.75,0.26,9.34,591.73
44398.67,22.56,17.47,1.87,1.3,9.77,591.57
44398.71,22.98,18.11,1.99,0.69,10,591.37
44398.75,20.77,17,1.61,0.3,9.21,590.34
44398.79,21.37,16.98,1.37,0.41,9.37,591.71
44398.83,21.19,17.23,1.12,0.76,9.85,592.21
44398.88,21.27,16.9,1.09,0.64,10,593.07
44398.92,20.31,16.34,0.93,2.76,10,593.75
44398.96,18.45,16.11,0.74,0.45,10,593.58
44399,18.39,16.38,0.47,2.72,10,593.57
44399.04,17.93,16.07,0.62,0.21,9.06,593.13
44399.08,17.79,15.98,0.91,0.63,9.77,592.74
44399.12,17.91,15.93,0.36,0.69,9.86,592.31
44399.17,16.61,15.44,0.3,2.05,9.47,592.15
44399.21,16.35,15.43,0.3,1.56,9.38,592.1
44399.25,17.4,16.21,1.01,0.41,9.7,591.65
44399.29,17.23,16.23,0.75,1.24,10,592.57
44399.33,17.82,16.46,0.67,2.39,10,592.76
44399.38,18.58,16.19,0.51,2.75,9.98,592.61
44399.42,22.42,16.33,0.56,0.24,10,592.8
44399.46,22.9,16.64,0.17,0.31,10,593.02
44399.5,23.01,17.24,0.09,2.17,10,592.72
44399.54,25.29,17.44,0.16,1.09,9.92,592.79
44399.58,25.2,17.94,0.63,0.58,9.85,592.2
44399.62,24.48,18.17,0.98,0.7,9.9,591.79
44399.67,23.38,17.21,1.56,0.69,9.77,591.28
44399.71,23.37,17.74,1.68,0.46,9.9,591.41
44399.75,19.47,16.12,1.35,0.44,10,591.49
44399.79,20.01,16.2,1.1,2.73,9.9,591.52
44399.83,20.46,16.74,1.19,0.19,9.96,592.22
44399.88,20.96,16.89,1.13,2.68,10,592.77
44399.92,20.41,17.31,0.81,2.41,9.98,593.06
44399.96,18.43,17.16,0.74,2.51,10,593.24
44400,18.6,17.14,0.12,2.63,10,593.28
44400.04,18.33,17.23,0.41,1.28,9.92,593.04
44400.08,18.4,17.04,0.17,2.14,10,592.8
44400.12,18.48,17.14,0.15,2.11,10,592.28
44400.17,17.56,16.83,0.26,1.33,10,592.38
44400.21,17.32,16.77,0.32,1.44,10,592.09
44400.25,16.94,16.15,0.4,1.79,10,592.28
44400.29,16.87,16.08,0.58,1.6,10,592.63
44400.33,17.45,16.53,0.49,1.27,10,592.51
44400.38,16.91,16.68,0.52,0.6,9.57,592.8
44400.42,21.31,17.56,0.73,1.05,8.5,593.05
44400.46,22.27,18.2,0.84,1.35,8.72,593.14
44400.5,22.46,18.27,0.67,1.53,9.53,593.01
44400.54,25.3,19.1,0.36,2.16,9.09,592.85
44400.58,25.3,19.46,0.71,3.02,6.95,592.4
44400.62,24.56,19.88,0.81,0.68,9.51,591.87
44400.67,22.96,19.87,0.96,0.8,9.72,590.99
44400.71,22.13,18.85,1.52,0.47,9.77,591.33
44400.75,20.05,17.61,1.54,0.05,7.09,591.15
44400.79,20.86,17.29,1.11,0.29,9.8,591.4
44400.83,21.13,18.4,0.76,3.1,8.6,591.89
44400.88,21.74,17.87,0.53,2.2,9.14,592.32
44400.92,20.85,17.73,0.54,0.17,9.09,592.48
44400.96,19.34,17.28,0.85,0.15,10,592.98
44401,19.26,17.45,0.64,1.35,9.92,593.28
44401.04,19.26,17.53,0.37,0.02,10,592.89
44401.08,19.19,17.81,0.46,0.59,10,592.64
44401.12,19.12,17.84,0.59,3.05,10,592.45
44401.17,18.67,17.55,0.62,2.68,10,592.41
44401.21,18.49,17.49,0.71,1.96,10,592.27
44401.25,18.38,17.17,0.68,1.69,10,591.91
44401.29,18.22,17.13,0.66,1.66,9.98,592.13
44401.33,18.51,16.79,0.49,0.78,9.61,592.67
44401.38,18.74,16.77,1.03,0.85,9.84,592.49
44401.42,21.56,17.93,1.24,0.79,9.92,592.42
44401.46,21.71,18.19,0.49,1.21,9.6,592.76
44401.5,22.2,19.09,0.3,0.17,9.16,592.94
44401.54,22.74,19.17,0.69,1.16,9.39,592.45
44401.58,22.35,19.2,1.67,0.72,10,592.55
44401.62,22.31,19.45,1.79,1.2,10,592.06
44401.67,21.35,18.83,1.57,0.73,9.99,591.97
44401.71,21.12,19.53,1.41,0.63,8.84,590.96
44401.75,18.53,18.07,1.63,0.77,9.15,592.63
44401.79,18.36,16.8,1.32,0.82,8.61,592.25
44401.83,18.71,16.81,0.54,0.76,9.98,592.33
44401.88,18.72,16.5,0.8,0.01,9.92,592.57
44401.92,18.19,16.31,0.47,0.09,10,593.52
44401.96,16.81,15.8,0.49,1.97,8.4,593.67
44402,16.98,16.05,0.83,2.49,8.76,593.68
44402.04,16.84,16.25,0.7,3.08,9.71,593.34
44402.08,16.93,15.56,0.5,0.25,8.64,593.16
44402.12,16.31,15.13,1.1,0.19,9.7,593.08
44402.17,15.89,14.94,0.46,3.01,10,593.06
44402.21,15.73,14.88,0.76,2.61,9.85,593.01
44402.25,16.07,15.68,0.48,2.3,6.09,592.87
44402.29,16.11,15.66,0.33,1.65,4.27,593.06
44402.33,16.4,15.65,0.46,1.55,5.24,593.03
44402.38,17.15,15.62,0.28,2.06,2.27,593.15
44402.42,21.23,16.69,0.39,2.96,4.02,593.52
44402.46,21.33,17.03,0.85,0.41,3.29,593.56
44402.5,21.6,17.22,1.04,0.53,6.89,593.4
44402.54,24.33,17.7,1.05,0.8,5.23,592.84
44402.58,24.23,17.95,1.32,0.83,6.48,592.29
44402.62,24.36,18.21,1.73,0.68,7.99,591.98
44402.67,22.98,16.9,1.76,0.46,9.65,591.41
44402.71,23.8,16.93,1.47,0.24,9.33,591.48
44402.75,21.47,19.55,0.89,0.74,6.88,590.57
44402.79,21.12,18.82,1.49,0.56,7.78,591.7
44402.83,20.89,17.9,1.51,0.72,7.4,592.21
44402.88,20.91,17.58,1.3,0.27,6.38,592.65
44402.92,20.3,17.66,1.02,2.88,5.46,593.19
44402.96,18.28,17.22,0.44,2.29,4.16,593.32
44403,18.38,17.42,0.3,1.04,4.25,592.98
44403.04,18.25,17.54,0.61,0.96,2.91,592.76
44403.08,18.05,17.15,0.74,1.28,4.54,592.36
44403.12,17.99,17.27,0.78,1.47,5.88,592.18
44403.17,17.41,16.97,0.79,1.36,8.55,591.87
44403.21,17.47,16.96,0.85,1.28,8.6,591.86
44403.25,17.92,16.79,0.87,1.36,5.86,591.49
44403.29,17.48,16.66,1.14,1.44,7.34,591.78
44403.33,18.11,16.96,1.08,1.09,9.78,591.79
44403.38,18.4,16.44,0.96,0.9,8.35,591.77
44403.42,22.93,16.64,0.81,0.57,2.58,591.95
44403.46,22.82,16.92,0.11,1.98,2.94,592.26
44403.5,22.69,17.27,0.92,0.08,3.77,591.93
44403.54,24.75,17.78,1.22,0.07,6.51,591.67
44403.58,24.27,18.59,1.3,0.06,9.31,591
44403.62,23.94,19.24,1.34,0.24,9.2,590.57
44403.67,20.96,17.58,1.48,0.45,9.92,590.22
44403.71,21.6,18.85,1.54,0.68,9.9,589.69
44403.75,19.54,18.89,1.4,0.01,8.93,590.32
44403.79,19.19,18.29,1.35,0.64,7.57,590.8
44403.83,20.02,17.93,1.64,0.75,8.13,591.04
44403.88,19.9,17.15,1.5,0.87,8.6,591.76
44403.92,19.29,17.27,1.17,0.89,9.98,592.16
44403.96,17.26,15.84,1.19,0.26,10,592.61
44404,17.53,16.27,0.72,0.76,10,592.57
44404.04,17.41,16.35,0.53,0.95,10,592.51
44404.08,17.5,16.46,0.57,1.84,10,592.12
44404.12,17.65,16.53,0.4,2.94,10,592.17
44404.17,17.26,16.47,0.28,2.95,10,592.03
44404.21,17.18,16.31,0.43,0.23,10,591.8
44404.25,18.38,16.63,0.56,1.52,9.81,591.95
44404.29,18.47,16.52,0.65,1.33,8.87,591.93
44404.33,18.05,16.37,0.49,1.59,7.68,592.1
44404.38,17.96,16.42,0.51,1.34,9.16,592.15
44404.42,21.33,17.42,0.76,1.06,9.68,592.33
44404.46,21.46,17.63,1.12,1.13,9.95,592.49
44404.5,21.76,18.19,1.47,1.02,9.2,592.27
44404.54,21.37,18.24,1.67,0.97,8.04,591.98
44404.58,20.81,17.89,1.63,0.91,8.55,591.8
44404.62,19.51,15.77,1.79,1.11,8.28,590.83
44404.67,19.49,16.44,2.33,0.85,9.91,591.12
44404.71,19.74,16.52,2.09,0.82,9.69,590.8
44404.75,19.87,17.37,1.31,0.47,8.78,590.82
44404.79,19.32,16.66,0.81,0.91,8.39,591.19
44404.83,19.62,16.52,0.51,0.61,9.35,591.14
44404.88,19.97,16.9,1.45,0.6,10,591.67
44404.92,19.44,16.96,0.86,0.7,10,592.16
44404.96,18,16.92,0.54,0.97,10,592.49
44405,18.27,17.16,0.44,0.89,9.92,592.87
44405.04,17.97,17.13,0.73,1.11,10,592.66
44405.08,18.12,17.27,0.84,1.34,10,592.42
44405.12,18.15,17.28,0.56,1.16,10,592.13
44405.17,17.67,16.82,0.23,0.87,10,592.11
44405.21,17.6,16.44,0.29,1.44,10,591.85
44405.25,17.9,17.37,0.34,1.79,10,591.76
44405.29,17.85,17.3,0.33,0.19,10,592.08
44405.33,17.48,16.96,0.09,1.15,10,592.41
44405.38,16.77,16.64,0.32,1.02,9.98,592.38
44405.42,19.07,16.47,0.51,1.55,9.92,592.65
44405.46,19.74,15.68,1,1.21,10,592.63
44405.5,19.75,15.88,1.06,1.11,10,592.57
44405.54,22.77,17.29,1.19,0.99,9.98,592.44
44405.58,23.27,17.66,1.11,1.11,9.96,591.96
44405.62,23.26,17.61,0.98,0.99,9.4,591.57
44405.67,24.08,17.48,1.24,1,7.22,591.04
44405.71,22.65,15.49,1.47,0.95,1.69,590.38
44405.75,21.73,15.54,1.73,0.86,2.6,591.13
44405.79,22.27,15,1.39,0.8,2.21,590.77
44405.83,22.97,14.36,1.29,0.5,4.06,591.36
44405.88,22.69,14.57,1.29,0.78,4.97,591.97
44405.92,21.91,14.95,1.07,0.51,3.03,592.33
44405.96,19.51,15.47,0.96,0.61,4.27,592.56
44406,19.24,15.56,0.85,1.06,4.69,592.84
44406.04,18.78,15.49,0.68,0.85,3.73,592.64
44406.08,18.49,15.7,0.69,0.92,3.33,592.62
44406.12,18.07,15.82,0.55,1.06,2.87,592.19
44406.17,16.78,15.51,0.27,0.65,2.99,592.12
44406.21,16.46,15.52,0.2,2.25,4.46,592.12
44406.25,17.51,15.96,0.46,0.99,4.44,592.59
44406.29,16.79,15.69,0.52,1.09,7.88,592.69
44406.33,17.28,16.04,0.63,0.76,8.53,592.78
44406.38,17.54,16.72,0.68,0.34,7.99,592.79
44406.42,22.02,15.94,0.61,2.93,0.64,592.98
44406.46,22.85,15.05,0.65,1.75,1.3,592.94
44406.5,23.51,14.65,0.84,1.1,1.64,592.86
44406.54,26.77,14.23,0.95,1.01,2.53,592.45
44406.58,26.66,13.67,1.14,1.01,1.79,592.03
44406.62,26.58,13.68,1.49,0.95,2.38,591.64
44406.67,27.2,13.5,1.73,1,3.24,591.27
44406.71,26.9,13.73,1.75,0.81,2.47,590.76
44406.75,23.63,14.96,1.7,0.47,5.64,591.38
44406.79,23.34,14.81,1.28,0.32,4.4,591.43
44406.83,23.11,15.98,1.21,0.5,6.69,592.12
44406.88,23.74,15.16,1.01,0.12,8.28,592.32
44406.92,22.74,16.07,1.07,0.62,8.18,592.83
44406.96,19.83,15.87,0.93,0.73,6.73,593.02
44407,19.72,15.95,0.64,0.33,6.88,593.15
44407.04,19.08,16.08,0.44,0.12,6.59,593.04
44407.08,19.16,16.25,0.27,2.58,3.74,592.84
44407.12,19.34,16.46,0.2,1.61,3.92,592.55
44407.17,18.79,16.43,0.24,1.34,5.95,592.46
44407.21,19.03,16.61,0.32,1.4,8.09,592.2
44407.25,18.45,16.37,0.73,1.16,9.47,592.71
44407.29,18.25,16.29,0.78,1.12,10,593.01
44407.33,18.63,16.51,0.79,0.97,10,592.99
44407.38,19.4,16.69,0.53,0.31,9.69,593.1
44407.42,23.69,16.43,0.68,0.27,9.28,592.95
44407.46,23.98,16.1,0.67,0.05,10,592.98
44407.5,24.32,16.26,0.3,2.71,10,592.95
44407.54,26.24,16,0.49,1.36,10,592.66
44407.58,26,15.88,0.84,1,9.97,592.44
44407.62,25.58,15.78,1.08,0.65,10,591.84
44407.67,22.21,15.69,1.49,0.67,9.92,591.59
44407.71,21.84,15.85,1.2,1.38,10,591.55
44407.75,21.75,14.9,0.71,2.03,10,591.97
44407.79,22.12,15.07,0.38,2.38,9.92,592.15
44407.83,22.6,14.88,1.11,2.96,10,592.39
44407.88,22.68,15,1.04,3.06,9.9,592.36
44407.92,22.23,15.33,0.92,0.16,9.92,592.7
44407.96,19.76,15.39,0.86,2.79,9.96,592.67
44408,20,15.84,0.57,0.07,10,592.86
44408.04,19.92,16.02,0.5,1.94,9.92,592.61
44408.08,19.69,16.65,1.02,2.02,10,592.53
44408.12,19.5,16.84,1.14,1.92,10,592.26
44408.17,18.46,16.14,0.86,1.81,9.92,592.13
44408.21,18.33,15.96,0.86,1.8,10,592.25
44408.25,17.21,14.49,0.85,1.94,10,592.88
44408.29,16.99,14,0.91,1.74,10,593.17
44408.33,16.34,13.35,0.66,1.63,10,593.57
44408.38,16.01,13.26,0.48,1.55,10,593.53
44408.42,17.93,13.78,0.42,0.67,10,593.52
44408.46,18.17,14.2,0.19,0.94,10,593.77
44408.5,18.34,14.59,0.53,0.56,10,593.56
44408.54,19.89,14.54,0.9,0.39,10,593.45
44408.58,19.46,14.42,1.17,0.34,9.92,593.03
44408.62,19.95,14.79,1.28,0.25,9.9,592.82
44408.67,20.23,14.76,1.24,0.14,9.77,592.5
44408.71,20.52,14.61,1.05,3.1,9.98,592.16
44408.75,18.48,12.96,0.59,0.05,8.87,592.68
44408.79,19.03,12.8,0.35,2.28,9.05,592.18
44408.83,19.65,14.17,0.98,0.75,8.13,592.53
44408.88,19.92,12.75,0.9,0.76,6.71,592.82
44408.92,19.54,13.04,0.85,0.58,6.43,593.32
44408.96,18.03,14.31,0.95,0.43,6.25,593.27
44409,18.19,14.69,1.03,0.68,3.78,593.07
44409.04,18.18,13.92,0.99,1.09,3.33,592.77
44409.08,18.46,13.27,0.96,1.26,0.3,592.54
44409.12,18.55,13.4,0.98,1.18,0.08,592.1
44409.17,17.75,13.17,0.92,1.29,0.08,592.04
44409.21,17.44,13.25,0.91,1.24,0.08,591.88
44409.25,17.17,13.42,0.91,1.17,0,592.34
44409.29,16.55,13.31,0.94,1.01,0,592.33
44409.33,16.73,13.86,0.84,0.84,0.08,592.46
44409.38,17.59,14.12,0.78,0.65,0,592.74
44409.42,23.9,13.13,0.61,0.27,0,592.89
44409.46,24.05,11.9,0.26,2.35,0,592.91
44409.5,24.01,10.78,0.5,1.05,0,592.55
44409.54,27.39,8.57,1.07,0.8,0,592.25
44409.58,27.41,8.57,1.64,0.71,0,591.86
44409.62,27.37,8.56,1.92,0.72,0,591.75
44409.67,28.64,6.96,2,0.74,0,591.29
44409.71,28.44,6.76,2,0.7,0,591.13
44409.75,24.83,9.1,1.79,0.6,0,591.28
44409.79,25.17,10.25,1.36,0.47,0,591.1
44409.83,26.29,5.14,0.99,0.38,0,591.61
44409.88,25.39,6.91,0.61,2.59,0,591.86
44409.92,23.44,8.37,0.47,2.37,0,592.26
44409.96,18.48,9.36,0.23,1.48,0,592.57
44410,18.29,9.67,0.25,1.11,0,592.8
44410.04,17.29,9.75,0.2,1.21,0,592.84
44410.08,17.24,9.83,0.27,1.38,0,592.55
44410.12,17.26,9.83,0.25,1.29,0,592.45
44410.17,15.88,9.36,0.27,1.52,0,592.35
44410.21,15.8,9.33,0.27,1.39,0,592.5
44410.25,16.78,9.51,0.65,1.09,0,592.47
44410.29,16.45,9.28,0.61,1.18,0,593.02
44410.33,15.81,10.42,0.57,1.07,0,593.06
44410.38,16.41,10.97,0.39,0.03,0,593.11
44410.42,23.44,11.64,0.4,2.2,0,593.08
44410.46,23.76,11.42,0.29,1.62,0.16,593.16
44410.5,24.06,10.74,0.52,0.97,0.3,593
44410.54,27.55,9.27,0.94,0.64,0.41,592.73
44410.58,27.73,8.89,1.25,0.55,0.35,592.47
44410.62,27.85,8.91,1.4,0.46,0.18,592.18
44410.67,28.99,8.16,1.55,0.45,0.23,591.74
44410.71,29.04,8.37,1.65,0.37,0.16,591.54
44410.75,25.36,10,1.74,0.29,0.18,591.61
44410.79,25.57,11.04,1.43,0.33,0.08,591.62
44410.83,26.85,6.27,1.44,0.24,0.08,591.64
44410.88,25.96,8.31,1.38,2.99,0,592.05
44410.92,24.15,10.73,1.3,2.69,0,592.57
44410.96,20,10.91,0.91,2.39,0,593.06
44411,19.46,11.39,0.73,2.04,0.15,593.18
44411.04,18.38,11.55,0.7,1.58,0,593.14
44411.08,18.39,11.86,0.7,1.36,0.16,593.09
44411.12,18.38,11.96,0.73,1.37,0.1,592.69
44411.17,16.83,12.1,0.84,1.4,0.02,592.51
44411.21,16.86,12.36,0.87,1.41,0.1,592.46
44411.25,17.87,12.44,1.03,1.54,0,592.39
44411.29,17.36,12.33,1.16,1.67,0,592.54
44411.33,17.17,13.01,1.04,1.4,0,593.09
44411.38,17.96,13.13,0.99,1.11,0,593.16
44411.42,24.85,13.51,1.32,1.13,0,593.26
44411.46,25.19,13.58,1.32,1.24,0,593.34
44411.5,25.54,13.43,1.01,1.67,2.62,593.16
44411.54,28.45,11.65,0.88,2.51,1.91,593.01
44411.58,28.64,11.47,1.18,2.98,3.14,592.58
44411.62,28.38,11.34,1.45,3.12,3.95,592.4
44411.67,29.52,10.56,1.65,0.01,2.79,592.24
44411.71,29.54,10.49,1.69,0.04,2.79,592.01
44411.75,26.27,10.91,1.71,0.25,4.46,592.39
44411.79,26.04,14.22,1.16,0.39,2.44,592.12
44411.83,27.99,7.29,1.54,0.43,2.71,592.61
44411.88,27.35,9.34,1.54,0.51,1.84,593.26
44411.92,26.08,11.06,1.44,0.59,1.34,594.14
44411.96,22.05,12.18,1.03,0.75,4.33,594.47
44412,21.62,12.59,0.87,0.94,3.27,594.56
44412.04,20.51,13.15,0.57,0.99,2.38,594.46
44412.08,20.14,13.41,0.33,0.5,1.31,594.36
44412.12,19.95,13.58,0.41,0.6,1.06,594.19
44412.17,18.41,13.56,0.38,0.44,0.71,593.96
44412.21,18.32,13.7,0.39,0.49,0.78,594.1
44412.25,19.44,13.76,0.42,2.11,1.03,594.11
44412.29,19.4,13.81,0.3,1.66,1.83,594.53
44412.33,18.79,14.35,0.43,1.26,0.75,594.63
44412.38,18.98,15.3,0.35,0.8,0.3,594.54
44412.42,24.9,17.37,0.17,1.46,0.3,594.68
44412.46,24.66,17.85,0.56,2.45,4.33,594.43
44412.5,24.97,18.13,0.66,2.48,3.72,594.35
44412.54,27.74,18.07,0.74,2.84,1.98,593.73
44412.58,28.12,17.91,1.04,3.13,2.43,593.42
44412.62,28.14,17.71,1.16,0.01,3.2,592.95
44412.67,29.1,17.51,1.28,3.12,1.6,592.72
44412.71,28.89,17.08,1.39,0.04,0.89,592.08
44412.75,25.34,13.59,1.46,0.03,2.18,591.86
44412.79,25.72,13.48,1.33,0.22,2.48,591.54
44412.83,26.61,11.71,1.44,0.24,0.86,591.95
44412.88,26.45,12.12,1.57,0.28,1.02,592.64
44412.92,25.34,13.29,1.4,0.22,1.3,593.15
44412.96,20.8,13.97,1.29,0.32,1.09,593.33
44413,20.39,14.18,0.95,0.18,1.6,593.5
44413.04,19.41,14.49,0.64,3,3.56,593.31
44413.08,19.36,14.75,0.62,2.62,4.45,593.01
44413.12,19.05,14.89,0.42,2.53,3.1,592.6
44413.17,17.84,15.13,0.51,2.54,3.59,592.45
44413.21,17.72,15.24,0.5,2.3,3.75,592.61
44413.25,19.21,15.08,0.71,2.03,7.23,592.41
44413.29,18.94,15.26,0.86,1.85,7.36,592.97
44413.33,18.97,15.76,0.68,1.51,7.52,592.97
44413.38,19.37,15.99,0.56,1.53,6.34,592.57
44413.42,24.18,16.46,0.57,2.35,5.54,592.98
44413.46,24.38,15.93,0.63,2.5,6.17,593.01
44413.5,24.31,15.69,0.62,2.96,7.78,592.88
44413.54,26.75,15.36,0.6,3.04,6.91,592.44
44413.58,26.8,15.7,0.87,3.12,6.55,592.02
44413.62,26.89,15.85,1.29,0.17,7.65,591.76
44413.67,25.82,15.83,1.62,0.15,7.52,591.5
44413.71,24.55,17.27,1.83,0.2,8.26,591.31
44413.75,22.4,17.95,2.26,0.46,8.8,591.5
44413.79,22.33,17.78,1.65,0.53,9.17,591.5
44413.83,22.35,18.54,1.66,0.7,10,592.29
44413.88,22.06,18.69,1.59,0.58,10,592.57
44413.92,21.58,18.63,1,2.93,10,593.39
44413.96,19.58,17.47,0.8,0.28,10,593.62
44414,19.5,17.86,1.07,2.44,9.98,593.59
44414.04,19.21,17.65,1.06,1.9,10,593.53
44414.08,19.57,17.73,0.78,1.16,9.1,593.21
44414.12,19.92,17.83,0.62,0.61,8.79,592.84
44414.17,19.07,17.81,0.66,0.55,8.31,592.63
44414.21,19.2,17.64,0.77,1.47,7.29,592.43
44414.25,18.68,17.46,1.06,1.8,7.84,592.52
44414.29,18.58,17.39,0.84,1.44,8.82,592.61
44414.33,18.66,17.1,0.81,1.01,6.09,592.83
44414.38,18.86,17.04,1.11,1.1,4.29,592.49
44414.42,24.11,17.46,1.49,0.99,2.47,592.53
44414.46,24.69,16.86,1.41,0.96,3.49,592.58
44414.5,25.09,16.84,0.97,0.93,6.82,592.3
44414.54,28.37,16.38,0.54,1.37,7.22,592.04
44414.58,28.66,16.23,0.36,2.42,7.9,591.16
44414.62,28.43,16.58,1.54,0.17,8.91,591.29
44414.67,28.25,17.26,1.75,0.09,8.8,590.96
44414.71,26.63,18.16,1.8,3.05,9.37,590.62
44414.75,24.1,17.76,1.87,0.23,7.35,590.03
44414.79,24.42,17.91,1.57,0.12,7.71,590.47
44414.83,24.18,18.91,1.73,0.29,8.71,590.9
44414.88,23.65,18.99,0.7,0.95,10,591.88
44414.92,22.52,18.99,1.03,0.67,10,592.17
44414.96,19.76,18.61,0.88,0.53,10,592.61
44415,20.12,18.71,1.01,0.73,10,592.73
44415.04,19.91,18.85,0.58,1.04,10,592.48
44415.08,20.19,18.81,0.29,3.11,9.9,592.07
44415.12,20.49,18.97,0.36,2.49,9.96,591.73
44415.17,19.88,18.89,0.11,0.14,9.98,591.5
44415.21,19.97,19.03,0.27,0.11,9.96,591.38
44415.25,20.17,18.92,0.41,2.81,9.92,591.23
44415.29,20.16,18.76,0.52,2.63,10,591.7
44415.33,20.23,18.53,0.51,0.23,10,591.93
44415.38,20.26,17.71,0.59,0.31,10,591.97
44415.42,24.59,17.87,0.34,2.98,10,592.35
44415.46,24.92,17.69,0.29,1.89,10,592.3
44415.5,25.23,17.23,0.28,2.55,10,592.07
44415.54,26.76,17.35,0.7,0.03,10,591.88
44415.58,26.55,17.22,1.43,0.28,10,591.4
44415.62,26.32,17.19,2.09,0.41,10,591.56
44415.67,25.7,18.28,2.34,0.37,9.92,591.54
44415.71,24.78,18.73,1.77,0.68,10,591.52
44415.75,21.14,18.98,2.09,0.83,9.92,591.81
44415.79,21.2,19.01,1.77,0.7,10,591.82
44415.83,21.48,19,1.29,0.33,9.96,592.46
44415.88,21.64,19.07,1.32,0.5,10,592.41
44415.92,21.06,19.25,1.22,0.38,10,593.13
44415.96,19.61,18.86,0.73,0.4,10,593.38
44416,19.83,19.13,0.58,0.53,10,593.5
44416.04,19.7,19.04,0.6,0.25,10,593.32
44416.08,19.81,19,0.57,2.51,10,592.7
44416.12,20.08,19.18,0.57,0.93,10,592.71
44416.17,19.6,19.07,0.52,3.03,10,592.47
44416.21,19.93,19.16,0.19,0.09,10,592.14
44416.25,19.5,18.49,0.6,1.64,10,592.06
44416.29,19.41,18.37,0.65,2.2,10,591.97
44416.33,19.06,18.14,0.57,2.24,9.85,592.36
44416.38,19.33,17.7,0.64,2.98,9.7,592.59
44416.42,22.82,17.99,0.67,0.65,9.85,592.96
44416.46,23.03,17.92,0.77,0.51,10,593.03
44416.5,22.72,18.04,1.1,0.5,10,593.01
44416.54,25.56,18.84,1.33,0.63,9.96,592.67
44416.58,25.64,19.27,1.68,0.67,9.85,592.11
44416.62,25.43,19.99,1.87,0.54,9.86,592.16
44416.67,22.47,18.75,1.72,0.9,9.98,591.91
44416.71,22.12,18.78,1.65,0.53,9.96,591.97
44416.75,20.77,18.36,2.11,0.71,9.9,591.97
44416.79,20.65,18.43,2.05,0.87,10,592.35
44416.83,21.07,18.63,1.79,0.64,10,593.2
44416.88,20.93,18.85,1.57,0.78,10,593.57
44416.92,20.64,18.95,1.48,0.85,10,593.89
44416.96,19.38,18.6,1.68,0.94,10,594.43
44417,19.37,18.41,1.84,0.89,10,594.56
44417.04,19.2,18.37,1.54,0.8,10,594.44
44417.08,19.33,18.43,1.49,0.9,10,594.04
44417.12,19.26,18.35,1.38,1.07,10,593.85
44417.17,18.16,17.56,1.26,1.12,10,593.69
44417.21,18.17,17.41,1.14,0.96,10,593.78
44417.25,17.73,17.22,0.4,1.51,10,594.56
44417.29,17.63,17.1,0.61,2.54,10,594.41
44417.33,17.3,16.87,0.84,1.75,10,594.41
44417.38,16.8,16.64,0.83,1.64,10,594.64
44417.42,18.06,16.47,1.06,1.33,10,594.74
44417.46,18.14,16.13,1.09,1.25,10,594.9
44417.5,18.03,15.62,0.79,1.34,10,594.99
44417.54,20.19,15.51,0.51,1.49,10,594.58
44417.58,20.01,15.02,0.58,1.47,9.92,594.18
44417.62,20.44,14.58,0.83,1.41,10,593.59
44417.67,21.97,14.92,1.42,0.97,10,593.16
44417.71,22.67,14.88,1.65,0.96,10,592.45
44417.75,21.54,14.26,1.37,1.12,10,593.21
44417.79,21.97,15.11,1.19,0.73,10,593.05
44417.83,22.28,14.28,1.04,1.26,9.99,593.02
44417.88,22.49,13.52,1.07,0.49,9.81,593.05
44417.92,21.65,13.87,0.65,0.67,9.32,593.49
44417.96,19.67,14.03,1.03,1.36,8.64,594.07
44418,19.1,14.39,0.61,0.54,9.56,594.32
44418.04,18.56,14.59,0.54,0.53,10,594.18
44418.08,18.36,14.73,0.49,0.72,9.81,594.08
44418.12,18.04,14.84,0.51,1.67,9.9,593.49
44418.17,17.42,14.79,0.34,1.01,10,593.12
44418.21,17.07,15.04,0.22,1.7,10,592.91
44418.25,17.61,14.43,0.58,3.08,10,593.32
44418.29,17.42,14.49,0.41,0.99,9.92,593.31
44418.33,17.7,15.09,0.25,1.99,10,593.52
44418.38,18.52,15.18,0.72,1.45,10,593.47
44418.42,22.27,14.75,1.07,0.89,10,593.55
44418.46,22.7,14.44,1.11,0.51,10,594.01
44418.5,22.88,14.49,1.28,0.42,10,593.9
44418.54,24.79,14.55,1.32,0.56,9.77,593.92
44418.58,25.08,13.69,1.39,0.66,9.79,593.29
44418.62,24.73,13.68,1.51,0.73,9.69,593.06
44418.67,24.25,13.94,1.86,0.75,7.56,592.68
44418.71,24,14.23,1.98,0.69,6.01,592.28
44418.75,21.64,14.62,1.89,0.55,9.11,592.45
44418.79,21.59,15.12,1.46,0.53,9.74,592.56
44418.83,20.61,15.97,1.7,0.7,10,592.81
44418.88,20.73,16.1,1.63,0.67,9.98,593.64
44418.92,20.32,16.45,0.97,0.71,9.96,593.93
44418.96,18.88,16.37,0.72,0.87,9.71,594.28
44419,19.05,16.46,0.87,0.87,9.82,594.21
44419.04,18.28,16.4,0.76,0.76,9.86,594.3
44419.08,18.24,16.75,0.66,0.43,9.8,594.22
44419.12,18.07,16.72,0.59,0.71,9.92,593.93
44419.17,18.24,16.62,0.81,0.92,10,593.82
44419.21,18.39,16.64,0.79,0.93,10,593.94
44419.25,17.81,16.05,0.83,0.15,10,594.46
44419.29,17.62,16.06,0.22,0.77,10,594.4
44419.33,17.69,16.26,0.54,1.21,10,594.69
44419.38,18.37,16.01,0.89,0.69,10,594.76
44419.42,21.26,15.49,1.05,0.72,10,594.99
44419.46,21.52,15.04,1.07,0.35,10,595.07
44419.5,21.78,14.79,0.98,0.05,10,595.03
44419.54,24.44,14.62,1.01,3.09,10,594.62
44419.58,24.28,14.2,0.82,0.01,9.85,594.22
44419.62,24.05,14.58,0.96,0.23,10,593.68
44419.67,24.51,15.15,1.47,0.53,9.42,593.01
44419.71,24.33,15.48,1.48,0.5,9.89,592.87
44419.75,21.77,16.67,1.75,1.19,9.19,592.73
44419.79,21.59,16.59,1.06,0.37,9.63,593.16
44419.83,20.93,17.13,0.91,0.61,9.64,594
44419.88,20.58,17.75,1,0.66,9.6,594.7
44419.92,20.32,18.04,1.01,0.4,9.92,594.93
44419.96,19.11,18.14,0.83,0.1,9.54,595.31
44420,19.37,18.13,0.65,2.96,8.98,595.25
44420.04,19.1,18.31,0.45,0.07,9.47,595
44420.08,19.04,18.49,0.35,0.39,9.77,594.86
44420.12,19.23,18.61,0.41,0.46,10,594.41
44420.17,18.64,18.45,0.42,0.64,9.92,594.28
44420.21,18.79,18.6,0.57,0.63,9.92,594.07
44420.25,18.14,17.62,0.75,0.24,10,594.91
44420.29,18.18,17.52,0.56,0.07,9.92,594.98
44420.33,18.14,17.44,0.57,2.88,8.65,595.14
44420.38,17.99,17.34,0.54,1.83,7.58,594.8
44420.42,20.51,17.69,0.8,1.38,8.66,594.78
44420.46,20.76,17.85,0.54,1.44,8.05,594.43
44420.5,21.12,18.92,0.59,2.93,9.18,594.52
44420.54,22.11,19.18,1.02,0.36,9.19,594.07
44420.58,21.15,19,1.46,0.43,9.19,593.43
44420.62,22.02,19.78,1.71,0.45,9.77,593.16
44420.67,21.44,19.2,1.83,0.55,8.85,592.51
44420.71,21.65,19.3,2.23,0.56,9.09,592.17
44420.75,19.23,18.16,1.98,0.67,10,593.15
44420.79,19.02,18.37,1.86,0.38,10,592.48
44420.83,19.01,18.44,1.75,0.56,10,593.59
44420.88,19.08,18.75,1.64,0.76,10,593.83
44420.92,18.94,18.67,1.57,0.76,10,593.98
44420.96,17.82,17.82,1.56,0.74,10,594.09
44421,17.78,17.78,1.51,0.78,10,593.98
44421.04,17.73,17.73,1.45,0.83,10,593.82
44421.08,17.58,17.58,1.41,0.86,10,593.22
44421.12,17.5,17.5,1.36,0.94,10,593.15
44421.17,17.17,17.17,1.33,1.01,10,592.77
44421.21,17.13,17.13,1.36,1.01,10,592.75
44421.25,17.16,17.13,1.71,1.12,10,592.77
44421.29,17.11,17.08,1.67,0.95,10,593
44421.33,17.02,17.02,1.22,1.07,10,593.51
44421.38,16.71,16.71,1.2,1.21,10,593.69
44421.42,17.83,17.11,1.12,1.49,10,593.79
44421.46,17.43,16.93,1.15,1.74,10,593.74
44421.5,17.59,16.57,1.17,1.71,10,593.69
44421.54,18.15,16.47,1.32,1.51,10,593.54
44421.58,18.26,15.73,1.55,1.29,10,593.29
44421.62,18.15,15.65,1.66,1.27,10,593.03
44421.67,19.17,15.87,1.81,1.13,10,592.73
44421.71,19.65,15.87,1.92,1.11,9.97,592.66
44421.75,17.8,15.18,1.34,0.99,9.99,592.84
44421.79,17.95,15.05,1.06,1.12,9.96,592.2
44421.83,18.04,15.38,1.19,1.32,9.98,593.03
44421.88,18.03,15.74,0.97,1.15,9.98,593.48
44421.92,17.79,15.94,0.98,0.99,10,593.82
44421.96,16.87,15.47,0.97,1.13,6.9,594.09
44422,16.72,15.64,1.29,0.9,10,594.14
44422.04,16.02,15.27,0.82,1.06,10,594.03
44422.08,16.45,15.64,1.01,1.46,10,593.74
44422.12,16.26,15.52,0.99,1.49,10,593.45
44422.17,15.82,15.04,0.93,1.37,10,593.24
44422.21,15.83,14.86,0.85,1.15,10,593.21
44422.25,15.9,14.88,1.1,0.48,10,593.78
44422.29,16.01,14.86,0.86,0.9,10,593.83
44422.33,16.14,14.25,0.96,1.19,10,593.93
44422.38,16.13,13.8,1.06,1.19,10,593.81
44422.42,17.25,14.54,1.1,1.38,9.85,593.97
44422.46,18.26,14.72,1.07,1.33,9.9,593.99
44422.5,19.14,14.26,1.13,1.35,10,594.03
44422.54,19.81,14.75,1.47,1.1,9.92,593.82
44422.58,19.53,14.96,1.73,0.94,10,593.72
44422.62,19.16,15.01,1.72,0.87,10,593.55
44422.67,18.62,15.32,1.69,0.83,10,593.43
44422.71,18.21,15.4,1.48,0.76,10,593.45
44422.75,16.66,15.82,1.29,0.85,10,593.98
44422.79,16.78,15.71,1.03,1.16,10,593.97
44422.83,16.99,15.81,0.91,1.05,10,594.05
44422.88,17.08,15.85,0.85,1.02,10,594.35
44422.92,16.95,15.91,0.73,0.77,9.94,594.79
44422.96,16.21,15.47,0.43,1.23,10,594.77
44423,16.14,15.51,0.66,1.26,10,594.75
44423.04,15.86,15.49,0.52,0.47,10,594.67
44423.08,15.81,15.53,0.43,3.08,9.98,594.38
44423.12,15.8,15.55,0.32,2.33,10,594.42
44423.17,15.81,15.59,0.25,0.31,10,594.19
44423.21,15.83,15.58,0.34,0.51,10,594.11
44423.25,14.94,14.84,0.27,2.28,10,594.22
44423.29,14.76,14.59,0.3,2.63,10,594.59
44423.33,15.24,15.05,0.33,2.55,10,594.98
44423.38,15.78,15.48,0.22,2.49,9.51,594.85
44423.42,18.99,14.82,0.48,0.17,9.46,595.04
44423.46,19.15,13.98,0.74,0.04,8.3,595.17
44423.5,19.61,14.08,0.68,3.05,9.88,595.15
44423.54,22.07,14.59,0.62,2.83,9.26,594.87
44423.58,22.44,14.63,1,2.6,10,594.52
44423.62,22.4,14.69,1.07,2.87,10,594.31
44423.67,22.49,15.21,1.24,0.04,9.91,594.04
44423.71,22.76,15.47,1.37,0.15,9.97,593.78
44423.75,20.26,15.66,1.19,0.06,10,594.17
44423.79,20.18,15.63,1.26,0.35,9.94,594.11
44423.83,20.29,16.1,0.74,0.36,1.77,594.3
44423.88,20.2,16.14,1.21,0.31,2.02,594.78
44423.92,19.68,16.55,1.27,0.09,2.29,595.15
44423.96,18.56,16.62,1.15,0.19,2.13,595.47
44424,18.37,16.8,0.78,0.27,3.15,595.54
44424.04,18.12,16.86,0.49,3.12,4.96,595.52
44424.08,18.15,17.02,0.46,2.4,8.68,595.22
44424.12,18.05,17.32,0.51,1.68,9.7,594.97
44424.17,17.56,17.17,0.77,1.53,9.9,594.77
44424.21,17.81,17.19,1.06,1.34,9.81,594.57
44424.25,17.37,16.8,0.98,1.65,10,594.69
44424.29,17.34,16.93,0.97,1.68,9.8,594.79
44424.33,18.13,17.25,0.75,1.39,9.79,595.11
44424.38,18.67,17.24,0.98,1.36,9.57,594.93
44424.42,21.97,16.95,1.34,1.14,9.63,595.17
44424.46,22.41,16.35,1.36,1.05,9.78,595.2
44424.5,22.3,16.35,1.54,1.17,8.8,594.91
44424.54,24.05,16.53,1.66,1.41,7.81,594.58
44424.58,24.19,17.06,1.5,1.71,8.23,594.03
44424.62,23.8,17.4,0.86,2.1,6.6,593.82
44424.67,23.22,17.86,0.94,0.61,9.61,593.17
44424.71,21.95,17.74,0.95,0.46,8.69,593.47
44424.75,20.85,17.41,1.38,0.28,9.83,593.41
44424.79,20.27,17.75,0.87,0.53,10,594.15
44424.83,19.97,18,0.36,3.04,10,594.34
44424.88,19.64,18.07,0.49,0.32,10,594.69
44424.92,19.83,17.9,0.68,2.97,10,595.01
44424.96,18.48,17.65,0.61,2.86,9.85,594.96
44425,18.48,17.73,0.81,2.33,9.73,594.95
44425.04,18.64,17.93,0.61,2.21,9.15,594.53
44425.08,18.9,18.17,0.43,2.46,8.63,594.31
44425.12,18.99,18.13,0.57,2.64,9.02,594.2
44425.17,18.48,17.95,0.78,2.56,9.47,593.97
44425.21,18.32,17.88,0.86,1.62,9.85,594.04
44425.25,18.23,17.72,0.94,1.65,9.55,593.96
44425.29,17.98,17.46,0.89,2.28,9.6,594.22
44425.33,18.9,18.09,0.58,2.79,10,594.77
44425.38,19.6,18.01,0.82,2.62,9.85,594.78
44425.42,21.85,17.95,0.29,1.72,9.92,595.09
44425.46,21.82,17.59,0.95,1.13,9.61,594.81
44425.5,21.81,17.75,0.78,1.68,9.85,594.65
44425.54,22.13,18.25,0.59,1.94,9.38,594.26
44425.58,21.59,18.04,0.31,3,8.71,594.03
44425.62,21.04,18.11,0.29,0.8,9.67,593.46
44425.67,20.5,18.14,0.65,1.43,9.24,593
44425.71,20.16,17.91,1.16,1.3,7.17,592.23
44425.75,19.56,18.55,1.51,0.62,8.43,593.05
44425.79,18.18,17.34,1.29,2.81,9.63,593.55
44425.83,18.72,17.83,0.72,0.48,9.94,593.93
44425.88,18.84,17.91,0.79,1.09,10,594.22
44425.92,18.82,17.96,0.54,2,10,594.65
44425.96,18.21,17.55,0.38,0.42,10,595.07
44426,18.27,17.69,0.26,1.09,10,594.91
44426.04,18.37,17.51,0.36,0.17,10,594.68
44426.08,18.61,17.77,0.37,2.84,10,594.29
44426.12,18.77,17.85,0.28,2.81,9.55,593.97
44426.17,18.56,17.49,0.24,2.68,10,593.75
44426.21,18.61,17.49,0.21,2.57,10,593.76
44426.25,17.59,17.27,0.43,1.86,10,593.69
44426.29,17.5,17.21,0.84,1.42,10,594.01
44426.33,17.63,17.56,0.7,1.61,10,594.38
44426.38,18.01,17.22,0.52,2.16,10,594.62
44426.42,20.31,17.65,0.28,1.16,10,594.89
44426.46,20.88,17.4,0.91,0,8.55,594.77
44426.5,21.14,17.82,0.53,2.88,8.41,594.51
44426.54,23.19,18.83,0.27,2.12,8.64,594
44426.58,23.05,18.99,0.35,0.79,7.4,593.33
44426.62,22.83,19.18,0.75,0.76,9.41,592.78
44426.67,22.77,18.8,1.37,1.12,9.76,592.12
44426.71,22.58,18.09,1.38,0.42,9.6,592.55
44426.75,20,18.41,1.6,0.27,9.71,592.79
44426.79,19.61,17.83,1.27,0.4,9.46,593.23
44426.83,19.47,17.7,1.03,0.35,8.65,593.43
44426.88,19.46,17.18,0.66,0.39,9.53,594.22
44426.92,19.23,17.46,0.87,0.76,9.92,594.41
44426.96,18.48,17.18,0.69,0.91,9.94,594.69
44427,18.43,17.12,0.69,0.63,9.98,594.66
44427.04,18.15,17.06,0.26,3,10,594.29
44427.08,18.14,17.12,0.31,1.58,10,593.95
44427.12,18.14,17.17,0.47,1.6,10,593.59
44427.17,17.7,16.92,0.28,1.2,10,593.45
44427.21,17.38,16.79,0.22,1.83,10,593.41
44427.25,18.34,16.95,0.67,1.34,9.99,593.47
44427.29,18.33,17.1,0.7,0.9,9.3,593.96
44427.33,18.4,17.02,0.83,0.86,7.98,593.97
44427.38,18.46,17.01,1.25,0.88,9.06,594.33
44427.42,21.59,17.58,0.55,0.95,9.09,594.55
44427.46,21.62,17.68,0.39,2.31,9.35,594.97
44427.5,22.09,18.11,0.6,2.03,9.01,594.6
44427.54,24.5,18.28,0.55,1.9,9.31,594.34
44427.58,24.76,18.83,0.5,1.41,9.63,593.63
44427.62,24.4,18.65,0.38,0.96,9.86,593.11
44427.67,24.09,19.76,0.36,2.64,9.82,592.69
44427.71,22.43,18.6,0.88,0.03,9.87,592.64
44427.75,21.31,18.24,1.43,3.06,9.9,593.08
44427.79,20.68,17.39,0.94,0.51,9.77,592.83
44427.83,21.52,17.96,0.61,3.07,10,593.95
44427.88,21.32,18.27,0.21,1.03,9.56,594.23
44427.92,20.89,18.21,0.76,1.45,9.73,594.35
44427.96,18.37,17.31,0.56,2.9,10,594.99
44428,18.51,17.35,0.96,2.52,10,595.01
44428.04,18.3,17.27,0.7,1.26,10,595.12
44428.08,18.23,17.2,0.66,1.27,10,594.43
44428.12,18.01,17.14,1,1.16,10,594.37
44428.17,17.57,16.84,1.16,1.22,10,594.12
44428.21,17.44,16.72,1.27,1.16,10,594.07
44428.25,18.14,16.82,1.32,1.21,10,594.23
44428.29,17.33,16.36,1.16,1.33,10,594.4
44428.33,18.4,17.29,0.99,1.04,10,594.79
44428.38,19.27,17.82,0.97,1.09,10,594.65
44428.42,22.69,17.84,0.86,1,10,594.88
44428.46,23.27,17.15,0.76,0.77,10,595.14
44428.5,23.45,16.81,0.3,1.02,9.75,595.24
44428.54,25.89,16.82,0.3,1.8,9.9,594.92
44428.58,25.58,16.53,0.68,1.35,10,594.39
44428.62,25.67,16.51,0.74,1.19,10,594
44428.67,26.31,16.3,0.61,1.48,9.77,593.62
44428.71,25.92,16.08,0.65,1.93,9.56,593.35
44428.75,22.56,18.23,1.26,0.8,8.78,593.59
44428.79,21.67,17.97,0.64,0.09,8.97,594.27
44428.83,21.44,18.71,0.78,0.26,8.86,594.39
44428.88,21.75,18.25,0.45,1.96,7.7,594.16
44428.92,21.43,18.64,0.66,2.7,8.22,594.65
44428.96,19.16,18.38,0.69,2.63,8.86,595.13
44429,19.13,18.61,0.44,2.65,9.45,595.13
44429.04,18.57,18.45,0.61,1.64,9.98,594.98
44429.08,18.82,18.6,1.03,1.2,9.9,594.59
44429.12,18.32,18.05,1.42,0.95,9.9,594.03
44429.17,17.83,17.64,1.46,0.97,9.52,593.86
44429.21,17.39,17.09,1.61,0.91,9.82,593.59
44429.25,18.38,17.56,1.61,1.04,10,593.83
44429.29,17.73,17.16,1.74,1.05,10,593.72
44429.33,18.45,17.66,1.37,0.99,10,593.77
44429.38,19.51,18.01,1.14,0.86,10,593.66
44429.42,24.06,18.41,1.49,0.82,10,593.7
44429.46,24.41,18.14,1.63,0.82,10,593.67
44429.5,24.75,17.81,1.63,0.81,10,593.61
44429.54,27.47,17.29,1.58,0.89,10,593.2
44429.58,27.81,16.81,1.81,0.96,10,592.64
44429.62,27.78,16.94,1.88,1,10,592.06
44429.67,27.95,16.93,1.97,1,9.84,591.56
44429.71,27.85,16.84,1.72,1.15,9.05,591.21
44429.75,25.63,17.15,1.19,0.95,8.65,591.57
44429.79,25.52,19.16,0.22,0.39,7.69,591.34
44429.83,26.02,16.17,0.85,3.05,6.9,591.73
44429.88,25.65,16.43,0.96,1.91,8.4,591.6
44429.92,24.67,17.13,0.27,1.61,9.38,592.04
44429.96,21.97,17.18,0.41,3.11,10,592.38
44430,22.03,17.46,0.27,2.38,10,592.74
44430.04,21.27,17.5,1.71,1.25,10,592.06
44430.08,20.55,17.62,1.59,0.94,10,591.53
44430.12,21.24,17.41,1.55,0.86,10,591.12
44430.17,20.44,17.2,1.46,0.95,10,591.18
44430.21,20.01,17.13,1.6,0.87,10,591.1
44430.25,19.89,16.58,1.92,1,10,590.54
44430.29,19.95,16.65,1.68,1.23,10,590.47
44430.33,20.56,16.74,1.16,1.24,10,591.1
44430.38,21.45,17.3,1.1,0.95,10,591.02
44430.42,23.94,17.33,1.26,0.76,10,591.3
44430.46,24.02,17.52,1.08,0.48,10,591.3
44430.5,24.54,17.6,0.84,0.09,10,591.44
44430.54,25.37,16.61,0.24,3.09,10,591.18
44430.58,25,16.67,0.15,1.86,10,590.8
44430.62,24.72,16.79,0.41,2.99,10,590.46
44430.67,23.66,16.28,1,0.8,10,590.53
44430.71,22.89,16.7,1.75,0.86,10,590.73
44430.75,19.48,17.91,1.71,0.58,10,590.96
44430.79,19.59,18.06,1.91,0.86,10,591.32
44430.83,19.85,18.44,1.75,0.72,10,591.55
44430.88,19.84,18.23,1.72,0.86,10,592.39
44430.92,19.55,18.06,1.77,0.77,10,592.73
44430.96,17.87,17.53,1.63,0.82,10,593.01
44431,17.77,17.56,1.57,1.01,10,593.07
44431.04,17.41,17.2,1.17,1.13,10,592.95
44431.08,17.34,16.92,1.08,1.07,10,592.58
44431.12,17.3,16.65,1.02,1.07,10,592.38
44431.17,16.84,16.39,0.95,1.11,10,592.16
44431.21,16.9,16.36,0.9,1.08,10,592.17
44431.25,17.37,16.71,0.51,1.81,10,592.34
44431.29,17.29,16.66,0.31,1.32,10,592.56
44431.33,17.07,16.57,0.32,1.54,9.98,592.67
44431.38,16.64,16.13,0.55,1.42,9.98,592.97
44431.42,19.32,16.93,0.55,0.94,9.92,593.18
44431.46,19.26,16.7,0.81,1.14,9.96,593.47
44431.5,19.49,15.76,1.21,1.12,9.95,593.5
44431.54,20.86,15.18,1.55,0.98,10,593.29
44431.58,20.65,14.8,1.58,0.98,9.96,593.16
44431.62,21.15,14.84,1.61,1.19,9.94,592.75
44431.67,22.06,14.65,1.65,1.01,9.96,592.44
44431.71,21.81,14.22,1.68,1.15,9.99,591.84
44431.75,20.64,13.38,1.24,1.11,9.98,592.5
44431.79,20.86,13.34,1.22,0.98,9.82,591.93
44431.83,20.38,13.55,1.66,0.78,9.71,592.58
44431.88,20.79,12.2,1.18,0.27,10,593.41
44431.92,20.59,12.39,1.03,0.29,10,593.92
44431.96,18.67,14.31,1.08,0.88,10,594.18
44432,19.04,12.65,1.27,0.74,10,594.36
44432.04,18.46,12.62,1.12,0.92,9.92,594.66
44432.08,18.03,12.92,1.05,1.03,9.7,594.43
44432.12,17.52,13.06,1.15,1.04,9.45,594.12
44432.17,16.93,12.92,0.98,1.46,7.3,594.03
44432.21,16.85,12.97,1,1.75,7.3,593.81
44432.25,17.14,12.25,1.23,0.92,8.92,594.94
44432.29,16.26,12.84,1.11,0.85,9.84,594.97
44432.33,16.66,12.83,0.68,1.31,9.43,594.77
44432.38,17.54,11.98,1.1,1.38,9.49,594.94
44432.42,21.07,12.03,1.43,1.3,9.4,595.26
44432.46,21.36,13.12,1.73,1.07,9.61,595.45
44432.5,22.27,13.56,1.55,0.93,9.75,595.39
44432.54,23.11,12.66,1.47,0.88,10,594.89
44432.58,23.27,13.01,1.48,0.81,9.98,594.55
44432.62,23.36,13.08,1.39,0.63,10,594.07
44432.67,22.75,13.68,1.37,0.69,10,593.68
44432.71,22.66,13.82,1.11,0.7,9.81,593.35
44432.75,21.07,14.16,1.38,0.68,9.7,593.65
44432.79,21.03,14.34,1.3,0.68,9.85,593.47
44432.83,20.64,14.73,1.51,0.74,10,593.57
44432.88,20.81,14.2,1.4,0.43,9.88,593.89
44432.92,20.11,15.1,1.45,0.34,9.98,594.58
44432.96,18.49,15.45,1.23,0.44,10,594.77
44433,18.29,15.6,1.06,0.28,8.74,594.69
44433.04,18.08,15.6,0.97,0.29,9.48,594.79
44433.08,17.53,15.84,0.64,0.45,10,594.58
44433.12,17.86,15.97,0.5,0.74,10,594.34
44433.17,17.4,16.06,0.54,0.28,10,593.91
44433.21,17.36,16.06,0.36,2.58,9.84,593.79
44433.25,17.02,15.81,0.64,2.53,9.93,593.72
44433.29,16.79,15.92,0.57,2.48,9.64,593.82
44433.33,16.94,15.8,0.3,2.01,9.81,593.84
44433.38,17.33,15.84,0.48,2.09,9.99,593.78
44433.42,20.11,15.62,0.82,2.29,9.9,593.99
44433.46,20.14,15.03,1.03,2.02,9.36,593.94
44433.5,20.45,15.27,1.12,1.83,9.85,593.71
44433.54,21.63,15.65,0.83,1.87,10,593.32
44433.58,22.27,16.27,0.46,2.82,10,592.96
44433.62,22.67,16.63,0.34,1.59,9.85,592.38
44433.67,21.05,16.49,0.89,0.97,9.92,592.26
44433.71,21.31,17.02,1.68,1.02,10,592.2
44433.75,17.95,15.88,2.03,0.66,10,592.58
44433.79,17.69,16.39,1.64,0.61,10,592.69
44433.83,17.76,16.71,1.57,0.82,10,593.12
44433.88,17.74,16.93,1.67,0.69,10,593.83
44433.92,17.89,16.96,2.05,0.59,10,594.25
44433.96,16.35,15.86,2.01,0.65,10,594.59
44434,16.19,15.78,1.97,0.68,10,594.6
44434.04,15.66,15.22,1.91,0.78,10,594.73
44434.08,15.5,15.1,1.8,0.81,10,594.67
44434.12,15.34,14.87,1.68,0.79,10,594.61
44434.17,14.93,14.57,1.69,0.81,10,594.57
44434.21,14.7,14.3,1.6,0.81,10,594.62
44434.25,13.49,13.19,1.55,0.9,10,594.68
44434.29,13.52,13.2,1.71,0.81,10,594.82
44434.33,13.44,13.11,1.64,0.72,10,595.42
44434.38,13.21,13.08,1.56,0.66,10,595.57
44434.42,13.42,12.79,1.31,0.72,10,596.32
44434.46,12.72,11.22,1.35,0.81,10,596.54
44434.5,13.03,11.62,1.47,0.85,10,596.73
44434.54,14.07,11.83,1.71,0.81,10,596.64
44434.58,14.18,11.92,1.75,0.79,10,596.46
44434.62,14.03,11.81,1.69,0.67,10,596.22
44434.67,13.13,11.51,1.7,0.82,10,596.07
44434.71,13.78,11.83,1.74,0.81,10,596.1
44434.75,12.63,11.9,1.86,0.89,10,596.22
44434.79,12.69,11.92,1.72,0.8,10,596.48
44434.83,13.04,12.05,1.38,0.92,10,596.87
44434.88,13.12,12.11,1.1,1.08,10,597.29
44434.92,13.16,12.17,0.98,1.08,10,597.5
44434.96,12.75,12.04,1.06,1.07,10,597.66
44435,12.9,12.03,1.01,1.02,10,597.52
44435.04,12.95,11.98,1.15,1.06,10,597.58
44435.08,13.08,11.89,0.88,1.05,10,597.12
44435.12,13.2,11.93,0.8,0.93,10,596.9
44435.17,13.09,11.97,0.63,0.71,10,596.61
44435.21,13.02,11.88,0.6,0.91,10,596.58
44435.25,13.15,12.23,0.66,0.7,10,596.51
44435.29,13.23,12.25,0.6,0.34,10,596.58
44435.33,13.22,12.31,0.47,0.1,10,596.91
44435.38,13.24,11.82,0.53,1.73,10,596.77
44435.42,14.94,12.45,0.85,1.47,9.77,596.97
44435.46,14.8,12.22,0.49,1.83,10,596.99
44435.5,14.53,11.72,0.53,2.12,10,596.99
44435.54,16.58,12.35,0.89,1.33,9.85,596.54
44435.58,16.69,12.68,1.15,0.95,9.94,596.04
44435.62,16.94,12.62,0.87,1,9.98,595.52
44435.67,17.2,13.18,0.88,0.93,9.82,595.04
44435.71,17.72,13.46,0.74,0.68,9.56,594.73
44435.75,17.48,14.02,0.68,1.74,9.78,594.67
44435.79,17.53,14,0.87,0.49,4.11,594.6
44435.83,17.38,14.72,1.23,0.59,4.71,595.07
44435.88,17.05,14.21,1.26,0.38,4.38,595.04
44435.92,16.48,14.13,0.99,0.33,6.64,595.1
44435.96,15.31,14.29,0.66,0.59,7.61,595.5
44436,15.03,14.3,1.03,0.66,9.55,595.54
44436.04,14.61,14.24,0.8,0.02,10,595.29
44436.08,14.44,14.16,0.74,0.06,10,594.94
44436.12,14.7,14.39,0.65,2.93,10,594.55
44436.17,14.56,14.29,0.64,2.77,10,594.29
44436.21,14.4,14.08,0.64,2.42,10,594.2
44436.25,14.58,14.47,0.51,2.44,10,594.36
44436.29,14.71,14.55,0.88,2.48,10,594.37
44436.33,14.76,14.72,0.85,2.16,10,594.48
44436.38,14.91,14.91,0.82,1.67,10,594.59
44436.42,16.64,15.16,0.72,1.53,10,594.71
44436.46,17.57,15.14,0.75,1.49,10,594.78
44436.5,18.37,15.24,0.72,1.62,10,594.37
44436.54,20.32,15.32,0.87,1.8,10,593.94
44436.58,20.09,15.43,0.49,2.16,10,593.76
44436.62,19.72,15.71,0.66,3.04,9.92,593.55
44436.67,20.26,16.1,0.8,0.12,10,593.34
44436.71,20.25,16.46,1.01,0.37,10,593.4
44436.75,17.49,17.17,1.41,0.56,9.85,593.33
44436.79,17.33,16.76,1.4,0.4,10,593.84
44436.83,17.06,15.57,1.08,0.52,10,594.25
44436.88,17.02,15.65,1.43,0.68,10,594.37
44436.92,16.49,15.62,1.29,0.56,10,594.84
44436.96,15.41,15.29,1.42,0.44,10,595.03
44437,15.21,14.96,1.24,0.43,10,595.01
44437.04,15.18,14.84,1.22,0.49,10,594.99
44437.08,15.12,14.75,1.1,0.35,10,594.74
44437.12,15.22,14.77,0.96,0.41,10,594.36
44437.17,14.73,14.52,0.78,0.41,10,594.25
44437.21,14.76,14.46,0.58,0.23,10,594.03
44437.25,15.09,14.72,0.4,2.44,10,594.35
44437.29,15.2,14.76,0.19,0.37,10,594.42
44437.33,15.25,15.01,0.56,0.86,10,594.75
44437.38,15.24,15.14,0.86,0.55,10,594.94
44437.42,16.91,15.49,1.19,0.51,10,595.23
44437.46,17.87,16.84,1.18,0.5,10,595.42
44437.5,18.46,17.73,1.22,0.45,10,595.38
44437.54,19.65,17.61,1,0.19,10,594.96
44437.58,20.62,18.18,0.81,2.97,9.24,594.54
44437.62,20.28,17.55,0.63,2.69,7.88,594.26
44437.67,19.14,15.61,0.77,0.33,7.73,593.74
44437.71,19.41,16.14,1.52,0.76,6.6,593.59
44437.75,19.04,14.96,1.7,0.43,8.34,593.59
44437.79,18.42,14.99,1.57,0.72,7.96,594.01
44437.83,18.12,15.32,1.24,0.68,9.32,594.71
44437.88,17.94,15.41,1.48,0.62,9.85,594.94
44437.92,17.54,15.72,1.35,0.59,10,595.6
44437.96,16.52,15.64,1.38,0.63,10,595.76
44438,16.41,15.61,1.09,0.67,10,595.86
44438.04,16.22,15.5,0.87,0.54,10,595.59
44438.08,16.28,15.44,0.72,0.14,10,595.44
44438.12,16.24,15.3,0.39,0.09,10,595.21
44438.17,16.14,15.23,0.46,2.83,10,594.89
44438.21,16.5,15.26,0.69,2.13,10,594.74
44438.25,16.86,15.69,0.96,1.78,10,594.53
44438.29,16.58,15.71,1.12,1.6,10,594.49
44438.33,17.21,15.7,1.7,1.12,10,594.84
44438.38,17.71,15.96,1.88,0.88,10,594.73
44438.42,21.34,15.78,1.94,0.82,10,594.85
44438.46,21.48,15.54,2.19,0.86,9.99,594.65
44438.5,21.64,15.4,2.15,0.9,9.92,594.28
44438.54,23.73,15.07,2.03,0.98,9.99,593.98
44438.58,24.04,15.02,2.01,1.04,10,593.59
44438.62,24.35,14.67,1.75,1.09,9.94,593.54
44438.67,24.67,14.31,1.76,1.12,9.62,593.14
44438.71,24.52,14.27,1.58,1.06,9.92,593.13
44438.75,22.94,14.29,0.33,1.04,9.54,593.92
44438.79,22.97,12.76,0.77,1.01,9.51,593.4
44438.83,22.13,13.4,1.26,0.94,9.28,594.17
44438.88,21.35,13.98,1.64,0.85,8.14,594.45
44438.92,20.57,14.63,1.7,0.71,7.57,595.28
44438.96,18.13,15.46,1.45,0.65,8.19,595.59
44439,17.55,16.05,0.93,0.49,8.87,595.7
44439.04,17.76,16.2,0.84,0.38,9.62,595.79
44439.08,17.78,16.45,0.91,0.34,10,595.51
44439.12,17.73,16.64,0.86,0.3,9.85,595.46
44439.17,17.27,16.61,1,0.25,9.92,595.41
44439.21,17,16.5,0.73,2.94,10,595.44
44439.25,18.06,17.18,0.58,2.69,10,595.45
44439.29,18.13,17.13,0.44,2.78,10,595.75
44439.33,18.02,16.37,0.25,2.3,9.66,595.9
44439.38,17.84,16.05,0.42,1.22,8.29,595.82
44439.42,21.2,16.38,0.62,1.02,9.4,596
44439.46,21.78,16.03,0.34,1.6,9.5,596.01
44439.5,21.97,15.71,0.66,1.88,9.68,595.98
44439.54,24.18,15.75,0.75,2.59,9.27,595.74
44439.58,23.88,16.07,0.9,0.21,9.43,595.39
44439.62,23.37,16.56,0.95,0.54,9.8,594.98
44439.67,22.78,17.1,1.6,0.82,9.58,594.94
44439.71,22.03,17.02,1.81,0.58,9.47,594.66
44439.75,19.06,17.19,2.06,0.64,9.79,595.3
44439.79,19.29,17.08,1.52,0.88,10,595.37
44439.83,19.47,17.32,1.46,0.86,10,595.74
44439.88,19.66,17.82,1.37,0.52,10,596.25
44439.92,19.31,17.87,1.12,0.36,10,596.73
44439.96,17.95,17.63,1.24,0.37,10,596.87
44440,17.9,17.36,0.88,0.37,10,597
44440.04,18.02,17.06,0.89,0.29,10,596.73
44440.08,18.06,17.12,1.05,0.23,10,596.53
44440.12,18.25,16.82,0.6,3.12,10,596.24
44440.17,17.72,16.91,0.33,3.08,10,596.16
44440.21,17.48,17.03,0.35,0.12,10,596.08
44440.25,18.06,17.45,0.1,0.3,10,595.88
44440.29,18.1,17.53,0.59,0.83,10,596.39
44440.33,17.84,17.52,0.69,0.73,9.92,596.34
44440.38,17.76,17.64,0.6,2.88,9.85,596.87
44440.42,20.46,18.31,0.45,2.4,9.85,596.8
44440.46,20.85,18.8,0.2,2.47,9.92,596.9
44440.5,20.66,18.73,0.41,0.06,9.87,596.56
44440.54,22.98,19.05,0.8,0.1,9.36,595.95
44440.58,23.31,19.01,1.01,0.52,9.35,595.53
44440.62,23.35,19.09,1,0.47,9.17,594.85
44440.67,23.47,19.6,1.51,0.73,9.6,594.37
44440.71,21.61,16.56,1.52,0.64,9.48,594.67
44440.75,18.98,17.07,1.46,0.75,8.12,594.68
44440.79,19.54,17.11,1.16,0.8,9.14,594.4
44440.83,20.41,17.34,1.49,0.67,9.84,595.45
44440.88,20.4,17.51,1.01,0.39,9.82,596.13
44440.92,19.33,17.55,0.86,0.32,10,596.66
44440.96,17.63,16.9,0.69,2.74,10,596.88
44441,17.82,16.98,0.44,2.37,10,596.86
44441.04,17.94,16.88,0.66,2.17,10,596.83
44441.08,17.57,16.87,0.74,1.28,10,596.28
44441.12,17.32,16.61,0.96,1.09,10,596.24
44441.17,16.67,16.31,0.75,1.4,10,595.84
44441.21,16.75,16.29,0.62,1.3,9.7,595.83
44441.25,18.61,17.14,0.57,1.52,9.92,595.67
44441.29,18.07,16.9,0.8,2.21,9.85,596
44441.33,18.13,17.06,0.6,1.5,9.32,596.39
44441.38,18.12,16.98,1.03,1.18,9.28,596.19
44441.42,21.51,17.11,1.57,1.08,6.52,596.33
44441.46,22.03,16.89,1.57,0.97,6.88,596.09
44441.5,22.29,16.93,1.22,1.07,7.43,595.66
44441.54,24.39,17.37,1.12,1.14,8.5,595.16
44441.58,24.14,17.72,0.98,1.19,9.11,594.48
44441.62,24.12,18.02,0.87,1.3,8.74,593.91
44441.67,24.33,18.2,0.83,1.12,9.28,593.33
44441.71,22.24,17.49,0.99,2.91,9.59,593.48
44441.75,19.51,16.62,1.12,3.13,9.89,593.65
44441.79,20.48,16.55,0.68,0.33,9.75,593.7
44441.83,20.32,17.25,1.02,0.59,9.56,593.89
44441.88,20.51,17.71,1.09,2.97,9.27,594.33
44441.92,20.29,17.16,0.82,2.63,8.31,594.75
44441.96,18.4,16.99,0.48,2.22,9.33,594.57
44442,18.39,16.87,0.81,1.87,8.42,594.57
44442.04,18.27,16.83,0.86,1.37,8.9,594.5
44442.08,17.94,16.72,1.24,1.3,9.24,593.91
44442.12,18.08,16.75,1.61,1.29,9.83,593.46
44442.17,17.28,16.29,1.79,1.24,9.98,593.11
44442.21,17,15.8,1.95,1.17,10,592.89
44442.25,16.73,15.55,1.84,1.31,9.98,592.9
44442.29,16.7,15.49,2,1.17,10,593.1
44442.33,17.69,16.25,1.71,1.15,9.9,593.12
44442.38,18.56,16.83,1.96,1.08,9.64,593
44442.42,22.62,17.22,2.82,0.95,9.79,593.1
44442.46,23.06,16.55,2.8,0.87,9.9,592.99
44442.5,23.26,16.34,2.72,0.83,9.7,592.61
44442.54,26.32,15.7,2.64,0.8,9.77,592.13
44442.58,26.56,15.15,2.45,0.83,9.96,591.56
44442.62,26.44,15.41,2.32,0.89,9.82,591.14
44442.67,27.24,15.3,2.25,1.01,9.51,590.58
44442.71,27.32,15.14,2.18,1.1,8.54,590.16
44442.75,24.75,15.46,1.14,1.27,8.29,590.66
44442.79,24.58,16.45,0.56,2.22,8.47,590.74
44442.83,25.61,13.97,0.74,1.03,9.39,591.34
44442.88,25.06,14.28,0.72,2.89,9.75,591.29
44442.92,23.85,14.94,1.09,0.11,9.47,592.22
44442.96,21.46,15.4,1,0.35,10,592.63
44443,21.17,15.48,1.05,0.06,10,592.73
44443.04,20.5,15.44,1.05,2.93,10,592.92
44443.08,19.58,16.09,0.78,2.16,10,592.76
44443.12,19.53,15.65,1.29,1.33,10,592.36
44443.17,18.39,15.49,1.67,1.38,10,591.9
44443.21,18.11,15.4,1.83,1.33,10,591.59
44443.25,18.42,15.91,1.51,1.49,10,591.73
44443.29,18.56,15.86,0.92,1.42,10,592.09
44443.33,19,16.24,0.75,1.09,10,592.85
44443.38,19.43,16.68,0.6,1.51,10,592.99
44443.42,21.36,16.6,0.35,1.89,10,593.63
44443.46,21.5,16.53,0.09,1.15,10,593.82
44443.5,21.59,16.46,0.54,0.72,10,593.76
44443.54,23.19,17.03,0.94,0.57,10,593.84
44443.58,23.07,17.73,1.3,0.58,10,593.4
44443.62,21.56,17.98,1.74,0.52,10,593.44
44443.67,21.11,17.83,2.21,0.6,10,593.25
44443.71,20.67,17.82,1.71,1.01,10,593.59
44443.75,17.97,17.23,1.54,0.91,9.98,593.73
44443.79,18.22,17.46,1.58,0.67,9.94,593.67
44443.83,18.53,17.7,1.57,1.04,10,593.91
44443.88,18.79,17.74,1.44,0.71,9.88,594.6
44443.92,18.56,17.49,1.29,0.68,10,595.26
44443.96,17.35,16.84,1.31,0.7,10,595.74
44444,17.27,16.59,0.89,0.88,10,595.79
44444.04,17.16,16.6,1.04,0.89,10,595.61
44444.08,17.26,16.52,0.99,0.83,10,595.34
44444.12,17.36,16.54,1.04,0.75,10,595.2
44444.17,16.85,16.44,1.09,0.78,10,595.03
44444.21,16.91,16.29,0.88,0.85,10,594.93
44444.25,16.79,16.25,0.64,1,10,594.58
44444.29,16.77,16.16,0.76,0.74,10,594.82
44444.33,16.34,15.88,0.82,0.57,10,595.62
44444.38,15.96,15.71,0.87,0.59,10,595.59
44444.42,17.86,16.03,0.9,0.73,10,596.27
44444.46,17.09,15.82,0.92,1.08,10,596.37
44444.5,16.41,15.34,1.01,1.24,10,596.38
44444.54,18.74,15.81,0.53,0.99,10,596.08
44444.58,21.09,17.21,0.32,1.19,10,595.27
44444.62,21.41,16.7,0.32,2.32,9.82,595.16
44444.67,22.79,17.3,0.2,2.26,8.06,594.26
44444.71,23.66,17.72,0.92,0.39,8.05,594.27
44444.75,21.06,16.86,1.13,1.12,8.05,593.78
44444.79,21.42,16.83,1.29,0.04,8.95,595.13
44444.83,21.23,16.91,1.58,0.74,10,595.85
44444.88,21.13,16.62,1.24,0.67,10,596.49
44444.92,20.39,17.17,1.24,0.71,10,597.57
44444.96,18.48,17.07,1.26,0.64,10,597.71
44445,18.28,16.82,0.96,0.7,10,597.89
44445.04,17.91,16.87,0.84,0.82,10,597.7
44445.08,17.9,16.55,0.89,0.65,10,597.42
44445.12,17.72,16.88,1.03,0.46,10,597.43
44445.17,17.26,16.49,1.19,0.52,10,597.13
44445.21,17.2,16.2,1.36,0.72,10,597.32
44445.25,17,16.65,2.08,0.91,10,597.72
44445.29,16.37,15.8,2.05,0.85,10,597.86
44445.33,15.71,15.47,2.33,0.91,10,599
44445.38,14.55,14.48,2.23,1.01,10,599.67
44445.42,15.45,13.4,1.93,1.08,10,600.17
44445.46,15.17,13.05,1.59,1.13,10,600.42
44445.5,15.04,12.98,1.41,1.2,10,600.45
44445.54,15.56,12.67,1.56,1.13,10,600.31
44445.58,15.56,12.42,1.73,1.11,10,599.9
44445.62,15.41,12.29,2.09,1.18,9.07,599.92
44445.67,15.38,12.11,2.55,1.08,8.87,599.32
44445.71,15.85,12.28,2.43,1.22,7.32,599.25
44445.75,14.49,12.23,1.9,1.39,10,599.78
44445.79,14.68,12.2,1.56,1.24,9.65,599.63
44445.83,14.45,12.54,1.16,1.32,8.61,599.83
44445.88,14.58,12.81,1.21,1.02,5.69,600.39
44445.92,14.12,12.83,1.41,0.85,10,600.99
44445.96,13.63,12.75,0.84,1.14,10,601.47
44446,13.71,12.93,0.76,1.37,10,601.43
44446.04,13.26,12.69,0.63,1.74,8.41,601.55
44446.08,13.23,12.65,0.67,2.13,7.29,600.95
44446.12,12.39,11.89,0.73,2.14,8.37,600.53
44446.17,12.18,11.47,0.57,2.34,8.2,600.11
44446.21,11.47,10.84,0.53,2.43,7.54,599.98
44446.25,12.88,11.86,0.42,1.4,9.54,600.08
44446.29,12.89,11.8,0.31,1.87,9.81,599.92
44446.33,13.02,10.84,0.23,1.26,6.83,600.32
44446.38,13.25,9.92,0.55,0.86,7.64,600.32
44446.42,16.75,9.42,0.87,0.98,8.26,600.67
44446.46,16.72,9.73,1.16,1.08,9.02,600.67
44446.5,16.48,9.59,1.16,1.11,9,600.43
44446.54,19.43,10.02,0.97,1.15,9.82,599.97
44446.58,19.73,10.26,0.45,0.93,9.97,599.49
44446.62,19.74,10.15,0.09,1.87,9.8,599.06
44446.67,19.7,10.21,0.14,0.43,2.2,598.24
44446.71,19.95,10.25,0.23,1.58,1.61,597.82
44446.75,17.34,9.62,0.37,2.33,0.4,597.74
44446.79,17.24,11.09,0.86,1.32,0.59,597.38
44446.83,18.25,8.54,0.89,1.19,2.07,597.9
44446.88,17.91,8.57,0.89,0.54,4.78,598.35
44446.92,17.4,9.08,0.67,0.13,3.94,598.62
44446.96,15.1,9.83,0.35,2.84,2.48,598.76
44447,14.87,9.94,0.19,1.73,1.37,598.48
44447.04,14.38,10.06,0.43,1.8,0.71,598.16
44447.08,14.2,10.15,0.35,1.39,1.57,597.93
44447.12,14.38,10.27,0.51,1.46,0.81,597.52
44447.17,13.75,10.39,0.52,1.55,1.86,597.36
44447.21,13.8,10.45,0.48,1.61,2.43,597.04
44447.25,13.59,10.2,0.19,2.55,3.85,597.08
44447.29,13.57,10.29,0.24,0.84,3.27,596.82
44447.33,14.07,11.1,0.31,2.01,4.15,597.2
44447.38,15.03,11.2,0.31,2.63,4.38,597.61
44447.42,19.27,11.45,0.7,0.46,5.08,597.79
44447.46,19.36,12.08,1.15,0.65,6.37,597.96
44447.5,19.85,12.38,1.2,0.66,9.96,597.8
44447.54,21.63,12.35,1.35,0.85,10,597.59
44447.58,21.55,12.21,1.34,0.88,9.88,597.26
44447.62,21.3,12.46,1.38,0.81,9.73,596.8
44447.67,19.95,12.74,1.49,0.69,9.73,596.52
44447.71,19.29,13.34,1.61,0.66,10,595.99
44447.75,17.56,13.04,1.49,0.95,7.36,596.16
44447.79,18.02,12.9,1.18,1.01,4.09,596.28
44447.83,18.42,13.33,1.59,0.72,3.91,596.4
44447.88,18.67,12.91,1.36,0.62,6.08,597.27
44447.92,18.41,13.26,1.34,0.98,8.37,597.84
44447.96,16.88,13.44,1.06,0.65,8.7,597.76
44448,16.64,13.42,0.85,0.53,9.58,597.88
44448.04,16.11,13.98,0.49,0.77,9.58,597.89
44448.08,16.17,13.65,0.54,0.64,9.82,597.63
44448.12,16.23,13.68,0.4,0.67,9.83,597.4
44448.17,15.71,14.11,0.31,0.86,7.33,597.16
44448.21,15.82,13.81,0.34,0.91,6.84,597.11
44448.25,14.51,12.95,0.06,0.11,6.83,597.51
44448.29,14.7,13.04,0.27,3.14,7.61,597.39
44448.33,14.68,13.34,0.33,0.11,9.19,597.74
44448.38,14.48,13.78,0.32,0.08,9.14,597.86
44448.42,15.74,14.06,0.75,0.75,9.66,598.29
44448.46,15.4,13.1,0.74,1.24,9.85,598.46
44448.5,15.04,12.84,0.83,1.36,9.98,598.38
44448.54,17.01,13.37,0.96,1.43,9.84,598.06
44448.58,17.1,13.09,1.14,1.64,9.8,597.64
44448.62,17.44,12.9,1.26,1.36,8.55,597.28
44448.67,18.55,13.34,1.7,1.05,5.28,596.61
44448.71,19.05,13.11,1.36,0.73,6.03,596.39
44448.75,17.75,13.72,1.51,0.78,9.04,597.17
44448.79,17.18,14.28,0.71,0.77,8.94,597.17
44448.83,17.25,13.44,1.02,0.88,8.56,597.2
44448.88,17.34,13.43,0.85,0.71,9.02,597.78
44448.92,16.75,13.62,0.5,0.49,9.71,598.09
44448.96,15.3,13.67,0.5,2.59,8.83,598.13
44449,15.11,13.78,0.66,2.25,7.03,598.33
44449.04,14.91,13.96,0.62,2.29,7.95,598.54
44449.08,14.68,13.99,0.39,2.12,7.02,598.14
44449.12,14.56,13.99,0.34,1.77,5.87,598.03
44449.17,14.35,13.99,0.65,1.6,7.91,597.81
44449.21,14,13.8,0.58,1.51,9.67,597.72
44449.25,14.59,14.08,0.46,0.53,9.92,598.01
44449.29,14.52,14.1,0.71,0.22,9.95,598.04
44449.33,14.53,14.19,0.75,0.58,10,597.95
44449.38,15.28,14.75,0.9,0.54,9.96,598.21
44449.42,19.58,14.89,0.82,0.48,8.47,598.26
44449.46,19.88,14.44,0.4,3.13,8.49,598.01
44449.5,20.03,13.93,0.21,1.84,9.63,597.65
44449.54,22.75,12.91,0.26,0.27,9.45,597.14
44449.58,23.05,12.79,0.47,3.02,9.97,596.62
44449.62,23.05,12.78,0.55,2.8,10,596.3
44449.67,22.38,12.62,1.17,2.65,8.91,595.61
44449.71,22.57,13.01,1.22,2.67,8.21,595.42
44449.75,20.2,14.92,1.02,2.44,7.16,595.9
44449.79,20.07,16.18,0.53,0.11,7.9,595.74
44449.83,20.2,14.98,1.07,0.28,7.71,595.8
44449.88,20.11,14.82,0.99,0.25,6.58,596.19
44449.92,19.67,15.23,0.95,0.26,5.82,596.65
44449.96,17.89,15.27,0.72,2.95,4.82,596.7
44450,17.49,15.38,0.63,2.51,4.81,596.68
44450.04,17.03,15.44,0.5,2.01,6.51,596.62
44450.08,16.79,15.56,0.42,1.43,8.5,596.23
44450.12,16.44,15.59,0.66,1.46,9.11,596.09
44450.17,15.91,15.59,0.9,1.27,9,595.65
44450.21,15.52,15.26,1.22,1.32,9.92,595.31
44450.25,15.12,14.98,0.79,1.11,10,595.62
44450.29,14.76,14.49,1.36,1,10,595.67
44450.33,14.38,14.28,1.53,1,10,595.63
44450.38,14.61,14.61,1.71,1,9.94,595.67
44450.42,20.2,16.43,1.57,0.99,6.26,595.48
44450.46,21.14,16.53,1.61,0.87,4.72,595.4
44450.5,22.12,16.05,1.55,0.77,5.51,594.85
44450.54,25.05,14.38,1.31,0.85,3.43,594.35
44450.58,25.55,14.31,1.21,1.12,3.21,593.74
44450.62,25.04,14.13,1.33,1.31,4.58,593.28
44450.67,25.16,14.18,0.92,1.69,4.13,592.97
44450.71,24.83,14.54,0.67,2.96,3.41,592.7
44450.75,21.63,14.17,1.27,1.22,8.6,593.47
44450.79,20.72,16.05,1.01,0.88,9.83,593.5
44450.83,20.57,16.24,1.55,0.78,9.7,593.74
44450.88,20.53,16.3,1.64,0.86,9.85,593.91
44450.92,19.76,16.67,0.88,0.84,9.85,594.3
44450.96,17.47,16.44,1.24,0.79,10,594.54
44451,17.33,16.56,1.2,0.79,10,594.63
44451.04,16.91,16.42,0.81,0.59,10,594.63
44451.08,16.88,16.5,0.5,0.35,10,594.25
44451.12,16.82,16.55,0.41,2.6,10,593.84
44451.17,16.44,16.35,0.52,3.13,10,593.5
44451.21,16.42,16.27,0.16,2.73,9.8,593.25
44451.25,16.17,15.9,0.34,0.58,9.24,593.56
44451.29,16.16,15.9,0.8,0.92,10,593.67
44451.33,15.65,15.44,0.96,0.9,9.92,594.34
44451.38,15,14.52,1.07,0.97,10,594.68
44451.42,19.51,16.09,1.28,0.94,9.75,594.84
44451.46,19.47,16.48,1.04,0.83,8.79,594.8
44451.5,19.28,16.81,1,0.96,9.77,594.51
44451.54,21.61,17.8,1.06,0.87,8.94,594.17
44451.58,21.29,18.09,1.43,0.78,8.6,593.55
44451.62,21.44,18.25,1.66,0.84,9.79,593.45
44451.67,20.59,17.65,1.87,0.82,9.91,592.99
44451.71,19.89,17.57,1.59,0.71,9.83,593.3
44451.75,18.12,17.58,1.85,0.67,9.89,593.53
44451.79,18.39,16.65,1,0.63,9.92,594.06
44451.83,18.54,16.51,1.06,0.13,10,594.58
44451.88,18.51,16.06,1.01,0.16,9.92,594.98
44451.92,18.41,16.39,0.72,0.23,10,595.42
44451.96,17.3,16.06,0.53,2.94,10,595.51
44452,17.56,16.2,0.44,2.42,10,595.59
44452.04,17.19,15.98,0.49,2.58,10,595.54
44452.08,17.1,16.03,0.5,2.23,10,595.46
44452.12,17.02,15.87,0.29,1.93,10,595.22
44452.17,16.57,15.91,0.27,2.04,10,595.07
44452.21,16.79,15.84,0.44,2.29,10,595.28
44452.25,16.19,15.51,0.72,3.03,9.4,595.39
44452.29,16.19,15.42,0.56,0.55,10,595.72
44452.33,16.19,15.27,0.51,0.8,10,596.21
44452.38,16.43,15.01,0.36,1.39,10,596.47
44452.42,18.93,15.22,0.19,0.37,10,596.85
44452.46,19.61,15.77,0.56,1.58,9.99,596.95
44452.5,20.13,16.57,0.85,1.6,9.32,596.75
44452.54,23.23,17.47,1.03,1.29,10,596.31
44452.58,22.46,17.6,0.86,1.4,9.17,595.75
44452.62,22.16,18.1,1.03,1.3,9.32,595.27
44452.67,21.89,17.64,0.57,1.48,9.83,594.81
44452.71,20.97,17.76,0.29,2.6,9.97,594.63
44452.75,21.52,14.34,0.94,1.03,7.29,594.22
44452.79,21.2,16.08,1,2.75,9.18,595.11
44452.83,20.68,15.71,0.8,0.55,9.88,595.56
44452.88,20.75,16.44,0.86,0.39,9.85,596.14
44452.92,20.14,16.45,0.72,0.17,8.76,596.65
44452.96,17.85,15.57,0.67,3.1,8.1,596.79
44453,17.92,15.51,0.84,2.59,8.24,596.79
44453.04,17.29,15.59,0.82,2.09,7.71,597.13
44453.08,17.29,15.6,0.57,1.62,8.52,597.03
44453.12,17.44,15.8,0.85,1.34,6.52,596.84
44453.17,16.77,15.44,1.08,1.12,9.79,596.76
44453.21,16.57,15.32,1.42,0.98,6.23,596.66
44453.25,15.95,15.25,1.46,1.13,7.06,596.71
44453.29,16.01,15.24,1.56,0.89,2.9,596.83
44453.33,16.8,15.88,1.15,1.12,3.19,597.32
44453.38,17.75,16.18,1.44,0.95,2.77,597.61
44453.42,21.98,16.23,1.83,0.92,4.7,597.75
44453.46,22.26,15.75,1.99,0.94,3.92,597.68
44453.5,22.38,15.68,1.99,1.01,4.12,597.56
44453.54,24.03,15.08,1.67,1.28,3.58,597.25
44453.58,24.23,15.71,1.55,1.46,3.1,596.71
44453.62,23.76,15.85,1.11,1.31,5.77,596.43
44453.67,23.14,16.22,0.37,1.63,7.86,595.88
44453.71,21.48,16.36,0.77,3.07,9.53,595.87
44453.75,19.81,16.25,0.7,2.23,8.7,595.29
44453.79,19.78,16.61,0.63,0.59,8.2,595.74
44453.83,19.89,16.04,1.1,0.54,8.35,596.4
44453.88,19.71,15.96,1.22,3.1,8.39,597.24
44453.92,19.19,16.14,0.7,2.67,8.71,597.35
44453.96,16.75,15.34,1.02,0.01,9.07,597.64
44454,16.9,15.45,0.99,2.63,9.55,597.62
44454.04,16.4,15.12,0.94,1.57,9.62,597.6
44454.08,16.03,14.8,1.36,1.15,9.55,597.15
44454.12,16.04,14.64,1.58,1.27,9.77,596.73
44454.17,15.55,14.35,1.72,1.26,9.92,596.42
44454.21,15.2,14.12,1.78,1.32,9.7,596.23
44454.25,15.29,14.53,1.64,1.67,8.98,596.33
44454.29,15.16,14.31,1.66,1.24,8.88,596.43
44454.33,16.2,15.17,1.1,1.52,8.36,596.86
44454.38,17.28,15.89,1.3,1.53,6.55,597.06
44454.42,21.75,16.43,1.99,1.24,6.2,597.12
44454.46,22.18,15.82,2.27,1.06,6.24,597.1
44454.5,22.58,15.45,2.07,0.93,4.29,596.83
44454.54,24.41,15,1.67,0.97,3.64,596.52
44454.58,24.46,14.94,1.43,1.16,3.55,595.82
44454.62,24.5,14.85,1.33,1.36,3.48,595.63
44454.67,24.65,15.15,0.74,1.67,4.67,595.01
44454.71,24.78,14.89,0.08,0.57,6.22,595.03
44454.75,21.24,15.85,1.09,1.02,8.65,594.34
44454.79,20,16.93,1.03,0.55,9.37,595.23
44454.83,19.76,16.75,1.04,0.58,9.55,595.55
44454.88,19.26,16.12,1.14,0.62,9.7,596.42
44454.92,18.99,16.29,1.37,0.44,9.92,596.87
44454.96,17.42,15.58,0.73,3.08,10,597.1
44455,17.33,15.68,0.39,1.68,10,596.89
44455.04,17.16,15.46,0.36,2.8,10,596.59
44455.08,17.21,15.59,0.09,1.39,10,596.17
44455.12,17.33,15.71,0.22,1.63,10,595.86
44455.17,16.76,15.74,0.41,1.43,10,595.4
44455.21,16.57,15.83,0.14,2.27,9.92,595.27
44455.25,16.31,15.68,0.96,3.11,6.61,595.62
44455.29,16.36,15.76,0.86,0.96,8.92,595.81
44455.33,16.57,15.77,0.21,0.21,9.62,596.13
44455.38,17.31,15.74,0.38,0.62,10,596.33
44455.42,19.24,15.64,0.36,0.06,9.98,596.25
44455.46,20,16.79,0.51,0.1,9.94,596.45
44455.5,20.39,17.48,0.9,0.45,9.85,596.09
44455.54,21.99,18.46,1.2,0.72,10,595.52
44455.58,21.5,18.44,1.74,0.93,10,595.1
44455.62,20.18,16.33,2.12,0.85,10,594.48
44455.67,18.41,16.2,2.27,0.7,10,594.38
44455.71,18.87,16.54,1.76,0.63,10,594.75
44455.75,17.23,16.04,1.99,0.51,10,593.82
44455.79,16.97,15.8,1.72,0.76,10,595.3
44455.83,17.06,15.75,1.69,0.68,10,595.41
44455.88,16.81,15.46,1.7,0.84,10,596
44455.92,16.43,15.23,1.38,0.9,10,596.13
44455.96,15.33,14.99,1.11,0.74,10,596.23
44456,15.55,15.11,1.07,0.86,10,596.18
44456.04,15.36,15.12,0.96,0.88,10,595.97
44456.08,15.43,15.15,0.91,0.69,10,595.77
44456.12,15.44,15.21,0.76,0.83,10,595.41
44456.17,14.85,14.7,0.75,0.8,10,595
44456.21,14.9,14.68,0.52,0.56,10,594.83
44456.25,15.15,14.65,0.13,1.06,10,594.9
44456.29,15.22,14.44,0.12,2.77,9.96,594.64
44456.33,15.16,14.09,0.4,0.54,9.96,595.29
44456.38,15.1,13.84,0.66,0,10,595.62
44456.42,17.8,14.32,0.75,2.82,10,595.8
44456.46,17.69,14.32,0.67,2.9,9.99,595.67
44456.5,18.06,13.81,0.76,0.33,10,595.35
44456.54,20.64,14.49,1.07,0.43,8.94,594.93
44456.58,20.5,14.46,1.26,0.49,7.28,594.4
44456.62,20.84,14.94,1.49,0.69,8.03,593.8
44456.67,21.08,15.17,1.82,0.47,9.7,593.52
44456.71,20.61,15.4,2.17,0.57,10,593.21
44456.75,18.5,15.15,1.93,0.46,9.55,592.53
44456.79,18.31,15.1,1.59,0.46,9.85,593.77
44456.83,18.12,15.21,1.15,0.71,10,594.06
44456.88,18,15.46,1.51,0.32,10,594.96
44456.92,17.56,16.07,1.31,0.43,10,595.27
44456.96,16.11,16.03,1.31,0.73,10,595.32
44457,16.23,16.08,1.24,0.59,10,595.31
44457.04,16.09,15.81,1.16,0.32,10,594.96
44457.08,15.97,15.6,0.96,0.19,10,594.68
44457.12,16,15.6,1.01,0.12,10,594.39
44457.17,15.86,15.7,0.93,3.01,10,593.98
44457.21,15.91,15.69,0.77,2.86,10,593.61
44457.25,16,15.53,0.49,2.57,10,593.48
44457.29,16.06,15.4,0.93,1.9,10,593.79
44457.33,16.22,15.29,1.24,1.68,10,594.01
44457.38,16.75,15.54,1.55,1.48,9.92,594.08
44457.42,20.43,15.55,1.45,1.26,9.7,594.19
44457.46,20.99,15.6,1.56,1.04,8.02,594.2
44457.5,21.43,15.49,1.39,0.94,9.61,593.76
44457.54,22.78,15.57,1.04,1.24,9.24,593.45
44457.58,22.96,15.88,0.68,1.64,9.11,593.13
44457.62,22.64,15.6,0.63,2.01,5.83,592.71
44457.67,21.92,16.1,1.28,0.24,5.54,592.41
44457.71,21.05,16.91,1.52,0.8,6.22,592.6
44457.75,18.67,16.31,1.7,0.77,7.2,592.65
44457.79,18.4,16.13,1.15,0.51,9.17,592.99
44457.83,18.08,16.04,1.37,0.69,9.85,593.8
44457.88,17.71,15.87,1.78,0.71,10,594.9
44457.92,16.98,15.67,1.87,0.77,10,595.35
44457.96,15.3,14.84,1.9,0.83,10,595.6
44458,15.17,14.61,1.98,0.84,10,595.9
44458.04,14.81,14.3,2.04,0.85,10,595.99
44458.08,14.86,14.22,2,0.82,10,595.95
44458.12,14.83,14.13,1.73,0.79,10,595.69
44458.17,14.03,13.9,1.33,0.94,10,595.8
44458.21,14.09,13.95,1.26,1.12,10,595.85
44458.25,13.33,13.12,1.09,1,10,596.25
44458.29,13.53,13.29,1.02,1.31,10,596.51
44458.33,13.19,13.07,0.54,1.79,9.99,596.99
44458.38,13.25,13.19,0.44,0.07,9.98,597.51
44458.42,14.58,13.7,0.28,2.03,9.97,597.77
44458.46,14.97,13.19,0.9,1.01,9.86,598.03
44458.5,15.84,12.67,1.32,0.85,9.49,598.06
44458.54,17.76,12.14,1.48,0.53,9.52,597.4
44458.58,18.39,12.14,1.4,0.36,9.99,596.83
44458.62,18.74,12.01,1.09,0.09,9.39,596.42
44458.67,19.65,11.86,1.01,2.83,9.01,596.05
44458.71,19.66,11.88,1.02,2.89,8.27,595.96
44458.75,17.42,10.96,1.57,2.9,4.37,596.11
44458.79,18.32,10.13,1.34,0.09,0.85,595.52
44458.83,18.15,10.51,1.19,0.05,1.07,596.61
44458.88,17.66,10.82,1.07,0.08,0.85,596.96
44458.92,16.89,11.31,0.63,2.8,1.21,597.79
44458.96,14.41,10.74,0.51,2.41,0.51,598.04
44459,13.97,10.88,0.56,2.34,0.98,598.3
44459.04,13.72,11.2,0.39,2.38,0.59,598.06
44459.08,13.45,11.32,0.18,2.27,0.83,597.8
44459.12,13.48,11.4,0.29,2.68,0.9,597.66
44459.17,12.85,11.08,0.35,2.48,1.16,597.52
44459.21,12.61,11.2,0.46,2.62,1.09,597.72
44459.25,13.9,12.07,0.68,2.51,1.46,598.26
44459.29,13.74,12.17,0.47,1.94,2.7,598.18
44459.33,13.09,12.06,0.62,1.56,5.85,598.48
44459.38,13.72,11.63,0.76,1.25,6.06,598.8
44459.42,18.93,12.67,1.01,1.08,3.49,598.97
44459.46,18.94,11.9,1.33,0.97,3.59,598.86
44459.5,19.03,11.47,1.55,0.9,3.18,598.41
44459.54,22.55,10.02,1.6,0.85,1.35,597.71
44459.58,22.99,9.7,1.39,0.78,1.2,597.06
44459.62,23.48,9.04,1.13,0.82,0.91,596.37
44459.67,24.51,7.78,0.81,1.04,0.65,595.62
44459.71,24.67,6.89,0.74,1.61,0.85,595.3
44459.75,20.23,8.62,0.95,1.85,0.08,594.99
44459.79,21.3,6.81,0.71,2.33,1.1,595.03
44459.83,20.95,7.81,0.67,2.64,1.25,595.58
44459.88,20.56,8.06,0.7,3.06,0.57,596.01
44459.92,19.5,8.39,0.88,0.39,0.95,596.75
44459.96,16.25,8.95,1.16,0.53,1.05,597.11
44460,15.91,9.06,1.14,0.6,1.13,597.21
44460.04,15.1,9.7,0.71,0.57,1.2,597.18
44460.08,14.85,9.74,0.65,3.07,0.95,597.18
44460.12,14.66,9.79,0.52,2.5,0.58,596.8
44460.17,13.84,9.52,0.43,1.69,0.72,596.71
44460.21,13.63,9.4,0.7,1.59,1.17,596.56
44460.25,13.79,10.58,1.13,1.52,1.2,596.89
44460.29,13.49,10.58,1.38,1.37,1.39,596.73
44460.33,12.83,10.53,1.37,1.27,0.45,596.97
44460.38,14.11,11.04,1.25,1.08,0.32,597.09
44460.42,21.16,11.77,1.48,0.92,0.08,597.11
44460.46,21.69,11.47,1.46,0.84,0.15,596.82
44460.5,22.16,11.64,1.42,0.81,0,596.59
44460.54,25.22,11.3,1.34,0.91,0.19,595.72
44460.58,25.55,11.36,1.37,1.04,2.62,595.24
44460.62,25.6,10.7,1.37,1.32,3.32,594.43
44460.67,26.13,9.93,1.44,1.59,3.42,593.96
44460.71,26.25,9.35,1.14,1.81,2.94,593.53
44460.75,22.86,9.7,0.57,2.57,2.33,593.9
44460.79,23.14,8.96,0.84,1.07,4.28,593.72
44460.83,22.76,9.45,1.23,0.69,4.74,593.93
44460.88,22.16,10,1.35,0.5,5.94,594.71
44460.92,21.08,10.95,1.58,0.42,5.99,595.09
44460.96,18.17,11.88,1.39,0.29,5.57,595.44
44461,17.86,12.26,1.09,0.03,5.03,595.38
44461.04,17.24,12.44,0.87,2.71,4.1,595.38
44461.08,16.72,12.43,0.86,2.06,2.27,595.1
44461.12,16.25,12.25,1.07,1.63,1.82,594.75
44461.17,15.55,12.29,1.21,1.47,1.24,594.62
44461.21,15.2,12.06,1.34,1.41,1.38,594.39
44461.25,15.19,13.05,1.52,1.54,1.44,594.33
44461.29,14.82,12.85,1.85,1.23,2.37,594.78
44461.33,15.24,13.18,1.59,1.18,3.54,594.96
44461.38,16.62,13.89,1.61,1.09,0.75,595.13
44461.42,21.8,14.03,1.98,1.03,0.1,595.33
44461.46,22.63,14.03,2.15,0.98,0.5,595.14
44461.5,23,13.46,2.21,1,1.72,594.85
44461.54,25.03,12.9,2.33,0.97,2.91,594.53
44461.58,24.98,12.6,2.2,0.94,3.94,593.74
44461.62,25.02,12.49,2.06,1.01,3.8,593.34
44461.67,25.66,12.18,1.66,1.17,3.23,592.96
44461.71,25.66,12.19,1.45,1.35,4.23,592.7
44461.75,21.92,13.31,0.93,1.47,3.66,593.13
44461.79,22.87,11.57,0.4,1.85,3.46,593.27
44461.83,22.39,11.88,0.49,2.43,3.89,593.7
44461.88,21.91,12.17,0.62,2.77,3.55,593.94
44461.92,20.99,12.61,0.6,2.72,4.58,594.64
44461.96,18.82,12.75,0.59,2.3,4.47,594.92
44462,18.54,12.82,0.87,2.07,4.79,595.05
44462.04,17.83,13.1,1.09,1.79,4.83,595.14
44462.08,17.69,13.04,1.42,1.38,4.76,594.97
44462.12,17.22,12.93,1.75,1.21,4.46,594.69
44462.17,16.53,12.93,1.84,1.27,4.21,594.54
44462.21,16.4,12.92,1.94,1.27,4.58,594.63
44462.25,16.79,13.18,1.85,1.41,0.77,594.84
44462.29,16.73,13.12,1.77,1.38,0.45,594.96
44462.33,16.92,13.64,1.57,1.22,0.47,595.5
44462.38,17.62,14.59,1.53,1.15,0.49,595.58
44462.42,21.27,15.17,1.76,1.07,0.3,596
44462.46,21.86,15.07,2.03,0.98,1.86,596.01
44462.5,22.14,15,2.1,0.96,2.7,595.95
44462.54,24.09,14.87,1.9,1.01,1.96,595.6
44462.58,24.09,14.61,1.66,1.06,3.01,595.13
44462.62,23.89,14.5,1.41,1.23,3.71,594.87
44462.67,24.28,14.94,1.2,1.47,4.71,594.76
44462.71,23.96,14.9,0.98,1.76,3.61,594.3
44462.75,21.82,13.64,0.36,0.65,3.72,593.98
44462.79,21.92,13.58,0.94,0.19,6.1,594.73
44462.83,21.31,13.97,1.58,0.68,6.04,595.36
44462.88,21.2,14.18,1.25,0.35,7.4,595.77
44462.92,20.47,14.67,1.2,0.11,8.22,596.34
44462.96,18.49,14.94,0.96,2.69,8.77,596.39
44463,18.02,14.97,0.61,2.34,9.62,596.5
44463.04,17.81,14.74,1,1.68,9.75,596.54
44463.08,17.38,14.77,1.4,1.4,9.98,596.35
44463.12,16.65,14.66,1.68,1.21,9.98,596.28
44463.17,15.91,14.03,1.87,1.15,10,596.15
44463.21,15.85,13.74,2,1.13,9.32,595.96
44463.25,16.06,13.83,1.87,1.22,7.88,595.47
44463.29,15.88,13.63,1.97,1.14,6.62,595.95
44463.33,17.18,14.44,1.71,1.06,6.54,596.24
44463.38,18.31,15.4,1.84,0.94,2.98,596.3
44463.42,22.63,15.27,2.3,0.78,1.56,596.21
44463.46,22.85,15.16,2.44,0.81,1.37,596.03
44463.5,23.21,14.95,2.74,0.83,4.57,595.75
44463.54,25.75,14.21,2.82,0.82,3.14,595.4
44463.58,25.67,14.17,2.66,0.89,3.37,594.91
44463.62,25.93,14.41,2.54,0.96,3.11,594.45
44463.67,25.83,14.03,2.45,0.99,2.14,594.09
44463.71,25.86,13.72,2.1,1.12,2.25,593.79
44463.75,22.82,14.65,1.39,1.17,2.74,593.92
44463.79,22.58,14.07,1.2,1.65,2,593.75
44463.83,23.65,13.13,0.84,1.7,2.21,594.36
44463.88,23.07,13.24,0.74,2.38,1.68,594.98
44463.92,22.27,13.6,0.72,2.86,3.28,595.44
44463.96,20.26,13.69,0.75,2.42,5.77,595.56
44464,19.98,13.57,1.04,1.77,6.7,595.82
44464.04,18.74,13.74,1.48,1.87,7.56,595.63
44464.08,18.32,13.61,1.77,1.52,8.03,595.53
44464.12,18.02,13.44,2,1.41,6.61,595.12
44464.17,17.03,13.35,2.11,1.36,3.67,595.13
44464.21,16.72,13.12,2.21,1.32,0.7,594.94
44464.25,16.34,13.12,2.14,1.31,0.37,594.96
44464.29,16.34,13.12,2.19,1.22,0.9,595.29
44464.33,17.45,13.9,1.89,1.08,1.81,595.88
44464.38,18.59,14.84,1.92,1,1.72,596.01
44464.42,22.88,15.06,2.38,0.89,1.42,596.06
44464.46,23.52,14.98,2.84,0.81,3.66,595.89
44464.5,23.59,14.78,3.18,0.77,4.02,595.64
44464.54,26.03,13.7,3.18,0.79,4.25,595.18
44464.58,25.99,13.54,2.98,0.83,3.66,594.77
44464.62,25.98,13.67,2.75,0.89,3.15,594.49
44464.67,25.85,13.89,2.54,0.94,2.22,594.3
44464.71,25.72,13.56,2.07,1.01,2.4,594.08
44464.75,23.21,13.93,1.06,0.86,1.67,593.55
44464.79,23.88,12.28,1.44,1.19,2.61,594.44
44464.83,23.89,12.24,0.91,0.98,4.39,594.64
44464.88,23.51,12.44,0.87,1.64,5.32,595.18
44464.92,22.82,12.69,0.87,1.5,7.14,595.65
44464.96,20.07,13.09,0.9,2.34,8.24,595.97
44465,19.83,13.03,1.31,1.58,7.69,596.15
44465.04,19.06,13.07,1.66,1.31,7.92,595.9
44465.08,18.37,13.05,2.02,1.09,8.33,595.74
44465.12,17.72,13.12,2.06,1.23,8.78,595.53
44465.17,16.84,12.99,2.12,1.27,9.12,595.35
44465.21,16.66,13.03,2.15,1.26,8.4,595.43
44465.25,16.34,13.2,2.16,1.25,4.68,596.15
44465.29,16.24,13.29,2.25,1.21,3.41,596.12
44465.33,17.57,14.22,1.95,1.12,4.88,596.53
44465.38,18.37,15.19,1.88,1.02,5.25,596.73
44465.42,22.14,15.08,2.1,0.88,6.29,596.96
44465.46,22.44,14.92,2.32,0.8,9.01,596.93
44465.5,23.09,14.57,2.25,0.75,9.43,596.83
44465.54,25.12,13.34,1.98,0.81,8.44,596.3
44465.58,25.25,13.32,1.32,0.8,9.18,596
44465.62,25.42,13.6,0.27,0.93,5.68,595.8
44465.67,25.08,14.18,0.73,0.18,6.76,595.73
44465.71,24.34,14.83,1.34,0.38,9.34,595.74
44465.75,19.28,15.33,1.21,0.67,10,595.18
44465.79,19.43,15.64,1.42,0.67,10,596.24
44465.83,19.12,16.35,0.88,0.57,10,596.8
44465.88,19.14,16.75,0.87,1.04,10,597.3
44465.92,18.77,16.55,0.85,1.24,10,597.83
44465.96,16.37,15.21,0.76,0.97,10,597.96
44466,16.47,15.15,1.13,0.88,10,597.96
44466.04,16.27,15.23,1.05,0.45,10,597.99
44466.08,16.42,15.53,0.6,0.73,10,597.66
44466.12,16.62,15.64,0.78,0.24,10,597.36
44466.17,16.17,15.36,0.58,3.03,10,597.27
44466.21,16.08,15.5,0.57,2.53,10,597.1
44466.25,16.27,15.7,0.58,2.24,9.92,597.29
44466.29,16.4,15.73,0.49,2.51,9.92,597.4
44466.33,16.06,15.27,0.57,2.41,9.32,597.63
44466.38,15.66,14.4,0.49,2.17,8.11,597.98
44466.42,19.25,14.77,0.5,1.68,9.7,597.78
44466.46,19.32,15.33,0.66,1.32,9.77,597.69
44466.5,19.79,14.74,0.87,1.03,9.58,597.04
44466.54,23.34,14.75,1.08,0.88,8.36,596.42
44466.58,23.8,14.53,1.19,0.82,7.79,595.82
44466.62,23.76,14.3,1.14,1.04,8.2,594.95
44466.67,23.77,13.82,1.12,1.15,6.02,594.7
44466.71,23.4,13.61,1.01,1.59,4.96,594.24
44466.75,21.26,14.57,0.98,3.12,4.92,594.11
44466.79,21.34,13.88,1.12,3,5.29,594.6
44466.83,20.74,14.23,0.98,3.11,5.81,594.94
44466.88,20.25,14.52,1.21,3.09,8.39,595.12
44466.92,19.71,14.94,1.13,0.07,9.68,595.59
44466.96,17.65,14.96,0.96,0.23,9.32,595.82
44467,17.29,15.08,0.8,0.1,8.41,595.81
44467.04,16.81,15.21,0.81,0.22,8.19,595.75
44467.08,16.71,15.36,0.82,0.55,8.19,595.7
44467.12,16.63,15.44,0.9,0.73,5.84,595.59
44467.17,15.72,15.36,1.07,0.68,10,595.75
44467.21,15.57,15.38,1.02,0.66,10,595.7
44467.25,16.78,16.07,1.06,0.48,10,595.79
44467.29,17.07,16.29,1.23,0.96,10,596.29
44467.33,16.31,15.79,1.29,0.94,10,596.71
44467.38,15.43,15.42,1.47,0.81,10,597.28
44467.42,17.47,16.12,1.53,0.85,10,597.7
44467.46,17.33,16.57,1.64,0.88,10,597.94
44467.5,16.34,15.88,1.82,0.83,10,597.84
44467.54,17.07,15.31,1.9,0.9,10,597.69
44467.58,18.01,16.19,1.94,0.86,10,597.43
44467.62,17.34,15.01,1.75,0.91,9.92,597.11
44467.67,17.75,13.33,1.39,0.98,9.82,596.96
44467.71,17.9,13.01,1.15,1.17,7.67,596.62
44467.75,15.65,12.4,1.56,1.1,8.1,597.13
44467.79,16.69,12.15,0.95,1.41,8.17,597.04
44467.83,16.47,12.52,0.45,2.1,9.81,597.59
44467.88,16.26,12.64,0.36,2.63,9.4,597.79
44467.92,15.74,12.67,0.6,0.07,9.34,598.21
44467.96,13.92,11.69,0.79,0.42,8.24,598.3
44468,13.87,11.92,0.97,0.42,5.87,598.21
44468.04,13.62,11.93,0.91,0.66,4.51,597.99
44468.08,13.56,12.07,0.89,1.06,3.48,597.77
44468.12,13.3,12.11,0.82,1.31,3.16,597.46
44468.17,11.44,10.25,0.77,1.4,9.72,597.21
44468.21,10.71,9.61,0.64,1.35,10,597.21
44468.25,10.19,9.23,0.74,1.32,10,597.29
44468.29,9.59,8.44,1.01,1.35,10,597.37
44468.33,8.89,7.96,1.21,1.28,10,597.66
44468.38,9.53,9.08,1.21,1.2,9.79,597.81
44468.42,16.94,15.09,1.16,1.16,6.18,598.09
44468.46,18.13,13.11,1.19,1.11,0.62,597.92
44468.5,20,10.03,1.09,1.12,0,597.67
44468.54,23.96,7.57,0.73,1.2,0,597
44468.58,24.51,6.98,0.46,1.81,0,596.34
44468.62,24.65,6.57,0.61,2.49,0,595.87
44468.67,25.57,5.81,0.86,2.64,0,595.41
44468.71,25.58,5.82,1.08,3.07,0,594.91
44468.75,21.35,6.62,0.99,0.13,0.08,595.01
44468.79,22.3,4.29,1.2,0.45,0.25,595.03
44468.83,21.46,5.38,1.17,0.36,0.49,595.47
44468.88,20.65,6.15,1.38,0.4,1.97,595.89
44468.92,19.49,7.06,1.33,0.26,2.91,596.49
44468.96,15.51,7.98,1.33,0.49,3.87,596.9
44469,15.12,8.23,1.29,0.45,2.63,596.98
44469.04,14.6,8.45,0.94,3.12,2.31,596.89
44469.08,14.14,8.61,0.79,3.09,2.18,596.68
44469.12,13.88,8.76,0.73,0.06,3.11,596.41
44469.17,12.59,9.12,0.73,0.05,0.47,596.31
44469.21,12.49,9.13,0.68,3.01,1.29,596.25
44469.25,12.49,10.12,0.29,1.86,1.55,596.45
44469.29,12.29,10.14,0.74,1.54,0.39,596.38
44469.33,11.85,10.1,0.78,1.34,0.25,596.7
44469.38,13.27,10.96,0.57,0.94,0.35,596.83
44469.42,20.33,11.9,0.43,0.74,0.07,596.89
44469.46,20.97,11.35,0.36,1.01,0.26,597
44469.5,21.4,11.38,0.5,1.28,0.04,596.69
44469.54,25.52,11.14,0.59,1.39,0.29,595.98
44469.58,25.83,10.94,0.57,1.52,1.39,595.17
44469.62,26.21,10.85,0.5,1.85,1.37,594.74
44469.67,26.41,10.3,0.43,2.64,2.44,594.16
44469.71,26.46,10.27,1,3.13,3.68,594.05
44469.75,23.22,12.57,1.42,0.55,4.59,594.5
44469.79,23.34,10.98,1.84,0.78,6.98,594.56
44469.83,23.03,11.83,1.88,0.75,7.09,595.05
44469.88,22.77,12.36,1.87,0.57,7.49,595.59
44469.92,21.71,13.61,1.78,0.51,7.21,596.16
44469.96,18.41,14.16,1.59,0.59,7.29,596.4
44470,17.77,14.5,1.4,0.6,6.13,596.54
44470.04,17.23,14.72,1.15,0.6,5.5,596.38
44470.08,16.9,14.91,1.16,0.6,3.87,596.2
44470.12,16.81,15.09,0.97,0.51,8.37,596.15
44470.17,15.72,14.84,0.58,0.61,10,596.06
44470.21,15.87,14.97,0.47,0.26,10,596.1
44470.25,16.4,15.65,0.59,1.97,10,595.79
44470.29,16.43,15.71,0.93,1.07,10,595.85
44470.33,15.82,15.32,1.17,1.01,9.94,596.27
44470.38,15.2,14.58,1.17,1.03,9.26,596.54
44470.42,20.62,15.17,1.2,0.93,6.38,596.73
44470.46,21.04,14.76,1.18,1.05,6.29,596.66
44470.5,22.17,14.51,1.05,1.07,7.3,596.42
44470.54,26.26,13.41,1.16,1.1,5.45,595.59
44470.58,26.21,13.35,1.17,1.33,4.35,594.98
44470.62,26.46,12.82,1.07,1.55,2.87,594.27
44470.67,26.59,12.5,0.99,2,1.16,593.92
44470.71,26.73,12.09,0.91,2.75,1.24,593.61
44470.75,23.47,12.45,0.99,0.2,1.06,593.46
44470.79,23.21,12.41,1.72,0.56,2.99,593.93
44470.83,22.35,13.69,1.91,0.55,3.47,594.6
44470.88,21.38,15.05,1.8,0.58,6.08,595.4
44470.92,20.57,16.16,1.77,0.72,8.49,596.37
44470.96,18.59,16.77,1.35,0.76,10,596.52
44471,18.67,17.07,0.74,0.58,9.92,596.77
44471.04,18.79,17.21,0.76,3.14,10,596.63
44471.08,18.66,17.38,0.66,2.49,9.86,596.21
44471.12,18.98,17.52,0.53,1.86,9.98,595.94
44471.17,17.87,17.1,0.42,1.48,7.4,595.71
44471.21,17.72,16.82,0.73,1.26,9.37,595.42
44471.25,17.33,16.61,1.2,1.61,4.63,595.59
44471.29,17.48,16.72,1.52,1.51,3.28,595.49
44471.33,17.08,16.39,1.34,1.2,1.46,595.72
44471.38,17.62,16.02,1.52,1.06,0.82,595.76
44471.42,23.28,15.18,1.87,0.97,0.16,595.94
44471.46,23.68,15.23,2.41,0.88,2.28,595.69
44471.5,23.98,15.02,2.41,0.84,1.92,595.23
44471.54,26.79,13.55,2.4,0.88,2.45,594.66
44471.58,26.88,13.33,2.35,0.93,2.12,593.77
44471.62,27.05,13.05,2.33,1,1.06,593.21
44471.67,27.62,12.49,2.26,1.11,1.06,592.72
44471.71,27.88,12,2.1,1.23,2.31,592.43
44471.75,24.43,15.22,1.14,1.44,2.02,592.18
44471.79,25.02,11.47,1.41,1.37,1.4,592.3
44471.83,25.43,10.99,1.27,1.55,1.9,592.65
44471.88,24.94,11.02,1.42,1.72,1.38,593.2
44471.92,23.56,11.5,1.49,1.61,1.96,593.22
44471.96,20.53,11.92,1.72,1.52,1.64,593.31
44472,20.33,11.74,1.82,1.39,1.08,593.22
44472.04,19.35,12.16,1.95,1.36,0.44,593.23
44472.08,18.44,12.28,2.11,1.35,0.3,592.89
44472.12,17.93,12.7,2.24,1.31,0.7,592.94
44472.17,16.92,12.56,2.31,1.26,0.22,592.49
44472.21,16.7,12.52,2.31,1.23,0.39,592.59
44472.25,16.44,12.88,2.2,1.34,0.96,592.59
44472.29,15.94,12.78,2.26,1.3,1.33,592.77
44472.33,17.33,13.71,1.93,1.26,0.26,593.15
44472.38,18.14,14.59,2.07,1.14,0.63,593.55
44472.42,22.75,15.11,2.57,1,0.94,593.62
44472.46,23.41,14.68,2.74,0.95,1.1,593.53
44472.5,23.6,14.11,2.8,0.88,1.64,593.14
44472.54,26.65,13.17,2.88,0.84,1.43,592.58
44472.58,26.81,12.67,2.98,0.78,4.06,591.94
44472.62,26.88,12.36,2.88,0.78,5.35,591.39
44472.67,27.28,11.85,2.52,0.9,3.1,591.32
44472.71,27.38,11.5,2.03,0.89,3.77,591.2
44472.75,24.73,12.62,0.95,0.36,4.93,591.46
44472.79,25.02,10.55,1.2,1.13,5.25,591.84
44472.83,25.66,9.24,1.07,1.56,5.12,592.42
44472.88,25.25,9.72,1.08,1.32,5.07,592.89
44472.92,24.44,10.31,1.32,1.55,4.85,592.87
44472.96,22.07,11.48,1.17,1.75,5.81,593.31
44473,20.95,12.42,1.93,1.3,6.09,593.31
44473.04,20.57,12.18,1.97,1.28,4.1,593.07
44473.08,20.02,12.55,2.03,1.2,3.13,592.92
44473.12,19.81,12.36,2.05,1.22,2.55,592.85
44473.17,18.78,12.87,2.15,1.31,2.61,592.67
44473.21,18.65,13.44,2.17,1.28,1.63,592.78
44473.25,17.05,14.05,2.04,1.36,1.46,592.94
44473.29,16.86,14.38,1.81,1.32,3.03,593.73
44473.33,18.1,15.14,1.53,1.21,3.65,593.87
44473.38,19.52,16.11,1.82,1.1,2.28,594.14
44473.42,23.25,16.32,2.25,0.99,1.87,594.65
44473.46,23.83,15.65,2.73,0.89,3.39,594.75
44473.5,24.05,15.12,2.87,0.83,6,594.51
44473.54,26.24,14.8,2.75,0.85,7.41,593.97
44473.58,26.49,14.98,2.28,0.89,3.61,593.41
44473.62,26.31,14.82,1.33,1.19,4.37,593.25
44473.67,25.55,15.25,0.84,1.69,3.41,593.06
44473.71,25.11,15.4,0.68,2.25,3.33,592.89
44473.75,22.05,15.26,0.76,0.78,8.93,592.86
44473.79,20.64,17.39,1.2,2.95,9.71,593.98
44473.83,21.04,17.79,0.52,2.96,7.8,594.32
44473.88,20.97,17.95,1.07,3.04,7.4,594.78
44473.92,20.55,17.21,1,3.02,8.63,595.36
44473.96,18.1,16.82,1.08,3.07,8.54,595.82
44474,18.21,16.79,1.05,2.62,8.63,595.87
44474.04,17.6,15.59,1.17,2.22,9.26,595.62
44474.08,17.3,15.58,1.3,2,9.7,595.58
44474.12,17.4,15.33,1.35,1.71,8.98,595.4
44474.17,16.97,15.49,1.33,1.69,8.21,595.34
44474.21,17.15,15.8,1.35,1.53,7.64,595.38
44474.25,17.78,15.79,1.25,1.69,4.55,595.27
44474.29,17.62,15.51,1.37,1.4,4.69,595.8
44474.33,18.29,15.64,1.15,1.32,3.44,596.02
44474.38,18.46,16,1.26,1.15,3.41,596.24
44474.42,21.69,15.81,1.64,0.99,3.07,596.47
44474.46,21.85,15.46,1.74,0.98,2.77,596.28
44474.5,21.93,15.02,1.79,0.96,4.84,596.06
44474.54,24.56,14.56,1.72,1.04,5.84,595.52
44474.58,24.21,14.4,1.32,1.21,4.24,594.99
44474.62,24.14,14.2,1.08,1.75,4.5,594.39
44474.67,24.03,13.48,1.03,2.08,4.38,594.11
44474.71,23.94,13.94,1,2.75,4.7,594.04
44474.75,21.32,15.46,1.37,0.12,4.13,593.76
44474.79,19.77,16.01,1.53,0.31,5.59,594.24
44474.83,19.44,16.34,1.66,0.43,6.52,594.78
44474.88,19.04,16.48,1.21,0.41,7.05,595.47
44474.92,18.5,16.84,1.15,0.37,7.58,595.65
44474.96,17.15,16.45,1.33,0.5,8.79,596.04
44475,16.92,16.42,1.31,0.49,9.4,596.18
44475.04,16.81,16.41,1.09,0.33,9.09,595.95
44475.08,17.01,16.52,0.85,0.25,9.17,595.6
44475.12,17.25,16.44,0.79,0.08,10,595.42
44475.17,17.15,16.18,0.73,2.94,10,595.38
44475.21,17.04,15.98,0.65,2.65,10,595.03
44475.25,17.27,16.47,0.82,2.95,8.79,594.57
44475.29,17.02,16.22,0.86,0.12,10,595.2
44475.33,16.43,15.98,0.98,0.4,10,595.51
44475.38,16.13,15.4,1.25,0.46,7.66,595.94
44475.42,19.5,15.91,1.42,0.48,10,596.26
44475.46,19.12,15.56,1.58,0.56,7.58,596.29
44475.5,19.43,15.35,1.98,0.65,6.07,596.29
44475.54,19.51,15.42,2.04,0.69,10,595.89
44475.58,18.71,15.73,2.23,0.76,10,595.57
44475.62,18.02,15.72,2.62,0.72,9.55,595.17
44475.67,16.13,15.52,2.31,0.82,10,594.95
44475.71,16.49,16.04,2.09,0.68,10,595.01
44475.75,14.61,14.5,2.17,0.69,9.83,594.9
44475.79,14.67,14.01,1.6,0.58,10,595.17
44475.83,14.61,14.01,1.66,0.64,10,595.71
44475.88,14.67,13.89,1.63,0.83,10,596.44
44475.92,14.28,13.64,1.57,0.8,10,596.58
44475.96,13.56,13.56,1.28,0.84,10,596.7
44476,13.62,13.52,1.11,0.89,10,596.78
44476.04,13.59,13.39,1.08,0.84,10,596.64
44476.08,13.53,13.29,0.98,0.78,9.98,596.45
44476.12,13.52,13.2,1.04,0.73,10,596.21
44476.17,13.52,13.43,1.25,0.71,10,595.77
44476.21,13.28,12.96,1.2,0.68,10,595.88
44476.25,12.94,12.63,1.18,0.67,10,595.78
44476.29,12.9,12.46,1.24,0.81,10,595.89
44476.33,12.68,12.22,1.2,0.8,10,596.26
44476.38,12.81,12.71,1.4,0.66,10,596.53
44476.42,14.83,13.62,1.62,0.61,10,596.79
44476.46,14.8,13.69,1.66,0.64,10,596.67
44476.5,14.6,13.76,1.75,0.7,10,596.61
44476.54,15.21,13.86,1.81,0.65,10,596.35
44476.58,15.29,13.26,1.99,0.7,10,595.72
44476.62,14.87,13.05,1.77,0.69,10,595.19
44476.67,14.63,12.59,1.9,0.71,10,594.73
44476.71,14.88,12.59,1.69,0.52,10,594.93
44476.75,13.32,12.04,2.15,0.5,9.93,594.85
44476.79,13.76,11.76,1.85,0.81,10,595.3
44476.83,13.63,11.76,1.8,0.89,9.96,595.89
44476.88,13.96,11.74,1.48,0.77,9.98,596.06
44476.92,13.56,11.65,1.37,0.6,9.79,596.36
44476.96,12.78,11.56,1.25,0.63,9.9,596.59
44477,12.63,11.75,1.07,0.68,9.98,596.38
44477.04,12.34,11.63,0.93,0.55,9.92,596.3
44477.08,12.29,11.35,0.89,0.4,9.94,596.08
44477.12,12.28,11.33,0.75,0.19,9.94,595.7
44477.17,12.14,11.41,0.79,0.02,9.73,595.54
44477.21,12.42,11.32,0.83,2.99,9.75,595.29
44477.25,12.43,11.28,0.78,1.45,10,595.26
44477.29,12.44,11.3,0.43,1.73,9.98,595.37
44477.33,12.41,11.36,0.28,1,9.82,595.53
44477.38,12.41,11.49,0.58,0.94,10,595.87
44477.42,14.47,12.07,0.77,0.25,10,595.97
44477.46,13.99,12.21,0.86,3.03,10,595.88
44477.5,14.1,12.38,0.66,3.01,10,595.53
44477.54,16.56,13.07,0.55,3.02,10,594.96
44477.58,17.07,13.42,0.89,0.31,9.77,594.44
44477.62,18.07,13.78,1.21,0.12,6.95,593.97
44477.67,19.59,14.1,1.65,0.17,10,593.75
44477.71,19.57,14.29,1.93,0.33,9.17,593.81
44477.75,15.54,13.97,1.9,0.39,7.4,594.02
44477.79,15.26,13.84,1.33,0.62,7.35,593.96
44477.83,15.05,13.8,1.68,0.57,10,594.72
44477.88,15.17,13.85,1.53,0.54,10,595.31
44477.92,15.08,13.87,1.59,0.61,10,595.55
44477.96,13.7,13.62,1.54,0.71,10,595.95
44478,13.67,13.58,1.45,0.7,10,595.99
44478.04,13.65,13.52,1.36,0.71,10,596.17
44478.08,13.63,13.37,1.3,0.71,10,596.07
44478.12,13.62,13.29,1.18,0.72,10,595.89
44478.17,13.18,12.8,1.21,0.71,10,595.79
44478.21,13.21,12.82,1.09,0.68,10,595.84
44478.25,12.71,12.27,1.16,0.54,10,596.03
44478.29,12.71,12.24,1.25,0.62,10,596.23
44478.33,12.36,12.12,1.44,0.59,10,596.75
44478.38,11.62,11.62,1.61,0.61,10,597.05
44478.42,12.85,12.35,1.77,0.7,10,597.49
44478.46,12.26,12.1,1.83,0.72,10,597.67
44478.5,12.14,11.4,1.76,0.74,10,597.6
44478.54,14.1,12.19,1.81,0.71,10,597.36
44478.58,14.18,12.14,1.85,0.76,10,596.81
44478.62,13.88,11.99,1.94,0.75,10,596.66
44478.67,13.86,11.78,2.16,0.67,10,596.46
44478.71,14.2,12.28,2.16,0.66,10,596.62
44478.75,12.85,12.25,1.83,0.75,10,597.05
44478.79,13.13,12.5,1.53,0.96,10,597.31
44478.83,13.26,12.31,1.57,0.79,10,597.93
44478.88,13.4,12.52,1.76,0.76,10,598.16
44478.92,13.23,12.53,1.52,0.71,10,598.42
44478.96,12.26,11.91,1.4,0.82,10,598.93
44479,12.45,12,1.38,1.03,10,598.9
44479.04,12.26,12.06,1.17,1.23,10,598.72
44479.08,12.45,12.27,1.18,1.25,10,598.52
44479.12,12.54,12.3,1.09,1.13,10,598.22
44479.17,12.13,12.13,1.1,1.05,10,598.2
44479.21,12.39,12.37,1.11,1.09,10,598.28
44479.25,12.52,12.52,1.3,0.91,10,598.9
44479.29,12.64,12.64,1.35,0.91,10,598.39
44479.33,12.72,12.68,1.33,1.03,10,598.92
44479.38,12.69,12.69,1.53,0.9,10,599.3
44479.42,13.86,13.11,1.88,0.86,10,599.62
44479.46,13.71,13.21,2.02,0.8,10,599.8
44479.5,13.65,13.28,2.02,0.83,10,599.73
44479.54,13.59,13.14,2.06,0.83,10,599.15
44479.58,13.21,12.6,2.1,0.81,10,598.82
44479.62,12.94,12.5,1.9,0.79,10,598.57
44479.67,12.34,11.99,1.74,0.86,10,598.52
44479.71,12.22,11.91,1.61,0.88,10,598.6
44479.75,11.02,11.02,1.55,0.93,10,598.84
44479.79,11.15,11.07,1.7,0.75,10,598.77
44479.83,11.3,11.23,1.43,0.78,10,599.51
44479.88,11.2,11,1.65,0.73,10,599.83
44479.92,10.97,10.88,1.7,0.78,10,600.02
44479.96,10.04,10.04,1.94,0.9,10,600.11
44480,10.03,10.03,1.64,0.92,10,599.95
44480.04,9.68,9.68,1.49,0.85,10,599.7
44480.08,9.51,9.51,1.3,0.84,10,599.45
44480.12,9.44,9.44,1.22,0.9,10,599.22
44480.17,9.32,9.2,1.4,0.88,10,599.07
44480.21,9.29,9.16,1.24,0.82,10,598.69
44480.25,9.45,9.31,1.14,0.53,10,599.15
44480.29,9.41,9.36,0.95,0.55,10,598.96
44480.33,9.36,9.37,0.93,0.5,10,599.15
44480.38,9.23,9.22,1.03,0.43,10,599.52
44480.42,11.07,10.02,1.26,0.3,10,599.52
44480.46,11.67,10.01,1.41,0.33,10,599.57
44480.5,11.71,10.03,1.31,0.44,10,599.29
44480.54,14.04,10.91,1.29,0.53,10,598.51
44480.58,14.71,11.15,1.33,0.37,10,597.89
44480.62,14.63,11.11,1.36,0.29,10,597.12
44480.67,14.52,11.52,1.36,0.27,10,596.94
44480.71,14.61,11.62,1.33,0.25,10,596.87
44480.75,13.55,12.16,1.31,0.2,10,596.88
44480.79,13.27,12.18,1.4,0.44,9.77,596.97
44480.83,13.11,12.14,1.48,0.44,9.92,597.44
44480.88,12.81,12.19,1.46,0.52,10,597.66
44480.92,12.48,12.12,1.34,0.53,10,597.93
44480.96,11.8,11.8,1.43,0.58,10,598.29
44481,11.84,11.81,1.2,0.64,10,598.32
44481.04,11.78,11.78,1.2,0.62,10,598.27
44481.08,11.67,11.67,1,0.46,10,598.09
44481.12,11.7,11.68,0.96,0.26,10,597.77
44481.17,11.27,11.27,0.89,0.1,10,597.58
44481.21,11.33,11.33,0.86,0.03,10,597.41
44481.25,11.18,11.17,0.88,2.9,10,597.32
44481.29,11.34,11.23,0.87,0.68,10,597.44
44481.33,11.24,11.18,1.28,0.75,10,597.9
44481.38,10.92,10.92,1.66,0.51,10,598.08
44481.42,12.75,11.79,1.57,0.27,10,598.64
44481.46,12.37,11.46,1.36,0.2,10,598.52
44481.5,12.46,11.42,1.22,0.24,10,598.54
44481.54,13.69,11.88,1.26,0.38,10,598.08
44481.58,14.1,12.13,1.46,0.45,10,597.43
44481.62,14.15,12.2,1.62,0.31,10,597.26
44481.67,13.87,12.12,1.66,0.19,10,597.13
44481.71,13.96,12.11,1.65,0.3,10,597.24
44481.75,12.55,11.95,1.38,0.26,10,597.04
44481.79,12.47,11.79,1.41,0.54,9.62,597.28
44481.83,12.53,11.93,1.47,0.56,10,597.97
44481.88,12.64,11.83,1.46,0.58,10,598.44
44481.92,12.45,11.6,1.58,0.56,10,598.74
44481.96,11.29,11.15,1.7,0.58,10,599.16
44482,11.19,11.1,1.51,0.64,10,599.07
44482.04,11.07,10.91,1.32,0.68,10,599.22
44482.08,11.1,10.83,1.3,0.58,10,598.97
44482.12,11.14,10.75,1.23,0.51,10,598.9
44482.17,11,10.49,1.24,0.62,10,598.96
44482.21,11.03,10.52,1.06,0.81,10,598.57
44482.25,10.9,10.51,1.19,0.62,10,598.91
44482.29,10.95,10.51,1.36,0.65,10,599.06
44482.33,10.8,10.46,1.46,0.63,10,599.6
44482.38,10.44,10.44,1.61,0.59,10,599.97
44482.42,12.28,11.21,1.58,0.54,10,600.35
44482.46,12.63,10.24,1.47,0.43,10,600.21
44482.5,13.37,10.56,1.37,0.36,10,600.04
44482.54,15.92,11.2,1.35,0.51,9.54,599.54
44482.58,16.52,11.26,1.55,0.69,8.93,598.76
44482.62,16.95,11.19,1.67,0.74,10,598.32
44482.67,17.13,11.05,1.92,0.72,10,598.05
44482.71,17.24,10.79,2.15,0.69,9.85,598.01
44482.75,14.28,10.78,2.03,0.5,7.03,598.09
44482.79,13.56,10.93,1.42,0.46,5.64,598.12
44482.83,13.37,11.1,1.25,0.5,7,598.95
44482.88,13.26,11.32,1.44,0.59,10,599.47
44482.92,13.16,11.47,1.35,0.82,10,599.95
44482.96,12.09,11.27,1.36,0.97,10,600.01
44483,12.09,11.29,1.41,0.91,10,599.94
44483.04,12.02,11.35,1.46,0.83,10,599.81
44483.08,12.02,11.39,1.23,0.88,10,599.74
44483.12,12.18,11.6,1.12,0.99,10,599.32
44483.17,11.71,11.62,1.21,1.11,10,599.39
44483.21,11.68,11.64,1.4,0.96,10,599.17
44483.25,11.84,11.7,1.22,0.66,10,599.54
44483.29,11.86,11.73,1.37,0.68,10,599.67
44483.33,11.73,11.68,1.38,0.77,10,600.15
44483.38,11.41,11.41,1.59,0.92,10,600.73
44483.42,11.62,11.59,1.75,0.89,10,600.92
44483.46,12.01,11.81,1.73,0.82,10,600.85
44483.5,11.97,11.66,1.73,0.84,10,600.68
44483.54,12.62,11.57,1.74,0.94,10,600.08
44483.58,12.69,11.5,1.79,1.02,10,599.41
44483.62,12.9,11.59,1.78,1.04,10,598.95
44483.67,12.66,11.55,1.75,0.79,10,598.78
44483.71,12.67,11.56,1.81,0.56,10,599.02
44483.75,12.07,11.88,1.1,0.42,10,599.13
44483.79,12.06,12.06,1.11,0.64,10,599.08
44483.83,12.14,12.14,1.36,0.9,10,599.51
44483.88,12.3,12.3,1.5,0.85,10,599.77
44483.92,12.17,12.17,1.55,0.75,10,599.99
44483.96,11.61,11.61,1.62,0.79,10,600.1
44484,11.61,11.61,1.47,0.87,10,599.66
44484.04,11.37,11.37,1.45,0.89,10,599.64
44484.08,11.35,11.35,1.47,0.77,10,599.31
44484.12,11.21,11.21,1.27,0.76,10,599.21
44484.17,10.89,10.89,1.41,0.81,10,599.02
44484.21,10.78,10.78,1.41,0.83,10,598.95
44484.25,11.06,10.71,1.62,0.7,10,599.02
44484.29,10.9,10.63,1.49,0.82,10,599.34
44484.33,10.86,10.72,1.41,0.74,10,599.54
44484.38,10.73,10.73,1.52,0.73,10,600.26
44484.42,10.93,10.58,1.72,0.75,10,600.54
44484.46,10.67,10.57,1.79,0.8,10,600.54
44484.5,10.33,10.33,1.91,0.77,10,600.43
44484.54,10.72,10.15,1.78,0.76,10,600
44484.58,10.6,10.13,1.77,0.76,10,599.67
44484.62,10.29,9.95,1.69,0.72,10,599.33
44484.67,9.63,9.36,1.58,0.73,10,599.13
44484.71,9.49,9.16,1.67,0.71,10,599.32
44484.75,8.52,8.52,1.43,0.5,9.96,599.5
44484.79,8.61,8.61,1.67,0.68,10,599.81
44484.83,8.51,8.49,1.89,0.7,10,600.32
44484.88,8.53,8.53,1.76,0.74,10,600.81
44484.92,8.35,8.35,1.84,0.79,10,601.06
44484.96,7.64,7.63,1.75,0.84,10,601.34
44485,7.45,7.45,1.73,0.84,10,601.2
44485.04,7.2,7.2,1.67,0.88,10,601.16
44485.08,7.2,7.2,1.68,0.92,10,601.14
44485.12,7.19,7.19,1.8,0.91,10,601.14
44485.17,6.57,6.57,1.86,0.91,10,601.28
44485.21,6.58,6.59,1.85,0.93,10,601.45
44485.25,6.43,6.4,1.53,0.92,10,601.49
44485.29,6.46,6.46,1.88,0.89,10,601.68
44485.33,6.39,6.39,1.74,0.87,10,602.11
44485.38,6.26,6.26,1.68,0.89,10,602.89
44485.42,6.88,6.31,1.65,0.87,10,603.36
44485.46,6.91,6.06,1.9,0.87,10,603.64
44485.5,7.37,5.36,1.94,0.91,10,603.45
44485.54,8.07,5.44,2.06,0.94,10,603.09
44485.58,8.22,5.49,2.15,0.93,10,602.63
44485.62,8.14,5.66,2.02,0.91,10,602.39
44485.67,7.82,5.53,1.93,0.87,10,602.12
44485.71,7.77,5.52,1.79,0.92,10,602.23
44485.75,6.81,5.45,1.64,0.74,9.98,602.59
44485.79,6.83,5.56,1.52,0.81,10,602.55
44485.83,6.78,5.74,1.62,0.75,10,603.16
44485.88,6.86,5.79,1.65,0.86,10,603.64
44485.92,6.61,5.97,1.56,0.83,10,604.06
44485.96,6,5.79,1.48,0.82,10,604.25
44486,6,5.89,1.35,0.89,10,604.09
44486.04,5.83,5.55,1.25,0.88,10,603.79
44486.08,5.78,5.59,1.11,0.92,10,603.49
44486.12,5.78,5.54,1.12,0.95,10,603
44486.17,5.76,5.51,0.96,0.89,10,602.63
44486.21,5.68,5.46,0.75,0.55,10,602.19
44486.25,5.77,5.14,0.64,0.09,10,601.93
44486.29,5.81,4.9,0.73,2.69,10,601.35
44486.33,6.12,4.69,0.6,2.63,10,601.98
44486.38,6.29,4.88,0.76,2.51,10,602.01
44486.42,8.55,5.71,0.94,2.17,10,602.13
44486.46,8.65,5.79,1.1,1.83,10,601.77
44486.5,8.77,5.95,1.18,1.63,10,601.23
44486.54,11.16,6.8,1.48,1.41,10,600.46
44486.58,11.63,6.93,1.69,1.27,10,599.44
44486.62,11.79,6.94,1.73,1.22,10,598.66
44486.67,12.55,7.69,1.5,1.3,10,598.25
44486.71,12.61,7.61,0.78,1.8,10,597.96
44486.75,12.25,8.08,0.25,2.13,9.98,597.9
44486.79,11.76,8.5,0.68,0.6,9.9,597.53
44486.83,11.3,8,1.13,0.76,9.75,598.37
44486.88,10.69,7.99,1.46,0.63,9.69,598.79
44486.92,10.22,8.09,1.54,0.55,10,599.01
44486.96,8.76,7.81,1.55,0.63,10,599.08
44487,8.44,7.83,1.49,0.63,10,599.14
44487.04,8.28,7.95,1.39,0.58,10,599.03
44487.08,8.09,7.77,1.39,0.6,10,598.89
44487.12,7.88,7.77,1.19,0.61,10,598.55
44487.17,7.61,7.6,0.99,0.4,10,598.14
44487.21,7.61,7.59,0.87,0.07,10,597.97
44487.25,7.5,7.16,0.95,1.78,10,597.5
44487.29,7.89,7.2,0.82,1.65,10,597.18
44487.33,8.02,7.12,0.62,2.16,10,597.63
44487.38,7.53,7.13,0.77,2.92,10,597.81
44487.42,9.62,8.06,1.04,0.12,10,598.28
44487.46,9.48,8.08,0.98,0.18,10,598.31
44487.5,9.61,8.19,1.04,0.22,10,597.72
44487.54,12.69,9.52,1.38,0.35,10,597.44
44487.58,13.2,9.93,1.8,0.44,9.98,597.11
44487.62,13.68,10.21,2.04,0.54,9.85,596.82
44487.67,12.76,10.19,1.96,0.55,10,596.71
44487.71,12.3,10.01,1.86,0.5,10,596.8
44487.75,8.48,7.94,1.59,0.53,10,597.26
44487.79,8.48,7.73,1.51,0.68,10,597.51
44487.83,8.55,7.74,1.48,0.56,10,598.13
44487.88,8.6,7.8,1.41,0.52,10,598.56
44487.92,8.56,7.91,1.41,0.61,10,599.08
44487.96,8.02,7.88,1.17,0.67,10,598.93
44488,7.99,7.85,1.05,0.5,10,598.82
44488.04,8.2,7.85,0.91,0.33,10,598.57
44488.08,8.29,7.81,0.68,0.27,9.96,598.17
44488.12,8.57,7.72,0.48,0.15,9.9,597.85
44488.17,8.59,8.03,0.71,2.46,9.9,597.16
44488.21,8.67,8.18,0.83,2.08,9.8,596.77
44488.25,8.74,8.1,1.08,1.7,10,596.35
44488.29,8.94,8.33,0.62,1.72,10,596.39
44488.33,8.7,8.26,0.79,3.08,10,596.71
44488.38,8.33,8.03,1.36,0.45,10,597.04
44488.42,11.36,9.41,1.58,0.45,9.86,597.24
44488.46,11.39,9.52,1.51,0.42,9.96,597.03
44488.5,12.04,10.16,1.44,0.45,9.94,596.61
44488.54,15.67,11.95,1.32,0.33,10,595.89
44488.58,16.94,12.62,1.07,3.11,10,594.81
44488.62,17,12.88,0.99,2.82,9.62,594.38
44488.67,16.87,12.98,1.78,0.22,8.91,593.79
44488.71,16.26,12.63,1.86,0.26,6.97,593.88
44488.75,11.74,10,1.96,0.44,5.52,594.18
44488.79,10.57,9.35,2.29,0.65,5.41,594.15
44488.83,9.79,8.65,2.68,0.62,9.82,595.15
44488.88,9.27,7.8,2.53,0.64,10,595.83
44488.92,7.88,7,2.25,0.76,10,596.34
44488.96,6.67,6.42,1.92,0.7,10,596.39
44489,6.7,6.25,1.81,0.65,10,596.65
44489.04,6.71,6.15,1.74,0.7,10,596.67
44489.08,6.88,6.05,1.73,0.75,10,596.48
44489.12,7,6.19,1.84,0.75,10,596.12
44489.17,6.67,5.97,1.84,0.69,10,595.85
44489.21,6.65,6.01,1.89,0.74,10,596.13
44489.25,6.35,5.89,1.87,0.82,10,597.11
44489.29,6.28,5.67,1.76,0.89,10,597.14
44489.33,6.16,5.6,1.95,0.84,10,597.43
44489.38,5.67,5.15,1.85,0.79,9.75,598.23
44489.42,7.57,5.07,1.8,0.77,10,598.5
44489.46,7.57,5.31,1.9,0.81,10,598.57
44489.5,7.59,5.5,2,0.85,10,598.54
44489.54,8.11,5.47,2.09,0.9,10,598.09
44489.58,8.3,5.48,2.2,0.86,10,597.42
44489.62,8.47,5.63,2.28,0.83,10,597.17
44489.67,7.85,5.39,2.25,0.83,10,597.02
44489.71,7.78,5.53,2.33,0.78,10,597.28
44489.75,6.92,4.96,2.39,0.94,10,598.48
44489.79,7.16,5.32,2.1,0.91,10,598.36
44489.83,7.27,5.64,2.08,0.94,10,598.79
44489.88,7.43,6.05,1.79,0.92,10,599.2
44489.92,7.6,6.41,1.66,1.05,10,599.43
44489.96,6.4,5.99,1.82,1.12,10,599.74
44490,6.66,6.32,1.66,1.14,10,599.88
44490.04,6.83,6.49,1.72,1.11,10,599.55
44490.08,6.76,6.42,1.77,1.06,10,599.56
44490.12,6.84,6.46,1.7,1.01,10,599.31
44490.17,6.24,5.95,1.61,0.9,10,599.19
44490.21,6.14,5.93,1.58,0.84,10,598.92
44490.25,5.76,5.07,1.61,0.84,10,599.68
44490.29,5.8,5.14,1.51,0.79,10,599.32
44490.33,5.93,5.21,1.51,0.69,10,599.61
44490.38,6.02,4.96,1.59,0.69,10,600.15
44490.42,6.94,5.26,1.64,0.74,10,600.58
44490.46,7.06,5.08,1.69,0.67,10,600.58
44490.5,6.82,5.18,1.81,0.6,10,600.24
44490.54,6.91,5.47,1.73,0.64,10,600.04
44490.58,6.96,5.61,1.69,0.7,10,599.54
44490.62,7.18,6.1,1.74,0.67,10,599.12
44490.67,6.45,5.8,1.81,0.62,10,598.83
44490.71,6.33,5.58,1.74,0.63,10,598.82
44490.75,5.21,5.06,1.26,0.64,10,599.5
44490.79,5.36,4.86,1.23,0.51,10,599.25
44490.83,5.46,4.94,1.23,0.64,10,599.53
44490.88,5.67,5.31,1.31,0.68,10,599.77
44490.92,5.51,5.32,1.37,0.67,10,600.08
44490.96,4.7,4.7,1.6,0.7,10,600.27
44491,4.46,4.45,1.56,0.65,10,600.29
44491.04,4.54,4.51,1.64,0.69,10,600.15
44491.08,4.51,4.45,1.68,0.72,10,600.07
44491.12,4.53,4.51,1.7,0.73,9.98,599.84
44491.17,4.29,4.28,1.57,0.68,9.98,599.69
44491.21,4.23,4.21,1.53,0.64,10,599.84
44491.25,4.5,4.38,1.53,0.73,9.98,600.36
44491.29,4.36,4.22,1.31,0.74,10,600.37
44491.33,4.23,4.1,1.28,0.63,9.98,600.93
44491.38,4.1,3.42,1.2,0.59,9.98,601.32
44491.42,5.95,3.97,1.35,0.69,10,601.7
44491.46,6.43,4.06,1.31,0.73,10,601.76
44491.5,6.82,4.18,1.04,0.71,10,601.21
44491.54,8.53,4.39,0.63,0.27,10,600.83
44491.58,8.84,4.5,0.46,2.34,9.92,599.86
44491.62,8.94,4.52,0.63,2.13,10,599.4
44491.67,9.5,4.55,0.68,2.54,10,599.15
44491.71,9.42,4.5,0.91,3.04,9.85,598.93
44491.75,9.11,4.45,0.74,2.67,9.95,598.95
44491.79,8.94,4.54,0.6,0.28,9.8,598.94
44491.83,8.51,4.67,1.03,0.29,9.03,599.36
44491.88,8.21,5.1,1.3,0.41,9.13,599.62
44491.92,8.01,5.34,0.8,0.63,8.78,599.71
44491.96,7.41,5.77,1.26,0.6,8.73,600.05
44492,7.26,6.07,1.32,0.47,9.32,599.9
44492.04,7.31,6.04,1.16,0.33,9.92,599.51
44492.08,7.38,6,1.01,0.15,10,599.13
44492.12,7.34,6.05,0.96,0.04,9.62,598.76
44492.17,7.19,6.07,0.89,0.03,10,598.44
44492.21,7.19,6.06,0.8,0.02,10,598.32
44492.25,7.15,6.09,0.76,3.02,10,599.04
44492.29,7.12,6.03,1.05,0.38,10,599
44492.33,6.89,6.07,1.04,0.37,10,599.28
44492.38,6.95,5.9,0.96,0.44,10,599.66
44492.42,8.98,5.97,0.66,0.24,10,599.84
44492.46,9.06,6.07,0.23,2.48,10,599.69
44492.5,9.58,6.38,0.62,0.86,10,599.27
44492.54,12.21,7.07,0.71,0.79,10,598.59
44492.58,12.37,7.18,0.39,1.06,10,598.02
44492.62,12.18,7.25,0.47,2.68,10,597.68
44492.67,12.23,7.72,1.05,0.12,9.92,597.39
44492.71,11.65,7.74,1.73,0.45,9.86,597.57
44492.75,10,7.24,1.57,0.41,9.33,598.04
44492.79,9.64,7.49,1.75,0.47,9.65,598.44
44492.83,9.3,7.7,1.91,0.6,9.55,598.84
44492.88,9.12,7.89,1.78,0.69,10,599.77
44492.92,8.84,8.16,1.75,0.73,10,600.15
44492.96,8.08,8.07,1.7,0.75,10,600.63
44493,8.17,8.16,1.47,0.69,10,600.69
44493.04,7.72,7.72,1.27,0.64,10,600.65
44493.08,7.82,7.81,1.28,0.65,10,600.58
44493.12,7.69,7.69,1.23,0.67,10,600.56
44493.17,7.26,7.26,1.3,0.64,10,600.42
44493.21,7.23,7.23,1.35,0.57,10,600.31
44493.25,6.44,6.44,1.42,0.55,10,600.52
44493.29,6.3,6.29,1.4,0.56,10,600.46
44493.33,6.21,6.2,1.29,0.51,10,600.69
44493.38,6,5.99,1.02,0.36,10,601
44493.42,8.24,6.63,0.96,0.34,10,601.06
44493.46,8.09,6.71,0.88,0.22,10,600.82
44493.5,7.97,6.83,0.83,0.08,10,600.3
44493.54,9.95,7.16,0.99,0.13,10,599.64
44493.58,9.91,7.29,1.13,0.15,10,599.01
44493.62,9.83,7.35,1.25,0.09,10,598.45
44493.67,9.99,8.04,1.3,0.19,10,598.2
44493.71,10.24,8.15,1.43,0.34,10,598.21
44493.75,9.14,7.87,1.24,0.04,10,598.56
44493.79,9.11,8.2,1.29,0.3,10,598.41
44493.83,9.22,8.29,1.53,0.34,10,598.71
44493.88,9.1,8.47,1.48,0.59,10,598.61
44493.92,8.94,8.71,1.58,0.76,10,599.17
44493.96,8.25,8.25,1.47,0.79,10,599.42
44494,8.24,8.24,1.45,0.76,10,599.29
44494.04,8.05,8.05,1.41,0.76,10,599.35
44494.08,7.99,8,1.42,0.72,10,598.96
44494.12,7.99,7.99,1.32,0.61,10,598.73
44494.17,7.55,7.55,1.24,0.5,10,598.18
44494.21,7.57,7.57,1.13,0.46,10,597.82
44494.25,6.79,6.79,0.94,0.13,10,597.68
44494.29,6.74,6.74,0.97,2.89,10,597.66
44494.33,6.69,6.52,0.89,0.15,10,597.62
44494.38,6.51,6.51,0.89,0.2,10,598.01
44494.42,8.97,7.25,1.02,0.12,10,598.1
44494.46,8.77,7.38,0.87,3.11,10,597.92
44494.5,8.64,7.57,0.88,0.3,10,597.22
44494.54,10.83,8.34,1,0.36,10,596.75
44494.58,10.92,8.49,1.07,0.28,10,596.02
44494.62,10.38,8.53,1.42,0.27,10,595.54
44494.67,10.49,8.78,1.59,0.33,10,595.31
44494.71,10.5,8.76,1.74,0.49,10,595.16
44494.75,8.54,7.95,1.78,0.49,9.85,595.29
44494.79,8.61,8.25,1.73,0.58,10,595.13
44494.83,8.57,8.15,1.95,0.7,10,595.47
44494.88,8.5,8.1,1.85,0.75,10,595.92
44494.92,8.24,7.77,1.73,0.74,10,596.34
44494.96,6.69,6.68,1.67,0.74,10,596.37
44495,6.83,6.81,1.62,0.74,10,596.54
44495.04,6.85,6.8,1.69,0.78,10,596.41
44495.08,6.86,6.76,1.79,0.77,10,596.63
44495.12,6.88,6.71,1.78,0.8,10,596.75
44495.17,6.21,6.04,1.76,0.82,10,596.91
44495.21,6.2,6,1.84,0.81,10,596.9
44495.25,5.82,5.49,1.83,0.77,10,597.55
44495.29,5.89,5.68,1.84,0.7,10,597.78
44495.33,5.74,5.62,1.78,0.72,10,598.22
44495.38,5.7,4.8,1.78,0.76,10,598.86
44495.42,7.78,5.52,1.78,0.74,10,599.3
44495.46,7.54,5.62,1.67,0.79,10,599.52
44495.5,7.68,5.75,1.68,0.84,10,599.32
44495.54,8.75,5.84,1.68,0.84,10,598.87
44495.58,8.88,5.72,1.69,0.84,10,598.17
44495.62,8.91,5.65,1.66,0.73,10,597.81
44495.67,8.71,5.62,1.75,0.7,10,597.61
44495.71,8.77,5.55,1.75,0.67,10,597.84
44495.75,6.59,5.16,1.71,0.63,10,598.33
44495.79,7.03,5.64,1.79,0.69,9.96,598.47
44495.83,7.51,5.98,1.74,0.69,10,598.53
44495.88,7.71,6,1.62,0.64,10,598.86
44495.92,7.64,6,1.55,0.65,10,599.3
44495.96,6.98,5.82,1.47,0.7,9.92,599.4
44496,6.94,5.83,1.42,0.79,9.94,599.5
44496.04,6.98,5.88,1.38,0.86,9.82,599.37
44496.08,6.97,5.88,1.3,0.81,9.96,599.2
44496.12,7.11,5.89,1.18,0.68,10,598.93
44496.17,6.97,6.04,1.22,0.62,9.94,599.01
44496.21,6.86,6.05,1.24,0.61,10,598.68
44496.25,6.92,5.98,1.31,0.58,10,599.12
44496.29,6.89,5.95,1.37,0.62,10,599.03
44496.33,6.84,5.82,1.36,0.69,10,599.44
44496.38,6.48,5.7,1.26,0.58,10,599.72
44496.42,8.32,6.25,1.26,0.47,10,599.83
44496.46,8.26,6.23,1.03,0.41,10,599.76
44496.5,8.07,6.12,0.93,0.48,10,599.34
44496.54,9.84,6.68,1.08,0.47,10,598.74
44496.58,9.92,6.75,1.24,0.4,10,598.02
44496.62,10.08,6.81,1.29,0.34,10,597.56
44496.67,10.13,7.03,1.45,0.43,10,597.38
44496.71,10.15,6.9,1.55,0.41,10,597.64
44496.75,8.08,6.06,1.55,0.11,10,597.47
44496.79,8.28,6.42,1.75,0.35,10,597.61
44496.83,8.33,6.75,1.79,0.6,10,597.92
44496.88,8.23,6.93,1.71,0.63,10,598.27
44496.92,7.88,6.95,1.76,0.7,10,598.68
44496.96,6.92,6.8,1.8,0.77,10,598.99
44497,6.97,6.89,1.69,0.8,10,599.16
44497.04,7.01,6.9,1.64,0.82,10,599.03
44497.08,6.98,6.83,1.56,0.81,10,598.95
44497.12,6.94,6.7,1.5,0.8,10,598.63
44497.17,6.76,6.48,1.44,0.78,10,598.69
44497.21,6.71,6.41,1.42,0.77,10,598.39
44497.25,6.5,6.31,1.38,0.62,10,598.8
44497.29,6.58,6.11,1.38,0.74,10,599.15
44497.33,6.55,6.3,1.48,0.78,10,599.54
44497.38,6.37,6.13,1.5,0.79,10,599.77
44497.42,7.75,7.07,1.48,0.77,10,600.01
44497.46,7.52,6.41,1.41,0.68,10,599.99
44497.5,7.59,6.3,1.29,0.59,10,599.47
44497.54,9.46,6.98,1.24,0.5,10,599.16
44497.58,9.39,6.92,1.2,0.48,10,598.24
44497.62,9.32,6.96,1.31,0.51,10,597.68
44497.67,9.17,7.02,1.53,0.44,10,597.76
44497.71,9.27,7.09,1.64,0.47,10,597.66
44497.75,8.11,6.8,1.76,0.55,9.97,597.99
44497.79,8.4,7.21,1.7,0.55,10,598.31
44497.83,8.32,7.43,1.79,0.68,10,599
44497.88,8.16,7.61,1.8,0.76,10,599.2
44497.92,7.91,7.54,1.7,0.76,10,599.6
44497.96,7.26,7.17,1.56,0.85,10,599.68
44498,7.3,7.15,1.6,0.87,10,599.79
44498.04,7.17,7.02,1.56,0.86,10,599.55
44498.08,7.11,6.91,1.46,0.94,10,599.39
44498.12,7.04,6.79,1.45,0.94,10,599.47
44498.17,6.75,6.34,1.43,0.98,10,599.2
44498.21,6.79,6.47,1.4,0.92,10,599.24
44498.25,7.19,6.99,1.68,0.8,10,600.14
44498.29,7.24,7.05,1.47,0.68,10,600.18
44498.33,7.23,6.98,1.29,0.8,10,600.8
44498.38,6.75,6.28,1.42,0.9,10,601.25
44498.42,9.14,6.21,1.63,0.87,10,601.71
44498.46,8.91,6.35,1.67,0.86,10,601.64
44498.5,9.25,6.46,1.57,0.88,10,601.37
44498.54,11.01,6.86,1.38,0.79,10,600.85
44498.58,10.99,7.14,1.1,0.6,10,600.16
44498.62,10.94,7.22,1.03,0.53,10,599.62
44498.67,10.96,7.31,1.01,0.51,10,599.58
44498.71,11.11,7.29,1.05,0.32,10,599.33
44498.75,9.75,6.66,0.94,0.21,9.95,599.45
44498.79,9.99,7.33,1.34,0.14,5.87,599.44
44498.83,10.09,7.62,1.29,0.24,3.94,599.77
44498.88,10.06,7.67,1.22,0.37,5.28,599.98
44498.92,9.57,7.22,1.19,0.47,5,600.36
44498.96,8.7,7.19,1.03,0.31,8.64,600.41
44499,8.4,7.28,0.7,0.27,8.41,600.38
44499.04,7.88,7.19,0.54,0.25,9.92,600.08
44499.08,7.71,7.25,0.59,0.33,10,599.75
44499.12,7.54,7.19,0.57,0.36,10,599.47
44499.17,7.64,7.27,0.54,0.63,10,599.11
44499.21,7.43,6.99,0.6,0.81,10,599.04
44499.25,7.99,7.78,0.79,0.74,10,599.49
44499.29,8.14,7.84,0.65,0.21,10,599.27
44499.33,8,7.36,0.7,0.65,10,599.45
44499.38,7.84,6.79,0.92,0.64,10,599.74
44499.42,10.35,7.6,1.02,0.42,10,599.76
44499.46,10.65,7.87,0.93,0.4,10,599.48
44499.5,10.77,8,0.92,0.22,10,599.14
44499.54,12.8,8.63,1.08,0.06,10,598.26
44499.58,12.57,8.44,1.16,0.05,10,597.69
44499.62,12.43,8.5,1.38,0.24,10,597.07
44499.67,11.93,8.58,1.67,0.35,10,596.99
44499.71,11.63,8.6,1.96,0.36,10,596.77
44499.75,9.41,7.82,1.87,0.36,9.4,597.74
44499.79,9.43,8.34,1.73,0.67,8.19,597.63
44499.83,9.35,8.61,1.81,0.63,10,597.89
44499.88,9.38,8.75,1.81,0.71,10,598.05
44499.92,9.06,8.53,1.7,0.84,10,598.61
44499.96,8.01,8,1.57,0.96,10,599.01
44500,8.09,8.09,1.41,0.92,10,599.01
44500.04,8.01,8.01,1.4,0.89,10,598.88
44500.08,8.22,8.1,1.65,0.91,10,598.62
44500.12,8.24,8.06,1.47,0.95,10,598.55
44500.17,7.55,7.46,1.56,0.93,10,598.41
44500.21,7.69,7.58,1.75,0.95,10,598.64
44500.25,7.28,7.08,1.5,0.6,10,598.74
44500.29,7.26,6.99,1.38,0.74,10,599.16
44500.33,7.04,6.79,1.72,0.78,10,599.81
44500.38,6.58,6.55,1.83,0.73,10,600
44500.42,7.92,7.09,1.67,0.74,10,600.17
44500.46,7.85,6.63,1.66,0.58,10,600.18
44500.5,8.27,6.12,1.65,0.53,10,599.82
44500.54,9.26,5.91,1.7,0.57,10,599.15
44500.58,9.48,6.13,1.71,0.53,10,598.59
44500.62,9.27,5.91,1.78,0.5,10,597.97
44500.67,9.09,6.06,1.8,0.54,10,597.89
44500.71,8.66,5.78,1.81,0.55,10,597.87
44500.75,8.15,5.6,1.66,0.48,9.96,598.15
44500.79,8.31,5.83,1.6,0.37,10,598.36
44500.83,8.29,6.02,1.68,0.62,10,598.69
44500.88,8.35,6.11,1.68,0.52,10,598.95
44500.92,7.96,6.08,1.63,0.5,10,599.13
44500.96,7.21,5.9,1.73,0.74,10,599.26
44501,7.2,5.82,1.74,0.8,10,599.5
44501.04,7.06,5.73,1.57,0.78,10,599.4
44501.08,7.07,5.66,1.52,0.77,10,599.34
44501.12,7.08,5.6,1.48,0.74,10,598.93
44501.17,6.63,5.43,1.45,0.68,10,598.85
44501.21,6.51,5.41,1.35,0.62,10,598.51
44501.25,6.7,5.83,1.33,0.6,10,598.7
44501.29,6.75,5.71,1.24,0.52,10,598.92
44501.33,6.69,5.64,1.26,0.54,10,599.01
44501.38,6.4,5.45,1.22,0.35,10,599.36
44501.42,8.93,6.63,1.21,0.33,10,599.54
44501.46,8.84,6.06,1.13,0.37,10,599.37
44501.5,8.62,5.99,1.02,0.27,10,599.07
44501.54,10.81,6.83,1.01,0.1,10,598.25
44501.58,10.88,6.98,1.01,0.03,10,597.54
44501.62,11.45,7.25,1.04,3.1,10,596.9
44501.67,11.54,7.58,1.25,0.19,10,596.88
44501.71,11.46,7.52,1.55,0.39,10,596.94
44501.75,8.68,6.44,2.01,0.49,9.77,598.09
44501.79,8.59,6.82,2.1,0.57,9.62,597.84
44501.83,8.55,7.12,1.91,0.69,10,598.72
44501.88,8.37,7.17,1.77,0.69,10,599.04
44501.92,7.76,6.88,1.78,0.86,10,599.57
44501.96,6.48,6.43,1.8,0.88,10,600.04
44502,6.55,6.49,1.67,0.96,10,600.14
44502.04,6.22,6.2,1.55,1.02,10,600.09
44502.08,6.28,6.19,1.45,0.99,10,600.16
44502.12,6.51,6.2,1.28,0.93,10,599.84
44502.17,5.9,5.76,1.18,0.83,10,599.62
44502.21,5.94,5.66,1.16,0.67,10,599.32
44502.25,6.03,5.72,0.84,0.39,10,599.45
44502.29,6.08,5.57,0.92,0.19,10,599.6
44502.33,6.24,5.14,0.96,0.23,10,599.44
44502.38,6.26,4.98,0.95,0.09,10,599.87
44502.42,9.23,5.75,0.87,2.7,10,599.74
44502.46,9.16,5.79,0.66,2.43,10,599.68
44502.5,9.19,5.89,0.59,2.61,10,599.15
44502.54,11.29,6.59,0.7,2.69,10,598.4
44502.58,10.97,6.68,0.77,2.54,10,597.64
44502.62,11.18,6.97,0.78,2.36,10,596.88
44502.67,11.67,7.11,0.8,2.74,10,596.68
44502.71,11.71,7.07,1.01,3.1,10,596.49
44502.75,9.47,6.43,0.92,0.28,10,596.66
44502.79,9.28,6.82,1.35,0.57,9.24,596.65
44502.83,9.3,7.03,1.23,0.6,6.37,597.13
44502.88,8.5,7.3,1.7,0.56,8.64,597.53
44502.92,8.5,7.54,1.56,0.69,10,597.78
44502.96,7.11,7.09,1.61,0.8,10,598.09
44503,7.24,7.18,1.45,0.81,10,598.18
44503.04,7.27,7.12,1.39,0.83,10,598
44503.08,7.24,6.98,1.53,0.88,10,597.75
44503.12,7.11,6.83,1.5,0.89,10,597.48
44503.17,6.57,6.55,1.43,0.85,10,597.19
44503.21,6.7,6.68,1.35,0.75,10,597.23
44503.25,6.33,6.17,1.13,0.56,10,597.31
44503.29,6.57,6.16,1.15,0.23,10,597.15
44503.33,6.8,6.48,1.06,0.34,10,597.33
44503.38,6.43,5.74,1.08,0.43,10,597.92
44503.42,9.04,6.53,0.9,0.22,10,597.83
44503.46,9.32,6.63,0.73,2.77,10,597.76
44503.5,9.63,6.91,0.72,1.95,10,597.07
44503.54,12.3,7.44,1.16,1.41,10,596.19
44503.58,12.93,7.59,1.21,1.34,10,595.16
44503.62,13.47,7.63,0.8,2.68,8.39,594.37
44503.67,14.21,7.77,1.03,0.33,5.72,593.77
44503.71,14.08,8.09,1.64,0.63,4.85,593.73
44503.75,10.12,7.16,1.57,0.61,3.65,594.09
44503.79,8.68,7.51,1.71,0.54,9.4,594.29
44503.83,8.73,7.75,2.12,0.64,10,595.16
44503.88,8.6,7.65,2.09,0.62,10,595.54
44503.92,8.3,7.55,1.85,0.71,10,596.07
44503.96,6.73,6.64,1.63,0.77,10,596.22
44504,6.72,6.58,1.42,0.78,10,596.23
44504.04,6.5,6.31,1.18,0.77,10,595.88
44504.08,6.38,5.71,1,0.66,10,595.65
44504.12,6.37,6.23,0.82,0.56,10,595.4
44504.17,6,5.93,0.61,0.32,10,595.06
44504.21,6.08,5.89,0.59,2.46,10,594.79
44504.25,6.24,5.09,1.03,1.87,9.98,595.14
44504.29,6.44,5.55,1.42,1.14,9.9,594.33
44504.33,6.49,5.22,1.6,1.2,9.59,594.61
44504.38,6.05,4.3,1.72,1.23,9.46,594.71
44504.42,10.44,5.92,1.86,1.05,6.91,594.69
44504.46,11.92,6.36,1.65,1.05,5.8,594.63
44504.5,12.97,7.58,1.88,1.01,0.68,593.94
44504.54,17.08,7.74,2.09,1.02,0,593.18
44504.58,18.08,7.34,2.28,0.99,0,592.28
44504.62,18.78,6.28,2.44,0.98,0.02,591.53
44504.67,19.48,5.13,2.25,1,0,591.15
44504.71,19.4,5.37,1.51,0.98,0.02,591.49
44504.75,15.48,5.11,1,1.1,0.31,591.77
44504.79,16.96,3.16,1.03,2.65,0.81,591.46
44504.83,16.03,3.13,1.24,0.3,0.98,592.59
44504.88,14.89,3.38,1.57,0.34,1.46,592.83
44504.92,13.66,4,1.58,0.39,2.36,593.19
44504.96,10.61,4.29,1.64,0.48,4.48,593.43
44505,9.99,4.46,1.63,0.46,5.93,593.56
44505.04,9.23,4.73,1.51,0.4,6.97,593.38
44505.08,8.89,4.62,1.2,0.28,7.18,593.39
44505.12,8.73,4.94,0.87,3.11,10,593.2
44505.17,7.63,4.89,0.65,2.79,10,593.18
44505.21,7.49,4.86,0.63,2.48,10,592.83
44505.25,6.46,6.41,1.01,1.73,10,593.24
44505.29,6.01,5.76,1.38,1.22,9.61,593.13
44505.33,6.12,5.74,1.3,1.29,9.81,593.16
44505.38,4.92,4.92,1.02,1.21,7.15,593.84
44505.42,11.42,8.08,0.89,1.16,0.58,593.86
44505.46,13.35,7.04,0.95,0.8,0.52,593.72
44505.5,15.3,7.42,1.26,0.64,0.02,593.48
44505.54,19.65,5.92,1.47,0.67,0.06,592.79
44505.58,20.42,4.51,1.62,0.68,0,591.81
44505.62,20.6,3.99,1.82,0.69,0,591.27
44505.67,20.95,3.17,1.73,0.7,0,591.08
44505.71,20.82,2.93,1.04,0.85,0,591.09
44505.75,17.97,0.91,0.54,0.98,0,590.93
44505.79,17.23,2.14,0.36,3.02,0,591.49
44505.83,16.49,2.65,0.91,0.43,0.09,592.16
44505.88,15.44,3.96,1.5,0.44,5.06,592.49
44505.92,13.96,5.32,1.91,0.59,7.8,592.99
44505.96,10.65,6.27,1.88,0.54,8.88,593.33
44506,10.21,6.86,1.79,0.56,9.54,593.57
44506.04,9.04,7.68,1.55,0.53,9.4,593.36
44506.08,9.17,7.49,1.24,0.5,10,592.97
44506.12,8.89,8.13,1,0.29,10,592.96
44506.17,8,7.84,0.84,0.16,10,592.64
44506.21,7.91,7.92,0.72,2.99,10,592.71
44506.25,7.31,7.06,1.1,1.77,10,592.63
44506.29,7.38,7.3,1.21,1.33,8.88,592.7
44506.33,7.15,7.14,0.83,1.87,8.25,592.9
44506.38,5.78,5.78,0.7,2.45,5.81,593.43
44506.42,10.77,7.33,0.69,0.18,2.68,593.93
44506.46,11.89,7.16,1.09,0.56,2.49,594.04
44506.5,12.86,7.23,1.23,0.47,2.66,593.79
44506.54,16.08,7.09,1.19,0.47,2.97,593.19
44506.58,16.37,6.81,0.85,0.21,6.52,592.53
44506.62,16.1,7.56,1.18,0.29,9.94,592.25
44506.67,15.46,9.23,2.16,0.59,6.19,592.34
44506.71,14.69,10.01,2.56,0.73,5.52,592.77
44506.75,10.58,7.86,1.64,0.78,4.12,592.85
44506.79,10.97,9.33,1.45,0.65,8.34,593.54
44506.83,11.59,9.76,1.79,0.7,10,594.15
44506.88,12.27,10.45,1.73,0.74,10,594.81
44506.92,11.6,10.18,1.61,0.7,10,595.44
44506.96,9.18,8.31,1.56,0.77,10,595.89
44507,8.54,7.8,2.02,0.81,10,596.14
44507.04,7.04,6.12,2.84,0.84,10,596.41
44507.08,5.94,5.07,3.01,0.8,10,596.86
44507.12,4.7,3.67,2.83,0.82,10,597.85
44507.17,2.32,1.9,2.73,0.86,10,598.24
44507.21,1.14,0.67,2.52,0.92,10,598.61
44507.25,2.18,1.31,2.19,0.74,10,597.94
44507.29,2.24,1.15,2.59,0.94,9.99,598.47
44507.33,1.98,0.78,2.78,1.08,9.98,599.65
44507.38,1.37,0.04,2.6,1.09,9.98,600.51
44507.42,2.16,-0.98,2.4,1.05,9.73,601.24
44507.46,1.74,-1.1,2.51,1,9.92,601.64
44507.5,1.37,-1.59,2.71,0.98,9.64,601.95
44507.54,1.67,-2.62,2.74,1.02,9.92,601.74
44507.58,1.79,-3.35,2.61,1.02,9.85,601.24
44507.62,2.26,-3.96,2.47,1.01,9.78,601.3
44507.67,1.63,-5.21,2.36,1,9.7,601.22
44507.71,1.77,-6.43,2.25,0.96,9.51,601.38
44507.75,0.27,-7.1,2.15,0.62,9.45,601.46
44507.79,0.86,-6.78,2.12,0.66,9.24,601.26
44507.83,0.91,-7.07,2.05,0.74,8.53,602.28
44507.88,0.84,-7.4,1.88,0.68,8.5,602.14
44507.92,0.69,-7.85,1.75,0.75,8.48,602.48
44507.96,0.13,-8.8,1.61,0.71,9.43,602.85
44508,0.26,-8.79,1.36,0.74,9.68,602.85
44508.04,0.15,-8.96,1.25,0.95,9.65,602.46
44508.08,0.29,-8.83,1.17,1.11,9.73,602.1
44508.12,0.5,-8.44,0.91,1.17,9.46,601.78
44508.17,0.45,-8.4,0.64,0.98,9.22,601.18
44508.21,0.55,-8.43,0.43,0.51,8.86,600.75
44508.25,0.5,-8.08,0.55,1.63,9.04,600.8
44508.29,0.63,-7.97,0.62,1.7,8.32,600.2
44508.33,0.62,-7.61,0.6,2.03,8.88,600.68
44508.38,0.65,-7.03,0.72,1.75,7.09,600.63
44508.42,4.12,-5.1,0.51,1.61,7.19,600.56
44508.46,4.54,-4.04,0.6,1.79,6.06,600.34
44508.5,4.72,-3.4,0.61,1.45,5.28,599.6
44508.54,8.59,-1.25,0.77,1.68,4.44,598.83
44508.58,8.89,-1.02,0.9,2.15,3.81,597.76
44508.62,9.28,-0.56,0.93,2.74,3.85,597.4
44508.67,10.25,0.7,0.79,2.71,6.29,597.08
44508.71,10.01,0.58,1.01,2.93,8.23,597.12
44508.75,6.73,-1.08,1.18,0.33,5.61,596.9
44508.79,6.41,-0.72,1.62,0.66,4.04,597.29
44508.83,4.89,-0.68,1.78,0.65,2.23,598.29
44508.88,4.32,-0.79,2.22,0.66,3.12,598.39
44508.92,2.8,-0.67,2.01,0.71,7.51,599.24
44508.96,1.26,-0.76,1.86,0.68,9.06,599.75
44509,1.4,-0.72,1.63,0.65,9.28,599.68
44509.04,0.91,-0.63,1.42,0.55,9.73,599.41
44509.08,1.07,-0.56,1.4,0.44,8.8,599.08
44509.12,0.95,-0.69,1.26,0.39,9.83,598.7
44509.17,0.92,-0.48,1.16,0.44,9.79,598.41
44509.21,0.8,-0.53,1.2,0.48,9.75,598.46
44509.25,0.87,-0.76,0.81,2.87,9.69,598.69
44509.29,1.09,-0.82,1.37,0.44,9.95,598.72
44509.33,1.09,-0.75,1.68,0.47,9.79,598.96
44509.38,0.6,-1.14,1.6,0.6,9.65,599.48
44509.42,2.5,-0.5,1.73,0.76,9.62,599.75
44509.46,2.18,-0.8,1.9,0.91,9.84,600.02
44509.5,2.58,-0.8,1.91,0.91,9.92,599.62
44509.54,4.12,-0.81,1.96,0.86,9.69,599.08
44509.58,3.93,-0.87,2.03,0.77,10,598.43
44509.62,3.96,-0.84,2.08,0.75,10,598.28
44509.67,3.86,-1.07,2.02,0.7,9.89,598.45
44509.71,4.06,-1.15,1.84,0.61,9.46,598.78
44509.75,1.83,-1.72,1.53,0.46,5.93,598.99
44509.79,1.85,-1.11,1.21,0.67,5.58,599.39
44509.83,2.24,-1.02,1.29,0.75,5.14,599.73
44509.88,2.47,-1.04,1.2,0.77,5.76,599.99
44509.92,2.33,-0.46,1.05,0.86,5.55,600.63
44509.96,2.17,-1.86,0.87,0.85,9.75,601.1
44510,2.09,-1.57,0.67,0.87,9.64,600.94
44510.04,2.26,-1.87,0.73,0.85,8.74,600.85
44510.08,2.06,-1.62,0.42,0.67,8.62,600.48
44510.12,2.43,-1.54,0.22,2.72,8.9,600.24
44510.17,2.25,-1.83,0.47,1.57,8.47,599.65
44510.21,2.51,-1.47,0.85,1.5,7.98,599.56
44510.25,1.94,-2.12,1.14,1.42,8.95,599.21
44510.29,2.19,-2,1.25,1.33,8.54,598.97
44510.33,2.47,-2.09,1.09,1.52,8.2,599.11
44510.38,2.24,-1.87,0.95,1.61,6.91,599.23
44510.42,7.45,-0.11,0.74,1.72,6.57,599.17
44510.46,7.94,0.3,0.5,2.27,6.4,599.15
44510.5,8.42,0.35,0.49,2.34,5.5,598.61
44510.54,11.92,1.67,0.5,2.45,6.19,597.67
44510.58,12.43,1.9,0.62,2.84,5.87,596.78
44510.62,12.7,1.93,0.8,2.81,8.34,596.23
44510.67,13.03,2.21,1.2,0.08,9.92,596.26
44510.71,12.46,1.98,1.5,0.41,9.73,596.16
44510.75,8.62,0.39,1.64,0.56,8.43,595.67
44510.79,8.25,0.79,2.12,0.74,7.12,596.34
44510.83,7.54,1.29,2.02,0.61,6.91,597.08
44510.88,6.58,1.67,1.77,0.56,6.04,597.09
44510.92,4.89,1.21,1.87,0.64,5.7,598.03
44510.96,2.97,0.71,1.58,0.49,4.75,598.11
44511,2.82,0.76,1.31,0.33,6.83,597.95
44511.04,2.97,0.89,0.97,0.21,7.94,597.73
44511.08,2.63,0.87,0.78,0.07,8.68,597.51
44511.12,2.44,0.69,0.76,0.1,9.25,596.87
44511.17,2.84,0.89,0.81,0.31,9.65,596.63
44511.21,2.65,0.5,0.96,0.35,10,596.48
44511.25,3.64,0.67,0.77,0.06,9.55,596.3
44511.29,3.57,0.45,1.16,0.32,9.02,596.67
44511.33,3.41,0.52,1.54,0.35,9.98,596.66
44511.38,3.12,0.45,1.7,0.57,10,597.17
44511.42,5.1,1.8,1.88,0.64,9.71,597.57
44511.46,4.56,1.51,1.94,0.65,9.73,597.93
44511.5,4,1.29,2.02,0.66,9.71,597.72
44511.54,5.15,1.93,2.03,0.67,9.63,596.94
44511.58,4.81,1.55,2,0.71,9.71,596.59
44511.62,4.2,1.55,2.01,0.72,9.82,596.13
44511.67,4.52,1.75,2.11,0.74,9.69,596.48
44511.71,3.78,1,2.11,0.71,9.84,596.6
44511.75,2.14,-0.13,2.07,0.48,8.99,596.69
44511.79,2.74,0.32,2.05,0.64,9.31,597.31
44511.83,2.88,0.52,2.19,0.69,8.95,598.34
44511.88,2.95,0.77,2.03,0.72,9.15,598.89
44511.92,2.53,0.83,2.03,0.75,8.85,599.46
44511.96,1.29,0.24,1.95,0.72,9.1,600.02
44512,1.48,0.41,1.63,0.73,9.27,600.23
44512.04,1.41,0.48,1.59,0.88,9.21,600.16
44512.08,1.63,0.63,1.49,0.9,9.8,600.13
44512.12,1.83,0.48,1.4,0.93,9.82,599.82
44512.17,0.97,-0.47,1.21,0.86,9.79,599.71
44512.21,1.09,-0.61,1.24,0.78,9.73,599.87
44512.25,0.81,-2.24,1.15,0.72,9.8,600.48
44512.29,1.06,-2.35,1.29,0.77,9.16,600.09
44512.33,1,-2.65,1.3,0.63,9.26,600.11
44512.38,0.85,-2.58,1.28,0.8,9.83,600.52
44512.42,2.25,-1.97,1.27,0.79,9.48,600.66
44512.46,2.11,-2,1.23,0.74,9.43,600.79
44512.5,2.31,-2,1.31,0.71,9.29,600.12
44512.54,3.97,-2.39,1.49,0.7,9.93,599.28
44512.58,4.23,-1.85,1.47,0.64,9.99,598.45
44512.62,4.61,-1.97,1.36,0.56,10,597.91
44512.67,4.73,-1.94,1.34,0.55,9.85,597.74
44512.71,4.76,-1.69,1.35,0.51,9.46,597.92
44512.75,3.36,-2.6,1.12,0.28,9.03,598.59
44512.79,3.5,-2.1,1.11,0.4,8.8,598.6
44512.83,3.39,-1.73,0.87,0.45,8.53,599.18
44512.88,3.22,-1.27,1.4,0.76,9.42,599.48
44512.92,3.23,-1.03,1.57,0.79,9.97,600.2
44512.96,2.81,-1.58,1.41,0.76,9.9,600.33
44513,2.47,-0.8,0.83,0.78,9.64,600.39
44513.04,2.27,-0.77,0.47,0.75,9.46,600.12
44513.08,2.65,-1.27,0.28,0.16,9.35,599.86
44513.12,2.83,-1.01,0.29,2.34,9.52,599.38
44513.17,2.73,-1.14,0.47,1.69,9.11,598.89
44513.21,2.98,-1.19,0.74,1.54,9.53,598.9
44513.25,2.31,-0.82,1.18,1.37,9.52,598.91
44513.29,2.37,-0.68,1.13,1.59,9.75,598.26
44513.33,2.36,-0.43,0.83,1.4,9.92,598.64
44513.38,2.51,-0.26,0.65,1.58,8.98,598.62
44513.42,5.13,1.53,0.62,1.25,9.11,599.01
44513.46,6.08,1.78,0.17,1.6,8.19,599.06
44513.5,6.04,1.08,0.54,0.47,6.92,598.45
44513.54,9.87,2.75,0.94,0.22,9.39,597.3
44513.58,9.93,2.47,1.06,0.1,10,596.6
44513.62,9.29,2.43,1.23,0.09,10,596.22
44513.67,9.59,2.94,1.31,0.12,10,596.25
44513.71,9.34,2.98,1.39,0.21,10,596.3
44513.75,6.75,1.61,1.41,0.51,8.54,596.52
44513.79,6.4,2.13,1.18,0.64,7.69,597.02
44513.83,6.43,1.89,1.27,0.56,6.93,597.81
44513.88,6.08,2.3,1.21,0.49,7.81,598.06
44513.92,5.25,2.43,1.21,0.57,7.41,598.35
44513.96,4.49,2.39,1.44,0.72,7.47,598.94
44514,4.34,2.39,1.47,0.7,7.79,598.82
44514.04,3.99,2.32,1.12,0.54,8.65,598.51
44514.08,4.05,2.37,0.95,0.33,9.32,598.02
44514.12,4.25,2.25,0.6,3.1,9.27,597.56
44514.17,4.19,2.37,0.47,2.44,9.19,597.38
44514.21,4.18,2.36,0.46,2.57,10,597.14
44514.25,4.37,2.49,0.5,1.98,9.96,597.03
44514.29,4.39,2.59,0.66,2.05,9.96,596.77
44514.33,4.39,2.46,0.48,2.79,9.98,597.1
44514.38,4.08,2.41,0.69,0.2,9.96,597.45
44514.42,6.96,3.86,0.68,2.89,9.96,597.41
44514.46,6.96,3.63,0.6,2.2,9.85,597.24
44514.5,7.14,3.66,0.94,1.34,9.1,596.56
44514.54,10.17,4.77,1.15,1.03,10,595.75
44514.58,10.55,4.96,1.09,1,10,594.89
44514.62,10.76,4.83,0.73,1.17,9.94,594.33
44514.67,10.62,5.29,0.35,2.2,9.9,594.19
44514.71,10.35,5.36,1.33,0.43,9.89,594.45
44514.75,8.25,4.83,1.43,0.56,9.56,594.66
44514.79,7.84,4.96,1.58,0.61,8.21,595.26
44514.83,7.09,5.1,1.56,0.71,8.49,596.24
44514.88,6.59,5.12,1.42,0.75,10,596.71
44514.92,5.7,4.71,2.04,0.74,10,597.44
44514.96,4.75,4.19,1.94,0.71,10,597.62
44515,4.69,4.19,1.72,0.7,10,597.71
44515.04,4.38,3.93,1.6,0.65,10,597.34
44515.08,4.45,3.87,1.48,0.58,10,597.18
44515.12,4.57,3.88,1.21,0.46,10,596.82
44515.17,3.83,3.62,1.18,0.34,10,596.51
44515.21,3.92,3.64,0.98,0.27,10,596.23
44515.25,3.46,2.98,0.98,0.02,10,596.4
44515.29,3.58,3.19,1.12,2.77,10,596.05
44515.33,3.54,3.18,1.01,2.49,10,596.27
44515.38,3.21,2.82,0.83,2.42,10,596.21
44515.42,5.32,3.57,0.76,2.83,10,596.21
44515.46,4.98,3.65,0.75,2.95,10,596.14
44515.5,4.79,3.81,0.89,0.06,10,595.53
44515.54,7.41,5.07,1.05,0.13,10,594.89
44515.58,7.17,5.23,1.24,0.14,10,593.98
44515.62,7.07,5.29,1.37,0.29,10,593.57
44515.67,6.78,5.36,1.67,0.5,10,593.43
44515.71,6.52,5.14,1.76,0.65,10,593.59
44515.75,3.89,3.76,1.99,0.73,9.94,594.08
44515.79,4.08,3.75,2.51,0.68,10,594.32
44515.83,4.06,3.65,2.35,0.67,10,594.98
44515.88,3.91,3.38,2.3,0.69,10,595.95
44515.92,3.29,2.89,1.88,0.74,10,596.26
44515.96,1.76,1.74,1.67,0.79,10,596.48
44516,1.73,1.7,1.7,0.81,10,596.6
44516.04,1.3,1.24,1.65,0.81,10,596.4
44516.08,1.2,1.07,1.63,0.84,10,596.12
44516.12,1.04,0.86,1.62,0.82,9.98,596.1
44516.17,0.66,0.55,1.53,0.81,9.88,595.95
44516.21,0.73,0.03,1.51,0.78,9.69,595.97
44516.25,1.2,-0.17,1.36,0.47,9.73,595.77
44516.29,1.18,-0.05,1.34,0.41,9.33,596.1
44516.33,1.21,-0.03,1.3,0.49,9.03,596.64
44516.38,0.93,-0.73,1.34,0.7,9.02,597.23
44516.42,3.2,0.3,1.45,0.88,9.35,597.66
44516.46,3.32,0.5,1.46,1.01,9.58,597.71
44516.5,3.57,0.45,1.36,0.93,8.97,597.27
44516.54,5.87,1.16,1.28,0.75,8.59,596.68
44516.58,6.04,1.64,1.41,0.6,8.73,595.96
44516.62,6.41,1.7,1.59,0.63,9.47,595.47
44516.67,5.96,1.57,1.98,0.68,9.69,595.38
44516.71,5.63,1.3,2.17,0.63,9.58,595.74
44516.75,3.71,-0.07,2.3,0.6,7.98,596.41
44516.79,3.89,-0.05,2.05,0.6,5.55,596.75
44516.83,3.58,-0.3,1.87,0.77,8.84,597.69
44516.88,3.57,-0.4,2.03,0.84,8.9,598.57
44516.92,2.99,-0.76,1.87,0.9,9.05,598.98
44516.96,1.57,-1.44,1.82,0.92,9.3,599.49
44517,1.83,-1.41,1.67,0.91,9.76,599.59
44517.04,1.64,-1.4,1.55,1,9.58,599.46
44517.08,1.66,-1.47,1.45,1.11,9.54,599.63
44517.12,1.58,-1.29,1.42,1.12,9.23,599.79
44517.17,1.33,-1.49,1.42,1.13,9.47,599.62
44517.21,1.55,-1.12,1.2,1.15,9.44,599.64
44517.25,1.92,-0.95,1.16,1.09,9.37,599.65
44517.29,2.18,-0.57,1.08,1.1,9.13,599.79
44517.33,2.41,-0.7,0.62,1,7.54,600.3
44517.38,2.28,-0.69,0.18,1.65,8.02,600.8
44517.42,5.96,0.42,0.07,1.93,7.86,600.85
44517.46,6.24,0.42,0.49,1.68,7.59,600.8
44517.5,6.37,0.37,0.72,1.68,5.98,600.61
44517.54,9.38,0.92,0.54,1.36,5.53,599.85
44517.58,9.94,1.29,0.5,0.87,5.15,598.93
44517.62,10.05,1.46,0.78,0.58,5.25,598.42
44517.67,10.87,2.2,1.19,0.62,6.14,598.03
44517.71,10.62,2.14,1.44,0.6,7.91,598.06
44517.75,6.99,3.06,1.79,0.46,4.64,597.99
44517.79,7.93,1.93,1.85,0.58,4.35,598.25
44517.83,8.35,1.92,1.76,0.57,4.27,598.9
44517.88,7.93,2.11,1.51,0.52,4.31,599.12
44517.92,7.05,2.34,1.06,0.45,4.41,599.34
44517.96,5.14,2.05,0.6,0.07,4.66,599.38
44518,4.98,2.19,0.39,2.38,5.35,599.05
44518.04,4.57,2.25,0.54,1.77,2.72,598.75
44518.08,4.63,2.37,0.87,1.71,1.78,598.35
44518.12,4.64,2.53,1.23,1.57,1.84,597.98
44518.17,3.68,1.98,1.39,1.5,0.88,597.4
44518.21,3.62,1.89,1.6,1.4,1.16,597.02
44518.25,3.18,2.01,1.77,1.33,7.66,596.58
44518.29,2.9,1.76,1.82,1.32,9.06,596.42
44518.33,2.13,1.26,1.64,1.22,10,596.27
44518.38,3.09,1.67,1.71,1.11,10,596.1
44518.42,8.74,3.91,1.7,1.07,9.08,595.88
44518.46,9.55,4.1,1.97,0.93,0.57,595.69
44518.5,10.42,4.49,2.21,0.83,0,594.97
44518.54,15.43,5.41,2.35,0.76,0.02,593.77
44518.58,16.11,5.47,2.3,0.7,0.07,592.7
44518.62,16.42,5.44,2.11,0.72,0.08,591.81
44518.67,17.19,5.15,1.92,0.84,0.15,591.33
44518.71,17.24,5.16,1.23,1.09,0.01,591.03
44518.75,15.67,4.64,0.89,1.42,0.12,590.46
44518.79,15.06,4.86,0.63,0.63,0.78,590.97
44518.83,13.93,5.25,1.48,0.51,1.11,591.87
44518.88,13.01,5.64,1.76,0.56,2.35,592.5
44518.92,11.98,6.02,2.09,0.5,4.77,593.31
44518.96,8.92,5.92,1.87,0.3,6.61,593.34
44519,8.48,6.19,1.59,0.18,7.8,593.07
44519.04,7.78,6.31,1.2,0.27,8.46,592.96
44519.08,7.8,6.73,1.06,0.27,10,592.86
44519.12,6.67,6.1,1.06,0.01,10,592.61
44519.17,6.01,5.63,1.05,0.07,10,592.48
44519.21,5.79,5.3,1.1,0.21,10,592.6
44519.25,4.98,4.64,1.2,3.07,9.94,592.77
44519.29,4.94,4.41,0.84,3.11,9.71,592.98
44519.33,5.03,4.27,0.06,0.18,9.88,593.5
44519.38,4.06,3.63,0.71,1.17,9.73,593.75
44519.42,6.87,5.12,0.65,0.8,9.81,594.06
44519.46,7.73,5.21,0.4,1.01,7.52,594.13
44519.5,8.9,5.75,0.74,1.52,2.12,593.42
44519.54,14.41,6.41,0.9,1.72,1.83,592.38
44519.58,14.37,6.74,0.98,1.84,4.03,591.46
44519.62,15.24,6.28,1.05,1.81,2.02,590.7
44519.67,15.99,5.92,1.12,1.85,2.43,590.25
44519.71,15.73,5.59,0.93,2.79,1.8,590.1
44519.75,12.93,5.29,1.41,0.2,1.88,589.89
44519.79,11.4,5.71,1.94,0.5,1.37,589.98
44519.83,9.57,6.26,2.53,0.55,2.01,590.87
44519.88,9.33,6.91,2.59,0.62,6.21,591.31
44519.92,9.42,7.51,1.98,0.61,9.62,592.01
44519.96,6.89,6.7,2.28,0.65,10,592.47
44520,6.25,6.2,1.99,0.64,10,592.58
44520.04,5.87,5.67,1.55,0.63,10,592.84
44520.08,5.42,5.21,1.39,0.58,10,592.44
44520.12,5.39,5.09,1.34,0.61,10,592.53
44520.17,4.74,4.63,1.11,0.49,10,592.22
44520.21,4.66,4.49,0.96,0.39,10,592.16
44520.25,4.07,3.88,0.66,2.92,10,592.03
44520.29,4.13,4.06,0.83,2.36,10,591.75
44520.33,4.29,4.07,0.66,2.93,10,592.46
44520.38,4.83,4.34,0.91,3.12,10,593.2
44520.42,6.85,4.69,0.93,0.43,10,593.57
44520.46,7.03,4.69,0.96,0.32,10,594.05
44520.5,7.13,4.9,0.96,0.17,10,593.41
44520.54,9.68,5.55,1.18,0.36,10,592.97
44520.58,9.62,5.6,1.67,0.53,10,592.66
44520.62,9.43,5.68,1.93,0.58,10,592.72
44520.67,8.51,5.75,2.16,0.65,9.85,593.09
44520.71,8.06,5.65,2.1,0.68,10,593.45
44520.75,5.37,4.18,1.93,0.65,10,593.71
44520.79,5.64,4.18,1.98,0.59,10,594.16
44520.83,5.84,4.11,2.17,0.75,10,595.38
44520.88,6.1,4.76,1.75,0.83,10,596
44520.92,5.87,4.82,1.7,0.86,10,596.65
44520.96,4.2,3.91,1.65,0.89,10,597.09
44521,4.29,3.84,1.54,0.87,10,597.17
44521.04,4.18,3.66,1.38,0.95,10,597
44521.08,4.18,3.62,1.27,0.91,10,596.86
44521.12,4.37,3.74,1.22,0.87,10,596.58
44521.17,3.92,3.42,1.29,0.87,10,596.67
44521.21,4.01,3.42,1.35,0.82,10,596.59
44521.25,3.85,3.07,1.39,0.97,10,597
44521.29,3.91,3.04,1.59,0.77,10,596.96
44521.33,4.06,3.22,1.65,0.74,9.99,596.93
44521.38,4.01,2.96,1.56,0.75,9.99,597.6
44521.42,5.44,3.64,1.67,0.79,9.8,597.87
44521.46,5.11,3.73,1.71,0.69,10,598.2
44521.5,5.22,3.83,1.83,0.73,9.75,598.02
44521.54,5.63,3.79,2.09,0.71,10,597.58
44521.58,5.25,3.86,2.28,0.73,10,597.07
44521.62,5.1,3.64,2.57,0.76,9.85,596.91
44521.67,4.01,3.36,2.4,0.75,9.92,597.19
44521.71,3.76,3.18,2.22,0.76,10,597.58
44521.75,2.25,1.87,2.13,0.8,10,598.96
44521.79,2.06,1.6,2.07,0.72,10,598.77
44521.83,1.97,1.15,2.09,0.87,10,599.5
44521.88,1.96,1.2,1.78,1.06,10,599.86
44521.92,1.75,0.92,1.91,1.14,10,600.42
44521.96,0.76,-0.02,1.73,1.1,10,600.76
44522,0.91,-0.02,1.69,1.2,9.87,600.94
44522.04,0.87,-0.03,1.65,1.14,9.92,601.01
44522.08,0.92,0.02,1.52,1.08,9.92,600.93
44522.12,1,0.1,1.51,1.11,10,600.7
44522.17,0.38,-0.46,1.53,1.08,9.73,600.51
44522.21,0.4,-0.42,1.41,1,9.84,600.28
44522.25,0.34,-0.21,1.41,0.67,10,600.4
44522.29,0.4,-0.17,1.27,0.73,10,599.98
44522.33,0.41,-0.21,1.26,0.5,9.72,600.24
44522.38,0.28,-0.73,1.32,0.44,9.7,600.18
44522.42,1.33,-0.9,1.58,0.55,9.52,600.41
44522.46,1.67,-0.65,1.51,0.43,9.39,600.41
44522.5,1.8,-0.84,1.56,0.34,9.69,599.73
44522.54,2.72,-0.36,1.6,0.28,8.84,598.88
44522.58,2.57,-0.2,1.59,0.32,9.28,598.19
44522.62,2.69,-0.15,1.66,0.32,9.98,597.42
44522.67,2.35,-0.1,1.63,0.34,9.3,597.23
44522.71,2.25,-0.29,1.7,0.38,9.98,597.18
44522.75,1.88,0.03,1.39,0.38,9.45,597.49
44522.79,1.51,0.27,1.6,0.55,9.17,597.32
44522.83,1.34,0.41,1.8,0.67,8.73,597.94
44522.88,0.83,0.39,1.78,0.65,9.41,598.02
44522.92,1.07,0.44,1.84,0.71,9.5,598.52
44522.96,0.94,0.34,1.91,0.73,9.78,598.76
44523,0.99,0.05,1.87,0.81,9.81,598.84
44523.04,0.68,-0.15,1.82,0.83,9.83,599.08
44523.08,0.66,-0.25,1.61,0.85,9.8,599.08
44523.12,0.58,-0.39,1.64,0.87,9.56,599.1
44523.17,0.09,-0.94,1.53,0.94,9.72,599.05
44523.21,0.12,-1.03,1.31,0.92,9.56,599.07
44523.25,-0.15,-1.12,0.59,0.54,9.09,599.11
44523.29,-0.02,-1.22,0.16,0.99,9.19,598.89
44523.33,0.06,-1.5,0.43,2.98,8.89,598.99
44523.38,0.08,-1.85,0.61,2,7.45,599.7
44523.42,1.47,-1.46,0.5,2.06,8.16,599.81
44523.46,2.23,-1.09,0.35,2.95,8.38,600.14
44523.5,2.34,-0.98,0.65,0.72,8.5,599.67
44523.54,5.04,-0.6,1.03,0.8,8.36,598.84
44523.58,5.2,-0.3,1.37,0.76,9.04,598.32
44523.62,4.9,-0.46,1.57,0.73,9.97,597.79
44523.67,4.63,-0.38,1.78,0.6,9.92,597.8
44523.71,4.25,-0.26,1.87,0.6,9.88,597.73
44523.75,3.06,-0.06,1.53,0.5,9.37,598.25
44523.79,2.78,0.41,1.4,0.63,7.36,598.68
44523.83,2.24,0.24,0.91,0.64,6.61,598.97
44523.88,2.36,0.63,0.67,0.42,8.13,599.29
44523.92,1.86,0.82,0.82,0.45,9.39,599.63
44523.96,1.09,0.72,0.61,0.38,9.55,599.66
44524,1.02,0.67,0.45,0.27,9.45,599.79
44524.04,1.33,0.58,0.45,0.58,9.01,599.7
44524.08,1.55,0.61,0.35,0.48,9.36,599.34
44524.12,1.44,0.85,0.15,0.53,9.33,599
44524.17,1.31,0.46,0.29,0.85,9.19,598.71
44524.21,1.31,0.38,0.21,0.2,8.53,598.62
44524.25,1.28,0.59,0.3,0.26,9.85,598.79
44524.29,1.31,0.71,0.52,2.46,9.21,598.85
44524.33,1.24,0.71,0.15,1.44,8.78,598.77
44524.38,1.19,0.9,0.89,1.09,9.22,599.01
44524.42,4.66,2.5,1,1,6.65,599.21
44524.46,5.11,2.36,0.89,1,0.78,599.35
44524.5,6.62,2.26,0.69,0.69,5.73,598.96
44524.54,9.94,2.46,0.43,2.88,9.69,598.19
44524.58,10.17,2.41,0.45,1.68,10,597.28
44524.62,10.13,2.1,0.85,0.99,10,596.75
44524.67,10.25,2.05,1.47,0.68,9.8,596.43
44524.71,9.76,2.17,1.77,0.56,9.39,596.75
44524.75,6.43,2.43,1.1,0.64,8.56,596.81
44524.79,6.34,3.06,1.59,0.57,9.36,597.28
44524.83,5.93,3.28,1.38,0.4,8.92,597.71
44524.88,5.89,3.14,1.2,0.39,6.28,597.67
44524.92,5.67,3.22,1.13,0.43,4.11,598.13
44524.96,4.1,2.96,1.09,0.41,5.52,598.29
44525,3.77,3,1.11,0.29,5.09,598.41
44525.04,3.16,2.81,1.16,0.42,5.89,598.23
44525.08,3.03,2.8,1.02,0.33,9.82,598.26
44525.12,2.88,2.63,0.67,0.28,10,598.09
44525.17,2.49,2.42,0.48,0.29,10,597.9
44525.21,2.07,1.99,0.3,0.13,10,597.65
44525.25,2.59,2.54,0.59,0.94,10,598.02
44525.29,2.62,2.56,0.64,1.72,10,597.92
44525.33,2.78,2.57,0.98,1.37,10,597.86
44525.38,2.43,2.2,1.29,0.86,9.93,598.34
44525.42,7.22,4.08,1.16,0.95,9.54,598.44
44525.46,8.6,3.88,1.01,1.13,7.29,598.44
44525.5,8.73,4.39,0.96,1.28,7.51,598.02
44525.54,11.77,3.83,0.75,1.15,9.92,597.18
44525.58,11.65,3.74,0.24,2.93,10,596.4
44525.62,11.65,3.9,1.26,0.37,9.22,596.02
44525.67,11.08,4.26,1.53,0.36,7.56,595.84
44525.71,10.77,4.49,1.62,0.33,6.65,595.95
44525.75,7.55,4.75,1.7,0.47,5.64,596.19
44525.79,7.38,5.33,1.87,0.52,5.19,596.38
44525.83,6.67,5.2,1.79,0.56,6.2,596.9
44525.88,7.41,5.75,1.76,0.6,8.87,597.19
44525.92,7.1,5.86,1.46,0.66,10,597.56
44525.96,5.5,5.41,1.67,0.69,10,598.01
44526,5.58,5.31,1.54,0.7,10,597.99
44526.04,5.3,5.2,1.62,0.68,10,598.13
44526.08,5.37,5.07,1.5,0.67,10,598.09
44526.12,5.34,4.95,1.5,0.66,10,598.08
44526.17,4.62,4.52,1.43,0.72,10,598.11
44526.21,4.49,4.3,1.42,0.7,10,598.09
44526.25,3.74,3.63,1.3,0.63,10,598.35
44526.29,3.79,3.58,1.39,0.67,10,598.66
44526.33,3.5,3.29,1.3,0.66,10,598.64
44526.38,3.22,3.03,1.39,0.62,10,599.33
44526.42,4.58,3.14,1.41,0.61,10,599.37
44526.46,4.47,3.42,1.39,0.66,10,599.77
44526.5,4.72,3.03,1.45,0.63,10,599.47
44526.54,6.2,3.22,1.55,0.62,10,598.75
44526.58,6.33,2.99,1.63,0.57,10,597.96
44526.62,6.56,3.08,1.67,0.56,10,597.6
44526.67,6.26,3.25,1.68,0.56,10,597.46
44526.71,6.02,3.53,1.7,0.49,10,597.66
44526.75,3.76,2.88,1.44,0.42,9.96,598.2
44526.79,4.04,3.17,1.55,0.42,10,598.41
44526.83,4.21,3.27,1.47,0.42,10,598.88
44526.88,4.17,3.26,1.38,0.36,10,599.06
44526.92,4.11,3.12,1.33,0.41,10,599.35
44526.96,3.56,2.81,1.27,0.48,10,599.57
44527,3.5,3.03,1.24,0.55,10,599.69
44527.04,3.51,2.96,1.2,0.53,10,599.51
44527.08,3.6,3.16,1.17,0.52,10,599.36
44527.12,3.69,3.17,1.21,0.5,10,599.06
44527.17,3.43,3.16,1.18,0.51,10,598.82
44527.21,3.44,3.13,1.16,0.57,10,598.81
44527.25,3.57,3.36,0.82,0.74,10,598.4
44527.29,3.58,3.28,1.02,0.33,10,598.83
44527.33,3.68,3.36,0.83,0.27,10,599.11
44527.38,3.59,3.19,0.81,0.36,10,599.36
44527.42,4.59,3.91,0.76,0.34,10,599.44
44527.46,4.44,3.53,0.73,0.05,10,599.58
44527.5,4.53,3.7,0.77,2.92,10,599.16
44527.54,6.61,4.33,0.75,2.8,10,598.51
44527.58,6.91,4.51,0.66,2.65,10,597.89
44527.62,7.13,4.55,0.89,2.92,10,597.34
44527.67,7.6,4.88,1.19,0.13,9.92,597.43
44527.71,7.4,4.95,1.53,0.41,6.75,597.46
44527.75,4.95,4.66,1.69,0.38,6.6,597.78
44527.79,4.43,4.43,1.75,0.46,6.52,597.92
44527.83,4.79,4.79,1.76,0.45,10,598.39
44527.88,4.88,4.73,1.44,0.63,10,598.81
44527.92,4.56,4.42,1.44,0.74,10,599.3
44527.96,4.05,4.05,1.35,0.71,10,599.52
44528,4.28,4.24,1.04,0.71,10,599.54
44528.04,4.34,4.33,0.89,0.63,10,599.31
44528.08,4.36,4.25,0.64,0.3,10,599.02
44528.12,4.3,4.17,0.48,0.06,10,598.76
44528.17,4.14,3.94,0.5,2.08,10,598.45
44528.21,4.13,3.96,0.64,1.7,10,598.28
44528.25,3.92,3.51,0.87,1.25,10,598.28
44528.29,4.21,3.47,0.74,1.56,9.96,597.99
44528.33,4.36,3.52,0.87,1.1,9.67,598.34
44528.38,4.37,3.44,0.74,1.44,9.47,598.97
44528.42,7.4,4.77,0.75,1.38,10,599.12
44528.46,7.87,4.91,0.96,1.18,9.92,599.35
44528.5,8.29,5.33,1.17,1.04,9.92,598.77
44528.54,11.28,5.58,1.44,1.01,9.77,597.89
44528.58,12.01,5,1.39,1.07,10,597.01
44528.62,12.03,4.58,0.95,1.33,9.92,596.42
44528.67,12.23,4.54,0.58,2.01,9.6,596.19
44528.71,11.69,4.6,0.83,0.07,8.19,596.05
44528.75,9.31,5.19,1.44,0.57,7.89,596.27
44528.79,8.27,5.32,1.93,0.67,6.23,596.61
44528.83,7.93,5.75,2.07,0.51,5.67,597.09
44528.88,7.82,5.98,2.22,0.63,8.14,597.46
44528.92,7.5,6.28,1.7,0.59,9.4,597.99
44528.96,5.21,5.21,1.68,0.59,10,598.27
44529,5.12,5.01,1.74,0.59,10,598.27
44529.04,4.84,4.82,1.73,0.55,10,598.23
44529.08,4.74,4.55,1.5,0.53,10,598.26
44529.12,4.73,4.44,1.43,0.54,10,598.13
44529.17,4.06,3.98,1.42,0.56,10,598.09
44529.21,4.1,3.81,1.34,0.63,10,598.03
44529.25,3.24,3.21,1.09,0.43,10,597.78
44529.29,3.2,3.1,1.46,0.77,10,598.3
44529.33,3.4,3.21,1.76,0.83,10,599.01
44529.38,2.87,2.73,1.65,0.83,10,599.79
44529.42,4.84,3.43,1.76,0.8,10,600.07
44529.46,4.61,3.6,1.86,0.83,10,600.4
44529.5,4.55,3.14,2,0.77,10,600.26
44529.54,5.3,2.92,2.06,0.69,10,599.78
44529.58,5.58,3.2,2.26,0.7,9.85,599.4
44529.62,5.36,3.29,2.3,0.74,9.17,599.35
44529.67,4.75,2.8,2.28,0.79,9.55,599.6
44529.71,4.59,2.97,2.31,0.8,9.4,600.07
44529.75,2.79,2.26,2.09,0.63,9.87,600.76
44529.79,2.73,2.11,1.98,0.69,10,601.47
44529.83,2.73,1.9,2.15,0.79,10,602.02
44529.88,2.79,1.8,2.04,0.91,10,602.58
44529.92,2.77,1.64,1.93,0.95,10,603.33
44529.96,1.73,0.83,1.91,0.95,10,603.58
44530,2.13,0.79,1.86,1.02,9.98,603.71
44530.04,2.36,0.98,1.47,1.05,10,603.64
44530.08,2.71,1.22,0.99,1.14,9.77,603.42
44530.12,3.21,1.21,0.62,1.39,9.7,603.31
44530.17,2.43,0.32,0.37,1.71,7.81,602.73
44530.21,2.6,0.59,0.31,1.52,6.67,602.54
44530.25,0.8,-0.2,0.65,2.49,6.67,602.05
44530.29,0.26,-0.79,0.46,2.06,8.19,602.33
44530.33,-0.67,-1.84,0.69,1.93,8.11,602.49
44530.38,0.06,-0.95,0.74,1.8,10,602.94
44530.42,3.33,1.41,0.56,1.85,8,603.1
44530.46,4.57,-5.95,0.63,1.57,4.75,603.14
44530.5,5.34,-7.04,0.94,1.41,3.36,602.31
44530.54,8.89,-8.99,1.2,1.46,3.19,601.16
44530.58,9.01,-8.93,1.27,1.45,1.23,599.86
44530.62,9.48,-8.57,1.26,1.51,1.53,598.97
44530.67,9.81,-8.16,1.22,1.7,2.09,598.76
44530.71,9.84,-8.75,1.08,1.96,2.92,598.32
44530.75,8.19,-7.75,0.82,2.39,2.71,598.51
44530.79,8,-7.51,0.9,0.17,2.86,598.68
44530.83,7.34,-6.91,1.14,0.07,2.86,599.14
44530.88,6.58,-4.54,1.41,0.49,2.99,599.17
44530.92,5.16,-3.6,1.72,0.58,3.72,599.45
44530.96,3.23,-1.8,1.7,0.49,5.07,599.75
44531,3.29,-0.86,1.59,0.43,4.91,599.89
44531.04,2.3,-0.24,1.51,0.49,4.41,599.94
44531.08,2.09,-0.25,1.34,0.39,5.16,599.76
44531.12,2.13,0.36,1.18,0.27,7.45,599.54
44531.17,1.71,0.74,1.04,0.25,8.06,599.44
44531.21,1.84,0.89,0.72,0.31,8.82,599.24
44531.25,1.36,0.68,0.61,2.47,9.84,598.71
44531.29,0.87,0.34,0.66,0.12,8.96,599.26
44531.33,0.79,0.13,0.8,0.65,9.94,599.91
44531.38,0.94,-0.3,0.62,0.03,7.87,600.2
44531.42,4.73,0.78,0.91,0.23,6.62,600.36
44531.46,4.78,0.36,1.29,0.48,7.05,600.6
44531.5,5.15,0.15,1.3,0.32,7.23,600.5
44531.54,8.82,0.55,1.22,0.27,7.03,599.65
44531.58,8.84,0.65,0.93,3.06,8.25,598.64
44531.62,9.46,0.99,0.6,2.49,9.15,598.15
44531.67,10.15,1.37,0.63,2.54,9.17,597.7
44531.71,10.06,0.75,1.1,0.03,9.44,597.52
44531.75,7.33,0.98,1.23,0.27,6.78,597
44531.79,7.21,1.98,1.61,0.46,7.03,597.74
44531.83,7.15,0.86,1.71,0.4,6.74,598.49
44531.88,6.78,1.21,1.83,0.63,6.98,598.85
44531.92,5.75,1.42,1.95,0.67,6.52,599.5
44531.96,4.41,1.4,1.61,0.44,5.69,599.75
44532,3.71,1.22,1.63,0.56,7.93,599.78
44532.04,3.22,1.32,1.31,0.47,9.28,599.86
44532.08,2.76,1.24,1.21,0.51,9.74,599.46
44532.12,3.23,1.8,1.32,0.72,9.91,599.62
44532.17,3.13,1.66,1.13,0.62,10,599.4
44532.21,2.91,1.49,1.35,0.74,10,599.81
44532.25,2.54,1.33,1.18,0.57,10,599.51
44532.29,2.56,1.16,1.36,0.84,10,600.34
44532.33,2.82,0.91,1.23,0.7,10,600.43
44532.38,2.35,0.51,1.17,0.63,9.96,600.68
44532.42,3.6,0.83,1.1,0.42,10,601.01
44532.46,3.99,1.34,0.75,3.1,10,601.03
44532.5,4.35,1.63,0.74,2.84,10,600.44
44532.54,6.41,1.85,0.75,3.12,9.92,599.57
44532.58,6.74,2.08,0.99,3.11,10,598.79
44532.62,7.04,2.14,1.13,0.02,10,598.22
44532.67,6.87,2.34,1.45,0.23,10,598.27
44532.71,6.7,2.04,1.32,0.1,10,598.2
44532.75,5.88,2.22,1.1,0.31,9.96,598.44
44532.79,5.6,2.23,1.62,0.57,9.36,599.17
44532.83,5.32,2.34,1.53,0.56,9.87,599.76
44532.88,5.24,2.4,1.07,0.51,9.55,599.72
44532.92,4.81,2.43,1.39,0.72,9.7,600.13
44532.96,4,2.35,0.89,0.66,10,600.53
44533,3.99,2.42,1.29,0.61,10,600.38
44533.04,3.96,2.49,1.25,0.59,10,600.23
44533.08,3.99,2.45,1.19,0.48,10,599.8
44533.12,3.89,2.41,1.03,0.34,10,599.65
44533.17,3.47,2.31,0.88,0.25,10,599.39
44533.21,3.72,2.35,0.84,0.26,10,599.27
44533.25,3.22,2.19,0.53,0.77,10,599.42
44533.29,3.31,2.26,1.14,0.67,10,599.77
44533.33,3.38,2.38,0.79,0.18,10,599.69
44533.38,3.21,2.41,0.3,2.43,10,599.96
44533.42,3.97,2.31,0.4,0.94,10,600.27
44533.46,3.7,2.6,0.58,3.06,10,600.49
44533.5,3.4,2.58,0.68,2.84,10,599.77
44533.54,5.58,3.19,1,0.41,10,599.3
44533.58,5.34,3.16,1.08,0.26,10,598.7
44533.62,5.36,3.26,1.16,0.17,10,598.18
44533.67,5.68,3.45,1.02,0.16,10,598.1
44533.71,5.64,3.19,0.94,0.05,10,598.34
44533.75,5.13,3.33,0.57,2.5,10,598.58
44533.79,5.28,3.52,0.57,0.66,10,599.13
44533.83,5.35,3.68,0.9,0.61,9.9,599.65
44533.88,5.58,3.91,0.8,0.44,9.91,599.48
44533.92,5.39,4.01,1.04,0.47,9.83,599.73
44533.96,4.44,3.96,1.09,0.25,9.03,599.83
44534,4.35,3.86,1.04,0.39,9.98,599.89
44534.04,4.45,3.85,0.6,3.13,10,599.73
44534.08,4.8,3.84,0.46,2.66,10,599.61
44534.12,4.88,3.84,0.6,2.27,10,599.15
44534.17,4.98,3.97,0.84,2.06,10,598.84
44534.21,5.01,3.96,0.91,1.88,10,598.47
44534.25,4.45,3.82,1.21,1.35,10,598.53
44534.29,4.64,3.8,0.88,0.95,10,599.05
44534.33,4.67,3.93,0.63,2.01,10,599.23
44534.38,4.64,3.84,0.7,1.89,10,599.28
44534.42,5.3,4.13,0.55,2.31,10,599.7
44534.46,5.2,4.23,0.41,0.1,10,599.77
44534.5,4.84,4.26,0.69,2.92,10,599.4
44534.54,6.38,4.23,0.74,2.69,10,598.64
44534.58,6.43,4.33,0.66,2.63,10,598.48
44534.62,6.84,4.51,0.9,2.18,10,597.85
44534.67,7.3,4.76,0.99,1.88,10,597.76
44534.71,7.47,4.63,0.67,2.01,10,597.89
44534.75,7.81,5.55,0.28,0.21,10,598.23
44534.79,7.65,5.65,0.88,0.57,9.28,598.84
44534.83,7.63,5.17,1.09,0.32,3.12,599.12
44534.88,6.93,5.13,1.33,0.59,3.66,599.52
44534.92,6.63,5.06,1.47,0.69,5.61,600.25
44534.96,5.39,4.8,1.45,0.57,7.5,600.47
44535,5.2,4.8,1.29,0.56,10,600.55
44535.04,5.01,4.62,1.16,0.58,10,600.7
44535.08,4.8,4.36,1.17,0.48,10,600.64
44535.12,4.78,4.23,1.03,0.38,10,600.53
44535.17,4.22,3.77,0.86,0.18,10,600.48
44535.21,4.19,3.62,0.73,2.72,10,600.3
44535.25,4.87,4.27,0.46,2.21,10,600.31
44535.29,5.28,4.32,0.52,2.22,10,600.43
44535.33,5.24,4.29,0.78,1.59,10,600.31
44535.38,5.3,4.07,1.41,0.92,9.98,600.76
44535.42,6.92,4.52,1.53,0.8,9.82,600.87
44535.46,6.94,4.88,1.53,0.92,9.35,600.89
44535.5,7.81,5.17,1.6,0.97,7.8,600.22
44535.54,11.56,4.91,1.51,1.09,7.98,599.26
44535.58,12.16,4.62,1.44,1.09,9.4,598.62
44535.62,12.7,4.32,1.36,1.15,9.15,597.91
44535.67,12.9,3.53,1.02,1.54,4.33,597.61
44535.71,12.9,2.77,0.84,2.16,1.39,597.53
44535.75,10.29,1.67,0.99,2.27,3.92,597.36
44535.79,10.47,1.74,0.76,3,4.19,597.93
44535.83,9.95,2.93,0.76,3.06,2.95,598.22
44535.88,9.55,3.17,0.64,3.06,3.02,598.21
44535.92,8.83,3.69,0.8,3.12,3.94,598.41
44535.96,6.71,3.59,0.89,0.06,3.2,598.76
44536,6.27,3.81,0.98,0.02,4.09,598.69
44536.04,5.73,3.98,1.02,3.08,3.5,598.65
44536.08,5.56,4.29,0.91,2.94,4.58,598.43
44536.12,5.55,4.39,0.9,2.69,5.23,598.22
44536.17,5.2,4.35,0.89,2.63,4.58,598.04
44536.21,4.91,4.47,0.85,2.65,5.18,597.85
44536.25,5.5,4.71,1.12,2.33,10,597.96
44536.29,5.16,4.79,0.82,2.46,10,598.33
44536.33,4.53,4.24,0.65,2.86,10,598.76
44536.38,4.52,4.42,0.69,2.95,10,599.12
44536.42,5.87,4.76,0.94,3.1,10,599.32
44536.46,5.74,4.68,1.04,2.96,9.47,599.6
44536.5,6.69,5.07,1,2.71,8.26,599.09
44536.54,9.22,5.71,1.11,2.27,10,598.16
44536.58,9.29,5.52,0.98,2.16,10,597.4
44536.62,9.11,5.68,1.06,2.95,9.75,596.65
44536.67,9.41,6.15,1.24,3.08,9.56,596.41
44536.71,8.9,6.13,1.34,0.14,9.67,596.52
44536.75,9.19,6.5,0.94,0.31,8.56,596.49
44536.79,8.9,6.7,1.49,0.4,9.17,596.77
44536.83,8.12,6.87,1.55,0.61,7.66,597.05
44536.88,8.06,6.87,1.57,0.6,8.19,597.12
44536.92,7.77,6.76,1.53,0.51,10,597.26
44536.96,6.05,5.99,1.43,0.44,10,597.37
44537,6.1,5.9,1.31,0.16,10,597.1
44537.04,6.14,5.72,1.06,2.74,10,596.53
44537.08,6.25,5.62,0.91,2.62,10,596.4
44537.12,6.42,5.7,0.86,2.73,10,595.83
44537.17,6.44,5.8,0.92,2.69,10,595.7
44537.21,6.51,5.76,1,2.54,10,595.37
44537.25,6.73,5.68,0.75,2.8,10,595.61
44537.29,6.82,5.59,1.22,3.07,10,595.84
44537.33,6.85,5.66,1.22,2.96,10,596.08
44537.38,6.85,5.73,1.16,0.19,10,596.4
44537.42,8.16,6.14,1,0.16,10,596.42
44537.46,8.3,6.21,0.94,2.83,10,596.63
44537.5,8.37,6.3,0.92,2.2,10,596.06
44537.54,11.1,6.93,1.08,1.61,10,595.5
44537.58,11.06,7.07,1.05,1.51,9.94,594.59
44537.62,10.55,7.18,0.72,2.24,9.52,594.1
44537.67,10.99,7.35,0.76,2.68,6.74,593.95
44537.71,10.31,6.97,1.13,0.19,6.12,594.11
44537.75,8.33,5.73,1.62,0.33,3.95,594.45
44537.79,6.87,5.59,2.09,0.68,5.54,594.73
44537.83,5.97,5.33,2.31,0.69,8.87,596.04
44537.88,5.23,4.61,2.44,0.61,10,596.63
44537.92,4.46,3.83,2.06,0.69,10,597.34
44537.96,3.18,3.01,1.95,0.71,10,597.78
44538,2.99,2.67,1.77,0.68,10,597.84
44538.04,2.32,2.1,1.75,0.65,10,597.91
44538.08,2.42,2.04,1.76,0.66,10,597.88
44538.12,2.49,1.98,1.61,0.63,10,597.85
44538.17,2.49,1.84,1.51,0.62,10,597.89
44538.21,2.64,1.53,1.56,0.61,10,597.76
44538.25,2.43,1.07,1.52,0.68,10,598.33
44538.29,2.41,1.65,1.63,0.52,10,598.27
44538.33,2.57,1.85,1.63,0.58,10,598.87
44538.38,2.41,1.81,1.68,0.6,10,599.51
44538.42,3.24,2.19,1.56,0.56,10,599.76
44538.46,2.94,2.16,1.51,0.48,9.98,599.9
44538.5,2.87,2.11,1.4,0.46,10,599.72
44538.54,4.59,2.5,1.25,0.44,10,599.16
44538.58,4.5,2.37,1.14,0.4,10,598.62
44538.62,4.67,2.34,1.13,0.3,10,598.4
44538.67,4.88,2.49,1.19,0.23,10,598.14
44538.71,4.9,2.41,1.28,0.31,10,598.29
44538.75,3.56,1.98,1.54,0.26,10,598.46
44538.79,3.89,2.28,1.47,0.37,10,598.89
44538.83,4.17,2.49,1.62,0.51,10,599.59
44538.88,4.37,2.74,1.59,0.54,10,599.65
44538.92,4.37,2.87,1.5,0.58,10,600
44538.96,3.62,2.79,1.43,0.62,10,600.17
44539,3.82,3.01,1.32,0.6,10,600.19
44539.04,3.83,2.98,1.18,0.5,10,599.9
44539.08,3.99,3.09,1.09,0.43,10,599.83
44539.12,4.27,3.45,1.05,0.36,10,599.55
44539.17,4.29,3.44,0.89,0.14,10,599.35
44539.21,4.48,3.45,0.83,2.96,10,599.1
44539.25,3.4,3.05,0.62,2.08,10,599.13
44539.29,3.76,2.91,0.81,1.75,10,599.06
44539.33,3.96,2.97,0.61,1.61,10,599.45
44539.38,3.96,2.93,0.7,1.94,10,599.91
44539.42,6.01,4.37,0.75,1.74,10,600
44539.46,5.89,4.28,0.81,1.43,10,599.98
44539.5,6.37,4.52,1.01,1.5,10,599.57
44539.54,9.36,5.05,1.26,1.4,10,598.72
44539.58,9.68,5.3,1.33,1.29,10,597.98
44539.62,10.31,5.41,1.38,1.33,10,597.05
44539.67,11.08,5.58,0.85,1.84,9.98,596.67
44539.71,11.16,5.47,0.87,2.48,9.6,596.69
44539.75,9.38,4.25,1.13,0.22,9.7,596.81
44539.79,8.56,5.13,1.59,0.41,9.27,596.78
44539.83,8.58,5.16,1.75,0.45,7.54,597.25
44539.88,8,5.35,1.68,0.42,5.86,597.31
44539.92,6.96,5.33,1.47,0.39,6.56,597.38
44539.96,5.38,4.83,1.48,0.33,9.24,597.36
44540,5.09,4.71,1.31,0.27,10,597.13
44540.04,4.76,4.27,1.09,0.27,10,596.79
44540.08,4.88,4.24,1.08,0.47,10,596.51
44540.12,4.82,4.18,1.24,0.49,10,596.36
44540.17,4.2,4.01,1.29,0.51,10,596.11
44540.21,3.79,3.61,1.24,0.43,10,596.1
44540.25,3.65,3.45,0.96,0.2,10,595.95
44540.29,3.4,3.05,0.58,0.02,10,595.86
44540.33,3.4,2.89,0.79,0.4,10,596.36
44540.38,3.54,2.88,1.19,0.3,10,596.68
44540.42,5.36,3.41,1.2,0.24,10,597.06
44540.46,5.23,3.02,1.18,0.16,10,597.11
44540.5,5.15,3.26,1.03,3.12,10,596.61
44540.54,8.16,4.58,0.94,2.92,10,595.83
44540.58,8.08,4.91,1.12,0.1,8.87,595.26
44540.62,8.11,5.19,1.66,0.3,7.58,594.7
44540.67,8.03,5.48,1.79,0.25,4.78,594.55
44540.71,7.77,5.55,2.11,0.45,2.82,594.68
44540.75,4.38,3.81,2.17,0.6,5.39,595.14
44540.79,3.9,3.42,2.28,0.63,10,595.75
44540.83,3.85,3.23,2.54,0.64,10,596.43
44540.88,3.68,2.86,2.26,0.69,10,596.87
44540.92,3.04,2.48,1.99,0.73,10,597.5
44540.96,1.28,1.28,1.82,0.75,10,597.79
44541,1.27,1.23,1.82,0.76,10,598.07
44541.04,1,0.92,1.8,0.8,10,597.98
44541.08,1.07,0.84,1.66,0.85,10,598.03
44541.12,1.19,0.87,1.64,0.84,10,597.98
44541.17,0.88,0.35,1.66,0.85,10,597.96
44541.21,0.9,0.02,1.71,0.81,9.94,598
44541.25,1.45,0.14,1.72,0.94,10,598.98
44541.29,1.68,0.2,1.91,0.74,9.91,598.78
44541.33,1.99,0.4,1.72,0.73,10,599.28
44541.38,1.66,0.12,1.65,0.81,9.99,599.87
44541.42,3.16,0.81,1.66,0.83,9.75,600.26
44541.46,3.2,0.53,1.74,0.82,9.82,600.61
44541.5,3.57,0.51,1.75,0.79,9.98,600.11
44541.54,4.39,0.59,1.84,0.73,10,599.55
44541.58,4.52,0.64,1.95,0.65,10,598.87
44541.62,3.83,1.02,2.01,0.6,9.94,598.65
44541.67,3.59,1.07,1.93,0.56,9.77,598.54
44541.71,3.81,1.04,2,0.61,9.54,598.93
44541.75,2.12,0.65,1.72,0.6,5.38,599.56
44541.79,1.99,1.38,1.86,0.7,7.14,599.63
44541.83,2.03,1.58,1.77,0.76,8.85,600.35
44541.88,2.2,1.49,2.06,0.75,8.48,600.66
44541.92,2.36,1.56,1.77,0.82,9.47,601.16
44541.96,1.54,0.9,1.81,0.88,9.77,601.74
44542,1.54,0.99,1.63,1,9.84,601.77
44542.04,1.46,0.87,1.53,0.96,9.92,601.79
44542.08,1.51,0.86,1.45,1,9.99,601.87
44542.12,1.49,0.93,1.42,1.01,9.77,601.85
44542.17,0.46,0.32,1.38,1.01,9.92,601.86
44542.21,0.6,0.5,1.29,0.97,10,601.88
44542.25,0.42,-0.27,1.38,0.92,9.5,602.27
44542.29,0.6,-0.07,1.32,0.95,9.87,602.36
44542.33,0.67,0.01,1.35,0.85,9.46,602.75
44542.38,0.47,-0.27,1.12,0.85,9.21,602.84
44542.42,2.72,-0.08,1.13,0.82,9.56,603.15
44542.46,2.77,-0.3,1.12,0.76,9.27,602.97
44542.5,2.81,-0.37,1.23,0.79,8.26,602.79
44542.54,4.4,-0.35,1.12,0.77,7.88,601.76
44542.58,4.53,-0.19,1.06,0.63,7.66,601.19
44542.62,4.53,-0.15,1.13,0.41,8.79,600.32
44542.67,4.81,0.17,1.14,0.18,10,599.89
44542.71,4.27,-0.3,1.14,0.15,9.92,599.81
44542.75,3.77,-0.59,0.82,2.81,8.85,599.84
44542.79,3.51,0.09,1.21,0.11,5.66,599.67
44542.83,3.26,0.33,1.36,0.21,4.43,600.04
44542.88,2.62,0.53,1.51,0.42,4.64,600.24
44542.92,2.42,0.9,1.44,0.44,5.1,600.46
44542.96,1.33,0.72,1.29,0.53,5.21,600.7
44543,1.56,0.59,1.16,0.51,5.31,600.57
44543.04,1.22,0.72,0.99,0.29,6.77,600.42
44543.08,1.21,0.64,0.77,0.07,7.01,599.96
44543.12,1.12,0.63,0.64,2.67,7.78,599.46
44543.17,0.6,0.38,0.63,2.11,9.23,598.77
44543.21,0.37,0.11,0.79,1.88,9.01,598.37
44543.25,0.32,0.05,1.21,1.13,9.86,598.35
44543.29,0.41,0.02,1.14,1.27,8.62,597.8
44543.33,0.59,0.04,1.4,1.23,9.75,598
44543.38,0.19,-0.13,1.43,1.18,10,598.19
44543.42,3.69,1.32,1.34,1.15,7.64,598.07
44543.46,5.25,1.68,1.37,1.09,2.14,598.05
44543.5,6.61,2.31,1.54,0.97,2.23,597.25
44543.54,11.18,3.66,1.44,0.88,2.16,596.29
44543.58,12.12,2.9,1.65,0.7,2.68,595.25
44543.62,12.78,2.02,2.4,0.55,4.82,594.39
44543.67,13.39,1.64,1.97,0.54,1.59,593.93
44543.71,13.01,1.49,0.67,0.71,0.42,593.88
44543.75,10.76,1.14,0.44,2.71,0.61,593.96
44543.79,10.39,1.2,0.79,0.46,0.86,594.5
44543.83,9.48,1.66,1.06,0.45,1.25,595.06
44543.88,8.82,2.26,1.14,0.4,2.37,595.52
44543.92,7.85,2.84,1.15,0.33,3,595.63
44543.96,5.13,2.65,1.22,0.24,4.02,595.9
44544,4.38,2.75,1.27,0.14,5.9,596.06
44544.04,3.62,2.58,1.07,3.04,5.66,595.74
44544.08,3.22,2.7,0.92,2.74,5.97,595.36
44544.12,3.15,2.6,0.82,2.57,9.22,594.99
44544.17,2.16,2.15,0.87,2.8,10,594.58
44544.21,1.77,1.62,0.67,2.83,10,594.42
44544.25,1.46,1.41,0.89,2.59,10,594.41
44544.29,1.44,1.2,0.91,2.32,10,594.19
44544.33,1.29,0.93,0.73,2.68,10,594.55
44544.38,0.68,0.45,0.76,2.62,10,594.72
44544.42,3.39,1.94,0.77,2.61,10,595.04
44544.46,4.38,2.32,0.63,2.53,10,595.23
44544.5,6.08,3.48,0.82,1.82,9.75,594.7
44544.54,10.5,4.74,1.12,1.38,7.28,593.83
44544.58,11.84,4.39,1.34,0.87,8.11,592.87
44544.62,13.17,3.28,1.09,0.71,5.83,592.07
44544.67,14.13,3.02,0.64,1.55,0.49,591.6
44544.71,13.57,2.99,0.58,2.05,0.39,591.55
44544.75,10.15,2.84,0.92,0.23,0.68,591.91
44544.79,9.82,2.92,1.12,0.42,0.99,592.39
44544.83,9.37,3.19,1.33,0.4,2.16,592.9
44544.88,8.65,3.9,1.55,0.49,3.76,593.31
44544.92,7.52,4.19,1.7,0.4,5.16,593.57
44544.96,4.38,2.76,1.72,0.34,6.32,593.78
44545,3.27,2.49,1.01,0.4,10,593.72
44545.04,2.62,2.44,1.25,0.42,10,593.72
44545.08,1.78,1.47,1.61,0.43,10,593.42
44545.12,2.75,2.6,1.48,0.36,10,593.31
44545.17,1.94,1.88,1.35,0.26,10,593.04
44545.21,1.54,1.39,1.14,0.07,10,592.73
44545.25,1.41,1.37,1.22,2.11,10,592.66
44545.29,1.43,1.34,0.95,1.64,10,592.26
44545.33,1.5,1.35,0.68,2.83,9.96,592.75
44545.38,1.23,0.53,1,3.1,10,593.02
44545.42,4.01,1.37,0.85,2.66,9.85,593.45
44545.46,4.72,1.76,0.83,2.53,7.96,593.71
44545.5,5.78,2.33,0.74,2.21,2.94,593.19
44545.54,10.69,3.91,0.74,1.76,1.62,592.39
44545.58,11.64,4.12,0.71,2.02,0.88,591.53
44545.62,11.93,4.15,0.74,2.62,0.49,591.07
44545.67,13,4.19,1.21,0.3,0.54,591.03
44545.71,12.5,5.1,1.82,0.53,0.66,591.39
44545.75,6.5,3.53,2.49,0.51,1.59,591.21
44545.79,5.06,3.65,2.75,0.61,2.9,592.39
44545.83,5.28,4.37,1.69,0.56,8.62,593.36
44545.88,4.64,3.65,2.66,0.64,10,594.03
44545.92,4.06,3.2,2.51,0.65,10,594.98
44545.96,2.59,1.94,1.99,0.62,10,595.41
44546,2.58,1.81,1.85,0.62,9.77,595.8
44546.04,2.26,1.53,1.83,0.59,9.7,595.85
44546.08,1.95,1.12,1.64,0.57,10,595.86
44546.12,1.09,0.08,1.4,0.57,9.99,595.82
44546.17,0.55,-0.03,1.34,0.6,9.57,595.75
44546.21,0.97,-0.05,0.94,0.71,9.61,595.68
44546.25,0.62,-0.48,0.92,0.32,9.28,595.61
44546.29,1,-0.53,0.79,0.22,9.8,595.63
44546.33,1.2,-0.45,1.41,0.65,9.44,596.35
44546.38,1.04,-0.69,1.55,0.67,9.38,596.79
44546.42,4.33,0.33,1.57,0.78,9.75,597.44
44546.46,4.2,0.36,1.62,0.73,9.92,597.96
44546.5,4.31,0.17,1.62,0.63,9.85,597.92
44546.54,6.41,1.03,1.74,0.58,9.85,597.6
44546.58,6.44,0.8,1.82,0.6,10,597.19
44546.62,6.15,1.05,1.87,0.65,9.98,596.8
44546.67,5.74,1.41,2.01,0.65,9.98,596.88
44546.71,5.37,1.6,2.14,0.51,9.9,597.21
44546.75,2.75,-0.23,2.09,0.45,6.67,597.31
44546.79,2.62,0.3,1.34,0.69,7.01,598.29
44546.83,2.84,0.65,2.17,0.78,8.9,599.09
44546.88,2.97,1.19,1.9,0.85,8.99,599.54
44546.92,2.5,1.15,1.57,0.88,8.02,600.09
44546.96,0.81,0.08,1.81,0.85,9.34,600.73
44547,0.63,0.01,1.43,0.82,8.44,600.64
44547.04,0.3,-0.07,1.7,0.78,8.08,600.91
44547.08,0.52,-0.07,1.6,0.78,9.14,600.77
44547.12,0.61,0.02,1.53,0.75,8.65,600.59
44547.17,0.15,-0.09,1.51,0.74,9.4,600.38
44547.21,0.37,-0.08,1.33,0.74,8.73,600.01
44547.25,0.05,-0.92,1.14,0.43,9.39,600.07
44547.29,0.18,-0.85,1.18,3.14,9.65,599.99
44547.33,0.13,-0.98,1.13,0.23,9.69,599.95
44547.38,0.12,-1.46,1.36,0.44,9.91,600.48
44547.42,1.71,-1.22,1.49,0.46,9.59,600.83
44547.46,1.67,-1.27,1.7,0.39,9.82,601
44547.5,1.78,-1.27,1.51,0.2,9.88,600.46
44547.54,3.07,-1.17,1.28,0.06,9.75,599.59
44547.58,3,-1.18,1.21,3.1,9.62,598.74
44547.62,2.53,-0.97,1.15,2.95,9.84,597.91
44547.67,2.57,-0.7,1.19,2.93,9.86,597.57
44547.71,2.27,-1.01,1.31,3.09,9.96,597.26
44547.75,1.54,-1.56,1.77,0.31,8.31,597.29
44547.79,0.83,-1.19,2.06,0.45,5.13,597.67
44547.83,0.39,-1.3,1.69,0.65,5.93,597.9
44547.88,0.12,-1.2,1.91,0.72,8.23,598.48
44547.92,-0.48,-1.39,1.85,0.77,8.27,599.07
44547.96,-1.84,-1.95,1.68,0.73,8.91,599.73
44548,-1.65,-2.11,1.79,0.67,9.6,599.76
44548.04,-1.97,-2.69,2.01,0.67,9.35,599.82
44548.08,-1.95,-2.81,2.05,0.71,9.94,599.71
44548.12,-1.8,-2.83,2.06,0.72,9.85,599.66
44548.17,-2.08,-3.22,1.97,0.72,10,599.59
44548.21,-1.94,-3.28,1.94,0.71,10,599.39
44548.25,-2.77,-4.18,1.93,0.71,10,600.13
44548.29,-2.76,-4.22,1.9,0.7,9.99,599.8
44548.33,-2.7,-4.3,1.9,0.76,9.39,600.06
44548.38,-3.01,-4.57,1.94,0.75,9.94,600.57
44548.42,-1.27,-4.48,1.9,0.67,9.85,601
44548.46,-1.58,-4.7,1.75,0.63,9.8,601.29
44548.5,-1.85,-4.9,1.6,0.68,9.69,600.85
44548.54,-0.54,-4.64,1.53,0.63,9.79,600.23
44548.58,0.01,-4.47,1.45,0.46,9.81,599.23
44548.62,-0.01,-4.54,1.4,0.3,9.99,598.7
44548.67,-0.06,-4.41,1.34,0.19,9.9,598.26
44548.71,-0.22,-4.38,1.43,0.26,9.91,598.35
44548.75,-1.6,-4.5,1.47,0.45,9.37,598.35
44548.79,-1.68,-4.43,1.71,0.64,7.06,598.46
44548.83,-1.6,-4.24,1.84,0.73,5.95,599.08
44548.88,-1.8,-4.02,1.73,0.8,6.81,599.23
44548.92,-2.03,-4.05,1.87,0.8,9.55,599.96
44548.96,-3,-4.19,1.7,0.8,8.89,600.16
44549,-2.83,-4.23,1.47,0.75,8.67,600.26
44549.04,-2.9,-4.48,1.38,0.75,9.23,600.24
44549.08,-2.91,-4.46,1.34,0.75,9.52,599.86
44549.12,-2.82,-4.45,1.37,0.7,9.37,599.53
44549.17,-2.8,-4.55,1.22,0.7,9.63,599.28
44549.21,-2.8,-4.63,1.04,0.77,9.49,598.71
44549.25,-2.63,-4.34,0.24,2.66,9.53,598.56
44549.29,-2.31,-4.42,0.45,1.73,9.22,598.3
44549.33,-2.09,-4.33,0.67,1.93,9.33,598.35
44549.38,-2.09,-4.25,0.89,1.83,9.58,598.35
44549.42,0.64,-2.74,1.07,1.72,8.53,598.43
44549.46,1.43,-2.17,1.15,1.57,7.79,598.51
44549.5,2.41,-1.44,1.29,1.4,5.89,597.71
44549.54,6.06,-0.38,1.4,1.21,6.12,596.78
44549.58,6.9,0.22,1.41,1.42,4.1,595.72
44549.62,7.22,0.57,1.32,1.65,2.32,595.09
44549.67,8.56,1.41,1.17,1.73,1.38,594.57
44549.71,8.19,1.48,0.85,2.6,0.89,594.5
44549.75,5.65,0.33,1.24,0.21,0.04,594.33
44549.79,3.87,0.33,2.02,0.52,0.1,594.37
44549.83,2.09,-0.03,2.58,0.64,1.35,595.48
44549.88,1.99,0.01,2.28,0.61,5.08,596.13
44549.92,1.41,0.05,1.54,0.55,8.46,596.66
44549.96,-0.56,-0.67,1.81,0.55,9.68,596.92
44550,-0.61,-1.09,1.51,0.52,9.75,597.08
44550.04,-0.95,-1.38,1.4,0.58,9.28,597.34
44550.08,-0.89,-1.83,1.37,0.64,9.32,597.07
44550.12,-0.8,-2.12,1.46,0.69,9.35,596.92
44550.17,-1.68,-2.72,1.37,0.69,9.53,596.66
44550.21,-1.58,-2.69,1.3,0.7,9.4,596.61
44550.25,-2.54,-3.54,0.81,0.84,9.62,597
44550.29,-2.36,-3.46,0.87,0.33,9.73,596.47
44550.33,-2.25,-3.36,1,0.37,9.31,597
44550.38,-2.26,-3.64,1.08,0.52,9.47,597.32
44550.42,1.03,-2.68,1.03,0.5,9.24,598.06
44550.46,0.79,-2.42,0.92,0.68,9.16,598.05
44550.5,1.19,-1.72,0.86,0.82,8.16,597.7
44550.54,5.29,-0.84,0.67,0.69,7.74,597.01
44550.58,5.63,-0.75,0.56,0.36,8.11,596.15
44550.62,5.96,-0.5,0.77,0.27,4.56,595.77
44550.67,6.23,-0.17,1.44,0.28,4.29,595.26
44550.71,6.28,-0.22,1.79,0.49,1.48,595.24
44550.75,2.67,-0.44,2.07,0.56,0.92,595.7
44550.79,2.94,-0.54,1.86,0.71,0.83,595.76
44550.83,3.4,-0.37,1.76,0.59,1.32,596.39
44550.88,3.51,-0.3,1.57,0.64,0.32,596.53
44550.92,3.05,-0.32,1.4,0.6,0.77,597.18
44550.96,0.8,-0.69,1.17,0.58,1.22,597.35
44551,0.59,-0.69,0.81,0.31,2.62,597.66
44551.04,-0.03,-0.89,0.65,0.03,1.78,597.6
44551.08,-0.24,-0.99,0.56,2.86,1.63,597.35
44551.12,-0.43,-1.07,0.41,2.19,2.73,597.11
44551.17,-1.12,-1.88,0.31,1.64,2.56,596.79
44551.21,-1.01,-1.97,0.33,1.53,4.15,596.55
44551.25,-1.62,-2.22,0.24,0.88,8.5,597.13
44551.29,-1.45,-2.27,0.3,1.25,8.44,596.65
44551.33,-1.07,-2.18,0.43,1.28,8.82,597.24
44551.38,-0.94,-2.26,0.6,1.22,10,597.71
44551.42,5.4,-0.27,0.69,1.26,9.52,598.08
44551.46,5.79,-0.89,0.52,1.24,3.16,598.09
44551.5,6.29,-0.96,0.26,1.7,0.59,597.5
44551.54,10.52,-0.36,0.35,2.89,0.37,596.81
44551.58,10.76,0.54,0.62,3,0.16,595.83
44551.62,11.16,0.24,0.85,2.98,0.55,595.42
44551.67,12.17,-0.66,0.92,3.1,3.08,595.14
44551.71,12.16,-1.22,1.13,0.37,4.52,595.22
44551.75,7.52,-0.23,1.57,0.46,3.86,595.39
44551.79,8.16,0.03,1.64,0.58,2.34,595.87
44551.83,7.51,0.26,1.52,0.56,0.55,596.28
44551.88,6.92,0.41,1.4,0.46,0.07,596.48
44551.92,5.93,0.66,1.19,0.2,0.59,596.88
44551.96,2.55,-0.05,0.92,3.14,0.38,596.91
44552,2.2,-0.03,0.79,2.97,0.31,597.03
44552.04,1.38,-0.19,0.66,2.77,0.63,596.8
44552.08,1.14,-0.22,0.56,2.51,0.34,596.43
44552.12,1.17,-0.14,0.53,2.39,0.12,596.3
44552.17,0.47,-0.18,0.51,2.29,0.08,595.77
44552.21,0.4,-0.26,0.53,2.28,0.4,595.69
44552.25,-0.21,-0.52,0.69,1.86,5.34,595.76
44552.29,-0.9,-1.1,0.76,1.76,8.15,595.76
44552.33,-1.64,-2.07,0.77,1.59,8.12,596.05
44552.38,-1.68,-1.95,0.87,1.48,10,596.52
44552.42,3.34,1.28,0.81,1.57,9.99,596.76
44552.46,4.78,2.54,0.67,1.67,5.91,596.84
44552.5,5.91,2.15,0.84,1.94,0.95,596.37
44552.54,10.02,2.66,1.02,1.85,2.42,595.31
44552.58,11.3,2.34,1.28,1.63,7.32,594.34
44552.62,11.51,1.34,1.19,1.76,8.95,593.53
44552.67,11.05,0.91,0.88,2.43,7.82,593.2
44552.71,10.39,1.46,0.97,0.04,6.12,593.15
44552.75,8.36,1.06,1.22,0.38,3.22,593.23
44552.79,7.12,1.67,1.82,0.57,3.23,593.55
44552.83,6.05,2.59,1.93,0.49,4.78,593.95
44552.88,5.73,2.98,1.67,0.46,5.96,594.2
44552.92,6.08,3.58,1.49,0.33,6.39,594.21
44552.96,3.36,2.8,1.16,0,7.2,594.01
44553,3.59,2.9,0.63,2.49,6.75,593.76
44553.04,3.25,2.86,0.94,2.11,6.52,593.36
44553.08,3.41,2.62,1.33,1.55,4.53,593.1
44553.12,3.54,2.05,1.54,1.35,3.41,592.83
44553.17,3.71,1.3,1.63,1.27,2.99,592.55
44553.21,4.24,0.45,1.89,1.24,1.89,592.18
44553.25,4.02,0.21,1.98,1.23,1.59,592.51
44553.29,4.14,-0.3,2.02,1.17,0.9,592.15
44553.33,4.03,-0.75,2.07,1.16,0.83,592.68
44553.38,3.04,-1.13,1.84,1.17,0.42,592.89
44553.42,7.92,0.83,1.59,1.03,0,593.41
44553.46,9.28,2.23,1.83,0.87,0,593.51
44553.5,9.84,2.95,2.03,0.8,0.47,593.34
44553.54,12.97,1.91,1.78,0.88,0.2,592.59
44553.58,12.94,1.5,1.69,0.99,1.52,591.78
44553.62,12.66,1.26,1.07,0.97,1.79,591.54
44553.67,11.35,0.13,0.4,1.11,4.6,591.35
44553.71,10.24,0.63,1.13,0.45,3.73,591.78
44553.75,6.57,1.22,1.4,0.71,4.9,592.06
44553.79,5.05,1.91,1.82,0.55,5.67,592.67
44553.83,5.12,2.46,2.02,0.6,6.37,593.21
44553.88,4.38,2.74,1.38,0.68,7.66,593.96
44553.92,3.66,2.26,2.14,0.78,9.62,594.53
44553.96,1.84,1.15,2.35,0.76,9.99,594.95
44554,1.85,0.7,1.95,0.81,9.99,595.28
44554.04,1.22,0.16,1.49,0.76,8.79,595.37
44554.08,1.14,0,1.21,0.65,8.79,595.4
44554.12,1.15,0.09,0.99,0.71,8.66,595.45
44554.17,0.52,-0.46,0.71,0.8,8.5,595.48
44554.21,0.69,-0.46,0.43,0.88,9.54,595.31
44554.25,0.54,-0.62,0.52,0.72,9.38,595.6
44554.29,0.69,-0.74,0.14,2.09,8.68,595.87
44554.33,0.79,-0.56,0.1,1.66,9.09,596.25
44554.38,0.81,-0.91,0.25,1.62,7.43,596.72
44554.42,4.6,0.57,0.35,2.08,5.15,597.14
44554.46,4.6,0.67,0.52,2.55,6.2,597.08
44554.5,5.27,0.85,0.43,0.42,8.36,596.81
44554.54,9.19,1.06,0.56,0.31,9.92,596.36
44554.58,8.92,1.01,0.94,0.26,5.48,595.49
44554.62,8.23,1.44,1.12,0.38,5.7,595.31
44554.67,8.37,1.52,1.35,0.46,8.28,595.05
44554.71,7.92,1.77,1.61,0.44,9.73,595.22
44554.75,5.39,-0.03,1.61,0.47,6.59,595.46
44554.79,5.48,0.81,1.89,0.59,4.86,595.81
44554.83,5.29,1.03,1.82,0.59,3.07,596.68
44554.88,5.38,1.08,1.65,0.49,4.1,596.95
44554.92,4.41,1.18,1.49,0.47,4.93,597.22
44554.96,1.78,0.53,1.22,0.34,4.55,597.4
44555,1.91,0.57,0.79,0.17,3.61,597.56
44555.04,1.86,0.7,0.64,3.08,3.39,597.32
44555.08,1.95,0.79,0.64,3.04,2.79,597.05
44555.12,2.06,0.76,0.68,2.92,8.81,596.97
44555.17,1.75,0.81,0.66,2.89,9.7,596.64
44555.21,1.64,0.76,0.5,2.54,10,596.59
44555.25,-0.65,-0.83,0.63,2.11,10,596.56
44555.29,-1.02,-1.33,0.67,2.05,10,596.8
44555.33,-0.89,-1.33,0.48,2.01,10,597.09
44555.38,-0.98,-1.38,0.38,2.12,10,597.6
44555.42,3.02,0.73,0.48,2.84,9.98,597.69
44555.46,4.38,1.25,0.76,0.17,9.24,598.1
44555.5,5.23,1.78,0.82,2.71,9.77,597.73
44555.54,7.93,2.47,0.91,2.24,9.77,596.96
44555.58,8.25,1.78,0.77,2.29,7.49,595.97
44555.62,9.38,0.41,0.64,2.25,8.03,595.61
44555.67,8.85,0.63,1.14,0.52,6.05,595.33
44555.71,8.02,2.17,1.85,0.67,5.77,595.69
44555.75,5.09,1.66,1.63,0.74,5.99,596.35
44555.79,3.73,2.45,1.79,0.61,9.47,596.91
44555.83,3.22,2.21,2.3,0.6,10,597.34
44555.88,2.83,1.91,2.03,0.62,10,597.9
44555.92,2.41,1.55,1.78,0.74,10,598.32
44555.96,0.95,0.7,1.85,0.88,9.32,598.45
44556,1.06,0.62,1.64,0.87,9.62,598.66
44556.04,0.99,0.4,1.53,0.87,9.92,598.43
44556.08,1.42,0.61,1.4,0.81,9.92,598.28
44556.12,1.56,0.74,1.39,0.75,9.7,598.38
44556.17,0.94,0.41,1.41,0.71,9.7,598.49
44556.21,1.25,0.62,1.39,0.7,9.92,598.75
44556.25,0.28,-0.54,1.48,0.68,8.79,598.69
44556.29,0.63,-0.25,0.98,0.74,10,599.17
44556.33,0.75,-0.12,1.49,0.87,10,599.73
44556.38,0.53,-0.02,1.77,0.79,9.02,599.95
44556.42,1.89,0.18,2.02,0.76,9.07,600.52
44556.46,1.79,-0.03,2.03,0.68,9.66,600.93
44556.5,1.56,-0.25,2.2,0.62,9.52,600.79
44556.54,1.05,-1.35,2.3,0.58,9.75,600.31
44556.58,1.33,-1.45,2.34,0.59,9.32,599.65
44556.62,1.05,-1.78,2.23,0.58,9.13,599.15
44556.67,0.3,-1.89,2.22,0.55,9.51,598.98
44556.71,-0.09,-1.96,2.09,0.54,9.45,599.05
44556.75,-0.92,-2.96,1.97,0.39,8.59,599.32
44556.79,-1.14,-3.04,2.02,0.61,9.52,599.29
44556.83,-1.3,-3.09,1.82,0.63,9.8,599.84
44556.88,-1.42,-3.07,1.78,0.66,9.62,600.13
44556.92,-1.73,-3.35,1.68,0.62,9.66,600.24
44556.96,-2.55,-3.96,1.56,0.6,9.25,600.16
44557,-2.57,-4.09,1.43,0.56,9.77,600.11
44557.04,-2.55,-4.17,1.35,0.5,9.92,599.85
44557.08,-2.34,-4.03,1.21,0.43,9.8,599.26
44557.12,-2.54,-4.23,1.18,0.32,8.1,599.14
44557.17,-2.77,-4.46,1.12,0.17,7.25,598.78
44557.21,-3.1,-4.66,0.92,0.24,6.76,598.56
44557.25,-3.14,-4.8,1.2,0.13,6.97,598.37
44557.29,-3.42,-5.03,1.11,0.18,8.37,598.28
44557.33,-3.73,-5.27,1.59,0.4,8.39,598.67
44557.38,-3.98,-5.53,1.76,0.47,7.37,599.2
44557.42,-2.32,-4.89,1.63,0.36,8.75,599.44
44557.46,-1.54,-4.69,1.28,0.21,8.43,599.35
44557.5,-0.77,-4.12,0.88,3,9.49,599.07
44557.54,2.02,-3.13,0.8,2.53,9.4,598.21
44557.58,3.03,-2.42,0.85,2.42,9.79,597.38
44557.62,3.58,-1.9,0.98,2.42,9.77,596.63
44557.67,4.71,-0.71,1.02,2.48,9.98,596.22
44557.71,4.59,-0.68,1.39,0.02,9.36,596.07
44557.75,1.24,-1.99,1.58,0.25,8.51,596.32
44557.79,0.54,-2.43,1.9,0.37,5.23,596.37
44557.83,-0.13,-2.8,1.5,0.43,3.66,596.89
44557.88,-0.73,-2.99,1.68,0.5,4.69,597.24
44557.92,-1.7,-3.23,1.74,0.4,6.88,597.69
44557.96,-2.68,-3.73,1.46,0.38,9.22,597.69
44558,-3.1,-3.92,1.2,0.36,9.53,597.62
44558.04,-2.73,-4.08,1.19,0.4,9.28,597.22
44558.08,-3.2,-4.18,0.94,0.23,9.14,596.98
44558.12,-3.47,-4.4,0.75,3.12,9.09,596.51
44558.17,-3.78,-4.88,0.72,2.95,8.73,596.47
44558.21,-3.49,-4.86,0.78,3.13,8.5,596.1
44558.25,-3.38,-5.11,0.93,2.98,8.49,596.06
44558.29,-3.26,-5.04,0.77,2.78,7.44,596
44558.33,-2.95,-5.07,0.78,2.94,7.58,596.13
44558.38,-2.93,-4.89,0.79,3.06,8.32,596.45
44558.42,1.4,-1.67,0.78,3.02,8.21,596.94
44558.46,1.98,-1.13,0.82,2.64,8.05,597.09
44558.5,3.55,-0.14,0.85,2.21,7.77,596.71
44558.54,7.46,1.02,0.82,1.96,4.86,596.06
44558.58,7.55,1.51,0.89,1.5,4.63,595.05
44558.62,8.38,1.71,1.06,1.07,6.11,594.54
44558.67,10.27,0.9,0.36,2.14,6.78,594.34
44558.71,9.76,0.71,1.11,0.96,5.34,594.68
44558.75,4.2,1.06,1.43,0.46,2.6,594.91
44558.79,2.08,0.01,2.05,0.57,0.98,595.31
44558.83,1.6,-0.29,2.22,0.55,2.48,596.59
44558.88,1.46,0.01,1.9,0.54,5.96,597.16
44558.92,0.36,-1.05,1.89,0.56,8.71,597.66
44558.96,-2.31,-2.48,1.79,0.58,9.77,598.02
44559,-2.35,-2.79,1.59,0.6,9.62,598.44
44559.04,-3.06,-3.52,1.47,0.56,10,598.35
44559.08,-3.62,-4.14,1.37,0.51,9.85,598.32
44559.12,-3.83,-4.58,1.36,0.51,9.77,598.31
44559.17,-4.28,-5.17,1.44,0.5,9.75,598.27
44559.21,-3.93,-5.11,1.33,0.47,9.8,598.14
44559.25,-3.86,-5.23,0.61,0.33,9.88,598.36
44559.29,-3.71,-5.29,0.58,2.43,9.75,598.45
44559.33,-3.52,-5.19,0.48,3.01,9.57,598.68
44559.38,-3.72,-5.32,0.69,0.52,9.48,599.2
44559.42,-0.33,-3.67,0.84,0.66,9.39,599.7
44559.46,-0.41,-3.59,1.39,0.84,8,600.37
44559.5,0.28,-3.32,1.66,0.76,6.87,600.15
44559.54,3.61,-2.63,1.63,0.63,8.83,599.5
44559.58,3.61,-2.35,1.54,0.49,8.19,598.7
44559.62,3.74,-1.99,1.49,0.45,8.5,598.16
44559.67,3.83,-2.01,1.73,0.47,6.98,598.16
44559.71,3.39,-2.03,2.01,0.56,5.12,598.19
44559.75,-0.33,-3.41,1.93,0.49,0.78,598.47
44559.79,-1.04,-3.01,1.42,0.56,1.12,598.76
44559.83,-0.93,-2.82,1.44,0.61,2.55,599.09
44559.88,-0.86,-2.74,1.41,0.57,6.69,599.42
44559.92,-1.46,-3.18,1.51,0.56,8.6,599.66
44559.96,-3.4,-4.16,1.41,0.58,8.74,600.1
44560,-3.2,-4.32,1.41,0.58,9.15,599.88
44560.04,-3.27,-4.41,1.31,0.53,8.68,599.78
44560.08,-3.53,-4.81,1.27,0.51,9.7,599.37
44560.12,-3.56,-4.62,1.23,0.48,9.44,599.13
44560.17,-4.23,-5.1,1.18,0.46,9.11,599
44560.21,-4.12,-5.4,1.16,0.46,9.46,598.79
44560.25,-4.17,-5.32,1.05,0.17,9.21,599.14
44560.29,-3.87,-5.51,0.76,2.52,9.62,598.79
44560.33,-3.79,-5.57,0.94,0.12,9.97,599.19
44560.38,-4.01,-5.89,1.23,0.43,9.93,599.61
44560.42,-0.99,-4.44,1.33,0.4,9.91,600.01
44560.46,-1.43,-4.31,1.29,0.44,9.86,600.28
44560.5,-1.23,-3.89,1.12,0.35,9.83,599.93
44560.54,3.05,-2.19,1.01,0.16,9.54,599.29
44560.58,3.44,-1.61,1.1,0.18,9.49,598.37
44560.62,4.08,-1.03,1.26,0.29,9.64,597.8
44560.67,4.15,-1.25,1.76,0.4,9.16,597.61
44560.71,3.51,-1.65,2.26,0.45,9.22,597.72
44560.75,0.17,-3.66,2,0.43,9.2,597.65
44560.79,-0.58,-3.98,1.77,0.39,9.01,597.71
44560.83,-1.3,-4.62,1.92,0.51,9.65,598.42
44560.88,-1.64,-4.79,1.94,0.52,9.29,598.77
44560.92,-2.04,-4.97,1.68,0.5,5.82,599.12
44560.96,-4.32,-6.31,1.46,0.52,3.2,599.27
44561,-3.99,-5.66,1.33,0.45,7.68,599.19
44561.04,-3.56,-5.49,1.04,0.19,7.71,598.92
44561.08,-3.39,-5.25,0.91,2.77,7.84,598.28
44561.12,-3.03,-4.48,0.94,2.6,8.03,598.23
44561.17,-3.29,-4.46,0.86,2.8,8.13,597.84
44561.21,-3.08,-4.3,0.84,2.97,8.2,597.69
44561.25,-3.03,-4.22,0.84,2.48,8.79,597.86
44561.29,-3.11,-4.14,0.76,2.27,8.34,597.33
44561.33,-3.08,-4.37,0.68,2.97,8.33,597.86
44561.38,-3.39,-4.68,1.38,0.59,8.42,598.16
44561.42,-0.34,-3.12,1.44,0.55,8.48,598.32
44561.46,-0.19,-2.45,1.51,0.57,8.56,598.7
44561.5,1.34,-1.32,1.52,0.52,6.28,598.31
44561.54,5.35,-0.05,1.41,0.34,6.01,597.6
44561.58,5.74,0.71,1.28,0.22,5.95,596.68
44561.62,5.86,1.1,2.19,0.45,2.98,596.03
44561.67,4.3,0.17,2.65,0.47,3.18,596.08
44561.71,2.51,-0.73,2.66,0.45,3.06,596.05
44561.75,-1.54,-3.03,2.37,0.41,7.55,596.76
44561.79,-2.11,-3.06,2.1,0.5,8.5,597.02
44561.83,-1.85,-3.26,2.05,0.66,9.45,598.11
44561.88,-1.51,-3.28,2.12,0.68,9.27,598.5
44561.92,-1.38,-3.32,1.94,0.75,9.54,599.2
44561.96,-2.44,-4.4,1.83,0.79,9.67,599.48
