$,
,
JDAY,FLOW
44197,3.23
44197.04,3.23
44197.08,3.23
44197.12,3.23
44197.17,3.23
44197.21,3.23
44197.25,3.23
44197.29,3.23
44197.33,3.23
44197.38,3.23
44197.42,3.23
44197.46,3.23
44197.5,3.23
44197.54,3.23
44197.58,3.23
44197.62,3.23
44197.67,3.23
44197.71,3.23
44197.75,3.23
44197.79,3.23
44197.83,3.23
44197.88,3.23
44197.92,3.23
44197.96,3.23
44198,3.23
44198.04,3.23
44198.08,3.23
44198.12,3.23
44198.17,3.23
44198.21,3.23
44198.25,3.23
44198.29,3.23
44198.33,3.23
44198.38,3.23
44198.42,3.23
44198.46,3.23
44198.5,3.23
44198.54,3.23
44198.58,3.23
44198.62,3.23
44198.67,3.23
44198.71,3.23
44198.75,3.23
44198.79,3.23
44198.83,3.23
44198.88,3.23
44198.92,3.23
44198.96,3.23
44199,3.23
44199.04,3.23
44199.08,3.23
44199.12,3.23
44199.17,3.23
44199.21,3.23
44199.25,3.23
44199.29,3.23
44199.33,3.23
44199.38,3.23
44199.42,3.23
44199.46,3.23
44199.5,3.23
44199.54,3.23
44199.58,3.23
44199.62,3.23
44199.67,3.23
44199.71,3.23
44199.75,3.23
44199.79,3.23
44199.83,3.23
44199.88,3.23
44199.92,3.23
44199.96,3.23
44200,3.23
44200.04,3.23
44200.08,3.23
44200.12,3.23
44200.17,3.23
44200.21,3.23
44200.25,3.23
44200.29,3.23
44200.33,3.23
44200.38,3.23
44200.42,3.23
44200.46,3.23
44200.5,3.23
44200.54,3.23
44200.58,3.23
44200.62,3.23
44200.67,3.23
44200.71,3.23
44200.75,3.23
44200.79,3.23
44200.83,3.23
44200.88,3.23
44200.92,3.23
44200.96,3.23
44201,3.23
44201.04,3.23
44201.08,3.23
44201.12,3.23
44201.17,3.23
44201.21,3.23
44201.25,3.23
44201.29,3.23
44201.33,3.23
44201.38,3.23
44201.42,3.23
44201.46,3.23
44201.5,3.23
44201.54,3.23
44201.58,3.23
44201.62,3.23
44201.67,3.23
44201.71,3.23
44201.75,3.23
44201.79,3.23
44201.83,3.23
44201.88,3.23
44201.92,3.23
44201.96,3.23
44202,3.23
44202.04,3.23
44202.08,3.23
44202.12,3.23
44202.17,3.23
44202.21,3.23
44202.25,3.23
44202.29,3.23
44202.33,3.23
44202.38,3.23
44202.42,3.23
44202.46,3.23
44202.5,3.23
44202.54,3.23
44202.58,3.23
44202.62,3.23
44202.67,3.23
44202.71,3.23
44202.75,3.23
44202.79,3.23
44202.83,3.23
44202.88,3.23
44202.92,3.23
44202.96,3.23
44203,3.23
44203.04,3.23
44203.08,3.23
44203.12,3.23
44203.17,3.23
44203.21,3.23
44203.25,3.23
44203.29,3.23
44203.33,3.23
44203.38,3.23
44203.42,3.23
44203.46,3.23
44203.5,3.23
44203.54,3.23
44203.58,3.23
44203.62,3.23
44203.67,3.23
44203.71,3.23
44203.75,3.23
44203.79,3.23
44203.83,3.23
44203.88,3.23
44203.92,3.23
44203.96,3.23
44204,3.23
44204.04,3.23
44204.08,3.23
44204.12,3.23
44204.17,3.23
44204.21,3.23
44204.25,3.23
44204.29,3.23
44204.33,3.23
44204.38,3.23
44204.42,3.23
44204.46,3.23
44204.5,3.23
44204.54,3.23
44204.58,3.23
44204.62,3.23
44204.67,3.23
44204.71,3.23
44204.75,3.23
44204.79,3.23
44204.83,3.23
44204.88,3.23
44204.92,3.23
44204.96,3.23
44205,3.23
44205.04,3.23
44205.08,3.23
44205.12,3.23
44205.17,3.23
44205.21,3.23
44205.25,3.23
44205.29,3.23
44205.33,3.23
44205.38,3.23
44205.42,3.23
44205.46,3.23
44205.5,3.23
44205.54,3.23
44205.58,3.23
44205.62,3.23
44205.67,3.23
44205.71,3.23
44205.75,3.23
44205.79,3.23
44205.83,3.23
44205.88,3.23
44205.92,3.23
44205.96,3.23
44206,3.23
44206.04,3.23
44206.08,3.23
44206.12,3.23
44206.17,3.23
44206.21,3.23
44206.25,3.23
44206.29,3.23
44206.33,3.23
44206.38,3.23
44206.42,3.23
44206.46,3.23
44206.5,3.23
44206.54,3.23
44206.58,3.23
44206.62,3.23
44206.67,3.23
44206.71,3.23
44206.75,3.23
44206.79,3.23
44206.83,3.23
44206.88,3.23
44206.92,3.23
44206.96,3.23
44207,3.23
44207.04,3.23
44207.08,3.23
44207.12,3.23
44207.17,3.23
44207.21,3.23
44207.25,3.23
44207.29,3.23
44207.33,3.23
44207.38,3.23
44207.42,3.23
44207.46,3.23
44207.5,3.23
44207.54,3.23
44207.58,3.23
44207.62,3.23
44207.67,3.23
44207.71,3.23
44207.75,3.23
44207.79,3.23
44207.83,3.23
44207.88,3.23
44207.92,3.23
44207.96,3.23
44208,3.23
44208.04,3.23
44208.08,3.23
44208.12,3.23
44208.17,3.23
44208.21,3.23
44208.25,3.23
44208.29,3.23
44208.33,3.23
44208.38,3.23
44208.42,3.23
44208.46,3.23
44208.5,3.23
44208.54,3.23
44208.58,3.23
44208.62,3.23
44208.67,3.23
44208.71,3.23
44208.75,3.23
44208.79,3.23
44208.83,3.23
44208.88,3.23
44208.92,3.23
44208.96,3.23
44209,3.23
44209.04,3.23
44209.08,3.23
44209.12,3.23
44209.17,3.23
44209.21,3.23
44209.25,3.23
44209.29,3.23
44209.33,3.23
44209.38,3.23
44209.42,3.23
44209.46,3.23
44209.5,3.23
44209.54,3.23
44209.58,3.23
44209.62,3.23
44209.67,3.23
44209.71,3.23
44209.75,3.23
44209.79,3.23
44209.83,3.23
44209.88,3.23
44209.92,3.23
44209.96,3.23
44210,3.23
44210.04,3.23
44210.08,3.23
44210.12,3.23
44210.17,3.23
44210.21,3.23
44210.25,3.23
44210.29,3.23
44210.33,3.23
44210.38,3.23
44210.42,3.23
44210.46,3.23
44210.5,3.23
44210.54,3.23
44210.58,3.23
44210.62,3.23
44210.67,3.23
44210.71,3.23
44210.75,3.23
44210.79,3.23
44210.83,3.23
44210.88,3.23
44210.92,3.23
44210.96,3.23
44211,3.23
44211.04,3.23
44211.08,3.23
44211.12,3.23
44211.17,3.23
44211.21,3.23
44211.25,3.23
44211.29,3.23
44211.33,3.23
44211.38,3.23
44211.42,3.23
44211.46,3.23
44211.5,3.23
44211.54,3.23
44211.58,3.23
44211.62,3.23
44211.67,3.23
44211.71,3.23
44211.75,3.23
44211.79,3.23
44211.83,3.23
44211.88,3.23
44211.92,3.23
44211.96,3.23
44212,3.23
44212.04,3.23
44212.08,3.23
44212.12,3.23
44212.17,3.23
44212.21,3.23
44212.25,3.23
44212.29,3.23
44212.33,3.23
44212.38,3.23
44212.42,3.23
44212.46,3.23
44212.5,3.23
44212.54,3.23
44212.58,3.23
44212.62,3.23
44212.67,3.23
44212.71,3.23
44212.75,3.23
44212.79,3.23
44212.83,3.23
44212.88,3.23
44212.92,3.23
44212.96,3.23
44213,3.23
44213.04,3.23
44213.08,3.23
44213.12,3.23
44213.17,3.23
44213.21,3.23
44213.25,3.23
44213.29,3.23
44213.33,3.23
44213.38,3.23
44213.42,3.23
44213.46,3.23
44213.5,3.23
44213.54,3.23
44213.58,3.23
44213.62,3.23
44213.67,3.23
44213.71,3.23
44213.75,3.23
44213.79,3.23
44213.83,3.23
44213.88,3.23
44213.92,3.23
44213.96,3.23
44214,3.23
44214.04,3.23
44214.08,3.23
44214.12,3.23
44214.17,3.23
44214.21,3.23
44214.25,3.23
44214.29,3.23
44214.33,3.23
44214.38,3.23
44214.42,3.23
44214.46,3.23
44214.5,3.23
44214.54,3.23
44214.58,3.23
44214.62,3.23
44214.67,3.23
44214.71,3.23
44214.75,3.23
44214.79,3.23
44214.83,3.23
44214.88,3.23
44214.92,3.23
44214.96,3.23
44215,3.23
44215.04,3.23
44215.08,3.23
44215.12,3.23
44215.17,3.23
44215.21,3.23
44215.25,3.23
44215.29,3.23
44215.33,3.23
44215.38,3.23
44215.42,3.23
44215.46,3.23
44215.5,3.23
44215.54,3.23
44215.58,3.23
44215.62,3.23
44215.67,3.23
44215.71,3.23
44215.75,3.23
44215.79,3.23
44215.83,3.23
44215.88,3.23
44215.92,3.23
44215.96,3.23
44216,3.23
44216.04,3.23
44216.08,3.23
44216.12,3.23
44216.17,3.23
44216.21,3.23
44216.25,3.23
44216.29,3.23
44216.33,3.23
44216.38,3.23
44216.42,3.23
44216.46,3.23
44216.5,3.23
44216.54,3.23
44216.58,3.23
44216.62,3.23
44216.67,3.23
44216.71,3.23
44216.75,3.23
44216.79,3.23
44216.83,3.23
44216.88,3.23
44216.92,3.23
44216.96,3.23
44217,3.23
44217.04,3.23
44217.08,3.23
44217.12,3.23
44217.17,3.23
44217.21,3.23
44217.25,3.23
44217.29,3.23
44217.33,3.23
44217.38,3.23
44217.42,3.23
44217.46,3.23
44217.5,3.23
44217.54,3.23
44217.58,3.23
44217.62,3.23
44217.67,3.23
44217.71,3.23
44217.75,3.23
44217.79,3.23
44217.83,3.23
44217.88,3.23
44217.92,3.23
44217.96,3.23
44218,3.23
44218.04,3.23
44218.08,3.23
44218.12,3.23
44218.17,3.23
44218.21,3.23
44218.25,3.23
44218.29,3.23
44218.33,3.23
44218.38,3.23
44218.42,3.23
44218.46,3.23
44218.5,3.23
44218.54,3.23
44218.58,3.23
44218.62,3.23
44218.67,3.23
44218.71,3.23
44218.75,3.23
44218.79,3.23
44218.83,3.23
44218.88,3.23
44218.92,3.23
44218.96,3.23
44219,3.23
44219.04,3.23
44219.08,3.23
44219.12,3.23
44219.17,3.23
44219.21,3.23
44219.25,3.23
44219.29,3.23
44219.33,3.23
44219.38,3.23
44219.42,3.23
44219.46,3.23
44219.5,3.23
44219.54,3.23
44219.58,3.23
44219.62,3.23
44219.67,3.23
44219.71,3.23
44219.75,3.23
44219.79,3.23
44219.83,3.23
44219.88,3.23
44219.92,3.23
44219.96,3.23
44220,3.23
44220.04,3.23
44220.08,3.23
44220.12,3.23
44220.17,3.23
44220.21,3.23
44220.25,3.23
44220.29,3.23
44220.33,3.23
44220.38,3.23
44220.42,3.23
44220.46,3.23
44220.5,3.23
44220.54,3.23
44220.58,3.23
44220.62,3.23
44220.67,3.23
44220.71,3.23
44220.75,3.23
44220.79,3.23
44220.83,3.23
44220.88,3.23
44220.92,3.23
44220.96,3.23
44221,3.23
44221.04,3.23
44221.08,3.23
44221.12,3.23
44221.17,3.23
44221.21,3.23
44221.25,3.23
44221.29,3.23
44221.33,3.23
44221.38,3.23
44221.42,3.23
44221.46,3.23
44221.5,3.23
44221.54,3.23
44221.58,3.23
44221.62,3.23
44221.67,3.23
44221.71,3.23
44221.75,3.23
44221.79,3.23
44221.83,3.23
44221.88,3.23
44221.92,3.23
44221.96,3.23
44222,3.23
44222.04,3.23
44222.08,3.23
44222.12,3.23
44222.17,3.23
44222.21,3.23
44222.25,3.23
44222.29,3.23
44222.33,3.23
44222.38,3.23
44222.42,3.23
44222.46,3.23
44222.5,3.23
44222.54,3.23
44222.58,3.23
44222.62,3.23
44222.67,3.23
44222.71,3.23
44222.75,3.23
44222.79,3.23
44222.83,3.23
44222.88,3.23
44222.92,3.23
44222.96,3.23
44223,3.23
44223.04,3.23
44223.08,3.23
44223.12,3.23
44223.17,3.23
44223.21,3.23
44223.25,3.23
44223.29,3.23
44223.33,3.23
44223.38,3.23
44223.42,3.23
44223.46,3.23
44223.5,3.23
44223.54,3.23
44223.58,3.23
44223.62,3.23
44223.67,3.23
44223.71,3.23
44223.75,3.23
44223.79,3.23
44223.83,3.23
44223.88,3.23
44223.92,3.23
44223.96,3.23
44224,3.23
44224.04,3.23
44224.08,3.23
44224.12,3.23
44224.17,3.23
44224.21,3.23
44224.25,3.23
44224.29,3.23
44224.33,3.23
44224.38,3.23
44224.42,3.23
44224.46,3.23
44224.5,3.23
44224.54,3.23
44224.58,3.23
44224.62,3.23
44224.67,3.23
44224.71,3.23
44224.75,3.23
44224.79,3.23
44224.83,3.23
44224.88,3.23
44224.92,3.23
44224.96,3.23
44225,3.23
44225.04,3.23
44225.08,3.23
44225.12,3.23
44225.17,3.23
44225.21,3.23
44225.25,3.23
44225.29,3.23
44225.33,3.23
44225.38,3.23
44225.42,3.23
44225.46,3.23
44225.5,3.23
44225.54,3.23
44225.58,3.23
44225.62,3.23
44225.67,3.23
44225.71,3.23
44225.75,3.23
44225.79,3.23
44225.83,3.23
44225.88,3.23
44225.92,3.23
44225.96,3.23
44226,3.23
44226.04,3.23
44226.08,3.23
44226.12,3.23
44226.17,3.23
44226.21,3.23
44226.25,3.23
44226.29,3.23
44226.33,3.23
44226.38,3.23
44226.42,3.23
44226.46,3.23
44226.5,3.23
44226.54,3.23
44226.58,3.23
44226.62,3.23
44226.67,3.23
44226.71,3.23
44226.75,3.23
44226.79,3.23
44226.83,3.23
44226.88,3.23
44226.92,3.23
44226.96,3.23
44227,3.23
44227.04,3.23
44227.08,3.23
44227.12,3.23
44227.17,3.23
44227.21,3.23
44227.25,3.23
44227.29,3.23
44227.33,3.23
44227.38,3.23
44227.42,3.23
44227.46,3.23
44227.5,3.23
44227.54,3.23
44227.58,3.23
44227.62,3.23
44227.67,3.23
44227.71,3.23
44227.75,3.23
44227.79,3.23
44227.83,3.23
44227.88,3.23
44227.92,3.23
44227.96,3.23
44228,2.76
44228.04,2.76
44228.08,2.76
44228.12,2.76
44228.17,2.76
44228.21,2.76
44228.25,2.76
44228.29,2.76
44228.33,2.76
44228.38,2.76
44228.42,2.76
44228.46,2.76
44228.5,2.76
44228.54,2.76
44228.58,2.76
44228.62,2.76
44228.67,2.76
44228.71,2.76
44228.75,2.76
44228.79,2.76
44228.83,2.76
44228.88,2.76
44228.92,2.76
44228.96,2.76
44229,2.76
44229.04,2.76
44229.08,2.76
44229.12,2.76
44229.17,2.76
44229.21,2.76
44229.25,2.76
44229.29,2.76
44229.33,2.76
44229.38,2.76
44229.42,2.76
44229.46,2.76
44229.5,2.76
44229.54,2.76
44229.58,2.76
44229.62,2.76
44229.67,2.76
44229.71,2.76
44229.75,2.76
44229.79,2.76
44229.83,2.76
44229.88,2.76
44229.92,2.76
44229.96,2.76
44230,2.76
44230.04,2.76
44230.08,2.76
44230.12,2.76
44230.17,2.76
44230.21,2.76
44230.25,2.76
44230.29,2.76
44230.33,2.76
44230.38,2.76
44230.42,2.76
44230.46,2.76
44230.5,2.76
44230.54,2.76
44230.58,2.76
44230.62,2.76
44230.67,2.76
44230.71,2.76
44230.75,2.76
44230.79,2.76
44230.83,2.76
44230.88,2.76
44230.92,2.76
44230.96,2.76
44231,2.76
44231.04,2.76
44231.08,2.76
44231.12,2.76
44231.17,2.76
44231.21,2.76
44231.25,2.76
44231.29,2.76
44231.33,2.76
44231.38,2.76
44231.42,2.76
44231.46,2.76
44231.5,2.76
44231.54,2.76
44231.58,2.76
44231.62,2.76
44231.67,2.76
44231.71,2.76
44231.75,2.76
44231.79,2.76
44231.83,2.76
44231.88,2.76
44231.92,2.76
44231.96,2.76
44232,2.76
44232.04,2.76
44232.08,2.76
44232.12,2.76
44232.17,2.76
44232.21,2.76
44232.25,2.76
44232.29,2.76
44232.33,2.76
44232.38,2.76
44232.42,2.76
44232.46,2.76
44232.5,2.76
44232.54,2.76
44232.58,2.76
44232.62,2.76
44232.67,2.76
44232.71,2.76
44232.75,2.76
44232.79,2.76
44232.83,2.76
44232.88,2.76
44232.92,2.76
44232.96,2.76
44233,2.76
44233.04,2.76
44233.08,2.76
44233.12,2.76
44233.17,2.76
44233.21,2.76
44233.25,2.76
44233.29,2.76
44233.33,2.76
44233.38,2.76
44233.42,2.76
44233.46,2.76
44233.5,2.76
44233.54,2.76
44233.58,2.76
44233.62,2.76
44233.67,2.76
44233.71,2.76
44233.75,2.76
44233.79,2.76
44233.83,2.76
44233.88,2.76
44233.92,2.76
44233.96,2.76
44234,2.76
44234.04,2.76
44234.08,2.76
44234.12,2.76
44234.17,2.76
44234.21,2.76
44234.25,2.76
44234.29,2.76
44234.33,2.76
44234.38,2.76
44234.42,2.76
44234.46,2.76
44234.5,2.76
44234.54,2.76
44234.58,2.76
44234.62,2.76
44234.67,2.76
44234.71,2.76
44234.75,2.76
44234.79,2.76
44234.83,2.76
44234.88,2.76
44234.92,2.76
44234.96,2.76
44235,2.76
44235.04,2.76
44235.08,2.76
44235.12,2.76
44235.17,2.76
44235.21,2.76
44235.25,2.76
44235.29,2.76
44235.33,2.76
44235.38,2.76
44235.42,2.76
44235.46,2.76
44235.5,2.76
44235.54,2.76
44235.58,2.76
44235.62,2.76
44235.67,2.76
44235.71,2.76
44235.75,2.76
44235.79,2.76
44235.83,2.76
44235.88,2.76
44235.92,2.76
44235.96,2.76
44236,2.76
44236.04,2.76
44236.08,2.76
44236.12,2.76
44236.17,2.76
44236.21,2.76
44236.25,2.76
44236.29,2.76
44236.33,2.76
44236.38,2.76
44236.42,2.76
44236.46,2.76
44236.5,2.76
44236.54,2.76
44236.58,2.76
44236.62,2.76
44236.67,2.76
44236.71,2.76
44236.75,2.76
44236.79,2.76
44236.83,2.76
44236.88,2.76
44236.92,2.76
44236.96,2.76
44237,2.76
44237.04,2.76
44237.08,2.76
44237.12,2.76
44237.17,2.76
44237.21,2.76
44237.25,2.76
44237.29,2.76
44237.33,2.76
44237.38,2.76
44237.42,2.76
44237.46,2.76
44237.5,2.76
44237.54,2.76
44237.58,2.76
44237.62,2.76
44237.67,2.76
44237.71,2.76
44237.75,2.76
44237.79,2.76
44237.83,2.76
44237.88,2.76
44237.92,2.76
44237.96,2.76
44238,2.76
44238.04,2.76
44238.08,2.76
44238.12,2.76
44238.17,2.76
44238.21,2.76
44238.25,2.76
44238.29,2.76
44238.33,2.76
44238.38,2.76
44238.42,2.76
44238.46,2.76
44238.5,2.76
44238.54,2.76
44238.58,2.76
44238.62,2.76
44238.67,2.76
44238.71,2.76
44238.75,2.76
44238.79,2.76
44238.83,2.76
44238.88,2.76
44238.92,2.76
44238.96,2.76
44239,2.76
44239.04,2.76
44239.08,2.76
44239.12,2.76
44239.17,2.76
44239.21,2.76
44239.25,2.76
44239.29,2.76
44239.33,2.76
44239.38,2.76
44239.42,2.76
44239.46,2.76
44239.5,2.76
44239.54,2.76
44239.58,2.76
44239.62,2.76
44239.67,2.76
44239.71,2.76
44239.75,2.76
44239.79,2.76
44239.83,2.76
44239.88,2.76
44239.92,2.76
44239.96,2.76
44240,2.76
44240.04,2.76
44240.08,2.76
44240.12,2.76
44240.17,2.76
44240.21,2.76
44240.25,2.76
44240.29,2.76
44240.33,2.76
44240.38,2.76
44240.42,2.76
44240.46,2.76
44240.5,2.76
44240.54,2.76
44240.58,2.76
44240.62,2.76
44240.67,2.76
44240.71,2.76
44240.75,2.76
44240.79,2.76
44240.83,2.76
44240.88,2.76
44240.92,2.76
44240.96,2.76
44241,2.76
44241.04,2.76
44241.08,2.76
44241.12,2.76
44241.17,2.76
44241.21,2.76
44241.25,2.76
44241.29,2.76
44241.33,2.76
44241.38,2.76
44241.42,2.76
44241.46,2.76
44241.5,2.76
44241.54,2.76
44241.58,2.76
44241.62,2.76
44241.67,2.76
44241.71,2.76
44241.75,2.76
44241.79,2.76
44241.83,2.76
44241.88,2.76
44241.92,2.76
44241.96,2.76
44242,2.76
44242.04,2.76
44242.08,2.76
44242.12,2.76
44242.17,2.76
44242.21,2.76
44242.25,2.76
44242.29,2.76
44242.33,2.76
44242.38,2.76
44242.42,2.76
44242.46,2.76
44242.5,2.76
44242.54,2.76
44242.58,2.76
44242.62,2.76
44242.67,2.76
44242.71,2.76
44242.75,2.76
44242.79,2.76
44242.83,2.76
44242.88,2.76
44242.92,2.76
44242.96,2.76
44243,2.76
44243.04,2.76
44243.08,2.76
44243.12,2.76
44243.17,2.76
44243.21,2.76
44243.25,2.76
44243.29,2.76
44243.33,2.76
44243.38,2.76
44243.42,2.76
44243.46,2.76
44243.5,2.76
44243.54,2.76
44243.58,2.76
44243.62,2.76
44243.67,2.76
44243.71,2.76
44243.75,2.76
44243.79,2.76
44243.83,2.76
44243.88,2.76
44243.92,2.76
44243.96,2.76
44244,2.76
44244.04,2.76
44244.08,2.76
44244.12,2.76
44244.17,2.76
44244.21,2.76
44244.25,2.76
44244.29,2.76
44244.33,2.76
44244.38,2.76
44244.42,2.76
44244.46,2.76
44244.5,2.76
44244.54,2.76
44244.58,2.76
44244.62,2.76
44244.67,2.76
44244.71,2.76
44244.75,2.76
44244.79,2.76
44244.83,2.76
44244.88,2.76
44244.92,2.76
44244.96,2.76
44245,2.76
44245.04,2.76
44245.08,2.76
44245.12,2.76
44245.17,2.76
44245.21,2.76
44245.25,2.76
44245.29,2.76
44245.33,2.76
44245.38,2.76
44245.42,2.76
44245.46,2.76
44245.5,2.76
44245.54,2.76
44245.58,2.76
44245.62,2.76
44245.67,2.76
44245.71,2.76
44245.75,2.76
44245.79,2.76
44245.83,2.76
44245.88,2.76
44245.92,2.76
44245.96,2.76
44246,2.76
44246.04,2.76
44246.08,2.76
44246.12,2.76
44246.17,2.76
44246.21,2.76
44246.25,2.76
44246.29,2.76
44246.33,2.76
44246.38,2.76
44246.42,2.76
44246.46,2.76
44246.5,2.76
44246.54,2.76
44246.58,2.76
44246.62,2.76
44246.67,2.76
44246.71,2.76
44246.75,2.76
44246.79,2.76
44246.83,2.76
44246.88,2.76
44246.92,2.76
44246.96,2.76
44247,2.76
44247.04,2.76
44247.08,2.76
44247.12,2.76
44247.17,2.76
44247.21,2.76
44247.25,2.76
44247.29,2.76
44247.33,2.76
44247.38,2.76
44247.42,2.76
44247.46,2.76
44247.5,2.76
44247.54,2.76
44247.58,2.76
44247.62,2.76
44247.67,2.76
44247.71,2.76
44247.75,2.76
44247.79,2.76
44247.83,2.76
44247.88,2.76
44247.92,2.76
44247.96,2.76
44248,2.76
44248.04,2.76
44248.08,2.76
44248.12,2.76
44248.17,2.76
44248.21,2.76
44248.25,2.76
44248.29,2.76
44248.33,2.76
44248.38,2.76
44248.42,2.76
44248.46,2.76
44248.5,2.76
44248.54,2.76
44248.58,2.76
44248.62,2.76
44248.67,2.76
44248.71,2.76
44248.75,2.76
44248.79,2.76
44248.83,2.76
44248.88,2.76
44248.92,2.76
44248.96,2.76
44249,2.76
44249.04,2.76
44249.08,2.76
44249.12,2.76
44249.17,2.76
44249.21,2.76
44249.25,2.76
44249.29,2.76
44249.33,2.76
44249.38,2.76
44249.42,2.76
44249.46,2.76
44249.5,2.76
44249.54,2.76
44249.58,2.76
44249.62,2.76
44249.67,2.76
44249.71,2.76
44249.75,2.76
44249.79,2.76
44249.83,2.76
44249.88,2.76
44249.92,2.76
44249.96,2.76
44250,2.76
44250.04,2.76
44250.08,2.76
44250.12,2.76
44250.17,2.76
44250.21,2.76
44250.25,2.76
44250.29,2.76
44250.33,2.76
44250.38,2.76
44250.42,2.76
44250.46,2.76
44250.5,2.76
44250.54,2.76
44250.58,2.76
44250.62,2.76
44250.67,2.76
44250.71,2.76
44250.75,2.76
44250.79,2.76
44250.83,2.76
44250.88,2.76
44250.92,2.76
44250.96,2.76
44251,2.76
44251.04,2.76
44251.08,2.76
44251.12,2.76
44251.17,2.76
44251.21,2.76
44251.25,2.76
44251.29,2.76
44251.33,2.76
44251.38,2.76
44251.42,2.76
44251.46,2.76
44251.5,2.76
44251.54,2.76
44251.58,2.76
44251.62,2.76
44251.67,2.76
44251.71,2.76
44251.75,2.76
44251.79,2.76
44251.83,2.76
44251.88,2.76
44251.92,2.76
44251.96,2.76
44252,2.76
44252.04,2.76
44252.08,2.76
44252.12,2.76
44252.17,2.76
44252.21,2.76
44252.25,2.76
44252.29,2.76
44252.33,2.76
44252.38,2.76
44252.42,2.76
44252.46,2.76
44252.5,2.76
44252.54,2.76
44252.58,2.76
44252.62,2.76
44252.67,2.76
44252.71,2.76
44252.75,2.76
44252.79,2.76
44252.83,2.76
44252.88,2.76
44252.92,2.76
44252.96,2.76
44253,2.76
44253.04,2.76
44253.08,2.76
44253.12,2.76
44253.17,2.76
44253.21,2.76
44253.25,2.76
44253.29,2.76
44253.33,2.76
44253.38,2.76
44253.42,2.76
44253.46,2.76
44253.5,2.76
44253.54,2.76
44253.58,2.76
44253.62,2.76
44253.67,2.76
44253.71,2.76
44253.75,2.76
44253.79,2.76
44253.83,2.76
44253.88,2.76
44253.92,2.76
44253.96,2.76
44254,2.76
44254.04,2.76
44254.08,2.76
44254.12,2.76
44254.17,2.76
44254.21,2.76
44254.25,2.76
44254.29,2.76
44254.33,2.76
44254.38,2.76
44254.42,2.76
44254.46,2.76
44254.5,2.76
44254.54,2.76
44254.58,2.76
44254.62,2.76
44254.67,2.76
44254.71,2.76
44254.75,2.76
44254.79,2.76
44254.83,2.76
44254.88,2.76
44254.92,2.76
44254.96,2.76
44255,2.76
44255.04,2.76
44255.08,2.76
44255.12,2.76
44255.17,2.76
44255.21,2.76
44255.25,2.76
44255.29,2.76
44255.33,2.76
44255.38,2.76
44255.42,2.76
44255.46,2.76
44255.5,2.76
44255.54,2.76
44255.58,2.76
44255.62,2.76
44255.67,2.76
44255.71,2.76
44255.75,2.76
44255.79,2.76
44255.83,2.76
44255.88,2.76
44255.92,2.76
44255.96,2.76
44256,2.65
44256.04,2.65
44256.08,2.65
44256.12,2.65
44256.17,2.65
44256.21,2.65
44256.25,2.65
44256.29,2.65
44256.33,2.65
44256.38,2.65
44256.42,2.65
44256.46,2.65
44256.5,2.65
44256.54,2.65
44256.58,2.65
44256.62,2.65
44256.67,2.65
44256.71,2.65
44256.75,2.65
44256.79,2.65
44256.83,2.65
44256.88,2.65
44256.92,2.65
44256.96,2.65
44257,2.65
44257.04,2.65
44257.08,2.65
44257.12,2.65
44257.17,2.65
44257.21,2.65
44257.25,2.65
44257.29,2.65
44257.33,2.65
44257.38,2.65
44257.42,2.65
44257.46,2.65
44257.5,2.65
44257.54,2.65
44257.58,2.65
44257.62,2.65
44257.67,2.65
44257.71,2.65
44257.75,2.65
44257.79,2.65
44257.83,2.65
44257.88,2.65
44257.92,2.65
44257.96,2.65
44258,2.65
44258.04,2.65
44258.08,2.65
44258.12,2.65
44258.17,2.65
44258.21,2.65
44258.25,2.65
44258.29,2.65
44258.33,2.65
44258.38,2.65
44258.42,2.65
44258.46,2.65
44258.5,2.65
44258.54,2.65
44258.58,2.65
44258.62,2.65
44258.67,2.65
44258.71,2.65
44258.75,2.65
44258.79,2.65
44258.83,2.65
44258.88,2.65
44258.92,2.65
44258.96,2.65
44259,2.65
44259.04,2.65
44259.08,2.65
44259.12,2.65
44259.17,2.65
44259.21,2.65
44259.25,2.65
44259.29,2.65
44259.33,2.65
44259.38,2.65
44259.42,2.65
44259.46,2.65
44259.5,2.65
44259.54,2.65
44259.58,2.65
44259.62,2.65
44259.67,2.65
44259.71,2.65
44259.75,2.65
44259.79,2.65
44259.83,2.65
44259.88,2.65
44259.92,2.65
44259.96,2.65
44260,2.65
44260.04,2.65
44260.08,2.65
44260.12,2.65
44260.17,2.65
44260.21,2.65
44260.25,2.65
44260.29,2.65
44260.33,2.65
44260.38,2.65
44260.42,2.65
44260.46,2.65
44260.5,2.65
44260.54,2.65
44260.58,2.65
44260.62,2.65
44260.67,2.65
44260.71,2.65
44260.75,2.65
44260.79,2.65
44260.83,2.65
44260.88,2.65
44260.92,2.65
44260.96,2.65
44261,2.65
44261.04,2.65
44261.08,2.65
44261.12,2.65
44261.17,2.65
44261.21,2.65
44261.25,2.65
44261.29,2.65
44261.33,2.65
44261.38,2.65
44261.42,2.65
44261.46,2.65
44261.5,2.65
44261.54,2.65
44261.58,2.65
44261.62,2.65
44261.67,2.65
44261.71,2.65
44261.75,2.65
44261.79,2.65
44261.83,2.65
44261.88,2.65
44261.92,2.65
44261.96,2.65
44262,2.65
44262.04,2.65
44262.08,2.65
44262.12,2.65
44262.17,2.65
44262.21,2.65
44262.25,2.65
44262.29,2.65
44262.33,2.65
44262.38,2.65
44262.42,2.65
44262.46,2.65
44262.5,2.65
44262.54,2.65
44262.58,2.65
44262.62,2.65
44262.67,2.65
44262.71,2.65
44262.75,2.65
44262.79,2.65
44262.83,2.65
44262.88,2.65
44262.92,2.65
44262.96,2.65
44263,2.65
44263.04,2.65
44263.08,2.65
44263.12,2.65
44263.17,2.65
44263.21,2.65
44263.25,2.65
44263.29,2.65
44263.33,2.65
44263.38,2.65
44263.42,2.65
44263.46,2.65
44263.5,2.65
44263.54,2.65
44263.58,2.65
44263.62,2.65
44263.67,2.65
44263.71,2.65
44263.75,2.65
44263.79,2.65
44263.83,2.65
44263.88,2.65
44263.92,2.65
44263.96,2.65
44264,2.65
44264.04,2.65
44264.08,2.65
44264.12,2.65
44264.17,2.65
44264.21,2.65
44264.25,2.65
44264.29,2.65
44264.33,2.65
44264.38,2.65
44264.42,2.65
44264.46,2.65
44264.5,2.65
44264.54,2.65
44264.58,2.65
44264.62,2.65
44264.67,2.65
44264.71,2.65
44264.75,2.65
44264.79,2.65
44264.83,2.65
44264.88,2.65
44264.92,2.65
44264.96,2.65
44265,2.65
44265.04,2.65
44265.08,2.65
44265.12,2.65
44265.17,2.65
44265.21,2.65
44265.25,2.65
44265.29,2.65
44265.33,2.65
44265.38,2.65
44265.42,2.65
44265.46,2.65
44265.5,2.65
44265.54,2.65
44265.58,2.65
44265.62,2.65
44265.67,2.65
44265.71,2.65
44265.75,2.65
44265.79,2.65
44265.83,2.65
44265.88,2.65
44265.92,2.65
44265.96,2.65
44266,2.65
44266.04,2.65
44266.08,2.65
44266.12,2.65
44266.17,2.65
44266.21,2.65
44266.25,2.65
44266.29,2.65
44266.33,2.65
44266.38,2.65
44266.42,2.65
44266.46,2.65
44266.5,2.65
44266.54,2.65
44266.58,2.65
44266.62,2.65
44266.67,2.65
44266.71,2.65
44266.75,2.65
44266.79,2.65
44266.83,2.65
44266.88,2.65
44266.92,2.65
44266.96,2.65
44267,2.65
44267.04,2.65
44267.08,2.65
44267.12,2.65
44267.17,2.65
44267.21,2.65
44267.25,2.65
44267.29,2.65
44267.33,2.65
44267.38,2.65
44267.42,2.65
44267.46,2.65
44267.5,2.65
44267.54,2.65
44267.58,2.65
44267.62,2.65
44267.67,2.65
44267.71,2.65
44267.75,2.65
44267.79,2.65
44267.83,2.65
44267.88,2.65
44267.92,2.65
44267.96,2.65
44268,2.65
44268.04,2.65
44268.08,2.65
44268.12,2.65
44268.17,2.65
44268.21,2.65
44268.25,2.65
44268.29,2.65
44268.33,2.65
44268.38,2.65
44268.42,2.65
44268.46,2.65
44268.5,2.65
44268.54,2.65
44268.58,2.65
44268.62,2.65
44268.67,2.65
44268.71,2.65
44268.75,2.65
44268.79,2.65
44268.83,2.65
44268.88,2.65
44268.92,2.65
44268.96,2.65
44269,2.65
44269.04,2.65
44269.08,2.65
44269.12,2.65
44269.17,2.65
44269.21,2.65
44269.25,2.65
44269.29,2.65
44269.33,2.65
44269.38,2.65
44269.42,2.65
44269.46,2.65
44269.5,2.65
44269.54,2.65
44269.58,2.65
44269.62,2.65
44269.67,2.65
44269.71,2.65
44269.75,2.65
44269.79,2.65
44269.83,2.65
44269.88,2.65
44269.92,2.65
44269.96,2.65
44270,2.65
44270.04,2.65
44270.08,2.65
44270.12,2.65
44270.17,2.65
44270.21,2.65
44270.25,2.65
44270.29,2.65
44270.33,2.65
44270.38,2.65
44270.42,2.65
44270.46,2.65
44270.5,2.65
44270.54,2.65
44270.58,2.65
44270.62,2.65
44270.67,2.65
44270.71,2.65
44270.75,2.65
44270.79,2.65
44270.83,2.65
44270.88,2.65
44270.92,2.65
44270.96,2.65
44271,2.65
44271.04,2.65
44271.08,2.65
44271.12,2.65
44271.17,2.65
44271.21,2.65
44271.25,2.65
44271.29,2.65
44271.33,2.65
44271.38,2.65
44271.42,2.65
44271.46,2.65
44271.5,2.65
44271.54,2.65
44271.58,2.65
44271.62,2.65
44271.67,2.65
44271.71,2.65
44271.75,2.65
44271.79,2.65
44271.83,2.65
44271.88,2.65
44271.92,2.65
44271.96,2.65
44272,2.65
44272.04,2.65
44272.08,2.65
44272.12,2.65
44272.17,2.65
44272.21,2.65
44272.25,2.65
44272.29,2.65
44272.33,2.65
44272.38,2.65
44272.42,2.65
44272.46,2.65
44272.5,2.65
44272.54,2.65
44272.58,2.65
44272.62,2.65
44272.67,2.65
44272.71,2.65
44272.75,2.65
44272.79,2.65
44272.83,2.65
44272.88,2.65
44272.92,2.65
44272.96,2.65
44273,2.65
44273.04,2.65
44273.08,2.65
44273.12,2.65
44273.17,2.65
44273.21,2.65
44273.25,2.65
44273.29,2.65
44273.33,2.65
44273.38,2.65
44273.42,2.65
44273.46,2.65
44273.5,2.65
44273.54,2.65
44273.58,2.65
44273.62,2.65
44273.67,2.65
44273.71,2.65
44273.75,2.65
44273.79,2.65
44273.83,2.65
44273.88,2.65
44273.92,2.65
44273.96,2.65
44274,2.65
44274.04,2.65
44274.08,2.65
44274.12,2.65
44274.17,2.65
44274.21,2.65
44274.25,2.65
44274.29,2.65
44274.33,2.65
44274.38,2.65
44274.42,2.65
44274.46,2.65
44274.5,2.65
44274.54,2.65
44274.58,2.65
44274.62,2.65
44274.67,2.65
44274.71,2.65
44274.75,2.65
44274.79,2.65
44274.83,2.65
44274.88,2.65
44274.92,2.65
44274.96,2.65
44275,2.65
44275.04,2.65
44275.08,2.65
44275.12,2.65
44275.17,2.65
44275.21,2.65
44275.25,2.65
44275.29,2.65
44275.33,2.65
44275.38,2.65
44275.42,2.65
44275.46,2.65
44275.5,2.65
44275.54,2.65
44275.58,2.65
44275.62,2.65
44275.67,2.65
44275.71,2.65
44275.75,2.65
44275.79,2.65
44275.83,2.65
44275.88,2.65
44275.92,2.65
44275.96,2.65
44276,2.65
44276.04,2.65
44276.08,2.65
44276.12,2.65
44276.17,2.65
44276.21,2.65
44276.25,2.65
44276.29,2.65
44276.33,2.65
44276.38,2.65
44276.42,2.65
44276.46,2.65
44276.5,2.65
44276.54,2.65
44276.58,2.65
44276.62,2.65
44276.67,2.65
44276.71,2.65
44276.75,2.65
44276.79,2.65
44276.83,2.65
44276.88,2.65
44276.92,2.65
44276.96,2.65
44277,2.65
44277.04,2.65
44277.08,2.65
44277.12,2.65
44277.17,2.65
44277.21,2.65
44277.25,2.65
44277.29,2.65
44277.33,2.65
44277.38,2.65
44277.42,2.65
44277.46,2.65
44277.5,2.65
44277.54,2.65
44277.58,2.65
44277.62,2.65
44277.67,2.65
44277.71,2.65
44277.75,2.65
44277.79,2.65
44277.83,2.65
44277.88,2.65
44277.92,2.65
44277.96,2.65
44278,2.65
44278.04,2.65
44278.08,2.65
44278.12,2.65
44278.17,2.65
44278.21,2.65
44278.25,2.65
44278.29,2.65
44278.33,2.65
44278.38,2.65
44278.42,2.65
44278.46,2.65
44278.5,2.65
44278.54,2.65
44278.58,2.65
44278.62,2.65
44278.67,2.65
44278.71,2.65
44278.75,2.65
44278.79,2.65
44278.83,2.65
44278.88,2.65
44278.92,2.65
44278.96,2.65
44279,2.65
44279.04,2.65
44279.08,2.65
44279.12,2.65
44279.17,2.65
44279.21,2.65
44279.25,2.65
44279.29,2.65
44279.33,2.65
44279.38,2.65
44279.42,2.65
44279.46,2.65
44279.5,2.65
44279.54,2.65
44279.58,2.65
44279.62,2.65
44279.67,2.65
44279.71,2.65
44279.75,2.65
44279.79,2.65
44279.83,2.65
44279.88,2.65
44279.92,2.65
44279.96,2.65
44280,2.65
44280.04,2.65
44280.08,2.65
44280.12,2.65
44280.17,2.65
44280.21,2.65
44280.25,2.65
44280.29,2.65
44280.33,2.65
44280.38,2.65
44280.42,2.65
44280.46,2.65
44280.5,2.65
44280.54,2.65
44280.58,2.65
44280.62,2.65
44280.67,2.65
44280.71,2.65
44280.75,2.65
44280.79,2.65
44280.83,2.65
44280.88,2.65
44280.92,2.65
44280.96,2.65
44281,2.65
44281.04,2.65
44281.08,2.65
44281.12,2.65
44281.17,2.65
44281.21,2.65
44281.25,2.65
44281.29,2.65
44281.33,2.65
44281.38,2.65
44281.42,2.65
44281.46,2.65
44281.5,2.65
44281.54,2.65
44281.58,2.65
44281.62,2.65
44281.67,2.65
44281.71,2.65
44281.75,2.65
44281.79,2.65
44281.83,2.65
44281.88,2.65
44281.92,2.65
44281.96,2.65
44282,2.65
44282.04,2.65
44282.08,2.65
44282.12,2.65
44282.17,2.65
44282.21,2.65
44282.25,2.65
44282.29,2.65
44282.33,2.65
44282.38,2.65
44282.42,2.65
44282.46,2.65
44282.5,2.65
44282.54,2.65
44282.58,2.65
44282.62,2.65
44282.67,2.65
44282.71,2.65
44282.75,2.65
44282.79,2.65
44282.83,2.65
44282.88,2.65
44282.92,2.65
44282.96,2.65
44283,2.65
44283.04,2.65
44283.08,2.65
44283.12,2.65
44283.17,2.65
44283.21,2.65
44283.25,2.65
44283.29,2.65
44283.33,2.65
44283.38,2.65
44283.42,2.65
44283.46,2.65
44283.5,2.65
44283.54,2.65
44283.58,2.65
44283.62,2.65
44283.67,2.65
44283.71,2.65
44283.75,2.65
44283.79,2.65
44283.83,2.65
44283.88,2.65
44283.92,2.65
44283.96,2.65
44284,2.65
44284.04,2.65
44284.08,2.65
44284.12,2.65
44284.17,2.65
44284.21,2.65
44284.25,2.65
44284.29,2.65
44284.33,2.65
44284.38,2.65
44284.42,2.65
44284.46,2.65
44284.5,2.65
44284.54,2.65
44284.58,2.65
44284.62,2.65
44284.67,2.65
44284.71,2.65
44284.75,2.65
44284.79,2.65
44284.83,2.65
44284.88,2.65
44284.92,2.65
44284.96,2.65
44285,2.65
44285.04,2.65
44285.08,2.65
44285.12,2.65
44285.17,2.65
44285.21,2.65
44285.25,2.65
44285.29,2.65
44285.33,2.65
44285.38,2.65
44285.42,2.65
44285.46,2.65
44285.5,2.65
44285.54,2.65
44285.58,2.65
44285.62,2.65
44285.67,2.65
44285.71,2.65
44285.75,2.65
44285.79,2.65
44285.83,2.65
44285.88,2.65
44285.92,2.65
44285.96,2.65
44286,2.65
44286.04,2.65
44286.08,2.65
44286.12,2.65
44286.17,2.65
44286.21,2.65
44286.25,2.65
44286.29,2.65
44286.33,2.65
44286.38,2.65
44286.42,2.65
44286.46,2.65
44286.5,2.65
44286.54,2.65
44286.58,2.65
44286.62,2.65
44286.67,2.65
44286.71,2.65
44286.75,2.65
44286.79,2.65
44286.83,2.65
44286.88,2.65
44286.92,2.65
44286.96,2.65
44287,2.65
44287.04,2.65
44287.08,2.65
44287.12,2.65
44287.17,2.65
44287.21,2.65
44287.25,2.65
44287.29,2.65
44287.33,2.65
44287.38,2.65
44287.42,2.65
44287.46,2.65
44287.5,2.65
44287.54,2.65
44287.58,2.65
44287.62,2.65
44287.67,2.65
44287.71,2.65
44287.75,2.65
44287.79,2.65
44287.83,2.65
44287.88,2.65
44287.92,2.65
44287.96,2.65
44288,2.65
44288.04,2.65
44288.08,2.65
44288.12,2.65
44288.17,2.65
44288.21,2.65
44288.25,2.65
44288.29,2.65
44288.33,2.65
44288.38,2.65
44288.42,2.65
44288.46,2.65
44288.5,2.65
44288.54,2.65
44288.58,2.65
44288.62,2.65
44288.67,2.65
44288.71,2.65
44288.75,2.65
44288.79,2.65
44288.83,2.65
44288.88,2.65
44288.92,2.65
44288.96,2.65
44289,2.65
44289.04,2.65
44289.08,2.65
44289.12,2.65
44289.17,2.65
44289.21,2.65
44289.25,2.65
44289.29,2.65
44289.33,2.65
44289.38,2.65
44289.42,2.65
44289.46,2.65
44289.5,2.65
44289.54,2.65
44289.58,2.65
44289.62,2.65
44289.67,2.65
44289.71,2.65
44289.75,2.65
44289.79,2.65
44289.83,2.65
44289.88,2.65
44289.92,2.65
44289.96,2.65
44290,2.65
44290.04,2.65
44290.08,2.65
44290.12,2.65
44290.17,2.65
44290.21,2.65
44290.25,2.65
44290.29,2.65
44290.33,2.65
44290.38,2.65
44290.42,2.65
44290.46,2.65
44290.5,2.65
44290.54,2.65
44290.58,2.65
44290.62,2.65
44290.67,2.65
44290.71,2.65
44290.75,2.65
44290.79,2.65
44290.83,2.65
44290.88,2.65
44290.92,2.65
44290.96,2.65
44291,2.65
44291.04,2.65
44291.08,2.65
44291.12,2.65
44291.17,2.65
44291.21,2.65
44291.25,2.65
44291.29,2.65
44291.33,2.65
44291.38,2.65
44291.42,2.65
44291.46,2.65
44291.5,2.65
44291.54,2.65
44291.58,2.65
44291.62,2.65
44291.67,2.65
44291.71,2.65
44291.75,2.65
44291.79,2.65
44291.83,2.65
44291.88,2.65
44291.92,2.65
44291.96,2.65
44292,2.65
44292.04,2.65
44292.08,2.65
44292.12,2.65
44292.17,2.65
44292.21,2.65
44292.25,2.65
44292.29,2.65
44292.33,2.65
44292.38,2.65
44292.42,2.65
44292.46,2.65
44292.5,2.65
44292.54,2.65
44292.58,2.65
44292.62,2.65
44292.67,2.65
44292.71,2.65
44292.75,2.65
44292.79,2.65
44292.83,2.65
44292.88,2.65
44292.92,2.65
44292.96,2.65
44293,2.65
44293.04,2.65
44293.08,2.65
44293.12,2.65
44293.17,2.65
44293.21,2.65
44293.25,2.65
44293.29,2.65
44293.33,2.65
44293.38,2.65
44293.42,2.65
44293.46,2.65
44293.5,2.65
44293.54,2.65
44293.58,2.65
44293.62,2.65
44293.67,2.65
44293.71,2.65
44293.75,2.65
44293.79,2.65
44293.83,2.65
44293.88,2.65
44293.92,2.65
44293.96,2.65
44294,2.65
44294.04,2.65
44294.08,2.65
44294.12,2.65
44294.17,2.65
44294.21,2.65
44294.25,2.65
44294.29,2.65
44294.33,2.65
44294.38,2.65
44294.42,2.65
44294.46,2.65
44294.5,2.65
44294.54,2.65
44294.58,2.65
44294.62,2.65
44294.67,2.65
44294.71,2.65
44294.75,2.65
44294.79,2.65
44294.83,2.65
44294.88,2.65
44294.92,2.65
44294.96,2.65
44295,2.65
44295.04,2.65
44295.08,2.65
44295.12,2.65
44295.17,2.65
44295.21,2.65
44295.25,2.65
44295.29,2.65
44295.33,2.65
44295.38,2.65
44295.42,2.65
44295.46,2.65
44295.5,2.65
44295.54,2.65
44295.58,2.65
44295.62,2.65
44295.67,2.65
44295.71,2.65
44295.75,2.65
44295.79,2.65
44295.83,2.65
44295.88,2.65
44295.92,2.65
44295.96,2.65
44296,2.65
44296.04,2.65
44296.08,2.65
44296.12,2.65
44296.17,2.65
44296.21,2.65
44296.25,2.65
44296.29,2.65
44296.33,2.65
44296.38,2.65
44296.42,2.65
44296.46,2.65
44296.5,2.65
44296.54,2.65
44296.58,2.65
44296.62,2.65
44296.67,2.65
44296.71,2.65
44296.75,2.65
44296.79,2.65
44296.83,2.65
44296.88,2.65
44296.92,2.65
44296.96,2.65
44297,2.65
44297.04,2.65
44297.08,2.65
44297.12,2.65
44297.17,2.65
44297.21,2.65
44297.25,2.65
44297.29,2.65
44297.33,2.65
44297.38,2.65
44297.42,2.65
44297.46,2.65
44297.5,2.65
44297.54,2.65
44297.58,2.65
44297.62,2.65
44297.67,2.65
44297.71,2.65
44297.75,2.65
44297.79,2.65
44297.83,2.65
44297.88,2.65
44297.92,2.65
44297.96,2.65
44298,2.65
44298.04,2.65
44298.08,2.65
44298.12,2.65
44298.17,2.65
44298.21,2.65
44298.25,2.65
44298.29,2.65
44298.33,2.65
44298.38,2.65
44298.42,2.65
44298.46,2.65
44298.5,2.65
44298.54,2.65
44298.58,2.65
44298.62,2.65
44298.67,2.65
44298.71,2.65
44298.75,2.65
44298.79,2.65
44298.83,2.65
44298.88,2.65
44298.92,2.65
44298.96,2.65
44299,2.65
44299.04,2.65
44299.08,2.65
44299.12,2.65
44299.17,2.65
44299.21,2.65
44299.25,2.65
44299.29,2.65
44299.33,2.65
44299.38,2.65
44299.42,2.65
44299.46,2.65
44299.5,2.65
44299.54,2.65
44299.58,2.65
44299.62,2.65
44299.67,2.65
44299.71,2.65
44299.75,2.65
44299.79,2.65
44299.83,2.65
44299.88,2.65
44299.92,2.65
44299.96,2.65
44300,2.65
44300.04,2.65
44300.08,2.65
44300.12,2.65
44300.17,2.65
44300.21,2.65
44300.25,2.65
44300.29,2.65
44300.33,2.65
44300.38,2.65
44300.42,2.65
44300.46,2.65
44300.5,2.65
44300.54,2.65
44300.58,2.65
44300.62,2.65
44300.67,2.65
44300.71,2.65
44300.75,2.65
44300.79,2.65
44300.83,2.65
44300.88,2.65
44300.92,2.65
44300.96,2.65
44301,2.65
44301.04,2.65
44301.08,2.65
44301.12,2.65
44301.17,2.65
44301.21,2.65
44301.25,2.65
44301.29,2.65
44301.33,2.65
44301.38,2.65
44301.42,2.65
44301.46,2.65
44301.5,2.65
44301.54,2.65
44301.58,2.65
44301.62,2.65
44301.67,2.65
44301.71,2.65
44301.75,2.65
44301.79,2.65
44301.83,2.65
44301.88,2.65
44301.92,2.65
44301.96,2.65
44302,2.65
44302.04,2.65
44302.08,2.65
44302.12,2.65
44302.17,2.65
44302.21,2.65
44302.25,2.65
44302.29,2.65
44302.33,2.65
44302.38,2.65
44302.42,2.65
44302.46,2.65
44302.5,2.65
44302.54,2.65
44302.58,2.65
44302.62,2.65
44302.67,2.65
44302.71,2.65
44302.75,2.65
44302.79,2.65
44302.83,2.65
44302.88,2.65
44302.92,2.65
44302.96,2.65
44303,2.65
44303.04,2.65
44303.08,2.65
44303.12,2.65
44303.17,2.65
44303.21,2.65
44303.25,2.65
44303.29,2.65
44303.33,2.65
44303.38,2.65
44303.42,2.65
44303.46,2.65
44303.5,2.65
44303.54,2.65
44303.58,2.65
44303.62,2.65
44303.67,2.65
44303.71,2.65
44303.75,2.65
44303.79,2.65
44303.83,2.65
44303.88,2.65
44303.92,2.65
44303.96,2.65
44304,2.65
44304.04,2.65
44304.08,2.65
44304.12,2.65
44304.17,2.65
44304.21,2.65
44304.25,2.65
44304.29,2.65
44304.33,2.65
44304.38,2.65
44304.42,2.65
44304.46,2.65
44304.5,2.65
44304.54,2.65
44304.58,2.65
44304.62,2.65
44304.67,2.65
44304.71,2.65
44304.75,2.65
44304.79,2.65
44304.83,2.65
44304.88,2.65
44304.92,2.65
44304.96,2.65
44305,2.65
44305.04,2.65
44305.08,2.65
44305.12,2.65
44305.17,2.65
44305.21,2.65
44305.25,2.65
44305.29,2.65
44305.33,2.65
44305.38,2.65
44305.42,2.65
44305.46,2.65
44305.5,2.65
44305.54,2.65
44305.58,2.65
44305.62,2.65
44305.67,2.65
44305.71,2.65
44305.75,2.65
44305.79,2.65
44305.83,2.65
44305.88,2.65
44305.92,2.65
44305.96,2.65
44306,2.65
44306.04,2.65
44306.08,2.65
44306.12,2.65
44306.17,2.65
44306.21,2.65
44306.25,2.65
44306.29,2.65
44306.33,2.65
44306.38,2.65
44306.42,2.65
44306.46,2.65
44306.5,2.65
44306.54,2.65
44306.58,2.65
44306.62,2.65
44306.67,2.65
44306.71,2.65
44306.75,2.65
44306.79,2.65
44306.83,2.65
44306.88,2.65
44306.92,2.65
44306.96,2.65
44307,2.65
44307.04,2.65
44307.08,2.65
44307.12,2.65
44307.17,2.65
44307.21,2.65
44307.25,2.65
44307.29,2.65
44307.33,2.65
44307.38,2.65
44307.42,2.65
44307.46,2.65
44307.5,2.65
44307.54,2.65
44307.58,2.65
44307.62,2.65
44307.67,2.65
44307.71,2.65
44307.75,2.65
44307.79,2.65
44307.83,2.65
44307.88,2.65
44307.92,2.65
44307.96,2.65
44308,2.65
44308.04,2.65
44308.08,2.65
44308.12,2.65
44308.17,2.65
44308.21,2.65
44308.25,2.65
44308.29,2.65
44308.33,2.65
44308.38,2.65
44308.42,2.65
44308.46,2.65
44308.5,2.65
44308.54,2.65
44308.58,2.65
44308.62,2.65
44308.67,2.65
44308.71,2.65
44308.75,2.65
44308.79,2.65
44308.83,2.65
44308.88,2.65
44308.92,2.65
44308.96,2.65
44309,2.65
44309.04,2.65
44309.08,2.65
44309.12,2.65
44309.17,2.65
44309.21,2.65
44309.25,2.65
44309.29,2.65
44309.33,2.65
44309.38,2.65
44309.42,2.65
44309.46,2.65
44309.5,2.65
44309.54,2.65
44309.58,2.65
44309.62,2.65
44309.67,2.65
44309.71,2.65
44309.75,2.65
44309.79,2.65
44309.83,2.65
44309.88,2.65
44309.92,2.65
44309.96,2.65
44310,2.65
44310.04,2.65
44310.08,2.65
44310.12,2.65
44310.17,2.65
44310.21,2.65
44310.25,2.65
44310.29,2.65
44310.33,2.65
44310.38,2.65
44310.42,2.65
44310.46,2.65
44310.5,2.65
44310.54,2.65
44310.58,2.65
44310.62,2.65
44310.67,2.65
44310.71,2.65
44310.75,2.65
44310.79,2.65
44310.83,2.65
44310.88,2.65
44310.92,2.65
44310.96,2.65
44311,2.65
44311.04,2.65
44311.08,2.65
44311.12,2.65
44311.17,2.65
44311.21,2.65
44311.25,2.65
44311.29,2.65
44311.33,2.65
44311.38,2.65
44311.42,2.65
44311.46,2.65
44311.5,2.65
44311.54,2.65
44311.58,2.65
44311.62,2.65
44311.67,2.65
44311.71,2.65
44311.75,2.65
44311.79,2.65
44311.83,2.65
44311.88,2.65
44311.92,2.65
44311.96,2.65
44312,2.65
44312.04,2.65
44312.08,2.65
44312.12,2.65
44312.17,2.65
44312.21,2.65
44312.25,2.65
44312.29,2.65
44312.33,2.65
44312.38,2.65
44312.42,2.65
44312.46,2.65
44312.5,2.65
44312.54,2.65
44312.58,2.65
44312.62,2.65
44312.67,2.65
44312.71,2.65
44312.75,2.65
44312.79,2.65
44312.83,2.65
44312.88,2.65
44312.92,2.65
44312.96,2.65
44313,2.65
44313.04,2.65
44313.08,2.65
44313.12,2.65
44313.17,2.65
44313.21,2.65
44313.25,2.65
44313.29,2.65
44313.33,2.65
44313.38,2.65
44313.42,2.65
44313.46,2.65
44313.5,2.65
44313.54,2.65
44313.58,2.65
44313.62,2.65
44313.67,2.65
44313.71,2.65
44313.75,2.65
44313.79,2.65
44313.83,2.65
44313.88,2.65
44313.92,2.65
44313.96,2.65
44314,2.65
44314.04,2.65
44314.08,2.65
44314.12,2.65
44314.17,2.65
44314.21,2.65
44314.25,2.65
44314.29,2.65
44314.33,2.65
44314.38,2.65
44314.42,2.65
44314.46,2.65
44314.5,2.65
44314.54,2.65
44314.58,2.65
44314.62,2.65
44314.67,2.65
44314.71,2.65
44314.75,2.65
44314.79,2.65
44314.83,2.65
44314.88,2.65
44314.92,2.65
44314.96,2.65
44315,2.65
44315.04,2.65
44315.08,2.65
44315.12,2.65
44315.17,2.65
44315.21,2.65
44315.25,2.65
44315.29,2.65
44315.33,2.65
44315.38,2.65
44315.42,2.65
44315.46,2.65
44315.5,2.65
44315.54,2.65
44315.58,2.65
44315.62,2.65
44315.67,2.65
44315.71,2.65
44315.75,2.65
44315.79,2.65
44315.83,2.65
44315.88,2.65
44315.92,2.65
44315.96,2.65
44316,2.65
44316.04,2.65
44316.08,2.65
44316.12,2.65
44316.17,2.65
44316.21,2.65
44316.25,2.65
44316.29,2.65
44316.33,2.65
44316.38,2.65
44316.42,2.65
44316.46,2.65
44316.5,2.65
44316.54,2.65
44316.58,2.65
44316.62,2.65
44316.67,2.65
44316.71,2.65
44316.75,2.65
44316.79,2.65
44316.83,2.65
44316.88,2.65
44316.92,2.65
44316.96,2.65
44317,3.8
44317.04,3.8
44317.08,3.8
44317.12,3.8
44317.17,3.8
44317.21,3.8
44317.25,3.8
44317.29,3.8
44317.33,3.8
44317.38,3.8
44317.42,3.8
44317.46,3.8
44317.5,3.8
44317.54,3.8
44317.58,3.8
44317.62,3.8
44317.67,3.8
44317.71,3.8
44317.75,3.8
44317.79,3.8
44317.83,3.8
44317.88,3.8
44317.92,3.8
44317.96,3.8
44318,3.8
44318.04,3.8
44318.08,3.8
44318.12,3.8
44318.17,3.8
44318.21,3.8
44318.25,3.8
44318.29,3.8
44318.33,3.8
44318.38,3.8
44318.42,3.8
44318.46,3.8
44318.5,3.8
44318.54,3.8
44318.58,3.8
44318.62,3.8
44318.67,3.8
44318.71,3.8
44318.75,3.8
44318.79,3.8
44318.83,3.8
44318.88,3.8
44318.92,3.8
44318.96,3.8
44319,3.8
44319.04,3.8
44319.08,3.8
44319.12,3.8
44319.17,3.8
44319.21,3.8
44319.25,3.8
44319.29,3.8
44319.33,3.8
44319.38,3.8
44319.42,3.8
44319.46,3.8
44319.5,3.8
44319.54,3.8
44319.58,3.8
44319.62,3.8
44319.67,3.8
44319.71,3.8
44319.75,3.8
44319.79,3.8
44319.83,3.8
44319.88,3.8
44319.92,3.8
44319.96,3.8
44320,3.8
44320.04,3.8
44320.08,3.8
44320.12,3.8
44320.17,3.8
44320.21,3.8
44320.25,3.8
44320.29,3.8
44320.33,3.8
44320.38,3.8
44320.42,3.8
44320.46,3.8
44320.5,3.8
44320.54,3.8
44320.58,3.8
44320.62,3.8
44320.67,3.8
44320.71,3.8
44320.75,3.8
44320.79,3.8
44320.83,3.8
44320.88,3.8
44320.92,3.8
44320.96,3.8
44321,3.8
44321.04,3.8
44321.08,3.8
44321.12,3.8
44321.17,3.8
44321.21,3.8
44321.25,3.8
44321.29,3.8
44321.33,3.8
44321.38,3.8
44321.42,3.8
44321.46,3.8
44321.5,3.8
44321.54,3.8
44321.58,3.8
44321.62,3.8
44321.67,3.8
44321.71,3.8
44321.75,3.8
44321.79,3.8
44321.83,3.8
44321.88,3.8
44321.92,3.8
44321.96,3.8
44322,3.8
44322.04,3.8
44322.08,3.8
44322.12,3.8
44322.17,3.8
44322.21,3.8
44322.25,3.8
44322.29,3.8
44322.33,3.8
44322.38,3.8
44322.42,3.8
44322.46,3.8
44322.5,3.8
44322.54,3.8
44322.58,3.8
44322.62,3.8
44322.67,3.8
44322.71,3.8
44322.75,3.8
44322.79,3.8
44322.83,3.8
44322.88,3.8
44322.92,3.8
44322.96,3.8
44323,3.8
44323.04,3.8
44323.08,3.8
44323.12,3.8
44323.17,3.8
44323.21,3.8
44323.25,3.8
44323.29,3.8
44323.33,3.8
44323.38,3.8
44323.42,3.8
44323.46,3.8
44323.5,3.8
44323.54,3.8
44323.58,3.8
44323.62,3.8
44323.67,3.8
44323.71,3.8
44323.75,3.8
44323.79,3.8
44323.83,3.8
44323.88,3.8
44323.92,3.8
44323.96,3.8
44324,3.8
44324.04,3.8
44324.08,3.8
44324.12,3.8
44324.17,3.8
44324.21,3.8
44324.25,3.8
44324.29,3.8
44324.33,3.8
44324.38,3.8
44324.42,3.8
44324.46,3.8
44324.5,3.8
44324.54,3.8
44324.58,3.8
44324.62,3.8
44324.67,3.8
44324.71,3.8
44324.75,3.8
44324.79,3.8
44324.83,3.8
44324.88,3.8
44324.92,3.8
44324.96,3.8
44325,3.8
44325.04,3.8
44325.08,3.8
44325.12,3.8
44325.17,3.8
44325.21,3.8
44325.25,3.8
44325.29,3.8
44325.33,3.8
44325.38,3.8
44325.42,3.8
44325.46,3.8
44325.5,3.8
44325.54,3.8
44325.58,3.8
44325.62,3.8
44325.67,3.8
44325.71,3.8
44325.75,3.8
44325.79,3.8
44325.83,3.8
44325.88,3.8
44325.92,3.8
44325.96,3.8
44326,3.8
44326.04,3.8
44326.08,3.8
44326.12,3.8
44326.17,3.8
44326.21,3.8
44326.25,3.8
44326.29,3.8
44326.33,3.8
44326.38,3.8
44326.42,3.8
44326.46,3.8
44326.5,3.8
44326.54,3.8
44326.58,3.8
44326.62,3.8
44326.67,3.8
44326.71,3.8
44326.75,3.8
44326.79,3.8
44326.83,3.8
44326.88,3.8
44326.92,3.8
44326.96,3.8
44327,3.8
44327.04,3.8
44327.08,3.8
44327.12,3.8
44327.17,3.8
44327.21,3.8
44327.25,3.8
44327.29,3.8
44327.33,3.8
44327.38,3.8
44327.42,3.8
44327.46,3.8
44327.5,3.8
44327.54,3.8
44327.58,3.8
44327.62,3.8
44327.67,3.8
44327.71,3.8
44327.75,3.8
44327.79,3.8
44327.83,3.8
44327.88,3.8
44327.92,3.8
44327.96,3.8
44328,3.8
44328.04,3.8
44328.08,3.8
44328.12,3.8
44328.17,3.8
44328.21,3.8
44328.25,3.8
44328.29,3.8
44328.33,3.8
44328.38,3.8
44328.42,3.8
44328.46,3.8
44328.5,3.8
44328.54,3.8
44328.58,3.8
44328.62,3.8
44328.67,3.8
44328.71,3.8
44328.75,3.8
44328.79,3.8
44328.83,3.8
44328.88,3.8
44328.92,3.8
44328.96,3.8
44329,3.8
44329.04,3.8
44329.08,3.8
44329.12,3.8
44329.17,3.8
44329.21,3.8
44329.25,3.8
44329.29,3.8
44329.33,3.8
44329.38,3.8
44329.42,3.8
44329.46,3.8
44329.5,3.8
44329.54,3.8
44329.58,3.8
44329.62,3.8
44329.67,3.8
44329.71,3.8
44329.75,3.8
44329.79,3.8
44329.83,3.8
44329.88,3.8
44329.92,3.8
44329.96,3.8
44330,3.8
44330.04,3.8
44330.08,3.8
44330.12,3.8
44330.17,3.8
44330.21,3.8
44330.25,3.8
44330.29,3.8
44330.33,3.8
44330.38,3.8
44330.42,3.8
44330.46,3.8
44330.5,3.8
44330.54,3.8
44330.58,3.8
44330.62,3.8
44330.67,3.8
44330.71,3.8
44330.75,3.8
44330.79,3.8
44330.83,3.8
44330.88,3.8
44330.92,3.8
44330.96,3.8
44331,3.8
44331.04,3.8
44331.08,3.8
44331.12,3.8
44331.17,3.8
44331.21,3.8
44331.25,3.8
44331.29,3.8
44331.33,3.8
44331.38,3.8
44331.42,3.8
44331.46,3.8
44331.5,3.8
44331.54,3.8
44331.58,3.8
44331.62,3.8
44331.67,3.8
44331.71,3.8
44331.75,3.8
44331.79,3.8
44331.83,3.8
44331.88,3.8
44331.92,3.8
44331.96,3.8
44332,3.8
44332.04,3.8
44332.08,3.8
44332.12,3.8
44332.17,3.8
44332.21,3.8
44332.25,3.8
44332.29,3.8
44332.33,3.8
44332.38,3.8
44332.42,3.8
44332.46,3.8
44332.5,3.8
44332.54,3.8
44332.58,3.8
44332.62,3.8
44332.67,3.8
44332.71,3.8
44332.75,3.8
44332.79,3.8
44332.83,3.8
44332.88,3.8
44332.92,3.8
44332.96,3.8
44333,3.8
44333.04,3.8
44333.08,3.8
44333.12,3.8
44333.17,3.8
44333.21,3.8
44333.25,3.8
44333.29,3.8
44333.33,3.8
44333.38,3.8
44333.42,3.8
44333.46,3.8
44333.5,3.8
44333.54,3.8
44333.58,3.8
44333.62,3.8
44333.67,3.8
44333.71,3.8
44333.75,3.8
44333.79,3.8
44333.83,3.8
44333.88,3.8
44333.92,3.8
44333.96,3.8
44334,3.8
44334.04,3.8
44334.08,3.8
44334.12,3.8
44334.17,3.8
44334.21,3.8
44334.25,3.8
44334.29,3.8
44334.33,3.8
44334.38,3.8
44334.42,3.8
44334.46,3.8
44334.5,3.8
44334.54,3.8
44334.58,3.8
44334.62,3.8
44334.67,3.8
44334.71,3.8
44334.75,3.8
44334.79,3.8
44334.83,3.8
44334.88,3.8
44334.92,3.8
44334.96,3.8
44335,3.8
44335.04,3.8
44335.08,3.8
44335.12,3.8
44335.17,3.8
44335.21,3.8
44335.25,3.8
44335.29,3.8
44335.33,3.8
44335.38,3.8
44335.42,3.8
44335.46,3.8
44335.5,3.8
44335.54,3.8
44335.58,3.8
44335.62,3.8
44335.67,3.8
44335.71,3.8
44335.75,3.8
44335.79,3.8
44335.83,3.8
44335.88,3.8
44335.92,3.8
44335.96,3.8
44336,3.8
44336.04,3.8
44336.08,3.8
44336.12,3.8
44336.17,3.8
44336.21,3.8
44336.25,3.8
44336.29,3.8
44336.33,3.8
44336.38,3.8
44336.42,3.8
44336.46,3.8
44336.5,3.8
44336.54,3.8
44336.58,3.8
44336.62,3.8
44336.67,3.8
44336.71,3.8
44336.75,3.8
44336.79,3.8
44336.83,3.8
44336.88,3.8
44336.92,3.8
44336.96,3.8
44337,3.8
44337.04,3.8
44337.08,3.8
44337.12,3.8
44337.17,3.8
44337.21,3.8
44337.25,3.8
44337.29,3.8
44337.33,3.8
44337.38,3.8
44337.42,3.8
44337.46,3.8
44337.5,3.8
44337.54,3.8
44337.58,3.8
44337.62,3.8
44337.67,3.8
44337.71,3.8
44337.75,3.8
44337.79,3.8
44337.83,3.8
44337.88,3.8
44337.92,3.8
44337.96,3.8
44338,3.8
44338.04,3.8
44338.08,3.8
44338.12,3.8
44338.17,3.8
44338.21,3.8
44338.25,3.8
44338.29,3.8
44338.33,3.8
44338.38,3.8
44338.42,3.8
44338.46,3.8
44338.5,3.8
44338.54,3.8
44338.58,3.8
44338.62,3.8
44338.67,3.8
44338.71,3.8
44338.75,3.8
44338.79,3.8
44338.83,3.8
44338.88,3.8
44338.92,3.8
44338.96,3.8
44339,3.8
44339.04,3.8
44339.08,3.8
44339.12,3.8
44339.17,3.8
44339.21,3.8
44339.25,3.8
44339.29,3.8
44339.33,3.8
44339.38,3.8
44339.42,3.8
44339.46,3.8
44339.5,3.8
44339.54,3.8
44339.58,3.8
44339.62,3.8
44339.67,3.8
44339.71,3.8
44339.75,3.8
44339.79,3.8
44339.83,3.8
44339.88,3.8
44339.92,3.8
44339.96,3.8
44340,3.8
44340.04,3.8
44340.08,3.8
44340.12,3.8
44340.17,3.8
44340.21,3.8
44340.25,3.8
44340.29,3.8
44340.33,3.8
44340.38,3.8
44340.42,3.8
44340.46,3.8
44340.5,3.8
44340.54,3.8
44340.58,3.8
44340.62,3.8
44340.67,3.8
44340.71,3.8
44340.75,3.8
44340.79,3.8
44340.83,3.8
44340.88,3.8
44340.92,3.8
44340.96,3.8
44341,3.8
44341.04,3.8
44341.08,3.8
44341.12,3.8
44341.17,3.8
44341.21,3.8
44341.25,3.8
44341.29,3.8
44341.33,3.8
44341.38,3.8
44341.42,3.8
44341.46,3.8
44341.5,3.8
44341.54,3.8
44341.58,3.8
44341.62,3.8
44341.67,3.8
44341.71,3.8
44341.75,3.8
44341.79,3.8
44341.83,3.8
44341.88,3.8
44341.92,3.8
44341.96,3.8
44342,3.8
44342.04,3.8
44342.08,3.8
44342.12,3.8
44342.17,3.8
44342.21,3.8
44342.25,3.8
44342.29,3.8
44342.33,3.8
44342.38,3.8
44342.42,3.8
44342.46,3.8
44342.5,3.8
44342.54,3.8
44342.58,3.8
44342.62,3.8
44342.67,3.8
44342.71,3.8
44342.75,3.8
44342.79,3.8
44342.83,3.8
44342.88,3.8
44342.92,3.8
44342.96,3.8
44343,3.8
44343.04,3.8
44343.08,3.8
44343.12,3.8
44343.17,3.8
44343.21,3.8
44343.25,3.8
44343.29,3.8
44343.33,3.8
44343.38,3.8
44343.42,3.8
44343.46,3.8
44343.5,3.8
44343.54,3.8
44343.58,3.8
44343.62,3.8
44343.67,3.8
44343.71,3.8
44343.75,3.8
44343.79,3.8
44343.83,3.8
44343.88,3.8
44343.92,3.8
44343.96,3.8
44344,3.8
44344.04,3.8
44344.08,3.8
44344.12,3.8
44344.17,3.8
44344.21,3.8
44344.25,3.8
44344.29,3.8
44344.33,3.8
44344.38,3.8
44344.42,3.8
44344.46,3.8
44344.5,3.8
44344.54,3.8
44344.58,3.8
44344.62,3.8
44344.67,3.8
44344.71,3.8
44344.75,3.8
44344.79,3.8
44344.83,3.8
44344.88,3.8
44344.92,3.8
44344.96,3.8
44345,3.8
44345.04,3.8
44345.08,3.8
44345.12,3.8
44345.17,3.8
44345.21,3.8
44345.25,3.8
44345.29,3.8
44345.33,3.8
44345.38,3.8
44345.42,3.8
44345.46,3.8
44345.5,3.8
44345.54,3.8
44345.58,3.8
44345.62,3.8
44345.67,3.8
44345.71,3.8
44345.75,3.8
44345.79,3.8
44345.83,3.8
44345.88,3.8
44345.92,3.8
44345.96,3.8
44346,3.8
44346.04,3.8
44346.08,3.8
44346.12,3.8
44346.17,3.8
44346.21,3.8
44346.25,3.8
44346.29,3.8
44346.33,3.8
44346.38,3.8
44346.42,3.8
44346.46,3.8
44346.5,3.8
44346.54,3.8
44346.58,3.8
44346.62,3.8
44346.67,3.8
44346.71,3.8
44346.75,3.8
44346.79,3.8
44346.83,3.8
44346.88,3.8
44346.92,3.8
44346.96,3.8
44347,3.8
44347.04,3.8
44347.08,3.8
44347.12,3.8
44347.17,3.8
44347.21,3.8
44347.25,3.8
44347.29,3.8
44347.33,3.8
44347.38,3.8
44347.42,3.8
44347.46,3.8
44347.5,3.8
44347.54,3.8
44347.58,3.8
44347.62,3.8
44347.67,3.8
44347.71,3.8
44347.75,3.8
44347.79,3.8
44347.83,3.8
44347.88,3.8
44347.92,3.8
44347.96,3.8
44348,19.12
44348.04,19.12
44348.08,19.12
44348.12,19.12
44348.17,19.12
44348.21,19.12
44348.25,19.12
44348.29,19.12
44348.33,19.12
44348.38,19.12
44348.42,19.12
44348.46,19.12
44348.5,19.12
44348.54,19.12
44348.58,19.12
44348.62,19.12
44348.67,19.12
44348.71,19.12
44348.75,19.12
44348.79,19.12
44348.83,19.12
44348.88,19.12
44348.92,19.12
44348.96,19.12
44349,19.12
44349.04,19.12
44349.08,19.12
44349.12,19.12
44349.17,19.12
44349.21,19.12
44349.25,19.12
44349.29,19.12
44349.33,19.12
44349.38,19.12
44349.42,19.12
44349.46,19.12
44349.5,19.12
44349.54,19.12
44349.58,19.12
44349.62,19.12
44349.67,19.12
44349.71,19.12
44349.75,19.12
44349.79,19.12
44349.83,19.12
44349.88,19.12
44349.92,19.12
44349.96,19.12
44350,19.12
44350.04,19.12
44350.08,19.12
44350.12,19.12
44350.17,19.12
44350.21,19.12
44350.25,19.12
44350.29,19.12
44350.33,19.12
44350.38,19.12
44350.42,19.12
44350.46,19.12
44350.5,19.12
44350.54,19.12
44350.58,19.12
44350.62,19.12
44350.67,19.12
44350.71,19.12
44350.75,19.12
44350.79,19.12
44350.83,19.12
44350.88,19.12
44350.92,19.12
44350.96,19.12
44351,19.12
44351.04,19.12
44351.08,19.12
44351.12,19.12
44351.17,19.12
44351.21,19.12
44351.25,19.12
44351.29,19.12
44351.33,19.12
44351.38,19.12
44351.42,19.12
44351.46,19.12
44351.5,19.12
44351.54,19.12
44351.58,19.12
44351.62,19.12
44351.67,19.12
44351.71,19.12
44351.75,19.12
44351.79,19.12
44351.83,19.12
44351.88,19.12
44351.92,19.12
44351.96,19.12
44352,19.12
44352.04,19.12
44352.08,19.12
44352.12,19.12
44352.17,19.12
44352.21,19.12
44352.25,19.12
44352.29,19.12
44352.33,19.12
44352.38,19.12
44352.42,19.12
44352.46,19.12
44352.5,19.12
44352.54,19.12
44352.58,19.12
44352.62,19.12
44352.67,19.12
44352.71,19.12
44352.75,19.12
44352.79,19.12
44352.83,19.12
44352.88,19.12
44352.92,19.12
44352.96,19.12
44353,19.12
44353.04,19.12
44353.08,19.12
44353.12,19.12
44353.17,19.12
44353.21,19.12
44353.25,19.12
44353.29,19.12
44353.33,19.12
44353.38,19.12
44353.42,19.12
44353.46,19.12
44353.5,19.12
44353.54,19.12
44353.58,19.12
44353.62,19.12
44353.67,19.12
44353.71,19.12
44353.75,19.12
44353.79,19.12
44353.83,19.12
44353.88,19.12
44353.92,19.12
44353.96,19.12
44354,19.12
44354.04,19.12
44354.08,19.12
44354.12,19.12
44354.17,19.12
44354.21,19.12
44354.25,19.12
44354.29,19.12
44354.33,19.12
44354.38,19.12
44354.42,19.12
44354.46,19.12
44354.5,19.12
44354.54,19.12
44354.58,19.12
44354.62,19.12
44354.67,19.12
44354.71,19.12
44354.75,19.12
44354.79,19.12
44354.83,19.12
44354.88,19.12
44354.92,19.12
44354.96,19.12
44355,19.12
44355.04,19.12
44355.08,19.12
44355.12,19.12
44355.17,19.12
44355.21,19.12
44355.25,19.12
44355.29,19.12
44355.33,19.12
44355.38,19.12
44355.42,19.12
44355.46,19.12
44355.5,19.12
44355.54,19.12
44355.58,19.12
44355.62,19.12
44355.67,19.12
44355.71,19.12
44355.75,19.12
44355.79,19.12
44355.83,19.12
44355.88,19.12
44355.92,19.12
44355.96,19.12
44356,19.12
44356.04,19.12
44356.08,19.12
44356.12,19.12
44356.17,19.12
44356.21,19.12
44356.25,19.12
44356.29,19.12
44356.33,19.12
44356.38,19.12
44356.42,19.12
44356.46,19.12
44356.5,19.12
44356.54,19.12
44356.58,19.12
44356.62,19.12
44356.67,19.12
44356.71,19.12
44356.75,19.12
44356.79,19.12
44356.83,19.12
44356.88,19.12
44356.92,19.12
44356.96,19.12
44357,19.12
44357.04,19.12
44357.08,19.12
44357.12,19.12
44357.17,19.12
44357.21,19.12
44357.25,19.12
44357.29,19.12
44357.33,19.12
44357.38,19.12
44357.42,19.12
44357.46,19.12
44357.5,19.12
44357.54,19.12
44357.58,19.12
44357.62,19.12
44357.67,19.12
44357.71,19.12
44357.75,19.12
44357.79,19.12
44357.83,19.12
44357.88,19.12
44357.92,19.12
44357.96,19.12
44358,19.12
44358.04,19.12
44358.08,19.12
44358.12,19.12
44358.17,19.12
44358.21,19.12
44358.25,19.12
44358.29,19.12
44358.33,19.12
44358.38,19.12
44358.42,19.12
44358.46,19.12
44358.5,19.12
44358.54,19.12
44358.58,19.12
44358.62,19.12
44358.67,19.12
44358.71,19.12
44358.75,19.12
44358.79,19.12
44358.83,19.12
44358.88,19.12
44358.92,19.12
44358.96,19.12
44359,19.12
44359.04,19.12
44359.08,19.12
44359.12,19.12
44359.17,19.12
44359.21,19.12
44359.25,19.12
44359.29,19.12
44359.33,19.12
44359.38,19.12
44359.42,19.12
44359.46,19.12
44359.5,19.12
44359.54,19.12
44359.58,19.12
44359.62,19.12
44359.67,19.12
44359.71,19.12
44359.75,19.12
44359.79,19.12
44359.83,19.12
44359.88,19.12
44359.92,19.12
44359.96,19.12
44360,19.12
44360.04,19.12
44360.08,19.12
44360.12,19.12
44360.17,19.12
44360.21,19.12
44360.25,19.12
44360.29,19.12
44360.33,19.12
44360.38,19.12
44360.42,19.12
44360.46,19.12
44360.5,19.12
44360.54,19.12
44360.58,19.12
44360.62,19.12
44360.67,19.12
44360.71,19.12
44360.75,19.12
44360.79,19.12
44360.83,19.12
44360.88,19.12
44360.92,19.12
44360.96,19.12
44361,19.12
44361.04,19.12
44361.08,19.12
44361.12,19.12
44361.17,19.12
44361.21,19.12
44361.25,19.12
44361.29,19.12
44361.33,19.12
44361.38,19.12
44361.42,19.12
44361.46,19.12
44361.5,19.12
44361.54,19.12
44361.58,19.12
44361.62,19.12
44361.67,19.12
44361.71,19.12
44361.75,19.12
44361.79,19.12
44361.83,19.12
44361.88,19.12
44361.92,19.12
44361.96,19.12
44362,19.12
44362.04,19.12
44362.08,19.12
44362.12,19.12
44362.17,19.12
44362.21,19.12
44362.25,19.12
44362.29,19.12
44362.33,19.12
44362.38,19.12
44362.42,19.12
44362.46,19.12
44362.5,19.12
44362.54,19.12
44362.58,19.12
44362.62,19.12
44362.67,19.12
44362.71,19.12
44362.75,19.12
44362.79,19.12
44362.83,19.12
44362.88,19.12
44362.92,19.12
44362.96,19.12
44363,19.12
44363.04,19.12
44363.08,19.12
44363.12,19.12
44363.17,19.12
44363.21,19.12
44363.25,19.12
44363.29,19.12
44363.33,19.12
44363.38,19.12
44363.42,19.12
44363.46,19.12
44363.5,19.12
44363.54,19.12
44363.58,19.12
44363.62,19.12
44363.67,19.12
44363.71,19.12
44363.75,19.12
44363.79,19.12
44363.83,19.12
44363.88,19.12
44363.92,19.12
44363.96,19.12
44364,19.12
44364.04,19.12
44364.08,19.12
44364.12,19.12
44364.17,19.12
44364.21,19.12
44364.25,19.12
44364.29,19.12
44364.33,19.12
44364.38,19.12
44364.42,19.12
44364.46,19.12
44364.5,19.12
44364.54,19.12
44364.58,19.12
44364.62,19.12
44364.67,19.12
44364.71,19.12
44364.75,19.12
44364.79,19.12
44364.83,19.12
44364.88,19.12
44364.92,19.12
44364.96,19.12
44365,19.12
44365.04,19.12
44365.08,19.12
44365.12,19.12
44365.17,19.12
44365.21,19.12
44365.25,19.12
44365.29,19.12
44365.33,19.12
44365.38,19.12
44365.42,19.12
44365.46,19.12
44365.5,19.12
44365.54,19.12
44365.58,19.12
44365.62,19.12
44365.67,19.12
44365.71,19.12
44365.75,19.12
44365.79,19.12
44365.83,19.12
44365.88,19.12
44365.92,19.12
44365.96,19.12
44366,19.12
44366.04,19.12
44366.08,19.12
44366.12,19.12
44366.17,19.12
44366.21,19.12
44366.25,19.12
44366.29,19.12
44366.33,19.12
44366.38,19.12
44366.42,19.12
44366.46,19.12
44366.5,19.12
44366.54,19.12
44366.58,19.12
44366.62,19.12
44366.67,19.12
44366.71,19.12
44366.75,19.12
44366.79,19.12
44366.83,19.12
44366.88,19.12
44366.92,19.12
44366.96,19.12
44367,19.12
44367.04,19.12
44367.08,19.12
44367.12,19.12
44367.17,19.12
44367.21,19.12
44367.25,19.12
44367.29,19.12
44367.33,19.12
44367.38,19.12
44367.42,19.12
44367.46,19.12
44367.5,19.12
44367.54,19.12
44367.58,19.12
44367.62,19.12
44367.67,19.12
44367.71,19.12
44367.75,19.12
44367.79,19.12
44367.83,19.12
44367.88,19.12
44367.92,19.12
44367.96,19.12
44368,19.12
44368.04,19.12
44368.08,19.12
44368.12,19.12
44368.17,19.12
44368.21,19.12
44368.25,19.12
44368.29,19.12
44368.33,19.12
44368.38,19.12
44368.42,19.12
44368.46,19.12
44368.5,19.12
44368.54,19.12
44368.58,19.12
44368.62,19.12
44368.67,19.12
44368.71,19.12
44368.75,19.12
44368.79,19.12
44368.83,19.12
44368.88,19.12
44368.92,19.12
44368.96,19.12
44369,19.12
44369.04,19.12
44369.08,19.12
44369.12,19.12
44369.17,19.12
44369.21,19.12
44369.25,19.12
44369.29,19.12
44369.33,19.12
44369.38,19.12
44369.42,19.12
44369.46,19.12
44369.5,19.12
44369.54,19.12
44369.58,19.12
44369.62,19.12
44369.67,19.12
44369.71,19.12
44369.75,19.12
44369.79,19.12
44369.83,19.12
44369.88,19.12
44369.92,19.12
44369.96,19.12
44370,19.12
44370.04,19.12
44370.08,19.12
44370.12,19.12
44370.17,19.12
44370.21,19.12
44370.25,19.12
44370.29,19.12
44370.33,19.12
44370.38,19.12
44370.42,19.12
44370.46,19.12
44370.5,19.12
44370.54,19.12
44370.58,19.12
44370.62,19.12
44370.67,19.12
44370.71,19.12
44370.75,19.12
44370.79,19.12
44370.83,19.12
44370.88,19.12
44370.92,19.12
44370.96,19.12
44371,19.12
44371.04,19.12
44371.08,19.12
44371.12,19.12
44371.17,19.12
44371.21,19.12
44371.25,19.12
44371.29,19.12
44371.33,19.12
44371.38,19.12
44371.42,19.12
44371.46,19.12
44371.5,19.12
44371.54,19.12
44371.58,19.12
44371.62,19.12
44371.67,19.12
44371.71,19.12
44371.75,19.12
44371.79,19.12
44371.83,19.12
44371.88,19.12
44371.92,19.12
44371.96,19.12
44372,19.12
44372.04,19.12
44372.08,19.12
44372.12,19.12
44372.17,19.12
44372.21,19.12
44372.25,19.12
44372.29,19.12
44372.33,19.12
44372.38,19.12
44372.42,19.12
44372.46,19.12
44372.5,19.12
44372.54,19.12
44372.58,19.12
44372.62,19.12
44372.67,19.12
44372.71,19.12
44372.75,19.12
44372.79,19.12
44372.83,19.12
44372.88,19.12
44372.92,19.12
44372.96,19.12
44373,19.12
44373.04,19.12
44373.08,19.12
44373.12,19.12
44373.17,19.12
44373.21,19.12
44373.25,19.12
44373.29,19.12
44373.33,19.12
44373.38,19.12
44373.42,19.12
44373.46,19.12
44373.5,19.12
44373.54,19.12
44373.58,19.12
44373.62,19.12
44373.67,19.12
44373.71,19.12
44373.75,19.12
44373.79,19.12
44373.83,19.12
44373.88,19.12
44373.92,19.12
44373.96,19.12
44374,19.12
44374.04,19.12
44374.08,19.12
44374.12,19.12
44374.17,19.12
44374.21,19.12
44374.25,19.12
44374.29,19.12
44374.33,19.12
44374.38,19.12
44374.42,19.12
44374.46,19.12
44374.5,19.12
44374.54,19.12
44374.58,19.12
44374.62,19.12
44374.67,19.12
44374.71,19.12
44374.75,19.12
44374.79,19.12
44374.83,19.12
44374.88,19.12
44374.92,19.12
44374.96,19.12
44375,19.12
44375.04,19.12
44375.08,19.12
44375.12,19.12
44375.17,19.12
44375.21,19.12
44375.25,19.12
44375.29,19.12
44375.33,19.12
44375.38,19.12
44375.42,19.12
44375.46,19.12
44375.5,19.12
44375.54,19.12
44375.58,19.12
44375.62,19.12
44375.67,19.12
44375.71,19.12
44375.75,19.12
44375.79,19.12
44375.83,19.12
44375.88,19.12
44375.92,19.12
44375.96,19.12
44376,19.12
44376.04,19.12
44376.08,19.12
44376.12,19.12
44376.17,19.12
44376.21,19.12
44376.25,19.12
44376.29,19.12
44376.33,19.12
44376.38,19.12
44376.42,19.12
44376.46,19.12
44376.5,19.12
44376.54,19.12
44376.58,19.12
44376.62,19.12
44376.67,19.12
44376.71,19.12
44376.75,19.12
44376.79,19.12
44376.83,19.12
44376.88,19.12
44376.92,19.12
44376.96,19.12
44377,19.12
44377.04,19.12
44377.08,19.12
44377.12,19.12
44377.17,19.12
44377.21,19.12
44377.25,19.12
44377.29,19.12
44377.33,19.12
44377.38,19.12
44377.42,19.12
44377.46,19.12
44377.5,19.12
44377.54,19.12
44377.58,19.12
44377.62,19.12
44377.67,19.12
44377.71,19.12
44377.75,19.12
44377.79,19.12
44377.83,19.12
44377.88,19.12
44377.92,19.12
44377.96,19.12
44378,15.21
44378.04,15.21
44378.08,15.21
44378.12,15.21
44378.17,15.21
44378.21,15.21
44378.25,15.21
44378.29,15.21
44378.33,15.21
44378.38,15.21
44378.42,15.21
44378.46,15.21
44378.5,15.21
44378.54,15.21
44378.58,15.21
44378.62,15.21
44378.67,15.21
44378.71,15.21
44378.75,15.21
44378.79,15.21
44378.83,15.21
44378.88,15.21
44378.92,15.21
44378.96,15.21
44379,15.21
44379.04,15.21
44379.08,15.21
44379.12,15.21
44379.17,15.21
44379.21,15.21
44379.25,15.21
44379.29,15.21
44379.33,15.21
44379.38,15.21
44379.42,15.21
44379.46,15.21
44379.5,15.21
44379.54,15.21
44379.58,15.21
44379.62,15.21
44379.67,15.21
44379.71,15.21
44379.75,15.21
44379.79,15.21
44379.83,15.21
44379.88,15.21
44379.92,15.21
44379.96,15.21
44380,15.21
44380.04,15.21
44380.08,15.21
44380.12,15.21
44380.17,15.21
44380.21,15.21
44380.25,15.21
44380.29,15.21
44380.33,15.21
44380.38,15.21
44380.42,15.21
44380.46,15.21
44380.5,15.21
44380.54,15.21
44380.58,15.21
44380.62,15.21
44380.67,15.21
44380.71,15.21
44380.75,15.21
44380.79,15.21
44380.83,15.21
44380.88,15.21
44380.92,15.21
44380.96,15.21
44381,15.21
44381.04,15.21
44381.08,15.21
44381.12,15.21
44381.17,15.21
44381.21,15.21
44381.25,15.21
44381.29,15.21
44381.33,15.21
44381.38,15.21
44381.42,15.21
44381.46,15.21
44381.5,15.21
44381.54,15.21
44381.58,15.21
44381.62,15.21
44381.67,15.21
44381.71,15.21
44381.75,15.21
44381.79,15.21
44381.83,15.21
44381.88,15.21
44381.92,15.21
44381.96,15.21
44382,15.21
44382.04,15.21
44382.08,15.21
44382.12,15.21
44382.17,15.21
44382.21,15.21
44382.25,15.21
44382.29,15.21
44382.33,15.21
44382.38,15.21
44382.42,15.21
44382.46,15.21
44382.5,15.21
44382.54,15.21
44382.58,15.21
44382.62,15.21
44382.67,15.21
44382.71,15.21
44382.75,15.21
44382.79,15.21
44382.83,15.21
44382.88,15.21
44382.92,15.21
44382.96,15.21
44383,15.21
44383.04,15.21
44383.08,15.21
44383.12,15.21
44383.17,15.21
44383.21,15.21
44383.25,15.21
44383.29,15.21
44383.33,15.21
44383.38,15.21
44383.42,15.21
44383.46,15.21
44383.5,15.21
44383.54,15.21
44383.58,15.21
44383.62,15.21
44383.67,15.21
44383.71,15.21
44383.75,15.21
44383.79,15.21
44383.83,15.21
44383.88,15.21
44383.92,15.21
44383.96,15.21
44384,15.21
44384.04,15.21
44384.08,15.21
44384.12,15.21
44384.17,15.21
44384.21,15.21
44384.25,15.21
44384.29,15.21
44384.33,15.21
44384.38,15.21
44384.42,15.21
44384.46,15.21
44384.5,15.21
44384.54,15.21
44384.58,15.21
44384.62,15.21
44384.67,15.21
44384.71,15.21
44384.75,15.21
44384.79,15.21
44384.83,15.21
44384.88,15.21
44384.92,15.21
44384.96,15.21
44385,15.21
44385.04,15.21
44385.08,15.21
44385.12,15.21
44385.17,15.21
44385.21,15.21
44385.25,15.21
44385.29,15.21
44385.33,15.21
44385.38,15.21
44385.42,15.21
44385.46,15.21
44385.5,15.21
44385.54,15.21
44385.58,15.21
44385.62,15.21
44385.67,15.21
44385.71,15.21
44385.75,15.21
44385.79,15.21
44385.83,15.21
44385.88,15.21
44385.92,15.21
44385.96,15.21
44386,15.21
44386.04,15.21
44386.08,15.21
44386.12,15.21
44386.17,15.21
44386.21,15.21
44386.25,15.21
44386.29,15.21
44386.33,15.21
44386.38,15.21
44386.42,15.21
44386.46,15.21
44386.5,15.21
44386.54,15.21
44386.58,15.21
44386.62,15.21
44386.67,15.21
44386.71,15.21
44386.75,15.21
44386.79,15.21
44386.83,15.21
44386.88,15.21
44386.92,15.21
44386.96,15.21
44387,15.21
44387.04,15.21
44387.08,15.21
44387.12,15.21
44387.17,15.21
44387.21,15.21
44387.25,15.21
44387.29,15.21
44387.33,15.21
44387.38,15.21
44387.42,15.21
44387.46,15.21
44387.5,15.21
44387.54,15.21
44387.58,15.21
44387.62,15.21
44387.67,15.21
44387.71,15.21
44387.75,15.21
44387.79,15.21
44387.83,15.21
44387.88,15.21
44387.92,15.21
44387.96,15.21
44388,15.21
44388.04,15.21
44388.08,15.21
44388.12,15.21
44388.17,15.21
44388.21,15.21
44388.25,15.21
44388.29,15.21
44388.33,15.21
44388.38,15.21
44388.42,15.21
44388.46,15.21
44388.5,15.21
44388.54,15.21
44388.58,15.21
44388.62,15.21
44388.67,15.21
44388.71,15.21
44388.75,15.21
44388.79,15.21
44388.83,15.21
44388.88,15.21
44388.92,15.21
44388.96,15.21
44389,15.21
44389.04,15.21
44389.08,15.21
44389.12,15.21
44389.17,15.21
44389.21,15.21
44389.25,15.21
44389.29,15.21
44389.33,15.21
44389.38,15.21
44389.42,15.21
44389.46,15.21
44389.5,15.21
44389.54,15.21
44389.58,15.21
44389.62,15.21
44389.67,15.21
44389.71,15.21
44389.75,15.21
44389.79,15.21
44389.83,15.21
44389.88,15.21
44389.92,15.21
44389.96,15.21
44390,15.21
44390.04,15.21
44390.08,15.21
44390.12,15.21
44390.17,15.21
44390.21,15.21
44390.25,15.21
44390.29,15.21
44390.33,15.21
44390.38,15.21
44390.42,15.21
44390.46,15.21
44390.5,15.21
44390.54,15.21
44390.58,15.21
44390.62,15.21
44390.67,15.21
44390.71,15.21
44390.75,15.21
44390.79,15.21
44390.83,15.21
44390.88,15.21
44390.92,15.21
44390.96,15.21
44391,15.21
44391.04,15.21
44391.08,15.21
44391.12,15.21
44391.17,15.21
44391.21,15.21
44391.25,15.21
44391.29,15.21
44391.33,15.21
44391.38,15.21
44391.42,15.21
44391.46,15.21
44391.5,15.21
44391.54,15.21
44391.58,15.21
44391.62,15.21
44391.67,15.21
44391.71,15.21
44391.75,15.21
44391.79,15.21
44391.83,15.21
44391.88,15.21
44391.92,15.21
44391.96,15.21
44392,15.21
44392.04,15.21
44392.08,15.21
44392.12,15.21
44392.17,15.21
44392.21,15.21
44392.25,15.21
44392.29,15.21
44392.33,15.21
44392.38,15.21
44392.42,15.21
44392.46,15.21
44392.5,15.21
44392.54,15.21
44392.58,15.21
44392.62,15.21
44392.67,15.21
44392.71,15.21
44392.75,15.21
44392.79,15.21
44392.83,15.21
44392.88,15.21
44392.92,15.21
44392.96,15.21
44393,15.21
44393.04,15.21
44393.08,15.21
44393.12,15.21
44393.17,15.21
44393.21,15.21
44393.25,15.21
44393.29,15.21
44393.33,15.21
44393.38,15.21
44393.42,15.21
44393.46,15.21
44393.5,15.21
44393.54,15.21
44393.58,15.21
44393.62,15.21
44393.67,15.21
44393.71,15.21
44393.75,15.21
44393.79,15.21
44393.83,15.21
44393.88,15.21
44393.92,15.21
44393.96,15.21
44394,15.21
44394.04,15.21
44394.08,15.21
44394.12,15.21
44394.17,15.21
44394.21,15.21
44394.25,15.21
44394.29,15.21
44394.33,15.21
44394.38,15.21
44394.42,15.21
44394.46,15.21
44394.5,15.21
44394.54,15.21
44394.58,15.21
44394.62,15.21
44394.67,15.21
44394.71,15.21
44394.75,15.21
44394.79,15.21
44394.83,15.21
44394.88,15.21
44394.92,15.21
44394.96,15.21
44395,15.21
44395.04,15.21
44395.08,15.21
44395.12,15.21
44395.17,15.21
44395.21,15.21
44395.25,15.21
44395.29,15.21
44395.33,15.21
44395.38,15.21
44395.42,15.21
44395.46,15.21
44395.5,15.21
44395.54,15.21
44395.58,15.21
44395.62,15.21
44395.67,15.21
44395.71,15.21
44395.75,15.21
44395.79,15.21
44395.83,15.21
44395.88,15.21
44395.92,15.21
44395.96,15.21
44396,15.21
44396.04,15.21
44396.08,15.21
44396.12,15.21
44396.17,15.21
44396.21,15.21
44396.25,15.21
44396.29,15.21
44396.33,15.21
44396.38,15.21
44396.42,15.21
44396.46,15.21
44396.5,15.21
44396.54,15.21
44396.58,15.21
44396.62,15.21
44396.67,15.21
44396.71,15.21
44396.75,15.21
44396.79,15.21
44396.83,15.21
44396.88,15.21
44396.92,15.21
44396.96,15.21
44397,15.21
44397.04,15.21
44397.08,15.21
44397.12,15.21
44397.17,15.21
44397.21,15.21
44397.25,15.21
44397.29,15.21
44397.33,15.21
44397.38,15.21
44397.42,15.21
44397.46,15.21
44397.5,15.21
44397.54,15.21
44397.58,15.21
44397.62,15.21
44397.67,15.21
44397.71,15.21
44397.75,15.21
44397.79,15.21
44397.83,15.21
44397.88,15.21
44397.92,15.21
44397.96,15.21
44398,15.21
44398.04,15.21
44398.08,15.21
44398.12,15.21
44398.17,15.21
44398.21,15.21
44398.25,15.21
44398.29,15.21
44398.33,15.21
44398.38,15.21
44398.42,15.21
44398.46,15.21
44398.5,15.21
44398.54,15.21
44398.58,15.21
44398.62,15.21
44398.67,15.21
44398.71,15.21
44398.75,15.21
44398.79,15.21
44398.83,15.21
44398.88,15.21
44398.92,15.21
44398.96,15.21
44399,15.21
44399.04,15.21
44399.08,15.21
44399.12,15.21
44399.17,15.21
44399.21,15.21
44399.25,15.21
44399.29,15.21
44399.33,15.21
44399.38,15.21
44399.42,15.21
44399.46,15.21
44399.5,15.21
44399.54,15.21
44399.58,15.21
44399.62,15.21
44399.67,15.21
44399.71,15.21
44399.75,15.21
44399.79,15.21
44399.83,15.21
44399.88,15.21
44399.92,15.21
44399.96,15.21
44400,15.21
44400.04,15.21
44400.08,15.21
44400.12,15.21
44400.17,15.21
44400.21,15.21
44400.25,15.21
44400.29,15.21
44400.33,15.21
44400.38,15.21
44400.42,15.21
44400.46,15.21
44400.5,15.21
44400.54,15.21
44400.58,15.21
44400.62,15.21
44400.67,15.21
44400.71,15.21
44400.75,15.21
44400.79,15.21
44400.83,15.21
44400.88,15.21
44400.92,15.21
44400.96,15.21
44401,15.21
44401.04,15.21
44401.08,15.21
44401.12,15.21
44401.17,15.21
44401.21,15.21
44401.25,15.21
44401.29,15.21
44401.33,15.21
44401.38,15.21
44401.42,15.21
44401.46,15.21
44401.5,15.21
44401.54,15.21
44401.58,15.21
44401.62,15.21
44401.67,15.21
44401.71,15.21
44401.75,15.21
44401.79,15.21
44401.83,15.21
44401.88,15.21
44401.92,15.21
44401.96,15.21
44402,15.21
44402.04,15.21
44402.08,15.21
44402.12,15.21
44402.17,15.21
44402.21,15.21
44402.25,15.21
44402.29,15.21
44402.33,15.21
44402.38,15.21
44402.42,15.21
44402.46,15.21
44402.5,15.21
44402.54,15.21
44402.58,15.21
44402.62,15.21
44402.67,15.21
44402.71,15.21
44402.75,15.21
44402.79,15.21
44402.83,15.21
44402.88,15.21
44402.92,15.21
44402.96,15.21
44403,15.21
44403.04,15.21
44403.08,15.21
44403.12,15.21
44403.17,15.21
44403.21,15.21
44403.25,15.21
44403.29,15.21
44403.33,15.21
44403.38,15.21
44403.42,15.21
44403.46,15.21
44403.5,15.21
44403.54,15.21
44403.58,15.21
44403.62,15.21
44403.67,15.21
44403.71,15.21
44403.75,15.21
44403.79,15.21
44403.83,15.21
44403.88,15.21
44403.92,15.21
44403.96,15.21
44404,15.21
44404.04,15.21
44404.08,15.21
44404.12,15.21
44404.17,15.21
44404.21,15.21
44404.25,15.21
44404.29,15.21
44404.33,15.21
44404.38,15.21
44404.42,15.21
44404.46,15.21
44404.5,15.21
44404.54,15.21
44404.58,15.21
44404.62,15.21
44404.67,15.21
44404.71,15.21
44404.75,15.21
44404.79,15.21
44404.83,15.21
44404.88,15.21
44404.92,15.21
44404.96,15.21
44405,15.21
44405.04,15.21
44405.08,15.21
44405.12,15.21
44405.17,15.21
44405.21,15.21
44405.25,15.21
44405.29,15.21
44405.33,15.21
44405.38,15.21
44405.42,15.21
44405.46,15.21
44405.5,15.21
44405.54,15.21
44405.58,15.21
44405.62,15.21
44405.67,15.21
44405.71,15.21
44405.75,15.21
44405.79,15.21
44405.83,15.21
44405.88,15.21
44405.92,15.21
44405.96,15.21
44406,15.21
44406.04,15.21
44406.08,15.21
44406.12,15.21
44406.17,15.21
44406.21,15.21
44406.25,15.21
44406.29,15.21
44406.33,15.21
44406.38,15.21
44406.42,15.21
44406.46,15.21
44406.5,15.21
44406.54,15.21
44406.58,15.21
44406.62,15.21
44406.67,15.21
44406.71,15.21
44406.75,15.21
44406.79,15.21
44406.83,15.21
44406.88,15.21
44406.92,15.21
44406.96,15.21
44407,15.21
44407.04,15.21
44407.08,15.21
44407.12,15.21
44407.17,15.21
44407.21,15.21
44407.25,15.21
44407.29,15.21
44407.33,15.21
44407.38,15.21
44407.42,15.21
44407.46,15.21
44407.5,15.21
44407.54,15.21
44407.58,15.21
44407.62,15.21
44407.67,15.21
44407.71,15.21
44407.75,15.21
44407.79,15.21
44407.83,15.21
44407.88,15.21
44407.92,15.21
44407.96,15.21
44408,15.21
44408.04,15.21
44408.08,15.21
44408.12,15.21
44408.17,15.21
44408.21,15.21
44408.25,15.21
44408.29,15.21
44408.33,15.21
44408.38,15.21
44408.42,15.21
44408.46,15.21
44408.5,15.21
44408.54,15.21
44408.58,15.21
44408.62,15.21
44408.67,15.21
44408.71,15.21
44408.75,15.21
44408.79,15.21
44408.83,15.21
44408.88,15.21
44408.92,15.21
44408.96,15.21
44409,15.21
44409.04,15.21
44409.08,15.21
44409.12,15.21
44409.17,15.21
44409.21,15.21
44409.25,15.21
44409.29,15.21
44409.33,15.21
44409.38,15.21
44409.42,15.21
44409.46,15.21
44409.5,15.21
44409.54,15.21
44409.58,15.21
44409.62,15.21
44409.67,15.21
44409.71,15.21
44409.75,15.21
44409.79,15.21
44409.83,15.21
44409.88,15.21
44409.92,15.21
44409.96,15.21
44410,15.21
44410.04,15.21
44410.08,15.21
44410.12,15.21
44410.17,15.21
44410.21,15.21
44410.25,15.21
44410.29,15.21
44410.33,15.21
44410.38,15.21
44410.42,15.21
44410.46,15.21
44410.5,15.21
44410.54,15.21
44410.58,15.21
44410.62,15.21
44410.67,15.21
44410.71,15.21
44410.75,15.21
44410.79,15.21
44410.83,15.21
44410.88,15.21
44410.92,15.21
44410.96,15.21
44411,15.21
44411.04,15.21
44411.08,15.21
44411.12,15.21
44411.17,15.21
44411.21,15.21
44411.25,15.21
44411.29,15.21
44411.33,15.21
44411.38,15.21
44411.42,15.21
44411.46,15.21
44411.5,15.21
44411.54,15.21
44411.58,15.21
44411.62,15.21
44411.67,15.21
44411.71,15.21
44411.75,15.21
44411.79,15.21
44411.83,15.21
44411.88,15.21
44411.92,15.21
44411.96,15.21
44412,15.21
44412.04,15.21
44412.08,15.21
44412.12,15.21
44412.17,15.21
44412.21,15.21
44412.25,15.21
44412.29,15.21
44412.33,15.21
44412.38,15.21
44412.42,15.21
44412.46,15.21
44412.5,15.21
44412.54,15.21
44412.58,15.21
44412.62,15.21
44412.67,15.21
44412.71,15.21
44412.75,15.21
44412.79,15.21
44412.83,15.21
44412.88,15.21
44412.92,15.21
44412.96,15.21
44413,15.21
44413.04,15.21
44413.08,15.21
44413.12,15.21
44413.17,15.21
44413.21,15.21
44413.25,15.21
44413.29,15.21
44413.33,15.21
44413.38,15.21
44413.42,15.21
44413.46,15.21
44413.5,15.21
44413.54,15.21
44413.58,15.21
44413.62,15.21
44413.67,15.21
44413.71,15.21
44413.75,15.21
44413.79,15.21
44413.83,15.21
44413.88,15.21
44413.92,15.21
44413.96,15.21
44414,15.21
44414.04,15.21
44414.08,15.21
44414.12,15.21
44414.17,15.21
44414.21,15.21
44414.25,15.21
44414.29,15.21
44414.33,15.21
44414.38,15.21
44414.42,15.21
44414.46,15.21
44414.5,15.21
44414.54,15.21
44414.58,15.21
44414.62,15.21
44414.67,15.21
44414.71,15.21
44414.75,15.21
44414.79,15.21
44414.83,15.21
44414.88,15.21
44414.92,15.21
44414.96,15.21
44415,15.21
44415.04,15.21
44415.08,15.21
44415.12,15.21
44415.17,15.21
44415.21,15.21
44415.25,15.21
44415.29,15.21
44415.33,15.21
44415.38,15.21
44415.42,15.21
44415.46,15.21
44415.5,15.21
44415.54,15.21
44415.58,15.21
44415.62,15.21
44415.67,15.21
44415.71,15.21
44415.75,15.21
44415.79,15.21
44415.83,15.21
44415.88,15.21
44415.92,15.21
44415.96,15.21
44416,15.21
44416.04,15.21
44416.08,15.21
44416.12,15.21
44416.17,15.21
44416.21,15.21
44416.25,15.21
44416.29,15.21
44416.33,15.21
44416.38,15.21
44416.42,15.21
44416.46,15.21
44416.5,15.21
44416.54,15.21
44416.58,15.21
44416.62,15.21
44416.67,15.21
44416.71,15.21
44416.75,15.21
44416.79,15.21
44416.83,15.21
44416.88,15.21
44416.92,15.21
44416.96,15.21
44417,15.21
44417.04,15.21
44417.08,15.21
44417.12,15.21
44417.17,15.21
44417.21,15.21
44417.25,15.21
44417.29,15.21
44417.33,15.21
44417.38,15.21
44417.42,15.21
44417.46,15.21
44417.5,15.21
44417.54,15.21
44417.58,15.21
44417.62,15.21
44417.67,15.21
44417.71,15.21
44417.75,15.21
44417.79,15.21
44417.83,15.21
44417.88,15.21
44417.92,15.21
44417.96,15.21
44418,15.21
44418.04,15.21
44418.08,15.21
44418.12,15.21
44418.17,15.21
44418.21,15.21
44418.25,15.21
44418.29,15.21
44418.33,15.21
44418.38,15.21
44418.42,15.21
44418.46,15.21
44418.5,15.21
44418.54,15.21
44418.58,15.21
44418.62,15.21
44418.67,15.21
44418.71,15.21
44418.75,15.21
44418.79,15.21
44418.83,15.21
44418.88,15.21
44418.92,15.21
44418.96,15.21
44419,15.21
44419.04,15.21
44419.08,15.21
44419.12,15.21
44419.17,15.21
44419.21,15.21
44419.25,15.21
44419.29,15.21
44419.33,15.21
44419.38,15.21
44419.42,15.21
44419.46,15.21
44419.5,15.21
44419.54,15.21
44419.58,15.21
44419.62,15.21
44419.67,15.21
44419.71,15.21
44419.75,15.21
44419.79,15.21
44419.83,15.21
44419.88,15.21
44419.92,15.21
44419.96,15.21
44420,15.21
44420.04,15.21
44420.08,15.21
44420.12,15.21
44420.17,15.21
44420.21,15.21
44420.25,15.21
44420.29,15.21
44420.33,15.21
44420.38,15.21
44420.42,15.21
44420.46,15.21
44420.5,15.21
44420.54,15.21
44420.58,15.21
44420.62,15.21
44420.67,15.21
44420.71,15.21
44420.75,15.21
44420.79,15.21
44420.83,15.21
44420.88,15.21
44420.92,15.21
44420.96,15.21
44421,15.21
44421.04,15.21
44421.08,15.21
44421.12,15.21
44421.17,15.21
44421.21,15.21
44421.25,15.21
44421.29,15.21
44421.33,15.21
44421.38,15.21
44421.42,15.21
44421.46,15.21
44421.5,15.21
44421.54,15.21
44421.58,15.21
44421.62,15.21
44421.67,15.21
44421.71,15.21
44421.75,15.21
44421.79,15.21
44421.83,15.21
44421.88,15.21
44421.92,15.21
44421.96,15.21
44422,15.21
44422.04,15.21
44422.08,15.21
44422.12,15.21
44422.17,15.21
44422.21,15.21
44422.25,15.21
44422.29,15.21
44422.33,15.21
44422.38,15.21
44422.42,15.21
44422.46,15.21
44422.5,15.21
44422.54,15.21
44422.58,15.21
44422.62,15.21
44422.67,15.21
44422.71,15.21
44422.75,15.21
44422.79,15.21
44422.83,15.21
44422.88,15.21
44422.92,15.21
44422.96,15.21
44423,15.21
44423.04,15.21
44423.08,15.21
44423.12,15.21
44423.17,15.21
44423.21,15.21
44423.25,15.21
44423.29,15.21
44423.33,15.21
44423.38,15.21
44423.42,15.21
44423.46,15.21
44423.5,15.21
44423.54,15.21
44423.58,15.21
44423.62,15.21
44423.67,15.21
44423.71,15.21
44423.75,15.21
44423.79,15.21
44423.83,15.21
44423.88,15.21
44423.92,15.21
44423.96,15.21
44424,15.21
44424.04,15.21
44424.08,15.21
44424.12,15.21
44424.17,15.21
44424.21,15.21
44424.25,15.21
44424.29,15.21
44424.33,15.21
44424.38,15.21
44424.42,15.21
44424.46,15.21
44424.5,15.21
44424.54,15.21
44424.58,15.21
44424.62,15.21
44424.67,15.21
44424.71,15.21
44424.75,15.21
44424.79,15.21
44424.83,15.21
44424.88,15.21
44424.92,15.21
44424.96,15.21
44425,15.21
44425.04,15.21
44425.08,15.21
44425.12,15.21
44425.17,15.21
44425.21,15.21
44425.25,15.21
44425.29,15.21
44425.33,15.21
44425.38,15.21
44425.42,15.21
44425.46,15.21
44425.5,15.21
44425.54,15.21
44425.58,15.21
44425.62,15.21
44425.67,15.21
44425.71,15.21
44425.75,15.21
44425.79,15.21
44425.83,15.21
44425.88,15.21
44425.92,15.21
44425.96,15.21
44426,15.21
44426.04,15.21
44426.08,15.21
44426.12,15.21
44426.17,15.21
44426.21,15.21
44426.25,15.21
44426.29,15.21
44426.33,15.21
44426.38,15.21
44426.42,15.21
44426.46,15.21
44426.5,15.21
44426.54,15.21
44426.58,15.21
44426.62,15.21
44426.67,15.21
44426.71,15.21
44426.75,15.21
44426.79,15.21
44426.83,15.21
44426.88,15.21
44426.92,15.21
44426.96,15.21
44427,15.21
44427.04,15.21
44427.08,15.21
44427.12,15.21
44427.17,15.21
44427.21,15.21
44427.25,15.21
44427.29,15.21
44427.33,15.21
44427.38,15.21
44427.42,15.21
44427.46,15.21
44427.5,15.21
44427.54,15.21
44427.58,15.21
44427.62,15.21
44427.67,15.21
44427.71,15.21
44427.75,15.21
44427.79,15.21
44427.83,15.21
44427.88,15.21
44427.92,15.21
44427.96,15.21
44428,15.21
44428.04,15.21
44428.08,15.21
44428.12,15.21
44428.17,15.21
44428.21,15.21
44428.25,15.21
44428.29,15.21
44428.33,15.21
44428.38,15.21
44428.42,15.21
44428.46,15.21
44428.5,15.21
44428.54,15.21
44428.58,15.21
44428.62,15.21
44428.67,15.21
44428.71,15.21
44428.75,15.21
44428.79,15.21
44428.83,15.21
44428.88,15.21
44428.92,15.21
44428.96,15.21
44429,15.21
44429.04,15.21
44429.08,15.21
44429.12,15.21
44429.17,15.21
44429.21,15.21
44429.25,15.21
44429.29,15.21
44429.33,15.21
44429.38,15.21
44429.42,15.21
44429.46,15.21
44429.5,15.21
44429.54,15.21
44429.58,15.21
44429.62,15.21
44429.67,15.21
44429.71,15.21
44429.75,15.21
44429.79,15.21
44429.83,15.21
44429.88,15.21
44429.92,15.21
44429.96,15.21
44430,15.21
44430.04,15.21
44430.08,15.21
44430.12,15.21
44430.17,15.21
44430.21,15.21
44430.25,15.21
44430.29,15.21
44430.33,15.21
44430.38,15.21
44430.42,15.21
44430.46,15.21
44430.5,15.21
44430.54,15.21
44430.58,15.21
44430.62,15.21
44430.67,15.21
44430.71,15.21
44430.75,15.21
44430.79,15.21
44430.83,15.21
44430.88,15.21
44430.92,15.21
44430.96,15.21
44431,15.21
44431.04,15.21
44431.08,15.21
44431.12,15.21
44431.17,15.21
44431.21,15.21
44431.25,15.21
44431.29,15.21
44431.33,15.21
44431.38,15.21
44431.42,15.21
44431.46,15.21
44431.5,15.21
44431.54,15.21
44431.58,15.21
44431.62,15.21
44431.67,15.21
44431.71,15.21
44431.75,15.21
44431.79,15.21
44431.83,15.21
44431.88,15.21
44431.92,15.21
44431.96,15.21
44432,15.21
44432.04,15.21
44432.08,15.21
44432.12,15.21
44432.17,15.21
44432.21,15.21
44432.25,15.21
44432.29,15.21
44432.33,15.21
44432.38,15.21
44432.42,15.21
44432.46,15.21
44432.5,15.21
44432.54,15.21
44432.58,15.21
44432.62,15.21
44432.67,15.21
44432.71,15.21
44432.75,15.21
44432.79,15.21
44432.83,15.21
44432.88,15.21
44432.92,15.21
44432.96,15.21
44433,15.21
44433.04,15.21
44433.08,15.21
44433.12,15.21
44433.17,15.21
44433.21,15.21
44433.25,15.21
44433.29,15.21
44433.33,15.21
44433.38,15.21
44433.42,15.21
44433.46,15.21
44433.5,15.21
44433.54,15.21
44433.58,15.21
44433.62,15.21
44433.67,15.21
44433.71,15.21
44433.75,15.21
44433.79,15.21
44433.83,15.21
44433.88,15.21
44433.92,15.21
44433.96,15.21
44434,15.21
44434.04,15.21
44434.08,15.21
44434.12,15.21
44434.17,15.21
44434.21,15.21
44434.25,15.21
44434.29,15.21
44434.33,15.21
44434.38,15.21
44434.42,15.21
44434.46,15.21
44434.5,15.21
44434.54,15.21
44434.58,15.21
44434.62,15.21
44434.67,15.21
44434.71,15.21
44434.75,15.21
44434.79,15.21
44434.83,15.21
44434.88,15.21
44434.92,15.21
44434.96,15.21
44435,15.21
44435.04,15.21
44435.08,15.21
44435.12,15.21
44435.17,15.21
44435.21,15.21
44435.25,15.21
44435.29,15.21
44435.33,15.21
44435.38,15.21
44435.42,15.21
44435.46,15.21
44435.5,15.21
44435.54,15.21
44435.58,15.21
44435.62,15.21
44435.67,15.21
44435.71,15.21
44435.75,15.21
44435.79,15.21
44435.83,15.21
44435.88,15.21
44435.92,15.21
44435.96,15.21
44436,15.21
44436.04,15.21
44436.08,15.21
44436.12,15.21
44436.17,15.21
44436.21,15.21
44436.25,15.21
44436.29,15.21
44436.33,15.21
44436.38,15.21
44436.42,15.21
44436.46,15.21
44436.5,15.21
44436.54,15.21
44436.58,15.21
44436.62,15.21
44436.67,15.21
44436.71,15.21
44436.75,15.21
44436.79,15.21
44436.83,15.21
44436.88,15.21
44436.92,15.21
44436.96,15.21
44437,15.21
44437.04,15.21
44437.08,15.21
44437.12,15.21
44437.17,15.21
44437.21,15.21
44437.25,15.21
44437.29,15.21
44437.33,15.21
44437.38,15.21
44437.42,15.21
44437.46,15.21
44437.5,15.21
44437.54,15.21
44437.58,15.21
44437.62,15.21
44437.67,15.21
44437.71,15.21
44437.75,15.21
44437.79,15.21
44437.83,15.21
44437.88,15.21
44437.92,15.21
44437.96,15.21
44438,15.21
44438.04,15.21
44438.08,15.21
44438.12,15.21
44438.17,15.21
44438.21,15.21
44438.25,15.21
44438.29,15.21
44438.33,15.21
44438.38,15.21
44438.42,15.21
44438.46,15.21
44438.5,15.21
44438.54,15.21
44438.58,15.21
44438.62,15.21
44438.67,15.21
44438.71,15.21
44438.75,15.21
44438.79,15.21
44438.83,15.21
44438.88,15.21
44438.92,15.21
44438.96,15.21
44439,15.21
44439.04,15.21
44439.08,15.21
44439.12,15.21
44439.17,15.21
44439.21,15.21
44439.25,15.21
44439.29,15.21
44439.33,15.21
44439.38,15.21
44439.42,15.21
44439.46,15.21
44439.5,15.21
44439.54,15.21
44439.58,15.21
44439.62,15.21
44439.67,15.21
44439.71,15.21
44439.75,15.21
44439.79,15.21
44439.83,15.21
44439.88,15.21
44439.92,15.21
44439.96,15.21
44440,19.93
44440.04,19.93
44440.08,19.93
44440.12,19.93
44440.17,19.93
44440.21,19.93
44440.25,19.93
44440.29,19.93
44440.33,19.93
44440.38,19.93
44440.42,19.93
44440.46,19.93
44440.5,19.93
44440.54,19.93
44440.58,19.93
44440.62,19.93
44440.67,19.93
44440.71,19.93
44440.75,19.93
44440.79,19.93
44440.83,19.93
44440.88,19.93
44440.92,19.93
44440.96,19.93
44441,19.93
44441.04,19.93
44441.08,19.93
44441.12,19.93
44441.17,19.93
44441.21,19.93
44441.25,19.93
44441.29,19.93
44441.33,19.93
44441.38,19.93
44441.42,19.93
44441.46,19.93
44441.5,19.93
44441.54,19.93
44441.58,19.93
44441.62,19.93
44441.67,19.93
44441.71,19.93
44441.75,19.93
44441.79,19.93
44441.83,19.93
44441.88,19.93
44441.92,19.93
44441.96,19.93
44442,19.93
44442.04,19.93
44442.08,19.93
44442.12,19.93
44442.17,19.93
44442.21,19.93
44442.25,19.93
44442.29,19.93
44442.33,19.93
44442.38,19.93
44442.42,19.93
44442.46,19.93
44442.5,19.93
44442.54,19.93
44442.58,19.93
44442.62,19.93
44442.67,19.93
44442.71,19.93
44442.75,19.93
44442.79,19.93
44442.83,19.93
44442.88,19.93
44442.92,19.93
44442.96,19.93
44443,19.93
44443.04,19.93
44443.08,19.93
44443.12,19.93
44443.17,19.93
44443.21,19.93
44443.25,19.93
44443.29,19.93
44443.33,19.93
44443.38,19.93
44443.42,19.93
44443.46,19.93
44443.5,19.93
44443.54,19.93
44443.58,19.93
44443.62,19.93
44443.67,19.93
44443.71,19.93
44443.75,19.93
44443.79,19.93
44443.83,19.93
44443.88,19.93
44443.92,19.93
44443.96,19.93
44444,19.93
44444.04,19.93
44444.08,19.93
44444.12,19.93
44444.17,19.93
44444.21,19.93
44444.25,19.93
44444.29,19.93
44444.33,19.93
44444.38,19.93
44444.42,19.93
44444.46,19.93
44444.5,19.93
44444.54,19.93
44444.58,19.93
44444.62,19.93
44444.67,19.93
44444.71,19.93
44444.75,19.93
44444.79,19.93
44444.83,19.93
44444.88,19.93
44444.92,19.93
44444.96,19.93
44445,19.93
44445.04,19.93
44445.08,19.93
44445.12,19.93
44445.17,19.93
44445.21,19.93
44445.25,19.93
44445.29,19.93
44445.33,19.93
44445.38,19.93
44445.42,19.93
44445.46,19.93
44445.5,19.93
44445.54,19.93
44445.58,19.93
44445.62,19.93
44445.67,19.93
44445.71,19.93
44445.75,19.93
44445.79,19.93
44445.83,19.93
44445.88,19.93
44445.92,19.93
44445.96,19.93
44446,19.93
44446.04,19.93
44446.08,19.93
44446.12,19.93
44446.17,19.93
44446.21,19.93
44446.25,19.93
44446.29,19.93
44446.33,19.93
44446.38,19.93
44446.42,19.93
44446.46,19.93
44446.5,19.93
44446.54,19.93
44446.58,19.93
44446.62,19.93
44446.67,19.93
44446.71,19.93
44446.75,19.93
44446.79,19.93
44446.83,19.93
44446.88,19.93
44446.92,19.93
44446.96,19.93
44447,19.93
44447.04,19.93
44447.08,19.93
44447.12,19.93
44447.17,19.93
44447.21,19.93
44447.25,19.93
44447.29,19.93
44447.33,19.93
44447.38,19.93
44447.42,19.93
44447.46,19.93
44447.5,19.93
44447.54,19.93
44447.58,19.93
44447.62,19.93
44447.67,19.93
44447.71,19.93
44447.75,19.93
44447.79,19.93
44447.83,19.93
44447.88,19.93
44447.92,19.93
44447.96,19.93
44448,19.93
44448.04,19.93
44448.08,19.93
44448.12,19.93
44448.17,19.93
44448.21,19.93
44448.25,19.93
44448.29,19.93
44448.33,19.93
44448.38,19.93
44448.42,19.93
44448.46,19.93
44448.5,19.93
44448.54,19.93
44448.58,19.93
44448.62,19.93
44448.67,19.93
44448.71,19.93
44448.75,19.93
44448.79,19.93
44448.83,19.93
44448.88,19.93
44448.92,19.93
44448.96,19.93
44449,19.93
44449.04,19.93
44449.08,19.93
44449.12,19.93
44449.17,19.93
44449.21,19.93
44449.25,19.93
44449.29,19.93
44449.33,19.93
44449.38,19.93
44449.42,19.93
44449.46,19.93
44449.5,19.93
44449.54,19.93
44449.58,19.93
44449.62,19.93
44449.67,19.93
44449.71,19.93
44449.75,19.93
44449.79,19.93
44449.83,19.93
44449.88,19.93
44449.92,19.93
44449.96,19.93
44450,19.93
44450.04,19.93
44450.08,19.93
44450.12,19.93
44450.17,19.93
44450.21,19.93
44450.25,19.93
44450.29,19.93
44450.33,19.93
44450.38,19.93
44450.42,19.93
44450.46,19.93
44450.5,19.93
44450.54,19.93
44450.58,19.93
44450.62,19.93
44450.67,19.93
44450.71,19.93
44450.75,19.93
44450.79,19.93
44450.83,19.93
44450.88,19.93
44450.92,19.93
44450.96,19.93
44451,19.93
44451.04,19.93
44451.08,19.93
44451.12,19.93
44451.17,19.93
44451.21,19.93
44451.25,19.93
44451.29,19.93
44451.33,19.93
44451.38,19.93
44451.42,19.93
44451.46,19.93
44451.5,19.93
44451.54,19.93
44451.58,19.93
44451.62,19.93
44451.67,19.93
44451.71,19.93
44451.75,19.93
44451.79,19.93
44451.83,19.93
44451.88,19.93
44451.92,19.93
44451.96,19.93
44452,19.93
44452.04,19.93
44452.08,19.93
44452.12,19.93
44452.17,19.93
44452.21,19.93
44452.25,19.93
44452.29,19.93
44452.33,19.93
44452.38,19.93
44452.42,19.93
44452.46,19.93
44452.5,19.93
44452.54,19.93
44452.58,19.93
44452.62,19.93
44452.67,19.93
44452.71,19.93
44452.75,19.93
44452.79,19.93
44452.83,19.93
44452.88,19.93
44452.92,19.93
44452.96,19.93
44453,19.93
44453.04,19.93
44453.08,19.93
44453.12,19.93
44453.17,19.93
44453.21,19.93
44453.25,19.93
44453.29,19.93
44453.33,19.93
44453.38,19.93
44453.42,19.93
44453.46,19.93
44453.5,19.93
44453.54,19.93
44453.58,19.93
44453.62,19.93
44453.67,19.93
44453.71,19.93
44453.75,19.93
44453.79,19.93
44453.83,19.93
44453.88,19.93
44453.92,19.93
44453.96,19.93
44454,19.93
44454.04,19.93
44454.08,19.93
44454.12,19.93
44454.17,19.93
44454.21,19.93
44454.25,19.93
44454.29,19.93
44454.33,19.93
44454.38,19.93
44454.42,19.93
44454.46,19.93
44454.5,19.93
44454.54,19.93
44454.58,19.93
44454.62,19.93
44454.67,19.93
44454.71,19.93
44454.75,19.93
44454.79,19.93
44454.83,19.93
44454.88,19.93
44454.92,19.93
44454.96,19.93
44455,19.93
44455.04,19.93
44455.08,19.93
44455.12,19.93
44455.17,19.93
44455.21,19.93
44455.25,19.93
44455.29,19.93
44455.33,19.93
44455.38,19.93
44455.42,19.93
44455.46,19.93
44455.5,19.93
44455.54,19.93
44455.58,19.93
44455.62,19.93
44455.67,19.93
44455.71,19.93
44455.75,19.93
44455.79,19.93
44455.83,19.93
44455.88,19.93
44455.92,19.93
44455.96,19.93
44456,19.93
44456.04,19.93
44456.08,19.93
44456.12,19.93
44456.17,19.93
44456.21,19.93
44456.25,19.93
44456.29,19.93
44456.33,19.93
44456.38,19.93
44456.42,19.93
44456.46,19.93
44456.5,19.93
44456.54,19.93
44456.58,19.93
44456.62,19.93
44456.67,19.93
44456.71,19.93
44456.75,19.93
44456.79,19.93
44456.83,19.93
44456.88,19.93
44456.92,19.93
44456.96,19.93
44457,19.93
44457.04,19.93
44457.08,19.93
44457.12,19.93
44457.17,19.93
44457.21,19.93
44457.25,19.93
44457.29,19.93
44457.33,19.93
44457.38,19.93
44457.42,19.93
44457.46,19.93
44457.5,19.93
44457.54,19.93
44457.58,19.93
44457.62,19.93
44457.67,19.93
44457.71,19.93
44457.75,19.93
44457.79,19.93
44457.83,19.93
44457.88,19.93
44457.92,19.93
44457.96,19.93
44458,19.93
44458.04,19.93
44458.08,19.93
44458.12,19.93
44458.17,19.93
44458.21,19.93
44458.25,19.93
44458.29,19.93
44458.33,19.93
44458.38,19.93
44458.42,19.93
44458.46,19.93
44458.5,19.93
44458.54,19.93
44458.58,19.93
44458.62,19.93
44458.67,19.93
44458.71,19.93
44458.75,19.93
44458.79,19.93
44458.83,19.93
44458.88,19.93
44458.92,19.93
44458.96,19.93
44459,19.93
44459.04,19.93
44459.08,19.93
44459.12,19.93
44459.17,19.93
44459.21,19.93
44459.25,19.93
44459.29,19.93
44459.33,19.93
44459.38,19.93
44459.42,19.93
44459.46,19.93
44459.5,19.93
44459.54,19.93
44459.58,19.93
44459.62,19.93
44459.67,19.93
44459.71,19.93
44459.75,19.93
44459.79,19.93
44459.83,19.93
44459.88,19.93
44459.92,19.93
44459.96,19.93
44460,19.93
44460.04,19.93
44460.08,19.93
44460.12,19.93
44460.17,19.93
44460.21,19.93
44460.25,19.93
44460.29,19.93
44460.33,19.93
44460.38,19.93
44460.42,19.93
44460.46,19.93
44460.5,19.93
44460.54,19.93
44460.58,19.93
44460.62,19.93
44460.67,19.93
44460.71,19.93
44460.75,19.93
44460.79,19.93
44460.83,19.93
44460.88,19.93
44460.92,19.93
44460.96,19.93
44461,19.93
44461.04,19.93
44461.08,19.93
44461.12,19.93
44461.17,19.93
44461.21,19.93
44461.25,19.93
44461.29,19.93
44461.33,19.93
44461.38,19.93
44461.42,19.93
44461.46,19.93
44461.5,19.93
44461.54,19.93
44461.58,19.93
44461.62,19.93
44461.67,19.93
44461.71,19.93
44461.75,19.93
44461.79,19.93
44461.83,19.93
44461.88,19.93
44461.92,19.93
44461.96,19.93
44462,19.93
44462.04,19.93
44462.08,19.93
44462.12,19.93
44462.17,19.93
44462.21,19.93
44462.25,19.93
44462.29,19.93
44462.33,19.93
44462.38,19.93
44462.42,19.93
44462.46,19.93
44462.5,19.93
44462.54,19.93
44462.58,19.93
44462.62,19.93
44462.67,19.93
44462.71,19.93
44462.75,19.93
44462.79,19.93
44462.83,19.93
44462.88,19.93
44462.92,19.93
44462.96,19.93
44463,19.93
44463.04,19.93
44463.08,19.93
44463.12,19.93
44463.17,19.93
44463.21,19.93
44463.25,19.93
44463.29,19.93
44463.33,19.93
44463.38,19.93
44463.42,19.93
44463.46,19.93
44463.5,19.93
44463.54,19.93
44463.58,19.93
44463.62,19.93
44463.67,19.93
44463.71,19.93
44463.75,19.93
44463.79,19.93
44463.83,19.93
44463.88,19.93
44463.92,19.93
44463.96,19.93
44464,19.93
44464.04,19.93
44464.08,19.93
44464.12,19.93
44464.17,19.93
44464.21,19.93
44464.25,19.93
44464.29,19.93
44464.33,19.93
44464.38,19.93
44464.42,19.93
44464.46,19.93
44464.5,19.93
44464.54,19.93
44464.58,19.93
44464.62,19.93
44464.67,19.93
44464.71,19.93
44464.75,19.93
44464.79,19.93
44464.83,19.93
44464.88,19.93
44464.92,19.93
44464.96,19.93
44465,19.93
44465.04,19.93
44465.08,19.93
44465.12,19.93
44465.17,19.93
44465.21,19.93
44465.25,19.93
44465.29,19.93
44465.33,19.93
44465.38,19.93
44465.42,19.93
44465.46,19.93
44465.5,19.93
44465.54,19.93
44465.58,19.93
44465.62,19.93
44465.67,19.93
44465.71,19.93
44465.75,19.93
44465.79,19.93
44465.83,19.93
44465.88,19.93
44465.92,19.93
44465.96,19.93
44466,19.93
44466.04,19.93
44466.08,19.93
44466.12,19.93
44466.17,19.93
44466.21,19.93
44466.25,19.93
44466.29,19.93
44466.33,19.93
44466.38,19.93
44466.42,19.93
44466.46,19.93
44466.5,19.93
44466.54,19.93
44466.58,19.93
44466.62,19.93
44466.67,19.93
44466.71,19.93
44466.75,19.93
44466.79,19.93
44466.83,19.93
44466.88,19.93
44466.92,19.93
44466.96,19.93
44467,19.93
44467.04,19.93
44467.08,19.93
44467.12,19.93
44467.17,19.93
44467.21,19.93
44467.25,19.93
44467.29,19.93
44467.33,19.93
44467.38,19.93
44467.42,19.93
44467.46,19.93
44467.5,19.93
44467.54,19.93
44467.58,19.93
44467.62,19.93
44467.67,19.93
44467.71,19.93
44467.75,19.93
44467.79,19.93
44467.83,19.93
44467.88,19.93
44467.92,19.93
44467.96,19.93
44468,19.93
44468.04,19.93
44468.08,19.93
44468.12,19.93
44468.17,19.93
44468.21,19.93
44468.25,19.93
44468.29,19.93
44468.33,19.93
44468.38,19.93
44468.42,19.93
44468.46,19.93
44468.5,19.93
44468.54,19.93
44468.58,19.93
44468.62,19.93
44468.67,19.93
44468.71,19.93
44468.75,19.93
44468.79,19.93
44468.83,19.93
44468.88,19.93
44468.92,19.93
44468.96,19.93
44469,19.93
44469.04,19.93
44469.08,19.93
44469.12,19.93
44469.17,19.93
44469.21,19.93
44469.25,19.93
44469.29,19.93
44469.33,19.93
44469.38,19.93
44469.42,19.93
44469.46,19.93
44469.5,19.93
44469.54,19.93
44469.58,19.93
44469.62,19.93
44469.67,19.93
44469.71,19.93
44469.75,19.93
44469.79,19.93
44469.83,19.93
44469.88,19.93
44469.92,19.93
44469.96,19.93
44470,18.09
44470.04,18.09
44470.08,18.09
44470.12,18.09
44470.17,18.09
44470.21,18.09
44470.25,18.09
44470.29,18.09
44470.33,18.09
44470.38,18.09
44470.42,18.09
44470.46,18.09
44470.5,18.09
44470.54,18.09
44470.58,18.09
44470.62,18.09
44470.67,18.09
44470.71,18.09
44470.75,18.09
44470.79,18.09
44470.83,18.09
44470.88,18.09
44470.92,18.09
44470.96,18.09
44471,18.09
44471.04,18.09
44471.08,18.09
44471.12,18.09
44471.17,18.09
44471.21,18.09
44471.25,18.09
44471.29,18.09
44471.33,18.09
44471.38,18.09
44471.42,18.09
44471.46,18.09
44471.5,18.09
44471.54,18.09
44471.58,18.09
44471.62,18.09
44471.67,18.09
44471.71,18.09
44471.75,18.09
44471.79,18.09
44471.83,18.09
44471.88,18.09
44471.92,18.09
44471.96,18.09
44472,18.09
44472.04,18.09
44472.08,18.09
44472.12,18.09
44472.17,18.09
44472.21,18.09
44472.25,18.09
44472.29,18.09
44472.33,18.09
44472.38,18.09
44472.42,18.09
44472.46,18.09
44472.5,18.09
44472.54,18.09
44472.58,18.09
44472.62,18.09
44472.67,18.09
44472.71,18.09
44472.75,18.09
44472.79,18.09
44472.83,18.09
44472.88,18.09
44472.92,18.09
44472.96,18.09
44473,18.09
44473.04,18.09
44473.08,18.09
44473.12,18.09
44473.17,18.09
44473.21,18.09
44473.25,18.09
44473.29,18.09
44473.33,18.09
44473.38,18.09
44473.42,18.09
44473.46,18.09
44473.5,18.09
44473.54,18.09
44473.58,18.09
44473.62,18.09
44473.67,18.09
44473.71,18.09
44473.75,18.09
44473.79,18.09
44473.83,18.09
44473.88,18.09
44473.92,18.09
44473.96,18.09
44474,18.09
44474.04,18.09
44474.08,18.09
44474.12,18.09
44474.17,18.09
44474.21,18.09
44474.25,18.09
44474.29,18.09
44474.33,18.09
44474.38,18.09
44474.42,18.09
44474.46,18.09
44474.5,18.09
44474.54,18.09
44474.58,18.09
44474.62,18.09
44474.67,18.09
44474.71,18.09
44474.75,18.09
44474.79,18.09
44474.83,18.09
44474.88,18.09
44474.92,18.09
44474.96,18.09
44475,18.09
44475.04,18.09
44475.08,18.09
44475.12,18.09
44475.17,18.09
44475.21,18.09
44475.25,18.09
44475.29,18.09
44475.33,18.09
44475.38,18.09
44475.42,18.09
44475.46,18.09
44475.5,18.09
44475.54,18.09
44475.58,18.09
44475.62,18.09
44475.67,18.09
44475.71,18.09
44475.75,18.09
44475.79,18.09
44475.83,18.09
44475.88,18.09
44475.92,18.09
44475.96,18.09
44476,18.09
44476.04,18.09
44476.08,18.09
44476.12,18.09
44476.17,18.09
44476.21,18.09
44476.25,18.09
44476.29,18.09
44476.33,18.09
44476.38,18.09
44476.42,18.09
44476.46,18.09
44476.5,18.09
44476.54,18.09
44476.58,18.09
44476.62,18.09
44476.67,18.09
44476.71,18.09
44476.75,18.09
44476.79,18.09
44476.83,18.09
44476.88,18.09
44476.92,18.09
44476.96,18.09
44477,18.09
44477.04,18.09
44477.08,18.09
44477.12,18.09
44477.17,18.09
44477.21,18.09
44477.25,18.09
44477.29,18.09
44477.33,18.09
44477.38,18.09
44477.42,18.09
44477.46,18.09
44477.5,18.09
44477.54,18.09
44477.58,18.09
44477.62,18.09
44477.67,18.09
44477.71,18.09
44477.75,18.09
44477.79,18.09
44477.83,18.09
44477.88,18.09
44477.92,18.09
44477.96,18.09
44478,18.09
44478.04,18.09
44478.08,18.09
44478.12,18.09
44478.17,18.09
44478.21,18.09
44478.25,18.09
44478.29,18.09
44478.33,18.09
44478.38,18.09
44478.42,18.09
44478.46,18.09
44478.5,18.09
44478.54,18.09
44478.58,18.09
44478.62,18.09
44478.67,18.09
44478.71,18.09
44478.75,18.09
44478.79,18.09
44478.83,18.09
44478.88,18.09
44478.92,18.09
44478.96,18.09
44479,18.09
44479.04,18.09
44479.08,18.09
44479.12,18.09
44479.17,18.09
44479.21,18.09
44479.25,18.09
44479.29,18.09
44479.33,18.09
44479.38,18.09
44479.42,18.09
44479.46,18.09
44479.5,18.09
44479.54,18.09
44479.58,18.09
44479.62,18.09
44479.67,18.09
44479.71,18.09
44479.75,18.09
44479.79,18.09
44479.83,18.09
44479.88,18.09
44479.92,18.09
44479.96,18.09
44480,18.09
44480.04,18.09
44480.08,18.09
44480.12,18.09
44480.17,18.09
44480.21,18.09
44480.25,18.09
44480.29,18.09
44480.33,18.09
44480.38,18.09
44480.42,18.09
44480.46,18.09
44480.5,18.09
44480.54,18.09
44480.58,18.09
44480.62,18.09
44480.67,18.09
44480.71,18.09
44480.75,18.09
44480.79,18.09
44480.83,18.09
44480.88,18.09
44480.92,18.09
44480.96,18.09
44481,18.09
44481.04,18.09
44481.08,18.09
44481.12,18.09
44481.17,18.09
44481.21,18.09
44481.25,18.09
44481.29,18.09
44481.33,18.09
44481.38,18.09
44481.42,18.09
44481.46,18.09
44481.5,18.09
44481.54,18.09
44481.58,18.09
44481.62,18.09
44481.67,18.09
44481.71,18.09
44481.75,18.09
44481.79,18.09
44481.83,18.09
44481.88,18.09
44481.92,18.09
44481.96,18.09
44482,18.09
44482.04,18.09
44482.08,18.09
44482.12,18.09
44482.17,18.09
44482.21,18.09
44482.25,18.09
44482.29,18.09
44482.33,18.09
44482.38,18.09
44482.42,18.09
44482.46,18.09
44482.5,18.09
44482.54,18.09
44482.58,18.09
44482.62,18.09
44482.67,18.09
44482.71,18.09
44482.75,18.09
44482.79,18.09
44482.83,18.09
44482.88,18.09
44482.92,18.09
44482.96,18.09
44483,18.09
44483.04,18.09
44483.08,18.09
44483.12,18.09
44483.17,18.09
44483.21,18.09
44483.25,18.09
44483.29,18.09
44483.33,18.09
44483.38,18.09
44483.42,18.09
44483.46,18.09
44483.5,18.09
44483.54,18.09
44483.58,18.09
44483.62,18.09
44483.67,18.09
44483.71,18.09
44483.75,18.09
44483.79,18.09
44483.83,18.09
44483.88,18.09
44483.92,18.09
44483.96,18.09
44484,18.09
44484.04,18.09
44484.08,18.09
44484.12,18.09
44484.17,18.09
44484.21,18.09
44484.25,18.09
44484.29,18.09
44484.33,18.09
44484.38,18.09
44484.42,18.09
44484.46,18.09
44484.5,18.09
44484.54,18.09
44484.58,18.09
44484.62,18.09
44484.67,18.09
44484.71,18.09
44484.75,18.09
44484.79,18.09
44484.83,18.09
44484.88,18.09
44484.92,18.09
44484.96,18.09
44485,18.09
44485.04,18.09
44485.08,18.09
44485.12,18.09
44485.17,18.09
44485.21,18.09
44485.25,18.09
44485.29,18.09
44485.33,18.09
44485.38,18.09
44485.42,18.09
44485.46,18.09
44485.5,18.09
44485.54,18.09
44485.58,18.09
44485.62,18.09
44485.67,18.09
44485.71,18.09
44485.75,18.09
44485.79,18.09
44485.83,18.09
44485.88,18.09
44485.92,18.09
44485.96,18.09
44486,18.09
44486.04,18.09
44486.08,18.09
44486.12,18.09
44486.17,18.09
44486.21,18.09
44486.25,18.09
44486.29,18.09
44486.33,18.09
44486.38,18.09
44486.42,18.09
44486.46,18.09
44486.5,18.09
44486.54,18.09
44486.58,18.09
44486.62,18.09
44486.67,18.09
44486.71,18.09
44486.75,18.09
44486.79,18.09
44486.83,18.09
44486.88,18.09
44486.92,18.09
44486.96,18.09
44487,18.09
44487.04,18.09
44487.08,18.09
44487.12,18.09
44487.17,18.09
44487.21,18.09
44487.25,18.09
44487.29,18.09
44487.33,18.09
44487.38,18.09
44487.42,18.09
44487.46,18.09
44487.5,18.09
44487.54,18.09
44487.58,18.09
44487.62,18.09
44487.67,18.09
44487.71,18.09
44487.75,18.09
44487.79,18.09
44487.83,18.09
44487.88,18.09
44487.92,18.09
44487.96,18.09
44488,18.09
44488.04,18.09
44488.08,18.09
44488.12,18.09
44488.17,18.09
44488.21,18.09
44488.25,18.09
44488.29,18.09
44488.33,18.09
44488.38,18.09
44488.42,18.09
44488.46,18.09
44488.5,18.09
44488.54,18.09
44488.58,18.09
44488.62,18.09
44488.67,18.09
44488.71,18.09
44488.75,18.09
44488.79,18.09
44488.83,18.09
44488.88,18.09
44488.92,18.09
44488.96,18.09
44489,18.09
44489.04,18.09
44489.08,18.09
44489.12,18.09
44489.17,18.09
44489.21,18.09
44489.25,18.09
44489.29,18.09
44489.33,18.09
44489.38,18.09
44489.42,18.09
44489.46,18.09
44489.5,18.09
44489.54,18.09
44489.58,18.09
44489.62,18.09
44489.67,18.09
44489.71,18.09
44489.75,18.09
44489.79,18.09
44489.83,18.09
44489.88,18.09
44489.92,18.09
44489.96,18.09
44490,18.09
44490.04,18.09
44490.08,18.09
44490.12,18.09
44490.17,18.09
44490.21,18.09
44490.25,18.09
44490.29,18.09
44490.33,18.09
44490.38,18.09
44490.42,18.09
44490.46,18.09
44490.5,18.09
44490.54,18.09
44490.58,18.09
44490.62,18.09
44490.67,18.09
44490.71,18.09
44490.75,18.09
44490.79,18.09
44490.83,18.09
44490.88,18.09
44490.92,18.09
44490.96,18.09
44491,18.09
44491.04,18.09
44491.08,18.09
44491.12,18.09
44491.17,18.09
44491.21,18.09
44491.25,18.09
44491.29,18.09
44491.33,18.09
44491.38,18.09
44491.42,18.09
44491.46,18.09
44491.5,18.09
44491.54,18.09
44491.58,18.09
44491.62,18.09
44491.67,18.09
44491.71,18.09
44491.75,18.09
44491.79,18.09
44491.83,18.09
44491.88,18.09
44491.92,18.09
44491.96,18.09
44492,18.09
44492.04,18.09
44492.08,18.09
44492.12,18.09
44492.17,18.09
44492.21,18.09
44492.25,18.09
44492.29,18.09
44492.33,18.09
44492.38,18.09
44492.42,18.09
44492.46,18.09
44492.5,18.09
44492.54,18.09
44492.58,18.09
44492.62,18.09
44492.67,18.09
44492.71,18.09
44492.75,18.09
44492.79,18.09
44492.83,18.09
44492.88,18.09
44492.92,18.09
44492.96,18.09
44493,18.09
44493.04,18.09
44493.08,18.09
44493.12,18.09
44493.17,18.09
44493.21,18.09
44493.25,18.09
44493.29,18.09
44493.33,18.09
44493.38,18.09
44493.42,18.09
44493.46,18.09
44493.5,18.09
44493.54,18.09
44493.58,18.09
44493.62,18.09
44493.67,18.09
44493.71,18.09
44493.75,18.09
44493.79,18.09
44493.83,18.09
44493.88,18.09
44493.92,18.09
44493.96,18.09
44494,18.09
44494.04,18.09
44494.08,18.09
44494.12,18.09
44494.17,18.09
44494.21,18.09
44494.25,18.09
44494.29,18.09
44494.33,18.09
44494.38,18.09
44494.42,18.09
44494.46,18.09
44494.5,18.09
44494.54,18.09
44494.58,18.09
44494.62,18.09
44494.67,18.09
44494.71,18.09
44494.75,18.09
44494.79,18.09
44494.83,18.09
44494.88,18.09
44494.92,18.09
44494.96,18.09
44495,18.09
44495.04,18.09
44495.08,18.09
44495.12,18.09
44495.17,18.09
44495.21,18.09
44495.25,18.09
44495.29,18.09
44495.33,18.09
44495.38,18.09
44495.42,18.09
44495.46,18.09
44495.5,18.09
44495.54,18.09
44495.58,18.09
44495.62,18.09
44495.67,18.09
44495.71,18.09
44495.75,18.09
44495.79,18.09
44495.83,18.09
44495.88,18.09
44495.92,18.09
44495.96,18.09
44496,18.09
44496.04,18.09
44496.08,18.09
44496.12,18.09
44496.17,18.09
44496.21,18.09
44496.25,18.09
44496.29,18.09
44496.33,18.09
44496.38,18.09
44496.42,18.09
44496.46,18.09
44496.5,18.09
44496.54,18.09
44496.58,18.09
44496.62,18.09
44496.67,18.09
44496.71,18.09
44496.75,18.09
44496.79,18.09
44496.83,18.09
44496.88,18.09
44496.92,18.09
44496.96,18.09
44497,18.09
44497.04,18.09
44497.08,18.09
44497.12,18.09
44497.17,18.09
44497.21,18.09
44497.25,18.09
44497.29,18.09
44497.33,18.09
44497.38,18.09
44497.42,18.09
44497.46,18.09
44497.5,18.09
44497.54,18.09
44497.58,18.09
44497.62,18.09
44497.67,18.09
44497.71,18.09
44497.75,18.09
44497.79,18.09
44497.83,18.09
44497.88,18.09
44497.92,18.09
44497.96,18.09
44498,18.09
44498.04,18.09
44498.08,18.09
44498.12,18.09
44498.17,18.09
44498.21,18.09
44498.25,18.09
44498.29,18.09
44498.33,18.09
44498.38,18.09
44498.42,18.09
44498.46,18.09
44498.5,18.09
44498.54,18.09
44498.58,18.09
44498.62,18.09
44498.67,18.09
44498.71,18.09
44498.75,18.09
44498.79,18.09
44498.83,18.09
44498.88,18.09
44498.92,18.09
44498.96,18.09
44499,18.09
44499.04,18.09
44499.08,18.09
44499.12,18.09
44499.17,18.09
44499.21,18.09
44499.25,18.09
44499.29,18.09
44499.33,18.09
44499.38,18.09
44499.42,18.09
44499.46,18.09
44499.5,18.09
44499.54,18.09
44499.58,18.09
44499.62,18.09
44499.67,18.09
44499.71,18.09
44499.75,18.09
44499.79,18.09
44499.83,18.09
44499.88,18.09
44499.92,18.09
44499.96,18.09
44500,18.09
44500.04,18.09
44500.08,18.09
44500.12,18.09
44500.17,18.09
44500.21,18.09
44500.25,18.09
44500.29,18.09
44500.33,18.09
44500.38,18.09
44500.42,18.09
44500.46,18.09
44500.5,18.09
44500.54,18.09
44500.58,18.09
44500.62,18.09
44500.67,18.09
44500.71,18.09
44500.75,18.09
44500.79,18.09
44500.83,18.09
44500.88,18.09
44500.92,18.09
44500.96,18.09
44501,7.95
44501.04,7.95
44501.08,7.95
44501.12,7.95
44501.17,7.95
44501.21,7.95
44501.25,7.95
44501.29,7.95
44501.33,7.95
44501.38,7.95
44501.42,7.95
44501.46,7.95
44501.5,7.95
44501.54,7.95
44501.58,7.95
44501.62,7.95
44501.67,7.95
44501.71,7.95
44501.75,7.95
44501.79,7.95
44501.83,7.95
44501.88,7.95
44501.92,7.95
44501.96,7.95
44502,7.95
44502.04,7.95
44502.08,7.95
44502.12,7.95
44502.17,7.95
44502.21,7.95
44502.25,7.95
44502.29,7.95
44502.33,7.95
44502.38,7.95
44502.42,7.95
44502.46,7.95
44502.5,7.95
44502.54,7.95
44502.58,7.95
44502.62,7.95
44502.67,7.95
44502.71,7.95
44502.75,7.95
44502.79,7.95
44502.83,7.95
44502.88,7.95
44502.92,7.95
44502.96,7.95
44503,7.95
44503.04,7.95
44503.08,7.95
44503.12,7.95
44503.17,7.95
44503.21,7.95
44503.25,7.95
44503.29,7.95
44503.33,7.95
44503.38,7.95
44503.42,7.95
44503.46,7.95
44503.5,7.95
44503.54,7.95
44503.58,7.95
44503.62,7.95
44503.67,7.95
44503.71,7.95
44503.75,7.95
44503.79,7.95
44503.83,7.95
44503.88,7.95
44503.92,7.95
44503.96,7.95
44504,7.95
44504.04,7.95
44504.08,7.95
44504.12,7.95
44504.17,7.95
44504.21,7.95
44504.25,7.95
44504.29,7.95
44504.33,7.95
44504.38,7.95
44504.42,7.95
44504.46,7.95
44504.5,7.95
44504.54,7.95
44504.58,7.95
44504.62,7.95
44504.67,7.95
44504.71,7.95
44504.75,7.95
44504.79,7.95
44504.83,7.95
44504.88,7.95
44504.92,7.95
44504.96,7.95
44505,7.95
44505.04,7.95
44505.08,7.95
44505.12,7.95
44505.17,7.95
44505.21,7.95
44505.25,7.95
44505.29,7.95
44505.33,7.95
44505.38,7.95
44505.42,7.95
44505.46,7.95
44505.5,7.95
44505.54,7.95
44505.58,7.95
44505.62,7.95
44505.67,7.95
44505.71,7.95
44505.75,7.95
44505.79,7.95
44505.83,7.95
44505.88,7.95
44505.92,7.95
44505.96,7.95
44506,7.95
44506.04,7.95
44506.08,7.95
44506.12,7.95
44506.17,7.95
44506.21,7.95
44506.25,7.95
44506.29,7.95
44506.33,7.95
44506.38,7.95
44506.42,7.95
44506.46,7.95
44506.5,7.95
44506.54,7.95
44506.58,7.95
44506.62,7.95
44506.67,7.95
44506.71,7.95
44506.75,7.95
44506.79,7.95
44506.83,7.95
44506.88,7.95
44506.92,7.95
44506.96,7.95
44507,7.95
44507.04,7.95
44507.08,7.95
44507.12,7.95
44507.17,7.95
44507.21,7.95
44507.25,7.95
44507.29,7.95
44507.33,7.95
44507.38,7.95
44507.42,7.95
44507.46,7.95
44507.5,7.95
44507.54,7.95
44507.58,7.95
44507.62,7.95
44507.67,7.95
44507.71,7.95
44507.75,7.95
44507.79,7.95
44507.83,7.95
44507.88,7.95
44507.92,7.95
44507.96,7.95
44508,7.95
44508.04,7.95
44508.08,7.95
44508.12,7.95
44508.17,7.95
44508.21,7.95
44508.25,7.95
44508.29,7.95
44508.33,7.95
44508.38,7.95
44508.42,7.95
44508.46,7.95
44508.5,7.95
44508.54,7.95
44508.58,7.95
44508.62,7.95
44508.67,7.95
44508.71,7.95
44508.75,7.95
44508.79,7.95
44508.83,7.95
44508.88,7.95
44508.92,7.95
44508.96,7.95
44509,7.95
44509.04,7.95
44509.08,7.95
44509.12,7.95
44509.17,7.95
44509.21,7.95
44509.25,7.95
44509.29,7.95
44509.33,7.95
44509.38,7.95
44509.42,7.95
44509.46,7.95
44509.5,7.95
44509.54,7.95
44509.58,7.95
44509.62,7.95
44509.67,7.95
44509.71,7.95
44509.75,7.95
44509.79,7.95
44509.83,7.95
44509.88,7.95
44509.92,7.95
44509.96,7.95
44510,7.95
44510.04,7.95
44510.08,7.95
44510.12,7.95
44510.17,7.95
44510.21,7.95
44510.25,7.95
44510.29,7.95
44510.33,7.95
44510.38,7.95
44510.42,7.95
44510.46,7.95
44510.5,7.95
44510.54,7.95
44510.58,7.95
44510.62,7.95
44510.67,7.95
44510.71,7.95
44510.75,7.95
44510.79,7.95
44510.83,7.95
44510.88,7.95
44510.92,7.95
44510.96,7.95
44511,7.95
44511.04,7.95
44511.08,7.95
44511.12,7.95
44511.17,7.95
44511.21,7.95
44511.25,7.95
44511.29,7.95
44511.33,7.95
44511.38,7.95
44511.42,7.95
44511.46,7.95
44511.5,7.95
44511.54,7.95
44511.58,7.95
44511.62,7.95
44511.67,7.95
44511.71,7.95
44511.75,7.95
44511.79,7.95
44511.83,7.95
44511.88,7.95
44511.92,7.95
44511.96,7.95
44512,7.95
44512.04,7.95
44512.08,7.95
44512.12,7.95
44512.17,7.95
44512.21,7.95
44512.25,7.95
44512.29,7.95
44512.33,7.95
44512.38,7.95
44512.42,7.95
44512.46,7.95
44512.5,7.95
44512.54,7.95
44512.58,7.95
44512.62,7.95
44512.67,7.95
44512.71,7.95
44512.75,7.95
44512.79,7.95
44512.83,7.95
44512.88,7.95
44512.92,7.95
44512.96,7.95
44513,7.95
44513.04,7.95
44513.08,7.95
44513.12,7.95
44513.17,7.95
44513.21,7.95
44513.25,7.95
44513.29,7.95
44513.33,7.95
44513.38,7.95
44513.42,7.95
44513.46,7.95
44513.5,7.95
44513.54,7.95
44513.58,7.95
44513.62,7.95
44513.67,7.95
44513.71,7.95
44513.75,7.95
44513.79,7.95
44513.83,7.95
44513.88,7.95
44513.92,7.95
44513.96,7.95
44514,7.95
44514.04,7.95
44514.08,7.95
44514.12,7.95
44514.17,7.95
44514.21,7.95
44514.25,7.95
44514.29,7.95
44514.33,7.95
44514.38,7.95
44514.42,7.95
44514.46,7.95
44514.5,7.95
44514.54,7.95
44514.58,7.95
44514.62,7.95
44514.67,7.95
44514.71,7.95
44514.75,7.95
44514.79,7.95
44514.83,7.95
44514.88,7.95
44514.92,7.95
44514.96,7.95
44515,7.95
44515.04,7.95
44515.08,7.95
44515.12,7.95
44515.17,7.95
44515.21,7.95
44515.25,7.95
44515.29,7.95
44515.33,7.95
44515.38,7.95
44515.42,7.95
44515.46,7.95
44515.5,7.95
44515.54,7.95
44515.58,7.95
44515.62,7.95
44515.67,7.95
44515.71,7.95
44515.75,7.95
44515.79,7.95
44515.83,7.95
44515.88,7.95
44515.92,7.95
44515.96,7.95
44516,7.95
44516.04,7.95
44516.08,7.95
44516.12,7.95
44516.17,7.95
44516.21,7.95
44516.25,7.95
44516.29,7.95
44516.33,7.95
44516.38,7.95
44516.42,7.95
44516.46,7.95
44516.5,7.95
44516.54,7.95
44516.58,7.95
44516.62,7.95
44516.67,7.95
44516.71,7.95
44516.75,7.95
44516.79,7.95
44516.83,7.95
44516.88,7.95
44516.92,7.95
44516.96,7.95
44517,7.95
44517.04,7.95
44517.08,7.95
44517.12,7.95
44517.17,7.95
44517.21,7.95
44517.25,7.95
44517.29,7.95
44517.33,7.95
44517.38,7.95
44517.42,7.95
44517.46,7.95
44517.5,7.95
44517.54,7.95
44517.58,7.95
44517.62,7.95
44517.67,7.95
44517.71,7.95
44517.75,7.95
44517.79,7.95
44517.83,7.95
44517.88,7.95
44517.92,7.95
44517.96,7.95
44518,7.95
44518.04,7.95
44518.08,7.95
44518.12,7.95
44518.17,7.95
44518.21,7.95
44518.25,7.95
44518.29,7.95
44518.33,7.95
44518.38,7.95
44518.42,7.95
44518.46,7.95
44518.5,7.95
44518.54,7.95
44518.58,7.95
44518.62,7.95
44518.67,7.95
44518.71,7.95
44518.75,7.95
44518.79,7.95
44518.83,7.95
44518.88,7.95
44518.92,7.95
44518.96,7.95
44519,7.95
44519.04,7.95
44519.08,7.95
44519.12,7.95
44519.17,7.95
44519.21,7.95
44519.25,7.95
44519.29,7.95
44519.33,7.95
44519.38,7.95
44519.42,7.95
44519.46,7.95
44519.5,7.95
44519.54,7.95
44519.58,7.95
44519.62,7.95
44519.67,7.95
44519.71,7.95
44519.75,7.95
44519.79,7.95
44519.83,7.95
44519.88,7.95
44519.92,7.95
44519.96,7.95
44520,7.95
44520.04,7.95
44520.08,7.95
44520.12,7.95
44520.17,7.95
44520.21,7.95
44520.25,7.95
44520.29,7.95
44520.33,7.95
44520.38,7.95
44520.42,7.95
44520.46,7.95
44520.5,7.95
44520.54,7.95
44520.58,7.95
44520.62,7.95
44520.67,7.95
44520.71,7.95
44520.75,7.95
44520.79,7.95
44520.83,7.95
44520.88,7.95
44520.92,7.95
44520.96,7.95
44521,7.95
44521.04,7.95
44521.08,7.95
44521.12,7.95
44521.17,7.95
44521.21,7.95
44521.25,7.95
44521.29,7.95
44521.33,7.95
44521.38,7.95
44521.42,7.95
44521.46,7.95
44521.5,7.95
44521.54,7.95
44521.58,7.95
44521.62,7.95
44521.67,7.95
44521.71,7.95
44521.75,7.95
44521.79,7.95
44521.83,7.95
44521.88,7.95
44521.92,7.95
44521.96,7.95
44522,7.95
44522.04,7.95
44522.08,7.95
44522.12,7.95
44522.17,7.95
44522.21,7.95
44522.25,7.95
44522.29,7.95
44522.33,7.95
44522.38,7.95
44522.42,7.95
44522.46,7.95
44522.5,7.95
44522.54,7.95
44522.58,7.95
44522.62,7.95
44522.67,7.95
44522.71,7.95
44522.75,7.95
44522.79,7.95
44522.83,7.95
44522.88,7.95
44522.92,7.95
44522.96,7.95
44523,7.95
44523.04,7.95
44523.08,7.95
44523.12,7.95
44523.17,7.95
44523.21,7.95
44523.25,7.95
44523.29,7.95
44523.33,7.95
44523.38,7.95
44523.42,7.95
44523.46,7.95
44523.5,7.95
44523.54,7.95
44523.58,7.95
44523.62,7.95
44523.67,7.95
44523.71,7.95
44523.75,7.95
44523.79,7.95
44523.83,7.95
44523.88,7.95
44523.92,7.95
44523.96,7.95
44524,7.95
44524.04,7.95
44524.08,7.95
44524.12,7.95
44524.17,7.95
44524.21,7.95
44524.25,7.95
44524.29,7.95
44524.33,7.95
44524.38,7.95
44524.42,7.95
44524.46,7.95
44524.5,7.95
44524.54,7.95
44524.58,7.95
44524.62,7.95
44524.67,7.95
44524.71,7.95
44524.75,7.95
44524.79,7.95
44524.83,7.95
44524.88,7.95
44524.92,7.95
44524.96,7.95
44525,7.95
44525.04,7.95
44525.08,7.95
44525.12,7.95
44525.17,7.95
44525.21,7.95
44525.25,7.95
44525.29,7.95
44525.33,7.95
44525.38,7.95
44525.42,7.95
44525.46,7.95
44525.5,7.95
44525.54,7.95
44525.58,7.95
44525.62,7.95
44525.67,7.95
44525.71,7.95
44525.75,7.95
44525.79,7.95
44525.83,7.95
44525.88,7.95
44525.92,7.95
44525.96,7.95
44526,7.95
44526.04,7.95
44526.08,7.95
44526.12,7.95
44526.17,7.95
44526.21,7.95
44526.25,7.95
44526.29,7.95
44526.33,7.95
44526.38,7.95
44526.42,7.95
44526.46,7.95
44526.5,7.95
44526.54,7.95
44526.58,7.95
44526.62,7.95
44526.67,7.95
44526.71,7.95
44526.75,7.95
44526.79,7.95
44526.83,7.95
44526.88,7.95
44526.92,7.95
44526.96,7.95
44527,7.95
44527.04,7.95
44527.08,7.95
44527.12,7.95
44527.17,7.95
44527.21,7.95
44527.25,7.95
44527.29,7.95
44527.33,7.95
44527.38,7.95
44527.42,7.95
44527.46,7.95
44527.5,7.95
44527.54,7.95
44527.58,7.95
44527.62,7.95
44527.67,7.95
44527.71,7.95
44527.75,7.95
44527.79,7.95
44527.83,7.95
44527.88,7.95
44527.92,7.95
44527.96,7.95
44528,7.95
44528.04,7.95
44528.08,7.95
44528.12,7.95
44528.17,7.95
44528.21,7.95
44528.25,7.95
44528.29,7.95
44528.33,7.95
44528.38,7.95
44528.42,7.95
44528.46,7.95
44528.5,7.95
44528.54,7.95
44528.58,7.95
44528.62,7.95
44528.67,7.95
44528.71,7.95
44528.75,7.95
44528.79,7.95
44528.83,7.95
44528.88,7.95
44528.92,7.95
44528.96,7.95
44529,7.95
44529.04,7.95
44529.08,7.95
44529.12,7.95
44529.17,7.95
44529.21,7.95
44529.25,7.95
44529.29,7.95
44529.33,7.95
44529.38,7.95
44529.42,7.95
44529.46,7.95
44529.5,7.95
44529.54,7.95
44529.58,7.95
44529.62,7.95
44529.67,7.95
44529.71,7.95
44529.75,7.95
44529.79,7.95
44529.83,7.95
44529.88,7.95
44529.92,7.95
44529.96,7.95
44530,7.95
44530.04,7.95
44530.08,7.95
44530.12,7.95
44530.17,7.95
44530.21,7.95
44530.25,7.95
44530.29,7.95
44530.33,7.95
44530.38,7.95
44530.42,7.95
44530.46,7.95
44530.5,7.95
44530.54,7.95
44530.58,7.95
44530.62,7.95
44530.67,7.95
44530.71,7.95
44530.75,7.95
44530.79,7.95
44530.83,7.95
44530.88,7.95
44530.92,7.95
44530.96,7.95
44531,4.61
44531.04,4.61
44531.08,4.61
44531.12,4.61
44531.17,4.61
44531.21,4.61
44531.25,4.61
44531.29,4.61
44531.33,4.61
44531.38,4.61
44531.42,4.61
44531.46,4.61
44531.5,4.61
44531.54,4.61
44531.58,4.61
44531.62,4.61
44531.67,4.61
44531.71,4.61
44531.75,4.61
44531.79,4.61
44531.83,4.61
44531.88,4.61
44531.92,4.61
44531.96,4.61
44532,4.61
44532.04,4.61
44532.08,4.61
44532.12,4.61
44532.17,4.61
44532.21,4.61
44532.25,4.61
44532.29,4.61
44532.33,4.61
44532.38,4.61
44532.42,4.61
44532.46,4.61
44532.5,4.61
44532.54,4.61
44532.58,4.61
44532.62,4.61
44532.67,4.61
44532.71,4.61
44532.75,4.61
44532.79,4.61
44532.83,4.61
44532.88,4.61
44532.92,4.61
44532.96,4.61
44533,4.61
44533.04,4.61
44533.08,4.61
44533.12,4.61
44533.17,4.61
44533.21,4.61
44533.25,4.61
44533.29,4.61
44533.33,4.61
44533.38,4.61
44533.42,4.61
44533.46,4.61
44533.5,4.61
44533.54,4.61
44533.58,4.61
44533.62,4.61
44533.67,4.61
44533.71,4.61
44533.75,4.61
44533.79,4.61
44533.83,4.61
44533.88,4.61
44533.92,4.61
44533.96,4.61
44534,4.61
44534.04,4.61
44534.08,4.61
44534.12,4.61
44534.17,4.61
44534.21,4.61
44534.25,4.61
44534.29,4.61
44534.33,4.61
44534.38,4.61
44534.42,4.61
44534.46,4.61
44534.5,4.61
44534.54,4.61
44534.58,4.61
44534.62,4.61
44534.67,4.61
44534.71,4.61
44534.75,4.61
44534.79,4.61
44534.83,4.61
44534.88,4.61
44534.92,4.61
44534.96,4.61
44535,4.61
44535.04,4.61
44535.08,4.61
44535.12,4.61
44535.17,4.61
44535.21,4.61
44535.25,4.61
44535.29,4.61
44535.33,4.61
44535.38,4.61
44535.42,4.61
44535.46,4.61
44535.5,4.61
44535.54,4.61
44535.58,4.61
44535.62,4.61
44535.67,4.61
44535.71,4.61
44535.75,4.61
44535.79,4.61
44535.83,4.61
44535.88,4.61
44535.92,4.61
44535.96,4.61
44536,4.61
44536.04,4.61
44536.08,4.61
44536.12,4.61
44536.17,4.61
44536.21,4.61
44536.25,4.61
44536.29,4.61
44536.33,4.61
44536.38,4.61
44536.42,4.61
44536.46,4.61
44536.5,4.61
44536.54,4.61
44536.58,4.61
44536.62,4.61
44536.67,4.61
44536.71,4.61
44536.75,4.61
44536.79,4.61
44536.83,4.61
44536.88,4.61
44536.92,4.61
44536.96,4.61
44537,4.61
44537.04,4.61
44537.08,4.61
44537.12,4.61
44537.17,4.61
44537.21,4.61
44537.25,4.61
44537.29,4.61
44537.33,4.61
44537.38,4.61
44537.42,4.61
44537.46,4.61
44537.5,4.61
44537.54,4.61
44537.58,4.61
44537.62,4.61
44537.67,4.61
44537.71,4.61
44537.75,4.61
44537.79,4.61
44537.83,4.61
44537.88,4.61
44537.92,4.61
44537.96,4.61
44538,4.61
44538.04,4.61
44538.08,4.61
44538.12,4.61
44538.17,4.61
44538.21,4.61
44538.25,4.61
44538.29,4.61
44538.33,4.61
44538.38,4.61
44538.42,4.61
44538.46,4.61
44538.5,4.61
44538.54,4.61
44538.58,4.61
44538.62,4.61
44538.67,4.61
44538.71,4.61
44538.75,4.61
44538.79,4.61
44538.83,4.61
44538.88,4.61
44538.92,4.61
44538.96,4.61
44539,4.61
44539.04,4.61
44539.08,4.61
44539.12,4.61
44539.17,4.61
44539.21,4.61
44539.25,4.61
44539.29,4.61
44539.33,4.61
44539.38,4.61
44539.42,4.61
44539.46,4.61
44539.5,4.61
44539.54,4.61
44539.58,4.61
44539.62,4.61
44539.67,4.61
44539.71,4.61
44539.75,4.61
44539.79,4.61
44539.83,4.61
44539.88,4.61
44539.92,4.61
44539.96,4.61
44540,4.61
44540.04,4.61
44540.08,4.61
44540.12,4.61
44540.17,4.61
44540.21,4.61
44540.25,4.61
44540.29,4.61
44540.33,4.61
44540.38,4.61
44540.42,4.61
44540.46,4.61
44540.5,4.61
44540.54,4.61
44540.58,4.61
44540.62,4.61
44540.67,4.61
44540.71,4.61
44540.75,4.61
44540.79,4.61
44540.83,4.61
44540.88,4.61
44540.92,4.61
44540.96,4.61
44541,4.61
44541.04,4.61
44541.08,4.61
44541.12,4.61
44541.17,4.61
44541.21,4.61
44541.25,4.61
44541.29,4.61
44541.33,4.61
44541.38,4.61
44541.42,4.61
44541.46,4.61
44541.5,4.61
44541.54,4.61
44541.58,4.61
44541.62,4.61
44541.67,4.61
44541.71,4.61
44541.75,4.61
44541.79,4.61
44541.83,4.61
44541.88,4.61
44541.92,4.61
44541.96,4.61
44542,4.61
44542.04,4.61
44542.08,4.61
44542.12,4.61
44542.17,4.61
44542.21,4.61
44542.25,4.61
44542.29,4.61
44542.33,4.61
44542.38,4.61
44542.42,4.61
44542.46,4.61
44542.5,4.61
44542.54,4.61
44542.58,4.61
44542.62,4.61
44542.67,4.61
44542.71,4.61
44542.75,4.61
44542.79,4.61
44542.83,4.61
44542.88,4.61
44542.92,4.61
44542.96,4.61
44543,4.61
44543.04,4.61
44543.08,4.61
44543.12,4.61
44543.17,4.61
44543.21,4.61
44543.25,4.61
44543.29,4.61
44543.33,4.61
44543.38,4.61
44543.42,4.61
44543.46,4.61
44543.5,4.61
44543.54,4.61
44543.58,4.61
44543.62,4.61
44543.67,4.61
44543.71,4.61
44543.75,4.61
44543.79,4.61
44543.83,4.61
44543.88,4.61
44543.92,4.61
44543.96,4.61
44544,4.61
44544.04,4.61
44544.08,4.61
44544.12,4.61
44544.17,4.61
44544.21,4.61
44544.25,4.61
44544.29,4.61
44544.33,4.61
44544.38,4.61
44544.42,4.61
44544.46,4.61
44544.5,4.61
44544.54,4.61
44544.58,4.61
44544.62,4.61
44544.67,4.61
44544.71,4.61
44544.75,4.61
44544.79,4.61
44544.83,4.61
44544.88,4.61
44544.92,4.61
44544.96,4.61
44545,4.61
44545.04,4.61
44545.08,4.61
44545.12,4.61
44545.17,4.61
44545.21,4.61
44545.25,4.61
44545.29,4.61
44545.33,4.61
44545.38,4.61
44545.42,4.61
44545.46,4.61
44545.5,4.61
44545.54,4.61
44545.58,4.61
44545.62,4.61
44545.67,4.61
44545.71,4.61
44545.75,4.61
44545.79,4.61
44545.83,4.61
44545.88,4.61
44545.92,4.61
44545.96,4.61
44546,4.61
44546.04,4.61
44546.08,4.61
44546.12,4.61
44546.17,4.61
44546.21,4.61
44546.25,4.61
44546.29,4.61
44546.33,4.61
44546.38,4.61
44546.42,4.61
44546.46,4.61
44546.5,4.61
44546.54,4.61
44546.58,4.61
44546.62,4.61
44546.67,4.61
44546.71,4.61
44546.75,4.61
44546.79,4.61
44546.83,4.61
44546.88,4.61
44546.92,4.61
44546.96,4.61
44547,4.61
44547.04,4.61
44547.08,4.61
44547.12,4.61
44547.17,4.61
44547.21,4.61
44547.25,4.61
44547.29,4.61
44547.33,4.61
44547.38,4.61
44547.42,4.61
44547.46,4.61
44547.5,4.61
44547.54,4.61
44547.58,4.61
44547.62,4.61
44547.67,4.61
44547.71,4.61
44547.75,4.61
44547.79,4.61
44547.83,4.61
44547.88,4.61
44547.92,4.61
44547.96,4.61
44548,4.61
44548.04,4.61
44548.08,4.61
44548.12,4.61
44548.17,4.61
44548.21,4.61
44548.25,4.61
44548.29,4.61
44548.33,4.61
44548.38,4.61
44548.42,4.61
44548.46,4.61
44548.5,4.61
44548.54,4.61
44548.58,4.61
44548.62,4.61
44548.67,4.61
44548.71,4.61
44548.75,4.61
44548.79,4.61
44548.83,4.61
44548.88,4.61
44548.92,4.61
44548.96,4.61
44549,4.61
44549.04,4.61
44549.08,4.61
44549.12,4.61
44549.17,4.61
44549.21,4.61
44549.25,4.61
44549.29,4.61
44549.33,4.61
44549.38,4.61
44549.42,4.61
44549.46,4.61
44549.5,4.61
44549.54,4.61
44549.58,4.61
44549.62,4.61
44549.67,4.61
44549.71,4.61
44549.75,4.61
44549.79,4.61
44549.83,4.61
44549.88,4.61
44549.92,4.61
44549.96,4.61
44550,4.61
44550.04,4.61
44550.08,4.61
44550.12,4.61
44550.17,4.61
44550.21,4.61
44550.25,4.61
44550.29,4.61
44550.33,4.61
44550.38,4.61
44550.42,4.61
44550.46,4.61
44550.5,4.61
44550.54,4.61
44550.58,4.61
44550.62,4.61
44550.67,4.61
44550.71,4.61
44550.75,4.61
44550.79,4.61
44550.83,4.61
44550.88,4.61
44550.92,4.61
44550.96,4.61
44551,4.61
44551.04,4.61
44551.08,4.61
44551.12,4.61
44551.17,4.61
44551.21,4.61
44551.25,4.61
44551.29,4.61
44551.33,4.61
44551.38,4.61
44551.42,4.61
44551.46,4.61
44551.5,4.61
44551.54,4.61
44551.58,4.61
44551.62,4.61
44551.67,4.61
44551.71,4.61
44551.75,4.61
44551.79,4.61
44551.83,4.61
44551.88,4.61
44551.92,4.61
44551.96,4.61
44552,4.61
44552.04,4.61
44552.08,4.61
44552.12,4.61
44552.17,4.61
44552.21,4.61
44552.25,4.61
44552.29,4.61
44552.33,4.61
44552.38,4.61
44552.42,4.61
44552.46,4.61
44552.5,4.61
44552.54,4.61
44552.58,4.61
44552.62,4.61
44552.67,4.61
44552.71,4.61
44552.75,4.61
44552.79,4.61
44552.83,4.61
44552.88,4.61
44552.92,4.61
44552.96,4.61
44553,4.61
44553.04,4.61
44553.08,4.61
44553.12,4.61
44553.17,4.61
44553.21,4.61
44553.25,4.61
44553.29,4.61
44553.33,4.61
44553.38,4.61
44553.42,4.61
44553.46,4.61
44553.5,4.61
44553.54,4.61
44553.58,4.61
44553.62,4.61
44553.67,4.61
44553.71,4.61
44553.75,4.61
44553.79,4.61
44553.83,4.61
44553.88,4.61
44553.92,4.61
44553.96,4.61
44554,4.61
44554.04,4.61
44554.08,4.61
44554.12,4.61
44554.17,4.61
44554.21,4.61
44554.25,4.61
44554.29,4.61
44554.33,4.61
44554.38,4.61
44554.42,4.61
44554.46,4.61
44554.5,4.61
44554.54,4.61
44554.58,4.61
44554.62,4.61
44554.67,4.61
44554.71,4.61
44554.75,4.61
44554.79,4.61
44554.83,4.61
44554.88,4.61
44554.92,4.61
44554.96,4.61
44555,4.61
44555.04,4.61
44555.08,4.61
44555.12,4.61
44555.17,4.61
44555.21,4.61
44555.25,4.61
44555.29,4.61
44555.33,4.61
44555.38,4.61
44555.42,4.61
44555.46,4.61
44555.5,4.61
44555.54,4.61
44555.58,4.61
44555.62,4.61
44555.67,4.61
44555.71,4.61
44555.75,4.61
44555.79,4.61
44555.83,4.61
44555.88,4.61
44555.92,4.61
44555.96,4.61
44556,4.61
44556.04,4.61
44556.08,4.61
44556.12,4.61
44556.17,4.61
44556.21,4.61
44556.25,4.61
44556.29,4.61
44556.33,4.61
44556.38,4.61
44556.42,4.61
44556.46,4.61
44556.5,4.61
44556.54,4.61
44556.58,4.61
44556.62,4.61
44556.67,4.61
44556.71,4.61
44556.75,4.61
44556.79,4.61
44556.83,4.61
44556.88,4.61
44556.92,4.61
44556.96,4.61
44557,4.61
44557.04,4.61
44557.08,4.61
44557.12,4.61
44557.17,4.61
44557.21,4.61
44557.25,4.61
44557.29,4.61
44557.33,4.61
44557.38,4.61
44557.42,4.61
44557.46,4.61
44557.5,4.61
44557.54,4.61
44557.58,4.61
44557.62,4.61
44557.67,4.61
44557.71,4.61
44557.75,4.61
44557.79,4.61
44557.83,4.61
44557.88,4.61
44557.92,4.61
44557.96,4.61
44558,4.61
44558.04,4.61
44558.08,4.61
44558.12,4.61
44558.17,4.61
44558.21,4.61
44558.25,4.61
44558.29,4.61
44558.33,4.61
44558.38,4.61
44558.42,4.61
44558.46,4.61
44558.5,4.61
44558.54,4.61
44558.58,4.61
44558.62,4.61
44558.67,4.61
44558.71,4.61
44558.75,4.61
44558.79,4.61
44558.83,4.61
44558.88,4.61
44558.92,4.61
44558.96,4.61
44559,4.61
44559.04,4.61
44559.08,4.61
44559.12,4.61
44559.17,4.61
44559.21,4.61
44559.25,4.61
44559.29,4.61
44559.33,4.61
44559.38,4.61
44559.42,4.61
44559.46,4.61
44559.5,4.61
44559.54,4.61
44559.58,4.61
44559.62,4.61
44559.67,4.61
44559.71,4.61
44559.75,4.61
44559.79,4.61
44559.83,4.61
44559.88,4.61
44559.92,4.61
44559.96,4.61
44560,4.61
44560.04,4.61
44560.08,4.61
44560.12,4.61
44560.17,4.61
44560.21,4.61
44560.25,4.61
44560.29,4.61
44560.33,4.61
44560.38,4.61
44560.42,4.61
44560.46,4.61
44560.5,4.61
44560.54,4.61
44560.58,4.61
44560.62,4.61
44560.67,4.61
44560.71,4.61
44560.75,4.61
44560.79,4.61
44560.83,4.61
44560.88,4.61
44560.92,4.61
44560.96,4.61
44561,4.61
44561.04,4.61
44561.08,4.61
44561.12,4.61
44561.17,4.61
44561.21,4.61
44561.25,4.61
44561.29,4.61
44561.33,4.61
44561.38,4.61
44561.42,4.61
44561.46,4.61
44561.5,4.61
44561.54,4.61
44561.58,4.61
44561.62,4.61
44561.67,4.61
44561.71,4.61
44561.75,4.61
44561.79,4.61
44561.83,4.61
44561.88,4.61
44561.92,4.61
44561.96,4.61
44562,2.19
44562.04,2.19
44562.08,2.19
44562.12,2.19
44562.17,2.19
44562.21,2.19
44562.25,2.19
44562.29,2.19
44562.33,2.19
44562.38,2.19
44562.42,2.19
44562.46,2.19
44562.5,2.19
44562.54,2.19
44562.58,2.19
44562.62,2.19
44562.67,2.19
44562.71,2.19
44562.75,2.19
44562.79,2.19
44562.83,2.19
44562.88,2.19
44562.92,2.19
44562.96,2.19
44563,2.19
44563.04,2.19
44563.08,2.19
44563.12,2.19
44563.17,2.19
44563.21,2.19
44563.25,2.19
44563.29,2.19
44563.33,2.19
44563.38,2.19
44563.42,2.19
44563.46,2.19
44563.5,2.19
44563.54,2.19
44563.58,2.19
44563.62,2.19
44563.67,2.19
44563.71,2.19
44563.75,2.19
44563.79,2.19
44563.83,2.19
44563.88,2.19
44563.92,2.19
44563.96,2.19
44564,2.19
44564.04,2.19
44564.08,2.19
44564.12,2.19
44564.17,2.19
44564.21,2.19
44564.25,2.19
44564.29,2.19
44564.33,2.19
44564.38,2.19
44564.42,2.19
44564.46,2.19
44564.5,2.19
44564.54,2.19
44564.58,2.19
44564.62,2.19
44564.67,2.19
44564.71,2.19
44564.75,2.19
44564.79,2.19
44564.83,2.19
44564.88,2.19
44564.92,2.19
44564.96,2.19
44565,2.19
44565.04,2.19
44565.08,2.19
44565.12,2.19
44565.17,2.19
44565.21,2.19
44565.25,2.19
44565.29,2.19
44565.33,2.19
44565.38,2.19
44565.42,2.19
44565.46,2.19
44565.5,2.19
44565.54,2.19
44565.58,2.19
44565.62,2.19
44565.67,2.19
44565.71,2.19
44565.75,2.19
44565.79,2.19
44565.83,2.19
44565.88,2.19
44565.92,2.19
44565.96,2.19
44566,2.19
44566.04,2.19
44566.08,2.19
44566.12,2.19
44566.17,2.19
44566.21,2.19
44566.25,2.19
44566.29,2.19
44566.33,2.19
44566.38,2.19
44566.42,2.19
44566.46,2.19
44566.5,2.19
44566.54,2.19
44566.58,2.19
44566.62,2.19
44566.67,2.19
44566.71,2.19
44566.75,2.19
44566.79,2.19
44566.83,2.19
44566.88,2.19
44566.92,2.19
44566.96,2.19
44567,2.19
44567.04,2.19
44567.08,2.19
44567.12,2.19
44567.17,2.19
44567.21,2.19
44567.25,2.19
44567.29,2.19
44567.33,2.19
44567.38,2.19
44567.42,2.19
44567.46,2.19
44567.5,2.19
44567.54,2.19
44567.58,2.19
44567.62,2.19
44567.67,2.19
44567.71,2.19
44567.75,2.19
44567.79,2.19
44567.83,2.19
44567.88,2.19
44567.92,2.19
44567.96,2.19
44568,2.19
44568.04,2.19
44568.08,2.19
44568.12,2.19
44568.17,2.19
44568.21,2.19
44568.25,2.19
44568.29,2.19
44568.33,2.19
44568.38,2.19
44568.42,2.19
44568.46,2.19
44568.5,2.19
44568.54,2.19
44568.58,2.19
44568.62,2.19
44568.67,2.19
44568.71,2.19
44568.75,2.19
44568.79,2.19
44568.83,2.19
44568.88,2.19
44568.92,2.19
44568.96,2.19
44569,2.19
44569.04,2.19
44569.08,2.19
44569.12,2.19
44569.17,2.19
44569.21,2.19
44569.25,2.19
44569.29,2.19
44569.33,2.19
44569.38,2.19
44569.42,2.19
44569.46,2.19
44569.5,2.19
44569.54,2.19
44569.58,2.19
44569.62,2.19
44569.67,2.19
44569.71,2.19
44569.75,2.19
44569.79,2.19
44569.83,2.19
44569.88,2.19
44569.92,2.19
44569.96,2.19
44570,2.19
44570.04,2.19
44570.08,2.19
44570.12,2.19
44570.17,2.19
44570.21,2.19
44570.25,2.19
44570.29,2.19
44570.33,2.19
44570.38,2.19
44570.42,2.19
44570.46,2.19
44570.5,2.19
44570.54,2.19
44570.58,2.19
44570.62,2.19
44570.67,2.19
44570.71,2.19
44570.75,2.19
44570.79,2.19
44570.83,2.19
44570.88,2.19
44570.92,2.19
44570.96,2.19
44571,2.19
44571.04,2.19
44571.08,2.19
44571.12,2.19
44571.17,2.19
44571.21,2.19
44571.25,2.19
44571.29,2.19
44571.33,2.19
44571.38,2.19
44571.42,2.19
44571.46,2.19
44571.5,2.19
44571.54,2.19
44571.58,2.19
44571.62,2.19
44571.67,2.19
44571.71,2.19
44571.75,2.19
44571.79,2.19
44571.83,2.19
44571.88,2.19
44571.92,2.19
44571.96,2.19
44572,2.19
44572.04,2.19
44572.08,2.19
44572.12,2.19
44572.17,2.19
44572.21,2.19
44572.25,2.19
44572.29,2.19
44572.33,2.19
44572.38,2.19
44572.42,2.19
44572.46,2.19
44572.5,2.19
44572.54,2.19
44572.58,2.19
44572.62,2.19
44572.67,2.19
44572.71,2.19
44572.75,2.19
44572.79,2.19
44572.83,2.19
44572.88,2.19
44572.92,2.19
44572.96,2.19
44573,2.19
44573.04,2.19
44573.08,2.19
44573.12,2.19
44573.17,2.19
44573.21,2.19
44573.25,2.19
44573.29,2.19
44573.33,2.19
44573.38,2.19
44573.42,2.19
44573.46,2.19
44573.5,2.19
44573.54,2.19
44573.58,2.19
44573.62,2.19
44573.67,2.19
44573.71,2.19
44573.75,2.19
44573.79,2.19
44573.83,2.19
44573.88,2.19
44573.92,2.19
44573.96,2.19
44574,2.19
44574.04,2.19
44574.08,2.19
44574.12,2.19
44574.17,2.19
44574.21,2.19
44574.25,2.19
44574.29,2.19
44574.33,2.19
44574.38,2.19
44574.42,2.19
44574.46,2.19
44574.5,2.19
44574.54,2.19
44574.58,2.19
44574.62,2.19
44574.67,2.19
44574.71,2.19
44574.75,2.19
44574.79,2.19
44574.83,2.19
44574.88,2.19
44574.92,2.19
44574.96,2.19
44575,2.19
44575.04,2.19
44575.08,2.19
44575.12,2.19
44575.17,2.19
44575.21,2.19
44575.25,2.19
44575.29,2.19
44575.33,2.19
44575.38,2.19
44575.42,2.19
44575.46,2.19
44575.5,2.19
44575.54,2.19
44575.58,2.19
44575.62,2.19
44575.67,2.19
44575.71,2.19
44575.75,2.19
44575.79,2.19
44575.83,2.19
44575.88,2.19
44575.92,2.19
44575.96,2.19
44576,2.19
44576.04,2.19
44576.08,2.19
44576.12,2.19
44576.17,2.19
44576.21,2.19
44576.25,2.19
44576.29,2.19
44576.33,2.19
44576.38,2.19
44576.42,2.19
44576.46,2.19
44576.5,2.19
44576.54,2.19
44576.58,2.19
44576.62,2.19
44576.67,2.19
44576.71,2.19
44576.75,2.19
44576.79,2.19
44576.83,2.19
44576.88,2.19
44576.92,2.19
44576.96,2.19
44577,2.19
44577.04,2.19
44577.08,2.19
44577.12,2.19
44577.17,2.19
44577.21,2.19
44577.25,2.19
44577.29,2.19
44577.33,2.19
44577.38,2.19
44577.42,2.19
44577.46,2.19
44577.5,2.19
44577.54,2.19
44577.58,2.19
44577.62,2.19
44577.67,2.19
44577.71,2.19
44577.75,2.19
44577.79,2.19
44577.83,2.19
44577.88,2.19
44577.92,2.19
44577.96,2.19
44578,2.19
44578.04,2.19
44578.08,2.19
44578.12,2.19
44578.17,2.19
44578.21,2.19
44578.25,2.19
44578.29,2.19
44578.33,2.19
44578.38,2.19
44578.42,2.19
44578.46,2.19
44578.5,2.19
44578.54,2.19
44578.58,2.19
44578.62,2.19
44578.67,2.19
44578.71,2.19
44578.75,2.19
44578.79,2.19
44578.83,2.19
44578.88,2.19
44578.92,2.19
44578.96,2.19
44579,2.19
44579.04,2.19
44579.08,2.19
44579.12,2.19
44579.17,2.19
44579.21,2.19
44579.25,2.19
44579.29,2.19
44579.33,2.19
44579.38,2.19
44579.42,2.19
44579.46,2.19
44579.5,2.19
44579.54,2.19
44579.58,2.19
44579.62,2.19
44579.67,2.19
44579.71,2.19
44579.75,2.19
44579.79,2.19
44579.83,2.19
44579.88,2.19
44579.92,2.19
44579.96,2.19
44580,2.19
44580.04,2.19
44580.08,2.19
44580.12,2.19
44580.17,2.19
44580.21,2.19
44580.25,2.19
44580.29,2.19
44580.33,2.19
44580.38,2.19
44580.42,2.19
44580.46,2.19
44580.5,2.19
44580.54,2.19
44580.58,2.19
44580.62,2.19
44580.67,2.19
44580.71,2.19
44580.75,2.19
44580.79,2.19
44580.83,2.19
44580.88,2.19
44580.92,2.19
44580.96,2.19
44581,2.19
44581.04,2.19
44581.08,2.19
44581.12,2.19
44581.17,2.19
44581.21,2.19
44581.25,2.19
44581.29,2.19
44581.33,2.19
44581.38,2.19
44581.42,2.19
44581.46,2.19
44581.5,2.19
44581.54,2.19
44581.58,2.19
44581.62,2.19
44581.67,2.19
44581.71,2.19
44581.75,2.19
44581.79,2.19
44581.83,2.19
44581.88,2.19
44581.92,2.19
44581.96,2.19
44582,2.19
44582.04,2.19
44582.08,2.19
44582.12,2.19
44582.17,2.19
44582.21,2.19
44582.25,2.19
44582.29,2.19
44582.33,2.19
44582.38,2.19
44582.42,2.19
44582.46,2.19
44582.5,2.19
44582.54,2.19
44582.58,2.19
44582.62,2.19
44582.67,2.19
44582.71,2.19
44582.75,2.19
44582.79,2.19
44582.83,2.19
44582.88,2.19
44582.92,2.19
44582.96,2.19
44583,2.19
44583.04,2.19
44583.08,2.19
44583.12,2.19
44583.17,2.19
44583.21,2.19
44583.25,2.19
44583.29,2.19
44583.33,2.19
44583.38,2.19
44583.42,2.19
44583.46,2.19
44583.5,2.19
44583.54,2.19
44583.58,2.19
44583.62,2.19
44583.67,2.19
44583.71,2.19
44583.75,2.19
44583.79,2.19
44583.83,2.19
44583.88,2.19
44583.92,2.19
44583.96,2.19
44584,2.19
44584.04,2.19
44584.08,2.19
44584.12,2.19
44584.17,2.19
44584.21,2.19
44584.25,2.19
44584.29,2.19
44584.33,2.19
44584.38,2.19
44584.42,2.19
44584.46,2.19
44584.5,2.19
44584.54,2.19
44584.58,2.19
44584.62,2.19
44584.67,2.19
44584.71,2.19
44584.75,2.19
44584.79,2.19
44584.83,2.19
44584.88,2.19
44584.92,2.19
44584.96,2.19
44585,2.19
44585.04,2.19
44585.08,2.19
44585.12,2.19
44585.17,2.19
44585.21,2.19
44585.25,2.19
44585.29,2.19
44585.33,2.19
44585.38,2.19
44585.42,2.19
44585.46,2.19
44585.5,2.19
44585.54,2.19
44585.58,2.19
44585.62,2.19
44585.67,2.19
44585.71,2.19
44585.75,2.19
44585.79,2.19
44585.83,2.19
44585.88,2.19
44585.92,2.19
44585.96,2.19
44586,2.19
44586.04,2.19
44586.08,2.19
44586.12,2.19
44586.17,2.19
44586.21,2.19
44586.25,2.19
44586.29,2.19
44586.33,2.19
44586.38,2.19
44586.42,2.19
44586.46,2.19
44586.5,2.19
44586.54,2.19
44586.58,2.19
44586.62,2.19
44586.67,2.19
44586.71,2.19
44586.75,2.19
44586.79,2.19
44586.83,2.19
44586.88,2.19
44586.92,2.19
44586.96,2.19
44587,2.19
44587.04,2.19
44587.08,2.19
44587.12,2.19
44587.17,2.19
44587.21,2.19
44587.25,2.19
44587.29,2.19
44587.33,2.19
44587.38,2.19
44587.42,2.19
44587.46,2.19
44587.5,2.19
44587.54,2.19
44587.58,2.19
44587.62,2.19
44587.67,2.19
44587.71,2.19
44587.75,2.19
44587.79,2.19
44587.83,2.19
44587.88,2.19
44587.92,2.19
44587.96,2.19
44588,2.19
44588.04,2.19
44588.08,2.19
44588.12,2.19
44588.17,2.19
44588.21,2.19
44588.25,2.19
44588.29,2.19
44588.33,2.19
44588.38,2.19
44588.42,2.19
44588.46,2.19
44588.5,2.19
44588.54,2.19
44588.58,2.19
44588.62,2.19
44588.67,2.19
44588.71,2.19
44588.75,2.19
44588.79,2.19
44588.83,2.19
44588.88,2.19
44588.92,2.19
44588.96,2.19
44589,2.19
44589.04,2.19
44589.08,2.19
44589.12,2.19
44589.17,2.19
44589.21,2.19
44589.25,2.19
44589.29,2.19
44589.33,2.19
44589.38,2.19
44589.42,2.19
44589.46,2.19
44589.5,2.19
44589.54,2.19
44589.58,2.19
44589.62,2.19
44589.67,2.19
44589.71,2.19
44589.75,2.19
44589.79,2.19
44589.83,2.19
44589.88,2.19
44589.92,2.19
44589.96,2.19
44590,2.19
44590.04,2.19
44590.08,2.19
44590.12,2.19
44590.17,2.19
44590.21,2.19
44590.25,2.19
44590.29,2.19
44590.33,2.19
44590.38,2.19
44590.42,2.19
44590.46,2.19
44590.5,2.19
44590.54,2.19
44590.58,2.19
44590.62,2.19
44590.67,2.19
44590.71,2.19
44590.75,2.19
44590.79,2.19
44590.83,2.19
44590.88,2.19
44590.92,2.19
44590.96,2.19
44591,2.19
44591.04,2.19
44591.08,2.19
44591.12,2.19
44591.17,2.19
44591.21,2.19
44591.25,2.19
44591.29,2.19
44591.33,2.19
44591.38,2.19
44591.42,2.19
44591.46,2.19
44591.5,2.19
44591.54,2.19
44591.58,2.19
44591.62,2.19
44591.67,2.19
44591.71,2.19
44591.75,2.19
44591.79,2.19
44591.83,2.19
44591.88,2.19
44591.92,2.19
44591.96,2.19
44592,2.19
44592.04,2.19
44592.08,2.19
44592.12,2.19
44592.17,2.19
44592.21,2.19
44592.25,2.19
44592.29,2.19
44592.33,2.19
44592.38,2.19
44592.42,2.19
44592.46,2.19
44592.5,2.19
44592.54,2.19
44592.58,2.19
44592.62,2.19
44592.67,2.19
44592.71,2.19
44592.75,2.19
44592.79,2.19
44592.83,2.19
44592.88,2.19
44592.92,2.19
44592.96,2.19
44593,1.96
44593.04,1.96
44593.08,1.96
44593.12,1.96
44593.17,1.96
44593.21,1.96
44593.25,1.96
44593.29,1.96
44593.33,1.96
44593.38,1.96
44593.42,1.96
44593.46,1.96
44593.5,1.96
44593.54,1.96
44593.58,1.96
44593.62,1.96
44593.67,1.96
44593.71,1.96
44593.75,1.96
44593.79,1.96
44593.83,1.96
44593.88,1.96
44593.92,1.96
44593.96,1.96
44594,1.96
44594.04,1.96
44594.08,1.96
44594.12,1.96
44594.17,1.96
44594.21,1.96
44594.25,1.96
44594.29,1.96
44594.33,1.96
44594.38,1.96
44594.42,1.96
44594.46,1.96
44594.5,1.96
44594.54,1.96
44594.58,1.96
44594.62,1.96
44594.67,1.96
44594.71,1.96
44594.75,1.96
44594.79,1.96
44594.83,1.96
44594.88,1.96
44594.92,1.96
44594.96,1.96
44595,1.96
44595.04,1.96
44595.08,1.96
44595.12,1.96
44595.17,1.96
44595.21,1.96
44595.25,1.96
44595.29,1.96
44595.33,1.96
44595.38,1.96
44595.42,1.96
44595.46,1.96
44595.5,1.96
44595.54,1.96
44595.58,1.96
44595.62,1.96
44595.67,1.96
44595.71,1.96
44595.75,1.96
44595.79,1.96
44595.83,1.96
44595.88,1.96
44595.92,1.96
44595.96,1.96
44596,1.96
44596.04,1.96
44596.08,1.96
44596.12,1.96
44596.17,1.96
44596.21,1.96
44596.25,1.96
44596.29,1.96
44596.33,1.96
44596.38,1.96
44596.42,1.96
44596.46,1.96
44596.5,1.96
44596.54,1.96
44596.58,1.96
44596.62,1.96
44596.67,1.96
44596.71,1.96
44596.75,1.96
44596.79,1.96
44596.83,1.96
44596.88,1.96
44596.92,1.96
44596.96,1.96
44597,1.96
44597.04,1.96
44597.08,1.96
44597.12,1.96
44597.17,1.96
44597.21,1.96
44597.25,1.96
44597.29,1.96
44597.33,1.96
44597.38,1.96
44597.42,1.96
44597.46,1.96
44597.5,1.96
44597.54,1.96
44597.58,1.96
44597.62,1.96
44597.67,1.96
44597.71,1.96
44597.75,1.96
44597.79,1.96
44597.83,1.96
44597.88,1.96
44597.92,1.96
44597.96,1.96
44598,1.96
44598.04,1.96
44598.08,1.96
44598.12,1.96
44598.17,1.96
44598.21,1.96
44598.25,1.96
44598.29,1.96
44598.33,1.96
44598.38,1.96
44598.42,1.96
44598.46,1.96
44598.5,1.96
44598.54,1.96
44598.58,1.96
44598.62,1.96
44598.67,1.96
44598.71,1.96
44598.75,1.96
44598.79,1.96
44598.83,1.96
44598.88,1.96
44598.92,1.96
44598.96,1.96
44599,1.96
44599.04,1.96
44599.08,1.96
44599.12,1.96
44599.17,1.96
44599.21,1.96
44599.25,1.96
44599.29,1.96
44599.33,1.96
44599.38,1.96
44599.42,1.96
44599.46,1.96
44599.5,1.96
44599.54,1.96
44599.58,1.96
44599.62,1.96
44599.67,1.96
44599.71,1.96
44599.75,1.96
44599.79,1.96
44599.83,1.96
44599.88,1.96
44599.92,1.96
44599.96,1.96
44600,1.96
44600.04,1.96
44600.08,1.96
44600.12,1.96
44600.17,1.96
44600.21,1.96
44600.25,1.96
44600.29,1.96
44600.33,1.96
44600.38,1.96
44600.42,1.96
44600.46,1.96
44600.5,1.96
44600.54,1.96
44600.58,1.96
44600.62,1.96
44600.67,1.96
44600.71,1.96
44600.75,1.96
44600.79,1.96
44600.83,1.96
44600.88,1.96
44600.92,1.96
44600.96,1.96
44601,1.96
44601.04,1.96
44601.08,1.96
44601.12,1.96
44601.17,1.96
44601.21,1.96
44601.25,1.96
44601.29,1.96
44601.33,1.96
44601.38,1.96
44601.42,1.96
44601.46,1.96
44601.5,1.96
44601.54,1.96
44601.58,1.96
44601.62,1.96
44601.67,1.96
44601.71,1.96
44601.75,1.96
44601.79,1.96
44601.83,1.96
44601.88,1.96
44601.92,1.96
44601.96,1.96
44602,1.96
44602.04,1.96
44602.08,1.96
44602.12,1.96
44602.17,1.96
44602.21,1.96
44602.25,1.96
44602.29,1.96
44602.33,1.96
44602.38,1.96
44602.42,1.96
44602.46,1.96
44602.5,1.96
44602.54,1.96
44602.58,1.96
44602.62,1.96
44602.67,1.96
44602.71,1.96
44602.75,1.96
44602.79,1.96
44602.83,1.96
44602.88,1.96
44602.92,1.96
44602.96,1.96
44603,1.96
44603.04,1.96
44603.08,1.96
44603.12,1.96
44603.17,1.96
44603.21,1.96
44603.25,1.96
44603.29,1.96
44603.33,1.96
44603.38,1.96
44603.42,1.96
44603.46,1.96
44603.5,1.96
44603.54,1.96
44603.58,1.96
44603.62,1.96
44603.67,1.96
44603.71,1.96
44603.75,1.96
44603.79,1.96
44603.83,1.96
44603.88,1.96
44603.92,1.96
44603.96,1.96
44604,1.96
44604.04,1.96
44604.08,1.96
44604.12,1.96
44604.17,1.96
44604.21,1.96
44604.25,1.96
44604.29,1.96
44604.33,1.96
44604.38,1.96
44604.42,1.96
44604.46,1.96
44604.5,1.96
44604.54,1.96
44604.58,1.96
44604.62,1.96
44604.67,1.96
44604.71,1.96
44604.75,1.96
44604.79,1.96
44604.83,1.96
44604.88,1.96
44604.92,1.96
44604.96,1.96
44605,1.96
44605.04,1.96
44605.08,1.96
44605.12,1.96
44605.17,1.96
44605.21,1.96
44605.25,1.96
44605.29,1.96
44605.33,1.96
44605.38,1.96
44605.42,1.96
44605.46,1.96
44605.5,1.96
44605.54,1.96
44605.58,1.96
44605.62,1.96
44605.67,1.96
44605.71,1.96
44605.75,1.96
44605.79,1.96
44605.83,1.96
44605.88,1.96
44605.92,1.96
44605.96,1.96
44606,1.96
44606.04,1.96
44606.08,1.96
44606.12,1.96
44606.17,1.96
44606.21,1.96
44606.25,1.96
44606.29,1.96
44606.33,1.96
44606.38,1.96
44606.42,1.96
44606.46,1.96
44606.5,1.96
44606.54,1.96
44606.58,1.96
44606.62,1.96
44606.67,1.96
44606.71,1.96
44606.75,1.96
44606.79,1.96
44606.83,1.96
44606.88,1.96
44606.92,1.96
44606.96,1.96
44607,1.96
44607.04,1.96
44607.08,1.96
44607.12,1.96
44607.17,1.96
44607.21,1.96
44607.25,1.96
44607.29,1.96
44607.33,1.96
44607.38,1.96
44607.42,1.96
44607.46,1.96
44607.5,1.96
44607.54,1.96
44607.58,1.96
44607.62,1.96
44607.67,1.96
44607.71,1.96
44607.75,1.96
44607.79,1.96
44607.83,1.96
44607.88,1.96
44607.92,1.96
44607.96,1.96
44608,1.96
44608.04,1.96
44608.08,1.96
44608.12,1.96
44608.17,1.96
44608.21,1.96
44608.25,1.96
44608.29,1.96
44608.33,1.96
44608.38,1.96
44608.42,1.96
44608.46,1.96
44608.5,1.96
44608.54,1.96
44608.58,1.96
44608.62,1.96
44608.67,1.96
44608.71,1.96
44608.75,1.96
44608.79,1.96
44608.83,1.96
44608.88,1.96
44608.92,1.96
44608.96,1.96
44609,1.96
44609.04,1.96
44609.08,1.96
44609.12,1.96
44609.17,1.96
44609.21,1.96
44609.25,1.96
44609.29,1.96
44609.33,1.96
44609.38,1.96
44609.42,1.96
44609.46,1.96
44609.5,1.96
44609.54,1.96
44609.58,1.96
44609.62,1.96
44609.67,1.96
44609.71,1.96
44609.75,1.96
44609.79,1.96
44609.83,1.96
44609.88,1.96
44609.92,1.96
44609.96,1.96
44610,1.96
44610.04,1.96
44610.08,1.96
44610.12,1.96
44610.17,1.96
44610.21,1.96
44610.25,1.96
44610.29,1.96
44610.33,1.96
44610.38,1.96
44610.42,1.96
44610.46,1.96
44610.5,1.96
44610.54,1.96
44610.58,1.96
44610.62,1.96
44610.67,1.96
44610.71,1.96
44610.75,1.96
44610.79,1.96
44610.83,1.96
44610.88,1.96
44610.92,1.96
44610.96,1.96
44611,1.96
44611.04,1.96
44611.08,1.96
44611.12,1.96
44611.17,1.96
44611.21,1.96
44611.25,1.96
44611.29,1.96
44611.33,1.96
44611.38,1.96
44611.42,1.96
44611.46,1.96
44611.5,1.96
44611.54,1.96
44611.58,1.96
44611.62,1.96
44611.67,1.96
44611.71,1.96
44611.75,1.96
44611.79,1.96
44611.83,1.96
44611.88,1.96
44611.92,1.96
44611.96,1.96
44612,1.96
44612.04,1.96
44612.08,1.96
44612.12,1.96
44612.17,1.96
44612.21,1.96
44612.25,1.96
44612.29,1.96
44612.33,1.96
44612.38,1.96
44612.42,1.96
44612.46,1.96
44612.5,1.96
44612.54,1.96
44612.58,1.96
44612.62,1.96
44612.67,1.96
44612.71,1.96
44612.75,1.96
44612.79,1.96
44612.83,1.96
44612.88,1.96
44612.92,1.96
44612.96,1.96
44613,1.96
44613.04,1.96
44613.08,1.96
44613.12,1.96
44613.17,1.96
44613.21,1.96
44613.25,1.96
44613.29,1.96
44613.33,1.96
44613.38,1.96
44613.42,1.96
44613.46,1.96
44613.5,1.96
44613.54,1.96
44613.58,1.96
44613.62,1.96
44613.67,1.96
44613.71,1.96
44613.75,1.96
44613.79,1.96
44613.83,1.96
44613.88,1.96
44613.92,1.96
44613.96,1.96
44614,1.96
44614.04,1.96
44614.08,1.96
44614.12,1.96
44614.17,1.96
44614.21,1.96
44614.25,1.96
44614.29,1.96
44614.33,1.96
44614.38,1.96
44614.42,1.96
44614.46,1.96
44614.5,1.96
44614.54,1.96
44614.58,1.96
44614.62,1.96
44614.67,1.96
44614.71,1.96
44614.75,1.96
44614.79,1.96
44614.83,1.96
44614.88,1.96
44614.92,1.96
44614.96,1.96
44615,1.96
44615.04,1.96
44615.08,1.96
44615.12,1.96
44615.17,1.96
44615.21,1.96
44615.25,1.96
44615.29,1.96
44615.33,1.96
44615.38,1.96
44615.42,1.96
44615.46,1.96
44615.5,1.96
44615.54,1.96
44615.58,1.96
44615.62,1.96
44615.67,1.96
44615.71,1.96
44615.75,1.96
44615.79,1.96
44615.83,1.96
44615.88,1.96
44615.92,1.96
44615.96,1.96
44616,1.96
44616.04,1.96
44616.08,1.96
44616.12,1.96
44616.17,1.96
44616.21,1.96
44616.25,1.96
44616.29,1.96
44616.33,1.96
44616.38,1.96
44616.42,1.96
44616.46,1.96
44616.5,1.96
44616.54,1.96
44616.58,1.96
44616.62,1.96
44616.67,1.96
44616.71,1.96
44616.75,1.96
44616.79,1.96
44616.83,1.96
44616.88,1.96
44616.92,1.96
44616.96,1.96
44617,1.96
44617.04,1.96
44617.08,1.96
44617.12,1.96
44617.17,1.96
44617.21,1.96
44617.25,1.96
44617.29,1.96
44617.33,1.96
44617.38,1.96
44617.42,1.96
44617.46,1.96
44617.5,1.96
44617.54,1.96
44617.58,1.96
44617.62,1.96
44617.67,1.96
44617.71,1.96
44617.75,1.96
44617.79,1.96
44617.83,1.96
44617.88,1.96
44617.92,1.96
44617.96,1.96
44618,1.96
44618.04,1.96
44618.08,1.96
44618.12,1.96
44618.17,1.96
44618.21,1.96
44618.25,1.96
44618.29,1.96
44618.33,1.96
44618.38,1.96
44618.42,1.96
44618.46,1.96
44618.5,1.96
44618.54,1.96
44618.58,1.96
44618.62,1.96
44618.67,1.96
44618.71,1.96
44618.75,1.96
44618.79,1.96
44618.83,1.96
44618.88,1.96
44618.92,1.96
44618.96,1.96
44619,1.96
44619.04,1.96
44619.08,1.96
44619.12,1.96
44619.17,1.96
44619.21,1.96
44619.25,1.96
44619.29,1.96
44619.33,1.96
44619.38,1.96
44619.42,1.96
44619.46,1.96
44619.5,1.96
44619.54,1.96
44619.58,1.96
44619.62,1.96
44619.67,1.96
44619.71,1.96
44619.75,1.96
44619.79,1.96
44619.83,1.96
44619.88,1.96
44619.92,1.96
44619.96,1.96
44620,1.96
44620.04,1.96
44620.08,1.96
44620.12,1.96
44620.17,1.96
44620.21,1.96
44620.25,1.96
44620.29,1.96
44620.33,1.96
44620.38,1.96
44620.42,1.96
44620.46,1.96
44620.5,1.96
44620.54,1.96
44620.58,1.96
44620.62,1.96
44620.67,1.96
44620.71,1.96
44620.75,1.96
44620.79,1.96
44620.83,1.96
44620.88,1.96
44620.92,1.96
44620.96,1.96
44621,2.65
44621.04,2.65
44621.08,2.65
44621.12,2.65
44621.17,2.65
44621.21,2.65
44621.25,2.65
44621.29,2.65
44621.33,2.65
44621.38,2.65
44621.42,2.65
44621.46,2.65
44621.5,2.65
44621.54,2.65
44621.58,2.65
44621.62,2.65
44621.67,2.65
44621.71,2.65
44621.75,2.65
44621.79,2.65
44621.83,2.65
44621.88,2.65
44621.92,2.65
44621.96,2.65
44622,2.65
44622.04,2.65
44622.08,2.65
44622.12,2.65
44622.17,2.65
44622.21,2.65
44622.25,2.65
44622.29,2.65
44622.33,2.65
44622.38,2.65
44622.42,2.65
44622.46,2.65
44622.5,2.65
44622.54,2.65
44622.58,2.65
44622.62,2.65
44622.67,2.65
44622.71,2.65
44622.75,2.65
44622.79,2.65
44622.83,2.65
44622.88,2.65
44622.92,2.65
44622.96,2.65
44623,2.65
44623.04,2.65
44623.08,2.65
44623.12,2.65
44623.17,2.65
44623.21,2.65
44623.25,2.65
44623.29,2.65
44623.33,2.65
44623.38,2.65
44623.42,2.65
44623.46,2.65
44623.5,2.65
44623.54,2.65
44623.58,2.65
44623.62,2.65
44623.67,2.65
44623.71,2.65
44623.75,2.65
44623.79,2.65
44623.83,2.65
44623.88,2.65
44623.92,2.65
44623.96,2.65
44624,2.65
44624.04,2.65
44624.08,2.65
44624.12,2.65
44624.17,2.65
44624.21,2.65
44624.25,2.65
44624.29,2.65
44624.33,2.65
44624.38,2.65
44624.42,2.65
44624.46,2.65
44624.5,2.65
44624.54,2.65
44624.58,2.65
44624.62,2.65
44624.67,2.65
44624.71,2.65
44624.75,2.65
44624.79,2.65
44624.83,2.65
44624.88,2.65
44624.92,2.65
44624.96,2.65
44625,2.65
44625.04,2.65
44625.08,2.65
44625.12,2.65
44625.17,2.65
44625.21,2.65
44625.25,2.65
44625.29,2.65
44625.33,2.65
44625.38,2.65
44625.42,2.65
44625.46,2.65
44625.5,2.65
44625.54,2.65
44625.58,2.65
44625.62,2.65
44625.67,2.65
44625.71,2.65
44625.75,2.65
44625.79,2.65
44625.83,2.65
44625.88,2.65
44625.92,2.65
44625.96,2.65
44626,2.65
44626.04,2.65
44626.08,2.65
44626.12,2.65
44626.17,2.65
44626.21,2.65
44626.25,2.65
44626.29,2.65
44626.33,2.65
44626.38,2.65
44626.42,2.65
44626.46,2.65
44626.5,2.65
44626.54,2.65
44626.58,2.65
44626.62,2.65
44626.67,2.65
44626.71,2.65
44626.75,2.65
44626.79,2.65
44626.83,2.65
44626.88,2.65
44626.92,2.65
44626.96,2.65
44627,2.65
44627.04,2.65
44627.08,2.65
44627.12,2.65
44627.17,2.65
44627.21,2.65
44627.25,2.65
44627.29,2.65
44627.33,2.65
44627.38,2.65
44627.42,2.65
44627.46,2.65
44627.5,2.65
44627.54,2.65
44627.58,2.65
44627.62,2.65
44627.67,2.65
44627.71,2.65
44627.75,2.65
44627.79,2.65
44627.83,2.65
44627.88,2.65
44627.92,2.65
44627.96,2.65
44628,2.65
44628.04,2.65
44628.08,2.65
44628.12,2.65
44628.17,2.65
44628.21,2.65
44628.25,2.65
44628.29,2.65
44628.33,2.65
44628.38,2.65
44628.42,2.65
44628.46,2.65
44628.5,2.65
44628.54,2.65
44628.58,2.65
44628.62,2.65
44628.67,2.65
44628.71,2.65
44628.75,2.65
44628.79,2.65
44628.83,2.65
44628.88,2.65
44628.92,2.65
44628.96,2.65
44629,2.65
44629.04,2.65
44629.08,2.65
44629.12,2.65
44629.17,2.65
44629.21,2.65
44629.25,2.65
44629.29,2.65
44629.33,2.65
44629.38,2.65
44629.42,2.65
44629.46,2.65
44629.5,2.65
44629.54,2.65
44629.58,2.65
44629.62,2.65
44629.67,2.65
44629.71,2.65
44629.75,2.65
44629.79,2.65
44629.83,2.65
44629.88,2.65
44629.92,2.65
44629.96,2.65
44630,2.65
44630.04,2.65
44630.08,2.65
44630.12,2.65
44630.17,2.65
44630.21,2.65
44630.25,2.65
44630.29,2.65
44630.33,2.65
44630.38,2.65
44630.42,2.65
44630.46,2.65
44630.5,2.65
44630.54,2.65
44630.58,2.65
44630.62,2.65
44630.67,2.65
44630.71,2.65
44630.75,2.65
44630.79,2.65
44630.83,2.65
44630.88,2.65
44630.92,2.65
44630.96,2.65
44631,2.65
44631.04,2.65
44631.08,2.65
44631.12,2.65
44631.17,2.65
44631.21,2.65
44631.25,2.65
44631.29,2.65
44631.33,2.65
44631.38,2.65
44631.42,2.65
44631.46,2.65
44631.5,2.65
44631.54,2.65
44631.58,2.65
44631.62,2.65
44631.67,2.65
44631.71,2.65
44631.75,2.65
44631.79,2.65
44631.83,2.65
44631.88,2.65
44631.92,2.65
44631.96,2.65
44632,2.65
44632.04,2.65
44632.08,2.65
44632.12,2.65
44632.17,2.65
44632.21,2.65
44632.25,2.65
44632.29,2.65
44632.33,2.65
44632.38,2.65
44632.42,2.65
44632.46,2.65
44632.5,2.65
44632.54,2.65
44632.58,2.65
44632.62,2.65
44632.67,2.65
44632.71,2.65
44632.75,2.65
44632.79,2.65
44632.83,2.65
44632.88,2.65
44632.92,2.65
44632.96,2.65
44633,2.65
44633.04,2.65
44633.08,2.65
44633.12,2.65
44633.17,2.65
44633.21,2.65
44633.25,2.65
44633.29,2.65
44633.33,2.65
44633.38,2.65
44633.42,2.65
44633.46,2.65
44633.5,2.65
44633.54,2.65
44633.58,2.65
44633.62,2.65
44633.67,2.65
44633.71,2.65
44633.75,2.65
44633.79,2.65
44633.83,2.65
44633.88,2.65
44633.92,2.65
44633.96,2.65
44634,2.65
44634.04,2.65
44634.08,2.65
44634.12,2.65
44634.17,2.65
44634.21,2.65
44634.25,2.65
44634.29,2.65
44634.33,2.65
44634.38,2.65
44634.42,2.65
44634.46,2.65
44634.5,2.65
44634.54,2.65
44634.58,2.65
44634.62,2.65
44634.67,2.65
44634.71,2.65
44634.75,2.65
44634.79,2.65
44634.83,2.65
44634.88,2.65
44634.92,2.65
44634.96,2.65
44635,2.65
44635.04,2.65
44635.08,2.65
44635.12,2.65
44635.17,2.65
44635.21,2.65
44635.25,2.65
44635.29,2.65
44635.33,2.65
44635.38,2.65
44635.42,2.65
44635.46,2.65
44635.5,2.65
44635.54,2.65
44635.58,2.65
44635.62,2.65
44635.67,2.65
44635.71,2.65
44635.75,2.65
44635.79,2.65
44635.83,2.65
44635.88,2.65
44635.92,2.65
44635.96,2.65
44636,2.65
44636.04,2.65
44636.08,2.65
44636.12,2.65
44636.17,2.65
44636.21,2.65
44636.25,2.65
44636.29,2.65
44636.33,2.65
44636.38,2.65
44636.42,2.65
44636.46,2.65
44636.5,2.65
44636.54,2.65
44636.58,2.65
44636.62,2.65
44636.67,2.65
44636.71,2.65
44636.75,2.65
44636.79,2.65
44636.83,2.65
44636.88,2.65
44636.92,2.65
44636.96,2.65
44637,2.65
44637.04,2.65
44637.08,2.65
44637.12,2.65
44637.17,2.65
44637.21,2.65
44637.25,2.65
44637.29,2.65
44637.33,2.65
44637.38,2.65
44637.42,2.65
44637.46,2.65
44637.5,2.65
44637.54,2.65
44637.58,2.65
44637.62,2.65
44637.67,2.65
44637.71,2.65
44637.75,2.65
44637.79,2.65
44637.83,2.65
44637.88,2.65
44637.92,2.65
44637.96,2.65
44638,2.65
44638.04,2.65
44638.08,2.65
44638.12,2.65
44638.17,2.65
44638.21,2.65
44638.25,2.65
44638.29,2.65
44638.33,2.65
44638.38,2.65
44638.42,2.65
44638.46,2.65
44638.5,2.65
44638.54,2.65
44638.58,2.65
44638.62,2.65
44638.67,2.65
44638.71,2.65
44638.75,2.65
44638.79,2.65
44638.83,2.65
44638.88,2.65
44638.92,2.65
44638.96,2.65
44639,2.65
44639.04,2.65
44639.08,2.65
44639.12,2.65
44639.17,2.65
44639.21,2.65
44639.25,2.65
44639.29,2.65
44639.33,2.65
44639.38,2.65
44639.42,2.65
44639.46,2.65
44639.5,2.65
44639.54,2.65
44639.58,2.65
44639.62,2.65
44639.67,2.65
44639.71,2.65
44639.75,2.65
44639.79,2.65
44639.83,2.65
44639.88,2.65
44639.92,2.65
44639.96,2.65
44640,2.65
44640.04,2.65
44640.08,2.65
44640.12,2.65
44640.17,2.65
44640.21,2.65
44640.25,2.65
44640.29,2.65
44640.33,2.65
44640.38,2.65
44640.42,2.65
44640.46,2.65
44640.5,2.65
44640.54,2.65
44640.58,2.65
44640.62,2.65
44640.67,2.65
44640.71,2.65
44640.75,2.65
44640.79,2.65
44640.83,2.65
44640.88,2.65
44640.92,2.65
44640.96,2.65
44641,2.65
44641.04,2.65
44641.08,2.65
44641.12,2.65
44641.17,2.65
44641.21,2.65
44641.25,2.65
44641.29,2.65
44641.33,2.65
44641.38,2.65
44641.42,2.65
44641.46,2.65
44641.5,2.65
44641.54,2.65
44641.58,2.65
44641.62,2.65
44641.67,2.65
44641.71,2.65
44641.75,2.65
44641.79,2.65
44641.83,2.65
44641.88,2.65
44641.92,2.65
44641.96,2.65
44642,2.65
44642.04,2.65
44642.08,2.65
44642.12,2.65
44642.17,2.65
44642.21,2.65
44642.25,2.65
44642.29,2.65
44642.33,2.65
44642.38,2.65
44642.42,2.65
44642.46,2.65
44642.5,2.65
44642.54,2.65
44642.58,2.65
44642.62,2.65
44642.67,2.65
44642.71,2.65
44642.75,2.65
44642.79,2.65
44642.83,2.65
44642.88,2.65
44642.92,2.65
44642.96,2.65
44643,2.65
44643.04,2.65
44643.08,2.65
44643.12,2.65
44643.17,2.65
44643.21,2.65
44643.25,2.65
44643.29,2.65
44643.33,2.65
44643.38,2.65
44643.42,2.65
44643.46,2.65
44643.5,2.65
44643.54,2.65
44643.58,2.65
44643.62,2.65
44643.67,2.65
44643.71,2.65
44643.75,2.65
44643.79,2.65
44643.83,2.65
44643.88,2.65
44643.92,2.65
44643.96,2.65
44644,2.65
44644.04,2.65
44644.08,2.65
44644.12,2.65
44644.17,2.65
44644.21,2.65
44644.25,2.65
44644.29,2.65
44644.33,2.65
44644.38,2.65
44644.42,2.65
44644.46,2.65
44644.5,2.65
44644.54,2.65
44644.58,2.65
44644.62,2.65
44644.67,2.65
44644.71,2.65
44644.75,2.65
44644.79,2.65
44644.83,2.65
44644.88,2.65
44644.92,2.65
44644.96,2.65
44645,2.65
44645.04,2.65
44645.08,2.65
44645.12,2.65
44645.17,2.65
44645.21,2.65
44645.25,2.65
44645.29,2.65
44645.33,2.65
44645.38,2.65
44645.42,2.65
44645.46,2.65
44645.5,2.65
44645.54,2.65
44645.58,2.65
44645.62,2.65
44645.67,2.65
44645.71,2.65
44645.75,2.65
44645.79,2.65
44645.83,2.65
44645.88,2.65
44645.92,2.65
44645.96,2.65
44646,2.65
44646.04,2.65
44646.08,2.65
44646.12,2.65
44646.17,2.65
44646.21,2.65
44646.25,2.65
44646.29,2.65
44646.33,2.65
44646.38,2.65
44646.42,2.65
44646.46,2.65
44646.5,2.65
44646.54,2.65
44646.58,2.65
44646.62,2.65
44646.67,2.65
44646.71,2.65
44646.75,2.65
44646.79,2.65
44646.83,2.65
44646.88,2.65
44646.92,2.65
44646.96,2.65
44647,2.65
44647.04,2.65
44647.08,2.65
44647.12,2.65
44647.17,2.65
44647.21,2.65
44647.25,2.65
44647.29,2.65
44647.33,2.65
44647.38,2.65
44647.42,2.65
44647.46,2.65
44647.5,2.65
44647.54,2.65
44647.58,2.65
44647.62,2.65
44647.67,2.65
44647.71,2.65
44647.75,2.65
44647.79,2.65
44647.83,2.65
44647.88,2.65
44647.92,2.65
44647.96,2.65
44648,2.65
44648.04,2.65
44648.08,2.65
44648.12,2.65
44648.17,2.65
44648.21,2.65
44648.25,2.65
44648.29,2.65
44648.33,2.65
44648.38,2.65
44648.42,2.65
44648.46,2.65
44648.5,2.65
44648.54,2.65
44648.58,2.65
44648.62,2.65
44648.67,2.65
44648.71,2.65
44648.75,2.65
44648.79,2.65
44648.83,2.65
44648.88,2.65
44648.92,2.65
44648.96,2.65
44649,2.65
44649.04,2.65
44649.08,2.65
44649.12,2.65
44649.17,2.65
44649.21,2.65
44649.25,2.65
44649.29,2.65
44649.33,2.65
44649.38,2.65
44649.42,2.65
44649.46,2.65
44649.5,2.65
44649.54,2.65
44649.58,2.65
44649.62,2.65
44649.67,2.65
44649.71,2.65
44649.75,2.65
44649.79,2.65
44649.83,2.65
44649.88,2.65
44649.92,2.65
44649.96,2.65
44650,2.65
44650.04,2.65
44650.08,2.65
44650.12,2.65
44650.17,2.65
44650.21,2.65
44650.25,2.65
44650.29,2.65
44650.33,2.65
44650.38,2.65
44650.42,2.65
44650.46,2.65
44650.5,2.65
44650.54,2.65
44650.58,2.65
44650.62,2.65
44650.67,2.65
44650.71,2.65
44650.75,2.65
44650.79,2.65
44650.83,2.65
44650.88,2.65
44650.92,2.65
44650.96,2.65
44651,2.65
44651.04,2.65
44651.08,2.65
44651.12,2.65
44651.17,2.65
44651.21,2.65
44651.25,2.65
44651.29,2.65
44651.33,2.65
44651.38,2.65
44651.42,2.65
44651.46,2.65
44651.5,2.65
44651.54,2.65
44651.58,2.65
44651.62,2.65
44651.67,2.65
44651.71,2.65
44651.75,2.65
44651.79,2.65
44651.83,2.65
44651.88,2.65
44651.92,2.65
44651.96,2.65
44652,1.84
44652.04,1.84
44652.08,1.84
44652.12,1.84
44652.17,1.84
44652.21,1.84
44652.25,1.84
44652.29,1.84
44652.33,1.84
44652.38,1.84
44652.42,1.84
44652.46,1.84
44652.5,1.84
44652.54,1.84
44652.58,1.84
44652.62,1.84
44652.67,1.84
44652.71,1.84
44652.75,1.84
44652.79,1.84
44652.83,1.84
44652.88,1.84
44652.92,1.84
44652.96,1.84
44653,1.84
44653.04,1.84
44653.08,1.84
44653.12,1.84
44653.17,1.84
44653.21,1.84
44653.25,1.84
44653.29,1.84
44653.33,1.84
44653.38,1.84
44653.42,1.84
44653.46,1.84
44653.5,1.84
44653.54,1.84
44653.58,1.84
44653.62,1.84
44653.67,1.84
44653.71,1.84
44653.75,1.84
44653.79,1.84
44653.83,1.84
44653.88,1.84
44653.92,1.84
44653.96,1.84
44654,1.84
44654.04,1.84
44654.08,1.84
44654.12,1.84
44654.17,1.84
44654.21,1.84
44654.25,1.84
44654.29,1.84
44654.33,1.84
44654.38,1.84
44654.42,1.84
44654.46,1.84
44654.5,1.84
44654.54,1.84
44654.58,1.84
44654.62,1.84
44654.67,1.84
44654.71,1.84
44654.75,1.84
44654.79,1.84
44654.83,1.84
44654.88,1.84
44654.92,1.84
44654.96,1.84
44655,1.84
44655.04,1.84
44655.08,1.84
44655.12,1.84
44655.17,1.84
44655.21,1.84
44655.25,1.84
44655.29,1.84
44655.33,1.84
44655.38,1.84
44655.42,1.84
44655.46,1.84
44655.5,1.84
44655.54,1.84
44655.58,1.84
44655.62,1.84
44655.67,1.84
44655.71,1.84
44655.75,1.84
44655.79,1.84
44655.83,1.84
44655.88,1.84
44655.92,1.84
44655.96,1.84
44656,1.84
44656.04,1.84
44656.08,1.84
44656.12,1.84
44656.17,1.84
44656.21,1.84
44656.25,1.84
44656.29,1.84
44656.33,1.84
44656.38,1.84
44656.42,1.84
44656.46,1.84
44656.5,1.84
44656.54,1.84
44656.58,1.84
44656.62,1.84
44656.67,1.84
44656.71,1.84
44656.75,1.84
44656.79,1.84
44656.83,1.84
44656.88,1.84
44656.92,1.84
44656.96,1.84
44657,1.84
44657.04,1.84
44657.08,1.84
44657.12,1.84
44657.17,1.84
44657.21,1.84
44657.25,1.84
44657.29,1.84
44657.33,1.84
44657.38,1.84
44657.42,1.84
44657.46,1.84
44657.5,1.84
44657.54,1.84
44657.58,1.84
44657.62,1.84
44657.67,1.84
44657.71,1.84
44657.75,1.84
44657.79,1.84
44657.83,1.84
44657.88,1.84
44657.92,1.84
44657.96,1.84
44658,1.84
44658.04,1.84
44658.08,1.84
44658.12,1.84
44658.17,1.84
44658.21,1.84
44658.25,1.84
44658.29,1.84
44658.33,1.84
44658.38,1.84
44658.42,1.84
44658.46,1.84
44658.5,1.84
44658.54,1.84
44658.58,1.84
44658.62,1.84
44658.67,1.84
44658.71,1.84
44658.75,1.84
44658.79,1.84
44658.83,1.84
44658.88,1.84
44658.92,1.84
44658.96,1.84
44659,1.84
44659.04,1.84
44659.08,1.84
44659.12,1.84
44659.17,1.84
44659.21,1.84
44659.25,1.84
44659.29,1.84
44659.33,1.84
44659.38,1.84
44659.42,1.84
44659.46,1.84
44659.5,1.84
44659.54,1.84
44659.58,1.84
44659.62,1.84
44659.67,1.84
44659.71,1.84
44659.75,1.84
44659.79,1.84
44659.83,1.84
44659.88,1.84
44659.92,1.84
44659.96,1.84
44660,1.84
44660.04,1.84
44660.08,1.84
44660.12,1.84
44660.17,1.84
44660.21,1.84
44660.25,1.84
44660.29,1.84
44660.33,1.84
44660.38,1.84
44660.42,1.84
44660.46,1.84
44660.5,1.84
44660.54,1.84
44660.58,1.84
44660.62,1.84
44660.67,1.84
44660.71,1.84
44660.75,1.84
44660.79,1.84
44660.83,1.84
44660.88,1.84
44660.92,1.84
44660.96,1.84
44661,1.84
44661.04,1.84
44661.08,1.84
44661.12,1.84
44661.17,1.84
44661.21,1.84
44661.25,1.84
44661.29,1.84
44661.33,1.84
44661.38,1.84
44661.42,1.84
44661.46,1.84
44661.5,1.84
44661.54,1.84
44661.58,1.84
44661.62,1.84
44661.67,1.84
44661.71,1.84
44661.75,1.84
44661.79,1.84
44661.83,1.84
44661.88,1.84
44661.92,1.84
44661.96,1.84
44662,1.84
44662.04,1.84
44662.08,1.84
44662.12,1.84
44662.17,1.84
44662.21,1.84
44662.25,1.84
44662.29,1.84
44662.33,1.84
44662.38,1.84
44662.42,1.84
44662.46,1.84
44662.5,1.84
44662.54,1.84
44662.58,1.84
44662.62,1.84
44662.67,1.84
44662.71,1.84
44662.75,1.84
44662.79,1.84
44662.83,1.84
44662.88,1.84
44662.92,1.84
44662.96,1.84
44663,1.84
44663.04,1.84
44663.08,1.84
44663.12,1.84
44663.17,1.84
44663.21,1.84
44663.25,1.84
44663.29,1.84
44663.33,1.84
44663.38,1.84
44663.42,1.84
44663.46,1.84
44663.5,1.84
44663.54,1.84
44663.58,1.84
44663.62,1.84
44663.67,1.84
44663.71,1.84
44663.75,1.84
44663.79,1.84
44663.83,1.84
44663.88,1.84
44663.92,1.84
44663.96,1.84
44664,1.84
44664.04,1.84
44664.08,1.84
44664.12,1.84
44664.17,1.84
44664.21,1.84
44664.25,1.84
44664.29,1.84
44664.33,1.84
44664.38,1.84
44664.42,1.84
44664.46,1.84
44664.5,1.84
44664.54,1.84
44664.58,1.84
44664.62,1.84
44664.67,1.84
44664.71,1.84
44664.75,1.84
44664.79,1.84
44664.83,1.84
44664.88,1.84
44664.92,1.84
44664.96,1.84
44665,1.84
44665.04,1.84
44665.08,1.84
44665.12,1.84
44665.17,1.84
44665.21,1.84
44665.25,1.84
44665.29,1.84
44665.33,1.84
44665.38,1.84
44665.42,1.84
44665.46,1.84
44665.5,1.84
44665.54,1.84
44665.58,1.84
44665.62,1.84
44665.67,1.84
44665.71,1.84
44665.75,1.84
44665.79,1.84
44665.83,1.84
44665.88,1.84
44665.92,1.84
44665.96,1.84
44666,1.84
44666.04,1.84
44666.08,1.84
44666.12,1.84
44666.17,1.84
44666.21,1.84
44666.25,1.84
44666.29,1.84
44666.33,1.84
44666.38,1.84
44666.42,1.84
44666.46,1.84
44666.5,1.84
44666.54,1.84
44666.58,1.84
44666.62,1.84
44666.67,1.84
44666.71,1.84
44666.75,1.84
44666.79,1.84
44666.83,1.84
44666.88,1.84
44666.92,1.84
44666.96,1.84
44667,1.84
44667.04,1.84
44667.08,1.84
44667.12,1.84
44667.17,1.84
44667.21,1.84
44667.25,1.84
44667.29,1.84
44667.33,1.84
44667.38,1.84
44667.42,1.84
44667.46,1.84
44667.5,1.84
44667.54,1.84
44667.58,1.84
44667.62,1.84
44667.67,1.84
44667.71,1.84
44667.75,1.84
44667.79,1.84
44667.83,1.84
44667.88,1.84
44667.92,1.84
44667.96,1.84
44668,1.84
44668.04,1.84
44668.08,1.84
44668.12,1.84
44668.17,1.84
44668.21,1.84
44668.25,1.84
44668.29,1.84
44668.33,1.84
44668.38,1.84
44668.42,1.84
44668.46,1.84
44668.5,1.84
44668.54,1.84
44668.58,1.84
44668.62,1.84
44668.67,1.84
44668.71,1.84
44668.75,1.84
44668.79,1.84
44668.83,1.84
44668.88,1.84
44668.92,1.84
44668.96,1.84
44669,1.84
44669.04,1.84
44669.08,1.84
44669.12,1.84
44669.17,1.84
44669.21,1.84
44669.25,1.84
44669.29,1.84
44669.33,1.84
44669.38,1.84
44669.42,1.84
44669.46,1.84
44669.5,1.84
44669.54,1.84
44669.58,1.84
44669.62,1.84
44669.67,1.84
44669.71,1.84
44669.75,1.84
44669.79,1.84
44669.83,1.84
44669.88,1.84
44669.92,1.84
44669.96,1.84
44670,1.84
44670.04,1.84
44670.08,1.84
44670.12,1.84
44670.17,1.84
44670.21,1.84
44670.25,1.84
44670.29,1.84
44670.33,1.84
44670.38,1.84
44670.42,1.84
44670.46,1.84
44670.5,1.84
44670.54,1.84
44670.58,1.84
44670.62,1.84
44670.67,1.84
44670.71,1.84
44670.75,1.84
44670.79,1.84
44670.83,1.84
44670.88,1.84
44670.92,1.84
44670.96,1.84
44671,1.84
44671.04,1.84
44671.08,1.84
44671.12,1.84
44671.17,1.84
44671.21,1.84
44671.25,1.84
44671.29,1.84
44671.33,1.84
44671.38,1.84
44671.42,1.84
44671.46,1.84
44671.5,1.84
44671.54,1.84
44671.58,1.84
44671.62,1.84
44671.67,1.84
44671.71,1.84
44671.75,1.84
44671.79,1.84
44671.83,1.84
44671.88,1.84
44671.92,1.84
44671.96,1.84
44672,1.84
44672.04,1.84
44672.08,1.84
44672.12,1.84
44672.17,1.84
44672.21,1.84
44672.25,1.84
44672.29,1.84
44672.33,1.84
44672.38,1.84
44672.42,1.84
44672.46,1.84
44672.5,1.84
44672.54,1.84
44672.58,1.84
44672.62,1.84
44672.67,1.84
44672.71,1.84
44672.75,1.84
44672.79,1.84
44672.83,1.84
44672.88,1.84
44672.92,1.84
44672.96,1.84
44673,1.84
44673.04,1.84
44673.08,1.84
44673.12,1.84
44673.17,1.84
44673.21,1.84
44673.25,1.84
44673.29,1.84
44673.33,1.84
44673.38,1.84
44673.42,1.84
44673.46,1.84
44673.5,1.84
44673.54,1.84
44673.58,1.84
44673.62,1.84
44673.67,1.84
44673.71,1.84
44673.75,1.84
44673.79,1.84
44673.83,1.84
44673.88,1.84
44673.92,1.84
44673.96,1.84
44674,1.84
44674.04,1.84
44674.08,1.84
44674.12,1.84
44674.17,1.84
44674.21,1.84
44674.25,1.84
44674.29,1.84
44674.33,1.84
44674.38,1.84
44674.42,1.84
44674.46,1.84
44674.5,1.84
44674.54,1.84
44674.58,1.84
44674.62,1.84
44674.67,1.84
44674.71,1.84
44674.75,1.84
44674.79,1.84
44674.83,1.84
44674.88,1.84
44674.92,1.84
44674.96,1.84
44675,1.84
44675.04,1.84
44675.08,1.84
44675.12,1.84
44675.17,1.84
44675.21,1.84
44675.25,1.84
44675.29,1.84
44675.33,1.84
44675.38,1.84
44675.42,1.84
44675.46,1.84
44675.5,1.84
44675.54,1.84
44675.58,1.84
44675.62,1.84
44675.67,1.84
44675.71,1.84
44675.75,1.84
44675.79,1.84
44675.83,1.84
44675.88,1.84
44675.92,1.84
44675.96,1.84
44676,1.84
44676.04,1.84
44676.08,1.84
44676.12,1.84
44676.17,1.84
44676.21,1.84
44676.25,1.84
44676.29,1.84
44676.33,1.84
44676.38,1.84
44676.42,1.84
44676.46,1.84
44676.5,1.84
44676.54,1.84
44676.58,1.84
44676.62,1.84
44676.67,1.84
44676.71,1.84
44676.75,1.84
44676.79,1.84
44676.83,1.84
44676.88,1.84
44676.92,1.84
44676.96,1.84
44677,1.84
44677.04,1.84
44677.08,1.84
44677.12,1.84
44677.17,1.84
44677.21,1.84
44677.25,1.84
44677.29,1.84
44677.33,1.84
44677.38,1.84
44677.42,1.84
44677.46,1.84
44677.5,1.84
44677.54,1.84
44677.58,1.84
44677.62,1.84
44677.67,1.84
44677.71,1.84
44677.75,1.84
44677.79,1.84
44677.83,1.84
44677.88,1.84
44677.92,1.84
44677.96,1.84
44678,1.84
44678.04,1.84
44678.08,1.84
44678.12,1.84
44678.17,1.84
44678.21,1.84
44678.25,1.84
44678.29,1.84
44678.33,1.84
44678.38,1.84
44678.42,1.84
44678.46,1.84
44678.5,1.84
44678.54,1.84
44678.58,1.84
44678.62,1.84
44678.67,1.84
44678.71,1.84
44678.75,1.84
44678.79,1.84
44678.83,1.84
44678.88,1.84
44678.92,1.84
44678.96,1.84
44679,1.84
44679.04,1.84
44679.08,1.84
44679.12,1.84
44679.17,1.84
44679.21,1.84
44679.25,1.84
44679.29,1.84
44679.33,1.84
44679.38,1.84
44679.42,1.84
44679.46,1.84
44679.5,1.84
44679.54,1.84
44679.58,1.84
44679.62,1.84
44679.67,1.84
44679.71,1.84
44679.75,1.84
44679.79,1.84
44679.83,1.84
44679.88,1.84
44679.92,1.84
44679.96,1.84
44680,1.84
44680.04,1.84
44680.08,1.84
44680.12,1.84
44680.17,1.84
44680.21,1.84
44680.25,1.84
44680.29,1.84
44680.33,1.84
44680.38,1.84
44680.42,1.84
44680.46,1.84
44680.5,1.84
44680.54,1.84
44680.58,1.84
44680.62,1.84
44680.67,1.84
44680.71,1.84
44680.75,1.84
44680.79,1.84
44680.83,1.84
44680.88,1.84
44680.92,1.84
44680.96,1.84
44681,1.84
44681.04,1.84
44681.08,1.84
44681.12,1.84
44681.17,1.84
44681.21,1.84
44681.25,1.84
44681.29,1.84
44681.33,1.84
44681.38,1.84
44681.42,1.84
44681.46,1.84
44681.5,1.84
44681.54,1.84
44681.58,1.84
44681.62,1.84
44681.67,1.84
44681.71,1.84
44681.75,1.84
44681.79,1.84
44681.83,1.84
44681.88,1.84
44681.92,1.84
44681.96,1.84
44682,1.5
44682.04,1.5
44682.08,1.5
44682.12,1.5
44682.17,1.5
44682.21,1.5
44682.25,1.5
44682.29,1.5
44682.33,1.5
44682.38,1.5
44682.42,1.5
44682.46,1.5
44682.5,1.5
44682.54,1.5
44682.58,1.5
44682.62,1.5
44682.67,1.5
44682.71,1.5
44682.75,1.5
44682.79,1.5
44682.83,1.5
44682.88,1.5
44682.92,1.5
44682.96,1.5
44683,1.5
44683.04,1.5
44683.08,1.5
44683.12,1.5
44683.17,1.5
44683.21,1.5
44683.25,1.5
44683.29,1.5
44683.33,1.5
44683.38,1.5
44683.42,1.5
44683.46,1.5
44683.5,1.5
44683.54,1.5
44683.58,1.5
44683.62,1.5
44683.67,1.5
44683.71,1.5
44683.75,1.5
44683.79,1.5
44683.83,1.5
44683.88,1.5
44683.92,1.5
44683.96,1.5
44684,1.5
44684.04,1.5
44684.08,1.5
44684.12,1.5
44684.17,1.5
44684.21,1.5
44684.25,1.5
44684.29,1.5
44684.33,1.5
44684.38,1.5
44684.42,1.5
44684.46,1.5
44684.5,1.5
44684.54,1.5
44684.58,1.5
44684.62,1.5
44684.67,1.5
44684.71,1.5
44684.75,1.5
44684.79,1.5
44684.83,1.5
44684.88,1.5
44684.92,1.5
44684.96,1.5
44685,1.5
44685.04,1.5
44685.08,1.5
44685.12,1.5
44685.17,1.5
44685.21,1.5
44685.25,1.5
44685.29,1.5
44685.33,1.5
44685.38,1.5
44685.42,1.5
44685.46,1.5
44685.5,1.5
44685.54,1.5
44685.58,1.5
44685.62,1.5
44685.67,1.5
44685.71,1.5
44685.75,1.5
44685.79,1.5
44685.83,1.5
44685.88,1.5
44685.92,1.5
44685.96,1.5
44686,1.5
44686.04,1.5
44686.08,1.5
44686.12,1.5
44686.17,1.5
44686.21,1.5
44686.25,1.5
44686.29,1.5
44686.33,1.5
44686.38,1.5
44686.42,1.5
44686.46,1.5
44686.5,1.5
44686.54,1.5
44686.58,1.5
44686.62,1.5
44686.67,1.5
44686.71,1.5
44686.75,1.5
44686.79,1.5
44686.83,1.5
44686.88,1.5
44686.92,1.5
44686.96,1.5
44687,1.5
44687.04,1.5
44687.08,1.5
44687.12,1.5
44687.17,1.5
44687.21,1.5
44687.25,1.5
44687.29,1.5
44687.33,1.5
44687.38,1.5
44687.42,1.5
44687.46,1.5
44687.5,1.5
44687.54,1.5
44687.58,1.5
44687.62,1.5
44687.67,1.5
44687.71,1.5
44687.75,1.5
44687.79,1.5
44687.83,1.5
44687.88,1.5
44687.92,1.5
44687.96,1.5
44688,1.5
44688.04,1.5
44688.08,1.5
44688.12,1.5
44688.17,1.5
44688.21,1.5
44688.25,1.5
44688.29,1.5
44688.33,1.5
44688.38,1.5
44688.42,1.5
44688.46,1.5
44688.5,1.5
44688.54,1.5
44688.58,1.5
44688.62,1.5
44688.67,1.5
44688.71,1.5
44688.75,1.5
44688.79,1.5
44688.83,1.5
44688.88,1.5
44688.92,1.5
44688.96,1.5
44689,1.5
44689.04,1.5
44689.08,1.5
44689.12,1.5
44689.17,1.5
44689.21,1.5
44689.25,1.5
44689.29,1.5
44689.33,1.5
44689.38,1.5
44689.42,1.5
44689.46,1.5
44689.5,1.5
44689.54,1.5
44689.58,1.5
44689.62,1.5
44689.67,1.5
44689.71,1.5
44689.75,1.5
44689.79,1.5
44689.83,1.5
44689.88,1.5
44689.92,1.5
44689.96,1.5
44690,1.5
44690.04,1.5
44690.08,1.5
44690.12,1.5
44690.17,1.5
44690.21,1.5
44690.25,1.5
44690.29,1.5
44690.33,1.5
44690.38,1.5
44690.42,1.5
44690.46,1.5
44690.5,1.5
44690.54,1.5
44690.58,1.5
44690.62,1.5
44690.67,1.5
44690.71,1.5
44690.75,1.5
44690.79,1.5
44690.83,1.5
44690.88,1.5
44690.92,1.5
44690.96,1.5
44691,1.5
44691.04,1.5
44691.08,1.5
44691.12,1.5
44691.17,1.5
44691.21,1.5
44691.25,1.5
44691.29,1.5
44691.33,1.5
44691.38,1.5
44691.42,1.5
44691.46,1.5
44691.5,1.5
44691.54,1.5
44691.58,1.5
44691.62,1.5
44691.67,1.5
44691.71,1.5
44691.75,1.5
44691.79,1.5
44691.83,1.5
44691.88,1.5
44691.92,1.5
44691.96,1.5
44692,1.5
44692.04,1.5
44692.08,1.5
44692.12,1.5
44692.17,1.5
44692.21,1.5
44692.25,1.5
44692.29,1.5
44692.33,1.5
44692.38,1.5
44692.42,1.5
44692.46,1.5
44692.5,1.5
44692.54,1.5
44692.58,1.5
44692.62,1.5
44692.67,1.5
44692.71,1.5
44692.75,1.5
44692.79,1.5
44692.83,1.5
44692.88,1.5
44692.92,1.5
44692.96,1.5
44693,1.5
44693.04,1.5
44693.08,1.5
44693.12,1.5
44693.17,1.5
44693.21,1.5
44693.25,1.5
44693.29,1.5
44693.33,1.5
44693.38,1.5
44693.42,1.5
44693.46,1.5
44693.5,1.5
44693.54,1.5
44693.58,1.5
44693.62,1.5
44693.67,1.5
44693.71,1.5
44693.75,1.5
44693.79,1.5
44693.83,1.5
44693.88,1.5
44693.92,1.5
44693.96,1.5
44694,1.5
44694.04,1.5
44694.08,1.5
44694.12,1.5
44694.17,1.5
44694.21,1.5
44694.25,1.5
44694.29,1.5
44694.33,1.5
44694.38,1.5
44694.42,1.5
44694.46,1.5
44694.5,1.5
44694.54,1.5
44694.58,1.5
44694.62,1.5
44694.67,1.5
44694.71,1.5
44694.75,1.5
44694.79,1.5
44694.83,1.5
44694.88,1.5
44694.92,1.5
44694.96,1.5
44695,1.5
44695.04,1.5
44695.08,1.5
44695.12,1.5
44695.17,1.5
44695.21,1.5
44695.25,1.5
44695.29,1.5
44695.33,1.5
44695.38,1.5
44695.42,1.5
44695.46,1.5
44695.5,1.5
44695.54,1.5
44695.58,1.5
44695.62,1.5
44695.67,1.5
44695.71,1.5
44695.75,1.5
44695.79,1.5
44695.83,1.5
44695.88,1.5
44695.92,1.5
44695.96,1.5
44696,1.5
44696.04,1.5
44696.08,1.5
44696.12,1.5
44696.17,1.5
44696.21,1.5
44696.25,1.5
44696.29,1.5
44696.33,1.5
44696.38,1.5
44696.42,1.5
44696.46,1.5
44696.5,1.5
44696.54,1.5
44696.58,1.5
44696.62,1.5
44696.67,1.5
44696.71,1.5
44696.75,1.5
44696.79,1.5
44696.83,1.5
44696.88,1.5
44696.92,1.5
44696.96,1.5
44697,1.5
44697.04,1.5
44697.08,1.5
44697.12,1.5
44697.17,1.5
44697.21,1.5
44697.25,1.5
44697.29,1.5
44697.33,1.5
44697.38,1.5
44697.42,1.5
44697.46,1.5
44697.5,1.5
44697.54,1.5
44697.58,1.5
44697.62,1.5
44697.67,1.5
44697.71,1.5
44697.75,1.5
44697.79,1.5
44697.83,1.5
44697.88,1.5
44697.92,1.5
44697.96,1.5
44698,1.5
44698.04,1.5
44698.08,1.5
44698.12,1.5
44698.17,1.5
44698.21,1.5
44698.25,1.5
44698.29,1.5
44698.33,1.5
44698.38,1.5
44698.42,1.5
44698.46,1.5
44698.5,1.5
44698.54,1.5
44698.58,1.5
44698.62,1.5
44698.67,1.5
44698.71,1.5
44698.75,1.5
44698.79,1.5
44698.83,1.5
44698.88,1.5
44698.92,1.5
44698.96,1.5
44699,1.5
44699.04,1.5
44699.08,1.5
44699.12,1.5
44699.17,1.5
44699.21,1.5
44699.25,1.5
44699.29,1.5
44699.33,1.5
44699.38,1.5
44699.42,1.5
44699.46,1.5
44699.5,1.5
44699.54,1.5
44699.58,1.5
44699.62,1.5
44699.67,1.5
44699.71,1.5
44699.75,1.5
44699.79,1.5
44699.83,1.5
44699.88,1.5
44699.92,1.5
44699.96,1.5
44700,1.5
44700.04,1.5
44700.08,1.5
44700.12,1.5
44700.17,1.5
44700.21,1.5
44700.25,1.5
44700.29,1.5
44700.33,1.5
44700.38,1.5
44700.42,1.5
44700.46,1.5
44700.5,1.5
44700.54,1.5
44700.58,1.5
44700.62,1.5
44700.67,1.5
44700.71,1.5
44700.75,1.5
44700.79,1.5
44700.83,1.5
44700.88,1.5
44700.92,1.5
44700.96,1.5
44701,1.5
44701.04,1.5
44701.08,1.5
44701.12,1.5
44701.17,1.5
44701.21,1.5
44701.25,1.5
44701.29,1.5
44701.33,1.5
44701.38,1.5
44701.42,1.5
44701.46,1.5
44701.5,1.5
44701.54,1.5
44701.58,1.5
44701.62,1.5
44701.67,1.5
44701.71,1.5
44701.75,1.5
44701.79,1.5
44701.83,1.5
44701.88,1.5
44701.92,1.5
44701.96,1.5
44702,1.5
44702.04,1.5
44702.08,1.5
44702.12,1.5
44702.17,1.5
44702.21,1.5
44702.25,1.5
44702.29,1.5
44702.33,1.5
44702.38,1.5
44702.42,1.5
44702.46,1.5
44702.5,1.5
44702.54,1.5
44702.58,1.5
44702.62,1.5
44702.67,1.5
44702.71,1.5
44702.75,1.5
44702.79,1.5
44702.83,1.5
44702.88,1.5
44702.92,1.5
44702.96,1.5
44703,1.5
44703.04,1.5
44703.08,1.5
44703.12,1.5
44703.17,1.5
44703.21,1.5
44703.25,1.5
44703.29,1.5
44703.33,1.5
44703.38,1.5
44703.42,1.5
44703.46,1.5
44703.5,1.5
44703.54,1.5
44703.58,1.5
44703.62,1.5
44703.67,1.5
44703.71,1.5
44703.75,1.5
44703.79,1.5
44703.83,1.5
44703.88,1.5
44703.92,1.5
44703.96,1.5
44704,1.5
44704.04,1.5
44704.08,1.5
44704.12,1.5
44704.17,1.5
44704.21,1.5
44704.25,1.5
44704.29,1.5
44704.33,1.5
44704.38,1.5
44704.42,1.5
44704.46,1.5
44704.5,1.5
44704.54,1.5
44704.58,1.5
44704.62,1.5
44704.67,1.5
44704.71,1.5
44704.75,1.5
44704.79,1.5
44704.83,1.5
44704.88,1.5
44704.92,1.5
44704.96,1.5
44705,1.5
44705.04,1.5
44705.08,1.5
44705.12,1.5
44705.17,1.5
44705.21,1.5
44705.25,1.5
44705.29,1.5
44705.33,1.5
44705.38,1.5
44705.42,1.5
44705.46,1.5
44705.5,1.5
44705.54,1.5
44705.58,1.5
44705.62,1.5
44705.67,1.5
44705.71,1.5
44705.75,1.5
44705.79,1.5
44705.83,1.5
44705.88,1.5
44705.92,1.5
44705.96,1.5
44706,1.5
44706.04,1.5
44706.08,1.5
44706.12,1.5
44706.17,1.5
44706.21,1.5
44706.25,1.5
44706.29,1.5
44706.33,1.5
44706.38,1.5
44706.42,1.5
44706.46,1.5
44706.5,1.5
44706.54,1.5
44706.58,1.5
44706.62,1.5
44706.67,1.5
44706.71,1.5
44706.75,1.5
44706.79,1.5
44706.83,1.5
44706.88,1.5
44706.92,1.5
44706.96,1.5
44707,1.5
44707.04,1.5
44707.08,1.5
44707.12,1.5
44707.17,1.5
44707.21,1.5
44707.25,1.5
44707.29,1.5
44707.33,1.5
44707.38,1.5
44707.42,1.5
44707.46,1.5
44707.5,1.5
44707.54,1.5
44707.58,1.5
44707.62,1.5
44707.67,1.5
44707.71,1.5
44707.75,1.5
44707.79,1.5
44707.83,1.5
44707.88,1.5
44707.92,1.5
44707.96,1.5
44708,1.5
44708.04,1.5
44708.08,1.5
44708.12,1.5
44708.17,1.5
44708.21,1.5
44708.25,1.5
44708.29,1.5
44708.33,1.5
44708.38,1.5
44708.42,1.5
44708.46,1.5
44708.5,1.5
44708.54,1.5
44708.58,1.5
44708.62,1.5
44708.67,1.5
44708.71,1.5
44708.75,1.5
44708.79,1.5
44708.83,1.5
44708.88,1.5
44708.92,1.5
44708.96,1.5
44709,1.5
44709.04,1.5
44709.08,1.5
44709.12,1.5
44709.17,1.5
44709.21,1.5
44709.25,1.5
44709.29,1.5
44709.33,1.5
44709.38,1.5
44709.42,1.5
44709.46,1.5
44709.5,1.5
44709.54,1.5
44709.58,1.5
44709.62,1.5
44709.67,1.5
44709.71,1.5
44709.75,1.5
44709.79,1.5
44709.83,1.5
44709.88,1.5
44709.92,1.5
44709.96,1.5
44710,1.5
44710.04,1.5
44710.08,1.5
44710.12,1.5
44710.17,1.5
44710.21,1.5
44710.25,1.5
44710.29,1.5
44710.33,1.5
44710.38,1.5
44710.42,1.5
44710.46,1.5
44710.5,1.5
44710.54,1.5
44710.58,1.5
44710.62,1.5
44710.67,1.5
44710.71,1.5
44710.75,1.5
44710.79,1.5
44710.83,1.5
44710.88,1.5
44710.92,1.5
44710.96,1.5
44711,1.5
44711.04,1.5
44711.08,1.5
44711.12,1.5
44711.17,1.5
44711.21,1.5
44711.25,1.5
44711.29,1.5
44711.33,1.5
44711.38,1.5
44711.42,1.5
44711.46,1.5
44711.5,1.5
44711.54,1.5
44711.58,1.5
44711.62,1.5
44711.67,1.5
44711.71,1.5
44711.75,1.5
44711.79,1.5
44711.83,1.5
44711.88,1.5
44711.92,1.5
44711.96,1.5
44712,1.5
44712.04,1.5
44712.08,1.5
44712.12,1.5
44712.17,1.5
44712.21,1.5
44712.25,1.5
44712.29,1.5
44712.33,1.5
44712.38,1.5
44712.42,1.5
44712.46,1.5
44712.5,1.5
44712.54,1.5
44712.58,1.5
44712.62,1.5
44712.67,1.5
44712.71,1.5
44712.75,1.5
44712.79,1.5
44712.83,1.5
44712.88,1.5
44712.92,1.5
44712.96,1.5
44713,3.69
44713.04,3.69
44713.08,3.69
44713.12,3.69
44713.17,3.69
44713.21,3.69
44713.25,3.69
44713.29,3.69
44713.33,3.69
44713.38,3.69
44713.42,3.69
44713.46,3.69
44713.5,3.69
44713.54,3.69
44713.58,3.69
44713.62,3.69
44713.67,3.69
44713.71,3.69
44713.75,3.69
44713.79,3.69
44713.83,3.69
44713.88,3.69
44713.92,3.69
44713.96,3.69
44714,3.69
44714.04,3.69
44714.08,3.69
44714.12,3.69
44714.17,3.69
44714.21,3.69
44714.25,3.69
44714.29,3.69
44714.33,3.69
44714.38,3.69
44714.42,3.69
44714.46,3.69
44714.5,3.69
44714.54,3.69
44714.58,3.69
44714.62,3.69
44714.67,3.69
44714.71,3.69
44714.75,3.69
44714.79,3.69
44714.83,3.69
44714.88,3.69
44714.92,3.69
44714.96,3.69
44715,3.69
44715.04,3.69
44715.08,3.69
44715.12,3.69
44715.17,3.69
44715.21,3.69
44715.25,3.69
44715.29,3.69
44715.33,3.69
44715.38,3.69
44715.42,3.69
44715.46,3.69
44715.5,3.69
44715.54,3.69
44715.58,3.69
44715.62,3.69
44715.67,3.69
44715.71,3.69
44715.75,3.69
44715.79,3.69
44715.83,3.69
44715.88,3.69
44715.92,3.69
44715.96,3.69
44716,3.69
44716.04,3.69
44716.08,3.69
44716.12,3.69
44716.17,3.69
44716.21,3.69
44716.25,3.69
44716.29,3.69
44716.33,3.69
44716.38,3.69
44716.42,3.69
44716.46,3.69
44716.5,3.69
44716.54,3.69
44716.58,3.69
44716.62,3.69
44716.67,3.69
44716.71,3.69
44716.75,3.69
44716.79,3.69
44716.83,3.69
44716.88,3.69
44716.92,3.69
44716.96,3.69
44717,3.69
44717.04,3.69
44717.08,3.69
44717.12,3.69
44717.17,3.69
44717.21,3.69
44717.25,3.69
44717.29,3.69
44717.33,3.69
44717.38,3.69
44717.42,3.69
44717.46,3.69
44717.5,3.69
44717.54,3.69
44717.58,3.69
44717.62,3.69
44717.67,3.69
44717.71,3.69
44717.75,3.69
44717.79,3.69
44717.83,3.69
44717.88,3.69
44717.92,3.69
44717.96,3.69
44718,3.69
44718.04,3.69
44718.08,3.69
44718.12,3.69
44718.17,3.69
44718.21,3.69
44718.25,3.69
44718.29,3.69
44718.33,3.69
44718.38,3.69
44718.42,3.69
44718.46,3.69
44718.5,3.69
44718.54,3.69
44718.58,3.69
44718.62,3.69
44718.67,3.69
44718.71,3.69
44718.75,3.69
44718.79,3.69
44718.83,3.69
44718.88,3.69
44718.92,3.69
44718.96,3.69
44719,3.69
44719.04,3.69
44719.08,3.69
44719.12,3.69
44719.17,3.69
44719.21,3.69
44719.25,3.69
44719.29,3.69
44719.33,3.69
44719.38,3.69
44719.42,3.69
44719.46,3.69
44719.5,3.69
44719.54,3.69
44719.58,3.69
44719.62,3.69
44719.67,3.69
44719.71,3.69
44719.75,3.69
44719.79,3.69
44719.83,3.69
44719.88,3.69
44719.92,3.69
44719.96,3.69
44720,3.69
44720.04,3.69
44720.08,3.69
44720.12,3.69
44720.17,3.69
44720.21,3.69
44720.25,3.69
44720.29,3.69
44720.33,3.69
44720.38,3.69
44720.42,3.69
44720.46,3.69
44720.5,3.69
44720.54,3.69
44720.58,3.69
44720.62,3.69
44720.67,3.69
44720.71,3.69
44720.75,3.69
44720.79,3.69
44720.83,3.69
44720.88,3.69
44720.92,3.69
44720.96,3.69
44721,3.69
44721.04,3.69
44721.08,3.69
44721.12,3.69
44721.17,3.69
44721.21,3.69
44721.25,3.69
44721.29,3.69
44721.33,3.69
44721.38,3.69
44721.42,3.69
44721.46,3.69
44721.5,3.69
44721.54,3.69
44721.58,3.69
44721.62,3.69
44721.67,3.69
44721.71,3.69
44721.75,3.69
44721.79,3.69
44721.83,3.69
44721.88,3.69
44721.92,3.69
44721.96,3.69
44722,3.69
44722.04,3.69
44722.08,3.69
44722.12,3.69
44722.17,3.69
44722.21,3.69
44722.25,3.69
44722.29,3.69
44722.33,3.69
44722.38,3.69
44722.42,3.69
44722.46,3.69
44722.5,3.69
44722.54,3.69
44722.58,3.69
44722.62,3.69
44722.67,3.69
44722.71,3.69
44722.75,3.69
44722.79,3.69
44722.83,3.69
44722.88,3.69
44722.92,3.69
44722.96,3.69
44723,3.69
44723.04,3.69
44723.08,3.69
44723.12,3.69
44723.17,3.69
44723.21,3.69
44723.25,3.69
44723.29,3.69
44723.33,3.69
44723.38,3.69
44723.42,3.69
44723.46,3.69
44723.5,3.69
44723.54,3.69
44723.58,3.69
44723.62,3.69
44723.67,3.69
44723.71,3.69
44723.75,3.69
44723.79,3.69
44723.83,3.69
44723.88,3.69
44723.92,3.69
44723.96,3.69
44724,3.69
44724.04,3.69
44724.08,3.69
44724.12,3.69
44724.17,3.69
44724.21,3.69
44724.25,3.69
44724.29,3.69
44724.33,3.69
44724.38,3.69
44724.42,3.69
44724.46,3.69
44724.5,3.69
44724.54,3.69
44724.58,3.69
44724.62,3.69
44724.67,3.69
44724.71,3.69
44724.75,3.69
44724.79,3.69
44724.83,3.69
44724.88,3.69
44724.92,3.69
44724.96,3.69
44725,3.69
44725.04,3.69
44725.08,3.69
44725.12,3.69
44725.17,3.69
44725.21,3.69
44725.25,3.69
44725.29,3.69
44725.33,3.69
44725.38,3.69
44725.42,3.69
44725.46,3.69
44725.5,3.69
44725.54,3.69
44725.58,3.69
44725.62,3.69
44725.67,3.69
44725.71,3.69
44725.75,3.69
44725.79,3.69
44725.83,3.69
44725.88,3.69
44725.92,3.69
44725.96,3.69
44726,3.69
44726.04,3.69
44726.08,3.69
44726.12,3.69
44726.17,3.69
44726.21,3.69
44726.25,3.69
44726.29,3.69
44726.33,3.69
44726.38,3.69
44726.42,3.69
44726.46,3.69
44726.5,3.69
44726.54,3.69
44726.58,3.69
44726.62,3.69
44726.67,3.69
44726.71,3.69
44726.75,3.69
44726.79,3.69
44726.83,3.69
44726.88,3.69
44726.92,3.69
44726.96,3.69
44727,3.69
44727.04,3.69
44727.08,3.69
44727.12,3.69
44727.17,3.69
44727.21,3.69
44727.25,3.69
44727.29,3.69
44727.33,3.69
44727.38,3.69
44727.42,3.69
44727.46,3.69
44727.5,3.69
44727.54,3.69
44727.58,3.69
44727.62,3.69
44727.67,3.69
44727.71,3.69
44727.75,3.69
44727.79,3.69
44727.83,3.69
44727.88,3.69
44727.92,3.69
44727.96,3.69
44728,3.69
44728.04,3.69
44728.08,3.69
44728.12,3.69
44728.17,3.69
44728.21,3.69
44728.25,3.69
44728.29,3.69
44728.33,3.69
44728.38,3.69
44728.42,3.69
44728.46,3.69
44728.5,3.69
44728.54,3.69
44728.58,3.69
44728.62,3.69
44728.67,3.69
44728.71,3.69
44728.75,3.69
44728.79,3.69
44728.83,3.69
44728.88,3.69
44728.92,3.69
44728.96,3.69
44729,3.69
44729.04,3.69
44729.08,3.69
44729.12,3.69
44729.17,3.69
44729.21,3.69
44729.25,3.69
44729.29,3.69
44729.33,3.69
44729.38,3.69
44729.42,3.69
44729.46,3.69
44729.5,3.69
44729.54,3.69
44729.58,3.69
44729.62,3.69
44729.67,3.69
44729.71,3.69
44729.75,3.69
44729.79,3.69
44729.83,3.69
44729.88,3.69
44729.92,3.69
44729.96,3.69
44730,3.69
44730.04,3.69
44730.08,3.69
44730.12,3.69
44730.17,3.69
44730.21,3.69
44730.25,3.69
44730.29,3.69
44730.33,3.69
44730.38,3.69
44730.42,3.69
44730.46,3.69
44730.5,3.69
44730.54,3.69
44730.58,3.69
44730.62,3.69
44730.67,3.69
44730.71,3.69
44730.75,3.69
44730.79,3.69
44730.83,3.69
44730.88,3.69
44730.92,3.69
44730.96,3.69
44731,3.69
44731.04,3.69
44731.08,3.69
44731.12,3.69
44731.17,3.69
44731.21,3.69
44731.25,3.69
44731.29,3.69
44731.33,3.69
44731.38,3.69
44731.42,3.69
44731.46,3.69
44731.5,3.69
44731.54,3.69
44731.58,3.69
44731.62,3.69
44731.67,3.69
44731.71,3.69
44731.75,3.69
44731.79,3.69
44731.83,3.69
44731.88,3.69
44731.92,3.69
44731.96,3.69
44732,3.69
44732.04,3.69
44732.08,3.69
44732.12,3.69
44732.17,3.69
44732.21,3.69
44732.25,3.69
44732.29,3.69
44732.33,3.69
44732.38,3.69
44732.42,3.69
44732.46,3.69
44732.5,3.69
44732.54,3.69
44732.58,3.69
44732.62,3.69
44732.67,3.69
44732.71,3.69
44732.75,3.69
44732.79,3.69
44732.83,3.69
44732.88,3.69
44732.92,3.69
44732.96,3.69
44733,3.69
44733.04,3.69
44733.08,3.69
44733.12,3.69
44733.17,3.69
44733.21,3.69
44733.25,3.69
44733.29,3.69
44733.33,3.69
44733.38,3.69
44733.42,3.69
44733.46,3.69
44733.5,3.69
44733.54,3.69
44733.58,3.69
44733.62,3.69
44733.67,3.69
44733.71,3.69
44733.75,3.69
44733.79,3.69
44733.83,3.69
44733.88,3.69
44733.92,3.69
44733.96,3.69
44734,3.69
44734.04,3.69
44734.08,3.69
44734.12,3.69
44734.17,3.69
44734.21,3.69
44734.25,3.69
44734.29,3.69
44734.33,3.69
44734.38,3.69
44734.42,3.69
44734.46,3.69
44734.5,3.69
44734.54,3.69
44734.58,3.69
44734.62,3.69
44734.67,3.69
44734.71,3.69
44734.75,3.69
44734.79,3.69
44734.83,3.69
44734.88,3.69
44734.92,3.69
44734.96,3.69
44735,3.69
44735.04,3.69
44735.08,3.69
44735.12,3.69
44735.17,3.69
44735.21,3.69
44735.25,3.69
44735.29,3.69
44735.33,3.69
44735.38,3.69
44735.42,3.69
44735.46,3.69
44735.5,3.69
44735.54,3.69
44735.58,3.69
44735.62,3.69
44735.67,3.69
44735.71,3.69
44735.75,3.69
44735.79,3.69
44735.83,3.69
44735.88,3.69
44735.92,3.69
44735.96,3.69
44736,3.69
44736.04,3.69
44736.08,3.69
44736.12,3.69
44736.17,3.69
44736.21,3.69
44736.25,3.69
44736.29,3.69
44736.33,3.69
44736.38,3.69
44736.42,3.69
44736.46,3.69
44736.5,3.69
44736.54,3.69
44736.58,3.69
44736.62,3.69
44736.67,3.69
44736.71,3.69
44736.75,3.69
44736.79,3.69
44736.83,3.69
44736.88,3.69
44736.92,3.69
44736.96,3.69
44737,3.69
44737.04,3.69
44737.08,3.69
44737.12,3.69
44737.17,3.69
44737.21,3.69
44737.25,3.69
44737.29,3.69
44737.33,3.69
44737.38,3.69
44737.42,3.69
44737.46,3.69
44737.5,3.69
44737.54,3.69
44737.58,3.69
44737.62,3.69
44737.67,3.69
44737.71,3.69
44737.75,3.69
44737.79,3.69
44737.83,3.69
44737.88,3.69
44737.92,3.69
44737.96,3.69
44738,3.69
44738.04,3.69
44738.08,3.69
44738.12,3.69
44738.17,3.69
44738.21,3.69
44738.25,3.69
44738.29,3.69
44738.33,3.69
44738.38,3.69
44738.42,3.69
44738.46,3.69
44738.5,3.69
44738.54,3.69
44738.58,3.69
44738.62,3.69
44738.67,3.69
44738.71,3.69
44738.75,3.69
44738.79,3.69
44738.83,3.69
44738.88,3.69
44738.92,3.69
44738.96,3.69
44739,3.69
44739.04,3.69
44739.08,3.69
44739.12,3.69
44739.17,3.69
44739.21,3.69
44739.25,3.69
44739.29,3.69
44739.33,3.69
44739.38,3.69
44739.42,3.69
44739.46,3.69
44739.5,3.69
44739.54,3.69
44739.58,3.69
44739.62,3.69
44739.67,3.69
44739.71,3.69
44739.75,3.69
44739.79,3.69
44739.83,3.69
44739.88,3.69
44739.92,3.69
44739.96,3.69
44740,3.69
44740.04,3.69
44740.08,3.69
44740.12,3.69
44740.17,3.69
44740.21,3.69
44740.25,3.69
44740.29,3.69
44740.33,3.69
44740.38,3.69
44740.42,3.69
44740.46,3.69
44740.5,3.69
44740.54,3.69
44740.58,3.69
44740.62,3.69
44740.67,3.69
44740.71,3.69
44740.75,3.69
44740.79,3.69
44740.83,3.69
44740.88,3.69
44740.92,3.69
44740.96,3.69
44741,3.69
44741.04,3.69
44741.08,3.69
44741.12,3.69
44741.17,3.69
44741.21,3.69
44741.25,3.69
44741.29,3.69
44741.33,3.69
44741.38,3.69
44741.42,3.69
44741.46,3.69
44741.5,3.69
44741.54,3.69
44741.58,3.69
44741.62,3.69
44741.67,3.69
44741.71,3.69
44741.75,3.69
44741.79,3.69
44741.83,3.69
44741.88,3.69
44741.92,3.69
44741.96,3.69
44742,3.69
44742.04,3.69
44742.08,3.69
44742.12,3.69
44742.17,3.69
44742.21,3.69
44742.25,3.69
44742.29,3.69
44742.33,3.69
44742.38,3.69
44742.42,3.69
44742.46,3.69
44742.5,3.69
44742.54,3.69
44742.58,3.69
44742.62,3.69
44742.67,3.69
44742.71,3.69
44742.75,3.69
44742.79,3.69
44742.83,3.69
44742.88,3.69
44742.92,3.69
44742.96,3.69
44743,31.8
44743.04,31.8
44743.08,31.8
44743.12,31.8
44743.17,31.8
44743.21,31.8
44743.25,31.8
44743.29,31.8
44743.33,31.8
44743.38,31.8
44743.42,31.8
44743.46,31.8
44743.5,31.8
44743.54,31.8
44743.58,31.8
44743.62,31.8
44743.67,31.8
44743.71,31.8
44743.75,31.8
44743.79,31.8
44743.83,31.8
44743.88,31.8
44743.92,31.8
44743.96,31.8
44744,31.8
44744.04,31.8
44744.08,31.8
44744.12,31.8
44744.17,31.8
44744.21,31.8
44744.25,31.8
44744.29,31.8
44744.33,31.8
44744.38,31.8
44744.42,31.8
44744.46,31.8
44744.5,31.8
44744.54,31.8
44744.58,31.8
44744.62,31.8
44744.67,31.8
44744.71,31.8
44744.75,31.8
44744.79,31.8
44744.83,31.8
44744.88,31.8
44744.92,31.8
44744.96,31.8
44745,31.8
44745.04,31.8
44745.08,31.8
44745.12,31.8
44745.17,31.8
44745.21,31.8
44745.25,31.8
44745.29,31.8
44745.33,31.8
44745.38,31.8
44745.42,31.8
44745.46,31.8
44745.5,31.8
44745.54,31.8
44745.58,31.8
44745.62,31.8
44745.67,31.8
44745.71,31.8
44745.75,31.8
44745.79,31.8
44745.83,31.8
44745.88,31.8
44745.92,31.8
44745.96,31.8
44746,31.8
44746.04,31.8
44746.08,31.8
44746.12,31.8
44746.17,31.8
44746.21,31.8
44746.25,31.8
44746.29,31.8
44746.33,31.8
44746.38,31.8
44746.42,31.8
44746.46,31.8
44746.5,31.8
44746.54,31.8
44746.58,31.8
44746.62,31.8
44746.67,31.8
44746.71,31.8
44746.75,31.8
44746.79,31.8
44746.83,31.8
44746.88,31.8
44746.92,31.8
44746.96,31.8
44747,31.8
44747.04,31.8
44747.08,31.8
44747.12,31.8
44747.17,31.8
44747.21,31.8
44747.25,31.8
44747.29,31.8
44747.33,31.8
44747.38,31.8
44747.42,31.8
44747.46,31.8
44747.5,31.8
44747.54,31.8
44747.58,31.8
44747.62,31.8
44747.67,31.8
44747.71,31.8
44747.75,31.8
44747.79,31.8
44747.83,31.8
44747.88,31.8
44747.92,31.8
44747.96,31.8
44748,31.8
44748.04,31.8
44748.08,31.8
44748.12,31.8
44748.17,31.8
44748.21,31.8
44748.25,31.8
44748.29,31.8
44748.33,31.8
44748.38,31.8
44748.42,31.8
44748.46,31.8
44748.5,31.8
44748.54,31.8
44748.58,31.8
44748.62,31.8
44748.67,31.8
44748.71,31.8
44748.75,31.8
44748.79,31.8
44748.83,31.8
44748.88,31.8
44748.92,31.8
44748.96,31.8
44749,31.8
44749.04,31.8
44749.08,31.8
44749.12,31.8
44749.17,31.8
44749.21,31.8
44749.25,31.8
44749.29,31.8
44749.33,31.8
44749.38,31.8
44749.42,31.8
44749.46,31.8
44749.5,31.8
44749.54,31.8
44749.58,31.8
44749.62,31.8
44749.67,31.8
44749.71,31.8
44749.75,31.8
44749.79,31.8
44749.83,31.8
44749.88,31.8
44749.92,31.8
44749.96,31.8
44750,31.8
44750.04,31.8
44750.08,31.8
44750.12,31.8
44750.17,31.8
44750.21,31.8
44750.25,31.8
44750.29,31.8
44750.33,31.8
44750.38,31.8
44750.42,31.8
44750.46,31.8
44750.5,31.8
44750.54,31.8
44750.58,31.8
44750.62,31.8
44750.67,31.8
44750.71,31.8
44750.75,31.8
44750.79,31.8
44750.83,31.8
44750.88,31.8
44750.92,31.8
44750.96,31.8
44751,31.8
44751.04,31.8
44751.08,31.8
44751.12,31.8
44751.17,31.8
44751.21,31.8
44751.25,31.8
44751.29,31.8
44751.33,31.8
44751.38,31.8
44751.42,31.8
44751.46,31.8
44751.5,31.8
44751.54,31.8
44751.58,31.8
44751.62,31.8
44751.67,31.8
44751.71,31.8
44751.75,31.8
44751.79,31.8
44751.83,31.8
44751.88,31.8
44751.92,31.8
44751.96,31.8
44752,31.8
44752.04,31.8
44752.08,31.8
44752.12,31.8
44752.17,31.8
44752.21,31.8
44752.25,31.8
44752.29,31.8
44752.33,31.8
44752.38,31.8
44752.42,31.8
44752.46,31.8
44752.5,31.8
44752.54,31.8
44752.58,31.8
44752.62,31.8
44752.67,31.8
44752.71,31.8
44752.75,31.8
44752.79,31.8
44752.83,31.8
44752.88,31.8
44752.92,31.8
44752.96,31.8
44753,31.8
44753.04,31.8
44753.08,31.8
44753.12,31.8
44753.17,31.8
44753.21,31.8
44753.25,31.8
44753.29,31.8
44753.33,31.8
44753.38,31.8
44753.42,31.8
44753.46,31.8
44753.5,31.8
44753.54,31.8
44753.58,31.8
44753.62,31.8
44753.67,31.8
44753.71,31.8
44753.75,31.8
44753.79,31.8
44753.83,31.8
44753.88,31.8
44753.92,31.8
44753.96,31.8
44754,31.8
44754.04,31.8
44754.08,31.8
44754.12,31.8
44754.17,31.8
44754.21,31.8
44754.25,31.8
44754.29,31.8
44754.33,31.8
44754.38,31.8
44754.42,31.8
44754.46,31.8
44754.5,31.8
44754.54,31.8
44754.58,31.8
44754.62,31.8
44754.67,31.8
44754.71,31.8
44754.75,31.8
44754.79,31.8
44754.83,31.8
44754.88,31.8
44754.92,31.8
44754.96,31.8
44755,31.8
44755.04,31.8
44755.08,31.8
44755.12,31.8
44755.17,31.8
44755.21,31.8
44755.25,31.8
44755.29,31.8
44755.33,31.8
44755.38,31.8
44755.42,31.8
44755.46,31.8
44755.5,31.8
44755.54,31.8
44755.58,31.8
44755.62,31.8
44755.67,31.8
44755.71,31.8
44755.75,31.8
44755.79,31.8
44755.83,31.8
44755.88,31.8
44755.92,31.8
44755.96,31.8
44756,31.8
44756.04,31.8
44756.08,31.8
44756.12,31.8
44756.17,31.8
44756.21,31.8
44756.25,31.8
44756.29,31.8
44756.33,31.8
44756.38,31.8
44756.42,31.8
44756.46,31.8
44756.5,31.8
44756.54,31.8
44756.58,31.8
44756.62,31.8
44756.67,31.8
44756.71,31.8
44756.75,31.8
44756.79,31.8
44756.83,31.8
44756.88,31.8
44756.92,31.8
44756.96,31.8
44757,31.8
44757.04,31.8
44757.08,31.8
44757.12,31.8
44757.17,31.8
44757.21,31.8
44757.25,31.8
44757.29,31.8
44757.33,31.8
44757.38,31.8
44757.42,31.8
44757.46,31.8
44757.5,31.8
44757.54,31.8
44757.58,31.8
44757.62,31.8
44757.67,31.8
44757.71,31.8
44757.75,31.8
44757.79,31.8
44757.83,31.8
44757.88,31.8
44757.92,31.8
44757.96,31.8
44758,31.8
44758.04,31.8
44758.08,31.8
44758.12,31.8
44758.17,31.8
44758.21,31.8
44758.25,31.8
44758.29,31.8
44758.33,31.8
44758.38,31.8
44758.42,31.8
44758.46,31.8
44758.5,31.8
44758.54,31.8
44758.58,31.8
44758.62,31.8
44758.67,31.8
44758.71,31.8
44758.75,31.8
44758.79,31.8
44758.83,31.8
44758.88,31.8
44758.92,31.8
44758.96,31.8
44759,31.8
44759.04,31.8
44759.08,31.8
44759.12,31.8
44759.17,31.8
44759.21,31.8
44759.25,31.8
44759.29,31.8
44759.33,31.8
44759.38,31.8
44759.42,31.8
44759.46,31.8
44759.5,31.8
44759.54,31.8
44759.58,31.8
44759.62,31.8
44759.67,31.8
44759.71,31.8
44759.75,31.8
44759.79,31.8
44759.83,31.8
44759.88,31.8
44759.92,31.8
44759.96,31.8
44760,31.8
44760.04,31.8
44760.08,31.8
44760.12,31.8
44760.17,31.8
44760.21,31.8
44760.25,31.8
44760.29,31.8
44760.33,31.8
44760.38,31.8
44760.42,31.8
44760.46,31.8
44760.5,31.8
44760.54,31.8
44760.58,31.8
44760.62,31.8
44760.67,31.8
44760.71,31.8
44760.75,31.8
44760.79,31.8
44760.83,31.8
44760.88,31.8
44760.92,31.8
44760.96,31.8
44761,31.8
44761.04,31.8
44761.08,31.8
44761.12,31.8
44761.17,31.8
44761.21,31.8
44761.25,31.8
44761.29,31.8
44761.33,31.8
44761.38,31.8
44761.42,31.8
44761.46,31.8
44761.5,31.8
44761.54,31.8
44761.58,31.8
44761.62,31.8
44761.67,31.8
44761.71,31.8
44761.75,31.8
44761.79,31.8
44761.83,31.8
44761.88,31.8
44761.92,31.8
44761.96,31.8
44762,31.8
44762.04,31.8
44762.08,31.8
44762.12,31.8
44762.17,31.8
44762.21,31.8
44762.25,31.8
44762.29,31.8
44762.33,31.8
44762.38,31.8
44762.42,31.8
44762.46,31.8
44762.5,31.8
44762.54,31.8
44762.58,31.8
44762.62,31.8
44762.67,31.8
44762.71,31.8
44762.75,31.8
44762.79,31.8
44762.83,31.8
44762.88,31.8
44762.92,31.8
44762.96,31.8
44763,31.8
44763.04,31.8
44763.08,31.8
44763.12,31.8
44763.17,31.8
44763.21,31.8
44763.25,31.8
44763.29,31.8
44763.33,31.8
44763.38,31.8
44763.42,31.8
44763.46,31.8
44763.5,31.8
44763.54,31.8
44763.58,31.8
44763.62,31.8
44763.67,31.8
44763.71,31.8
44763.75,31.8
44763.79,31.8
44763.83,31.8
44763.88,31.8
44763.92,31.8
44763.96,31.8
44764,31.8
44764.04,31.8
44764.08,31.8
44764.12,31.8
44764.17,31.8
44764.21,31.8
44764.25,31.8
44764.29,31.8
44764.33,31.8
44764.38,31.8
44764.42,31.8
44764.46,31.8
44764.5,31.8
44764.54,31.8
44764.58,31.8
44764.62,31.8
44764.67,31.8
44764.71,31.8
44764.75,31.8
44764.79,31.8
44764.83,31.8
44764.88,31.8
44764.92,31.8
44764.96,31.8
44765,31.8
44765.04,31.8
44765.08,31.8
44765.12,31.8
44765.17,31.8
44765.21,31.8
44765.25,31.8
44765.29,31.8
44765.33,31.8
44765.38,31.8
44765.42,31.8
44765.46,31.8
44765.5,31.8
44765.54,31.8
44765.58,31.8
44765.62,31.8
44765.67,31.8
44765.71,31.8
44765.75,31.8
44765.79,31.8
44765.83,31.8
44765.88,31.8
44765.92,31.8
44765.96,31.8
44766,31.8
44766.04,31.8
44766.08,31.8
44766.12,31.8
44766.17,31.8
44766.21,31.8
44766.25,31.8
44766.29,31.8
44766.33,31.8
44766.38,31.8
44766.42,31.8
44766.46,31.8
44766.5,31.8
44766.54,31.8
44766.58,31.8
44766.62,31.8
44766.67,31.8
44766.71,31.8
44766.75,31.8
44766.79,31.8
44766.83,31.8
44766.88,31.8
44766.92,31.8
44766.96,31.8
44767,31.8
44767.04,31.8
44767.08,31.8
44767.12,31.8
44767.17,31.8
44767.21,31.8
44767.25,31.8
44767.29,31.8
44767.33,31.8
44767.38,31.8
44767.42,31.8
44767.46,31.8
44767.5,31.8
44767.54,31.8
44767.58,31.8
44767.62,31.8
44767.67,31.8
44767.71,31.8
44767.75,31.8
44767.79,31.8
44767.83,31.8
44767.88,31.8
44767.92,31.8
44767.96,31.8
44768,31.8
44768.04,31.8
44768.08,31.8
44768.12,31.8
44768.17,31.8
44768.21,31.8
44768.25,31.8
44768.29,31.8
44768.33,31.8
44768.38,31.8
44768.42,31.8
44768.46,31.8
44768.5,31.8
44768.54,31.8
44768.58,31.8
44768.62,31.8
44768.67,31.8
44768.71,31.8
44768.75,31.8
44768.79,31.8
44768.83,31.8
44768.88,31.8
44768.92,31.8
44768.96,31.8
44769,31.8
44769.04,31.8
44769.08,31.8
44769.12,31.8
44769.17,31.8
44769.21,31.8
44769.25,31.8
44769.29,31.8
44769.33,31.8
44769.38,31.8
44769.42,31.8
44769.46,31.8
44769.5,31.8
44769.54,31.8
44769.58,31.8
44769.62,31.8
44769.67,31.8
44769.71,31.8
44769.75,31.8
44769.79,31.8
44769.83,31.8
44769.88,31.8
44769.92,31.8
44769.96,31.8
44770,31.8
44770.04,31.8
44770.08,31.8
44770.12,31.8
44770.17,31.8
44770.21,31.8
44770.25,31.8
44770.29,31.8
44770.33,31.8
44770.38,31.8
44770.42,31.8
44770.46,31.8
44770.5,31.8
44770.54,31.8
44770.58,31.8
44770.62,31.8
44770.67,31.8
44770.71,31.8
44770.75,31.8
44770.79,31.8
44770.83,31.8
44770.88,31.8
44770.92,31.8
44770.96,31.8
44771,31.8
44771.04,31.8
44771.08,31.8
44771.12,31.8
44771.17,31.8
44771.21,31.8
44771.25,31.8
44771.29,31.8
44771.33,31.8
44771.38,31.8
44771.42,31.8
44771.46,31.8
44771.5,31.8
44771.54,31.8
44771.58,31.8
44771.62,31.8
44771.67,31.8
44771.71,31.8
44771.75,31.8
44771.79,31.8
44771.83,31.8
44771.88,31.8
44771.92,31.8
44771.96,31.8
44772,31.8
44772.04,31.8
44772.08,31.8
44772.12,31.8
44772.17,31.8
44772.21,31.8
44772.25,31.8
44772.29,31.8
44772.33,31.8
44772.38,31.8
44772.42,31.8
44772.46,31.8
44772.5,31.8
44772.54,31.8
44772.58,31.8
44772.62,31.8
44772.67,31.8
44772.71,31.8
44772.75,31.8
44772.79,31.8
44772.83,31.8
44772.88,31.8
44772.92,31.8
44772.96,31.8
44773,31.8
44773.04,31.8
44773.08,31.8
44773.12,31.8
44773.17,31.8
44773.21,31.8
44773.25,31.8
44773.29,31.8
44773.33,31.8
44773.38,31.8
44773.42,31.8
44773.46,31.8
44773.5,31.8
44773.54,31.8
44773.58,31.8
44773.62,31.8
44773.67,31.8
44773.71,31.8
44773.75,31.8
44773.79,31.8
44773.83,31.8
44773.88,31.8
44773.92,31.8
44773.96,31.8
44774,26.15
44774.04,26.15
44774.08,26.15
44774.12,26.15
44774.17,26.15
44774.21,26.15
44774.25,26.15
44774.29,26.15
44774.33,26.15
44774.38,26.15
44774.42,26.15
44774.46,26.15
44774.5,26.15
44774.54,26.15
44774.58,26.15
44774.62,26.15
44774.67,26.15
44774.71,26.15
44774.75,26.15
44774.79,26.15
44774.83,26.15
44774.88,26.15
44774.92,26.15
44774.96,26.15
44775,26.15
44775.04,26.15
44775.08,26.15
44775.12,26.15
44775.17,26.15
44775.21,26.15
44775.25,26.15
44775.29,26.15
44775.33,26.15
44775.38,26.15
44775.42,26.15
44775.46,26.15
44775.5,26.15
44775.54,26.15
44775.58,26.15
44775.62,26.15
44775.67,26.15
44775.71,26.15
44775.75,26.15
44775.79,26.15
44775.83,26.15
44775.88,26.15
44775.92,26.15
44775.96,26.15
44776,26.15
44776.04,26.15
44776.08,26.15
44776.12,26.15
44776.17,26.15
44776.21,26.15
44776.25,26.15
44776.29,26.15
44776.33,26.15
44776.38,26.15
44776.42,26.15
44776.46,26.15
44776.5,26.15
44776.54,26.15
44776.58,26.15
44776.62,26.15
44776.67,26.15
44776.71,26.15
44776.75,26.15
44776.79,26.15
44776.83,26.15
44776.88,26.15
44776.92,26.15
44776.96,26.15
44777,26.15
44777.04,26.15
44777.08,26.15
44777.12,26.15
44777.17,26.15
44777.21,26.15
44777.25,26.15
44777.29,26.15
44777.33,26.15
44777.38,26.15
44777.42,26.15
44777.46,26.15
44777.5,26.15
44777.54,26.15
44777.58,26.15
44777.62,26.15
44777.67,26.15
44777.71,26.15
44777.75,26.15
44777.79,26.15
44777.83,26.15
44777.88,26.15
44777.92,26.15
44777.96,26.15
44778,26.15
44778.04,26.15
44778.08,26.15
44778.12,26.15
44778.17,26.15
44778.21,26.15
44778.25,26.15
44778.29,26.15
44778.33,26.15
44778.38,26.15
44778.42,26.15
44778.46,26.15
44778.5,26.15
44778.54,26.15
44778.58,26.15
44778.62,26.15
44778.67,26.15
44778.71,26.15
44778.75,26.15
44778.79,26.15
44778.83,26.15
44778.88,26.15
44778.92,26.15
44778.96,26.15
44779,26.15
44779.04,26.15
44779.08,26.15
44779.12,26.15
44779.17,26.15
44779.21,26.15
44779.25,26.15
44779.29,26.15
44779.33,26.15
44779.38,26.15
44779.42,26.15
44779.46,26.15
44779.5,26.15
44779.54,26.15
44779.58,26.15
44779.62,26.15
44779.67,26.15
44779.71,26.15
44779.75,26.15
44779.79,26.15
44779.83,26.15
44779.88,26.15
44779.92,26.15
44779.96,26.15
44780,26.15
44780.04,26.15
44780.08,26.15
44780.12,26.15
44780.17,26.15
44780.21,26.15
44780.25,26.15
44780.29,26.15
44780.33,26.15
44780.38,26.15
44780.42,26.15
44780.46,26.15
44780.5,26.15
44780.54,26.15
44780.58,26.15
44780.62,26.15
44780.67,26.15
44780.71,26.15
44780.75,26.15
44780.79,26.15
44780.83,26.15
44780.88,26.15
44780.92,26.15
44780.96,26.15
44781,26.15
44781.04,26.15
44781.08,26.15
44781.12,26.15
44781.17,26.15
44781.21,26.15
44781.25,26.15
44781.29,26.15
44781.33,26.15
44781.38,26.15
44781.42,26.15
44781.46,26.15
44781.5,26.15
44781.54,26.15
44781.58,26.15
44781.62,26.15
44781.67,26.15
44781.71,26.15
44781.75,26.15
44781.79,26.15
44781.83,26.15
44781.88,26.15
44781.92,26.15
44781.96,26.15
44782,26.15
44782.04,26.15
44782.08,26.15
44782.12,26.15
44782.17,26.15
44782.21,26.15
44782.25,26.15
44782.29,26.15
44782.33,26.15
44782.38,26.15
44782.42,26.15
44782.46,26.15
44782.5,26.15
44782.54,26.15
44782.58,26.15
44782.62,26.15
44782.67,26.15
44782.71,26.15
44782.75,26.15
44782.79,26.15
44782.83,26.15
44782.88,26.15
44782.92,26.15
44782.96,26.15
44783,26.15
44783.04,26.15
44783.08,26.15
44783.12,26.15
44783.17,26.15
44783.21,26.15
44783.25,26.15
44783.29,26.15
44783.33,26.15
44783.38,26.15
44783.42,26.15
44783.46,26.15
44783.5,26.15
44783.54,26.15
44783.58,26.15
44783.62,26.15
44783.67,26.15
44783.71,26.15
44783.75,26.15
44783.79,26.15
44783.83,26.15
44783.88,26.15
44783.92,26.15
44783.96,26.15
44784,26.15
44784.04,26.15
44784.08,26.15
44784.12,26.15
44784.17,26.15
44784.21,26.15
44784.25,26.15
44784.29,26.15
44784.33,26.15
44784.38,26.15
44784.42,26.15
44784.46,26.15
44784.5,26.15
44784.54,26.15
44784.58,26.15
44784.62,26.15
44784.67,26.15
44784.71,26.15
44784.75,26.15
44784.79,26.15
44784.83,26.15
44784.88,26.15
44784.92,26.15
44784.96,26.15
44785,26.15
44785.04,26.15
44785.08,26.15
44785.12,26.15
44785.17,26.15
44785.21,26.15
44785.25,26.15
44785.29,26.15
44785.33,26.15
44785.38,26.15
44785.42,26.15
44785.46,26.15
44785.5,26.15
44785.54,26.15
44785.58,26.15
44785.62,26.15
44785.67,26.15
44785.71,26.15
44785.75,26.15
44785.79,26.15
44785.83,26.15
44785.88,26.15
44785.92,26.15
44785.96,26.15
44786,26.15
44786.04,26.15
44786.08,26.15
44786.12,26.15
44786.17,26.15
44786.21,26.15
44786.25,26.15
44786.29,26.15
44786.33,26.15
44786.38,26.15
44786.42,26.15
44786.46,26.15
44786.5,26.15
44786.54,26.15
44786.58,26.15
44786.62,26.15
44786.67,26.15
44786.71,26.15
44786.75,26.15
44786.79,26.15
44786.83,26.15
44786.88,26.15
44786.92,26.15
44786.96,26.15
44787,26.15
44787.04,26.15
44787.08,26.15
44787.12,26.15
44787.17,26.15
44787.21,26.15
44787.25,26.15
44787.29,26.15
44787.33,26.15
44787.38,26.15
44787.42,26.15
44787.46,26.15
44787.5,26.15
44787.54,26.15
44787.58,26.15
44787.62,26.15
44787.67,26.15
44787.71,26.15
44787.75,26.15
44787.79,26.15
44787.83,26.15
44787.88,26.15
44787.92,26.15
44787.96,26.15
44788,26.15
44788.04,26.15
44788.08,26.15
44788.12,26.15
44788.17,26.15
44788.21,26.15
44788.25,26.15
44788.29,26.15
44788.33,26.15
44788.38,26.15
44788.42,26.15
44788.46,26.15
44788.5,26.15
44788.54,26.15
44788.58,26.15
44788.62,26.15
44788.67,26.15
44788.71,26.15
44788.75,26.15
44788.79,26.15
44788.83,26.15
44788.88,26.15
44788.92,26.15
44788.96,26.15
44789,26.15
44789.04,26.15
44789.08,26.15
44789.12,26.15
44789.17,26.15
44789.21,26.15
44789.25,26.15
44789.29,26.15
44789.33,26.15
44789.38,26.15
44789.42,26.15
44789.46,26.15
44789.5,26.15
44789.54,26.15
44789.58,26.15
44789.62,26.15
44789.67,26.15
44789.71,26.15
44789.75,26.15
44789.79,26.15
44789.83,26.15
44789.88,26.15
44789.92,26.15
44789.96,26.15
44790,26.15
44790.04,26.15
44790.08,26.15
44790.12,26.15
44790.17,26.15
44790.21,26.15
44790.25,26.15
44790.29,26.15
44790.33,26.15
44790.38,26.15
44790.42,26.15
44790.46,26.15
44790.5,26.15
44790.54,26.15
44790.58,26.15
44790.62,26.15
44790.67,26.15
44790.71,26.15
44790.75,26.15
44790.79,26.15
44790.83,26.15
44790.88,26.15
44790.92,26.15
44790.96,26.15
44791,26.15
44791.04,26.15
44791.08,26.15
44791.12,26.15
44791.17,26.15
44791.21,26.15
44791.25,26.15
44791.29,26.15
44791.33,26.15
44791.38,26.15
44791.42,26.15
44791.46,26.15
44791.5,26.15
44791.54,26.15
44791.58,26.15
44791.62,26.15
44791.67,26.15
44791.71,26.15
44791.75,26.15
44791.79,26.15
44791.83,26.15
44791.88,26.15
44791.92,26.15
44791.96,26.15
44792,26.15
44792.04,26.15
44792.08,26.15
44792.12,26.15
44792.17,26.15
44792.21,26.15
44792.25,26.15
44792.29,26.15
44792.33,26.15
44792.38,26.15
44792.42,26.15
44792.46,26.15
44792.5,26.15
44792.54,26.15
44792.58,26.15
44792.62,26.15
44792.67,26.15
44792.71,26.15
44792.75,26.15
44792.79,26.15
44792.83,26.15
44792.88,26.15
44792.92,26.15
44792.96,26.15
44793,26.15
44793.04,26.15
44793.08,26.15
44793.12,26.15
44793.17,26.15
44793.21,26.15
44793.25,26.15
44793.29,26.15
44793.33,26.15
44793.38,26.15
44793.42,26.15
44793.46,26.15
44793.5,26.15
44793.54,26.15
44793.58,26.15
44793.62,26.15
44793.67,26.15
44793.71,26.15
44793.75,26.15
44793.79,26.15
44793.83,26.15
44793.88,26.15
44793.92,26.15
44793.96,26.15
44794,26.15
44794.04,26.15
44794.08,26.15
44794.12,26.15
44794.17,26.15
44794.21,26.15
44794.25,26.15
44794.29,26.15
44794.33,26.15
44794.38,26.15
44794.42,26.15
44794.46,26.15
44794.5,26.15
44794.54,26.15
44794.58,26.15
44794.62,26.15
44794.67,26.15
44794.71,26.15
44794.75,26.15
44794.79,26.15
44794.83,26.15
44794.88,26.15
44794.92,26.15
44794.96,26.15
44795,26.15
44795.04,26.15
44795.08,26.15
44795.12,26.15
44795.17,26.15
44795.21,26.15
44795.25,26.15
44795.29,26.15
44795.33,26.15
44795.38,26.15
44795.42,26.15
44795.46,26.15
44795.5,26.15
44795.54,26.15
44795.58,26.15
44795.62,26.15
44795.67,26.15
44795.71,26.15
44795.75,26.15
44795.79,26.15
44795.83,26.15
44795.88,26.15
44795.92,26.15
44795.96,26.15
44796,26.15
44796.04,26.15
44796.08,26.15
44796.12,26.15
44796.17,26.15
44796.21,26.15
44796.25,26.15
44796.29,26.15
44796.33,26.15
44796.38,26.15
44796.42,26.15
44796.46,26.15
44796.5,26.15
44796.54,26.15
44796.58,26.15
44796.62,26.15
44796.67,26.15
44796.71,26.15
44796.75,26.15
44796.79,26.15
44796.83,26.15
44796.88,26.15
44796.92,26.15
44796.96,26.15
44797,26.15
44797.04,26.15
44797.08,26.15
44797.12,26.15
44797.17,26.15
44797.21,26.15
44797.25,26.15
44797.29,26.15
44797.33,26.15
44797.38,26.15
44797.42,26.15
44797.46,26.15
44797.5,26.15
44797.54,26.15
44797.58,26.15
44797.62,26.15
44797.67,26.15
44797.71,26.15
44797.75,26.15
44797.79,26.15
44797.83,26.15
44797.88,26.15
44797.92,26.15
44797.96,26.15
44798,26.15
44798.04,26.15
44798.08,26.15
44798.12,26.15
44798.17,26.15
44798.21,26.15
44798.25,26.15
44798.29,26.15
44798.33,26.15
44798.38,26.15
44798.42,26.15
44798.46,26.15
44798.5,26.15
44798.54,26.15
44798.58,26.15
44798.62,26.15
44798.67,26.15
44798.71,26.15
44798.75,26.15
44798.79,26.15
44798.83,26.15
44798.88,26.15
44798.92,26.15
44798.96,26.15
44799,26.15
44799.04,26.15
44799.08,26.15
44799.12,26.15
44799.17,26.15
44799.21,26.15
44799.25,26.15
44799.29,26.15
44799.33,26.15
44799.38,26.15
44799.42,26.15
44799.46,26.15
44799.5,26.15
44799.54,26.15
44799.58,26.15
44799.62,26.15
44799.67,26.15
44799.71,26.15
44799.75,26.15
44799.79,26.15
44799.83,26.15
44799.88,26.15
44799.92,26.15
44799.96,26.15
44800,26.15
44800.04,26.15
44800.08,26.15
44800.12,26.15
44800.17,26.15
44800.21,26.15
44800.25,26.15
44800.29,26.15
44800.33,26.15
44800.38,26.15
44800.42,26.15
44800.46,26.15
44800.5,26.15
44800.54,26.15
44800.58,26.15
44800.62,26.15
44800.67,26.15
44800.71,26.15
44800.75,26.15
44800.79,26.15
44800.83,26.15
44800.88,26.15
44800.92,26.15
44800.96,26.15
44801,26.15
44801.04,26.15
44801.08,26.15
44801.12,26.15
44801.17,26.15
44801.21,26.15
44801.25,26.15
44801.29,26.15
44801.33,26.15
44801.38,26.15
44801.42,26.15
44801.46,26.15
44801.5,26.15
44801.54,26.15
44801.58,26.15
44801.62,26.15
44801.67,26.15
44801.71,26.15
44801.75,26.15
44801.79,26.15
44801.83,26.15
44801.88,26.15
44801.92,26.15
44801.96,26.15
44802,26.15
44802.04,26.15
44802.08,26.15
44802.12,26.15
44802.17,26.15
44802.21,26.15
44802.25,26.15
44802.29,26.15
44802.33,26.15
44802.38,26.15
44802.42,26.15
44802.46,26.15
44802.5,26.15
44802.54,26.15
44802.58,26.15
44802.62,26.15
44802.67,26.15
44802.71,26.15
44802.75,26.15
44802.79,26.15
44802.83,26.15
44802.88,26.15
44802.92,26.15
44802.96,26.15
44803,26.15
44803.04,26.15
44803.08,26.15
44803.12,26.15
44803.17,26.15
44803.21,26.15
44803.25,26.15
44803.29,26.15
44803.33,26.15
44803.38,26.15
44803.42,26.15
44803.46,26.15
44803.5,26.15
44803.54,26.15
44803.58,26.15
44803.62,26.15
44803.67,26.15
44803.71,26.15
44803.75,26.15
44803.79,26.15
44803.83,26.15
44803.88,26.15
44803.92,26.15
44803.96,26.15
44804,26.15
44804.04,26.15
44804.08,26.15
44804.12,26.15
44804.17,26.15
44804.21,26.15
44804.25,26.15
44804.29,26.15
44804.33,26.15
44804.38,26.15
44804.42,26.15
44804.46,26.15
44804.5,26.15
44804.54,26.15
44804.58,26.15
44804.62,26.15
44804.67,26.15
44804.71,26.15
44804.75,26.15
44804.79,26.15
44804.83,26.15
44804.88,26.15
44804.92,26.15
44804.96,26.15
44805,9.1
44805.04,9.1
44805.08,9.1
44805.12,9.1
44805.17,9.1
44805.21,9.1
44805.25,9.1
44805.29,9.1
44805.33,9.1
44805.38,9.1
44805.42,9.1
44805.46,9.1
44805.5,9.1
44805.54,9.1
44805.58,9.1
44805.62,9.1
44805.67,9.1
44805.71,9.1
44805.75,9.1
44805.79,9.1
44805.83,9.1
44805.88,9.1
44805.92,9.1
44805.96,9.1
44806,9.1
44806.04,9.1
44806.08,9.1
44806.12,9.1
44806.17,9.1
44806.21,9.1
44806.25,9.1
44806.29,9.1
44806.33,9.1
44806.38,9.1
44806.42,9.1
44806.46,9.1
44806.5,9.1
44806.54,9.1
44806.58,9.1
44806.62,9.1
44806.67,9.1
44806.71,9.1
44806.75,9.1
44806.79,9.1
44806.83,9.1
44806.88,9.1
44806.92,9.1
44806.96,9.1
44807,9.1
44807.04,9.1
44807.08,9.1
44807.12,9.1
44807.17,9.1
44807.21,9.1
44807.25,9.1
44807.29,9.1
44807.33,9.1
44807.38,9.1
44807.42,9.1
44807.46,9.1
44807.5,9.1
44807.54,9.1
44807.58,9.1
44807.62,9.1
44807.67,9.1
44807.71,9.1
44807.75,9.1
44807.79,9.1
44807.83,9.1
44807.88,9.1
44807.92,9.1
44807.96,9.1
44808,9.1
44808.04,9.1
44808.08,9.1
44808.12,9.1
44808.17,9.1
44808.21,9.1
44808.25,9.1
44808.29,9.1
44808.33,9.1
44808.38,9.1
44808.42,9.1
44808.46,9.1
44808.5,9.1
44808.54,9.1
44808.58,9.1
44808.62,9.1
44808.67,9.1
44808.71,9.1
44808.75,9.1
44808.79,9.1
44808.83,9.1
44808.88,9.1
44808.92,9.1
44808.96,9.1
44809,9.1
44809.04,9.1
44809.08,9.1
44809.12,9.1
44809.17,9.1
44809.21,9.1
44809.25,9.1
44809.29,9.1
44809.33,9.1
44809.38,9.1
44809.42,9.1
44809.46,9.1
44809.5,9.1
44809.54,9.1
44809.58,9.1
44809.62,9.1
44809.67,9.1
44809.71,9.1
44809.75,9.1
44809.79,9.1
44809.83,9.1
44809.88,9.1
44809.92,9.1
44809.96,9.1
44810,9.1
44810.04,9.1
44810.08,9.1
44810.12,9.1
44810.17,9.1
44810.21,9.1
44810.25,9.1
44810.29,9.1
44810.33,9.1
44810.38,9.1
44810.42,9.1
44810.46,9.1
44810.5,9.1
44810.54,9.1
44810.58,9.1
44810.62,9.1
44810.67,9.1
44810.71,9.1
44810.75,9.1
44810.79,9.1
44810.83,9.1
44810.88,9.1
44810.92,9.1
44810.96,9.1
44811,9.1
44811.04,9.1
44811.08,9.1
44811.12,9.1
44811.17,9.1
44811.21,9.1
44811.25,9.1
44811.29,9.1
44811.33,9.1
44811.38,9.1
44811.42,9.1
44811.46,9.1
44811.5,9.1
44811.54,9.1
44811.58,9.1
44811.62,9.1
44811.67,9.1
44811.71,9.1
44811.75,9.1
44811.79,9.1
44811.83,9.1
44811.88,9.1
44811.92,9.1
44811.96,9.1
44812,9.1
44812.04,9.1
44812.08,9.1
44812.12,9.1
44812.17,9.1
44812.21,9.1
44812.25,9.1
44812.29,9.1
44812.33,9.1
44812.38,9.1
44812.42,9.1
44812.46,9.1
44812.5,9.1
44812.54,9.1
44812.58,9.1
44812.62,9.1
44812.67,9.1
44812.71,9.1
44812.75,9.1
44812.79,9.1
44812.83,9.1
44812.88,9.1
44812.92,9.1
44812.96,9.1
44813,9.1
44813.04,9.1
44813.08,9.1
44813.12,9.1
44813.17,9.1
44813.21,9.1
44813.25,9.1
44813.29,9.1
44813.33,9.1
44813.38,9.1
44813.42,9.1
44813.46,9.1
44813.5,9.1
44813.54,9.1
44813.58,9.1
44813.62,9.1
44813.67,9.1
44813.71,9.1
44813.75,9.1
44813.79,9.1
44813.83,9.1
44813.88,9.1
44813.92,9.1
44813.96,9.1
44814,9.1
44814.04,9.1
44814.08,9.1
44814.12,9.1
44814.17,9.1
44814.21,9.1
44814.25,9.1
44814.29,9.1
44814.33,9.1
44814.38,9.1
44814.42,9.1
44814.46,9.1
44814.5,9.1
44814.54,9.1
44814.58,9.1
44814.62,9.1
44814.67,9.1
44814.71,9.1
44814.75,9.1
44814.79,9.1
44814.83,9.1
44814.88,9.1
44814.92,9.1
44814.96,9.1
44815,9.1
44815.04,9.1
44815.08,9.1
44815.12,9.1
44815.17,9.1
44815.21,9.1
44815.25,9.1
44815.29,9.1
44815.33,9.1
44815.38,9.1
44815.42,9.1
44815.46,9.1
44815.5,9.1
44815.54,9.1
44815.58,9.1
44815.62,9.1
44815.67,9.1
44815.71,9.1
44815.75,9.1
44815.79,9.1
44815.83,9.1
44815.88,9.1
44815.92,9.1
44815.96,9.1
44816,9.1
44816.04,9.1
44816.08,9.1
44816.12,9.1
44816.17,9.1
44816.21,9.1
44816.25,9.1
44816.29,9.1
44816.33,9.1
44816.38,9.1
44816.42,9.1
44816.46,9.1
44816.5,9.1
44816.54,9.1
44816.58,9.1
44816.62,9.1
44816.67,9.1
44816.71,9.1
44816.75,9.1
44816.79,9.1
44816.83,9.1
44816.88,9.1
44816.92,9.1
44816.96,9.1
44817,9.1
44817.04,9.1
44817.08,9.1
44817.12,9.1
44817.17,9.1
44817.21,9.1
44817.25,9.1
44817.29,9.1
44817.33,9.1
44817.38,9.1
44817.42,9.1
44817.46,9.1
44817.5,9.1
44817.54,9.1
44817.58,9.1
44817.62,9.1
44817.67,9.1
44817.71,9.1
44817.75,9.1
44817.79,9.1
44817.83,9.1
44817.88,9.1
44817.92,9.1
44817.96,9.1
44818,9.1
44818.04,9.1
44818.08,9.1
44818.12,9.1
44818.17,9.1
44818.21,9.1
44818.25,9.1
44818.29,9.1
44818.33,9.1
44818.38,9.1
44818.42,9.1
44818.46,9.1
44818.5,9.1
44818.54,9.1
44818.58,9.1
44818.62,9.1
44818.67,9.1
44818.71,9.1
44818.75,9.1
44818.79,9.1
44818.83,9.1
44818.88,9.1
44818.92,9.1
44818.96,9.1
44819,9.1
44819.04,9.1
44819.08,9.1
44819.12,9.1
44819.17,9.1
44819.21,9.1
44819.25,9.1
44819.29,9.1
44819.33,9.1
44819.38,9.1
44819.42,9.1
44819.46,9.1
44819.5,9.1
44819.54,9.1
44819.58,9.1
44819.62,9.1
44819.67,9.1
44819.71,9.1
44819.75,9.1
44819.79,9.1
44819.83,9.1
44819.88,9.1
44819.92,9.1
44819.96,9.1
44820,9.1
44820.04,9.1
44820.08,9.1
44820.12,9.1
44820.17,9.1
44820.21,9.1
44820.25,9.1
44820.29,9.1
44820.33,9.1
44820.38,9.1
44820.42,9.1
44820.46,9.1
44820.5,9.1
44820.54,9.1
44820.58,9.1
44820.62,9.1
44820.67,9.1
44820.71,9.1
44820.75,9.1
44820.79,9.1
44820.83,9.1
44820.88,9.1
44820.92,9.1
44820.96,9.1
44821,9.1
44821.04,9.1
44821.08,9.1
44821.12,9.1
44821.17,9.1
44821.21,9.1
44821.25,9.1
44821.29,9.1
44821.33,9.1
44821.38,9.1
44821.42,9.1
44821.46,9.1
44821.5,9.1
44821.54,9.1
44821.58,9.1
44821.62,9.1
44821.67,9.1
44821.71,9.1
44821.75,9.1
44821.79,9.1
44821.83,9.1
44821.88,9.1
44821.92,9.1
44821.96,9.1
44822,9.1
44822.04,9.1
44822.08,9.1
44822.12,9.1
44822.17,9.1
44822.21,9.1
44822.25,9.1
44822.29,9.1
44822.33,9.1
44822.38,9.1
44822.42,9.1
44822.46,9.1
44822.5,9.1
44822.54,9.1
44822.58,9.1
44822.62,9.1
44822.67,9.1
44822.71,9.1
44822.75,9.1
44822.79,9.1
44822.83,9.1
44822.88,9.1
44822.92,9.1
44822.96,9.1
44823,9.1
44823.04,9.1
44823.08,9.1
44823.12,9.1
44823.17,9.1
44823.21,9.1
44823.25,9.1
44823.29,9.1
44823.33,9.1
44823.38,9.1
44823.42,9.1
44823.46,9.1
44823.5,9.1
44823.54,9.1
44823.58,9.1
44823.62,9.1
44823.67,9.1
44823.71,9.1
44823.75,9.1
44823.79,9.1
44823.83,9.1
44823.88,9.1
44823.92,9.1
44823.96,9.1
44824,9.1
44824.04,9.1
44824.08,9.1
44824.12,9.1
44824.17,9.1
44824.21,9.1
44824.25,9.1
44824.29,9.1
44824.33,9.1
44824.38,9.1
44824.42,9.1
44824.46,9.1
44824.5,9.1
44824.54,9.1
44824.58,9.1
44824.62,9.1
44824.67,9.1
44824.71,9.1
44824.75,9.1
44824.79,9.1
44824.83,9.1
44824.88,9.1
44824.92,9.1
44824.96,9.1
44825,9.1
44825.04,9.1
44825.08,9.1
44825.12,9.1
44825.17,9.1
44825.21,9.1
44825.25,9.1
44825.29,9.1
44825.33,9.1
44825.38,9.1
44825.42,9.1
44825.46,9.1
44825.5,9.1
44825.54,9.1
44825.58,9.1
44825.62,9.1
44825.67,9.1
44825.71,9.1
44825.75,9.1
44825.79,9.1
44825.83,9.1
44825.88,9.1
44825.92,9.1
44825.96,9.1
44826,9.1
44826.04,9.1
44826.08,9.1
44826.12,9.1
44826.17,9.1
44826.21,9.1
44826.25,9.1
44826.29,9.1
44826.33,9.1
44826.38,9.1
44826.42,9.1
44826.46,9.1
44826.5,9.1
44826.54,9.1
44826.58,9.1
44826.62,9.1
44826.67,9.1
44826.71,9.1
44826.75,9.1
44826.79,9.1
44826.83,9.1
44826.88,9.1
44826.92,9.1
44826.96,9.1
44827,9.1
44827.04,9.1
44827.08,9.1
44827.12,9.1
44827.17,9.1
44827.21,9.1
44827.25,9.1
44827.29,9.1
44827.33,9.1
44827.38,9.1
44827.42,9.1
44827.46,9.1
44827.5,9.1
44827.54,9.1
44827.58,9.1
44827.62,9.1
44827.67,9.1
44827.71,9.1
44827.75,9.1
44827.79,9.1
44827.83,9.1
44827.88,9.1
44827.92,9.1
44827.96,9.1
44828,9.1
44828.04,9.1
44828.08,9.1
44828.12,9.1
44828.17,9.1
44828.21,9.1
44828.25,9.1
44828.29,9.1
44828.33,9.1
44828.38,9.1
44828.42,9.1
44828.46,9.1
44828.5,9.1
44828.54,9.1
44828.58,9.1
44828.62,9.1
44828.67,9.1
44828.71,9.1
44828.75,9.1
44828.79,9.1
44828.83,9.1
44828.88,9.1
44828.92,9.1
44828.96,9.1
44829,9.1
44829.04,9.1
44829.08,9.1
44829.12,9.1
44829.17,9.1
44829.21,9.1
44829.25,9.1
44829.29,9.1
44829.33,9.1
44829.38,9.1
44829.42,9.1
44829.46,9.1
44829.5,9.1
44829.54,9.1
44829.58,9.1
44829.62,9.1
44829.67,9.1
44829.71,9.1
44829.75,9.1
44829.79,9.1
44829.83,9.1
44829.88,9.1
44829.92,9.1
44829.96,9.1
44830,9.1
44830.04,9.1
44830.08,9.1
44830.12,9.1
44830.17,9.1
44830.21,9.1
44830.25,9.1
44830.29,9.1
44830.33,9.1
44830.38,9.1
44830.42,9.1
44830.46,9.1
44830.5,9.1
44830.54,9.1
44830.58,9.1
44830.62,9.1
44830.67,9.1
44830.71,9.1
44830.75,9.1
44830.79,9.1
44830.83,9.1
44830.88,9.1
44830.92,9.1
44830.96,9.1
44831,9.1
44831.04,9.1
44831.08,9.1
44831.12,9.1
44831.17,9.1
44831.21,9.1
44831.25,9.1
44831.29,9.1
44831.33,9.1
44831.38,9.1
44831.42,9.1
44831.46,9.1
44831.5,9.1
44831.54,9.1
44831.58,9.1
44831.62,9.1
44831.67,9.1
44831.71,9.1
44831.75,9.1
44831.79,9.1
44831.83,9.1
44831.88,9.1
44831.92,9.1
44831.96,9.1
44832,9.1
44832.04,9.1
44832.08,9.1
44832.12,9.1
44832.17,9.1
44832.21,9.1
44832.25,9.1
44832.29,9.1
44832.33,9.1
44832.38,9.1
44832.42,9.1
44832.46,9.1
44832.5,9.1
44832.54,9.1
44832.58,9.1
44832.62,9.1
44832.67,9.1
44832.71,9.1
44832.75,9.1
44832.79,9.1
44832.83,9.1
44832.88,9.1
44832.92,9.1
44832.96,9.1
44833,9.1
44833.04,9.1
44833.08,9.1
44833.12,9.1
44833.17,9.1
44833.21,9.1
44833.25,9.1
44833.29,9.1
44833.33,9.1
44833.38,9.1
44833.42,9.1
44833.46,9.1
44833.5,9.1
44833.54,9.1
44833.58,9.1
44833.62,9.1
44833.67,9.1
44833.71,9.1
44833.75,9.1
44833.79,9.1
44833.83,9.1
44833.88,9.1
44833.92,9.1
44833.96,9.1
44834,9.1
44834.04,9.1
44834.08,9.1
44834.12,9.1
44834.17,9.1
44834.21,9.1
44834.25,9.1
44834.29,9.1
44834.33,9.1
44834.38,9.1
44834.42,9.1
44834.46,9.1
44834.5,9.1
44834.54,9.1
44834.58,9.1
44834.62,9.1
44834.67,9.1
44834.71,9.1
44834.75,9.1
44834.79,9.1
44834.83,9.1
44834.88,9.1
44834.92,9.1
44834.96,9.1
44835,23.73
44835.04,23.73
44835.08,23.73
44835.12,23.73
44835.17,23.73
44835.21,23.73
44835.25,23.73
44835.29,23.73
44835.33,23.73
44835.38,23.73
44835.42,23.73
44835.46,23.73
44835.5,23.73
44835.54,23.73
44835.58,23.73
44835.62,23.73
44835.67,23.73
44835.71,23.73
44835.75,23.73
44835.79,23.73
44835.83,23.73
44835.88,23.73
44835.92,23.73
44835.96,23.73
44836,23.73
44836.04,23.73
44836.08,23.73
44836.12,23.73
44836.17,23.73
44836.21,23.73
44836.25,23.73
44836.29,23.73
44836.33,23.73
44836.38,23.73
44836.42,23.73
44836.46,23.73
44836.5,23.73
44836.54,23.73
44836.58,23.73
44836.62,23.73
44836.67,23.73
44836.71,23.73
44836.75,23.73
44836.79,23.73
44836.83,23.73
44836.88,23.73
44836.92,23.73
44836.96,23.73
44837,23.73
44837.04,23.73
44837.08,23.73
44837.12,23.73
44837.17,23.73
44837.21,23.73
44837.25,23.73
44837.29,23.73
44837.33,23.73
44837.38,23.73
44837.42,23.73
44837.46,23.73
44837.5,23.73
44837.54,23.73
44837.58,23.73
44837.62,23.73
44837.67,23.73
44837.71,23.73
44837.75,23.73
44837.79,23.73
44837.83,23.73
44837.88,23.73
44837.92,23.73
44837.96,23.73
44838,23.73
44838.04,23.73
44838.08,23.73
44838.12,23.73
44838.17,23.73
44838.21,23.73
44838.25,23.73
44838.29,23.73
44838.33,23.73
44838.38,23.73
44838.42,23.73
44838.46,23.73
44838.5,23.73
44838.54,23.73
44838.58,23.73
44838.62,23.73
44838.67,23.73
44838.71,23.73
44838.75,23.73
44838.79,23.73
44838.83,23.73
44838.88,23.73
44838.92,23.73
44838.96,23.73
44839,23.73
44839.04,23.73
44839.08,23.73
44839.12,23.73
44839.17,23.73
44839.21,23.73
44839.25,23.73
44839.29,23.73
44839.33,23.73
44839.38,23.73
44839.42,23.73
44839.46,23.73
44839.5,23.73
44839.54,23.73
44839.58,23.73
44839.62,23.73
44839.67,23.73
44839.71,23.73
44839.75,23.73
44839.79,23.73
44839.83,23.73
44839.88,23.73
44839.92,23.73
44839.96,23.73
44840,23.73
44840.04,23.73
44840.08,23.73
44840.12,23.73
44840.17,23.73
44840.21,23.73
44840.25,23.73
44840.29,23.73
44840.33,23.73
44840.38,23.73
44840.42,23.73
44840.46,23.73
44840.5,23.73
44840.54,23.73
44840.58,23.73
44840.62,23.73
44840.67,23.73
44840.71,23.73
44840.75,23.73
44840.79,23.73
44840.83,23.73
44840.88,23.73
44840.92,23.73
44840.96,23.73
44841,23.73
44841.04,23.73
44841.08,23.73
44841.12,23.73
44841.17,23.73
44841.21,23.73
44841.25,23.73
44841.29,23.73
44841.33,23.73
44841.38,23.73
44841.42,23.73
44841.46,23.73
44841.5,23.73
44841.54,23.73
44841.58,23.73
44841.62,23.73
44841.67,23.73
44841.71,23.73
44841.75,23.73
44841.79,23.73
44841.83,23.73
44841.88,23.73
44841.92,23.73
44841.96,23.73
44842,23.73
44842.04,23.73
44842.08,23.73
44842.12,23.73
44842.17,23.73
44842.21,23.73
44842.25,23.73
44842.29,23.73
44842.33,23.73
44842.38,23.73
44842.42,23.73
44842.46,23.73
44842.5,23.73
44842.54,23.73
44842.58,23.73
44842.62,23.73
44842.67,23.73
44842.71,23.73
44842.75,23.73
44842.79,23.73
44842.83,23.73
44842.88,23.73
44842.92,23.73
44842.96,23.73
44843,23.73
44843.04,23.73
44843.08,23.73
44843.12,23.73
44843.17,23.73
44843.21,23.73
44843.25,23.73
44843.29,23.73
44843.33,23.73
44843.38,23.73
44843.42,23.73
44843.46,23.73
44843.5,23.73
44843.54,23.73
44843.58,23.73
44843.62,23.73
44843.67,23.73
44843.71,23.73
44843.75,23.73
44843.79,23.73
44843.83,23.73
44843.88,23.73
44843.92,23.73
44843.96,23.73
44844,23.73
44844.04,23.73
44844.08,23.73
44844.12,23.73
44844.17,23.73
44844.21,23.73
44844.25,23.73
44844.29,23.73
44844.33,23.73
44844.38,23.73
44844.42,23.73
44844.46,23.73
44844.5,23.73
44844.54,23.73
44844.58,23.73
44844.62,23.73
44844.67,23.73
44844.71,23.73
44844.75,23.73
44844.79,23.73
44844.83,23.73
44844.88,23.73
44844.92,23.73
44844.96,23.73
44845,23.73
44845.04,23.73
44845.08,23.73
44845.12,23.73
44845.17,23.73
44845.21,23.73
44845.25,23.73
44845.29,23.73
44845.33,23.73
44845.38,23.73
44845.42,23.73
44845.46,23.73
44845.5,23.73
44845.54,23.73
44845.58,23.73
44845.62,23.73
44845.67,23.73
44845.71,23.73
44845.75,23.73
44845.79,23.73
44845.83,23.73
44845.88,23.73
44845.92,23.73
44845.96,23.73
44846,23.73
44846.04,23.73
44846.08,23.73
44846.12,23.73
44846.17,23.73
44846.21,23.73
44846.25,23.73
44846.29,23.73
44846.33,23.73
44846.38,23.73
44846.42,23.73
44846.46,23.73
44846.5,23.73
44846.54,23.73
44846.58,23.73
44846.62,23.73
44846.67,23.73
44846.71,23.73
44846.75,23.73
44846.79,23.73
44846.83,23.73
44846.88,23.73
44846.92,23.73
44846.96,23.73
44847,23.73
44847.04,23.73
44847.08,23.73
44847.12,23.73
44847.17,23.73
44847.21,23.73
44847.25,23.73
44847.29,23.73
44847.33,23.73
44847.38,23.73
44847.42,23.73
44847.46,23.73
44847.5,23.73
44847.54,23.73
44847.58,23.73
44847.62,23.73
44847.67,23.73
44847.71,23.73
44847.75,23.73
44847.79,23.73
44847.83,23.73
44847.88,23.73
44847.92,23.73
44847.96,23.73
44848,23.73
44848.04,23.73
44848.08,23.73
44848.12,23.73
44848.17,23.73
44848.21,23.73
44848.25,23.73
44848.29,23.73
44848.33,23.73
44848.38,23.73
44848.42,23.73
44848.46,23.73
44848.5,23.73
44848.54,23.73
44848.58,23.73
44848.62,23.73
44848.67,23.73
44848.71,23.73
44848.75,23.73
44848.79,23.73
44848.83,23.73
44848.88,23.73
44848.92,23.73
44848.96,23.73
44849,23.73
44849.04,23.73
44849.08,23.73
44849.12,23.73
44849.17,23.73
44849.21,23.73
44849.25,23.73
44849.29,23.73
44849.33,23.73
44849.38,23.73
44849.42,23.73
44849.46,23.73
44849.5,23.73
44849.54,23.73
44849.58,23.73
44849.62,23.73
44849.67,23.73
44849.71,23.73
44849.75,23.73
44849.79,23.73
44849.83,23.73
44849.88,23.73
44849.92,23.73
44849.96,23.73
44850,23.73
44850.04,23.73
44850.08,23.73
44850.12,23.73
44850.17,23.73
44850.21,23.73
44850.25,23.73
44850.29,23.73
44850.33,23.73
44850.38,23.73
44850.42,23.73
44850.46,23.73
44850.5,23.73
44850.54,23.73
44850.58,23.73
44850.62,23.73
44850.67,23.73
44850.71,23.73
44850.75,23.73
44850.79,23.73
44850.83,23.73
44850.88,23.73
44850.92,23.73
44850.96,23.73
44851,23.73
44851.04,23.73
44851.08,23.73
44851.12,23.73
44851.17,23.73
44851.21,23.73
44851.25,23.73
44851.29,23.73
44851.33,23.73
44851.38,23.73
44851.42,23.73
44851.46,23.73
44851.5,23.73
44851.54,23.73
44851.58,23.73
44851.62,23.73
44851.67,23.73
44851.71,23.73
44851.75,23.73
44851.79,23.73
44851.83,23.73
44851.88,23.73
44851.92,23.73
44851.96,23.73
44852,23.73
44852.04,23.73
44852.08,23.73
44852.12,23.73
44852.17,23.73
44852.21,23.73
44852.25,23.73
44852.29,23.73
44852.33,23.73
44852.38,23.73
44852.42,23.73
44852.46,23.73
44852.5,23.73
44852.54,23.73
44852.58,23.73
44852.62,23.73
44852.67,23.73
44852.71,23.73
44852.75,23.73
44852.79,23.73
44852.83,23.73
44852.88,23.73
44852.92,23.73
44852.96,23.73
44853,23.73
44853.04,23.73
44853.08,23.73
44853.12,23.73
44853.17,23.73
44853.21,23.73
44853.25,23.73
44853.29,23.73
44853.33,23.73
44853.38,23.73
44853.42,23.73
44853.46,23.73
44853.5,23.73
44853.54,23.73
44853.58,23.73
44853.62,23.73
44853.67,23.73
44853.71,23.73
44853.75,23.73
44853.79,23.73
44853.83,23.73
44853.88,23.73
44853.92,23.73
44853.96,23.73
44854,23.73
44854.04,23.73
44854.08,23.73
44854.12,23.73
44854.17,23.73
44854.21,23.73
44854.25,23.73
44854.29,23.73
44854.33,23.73
44854.38,23.73
44854.42,23.73
44854.46,23.73
44854.5,23.73
44854.54,23.73
44854.58,23.73
44854.62,23.73
44854.67,23.73
44854.71,23.73
44854.75,23.73
44854.79,23.73
44854.83,23.73
44854.88,23.73
44854.92,23.73
44854.96,23.73
44855,23.73
44855.04,23.73
44855.08,23.73
44855.12,23.73
44855.17,23.73
44855.21,23.73
44855.25,23.73
44855.29,23.73
44855.33,23.73
44855.38,23.73
44855.42,23.73
44855.46,23.73
44855.5,23.73
44855.54,23.73
44855.58,23.73
44855.62,23.73
44855.67,23.73
44855.71,23.73
44855.75,23.73
44855.79,23.73
44855.83,23.73
44855.88,23.73
44855.92,23.73
44855.96,23.73
44856,23.73
44856.04,23.73
44856.08,23.73
44856.12,23.73
44856.17,23.73
44856.21,23.73
44856.25,23.73
44856.29,23.73
44856.33,23.73
44856.38,23.73
44856.42,23.73
44856.46,23.73
44856.5,23.73
44856.54,23.73
44856.58,23.73
44856.62,23.73
44856.67,23.73
44856.71,23.73
44856.75,23.73
44856.79,23.73
44856.83,23.73
44856.88,23.73
44856.92,23.73
44856.96,23.73
44857,23.73
44857.04,23.73
44857.08,23.73
44857.12,23.73
44857.17,23.73
44857.21,23.73
44857.25,23.73
44857.29,23.73
44857.33,23.73
44857.38,23.73
44857.42,23.73
44857.46,23.73
44857.5,23.73
44857.54,23.73
44857.58,23.73
44857.62,23.73
44857.67,23.73
44857.71,23.73
44857.75,23.73
44857.79,23.73
44857.83,23.73
44857.88,23.73
44857.92,23.73
44857.96,23.73
44858,23.73
44858.04,23.73
44858.08,23.73
44858.12,23.73
44858.17,23.73
44858.21,23.73
44858.25,23.73
44858.29,23.73
44858.33,23.73
44858.38,23.73
44858.42,23.73
44858.46,23.73
44858.5,23.73
44858.54,23.73
44858.58,23.73
44858.62,23.73
44858.67,23.73
44858.71,23.73
44858.75,23.73
44858.79,23.73
44858.83,23.73
44858.88,23.73
44858.92,23.73
44858.96,23.73
44859,23.73
44859.04,23.73
44859.08,23.73
44859.12,23.73
44859.17,23.73
44859.21,23.73
44859.25,23.73
44859.29,23.73
44859.33,23.73
44859.38,23.73
44859.42,23.73
44859.46,23.73
44859.5,23.73
44859.54,23.73
44859.58,23.73
44859.62,23.73
44859.67,23.73
44859.71,23.73
44859.75,23.73
44859.79,23.73
44859.83,23.73
44859.88,23.73
44859.92,23.73
44859.96,23.73
44860,23.73
44860.04,23.73
44860.08,23.73
44860.12,23.73
44860.17,23.73
44860.21,23.73
44860.25,23.73
44860.29,23.73
44860.33,23.73
44860.38,23.73
44860.42,23.73
44860.46,23.73
44860.5,23.73
44860.54,23.73
44860.58,23.73
44860.62,23.73
44860.67,23.73
44860.71,23.73
44860.75,23.73
44860.79,23.73
44860.83,23.73
44860.88,23.73
44860.92,23.73
44860.96,23.73
44861,23.73
44861.04,23.73
44861.08,23.73
44861.12,23.73
44861.17,23.73
44861.21,23.73
44861.25,23.73
44861.29,23.73
44861.33,23.73
44861.38,23.73
44861.42,23.73
44861.46,23.73
44861.5,23.73
44861.54,23.73
44861.58,23.73
44861.62,23.73
44861.67,23.73
44861.71,23.73
44861.75,23.73
44861.79,23.73
44861.83,23.73
44861.88,23.73
44861.92,23.73
44861.96,23.73
44862,23.73
44862.04,23.73
44862.08,23.73
44862.12,23.73
44862.17,23.73
44862.21,23.73
44862.25,23.73
44862.29,23.73
44862.33,23.73
44862.38,23.73
44862.42,23.73
44862.46,23.73
44862.5,23.73
44862.54,23.73
44862.58,23.73
44862.62,23.73
44862.67,23.73
44862.71,23.73
44862.75,23.73
44862.79,23.73
44862.83,23.73
44862.88,23.73
44862.92,23.73
44862.96,23.73
44863,23.73
44863.04,23.73
44863.08,23.73
44863.12,23.73
44863.17,23.73
44863.21,23.73
44863.25,23.73
44863.29,23.73
44863.33,23.73
44863.38,23.73
44863.42,23.73
44863.46,23.73
44863.5,23.73
44863.54,23.73
44863.58,23.73
44863.62,23.73
44863.67,23.73
44863.71,23.73
44863.75,23.73
44863.79,23.73
44863.83,23.73
44863.88,23.73
44863.92,23.73
44863.96,23.73
44864,23.73
44864.04,23.73
44864.08,23.73
44864.12,23.73
44864.17,23.73
44864.21,23.73
44864.25,23.73
44864.29,23.73
44864.33,23.73
44864.38,23.73
44864.42,23.73
44864.46,23.73
44864.5,23.73
44864.54,23.73
44864.58,23.73
44864.62,23.73
44864.67,23.73
44864.71,23.73
44864.75,23.73
44864.79,23.73
44864.83,23.73
44864.88,23.73
44864.92,23.73
44864.96,23.73
44865,23.73
44865.04,23.73
44865.08,23.73
44865.12,23.73
44865.17,23.73
44865.21,23.73
44865.25,23.73
44865.29,23.73
44865.33,23.73
44865.38,23.73
44865.42,23.73
44865.46,23.73
44865.5,23.73
44865.54,23.73
44865.58,23.73
44865.62,23.73
44865.67,23.73
44865.71,23.73
44865.75,23.73
44865.79,23.73
44865.83,23.73
44865.88,23.73
44865.92,23.73
44865.96,23.73
44866,6.91
44866.04,6.91
44866.08,6.91
44866.12,6.91
44866.17,6.91
44866.21,6.91
44866.25,6.91
44866.29,6.91
44866.33,6.91
44866.38,6.91
44866.42,6.91
44866.46,6.91
44866.5,6.91
44866.54,6.91
44866.58,6.91
44866.62,6.91
44866.67,6.91
44866.71,6.91
44866.75,6.91
44866.79,6.91
44866.83,6.91
44866.88,6.91
44866.92,6.91
44866.96,6.91
44867,6.91
44867.04,6.91
44867.08,6.91
44867.12,6.91
44867.17,6.91
44867.21,6.91
44867.25,6.91
44867.29,6.91
44867.33,6.91
44867.38,6.91
44867.42,6.91
44867.46,6.91
44867.5,6.91
44867.54,6.91
44867.58,6.91
44867.62,6.91
44867.67,6.91
44867.71,6.91
44867.75,6.91
44867.79,6.91
44867.83,6.91
44867.88,6.91
44867.92,6.91
44867.96,6.91
44868,6.91
44868.04,6.91
44868.08,6.91
44868.12,6.91
44868.17,6.91
44868.21,6.91
44868.25,6.91
44868.29,6.91
44868.33,6.91
44868.38,6.91
44868.42,6.91
44868.46,6.91
44868.5,6.91
44868.54,6.91
44868.58,6.91
44868.62,6.91
44868.67,6.91
44868.71,6.91
44868.75,6.91
44868.79,6.91
44868.83,6.91
44868.88,6.91
44868.92,6.91
44868.96,6.91
44869,6.91
44869.04,6.91
44869.08,6.91
44869.12,6.91
44869.17,6.91
44869.21,6.91
44869.25,6.91
44869.29,6.91
44869.33,6.91
44869.38,6.91
44869.42,6.91
44869.46,6.91
44869.5,6.91
44869.54,6.91
44869.58,6.91
44869.62,6.91
44869.67,6.91
44869.71,6.91
44869.75,6.91
44869.79,6.91
44869.83,6.91
44869.88,6.91
44869.92,6.91
44869.96,6.91
44870,6.91
44870.04,6.91
44870.08,6.91
44870.12,6.91
44870.17,6.91
44870.21,6.91
44870.25,6.91
44870.29,6.91
44870.33,6.91
44870.38,6.91
44870.42,6.91
44870.46,6.91
44870.5,6.91
44870.54,6.91
44870.58,6.91
44870.62,6.91
44870.67,6.91
44870.71,6.91
44870.75,6.91
44870.79,6.91
44870.83,6.91
44870.88,6.91
44870.92,6.91
44870.96,6.91
44871,6.91
44871.04,6.91
44871.08,6.91
44871.12,6.91
44871.17,6.91
44871.21,6.91
44871.25,6.91
44871.29,6.91
44871.33,6.91
44871.38,6.91
44871.42,6.91
44871.46,6.91
44871.5,6.91
44871.54,6.91
44871.58,6.91
44871.62,6.91
44871.67,6.91
44871.71,6.91
44871.75,6.91
44871.79,6.91
44871.83,6.91
44871.88,6.91
44871.92,6.91
44871.96,6.91
44872,6.91
44872.04,6.91
44872.08,6.91
44872.12,6.91
44872.17,6.91
44872.21,6.91
44872.25,6.91
44872.29,6.91
44872.33,6.91
44872.38,6.91
44872.42,6.91
44872.46,6.91
44872.5,6.91
44872.54,6.91
44872.58,6.91
44872.62,6.91
44872.67,6.91
44872.71,6.91
44872.75,6.91
44872.79,6.91
44872.83,6.91
44872.88,6.91
44872.92,6.91
44872.96,6.91
44873,6.91
44873.04,6.91
44873.08,6.91
44873.12,6.91
44873.17,6.91
44873.21,6.91
44873.25,6.91
44873.29,6.91
44873.33,6.91
44873.38,6.91
44873.42,6.91
44873.46,6.91
44873.5,6.91
44873.54,6.91
44873.58,6.91
44873.62,6.91
44873.67,6.91
44873.71,6.91
44873.75,6.91
44873.79,6.91
44873.83,6.91
44873.88,6.91
44873.92,6.91
44873.96,6.91
44874,6.91
44874.04,6.91
44874.08,6.91
44874.12,6.91
44874.17,6.91
44874.21,6.91
44874.25,6.91
44874.29,6.91
44874.33,6.91
44874.38,6.91
44874.42,6.91
44874.46,6.91
44874.5,6.91
44874.54,6.91
44874.58,6.91
44874.62,6.91
44874.67,6.91
44874.71,6.91
44874.75,6.91
44874.79,6.91
44874.83,6.91
44874.88,6.91
44874.92,6.91
44874.96,6.91
44875,6.91
44875.04,6.91
44875.08,6.91
44875.12,6.91
44875.17,6.91
44875.21,6.91
44875.25,6.91
44875.29,6.91
44875.33,6.91
44875.38,6.91
44875.42,6.91
44875.46,6.91
44875.5,6.91
44875.54,6.91
44875.58,6.91
44875.62,6.91
44875.67,6.91
44875.71,6.91
44875.75,6.91
44875.79,6.91
44875.83,6.91
44875.88,6.91
44875.92,6.91
44875.96,6.91
44876,6.91
44876.04,6.91
44876.08,6.91
44876.12,6.91
44876.17,6.91
44876.21,6.91
44876.25,6.91
44876.29,6.91
44876.33,6.91
44876.38,6.91
44876.42,6.91
44876.46,6.91
44876.5,6.91
44876.54,6.91
44876.58,6.91
44876.62,6.91
44876.67,6.91
44876.71,6.91
44876.75,6.91
44876.79,6.91
44876.83,6.91
44876.88,6.91
44876.92,6.91
44876.96,6.91
44877,6.91
44877.04,6.91
44877.08,6.91
44877.12,6.91
44877.17,6.91
44877.21,6.91
44877.25,6.91
44877.29,6.91
44877.33,6.91
44877.38,6.91
44877.42,6.91
44877.46,6.91
44877.5,6.91
44877.54,6.91
44877.58,6.91
44877.62,6.91
44877.67,6.91
44877.71,6.91
44877.75,6.91
44877.79,6.91
44877.83,6.91
44877.88,6.91
44877.92,6.91
44877.96,6.91
44878,6.91
44878.04,6.91
44878.08,6.91
44878.12,6.91
44878.17,6.91
44878.21,6.91
44878.25,6.91
44878.29,6.91
44878.33,6.91
44878.38,6.91
44878.42,6.91
44878.46,6.91
44878.5,6.91
44878.54,6.91
44878.58,6.91
44878.62,6.91
44878.67,6.91
44878.71,6.91
44878.75,6.91
44878.79,6.91
44878.83,6.91
44878.88,6.91
44878.92,6.91
44878.96,6.91
44879,6.91
44879.04,6.91
44879.08,6.91
44879.12,6.91
44879.17,6.91
44879.21,6.91
44879.25,6.91
44879.29,6.91
44879.33,6.91
44879.38,6.91
44879.42,6.91
44879.46,6.91
44879.5,6.91
44879.54,6.91
44879.58,6.91
44879.62,6.91
44879.67,6.91
44879.71,6.91
44879.75,6.91
44879.79,6.91
44879.83,6.91
44879.88,6.91
44879.92,6.91
44879.96,6.91
44880,6.91
44880.04,6.91
44880.08,6.91
44880.12,6.91
44880.17,6.91
44880.21,6.91
44880.25,6.91
44880.29,6.91
44880.33,6.91
44880.38,6.91
44880.42,6.91
44880.46,6.91
44880.5,6.91
44880.54,6.91
44880.58,6.91
44880.62,6.91
44880.67,6.91
44880.71,6.91
44880.75,6.91
44880.79,6.91
44880.83,6.91
44880.88,6.91
44880.92,6.91
44880.96,6.91
44881,6.91
44881.04,6.91
44881.08,6.91
44881.12,6.91
44881.17,6.91
44881.21,6.91
44881.25,6.91
44881.29,6.91
44881.33,6.91
44881.38,6.91
44881.42,6.91
44881.46,6.91
44881.5,6.91
44881.54,6.91
44881.58,6.91
44881.62,6.91
44881.67,6.91
44881.71,6.91
44881.75,6.91
44881.79,6.91
44881.83,6.91
44881.88,6.91
44881.92,6.91
44881.96,6.91
44882,6.91
44882.04,6.91
44882.08,6.91
44882.12,6.91
44882.17,6.91
44882.21,6.91
44882.25,6.91
44882.29,6.91
44882.33,6.91
44882.38,6.91
44882.42,6.91
44882.46,6.91
44882.5,6.91
44882.54,6.91
44882.58,6.91
44882.62,6.91
44882.67,6.91
44882.71,6.91
44882.75,6.91
44882.79,6.91
44882.83,6.91
44882.88,6.91
44882.92,6.91
44882.96,6.91
44883,6.91
44883.04,6.91
44883.08,6.91
44883.12,6.91
44883.17,6.91
44883.21,6.91
44883.25,6.91
44883.29,6.91
44883.33,6.91
44883.38,6.91
44883.42,6.91
44883.46,6.91
44883.5,6.91
44883.54,6.91
44883.58,6.91
44883.62,6.91
44883.67,6.91
44883.71,6.91
44883.75,6.91
44883.79,6.91
44883.83,6.91
44883.88,6.91
44883.92,6.91
44883.96,6.91
44884,6.91
44884.04,6.91
44884.08,6.91
44884.12,6.91
44884.17,6.91
44884.21,6.91
44884.25,6.91
44884.29,6.91
44884.33,6.91
44884.38,6.91
44884.42,6.91
44884.46,6.91
44884.5,6.91
44884.54,6.91
44884.58,6.91
44884.62,6.91
44884.67,6.91
44884.71,6.91
44884.75,6.91
44884.79,6.91
44884.83,6.91
44884.88,6.91
44884.92,6.91
44884.96,6.91
44885,6.91
44885.04,6.91
44885.08,6.91
44885.12,6.91
44885.17,6.91
44885.21,6.91
44885.25,6.91
44885.29,6.91
44885.33,6.91
44885.38,6.91
44885.42,6.91
44885.46,6.91
44885.5,6.91
44885.54,6.91
44885.58,6.91
44885.62,6.91
44885.67,6.91
44885.71,6.91
44885.75,6.91
44885.79,6.91
44885.83,6.91
44885.88,6.91
44885.92,6.91
44885.96,6.91
44886,6.91
44886.04,6.91
44886.08,6.91
44886.12,6.91
44886.17,6.91
44886.21,6.91
44886.25,6.91
44886.29,6.91
44886.33,6.91
44886.38,6.91
44886.42,6.91
44886.46,6.91
44886.5,6.91
44886.54,6.91
44886.58,6.91
44886.62,6.91
44886.67,6.91
44886.71,6.91
44886.75,6.91
44886.79,6.91
44886.83,6.91
44886.88,6.91
44886.92,6.91
44886.96,6.91
44887,6.91
44887.04,6.91
44887.08,6.91
44887.12,6.91
44887.17,6.91
44887.21,6.91
44887.25,6.91
44887.29,6.91
44887.33,6.91
44887.38,6.91
44887.42,6.91
44887.46,6.91
44887.5,6.91
44887.54,6.91
44887.58,6.91
44887.62,6.91
44887.67,6.91
44887.71,6.91
44887.75,6.91
44887.79,6.91
44887.83,6.91
44887.88,6.91
44887.92,6.91
44887.96,6.91
44888,6.91
44888.04,6.91
44888.08,6.91
44888.12,6.91
44888.17,6.91
44888.21,6.91
44888.25,6.91
44888.29,6.91
44888.33,6.91
44888.38,6.91
44888.42,6.91
44888.46,6.91
44888.5,6.91
44888.54,6.91
44888.58,6.91
44888.62,6.91
44888.67,6.91
44888.71,6.91
44888.75,6.91
44888.79,6.91
44888.83,6.91
44888.88,6.91
44888.92,6.91
44888.96,6.91
44889,6.91
44889.04,6.91
44889.08,6.91
44889.12,6.91
44889.17,6.91
44889.21,6.91
44889.25,6.91
44889.29,6.91
44889.33,6.91
44889.38,6.91
44889.42,6.91
44889.46,6.91
44889.5,6.91
44889.54,6.91
44889.58,6.91
44889.62,6.91
44889.67,6.91
44889.71,6.91
44889.75,6.91
44889.79,6.91
44889.83,6.91
44889.88,6.91
44889.92,6.91
44889.96,6.91
44890,6.91
44890.04,6.91
44890.08,6.91
44890.12,6.91
44890.17,6.91
44890.21,6.91
44890.25,6.91
44890.29,6.91
44890.33,6.91
44890.38,6.91
44890.42,6.91
44890.46,6.91
44890.5,6.91
44890.54,6.91
44890.58,6.91
44890.62,6.91
44890.67,6.91
44890.71,6.91
44890.75,6.91
44890.79,6.91
44890.83,6.91
44890.88,6.91
44890.92,6.91
44890.96,6.91
44891,6.91
44891.04,6.91
44891.08,6.91
44891.12,6.91
44891.17,6.91
44891.21,6.91
44891.25,6.91
44891.29,6.91
44891.33,6.91
44891.38,6.91
44891.42,6.91
44891.46,6.91
44891.5,6.91
44891.54,6.91
44891.58,6.91
44891.62,6.91
44891.67,6.91
44891.71,6.91
44891.75,6.91
44891.79,6.91
44891.83,6.91
44891.88,6.91
44891.92,6.91
44891.96,6.91
44892,6.91
44892.04,6.91
44892.08,6.91
44892.12,6.91
44892.17,6.91
44892.21,6.91
44892.25,6.91
44892.29,6.91
44892.33,6.91
44892.38,6.91
44892.42,6.91
44892.46,6.91
44892.5,6.91
44892.54,6.91
44892.58,6.91
44892.62,6.91
44892.67,6.91
44892.71,6.91
44892.75,6.91
44892.79,6.91
44892.83,6.91
44892.88,6.91
44892.92,6.91
44892.96,6.91
44893,6.91
44893.04,6.91
44893.08,6.91
44893.12,6.91
44893.17,6.91
44893.21,6.91
44893.25,6.91
44893.29,6.91
44893.33,6.91
44893.38,6.91
44893.42,6.91
44893.46,6.91
44893.5,6.91
44893.54,6.91
44893.58,6.91
44893.62,6.91
44893.67,6.91
44893.71,6.91
44893.75,6.91
44893.79,6.91
44893.83,6.91
44893.88,6.91
44893.92,6.91
44893.96,6.91
44894,6.91
44894.04,6.91
44894.08,6.91
44894.12,6.91
44894.17,6.91
44894.21,6.91
44894.25,6.91
44894.29,6.91
44894.33,6.91
44894.38,6.91
44894.42,6.91
44894.46,6.91
44894.5,6.91
44894.54,6.91
44894.58,6.91
44894.62,6.91
44894.67,6.91
44894.71,6.91
44894.75,6.91
44894.79,6.91
44894.83,6.91
44894.88,6.91
44894.92,6.91
44894.96,6.91
44895,6.91
44895.04,6.91
44895.08,6.91
44895.12,6.91
44895.17,6.91
44895.21,6.91
44895.25,6.91
44895.29,6.91
44895.33,6.91
44895.38,6.91
44895.42,6.91
44895.46,6.91
44895.5,6.91
44895.54,6.91
44895.58,6.91
44895.62,6.91
44895.67,6.91
44895.71,6.91
44895.75,6.91
44895.79,6.91
44895.83,6.91
44895.88,6.91
44895.92,6.91
44895.96,6.91
44896,3.69
44896.04,3.69
44896.08,3.69
44896.12,3.69
44896.17,3.69
44896.21,3.69
44896.25,3.69
44896.29,3.69
44896.33,3.69
44896.38,3.69
44896.42,3.69
44896.46,3.69
44896.5,3.69
44896.54,3.69
44896.58,3.69
44896.62,3.69
44896.67,3.69
44896.71,3.69
44896.75,3.69
44896.79,3.69
44896.83,3.69
44896.88,3.69
44896.92,3.69
44896.96,3.69
44897,3.69
44897.04,3.69
44897.08,3.69
44897.12,3.69
44897.17,3.69
44897.21,3.69
44897.25,3.69
44897.29,3.69
44897.33,3.69
44897.38,3.69
44897.42,3.69
44897.46,3.69
44897.5,3.69
44897.54,3.69
44897.58,3.69
44897.62,3.69
44897.67,3.69
44897.71,3.69
44897.75,3.69
44897.79,3.69
44897.83,3.69
44897.88,3.69
44897.92,3.69
44897.96,3.69
44898,3.69
44898.04,3.69
44898.08,3.69
44898.12,3.69
44898.17,3.69
44898.21,3.69
44898.25,3.69
44898.29,3.69
44898.33,3.69
44898.38,3.69
44898.42,3.69
44898.46,3.69
44898.5,3.69
44898.54,3.69
44898.58,3.69
44898.62,3.69
44898.67,3.69
44898.71,3.69
44898.75,3.69
44898.79,3.69
44898.83,3.69
44898.88,3.69
44898.92,3.69
44898.96,3.69
44899,3.69
44899.04,3.69
44899.08,3.69
44899.12,3.69
44899.17,3.69
44899.21,3.69
44899.25,3.69
44899.29,3.69
44899.33,3.69
44899.38,3.69
44899.42,3.69
44899.46,3.69
44899.5,3.69
44899.54,3.69
44899.58,3.69
44899.62,3.69
44899.67,3.69
44899.71,3.69
44899.75,3.69
44899.79,3.69
44899.83,3.69
44899.88,3.69
44899.92,3.69
44899.96,3.69
44900,3.69
44900.04,3.69
44900.08,3.69
44900.12,3.69
44900.17,3.69
44900.21,3.69
44900.25,3.69
44900.29,3.69
44900.33,3.69
44900.38,3.69
44900.42,3.69
44900.46,3.69
44900.5,3.69
44900.54,3.69
44900.58,3.69
44900.62,3.69
44900.67,3.69
44900.71,3.69
44900.75,3.69
44900.79,3.69
44900.83,3.69
44900.88,3.69
44900.92,3.69
44900.96,3.69
44901,3.69
44901.04,3.69
44901.08,3.69
44901.12,3.69
44901.17,3.69
44901.21,3.69
44901.25,3.69
44901.29,3.69
44901.33,3.69
44901.38,3.69
44901.42,3.69
44901.46,3.69
44901.5,3.69
44901.54,3.69
44901.58,3.69
44901.62,3.69
44901.67,3.69
44901.71,3.69
44901.75,3.69
44901.79,3.69
44901.83,3.69
44901.88,3.69
44901.92,3.69
44901.96,3.69
44902,3.69
44902.04,3.69
44902.08,3.69
44902.12,3.69
44902.17,3.69
44902.21,3.69
44902.25,3.69
44902.29,3.69
44902.33,3.69
44902.38,3.69
44902.42,3.69
44902.46,3.69
44902.5,3.69
44902.54,3.69
44902.58,3.69
44902.62,3.69
44902.67,3.69
44902.71,3.69
44902.75,3.69
44902.79,3.69
44902.83,3.69
44902.88,3.69
44902.92,3.69
44902.96,3.69
44903,3.69
44903.04,3.69
44903.08,3.69
44903.12,3.69
44903.17,3.69
44903.21,3.69
44903.25,3.69
44903.29,3.69
44903.33,3.69
44903.38,3.69
44903.42,3.69
44903.46,3.69
44903.5,3.69
44903.54,3.69
44903.58,3.69
44903.62,3.69
44903.67,3.69
44903.71,3.69
44903.75,3.69
44903.79,3.69
44903.83,3.69
44903.88,3.69
44903.92,3.69
44903.96,3.69
44904,3.69
44904.04,3.69
44904.08,3.69
44904.12,3.69
44904.17,3.69
44904.21,3.69
44904.25,3.69
44904.29,3.69
44904.33,3.69
44904.38,3.69
44904.42,3.69
44904.46,3.69
44904.5,3.69
44904.54,3.69
44904.58,3.69
44904.62,3.69
44904.67,3.69
44904.71,3.69
44904.75,3.69
44904.79,3.69
44904.83,3.69
44904.88,3.69
44904.92,3.69
44904.96,3.69
44905,3.69
44905.04,3.69
44905.08,3.69
44905.12,3.69
44905.17,3.69
44905.21,3.69
44905.25,3.69
44905.29,3.69
44905.33,3.69
44905.38,3.69
44905.42,3.69
44905.46,3.69
44905.5,3.69
44905.54,3.69
44905.58,3.69
44905.62,3.69
44905.67,3.69
44905.71,3.69
44905.75,3.69
44905.79,3.69
44905.83,3.69
44905.88,3.69
44905.92,3.69
44905.96,3.69
44906,3.69
44906.04,3.69
44906.08,3.69
44906.12,3.69
44906.17,3.69
44906.21,3.69
44906.25,3.69
44906.29,3.69
44906.33,3.69
44906.38,3.69
44906.42,3.69
44906.46,3.69
44906.5,3.69
44906.54,3.69
44906.58,3.69
44906.62,3.69
44906.67,3.69
44906.71,3.69
44906.75,3.69
44906.79,3.69
44906.83,3.69
44906.88,3.69
44906.92,3.69
44906.96,3.69
44907,3.69
44907.04,3.69
44907.08,3.69
44907.12,3.69
44907.17,3.69
44907.21,3.69
44907.25,3.69
44907.29,3.69
44907.33,3.69
44907.38,3.69
44907.42,3.69
44907.46,3.69
44907.5,3.69
44907.54,3.69
44907.58,3.69
44907.62,3.69
44907.67,3.69
44907.71,3.69
44907.75,3.69
44907.79,3.69
44907.83,3.69
44907.88,3.69
44907.92,3.69
44907.96,3.69
44908,3.69
44908.04,3.69
44908.08,3.69
44908.12,3.69
44908.17,3.69
44908.21,3.69
44908.25,3.69
44908.29,3.69
44908.33,3.69
44908.38,3.69
44908.42,3.69
44908.46,3.69
44908.5,3.69
44908.54,3.69
44908.58,3.69
44908.62,3.69
44908.67,3.69
44908.71,3.69
44908.75,3.69
44908.79,3.69
44908.83,3.69
44908.88,3.69
44908.92,3.69
44908.96,3.69
44909,3.69
44909.04,3.69
44909.08,3.69
44909.12,3.69
44909.17,3.69
44909.21,3.69
44909.25,3.69
44909.29,3.69
44909.33,3.69
44909.38,3.69
44909.42,3.69
44909.46,3.69
44909.5,3.69
44909.54,3.69
44909.58,3.69
44909.62,3.69
44909.67,3.69
44909.71,3.69
44909.75,3.69
44909.79,3.69
44909.83,3.69
44909.88,3.69
44909.92,3.69
44909.96,3.69
44910,3.69
44910.04,3.69
44910.08,3.69
44910.12,3.69
44910.17,3.69
44910.21,3.69
44910.25,3.69
44910.29,3.69
44910.33,3.69
44910.38,3.69
44910.42,3.69
44910.46,3.69
44910.5,3.69
44910.54,3.69
44910.58,3.69
44910.62,3.69
44910.67,3.69
44910.71,3.69
44910.75,3.69
44910.79,3.69
44910.83,3.69
44910.88,3.69
44910.92,3.69
44910.96,3.69
44911,3.69
44911.04,3.69
44911.08,3.69
44911.12,3.69
44911.17,3.69
44911.21,3.69
44911.25,3.69
44911.29,3.69
44911.33,3.69
44911.38,3.69
44911.42,3.69
44911.46,3.69
44911.5,3.69
44911.54,3.69
44911.58,3.69
44911.62,3.69
44911.67,3.69
44911.71,3.69
44911.75,3.69
44911.79,3.69
44911.83,3.69
44911.88,3.69
44911.92,3.69
44911.96,3.69
44912,3.69
44912.04,3.69
44912.08,3.69
44912.12,3.69
44912.17,3.69
44912.21,3.69
44912.25,3.69
44912.29,3.69
44912.33,3.69
44912.38,3.69
44912.42,3.69
44912.46,3.69
44912.5,3.69
44912.54,3.69
44912.58,3.69
44912.62,3.69
44912.67,3.69
44912.71,3.69
44912.75,3.69
44912.79,3.69
44912.83,3.69
44912.88,3.69
44912.92,3.69
44912.96,3.69
44913,3.69
44913.04,3.69
44913.08,3.69
44913.12,3.69
44913.17,3.69
44913.21,3.69
44913.25,3.69
44913.29,3.69
44913.33,3.69
44913.38,3.69
44913.42,3.69
44913.46,3.69
44913.5,3.69
44913.54,3.69
44913.58,3.69
44913.62,3.69
44913.67,3.69
44913.71,3.69
44913.75,3.69
44913.79,3.69
44913.83,3.69
44913.88,3.69
44913.92,3.69
44913.96,3.69
44914,3.69
44914.04,3.69
44914.08,3.69
44914.12,3.69
44914.17,3.69
44914.21,3.69
44914.25,3.69
44914.29,3.69
44914.33,3.69
44914.38,3.69
44914.42,3.69
44914.46,3.69
44914.5,3.69
44914.54,3.69
44914.58,3.69
44914.62,3.69
44914.67,3.69
44914.71,3.69
44914.75,3.69
44914.79,3.69
44914.83,3.69
44914.88,3.69
44914.92,3.69
44914.96,3.69
44915,3.69
44915.04,3.69
44915.08,3.69
44915.12,3.69
44915.17,3.69
44915.21,3.69
44915.25,3.69
44915.29,3.69
44915.33,3.69
44915.38,3.69
44915.42,3.69
44915.46,3.69
44915.5,3.69
44915.54,3.69
44915.58,3.69
44915.62,3.69
44915.67,3.69
44915.71,3.69
44915.75,3.69
44915.79,3.69
44915.83,3.69
44915.88,3.69
44915.92,3.69
44915.96,3.69
44916,3.69
44916.04,3.69
44916.08,3.69
44916.12,3.69
44916.17,3.69
44916.21,3.69
44916.25,3.69
44916.29,3.69
44916.33,3.69
44916.38,3.69
44916.42,3.69
44916.46,3.69
44916.5,3.69
44916.54,3.69
44916.58,3.69
44916.62,3.69
44916.67,3.69
44916.71,3.69
44916.75,3.69
44916.79,3.69
44916.83,3.69
44916.88,3.69
44916.92,3.69
44916.96,3.69
44917,3.69
44917.04,3.69
44917.08,3.69
44917.12,3.69
44917.17,3.69
44917.21,3.69
44917.25,3.69
44917.29,3.69
44917.33,3.69
44917.38,3.69
44917.42,3.69
44917.46,3.69
44917.5,3.69
44917.54,3.69
44917.58,3.69
44917.62,3.69
44917.67,3.69
44917.71,3.69
44917.75,3.69
44917.79,3.69
44917.83,3.69
44917.88,3.69
44917.92,3.69
44917.96,3.69
44918,3.69
44918.04,3.69
44918.08,3.69
44918.12,3.69
44918.17,3.69
44918.21,3.69
44918.25,3.69
44918.29,3.69
44918.33,3.69
44918.38,3.69
44918.42,3.69
44918.46,3.69
44918.5,3.69
44918.54,3.69
44918.58,3.69
44918.62,3.69
44918.67,3.69
44918.71,3.69
44918.75,3.69
44918.79,3.69
44918.83,3.69
44918.88,3.69
44918.92,3.69
44918.96,3.69
44919,3.69
44919.04,3.69
44919.08,3.69
44919.12,3.69
44919.17,3.69
44919.21,3.69
44919.25,3.69
44919.29,3.69
44919.33,3.69
44919.38,3.69
44919.42,3.69
44919.46,3.69
44919.5,3.69
44919.54,3.69
44919.58,3.69
44919.62,3.69
44919.67,3.69
44919.71,3.69
44919.75,3.69
44919.79,3.69
44919.83,3.69
44919.88,3.69
44919.92,3.69
44919.96,3.69
44920,3.69
44920.04,3.69
44920.08,3.69
44920.12,3.69
44920.17,3.69
44920.21,3.69
44920.25,3.69
44920.29,3.69
44920.33,3.69
44920.38,3.69
44920.42,3.69
44920.46,3.69
44920.5,3.69
44920.54,3.69
44920.58,3.69
44920.62,3.69
44920.67,3.69
44920.71,3.69
44920.75,3.69
44920.79,3.69
44920.83,3.69
44920.88,3.69
44920.92,3.69
44920.96,3.69
44921,3.69
44921.04,3.69
44921.08,3.69
44921.12,3.69
44921.17,3.69
44921.21,3.69
44921.25,3.69
44921.29,3.69
44921.33,3.69
44921.38,3.69
44921.42,3.69
44921.46,3.69
44921.5,3.69
44921.54,3.69
44921.58,3.69
44921.62,3.69
44921.67,3.69
44921.71,3.69
44921.75,3.69
44921.79,3.69
44921.83,3.69
44921.88,3.69
44921.92,3.69
44921.96,3.69
44922,3.69
44922.04,3.69
44922.08,3.69
44922.12,3.69
44922.17,3.69
44922.21,3.69
44922.25,3.69
44922.29,3.69
44922.33,3.69
44922.38,3.69
44922.42,3.69
44922.46,3.69
44922.5,3.69
44922.54,3.69
44922.58,3.69
44922.62,3.69
44922.67,3.69
44922.71,3.69
44922.75,3.69
44922.79,3.69
44922.83,3.69
44922.88,3.69
44922.92,3.69
44922.96,3.69
44923,3.69
44923.04,3.69
44923.08,3.69
44923.12,3.69
44923.17,3.69
44923.21,3.69
44923.25,3.69
44923.29,3.69
44923.33,3.69
44923.38,3.69
44923.42,3.69
44923.46,3.69
44923.5,3.69
44923.54,3.69
44923.58,3.69
44923.62,3.69
44923.67,3.69
44923.71,3.69
44923.75,3.69
44923.79,3.69
44923.83,3.69
44923.88,3.69
44923.92,3.69
44923.96,3.69
44924,3.69
44924.04,3.69
44924.08,3.69
44924.12,3.69
44924.17,3.69
44924.21,3.69
44924.25,3.69
44924.29,3.69
44924.33,3.69
44924.38,3.69
44924.42,3.69
44924.46,3.69
44924.5,3.69
44924.54,3.69
44924.58,3.69
44924.62,3.69
44924.67,3.69
44924.71,3.69
44924.75,3.69
44924.79,3.69
44924.83,3.69
44924.88,3.69
44924.92,3.69
44924.96,3.69
44925,3.69
44925.04,3.69
44925.08,3.69
44925.12,3.69
44925.17,3.69
44925.21,3.69
44925.25,3.69
44925.29,3.69
44925.33,3.69
44925.38,3.69
44925.42,3.69
44925.46,3.69
44925.5,3.69
44925.54,3.69
44925.58,3.69
44925.62,3.69
44925.67,3.69
44925.71,3.69
44925.75,3.69
44925.79,3.69
44925.83,3.69
44925.88,3.69
44925.92,3.69
44925.96,3.69
44926,3.69
44926.04,3.69
44926.08,3.69
44926.12,3.69
44926.17,3.69
44926.21,3.69
44926.25,3.69
44926.29,3.69
44926.33,3.69
44926.38,3.69
44926.42,3.69
44926.46,3.69
44926.5,3.69
44926.54,3.69
44926.58,3.69
44926.62,3.69
44926.67,3.69
44926.71,3.69
44926.75,3.69
44926.79,3.69
44926.83,3.69
44926.88,3.69
44926.92,3.69
44926.96,3.69
