Page 1           Source Listing                  GATE_FLOW
2026-03-30 08:47                                 C:\Users\NING\AppData\Local\Temp\341801064.i90

      1 # 1 "..\..\..\gate-spill-pipe.f90"
      2 
      3 !***************************************************************************************************************************
      3 ********
      4 !**                                          S U B R O U T I N E   G A T E  F L O W                                         
      4       **
      5 !***************************************************************************************************************************
      5 ********
      6 
      7 SUBROUTINE GATE_FLOW
      8   USE STRUCTURES; USE GLOBAL; USE GEOMC    !;use SCREENC, only:JDAY
      9   IMPLICIT NONE
     10     INTEGER :: JG,ISUB,IGT
     11     REAL(R8)    :: ELIU,ELID,HTAIL,HENERGY,DLEL
     12 
     13 
     14   DO JG=1,NGT
     15    IF(DYNGTC(JG) == '    FLOW'  .or. DYNGTC(JG) == 'FLOW_ZGT' )THEN    
     16     QGT(JG) = BGT(JG)
     17    ELSE
     18 
     19 !   ELIU =  ELWS(IUGT(JG))       !EL(KTWB(JWUGT(JG)),IUGT(JG))-Z(IUGT(JG))*COSA(BS(JWUGT(JG)))
     20     IF (LATERAL_GATE(JG)) THEN
     21       ELIU =  ELWS(IUGT(JG))      !EL(KTWB(JWUGT(JG)),IUGT(JG))-Z(IUGT(JG))*COSA(BS(JWUGT(JG)))
     22     ELSE
     23 !ELIU=ELWS(IUGT(JG))-SINA(JBUGT(JG))*DLX(IUGT(JG))*0.5     !EL(KTWB(JWUGT(JG)),IUGT(JG))-Z(IUGT(JG))*COSA(BS(JWUGT(JG)))-SIN
     23 A(JBUGT(JG))*DLX(IUGT(JG))*0.5
     24       ELIU= ELWS(IUGT(JG)) + (ELWS(IUGT(JG))-ELWS(IUGT(JG)-1))/(0.5*(DLX(IUGT(JG))+DLX(IUGT(JG)-1)))*DLX(IUGT(JG))*0.5     !
     24  LINEAR INTERPOLATION OF THE WATER LEVEL TO THE EDGE
     25     END IF
     26     IF (IDGT(JG) /= 0)THEN
     27       IF (US(JBDGT(JG)) /= IDGT(JG)) THEN
     28         ELID = ELWS(IDGT(JG))     !EL(KTWB(JWDGT(JG)),IDGT(JG))-Z(IDGT(JG))*COSA(BS(JWDGT(JG)))
     29       ELSE
     30 !ELID = ELWS(IDGT(JG))+SINA(JBDGT(JG))*DLX(IDGT(JG))*0.5          !EL(KTWB(JWDGT(JG)),IDGT(JG))-Z(IDGT(JG))*COSA(BS(JWDGT(JG
     30 )))+SINA(JBDGT(JG))*DLX(IDGT(JG))*0.5
     31         ELID = ELWS(IDGT(JG)) - (ELWS(IDGT(JG)+1) - ELWS(IDGT(JG)))/(0.5*(DLX(IDGT(JG))+DLX(IDGT(JG)+1)))*DLX(IDGT(JG))*0.5 
     31  
     32       END IF
     33     ELSE
     34       ELID = -100.0
     35     END IF
     36     IF (BGT(JG) /= 0.0) THEN
     37       IF (ELID > EGT(JG) .OR. ELIU > EGT(JG)) THEN
     38         ISUB = 0
     39         IF (A2GT(JG) /= 0.0 .AND. IDGT(JG) /= 0) THEN                                    ! SW 8/21/2013
     40           HTAIL =  ELID-EGT(JG)                                                          ! SW 5/10/05
     41           IF (HTAIL > 0) THEN
     42             HENERGY = (U(KTWB(JWUGT(JG)),IUGT(JG))**2)/(2.0*G)+ELIU-EGT(JG)              ! SW 5/10/05
     43             IF (HTAIL/HENERGY > 0.67) ISUB = 1
     44           END IF
     45         END IF
     46         IGT = 0
     47         IF (BGT(JG) >= 0.8*(ELIU-EGT(JG)) .AND. GTA1(JG) /= 0.0) IGT = 1
     48         IF (IGT == 0) THEN
     49           IF (ISUB == 0) THEN
     50             DLEL = ELIU-EGT(JG)

Page 2           Source Listing                  GATE_FLOW
2026-03-30 08:47                                 ..\..\..\gate-spill-pipe.f90

     51             IF (A2GT(JG) == 0.0 .AND. G2GT(JG) /= 0.0) DLEL = ELIU-G2GT(JG)
     52             IF (DLEL < 0.0) THEN
     53               DLEL    = -DLEL
     54               IF(G1GT(JG)/=0.0)THEN
     55               QGT(JG) = -A1GT(JG)*(DLEL**B1GT(JG))*BGT(JG)**G1GT(JG)
     56             ELSE
     57               QGT(JG) = -A1GT(JG)*(DLEL**B1GT(JG))
     58               ENDIF
     59             ELSE
     60                IF(G1GT(JG)/=0.0)THEN
     61               QGT(JG) =  A1GT(JG)*(DLEL**B1GT(JG))*BGT(JG)**G1GT(JG)  
     62                ELSE
     63                 QGT(JG) =  A1GT(JG)*(DLEL**B1GT(JG))  
     64                ENDIF
     65             END IF
     66           ELSE IF (ELID > ELIU) THEN
     67             DLEL    =  ELID-ELIU
     68             IF(G2GT(JG)/=0.0)THEN
     69             QGT(JG) = -A2GT(JG)*DLEL**B2GT(JG)*BGT(JG)**G2GT(JG)
     70           ELSE
     71             QGT(JG) = -A2GT(JG)*DLEL**B2GT(JG)  
     72             ENDIF
     73           ELSE
     74             DLEL    =  ELIU-ELID
     75             IF(G2GT(JG)/=0.0)THEN
     76             QGT(JG) =  A2GT(JG)*DLEL**B2GT(JG)*BGT(JG)**G2GT(JG)
     77             ELSE
     78             QGT(JG) =  A2GT(JG)*DLEL**B2GT(JG) 
     79             ENDIF
     80           END IF
     81         ELSE IF (ISUB == 0) THEN
     82           DLEL = ELIU-EGT(JG)
     83           IF (ELID > EGT(JG)) DLEL = ELIU-ELID
     84           IF (DLEL < 0.0) THEN
     85             DLEL    = -DLEL
     86             QGT(JG) = -GTA1(JG)*DLEL**GTB1(JG)
     87           ELSE
     88             QGT(JG) =  GTA1(JG)*DLEL**GTB1(JG)
     89           END IF
     90         ELSE IF (ELID > ELIU) THEN
     91           DLEL    =  ELID-ELIU
     92           QGT(JG) = -GTA2(JG)*DLEL**GTB2(JG)
     93         ELSE
     94           DLEL    =  ELIU-ELID
     95           QGT(JG) =  GTA2(JG)*DLEL**GTB2(JG)
     96         END IF
     97       ELSE
     98         QGT(JG) = 0.0
     99       END IF
    100     ELSE
    101       QGT(JG) = 0.0
    102     END IF
    103    endif
    104   END DO
    105   
    106 END SUBROUTINE GATE_FLOW

Page 3           Source Listing                  GATE_FLOW
2026-03-30 08:47 Entry Points                    ..\..\..\gate-spill-pipe.f90



ENTRY POINTS

 Address      Type  Name      
                              
       GATE_FLOW              


SYMBOL CROSS REFERENCE

 Name                       Object Declared Type            Bytes Dimen Elements Attributes       References                        
                                                                                                                                    
 A1GT                       Local  55       R(8)            8     1     1        ALC              55,57,61,63                       
 A2GT                       Local  39       R(8)            8     1     1        ALC              39,51,69,71,76,78                 
 B1GT                       Local  55       R(8)            8     1     1        ALC              55,57,61,63                       
 B2GT                       Local  69       R(8)            8     1     1        ALC              69,71,76,78                       
 BGT                        Local  16       R(8)            8     1     1        ALC              16,36,47,55,61,69,76              
 DLEL                       Local  11       R(8)            8           scalar                    50,51,52,53,55,57,61,63,67,69,71,7
                                                                                                  4,76,78,82,83,84,85,86,88,91,92,94
                                                                                                  ,95                               
 DLX                        Local  24       R(8)            8     1     1        ALC              24,31                             
 DYNGTC                     Local  15       CHAR            8     1     1        ALC              15                                
 EGT                        Local  37       R(8)            8     1     1        ALC              37,40,42,47,50,82,83              
 ELID                       Local  11       R(8)            8           scalar                    28,31,34,37,40,66,67,74,83,90,91,9
                                                                                                  4                                 
 ELIU                       Local  11       R(8)            8           scalar                    21,24,37,42,47,50,51,66,67,74,82,8
                                                                                                  3,90,91,94                        
 ELWS                       Local  21       R(8)            8     1     1        ALC              21,24,28,31                       
 G                          Local  42       R(8)            8           scalar                    42                                
 G1GT                       Local  54       R(8)            8     1     1        ALC              54,55,60,61                       
 G2GT                       Local  51       R(8)            8     1     1        ALC              51,68,69,75,76                    
 GATE_FLOW                  Subr   7                                                                                                
 GEOMC                      Module 8                                                              8                                 
 GLOBAL                     Module 8                                                              8                                 
 GTA1                       Local  47       R(8)            8     1     1        ALC              47,86,88                          
 GTA2                       Local  92       R(8)            8     1     1        ALC              92,95                             
 GTB1                       Local  86       R(8)            8     1     1        ALC              86,88                             
 GTB2                       Local  92       R(8)            8     1     1        ALC              92,95                             
 HENERGY                    Local  11       R(8)            8           scalar                    42,43                             
 HTAIL                      Local  11       R(8)            8           scalar                    40,41,43                          
 IDGT                       Local  26       I(4)            4     1     1        ALC              26,27,28,31,39                    
 IGT                        Local  10       I(4)            4           scalar                    46,47,48                          
 ISUB                       Local  10       I(4)            4           scalar                    38,43,49,81                       
 IUGT                       Local  21       I(4)            4     1     1        ALC              21,24,42                          
 JBDGT                      Local  27       I(4)            4     1     1        ALC              27                                
 JG                         Local  10       I(4)            4           scalar                    14,15,16,20,21,24,26,27,28,31,36,3
                                                                                                  7,39,40,42,47,50,51,54,55,57,60,61
                                                                                                  ,63,68,69,71,75,76,78,82,83,86,88,
                                                                                                  92,95,98,101                      
 JWUGT                      Local  42       I(4)            4     1     1        ALC              42                                
 KTWB                       Local  42       I(4)            4     1     1        ALC              42                                
 LATERAL_GATE               Local  20       L(4)            4     1     1        ALC              20                                
 NGT                        Local  14       I(4)            4           scalar                    14                                
 QGT                        Local  16       R(8)            8     1     1        ALC              16,55,57,61,63,69,71,76,78,86,88,9
                                                                                                  2,95,98,101                       
 R8                         Param  11       I(4)            4           scalar                    11                                

Page 4           Source Listing                  GATE_FLOW
2026-03-30 08:47 Symbol Table                    ..\..\..\gate-spill-pipe.f90

 Name                       Object Declared Type            Bytes Dimen Elements Attributes       References                        
                                                                                                                                    
 STRUCTURES                 Module 8                                                              8                                 
 U                          Local  42       R(8)            8     2     1        PTR              42                                
 US                         Local  27       I(4)            4     1     1        ALC              27                                

Page 5           Source Listing                  GATE_FLOW
2026-03-30 08:47                                 ..\..\..\gate-spill-pipe.f90

    107 
    108 !***************************************************************************************************************************
    108 ********
    109 !**                                         S U B R O U T I N E   S P I L L W A Y  F L O W                                  
    109       **
    110 !***************************************************************************************************************************
    110 ********
    111 
    112 SUBROUTINE SPILLWAY_FLOW
    113   USE STRUCTURES; USE GLOBAL; USE GEOMC
    114   IMPLICIT NONE
    115     INTEGER :: JS,ISUB
    116     REAL(R8):: ELIU,ELID,HTAIL,HENERGY,DLEL
    117 
    118   DO JS=1,NSP
    119     IF (LATERAL_SPILLWAY(JS)) THEN
    120        ELIU =  ELWS(IUSP(JS))                                        !EL(KTWB(JWUSP(JS)),IUSP(JS))-Z(IUSP(JS))*COSA(BS(JWUSP
    120 (JS)))
    121     ELSE
    122 ! ELIU =  ELWS(IUSP(JS))-SINA(JBUSP(JS))*DLX(IUSP(JS))*0.5      !EL(KTWB(JWUSP(JS)),IUSP(JS))-Z(IUSP(JS))*COSA(BS(JWUSP(JS))
    122 )-SINA(JBUSP(JS))*DLX(IUSP(JS))*0.5
    123         ELIU= ELWS(IUSP(JS)) + (ELWS(IUSP(JS))-ELWS(IUSP(JS)-1))/(0.5*(DLX(IUSP(JS))+DLX(IUSP(JS)-1)))*DLX(IUSP(JS))*0.5    
    123  ! LINEAR INTERPOLATION OF THE WATER LEVEL TO THE EDGE
    124     END IF
    125     IF (IDSP(JS) /= 0) THEN
    126       IF (US(JBDSP(JS)) /= IDSP(JS)) THEN
    127          ELID = ELWS(IDSP(JS))                                       !EL(KTWB(JWDSP(JS)),IDSP(JS))-Z(IDSP(JS))*COSA(BS(JWDSP
    127 (JS)))
    128       ELSE
    129 !   ELID = ELWS(IDSP(JS))+SINA(JBDSP(JS))*DLX(IDSP(JS))*0.5     !EL(KTWB(JWDSP(JS)),IDSP(JS))-Z(IDSP(JS))*COSA(BS(JWDSP(JS))
    129 )+SINA(JBDSP(JS))*DLX(IDSP(JS))*0.5
    130           ELID = ELWS(IDSP(JS)) - (ELWS(IDSP(JS)+1) - ELWS(IDSP(JS)))/(0.5*(DLX(IDSP(JS))+DLX(IDSP(JS)+1)))*DLX(IDSP(JS))*0.
    130 5  
    131       END IF
    132     ELSE
    133       ELID = -1.0
    134     END IF
    135     IF (ELID >= ESP(JS) .OR. ELIU >= ESP(JS)) THEN
    136       ISUB = 0
    137       IF (A2SP(JS) /= 0.0 .AND. IDSP(JS) /= 0) THEN
    138         HTAIL   =  ELID-ESP(JS)                                                 ! SW 5/10/05
    139         IF (HTAIL > 0) THEN
    140           HENERGY = (U(KTWB(JWUSP(JS)),IUSP(JS))**2)/(2.0*G)+ELIU-ESP(JS)       ! SW 5/10/05
    141           IF (HTAIL/HENERGY > 0.67) ISUB = 1
    142         END IF
    143       END IF
    144       IF (ISUB == 0) THEN
    145         DLEL = ELIU-ESP(JS)
    146         IF (DLEL < 0.0) THEN
    147           DLEL    = -DLEL
    148           QSP(JS) = -A1SP(JS)*DLEL**B1SP(JS)
    149         ELSE
    150           QSP(JS) =  A1SP(JS)*DLEL**B1SP(JS)
    151         END IF
    152       ELSE IF (ELID > ELIU) THEN
    153         DLEL    =  ELID-ELIU
    154         QSP(JS) = -A2SP(JS)*DLEL**B2SP(JS)

Page 6           Source Listing                  SPILLWAY_FLOW
2026-03-30 08:47                                 ..\..\..\gate-spill-pipe.f90

    155       ELSE
    156         DLEL    =  ELIU-ELID
    157         QSP(JS) =  A2SP(JS)*DLEL**B2SP(JS)
    158       END IF
    159     ELSE
    160       QSP(JS) = 0.0
    161     END IF
    162   END DO
    163 END SUBROUTINE SPILLWAY_FLOW


ENTRY POINTS

 Address      Type  Name          
                                  
       SPILLWAY_FLOW              


SYMBOL CROSS REFERENCE

 Name                       Object Declared Type            Bytes Dimen Elements Attributes       References                        
                                                                                                                                    
 A1SP                       Local  148      R(8)            8     1     1        ALC              148,150                           
 A2SP                       Local  137      R(8)            8     1     1        ALC              137,154,157                       
 B1SP                       Local  148      R(8)            8     1     1        ALC              148,150                           
 B2SP                       Local  154      R(8)            8     1     1        ALC              154,157                           
 DLEL                       Local  116      R(8)            8           scalar                    145,146,147,148,150,153,154,156,15
                                                                                                  7                                 
 DLX                        Local  123      R(8)            8     1     1        ALC              123,130                           
 ELID                       Local  116      R(8)            8           scalar                    127,130,133,135,138,152,153,156   
 ELIU                       Local  116      R(8)            8           scalar                    120,123,135,140,145,152,153,156   
 ELWS                       Local  120      R(8)            8     1     1        ALC              120,123,127,130                   
 ESP                        Local  135      R(8)            8     1     1        ALC              135,138,140,145                   
 G                          Local  140      R(8)            8           scalar                    140                               
 GEOMC                      Module 113                                                            113                               
 GLOBAL                     Module 113                                                            113                               
 HENERGY                    Local  116      R(8)            8           scalar                    140,141                           
 HTAIL                      Local  116      R(8)            8           scalar                    138,139,141                       
 IDSP                       Local  125      I(4)            4     1     1        ALC              125,126,127,130,137               
 ISUB                       Local  115      I(4)            4           scalar                    136,141,144                       
 IUSP                       Local  120      I(4)            4     1     1        ALC              120,123,140                       
 JBDSP                      Local  126      I(4)            4     1     1        ALC              126                               
 JS                         Local  115      I(4)            4           scalar                    118,119,120,123,125,126,127,130,13
                                                                                                  5,137,138,140,145,148,150,154,157,
                                                                                                  160                               
 JWUSP                      Local  140      I(4)            4     1     1        ALC              140                               
 KTWB                       Local  140      I(4)            4     1     1        ALC              140                               
 LATERAL_SPILLWAY           Local  119      L(4)            4     1     1        ALC              119                               
 NSP                        Local  118      I(4)            4           scalar                    118                               
 QSP                        Local  148      R(8)            8     1     1        ALC              148,150,154,157,160               
 R8                         Param  116      I(4)            4           scalar                    116                               
 SPILLWAY_FLOW              Subr   112                                                                                              
 STRUCTURES                 Module 113                                                            113                               
 U                          Local  140      R(8)            8     2     1        PTR              140                               
 US                         Local  126      I(4)            4     1     1        ALC              126                               

Page 7           Source Listing                  SPILLWAY_FLOW
2026-03-30 08:47                                 ..\..\..\gate-spill-pipe.f90

    164 
    165 !***************************************************************************************************************************
    165 ********
    166 !**                                            S U B R O U T I N E   P I P E  F L O W                                       
    166       **
    167 !***************************************************************************************************************************
    167 ********
    168 
    169 SUBROUTINE PIPE_FLOW_INITIALIZE
    170   USE GLOBAL; USE GEOMC; USE STRUCTURES; USE SCREENC, ONLY: NIT, JDAY; USE ENVIRPMOD, ONLY: CONE
    171   IMPLICIT NONE  
    172   REAL(R8) :: DTQ,DLTX,EL1,EL2,HIE,EPS,DCHECK,D1,D2,DTEST,VTOT,TOTT,DCRIT,DEPTHCRIT
    173   real(R8) :: upcl,dncl,d1sum,d2sum,EC                     ! cb 07/17/19
    174   integer  :: kup,kdn                      ! cb 07/17/19
    175 
    176   INTEGER  :: JP,K,niter     
    177   CHARACTER*2 :: SSP,ADEBUG
    178   LOGICAL :: SteadyStatePipe
    179   SAVE
    180 
    181 
    182   ALLOCATE (BEGIN(NPI), WLFLAG(NPI), VMAX(NPI))
    183   QOLD   =  0.01;  VMAX   =  0.01
    184   BEGIN  = .TRUE.; WLFLAG = .TRUE. 
    185   
    186 ! pipe-steady-state.npt
    187   SteadyStatePipe=.FALSE. 
    188   SSP='0F'
    189   INQUIRE(FILE='steady-state-pipe.npt', EXIST=SteadyStatePipe)   ! file_exists will be TRUE if the file
    190   	IF(SteadyStatePipe) THEN
    191     OPEN(CONE,FILE='steady-state-pipe.npt',STATUS='OLD')
    192       READ(CONE,*)
    193       READ(CONE,*)SSP
    194       IF(SSP/='ON')SteadyStatePipe=.FALSE.
    195       READ(CONE,*)
    196       READ(CONE,*)EC
    197       IF(EC==0.0)EC=1.0   ! CALIBRATION PARAMETER DEFAULT VALUE FOR EC WHICH IS THE ENTRANCE LOSS COEFFICIENT KE
    198       READ(CONE,*)
    199       READ(CONE,*)ADEBUG
    200       IF(ADEBUG=='ON')OPEN(9977,FILE='SS_Pipe_debug_output.csv',STATUS='UNKNOWN')
    201       CLOSE(CONE)
    202 	ENDIF
    203 
    204 RETURN
    205 
    206 ENTRY PIPE_FLOW      
    207   DTQ = DLT/10.0
    208   DO JP=1,NPI
    209     DIA   = WPI(JP)
    210     CLEN  = DLXPI(JP)
    211     FMAN  = FPI(JP)
    212     CLOSS = FMINPI(JP)
    213     UPIE  = EUPI(JP)
    214     DNIE  = EDPI(JP)
    215     DLTX  = CLEN/(REAL(NC-1)*0.5)
    216     IF (LATERAL_PIPE(JP)) THEN
    217       EL1   = ELWS(IUPI(JP))                                                                 !EL(KTWB(JWUPI(JP)),IUPI(JP))-Z

Page 8           Source Listing                  PIPE_FLOW_INITIALIZE
2026-03-30 08:47                                 ..\..\..\gate-spill-pipe.f90

    217 (IUPI(JP))*COSA(JBUPI(JP))
    218     ELSE
    219       EL1   = ELWS(IUPI(JP))-SINA(JBDPI(JP))*DLX(IUPI(JP))*0.5                               !EL(KTWB(JWUPI(JP)),IUPI(JP))-Z
    219 (IUPI(JP))*COSA(JBUPI(JP))-SINA(JBDPI(JP))*DLX(IUPI(JP))*0.5
    220 !  EL1 = ELWS(IUPI(JP)) + (ELWS(IUPI(JP))-ELWS(IUPI(JP)-1))/(0.5*(DLX(IUPI(JP))+DLX(IUPI(JP)-1)))*DLX(IUPI(JP))*0.5     ! LI
    220 NEAR INTERPOLATION OF THE WATER LEVEL TO THE EDGE
    221     END IF
    222     IF (IDPI(JP) /= 0) THEN
    223       IF (US(JBDPI(JP)) /= IDPI(JP)) THEN
    224         EL2   = ELWS(IDPI(JP))                                                               !EL(KTWB(JWDPI(JP)),IDPI(JP))-Z
    224 (IDPI(JP))*COSA(JBDPI(JP))
    225       ELSE
    226         EL2   = ELWS(IDPI(JP))+SINA(JBDPI(JP))*DLX(IDPI(JP))*0.5                             !EL(KTWB(JWDPI(JP)),IDPI(JP))-Z
    226 (IDPI(JP))*COSA(JBDPI(JP))+SINA(JBDPI(JP))*DLX(IDPI(JP))*0.5
    227 !  EL2 = ELWS(IDPI(JP)) - (ELWS(IDPI(JP)+1) - ELWS(IDPI(JP)))/(0.5*(DLX(IDPI(JP))+DLX(IDPI(JP)+1)))*DLX(IDPI(JP))*0.5
    228       END IF
    229     ELSE
    230       EL2 = -1.0
    231     END IF
    232     HIE = MAX(UPIE,DNIE)
    233     IF (DIA == 0.0) THEN
    234       QPI(JP)    =  0.0
    235       WLFLAG(JP) = .TRUE.
    236       GO TO 140
    237     END IF
    238     EPS = 0.001
    239     IF ((HIE+EPS) >= EL1 .AND. (HIE+EPS) >= EL2) THEN
    240       QPI(JP)    =  0.0
    241       WLFLAG(JP) = .TRUE.
    242       GO TO 140
    243     END IF
    244     IF (EL1 > EL2) THEN
    245       DCHECK = EL1-UPIE
    246     ELSE
    247       DCHECK = EL2-DNIE
    248     END IF
    249     IF (DCHECK < 0.02) THEN
    250       QPI(JP)    =  0.0
    251       WLFLAG(JP) = .TRUE.
    252       GO TO 140
    253     END IF
    254     IF (ABS(QOLD(JP)) < 0.001) QOLD(JP) = 0.001
    255     IF (EL1 >= (UPIE+DIA) .AND. EL2 >= (DNIE+DIA)) THEN
    256       D1 = EL1
    257       D2 = EL2
    258       GO TO 120
    259     END IF
    260 
    261     IF (EL1 > EL2) THEN
    262       DTEST = EL2-DNIE
    263     ELSE
    264       DTEST = EL1-UPIE
    265     END IF
    266     DCRIT = DEPTHCRIT(ABS(QOLD(JP)))
    267 !IF (DTEST <= DCRIT) THEN
    268 !  IF (EL1 <= EL2) THEN
    269 !    D1 = UPIE+DCRIT

Page 9           Source Listing                  PIPE_FLOW_INITIALIZE
2026-03-30 08:47                                 ..\..\..\gate-spill-pipe.f90

    270 !    D2 = EL2
    271 !  ELSE
    272 !    D1 = EL1
    273 !    D2 = DNIE+DCRIT
    274 !  END IF
    275 !  write(w2wrn,'(a,f10.3,a,f10.3,a,f10.3,a,f10.3,a,e12.4,a,f14.4)')'DTEST < DCRIT, JDAY:',jday,' el1=',el1,' el2=',el2,' d1=
    275 ',d1,' d2=',d2,' dcrit=',dcrit,' QOLD(JP)=',qold(jp)
    276 !  VTOT = 0.0
    277 !  TOTT = 0.0
    278 !  niter=0
    279 !  110   CONTINUE
    280 !  IF (NIT /= 0) THEN
    281 !    DTQ = OMEGA*DLTX/VMAX(JP)
    282 !    IF (DTQ > (DLT-TOTT)) THEN
    283 !      DTQ = DLT-TOTT
    284 !    ELSE IF ((2.0*DTQ) > (DLT-TOTT)) THEN
    285 !      DTQ = (DLT-TOTT)*0.5
    286 !    END IF
    287 !  END IF
    288 !  CALL OPEN_CHANNEL (D1,D2,QPI(JP),JP,DTQ)
    289 !  DCRIT = DEPTHCRIT(ABS(QPI(JP)))
    290 !  IF (EL1 <= EL2) THEN
    291 !    D1 = UPIE+DCRIT
    292 !  ELSE
    293 !    D2 = DNIE+DCRIT
    294 !  END IF
    295 !if(d1 /= d1)then
    296 !    write(w2err,'(a,f10.3,a,f10.3,a,F10.3,A,f10.3,a,i5,a,i5,a,i5,A,E12.4)')'Pipe errorA: D1 or EL1 is NAN.,el1=',el1,' el2=
    296 ',el2,' DCRIT=',DCRIT,' ELWS(IUPI(JP))=',ELWS(IUPI(JP)),' IUPI(JP)=',IUPI(JP),' JBDPI(JP)=',JBDPI(JP),' JP=',jp,' DLX(IUPI(J
    296 P))',DLX(IUPI(JP))
    297 !endif
    298 !  VTOT = VTOT+DTQ*QPI(JP)
    299 !  TOTT = DTQ+TOTT;niter=niter+1
    300 !  IF (TOTT < (DLT-EPS2) .and. niter < 20) GO TO 110
    301 !  QPI(JP) = VTOT/DLT
    302 !  GO TO 140
    303 !END IF
    304     D1 = EL1
    305     D2 = EL2
    306 120 CONTINUE
    307     TOTT = 0.0
    308     VTOT = 0.0
    309     niter=0
    310 !if(d1 /= d1)then
    311 !    write(wrn,'(a,f10.3,a,f10.3,a,f10.3,a,i5,a,i5,a,i5,A,E12.4)')'Pipe errorB: D1 or EL1 is NAN.,el1=',el1,' el2=',el2,' EL
    311 WS(IUPI(JP))=',ELWS(IUPI(JP)),' IUPI(JP)=',IUPI(JP),' JBDPI(JP)=',JBDPI(JP),' JP=',jp,' DLX(IUPI(JP)',DLX(IUPI(JP))
    312 !endif
    313     
    314 130 CONTINUE
    315         IF(SteadyStatePipe)THEN
    316 
    317         CALL SteadyStatePipeFlow(EC,EL1,EL2,QPI(JP),ADEBUG)
    318 
    319        elseif (el1 >= (upie+2.0*dia) .and. el2 >= (dnie+2.0*dia)) then  ! using steady state submerged flow if water levels 
    319 are at least 1 pipe dia above top of pipe at each end  ! cb 07/17/19
    320       upcl=upie+dia/2.0
    321       dncl=dnie+dia/2.0

Page 10          Source Listing                  PIPE_FLOW_INITIALIZE
2026-03-30 08:47                                 ..\..\..\gate-spill-pipe.f90

    322 
    323 ! calculating upstream downstream heads while considering density
    324       kt        = ktwb(jwupi(jp))           
    325       do k=kt,kb(iupi(jp))
    326        if (el(k,iupi(jp)) < upcl) exit
    327       end do
    328       kup = max(k-1,kt)
    329       kup = min(kup,kb(iupi(jp)))
    330       
    331       if(kup>=kti(iupi(jp)) .and. kup<=kt)then
    332         d1sum=rho(kt,iupi(jp))*(elws(iupi(jp))-upcl)
    333       else
    334         d1sum=rho(kt,iupi(jp))*h1(kt,iupi(jp))
    335       end if
    336       do k=kt+1,kup
    337         if(k==kup)then
    338           d1sum=d1sum+rho(k,iupi(jp))*(el(k,iupi(jp))-upcl)
    339         else
    340           d1sum=d1sum+rho(k,iupi(jp))*h1(k,iupi(jp))
    341         end if
    342       end do
    343       d1=d1sum/rhow+upcl
    344       
    345       
    346       kt = ktwb(jwdpi(jp))      
    347       do k=kt,kb(idpi(jp))
    348        if (el(k,idpi(jp)) < dncl) exit
    349       end do
    350       kdn = max(k-1,kt)
    351       kdn = min(kdn,kb(idpi(jp)))
    352       
    353       if(kdn>=kti(idpi(jp)) .and. kdn<=kt)then
    354         d2sum=rho(kt,idpi(jp))*(elws(idpi(jp))-dncl)
    355       else
    356         d2sum=rho(kt,idpi(jp))*h1(kt,idpi(jp))
    357       end if
    358       do k=kt+1,kdn
    359         if(k==kdn)then
    360           d2sum=d2sum+rho(k,idpi(jp))*(el(k,idpi(jp))-dncl)
    361         else
    362           d2sum=d2sum+rho(k,idpi(jp))*h1(k,idpi(jp))
    363         end if
    364       end do
    365       d2=d2sum/rhow+dncl
    366       CALL PIPE_STEADY (D1,D2,QPI(JP))    
    367 !ELSEIF(SteadyStatePipe)THEN
    368 !
    369 !    CALL SteadyStatePipeFlow(EL1,EL2)
    370 !        !c     decision sequence for circular culverts
    371 !
    372 !      if(el1.gt.el2)then
    373 !        head=el1-upie
    374 !        hdn=el2-dnie
    375 !        if(upie.ge.dnie)then
    376 !          go to 225
    377 !        else
    378 !          go to 325

Page 11          Source Listing                  PIPE_FLOW_INITIALIZE
2026-03-30 08:47                                 ..\..\..\gate-spill-pipe.f90

    379 !        end if
    380 !      end if
    381 !
    382 !      if(el2.gt.el1)then
    383 !        head=el2-dnie
    384 !        hdn=el1-upie
    385 !        fall=-fall
    386 !        if(upie.ge.dnie)then
    387 !          go to 325
    388 !        else
    389 !          go to 225
    390 !        end if
    391 !      end if
    392 !!c     if direction of flow is in the downhill slope direction
    393 !
    394 !225     if(head.ge.dia.and.hdn.ge.dia)then
    395 !           QPI(JP)=type4(HEAD)
    396 !          GO TO 499
    397 !        end if
    398 !        if(head.le.dia.and.hdn.lt.dia)then
    399 !          if(hdn.gt.0.0)then
    400 !             QPI(JP)=type7(HEAD)
    401 !          else
    402 !            hdn=0.0
    403 !            if(el1.gt.el2)then
    404 !              hdif=el1-dnie
    405 !            else
    406 !              hdif=el2-upie
    407 !            end if
    408 !             QPI(JP)=type7(HEAD)
    409 !          end if
    410 !          GO TO 499
    411 !        end if
    412 !
    413 !
    414 !!c     if outlet is not submerged and inlet head is > 1.2*diameter,
    415 !!c     flow is either type 5 or type 6
    416 !
    417 !        if(head.gt.dia.and.hdn.lt.dia)then
    418 !          qt5=type5(HEAD)
    419 !          sf=10.3*(fman*qt5)**2/(cm**2*dia**5.33)
    420 !          cl= (((qt5/(3.14*dia**2/4.))**2/(2.*g))*(1.-1./ec**2)+ dia - 0.74*dia)/(fall/dist - sf)
    421 !          if(cl.le.dist)then
    422 !             QPI(JP)=qt5
    423 !          else
    424 !             QPI(JP)=type6(HEAD)
    425 !          end if
    426 !          GO TO 499
    427 !        end if
    428 !
    429 !!c     when the direction of flow is in the uphill slope direction
    430 !
    431 !325     if(head.ge.dia.and.hdn.ge.dia)then
    432 !           QPI(JP)=type4(HEAD)
    433 !        else if(head.ge.dia.and.(hdn+abs(fall)).gt.dia)then
    434 !           theta=acos(abs(fall)/clen)
    435 !           dist=clen-(dia-hdn)/(tan((pi/2.)-theta))

Page 12          Source Listing                  PIPE_FLOW_INITIALIZE
2026-03-30 08:47                                 ..\..\..\gate-spill-pipe.f90

    436 !            QPI(JP)=type4(HEAD)
    437 !        else if(head.ge.dia)then
    438 !            QPI(JP)=type6(HEAD)
    439 !        else if(head.lt.dia.and.hdn.lt.0.0)then
    440 !          hdn=0.0
    441 !          if(el1.gt.el2)then
    442 !            hdif=el1-dnie
    443 !          else
    444 !            hdif=el2-upie
    445 !          end if
    446 !           QPI(JP)=type7(HEAD)
    447 !        else
    448 !           QPI(JP)=type7(HEAD)
    449 !        end if
    450 !499 CONTINUE
    451     else
    452     IF (NIT /= 0) THEN
    453       IF(VMAX(JP)==0.0)THEN
    454           DTQ = DLT/10.
    455       ELSE
    456           DTQ = OMEGA*DLTX/VMAX(JP)
    457       ENDIF
    458       
    459       IF (DTQ > (DLT-TOTT)) THEN
    460         DTQ = DLT-TOTT
    461       ELSE IF ((2.0*DTQ) > (DLT-TOTT)) THEN
    462         DTQ = (DLT-TOTT)*0.5
    463       END IF
    464     END IF
    465     CALL OPEN_CHANNEL (D1,D2,QPI(JP),JP,DTQ)  
    466     VTOT = VTOT+DTQ*QPI(JP)
    467     TOTT = DTQ+TOTT
    468     niter=niter+1
    469     IF (TOTT < (DLT-EPS2) .and. niter < 20) GO TO 130   ! SW 9/30/2024 limit time in loop niter added
    470     QPI(JP) = VTOT/DLT
    471     end if     ! CB 8/2019
    472 140 CONTINUE
    473     QOLD(JP) = QPI(JP)
    474     IF (QPI(JP) == 0.0) WLFLAG(JP) = .TRUE.
    475   END DO
    476     
    477 RETURN
    478 ENTRY DEALLOCATE_PIPE_FLOW

Page 13          Source Listing                  PIPE_FLOW_INITIALIZE
2026-03-30 08:47 Entry Points                    ..\..\..\gate-spill-pipe.f90



ENTRY POINTS

 Address      Type  Name                   Address      Type  Name                   Address      Type  Name                 
                                                                                                                             
       DEALLOCATE_PIPE_FLOW                      PIPE_FLOW                                 PIPE_FLOW_INITIALIZE              


SYMBOL CROSS REFERENCE

 Name                       Object Declared Type            Bytes Dimen Elements Attributes       References                        
                                                                                                                                    
 120                        Label  306                                                            258                               
 130                        Label  314                                                            469                               
 140                        Label  472                                                            236,242,252                       
 ABS                        Func   254                                  scalar                    254,266                           
 ADEBUG                     Local  177      CHAR            2           scalar   SAVE             199,200,317                       
 BEGIN                      Local  182      L(4)            4     1     1        ALC              182,184,479                       
 CLEN                       Local  210      R(8)            8           scalar                    210,215                           
 CLOSS                      Local  212      R(8)            8           scalar                    212                               
 CONE                       Local  170      I(4)            4           scalar                    170,191,192,193,195,196,198,199,20
                                                                                                  1                                 
 D1                         Local  172      R(8)            8           scalar   SAVE             256,304,343,366,465               
 D1SUM                      Local  173      R(8)            8           scalar   SAVE             332,334,338,340,343               
 D2                         Local  172      R(8)            8           scalar   SAVE             257,305,365,366,465               
 D2SUM                      Local  173      R(8)            8           scalar   SAVE             354,356,360,362,365               
 DCHECK                     Local  172      R(8)            8           scalar   SAVE             245,247,249                       
 DCRIT                      Local  172      R(8)            8           scalar   SAVE             266                               
 DEALLOCATE_PIPE_FLOW       Subr   478                                                                                              
 DEPTHCRIT                  Func   172      R(8)            8           scalar                    266                               
 DIA                        Local  209      R(8)            8           scalar                    209,233,255,319,320,321           
 DLT                        Local  207      R(8)            8           scalar                    207,454,459,460,461,462,469,470   
 DLTX                       Local  172      R(8)            8           scalar   SAVE             215,456                           
 DLX                        Local  219      R(8)            8     1     1        ALC              219,226                           
 DLXPI                      Local  210      R(8)            8     1     1        ALC              210                               
 DNCL                       Local  173      R(8)            8           scalar   SAVE             321,348,354,360,365               
 DNIE                       Local  214      R(8)            8           scalar                    214,232,247,255,262,319,321       
 DTEST                      Local  172      R(8)            8           scalar   SAVE             262,264                           
 DTQ                        Local  172      R(8)            8           scalar   SAVE             207,454,456,459,460,461,462,465,46
                                                                                                  6,467                             
 EC                         Local  173      R(8)            8           scalar   SAVE             196,197,317                       
 EDPI                       Local  214      R(8)            8     1     1        ALC              214                               
 EL                         Local  326      R(8)            8     2     1        ALC              326,338,348,360                   
 EL1                        Local  172      R(8)            8           scalar   SAVE             217,219,239,244,245,255,256,261,26
                                                                                                  4,304,317,319                     
 EL2                        Local  172      R(8)            8           scalar   SAVE             224,226,230,239,244,247,255,257,26
                                                                                                  1,262,305,317,319                 
 ELWS                       Local  217      R(8)            8     1     1        ALC              217,219,224,226,332,354           
 ENVIRPMOD                  Module 170                                                            170                               
 EPS                        Local  172      R(8)            8           scalar   SAVE             238,239                           
 EPS2                       Local  469      R(8)            8           scalar                    469                               
 EUPI                       Local  213      R(8)            8     1     1        ALC              213                               
 FMAN                       Local  211      R(8)            8           scalar                    211                               
 FMINPI                     Local  212      R(8)            8     1     1        ALC              212                               
 FPI                        Local  211      R(8)            8     1     1        ALC              211                               
 GEOMC                      Module 170                                                            170                               

Page 14          Source Listing                  PIPE_FLOW_INITIALIZE
2026-03-30 08:47 Symbol Table                    ..\..\..\gate-spill-pipe.f90

 Name                       Object Declared Type            Bytes Dimen Elements Attributes       References                        
                                                                                                                                    
 GLOBAL                     Module 170                                                            170                               
 H1                         Local  334      R(8)            8     2     1        ALC              334,340,356,362                   
 HIE                        Local  172      R(8)            8           scalar   SAVE             232,239                           
 IDPI                       Local  222      I(4)            4     1     1        ALC              222,223,224,226,347,348,351,353,35
                                                                                                  4,356,360,362                     
 IUPI                       Local  217      I(4)            4     1     1        ALC              217,219,325,326,329,331,332,334,33
                                                                                                  8,340                             
 JBDPI                      Local  219      I(4)            4     1     1        ALC              219,223,226                       
 JDAY                       Local  170      R(8)            8           scalar                    170                               
 JP                         Local  176      I(4)            4           scalar   SAVE             208,209,210,211,212,213,214,216,21
                                                                                                  7,219,222,223,224,226,234,235,240,
                                                                                                  241,250,251,254,266,317,324,325,32
                                                                                                  6,329,331,332,334,338,340,346,347,
                                                                                                  348,351,353,354,356,360,362,366,45
                                                                                                  3,456,465,466,470,473,474         
 JWDPI                      Local  346      I(4)            4     1     1        ALC              346                               
 JWUPI                      Local  324      I(4)            4     1     1        ALC              324                               
 K                          Local  176      I(4)            4           scalar   SAVE             325,326,328,336,337,338,340,347,34
                                                                                                  8,350,358,359,360,362             
 KB                         Local  325      I(4)            4     1     1        ALC              325,329,347,351                   
 KDN                        Local  174      I(4)            4           scalar   SAVE             350,351,353,358,359               
 KT                         Local  324      I(4)            4           scalar                    324,325,328,331,332,334,336,346,34
                                                                                                  7,350,353,354,356,358             
 KTI                        Local  331      I(4)            4     1     1        ALC              331,353                           
 KTWB                       Local  324      I(4)            4     1     1        ALC              324,346                           
 KUP                        Local  174      I(4)            4           scalar   SAVE             328,329,331,336,337               
 LATERAL_PIPE               Local  216      L(4)            4     1     1        ALC              216                               
 MAX                        Func   232                                  scalar                    232,328,350                       
 MIN                        Func   329                                  scalar                    329,351                           
 NC                         Local  215      I(4)            4           scalar                    215                               
 NIT                        Local  170      I(4)            4           scalar                    170,452                           
 NITER                      Local  176      I(4)            4           scalar   SAVE             309,468,469                       
 NPI                        Local  182      I(4)            4           scalar                    182,208                           
 OMEGA                      Local  456      R(8)            8           scalar                    456                               
 OPEN_CHANNEL               Subr   465                                                            465                               
 PIPE_FLOW                  Subr   206                                                                                              
 PIPE_FLOW_INITIALIZE       Subr   169                                                                                              
 PIPE_STEADY                Subr   366                                                            366                               
 QOLD                       Local  183      R(8)            8     1     1        ALC              183,254,266,473                   
 QPI                        Local  234      R(8)            8     1     1        ALC              234,240,250,317,366,465,466,470,47
                                                                                                  3,474                             
 R8                         Param  172      I(4)            4           scalar                    172,173                           
 REAL                       Func   215                                  scalar                    215                               
 RHO                        Local  332      R(8)            8     2     1        PTR              332,334,338,340,354,356,360,362   
 RHOW                       Param  343      R(8)            8           scalar                    343,365                           
 SCREENC                    Module 170                                                            170                               
 SINA                       Local  219      R(8)            8     1     1        ALC              219,226                           
 SSP                        Local  177      CHAR            2           scalar   SAVE             188,193,194                       
 STEADYSTATEPIPE            Local  178      L(4)            4           scalar   SAVE             187,189,190,194,315               
 STEADYSTATEPIPEFLOW        Subr   317                                                            317                               
 STRUCTURES                 Module 170                                                            170                               
 TOTT                       Local  172      R(8)            8           scalar   SAVE             307,459,460,461,462,467,469       
 UPCL                       Local  173      R(8)            8           scalar   SAVE             320,326,332,338,343               
 UPIE                       Local  213      R(8)            8           scalar                    213,232,245,255,264,319,320       
 US                         Local  223      I(4)            4     1     1        ALC              223                               

Page 15          Source Listing                  PIPE_FLOW_INITIALIZE
2026-03-30 08:47 Symbol Table                    ..\..\..\gate-spill-pipe.f90

 Name                       Object Declared Type            Bytes Dimen Elements Attributes       References                        
                                                                                                                                    
 VMAX                       Local  182      R(8)            8     1     1        ALC              182,183,453,456,479               
 VTOT                       Local  172      R(8)            8           scalar   SAVE             308,466,470                       
 WLFLAG                     Local  182      L(4)            4     1     1        ALC              182,184,235,241,251,474,479       
 WPI                        Local  209      R(8)            8     1     1        ALC              209                               

Page 16          Source Listing                  PIPE_FLOW_INITIALIZE
2026-03-30 08:47                                 ..\..\..\gate-spill-pipe.f90

    479   DEALLOCATE (BEGIN, WLFLAG, VMAX)
    480 RETURN
    481 END SUBROUTINE PIPE_FLOW_INITIALIZE
    482 
    483 !***************************************************************************************************************************
    483 ********
    484 !**                                        S U B R O U T I N E   O P E N  C H A N N E L                                     
    484       **
    485 !***************************************************************************************************************************
    485 ********
    486 
    487 SUBROUTINE OPEN_CHANNEL_INITIALIZE
    488   USE GLOBAL; USE STRUCTURES; USE SCREENC, ONLY: JDAY
    489   IMPLICIT NONE
    490   REAL(R8), PARAMETER :: THETA=0.55
    491   REAL(R8)    :: DLTX,PHI,VTOT,SLOPE,DIST,BEPR1,BEPR2,BC1,EL1,BC2,EL2,WLSLOPE,DLTX2,BAR1,BAREA,RAD1,RAD2
    492   REAL(R8)    :: TWIDTH,VAVG,QSUM,QAVG,QOUT,WETPER,BAR2
    493 
    494 
    495 ! Type declarations
    496 
    497   INTEGER                              :: J,IC,N,NP,NQCNT
    498   REAL(R8)                                 :: DT,D,DTMIN, QAVGNEW
    499   REAL(R8),    ALLOCATABLE, DIMENSION(:)   :: Y,   B,   V,   CAREA, TOPW,  BELEV, Q, VOLD, YOLD     ! CB 10/4/07
    500   REAL(R8),    ALLOCATABLE, DIMENSION(:)   :: YT,  VT, VPR, YPR, TAREA, TOPWT, RT
    501   REAL(R8),    ALLOCATABLE, DIMENSION(:,:) :: DAA, AL
    502   INTEGER, ALLOCATABLE, DIMENSION(:)   :: INDX
    503   LOGICAL                              :: SMOOTH_WATER_LEVELS      !, OPENWRN
    504   SAVE
    505 
    506 ! Allocation declarations
    507 
    508   ALLOCATE (Y(NN),    V(NN),     CAREA(NN),  TOPW(NN),   BELEV(NN),  Q(NN),     VOLD(NN), YOLD(NN), B(NN))         ! CB 10/4
    508 /07
    509   ALLOCATE (YT(NN),   VT(NN),    VPR(NN),    YPR(NN),    TAREA(NN),  TOPWT(NN), RT(NN),   INDX(NN))
    510   ALLOCATE (AL(NN,2), DAA(NN,NN))
    511 RETURN
    512 
    513 ENTRY OPEN_CHANNEL (EL1,EL2,QOUT,IC,DT)
    514 
    515 ! Variable initializtion
    516 
    517   B     = 0.0; Y     = 0.0; V = 0.0; VT = 0.0; YT = 0.0; RT = 0.0; DAA = 0.0; YPR = 0.0; VPR = 0.0; TOPW = 0.0; TOPWT = 0.0
    518   CAREA = 0.0; TAREA = 0.0; DTMIN=0.1  ! SW 10/17/2019
    519   BELEV(1)  = UPIE
    520   BELEV(NC) = DNIE
    521   PHI       = ASIN((UPIE-DNIE)/CLEN)
    522   DLTX      = CLEN/(REAL(NC-1)*0.5)
    523   DO J=2,NC-1
    524     DLTX2    =  DLTX*0.5
    525     SLOPE    = (UPIE-DNIE)/CLEN
    526     DIST     = (REAL(J-1)*DLTX2)
    527     BELEV(J) =  UPIE-SLOPE*DIST
    528   END DO
    529   BEPR1 =  UPIE+SLOPE*DLTX2
    530   BEPR2 =  DNIE-SLOPE*DLTX2
    531   BC1   = (EL1-BEPR1)*COS(PHI)

Page 17          Source Listing                  OPEN_CHANNEL_INITIALIZE
2026-03-30 08:47                                 ..\..\..\gate-spill-pipe.f90

    532   IF (BC1 <= 0.0) BC1 = EL1-UPIE
    533   BC2 = (EL2-BEPR2)*COS(PHI)
    534   IF (BC2 <= 0.0) BC2 = EL2-DNIE
    535   IF (.NOT. BEGIN(IC)) THEN
    536     IF (WLFLAG(IC)) THEN
    537       DO J=2,NC-1,2
    538         WLSLOPE = ((BC1-BC2)/(CLEN+DLTX))*DCOS(PHI)
    539         DIST    = (REAL(J-1)*0.5*DLTX)+DLTX2
    540         Y(J)    =  BC1-WLSLOPE*DIST
    541         YT(J)   =  Y(J)
    542         DTP(IC) =  DT
    543       END DO
    544     ELSE
    545       DO I=2,NC-1,2
    546         Y(I)  = YS(I,IC)
    547         YT(I) = YST(I,IC)
    548       END DO
    549     END IF
    550   END IF
    551   DO I=1,NC,2
    552     V(I)  = VS(I,IC)
    553     VT(I) = VST(I,IC)
    554   END DO
    555   IF (BEGIN(IC)) THEN
    556     BEGIN(IC) = .FALSE.
    557     DO J=2,NC-1,2
    558       WLSLOPE = ((BC1-BC2)/(CLEN+DLTX))*DCOS(PHI)
    559       DIST    = (REAL(J-1)*0.5*DLTX)+DLTX2
    560       Y(J)    =  BC1-WLSLOPE*DIST
    561       YT(J)   =  Y(J)
    562       DTP(IC) =  DT
    563     END DO
    564     DO J=1,NC,2
    565       V(J)  = 0.0
    566       VT(J) = V(J)
    567     END DO
    568 !    OPENWRN = .TRUE.
    569   END IF
    570   SMOOTH_WATER_LEVELS = .FALSE.
    571   DO N=1,NC,2
    572     IF (N == NC) THEN
    573       BAR1 = BAREA(BC2,DIA)
    574       RAD1 = BAR1/WETPER(BC2,DIA)
    575     ELSE
    576       BAR1 = BAREA(Y(N+1),DIA)
    577       RAD1 = BAR1/WETPER(Y(N+1),DIA)
    578     END IF
    579     IF (N == 1) THEN
    580       BAR2 = BAREA(BC1,DIA)
    581       RAD2 = BAR2/WETPER(BC1,DIA)
    582     ELSE
    583       BAR2 = BAREA(Y(N-1),DIA)
    584       RAD2 = BAR2/WETPER(Y(N-1),DIA)
    585     END IF
    586     RT(N) = (RAD1+RAD2)*0.5
    587   END DO
    588   DO N=2,NC-1,2

Page 18          Source Listing                  OPEN_CHANNEL_INITIALIZE
2026-03-30 08:47                                 ..\..\..\gate-spill-pipe.f90

    589     TAREA(N) = BAREA(Y(N),DIA)
    590     TOPWT(N) = TWIDTH(Y(N),DIA)
    591     CAREA(N) = BAREA(Y(N),DIA)
    592   END DO
    593 
    594 ! Projected water levels and velocities
    595 
    596   DO J=1,NC,2
    597     VPR(J) = V(J)+DT*(V(J)-VT(J))/DTP(IC)
    598   END DO
    599   DO J=2,NC-1,2
    600     YPR(J) = Y(J)+DT*(Y(J)-YT(J))/DTP(IC)
    601   END DO
    602 ! Matrix setup
    603 
    604   VTOT = 0.0
    605   DO J=1,NC,2
    606     VTOT = VTOT+V(J)
    607   END DO
    608   VAVG = VTOT/(REAL(NC-1)*0.5)
    609 
    610 ! Continuity
    611 
    612   DO N=2,NC-1,2
    613     VPR(N) = (VPR(N-1)+VPR(N+1))*0.5D0
    614     V(N)   = (V(N-1)+V(N+1))*0.5D0
    615     IF (N /= 2) DAA(N,N-2) = -THETA*(DT/DLTX)*(VPR(N)*0.5)
    616     DAA(N,N-1) = -THETA*(DT/DLTX)*(TAREA(N)/TOPWT(N))
    617     DAA(N,N)   =  1.0D0
    618     DAA(N,N+1) =  THETA*(DT/DLTX)*(TAREA(N)/TOPWT(N))
    619     IF (N /= NC-1) DAA(N,N+2) = THETA*(DT/DLTX)*(VPR(N)*0.5D0)
    620     IF (N == 2) THEN
    621       B(N) = Y(N)-(1.0D0-THETA)*(DT/DLTX)*(TAREA(N)/TOPWT(N))*(V(N+1)-V(N-1))-(1.0D0-THETA)*(DT/DLTX)*(V(N)*0.5D0)*(Y(N+2)-B
    621 C1)          &
    622              +THETA*(DT/DLTX)*(VPR(N)*0.5D0)*BC1
    623     ELSE IF (N == NC-1) THEN
    624       B(N) = Y(N)-(1.0D0-THETA)*(DT/DLTX)*(TAREA(N)/TOPWT(N))*(V(N+1)-V(N-1))-(1.0D0-THETA)*(DT/DLTX)*(V(N)*0.5D0)*(BC2-Y(N-
    624 2))          &
    625              -THETA*(DT/DLTX)*(VPR(N)*0.5D0)*BC2
    626     ELSE
    627       B(N) = Y(N)-(1.0D0-THETA)*(DT/DLTX)*(TAREA(N)/TOPWT(N))*(V(N+1)-V(N-1))-(1.0D0-THETA)*(DT/DLTX)*(V(N)*0.5D0)*(Y(N+2)-Y
    627 (N-2))
    628     END IF
    629   END DO
    630   IF (VAVG > 0.0 .OR. (VAVG == 0.0 .AND. EL1 > EL2)) THEN
    631 
    632 !** Momentum
    633 
    634     DO N=1,NC,2
    635       IF (N /= 1) THEN
    636         DAA(N,N-2) = -THETA*(DT/DLTX)*VPR(N)
    637         DAA(N,N-1) = -THETA*(DT/DLTX)*G*DCOS(PHI)
    638       END IF
    639       DAA(N,N) = 1.0+THETA*DT*G*(FMAN**2)*DABS(VPR(N))/(RT(N)**(4.0/3.0))+THETA*(DT/DLTX)*VPR(N)+THETA*(CLOSS*0.5D0)*(DT/CLE
    639 N)        &
    640                  *DABS(VPR(N))
    641       IF (N /= NC) DAA(N,N+1) = THETA*(DT/DLTX)*G*DCOS(PHI)

Page 19          Source Listing                  OPEN_CHANNEL_INITIALIZE
2026-03-30 08:47                                 ..\..\..\gate-spill-pipe.f90

    642       IF (N == 1) THEN
    643         B(N) = V(N)-(1.0D0-THETA)*(DT/DLTX)*G*(Y(N+1)-BC1)*DCOS(PHI)-(1.0D0-THETA)*V(N)*(DT/DLTX)*V(N)-(1.0D0-THETA)*DT*G*(F
    643 MAN**2)       &
    644                /(RT(N)**(4.0/3.0))*V(N)*DABS(V(N))+DT*G*DSIN(PHI)-(1.0D0-THETA)*(DT/CLEN)*(CLOSS*0.5D0)*V(N)*DABS(V(N))+THET
    644 A*(DT/DLTX)   &
    645                *G*DCOS(PHI)*BC1
    646       ELSE IF (N == NC) THEN
    647         B(N) = V(N)-(1.0D0-THETA)*(DT/DLTX)*G*(BC2-Y(N-1))*DCOS(PHI)-(1.0D0-THETA)*V(N)*(DT/DLTX)*(V(N)-V(N-2))-(1.0D0-THETA
    647 )             &
    648                *DT*G*(FMAN**2)/(RT(N)**(4.0/3.0))*V(N)*DABS(V(N))+DT*G*DSIN(PHI)-(1.0D0-THETA)*(DT/CLEN)*(CLOSS*0.5D0)*V(N)*
    648 DABS(V(N))    &
    649                -THETA*(DT/DLTX)*G*DCOS(PHI)*BC2
    650       ELSE
    651         B(N) = V(N)-(1.0D0-THETA)*(DT/DLTX)*G*(Y(N+1)-Y(N-1))*COS(PHI)-(1.0D0-THETA)*V(N)*(DT/DLTX)*(V(N)-V(N-2))-(1.0D0-THE
    651 TA)          &
    652                *DT*G*(FMAN**2)/(RT(N)**(4.0/3.0))*V(N)*DABS(V(N))+DT*G*DSIN(PHI)-(1.0D0-THETA)*(DT/CLEN)*(CLOSS*0.5D0)*V(N)*
    652 DABS(V(N))
    653       END IF
    654     END DO
    655   ELSE
    656     DO N=1,NC,2
    657       IF (N /= NC) THEN
    658         DAA(N,N+2) = THETA*(DT/DLTX)*VPR(N)
    659         DAA(N,N+1) = THETA*(DT/DLTX)*G*DCOS(PHI)
    660       END IF
    661       DAA(N,N) = 1.0+THETA*DT*G*(FMAN**2)*DABS(VPR(N))/(RT(N)**(4.0/3.0))-THETA*(DT/DLTX)*VPR(N)+THETA*(CLOSS*0.5D0)*(DT/CLE
    661 N)        &
    662                  *DABS(VPR(N))
    663       IF (N /= 1) DAA(N,N-1) = -THETA*(DT/DLTX)*G*DCOS(PHI)
    664       IF (N == NC) THEN
    665         B(N) = V(N)-(1.0D0-THETA)*(DT/DLTX)*G*(BC2-Y(N-1))*DCOS(PHI)-(1.0-THETA)*V(N)*(DT/DLTX)*(-V(N))-(1.0D0-THETA)*DT*G*(
    665 FMAN**2)    &
    666                /(RT(N)**(4.0/3.0))*V(N)*DABS(V(N))+DT*G*DSIN(PHI)-(1.0-THETA)*(DT/CLEN)*(CLOSS*0.5)*V(N)*DABS(V(N))-THETA*(D
    666 T/DLTX)   &
    667                *G*DCOS(PHI)*BC2
    668       ELSE IF (N == 1) THEN
    669         B(N) = V(N)-(1.0D0-THETA)*(DT/DLTX)*G*(Y(N+1)-BC1)*DCOS(PHI)-(1.0-THETA)*V(N)*(DT/DLTX)*(V(N+2)-V(N))-(1.0D0-THETA) 
    669             &
    670                *DT*G*(FMAN**2)/(RT(N)**(4.0/3.0))*V(N)*ABS(V(N))+DT*G*SIN(PHI)-(1.0-THETA)*(DT/CLEN)*(CLOSS*0.5D0)*V(N)*DABS
    670 (V(N))    &
    671                +THETA*(DT/DLTX)*G*DCOS(PHI)*BC1
    672       ELSE
    673         B(N) = V(N)-(1.0D0-THETA)*(DT/DLTX)*G*(Y(N+1)-Y(N-1))*DCOS(PHI)-(1.0D0-THETA)*V(N)*(DT/DLTX)*(V(N+2)-V(N))-(1.0D0-TH
    673 ETA)          &
    674                *DT*G*(FMAN**2)/(RT(N)**(4.0/3.0))*V(N)*DABS(V(N))+DT*G*DSIN(PHI)-(1.0D0-THETA)*(DT/CLEN)*(CLOSS*0.5D0)*V(N)*
    674 DABS(V(N))
    675       END IF
    676     END DO
    677   END IF
    678   NP = NN
    679   CALL LUDCMP (DAA,NC,NP,INDX,D)
    680   CALL LUBKSB (DAA,NC,NP,INDX,B)
    681   DO I=2,NC-1,2
    682     YOLD(I)   = Y(I)
    683     YST(I,IC) = Y(I)
    684   END DO
    685   DO I=2,NC-1,2

Page 20          Source Listing                  OPEN_CHANNEL_INITIALIZE
2026-03-30 08:47                                 ..\..\..\gate-spill-pipe.f90

    686     Y(I) = B(I)
    687   END DO
    688 
    689 ! Smooth water levels
    690 
    691   DO I=2,NC-1,2
    692     IF (Y(I) <= 0.0) THEN
    693 !IF (OPENWRN) THEN
    694 !  OPEN (391,FILE='culvert.wrn',STATUS='unknown')
    695 !  OPENWRN = .FALSE.
    696 !END IF
    697       SMOOTH_WATER_LEVELS = .TRUE.
    698     END IF
    699   END DO
    700   IF (SMOOTH_WATER_LEVELS) THEN
    701     DO J=2,NC-1,2
    702       WLSLOPE = ((BC1-BC2)/(CLEN+DLTX))*DCOS(PHI)
    703       DIST    = (REAL(J-1)*0.5D0*DLTX)+DLTX2
    704       Y(J)    =  BC1-WLSLOPE*DIST
    705     END DO
    706     SMOOTH_WATER_LEVELS = .FALSE.
    707   END IF
    708 
    709 ! Flows
    710 
    711   NQCNT = 0
    712   QSUM  = 0.0
    713   DO I=1,NC,2
    714     VOLD(I)   = V(I)
    715     VST(I,IC) = V(I)
    716     V(I)      = B(I)
    717     IF (I == NC) THEN
    718       BAR1 = BAREA(BC2,DIA)
    719     ELSE
    720       BAR1 = BAREA(Y(I+1),DIA)
    721     END IF
    722     IF (I == 1) THEN
    723       BAR2 = BAREA(BC1,DIA)
    724     ELSE
    725       BAR2 = BAREA(Y(I-1),DIA)
    726     END IF
    727     CAREA(I) = (BAR1+BAR2)*0.5D0
    728     Q(I)     =  V(I)*CAREA(I)
    729     NQCNT    =  NQCNT+1
    730     QSUM     =  QSUM+Q(I)
    731   END DO
    732   QAVG = QSUM/REAL(NQCNT)
    733   DO I=2,NC-1,2
    734     YS(I,IC) = Y(I)
    735   END DO
    736   VMAX(IC) = 0.0
    737   DO I=1,NC,2
    738     VS(I,IC) = V(I)
    739     VMAX(IC) = MAX(ABS(V(I)),VMAX(IC))
    740   END DO
    741 !if(qout == 0.0 .or. qout > 0.0 .or. qout < 0.0)then
    742 !    continue

Page 21          Source Listing                  OPEN_CHANNEL_INITIALIZE
2026-03-30 08:47                                 ..\..\..\gate-spill-pipe.f90

    743 !else
    744 !   qout=qold(ic)
    745 !endif
    746   
    747   IF(DT < DTMIN)THEN      ! SW 10/17/2019
    748 ! SMOOTH WATER LEVEL AND RESET VELOCITY TO OLD VALUE
    749       DT=DTMIN*2.
    750       DO J=2,NC-1,2
    751       WLSLOPE = ((BC1-BC2)/(CLEN+DLTX))*DCOS(PHI)
    752       DIST    = (REAL(J-1)*0.5D0*DLTX)+DLTX2
    753       Y(J)    =  BC1-WLSLOPE*DIST
    754       END DO
    755               I=NC-NC/2
    756               BAR1 = BAREA(Y(I+2),DIA)
    757               BAR2 = BAREA(Y(I-2),DIA)
    758               IF(PHI >= 0.0 .AND. RT(I-1) >= 0.0)THEN                                            !WLSLOPE >= 0.0 .AND. RT(I-
    758 1) >= 0.0)THEN
    759 !QAVGNEW=(BAR1+BAR2)*0.5D0*(1./FMAN)*SQRT(WLSLOPE)*RT(I-1)**0.6667   ! Manning's Eqn
    760               QAVGNEW=(BAR1+BAR2)*0.5D0*(1./FMAN)*SQRT(PHI)*RT(I-1)**0.6667 
    761               ELSE
    762                   IF(QOLD(IC) < 0.0)THEN
    763                       QAVGNEW=0.0
    764                   ELSE
    765                       QAVGNEW=QOLD(IC)
    766                   ENDIF
    767               ENDIF
    768               
    769               write(WRN,'(A,f15.5,A,F15.5,A,F10.4,1X,I5,8(F12.4,1X))')'RECOMPUTE Pipe flow. Qold=',qavg,' New flow rate=',qa
    769 vgnew, ' Debug:JDAY,I,Y(I-2),Y(I+2),BAR1,BAR2,WLSLOPE,RT(I-1),FMAN,PHI:',JDAY,I,Y(I+2),Y(I-2),BAR1,BAR2,WLSLOPE,RT(I-1),FMAN
    769 ,PHI
    770               QAVG=QAVGNEW
    771   ENDIF
    772   
    773   DTP(IC)    =  DT
    774   QOUT       =  QAVG
    775   QOLD(IC)   =  QOUT
    776   WLFLAG(IC) = .FALSE.    
    777     
    778 !10010 FORMAT ('water levels for culvert ',I3,' on Julian Day ',F10.3,' are <= 0 - predictions have been smoothed')
    779 RETURN
    780 ENTRY DEALLOCATE_OPEN_CHANNEL

Page 22          Source Listing                  OPEN_CHANNEL_INITIALIZE
2026-03-30 08:47 Entry Points                    ..\..\..\gate-spill-pipe.f90



ENTRY POINTS

 Address      Type  Name                      Address      Type  Name                    
                                                                                         
       DEALLOCATE_OPEN_CHANNEL                      OPEN_CHANNEL_INITIALIZE              
       OPEN_CHANNEL                                                                      


SYMBOL CROSS REFERENCE

 Name                       Object Declared Type            Bytes Dimen Elements Attributes       References                        
                                                                                                                                    
 ABS                        Func   670                                  scalar                    670,739                           
 AL                         Local  501      R(8)            8     2     1        ALC,SAVE         510,781                           
 ASIN                       Func   521                                  scalar                    521                               
 B                          Local  499      R(8)            8     1     1        ALC,SAVE         508,517,621,624,627,643,647,651,66
                                                                                                  5,669,673,680,686,716,781         
 BAR1                       Local  491      R(8)            8           scalar   SAVE             573,574,576,577,718,720,727,756,76
                                                                                                  0,769                             
 BAR2                       Local  492      R(8)            8           scalar   SAVE             580,581,583,584,723,725,727,757,76
                                                                                                  0,769                             
 BAREA                      Func   491      R(8)            8           scalar                    573,576,580,583,589,591,718,720,72
                                                                                                  3,725,756,757                     
 BC1                        Local  491      R(8)            8           scalar   SAVE             531,532,538,540,558,560,580,581,62
                                                                                                  1,622,643,645,669,671,702,704,723,
                                                                                                  751,753                           
 BC2                        Local  491      R(8)            8           scalar   SAVE             533,534,538,558,573,574,624,625,64
                                                                                                  7,649,665,667,702,718,751         
 BEGIN                      Local  535      L(4)            4     1     1        ALC              535,555,556                       
 BELEV                      Local  499      R(8)            8     1     1        ALC,SAVE         508,519,520,527,781               
 BEPR1                      Local  491      R(8)            8           scalar   SAVE             529,531                           
 BEPR2                      Local  491      R(8)            8           scalar   SAVE             530,533                           
 CAREA                      Local  499      R(8)            8     1     1        ALC,SAVE         508,518,591,727,728,781           
 CLEN                       Local  521      R(8)            8           scalar                    521,522,525,538,558,639,644,648,65
                                                                                                  2,661,666,670,674,702,751         
 CLOSS                      Local  639      R(8)            8           scalar                    639,644,648,652,661,666,670,674   
 COS                        Func   531                                  scalar                    531,533,651                       
 D                          Local  498      R(8)            8           scalar   SAVE             679                               
 DAA                        Local  501      R(8)            8     2     1        ALC,SAVE         510,517,615,616,617,618,619,636,63
                                                                                                  7,639,641,658,659,661,663,679,680,
                                                                                                  781                               
 DABS                       Func   639                                  scalar                    639,640,644,648,652,661,662,666,67
                                                                                                  0,674                             
 DCOS                       Func   538                                  scalar                    538,558,637,641,643,645,647,649,65
                                                                                                  9,663,665,667,669,671,673,702,751 
 DEALLOCATE_OPEN_CHANNEL    Subr   780                                                                                              
 DIA                        Local  573      R(8)            8           scalar                    573,574,576,577,580,581,583,584,58
                                                                                                  9,590,591,718,720,723,725,756,757 
 DIST                       Local  491      R(8)            8           scalar   SAVE             526,527,539,540,559,560,703,704,75
                                                                                                  2,753                             
 DLTX                       Local  491      R(8)            8           scalar   SAVE             522,524,538,539,558,559,615,616,61
                                                                                                  8,619,621,622,624,625,627,636,637,
                                                                                                  639,641,643,644,647,649,651,658,65
                                                                                                  9,661,663,665,666,669,671,673,702,
                                                                                                  703,751,752                       

Page 23          Source Listing                  OPEN_CHANNEL_INITIALIZE
2026-03-30 08:47 Symbol Table                    ..\..\..\gate-spill-pipe.f90

 Name                       Object Declared Type            Bytes Dimen Elements Attributes       References                        
                                                                                                                                    
 DLTX2                      Local  491      R(8)            8           scalar   SAVE             524,526,529,530,539,559,703,752   
 DNIE                       Local  520      R(8)            8           scalar                    520,521,525,530,534               
 DSIN                       Func   644                                  scalar                    644,648,652,666,674               
 DT                         Dummy  498      R(8)            8           scalar   ARG,INOUT        542,562,597,600,615,616,618,619,62
                                                                                                  1,622,624,625,627,636,637,639,641,
                                                                                                  643,644,647,648,649,651,652,658,65
                                                                                                  9,661,663,665,666,669,670,671,673,
                                                                                                  674,747,749,773                   
 DTMIN                      Local  498      R(8)            8           scalar   SAVE             518,747,749                       
 DTP                        Local  542      R(8)            8     1     1        ALC              542,562,597,600,773               
 EL1                        Dummy  491      R(8)            8           scalar   ARG,INOUT        531,532,630                       
 EL2                        Dummy  491      R(8)            8           scalar   ARG,INOUT        533,534,630                       
 FMAN                       Local  639      R(8)            8           scalar                    639,643,648,652,661,665,670,674,76
                                                                                                  0,769                             
 G                          Local  637      R(8)            8           scalar                    637,639,641,643,644,645,647,648,64
                                                                                                  9,651,652,659,661,663,665,666,667,
                                                                                                  669,670,671,673,674               
 GLOBAL                     Module 488                                                            488                               
 I                          Local  545      I(4)            4           scalar                    545,546,547,551,552,553,681,682,68
                                                                                                  3,685,686,691,692,713,714,715,716,
                                                                                                  717,720,722,725,727,728,730,733,73
                                                                                                  4,737,738,739,755,756,757,758,760,
                                                                                                  769                               
 IC                         Dummy  497      I(4)            4           scalar   ARG,INOUT        535,536,542,546,547,552,553,555,55
                                                                                                  6,562,597,600,683,715,734,736,738,
                                                                                                  739,762,765,773,775,776           
 INDX                       Local  502      I(4)            4     1     1        ALC,SAVE         509,679,680,781                   
 J                          Local  497      I(4)            4           scalar   SAVE             523,526,527,537,539,540,541,557,55
                                                                                                  9,560,561,564,565,566,596,597,599,
                                                                                                  600,605,606,701,703,704,750,752,75
                                                                                                  3                                 
 JDAY                       Local  488      R(8)            8           scalar                    488,769                           
 LUBKSB                     Subr   680                                                            680                               
 LUDCMP                     Subr   679                                                            679                               
 MAX                        Func   739                                  scalar                    739                               
 N                          Local  497      I(4)            4           scalar   SAVE             571,572,576,577,579,583,584,586,58
                                                                                                  8,589,590,591,612,613,614,615,616,
                                                                                                  617,618,619,620,621,622,623,624,62
                                                                                                  5,627,634,635,636,637,639,640,641,
                                                                                                  642,643,644,646,647,648,651,652,65
                                                                                                  6,657,658,659,661,662,663,664,665,
                                                                                                  666,668,669,670,673,674           
 NC                         Local  520      I(4)            4           scalar                    520,522,523,537,545,551,557,564,57
                                                                                                  1,572,588,596,599,605,608,612,619,
                                                                                                  623,634,641,646,656,657,664,679,68
                                                                                                  0,681,685,691,701,713,717,733,737,
                                                                                                  750,755                           
 NN                         Local  508      I(4)            4           scalar                    508,509,510,678                   
 NP                         Local  497      I(4)            4           scalar   SAVE             678,679,680                       
 NQCNT                      Local  497      I(4)            4           scalar   SAVE             711,729,732                       
 OPEN_CHANNEL               Subr   513                                                                                              
 OPEN_CHANNEL_INITIALIZE    Subr   487                                                                                              
 PHI                        Local  491      R(8)            8           scalar   SAVE             521,531,533,538,558,637,641,643,64
                                                                                                  4,645,647,648,649,651,652,659,663,
                                                                                                  665,666,667,669,670,671,673,674,70

Page 24          Source Listing                  OPEN_CHANNEL_INITIALIZE
2026-03-30 08:47 Symbol Table                    ..\..\..\gate-spill-pipe.f90

 Name                       Object Declared Type            Bytes Dimen Elements Attributes       References                        
                                                                                                                                    
                                                                                                  2,751,758,760,769                 
 Q                          Local  499      R(8)            8     1     1        ALC,SAVE         508,728,730,781                   
 QAVG                       Local  492      R(8)            8           scalar   SAVE             732,769,770,774                   
 QAVGNEW                    Local  498      R(8)            8           scalar   SAVE             760,763,765,769,770               
 QOLD                       Local  762      R(8)            8     1     1        ALC              762,765,775                       
 QOUT                       Dummy  492      R(8)            8           scalar   ARG,INOUT        774,775                           
 QSUM                       Local  492      R(8)            8           scalar   SAVE             712,730,732                       
 R8                         Param  490      I(4)            4           scalar                    490,491,492,498,499,500,501       
 RAD1                       Local  491      R(8)            8           scalar   SAVE             574,577,586                       
 RAD2                       Local  491      R(8)            8           scalar   SAVE             581,584,586                       
 REAL                       Func   522                                  scalar                    522,526,539,559,608,703,732,752   
 RT                         Local  500      R(8)            8     1     1        ALC,SAVE         509,517,586,639,644,648,652,661,66
                                                                                                  6,670,674,758,760,769,781         
 SCREENC                    Module 488                                                            488                               
 SIN                        Func   670                                  scalar                    670                               
 SLOPE                      Local  491      R(8)            8           scalar   SAVE             525,527,529,530                   
 SMOOTH_WATER_LEVELS        Local  503      L(4)            4           scalar   SAVE             570,697,700,706                   
 SQRT                       Func   760                                  scalar                    760                               
 STRUCTURES                 Module 488                                                            488                               
 TAREA                      Local  500      R(8)            8     1     1        ALC,SAVE         509,518,589,616,618,621,624,627,78
                                                                                                  1                                 
 THETA                      Param  490      R(8)            8           scalar                    615,616,618,619,621,622,624,625,62
                                                                                                  7,636,637,639,641,643,644,647,648,
                                                                                                  649,651,652,658,659,661,663,665,66
                                                                                                  6,669,670,671,673,674             
 TOPW                       Local  499      R(8)            8     1     1        ALC,SAVE         508,517,781                       
 TOPWT                      Local  500      R(8)            8     1     1        ALC,SAVE         509,517,590,616,618,621,624,627,78
                                                                                                  1                                 
 TWIDTH                     Func   492      R(8)            8           scalar                    590                               
 UPIE                       Local  519      R(8)            8           scalar                    519,521,525,527,529,532           
 V                          Local  499      R(8)            8     1     1        ALC,SAVE         508,517,552,565,566,597,606,614,62
                                                                                                  1,624,627,643,644,647,648,651,652,
                                                                                                  665,666,669,670,673,674,714,715,71
                                                                                                  6,728,738,739,781                 
 VAVG                       Local  492      R(8)            8           scalar   SAVE             608,630                           
 VMAX                       Local  736      R(8)            8     1     1        ALC              736,739                           
 VOLD                       Local  499      R(8)            8     1     1        ALC,SAVE         508,714,781                       
 VPR                        Local  500      R(8)            8     1     1        ALC,SAVE         509,517,597,613,615,619,622,625,63
                                                                                                  6,639,640,658,661,662,781         
 VS                         Local  552      R(8)            8     2     1        ALC              552,738                           
 VST                        Local  553      R(8)            8     2     1        ALC              553,715                           
 VT                         Local  500      R(8)            8     1     1        ALC,SAVE         509,517,553,566,597,781           
 VTOT                       Local  491      R(8)            8           scalar   SAVE             604,606,608                       
 WETPER                     Func   492      R(8)            8           scalar                    574,577,581,584                   
 WLFLAG                     Local  536      L(4)            4     1     1        ALC              536,776                           
 WLSLOPE                    Local  491      R(8)            8           scalar   SAVE             538,540,558,560,702,704,751,753,76
                                                                                                  9                                 
 WRN                        Local  769      I(4)            4           scalar                    769                               
 Y                          Local  499      R(8)            8     1     1        ALC,SAVE         508,517,540,541,546,560,561,576,57
                                                                                                  7,583,584,589,590,591,600,621,624,
                                                                                                  627,643,647,651,665,669,673,682,68
                                                                                                  3,686,692,704,720,725,734,753,756,
                                                                                                  757,769,781                       
 YOLD                       Local  499      R(8)            8     1     1        ALC,SAVE         508,682,781                       
 YPR                        Local  500      R(8)            8     1     1        ALC,SAVE         509,517,600,781                   

Page 25          Source Listing                  OPEN_CHANNEL_INITIALIZE
2026-03-30 08:47 Symbol Table                    ..\..\..\gate-spill-pipe.f90

 Name                       Object Declared Type            Bytes Dimen Elements Attributes       References                        
                                                                                                                                    
 YS                         Local  546      R(8)            8     2     1        ALC              546,734                           
 YST                        Local  547      R(8)            8     2     1        ALC              547,683                           
 YT                         Local  500      R(8)            8     1     1        ALC,SAVE         509,517,541,547,561,600,781       

Page 26          Source Listing                  OPEN_CHANNEL_INITIALIZE
2026-03-30 08:47                                 ..\..\..\gate-spill-pipe.f90

    781   DEALLOCATE (Y, V, CAREA, TOPW, BELEV, Q, VOLD, YOLD, B, YT, VT, VPR, YPR, TAREA, TOPWT, RT, INDX, AL, DAA)      ! CB 10/4/
    781 07
    782 RETURN
    783 END SUBROUTINE OPEN_CHANNEL_INITIALIZE
    784 
    785 !***************************************************************************************************************************
    785 ********
    786 !**                                        S U B R O U T I N E   steady state pipe flow                                     
    786       **
    787 !***************************************************************************************************************************
    787 ********
    788 
    789 SUBROUTINE pipe_steady (D1,D2,qout)     ! cb 07/18/19
    790 
    791 !       dia   - diameter of culvert
    792 !      clen   - length of culvert
    793 !      fman   - Manning's friction coefficient
    794 !      closs  - minor loss coefficient
    795 !        cm   - Manning's unit coefficient (cm=1.486, English; cm=1.0, metric)
    796 
    797   USE GLOBAL; USE STRUCTURES    
    798   IMPLICIT NONE     ! SW 10/18/2019
    799 
    800   REAL(R8)    :: qout,hdif,bao,ro,CM,D1,D2,FL
    801  
    802   cm=1.0
    803   
    804   hdif=abs(d1-d2)
    805   bao = pi*dia**2/4.
    806   ro = bao/(pi*dia)
    807   fl = (2.*g*clen*fman**2)/(cm**2*ro**(4./3.))
    808   qout= bao * sqrt(2*g*hdif/(1.+closs+fl))
    809   if(d2 > d1)qout=-qout
    810   
    811   
    812 RETURN
    813 END SUBROUTINE pipe_steady

Page 27          Source Listing                  PIPE_STEADY
2026-03-30 08:47 Entry Points                    ..\..\..\gate-spill-pipe.f90



ENTRY POINTS

 Address      Type  Name        
                                
       PIPE_STEADY              


SYMBOL CROSS REFERENCE

 Name                       Object Declared Type            Bytes Dimen Elements Attributes       References                        
                                                                                                                                    
 ABS                        Func   804                                  scalar                    804                               
 BAO                        Local  800      R(8)            8           scalar                    805,806,808                       
 CLEN                       Local  807      R(8)            8           scalar                    807                               
 CLOSS                      Local  808      R(8)            8           scalar                    808                               
 CM                         Local  800      R(8)            8           scalar                    802,807                           
 D1                         Dummy  800      R(8)            8           scalar   ARG,INOUT        804,809                           
 D2                         Dummy  800      R(8)            8           scalar   ARG,INOUT        804,809                           
 DIA                        Local  805      R(8)            8           scalar                    805,806                           
 FL                         Local  800      R(8)            8           scalar                    807,808                           
 FMAN                       Local  807      R(8)            8           scalar                    807                               
 G                          Local  807      R(8)            8           scalar                    807,808                           
 GLOBAL                     Module 797                                                            797                               
 HDIF                       Local  800      R(8)            8           scalar                    804,808                           
 PI                         Local  805      R(8)            8           scalar                    805,806                           
 PIPE_STEADY                Subr   789                                                                                              
 QOUT                       Dummy  800      R(8)            8           scalar   ARG,INOUT        808,809                           
 R8                         Param  800      I(4)            4           scalar                    800                               
 RO                         Local  800      R(8)            8           scalar                    806,807                           
 SQRT                       Func   808                                  scalar                    808                               
 STRUCTURES                 Module 797                                                            797                               

Page 28          Source Listing                  PIPE_STEADY
2026-03-30 08:47                                 ..\..\..\gate-spill-pipe.f90

    814 
    815     
    816 !***************************************************************************************************************************
    816 ********
    817 !**                                             S U B R O U T I N E   G R I D  A R E A 1                                    
    817       **
    818 !***************************************************************************************************************************
    818 ********
    819 
    820 SUBROUTINE GRID_AREA1 (EL1,EL2,DIFF,BTOP)
    821   USE GLOBAL; USE GEOMC; USE PREC
    822   IMPLICIT NONE
    823 
    824   REAL(R8) :: BAREA1,BAREA2,DIST,DIST1,SLPE,DIST2
    825   INTEGER  :: K,K1,K2
    826   REAL(R8) :: EL1,EL2,DIFF,BTOP
    827 
    828 ! Difference in areas for trapezoidal geometry
    829 
    830   DO K=2,KB(I)
    831     IF (EL(K,I) <= EL1) THEN
    832       K1 = K
    833       EXIT
    834     END IF
    835   END DO
    836   DO K=2,KB(I)
    837     IF (EL(K,I) <= EL2) THEN
    838       K2 = K
    839       EXIT
    840     END IF
    841   END DO
    842   BAREA1 = 0.0
    843   BAREA2 = 0.0
    844   DO K=KB(I),K1,-1
    845     BAREA1 = BAREA1+BH(K,I)
    846   END DO
    847   DIST = EL1-EL(K1,I)
    848   IF (H(K1-1,JW)/2.0 < DIST) THEN
    849     DIST1  =  H(K1-1,JW)*0.5
    850     SLPE   = (B(K1-1,I)-BB(K1-1,I))/(0.5*H(K1-1,JW))
    851     BAREA1 =  BAREA1+BB(K1-1,I)*DIST1+0.5*SLPE*DIST1*DIST1
    852     DIST2  =  DIST-H(K1-1,JW)*0.5
    853     SLPE   = (BB(K1-2,I)-B(K1-1,I))/(0.5*H(K1-1,JW))
    854     BAREA1 =  BAREA1+B(K1-1,I)*DIST2+0.5*SLPE*DIST2*DIST2
    855     BTOP   =  B(K1-1,I)+DIST2*SLPE
    856   ELSE
    857     SLPE   = (B(K1-1,I)-BB(K1-1,I))/(0.5*H(K1-1,JW))
    858     BAREA1 =  BAREA1+BB(K1-1,I)*DIST+0.5*SLPE*DIST*DIST
    859     BTOP   =  BB(K1-1,I)+DIST*SLPE
    860   END IF
    861   DO K=KB(I),K2,-1
    862     BAREA2 = BAREA2+BH(K,I)
    863   END DO
    864   DIST = EL2-EL(K2,I)
    865   IF (H(K2-1,JW)/2. < DIST) THEN
    866     DIST1  =  H(K2-1,JW)*0.5
    867     SLPE   = (B(K2-1,I)-BB(K2-1,I))/(0.5*H(K2-1,JW))

Page 29          Source Listing                  GRID_AREA1
2026-03-30 08:47                                 ..\..\..\gate-spill-pipe.f90

    868     BAREA2 =  BAREA2+BB(K2-1,I)*DIST1+0.5*SLPE*DIST1*DIST1
    869     DIST2  =  DIST-H(K2-1,JW)*0.5
    870     SLPE   = (BB(K2-2,I)-B(K2-1,I))/(0.5*H(K2-1,JW))
    871     BAREA2 =  BAREA2+B(K2-1,I)*DIST2+0.5*SLPE*DIST2*DIST2
    872   ELSE
    873     SLPE   = (B(K2-1,I)-BB(K2-1,I))/(0.5*H(K2-1,JW))
    874     BAREA2 =  BAREA2+BB(K2-1,I)*DIST+0.5*SLPE*DIST*DIST
    875   END IF
    876   DIFF = BAREA1-BAREA2
    877   RETURN
    878 END SUBROUTINE


ENTRY POINTS

 Address      Type  Name       
                               
       GRID_AREA1              


SYMBOL CROSS REFERENCE

 Name                       Object Declared Type            Bytes Dimen Elements Attributes       References                        
                                                                                                                                    
 B                          Local  850      R(8)            8     2     1        ALC              850,853,854,855,857,867,870,871,87
                                                                                                  3                                 
 BAREA1                     Local  824      R(8)            8           scalar                    842,845,851,854,858,876           
 BAREA2                     Local  824      R(8)            8           scalar                    843,862,868,871,874,876           
 BB                         Local  850      R(8)            8     2     1        ALC              850,851,853,857,858,859,867,868,87
                                                                                                  0,873,874                         
 BH                         Local  845      R(8)            8     2     1        ALC              845,862                           
 BTOP                       Dummy  826      R(8)            8           scalar   ARG,INOUT        855,859                           
 DIFF                       Dummy  826      R(8)            8           scalar   ARG,INOUT        876                               
 DIST                       Local  824      R(8)            8           scalar                    847,848,852,858,859,864,865,869,87
                                                                                                  4                                 
 DIST1                      Local  824      R(8)            8           scalar                    849,851,866,868                   
 DIST2                      Local  824      R(8)            8           scalar                    852,854,855,869,871               
 EL                         Local  831      R(8)            8     2     1        ALC              831,837,847,864                   
 EL1                        Dummy  826      R(8)            8           scalar   ARG,INOUT        831,847                           
 EL2                        Dummy  826      R(8)            8           scalar   ARG,INOUT        837,864                           
 GEOMC                      Module 821                                                            821                               
 GLOBAL                     Module 821                                                            821                               
 GRID_AREA1                 Subr   820                                                                                              
 H                          Local  848      R(8)            8     2     1        ALC              848,849,850,852,853,857,865,866,86
                                                                                                  7,869,870,873                     
 I                          Local  830      I(4)            4           scalar                    830,831,836,837,844,845,847,850,85
                                                                                                  1,853,854,855,857,858,859,861,862,
                                                                                                  864,867,868,870,871,873,874       
 JW                         Local  848      I(4)            4           scalar                    848,849,850,852,853,857,865,866,86
                                                                                                  7,869,870,873                     
 K                          Local  825      I(4)            4           scalar                    830,831,832,836,837,838,844,845,86
                                                                                                  1,862                             
 K1                         Local  825      I(4)            4           scalar                    832,844,847,848,849,850,851,852,85
                                                                                                  3,854,855,857,858,859             
 K2                         Local  825      I(4)            4           scalar                    838,861,864,865,866,867,868,869,87
                                                                                                  0,871,873,874                     
 KB                         Local  830      I(4)            4     1     1        ALC              830,836,844,861                   

Page 30          Source Listing                  GRID_AREA1
2026-03-30 08:47 Symbol Table                    ..\..\..\gate-spill-pipe.f90

 Name                       Object Declared Type            Bytes Dimen Elements Attributes       References                        
                                                                                                                                    
 PREC                       Module 821                                                            821                               
 R8                         Param  824      I(4)            4           scalar                    824,826                           
 SLPE                       Local  824      R(8)            8           scalar                    850,851,853,854,855,857,858,859,86
                                                                                                  7,868,870,871,873,874             

Page 31          Source Listing                  GRID_AREA1
2026-03-30 08:47                                 ..\..\..\gate-spill-pipe.f90

    879 
    880 !***************************************************************************************************************************
    880 ********
    881 !**                                             S U B R O U T I N E   G R I D  A R E A 2                                    
    881       **
    882 !***************************************************************************************************************************
    882 ********
    883 
    884 SUBROUTINE GRID_AREA2
    885   USE GLOBAL; USE GEOMC; USE RSTART
    886   IMPLICIT NONE
    887 
    888   INTEGER   :: K
    889   REAL(R8)  :: AREA,SL,A_COEF,B_COEF,C_COEF
    890 
    891   AREA   = (EL(KT,I)-SZ(I)-(EL(KT,I)-Z(I)))*BI(KT,I)
    892   SL     = (B(KT,I)-BB(KT,I))/(0.5*H(KT,JW))
    893   A_COEF = -1.0
    894   B_COEF =  SZ(I)*2.+BI(KT,I)/(0.5*SL)
    895   C_COEF = -AREA/(0.5*SL)-SZ(I)**2-BI(KT,I)*2.*SZ(I)/SL
    896   Z(I)   = (-B_COEF+SQRT(B_COEF**2-4.*A_COEF*C_COEF))/(2.0*A_COEF)
    897   KTI(I) = 2
    898   DO K=2,KB(I)
    899     IF (EL(K,I) <= EL(KT,I)-Z(I)) THEN
    900       KTI(I) = K-1
    901       EXIT
    902     END IF
    903   END DO
    904   RETURN
    905 END SUBROUTINE

Page 32          Source Listing                  GRID_AREA2
2026-03-30 08:47 Entry Points                    ..\..\..\gate-spill-pipe.f90



ENTRY POINTS

 Address      Type  Name       
                               
       GRID_AREA2              


SYMBOL CROSS REFERENCE

 Name                       Object Declared Type            Bytes Dimen Elements Attributes       References                        
                                                                                                                                    
 AREA                       Local  889      R(8)            8           scalar                    891,895                           
 A_COEF                     Local  889      R(8)            8           scalar                    893,896                           
 B                          Local  892      R(8)            8     2     1        ALC              892                               
 BB                         Local  892      R(8)            8     2     1        ALC              892                               
 BI                         Local  891      R(8)            8     2     1        ALC              891,894,895                       
 B_COEF                     Local  889      R(8)            8           scalar                    894,896                           
 C_COEF                     Local  889      R(8)            8           scalar                    895,896                           
 EL                         Local  891      R(8)            8     2     1        ALC              891,899                           
 GEOMC                      Module 885                                                            885                               
 GLOBAL                     Module 885                                                            885                               
 GRID_AREA2                 Subr   884                                                                                              
 H                          Local  892      R(8)            8     2     1        ALC              892                               
 I                          Local  891      I(4)            4           scalar                    891,892,894,895,896,897,898,899,90
                                                                                                  0                                 
 JW                         Local  892      I(4)            4           scalar                    892                               
 K                          Local  888      I(4)            4           scalar                    898,899,900                       
 KB                         Local  898      I(4)            4     1     1        ALC              898                               
 KT                         Local  891      I(4)            4           scalar                    891,892,894,895,899               
 KTI                        Local  897      I(4)            4     1     1        ALC              897,900                           
 R8                         Param  889      I(4)            4           scalar                    889                               
 RSTART                     Module 885                                                            885                               
 SL                         Local  889      R(8)            8           scalar                    892,894,895                       
 SQRT                       Func   896                                  scalar                    896                               
 SZ                         Local  891      R(8)            8     1     1        ALC              891,894,895                       
 Z                          Local  891      R(8)            8     1     1        ALC              891,896,899                       

Page 33          Source Listing                  GRID_AREA2
2026-03-30 08:47                                 ..\..\..\gate-spill-pipe.f90

    906 
    907 !***************************************************************************************************************************
    907 ********
    908 !**                                              S U B R O U T I N E   L U D C M P                                          
    908       **
    909 !***************************************************************************************************************************
    909 ********
    910 
    911 SUBROUTINE LUDCMP (A,N,NP,INDX,D)
    912 USE PREC
    913 IMPLICIT NONE
    914 
    915   INTEGER         :: I,J,K,IMAX,NP,N
    916   INTEGER         :: INDX(NP)
    917   REAL(R8)        :: A(NP,NP),D
    918   REAL(R8)        :: VV(500),AAMAX,SUM,DUM
    919   REAL, PARAMETER :: TINY=1.0E-20
    920 
    921 
    922   D = 1.0
    923   DO I=1,N
    924     AAMAX = 0.0
    925     DO J=1,N
    926       IF (ABS(A(I,J)) > AAMAX) AAMAX = ABS(A(I,J))
    927     END DO
    928     VV(I) = 1.0/AAMAX
    929   END DO
    930   DO J=1,N
    931     DO I=1,J-1
    932       SUM = A(I,J)
    933       DO K=1,I-1
    934         SUM = SUM-A(I,K)*A(K,J)
    935       END DO
    936       A(I,J) = SUM
    937     END DO
    938     AAMAX = 0.0
    939     DO I=J,N
    940       SUM = A(I,J)
    941       DO K=1,J-1
    942         SUM = SUM-A(I,K)*A(K,J)
    943       END DO
    944       A(I,J) = SUM
    945       DUM = VV(I)*ABS(SUM)
    946       IF (DUM >= AAMAX) THEN
    947         IMAX  = I
    948         AAMAX = DUM
    949       END IF
    950     END DO
    951     IF (J /= IMAX) THEN
    952       DO K=1,N
    953         DUM       = A(IMAX,K)
    954         A(IMAX,K) = A(J,K)
    955         A(J,K)    = DUM
    956       END DO
    957       D        = -D
    958       VV(IMAX) =  VV(J)
    959     END IF

Page 34          Source Listing                  LUDCMP
2026-03-30 08:47                                 ..\..\..\gate-spill-pipe.f90

    960     INDX(J) = IMAX
    961     IF (A(J,J) == 0.0) A(J,J) = TINY
    962     IF (J /= N) THEN
    963       DUM = 1.0/A(J,J)
    964       DO I=J+1,N
    965         A(I,J) = A(I,J)*DUM
    966       END DO
    967     END IF
    968   END DO
    969 END SUBROUTINE LUDCMP


ENTRY POINTS

 Address      Type  Name   
                           
       LUDCMP              


SYMBOL CROSS REFERENCE

 Name                       Object Declared Type            Bytes Dimen Elements Attributes       References                        
                                                                                                                                    
 A                          Dummy  917      R(8)            8     2     0        ARG,INOUT        926,932,934,936,940,942,944,953,95
                                                                                                  4,955,961,963,965                 
 AAMAX                      Local  918      R(8)            8           scalar                    924,926,928,938,946,948           
 ABS                        Func   926                                  scalar                    926,945                           
 D                          Dummy  917      R(8)            8           scalar   ARG,INOUT        922,957                           
 DUM                        Local  918      R(8)            8           scalar                    945,946,948,953,955,963,965       
 I                          Local  915      I(4)            4           scalar                    923,926,928,931,932,933,934,936,93
                                                                                                  9,940,942,944,945,947,964,965     
 IMAX                       Local  915      I(4)            4           scalar                    947,951,953,954,958,960           
 INDX                       Dummy  916      I(4)            4     1     0        ARG,INOUT        960                               
 J                          Local  915      I(4)            4           scalar                    925,926,930,931,932,934,936,939,94
                                                                                                  0,941,942,944,951,954,955,958,960,
                                                                                                  961,962,963,964,965               
 K                          Local  915      I(4)            4           scalar                    933,934,941,942,952,953,954,955   
 LUDCMP                     Subr   911                                                                                              
 N                          Dummy  915      I(4)            4           scalar   ARG,INOUT        923,925,930,939,952,962,964       
 NP                         Dummy  915      I(4)            4           scalar   ARG,INOUT        916,917                           
 PREC                       Module 912                                                            912                               
 R8                         Param  917      I(4)            4           scalar                    917,918                           
 SUM                        Local  918      R(8)            8           scalar                    932,934,936,940,942,944,945       
 TINY                       Param  919      R(4)            4           scalar                    961                               
 VV                         Local  918      R(8)            8     1     500                       928,945,958                       

Page 35          Source Listing                  LUDCMP
2026-03-30 08:47                                 ..\..\..\gate-spill-pipe.f90

    970 
    971 !***************************************************************************************************************************
    971 ********
    972 !**                                              S U B R O U T I N E   L U B K S B                                          
    972       **
    973 !***************************************************************************************************************************
    973 ********
    974 
    975 SUBROUTINE LUBKSB (A,N,NP,INDX,B)
    976 USE PREC
    977 IMPLICIT NONE
    978 
    979   INTEGER :: N, NP
    980   REAL(R8):: A(NP,NP), B(N),SUM
    981   INTEGER :: INDX(NP)
    982   INTEGER :: I, II, J, LL
    983 
    984   II = 0
    985   DO I=1,N
    986     LL    = INDX(I)
    987     SUM   = B(LL)
    988     B(LL) = B(I)
    989     IF (II /= 0) THEN
    990       DO J=II,I-1
    991         SUM = SUM-A(I,J)*B(J)
    992       END DO
    993     ELSE IF (SUM /= 0.0) THEN
    994       II = I
    995     END IF
    996     B(I) = SUM
    997   END DO
    998   DO I=N,1,-1
    999     SUM = B(I)
   1000     DO J=I+1,N
   1001       SUM = SUM-A(I,J)*B(J)
   1002     END DO
   1003     B(I) = SUM/A(I,I)
   1004   END DO
   1005 END SUBROUTINE LUBKSB

Page 36          Source Listing                  LUBKSB
2026-03-30 08:47 Entry Points                    ..\..\..\gate-spill-pipe.f90



ENTRY POINTS

 Address      Type  Name   
                           
       LUBKSB              


SYMBOL CROSS REFERENCE

 Name                       Object Declared Type            Bytes Dimen Elements Attributes       References                        
                                                                                                                                    
 A                          Dummy  980      R(8)            8     2     0        ARG,INOUT        991,1001,1003                     
 B                          Dummy  980      R(8)            8     1     0        ARG,INOUT        987,988,991,996,999,1001,1003     
 I                          Local  982      I(4)            4           scalar                    985,986,988,990,991,994,996,998,99
                                                                                                  9,1000,1001,1003                  
 II                         Local  982      I(4)            4           scalar                    984,989,990,994                   
 INDX                       Dummy  981      I(4)            4     1     0        ARG,INOUT        986                               
 J                          Local  982      I(4)            4           scalar                    990,991,1000,1001                 
 LL                         Local  982      I(4)            4           scalar                    986,987,988                       
 LUBKSB                     Subr   975                                                                                              
 N                          Dummy  979      I(4)            4           scalar   ARG,INOUT        980,985,998,1000                  
 NP                         Dummy  979      I(4)            4           scalar   ARG,INOUT        980,981                           
 PREC                       Module 976                                                            976                               
 R8                         Param  980      I(4)            4           scalar                    980                               
 SUM                        Local  980      R(8)            8           scalar                    987,991,993,996,999,1001,1003     

Page 37          Source Listing                  LUBKSB
2026-03-30 08:47                                 ..\..\..\gate-spill-pipe.f90

   1006 
   1007 !***************************************************************************************************************************
   1007 ********
   1008 !**                                                  F U N C T I O N   B A R E A                                            
   1008       **
   1009 !***************************************************************************************************************************
   1009 ********
   1010 
   1011 REAL (R8) FUNCTION BAREA (DEPTH,DIA)
   1012   USE PREC
   1013   IMPLICIT NONE
   1014 
   1015   REAL(R8), PARAMETER ::PI=3.14159265359D0
   1016   REAL(R8) :: DEPTH,DIA
   1017   IF (DEPTH < DIA) THEN
   1018     BAREA = (DEPTH-DIA*0.5D0)*DSQRT(DEPTH*DIA-DEPTH**2)+(DIA**2*0.25D0)*DASIN((2.0D0/DIA)*(DEPTH-DIA*0.5D0))+(PI*DIA**2)/8.0
   1018 D0
   1019   ELSE
   1020     BAREA = (PI*DIA**2)*0.25D0
   1021   END IF
   1022 END FUNCTION BAREA


ENTRY POINTS

 Address      Type  Name  
                          
       BAREA              

Page 38          Source Listing                  BAREA
2026-03-30 08:47 Symbol Table                    ..\..\..\gate-spill-pipe.f90



SYMBOL CROSS REFERENCE

 Name                       Object Declared Type            Bytes Dimen Elements Attributes       References                        
                                                                                                                                    
 BAREA                      Local  1011     R(8)            8           scalar                                                      
 BAREA                      Func   1011     R(8)            8           scalar                    1018,1020                         
 DASIN                      Func   1018                                 scalar                    1018                              
 DEPTH                      Dummy  1016     R(8)            8           scalar   ARG,INOUT        1017,1018                         
 DIA                        Dummy  1016     R(8)            8           scalar   ARG,INOUT        1017,1018,1020                    
 DSQRT                      Func   1018                                 scalar                    1018                              
 PI                         Param  1015     R(8)            8           scalar                    1018,1020                         
 PREC                       Module 1012                                                           1012                              
 R8                         Param  1011     I(4)            4           scalar                    1011,1015,1016                    

Page 39          Source Listing                  BAREA
2026-03-30 08:47                                 ..\..\..\gate-spill-pipe.f90

   1023 
   1024 !***************************************************************************************************************************
   1024 ********
   1025 !**                                                  F U N C T I O N   T W I D T H                                          
   1025       **
   1026 !***************************************************************************************************************************
   1026 ********
   1027 
   1028 REAL (R8) FUNCTION TWIDTH (DEPTH,DIA)
   1029 USE PREC
   1030 IMPLICIT NONE
   1031 
   1032 REAL(R8) :: DEPTH,DIA
   1033   IF (DEPTH < DIA) THEN
   1034     TWIDTH = 2.0D0*DSQRT((DIA*DEPTH)-DEPTH**2)
   1035   ELSE
   1036     TWIDTH = 0.005D0*DIA
   1037   END IF
   1038 END FUNCTION TWIDTH


ENTRY POINTS

 Address      Type  Name   
                           
       TWIDTH              


SYMBOL CROSS REFERENCE

 Name                       Object Declared Type            Bytes Dimen Elements Attributes       References                        
                                                                                                                                    
 DEPTH                      Dummy  1032     R(8)            8           scalar   ARG,INOUT        1033,1034                         
 DIA                        Dummy  1032     R(8)            8           scalar   ARG,INOUT        1033,1034,1036                    
 DSQRT                      Func   1034                                 scalar                    1034                              
 PREC                       Module 1029                                                           1029                              
 R8                         Param  1028     I(4)            4           scalar                    1028,1032                         
 TWIDTH                     Local  1028     R(8)            8           scalar                                                      
 TWIDTH                     Func   1028     R(8)            8           scalar                    1034,1036                         

Page 40          Source Listing                  TWIDTH
2026-03-30 08:47                                 ..\..\..\gate-spill-pipe.f90

   1039 
   1040 !***************************************************************************************************************************
   1040 ********
   1041 !**                                                  F U N C T I O N   W E T P E R                                          
   1041       **
   1042 !***************************************************************************************************************************
   1042 ********
   1043 
   1044 REAL (R8) FUNCTION WETPER (DEPTH,DIA)
   1045 USE PREC
   1046 IMPLICIT NONE
   1047 
   1048 REAL(R8) :: DEPTH,DIA
   1049   REAL(R8), PARAMETER :: PI=3.14159265359D0
   1050   IF (DEPTH < DIA) THEN
   1051     WETPER = DIA*(DASIN((2.0D0/DIA)*(DEPTH-DIA*0.5D0))+PI*0.5D0)
   1052   ELSE
   1053     WETPER = PI*DIA
   1054   END IF
   1055 END FUNCTION WETPER


ENTRY POINTS

 Address      Type  Name   
                           
       WETPER              


SYMBOL CROSS REFERENCE

 Name                       Object Declared Type            Bytes Dimen Elements Attributes       References                        
                                                                                                                                    
 DASIN                      Func   1051                                 scalar                    1051                              
 DEPTH                      Dummy  1048     R(8)            8           scalar   ARG,INOUT        1050,1051                         
 DIA                        Dummy  1048     R(8)            8           scalar   ARG,INOUT        1050,1051,1053                    
 PI                         Param  1049     R(8)            8           scalar                    1051,1053                         
 PREC                       Module 1045                                                           1045                              
 R8                         Param  1044     I(4)            4           scalar                    1044,1048,1049                    
 WETPER                     Local  1044     R(8)            8           scalar                                                      
 WETPER                     Func   1044     R(8)            8           scalar                    1051,1053                         

Page 41          Source Listing                  WETPER
2026-03-30 08:47                                 ..\..\..\gate-spill-pipe.f90

   1056 
   1057 !***************************************************************************************************************************
   1057 ********
   1058 !**                                                F U N C T I O N   D E P T H C R I T                                      
   1058       **
   1059 !***************************************************************************************************************************
   1059 ********
   1060 
   1061 REAL (R8) FUNCTION DEPTHCRIT (FLOW)
   1062   USE STRUCTURES
   1063   IMPLICIT NONE
   1064 
   1065   REAL(R8) :: FLOW,X1,X2,TOL,ZBRENT1
   1066   X1        = DIA/1.0D7
   1067   X2        = DIA
   1068   TOL       = 0.001
   1069   DEPTHCRIT = ZBRENT1(X1,X2,TOL,FLOW)
   1070 END FUNCTION DEPTHCRIT


ENTRY POINTS

 Address      Type  Name      
                              
       DEPTHCRIT              


SYMBOL CROSS REFERENCE

 Name                       Object Declared Type            Bytes Dimen Elements Attributes       References                        
                                                                                                                                    
 DEPTHCRIT                  Local  1061     R(8)            8           scalar                                                      
 DEPTHCRIT                  Func   1061     R(8)            8           scalar                    1069                              
 DIA                        Local  1066     R(8)            8           scalar                    1066,1067                         
 FLOW                       Dummy  1065     R(8)            8           scalar   ARG,INOUT        1069                              
 R8                         Param  1061     I(4)            4           scalar                    1061,1065                         
 STRUCTURES                 Module 1062                                                           1062                              
 TOL                        Local  1065     R(8)            8           scalar                    1068,1069                         
 X1                         Local  1065     R(8)            8           scalar                    1066,1069                         
 X2                         Local  1065     R(8)            8           scalar                    1067,1069                         
 ZBRENT1                    Func   1065     R(8)            8           scalar                    1069                              

Page 42          Source Listing                  DEPTHCRIT
2026-03-30 08:47                                 ..\..\..\gate-spill-pipe.f90

   1071 
   1072 !***************************************************************************************************************************
   1072 ********
   1073 !**                                                  F U N C T I O N   C D F U N C                                          
   1073       **
   1074 !***************************************************************************************************************************
   1074 ********
   1075 
   1076 REAL (R8) FUNCTION CDFUNC (DEPTH,FLOW)
   1077   USE STRUCTURES
   1078   IMPLICIT NONE
   1079 
   1080   REAL(R8)  :: DEPTH,FLOW,BAREA,TWIDTH
   1081   CDFUNC = (FLOW**2*TWIDTH(DEPTH,DIA))/(BAREA(DEPTH,DIA)**3*9.81D0)-1.0D0
   1082 END FUNCTION CDFUNC


ENTRY POINTS

 Address      Type  Name   
                           
       CDFUNC              


SYMBOL CROSS REFERENCE

 Name                       Object Declared Type            Bytes Dimen Elements Attributes       References                        
                                                                                                                                    
 BAREA                      Func   1080     R(8)            8           scalar                    1081                              
 CDFUNC                     Local  1076     R(8)            8           scalar                                                      
 CDFUNC                     Func   1076     R(8)            8           scalar                    1081                              
 DEPTH                      Dummy  1080     R(8)            8           scalar   ARG,INOUT        1081                              
 DIA                        Local  1081     R(8)            8           scalar                    1081                              
 FLOW                       Dummy  1080     R(8)            8           scalar   ARG,INOUT        1081                              
 R8                         Param  1076     I(4)            4           scalar                    1076,1080                         
 STRUCTURES                 Module 1077                                                           1077                              
 TWIDTH                     Func   1080     R(8)            8           scalar                    1081                              

Page 43          Source Listing                  CDFUNC
2026-03-30 08:47                                 ..\..\..\gate-spill-pipe.f90

   1083 
   1084 !***************************************************************************************************************************
   1084 ********
   1085 !**                                                  F U N C T I O N   Z B R E N T                                          
   1085       **
   1086 !***************************************************************************************************************************
   1086 ********
   1087 
   1088 REAL (R8) FUNCTION ZBRENT1 (X1,X2,TOL,BARG)
   1089 USE PREC
   1090 IMPLICIT NONE
   1091 
   1092   EXTERNAL   CDFUNC
   1093   REAL, PARAMETER :: FACTOR=0.1,NTRY=50,ITMAX=100,EPS=3.E-8
   1094   INTEGER         :: I,J,ITER
   1095   REAL(R8)            :: F1,F2,X1,X2,TOL,BARG,BA,B,FA,FB,FC,CDFUNC
   1096   REAL(R8)            :: C,D,E,TOL1,XM,S,P,Q,R
   1097 
   1098   F1 = CDFUNC(X1,BARG)
   1099   F2 = CDFUNC(X2,BARG)
   1100   IF (F1 <= 0.0) THEN
   1101     DO I=1,40
   1102       X1 = X1/10.0
   1103       F1 = CDFUNC(X1,BARG)
   1104       IF (F1 > 0.0) EXIT
   1105     END DO
   1106   END IF
   1107   DO J=1,NTRY
   1108     IF (F1*F2 < 0.0) EXIT
   1109     IF (ABS(F1) < ABS(F2)) THEN
   1110       X1 = X1+FACTOR*(X1-X2)
   1111       F1 = CDFUNC(X1,BARG)
   1112     ELSE
   1113       X2 = X2+FACTOR*(X2-X1)
   1114       F2 = CDFUNC(X2,BARG)
   1115     END IF
   1116   END DO
   1117   BA = X1
   1118   B  = X2
   1119   FA = CDFUNC(BA,BARG)
   1120   FB = CDFUNC(B,BARG)
   1121   FC = FB
   1122   DO ITER=1,ITMAX
   1123     IF (FB*FC > 0.0) THEN
   1124       C  = BA
   1125       FC = FA
   1126       D  = B-BA
   1127       E  = D
   1128     END IF
   1129     IF (ABS(FC) < ABS(FB)) THEN
   1130       BA = B
   1131       B  = C
   1132       C  = BA
   1133       FA = FB
   1134       FB = FC
   1135       FC = FA
   1136     END IF

Page 44          Source Listing                  ZBRENT1
2026-03-30 08:47                                 ..\..\..\gate-spill-pipe.f90

   1137     TOL1 = 2.0*EPS*ABS(B)+0.5*TOL
   1138     XM   = 0.5*(C-B)
   1139     IF (ABS(XM) <= TOL1 .OR. FB == 0.0) THEN
   1140       ZBRENT1 = B; EXIT
   1141     END IF
   1142     IF (ABS(E) >= TOL1 .AND. ABS(FA) > ABS(FB)) THEN
   1143       S = FB/FA
   1144       IF (BA == C) THEN
   1145         P = 2.0*XM*S
   1146         Q = 1.0-S
   1147       ELSE
   1148         Q =  FA/FC
   1149         R =  FB/FC
   1150         P =  S*(2.*XM*Q*(Q-R)-(B-BA)*(R-1.0))
   1151         Q = (Q-1.0)*(R-1.0)*(S-1.0)
   1152       END IF
   1153       IF (P > 0.0) Q = -Q
   1154       P = ABS(P)
   1155       IF (2.0*P < MIN(3.0*XM*Q-ABS(TOL1*Q),ABS(E*Q))) THEN
   1156         E = D
   1157         D = P/Q
   1158       ELSE
   1159         D = XM
   1160         E = D
   1161       END IF
   1162     ELSE
   1163       D = XM
   1164       E = D
   1165     END IF
   1166     BA = B
   1167     FA = FB
   1168     IF (ABS(D) > TOL1) THEN
   1169       B = B+D
   1170     ELSE
   1171       B = B+SIGN(TOL1,XM)
   1172     END IF
   1173     FB = CDFUNC(B,BARG)
   1174   END DO
   1175   ZBRENT1 = B
   1176     END FUNCTION ZBRENT1

Page 45          Source Listing                  ZBRENT1
2026-03-30 08:47 Entry Points                    ..\..\..\gate-spill-pipe.f90



ENTRY POINTS

 Address      Type  Name    
                            
       ZBRENT1              


SYMBOL CROSS REFERENCE

 Name                       Object Declared Type            Bytes Dimen Elements Attributes       References                        
                                                                                                                                    
 ABS                        Func   1109                                 scalar                    1109,1129,1137,1139,1142,1154,1155
                                                                                                  ,1168                             
 B                          Local  1095     R(8)            8           scalar                    1118,1120,1126,1130,1131,1137,1138
                                                                                                  ,1140,1150,1166,1169,1171,1173,117
                                                                                                  5                                 
 BA                         Local  1095     R(8)            8           scalar                    1117,1119,1124,1126,1130,1132,1144
                                                                                                  ,1150,1166                        
 BARG                       Dummy  1095     R(8)            8           scalar   ARG,INOUT        1098,1099,1103,1111,1114,1119,1120
                                                                                                  ,1173                             
 C                          Local  1096     R(8)            8           scalar                    1124,1131,1132,1138,1144          
 CDFUNC                     Func   1092     R(8)            8           scalar                    1098,1099,1103,1111,1114,1119,1120
                                                                                                  ,1173                             
 D                          Local  1096     R(8)            8           scalar                    1126,1127,1156,1157,1159,1160,1163
                                                                                                  ,1164,1168,1169                   
 E                          Local  1096     R(8)            8           scalar                    1127,1142,1155,1156,1160,1164     
 EPS                        Param  1093     R(4)            4           scalar                    1137                              
 F1                         Local  1095     R(8)            8           scalar                    1098,1100,1103,1104,1108,1109,1111
 F2                         Local  1095     R(8)            8           scalar                    1099,1108,1109,1114               
 FA                         Local  1095     R(8)            8           scalar                    1119,1125,1133,1135,1142,1143,1148
                                                                                                  ,1167                             
 FACTOR                     Param  1093     R(4)            4           scalar                    1110,1113                         
 FB                         Local  1095     R(8)            8           scalar                    1120,1121,1123,1129,1133,1134,1139
                                                                                                  ,1142,1143,1149,1167,1173         
 FC                         Local  1095     R(8)            8           scalar                    1121,1123,1125,1129,1134,1135,1148
                                                                                                  ,1149                             
 I                          Local  1094     I(4)            4           scalar                    1101                              
 ITER                       Local  1094     I(4)            4           scalar                    1122                              
 ITMAX                      Param  1093     R(4)            4           scalar                    1122                              
 J                          Local  1094     I(4)            4           scalar                    1107                              
 MIN                        Func   1155                                 scalar                    1155                              
 NTRY                       Param  1093     R(4)            4           scalar                    1107                              
 P                          Local  1096     R(8)            8           scalar                    1145,1150,1153,1154,1155,1157     
 PREC                       Module 1089                                                           1089                              
 Q                          Local  1096     R(8)            8           scalar                    1146,1148,1150,1151,1153,1155,1157
 R                          Local  1096     R(8)            8           scalar                    1149,1150,1151                    
 R8                         Param  1088     I(4)            4           scalar                    1088,1095,1096                    
 S                          Local  1096     R(8)            8           scalar                    1143,1145,1146,1150,1151          
 SIGN                       Func   1171                                 scalar                    1171                              
 TOL                        Dummy  1095     R(8)            8           scalar   ARG,INOUT        1137                              
 TOL1                       Local  1096     R(8)            8           scalar                    1137,1139,1142,1155,1168,1171     
 X1                         Dummy  1095     R(8)            8           scalar   ARG,INOUT        1098,1102,1103,1110,1111,1113,1117
 X2                         Dummy  1095     R(8)            8           scalar   ARG,INOUT        1099,1110,1113,1114,1118          
 XM                         Local  1096     R(8)            8           scalar                    1138,1139,1145,1150,1155,1159,1163
                                                                                                  ,1171                             

Page 46          Source Listing                  ZBRENT1
2026-03-30 08:47 Symbol Table                    ..\..\..\gate-spill-pipe.f90

 Name                       Object Declared Type            Bytes Dimen Elements Attributes       References                        
                                                                                                                                    
 ZBRENT1                    Local  1088     R(8)            8           scalar                                                      
 ZBRENT1                    Func   1088     R(8)            8           scalar                    1140,1175                         

Page 47          Source Listing                  ZBRENT1
2026-03-30 08:47                                 ..\..\..\gate-spill-pipe.f90

   1177 !**********************************************************
   1178   Module Pipe
   1179   USE PREC
   1180   REAL(R8)  :: PHI,SLOPE,DIST   !,BAREA,ZBRENT1,ZBRENT2
   1181   REAL(R8)  :: TWIDTH,VAVG,QSUM,QAVG,BAR2,DCRIT !,TYPE1,TYPE2,TYPE3,TYPE4,TYPE5,TYPE6,TYPE7,WETPER,
   1182   
   1183   REAL(R8)  :: DTQ,HIE,EPS,DCHECK,D1,D2,DTEST,TOTT,DLTX,VTOT  !,EL1,EL2
   1184   REAL(R8)  :: FLOSS,THETA      !,DEPTHCRIT
   1185 
   1186   REAL(R8) :: fall,hdn,hdif,wc,width,hdi,EC
   1187   REAL(R8) :: QT5,SF,CL,TQOUT,AQOUT   !,FLOW!   ,DEPTH    !HEAD,
   1188   REAL(R8) :: factor,CD,bao,fl,ro,bac
   1189   REAL(R8) :: X1,X2,TOL
   1190  
   1191   INTEGER, Parameter :: ntry=50,itmax=100
   1192   REAL :: cm=1.0
   1193   INTEGER :: J, NUM
   1194 End Module Pipe


SYMBOL CROSS REFERENCE

 Name                       Object Declared Type            Bytes Dimen Elements Attributes       References                        
                                                                                                                                    
 AQOUT                      Local  1187     R(8)            8           scalar                                                      
 BAC                        Local  1188     R(8)            8           scalar                                                      
 BAO                        Local  1188     R(8)            8           scalar                                                      
 BAR2                       Local  1181     R(8)            8           scalar                                                      
 CD                         Local  1188     R(8)            8           scalar                                                      
 CL                         Local  1187     R(8)            8           scalar                                                      
 CM                         Local  1192     R(4)            4           scalar                    1192                              
 D1                         Local  1183     R(8)            8           scalar                                                      
 D2                         Local  1183     R(8)            8           scalar                                                      
 DCHECK                     Local  1183     R(8)            8           scalar                                                      
 DCRIT                      Local  1181     R(8)            8           scalar                                                      
 DIST                       Local  1180     R(8)            8           scalar                                                      
 DLTX                       Local  1183     R(8)            8           scalar                                                      
 DTEST                      Local  1183     R(8)            8           scalar                                                      
 DTQ                        Local  1183     R(8)            8           scalar                                                      
 EC                         Local  1186     R(8)            8           scalar                                                      
 EPS                        Local  1183     R(8)            8           scalar                                                      
 FACTOR                     Local  1188     R(8)            8           scalar                                                      
 FALL                       Local  1186     R(8)            8           scalar                                                      
 FL                         Local  1188     R(8)            8           scalar                                                      
 FLOSS                      Local  1184     R(8)            8           scalar                                                      
 HDI                        Local  1186     R(8)            8           scalar                                                      
 HDIF                       Local  1186     R(8)            8           scalar                                                      
 HDN                        Local  1186     R(8)            8           scalar                                                      
 HIE                        Local  1183     R(8)            8           scalar                                                      
 ITMAX                      Param  1191     I(4)            4           scalar                                                      
 J                          Local  1193     I(4)            4           scalar                                                      
 NTRY                       Param  1191     I(4)            4           scalar                                                      
 NUM                        Local  1193     I(4)            4           scalar                                                      
 PHI                        Local  1180     R(8)            8           scalar                                                      
 PIPE                       Module 1178                                                                                             
 PREC                       Module 1179                                                           1179                              
 QAVG                       Local  1181     R(8)            8           scalar                                                      

Page 48          Source Listing                  ZBRENT1
2026-03-30 08:47 Symbol Table                    ..\..\..\gate-spill-pipe.f90

 Name                       Object Declared Type            Bytes Dimen Elements Attributes       References                        
                                                                                                                                    
 QSUM                       Local  1181     R(8)            8           scalar                                                      
 QT5                        Local  1187     R(8)            8           scalar                                                      
 R8                         Param  1180     I(4)            4           scalar                    1180,1181,1183,1184,1186,1187,1188
                                                                                                  ,1189                             
 RO                         Local  1188     R(8)            8           scalar                                                      
 SF                         Local  1187     R(8)            8           scalar                                                      
 SLOPE                      Local  1180     R(8)            8           scalar                                                      
 THETA                      Local  1184     R(8)            8           scalar                                                      
 TOL                        Local  1189     R(8)            8           scalar                                                      
 TOTT                       Local  1183     R(8)            8           scalar                                                      
 TQOUT                      Local  1187     R(8)            8           scalar                                                      
 TWIDTH                     Local  1181     R(8)            8           scalar                                                      
 VAVG                       Local  1181     R(8)            8           scalar                                                      
 VTOT                       Local  1183     R(8)            8           scalar                                                      
 WC                         Local  1186     R(8)            8           scalar                                                      
 WIDTH                      Local  1186     R(8)            8           scalar                                                      
 X1                         Local  1189     R(8)            8           scalar                                                      
 X2                         Local  1189     R(8)            8           scalar                                                      

Page 49          Source Listing                  ZBRENT1
2026-03-30 08:47                                 ..\..\..\gate-spill-pipe.f90

   1195 !************************************************************
   1196     SUBROUTINE SteadyStatePipeFlow(KE,EL1,EL2,QOUT,DEBUGP)
   1197     USE STRUCTURES;USE Pipe; USE GLOBAL, ONLY:G;USE SCREENC, ONLY: JDAY
   1198 !  PROGRAM:    steady-state pipe variables
   1199 !       dia   - diameter of culvert
   1200 !      clen   - length of culvert
   1201 !      fman   - Manning's friction coefficient
   1202 !      closs  - minor loss coefficient KE Entrance loss coefficients from 0 to 1:  Concrete Pipe Mitered to conform to fill 
   1202 slope 0.7 End section conformed to fill slope 0.5 [NOT READ IN]
   1203 !        cm   - Manning's unit coefficient (cm=1.486, English; cm=1.0, metric)
   1204 !        ec   - calibration parameter (1.0 default)
   1205 !
   1206 !****************************************************************************
   1207 !c     this function computes the flow of a culvert that has a steep
   1208 !c     slope and is inlet controlled and has a unsubmerged entrance decision sequence for circular culverts
   1209     IMPLICIT NONE
   1210     REAL(R8) :: EL1,EL2,QOUT,KE,HEAD,PI=3.14159,TYPE4,TYPE5,TYPE6,TYPE7
   1211     CHARACTER*8 :: AID
   1212     CHARACTER*2 :: DEBUGP
   1213 
   1214     FALL=UPIE-DNIE
   1215     DIST=CLEN
   1216     EC=KE
   1217     HDIF=ABS(EL1-EL2)
   1218     if(el1.gt.el2)then
   1219         head=el1-upie
   1220         hdn=el2-dnie
   1221         if(upie.ge.dnie)then
   1222           go to 225
   1223         else
   1224           go to 325
   1225         end if
   1226       end if
   1227 
   1228       if(el2.gt.el1)then
   1229         head=el2-dnie
   1230         hdn=el1-upie
   1231         fall=-fall
   1232         if(upie.ge.dnie)then
   1233           go to 325
   1234         else
   1235           go to 225
   1236         end if
   1237       end if
   1238 !c     if direction of flow is in the downhill slope direction
   1239 
   1240 225     if(head.ge.dia.and.hdn.ge.dia)then
   1241            QOUT=type4(HEAD)
   1242            AID='Type4a'
   1243           GO TO 499
   1244         end if
   1245         if(head.le.dia.and.hdn.lt.dia)then
   1246           if(hdn.gt.0.0)then
   1247              QOUT=type7(HEAD)
   1248              AID='Type7a'
   1249           else
   1250             hdn=0.0

Page 50          Source Listing                  STEADYSTATEPIPEFLOW
2026-03-30 08:47                                 ..\..\..\gate-spill-pipe.f90

   1251             if(el1.gt.el2)then
   1252               hdif=el1-dnie
   1253             else
   1254               hdif=el2-upie
   1255             end if
   1256             QOUT=type7(HEAD)
   1257             AID='Type7b'
   1258           end if
   1259           GO TO 499
   1260         end if
   1261 
   1262 
   1263 !c     if outlet is not submerged and inlet head is > 1.2*diameter,
   1264 !c     flow is either type 5 or type 6
   1265 
   1266         if(head.gt.dia.and.hdn.lt.dia)then
   1267           qt5=type5(HEAD)
   1268           sf=10.3*(fman*qt5)**2/(cm**2*dia**5.33)
   1269           cl= (((qt5/(3.14*dia**2/4.))**2/(2.*g))*(1.-1./ec**2)+ dia - 0.74*dia)/(fall/dist - sf)
   1270           if(cl.le.dist)then
   1271              QOUT=qt5
   1272              AID='Type5'
   1273           else
   1274              QOUT=type6(HEAD)
   1275              AID='Type6a'
   1276           end if
   1277           GO TO 499
   1278         end if
   1279 
   1280 !c     when the direction of flow is in the uphill slope direction
   1281 
   1282 325     if(head.ge.dia.and.hdn.ge.dia)then
   1283            QOUT=type4(HEAD)
   1284            AID='Type4b'
   1285         else if(head.ge.dia.and.(hdn+abs(fall)).gt.dia)then
   1286            theta=acos(abs(fall)/clen)
   1287            dist=clen-(dia-hdn)/(tan((pi/2.)-theta))
   1288             QOUT=type4(HEAD)
   1289             AID='Type4c'
   1290         else if(head.ge.dia)then
   1291             QOUT=type6(HEAD)
   1292             AID='Type6b'
   1293         else if(head.lt.dia.and.hdn.lt.0.0)then
   1294           hdn=0.0
   1295           if(el1.gt.el2)then
   1296             hdif=el1-dnie
   1297           else
   1298             hdif=el2-upie
   1299           end if
   1300            QOUT=type7(HEAD)
   1301            AID='Type7c'
   1302         else
   1303            QOUT=type7(HEAD)
   1304            AID='Type7d'
   1305         end if       
   1306         
   1307 499     CONTINUE

Page 51          Source Listing                  STEADYSTATEPIPEFLOW
2026-03-30 08:47                                 ..\..\..\gate-spill-pipe.f90

   1308         IF(DEBUGP=='ON')write(9977,'(A,A,F10.2,A,F10.4,A,F10.4,A,F10.4)')AID,', FLOW:,',QOUT,', JDAY:,',JDAY,', HEAD:,',HEAD
   1308 ,', HDIF:,',HDIF
   1309         RETURN
   1310 
   1311 END SUBROUTINE SteadyStatePipeFLow


ENTRY POINTS

 Address      Type  Name                
                                        
       STEADYSTATEPIPEFLOW              


SYMBOL CROSS REFERENCE

 Name                       Object Declared Type            Bytes Dimen Elements Attributes       References                        
                                                                                                                                    
 225                        Label  1240                                                           1222,1235                         
 325                        Label  1282                                                           1224,1233                         
 499                        Label  1307                                                           1243,1259,1277                    
 ABS                        Func   1217                                 scalar                    1217,1285,1286                    
 ACOS                       Func   1286                                 scalar                    1286                              
 AID                        Local  1211     CHAR            8           scalar                    1242,1248,1257,1272,1275,1284,1289
                                                                                                  ,1292,1301,1304,1308              
 CL                         Local  1269     R(8)            8           scalar                    1269,1270                         
 CLEN                       Local  1215     R(8)            8           scalar                    1215,1286,1287                    
 CM                         Local  1268     R(4)            4           scalar                    1268                              
 DEBUGP                     Dummy  1212     CHAR            2           scalar   ARG,INOUT        1308                              
 DIA                        Local  1240     R(8)            8           scalar                    1240,1245,1266,1268,1269,1282,1285
                                                                                                  ,1287,1290,1293                   
 DIST                       Local  1215     R(8)            8           scalar                    1215,1269,1270,1287               
 DNIE                       Local  1214     R(8)            8           scalar                    1214,1220,1221,1229,1232,1252,1296
 EC                         Local  1216     R(8)            8           scalar                    1216,1269                         
 EL1                        Dummy  1210     R(8)            8           scalar   ARG,INOUT        1217,1218,1219,1228,1230,1251,1252
                                                                                                  ,1295,1296                        
 EL2                        Dummy  1210     R(8)            8           scalar   ARG,INOUT        1217,1218,1220,1228,1229,1251,1254
                                                                                                  ,1295,1298                        
 FALL                       Local  1214     R(8)            8           scalar                    1214,1231,1269,1285,1286          
 FMAN                       Local  1268     R(8)            8           scalar                    1268                              
 G                          Local  1197     R(8)            8           scalar                    1197,1269                         
 GLOBAL                     Module 1197                                                           1197                              
 HDIF                       Local  1217     R(8)            8           scalar                    1217,1252,1254,1296,1298,1308     
 HDN                        Local  1220     R(8)            8           scalar                    1220,1230,1240,1245,1246,1250,1266
                                                                                                  ,1282,1285,1287,1293,1294         
 HEAD                       Local  1210     R(8)            8           scalar                    1219,1229,1240,1241,1245,1247,1256
                                                                                                  ,1266,1267,1274,1282,1283,1285,128
                                                                                                  8,1290,1291,1293,1300,1303,1308   
 JDAY                       Local  1197     R(8)            8           scalar                    1197,1308                         
 KE                         Dummy  1210     R(8)            8           scalar   ARG,INOUT        1216                              
 PI                         Local  1210     R(8)            8           scalar                    1210,1287                         
 PIPE                       Module 1197                                                           1197                              
 QOUT                       Dummy  1210     R(8)            8           scalar   ARG,INOUT        1241,1247,1256,1271,1274,1283,1288
                                                                                                  ,1291,1300,1303,1308              
 QT5                        Local  1267     R(8)            8           scalar                    1267,1268,1269,1271               
 R8                         Param  1210     I(4)            4           scalar                    1210                              
 SCREENC                    Module 1197                                                           1197                              

Page 52          Source Listing                  STEADYSTATEPIPEFLOW
2026-03-30 08:47 Symbol Table                    ..\..\..\gate-spill-pipe.f90

 Name                       Object Declared Type            Bytes Dimen Elements Attributes       References                        
                                                                                                                                    
 SF                         Local  1268     R(8)            8           scalar                    1268,1269                         
 STEADYSTATEPIPEFLOW        Subr   1196                                                                                             
 STRUCTURES                 Module 1197                                                           1197                              
 TAN                        Func   1287                                 scalar                    1287                              
 THETA                      Local  1286     R(8)            8           scalar                    1286,1287                         
 TYPE4                      Func   1210     R(8)            8           scalar                    1241,1283,1288                    
 TYPE5                      Func   1210     R(8)            8           scalar                    1267                              
 TYPE6                      Func   1210     R(8)            8           scalar                    1274,1291                         
 TYPE7                      Func   1210     R(8)            8           scalar                    1247,1256,1300,1303               
 UPIE                       Local  1214     R(8)            8           scalar                    1214,1219,1221,1230,1232,1254,1298

Page 53          Source Listing                  STEADYSTATEPIPEFLOW
2026-03-30 08:47                                 ..\..\..\gate-spill-pipe.f90

   1312 
   1313     REAL (R8) function type7(HEAD)                   !HEAD
   1314       USE STRUCTURES; USE PIPE; USE GLOBAL, ONLY: G
   1315       IMPLICIT NONE
   1316 !EXTERNAL BAREA
   1317       REAL(R8)::HEAD,DEPTH,BAREA
   1318       
   1319       depth=head
   1320       bac = barea(depth,dia)
   1321       type7 = ec *bac * sqrt((2.*g)*(hdif))
   1322     END FUNCTION TYPE7


ENTRY POINTS

 Address      Type  Name  
                          
       TYPE7              


SYMBOL CROSS REFERENCE

 Name                       Object Declared Type            Bytes Dimen Elements Attributes       References                        
                                                                                                                                    
 BAC                        Local  1320     R(8)            8           scalar                    1320,1321                         
 BAREA                      Func   1317     R(8)            8           scalar                    1320                              
 DEPTH                      Local  1317     R(8)            8           scalar                    1319,1320                         
 DIA                        Local  1320     R(8)            8           scalar                    1320                              
 EC                         Local  1321     R(8)            8           scalar                    1321                              
 G                          Local  1314     R(8)            8           scalar                    1314,1321                         
 GLOBAL                     Module 1314                                                           1314                              
 HDIF                       Local  1321     R(8)            8           scalar                    1321                              
 HEAD                       Dummy  1317     R(8)            8           scalar   ARG,INOUT        1319                              
 PIPE                       Module 1314                                                           1314                              
 R8                         Param  1313     I(4)            4           scalar                    1313,1317                         
 SQRT                       Func   1321                                 scalar                    1321                              
 STRUCTURES                 Module 1314                                                           1314                              
 TYPE7                      Local  1313     R(8)            8           scalar                                                      
 TYPE7                      Func   1313     R(8)            8           scalar                    1321                              

Page 54          Source Listing                  TYPE7
2026-03-30 08:47                                 ..\..\..\gate-spill-pipe.f90

   1323 
   1324 !c     this function computes the flow of a culvert that has a steep
   1325 !c     slope and is inlet controlled and has a unsubmerged entrance
   1326 
   1327     REAL (R8) function type1(HEAD)                  !HEAD
   1328       USE STRUCTURES; USE PIPE
   1329       IMPLICIT NONE
   1330       external t1func,ZBRENT2
   1331       REAL(R8)::HEAD,ZBRENT2,T1FUNC
   1332 
   1333       x1=1.e-4
   1334       x2=10.
   1335       tol=0.001
   1336       NUM=1
   1337       type1 = zbrent2(t1func,HEAD)               !zbrent2(t1func,x1,x2,tol,head,1)
   1338 
   1339     END FUNCTION TYPE1


ENTRY POINTS

 Address      Type  Name  
                          
       TYPE1              


SYMBOL CROSS REFERENCE

 Name                       Object Declared Type            Bytes Dimen Elements Attributes       References                        
                                                                                                                                    
 HEAD                       Dummy  1331     R(8)            8           scalar   ARG,INOUT        1337                              
 NUM                        Local  1336     I(4)            4           scalar                    1336                              
 PIPE                       Module 1328                                                           1328                              
 R8                         Param  1327     I(4)            4           scalar                    1327,1331                         
 STRUCTURES                 Module 1328                                                           1328                              
 T1FUNC                     Func   1330     R(8)            8           scalar                    1337                              
 TOL                        Local  1335     R(8)            8           scalar                    1335                              
 TYPE1                      Local  1327     R(8)            8           scalar                                                      
 TYPE1                      Func   1327     R(8)            8           scalar                    1337                              
 X1                         Local  1333     R(8)            8           scalar                    1333                              
 X2                         Local  1334     R(8)            8           scalar                    1334                              
 ZBRENT2                    Func   1330     R(8)            8           scalar                    1337                              

Page 55          Source Listing                  TYPE1
2026-03-30 08:47                                 ..\..\..\gate-spill-pipe.f90

   1340 
   1341 !c     when the function T1FUNC equals zero, the flow in the culvert
   1342 !c     is type1 flow
   1343 
   1344  REAL (R8) function t1func(FLOW,HEAD)                 !(flow,head)
   1345       USE STRUCTURES; USE PIPE; USE GLOBAL, ONLY: G
   1346       IMPLICIT NONE
   1347 ! EXTERNAL DEPTHCRIT,BAREA
   1348        REAL(R8)::HEAD,BAREA,DEPTHCRIT,FLOW
   1349 
   1350       cd = depthcrit(FLOW)
   1351       bac = barea(CD,DIA)
   1352       t1func = flow**2 - (ec * bac)**2 * ((2.*g)*(head-cd))
   1353 
   1354       END FUNCTION T1FUNC


ENTRY POINTS

 Address      Type  Name   
                           
       T1FUNC              


SYMBOL CROSS REFERENCE

 Name                       Object Declared Type            Bytes Dimen Elements Attributes       References                        
                                                                                                                                    
 BAC                        Local  1351     R(8)            8           scalar                    1351,1352                         
 BAREA                      Func   1348     R(8)            8           scalar                    1351                              
 CD                         Local  1350     R(8)            8           scalar                    1350,1351,1352                    
 DEPTHCRIT                  Func   1348     R(8)            8           scalar                    1350                              
 DIA                        Local  1351     R(8)            8           scalar                    1351                              
 EC                         Local  1352     R(8)            8           scalar                    1352                              
 FLOW                       Dummy  1348     R(8)            8           scalar   ARG,INOUT        1350,1352                         
 G                          Local  1345     R(8)            8           scalar                    1345,1352                         
 GLOBAL                     Module 1345                                                           1345                              
 HEAD                       Dummy  1348     R(8)            8           scalar   ARG,INOUT        1352                              
 PIPE                       Module 1345                                                           1345                              
 R8                         Param  1344     I(4)            4           scalar                    1344,1348                         
 STRUCTURES                 Module 1345                                                           1345                              
 T1FUNC                     Local  1344     R(8)            8           scalar                                                      
 T1FUNC                     Func   1344     R(8)            8           scalar                    1352                              

Page 56          Source Listing                  T1FUNC
2026-03-30 08:47                                 ..\..\..\gate-spill-pipe.f90

   1355 
   1356 !c     this function computes the flow of a culvert that has a mild
   1357 !c     slope and is outlet controlled with an unsubmerged entrance
   1358 
   1359 REAL (R8)  function type2(HEAD)                 ! HEAD
   1360       USE STRUCTURES; USE PIPE
   1361       IMPLICIT NONE
   1362       external t2func
   1363       REAL(R8)::HEAD,ZBRENT2,T2FUNC
   1364 
   1365       x1=0.1e-3
   1366       x2=0.33*dia*cm*sqrt(hdif/dist)/fman
   1367       tol=0.00001
   1368       NUM=2
   1369       type2 = zbrent2(t2func,HEAD)           !(t2func,x1,x2,tol,head,2)
   1370 
   1371       end


ENTRY POINTS

 Address      Type  Name  
                          
       TYPE2              


SYMBOL CROSS REFERENCE

 Name                       Object Declared Type            Bytes Dimen Elements Attributes       References                        
                                                                                                                                    
 CM                         Local  1366     R(4)            4           scalar                    1366                              
 DIA                        Local  1366     R(8)            8           scalar                    1366                              
 DIST                       Local  1366     R(8)            8           scalar                    1366                              
 FMAN                       Local  1366     R(8)            8           scalar                    1366                              
 HDIF                       Local  1366     R(8)            8           scalar                    1366                              
 HEAD                       Dummy  1363     R(8)            8           scalar   ARG,INOUT        1369                              
 NUM                        Local  1368     I(4)            4           scalar                    1368                              
 PIPE                       Module 1360                                                           1360                              
 R8                         Param  1359     I(4)            4           scalar                    1359,1363                         
 SQRT                       Func   1366                                 scalar                    1366                              
 STRUCTURES                 Module 1360                                                           1360                              
 T2FUNC                     Func   1362     R(8)            8           scalar                    1369                              
 TOL                        Local  1367     R(8)            8           scalar                    1367                              
 TYPE2                      Local  1359     R(8)            8           scalar                                                      
 TYPE2                      Func   1359     R(8)            8           scalar                    1369                              
 X1                         Local  1365     R(8)            8           scalar                    1365                              
 X2                         Local  1366     R(8)            8           scalar                    1366                              
 ZBRENT2                    Func   1363     R(8)            8           scalar                    1369                              

Page 57          Source Listing                  TYPE2
2026-03-30 08:47                                 ..\..\..\gate-spill-pipe.f90

   1372 
   1373 !c     when the function T2FUNC equals zero, the flow in the culvert
   1374 !c     is type2 flow
   1375 
   1376 REAL (R8)  function t2func(FLOW,HEAD)               ! (FLOW,HEAD)
   1377       USE STRUCTURES; USE PIPE; USE GLOBAL, ONLY: G
   1378       IMPLICIT NONE
   1379 ! EXTERNAL DEPTHCRIT,BAREA,WETPER
   1380       REAL(R8)::DEPTHCRIT,BAREA,DEPTH,WETPER,HEAD,FLOW
   1381       
   1382       cd = depthcrit(flow)
   1383       DEPTH=CD
   1384       bac = barea(cd,dia)
   1385       depth=depthcrit(FLOW)
   1386       floss = (flow * fman)**2 * wetper(DEPTH,DIA)**(4./3.) * dist/(cm**2 * barea(DEPTH,DIA)**(10./3.))
   1387       if(fl.gt.hdif)fl=hdif
   1388 !c      fl =fall
   1389       t2func = flow**2. - (ec * bac)**2. * ((2.*g)*(head+fall-fl-cd))
   1390 
   1391       end


ENTRY POINTS

 Address      Type  Name   
                           
       T2FUNC              


SYMBOL CROSS REFERENCE

 Name                       Object Declared Type            Bytes Dimen Elements Attributes       References                        
                                                                                                                                    
 BAC                        Local  1384     R(8)            8           scalar                    1384,1389                         
 BAREA                      Func   1380     R(8)            8           scalar                    1384,1386                         
 CD                         Local  1382     R(8)            8           scalar                    1382,1383,1384,1389               
 CM                         Local  1386     R(4)            4           scalar                    1386                              
 DEPTH                      Local  1380     R(8)            8           scalar                    1383,1385,1386                    
 DEPTHCRIT                  Func   1380     R(8)            8           scalar                    1382,1385                         
 DIA                        Local  1384     R(8)            8           scalar                    1384,1386                         
 DIST                       Local  1386     R(8)            8           scalar                    1386                              
 EC                         Local  1389     R(8)            8           scalar                    1389                              
 FALL                       Local  1389     R(8)            8           scalar                    1389                              
 FL                         Local  1387     R(8)            8           scalar                    1387,1389                         
 FLOSS                      Local  1386     R(8)            8           scalar                    1386                              
 FLOW                       Dummy  1380     R(8)            8           scalar   ARG,INOUT        1382,1385,1386,1389               
 FMAN                       Local  1386     R(8)            8           scalar                    1386                              
 G                          Local  1377     R(8)            8           scalar                    1377,1389                         
 GLOBAL                     Module 1377                                                           1377                              
 HDIF                       Local  1387     R(8)            8           scalar                    1387                              
 HEAD                       Dummy  1380     R(8)            8           scalar   ARG,INOUT        1389                              
 PIPE                       Module 1377                                                           1377                              
 R8                         Param  1376     I(4)            4           scalar                    1376,1380                         
 STRUCTURES                 Module 1377                                                           1377                              
 T2FUNC                     Local  1376     R(8)            8           scalar                                                      
 T2FUNC                     Func   1376     R(8)            8           scalar                    1389                              
 WETPER                     Func   1380     R(8)            8           scalar                    1386                              

Page 58          Source Listing                  T2FUNC
2026-03-30 08:47                                 ..\..\..\gate-spill-pipe.f90

   1392 
   1393 !c     this function computes the flow of a culvert that has a mild
   1394 !c     slope and is outlet controlled with an unsubmerged entrance
   1395 !c     and whose tailwater height is greater than the critical depth
   1396 
   1397 REAL (R8)  function type3(HEAD)    !(HEAD)         !HEAD
   1398       USE STRUCTURES; USE PIPE
   1399       IMPLICIT NONE
   1400       external t3func
   1401       REAL(R8)::HEAD,ZBRENT2,T3FUNC
   1402 
   1403       x1=0.1e-3
   1404       x2=0.33*dia*cm*sqrt(hdif/dist)/fman
   1405       tol=0.00001
   1406 
   1407       NUM=3
   1408 !XX=t3func(FLOW,HEAD)
   1409 !TYPE3=ZBRENT2(XX,HEAD)
   1410       type3 = zbrent2(t3func,HEAD)             !,x1,x2,tol,head,3)
   1411 
   1412       end


ENTRY POINTS

 Address      Type  Name  
                          
       TYPE3              

Page 59          Source Listing                  TYPE3
2026-03-30 08:47 Symbol Table                    ..\..\..\gate-spill-pipe.f90



SYMBOL CROSS REFERENCE

 Name                       Object Declared Type            Bytes Dimen Elements Attributes       References                        
                                                                                                                                    
 CM                         Local  1404     R(4)            4           scalar                    1404                              
 DIA                        Local  1404     R(8)            8           scalar                    1404                              
 DIST                       Local  1404     R(8)            8           scalar                    1404                              
 FMAN                       Local  1404     R(8)            8           scalar                    1404                              
 HDIF                       Local  1404     R(8)            8           scalar                    1404                              
 HEAD                       Dummy  1401     R(8)            8           scalar   ARG,INOUT        1410                              
 NUM                        Local  1407     I(4)            4           scalar                    1407                              
 PIPE                       Module 1398                                                           1398                              
 R8                         Param  1397     I(4)            4           scalar                    1397,1401                         
 SQRT                       Func   1404                                 scalar                    1404                              
 STRUCTURES                 Module 1398                                                           1398                              
 T3FUNC                     Func   1400     R(8)            8           scalar                    1410                              
 TOL                        Local  1405     R(8)            8           scalar                    1405                              
 TYPE3                      Local  1397     R(8)            8           scalar                                                      
 TYPE3                      Func   1397     R(8)            8           scalar                    1410                              
 X1                         Local  1403     R(8)            8           scalar                    1403                              
 X2                         Local  1404     R(8)            8           scalar                    1404                              
 ZBRENT2                    Func   1401     R(8)            8           scalar                    1410                              

Page 60          Source Listing                  TYPE3
2026-03-30 08:47                                 ..\..\..\gate-spill-pipe.f90

   1413 
   1414 !c     when the function T3FUNC equals zero, the flow in the culvert
   1415 !c     is type 3 flow
   1416 
   1417 REAL (R8) function t3func(FLOW,HEAD)   !(FLOW,HEAD)
   1418       USE STRUCTURES; USE PIPE; USE GLOBAL, ONLY: G
   1419       IMPLICIT NONE
   1420       REAL (R8) :: BA3,WP,BAREA,WETPER,DEPTH,FLOW,HEAD
   1421  
   1422       ba3 = barea(hdn,dia)
   1423       depth=hdn
   1424       WP=wetper(DEPTH,DIA)
   1425 
   1426       floss = (flow * fman)**2 * WP**(4./3.) * dist/(cm**2 * BA3**(10./3.))
   1427 
   1428       if(fl.gt.hdif)fl=hdif
   1429 !      fl=fall
   1430       t3func = flow**2 - (ec * ba3)**2 * ((2.*g)*(head+fall-fl-hdn))
   1431       end


ENTRY POINTS

 Address      Type  Name   
                           
       T3FUNC              


SYMBOL CROSS REFERENCE

 Name                       Object Declared Type            Bytes Dimen Elements Attributes       References                        
                                                                                                                                    
 BA3                        Local  1420     R(8)            8           scalar                    1422,1426,1430                    
 BAREA                      Func   1420     R(8)            8           scalar                    1422                              
 CM                         Local  1426     R(4)            4           scalar                    1426                              
 DEPTH                      Local  1420     R(8)            8           scalar                    1423,1424                         
 DIA                        Local  1422     R(8)            8           scalar                    1422,1424                         
 DIST                       Local  1426     R(8)            8           scalar                    1426                              
 EC                         Local  1430     R(8)            8           scalar                    1430                              
 FALL                       Local  1430     R(8)            8           scalar                    1430                              
 FL                         Local  1428     R(8)            8           scalar                    1428,1430                         
 FLOSS                      Local  1426     R(8)            8           scalar                    1426                              
 FLOW                       Dummy  1420     R(8)            8           scalar   ARG,INOUT        1426,1430                         
 FMAN                       Local  1426     R(8)            8           scalar                    1426                              
 G                          Local  1418     R(8)            8           scalar                    1418,1430                         
 GLOBAL                     Module 1418                                                           1418                              
 HDIF                       Local  1428     R(8)            8           scalar                    1428                              
 HDN                        Local  1422     R(8)            8           scalar                    1422,1423,1430                    
 HEAD                       Dummy  1420     R(8)            8           scalar   ARG,INOUT        1430                              
 PIPE                       Module 1418                                                           1418                              
 R8                         Param  1417     I(4)            4           scalar                    1417,1420                         
 STRUCTURES                 Module 1418                                                           1418                              
 T3FUNC                     Local  1417     R(8)            8           scalar                                                      
 T3FUNC                     Func   1417     R(8)            8           scalar                    1430                              
 WETPER                     Func   1420     R(8)            8           scalar                    1424                              
 WP                         Local  1420     R(8)            8           scalar                    1424,1426                         

Page 61          Source Listing                  T3FUNC
2026-03-30 08:47                                 ..\..\..\gate-spill-pipe.f90

   1432 
   1433 !     this function computes the flow of a culvert that has a
   1434 !     submerged entrance and whose tailwater height is greater than
   1435 !     its diameter
   1436 
   1437 REAL (R8) function type4(HEAD)    !(HEAD)
   1438       USE STRUCTURES; USE PIPE;USE GLOBAL, ONLY: G, PI
   1439       IMPLICIT NONE      
   1440       REAL(R8) :: HEAD
   1441       bao = pi*dia**2/4.
   1442       ro = bao/(pi*dia)
   1443       fl = (2.*g*dist*fman**2)/(cm**2*ro**(4./3.))
   1444       
   1445 !     type4=ec * bao * sqrt(2*g*(head+fall-hdn)/(1.+closs+fl))
   1446       type4=ec * bao * sqrt(2*g*hdif/(1.+closs+fl))
   1447 
   1448       end


ENTRY POINTS

 Address      Type  Name  
                          
       TYPE4              


SYMBOL CROSS REFERENCE

 Name                       Object Declared Type            Bytes Dimen Elements Attributes       References                        
                                                                                                                                    
 BAO                        Local  1441     R(8)            8           scalar                    1441,1442,1446                    
 CLOSS                      Local  1446     R(8)            8           scalar                    1446                              
 CM                         Local  1443     R(4)            4           scalar                    1443                              
 DIA                        Local  1441     R(8)            8           scalar                    1441,1442                         
 DIST                       Local  1443     R(8)            8           scalar                    1443                              
 EC                         Local  1446     R(8)            8           scalar                    1446                              
 FL                         Local  1443     R(8)            8           scalar                    1443,1446                         
 FMAN                       Local  1443     R(8)            8           scalar                    1443                              
 G                          Local  1438     R(8)            8           scalar                    1438,1443,1446                    
 GLOBAL                     Module 1438                                                           1438                              
 HDIF                       Local  1446     R(8)            8           scalar                    1446                              
 HEAD                       Dummy  1440     R(8)            8           scalar   ARG,INOUT                                          
 PI                         Local  1438     R(8)            8           scalar                    1438,1441,1442                    
 PIPE                       Module 1438                                                           1438                              
 R8                         Param  1437     I(4)            4           scalar                    1437,1440                         
 RO                         Local  1442     R(8)            8           scalar                    1442,1443                         
 SQRT                       Func   1446                                 scalar                    1446                              
 STRUCTURES                 Module 1438                                                           1438                              
 TYPE4                      Local  1437     R(8)            8           scalar                                                      
 TYPE4                      Func   1437     R(8)            8           scalar                    1446                              

Page 62          Source Listing                  TYPE4
2026-03-30 08:47                                 ..\..\..\gate-spill-pipe.f90

   1449 
   1450 !    this function computes the flow of a culvert that flows full and
   1451 !    has a submerged entrance and a tailwater height which is less
   1452 !    than its diameter
   1453 
   1454 REAL (R8) function type5(HEAD)    !(HEAD)
   1455       USE STRUCTURES; USE PIPE; USE GLOBAL
   1456       IMPLICIT NONE
   1457       REAL(R8)::HEAD
   1458       
   1459       bao = pi*dia**2/4.
   1460       ro = bao/(pi*dia)
   1461       fl = (2.*g*dist*fman**2)/(cm**2*ro**(4./3.))
   1462       type5=ec * bao * sqrt(2*g*(head+fall-dia)/(1.+closs+fl))
   1463 
   1464       end


ENTRY POINTS

 Address      Type  Name  
                          
       TYPE5              


SYMBOL CROSS REFERENCE

 Name                       Object Declared Type            Bytes Dimen Elements Attributes       References                        
                                                                                                                                    
 BAO                        Local  1459     R(8)            8           scalar                    1459,1460,1462                    
 CLOSS                      Local  1462     R(8)            8           scalar                    1462                              
 CM                         Local  1461     R(4)            4           scalar                    1461                              
 DIA                        Local  1459     R(8)            8           scalar                    1459,1460,1462                    
 DIST                       Local  1461     R(8)            8           scalar                    1461                              
 EC                         Local  1462     R(8)            8           scalar                    1462                              
 FALL                       Local  1462     R(8)            8           scalar                    1462                              
 FL                         Local  1461     R(8)            8           scalar                    1461,1462                         
 FMAN                       Local  1461     R(8)            8           scalar                    1461                              
 G                          Local  1461     R(8)            8           scalar                    1461,1462                         
 GLOBAL                     Module 1455                                                           1455                              
 HEAD                       Dummy  1457     R(8)            8           scalar   ARG,INOUT        1462                              
 PI                         Local  1459     R(8)            8           scalar                    1459,1460                         
 PIPE                       Module 1455                                                           1455                              
 R8                         Param  1454     I(4)            4           scalar                    1454,1457                         
 RO                         Local  1460     R(8)            8           scalar                    1460,1461                         
 SQRT                       Func   1462                                 scalar                    1462                              
 STRUCTURES                 Module 1455                                                           1455                              
 TYPE5                      Local  1454     R(8)            8           scalar                                                      
 TYPE5                      Func   1454     R(8)            8           scalar                    1462                              

Page 63          Source Listing                  TYPE5
2026-03-30 08:47                                 ..\..\..\gate-spill-pipe.f90

   1465 
   1466 !c     this function computes the flow of a culvert that flows part full and
   1467 !c     has a submerged entrance and a tailwater height which is less
   1468 !c     than its diameter
   1469 
   1470 REAL (R8) function type6(HEAD)                 !HEAD
   1471       USE STRUCTURES; USE PIPE;USE GLOBAL, ONLY: G,PI
   1472       IMPLICIT NONE
   1473       REAL(R8)::HEAD
   1474       
   1475 !bao = pi*dia**2/4.
   1476       type6 = (pi*(dia**2)/4.)*ec*sqrt(2.*g*head)
   1477 
   1478     end


ENTRY POINTS

 Address      Type  Name  
                          
       TYPE6              


SYMBOL CROSS REFERENCE

 Name                       Object Declared Type            Bytes Dimen Elements Attributes       References                        
                                                                                                                                    
 DIA                        Local  1476     R(8)            8           scalar                    1476                              
 EC                         Local  1476     R(8)            8           scalar                    1476                              
 G                          Local  1471     R(8)            8           scalar                    1471,1476                         
 GLOBAL                     Module 1471                                                           1471                              
 HEAD                       Dummy  1473     R(8)            8           scalar   ARG,INOUT        1476                              
 PI                         Local  1471     R(8)            8           scalar                    1471,1476                         
 PIPE                       Module 1471                                                           1471                              
 R8                         Param  1470     I(4)            4           scalar                    1470,1473                         
 SQRT                       Func   1476                                 scalar                    1476                              
 STRUCTURES                 Module 1471                                                           1471                              
 TYPE6                      Local  1470     R(8)            8           scalar                                                      
 TYPE6                      Func   1470     R(8)            8           scalar                    1476                              

Page 64          Source Listing                  TYPE6
2026-03-30 08:47                                 ..\..\..\gate-spill-pipe.f90

   1479     
   1480 ! this function calculates the friction head loss in the culvert
   1481 
   1482 !REAL (R8) function floss()
   1483 !USE STRUCTURES; USE PIPE;IMPLICIT NONE
   1484 !
   1485 !if(num.eq.3)depth=hdn
   1486 !if(num.eq.2)depth=depthcrit(FLOW)
   1487 !
   1488 !floss = (flow * fman)**2 * wetper(DEPTH,DIA)**(4./3.) * dist/(cm**2 * barea(DEPTH,DIA)**(10./3.))
   1489 !
   1490 !end
   1491 ! ZBRENT2
   1492 REAL (R8) function zbrent2(func,BARG)     !(func,x1,x2,tol,barg,num)
   1493       USE STRUCTURES;USE Pipe;USE GLOBAL, ONLY:W2ERR; USE MAIN, ONLY: ERROR_OPEN  
   1494       IMPLICIT NONE
   1495       REAL(R8) :: F1,F2,FUNC,BA,B,FA,FB,FC,C,D,E,TOL1,XM,S,P,Q,R,BARG
   1496       INTEGER :: I,ITER
   1497 
   1498       external func
   1499       eps=3.e-8
   1500 
   1501 !c     root bracketing algorithm used to ensure x1 and x2  bracket the root
   1502 
   1503       factor = 2.00
   1504 
   1505       if(x1.eq.x2)THEN
   1506           WRITE(W2ERR,*) 'PIPE STEADY STATE ZBRENT2: X1=X2 you have to guess an initial range'
   1507           ERROR_OPEN=.TRUE. 
   1508       ENDIF
   1509       
   1510       f1 = func(x1,barg)
   1511       f2 = func(x2,barg)
   1512 
   1513 !c     setting lower bracket
   1514 
   1515       if(num.le.5.and.f1.gt.0.)then
   1516         do 25 i=1,100
   1517           x1=x1/10.
   1518           f1 = func(x1,barg)
   1519            if(f1.lt.0.)go to 69
   1520 25        continue
   1521           WRITE(W2ERR,*) 'PIPE STEADY STATE: ZBRENT2: could not make t#func(x1) less than zero'
   1522           ERROR_OPEN=.TRUE. 
   1523       end if
   1524 69        continue
   1525 
   1526 !c     setting upper bracket
   1527 
   1528       if(num.gt.4)factor=2.
   1529       if(num.le.5.and.f2.lt.0.)then
   1530         do 45 i=1,100
   1531           x2=x2*factor
   1532           f2 = func(x2,barg)
   1533            if(f2.gt.0.)go to 89
   1534 45        continue
   1535           WRITE(W2ERR,*) 'PIPE STEADY STATE: ZBRENT2:could not make typef(x2) greater than zero'

Page 65          Source Listing                  ZBRENT2
2026-03-30 08:47                                 ..\..\..\gate-spill-pipe.f90

   1536           ERROR_OPEN=.TRUE. 
   1537       end if
   1538 89        continue
   1539 
   1540 !c     Brent's root finding algorithm
   1541 
   1542       ba=x1
   1543       b=x2
   1544       fa = func(ba,barg)
   1545       fb = func(b,barg)
   1546 
   1547       if(fb*fa.gt.0.)THEN
   1548           WRITE(W2ERR,*) 'PIPE STEADY STATE: ZBRENT2: root must be bracketed for zbrent2'
   1549           ERROR_OPEN=.TRUE. 
   1550       ENDIF
   1551       
   1552       fc=fb
   1553       do 11 iter=1,itmax
   1554         if(fb*fc.gt.0.)then
   1555           c=ba
   1556           fc=fa
   1557           d=b-ba
   1558           e=d
   1559         end if
   1560         if(abs(fc).lt.abs(fb))then
   1561           ba=b
   1562           b=c
   1563           c=ba
   1564           fa=fb
   1565           fb=fc
   1566           fc=fa
   1567         end if
   1568 !c     convergence check
   1569         tol1=2.*eps*abs(b)+0.5*tol
   1570         xm=.5*(c-b)
   1571         if(abs(xm).le.tol1.or.fb.eq.0.)then
   1572          zbrent2=b
   1573          go to 22
   1574         end if
   1575         if(abs(e).ge.tol1.and.abs(fa).gt.abs(fb))then
   1576           s=fb/fa
   1577           if(ba.eq.c)then
   1578             p=2.*xm*s
   1579             q=1.-s
   1580           else
   1581             q=fa/fc
   1582             r=fb/fc
   1583             p=s*(2.*xm*q*(q-r)-(b-ba)*(r-1.))
   1584             q=(q-1.)*(r-1.)*(s-1.)
   1585           end if
   1586           if(p.gt.0.)q=-q
   1587           p=abs(p)
   1588           if(2.*p.lt.min(3.*xm*q-abs(tol1*q),abs(e*q)))then
   1589             e=d
   1590             d=p/q
   1591           else
   1592             d=xm

Page 66          Source Listing                  ZBRENT2
2026-03-30 08:47                                 ..\..\..\gate-spill-pipe.f90

   1593             e=d
   1594           end if
   1595         else
   1596           d=xm
   1597           e=d
   1598         end if
   1599         ba=b
   1600         fa=fb
   1601         if(abs(d).gt.tol1)then
   1602           b=b+d
   1603         else
   1604           b=b+sign(tol1,xm)
   1605         end if
   1606         fb= func(b,barg)
   1607 11    continue
   1608       WRITE(W2ERR,*) 'PIPE STEADY STATE: zbrent2 exceeding maximum number of iterations'
   1609       ERROR_OPEN=.TRUE. 
   1610       zbrent2=b
   1611 22    continue
   1612 
   1613       end


ENTRY POINTS

 Address      Type  Name    
                            
       ZBRENT2              

Page 67          Source Listing                  ZBRENT2
2026-03-30 08:47 Symbol Table                    ..\..\..\gate-spill-pipe.f90



SYMBOL CROSS REFERENCE

 Name                       Object Declared Type            Bytes Dimen Elements Attributes       References                        
                                                                                                                                    
 11                         Label  1607                                                           1553                              
 22                         Label  1611                                                           1573                              
 25                         Label  1520                                                           1516                              
 45                         Label  1534                                                           1530                              
 69                         Label  1524                                                           1519                              
 89                         Label  1538                                                           1533                              
 ABS                        Func   1560                                 scalar                    1560,1569,1571,1575,1587,1588,1601
 B                          Local  1495     R(8)            8           scalar                    1543,1545,1557,1561,1562,1569,1570
                                                                                                  ,1572,1583,1599,1602,1604,1606,161
                                                                                                  0                                 
 BA                         Local  1495     R(8)            8           scalar                    1542,1544,1555,1557,1561,1563,1577
                                                                                                  ,1583,1599                        
 BARG                       Dummy  1495     R(8)            8           scalar   ARG,INOUT        1510,1511,1518,1532,1544,1545,1606
 C                          Local  1495     R(8)            8           scalar                    1555,1562,1563,1570,1577          
 D                          Local  1495     R(8)            8           scalar                    1557,1558,1589,1590,1592,1593,1596
                                                                                                  ,1597,1601,1602                   
 E                          Local  1495     R(8)            8           scalar                    1558,1575,1588,1589,1593,1597     
 EPS                        Local  1499     R(8)            8           scalar                    1499,1569                         
 ERROR_OPEN                 Local  1493     L(4)            4           scalar                    1493,1507,1522,1536,1549,1609     
 F1                         Local  1495     R(8)            8           scalar                    1510,1515,1518,1519               
 F2                         Local  1495     R(8)            8           scalar                    1511,1529,1532,1533               
 FA                         Local  1495     R(8)            8           scalar                    1544,1547,1556,1564,1566,1575,1576
                                                                                                  ,1581,1600                        
 FACTOR                     Local  1503     R(8)            8           scalar                    1503,1528,1531                    
 FB                         Local  1495     R(8)            8           scalar                    1545,1547,1552,1554,1560,1564,1565
                                                                                                  ,1571,1575,1576,1582,1600,1606    
 FC                         Local  1495     R(8)            8           scalar                    1552,1554,1556,1560,1565,1566,1581
                                                                                                  ,1582                             
 FUNC                       Func   1495     R(8)            8           scalar   ARG,INOUT        1510,1511,1518,1532,1544,1545,1606
 GLOBAL                     Module 1493                                                           1493                              
 I                          Local  1496     I(4)            4           scalar                    1516,1530                         
 ITER                       Local  1496     I(4)            4           scalar                    1553                              
 ITMAX                      Param  1553     I(4)            4           scalar                    1553                              
 MAIN                       Module 1493                                                           1493                              
 MIN                        Func   1588                                 scalar                    1588                              
 NUM                        Local  1515     I(4)            4           scalar                    1515,1528,1529                    
 P                          Local  1495     R(8)            8           scalar                    1578,1583,1586,1587,1588,1590     
 PIPE                       Module 1493                                                           1493                              
 Q                          Local  1495     R(8)            8           scalar                    1579,1581,1583,1584,1586,1588,1590
 R                          Local  1495     R(8)            8           scalar                    1582,1583,1584                    
 R8                         Param  1492     I(4)            4           scalar                    1492,1495                         
 S                          Local  1495     R(8)            8           scalar                    1576,1578,1579,1583,1584          
 SIGN                       Func   1604                                 scalar                    1604                              
 STRUCTURES                 Module 1493                                                           1493                              
 TOL                        Local  1569     R(8)            8           scalar                    1569                              
 TOL1                       Local  1495     R(8)            8           scalar                    1569,1571,1575,1588,1601,1604     
 W2ERR                      Local  1493     I(4)            4           scalar                    1493,1506,1521,1535,1548,1608     
 X1                         Local  1505     R(8)            8           scalar                    1505,1510,1517,1518,1542          
 X2                         Local  1505     R(8)            8           scalar                    1505,1511,1531,1532,1543          
 XM                         Local  1495     R(8)            8           scalar                    1570,1571,1578,1583,1588,1592,1596
                                                                                                  ,1604                             

Page 68          Source Listing                  ZBRENT2
2026-03-30 08:47 Symbol Table                    ..\..\..\gate-spill-pipe.f90

 Name                       Object Declared Type            Bytes Dimen Elements Attributes       References                        
                                                                                                                                    
 ZBRENT2                    Local  1492     R(8)            8           scalar                                                      
 ZBRENT2                    Func   1492     R(8)            8           scalar                    1572,1610                         

Page 69          Source Listing                  ZBRENT2
2026-03-30 08:47 Subprograms/Common Blocks       ..\..\..\gate-spill-pipe.f90



SUBPROGRAMS/COMMON BLOCKS

 Name                       Object Declared Type            Bytes Dimen Elements Attributes       References                        
                                                                                                                                    
 BAREA                      Func   1011     R(8)            8           scalar                    1018,1020                         
 CDFUNC                     Func   1076     R(8)            8           scalar                    1081                              
 DEPTHCRIT                  Func   1061     R(8)            8           scalar                    1069                              
 GATE_FLOW                  Subr   7                                                                                                
 GRID_AREA1                 Subr   820                                                                                              
 GRID_AREA2                 Subr   884                                                                                              
 LUBKSB                     Subr   975                                                                                              
 LUDCMP                     Subr   911                                                                                              
 OPEN_CHANNEL_INITIALIZE    Subr   487                                                                                              
 PIPE                       Module 1178                                                                                             
 PIPE_FLOW_INITIALIZE       Subr   169                                                                                              
 PIPE_STEADY                Subr   789                                                                                              
 SPILLWAY_FLOW              Subr   112                                                                                              
 STEADYSTATEPIPEFLOW        Subr   1196                                                                                             
 T1FUNC                     Func   1344     R(8)            8           scalar                    1352                              
 T2FUNC                     Func   1376     R(8)            8           scalar                    1389                              
 T3FUNC                     Func   1417     R(8)            8           scalar                    1430                              
 TWIDTH                     Func   1028     R(8)            8           scalar                    1034,1036                         
 TYPE1                      Func   1327     R(8)            8           scalar                    1337                              
 TYPE2                      Func   1359     R(8)            8           scalar                    1369                              
 TYPE3                      Func   1397     R(8)            8           scalar                    1410                              
 TYPE4                      Func   1437     R(8)            8           scalar                    1446                              
 TYPE5                      Func   1454     R(8)            8           scalar                    1462                              
 TYPE6                      Func   1470     R(8)            8           scalar                    1476                              
 TYPE7                      Func   1313     R(8)            8           scalar                    1321                              
 WETPER                     Func   1044     R(8)            8           scalar                    1051,1053                         
 ZBRENT1                    Func   1088     R(8)            8           scalar                    1140,1175                         
 ZBRENT2                    Func   1492     R(8)            8           scalar                    1572,1610                         

COMPILER OPTIONS BEING USED

  /noOa                                 /Qansi-alias
  /align:noall                          /align:nonone
  /align:nocommons                      /align:nodcommons
  /align:noqcommons                     /align:nozcommons
  /align:records                        /align:nosequence
  /align:norec1byte                     /align:norec2byte
  /align:norec4byte                     /align:norec8byte
  /align:norec16byte                    /align:norec32byte
  /align:norec64byte                    /align:noarray8byte
  /align:noarray16byte                  /align:noarray32byte
  /align:noarray64byte                  /align:noarray128byte
  /align:noarray256byte                 /altparam
  /assume:accuracy_sensitive            /assume:noaligned_dummy_args
  /assume:nobscc                        /assume:nobuffered_io
  /assume:nobuffered_stdout             /assume:nobyterecl
  /assume:nocontiguous_assumed_shape    /assume:nocontiguous_pointer
  /assume:nocc_omp                      /assume:nocstring
  /assume:nodummy_aliases               /assume:nofailed_images
  /assume:nofpe_summary                 /assume:noieee_compares
  /assume:noieee_fpe_flags              /assume:noieee_mode_restore

Page 70          Source Listing                  ZBRENT2
2026-03-30 08:47                                 ..\..\..\gate-spill-pipe.f90

  /assume:nominus0                      /assume:noold_boz
  /assume:old_complex_align             /assume:old_e0g0_format
  /assume:old_unit_star                 /assume:old_inquire_recl
  /assume:old_ldout_format              /assume:old_ldout_zero
  /assume:noold_logical_assign          /assume:noold_logical_ldio
  /assume:old_maxminloc                 /assume:old_xor
  /assume:noprotect_allocates           /assume:protect_constants
  /assume:noprotect_parens              /assume:realloc_lhs
  /assume:norecursion                   /assume:source_include
  /assume:nostd_expon_output            /assume:nostd_intent_in
  /assume:std_minus0_rounding           /assume:nostd_mod_proc_name
  /assume:std_value                     /assume:nounderscore
  /assume:no2underscores                /noauto
  /auto_scalar                          /nobintext
  /ccdefault:default                    /check:noall
  /check:nonone                         /check:noarg_temp_created
  /check:noassume                       /check:nobounds
  /check:nocontiguous                   /check:noformat
  /check:nooutput_conversion            /check:nooverflow
  /check:nopointers                     /check:noshape
  /check:nostack                        /check:noteams
  /check:nouninitialized                /check:noudio_iostat
  /Qcoarray-num-procs:0                 /noQcoarray-config-file
  /convert:native                       /cross_reference
  /D:__INTEL_LLVM_COMPILER=20250000     /D:__INTEL_LLVM_COMPILER_UPDATE=0
  /D:_WIN32                             /D:_M_AMD64=100
  /D:_M_X64=100                         /D:_WIN64=1
  /D:_MSC_VER=1500                      /D:_MSC_FULL_VER=150011209
  /D:_MSC_EXTENSIONS                    /D:_MT
  /D:__INTEL_COMPILER_BUILD_DATE=20241008  /D:__MMX__
  /D:__SSE__                            /D:__SSE_MATH__
  /D:__SSE2__                           /D:__SSE2_MATH__
  /D:__pentium4                         /D:__pentium4__
  /D:__tune_pentium4__                  /D:__INTEL_COMPILER=20250000
  /D:__INTEL_COMPILER_UPDATE=0          /double_size:64
  /nod_lines                            /noQdyncom
  /emit-obj                             /error_limit:30
  /nof66                                /nof77rtl
  /faltmathlib=:SVML                    /nofast
  /nofwrapv                             /fpscomp:nofilesfromcmd
  /fpscomp:nogeneral                    /fpscomp:noioformat
  /fpscomp:noldio_spacing               /fpscomp:nolibs
  /fpscomp:nologicals                   /fveclib=:SVML
  /floopopt-pipeline=:light             /nofpconstant
  /fpe3                                 /ftz
  /fp_model:noprecise                   /fp_model:fast
  /fp_model:nostrict                    /fp_model:nosource
  /fp_model:nodouble                    /fp_model:noextended
  /fp_model:novery_fast                 /fp_model:noexcept
  /fp_model:nono_except                 /heap_arrays:0
  /nothreadprivate_compat               /free
  /fintel-libirc-allowed                /mframe-pointer:noall
  /mframe-pointer:nonon-leaf            /mframe-pointer:none
  /debug0                               /nogcodeview
  /iface:noc                            /iface:nocref
  /iface:nocvf                          /iface:default
  /iface:nostdcall                      /iface:nostdref

Page 71          Source Listing                  ZBRENT2
2026-03-30 08:47                                 ..\..\..\gate-spill-pipe.f90

  /iface:nomixed_str_len_arg            /iface:nono_mixed_str_len_arg
  /Qinit:noarrays                       /Qinit:nohuge
  /Qinit:noinfinity                     /Qinit:nominus_huge
  /Qinit:nominus_infinity               /Qinit:nominus_tiny
  /Qinit:nonan                          /Qinit:nosnan
  /Qinit:notiny                         /Qinit:nozero
  /nointconstant                        /integer_size:32
  /libdir:automatic                     /libdir:user
  /nomodule                             /names:
  /nonoinclude                          /object:gate-spill-pipe.obj
  /-dependent-lib:libcmt                /-dependent-lib:ifconsol.lib
  /-dependent-lib:libifcoremt.lib       /-dependent-lib:libifport.lib
  /-dependent-lib:libircmt              /-dependent-lib:libmmt
  /-dependent-lib:oldnames              /-dependent-lib:svml_dispmt
  /Qoffload-build:host                  /Qopenmp-do-concurrent-maptype-modifier:noalways
  /Qopenmp-do-concurrent-maptype-modifier:nopresent  /Qopenmp-do-concurrent-maptype-modifier:none
  /Qopenmp-simd                         /O2
  /nopad_source                         /pic-level:2
  /real_size:32                         /norecursive
  /reentrancy:threaded                  /Qvec:simd
  /show:fullpath                        /show:noinclude
  /show:map                             /show:options
  /nosyntax_only                        /target-cpu:x86-64
  /nothreadcom                          /triple:x86_64-pc-windows-msvc
  /noU                                  /novms
  /warn:noall                           /warn:nonone
  /warn:alignments                      /warn:nodeclarations
  /warn:noexternals                     /warn:general
  /warn:noignore_bounds                 /warn:noignore_loc
  /warn:nointerfaces                    /warn:noshape
  /warn:notruncated_source              /warn:uncalled
  /warn:uninitialized                   /warn:nounused
  /warn:usage                           /nowrap-margins

  /include   path : C:\PROGRA~2\Intel\oneAPI\compiler\2025.0\include\,.FOR,..\..\..\.FOR,.\.FOR,C:\PROGRA~2\Intel\oneAPI\compiler\2025.0\opt\compiler\include\intel64\.FOR,
           C:\PROGRA~2\Intel\oneAPI\compiler\2025.0\include\.FOR,C:\PROGRA~2\Intel\oneAPI\compiler\2025.0\opt\compiler\include\.FOR,
           C:\PROGRA~2\Intel\oneAPI\compiler\2025.0\lib\clang\19\include\.FOR
  /list      filename : gate-spill-pipe.lst
  /object:gate-spill-pipe.obj
  /Fd        filename : none

COMPILER: Intel(R) Fortran 25.0-1205
