Page 1           Source Listing                  OUTPUTA
2026-03-30 08:48                                 C:\Users\NING\AppData\Local\Temp\341801574.i90

      1 # 1 "..\..\..\outputa2w2tools.F90"
      2 SUBROUTINE OUTPUTA  
      3     
      4   USE MAIN  
      5   USE GLOBAL;     USE NAMESC; USE GEOMC;  USE LOGICC; USE PREC;  USE SURFHE;  USE KINETIC; USE SHADEC; USE EDDY  
      6   USE STRUCTURES; USE TRANS;  USE TVDC;   USE SELWC;  USE GDAYC; USE SCREENC; USE TDGAS;   USE RSTART  
      7   USE MACROPHYTEC; USE POROSITYC; USE ZOOPLANKTONC;   USE BIOENERGETICS
      8   USE ALGAE_TOXINS; USE MetFileRegion
      9   IMPLICIT NONE
     10   
     11   EXTERNAL RESTART_OUTPUT  
     12     
     13   INTEGER :: JAD,JAF,NLINES,ITOT,JJ, NUMOUTLETS,JSSS(100),JJC, IC, KK
     14   REAL    :: TVOLAVG,XDUM,QOUTLET(100),TOUTLET(100),VOLTOT, TBLANK,SRON1,RANLW1  ! SW 2/28/2020
     15   REAL(R8):: DLVBR,DLE  
     16   CHARACTER(4)  :: FMT                                                                                                !SR 11
     16 /30/2022
     17     
     18 ! *** DSI W2_TOOL LINKAGE
     19   REAL*4,SAVE,ALLOCATABLE,DIMENSION(:)::WSEL  
     20   REAL*4,SAVE,ALLOCATABLE,DIMENSION(:,:)::WDSI  
     21     
     22 IF (VECTOR(1).or. WLC=='      ON') THEN          ! SR 12/2024
     23   IF(.NOT.ALLOCATED(WSEL))THEN  
     24     ALLOCATE(WSEL(IMX))
     25     ALLOCATE(WDSI(KMX,IMX))  
     26   ENDIF  
     27 ENDIF
     28 
     29     
     30 !***************************************************************************************************************************
     30 ********
     31 !*                                                    Task 2.8: Output Results                                              
     31       **
     32 !***************************************************************************************************************************
     32 ********
     33     
     34 IF(LAKE_RIVER_CONTOUR_ON=='ON')THEN    ! SW 2/28/2020
     35           DO JJ=1,NUM_LAKE_CONTOUR
     36               IF(JDAY >= NXT_LAKE_CONTOUR(JJ))THEN
     37                   NXT_LAKE_CONTOUR(JJ)=NXT_LAKE_CONTOUR(JJ)+LAKE_CONTOUR_FREQ(JJ)
     38                   TBLANK=-99.0
     39                   IF(LAKE_CONTOUR_FORMAT == 1)THEN
     40                   WRITE(LAKE_RIVER_CONTOUR+JJ-1,'(F10.4,",",*(F8.2,","))')JDAY,ELWS(LAKE_CONTOUR_SEG(JJ))+0.1,TBLANK
     41                    WRITE(LAKE_RIVER_CONTOUR+JJ-1,'(F10.4,",",*(F8.2,","))')JDAY,ELWS(LAKE_CONTOUR_SEG(JJ)),T2(KTWB(JW_LAKE_C
     41 ONTOUR(JJ)),LAKE_CONTOUR_SEG(JJ))
     42                   DO K=KTWB(JW_LAKE_CONTOUR(JJ))+1,KB(LAKE_CONTOUR_SEG(JJ))
     43                       WRITE(LAKE_RIVER_CONTOUR+JJ-1,'(F10.4,",",*(F8.2,","))')JDAY,(EL(K,LAKE_CONTOUR_SEG(JJ))+EL(K,LAKE_CON
     43 TOUR_SEG(JJ)))*0.5,T2(K,LAKE_CONTOUR_SEG(JJ))
     44                   ENDDO
     45                   ELSE
     46                   WRITE(LAKE_RIVER_CONTOUR+JJ-1,'(F10.4,",",*(F8.2,","))')JDAY,(TBLANK,K=2,KTWB(JW_LAKE_CONTOUR(JJ))-1),(T2(
     46 K,LAKE_CONTOUR_SEG(JJ)),K=KTWB(JW_LAKE_CONTOUR(JJ)),KB(LAKE_CONTOUR_SEG(JJ)))
     47                   ENDIF
     48                   IF(OXYGEN_DEMAND)THEN
     49                     IF(LAKE_CONTOUR_FORMAT == 1)THEN
     50                     WRITE(LAKE_RIVER_CONTOUR+10+JJ-1,'(F10.4,",",*(F8.2,","))')JDAY,ELWS(LAKE_CONTOUR_SEG(JJ))+0.1,TBLANK

Page 2           Source Listing                  OUTPUTA
2026-03-30 08:48                                 ..\..\..\outputa2w2tools.F90

     51                     WRITE(LAKE_RIVER_CONTOUR+10+JJ-1,'(F10.4,",",*(F8.2,","))')JDAY,ELWS(LAKE_CONTOUR_SEG(JJ)),C2(KTWB(JW_LA
     51 KE_CONTOUR(JJ)),LAKE_CONTOUR_SEG(JJ),NDO)
     52                     DO K=KTWB(JW_LAKE_CONTOUR(JJ))+1,KB(LAKE_CONTOUR_SEG(JJ))
     53                       WRITE(LAKE_RIVER_CONTOUR+10+JJ-1,'(F10.4,",",*(F8.2,","))')JDAY,(EL(K,LAKE_CONTOUR_SEG(JJ))+EL(K,LAKE_
     53 CONTOUR_SEG(JJ)))*0.5,C2(K,LAKE_CONTOUR_SEG(JJ),NDO)
     54                     ENDDO
     55                     ELSE
     56                     WRITE(LAKE_RIVER_CONTOUR+10+JJ-1,'(F10.4,",",*(F8.2,","))')JDAY,(TBLANK,K=2,KTWB(JW_LAKE_CONTOUR(JJ))-1)
     56 ,(C2(K,LAKE_CONTOUR_SEG(JJ),NDO),K=KTWB(JW_LAKE_CONTOUR(JJ)),KB(LAKE_CONTOUR_SEG(JJ)))
     57                     ENDIF                 
     58                   ENDIF
     59               ENDIF    
     60           ENDDO
     61           DO JJ=1,NUM_RIVER_CONTOUR
     62               IF(JDAY >= NXT_RIVER_CONTOUR(JJ))THEN
     63                   NXT_RIVER_CONTOUR(JJ)=NXT_RIVER_CONTOUR(JJ)+RIVER_CONTOUR_FREQ(JJ)
     64                   IF(RIVER_CONTOUR_FORMAT == 1)THEN
     65                   DO JB=RIVER_CONTOUR_BR1(JJ),RIVER_CONTOUR_BR2(JJ)
     66                   DO I=US(JB),DS(JB)
     67                       WRITE(LAKE_RIVER_CONTOUR+20+JJ-1,'(F10.4,",",*(F8.2,","))')JDAY,X1(I),T2(KTWB(JW_RIVER_CONTOUR(JJ)),I)
     68                   ENDDO
     69                   ENDDO
     70                   ELSE
     71                   WRITE(LAKE_RIVER_CONTOUR+20+JJ-1,'(F10.4,",",*(F8.2,","))')JDAY,((T2(KTWB(JW_RIVER_CONTOUR(JJ)),I),I=US(JB
     71 ),DS(JB)),JB=RIVER_CONTOUR_BR1(JJ),RIVER_CONTOUR_BR2(JJ))
     72                   ENDIF
     73                     IF(OXYGEN_DEMAND)THEN
     74                     IF(RIVER_CONTOUR_FORMAT == 1)THEN
     75                     DO JB=RIVER_CONTOUR_BR1(JJ),RIVER_CONTOUR_BR2(JJ)
     76                     DO I=US(JB),DS(JB)
     77                       WRITE(LAKE_RIVER_CONTOUR+30+JJ-1,'(F10.4,",",*(F8.2,","))')JDAY,X1(I),C2(KTWB(JW_RIVER_CONTOUR(JJ)),I,
     77 NDO)
     78                     ENDDO
     79                     ENDDO
     80                     ELSE
     81                     WRITE(LAKE_RIVER_CONTOUR+30+JJ-1,'(F10.4,",",*(F8.2,","))')JDAY,((C2(KTWB(JW_RIVER_CONTOUR(JJ)),I,NDO),I
     81 =US(JB),DS(JB)),JB=RIVER_CONTOUR_BR1(JJ),RIVER_CONTOUR_BR2(JJ))
     82                     ENDIF             
     83                     ENDIF
     84 
     85               ENDIF
     86           ENDDO
     87     ENDIF  
     88     
     89 ! BIOEXP MLM
     90   IF (BIOEXP) THEN  
     91     IF (JDAY.GE.NXTBIO) THEN   
     92       NXTBIO = NXTBIO+BIOF(1)  ! mlm3
     93       DO J=1,NIBIO  
     94           
     95         I = IBIO(J)  
     96         DO JW=1,NWB  
     97           IF (I >= US(BS(JW))-1 .AND. I <= DS(BE(JW))+1) EXIT  
     98         END DO  
     99 ! bioexp
    100         DO K = KTWB(JW),KBI(I)  
    101           DO JC = NZOOS,NZOOE  

Page 3           Source Listing                  OUTPUTA
2026-03-30 08:48                                 ..\..\..\outputa2w2tools.F90

    102             C2ZOO(K,I,JC) =  C2(K,I,JC)*CMULT(JC)  
    103           END DO  
    104 	WRITE(BIOEXPFN(J),'(F8.2,",",I8,",",3(F8.2,","),<NZOOE-NZOOS+1>(F8.3,","),I8,",",2(F8.2,","),A,",",I0,",",I0)') JDAY
    104 ,IBIO(J),DEPTHM(K,I),T1(K,I),GAMMA(K,I),&          ! CB 1/6/17


ENTRY POINTS

 Address      Type  Name    
                            
       OUTPUTA              


SYMBOL CROSS REFERENCE

 Name                       Object Declared Type            Bytes Dimen Elements Attributes       References                        
                                                                                                                                    
 10490                      Label  1435                                                           358                               
 10500                      Label  1437                                                           359                               
 10510                      Label  1446                                                           362                               
 10520                      Label  1448                                                           363                               
 10530                      Label  1451                                                           364                               
 10540                      Label  1452                                                           367,370                           
 10550                      Label  1461                                                           373                               
 10560                      Label  1463                                                           378                               
 10561                      Label  1467                                                           376                               
 10570                      Label  1471                                                           382                               
 10580                      Label  1472                                                           388                               
 10581                      Label  1475                                                           386                               
 10590                      Label  1478                                                           394                               
 10600                      Label  1481                                                           395                               
 10610                      Label  1483                                                           396                               
 10620                      Label  1485                                                           397                               
 10630                      Label  1487                                                           399                               
 10640                      Label  1488                                                           402                               
 10641                      Label  1491                                                           403                               
 10650                      Label  1492                                                           404                               
 10660                      Label  1496                                                           405                               
 10670                      Label  1498                                                           415                               
 10680                      Label  1502                                                           417,427                           
 10690                      Label  1504                                                           418,428                           
 10700                      Label  1506                                                           433                               
 10710                      Label  1507                                                           435                               
 10720                      Label  1509                                                           441                               
 10730                      Label  1511                                                           437                               
 10740                      Label  1513                                                           445                               
 10750                      Label  1514                                                           447                               
 10755                      Label  1516                                                           448                               
 10760                      Label  1518                                                           450                               
 10770                      Label  1520                                                           452                               
 10780                      Label  1521                                                           454                               
 10790                      Label  1522                                                           455                               
 10800                      Label  1523                                                           459                               
 10810                      Label  1524                                                           460                               
 10820                      Label  1529                                                           463                               
 10830                      Label  1534                                                           467                               
 10840                      Label  1535                                                           469                               

Page 4           Source Listing                  OUTPUTA
2026-03-30 08:48 Symbol Table                    ..\..\..\outputa2w2tools.F90

 Name                       Object Declared Type            Bytes Dimen Elements Attributes       References                        
                                                                                                                                    
 10850                      Label  1540                                                           473                               
 10860                      Label  1544                                                           477                               
 10870                      Label  1545                                                           471,479                           
 10880                      Label  1546                                                           482                               
 10890                      Label  1551                                                           500                               
 10900                      Label  1554                                                           501                               
 2499                       Label  1281                                                           1285                              
 2500                       Label  1283                                                           1281                              
 2501                       Label  1286                                                           1282,1291                         
 2502                       Label  1289                                                           1287                              
 2503                       Label  1292                                                           1288,1297                         
 2504                       Label  1295                                                           1293                              
 2505                       Label  1298                                                           1294                              
 3312                       Label  492                                                            491                               
 9655                       Label  1324                                                           1318,1319,1320,1321               
 9656                       Label  1325                                                           1323                              
 9863                       Label  880                                                            879                               
 9864                       Label  820                                                            819                               
 9899                       Label  878                                                            877                               
 9999                       Label  881                                                            828,830,836,838,844,846,851,853,86
                                                                                                  0,862,867,869                     
 ABS                        Func   165                                  scalar                    165,178                           
 ADJUSTL                    Func   518                                  scalar                    518,527,536,544,1426              
 ADJUSTR                    Func   235                                  scalar                    235,236,237,238,241,242,243,250,25
                                                                                                  1,252,253,256,257,258,266,267,268,
                                                                                                  269,272,273,274,280,281,282,283,28
                                                                                                  6,287,288,1269,1279               
 ALCH                       Local  206      CHAR            14    1     1        ALC              206,237,243,252,258,268,274,282,28
                                                                                                  8                                 
 ALG                        Local  322      R(8)            8     3     1        PTR              322                               
 ALGAE_TOXIN                Local  320      L(4)            4           scalar                    320                               
 ALGAE_TOXINS               Module 8                                                              8                                 
 ALLIM                      Local  206      R(4)            4     3     1        ALC              206                               
 ALLOCATED                  Func   23                                   scalar                    23                                
 ANCH                       Local  205      CHAR            14    1     1        ALC              205,237,243,252,258,268,274,282,28
                                                                                                  8                                 
 ANLIM                      Local  205      R(4)            4     3     1        ALC              205                               
 ANY                        Func   381                                  scalar                    381                               
 APCH                       Local  204      CHAR            14    1     1        ALC              204,237,243,252,258,268,274,282,28
                                                                                                  8                                 
 APLIM                      Local  204      R(4)            4     3     1        ALC              204                               
 ATOXIN_DEBUG_FN            Local  322      I(4)            4           scalar                    322                               
 ATOX_DEBUG                 Local  321      CHAR            2           scalar                    321                               
 B                          Local  568      R(8)            8     2     1        ALC              568,570                           
 BE                         Local  97       I(4)            4     1     1        ALC              97,162,374,381,383,400,434,447,448
                                                                                                  ,450,453,461,470,478,501,555,748,8
                                                                                                  14,821,901,932,933,970,1020,1272,1
                                                                                                  303,1348                          
 BH                         Local  105      R(8)            8     2     1        ALC              105,112,114,115,116               
 BHR                        Local  684      R(8)            8     2     1        ALC              684                               
 BHR1                       Local  753      R(8)            8     2     1        ALC              753                               
 BI                         Local  235      R(8)            8     2     1        ALC              235,241,250,256,266,272,280,286,29
                                                                                                  6,301,308,313                     
 BIOENERGETICS              Module 7                                                              7                                 
 BIOEXP                     Local  90       L(4)            4           scalar                    90                                

Page 5           Source Listing                  OUTPUTA
2026-03-30 08:48 Symbol Table                    ..\..\..\outputa2w2tools.F90

 Name                       Object Declared Type            Bytes Dimen Elements Attributes       References                        
                                                                                                                                    
 BIOEXPFN                   Local  104      I(4)            4     1     1        ALC              104                               
 BIOF                       Local  92       R(4)            4     1     1        ALC              92                                
 BL                         Local  341      I(4)            4     2     1        ALC              341,502                           
 BLANK                      Local  898      CHAR            10          scalar                    898                               
 BLANK1                     Local  589      CHAR            12          scalar                    589                               
 BR_INACTIVE                Local  135      L(4)            4     1     1        ALC              135,159,375,385,749,815,822,1350  
 BR_NOTECPLOT               Local  816      L(4)            4     1     1        ALC              816,823                           
 BS                         Local  97       I(4)            4     1     1        ALC              97,162,336,374,381,383,400,434,447
                                                                                                  ,448,450,453,461,470,478,501,518,5
                                                                                                  55,667,679,691,704,719,748,814,821
                                                                                                  ,901,932,933,970,1020,1272,1303,13
                                                                                                  48                                
 C2                         Local  51       R(8)            8     3     1        ALC,TGT          51,53,56,77,81,102,112,190,527,568
                                                                                                  ,622,699,767,828,830,844,846,851,8
                                                                                                  53,1395                           
 C2CH                       Local  190      CHAR            14    1     1        ALC              190,235,241,250,256,266,272,280,28
                                                                                                  6                                 
 C2W                        Local  112      R(4)            4     2     1        ALC              112,114,115,119,122               
 C2ZOO                      Local  102      R(4)            4     3     1        ALC              102,105                           
 CAVG                       Local  977      R(8)            8     3     1        ALC              977,1003,1004,1082,1087,1088,1140,
                                                                                                  1150,1152,1196,1201,1202,1245,1250
                                                                                                  ,1251                             
 CAVGW                      Local  1026     R(8)            8     2     1        ALC              1026,1036,1037,1064,1069,1070,1114
                                                                                                  ,1126,1128,1178,1183,1184,1227,123
                                                                                                  2,1233                            
 CD                         Local  114      R(8)            8     3     1        ALC,TGT          114,115,198,536,568,643,714,801,82
                                                                                                  8,830,844,846,851,853,1397        
 CDAVG                      Local  978      R(8)            8     3     1        ALC              978,1007,1008,1083,1091,1092,1141,
                                                                                                  1156,1158,1197,1205,1206,1246,1254
                                                                                                  ,1255                             
 CDAVGW                     Local  1027     R(8)            8     2     1        ALC              1027,1043,1044,1065,1073,1074,1115
                                                                                                  ,1132,1134,1179,1187,1188,1228,123
                                                                                                  6,1237                            
 CDCH                       Local  198      CHAR            14    1     1        ALC              198,237,243,252,258,268,274,281,28
                                                                                                  7                                 
 CDMULT                     Local  198      R(8)            8     1     1        ALC              198,537,568,643,714,801           
 CDN                        Local  197      I(4)            4     2     1        ALC              197,198,536,537,548,568,637,643,65
                                                                                                  3,711,714,719,799,801,828,830,844,
                                                                                                  846,851,853,1007,1008,1043,1044,10
                                                                                                  73,1074,1091,1092,1132,1134,1156,1
                                                                                                  158,1187,1188,1205,1206,1236,1237,
                                                                                                  1254,1255,1275,1276,1278,1279,1299
                                                                                                  ,1384                             
 CDNAME                     Local  653      CHAR            43    1     1        ALC              653,719,801                       
 CDNAME2                    Local  536      CHAR            15    1     1        ALC              536,548                           
 CDTOT                      Local  965      R(4)            4     1     1        ALC              965                               
 CDTR                       Local  437      R(8)            8     2     1        ALC              437                               
 CDWDO                      Local  964      R(4)            4     2     1        ALC              964,1007,1043,1073,1091,1132,1156,
                                                                                                  1187,1205,1236,1254,1276,1278     
 CDWDOC                     Local  1278     CHAR            15    1     1        ALC              1278,1279,1299                    
 CIN                        Local  435      R(8)            8     2     1        ALC              435                               
 CLOUD                      Local  367      R(8)            8     1     1        ALC              367,370                           
 CMBRS                      Local  481      R(4)            4     2     1        ALC              481,482,483                       
 CMBRT                      Local  481      R(8)            8     2     1        ALC              481,482,483                       
 CMULT                      Local  102      R(8)            8     1     1        ALC              102,112,190,527,568,622,699,767   

Page 6           Source Listing                  OUTPUTA
2026-03-30 08:48 Symbol Table                    ..\..\..\outputa2w2tools.F90

 Name                       Object Declared Type            Bytes Dimen Elements Attributes       References                        
                                                                                                                                    
 CN                         Local  112      I(4)            4     1     1        ALC              112,189,190,481,482,483,524,527,54
                                                                                                  8,568,616,622,632,696,699,704,765,
                                                                                                  767,828,830,844,846,851,853,1003,1
                                                                                                  004,1036,1037,1069,1070,1087,1088,
                                                                                                  1126,1128,1150,1152,1183,1184,1201
                                                                                                  ,1202,1232,1233,1250,1251,1265,126
                                                                                                  6,1268,1269,1293,1382             
 CNAME                      Local  632      CHAR            43    1     1        ALC              632,704,767                       
 CNAME1                     Local  435      CHAR            43    1     1        ALC              435,437,441,482                   
 CNAME2                     Local  527      CHAR            15    1     1        ALC              527,548                           
 CONSTITUENTS               Local  432      L(4)            4           scalar                    432,532,547,567,635,709,797,1002,1
                                                                                                  035,1068,1086,1124,1148,1182,1200,
                                                                                                  1231,1249,1293                    
 CONTOUR                    Local  730      L(4)            4     1     1        ALC              730                               
 CONV                       Local  898      CHAR            10    2     1        ALC              898,912,927                       
 CONV1                      Local  589      CHAR            12    2     1        ALC              589,609,612,629,632,650,653,661,66
                                                                                                  8,672,680,684,692,699,705,714,720 
 CPL                        Local  739      I(4)            4     1     1        PTR              739,740,741,742,745,750,751,753,75
                                                                                                  6,758,759,760,762,767,773,778,781,
                                                                                                  784,787,793,801,819,828,830,836,83
                                                                                                  8,844,846,851,853,860,862,867,869,
                                                                                                  877,879                           
 CPLD                       Local  731      R(4)            4     2     1        ALC              731,732,734                       
 CPLDP                      Local  731      I(4)            4     1     1        ALC              731,732,733,734,736               
 CPLF                       Local  736      R(4)            4     2     1        ALC              736                               
 CSHE                       Local  367      R(8)            8     1     1        ALC              367,370                           
 CTESS                      Local  322      R(8)            8     3     1        PTR              322                               
 CTR                        Local  441      R(8)            8     2     1        ALC              441,745                           
 CUNIT1                     Local  482      CHAR            4     1     1        ALC              482,483                           
 CUNIT2                     Local  436      CHAR            9     1     1        ALC              436,438,441                       
 CUS                        Local  135      I(4)            4     1     1        ALC              135,160,340,415,501,556,750,752,75
                                                                                                  5,758,759,760,761,766,772,777,780,
                                                                                                  783,786,792,800,817,824,902,932,93
                                                                                                  3,1350                            
 CWDO                       Local  963      R(4)            4     2     1        ALC              963,1003,1036,1069,1087,1126,1150,
                                                                                                  1183,1201,1232,1250,1266,1268     
 CWDOC                      Local  1268     CHAR            15    1     1        ALC              1268,1269,1293                    
 DAY                        Param  194      R(8)            8           scalar                    194,904,930                       
 DEG                        Local  367      CHAR            2           scalar                    367,370,376,378,386,388           
 DEPTHB                     Local  181      R(8)            8     2     1        ALC              181,234,240,249,255,265,271,279,28
                                                                                                  5,295,300,307,312,568,570,851,853,
                                                                                                  867,869                           
 DEPTHM                     Local  104      R(8)            8     2     1        ALC              104,409,423,667,668,679,680,691,69
                                                                                                  2,704,705,719,720,844,846,860,862 
 DERIVED_CALC               Local  1006     L(4)            4           scalar                    1006,1039,1072,1090,1130,1154,1186
                                                                                                  ,1204,1235,1253,1299              
 DH_EXTERNAL                Local  455      L(4)            4     1     1        ALC              455                               
 DIST_TRIBS                 Local  381      L(4)            4     1     1        ALC              381,384,437                       
 DLE                        Local  15       R(8)            8           scalar                    468,469,472,473                   
 DLMR                       Local  481      R(8)            8           scalar                    481,483,489,491                   
 DLT                        Local  234      R(8)            8           scalar                    234,240,249,255,265,271,279,285,29
                                                                                                  5,300,307,312                     
 DLTAV                      Local  363      R(8)            8           scalar                    363                               
 DLTS1                      Local  360      R(8)            8           scalar                    360                               
 DLVBR                      Local  15       R(8)            8           scalar                    462,463                           

Page 7           Source Listing                  OUTPUTA
2026-03-30 08:48 Symbol Table                    ..\..\..\outputa2w2tools.F90

 Name                       Object Declared Type            Bytes Dimen Elements Attributes       References                        
                                                                                                                                    
 DLVR                       Local  460      R(8)            8     1     1        ALC              460                               
 DN_FLOW                    Local  401      L(4)            4     1     1        ALC              401                               
 DOWNSTREAM_OUTFLOW         Local  942      L(4)            4           scalar                    942                               
 DS                         Local  66       I(4)            4     1     1        ALC              66,71,76,81,97,134,142,162,345,367
                                                                                                  ,370,404,405,408,409,518,556,667,6
                                                                                                  79,691,704,719,752,755,758,759,760
                                                                                                  ,761,766,772,777,780,783,786,792,8
                                                                                                  00,817,824,826,842,902,932,933,971
                                                                                                  ,1020,1272,1303,1349              
 DTCN                       Local  437      I(4)            4     2     1        ALC              437,438                           
 EDCH                       Local  201      CHAR            14    1     1        ALC              201,236,251,266,280               
 EDDY                       Module 5                                                              5                                 
 EL                         Local  43       R(8)            8     2     1        ALC              43,53,105                         
 ELCH                       Local  211      CHAR            14    1     1        ALC              211,238,253,269,283               
 ELDH                       Local  455      R(8)            8     1     1        ALC              455                               
 ELKT                       Local  500      R(8)            8     1     1        ALC              500                               
 ELLIM                      Local  211      R(4)            4     3     1        ALC              211                               
 ELTMF                      Local  900      R(8)            8     1     1        ALC              900,904,930,931                   
 ELTMJD                     Local  359      R(8)            8           scalar                    359,360                           
 ELUH                       Local  454      R(8)            8     1     1        ALC              454                               
 ELWS                       Local  40       R(8)            8     1     1        ALC              40,41,50,51,138,234,240,249,255,26
                                                                                                  5,271,279,285,295,300,307,312,568,
                                                                                                  570,668,680,692,705,720,828,830,83
                                                                                                  6,838,844,846,851,853,860,862,867,
                                                                                                  869,1318,1324,1353                
 ENCH                       Local  210      CHAR            14    1     1        ALC              210,238,253,269,283               
 ENERGY_BALANCE             Local  466      L(4)            4     1     1        ALC              466                               
 ENLIM                      Local  210      R(4)            4     3     1        ALC              210                               
 EPCH                       Local  209      CHAR            14    1     1        ALC              209,238,253,269,283               
 EPD                        Local  201      R(4)            4     3     1        ALC              201,773                           
 EPIPHYTON_CALC             Local  233      L(4)            4     2     1        ALC              233,248,264,278                   
 EPLIM                      Local  209      R(4)            4     3     1        ALC              209                               
 ESBR                       Local  472      R(8)            8     1     1        ALC              472,473                           
 ESR                        Local  468      R(8)            8     1     1        ALC              468,469                           
 ESTR                       Local  403      R(4)            4     2     1        ALC              403                               
 ET                         Local  367      R(8)            8     1     1        ALC              367,370                           
 ETBR                       Local  472      R(8)            8     1     1        ALC              472,473                           
 ETR                        Local  468      R(8)            8     1     1        ALC              468,469                           
 ETSR                       Local  164      R(8)            8     1     1        ALC              164,165,177,178,181               
 EVAPORATION                Local  445      L(4)            4     1     1        ALC              445,446                           
 EVBR                       Local  447      R(8)            8     1     1        ALC              447                               
 EWD                        Local  415      R(4)            4     1     1        ALC              415                               
 EXT                        Local  1422     CHAR            8           scalar                    1422,1424,1426,1427,1428          
 EX_TOXIN                   Local  322      R(8)            8     3     1        PTR              322                               
 FLUX                       Local  889      L(4)            4     1     1        ALC              889                               
 FLX                        Local  922      I(4)            4     1     1        PTR              922,925,927                       
 FLX2                       Local  930      I(4)            4     1     1        PTR              930                               
 FLXD                       Local  890      R(4)            4     2     1        ALC              890,891,893                       
 FLXDP                      Local  890      I(4)            4     1     1        ALC              890,891,892,893,897               
 FLXF                       Local  897      R(4)            4     2     1        ALC              897                               
 FMT                        Local  16       CHAR            4           scalar                    1317,1319,1320,1321               
 FMTC                       Local  189      CHAR            9     1     1        ALC              189,190,1265,1268                 
 FMTCD                      Local  197      CHAR            9     1     1        ALC              197,198,1275,1278                 
 GAMMA                      Local  104      R(4)            4     2     1        ALC              104,234,240,249,255,265,271,279,28
                                                                                                  5                                 

Page 8           Source Listing                  OUTPUTA
2026-03-30 08:48 Symbol Table                    ..\..\..\outputa2w2tools.F90

 Name                       Object Declared Type            Bytes Dimen Elements Attributes       References                        
                                                                                                                                    
 GDAY                       Local  105      I(4)            4           scalar                    105,359,518,739,877,922           
 GDAYC                      Module 6                                                              6                                 
 GEOMC                      Module 5                                                              5                                 
 GLOBAL                     Module 5                                                              5                                 
 HAB                        Local  828      R(4)            4     2     1        ALC              828,844,851                       
 HABTATC                    Local  827      CHAR            8           scalar                    827,835,843,850,859,866           
 HEAD_BOUNDARY              Local  451      L(4)            4     1     1        ALC              451                               
 I                          Local  66       I(4)            4           scalar                    66,67,71,76,77,81,95,97,100,102,10
                                                                                                  4,105,109,112,114,115,116,119,122,
                                                                                                  134,135,136,138,142,157,160,162,17
                                                                                                  1,172,173,175,180,181,183,190,194,
                                                                                                  198,201,204,205,206,209,210,211,21
                                                                                                  5,218,219,220,221,234,235,240,241,
                                                                                                  249,250,255,256,265,266,271,272,27
                                                                                                  9,280,285,286,295,296,297,300,301,
                                                                                                  307,308,309,312,313,322,339,340,34
                                                                                                  1,343,345,556,561,562,563,565,568,
                                                                                                  570,752,753,755,756,758,759,760,76
                                                                                                  1,762,766,767,772,773,777,778,780,
                                                                                                  781,783,784,786,787,792,793,800,80
                                                                                                  1,824,826,828,830,836,838,842,844,
                                                                                                  846,849,851,853,860,862,865,867,86
                                                                                                  9,902,903,904,905,910,911,912,925,
                                                                                                  927,984,985,987,988,1281,1287,1349
                                                                                                  ,1350,1351,1353,1359,1360,1361,136
                                                                                                  3,1365,1366,1369,1370,1373,1374,13
                                                                                                  77,1387,1389,1390,1393,1395,1397,1
                                                                                                  402,1403,1406                     
 IBIO                       Local  95       I(4)            4     1     1        ALC              95,104                            
 IBPR                       Local  338      I(4)            4     1     1        ALC              338,343,502                       
 IC                         Local  13       I(4)            4           scalar                    1382,1384,1395,1397               
 ICETH                      Local  235      R(8)            8     1     1        ALC              235,241,250,256,296,301           
 ICE_COMPUTATION            Local  231      L(4)            4           scalar                    231,293                           
 ICPL                       Local  811      I(4)            4     1     1        ALC              811,877,879                       
 ILOC                       Local  360      I(4)            4           scalar                    360                               
 IMIN                       Local  361      I(4)            4           scalar                    361,362                           
 IMON                       Local  877      I(4)            4           scalar                    877                               
 IMX                        Local  24       I(4)            4           scalar                    24,25,1359,1360,1361,1363,1377,138
                                                                                                  7,1406                            
 INCN                       Local  435      I(4)            4     2     1        ALC              435,436                           
 INT                        Func   165                                  scalar                    165,178,359,360,363,923,1422,1424 
 IN_TOXIN                   Local  322      R(8)            8     3     1        ALC              322                               
 IPRF                       Local  517      I(4)            4     2     1        ALC              517,520,521,526,527,528,535,536,53
                                                                                                  7                                 
 ISNP                       Local  340      I(4)            4     2     1        ALC              340,345,502,911,912,925           
 ISPR                       Local  600      I(4)            4     2     1        ALC              600,601,602,604,609,612,620,621,62
                                                                                                  2,624,629,632,641,642,643,645,650,
                                                                                                  653,659,660,661,668,671,672,680,68
                                                                                                  3,684,692,698,699,705,713,714,720 
 ITOT                       Local  13       I(4)            4           scalar                    812,817,819                       
 ITR                        Local  394      I(4)            4     1     1        ALC              394                               
 ITSR                       Local  157      I(4)            4     1     1        ALC              157                               
 IUGT                       Local  1218     I(4)            4     1     1        ALC              1218                              
 IUPI                       Local  1169     I(4)            4     1     1        ALC              1169                              
 IUPU                       Local  1103     I(4)            4     1     1        ALC              1103                              

Page 9           Source Listing                  OUTPUTA
2026-03-30 08:48 Symbol Table                    ..\..\..\outputa2w2tools.F90

 Name                       Object Declared Type            Bytes Dimen Elements Attributes       References                        
                                                                                                                                    
 IUSP                       Local  1055     I(4)            4     1     1        ALC              1055                              
 IWD                        Local  415      I(4)            4     1     1        ALC              415,422,423,985,1029,1309         
 IWDO                       Local  971      I(4)            4     1     1        ALC              971,985,1020,1029,1055,1103,1169,1
                                                                                                  218,1272,1303,1305,1306,1309,1318,
                                                                                                  1320,1321,1324                    
 J                          Local  93       I(4)            4           scalar                    93,95,104,122,156,157,159,160,164,
                                                                                                  165,177,178,181,234,240,249,255,26
                                                                                                  5,271,279,285,295,300,307,312,358,
                                                                                                  594,600,601,602,604,609,612,617,62
                                                                                                  0,621,622,624,629,632,638,641,642,
                                                                                                  643,645,650,653,658,659,660,661,66
                                                                                                  8,670,671,672,680,682,683,684,692,
                                                                                                  697,698,699,705,712,713,714,720,79
                                                                                                  3,960,961,962,963,964,971,985,998,
                                                                                                  999,1003,1007,1020,1029,1031,1032,
                                                                                                  1036,1043,1055,1060,1061,1069,1073
                                                                                                  ,1078,1079,1087,1091,1103,1118,111
                                                                                                  9,1126,1132,1144,1145,1150,1156,11
                                                                                                  69,1174,1175,1183,1187,1192,1193,1
                                                                                                  201,1205,1218,1223,1224,1232,1236,
                                                                                                  1241,1242,1250,1254,1263,1266,1268
                                                                                                  ,1272,1276,1278,1281,1287,1293,129
                                                                                                  9,1303,1305,1306,1309,1318,1319,13
                                                                                                  20,1321,1324                      
 JA                         Local  203      I(4)            4           scalar                    203,204,205,206,237,243,252,258,26
                                                                                                  8,274,282,288,298,303,310,315,322 
 JAC                        Local  188      I(4)            4           scalar                    188,189,190,235,241,250,256,266,27
                                                                                                  2,280,286,296,301,308,313,568,744,
                                                                                                  745                               
 JAD                        Local  13       I(4)            4           scalar                    196,197,198,237,243,252,258,268,27
                                                                                                  4,281,287,298,303,310,315         
 JAF                        Local  13       I(4)            4           scalar                    899,904,905,912,924               
 JB                         Local  65       I(4)            4           scalar                    65,66,71,75,76,81,133,134,135,142,
                                                                                                  336,340,345,374,375,376,378,383,38
                                                                                                  4,385,386,388,400,401,402,403,404,
                                                                                                  405,408,409,434,435,436,437,438,44
                                                                                                  7,448,450,453,454,455,461,462,463,
                                                                                                  470,471,472,473,478,479,481,482,48
                                                                                                  3,488,489,491,501,555,556,748,749,
                                                                                                  750,751,752,755,758,759,760,761,76
                                                                                                  6,772,777,780,783,786,792,800,814,
                                                                                                  815,816,817,821,822,823,824,826,84
                                                                                                  2,901,902,970,971,973,975,976,977,
                                                                                                  978,980,981,996,998,999,1000,1001,
                                                                                                  1003,1004,1007,1008,1011,1348,1349
                                                                                                  ,1350                             
 JBDN                       Local  367      I(4)            4     1     1        ALC              367,370                           
 JBTSR                      Local  159      I(4)            4     1     1        ALC              159,160                           
 JBUGT                      Local  1215     I(4)            4     1     1        ALC              1215,1242,1244,1245,1246,1248,1250
                                                                                                  ,1251,1254,1255                   
 JBUPI                      Local  1167     I(4)            4     1     1        ALC              1167,1193,1195,1196,1197,1199,1201
                                                                                                  ,1202,1205,1206                   
 JBUPU                      Local  1101     I(4)            4     1     1        ALC              1101,1139,1140,1141,1145,1147,1150
                                                                                                  ,1152,1156,1158                   
 JBUSP                      Local  1052     I(4)            4     1     1        ALC              1052,1079,1081,1082,1083,1085,1087

Page 10          Source Listing                  OUTPUTA
2026-03-30 08:48 Symbol Table                    ..\..\..\outputa2w2tools.F90

 Name                       Object Declared Type            Bytes Dimen Elements Attributes       References                        
                                                                                                                                    
                                                                                                  ,1088,1091,1092                   
 JBWD                       Local  415      I(4)            4     1     1        ALC              415                               
 JC                         Local  101      I(4)            4           scalar                    101,102,105,435,436,437,438,441,44
                                                                                                  2,480,481,482,483,523,524,527,548,
                                                                                                  615,616,622,632,695,696,699,704,76
                                                                                                  4,765,767,828,830,844,846,851,853,
                                                                                                  1004,1037,1070,1088,1128,1152,1184
                                                                                                  ,1202,1233,1251,1264,1265,1266,126
                                                                                                  8,1269,1293,1380,1381,1382,1384,13
                                                                                                  94                                
 JD                         Local  533      I(4)            4           scalar                    533,536,537,548,568,636,637,643,65
                                                                                                  3,710,711,714,719,798,799,801,828,
                                                                                                  830,844,846,851,853,1008,1044,1074
                                                                                                  ,1092,1134,1158,1188,1206,1237,125
                                                                                                  5,1274,1275,1276,1278,1279,1299   
 JDAY                       Local  36       R(8)            8           scalar                    36,40,41,43,46,50,51,53,56,62,67,7
                                                                                                  1,77,81,91,104,122,130,142,149,150
                                                                                                  ,234,240,249,255,265,271,279,285,2
                                                                                                  95,300,307,312,322,352,353,359,502
                                                                                                  ,510,511,518,543,584,585,612,632,6
                                                                                                  53,667,679,691,704,719,731,732,739
                                                                                                  ,819,879,890,891,922,923,930,943,9
                                                                                                  44,1000,1001,1004,1008,1033,1034,1
                                                                                                  037,1044,1057,1067,1070,1074,1085,
                                                                                                  1088,1092,1106,1108,1121,1128,1134
                                                                                                  ,1147,1152,1158,1171,1181,1184,118
                                                                                                  8,1199,1202,1206,1220,1230,1233,12
                                                                                                  37,1248,1251,1255,1281,1284,1287,1
                                                                                                  290,1293,1296,1299,1318,1324,1336,
                                                                                                  1337,1344,1415,1416,1422,1424     
 JDMIN                      Local  360      R(8)            8           scalar                    360                               
 JE                         Local  200      I(4)            4           scalar                    200,201,208,209,210,211,236,238,25
                                                                                                  1,253,266,267,269,280,281,283,297,
                                                                                                  302,309,314,771,773               
 JF                         Local  192      I(4)            4           scalar                    192,194,237,243,252,258,268,274,28
                                                                                                  2,288,298,303,310,315             
 JFILE                      Local  958      I(4)            4           scalar                    958,997,1000,1001,1004,1008,1030,1
                                                                                                  033,1034,1037,1044,1056,1057,1067,
                                                                                                  1070,1074,1085,1088,1092,1104,1106
                                                                                                  ,1108,1121,1128,1134,1147,1152,115
                                                                                                  8,1170,1171,1181,1184,1188,1199,12
                                                                                                  02,1206,1219,1220,1230,1233,1237,1
                                                                                                  248,1251,1255                     
 JJ                         Local  13       I(4)            4           scalar                    35,36,37,40,41,42,43,46,50,51,52,5
                                                                                                  3,56,61,62,63,65,67,71,75,77,81,55
                                                                                                  3,554,555,836,838,860,862,867,869,
                                                                                                  1022,1308,1309,1310,1311,1312     
 JJC                        Local  13       I(4)            4           scalar                    111,112,118,119,122               
 JM                         Local  214      I(4)            4           scalar                    214,215,236,242,251,257,267,273,28
                                                                                                  1,287,297,302,309,314             
 JP                         Local  519      I(4)            4           scalar                    519,520,521,525,526,527,528,534,53
                                                                                                  5,536,537                         
 JS                         Local  402      I(4)            4           scalar                    402,403,973,975,976,977,978,980,98
                                                                                                  1,996,998,999,1000,1001,1003,1004,
                                                                                                  1007,1008,1048,1049,1052,1055,1057

Page 11          Source Listing                  OUTPUTA
2026-03-30 08:48 Symbol Table                    ..\..\..\outputa2w2tools.F90

 Name                       Object Declared Type            Bytes Dimen Elements Attributes       References                        
                                                                                                                                    
                                                                                                  ,1058,1060,1061,1062,1069,1073,107
                                                                                                  4,1078,1079,1080,1081,1082,1083,10
                                                                                                  85,1087,1088,1091,1092,1097,1098,1
                                                                                                  101,1103,1105,1106,1110,1112,1117,
                                                                                                  1118,1119,1125,1126,1131,1132,1134
                                                                                                  ,1138,1139,1140,1141,1143,1144,114
                                                                                                  5,1147,1149,1150,1152,1155,1156,11
                                                                                                  58,1163,1164,1167,1169,1171,1172,1
                                                                                                  174,1175,1176,1183,1187,1188,1192,
                                                                                                  1193,1194,1195,1196,1197,1199,1201
                                                                                                  ,1202,1205,1206,1211,1212,1215,121
                                                                                                  8,1220,1221,1223,1224,1225,1232,12
                                                                                                  36,1237,1241,1242,1243,1244,1245,1
                                                                                                  246,1248,1250,1251,1254,1255      
 JSS                        Local  402      I(4)            4     1     1        ALC              402,403,973                       
 JSSS                       Local  13       I(4)            4     1     100                       1011,1052,1079,1081,1082,1083,1085
                                                                                                  ,1087,1088,1091,1092,1101,1139,114
                                                                                                  0,1141,1145,1147,1150,1152,1156,11
                                                                                                  58,1167,1193,1195,1196,1197,1199,1
                                                                                                  201,1202,1205,1206,1215,1242,1244,
                                                                                                  1245,1246,1248,1250,1251,1254,1255
 JT                         Local  394      I(4)            4           scalar                    394,395,396,397,440,441,442,741,74
                                                                                                  2,743,744,745                     
 JTT                        Local  394      I(4)            4           scalar                    394,395,396,397                   
 JW                         Local  96       I(4)            4           scalar                    96,97,100,109,110,161,162,165,171,
                                                                                                  175,180,186,192,194,196,197,198,21
                                                                                                  7,224,225,227,228,232,233,235,237,
                                                                                                  241,243,248,250,252,256,258,263,26
                                                                                                  4,266,268,272,274,278,280,281,282,
                                                                                                  286,287,288,294,296,298,301,303,30
                                                                                                  6,308,310,313,315,332,336,337,338,
                                                                                                  339,340,341,342,343,345,347,351,35
                                                                                                  2,353,354,355,357,358,359,362,363,
                                                                                                  364,367,369,370,373,374,376,378,38
                                                                                                  1,382,383,386,388,394,395,396,397,
                                                                                                  399,400,402,403,404,405,406,407,40
                                                                                                  8,409,415,417,418,420,421,422,423,
                                                                                                  427,428,433,434,435,437,441,445,44
                                                                                                  6,447,448,450,451,452,453,454,455,
                                                                                                  458,459,460,461,463,466,467,468,46
                                                                                                  9,470,471,473,476,477,478,479,482,
                                                                                                  487,491,500,501,502,509,510,511,51
                                                                                                  2,513,515,516,518,519,520,521,524,
                                                                                                  525,526,527,528,533,534,535,536,53
                                                                                                  7,542,548,561,565,568,583,584,585,
                                                                                                  586,587,590,593,594,596,600,601,60
                                                                                                  2,604,609,612,616,617,620,621,622,
                                                                                                  624,629,632,636,637,638,641,642,64
                                                                                                  3,645,650,653,658,659,660,661,665,
                                                                                                  667,668,670,671,672,677,679,680,68
                                                                                                  2,683,684,689,691,692,696,697,698,
                                                                                                  699,702,704,705,710,711,712,713,71
                                                                                                  4,717,719,720,730,731,732,733,734,
                                                                                                  736,738,739,740,741,742,745,748,75
                                                                                                  0,751,753,756,758,759,760,762,765,

Page 12          Source Listing                  OUTPUTA
2026-03-30 08:48 Symbol Table                    ..\..\..\outputa2w2tools.F90

 Name                       Object Declared Type            Bytes Dimen Elements Attributes       References                        
                                                                                                                                    
                                                                                                  767,773,776,778,781,784,787,791,79
                                                                                                  3,798,799,801,811,814,819,821,825,
                                                                                                  828,830,836,838,841,844,846,851,85
                                                                                                  3,860,862,867,869,877,879,889,890,
                                                                                                  891,892,893,897,899,900,901,903,90
                                                                                                  4,905,910,911,912,922,924,925,926,
                                                                                                  927,930,931,932,933,934,969,970,10
                                                                                                  07,1008,1019,1020,1043,1044,1073,1
                                                                                                  091,1132,1156,1187,1205,1236,1254,
                                                                                                  1271,1272,1274,1275,1276,1278,1279
                                                                                                  ,1299,1301,1303,1305,1317,1319,132
                                                                                                  0,1321,1324,1347,1348             
 JWD                        Local  414      I(4)            4           scalar                    414,415,416,417,418,422,423,428,96
                                                                                                  7,1023,1024,1025,1026,1027,1029,10
                                                                                                  31,1032,1033,1034,1036,1037,1043,1
                                                                                                  044,1050,1061,1063,1064,1065,1067,
                                                                                                  1069,1070,1073,1074,1099,1113,1114
                                                                                                  ,1115,1119,1121,1126,1128,1132,113
                                                                                                  4,1165,1175,1177,1178,1179,1181,11
                                                                                                  83,1184,1187,1188,1213,1224,1226,1
                                                                                                  227,1228,1230,1232,1233,1236,1237,
                                                                                                  1308                              
 JWUGT                      Local  1236     I(4)            4     1     1        ALC              1236,1237,1254,1255               
 JWUPI                      Local  1187     I(4)            4     1     1        ALC              1187,1188,1205,1206               
 JWUPU                      Local  1132     I(4)            4     1     1        ALC              1132,1134,1156,1158               
 JWUSP                      Local  1073     I(4)            4     1     1        ALC              1073,1074,1091,1092               
 JWW                        Local  414      I(4)            4           scalar                    414,984                           
 JW_LAKE_CONTOUR            Local  41       I(4)            4     1     20                        41,42,46,51,52,56                 
 JW_RIVER_CONTOUR           Local  67       I(4)            4     1     20                        67,71,77,81                       
 K                          Local  42       I(4)            4           scalar                    42,43,46,52,53,56,100,102,104,105,
                                                                                                  110,112,114,115,116,171,172,173,17
                                                                                                  8,180,181,183,186,190,194,198,201,
                                                                                                  204,205,206,209,210,211,215,218,21
                                                                                                  9,220,221,234,240,249,255,265,271,
                                                                                                  279,285,297,309,322,404,405,408,40
                                                                                                  9,417,418,422,423,521,527,528,536,
                                                                                                  537,554,568,570,596,609,612,629,63
                                                                                                  2,650,653,660,661,665,667,668,671,
                                                                                                  672,677,679,680,683,684,689,691,69
                                                                                                  2,698,699,702,704,705,713,714,717,
                                                                                                  719,720,753,756,762,767,773,778,78
                                                                                                  1,784,787,793,801,825,828,830,841,
                                                                                                  842,844,846,849,851,853,860,862,86
                                                                                                  5,867,869,903,904,905,911,912,926,
                                                                                                  927,930,1305,1306,1311,1312,1319,1
                                                                                                  321,1360,1361,1365,1366,1369,1370,
                                                                                                  1373,1374,1377,1389,1390,1393,1395
                                                                                                  ,1397,1402,1403,1406              
 KB                         Local  42       I(4)            4     1     1        ALC              42,46,52,56,109,171,175,180,183,23
                                                                                                  4,240,249,255,265,271,279,285,295,
                                                                                                  300,307,312,404,405,408,422,520,52
                                                                                                  1,526,528,535,537,561,565,568,570,
                                                                                                  600,604,620,624,641,645,659,660,67
                                                                                                  1,683,698,713,753,756,762,767,773,
                                                                                                  778,781,784,787,793,801,842,849,86

Page 13          Source Listing                  OUTPUTA
2026-03-30 08:48 Symbol Table                    ..\..\..\outputa2w2tools.F90

 Name                       Object Declared Type            Bytes Dimen Elements Attributes       References                        
                                                                                                                                    
                                                                                                  5,903,911,1305,1320,1321,1369,1373
                                                                                                  ,1393,1402                        
 KBI                        Local  100      I(4)            4     1     1        ALC              100                               
 KBMAX                      Local  659      I(4)            4     1     1        ALC              659,665,677,689,702,717           
 KBQIN                      Local  376      I(4)            4     1     1        ALC              376,378                           
 KBR                        Local  502      I(4)            4     1     1        ALC              502,926                           
 KBTR                       Local  395      I(4)            4     1     1        ALC              395                               
 KBW                        Local  417      I(4)            4     1     1        ALC              417,418,1310,1311                 
 KF                         Local  194      R(8)            8     3     1        ALC,TGT          194,932                           
 KFCH                       Local  194      CHAR            14    1     1        ALC              194,237,243,252,258,268,274,282,28
                                                                                                  8                                 
 KFCN                       Local  194      I(4)            4     2     1        ALC              194,904,905,912,924,930,932,933,93
                                                                                                  4                                 
 KFJW                       Local  905      R(4)            4     2     1        ALC              905,930,934                       
 KFNAME                     Local  924      CHAR            45    1     1        ALC              924                               
 KFS                        Local  904      R(4)            4     3     1        ALC              904,905,912,933                   
 KINETIC                    Module 5                                                              5                                 
 KK                         Local  13       I(4)            4           scalar                    561,562,563,600,601,602,620,621,62
                                                                                                  2,641,642,643                     
 KLIM                       Local  109      I(4)            4           scalar                    109,110                           
 KLOC                       Local  360      I(4)            4           scalar                    360                               
 KMIN                       Local  361      I(4)            4           scalar                    361,362                           
 KMX                        Local  25       I(4)            4           scalar                    25,819,841,1360,1361,1373,1377,140
                                                                                                  2,1406                            
 KTI                        Local  568      I(4)            4     1     1        ALC              568,570,760,793,1365,1369,1389,139
                                                                                                  3                                 
 KTQIN                      Local  376      I(4)            4     1     1        ALC              376,378                           
 KTTR                       Local  395      I(4)            4     1     1        ALC              395                               
 KTW                        Local  417      I(4)            4     1     1        ALC              417,418,1310,1311                 
 KTWB                       Local  41       I(4)            4     1     1        ALC              41,42,46,51,52,56,67,71,77,81,100,
                                                                                                  109,110,165,171,175,180,186,235,24
                                                                                                  1,250,256,266,272,280,286,296,301,
                                                                                                  308,313,404,405,408,422,500,518,52
                                                                                                  0,521,526,528,535,537,554,561,565,
                                                                                                  596,600,604,620,624,641,645,660,66
                                                                                                  5,671,677,683,689,698,702,713,717,
                                                                                                  740,753,756,762,767,773,778,781,78
                                                                                                  4,787,793,801,819,825,841,903,911,
                                                                                                  926,1305,1317,1319,1320,1321,1324 
 L                          Local  189      I(4)            4           scalar                    189,190,197,198,545,546,1265,1268,
                                                                                                  1275,1278,1427,1428               
 LA                         Label  104                                                                                              
 LAKE_CONTOUR_FORMAT        Local  39       I(4)            4           scalar                    39,49                             
 LAKE_CONTOUR_FREQ          Local  37       R(4)            4     1     20                        37                                
 LAKE_CONTOUR_SEG           Local  40       I(4)            4     1     20                        40,41,42,43,46,50,51,52,53,56     
 LAKE_RIVER_CONTOUR         Local  40       I(4)            4           scalar                    40,41,43,46,50,51,53,56,67,71,77,8
                                                                                                  1                                 
 LAKE_RIVER_CONTOUR_ON      Local  34       CHAR            2           scalar                    34                                
 LATERAL_GATE               Local  1212     L(4)            4     1     1        ALC              1212,1221                         
 LATERAL_PIPE               Local  1164     L(4)            4     1     1        ALC              1164,1172                         
 LATERAL_PUMP               Local  1098     L(4)            4     1     1        ALC              1098,1110                         
 LATERAL_SPILLWAY           Local  1049     L(4)            4     1     1        ALC              1049,1058                         
 LB                         Label  104                                                                                              
 LC                         Label  122                                                                                              
 LD                         Label  122                                                                                              

Page 14          Source Listing                  OUTPUTA
2026-03-30 08:48 Symbol Table                    ..\..\..\outputa2w2tools.F90

 Name                       Object Declared Type            Bytes Dimen Elements Attributes       References                        
                                                                                                                                    
 LE                         Label  322                                                                                              
 LEN_TRIM                   Func   189                                  scalar                    189,197,545,1265,1275,1427        
 LF                         Label  322                                                                                              
 LIMITING_DLT               Local  362      L(4)            4     1     1        ALC              362                               
 LOGICC                     Module 5                                                              5                                 
 M                          Local  486      I(4)            4           scalar                    486,487,488,489,491,790,791,793   
 MAC                        Local  215      R(4)            4     3     1        ALC              215                               
 MACCH                      Local  215      CHAR            14    1     1        ALC              215,236,242,251,257,267,273,281,28
                                                                                                  7                                 
 MACMBRS                    Local  488      R(4)            4     2     1        ALC              488,489,491                       
 MACMBRT                    Local  489      R(4)            4     2     1        ALC              489,491                           
 MACRC                      Local  793      R(4)            4     4     1        ALC              793                               
 MACROPHYTEC                Module 7                                                              7                                 
 MACROPHYTE_CALC            Local  487      L(4)            4     2     1        ALC              487                               
 MAIN                       Module 4                                                              4                                 
 MASS_BALANCE               Local  476      L(4)            4     1     1        ALC              476                               
 MAX                        Func   415                                  scalar                    415,659,904                       
 METFILEREGION              Module 8                                                              8                                 
 MET_REGIONS                Local  223      L(4)            4           scalar                    223,366                           
 MIN                        Func   109                                  scalar                    109                               
 MINDLT                     Local  360      R(8)            8           scalar                    360                               
 MONTH                      Local  105      CHAR            9           scalar                    105,359,518,739,922               
 NAC                        Local  111      I(4)            4           scalar                    111,114,115,118,122,188,235,241,25
                                                                                                  0,256,266,272,280,286,296,301,308,
                                                                                                  313,480,523,548,568,615,695,764,82
                                                                                                  8,830,836,838,844,846,851,853,860,
                                                                                                  862,867,869,1003,1004,1036,1037,10
                                                                                                  69,1070,1087,1088,1126,1128,1150,1
                                                                                                  152,1183,1184,1201,1202,1232,1233,
                                                                                                  1250,1251,1264,1293,1380,1381,1384
                                                                                                  ,1394                             
 NACD                       Local  196      I(4)            4     1     1        ALC              196,237,243,252,258,268,274,281,28
                                                                                                  7,298,303,310,315,533,548,568,636,
                                                                                                  710,798,828,830,836,838,844,846,85
                                                                                                  1,853,860,862,867,869,1007,1008,10
                                                                                                  43,1044,1073,1074,1091,1092,1132,1
                                                                                                  134,1156,1158,1187,1188,1205,1206,
                                                                                                  1236,1237,1254,1255,1274,1299,1380
 NACDT                      Local  437      I(4)            4     1     1        ALC              437,438                           
 NACIN                      Local  435      I(4)            4     1     1        ALC              435,436                           
 NACTR                      Local  441      I(4)            4     1     1        ALC              441,442,744                       
 NAF                        Local  192      I(4)            4     1     1        ALC              192,237,243,252,258,268,274,282,28
                                                                                                  8,298,303,310,315,899,930,932,933,
                                                                                                  934                               
 NAL                        Local  203      I(4)            4           scalar                    203,237,243,252,258,268,274,282,28
                                                                                                  8,298,303,310,315,322             
 NAMESC                     Module 5                                                              5                                 
 NBL                        Local  337      I(4)            4     1     1        ALC              337,341,342,347,502               
 NBR                        Local  133      I(4)            4           scalar                    133,142                           
 NDO                        Local  51       I(4)            4           scalar                    51,53,56,77,81                    
 NEP                        Local  200      I(4)            4           scalar                    200,208,233,236,238,248,251,253,26
                                                                                                  4,267,269,278,281,283,297,302,309,
                                                                                                  314,771                           
 NGT                        Local  1211     I(4)            4           scalar                    1211                              
 NIBIO                      Local  93       I(4)            4           scalar                    93                                

Page 15          Source Listing                  OUTPUTA
2026-03-30 08:48 Symbol Table                    ..\..\..\outputa2w2tools.F90

 Name                       Object Declared Type            Bytes Dimen Elements Attributes       References                        
                                                                                                                                    
 NIKTSR                     Local  156      I(4)            4           scalar                    156                               
 NIPRF                      Local  519      I(4)            4     1     1        ALC              519,525,534                       
 NISNP                      Local  339      I(4)            4     1     1        ALC              339,502,910,925,927               
 NISPR                      Local  594      I(4)            4     1     1        ALC              594,612,617,632,638,653,658,668,67
                                                                                                  0,680,682,692,697,705,712,720     
 NIT                        Local  363      I(4)            4           scalar                    363                               
 NIWDO                      Local  960      I(4)            4           scalar                    960                               
 NLINES                     Local  13       I(4)            4           scalar                    896                               
 NMC                        Local  214      I(4)            4           scalar                    214,236,242,251,257,267,273,281,28
                                                                                                  7,297,302,309,314,486,790         
 NONZERO                    Param  481      R(8)            8           scalar                    481,489                           
 NPI                        Local  1163     I(4)            4           scalar                    1163                              
 NPU                        Local  1097     I(4)            4           scalar                    1097                              
 NRS                        Local  520      I(4)            4           scalar                    520,521,526,527,535,536           
 NSP                        Local  1048     I(4)            4           scalar                    1048                              
 NSPRF                      Local  516      I(4)            4     1     1        ALC              516,518                           
 NSTR                       Local  996      I(4)            4     1     1        ALC              996,1011                          
 NTR                        Local  440      I(4)            4           scalar                    440,741,742,743                   
 NUMATOXINS                 Param  322      I(4)            4           scalar                    322                               
 NUMOUTLETS                 Local  13       I(4)            4           scalar                    966,974,980,981,986,987,988,1281,1
                                                                                                  287                               
 NUM_LAKE_CONTOUR           Local  35       I(4)            4           scalar                    35                                
 NUM_RIVER_CONTOUR          Local  61       I(4)            4           scalar                    61                                
 NUNIT                      Local  546      I(4)            4           scalar                    546,548,550,568,570,575           
 NV                         Local  363      I(4)            4           scalar                    363                               
 NWB                        Local  96       I(4)            4           scalar                    96,161,332,553,969,1019,1271,1301,
                                                                                                  1347                              
 NWD                        Local  1022     I(4)            4           scalar                    1022                              
 NXTBIO                     Local  91       R(8)            8           scalar                    91,92                             
 NXTMCP                     Local  731      R(4)            4     1     1        ALC              731,734,736                       
 NXTMFL                     Local  890      R(4)            4     1     1        ALC              890,893,897                       
 NXTMPR                     Local  510      R(4)            4     1     1        ALC              510,513,515                       
 NXTMRS                     Local  1415     R(8)            8           scalar                    1415,1418,1420                    
 NXTMSN                     Local  352      R(4)            4     1     1        ALC              352,355,357                       
 NXTMSP                     Local  584      R(4)            4     1     1        ALC              584,587,590                       
 NXTMTS                     Local  149      R(8)            8           scalar                    149,152,154                       
 NXTMVP                     Local  1336     R(4)            4     1     1        ALC              1336,1339,1341                    
 NXTMWD                     Local  943      R(8)            8           scalar                    943,946,949,952,955               
 NXTMWD_SEC                 Local  951      R(8)            8           scalar                    951,952,954,955                   
 NXT_LAKE_CONTOUR           Local  36       R(4)            4     1     20                        36,37                             
 NXT_RIVER_CONTOUR          Local  62       R(4)            4     1     20                        62,63                             
 NXWL                       Local  130      R(8)            8           scalar                    130,131                           
 NZOOE                      Local  101      I(4)            4           scalar                    101,104,105                       
 NZOOS                      Local  101      I(4)            4           scalar                    101,104,105                       
 OUTPUT                     Subr   502                                                            502                               
 OUTPUTA                    Subr   2                                                                                                
 OXYGEN_DEMAND              Local  48       L(4)            4           scalar                    48,73                             
 PHI                        Local  367      R(8)            8     1     1        ALC              367,370                           
 PH_DER                     Local  114      I(4)            4           scalar                    114                               
 POROSITYC                  Module 7                                                              7                                 
 PR                         Local  450      R(8)            8     1     1        ALC              450                               
 PREC                       Module 5                                                              5                                 
 PRECIPITATION              Local  445      L(4)            4     1     1        ALC              445,450                           
 PRF                        Local  518      I(4)            4     1     1        PTR              518,521,527,536                   
 PRFD                       Local  510      R(4)            4     2     1        ALC              510,511,513                       

Page 16          Source Listing                  OUTPUTA
2026-03-30 08:48 Symbol Table                    ..\..\..\outputa2w2tools.F90

 Name                       Object Declared Type            Bytes Dimen Elements Attributes       References                        
                                                                                                                                    
 PRFDP                      Local  510      I(4)            4     1     1        ALC              510,511,512,513,515               
 PRFF                       Local  515      R(4)            4     2     1        ALC              515                               
 PRINT_CONST                Local  524      L(4)            4     2     1        ALC              524,616,696,745,765               
 PRINT_DERIVED              Local  637      L(4)            4     2     1        ALC              637,711,799                       
 PRINT_EPIPHYTON            Local  773      L(4)            4     2     1        ALC              773                               
 PRINT_MACROPHYTE           Local  791      L(4)            4     2     1        ALC              791                               
 PRINT_SEDIMENT             Local  776      L(4)            4     1     1        ALC              776                               
 PROFILE                    Local  509      L(4)            4     1     1        ALC              509                               
 PUMPON                     Local  1105     L(4)            4     1     1        ALC              1105,1117,1125,1131,1143,1149,1155
 QC                         Local  234      R(8)            8     1     1        ALC              234,240,249,255,265,271,279,285,29
                                                                                                  5,300,307,312,568,570,758         
 QDSW                       Local  1306     R(8)            8     2     1        ALC              1306                              
 QDTR                       Local  386      R(8)            8     1     1        ALC              386,388                           
 QGT                        Local  1220     R(8)            8     1     1        ALC              1220,1223,1224,1225,1232,1236,1241
                                                                                                  ,1242,1243,1250,1254              
 QIN                        Local  376      R(8)            8     1     1        ALC              376,378,751                       
 QNEW                       Local  1304     R(8)            8     1     1        ALC              1304,1306,1312,1321,1324          
 QOUT                       Local  405      R(8)            8     2     1        ALC              405,409                           
 QOUTLET                    Local  14       R(4)            4     1     100                       980,987,1281                      
 QPI                        Local  1171     R(8)            8     1     1        ALC              1171,1174,1175,1176,1183,1187,1192
                                                                                                  ,1193,1194,1201,1205              
 QPU                        Local  1106     R(8)            8     1     1        ALC              1106,1112,1118,1119,1126,1132,1138
                                                                                                  ,1144,1145,1150,1156              
 QSP                        Local  1057     R(8)            8     1     1        ALC              1057,1060,1061,1062,1069,1073,1078
                                                                                                  ,1079,1080,1087,1091              
 QSTR                       Local  402      R(8)            8     2     1        ALC              402,975,980,998,999,1000,1003,1007
 QSUM                       Local  404      R(8)            8     1     1        ALC              404,751                           
 QSW                        Local  418      R(8)            8     2     1        ALC              418,423,1312                      
 QTR                        Local  396      R(8)            8     1     1        ALC              396,741                           
 QWD                        Local  415      R(8)            8     1     1        ALC              415,416,428,987,1024,1031,1032,103
                                                                                                  3,1036,1043                       
 QWDO                       Local  961      R(8)            8     1     1        ALC              961,998,1031,1060,1078,1118,1144,1
                                                                                                  174,1192,1223,1241,1263,1266,1276,
                                                                                                  1281,1318,1324                    
 R8                         Param  15       I(4)            4           scalar                    15                                
 RANLW                      Local  225      R(8)            8     1     1        ALC              225,228                           
 RANLW1                     Local  14       R(4)            4           scalar                    225,228,235,241,250,256,266,272,28
                                                                                                  0,286,296,301,308,313             
 RB                         Local  235      R(8)            8     1     1        ALC              235,241,250,256,266,272,280,286,29
                                                                                                  6,301,308,313                     
 RC                         Local  235      R(8)            8     1     1        ALC              235,241,250,256,266,272,280,286,29
                                                                                                  6,301,308,313                     
 RE                         Local  235      R(8)            8     1     1        ALC              235,241,250,256,266,272,280,286,29
                                                                                                  6,301,308,313                     
 REAER                      Local  235      R(4)            4     1     1        ALC              235,241,250,256,266,272,280,286,29
                                                                                                  6,301,308,313                     
 REAL                       Func   1344                                 scalar                    1344,1360,1361                    
 RESTART_OUT                Local  1414     L(4)            4           scalar                    1414                              
 RESTART_OUTPUT             Subr   11                                                             1429                              
 RHO                        Local  409      R(8)            8     2     1        PTR              409,423,828,830,844,846,851,853   
 RIVER_CONTOUR_BR1          Local  65       I(4)            4     1     20                        65,71,75,81                       
 RIVER_CONTOUR_BR2          Local  65       I(4)            4     1     20                        65,71,75,81                       
 RIVER_CONTOUR_FORMAT       Local  64       I(4)            4           scalar                    64,74                             
 RIVER_CONTOUR_FREQ         Local  63       R(4)            4     1     20                        63                                
 RN                         Local  235      R(8)            8     1     1        ALC              235,241,250,256,266,272,280,286,29

Page 17          Source Listing                  OUTPUTA
2026-03-30 08:48 Symbol Table                    ..\..\..\outputa2w2tools.F90

 Name                       Object Declared Type            Bytes Dimen Elements Attributes       References                        
                                                                                                                                    
                                                                                                  6,301,308,313                     
 RS                         Local  235      R(8)            8     1     1        ALC              235,241,250,256,266,272,280,286,29
                                                                                                  6,301,308,313                     
 RSOD                       Local  1415     R(4)            4     1     1        ALC              1415,1416,1418                    
 RSODP                      Local  1415     I(4)            4           scalar                    1415,1416,1417,1418,1420,1421     
 RSOF                       Local  1420     R(4)            4     1     1        ALC              1420,1421                         
 RSOFN                      Local  1428     CHAR            72          scalar                    1428,1429                         
 RSTART                     Module 6                                                              6                                 
 SCREENC                    Module 6                                                              6                                 
 SED                        Local  218      R(4)            4     2     1        ALC              218,297,309,778                   
 SEDC                       Local  221      R(4)            4     2     1        ALC              221,297,309,787                   
 SEDCCH                     Local  221      CHAR            10          scalar                    221,236,242,267,273               
 SEDCH                      Local  218      CHAR            10          scalar                    218,236,242,267,273               
 SEDIMENT_CALC              Local  217      L(4)            4     1     1        ALC              217,232,263,294,306               
 SEDN                       Local  220      R(4)            4     2     1        ALC              220,297,309,784                   
 SEDNCH                     Local  220      CHAR            10          scalar                    220,236,242,267,273               
 SEDP                       Local  219      R(4)            4     2     1        ALC              219,297,309,781                   
 SEDPCH                     Local  219      CHAR            10          scalar                    219,236,242,267,273               
 SEGNUM                     Local  543      CHAR            72          scalar                    543,544,545,546                   
 SELWC                      Module 6                                                              6                                 
 SHADE                      Local  235      R(8)            8     1     1        ALC              235,241,250,256,266,272,280,286,29
                                                                                                  6,301,308,313                     
 SHADEC                     Module 5                                                              5                                 
 SLEEPQQ                    Subr   1283                                                           1283,1289,1295                    
 SNAPSHOT                   Local  351      L(4)            4     1     1        ALC              351                               
 SNGL                       Func   518                                  scalar                    518                               
 SNP                        Local  358      I(4)            4     1     1        PTR              358,359,362,363,364,367,369,370,37
                                                                                                  3,376,378,382,386,388,394,395,396,
                                                                                                  397,399,402,403,404,405,406,407,40
                                                                                                  9,415,417,418,420,421,423,427,428,
                                                                                                  433,435,437,441,445,447,448,450,45
                                                                                                  2,454,455,459,460,463,467,469,471,
                                                                                                  473,477,479,482,491,500,501       
 SNPD                       Local  352      R(4)            4     2     1        ALC              352,353,355                       
 SNPDP                      Local  352      I(4)            4     1     1        ALC              352,353,354,355,357               
 SNPF                       Local  357      R(4)            4     2     1        ALC              357                               
 SPR                        Local  667      I(4)            4     1     1        PTR              667,679,691,704,719               
 SPRC                       Local  593      CHAR            8     1     1        ALC              593                               
 SPRD                       Local  584      R(4)            4     2     1        ALC              584,585,587                       
 SPRDP                      Local  584      I(4)            4     1     1        ALC              584,585,586,587,590               
 SPREADSHEET                Local  583      L(4)            4     1     1        ALC              583                               
 SPRF                       Local  590      R(4)            4     2     1        ALC              590                               
 SPRV                       Local  612      I(4)            4     1     1        PTR              612,632,653                       
 SRON                       Local  224      R(8)            8     1     1        ALC              224,227,367,370                   
 SRON1                      Local  14       R(4)            4           scalar                    224,227,234,240,249,255,265,271,27
                                                                                                  9,285,295,300,307,312             
 STRUCTURES                 Module 6                                                              6                                 
 SURFHE                     Module 5                                                              5                                 
 T1                         Local  104      R(8)            8     2     1        ALC,TGT          104,173,234,240,249,255,265,271,27
                                                                                                  9,285,563,602,828,830,844,846,851,
                                                                                                  853                               
 T2                         Local  41       R(8)            8     2     1        PTR              41,43,46,67,71,409,423,521,568,570
                                                                                                  ,661,762,1370                     
 TAIR                       Local  367      R(8)            8     1     1        ALC              367,370                           
 TAVG                       Local  976      R(8)            8     2     1        ALC              976,981,999,1001,1079,1081,1085,11

Page 18          Source Listing                  OUTPUTA
2026-03-30 08:48 Symbol Table                    ..\..\..\outputa2w2tools.F90

 Name                       Object Declared Type            Bytes Dimen Elements Attributes       References                        
                                                                                                                                    
                                                                                                  39,1145,1147,1193,1195,1199,1242,1
                                                                                                  244,1248                          
 TAVGW                      Local  988      R(8)            8     1     1        ALC              988,1025,1032,1034,1061,1063,1067,
                                                                                                  1113,1119,1121,1175,1177,1181,1224
                                                                                                  ,1226,1230                        
 TBLANK                     Local  14       R(4)            4           scalar                    38,40,46,50,56                    
 TDEW                       Local  367      R(8)            8     1     1        ALC              367,370                           
 TDGAS                      Module 6                                                              6                                 
 TDTR                       Local  386      R(8)            8     1     1        ALC              386,388                           
 TECPLOT                    Local  738      CHAR            8     1     1        ALC              738                               
 TIME_SERIES                Local  148      L(4)            4           scalar                    148                               
 TIN                        Local  376      R(8)            8     1     1        ALC              376,378                           
 TITLE                      Local  358      CHAR            72    1     1        ALC              358                               
 TOUTLET                    Local  14       R(4)            4     1     100                       981,988,1287                      
 TP_DER                     Local  115      I(4)            4           scalar                    115                               
 TRANS                      Module 6                                                              6                                 
 TRCN                       Local  441      I(4)            4     2     1        ALC              441,745                           
 TRIBUTARIES                Local  393      L(4)            4           scalar                    393                               
 TRIM                       Func   1319                                 scalar                    1319,1321                         
 TSR                        Local  234      I(4)            4     1     1        ALC              234,240,249,255,265,271,279,285,29
                                                                                                  5,300,307,312                     
 TSRD                       Local  149      R(4)            4     1     1        ALC              149,150,152                       
 TSRDP                      Local  149      I(4)            4           scalar                    149,150,151,152,154               
 TSRF                       Local  154      R(4)            4     1     1        ALC              154                               
 TTR                        Local  397      R(8)            8     1     1        ALC              397,742                           
 TVDC                       Module 6                                                              6                                 
 TVOLAVG                    Local  14       R(4)            4           scalar                    169,173,175,235,241,250,256,266,27
                                                                                                  2,280,286,296,301,308,313,559,563,
                                                                                                  565,568,570,598,602,605,607,609,61
                                                                                                  8,622,625,627,629,639,643,646,648,
                                                                                                  650                               
 TWDO                       Local  962      R(8)            8     1     1        ALC              962,999,1032,1061,1079,1119,1145,1
                                                                                                  175,1193,1224,1242,1263,1287      
 U                          Local  234      R(8)            8     2     1        PTR              234,240,249,255,265,271,279,285,40
                                                                                                  9,672,684,756,828,830,844,846,851,
                                                                                                  853,1360                          
 UH_EXTERNAL                Local  454      L(4)            4     1     1        ALC              454                               
 UP_FLOW                    Local  376      L(4)            4     1     1        ALC              376,378,435                       
 US                         Local  66       I(4)            4     1     1        ALC              66,71,76,81,97,134,142,162,1020,12
                                                                                                  72,1303,1349                      
 VECTOR                     Local  22       L(4)            4     1     1        ALC              22,1334                           
 VOL                        Local  172      R(8)            8     2     1        ALC              172,173,194,562,563,601,602,621,62
                                                                                                  2,642,643                         
 VOLEV                      Local  448      R(8)            8     1     1        ALC              448                               
 VOLROOS                    Local  116      R(4)            4     1     1        ALC              116,119,123                       
 VOLSBR                     Local  462      R(8)            8     1     1        ALC              462,463                           
 VOLSR                      Local  460      R(8)            8     1     1        ALC              460                               
 VOLTBR                     Local  462      R(8)            8     1     1        ALC              462,463                           
 VOLTOT                     Local  14       R(4)            4           scalar                    170,172,175,560,562,565,599,601,60
                                                                                                  5,619,621,625,640,642,646         
 VOLTR                      Local  460      R(8)            8     1     1        ALC              460                               
 VOLUME_BALANCE             Local  458      L(4)            4     1     1        ALC              458                               
 VPL                        Local  1344     I(4)            4     1     1        PTR              1344,1359,1360,1361,1377,1406     
 VPLD                       Local  1336     R(4)            4     2     1        ALC              1336,1337,1339                    
 VPLDP                      Local  1336     I(4)            4     1     1        ALC              1336,1337,1338,1339,1341          

Page 19          Source Listing                  OUTPUTA
2026-03-30 08:48 Symbol Table                    ..\..\..\outputa2w2tools.F90

 Name                       Object Declared Type            Bytes Dimen Elements Attributes       References                        
                                                                                                                                    
 VPLF                       Local  1341     R(4)            4     2     1        ALC              1341                              
 W                          Local  828      R(8)            8     2     1        PTR              828,830,844,846,851,853,1361      
 W2ERR                      Local  1324     I(4)            4           scalar                    1324                              
 W2VER                      Local  358      R(4)            4           scalar                    358                               
 WB_METREGIONS              Local  224      I(4)            4     1     1        ALC              224,225,369,370                   
 WDO                        Local  1281     I(4)            4     2     1        ALC              1281,1287,1293,1299,1318,1319,1321
 WDO2                       Local  1000     I(4)            4     2     1        ALC              1000,1001,1004,1008,1033,1034,1037
                                                                                                  ,1044,1057,1067,1070,1074,1085,108
                                                                                                  8,1092,1106,1108,1121,1128,1134,11
                                                                                                  47,1152,1158,1171,1181,1184,1188,1
                                                                                                  199,1202,1206,1220,1230,1233,1237,
                                                                                                  1248,1251,1255                    
 WDOC                       Local  948      CHAR            8           scalar                    948,950,953                       
 WDOD                       Local  943      R(4)            4     1     1        ALC              943,944,946                       
 WDODP                      Local  943      I(4)            4           scalar                    943,944,945,946,949,951,954       
 WDOF                       Local  949      R(4)            4     1     1        ALC              949,951,954                       
 WDSI                       Local  20       R(4)            4     2     1        ALC,SAVE         25,1366,1370,1374,1377,1390,1395,1
                                                                                                  397,1403,1406                     
 WEIGHTNUM                  Local  122      I(4)            4     1     1        ALC              122                               
 WITHDRAWALS                Local  413      L(4)            4           scalar                    413                               
 WLC                        Local  22       CHAR            8           scalar                    22,129                            
 WLF                        Local  131      R(8)            8           scalar                    131                               
 WLFN                       Local  142      I(4)            4           scalar                    142                               
 WSEL                       Local  19       R(4)            4     1     1        ALC,SAVE         23,24,136,138,142,1351,1353,1359  
 X1                         Local  67       R(4)            4     1     1        ALC              67,77,828,830,836,838,844,846,851,
                                                                                                  853,860,862,867,869               
 XDUM                       Local  14       R(4)            4           scalar                    834,836,838,858,860,862,867,869   
 YEAR                       Local  105      I(4)            4           scalar                    105,359,518,739,877,922           
 Z                          Local  518      R(8)            8     1     1        ALC              518,759                           
 ZOOPLANKTONC               Module 7                                                              7                                 

Page 20          Source Listing                  OUTPUTA
2026-03-30 08:48                                 ..\..\..\outputa2w2tools.F90

    105 			     (C2ZOO(K,I,JC), JC = NZOOS,NZOOE),K,BH(K,I),EL(K,I),MONTH,GDAY,YEAR
    106             
    107         END DO  
    108 ! VOLUME WEIGHTING OF ACTIVE CONSTITUENTS     !MLM 18.07.06
    109         KLIM = MIN(KB(I),KTWB(JW)+5)  
    110         DO K=KTWB(JW),KLIM  
    111           DO JJC = 1,NAC  
    112             C2W(I,JJC) = C2W(I,JJC)+C2(K,I,CN(JJC))*CMULT(CN(JJC))*BH(K,I)  
    113           END DO  
    114 			     C2W(I,NAC+1) = C2W(I,NAC+1)+CD(K,I,PH_DER)*BH(K,I) !PH
    115 			     C2W(I,NAC+2) = C2W(I,NAC+2)+CD(K,I,TP_DER)*BH(K,I) ! TOTAL PHOSPHOROUS
    116 			 VOLROOS(I)=VOLROOS(I)+BH(K,I)                          ! VOLUME WEIGHTED
    117         END DO  
    118         DO JJC = 1,NAC+2  
    119           C2W(I,JJC) = C2W(I,JJC)/VOLROOS(I)  
    120         END DO  
    121           
    122         WRITE(WEIGHTNUM(J),'(F10.3,",",<NAC>(F9.3,","),2(F9.3,","))')JDAY,(C2W(I,JJC),JJC = 1,NAC+2)  
    123         VOLROOS = 0.0
    124           
    125       END DO  
    126     END IF  
    127   END IF  
    128   
    129   IF(WLC=='      ON')THEN
    130       IF(JDAY.GE.NXWL)THEN
    131         NXWL = NXWL+WLF  
    132 ! write out water level File
    133       DO JB=1,NBR            ! SR 12/2024
    134         DO I=US(JB),DS(JB)
    135           IF (I.LT.CUS(JB) .OR. BR_INACTIVE(JB)) THEN
    136             WSEL(I) = -999
    137           ELSE
    138             WSEL(I) = ELWS(I)
    139           END IF
    140         END DO
    141       END DO     
    142       WRITE(WLFN,'(f10.3,",",*(f8.3,","))')jday,((wsel(i),i=us(jb),ds(jb)),jb=1,nbr)      
    143       ENDIF
    144   ENDIF
    145   
    146 !** Time series
    147     
    148   IF (TIME_SERIES) THEN  
    149     IF (JDAY.GE.NXTMTS.OR.JDAY.GE.TSRD(TSRDP+1)) THEN 
    150       IF (JDAY.GE.TSRD(TSRDP+1)) THEN  
    151         TSRDP  = TSRDP+1  
    152         NXTMTS = TSRD(TSRDP)  
    153       END IF  
    154       NXTMTS = NXTMTS+TSRF(TSRDP)  
    155                 
    156       DO J=1,NIKTSR  
    157         I = ITSR(J)  
    158 ! find out if segment is inactive OR cell is inactive for fixed layer - do not write out tsr file  ! SW 7/24/2018
    159         IF(BR_INACTIVE(JBTSR(J)))CYCLE
    160         IF(CUS(JBTSR(J)) > I)CYCLE
    161         DO JW=1,NWB  

Page 21          Source Listing                  OUTPUTA
2026-03-30 08:48                                 ..\..\..\outputa2w2tools.F90

    162           IF (I >= US(BS(JW))-1 .AND. I <= DS(BE(JW))+1) EXIT  
    163         END DO          
    164         IF(ETSR(J) < 0)THEN                 ! SW 7/24/2018
    165             IF(INT(ABS(ETSR(J))) < KTWB(JW))CYCLE  
    166         ENDIF
    167         
    168 ! TEMP VOL WEIGHTED AVERAGE  SW 6/1/2015
    169             TVOLAVG=0.0     ! SW 6/1/2015
    170             VOLTOT=0.0
    171                 DO K=KTWB(JW),KB(I)   
    172                 VOLTOT=VOLTOT+VOL(K,I)
    173                 TVOLAVG=TVOLAVG+T1(K,I)*VOL(K,I) 
    174                 ENDDO
    175             IF(KB(I)>=KTWB(JW))tvolavg=tvolavg/voltot
    176             
    177         IF (ETSR(J) < 0) THEN  
    178           K = INT(ABS(ETSR(J)))  
    179         ELSE  
    180           DO K=KTWB(JW),KB(I)  
    181             IF (DEPTHB(K,I) > ETSR(J)) EXIT  
    182           END DO  
    183           IF (K > KB(I)) CYCLE  
    184         END IF  
    185         
    186     IF(K >= KTWB(JW))THEN      ! SW 4/4/2018 ADDED TO ELIMINATE THE LAST VALUE OF A VARIABLE BEING USED FOR CASE WHEN ESTR I
    186 S NEGATIVE
    187      
    188         DO JAC=1,NAC  
    189           L = LEN_TRIM(FMTC(CN(JAC)))  
    190           WRITE (C2CH(JAC),FMTC(CN(JAC))(1:L)) C2(K,I,CN(JAC))*CMULT(CN(JAC))  
    191         END DO  
    192         DO JF=1,NAF(JW)  
    193 !WRITE(KFCH(JF),'(E10.3)')KF(K,I,(KFCN(JF,JW)))*VOL(K,I)/1000./DAY
    194           WRITE(KFCH(JF),'(E10.3)')KF(K,I,(KFCN(JF,JW)))*VOL(K,I)/1000.*DAY   ! BG 12/09/18
    195         ENDDO  
    196         DO JAD=1,NACD(JW)  
    197           L = LEN_TRIM(FMTCD(CDN(JAD,JW)))  
    198           WRITE (CDCH(JAD),FMTCD(CDN(JAD,JW))(1:L)) CD(K,I,CDN(JAD,JW))*CDMULT(CDN(JAD,JW))  
    199         END DO  
    200         DO JE=1,NEP  
    201           WRITE (EDCH(JE),'(F10.3)') EPD(K,I,JE)                                                    ! SW 8/13/06
    202         END DO  
    203         DO JA=1,NAL
    204           WRITE (APCH(JA),'(F10.3)') APLIM(K,I,JA)                                                    ! SW 8/13/06
    205           WRITE (ANCH(JA),'(F10.3)') ANLIM(K,I,JA)                                                    ! SW 8/13/06
    206           WRITE (ALCH(JA),'(F10.3)') ALLIM(K,I,JA)                                                    ! SW 8/13/06
    207         END DO  
    208         DO JE=1,NEP
    209           WRITE (EPCH(JE),'(F10.3)') EPLIM(K,I,JE)                                                    ! SW 11/5/2023
    210           WRITE (ENCH(JE),'(F10.3)') ENLIM(K,I,JE)                                                     
    211           WRITE (ELCH(JE),'(F10.3)') ELLIM(K,I,JE)                                                    
    212         END DO  
    213 
    214         DO JM=1,NMC  
    215           WRITE (macCH(Jm),'(F10.3)') mac(K,I,Jm)                                                   ! SW 8/13/06
    216         END DO  
    217         IF(SEDIMENT_CALC(JW))THEN  

Page 22          Source Listing                  OUTPUTA
2026-03-30 08:48                                 ..\..\..\outputa2w2tools.F90

    218           write (sedch,'(F10.3)') sed(K,I)                                                          ! SW 8/13/06
    219           write (sedpch,'(F10.3)') sedp(K,I)  
    220           write (sednch,'(F10.3)') sedn(K,I)  
    221           write (sedcch,'(F10.3)') sedc(K,I)  
    222         END IF  
    223         IF(MET_REGIONS)THEN
    224         SRON1=SRON(WB_MetRegions(JW))
    225         RANLW1=RANLW(WB_MetRegions(JW))
    226         ELSE
    227         SRON1=SRON(JW)
    228         RANLW1=RANLW(JW)            
    229         ENDIF
    230         
    231         IF (ICE_COMPUTATION) THEN  
    232           IF(SEDIMENT_CALC(JW))THEN  
    233               IF(NEP>0 .AND. EPIPHYTON_CALC(JW,1))THEN
    234             WRITE (TSR(J),'(f10.3,",",19(F10.3,","),*(A,","))') JDAY,DLT,ELWS(I),T1(K,I),U(K,I),QC(I),SRON1*1.06,GAMMA(K,I),
    234 DEPTHB(KB(I),I),    &     ! SW 8/13/06
    235             BI(KTWB(JW),I),SHADE(I),ICETH(I),TVOLAVG,rn(i),rs(i),RANLW1,rb(i),re(i),rc(i),REAER(I)*86400.,(ADJUSTR(C2CH(JAC)
    235 ),JAC=1,NAC),                      &  ! CB 7/26/07
    236             (ADJUSTR(EDCH(JE)),JE=1,NEP),(ADJUSTR(MACCH(JM)),JM=1,NMC),SEDCH,SEDPCH,SEDNCH,SEDCCH, &  
    237             (ADJUSTR(CDCH(JAD)),JAD=1,NACD(JW)),(ADJUSTR(KFCH(JF)),JF=1,NAF(JW)),(ADJUSTR(APCH(JA)),JA=1,NAL),(ADJUSTR(ANCH(
    237 JA)),JA=1,NAL),(ADJUSTR(ALCH(JA)),JA=1,NAL), &
    238             (ADJUSTR(EPCH(JE)),JE=1,NEP),(ADJUSTR(ENCH(JE)),JE=1,NEP),(ADJUSTR(ELCH(JE)),JE=1,NEP)! SW 10/20/15
    239               ELSE
    240             WRITE (TSR(J),'(f10.3,",",19(F10.3,","),*(A,","))') JDAY,DLT,ELWS(I),T1(K,I),U(K,I),QC(I),SRON1*1.06,GAMMA(K,I),
    240 DEPTHB(KB(I),I),    &     ! SW 8/13/06
    241             BI(KTWB(JW),I),SHADE(I),ICETH(I),TVOLAVG,rn(i),rs(i),RANLW1,rb(i),re(i),rc(i),REAER(I)*86400.,(ADJUSTR(C2CH(JAC)
    241 ),JAC=1,NAC),                      &  ! CB 7/26/07
    242             (ADJUSTR(MACCH(JM)),JM=1,NMC),SEDCH,SEDPCH,SEDNCH,SEDCCH, &  
    243             (ADJUSTR(CDCH(JAD)),JAD=1,NACD(JW)),(ADJUSTR(KFCH(JF)),JF=1,NAF(JW)),(ADJUSTR(APCH(JA)),JA=1,NAL),(ADJUSTR(ANCH(
    243 JA)),JA=1,NAL),(ADJUSTR(ALCH(JA)),JA=1,NAL)    ! SW 10/20/15
    244                   
    245               ENDIF
    246               
    247           ELSE  
    248               IF(NEP>0 .AND. EPIPHYTON_CALC(JW,1))THEN
    249             WRITE (TSR(J),'(f10.3,",",19(F10.3,","),*(A,","))') JDAY,DLT,ELWS(I),T1(K,I),U(K,I),QC(I),SRON1*1.06,GAMMA(K,I),
    249 DEPTHB(KB(I),I),      &     ! SW 8/13/06
    250             BI(KTWB(JW),I),SHADE(I),ICETH(I),TVOLAVG,rn(i),rs(i),RANLW1,rb(i),re(i),rc(i),REAER(I)*86400.,(ADJUSTR(C2CH(JAC)
    250 ),JAC=1,NAC),                      &  ! CB 7/26/07
    251             (ADJUSTR(EDCH(JE)),JE=1,NEP),(ADJUSTR(MACCH(JM)),JM=1,NMC),                            &  
    252             (ADJUSTR(CDCH(JAD)),JAD=1,NACD(JW)),(ADJUSTR(KFCH(JF)),JF=1,NAF(JW)),(ADJUSTR(APCH(JA)),JA=1,NAL),(ADJUSTR(ANCH(
    252 JA)),JA=1,NAL),(ADJUSTR(ALCH(JA)),JA=1,NAL),   & ! SW 10/20/15
    253             (ADJUSTR(EPCH(JE)),JE=1,NEP),(ADJUSTR(ENCH(JE)),JE=1,NEP),(ADJUSTR(ELCH(JE)),JE=1,NEP)
    254               ELSE
    255             WRITE (TSR(J),'(f10.3,",",19(F10.3,","),*(A,","))') JDAY,DLT,ELWS(I),T1(K,I),U(K,I),QC(I),SRON1*1.06,GAMMA(K,I),
    255 DEPTHB(KB(I),I),      &     ! SW 8/13/06
    256             BI(KTWB(JW),I),SHADE(I),ICETH(I),TVOLAVG,rn(i),rs(i),RANLW1,rb(i),re(i),rc(i),REAER(I)*86400.,(ADJUSTR(C2CH(JAC)
    256 ),JAC=1,NAC),                      &  ! CB 7/26/07
    257             (ADJUSTR(MACCH(JM)),JM=1,NMC),                            &  
    258             (ADJUSTR(CDCH(JAD)),JAD=1,NACD(JW)),(ADJUSTR(KFCH(JF)),JF=1,NAF(JW)),(ADJUSTR(APCH(JA)),JA=1,NAL),(ADJUSTR(ANCH(
    258 JA)),JA=1,NAL),(ADJUSTR(ALCH(JA)),JA=1,NAL)    ! SW 10/20/15
    259               ENDIF
    260               
    261           END IF  
    262         ELSE  

Page 23          Source Listing                  OUTPUTA
2026-03-30 08:48                                 ..\..\..\outputa2w2tools.F90

    263           IF(SEDIMENT_CALC(JW))THEN  
    264               IF(NEP>0 .AND. EPIPHYTON_CALC(JW,1))THEN
    265             WRITE (TSR(J),'(f10.3,",",18(F10.3,","),*(A,","))') JDAY,DLT,ELWS(I),T1(K,I),U(K,I),QC(I),SRON1*1.06,GAMMA(K,I),
    265 DEPTHB(KB(I),I),    &     ! SW 8/13/06
    266             BI(KTWB(JW),I),SHADE(I),TVOLAVG,rn(i),rs(i),RANLW1,rb(i),re(i),rc(i),REAER(I)*86400.,(ADJUSTR(C2CH(JAC)),JAC=1,N
    266 AC),(ADJUSTR(EDCH(JE)),            &  ! CB 7/26/07
    267             JE=1,NEP),(ADJUSTR(MACCH(JM)),JM=1,NMC),SEDCH,SEDPCH,SEDNCH,SEDCCH,                   &  
    268             (ADJUSTR(CDCH(JAD)),JAD=1,NACD(JW)),(ADJUSTR(KFCH(JF)),JF=1,NAF(JW)),(ADJUSTR(APCH(JA)),JA=1,NAL),(ADJUSTR(ANCH(
    268 JA)),JA=1,NAL),(ADJUSTR(ALCH(JA)),JA=1,NAL), &    ! SW 10/20/15
    269             (ADJUSTR(EPCH(JE)),JE=1,NEP),(ADJUSTR(ENCH(JE)),JE=1,NEP),(ADJUSTR(ELCH(JE)),JE=1,NEP)
    270               ELSE
    271             WRITE (TSR(J),'(f10.3,",",18(F10.3,","),*(A,","))') JDAY,DLT,ELWS(I),T1(K,I),U(K,I),QC(I),SRON1*1.06,GAMMA(K,I),
    271 DEPTHB(KB(I),I),    &     ! SW 8/13/06
    272             BI(KTWB(JW),I),SHADE(I),TVOLAVG,rn(i),rs(i),RANLW1,rb(i),re(i),rc(i),REAER(I)*86400.,(ADJUSTR(C2CH(JAC)),JAC=1,N
    272 AC),           &  ! CB 7/26/07
    273             (ADJUSTR(MACCH(JM)),JM=1,NMC),SEDCH,SEDPCH,SEDNCH,SEDCCH,                   &  
    274             (ADJUSTR(CDCH(JAD)),JAD=1,NACD(JW)),(ADJUSTR(KFCH(JF)),JF=1,NAF(JW)),(ADJUSTR(APCH(JA)),JA=1,NAL),(ADJUSTR(ANCH(
    274 JA)),JA=1,NAL),(ADJUSTR(ALCH(JA)),JA=1,NAL)    ! SW 10/20/15
    275               ENDIF
    276               
    277           ELSE  
    278               IF(NEP>0 .AND. EPIPHYTON_CALC(JW,1))THEN
    279             WRITE (TSR(J),'(f10.3,",",18(F10.3,","),*(A,","))') JDAY,DLT,ELWS(I),T1(K,I),U(K,I),QC(I),SRON1*1.06,GAMMA(K,I),
    279 DEPTHB(KB(I),I),      &      ! SW 8/13/06
    280             BI(KTWB(JW),I),SHADE(I),TVOLAVG,rn(i),rs(i),RANLW1,rb(i),re(i),rc(i),REAER(I)*86400.,(ADJUSTR(C2CH(JAC)),JAC=1,N
    280 AC),(ADJUSTR(EDCH(JE)),            &  ! CB 7/26/07
    281             JE=1,NEP),(ADJUSTR(MACCH(JM)),JM=1,NMC),(ADJUSTR(CDCH(JAD)),JAD=1,NACD(JW)),    &  
    282             (ADJUSTR(KFCH(JF)),JF=1,NAF(JW)),(ADJUSTR(APCH(JA)),JA=1,NAL),(ADJUSTR(ANCH(JA)),JA=1,NAL),(ADJUSTR(ALCH(JA)),JA
    282 =1,NAL), &    ! SW 10/20/15
    283             (ADJUSTR(EPCH(JE)),JE=1,NEP),(ADJUSTR(ENCH(JE)),JE=1,NEP),(ADJUSTR(ELCH(JE)),JE=1,NEP)
    284               ELSE
    285             WRITE (TSR(J),'(f10.3,",",18(F10.3,","),*(A,","))') JDAY,DLT,ELWS(I),T1(K,I),U(K,I),QC(I),SRON1*1.06,GAMMA(K,I),
    285 DEPTHB(KB(I),I),      &      ! SW 8/13/06
    286             BI(KTWB(JW),I),SHADE(I),TVOLAVG,rn(i),rs(i),RANLW1,rb(i),re(i),rc(i),REAER(I)*86400.,(ADJUSTR(C2CH(JAC)),JAC=1,N
    286 AC),            &  ! CB 7/26/07
    287             (ADJUSTR(MACCH(JM)),JM=1,NMC),(ADJUSTR(CDCH(JAD)),JAD=1,NACD(JW)),    &  
    288             (ADJUSTR(KFCH(JF)),JF=1,NAF(JW)),(ADJUSTR(APCH(JA)),JA=1,NAL),(ADJUSTR(ANCH(JA)),JA=1,NAL),(ADJUSTR(ALCH(JA)),JA
    288 =1,NAL)    ! SW 10/20/15
    289               ENDIF
    290           END IF  
    291         END IF 
    292      ELSE      ! SW 4/4/2018
    293         IF (ICE_COMPUTATION) THEN  
    294           IF(SEDIMENT_CALC(JW))THEN  
    295             WRITE (TSR(J),'(f10.3,",",19(F10.3,","),*(F10.1,","))') JDAY,DLT,ELWS(I),-99.,-99.,QC(I),SRON1*1.06,-99.,DEPTHB(
    295 KB(I),I),    &     ! SW 8/13/06
    296             BI(KTWB(JW),I),SHADE(I),ICETH(I),TVOLAVG,rn(i),rs(i),RANLW1,rb(i),re(i),rc(i),REAER(I)*86400.,(-99.,JAC=1,NAC), 
    296                      &  ! CB 7/26/07
    297             (-99.,JE=1,NEP),(-99.,JM=1,NMC), SED(K,I),SEDP(K,I),SEDN(K,I),SEDC(K,I),               &                        
    297         !SEDCH,SEDPCH,SEDNCH,SEDCCH, &
    298             (-99.,JAD=1,NACD(JW)),(-99.,JF=1,NAF(JW)),(-99.,JA=1,NAL),(-99.,JA=1,NAL),(-99.,JA=1,NAL)     ! SW 10/20/15
    299           ELSE  
    300             WRITE (TSR(J),'(f10.3,",",19(F10.3,","),*(F10.1,","))') JDAY,DLT,ELWS(I),-99.,-99.,QC(I),SRON1*1.06,-99.,DEPTHB(
    300 KB(I),I),      &     ! SW 8/13/06
    301             BI(KTWB(JW),I),SHADE(I),ICETH(I),TVOLAVG,rn(i),rs(i),RANLW1,rb(i),re(i),rc(i),REAER(I)*86400.,(-99.,JAC=1,NAC), 
    301                      &  ! CB 7/26/07
    302             (-99.,JE=1,NEP),(-99.,JM=1,NMC),                            &  

Page 24          Source Listing                  OUTPUTA
2026-03-30 08:48                                 ..\..\..\outputa2w2tools.F90

    303             (-99.,JAD=1,NACD(JW)),(-99.,JF=1,NAF(JW)),(-99.,JA=1,NAL),(-99.,JA=1,NAL),(-99.,JA=1,NAL)     ! SW 10/20/15
    304           END IF  
    305         ELSE  
    306           IF(SEDIMENT_CALC(JW))THEN  
    307             WRITE (TSR(J),'(f10.3,",",18(F10.3,","),*(F10.1,","))') JDAY,DLT,ELWS(I),-99.,-99.,QC(I),SRON1*1.06,-99.,DEPTHB(
    307 KB(I),I),    &     ! SW 8/13/06
    308             BI(KTWB(JW),I),SHADE(I),TVOLAVG,rn(i),rs(i),RANLW1,rb(i),re(i),rc(i),REAER(I)*86400.,(-99.,JAC=1,NAC),          
    308             &  ! CB 7/26/07
    309             (-99.,JE=1,NEP),(-99.,JM=1,NMC), SED(K,I),SEDP(K,I),SEDN(K,I),SEDC(K,I),               &                        
    309           !SEDCH,SEDPCH,SEDNCH,SEDCCH, &
    310             (-99.,JAD=1,NACD(JW)),(-99.,JF=1,NAF(JW)),(-99.,JA=1,NAL),(-99.,JA=1,NAL),(-99.,JA=1,NAL)    ! SW 10/20/15
    311           ELSE  
    312             WRITE (TSR(J),'(f10.3,",",18(F10.3,","),*(F10.1,","))') JDAY,DLT,ELWS(I),-99.,-99.,QC(I),SRON1*1.06,-99.,DEPTHB(
    312 KB(I),I),      &     ! SW 8/13/06
    313             BI(KTWB(JW),I),SHADE(I),TVOLAVG,rn(i),rs(i),RANLW1,rb(i),re(i),rc(i),REAER(I)*86400.,(-99.,JAC=1,NAC),          
    313             &  ! CB 7/26/07
    314             (-99.,JE=1,NEP),(-99.,JM=1,NMC),                            &  
    315             (-99.,JAD=1,NACD(JW)),(-99.,JF=1,NAF(JW)),(-99.,JA=1,NAL),(-99.,JA=1,NAL),(-99.,JA=1,NAL)    ! SW 10/20/15
    316           END IF  
    317         END IF        
    318      ENDIF   ! SW 4/4/2018
    319      
    320     IF(ALGAE_TOXIN)THEN
    321       IF(ATOX_DEBUG=='ON')THEN
    322           WRITE(ATOXIN_DEBUG_FN,'(F10.3,",",I4,",",I4,",",<NUMATOXINS>(E12.4,","),<NUMATOXINS>(E12.4,","),<NUMATOXINS>(E12.4
    322 ,","),<NAL>(E12.4,","))')JDAY,K,I,(EX_TOXIN(K,I,JA),JA=1,numatoxins),(IN_TOXIN(K,I,JA),JA=1,numatoxins),(CTESS(K,I,JA),JA=1,
    322 numatoxins),(ALG(K,I,JA),JA=1,NAL)
    323       ENDIF
    324     ENDIF    
    325      
    326       END DO  
    327     END IF  
    328   END IF  
    329     
    330                 
    331    
    332   DO JW=1,NWB  
    333       
    334 !**** Inactive segments
    335       
    336     JB       = BS(JW)  
    337     NBL(JW)  = 1  
    338     IBPR(JW) = 1  
    339     DO I=1,NISNP(JW)-1  
    340       IF (CUS(JB) > ISNP(I,JW)) THEN  
    341         BL(NBL(JW),JW) = I  
    342         NBL(JW)        = NBL(JW)+1  
    343         IBPR(JW)       = I+1  
    344       END IF  
    345       IF (ISNP(I+1,JW) > DS(JB)) JB = JB+1  
    346     END DO  
    347     NBL(JW) = NBL(JW)-1  
    348       
    349 !**** Snapshots
    350       
    351     IF (SNAPSHOT(JW)) THEN  
    352       IF (JDAY >= NXTMSN(JW) .OR. JDAY >= SNPD(SNPDP(JW)+1,JW)) THEN  

Page 25          Source Listing                  OUTPUTA
2026-03-30 08:48                                 ..\..\..\outputa2w2tools.F90

    353         IF (JDAY >= SNPD(SNPDP(JW)+1,JW)) THEN  
    354           SNPDP(JW)  = SNPDP(JW)+1  
    355           NXTMSN(JW) = SNPD(SNPDP(JW),JW)  
    356         END IF  
    357         NXTMSN(JW) = NXTMSN(JW)+SNPF(SNPDP(JW),JW)  
    358         WRITE (SNP(JW),10490) W2VER,(TITLE(J),J=1,10)  
    359         WRITE (SNP(JW),10500) 'Time Parameters',MONTH,GDAY,YEAR,INT(JDAY),(JDAY-INT(JDAY))*24.0,INT(ELTMJD),                
    359      &  
    360         (ELTMJD-INT(ELTMJD))*24.0,INT(DLTS1),KLOC,ILOC,INT(MINDLT),INT(JDMIN),(JDMIN-INT(JDMIN))*24.0,     &  
    361         KMIN,IMIN  
    362         IF (LIMITING_DLT(JW))  WRITE (SNP(JW),10510) KMIN,IMIN  
    363         WRITE (SNP(JW),10520)  INT(DLTAV),NIT,NV  
    364         WRITE (SNP(JW),10530) 'Meteorological Parameters'  
    365 !WRITE (SNP(JW),10540)  TAIR(JW),DEG,TDEW(JW),DEG,PHI(JW),CLOUD(JW),ET(DS(1)),DEG,CSHE(DS(1)),SRON(JW),DEG
    366         if(.not.Met_Regions)then
    367         WRITE (SNP(JW),10540)  TAIR(JW),DEG,TDEW(JW),DEG,PHI(JW),CLOUD(JW),ET(DS(JBDN(JW))),DEG,CSHE(DS(JBDN(JW))),SRON(JW),
    367 DEG !SR 11/30/2021
    368         else
    369             WRITE (SNP(JW),'(A,i3)')'Meteorological Data in Regions. Region #', WB_MetRegions(JW)
    370             WRITE (SNP(JW),10540)  TAIR(WB_MetRegions(JW)),DEG,TDEW(WB_MetRegions(JW)),DEG,PHI(WB_MetRegions(JW)),CLOUD(WB_M
    370 etRegions(JW)),ET(DS(JBDN(JW))),DEG,CSHE(DS(JBDN(JW))),SRON(WB_MetRegions(JW)),DEG !SR 11/30/2021
    371         endif
    372         
    373         WRITE (SNP(JW),10550) 'Inflows','Upstream inflows'  
    374         DO JB=BS(JW),BE(JW)  
    375           IF(BR_INACTIVE(JB))THEN
    376           IF (UP_FLOW(JB)) WRITE (SNP(JW),10561) JB,KTQIN(JB),KBQIN(JB),QIN(JB),TIN(JB),DEG 
    377           ELSE
    378           IF (UP_FLOW(JB)) WRITE (SNP(JW),10560) JB,KTQIN(JB),KBQIN(JB),QIN(JB),TIN(JB),DEG  
    379           ENDIF
    380       END DO  
    381       IF (ANY(DIST_TRIBS(BS(JW):BE(JW)))) THEN                                                                      !SR 11/3
    381 0/2021
    382              WRITE (SNP(JW),10570)                                           ! statement moved outside of loop      !SR 11/3
    382 0/2021
    383              DO JB=BS(JW),BE(JW) 
    384                      IF (DIST_TRIBS(JB)) THEN 
    385                          IF(BR_INACTIVE(JB))THEN
    386                           WRITE (SNP(JW),10581) JB,QDTR(JB),TDTR(JB),DEG
    387                           ELSE
    388                           WRITE (SNP(JW),10580) JB,QDTR(JB),TDTR(JB),DEG 
    389                           ENDIF
    390                      ENDIF
    391              ENDDO
    392         END IF   
    393         IF (TRIBUTARIES) THEN  
    394           WRITE (SNP(JW),10590) (ITR(JT),          JT=1,JTT)  
    395           WRITE (SNP(JW),10600) (KTTR(JT),KBTR(JT),JT=1,JTT)  
    396           WRITE (SNP(JW),10610) (QTR(JT),          JT=1,JTT)  
    397           WRITE (SNP(JW),10620) (TTR(JT),          JT=1,JTT)  
    398         END IF  
    399         WRITE (SNP(JW),10630)  
    400         DO JB=BS(JW),BE(JW)  
    401           IF (DN_FLOW(JB)) THEN  
    402             WRITE (SNP(JW),10640)  JB,(QSTR(JS,JB),JS=1,JSS(JB))
    403             WRITE (SNP(JW),10641) (ESTR(JS,JB),JS=1,JSS(JB))  
    404             WRITE (SNP(JW),10650)  QSUM(JB),(K,K=KTWB(JW),KB(DS(JB)))  

Page 26          Source Listing                  OUTPUTA
2026-03-30 08:48                                 ..\..\..\outputa2w2tools.F90

    405             WRITE (SNP(JW),10660) (QOUT(K,JB), K=KTWB(JW),KB(DS(JB)))  
    406             WRITE (SNP(JW),*)
    407             WRITE (SNP(JW),'(A)')'  LAYER   DEPTH(m)   T(C) DENSITY(kg/m3)  U(m/s)     Q(m3/s)'
    408             DO K=KTWB(JW),KB(DS(JB))
    409                 WRITE (SNP(JW),'(I5,1X,F10.2,1X,F8.2,1X,F10.3,1X,F10.5,1X,F10.3)')K, DEPTHM(K,DS(JB)),T2(K,DS(JB)),RHO(K,DS(
    409 JB)),U(K,DS(JB)),QOUT(K,JB)
    410             ENDDO
    411           END IF  
    412         END DO  
    413         IF (WITHDRAWALS) THEN  
    414           DO JWD=1,JWW  
    415             WRITE (SNP(JW),10670) MAX(CUS(JBWD(JWD)),IWD(JWD)),QWD(JWD),EWD(JWD)  
    416             IF (QWD(JWD) /= 0.0) THEN  
    417               WRITE (SNP(JW),10680) (K,         K=KTW(JWD),KBW(JWD))  
    418               WRITE (SNP(JW),10690) (QSW(K,JWD),K=KTW(JWD),KBW(JWD))  
    419               
    420             WRITE (SNP(JW),*)
    421             WRITE (SNP(JW),'(A)')'  LAYER   DEPTH(m)   T(C) DENSITY(kg/m3)  Q(m3/s)'
    422             DO K=KTWB(JW),KB(IWD(JWD))
    423                 WRITE (SNP(JW),'(I5,1X,F10.2,1X,F8.2,1X,F10.3,1X,F10.3)')K, DEPTHM(K,IWD(JWD)),T2(K,IWD(JWD)),RHO(K,IWD(JWD)
    423 ),QSW(K,JWD)
    424             ENDDO             
    425               
    426             ELSE  
    427               WRITE (SNP(JW),10680)  
    428               WRITE (SNP(JW),10690) QWD(JWD)  
    429             END IF  
    430           END DO  
    431         END IF  
    432         IF (CONSTITUENTS) THEN  
    433           WRITE (SNP(JW),10700) 'Constituent Inflow Concentrations'  
    434           DO JB=BS(JW),BE(JW)  
    435             IF (UP_FLOW(JB) .AND. NACIN(JB) > 0)    WRITE (SNP(JW),10710) JB,(CNAME1(INCN(JC,JB))(1:18),CIN(INCN(JC,JB),JB),
    435      &  
    436             CUNIT2(INCN(JC,JB)),JC=1,NACIN(JB))  
    437             IF (DIST_TRIBS(JB) .AND. NACDT(JB) > 0) WRITE (SNP(JW),10730) JB,(CNAME1(DTCN(JC,JB))(1:18),CDTR(DTCN(JC,JB),JB)
    437 ,    &  
    438             CUNIT2(DTCN(JC,JB)),JC=1,NACDT(JB))  
    439           END DO  
    440           DO JT=1,NTR  
    441             IF (NACTR(JT) > 0) WRITE (SNP(JW),10720) JT,(CNAME1(TRCN(JC,JT))(1:18),CTR(TRCN(JC,JT),JT),CUNIT2(TRCN(JC,JT)), 
    441      &  
    442             JC=1,NACTR(JT))  
    443           END DO  
    444         END IF  
    445         IF (EVAPORATION(JW) .OR. PRECIPITATION(JW)) WRITE (SNP(JW),10740)  
    446         IF (EVAPORATION(JW)) THEN  
    447           WRITE (SNP(JW),10750) (JB,EVBR(JB),JB=BS(JW),BE(JW))  ! SW 9/15/05
    448           WRITE (SNP(JW),10755) (JB,-VOLEV(JB),JB=BS(JW),BE(JW))  
    449         END IF  
    450         IF (PRECIPITATION(JW)) WRITE (SNP(JW),10760) (JB,PR(JB),JB=BS(JW),BE(JW))  
    451         IF (HEAD_BOUNDARY(JW)) THEN  
    452           WRITE (SNP(JW),10770)  
    453           DO JB=BS(JW),BE(JW)  
    454             IF (UH_EXTERNAL(JB)) WRITE (SNP(JW),10780) JB,ELUH(JB)  
    455             IF (DH_EXTERNAL(JB)) WRITE (SNP(JW),10790) JB,ELDH(JB)  
    456           END DO  

Page 27          Source Listing                  OUTPUTA
2026-03-30 08:48                                 ..\..\..\outputa2w2tools.F90

    457         END IF  
    458         IF (VOLUME_BALANCE(JW)) THEN  
    459           WRITE (SNP(JW),10800)  
    460           WRITE (SNP(JW),10810) JW,VOLSR(JW),VOLTR(JW),VOLTR(JW)-VOLSR(JW),DLVR(JW)  
    461           DO JB=BS(JW),BE(JW)  
    462             IF (VOLSBR(JB) /= 0.0) DLVBR = (VOLTBR(JB)-VOLSBR(JB))/VOLSBR(JB)  
    463             WRITE (SNP(JW),10820) JB,VOLSBR(JB),VOLTBR(JB),VOLTBR(JB)-VOLSBR(JB),DLVBR*100.0  
    464           END DO  
    465         END IF  
    466         IF (ENERGY_BALANCE(JW)) THEN  
    467           WRITE (SNP(JW),10830)  
    468           IF (ESR(JW) /= 0.0) DLE = (ESR(JW)-ETR(JW))/ESR(JW)  
    469           WRITE (SNP(JW),10840) JW,ESR(JW)*4.184E3,ETR(JW)*4.184E3,(ESR(JW)-ETR(JW))*4.184E3,DLE*100.0  
    470           DO JB=BS(JW),BE(JW)  
    471             WRITE (SNP(JW),10870) JB  
    472             IF (ESBR(JB) /= 0.0) DLE = (ESBR(JB)-ETBR(JB))/ESBR(JB)  
    473             WRITE (SNP(JW),10850) ESBR(JB)*4.184E3,ETBR(JB)*4.1843E3,(ESBR(JB)-ETBR(JB))*4.1843E3,DLE*100.0  
    474           END DO  
    475         END IF  
    476         IF (MASS_BALANCE(JW)) THEN  
    477           WRITE (SNP(JW),10860)  
    478           DO JB=BS(JW),BE(JW)  
    479             WRITE (SNP(JW),10870) JB  
    480             DO JC=1,NAC  
    481               IF (CMBRS(CN(JC),JB) /= 0.0) DLMR = (CMBRT(CN(JC),JB)-CMBRS(CN(JC),JB))/(CMBRS(CN(JC),JB)+NONZERO)*100.0  
    482               WRITE (SNP(JW),10880) CNAME1(CN(JC)),CMBRS(CN(JC),JB),CUNIT1(CN(JC)),CMBRT(CN(JC),JB),CUNIT1(CN(JC)),         
    482      &  
    483                                     (CMBRT(CN(JC),JB)-CMBRS(CN(JC),JB)),CUNIT1(CN(JC)),DLMR  
    484             END DO  
    485               
    486             DO M=1,NMC  
    487               IF(MACROPHYTE_CALC(JW,M))THEN  
    488                 IF (MACMBRS(JB,M).NE.0.0) THEN  
    489                   DLMR = (MACMBRT(JB,M)-MACMBRS(JB,M))/(MACMBRS(JB,M)+NONZERO)  
    490                 END IF  
    491                 WRITE (SNP(JW),3312) M,MACMBRS(JB,M),MACMBRT(JB,M),(MACMBRT(JB,M)-MACMBRS(JB,M)),DLMR*100.0  
    492 3312            FORMAT(5X,'Macrophyte spec ',i2,/7X,'Spatially integrated mass [MACMBRS] = ',1PE15.8E2,1X,'g ',/7X,   &  
    493                     'Temporally integrated mass [MACMBRT] = ',1PE15.8E2,1X,'g ',/7X,'Mass error                         = ',
    493   &  
    494                     1PE15.8E2,1X,'g ',/7X,'Percent error                      = ',1PE15.8E2,' %')  
    495               END IF  
    496             END DO  
    497               
    498           END DO  
    499         END IF  
    500         WRITE (SNP(JW),10890) 'Geometry',KTWB(JW),ELKT(JW)  
    501         WRITE (SNP(JW),10900) (JB,CUS(JB),JB=BS(JW),BE(JW))  
    502         CALL OUTPUT (JDAY,IBPR(JW),NISNP(JW),KBR(JW),ISNP,BL(1,JW),NBL(JW))  
    503 
    504       END IF  
    505     END IF  
    506       
    507 !**** Vertical profiles
    508       
    509     IF (PROFILE(JW)) THEN  
    510       IF (JDAY >= NXTMPR(JW) .OR. JDAY >= PRFD(PRFDP(JW)+1,JW)) THEN  
    511         IF (JDAY >= PRFD(PRFDP(JW)+1,JW)) THEN  

Page 28          Source Listing                  OUTPUTA
2026-03-30 08:48                                 ..\..\..\outputa2w2tools.F90

    512           PRFDP(JW)  = PRFDP(JW)+1  
    513           NXTMPR(JW) = PRFD(PRFDP(JW),JW)  
    514         END IF  
    515         NXTMPR(JW) = NXTMPR(JW)+PRFF(PRFDP(JW),JW)  
    516         NSPRF(JW)  = NSPRF(JW)+1  
    517         if(iprf(1,1) /= -1)then     ! SW 4/1/2016
    518         WRITE (PRF(JW),'(F8.3,1X,A3,I3,A,2I4,F8.4,I8)')JDAY,ADJUSTL(MONTH),GDAY,', ',YEAR,KTWB(JW),SNGL(Z(DS(BS(JW)))),NSPRF
    518 (JW)  
    519         DO JP=1,NIPRF(JW)  
    520           NRS = KB(IPRF(JP,JW))-KTWB(JW)+1  
    521           WRITE (PRF(JW),'(A8,I4/(8F10.2))') 'TEMP    ',NRS,(T2(K,IPRF(JP,JW)),K=KTWB(JW),KB(IPRF(JP,JW)))  
    522         END DO  
    523         DO JC=1,NAC  
    524           IF (PRINT_CONST(CN(JC),JW)) THEN  
    525             DO JP=1,NIPRF(JW)  
    526               NRS = KB(IPRF(JP,JW))-KTWB(JW)+1  
    527               WRITE (PRF(JW),'(A8,I4/(8(E13.6,2X)))') ADJUSTL(CNAME2(CN(JC))),NRS,(C2(K,IPRF(JP,JW),CN(JC))*CMULT(CN(JC)),  
    527      &     ! CB 1/24/05
    528               K=KTWB(JW),KB(IPRF(JP,JW)))  
    529             END DO  
    530           END IF  
    531         END DO  
    532         IF (CONSTITUENTS) THEN  
    533           DO JD=1,NACD(JW)  
    534             DO JP=1,NIPRF(JW)  
    535               NRS = KB(IPRF(JP,JW))-KTWB(JW)+1  
    536               WRITE (PRF(JW),'(A8,I4/(8(E13.6,2X)))') ADJUSTL(CDNAME2(CDN(JD,JW))),NRS,(CD(K,IPRF(JP,JW),CDN(JD,JW))        
    536      &      ! CB 1/24/05
    537               *CDMULT(CDN(JD,JW)),K=KTWB(JW), KB(IPRF(JP,JW)))  
    538             END DO  
    539           END DO  
    540         END IF
    541         
    542         elseif(jw == 1)then   ! write out individual files on these days
    543              WRITE (SEGNUM,'(F8.2)')JDAY            !   '(I0)'    INT(JDAY)
    544              SEGNUM = ADJUSTL(SEGNUM)
    545              L      = LEN_TRIM(SEGNUM)
    546              OPEN  (NUNIT,FILE='ProfLongJD'//SEGNUM(1:L)//'.csv',STATUS='UNKNOWN')
    547              IF(CONSTITUENTS)THEN
    548              WRITE(NUNIT,'(*(A,","))')'Seg#','ElevWaterSurf(m)','Q(m3/s)','SurfaceTemp(oC)','Depth(m)','Width(m)','VolWeighT
    548 emp(oC)' ,(CNAME2(CN(JC)),JC=1,NAC),(CDNAME2(CDN(JD,JW)),JD=1,NACD(JW))
    549              ELSE
    550              WRITE(NUNIT,'(*(A,","))')'Seg#','ElevWaterSurf(m)','Q(m3/s)','SurfaceTemp(oC)','Depth(m)','Width(m)','VolWeighT
    550 emp(oC)'   
    551              ENDIF
    552              
    553                  DO JJ=1,NWB
    554                      K=KTWB(JJ)
    555                      DO JB=BS(JJ),BE(JJ)
    556                          DO I=CUS(JB),DS(JB)
    557                              
    558 ! TEMP VOL WEIGHTED AVERAGE  SW 8/30/2018
    559                                         TVOLAVG=0.0     ! SW 8/30/2018
    560                                         VOLTOT=0.0
    561                                         DO KK=KTWB(JW),KB(I)   
    562                                             VOLTOT=VOLTOT+VOL(KK,I)
    563                                             TVOLAVG=TVOLAVG+T1(KK,I)*VOL(KK,I) 

Page 29          Source Listing                  OUTPUTA
2026-03-30 08:48                                 ..\..\..\outputa2w2tools.F90

    564                                         ENDDO
    565                                         IF(KB(I)>=KTWB(JW))tvolavg=tvolavg/voltot
    566     
    567                              IF(CONSTITUENTS)THEN
    568                              WRITE(NUNIT,'(I5,",",*(F12.4,","))')I,ELWS(I),QC(I),T2(K,I),DEPTHB(KB(I),I),B(KTI(I),I),TVOLAVG
    568 ,(C2(K,I,CN(JAC))*CMULT(CN(JAC)),JAC=1,NAC),(CD(K,I,CDN(JD,JW))*CDMULT(CDN(JD,JW)),JD=1,NACD(JW))
    569                              ELSE
    570                             WRITE(NUNIT,'(I5,",",*(F12.4,","))')I,ELWS(I),QC(I),T2(K,I),DEPTHB(KB(I),I),B(KTI(I),I),TVOLAVG
    571                             ENDIF
    572                          ENDDO
    573                      ENDDO
    574                  ENDDO
    575                  CLOSE(NUNIT)
    576           endif     ! end of iprf /= -1
    577    
    578       END IF  
    579     END IF  
    580       
    581 !**** Spreadsheet
    582       
    583     IF (SPREADSHEET(JW)) THEN  
    584       IF (JDAY >= NXTMSP(JW) .OR. JDAY >= SPRD(SPRDP(JW)+1,JW)) THEN  
    585         IF (JDAY >= SPRD(SPRDP(JW)+1,JW)) THEN  
    586           SPRDP(JW)  = SPRDP(JW)+1  
    587           NXTMSP(JW) = SPRD(SPRDP(JW),JW)  
    588         END IF  
    589         CONV1      = BLANK1  
    590         NXTMSP(JW) = NXTMSP(JW)+SPRF(SPRDP(JW),JW)  
    591 !DO J=1,NISPR(JW)
    592 !  KBMAX(JW) = MAX(KB(ISPR(J,JW)),KBMAX(JW))
    593         IF(SPRC(JW)   == '     ONV')THEN    ! SW 8/31/2018
    594         DO J=1,NISPR(JW)  
    595 !KBMAX(JW) = MAX(KB(ISPR(J,JW)),KBMAX(JW))
    596             K=KTWB(JW)
    597 ! TEMP VOL WEIGHTED AVERAGE  SW 8/30/2018
    598                                         TVOLAVG=0.0     ! SW 8/30/2018
    599                                         VOLTOT=0.0
    600                                         DO KK=KTWB(JW),KB(ISPR(J,JW))      ! cb 11/13/18
    601                                             VOLTOT=VOLTOT+VOL(KK,ISPR(J,JW))
    602                                             TVOLAVG=TVOLAVG+T1(KK,ISPR(J,JW))*VOL(KK,ISPR(J,JW)) 
    603                                         ENDDO
    604                                         IF(KB(ISPR(J,JW))>=KTWB(JW))THEN
    605                                             tvolavg=tvolavg/voltot
    606                                         ELSE
    607                                             TVOLAVG=-99.0
    608                                         ENDIF
    609                                         WRITE (CONV1(K,ISPR(J,JW)),'(F12.3)') TVOLAVG
    610         ENDDO          
    611 !WRITE (SPRV(JW),'(A,",",F10.3,",",*(A,","))') 'Temperature(C)',JDAY,(CONV1(K,ISPR(J,JW)),J=1,NISPR(JW))
    612         WRITE (SPRV(JW),'(A,",",F12.4,",",*(A,","))') '"Temperature(C)                             "',JDAY,(CONV1(K,ISPR(J,J
    612 W)),J=1,NISPR(JW))     ! SW 6/2025
    613 
    614         
    615         DO JC=1,NAC  
    616           IF (PRINT_CONST(CN(JC),JW)) THEN  
    617             DO J=1,NISPR(JW)  
    618                                        TVOLAVG=0.0     ! SW 8/30/2018

Page 30          Source Listing                  OUTPUTA
2026-03-30 08:48                                 ..\..\..\outputa2w2tools.F90

    619                                         VOLTOT=0.0
    620                                         DO KK=KTWB(JW),KB(ISPR(J,JW))   ! cb 11/13/18
    621                                             VOLTOT=VOLTOT+VOL(KK,ISPR(J,JW))
    622                                             TVOLAVG=TVOLAVG+ C2(KK,ISPR(J,JW),CN(JC))*CMULT(CN(JC))*VOL(KK,ISPR(J,JW)) 
    623                                         ENDDO
    624                                         IF(KB(ISPR(J,JW))>=KTWB(JW))THEN
    625                                             tvolavg=tvolavg/voltot
    626                                         ELSE
    627                                             TVOLAVG=-99.0
    628                                         ENDIF
    629                 WRITE (CONV1(K,ISPR(J,JW)),'(ES12.4)') TVOLAVG                                                ! f12.4 SW 8/3
    629 1/18; 2/11/2026
    630             END DO   
    631 !   WRITE (SPRV(JW),'(A,",",F10.3,",",*(A,","))') trim(CNAME3(CN(JC))),JDAY,(CONV1(K,ISPR(J,JW)),J=1,NISPR(JW))
    632             WRITE (SPRV(JW),'(A43,",",F12.4,",",*(A,","))') CNAME(CN(JC)),JDAY,(CONV1(K,ISPR(J,JW)),J=1,NISPR(JW))   ! SW 6/
    632 2025
    633           END IF  
    634         END DO  
    635         IF (CONSTITUENTS) THEN  
    636           DO JD=1,NACD(JW)  
    637             IF (PRINT_DERIVED(CDN(JD,JW),JW)) THEN  
    638               DO J=1,NISPR(JW)  
    639                   TVOLAVG=0.0     ! SW 8/30/2018
    640                                         VOLTOT=0.0
    641                                         DO KK=KTWB(JW),KB(ISPR(J,JW))   ! cb 11/13/18
    642                                             VOLTOT=VOLTOT+VOL(KK,ISPR(J,JW))
    643                                             TVOLAVG=TVOLAVG+ CD(KK,ISPR(J,JW),CDN(JD,JW))*CDMULT(CDN(JD,JW))*VOL(KK,ISPR(J,J
    643 W)) 
    644                                         ENDDO
    645                                         IF(KB(ISPR(J,JW))>=KTWB(JW))THEN
    646                                             tvolavg=tvolavg/voltot
    647                                         ELSE
    648                                             TVOLAVG=-99.0
    649                                         ENDIF
    650                   WRITE (CONV1(K,ISPR(J,JW)),'(es12.4)') TVOLAVG                                     ! SW 8/31/18
    651               END DO  
    652 !WRITE (SPRV(JW),'(A,",",F10.3,",",*(A,","))') trim(CDNAME3(CDN(JD,JW))),JDAY,(CONV1(K,ISPR(J,JW)),J=1,NISPR(JW))
    653                 WRITE (SPRV(JW),'(A43,",",F12.4,",",*(A,","))') CDNAME(CDN(JD,JW)),JDAY,(CONV1(K,ISPR(J,JW)),J=1,NISPR(JW)) 
    653  ! SW 6/2025
    654             END IF  
    655             END DO  
    656             END IF    
    657           ENDIF         ! END SECTION ONV
    658         DO J=1,NISPR(JW)  
    659           KBMAX(JW) = MAX(KB(ISPR(J,JW)),KBMAX(JW))  
    660           DO K=KTWB(JW),KB(ISPR(J,JW))  
    661             WRITE (CONV1(K,J),'(F12.3)') T2(K,ISPR(J,JW))  
    662           END DO  
    663 
    664         END DO  
    665         DO K=KTWB(JW),KBMAX(JW)  
    666 !WRITE (SPR(JW),'(A,",",2(F10.3,","),*(F10.3,",",A,","))') 'Temperature(C)',JDAY,DEPTHM(K,DS(BS(JW))),                      
    666 &
    667           WRITE (SPR(JW),'(A,",",2(F12.4,","),*(F10.3,",",A,","))') '"Temperature(C)                             "',JDAY,DEP
    667 THM(K,DS(BS(JW))),     &    ! SW 6/2025
    668           (ELWS(ISPR(J,JW))-DEPTHM(K,ISPR(J,JW)),CONV1(K,J),J=1,NISPR(JW))  
    669         END DO 

Page 31          Source Listing                  OUTPUTA
2026-03-30 08:48                                 ..\..\..\outputa2w2tools.F90

    670         DO J=1,NISPR(JW)  
    671           DO K=KTWB(JW),KB(ISPR(J,JW))     ! SW 8/2/2023
    672             WRITE (CONV1(K,J),'(F12.4)') U(K,ISPR(J,JW))  
    673           END DO 
    674         ENDDO
    675         
    676 
    677         DO K=KTWB(JW),KBMAX(JW)  
    678 ! WRITE (SPR(JW),'(A,",",2(F10.3,","),*(F10.3,",",A,","))') 'HorizontalVelocity(ms-1)',JDAY,DEPTHM(K,DS(BS(JW))),           
    678            &
    679         WRITE (SPR(JW),'(A,",",2(F12.4,","),*(F10.3,",",A,","))') '"HorizontalVelocity(m/s)                    "',JDAY,DEPTH
    679 M(K,DS(BS(JW))),      &    ! SW 6/2025
    680           (ELWS(ISPR(J,JW))-DEPTHM(K,ISPR(J,JW)),CONV1(K,J),J=1,NISPR(JW))  
    681         END DO  
    682         DO J=1,NISPR(JW)  
    683           DO K=KTWB(JW),KB(ISPR(J,JW))  
    684             WRITE (CONV1(K,J),'(ES12.4)') U(K,ISPR(J,JW))*BHR(K,ISPR(J,JW))                    !F12.4
    685           END DO  
    686         ENDDO
    687         
    688 
    689         DO K=KTWB(JW),KBMAX(JW)  
    690 !WRITE (SPR(JW),'(A,",",2(F10.3,","),*(F10.3,",",A,","))') 'HorizontalLayerFlow(m3s-1)',JDAY,DEPTHM(K,DS(BS(JW))),          
    690             &
    691            WRITE (SPR(JW),'(A,",",2(F12.4,","),*(F10.3,",",A,","))') '"HorizontalLayerFlow(m3/s)                  "',JDAY,DE
    691 PTHM(K,DS(BS(JW))),     &    ! SW 6/2025
    692           (ELWS(ISPR(J,JW))-DEPTHM(K,ISPR(J,JW)),CONV1(K,J),J=1,NISPR(JW))  
    693         END DO  
    694 
    695         DO JC=1,NAC  
    696           IF (PRINT_CONST(CN(JC),JW)) THEN  
    697             DO J=1,NISPR(JW)  
    698               DO K=KTWB(JW),KB(ISPR(J,JW))  
    699                 WRITE (CONV1(K,J),'(ES12.4)') C2(K,ISPR(J,JW),CN(JC))*CMULT(CN(JC))                                         
    699        ! SW 8/13/06
    700               END DO  
    701             END DO  
    702             DO K=KTWB(JW),KBMAX(JW)  
    703 !WRITE (SPR(JW),'(A,",",2(F10.3,","),*(F10.3,",",A,","))') trim(CNAME3(CN(JC)))//" "//TRIM(CUNIT2(CN(JC))),JDAY,DEPTHM(K,DS(
    703 BS(JW))),                            &
    704               WRITE (SPR(JW),'(A45,",",2(F12.4,","),*(F10.3,",",A,","))') '"'//CNAME(CN(JC))//'"',JDAY,DEPTHM(K,DS(BS(JW))),
    704                             &  ! SW 6/2025
    705                   (ELWS(ISPR(J,JW))-DEPTHM(K,ISPR(J,JW)),CONV1(K,J),J=1,NISPR(JW))  
    706             END DO  
    707           END IF  
    708         END DO  
    709         IF (CONSTITUENTS) THEN  
    710           DO JD=1,NACD(JW)  
    711             IF (PRINT_DERIVED(CDN(JD,JW),JW)) THEN  
    712               DO J=1,NISPR(JW)  
    713                 DO K=KTWB(JW),KB(ISPR(J,JW))  
    714                   WRITE (CONV1(K,J),'(es12.4)') CD(K,ISPR(J,JW),CDN(JD,JW))*CDMULT(CDN(JD,JW))                              
    714        ! SW 8/13/06
    715                 END DO  
    716               END DO  
    717               DO K=KTWB(JW),KBMAX(JW)  
    718 !WRITE (SPR(JW),'(A,",",2(F10.3,","),*(F10.3,",",A,","))') trim(CDNAME3(CDN(JD,JW)))//" "//TRIM(CUNIT3(CDN(JD,JW))),JDAY,DEP

Page 32          Source Listing                  OUTPUTA
2026-03-30 08:48                                 ..\..\..\outputa2w2tools.F90

    718 THM(K,DS(BS(JW))),                     &
    719                 WRITE (SPR(JW),'(A45,",",2(F12.4,","),*(F10.3,",",A,","))') '"'//CDNAME(CDN(JD,JW))//'"',JDAY,DEPTHM(K,DS(BS
    719 (JW))),                     &  
    720                     (ELWS(ISPR(J,JW))-DEPTHM(K,ISPR(J,JW)),CONV1(K,J),J=1,NISPR(JW))  
    721               END DO  
    722             END IF  
    723           END DO  
    724         END IF 
    725       END IF  
    726     END IF  
    727       
    728 !**** Contours
    729       
    730     IF (CONTOUR(JW)) THEN  
    731       IF (JDAY >= NXTMCP(JW) .OR. JDAY >= CPLD(CPLDP(JW)+1,JW)) THEN  
    732         IF (JDAY >= CPLD(CPLDP(JW)+1,JW)) THEN  
    733           CPLDP(JW)  = CPLDP(JW)+1  
    734           NXTMCP(JW) = CPLD(CPLDP(JW),JW)  
    735         END IF  
    736         NXTMCP(JW) = NXTMCP(JW)+CPLF(CPLDP(JW),JW)  
    737           
    738         IF(TECPLOT(JW) /= '      ON')THEN  
    739           WRITE (CPL(JW),'(A,F12.4,5X,A9,5X,I2,5X,I4)') 'New date ',JDAY,MONTH,GDAY,YEAR  
    740           WRITE (CPL(JW),'(9(I8,2X))')                   KTWB(JW)  
    741           WRITE (CPL(JW),'(9(E13.6,2X))')               (QTR(JT),JT=1,NTR)  
    742           WRITE (CPL(JW),'(9(E13.6,2X))')               (TTR(JT),JT=1,NTR)  
    743           DO JT=1,NTR  
    744             DO JAC=1,NACTR(JT)  
    745               IF (PRINT_CONST(TRCN(JAC,JT),JW)) WRITE (CPL(JW),'(9(E13.6,2X))') CTR(TRCN(JAC,JT),JT)  
    746             END DO  
    747           END DO  
    748           DO JB=BS(JW),BE(JW)  
    749             IF(BR_INACTIVE(JB))CYCLE  ! SW 7/1/2019
    750             WRITE (CPL(JW),'(9(I8,2X))')             CUS(JB)  
    751             WRITE (CPL(JW),'(9(E13.6,2X))')          QIN(JB), QSUM(JB)  
    752             DO I=CUS(JB),DS(JB)  
    753               WRITE (CPL(JW),'(A38/(9(E13.6,2X)))') 'BHR', (BHR1(K,I),K=KTWB(JW)+1,KB(I))  
    754             END DO  
    755             DO I=CUS(JB),DS(JB)  
    756               WRITE (CPL(JW),'(A38/(9(E13.6,2X)))') 'U',   (U(K,I),   K=KTWB(JW),KB(I))  
    757             END DO  
    758             WRITE (CPL(JW),'(A38/(9(E13.6,2X)))')   'QC',  (QC(I),    I=CUS(JB),DS(JB))  
    759             WRITE (CPL(JW),'(A38/(9(E13.6,2X)))')   'Z',   (Z(I),     I=CUS(JB),DS(JB))  
    760             WRITE (CPL(JW),'(A38/(9(I8,2X)))')   'KTI',   (kti(I),     I=CUS(JB),DS(JB))  ! v3.5
    761             DO I=CUS(JB),DS(JB)  
    762               WRITE (CPL(JW),'(A38/(9(E13.6,2X)))') 'Temperature',(T2(K,I),K=KTWB(JW),KB(I))  
    763             END DO  
    764             DO JC=1,NAC  
    765               IF (PRINT_CONST(CN(JC),JW)) THEN  
    766                 DO I=CUS(JB),DS(JB)  
    767                   WRITE (CPL(JW),'(A38/(9(E13.6,2X)))') CNAME(CN(JC)),(C2(K,I,CN(JC))*CMULT(CN(JC)),K=KTWB(JW),KB(I))  
    768                 END DO  
    769               END IF  
    770             END DO  
    771             DO JE=1,NEP  
    772               DO I=CUS(JB),DS(JB)  
    773                 IF (PRINT_EPIPHYTON(JW,JE)) WRITE (CPL(JW),'(A38/(9(E13.6,2X)))') 'Epiphyton',(EPD(K,I,JE),K=KTWB(JW),KB(I))

Page 33          Source Listing                  OUTPUTA
2026-03-30 08:48                                 ..\..\..\outputa2w2tools.F90

    773   
    774               END DO  
    775             END DO  
    776             IF(PRINT_SEDIMENT(JW))THEN  
    777               DO I=CUS(JB),DS(JB)  
    778                 WRITE (CPL(Jw),'(A38/(9(E13.6,2X)))')'Sediment',(seD(K,I),K=KTWB(JW),KB(I))  
    779               END DO  
    780               DO I=CUS(JB),DS(JB)  
    781                 WRITE (CPL(Jw),'(A38/(9(E13.6,2X)))')'Sediment P',(seDp(K,I),K=KTWB(JW),KB(I))  
    782               END DO  
    783               DO I=CUS(JB),DS(JB)  
    784                 WRITE (CPL(Jw),'(A38/(9(E13.6,2X)))')'Sediment N',(seDn(K,I),K=KTWB(JW),KB(I))  
    785               END DO  
    786               DO I=CUS(JB),DS(JB)  
    787                 WRITE (CPL(Jw),'(A38/(9(E13.6,2X)))')'Sediment C',(seDc(K,I),K=KTWB(JW),KB(I))  
    788               END DO  
    789             END IF  
    790             DO M=1,NMC  
    791               IF (PRINT_MACROPHYTE(JW,M)) THEN  
    792                 DO I=CUS(JB),DS(JB)  
    793                   WRITE (CPL(Jw),'(A38/(9(E13.6,2X)))')'Macrophytes',((macrc(j,K,I,m),j=kti(i),kb(i)), K=KTwb(Jw),KB(I))  
    794                 END DO  
    795               END IF  
    796             END DO  
    797             IF (CONSTITUENTS) THEN  
    798               DO JD=1,NACD(JW)  
    799                 IF (PRINT_DERIVED(CDN(JD,JW),JW)) THEN  
    800                   DO I=CUS(JB),DS(JB)  
    801                      WRITE (CPL(JW),'(A38/(9(F10.3,2X)))') CDNAME(CDN(JD,JW)),(CD(K,I,CDN(JD,JW))*CDMULT(CDN(JD,JW)),    K=K
    801 TWB(JW),KB(I))  ! cb 6/28/13
    802                   end do
    803 !WRITE (CPL(JW),'(A38/(9(F10.3,2X)))') CDNAME(CDN(JD,JW)),((CD(K,I,CDN(JD,JW))*CDMULT(CDN(JD,JW)),             &        ! SW
    803  8/12/06
    804 !K=KTWB(JW),KB(I)),I=CUS(JB),DS(JB))  ! CB 1/03/05
    805                 END IF  
    806               END DO  
    807             END IF  
    808           END DO  
    809         ELSE  
    810 !         ICPL=ICPL+1
    811           ICPL(JW)=ICPL(JW)+1  ! cb 1/26/09
    812           ITOT=0  
    813 !         do jb=1,nbr
    814           DO JB=BS(JW),BE(JW)  ! cb 1/26/09
    815             IF(BR_INACTIVE(JB))CYCLE  ! SW 7/1/2019
    816             IF(BR_NOTECPLOT(JB))CYCLE  ! SW 8/27/2019
    817             ITOT=ITOT+DS(JB)-CUS(JB)+2  
    818           ENDDO  
    819           WRITE (CPL(JW),9864)JDAY,KMX-KTWB(JW)+2,ITOT  
    820 9864      FORMAT('ZONE T="',f9.3,'"',' I=',I3,' J=',I3,' F=POINT')  
    821           DO JB=BS(JW),BE(JW) 
    822             IF(BR_INACTIVE(JB))CYCLE  ! SW 7/1/2019
    823             IF(BR_NOTECPLOT(JB))CYCLE  ! SW 8/27/2019
    824             DO I=CUS(JB), DS(JB)+1  
    825               K=KTWB(JW)  ! PRINT AN EXTRA LINE FOR THE SURFACE
    826               IF(I /= DS(JB)+1)THEN  
    827                 IF(HABTATC  == '      ON')THEN

Page 34          Source Listing                  OUTPUTA
2026-03-30 08:48                                 ..\..\..\outputa2w2tools.F90

    828                   WRITE (CPL(JW),9999) X1(I),ELWS(I),U(K,I),-W(K,I),T1(K,I),RHO(K,I),HAB(K,I),(C2(K,I,CN(JC)),JC=1,NAC),(CD(
    828 K,I,CDN(JD,JW)),JD=1,NACD(JW))   ! SW 1/17/17
    829                 ELSE
    830                   WRITE (CPL(JW),9999) X1(I),ELWS(I),U(K,I),-W(K,I),T1(K,I),RHO(K,I),(C2(K,I,CN(JC)),JC=1,NAC),(CD(K,I,CDN(J
    830 D,JW)),JD=1,NACD(JW))            ! SW 1/17/17
    831                 ENDIF
    832                 
    833               ELSE  
    834                 XDUM=-99.0  
    835                 IF(HABTATC  == '      ON')THEN                                                 ! SW 7/15/14
    836                 WRITE (CPL(JW),9999) X1(I),ELWS(I),XDUM,XDUM,XDUM,XDUM,XDUM,(XDUM, JJ=1,NAC),(XDUM, JJ=1,NACD(JW))  
    837                 ELSE                                                                           ! SW 7/15/14
    838                 WRITE (CPL(JW),9999) X1(I),ELWS(I),XDUM,XDUM,XDUM,XDUM,(XDUM, JJ=1,NAC),(XDUM, JJ=1,NACD(JW))          ! SW 
    838 1/17/17 7/15/14
    839                 ENDIF                                                                          ! SW 7/15/14
    840               ENDIF  
    841               DO K=KTWB(JW),KMX-1  
    842                 IF(I /= DS(JB)+1 .AND. K <= KB(I))THEN  
    843                 IF(HABTATC  == '      ON')THEN
    844                   WRITE (CPL(JW),9999) X1(I),ELWS(I)-DEPTHM(K,I),U(K,I),-W(K,I),T1(K,I),RHO(K,I),HAB(K,I),(C2(K,I,CN(JC)),JC
    844 =1,NAC),(CD(K,I,CDN(JD,JW)),JD=1,NACD(JW))   ! SW 1/17/17
    845                 ELSE
    846                   WRITE (CPL(JW),9999) X1(I),ELWS(I)-DEPTHM(K,I),U(K,I),-W(K,I),T1(K,I),RHO(K,I),(C2(K,I,CN(JC)),JC=1,NAC),(
    846 CD(K,I,CDN(JD,JW)),JD=1,NACD(JW))   ! SW 1/17/17
    847                 ENDIF
    848                 
    849                   IF(K == KB(I))THEN  
    850                       IF(HABTATC  == '      ON')THEN
    851                     WRITE (CPL(JW),9999) X1(I),ELWS(I)-DEPTHB(K,I),U(K,I), -W(K,I),T1(K,I),RHO(K,I),HAB(K,I),(C2(K,I,CN(JC))
    851 ,JC=1,NAC),(CD(K,I,CDN(JD,JW)),JD=1,NACD(JW))   ! SW 1/17/17
    852                       ELSE
    853                     WRITE (CPL(JW),9999) X1(I),ELWS(I)-DEPTHB(K,I),U(K,I), -W(K,I),T1(K,I),RHO(K,I),(C2(K,I,CN(JC)),JC=1,NAC
    853 ),(CD(K,I,CDN(JD,JW)),JD=1,NACD(JW))   ! SW 1/17/17
    854                       ENDIF
    855                       
    856                   ENDIF  
    857                 ELSE  
    858                   XDUM=-99.0  
    859                   IF(HABTATC  == '      ON')THEN
    860                   WRITE (CPL(JW),9999) X1(I),ELWS(I-1)-DEPTHM(K,I-1),XDUM,XDUM,XDUM,XDUM,XDUM,(XDUM, JJ=1,NAC),(XDUM, JJ=1,N
    860 ACD(JW)) 
    861                   ELSE
    862                   WRITE (CPL(JW),9999) X1(I),ELWS(I-1)-DEPTHM(K,I-1),XDUM,XDUM,XDUM,XDUM,(XDUM, JJ=1,NAC),(XDUM, JJ=1,NACD(J
    862 W))      ! SW 7/15/14
    863                   ENDIF
    864                   
    865                   IF(K == KB(I))THEN  
    866                     IF(HABTATC  == '      ON')THEN
    867                     WRITE (CPL(JW),9999) X1(I),ELWS(I-1)-DEPTHB(K,I-1),XDUM,XDUM,XDUM,XDUM,XDUM,(XDUM, JJ=1,NAC),(XDUM, JJ=1
    867 ,NACD(JW))    
    868                     ELSE
    869                     WRITE (CPL(JW),9999) X1(I),ELWS(I-1)-DEPTHB(K,I-1),XDUM,XDUM,XDUM,XDUM,(XDUM, JJ=1,NAC),(XDUM, JJ=1,NACD
    869 (JW))         ! SW 7/15/14
    870                     ENDIF
    871                     
    872                   ENDIF  
    873                 ENDIF  

Page 35          Source Listing                  OUTPUTA
2026-03-30 08:48                                 ..\..\..\outputa2w2tools.F90

    874               END DO  
    875             END DO  
    876           END DO  
    877           WRITE(CPL(JW),9899)ICPL(JW),IMON,GDAY,YEAR  ! cb 1/26/09
    878 9899      FORMAT('TEXT X=0.75, y=0.85, H=2.8,ZN=',i4,',',' C=BLACK,','T= "',i2,'/',i2,'/',i4,'"')  
    879           WRITE(CPL(JW),9863)ICPL(JW),JDAY  ! cb 1/26/09
    880 9863      FORMAT('TEXT X=0.75, y=0.90, H=2.8,ZN=',i4,',',' C=BLACK,','T= "Julian Day ',f9.3,'"')  
    881 9999      FORMAT (200(e13.6,1x))  
    882         ENDIF  
    883       END IF  
    884     END IF     
    885     
    886 !**** Fluxes   KF is the instantaneous flux in g/m3/s, KFS is the summed flux in g eventually divided by elapsed time betwee
    886 n calls to FLUX output and converted to kg below
    887     
    888     
    889     IF (FLUX(JW)) THEN  
    890       IF (JDAY >= NXTMFL(JW) .OR. JDAY >= FLXD(FLXDP(JW)+1,JW)) THEN  
    891         IF (JDAY >= FLXD(FLXDP(JW)+1,JW)) THEN  
    892           FLXDP(JW)  = FLXDP(JW)+1  
    893           NXTMFL(JW) = FLXD(FLXDP(JW),JW)  
    894         END IF          
    895         
    896         NLINES=0    ! SW 3/8/16
    897         NXTMFL(JW) = NXTMFL(JW)+FLXF(FLXDP(JW),JW)  
    898         CONV       = BLANK  
    899         DO JAF=1,NAF(JW)  
    900          IF(ELTMF(JW) > 0.0)THEN
    901           DO JB=BS(JW),BE(JW)  
    902             DO I=CUS(JB),DS(JB)  
    903               DO K=KTWB(JW),KB(I)  
    904                 KFS(K,I,KFCN(JAF,JW)) = MAX(DAY*KFS(K,I,KFCN(JAF,JW))/(1000.*ELTMF(JW)),-1.0E-10)  ! KFS IN G, 86400 S/D * G
    904  /ELAPSED TIME IN S/1000 G/KG == KG/D  !ZZ 11/23
    905                 KFJW(JW,KFCN(JAF,JW)) = KFJW(JW,KFCN(JAF,JW))+KFS(K,I,KFCN(JAF,JW))  ! SUM UP FOR ENTIRE WATERBODY
    906               END DO  
    907             END DO  
    908           END DO  
    909         ENDIF
    910           DO I=1,NISNP(JW)  
    911             DO K=KTWB(JW),KB(ISNP(I,JW))  
    912               WRITE (CONV(K,I),'(E10.3)') KFS(K,ISNP(I,JW),KFCN(JAF,JW))      ! KG/D
    913             END DO  
    914           END DO  
    915 !IF (NEW_PAGE) THEN
    916 !  WRITE (FLX(JW),'(/(A72))') (TITLE(J),J=1,11)
    917 !  NLINES   =  KMX-KTWB(JW)+14
    918 !  NEW_PAGE = .FALSE.
    919 !END IF
    920 !NLINES   = NLINES+KMX-KTWB(JW)+11
    921 !NEW_PAGE = NLINES > 72
    922           WRITE (FLX(JW),'(/A,F10.3,X,3(A,I0),A,F0.2,A)') 'New date ',JDAY,MONTH//' ',GDAY,', ',YEAR,'   Julian Date = ',   
    922     &  
    923           INT(JDAY),' days ',(JDAY-INT(JDAY))*24.0,                            &  
    924           ' hours           '//KFNAME(KFCN(JAF,JW))  
    925           WRITE (FLX(JW),'(3X,*(I10))')                  (ISNP(I,JW),I=1,NISNP(JW))  
    926           DO K=KTWB(JW),KBR(JW)  
    927             WRITE (FLX(JW),'(1X,I3,*(A))') K,(CONV(K,I),I=1,NISNP(JW))

Page 36          Source Listing                  OUTPUTA
2026-03-30 08:48                                 ..\..\..\outputa2w2tools.F90

    928           END DO  
    929         END DO  
    930         WRITE(FLX2(JW),'(F12.4,",",f8.3,",",*(E12.4,","))')JDAY,ELTMF(JW)/DAY,(KFJW(JW,KFCN(K,JW)),K=1,NAF(JW))  
    931         ELTMF(JW)                    = 0.0  
    932         KF(:,CUS(BS(JW)):DS(BE(JW)),KFCN(1:NAF(JW),JW))  = 0.0  
    933         KFS(:,CUS(BS(JW)):DS(BE(JW)),KFCN(1:NAF(JW),JW)) = 0.0  
    934         KFJW(JW,KFCN(1:NAF(JW),JW))  = 0.0  
    935       END IF  
    936     END IF  
    937       
    938   END DO  
    939     
    940 !** Downstream flow, temperature, and constituent files
    941     
    942   IF (DOWNSTREAM_OUTFLOW) THEN  
    943     IF (JDAY >= NXTMWD .OR. JDAY >= WDOD(WDODP+1)) THEN  
    944       IF (JDAY >= WDOD(WDODP+1)) THEN  
    945         WDODP  = WDODP+1  
    946         NXTMWD = WDOD(WDODP)  
    947       END IF  
    948       IF(WDOC  =='      ON')THEN      
    949       NXTMWD = NXTMWD+WDOF(WDODP)  
    950       ELSEIF(WDOC  =='     ONS')THEN
    951       NXTMWD_SEC = NXTMWD_SEC+WDOF(WDODP)    ! cb 4/6/18 frequency test seconds
    952       NXTMWD = NXTMWD_SEC/86400.0
    953       ELSEIF(WDOC    =='     ONH')THEN
    954       NXTMWD_SEC = NXTMWD_SEC+WDOF(WDODP)*3600.    ! cb 4/6/18 frequency test hourly
    955       NXTMWD = NXTMWD_SEC/86400.0
    956       ENDIF
    957 
    958       JFILE=0  
    959 
    960       DO J=1,NIWDO  
    961         QWDO(J)    = 0.0  
    962         TWDO(J)    = 0.0  
    963         CWDO(:,J)  = 0.0  
    964         CDWDO(:,J) = 0.0  
    965         CDTOT      = 0.0  
    966         NUMOUTLETS = 0  
    967         JWD=0                      ! SW 5/17/13
    968           
    969         DO JW=1,NWB  
    970           DO JB=BS(JW),BE(JW)  
    971             IF (DS(JB) == IWDO(J)) THEN  
    972                 
    973               DO JS=1,JSS(JB)  !NSTR(JB)
    974                 NUMOUTLETS=NUMOUTLETS+1  
    975                 IF(QSTR(JS,JB)==0.0)THEN
    976                     TAVG(JS,JB)=-99.0
    977                     CAVG(JS,JB,:)=-99.0
    978                     CDAVG(JS,JB,:)=-99.0
    979                 ENDIF
    980                 QOUTLET(NUMOUTLETS)=QSTR(JS,JB)  
    981                 TOUTLET(NUMOUTLETS)=TAVG(JS,JB)  
    982               ENDDO 
    983               
    984               DO I=1,JWW    ! SW 11/14/2023

Page 37          Source Listing                  OUTPUTA
2026-03-30 08:48                                 ..\..\..\outputa2w2tools.F90

    985                 IF (IWD(I) == IWDO(J)) THEN  
    986                   NUMOUTLETS=NUMOUTLETS+1
    987                   QOUTLET(NUMOUTLETS)=QWD(I)  
    988                   TOUTLET(NUMOUTLETS)=TAVGW(I) 
    989                 ENDIF
    990               ENDDO
    991               
    992                 
    993 ! cb 1/16/13 removed old code
    994                 
    995 ! OUTPUT INDIVIDUAL FILES
    996               DO JS=1,NSTR(JB)  
    997                 JFILE=JFILE+1  
    998                 qwdo(j)           = qwdo(j)            +qstr(js,jb)                 ! cb 1/16/13
    999                 twdo(j)           = twdo(j)            +qstr(js,jb)*tavg(js,jb)
   1000                 WRITE(WDO2(JFILE,1),'(F12.4,",",F12.4)')JDAY,QSTR(JS,JB)  
   1001                 WRITE(WDO2(JFILE,2),'(F12.4,",",F8.3)')JDAY,TAVG(JS,JB)  
   1002                 IF (CONSTITUENTS)then
   1003                   cwdo(cn(1:nac),j)= cwdo(cn(1:nac),j)+qstr(js,jb)*cavg(js,jb,cn(1:nac))                 ! cb 1/16/13
   1004                   WRITE (WDO2(JFILE,3),'(F12.4,",",*(ES13.5,","))') JDAY,(CAVG(JS,JB,CN(JC)),     JC=1,NAC)  
   1005                 end if
   1006                 IF (DERIVED_CALC)then
   1007                   cdwdo(cdn(1:nacd(jw),jw),j) = cdwdo(cdn(1:nacd(jw),jw),j)+qstr(js,jb)*cdavg(js,jb,cdn(1:nacd(jw),jw))     
   1007             ! cb 1/16/13
   1008                   WRITE (WDO2(JFILE,4),'(F12.4,",",*(ES13.5,","))') JDAY,(CDAVG(JS,JB,CDN(JD,JW)),JD=1,NACD(JW))  
   1009                 end if
   1010               ENDDO  
   1011               JSSS(JB)=NSTR(JB)  
   1012             END IF  
   1013           END DO  ! JB loop
   1014         END DO       ! JW loop
   1015 
   1016 ! OUTPUT INDIVIDUAL FILES
   1017 ! Order: spillways NSP, pumps NPU, gates NGT, pipes NPI
   1018 !     JWD=0                        ! sw 5/17/13
   1019         do jw=1,nwb                   ! cb 1/16/13
   1020           if (iwdo(j) >= us(bs(jw)) .and. iwdo(j) <= ds(be(jw))) exit  
   1021         end do
   1022         DO JJ=1,NWD  
   1023           JWD=JWD+1  
   1024                 IF(QWD(JWD)==0.0)THEN
   1025                     TAVGW(JWD)=-99.0
   1026                     CAVGW(JWD,:)=-99.0
   1027                     CDAVGW(JWD,:)=-99.0
   1028                 ENDIF
   1029           IF (IWD(JWD) == IWDO(J)) THEN  
   1030             JFILE=JFILE+1
   1031             qwdo(j)           = qwdo(j)            +qwd(jwd)                 ! cb 1/16/13
   1032             twdo(j)           = twdo(j)            +qwd(jwd)*tavgw(jwd)                 ! cb 1/16/13
   1033             WRITE(WDO2(JFILE,1),'(F12.4,",",F12.4)')JDAY,QWD(JWD)  
   1034             WRITE(WDO2(JFILE,2),'(F12.4,",",F8.2)')JDAY,TAVGW(JWD)  
   1035             IF (CONSTITUENTS)then
   1036               cwdo(cn(1:nac),j)= cwdo(cn(1:nac),j)+qwd(jwd)*cavgw(jwd,cn(1:nac))                 ! cb 1/16/13
   1037               WRITE (WDO2(JFILE,3),'(F12.4,",",*(ES13.5,","))') JDAY,(CAVGW(JWD,CN(JC)),     JC=1,NAC)  
   1038             end if
   1039             IF (DERIVED_CALC)THEN  
   1040 !DO JW=1,NWB

Page 38          Source Listing                  OUTPUTA
2026-03-30 08:48                                 ..\..\..\outputa2w2tools.F90

   1041 !  IF (IWDO(J) >= US(BS(JW)) .AND. IWDO(J) <= DS(BE(JW))) EXIT
   1042 !END DO
   1043               cdwdo(cdn(1:nacd(jw),jw),j) = cdwdo(cdn(1:nacd(jw),jw),j)+qwd(jwd)*cdavgw(jwd,cdn(1:nacd(jw),jw))             
   1043     ! cb 1/16/13
   1044               WRITE (WDO2(JFILE,4),'(F12.4,",",*(ES13.5,","))') JDAY,(CDAVGW(JWD,CDN(JD,JW)),JD=1,NACD(JW))  
   1045             ENDIF  
   1046           ENDIF  
   1047         ENDDO  
   1048         DO JS=1,NSP  ! spillways
   1049             IF(LATERAL_SPILLWAY(JS))THEN  
   1050               JWD=JWD+1
   1051             ELSE
   1052               JSSS(JBUSP(JS))=JSSS(JBUSP(JS))+1
   1053             ENDIF
   1054             
   1055           IF(IWDO(J) == IUSP(JS))THEN  
   1056             JFILE=JFILE+1  
   1057             WRITE(WDO2(JFILE,1),'(F12.4,",",F12.4)')JDAY,QSP(JS)  
   1058             IF(LATERAL_SPILLWAY(JS))THEN  
   1059 !  JWD=JWD+1
   1060               qwdo(j)           = qwdo(j)            +qsp(js)                 ! cb 1/16/13
   1061               twdo(j)           = twdo(j)            +qsp(js)*tavgw(jwd)                 ! cb 1/16/13
   1062                 IF(QSP(JS)==0.0)THEN
   1063                     TAVGW(JWD)=-99.0
   1064                     CAVGW(JWD,:)=-99.0
   1065                     CDAVGW(JWD,:)=-99.0
   1066                 ENDIF
   1067               WRITE(WDO2(JFILE,2),'(F12.4,",",F8.2)')JDAY,TAVGW(JWD)  
   1068               IF (CONSTITUENTS)then
   1069                 cwdo(cn(1:nac),j)= cwdo(cn(1:nac),j)+qsp(js)*cavgw(jwd,cn(1:nac))                 ! cb 1/16/13
   1070                 WRITE (WDO2(JFILE,3),'(F12.4,",",*(ES13.5,","))') JDAY,(CAVGW(JWD,CN(JC)),     JC=1,NAC)  
   1071               end if
   1072               IF (DERIVED_CALC)then
   1073                 cdwdo(cdn(1:nacd(jw),jw),j) = cdwdo(cdn(1:nacd(jw),jw),j)+qsp(js)*cdavgw(jwd,cdn(1:nacd(jwusp(js)),jwusp(js)
   1073 ))        ! cb 1/16/13
   1074                 WRITE (WDO2(JFILE,4),'(F12.4,",",*(ES13.5,","))') JDAY,(CDAVGW(JWD,CDN(JD,JWUSP(JS))),JD=1,NACD(JWUSP(JS))) 
   1074  
   1075               end if
   1076             ELSE  
   1077 !  JSSS(JBUSP(JS))=JSSS(JBUSP(JS))+1
   1078                 qwdo(j)           = qwdo(j)            +qsp(js)                 ! cb 1/16/13
   1079                 twdo(j)           = twdo(j)            +qsp(js)*tavg(jsss(jbusp(js)),jbusp(js))    ! cb 1/16/13
   1080                 IF(QSP(JS)==0.0)THEN
   1081                     TAVG(JSSS(JBUSP(JS)),JBUSP(JS))=-99.0
   1082                     CAVG(JSSS(JBUSP(JS)),JBUSP(JS),:)=-99.0
   1083                     CDAVG(JSSS(JBUSP(JS)),JBUSP(JS),:)=-99.0
   1084                 ENDIF
   1085               WRITE(WDO2(JFILE,2),'(F12.4,",",F8.2)')JDAY,TAVG(JSSS(JBUSP(JS)),JBUSP(JS))  
   1086               IF (CONSTITUENTS)then
   1087                 cwdo(cn(1:nac),j)= cwdo(cn(1:nac),j)+qsp(js)*cavg(jsss(jbusp(js)),jbusp(js),cn(1:nac))            ! cb 1/16/
   1087 13
   1088                 WRITE (WDO2(JFILE,3),'(F12.4,",",*(ES13.5,","))') JDAY,(CAVG(JSSS(JBUSP(JS)),JBUSP(JS),CN(JC)),     JC=1,NAC
   1088 )  
   1089               end if
   1090               IF (DERIVED_CALC)then
   1091                 cdwdo(cdn(1:nacd(jw),jw),j) = cdwdo(cdn(1:nacd(jw),jw),j)+qsp(js)*cdavg(jsss(jbusp(js)),jbusp(js),cdn(1:nacd
   1091 (jwusp(js)),jwusp(js)))    ! cb 1/16/13

Page 39          Source Listing                  OUTPUTA
2026-03-30 08:48                                 ..\..\..\outputa2w2tools.F90

   1092                 WRITE (WDO2(JFILE,4),'(F12.4,",",*(ES13.5,","))') JDAY,(CDAVG(JSSS(JBUSP(JS)),JBUSP(JS),CDN(JD,JWUSP(JS))),J
   1092 D=1,NACD(JWUSP(JS)))  
   1093               end if
   1094             ENDIF  
   1095           ENDIF  
   1096         ENDDO  
   1097         DO JS=1,NPU  ! PUMP
   1098              IF(LATERAL_PUMP(JS))THEN  
   1099               JWD=JWD+1 
   1100              ELSE
   1101               JSSS(JBUPU(JS))=JSSS(JBUPU(JS))+1      
   1102             ENDIF
   1103           IF(IWDO(J) == IUPU(JS))THEN  
   1104             JFILE=JFILE+1  
   1105             IF(PUMPON(JS))THEN  
   1106               WRITE(WDO2(JFILE,1),'(F12.4,",",F12.4)')JDAY,QPU(JS)  
   1107             ELSE  
   1108               WRITE(WDO2(JFILE,1),'(F12.4,",",F8.3)')JDAY,0.0  
   1109             ENDIF  
   1110             IF(LATERAL_PUMP(JS))THEN  
   1111 !  JWD=JWD+1
   1112                 IF(QPU(JS)==0.0)THEN
   1113                     TAVGW(JWD)=-99.0
   1114                     CAVGW(JWD,:)=-99.0
   1115                     CDAVGW(JWD,:)=-99.0
   1116                 ENDIF
   1117                 if(pumpon(js))then                 ! cb 1/16/13
   1118                   qwdo(j)           = qwdo(j)            +qpu(js)  
   1119                   twdo(j)           = twdo(j)            +qpu(js)*tavgw(jwd)
   1120                 end if
   1121               WRITE(WDO2(JFILE,2),'(F12.4,",",F8.2)')JDAY,TAVGW(JWD)  
   1122 ! Debug
   1123 !WRITE(WDO2(JFILE,2),'(F10.3,",",F8.2,",",f8.3,",",i5,",",i5)')JDAY,TAVGW(JWD),qpu(js),js,jwd      ! Debug
   1124               IF (CONSTITUENTS)then
   1125                 if(pumpon(js))then                 ! cb 1/16/13
   1126                   cwdo(cn(1:nac),j)= cwdo(cn(1:nac),j)+qpu(js)*cavgw(jwd,cn(1:nac))
   1127                 end if
   1128                 WRITE (WDO2(JFILE,3),'(F12.4,",",*(ES13.5,","))') JDAY,(CAVGW(JWD,CN(JC)),     JC=1,NAC)  
   1129               end if
   1130               IF (DERIVED_CALC)then
   1131                 if(pumpon(js))then   ! cb 1/16/13
   1132                   cdwdo(cdn(1:nacd(jw),jw),j) = cdwdo(cdn(1:nacd(jw),jw),j)+qpu(js)*cdavgw(jwd,cdn(1:nacd(jwupu(js)),jwupu(j
   1132 s))) 
   1133                 end if
   1134                 WRITE (WDO2(JFILE,4),'(F12.4,",",*(ES13.5,","))') JDAY,(CDAVGW(JWD,CDN(JD,JWUPU(JS))),JD=1,NACD(JWUPU(JS))) 
   1134  
   1135               end if
   1136             ELSE  
   1137 !  JSSS(JBUPU(JS))=JSSS(JBUPU(JS))+1
   1138                 IF(QPU(JS)==0.0)THEN
   1139                     TAVG(JSSS(JBUPU(JS)),JBUPU(JS))=-99.0
   1140                     CAVG(JSSS(JBUPU(JS)),JBUPU(JS),:)=-99.0
   1141                     CDAVG(JSSS(JBUPU(JS)),JBUPU(JS),:)=-99.0                    
   1142                 ENDIF
   1143               if(pumpon(js))then                 ! cb 1/16/13
   1144                   qwdo(j)           = qwdo(j)            +qpu(js)  
   1145                   twdo(j)           = twdo(j)            +qpu(js)*tavg(jsss(jbupu(js)),jbupu(js))

Page 40          Source Listing                  OUTPUTA
2026-03-30 08:48                                 ..\..\..\outputa2w2tools.F90

   1146               end if
   1147               WRITE(WDO2(JFILE,2),'(F12.4,",",F8.2)')JDAY,TAVG(JSSS(JBUPU(JS)),JBUPU(JS))  
   1148               IF (CONSTITUENTS)then
   1149                 if(pumpon(js))then                ! cb 1/16/13
   1150                   cwdo(cn(1:nac),j)= cwdo(cn(1:nac),j)+qpu(js)*cavg(jsss(jbupu(js)),jbupu(js),cn(1:nac)) 
   1151                 end if
   1152                 WRITE (WDO2(JFILE,3),'(F12.4,",",*(ES13.5,","))') JDAY,(CAVG(JSSS(JBUPU(JS)),JBUPU(JS),CN(JC)),     JC=1,NAC
   1152 )  
   1153               end if
   1154               IF (DERIVED_CALC)then
   1155                 if(pumpon(js))then   ! cb 1/16/13
   1156                   cdwdo(cdn(1:nacd(jw),jw),j) = cdwdo(cdn(1:nacd(jw),jw),j)+qpu(js)*cdavg(jsss(jbupu(js)),jbupu(js),cdn(1:na
   1156 cd(jwupu(js)),jwupu(js))) 
   1157                 end if
   1158                 WRITE (WDO2(JFILE,4),'(F12.4,",",*(ES13.5,","))') JDAY,(CDAVG(JSSS(JBUPU(JS)),JBUPU(JS),CDN(JD,JWUPU(JS))),J
   1158 D=1,NACD(JWUPU(JS)))  
   1159               end if
   1160             ENDIF  
   1161           ENDIF  
   1162         ENDDO  
   1163         DO JS=1,NPI  ! pipes
   1164              IF(LATERAL_PIPE(JS))THEN  
   1165              JWD=JWD+1  
   1166              ELSE
   1167              JSSS(JBUPI(JS))=JSSS(JBUPI(JS))+1
   1168              ENDIF
   1169           IF(IWDO(J) == IUPI(JS))THEN  
   1170             JFILE=JFILE+1  
   1171             WRITE(WDO2(JFILE,1),'(F12.4,",",F12.4)')JDAY,QPI(JS)  
   1172             IF(LATERAL_PIPE(JS))THEN  
   1173 !   JWD=JWD+1
   1174                 qwdo(j)           = qwdo(j)            +qpi(js)     ! cb 1/16/13
   1175                 twdo(j)           = twdo(j)            +qpi(js)*tavgw(jwd)
   1176                 IF(QPI(JS)==0.0)THEN
   1177                     TAVGW(JWD)=-99.0
   1178                     CAVGW(JWD,:)=-99.0
   1179                     CDAVGW(JWD,:)=-99.0
   1180                 ENDIF
   1181               WRITE(WDO2(JFILE,2),'(F12.4,",",F8.2)')JDAY,TAVGW(JWD)  
   1182               IF (CONSTITUENTS)then
   1183                 cwdo(cn(1:nac),j)= cwdo(cn(1:nac),j)+qpi(js)*cavgw(jwd,cn(1:nac))     ! cb 1/16/13
   1184                 WRITE (WDO2(JFILE,3),'(F12.4,",",*(ES13.5,","))') JDAY,(CAVGW(JWD,CN(JC)),     JC=1,NAC)  
   1185               end if
   1186               IF (DERIVED_CALC)then
   1187                 cdwdo(cdn(1:nacd(jw),jw),j) = cdwdo(cdn(1:nacd(jw),jw),j)+qpi(js)*cdavgw(jwd,cdn(1:nacd(jwupi(js)),jwupi(js)
   1187 ))     ! cb 1/16/13
   1188                 WRITE (WDO2(JFILE,4),'(F12.4,*(ES13.5,","))') JDAY,(CDAVGW(JWD,CDN(JD,JWUPI(JS))),JD=1,NACD(JWUPI(JS)))  
   1189               end if
   1190             ELSE  
   1191 !  JSSS(JBUPI(JS))=JSSS(JBUPI(JS))+1
   1192                 qwdo(j)           = qwdo(j)            +qpi(js)     ! cb 1/16/13
   1193                 twdo(j)           = twdo(j)            +qpi(js)*tavg(jsss(jbupi(js)),jbupi(js))
   1194                 IF(QPI(JS)==0.0)THEN
   1195                     TAVG(JSSS(JBUPI(JS)),JBUPI(JS))=-99.0
   1196                     CAVG(JSSS(JBUPI(JS)),JBUPI(JS),:)=-99.0
   1197                     CDAVG(JSSS(JBUPI(JS)),JBUPI(JS),:)=-99.0
   1198                 ENDIF

Page 41          Source Listing                  OUTPUTA
2026-03-30 08:48                                 ..\..\..\outputa2w2tools.F90

   1199               WRITE(WDO2(JFILE,2),'(F12.4,",",F8.2)')JDAY,TAVG(JSSS(JBUPI(JS)),JBUPI(JS))  
   1200               IF (CONSTITUENTS)then
   1201                 cwdo(cn(1:nac),j)= cwdo(cn(1:nac),j)+qpi(js)*cavg(jsss(jbupi(js)),jbupi(js),cn(1:nac))     ! cb 1/16/13
   1202                 WRITE (WDO2(JFILE,3),'(F12.4,",",*(ES13.5,","))') JDAY,(CAVG(JSSS(JBUPI(JS)),JBUPI(JS),CN(JC)),     JC=1,NAC
   1202 )  
   1203               end if
   1204               IF (DERIVED_CALC)then
   1205                 cdwdo(cdn(1:nacd(jw),jw),j) = cdwdo(cdn(1:nacd(jw),jw),j)+qpi(js)*cdavg(jsss(jbupi(js)),jbupi(js),cdn(1:nacd
   1205 (jwupi(js)),jwupi(js)))     ! cb 1/16/13
   1206                 WRITE (WDO2(JFILE,4),'(F12.4,",",*(ES13.5,","))') JDAY,(CDAVG(JSSS(JBUPI(JS)),JBUPI(JS),CDN(JD,JWUPI(JS))),J
   1206 D=1,NACD(JWUPI(JS)))  
   1207               end if
   1208             ENDIF  
   1209           ENDIF  
   1210         ENDDO  
   1211         DO JS=1,NGT  ! gates
   1212              IF(LATERAL_GATE(JS))THEN  
   1213               JWD=JWD+1 
   1214              ELSE
   1215               JSSS(JBUGT(JS))=JSSS(JBUGT(JS))+1 
   1216              ENDIF
   1217              
   1218           IF(IWDO(J) == IUGT(JS))THEN  
   1219             JFILE=JFILE+1  
   1220             WRITE(WDO2(JFILE,1),'(F12.4,",",F12.4)')JDAY,QGT(JS)  
   1221             IF(LATERAL_GATE(JS))THEN  
   1222 !    JWD=JWD+1
   1223               qwdo(j)           = qwdo(j)            +qgt(js)     ! cb 1/16/13
   1224               twdo(j)           = twdo(j)            +qgt(js)*tavgw(jwd)
   1225                 IF(QGT(JS)==0.0)THEN
   1226                     TAVGW(JWD)=-99.0
   1227                     CAVGW(JWD,:)=-99.0
   1228                     CDAVGW(JWD,:)=-99.0
   1229                 ENDIF
   1230               WRITE(WDO2(JFILE,2),'(F12.4,",",F8.2)')JDAY,TAVGW(JWD)  
   1231               IF (CONSTITUENTS)then
   1232                 cwdo(cn(1:nac),j)= cwdo(cn(1:nac),j)+qgt(js)*cavgw(jwd,cn(1:nac))     ! cb 1/16/13
   1233                 WRITE (WDO2(JFILE,3),'(F12.4,",",*(ES13.5,","))') JDAY,(CAVGW(JWD,CN(JC)),     JC=1,NAC)  
   1234               end if
   1235               IF (DERIVED_CALC)then
   1236                 cdwdo(cdn(1:nacd(jw),jw),j) = cdwdo(cdn(1:nacd(jw),jw),j)+qgt(js)*cdavgw(jwd,cdn(1:nacd(jwugt(js)),jwugt(js)
   1236 ))     ! cb 1/16/13
   1237                 WRITE (WDO2(JFILE,4),'(F12.4,",",*(ES13.5,","))') JDAY,(CDAVGW(JWD,CDN(JD,JWUGT(JS))),JD=1,NACD(JWUGT(JS))) 
   1237  
   1238               end if
   1239             ELSE  
   1240 !   JSSS(JBUGT(JS))=JSSS(JBUGT(JS))+1
   1241                qwdo(j)           = qwdo(j)            +qgt(js)     ! cb 1/16/13
   1242                twdo(j)           = twdo(j)            +qgt(js)*tavg(jsss(jbugt(js)),jbugt(js))
   1243                 IF(QGT(JS)==0.0)THEN
   1244                     TAVG(JSSS(JBUGT(JS)),JBUGT(JS))=-99.0
   1245                     CAVG(JSSS(JBUGT(JS)),JBUGT(JS),:)=-99.0
   1246                     CDAVG(JSSS(JBUGT(JS)),JBUGT(JS),:)=-99.0
   1247                 ENDIF
   1248               WRITE(WDO2(JFILE,2),'(F12.4,",",F8.2)')JDAY,TAVG(JSSS(JBUGT(JS)),JBUGT(JS))  
   1249               IF (CONSTITUENTS)then
   1250                 cwdo(cn(1:nac),j)= cwdo(cn(1:nac),j)+qgt(js)*cavg(jsss(jbugt(js)),jbugt(js),cn(1:nac))     ! cb 1/16/13

Page 42          Source Listing                  OUTPUTA
2026-03-30 08:48                                 ..\..\..\outputa2w2tools.F90

   1251                 WRITE (WDO2(JFILE,3),'(F12.4,",",*(ES13.5,","))') JDAY,(CAVG(JSSS(JBUGT(JS)),JBUGT(JS),CN(JC)),     JC=1,NAC
   1251 )  
   1252               end if
   1253               IF (DERIVED_CALC)then
   1254                 cdwdo(cdn(1:nacd(jw),jw),j) = cdwdo(cdn(1:nacd(jw),jw),j)+qgt(js)*cdavg(jsss(jbugt(js)),jbugt(js),cdn(1:nacd
   1254 (jwugt(js)),jwugt(js)))     ! cb 1/16/13
   1255                 WRITE (WDO2(JFILE,4),'(F12.4,",",*(ES13.5,","))') JDAY,(CDAVG(JSSS(JBUGT(JS)),JBUGT(JS),CDN(JD,JWUGT(JS))),J
   1255 D=1,NACD(JWUGT(JS)))  
   1256               end if
   1257             ENDIF  
   1258           ENDIF  
   1259         ENDDO  
   1260         
   1261 ! cb 1/16/13 deleted old withdrawal output code
   1262           
   1263         IF (QWDO(J) /= 0.0) TWDO(J) = TWDO(J)/QWDO(J)  
   1264         DO JC=1,NAC  
   1265           L = LEN_TRIM(FMTC(CN(JC)))    ! SW 7/2023
   1266           IF (QWDO(J) /= 0.0) CWDO(CN(JC),J) = CWDO(CN(JC),J)/QWDO(J)  
   1267 ! WRITE (CWDOC(CN(JC)),'(F10.4)') CWDO(CN(JC),J)                        ! SW 9/23/13 Changed format from G8.3 to F8.3 to avo
   1267 id format overflow
   1268           WRITE (CWDOC(CN(JC)),FMTC(CN(JC))(1:L)) CWDO(CN(JC),J)
   1269           CWDOC(CN(JC)) = ADJUSTR(CWDOC(CN(JC)))  
   1270         END DO  
   1271         DO JW=1,NWB  
   1272           IF (IWDO(J) >= US(BS(JW)) .AND. IWDO(J) <= DS(BE(JW))) EXIT  
   1273         END DO  
   1274         DO JD=1,NACD(JW)  
   1275           L = LEN_TRIM(FMTCD(CDN(JD,JW)))     ! SW 7/2023
   1276           IF (QWDO(J) /= 0.0) CDWDO(CDN(JD,JW),J) = CDWDO(CDN(JD,JW),J)/QWDO(J)  
   1277 !          WRITE (CDWDOC(CDN(JD,JW)),'(F10.4)') CDWDO(CDN(JD,JW),J)              ! SW 9/23/13 Changed format from G8.3 to F8
   1277 .3 to avoid format overflow
   1278           WRITE (CDWDOC(CDN(JD,JW)),FMTCD(CDN(JD,JW))(1:L)) CDWDO(CDN(JD,JW),J)              ! SW 9/23/13 Changed format fro
   1278 m G8.3 to F8.3 to avoid format overflow
   1279           CDWDOC(CDN(JD,JW)) = ADJUSTR(CDWDOC(CDN(JD,JW)))  
   1280         END DO  
   1281 2499      WRITE (WDO(J,1),'(F12.4,",",F12.4,",",8X,*(F10.3,","))',ERR=2500) JDAY, QWDO(J), (QOUTLET(I),I=1,NUMOUTLETS)     !
   1281  sw 3/2019 This code was necessary during multiple WB read/write possible error with one file copying and another writing at
   1281  the same time
   1282           GO TO 2501
   1283 2500      CALL SLEEPQQ(100)          
   1284           WRITE(9911,'(A,f12.3,A,f12.3,A,f12.3)')'ERROR writing qwo file output on JDAY',JDAY,' retrying read after pausing 
   1284 0.1 s'
   1285           go to 2499
   1286 2501      CONTINUE
   1287           WRITE (WDO(J,2),'(F12.4,",",F8.2,",",8X,*(F8.2,","))',ERR=2502) JDAY, TWDO(J), (TOUTLET(I),I=1,NUMOUTLETS)  
   1288           GO TO 2503
   1289 2502      CALL SLEEPQQ(100)          
   1290           WRITE(9911,'(A,f12.3,A,f12.3,A,f12.3)')'ERROR writing two file output on JDAY',JDAY,' retrying read after pausing 
   1290 0.1 s'
   1291           go to 2501
   1292 2503      CONTINUE
   1293           IF (CONSTITUENTS) WRITE (WDO(J,3),'(F12.4,",",*(A15,","))',ERR=2504) JDAY,(CWDOC(CN(JC)),     JC=1,NAC)  
   1294           GO TO 2505
   1295 2504      CALL SLEEPQQ(100)          
   1296           WRITE(9911,'(A,f12.3,A,f12.3,A,f12.3)')'ERROR writing cwo file output on JDAY',JDAY,' retrying read after pausing 
   1296 0.1 s'

Page 43          Source Listing                  OUTPUTA
2026-03-30 08:48                                 ..\..\..\outputa2w2tools.F90

   1297           go to 2503
   1298 2505      CONTINUE
   1299           IF (DERIVED_CALC) WRITE (WDO(J,4),'(F12.4,",",*(A15,","))') JDAY,(CDWDOC(CDN(JD,JW)),JD=1,NACD(JW))  
   1300         
   1301     DO JW=1,NWB  
   1302 !DO JB=BS(JW),BE(JW)
   1303         IF (US(BS(JW)) <= IWDO(J) .AND. IWDO(J) <= DS(BE(JW))) THEN                                          
   1304           QNEW = 0.0                              ! repurposed array to hold layer-specific outflows                  !SR 11
   1304 /30/2022
   1305           DO K=KTWB(JW),KB(IWDO(J))                                                                                   !SR 11
   1305 /30/2022
   1306             QNEW(K) = QNEW(K) +QDSW(K,IWDO(J))    ! account for structures and downstream spillways/pumps/pipes/gates !SR 11
   1306 /30/2022
   1307           END DO                                                                                                      !SR 11
   1307 /30/2022
   1308           DO JJ=1,JWD                                                                                                 !SR 11
   1308 /30/2022
   1309             IF (IWDO(J) == IWD(JJ)) THEN                                                                              !SR 11
   1309 /30/2022
   1310               IF(KTW(JJ) /= 0 .AND. KBW(JJ) /= 0)THEN  
   1311               DO K=KTW(JJ),KBW(JJ)                                                                                    !SR 11
   1311 /30/2022
   1312                 QNEW(K) = QNEW(K) +QSW(K,JJ)      ! account for withdrawals and lateral spillways/pumps/pipes/gates   !SR 11
   1312 /30/2022
   1313               END DO                                                                                                  !SR 11
   1313 /30/2022
   1314               ENDIF
   1315             END IF                                                                                                    !SR 11
   1315 /30/2022
   1316           END DO                                                                                                      !SR 11
   1316 /30/2022
   1317           WRITE (FMT,'(I0)') KTWB(JW)-2                                                                               !SR 11
   1317 /30/2022
   1318           WRITE (WDO(J,5),'(F0.4,2(",",F0.3))',ADVANCE='NO',ERR=9655) JDAY, QWDO(J), ELWS(IWDO(J))                          
   1318    !SR 04/07/2023
   1319           WRITE (WDO(J,5),'('//TRIM(FMT)//'(A))',ADVANCE='NO',ERR=9655) (",",K=2,KTWB(JW)-1)                                
   1319    !SR 04/07/2023
   1320           WRITE (FMT,'(I0)',err=9655) KB(IWDO(J))-KTWB(JW)+1                                                                
   1320    !SR 11/30/2022
   1321           WRITE (WDO(J,5),'('//TRIM(FMT)//'(",",F0.3))',ERR=9655) (QNEW(K),K=KTWB(JW),KB(IWDO(J)))                          
   1321    !SR 11/30/2022
   1322         ENDIF     
   1323         go to 9656
   1324 9655    WRITE(w2err,*)'Format Error QWD_Layers:JDAY,QWDO,ELWS,QNEW:',jday,qwdo(j),elws(iwdo(j)),qnew(ktwb(jw)) 
   1325 9656    continue        
   1326 !ENDDO ! JB LOOP
   1327     ENDDO ! JW LOOP
   1328           
   1329       END DO  
   1330     END IF  
   1331   END IF  
   1332     
   1333 !**** DSI W2 Linkage File (W2L) (Supercedes Old Velocity vectors)
   1334   IF (VECTOR(1)) THEN  
   1335 ! *** Apply the same linkage settings for all waterbodies
   1336     IF (JDAY >= NXTMVP(1) .OR. JDAY >= VPLD(VPLDP(1)+1,1)) THEN  
   1337       IF (JDAY >= VPLD(VPLDP(1)+1,1)) THEN  

Page 44          Source Listing                  OUTPUTA
2026-03-30 08:48                                 ..\..\..\outputa2w2tools.F90

   1338         VPLDP(1)  = VPLDP(1)+1  
   1339         NXTMVP(1) = VPLD(VPLDP(1),1)  
   1340       END IF  
   1341       NXTMVP(1) = NXTMVP(1)+VPLF(VPLDP(1),1)  
   1342         
   1343 ! *** Write the W2L Snapshot (DSI)
   1344       WRITE(VPL(1)) REAL(JDAY,4)  
   1345         
   1346 ! *** Compute the elevation, with ELWS zeroed for segments < CUS
   1347       DO JW=1,NWB  
   1348         DO JB=BS(JW),BE(JW)  
   1349           DO I=US(JB)-1,DS(JB)+1  
   1350             IF (I.LT.CUS(JB) .OR. BR_INACTIVE(JB)) THEN              !SR 11/10/2023
   1351               WSEL(I) = -9999  
   1352             ELSE  
   1353               WSEL(I) = ELWS(I)  
   1354             END IF  
   1355           END DO  
   1356         END DO  
   1357       END DO  
   1358         
   1359       WRITE(VPL(1)) ((WSEL(I)),I=1,IMX)  
   1360       WRITE(VPL(1)) ((REAL(U(K,I),4),K=1,KMX),I=1,IMX)  
   1361       WRITE(VPL(1)) ((REAL(W(K,I),4),K=1,KMX),I=1,IMX)  
   1362         
   1363       DO I = 1,IMX
   1364 ! *** ABOVE ACTIVE LAYER
   1365         DO K = 1, KTI(I)-1  
   1366           WDSI(K,I) = -9999.  
   1367             END DO  
   1368 ! *** ACTIVE LAYERS
   1369         DO K = KTI(I),KB(I)
   1370           WDSI(K,I) = T2(K,I)
   1371           END DO  
   1372 ! *** BELOW ACTIVE LAYER
   1373         DO K = KB(I)+1,KMX  
   1374           WDSI(K,I) = -9999.  
   1375         END DO  
   1376       END DO  
   1377       WRITE(VPL(1)) ((WDSI(K,I),K=1,KMX),I=1,IMX)  
   1378 
   1379 ! *** Constituent data
   1380       DO JC=1,NAC+NACD(1)
   1381         IF(JC <= NAC)THEN
   1382         IC=CN(JC)  
   1383         ELSE
   1384         IC=CDN(JC-NAC,1)    
   1385         ENDIF
   1386         
   1387         DO I = 1,IMX
   1388 ! *** ABOVE ACTIVE LAYER
   1389           DO K = 1, KTI(I)-1  
   1390             WDSI(K,I) = -9999.  
   1391           END DO  
   1392 ! *** ACTIVE LAYERS
   1393           DO K = KTI(I),KB(I)
   1394             IF(JC <= NAC)THEN  

Page 45          Source Listing                  OUTPUTA
2026-03-30 08:48                                 ..\..\..\outputa2w2tools.F90

   1395             WDSI(K,I) = C2(K,I,IC)
   1396             ELSE
   1397             WDSI(K,I) = CD(K,I,IC)    
   1398             ENDIF
   1399             
   1400           END DO  
   1401 ! *** BELOW ACTIVE LAYER
   1402           DO K = KB(I)+1,KMX  
   1403             WDSI(K,I) = -9999.  
   1404           END DO  
   1405         END DO  
   1406         WRITE(VPL(1)) ((WDSI(K,I),K=1,KMX),I=1,IMX)  
   1407       END DO  
   1408         
   1409     END IF  
   1410   END IF  
   1411     
   1412 !** Restart
   1413     
   1414   IF (RESTART_OUT) THEN  
   1415     IF (JDAY >= NXTMRS .OR. JDAY >= RSOD(RSODP+1)) THEN  
   1416       IF (JDAY >= RSOD(RSODP+1)) THEN  
   1417         RSODP  = RSODP+1  
   1418         NXTMRS = RSOD(RSODP)  
   1419       END IF  
   1420       NXTMRS = NXTMRS+RSOF(RSODP)  
   1421       IF(RSOF(RSODP) >= 1.0)THEN  
   1422         WRITE (EXT,'(I0)') INT(JDAY)  
   1423       ELSE  
   1424         WRITE(EXT,'(I0,"_",I2)')INT(JDAY),INT(100.*(JDAY-INT(JDAY)))   ! Allows for writing out file names with JDAY FREQ le
   1424 ss than 1 day
   1425       ENDIF  
   1426       EXT   = ADJUSTL(EXT)  
   1427       L     = LEN_TRIM(EXT)  
   1428       RSOFN = 'rso'//EXT(1:L)//'.opt'  
   1429       CALL RESTART_OUTPUT (RSOFN)  
   1430     END IF  
   1431   END IF  
   1432     
   1433 ! Snapshot formats
   1434     
   1435 10490 FORMAT ('CE-QUAL-W2 Version ',F4.2/                                                                                   
   1435        &  
   1436               (1X,A72))  
   1437 10500 FORMAT (/1X,A/                                                                                                        
   1437        &  
   1438               3X,'Gregorian date      [GDAY] =',A19,1X,I0,', ',I0/                                                          
   1438        &  
   1439               3X,'Julian date         [JDAY] =',I10,' days',F6.2,' hours'/                                                  
   1439        &  
   1440               3X,'Elapsed time      [ELTMJD] =',I10,' days',F6.2,' hours'/                                                  
   1440        &  
   1441               3X,'Timestep             [DLT] =',I10,' sec'/                                                                 
   1441        &  
   1442               3X,'  at location  [KLOC,ILOC] = (',I0,',',I0,')'/                                                            
   1442        &  
   1443               3X,'Minimum timestep  [MINDLT] =',I10,' sec '/                                                                

Page 46          Source Listing                  OUTPUTA
2026-03-30 08:48                                 ..\..\..\outputa2w2tools.F90

   1443        &  
   1444               3X,'  at Julian day    [JDMIN] =',I10,' days',F6.2,' hours'/                                                  
   1444        &  
   1445               3X,'  at location  [KMIN,IMIN] = (',I0,',',I0,')')  
   1446 10510 FORMAT (3X,'Limiting timestep'/                                                                                       
   1446        &  
   1447               3X,'  at location  [KMIN,IMIN] = (',I0,',',I0,')')  
   1448 10520 FORMAT (3X,'Average timestep   [DLTAV] =',I10,' sec'/                                                                 
   1448        &  
   1449               3X,'Number of iterations [NIT] =',I10/                                                                        
   1449        &  
   1450               3X,'Number of violations  [NV] =',I10/)  
   1451 10530 FORMAT (1X,A)  
   1452 10540 FORMAT (3X,'Input'/                                                                                                   
   1452        &  
   1453               3X,'  Air temperature          [TAIR] =',F9.2,1X,A/                                                           
   1453        &  
   1454               3X,'  Dewpoint temperature     [TDEW] =',F9.2,1X,A/                                                           
   1454        &  
   1455               3X,'  Wind direction            [PHI] =',F9.2,' rad'/                                                         
   1455        &  
   1456               3X,'  Cloud cover             [CLOUD] =',F9.2/                                                                
   1456        &  
   1457               3X,'  Calculated'/                                                                                            
   1457        &  
   1458               5X,'  Equilibrium temperature    [ET] =',F9.2,1X,A/                                                           
   1458        &  
   1459               5X,'  Surface heat exchange    [CSHE] =',E9.2,' m/sec'/                                                       
   1459        &  
   1460               5X,'  Net short wave radiation [SRON] =',E9.2,1X,A,' W/m^2'/)  
   1461 10550 FORMAT (1X,A/                                                                                                         
   1461        &  
   1462               3X,A)  
   1463 10560 FORMAT (5X,'Branch ',I0/                                                                                              
   1463        &  
   1464               5X,'  Layer       [KQIN] = ',I0,'-',I0/                                                                       
   1464        &  
   1465               5X,'  Inflow       [QIN] =',F8.2,' m^3/sec'/                                                                  
   1465        &  
   1466               5X,'  Temperature  [TIN] =',F8.2,1X,A)  
   1467 10561 FORMAT (5X,'Branch ',I0,' Branch is Inactive'/                                                                        
   1467        &  
   1468               5X,'  Layer       [KQIN] = ',I0,'-',I0/                                                                       
   1468        &  
   1469               5X,'  Inflow       [QIN] =',F8.2,' m^3/sec'/                                                                  
   1469        &  
   1470               5X,'  Temperature  [TIN] =',F8.2,1X,A)  
   1471 10570 FORMAT (/3X,'Distributed Tributaries')  
   1472 10580 FORMAT (5X,'Branch ',I0/                                                                                              
   1472        &  
   1473               5X,'  Inflow      [QDTR] =',F8.2,' m^3/sec'/                                                                  
   1473        &  
   1474               5X,'  Temperature [TDTR] =',F8.2,1X,A)  
   1475 10581 FORMAT (5X,'Branch ',I0,' Branch is Inactive'/                                                                        
   1475        &  
   1476               5X,'  Inflow      [QDTR] =',F8.2,' m^3/sec'/                                                                  
   1476        &  

Page 47          Source Listing                  OUTPUTA
2026-03-30 08:48                                 ..\..\..\outputa2w2tools.F90

   1477               5X,'  Temperature [TDTR] =',F8.2,1X,A)  
   1478 10590 FORMAT (:/3X,'Tributaries'/                                                                                           
   1478        &  
   1479               5X,'Segment     [ITR] =',11I8:/                                                                               
   1479        &  
   1480               (T25,11I8))  
   1481 10600 FORMAT (:5X,'Layer      [KTWB] = ',11(I0,'-',I0,2X):/                                                                 
   1481        &  
   1482               (T25,11(I0,'-',I0)))  
   1483 10610 FORMAT (:5X,'Inflow      [QTR] =',11F8.2:/                                                                            
   1483        &  
   1484               (T25,11F8.1))  
   1485 10620 FORMAT (:5X,'Temperature [TTR] =',11F8.2:/                                                                            
   1485        &  
   1486               (T25,11F8.1))  
   1487 10630 FORMAT (/1X,'Outflows')  
   1488 10640 FORMAT (3X,'Structure outflows [QSTR]'/                                                                               
   1488        &  
   1489               3X,'  Branch ',I0,' = ',11F8.2:/                                                                              
   1489        &  
   1490               (T16,11F8.2))                                                                                                 
   1490        
   1491 10641 FORMAT (3X,'  CenterLElev',11F8.2:/(T16,11F8.2))
   1492 10650 FORMAT (:/3X,'Total outflow [QOUT] =',F8.2,' m^3/s'/                                                                  
   1492        &  
   1493               5X,'Outlets'/                                                                                                 
   1493        &  
   1494               5X,'  Layer             [KOUT] =',12I7:/                                                                      
   1494        &  
   1495               (33X,12I7))  
   1496 10660 FORMAT (:7X,'Outflow (m^3/sec) [QOUT] =',12F7.2:/                                                                     
   1496        &  
   1497               (33X,12F7.2))  
   1498 10670         FORMAT (:5X,'Withdrawals'/                                                                                    
   1498        &  
   1499               5X,'  Segment            [IWD] =',I7/                                                                         
   1499        &  
   1500               5X,'  Outflow (m^3/sec)  [QWD] =',F7.2/                                                                       
   1500        &
   1501               5X,'  CL Elev(m)         [EWD] =',F8.2)  
   1502 10680 FORMAT (5X,'  Layer              [KWD] =',12I7/                                                                       
   1502        &  
   1503               (33X,12I7))  
   1504 10690 FORMAT (:5X,'  Outflow (m^3/sec)  [QSW] =',12F7.2/                                                                    
   1504        &  
   1505               (33X,12F7.2))  
   1506 10700 FORMAT (/'1',A)  
   1507 10710 FORMAT (3X,'Branch ',I0,' [CIN]'/                                                                                     
   1507        &  
   1508               (5X,A,T25,'=',F9.3,1X,A))  
   1509 10720 FORMAT (3X,'Tributary ',I0,' [CTR]'/                                                                                  
   1509        &  
   1510               (5X,A,T25,'=',F9.3,1X,A))  
   1511 10730 FORMAT (3X,'Distributed tributary ',I0,' [CDT]'/                                                                      
   1511        &  
   1512               (5X,A,T25,'=',F9.3,1X,A))  
   1513 10740 FORMAT (/'Surface calculations')  

Page 48          Source Listing                  OUTPUTA
2026-03-30 08:48                                 ..\..\..\outputa2w2tools.F90

   1514 10750 FORMAT (3X,'Evaporation rate [EV]'/                                                                                   
   1514        &  
   1515               (:3X,'  Branch ',I0,' = ',E10.3,' m^3/s'))  ! SW 9/15/05 4/21/10
   1516 10755 format (3x,'Cumulative evaporation [VOLEV]'/                                                                          
   1516        &  
   1517               (:3X,'  Branch ',I0,' = ',F0.1,' m^3'))  
   1518 10760 FORMAT (3X,'Precipitation [PR]'/                                                                                      
   1518        &  
   1519               (3X,'  Branch ',I0,' = ',F8.6),' m/s')  
   1520 10770 FORMAT (/1X,'External head boundary elevations'/)  
   1521 10780 FORMAT (3X,'Branch ',I0/5X,'Upstream elevation   [ELUH] =',F8.3,' m')  
   1522 10790 FORMAT (3X,'Branch ',I0/5X,'Downstream elevation [ELDH] =',F8.3,' m')  
   1523 10800 FORMAT (/'Water Balance')  
   1524 10810 FORMAT (3X,'Waterbody ',I0/                                                                                           
   1524        &  
   1525               3X,'  Spatial change  [VOLSR]  = ',E15.8,' m^3'/                                                              
   1525        &  
   1526               3X,'  Temporal change [VOLTR]  = ',E15.8,' m^3'/                                                              
   1526        &  
   1527               3X,'  Volume error             = ',E15.8,' m^3'/                                                              
   1527        &  
   1528               3X,'  Percent error            = ',E15.8,' %')  
   1529 10820 FORMAT (3X,'Branch ',I0/                                                                                              
   1529        &  
   1530               3X,'  Spatial change  [VOLSBR] = ',E15.8,' m^3'/                                                              
   1530        &  
   1531               3X,'  Temporal change [VOLTBR] = ',E15.8,' m^3'/                                                              
   1531        &  
   1532               3X,'  Volume error             = ',E15.8,' m^3'/                                                              
   1532        &  
   1533               3X,'  Percent error            = ',E15.8,' %')  
   1534 10830 FORMAT (/1X,'Energy Balance')  
   1535 10840 FORMAT (3X,'Waterbody ',I0/                                                                                           
   1535        &  
   1536               3X,'  Spatially integrated energy   [ESR] = ',E15.8,' kJ'/                                                    
   1536        &  
   1537               3X,'  Temporally integrated energy  [ETR] = ',E15.8,' kJ'/                                                    
   1537        &  
   1538               3X,'  Energy error                        = ',E15.8,' kJ'/                                                    
   1538        &  
   1539               3X,'  Percent error                       = ',E15.8,' %')  
   1540 10850 FORMAT (3X,'  Spatially integrated energy  [ESBR] = ',E15.8,' kJ'/                                                    
   1540        &  
   1541               3X,'  Temporally integrated energy [ETBR] = ',E15.8,' kJ'/                                                    
   1541        &  
   1542               3X,'  Energy error                        = ',E15.8,' kJ'/                                                    
   1542        &  
   1543               3X,'  Percent error                       = ',E15.8,' %')  
   1544 10860 FORMAT (/1X,'Mass Balance')  
   1545 10870 FORMAT (3X,'Branch ',I0)  
   1546 10880 FORMAT (5X,A/                                                                                                         
   1546        &  
   1547               5X,'  Spatially integrated mass  [CMBRS] = ',E15.8,1X,A/                                                      
   1547        &  
   1548               5X,'  Temporally integrated mass [CMBRT] = ',E15.8,1X,A/                                                      
   1548        &  
   1549               5X,'  Mass error                         = ',E15.8,1X,A/                                                      

Page 49          Source Listing                  OUTPUTA
2026-03-30 08:48                                 ..\..\..\outputa2w2tools.F90

   1549        &  
   1550               5X,'  Percent error                      = ',E15.8,' %')  
   1551 10890 FORMAT (/1X,A/                                                                                                        
   1551        &  
   1552               3X,'Surface layer [KT] = ',I0/                                                                                
   1552        &  
   1553               3X,'Elevation   [ELKT] =',F10.3,' m')  
   1554 10900 FORMAT (/3X,'Current upstream segment [CUS]'/                                                                         
   1554        &  
   1555              (3X,'  Branch ',I0,' = ',I0))  
   1556     
   1557   RETURN  
   1558   
   1559 END SUBROUTINE OUTPUTA  

Page 50          Source Listing                  OUTPUTA
2026-03-30 08:48 Subprograms/Common Blocks       ..\..\..\outputa2w2tools.F90



SUBPROGRAMS/COMMON BLOCKS

 Name                       Object Declared Type            Bytes Dimen Elements Attributes       References                        
                                                                                                                                    
 OUTPUTA                    Subr   2                                                                                                

COMPILER OPTIONS BEING USED

  /noOa                                 /Qansi-alias
  /align:noall                          /align:nonone
  /align:nocommons                      /align:nodcommons
  /align:noqcommons                     /align:nozcommons
  /align:records                        /align:nosequence
  /align:norec1byte                     /align:norec2byte
  /align:norec4byte                     /align:norec8byte
  /align:norec16byte                    /align:norec32byte
  /align:norec64byte                    /align:noarray8byte
  /align:noarray16byte                  /align:noarray32byte
  /align:noarray64byte                  /align:noarray128byte
  /align:noarray256byte                 /altparam
  /assume:accuracy_sensitive            /assume:noaligned_dummy_args
  /assume:nobscc                        /assume:nobuffered_io
  /assume:nobuffered_stdout             /assume:nobyterecl
  /assume:nocontiguous_assumed_shape    /assume:nocontiguous_pointer
  /assume:nocc_omp                      /assume:nocstring
  /assume:nodummy_aliases               /assume:nofailed_images
  /assume:nofpe_summary                 /assume:noieee_compares
  /assume:noieee_fpe_flags              /assume:noieee_mode_restore
  /assume:nominus0                      /assume:noold_boz
  /assume:old_complex_align             /assume:old_e0g0_format
  /assume:old_unit_star                 /assume:old_inquire_recl
  /assume:old_ldout_format              /assume:old_ldout_zero
  /assume:noold_logical_assign          /assume:noold_logical_ldio
  /assume:old_maxminloc                 /assume:old_xor
  /assume:noprotect_allocates           /assume:protect_constants
  /assume:noprotect_parens              /assume:realloc_lhs
  /assume:norecursion                   /assume:source_include
  /assume:nostd_expon_output            /assume:nostd_intent_in
  /assume:std_minus0_rounding           /assume:nostd_mod_proc_name
  /assume:std_value                     /assume:nounderscore
  /assume:no2underscores                /noauto
  /auto_scalar                          /nobintext
  /ccdefault:default                    /check:noall
  /check:nonone                         /check:noarg_temp_created
  /check:noassume                       /check:nobounds
  /check:nocontiguous                   /check:noformat
  /check:nooutput_conversion            /check:nooverflow
  /check:nopointers                     /check:noshape
  /check:nostack                        /check:noteams
  /check:nouninitialized                /check:noudio_iostat
  /Qcoarray-num-procs:0                 /noQcoarray-config-file
  /convert:native                       /cross_reference
  /D:__INTEL_LLVM_COMPILER=20250000     /D:__INTEL_LLVM_COMPILER_UPDATE=0
  /D:_WIN32                             /D:_M_AMD64=100
  /D:_M_X64=100                         /D:_WIN64=1

Page 51          Source Listing                  OUTPUTA
2026-03-30 08:48                                 ..\..\..\outputa2w2tools.F90

  /D:_MSC_VER=1500                      /D:_MSC_FULL_VER=150011209
  /D:_MSC_EXTENSIONS                    /D:_MT
  /D:__INTEL_COMPILER_BUILD_DATE=20241008  /D:__MMX__
  /D:__SSE__                            /D:__SSE_MATH__
  /D:__SSE2__                           /D:__SSE2_MATH__
  /D:__pentium4                         /D:__pentium4__
  /D:__tune_pentium4__                  /D:__INTEL_COMPILER=20250000
  /D:__INTEL_COMPILER_UPDATE=0          /double_size:64
  /nod_lines                            /noQdyncom
  /emit-obj                             /error_limit:30
  /nof66                                /nof77rtl
  /faltmathlib=:SVML                    /nofast
  /nofwrapv                             /fpscomp:nofilesfromcmd
  /fpscomp:nogeneral                    /fpscomp:noioformat
  /fpscomp:noldio_spacing               /fpscomp:nolibs
  /fpscomp:nologicals                   /fveclib=:SVML
  /floopopt-pipeline=:light             /nofpconstant
  /fpe3                                 /ftz
  /fp_model:noprecise                   /fp_model:fast
  /fp_model:nostrict                    /fp_model:nosource
  /fp_model:nodouble                    /fp_model:noextended
  /fp_model:novery_fast                 /fp_model:noexcept
  /fp_model:nono_except                 /heap_arrays:0
  /nothreadprivate_compat               /free
  /fintel-libirc-allowed                /mframe-pointer:noall
  /mframe-pointer:nonon-leaf            /mframe-pointer:none
  /debug0                               /nogcodeview
  /iface:noc                            /iface:nocref
  /iface:nocvf                          /iface:default
  /iface:nostdcall                      /iface:nostdref
  /iface:nomixed_str_len_arg            /iface:nono_mixed_str_len_arg
  /Qinit:noarrays                       /Qinit:nohuge
  /Qinit:noinfinity                     /Qinit:nominus_huge
  /Qinit:nominus_infinity               /Qinit:nominus_tiny
  /Qinit:nonan                          /Qinit:nosnan
  /Qinit:notiny                         /Qinit:nozero
  /nointconstant                        /integer_size:32
  /libdir:automatic                     /libdir:user
  /nomodule                             /names:
  /nonoinclude                          /object:outputa2w2tools.obj
  /-dependent-lib:libcmt                /-dependent-lib:ifconsol.lib
  /-dependent-lib:libifcoremt.lib       /-dependent-lib:libifport.lib
  /-dependent-lib:libircmt              /-dependent-lib:libmmt
  /-dependent-lib:oldnames              /-dependent-lib:svml_dispmt
  /Qoffload-build:host                  /Qopenmp-do-concurrent-maptype-modifier:noalways
  /Qopenmp-do-concurrent-maptype-modifier:nopresent  /Qopenmp-do-concurrent-maptype-modifier:none
  /Qopenmp-simd                         /O2
  /nopad_source                         /pic-level:2
  /real_size:32                         /norecursive
  /reentrancy:threaded                  /Qvec:simd
  /show:fullpath                        /show:noinclude
  /show:map                             /show:options
  /nosyntax_only                        /target-cpu:x86-64
  /nothreadcom                          /triple:x86_64-pc-windows-msvc
  /noU                                  /novms
  /warn:noall                           /warn:nonone
  /warn:alignments                      /warn:nodeclarations

Page 52          Source Listing                  OUTPUTA
2026-03-30 08:48                                 ..\..\..\outputa2w2tools.F90

  /warn:noexternals                     /warn:general
  /warn:noignore_bounds                 /warn:noignore_loc
  /warn:nointerfaces                    /warn:noshape
  /warn:notruncated_source              /warn:uncalled
  /warn:uninitialized                   /warn:nounused
  /warn:usage                           /nowrap-margins

  /include   path : C:\PROGRA~2\Intel\oneAPI\compiler\2025.0\include\,.FOR,..\..\..\.FOR,.\.FOR,C:\PROGRA~2\Intel\oneAPI\compiler\2025.0\opt\compiler\include\intel64\.FOR,
           C:\PROGRA~2\Intel\oneAPI\compiler\2025.0\include\.FOR,C:\PROGRA~2\Intel\oneAPI\compiler\2025.0\opt\compiler\include\.FOR,
           C:\PROGRA~2\Intel\oneAPI\compiler\2025.0\lib\clang\19\include\.FOR
  /list      filename : outputa2w2tools.lst
  /object:outputa2w2tools.obj
  /Fd        filename : none

COMPILER: Intel(R) Fortran 25.0-1205
