Page 1           Source Listing                  FISH
2026-03-30 08:48                                 C:\Users\NING\AppData\Local\Temp\341801424.i90

      1 # 1 "..\..\..\particle.f90"
      2 !***********************************************************************
      3 !***********************************************************************
      4 !***********************************************************************
      5 !***                                                                ****
      6 !***        N U M E R I C A L   PARTICLE/FISH   S U R R O G A T E   ****
      7 !***                                                                ****
      8 !***********************************************************************
      9 !***********************************************************************
     10 !***********************************************************************
     11 ! Andy Goodwin F77 Version 1/2001
     12 ! Scott Wells F90 Version + Enhancements for Random Water Movement + Bug Fixes/Link to W2V3.1  1/2001
     13 ! Scott Wells Updates to latest version V3.7 5/1/2015
     14 ! Scott Wells Updates and particle tracking V4.1 8/1/2017 8/2018
     15 ! Module Definitions
     16 
     17 Module Fishy
     18       Use PREC
     19       Integer, PARAMETER :: FPARA=16,FFP=4,WQP=2    ! The number of fish parameters. The number of Flow Field Parameters eva
     19 luated &
     20 !   the number of Water Quality Parameters evaluated at nodes for use in the NFS
     21       Integer NFISH,NUMGILLNETS,NUMACOUSTICS,JJ, JBP, KLAST,NL,NR
     22       REAL(R8) ::  VALUE,GRADXVEL,GRADZVEL,GRADTEMP,GRADDO
     23       REAL(R8) ::  XGRADHV,ZGRADHV,XGRADVV,ZGRADVV
     24       REAL(R8) ::  XGRADDO,ZGRADDO,XGRADTP,ZGRADTP
     25       REAL(R8) ::  FXVEL,FZVEL,FISHTEMP,FISHDO,TEMPORARYGRAD
     26       REAL(R8) ::  FXHVCOUNT,FXVVCOUNT,FXDOCOUNT,FXTPCOUNT,FXRDCOUNT,TOTFXWGT
     27       REAL(R8) ::  FZHVCOUNT,FZVVCOUNT,FZDOCOUNT,FZTPCOUNT,FZRDCOUNT,TOTFZWGT
     28       REAL(R8) ::  FX00COUNT,FZ00COUNT,nfsfreq,RUNDIFF
     29       REAL            FXLOC,FYLOC,FZLOC,XREFL,YREFL,ZBOTREFL,ZSURREFL
     30       REAL            UFISH,VFISH,WFISH,FYVEL,ALPHAX,ALPHAZ   
     31       REAL            OUTFREQ,JDAYDIFF,TSETP2MULT 
     32       REAL            FROMKTBOT,RRR,RMAT,RDX,RDY,RDZ,FYLOCTMP
     33       REAL            FSIZE,FAGE,LJDAY
     34       REAL            OUTFREQJAN,OUTFREQFEB,OUTFREQMAR,OUTFREQAPR
     35       REAL            OUTFREQMAY,OUTFREQJUN,OUTFREQJUL,OUTFREQAUG
     36       REAL            OUTFREQSEP,OUTFREQOCT,OUTFREQNOV,OUTFREQDEC,OUTFREQP   ! SW 7/1/2017
     37       REAL            HR,MILTIME,ASPRATIO,TEMPOPTD,TEMPOPTN
     38       REAL            FXSENSPH,BXSENSPH,UZSENSPH,DZSENSPH
     39       REAL            FBDYSEARCH,BBDYSEARCH,UBDYSEARCH,DBDYSEARCH
     40       REAL            XLOK,ZLOK,DIFFROMOPT,TEMPOPT
     41       REAL            MAXUFISH,MAXWFISH,MXXSPDL,MXZSPDL,DOTHRES
     42       REAL            FXGRADHV,FXGRADVV,FXGRADDO,FXGRADTP,FRDX,FRDY
     43       REAL            FZGRADHV,FZGRADVV,FZGRADDO,FZGRADTP,FRDZ
     44       REAL            HVXWEIGT,VVXWEIGT,DOXWEIGT,TPXWEIGT,RDXWEIGT,RDYWEIGT
     45       REAL            HVZWEIGT,VVZWEIGT,DOZWEIGT,TPZWEIGT,RDZWEIGT
     46       REAL            XURGENCY,YURGENCY,ZURGENCY
     47       REAL            CURRTFISHX,CURRTFISHZ,OTHERFISHX,OTHERFISHZ,FNEARX,FNEARZ
     48       REAL            XSCHZONEINN,ZSCHZONEINN,XSCHZONEMID,ZSCHZONEMID
     49       REAL            XSCHZONEOUT,ZSCHZONEOUT,XINZONE,ZINZONE,XMDZONE,ZMDZONE
     50       REAL            XOTZONE,ZOTZONE,EPSILONRD,LRUNDAY
     51       REAL            TOPTEMP,BOTTEMP,BOTK,MIDKTEMP,MIDKT,LFTTEMP,RGTTEMP
     52       REAL            MIDITEMP,MIDIT,TOPDO,BOTDO,MIDKDO,MIDKD,LFTDO,RGTDO
     53       REAL            MIDIDO,MIDID,TOPHVEL,BOTHVEL,MIDKHVEL,MIDKH
     54       REAL            LFTHVEL,RGTHVEL,MIDIHVEL,MIDIH,TOPVVEL,BOTVVEL
     55       REAL            MIDKVVEL,MIDKV,LFTVVEL,RGTVVEL,MIDIVVEL,MIDIV,VVELCAP
     56       REAL            SKYNIGHT,SKYDAWN,SKYDAY,SKYDUSK,COUNTFORTRUC

Page 2           Source Listing                  FISH
2026-03-30 08:48                                 ..\..\..\particle.f90

     57       REAL            XSEPCOMFORT,ZSEPCOMFORT,XDISPCOEFF,ZDISPCOEFF
     58       REAL            MAXREACTXHV,MINREACTXHV,DISTREACTXHV,MAXREACTZHV,MINREACTZHV,DISTREACTZHV
     59       REAL            MAXREACTXVV,MINREACTXVV,DISTREACTXVV,MAXREACTZVV,MINREACTZVV,DISTREACTZVV
     60       REAL            MAXREACTXDO,MINREACTXDO,DISTREACTXDO,MAXREACTZDO,MINREACTZDO,DISTREACTZDO
     61       REAL            MAXREACTXTP,MINREACTXTP,DISTREACTXTP,MAXREACTZTP,MINREACTZTP,DISTREACTZTP
     62       REAL            XURGTRAK,ZURGTRAK
     63       REAL            XHVTRUNC,XHVTRUCSUM,ZHVTRUNC,ZHVTRUCSUM,XVVTRUNC,XVVTRUCSUM,ZVVTRUNC,ZVVTRUCSUM
     64       REAL            XDOTRUNC,XDOTRUCSUM,ZDOTRUNC,ZDOTRUCSUM,XTPTRUNC,XTPTRUCSUM,ZTPTRUNC,ZTPTRUCSUM
     65       REAL            FXREACTVEL,FXREACTTMP,FXREACTDO,FXREACTRND
     66       REAL            FZREACTVEL,FZREACTTMP,FZREACTDO,FZREACTRND
     67       REAL            FXHVSPAN,FXVVSPAN,FXDOSPAN,FXTPSPAN,FXRDSPAN,TOTFXSPAN
     68       REAL            FZHVSPAN,FZVVSPAN,FZDOSPAN,FZTPSPAN,FZRDSPAN,TOTFZSPAN
     69       REAL            OLDFXLOC,OLDFYLOC,OLDFZLOC,DEPTHINT
     70       REAL            HADEPTHINT
     71       REAL            TEMPTHRES,TSTEP1,TSTEP1MULT,TSTEP2,TSTEP2MULT,DOTHRES2,DOSTEP1MULT       !,DELAYDATE
     72 
     73       INTEGER         FCOUNT,ISWITCH,FIMP,FKMP,FNBP,SURFCALC,BOTVVVEL
     74       INTEGER         KTWBF
     75       INTEGER         RD,SEED,TAG,FJR
     76       INTEGER         UNBP,DNBP,FN,WBRUN,NZONES
     77       INTEGER         NGRPFH,FI,FK,DIR,VARIABLE,LOCATE
     78       INTEGER         ILOK,KLOK,FSCHL,OTHFK,OTHFI,VARYTEMP,VARYDO,FKMPTEMP
     79       INTEGER         VARYHVEL,VARYVVEL,FATPT
     80       INTEGER         FSNAG,NET,SND
     81       integer         nfishpcel,nfishseg,ncollector    ! SW 1/16/01
     82       integer, allocatable, save, DIMENSION (:) :: TOTELE,TOTBRNN
     83 
     84 
     85       CHARACTER*2     AMPM
     86       CHARACTER*4     TXTNULLWQ,TXTNULLFF,TXTSTIMRULE,TXTVELORULE,&
     87                       TXTTEMPRULE,TXTDORULE,TXTRANDRULE,TXTPASSTRAN,&
     88                       TXTSCHOOLG,TXTMULTIRULE,txtparticle
     89       DIMENSION       RMAT(4)
     90       DIMENSION       FXVEL(5),FZVEL(5),FISHTEMP(5),FISHDO(5)
     91       DIMENSION       GRADXVEL(4),GRADZVEL(4),GRADTEMP(4),GRADDO(4)
     92 
     93       LOGICAL         DEBUG,LINEAR,WBSKIP,SHOWSKY
     94       LOGICAL         particle,line,HITSTICKBOTTOM,HITSTICKSIDE,HIST_V,HIST_T,HIST_D  ! SW 4/30/2018
     95       REAL         :: VEL_INT,VEL_TOP,TEMP_INT,TEMP_TOP,D_INT,D_TOP
     96       INTEGER      :: NUMCLASS, NMONITOR  
     97       character*3     PARTON,collector,partmod,DXTHEORY        ! SW 2/16/01 7/25/2017 4/30/2018
     98 
     99       real, allocatable, dimension (:,:,:) :: flowfield, wqfield,sndcatch,nodes,lastfield
    100       integer, allocatable, dimension (:,:,:) :: netcatch
    101       integer, allocatable, dimension (:,:) :: rimpbr,limpbr
    102       real, allocatable, dimension (:,:) :: fishes
    103       integer, allocatable, dimension  (:) :: SNAGCOUNT,SNDCOUNT,nbrf
    104       integer, allocatable, dimension (:,:,:) :: corners
    105       integer, allocatable, dimension (:,:) :: ndinfo,MONITORONOFF
    106       integer, allocatable, dimension  (:) :: ifish,ifisht,ifishb,GROUP,FNEXT  ! SW 1/16/01
    107       integer, allocatable, dimension  (:) :: icoll,icollt,icollb,IMONITOR  ! SW 2/16/01
    108       REAL, ALLOCATABLE, DIMENSION (:) :: DELAYDATE,fxloci,fzloci,sedvel,XSHIFTMONITOR
    109       real, allocatable, dimension (:,:,:) :: BRCHFISH
    110       
    111       REAL, ALLOCATABLE, DIMENSION (:)   :: v_tot,v_cnt, d_tot, d_cnt, t_tot, t_cnt, d_avg, t_avg, v_avg, d_sum, t_sum, v_su
    111 m, sumvolt  ! SW 4/30/2018
    112       REAL, ALLOCATABLE, DIMENSION (:,:) :: v_class, t_class, d_class, TMONITOR

Page 3           Source Listing                  FISH
2026-03-30 08:48                                 ..\..\..\particle.f90

    113       LOGICAL, ALLOCATABLE, DIMENSION(:) :: NEXT_BRANCH
    114       
    115       INTEGER :: DIAGFN=8001, DATADEBUGFN=8002, BARCHRTXFN=8003,BARCHRTZFN=8004,FINALFN=8005,INITIALFN=8006, NMONITORS
    116       REAL, ALLOCATABLE, DIMENSION(:) :: FXLOCINIT,FZLOCINIT,SEDVELINIT,DELAYDATEINIT
    117 
    118 
    119 End Module Fishy


SYMBOL CROSS REFERENCE

 Name                       Object Declared Type            Bytes Dimen Elements Attributes       References                        
                                                                                                                                    
 ALPHAX                     Local  30       R(4)            4           scalar                                                      
 ALPHAZ                     Local  30       R(4)            4           scalar                                                      
 AMPM                       Local  85       CHAR            2           scalar                                                      
 ASPRATIO                   Local  37       R(4)            4           scalar                                                      
 BARCHRTXFN                 Local  115      I(4)            4           scalar                    115                               
 BARCHRTZFN                 Local  115      I(4)            4           scalar                    115                               
 BBDYSEARCH                 Local  39       R(4)            4           scalar                                                      
 BOTDO                      Local  52       R(4)            4           scalar                                                      
 BOTHVEL                    Local  53       R(4)            4           scalar                                                      
 BOTK                       Local  51       R(4)            4           scalar                                                      
 BOTTEMP                    Local  51       R(4)            4           scalar                                                      
 BOTVVEL                    Local  54       R(4)            4           scalar                                                      
 BOTVVVEL                   Local  73       I(4)            4           scalar                                                      
 BRCHFISH                   Local  109      R(4)            4     3     1        ALC                                                
 BXSENSPH                   Local  38       R(4)            4           scalar                                                      
 COLLECTOR                  Local  97       CHAR            3           scalar                                                      
 CORNERS                    Local  104      I(4)            4     3     1        ALC                                                
 COUNTFORTRUC               Local  56       R(4)            4           scalar                                                      
 CURRTFISHX                 Local  47       R(4)            4           scalar                                                      
 CURRTFISHZ                 Local  47       R(4)            4           scalar                                                      
 DATADEBUGFN                Local  115      I(4)            4           scalar                    115                               
 DBDYSEARCH                 Local  39       R(4)            4           scalar                                                      
 DEBUG                      Local  93       L(4)            4           scalar                                                      
 DELAYDATE                  Local  108      R(4)            4     1     1        ALC                                                
 DELAYDATEINIT              Local  116      R(4)            4     1     1        ALC                                                
 DEPTHINT                   Local  69       R(4)            4           scalar                                                      
 DIAGFN                     Local  115      I(4)            4           scalar                    115                               
 DIFFROMOPT                 Local  40       R(4)            4           scalar                                                      
 DIR                        Local  77       I(4)            4           scalar                                                      
 DISTREACTXDO               Local  60       R(4)            4           scalar                                                      
 DISTREACTXHV               Local  58       R(4)            4           scalar                                                      
 DISTREACTXTP               Local  61       R(4)            4           scalar                                                      
 DISTREACTXVV               Local  59       R(4)            4           scalar                                                      
 DISTREACTZDO               Local  60       R(4)            4           scalar                                                      
 DISTREACTZHV               Local  58       R(4)            4           scalar                                                      
 DISTREACTZTP               Local  61       R(4)            4           scalar                                                      
 DISTREACTZVV               Local  59       R(4)            4           scalar                                                      
 DNBP                       Local  76       I(4)            4           scalar                                                      
 DOSTEP1MULT                Local  71       R(4)            4           scalar                                                      
 DOTHRES                    Local  41       R(4)            4           scalar                                                      
 DOTHRES2                   Local  71       R(4)            4           scalar                                                      
 DOXWEIGT                   Local  44       R(4)            4           scalar                                                      
 DOZWEIGT                   Local  45       R(4)            4           scalar                                                      
 DXTHEORY                   Local  97       CHAR            3           scalar                                                      

Page 4           Source Listing                  FISH
2026-03-30 08:48 Symbol Table                    ..\..\..\particle.f90

 Name                       Object Declared Type            Bytes Dimen Elements Attributes       References                        
                                                                                                                                    
 DZSENSPH                   Local  38       R(4)            4           scalar                                                      
 D_AVG                      Local  111      R(4)            4     1     1        ALC                                                
 D_CLASS                    Local  112      R(4)            4     2     1        ALC                                                
 D_CNT                      Local  111      R(4)            4     1     1        ALC                                                
 D_INT                      Local  95       R(4)            4           scalar                                                      
 D_SUM                      Local  111      R(4)            4     1     1        ALC                                                
 D_TOP                      Local  95       R(4)            4           scalar                                                      
 D_TOT                      Local  111      R(4)            4     1     1        ALC                                                
 EPSILONRD                  Local  50       R(4)            4           scalar                                                      
 FAGE                       Local  33       R(4)            4           scalar                                                      
 FATPT                      Local  79       I(4)            4           scalar                                                      
 FBDYSEARCH                 Local  39       R(4)            4           scalar                                                      
 FCOUNT                     Local  73       I(4)            4           scalar                                                      
 FFP                        Param  19       I(4)            4           scalar                                                      
 FI                         Local  77       I(4)            4           scalar                                                      
 FIMP                       Local  73       I(4)            4           scalar                                                      
 FINALFN                    Local  115      I(4)            4           scalar                    115                               
 FISHDO                     Local  25       R(8)            8     1     5                                                           
 FISHES                     Local  102      R(4)            4     2     1        ALC                                                
 FISHTEMP                   Local  25       R(8)            8     1     5                                                           
 FISHY                      Module 17                                                                                               
 FJR                        Local  75       I(4)            4           scalar                                                      
 FK                         Local  77       I(4)            4           scalar                                                      
 FKMP                       Local  73       I(4)            4           scalar                                                      
 FKMPTEMP                   Local  78       I(4)            4           scalar                                                      
 FLOWFIELD                  Local  99       R(4)            4     3     1        ALC                                                
 FN                         Local  76       I(4)            4           scalar                                                      
 FNBP                       Local  73       I(4)            4           scalar                                                      
 FNEARX                     Local  47       R(4)            4           scalar                                                      
 FNEARZ                     Local  47       R(4)            4           scalar                                                      
 FNEXT                      Local  106      I(4)            4     1     1        ALC                                                
 FPARA                      Param  19       I(4)            4           scalar                                                      
 FRDX                       Local  42       R(4)            4           scalar                                                      
 FRDY                       Local  42       R(4)            4           scalar                                                      
 FRDZ                       Local  43       R(4)            4           scalar                                                      
 FROMKTBOT                  Local  32       R(4)            4           scalar                                                      
 FSCHL                      Local  78       I(4)            4           scalar                                                      
 FSIZE                      Local  33       R(4)            4           scalar                                                      
 FSNAG                      Local  80       I(4)            4           scalar                                                      
 FX00COUNT                  Local  28       R(8)            8           scalar                                                      
 FXDOCOUNT                  Local  26       R(8)            8           scalar                                                      
 FXDOSPAN                   Local  67       R(4)            4           scalar                                                      
 FXGRADDO                   Local  42       R(4)            4           scalar                                                      
 FXGRADHV                   Local  42       R(4)            4           scalar                                                      
 FXGRADTP                   Local  42       R(4)            4           scalar                                                      
 FXGRADVV                   Local  42       R(4)            4           scalar                                                      
 FXHVCOUNT                  Local  26       R(8)            8           scalar                                                      
 FXHVSPAN                   Local  67       R(4)            4           scalar                                                      
 FXLOC                      Local  29       R(4)            4           scalar                                                      
 FXLOCI                     Local  108      R(4)            4     1     1        ALC                                                
 FXLOCINIT                  Local  116      R(4)            4     1     1        ALC                                                
 FXRDCOUNT                  Local  26       R(8)            8           scalar                                                      
 FXRDSPAN                   Local  67       R(4)            4           scalar                                                      
 FXREACTDO                  Local  65       R(4)            4           scalar                                                      
 FXREACTRND                 Local  65       R(4)            4           scalar                                                      

Page 5           Source Listing                  FISH
2026-03-30 08:48 Symbol Table                    ..\..\..\particle.f90

 Name                       Object Declared Type            Bytes Dimen Elements Attributes       References                        
                                                                                                                                    
 FXREACTTMP                 Local  65       R(4)            4           scalar                                                      
 FXREACTVEL                 Local  65       R(4)            4           scalar                                                      
 FXSENSPH                   Local  38       R(4)            4           scalar                                                      
 FXTPCOUNT                  Local  26       R(8)            8           scalar                                                      
 FXTPSPAN                   Local  67       R(4)            4           scalar                                                      
 FXVEL                      Local  25       R(8)            8     1     5                                                           
 FXVVCOUNT                  Local  26       R(8)            8           scalar                                                      
 FXVVSPAN                   Local  67       R(4)            4           scalar                                                      
 FYLOC                      Local  29       R(4)            4           scalar                                                      
 FYLOCTMP                   Local  32       R(4)            4           scalar                                                      
 FYVEL                      Local  30       R(4)            4           scalar                                                      
 FZ00COUNT                  Local  28       R(8)            8           scalar                                                      
 FZDOCOUNT                  Local  27       R(8)            8           scalar                                                      
 FZDOSPAN                   Local  68       R(4)            4           scalar                                                      
 FZGRADDO                   Local  43       R(4)            4           scalar                                                      
 FZGRADHV                   Local  43       R(4)            4           scalar                                                      
 FZGRADTP                   Local  43       R(4)            4           scalar                                                      
 FZGRADVV                   Local  43       R(4)            4           scalar                                                      
 FZHVCOUNT                  Local  27       R(8)            8           scalar                                                      
 FZHVSPAN                   Local  68       R(4)            4           scalar                                                      
 FZLOC                      Local  29       R(4)            4           scalar                                                      
 FZLOCI                     Local  108      R(4)            4     1     1        ALC                                                
 FZLOCINIT                  Local  116      R(4)            4     1     1        ALC                                                
 FZRDCOUNT                  Local  27       R(8)            8           scalar                                                      
 FZRDSPAN                   Local  68       R(4)            4           scalar                                                      
 FZREACTDO                  Local  66       R(4)            4           scalar                                                      
 FZREACTRND                 Local  66       R(4)            4           scalar                                                      
 FZREACTTMP                 Local  66       R(4)            4           scalar                                                      
 FZREACTVEL                 Local  66       R(4)            4           scalar                                                      
 FZTPCOUNT                  Local  27       R(8)            8           scalar                                                      
 FZTPSPAN                   Local  68       R(4)            4           scalar                                                      
 FZVEL                      Local  25       R(8)            8     1     5                                                           
 FZVVCOUNT                  Local  27       R(8)            8           scalar                                                      
 FZVVSPAN                   Local  68       R(4)            4           scalar                                                      
 GRADDO                     Local  22       R(8)            8     1     4                                                           
 GRADTEMP                   Local  22       R(8)            8     1     4                                                           
 GRADXVEL                   Local  22       R(8)            8     1     4                                                           
 GRADZVEL                   Local  22       R(8)            8     1     4                                                           
 GROUP                      Local  106      I(4)            4     1     1        ALC                                                
 HADEPTHINT                 Local  70       R(4)            4           scalar                                                      
 HIST_D                     Local  94       L(4)            4           scalar                                                      
 HIST_T                     Local  94       L(4)            4           scalar                                                      
 HIST_V                     Local  94       L(4)            4           scalar                                                      
 HITSTICKBOTTOM             Local  94       L(4)            4           scalar                                                      
 HITSTICKSIDE               Local  94       L(4)            4           scalar                                                      
 HR                         Local  37       R(4)            4           scalar                                                      
 HVXWEIGT                   Local  44       R(4)            4           scalar                                                      
 HVZWEIGT                   Local  45       R(4)            4           scalar                                                      
 ICOLL                      Local  107      I(4)            4     1     1        ALC                                                
 ICOLLB                     Local  107      I(4)            4     1     1        ALC                                                
 ICOLLT                     Local  107      I(4)            4     1     1        ALC                                                
 IFISH                      Local  106      I(4)            4     1     1        ALC                                                
 IFISHB                     Local  106      I(4)            4     1     1        ALC                                                
 IFISHT                     Local  106      I(4)            4     1     1        ALC                                                
 ILOK                       Local  78       I(4)            4           scalar                                                      

Page 6           Source Listing                  FISH
2026-03-30 08:48 Symbol Table                    ..\..\..\particle.f90

 Name                       Object Declared Type            Bytes Dimen Elements Attributes       References                        
                                                                                                                                    
 IMONITOR                   Local  107      I(4)            4     1     1        ALC                                                
 INITIALFN                  Local  115      I(4)            4           scalar                    115                               
 ISWITCH                    Local  73       I(4)            4           scalar                                                      
 JBP                        Local  21       I(4)            4           scalar                                                      
 JDAYDIFF                   Local  31       R(4)            4           scalar                                                      
 JJ                         Local  21       I(4)            4           scalar                                                      
 KLAST                      Local  21       I(4)            4           scalar                                                      
 KLOK                       Local  78       I(4)            4           scalar                                                      
 KTWBF                      Local  74       I(4)            4           scalar                                                      
 LASTFIELD                  Local  99       R(4)            4     3     1        ALC                                                
 LFTDO                      Local  52       R(4)            4           scalar                                                      
 LFTHVEL                    Local  54       R(4)            4           scalar                                                      
 LFTTEMP                    Local  51       R(4)            4           scalar                                                      
 LFTVVEL                    Local  55       R(4)            4           scalar                                                      
 LIMPBR                     Local  101      I(4)            4     2     1        ALC                                                
 LINE                       Local  94       L(4)            4           scalar                                                      
 LINEAR                     Local  93       L(4)            4           scalar                                                      
 LJDAY                      Local  33       R(4)            4           scalar                                                      
 LOCATE                     Local  77       I(4)            4           scalar                                                      
 LRUNDAY                    Local  50       R(4)            4           scalar                                                      
 MAXREACTXDO                Local  60       R(4)            4           scalar                                                      
 MAXREACTXHV                Local  58       R(4)            4           scalar                                                      
 MAXREACTXTP                Local  61       R(4)            4           scalar                                                      
 MAXREACTXVV                Local  59       R(4)            4           scalar                                                      
 MAXREACTZDO                Local  60       R(4)            4           scalar                                                      
 MAXREACTZHV                Local  58       R(4)            4           scalar                                                      
 MAXREACTZTP                Local  61       R(4)            4           scalar                                                      
 MAXREACTZVV                Local  59       R(4)            4           scalar                                                      
 MAXUFISH                   Local  41       R(4)            4           scalar                                                      
 MAXWFISH                   Local  41       R(4)            4           scalar                                                      
 MIDID                      Local  53       R(4)            4           scalar                                                      
 MIDIDO                     Local  53       R(4)            4           scalar                                                      
 MIDIH                      Local  54       R(4)            4           scalar                                                      
 MIDIHVEL                   Local  54       R(4)            4           scalar                                                      
 MIDIT                      Local  52       R(4)            4           scalar                                                      
 MIDITEMP                   Local  52       R(4)            4           scalar                                                      
 MIDIV                      Local  55       R(4)            4           scalar                                                      
 MIDIVVEL                   Local  55       R(4)            4           scalar                                                      
 MIDKD                      Local  52       R(4)            4           scalar                                                      
 MIDKDO                     Local  52       R(4)            4           scalar                                                      
 MIDKH                      Local  53       R(4)            4           scalar                                                      
 MIDKHVEL                   Local  53       R(4)            4           scalar                                                      
 MIDKT                      Local  51       R(4)            4           scalar                                                      
 MIDKTEMP                   Local  51       R(4)            4           scalar                                                      
 MIDKV                      Local  55       R(4)            4           scalar                                                      
 MIDKVVEL                   Local  55       R(4)            4           scalar                                                      
 MILTIME                    Local  37       R(4)            4           scalar                                                      
 MINREACTXDO                Local  60       R(4)            4           scalar                                                      
 MINREACTXHV                Local  58       R(4)            4           scalar                                                      
 MINREACTXTP                Local  61       R(4)            4           scalar                                                      
 MINREACTXVV                Local  59       R(4)            4           scalar                                                      
 MINREACTZDO                Local  60       R(4)            4           scalar                                                      
 MINREACTZHV                Local  58       R(4)            4           scalar                                                      
 MINREACTZTP                Local  61       R(4)            4           scalar                                                      
 MINREACTZVV                Local  59       R(4)            4           scalar                                                      

Page 7           Source Listing                  FISH
2026-03-30 08:48 Symbol Table                    ..\..\..\particle.f90

 Name                       Object Declared Type            Bytes Dimen Elements Attributes       References                        
                                                                                                                                    
 MONITORONOFF               Local  105      I(4)            4     2     1        ALC                                                
 MXXSPDL                    Local  41       R(4)            4           scalar                                                      
 MXZSPDL                    Local  41       R(4)            4           scalar                                                      
 NBRF                       Local  103      I(4)            4     1     1        ALC                                                
 NCOLLECTOR                 Local  81       I(4)            4           scalar                                                      
 NDINFO                     Local  105      I(4)            4     2     1        ALC                                                
 NET                        Local  80       I(4)            4           scalar                                                      
 NETCATCH                   Local  100      I(4)            4     3     1        ALC                                                
 NEXT_BRANCH                Local  113      L(4)            4     1     1        ALC                                                
 NFISH                      Local  21       I(4)            4           scalar                                                      
 NFISHPCEL                  Local  81       I(4)            4           scalar                                                      
 NFISHSEG                   Local  81       I(4)            4           scalar                                                      
 NFSFREQ                    Local  28       R(8)            8           scalar                                                      
 NGRPFH                     Local  77       I(4)            4           scalar                                                      
 NL                         Local  21       I(4)            4           scalar                                                      
 NMONITOR                   Local  96       I(4)            4           scalar                                                      
 NMONITORS                  Local  115      I(4)            4           scalar                                                      
 NODES                      Local  99       R(4)            4     3     1        ALC                                                
 NR                         Local  21       I(4)            4           scalar                                                      
 NUMACOUSTICS               Local  21       I(4)            4           scalar                                                      
 NUMCLASS                   Local  96       I(4)            4           scalar                                                      
 NUMGILLNETS                Local  21       I(4)            4           scalar                                                      
 NZONES                     Local  76       I(4)            4           scalar                                                      
 OLDFXLOC                   Local  69       R(4)            4           scalar                                                      
 OLDFYLOC                   Local  69       R(4)            4           scalar                                                      
 OLDFZLOC                   Local  69       R(4)            4           scalar                                                      
 OTHERFISHX                 Local  47       R(4)            4           scalar                                                      
 OTHERFISHZ                 Local  47       R(4)            4           scalar                                                      
 OTHFI                      Local  78       I(4)            4           scalar                                                      
 OTHFK                      Local  78       I(4)            4           scalar                                                      
 OUTFREQ                    Local  31       R(4)            4           scalar                                                      
 OUTFREQAPR                 Local  34       R(4)            4           scalar                                                      
 OUTFREQAUG                 Local  35       R(4)            4           scalar                                                      
 OUTFREQDEC                 Local  36       R(4)            4           scalar                                                      
 OUTFREQFEB                 Local  34       R(4)            4           scalar                                                      
 OUTFREQJAN                 Local  34       R(4)            4           scalar                                                      
 OUTFREQJUL                 Local  35       R(4)            4           scalar                                                      
 OUTFREQJUN                 Local  35       R(4)            4           scalar                                                      
 OUTFREQMAR                 Local  34       R(4)            4           scalar                                                      
 OUTFREQMAY                 Local  35       R(4)            4           scalar                                                      
 OUTFREQNOV                 Local  36       R(4)            4           scalar                                                      
 OUTFREQOCT                 Local  36       R(4)            4           scalar                                                      
 OUTFREQP                   Local  36       R(4)            4           scalar                                                      
 OUTFREQSEP                 Local  36       R(4)            4           scalar                                                      
 PARTICLE                   Local  94       L(4)            4           scalar                                                      
 PARTMOD                    Local  97       CHAR            3           scalar                                                      
 PARTON                     Local  97       CHAR            3           scalar                                                      
 PREC                       Module 18                                                             18                                
 R8                         Param  22       I(4)            4           scalar                    22,23,24,25,26,27,28              
 RD                         Local  75       I(4)            4           scalar                                                      
 RDX                        Local  32       R(4)            4           scalar                                                      
 RDXWEIGT                   Local  44       R(4)            4           scalar                                                      
 RDY                        Local  32       R(4)            4           scalar                                                      
 RDYWEIGT                   Local  44       R(4)            4           scalar                                                      
 RDZ                        Local  32       R(4)            4           scalar                                                      

Page 8           Source Listing                  FISH
2026-03-30 08:48 Symbol Table                    ..\..\..\particle.f90

 Name                       Object Declared Type            Bytes Dimen Elements Attributes       References                        
                                                                                                                                    
 RDZWEIGT                   Local  45       R(4)            4           scalar                                                      
 RGTDO                      Local  52       R(4)            4           scalar                                                      
 RGTHVEL                    Local  54       R(4)            4           scalar                                                      
 RGTTEMP                    Local  51       R(4)            4           scalar                                                      
 RGTVVEL                    Local  55       R(4)            4           scalar                                                      
 RIMPBR                     Local  101      I(4)            4     2     1        ALC                                                
 RMAT                       Local  32       R(4)            4     1     4                                                           
 RRR                        Local  32       R(4)            4           scalar                                                      
 RUNDIFF                    Local  28       R(8)            8           scalar                                                      
 SEDVEL                     Local  108      R(4)            4     1     1        ALC                                                
 SEDVELINIT                 Local  116      R(4)            4     1     1        ALC                                                
 SEED                       Local  75       I(4)            4           scalar                                                      
 SHOWSKY                    Local  93       L(4)            4           scalar                                                      
 SKYDAWN                    Local  56       R(4)            4           scalar                                                      
 SKYDAY                     Local  56       R(4)            4           scalar                                                      
 SKYDUSK                    Local  56       R(4)            4           scalar                                                      
 SKYNIGHT                   Local  56       R(4)            4           scalar                                                      
 SNAGCOUNT                  Local  103      I(4)            4     1     1        ALC                                                
 SND                        Local  80       I(4)            4           scalar                                                      
 SNDCATCH                   Local  99       R(4)            4     3     1        ALC                                                
 SNDCOUNT                   Local  103      I(4)            4     1     1        ALC                                                
 SUMVOLT                    Local  111      R(4)            4     1     1        ALC                                                
 SURFCALC                   Local  73       I(4)            4           scalar                                                      
 TAG                        Local  75       I(4)            4           scalar                                                      
 TEMPOPT                    Local  40       R(4)            4           scalar                                                      
 TEMPOPTD                   Local  37       R(4)            4           scalar                                                      
 TEMPOPTN                   Local  37       R(4)            4           scalar                                                      
 TEMPORARYGRAD              Local  25       R(8)            8           scalar                                                      
 TEMPTHRES                  Local  71       R(4)            4           scalar                                                      
 TEMP_INT                   Local  95       R(4)            4           scalar                                                      
 TEMP_TOP                   Local  95       R(4)            4           scalar                                                      
 TMONITOR                   Local  112      R(4)            4     2     1        ALC                                                
 TOPDO                      Local  52       R(4)            4           scalar                                                      
 TOPHVEL                    Local  53       R(4)            4           scalar                                                      
 TOPTEMP                    Local  51       R(4)            4           scalar                                                      
 TOPVVEL                    Local  54       R(4)            4           scalar                                                      
 TOTBRNN                    Local  82       I(4)            4     1     1        ALC,SAVE                                           
 TOTELE                     Local  82       I(4)            4     1     1        ALC,SAVE                                           
 TOTFXSPAN                  Local  67       R(4)            4           scalar                                                      
 TOTFXWGT                   Local  26       R(8)            8           scalar                                                      
 TOTFZSPAN                  Local  68       R(4)            4           scalar                                                      
 TOTFZWGT                   Local  27       R(8)            8           scalar                                                      
 TPXWEIGT                   Local  44       R(4)            4           scalar                                                      
 TPZWEIGT                   Local  45       R(4)            4           scalar                                                      
 TSETP2MULT                 Local  31       R(4)            4           scalar                                                      
 TSTEP1                     Local  71       R(4)            4           scalar                                                      
 TSTEP1MULT                 Local  71       R(4)            4           scalar                                                      
 TSTEP2                     Local  71       R(4)            4           scalar                                                      
 TSTEP2MULT                 Local  71       R(4)            4           scalar                                                      
 TXTDORULE                  Local  87       CHAR            4           scalar                                                      
 TXTMULTIRULE               Local  88       CHAR            4           scalar                                                      
 TXTNULLFF                  Local  86       CHAR            4           scalar                                                      
 TXTNULLWQ                  Local  86       CHAR            4           scalar                                                      
 TXTPARTICLE                Local  88       CHAR            4           scalar                                                      
 TXTPASSTRAN                Local  87       CHAR            4           scalar                                                      

Page 9           Source Listing                  FISH
2026-03-30 08:48 Symbol Table                    ..\..\..\particle.f90

 Name                       Object Declared Type            Bytes Dimen Elements Attributes       References                        
                                                                                                                                    
 TXTRANDRULE                Local  87       CHAR            4           scalar                                                      
 TXTSCHOOLG                 Local  88       CHAR            4           scalar                                                      
 TXTSTIMRULE                Local  86       CHAR            4           scalar                                                      
 TXTTEMPRULE                Local  87       CHAR            4           scalar                                                      
 TXTVELORULE                Local  86       CHAR            4           scalar                                                      
 T_AVG                      Local  111      R(4)            4     1     1        ALC                                                
 T_CLASS                    Local  112      R(4)            4     2     1        ALC                                                
 T_CNT                      Local  111      R(4)            4     1     1        ALC                                                
 T_SUM                      Local  111      R(4)            4     1     1        ALC                                                
 T_TOT                      Local  111      R(4)            4     1     1        ALC                                                
 UBDYSEARCH                 Local  39       R(4)            4           scalar                                                      
 UFISH                      Local  30       R(4)            4           scalar                                                      
 UNBP                       Local  76       I(4)            4           scalar                                                      
 UZSENSPH                   Local  38       R(4)            4           scalar                                                      
 VALUE                      Local  22       R(8)            8           scalar                                                      
 VARIABLE                   Local  77       I(4)            4           scalar                                                      
 VARYDO                     Local  78       I(4)            4           scalar                                                      
 VARYHVEL                   Local  79       I(4)            4           scalar                                                      
 VARYTEMP                   Local  78       I(4)            4           scalar                                                      
 VARYVVEL                   Local  79       I(4)            4           scalar                                                      
 VEL_INT                    Local  95       R(4)            4           scalar                                                      
 VEL_TOP                    Local  95       R(4)            4           scalar                                                      
 VFISH                      Local  30       R(4)            4           scalar                                                      
 VVELCAP                    Local  55       R(4)            4           scalar                                                      
 VVXWEIGT                   Local  44       R(4)            4           scalar                                                      
 VVZWEIGT                   Local  45       R(4)            4           scalar                                                      
 V_AVG                      Local  111      R(4)            4     1     1        ALC                                                
 V_CLASS                    Local  112      R(4)            4     2     1        ALC                                                
 V_CNT                      Local  111      R(4)            4     1     1        ALC                                                
 V_SUM                      Local  111      R(4)            4     1     1        ALC                                                
 V_TOT                      Local  111      R(4)            4     1     1        ALC                                                
 WBRUN                      Local  76       I(4)            4           scalar                                                      
 WBSKIP                     Local  93       L(4)            4           scalar                                                      
 WFISH                      Local  30       R(4)            4           scalar                                                      
 WQFIELD                    Local  99       R(4)            4     3     1        ALC                                                
 WQP                        Param  19       I(4)            4           scalar                                                      
 XDISPCOEFF                 Local  57       R(4)            4           scalar                                                      
 XDOTRUCSUM                 Local  64       R(4)            4           scalar                                                      
 XDOTRUNC                   Local  64       R(4)            4           scalar                                                      
 XGRADDO                    Local  24       R(8)            8           scalar                                                      
 XGRADHV                    Local  23       R(8)            8           scalar                                                      
 XGRADTP                    Local  24       R(8)            8           scalar                                                      
 XGRADVV                    Local  23       R(8)            8           scalar                                                      
 XHVTRUCSUM                 Local  63       R(4)            4           scalar                                                      
 XHVTRUNC                   Local  63       R(4)            4           scalar                                                      
 XINZONE                    Local  49       R(4)            4           scalar                                                      
 XLOK                       Local  40       R(4)            4           scalar                                                      
 XMDZONE                    Local  49       R(4)            4           scalar                                                      
 XOTZONE                    Local  50       R(4)            4           scalar                                                      
 XREFL                      Local  29       R(4)            4           scalar                                                      
 XSCHZONEINN                Local  48       R(4)            4           scalar                                                      
 XSCHZONEMID                Local  48       R(4)            4           scalar                                                      
 XSCHZONEOUT                Local  49       R(4)            4           scalar                                                      
 XSEPCOMFORT                Local  57       R(4)            4           scalar                                                      
 XSHIFTMONITOR              Local  108      R(4)            4     1     1        ALC                                                

Page 10          Source Listing                  FISH
2026-03-30 08:48 Symbol Table                    ..\..\..\particle.f90

 Name                       Object Declared Type            Bytes Dimen Elements Attributes       References                        
                                                                                                                                    
 XTPTRUCSUM                 Local  64       R(4)            4           scalar                                                      
 XTPTRUNC                   Local  64       R(4)            4           scalar                                                      
 XURGENCY                   Local  46       R(4)            4           scalar                                                      
 XURGTRAK                   Local  62       R(4)            4           scalar                                                      
 XVVTRUCSUM                 Local  63       R(4)            4           scalar                                                      
 XVVTRUNC                   Local  63       R(4)            4           scalar                                                      
 YREFL                      Local  29       R(4)            4           scalar                                                      
 YURGENCY                   Local  46       R(4)            4           scalar                                                      
 ZBOTREFL                   Local  29       R(4)            4           scalar                                                      
 ZDISPCOEFF                 Local  57       R(4)            4           scalar                                                      
 ZDOTRUCSUM                 Local  64       R(4)            4           scalar                                                      
 ZDOTRUNC                   Local  64       R(4)            4           scalar                                                      
 ZGRADDO                    Local  24       R(8)            8           scalar                                                      
 ZGRADHV                    Local  23       R(8)            8           scalar                                                      
 ZGRADTP                    Local  24       R(8)            8           scalar                                                      
 ZGRADVV                    Local  23       R(8)            8           scalar                                                      
 ZHVTRUCSUM                 Local  63       R(4)            4           scalar                                                      
 ZHVTRUNC                   Local  63       R(4)            4           scalar                                                      
 ZINZONE                    Local  49       R(4)            4           scalar                                                      
 ZLOK                       Local  40       R(4)            4           scalar                                                      
 ZMDZONE                    Local  49       R(4)            4           scalar                                                      
 ZOTZONE                    Local  50       R(4)            4           scalar                                                      
 ZSCHZONEINN                Local  48       R(4)            4           scalar                                                      
 ZSCHZONEMID                Local  48       R(4)            4           scalar                                                      
 ZSCHZONEOUT                Local  49       R(4)            4           scalar                                                      
 ZSEPCOMFORT                Local  57       R(4)            4           scalar                                                      
 ZSURREFL                   Local  29       R(4)            4           scalar                                                      
 ZTPTRUCSUM                 Local  64       R(4)            4           scalar                                                      
 ZTPTRUNC                   Local  64       R(4)            4           scalar                                                      
 ZURGENCY                   Local  46       R(4)            4           scalar                                                      
 ZURGTRAK                   Local  62       R(4)            4           scalar                                                      
 ZVVTRUCSUM                 Local  63       R(4)            4           scalar                                                      
 ZVVTRUNC                   Local  63       R(4)            4           scalar                                                      

Page 11          Source Listing                  FISH
2026-03-30 08:48                                 ..\..\..\particle.f90

    120 
    121 
    122 !  This Subroutine Calls the Following Subroutines:
    123 !      FIMPBR,GRIDPLOT,WHATJR,SPLINE,RANDOM
    124 !      FINDNEWBR,FISHPLOT,INTERCONST,INTERFLOWF
    125 
    126 
    127       SUBROUTINE FISH
    128 
    129      USE SURFHE; Use Fishy; Use GDAYC;  Use SCREENC; Use GEOMC; USE GLOBAL;   Use MAIN, only: IWD, FISH_PARTICLE_EXIST, KBI,
    129  RESTART_IN 
    130      IMPLICIT NONE
    131      
    132      REAL :: DZ
    133      INTEGER :: JF,KK,N, IW, GROUPLAST
    134 
    135   IF (NIT.EQ.0 .or. restart_in) THEN             ! The very first time the Subroutine FISH is called; SW 6/2025
    136       FXSENSPH=0.0;BXSENSPH=0.0;UZSENSPH=0.0;DZSENSPH=0.0;UFISH=0.0;VFISH=0.0;WFISH=0.0
    137 !***** Open 'Numerical Fish Surrogate' files
    138       Call Read_Fish_Data
    139       IF(.NOT.FISH_PARTICLE_EXIST)RETURN  !STOP ALL PROCESSING
    140       
    141       OPEN (DIAGFN,FILE='Particle_Diagnostic.opt',STATUS='UNKNOWN')                         !FISH
    142       if(debug)then
    143       OPEN (DATADEBUGFN,FILE='Particle_Debug.opt',STATUS='UNKNOWN')                           !FISH
    144       endif
    145       
    146       OPEN (FINALFN,file='finalparticle.csv',status='unknown')                             !FISH
    147       OPEN (INITIALFN,file='initialparticle.csv',status='unknown')
    148 
    149 ! Allocate arrays
    150 ! Read input data files
    151 
    152   Allocate(FISHES(NFISH,FPARA),WQFIELD(KMX,IMX,WQP),FLOWFIELD(KMX,IMX,FFP),NETCATCH(NUMGILLNETS,NFISH,5),&
    153            SNDCATCH(NUMACOUSTICS,3*NFISH,2),RIMPBR(IMX,2),LIMPBR(IMX,2), NODES(KMX,IMX,2),&
    154            NDINFO(IMX*KMX+IMX+KMX-1,4),CORNERS(NBR,IMX*KMX+IMX+KMX-1,4),LASTFIELD(KMX,IMX,2),&
    155            BRCHFISH(NBR,NFISH,FPARA),NBRF(NBR))
    156   ALLOCATE(NEXT_BRANCH(NBR),FNEXT(NBR))
    157   flowfield=0.0
    158   wqfield=0.0
    159   corners=0
    160   ndinfo=0
    161   nodes=0.0
    162   netcatch=0
    163   sndcatch=0.0
    164   lastfield=0.0
    165   brchfish=0.0
    166   nbrf=0
    167   fishes=0.0
    168   wbskip=.false.
    169   showsky=.false.
    170         CALL FIMPBR                  ! Establishes data set of what segments are in each Branch
    171         SEED           = 92          ! Seed for the Random Number Generator
    172 
    173 
    174 !------------------------------------------ PARTICLE DATA INITIALIZATION ------------------------------------------
    175 

Page 12          Source Listing                  FISH
2026-03-30 08:48                                 ..\..\..\particle.f90

    176 !Multiple Particles
    177         NGRPFH = 0                                   ! NGRPFH  = The number of particles/fish being initiated
    178         DO jj=1,nfishseg
    179           DO FK=ifisht(jj),ifishb(jj)                 !KTWB(2),(KB(FI)-2),1   ! Fish will be placed at each one of these Lay
    179 er nodes
    180             DO FATPT=1,nfishpcel                     ! The Number of Fish that will be placed at each drop location
    181               NGRPFH = NGRPFH + 1                        ! NGRPFH  = The number of particles/fish being initiated
    182               FISHES(NGRPFH,1) = ifish(jj)    !FI        ! FIMP    = Initial segment IMP where particle/fish is released
    183               FISHES(NGRPFH,3) = FK                      ! FKMP    = Initial layer KMP where particle/fish is released
    184             end do
    185            end do
    186         end do
    187 !_____________________________________________________
    188 !Data for All Fish
    189         GROUPLAST=1
    190         N=NFISHPCEL
    191         DO FN=1,NFISH
    192          IF(.NOT.LINE)THEN
    193           FISHES(FN,4)  = FZLOCI(FN)   !0.0   ! FZLOC   = Location of fish within layer KMP from top side
    194          ELSE
    195            if(N==NFISHPCEL .OR. GROUPLAST /= GROUP(FN))then
    196             FISHES(FN,4)  = 0.           ! FZLOC   = assumed to be zero for LINE
    197             fimp=fishes(fn,1)
    198             call whatjr
    199             dz=h(fishes(fn,3),fjr)/nfishpcel
    200             GROUPLAST=GROUP(FN)
    201             N=1
    202            else
    203             fishes(fn,4)=fishes(fn-1,4)+dz
    204             N=N+1
    205            endif 
    206          ENDIF
    207           FISHES(FN,2)  = FXLOCI(FN)   !0.0   ! FXLOC   = Location of fish within segment IMP from upstream side
    208           FISHES(FN,5)  = B(INT(FISHES(FN,3)),INT(FISHES(FN,1)))*0.5
    209 ! FYLOC   = Lateral fish release location (from left bank in plan view)
    210 !                     Looking down on a segment
    211 !                                downstream
    212 !        y=0                        y=B/2                       y=B
    213 !         +---------------------------+--------------------------+
    214 !         |                                                      |
    215 !         |                                                      |
    216 !  L      |                           X                          |       R     ! location of particle in lateral
    217 !         |                                                      |
    218 !         |                                                      |
    219 !         |                                                      |
    220 !         +----------------------------+-------------------------+
    221 !                                 upstream
    222           
    223           call findbranch(fishes(fn,1))
    224           FISHES(FN,6)  = real(FNBP)   !6     ! FNBP    = Branch where fish is released
    225           FISHES(FN,7)  = FSIZE   !0.178 ! FSIZE   = Size (i.e., length) of fish in meters (1 inch = 0.0254 meters)
    226           FISHES(FN,8)  = FAGE   !2.0   ! FAGE    = Age of the fish
    227           FISHES(FN,9)  = UFISH   !0.0   ! UFISH   = Initial longitudinal velocity of the fish relative to water
    228           FISHES(FN,10) = VFISH   !0.0   ! VFISH   = Initial lateral velocity of the fish relative to water
    229           FISHES(FN,11) = WFISH   !0.0  ! WFISH   = Initial vertical velocity of the fish relative to water
    230           FISHES(FN,12) = 0          ! ISWITCH = Is fish still in system: Yes=0  No=1
    231           FISHES(FN,13) = 0          ! FSNAG   = Gillnet # fish is snagged in; = 0 if fish not in a gillnet

Page 13          Source Listing                  FISH
2026-03-30 08:48                                 ..\..\..\particle.f90

    232         END DO
    233 
    234         CALL NEXTBRANCH    ! SW 8/2018 ARE BRANCHES CONNECTED BY SPILLWAYS/GATES/PUMPS TO TRANSFER PARTICLES TO OTHER PARTS 
    234 OF THE SYSTEM
    235   END IF
    236 
    237 !*********************************************************************************************
    238 !******************************  NO MORE INPUT BELOW THIS POINT  *****************************
    239 !*********************************************************************************************
    240 
    241 
    242 !Initialize Parameters Used to Evaluate Implementation of the Stimuli-Response Rules,
    243 !  Prepare Text for Output Purposes, and Output Input Data to DIAGNOSTICS.OUT File
    244 
    245 
    246       IF (NIT.EQ.0) THEN
    247         VVELCAP          = 4.E-4    ! Any Vert Vel that exceeds this value will have its TECPLOT VECTOR truncated back to th
    247 is value
    248 !   Suggested Value = 4E-4
    249 !Set Counting and Averaging Variables to Zero
    250 
    251         FX00COUNT     = 0                        ! Counts # of times No Gradient is Dominant in the X-direction
    252         FXHVCOUNT     = 0                        ! Counts # of times Horizontal Velocity is Dominant in the X-direction
    253         FXVVCOUNT     = 0                        ! Counts # of times Vertical Velocity is Dominant in the X-direction
    254         FXDOCOUNT     = 0                        ! Counts # of times Dissolved Oxygen is Dominant in the X-direction
    255         FXTPCOUNT     = 0                        ! Counts # of times Temperature is Dominant in the X-direction
    256         FXRDCOUNT     = 0                        ! Counts # of times Randomization is Dominant in the X-direction
    257         TOTFXWGT      = 0                        ! Sums All Weights Used in making X-Movement Decisions
    258         FZ00COUNT     = 0                        ! Counts # of times No Gradient is Dominant in the Z-direction
    259         FZHVCOUNT     = 0                        ! Counts # of times Horizontal Velocity is Dominant in the Z-direction
    260         FZVVCOUNT     = 0                        ! Counts # of times Vertical Velocity is Dominant in the Z-direction
    261         FZDOCOUNT     = 0                        ! Counts # of times Dissolved Oxygen is Dominant in the Z-direction
    262         FZTPCOUNT     = 0                        ! Counts # of times Temperature is Dominant in the Z-direction
    263         FZRDCOUNT     = 0                        ! Counts # of times Randomization is Dominant in the Z-direction
    264         TOTFZWGT      = 0                        ! Sums All Weights Used in making Z-Movement Decisions
    265         XHVTRUNC      = 0                        ! Counts # of times Scaled Horz Vel Gradient in X-dir must be truncated to 
    265 1.0
    266         XHVTRUCSUM    = 0                        ! Sums the Values of all Scaled Horz Vel Gradients that were Truncated in X
    266 -dir
    267         ZHVTRUNC      = 0                        ! Counts # of times Scaled Horz Vel Gradient in Z-dir must be truncated to 
    267 1.0
    268         ZHVTRUCSUM    = 0                        ! Sums the Values of all Scaled Horz Vel Gradients that were Truncated in Z
    268 -dir
    269         XVVTRUNC      = 0                        ! Counts # of times Scaled Vert Vel Gradient in X-dir must be truncated to 
    269 1.0
    270         XVVTRUCSUM    = 0                        ! Sums the Values of all Scaled Vert Vel Gradients that were Truncated in X
    270 -dir
    271         ZVVTRUNC      = 0                        ! Counts # of times Scaled Vert Vel Gradient in Z-dir must be truncated to 
    271 1.0
    272         ZVVTRUCSUM    = 0                        ! Sums the Values of all Scaled Vert Vel Gradients that were Truncated in Z
    272 -dir
    273         XDOTRUNC      = 0                        ! Counts # of times Scaled Diss Oxyg Gradient in X-dir must be truncated to
    273  1.0
    274         XDOTRUCSUM    = 0                        ! Sums the Values of all Scaled Diss Oxyg Gradients that were Truncated in 
    274 X-dir
    275         ZDOTRUNC      = 0                        ! Counts # of times Scaled Diss Oxyg Gradient in Z-dir must be truncated to
    275  1.0

Page 14          Source Listing                  FISH
2026-03-30 08:48                                 ..\..\..\particle.f90

    276         ZDOTRUCSUM    = 0                        ! Sums the Values of all Scaled Diss Oxyg Gradients that were Truncated in 
    276 Z-dir
    277         XTPTRUNC      = 0                        ! Counts # of times Scaled Temperature Gradient in X-dir must be truncated 
    277 to 1.0
    278         XTPTRUCSUM    = 0                        ! Sums the Values of all Scaled Temperature Gradients that were Truncated i
    278 n X-dir
    279         ZTPTRUNC      = 0                        ! Counts # of times Scaled Temperature Gradient in Z-dir must be truncated 
    279 to 1.0
    280         ZTPTRUCSUM    = 0                        ! Sums the Values of all Scaled Temperature Gradients that were Truncated i
    280 n Z-dir
    281         COUNTFORTRUC  = 0                        ! Counts total # of times Stimuli-Response Rules are implemented
    282 
    283 !Preparing Text for TecPlot Animation and Output Files
    284 
    285 
    286         if(particle)then
    287         txtparticle='  ON'
    288         else
    289         txtparticle=' OFF'
    290         end if
    291 
    292 
    293 ! initial fish output
    294     write(INITIALFN,'(a291)')'Part#,Seg#,XLocationwithinSegmentfromUpstreamSide(m),Layer#,VerticalDistfromTop(m),LateralDist
    294 fromLeftBank,Branch#,ParticleInModel(=0),JDAYleftsystem,DetentionTime(days),RemovalMechanism,SedVelocity(m/d),DateStart'
    295     do jf=1,nfish     
    296     write(INITIALFN,'(i7,",",1x,10(f10.3,","),f8.4,",",f12.4)')jf,fishes(jf,1),fishes(jf,2),fishes(jf,3),fishes(jf,4),fishes
    296 (jf,5),fishes(jf,6),fishes(jf,12),fishes(jf,14),fishes(jf,15),fishes(jf,16),sedvel(jf),delaydate(jf)
    297     end do
    298 
    299     close(INITIALFN)
    300 
    301       END IF
    302 
    303 
    304 !Specification of the Time Stepping used in Running the NFS (W2 may, at times, run at timesteps of down to 2 minutes!)
    305 
    306 ! COMPUTE DYNAMIC NFSFREQ SW 1/15/01
    307 
    308       nfsfreq=dlt/86400.    
    309 
    310       IF (NIT.EQ.0) LRUNDAY = JDAY                            ! LRUNDAY is used in determining NFS run frequency
    311       RUNDIFF = JDAY - LRUNDAY                                ! RUNDIFF is used in determining NFS run frequency
    312 
    313 
    314 !Specification of when and how often to output information/data
    315 
    316       IF (NIT.EQ.0) LJDAY = JDAY                              ! LJDAY is used for TecPlot output frequency purposes
    317       JDAYDIFF = JDAY - LJDAY                                 ! JDAYDIFF is used for TecPlot output frequency purposes
    318       OUTFREQ=OUTFREQP
    319       
    320       IF (JDAYDIFF.GE.OUTFREQ) THEN     ! Set FCOUNT = 1, so information will be outputted
    321         FCOUNT = 1                                            ! Information outputted iff FCOUNT = 1
    322         LJDAY = JDAY
    323       ELSE
    324         FCOUNT = 0                                            ! Set FCOUNT = 0, so information won't be outputted
    325       END IF

Page 15          Source Listing                  FISH
2026-03-30 08:48                                 ..\..\..\particle.f90

    326 
    327 
    328 !Calculate Time of Day/Night
    329 
    330       MILTIME =  (JDAY-REAL(INT(JDAY)))*24.       !(JDAY-REAL(JDAYG))*24                         ! Military Time - MILTIME u
    330 sed for NFS Calculations
    331       HR = MILTIME                                            ! Convert MILTIME to hour of day - HR used for TecPlot
    332       AMPM = 'am'                                             ! Is HR am or pm?
    333       IF (HR.GE.12) AMPM = 'pm'                               ! Is HR am or pm?
    334       IF (HR.GE.13) HR = HR - 12                              ! Value of HR after 12 noon
    335       IF (HR.LT.1) HR = HR + 12                               ! Value of HR if time is between 12 midnight and 1am
    336 
    337 
    338 !Call the Subroutine GRIDPLOT to set up the FE Grid for TecPlot and to Calc node information for Traffic Rules
    339 
    340       IF ((FCOUNT.EQ.1).OR.(NIT.EQ.0)) CALL GRIDPLOT          ! This prepares the FE Grid for output display and
    341 !   calculates the Flow and WQ information at nodes
    342 
    343 !Load Fish Information and Begin NFS Logic
    344 
    345 !IF (JDAY .LT. DELAYDATE) GOTO 28
    346       
    347       CALL INTERCONST                                         ! Subroutine to interpolate Constituent values
    348       CALL INTERFLOWF                                         ! Subroutine to interpolate Flow Field values
    349  
    350       DO 131 FN=1,NFISH              ! This is the only loop where statements are not indented
    351       IF (JDAY .LT. DELAYDATE(FN)) CYCLE
    352       FIMP =    INT(FISHES(FN,1))    ! Segment IMP where fish is located
    353       FXLOC =       FISHES(FN,2)     ! Location of fish within segment IMP from upstream side
    354       FKMP =    INT(FISHES(FN,3))    ! Layer KMP where fish is located
    355       FZLOC =       FISHES(FN,4)     ! Location of fish within layer KMP from top side
    356       FYLOC =       FISHES(FN,5)     ! Location of fish laterally from left bank (in plan view)
    357       FNBP =    INT(FISHES(FN,6))    ! Branch where fish is located
    358       FSIZE =       FISHES(FN,7)     ! Size (i.e., length) of fish in meters
    359       FAGE =        FISHES(FN,8)     ! Age of the fish
    360       UFISH =       FISHES(FN,9)     ! Longitudinal velocity of fish relative to water
    361       VFISH =       FISHES(FN,10)    ! Lateral velocity of fish relative to water
    362       WFISH =       FISHES(FN,11)    ! Vertical velocity of fish relative to water
    363       ISWITCH = INT(FISHES(FN,12))   ! Is fish still in system?: Yes=0  No=1
    364       FSNAG =   INT(FISHES(FN,13))   ! Gillnet # fish is snagged in; = 0 if fish not in a gillnet
    365 
    366       IF (ISWITCH.EQ.0) THEN         ! If fish has already left the system, then skip to the next fish
    367 
    368 !Determine Horizontal & Vertical Velocity, Temperature, and DO Gradients in Fish Sensory Sphere:
    369 !  How far to seek out gradients (i.e. edges of the fish sensory sphere given timestep used)?
    370 
    371         CALL RANDOM(SEED,RRR)                                           ! Subroutine which calculates a random number
    372 
    373 !FXSENSPH = (FBDYSEARCH * FSIZE) * RRR                           ! FXSENSPH = Leading edge of the sensory sphere   ! Not nec
    373 essary just for random particles
    374 !BXSENSPH = (BBDYSEARCH * FSIZE) * RRR                           ! BXSENSPH = Trailing edge of the sensory sphere
    375 !UZSENSPH = (UBDYSEARCH * FSIZE) * RRR                           ! UZSENSPH = Upper edge of the sensory sphere
    376 !DZSENSPH = (DBDYSEARCH * FSIZE) * RRR                           ! DZSENSPH = Lower edge of the sensory sphere
    377 
    378         CALL WHATJR                                                     ! What waterbody,JR, is the fish in?
    379         KTWBF = KTWB(FJR)                                                 ! Water Surface Layer of waterbody fish is located
    379  in

Page 16          Source Listing                  FISH
2026-03-30 08:48                                 ..\..\..\particle.f90

    380 ! SW 8/2018 Correct for layer subtraction
    381         IF(KTWBF > FKMP)THEN
    382             IF(KB(FIMP)==KBI(FIMP))THEN
    383             FKMP=KTWBF
    384             FISHES(FN,3)=FKMP    ! Layer KMP where fish is located
    385             FZLOC=-(H(FKMP-1,FJR)-FZLOC)
    386             FISHES(FN,4)=FZLOC
    387             ENDIF
    388         ENDIF
    389         
    390             
    391 !  Find Flow and Water Quality Constituent Values at places of interest:
    392 
    393         DIR = 1                                               ! DIR = Direction Fish is swimming: 1=downstream, 2=upstream
    394         IF (UFISH.LT.0) DIR = -1                              ! UFISH is (+) when Fish is swimming downstream
    395         DO 142 VARIABLE=1,4                                   ! There are 4 Variables: 1=Horz Vel, 2=Vert Vel, 3=Temp, 4=Dis
    395 s Oxy
    396           DO 143 LOCATE=1,5                                   ! There are 5 Locations around Fish of interest-See Subroutine
    396  SPLINE
    397             ILOK = FIMP                                       ! Segment I where Variable Value is desired
    398             XLOK = FXLOC                                      ! Location within Segment I where Variable Value is desired
    399             KLOK = FKMP                                       ! Layer K where Variable Value is desired
    400             ZLOK = FZLOC                                      ! Location within Layer K where Variable Value is desired
    401 !IF ((LOCATE.EQ.1).AND.(DIR.EQ.1)) XLOK=FXLOC+FXSENSPH       ! Location forward of Fish when Fish swimming DOWNstream  ***No
    401 t necessary for particles only
    402 !IF  (LOCATE.EQ.2)                 ZLOK=FZLOC+DZSENSPH       ! Location below Fish
    403 !IF ((LOCATE.EQ.3).AND.(DIR.EQ.1)) XLOK=FXLOC-BXSENSPH       ! Location behind Fish when Fish swimming DOWNstream
    404 !IF  (LOCATE.EQ.4)                 ZLOK=FZLOC-UZSENSPH       ! Location above Fish
    405 !IF ((LOCATE.EQ.1).AND.(DIR.EQ.-1)) XLOK=FXLOC-FXSENSPH      ! Location forward of Fish when Fish swimming UPstream
    406 !IF ((LOCATE.EQ.3).AND.(DIR.EQ.-1)) XLOK=FXLOC+BXSENSPH      ! Location behind Fish when Fish swimming UPstream
    407             CALL SPLINE                                                 ! Bilinear Spline Interpolation Subroutine
    408             IF (VARIABLE.EQ.1) FXVEL(LOCATE)     = VALUE                ! Horiz Vel at Location of Interest: (+) is Downstre
    408 am !!!
    409             IF (VARIABLE.EQ.2) FZVEL(LOCATE)     = VALUE                ! Vert Vel at Location of Interest:  (+) is Downward
    409  !!!
    410             IF (VARIABLE.EQ.3) FISHTEMP(LOCATE)  = VALUE                ! Temperature at Location of Interest
    411             IF (VARIABLE.EQ.4) FISHDO(LOCATE)    = VALUE                ! Dissolved Oxygen at Location of Interest
    412   143     CONTINUE
    413   142   CONTINUE
    414 
    415 
    416 ! Determine lateral velocity based on lateral withdrawals or connected branches  SW 2/01/01
    417      call lateral_velocity
    418 !        FYVEL = 0.0                                                     ! Lateral Velocity
    419 
    420 !  Calculate (Linear) Gradients within Fish Sensory Sphere:
    421      CALL PART_TRANSPORT
    422      
    423 !***************************************************************
    424 !  C H E C K   F O R   B O U N D A R Y   V I O L A T I O N S   *
    425 !***************************************************************
    426 
    427 
    428 !Check for Boundary Violations: Lateral Direction Check (1 of 2)
    429 
    430   if(fyvel.eq.0.0)then   ! SW 2/01/01 logic for removing particles laterally also
    431         IF (FYLOC.LT.0) THEN    ! reflect particles

Page 17          Source Listing                  FISH
2026-03-30 08:48                                 ..\..\..\particle.f90

    432             IF(HITSTICKSIDE)THEN
    433                 ISWITCH = 1
    434                 fishes(fn,14)=JDAY               ! Time fish left system
    435                 fishes(fn,15)=JDAY-DELAYDATE(FN)     ! Detention time of fish in system
    436                 fishes(fn,12)=1.0                ! FISH LEAVES SYSTEM
    437                 fishes(fn,16)=6.0                ! Particle leaves by hitting side wall and sticking-LHS
    438             ELSE
    439            FYLOC = B(FKMP,FIMP)*YREFL 
    440            ENDIF
    441         ELSE IF (FYLOC.GT.B(FKMP,FIMP)) THEN
    442             IF(HITSTICKSIDE)THEN
    443                 ISWITCH = 1
    444                 fishes(fn,14)=JDAY               ! Time fish left system
    445                 fishes(fn,15)=JDAY-DELAYDATE(FN)     ! Detention time of fish in system
    446                 fishes(fn,12)=1.0                ! FISH LEAVES SYSTEM
    447                 fishes(fn,16)=7.0                ! Particle leaves by hitting side wall and sticking-RHS
    448             ELSE
    449            FYLOC = B(FKMP,FIMP)*(1-YREFL) 
    450            ENDIF
    451         END IF
    452   else
    453         IF (FYLOC.LT.0.and.fyvel.lt.0.0.AND.LIMPBR(FIMP,1)==0) THEN  !
    454 ! check for a withdrawal
    455             DO IW=1,NWD
    456               IF(FIMP==IWD(IW))THEN    ! remove particle through withdrawal
    457                 ISWITCH = 1
    458                 fishes(fn,14)=JDAY               ! Time fish left system
    459                 fishes(fn,15)=JDAY-DELAYDATE(FN)     ! Detention time of fish in system
    460                 fishes(fn,12)=1.0                ! FISH LEAVES SYSTEM
    461                 fishes(fn,16)=1.0                ! Signifies the lateral removal by withdrawal
    462                 WRITE(DIAGFN,*) 'Withdrawal: Particle Leaves System on JDAY:',jday, 'Data:',fishes(fn,:)
    463                 GOTO 20
    464               ENDIF     
    465             ENDDO     
    466             IF(HITSTICKSIDE)THEN
    467                  ISWITCH = 1
    468                 fishes(fn,14)=JDAY               ! Time fish left system
    469                 fishes(fn,15)=JDAY-DELAYDATE(FN)     ! Detention time of fish in system
    470                 fishes(fn,12)=1.0                ! FISH LEAVES SYSTEM
    471                 fishes(fn,16)=6.0                ! Particle leaves by hitting side wall and sticking-LHS
    472                 WRITE(DIAGFN,*) 'Hit Stick LHSide: Particle sticks to side wall on JDAY:',jday, 'Data:',fishes(fn,:)
    473             ELSE
    474             FYLOC = B(FKMP,FIMP)*YREFL     ! reflect
    475             ENDIF
    476         ELSE IF(FYLOC.GT.B(FKMP,FIMP).and.fyvel.gt.0.0.AND.RIMPBR(FIMP,1)>0) THEN   
    477             WRITE(DIAGFN,*) 'LateralRIGHT: Particle move to new branch on JDAY:',jday,'FYVEL=',fyvel,'OLD I:',FIMP,'NEW I:',
    477  RIMPBR(FIMP,1),' OLD branch:',FNBP,' NEW branch:',RIMPBR(FIMP,2)
    478             FIMP=RIMPBR(FIMP,1)
    479             FYLOC= B(FKMP,FIMP)*0.5   ! PLACE IN MIDDLE LATERALLY
    480             FXLOC= DLX(FIMP)*0.9      ! PLACE IN NEAR END OF SEGMENT
    481            
    482 !ISWITCH = 1
    483 !! SW 2/01/01 Track timing of fish movement from system
    484 !fishes(fn,14)=JDAY               ! Time fish left system
    485 !fishes(fn,15)=JDAY-DELAYDATE     ! Detention time of fish in system
    486 !fishes(fn,16)=1.0                ! Signifies the lateral removal
    487 !fishes(fn,12)=1.0                ! FISH LEAVES SYSTEM

Page 18          Source Listing                  FISH
2026-03-30 08:48                                 ..\..\..\particle.f90

    488 !WRITE(DIAGFN,*) 'LateralRIGHT: Particle Leaves System on JDAY:',jday,'FYVEL=',fyvel, 'Data:',fishes(fn,:)
    489 ! End Section SW 2/01/01
    490 !GOTO 20
    491 ! Particle is removed       ***need to transfer to another branch - it is only removed****
    492         ELSE IF(FYLOC.LT.0.0.and.fyvel.Lt.0.0.AND.LIMPBR(FIMP,1)>0) THEN  
    493             WRITE(DIAGFN,*) 'LateralLEFT: Particle move to new branch on JDAY:',jday,'FYVEL=',fyvel,'OLD I:',FIMP,'NEW I:', 
    493 LIMPBR(FIMP,1),' OLD branch:',FNBP,' NEW branch:',LIMPBR(FIMP,2)
    494             FIMP=LIMPBR(FIMP,1)
    495             FYLOC= B(FKMP,FIMP)*0.5   ! PLACE IN MIDDLE LATERALLY
    496             FXLOC= DLX(FIMP)*0.9      ! PLACE NEAR END OF SEGMENT
    497 !ISWITCH = 1
    498 !! SW 2/01/01 Track timing of fish movement from system
    499 !fishes(fn,14)=JDAY               ! Time fish left system
    500 !fishes(fn,15)=JDAY-DELAYDATE     ! Detention time of fish in system
    501 !fishes(fn,16)=1.0                ! Signifies the lateral removal
    502 !fishes(fn,12)=1.0                ! FISH LEAVES SYSTEM
    503 !WRITE(DIAGFN,*) 'LateralLEFT: Particle Leaves System on JDAY:',jday,'FYVEL=',fyvel, 'Data:',fishes(fn,:)
    504 ! End Section SW 2/01/01
    505 !GOTO 20
    506   
    507         ELSEIF (FYLOC.GT.B(FKMP,FIMP).and.RIMPBR(FIMP,1)==0.0) THEN   ! reflect
    508             IF(HITSTICKSIDE)THEN
    509                 ISWITCH = 1
    510                 fishes(fn,14)=JDAY               ! Time fish left system
    511                 fishes(fn,15)=JDAY-DELAYDATE(FN)     ! Detention time of fish in system
    512                 fishes(fn,12)=1.0                ! FISH LEAVES SYSTEM
    513                 fishes(fn,16)=7.0                ! Particle leaves by hitting side wall and sticking-RHS
    514                 WRITE(DIAGFN,*) 'Hit Stick RHSide: Particle sticks to side wall on JDAY:',jday, 'Data:',fishes(fn,:)
    515             ELSE
    516                 
    517            FYLOC = B(FKMP,FIMP)*(1-YREFL) 
    518             ENDIF
    519             
    520         ELSEIF (FYLOC.LT.0.0 .and.LIMPBR(FIMP,1)==0) THEN  ! reflect
    521             IF(HITSTICKSIDE)THEN
    522                 ISWITCH = 1
    523                 fishes(fn,14)=JDAY               ! Time fish left system
    524                 fishes(fn,15)=JDAY-DELAYDATE(FN)     ! Detention time of fish in system
    525                 fishes(fn,12)=1.0                ! FISH LEAVES SYSTEM
    526                 fishes(fn,16)=6.0                ! Particle leaves by hitting side wall and sticking-LHS
    527                 WRITE(DIAGFN,*) 'Hit Stick LHSide: Particle sticks to side wall on JDAY:',jday, 'Data:',fishes(fn,:)
    528             ELSE
    529            FYLOC = B(FKMP,FIMP)*YREFL 
    530            ENDIF
    531         END IF
    532   end if
    533 
    534 !Check for Boundary Violations: Horizontal Direction
    535 
    536    10   IF (FXLOC.GT.DLX(FIMP)) THEN
    537  
    538            IF(FIMP < DS(FNBP))THEN
    539                 FXLOC = FXLOC-DLX(FIMP) 
    540                 FIMP = FIMP + 1                                   
    541            ELSEIF(FXVEL(5) > 0.0 .AND. DHS(FNBP)==0)THEN
    542 ! CHECK IF A BRANCH DOWNSTREAM TO PASS THE PARTICLE TO
    543                IF(NEXT_BRANCH(FNBP))THEN

Page 19          Source Listing                  FISH
2026-03-30 08:48                                 ..\..\..\particle.f90

    544                 WRITE(DIAGFN,*) 'At end of branch: Particle moves to next branch on JDAY:',jday,'OLD I:',FIMP,'NEW I:',FNEXT
    544 (FNBP),'Data:',fishes(fn,:)
    545                 FIMP=FNEXT(FNBP)
    546                 FYLOC= B(FKMP,FIMP)*0.5   ! PLACE IN MIDDLE LATERALLY
    547                 FXLOC= DLX(FIMP)*0.25      ! PLACE IN FIRST QUARTER OF SEGMENT     **** FIX THIS ****
    548 ! KEEP THE SAME VERTICAL LAYER AS PREVIOUS PARTICLE  *** FIX THIS ****
    549                ELSE
    550 ! LOSE PARTCLE THROUGH DAM
    551                 ISWITCH = 1
    552                 fishes(fn,14)=JDAY               ! Time fish left system
    553                 fishes(fn,15)=JDAY-DELAYDATE(FN)     ! Detention time of fish in system
    554                 fishes(fn,12)=1.0                ! FISH LEAVES SYSTEM
    555                 fishes(fn,16)=5.0  ! Particle leaves at downstream structure/dam/hydraulic structure
    556                 WRITE(DIAGFN,*) 'At Dam: Particle Leaves System on JDAY:',jday, 'Data:',fishes(fn,:)
    557                 ENDIF
    558            GOTO 20
    559             ELSEIF(FXVEL(5) > 0.0 .AND. DHS(FNBP)== -1)THEN
    560 ! LOSE PARTCLE to external head BC
    561                 ISWITCH = 1
    562                 fishes(fn,14)=JDAY               ! Time fish left system
    563                 fishes(fn,15)=JDAY-DELAYDATE(FN)     ! Detention time of fish in system
    564                 fishes(fn,12)=1.0                ! FISH LEAVES SYSTEM
    565                 fishes(fn,16)=4.0  ! Particle leaves at external head BC Downstream
    566                 WRITE(DIAGFN,*) 'At External Downstream Head Boundary: Particle Leaves System on JDAY:',jday, 'Data:',fishes
    566 (fn,:)
    567            GOTO 20
    568            ELSEIF(FXVEL(5) > 0.0 .AND. DHS(FNBP) > 0)THEN
    569                 WRITE(DIAGFN,*) 'DHS: Particle move to new branch on JDAY:',jday,'FXVEL=',fxvel(5),'OLD I:',FIMP,'NEW I:', D
    569 HS(FNBP),' OLD branch:',FNBP
    570                 FIMP=DHS(FNBP)
    571                 FYLOC= B(FKMP,FIMP)*0.5   ! PLACE IN MIDDLE LATERALLY
    572                 FXLOC= DLX(FIMP)*0.5      ! PLACE IN MIDDLE OF SEGMENT
    573 ! MOVE PARTICLE TO NEW BRANCH
    574 !ISWITCH = 1
    575 !fishes(fn,14)=JDAY               ! Time fish left system
    576 !fishes(fn,15)=JDAY-DELAYDATE     ! Detention time of fish in system
    577 !fishes(fn,12)=1.0                ! FISH LEAVES SYSTEM
    578 !WRITE(DIAGFN,*) 'At Dam: Particle Leaves System on JDAY:',jday, 'Data:',fishes(fn,:)
    579            ELSE
    580 ! REFLECT OFF DAM
    581                 FXLOC=DLX(FIMP)*(1.0-XREFL)
    582            ENDIF
    583             
    584         ELSE IF (FXLOC.LT.0) THEN
    585 
    586           IF (FIMP.EQ.CUS(FNBP) .AND. UHS(FNBP)==0) THEN      ! The UpStream end of Branch JBP or UNBP
    587               FXLOC = DLX(FIMP)*XREFL    ! REflect partilce off UPSTREAM boundary
    588               
    589               ELSEIF(FIMP.EQ.CUS(FNBP) .AND. UHS(FNBP)==-1 .AND. FXVEL(5) < 0.0) THEN 
    590 ! LOSE PARTCLE to external head BC
    591                 ISWITCH = 1
    592                 fishes(fn,14)=JDAY               ! Time fish left system
    593                 fishes(fn,15)=JDAY-DELAYDATE(FN)     ! Detention time of fish in system
    594                 fishes(fn,12)=1.0                ! FISH LEAVES SYSTEM
    595                 fishes(fn,16)=3.0  ! Particle leaves at external head BC Upstream
    596                 WRITE(DIAGFN,*) 'At External Upstream Head Boundary: Particle Leaves System on JDAY:',jday, 'Data:',fishes(f
    596 n,:)

Page 20          Source Listing                  FISH
2026-03-30 08:48                                 ..\..\..\particle.f90

    597            GOTO 20
    598               ELSEIF(FIMP.EQ.CUS(FNBP) .AND. UHS(FNBP)==-1 .AND. FXVEL(5) >= 0.0) THEN 
    599              FXLOC = DLX(FIMP)*XREFL    ! REflect partilce off UPSTREAM boundary
    600               ELSEIF(FIMP.EQ.CUS(FNBP) .AND. UHS(FNBP)>0 .AND. FXVEL(5) >= 0.0) THEN     
    601                     FXLOC = DLX(FIMP)*XREFL    ! REflect partilce off UPSTREAM boundary
    602               ELSEIF(FIMP.EQ.CUS(FNBP) .AND. UHS(FNBP)>0 .AND. FXVEL(5) < 0.0) THEN     
    603                 WRITE(DIAGFN,*) 'UHS: Particle move to new branch on JDAY:',jday,'FXVEL=',fxvel(5),'OLD I:',FIMP,'NEW I:', D
    603 HS(FNBP),' OLD branch:',FNBP
    604                 FIMP=UHS(FNBP)
    605                 FYLOC= B(FKMP,FIMP)*0.5   ! PLACE IN MIDDLE LATERALLY
    606                 FXLOC= DLX(FIMP)*0.5      ! PLACE IN MIDDLE OF SEGMENT
    607               ELSEIF(FIMP.EQ.CUS(FNBP) .AND. UHS(FNBP)<-1 ) THEN       ! at a DAM
    608                     FXLOC = DLX(FIMP)*XREFL    ! REflect partilce off UPSTREAM boundary
    609               ELSEIF(FIMP>CUS(FNBP))THEN
    610             FIMP = FIMP - 1                                    ! There are still segments upstream for the fish to
    611             FXLOC = DLX(FIMP) + FXLOC                          !    move to
    612               ELSE
    613             WRITE(DIAGFN,*)'***NO RESOLUTION OF FXLOC<0*** JDAY,I,K,BR#,FN#,FYLOC,FXLOC:',JDAY,FIMP,FKMP,FNBP,FN,FYLOC,FXLOC
    614           END IF
    615 
    616 !ELSEIF(FXLOC.EQ.0.0.and.cus(fnbp).eq.fimp.and.fxvel(5).eq.0.)then
    617 !     FXLOC = DLX(FIMP)*XREFL    ! REflect partilce off UPSTREAM boundary
    618 !
    619 !ELSEIF(FXLOC == DLX(FIMP) .AND. DS(FNBP)==FIMP   .AND.  FXVEL(5) <= 0.0)THEN
    620 !     FXLOC = DLX(FIMP)*(1.0-XREFL)  ! REFLECT OFF DOWNSTREAM BOUNDARY
    621 !ELSE
    622 
    623         END IF
    624 
    625 
    626 !Check for Boundary Violations: Vertical Direction Check (1 of 2)
    627 
    628         KTWBF = KTWB(FJR)                            ! Water Surface Layer of waterbody fish is located in
    629 ! This first section below checks and corrects fish vertically above or below the bottom
    630    70   IF ((FKMP.Le.KTI(FIMP)).OR.&   ! SW 2/01/01 Change so that do a check if in "air" or not
    631             (FKMP.GT.KBI(FIMP))) THEN                            ! SW 8/2018 USE KBI (INITIAL KB) RATHER THAN ALTERED KB IN 
    631 CASE OF LOWERING KB IN RIVER SLOT
    632           IF (FKMP.GT.KBI(FIMP)) THEN                   !  FKMP is below KB
    633             FKMP = FKMP - 1
    634             FZLOC = H(FKMP,FJR)*(1-ZBOTREFL)           !    Logic for rebounding off of the bottom
    635             GOTO 70
    636           elseif(fkmp.le.kti(fimp))then               ! Don't leave fish in the air - move to surface layer
    637           fkmp=kti(fimp)                 ! check and make sure the fish/particles are below the water surface   ! SW 2/01/01
    638                if(kti(fimp).eq.KTWBF)then
    639                   if(fzloc.lt.z(fimp))then
    640                    fzloc=z(fimp)+h(fkmp,fjr)*(1-zsurrefl)
    641                   end if
    642                else
    643                    if(fzloc.le.h(kti(fimp),fjr)+z(fimp))then
    644                      if(z(fimp).gt.0.0 .AND. DEBUG)write(DATADEBUGFN,*)'Debug Error in vertical reflection:FN,I,K,JDAY',fn,f
    644 imp,fkmp,jday
    645                    fzloc=(h(kti(fimp),fjr)+z(fimp))+h(fkmp,fjr)*(1-zsurrefl)
    646                    end if
    647                end if
    648           END IF                                        
    649         END IF
    650 

Page 21          Source Listing                  FISH
2026-03-30 08:48                                 ..\..\..\particle.f90

    651 !Check for Boundary Violations: Vertical Direction Check (2 of 2)
    652 
    653    30   IF (FZLOC >= H(FKMP,FJR)) THEN                     ! Did fish move down below current layer?  -- YES
    654           IF (DEBUG) WRITE(DATADEBUGFN,*) 'FZLOC GT H'
    655           IF (FKMP+1.GT.KBI(FIMP)) THEN                 ! Did fish move below bottom layer? -- YES   USE KBI RATHER THAN KB 
    655 SW 8/2018
    656                 IF(HITSTICKBOTTOM)THEN
    657 ! PARTICLE LOST FROM SYSTEM
    658 ! LOSE PARTCLE
    659                 ISWITCH = 1
    660                 fishes(fn,14)=JDAY               ! Time fish left system
    661                 fishes(fn,15)=JDAY-DELAYDATE(FN)     ! Detention time of fish in system
    662                 fishes(fn,12)=1.0                ! FISH LEAVES SYSTEM
    663                 fishes(fn,16)=2.0  ! Particle hits bottom and sticks
    664                 WRITE(DIAGFN,*) 'Particle Hit and Stick Bottom: Particle Leaves System on JDAY:',jday, 'Data:',fishes(fn,:)
    665                   ELSE
    666                     FZLOC = H(FKMP,FJR)*(1-ZBOTREFL)               !    Logic for rebounding off of the bottom
    667                   ENDIF
    668                   
    669           ELSE                                         ! Did fish move below bottom layer? -- NO
    670             FZLOC = FZLOC - H(FKMP,FJR)
    671             FKMP = FKMP + 1
    672             IF (FZLOC.GT.H(FKMP,FJR)) GOTO 30              ! Did fish move down more than one layer
    673           END IF
    674         ELSE IF (FZLOC.LT.0) THEN                      ! Did fish move up?  --  YES
    675           IF (DEBUG) WRITE(DATADEBUGFN,'(A,i5,f10.3,f10.3,i5,i5,f9.3)') 'FZLOC LT 0; fn,fzloc,fxloc,fimp,fkmp,jday:', fn,fzl
    675 oc,fxloc,fimp,fkmp,jday
    676           IF (FKMP.EQ.(KTWBF+1)) THEN                   ! Is fish just below surface layer KTWBF?  --  YES
    677             IF (DEBUG) WRITE(DATADEBUGFN,'(A,i5,f10.3,f10.3,i5,i5,f9.3)') 'FKMP EQ KTWBF+1; fn,fzloc,fxloc,fimp,fkmp,jday:',
    677  fn,fzloc,fxloc,fimp,fkmp,jday
    678             IF (ABS(FZLOC).GT.(H(KTWBF,FJR)-Z(FIMP))) THEN  ! Did fish move above water surface?  --  YES
    679               FROMKTBOT = (H(KTWBF,FJR)-Z(FIMP))*(1-ZSURREFL)
    680             ELSE                                       ! Did fish move above water surface?  --  NO
    681               FROMKTBOT = ABS(FZLOC)
    682             END IF
    683             SURFCALC = 1
    684           ELSE IF (FKMP.EQ.KTWBF) THEN
    685             IF (DEBUG) WRITE(DATADEBUGFN,'(A,i5,f10.3,f10.3,i5,i5,f9.3)') 'FKMP EQ KTWBF; fn,fzloc,fxloc,fimp,fkmp,jday:', f
    685 n,fzloc,fxloc,fimp,fkmp,jday
    686             IF ((ABS(FZLOC)+H(KTWBF,FJR)).GT.(H(KTWBF,FJR)-Z(FIMP))) THEN
    687               FROMKTBOT = (H(KTWBF,FJR)-Z(FIMP))*(1-ZSURREFL)
    688             ELSE
    689               FROMKTBOT = ABS(FZLOC) + H(KTWBF,FJR)
    690             END IF
    691             SURFCALC = 1
    692           ELSE IF (FKMP.LE.(KTWBF-1)) THEN
    693             IF (DEBUG) WRITE(DATADEBUGFN,'(A,i5,f10.3,f10.3,i5,i5,f9.3)') 'FKMP LE KTWBF-1; fn,fzloc,fxloc,fimp,fkmp,jday:',
    693  fn,fzloc,fxloc,fimp,fkmp,jday
    694             FROMKTBOT = 0.0
    695             DO 40 KK = KTWBF,(FKMP+1),-1
    696               FROMKTBOT = FROMKTBOT + H(KK,FJR)    
    697    40       CONTINUE
    698             FROMKTBOT = FROMKTBOT + ABS(FZLOC)
    699             IF (FROMKTBOT.GT.(H(KTWBF,FJR)-Z(FIMP))) THEN
    700               FROMKTBOT = (H(KTWBF,FJR)-Z(FIMP))*(1-ZSURREFL)
    701             ELSE
    702               FROMKTBOT = FROMKTBOT

Page 22          Source Listing                  FISH
2026-03-30 08:48                                 ..\..\..\particle.f90

    703             END IF
    704             SURFCALC = 1
    705           ELSE
    706             IF (DEBUG) WRITE(DATADEBUGFN,'(A,i5,f10.3,f10.3,i5,i5,f9.3)') 'ORDINARY FZLOC LT 0; fn,fzloc,fxloc,fimp,fkmp,jda
    706 y:', fn,fzloc,fxloc,fimp,fkmp,jday
    707             FKMP = FKMP - 1
    708             FZLOC = H(FKMP,FJR) + FZLOC
    709             IF (FZLOC.LT.0) GOTO 30                    ! Did fish move up more than one layer - must improve this.
    710             SURFCALC = 0 
    711           END IF
    712           IF (SURFCALC.EQ.1) THEN
    713             FKMPTEMP = KTWBF
    714    50       IF (FROMKTBOT.GT.H(FKMPTEMP,FJR)) THEN
    715               FROMKTBOT = FROMKTBOT - H(FKMPTEMP,FJR)
    716               FKMPTEMP = FKMPTEMP - 1
    717               GOTO 50
    718             ELSE
    719               FZLOC = H(FKMPTEMP,FJR) - FROMKTBOT
    720               FKMP = FKMPTEMP
    721             END IF
    722           ELSE
    723           END IF
    724         ELSE
    725         END IF
    726         IF (FKMP.LT.KTI(FIMP)) THEN
    727           IF (DEBUG)WRITE(DATADEBUGFN,9350) FKMP,FZLOC,KTI(FIMP),(H(KTWBF,FJR)-Z(FIMP))
    728  9350     FORMAT('FKMP.LT.KTI(FIMP) ==> FKMP=',I6,' FZLOC=',F10.3&
    729                  ,' KTI(FIMP)=',I6,' and (H(KTWBF)-Z(FIMP))=',F10.3)
    730         END IF
    731 
    732 !Check for Boundary Violations: Lateral Direction Check (2 of 2)
    733 
    734         IF (FYLOC.LT.0) THEN
    735           FYLOC = B(FKMP,FIMP)*YREFL 
    736         ELSE IF (FYLOC.GT.B(FKMP,FIMP)) THEN
    737           FYLOC = B(FKMP,FIMP)*(1-YREFL) 
    738         ELSE
    739         END IF
    740 
    741       END IF
    742 
    743 20    CONTINUE
    744 
    745      UFISH=FXVEL(5)     ! Longitudinal velocity of fish relative to water
    746      VFISH=FYVEL    ! Lateral velocity of fish relative to water
    747      WFISH=FZVEL(5)  
    748 
    749       call findnewbr
    750       FISHES(FN,1)  = REAL(FIMP)      ! Segment IMP where fish is located
    751       FISHES(FN,2)  =      FXLOC      ! Location of fish within segment IMP from upstream side
    752       FISHES(FN,3)  = REAL(FKMP)      ! Layer KMP where fish is located
    753       FISHES(FN,4)  =      FZLOC      ! Location of fish within layer KMP from top side
    754       FISHES(FN,5)  =      FYLOC      ! Location of fish laterally from left bank (in plan view)
    755       FISHES(FN,6)  = REAL(FNBP)      ! Branch where fish is located
    756       FISHES(FN,7)  =      FSIZE      ! Size (i.e., length) of fish in meters
    757       FISHES(FN,8)  =      FAGE+nfsfreq    ! Age of the fish  ! SW 2/01/01
    758       FISHES(FN,9)  =      UFISH      ! Longitudinal velocity of fish relative to water

Page 23          Source Listing                  FISH
2026-03-30 08:48                                 ..\..\..\particle.f90

    759       FISHES(FN,10) =      VFISH      ! Lateral velocity of fish relative to water
    760       FISHES(FN,11) =      WFISH      ! Vertical velocity of fish relative to water
    761       FISHES(FN,12) = REAL(ISWITCH)   ! Is fish still in system?: Yes=0  No=1
    762       FISHES(FN,13) = REAL(FSNAG)     ! Gillnet # fish is snagged in; = 0 if fish not in a gillnet
    763       
    764 ! CHECK MONITORING STATIONS
    765       DO N=1,NMONITORS
    766           IF(MONITORONOFF(FN,N)==0)THEN
    767               IF(IMONITOR(N)==FIMP)THEN
    768                   IF(XSHIFTMONITOR(N) <= FXLOC)THEN          !                  IF(XSHIFTMONITOR(N) >= FXLOC)THEN  SW 7/10/2
    768 024
    769                       MONITORONOFF(FN,N)=1
    770                       TMONITOR(FN,N)=JDAY
    771                   ENDIF
    772               ENDIF
    773           ENDIF
    774       ENDDO
    775       
    776 
    777       IF(ISWITCH==0)CALL HISTOGRAM
    778       
    779   131 CONTINUE   !end of NFISH loop
    780 
    781    28 CONTINUE
    782 
    783       LRUNDAY = JDAY
    784 
    785 
    786 !*******************************************************
    787 !  O U T P U T   A N D   E N D   S U B R O U T I N E   *
    788 !*******************************************************
    789 
    790       IF ((FCOUNT.EQ.1).OR.(NIT.EQ.0)) THEN
    791         CALL FISHPLOT                                                   ! This plots the location of virtual fish
    792       ENDIF
    793 
    794       return
    795     END

Page 24          Source Listing                  FISH
2026-03-30 08:48 Entry Points                    ..\..\..\particle.f90



ENTRY POINTS

 Address      Type  Name 
                         
       FISH              


SYMBOL CROSS REFERENCE

 Name                       Object Declared Type            Bytes Dimen Elements Attributes       References                        
                                                                                                                                    
 10                         Label  536                                                                                              
 131                        Label  779                                                            350                               
 142                        Label  413                                                            395                               
 143                        Label  412                                                            396                               
 20                         Label  743                                                            463,558,567,597                   
 28                         Label  781                                                                                              
 30                         Label  653                                                            672,709                           
 40                         Label  697                                                            695                               
 50                         Label  714                                                            717                               
 70                         Label  630                                                            635                               
 9350                       Label  728                                                            727                               
 ABS                        Func   678                                  scalar                    678,681,686,689,698               
 AMPM                       Local  332      CHAR            2           scalar                    332,333                           
 B                          Local  208      R(8)            8     2     1        ALC              208,439,441,449,474,476,479,495,50
                                                                                                  7,517,529,546,571,605,735,736,737 
 BRCHFISH                   Local  155      R(4)            4     3     1        ALC              155,165                           
 BXSENSPH                   Local  136      R(4)            4           scalar                    136                               
 CORNERS                    Local  154      I(4)            4     3     1        ALC              154,159                           
 COUNTFORTRUC               Local  281      R(4)            4           scalar                    281                               
 CUS                        Local  586      I(4)            4     1     1        ALC              586,589,598,600,602,607,609       
 DATADEBUGFN                Local  143      I(4)            4           scalar                    143,644,654,675,677,685,693,706,72
                                                                                                  7                                 
 DEBUG                      Local  142      L(4)            4           scalar                    142,644,654,675,677,685,693,706,72
                                                                                                  7                                 
 DELAYDATE                  Local  296      R(4)            4     1     1        ALC              296,351,435,445,459,469,511,524,55
                                                                                                  3,563,593,661                     
 DHS                        Local  541      I(4)            4     1     1        ALC              541,559,568,569,570,603           
 DIAGFN                     Local  141      I(4)            4           scalar                    141,462,472,477,493,514,527,544,55
                                                                                                  6,566,569,596,603,613,664         
 DIR                        Local  393      I(4)            4           scalar                    393,394                           
 DLT                        Local  308      R(8)            8           scalar                    308                               
 DLX                        Local  480      R(8)            8     1     1        ALC              480,496,536,539,547,572,581,587,59
                                                                                                  9,601,606,608,611                 
 DS                         Local  538      I(4)            4     1     1        ALC              538                               
 DZ                         Local  132      R(4)            4           scalar                    199,203                           
 DZSENSPH                   Local  136      R(4)            4           scalar                    136                               
 FAGE                       Local  226      R(4)            4           scalar                    226,359,757                       
 FATPT                      Local  180      I(4)            4           scalar                    180                               
 FCOUNT                     Local  321      I(4)            4           scalar                    321,324,340,790                   
 FFP                        Param  152      I(4)            4           scalar                    152                               
 FIMP                       Local  197      I(4)            4           scalar                    197,352,382,397,439,441,449,453,45
                                                                                                  6,474,476,477,478,479,480,492,493,
                                                                                                  494,495,496,507,517,520,529,536,53
                                                                                                  8,539,540,544,545,546,547,569,570,

Page 25          Source Listing                  FISH
2026-03-30 08:48 Symbol Table                    ..\..\..\particle.f90

 Name                       Object Declared Type            Bytes Dimen Elements Attributes       References                        
                                                                                                                                    
                                                                                                  571,572,581,586,587,589,598,599,60
                                                                                                  0,601,602,603,604,605,606,607,608,
                                                                                                  609,610,611,613,630,631,632,636,63
                                                                                                  7,638,639,640,643,644,645,655,675,
                                                                                                  677,678,679,685,686,687,693,699,70
                                                                                                  0,706,726,727,735,736,737,750,767 
 FIMPBR                     Subr   170                                                            170                               
 FINALFN                    Local  146      I(4)            4           scalar                    146                               
 FINDBRANCH                 Subr   223                                                            223                               
 FINDNEWBR                  Subr   749                                                            749                               
 FISH                       Subr   127                                                                                              
 FISHDO                     Local  411      R(8)            8     1     5                         411                               
 FISHES                     Local  152      R(4)            4     2     1        ALC              152,167,182,183,193,196,197,199,20
                                                                                                  3,207,208,223,224,225,226,227,228,
                                                                                                  229,230,231,296,352,353,354,355,35
                                                                                                  6,357,358,359,360,361,362,363,364,
                                                                                                  384,386,434,435,436,437,444,445,44
                                                                                                  6,447,458,459,460,461,462,468,469,
                                                                                                  470,471,472,510,511,512,513,514,52
                                                                                                  3,524,525,526,527,544,552,553,554,
                                                                                                  555,556,562,563,564,565,566,592,59
                                                                                                  3,594,595,596,660,661,662,663,664,
                                                                                                  750,751,752,753,754,755,756,757,75
                                                                                                  8,759,760,761,762                 
 FISHPLOT                   Subr   791                                                            791                               
 FISHTEMP                   Local  410      R(8)            8     1     5                         410                               
 FISHY                      Module 129                                                            129                               
 FISH_PARTICLE_EXIST        Local  129      L(4)            4           scalar                    129,139                           
 FJR                        Local  199      I(4)            4           scalar                    199,379,385,628,634,640,643,645,65
                                                                                                  3,666,670,672,678,679,686,687,689,
                                                                                                  696,699,700,708,714,715,719,727   
 FK                         Local  179      I(4)            4           scalar                    179,183                           
 FKMP                       Local  354      I(4)            4           scalar                    354,381,383,384,385,399,439,441,44
                                                                                                  9,474,476,479,495,507,517,529,546,
                                                                                                  571,605,613,630,631,632,633,634,63
                                                                                                  6,637,640,644,645,653,655,666,670,
                                                                                                  671,672,675,676,677,684,685,692,69
                                                                                                  3,695,706,707,708,720,726,727,735,
                                                                                                  736,737,752                       
 FKMPTEMP                   Local  713      I(4)            4           scalar                    713,714,715,716,719,720           
 FLOWFIELD                  Local  152      R(4)            4     3     1        ALC              152,157                           
 FN                         Local  191      I(4)            4           scalar                    191,193,195,196,197,199,200,203,20
                                                                                                  7,208,223,224,225,226,227,228,229,
                                                                                                  230,231,350,351,352,353,354,355,35
                                                                                                  6,357,358,359,360,361,362,363,364,
                                                                                                  384,386,434,435,436,437,444,445,44
                                                                                                  6,447,458,459,460,461,462,468,469,
                                                                                                  470,471,472,510,511,512,513,514,52
                                                                                                  3,524,525,526,527,544,552,553,554,
                                                                                                  555,556,562,563,564,565,566,592,59
                                                                                                  3,594,595,596,613,644,660,661,662,
                                                                                                  663,664,675,677,685,693,706,750,75
                                                                                                  1,752,753,754,755,756,757,758,759,
                                                                                                  760,761,762,766,769,770           
 FNBP                       Local  224      I(4)            4           scalar                    224,357,477,493,538,541,543,544,54

Page 26          Source Listing                  FISH
2026-03-30 08:48 Symbol Table                    ..\..\..\particle.f90

 Name                       Object Declared Type            Bytes Dimen Elements Attributes       References                        
                                                                                                                                    
                                                                                                  5,559,568,569,570,586,589,598,600,
                                                                                                  602,603,604,607,609,613,755       
 FNEXT                      Local  156      I(4)            4     1     1        ALC              156,544,545                       
 FPARA                      Param  152      I(4)            4           scalar                    152,155                           
 FROMKTBOT                  Local  679      R(4)            4           scalar                    679,681,687,689,694,696,698,699,70
                                                                                                  0,702,714,715,719                 
 FSIZE                      Local  225      R(4)            4           scalar                    225,358,756                       
 FSNAG                      Local  364      I(4)            4           scalar                    364,762                           
 FX00COUNT                  Local  251      R(8)            8           scalar                    251                               
 FXDOCOUNT                  Local  254      R(8)            8           scalar                    254                               
 FXHVCOUNT                  Local  252      R(8)            8           scalar                    252                               
 FXLOC                      Local  353      R(4)            4           scalar                    353,398,480,496,536,539,547,572,58
                                                                                                  1,584,587,599,601,606,608,611,613,
                                                                                                  675,677,685,693,706,751,768       
 FXLOCI                     Local  207      R(4)            4     1     1        ALC              207                               
 FXRDCOUNT                  Local  256      R(8)            8           scalar                    256                               
 FXSENSPH                   Local  136      R(4)            4           scalar                    136                               
 FXTPCOUNT                  Local  255      R(8)            8           scalar                    255                               
 FXVEL                      Local  408      R(8)            8     1     5                         408,541,559,568,569,589,598,600,60
                                                                                                  2,603,745                         
 FXVVCOUNT                  Local  253      R(8)            8           scalar                    253                               
 FYLOC                      Local  356      R(4)            4           scalar                    356,431,439,441,449,453,474,476,47
                                                                                                  9,492,495,507,517,520,529,546,571,
                                                                                                  605,613,734,735,736,737,754       
 FYVEL                      Local  430      R(4)            4           scalar                    430,453,476,477,492,493,746       
 FZ00COUNT                  Local  258      R(8)            8           scalar                    258                               
 FZDOCOUNT                  Local  261      R(8)            8           scalar                    261                               
 FZHVCOUNT                  Local  259      R(8)            8           scalar                    259                               
 FZLOC                      Local  355      R(4)            4           scalar                    355,385,386,400,634,639,640,643,64
                                                                                                  5,653,666,670,672,674,675,677,678,
                                                                                                  681,685,686,689,693,698,706,708,70
                                                                                                  9,719,727,753                     
 FZLOCI                     Local  193      R(4)            4     1     1        ALC              193                               
 FZRDCOUNT                  Local  263      R(8)            8           scalar                    263                               
 FZTPCOUNT                  Local  262      R(8)            8           scalar                    262                               
 FZVEL                      Local  409      R(8)            8     1     5                         409,747                           
 FZVVCOUNT                  Local  260      R(8)            8           scalar                    260                               
 GDAYC                      Module 129                                                            129                               
 GEOMC                      Module 129                                                            129                               
 GLOBAL                     Module 129                                                            129                               
 GRIDPLOT                   Subr   340                                                            340                               
 GROUP                      Local  195      I(4)            4     1     1        ALC              195,200                           
 GROUPLAST                  Local  133      I(4)            4           scalar                    189,195,200                       
 H                          Local  199      R(8)            8     2     1        ALC              199,385,634,640,643,645,653,666,67
                                                                                                  0,672,678,679,686,687,689,696,699,
                                                                                                  700,708,714,715,719,727           
 HISTOGRAM                  Subr   777                                                            777                               
 HITSTICKBOTTOM             Local  656      L(4)            4           scalar                    656                               
 HITSTICKSIDE               Local  432      L(4)            4           scalar                    432,442,466,508,521               
 HR                         Local  331      R(4)            4           scalar                    331,333,334,335                   
 IFISH                      Local  182      I(4)            4     1     1        ALC              182                               
 IFISHB                     Local  179      I(4)            4     1     1        ALC              179                               
 IFISHT                     Local  179      I(4)            4     1     1        ALC              179                               
 ILOK                       Local  397      I(4)            4           scalar                    397                               
 IMONITOR                   Local  767      I(4)            4     1     1        ALC              767                               

Page 27          Source Listing                  FISH
2026-03-30 08:48 Symbol Table                    ..\..\..\particle.f90

 Name                       Object Declared Type            Bytes Dimen Elements Attributes       References                        
                                                                                                                                    
 IMX                        Local  152      I(4)            4           scalar                    152,153,154                       
 INITIALFN                  Local  147      I(4)            4           scalar                    147,294,296,299                   
 INT                        Func   208                                  scalar                    208,330,352,354,357,363,364       
 INTERCONST                 Subr   347                                                            347                               
 INTERFLOWF                 Subr   348                                                            348                               
 ISWITCH                    Local  363      I(4)            4           scalar                    363,366,433,443,457,467,509,522,55
                                                                                                  1,561,591,659,761,777             
 IW                         Local  133      I(4)            4           scalar                    455,456                           
 IWD                        Local  129      I(4)            4     1     1        ALC              129,456                           
 JDAY                       Local  310      R(8)            8           scalar                    310,311,316,317,322,330,351,434,43
                                                                                                  5,444,445,458,459,462,468,469,472,
                                                                                                  477,493,510,511,514,523,524,527,54
                                                                                                  4,552,553,556,562,563,566,569,592,
                                                                                                  593,596,603,613,644,660,661,664,67
                                                                                                  5,677,685,693,706,770,783         
 JDAYDIFF                   Local  317      R(4)            4           scalar                    317,320                           
 JF                         Local  133      I(4)            4           scalar                    295,296                           
 JJ                         Local  178      I(4)            4           scalar                    178,179,182                       
 KB                         Local  382      I(4)            4     1     1        ALC              382                               
 KBI                        Local  129      I(4)            4     1     1        ALC              129,382,631,632,655               
 KK                         Local  133      I(4)            4           scalar                    695,696                           
 KLOK                       Local  399      I(4)            4           scalar                    399                               
 KMX                        Local  152      I(4)            4           scalar                    152,153,154                       
 KTI                        Local  630      I(4)            4     1     1        ALC              630,636,637,638,643,645,726,727   
 KTWB                       Local  379      I(4)            4     1     1        ALC              379,628                           
 KTWBF                      Local  379      I(4)            4           scalar                    379,381,383,628,638,676,678,679,68
                                                                                                  4,686,687,689,692,695,699,700,713,
                                                                                                  727                               
 LASTFIELD                  Local  154      R(4)            4     3     1        ALC              154,164                           
 LATERAL_VELOCITY           Subr   417                                                            417                               
 LIMPBR                     Local  153      I(4)            4     2     1        ALC              153,453,492,493,494,520           
 LINE                       Local  192      L(4)            4           scalar                    192                               
 LJDAY                      Local  316      R(4)            4           scalar                    316,317,322                       
 LOCATE                     Local  396      I(4)            4           scalar                    396,408,409,410,411               
 LRUNDAY                    Local  310      R(4)            4           scalar                    310,311,783                       
 MAIN                       Module 129                                                            129                               
 MILTIME                    Local  330      R(4)            4           scalar                    330,331                           
 MONITORONOFF               Local  766      I(4)            4     2     1        ALC              766,769                           
 N                          Local  133      I(4)            4           scalar                    190,195,201,204,765,766,767,768,76
                                                                                                  9,770                             
 NBR                        Local  154      I(4)            4           scalar                    154,155,156                       
 NBRF                       Local  155      I(4)            4     1     1        ALC              155,166                           
 NDINFO                     Local  154      I(4)            4     2     1        ALC              154,160                           
 NETCATCH                   Local  152      I(4)            4     3     1        ALC              152,162                           
 NEXTBRANCH                 Subr   234                                                            234                               
 NEXT_BRANCH                Local  156      L(4)            4     1     1        ALC              156,543                           
 NFISH                      Local  152      I(4)            4           scalar                    152,153,155,191,295,350           
 NFISHPCEL                  Local  180      I(4)            4           scalar                    180,190,195,199                   
 NFISHSEG                   Local  178      I(4)            4           scalar                    178                               
 NFSFREQ                    Local  308      R(8)            8           scalar                    308,757                           
 NGRPFH                     Local  177      I(4)            4           scalar                    177,181,182,183                   
 NIT                        Local  135      I(4)            4           scalar                    135,246,310,316,340,790           
 NMONITORS                  Local  765      I(4)            4           scalar                    765                               
 NODES                      Local  153      R(4)            4     3     1        ALC              153,161                           
 NUMACOUSTICS               Local  153      I(4)            4           scalar                    153                               

Page 28          Source Listing                  FISH
2026-03-30 08:48 Symbol Table                    ..\..\..\particle.f90

 Name                       Object Declared Type            Bytes Dimen Elements Attributes       References                        
                                                                                                                                    
 NUMGILLNETS                Local  152      I(4)            4           scalar                    152                               
 NWD                        Local  455      I(4)            4           scalar                    455                               
 OUTFREQ                    Local  318      R(4)            4           scalar                    318,320                           
 OUTFREQP                   Local  318      R(4)            4           scalar                    318                               
 PARTICLE                   Local  286      L(4)            4           scalar                    286                               
 PART_TRANSPORT             Subr   421                                                            421                               
 RANDOM                     Subr   371                                                            371                               
 READ_FISH_DATA             Subr   138                                                            138                               
 REAL                       Func   224                                  scalar                    224,330,750,752,755,761,762       
 RESTART_IN                 Local  129      L(4)            4           scalar                    129,135                           
 RIMPBR                     Local  153      I(4)            4     2     1        ALC              153,476,477,478,507               
 RRR                        Local  371      R(4)            4           scalar                    371                               
 RUNDIFF                    Local  311      R(8)            8           scalar                    311                               
 SCREENC                    Module 129                                                            129                               
 SEDVEL                     Local  296      R(4)            4     1     1        ALC              296                               
 SEED                       Local  171      I(4)            4           scalar                    171,371                           
 SHOWSKY                    Local  169      L(4)            4           scalar                    169                               
 SNDCATCH                   Local  153      R(4)            4     3     1        ALC              153,163                           
 SPLINE                     Subr   407                                                            407                               
 SURFCALC                   Local  683      I(4)            4           scalar                    683,691,704,710,712               
 SURFHE                     Module 129                                                            129                               
 TMONITOR                   Local  770      R(4)            4     2     1        ALC              770                               
 TOTFXWGT                   Local  257      R(8)            8           scalar                    257                               
 TOTFZWGT                   Local  264      R(8)            8           scalar                    264                               
 TXTPARTICLE                Local  287      CHAR            4           scalar                    287,289                           
 UFISH                      Local  136      R(4)            4           scalar                    136,227,360,394,745,758           
 UHS                        Local  586      I(4)            4     1     1        ALC              586,589,598,600,602,604,607       
 UZSENSPH                   Local  136      R(4)            4           scalar                    136                               
 VALUE                      Local  408      R(8)            8           scalar                    408,409,410,411                   
 VARIABLE                   Local  395      I(4)            4           scalar                    395,408,409,410,411               
 VFISH                      Local  136      R(4)            4           scalar                    136,228,361,746,759               
 VVELCAP                    Local  247      R(4)            4           scalar                    247                               
 WBSKIP                     Local  168      L(4)            4           scalar                    168                               
 WFISH                      Local  136      R(4)            4           scalar                    136,229,362,747,760               
 WHATJR                     Subr   198                                                            198,378                           
 WQFIELD                    Local  152      R(4)            4     3     1        ALC              152,158                           
 WQP                        Param  152      I(4)            4           scalar                    152                               
 XDOTRUCSUM                 Local  274      R(4)            4           scalar                    274                               
 XDOTRUNC                   Local  273      R(4)            4           scalar                    273                               
 XHVTRUCSUM                 Local  266      R(4)            4           scalar                    266                               
 XHVTRUNC                   Local  265      R(4)            4           scalar                    265                               
 XLOK                       Local  398      R(4)            4           scalar                    398                               
 XREFL                      Local  581      R(4)            4           scalar                    581,587,599,601,608               
 XSHIFTMONITOR              Local  768      R(4)            4     1     1        ALC              768                               
 XTPTRUCSUM                 Local  278      R(4)            4           scalar                    278                               
 XTPTRUNC                   Local  277      R(4)            4           scalar                    277                               
 XVVTRUCSUM                 Local  270      R(4)            4           scalar                    270                               
 XVVTRUNC                   Local  269      R(4)            4           scalar                    269                               
 YREFL                      Local  439      R(4)            4           scalar                    439,449,474,517,529,735,737       
 Z                          Local  639      R(8)            8     1     1        ALC              639,640,643,644,645,678,679,686,68
                                                                                                  7,699,700,727                     
 ZBOTREFL                   Local  634      R(4)            4           scalar                    634,666                           
 ZDOTRUCSUM                 Local  276      R(4)            4           scalar                    276                               
 ZDOTRUNC                   Local  275      R(4)            4           scalar                    275                               
 ZHVTRUCSUM                 Local  268      R(4)            4           scalar                    268                               

Page 29          Source Listing                  FISH
2026-03-30 08:48 Symbol Table                    ..\..\..\particle.f90

 Name                       Object Declared Type            Bytes Dimen Elements Attributes       References                        
                                                                                                                                    
 ZHVTRUNC                   Local  267      R(4)            4           scalar                    267                               
 ZLOK                       Local  400      R(4)            4           scalar                    400                               
 ZSURREFL                   Local  640      R(4)            4           scalar                    640,645,679,687,700               
 ZTPTRUCSUM                 Local  280      R(4)            4           scalar                    280                               
 ZTPTRUNC                   Local  279      R(4)            4           scalar                    279                               
 ZVVTRUCSUM                 Local  272      R(4)            4           scalar                    272                               
 ZVVTRUNC                   Local  271      R(4)            4           scalar                    271                               

Page 30          Source Listing                  FISH
2026-03-30 08:48                                 ..\..\..\particle.f90

    796     
    797     SUBROUTINE NEXTBRANCH   ! SW 8/7/2016
    798     USE Fishy; Use GLOBAL; USE STRUCTURES
    799     IMPLICIT NONE
    800     INTEGER :: JS, JG, JP
    801     NEXT_BRANCH=.FALSE.      ! Set all branch connections to FALSE
    802     DO JB=1,NBR
    803       IF(DHS(JB) == 0)THEN
    804           DO JS=1,NSP
    805               IF(IUSP(JS)==DS(JB).AND.IDSP(JS).NE.0)THEN
    806                  FNEXT(JB)=IDSP(JS)
    807                  NEXT_BRANCH(JB)=.TRUE.
    808                  EXIT
    809               ENDIF
    810           ENDDO
    811           DO JG=1,NGT
    812                IF(IUGT(JG)==DS(JB).AND.IDGT(JG).NE.0)THEN
    813                  FNEXT(JB)=IDGT(JG)
    814                  NEXT_BRANCH(JB)=.TRUE.
    815                  EXIT
    816               ENDIF
    817           ENDDO
    818           DO JP=1,NPU
    819                  IF(IUPU(JP)==DS(JB).AND.IDPU(JP).NE.0)THEN
    820                  FNEXT(JB)=IDPU(JP)
    821                  NEXT_BRANCH(JB)=.TRUE.
    822                  EXIT
    823                 ENDIF
    824           ENDDO
    825       ENDIF
    826     ENDDO
    827     
    828       
    829       RETURN
    830     
    831     
    832     
    833     END SUBROUTINE NEXTBRANCH

Page 31          Source Listing                  NEXTBRANCH
2026-03-30 08:48 Entry Points                    ..\..\..\particle.f90



ENTRY POINTS

 Address      Type  Name       
                               
       NEXTBRANCH              


SYMBOL CROSS REFERENCE

 Name                       Object Declared Type            Bytes Dimen Elements Attributes       References                        
                                                                                                                                    
 DHS                        Local  803      I(4)            4     1     1        ALC              803                               
 DS                         Local  805      I(4)            4     1     1        ALC              805,812,819                       
 FISHY                      Module 798                                                            798                               
 FNEXT                      Local  806      I(4)            4     1     1        ALC              806,813,820                       
 GLOBAL                     Module 798                                                            798                               
 IDGT                       Local  812      I(4)            4     1     1        ALC              812,813                           
 IDPU                       Local  819      I(4)            4     1     1        ALC              819,820                           
 IDSP                       Local  805      I(4)            4     1     1        ALC              805,806                           
 IUGT                       Local  812      I(4)            4     1     1        ALC              812                               
 IUPU                       Local  819      I(4)            4     1     1        ALC              819                               
 IUSP                       Local  805      I(4)            4     1     1        ALC              805                               
 JB                         Local  802      I(4)            4           scalar                    802,803,805,806,807,812,813,814,81
                                                                                                  9,820,821                         
 JG                         Local  800      I(4)            4           scalar                    811,812,813                       
 JP                         Local  800      I(4)            4           scalar                    818,819,820                       
 JS                         Local  800      I(4)            4           scalar                    804,805,806                       
 NBR                        Local  802      I(4)            4           scalar                    802                               
 NEXTBRANCH                 Subr   797                                                                                              
 NEXT_BRANCH                Local  801      L(4)            4     1     1        ALC              801,807,814,821                   
 NGT                        Local  811      I(4)            4           scalar                    811                               
 NPU                        Local  818      I(4)            4           scalar                    818                               
 NSP                        Local  804      I(4)            4           scalar                    804                               
 STRUCTURES                 Module 798                                                            798                               

Page 32          Source Listing                  NEXTBRANCH
2026-03-30 08:48                                 ..\..\..\particle.f90

    834 
    835 !***********************************************************************
    836 !***********************************************************************
    837 !*                                                                    **
    838 !*           R A N D O M   N U M B E R   G E N E R A T O R            **
    839 !*                                                                    **
    840 !***********************************************************************
    841 !***********************************************************************
    842 !  This Subroutine Calls No Other Subroutines
    843 
    844 
    845       SUBROUTINE RANDOM(SEED,RNDX)             ! Random Number Generator Subroutine
    846       IMPLICIT NONE                            !   obtained from "STRUCTURED FORTRAN
    847 !   77 for Engineers and Scientists, 5th
    848       INTEGER   SEED                           !   Edition - Author: Delores M. Etter"
    849       REAL      RNDX                           !   The random # is between 0.0 and 1.0
    850       
    851 
    852       SEED = 2045*SEED + 1
    853       SEED = SEED - (SEED/1048576)*1048576
    854       RNDX = REAL(SEED+1)/1048577.0
    855 
    856       RETURN
    857       END


ENTRY POINTS

 Address      Type  Name   
                           
       RANDOM              

Page 33          Source Listing                  RANDOM
2026-03-30 08:48 Symbol Table                    ..\..\..\particle.f90



SYMBOL CROSS REFERENCE

 Name                       Object Declared Type            Bytes Dimen Elements Attributes       References                        
                                                                                                                                    
 RANDOM                     Subr   845                                                                                              
 REAL                       Func   854                                  scalar                    854                               
 RNDX                       Dummy  849      R(4)            4           scalar   ARG,INOUT        854                               
 SEED                       Dummy  848      I(4)            4           scalar   ARG,INOUT        852,853,854                       

Page 34          Source Listing                  RANDOM
2026-03-30 08:48                                 ..\..\..\particle.f90

    858 
    859 
    860 !***********************************************************************
    861 !***********************************************************************
    862 !*                                                                    **
    863 !* S E G M E N T S   W I T H   C O N N E C T I N G   B R A N C H E S  **
    864 !*                                                                    **
    865 !***********************************************************************
    866 !***********************************************************************
    867 !  This Subroutine Calls No Other Subroutines
    868 
    869       SUBROUTINE FIMPBR
    870 
    871       Use FISHY; Use GEOMC; USE GLOBAL;USE SURFHE
    872       
    873       IMPLICIT NONE
    874       REAL    :: BRANGLE
    875 
    876 ! *** ONLY HERE IS PHI0 used SW 1/14/01, DHS is used here also
    877 
    878       DO 105 I=1,IMX                                !For all segments in the system
    879         NR = 0                                      ! Number of branches connecting to the right bank
    880         NL = 0                                      ! Number of branches connecting to the left bank
    881         RIMPBR(I,1) = 0                             ! Right bank joining segment
    882         RIMPBR(I,2) = 0                             ! Right bank joining branch
    883         LIMPBR(I,1) = 0                             ! Left bank joining segment
    884         LIMPBR(I,2) = 0                             ! Left bank joining branch
    885         DO 100 JB=1,NBR                             !Examine all branches in the system
    886 ! IF(BR_INACTIVE(JB))CYCLE  ! SW 6/12/2017  No Need to do this for an inactive branch since this is called only once to set 
    886 up geometery
    887           IF (I.EQ.DHS(JB)) THEN                    ! If find a connecting branch
    888             IF (PHI0(DS(JB)).GT.PHI0(I)) THEN
    889               BRANGLE = PHI0(DS(JB))-PHI0(I)        ! BRANGLE = Angle of Incoming Branch relative to
    890             ELSE                                    !           Branch I
    891               BRANGLE = PHI0(DS(JB))+(2.*(22./7.)-PHI0(I))
    892             END IF
    893             IF ((BRANGLE.GT.0).AND.(BRANGLE.LT.(22./7.))) THEN  ! From BRANGLE, one can determine if the
    894               NR = NR + 1                                     !   Incoming Branch is on the right or
    895               RIMPBR(I,1) = DS(JB)                            !   left of Branch I
    896               RIMPBR(I,2) = JB
    897             ELSE
    898               NL = NL + 1
    899               LIMPBR(I,1) = DS(JB) 
    900               LIMPBR(I,2) = JB
    901             END IF
    902           ELSE
    903           END IF
    904   100   CONTINUE
    905         IF ((NR.GT.1).OR.(NL.GT.1)) THEN                        ! CHECK: Can only have one Branch join a segment from each s
    905 ide from the same side
    906           IF (DEBUG)WRITE(DATADEBUGFN,*) 'ERROR: More than 1 branch joining segment'
    907           IF (DEBUG)WRITE(DATADEBUGFN,9140) I
    908  9140     FORMAT('ERROR occurred at segment ',I6)
    909           STOP
    910         ELSE
    911         END IF
    912   105 CONTINUE

Page 35          Source Listing                  FIMPBR
2026-03-30 08:48                                 ..\..\..\particle.f90

    913 
    914       RETURN
    915       END


ENTRY POINTS

 Address      Type  Name   
                           
       FIMPBR              


SYMBOL CROSS REFERENCE

 Name                       Object Declared Type            Bytes Dimen Elements Attributes       References                        
                                                                                                                                    
 100                        Label  904                                                            885                               
 105                        Label  912                                                            878                               
 9140                       Label  908                                                            907                               
 BRANGLE                    Local  874      R(4)            4           scalar                    889,891,893                       
 DATADEBUGFN                Local  906      I(4)            4           scalar                    906,907                           
 DEBUG                      Local  906      L(4)            4           scalar                    906,907                           
 DHS                        Local  887      I(4)            4     1     1        ALC              887                               
 DS                         Local  888      I(4)            4     1     1        ALC              888,889,891,895,899               
 FIMPBR                     Subr   869                                                                                              
 FISHY                      Module 871                                                            871                               
 GEOMC                      Module 871                                                            871                               
 GLOBAL                     Module 871                                                            871                               
 I                          Local  878      I(4)            4           scalar                    878,881,882,883,884,887,888,889,89
                                                                                                  1,895,896,899,900,907             
 IMX                        Local  878      I(4)            4           scalar                    878                               
 JB                         Local  885      I(4)            4           scalar                    885,887,888,889,891,895,896,899,90
                                                                                                  0                                 
 LIMPBR                     Local  883      I(4)            4     2     1        ALC              883,884,899,900                   
 NBR                        Local  885      I(4)            4           scalar                    885                               
 NL                         Local  880      I(4)            4           scalar                    880,898,905                       
 NR                         Local  879      I(4)            4           scalar                    879,894,905                       
 PHI0                       Local  888      R(8)            8     1     1        ALC              888,889,891                       
 RIMPBR                     Local  881      I(4)            4     2     1        ALC              881,882,895,896                   
 SURFHE                     Module 871                                                            871                               

Page 36          Source Listing                  FIMPBR
2026-03-30 08:48                                 ..\..\..\particle.f90

    916 
    917 
    918 !***********************************************************************
    919 !***********************************************************************
    920 !*                                                                    **
    921 !*   F I N D   C U R R E N T   B R A N C H   O F   L O C A T I O N    **
    922 !*                                                                    **
    923 !***********************************************************************
    924 !***********************************************************************
    925 !  This Subroutine Calls No Other Subroutines
    926 
    927 
    928       SUBROUTINE FINDNEWBR
    929       
    930     Use Fishy; Use GEOMC; USE GLOBAL;Use SCREENC
    931     
    932     IMPLICIT NONE
    933     integer trib
    934 
    935    81 TRIB = 1                                              ! TRIB = Tributary (or Branch)
    936    80 IF ((FIMP.GE.US(TRIB)).AND.(FIMP.LE.DS(TRIB))) THEN
    937         FNBP = TRIB
    938       ELSE
    939         TRIB = TRIB + 1
    940         IF (TRIB.GT.NBR) THEN                                 ! CHECK: TRIB can't be more
    941           IF (DEBUG)WRITE(DATADEBUGFN,*) 'ERROR: Finding new FNBP in Subroutine'  !        than NBR # BRANCHES
    942           IF (DEBUG)WRITE(DATADEBUGFN,*) 'ERROR: FIMP=',FIMP,' JDAY=',JDAY
    943           IF (DEBUG)WRITE(DATADEBUGFN,*) 'FIMP=FIMP-1'
    944           FIMP=FIMP-1
    945           GO TO 81
    946 !STOP
    947         ELSE
    948           GOTO 80
    949         END IF
    950       END IF
    951 
    952       RETURN
    953       END

Page 37          Source Listing                  FINDNEWBR
2026-03-30 08:48 Entry Points                    ..\..\..\particle.f90



ENTRY POINTS

 Address      Type  Name      
                              
       FINDNEWBR              


SYMBOL CROSS REFERENCE

 Name                       Object Declared Type            Bytes Dimen Elements Attributes       References                        
                                                                                                                                    
 80                         Label  936                                                            948                               
 81                         Label  935                                                            945                               
 DATADEBUGFN                Local  941      I(4)            4           scalar                    941,942,943                       
 DEBUG                      Local  941      L(4)            4           scalar                    941,942,943                       
 DS                         Local  936      I(4)            4     1     1        ALC              936                               
 FIMP                       Local  936      I(4)            4           scalar                    936,942,944                       
 FINDNEWBR                  Subr   928                                                                                              
 FISHY                      Module 930                                                            930                               
 FNBP                       Local  937      I(4)            4           scalar                    937                               
 GEOMC                      Module 930                                                            930                               
 GLOBAL                     Module 930                                                            930                               
 JDAY                       Local  942      R(8)            8           scalar                    942                               
 NBR                        Local  940      I(4)            4           scalar                    940                               
 SCREENC                    Module 930                                                            930                               
 TRIB                       Local  933      I(4)            4           scalar                    935,936,937,939,940               
 US                         Local  936      I(4)            4     1     1        ALC              936                               

Page 38          Source Listing                  FINDNEWBR
2026-03-30 08:48                                 ..\..\..\particle.f90

    954 
    955 
    956 !***********************************************************************
    957 !***********************************************************************
    958 !*                                                                    **
    959 !*        F I N D   W A T E R B O D Y   O F   L O C A T I O N         **
    960 !*                                                                    **
    961 !***********************************************************************
    962 !***********************************************************************
    963 !  This Subroutine Calls No Other Subroutines
    964 
    965       SUBROUTINE WHATJR
    966       
    967       Use FISHY
    968       USE GLOBAL
    969       IMPLICIT NONE
    970       
    971       INTEGER  WBDY
    972 
    973       WBDY = 0                                              ! WBDY = Water Body
    974    90 WBDY = WBDY + 1
    975       IF (WBDY.GT.NWB) THEN                                 ! CHECK: WBDY can't be more
    976         IF (DEBUG)WRITE(DATADEBUGFN,*) 'ERROR: Finding current WB in Subroutine'!        than NWB
    977         STOP
    978       ELSE
    979       END IF
    980       DO 92 JB=BS(WBDY),BE(WBDY)                            ! Branches within a particular
    981         IF ((FIMP.GE.US(JB)).AND.(FIMP.LE.DS(JB))) THEN     !   Water Body
    982           FJR = WBDY
    983           GOTO 91
    984         ELSE
    985         END IF
    986    92 CONTINUE
    987       GOTO 90
    988 
    989    91 CONTINUE
    990 
    991       RETURN
    992       END

Page 39          Source Listing                  WHATJR
2026-03-30 08:48 Entry Points                    ..\..\..\particle.f90



ENTRY POINTS

 Address      Type  Name   
                           
       WHATJR              


SYMBOL CROSS REFERENCE

 Name                       Object Declared Type            Bytes Dimen Elements Attributes       References                        
                                                                                                                                    
 90                         Label  974                                                            987                               
 91                         Label  989                                                            983                               
 92                         Label  986                                                            980                               
 BE                         Local  980      I(4)            4     1     1        ALC              980                               
 BS                         Local  980      I(4)            4     1     1        ALC              980                               
 DATADEBUGFN                Local  976      I(4)            4           scalar                    976                               
 DEBUG                      Local  976      L(4)            4           scalar                    976                               
 DS                         Local  981      I(4)            4     1     1        ALC              981                               
 FIMP                       Local  981      I(4)            4           scalar                    981                               
 FISHY                      Module 967                                                            967                               
 FJR                        Local  982      I(4)            4           scalar                    982                               
 GLOBAL                     Module 968                                                            968                               
 JB                         Local  980      I(4)            4           scalar                    980,981                           
 NWB                        Local  975      I(4)            4           scalar                    975                               
 US                         Local  981      I(4)            4     1     1        ALC              981                               
 WBDY                       Local  971      I(4)            4           scalar                    973,974,975,980,982               
 WHATJR                     Subr   965                                                                                              

Page 40          Source Listing                  WHATJR
2026-03-30 08:48                                 ..\..\..\particle.f90

    993 
    994 !***********************************************************************
    995 !***********************************************************************
    996 !*                                                                    **
    997 !*   P R E P A R E   S Y S T E M   G R I D   F O R   D I S P L A Y    **
    998 !*                                                                    **
    999 !***********************************************************************
   1000 !***********************************************************************
   1001 ! Number of TecPlot Zones       = # of timesteps            (Animation by Zone)
   1002 !           TecPlot Limit     ==> 32,700 per Data Set
   1003 ! Number of TecPlot Data Points = # of nodes                (for Grid Display)
   1004 !                                 # of fish                 (for Fish Display)
   1005 !           TecPlot Limit     ==> 2 billion per Variable
   1006 ! Number of TecPlot Variables   = # of flow & const. param  (for Grid Display)
   1007 !                                 # of fish parameters      (for Fish Display)
   1008 !           TecPlot Limit     ==> 32,700 per Data Set
   1009 ! Number of TecPlot Data Sets   = 2*(# of branches)         (for Grid & Fish Displays)
   1010 !           TecPlot Limit     ==> 128
   1011 
   1012 !  This Subroutine Calls the Following Subroutines:
   1013 !      INTERCONST,INTERFLOWF
   1014 
   1015 
   1016       SUBROUTINE GRIDPLOT    ! This Subroutine preps Grid, Flow, & WQ info for TecPlot
   1017 
   1018       Use FISHY
   1019       USE GLOBAL
   1020       Use GEOMC
   1021       Use SCREENC; USE MAIN, ONLY: KBI, RESTART_IN
   1022       
   1023       IMPLICIT NONE
   1024 
   1025       INTEGER     WB,NN,NNLAST,WATER
   1026       INTEGER     BRCHNN,KK,II,ND,ELE,EE,K
   1027       INTEGER     TOTNN
   1028       logical, SAVE  ::  FEGRID
   1029       REAL :: XDIST,ZDIST,VERTFLOW
   1030 
   1031       CHARACTER*1  :: DTYP1
   1032       CHARACTER*2  :: DTYP2
   1033       CHARACTER*6  :: FILE_PREFIX='Branch'
   1034       CHARACTER*4  :: FILE_SUFFIX='.dat'
   1035       CHARACTER*12 FILENAME
   1036 
   1037       IF (NIT.EQ.0 .OR. RESTART_IN)then   ! SW 6/2025
   1038       FEGRID = .FALSE.                  ! The first pass is used to set up the FE grid
   1039       allocate(totele(NBR),totbrnn(NBR))    ! SW 1/14/01
   1040       end if
   1041 
   1042    93 IF (FEGRID) CALL INTERCONST                     ! Subroutine to interpolate Constituent values
   1043       IF (FEGRID) CALL INTERFLOWF                     ! Subroutine to interpolate Flow Field values
   1044       NN = 0                                          ! NN = Global Node # (UpperLeft Corner of cell(K,I))
   1045 !DO 115 WB=1,NWB                                 ! WB = Water Body # / NWB = Total # of Water Bodies
   1046       DO WB=1,NWB 
   1047 !DO 116 JB=BS(WB),BE(WB)                     ! JB = Branch #
   1048           DO JB=BS(WB),BE(WB) 
   1049           IF (FEGRID.EQV..FALSE.) GOTO 94             ! Skip to setting up FE grid if NIT = 0

Page 41          Source Listing                  GRIDPLOT
2026-03-30 08:48                                 ..\..\..\particle.f90

   1050 
   1051           IF (NIT.EQ.0) THEN
   1052             IF (JB.LT.10) THEN                        ! Creating the output file names based on Branch #
   1053             WRITE(DTYP1,9210) JB
   1054             FILENAME=FILE_PREFIX//DTYP1//FILE_SUFFIX
   1055  9210       FORMAT(I1)
   1056             ELSE IF (JB.LE.64) THEN                   ! TecPlot is limited to 128 Data Sets (i.e. Data Files)
   1057             WRITE(DTYP2,9220) JB                    !   That leaves: 64 Data Sets for Grid Display and
   1058             FILENAME=FILE_PREFIX//DTYP2//FILE_SUFFIX  !                64 Data Sets for Fish Display
   1059  9220       FORMAT(I2)
   1060             ELSE                                        ! CHECK
   1061             IF (DEBUG)WRITE(DATADEBUGFN,*) 'ERROR: Exceeded Maximum Number of TecPlot Data Sets ==> # Data Sets = # of Branc
   1061 hes'
   1062             STOP
   1063             END IF          
   1064               
   1065             OPEN(20000+JB,FILE=FILENAME,STATUS='UNKNOWN')       ! Opening the Output Files Based on Branch #
   1066             WRITE(20000+JB,9240) JB                           ! Creating Output File Header for TecPlot
   1067  9240       FORMAT('TITLE = "GRID NODE INFO for Branch',I6,'"')
   1068             WRITE(20000+JB,9270)                                ! Creating Output File Header for TecPlot
   1069  9270       FORMAT('VARIABLES = "X", "Z", "WATER", "HorizVel", "VertVel", "Temp", "DO", "KLayer", "ISegment"')
   1070             WRITE(20000+JB,9250) JDAY,TOTBRNN(JB),TOTELE(JB)! Creating Output File Header for TecPlot
   1071  9250       FORMAT('ZONE T="JDAY ',F9.2,'", N=',I8,', E=',I8,', F=FEPOINT, ET=QUADRILATERAL')
   1072           ELSE                                                    ! Subsequent Passes thru Subroutine
   1073             WRITE(20000+JB,*) ' '
   1074             WRITE(20000+JB,9280) JDAY,TOTBRNN(JB),TOTELE(JB)
   1075  9280       FORMAT('ZONE T="JDAY ',F9.2,'", N=',I8,', E=',I8,', F=FEPOINT, ET=QUADRILATERAL, D=(FECONNECT)')
   1076           END IF
   1077    94     ZDIST = H(2,WB)                                            ! Begin Calculations to set up FE grid
   1078           NNLAST = NN
   1079 	if(nnlast.eq.0)nnlast=1    ! sw 1/9/01
   1080           BRCHNN = 0                                ! BRCHNN = Branch Node # (each Branch starts off with '0')
   1081 ! DO 117 K=2,KMX                                          ! K = Layer #
   1082          DO K=2,KMX
   1083             ZDIST = ZDIST - H(K,WB)                                  ! ZDIST = Depth to Node in Branch JB
   1084             XDIST = 0                                             ! XDIST = X Distance to Node in Branch JB
   1085              DO I=US(JB),DS(JB)+1          ! I = Segment #!  DO I=CUS(JB),DS(JB)+1             ! DO 118  I=US(JB),DS(JB)+1  
   1085        ! I = Segment #
   1086 !DO K=KTWB(WB),KB(I)   ! SW 5/2015
   1087               IF ((K-1.LE.KBI(I)).OR.(K-1.LE.KBI(I-1))) THEN        ! All Nodes at or above Water Body Bottom  USE KBI INIIT
   1087 IAL KB SW 8/2018
   1088                 NN = NN + 1                         ! NN = Global Node # (UpperLeft Corner of cell(K,I))
   1089                 BRCHNN = BRCHNN + 1                 ! BRCHNN = Branch Node # (each Branch starts off with '0')
   1090                 IF (FEGRID.EQV..FALSE.) THEN        ! This info is stored for later use
   1091                   NDINFO(NN,1) = NN
   1092                   NDINFO(NN,2) = BRCHNN
   1093                   NDINFO(NN,3) = K
   1094                   NDINFO(NN,4) = I
   1095                   NODES(K,I,1) = XDIST
   1096                   NODES(K,I,2) = ZDIST
   1097                   TOTNN = NN
   1098 !  ELSE
   1099                 END IF
   1100                 IF (FEGRID) THEN
   1101                   IF (K.LT.KTWB(WB)) THEN                               ! WATER used for value-blanking cells above 9952 sur
   1101 face in TecPlot
   1102                     IF (SHOWSKY) THEN                                  ! Show Colors of Day Above Water Surface

Page 42          Source Listing                  GRIDPLOT
2026-03-30 08:48                                 ..\..\..\particle.f90

   1103                       IF ((MILTIME.GT.SKYNIGHT).OR.&
   1104                           (MILTIME.LE.SKYDAWN)) THEN                   ! During the Night, the Sky is
   1105                         WATER = -100                                   !   BLACK
   1106                       ELSE IF ((MILTIME.GT.SKYDAWN).AND.&
   1107                                (MILTIME.LE.SKYDAY)) THEN               ! During the Morning, the Sky is
   1108                         WATER = -75                                    !   YELLOW
   1109                       ELSE IF ((MILTIME.GT.SKYDAY).AND.&
   1110                                (MILTIME.LE.SKYDUSK)) THEN              ! During the Day, the Sky is
   1111                         WATER = -50                                    !   BLUE
   1112                       ELSE IF ((MILTIME.GT.SKYDUSK).AND.&
   1113                                (MILTIME.LE.SKYNIGHT)) THEN             ! During the Evening, the Sky is
   1114                         WATER = -25                                    !   ORANGE
   1115                       ELSE                                             ! CHECK
   1116                         IF (DEBUG)WRITE(DATADEBUGFN,*) 'ERROR: MILTIME not Corresponding with Intervals Set for Determining 
   1116 Sky Color for TecPlot'
   1117                         STOP
   1118                       END IF
   1119                     ELSE
   1120                       WATER = -1                                       ! WATER = -1 ==> Cells above water surface are WHITE
   1121                     END IF
   1122                     WQFIELD(K,I,1) = WQFIELD(KTWB(WB),I,1) ! This is done to prevent odd-looking contours in TecPlot near
   1123                     WQFIELD(K,I,2) = WQFIELD(KTWB(WB),I,2) !   the water surface since WQ does not exist above water surface
   1124                   ELSE
   1125                     WATER = 1                                          ! WATER = 1  ==> cell at or below current water surfa
   1125 ce
   1126                   END IF
   1127                   IF (WBSKIP.AND.(WB.NE.WBRUN)) GOTO 136               ! Option:Skip output for Water Bodies, except WBRUN
   1128                   IF (ABS(FLOWFIELD(K,I,2)).GE.VVELCAP) THEN           ! This keeps relatively large Vert Vel vectors in Tec
   1128 Plot
   1129                     IF (FLOWFIELD(K,I,2).GE.0) THEN                    !   from blacking out the screen since these vectors
   1130                       VERTFLOW = VVELCAP                               !   would be so big
   1131                     ELSE
   1132                       VERTFLOW = -VVELCAP
   1133                     END IF
   1134                   ELSE
   1135                     VERTFLOW = FLOWFIELD(K,I,2)
   1136                   END IF
   1137 !                  JOININGTRIB = 0
   1138 !                  IF (RIMPBR(I,1).GT.0) JOININGTRIB = 1                ! Branch joining right bank at Segment I
   1139 !                  IF (LIMPBR(I,1).GT.0) JOININGTRIB = 1                ! Branch joining left bank at Segment I
   1140 !                  WRITE(20000+JB,9260) XDIST,ZDIST,WATER,&            ! Outputting node information
   1141                   if(k==ktwb(wb))then
   1142                       zdist=elws(i)
   1143                   else
   1144                       zdist=elws(i)-depthm(k,i)
   1145                   endif
   1146                   
   1147                 WRITE(20000+JB,9260) XDIST,zdist,WATER,&            ! Outputting node information  SW output elevation in m
   1148                         FLOWFIELD(K,I,1),-VERTFLOW,&                !   to a file for TecPlot to display
   1149                         WQFIELD(K,I,1),WQFIELD(K,I,2),K,I
   1150 
   1151  9260             FORMAT(F15.1,F10.2,I7,E15.2,E15.2,F8.2,F8.2,I5,I5)
   1152 !     .                   F10.2,I5)
   1153 ! XDIST                 = X Distance to Node in Branch JB
   1154 ! ZDIST                 = Depth to Node in Branch JB
   1155 ! NN                    = Global Node #
   1156 ! BRCHNN                = Branch Node #

Page 43          Source Listing                  GRIDPLOT
2026-03-30 08:48                                 ..\..\..\particle.f90

   1157 ! K                     = Layer #
   1158 ! I                     = Segment #
   1159 ! JB                  = Branch #
   1160 ! WATER                 = Water in cell? [-1=No , 1=Yes]
   1161 ! FLOWFIELD(K,I,1)      = Velocity: Horizontal (m/s)
   1162 ! FLOWFIELD(K,I,2)                  Vertical   (m/s):W(K,I) is (+) Downward
   1163 ! FLOWFIELD(K,I,3)      = Acceleration: Horizontal (m/s^2)
   1164 ! FLOWFIELD(K,I,4)                      Vertical   (m/s^2)
   1165 ! WQFIELD(K,I,1)        = Temperature              (deg C)
   1166 ! WQFIELD(K,I,2)        = Dissolved Oxygen         (g/m^3)
   1167 ! B(K,I)                = Width of Cell (K,I)
   1168 ! JOININGTRIB           = Incoming Tributary at Segment I? [0=No , 1=Yes]
   1169 
   1170   136           END IF
   1171 
   1172               END IF
   1173               XDIST = XDIST + DLX(I)
   1174         ENDDO
   1175     ENDDO
   1176     
   1177 ! 118       CONTINUE
   1178 !117     CONTINUE
   1179           IF (FEGRID) THEN                                 ! If FEGRID = .TRUE., then FE connectivity already set up
   1180             IF (NIT.EQ.0) THEN                             ! Once FE connectivity is established (below), it still
   1181               WRITE(20000+JB,*) ' '                      !   must be outputted the first time node info is outputted
   1182               IF (WBSKIP.AND.(WB.NE.WBRUN)) GOTO 137       ! Option:Skip output for all Water Bodies, except WBRUN
   1183               DO 122 EE=1,TOTELE(JB)
   1184                 WRITE(20000+JB,9290) CORNERS(JB,EE,1),& ! Writing connectivity information to output file
   1185                                        CORNERS(JB,EE,2),&
   1186                                        CORNERS(JB,EE,3),&
   1187                                        CORNERS(JB,EE,4)
   1188  9290           FORMAT(I8,I8,I8,I8)
   1189   122         CONTINUE
   1190             ELSE
   1191   137       END IF
   1192           ELSE                                             ! Determining the Node Connectivities
   1193             ELE = 0                                        ! ELE = Element #
   1194             DO 119 KK=2,KMX                                ! KK = Layer #
   1195               DO 120 II=US(JB),DS(JB)                  ! II = Segment #
   1196                 IF (KK.LE.KBI(II)) THEN                     ! Any Layer above Water Body Bottom   USE KBI RATHER THAN KB SW 
   1196 8/2018
   1197                   ELE = ELE + 1
   1198                   DO 121 ND=NNLAST,NN                      ! NNLAST prevents having to scan the entire matrix for
   1199                     IF ((NDINFO(ND,3).EQ.KK).AND.&          !   the desired information needed to determine connectivity
   1200                         (NDINFO(ND,4).EQ.II)) THEN
   1201                       CORNERS(JB,ELE,1) = NDINFO(ND,2)
   1202                     ELSE IF ((NDINFO(ND,3).EQ.KK).AND.&
   1203                              (NDINFO(ND,4).EQ.II+1)) THEN
   1204                       CORNERS(JB,ELE,2) = NDINFO(ND,2)
   1205                     ELSE IF ((NDINFO(ND,3).EQ.KK+1).AND.&
   1206                              (NDINFO(ND,4).EQ.II+1)) THEN
   1207                       CORNERS(JB,ELE,3) = NDINFO(ND,2)
   1208                     ELSE IF ((NDINFO(ND,3).EQ.KK+1).AND.&
   1209                              (NDINFO(ND,4).EQ.II)) THEN
   1210                       CORNERS(JB,ELE,4) = NDINFO(ND,2)
   1211                     ELSE
   1212                     END IF

Page 44          Source Listing                  GRIDPLOT
2026-03-30 08:48                                 ..\..\..\particle.f90

   1213   121             CONTINUE
   1214                 ELSE
   1215                 END IF
   1216   120         CONTINUE
   1217   119       CONTINUE
   1218             TOTELE(JB) = ELE                             ! TOTELE(JB) = Total # of elements in Branch JB
   1219             TOTBRNN(JB) = BRCHNN                         ! TOTBRNN(JB) = Total # of nodes in Branch JB
   1220           END IF
   1221 !116   CONTINUE
   1222 !115 CONTINUE
   1223           ENDDO
   1224       ENDDO
   1225       
   1226 
   1227       IF (FEGRID) THEN
   1228       ELSE
   1229         FEGRID = .TRUE.                                    ! Set FEGRID = .TRUE. once connectivity has been
   1230         GOTO 93                                            !   determined
   1231       END IF
   1232 
   1233       RETURN
   1234       END


ENTRY POINTS

 Address      Type  Name     
                             
       GRIDPLOT              

Page 45          Source Listing                  GRIDPLOT
2026-03-30 08:48 Symbol Table                    ..\..\..\particle.f90



SYMBOL CROSS REFERENCE

 Name                       Object Declared Type            Bytes Dimen Elements Attributes       References                        
                                                                                                                                    
 119                        Label  1217                                                           1194                              
 120                        Label  1216                                                           1195                              
 121                        Label  1213                                                           1198                              
 122                        Label  1189                                                           1183                              
 136                        Label  1170                                                           1127                              
 137                        Label  1191                                                           1182                              
 9210                       Label  1055                                                           1053                              
 9220                       Label  1059                                                           1057                              
 9240                       Label  1067                                                           1066                              
 9250                       Label  1071                                                           1070                              
 9260                       Label  1151                                                           1147                              
 9270                       Label  1069                                                           1068                              
 9280                       Label  1075                                                           1074                              
 9290                       Label  1188                                                           1184                              
 93                         Label  1042                                                           1230                              
 94                         Label  1077                                                           1049                              
 ABS                        Func   1128                                 scalar                    1128                              
 BE                         Local  1048     I(4)            4     1     1        ALC              1048                              
 BRCHNN                     Local  1026     I(4)            4           scalar                    1080,1089,1092,1219               
 BS                         Local  1048     I(4)            4     1     1        ALC              1048                              
 CORNERS                    Local  1184     I(4)            4     3     1        ALC              1184,1185,1186,1187,1201,1204,1207
                                                                                                  ,1210                             
 DATADEBUGFN                Local  1061     I(4)            4           scalar                    1061,1116                         
 DEBUG                      Local  1061     L(4)            4           scalar                    1061,1116                         
 DEPTHM                     Local  1144     R(8)            8     2     1        ALC              1144                              
 DLX                        Local  1173     R(8)            8     1     1        ALC              1173                              
 DS                         Local  1085     I(4)            4     1     1        ALC              1085,1195                         
 DTYP1                      Local  1031     CHAR            1           scalar                    1053,1054                         
 DTYP2                      Local  1032     CHAR            2           scalar                    1057,1058                         
 EE                         Local  1026     I(4)            4           scalar                    1183,1184,1185,1186,1187          
 ELE                        Local  1026     I(4)            4           scalar                    1193,1197,1201,1204,1207,1210,1218
 ELWS                       Local  1142     R(8)            8     1     1        ALC              1142,1144                         
 FEGRID                     Local  1028     L(4)            4           scalar   SAVE             1038,1042,1043,1049,1090,1100,1179
                                                                                                  ,1227,1229                        
 FILENAME                   Local  1035     CHAR            12          scalar                    1054,1058,1065                    
 FILE_PREFIX                Local  1033     CHAR            6           scalar                    1033,1054,1058                    
 FILE_SUFFIX                Local  1034     CHAR            4           scalar                    1034,1054,1058                    
 FISHY                      Module 1018                                                           1018                              
 FLOWFIELD                  Local  1128     R(4)            4     3     1        ALC              1128,1129,1135,1148               
 GEOMC                      Module 1020                                                           1020                              
 GLOBAL                     Module 1019                                                           1019                              
 GRIDPLOT                   Subr   1016                                                                                             
 H                          Local  1077     R(8)            8     2     1        ALC              1077,1083                         
 I                          Local  1085     I(4)            4           scalar                    1085,1087,1094,1095,1096,1122,1123
                                                                                                  ,1128,1129,1135,1142,1144,1148,114
                                                                                                  9,1173                            
 II                         Local  1026     I(4)            4           scalar                    1195,1196,1200,1203,1206,1209     
 INTERCONST                 Subr   1042                                                           1042                              
 INTERFLOWF                 Subr   1043                                                           1043                              
 JB                         Local  1048     I(4)            4           scalar                    1048,1052,1053,1056,1057,1065,1066
                                                                                                  ,1068,1070,1073,1074,1085,1147,118

Page 46          Source Listing                  GRIDPLOT
2026-03-30 08:48 Symbol Table                    ..\..\..\particle.f90

 Name                       Object Declared Type            Bytes Dimen Elements Attributes       References                        
                                                                                                                                    
                                                                                                  1,1183,1184,1185,1186,1187,1195,12
                                                                                                  01,1204,1207,1210,1218,1219       
 JDAY                       Local  1070     R(8)            8           scalar                    1070,1074                         
 K                          Local  1026     I(4)            4           scalar                    1082,1083,1087,1093,1095,1096,1101
                                                                                                  ,1122,1123,1128,1129,1135,1141,114
                                                                                                  4,1148,1149                       
 KBI                        Local  1021     I(4)            4     1     1        ALC              1021,1087,1196                    
 KK                         Local  1026     I(4)            4           scalar                    1194,1196,1199,1202,1205,1208     
 KMX                        Local  1082     I(4)            4           scalar                    1082,1194                         
 KTWB                       Local  1101     I(4)            4     1     1        ALC              1101,1122,1123,1141               
 MAIN                       Module 1021                                                           1021                              
 MILTIME                    Local  1103     R(4)            4           scalar                    1103,1104,1106,1107,1109,1110,1112
                                                                                                  ,1113                             
 NBR                        Local  1039     I(4)            4           scalar                    1039                              
 ND                         Local  1026     I(4)            4           scalar                    1198,1199,1200,1201,1202,1203,1204
                                                                                                  ,1205,1206,1207,1208,1209,1210    
 NDINFO                     Local  1091     I(4)            4     2     1        ALC              1091,1092,1093,1094,1199,1200,1201
                                                                                                  ,1202,1203,1204,1205,1206,1207,120
                                                                                                  8,1209,1210                       
 NIT                        Local  1037     I(4)            4           scalar                    1037,1051,1180                    
 NN                         Local  1025     I(4)            4           scalar                    1044,1078,1088,1091,1092,1093,1094
                                                                                                  ,1097,1198                        
 NNLAST                     Local  1025     I(4)            4           scalar                    1078,1079,1198                    
 NODES                      Local  1095     R(4)            4     3     1        ALC              1095,1096                         
 NWB                        Local  1046     I(4)            4           scalar                    1046                              
 RESTART_IN                 Local  1021     L(4)            4           scalar                    1021,1037                         
 SCREENC                    Module 1021                                                           1021                              
 SHOWSKY                    Local  1102     L(4)            4           scalar                    1102                              
 SKYDAWN                    Local  1104     R(4)            4           scalar                    1104,1106                         
 SKYDAY                     Local  1107     R(4)            4           scalar                    1107,1109                         
 SKYDUSK                    Local  1110     R(4)            4           scalar                    1110,1112                         
 SKYNIGHT                   Local  1103     R(4)            4           scalar                    1103,1113                         
 TOTBRNN                    Local  1039     I(4)            4     1     1        ALC,SAVE         1039,1070,1074,1219               
 TOTELE                     Local  1039     I(4)            4     1     1        ALC,SAVE         1039,1070,1074,1183,1218          
 TOTNN                      Local  1027     I(4)            4           scalar                    1097                              
 US                         Local  1085     I(4)            4     1     1        ALC              1085,1195                         
 VERTFLOW                   Local  1029     R(4)            4           scalar                    1130,1132,1135,1148               
 VVELCAP                    Local  1128     R(4)            4           scalar                    1128,1130,1132                    
 WATER                      Local  1025     I(4)            4           scalar                    1105,1108,1111,1114,1120,1125,1147
 WB                         Local  1025     I(4)            4           scalar                    1046,1048,1077,1083,1101,1122,1123
                                                                                                  ,1127,1141,1182                   
 WBRUN                      Local  1127     I(4)            4           scalar                    1127,1182                         
 WBSKIP                     Local  1127     L(4)            4           scalar                    1127,1182                         
 WQFIELD                    Local  1122     R(4)            4     3     1        ALC              1122,1123,1149                    
 XDIST                      Local  1029     R(4)            4           scalar                    1084,1095,1147,1173               
 ZDIST                      Local  1029     R(4)            4           scalar                    1077,1083,1096,1142,1144,1147     

Page 47          Source Listing                  GRIDPLOT
2026-03-30 08:48                                 ..\..\..\particle.f90

   1235 
   1236 
   1237 !***********************************************************************
   1238 !***********************************************************************
   1239 !*                                                                    **
   1240 !* I N T E R P O L A T   A L G O R I T H M - C O N S T I T U E N T S  **
   1241 !*                                                                    **
   1242 !***********************************************************************
   1243 !***********************************************************************
   1244 !    1                   2                                        3    *
   1245 !     O-------------------O----------------------------------------O   *
   1246 !     |                   |                                        |   *
   1247 !     |                   |                                        |   *
   1248 !     |                   |                                        |   *
   1249 !     |         +         |                    +                   |   *
   1250 !     |                   |                                        |   *
   1251 !     |                   |                                        |   *
   1252 !    4|                  5|                                       6|   *
   1253 !     O-------------------O----------------------------------------O   *
   1254 !     |                   |                                        |   *
   1255 !     |                   |                                        |   *
   1256 !     |         +         |                    +                   |   *
   1257 !     |                   |                                        |   *
   1258 !    7|                  8|                                       9|   *
   1259 !     O-------------------O----------------------------------------O   *
   1260 !                                                                      *
   1261 !     + = Constituent Information Given in W2                          *
   1262 !     O = Node where Information is Needed for TecPlot Purposes        *
   1263 !                                                                      *
   1264 !***********************************************************************
   1265 !  This Subroutine Calls No Other Subroutines
   1266 
   1267       SUBROUTINE INTERCONST
   1268 
   1269       Use FISHY; USE GLOBAL; Use GEOMC; Use SCREENC; USE KINETIC; USE MAIN, ONLY: KBI
   1270       
   1271       IMPLICIT NONE
   1272 
   1273       REAL        DV,DW,DX,DY
   1274       REAL        H1T,H2T,H3T,H4T,H1DO,H2DO,H3DO,H4DO
   1275       REAL        XRANGE,YRANGE
   1276 
   1277       INTEGER     WB,NN,K,KK,II
   1278 
   1279 
   1280       NN = 0                                                       ! NN = Global Node # (UpperLeft Corner of cell(K,I))
   1281 !DO 127 WB=1,NWB                                              ! WB = Water Body # / NWB = Total # of Water Bodies
   1282       DO WB=1,NWB
   1283           DO JB=BS(WB),BE(WB)
   1284               DO K=2,KMX
   1285                   DO I=US(JB),DS(JB)+1
   1286 !DO 128 JB=BS(WB),BE(WB)                                    ! JB = Branch #
   1287 !  DO 129 K=2,KMX                                           ! K = Layer #
   1288 !    DO 130 I=US(JB),(DS(JB)+1)                         ! I = Segment #  changed from us to cus sw 5/2015
   1289               IF ((K-1.LE.KBI(I)).OR.(K-1.LE.KBI(I-1))) THEN         ! All Nodes at or above Water Body Bottom,  KBI IS INIT
   1289 IAL KB  !((K-1.LE.KB(I)).OR.(K-1.LE.KB(I-1))) THEN
   1290                 NN = NN + 1                                        ! PRE-CHECK CALCULATION

Page 48          Source Listing                  INTERCONST
2026-03-30 08:48                                 ..\..\..\particle.f90

   1291                 KK = NDINFO(NN,3)                                  ! PRE-CHECK CALCULATION
   1292                 II = NDINFO(NN,4)                                  ! PRE-CHECK CALCULATION
   1293                 IF ((I.NE.II).OR.(K.NE.KK)) THEN                   ! CHECK
   1294                   
   1295                   IF (DEBUG)THEN
   1296                   WRITE(DATADEBUGFN,*) 'ERROR: Nodes not matching up for Constituent Interpolation'
   1297                   write(DATADEBUGFN,*)'JDAY=',jday
   1298                   write(DATADEBUGFN,*)'Waterbody=',wb,' Branch JB=', JB
   1299                   write(DATADEBUGFN,*)'NN=',nn,' kk=',kk,' ii=',ii,' k=',k,' i=',i
   1300                   ENDIF
   1301 !STOP
   1302 !ELSE
   1303                 END IF
   1304 
   1305 ! LINEAR INTERPOLATION for Boundary Nodes; those analogous to Node 5 use Bilinear Splines below
   1306                 IF (K.LT.KTWB(WB)) THEN                                  !Above Water Surface
   1307                   WQFIELD(K,I,1) = 0.0
   1308                   WQFIELD(K,I,2) = 0.0
   1309                 ELSE IF ((K.EQ.KTWB(WB)).AND.(I.EQ.US(JB))) THEN       !Analogous to Node 1 above
   1310                   WQFIELD(K,I,1) = T2(K,I)
   1311                   WQFIELD(K,I,2) = O2(K,I)
   1312                 ELSE IF ((K.EQ.KTWB(WB)).AND.(I.EQ.DS(JB)+1)) THEN     !Analogous to Node 3 above
   1313                   WQFIELD(K,I,1) = T2(K,I-1)
   1314                   WQFIELD(K,I,2) = O2(K,I-1)
   1315                 ELSE IF (K.EQ.KTWB(WB)) THEN                             !Analogous to Node 2 above
   1316                   XRANGE = .5*DLX(I-1)+.5*DLX(I)
   1317                   WQFIELD(K,I,1) = (T2(K,I-1)*(XRANGE-.5*DLX(I-1))+ T2(K,I)*(XRANGE-.5*DLX(I)))/XRANGE
   1318                   WQFIELD(K,I,2) = (O2(K,I-1)*(XRANGE-.5*DLX(I-1))+O2(K,I)*(XRANGE-.5*DLX(I)))/XRANGE
   1319                 ELSE IF ((K.EQ.KBI(I)+1).AND.(I.EQ.US(JB))) THEN       !Analogous to Node 7 above                   K.EQ.KB(
   1319 I)+1).AND.(I.EQ.US(JB)))
   1320                   WQFIELD(K,I,1) = T2(K-1,I)
   1321                   WQFIELD(K,I,2) = O2(K-1,I)
   1322                 ELSE IF ((K.EQ.KBI(I)+1).AND.(I.EQ.DS(JB)+1)) THEN     !Analogous to Node 9 above                    K.EQ.KB
   1322 (I)+1).AND.(I.EQ.DS(JB)+1))
   1323                   WQFIELD(K,I,1) = T2(K-1,I-1)
   1324                   WQFIELD(K,I,2) = O2(K-1,I-1)
   1325                 ELSE IF (K.EQ.KBI(I)+1) THEN                             !Analogous to Node 8 above                (K.EQ.KB(
   1325 I)+1)
   1326                   IF(KB(I) /= KBI(I))THEN
   1327                     WQFIELD(K,I,1) = T2(KTWB(WB),I-1)   ! SW 8/20/2018 IN CASE OF LOWERING OF RIVER WATER LEVEL BECAUSE OF A
   1327  "NOTCH"
   1328                     WQFIELD(K,I,2) = O2(KTWB(WB),I-1)
   1329                   ELSE
   1330                   XRANGE = .5*DLX(I-1)+.5*DLX(I)
   1331                   WQFIELD(K,I,1) = (T2(K-1,I-1)*(XRANGE-.5*DLX(I-1))+&
   1332                                    T2(K-1,I)*(XRANGE-.5*DLX(I)))/XRANGE
   1333                   WQFIELD(K,I,2) = (O2(K-1,I-1)*(XRANGE-.5*DLX(I-1))+&
   1334                                    O2(K-1,I)*(XRANGE-.5*DLX(I)))/XRANGE
   1335                   ENDIF
   1336                 ELSE IF (I.EQ.US(JB)) THEN                            !Analogous to Node 4 above
   1337                   YRANGE = .5*H(K-1,WB)+.5*H(K,WB)
   1338                   WQFIELD(K,I,1) = (T2(K-1,I)*(YRANGE-.5*H(K-1,WB))+&
   1339                                     T2(K,I)*(YRANGE-.5*H(K,WB)))/YRANGE
   1340                   WQFIELD(K,I,2) = (O2(K-1,I)*(YRANGE-.5*H(K-1,WB))+&
   1341                                     O2(K,I)*(YRANGE-.5*H(K,WB)))/YRANGE
   1342                 ELSE IF (I.EQ.DS(JB)+1) THEN                          !Analogous to Node 6 above
   1343                   YRANGE = .5*H(K-1,WB)+.5*H(K,WB)

Page 49          Source Listing                  INTERCONST
2026-03-30 08:48                                 ..\..\..\particle.f90

   1344                   WQFIELD(K,I,1) = (T2(K-1,I-1)*(YRANGE-.5*H(K-1,WB))+&
   1345                                    T2(K,I-1)*(YRANGE-.5*H(K,WB)))/&
   1346                                    YRANGE
   1347                   WQFIELD(K,I,2) = (O2(K-1,I-1)*(YRANGE-.5*H(K-1,WB))+&
   1348                                    O2(K,I-1)*(YRANGE-.5*H(K,WB)))/&
   1349                                    YRANGE
   1350                 ELSE                                               ! Analogous to Node 5 above (i.e., in the middle)
   1351 ! Begin Bilinear Spline Interpolation Algorithm (Algorithm obtained from "TWO DIMENSIONAL SPLINE INTERPOLATION
   1352 !                                                ALGORITHMS - Author: Helmuth Spath")
   1353                   DV = 0.0-(-0.5*DLX(I-1))           ! 0.0 = X-coord of the desired interpolated location
   1354                   DW = 0.0-(-0.5*H(K-1,WB))             ! 0.0 = Y-coord of the desired interpolated location
   1355                   DX = 0.5*DLX(I)-(-0.5*DLX(I-1))
   1356                   DY = 0.5*H(K,WB)-(-0.5*H(K-1,WB))
   1357                   H1T = T2(K-1,I-1)                  ! H1T,H2T,H3T,H4T = Value of Temperature at 4 cell centers as
   1358                   H2T = T2(K-1,I)                    !   established in W2
   1359                   H3T = T2(K,I-1)
   1360                   H4T = T2(K,I)
   1361                   H1DO = O2(K-1,I-1)                 ! H1DO,H2DO,H3DO,H4DO = Value of Diss. Oxyg. at 4 cell centers as
   1362                   H2DO = O2(K-1,I)                   !   established in W2
   1363                   H3DO = O2(K,I-1)
   1364                   H4DO = O2(K,I)
   1365                   WQFIELD(K,I,1) = H1T+(H2T-H1T)/DX*DV+(H3T-H1T)  &                ! Temperature at grid node
   1366                           /DY*DW+(H4T-H3T-H2T+H1T)/(DX*DY)*DV*DW
   1367                   WQFIELD(K,I,2) = H1DO+(H2DO-H1DO)/DX*DV+(H3DO-H1DO) &            ! Dissolved Oxygen at grid node
   1368                           /DY*DW+(H4DO-H3DO-H2DO+H1DO)/(DX*DY)*DV*DW
   1369 ! End Bilinear Spline Interpolation Algorithm
   1370                 END IF
   1371 
   1372 
   1373 !ELSE
   1374               END IF
   1375 !130       CONTINUE
   1376 !129     CONTINUE
   1377 !128   CONTINUE
   1378 !127 CONTINUE
   1379     ENDDO
   1380     ENDDO
   1381     ENDDO
   1382     ENDDO
   1383     
   1384 
   1385       RETURN
   1386       END

Page 50          Source Listing                  INTERCONST
2026-03-30 08:48 Entry Points                    ..\..\..\particle.f90



ENTRY POINTS

 Address      Type  Name       
                               
       INTERCONST              


SYMBOL CROSS REFERENCE

 Name                       Object Declared Type            Bytes Dimen Elements Attributes       References                        
                                                                                                                                    
 BE                         Local  1283     I(4)            4     1     1        ALC              1283                              
 BS                         Local  1283     I(4)            4     1     1        ALC              1283                              
 DATADEBUGFN                Local  1296     I(4)            4           scalar                    1296,1297,1298,1299               
 DEBUG                      Local  1295     L(4)            4           scalar                    1295                              
 DLX                        Local  1316     R(8)            8     1     1        ALC              1316,1317,1318,1330,1331,1332,1333
                                                                                                  ,1334,1353,1355                   
 DS                         Local  1285     I(4)            4     1     1        ALC              1285,1312,1322,1342               
 DV                         Local  1273     R(4)            4           scalar                    1353,1365,1366,1367,1368          
 DW                         Local  1273     R(4)            4           scalar                    1354,1366,1368                    
 DX                         Local  1273     R(4)            4           scalar                    1355,1365,1366,1367,1368          
 DY                         Local  1273     R(4)            4           scalar                    1356,1366,1368                    
 FISHY                      Module 1269                                                           1269                              
 GEOMC                      Module 1269                                                           1269                              
 GLOBAL                     Module 1269                                                           1269                              
 H                          Local  1337     R(8)            8     2     1        ALC              1337,1338,1339,1340,1341,1343,1344
                                                                                                  ,1345,1347,1348,1354,1356         
 H1DO                       Local  1274     R(4)            4           scalar                    1361,1367,1368                    
 H1T                        Local  1274     R(4)            4           scalar                    1357,1365,1366                    
 H2DO                       Local  1274     R(4)            4           scalar                    1362,1367,1368                    
 H2T                        Local  1274     R(4)            4           scalar                    1358,1365,1366                    
 H3DO                       Local  1274     R(4)            4           scalar                    1363,1367,1368                    
 H3T                        Local  1274     R(4)            4           scalar                    1359,1365,1366                    
 H4DO                       Local  1274     R(4)            4           scalar                    1364,1368                         
 H4T                        Local  1274     R(4)            4           scalar                    1360,1366                         
 I                          Local  1285     I(4)            4           scalar                    1285,1289,1293,1299,1307,1308,1309
                                                                                                  ,1310,1311,1312,1313,1314,1316,131
                                                                                                  7,1318,1319,1320,1321,1322,1323,13
                                                                                                  24,1325,1326,1327,1328,1330,1331,1
                                                                                                  332,1333,1334,1336,1338,1339,1340,
                                                                                                  1341,1342,1344,1345,1347,1348,1353
                                                                                                  ,1355,1357,1358,1359,1360,1361,136
                                                                                                  2,1363,1364,1365,1367             
 II                         Local  1277     I(4)            4           scalar                    1292,1293,1299                    
 INTERCONST                 Subr   1267                                                                                             
 JB                         Local  1283     I(4)            4           scalar                    1283,1285,1298,1309,1312,1319,1322
                                                                                                  ,1336,1342                        
 JDAY                       Local  1297     R(8)            8           scalar                    1297                              
 K                          Local  1277     I(4)            4           scalar                    1284,1289,1293,1299,1306,1307,1308
                                                                                                  ,1309,1310,1311,1312,1313,1314,131
                                                                                                  5,1317,1318,1319,1320,1321,1322,13
                                                                                                  23,1324,1325,1327,1328,1331,1332,1
                                                                                                  333,1334,1337,1338,1339,1340,1341,
                                                                                                  1343,1344,1345,1347,1348,1354,1356
                                                                                                  ,1357,1358,1359,1360,1361,1362,136

Page 51          Source Listing                  INTERCONST
2026-03-30 08:48 Symbol Table                    ..\..\..\particle.f90

 Name                       Object Declared Type            Bytes Dimen Elements Attributes       References                        
                                                                                                                                    
                                                                                                  3,1364,1365,1367                  
 KB                         Local  1326     I(4)            4     1     1        ALC              1326                              
 KBI                        Local  1269     I(4)            4     1     1        ALC              1269,1289,1319,1322,1325,1326     
 KINETIC                    Module 1269                                                           1269                              
 KK                         Local  1277     I(4)            4           scalar                    1291,1293,1299                    
 KMX                        Local  1284     I(4)            4           scalar                    1284                              
 KTWB                       Local  1306     I(4)            4     1     1        ALC              1306,1309,1312,1315,1327,1328     
 MAIN                       Module 1269                                                           1269                              
 NDINFO                     Local  1291     I(4)            4     2     1        ALC              1291,1292                         
 NN                         Local  1277     I(4)            4           scalar                    1280,1290,1291,1292,1299          
 NWB                        Local  1282     I(4)            4           scalar                    1282                              
 O2                         Local  1311     R(8)            8     2     1        PTR              1311,1314,1318,1321,1324,1328,1333
                                                                                                  ,1334,1340,1341,1347,1348,1361,136
                                                                                                  2,1363,1364                       
 SCREENC                    Module 1269                                                           1269                              
 T2                         Local  1310     R(8)            8     2     1        PTR              1310,1313,1317,1320,1323,1327,1331
                                                                                                  ,1332,1338,1339,1344,1345,1357,135
                                                                                                  8,1359,1360                       
 US                         Local  1285     I(4)            4     1     1        ALC              1285,1309,1319,1336               
 WB                         Local  1277     I(4)            4           scalar                    1282,1283,1298,1306,1309,1312,1315
                                                                                                  ,1327,1328,1337,1338,1339,1340,134
                                                                                                  1,1343,1344,1345,1347,1348,1354,13
                                                                                                  56                                
 WQFIELD                    Local  1307     R(4)            4     3     1        ALC              1307,1308,1310,1311,1313,1314,1317
                                                                                                  ,1318,1320,1321,1323,1324,1327,132
                                                                                                  8,1331,1333,1338,1340,1344,1347,13
                                                                                                  65,1367                           
 XRANGE                     Local  1275     R(4)            4           scalar                    1316,1317,1318,1330,1331,1332,1333
                                                                                                  ,1334                             
 YRANGE                     Local  1275     R(4)            4           scalar                    1337,1338,1339,1340,1341,1343,1344
                                                                                                  ,1345,1346,1347,1348,1349         

Page 52          Source Listing                  INTERCONST
2026-03-30 08:48                                 ..\..\..\particle.f90

   1387 
   1388 
   1389 !***********************************************************************
   1390 !***********************************************************************
   1391 !*                                                                    **
   1392 !*  I N T E R P O L A T    A L G O R I T H M  -  F L O W   F I E L D  **
   1393 !*                                                                    **
   1394 !***********************************************************************
   1395 !***********************************************************************
   1396 !    1                   2                                        3    *
   1397 !     O--------[VV]-------O------------------[VV]------------------O   *
   1398 !     |                   |                                        |   *
   1399 !     |                   |                                        |   *
   1400 !     |                   |                                        |   *
   1401 !    [HV]                [HV]                                     [HV] *
   1402 !     |                   |                                        |   *
   1403 !     |                   |                                        |   *
   1404 !    4|                  5|                                       6|   *
   1405 !     O--------[VV]-------O------------------[VV]------------------O   *
   1406 !     |                   |                                        |   *
   1407 !     |                   |                                        |   *
   1408 !    [HV]                [HV]                                     [HV] *
   1409 !     |                   |                                        |   *
   1410 !    7|                  8|                                       9|   *
   1411 !     O--------[VV]-------O------------------[VV]------------------O   *
   1412 !                                                                      *
   1413 !     [HV] = Horizontal Velocity Given                                 *
   1414 !     [VV] = Vertical Velocity Given                                   *
   1415 !      O   = Node where Information is Needed for TecPlot Purposes     *
   1416 !                                                                      *
   1417 !***********************************************************************
   1418 
   1419 !  This Subroutine Calls No Other Subroutines
   1420 
   1421 
   1422       SUBROUTINE INTERFLOWF
   1423 
   1424       Use FISHY; USE GLOBAL; Use GEOMC; Use SCREENC; USE MAIN, ONLY: KBI
   1425       IMPLICIT NONE
   1426       
   1427       REAL        UVERT,HVERT,WHORZ,DLXHO
   1428       REAL        XV,FDDU,FDDW,LASTJDAY
   1429       REAL        XRANGE,YRANGE
   1430 
   1431       INTEGER     WB,NN,KK,II
   1432       INTEGER     N,JJZ,J,K
   1433 
   1434       PARAMETER(N=3)                            ! The order of the Newton Interpolating Polynomial
   1435 
   1436       SAVE        LASTJDAY
   1437 
   1438       DIMENSION   UVERT(N+1),HVERT(N+1),WHORZ(N+1),DLXHO(N+1),FDDU(N+1,N+1),FDDW(N+1,N+1)
   1439                   
   1440       NN = 0                                                       ! NN = Global Node # (UpperLeft Corner of cell(K,I))
   1441 ! WB = Water Body # / NWB = Total # of Water Bodies
   1442       DO WB=1,NWB
   1443 ! JB = Branch #

Page 53          Source Listing                  INTERFLOWF
2026-03-30 08:48                                 ..\..\..\particle.f90

   1444           DO JB=BS(WB),BE(WB)
   1445 ! K = Layer #
   1446               DO K=2,KMX
   1447 ! I = Segment #  SW 5/2015
   1448                DO I=US(JB),DS(JB)+1
   1449               IF ((K-1.LE.KBI(I)).OR.(K-1.LE.KBI(I-1))) THEN         ! All Nodes at or above Water Body Bottom     ((K-1.LE.
   1449 KB(I)).OR.(K-1.LE.KB(I-1)))
   1450                 NN = NN + 1                                        ! PRE-CHECK CALCULATION
   1451                 KK = NDINFO(NN,3)                                  ! PRE-CHECK CALCULATION
   1452                 II = NDINFO(NN,4)                                  ! PRE-CHECK CALCULATION
   1453                 IF ((I.NE.II).OR.(K.NE.KK)) THEN 
   1454                  IF (DEBUG)THEN      ! CHECK
   1455                   WRITE(DATADEBUGFN,*) 'ERROR: Nodes not matching up for Flowfield Interpolation'
   1456                   write(DATADEBUGFN,*)'WB=',wb,' JB=', JB
   1457                   write(DATADEBUGFN,*)'NN=',nn,' kk=',kk,' ii=',ii,' k=',k,' i=',i
   1458                 ENDIF
   1459 !STOP
   1460 !ELSE
   1461                 END IF
   1462 
   1463 !LINEAR INTERPOLATION of the Flow Field (i.e. Velocities)
   1464                 IF (LINEAR) THEN              ! LINEAR INTERPOLATION
   1465                   IF (K.LT.KTWB(WB)) THEN                           !Above Water Surface
   1466                     IF(K < KTI(I))THEN   ! SW 12/12/2018
   1467                     FLOWFIELD(K,I,1) = U(KTWB(WB),I-1)         ! SW 12/26/2018 was =0 before      !   Horiz. Vel.   IN AIR s
   1467 hould still be in the upper layer - nothing goes up into the air - corrected soon by BC
   1468                     FLOWFIELD(K,I,2) = 0.0                         !   Vert.  Vel.
   1469                     ELSE 
   1470                     FLOWFIELD(K,I,1) = U(KTWB(WB),I-1)             !   Horiz. Vel.  NOT IN AIR  SW 12/12/2018
   1471                     FLOWFIELD(K,I,2) = 0.0                         !   Vert.  Vel.
   1472                     ENDIF
   1473                   ELSE IF (K.EQ.KTWB(WB)) THEN                      !At Water Surface
   1474                     FLOWFIELD(K,I,1) = U(K,I-1)                    !   Horiz. Vel.
   1475                     FLOWFIELD(K,I,2) = 0.0                         !   Vert.  Vel.
   1476                   ELSE IF (K.EQ.KBI(I)+1) THEN                      !Water Body Bottom    (K.EQ.KB(I)+1)
   1477                     IF(KB(I) /= KBI(I))THEN
   1478                         FLOWFIELD(K,I,1) = U(KTWB(WB),I-1)    ! IN CASE WATER LEVELS ARE LOWERED IN A RIVER BELOW KB SW 8/20
   1478 /2018
   1479                         FLOWFIELD(K,I,2) = 0.0
   1480                     ELSE
   1481                         FLOWFIELD(K,I,1) = U(K-1,I-1)
   1482                         FLOWFIELD(K,I,2) = 0.0
   1483                     ENDIF
   1484                     
   1485                   ELSE IF (I.EQ.US(JB)) THEN                     !Upstream-most Nodes
   1486                     YRANGE = .5*H(K-1,WB)+.5*H(K,WB)
   1487                     FLOWFIELD(K,I,1) = (U(K-1,I-1)*(YRANGE-&
   1488                       .5*H(K-1,WB)) + U(K,I-1)*(YRANGE-.5*H(K,WB)))&
   1489                       /YRANGE
   1490                     FLOWFIELD(K,I,2) = W(K-1,I)
   1491                   ELSE IF (I.EQ.DS(JB)+1) THEN                   !Downstream-most Nodes
   1492                     YRANGE = .5*H(K-1,WB)+.5*H(K,WB)
   1493                     FLOWFIELD(K,I,1) = (U(K-1,I-1)*(YRANGE-&
   1494                       .5*H(K-1,WB)) + U(K,I-1)*(YRANGE-.5*H(K,WB)))&
   1495                       /YRANGE
   1496                     FLOWFIELD(K,I,2) = W(K-1,I-1)
   1497                   ELSE                                             !Analogous to Node 5 above (i.e., in the middle)

Page 54          Source Listing                  INTERFLOWF
2026-03-30 08:48                                 ..\..\..\particle.f90

   1498                     YRANGE = .5*H(K-1,WB)+.5*H(K,WB)
   1499                     FLOWFIELD(K,I,1) = (U(K-1,I-1)*(YRANGE-&
   1500                       .5*H(K-1,WB)) + U(K,I-1)*(YRANGE-.5*H(K,WB)))&
   1501                       /YRANGE
   1502                     XRANGE = .5*DLX(I-1)+.5*DLX(I)
   1503                     FLOWFIELD(K,I,2) = ((W(K-1,I-1)*(XRANGE-&
   1504                       .5*DLX(I-1)) + W(K-1,I)*(XRANGE-.5*DLX(I)))&
   1505                       /XRANGE)
   1506                   END IF
   1507                 ELSE
   1508 
   1509 !3rd ORDER NEWTON INTERPOLATING POLYNOMIAL used for interpolation of the Flow Field (i.e. Velocities)
   1510 !                                                 1
   1511 !                   O-----[VV]----O------[VV]------O-----[VV]----O------[VV]------O
   1512 !                   |             |                |             |                |
   1513 !                   |             |                |             |                |
   1514 !                  [HV]          [HV]             [HV]          [HV]             [HV]
   1515 !                   |             |                |             |                |
   1516 !                   |             |               2|             |                |
   1517 !                   O-----[VV]----O------[VV]------O-----[VV]----O------[VV]------O
   1518 !                   |             |                |             |                |
   1519 !                   |             |                |             |                |
   1520 !                  [HV]          [HV]             [HV]          [HV]             [HV]
   1521 !                   |             |                |             |                |
   1522 !                  1|            2|                |            3|               4|
   1523 !                   O-----[VV]----O------[VV]------X-----[VV]----O------[VV]------O
   1524 !                   |             |                |             |                |
   1525 !                   |             |                |             |                |
   1526 !                  [HV]          [HV]             [HV]  (K,I)   [HV]             [HV]
   1527 !                   |             |                |             |                |
   1528 !                   |             |               3|             |                |
   1529 !                   O-----[VV]----O------[VV]------O-----[VV]----O------[VV]------O
   1530 !                   |             |                |             |                |
   1531 !                   |             |                |             |                |
   1532 !                  [HV]          [HV]             [HV]          [HV]             [HV]
   1533 !                   |             |                |             |                |
   1534 !                   |             |               4|             |                |
   1535 !                   O-----[VV]----O------[VV]------O-----[VV]----O------[VV]------O
   1536 !
   1537                   XV = 0.0                          ! Location (X ABOVE) of Interpolated Velocity (both U & W)
   1538                   IF (K-1.LT.KTWB(WB)) THEN          !Both Top Nodes are above Water Surface
   1539                     UVERT(1) = U(K,I-1)             ! This Preserves the Horizontal Velocity at the Water Surface
   1540                     UVERT(2) = U(K,I-1)             ! This Preserves the Horizontal Velocity at the Water Surface
   1541                     HVERT(1) = -H(K,WB)/10000.          ! Arbitrary value
   1542                     HVERT(2) = -H(K,WB)/10001.          ! Arbitrary value
   1543                   ELSE IF (K-2.LT.KTWB(WB)) THEN     !Only Top-most Node above Water Surface
   1544                     UVERT(1) = U(K-1,I-1)           ! This Preserves the Horizontal Velocity at the Water Surface
   1545                     UVERT(2) = U(K-1,I-1)
   1546                     HVERT(1) = -H(K-1,WB)              ! Arbitrary value
   1547                     HVERT(2) = -0.5*H(K-1,WB)
   1548                   ELSE                              !Both Top Nodes exist
   1549                     UVERT(1) = U(K-2,I-1)
   1550                     UVERT(2) = U(K-1,I-1)
   1551                     HVERT(1) = -H(K-1,WB)-0.5*H(K-2,WB)
   1552                     HVERT(2) = -0.5*H(K-1,WB)
   1553                   END IF
   1554                   IF (K.GT.KB(I)) THEN              !Both Bottom Nodes are below Water Body Bottom   12/12/2018 Change back 

Page 55          Source Listing                  INTERFLOWF
2026-03-30 08:48                                 ..\..\..\particle.f90

   1554 to KB USE KBI SW 8/2018
   1555                     UVERT(3) = 0.0                    ! Helps satisfy no-slip condition on bottom (i.e., U=0)
   1556                     UVERT(4) = 0.0                    ! Helps satisfy no-slip condition on bottom (i.e., U=0)
   1557                     HVERT(3) = H(K-1,WB)/10001.         ! Arbitrary value
   1558                     HVERT(4) = H(K-1,WB)/10000.         ! Arbitrary value
   1559                   ELSE IF (K+1.GT.KB(I)) THEN       !Only Bottom-most Node below Water Body Bottom   12/12/2018 Change back 
   1559 to KB  USE KBI SW 8/2018
   1560                     UVERT(3) = U(K,I-1)
   1561                     UVERT(4) = 0.0                    ! Helps satisfy no-slip condition on bottom (i.e., U=0)
   1562                     HVERT(3) = 0.5*H(K,WB)
   1563                     HVERT(4) = H(K,WB)                 ! Helps satisfy no-slip condition on bottom (i.e., U=0)
   1564                   ELSE                              !Both Bottom Nodes exist
   1565                     UVERT(3) = U(K,I-1)
   1566                     UVERT(4) = U(K+1,I-1)
   1567                     HVERT(3) = 0.5*H(K,WB)
   1568                     HVERT(4) = H(K,WB)+0.5*H(K+1,WB)
   1569                   END IF
   1570                   IF (I-1.LT.US(JB)) THEN         !Both Left Nodes are Upstream of Water Body
   1571                     WHORZ(1) = 0.0                    ! Helps satisfy no-slip condition at Upstream Boundary
   1572                     WHORZ(2) = 0.0                    ! Helps satisfy no-slip condition at Upstream Boundary
   1573                     DLXHO(1) = -DLX(I)/10000.        ! Arbitrary value
   1574                     DLXHO(2) = -DLX(I)/10001.        ! Arbitrary value
   1575                   ELSE IF (I-2.LT.US(JB)) THEN    !Only Left-most Node Upstream of Water Body
   1576                     WHORZ(1) = 0                    ! Helps satisfy no-slip condition at Upstream Boundary
   1577                     WHORZ(2) = W(K-1,I-1)
   1578                     DLXHO(1) = -DLX(I-1)            ! Arbitrary value
   1579                     DLXHO(2) = -0.5*DLX(I-1)
   1580                   ELSE                              !Both Upstream Nodes exist
   1581                     WHORZ(1) = W(K-1,I-2)
   1582                     WHORZ(2) = W(K-1,I-1)
   1583                     DLXHO(1) = -DLX(I-1)-0.5*DLX(I-2)
   1584                     DLXHO(2) = -0.5*DLX(I-1)
   1585                   END IF
   1586                   IF (I.GT.DS(JB)) THEN           !Both Right Nodes are Downstream of Water Body
   1587                     WHORZ(3) = 0                    ! Helps satisfy no-slip condition at Downstream Boundary
   1588                     WHORZ(4) = 0                    ! Helps satisfy no-slip condition at Downstream Boundary
   1589                     DLXHO(3) = DLX(I-1)/10001       ! Arbitrary value
   1590                     DLXHO(4) = DLX(I-1)/10000       ! Arbitrary value
   1591                   ELSE IF (I+1.GT.DS(JB)) THEN    !Only Right-most Node Downstream of Water Body
   1592                     WHORZ(3) = W(K-1,I)
   1593                     WHORZ(4) = 0                    ! Helps satisfy no-slip condition at Downstream Boundary
   1594                     DLXHO(3) = 0.5*DLX(I)
   1595                     DLXHO(4) = DLX(I)               ! Arbitrary value
   1596                   ELSE                              !Both Downstream Nodes exist
   1597                     WHORZ(3) = W(K-1,I)
   1598                     WHORZ(4) = W(K-1,I+1)
   1599                     DLXHO(3) = 0.5*DLX(I)
   1600                     DLXHO(4) = DLX(I)+0.5*DLX(I+1)
   1601                   END IF
   1602 ! Begin Newton Interpolating Polynomial Algorithm(Algorithm obtained from "NUMERICAL METHODS for Engineers -
   1603 !                                                 Authors: Steven Chapra & Raymond Canale")
   1604                   DO JJZ=1,N+1
   1605                     FDDU(JJZ,1) = UVERT(JJZ)
   1606                     FDDW(JJZ,1) = WHORZ(JJZ)
   1607                   END DO
   1608                   DO J=2,N+1
   1609                     DO JJZ=1,(N+1-J)+1

Page 56          Source Listing                  INTERFLOWF
2026-03-30 08:48                                 ..\..\..\particle.f90

   1610                       FDDU(JJZ,J)=(FDDU(JJZ+1,J-1)-FDDU(JJZ,J-1))/(HVERT(JJZ+J-1)-HVERT(JJZ))
   1611                       FDDW(JJZ,J)=(FDDW(JJZ+1,J-1)-FDDW(JJZ,J-1))/(DLXHO(JJZ+J-1)-DLXHO(JJZ))
   1612                     END DO
   1613                   END DO
   1614                   IF (K.LT.KTWB(WB)) THEN                           !Above Water Surface
   1615                     FLOWFIELD(K,I,1) = 0.0                         ! Horiz. Vel.
   1616                     FLOWFIELD(K,I,2) = 0.0                         ! Vert.  Vel. - Original Vert Vel from W2 are in millimet
   1616 ers
   1617                   ELSE
   1618                     FLOWFIELD(K,I,1) = FDDU(1,1)+FDDU(1,2)*&
   1619                          (XV-HVERT(1))+FDDU(1,3)*(XV-HVERT(1))*&
   1620                          (XV-HVERT(2))+FDDU(1,4)*(XV-HVERT(1))*&
   1621                          (XV-HVERT(2))*(XV-HVERT(3))
   1622                     FLOWFIELD(K,I,2) = (FDDW(1,1)+FDDW(1,2)*&
   1623                          (XV-DLXHO(1))+FDDW(1,3)*(XV-DLXHO(1))*&
   1624                          (XV-DLXHO(2))+FDDW(1,4)*(XV-DLXHO(1))*&
   1625                          (XV-DLXHO(2))*(XV-DLXHO(3)))              ! Original Vertical Vel from W2 are in millimeters
   1626                   END IF
   1627 ! End Newton Interpolating Polynomial Algorithm
   1628                 END IF
   1629 
   1630 
   1631 ! Begin Calculation of Accelerations ==> Time Derivative of Velocity (Backward Differencing)
   1632                 IF (NIT.NE.0) THEN
   1633                   IF ((JDAY-LASTJDAY).EQ.0) THEN
   1634                     FLOWFIELD(K,I,3) = 0.0
   1635                     FLOWFIELD(K,I,4) = 0.0
   1636                   ELSE
   1637                     FLOWFIELD(K,I,3) = (FLOWFIELD(K,I,1)-LASTFIELD(K,I,1))/((JDAY-LASTJDAY)*86400.)    ! 24.*3600.
   1638                     FLOWFIELD(K,I,4) = (FLOWFIELD(K,I,2)-LASTFIELD(K,I,2))/((JDAY-LASTJDAY)*86400.)
   1639                   END IF
   1640                   LASTFIELD(K,I,1) = FLOWFIELD(K,I,1)
   1641                   LASTFIELD(K,I,2) = FLOWFIELD(K,I,2)
   1642                   LASTJDAY = JDAY
   1643                 ELSE                              ! No Time Derivative if Time=0 (i.e., NIT=0)
   1644                   FLOWFIELD(K,I,3) = 0
   1645                   FLOWFIELD(K,I,4) = 0
   1646                   LASTFIELD(K,I,1) = FLOWFIELD(K,I,1)
   1647                   LASTFIELD(K,I,2) = FLOWFIELD(K,I,2)
   1648                   LASTJDAY = JDAY
   1649                 END IF
   1650 ! End Calculation of Accelerations
   1651 
   1652 !ELSE
   1653               END IF
   1654                ENDDO
   1655               ENDDO
   1656           ENDDO
   1657       ENDDO
   1658 
   1659       RETURN
   1660       END

Page 57          Source Listing                  INTERFLOWF
2026-03-30 08:48 Entry Points                    ..\..\..\particle.f90



ENTRY POINTS

 Address      Type  Name       
                               
       INTERFLOWF              


SYMBOL CROSS REFERENCE

 Name                       Object Declared Type            Bytes Dimen Elements Attributes       References                        
                                                                                                                                    
 BE                         Local  1444     I(4)            4     1     1        ALC              1444                              
 BS                         Local  1444     I(4)            4     1     1        ALC              1444                              
 DATADEBUGFN                Local  1455     I(4)            4           scalar                    1455,1456,1457                    
 DEBUG                      Local  1454     L(4)            4           scalar                    1454                              
 DLX                        Local  1502     R(8)            8     1     1        ALC              1502,1504,1573,1574,1578,1579,1583
                                                                                                  ,1584,1589,1590,1594,1595,1599,160
                                                                                                  0                                 
 DLXHO                      Local  1427     R(4)            4     1     4                         1573,1574,1578,1579,1583,1584,1589
                                                                                                  ,1590,1594,1595,1599,1600,1611,162
                                                                                                  3,1624,1625                       
 DS                         Local  1448     I(4)            4     1     1        ALC              1448,1491,1586,1591               
 FDDU                       Local  1428     R(4)            4     2     16                        1605,1610,1618,1619,1620          
 FDDW                       Local  1428     R(4)            4     2     16                        1606,1611,1622,1623,1624          
 FISHY                      Module 1424                                                           1424                              
 FLOWFIELD                  Local  1467     R(4)            4     3     1        ALC              1467,1468,1470,1471,1474,1475,1478
                                                                                                  ,1479,1481,1482,1487,1490,1493,149
                                                                                                  6,1499,1503,1615,1616,1618,1622,16
                                                                                                  34,1635,1637,1638,1640,1641,1644,1
                                                                                                  645,1646,1647                     
 GEOMC                      Module 1424                                                           1424                              
 GLOBAL                     Module 1424                                                           1424                              
 H                          Local  1486     R(8)            8     2     1        ALC              1486,1488,1492,1494,1498,1500,1541
                                                                                                  ,1542,1546,1547,1551,1552,1557,155
                                                                                                  8,1562,1563,1567,1568             
 HVERT                      Local  1427     R(4)            4     1     4                         1541,1542,1546,1547,1551,1552,1557
                                                                                                  ,1558,1562,1563,1567,1568,1610,161
                                                                                                  9,1620,1621                       
 I                          Local  1448     I(4)            4           scalar                    1448,1449,1453,1457,1466,1467,1468
                                                                                                  ,1470,1471,1474,1475,1476,1477,147
                                                                                                  8,1479,1481,1482,1485,1487,1488,14
                                                                                                  90,1491,1493,1494,1496,1499,1500,1
                                                                                                  502,1503,1504,1539,1540,1544,1545,
                                                                                                  1549,1550,1554,1559,1560,1565,1566
                                                                                                  ,1570,1573,1574,1575,1577,1578,157
                                                                                                  9,1581,1582,1583,1584,1586,1589,15
                                                                                                  90,1591,1592,1594,1595,1597,1598,1
                                                                                                  599,1600,1615,1616,1618,1622,1634,
                                                                                                  1635,1637,1638,1640,1641,1644,1645
                                                                                                  ,1646,1647                        
 II                         Local  1431     I(4)            4           scalar                    1452,1453,1457                    
 INTERFLOWF                 Subr   1422                                                                                             
 J                          Local  1432     I(4)            4           scalar                    1608,1609,1610,1611               
 JB                         Local  1444     I(4)            4           scalar                    1444,1448,1456,1485,1491,1570,1575
                                                                                                  ,1586,1591                        

Page 58          Source Listing                  INTERFLOWF
2026-03-30 08:48 Symbol Table                    ..\..\..\particle.f90

 Name                       Object Declared Type            Bytes Dimen Elements Attributes       References                        
                                                                                                                                    
 JDAY                       Local  1633     R(8)            8           scalar                    1633,1637,1638,1642,1648          
 JJZ                        Local  1432     I(4)            4           scalar                    1604,1605,1606,1609,1610,1611     
 K                          Local  1432     I(4)            4           scalar                    1446,1449,1453,1457,1465,1466,1467
                                                                                                  ,1468,1470,1471,1473,1474,1475,147
                                                                                                  6,1478,1479,1481,1482,1486,1487,14
                                                                                                  88,1490,1492,1493,1494,1496,1498,1
                                                                                                  499,1500,1503,1504,1538,1539,1540,
                                                                                                  1541,1542,1543,1544,1545,1546,1547
                                                                                                  ,1549,1550,1551,1552,1554,1557,155
                                                                                                  8,1559,1560,1562,1563,1565,1566,15
                                                                                                  67,1568,1577,1581,1582,1592,1597,1
                                                                                                  598,1614,1615,1616,1618,1622,1634,
                                                                                                  1635,1637,1638,1640,1641,1644,1645
                                                                                                  ,1646,1647                        
 KB                         Local  1477     I(4)            4     1     1        ALC              1477,1554,1559                    
 KBI                        Local  1424     I(4)            4     1     1        ALC              1424,1449,1476,1477               
 KK                         Local  1431     I(4)            4           scalar                    1451,1453,1457                    
 KMX                        Local  1446     I(4)            4           scalar                    1446                              
 KTI                        Local  1466     I(4)            4     1     1        ALC              1466                              
 KTWB                       Local  1465     I(4)            4     1     1        ALC              1465,1467,1470,1473,1478,1538,1543
                                                                                                  ,1614                             
 LASTFIELD                  Local  1637     R(4)            4     3     1        ALC              1637,1638,1640,1641,1646,1647     
 LASTJDAY                   Local  1428     R(4)            4           scalar   SAVE             1633,1637,1638,1642,1648          
 LINEAR                     Local  1464     L(4)            4           scalar                    1464                              
 MAIN                       Module 1424                                                           1424                              
 N                          Param  1432     I(4)            4           scalar                    1438,1604,1608,1609               
 NDINFO                     Local  1451     I(4)            4     2     1        ALC              1451,1452                         
 NIT                        Local  1632     I(4)            4           scalar                    1632                              
 NN                         Local  1431     I(4)            4           scalar                    1440,1450,1451,1452,1457          
 NWB                        Local  1442     I(4)            4           scalar                    1442                              
 SCREENC                    Module 1424                                                           1424                              
 U                          Local  1467     R(8)            8     2     1        PTR              1467,1470,1474,1478,1481,1487,1488
                                                                                                  ,1493,1494,1499,1500,1539,1540,154
                                                                                                  4,1545,1549,1550,1560,1565,1566   
 US                         Local  1448     I(4)            4     1     1        ALC              1448,1485,1570,1575               
 UVERT                      Local  1427     R(4)            4     1     4                         1539,1540,1544,1545,1549,1550,1555
                                                                                                  ,1556,1560,1561,1565,1566,1605    
 W                          Local  1490     R(8)            8     2     1        PTR              1490,1496,1503,1504,1577,1581,1582
                                                                                                  ,1592,1597,1598                   
 WB                         Local  1431     I(4)            4           scalar                    1442,1444,1456,1465,1467,1470,1473
                                                                                                  ,1478,1486,1488,1492,1494,1498,150
                                                                                                  0,1538,1541,1542,1543,1546,1547,15
                                                                                                  51,1552,1557,1558,1562,1563,1567,1
                                                                                                  568,1614                          
 WHORZ                      Local  1427     R(4)            4     1     4                         1571,1572,1576,1577,1581,1582,1587
                                                                                                  ,1588,1592,1593,1597,1598,1606    
 XRANGE                     Local  1429     R(4)            4           scalar                    1502,1503,1504,1505               
 XV                         Local  1428     R(4)            4           scalar                    1537,1619,1620,1621,1623,1624,1625
 YRANGE                     Local  1429     R(4)            4           scalar                    1486,1487,1488,1489,1492,1493,1494
                                                                                                  ,1495,1498,1499,1500,1501         

Page 59          Source Listing                  INTERFLOWF
2026-03-30 08:48                                 ..\..\..\particle.f90

   1661 
   1662 
   1663 !***********************************************************************
   1664 !***********************************************************************
   1665 !*                                                                    **
   1666 !*         P R E P A R E   F I S H   F O R   D I S P L A Y            **
   1667 !*                                                                    **
   1668 !***********************************************************************
   1669 !***********************************************************************
   1670 ! Number of TecPlot Zones       = # of timesteps            (Animation by Zone)
   1671 !           TecPlot Limit     ==> 32,700 per Data Set
   1672 ! Number of TecPlot Data Points = # of nodes                (for Grid Display)
   1673 !                                 # of fish                 (for Fish Display)
   1674 !           TecPlot Limit     ==> 2 billion per Variable
   1675 ! Number of TecPlot Variables   = # of flow & const. param  (for Grid Display)
   1676 !                                 # of fish parameters      (for Fish Display)
   1677 !           TecPlot Limit     ==> 32,700 per Data Set
   1678 ! Number of TecPlot Data Sets   = 2*(# of branches)         (for Grid & Fish Displays)
   1679 !           TecPlot Limit     ==> 128
   1680 
   1681 !  This Subroutine Calls No Other Subroutines
   1682 
   1683 
   1684       SUBROUTINE FISHPLOT                ! This Subroutine preps fish information for TecPlot
   1685 
   1686       
   1687       Use FISHY; Use GEOMC; USE GLOBAL; Use GDAYC; Use SCREENC
   1688       
   1689       IMPLICIT NONE
   1690             
   1691       REAL        XLOC,ZLOC,YLOC,FSZ,FAG,UF,VF,WF
   1692 
   1693       INTEGER     WB,FISHNBP
   1694       INTEGER     BRF,FBRCH,WATER,K
   1695 
   1696       CHARACTER    FTYP1*1,FTYP2*2
   1697       CHARACTER*4 :: FILE_PREFIX='Part'
   1698       CHARACTER*4 :: FILE_SUFFIX='.dat'
   1699       CHARACTER*10 FILENAME
   1700 
   1701       IF (NIT.EQ.0) NZONES = 0                        ! This # is inputted into a TecPlot Macro for animation
   1702       NZONES = NZONES + 1                             ! This # is inputted into a TecPlot Macro for animation
   1703       DO 132 WB=1,NWB                                 ! WB = Water Body # / NWB = Total # of Water Bodies
   1704         DO 133 JB=BS(WB),BE(WB)                     ! JB = Branch #
   1705           NBRF(JB) = 0                              ! NBRF(JB) = # of Fish in Branch JB
   1706           DO 134 FN=1,NFISH                           ! NFISH = Total # of Fish in System
   1707             IF (INT(FISHES(FN,12)).EQ.1 .or. DELAYDATE(FN)> JDAY) GOTO 134     ! If Fish left system do not output its info 
   1707 to TecPlot
   1708             FISHNBP = INT(FISHES(FN,6))               ! FISHNBP = Branch where current fish resides
   1709             IF (FISHNBP.EQ.JB) THEN
   1710               NBRF(JB) = NBRF(JB) + 1                     ! NBRF    = # of Fish in Branch JB
   1711               BRCHFISH(JB,NBRF(JB),1) =  FISHES(FN,1)     ! FIMP    = Segment IMP where fish is located
   1712               BRCHFISH(JB,NBRF(JB),2) =  FISHES(FN,2)     ! FXLOC   = Fish location within segment IMP
   1713               BRCHFISH(JB,NBRF(JB),3) =  FISHES(FN,3)     ! FKMP    = Layer KMP where fish is located
   1714               BRCHFISH(JB,NBRF(JB),4) =  FISHES(FN,4)     ! FZLOC   = Fish location within layer KMP
   1715               BRCHFISH(JB,NBRF(JB),5) =  FISHES(FN,5)     ! FYLOC   = Lateral fish location
   1716               BRCHFISH(JB,NBRF(JB),6) =  FISHES(FN,6)     ! FNBP    = Branch where fish is located

Page 60          Source Listing                  FISHPLOT
2026-03-30 08:48                                 ..\..\..\particle.f90

   1717               BRCHFISH(JB,NBRF(JB),7) =  FISHES(FN,7)     ! FSIZE   = Size (i.e., length) of fish in meters
   1718               BRCHFISH(JB,NBRF(JB),8) =  FISHES(FN,8)     ! FAGE    = Age of the fish
   1719               BRCHFISH(JB,NBRF(JB),9) =  FISHES(FN,9)     ! UFISH   = Longitudinal velocity of the fish
   1720               BRCHFISH(JB,NBRF(JB),10) = FISHES(FN,10)    ! VFISH   = Lateral velocity of the fish
   1721               BRCHFISH(JB,NBRF(JB),11) = FISHES(FN,11)    ! WFISH   = Vertical velocity of the fish
   1722             END IF
   1723   134     CONTINUE
   1724 
   1725           IF (NIT.EQ.0) THEN
   1726               
   1727           IF (JB.LT.10) THEN                        ! Creating the output file names based on Branch #
   1728             WRITE(FTYP1,9120) JB
   1729             FILENAME=FILE_PREFIX//FTYP1//FILE_SUFFIX
   1730  9120       FORMAT(I1)
   1731           ELSE IF (JB.LE.64) THEN                   ! TecPlot is limited to 128 Data Sets (i.e. Data Files)
   1732             WRITE(FTYP2,9130) JB                    !   That leaves: 64 Data Sets for Grid Display and
   1733             FILENAME=FILE_PREFIX//FTYP2//FILE_SUFFIX  !                64 Data Sets for Fish Display
   1734  9130       FORMAT(I2)
   1735           ELSE                                        ! CHECK
   1736             IF (DEBUG)WRITE(DATADEBUGFN,*) 'ERROR: Exceeded Maximum Number of TecPlot Data Sets ==># Data Sets = # of Branch
   1736 es'
   1737             STOP
   1738           END IF                  
   1739               
   1740             OPEN(30000+JB,FILE=FILENAME,STATUS='UNKNOWN')             ! Opening the Output Files Based on Branch #
   1741             WRITE(30000+JB,9300) JB                                 ! Creating Output File Header for TecPlot
   1742  9300       FORMAT('TITLE = "PARTICLE INFO for Branch',I6,'"')
   1743             WRITE(30000+JB,9310)                                      ! Creating Output File Header for TecPlot
   1744  9310       FORMAT('VARIABLES = "X", "Z", "FSIZE", "FAGE", "WATER", "ISEG", "K"')
   1745           ELSE
   1746             WRITE(30000+JB,*) ' '
   1747           END IF
   1748           WRITE(30000+JB,9320) JDAY,(1+NBRF(JB))                    ! Creating Output File Header for TecPlot
   1749  9320     FORMAT('ZONE T="JDAY ',F9.2,'", I=',I7,', F=POINT')
   1750           WRITE(30000+JB,9330) 0.01,0.01,0.0,0.0,-1,0,0         ! This is a dumby fish so TecPlot can at least
   1751 !   open the file if no fish are in JB
   1752           DO 135 BRF=1,NBRF(JB)                             ! NBRF = # of Fish in Branch JB
   1753             K = INT(BRCHFISH(JB,BRF,3))                     ! K = Layer # where Fish is located
   1754             I = INT(BRCHFISH(JB,BRF,1))                     ! I = Segment # where Fish is located
   1755             XLOC = NODES(K,I,1) + BRCHFISH(JB,BRF,2)        ! XLOC = X Distance (within Branch) where Fish is located
   1756             IF (K.LT.KTWB(WB)) THEN
   1757 !     ZLOC = NODES(KTWB(WB),I,2) - 0                   ! ZLOC(Adjusted): Due to inability of TecPlot to show
   1758             zloc=elws(i)   ! SW 5/2015 CHANGE TO ELEVATION RATHER THAN DEPTH
   1759             ELSE                                              !                 actual Water Surface
   1760 !     ZLOC = NODES(K,I,2) - BRCHFISH(JB,BRF,4)      ! ZLOC = Z Distance where Fish is located
   1761             zloc=el(k,i)- BRCHFISH(JB,BRF,4)   ! SW 5/2015
   1762             END IF
   1763             YLOC = BRCHFISH(JB,BRF,5)                       ! YLOC = Y Distance where Fish is located
   1764             FBRCH = INT(BRCHFISH(JB,BRF,6))                 ! FBRCH = Branch # where Fish is located
   1765             FSZ = BRCHFISH(JB,BRF,7)                        ! FSZ = Fish Size
   1766             FAG = BRCHFISH(JB,BRF,8)                        ! FAG = Fish Age
   1767             WATER = 1                                         ! WATER = 1 (for value-blanking purposes in TecPlot)
   1768             UF = BRCHFISH(JB,BRF,9)                         ! UF = Fish Horizontal Velocity (m/s)
   1769             VF = BRCHFISH(JB,BRF,10)                        ! VF = Fish Lateral Velocity (m/s)
   1770             WF = BRCHFISH(JB,BRF,11)                        ! WF = Fish Vertical Velocity (m/s)
   1771             IF (WBSKIP.AND.(WB.NE.WBRUN)) GOTO 135            ! Option:Skip output for all Water Bodies, except WBRUN
   1772             WRITE(30000+JB,9330) XLOC,ZLOC,FSZ,FAG,WATER,I,K

Page 61          Source Listing                  FISHPLOT
2026-03-30 08:48                                 ..\..\..\particle.f90

   1773  9330       FORMAT(F15.2,F10.2,F9.2,F9.2,I4,1X,I3,1X,I3)
   1774   135     CONTINUE
   1775           WRITE(30000+JB,9440) MONTH,GDAY,YEAR,INT(HR),AMPM,&
   1776                                  JDAY,NZONES                  ! Output info used as dynamic text in TecPlot Animation
   1777  9440     FORMAT('TEXT X=47, Y=90, F=HELV-BOLD, HU=FRAME, AN=MIDCENTER,&
   1778        C=RED, H=2.5, T="',A10,I3,',',I5,4X,I3,A2,'    (JDAY',F8.3,')", ZN=',I6)
   1779           WRITE(30000+JB,9518) NBRF(JB),NZONES            ! Output info used as dynamic text in TecPlot Animation
   1780 9518      FORMAT('TEXT X=30.0, Y=21.0, F=HELV-BOLD, HU=FRAME,&
   1781       AN=MIDRIGHT, C=BLACK, H=2.1, T="',I6,'", ZN=',I6)
   1782 
   1783 !  The Following is Used for Creating and Positioning Static Text in the TecPlot Animation
   1784 
   1785           IF (NIT.EQ.0) THEN
   1786             WRITE(30000+JB,9541) 
   1787  9541       FORMAT('TEXT X=25.0, Y=25.0, F=HELV-BOLD, HU=FRAME,&
   1788       AN=MIDCENTER, C=BLACK, H=2.1, T="# of Particles"')
   1789           END IF
   1790   133   CONTINUE
   1791   132 CONTINUE
   1792 
   1793       RETURN
   1794       END


ENTRY POINTS

 Address      Type  Name     
                             
       FISHPLOT              

Page 62          Source Listing                  FISHPLOT
2026-03-30 08:48 Symbol Table                    ..\..\..\particle.f90



SYMBOL CROSS REFERENCE

 Name                       Object Declared Type            Bytes Dimen Elements Attributes       References                        
                                                                                                                                    
 132                        Label  1791                                                           1703                              
 133                        Label  1790                                                           1704                              
 134                        Label  1723                                                           1706,1707                         
 135                        Label  1774                                                           1752,1771                         
 9120                       Label  1730                                                           1728                              
 9130                       Label  1734                                                           1732                              
 9300                       Label  1742                                                           1741                              
 9310                       Label  1744                                                           1743                              
 9320                       Label  1749                                                           1748                              
 9330                       Label  1773                                                           1750,1772                         
 9440                       Label  1777                                                           1775                              
 9518                       Label  1780                                                           1779                              
 9541                       Label  1787                                                           1786                              
 AMPM                       Local  1775     CHAR            2           scalar                    1775                              
 BE                         Local  1704     I(4)            4     1     1        ALC              1704                              
 BRCHFISH                   Local  1711     R(4)            4     3     1        ALC              1711,1712,1713,1714,1715,1716,1717
                                                                                                  ,1718,1719,1720,1721,1753,1754,175
                                                                                                  5,1761,1763,1764,1765,1766,1768,17
                                                                                                  69,1770                           
 BRF                        Local  1694     I(4)            4           scalar                    1752,1753,1754,1755,1761,1763,1764
                                                                                                  ,1765,1766,1768,1769,1770         
 BS                         Local  1704     I(4)            4     1     1        ALC              1704                              
 DATADEBUGFN                Local  1736     I(4)            4           scalar                    1736                              
 DEBUG                      Local  1736     L(4)            4           scalar                    1736                              
 DELAYDATE                  Local  1707     R(4)            4     1     1        ALC              1707                              
 EL                         Local  1761     R(8)            8     2     1        ALC              1761                              
 ELWS                       Local  1758     R(8)            8     1     1        ALC              1758                              
 FAG                        Local  1691     R(4)            4           scalar                    1766,1772                         
 FBRCH                      Local  1694     I(4)            4           scalar                    1764                              
 FILENAME                   Local  1699     CHAR            10          scalar                    1729,1733,1740                    
 FILE_PREFIX                Local  1697     CHAR            4           scalar                    1697,1729,1733                    
 FILE_SUFFIX                Local  1698     CHAR            4           scalar                    1698,1729,1733                    
 FISHES                     Local  1707     R(4)            4     2     1        ALC              1707,1708,1711,1712,1713,1714,1715
                                                                                                  ,1716,1717,1718,1719,1720,1721    
 FISHNBP                    Local  1693     I(4)            4           scalar                    1708,1709                         
 FISHPLOT                   Subr   1684                                                                                             
 FISHY                      Module 1687                                                           1687                              
 FN                         Local  1706     I(4)            4           scalar                    1706,1707,1708,1711,1712,1713,1714
                                                                                                  ,1715,1716,1717,1718,1719,1720,172
                                                                                                  1                                 
 FSZ                        Local  1691     R(4)            4           scalar                    1765,1772                         
 FTYP1                      Local  1696     CHAR            1           scalar                    1728,1729                         
 FTYP2                      Local  1696     CHAR            2           scalar                    1732,1733                         
 GDAY                       Local  1775     I(4)            4           scalar                    1775                              
 GDAYC                      Module 1687                                                           1687                              
 GEOMC                      Module 1687                                                           1687                              
 GLOBAL                     Module 1687                                                           1687                              
 HR                         Local  1775     R(4)            4           scalar                    1775                              
 I                          Local  1754     I(4)            4           scalar                    1754,1755,1758,1761,1772          
 INT                        Func   1707                                 scalar                    1707,1708,1753,1754,1764,1775     
 JB                         Local  1704     I(4)            4           scalar                    1704,1705,1709,1710,1711,1712,1713

Page 63          Source Listing                  FISHPLOT
2026-03-30 08:48 Symbol Table                    ..\..\..\particle.f90

 Name                       Object Declared Type            Bytes Dimen Elements Attributes       References                        
                                                                                                                                    
                                                                                                  ,1714,1715,1716,1717,1718,1719,172
                                                                                                  0,1721,1727,1728,1731,1732,1740,17
                                                                                                  41,1743,1746,1748,1750,1752,1753,1
                                                                                                  754,1755,1761,1763,1764,1765,1766,
                                                                                                  1768,1769,1770,1772,1775,1779,1786
 JDAY                       Local  1707     R(8)            8           scalar                    1707,1748,1776                    
 K                          Local  1694     I(4)            4           scalar                    1753,1755,1756,1761,1772          
 KTWB                       Local  1756     I(4)            4     1     1        ALC              1756                              
 MONTH                      Local  1775     CHAR            9           scalar                    1775                              
 NBRF                       Local  1705     I(4)            4     1     1        ALC              1705,1710,1711,1712,1713,1714,1715
                                                                                                  ,1716,1717,1718,1719,1720,1721,174
                                                                                                  8,1752,1779                       
 NFISH                      Local  1706     I(4)            4           scalar                    1706                              
 NIT                        Local  1701     I(4)            4           scalar                    1701,1725,1785                    
 NODES                      Local  1755     R(4)            4     3     1        ALC              1755                              
 NWB                        Local  1703     I(4)            4           scalar                    1703                              
 NZONES                     Local  1701     I(4)            4           scalar                    1701,1702,1776,1779               
 SCREENC                    Module 1687                                                           1687                              
 UF                         Local  1691     R(4)            4           scalar                    1768                              
 VF                         Local  1691     R(4)            4           scalar                    1769                              
 WATER                      Local  1694     I(4)            4           scalar                    1767,1772                         
 WB                         Local  1693     I(4)            4           scalar                    1703,1704,1756,1771               
 WBRUN                      Local  1771     I(4)            4           scalar                    1771                              
 WBSKIP                     Local  1771     L(4)            4           scalar                    1771                              
 WF                         Local  1691     R(4)            4           scalar                    1770                              
 XLOC                       Local  1691     R(4)            4           scalar                    1755,1772                         
 YEAR                       Local  1775     I(4)            4           scalar                    1775                              
 YLOC                       Local  1691     R(4)            4           scalar                    1763                              
 ZLOC                       Local  1691     R(4)            4           scalar                    1758,1761,1772                    

Page 64          Source Listing                  FISHPLOT
2026-03-30 08:48                                 ..\..\..\particle.f90

   1795 
   1796 
   1797 !***********************************************************************
   1798 !***********************************************************************
   1799 !*                                                                    **
   1800 !*     B I L I N E A R   S P L I N E   I N T E R P O L A T I O N      **
   1801 !*                                                                    **
   1802 !***********************************************************************
   1803 !***********************************************************************
   1804 !                                                                      *
   1805 !   Locations:1,2,3,4,5            4 (Above Fish)                      *
   1806 !    (LOCATE)                      ^                                   *
   1807 !                               UZSENSPH                               *
   1808 !                                  |                                   *
   1809 !                                _____Fish                             *
   1810 !  (Behind Fish)             |\_/     \_     (Forward of Fish)         *
   1811 !       3  <--- BXSENSPH --- | _   5   _> ----- FXSENSPH ----->  1     *
   1812 !                            |/ \_____/                                *
   1813 !                                  |                                   *
   1814 !                               DZSENSPH                               *
   1815 !                                  V                                   *
   1816 !                                  2 (Below Fish)                      *
   1817 !                                                                      *
   1818 !     Variables are relative to the fish, and the NFS compensates      *
   1819 !                 if fish x-axis orientation changes                   *
   1820 !                                                                      *
   1821 !***********************************************************************
   1822 
   1823 !  This Subroutine Calls No Other Subroutines
   1824 
   1825 
   1826       SUBROUTINE SPLINE             ! Bilinear Spline Algorithm obtained from
   1827 !   "TWO DIMENSIONAL SPLINE INTERPOLATION
   1828       Use FISHY
   1829       USE GLOBAL                             !    ALGORITHMS - Author: Helmuth Spath"
   1830       Use GEOMC; USE MAIN, ONLY: KBI
   1831       
   1832       IMPLICIT NONE
   1833      
   1834       REAL      XH1,XH2,H3,H4,DV,DW,DX,DY
   1835 
   1836 !Check for Boundary Violations: Horizontal Plane
   1837 
   1838    95 IF (XLOK.GT.DLX(ILOK)) THEN                             ! Must look into the next segment downstream
   1839         IF ((ILOK+1).GT.DS(FNBP)) THEN                        ! Already at most downstream segment in branch
   1840           XLOK = DLX(ILOK)
   1841         ELSE IF (KLOK.GT.KBI(ILOK+1)) THEN                    ! SW USE KBI 8/2018
   1842           XLOK = DLX(ILOK)
   1843         ELSE                                                  ! More segments exist downstream of fish location
   1844           XLOK = XLOK - DLX(ILOK)
   1845           ILOK = ILOK + 1                                     ! Looking into next segment downstream
   1846         END IF
   1847         IF (XLOK.GT.DLX(ILOK)) GOTO 95
   1848       ELSE IF (XLOK.LT.0) THEN                                ! Must look into the next segment upstream
   1849         IF (ILOK.EQ.CUS(FNBP)) THEN                           ! Already at most upstream segment in branch
   1850           XLOK = 0.0
   1851         ELSE IF (KLOK.GT.KBI(ILOK-1)) THEN                    ! SW 8/2018

Page 65          Source Listing                  SPLINE
2026-03-30 08:48                                 ..\..\..\particle.f90

   1852           XLOK = 0.0
   1853         ELSE                                                  ! More segments exist upstream of current segment
   1854           ILOK = ILOK - 1                                     ! Looking into next segment upstream
   1855           XLOK = DLX(ILOK) + XLOK
   1856         END IF
   1857         IF (XLOK.LT.0) GOTO 95
   1858       ELSE
   1859       END IF
   1860 
   1861 !Check for Boundary Violations: Vertical Plane
   1862 
   1863    96 IF (ZLOK.GT.H(KLOK,FJR)) THEN                               ! Must look into the next layer below
   1864         IF (KLOK.EQ.KBI(ILOK)) THEN                            ! Already at water body bottom    SW 8/2018
   1865           ZLOK = H(KLOK,FJR)
   1866         ELSE                                                  ! More layers exist below fish location
   1867           ZLOK = ZLOK - H(KLOK,FJR)
   1868           KLOK = KLOK + 1                                     ! Looking into next layer below
   1869         END IF
   1870         IF (ZLOK.GT.H(KLOK,FJR)) GOTO 96
   1871       ELSE IF (ZLOK.LT.0) THEN                                ! Must look into the next layer above
   1872         IF (KLOK.EQ.KTWBF.or.klok.eq.1) THEN       ! SW 1/17/01        ! Already at water surface layer
   1873           ZLOK = 0.0
   1874         ELSE                                                  ! More layers exist above fish location
   1875           KLOK = KLOK - 1                                     ! Looking into next layer above
   1876           ZLOK = H(KLOK,FJR) + ZLOK
   1877         END IF
   1878         IF (ZLOK.LT.0) GOTO 96
   1879       ELSE
   1880       END IF
   1881 
   1882 !Begin Bilinear Spline Interpolation Algorithm
   1883 
   1884       DV = XLOK-0.0                       ! XLOK = X-coord of interpolated location; 0.0 = X-coord of left nodes
   1885       DW = ZLOK-0.0                       ! ZLOK = Y-coord of interpolated location; 0.0 = Y-coord of upper nodes
   1886       DX = DLX(ILOK)                      ! DX = X distance between left nodes and right nodes
   1887       DY = H(KLOK,FJR)                        ! DY = Y distance between upper nodes and lower nodes
   1888 
   1889       IF (VARIABLE.EQ.1) THEN             ! Horizontal Velocity Calculations
   1890         XH1 = FLOWFIELD(KLOK,ILOK,1)       ! UpperLeft Node
   1891         XH2 = FLOWFIELD(KLOK,ILOK+1,1)     ! UpperRight Node
   1892         H3 = FLOWFIELD(KLOK+1,ILOK,1)     ! LowerLeft Node
   1893         H4 = FLOWFIELD(KLOK+1,ILOK+1,1)   ! LowerRight Node
   1894       ELSE IF (VARIABLE.EQ.2) THEN        ! Vertical Velocity Calculations
   1895         XH1 = FLOWFIELD(KLOK,ILOK,2)       ! XH1,XH2,H3,H4 = Value of Vertical Velocity at 4 cell nodes
   1896         XH2 = FLOWFIELD(KLOK,ILOK+1,2)
   1897         H3 = FLOWFIELD(KLOK+1,ILOK,2)
   1898         H4 = FLOWFIELD(KLOK+1,ILOK+1,2)
   1899       ELSE IF (VARIABLE.EQ.3) THEN        ! Temperature Calculations
   1900         XH1 = WQFIELD(KLOK,ILOK,1)         ! XH1,XH2,H3,H4 = Value of Temperature at 4 cell nodes
   1901         XH2 = WQFIELD(KLOK,ILOK+1,1)
   1902         H3 = WQFIELD(KLOK+1,ILOK,1)
   1903         H4 = WQFIELD(KLOK+1,ILOK+1,1)
   1904       ELSE IF (VARIABLE.EQ.4) THEN        ! Dissolved Oxygen Calculations
   1905         XH1 = WQFIELD(KLOK,ILOK,2)         ! XH1,XH2,H3,H4 = Value of Dissolved Oxygen at 4 cell nodes
   1906         XH2 = WQFIELD(KLOK,ILOK+1,2)
   1907         H3 = WQFIELD(KLOK+1,ILOK,2)
   1908         H4 = WQFIELD(KLOK+1,ILOK+1,2)

Page 66          Source Listing                  SPLINE
2026-03-30 08:48                                 ..\..\..\particle.f90

   1909       ELSE
   1910       END IF
   1911 
   1912       VALUE = XH1+(XH2-XH1)/DX*DV+(H3-XH1)/DY*DW+(H4-H3-XH2+XH1)/(DX*DY)*DV*DW
   1913 !IF(DEBUG)WRITE(DIAGFN,'("Variable:",I2," Value:",f10.3," ILOK:",i4," KLOK:",i4)')VARIABLE,VALUE,ILOK,KLOK
   1914 
   1915 !End Bilinear Spline Interpolation Algorithm
   1916 
   1917       RETURN
   1918       END


ENTRY POINTS

 Address      Type  Name   
                           
       SPLINE              


SYMBOL CROSS REFERENCE

 Name                       Object Declared Type            Bytes Dimen Elements Attributes       References                        
                                                                                                                                    
 95                         Label  1838                                                           1847,1857                         
 96                         Label  1863                                                           1870,1878                         
 CUS                        Local  1849     I(4)            4     1     1        ALC              1849                              
 DLX                        Local  1838     R(8)            8     1     1        ALC              1838,1840,1842,1844,1847,1855,1886
 DS                         Local  1839     I(4)            4     1     1        ALC              1839                              
 DV                         Local  1834     R(4)            4           scalar                    1884,1912                         
 DW                         Local  1834     R(4)            4           scalar                    1885,1912                         
 DX                         Local  1834     R(4)            4           scalar                    1886,1912                         
 DY                         Local  1834     R(4)            4           scalar                    1887,1912                         
 FISHY                      Module 1828                                                           1828                              
 FJR                        Local  1863     I(4)            4           scalar                    1863,1865,1867,1870,1876,1887     
 FLOWFIELD                  Local  1890     R(4)            4     3     1        ALC              1890,1891,1892,1893,1895,1896,1897
                                                                                                  ,1898                             
 FNBP                       Local  1839     I(4)            4           scalar                    1839,1849                         
 GEOMC                      Module 1830                                                           1830                              
 GLOBAL                     Module 1829                                                           1829                              
 H                          Local  1863     R(8)            8     2     1        ALC              1863,1865,1867,1870,1876,1887     
 H3                         Local  1834     R(4)            4           scalar                    1892,1897,1902,1907,1912          
 H4                         Local  1834     R(4)            4           scalar                    1893,1898,1903,1908,1912          
 ILOK                       Local  1838     I(4)            4           scalar                    1838,1839,1840,1841,1842,1844,1845
                                                                                                  ,1847,1849,1851,1854,1855,1864,188
                                                                                                  6,1890,1891,1892,1893,1895,1896,18
                                                                                                  97,1898,1900,1901,1902,1903,1905,1
                                                                                                  906,1907,1908                     
 KBI                        Local  1830     I(4)            4     1     1        ALC              1830,1841,1851,1864               
 KLOK                       Local  1841     I(4)            4           scalar                    1841,1851,1863,1864,1865,1867,1868
                                                                                                  ,1870,1872,1875,1876,1887,1890,189
                                                                                                  1,1892,1893,1895,1896,1897,1898,19
                                                                                                  00,1901,1902,1903,1905,1906,1907,1
                                                                                                  908                               
 KTWBF                      Local  1872     I(4)            4           scalar                    1872                              
 MAIN                       Module 1830                                                           1830                              
 SPLINE                     Subr   1826                                                                                             
 VALUE                      Local  1912     R(8)            8           scalar                    1912                              

Page 67          Source Listing                  SPLINE
2026-03-30 08:48 Symbol Table                    ..\..\..\particle.f90

 Name                       Object Declared Type            Bytes Dimen Elements Attributes       References                        
                                                                                                                                    
 VARIABLE                   Local  1889     I(4)            4           scalar                    1889,1894,1899,1904               
 WQFIELD                    Local  1900     R(4)            4     3     1        ALC              1900,1901,1902,1903,1905,1906,1907
                                                                                                  ,1908                             
 XH1                        Local  1834     R(4)            4           scalar                    1890,1895,1900,1905,1912          
 XH2                        Local  1834     R(4)            4           scalar                    1891,1896,1901,1906,1912          
 XLOK                       Local  1838     R(4)            4           scalar                    1838,1840,1842,1844,1847,1848,1850
                                                                                                  ,1852,1855,1857,1884              
 ZLOK                       Local  1863     R(4)            4           scalar                    1863,1865,1867,1870,1871,1873,1876
                                                                                                  ,1878,1885                        

Page 68          Source Listing                  SPLINE
2026-03-30 08:48                                 ..\..\..\particle.f90

   1919 
   1920 !*****************************************
   1921 Subroutine fishoutput
   1922 !*****************************************
   1923 ! Numerical Fish Surrogate Output
   1924 !*****************************************
   1925 
   1926 Use FISHY; USE GLOBAL
   1927 IMPLICIT NONE
   1928 
   1929 INTEGER ::  II, JF
   1930 
   1931 
   1932 ! final fish output
   1933    IF(NMONITORS<10)THEN
   1934        write(FINALFN,'(A214,<NMONITORS>(A11,I1,","))')'Part#,Seg#,XLocationwithinSegmentfromUpstreamSide(m),Layer#,VerticalD
   1934 istfromTop(m),LateralDistfromLeftBank,Branch#,ParticleInModel(=0),JDAYleftsystem,DetentionTime(days),RemovalMechanism,SedVel
   1934 ocity(m/d),DateStart,',('MonitorDate',I,I=1,NMONITORS) !Monitor2Date, Monitor3Date'
   1935    ELSE
   1936        write(FINALFN,'(A214,<NMONITORS>(A11,I2,","))')'Part#,Seg#,XLocationwithinSegmentfromUpstreamSide(m),Layer#,VerticalD
   1936 istfromTop(m),LateralDistfromLeftBank,Branch#,ParticleInModel(=0),JDAYleftsystem,DetentionTime(days),RemovalMechanism,SedVel
   1936 ocity(m/d),DateStart,',('MonitorDate',I,I=1,NMONITORS) !Monitor2Date, Monitor3Date'
   1937    ENDIF
   1938    
   1939     do jf=1,nfish     
   1940     write(FINALFN,'(i7,",",1x,10(f10.3,","),f8.4,",",f12.4,",",100(f10.3,","))')jf,fishes(jf,1),fishes(jf,2),fishes(jf,3),fi
   1940 shes(jf,4),fishes(jf,5),fishes(jf,6),fishes(jf,12),fishes(jf,14),fishes(jf,15),fishes(jf,16),sedvel(jf),delaydate(jf),(tmoni
   1940 tor(jf,ii),ii=1,nmonitors)
   1941     end do
   1942 
   1943     
   1944     CALL HISTOGRAM_OUTPUT
   1945     close(FINALFN)
   1946 ! End fish output section
   1947     CALL PARTICLE_DEALLOCATE                                           !FISH
   1948 
   1949       Return                                                               !FISH
   1950 End Subroutine FishOutput

Page 69          Source Listing                  FISHOUTPUT
2026-03-30 08:48 Entry Points                    ..\..\..\particle.f90



ENTRY POINTS

 Address      Type  Name       
                               
       FISHOUTPUT              


SYMBOL CROSS REFERENCE

 Name                       Object Declared Type            Bytes Dimen Elements Attributes       References                        
                                                                                                                                    
 DELAYDATE                  Local  1940     R(4)            4     1     1        ALC              1940                              
 FINALFN                    Local  1934     I(4)            4           scalar                    1934,1936,1940,1945               
 FISHES                     Local  1940     R(4)            4     2     1        ALC              1940                              
 FISHOUTPUT                 Subr   1921                                                                                             
 FISHY                      Module 1926                                                           1926                              
 GLOBAL                     Module 1926                                                           1926                              
 HISTOGRAM_OUTPUT           Subr   1944                                                           1944                              
 I                          Local  1934     I(4)            4           scalar                    1934,1936                         
 II                         Local  1929     I(4)            4           scalar                    1940                              
 JF                         Local  1929     I(4)            4           scalar                    1939,1940                         
 LA                         Label  1934                                                                                             
 LB                         Label  1934                                                                                             
 LC                         Label  1936                                                                                             
 LD                         Label  1936                                                                                             
 NFISH                      Local  1939     I(4)            4           scalar                    1939                              
 NMONITORS                  Local  1933     I(4)            4           scalar                    1933,1934,1936,1940               
 PARTICLE_DEALLOCATE        Subr   1947                                                           1947                              
 SEDVEL                     Local  1940     R(4)            4     1     1        ALC              1940                              
 TMONITOR                   Local  1940     R(4)            4     2     1        ALC              1940                              

Page 70          Source Listing                  FISHOUTPUT
2026-03-30 08:48                                 ..\..\..\particle.f90

   1951 
   1952 ! ************************ READ FISH INPUT DATA FILES
   1953 
   1954 Subroutine Read_Fish_Data
   1955 
   1956 Use Fishy; Use SCREENC, ONLY:JDAY; USE MAIN, ONLY: FISH_PARTICLE_EXIST 
   1957 IMPLICIT NONE
   1958 
   1959 character*3 ALINE
   1960 INTEGER :: I,J,NA, IDEBUG, NFISHLAST,ILINEAR,HTSTBOT,HTSTSIDE
   1961 
   1962             HIST_V=.FALSE.
   1963             HIST_T=.FALSE.
   1964             HIST_D=.FALSE.
   1965 
   1966     open(DIAGFN,file='w2_particle.csv',status='old')
   1967     READ(DIAGFN,*)
   1968     READ(DIAGFN,*)
   1969     READ(DIAGFN,*)PARTON,NFISHSEG,NFISHPCEL,ALINE,DXTHEORY,OUTFREQP,ILINEAR,HTSTBOT,HTSTSIDE,IDEBUG   !,ALPHAX,ALPHAZ     !'
   1969 (/10x,7x,a3,i10,i10,f10.0,(7x,a3),1f10.0,7X,A3)
   1970     If(PARTON.eq.'ON')then
   1971     PARTICLE=.true.
   1972     else
   1973     PARTICLE=.false.
   1974     FISH_PARTICLE_EXIST=.FALSE.  ! STOPS ALL FURTHER
   1975     RETURN
   1976     end if
   1977     If(ALINE.eq.'ON')then
   1978     LINE=.true.
   1979     else
   1980     LINE=.false.
   1981     end if
   1982     if(outfreqp==0.0)outfreqp=1.0   ! error trapping
   1983 
   1984 ! LINE: If LINE, distribute NFISHCEL not at a point but linearly along the line defined by IFISH and IFISHT and IFISHB; IF L
   1984 INE, FZLOC=0
   1985 ! PARTICLE = ON only "dumb" particle transport with random fluid motion + Sedimentation Vel (SEDVEL)
   1986 ! NFISHPCEL: # of particles added per cel
   1987 ! NFISHSEG: # of segements to add particles to
   1988 ! DATE:  Date particles are deposited
   1989     if(nfishseg.eq.0)nfishseg=1
   1990     Allocate(ifish(nfishseg),ifisht(nfishseg),ifishb(nfishseg),delaydateinit(nfishseg),fxlocinit(nfishseg),fzlocinit(nfishse
   1990 g),sedvelinit(nfishseg)) 
   1991         READ(DIAGFN,*)
   1992         DO I=1,NFISHSEG
   1993         READ(DIAGFN,*)NA,IFISH(I),IFISHT(I),IFISHB(I),FXLOCINIT(I),FZLOCINIT(I),SEDVELINIT(I),DELAYDATEINIT(I)
   1994         
   1995         IF(DELAYDATEINIT(I) < JDAY)DELAYDATEINIT(I)=JDAY
   1996         ENDDO
   1997    
   1998 !READ(DIAGFN,'(//(10X,9I10))')(IFISH(I),I=1,NFISHSEG)
   1999 !READ (DIAGFN,'(//(10X,9I10))')(IFISHT(I),I=1,NFISHSEG)
   2000 !READ (DIAGFN,'(//(10X,9I10))')(IFISHB(I),I=1,NFISHSEG)
   2001 ! IFISH: SEG#s where fish are added
   2002 ! IFISHT:Uppermost top Layer where Fish are added in Segment IFISH
   2003 ! IFISHB: Bottommost Layer where Fish are added in Segment IFISH
   2004   NFISH=0

Page 71          Source Listing                  READ_FISH_DATA
2026-03-30 08:48                                 ..\..\..\particle.f90

   2005   do i=1,nfishseg
   2006     NFISH=NFISH+(ifishb(i)-ifisht(i)+1)*nfishpcel
   2007   end do
   2008   
   2009   ALLOCATE (GROUP(NFISH),FXLOCI(NFISH),FZLOCI(NFISH),DELAYDATE(NFISH),SEDVEL(NFISH))
   2010   
   2011     NFISHLAST=1
   2012     do i=1,nfishseg
   2013         DO J=NFISHLAST,(NFISHLAST-1)+(ifishb(i)-ifisht(i)+1)*nfishpcel
   2014         GROUP(J)=I
   2015         FZLOCI(J)=FZLOCINIT(I)
   2016         FXLOCI(J)=FXLOCINIT(I)
   2017         DELAYDATE(J)=DELAYDATEINIT(I)
   2018         SEDVEL(J)=SEDVELINIT(I)/86400.    ! convert m/d to m/s
   2019         ENDDO
   2020     NFISHLAST=J
   2021     end do
   2022    
   2023         READ(DIAGFN,*,END=200)  ! TEST CODE IN CASE SOMEONE DOES NOT HAVE THESE PARTS OF THE CONTROL FILE
   2024         READ(DIAGFN,*)NUMCLASS
   2025         IF(NUMCLASS == 0)GO TO 200
   2026             ALLOCATE(SUMVOLT(NFISH))
   2027             sumvolt=0.0
   2028         READ(DIAGFN,*)
   2029         READ(DIAGFN,*)VEL_INT,VEL_TOP,TEMP_INT,TEMP_TOP,D_INT,D_TOP
   2030         IF(VEL_INT /= 0.0)THEN
   2031             HIST_V=.TRUE.
   2032             allocate (v_class(NFISH,numclass))
   2033             ALLOCATE(V_TOT(NFISH),V_CNT(NFISH),V_SUM(NFISH),V_AVG(NFISH))   
   2034             v_cnt=0.0
   2035             v_class=0.0
   2036             v_tot=0.0
   2037             V_SUM=0.0
   2038             V_AVG=0.0
   2039         ENDIF
   2040         
   2041         IF(TEMP_INT /= 0.0)THEN
   2042             HIST_T=.TRUE.
   2043              ALLOCATE (T_TOT(NFISH),T_CNT(NFISH),T_SUM(NFISH),T_AVG(NFISH))
   2044              allocate (t_class(NFISH,numclass))
   2045             t_cnt=0.0
   2046             t_class=0.0
   2047             t_tot=0.0
   2048             T_AVG=0.0
   2049             T_SUM=0.0
   2050         ENDIF
   2051         
   2052         IF(D_INT /= 0.0)THEN
   2053             HIST_D=.TRUE.  
   2054              ALLOCATE (D_TOT(NFISH),D_CNT(NFISH),D_SUM(NFISH),D_AVG(NFISH))
   2055             allocate(d_class(NFISH,numclass))
   2056            d_cnt=0.0
   2057            d_class=0.0
   2058            d_tot=0.0
   2059            D_AVG=0.0
   2060            D_SUM=0.0
   2061         ENDIF   

Page 72          Source Listing                  READ_FISH_DATA
2026-03-30 08:48                                 ..\..\..\particle.f90

   2062         
   2063         READ(DIAGFN,*)              ! SW 11/1/2018
   2064         READ(DIAGFN,*)NMONITORS
   2065         READ(DIAGFN,*)              ! SW 11/1/2018
   2066         ALLOCATE(IMONITOR(NMONITORS),TMONITOR(NFISH,NMONITORS),XSHIFTMONITOR(NMONITORS),MONITORONOFF(NFISH,NMONITORS))
   2067         MONITORONOFF=0   ! IF SET TO ZERO IT IS ACTIVE - WHEN PARTICLE SHOWS UP IT GETS SWITCHED TO 1
   2068         TMONITOR=0.0
   2069         READ(DIAGFN,*)(IMONITOR(I),I=1,NMONITORS)              ! SW 11/1/2018
   2070         
   2071         READ(DIAGFN,*)  
   2072         READ(DIAGFN,*)(XSHIFTMONITOR(I),I=1,NMONITORS)              ! SW 11/1/2018
   2073 !        READ(DIAGFN,'(//3F10.0,I10)')FXLOC,FZLOC,OUTFREQP,IDEBUG
   2074 
   2075 !          ! FXLOC   = Location of fish within segment IMP from upstream side
   2076 !          ! FZLOC   = Location of fish within layer KMP from top side
   2077 !          ! FNBP    = Branch where fish is released
   2078 
   2079 200     XREFL    = 0.1                 ! Reflect this percentage of segment length
   2080 !   when fish encounters horizontal obstacle
   2081         YREFL    = 0.1                 ! Reflect this % of cell width when encounter stream bank
   2082         ZBOTREFL = 0.5  !SW 12/26/2018 2.0                 ! Reflect this percentage of bottom layer height
   2083 !   when fish encounters bottom
   2084         ZSURREFL = 0.5                 ! Reflect this percentage of surface layer height
   2085 !   when fish encounters water surface
   2086         
   2087         
   2088         DEBUG=.FALSE.
   2089         LINEAR=.FALSE.
   2090         HITSTICKBOTTOM=.FALSE.
   2091         HITSTICKSIDE=.FALSE.
   2092         IF(HTSTBOT==1)HITSTICKBOTTOM=.TRUE.
   2093         IF(HTSTSIDE==1)HITSTICKSIDE=.TRUE.
   2094         IF(ILINEAR==1)LINEAR=.TRUE.
   2095         IF(IDEBUG==1)DEBUG=.TRUE.
   2096   
   2097     close(DIAGFN)
   2098     RETURN
   2099     
   2100 End Subroutine Read_Fish_Data

Page 73          Source Listing                  READ_FISH_DATA
2026-03-30 08:48 Entry Points                    ..\..\..\particle.f90



ENTRY POINTS

 Address      Type  Name           
                                   
       READ_FISH_DATA              


SYMBOL CROSS REFERENCE

 Name                       Object Declared Type            Bytes Dimen Elements Attributes       References                        
                                                                                                                                    
 200                        Label  2079                                                           2023,2025                         
 ALINE                      Local  1959     CHAR            3           scalar                    1969,1977                         
 DEBUG                      Local  2088     L(4)            4           scalar                    2088,2095                         
 DELAYDATE                  Local  2009     R(4)            4     1     1        ALC              2009,2017                         
 DELAYDATEINIT              Local  1990     R(4)            4     1     1        ALC              1990,1993,1995,2017               
 DIAGFN                     Local  1966     I(4)            4           scalar                    1966,1967,1968,1969,1991,1993,2023
                                                                                                  ,2024,2028,2029,2063,2064,2065,206
                                                                                                  9,2071,2072,2097                  
 DXTHEORY                   Local  1969     CHAR            3           scalar                    1969                              
 D_AVG                      Local  2054     R(4)            4     1     1        ALC              2054,2059                         
 D_CLASS                    Local  2055     R(4)            4     2     1        ALC              2055,2057                         
 D_CNT                      Local  2054     R(4)            4     1     1        ALC              2054,2056                         
 D_INT                      Local  2029     R(4)            4           scalar                    2029,2052                         
 D_SUM                      Local  2054     R(4)            4     1     1        ALC              2054,2060                         
 D_TOP                      Local  2029     R(4)            4           scalar                    2029                              
 D_TOT                      Local  2054     R(4)            4     1     1        ALC              2054,2058                         
 FISHY                      Module 1956                                                           1956                              
 FISH_PARTICLE_EXIST        Local  1956     L(4)            4           scalar                    1956,1974                         
 FXLOCI                     Local  2009     R(4)            4     1     1        ALC              2009,2016                         
 FXLOCINIT                  Local  1990     R(4)            4     1     1        ALC              1990,1993,2016                    
 FZLOCI                     Local  2009     R(4)            4     1     1        ALC              2009,2015                         
 FZLOCINIT                  Local  1990     R(4)            4     1     1        ALC              1990,1993,2015                    
 GROUP                      Local  2009     I(4)            4     1     1        ALC              2009,2014                         
 HIST_D                     Local  1964     L(4)            4           scalar                    1964,2053                         
 HIST_T                     Local  1963     L(4)            4           scalar                    1963,2042                         
 HIST_V                     Local  1962     L(4)            4           scalar                    1962,2031                         
 HITSTICKBOTTOM             Local  2090     L(4)            4           scalar                    2090,2092                         
 HITSTICKSIDE               Local  2091     L(4)            4           scalar                    2091,2093                         
 HTSTBOT                    Local  1960     I(4)            4           scalar                    1969,2092                         
 HTSTSIDE                   Local  1960     I(4)            4           scalar                    1969,2093                         
 I                          Local  1960     I(4)            4           scalar                    1992,1993,1995,2005,2006,2012,2013
                                                                                                  ,2014,2015,2016,2017,2018,2069,207
                                                                                                  2                                 
 IDEBUG                     Local  1960     I(4)            4           scalar                    1969,2095                         
 IFISH                      Local  1990     I(4)            4     1     1        ALC              1990,1993                         
 IFISHB                     Local  1990     I(4)            4     1     1        ALC              1990,1993,2006,2013               
 IFISHT                     Local  1990     I(4)            4     1     1        ALC              1990,1993,2006,2013               
 ILINEAR                    Local  1960     I(4)            4           scalar                    1969,2094                         
 IMONITOR                   Local  2066     I(4)            4     1     1        ALC              2066,2069                         
 J                          Local  1960     I(4)            4           scalar                    2013,2014,2015,2016,2017,2018,2020
 JDAY                       Local  1956     R(8)            8           scalar                    1956,1995                         
 LINE                       Local  1978     L(4)            4           scalar                    1978,1980                         
 LINEAR                     Local  2089     L(4)            4           scalar                    2089,2094                         
 MAIN                       Module 1956                                                           1956                              

Page 74          Source Listing                  READ_FISH_DATA
2026-03-30 08:48 Symbol Table                    ..\..\..\particle.f90

 Name                       Object Declared Type            Bytes Dimen Elements Attributes       References                        
                                                                                                                                    
 MONITORONOFF               Local  2066     I(4)            4     2     1        ALC              2066,2067                         
 NA                         Local  1960     I(4)            4           scalar                    1993                              
 NFISH                      Local  2004     I(4)            4           scalar                    2004,2006,2009,2026,2032,2033,2043
                                                                                                  ,2044,2054,2055,2066              
 NFISHLAST                  Local  1960     I(4)            4           scalar                    2011,2013,2020                    
 NFISHPCEL                  Local  1969     I(4)            4           scalar                    1969,2006,2013                    
 NFISHSEG                   Local  1969     I(4)            4           scalar                    1969,1989,1990,1992,2005,2012     
 NMONITORS                  Local  2064     I(4)            4           scalar                    2064,2066,2069,2072               
 NUMCLASS                   Local  2024     I(4)            4           scalar                    2024,2025,2032,2044,2055          
 OUTFREQP                   Local  1969     R(4)            4           scalar                    1969,1982                         
 PARTICLE                   Local  1971     L(4)            4           scalar                    1971,1973                         
 PARTON                     Local  1969     CHAR            3           scalar                    1969,1970                         
 READ_FISH_DATA             Subr   1954                                                                                             
 SCREENC                    Module 1956                                                           1956                              
 SEDVEL                     Local  2009     R(4)            4     1     1        ALC              2009,2018                         
 SEDVELINIT                 Local  1990     R(4)            4     1     1        ALC              1990,1993,2018                    
 SUMVOLT                    Local  2026     R(4)            4     1     1        ALC              2026,2027                         
 TEMP_INT                   Local  2029     R(4)            4           scalar                    2029,2041                         
 TEMP_TOP                   Local  2029     R(4)            4           scalar                    2029                              
 TMONITOR                   Local  2066     R(4)            4     2     1        ALC              2066,2068                         
 T_AVG                      Local  2043     R(4)            4     1     1        ALC              2043,2048                         
 T_CLASS                    Local  2044     R(4)            4     2     1        ALC              2044,2046                         
 T_CNT                      Local  2043     R(4)            4     1     1        ALC              2043,2045                         
 T_SUM                      Local  2043     R(4)            4     1     1        ALC              2043,2049                         
 T_TOT                      Local  2043     R(4)            4     1     1        ALC              2043,2047                         
 VEL_INT                    Local  2029     R(4)            4           scalar                    2029,2030                         
 VEL_TOP                    Local  2029     R(4)            4           scalar                    2029                              
 V_AVG                      Local  2033     R(4)            4     1     1        ALC              2033,2038                         
 V_CLASS                    Local  2032     R(4)            4     2     1        ALC              2032,2035                         
 V_CNT                      Local  2033     R(4)            4     1     1        ALC              2033,2034                         
 V_SUM                      Local  2033     R(4)            4     1     1        ALC              2033,2037                         
 V_TOT                      Local  2033     R(4)            4     1     1        ALC              2033,2036                         
 XREFL                      Local  2079     R(4)            4           scalar                    2079                              
 XSHIFTMONITOR              Local  2066     R(4)            4     1     1        ALC              2066,2072                         
 YREFL                      Local  2081     R(4)            4           scalar                    2081                              
 ZBOTREFL                   Local  2082     R(4)            4           scalar                    2082                              
 ZSURREFL                   Local  2084     R(4)            4           scalar                    2084                              

Page 75          Source Listing                  READ_FISH_DATA
2026-03-30 08:48                                 ..\..\..\particle.f90

   2101 
   2102 Subroutine findbranch(seg)
   2103 
   2104      Use Fishy; USE GLOBAL
   2105      IMPLICIT NONE
   2106      
   2107     real seg
   2108     integer iseg,j
   2109 
   2110      iseg=int(seg)
   2111       do j=1,NBR
   2112       if(iseg.ge.us(j).and.iseg.le.ds(j))exit
   2113       end do
   2114       fnbp=j
   2115       return
   2116 
   2117 End Subroutine findbranch


ENTRY POINTS

 Address      Type  Name       
                               
       FINDBRANCH              


SYMBOL CROSS REFERENCE

 Name                       Object Declared Type            Bytes Dimen Elements Attributes       References                        
                                                                                                                                    
 DS                         Local  2112     I(4)            4     1     1        ALC              2112                              
 FINDBRANCH                 Subr   2102                                                                                             
 FISHY                      Module 2104                                                           2104                              
 FNBP                       Local  2114     I(4)            4           scalar                    2114                              
 GLOBAL                     Module 2104                                                           2104                              
 INT                        Func   2110                                 scalar                    2110                              
 ISEG                       Local  2108     I(4)            4           scalar                    2110,2112                         
 J                          Local  2108     I(4)            4           scalar                    2111,2112,2114                    
 NBR                        Local  2111     I(4)            4           scalar                    2111                              
 SEG                        Dummy  2107     R(4)            4           scalar   ARG,INOUT        2110                              
 US                         Local  2112     I(4)            4     1     1        ALC              2112                              

Page 76          Source Listing                  FINDBRANCH
2026-03-30 08:48                                 ..\..\..\particle.f90

   2118 
   2119 Subroutine Part_transport
   2120 ! Compute passive particle transport including sedimentation
   2121     
   2122     Use Fishy
   2123     Use TRANS
   2124     USE GLOBAL
   2125     Use GEOMC
   2126     IMPLICIT NONE
   2127     
   2128     REAL :: DXMIN=0.0005, DZMIN1=0.0001,DZMAX1=0.5, COSTHETA, SINTHETA, DX1, DX2, DXAVG, RZ, RX, DZ1, DZ2, DZAVG, r1, r2
   2129     REAL :: DISPX, DISPZ, VEL
   2130 ! DXMIN,DZMIN1,DZMAX1 ! SW 2/01/01   in units of m2/s
   2131 
   2132         FXLOC = FXLOC + (FXVEL(5)) * (nfsfreq)*24.*3600.    ! New updated Part X-Location
   2133         FYLOC = FYLOC + (FYVEL) * (nfsfreq)*24.*3600.    ! New updated Part Y-Location
   2134         FZLOC = FZLOC + (FZVEL(5) + SEDVEL(FN)) * (nfsfreq)*24.*3600.    ! New updated Part Z-Location
   2135 
   2136         vel=sqrt(fxvel(5)*fxvel(5)+fzvel(5)*fzvel(5))
   2137 
   2138 ! Compute "Dispersion Processes"
   2139         if(vel.gt.1.0e-09)then
   2140         costheta=fxvel(5)/vel
   2141         sintheta=fzvel(5)/vel
   2142 !        Dispx=alphax*abs(fxvel(5))
   2143 !        Dispz=alphaz*abs(fzvel(5))
   2144 
   2145 ! average to segment centers - should be interpolated though   ! SW 2/01/01
   2146        DX1=DX(fkmp,fimp)
   2147        DX2=DX(fkmp,fimp-1)
   2148        if(dx1.le.0.0)dx1=dxmin
   2149        if(dx2.le.0.0)dx2=dxmin
   2150        DXAVG=0.5*(dx1+dx2)
   2151 
   2152        DZ1=DZ(fkmp,fimp)
   2153        if(fkmp.le.KTWBF)then
   2154        DZ2=DZ(fkmp,fimp)
   2155        else
   2156        DZ2=DZ(fkmp-1,fimp)
   2157        endif
   2158 ! Note during density inversions DZ is set to DZMAX1=1000. This leads to incredible
   2159 ! variations in RZ - constrain to DZ=0.5
   2160        if(dz1.gt.10.)dz1=dzmax1
   2161        if(dz2.gt.10.)dz2=dzmax1
   2162 
   2163        if(dz1.le.0.0)dz1=dzmin1
   2164        if(dz2.le.0.0)dz2=dzmin1
   2165        DZAVG=0.5*(dz1+dz2)
   2166 
   2167 !if(dzavg.gt.10)then
   2168 !write(DIAGFN,*)'DZAVG>10 JDAY:',jday,'dz1,dz2,fkmp,fimp,dz(fkmp,fimp),dz(fkmp-1,fimp)'
   2169 !write(DIAGFN,*)dz1,dz2,fkmp,fimp,dz(fkmp,fimp),dz(fkmp-1,fimp)
   2170 !end if
   2171 !if(dxavg.gt.20)then
   2172 !write(DIAGFN,*)'DXAVG>10 JDAY:',jday,'dx1,dx2,fkmp,fimp,dx(fkmp,fimp),dx(fkmp-1,fimp)'
   2173 !write(DIAGFN,*)dx1,dx2,fkmp,fimp,dx(fkmp,fimp),dx(fkmp,fimp-1)
   2174 !end if

Page 77          Source Listing                  PART_TRANSPORT
2026-03-30 08:48                                 ..\..\..\particle.f90

   2175 
   2176         IF(DXTHEORY==' ON')THEN
   2177             DISPX=5.84e-4*DLX(FIMP)**1.1
   2178             DISPZ=DZAVG
   2179         ELSE
   2180             Dispx=DXAVG  !*alphax            ! Note these should be interpolated rather than using nearest cell #
   2181             Dispz=DZAVG  !*alphaz
   2182         ENDIF
   2183 
   2184 ! COMPUTE DZ and DX by interpolating
   2185 
   2186         call random(seed,r1)
   2187         call random(seed,r2)
   2188 
   2189 !        r1=gasdev(seed)
   2190 !        r2=gasdev(seed)
   2191 
   2192         r1=(r1-0.5)*2.
   2193         r2=(r2-0.5)*2.
   2194 
   2195         RX=SQRT(6.0*Dispx*nfsfreq*86400.)*(r1*costheta-r2*sintheta)     ! DX is m2/s    nfsfreq is days
   2196         RZ=SQRT(6.0*Dispz*nfsfreq*86400.)*(r1*sintheta+r2*costheta)
   2197         
   2198 !write(9500,*)(r1*costheta-r2*sintheta),(r1*sintheta+r2*costheta)
   2199 
   2200 ! constrain random component to segment length and cell layer height
   2201         if(abs(rz).gt.h(KTWBF,fjr))rz=sign(1.0,rz)*h(KTWBF,fjr)   !.gt.h(fkmp,KTWBF))rz=sign(1.0,rz)*h(fkmp,KTWBF)    SW 7/1
   2201 /2017
   2202         if(abs(rx).gt.dlx(fimp))rx=sign(1.0,rx)*dlx(fimp)
   2203 
   2204 !if(rz.gt.2..or.rx.gt.1000.)then
   2205 !write(DIAGFN,*)'rx,rz,dispz,nfsfreq,r1,sintheta,r2,costheta,dzavg,alphaz,dxavg,alphax,dz1,dz2,dx1,dx2,vel,fxvel(5),fzvel(5)
   2205 '
   2206 !write(DIAGFN,*)rx,rz,dispz,nfsfreq,r1,sintheta,r2,costheta,dzavg,alphaz,dxavg,alphax,dz1,dz2,dx1,dx2,vel,fxvel(5),fzvel(5)
   2207 !end if
   2208 
   2209 !RX=SQRT(24.0*Dispx*nfsfreq)*(r1-0.5)
   2210 !RZ=SQRT(24.0*Dispz*nfsfreq)*(r2-0.5)
   2211 
   2212         else
   2213         RX=0.0
   2214         RZ=0.0
   2215 
   2216         end if
   2217 
   2218         FXLOC = FXLOC + RX   ! New updated Part X-Location
   2219         FYLOC = FYLOC + RX   ! New updated Part Y-Location
   2220         FZLOC = FZLOC + RZ    ! New updated Part Z-Location
   2221 
   2222 !if(rx.eq.0.0)then
   2223 !write(DIAGFN,*)'RX=0.0:rx,rz,dispx,r1,sintheta,r2,costheta,vel,fxvel(5)'  ! debug
   2224 !write(DIAGFN,*)rx,rz,dispx,r1,sintheta,r2,costheta,vel,fxvel(5)  ! debug
   2225 !end if
   2226 
   2227     return
   2228 
   2229 End Subroutine Part_transport

Page 78          Source Listing                  PART_TRANSPORT
2026-03-30 08:48 Entry Points                    ..\..\..\particle.f90



ENTRY POINTS

 Address      Type  Name           
                                   
       PART_TRANSPORT              


SYMBOL CROSS REFERENCE

 Name                       Object Declared Type            Bytes Dimen Elements Attributes       References                        
                                                                                                                                    
 ABS                        Func   2201                                 scalar                    2201,2202                         
 COSTHETA                   Local  2128     R(4)            4           scalar                    2140,2195,2196                    
 DISPX                      Local  2129     R(4)            4           scalar                    2177,2180,2195                    
 DISPZ                      Local  2129     R(4)            4           scalar                    2178,2181,2196                    
 DLX                        Local  2177     R(8)            8     1     1        ALC              2177,2202                         
 DX                         Local  2146     R(8)            8     2     1        ALC              2146,2147                         
 DX1                        Local  2128     R(4)            4           scalar                    2146,2148,2150                    
 DX2                        Local  2128     R(4)            4           scalar                    2147,2149,2150                    
 DXAVG                      Local  2128     R(4)            4           scalar                    2150,2180                         
 DXMIN                      Local  2128     R(4)            4           scalar                    2128,2148,2149                    
 DXTHEORY                   Local  2176     CHAR            3           scalar                    2176                              
 DZ                         Local  2152     R(8)            8     2     1        ALC              2152,2154,2156                    
 DZ1                        Local  2128     R(4)            4           scalar                    2152,2160,2163,2165               
 DZ2                        Local  2128     R(4)            4           scalar                    2154,2156,2161,2164,2165          
 DZAVG                      Local  2128     R(4)            4           scalar                    2165,2178,2181                    
 DZMAX1                     Local  2128     R(4)            4           scalar                    2128,2160,2161                    
 DZMIN1                     Local  2128     R(4)            4           scalar                    2128,2163,2164                    
 FIMP                       Local  2146     I(4)            4           scalar                    2146,2147,2152,2154,2156,2177,2202
 FISHY                      Module 2122                                                           2122                              
 FJR                        Local  2201     I(4)            4           scalar                    2201                              
 FKMP                       Local  2146     I(4)            4           scalar                    2146,2147,2152,2153,2154,2156     
 FN                         Local  2134     I(4)            4           scalar                    2134                              
 FXLOC                      Local  2132     R(4)            4           scalar                    2132,2218                         
 FXVEL                      Local  2132     R(8)            8     1     5                         2132,2136,2140                    
 FYLOC                      Local  2133     R(4)            4           scalar                    2133,2219                         
 FYVEL                      Local  2133     R(4)            4           scalar                    2133                              
 FZLOC                      Local  2134     R(4)            4           scalar                    2134,2220                         
 FZVEL                      Local  2134     R(8)            8     1     5                         2134,2136,2141                    
 GEOMC                      Module 2125                                                           2125                              
 GLOBAL                     Module 2124                                                           2124                              
 H                          Local  2201     R(8)            8     2     1        ALC              2201                              
 KTWBF                      Local  2153     I(4)            4           scalar                    2153,2201                         
 NFSFREQ                    Local  2132     R(8)            8           scalar                    2132,2133,2134,2195,2196          
 PART_TRANSPORT             Subr   2119                                                                                             
 R1                         Local  2128     R(4)            4           scalar                    2186,2192,2195,2196               
 R2                         Local  2128     R(4)            4           scalar                    2187,2193,2195,2196               
 RANDOM                     Subr   2186                                                           2186,2187                         
 RX                         Local  2128     R(4)            4           scalar                    2195,2202,2213,2218,2219          
 RZ                         Local  2128     R(4)            4           scalar                    2196,2201,2214,2220               
 SEDVEL                     Local  2134     R(4)            4     1     1        ALC              2134                              
 SEED                       Local  2186     I(4)            4           scalar                    2186,2187                         
 SIGN                       Func   2201                                 scalar                    2201,2202                         
 SINTHETA                   Local  2128     R(4)            4           scalar                    2141,2195,2196                    
 SQRT                       Func   2136                                 scalar                    2136,2195,2196                    

Page 79          Source Listing                  PART_TRANSPORT
2026-03-30 08:48 Symbol Table                    ..\..\..\particle.f90

 Name                       Object Declared Type            Bytes Dimen Elements Attributes       References                        
                                                                                                                                    
 TRANS                      Module 2123                                                           2123                              
 VEL                        Local  2129     R(4)            4           scalar                    2136,2139,2140,2141               

Page 80          Source Listing                  PART_TRANSPORT
2026-03-30 08:48                                 ..\..\..\particle.f90

   2230 
   2231     Function Gasdev(idum3)
   2232 IMPLICIT NONE    
   2233 INTEGER :: IDUM3,ISET
   2234 REAL :: V1,V2,R,FAC,GSET,GASDEV
   2235 
   2236 ! From S. Li, PSU, PArticle Transport Algorithm
   2237       data iset /0/
   2238       if (iset.eq.0)then
   2239  1       v1=2.*ran(idum3)-1
   2240 	 v2=2.*ran(idum3)-1
   2241 	 r=v1**2+v2**2
   2242 	 if(r.ge.1)goto 1
   2243 	 fac=sqrt(-2.*log(r)/r)
   2244 	 gset=v1*fac
   2245 	 gasdev=v2*fac
   2246 	 iset=1
   2247       else
   2248 	 gasdev=gset
   2249 	 iset=0
   2250       endif
   2251       return
   2252 
   2253     End Function Gasdev


ENTRY POINTS

 Address      Type  Name   
                           
       GASDEV              

Page 81          Source Listing                  GASDEV
2026-03-30 08:48 Symbol Table                    ..\..\..\particle.f90



SYMBOL CROSS REFERENCE

 Name                       Object Declared Type            Bytes Dimen Elements Attributes       References                        
                                                                                                                                    
 1                          Label  2239                                                           2242                              
 FAC                        Local  2234     R(4)            4           scalar                    2243,2244,2245                    
 GASDEV                     Local  2231     R(4)            4           scalar                                                      
 GASDEV                     Func   2231     R(4)            4           scalar                    2245,2248                         
 GSET                       Local  2234     R(4)            4           scalar                    2244,2248                         
 IDUM3                      Dummy  2233     I(4)            4           scalar   ARG,INOUT        2239,2240                         
 ISET                       Local  2233     I(4)            4           scalar                    2237,2238,2246,2249               
 LOG                        Func   2243                                 scalar                    2243                              
 R                          Local  2234     R(4)            4           scalar                    2241,2242,2243                    
 RAN                        Func   2239                                 scalar                    2239,2240                         
 SQRT                       Func   2243                                 scalar                    2243                              
 V1                         Local  2234     R(4)            4           scalar                    2239,2241,2244                    
 V2                         Local  2234     R(4)            4           scalar                    2240,2241,2245                    

Page 82          Source Listing                  GASDEV
2026-03-30 08:48                                 ..\..\..\particle.f90

   2254 
   2255 !**********************************
   2256    Subroutine lateral_velocity
   2257 ! SW 2/01/02   7/31/2017
   2258 
   2259    Use FISHY
   2260    USE GLOBAL
   2261    Use GEOMC
   2262    Use MAIN, only: EV, QPR, IWD
   2263    
   2264    IMPLICIT NONE
   2265    REAL :: XAREA
   2266    LOGICAL :: WITH_AT_PARTICLE_LOCATION
   2267    INTEGER :: IW
   2268    
   2269 ! Concept all QSS from each cell will be treated as a lateral withdrawal - each withdrawal will
   2270 ! be assigned a RHS or LHS looking downstream location; lateral velocity origin is the
   2271 ! segment/cell center. Velocities to the RHS are + and those to the LHS are -
   2272 !  IF RHS LOOKING DOWNSTREAM THEN VELOCITY IS POSITIVE, RIMPBR(I,1)>0
   2273 !  IF LHS LOOKING DOWNSTREAM THEN VELOCITY IS NEGATIVE, LIMPBR(I,1)>0
   2274 ! TRIBS AND INFLOWS IN QSS ARE ASSIGNED POSITIVE VALUES, WITHDRAWALS ARE NEGATIVE
   2275 !
   2276     WITH_AT_PARTICLE_LOCATION=.FALSE.
   2277 ! CHECK FOR WITHDRAWALS AT FIMP
   2278       DO IW=1,NWD
   2279           IF(FIMP==IWD(IW))THEN
   2280               WITH_AT_PARTICLE_LOCATION=.TRUE.
   2281               EXIT
   2282           ENDIF     
   2283       ENDDO
   2284 
   2285       IF(RIMPBR(FIMP,1) == 0 .AND. LIMPBR(FIMP,1) == 0 .AND. .NOT.WITH_AT_PARTICLE_LOCATION)THEN
   2286         FYVEL=0.0
   2287       ELSE
   2288           
   2289         if(fkmp.le.KTWB(fjr))then   
   2290             xarea=h1(KTWB(FJR),fimp)*dlx(fimp)
   2291             fyvel=(qss(KTWB(fjr),fimp)+ev(fimp)-QPR(FIMP))/xarea        ! ADD EVAPORATION AND REMOVE PRECIP BACK TO QSS...be
   2291  careful about evaporation which is also a -QSS flow
   2292 
   2293         IF(RIMPBR(FIMP,1) > 0)THEN
   2294             IF(BR_INACTIVE(RIMPBR(FIMP,2)))THEN
   2295                 FYVEL=0.0
   2296             ELSE
   2297                 fyvel=-fyvel  
   2298             ENDIF     
   2299         ELSEIF(LIMPBR(FIMP,1) > 0)THEN
   2300             IF(BR_INACTIVE(LIMPBR(FIMP,2)))THEN
   2301             FYVEL=0.0
   2302             ELSE
   2303             fyvel=fyvel   
   2304             ENDIF
   2305         ENDIF
   2306 
   2307         else
   2308         xarea=h1(fkmp,fIMP)*dlx(fimp)
   2309         fyvel=qss(fkmp,fimp)/xarea

Page 83          Source Listing                  LATERAL_VELOCITY
2026-03-30 08:48                                 ..\..\..\particle.f90

   2310         
   2311         IF(RIMPBR(FIMP,1) > 0)THEN
   2312             IF(.NOT.BR_INACTIVE(RIMPBR(FIMP,2)) .AND. FKMP <= KB(DS(RIMPBR(FIMP,2))))THEN
   2313             fyvel=-fyvel  
   2314             ELSE
   2315             FYVEL=0.0
   2316             ENDIF        
   2317         ELSEIF(LIMPBR(FIMP,1) > 0)THEN
   2318             IF(.NOT.BR_INACTIVE(LIMPBR(FIMP,2)) .AND. FKMP <= KB(DS(LIMPBR(FIMP,2))))THEN
   2319             fyvel=fyvel   
   2320             ELSE
   2321             FYVEL=0.0
   2322             ENDIF
   2323         ENDIF
   2324         
   2325         end if
   2326     ENDIF
   2327     
   2328     return
   2329     end


ENTRY POINTS

 Address      Type  Name             
                                     
       LATERAL_VELOCITY              


SYMBOL CROSS REFERENCE

 Name                       Object Declared Type            Bytes Dimen Elements Attributes       References                        
                                                                                                                                    
 BR_INACTIVE                Local  2294     L(4)            4     1     1        ALC              2294,2300,2312,2318               
 DLX                        Local  2290     R(8)            8     1     1        ALC              2290,2308                         
 DS                         Local  2312     I(4)            4     1     1        ALC              2312,2318                         
 EV                         Local  2262     R(8)            8     1     1        ALC              2262,2291                         
 FIMP                       Local  2279     I(4)            4           scalar                    2279,2285,2290,2291,2293,2294,2299
                                                                                                  ,2300,2308,2309,2311,2312,2317,231
                                                                                                  8                                 
 FISHY                      Module 2259                                                           2259                              
 FJR                        Local  2289     I(4)            4           scalar                    2289,2290,2291                    
 FKMP                       Local  2289     I(4)            4           scalar                    2289,2308,2309,2312,2318          
 FYVEL                      Local  2286     R(4)            4           scalar                    2286,2291,2295,2297,2301,2303,2309
                                                                                                  ,2313,2315,2319,2321              
 GEOMC                      Module 2261                                                           2261                              
 GLOBAL                     Module 2260                                                           2260                              
 H1                         Local  2290     R(8)            8     2     1        ALC              2290,2308                         
 IW                         Local  2267     I(4)            4           scalar                    2278,2279                         
 IWD                        Local  2262     I(4)            4     1     1        ALC              2262,2279                         
 KB                         Local  2312     I(4)            4     1     1        ALC              2312,2318                         
 KTWB                       Local  2289     I(4)            4     1     1        ALC              2289,2290,2291                    
 LATERAL_VELOCITY           Subr   2256                                                                                             
 LIMPBR                     Local  2285     I(4)            4     2     1        ALC              2285,2299,2300,2317,2318          
 MAIN                       Module 2262                                                           2262                              
 NWD                        Local  2278     I(4)            4           scalar                    2278                              
 QPR                        Local  2262     R(8)            8     1     1        ALC              2262,2291                         

Page 84          Source Listing                  LATERAL_VELOCITY
2026-03-30 08:48 Symbol Table                    ..\..\..\particle.f90

 Name                       Object Declared Type            Bytes Dimen Elements Attributes       References                        
                                                                                                                                    
 QSS                        Local  2291     R(8)            8     2     1        ALC              2291,2309                         
 RIMPBR                     Local  2285     I(4)            4     2     1        ALC              2285,2293,2294,2311,2312          
 WITH_AT_PARTICLE_LOCATION  Local  2266     L(4)            4           scalar                    2276,2280,2285                    
 XAREA                      Local  2265     R(4)            4           scalar                    2290,2291,2308,2309               

Page 85          Source Listing                  LATERAL_VELOCITY
2026-03-30 08:48                                 ..\..\..\particle.f90

   2330 !************************************
   2331    SUBROUTINE HISTOGRAM
   2332    USE Fishy; USE GLOBAL; USE GEOMC; USE MAIN, ONLY: KBI
   2333    IMPLICIT NONE
   2334    REAL :: DepthParticle,V_CRIT,D_CRIT,T_CRIT
   2335    INTEGER :: N,K
   2336     
   2337     N=FN   ! N IS THE FISH NUMBER - THIS ROUTINE IS CALLED FOR EACH FISH FN
   2338 ! Velocity
   2339     K=FKMP
   2340     I=FIMP
   2341     DepthParticle=ELWS(I)-EL(K,I)+FZLOC
   2342     
   2343     IF(HIST_V.OR.HIST_T.OR.HIST_D)sumvolt(N)=sumvolt(N)+dlt   ! ONLY COMPUTED ONCE
   2344      
   2345         IF(HIST_V)THEN
   2346             v_tot(N)=v_tot(N)+u(k,i)*dlt
   2347             v_cnt(N)=v_cnt(N)+dlt
   2348             v_crit=vel_top
   2349             if(u(k,i).ge.vel_top)v_class(N,1)=v_class(N,1)+dlt
   2350             do jj=2,numclass
   2351               if(u(k,i).lt.v_crit.and.u(k,i).ge.v_crit-vel_int)then
   2352                 v_class(N,jj)=v_class(N,jj)+dlt
   2353                 go to 210
   2354               else
   2355                 v_crit=v_crit-vel_int
   2356               end if
   2357               if(jj.eq.numclass.and.u(k,i).lt.v_crit+vel_int)then
   2358                 v_class(N,jj)=v_class(N,jj)+dlt
   2359               end if
   2360             end do
   2361         ENDIF
   2362         
   2363 210       continue
   2364 
   2365              if(HIST_T)then
   2366 
   2367             t_tot(N)=t_tot(N)+t2(k,i)*dlt
   2368             t_cnt(N)=t_cnt(N)+dlt
   2369             t_crit=temp_top
   2370             if(t2(k,i).ge.temp_top)t_class(N,1)=t_class(N,1)+dlt
   2371             do jj=2,numclass
   2372               if(t2(k,i).lt.t_crit.and.t2(k,i).ge.t_crit-temp_int)then
   2373                 t_class(N,jj)=t_class(N,jj)+dlt
   2374                 go to 200
   2375               else
   2376                 t_crit=t_crit-temp_int
   2377               end if
   2378               if(jj.eq.numclass.and.t2(k,i).lt.t_crit+temp_int)then
   2379                 t_class(N,jj)=t_class(N,jj)+dlt
   2380               end if
   2381             end do
   2382           end if
   2383 200       continue    
   2384        
   2385 ! Depth
   2386            IF(HIST_D)THEN

Page 86          Source Listing                  HISTOGRAM
2026-03-30 08:48                                 ..\..\..\particle.f90

   2387             d_tot(N)=d_tot(N)+DepthParticle*dlt           ! SW changed all KB(I to KBI(I    8/2018              d_tot(N)=d_t
   2387 ot(N)+depthb(kbi(i),i)*dlt
   2388             d_cnt(N)=d_cnt(N)+dlt
   2389             d_crit=d_top
   2390             if(DepthParticle.ge.d_top)d_class(N,1)=d_class(N,1)+dlt                   ! if(depthb(kbi(i),i).ge.d_top)d_class
   2390 (N,1)=d_class(N,1)+dlt
   2391             do jj=2,numclass
   2392               if(DepthParticle.lt.d_crit.and.DepthParticle.ge.d_crit-d_int)then    ! if(depthb(kbi(i),i).lt.d_crit.and.depth
   2392 b(kbi(i),i).ge.d_crit-d_int)then
   2393                 d_class(N,jj)=d_class(N,jj)+dlt
   2394                 go to 300
   2395               else
   2396                 d_crit=d_crit-d_int
   2397               end if
   2398               if(jj.eq.numclass.and.DepthParticle.lt.d_crit+d_int)then                !if(jj.eq.numclass.and.depthb(kbi(i),i
   2398 ).lt.d_crit+d_int)then
   2399                 d_class(N,jj)=d_class(N,jj)+dlt
   2400               end if
   2401             end do
   2402           end if
   2403 300       continue
   2404 
   2405           RETURN
   2406           
   2407    
   2408     END SUBROUTINE HISTOGRAM


ENTRY POINTS

 Address      Type  Name      
                              
       HISTOGRAM              

Page 87          Source Listing                  HISTOGRAM
2026-03-30 08:48 Symbol Table                    ..\..\..\particle.f90



SYMBOL CROSS REFERENCE

 Name                       Object Declared Type            Bytes Dimen Elements Attributes       References                        
                                                                                                                                    
 200                        Label  2383                                                           2374                              
 210                        Label  2363                                                           2353                              
 300                        Label  2403                                                           2394                              
 DEPTHPARTICLE              Local  2334     R(4)            4           scalar                    2341,2387,2390,2392,2398          
 DLT                        Local  2343     R(8)            8           scalar                    2343,2346,2347,2349,2352,2358,2367
                                                                                                  ,2368,2370,2373,2379,2387,2388,239
                                                                                                  0,2393,2399                       
 D_CLASS                    Local  2390     R(4)            4     2     1        ALC              2390,2393,2399                    
 D_CNT                      Local  2388     R(4)            4     1     1        ALC              2388                              
 D_CRIT                     Local  2334     R(4)            4           scalar                    2389,2392,2396,2398               
 D_INT                      Local  2392     R(4)            4           scalar                    2392,2396,2398                    
 D_TOP                      Local  2389     R(4)            4           scalar                    2389,2390                         
 D_TOT                      Local  2387     R(4)            4     1     1        ALC              2387                              
 EL                         Local  2341     R(8)            8     2     1        ALC              2341                              
 ELWS                       Local  2341     R(8)            8     1     1        ALC              2341                              
 FIMP                       Local  2340     I(4)            4           scalar                    2340                              
 FISHY                      Module 2332                                                           2332                              
 FKMP                       Local  2339     I(4)            4           scalar                    2339                              
 FN                         Local  2337     I(4)            4           scalar                    2337                              
 FZLOC                      Local  2341     R(4)            4           scalar                    2341                              
 GEOMC                      Module 2332                                                           2332                              
 GLOBAL                     Module 2332                                                           2332                              
 HISTOGRAM                  Subr   2331                                                                                             
 HIST_D                     Local  2343     L(4)            4           scalar                    2343,2386                         
 HIST_T                     Local  2343     L(4)            4           scalar                    2343,2365                         
 HIST_V                     Local  2343     L(4)            4           scalar                    2343,2345                         
 I                          Local  2340     I(4)            4           scalar                    2340,2341,2346,2349,2351,2357,2367
                                                                                                  ,2370,2372,2378                   
 JJ                         Local  2350     I(4)            4           scalar                    2350,2352,2357,2358,2371,2373,2378
                                                                                                  ,2379,2391,2393,2398,2399         
 K                          Local  2335     I(4)            4           scalar                    2339,2341,2346,2349,2351,2357,2367
                                                                                                  ,2370,2372,2378                   
 KBI                        Local  2332     I(4)            4     1     1        ALC              2332                              
 MAIN                       Module 2332                                                           2332                              
 N                          Local  2335     I(4)            4           scalar                    2337,2343,2346,2347,2349,2352,2358
                                                                                                  ,2367,2368,2370,2373,2379,2387,238
                                                                                                  8,2390,2393,2399                  
 NUMCLASS                   Local  2350     I(4)            4           scalar                    2350,2357,2371,2378,2391,2398     
 SUMVOLT                    Local  2343     R(4)            4     1     1        ALC              2343                              
 T2                         Local  2367     R(8)            8     2     1        PTR              2367,2370,2372,2378               
 TEMP_INT                   Local  2372     R(4)            4           scalar                    2372,2376,2378                    
 TEMP_TOP                   Local  2369     R(4)            4           scalar                    2369,2370                         
 T_CLASS                    Local  2370     R(4)            4     2     1        ALC              2370,2373,2379                    
 T_CNT                      Local  2368     R(4)            4     1     1        ALC              2368                              
 T_CRIT                     Local  2334     R(4)            4           scalar                    2369,2372,2376,2378               
 T_TOT                      Local  2367     R(4)            4     1     1        ALC              2367                              
 U                          Local  2346     R(8)            8     2     1        PTR              2346,2349,2351,2357               
 VEL_INT                    Local  2351     R(4)            4           scalar                    2351,2355,2357                    
 VEL_TOP                    Local  2348     R(4)            4           scalar                    2348,2349                         
 V_CLASS                    Local  2349     R(4)            4     2     1        ALC              2349,2352,2358                    
 V_CNT                      Local  2347     R(4)            4     1     1        ALC              2347                              

Page 88          Source Listing                  HISTOGRAM
2026-03-30 08:48 Symbol Table                    ..\..\..\particle.f90

 Name                       Object Declared Type            Bytes Dimen Elements Attributes       References                        
                                                                                                                                    
 V_CRIT                     Local  2334     R(4)            4           scalar                    2348,2351,2355,2357               
 V_TOT                      Local  2346     R(4)            4     1     1        ALC              2346                              

Page 89          Source Listing                  HISTOGRAM_OUTPUT
2026-03-30 08:48                                 ..\..\..\particle.f90

   2409     SUBROUTINE HISTOGRAM_OUTPUT
   2410         USE Fishy; USE ENVIRPMOD, only: CONE
   2411         integer :: N,I
   2412         real :: TEMP_C,VEL_C,D_C
   2413         
   2414         if(HIST_T)then
   2415           DO N=1,NFISH
   2416           if(t_cnt(N).gt.0.0)then
   2417           t_avg(N)=t_tot(N)/t_cnt(N)
   2418           else
   2419           t_avg(N)=0.0
   2420           end if
   2421           ENDDO
   2422 
   2423         open(CONE,file='envrprf_t_particle.csv',status='unknown')
   2424         write(CONE,*)'Temperature interval,Fraction of time,Number of Particles:',nfish,','
   2425         write(CONE,'("Interval,",<NFISH>("Particle",i4,","))')(I,I=1,NFISH)   !"Interval,",<NFISH>("Particle",i4,",")
   2426         temp_c=temp_top
   2427           do i=1,numclass
   2428           write(CONE,125)temp_c,(t_class(N,i)/sumvolt(N),N=1,NFISH)
   2429           temp_c=temp_c-temp_int
   2430           DO N=1,NFISH
   2431           t_sum(N)=t_sum(N)+t_class(N,i)/sumvolt(N)
   2432           ENDDO
   2433           end do
   2434         write(CONE,'(1x)')
   2435         write(CONE,'(" Sum of fractions, ",<nfish>(e12.4,","))')(t_sum(N),N=1,NFISH)
   2436         write(CONE,'(1x)')
   2437         write(CONE,'(" Average, ",<nfish>(e12.4,","))')(t_avg(N), N=1,NFISH)
   2438         close(CONE)
   2439         end if
   2440 
   2441         if(HIST_V)then
   2442             DO N=1,NFISH
   2443           if(v_cnt(N).gt.0.0)then
   2444           v_avg(N)=v_tot(N)/v_cnt(N)
   2445           else
   2446           v_avg(N)=0.0
   2447           end if
   2448           ENDDO
   2449         open(CONE,file='envrprf_v_particle.csv',status='unknown')
   2450         write(CONE,*)'Velocity interval,Fraction of volume,Number of Particles:',nfish,','
   2451         write(CONE,'("Interval,",<NFISH>("Particle",i4,","))')(I,I=1,NFISH)
   2452         vel_c=vel_top
   2453           do i=1,numclass
   2454           write(CONE,125)vel_c,(v_class(N,i)/sumvolt(N),N=1,NFISH)
   2455           vel_c=vel_c-vel_int
   2456           DO N=1,NFISH
   2457           v_sum(N)=v_sum(N)+v_class(N,i)/sumvolt(N)
   2458           ENDDO
   2459           end do
   2460         write(CONE,'(1x)')
   2461         write(CONE,'(" Sum of fractions, ",<nfish>(e12.4,","))')(v_sum(N),N=1,NFISH)
   2462         write(CONE,'(1x)')
   2463         write(CONE,'(" Average, ",<nfish>(e12.4,","))')(v_avg(N),N=1,NFISH)
   2464         close(CONE)
   2465         end if

Page 90          Source Listing                  HISTOGRAM_OUTPUT
2026-03-30 08:48                                 ..\..\..\particle.f90

   2466         
   2467         
   2468         if(HIST_D)then
   2469           DO N=1,NFISH
   2470           if(d_cnt(N).gt.0.0)then
   2471           d_avg(N)=d_tot(N)/d_cnt(N)
   2472           else
   2473           d_avg(N)=0.0
   2474           end if
   2475           END DO
   2476         open(CONE,file='envrprf_depth_particle.csv',status='unknown')
   2477         write(CONE,*)'Depth interval,Fraction of time,Number of Particles:',nfish,','
   2478         write(CONE,'("Interval,",<NFISH>("Particle",i4,","))')(I,I=1,NFISH)
   2479         d_c=d_top
   2480           do i=1,numclass
   2481           write(CONE,125)d_c,(d_class(N,i)/d_cnt(N),n=1,nfish)
   2482           d_c=d_c-d_int
   2483           DO N=1,NFISH
   2484           d_sum(N)=d_sum(N)+d_class(N,i)/d_cnt(N)
   2485           ENDDO
   2486           end do
   2487         write(CONE,'(1x)')
   2488         write(CONE,'(" Sum of fractions, ",<nfish>(e12.4,","))')(d_sum(N), N=1,NFISH)
   2489         write(CONE,'(1x)')
   2490         write(CONE,'(" Average, ",<nfish>(e12.4,","))')(d_avg(N), N=1,NFISH)
   2491         close(CONE)
   2492         end if
   2493 
   2494 125       format((f8.2,',',<NFISH>(e12.4,',')))
   2495 
   2496     RETURN
   2497     END SUBROUTINE HISTOGRAM_OUTPUT

Page 91          Source Listing                  HISTOGRAM_OUTPUT
2026-03-30 08:48 Entry Points                    ..\..\..\particle.f90



ENTRY POINTS

 Address      Type  Name             
                                     
       HISTOGRAM_OUTPUT              


SYMBOL CROSS REFERENCE

 Name                       Object Declared Type            Bytes Dimen Elements Attributes       References                        
                                                                                                                                    
 125                        Label  2494                                                           2428,2454,2481                    
 CONE                       Local  2410     I(4)            4           scalar                    2410,2423,2424,2425,2428,2434,2435
                                                                                                  ,2436,2437,2438,2449,2450,2451,245
                                                                                                  4,2460,2461,2462,2463,2464,2476,24
                                                                                                  77,2478,2481,2487,2488,2489,2490,2
                                                                                                  491                               
 D_AVG                      Local  2471     R(4)            4     1     1        ALC              2471,2473,2490                    
 D_C                        Local  2412     R(4)            4           scalar                    2479,2481,2482                    
 D_CLASS                    Local  2481     R(4)            4     2     1        ALC              2481,2484                         
 D_CNT                      Local  2470     R(4)            4     1     1        ALC              2470,2471,2481,2484               
 D_INT                      Local  2482     R(4)            4           scalar                    2482                              
 D_SUM                      Local  2484     R(4)            4     1     1        ALC              2484,2488                         
 D_TOP                      Local  2479     R(4)            4           scalar                    2479                              
 D_TOT                      Local  2471     R(4)            4     1     1        ALC              2471                              
 ENVIRPMOD                  Module 2410                                                           2410                              
 FISHY                      Module 2410                                                           2410                              
 HISTOGRAM_OUTPUT           Subr   2409                                                                                             
 HIST_D                     Local  2468     L(4)            4           scalar                    2468                              
 HIST_T                     Local  2414     L(4)            4           scalar                    2414                              
 HIST_V                     Local  2441     L(4)            4           scalar                    2441                              
 I                          Local  2411     I(4)            4           scalar                    2425,2427,2428,2431,2451,2453,2454
                                                                                                  ,2457,2478,2480,2481,2484         
 LA                         Label  2425                                                                                             
 LB                         Label  2425                                                                                             
 LC                         Label  2435                                                                                             
 LD                         Label  2435                                                                                             
 LE                         Label  2437                                                                                             
 LF                         Label  2437                                                                                             
 LG                         Label  2451                                                                                             
 LH                         Label  2451                                                                                             
 LI                         Label  2461                                                                                             
 LJ                         Label  2461                                                                                             
 LK                         Label  2463                                                                                             
 LL                         Label  2463                                                                                             
 LM                         Label  2478                                                                                             
 LN                         Label  2478                                                                                             
 LO                         Label  2488                                                                                             
 LP                         Label  2488                                                                                             
 LQ                         Label  2490                                                                                             
 LR                         Label  2490                                                                                             
 N                          Local  2411     I(4)            4           scalar                    2415,2416,2417,2419,2428,2430,2431
                                                                                                  ,2435,2437,2442,2443,2444,2446,245
                                                                                                  4,2456,2457,2461,2463,2469,2470,24
                                                                                                  71,2473,2481,2483,2484,2488,2490  

Page 92          Source Listing                  HISTOGRAM_OUTPUT
2026-03-30 08:48 Symbol Table                    ..\..\..\particle.f90

 Name                       Object Declared Type            Bytes Dimen Elements Attributes       References                        
                                                                                                                                    
 NFISH                      Local  2415     I(4)            4           scalar                    2415,2424,2425,2428,2430,2435,2437
                                                                                                  ,2442,2450,2451,2454,2456,2461,246
                                                                                                  3,2469,2477,2478,2481,2483,2488,24
                                                                                                  90,2494                           
 NUMCLASS                   Local  2427     I(4)            4           scalar                    2427,2453,2480                    
 SUMVOLT                    Local  2428     R(4)            4     1     1        ALC              2428,2431,2454,2457               
 TEMP_C                     Local  2412     R(4)            4           scalar                    2426,2428,2429                    
 TEMP_INT                   Local  2429     R(4)            4           scalar                    2429                              
 TEMP_TOP                   Local  2426     R(4)            4           scalar                    2426                              
 T_AVG                      Local  2417     R(4)            4     1     1        ALC              2417,2419,2437                    
 T_CLASS                    Local  2428     R(4)            4     2     1        ALC              2428,2431                         
 T_CNT                      Local  2416     R(4)            4     1     1        ALC              2416,2417                         
 T_SUM                      Local  2431     R(4)            4     1     1        ALC              2431,2435                         
 T_TOT                      Local  2417     R(4)            4     1     1        ALC              2417                              
 VEL_C                      Local  2412     R(4)            4           scalar                    2452,2454,2455                    
 VEL_INT                    Local  2455     R(4)            4           scalar                    2455                              
 VEL_TOP                    Local  2452     R(4)            4           scalar                    2452                              
 V_AVG                      Local  2444     R(4)            4     1     1        ALC              2444,2446,2463                    
 V_CLASS                    Local  2454     R(4)            4     2     1        ALC              2454,2457                         
 V_CNT                      Local  2443     R(4)            4     1     1        ALC              2443,2444                         
 V_SUM                      Local  2457     R(4)            4     1     1        ALC              2457,2461                         
 V_TOT                      Local  2444     R(4)            4     1     1        ALC              2444                              

Page 93          Source Listing                  PARTICLE_DEALLOCATE
2026-03-30 08:48                                 ..\..\..\particle.f90

   2498    SUBROUTINE PARTICLE_DEALLOCATE
   2499     USE Fishy
   2500 
   2501     DEAllocate(FISHES,WQFIELD,FLOWFIELD,NETCATCH,SNDCATCH,RIMPBR,LIMPBR, NODES,&
   2502            NDINFO,CORNERS,LASTFIELD,BRCHFISH,NBRF)
   2503     DEALLOCATE(NEXT_BRANCH,FNEXT)
   2504     DEallocate(totele,totbrnn)  
   2505     DEAllocate(ifish,ifisht,ifishb,delaydateinit,fxlocinit,fzlocinit,sedvelinit) 
   2506      DEALLOCATE (GROUP,FXLOCI,FZLOCI,DELAYDATE,SEDVEL)
   2507         IF(NUMCLASS /= 0)DEALLOCATE(SUMVOLT)
   2508         IF(VEL_INT /= 0.0)THEN
   2509             DEallocate (v_class)
   2510             DEALLOCATE(V_TOT,V_CNT,V_SUM,V_AVG)   
   2511         ENDIF
   2512         IF(TEMP_INT /= 0.0)THEN
   2513              DEALLOCATE (T_TOT,T_CNT,T_SUM,T_AVG)
   2514              DEallocate (t_class)
   2515         ENDIF
   2516         
   2517         IF(D_INT /= 0.0)THEN
   2518             DEALLOCATE (D_TOT,D_CNT,D_SUM,D_AVG)
   2519             DEallocate(d_class)
   2520         ENDIF
   2521            DEALLOCATE(IMONITOR,TMONITOR,XSHIFTMONITOR,MONITORONOFF)
   2522 
   2523    RETURN
   2524    END SUBROUTINE PARTICLE_DEALLOCATE


ENTRY POINTS

 Address      Type  Name                
                                        
       PARTICLE_DEALLOCATE              

Page 94          Source Listing                  PARTICLE_DEALLOCATE
2026-03-30 08:48 Symbol Table                    ..\..\..\particle.f90



SYMBOL CROSS REFERENCE

 Name                       Object Declared Type            Bytes Dimen Elements Attributes       References                        
                                                                                                                                    
 BRCHFISH                   Local  2502     R(4)            4     3     1        ALC              2502                              
 CORNERS                    Local  2502     I(4)            4     3     1        ALC              2502                              
 DELAYDATE                  Local  2506     R(4)            4     1     1        ALC              2506                              
 DELAYDATEINIT              Local  2505     R(4)            4     1     1        ALC              2505                              
 D_AVG                      Local  2518     R(4)            4     1     1        ALC              2518                              
 D_CLASS                    Local  2519     R(4)            4     2     1        ALC              2519                              
 D_CNT                      Local  2518     R(4)            4     1     1        ALC              2518                              
 D_INT                      Local  2517     R(4)            4           scalar                    2517                              
 D_SUM                      Local  2518     R(4)            4     1     1        ALC              2518                              
 D_TOT                      Local  2518     R(4)            4     1     1        ALC              2518                              
 FISHES                     Local  2501     R(4)            4     2     1        ALC              2501                              
 FISHY                      Module 2499                                                           2499                              
 FLOWFIELD                  Local  2501     R(4)            4     3     1        ALC              2501                              
 FNEXT                      Local  2503     I(4)            4     1     1        ALC              2503                              
 FXLOCI                     Local  2506     R(4)            4     1     1        ALC              2506                              
 FXLOCINIT                  Local  2505     R(4)            4     1     1        ALC              2505                              
 FZLOCI                     Local  2506     R(4)            4     1     1        ALC              2506                              
 FZLOCINIT                  Local  2505     R(4)            4     1     1        ALC              2505                              
 GROUP                      Local  2506     I(4)            4     1     1        ALC              2506                              
 IFISH                      Local  2505     I(4)            4     1     1        ALC              2505                              
 IFISHB                     Local  2505     I(4)            4     1     1        ALC              2505                              
 IFISHT                     Local  2505     I(4)            4     1     1        ALC              2505                              
 IMONITOR                   Local  2521     I(4)            4     1     1        ALC              2521                              
 LASTFIELD                  Local  2502     R(4)            4     3     1        ALC              2502                              
 LIMPBR                     Local  2501     I(4)            4     2     1        ALC              2501                              
 MONITORONOFF               Local  2521     I(4)            4     2     1        ALC              2521                              
 NBRF                       Local  2502     I(4)            4     1     1        ALC              2502                              
 NDINFO                     Local  2502     I(4)            4     2     1        ALC              2502                              
 NETCATCH                   Local  2501     I(4)            4     3     1        ALC              2501                              
 NEXT_BRANCH                Local  2503     L(4)            4     1     1        ALC              2503                              
 NODES                      Local  2501     R(4)            4     3     1        ALC              2501                              
 NUMCLASS                   Local  2507     I(4)            4           scalar                    2507                              
 PARTICLE_DEALLOCATE        Subr   2498                                                                                             
 RIMPBR                     Local  2501     I(4)            4     2     1        ALC              2501                              
 SEDVEL                     Local  2506     R(4)            4     1     1        ALC              2506                              
 SEDVELINIT                 Local  2505     R(4)            4     1     1        ALC              2505                              
 SNDCATCH                   Local  2501     R(4)            4     3     1        ALC              2501                              
 SUMVOLT                    Local  2507     R(4)            4     1     1        ALC              2507                              
 TEMP_INT                   Local  2512     R(4)            4           scalar                    2512                              
 TMONITOR                   Local  2521     R(4)            4     2     1        ALC              2521                              
 TOTBRNN                    Local  2504     I(4)            4     1     1        ALC,SAVE         2504                              
 TOTELE                     Local  2504     I(4)            4     1     1        ALC,SAVE         2504                              
 T_AVG                      Local  2513     R(4)            4     1     1        ALC              2513                              
 T_CLASS                    Local  2514     R(4)            4     2     1        ALC              2514                              
 T_CNT                      Local  2513     R(4)            4     1     1        ALC              2513                              
 T_SUM                      Local  2513     R(4)            4     1     1        ALC              2513                              
 T_TOT                      Local  2513     R(4)            4     1     1        ALC              2513                              
 VEL_INT                    Local  2508     R(4)            4           scalar                    2508                              
 V_AVG                      Local  2510     R(4)            4     1     1        ALC              2510                              
 V_CLASS                    Local  2509     R(4)            4     2     1        ALC              2509                              
 V_CNT                      Local  2510     R(4)            4     1     1        ALC              2510                              

Page 95          Source Listing                  PARTICLE_DEALLOCATE
2026-03-30 08:48 Symbol Table                    ..\..\..\particle.f90

 Name                       Object Declared Type            Bytes Dimen Elements Attributes       References                        
                                                                                                                                    
 V_SUM                      Local  2510     R(4)            4     1     1        ALC              2510                              
 V_TOT                      Local  2510     R(4)            4     1     1        ALC              2510                              
 WQFIELD                    Local  2501     R(4)            4     3     1        ALC              2501                              
 XSHIFTMONITOR              Local  2521     R(4)            4     1     1        ALC              2521                              

Page 96          Source Listing                  PARTICLE_DEALLOCATE
2026-03-30 08:48 Subprograms/Common Blocks       ..\..\..\particle.f90



SUBPROGRAMS/COMMON BLOCKS

 Name                       Object Declared Type            Bytes Dimen Elements Attributes       References                        
                                                                                                                                    
 FIMPBR                     Subr   869                                                                                              
 FINDBRANCH                 Subr   2102                                                                                             
 FINDNEWBR                  Subr   928                                                                                              
 FISH                       Subr   127                                                                                              
 FISHOUTPUT                 Subr   1921                                                                                             
 FISHPLOT                   Subr   1684                                                                                             
 FISHY                      Module 17                                                                                               
 GASDEV                     Func   2231     R(4)            4           scalar                    2245,2248                         
 GRIDPLOT                   Subr   1016                                                                                             
 HISTOGRAM                  Subr   2331                                                                                             
 HISTOGRAM_OUTPUT           Subr   2409                                                                                             
 INTERCONST                 Subr   1267                                                                                             
 INTERFLOWF                 Subr   1422                                                                                             
 LATERAL_VELOCITY           Subr   2256                                                                                             
 NEXTBRANCH                 Subr   797                                                                                              
 PARTICLE_DEALLOCATE        Subr   2498                                                                                             
 PART_TRANSPORT             Subr   2119                                                                                             
 RANDOM                     Subr   845                                                                                              
 READ_FISH_DATA             Subr   1954                                                                                             
 SPLINE                     Subr   1826                                                                                             
 WHATJR                     Subr   965                                                                                              

COMPILER OPTIONS BEING USED

  /noOa                                 /Qansi-alias
  /align:noall                          /align:nonone
  /align:nocommons                      /align:nodcommons
  /align:noqcommons                     /align:nozcommons
  /align:records                        /align:nosequence
  /align:norec1byte                     /align:norec2byte
  /align:norec4byte                     /align:norec8byte
  /align:norec16byte                    /align:norec32byte
  /align:norec64byte                    /align:noarray8byte
  /align:noarray16byte                  /align:noarray32byte
  /align:noarray64byte                  /align:noarray128byte
  /align:noarray256byte                 /altparam
  /assume:accuracy_sensitive            /assume:noaligned_dummy_args
  /assume:nobscc                        /assume:nobuffered_io
  /assume:nobuffered_stdout             /assume:nobyterecl
  /assume:nocontiguous_assumed_shape    /assume:nocontiguous_pointer
  /assume:nocc_omp                      /assume:nocstring
  /assume:nodummy_aliases               /assume:nofailed_images
  /assume:nofpe_summary                 /assume:noieee_compares
  /assume:noieee_fpe_flags              /assume:noieee_mode_restore
  /assume:nominus0                      /assume:noold_boz
  /assume:old_complex_align             /assume:old_e0g0_format
  /assume:old_unit_star                 /assume:old_inquire_recl
  /assume:old_ldout_format              /assume:old_ldout_zero
  /assume:noold_logical_assign          /assume:noold_logical_ldio
  /assume:old_maxminloc                 /assume:old_xor
  /assume:noprotect_allocates           /assume:protect_constants

Page 97          Source Listing                  PARTICLE_DEALLOCATE
2026-03-30 08:48                                 ..\..\..\particle.f90

  /assume:noprotect_parens              /assume:realloc_lhs
  /assume:norecursion                   /assume:source_include
  /assume:nostd_expon_output            /assume:nostd_intent_in
  /assume:std_minus0_rounding           /assume:nostd_mod_proc_name
  /assume:std_value                     /assume:nounderscore
  /assume:no2underscores                /noauto
  /auto_scalar                          /nobintext
  /ccdefault:default                    /check:noall
  /check:nonone                         /check:noarg_temp_created
  /check:noassume                       /check:nobounds
  /check:nocontiguous                   /check:noformat
  /check:nooutput_conversion            /check:nooverflow
  /check:nopointers                     /check:noshape
  /check:nostack                        /check:noteams
  /check:nouninitialized                /check:noudio_iostat
  /Qcoarray-num-procs:0                 /noQcoarray-config-file
  /convert:native                       /cross_reference
  /D:__INTEL_LLVM_COMPILER=20250000     /D:__INTEL_LLVM_COMPILER_UPDATE=0
  /D:_WIN32                             /D:_M_AMD64=100
  /D:_M_X64=100                         /D:_WIN64=1
  /D:_MSC_VER=1500                      /D:_MSC_FULL_VER=150011209
  /D:_MSC_EXTENSIONS                    /D:_MT
  /D:__INTEL_COMPILER_BUILD_DATE=20241008  /D:__MMX__
  /D:__SSE__                            /D:__SSE_MATH__
  /D:__SSE2__                           /D:__SSE2_MATH__
  /D:__pentium4                         /D:__pentium4__
  /D:__tune_pentium4__                  /D:__INTEL_COMPILER=20250000
  /D:__INTEL_COMPILER_UPDATE=0          /double_size:64
  /nod_lines                            /noQdyncom
  /emit-obj                             /error_limit:30
  /nof66                                /nof77rtl
  /faltmathlib=:SVML                    /nofast
  /nofwrapv                             /fpscomp:nofilesfromcmd
  /fpscomp:nogeneral                    /fpscomp:noioformat
  /fpscomp:noldio_spacing               /fpscomp:nolibs
  /fpscomp:nologicals                   /fveclib=:SVML
  /floopopt-pipeline=:light             /nofpconstant
  /fpe3                                 /ftz
  /fp_model:noprecise                   /fp_model:fast
  /fp_model:nostrict                    /fp_model:nosource
  /fp_model:nodouble                    /fp_model:noextended
  /fp_model:novery_fast                 /fp_model:noexcept
  /fp_model:nono_except                 /heap_arrays:0
  /nothreadprivate_compat               /free
  /fintel-libirc-allowed                /mframe-pointer:noall
  /mframe-pointer:nonon-leaf            /mframe-pointer:none
  /debug0                               /nogcodeview
  /iface:noc                            /iface:nocref
  /iface:nocvf                          /iface:default
  /iface:nostdcall                      /iface:nostdref
  /iface:nomixed_str_len_arg            /iface:nono_mixed_str_len_arg
  /Qinit:noarrays                       /Qinit:nohuge
  /Qinit:noinfinity                     /Qinit:nominus_huge
  /Qinit:nominus_infinity               /Qinit:nominus_tiny
  /Qinit:nonan                          /Qinit:nosnan
  /Qinit:notiny                         /Qinit:nozero
  /nointconstant                        /integer_size:32

Page 98          Source Listing                  PARTICLE_DEALLOCATE
2026-03-30 08:48                                 ..\..\..\particle.f90

  /libdir:automatic                     /libdir:user
  /nomodule                             /names:
  /nonoinclude                          /object:particle.obj
  /-dependent-lib:libcmt                /-dependent-lib:ifconsol.lib
  /-dependent-lib:libifcoremt.lib       /-dependent-lib:libifport.lib
  /-dependent-lib:libircmt              /-dependent-lib:libmmt
  /-dependent-lib:oldnames              /-dependent-lib:svml_dispmt
  /Qoffload-build:host                  /Qopenmp-do-concurrent-maptype-modifier:noalways
  /Qopenmp-do-concurrent-maptype-modifier:nopresent  /Qopenmp-do-concurrent-maptype-modifier:none
  /Qopenmp-simd                         /O2
  /nopad_source                         /pic-level:2
  /real_size:32                         /norecursive
  /reentrancy:threaded                  /Qvec:simd
  /show:fullpath                        /show:noinclude
  /show:map                             /show:options
  /nosyntax_only                        /target-cpu:x86-64
  /nothreadcom                          /triple:x86_64-pc-windows-msvc
  /noU                                  /novms
  /warn:noall                           /warn:nonone
  /warn:alignments                      /warn:nodeclarations
  /warn:noexternals                     /warn:general
  /warn:noignore_bounds                 /warn:noignore_loc
  /warn:nointerfaces                    /warn:noshape
  /warn:notruncated_source              /warn:uncalled
  /warn:uninitialized                   /warn:nounused
  /warn:usage                           /nowrap-margins

  /include   path : C:\PROGRA~2\Intel\oneAPI\compiler\2025.0\include\,.FOR,..\..\..\.FOR,.\.FOR,C:\PROGRA~2\Intel\oneAPI\compiler\2025.0\opt\compiler\include\intel64\.FOR,
           C:\PROGRA~2\Intel\oneAPI\compiler\2025.0\include\.FOR,C:\PROGRA~2\Intel\oneAPI\compiler\2025.0\opt\compiler\include\.FOR,
           C:\PROGRA~2\Intel\oneAPI\compiler\2025.0\lib\clang\19\include\.FOR
  /list      filename : particle.lst
  /object:particle.obj
  /Fd        filename : none

COMPILER: Intel(R) Fortran 25.0-1205
