Page 1           Source Listing                  TIME_VARYING_DATA
2026-03-30 08:47                                 C:\Users\NING\AppData\Local\Temp\341801244.i90

      1 # 1 "..\..\..\time-varying-data.f90"
      2 
      3 !***************************************************************************************************************************
      3 ********
      4 !**                                  S U B R O U T I N E   T I M E   V A R Y I N G   D A T A                                
      4       **
      5 !***************************************************************************************************************************
      5 ********
      6 
      7 SUBROUTINE TIME_VARYING_DATA
      8   USE GLOBAL;  USE SURFHE; USE SCREENC; USE TVDC; USE LOGICC; USE SELWC; USE STRUCTURES; USE NAMESC
      9   USE KINETIC, ONLY:EXH2O; USE SHADEC; USE MAIN, ONLY: PUMPS, SEGNUM, WBSEG, N2BND, DOBND, DGPBND,NDO, NDGP, ITR, EA, SYSTDG
      9 , NN2, TMEND, ATM_DEPOSITION, ATMDEPFN, ATM_DEP_LOADING, ATMDCN, NACATD, ATM_DEPOSITION_INTERPOLATION, GASGTC, GASSPC,CC_LW,
      9 CC_SW,I_LWAT,I_SW,SW_ALBEDO,SW_BA,SW_K1,AOD380NM,AOD500NM,TZONE ! systdg ADD WBSEG, N2BND, DOBND, NDO, NGN2, ITR, EA, SYSTDG
     10   USE modSYSTDG, ONLY: TWETSC, TWEFN, TWE_TS; USE TDGAS                                     ! systdg
     11   USE IFPORT     ! for SLEEPQQ and SYSTEMQQ commands                                       !SR 11/28/19
     12   USE MetFileRegion
     13   IMPLICIT NONE
     14 
     15 ! Type declaration
     16 
     17   CHARACTER(1)                           :: INFORMAT
     18   CHARACTER(2)                           :: INFORMAT2
     19   REAL                                   :: NXQGT2                  
     20   REAL                                   :: NXQWD1, NXQWD2, NXQGT,  NXTVD, NXQPT, NXZGT
     21   REAL                                   :: NXWSC
     22   REAL(R8)                               :: RATIO,QRATIO,TRATIO,CRATIO,HRATIO
     23   REAL(R8),ALLOCATABLE, DIMENSION(:)     :: QDTRO,  TDTRO,  ELUHO,  ELDHO,  QWDO,   QTRO,   TTRO,   QINO,   TINO
     24   REAL,    ALLOCATABLE, DIMENSION(:)     :: TAIRNX, TDEWNX, PHINX,  WINDNX, SRONX,  CLOUDNX,BGTNX,XX, PALT_JWNX             
     24            ! systdg - PALT_JWNX
     25   REAL,    ALLOCATABLE, DIMENSION(:)     :: NXEXT1, NXEXT2, EXTNX,  EXTO, NXATMD,NXATMD2
     26   REAL,    ALLOCATABLE, DIMENSION(:)     :: TAIRO,  TDEWO,  PHIO,   WINDO,  SROO,   CLOUDO, PALT_JWO                        
     26            ! systdg - PALT_JWO
     27   REAL(R8),ALLOCATABLE, DIMENSION(:)     :: QDTRNX, TDTRNX, PRNX,   TPRNX,  ELUHNX, ELDHNX, QWDNX,  QTRNX,  TTRNX,  QINNX,  
     27 TINNX
     28   REAL,    ALLOCATABLE, DIMENSION(:)     :: NXQTR1, NXTTR1, NXCTR1, NXQIN1, NXTIN1, NXCIN1, NXQDT1, NXTDT1, NXCDT1, NXDYNS, 
     28 NXEGT
     29   REAL,    ALLOCATABLE, DIMENSION(:)     :: NXPR1,  NXTPR1, NXCPR1, NXEUH1, NXTUH1, NXCUH1, NXEDH1, NXTDH1, NXCDH1, NXQOT1, 
     29 NXMET1
     30   REAL,    ALLOCATABLE, DIMENSION(:)     :: NXQTR2, NXTTR2, NXCTR2, NXQIN2, NXTIN2, NXCIN2, NXQDT2, NXTDT2, NXCDT2, NXSPDO, 
     30 NXGTDO
     31   REAL,    ALLOCATABLE, DIMENSION(:)     :: NXPR2,  NXTPR2, NXCPR2, NXEUH2, NXTUH2, NXCUH2, NXEDH2, NXTDH2, NXCDH2, NXQOT2, 
     31 NXMET2
     32   REAL,    ALLOCATABLE, DIMENSION(:)     :: WSCNX, BPNX,EPU2,EONPU2,EOFFPU2,QPU2,NXPUMP,NXATMDEP,AGASSPNX, AGASGTNX, BGASSPN
     32 X, CGASSPNX, DGASSPNX, BGASGTNX, CGASGTNX, DGASGTNX  
     33   REAL,    ALLOCATABLE, DIMENSION(:,:)   :: NXESTRT, ATM_DEP_LOADINGNX,ATM_DEP_LOADING0
     34   REAL(R8),ALLOCATABLE, DIMENSION(:,:)   :: CTRO,   CINO,   QOUTO,  CDTRO,  TUHO,   TDHO,   QSTRO
     35   REAL(R8),ALLOCATABLE, DIMENSION(:,:)   :: CTRNX,  CINNX,  QOUTNX, CDTRNX, CPRNX,  TUHNX,  TDHNX,  QSTRNX
     36   REAL,    ALLOCATABLE, DIMENSION(:,:,:) :: CUHO,   CDHO,   CUHNX,  CDHNX
     37   INTEGER                                :: WDQ,    GTQ,    WSH,    SHD, PIPED, IOPENPIPE,L,NJS, GTZ, NJJ                   
     37                  
     38   REAL(R8)                               :: TWERATIO, NXTWE1, NXTWE2, TWE_TSNX, TWE_TSO  ! systdg - TWE
     39   INTEGER                                :: TWEFNNO                                      ! systdg - TWE
     40   LOGICAL                                :: TWEF                                         ! systdg - TWE
     41   REAL(R8), ALLOCATABLE, DIMENSION(:)    :: DO_SAT, N2_SAT, DO_SATJ, N2_SATJ, DO_SATD, N2_SATD, DO_SATP, N2_SATP            
     41       ! systdg - DO_SATJ, N2_SATJ, DO_SATD, N2_SATD, DO_SATP, N2_SATP
     42   INTEGER                                :: NPT,J,JT,JAC,JS,K,JG,JWD

Page 2           Source Listing                  TIME_VARYING_DATA
2026-03-30 08:47                                 ..\..\..\time-varying-data.f90

     43   INTEGER, ALLOCATABLE, DIMENSION(:)     :: TRQ,    TRT,    TRC,    INQ,    DTQ,    PRE,    UHE,    DHE,    INFT,   DTT,PUMP
     43 D, JJS, ATMDEP, FGASSP, FGASGT, JJG
     44   INTEGER, ALLOCATABLE, DIMENSION(:)     :: PRT,    UHT,    DHT,    INC,    DTC,    PRC,    UHC,    DHC,    OTQ,    MET,    
     44 EXT, ODYNS,DYNPUMPF
     45   LOGICAL, ALLOCATABLE, DIMENSION(:)     :: INFLOW_CONST, TRIB_CONST, DTRIB_CONST, PRECIP_CONST,OTQF, TRCF, DTCF, INCF, PRCF
     45 , METF,DYNEF, TRQF, TRTF, DTTF, DTQF, INQF, INTF, PRQF, PRTF,EXTF
     46   LOGICAL                                :: WDQF,WSHF, GATEF,ATMDEPCSV   ! SW 9/26/2017
     47   INTEGER, ALLOCATABLE, DIMENSION(:)     :: EUHF,TUHF,CUHF,EDHF,TDHF,CDHF    ! =0 Old format for head BCs, =1 Time series fo
     47 rmat no vertical variation, =2 csv format vertical variation             SW 2/28/17
     48   CHARACTER(240), ALLOCATABLE, DIMENSION(:)   :: FILE_GAS_GT,FILE_GAS_SP
     49   CHARACTER(70)                          :: A_JUNK
     50   
     51 !RESULT1               -- integer variable holding success or failure result from SYSTEMQQ command
     52 !ITER                  -- integer variable holding the number of iterations for an awaited file read (see code)
     53 !LAST_JDAY             -- real variable typically used to hold the last available date in awaited input file
     54 !FULL_FILE_NAME        -- character string to hold the full path and file name of interest
     55 !INPUT_FILE_EXISTS     -- logical variable holding the results of an inquiry into a file's existence
     56 !
     57 !WAIT_TIME             -- integer specifying how many days of data to await in the awaited input files
     58 !TIME_BUFFER           -- integer number of seconds to wait each time the model waits for new input
     59 !WAIT_FOR_TRIB_INPUT   -- logical array (trib index) used to determine which tributary has awaited input
     60 !WAIT_FOR_BRANCH_INPUT -- logical array (branch index) used to determine which branch has awaited input
     61 !TR_FILEDIR            -- character array (tributary index) to hold the directory names of any awaited tributary input files
     62 !BR_FILEDIR            -- character array (branch index) to hold the directory names of any awaited branch input files
     63   
     64   INTEGER                                :: RESULT1, ITER, N                                                               !
     64 SR 11/28/19
     65   REAL                                   :: LAST_JDAY, GET_LAST_JDAY                                                    !SR 
     65 11/28/19
     66   CHARACTER(240)                         :: FULL_FILE_NAME                                                              !SR 
     66 11/28/19
     67   LOGICAL                                :: INPUT_FILE_EXISTS                                                           !SR 
     67 11/28/19
     68   EXTERNAL GET_LAST_JDAY                                                                                                !SR 
     68 11/28/19
     69   EXTERNAL PRINT_ERROR_AND_STOP                                                                                         !SR 
     69 11/28/19
     70   
     71   SAVE
     72 ! Allocation declarations
     73 
     74   IF(NAC<1)THEN
     75       ALLOCATE(XX(1))
     76   ELSE
     77       ALLOCATE(XX(NCT))
     78   ENDIF
     79 !
     80 ! systdg - time series input
     81   ALLOCATE (DO_SAT(NTR), N2_SAT(NTR))                                             
     82   ALLOCATE (DO_SATJ(NBR), N2_SATJ(NBR))                                            
     83   ALLOCATE (DO_SATD(NBR), N2_SATD(NBR))                                           
     84   ALLOCATE (DO_SATP(NBR), N2_SATP(NBR))                                          
     85 !
     86   ALLOCATE (NXQTR1(NTR), NXTTR1(NTR), NXCTR1(NTR), NXQIN1(NBR), NXTIN1(NBR), NXCIN1(NBR), NXQDT1(NBR), NXTDT1(NBR), NXCDT1(N
     86 BR))
     87   ALLOCATE (NXPR1(NBR),  NXTPR1(NBR), NXCPR1(NBR), NXEUH1(NBR), NXTUH1(NBR), NXCUH1(NBR), NXEDH1(NBR), NXTDH1(NBR), NXCDH1(N
     87 BR))

Page 3           Source Listing                  TIME_VARYING_DATA
2026-03-30 08:47                                 ..\..\..\time-varying-data.f90

     88   ALLOCATE (NXQOT1(NBR), NXQTR2(NTR), NXTTR2(NTR), NXCTR2(NTR), NXQIN2(NBR), NXTIN2(NBR), NXCIN2(NBR), NXQDT2(NBR))
     89   ALLOCATE (NXTDT2(NBR), NXCDT2(NBR), NXPR2(NBR),  NXTPR2(NBR), NXCPR2(NBR), NXEUH2(NBR), NXTUH2(NBR), NXCUH2(NBR), NXEDH2(N
     89 BR))
     90   ALLOCATE (NXTDH2(NBR), NXCDH2(NBR), NXQOT2(NBR), DYNPUMPF(NPU))
     91   ALLOCATE (WSCNX(IMX), PRCF(NBR), ODYNS(NBR),NXDYNS(NBR),NXESTRT(NST,NBR), PRTF(NBR), PRQF(NBR),EXTF(NWB))
     92   ALLOCATE (QDTRO(NBR),  TDTRO(NBR),  ELUHO(NBR),  ELDHO(NBR),  QWDO(NWD),   QTRO(NTR),   TTRO(NTR),   QINO(NBR),   TINO(NBR
     92 ))
     93   ALLOCATE (QDTRNX(NBR), TDTRNX(NBR), PRNX(NBR),   TPRNX(NBR),  ELUHNX(NBR), ELDHNX(NBR), QWDNX(NWD),  QTRNX(NTR),  TTRNX(NT
     93 R))
     94   
     95     IF(Met_regions.AND. NMetFileRegions > NWB)then        ! SW 12/13/2023
     96       ALLOCATE (QINNX(NBR),  TINNX(NBR),  METF(NMetFileRegions), SROO(NMetFileRegions),   TAIRO(NMetFileRegions),  TDEWO(NMe
     96 tFileRegions),  CLOUDO(NMetFileRegions), PHIO(NMetFileRegions),   WINDO(NMetFileRegions),  TAIRNX(NMetFileRegions), PALT_JWO
     96 (NMetFileRegions), PALT_JWNX(NMetFileRegions))     ! systdg - time series PALT
     97       ALLOCATE (TDEWNX(NMetFileRegions), CLOUDNX(NMetFileRegions),PHINX(NMetFileRegions),  WINDNX(NMetFileRegions), SRONX(NM
     97 etFileRegions),  BGTNX(NGT), BPNX(NPI))
     98       Allocate(MET(NMetFileRegions),NXMET2(NMetFileRegions), NXMET1(NMetFileRegions))
     99     ELSE
    100       ALLOCATE (QINNX(NBR),  TINNX(NBR),  METF(NWB), SROO(NWB),   TAIRO(NWB),  TDEWO(NWB),  CLOUDO(NWB), PHIO(NWB),   WINDO(
    100 NWB),  TAIRNX(NWB), PALT_JWO(NWB), PALT_JWNX(NWB))     ! systdg - time series PALT
    101       ALLOCATE (TDEWNX(NWB), CLOUDNX(NWB),PHINX(NWB),  WINDNX(NWB), SRONX(NWB),  BGTNX(NGT), BPNX(NPI))
    102       Allocate(MET(NWB),NXMET2(NWB), NXMET1(NWB))
    103     ENDIF
    104 
    105 !ALLOCATE (QINNX(NBR),  TINNX(NBR),  SROO(NWB),   TAIRO(NWB),  TDEWO(NWB),  CLOUDO(NWB), PHIO(NWB),   WINDO(NWB),  TAIRNX(NW
    105 B), PALT_JWO(NWB), PALT_JWNX(NWB))     ! systdg - time series PALT
    106 !ALLOCATE (TDEWNX(NWB), CLOUDNX(NWB),PHINX(NWB),  WINDNX(NWB), SRONX(NWB),  BGTNX(NGT), BPNX(NPI))
    107   ALLOCATE (TRQ(NTR),    TRT(NTR),    TRC(NTR),    INQ(NBR),    DTQ(NBR),    PRE(NBR),    UHE(NBR),    DHE(NBR),    INFT(NBR
    107 ))
    108   ALLOCATE (DTT(NBR),    PRT(NBR),    UHT(NBR),    DHT(NBR),    INC(NBR),    DTC(NBR),    PRC(NBR),    UHC(NBR),    DHC(NBR)
    108 )
    109   ALLOCATE (OTQ(NBR),    EXT(NWB), NXATMDEP(NWB))
    110 !ALLOCATE (OTQ(NBR),    MET(NWB),    EXT(NWB), NXATMDEP(NWB))
    111   ALLOCATE (NXEXT1(NWB), NXEXT2(NWB), EXTNX(NWB),  EXTO(NWB))
    112   ALLOCATE (CTRO(NCT,NTR),   CINO(NCT,NBR),  QOUTO(KMX,NBR),  CDTRO(NCT,NBR),  TUHO(KMX,NBR),  TDHO(KMX,NBR),  QSTRO(NST,NBR
    112 ))
    113   ALLOCATE (CTRNX(NCT,NTR),  CINNX(NCT,NBR), QOUTNX(KMX,NBR), CDTRNX(NCT,NBR), CPRNX(NCT,NBR), TUHNX(KMX,NBR), TDHNX(KMX,NBR
    113 ))
    114   ALLOCATE (QSTRNX(NST,NBR), PUMPD(NPU), NXPUMP(NPU),EPU2(NPU),EONPU2(NPU),EOFFPU2(NPU),QPU2(NPU),DYNEF(NBR))
    115   ALLOCATE (CUHO(KMX,NCT,NBR), CDHO(KMX,NCT,NBR), CUHNX(KMX,NCT,NBR), CDHNX(KMX,NCT,NBR),JJS(NST),JJG(NGT),NXEGT(NGT))
    116   ALLOCATE (INFLOW_CONST(NBR), TRIB_CONST(NTR),   DTRIB_CONST(NBR),   PRECIP_CONST(NBR), OTQF(NBR), TRCF(NTR), DTCF(NBR), IN
    116 CF(NBR),TRQF(NTR), TRTF(NTR), DTTF(NBR), DTQF(NBR), INQF(NBR), INTF(NBR))
    117   ALLOCATE (EUHF(NBR), TUHF(NBR), CUHF(NBR), EDHF(NBR), TDHF(NBR), CDHF(NBR))
    118   ALLOCATE (ATM_DEP_LOADINGNX(NCT,NWB),ATMDEP(NWB),NXATMD(NWB),NXATMD2(NWB),ATM_DEP_LOADING0(NCT,NWB))
    119   
    120   IF(NGT>0)ALLOCATE(NXGTDO(NGT), FGASGT(NGT),FILE_GAS_GT(NGT),AGASGTNX(NGT),BGASGTNX(NGT), CGASGTNX(NGT), DGASGTNX(NGT))
    121   IF(NSP>0)ALLOCATE(NXSPDO(NSP), FGASSP(NSP),FILE_GAS_SP(NSP),AGASSPNX(NSP),BGASSPNX(NSP), CGASSPNX(NSP), DGASSPNX(NSP))
    122 
    123   NXPR1  = 0.0; NXQTR1 = 0.0; NXTTR1 = 0.0; NXCTR1 = 0.0; NXQIN1 = 0.0; NXTIN1 = 0.0; NXCIN1 = 0.0; NXQDT1 = 0.0; NXTDT1 = 0
    123 .0
    124   NXCDT1 = 0.0; NXTPR1 = 0.0; NXCPR1 = 0.0; NXEUH1 = 0.0; NXTUH1 = 0.0; NXCUH1 = 0.0; NXEDH1 = 0.0; NXTDH1 = 0.0; NXCDH1 = 0
    124 .0
    125   NXQOT1 = 0.0; NXMET1 = 0.0; QSTRNX = 0.0; CDTRNX = 0.0; CTRNX  = 0.0; CINNX  = 0.0; CPRNX  = 0.0; CUHNX  = 0.0; CDHNX  = 0
    125 .0
    126   QINNX  = 0.0; TINNX  = 0.0; CINNX  = 0.0; NXWSC  = 0.0; NXATMDEP=0.0; ATM_DEP_LOADINGNX=0.0
    127   NXTWE1 = 0.0; TWE_TSNX = 0.0;                    ! systdg - time series TWE
    128   TWEF = .FALSE.                                   ! systdg - time series TWE

Page 4           Source Listing                  TIME_VARYING_DATA
2026-03-30 08:47                                 ..\..\..\time-varying-data.f90

    129 ! Set logical variables
    130 
    131   INFLOW_CONST = CONSTITUENTS .AND. NACIN > 0; TRIB_CONST   = CONSTITUENTS .AND. NACTR > 0
    132   DTRIB_CONST  = CONSTITUENTS .AND. NACDT > 0; PRECIP_CONST = CONSTITUENTS .AND. NACPR > 0
    133   OTQF = .FALSE.
    134   WSHF = .FALSE.
    135   WDQF = .FALSE.
    136   TRCF = .FALSE.
    137   TRQF = .FALSE.
    138   TRTF = .FALSE.
    139   DTCF = .FALSE.
    140   INCF = .FALSE.
    141   PRCF = .FALSE.
    142   PRTF = .FALSE.
    143   PRQF = .FALSE.
    144   METF = .FALSE.
    145   DYNEF= .FALSE.
    146   DTTF = .FALSE.
    147   DTQF = .FALSE.
    148   INQF = .FALSE.
    149   INTF = .FALSE.
    150   EXTF = .FALSE.
    151   DYNPUMPF=.FALSE. ; GATEF = .FALSE.   ! SW 9/26/2017
    152   EUHF = 0;   TUHF=0;   CUHF=0;   EDHF=0;  TDHF=0;  CDHF=0               ! SW 2/28/17
    153 
    154 ! Open input files
    155   
    156 ! Check for presence of w2_met.csv
    157   INQUIRE(FILE="W2_Met.csv", EXIST=INPUT_FILE_EXISTS)   ! file_exists will be TRUE if the file
    158   if(INPUT_FILE_EXISTS)then
    159       open(nunit,file='w2_Met.csv',status='old')
    160       read(nunit,*);read(nunit,*)
    161       read(nunit,*)A_JUNK,I_LWAT
    162       read(nunit,*)A_JUNK,CC_LW
    163       read(nunit,*)A_JUNK,CC_SW
    164       read(nunit,*)A_JUNK,I_SW
    165       read(nunit,*)A_JUNK,SW_ALBEDO
    166       read(nunit,*)A_JUNK,SW_BA
    167       read(nunit,*)A_JUNK,SW_K1
    168       read(nunit,*)A_JUNK,AOD380nm
    169       read(nunit,*)A_JUNK,AOD500nm
    170       read(nunit,*)A_JUNK,TZONE
    171       CLOSE(NUNIT)
    172   else
    173       cc_lw=0.0017
    174       cc_sw=0.0065
    175       I_lwat=0
    176       I_sw=0
    177   endif
    178   
    179   
    180 !
    181 
    182   NPT = NUNIT
    183   SHD = NPT; NPT=NPT+1
    184   OPEN (SHD,FILE=SHDFN,STATUS='OLD')
    185   READ( SHD,'(A1)')INFORMAT

Page 5           Source Listing                  TIME_VARYING_DATA
2026-03-30 08:47                                 ..\..\..\time-varying-data.f90

    186   IF(INFORMAT=='$')THEN
    187       READ(SHD,'(/)')
    188       DO I=1,IMX
    189           READ (SHD,*)J,SHADEI(I)    ! SW 3/14/2018 ADDED TO BE COMPATIBLE WITH PREPROCESSOR
    190           IF(SHADEI(I)<0.0)THEN
    191           BACKSPACE(SHD)
    192           READ (SHD,*) J,SHADEI(I),TTLB(I),TTRB(I),CLLB(I),CLRB(I),SRLB1(I),SRLB2(I),SRRB1(I),SRRB2(I),(TOPO(I,J),J=1,IANG),
    192 SRFJD1(I),SRFJD2(I)
    193           ENDIF
    194       ENDDO
    195   ELSE
    196   READ (SHD,'(//(8X,29F8.0))') (SHADEI(I),TTLB(I),TTRB(I),CLLB(I),CLRB(I),SRLB1(I),SRLB2(I),SRRB1(I),SRRB2(I),        &
    197                                       (TOPO(I,J),J=1,IANG),SRFJD1(I),SRFJD2(I),I=1,IMX)
    198   ENDIF
    199   SHADE = SHADEI
    200   WSH = NPT; NPT = NPT+1
    201   OPEN (WSH,FILE=WSCFN,STATUS='OLD')
    202   READ( WSH,'(A1)')INFORMAT
    203   IF(INFORMAT=='$')WSHF=.TRUE.
    204   IF(WSHF)THEN
    205   READ (WSH,'(/)')
    206   READ (WSH,*) NXWSC,(WSCNX(I),I=1,IMX)
    207   WSC = WSCNX
    208   READ (WSH,*)    NXWSC,(WSCNX(I),I=1,IMX)  
    209   ELSE
    210   READ (WSH,'(//10F8.0:/(8X,9F8.0))') NXWSC,(WSCNX(I),I=1,IMX)
    211   WSC = WSCNX
    212   READ (WSH,'(10F8.0:/(8X,9F8.0))')    NXWSC,(WSCNX(I),I=1,IMX)
    213   ENDIF
    214   
    215      DO N=1,NSP              ! SW 1/18/2022
    216         IF(GASSPC(N)=='      ON' .AND.  EQSP(N)==4 .AND. BGASSP(N)==1)THEN
    217          FGASSP(N)=NPT; NPT=NPT+1
    218          WRITE (SEGNUM,'(I0)') N 
    219          SEGNUM = ADJUSTL(SEGNUM)  
    220          L = LEN_TRIM(SEGNUM) 
    221          FILE_GAS_SP(N)='w2_sp'//SEGNUM(1:L)//'DO.csv'
    222          OPEN (FGASSP(N), FILE=FILE_GAS_SP(N),STATUS='OLD')
    223          READ(FGASSP(N),*);READ(FGASSP(N),*);READ(FGASSP(N),*)   ! SKIP 3 LINES
    224          READ(FGASSP(N),*)NXSPDO(N),AGASSPNX(N) 
    225          AGASSP(N)=AGASSPNX(N)
    226         ELSEIF(GASSPC(N)=='      ON' .AND.  EQSP(N)==5)THEN  
    227          FGASSP(N)=NPT; NPT=NPT+1
    228          WRITE (SEGNUM,'(I0)') N 
    229          SEGNUM = ADJUSTL(SEGNUM)  
    230          L = LEN_TRIM(SEGNUM) 
    231          FILE_GAS_SP(N)='w2_sp'//SEGNUM(1:L)//'DO.csv'
    232          OPEN (FGASSP(N), FILE=FILE_GAS_SP(N),STATUS='OLD')
    233          READ(FGASSP(N),*);READ(FGASSP(N),*);READ(FGASSP(N),*)   ! SKIP 3 LINES
    234          READ(FGASSP(N),*)NXSPDO(N),AGASSPNX(N),BGASSPNX(N), CGASSPNX(N), DGASSPNX(N) 
    235          AGASSP(N)=AGASSPNX(N)
    236          BGASSP(N)=BGASSPNX(N)
    237          CGASSP(N)=CGASSPNX(N)
    238          DGASSP(N)=DGASSPNX(N)
    239         ENDIF
    240     ENDDO
    241     DO N=1,NGT

Page 6           Source Listing                  TIME_VARYING_DATA
2026-03-30 08:47                                 ..\..\..\time-varying-data.f90

    242         IF(GASGTC(N)=='      ON' .AND. EQGT(N)==4 .AND. BGASGT(N)==1.0)THEN
    243          FGASGT(N)=NPT; NPT=NPT+1
    244          WRITE (SEGNUM,'(I0)') N 
    245          SEGNUM = ADJUSTL(SEGNUM)  
    246          L = LEN_TRIM(SEGNUM) 
    247          FILE_GAS_GT(N)='w2_gt'//SEGNUM(1:L)//'DO.csv'
    248          OPEN (FGASGT(N), FILE=FILE_GAS_GT(N),STATUS='OLD')
    249          READ(FGASGT(N),*);READ(FGASGT(N),*);READ(FGASGT(N),*)   ! SKIP 3 LINES
    250          READ(FGASGT(N),*)NXGTDO(N),AGASGTNX(N) 
    251          AGASGT(N)=AGASGTNX(N)
    252         ELSEIF(GASGTC(N)=='      ON' .AND. EQGT(N)==5)THEN
    253             
    254          FGASGT(N)=NPT; NPT=NPT+1
    255          WRITE (SEGNUM,'(I0)') N 
    256          SEGNUM = ADJUSTL(SEGNUM)  
    257          L = LEN_TRIM(SEGNUM) 
    258          FILE_GAS_GT(N)='w2_gt'//SEGNUM(1:L)//'DO.csv'
    259          OPEN (FGASGT(N), FILE=FILE_GAS_GT(N),STATUS='OLD')
    260          READ(FGASGT(N),*);READ(FGASGT(N),*);READ(FGASGT(N),*)   ! SKIP 3 LINES
    261          READ(FGASGT(N),*)NXGTDO(N),AGASGTNX(N),BGASGTNX(N), CGASGTNX(N), DGASGTNX(N) 
    262          AGASGT(N)=AGASGTNX(N)
    263          BGASGT(N)=BGASGTNX(N)
    264          CGASGT(N)=CGASGTNX(N)
    265          DGASGT(N)=DGASGTNX(N)
    266         ENDIF
    267     ENDDO
    268   
    269   if(.NOT.Met_regions)then     ! SW 12/13/2023
    270     DO JW=1,NWB
    271     MET(JW) = NPT; NPT = NPT+1
    272     OPEN (MET(JW),FILE=METFN(JW),STATUS='OLD')
    273     READ(MET(JW),'(A1)')INFORMAT
    274     IF(INFORMAT=='$')METF(JW)=.TRUE.
    275     IF(SYSTDG)THEN
    276     IF (READ_RADIATION(JW)) THEN
    277         IF(METF(JW))THEN
    278         READ (MET(JW),'(/)')
    279         READ (MET(JW),*) NXMET2(JW),TAIRNX(JW),TDEWNX(JW),WINDNX(JW),PHINX(JW),CLOUDNX(JW),SRONX(JW), PALT_JWNX(JW)         
    279         ! systdg - time series input PALT
    280         ELSE
    281         READ (MET(JW),'(//8F8.0)') NXMET2(JW),TAIRNX(JW),TDEWNX(JW),WINDNX(JW),PHINX(JW),CLOUDNX(JW),SRONX(JW), PALT_JWNX(JW
    281 )       ! systdg - time series input PALT
    282         ENDIF
    283       SRONX(JW) = SRONX(JW)*REFL
    284       SRON(JW)  = SRONX(JW)
    285       SROO(JW)  = SRON(JW)
    286     ELSE
    287       IF(METF(JW))THEN
    288       READ (MET(JW),'(/)')
    289       READ (MET(JW),*) NXMET2(JW),TAIRNX(JW),TDEWNX(JW),WINDNX(JW),PHINX(JW),CLOUDNX(JW), PALT_JWNX(JW)             ! systdg
    289  - time series input PALT
    290       ELSE
    291       READ (MET(JW),'(//7F8.0)') NXMET2(JW),TAIRNX(JW),TDEWNX(JW),WINDNX(JW),PHINX(JW),CLOUDNX(JW), PALT_JWNX(JW)   ! systdg
    291  - time series input PALT
    292       ENDIF
    293     END IF
    294     ELSE

Page 7           Source Listing                  TIME_VARYING_DATA
2026-03-30 08:47                                 ..\..\..\time-varying-data.f90

    295     IF (READ_RADIATION(JW)) THEN
    296         IF(METF(JW))THEN
    297         READ (MET(JW),'(/)')
    298         READ (MET(JW),*) NXMET2(JW),TAIRNX(JW),TDEWNX(JW),WINDNX(JW),PHINX(JW),CLOUDNX(JW),SRONX(JW)
    299         ELSE
    300         READ (MET(JW),'(//8F8.0)') NXMET2(JW),TAIRNX(JW),TDEWNX(JW),WINDNX(JW),PHINX(JW),CLOUDNX(JW),SRONX(JW)
    301         ENDIF
    302       SRONX(JW) = SRONX(JW)*REFL
    303       SRON(JW)  = SRONX(JW)
    304       SROO(JW)  = SRON(JW)
    305     ELSE
    306       IF(METF(JW))THEN
    307       READ (MET(JW),'(/)')
    308       READ (MET(JW),*) NXMET2(JW),TAIRNX(JW),TDEWNX(JW),WINDNX(JW),PHINX(JW),CLOUDNX(JW)     
    309       ELSE
    310       READ (MET(JW),'(//7F8.0)') NXMET2(JW),TAIRNX(JW),TDEWNX(JW),WINDNX(JW),PHINX(JW),CLOUDNX(JW)    
    311       ENDIF
    312     END IF
    313         
    314     ENDIF
    315     
    316     TAIR(JW)   = TAIRNX(JW)
    317     TDEW(JW)   = TDEWNX(JW)
    318     WIND(JW)   = WINDNX(JW)
    319     PHI(JW)    = PHINX(JW)
    320     CLOUD(JW)  = CLOUDNX(JW)
    321     
    322     IF(SYSTDG)THEN
    323     PALT_JW(JW)= PALT_JWNX(JW)                                       ! systdg - time series input PALT
    324     IF (PALT_JW(JW)<=0.0) PALT_JW(JW) = 760.0                        ! systdg - time series input PALT
    325       DO I=US(BS(JW))-1,DS(BE(JW))+1
    326       PALT(I) = PALT_JW(JW)/760.0*(1.0-ELWS_INI(I)/1000.0/44.3)**5.25  ! systdg - time series input PALT
    327       ENDDO
    328     PALT_JWO(JW)= PALT_JWNX(JW)            ! systdg - time series input PALT
    329     ENDIF
    330     TAIRO(JW)  = TAIRNX(JW)
    331     TDEWO(JW)  = TDEWNX(JW)
    332     WINDO(JW)  = WINDNX(JW)
    333     PHIO(JW)   = PHINX(JW)
    334     CLOUDO(JW) = CLOUDNX(JW)
    335     
    336     IF(SYSTDG)THEN
    337     IF (READ_RADIATION(JW)) THEN
    338             IF(METF(JW))THEN
    339             READ (MET(JW),*) NXMET1(JW),TAIRNX(JW),TDEWNX(JW),WINDNX(JW),PHINX(JW),CLOUDNX(JW),SRONX(JW), PALT_JWNX(JW)     
    339             ! systdg - time series input PALT
    340             ELSE
    341             READ (MET(JW),'(8F8.0)') NXMET1(JW),TAIRNX(JW),TDEWNX(JW),WINDNX(JW),PHINX(JW),CLOUDNX(JW),SRONX(JW), PALT_JWNX(
    341 JW)         ! systdg - time series input PALT
    342             ENDIF
    343       SRONX(JW) = SRONX(JW)*REFL
    344         ELSE
    345             IF(METF(JW))THEN
    346             READ (MET(JW),*) NXMET1(JW),TAIRNX(JW),TDEWNX(JW),WINDNX(JW),PHINX(JW),CLOUDNX(JW), PALT_JWNX(JW)               
    346   ! systdg - time series input PALT
    347             ELSE
    348             READ (MET(JW),'(7F8.0)') NXMET1(JW),TAIRNX(JW),TDEWNX(JW),WINDNX(JW),PHINX(JW),CLOUDNX(JW), PALT_JWNX(JW)       

Page 8           Source Listing                  TIME_VARYING_DATA
2026-03-30 08:47                                 ..\..\..\time-varying-data.f90

    348   ! systdg - time series input PALT
    349             ENDIF
    350         END IF
    351     ELSE
    352             IF (READ_RADIATION(JW)) THEN
    353             IF(METF(JW))THEN
    354             READ (MET(JW),*) NXMET1(JW),TAIRNX(JW),TDEWNX(JW),WINDNX(JW),PHINX(JW),CLOUDNX(JW),SRONX(JW)
    355             ELSE
    356             READ (MET(JW),'(8F8.0)') NXMET1(JW),TAIRNX(JW),TDEWNX(JW),WINDNX(JW),PHINX(JW),CLOUDNX(JW),SRONX(JW)
    357             ENDIF
    358             SRONX(JW) = SRONX(JW)*REFL
    359         ELSE
    360             IF(METF(JW))THEN
    361             READ (MET(JW),*) NXMET1(JW),TAIRNX(JW),TDEWNX(JW),WINDNX(JW),PHINX(JW),CLOUDNX(JW)
    362             ELSE
    363             READ (MET(JW),'(7F8.0)') NXMET1(JW),TAIRNX(JW),TDEWNX(JW),WINDNX(JW),PHINX(JW),CLOUDNX(JW)
    364             ENDIF
    365         END IF
    366     ENDIF
    367     enddo !jw
    368   else ! MetFileRegion
    369        DO JW=1,NMetFileRegions
    370                 MET(JW) = NPT; NPT = NPT+1
    371                 OPEN (MET(JW),FILE=FNMetFileReg(JW),STATUS='OLD')
    372                 READ(MET(JW),'(A1)')INFORMAT
    373                 IF(INFORMAT=='$')METF(JW)=.TRUE.
    374                 IF(SYSTDG)THEN
    375                 IF (READ_RADIATION(MetRegWB(JW))) THEN
    376                     IF(METF(MetRegWB(JW)))THEN
    377                     READ (MET(JW),'(/)')
    378                     READ (MET(JW),*) NXMET2(JW),TAIRNX(JW),TDEWNX(JW),WINDNX(JW),PHINX(JW),CLOUDNX(JW),SRONX(JW), PALT_JWNX(
    378 JW)                 ! systdg - time series input PALT
    379                     ELSE
    380                     READ (MET(JW),'(//8F8.0)') NXMET2(JW),TAIRNX(JW),TDEWNX(JW),WINDNX(JW),PHINX(JW),CLOUDNX(JW),SRONX(JW), 
    380 PALT_JWNX(JW)       ! systdg - time series input PALT
    381                     ENDIF
    382                   SRONX(JW) = SRONX(JW)*REFL
    383                   SRON(JW)  = SRONX(JW)
    384                   SROO(JW)  = SRON(JW)
    385                 ELSE
    386                   IF(METF(MetRegWB(JW)))THEN
    387                   READ (MET(JW),'(/)')
    388                   READ (MET(JW),*) NXMET2(JW),TAIRNX(JW),TDEWNX(JW),WINDNX(JW),PHINX(JW),CLOUDNX(JW), PALT_JWNX(JW)         
    388     ! systdg - time series input PALT
    389                   ELSE
    390                   READ (MET(JW),'(//7F8.0)') NXMET2(JW),TAIRNX(JW),TDEWNX(JW),WINDNX(JW),PHINX(JW),CLOUDNX(JW), PALT_JWNX(JW
    390 )   ! systdg - time series input PALT
    391                   ENDIF
    392                 END IF
    393                 ELSE
    394                 IF (READ_RADIATION(MetRegWB(JW))) THEN
    395                     IF(METF(MetRegWB(JW)))THEN
    396                     READ (MET(JW),'(/)')
    397                     READ (MET(JW),*) NXMET2(JW),TAIRNX(JW),TDEWNX(JW),WINDNX(JW),PHINX(JW),CLOUDNX(JW),SRONX(JW)
    398                     ELSE
    399                     READ (MET(JW),'(//8F8.0)') NXMET2(JW),TAIRNX(JW),TDEWNX(JW),WINDNX(JW),PHINX(JW),CLOUDNX(JW),SRONX(JW)
    400                     ENDIF

Page 9           Source Listing                  TIME_VARYING_DATA
2026-03-30 08:47                                 ..\..\..\time-varying-data.f90

    401                   SRONX(JW) = SRONX(JW)*REFL
    402                   SRON(JW)  = SRONX(JW)
    403                   SROO(JW)  = SRON(JW)
    404                 ELSE
    405                   IF(METF(MetRegWB(JW)))THEN
    406                   READ (MET(JW),'(/)')
    407                   READ (MET(JW),*) NXMET2(JW),TAIRNX(JW),TDEWNX(JW),WINDNX(JW),PHINX(JW),CLOUDNX(JW)     
    408                   ELSE
    409                   READ (MET(JW),'(//7F8.0)') NXMET2(JW),TAIRNX(JW),TDEWNX(JW),WINDNX(JW),PHINX(JW),CLOUDNX(JW)    
    410                   ENDIF
    411                 END IF
    412         
    413                 ENDIF
    414     
    415                 TAIR(JW)   = TAIRNX(JW)
    416                 TDEW(JW)   = TDEWNX(JW)
    417                 WIND(JW)   = WINDNX(JW)
    418                 PHI(JW)    = PHINX(JW)
    419                 CLOUD(JW)  = CLOUDNX(JW)
    420                 IF(SYSTDG)THEN
    421                 PALT_JW(JW)= PALT_JWNX(JW)                                       ! systdg - time series input PALT
    422                 IF (PALT_JW(JW)<=0.0) PALT_JW(JW) = 760.0                        ! systdg - time series input PALT
    423                   DO I=MetRegStart(JW),MetRegEnd(JW)                     !US(BS(JW))-1,DS(BE(JW))+1
    424                   PALT(I) = PALT_JW(JW)/760.0*(1.0-ELWS_INI(I)/1000.0/44.3)**5.25  ! systdg - time series input PALT
    425                   ENDDO
    426                 PALT_JWO(JW)= PALT_JWNX(JW)            ! systdg - time series input PALT
    427                 ENDIF
    428                 TAIRO(JW)  = TAIRNX(JW)
    429                 TDEWO(JW)  = TDEWNX(JW)
    430                 WINDO(JW)  = WINDNX(JW)
    431                 PHIO(JW)   = PHINX(JW)
    432                 CLOUDO(JW) = CLOUDNX(JW)
    433     
    434                 IF(SYSTDG)THEN
    435                 IF (READ_RADIATION(MetRegWB(JW))) THEN
    436                         IF(METF(MetRegWB(JW)))THEN
    437                         READ (MET(JW),*) NXMET1(JW),TAIRNX(JW),TDEWNX(JW),WINDNX(JW),PHINX(JW),CLOUDNX(JW),SRONX(JW), PALT_J
    437 WNX(JW)                 ! systdg - time series input PALT
    438                         ELSE
    439                         READ (MET(JW),'(8F8.0)') NXMET1(JW),TAIRNX(JW),TDEWNX(JW),WINDNX(JW),PHINX(JW),CLOUDNX(JW),SRONX(JW)
    439 , PALT_JWNX(JW)         ! systdg - time series input PALT
    440                         ENDIF
    441                   SRONX(JW) = SRONX(JW)*REFL
    442                     ELSE
    443                         IF(METF(MetRegWB(JW)))THEN
    444                         READ (MET(JW),*) NXMET1(JW),TAIRNX(JW),TDEWNX(JW),WINDNX(JW),PHINX(JW),CLOUDNX(JW), PALT_JWNX(JW)   
    444               ! systdg - time series input PALT
    445                         ELSE
    446                         READ (MET(JW),'(7F8.0)') NXMET1(JW),TAIRNX(JW),TDEWNX(JW),WINDNX(JW),PHINX(JW),CLOUDNX(JW), PALT_JWN
    446 X(JW)         ! systdg - time series input PALT
    447                         ENDIF
    448                     END IF
    449                 ELSE
    450                         IF (READ_RADIATION(MetRegWB(JW))) THEN
    451                         IF(METF(MetRegWB(JW)))THEN
    452                         READ (MET(JW),*) NXMET1(JW),TAIRNX(JW),TDEWNX(JW),WINDNX(JW),PHINX(JW),CLOUDNX(JW),SRONX(JW)
    453                         ELSE

Page 10          Source Listing                  TIME_VARYING_DATA
2026-03-30 08:47                                 ..\..\..\time-varying-data.f90

    454                         READ (MET(JW),'(8F8.0)') NXMET1(JW),TAIRNX(JW),TDEWNX(JW),WINDNX(JW),PHINX(JW),CLOUDNX(JW),SRONX(JW)
    455                         ENDIF
    456                         SRONX(JW) = SRONX(JW)*REFL
    457                     ELSE
    458                         IF(METF(MetRegWB(JW)))THEN
    459                         READ (MET(JW),*) NXMET1(JW),TAIRNX(JW),TDEWNX(JW),WINDNX(JW),PHINX(JW),CLOUDNX(JW)
    460                         ELSE
    461                         READ (MET(JW),'(7F8.0)') NXMET1(JW),TAIRNX(JW),TDEWNX(JW),WINDNX(JW),PHINX(JW),CLOUDNX(JW)
    462                         ENDIF
    463                     END IF
    464                 ENDIF
    465     ENDDO
    466   endif   ! MetFileRegion
    467   
    468     
    469   do jw=1,nwb
    470     IF (READ_EXTINCTION(JW)) THEN
    471       EXT(JW) = NPT; NPT = NPT+1
    472       OPEN (EXT(JW),FILE=EXTFN(JW),STATUS='OLD')
    473       READ(EXT(JW),'(A1)')INFORMAT
    474       IF(INFORMAT=='$')EXTF(JW)=.TRUE.
    475       IF(EXTF(JW))THEN
    476       READ (EXT(JW),'(/)')
    477       READ (EXT(JW),*)NXEXT2(JW), EXTNX(JW)
    478       ELSE
    479       READ (EXT(JW),'(///2F8.0)') NXEXT2(JW), EXTNX(JW)
    480       ENDIF
    481       
    482       EXH2O(JW) = EXTNX(JW)
    483       EXTO(JW)  = EXTNX(JW)
    484       
    485       IF(EXTF(JW))THEN
    486       READ (EXT(JW),*)    NXEXT1(JW), EXTNX(JW)
    487           ELSE
    488       READ (EXT(JW),'(2F8.0)')    NXEXT1(JW), EXTNX(JW)
    489       ENDIF
    490     END IF
    491 !DO I=CUS(BS(JW)),DS(BE(JW))   ! SW CODE FIX 5-21-15
    492 !  WIND2(I) = WIND(JW)*WSC(I)*DLOG(2.0D0/Z0(JW))/DLOG(WINDH(JW)/Z0(JW))
    493 !END DO
    494   END DO
    495   IF (NWD > 0) THEN
    496     WDQ = NPT; NPT = NPT+1
    497     OPEN (WDQ,FILE=QWDFN,STATUS='OLD')
    498     READ(WDQ,'(A1)')INFORMAT
    499     IF(INFORMAT=='$')WDQF=.TRUE.
    500     IF(WDQF)THEN
    501     READ (WDQ,'(/)')
    502     READ (WDQ,*) NXQWD2,(QWDNX(JW),JW=1,NWD)
    503     DO JW=1,NWD
    504       QWD(JW)  = QWDNX(JW)
    505       QWDO(JW) = QWDNX(JW)
    506     END DO
    507     READ (WDQ,*)    NXQWD1,(QWDNX(JW),JW=1,NWD)
    508     ELSE
    509     READ (WDQ,'(//10F8.0:/(8X,9F8.0))') NXQWD2,(QWDNX(JW),JW=1,NWD)
    510     DO JW=1,NWD

Page 11          Source Listing                  TIME_VARYING_DATA
2026-03-30 08:47                                 ..\..\..\time-varying-data.f90

    511       QWD(JW)  = QWDNX(JW)
    512       QWDO(JW) = QWDNX(JW)
    513     END DO
    514     READ (WDQ,'(10F8.0:/(8X,9F8.0))')    NXQWD1,(QWDNX(JW),JW=1,NWD)
    515     ENDIF
    516     QWDSAV(1:NWD) = QWD(1:NWD)                                                                                        !SR 06
    516 /29/2021
    517   END IF
    518   IF (TRIBUTARIES) THEN
    519     DO JT=1,NTR
    520       TRQ(JT) = NPT; NPT = NPT+1
    521       TRT(JT) = NPT; NPT = NPT+1
    522       
    523         IF (WAIT_FOR_TRIB_INPUT(JT)) THEN                                       ! Wait for input from tributary flow file !S
    523 R 11/28/19
    524         FULL_FILE_NAME = TRIM(ADJUSTL(TR_FILEDIR(JT)))//'\'//TRIM(ADJUSTL(QTRFN(JT)))                                   !SR 
    524 11/28/19
    525         INQUIRE (FILE=TRIM(FULL_FILE_NAME), EXIST=INPUT_FILE_EXISTS)          ! Check that file exists                  !SR 
    525 11/28/19
    526         DO WHILE (.NOT. INPUT_FILE_EXISTS)                                                                              !SR 
    526 11/28/19
    527           WRITE (*,'(3A)')    'Input file ', TRIM(FULL_FILE_NAME), ' does not exist (yet).  Waiting...'                 !SR 
    527 11/28/19
    528           WRITE (9911,'(3A)') 'Input file ', TRIM(FULL_FILE_NAME), ' does not exist (yet).  Waiting...'                 !SR 
    528 11/28/19
    529           CALL SLEEPQQ(WAIT_TIME*1000)                                                                                  !SR 
    529 11/28/19
    530           INQUIRE (FILE=TRIM(FULL_FILE_NAME), EXIST=INPUT_FILE_EXISTS)                                                  !SR 
    530 11/28/19
    531         END DO                                                                                                          !SR 
    531 11/28/19
    532         RESULT1 = SYSTEMQQ('COPY '//TRIM(FULL_FILE_NAME))                     ! Copy file into current directory        !SR 
    532 11/28/19
    533         WRITE (9911,'(F12.4,2X,A,A)') JDAY, 'COPY ', TRIM(FULL_FILE_NAME)                                               !SR 
    533 11/28/19
    534         IF (.NOT. RESULT1) CALL PRINT_ERROR_AND_STOP('QTR',JT)                ! Problem with copy; write msg and stop   !SR 
    534 11/28/19
    535 
    536         LAST_JDAY = GET_LAST_JDAY(QTRFN(JT))                                  ! Find last JDAY in input file            !SR 
    536 11/28/19
    537         DO WHILE (LAST_JDAY <= TMEND-0.5 .AND. JDAY > LAST_JDAY-TIME_BUFFER)  ! Not enough data in input file           !SR 
    537 11/28/19
    538           WRITE (9911,'(A,I0,3(A,F0.4))') 'WAIT: Input QTR',JT,' DAY= ',LAST_JDAY,' JDAY= ',JDAY,' TMEND= ',TMEND       !SR 
    538 11/28/19
    539           CALL SLEEPQQ(WAIT_TIME*1000)                                                                                  !SR 
    539 11/28/19
    540           RESULT1 = SYSTEMQQ('COPY '//TRIM(FULL_FILE_NAME))                   ! Copy file into current directory        !SR 
    540 11/28/19
    541           WRITE (9911,'(F12.4,2X,A,A)') JDAY, 'COPY ', TRIM(FULL_FILE_NAME)                                             !SR 
    541 11/28/19
    542           IF (.NOT. RESULT1) CALL PRINT_ERROR_AND_STOP('QTR',JT)              ! Problem with copy; write msg and stop   !SR 
    542 11/28/19
    543           LAST_JDAY = GET_LAST_JDAY(QTRFN(JT))                                                                          !SR 
    543 11/28/19
    544         END DO                                                                                                          !SR 
    544 11/28/19
    545       END IF                                                                                                            !SR 

Page 12          Source Listing                  TIME_VARYING_DATA
2026-03-30 08:47                                 ..\..\..\time-varying-data.f90

    545 11/28/19
    546       OPEN (TRQ(JT),FILE=QTRFN(JT),STATUS='OLD')
    547       READ (TRQ(JT),'(A1)') INFORMAT
    548       IF (INFORMAT=='$') TRQF(JT)=.TRUE.
    549       IF (TRQF(JT)) THEN
    550         READ (TRQ(JT),'(/)')
    551         READ (TRQ(JT),*) NXQTR2(JT),QTRNX(JT)
    552       ELSE
    553         READ (TRQ(JT),'(//2F8.0)') NXQTR2(JT),QTRNX(JT)
    554       END IF
    555 
    556       IF (WAIT_FOR_TRIB_INPUT(JT)) THEN                                       ! Wait for input from tributary temp file !SR 
    556 11/28/19
    557         FULL_FILE_NAME = TRIM(ADJUSTL(TR_FILEDIR(JT)))//'\'//TRIM(ADJUSTL(TTRFN(JT)))                                   !SR 
    557 11/28/19
    558         INQUIRE (FILE=TRIM(FULL_FILE_NAME), EXIST=INPUT_FILE_EXISTS)          ! Check that file exists                  !SR 
    558 11/28/19
    559         DO WHILE (.NOT. INPUT_FILE_EXISTS)                                                                              !SR 
    559 11/28/19
    560           WRITE (*,'(3A)')    'Input file ', TRIM(FULL_FILE_NAME), ' does not exist (yet).  Waiting...'                 !SR 
    560 11/28/19
    561           WRITE (9911,'(3A)') 'Input file ', TRIM(FULL_FILE_NAME), ' does not exist (yet).  Waiting...'                 !SR 
    561 11/28/19
    562           CALL SLEEPQQ(WAIT_TIME*1000)                                                                                  !SR 
    562 11/28/19
    563           INQUIRE (FILE=TRIM(FULL_FILE_NAME), EXIST=INPUT_FILE_EXISTS)                                                  !SR 
    563 11/28/19
    564         END DO                                                                                                          !SR 
    564 11/28/19
    565         RESULT1 = SYSTEMQQ('COPY '//TRIM(FULL_FILE_NAME))                     ! Copy file into current directory        !SR 
    565 11/28/19
    566         WRITE (9911,'(F12.4,2X,A,A)') JDAY, 'COPY ', TRIM(FULL_FILE_NAME)                                               !SR 
    566 11/28/19
    567         IF (.NOT. RESULT1) CALL PRINT_ERROR_AND_STOP('TTR',JT)                ! Problem with copy; write msg and stop   !SR 
    567 11/28/19
    568 
    569         LAST_JDAY = GET_LAST_JDAY(TTRFN(JT))                                  ! Find last JDAY in input file            !SR 
    569 11/28/19
    570         DO WHILE (LAST_JDAY <= TMEND-0.5 .AND. JDAY > LAST_JDAY-TIME_BUFFER)  ! Not enough data in input file           !SR 
    570 11/28/19
    571           WRITE (9911,'(A,I0,3(A,F0.4))') 'WAIT: Input TTR',JT,' DAY= ',LAST_JDAY,' JDAY= ',JDAY,' TMEND= ',TMEND       !SR 
    571 11/28/19
    572           CALL SLEEPQQ(WAIT_TIME*1000)                                                                                  !SR 
    572 11/28/19
    573           RESULT1 = SYSTEMQQ('COPY '//TRIM(FULL_FILE_NAME))                   ! Copy file into current directory        !SR 
    573 11/28/19
    574           WRITE (9911,'(F12.4,2X,A,A)') JDAY, 'COPY ', TRIM(FULL_FILE_NAME)                                             !SR 
    574 11/28/19
    575           IF (.NOT. RESULT1) CALL PRINT_ERROR_AND_STOP('TTR',JT)              ! Problem with copy; write msg and stop   !SR 
    575 11/28/19
    576           LAST_JDAY = GET_LAST_JDAY(TTRFN(JT))                                                                          !SR 
    576 11/28/19
    577         END DO                                                                                                          !SR 
    577 11/28/19
    578       END IF                                                                                                            !SR 
    578 11/28/19
    579       OPEN (TRT(JT),FILE=TTRFN(JT),STATUS='OLD')

Page 13          Source Listing                  TIME_VARYING_DATA
2026-03-30 08:47                                 ..\..\..\time-varying-data.f90

    580       READ (TRT(JT),'(A1)') INFORMAT
    581       IF (INFORMAT=='$') TRTF(JT)=.TRUE.
    582       IF (TRTF(JT)) THEN
    583         READ (TRT(JT),'(/)')
    584         READ (TRT(JT),*) NXTTR2(JT),TTRNX(JT)
    585       ELSE
    586         READ (TRT(JT),'(//2F8.0)') NXTTR2(JT),TTRNX(JT)
    587       END IF
    588 
    589       IF (TRIB_CONST(JT)) THEN
    590         TRC(JT) = NPT; NPT = NPT+1
    591 
    592         IF (WAIT_FOR_TRIB_INPUT(JT)) THEN                                      ! Wait for input from tributary WQ file  !SR 
    592 11/28/19
    593           FULL_FILE_NAME = TRIM(ADJUSTL(TR_FILEDIR(JT)))//'\'//TRIM(ADJUSTL(CTRFN(JT)))                                 !SR 
    593 11/28/19
    594           INQUIRE (FILE=TRIM(FULL_FILE_NAME), EXIST=INPUT_FILE_EXISTS)         ! Check that file exists                 !SR 
    594 11/28/19
    595           DO WHILE (.NOT. INPUT_FILE_EXISTS)                                                                            !SR 
    595 11/28/19
    596             WRITE (*,'(3A)')    'Input file ', TRIM(FULL_FILE_NAME), ' does not exist (yet).  Waiting...'               !SR 
    596 11/28/19
    597             WRITE (9911,'(3A)') 'Input file ', TRIM(FULL_FILE_NAME), ' does not exist (yet).  Waiting...'               !SR 
    597 11/28/19
    598             CALL SLEEPQQ(WAIT_TIME*1000)                                                                                !SR 
    598 11/28/19
    599             INQUIRE (FILE=TRIM(FULL_FILE_NAME), EXIST=INPUT_FILE_EXISTS)                                                !SR 
    599 11/28/19
    600           END DO                                                                                                        !SR 
    600 11/28/19
    601           RESULT1 = SYSTEMQQ('COPY '//TRIM(FULL_FILE_NAME))                    ! Copy file into current directory       !SR 
    601 11/28/19
    602           WRITE (9911,'(F12.4,2X,A,A)') JDAY, 'COPY ', TRIM(FULL_FILE_NAME)                                             !SR 
    602 11/28/19
    603           IF (.NOT. RESULT1) CALL PRINT_ERROR_AND_STOP('CTR',JT)               ! Problem with copy; write msg and stop  !SR 
    603 11/28/19
    604 
    605           LAST_JDAY = GET_LAST_JDAY(CTRFN(JT))                                 ! Find last JDAY in input file           !SR 
    605 11/28/19
    606           DO WHILE (LAST_JDAY <= TMEND-0.5 .AND. JDAY > LAST_JDAY-TIME_BUFFER) ! Not enough data in input file          !SR 
    606 11/28/19
    607             WRITE (9911,'(A,I0,3(A,F0.4))') 'WAIT: Input CTR',JT,' DAY= ',LAST_JDAY,' JDAY= ',JDAY,' TMEND= ',TMEND     !SR 
    607 11/28/19
    608             CALL SLEEPQQ(WAIT_TIME*1000)                                                                                !SR 
    608 11/28/19
    609             RESULT1 = SYSTEMQQ('COPY '//TRIM(FULL_FILE_NAME))                  ! Copy file into current directory       !SR 
    609 11/28/19
    610             WRITE (9911,'(F12.4,2X,A,A)') JDAY, 'COPY ', TRIM(FULL_FILE_NAME)                                           !SR 
    610 11/28/19
    611             IF (.NOT. RESULT1) CALL PRINT_ERROR_AND_STOP('CTR',JT)             ! Problem with copy; write msg and stop  !SR 
    611 11/28/19
    612             LAST_JDAY = GET_LAST_JDAY(CTRFN(JT))                                                                        !SR 
    612 11/28/19
    613           END DO                                                                                                        !SR 
    613 11/28/19
    614         END IF                                                                                                          !SR 
    614 11/28/19

Page 14          Source Listing                  TIME_VARYING_DATA
2026-03-30 08:47                                 ..\..\..\time-varying-data.f90

    615 
    616         OPEN (TRC(JT),FILE=CTRFN(JT),STATUS='OLD')
    617         READ (TRC(JT),'(A1)') INFORMAT
    618         IF (INFORMAT=='$') TRCF(JT)=.TRUE.
    619         IF (TRCF(JT)) THEN
    620           READ (TRC(JT),'(/)')
    621           READ (TRC(JT),*) NXCTR2(JT),(CTRNX(TRCN(JAC,JT),JT),JAC=1,NACTR(JT))
    622         ELSE
    623           READ (TRC(JT),'(//1000F8.0)') NXCTR2(JT),(CTRNX(TRCN(JAC,JT),JT),JAC=1,NACTR(JT))
    624         END IF
    625       
    626 !     OPEN (TRQ(JT),FILE=QTRFN(JT),STATUS='OLD')
    627 !     OPEN (TRT(JT),FILE=TTRFN(JT),STATUS='OLD')
    628 !
    629 !      READ( TRQ(JT),'(A1)')INFORMAT
    630 !      IF(INFORMAT=='$')TRQF(JT)=.TRUE.
    631 !           IF(TRQF(JT))THEN
    632 !           READ (TRQ(JT),'(/)')
    633 !           READ (TRQ(JT),*) NXQTR2(JT),QTRNX(JT)
    634 !           ELSE
    635 !           READ (TRQ(JT),'(//2F8.0)') NXQTR2(JT),QTRNX(JT)
    636 !           ENDIF
    637 !     READ( TRT(JT),'(A1)')INFORMAT
    638 !      IF(INFORMAT=='$')TRTF(JT)=.TRUE.
    639 !           IF(TRTF(JT))THEN
    640 !           READ (TRT(JT),'(/)')
    641 !           READ (TRT(JT),*) NXTTR2(JT),TTRNX(JT)
    642 !           ELSE
    643 !           READ (TRT(JT),'(//2F8.0)') NXTTR2(JT),TTRNX(JT)
    644 !           ENDIF
    645 !
    646 !!     READ (TRQ(JT),'(///2F8.0)') NXQTR2(JT),QTRNX(JT)
    647 !!     READ (TRT(JT),'(///2F8.0)') NXTTR2(JT),TTRNX(JT)
    648 !     IF (TRIB_CONST(JT)) THEN
    649 !       TRC(JT) = NPT; NPT = NPT+1
    650 !       OPEN (TRC(JT),FILE=CTRFN(JT),STATUS='OLD')
    651 !       READ( TRC(JT),'(A1)')INFORMAT
    652 !       IF(INFORMAT=='$')TRCF(JT)=.TRUE.
    653 !           IF(TRCF(JT))THEN
    654 !           READ (TRC(JT),'(/)')
    655 !           READ (TRC(JT),*) NXCTR2(JT),(CTRNX(TRCN(JAC,JT),JT),JAC=1,NACTR(JT))
    656 !           ELSE
    657 !           READ (TRC(JT),'(//1000F8.0)') NXCTR2(JT),(CTRNX(TRCN(JAC,JT),JT),JAC=1,NACTR(JT))
    658 !           ENDIF
    659       END IF
    660     END DO
    661     QTR(1:NTR)    = QTRNX(1:NTR)
    662     QTRO(1:NTR)   = QTRNX(1:NTR)
    663     TTR(1:NTR)    = TTRNX(1:NTR)
    664     TTRO(1:NTR)   = TTRNX(1:NTR)
    665     CTR(:,1:NTR)  = CTRNX(:,1:NTR)
    666     CTRO(:,1:NTR) = CTRNX(:,1:NTR)
    667 !
    668 ! systdg - time series input
    669     IF(SYSTDG)THEN
    670     IF (DOBND .OR. N2BND .OR. DGPBND) THEN                                   
    671       DO JT=1,NTR

Page 15          Source Listing                  TIME_VARYING_DATA
2026-03-30 08:47                                 ..\..\..\time-varying-data.f90

    672         IF (DOBND) THEN                                          
    673           DO_SAT(JT)=EXP(7.7117 - 1.31403 * (LOG(TTR(JT)+45.93))) * PALT(ITR(JT))
    674           CTR(NDO,JT)  = DO_SAT(JT) * CTR(NDO,JT)
    675         END IF
    676         IF (N2BND) THEN
    677           EA = DEXP(2.3026D0*(7.5D0*TDEW(WBSEG(ITR(JT)))/(TDEW(WBSEG(ITR(JT)))+237.3D0)+0.6609D0))*0.001316                 
    677  
    678           N2_SAT(JT) = (1.5568D06*0.79*(PALT(ITR(JT))-EA)*(1.8816D-5 - 4.116D-7 * TTR(JT) + 4.6D-9 * TTR(JT)*TTR(JT)))
    679           CTR(NN2,JT) = N2_SAT(JT) * CTR(NN2,JT)
    680         END IF
    681 !
    682         IF(DGPBND) CTR(NDGP,JT) = PALT(ITR(JT)) * CTR(NDGP,JT)
    683       END DO
    684     END IF
    685     ENDIF
    686     
    687 !
    688 ! systdg - add for time series input
    689     DO JT=1,NTR
    690       IF(TRQF(JT))THEN
    691         READ (TRQ(JT),*) NXQTR1(JT),QTRNX(JT)   ! cb 5/22/14
    692       ELSE
    693       READ (TRQ(JT),'(2F8.0)') NXQTR1(JT),QTRNX(JT)
    694       END IF
    695       IF(TRTF(JT))THEN
    696         READ (TRT(JT),*) NXTTR1(JT),TTRNX(JT)  ! cb 5/22/14
    697       ELSE
    698       READ (TRT(JT),'(2F8.0)') NXTTR1(JT),TTRNX(JT)
    699       END IF
    700       IF (TRIB_CONST(JT)) THEN
    701         IF(TRCF(JT))THEN
    702         READ (TRC(JT),*) NXCTR1(JT),(CTRNX(TRCN(JAC,JT),JT),JAC=1,NACTR(JT))
    703             ELSE
    704         READ (TRC(JT),'(1000F8.0)') NXCTR1(JT),(CTRNX(TRCN(JAC,JT),JT),JAC=1,NACTR(JT))
    705         ENDIF
    706       END IF
    707     END DO
    708   END IF
    709 !
    710 ! systdg - time series input TWE
    711   IF (SYSTDG) THEN                                                                  
    712      IF (TWETSC=='      ON') THEN
    713         TWEFNNO=NPT; NPT=NPT+1
    714         OPEN (TWEFNNO,FILE=TWEFN,STATUS='OLD')
    715         READ (TWEFNNO,'(A1)')INFORMAT
    716         IF (INFORMAT=='$') TWEF=.TRUE.
    717         IF (TWEF) THEN
    718             READ (TWEFNNO, '(/)')
    719             READ (TWEFNNO,*) NXTWE2, TWE_TSNX
    720         ELSE
    721             READ (TWEFNNO,'(//2F8.3)') NXTWE2, TWE_TSNX
    722         END IF
    723         TWE_TS = TWE_TSNX
    724         TWE_TSO= TWE_TSNX
    725         IF (TWEF) THEN
    726             READ (TWEFNNO,*) NXTWE1, TWE_TSNX
    727         ELSE

Page 16          Source Listing                  TIME_VARYING_DATA
2026-03-30 08:47                                 ..\..\..\time-varying-data.f90

    728             READ (TWEFNNO,'(2F8.3)') NXTWE1, TWE_TSNX
    729         END IF
    730      END IF
    731   END IF   
    732 !
    733 ! systdg - time series input TWE
    734    DO JW=1,NWB
    735     DO JB=BS(JW),BE(JW)
    736       IF (UP_FLOW(JB)) THEN
    737         IF (.NOT. INTERNAL_FLOW(JB) .AND. .NOT. DAM_INFLOW(JB)) THEN                                                  !TC 08
    737 /03/04 RA 1/13/06
    738           INQ(JB)  = NPT; NPT = NPT+1
    739           INFT(JB) = NPT; NPT = NPT+1
    740 
    741           IF (WAIT_FOR_BRANCH_INPUT(JB)) THEN                                     ! Wait for input, branch flow file    !SR 
    741 11/28/19
    742             FULL_FILE_NAME = TRIM(ADJUSTL(BR_FILEDIR(JB)))//'\'//TRIM(ADJUSTL(QINFN(JB)))                               !SR 
    742 11/28/19
    743             INQUIRE (FILE=TRIM(FULL_FILE_NAME), EXIST=INPUT_FILE_EXISTS)          ! Check that file exists              !SR 
    743 11/28/19
    744             DO WHILE (.NOT. INPUT_FILE_EXISTS)                                                                          !SR 
    744 11/28/19
    745               WRITE (*,'(3A)')    'Input file ', TRIM(FULL_FILE_NAME), ' does not exist (yet).  Waiting...'             !SR 
    745 11/28/19
    746               WRITE (9911,'(3A)') 'Input file ', TRIM(FULL_FILE_NAME), ' does not exist (yet).  Waiting...'             !SR 
    746 11/28/19
    747               CALL SLEEPQQ(WAIT_TIME*1000)                                                                              !SR 
    747 11/28/19
    748               INQUIRE (FILE=TRIM(FULL_FILE_NAME), EXIST=INPUT_FILE_EXISTS)                                              !SR 
    748 11/28/19
    749             END DO                                                                                                      !SR 
    749 11/28/19
    750             RESULT1 = SYSTEMQQ('COPY '//TRIM(FULL_FILE_NAME))                     ! Copy file into current directory    !SR 
    750 11/28/19
    751             WRITE (9911,'(F12.4,2X,A,A)') JDAY, 'COPY ', TRIM(FULL_FILE_NAME)                                           !SR 
    751 11/28/19
    752             IF (.NOT. RESULT1) CALL PRINT_ERROR_AND_STOP('QIN',JB)                ! Problem with copy; write msg, stop  !SR 
    752 11/28/19
    753 
    754             LAST_JDAY = GET_LAST_JDAY(QINFN(JB))                                  ! Find last JDAY in input file        !SR 
    754 11/28/19
    755             DO WHILE (LAST_JDAY <= TMEND-0.5 .AND. JDAY > LAST_JDAY-TIME_BUFFER)  ! Not enough data in input file       !SR 
    755 11/28/19
    756               WRITE (9911,'(A,I0,3(A,F0.4))') 'WAIT: Input QIN',JB,' DAY= ',LAST_JDAY,' JDAY= ',JDAY,' TMEND= ',TMEND   !SR 
    756 11/28/19
    757               CALL SLEEPQQ(WAIT_TIME*1000)                                                                              !SR 
    757 11/28/19
    758               RESULT1 = SYSTEMQQ('COPY '//TRIM(FULL_FILE_NAME))                   ! Copy file into current directory    !SR 
    758 11/28/19
    759               WRITE (9911,'(F12.4,2X,A,A)') JDAY, 'COPY ', TRIM(FULL_FILE_NAME)                                         !SR 
    759 11/28/19
    760               IF (.NOT. RESULT1) CALL PRINT_ERROR_AND_STOP('QIN',JB)              ! Problem with copy; write msg, stop  !SR 
    760 11/28/19
    761               LAST_JDAY = GET_LAST_JDAY(QINFN(JB))                                                                      !SR 
    761 11/28/19
    762             END DO                                                                                                      !SR 
    762 11/28/19

Page 17          Source Listing                  TIME_VARYING_DATA
2026-03-30 08:47                                 ..\..\..\time-varying-data.f90

    763           END IF                                                                                                        !SR 
    763 11/28/19
    764           OPEN (INQ(JB),FILE=QINFN(JB),STATUS='OLD')
    765           READ (INQ(JB),'(A1)') INFORMAT
    766           IF (INFORMAT=='$') INQF(JB)=.TRUE.
    767           IF (INQF(JB)) THEN
    768             READ (INQ(JB),'(/)')
    769             READ (INQ(JB),*) NXQIN2(JB),QINNX(JB)
    770           ELSE
    771             READ (INQ(JB),'(//2F8.0)') NXQIN2(JB),QINNX(JB)
    772           END IF
    773 
    774           IF (WAIT_FOR_BRANCH_INPUT(JB)) THEN                                     ! Wait for input, branch temp file    !SR 
    774 11/28/19
    775             FULL_FILE_NAME = TRIM(ADJUSTL(BR_FILEDIR(JB)))//'\'//TRIM(ADJUSTL(TINFN(JB)))                               !SR 
    775 11/28/19
    776             INQUIRE (FILE=TRIM(FULL_FILE_NAME), EXIST=INPUT_FILE_EXISTS)          ! Check that file exists              !SR 
    776 11/28/19
    777             DO WHILE (.NOT. INPUT_FILE_EXISTS)                                                                          !SR 
    777 11/28/19
    778               WRITE (*,'(3A)')    'Input file ', TRIM(FULL_FILE_NAME), ' does not exist (yet).  Waiting...'             !SR 
    778 11/28/19
    779               WRITE (9911,'(3A)') 'Input file ', TRIM(FULL_FILE_NAME), ' does not exist (yet).  Waiting...'             !SR 
    779 11/28/19
    780               CALL SLEEPQQ(WAIT_TIME*1000)                                                                              !SR 
    780 11/28/19
    781               INQUIRE (FILE=TRIM(FULL_FILE_NAME), EXIST=INPUT_FILE_EXISTS)                                              !SR 
    781 11/28/19
    782             END DO                                                                                                      !SR 
    782 11/28/19
    783             RESULT1 = SYSTEMQQ('COPY '//TRIM(FULL_FILE_NAME))                     ! Copy file into current directory    !SR 
    783 11/28/19
    784             WRITE (9911,'(F12.4,2X,A,A)') JDAY, 'COPY ', TRIM(FULL_FILE_NAME)                                           !SR 
    784 11/28/19
    785             IF (.NOT. RESULT1) CALL PRINT_ERROR_AND_STOP('TIN',JB)                ! Problem with copy; write msg, stop  !SR 
    785 11/28/19
    786 
    787             LAST_JDAY = GET_LAST_JDAY(TINFN(JB))                                  ! Find last JDAY in input file        !SR 
    787 11/28/19
    788             DO WHILE (LAST_JDAY <= TMEND-0.5 .AND. JDAY > LAST_JDAY-TIME_BUFFER)  ! Not enough data in input file       !SR 
    788 11/28/19
    789               WRITE (9911,'(A,I0,3(A,F0.4))') 'WAIT: Input TIN',JB,' DAY= ',LAST_JDAY,' JDAY= ',JDAY,' TMEND= ',TMEND   !SR 
    789 11/28/19
    790               CALL SLEEPQQ(WAIT_TIME*1000)                                                                              !SR 
    790 11/28/19
    791               RESULT1 = SYSTEMQQ('COPY '//TRIM(FULL_FILE_NAME))                   ! Copy file into current directory    !SR 
    791 11/28/19
    792               WRITE (9911,'(F12.4,2X,A,A)') JDAY, 'COPY ', TRIM(FULL_FILE_NAME)                                         !SR 
    792 11/28/19
    793               IF (.NOT. RESULT1) CALL PRINT_ERROR_AND_STOP('TIN',JB)              ! Problem with copy; write msg, stop  !SR 
    793 11/28/19
    794               LAST_JDAY = GET_LAST_JDAY(TINFN(JB))                                                                      !SR 
    794 11/28/19
    795             END DO                                                                                                      !SR 
    795 11/28/19
    796           END IF                                                                                                        !SR 
    796 11/28/19

Page 18          Source Listing                  TIME_VARYING_DATA
2026-03-30 08:47                                 ..\..\..\time-varying-data.f90

    797           OPEN (INFT(JB),FILE=TINFN(JB),STATUS='OLD')
    798           READ (INFT(JB),'(A1)') INFORMAT
    799           IF (INFORMAT=='$') INTF(JB)=.TRUE.
    800           IF (INTF(JB)) THEN
    801             READ (INFT(JB),'(/)')
    802             READ (INFT(JB),*) NXTIN2(JB),TINNX(JB)
    803           ELSE
    804             READ (INFT(JB),'(//2F8.0)') NXTIN2(JB),TINNX(JB)
    805           END IF      
    806 
    807           IF (INFLOW_CONST(JB)) THEN
    808             INC(JB) = NPT; NPT = NPT+1
    809 
    810             IF (WAIT_FOR_BRANCH_INPUT(JB)) THEN                                    ! Wait for input, branch WQ file     !SR 
    810 11/28/19
    811               FULL_FILE_NAME = TRIM(ADJUSTL(BR_FILEDIR(JB)))//'\'//TRIM(ADJUSTL(CINFN(JB)))                             !SR 
    811 11/28/19
    812               INQUIRE (FILE=TRIM(FULL_FILE_NAME), EXIST=INPUT_FILE_EXISTS)         ! Check that file exists             !SR 
    812 11/28/19
    813               DO WHILE (.NOT. INPUT_FILE_EXISTS)                                                                        !SR 
    813 11/28/19
    814                 WRITE (*,'(3A)')    'Input file ', TRIM(FULL_FILE_NAME), ' does not exist (yet).  Waiting...'           !SR 
    814 11/28/19
    815                 WRITE (9911,'(3A)') 'Input file ', TRIM(FULL_FILE_NAME), ' does not exist (yet).  Waiting...'           !SR 
    815 11/28/19
    816                 CALL SLEEPQQ(WAIT_TIME*1000)                                                                            !SR 
    816 11/28/19
    817                 INQUIRE (FILE=TRIM(FULL_FILE_NAME), EXIST=INPUT_FILE_EXISTS)                                            !SR 
    817 11/28/19
    818               END DO                                                                                                    !SR 
    818 11/28/19
    819               RESULT1 = SYSTEMQQ('COPY '//TRIM(FULL_FILE_NAME))                    ! Copy file into current directory   !SR 
    819 11/28/19
    820               WRITE (9911,'(F12.4,2X,A,A)') JDAY, 'COPY ', TRIM(FULL_FILE_NAME)                                         !SR 
    820 11/28/19
    821               IF (.NOT. RESULT1) CALL PRINT_ERROR_AND_STOP('CIN',JB)               ! Problem with copy; write msg, stop !SR 
    821 11/28/19
    822 
    823               LAST_JDAY = GET_LAST_JDAY(CINFN(JB))                                 ! Find last JDAY in input file       !SR 
    823 11/28/19
    824               DO WHILE (LAST_JDAY <= TMEND-0.5 .AND. JDAY > LAST_JDAY-TIME_BUFFER) ! Not enough data in input file      !SR 
    824 11/28/19
    825                 WRITE (9911,'(A,I0,3(A,F0.4))') 'WAIT: Input CIN',JB,' DAY= ',LAST_JDAY,' JDAY= ',JDAY,' TMEND= ',TMEND !SR 
    825 11/28/19
    826                 CALL SLEEPQQ(WAIT_TIME*1000)                                                                            !SR 
    826 11/28/19
    827                 RESULT1 = SYSTEMQQ('COPY '//TRIM(FULL_FILE_NAME))                  ! Copy file into current directory   !SR 
    827 11/28/19
    828                 WRITE (9911,'(F12.4,2X,A,A)') JDAY, 'COPY ', TRIM(FULL_FILE_NAME)                                       !SR 
    828 11/28/19
    829                 IF (.NOT. RESULT1) CALL PRINT_ERROR_AND_STOP('CIN',JB)             ! Problem with copy; write msg, stop !SR 
    829 11/28/19
    830                 LAST_JDAY = GET_LAST_JDAY(CINFN(JB))                                                                    !SR 
    830 11/28/19
    831               END DO                                                                                                    !SR 
    831 11/28/19
    832             END IF                                                                                                      !SR 

Page 19          Source Listing                  TIME_VARYING_DATA
2026-03-30 08:47                                 ..\..\..\time-varying-data.f90

    832 11/28/19
    833             OPEN (INC(JB),FILE=CINFN(JB),STATUS='OLD')
    834 !DO JW=1,NWB
    835 !  DO JB=BS(JW),BE(JW)
    836 !    IF (UP_FLOW(JB)) THEN
    837 !      IF (.NOT. INTERNAL_FLOW(JB) .AND. .NOT. DAM_INFLOW(JB)) THEN                                                  !TC 08/
    837 03/04 RA 1/13/06
    838 !        INQ(JB)  = NPT; NPT = NPT+1
    839 !        INFT(JB) = NPT; NPT = NPT+1
    840 !        OPEN (INQ(JB) ,FILE=QINFN(JB),STATUS='OLD')
    841 !        OPEN (INFT(JB),FILE=TINFN(JB),STATUS='OLD')
    842 !     READ( INQ(JB),'(A1)')INFORMAT
    843 !     IF(INFORMAT=='$')INQF(JB)=.TRUE.
    844 !          IF(INQF(JB))THEN
    845 !          READ (INQ(JB),'(/)')
    846 !          READ (INQ(JB),*) NXQIN2(JB),QINNX(JB)
    847 !          ELSE
    848 !          READ (INQ(JB), '(//2F8.0)') NXQIN2(JB),QINNX(JB)
    849 !          ENDIF
    850 !     READ( INFT(JB),'(A1)')INFORMAT
    851 !     IF(INFORMAT=='$')INTF(JB)=.TRUE.
    852 !          IF(INTF(JB))THEN
    853 !          READ (INFT(JB),'(/)')
    854 !          READ (INFT(JB),*) NXTIN2(JB),TINNX(JB)
    855 !          ELSE
    856 !          READ (INFT(JB),'(//2F8.0)') NXTIN2(JB),TINNX(JB)
    857 !          ENDIF
    858 !
    859 !   !     READ (INQ(JB), '(///2F8.0)') NXQIN2(JB),QINNX(JB)
    860 !   !     READ (INFT(JB),'(///2F8.0)') NXTIN2(JB),TINNX(JB)
    861 !        IF (INFLOW_CONST(JB)) THEN
    862 !          INC(JB) = NPT; NPT = NPT+1
    863 !          OPEN (INC(JB),FILE=CINFN(JB),STATUS='OLD')
    864             READ( INC(JB),'(A1)')INFORMAT
    865             IF(INFORMAT=='$')INCF(JB)=.TRUE.
    866             IF(INCF(JB))THEN
    867             READ (INC(JB),'(/)')
    868             READ (INC(JB),*) NXCIN2(JB),(CINNX(INCN(JC,JB),JB),JC=1,NACIN(JB))
    869             ELSE
    870             READ (INC(JB),'(//1000F8.0)') NXCIN2(JB),(CINNX(INCN(JC,JB),JB),JC=1,NACIN(JB))
    871             ENDIF
    872           END IF
    873         END IF
    874         QIN(JB)    = QINNX(JB)
    875         QIND(JB)   = QINNX(JB)
    876         QINO(JB)   = QINNX(JB)
    877         TIN(JB)    = TINNX(JB)
    878         TIND(JB)   = TINNX(JB)
    879         TINO(JB)   = TINNX(JB)
    880         CIN(:,JB)  = CINNX(:,JB)
    881         CIND(:,JB) = CINNX(:,JB)
    882         CINO(:,JB) = CINNX(:,JB)
    883 !
    884 ! systdg - time series input
    885         IF(SYSTDG)THEN
    886         IF (DOBND) THEN                                          
    887           DO_SATJ(JB)=EXP(7.7117 - 1.31403 * (LOG(TIN(JB)+45.93))) * PALT(CUS(JB))

Page 20          Source Listing                  TIME_VARYING_DATA
2026-03-30 08:47                                 ..\..\..\time-varying-data.f90

    888           CIN(NDO,JB)  = DO_SATJ(JB) * CIN(NDO,JB)
    889           CIND(NDO,JB)  = DO_SATJ(JB) * CIND(NDO,JB)
    890         END IF
    891         IF (N2BND) THEN
    892           EA = DEXP(2.3026D0*(7.5D0*TDEW(WBSEG(CUS(JB)))/(TDEW(WBSEG(CUS(JB)))+237.3D0)+0.6609D0))*0.001316                 
    893           N2_SATJ(JB) = (1.5568D06*0.79*(PALT(CUS(JB))-EA)*(1.8816D-5 - 4.116D-7 * TIN(JB) + 4.6D-9 * TIN(JB)*TIN(JB)))
    894           CIN(NN2,JB) = N2_SATJ(JB) * CIN(NN2,JB)
    895           CIND(NN2,JB) = N2_SATJ(JB) * CIND(NN2,JB)
    896         END IF
    897 !
    898         IF(DGPBND) CIND(NDGP,JB) = PALT(CUS(JB)) * CIND(NDGP,JB)
    899         ENDIF
    900 !
    901 ! systdg - time series input
    902         IF (.NOT. INTERNAL_FLOW(JB) .AND. .NOT. DAM_INFLOW(JB)) THEN                                                  !TC 08
    902 /03/04  RA 1/13/06
    903             IF(INQF(JB))THEN
    904             READ (INQ(JB),*) NXQIN1(JB),QINNX(JB)
    905             ELSE
    906           READ (INQ(JB), '(2F8.0)') NXQIN1(JB),QINNX(JB)
    907             ENDIF          
    908             IF(INTF(JB))THEN
    909             READ (INFT(JB),*) NXTIN1(JB),TINNX(JB)
    910             ELSE
    911           READ (INFT(JB),'(2F8.0)') NXTIN1(JB),TINNX(JB)
    912             ENDIF 
    913 
    914           IF (INFLOW_CONST(JB)) THEN
    915             IF(INCF(JB))THEN
    916             READ (INC(JB),*) NXCIN1(JB),(CINNX(INCN(JC,JB),JB),JC=1,NACIN(JB))  
    917                   ELSE
    918             READ (INC(JB),'(1000F8.0)') NXCIN1(JB),(CINNX(INCN(JC,JB),JB),JC=1,NACIN(JB))
    919             ENDIF
    920           END IF
    921         END IF
    922       END IF
    923       IF (DN_FLOW(JB)) THEN
    924         IF (NSTR(JB) > 0) THEN
    925           OTQ(JB) = NPT; NPT = NPT+1
    926           OPEN (OTQ(JB),FILE=QOTFN(JB),STATUS='OLD')
    927           READ (OTQ(JB),'(A1)')INFORMAT
    928           IF(INFORMAT == '$')OTQF(JB)=.TRUE.
    929            IF(OTQF(JB))THEN
    930             READ(OTQ(JB),'(/)')
    931             READ (OTQ(JB),*) NXQOT2(JB),(QSTRNX(JS,JB),JS=1,NSTR(JB))
    932             QSTR(:,JB)  = QSTRNX(:,JB)
    933             QSTRO(:,JB) = QSTRNX(:,JB)
    934             READ (OTQ(JB),*)NXQOT1(JB),(QSTRNX(JS,JB),JS=1,NSTR(JB))
    935            ELSE
    936             READ (OTQ(JB),'(//10F8.0:/(8X,9F8.0))') NXQOT2(JB),(QSTRNX(JS,JB),JS=1,NSTR(JB))
    937             QSTR(:,JB)  = QSTRNX(:,JB)
    938             QSTRO(:,JB) = QSTRNX(:,JB)
    939             READ (OTQ(JB),'(10F8.0:/(8X,9F8.0))')    NXQOT1(JB),(QSTRNX(JS,JB),JS=1,NSTR(JB))
    940            ENDIF
    941            QSTRSAV(:,JB) = QSTR(:,JB)                                                                                  !SR 0
    941 6/29/2021
    942            

Page 21          Source Listing                  TIME_VARYING_DATA
2026-03-30 08:47                                 ..\..\..\time-varying-data.f90

    943            IF(DYNSTRUC(JB) == '      ON')THEN
    944                ODYNS(JB)=NPT; NPT=NPT+1
    945                WRITE (SEGNUM,'(I0)') JB     
    946                SEGNUM = ADJUSTL(SEGNUM)
    947                L      = LEN_TRIM(SEGNUM)   
    948                OPEN (ODYNS(JB),FILE='dynselev'//SEGNUM(1:L)//'.npt',STATUS='OLD')
    949                READ (ODYNS(JB),'(A1)')INFORMAT
    950                IF(INFORMAT == '$')DYNEF(JB)=.TRUE.
    951                READ(ODYNS(JB),*)NJS
    952                DO J=1,NJS
    953                READ(ODYNS(JB),*)JJS(J)
    954                ENDDO
    955                IF(DYNEF(JB))THEN
    956                READ(ODYNS(JB),*)
    957                READ (ODYNS(JB),*)NXDYNS(JB),(ESTR(JJS(J),JB), J=1,NJS)
    958                READ (ODYNS(JB),*)NXDYNS(JB),(NXESTRT(JJS(J),JB), J=1,NJS)
    959                ELSE
    960                READ (ODYNS(JB),'(/10F8.0:/(8X,9F8.0))')NXDYNS(JB),(ESTR(JJS(J),JB), J=1,NJS)
    961                READ (ODYNS(JB),'(10F8.0:/(8X,9F8.0))')NXDYNS(JB),(NXESTRT(JJS(J),JB), J=1,NJS) 
    962                ENDIF
    963             ENDIF
    964         END IF
    965       END IF
    966       IF (PRECIPITATION(JW)) THEN
    967         PRE(JB) = NPT; NPT = NPT+1
    968         PRT(JB) = NPT; NPT = NPT+1
    969         OPEN (PRE(JB),FILE=PREFN(JB),STATUS='OLD')
    970         OPEN (PRT(JB),FILE=TPRFN(JB),STATUS='OLD')
    971         READ(PRE(JB),'(A1)')INFORMAT
    972         IF(INFORMAT=='$')PRQF(JB)=.TRUE.
    973             IF(PRQF(JB))THEN
    974             READ (PRE(JB),'(/)')
    975             READ (PRE(JB),*) NXPR2(JB), PRNX(JB)
    976             ELSE
    977             READ (PRE(JB), '(//2F8.0)') NXPR2(JB), PRNX(JB)
    978             ENDIF
    979         READ(PRT(JB),'(A1)')INFORMAT
    980         IF(INFORMAT=='$')PRTF(JB)=.TRUE.
    981             IF(PRTF(JB))THEN
    982             READ (PRT(JB),'(/)')
    983             READ (PRT(JB),*) NXTPR2(JB),TPRNX(JB)
    984             ELSE
    985             READ (PRT(JB),'(//2F8.0)') NXTPR2(JB),TPRNX(JB)
    986             ENDIF      
    987         
    988 !READ (PRE(JB),'(///2F8.0)') NXPR2(JB), PRNX(JB)
    989 !READ (PRT(JB),'(///2F8.0)') NXTPR2(JB),TPRNX(JB)
    990         IF (PRECIP_CONST(JB)) THEN
    991           PRC(JB) = NPT; NPT = NPT+1
    992           OPEN (PRC(JB),FILE=CPRFN(JB),STATUS='OLD')
    993           READ (PRC(JB),'(A1)')INFORMAT
    994           IF(INFORMAT=='$')PRCF(JB)=.TRUE.
    995           IF(PRCF(JB))THEN
    996             READ (PRC(JB),'(/)')
    997             READ (PRC(JB),*) NXCPR2(JB),(CPRNX(PRCN(JAC,JB),JB),JAC=1,NACPR(JB))
    998               ELSE
    999           READ (PRC(JB),'(//1000F8.0)') NXCPR2(JB),(CPRNX(PRCN(JAC,JB),JB),JAC=1,NACPR(JB))

Page 22          Source Listing                  TIME_VARYING_DATA
2026-03-30 08:47                                 ..\..\..\time-varying-data.f90

   1000           ENDIF
   1001         END IF
   1002         PR(JB)    = PRNX(JB)
   1003         TPR(JB)   = TPRNX(JB)
   1004         CPR(:,JB) = CPRNX(:,JB)
   1005 !
   1006 ! systdg - time series input
   1007         IF(SYSTDG)THEN
   1008         IF (DOBND) THEN                                          
   1009           DO_SATP(JB)=EXP(7.7117 - 1.31403 * (LOG(TPR(JB)+45.93))) * PALT(CUS(JB))
   1010           CPR(NDO,JB)  = DO_SATP(JB) * CPR(NDO,JB)
   1011         END IF
   1012         IF (N2BND) THEN
   1013           EA = DEXP(2.3026D0*(7.5D0*TDEW(WBSEG(CUS(JB)))/(TDEW(WBSEG(CUS(JB)))+237.3D0)+0.6609D0))*0.001316                 
   1014           N2_SATP(JB) = (1.5568D06*0.79*(PALT(CUS(JB))-EA)*(1.8816D-5 - 4.116D-7 * TPR(JB) + 4.6D-9 * TPR(JB)*TPR(JB)))
   1015           CPR(NN2,JB) = N2_SATP(JB) * CPR(NN2,JB)
   1016         END IF
   1017 !
   1018         IF(DGPBND) CPR(NDGP,JB) = PALT(CUS(JB)) * CPR(NDGP,JB)  
   1019         ENDIF
   1020 !
   1021 ! systdg - time series input
   1022             IF(PRQF(JB))THEN
   1023             READ (PRE(JB),*) NXPR1(JB), PRNX(JB)
   1024             ELSE
   1025             READ (PRE(JB), '(2F8.0)') NXPR1(JB), PRNX(JB)
   1026             ENDIF
   1027             
   1028             IF(PRTF(JB))THEN
   1029             READ (PRT(JB),*) NXTPR1(JB),TPRNX(JB)
   1030             ELSE
   1031             READ (PRT(JB),'(2F8.0)') NXTPR1(JB),TPRNX(JB)
   1032             ENDIF  
   1033 !READ (PRE(JB),'(2F8.0)') NXPR1(JB), PRNX(JB)
   1034 !READ (PRT(JB),'(2F8.0)') NXTPR1(JB),TPRNX(JB)
   1035         IF (PRECIP_CONST(JB)) THEN
   1036          IF(PRCF(JB))THEN
   1037           READ (PRC(JB),*) NXCPR1(JB),(CPRNX(PRCN(JAC,JB),JB),JAC=1,NACPR(JB))
   1038              ELSE
   1039           READ (PRC(JB),'(1000F8.0)') NXCPR1(JB),(CPRNX(PRCN(JAC,JB),JB),JAC=1,NACPR(JB))
   1040           ENDIF
   1041         END IF
   1042       END IF
   1043       IF (DIST_TRIBS(JB)) THEN
   1044         DTQ(JB) = NPT; NPT = NPT+1
   1045         DTT(JB) = NPT; NPT = NPT+1
   1046         OPEN (DTQ(JB),FILE=QDTFN(JB),STATUS='OLD')
   1047         OPEN (DTT(JB),FILE=TDTFN(JB),STATUS='OLD')
   1048         
   1049         READ( DTQ(JB),'(A1)')INFORMAT
   1050        IF(INFORMAT=='$')DTQF(JB)=.TRUE.
   1051             IF(DTQF(JB))THEN
   1052             READ (DTQ(JB),'(/)')
   1053             READ (DTQ(JB),*) NXQDT2(JB),QDTRNX(JB)
   1054             ELSE
   1055             READ (DTQ(JB),'(//2F8.0)') NXQDT2(JB),QDTRNX(JB)
   1056             ENDIF

Page 23          Source Listing                  TIME_VARYING_DATA
2026-03-30 08:47                                 ..\..\..\time-varying-data.f90

   1057       READ( DTT(JB),'(A1)')INFORMAT
   1058        IF(INFORMAT=='$')DTTF(JB)=.TRUE.
   1059             IF(DTTF(JB))THEN
   1060             READ (DTT(JB),'(/)')
   1061             READ (DTT(JB),*) NXTDT2(JB),TDTRNX(JB)
   1062             ELSE
   1063             READ (DTT(JB),'(//2F8.0)') NXTDT2(JB),TDTRNX(JB)
   1064             ENDIF
   1065         
   1066         
   1067 !      READ (DTQ(JB),'(///2F8.0)') NXQDT2(JB),QDTRNX(JB)
   1068 !      READ (DTT(JB),'(///2F8.0)') NXTDT2(JB),TDTRNX(JB)
   1069         IF (DTRIB_CONST(JB)) THEN
   1070           DTC(JB) = NPT; NPT = NPT+1
   1071           OPEN (DTC(JB),FILE=CDTFN(JB),STATUS='OLD')
   1072           READ( DTC(JB),'(A1)')INFORMAT
   1073           IF(INFORMAT=='$')DTCF(JB)=.TRUE.
   1074           IF(DTCF(JB))THEN
   1075           READ(DTC(JB),'(/)')
   1076           READ (DTC(JB),*) NXCDT2(JB),(CDTRNX(DTCN(JAC,JB),JB),JAC=1,NACDT(JB))
   1077           ELSE
   1078           READ (DTC(JB),'(//1000F8.0)') NXCDT2(JB),(CDTRNX(DTCN(JAC,JB),JB),JAC=1,NACDT(JB))
   1079           ENDIF
   1080         END IF
   1081         QDTR(JB)    = QDTRNX(JB)
   1082         QDTRO(JB)   = QDTRNX(JB)
   1083         TDTR(JB)    = TDTRNX(JB)
   1084         TDTRO(JB)   = TDTRNX(JB)
   1085         CDTR(:,JB)  = CDTRNX(:,JB)
   1086         CDTRO(:,JB) = CDTRNX(:,JB)
   1087 !
   1088 ! systdg - time series input
   1089         IF(SYSTDG)THEN
   1090         IF (DOBND) THEN                                          
   1091           DO_SATD(JB)=EXP(7.7117 - 1.31403 * (LOG(TDTR(JB)+45.93))) * PALT(CUS(JB))
   1092           CDTR(NDO,JB)  = DO_SATD(JB) * CDTR(NDO,JB)
   1093         END IF
   1094         IF (N2BND) THEN
   1095           EA = DEXP(2.3026D0*(7.5D0*TDEW(WBSEG(CUS(JB)))/(TDEW(WBSEG(CUS(JB)))+237.3D0)+0.6609D0))*0.001316                 
   1096           N2_SATD(JB) = (1.5568D06*0.79*(PALT(CUS(JB))-EA)*(1.8816D-5 - 4.116D-7 * TDTR(JB) + 4.6D-9 * TDTR(JB)*TDTR(JB)))
   1097           CDTR(NN2,JB) = N2_SATD(JB) * CDTR(NN2,JB)
   1098         END IF
   1099 !
   1100         IF(DGPBND) CDTR(NDGP,JB) = PALT(CUS(JB)) * CDTR(NDGP,JB)  
   1101         ENDIF
   1102 !
   1103 ! systdg - time series input
   1104             IF(DTQF(JB))THEN
   1105             READ (DTQ(JB),*) NXQDT1(JB),QDTRNX(JB)
   1106             ELSE
   1107         READ (DTQ(JB),'(2F8.0)') NXQDT1(JB),QDTRNX(JB)
   1108             ENDIF
   1109                
   1110             IF(DTTF(JB))THEN
   1111             READ (DTT(JB),*) NXTDT1(JB),TDTRNX(JB)
   1112             ELSE
   1113         READ (DTT(JB),'(2F8.0)') NXTDT1(JB),TDTRNX(JB)

Page 24          Source Listing                  TIME_VARYING_DATA
2026-03-30 08:47                                 ..\..\..\time-varying-data.f90

   1114             ENDIF
   1115 
   1116         IF (DTRIB_CONST(JB)) THEN
   1117         IF(DTCF(JB))THEN
   1118         READ (DTC(JB),*) NXCDT1(JB),(CDTRNX(DTCN(JAC,JB),JB),JAC=1,NACDT(JB))
   1119         ELSE
   1120         READ (DTC(JB),'(1000F8.0)') NXCDT1(JB),(CDTRNX(DTCN(JAC,JB),JB),JAC=1,NACDT(JB))
   1121         ENDIF
   1122         END IF
   1123       END IF
   1124       IF (UH_EXTERNAL(JB)) THEN
   1125         UHE(JB) = NPT; NPT = NPT+1
   1126         UHT(JB) = NPT; NPT = NPT+1
   1127         OPEN (UHE(JB),FILE=EUHFN(JB),STATUS='OLD')
   1128         OPEN (UHT(JB),FILE=TUHFN(JB),STATUS='OLD')
   1129         
   1130           READ( UHE(JB),'(A1)')INFORMAT
   1131           IF(INFORMAT=='$')THEN
   1132               EUHF(JB)=1
   1133           ENDIF
   1134           
   1135           READ( UHT(JB),'(A2)')INFORMAT2
   1136           IF(INFORMAT2=='$T')THEN
   1137               TUHF(JB)=1
   1138           ELSEIF(INFORMAT2(1:1)=='$')THEN
   1139               TUHF(JB)=2
   1140           ENDIF
   1141           
   1142           IF(EUHF(JB)>0)THEN
   1143           READ(UHE(JB),'(/)')
   1144           READ (UHE(JB),*)  NXEUH2(JB), ELUHNX(JB)
   1145           ELSE
   1146           READ (UHE(JB),'(//2F8.0)')NXEUH2(JB), ELUHNX(JB)
   1147           ENDIF
   1148           
   1149           IF(TUHF(JB)==1)THEN
   1150           READ(UHT(JB),'(/)')
   1151           READ (UHT(JB),*)  NXTUH2(JB),XX(1)
   1152           TUHNX(2:KB(US(JB)),JB)=XX(1)
   1153           ELSEIF(TUHF(JB)==2)THEN
   1154           READ(UHT(JB),'(/)')
   1155           READ (UHT(JB),*)  NXTUH2(JB),(TUHNX(K,JB),K=2,KB(US(JB)))
   1156           ELSE
   1157           READ (UHT(JB),'(//10F8.0:/(8X,9F8.0))')NXTUH2(JB),(TUHNX(K,JB),K=2,KB(US(JB)))
   1158           ENDIF
   1159         
   1160 ! READ (UHE(JB),'(///2F8.0)')              NXEUH2(JB), ELUHNX(JB)
   1161 ! READ (UHT(JB),'(///10F8.0:/(8X,9F8.0))') NXTUH2(JB),(TUHNX(K,JB),K=2,KB(US(JB)))
   1162         IF (CONSTITUENTS) THEN
   1163           UHC(JB) = NPT; NPT = NPT+1
   1164           OPEN (UHC(JB),FILE=CUHFN(JB),STATUS='OLD')
   1165           
   1166           READ( UHC(JB),'(A2)')INFORMAT2
   1167           IF(INFORMAT2=='$T')THEN
   1168               CUHF(JB)=1
   1169           ELSEIF(INFORMAT2(1:1)=='$')THEN
   1170               CUHF(JB)=2

Page 25          Source Listing                  TIME_VARYING_DATA
2026-03-30 08:47                                 ..\..\..\time-varying-data.f90

   1171           ENDIF
   1172           
   1173           READ (UHC(JB),'(/)')
   1174           
   1175 !  READ (UHC(JB),'(//)')
   1176           IF(CUHF(JB)==1)THEN
   1177               READ (UHC(JB),*)  NXCUH2(JB),(XX(CN(JAC)),JAC=1,NAC)
   1178               DO JAC=1,NAC
   1179               CUHNX(2:KB(US(JB)),CN(JAC),JB)=XX(CN(JAC))
   1180               ENDDO
   1181               
   1182           ELSE
   1183               
   1184           
   1185           DO JAC=1,NAC
   1186 !IF (ADJUSTL(CNAME2(CN(JAC))) /= 'AGE     ') READ (UHC(JB),'(10F8.0:/(8X,9F8.0))') NXCUH2(JB),(CUHNX(K,CN(JAC),JB),     &
   1187 !                                                  K=2,KB(US(JB)))
   1188             
   1189             IF(CUHF(JB)==2)THEN
   1190             READ (UHC(JB),*)  NXCUH2(JB),(CUHNX(K,CN(JAC),JB),K=2,KB(US(JB)))
   1191             ELSE
   1192             READ (UHC(JB),'(10F8.0:/(8X,9F8.0))') NXCUH2(JB),(CUHNX(K,CN(JAC),JB),K=2,KB(US(JB)))
   1193             ENDIF
   1194             
   1195             
   1196           END DO
   1197           END IF
   1198           
   1199           ENDIF
   1200         ELUH(JB)     = ELUHNX(JB)
   1201         ELUHO(JB)    = ELUHNX(JB)
   1202         TUH(:,JB)    = TUHNX(:,JB)
   1203         TUHO(:,JB)   = TUHNX(:,JB)
   1204         CUH(:,:,JB)  = CUHNX(:,:,JB)
   1205         CUHO(:,:,JB) = CUHNX(:,:,JB)
   1206         
   1207           IF(EUHF(JB)>0)THEN
   1208           READ (UHE(JB),*)  NXEUH1(JB), ELUHNX(JB)
   1209           ELSE
   1210           READ (UHE(JB),'(2F8.0)')NXEUH1(JB), ELUHNX(JB)
   1211           ENDIF
   1212         
   1213 !READ (UHE(JB),'(2F8.0)')              NXEUH1(JB), ELUHNX(JB)
   1214           
   1215           IF(TUHF(JB)==1)THEN
   1216           READ (UHT(JB),*)  NXTUH1(JB),XX(1)
   1217           TUHNX(2:KB(US(JB)),JB)=XX(1)
   1218           ELSEIF(TUHF(JB)==2)THEN
   1219           READ (UHT(JB),*)  NXTUH1(JB),(TUHNX(K,JB),K=2,KB(US(JB)))
   1220           ELSE
   1221           READ (UHT(JB),'(10F8.0:/(8X,9F8.0))')NXTUH1(JB),(TUHNX(K,JB),K=2,KB(US(JB)))
   1222           ENDIF
   1223           
   1224 ! READ (UHT(JB),'(10F8.0:/(8X,9F8.0))') NXTUH1(JB),(TUHNX(K,JB),K=2,KB(US(JB)))
   1225         IF (CONSTITUENTS) THEN
   1226             
   1227            IF(CUHF(JB)==1)THEN

Page 26          Source Listing                  TIME_VARYING_DATA
2026-03-30 08:47                                 ..\..\..\time-varying-data.f90

   1228               READ (UHC(JB),*)  NXCUH1(JB),(XX(CN(JAC)),JAC=1,NAC)
   1229               DO JAC=1,NAC
   1230               CUHNX(2:KB(US(JB)),CN(JAC),JB)=XX(CN(JAC))
   1231               ENDDO
   1232               
   1233           ELSE
   1234               
   1235           
   1236           DO JAC=1,NAC
   1237  
   1238             IF(CUHF(JB)==2)THEN
   1239             READ (UHC(JB),*)  NXCUH1(JB),(CUHNX(K,CN(JAC),JB),K=2,KB(US(JB)))
   1240             ELSE
   1241             READ (UHC(JB),'(10F8.0:/(8X,9F8.0))') NXCUH1(JB),(CUHNX(K,CN(JAC),JB),K=2,KB(US(JB)))
   1242             ENDIF
   1243             
   1244           END DO
   1245           END IF
   1246             
   1247             
   1248 !DO JAC=1,NAC
   1249 !  IF (ADJUSTL(CNAME2(CN(JAC))) /= 'AGE     ') READ (UHC(JB),'(10F8.0:/(8X,9F8.0))') NXCUH1(JB),(CUHNX(K,CN(JAC),JB),     &
   1250 !                                                    K=2,KB(US(JB)))
   1251 !END DO
   1252         END IF
   1253       END IF
   1254       IF (DH_EXTERNAL(JB)) THEN
   1255         DHE(JB) = NPT; NPT = NPT+1
   1256         DHT(JB) = NPT; NPT = NPT+1
   1257         OPEN (DHE(JB),FILE=EDHFN(JB),STATUS='OLD')
   1258         OPEN (DHT(JB),FILE=TDHFN(JB),STATUS='OLD')
   1259         
   1260          READ( DHE(JB),'(A1)')INFORMAT
   1261           IF(INFORMAT=='$')THEN
   1262               EDHF(JB)=1
   1263           ENDIF
   1264           
   1265           READ( DHT(JB),'(A2)')INFORMAT2
   1266           IF(INFORMAT2=='$T')THEN
   1267               TDHF(JB)=1
   1268           ELSEIF(INFORMAT2(1:1)=='$')THEN
   1269               TDHF(JB)=2
   1270           ENDIF
   1271           
   1272           IF(EDHF(JB)>0)THEN
   1273           READ(DHE(JB),'(/)')
   1274           READ (DHE(JB),*)  NXEDH2(JB), ELDHNX(JB)
   1275           ELSE
   1276           READ (DHE(JB),'(//2F8.0)')NXEDH2(JB), ELDHNX(JB)
   1277           ENDIF
   1278           
   1279           IF(TDHF(JB)==1)THEN
   1280           READ(DHT(JB),'(/)')
   1281           READ (DHT(JB),*)  NXTDH2(JB),XX(1)
   1282           TDHNX(2:KB(DS(JB)),JB)=XX(1)
   1283           ELSEIF(TDHF(JB)==2)THEN
   1284           READ(DHT(JB),'(/)')

Page 27          Source Listing                  TIME_VARYING_DATA
2026-03-30 08:47                                 ..\..\..\time-varying-data.f90

   1285           READ (DHT(JB),*)  NXTDH2(JB),(TDHNX(K,JB),K=2,KB(DS(JB)))
   1286           ELSE
   1287           READ (DHT(JB),'(//10F8.0:/(8X,9F8.0))')NXTDH2(JB),(TDHNX(K,JB),K=2,KB(DS(JB)))
   1288           ENDIF     
   1289         
   1290 !READ (DHE(JB),'(///10F8.0)')             NXEDH2(JB),ELDHNX(JB)
   1291 !READ (DHT(JB),'(///10F8.0:/(8X,9F8.0))') NXTDH2(JB),(TDHNX(K,JB),K=2,KB(DS(JB)))
   1292         IF (CONSTITUENTS) THEN
   1293           DHC(JB) = NPT; NPT = NPT+1
   1294           OPEN (DHC(JB),FILE=CDHFN(JB),STATUS='OLD')
   1295           
   1296            READ( DHC(JB),'(A2)')INFORMAT2
   1297           IF(INFORMAT2=='$T')THEN
   1298               CDHF(JB)=1
   1299           ELSEIF(INFORMAT2(1:1)=='$')THEN
   1300               CDHF(JB)=2
   1301           ENDIF
   1302           
   1303           READ (DHC(JB),'(/)')
   1304           
   1305           IF(CDHF(JB)==1)THEN
   1306               READ (DHC(JB),*)  NXCDH2(JB),(XX(CN(JAC)),JAC=1,NAC)
   1307               DO JAC=1,NAC
   1308               CDHNX(2:KB(DS(JB)),CN(JAC),JB)=XX(CN(JAC)) 
   1309               ENDDO
   1310           ELSE
   1311           DO JAC=1,NAC          
   1312             IF(CDHF(JB)==2)THEN
   1313             READ (DHC(JB),*)  NXCDH2(JB),(CDHNX(K,CN(JAC),JB),K=2,KB(DS(JB)))
   1314             ELSE
   1315             READ (DHC(JB),'(10F8.0:/(8X,9F8.0))') NXCDH2(JB),(CDHNX(K,CN(JAC),JB),K=2,KB(DS(JB)))
   1316             ENDIF
   1317           END DO
   1318           END IF
   1319 
   1320 !READ (DHC(JB),'(//)')
   1321 !DO JAC=1,NAC
   1322 !  IF (ADJUSTL(CNAME2(CN(JAC))) /= 'AGE     ') READ (DHC(JB),'(10F8.0:/(8X,9F8.0))') NXCDH2(JB),(CDHNX(K,CN(JAC),JB),     &
   1323 !                                                    K=2,KB(DS(JB)))
   1324 !END DO
   1325         END IF
   1326         ELDH(JB)     = ELDHNX(JB)
   1327         ELDHO(JB)    = ELDHNX(JB)
   1328         TDH(:,JB)    = TDHNX(:,JB)
   1329         TDHO(:,JB)   = TDHNX(:,JB)
   1330         CDH(:,:,JB)  = CDHNX(:,:,JB)
   1331         CDHO(:,:,JB) = CDHNX(:,:,JB)
   1332         
   1333           IF(EDHF(JB)>0)THEN
   1334           READ (DHE(JB),*)  NXEDH1(JB), ELDHNX(JB)
   1335           ELSE
   1336           READ (DHE(JB),'(2F8.0)')NXEDH1(JB), ELDHNX(JB)
   1337           ENDIF
   1338           
   1339           IF(TDHF(JB)==1)THEN
   1340           READ (DHT(JB),*)  NXTDH1(JB),XX(1)
   1341           TDHNX(2:KB(DS(JB)),JB)=XX(1)

Page 28          Source Listing                  TIME_VARYING_DATA
2026-03-30 08:47                                 ..\..\..\time-varying-data.f90

   1342           ELSEIF(TDHF(JB)==2)THEN
   1343           READ (DHT(JB),*)  NXTDH1(JB),(TDHNX(K,JB),K=2,KB(DS(JB)))
   1344           ELSE
   1345           READ (DHT(JB),'(10F8.0:/(8X,9F8.0))')NXTDH1(JB),(TDHNX(K,JB),K=2,KB(DS(JB)))
   1346           ENDIF     
   1347         
   1348 !READ (DHE(JB),'(10F8.0)')             NXEDH1(JB),ELDHNX(JB)
   1349 !READ (DHT(JB),'(10F8.0:/(8X,9F8.0))') NXTDH1(JB),(TDHNX(K,JB),K=2,KB(DS(JB)))
   1350         IF (CONSTITUENTS) THEN
   1351             
   1352           IF(CDHF(JB)==1)THEN
   1353               READ (DHC(JB),*)  NXCDH1(JB),(XX(CN(JAC)),JAC=1,NAC)
   1354               DO JAC=1,NAC
   1355               CDHNX(2:KB(DS(JB)),CN(JAC),JB)=XX(CN(JAC))      
   1356               ENDDO
   1357           ELSE
   1358           DO JAC=1,NAC          
   1359             IF(CDHF(JB)==2)THEN
   1360             READ (DHC(JB),*)  NXCDH1(JB),(CDHNX(K,CN(JAC),JB),K=2,KB(DS(JB)))
   1361             ELSE
   1362             READ (DHC(JB),'(10F8.0:/(8X,9F8.0))') NXCDH1(JB),(CDHNX(K,CN(JAC),JB),K=2,KB(DS(JB)))
   1363             ENDIF
   1364           END DO
   1365           END IF
   1366             
   1367 !DO JAC=1,NAC
   1368 !  IF (ADJUSTL(CNAME2(CN(JAC))) /= 'AGE     ') READ (DHC(JB),'(10F8.0:/(8X,9F8.0))') NXCDH1(JB),(CDHNX(K,CN(JAC),JB),     &
   1369 !                                                    K=2,KB(DS(JB)))
   1370 !END DO
   1371         END IF
   1372       END IF
   1373     END DO  ! JB LOOP
   1374       IF(CONSTITUENTS)THEN
   1375         IF(ATM_DEPOSITION(JW))THEN
   1376            
   1377           ATMDEP(JW) = NPT; NPT = NPT+1
   1378           OPEN (ATMDEP(JW),FILE=ATMDEPFN(JW),STATUS='OLD')
   1379           
   1380           READ( ATMDEP(JW),'(A1)')INFORMAT
   1381           IF(INFORMAT=='$')ATMDEPCSV=.TRUE.
   1382           READ (ATMDEP(JW),'(/)')
   1383           
   1384           IF(ATMDEPCSV)THEN
   1385             READ (ATMDEP(JW),*)  NXATMD2(JW),(ATM_DEP_LOADINGNX(ATMDCN(JAC,JW),JW),JAC=1,NACATD(JW))         
   1386           ELSE
   1387             READ (ATMDEP(JW),'(100F8.0)') NXATMD2(JW),(ATM_DEP_LOADINGNX(ATMDCN(JAC,JW),JW),JAC=1,NACATD(JW)) 
   1388           ENDIF
   1389           ATM_DEP_LOADING=ATM_DEP_LOADINGNX
   1390           ATM_DEP_LOADING0=ATM_DEP_LOADINGNX
   1391           IF(ATMDEPCSV)THEN
   1392             READ (ATMDEP(JW),*)  NXATMD(JW),(ATM_DEP_LOADINGNX(ATMDCN(JAC,JW),JW),JAC=1,NACATD(JW)) 
   1393           ELSE
   1394             READ (ATMDEP(JW),'(100F8.0)') NXATMD(JW),(ATM_DEP_LOADINGNX(ATMDCN(JAC,JW),JW),JAC=1,NACATD(JW)) 
   1395           ENDIF
   1396         END IF
   1397     ENDIF
   1398   END DO  ! JW LOOP

Page 29          Source Listing                  TIME_VARYING_DATA
2026-03-30 08:47                                 ..\..\..\time-varying-data.f90

   1399   IF (GATES) THEN
   1400     GTQ = NPT; NPT = NPT+1
   1401     OPEN (GTQ,FILE=QGTFN,STATUS='OLD')
   1402     READ( GTQ,'(A1)')INFORMAT
   1403      IF(INFORMAT=='$')GATEF=.TRUE.
   1404 ! Added code is to allow for computing flow based on BGT elevation - this can be a target water level in the reservoir - but
   1404  allowing that flow to be removed from a different elevation
   1405 !READ(GTQ,*)                           ! SW 2/25/11
   1406      IF(GATEF)THEN
   1407              READ(GTQ,'(A8)')GT2CHAR
   1408     
   1409     IF(GT2CHAR == 'EGT2ELEV')THEN
   1410     REWIND(GTQ)
   1411     READ(GTQ,*) 
   1412     READ(GTQ,*)GT2CHAR,(EGT2(JG),JG=1,NGT)
   1413     ENDIF
   1414     
   1415     READ(GTQ,*)
   1416     READ (GTQ,*) NXQGT2,(BGTNX(JG),JG=1,NGT)                                         
   1417     WHERE (DYNGTC == '     ZGT')
   1418       EGT  = BGTNX
   1419 	  egto=bgtnx
   1420       BGT  = 1.0
   1421       G1GT = 1.0
   1422       G2GT = 1.0
   1423     ELSEWHERE
   1424       BGT = BGTNX
   1425 	  bgto = bgtnx
   1426     END WHERE
   1427     READ (GTQ,*)    NXQGT,(BGTNX(JG),JG=1,NGT)
   1428 
   1429      ELSE
   1430          
   1431     READ(GTQ,'(A8)')GT2CHAR
   1432     
   1433     IF(GT2CHAR == 'EGT2ELEV')THEN
   1434     REWIND(GTQ)
   1435     READ(GTQ,*) 
   1436     READ(GTQ,'(8X,1000F8.0)')(EGT2(JG),JG=1,NGT)
   1437     ENDIF
   1438     
   1439     READ(GTQ,*)
   1440     READ (GTQ,'(1000F8.0)') NXQGT2,(BGTNX(JG),JG=1,NGT)    
   1441 !    READ (GTQ,'(///1000F8.0)') NXQGT2,(BGTNX(JG),JG=1,NGT)
   1442     WHERE (DYNGTC == '     ZGT')
   1443       EGT  = BGTNX
   1444 	  egto=bgtnx
   1445       BGT  = 1.0
   1446       G1GT = 1.0
   1447       G2GT = 1.0
   1448     ELSEWHERE
   1449       BGT = BGTNX
   1450 	  bgto = bgtnx
   1451     END WHERE
   1452     READ (GTQ,'(1000F8.0)')    NXQGT,(BGTNX(JG),JG=1,NGT)
   1453      ENDIF
   1454      

Page 30          Source Listing                  TIME_VARYING_DATA
2026-03-30 08:47                                 ..\..\..\time-varying-data.f90

   1455      DO I=1,NGT
   1456      IF(DYNGTC(I) == 'FLOW_ZGT')THEN
   1457         GTZ=NPT; NPT=NPT+1  
   1458                OPEN (GTZ,FILE='dynselevGT.npt',STATUS='OLD')
   1459                READ(GTZ,*)
   1460                READ(GTZ,*)NJJ
   1461                DO J=1,NJJ
   1462                READ(GTZ,*)JJG(J)
   1463                ENDDO
   1464                READ(GTZ,*)
   1465                READ (GTZ,*)NXZGT,(EGT(JJG(J)), J=1,NJJ)
   1466                READ (GTZ,*)NXZGT,(NXEGT(JJG(J)), J=1,NJJ)
   1467                EXIT
   1468      ENDIF
   1469      ENDDO
   1470      
   1471      
   1472   END IF
   1473    IF (PIPES)THEN                                         ! SW 5/5/10
   1474     IOPENPIPE=0
   1475     do j=1,npi
   1476      if(DYNPIPE(j) == '      ON')then
   1477      iopenpipe=1
   1478      exit
   1479      endif
   1480     enddo
   1481      if(iopenpipe == 1)then
   1482       PIPED = NPT; NPT = NPT+1
   1483       OPEN (PIPED,FILE='dynpipe.npt',STATUS='OLD')
   1484       READ (PIPED,'(///1000F8.0)') NXQPT,(BPNX(J),J=1,NPI)
   1485       BP = BPNX
   1486       READ (PIPED,'(1000F8.0)')    NXQPT,(BPNX(J),J=1,NPI)
   1487      END IF
   1488   ENDIF
   1489   IF (PUMPS)THEN                                         
   1490     DO J=1,NPU
   1491      if(DYNPUMP(j) == '      ON')then
   1492      WRITE (SEGNUM,'(I0)') J      
   1493      SEGNUM = ADJUSTL(SEGNUM)
   1494      L      = LEN_TRIM(SEGNUM)   
   1495      PUMPD(J) = NPT; NPT = NPT+1  
   1496      OPEN (PUMPD(J),FILE='dynpump'//SEGNUM(1:L)//'.npt',STATUS='OLD') 
   1497      READ( PUMPD(J),'(A1)')INFORMAT
   1498      IF(INFORMAT=='$')DYNPUMPF(J)=.TRUE.
   1499      If(DYNPUMPF(J))then
   1500         READ (PUMPD(J),'(/)')
   1501         READ (PUMPD(J),*) NXPUMP(J),EPU2(J),EONPU2(J),EOFFPU2(J),QPU2(J)
   1502         EPU(J)=EPU2(J)
   1503         EONPU(J)=EONPU2(J)
   1504         EOFFPU(J)=EOFFPU2(J)
   1505         QPU(J)=QPU2(J)
   1506         READ (PUMPD(J),*) NXPUMP(J),EPU2(J),EONPU2(J),EOFFPU2(J),QPU2(J)
   1507      ELSE
   1508         READ (PUMPD(J),'(//1000F8.0)') NXPUMP(J),EPU2(J),EONPU2(J),EOFFPU2(J),QPU2(J)
   1509         EPU(J)=EPU2(J)
   1510         EONPU(J)=EONPU2(J)
   1511         EOFFPU(J)=EOFFPU2(J)

Page 31          Source Listing                  TIME_VARYING_DATA
2026-03-30 08:47                                 ..\..\..\time-varying-data.f90

   1512         QPU(J)=QPU2(J)
   1513         READ (PUMPD(J),'(1000F8.0)') NXPUMP(J),EPU2(J),EONPU2(J),EOFFPU2(J),QPU2(J)
   1514     ENDIF
   1515 !READ (PUMPD(J),'(///1000F8.0)') NXPUMP(J),EPU2(J),EONPU2(J),EOFFPU2(J),QPU2(J)
   1516 !  EPU(J)=EPU2(J)
   1517 !  EONPU(J)=EONPU2(J)
   1518 !  EOFFPU(J)=EOFFPU2(J)
   1519 !  QPU(J)=QPU2(J)
   1520 !READ (PUMPD(J),'(1000F8.0)') NXPUMP(J),EPU2(J),EONPU2(J),EOFFPU2(J),QPU2(J)
   1521      END IF
   1522     ENDDO
   1523   ENDIF
   1524   
   1525   NOPEN         = NPT-1
   1526   DYNAMIC_SHADE = SHADEI < 0
   1527   NUNIT=NPT
   1528 RETURN
   1529 
   1530 !***************************************************************************************************************************
   1530 ********
   1531 !**                                                  R E A D  I N P U T  D A T A                                            
   1531       **
   1532 !***************************************************************************************************************************
   1532 ********
   1533 
   1534 ENTRY READ_INPUT_DATA (NXTVD)
   1535   NXTVD = 1.0E10
   1536 
   1537 ! Meteorological data
   1538 
   1539   DO WHILE (JDAY >= NXWSC)
   1540     WSC = WSCNX
   1541     IF(WSHF)THEN
   1542     READ (WSH,*) NXWSC,(WSCNX(I),I=1,IMX)
   1543     ELSE
   1544     READ (WSH,'(10F8.0:/(8X,9F8.0))') NXWSC,(WSCNX(I),I=1,IMX)
   1545     ENDIF
   1546   END DO
   1547   
   1548   IF(.NOT.Met_regions)then     ! SW 12/13/2023
   1549   DO JW=1,NWB
   1550     DO WHILE (JDAY >= NXMET1(JW))
   1551       TDEW(JW)   = TDEWNX(JW)
   1552       TDEWO(JW)  = TDEWNX(JW)
   1553       WIND(JW)   = WINDNX(JW)
   1554       WINDO(JW)  = WINDNX(JW)
   1555       PHI(JW)    = PHINX(JW)
   1556       PHIO(JW)   = PHINX(JW)
   1557 !IF (PHISET > 0) PHI(JW)  = PHISET
   1558 !IF (PHISET > 0) PHIO(JW) = PHISET
   1559       TAIR(JW)   = TAIRNX(JW)
   1560       TAIRO(JW)  = TAIRNX(JW)
   1561       CLOUD(JW)  = CLOUDNX(JW)
   1562       CLOUDO(JW) = CLOUDNX(JW)
   1563       NXMET2(JW) = NXMET1(JW)
   1564 !
   1565       IF(SYSTDG)THEN

Page 32          Source Listing                  TIME_VARYING_DATA
2026-03-30 08:47                                 ..\..\..\time-varying-data.f90

   1566 ! systdg - time series input PALT
   1567       PALT_JW(JW)= PALT_JWNX(JW)
   1568       PALT_JWO(JW)=PALT_JWNX(JW)
   1569       IF (PALT_JW(JW)<=0.0) PALT_JW(JW) = 760.0
   1570         DO I=US(BS(JW))-1,DS(BE(JW))+1
   1571         PALT(I) = PALT_JW(JW)/760.0*(1.0-ELWS_INI(I)/1000.0/44.3)**5.25  ! systdg - time series input PALT
   1572         ENDDO
   1573 !PALT(:) = PALT_JW(JW)/760.0*(1.0-ELWS_INI(:)/1000.0/44.3)**5.25
   1574 ! systdg - add time series input PALT
   1575 
   1576 !
   1577       IF (READ_RADIATION(JW)) THEN
   1578         SRON(JW)  = SRONX(JW)
   1579         SROO(JW)  = SRON(JW)
   1580         IF(METF(JW))THEN
   1581         READ (MET(JW),*) NXMET1(JW),TAIRNX(JW),TDEWNX(JW),WINDNX(JW),PHINX(JW),CLOUDNX(JW),SRONX(JW), PALT_JWNX(JW)         
   1581         ! systdg - time series input PALT_JW
   1582         ELSE
   1583         READ (MET(JW),'(8F8.0)') NXMET1(JW),TAIRNX(JW),TDEWNX(JW),WINDNX(JW),PHINX(JW),CLOUDNX(JW),SRONX(JW), PALT_JWNX(JW) 
   1583         ! systdg - time series input PALT_JW
   1584         ENDIF
   1585         SRONX(JW) = SRONX(JW)*REFL
   1586       ELSE
   1587         IF(METF(JW))THEN  
   1588         READ (MET(JW),*) NXMET1(JW),TAIRNX(JW),TDEWNX(JW),WINDNX(JW),PHINX(JW),CLOUDNX(JW), PALT_JWNX(JW)                ! s
   1588 ystdg - time series input PALT_JW
   1589         ELSE
   1590         READ (MET(JW),'(7F8.0)') NXMET1(JW),TAIRNX(JW),TDEWNX(JW),WINDNX(JW),PHINX(JW),CLOUDNX(JW), PALT_JWNX(JW)        ! s
   1590 ystdg - time series input PALT_JW
   1591         ENDIF
   1592       END IF
   1593       ELSE
   1594       IF (READ_RADIATION(JW)) THEN
   1595         SRON(JW)  = SRONX(JW)
   1596         SROO(JW)  = SRON(JW)
   1597         IF(METF(JW))THEN
   1598         READ (MET(JW),*) NXMET1(JW),TAIRNX(JW),TDEWNX(JW),WINDNX(JW),PHINX(JW),CLOUDNX(JW),SRONX(JW)
   1599         ELSE
   1600         READ (MET(JW),'(8F8.0)') NXMET1(JW),TAIRNX(JW),TDEWNX(JW),WINDNX(JW),PHINX(JW),CLOUDNX(JW),SRONX(JW)
   1601         ENDIF
   1602         SRONX(JW) = SRONX(JW)*REFL
   1603       ELSE
   1604         IF(METF(JW))THEN  
   1605         READ (MET(JW),*) NXMET1(JW),TAIRNX(JW),TDEWNX(JW),WINDNX(JW),PHINX(JW),CLOUDNX(JW)
   1606         ELSE
   1607         READ (MET(JW),'(7F8.0)') NXMET1(JW),TAIRNX(JW),TDEWNX(JW),WINDNX(JW),PHINX(JW),CLOUDNX(JW)
   1608         ENDIF
   1609       END IF
   1610           
   1611       ENDIF
   1612       
   1613     END DO
   1614   ENDDO ! JW LOOP
   1615         ELSE  ! MET REGIONS
   1616                 DO JW=1,NMetFileRegions
   1617                     DO WHILE (JDAY >= NXMET1(JW))
   1618                       TDEW(JW)   = TDEWNX(JW)

Page 33          Source Listing                  TIME_VARYING_DATA
2026-03-30 08:47                                 ..\..\..\time-varying-data.f90

   1619                       TDEWO(JW)  = TDEWNX(JW)
   1620                       WIND(JW)   = WINDNX(JW)
   1621                       WINDO(JW)  = WINDNX(JW)
   1622                       PHI(JW)    = PHINX(JW)
   1623                       PHIO(JW)   = PHINX(JW)
   1624 !IF (PHISET > 0) PHI(JW)  = PHISET
   1625 !IF (PHISET > 0) PHIO(JW) = PHISET
   1626                       TAIR(JW)   = TAIRNX(JW)
   1627                       TAIRO(JW)  = TAIRNX(JW)
   1628                       CLOUD(JW)  = CLOUDNX(JW)
   1629                       CLOUDO(JW) = CLOUDNX(JW)
   1630                       NXMET2(JW) = NXMET1(JW)
   1631 !
   1632                       IF(SYSTDG)THEN
   1633 ! systdg - time series input PALT
   1634                       PALT_JW(JW)= PALT_JWNX(JW)
   1635                       PALT_JWO(JW)=PALT_JWNX(JW)
   1636                       IF (PALT_JW(JW)<=0.0) PALT_JW(JW) = 760.0
   1637                         DO I=US(BS(JW))-1,DS(BE(JW))+1
   1638                         PALT(I) = PALT_JW(JW)/760.0*(1.0-ELWS_INI(I)/1000.0/44.3)**5.25  ! systdg - time series input PALT
   1639                         ENDDO
   1640 !PALT(:) = PALT_JW(JW)/760.0*(1.0-ELWS_INI(:)/1000.0/44.3)**5.25
   1641 ! systdg - add time series input PALT
   1642 
   1643 !
   1644                       IF (READ_RADIATION(MetRegWB(JW))) THEN
   1645                         SRON(JW)  = SRONX(JW)
   1646                         SROO(JW)  = SRON(JW)
   1647                         IF(METF(MetRegWB(JW)))THEN
   1648                         READ (MET(JW),*) NXMET1(JW),TAIRNX(JW),TDEWNX(JW),WINDNX(JW),PHINX(JW),CLOUDNX(JW),SRONX(JW), PALT_J
   1648 WNX(JW)                 ! systdg - time series input PALT_JW
   1649                         ELSE
   1650                         READ (MET(JW),'(8F8.0)') NXMET1(JW),TAIRNX(JW),TDEWNX(JW),WINDNX(JW),PHINX(JW),CLOUDNX(JW),SRONX(JW)
   1650 , PALT_JWNX(JW)         ! systdg - time series input PALT_JW
   1651                         ENDIF
   1652                         SRONX(JW) = SRONX(JW)*REFL
   1653                       ELSE
   1654                         IF(METF(MetRegWB(JW)))THEN  
   1655                         READ (MET(JW),*) NXMET1(JW),TAIRNX(JW),TDEWNX(JW),WINDNX(JW),PHINX(JW),CLOUDNX(JW), PALT_JWNX(JW)   
   1655              ! systdg - time series input PALT_JW
   1656                         ELSE
   1657                         READ (MET(JW),'(7F8.0)') NXMET1(JW),TAIRNX(JW),TDEWNX(JW),WINDNX(JW),PHINX(JW),CLOUDNX(JW), PALT_JWN
   1657 X(JW)        ! systdg - time series input PALT_JW
   1658                         ENDIF
   1659                       END IF
   1660                       ELSE
   1661                       IF (READ_RADIATION(MetRegWB(JW))) THEN
   1662                         SRON(JW)  = SRONX(JW)
   1663                         SROO(JW)  = SRON(JW)
   1664                         IF(METF(MetRegWB(JW)))THEN
   1665                         READ (MET(JW),*) NXMET1(JW),TAIRNX(JW),TDEWNX(JW),WINDNX(JW),PHINX(JW),CLOUDNX(JW),SRONX(JW)
   1666                         ELSE
   1667                         READ (MET(JW),'(8F8.0)') NXMET1(JW),TAIRNX(JW),TDEWNX(JW),WINDNX(JW),PHINX(JW),CLOUDNX(JW),SRONX(JW)
   1668                         ENDIF
   1669                         SRONX(JW) = SRONX(JW)*REFL
   1670                       ELSE
   1671                         IF(METF(MetRegWB(JW)))THEN  

Page 34          Source Listing                  TIME_VARYING_DATA
2026-03-30 08:47                                 ..\..\..\time-varying-data.f90

   1672                         READ (MET(JW),*) NXMET1(JW),TAIRNX(JW),TDEWNX(JW),WINDNX(JW),PHINX(JW),CLOUDNX(JW)
   1673                         ELSE
   1674                         READ (MET(JW),'(7F8.0)') NXMET1(JW),TAIRNX(JW),TDEWNX(JW),WINDNX(JW),PHINX(JW),CLOUDNX(JW)
   1675                         ENDIF
   1676                       END IF
   1677           
   1678                       ENDIF
   1679       
   1680                     END DO
   1681             ENDDO ! NMetRegions LOOP
   1682   ENDIF
   1683   
   1684   
   1685       IF(Met_regions)then     ! SW 12/13/2023
   1686         DO NMet=1,NMetFileRegions 
   1687           NXTVD = MIN(NXTVD,NXMET1(NMet))
   1688         enddo
   1689        else
   1690         DO JW=1,NWB
   1691           NXTVD = MIN(NXTVD,NXMET1(JW))
   1692         ENDDO
   1693       ENDIF
   1694       
   1695     DO JW=1,NWB    
   1696     IF (READ_EXTINCTION(JW)) THEN
   1697       DO WHILE (JDAY >= NXEXT1(JW))
   1698         EXH2O(JW)  = EXTNX(JW)
   1699         EXTO(JW)   = EXTNX(JW)
   1700         NXEXT2(JW) = NXEXT1(JW)
   1701           IF(EXTF(JW))THEN
   1702           READ (EXT(JW),*)    NXEXT1(JW), EXTNX(JW)
   1703           ELSE
   1704           READ (EXT(JW),'(2F8.0)') NXEXT1(JW),EXTNX(JW)
   1705           ENDIF
   1706       END DO
   1707     END IF
   1708 !DO I=CUS(BS(JW)),DS(BE(JW))   ! SW CODE FIX 5-21-15
   1709 !  WIND2(I) = WIND(JW)*WSC(I)*DLOG(2.0D0/Z0(JW))/DLOG(WINDH(JW)/Z0(JW))    ! old value  z0 == 0.003
   1710 !END DO
   1711  END DO
   1712 
   1713 ! Withdrawals
   1714 
   1715   IF (NWD > 0) THEN
   1716     DO WHILE (JDAY >= NXQWD1)
   1717       NXQWD2 = NXQWD1
   1718       DO JWD=1,NWD
   1719         QWD(JWD)  = QWDNX(JWD)
   1720         QWDO(JWD) = QWDNX(JWD)
   1721       END DO
   1722       IF(WDQF)THEN
   1723       READ (WDQ,*) NXQWD1,(QWDNX(JWD),JWD=1,NWD)  
   1724       ELSE
   1725       READ (WDQ,'(10F8.0:/(8X,9F8.0))') NXQWD1,(QWDNX(JWD),JWD=1,NWD)
   1726       ENDIF
   1727     QWDSAV(1:NWD) = QWD(1:NWD)                                                                                      !SR 06/2
   1727 9/2021

Page 35          Source Listing                  TIME_VARYING_DATA
2026-03-30 08:47                                 ..\..\..\time-varying-data.f90

   1728     END DO
   1729     NXTVD = MIN(NXTVD,NXQWD1)
   1730   END IF
   1731   
   1732 ! Spillways DO gas
   1733   DO N=1,NSP              ! SW 1/18/2022
   1734     IF(GASSPC(N)=='      ON' .AND. EQSP(N)==4 .AND. BGASSP(N)==1)THEN
   1735     DO WHILE (JDAY >= NXSPDO(N))
   1736         AGASSP(N)=AGASSPNX(N)
   1737         READ(FGASSP(N),*)NXSPDO(N),AGASSPNX(N) 
   1738     ENDDO
   1739     ELSEIF(GASSPC(N)=='      ON' .AND. EQSP(N)==5)THEN
   1740      DO WHILE (JDAY >= NXSPDO(N))
   1741         AGASSP(N)=AGASSPNX(N)
   1742         BGASSP(N)=BGASSPNX(N)
   1743         CGASSP(N)=CGASSPNX(N)
   1744         DGASSP(N)=DGASSPNX(N)
   1745         READ(FGASSP(N),*)NXSPDO(N),AGASSPNX(N),BGASSPNX(N), CGASSPNX(N), DGASSPNX(N)  
   1746     ENDDO      
   1747 
   1748     ENDIF
   1749   ENDDO
   1750   
   1751 ! gates DO gas
   1752     
   1753     DO N=1,NGT             ! SW 1/18/2022
   1754     IF(GASGTC(N)=='      ON' .AND. EQGT(N)==4 .AND. BGASGT(N)==1.0)THEN
   1755     DO WHILE (JDAY >= NXGTDO(N))
   1756         AGASGT(N)=AGASGTNX(N) 
   1757         READ(FGASGT(N),*)NXGTDO(N),AGASGTNX(N) 
   1758     ENDDO
   1759     ELSEIF(GASGTC(N)=='      ON' .AND. EQGT(N)==5)THEN
   1760      DO WHILE (JDAY >= NXGTDO(N))
   1761         AGASGT(N)=AGASGTNX(N) 
   1762         BGASGT(N)=BGASGTNX(N)
   1763         CGASGT(N)=CGASGTNX(N)
   1764         DGASGT(N)=DGASGTNX(N)
   1765         READ(FGASGT(N),*)NXGTDO(N),AGASGTNX(N),BGASGTNX(N), CGASGTNX(N), DGASGTNX(N) 
   1766     ENDDO        
   1767     ENDIF
   1768   ENDDO  
   1769 
   1770 ! Tributaries
   1771 
   1772   IF (TRIBUTARIES) THEN
   1773     DO JT=1,NTR
   1774 
   1775 !**** Inflow
   1776         DO WHILE (JDAY >= NXQTR1(JT))
   1777         QTR(JT)    = QTRNX(JT)
   1778         QTRO(JT)   = QTRNX(JT)
   1779         NXQTR2(JT) = NXQTR1(JT)
   1780         
   1781         IF (TRQF(JT)) THEN
   1782           READ (TRQ(JT),*,END=8710) NXQTR1(JT),QTRNX(JT)                                                                !SR 
   1782 11/28/19
   1783         ELSE

Page 36          Source Listing                  TIME_VARYING_DATA
2026-03-30 08:47                                 ..\..\..\time-varying-data.f90

   1784           READ (TRQ(JT),'(2F8.0)',END=8710) NXQTR1(JT),QTRNX(JT)                                                        !SR 
   1784 11/28/19
   1785         ENDIF
   1786         GO TO 8712                                                              ! Isolate error instructions            !SR 
   1786 11/28/19
   1787 8710    IF (EOF(TRQ(JT))) THEN                                                  ! End of file, but more data needed     !SR 
   1787 11/28/19
   1788           IF (WAIT_FOR_TRIB_INPUT(JT)) THEN                                     ! Additional data might be available    !SR 
   1788 11/28/19
   1789             CLOSE (TRQ(JT))                                                     ! Must close the file to get new copy   !SR 
   1789 11/28/19
   1790             FULL_FILE_NAME = TRIM(ADJUSTL(TR_FILEDIR(JT)))//'\'//TRIM(ADJUSTL(QTRFN(JT)))                               !SR 
   1790 11/28/19
   1791             RESULT1 = SYSTEMQQ('COPY '//TRIM(FULL_FILE_NAME))                   ! Copy file into current directory      !SR 
   1791 11/28/19
   1792             WRITE (9911,'(F12.4,2X,A,A)') JDAY, 'COPY ', TRIM(FULL_FILE_NAME)                                           !SR 
   1792 11/28/19
   1793             IF (.NOT. RESULT1) CALL PRINT_ERROR_AND_STOP('QTR',JT)              ! Problem with copy; write msg, stop    !SR 
   1793 11/28/19
   1794 
   1795             LAST_JDAY = GET_LAST_JDAY(QTRFN(JT))                                ! Find last JDAY in input file          !SR 
   1795 11/28/19
   1796             ITER = 0                                                                                                    !SR 
   1796 11/28/19
   1797             DO WHILE ((LAST_JDAY <= TMEND-0.5 .AND. JDAY > LAST_JDAY-TIME_BUFFER) .OR.                                      
   1797        &
   1798                       (LAST_JDAY  > TMEND-0.5 .AND. LAST_JDAY < TMEND .AND. ITER < 3)) ! Not enough data in input file  !SR 
   1798 11/28/19
   1799               ITER = ITER + 1                                                                                           !SR 
   1799 11/28/19
   1800               WRITE (9911,'(A,I0,3(A,F0.4))') 'WAIT: Input QTR',JT,' DAY= ',LAST_JDAY,' JDAY= ',JDAY,' TMEND= ',TMEND   !SR 
   1800 11/28/19
   1801               CALL SLEEPQQ(WAIT_TIME*1000)                                                                              !SR 
   1801 11/28/19
   1802               RESULT1 = SYSTEMQQ('COPY '//TRIM(FULL_FILE_NAME))                 ! Copy file into current directory      !SR 
   1802 11/28/19
   1803               WRITE (9911,'(F12.4,2X,A,A)') JDAY, 'COPY ', TRIM(FULL_FILE_NAME)                                         !SR 
   1803 11/28/19
   1804               IF (.NOT. RESULT1) CALL PRINT_ERROR_AND_STOP('QTR',JT)            ! Problem with copy; write msg, stop    !SR 
   1804 11/28/19
   1805               LAST_JDAY = GET_LAST_JDAY(QTRFN(JT))                                                                      !SR 
   1805 11/28/19
   1806             END DO                                                                                                      !SR 
   1806 11/28/19
   1807             IF (LAST_JDAY > TMEND-0.5 .AND. ITER >= 3 .AND. LAST_JDAY <= NXQTR2(JT)) THEN   ! near TMEND, no new data   !SR 
   1807 11/28/19
   1808               OPEN (TRQ(JT),FILE=QTRFN(JT),STATUS='OLD',POSITION='APPEND')      ! Open file and push pointer to end     !SR 
   1808 11/28/19
   1809               NXQTR1(JT) = TMEND+1.0                                            ! Push input date past TMEND            !SR 
   1809 11/28/19
   1810               WRITE (9911,'(A,I0,2(A,F0.4))') 'MOVING ON: Input QTR',JT,' DAY= ',LAST_JDAY,' close to TMEND= ',TMEND    !SR 
   1810 11/28/19
   1811             ELSE                                                                                                        !SR 
   1811 11/28/19
   1812               LAST_JDAY = NXQTR2(JT)                                            ! Save the last date read               !SR 
   1812 11/28/19
   1813               OPEN (TRQ(JT),FILE=QTRFN(JT),STATUS='OLD')                        ! Open the newly copied file and read   !SR 

Page 37          Source Listing                  TIME_VARYING_DATA
2026-03-30 08:47                                 ..\..\..\time-varying-data.f90

   1813 11/28/19
   1814               READ (TRQ(JT),'(A1)') INFORMAT                                                                            !SR 
   1814 11/28/19
   1815               TRQF(JT)=.FALSE.                                                                                          !SR 
   1815 11/28/19
   1816               IF (INFORMAT=='$') TRQF(JT)=.TRUE.                                                                        !SR 
   1816 11/28/19
   1817               IF (TRQF(JT)) THEN                                                                                        !SR 
   1817 11/28/19
   1818                 READ (TRQ(JT),'(/)')                                                                                    !SR 
   1818 11/28/19
   1819                 READ (TRQ(JT),*)   NXQTR1(JT)                                   ! Just read the date                    !SR 
   1819 11/28/19
   1820                 DO WHILE (LAST_JDAY > NXQTR1(JT) .AND. .NOT.EOF(TRQ(JT)))       ! Get file ptr to previous position     !SR 
   1820 11/28/19
   1821                   READ (TRQ(JT),*) NXQTR1(JT)                                   ! Just read the date                    !SR 
   1821 11/28/19
   1822                 END DO                                                                                                  !SR 
   1822 11/28/19
   1823                 IF (EOF(TRQ(JT))) BACKSPACE(TRQ(JT))                            ! A bit of insurance                    !SR 
   1823 11/28/19
   1824                 READ (TRQ(JT),*) NXQTR1(JT),QTRNX(JT)                           ! Read new data point                   !SR 
   1824 11/28/19
   1825               ELSE                                                                                                      !SR 
   1825 11/28/19
   1826                 READ (TRQ(JT),'(//F8.0)') NXQTR1(JT)                            ! Just read the date                    !SR 
   1826 11/28/19
   1827                 DO WHILE (LAST_JDAY > NXQTR1(JT) .AND. .NOT.EOF(TRQ(JT)))       ! Get file ptr to previous position     !SR 
   1827 11/28/19
   1828                   READ (TRQ(JT),'(F8.0)') NXQTR1(JT)                            ! Just read the date                    !SR 
   1828 11/28/19
   1829                 END DO                                                                                                  !SR 
   1829 11/28/19
   1830                 IF (EOF(TRQ(JT))) BACKSPACE(TRQ(JT))                            ! A bit of insurance                    !SR 
   1830 11/28/19
   1831                 READ (TRQ(JT),'(2F8.0)') NXQTR1(JT),QTRNX(JT)                   ! Read new data point                   !SR 
   1831 11/28/19
   1832               END IF                                                                                                    !SR 
   1832 11/28/19
   1833             END IF                                                                                                      !SR 
   1833 11/28/19
   1834           ELSE                                 ! Not waiting for input from this file. Stop run. File has no more data. !SR 
   1834 11/28/19
   1835             WRITE (W2ERR,'(2A/A,F0.4)') 'ERROR-- End of tributary input file ', QTRFN(JT),                                  
   1835        &
   1836                                         'Simulation terminated at JDAY ', JDAY                                          !SR 
   1836 11/28/19
   1837             WRITE (*,'(2A/A,F0.4)') 'ERROR-- End of tributary input file ', QTRFN(JT),                                      
   1837        &
   1838                                     'Simulation terminated at JDAY ', JDAY                                              !SR 
   1838 11/28/19
   1839             STOP                                                                                                        !SR 
   1839 11/28/19
   1840           END IF                                                                                                        !SR 
   1840 11/28/19
   1841         END IF                                                                                                          !SR 
   1841 11/28/19

Page 38          Source Listing                  TIME_VARYING_DATA
2026-03-30 08:47                                 ..\..\..\time-varying-data.f90

   1842 8712    CONTINUE                                                                                                        !SR 
   1842 11/28/19
   1843       END DO
   1844 !    DO WHILE (JDAY >= NXQTR1(JT))
   1845 !      QTR(JT)    = QTRNX(JT)
   1846 !      QTRO(JT)   = QTRNX(JT)
   1847 !      NXQTR2(JT) = NXQTR1(JT)
   1848 !
   1849 !        IF(TRQF(JT))THEN
   1850 !        READ (TRQ(JT),*) NXQTR1(JT),QTRNX(JT)
   1851 !        ELSE
   1852 !      READ (TRQ(JT),'(2F8.0)') NXQTR1(JT),QTRNX(JT)
   1853 !        ENDIF
   1854 !    END DO
   1855       NXTVD = MIN(NXTVD,NXQTR1(JT))
   1856 
   1857 !**** Inflow temperatures
   1858     DO WHILE (JDAY >= NXTTR1(JT))
   1859         TTR(JT)    = TTRNX(JT)
   1860         TTRO(JT)   = TTRNX(JT)
   1861         NXTTR2(JT) = NXTTR1(JT)
   1862        IF (TRTF(JT)) THEN
   1863           READ (TRT(JT),*,END=8720) NXTTR1(JT),TTRNX(JT)                                                                !SR 
   1863 11/28/19
   1864         ELSE
   1865           READ (TRT(JT),'(2F8.0)',END=8720) NXTTR1(JT),TTRNX(JT)                                                        !SR 
   1865 11/28/19
   1866         ENDIF
   1867         GO TO 8722                                                              ! Isolate error instructions            !SR 
   1867 11/28/19
   1868 8720    IF (EOF(TRT(JT))) THEN                                                  ! End of file, but more data needed     !SR 
   1868 11/28/19
   1869           IF (WAIT_FOR_TRIB_INPUT(JT)) THEN                                     ! Additional data might be available    !SR 
   1869 11/28/19
   1870             CLOSE (TRT(JT))                                                     ! Must close the file to get new copy   !SR 
   1870 11/28/19
   1871             FULL_FILE_NAME = TRIM(ADJUSTL(TR_FILEDIR(JT)))//'\'//TRIM(ADJUSTL(TTRFN(JT)))                               !SR 
   1871 11/28/19
   1872             RESULT1 = SYSTEMQQ('COPY '//TRIM(FULL_FILE_NAME))                   ! Copy file into current directory      !SR 
   1872 11/28/19
   1873             WRITE (9911,'(F12.4,2X,A,A)') JDAY, 'COPY ', TRIM(FULL_FILE_NAME)                                           !SR 
   1873 11/28/19
   1874             IF (.NOT. RESULT1) CALL PRINT_ERROR_AND_STOP('TTR',JT)              ! Problem with copy; write msg, stop    !SR 
   1874 11/28/19
   1875 
   1876             LAST_JDAY = GET_LAST_JDAY(TTRFN(JT))                                ! Find last JDAY in input file          !SR 
   1876 11/28/19
   1877 ! ITER = 0                                                            ! Carry over iterations from QTR        !SR 11/28/19
   1878             DO WHILE ((LAST_JDAY <= TMEND-0.5 .AND. JDAY > LAST_JDAY-TIME_BUFFER) .OR.                                      
   1878        &
   1879                       (LAST_JDAY  > TMEND-0.5 .AND. LAST_JDAY < TMEND .AND. ITER < 3)) ! Not enough data in input file  !SR 
   1879 11/28/19
   1880               ITER = ITER + 1                                                                                           !SR 
   1880 11/28/19
   1881               WRITE (9911,'(A,I0,3(A,F0.4))') 'WAIT: Input TTR',JT,' DAY= ',LAST_JDAY,' JDAY= ',JDAY,' TMEND= ',TMEND   !SR 
   1881 11/28/19
   1882               CALL SLEEPQQ(WAIT_TIME*1000)                                                                              !SR 

Page 39          Source Listing                  TIME_VARYING_DATA
2026-03-30 08:47                                 ..\..\..\time-varying-data.f90

   1882 11/28/19
   1883               RESULT1 = SYSTEMQQ('COPY '//TRIM(FULL_FILE_NAME))                 ! Copy file into current directory      !SR 
   1883 11/28/19
   1884               WRITE (9911,'(F12.4,2X,A,A)') JDAY, 'COPY ', TRIM(FULL_FILE_NAME)                                         !SR 
   1884 11/28/19
   1885               IF (.NOT. RESULT1) CALL PRINT_ERROR_AND_STOP('TTR',JT)            ! Problem with copy; write msg, stop    !SR 
   1885 11/28/19
   1886               LAST_JDAY = GET_LAST_JDAY(TTRFN(JT))                                                                      !SR 
   1886 11/28/19
   1887             END DO                                                                                                      !SR 
   1887 11/28/19
   1888             IF (LAST_JDAY > TMEND-0.5 .AND. ITER >= 3 .AND. LAST_JDAY <= NXTTR2(JT)) THEN   ! near TMEND, no new data   !SR 
   1888 11/28/19
   1889               OPEN (TRT(JT),FILE=TTRFN(JT),STATUS='OLD',POSITION='APPEND')      ! Open file and push pointer to end     !SR 
   1889 11/28/19
   1890               NXTTR1(JT) = TMEND+1.0                                            ! Push input date past TMEND            !SR 
   1890 11/28/19
   1891               WRITE (9911,'(A,I0,2(A,F0.4))') 'MOVING ON: Input TTR',JT,' DAY= ',LAST_JDAY,' close to TMEND= ',TMEND    !SR 
   1891 11/28/19
   1892             ELSE                                                                                                        !SR 
   1892 11/28/19
   1893               LAST_JDAY = NXTTR2(JT)                                            ! Save the last date read               !SR 
   1893 11/28/19
   1894               OPEN (TRT(JT),FILE=TTRFN(JT),STATUS='OLD')                        ! Open the newly copied file and read   !SR 
   1894 11/28/19
   1895               READ (TRT(JT),'(A1)') INFORMAT                                                                            !SR 
   1895 11/28/19
   1896               TRTF(JT)=.FALSE.                                                                                          !SR 
   1896 11/28/19
   1897               IF (INFORMAT=='$') TRTF(JT)=.TRUE.                                                                        !SR 
   1897 11/28/19
   1898               IF (TRTF(JT)) THEN                                                                                        !SR 
   1898 11/28/19
   1899                 READ (TRT(JT),'(/)')                                                                                    !SR 
   1899 11/28/19
   1900                 READ (TRT(JT),*)   NXTTR1(JT)                                   ! Just read the date                    !SR 
   1900 11/28/19
   1901                 DO WHILE (LAST_JDAY > NXTTR1(JT) .AND. .NOT.EOF(TRT(JT)))       ! Get file ptr to previous position     !SR 
   1901 11/28/19
   1902                   READ (TRT(JT),*) NXTTR1(JT)                                   ! Just read the date                    !SR 
   1902 11/28/19
   1903                 END DO                                                                                                  !SR 
   1903 11/28/19
   1904                 IF (EOF(TRT(JT))) BACKSPACE(TRT(JT))                            ! A bit of insurance                    !SR 
   1904 11/28/19
   1905                 READ (TRT(JT),*) NXTTR1(JT),TTRNX(JT)                           ! Read new data point                   !SR 
   1905 11/28/19
   1906               ELSE                                                                                                      !SR 
   1906 11/28/19
   1907                 READ (TRT(JT),'(//F8.0)') NXTTR1(JT)                            ! Just read the date                    !SR 
   1907 11/28/19
   1908                 DO WHILE (LAST_JDAY > NXTTR1(JT) .AND. .NOT.EOF(TRT(JT)))       ! Get file ptr to previous position     !SR 
   1908 11/28/19
   1909                   READ (TRT(JT),'(F8.0)') NXTTR1(JT)                            ! Just read the date                    !SR 
   1909 11/28/19
   1910                 END DO                                                                                                  !SR 
   1910 11/28/19

Page 40          Source Listing                  TIME_VARYING_DATA
2026-03-30 08:47                                 ..\..\..\time-varying-data.f90

   1911                 IF (EOF(TRT(JT))) BACKSPACE(TRT(JT))                            ! A bit of insurance                    !SR 
   1911 11/28/19
   1912                 READ (TRT(JT),'(2F8.0)') NXTTR1(JT),TTRNX(JT)                   ! Read new data point                   !SR 
   1912 11/28/19
   1913               END IF                                                                                                    !SR 
   1913 11/28/19
   1914             END IF                                                                                                      !SR 
   1914 11/28/19
   1915           ELSE                                 ! Not waiting for input from this file. Stop run. File has no more data. !SR 
   1915 11/28/19
   1916             WRITE (W2ERR,'(2A/A,F0.4)') 'ERROR-- End of tributary input file ', TTRFN(JT),                                  
   1916        &
   1917                                         'Simulation terminated at JDAY ', JDAY                                          !SR 
   1917 11/28/19
   1918             WRITE (*,'(2A/A,F0.4)') 'ERROR-- End of tributary input file ', TTRFN(JT),                                      
   1918        &
   1919                                     'Simulation terminated at JDAY ', JDAY                                              !SR 
   1919 11/28/19
   1920             STOP                                                                                                        !SR 
   1920 11/28/19
   1921           END IF                                                                                                        !SR 
   1921 11/28/19
   1922         END IF                                                                                                          !SR 
   1922 11/28/19
   1923 8722    CONTINUE                                                                                                        !SR 
   1923 11/28/19
   1924   END DO
   1925   
   1926 !   IF (JDAY >= NXTTR1(JT)) THEN
   1927 !     DO WHILE (JDAY >= NXTTR1(JT))
   1928 !       TTR(JT)    = TTRNX(JT)
   1929 !       TTRO(JT)   = TTRNX(JT)
   1930 !       NXTTR2(JT) = NXTTR1(JT)
   1931 !
   1932 !       IF(TRTF(JT))THEN
   1933 !       READ (TRT(JT),*) NXTTR1(JT),TTRNX(JT)
   1934 !       ELSE
   1935 !       READ (TRT(JT),'(2F8.0)') NXTTR1(JT),TTRNX(JT)
   1936 !       ENDIF
   1937 !
   1938 !
   1939 !!       READ (TRT(JT),'(2F8.0)') NXTTR1(JT),TTRNX(JT)
   1940 !     END DO
   1941 !   END IF
   1942       NXTVD = MIN(NXTVD,NXTTR1(JT))
   1943 
   1944 !**** Inflow constituent concentrations
   1945 
   1946       IF (TRIB_CONST(JT)) THEN
   1947         DO WHILE (JDAY >= NXCTR1(JT))
   1948           CTR(TRCN(1:NACTR(JT),JT),JT)  = CTRNX(TRCN(1:NACTR(JT),JT),JT)
   1949           CTRO(TRCN(1:NACTR(JT),JT),JT) = CTRNX(TRCN(1:NACTR(JT),JT),JT)
   1950 !
   1951 ! systdg - time series input
   1952         IF(SYSTDG)THEN
   1953           IF (DOBND) THEN
   1954             DO_SAT(JT)= EXP(7.7117 - 1.31403 * (LOG(TTR(JT)+45.93))) * PALT(ITR(JT))

Page 41          Source Listing                  TIME_VARYING_DATA
2026-03-30 08:47                                 ..\..\..\time-varying-data.f90

   1955             CTR(NDO,JT)  = CTRNX(NDO,JT)  * DO_SAT(JT)
   1956           END IF
   1957           IF (N2BND) THEN
   1958             EA = DEXP(2.3026D0*(7.5D0*TDEW(WBSEG(ITR(JT)))/(TDEW(WBSEG(ITR(JT)))+237.3D0)+0.6609D0))*0.001316       
   1959    
   1960             N2_SAT(JT) = (1.5568D06*0.79*(PALT(ITR(JT))-EA)*(1.8816D-5 - 4.116D-7 * TTR(JT) + 4.6D-9 * TTR(JT)*TTR(JT)))
   1961             CTR(NN2,JT) = CTRNX(NN2,JT) * N2_SAT(JT)
   1962           END IF
   1963           IF(DGPBND) CTR(NDGP,JT) = PALT(ITR(JT)) * CTRNX(NDGP,JT)   
   1964         ENDIF
   1965         
   1966 ! systdg - time series input
   1967 !
   1968           NXCTR2(JT)                    = NXCTR1(JT)
   1969           IF(TRCF(JT))THEN
   1970            READ (TRC(JT),*,END=8730) NXCTR1(JT),(CTRNX(TRCN(JAC,JT),JT),JAC=1,NACTR(JT))                               !SR 1
   1970 1/28/19
   1971           ELSE
   1972             READ (TRC(JT),'(1000F8.0)',END=8730) NXCTR1(JT),(CTRNX(TRCN(JAC,JT),JT),JAC=1,NACTR(JT))                    !SR 
   1972 11/28/19
   1973           END IF
   1974           GO TO 8732                                                              ! Isolate error instructions          !SR 
   1974 11/28/19
   1975 8730      IF (EOF(TRC(JT))) THEN                                                  ! End of file, but more data needed   !SR 
   1975 11/28/19
   1976             IF (WAIT_FOR_TRIB_INPUT(JT)) THEN                                     ! Additional data might be available  !SR 
   1976 11/28/19
   1977               CLOSE (TRC(JT))                                                     ! Must close the file to get new copy !SR 
   1977 11/28/19
   1978               FULL_FILE_NAME = TRIM(ADJUSTL(TR_FILEDIR(JT)))//'\'//TRIM(ADJUSTL(CTRFN(JT)))                             !SR 
   1978 11/28/19
   1979               RESULT1 = SYSTEMQQ('COPY '//TRIM(FULL_FILE_NAME))                   ! Copy file into current directory    !SR 
   1979 11/28/19
   1980               WRITE (9911,'(F12.4,2X,A,A)') JDAY, 'COPY ', TRIM(FULL_FILE_NAME)                                         !SR 
   1980 11/28/19
   1981               IF (.NOT. RESULT1) CALL PRINT_ERROR_AND_STOP('CTR',JT)              ! Problem with copy; write msg, stop  !SR 
   1981 11/28/19
   1982 
   1983               LAST_JDAY = GET_LAST_JDAY(CTRFN(JT))                                ! Find last JDAY in input file        !SR 
   1983 11/28/19
   1984 ! ITER = 0                                                            ! Carry over iterations from QTR,TTR  !SR 11/28/19
   1985               DO WHILE ((LAST_JDAY <= TMEND-0.5 .AND. JDAY > LAST_JDAY-TIME_BUFFER) .OR.                                    
   1985        &
   1986                         (LAST_JDAY  > TMEND-0.5 .AND. LAST_JDAY < TMEND .AND. ITER < 3)) ! Not enough data in input file!SR 
   1986 11/28/19
   1987                 ITER = ITER + 1                                                                                         !SR 
   1987 11/28/19
   1988                 WRITE (9911,'(A,I0,3(A,F0.4))') 'WAIT: Input CTR',JT,' DAY= ',LAST_JDAY,' JDAY= ',JDAY,' TMEND= ',TMEND !SR 
   1988 11/28/19
   1989                 CALL SLEEPQQ(WAIT_TIME*1000)                                                                            !SR 
   1989 11/28/19
   1990                 RESULT1 = SYSTEMQQ('COPY '//TRIM(FULL_FILE_NAME))                 ! Copy file into current directory    !SR 
   1990 11/28/19
   1991                 WRITE (9911,'(F12.4,2X,A,A)') JDAY, 'COPY ', TRIM(FULL_FILE_NAME)                                       !SR 
   1991 11/28/19
   1992                 IF (.NOT. RESULT1) CALL PRINT_ERROR_AND_STOP('CTR',JT)            ! Problem with copy; write msg, stop  !SR 
   1992 11/28/19

Page 42          Source Listing                  TIME_VARYING_DATA
2026-03-30 08:47                                 ..\..\..\time-varying-data.f90

   1993                 LAST_JDAY = GET_LAST_JDAY(CTRFN(JT))                                                                    !SR 
   1993 11/28/19
   1994               END DO                                                                                                    !SR 
   1994 11/28/19
   1995               IF (LAST_JDAY > TMEND-0.5 .AND. ITER >= 3 .AND. LAST_JDAY <= NXCTR2(JT)) THEN   ! near TMEND, no new data !SR 
   1995 11/28/19
   1996                 OPEN (TRC(JT),FILE=CTRFN(JT),STATUS='OLD',POSITION='APPEND')      ! Open file and push pointer to end   !SR 
   1996 11/28/19
   1997                 NXCTR1(JT) = TMEND+1.0                                            ! Push input date past TMEND          !SR 
   1997 11/28/19
   1998                 WRITE (9911,'(A,I0,2(A,F0.4))') 'MOVING ON: Input CTR',JT,' DAY= ',LAST_JDAY,' close to TMEND= ',TMEND  !SR 
   1998 11/28/19
   1999               ELSE                                                                                                      !SR 
   1999 11/28/19
   2000                 LAST_JDAY = NXCTR2(JT)                                            ! Save the last date read             !SR 
   2000 11/28/19
   2001                 OPEN (TRC(JT),FILE=CTRFN(JT),STATUS='OLD')                        ! Open the newly copied file and read !SR 
   2001 11/28/19
   2002                 READ (TRC(JT),'(A1)') INFORMAT                                                                          !SR 
   2002 11/28/19
   2003                 TRCF(JT)=.FALSE.                                                                                        !SR 
   2003 11/28/19
   2004                 IF (INFORMAT=='$') TRCF(JT)=.TRUE.                                                                      !SR 
   2004 11/28/19
   2005                 IF (TRCF(JT)) THEN                                                                                      !SR 
   2005 11/28/19
   2006                   READ (TRC(JT),'(/)')                                                                                  !SR 
   2006 11/28/19
   2007                   READ (TRC(JT),*)   NXCTR1(JT)                                   ! Just read the date                  !SR 
   2007 11/28/19
   2008                   DO WHILE (LAST_JDAY > NXCTR1(JT) .AND. .NOT.EOF(TRC(JT)))       ! Get file ptr to previous position   !SR 
   2008 11/28/19
   2009                     READ (TRC(JT),*) NXCTR1(JT)                                   ! Just read the date                  !SR 
   2009 11/28/19
   2010                   END DO                                                                                                !SR 
   2010 11/28/19
   2011                   IF (EOF(TRC(JT))) BACKSPACE(TRC(JT))                            ! A bit of insurance                  !SR 
   2011 11/28/19
   2012                   READ (TRC(JT),*) NXCTR1(JT),(CTRNX(TRCN(JAC,JT),JT),JAC=1,NACTR(JT))       ! Read new data point      !SR 
   2012 11/28/19
   2013                 ELSE                                                                                                    !SR 
   2013 11/28/19
   2014                   READ (TRC(JT),'(//F8.0)') NXCTR1(JT)                            ! Just read the date                  !SR 
   2014 11/28/19
   2015                   DO WHILE (LAST_JDAY > NXCTR1(JT) .AND. .NOT.EOF(TRC(JT)))       ! Get file ptr to previous position   !SR 
   2015 11/28/19
   2016                     READ (TRC(JT),'(F8.0)') NXCTR1(JT)                            ! Just read the date                  !SR 
   2016 11/28/19
   2017                   END DO                                                                                                !SR 
   2017 11/28/19
   2018                   IF (EOF(TRC(JT))) BACKSPACE(TRC(JT))                            ! A bit of insurance                  !SR 
   2018 11/28/19
   2019                   READ (TRC(JT),'(1000F8.0)') NXCTR1(JT),(CTRNX(TRCN(JAC,JT),JT),JAC=1,NACTR(JT))  ! Read new data      !SR 
   2019 11/28/19
   2020                 END IF                                                                                                  !SR 
   2020 11/28/19
   2021               END IF                                                                                                    !SR 

Page 43          Source Listing                  TIME_VARYING_DATA
2026-03-30 08:47                                 ..\..\..\time-varying-data.f90

   2021 11/28/19
   2022             ELSE                               ! Not waiting for input from this file. Stop run. File has no more data. !SR 
   2022 11/28/19
   2023               WRITE (W2ERR,'(2A/A,F0.4)') 'ERROR-- End of tributary input file ', CTRFN(JT),                                
   2023        &
   2024                                           'Simulation terminated at JDAY ', JDAY                                        !SR 
   2024 11/28/19
   2025               WRITE (*,'(2A/A,F0.4)') 'ERROR-- End of tributary input file ', CTRFN(JT),                                    
   2025        &
   2026                                       'Simulation terminated at JDAY ', JDAY                                            !SR 
   2026 11/28/19
   2027               STOP                                                                                                      !SR 
   2027 11/28/19
   2028             END IF                                                                                                      !SR 
   2028 11/28/19
   2029           END IF                                                                                                        !SR 
   2029 11/28/19
   2030 8732      CONTINUE                                                                                                      !SR 
   2030 11/28/19
   2031       
   2032 !  READ (TRC(JT),*) NXCTR1(JT),(CTRNX(TRCN(JAC,JT),JT),JAC=1,NACTR(JT))
   2033 !  ELSE
   2034 !  READ (TRC(JT),'(1000F8.0)') NXCTR1(JT),(CTRNX(TRCN(JAC,JT),JT),JAC=1,NACTR(JT))
   2035 !  ENDIF
   2036         END DO
   2037         NXTVD = MIN(NXTVD,NXCTR1(JT))
   2038       END IF
   2039     END DO
   2040   END IF
   2041 !
   2042 ! systdg - time series input TWE
   2043   IF (SYSTDG) THEN                                                     
   2044       IF (TWETSC=='      ON') THEN
   2045           DO WHILE (JDAY >= NXTWE1)
   2046             TWE_TS  = TWE_TSNX
   2047             TWE_TSO = TWE_TSNX
   2048             NXTWE2 = NXTWE1
   2049             IF(TWEF)THEN
   2050                 READ (TWEFNNO,*) NXTWE1,TWE_TSNX
   2051             ELSE
   2052                 READ (TWEFNNO,'(2F8.3)') NXTWE1,TWE_TSNX
   2053             ENDIF
   2054           END DO
   2055           NXTVD = MIN(NXTVD,NXTWE1)
   2056       END IF
   2057   END IF   
   2058 ! systdg - time series input TWE
   2059 
   2060 ! Branch related inputs
   2061 
   2062   DO JW=1,NWB
   2063     DO JB=BS(JW),BE(JW)
   2064 
   2065 !**** Inflow
   2066 
   2067       IF (UP_FLOW(JB)) THEN
   2068         IF (.NOT. INTERNAL_FLOW(JB) .AND. .NOT. DAM_INFLOW(JB)) THEN                                                  !TC 08

Page 44          Source Listing                  TIME_VARYING_DATA
2026-03-30 08:47                                 ..\..\..\time-varying-data.f90

   2068 /03/04 RA 1/13/06
   2069           DO WHILE (JDAY >= NXQIN1(JB))
   2070             QIND(JB)   = QINNX(JB)
   2071             QINO(JB)   = QINNX(JB)
   2072             NXQIN2(JB) = NXQIN1(JB)
   2073             IF (INQF(JB)) THEN
   2074               READ (INQ(JB),*,END=8810) NXQIN1(JB),QINNX(JB)                                                            !SR 
   2074 11/28/19
   2075             ELSE
   2076               READ (INQ(JB),'(2F8.0)',END=8810) NXQIN1(JB),QINNX(JB)                                                    !SR 
   2076 11/28/19
   2077             ENDIF 
   2078             GO TO 8812                                                             ! Isolate error instructions         !SR 
   2078 11/28/19
   2079 8810        IF (EOF(INQ(JB))) THEN                                                 ! End of file, but more data needed  !SR 
   2079 11/28/19
   2080               IF (WAIT_FOR_BRANCH_INPUT(JB)) THEN                                  ! Additional data might be available !SR 
   2080 11/28/19
   2081                 CLOSE (INQ(JB))                                                    ! Must close file to get new copy    !SR 
   2081 11/28/19
   2082                 FULL_FILE_NAME = TRIM(ADJUSTL(BR_FILEDIR(JB)))//'\'//TRIM(ADJUSTL(QINFN(JB)))                           !SR 
   2082 11/28/19
   2083                 RESULT1 = SYSTEMQQ('COPY '//TRIM(FULL_FILE_NAME))                  ! Copy file into current directory   !SR 
   2083 11/28/19
   2084                 WRITE (9911,'(F12.4,2X,A,A)') JDAY, 'COPY ', TRIM(FULL_FILE_NAME)                                       !SR 
   2084 11/28/19
   2085                 IF (.NOT. RESULT1) CALL PRINT_ERROR_AND_STOP('QIN',JB)             ! Problem with copy; write msg, stop !SR 
   2085 11/28/19
   2086 
   2087                 LAST_JDAY = GET_LAST_JDAY(QINFN(JB))                               ! Find last JDAY in input file       !SR 
   2087 11/28/19
   2088                 ITER = 0                                                                                                !SR 
   2088 11/28/19
   2089                 DO WHILE ((LAST_JDAY <= TMEND-0.5 .AND. JDAY > LAST_JDAY-TIME_BUFFER) .OR.                                  
   2089        &
   2090                           (LAST_JDAY  > TMEND-0.5 .AND. LAST_JDAY < TMEND .AND. ITER < 3)) ! Not enough data in file    !SR 
   2090 11/28/19
   2091                   ITER = ITER + 1                                                                                       !SR 
   2091 11/28/19
   2092                   WRITE (9911,'(A,I0,3(A,F0.4))') 'WAIT: Input QIN',JB,' DAY= ',LAST_JDAY,' JDAY= ',JDAY,' TMEND= ',TMEND !S
   2092 R 11/28/19
   2093                   CALL SLEEPQQ(WAIT_TIME*1000)                                                                          !SR 
   2093 11/28/19
   2094                   RESULT1 = SYSTEMQQ('COPY '//TRIM(FULL_FILE_NAME))                ! Copy file into current directory   !SR 
   2094 11/28/19
   2095                   WRITE (9911,'(F12.4,2X,A,A)') JDAY, 'COPY ', TRIM(FULL_FILE_NAME)                                     !SR 
   2095 11/28/19
   2096                   IF (.NOT. RESULT1) CALL PRINT_ERROR_AND_STOP('QIN',JB)           ! Problem with copy; write msg, stop !SR 
   2096 11/28/19
   2097                   LAST_JDAY = GET_LAST_JDAY(QINFN(JB))                                                                  !SR 
   2097 11/28/19
   2098                 END DO                                                                                                  !SR 
   2098 11/28/19
   2099                 IF (LAST_JDAY > TMEND-0.5 .AND. ITER >= 3 .AND. LAST_JDAY <= NXQIN2(JB)) THEN ! near TMEND, no new data !SR 
   2099 11/28/19
   2100                   OPEN (INQ(JB),FILE=QINFN(JB),STATUS='OLD',POSITION='APPEND')     ! Open file and push pointer to end  !SR 
   2100 11/28/19

Page 45          Source Listing                  TIME_VARYING_DATA
2026-03-30 08:47                                 ..\..\..\time-varying-data.f90

   2101                   NXQIN1(JB) = TMEND+1.0                                           ! Push input date past TMEND         !SR 
   2101 11/28/19
   2102                   WRITE (9911,'(A,I0,2(A,F0.4))') 'MOVING ON: Input QIN',JB,' DAY= ',LAST_JDAY,' close to TMEND= ',TMEND !SR
   2102  11/28/19
   2103                 ELSE                                                                                                    !SR 
   2103 11/28/19
   2104                   LAST_JDAY = NXQIN2(JB)                                           ! Save the last date read            !SR 
   2104 11/28/19
   2105                   OPEN (INQ(JB),FILE=QINFN(JB),STATUS='OLD')                       ! Open newly copied file and read    !SR 
   2105 11/28/19
   2106                   READ (INQ(JB),'(A1)') INFORMAT                                                                        !SR 
   2106 11/28/19
   2107                   INQF(JB)=.FALSE.                                                                                      !SR 
   2107 11/28/19
   2108                   IF (INFORMAT=='$') INQF(JB)=.TRUE.                                                                    !SR 
   2108 11/28/19
   2109                   IF (INQF(JB)) THEN                                                                                    !SR 
   2109 11/28/19
   2110                     READ (INQ(JB),'(/)')                                                                                !SR 
   2110 11/28/19
   2111                     READ (INQ(JB),*)   NXQIN1(JB)                                  ! Just read the date                 !SR 
   2111 11/28/19
   2112                     DO WHILE (LAST_JDAY > NXQIN1(JB) .AND. .NOT.EOF(INQ(JB)))      ! Get file ptr to previous position  !SR 
   2112 11/28/19
   2113                       READ (INQ(JB),*) NXQIN1(JB)                                  ! Just read the date                 !SR 
   2113 11/28/19
   2114                     END DO                                                                                              !SR 
   2114 11/28/19
   2115                     IF (EOF(INQ(JB))) BACKSPACE(INQ(JB))                           ! A bit of insurance                 !SR 
   2115 11/28/19
   2116                     READ (INQ(JB),*) NXQIN1(JB),QINNX(JB)                          ! Read new data point                !SR 
   2116 11/28/19
   2117                   ELSE                                                                                                  !SR 
   2117 11/28/19
   2118                     READ (INQ(JB),'(//F8.0)') NXQIN1(JB)                           ! Just read the date                 !SR 
   2118 11/28/19
   2119                     DO WHILE (LAST_JDAY > NXQIN1(JB) .AND. .NOT.EOF(INQ(JB)))      ! Get file ptr to previous position  !SR 
   2119 11/28/19
   2120                       READ (INQ(JB),'(F8.0)') NXQIN1(JB)                           ! Just read the date                 !SR 
   2120 11/28/19
   2121                     END DO                                                                                              !SR 
   2121 11/28/19
   2122                     IF (EOF(INQ(JB))) BACKSPACE(INQ(JB))                           ! A bit of insurance                 !SR 
   2122 11/28/19
   2123                     READ (INQ(JB),'(2F8.0)') NXQIN1(JB),QINNX(JB)                  ! Read new data point                !SR 
   2123 11/28/19
   2124                   END IF                                                                                                !SR 
   2124 11/28/19
   2125                 END IF                                                                                                  !SR 
   2125 11/28/19
   2126               ELSE                              ! Not waiting for input from this file. Stop run. File has no more data.!SR 
   2126 11/28/19
   2127                 WRITE (W2ERR,'(2A/A,F0.4)') 'ERROR-- End of branch input file ', QINFN(JB),                                 
   2127        &
   2128                                             'Simulation terminated at JDAY ', JDAY                                      !SR 
   2128 11/28/19
   2129                 WRITE (*,'(2A/A,F0.4)') 'ERROR-- End of branch input file ', QINFN(JB),                                     

Page 46          Source Listing                  TIME_VARYING_DATA
2026-03-30 08:47                                 ..\..\..\time-varying-data.f90

   2129        &
   2130                                         'Simulation terminated at JDAY ', JDAY                                          !SR 
   2130 11/28/19
   2131                 STOP                                                                                                    !SR 
   2131 11/28/19
   2132               END IF                                                                                                    !SR 
   2132 11/28/19
   2133             END IF                                                                                                      !SR 
   2133 11/28/19
   2134 8812        CONTINUE                                                                                                    !SR 
   2134 11/28/19
   2135           END DO
   2136 !  IF(INQF(JB))THEN
   2137 !  READ (INQ(JB),*) NXQIN1(JB),QINNX(JB)
   2138 !  ELSE
   2139 !    READ (INQ(JB),'(2F8.0)') NXQIN1(JB),QINNX(JB)
   2140 !  ENDIF
   2141 !  END DO
   2142           NXTVD = MIN(NXTVD,NXQIN1(JB))
   2143 
   2144 !******** Inflow temperature
   2145 
   2146           DO WHILE (JDAY >= NXTIN1(JB))
   2147             TIND(JB)   = TINNX(JB)
   2148             TINO(JB)   = TINNX(JB)
   2149             NXTIN2(JB) = NXTIN1(JB)
   2150             IF (INTF(JB)) THEN
   2151              READ (INFT(JB),*,END=8820) NXTIN1(JB),TINNX(JB)                                                           !SR 1
   2151 1/28/19
   2152             ELSE
   2153               READ (INFT(JB),'(2F8.0)',END=8820) NXTIN1(JB),TINNX(JB)                                                   !SR 
   2153 11/28/19
   2154             ENDIF 
   2155             GO TO 8822                                                             ! Isolate error instructions         !SR 
   2155 11/28/19
   2156 8820        IF (EOF(INFT(JB))) THEN                                                ! End of file, but more data needed  !SR 
   2156 11/28/19
   2157               IF (WAIT_FOR_BRANCH_INPUT(JB)) THEN                                  ! Additional data might be available !SR 
   2157 11/28/19
   2158                 CLOSE (INFT(JB))                                                   ! Must close file to get new copy    !SR 
   2158 11/28/19
   2159                 FULL_FILE_NAME = TRIM(ADJUSTL(BR_FILEDIR(JB)))//'\'//TRIM(ADJUSTL(TINFN(JB)))                           !SR 
   2159 11/28/19
   2160                 RESULT1 = SYSTEMQQ('COPY '//TRIM(FULL_FILE_NAME))                  ! Copy file into current directory   !SR 
   2160 11/28/19
   2161                 WRITE (9911,'(F12.4,2X,A,A)') JDAY, 'COPY ', TRIM(FULL_FILE_NAME)                                       !SR 
   2161 11/28/19
   2162                 IF (.NOT. RESULT1) CALL PRINT_ERROR_AND_STOP('TIN',JB)             ! Problem with copy; write msg, stop !SR 
   2162 11/28/19
   2163 
   2164                 LAST_JDAY = GET_LAST_JDAY(TINFN(JB))                               ! Find last JDAY in input file       !SR 
   2164 11/28/19
   2165 ! ITER = 0                                                           ! Carry over iterations from QIN     !SR 11/28/19
   2166                 DO WHILE ((LAST_JDAY <= TMEND-0.5 .AND. JDAY > LAST_JDAY-TIME_BUFFER) .OR.                                  
   2166        &
   2167                           (LAST_JDAY  > TMEND-0.5 .AND. LAST_JDAY < TMEND .AND. ITER < 3)) ! Not enough data in file    !SR 
   2167 11/28/19

Page 47          Source Listing                  TIME_VARYING_DATA
2026-03-30 08:47                                 ..\..\..\time-varying-data.f90

   2168                   ITER = ITER + 1                                                                                       !SR 
   2168 11/28/19
   2169                   WRITE (9911,'(A,I0,3(A,F0.4))') 'WAIT: Input TIN',JB,' DAY= ',LAST_JDAY,' JDAY= ',JDAY,' TMEND= ',TMEND !S
   2169 R 11/28/19
   2170                   CALL SLEEPQQ(WAIT_TIME*1000)                                                                          !SR 
   2170 11/28/19
   2171                   RESULT1 = SYSTEMQQ('COPY '//TRIM(FULL_FILE_NAME))                ! Copy file into current directory   !SR 
   2171 11/28/19
   2172                   WRITE (9911,'(F12.4,2X,A,A)') JDAY, 'COPY ', TRIM(FULL_FILE_NAME)                                     !SR 
   2172 11/28/19
   2173                   IF (.NOT. RESULT1) CALL PRINT_ERROR_AND_STOP('TIN',JB)           ! Problem with copy; write msg, stop !SR 
   2173 11/28/19
   2174                   LAST_JDAY = GET_LAST_JDAY(TINFN(JB))                                                                  !SR 
   2174 11/28/19
   2175                 END DO                                                                                                  !SR 
   2175 11/28/19
   2176                 IF (LAST_JDAY > TMEND-0.5 .AND. ITER >= 3 .AND. LAST_JDAY <= NXTIN2(JB)) THEN ! near TMEND, no new data !SR 
   2176 11/28/19
   2177                   OPEN (INFT(JB),FILE=TINFN(JB),STATUS='OLD',POSITION='APPEND')    ! Open file and push pointer to end  !SR 
   2177 11/28/19
   2178                   NXTIN1(JB) = TMEND+1.0                                           ! Push input date past TMEND         !SR 
   2178 11/28/19
   2179                   WRITE (9911,'(A,I0,2(A,F0.4))') 'MOVING ON: Input TIN',JB,' DAY= ',LAST_JDAY,' close to TMEND= ',TMEND !SR
   2179  11/28/19
   2180                 ELSE                                                                                                    !SR 
   2180 11/28/19
   2181                   LAST_JDAY = NXTIN2(JB)                                           ! Save the last date read            !SR 
   2181 11/28/19
   2182                   OPEN (INFT(JB),FILE=TINFN(JB),STATUS='OLD')                      ! Open newly copied file and read    !SR 
   2182 11/28/19
   2183                   READ (INFT(JB),'(A1)') INFORMAT                                                                       !SR 
   2183 11/28/19
   2184                   INTF(JB)=.FALSE.                                                                                      !SR 
   2184 11/28/19
   2185                   IF (INFORMAT=='$') INTF(JB)=.TRUE.                                                                    !SR 
   2185 11/28/19
   2186                   IF (INTF(JB)) THEN                                                                                    !SR 
   2186 11/28/19
   2187                     READ (INFT(JB),'(/)')                                                                               !SR 
   2187 11/28/19
   2188                     READ (INFT(JB),*)   NXTIN1(JB)                                 ! Just read the date                 !SR 
   2188 11/28/19
   2189                     DO WHILE (LAST_JDAY > NXTIN1(JB) .AND. .NOT.EOF(INFT(JB)))     ! Get file ptr to previous position  !SR 
   2189 11/28/19
   2190                       READ (INFT(JB),*) NXTIN1(JB)                                 ! Just read the date                 !SR 
   2190 11/28/19
   2191                     END DO                                                                                              !SR 
   2191 11/28/19
   2192                     IF (EOF(INFT(JB))) BACKSPACE(INFT(JB))                         ! A bit of insurance                 !SR 
   2192 11/28/19
   2193                     READ (INFT(JB),*) NXTIN1(JB),TINNX(JB)                         ! Read new data point                !SR 
   2193 11/28/19
   2194                   ELSE                                                                                                  !SR 
   2194 11/28/19
   2195                     READ (INFT(JB),'(//F8.0)') NXTIN1(JB)                          ! Just read the date                 !SR 
   2195 11/28/19
   2196                     DO WHILE (LAST_JDAY > NXTIN1(JB) .AND. .NOT.EOF(INFT(JB)))     ! Get file ptr to previous position  !SR 

Page 48          Source Listing                  TIME_VARYING_DATA
2026-03-30 08:47                                 ..\..\..\time-varying-data.f90

   2196 11/28/19
   2197                       READ (INFT(JB),'(F8.0)') NXTIN1(JB)                          ! Just read the date                 !SR 
   2197 11/28/19
   2198                     END DO                                                                                              !SR 
   2198 11/28/19
   2199                     IF (EOF(INFT(JB))) BACKSPACE(INFT(JB))                         ! A bit of insurance                 !SR 
   2199 11/28/19
   2200                     READ (INFT(JB),'(2F8.0)') NXTIN1(JB),TINNX(JB)                 ! Read new data point                !SR 
   2200 11/28/19
   2201                   END IF                                                                                                !SR 
   2201 11/28/19
   2202                 END IF                                                                                                  !SR 
   2202 11/28/19
   2203               ELSE                              ! Not waiting for input from this file. Stop run. File has no more data.!SR 
   2203 11/28/19
   2204                 WRITE (W2ERR,'(2A/A,F0.4)') 'ERROR-- End of branch input file ', TINFN(JB),                                 
   2204        &
   2205                                             'Simulation terminated at JDAY ', JDAY                                      !SR 
   2205 11/28/19
   2206                 WRITE (*,'(2A/A,F0.4)') 'ERROR-- End of branch input file ', TINFN(JB),                                     
   2206        &
   2207                                         'Simulation terminated at JDAY ', JDAY                                          !SR 
   2207 11/28/19
   2208                 STOP                                                                                                    !SR 
   2208 11/28/19
   2209               END IF                                                                                                    !SR 
   2209 11/28/19
   2210             END IF                                                                                                      !SR 
   2210 11/28/19
   2211 8822        CONTINUE                                                                                                    !SR 
   2211 11/28/19
   2212         END DO
   2213         
   2214 !     IF(INTF(JB))THEN
   2215 !     READ (INFT(JB),*) NXTIN1(JB),TINNX(JB)
   2216 !     ELSE
   2217 !       READ (INFT(JB),'(2F8.0)') NXTIN1(JB),TINNX(JB)
   2218 !     ENDIF
   2219 !
   2220 !!       READ (INFT(JB),'(2F8.0)') NXTIN1(JB),TINNX(JB)
   2221 !     END DO
   2222           NXTVD = MIN(NXTVD,NXTIN1(JB))
   2223 
   2224 !******** Inflow constituent concentrations
   2225 
   2226           IF (INFLOW_CONST(JB)) THEN
   2227             DO WHILE (JDAY >= NXCIN1(JB))
   2228               CIND(INCN(1:NACIN(JB),JB),JB) = CINNX(INCN(1:NACIN(JB),JB),JB)
   2229               CINO(INCN(1:NACIN(JB),JB),JB) = CINNX(INCN(1:NACIN(JB),JB),JB)
   2230 !
   2231 ! systdg - time series input
   2232             IF(SYSTDG)THEN
   2233               IF (DOBND) THEN
   2234                 DO_SATJ(JB)= EXP(7.7117 - 1.31403 * (LOG(TIND(JB)+45.93))) * PALT(CUS(JB))
   2235                 CIND(NDO,JB)  = CIND(NDO,JB)  * DO_SATJ(JB)
   2236               END IF
   2237               IF (N2BND) THEN

Page 49          Source Listing                  TIME_VARYING_DATA
2026-03-30 08:47                                 ..\..\..\time-varying-data.f90

   2238                 EA = DEXP(2.3026D0*(7.5D0*TDEW(WBSEG(CUS(JB)))/(TDEW(WBSEG(CUS(JB)))+237.3D0)+0.6609D0))*0.001316        
   2239    
   2240                 N2_SATJ(JB) = (1.5568D06*0.79*(PALT(CUS(JB))-EA)*(1.8816D-5 - 4.116D-7 * TIND(JB) + 4.6D-9 * TIND(JB)*TIND(J
   2240 B)))
   2241                 CIND(NN2,JB) = CIND(NN2,JB) * N2_SATJ(JB)
   2242               END IF
   2243               IF(DGPBND) CIND(NDGP,JB) = CIND(NDGP,JB) * PALT(CUS(JB)) 
   2244               ENDIF
   2245 ! systdg - time series input
   2246               
   2247               NXCIN2(JB)                    = NXCIN1(JB)
   2248               IF (INCF(JB)) THEN
   2249                 READ (INC(JB),*,END=8830) NXCIN1(JB),(CINNX(INCN(JAC,JB),JB),JAC=1,NACIN(JB))                           !SR 
   2249 11/28/19
   2250               ELSE
   2251                 READ (INC(JB),'(1000F8.0)',END=8830) NXCIN1(JB),(CINNX(INCN(JAC,JB),JB),JAC=1,NACIN(JB))                !SR 
   2251 11/28/19
   2252               END IF
   2253               GO TO 8832                                                           ! Isolate error instructions         !SR 
   2253 11/28/19
   2254 8830          IF (EOF(INC(JB))) THEN                                               ! End of file, but more data needed  !SR 
   2254 11/28/19
   2255                 IF (WAIT_FOR_BRANCH_INPUT(JB)) THEN                                ! Additional data might be available !SR 
   2255 11/28/19
   2256                   CLOSE (INC(JB))                                                  ! Must close file to get new copy    !SR 
   2256 11/28/19
   2257                   FULL_FILE_NAME = TRIM(ADJUSTL(BR_FILEDIR(JB)))//'\'//TRIM(ADJUSTL(CINFN(JB)))                         !SR 
   2257 11/28/19
   2258                   RESULT1 = SYSTEMQQ('COPY '//TRIM(FULL_FILE_NAME))                ! Copy file into current directory   !SR 
   2258 11/28/19
   2259                   WRITE (9911,'(F12.4,2X,A,A)') JDAY, 'COPY ', TRIM(FULL_FILE_NAME)                                     !SR 
   2259 11/28/19
   2260                   IF (.NOT. RESULT1) CALL PRINT_ERROR_AND_STOP('CIN',JB)           ! Problem with copy; write msg, stop !SR 
   2260 11/28/19
   2261 
   2262                   LAST_JDAY = GET_LAST_JDAY(CINFN(JB))                             ! Find last JDAY in input file       !SR 
   2262 11/28/19
   2263 ! ITER = 0                                                         ! Carry over iterations from QIN,TIN !SR 11/28/19
   2264                   DO WHILE ((LAST_JDAY <= TMEND-0.5 .AND. JDAY > LAST_JDAY-TIME_BUFFER) .OR.                                
   2264        &
   2265                             (LAST_JDAY  > TMEND-0.5 .AND. LAST_JDAY < TMEND .AND. ITER < 3)) ! Not enough data in file  !SR 
   2265 11/28/19
   2266                     ITER = ITER + 1                                                                                     !SR 
   2266 11/28/19
   2267                     WRITE (9911,'(A,I0,3(A,F0.4))') 'WAIT: Input CIN',JB,' DAY= ',LAST_JDAY,' JDAY= ',JDAY,' TMEND= ',TMEND 
   2267 !SR 11/28/19
   2268                     CALL SLEEPQQ(WAIT_TIME*1000)                                                                        !SR 
   2268 11/28/19
   2269                     RESULT1 = SYSTEMQQ('COPY '//TRIM(FULL_FILE_NAME))              ! Copy file into current directory   !SR 
   2269 11/28/19
   2270                     WRITE (9911,'(F12.4,2X,A,A)') JDAY, 'COPY ', TRIM(FULL_FILE_NAME)                                   !SR 
   2270 11/28/19
   2271                     IF (.NOT. RESULT1) CALL PRINT_ERROR_AND_STOP('CIN',JB)         ! Problem with copy; write msg, stop !SR 
   2271 11/28/19
   2272                     LAST_JDAY = GET_LAST_JDAY(CINFN(JB))                                                                !SR 
   2272 11/28/19
   2273                   END DO                                                                                                !SR 

Page 50          Source Listing                  TIME_VARYING_DATA
2026-03-30 08:47                                 ..\..\..\time-varying-data.f90

   2273 11/28/19
   2274                   IF (LAST_JDAY > TMEND-0.5 .AND. ITER >= 3 .AND. LAST_JDAY <= NXCIN2(JB)) THEN !near TMEND, no new data!SR 
   2274 11/28/19
   2275                     OPEN (INC(JB),FILE=CINFN(JB),STATUS='OLD',POSITION='APPEND')   ! Open file and push pointer to end  !SR 
   2275 11/28/19
   2276                     NXCIN1(JB) = TMEND+1.0                                         ! Push input date past TMEND         !SR 
   2276 11/28/19
   2277                     WRITE (9911,'(A,I0,2(A,F0.4))') 'MOVING ON: Input CIN',JB,' DAY= ',LAST_JDAY,' close to TMEND= ',TMEND !
   2277 SR 11/28/19
   2278                   ELSE                                                                                                  !SR 
   2278 11/28/19
   2279                     LAST_JDAY = NXCIN2(JB)                                         ! Save the last date read            !SR 
   2279 11/28/19
   2280                     OPEN (INC(JB),FILE=CINFN(JB),STATUS='OLD')                     ! Open newly copied file and read    !SR 
   2280 11/28/19
   2281                     READ (INC(JB),'(A1)') INFORMAT                                                                      !SR 
   2281 11/28/19
   2282                     INCF(JB)=.FALSE.                                                                                    !SR 
   2282 11/28/19
   2283                     IF (INFORMAT=='$') INCF(JB)=.TRUE.                                                                  !SR 
   2283 11/28/19
   2284                     IF (INCF(JB)) THEN                                                                                  !SR 
   2284 11/28/19
   2285                       READ (INC(JB),'(/)')                                                                              !SR 
   2285 11/28/19
   2286                       READ (INC(JB),*)   NXCIN1(JB)                                ! Just read the date                 !SR 
   2286 11/28/19
   2287                       DO WHILE (LAST_JDAY > NXCIN1(JB) .AND. .NOT.EOF(INC(JB)))    ! Get file ptr to previous position  !SR 
   2287 11/28/19
   2288                         READ (INC(JB),*) NXCIN1(JB)                                ! Just read the date                 !SR 
   2288 11/28/19
   2289                       END DO                                                                                            !SR 
   2289 11/28/19
   2290                       IF (EOF(INC(JB))) BACKSPACE(INC(JB))                         ! A bit of insurance                 !SR 
   2290 11/28/19
   2291                       READ (INC(JB),*) NXCIN1(JB),(CINNX(INCN(JAC,JB),JB),JAC=1,NACIN(JB))   ! Read new data point      !SR 
   2291 11/28/19
   2292                     ELSE                                                                                                !SR 
   2292 11/28/19
   2293                       READ (INC(JB),'(//F8.0)') NXCIN1(JB)                         ! Just read the date                 !SR 
   2293 11/28/19
   2294                       DO WHILE (LAST_JDAY > NXCIN1(JB) .AND. .NOT.EOF(INC(JB)))    ! Get file ptr to previous position  !SR 
   2294 11/28/19
   2295                         READ (INC(JB),'(F8.0)') NXCIN1(JB)                         ! Just read the date                 !SR 
   2295 11/28/19
   2296                       END DO                                                                                            !SR 
   2296 11/28/19
   2297                       IF (EOF(INC(JB))) BACKSPACE(INC(JB))                         ! A bit of insurance                 !SR 
   2297 11/28/19
   2298                       READ (INC(JB),'(1000F8.0)') NXCIN1(JB),(CINNX(INCN(JAC,JB),JB),JAC=1,NACIN(JB))  ! Read new data  !SR 
   2298 11/28/19
   2299                     END IF                                                                                              !SR 
   2299 11/28/19
   2300                   END IF                                                                                                !SR 
   2300 11/28/19
   2301                 ELSE                                   ! Not waiting on this file. Stop run. File has no more data.     !SR 
   2301 11/28/19

Page 51          Source Listing                  TIME_VARYING_DATA
2026-03-30 08:47                                 ..\..\..\time-varying-data.f90

   2302                   WRITE (W2ERR,'(2A/A,F0.4)') 'ERROR-- End of branch input file ', CINFN(JB),                               
   2302        &
   2303                                               'Simulation terminated at JDAY ', JDAY                                    !SR 
   2303 11/28/19
   2304                   WRITE (*,'(2A/A,F0.4)') 'ERROR-- End of branch input file ', CINFN(JB),                                   
   2304        &
   2305                                           'Simulation terminated at JDAY ', JDAY                                        !SR 
   2305 11/28/19
   2306                   STOP                                                                                                  !SR 
   2306 11/28/19
   2307                 END IF                                                                                                  !SR 
   2307 11/28/19
   2308               END IF                                                                                                    !SR 
   2308 11/28/19
   2309 8832          CONTINUE                                                                                                  !SR 
   2309 11/28/19
   2310             END DO
   2311 !  IF(INCF(JB))THEN
   2312 !  READ (INC(JB),*) NXCIN1(JB),(CINNX(INCN(JAC,JB),JB),JAC=1,NACIN(JB))
   2313 !  ELSE
   2314 !  READ (INC(JB),'(1000F8.0)') NXCIN1(JB),(CINNX(INCN(JAC,JB),JB),JAC=1,NACIN(JB))
   2315 !  ENDIF
   2316 !END DO
   2317             NXTVD = MIN(NXTVD,NXCIN1(JB))
   2318           END IF
   2319         END IF
   2320       END IF
   2321 
   2322 !**** Outflow
   2323 
   2324       IF (DN_FLOW(JB) .AND. NSTR(JB) > 0) THEN
   2325         DO WHILE (JDAY >= NXQOT1(JB))
   2326           QSTR(1:NSTR(JB),JB)  = QSTRNX(1:NSTR(JB),JB)
   2327           QSTRO(1:NSTR(JB),JB) = QSTRNX(1:NSTR(JB),JB)
   2328           NXQOT2(JB)           = NXQOT1(JB)
   2329           IF(OTQF(JB))THEN
   2330           READ (OTQ(JB),*) NXQOT1(JB),(QSTRNX(JS,JB),JS=1,NSTR(JB))
   2331           ELSE
   2332           READ (OTQ(JB),'(10F8.0:/(8X,9F8.0))') NXQOT1(JB),(QSTRNX(JS,JB),JS=1,NSTR(JB))
   2333           ENDIF
   2334         QSTRSAV(1:NSTR(JB),JB) = QSTR(1:NSTR(JB),JB)                                                                !SR 06/2
   2334 9/2021
   2335         END DO
   2336         IF(DYNSTRUC(JB) == '      ON')THEN
   2337         DO WHILE (JDAY >= NXDYNS(JB))
   2338             DO J=1,NJS
   2339             IF(.NOT.ACTIVE_RULE_W2SELECTIVE(J,JB))ESTR(JJS(J),JB)=NXESTRT(JJS(J),JB)
   2340             ENDDO
   2341             IF(DYNEF(JB))THEN
   2342             READ (ODYNS(JB),*)NXDYNS(JB),(NXESTRT(JJS(J),JB), J=1,NJS)
   2343             ELSE
   2344             READ (ODYNS(JB),'(10F8.0:/(8X,9F8.0))')NXDYNS(JB),(NXESTRT(JJS(J),JB), J=1,NJS)
   2345             ENDIF
   2346         ENDDO
   2347         NXTVD = MIN(NXTVD,NXDYNS(JB))
   2348         ENDIF
   2349         NXTVD = MIN(NXTVD,NXQOT1(JB))

Page 52          Source Listing                  TIME_VARYING_DATA
2026-03-30 08:47                                 ..\..\..\time-varying-data.f90

   2350       END IF
   2351 
   2352 !**** Distributed tributaries
   2353 
   2354       IF (DIST_TRIBS(JB)) THEN
   2355 
   2356 !****** Inflow
   2357 
   2358         DO WHILE (JDAY >= NXQDT1(JB))
   2359           QDTR(JB)   = QDTRNX(JB)
   2360           QDTRO(JB)  = QDTRNX(JB)
   2361           NXQDT2(JB) = NXQDT1(JB)
   2362           
   2363           IF(DTQF(JB))THEN
   2364           READ (DTQ(JB),*) NXQDT1(JB),QDTRNX(JB)
   2365           ELSE
   2366           READ (DTQ(JB),'(2F8.0)') NXQDT1(JB),QDTRNX(JB)
   2367           ENDIF        
   2368           
   2369 !        READ (DTQ(JB),'(2F8.0)') NXQDT1(JB),QDTRNX(JB)
   2370         END DO
   2371         NXTVD = MIN(NXTVD,NXQDT1(JB))
   2372 
   2373 !****** Temperature
   2374 
   2375         DO WHILE (JDAY >= NXTDT1(JB))
   2376           TDTR(JB)   = TDTRNX(JB)
   2377           TDTRO(JB)  = TDTRNX(JB)
   2378           NXTDT2(JB) = NXTDT1(JB)
   2379           
   2380           IF(DTTF(JB))THEN
   2381           READ (DTT(JB),*) NXTDT1(JB),TDTRNX(JB)
   2382           ELSE
   2383           READ (DTT(JB),'(2F8.0)') NXTDT1(JB),TDTRNX(JB)
   2384           ENDIF 
   2385           
   2386 !         READ (DTT(JB),'(2F8.0)') NXTDT1(JB),TDTRNX(JB)
   2387         END DO
   2388         NXTVD = MIN(NXTVD,NXTDT1(JB))
   2389 
   2390 !****** Constituent concentrations
   2391 
   2392         IF (DTRIB_CONST(JB)) THEN
   2393           DO WHILE (JDAY >= NXCDT1(JB))
   2394             CDTR(DTCN(1:NACDT(JB),JB),JB)  = CDTRNX(DTCN(1:NACDT(JB),JB),JB)
   2395             CDTRO(DTCN(1:NACDT(JB),JB),JB) = CDTRNX(DTCN(1:NACDT(JB),JB),JB)
   2396 !
   2397 ! systdg - time series input
   2398             IF(SYSTDG)THEN
   2399               IF (DOBND) THEN
   2400                 DO_SATD(JB)= EXP(7.7117 - 1.31403 * (LOG(TDTR(JB)+45.93))) * PALT(CUS(JB))
   2401                 CDTR(NDO,JB)  = CDTR(NDO,JB)  * DO_SATD(JB)
   2402               END IF
   2403               IF (N2BND) THEN
   2404                 EA = DEXP(2.3026D0*(7.5D0*TDEW(WBSEG(CUS(JB)))/(TDEW(WBSEG(CUS(JB)))+237.3D0)+0.6609D0))*0.001316        
   2405                 N2_SATD(JB) = (1.5568D06*0.79*(PALT(CUS(JB))-EA)*(1.8816D-5 - 4.116D-7 * TDTR(JB) + 4.6D-9 * TDTR(JB)*TDTR(J
   2405 B)))

Page 53          Source Listing                  TIME_VARYING_DATA
2026-03-30 08:47                                 ..\..\..\time-varying-data.f90

   2406                 CDTR(NN2,JB) = CDTR(NN2,JB) * N2_SATD(JB)
   2407               END IF       
   2408               IF (DGPBND) CDTR(NDGP,JB) = CDTR(NDGP,JB) * PALT(CUS(JB))
   2409             ENDIF
   2410             
   2411 ! systdg - time series input
   2412               
   2413             NXCDT2(JB)                     = NXCDT1(JB)
   2414             IF(DTCF(JB))THEN
   2415             READ (DTC(JB),*) NXCDT1(JB),(CDTRNX(DTCN(JAC,JB),JB),JAC=1,NACDT(JB))   
   2416                 ELSE
   2417             READ (DTC(JB),'(1000F8.0)') NXCDT1(JB),(CDTRNX(DTCN(JAC,JB),JB),JAC=1,NACDT(JB))
   2418             ENDIF
   2419           END DO
   2420           NXTVD = MIN(NXTVD,NXCDT1(JB))
   2421         END IF
   2422       END IF
   2423 
   2424 !**** Precipitation
   2425 
   2426       IF (PRECIPITATION(JW)) THEN
   2427         DO WHILE (JDAY >= NXPR1(JB))
   2428           PR(JB)    = PRNX(JB)
   2429           NXPR2(JB) = NXPR1(JB)
   2430           
   2431           IF(PRQF(JB))THEN
   2432           READ (PRE(JB),*) NXPR1(JB),PRNX(JB)
   2433           ELSE
   2434           READ (PRE(JB),'(2F8.0)') NXPR1(JB),PRNX(JB)
   2435           ENDIF        
   2436           
   2437 !READ (PRE(JB),'(2F8.0)') NXPR1(JB),PRNX(JB)
   2438         END DO
   2439         NXTVD = MIN(NXTVD,NXPR1(JB))
   2440 
   2441 !****** Temperature
   2442 
   2443         DO WHILE (JDAY >= NXTPR1(JB))
   2444           TPR(JB)    = TPRNX(JB)
   2445           NXTPR2(JB) = NXTPR1(JB)
   2446           
   2447           IF(PRTF(JB))THEN
   2448           READ (PRT(JB),*) NXTPR1(JB),TPRNX(JB)
   2449           ELSE
   2450           READ (PRT(JB),'(2F8.0)') NXTPR1(JB),TPRNX(JB)
   2451           ENDIF        
   2452           
   2453 !READ (PRT(JB),'(2F8.0)') NXTPR1(JB),TPRNX(JB)
   2454         END DO
   2455         NXTVD = MIN(NXTVD,NXTPR1(JB))
   2456 
   2457 !****** Constituent concentrations
   2458 
   2459         IF (PRECIP_CONST(JB)) THEN
   2460           DO WHILE (JDAY >= NXCPR1(JB))
   2461             CPR(PRCN(1:NACPR(JB),JB),JB) = CPRNX(PRCN(1:NACPR(JB),JB),JB)
   2462 !

Page 54          Source Listing                  TIME_VARYING_DATA
2026-03-30 08:47                                 ..\..\..\time-varying-data.f90

   2463 ! systdg - time series input
   2464             IF(SYSTDG)THEN
   2465             IF (DOBND) THEN
   2466                 DO_SATP(JB)= EXP(7.7117 - 1.31403 * (LOG(TPR(JB)+45.93))) * PALT(CUS(JB))
   2467                 CPR(NDO,JB)  = CPR(NDO,JB)  * DO_SATP(JB)
   2468             END IF
   2469             IF (N2BND) THEN
   2470                 EA = DEXP(2.3026D0*(7.5D0*TDEW(WBSEG(CUS(JB)))/(TDEW(WBSEG(CUS(JB)))+237.3D0)+0.6609D0))*0.001316        
   2471                 N2_SATP(JB) = (1.5568D06*0.79*(PALT(CUS(JB))-EA)*(1.8816D-5 - 4.116D-7 * TPR(JB) + 4.6D-9 * TPR(JB)*TPR(JB))
   2471 )
   2472                 CPR(NN2,JB) = CPR(NN2,JB) * N2_SATP(JB)
   2473             END IF
   2474             IF(DGPBND) CPR(NDGP,JB) = CPR(NDGP,JB) * PALT(CUS(JB))
   2475             ENDIF
   2476             
   2477 ! systdg - time series input
   2478             
   2479             NXCPR2(JB)                   = NXCPR1(JB)
   2480             IF(PRCF(JB))THEN
   2481             READ (PRC(JB),*) NXCPR1(JB),(CPRNX(PRCN(JAC,JB),JB),JAC=1,NACPR(JB))   
   2482                 ELSE
   2483             READ (PRC(JB),'(1000F8.0)') NXCPR1(JB),(CPRNX(PRCN(JAC,JB),JB),JAC=1,NACPR(JB))
   2484             ENDIF
   2485           END DO
   2486           NXTVD = MIN(NXTVD,NXCPR1(JB))
   2487         END IF
   2488       END IF
   2489 
   2490 !**** Upstream head conditions
   2491 
   2492       IF (UH_EXTERNAL(JB)) THEN
   2493 
   2494 !****** Elevations
   2495 
   2496         DO WHILE (JDAY >= NXEUH1(JB))
   2497           ELUH(JB)   = ELUHNX(JB)
   2498           ELUHO(JB)  = ELUHNX(JB)
   2499           NXEUH2(JB) = NXEUH1(JB)
   2500           
   2501           IF(EUHF(JB)>0)THEN
   2502           READ (UHE(JB),*)  NXEUH1(JB), ELUHNX(JB)
   2503           ELSE
   2504           READ (UHE(JB),'(2F8.0)')NXEUH1(JB), ELUHNX(JB)
   2505           ENDIF
   2506 !READ (UHE(JB),'(2F8.0)') NXEUH1(JB),ELUHNX(JB)
   2507         END DO
   2508         NXTVD = MIN(NXTVD,NXEUH1(JB))
   2509 
   2510 !****** Temperatures
   2511 
   2512         DO WHILE (JDAY >= NXTUH1(JB))
   2513           DO K=2,KMX-1
   2514             TUH(K,JB)  = TUHNX(K,JB)
   2515             TUHO(K,JB) = TUHNX(K,JB)
   2516           END DO
   2517           NXTUH2(JB) = NXTUH1(JB)
   2518           

Page 55          Source Listing                  TIME_VARYING_DATA
2026-03-30 08:47                                 ..\..\..\time-varying-data.f90

   2519           IF(TUHF(JB)==1)THEN
   2520           READ (UHT(JB),*)  NXTUH1(JB),XX(1)
   2521           TUHNX(2:KB(US(JB)),JB)=XX(1)
   2522           ELSEIF(TUHF(JB)==2)THEN
   2523           READ (UHT(JB),*)  NXTUH1(JB),(TUHNX(K,JB),K=2,KB(US(JB)))
   2524           ELSE
   2525           READ (UHT(JB),'(10F8.0:/(8X,9F8.0))')NXTUH1(JB),(TUHNX(K,JB),K=2,KB(US(JB)))
   2526           ENDIF
   2527           
   2528           
   2529 !READ (UHT(JB),'(10F8.0:/(8X,9F8.0))') NXTUH1(JB),(TUHNX(K,JB),K=2,KB(US(JB)))
   2530         END DO
   2531         NXTVD = MIN(NXTVD,NXTUH1(JB))
   2532 
   2533 !****** Constituent concentrations
   2534 
   2535         IF (CONSTITUENTS) THEN
   2536           DO WHILE (JDAY >= NXCUH1(JB))
   2537             DO K=2,KMX-1
   2538               CUH(K,CN(1:NAC),JB)  = CUHNX(K,CN(1:NAC),JB)
   2539               CUHO(K,CN(1:NAC),JB) = CUHNX(K,CN(1:NAC),JB)
   2540             END DO
   2541             NXCUH2(JB) = NXCUH1(JB)
   2542             
   2543             IF(CUHF(JB)==1)THEN
   2544               READ (UHC(JB),*)  NXCUH1(JB),(XX(CN(JAC)),JAC=1,NAC)
   2545               DO JAC=1,NAC
   2546               CUHNX(2:KB(US(JB)),CN(JAC),JB)=XX(CN(JAC))
   2547               ENDDO
   2548             ELSE
   2549               
   2550             DO JAC=1,NAC
   2551             IF(CUHF(JB)==2)THEN
   2552             READ (UHC(JB),*)  NXCUH1(JB),(CUHNX(K,CN(JAC),JB),K=2,KB(US(JB)))
   2553             ELSE
   2554             READ (UHC(JB),'(10F8.0:/(8X,9F8.0))') NXCUH1(JB),(CUHNX(K,CN(JAC),JB),K=2,KB(US(JB)))
   2555             ENDIF
   2556             END DO
   2557            END IF
   2558 !DO JAC=1,NAC
   2559 !  IF (ADJUSTL(CNAME2(CN(JAC))) /= 'AGE     ') READ (UHC(JB),'(10F8.0:/(8X,9F8.0))') NXCUH1(JB),(CUHNX(K,CN(JAC),JB),   &
   2560 !                                                    K=2,KB(US(JB)))
   2561 !END DO
   2562           END DO
   2563           NXTVD = MIN(NXTVD,NXCUH1(JB))
   2564         END IF
   2565       END IF
   2566 
   2567 !**** Downstream head
   2568 
   2569       IF (DH_EXTERNAL(JB)) THEN
   2570 
   2571 !****** Elevation
   2572 
   2573         DO WHILE (JDAY >= NXEDH1(JB))
   2574           ELDH(JB)   = ELDHNX(JB)
   2575           ELDHO(JB)  = ELDHNX(JB)

Page 56          Source Listing                  TIME_VARYING_DATA
2026-03-30 08:47                                 ..\..\..\time-varying-data.f90

   2576           NXEDH2(JB) = NXEDH1(JB)
   2577           
   2578           IF(EDHF(JB)>0)THEN
   2579           READ (DHE(JB),*)  NXEDH1(JB), ELDHNX(JB)
   2580           ELSE
   2581           READ (DHE(JB),'(2F8.0)')NXEDH1(JB), ELDHNX(JB)
   2582           ENDIF
   2583 !READ (DHE(JB),'(2F8.0)') NXEDH1(JB),ELDHNX(JB)
   2584         END DO
   2585         NXTVD = MIN(NXTVD,NXEDH1(JB))
   2586 
   2587 !****** Temperature
   2588 
   2589         DO WHILE (JDAY >= NXTDH1(JB))
   2590           DO K=2,KMX-1
   2591             TDH(K,JB)  = TDHNX(K,JB)
   2592             TDHO(K,JB) = TDHNX(K,JB)
   2593           END DO
   2594           NXTDH2(JB) = NXTDH1(JB)
   2595           IF(TDHF(JB)==1)THEN
   2596           READ (DHT(JB),*)  NXTDH1(JB),XX(1)
   2597           TDHNX(2:KB(DS(JB)),JB)=XX(1)
   2598           ELSEIF(TDHF(JB)==2)THEN
   2599           READ (DHT(JB),*)  NXTDH1(JB),(TDHNX(K,JB),K=2,KB(DS(JB)))
   2600           ELSE
   2601           READ (DHT(JB),'(10F8.0:/(8X,9F8.0))')NXTDH1(JB),(TDHNX(K,JB),K=2,KB(DS(JB)))
   2602           ENDIF     
   2603 !READ (DHT(JB),'(10F8.0:/(8X,9F8.0))') NXTDH1(JB),(TDHNX(K,JB),K=2,KB(DS(JB)))
   2604         END DO
   2605         NXTVD = MIN(NXTVD,NXTDH1(JB))
   2606 
   2607 !****** Constituents
   2608 
   2609         IF (CONSTITUENTS) THEN
   2610           DO WHILE (JDAY >= NXCDH1(JB))
   2611             DO K=2,KMX-1
   2612               CDH(K,CN(1:NAC),JB)  = CDHNX(K,CN(1:NAC),JB)
   2613               CDHO(K,CN(1:NAC),JB) = CDHNX(K,CN(1:NAC),JB)
   2614             END DO
   2615             NXCDH2(JB) = NXCDH1(JB)
   2616             IF(CDHF(JB)==1)THEN
   2617               READ (DHC(JB),*)  NXCDH1(JB),(XX(CN(JAC)),JAC=1,NAC)
   2618               DO JAC=1,NAC
   2619               CDHNX(2:KB(DS(JB)),CN(JAC),JB)=XX(CN(JAC))    
   2620               ENDDO
   2621           ELSE
   2622           DO JAC=1,NAC          
   2623             IF(CDHF(JB)==2)THEN
   2624             READ (DHC(JB),*)  NXCDH1(JB),(CDHNX(K,CN(JAC),JB),K=2,KB(DS(JB)))
   2625             ELSE
   2626             READ (DHC(JB),'(10F8.0:/(8X,9F8.0))') NXCDH1(JB),(CDHNX(K,CN(JAC),JB),K=2,KB(DS(JB)))
   2627             ENDIF
   2628           END DO
   2629           END IF
   2630 !DO JAC=1,NAC
   2631 !  IF (ADJUSTL(CNAME2(CN(JAC))) /= 'AGE     ') READ (DHC(JB),'(10F8.0:/(8X,9F8.0))') NXCDH1(JB),(CDHNX(K,CN(JAC),JB),   &
   2632 !                                                    K=2,KB(DS(JB)))

Page 57          Source Listing                  TIME_VARYING_DATA
2026-03-30 08:47                                 ..\..\..\time-varying-data.f90

   2633 !END DO
   2634           END DO
   2635           NXTVD = MIN(NXTVD,NXCDH1(JB))
   2636         END IF
   2637       END IF
   2638     END DO
   2639 ! ATMOSPHERIC LOADING
   2640     IF(CONSTITUENTS)THEN
   2641         IF(ATM_DEPOSITION(JW))THEN
   2642           DO WHILE (JDAY >= NXATMD(JW))
   2643           NXATMD2(JW) = NXATMD(JW)
   2644           ATM_DEP_LOADING=ATM_DEP_LOADINGNX
   2645           ATM_DEP_LOADING0=ATM_DEP_LOADINGNX
   2646           IF(ATMDEPCSV)THEN
   2647             READ (ATMDEP(JW),*)  NXATMD(JW),(ATM_DEP_LOADINGNX(ATMDCN(JAC,JW),JW),JAC=1,NACATD(JW)) 
   2648           ELSE
   2649             READ (ATMDEP(JW),'(100F8.0)') NXATMD(JW),(ATM_DEP_LOADINGNX(ATMDCN(JAC,JW),JW),JAC=1,NACATD(JW)) 
   2650           ENDIF       
   2651         END DO
   2652         NXTVD = MIN(NXTVD,NXATMD(JW))            
   2653         ENDIF
   2654     ENDIF   
   2655   END DO
   2656 
   2657 ! Gate height opening
   2658 
   2659   IF (GATES) THEN
   2660     DO WHILE (JDAY >= NXQGT)
   2661 	  nxqgt2=nxqgt
   2662       WHERE (DYNGTC == '     ZGT')
   2663         EGT  = BGTNX
   2664 		egto = bgtnx
   2665         BGT  = 1.0
   2666         G1GT = 1.0
   2667         G2GT = 1.0
   2668       ELSEWHERE
   2669         BGT = BGTNX
   2670 		bgto = bgtnx
   2671       ENDWHERE
   2672       IF(GATEF)THEN
   2673                 READ (GTQ,*) NXQGT,(BGTNX(JG),JG=1,NGT)  
   2674       ELSE
   2675                 READ (GTQ,'(1000F8.0)') NXQGT,(BGTNX(JG),JG=1,NGT)
   2676       ENDIF
   2677     END DO
   2678     DO I=1,NGT
   2679     IF(DYNGTC(I) == 'FLOW_ZGT')THEN
   2680         DO WHILE (JDAY >= NXZGT)
   2681             DO J=1,NJJ
   2682             EGT(JJG(J))=NXEGT(JJG(J))    !EGT(J)=NXEGT(J)    ! Mohammad DWR 2/14/2025
   2683             END DO
   2684             READ (GTZ,*)NXZGT,(NXEGT(JJG(J)), J=1,NJJ)
   2685         ENDDO
   2686         NXTVD = MIN(NXTVD,NXZGT)
   2687         EXIT
   2688     END IF 
   2689     ENDDO

Page 58          Source Listing                  TIME_VARYING_DATA
2026-03-30 08:47                                 ..\..\..\time-varying-data.f90

   2690     NXTVD = MIN(NXTVD,NXQGT)
   2691   END IF
   2692 
   2693 ! Pipe reduction factor
   2694 
   2695   IF (PIPES .and. iopenpipe == 1) THEN
   2696     DO WHILE (JDAY >= NXQPT)
   2697         BP = BPNX
   2698       READ (PIPED,'(1000F8.0)') NXQPT,(BPNX(J),J=1,NPI)
   2699     END DO
   2700     NXTVD = MIN(NXTVD,NXQPT)
   2701   END IF
   2702 
   2703 ! DYNAMIC PUMPS
   2704 
   2705  IF (PUMPS) THEN
   2706 
   2707  DO J=1,NPU
   2708   IF(DYNPUMP(J) == '      ON')THEN
   2709      DO WHILE (JDAY >= NXPUMP(J))
   2710         EPU(J)=EPU2(J)
   2711         EONPU(J)=EONPU2(J)
   2712         EOFFPU(J)=EOFFPU2(J)
   2713         QPU(J)=QPU2(J)
   2714          IF(DYNPUMPF(J))then
   2715         READ (PUMPD(J),*) NXPUMP(J),EPU2(J),EONPU2(J),EOFFPU2(J),QPU2(J)
   2716         ELSE
   2717         READ (PUMPD(J),'(1000F8.0)') NXPUMP(J),EPU2(J),EONPU2(J),EOFFPU2(J),QPU2(J)
   2718         ENDIF
   2719 !     READ (PUMPD(J),'(1000F8.0)') NXPUMP(J),EPU2(J),EONPU2(J),EOFFPU2(J),QPU2(J)
   2720     END DO
   2721     NXTVD = MIN(NXTVD,NXPUMP(J))
   2722    ENDIF
   2723   ENDDO
   2724  ENDIF
   2725 
   2726 ! Dead sea case
   2727 
   2728   DO JW=1,NWB
   2729     IF (NO_INFLOW(JW)) THEN
   2730       QIN(BS(JW):BE(JW))    = 0.0
   2731       QINO(BS(JW):BE(JW))   = 0.0
   2732       QIND(BS(JW):BE(JW))   = 0.0
   2733       QINNX(BS(JW):BE(JW))  = 0.0
   2734       QDTR(BS(JW):BE(JW))   = 0.0
   2735       QDTRO(BS(JW):BE(JW))  = 0.0
   2736       QDTRNX(BS(JW):BE(JW)) = 0.0
   2737       PR(BS(JW):BE(JW))     = 0.0
   2738       PRNX(BS(JW):BE(JW))   = 0.0
   2739     END IF
   2740     IF (NO_OUTFLOW(JW)) THEN
   2741       QSTR(:,BS(JW):BE(JW))   = 0.0
   2742       QSTRO(:,BS(JW):BE(JW))  = 0.0
   2743       QSTRNX(:,BS(JW):BE(JW)) = 0.0
   2744     QSTRSAV(:,BS(JW):BE(JW)) = 0.0                                                                                  !SR 06/2
   2744 9/2021
   2745     END IF

Page 59          Source Listing                  TIME_VARYING_DATA
2026-03-30 08:47                                 ..\..\..\time-varying-data.f90

   2746   END DO
   2747   WHERE (NO_WIND)
   2748     WIND   = 0.0
   2749     WINDO  = 0.0
   2750     WINDNX = 0.0
   2751   ENDWHERE
   2752   WHERE (READ_RADIATION .AND. NO_HEAT)
   2753     SRON  = 0.0
   2754     SROO  = 0.0
   2755     SRONX = 0.0
   2756   ENDWHERE
   2757   IF (ANY(NO_INFLOW)) THEN
   2758     QTR   = 0.0
   2759     QTRO  = 0.0
   2760     QTRNX = 0.0
   2761     QWD   = 0.0
   2762     QWDO  = 0.0
   2763     QWDNX = 0.0
   2764     QWDSAV = 0.0                                                                                                      !SR 06
   2764 /29/2021
   2765   END IF
   2766 RETURN
   2767 
   2768 !***************************************************************************************************************************
   2768 ********
   2769 !**                                              I N T E R P O L A T E  I N P U T S                                         
   2769       **
   2770 !***************************************************************************************************************************
   2770 ********
   2771 
   2772 ENTRY INTERPOLATE_INPUTS
   2773 
   2774 ! Meteorological/light extinction data
   2775 IF(.NOT.Met_Regions)THEN
   2776   DO JW=1,NWB
   2777     IF (INTERP_METEOROLOGY(JW)) THEN
   2778       RATIO     = (NXMET1(JW)-JDAY)/(NXMET1(JW)-NXMET2(JW))
   2779       TDEW(JW)  = (1.0-RATIO)*TDEWNX(JW)+RATIO*TDEWO(JW)
   2780       WIND(JW)  = (1.0-RATIO)*WINDNX(JW)+RATIO*WINDO(JW)
   2781 ! CONVERT PHIO AND PHINX TO LESS THAN 2*PI     SW 2/13/15
   2782       DO WHILE(PHIO(JW)>2.*PI)
   2783           PHIO(JW)=PHIO(JW)-2.*PI
   2784       ENDDO
   2785       DO WHILE(PHINX(JW)>2.*PI)
   2786           PHINX(JW)=PHINX(JW)-2.*PI
   2787       ENDDO     
   2788       IF (PHIO(JW)-PHINX(JW) > PI) THEN                      
   2789         PHI(JW) = (1.0-RATIO)*(PHINX(JW)+2.0*PI)+RATIO*PHIO(JW)
   2790       ELSEIF (PHIO(JW)-PHINX(JW) < -PI) THEN                       ! WX 2/13/15
   2791         PHI(JW) = (1.0-RATIO)*PHINX(JW)+RATIO*(PHIO(JW) +2.0*PI)   ! WX 2/13/15
   2792       ELSE
   2793         PHI(JW) = (1.0-RATIO)*PHINX(JW)+RATIO*PHIO(JW)
   2794       END IF
   2795 
   2796 !IF (ABS(PHIO(JW)-PHINX(JW)) > PI) THEN
   2797 !  PHI(JW) = (1.0-RATIO)*(PHINX(JW)+2.0*PI)+RATIO*PHIO(JW)
   2798 !ELSE

Page 60          Source Listing                  TIME_VARYING_DATA
2026-03-30 08:47                                 ..\..\..\time-varying-data.f90

   2799 !  PHI(JW) = (1.0-RATIO)*PHINX(JW)+RATIO*PHIO(JW)
   2800 !END IF
   2801       TAIR(JW)  = (1.0-RATIO)*TAIRNX(JW) +RATIO*TAIRO(JW)
   2802       CLOUD(JW) = (1.0-RATIO)*CLOUDNX(JW)+RATIO*CLOUDO(JW)
   2803 !
   2804       IF(SYSTDG)THEN
   2805 ! systdg - time series input PALT_JW
   2806       PALT_JW(JW)= (1.0-RATIO)*PALT_JWNX(JW) +RATIO*PALT_JWO(JW)            
   2807       IF (PALT_JW(JW)<=0.0) PALT_JW(JW) = 760.0
   2808         DO I=US(BS(JW))-1,DS(BE(JW))+1
   2809         PALT(I) = PALT_JW(JW)/760.0*(1.0-ELWS_INI(I)/1000.0/44.3)**5.25  ! systdg - time series input PALT
   2810         ENDDO
   2811 !PALT(:) = PALT_JW(JW)/760.0*(1.0-ELWS_INI(:)/1000.0/44.3)**5.25
   2812 ! systdg - time series input PALT_JW
   2813       ENDIF
   2814       
   2815       IF (READ_RADIATION(JW)) SRON(JW) = (1.0-RATIO)*SRONX(JW)+RATIO*SROO(JW)
   2816     END IF
   2817   ENDDO ! JW LOOP
   2818     ELSE
   2819                 DO JW=1,NMetFileRegions
   2820                 IF (INTERP_METEOROLOGY(MetRegWB(JW))) THEN
   2821                   RATIO     = (NXMET1(JW)-JDAY)/(NXMET1(JW)-NXMET2(JW))
   2822                   TDEW(JW)  = (1.0-RATIO)*TDEWNX(JW)+RATIO*TDEWO(JW)
   2823                   WIND(JW)  = (1.0-RATIO)*WINDNX(JW)+RATIO*WINDO(JW)
   2824 ! CONVERT PHIO AND PHINX TO LESS THAN 2*PI     SW 2/13/15
   2825                   DO WHILE(PHIO(JW)>2.*PI)
   2826                       PHIO(JW)=PHIO(JW)-2.*PI
   2827                   ENDDO
   2828                   DO WHILE(PHINX(JW)>2.*PI)
   2829                       PHINX(JW)=PHINX(JW)-2.*PI
   2830                   ENDDO     
   2831                   IF (PHIO(JW)-PHINX(JW) > PI) THEN                      
   2832                     PHI(JW) = (1.0-RATIO)*(PHINX(JW)+2.0*PI)+RATIO*PHIO(JW)
   2833                   ELSEIF (PHIO(JW)-PHINX(JW) < -PI) THEN                       ! WX 2/13/15
   2834                     PHI(JW) = (1.0-RATIO)*PHINX(JW)+RATIO*(PHIO(JW) +2.0*PI)   ! WX 2/13/15
   2835                   ELSE
   2836                     PHI(JW) = (1.0-RATIO)*PHINX(JW)+RATIO*PHIO(JW)
   2837                   END IF
   2838 
   2839 !IF (ABS(PHIO(JW)-PHINX(JW)) > PI) THEN
   2840 !  PHI(JW) = (1.0-RATIO)*(PHINX(JW)+2.0*PI)+RATIO*PHIO(JW)
   2841 !ELSE
   2842 !  PHI(JW) = (1.0-RATIO)*PHINX(JW)+RATIO*PHIO(JW)
   2843 !END IF
   2844                   TAIR(JW)  = (1.0-RATIO)*TAIRNX(JW) +RATIO*TAIRO(JW)
   2845                   CLOUD(JW) = (1.0-RATIO)*CLOUDNX(JW)+RATIO*CLOUDO(JW)
   2846 !
   2847                   IF(SYSTDG)THEN
   2848 ! systdg - time series input PALT_JW
   2849                   PALT_JW(JW)= (1.0-RATIO)*PALT_JWNX(JW) +RATIO*PALT_JWO(JW)            
   2850                   IF (PALT_JW(JW)<=0.0) PALT_JW(JW) = 760.0
   2851                     DO I=US(BS(JW))-1,DS(BE(JW))+1
   2852                     PALT(I) = PALT_JW(JW)/760.0*(1.0-ELWS_INI(I)/1000.0/44.3)**5.25  ! systdg - time series input PALT
   2853                     ENDDO
   2854 !PALT(:) = PALT_JW(JW)/760.0*(1.0-ELWS_INI(:)/1000.0/44.3)**5.25
   2855 ! systdg - time series input PALT_JW

Page 61          Source Listing                  TIME_VARYING_DATA
2026-03-30 08:47                                 ..\..\..\time-varying-data.f90

   2856                   ENDIF
   2857       
   2858                   IF (READ_RADIATION(MetRegWB(JW))) SRON(JW) = (1.0-RATIO)*SRONX(JW)+RATIO*SROO(JW)
   2859                 END IF
   2860               ENDDO ! # Met Regions LOOP
   2861         
   2862     ENDIF
   2863     
   2864     DO JW=1,NWB
   2865     IF (READ_EXTINCTION(JW).AND.INTERP_EXTINCTION(JW)) THEN    ! 6/30/15 SW
   2866       RATIO     = (NXEXT1(JW)-JDAY)/(NXEXT1(JW)-NXEXT2(JW))
   2867       EXH2O(JW) = (1.0-RATIO)*EXTNX(JW)+RATIO*EXTO(JW)
   2868     END IF
   2869 ! ATMOSPHERIC DEPOSITION
   2870     IF(CONSTITUENTS)THEN
   2871         IF(ATM_DEPOSITION(JW) .AND. ATM_DEPOSITION_INTERPOLATION(JW)=='      ON')THEN
   2872             RATIO= (NXATMD(JW)-JDAY)/(NXATMD(JW)-NXATMD2(JW))
   2873             ATM_DEP_LOADING(:,JW)=  (1.0-RATIO)*ATM_DEP_LOADINGNX(:,JW)+RATIO*ATM_DEP_LOADING0(:,JW)           
   2874         ENDIF
   2875     ENDIF  
   2876     
   2877   END DO
   2878 
   2879 ! Withdrawals
   2880 
   2881   IF (NWD > 0) THEN
   2882     QRATIO = (NXQWD1-JDAY)/(NXQWD1-NXQWD2)
   2883     DO JWD=1,NWD
   2884       IF (INTERP_WITHDRAWAL(JWD)) THEN
   2885         QWD(JWD) = (1.0-QRATIO)*QWDNX(JWD)+QRATIO*QWDO(JWD)
   2886         QWDSAV(JWD) = QWD(JWD)                                                                                        !SR 06
   2886 /29/2021
   2887       END IF                                                                                                          !SR 06
   2887 /29/2021
   2888     END DO
   2889   END IF
   2890 
   2891 ! Gates  adding interpolation cb 8/13/2010
   2892   IF (gates) THEN
   2893     QRATIO = (NXQgt-JDAY)/(NXQgt-NXQgt2)
   2894     DO Jg=1,ngt
   2895       IF (INTERP_gate(Jg)) then
   2896 	    if (DYNGTC(Jg) .eq. '     ZGT')then
   2897 	      egt(jg) = (1.0-QRATIO)*bgtNX(jg)+QRATIO*egtO(jg)
   2898 		else
   2899           bgt(jg) = (1.0-QRATIO)*bgtNX(Jg)+QRATIO*bgtO(Jg)
   2900 		end if   
   2901 	  end if
   2902     END DO
   2903   END IF
   2904 
   2905 ! Tributaries
   2906 
   2907   IF (NTR > 0) THEN
   2908     DO JT=1,NTR
   2909       IF (INTERP_TRIBS(JT)) THEN
   2910         QRATIO = (NXQTR1(JT)-JDAY)/(NXQTR1(JT)-NXQTR2(JT))

Page 62          Source Listing                  TIME_VARYING_DATA
2026-03-30 08:47                                 ..\..\..\time-varying-data.f90

   2911         TRATIO = (NXTTR1(JT)-JDAY)/(NXTTR1(JT)-NXTTR2(JT))
   2912         IF (TRIB_CONST(JT)) CRATIO = (NXCTR1(JT)-JDAY)/(NXCTR1(JT)-NXCTR2(JT))
   2913         QTR(JT)                      = (1.0-QRATIO)*QTRNX(JT)                     +QRATIO*QTRO(JT)
   2914         TTR(JT)                      = (1.0-TRATIO)*TTRNX(JT)                     +TRATIO*TTRO(JT)
   2915         CTR(TRCN(1:NACTR(JT),JT),JT) = (1.0-CRATIO)*CTRNX(TRCN(1:NACTR(JT),JT),JT)+CRATIO*CTRO(TRCN(1:NACTR(JT),JT),JT)
   2916 !
   2917 ! systdg - time series input
   2918         IF(SYSTDG)THEN
   2919         IF (DOBND) THEN
   2920           DO_SAT(JT)= EXP(7.7117 - 1.31403 * (LOG(TTR(JT)+45.93))) * PALT(ITR(JT))
   2921           CTR(NDO,JT) = CTR(NDO,JT)  * DO_SAT(JT)
   2922         END IF
   2923         IF (N2BND) THEN
   2924           EA = DEXP(2.3026D0*(7.5D0*TDEW(WBSEG(ITR(JT)))/(TDEW(WBSEG(ITR(JT)))+237.3D0)+0.6609D0))*0.001316             
   2925           N2_SAT(JT) = (1.5568D06*0.79*(PALT(ITR(JT))-EA)*(1.8816D-5 - 4.116D-7 * TTR(JT) + 4.6D-9 * TTR(JT)*TTR(JT)))
   2926             CTR(NN2,JT)= CTR(NN2,JT) * N2_SAT(JT)
   2927           END IF
   2928 !
   2929           IF(DGPBND) CTR(NDGP,JT)= CTR(NDGP,JT) * PALT(ITR(JT))  
   2930         ENDIF
   2931         
   2932 ! systdg - time series input
   2933       END IF
   2934     END DO
   2935   END IF
   2936 !
   2937 ! systdg - time series input TWE
   2938  IF (SYSTDG) THEN                                         
   2939     IF (TWETSC=='      ON') THEN
   2940        TWERATIO = (NXTWE1-JDAY)/(NXTWE1-NXTWE2)
   2941        TWE_TS = (1.0-TWERATIO)*TWE_TSNX+TWERATIO*TWE_TSO 
   2942     END IF
   2943  END IF                                     
   2944 ! systdg - time series input TWE
   2945 
   2946 ! Branch related inputs
   2947 
   2948   DO JB=1,NBR
   2949 
   2950 !** Inflow
   2951 
   2952     IF (UP_FLOW(JB)) THEN
   2953       IF (.NOT. INTERNAL_FLOW(JB) .AND. .NOT. DAM_INFLOW(JB)) THEN                                                    !TC 08
   2953 /03/04 RA 1/13/06
   2954         IF (INTERP_INFLOW(JB)) THEN
   2955           QRATIO = (NXQIN1(JB)-JDAY)/(NXQIN1(JB)-NXQIN2(JB))
   2956           TRATIO = (NXTIN1(JB)-JDAY)/(NXTIN1(JB)-NXTIN2(JB))
   2957           IF (INFLOW_CONST(JB))  CRATIO = (NXCIN1(JB)-JDAY)/(NXCIN1(JB)-NXCIN2(JB))
   2958           QIND(JB)                      = (1.0-QRATIO)*QINNX(JB)                  +QRATIO*QINO(JB)
   2959           TIND(JB)                      = (1.0-TRATIO)*TINNX(JB)                  +TRATIO*TINO(JB)
   2960           CIND(INCN(1:NACIN(JB),JB),JB) = (1.0-CRATIO)*CINNX(INCN(1:NACIN(JB),JB),JB)+CRATIO*CINO(INCN(1:NACIN(JB),JB),JB)
   2961 !
   2962 ! systdg - time series input
   2963         IF(SYSTDG)THEN
   2964           IF (DOBND) THEN
   2965             DO_SATJ(JB)= EXP(7.7117 - 1.31403 * (LOG(TIND(JB)+45.93))) * PALT(CUS(JB))
   2966             CIND(NDO,JB)  = CIND(NDO,JB)  * DO_SATJ(JB)

Page 63          Source Listing                  TIME_VARYING_DATA
2026-03-30 08:47                                 ..\..\..\time-varying-data.f90

   2967           END IF
   2968           IF (N2BND) THEN
   2969             EA = DEXP(2.3026D0*(7.5D0*TDEW(WBSEG(CUS(JB)))/(TDEW(WBSEG(CUS(JB)))+237.3D0)+0.6609D0))*0.001316       
   2970    
   2971             N2_SATJ(JB) = (1.5568D06*0.79*(PALT(CUS(JB))-EA)*(1.8816D-5 - 4.116D-7 * TIND(JB) + 4.6D-9 * TIND(JB)*TIND(JB)))
   2972               CIND(NN2,JB) = CIND(NN2,JB) * N2_SATJ(JB)
   2973             END IF
   2974 !
   2975             IF(DGPBND) CIND(NDGP,JB) = CIND(NDGP,JB) * PALT(CUS(JB))
   2976           ENDIF      
   2977 ! systdg - time series input
   2978         END IF
   2979       END IF
   2980     END IF
   2981 
   2982 !** Outflow
   2983 
   2984     IF (DN_FLOW(JB) .AND. NSTR(JB) > 0) THEN
   2985       QRATIO = (NXQOT1(JB)-JDAY)/(NXQOT1(JB)-NXQOT2(JB))
   2986       DO JS=1,NSTR(JB)
   2987         IF (INTERP_OUTFLOW(JS,JB))THEN
   2988             QSTR(JS,JB) = (1.0-QRATIO)*QSTRNX(JS,JB)+QRATIO*QSTRO(JS,JB)
   2989           QSTRSAV(JS,JB) = QSTR(JS,JB)                                                                                !SR 06
   2989 /29/2021
   2990         END IF                                                                                                        !SR 06
   2990 /29/2021
   2991       END DO
   2992     END IF
   2993 
   2994 !** Distributed tributaries
   2995 
   2996     IF (DIST_TRIBS(JB)) THEN
   2997       IF (INTERP_DTRIBS(JB)) THEN
   2998         QRATIO = (NXQDT1(JB)-JDAY)/(NXQDT1(JB)-NXQDT2(JB))
   2999         TRATIO = (NXTDT1(JB)-JDAY)/(NXTDT1(JB)-NXTDT2(JB))
   3000         IF (DTRIB_CONST(JB))   CRATIO = (NXCDT1(JB)-JDAY)/(NXCDT1(JB)-NXCDT2(JB))
   3001         QDTR(JB)                      = (1.0-QRATIO)*QDTRNX(JB)                  +QRATIO*QDTRO(JB)
   3002         TDTR(JB)                      = (1.0-TRATIO)*TDTRNX(JB)                  +TRATIO*TDTRO(JB)
   3003         CDTR(DTCN(1:NACDT(JB),JB),JB) = (1.0-CRATIO)*CDTRNX(DTCN(1:NACDT(JB),JB),JB)+CRATIO*CDTRO(DTCN(1:NACDT(JB),JB),JB)
   3004 !
   3005 ! systdg - time series input
   3006     IF(SYSTDG)THEN        
   3007         IF (DOBND) THEN
   3008             DO_SATD(JB)= EXP(7.7117 - 1.31403 * (LOG(TDTR(JB)+45.93))) * PALT(CUS(JB))
   3009             CDTR(NDO,JB)  = CDTR(NDO,JB)  * DO_SATD(JB)
   3010         END IF
   3011         IF (N2BND) THEN
   3012             EA = DEXP(2.3026D0*(7.5D0*TDEW(WBSEG(CUS(JB)))/(TDEW(WBSEG(CUS(JB)))+237.3D0)+0.6609D0))*0.001316       
   3013             N2_SATD(JB) = (1.5568D06*0.79*(PALT(CUS(JB))-EA)*(1.8816D-5 - 4.116D-7 * TDTR(JB) + 4.6D-9 * TDTR(JB)*TDTR(JB)))
   3014                 CDTR(NN2,JB) = CDTR(NN2,JB) * N2_SATD(JB)
   3015             END IF
   3016 !
   3017             IF(DGPBND) CDTR(NDGP,JB) = CDTR(NDGP,JB) * PALT(CUS(JB))
   3018         ENDIF  
   3019 ! systdg - time series input
   3020       END IF
   3021     END IF

Page 64          Source Listing                  TIME_VARYING_DATA
2026-03-30 08:47                                 ..\..\..\time-varying-data.f90

   3022 
   3023 !** Upstream head
   3024 
   3025     IF (UH_EXTERNAL(JB)) THEN
   3026       IF (INTERP_HEAD(JB)) THEN
   3027         HRATIO   = (NXEUH1(JB)-JDAY)/(NXEUH1(JB)-NXEUH2(JB))
   3028         TRATIO   = (NXTUH1(JB)-JDAY)/(NXTUH1(JB)-NXTUH2(JB))
   3029         IF (CONSTITUENTS) CRATIO = (NXCUH1(JB)-JDAY)/(NXCUH1(JB)-NXCUH2(JB))
   3030         ELUH(JB) = (1.0-HRATIO)*ELUHNX(JB)+HRATIO*ELUHO(JB)
   3031         DO K=2,KMX-1
   3032           TUH(K,JB)           = (1.0-TRATIO)*TUHNX(K,JB)          +TRATIO*TUHO(K,JB)
   3033           CUH(K,CN(1:NAC),JB) = (1.0-CRATIO)*CUHNX(K,CN(1:NAC),JB)+CRATIO*CUHO(K,CN(1:NAC),JB)
   3034         END DO
   3035       END IF
   3036     END IF
   3037 
   3038 !** Downstream head
   3039 
   3040     IF (DH_EXTERNAL(JB)) THEN
   3041       IF (INTERP_HEAD(JB)) THEN
   3042         HRATIO = (NXEDH1(JB)-JDAY)/(NXEDH1(JB)-NXEDH2(JB))
   3043         TRATIO = (NXTDH1(JB)-JDAY)/(NXTDH1(JB)-NXTDH2(JB))
   3044         IF (CONSTITUENTS) CRATIO = (NXCDH1(JB)-JDAY)/(NXCDH1(JB)-NXCDH2(JB))
   3045         ELDH(JB) = (1.0-HRATIO)*ELDHNX(JB)+HRATIO*ELDHO(JB)
   3046         DO K=2,KMX-1
   3047           TDH(K,JB)           = (1.0-TRATIO)*TDHNX(K,JB)          +TRATIO*TDHO(K,JB)
   3048           CDH(K,CN(1:NAC),JB) = (1.0-CRATIO)*CDHNX(K,CN(1:NAC),JB)+CRATIO*CDHO(K,CN(1:NAC),JB)
   3049         END DO
   3050       END IF
   3051     END IF
   3052   END DO
   3053 RETURN
   3054 ENTRY DEALLOCATE_TIME_VARYING_DATA

Page 65          Source Listing                  TIME_VARYING_DATA
2026-03-30 08:47 Entry Points                    ..\..\..\time-varying-data.f90



ENTRY POINTS

 Address      Type  Name                           Address      Type  Name                         
                                                                                                   
       DEALLOCATE_TIME_VARYING_DATA                      READ_INPUT_DATA                           
       INTERPOLATE_INPUTS                                TIME_VARYING_DATA                         


SYMBOL CROSS REFERENCE

 Name                       Object Declared Type            Bytes Dimen Elements Attributes       References                        
                                                                                                                                    
 8710                       Label  1787                                                           1782,1784                         
 8712                       Label  1842                                                           1786                              
 8720                       Label  1868                                                           1863,1865                         
 8722                       Label  1923                                                           1867                              
 8730                       Label  1975                                                           1970,1972                         
 8732                       Label  2030                                                           1974                              
 8810                       Label  2079                                                           2074,2076                         
 8812                       Label  2134                                                           2078                              
 8820                       Label  2156                                                           2151,2153                         
 8822                       Label  2211                                                           2155                              
 8830                       Label  2254                                                           2249,2251                         
 8832                       Label  2309                                                           2253                              
 ACTIVE_RULE_W2SELECTIVE    Local  2339     L(4)            4     2     1        ALC              2339                              
 ADJUSTL                    Func   219                                  scalar                    219,229,245,256,524,557,593,742,77
                                                                                                  5,811,946,1493,1790,1871,1978,2082
                                                                                                  ,2159,2257                        
 AGASGT                     Local  251      R(4)            4     1     1        ALC              251,262,1756,1761                 
 AGASGTNX                   Local  32       R(4)            4     1     1        ALC,SAVE         120,250,251,261,262,1756,1757,1761
                                                                                                  ,1765,3074                        
 AGASSP                     Local  225      R(4)            4     1     1        ALC              225,235,1736,1741                 
 AGASSPNX                   Local  32       R(4)            4     1     1        ALC,SAVE         121,224,225,234,235,1736,1737,1741
                                                                                                  ,1745,3075                        
 ANY                        Func   2757                                 scalar                    2757                              
 AOD380NM                   Local  9        R(8)            8           scalar                    9,168                             
 AOD500NM                   Local  9        R(8)            8           scalar                    9,169                             
 ATMDCN                     Local  9        I(4)            4     2     1        ALC              9,1385,1387,1392,1394,2647,2649   
 ATMDEP                     Local  43       I(4)            4     1     1        ALC,SAVE         118,1377,1378,1380,1382,1385,1387,
                                                                                                  1392,1394,2647,2649,3072          
 ATMDEPCSV                  Local  46       L(4)            4           scalar   SAVE             1381,1384,1391,2646               
 ATMDEPFN                   Local  9        CHAR            72    1     1        ALC              9,1378                            
 ATM_DEPOSITION             Local  9        L(4)            4     1     1        ALC              9,1375,2641,2871                  
 ATM_DEPOSITION_INTERPOLAT                                                                                                          
 ON                         Local  9        CHAR            8     1     1        ALC              9,2871                            
 ATM_DEP_LOADING            Local  9        R(8)            8     2     1        ALC              9,1389,2644,2873                  
 ATM_DEP_LOADING0           Local  33       R(4)            4     2     1        ALC,SAVE         118,1390,2645,2873,3072           
 ATM_DEP_LOADINGNX          Local  33       R(4)            4     2     1        ALC,SAVE         118,126,1385,1387,1389,1390,1392,1
                                                                                                  394,2644,2645,2647,2649,2873,3072 
 A_JUNK                     Local  49       CHAR            70          scalar   SAVE             161,162,163,164,165,166,167,168,16
                                                                                                  9,170                             
 BE                         Local  325      I(4)            4     1     1        ALC              325,735,1570,1637,2063,2730,2731,2
                                                                                                  732,2733,2734,2735,2736,2737,2738,
                                                                                                  2741,2742,2743,2744,2808,2851     
 BGASGT                     Local  242      R(4)            4     1     1        ALC              242,263,1754,1762                 

Page 66          Source Listing                  TIME_VARYING_DATA
2026-03-30 08:47 Symbol Table                    ..\..\..\time-varying-data.f90

 Name                       Object Declared Type            Bytes Dimen Elements Attributes       References                        
                                                                                                                                    
 BGASGTNX                   Local  32       R(4)            4     1     1        ALC,SAVE         120,261,263,1762,1765,3074        
 BGASSP                     Local  216      R(4)            4     1     1        ALC              216,236,1734,1742                 
 BGASSPNX                   Local  32       R(4)            4     1     1        ALC,SAVE         121,234,236,1742,1745,3075        
 BGT                        Local  1420     R(8)            8     1     1        ALC              1420,1424,1445,1449,2665,2669,2899
 BGTNX                      Local  24       R(4)            4     1     1        ALC,SAVE         97,101,1416,1418,1419,1424,1425,14
                                                                                                  27,1440,1443,1444,1449,1450,1452,2
                                                                                                  663,2664,2669,2670,2673,2675,2897,
                                                                                                  2899,3066                         
 BGTO                       Local  1425     R(4)            4     1     1        ALC              1425,1450,2670,2899               
 BP                         Local  1485     R(8)            8     1     1        ALC              1485,2697                         
 BPNX                       Local  32       R(4)            4     1     1        ALC,SAVE         97,101,1484,1485,1486,2697,2698,30
                                                                                                  66                                
 BR_FILEDIR                 Local  742      CHAR            240   1     1        ALC              742,775,811,2082,2159,2257        
 BS                         Local  325      I(4)            4     1     1        ALC              325,735,1570,1637,2063,2730,2731,2
                                                                                                  732,2733,2734,2735,2736,2737,2738,
                                                                                                  2741,2742,2743,2744,2808,2851     
 CC_LW                      Local  9        R(8)            8           scalar                    9,162,173                         
 CC_SW                      Local  9        R(8)            8           scalar                    9,163,174                         
 CDH                        Local  1330     R(8)            8     3     1        ALC              1330,2612,3048                    
 CDHF                       Local  47       I(4)            4     1     1        ALC,SAVE         117,152,1298,1300,1305,1312,1352,1
                                                                                                  359,2616,2623,3071                
 CDHFN                      Local  1294     CHAR            72    1     1        ALC              1294                              
 CDHNX                      Local  36       R(4)            4     3     1        ALC,SAVE         115,125,1308,1313,1315,1330,1331,1
                                                                                                  355,1360,1362,2612,2613,2619,2624,
                                                                                                  2626,3048,3070                    
 CDHO                       Local  36       R(4)            4     3     1        ALC,SAVE         115,1331,2613,3048,3070           
 CDTFN                      Local  1071     CHAR            72    1     1        ALC              1071                              
 CDTR                       Local  1085     R(8)            8     2     1        ALC              1085,1092,1097,1100,2394,2401,2406
                                                                                                  ,2408,3003,3009,3014,3017         
 CDTRNX                     Local  35       R(8)            8     2     1        ALC,SAVE         113,125,1076,1078,1085,1086,1118,1
                                                                                                  120,2394,2395,2415,2417,3003,3069 
 CDTRO                      Local  34       R(8)            8     2     1        ALC,SAVE         112,1086,2395,3003,3069           
 CGASGT                     Local  264      R(4)            4     1     1        ALC              264,1763                          
 CGASGTNX                   Local  32       R(4)            4     1     1        ALC,SAVE         120,261,264,1763,1765,3074        
 CGASSP                     Local  237      R(4)            4     1     1        ALC              237,1743                          
 CGASSPNX                   Local  32       R(4)            4     1     1        ALC,SAVE         121,234,237,1743,1745,3075        
 CIN                        Local  880      R(8)            8     2     1        ALC              880,888,894                       
 CIND                       Local  881      R(8)            8     2     1        ALC              881,889,895,898,2228,2235,2241,224
                                                                                                  3,2960,2966,2972,2975             
 CINFN                      Local  811      CHAR            72    1     1        ALC              811,823,830,833,2257,2262,2272,227
                                                                                                  5,2280,2302,2304                  
 CINNX                      Local  35       R(8)            8     2     1        ALC,SAVE         113,125,126,868,870,880,881,882,91
                                                                                                  6,918,2228,2229,2249,2251,2291,229
                                                                                                  8,2960,3069                       
 CINO                       Local  34       R(8)            8     2     1        ALC,SAVE         112,882,2229,2960,3069            
 CLLB                       Local  192      R(4)            4     1     1        ALC              192,196                           
 CLOUD                      Local  320      R(8)            8     1     1        ALC              320,419,1561,1628,2802,2845       
 CLOUDNX                    Local  24       R(4)            4     1     1        ALC,SAVE         97,101,279,281,289,291,298,300,308
                                                                                                  ,310,320,334,339,341,346,348,354,3
                                                                                                  56,361,363,378,380,388,390,397,399
                                                                                                  ,407,409,419,432,437,439,444,446,4
                                                                                                  52,454,459,461,1561,1562,1581,1583
                                                                                                  ,1588,1590,1598,1600,1605,1607,162
                                                                                                  8,1629,1648,1650,1655,1657,1665,16
                                                                                                  67,1672,1674,2802,2845,3067       

Page 67          Source Listing                  TIME_VARYING_DATA
2026-03-30 08:47 Symbol Table                    ..\..\..\time-varying-data.f90

 Name                       Object Declared Type            Bytes Dimen Elements Attributes       References                        
                                                                                                                                    
 CLOUDO                     Local  26       R(4)            4     1     1        ALC,SAVE         96,100,334,432,1562,1629,2802,2845
                                                                                                  ,3066                             
 CLRB                       Local  192      R(4)            4     1     1        ALC              192,196                           
 CN                         Local  1177     I(4)            4     1     1        ALC              1177,1179,1190,1192,1228,1230,1239
                                                                                                  ,1241,1306,1308,1313,1315,1353,135
                                                                                                  5,1360,1362,2538,2539,2544,2546,25
                                                                                                  52,2554,2612,2613,2617,2619,2624,2
                                                                                                  626,3033,3048                     
 CONSTITUENTS               Local  131      L(4)            4           scalar                    131,132,1162,1225,1292,1350,1374,2
                                                                                                  535,2609,2640,2870,3029,3044      
 CPR                        Local  1004     R(8)            8     2     1        ALC              1004,1010,1015,1018,2461,2467,2472
                                                                                                  ,2474                             
 CPRFN                      Local  992      CHAR            72    1     1        ALC              992                               
 CPRNX                      Local  35       R(8)            8     2     1        ALC,SAVE         113,125,997,999,1004,1037,1039,246
                                                                                                  1,2481,2483,3069                  
 CRATIO                     Local  22       R(8)            8           scalar   SAVE             2912,2915,2957,2960,3000,3003,3029
                                                                                                  ,3033,3044,3048                   
 CTR                        Local  665      R(8)            8     2     1        ALC              665,674,679,682,1948,1955,1961,196
                                                                                                  3,2915,2921,2926,2929             
 CTRFN                      Local  593      CHAR            72    1     1        ALC              593,605,612,616,1978,1983,1993,199
                                                                                                  6,2001,2023,2025                  
 CTRNX                      Local  35       R(8)            8     2     1        ALC,SAVE         113,125,621,623,665,666,702,704,19
                                                                                                  48,1949,1955,1961,1963,1970,1972,2
                                                                                                  012,2019,2915,3069                
 CTRO                       Local  34       R(8)            8     2     1        ALC,SAVE         112,666,1949,2915,3069            
 CUH                        Local  1204     R(8)            8     3     1        ALC              1204,2538,3033                    
 CUHF                       Local  47       I(4)            4     1     1        ALC,SAVE         117,152,1168,1170,1176,1189,1227,1
                                                                                                  238,2543,2551,3071                
 CUHFN                      Local  1164     CHAR            72    1     1        ALC              1164                              
 CUHNX                      Local  36       R(4)            4     3     1        ALC,SAVE         115,125,1179,1190,1192,1204,1205,1
                                                                                                  230,1239,1241,2538,2539,2546,2552,
                                                                                                  2554,3033,3070                    
 CUHO                       Local  36       R(4)            4     3     1        ALC,SAVE         115,1205,2539,3033,3070           
 CUS                        Local  887      I(4)            4     1     1        ALC              887,892,893,898,1009,1013,1014,101
                                                                                                  8,1091,1095,1096,1100,2234,2238,22
                                                                                                  40,2243,2400,2404,2405,2408,2466,2
                                                                                                  470,2471,2474,2965,2969,2971,2975,
                                                                                                  3008,3012,3013,3017               
 DAM_INFLOW                 Local  737      L(4)            4     1     1        ALC              737,902,2068,2953                 
 DEALLOCATE_TIME_VARYING_D                                                                                                          
 TA                         Subr   3054                                                                                             
 DEXP                       Func   677                                  scalar                    677,892,1013,1095,1958,2238,2404,2
                                                                                                  470,2924,2969,3012                
 DGASGT                     Local  265      R(4)            4     1     1        ALC              265,1764                          
 DGASGTNX                   Local  32       R(4)            4     1     1        ALC,SAVE         120,261,265,1764,1765,3074        
 DGASSP                     Local  238      R(4)            4     1     1        ALC              238,1744                          
 DGASSPNX                   Local  32       R(4)            4     1     1        ALC,SAVE         121,234,238,1744,1745,3075        
 DGPBND                     Local  9        L(4)            4           scalar                    9,670,682,898,1018,1100,1963,2243,
                                                                                                  2408,2474,2929,2975,3017          
 DHC                        Local  44       I(4)            4     1     1        ALC,SAVE         108,1293,1294,1296,1303,1306,1313,
                                                                                                  1315,1353,1360,1362,2617,2624,2626
                                                                                                  ,3068                             
 DHE                        Local  43       I(4)            4     1     1        ALC,SAVE         107,1255,1257,1260,1273,1274,1276,
                                                                                                  1334,1336,2579,2581,3067          
 DHT                        Local  44       I(4)            4     1     1        ALC,SAVE         108,1256,1258,1265,1280,1281,1284,

Page 68          Source Listing                  TIME_VARYING_DATA
2026-03-30 08:47 Symbol Table                    ..\..\..\time-varying-data.f90

 Name                       Object Declared Type            Bytes Dimen Elements Attributes       References                        
                                                                                                                                    
                                                                                                  1285,1287,1340,1343,1345,2596,2599
                                                                                                  ,2601,3068                        
 DH_EXTERNAL                Local  1254     L(4)            4     1     1        ALC              1254,2569,3040                    
 DIST_TRIBS                 Local  1043     L(4)            4     1     1        ALC              1043,2354,2996                    
 DN_FLOW                    Local  923      L(4)            4     1     1        ALC              923,2324,2984                     
 DOBND                      Local  9        L(4)            4           scalar                    9,670,672,886,1008,1090,1953,2233,
                                                                                                  2399,2465,2919,2964,3007          
 DO_SAT                     Local  41       R(8)            8     1     1        ALC,SAVE         81,673,674,1954,1955,2920,2921,305
                                                                                                  7                                 
 DO_SATD                    Local  41       R(8)            8     1     1        ALC,SAVE         83,1091,1092,2400,2401,3008,3009,3
                                                                                                  059                               
 DO_SATJ                    Local  41       R(8)            8     1     1        ALC,SAVE         82,887,888,889,2234,2235,2965,2966
                                                                                                  ,3058                             
 DO_SATP                    Local  41       R(8)            8     1     1        ALC,SAVE         84,1009,1010,2466,2467,3060       
 DS                         Local  325      I(4)            4     1     1        ALC              325,1282,1285,1287,1308,1313,1315,
                                                                                                  1341,1343,1345,1355,1360,1362,1570
                                                                                                  ,1637,2597,2599,2601,2619,2624,262
                                                                                                  6,2808,2851                       
 DTC                        Local  44       I(4)            4     1     1        ALC,SAVE         108,1070,1071,1072,1075,1076,1078,
                                                                                                  1118,1120,2415,2417,3068          
 DTCF                       Local  45       L(4)            4     1     1        ALC,SAVE         116,139,1073,1074,1117,2414,3070  
 DTCN                       Local  1076     I(4)            4     2     1        ALC              1076,1078,1118,1120,2394,2395,2415
                                                                                                  ,2417,3003                        
 DTQ                        Local  43       I(4)            4     1     1        ALC,SAVE         107,1044,1046,1049,1052,1053,1055,
                                                                                                  1105,1107,2364,2366,3067          
 DTQF                       Local  45       L(4)            4     1     1        ALC,SAVE         116,147,1050,1051,1104,2363,3073  
 DTRIB_CONST                Local  45       L(4)            4     1     1        ALC,SAVE         116,132,1069,1116,2392,3000,3073  
 DTT                        Local  43       I(4)            4     1     1        ALC,SAVE         108,1045,1047,1057,1060,1061,1063,
                                                                                                  1111,1113,2381,2383,3068          
 DTTF                       Local  45       L(4)            4     1     1        ALC,SAVE         116,146,1058,1059,1110,2380,3073  
 DYNAMIC_SHADE              Local  1526     L(4)            4     1     1        ALC              1526                              
 DYNEF                      Local  45       L(4)            4     1     1        ALC,SAVE         114,145,950,955,2341,3070         
 DYNGTC                     Local  1417     CHAR            8     1     1        ALC              1417,1442,1456,2662,2679,2896     
 DYNPIPE                    Local  1476     CHAR            8     1     1        ALC              1476                              
 DYNPUMP                    Local  1491     CHAR            8     1     1        ALC              1491,2708                         
 DYNPUMPF                   Local  44       I(4)            4     1     1        ALC,SAVE         90,151,1498,1499,2714,3064        
 DYNSTRUC                   Local  943      CHAR            8     1     1        ALC              943,2336                          
 EA                         Local  9        R(8)            8           scalar                    9,677,678,892,893,1013,1014,1095,1
                                                                                                  096,1958,1960,2238,2240,2404,2405,
                                                                                                  2470,2471,2924,2925,2969,2971,3012
                                                                                                  ,3013                             
 EDHF                       Local  47       I(4)            4     1     1        ALC,SAVE         117,152,1262,1272,1333,2578,3071  
 EDHFN                      Local  1257     CHAR            72    1     1        ALC              1257                              
 EGT                        Local  1418     R(8)            8     1     1        ALC              1418,1443,1465,2663,2682,2897     
 EGT2                       Local  1412     R(8)            8     1     1        ALC              1412,1436                         
 EGTO                       Local  1419     R(4)            4     1     1        ALC              1419,1444,2664,2897               
 ELDH                       Local  1326     R(8)            8     1     1        ALC              1326,2574,3045                    
 ELDHNX                     Local  27       R(8)            8     1     1        ALC,SAVE         93,1274,1276,1326,1327,1334,1336,2
                                                                                                  574,2575,2579,2581,3045,3066      
 ELDHO                      Local  23       R(8)            8     1     1        ALC,SAVE         92,1327,2575,3045,3065            
 ELUH                       Local  1200     R(8)            8     1     1        ALC              1200,2497,3030                    
 ELUHNX                     Local  27       R(8)            8     1     1        ALC,SAVE         93,1144,1146,1200,1201,1208,1210,2
                                                                                                  497,2498,2502,2504,3030,3065      
 ELUHO                      Local  23       R(8)            8     1     1        ALC,SAVE         92,1201,2498,3030,3065            
 ELWS_INI                   Local  326      R(8)            8     1     1        ALC              326,424,1571,1638,2809,2852       

Page 69          Source Listing                  TIME_VARYING_DATA
2026-03-30 08:47 Symbol Table                    ..\..\..\time-varying-data.f90

 Name                       Object Declared Type            Bytes Dimen Elements Attributes       References                        
                                                                                                                                    
 EOF                        Func   1787                                 scalar                    1787,1820,1823,1827,1830,1868,1901
                                                                                                  ,1904,1908,1911,1975,2008,2011,201
                                                                                                  5,2018,2079,2112,2115,2119,2122,21
                                                                                                  56,2189,2192,2196,2199,2254,2287,2
                                                                                                  290,2294,2297                     
 EOFFPU                     Local  1504     R(8)            8     1     1        ALC              1504,1511,2712                    
 EOFFPU2                    Local  32       R(4)            4     1     1        ALC,SAVE         114,1501,1504,1506,1508,1511,1513,
                                                                                                  2712,2715,2717,3073               
 EONPU                      Local  1503     R(8)            8     1     1        ALC              1503,1510,2711                    
 EONPU2                     Local  32       R(4)            4     1     1        ALC,SAVE         114,1501,1503,1506,1508,1510,1513,
                                                                                                  2711,2715,2717,3073               
 EPU                        Local  1502     R(8)            8     1     1        ALC              1502,1509,2710                    
 EPU2                       Local  32       R(4)            4     1     1        ALC,SAVE         114,1501,1502,1506,1508,1509,1513,
                                                                                                  2710,2715,2717,3073               
 EQGT                       Local  242      I(4)            4     1     1        ALC              242,252,1754,1759                 
 EQSP                       Local  216      I(4)            4     1     1        ALC              216,226,1734,1739                 
 ESTR                       Local  957      R(4)            4     2     1        ALC              957,960,2339                      
 EUHF                       Local  47       I(4)            4     1     1        ALC,SAVE         117,152,1132,1142,1207,2501,3071  
 EUHFN                      Local  1127     CHAR            72    1     1        ALC              1127                              
 EXH2O                      Local  9        R(8)            8     1     1        ALC              9,482,1698,2867                   
 EXP                        Func   673                                  scalar                    673,887,1009,1091,1954,2234,2400,2
                                                                                                  466,2920,2965,3008                
 EXT                        Local  44       I(4)            4     1     1        ALC,SAVE         109,471,472,473,476,477,479,486,48
                                                                                                  8,1702,1704,3068                  
 EXTF                       Local  45       L(4)            4     1     1        ALC,SAVE         91,150,474,475,485,1701,3068      
 EXTFN                      Local  472      CHAR            72    1     1        ALC              472                               
 EXTNX                      Local  25       R(4)            4     1     1        ALC,SAVE         111,477,479,482,483,486,488,1698,1
                                                                                                  699,1702,1704,2867,3068           
 EXTO                       Local  25       R(4)            4     1     1        ALC,SAVE         111,483,1699,2867,3068            
 FGASGT                     Local  43       I(4)            4     1     1        ALC,SAVE         120,243,248,249,250,254,259,260,26
                                                                                                  1,1757,1765,3074                  
 FGASSP                     Local  43       I(4)            4     1     1        ALC,SAVE         121,217,222,223,224,227,232,233,23
                                                                                                  4,1737,1745,3075                  
 FILE_GAS_GT                Local  48       CHAR            240   1     1        ALC,SAVE         120,247,248,258,259,3074          
 FILE_GAS_SP                Local  48       CHAR            240   1     1        ALC,SAVE         121,221,222,231,232,3075          
 FNMETFILEREG               Local  371      CHAR            160   1     1        ALC              371                               
 FULL_FILE_NAME             Local  66       CHAR            240         scalar   SAVE             524,525,527,528,530,532,533,540,54
                                                                                                  1,557,558,560,561,563,565,566,573,
                                                                                                  574,593,594,596,597,599,601,602,60
                                                                                                  9,610,742,743,745,746,748,750,751,
                                                                                                  758,759,775,776,778,779,781,783,78
                                                                                                  4,791,792,811,812,814,815,817,819,
                                                                                                  820,827,828,1790,1791,1792,1802,18
                                                                                                  03,1871,1872,1873,1883,1884,1978,1
                                                                                                  979,1980,1990,1991,2082,2083,2084,
                                                                                                  2094,2095,2159,2160,2161,2171,2172
                                                                                                  ,2257,2258,2259,2269,2270         
 G1GT                       Local  1421     R(8)            8     1     1        ALC              1421,1446,2666                    
 G2GT                       Local  1422     R(8)            8     1     1        ALC              1422,1447,2667                    
 GASGTC                     Local  9        CHAR            8     1     1        ALC              9,242,252,1754,1759               
 GASSPC                     Local  9        CHAR            8     1     1        ALC              9,216,226,1734,1739               
 GATEF                      Local  46       L(4)            4           scalar   SAVE             151,1403,1406,2672                
 GATES                      Local  1399     L(4)            4           scalar                    1399,2659,2892                    
 GET_LAST_JDAY              Func   65       R(4)            4           scalar                    536,543,569,576,605,612,754,761,78
                                                                                                  7,794,823,830,1795,1805,1876,1886,

Page 70          Source Listing                  TIME_VARYING_DATA
2026-03-30 08:47 Symbol Table                    ..\..\..\time-varying-data.f90

 Name                       Object Declared Type            Bytes Dimen Elements Attributes       References                        
                                                                                                                                    
                                                                                                  1983,1993,2087,2097,2164,2174,2262
                                                                                                  ,2272                             
 GLOBAL                     Module 8                                                              8                                 
 GT2CHAR                    Local  1407     CHAR            8           scalar                    1407,1409,1412,1431,1433          
 GTQ                        Local  37       I(4)            4           scalar   SAVE             1400,1401,1402,1407,1410,1411,1412
                                                                                                  ,1415,1416,1427,1431,1434,1435,143
                                                                                                  6,1439,1440,1452,2673,2675        
 GTZ                        Local  37       I(4)            4           scalar   SAVE             1457,1458,1459,1460,1462,1464,1465
                                                                                                  ,1466,2684                        
 HRATIO                     Local  22       R(8)            8           scalar   SAVE             3027,3030,3042,3045               
 I                          Local  188      I(4)            4           scalar                    188,189,190,192,196,197,206,208,21
                                                                                                  0,212,325,326,423,424,1455,1456,15
                                                                                                  42,1544,1570,1571,1637,1638,2678,2
                                                                                                  679,2808,2809,2851,2852           
 IANG                       Param  192      I(4)            4           scalar                    192,197                           
 IFPORT                     Module 11                                                             11                                
 IMX                        Local  91       I(4)            4           scalar                    91,188,197,206,208,210,212,1542,15
                                                                                                  44                                
 INC                        Local  44       I(4)            4     1     1        ALC,SAVE         108,808,833,864,867,868,870,916,91
                                                                                                  8,2249,2251,2254,2256,2275,2280,22
                                                                                                  81,2285,2286,2287,2288,2290,2291,2
                                                                                                  293,2294,2295,2297,2298,3068      
 INCF                       Local  45       L(4)            4     1     1        ALC,SAVE         116,140,865,866,915,2248,2282,2283
                                                                                                  ,2284,3070                        
 INCN                       Local  868      I(4)            4     2     1        ALC              868,870,916,918,2228,2229,2249,225
                                                                                                  1,2291,2298,2960                  
 INFLOW_CONST               Local  45       L(4)            4     1     1        ALC,SAVE         116,131,807,914,2226,2957,3073    
 INFORMAT                   Local  17       CHAR            1           scalar   SAVE             185,186,202,203,273,274,372,373,47
                                                                                                  3,474,498,499,547,548,580,581,617,
                                                                                                  618,715,716,765,766,798,799,864,86
                                                                                                  5,927,928,949,950,971,972,979,980,
                                                                                                  993,994,1049,1050,1057,1058,1072,1
                                                                                                  073,1130,1131,1260,1261,1380,1381,
                                                                                                  1402,1403,1497,1498,1814,1816,1895
                                                                                                  ,1897,2002,2004,2106,2108,2183,218
                                                                                                  5,2281,2283                       
 INFORMAT2                  Local  18       CHAR            2           scalar   SAVE             1135,1136,1138,1166,1167,1169,1265
                                                                                                  ,1266,1268,1296,1297,1299         
 INFT                       Local  43       I(4)            4     1     1        ALC,SAVE         107,739,797,798,801,802,804,909,91
                                                                                                  1,2151,2153,2156,2158,2177,2182,21
                                                                                                  83,2187,2188,2189,2190,2192,2193,2
                                                                                                  195,2196,2197,2199,2200,3067      
 INPUT_FILE_EXISTS          Local  67       L(4)            4           scalar   SAVE             157,158,525,526,530,558,559,563,59
                                                                                                  4,595,599,743,744,748,776,777,781,
                                                                                                  812,813,817                       
 INQ                        Local  43       I(4)            4     1     1        ALC,SAVE         107,738,764,765,768,769,771,904,90
                                                                                                  6,2074,2076,2079,2081,2100,2105,21
                                                                                                  06,2110,2111,2112,2113,2115,2116,2
                                                                                                  118,2119,2120,2122,2123,3067      
 INQF                       Local  45       L(4)            4     1     1        ALC,SAVE         116,148,766,767,903,2073,2107,2108
                                                                                                  ,2109,3073                        
 INTERNAL_FLOW              Local  737      L(4)            4     1     1        ALC              737,902,2068,2953                 
 INTERPOLATE_INPUTS         Subr   2772                                                                                             
 INTERP_DTRIBS              Local  2997     L(4)            4     1     1        ALC              2997                              
 INTERP_EXTINCTION          Local  2865     L(4)            4     1     1        ALC              2865                              

Page 71          Source Listing                  TIME_VARYING_DATA
2026-03-30 08:47 Symbol Table                    ..\..\..\time-varying-data.f90

 Name                       Object Declared Type            Bytes Dimen Elements Attributes       References                        
                                                                                                                                    
 INTERP_GATE                Local  2895     L(4)            4     1     1        ALC              2895                              
 INTERP_HEAD                Local  3026     L(4)            4     1     1        ALC              3026,3041                         
 INTERP_INFLOW              Local  2954     L(4)            4     1     1        ALC              2954                              
 INTERP_METEOROLOGY         Local  2777     L(4)            4     1     1        ALC              2777,2820                         
 INTERP_OUTFLOW             Local  2987     L(4)            4     2     1        ALC              2987                              
 INTERP_TRIBS               Local  2909     L(4)            4     1     1        ALC              2909                              
 INTERP_WITHDRAWAL          Local  2884     L(4)            4     1     1        ALC              2884                              
 INTF                       Local  45       L(4)            4     1     1        ALC,SAVE         116,149,799,800,908,2150,2184,2185
                                                                                                  ,2186,3073                        
 IOPENPIPE                  Local  37       I(4)            4           scalar   SAVE             1474,1477,1481,2695               
 ITER                       Local  64       I(4)            4           scalar   SAVE             1796,1798,1799,1807,1879,1880,1888
                                                                                                  ,1986,1987,1995,2088,2090,2091,209
                                                                                                  9,2167,2168,2176,2265,2266,2274   
 ITR                        Local  9        I(4)            4     1     1        ALC              9,673,677,678,682,1954,1958,1960,1
                                                                                                  963,2920,2924,2925,2929           
 I_LWAT                     Local  9        I(4)            4           scalar                    9,161,175                         
 I_SW                       Local  9        I(4)            4           scalar                    9,164,176                         
 J                          Local  42       I(4)            4           scalar   SAVE             189,192,197,952,953,957,958,960,96
                                                                                                  1,1461,1462,1465,1466,1475,1476,14
                                                                                                  84,1486,1490,1491,1492,1495,1496,1
                                                                                                  497,1498,1499,1500,1501,1502,1503,
                                                                                                  1504,1505,1506,1508,1509,1510,1511
                                                                                                  ,1512,1513,2338,2339,2342,2344,268
                                                                                                  1,2682,2684,2698,2707,2708,2709,27
                                                                                                  10,2711,2712,2713,2714,2715,2717,2
                                                                                                  721                               
 JAC                        Local  42       I(4)            4           scalar   SAVE             621,623,702,704,997,999,1037,1039,
                                                                                                  1076,1078,1118,1120,1177,1178,1179
                                                                                                  ,1185,1190,1192,1228,1229,1230,123
                                                                                                  6,1239,1241,1306,1307,1308,1311,13
                                                                                                  13,1315,1353,1354,1355,1358,1360,1
                                                                                                  362,1385,1387,1392,1394,1970,1972,
                                                                                                  2012,2019,2249,2251,2291,2298,2415
                                                                                                  ,2417,2481,2483,2544,2545,2546,255
                                                                                                  0,2552,2554,2617,2618,2619,2622,26
                                                                                                  24,2626,2647,2649                 
 JB                         Local  735      I(4)            4           scalar                    735,736,737,738,739,741,742,752,75
                                                                                                  4,756,760,761,764,765,766,767,768,
                                                                                                  769,771,774,775,785,787,789,793,79
                                                                                                  4,797,798,799,800,801,802,804,807,
                                                                                                  808,810,811,821,823,825,829,830,83
                                                                                                  3,864,865,866,867,868,870,874,875,
                                                                                                  876,877,878,879,880,881,882,887,88
                                                                                                  8,889,892,893,894,895,898,902,903,
                                                                                                  904,906,908,909,911,914,915,916,91
                                                                                                  8,923,924,925,926,927,928,929,930,
                                                                                                  931,932,933,934,936,937,938,939,94
                                                                                                  1,943,944,945,948,949,950,951,953,
                                                                                                  955,956,957,958,960,961,967,968,96
                                                                                                  9,970,971,972,973,974,975,977,979,
                                                                                                  980,981,982,983,985,990,991,992,99
                                                                                                  3,994,995,996,997,999,1002,1003,10
                                                                                                  04,1009,1010,1013,1014,1015,1018,1
                                                                                                  022,1023,1025,1028,1029,1031,1035,
                                                                                                  1036,1037,1039,1043,1044,1045,1046

Page 72          Source Listing                  TIME_VARYING_DATA
2026-03-30 08:47 Symbol Table                    ..\..\..\time-varying-data.f90

 Name                       Object Declared Type            Bytes Dimen Elements Attributes       References                        
                                                                                                                                    
                                                                                                  ,1047,1049,1050,1051,1052,1053,105
                                                                                                  5,1057,1058,1059,1060,1061,1063,10
                                                                                                  69,1070,1071,1072,1073,1074,1075,1
                                                                                                  076,1078,1081,1082,1083,1084,1085,
                                                                                                  1086,1091,1092,1095,1096,1097,1100
                                                                                                  ,1104,1105,1107,1110,1111,1113,111
                                                                                                  6,1117,1118,1120,1124,1125,1126,11
                                                                                                  27,1128,1130,1132,1135,1137,1139,1
                                                                                                  142,1143,1144,1146,1149,1150,1151,
                                                                                                  1152,1153,1154,1155,1157,1163,1164
                                                                                                  ,1166,1168,1170,1173,1176,1177,117
                                                                                                  9,1189,1190,1192,1200,1201,1202,12
                                                                                                  03,1204,1205,1207,1208,1210,1215,1
                                                                                                  216,1217,1218,1219,1221,1227,1228,
                                                                                                  1230,1238,1239,1241,1254,1255,1256
                                                                                                  ,1257,1258,1260,1262,1265,1267,126
                                                                                                  9,1272,1273,1274,1276,1279,1280,12
                                                                                                  81,1282,1283,1284,1285,1287,1293,1
                                                                                                  294,1296,1298,1300,1303,1305,1306,
                                                                                                  1308,1312,1313,1315,1326,1327,1328
                                                                                                  ,1329,1330,1331,1333,1334,1336,133
                                                                                                  9,1340,1341,1342,1343,1345,1352,13
                                                                                                  53,1355,1359,1360,1362,2063,2067,2
                                                                                                  068,2069,2070,2071,2072,2073,2074,
                                                                                                  2076,2079,2080,2081,2082,2085,2087
                                                                                                  ,2092,2096,2097,2099,2100,2101,210
                                                                                                  2,2104,2105,2106,2107,2108,2109,21
                                                                                                  10,2111,2112,2113,2115,2116,2118,2
                                                                                                  119,2120,2122,2123,2127,2129,2142,
                                                                                                  2146,2147,2148,2149,2150,2151,2153
                                                                                                  ,2156,2157,2158,2159,2162,2164,216
                                                                                                  9,2173,2174,2176,2177,2178,2179,21
                                                                                                  81,2182,2183,2184,2185,2186,2187,2
                                                                                                  188,2189,2190,2192,2193,2195,2196,
                                                                                                  2197,2199,2200,2204,2206,2222,2226
                                                                                                  ,2227,2228,2229,2234,2235,2238,224
                                                                                                  0,2241,2243,2247,2248,2249,2251,22
                                                                                                  54,2255,2256,2257,2260,2262,2267,2
                                                                                                  271,2272,2274,2275,2276,2277,2279,
                                                                                                  2280,2281,2282,2283,2284,2285,2286
                                                                                                  ,2287,2288,2290,2291,2293,2294,229
                                                                                                  5,2297,2298,2302,2304,2317,2324,23
                                                                                                  25,2326,2327,2328,2329,2330,2332,2
                                                                                                  334,2336,2337,2339,2341,2342,2344,
                                                                                                  2347,2349,2354,2358,2359,2360,2361
                                                                                                  ,2363,2364,2366,2371,2375,2376,237
                                                                                                  7,2378,2380,2381,2383,2388,2392,23
                                                                                                  93,2394,2395,2400,2401,2404,2405,2
                                                                                                  406,2408,2413,2414,2415,2417,2420,
                                                                                                  2427,2428,2429,2431,2432,2434,2439
                                                                                                  ,2443,2444,2445,2447,2448,2450,245
                                                                                                  5,2459,2460,2461,2466,2467,2470,24
                                                                                                  71,2472,2474,2479,2480,2481,2483,2
                                                                                                  486,2492,2496,2497,2498,2499,2501,
                                                                                                  2502,2504,2508,2512,2514,2515,2517

Page 73          Source Listing                  TIME_VARYING_DATA
2026-03-30 08:47 Symbol Table                    ..\..\..\time-varying-data.f90

 Name                       Object Declared Type            Bytes Dimen Elements Attributes       References                        
                                                                                                                                    
                                                                                                  ,2519,2520,2521,2522,2523,2525,253
                                                                                                  1,2536,2538,2539,2541,2543,2544,25
                                                                                                  46,2551,2552,2554,2563,2569,2573,2
                                                                                                  574,2575,2576,2578,2579,2581,2585,
                                                                                                  2589,2591,2592,2594,2595,2596,2597
                                                                                                  ,2598,2599,2601,2605,2610,2612,261
                                                                                                  3,2615,2616,2617,2619,2623,2624,26
                                                                                                  26,2635,2948,2952,2953,2954,2955,2
                                                                                                  956,2957,2958,2959,2960,2965,2966,
                                                                                                  2969,2971,2972,2975,2984,2985,2986
                                                                                                  ,2987,2988,2989,2996,2997,2998,299
                                                                                                  9,3000,3001,3002,3003,3008,3009,30
                                                                                                  12,3013,3014,3017,3025,3026,3027,3
                                                                                                  028,3029,3030,3032,3033,3040,3041,
                                                                                                  3042,3043,3044,3045,3047,3048     
 JC                         Local  868      I(4)            4           scalar                    868,870,916,918                   
 JDAY                       Local  533      R(8)            8           scalar                    533,537,538,541,566,570,571,574,60
                                                                                                  2,606,607,610,751,755,756,759,784,
                                                                                                  788,789,792,820,824,825,828,1539,1
                                                                                                  550,1617,1697,1716,1735,1740,1755,
                                                                                                  1760,1776,1792,1797,1800,1803,1836
                                                                                                  ,1838,1858,1873,1878,1881,1884,191
                                                                                                  7,1919,1947,1980,1985,1988,1991,20
                                                                                                  24,2026,2045,2069,2084,2089,2092,2
                                                                                                  095,2128,2130,2146,2161,2166,2169,
                                                                                                  2172,2205,2207,2227,2259,2264,2267
                                                                                                  ,2270,2303,2305,2325,2337,2358,237
                                                                                                  5,2393,2427,2443,2460,2496,2512,25
                                                                                                  36,2573,2589,2610,2642,2660,2680,2
                                                                                                  696,2709,2778,2821,2866,2872,2882,
                                                                                                  2893,2910,2911,2912,2940,2955,2956
                                                                                                  ,2957,2985,2998,2999,3000,3027,302
                                                                                                  8,3029,3042,3043,3044             
 JG                         Local  42       I(4)            4           scalar   SAVE             1412,1416,1427,1436,1440,1452,2673
                                                                                                  ,2675,2894,2895,2896,2897,2899    
 JJG                        Local  43       I(4)            4     1     1        ALC,SAVE         115,1462,1465,1466,2682,2684,3071 
 JJS                        Local  43       I(4)            4     1     1        ALC,SAVE         115,953,957,958,960,961,2339,2342,
                                                                                                  2344,3070                         
 JS                         Local  42       I(4)            4           scalar   SAVE             931,934,936,939,2330,2332,2986,298
                                                                                                  7,2988,2989                       
 JT                         Local  42       I(4)            4           scalar   SAVE             519,520,521,523,524,534,536,538,54
                                                                                                  2,543,546,547,548,549,550,551,553,
                                                                                                  556,557,567,569,571,575,576,579,58
                                                                                                  0,581,582,583,584,586,589,590,592,
                                                                                                  593,603,605,607,611,612,616,617,61
                                                                                                  8,619,620,621,623,671,673,674,677,
                                                                                                  678,679,682,689,690,691,693,695,69
                                                                                                  6,698,700,701,702,704,1773,1776,17
                                                                                                  77,1778,1779,1781,1782,1784,1787,1
                                                                                                  788,1789,1790,1793,1795,1800,1804,
                                                                                                  1805,1807,1808,1809,1810,1812,1813
                                                                                                  ,1814,1815,1816,1817,1818,1819,182
                                                                                                  0,1821,1823,1824,1826,1827,1828,18
                                                                                                  30,1831,1835,1837,1855,1858,1859,1
                                                                                                  860,1861,1862,1863,1865,1868,1869,

Page 74          Source Listing                  TIME_VARYING_DATA
2026-03-30 08:47 Symbol Table                    ..\..\..\time-varying-data.f90

 Name                       Object Declared Type            Bytes Dimen Elements Attributes       References                        
                                                                                                                                    
                                                                                                  1870,1871,1874,1876,1881,1885,1886
                                                                                                  ,1888,1889,1890,1891,1893,1894,189
                                                                                                  5,1896,1897,1898,1899,1900,1901,19
                                                                                                  02,1904,1905,1907,1908,1909,1911,1
                                                                                                  912,1916,1918,1942,1946,1947,1948,
                                                                                                  1949,1954,1955,1958,1960,1961,1963
                                                                                                  ,1968,1969,1970,1972,1975,1976,197
                                                                                                  7,1978,1981,1983,1988,1992,1993,19
                                                                                                  95,1996,1997,1998,2000,2001,2002,2
                                                                                                  003,2004,2005,2006,2007,2008,2009,
                                                                                                  2011,2012,2014,2015,2016,2018,2019
                                                                                                  ,2023,2025,2037,2908,2909,2910,291
                                                                                                  1,2912,2913,2914,2915,2920,2921,29
                                                                                                  24,2925,2926,2929                 
 JW                         Local  270      I(4)            4           scalar                    270,271,272,273,274,276,277,278,27
                                                                                                  9,281,283,284,285,287,288,289,291,
                                                                                                  295,296,297,298,300,302,303,304,30
                                                                                                  6,307,308,310,316,317,318,319,320,
                                                                                                  323,324,325,326,328,330,331,332,33
                                                                                                  3,334,337,338,339,341,343,345,346,
                                                                                                  348,352,353,354,356,358,360,361,36
                                                                                                  3,369,370,371,372,373,375,376,377,
                                                                                                  378,380,382,383,384,386,387,388,39
                                                                                                  0,394,395,396,397,399,401,402,403,
                                                                                                  405,406,407,409,415,416,417,418,41
                                                                                                  9,421,422,423,424,426,428,429,430,
                                                                                                  431,432,435,436,437,439,441,443,44
                                                                                                  4,446,450,451,452,454,456,458,459,
                                                                                                  461,469,470,471,472,473,474,475,47
                                                                                                  6,477,479,482,483,485,486,488,502,
                                                                                                  503,504,505,507,509,510,511,512,51
                                                                                                  4,734,735,966,1375,1377,1378,1380,
                                                                                                  1382,1385,1387,1392,1394,1549,1550
                                                                                                  ,1551,1552,1553,1554,1555,1556,155
                                                                                                  9,1560,1561,1562,1563,1567,1568,15
                                                                                                  69,1570,1571,1577,1578,1579,1580,1
                                                                                                  581,1583,1585,1587,1588,1590,1594,
                                                                                                  1595,1596,1597,1598,1600,1602,1604
                                                                                                  ,1605,1607,1616,1617,1618,1619,162
                                                                                                  0,1621,1622,1623,1626,1627,1628,16
                                                                                                  29,1630,1634,1635,1636,1637,1638,1
                                                                                                  644,1645,1646,1647,1648,1650,1652,
                                                                                                  1654,1655,1657,1661,1662,1663,1664
                                                                                                  ,1665,1667,1669,1671,1672,1674,169
                                                                                                  0,1691,1695,1696,1697,1698,1699,17
                                                                                                  00,1701,1702,1704,2062,2063,2426,2
                                                                                                  641,2642,2643,2647,2649,2652,2728,
                                                                                                  2729,2730,2731,2732,2733,2734,2735
                                                                                                  ,2736,2737,2738,2740,2741,2742,274
                                                                                                  3,2744,2776,2777,2778,2779,2780,27
                                                                                                  82,2783,2785,2786,2788,2789,2790,2
                                                                                                  791,2793,2801,2802,2806,2807,2808,
                                                                                                  2809,2815,2819,2820,2821,2822,2823
                                                                                                  ,2825,2826,2828,2829,2831,2832,283
                                                                                                  3,2834,2836,2844,2845,2849,2850,28

Page 75          Source Listing                  TIME_VARYING_DATA
2026-03-30 08:47 Symbol Table                    ..\..\..\time-varying-data.f90

 Name                       Object Declared Type            Bytes Dimen Elements Attributes       References                        
                                                                                                                                    
                                                                                                  51,2852,2858,2864,2865,2866,2867,2
                                                                                                  871,2872,2873                     
 JWD                        Local  42       I(4)            4           scalar   SAVE             1718,1719,1720,1723,1725,2883,2884
                                                                                                  ,2885,2886                        
 K                          Local  42       I(4)            4           scalar   SAVE             1155,1157,1190,1192,1219,1221,1239
                                                                                                  ,1241,1285,1287,1313,1315,1343,134
                                                                                                  5,1360,1362,2513,2514,2515,2523,25
                                                                                                  25,2537,2538,2539,2552,2554,2590,2
                                                                                                  591,2592,2599,2601,2611,2612,2613,
                                                                                                  2624,2626,3031,3032,3033,3046,3047
                                                                                                  ,3048                             
 KB                         Local  1152     I(4)            4     1     1        ALC              1152,1155,1157,1179,1190,1192,1217
                                                                                                  ,1219,1221,1230,1239,1241,1282,128
                                                                                                  5,1287,1308,1313,1315,1341,1343,13
                                                                                                  45,1355,1360,1362,2521,2523,2525,2
                                                                                                  546,2552,2554,2597,2599,2601,2619,
                                                                                                  2624,2626                         
 KINETIC                    Module 9                                                              9                                 
 KMX                        Local  112      I(4)            4           scalar                    112,113,115,2513,2537,2590,2611,30
                                                                                                  31,3046                           
 L                          Local  37       I(4)            4           scalar   SAVE             220,221,230,231,246,247,257,258,94
                                                                                                  7,948,1494,1496                   
 LAST_JDAY                  Local  65       R(4)            4           scalar   SAVE             536,537,538,543,569,570,571,576,60
                                                                                                  5,606,607,612,754,755,756,761,787,
                                                                                                  788,789,794,823,824,825,830,1795,1
                                                                                                  797,1798,1800,1805,1807,1810,1812,
                                                                                                  1820,1827,1876,1878,1879,1881,1886
                                                                                                  ,1888,1891,1893,1901,1908,1983,198
                                                                                                  5,1986,1988,1993,1995,1998,2000,20
                                                                                                  08,2015,2087,2089,2090,2092,2097,2
                                                                                                  099,2102,2104,2112,2119,2164,2166,
                                                                                                  2167,2169,2174,2176,2179,2181,2189
                                                                                                  ,2196,2262,2264,2265,2267,2272,227
                                                                                                  4,2277,2279,2287,2294             
 LEN_TRIM                   Func   220                                  scalar                    220,230,246,257,947,1494          
 LOG                        Func   673                                  scalar                    673,887,1009,1091,1954,2234,2400,2
                                                                                                  466,2920,2965,3008                
 LOGICC                     Module 8                                                              8                                 
 MAIN                       Module 9                                                              9                                 
 MET                        Local  44       I(4)            4     1     1        ALC,SAVE         98,102,271,272,273,278,279,281,288
                                                                                                  ,289,291,297,298,300,307,308,310,3
                                                                                                  39,341,346,348,354,356,361,363,370
                                                                                                  ,371,372,377,378,380,387,388,390,3
                                                                                                  96,397,399,406,407,409,437,439,444
                                                                                                  ,446,452,454,459,461,1581,1583,158
                                                                                                  8,1590,1598,1600,1605,1607,1648,16
                                                                                                  50,1655,1657,1665,1667,1672,1674,3
                                                                                                  068                               
 METF                       Local  45       L(4)            4     1     1        ALC,SAVE         96,100,144,274,277,287,296,306,338
                                                                                                  ,345,353,360,373,376,386,395,405,4
                                                                                                  36,443,451,458,1580,1587,1597,1604
                                                                                                  ,1647,1654,1664,1671,3070         
 METFILEREGION              Module 12                                                             12                                
 METFN                      Local  272      CHAR            72    1     1        ALC              272                               
 METREGEND                  Local  423      I(4)            4     1     1        ALC              423                               

Page 76          Source Listing                  TIME_VARYING_DATA
2026-03-30 08:47 Symbol Table                    ..\..\..\time-varying-data.f90

 Name                       Object Declared Type            Bytes Dimen Elements Attributes       References                        
                                                                                                                                    
 METREGSTART                Local  423      I(4)            4     1     1        ALC              423                               
 METREGWB                   Local  375      I(4)            4     1     1        ALC              375,376,386,394,395,405,435,436,44
                                                                                                  3,450,451,458,1644,1647,1654,1661,
                                                                                                  1664,1671,2820,2858               
 MET_REGIONS                Local  95       L(4)            4           scalar                    95,269,1548,1685,2775             
 MIN                        Func   1687                                 scalar                    1687,1691,1729,1855,1942,2037,2055
                                                                                                  ,2142,2222,2317,2347,2349,2371,238
                                                                                                  8,2420,2439,2455,2486,2508,2531,25
                                                                                                  63,2585,2605,2635,2652,2686,2690,2
                                                                                                  700,2721                          
 MODSYSTDG                  Module 10                                                             10                                
 N                          Local  64       I(4)            4           scalar   SAVE             215,216,217,218,221,222,223,224,22
                                                                                                  5,226,227,228,231,232,233,234,235,
                                                                                                  236,237,238,241,242,243,244,247,24
                                                                                                  8,249,250,251,252,254,255,258,259,
                                                                                                  260,261,262,263,264,265,1733,1734,
                                                                                                  1735,1736,1737,1739,1740,1741,1742
                                                                                                  ,1743,1744,1745,1753,1754,1755,175
                                                                                                  6,1757,1759,1760,1761,1762,1763,17
                                                                                                  64,1765                           
 N2BND                      Local  9        L(4)            4           scalar                    9,670,676,891,1012,1094,1957,2237,
                                                                                                  2403,2469,2923,2968,3011          
 N2_SAT                     Local  41       R(8)            8     1     1        ALC,SAVE         81,678,679,1960,1961,2925,2926,305
                                                                                                  7                                 
 N2_SATD                    Local  41       R(8)            8     1     1        ALC,SAVE         83,1096,1097,2405,2406,3013,3014,3
                                                                                                  059                               
 N2_SATJ                    Local  41       R(8)            8     1     1        ALC,SAVE         82,893,894,895,2240,2241,2971,2972
                                                                                                  ,3058                             
 N2_SATP                    Local  41       R(8)            8     1     1        ALC,SAVE         84,1014,1015,2471,2472,3060       
 NAC                        Local  74       I(4)            4           scalar                    74,1177,1178,1185,1228,1229,1236,1
                                                                                                  306,1307,1311,1353,1354,1358,2538,
                                                                                                  2539,2544,2545,2550,2612,2613,2617
                                                                                                  ,2618,2622,3033,3048              
 NACATD                     Local  9        I(4)            4     1     1        ALC              9,1385,1387,1392,1394,2647,2649   
 NACDT                      Local  132      I(4)            4     1     1        ALC              132,1076,1078,1118,1120,2394,2395,
                                                                                                  2415,2417,3003                    
 NACIN                      Local  131      I(4)            4     1     1        ALC              131,868,870,916,918,2228,2229,2249
                                                                                                  ,2251,2291,2298,2960              
 NACPR                      Local  132      I(4)            4     1     1        ALC              132,997,999,1037,1039,2461,2481,24
                                                                                                  83                                
 NACTR                      Local  131      I(4)            4     1     1        ALC              131,621,623,702,704,1948,1949,1970
                                                                                                  ,1972,2012,2019,2915              
 NAMESC                     Module 8                                                              8                                 
 NBR                        Local  82       I(4)            4           scalar                    82,83,84,86,87,88,89,90,91,92,93,9
                                                                                                  6,100,107,108,109,112,113,114,115,
                                                                                                  116,117,2948                      
 NCT                        Local  77       I(4)            4           scalar                    77,112,113,115,118                
 NDGP                       Local  9        I(4)            4           scalar                    9,682,898,1018,1100,1963,2243,2408
                                                                                                  ,2474,2929,2975,3017              
 NDO                        Local  9        I(4)            4           scalar                    9,674,888,889,1010,1092,1955,2235,
                                                                                                  2401,2467,2921,2966,3009          
 NGT                        Local  97       I(4)            4           scalar                    97,101,115,120,241,1412,1416,1427,
                                                                                                  1436,1440,1452,1455,1753,2673,2675
                                                                                                  ,2678,2894,3074                   
 NJJ                        Local  37       I(4)            4           scalar   SAVE             1460,1461,1465,1466,2681,2684     

Page 77          Source Listing                  TIME_VARYING_DATA
2026-03-30 08:47 Symbol Table                    ..\..\..\time-varying-data.f90

 Name                       Object Declared Type            Bytes Dimen Elements Attributes       References                        
                                                                                                                                    
 NJS                        Local  37       I(4)            4           scalar   SAVE             951,952,957,958,960,961,2338,2342,
                                                                                                  2344                              
 NMET                       Local  1686     I(4)            4           scalar                    1686,1687                         
 NMETFILEREGIONS            Local  95       I(4)            4           scalar                    95,96,97,98,369,1616,1686,2819    
 NN2                        Local  9        I(4)            4           scalar                    9,679,894,895,1015,1097,1961,2241,
                                                                                                  2406,2472,2926,2972,3014          
 NOPEN                      Local  1525     I(4)            4           scalar                    1525                              
 NO_HEAT                    Local  2752     L(4)            4     1     1        ALC              2752                              
 NO_INFLOW                  Local  2729     L(4)            4     1     1        ALC              2729,2757                         
 NO_OUTFLOW                 Local  2740     L(4)            4     1     1        ALC              2740                              
 NO_WIND                    Local  2747     L(4)            4     1     1        ALC              2747                              
 NPI                        Local  97       I(4)            4           scalar                    97,101,1475,1484,1486,2698        
 NPT                        Local  42       I(4)            4           scalar   SAVE             182,183,200,217,227,243,254,271,37
                                                                                                  0,471,496,520,521,590,713,738,739,
                                                                                                  808,925,944,967,968,991,1044,1045,
                                                                                                  1070,1125,1126,1163,1255,1256,1293
                                                                                                  ,1377,1400,1457,1482,1495,1525,152
                                                                                                  7                                 
 NPU                        Local  90       I(4)            4           scalar                    90,114,1490,2707                  
 NSP                        Local  121      I(4)            4           scalar                    121,215,1733,3075                 
 NST                        Local  91       I(4)            4           scalar                    91,112,114,115                    
 NSTR                       Local  924      I(4)            4     1     1        ALC              924,931,934,936,939,2324,2326,2327
                                                                                                  ,2330,2332,2334,2984,2986         
 NTR                        Local  81       I(4)            4           scalar                    81,86,88,92,93,107,112,113,116,519
                                                                                                  ,661,662,663,664,665,666,671,689,1
                                                                                                  773,2907,2908                     
 NUNIT                      Local  159      I(4)            4           scalar                    159,160,161,162,163,164,165,166,16
                                                                                                  7,168,169,170,171,182,1527        
 NWB                        Local  91       I(4)            4           scalar                    91,95,100,101,102,109,111,118,270,
                                                                                                  469,734,1549,1690,1695,2062,2728,2
                                                                                                  776,2864                          
 NWD                        Local  92       I(4)            4           scalar                    92,93,495,502,503,507,509,510,514,
                                                                                                  516,1715,1718,1723,1725,1727,2881,
                                                                                                  2883                              
 NXATMD                     Local  25       R(4)            4     1     1        ALC,SAVE         118,1392,1394,2642,2643,2647,2649,
                                                                                                  2652,2872,3072                    
 NXATMD2                    Local  25       R(4)            4     1     1        ALC,SAVE         118,1385,1387,2643,2872,3072      
 NXATMDEP                   Local  32       R(4)            4     1     1        ALC,SAVE         109,126,3072                      
 NXCDH1                     Local  29       R(4)            4     1     1        ALC,SAVE         87,124,1353,1360,1362,2610,2615,26
                                                                                                  17,2624,2626,2635,3044,3063       
 NXCDH2                     Local  31       R(4)            4     1     1        ALC,SAVE         90,1306,1313,1315,2615,3044,3064  
 NXCDT1                     Local  28       R(4)            4     1     1        ALC,SAVE         86,124,1118,1120,2393,2413,2415,24
                                                                                                  17,2420,3000,3062                 
 NXCDT2                     Local  30       R(4)            4     1     1        ALC,SAVE         89,1076,1078,2413,3000,3064       
 NXCIN1                     Local  28       R(4)            4     1     1        ALC,SAVE         86,123,916,918,2227,2247,2249,2251
                                                                                                  ,2276,2286,2287,2288,2291,2293,229
                                                                                                  4,2295,2298,2317,2957,3062        
 NXCIN2                     Local  30       R(4)            4     1     1        ALC,SAVE         88,868,870,2247,2274,2279,2957,306
                                                                                                  3                                 
 NXCPR1                     Local  29       R(4)            4     1     1        ALC,SAVE         87,124,1037,1039,2460,2479,2481,24
                                                                                                  83,2486,3062                      
 NXCPR2                     Local  31       R(4)            4     1     1        ALC,SAVE         89,997,999,2479,3064              
 NXCTR1                     Local  28       R(4)            4     1     1        ALC,SAVE         86,123,702,704,1947,1968,1970,1972
                                                                                                  ,1997,2007,2008,2009,2012,2014,201
                                                                                                  5,2016,2019,2037,2912,3062        

Page 78          Source Listing                  TIME_VARYING_DATA
2026-03-30 08:47 Symbol Table                    ..\..\..\time-varying-data.f90

 Name                       Object Declared Type            Bytes Dimen Elements Attributes       References                        
                                                                                                                                    
 NXCTR2                     Local  30       R(4)            4     1     1        ALC,SAVE         88,621,623,1968,1995,2000,2912,306
                                                                                                  3                                 
 NXCUH1                     Local  29       R(4)            4     1     1        ALC,SAVE         87,124,1228,1239,1241,2536,2541,25
                                                                                                  44,2552,2554,2563,3029,3063       
 NXCUH2                     Local  31       R(4)            4     1     1        ALC,SAVE         89,1177,1190,1192,2541,3029,3064  
 NXDYNS                     Local  28       R(4)            4     1     1        ALC,SAVE         91,957,958,960,961,2337,2342,2344,
                                                                                                  2347,3070                         
 NXEDH1                     Local  29       R(4)            4     1     1        ALC,SAVE         87,124,1334,1336,2573,2576,2579,25
                                                                                                  81,2585,3042,3063                 
 NXEDH2                     Local  31       R(4)            4     1     1        ALC,SAVE         89,1274,1276,2576,3042,3064       
 NXEGT                      Local  28       R(4)            4     1     1        ALC,SAVE         115,1466,2682,2684,3071           
 NXESTRT                    Local  33       R(4)            4     2     1        ALC,SAVE         91,958,961,2339,2342,2344,3070    
 NXEUH1                     Local  29       R(4)            4     1     1        ALC,SAVE         87,124,1208,1210,2496,2499,2502,25
                                                                                                  04,2508,3027,3062                 
 NXEUH2                     Local  31       R(4)            4     1     1        ALC,SAVE         89,1144,1146,2499,3027,3064       
 NXEXT1                     Local  25       R(4)            4     1     1        ALC,SAVE         111,486,488,1697,1700,1702,1704,28
                                                                                                  66,3069                           
 NXEXT2                     Local  25       R(4)            4     1     1        ALC,SAVE         111,477,479,1700,2866,3069        
 NXGTDO                     Local  30       R(4)            4     1     1        ALC,SAVE         120,250,261,1755,1757,1760,1765,30
                                                                                                  74                                
 NXMET1                     Local  29       R(4)            4     1     1        ALC,SAVE         98,102,125,339,341,346,348,354,356
                                                                                                  ,361,363,437,439,444,446,452,454,4
                                                                                                  59,461,1550,1563,1581,1583,1588,15
                                                                                                  90,1598,1600,1605,1607,1617,1630,1
                                                                                                  648,1650,1655,1657,1665,1667,1672,
                                                                                                  1674,1687,1691,2778,2821,3063     
 NXMET2                     Local  31       R(4)            4     1     1        ALC,SAVE         98,102,279,281,289,291,298,300,308
                                                                                                  ,310,378,380,388,390,397,399,407,4
                                                                                                  09,1563,1630,2778,2821,3064       
 NXPR1                      Local  29       R(4)            4     1     1        ALC,SAVE         87,123,1023,1025,2427,2429,2432,24
                                                                                                  34,2439,3062                      
 NXPR2                      Local  31       R(4)            4     1     1        ALC,SAVE         89,975,977,2429,3064              
 NXPUMP                     Local  32       R(4)            4     1     1        ALC,SAVE         114,1501,1506,1508,1513,2709,2715,
                                                                                                  2717,2721,3073                    
 NXQDT1                     Local  28       R(4)            4     1     1        ALC,SAVE         86,123,1105,1107,2358,2361,2364,23
                                                                                                  66,2371,2998,3062                 
 NXQDT2                     Local  30       R(4)            4     1     1        ALC,SAVE         88,1053,1055,2361,2998,3063       
 NXQGT                      Local  20       R(4)            4           scalar   SAVE             1427,1452,2660,2661,2673,2675,2690
                                                                                                  ,2893                             
 NXQGT2                     Local  19       R(4)            4           scalar   SAVE             1416,1440,2661,2893               
 NXQIN1                     Local  28       R(4)            4     1     1        ALC,SAVE         86,123,904,906,2069,2072,2074,2076
                                                                                                  ,2101,2111,2112,2113,2116,2118,211
                                                                                                  9,2120,2123,2142,2955,3062        
 NXQIN2                     Local  30       R(4)            4     1     1        ALC,SAVE         88,769,771,2072,2099,2104,2955,306
                                                                                                  3                                 
 NXQOT1                     Local  29       R(4)            4     1     1        ALC,SAVE         88,125,934,939,2325,2328,2330,2332
                                                                                                  ,2349,2985,3063                   
 NXQOT2                     Local  31       R(4)            4     1     1        ALC,SAVE         90,931,936,2328,2985,3064         
 NXQPT                      Local  20       R(4)            4           scalar   SAVE             1484,1486,2696,2698,2700          
 NXQTR1                     Local  28       R(4)            4     1     1        ALC,SAVE         86,123,691,693,1776,1779,1782,1784
                                                                                                  ,1809,1819,1820,1821,1824,1826,182
                                                                                                  7,1828,1831,1855,2910,3062        
 NXQTR2                     Local  30       R(4)            4     1     1        ALC,SAVE         88,551,553,1779,1807,1812,2910,306
                                                                                                  3                                 
 NXQWD1                     Local  20       R(4)            4           scalar   SAVE             507,514,1716,1717,1723,1725,1729,2

Page 79          Source Listing                  TIME_VARYING_DATA
2026-03-30 08:47 Symbol Table                    ..\..\..\time-varying-data.f90

 Name                       Object Declared Type            Bytes Dimen Elements Attributes       References                        
                                                                                                                                    
                                                                                                  882                               
 NXQWD2                     Local  20       R(4)            4           scalar   SAVE             502,509,1717,2882                 
 NXSPDO                     Local  30       R(4)            4     1     1        ALC,SAVE         121,224,234,1735,1737,1740,1745,30
                                                                                                  75                                
 NXTDH1                     Local  29       R(4)            4     1     1        ALC,SAVE         87,124,1340,1343,1345,2589,2594,25
                                                                                                  96,2599,2601,2605,3043,3063       
 NXTDH2                     Local  31       R(4)            4     1     1        ALC,SAVE         90,1281,1285,1287,2594,3043,3064  
 NXTDT1                     Local  28       R(4)            4     1     1        ALC,SAVE         86,123,1111,1113,2375,2378,2381,23
                                                                                                  83,2388,2999,3062                 
 NXTDT2                     Local  30       R(4)            4     1     1        ALC,SAVE         89,1061,1063,2378,2999,3063       
 NXTIN1                     Local  28       R(4)            4     1     1        ALC,SAVE         86,123,909,911,2146,2149,2151,2153
                                                                                                  ,2178,2188,2189,2190,2193,2195,219
                                                                                                  6,2197,2200,2222,2956,3062        
 NXTIN2                     Local  30       R(4)            4     1     1        ALC,SAVE         88,802,804,2149,2176,2181,2956,306
                                                                                                  3                                 
 NXTPR1                     Local  29       R(4)            4     1     1        ALC,SAVE         87,124,1029,1031,2443,2445,2448,24
                                                                                                  50,2455,3062                      
 NXTPR2                     Local  31       R(4)            4     1     1        ALC,SAVE         89,983,985,2445,3064              
 NXTTR1                     Local  28       R(4)            4     1     1        ALC,SAVE         86,123,696,698,1858,1861,1863,1865
                                                                                                  ,1890,1900,1901,1902,1905,1907,190
                                                                                                  8,1909,1912,1942,2911,3062        
 NXTTR2                     Local  30       R(4)            4     1     1        ALC,SAVE         88,584,586,1861,1888,1893,2911,306
                                                                                                  3                                 
 NXTUH1                     Local  29       R(4)            4     1     1        ALC,SAVE         87,124,1216,1219,1221,2512,2517,25
                                                                                                  20,2523,2525,2531,3028,3062       
 NXTUH2                     Local  31       R(4)            4     1     1        ALC,SAVE         89,1151,1155,1157,2517,3028,3064  
 NXTVD                      Dummy  20       R(4)            4           scalar   ARG,INOUT        1535,1687,1691,1729,1855,1942,2037
                                                                                                  ,2055,2142,2222,2317,2347,2349,237
                                                                                                  1,2388,2420,2439,2455,2486,2508,25
                                                                                                  31,2563,2585,2605,2635,2652,2686,2
                                                                                                  690,2700,2721                     
 NXTWE1                     Local  38       R(8)            8           scalar   SAVE             127,726,728,2045,2048,2050,2052,20
                                                                                                  55,2940                           
 NXTWE2                     Local  38       R(8)            8           scalar   SAVE             719,721,2048,2940                 
 NXWSC                      Local  21       R(4)            4           scalar   SAVE             126,206,208,210,212,1539,1542,1544
 NXZGT                      Local  20       R(4)            4           scalar   SAVE             1465,1466,2680,2684,2686          
 ODYNS                      Local  44       I(4)            4     1     1        ALC,SAVE         91,944,948,949,951,953,956,957,958
                                                                                                  ,960,961,2342,2344,3070           
 OTQ                        Local  44       I(4)            4     1     1        ALC,SAVE         109,925,926,927,930,931,934,936,93
                                                                                                  9,2330,2332,3068                  
 OTQF                       Local  45       L(4)            4     1     1        ALC,SAVE         116,133,928,929,2329,3073         
 PALT                       Local  326      R(8)            8     1     1        ALC              326,424,673,678,682,887,893,898,10
                                                                                                  09,1014,1018,1091,1096,1100,1571,1
                                                                                                  638,1954,1960,1963,2234,2240,2243,
                                                                                                  2400,2405,2408,2466,2471,2474,2809
                                                                                                  ,2852,2920,2925,2929,2965,2971,297
                                                                                                  5,3008,3013,3017                  
 PALT_JW                    Local  323      R(8)            8     1     1        ALC              323,324,326,421,422,424,1567,1569,
                                                                                                  1571,1634,1636,1638,2806,2807,2809
                                                                                                  ,2849,2850,2852                   
 PALT_JWNX                  Local  24       R(4)            4     1     1        ALC,SAVE         96,100,279,281,289,291,323,328,339
                                                                                                  ,341,346,348,378,380,388,390,421,4
                                                                                                  26,437,439,444,446,1567,1568,1581,
                                                                                                  1583,1588,1590,1634,1635,1648,1650
                                                                                                  ,1655,1657,2806,2849,3066         

Page 80          Source Listing                  TIME_VARYING_DATA
2026-03-30 08:47 Symbol Table                    ..\..\..\time-varying-data.f90

 Name                       Object Declared Type            Bytes Dimen Elements Attributes       References                        
                                                                                                                                    
 PALT_JWO                   Local  26       R(4)            4     1     1        ALC,SAVE         96,100,328,426,1568,1635,2806,2849
                                                                                                  ,3066                             
 PHI                        Local  319      R(8)            8     1     1        ALC              319,418,1555,1622,2789,2791,2793,2
                                                                                                  832,2834,2836                     
 PHINX                      Local  24       R(4)            4     1     1        ALC,SAVE         97,101,279,281,289,291,298,300,308
                                                                                                  ,310,319,333,339,341,346,348,354,3
                                                                                                  56,361,363,378,380,388,390,397,399
                                                                                                  ,407,409,418,431,437,439,444,446,4
                                                                                                  52,454,459,461,1555,1556,1581,1583
                                                                                                  ,1588,1590,1598,1600,1605,1607,162
                                                                                                  2,1623,1648,1650,1655,1657,1665,16
                                                                                                  67,1672,1674,2785,2786,2788,2789,2
                                                                                                  790,2791,2793,2828,2829,2831,2832,
                                                                                                  2833,2834,2836,3067               
 PHIO                       Local  26       R(4)            4     1     1        ALC,SAVE         96,100,333,431,1556,1623,2782,2783
                                                                                                  ,2788,2789,2790,2791,2793,2825,282
                                                                                                  6,2831,2832,2833,2834,2836,3066   
 PI                         Local  2782     R(8)            8           scalar                    2782,2783,2785,2786,2788,2789,2790
                                                                                                  ,2791,2825,2826,2828,2829,2831,283
                                                                                                  2,2833,2834                       
 PIPED                      Local  37       I(4)            4           scalar   SAVE             1482,1483,1484,1486,2698          
 PIPES                      Local  1473     L(4)            4           scalar                    1473,2695                         
 PR                         Local  1002     R(8)            8     1     1        ALC              1002,2428,2737                    
 PRC                        Local  44       I(4)            4     1     1        ALC,SAVE         108,991,992,993,996,997,999,1037,1
                                                                                                  039,2481,2483,3068                
 PRCF                       Local  45       L(4)            4     1     1        ALC,SAVE         91,141,994,995,1036,2480,3070     
 PRCN                       Local  997      I(4)            4     2     1        ALC              997,999,1037,1039,2461,2481,2483  
 PRE                        Local  43       I(4)            4     1     1        ALC,SAVE         107,967,969,971,974,975,977,1023,1
                                                                                                  025,2432,2434,3067                
 PRECIPITATION              Local  966      L(4)            4     1     1        ALC              966,2426                          
 PRECIP_CONST               Local  45       L(4)            4     1     1        ALC,SAVE         116,132,990,1035,2459,3073        
 PREFN                      Local  969      CHAR            72    1     1        ALC              969                               
 PRINT_ERROR_AND_STOP       Subr   69                                                             534,542,567,575,603,611,752,760,78
                                                                                                  5,793,821,829,1793,1804,1874,1885,
                                                                                                  1981,1992,2085,2096,2162,2173,2260
                                                                                                  ,2271                             
 PRNX                       Local  27       R(8)            8     1     1        ALC,SAVE         93,975,977,1002,1023,1025,2428,243
                                                                                                  2,2434,2738,3065                  
 PRQF                       Local  45       L(4)            4     1     1        ALC,SAVE         91,143,972,973,1022,2431,3070     
 PRT                        Local  44       I(4)            4     1     1        ALC,SAVE         108,968,970,979,982,983,985,1029,1
                                                                                                  031,2448,2450,3068                
 PRTF                       Local  45       L(4)            4     1     1        ALC,SAVE         91,142,980,981,1028,2447,3070     
 PUMPD                      Local  43       I(4)            4     1     1        ALC,SAVE         114,1495,1496,1497,1500,1501,1506,
                                                                                                  1508,1513,2715,2717,3073          
 PUMPS                      Local  9        L(4)            4           scalar                    9,1489,2705                       
 QDTFN                      Local  1046     CHAR            72    1     1        ALC              1046                              
 QDTR                       Local  1081     R(8)            8     1     1        ALC              1081,2359,2734,3001               
 QDTRNX                     Local  27       R(8)            8     1     1        ALC,SAVE         93,1053,1055,1081,1082,1105,1107,2
                                                                                                  359,2360,2364,2366,2736,3001,3065 
 QDTRO                      Local  23       R(8)            8     1     1        ALC,SAVE         92,1082,2360,2735,3001,3065       
 QGTFN                      Local  1401     CHAR            72          scalar                    1401                              
 QIN                        Local  874      R(8)            8     1     1        ALC              874,2730                          
 QIND                       Local  875      R(8)            8     1     1        ALC              875,2070,2732,2958                
 QINFN                      Local  742      CHAR            72    1     1        ALC              742,754,761,764,2082,2087,2097,210
                                                                                                  0,2105,2127,2129                  

Page 81          Source Listing                  TIME_VARYING_DATA
2026-03-30 08:47 Symbol Table                    ..\..\..\time-varying-data.f90

 Name                       Object Declared Type            Bytes Dimen Elements Attributes       References                        
                                                                                                                                    
 QINNX                      Local  27       R(8)            8     1     1        ALC,SAVE         96,100,126,769,771,874,875,876,904
                                                                                                  ,906,2070,2071,2074,2076,2116,2123
                                                                                                  ,2733,2958,3066                   
 QINO                       Local  23       R(8)            8     1     1        ALC,SAVE         92,876,2071,2731,2958,3065        
 QOTFN                      Local  926      CHAR            72    1     1        ALC              926                               
 QOUTNX                     Local  35       R(8)            8     2     1        ALC,SAVE         113,3069                          
 QOUTO                      Local  34       R(8)            8     2     1        ALC,SAVE         112,3069                          
 QPU                        Local  1505     R(8)            8     1     1        ALC              1505,1512,2713                    
 QPU2                       Local  32       R(4)            4     1     1        ALC,SAVE         114,1501,1505,1506,1508,1512,1513,
                                                                                                  2713,2715,2717,3073               
 QRATIO                     Local  22       R(8)            8           scalar   SAVE             2882,2885,2893,2897,2899,2910,2913
                                                                                                  ,2955,2958,2985,2988,2998,3001    
 QSTR                       Local  932      R(8)            8     2     1        ALC              932,937,941,2326,2334,2741,2988,29
                                                                                                  89                                
 QSTRNX                     Local  35       R(8)            8     2     1        ALC,SAVE         114,125,931,932,933,934,936,937,93
                                                                                                  8,939,2326,2327,2330,2332,2743,298
                                                                                                  8,3070                            
 QSTRO                      Local  34       R(8)            8     2     1        ALC,SAVE         112,933,938,2327,2742,2988,3069   
 QSTRSAV                    Local  941      R(8)            8     2     1        ALC              941,2334,2744,2989                
 QTR                        Local  661      R(8)            8     1     1        ALC              661,1777,2758,2913                
 QTRFN                      Local  524      CHAR            72    1     1        ALC              524,536,543,546,1790,1795,1805,180
                                                                                                  8,1813,1835,1837                  
 QTRNX                      Local  27       R(8)            8     1     1        ALC,SAVE         93,551,553,661,662,691,693,1777,17
                                                                                                  78,1782,1784,1824,1831,2760,2913,3
                                                                                                  066                               
 QTRO                       Local  23       R(8)            8     1     1        ALC,SAVE         92,662,1778,2759,2913,3065        
 QWD                        Local  504      R(8)            8     1     1        ALC              504,511,516,1719,1727,2761,2885,28
                                                                                                  86                                
 QWDFN                      Local  497      CHAR            72          scalar                    497                               
 QWDNX                      Local  27       R(8)            8     1     1        ALC,SAVE         93,502,504,505,507,509,511,512,514
                                                                                                  ,1719,1720,1723,1725,2763,2885,306
                                                                                                  6                                 
 QWDO                       Local  23       R(8)            8     1     1        ALC,SAVE         92,505,512,1720,2762,2885,3065    
 QWDSAV                     Local  516      R(8)            8     1     1        ALC              516,1727,2764,2886                
 R8                         Param  22       I(4)            4           scalar                    22,23,27,34,35,38,41              
 RATIO                      Local  22       R(8)            8           scalar   SAVE             2778,2779,2780,2789,2791,2793,2801
                                                                                                  ,2802,2806,2815,2821,2822,2823,283
                                                                                                  2,2834,2836,2844,2845,2849,2858,28
                                                                                                  66,2867,2872,2873                 
 READ_EXTINCTION            Local  470      L(4)            4     1     1        ALC              470,1696,2865                     
 READ_INPUT_DATA            Subr   1534                                                                                             
 READ_RADIATION             Local  276      L(4)            4     1     1        ALC              276,295,337,352,375,394,435,450,15
                                                                                                  77,1594,1644,1661,2752,2815,2858  
 REFL                       Param  283      R(8)            8           scalar                    283,302,343,358,382,401,441,456,15
                                                                                                  85,1602,1652,1669                 
 RESULT1                    Local  64       I(4)            4           scalar   SAVE             532,534,540,542,565,567,573,575,60
                                                                                                  1,603,609,611,750,752,758,760,783,
                                                                                                  785,791,793,819,821,827,829,1791,1
                                                                                                  793,1802,1804,1872,1874,1883,1885,
                                                                                                  1979,1981,1990,1992,2083,2085,2094
                                                                                                  ,2096,2160,2162,2171,2173,2258,226
                                                                                                  0,2269,2271                       
 SCREENC                    Module 8                                                              8                                 
 SEGNUM                     Local  9        CHAR            72          scalar                    9,218,219,220,221,228,229,230,231,
                                                                                                  244,245,246,247,255,256,257,258,94

Page 82          Source Listing                  TIME_VARYING_DATA
2026-03-30 08:47 Symbol Table                    ..\..\..\time-varying-data.f90

 Name                       Object Declared Type            Bytes Dimen Elements Attributes       References                        
                                                                                                                                    
                                                                                                  5,946,947,948,1492,1493,1494,1496 
 SELWC                      Module 8                                                              8                                 
 SHADE                      Local  199      R(8)            8     1     1        ALC              199                               
 SHADEC                     Module 9                                                              9                                 
 SHADEI                     Local  189      R(4)            4     1     1        ALC              189,190,192,196,199,1526          
 SHD                        Local  37       I(4)            4           scalar   SAVE             183,184,185,187,189,191,192,196   
 SHDFN                      Local  184      CHAR            72          scalar                    184                               
 SLEEPQQ                    Subr   529                                                            529,539,562,572,598,608,747,757,78
                                                                                                  0,790,816,826,1801,1882,1989,2093,
                                                                                                  2170,2268                         
 SRFJD1                     Local  192      R(4)            4     1     1        ALC              192,197                           
 SRFJD2                     Local  192      R(4)            4     1     1        ALC              192,197                           
 SRLB1                      Local  192      R(4)            4     1     1        ALC              192,196                           
 SRLB2                      Local  192      R(4)            4     1     1        ALC              192,196                           
 SRON                       Local  284      R(8)            8     1     1        ALC              284,285,303,304,383,384,402,403,15
                                                                                                  78,1579,1595,1596,1645,1646,1662,1
                                                                                                  663,2753,2815,2858                
 SRONX                      Local  24       R(4)            4     1     1        ALC,SAVE         97,101,279,281,283,284,298,300,302
                                                                                                  ,303,339,341,343,354,356,358,378,3
                                                                                                  80,382,383,397,399,401,402,437,439
                                                                                                  ,441,452,454,456,1578,1581,1583,15
                                                                                                  85,1595,1598,1600,1602,1645,1648,1
                                                                                                  650,1652,1662,1665,1667,1669,2755,
                                                                                                  2815,2858,3067                    
 SROO                       Local  26       R(4)            4     1     1        ALC,SAVE         96,100,285,304,384,403,1579,1596,1
                                                                                                  646,1663,2754,2815,2858,3066      
 SRRB1                      Local  192      R(4)            4     1     1        ALC              192,196                           
 SRRB2                      Local  192      R(4)            4     1     1        ALC              192,196                           
 STRUCTURES                 Module 8                                                              8                                 
 SURFHE                     Module 8                                                              8                                 
 SW_ALBEDO                  Local  9        R(8)            8           scalar                    9,165                             
 SW_BA                      Local  9        R(8)            8           scalar                    9,166                             
 SW_K1                      Local  9        R(8)            8           scalar                    9,167                             
 SYSTDG                     Local  9        L(4)            4           scalar                    9,275,322,336,374,420,434,669,711,
                                                                                                  885,1007,1089,1565,1632,1952,2043,
                                                                                                  2232,2398,2464,2804,2847,2918,2938
                                                                                                  ,2963,3006                        
 SYSTEMQQ                   Func   532      L(4)            4           scalar                    532,540,565,573,601,609,750,758,78
                                                                                                  3,791,819,827,1791,1802,1872,1883,
                                                                                                  1979,1990,2083,2094,2160,2171,2258
                                                                                                  ,2269                             
 TAIR                       Local  316      R(8)            8     1     1        ALC              316,415,1559,1626,2801,2844       
 TAIRNX                     Local  24       R(4)            4     1     1        ALC,SAVE         96,100,279,281,289,291,298,300,308
                                                                                                  ,310,316,330,339,341,346,348,354,3
                                                                                                  56,361,363,378,380,388,390,397,399
                                                                                                  ,407,409,415,428,437,439,444,446,4
                                                                                                  52,454,459,461,1559,1560,1581,1583
                                                                                                  ,1588,1590,1598,1600,1605,1607,162
                                                                                                  6,1627,1648,1650,1655,1657,1665,16
                                                                                                  67,1672,1674,2801,2844,3066       
 TAIRO                      Local  26       R(4)            4     1     1        ALC,SAVE         96,100,330,428,1560,1627,2801,2844
                                                                                                  ,3066                             
 TDEW                       Local  317      R(8)            8     1     1        ALC              317,416,677,892,1013,1095,1551,161
                                                                                                  8,1958,2238,2404,2470,2779,2822,29
                                                                                                  24,2969,3012                      

Page 83          Source Listing                  TIME_VARYING_DATA
2026-03-30 08:47 Symbol Table                    ..\..\..\time-varying-data.f90

 Name                       Object Declared Type            Bytes Dimen Elements Attributes       References                        
                                                                                                                                    
 TDEWNX                     Local  24       R(4)            4     1     1        ALC,SAVE         97,101,279,281,289,291,298,300,308
                                                                                                  ,310,317,331,339,341,346,348,354,3
                                                                                                  56,361,363,378,380,388,390,397,399
                                                                                                  ,407,409,416,429,437,439,444,446,4
                                                                                                  52,454,459,461,1551,1552,1581,1583
                                                                                                  ,1588,1590,1598,1600,1605,1607,161
                                                                                                  8,1619,1648,1650,1655,1657,1665,16
                                                                                                  67,1672,1674,2779,2822,3067       
 TDEWO                      Local  26       R(4)            4     1     1        ALC,SAVE         96,100,331,429,1552,1619,2779,2822
                                                                                                  ,3066                             
 TDGAS                      Module 10                                                             10                                
 TDH                        Local  1328     R(8)            8     2     1        ALC              1328,2591,3047                    
 TDHF                       Local  47       I(4)            4     1     1        ALC,SAVE         117,152,1267,1269,1279,1283,1339,1
                                                                                                  342,2595,2598,3071                
 TDHFN                      Local  1258     CHAR            72    1     1        ALC              1258                              
 TDHNX                      Local  35       R(8)            8     2     1        ALC,SAVE         113,1282,1285,1287,1328,1329,1341,
                                                                                                  1343,1345,2591,2592,2597,2599,2601
                                                                                                  ,3047,3070                        
 TDHO                       Local  34       R(8)            8     2     1        ALC,SAVE         112,1329,2592,3047,3069           
 TDTFN                      Local  1047     CHAR            72    1     1        ALC              1047                              
 TDTR                       Local  1083     R(8)            8     1     1        ALC              1083,1091,1096,2376,2400,2405,3002
                                                                                                  ,3008,3013                        
 TDTRNX                     Local  27       R(8)            8     1     1        ALC,SAVE         93,1061,1063,1083,1084,1111,1113,2
                                                                                                  376,2377,2381,2383,3002,3065      
 TDTRO                      Local  23       R(8)            8     1     1        ALC,SAVE         92,1084,2377,3002,3065            
 TIME_BUFFER                Local  537      I(4)            4           scalar                    537,570,606,755,788,824,1797,1878,
                                                                                                  1985,2089,2166,2264               
 TIME_VARYING_DATA          Subr   7                                                                                                
 TIN                        Local  877      R(8)            8     1     1        ALC              877,887,893                       
 TIND                       Local  878      R(8)            8     1     1        ALC              878,2147,2234,2240,2959,2965,2971 
 TINFN                      Local  775      CHAR            72    1     1        ALC              775,787,794,797,2159,2164,2174,217
                                                                                                  7,2182,2204,2206                  
 TINNX                      Local  27       R(8)            8     1     1        ALC,SAVE         96,100,126,802,804,877,878,879,909
                                                                                                  ,911,2147,2148,2151,2153,2193,2200
                                                                                                  ,2959,3066                        
 TINO                       Local  23       R(8)            8     1     1        ALC,SAVE         92,879,2148,2959,3065             
 TMEND                      Local  9        R(4)            4           scalar                    9,537,538,570,571,606,607,755,756,
                                                                                                  788,789,824,825,1797,1798,1800,180
                                                                                                  7,1809,1810,1878,1879,1881,1888,18
                                                                                                  90,1891,1985,1986,1988,1995,1997,1
                                                                                                  998,2089,2090,2092,2099,2101,2102,
                                                                                                  2166,2167,2169,2176,2178,2179,2264
                                                                                                  ,2265,2267,2274,2276,2277         
 TOPO                       Local  192      R(4)            4     2     1        ALC              192,197                           
 TPR                        Local  1003     R(8)            8     1     1        ALC              1003,1009,1014,2444,2466,2471     
 TPRFN                      Local  970      CHAR            72    1     1        ALC              970                               
 TPRNX                      Local  27       R(8)            8     1     1        ALC,SAVE         93,983,985,1003,1029,1031,2444,244
                                                                                                  8,2450,3065                       
 TRATIO                     Local  22       R(8)            8           scalar   SAVE             2911,2914,2956,2959,2999,3002,3028
                                                                                                  ,3032,3043,3047                   
 TRC                        Local  43       I(4)            4     1     1        ALC,SAVE         107,590,616,617,620,621,623,702,70
                                                                                                  4,1970,1972,1975,1977,1996,2001,20
                                                                                                  02,2006,2007,2008,2009,2011,2012,2
                                                                                                  014,2015,2016,2018,2019,3067      
 TRCF                       Local  45       L(4)            4     1     1        ALC,SAVE         116,136,618,619,701,1969,2003,2004

Page 84          Source Listing                  TIME_VARYING_DATA
2026-03-30 08:47 Symbol Table                    ..\..\..\time-varying-data.f90

 Name                       Object Declared Type            Bytes Dimen Elements Attributes       References                        
                                                                                                                                    
                                                                                                  ,2005,3073                        
 TRCN                       Local  621      I(4)            4     2     1        ALC              621,623,702,704,1948,1949,1970,197
                                                                                                  2,2012,2019,2915                  
 TRIBUTARIES                Local  518      L(4)            4           scalar                    518,1772                          
 TRIB_CONST                 Local  45       L(4)            4     1     1        ALC,SAVE         116,131,589,700,1946,2912,3073    
 TRIM                       Func   524                                  scalar                    524,525,527,528,530,532,533,540,54
                                                                                                  1,557,558,560,561,563,565,566,573,
                                                                                                  574,593,594,596,597,599,601,602,60
                                                                                                  9,610,742,743,745,746,748,750,751,
                                                                                                  758,759,775,776,778,779,781,783,78
                                                                                                  4,791,792,811,812,814,815,817,819,
                                                                                                  820,827,828,1790,1791,1792,1802,18
                                                                                                  03,1871,1872,1873,1883,1884,1978,1
                                                                                                  979,1980,1990,1991,2082,2083,2084,
                                                                                                  2094,2095,2159,2160,2161,2171,2172
                                                                                                  ,2257,2258,2259,2269,2270         
 TRQ                        Local  43       I(4)            4     1     1        ALC,SAVE         107,520,546,547,550,551,553,691,69
                                                                                                  3,1782,1784,1787,1789,1808,1813,18
                                                                                                  14,1818,1819,1820,1821,1823,1824,1
                                                                                                  826,1827,1828,1830,1831,3067      
 TRQF                       Local  45       L(4)            4     1     1        ALC,SAVE         116,137,548,549,690,1781,1815,1816
                                                                                                  ,1817,3073                        
 TRT                        Local  43       I(4)            4     1     1        ALC,SAVE         107,521,579,580,583,584,586,696,69
                                                                                                  8,1863,1865,1868,1870,1889,1894,18
                                                                                                  95,1899,1900,1901,1902,1904,1905,1
                                                                                                  907,1908,1909,1911,1912,3067      
 TRTF                       Local  45       L(4)            4     1     1        ALC,SAVE         116,138,581,582,695,1862,1896,1897
                                                                                                  ,1898,3073                        
 TR_FILEDIR                 Local  524      CHAR            240   1     1        ALC              524,557,593,1790,1871,1978        
 TTLB                       Local  192      R(4)            4     1     1        ALC              192,196                           
 TTR                        Local  663      R(8)            8     1     1        ALC              663,673,678,1859,1954,1960,2914,29
                                                                                                  20,2925                           
 TTRB                       Local  192      R(4)            4     1     1        ALC              192,196                           
 TTRFN                      Local  557      CHAR            72    1     1        ALC              557,569,576,579,1871,1876,1886,188
                                                                                                  9,1894,1916,1918                  
 TTRNX                      Local  27       R(8)            8     1     1        ALC,SAVE         93,584,586,663,664,696,698,1859,18
                                                                                                  60,1863,1865,1905,1912,2914,3066  
 TTRO                       Local  23       R(8)            8     1     1        ALC,SAVE         92,664,1860,2914,3065             
 TUH                        Local  1202     R(8)            8     2     1        ALC              1202,2514,3032                    
 TUHF                       Local  47       I(4)            4     1     1        ALC,SAVE         117,152,1137,1139,1149,1153,1215,1
                                                                                                  218,2519,2522,3071                
 TUHFN                      Local  1128     CHAR            72    1     1        ALC              1128                              
 TUHNX                      Local  35       R(8)            8     2     1        ALC,SAVE         113,1152,1155,1157,1202,1203,1217,
                                                                                                  1219,1221,2514,2515,2521,2523,2525
                                                                                                  ,3032,3070                        
 TUHO                       Local  34       R(8)            8     2     1        ALC,SAVE         112,1203,2515,3032,3069           
 TVDC                       Module 8                                                              8                                 
 TWEF                       Local  40       L(4)            4           scalar   SAVE             128,716,717,725,2049              
 TWEFN                      Local  10       CHAR            72          scalar                    10,714                            
 TWEFNNO                    Local  39       I(4)            4           scalar   SAVE             713,714,715,718,719,721,726,728,20
                                                                                                  50,2052                           
 TWERATIO                   Local  38       R(8)            8           scalar   SAVE             2940,2941                         
 TWETSC                     Local  10       CHAR            8           scalar                    10,712,2044,2939                  
 TWE_TS                     Local  10       R(8)            8           scalar                    10,723,2046,2941                  
 TWE_TSNX                   Local  38       R(8)            8           scalar   SAVE             127,719,721,723,724,726,728,2046,2

Page 85          Source Listing                  TIME_VARYING_DATA
2026-03-30 08:47 Symbol Table                    ..\..\..\time-varying-data.f90

 Name                       Object Declared Type            Bytes Dimen Elements Attributes       References                        
                                                                                                                                    
                                                                                                  047,2050,2052,2941                
 TWE_TSO                    Local  38       R(8)            8           scalar   SAVE             724,2047,2941                     
 TZONE                      Local  9        I(4)            4           scalar                    9,170                             
 UHC                        Local  44       I(4)            4     1     1        ALC,SAVE         108,1163,1164,1166,1173,1177,1190,
                                                                                                  1192,1228,1239,1241,2544,2552,2554
                                                                                                  ,3068                             
 UHE                        Local  43       I(4)            4     1     1        ALC,SAVE         107,1125,1127,1130,1143,1144,1146,
                                                                                                  1208,1210,2502,2504,3067          
 UHT                        Local  44       I(4)            4     1     1        ALC,SAVE         108,1126,1128,1135,1150,1151,1154,
                                                                                                  1155,1157,1216,1219,1221,2520,2523
                                                                                                  ,2525,3068                        
 UH_EXTERNAL                Local  1124     L(4)            4     1     1        ALC              1124,2492,3025                    
 UP_FLOW                    Local  736      L(4)            4     1     1        ALC              736,2067,2952                     
 US                         Local  325      I(4)            4     1     1        ALC              325,1152,1155,1157,1179,1190,1192,
                                                                                                  1217,1219,1221,1230,1239,1241,1570
                                                                                                  ,1637,2521,2523,2525,2546,2552,255
                                                                                                  4,2808,2851                       
 W2ERR                      Local  1835     I(4)            4           scalar                    1835,1916,2023,2127,2204,2302     
 WAIT_FOR_BRANCH_INPUT      Local  741      L(4)            4     1     1        ALC              741,774,810,2080,2157,2255        
 WAIT_FOR_TRIB_INPUT        Local  523      L(4)            4     1     1        ALC              523,556,592,1788,1869,1976        
 WAIT_TIME                  Local  529      I(4)            4           scalar                    529,539,562,572,598,608,747,757,78
                                                                                                  0,790,816,826,1801,1882,1989,2093,
                                                                                                  2170,2268                         
 WBSEG                      Local  9        I(4)            4     1     1        ALC              9,677,892,1013,1095,1958,2238,2404
                                                                                                  ,2470,2924,2969,3012              
 WDQ                        Local  37       I(4)            4           scalar   SAVE             496,497,498,501,502,507,509,514,17
                                                                                                  23,1725                           
 WDQF                       Local  46       L(4)            4           scalar   SAVE             135,499,500,1722                  
 WIND                       Local  318      R(8)            8     1     1        ALC              318,417,1553,1620,2748,2780,2823  
 WINDNX                     Local  24       R(4)            4     1     1        ALC,SAVE         97,101,279,281,289,291,298,300,308
                                                                                                  ,310,318,332,339,341,346,348,354,3
                                                                                                  56,361,363,378,380,388,390,397,399
                                                                                                  ,407,409,417,430,437,439,444,446,4
                                                                                                  52,454,459,461,1553,1554,1581,1583
                                                                                                  ,1588,1590,1598,1600,1605,1607,162
                                                                                                  0,1621,1648,1650,1655,1657,1665,16
                                                                                                  67,1672,1674,2750,2780,2823,3067  
 WINDO                      Local  26       R(4)            4     1     1        ALC,SAVE         96,100,332,430,1554,1621,2749,2780
                                                                                                  ,2823,3066                        
 WSC                        Local  207      R(8)            8     1     1        ALC              207,211,1540                      
 WSCFN                      Local  201      CHAR            72          scalar                    201                               
 WSCNX                      Local  32       R(4)            4     1     1        ALC,SAVE         91,206,207,208,210,211,212,1540,15
                                                                                                  42,1544,3064                      
 WSH                        Local  37       I(4)            4           scalar   SAVE             200,201,202,205,206,208,210,212,15
                                                                                                  42,1544                           
 WSHF                       Local  46       L(4)            4           scalar   SAVE             134,203,204,1541                  
 XX                         Local  24       R(4)            4     1     1        ALC,SAVE         75,77,1151,1152,1177,1179,1216,121
                                                                                                  7,1228,1230,1281,1282,1306,1308,13
                                                                                                  40,1341,1353,1355,2520,2521,2544,2
                                                                                                  546,2596,2597,2617,2619,3071      

Page 86          Source Listing                  TIME_VARYING_DATA
2026-03-30 08:47                                 ..\..\..\time-varying-data.f90

   3055 !
   3056 ! systdg
   3057   DEALLOCATE (DO_SAT, N2_SAT)                                            
   3058   DEALLOCATE (DO_SATJ, N2_SATJ)                                         
   3059   DEALLOCATE (DO_SATD, N2_SATD)                                            
   3060   DEALLOCATE (DO_SATP, N2_SATP)                                            
   3061 !
   3062   DEALLOCATE (NXQTR1, NXTTR1, NXCTR1, NXQIN1, NXTIN1, NXCIN1, NXQDT1, NXTDT1, NXCDT1, NXPR1,  NXTPR1, NXCPR1, NXEUH1, NXTUH1
   3062 )
   3063   DEALLOCATE (NXCUH1, NXEDH1, NXTDH1, NXCDH1, NXQOT1, NXMET1, NXQTR2, NXTTR2, NXCTR2, NXQIN2, NXTIN2, NXCIN2, NXQDT2, NXTDT2
   3063 )
   3064   DEALLOCATE (NXCDT2, NXPR2,  NXTPR2, NXCPR2, NXEUH2, NXTUH2, NXCUH2, NXEDH2, NXTDH2, NXCDH2, NXQOT2, NXMET2, WSCNX,DYNPUMPF
   3064 )
   3065   DEALLOCATE (QDTRO,  TDTRO,  ELUHO,  ELDHO,  QWDO,   QTRO,   TTRO,   QINO,   TINO,   QDTRNX, TDTRNX, PRNX,   TPRNX,  ELUHNX
   3065 )
   3066   DEALLOCATE (ELDHNX, QWDNX,  QTRNX,  TTRNX,  QINNX,  TINNX,  SROO,   TAIRO,  TDEWO,  CLOUDO, PHIO,   WINDO,  TAIRNX, BGTNX,
   3066 BPNX, PALT_JWO, PALT_JWNX)  ! systdg  PALT_JWO, PALT_JWNX
   3067   DEALLOCATE (TDEWNX, CLOUDNX,PHINX,  WINDNX, SRONX,  TRQ,    TRT,    TRC,    INQ,    DTQ,    PRE,    UHE,    DHE,    INFT)
   3068   DEALLOCATE (DTT,    PRT,    UHT,    DHT,    INC,    DTC,    PRC,    UHC,    DHC,    OTQ,    MET,    EXT,    EXTNX,  EXTO, 
   3068 EXTF)
   3069   DEALLOCATE (NXEXT1, NXEXT2, CTRO,   CINO,   QOUTO,  CDTRO,  TUHO,   TDHO,   QSTRO,  CTRNX,  CINNX,  QOUTNX, CDTRNX, CPRNX)
   3070   DEALLOCATE (TUHNX, TDHNX,   QSTRNX, CUHO,   CDHO,   CUHNX,  CDHNX, INCF, DTCF, PRCF, METF, ODYNS, NXDYNS,NXESTRT,DYNEF,JJS
   3070 , PRTF, PRQF)
   3071   DEALLOCATE (EUHF,TUHF,CUHF,EDHF,TDHF,CDHF,XX,NXEGT,JJG)
   3072   DEALLOCATE (ATMDEP, ATM_DEP_LOADINGNX, NXATMD, NXATMD2,ATM_DEP_LOADING0,NXATMDEP)
   3073   DEALLOCATE (INFLOW_CONST,   TRIB_CONST,     DTRIB_CONST,    PRECIP_CONST, PUMPD, NXPUMP,EPU2,EONPU2,EOFFPU2,QPU2, OTQF, TR
   3073 CF,TRQF, TRTF,DTTF, DTQF, INQF, INTF)
   3074   IF(NGT>0)DEALLOCATE(NXGTDO, FGASGT,FILE_GAS_GT,AGASGTNX,BGASGTNX, CGASGTNX, DGASGTNX)
   3075   IF(NSP>0)DEALLOCATE(NXSPDO, FGASSP,FILE_GAS_SP,AGASSPNX,BGASSPNX, CGASSPNX, DGASSPNX)
   3076 RETURN
   3077 END SUBROUTINE TIME_VARYING_DATA
   3078 
   3079 !***************************************************************************************************************************
   3079 ********
   3080 !**                                       F U N C T I O N   G E T _ L A S T _ J D A Y                                       
   3080       **
   3081 !***************************************************************************************************************************
   3081 ********
   3082 
   3083 ! Function to read a standard input file and return the last available JDAY                           Entire function:  !SR 
   3083 11/28/19
   3084 ! File name is passed to the function, and file is guaranteed to exist.
   3085 
   3086 REAL FUNCTION GET_LAST_JDAY(FNAME)
   3087     USE MAIN, ONLY: CON                     ! Control file already read and closed
   3088     REAL            LAST_JDAY
   3089     CHARACTER(1)    INFORMAT
   3090     CHARACTER(72)   FNAME
   3091 
   3092     OPEN (CON,FILE=FNAME,STATUS='OLD')      ! File was previously tested for existence
   3093     READ (CON,'(A1)') INFORMAT              ! Assumption that 3-line header is in place, with at least one line of data
   3094     READ (CON,'(/)')
   3095     IF (INFORMAT=='$') THEN
   3096       DO WHILE (.NOT. EOF(CON))
   3097         READ (CON,*) LAST_JDAY              ! Free format, probably comma-delimited
   3098       END DO
   3099     ELSE

Page 87          Source Listing                  GET_LAST_JDAY
2026-03-30 08:47                                 ..\..\..\time-varying-data.f90

   3100       DO WHILE (.NOT. EOF(CON))
   3101         READ (CON,'(F8.0)') LAST_JDAY       ! Fixed format, needed if fixed-format file did not have space after JDAY
   3102       END DO
   3103     END IF
   3104     CLOSE (CON)
   3105     GET_LAST_JDAY = LAST_JDAY
   3106 END FUNCTION GET_LAST_JDAY


ENTRY POINTS

 Address      Type  Name          
                                  
       GET_LAST_JDAY              


SYMBOL CROSS REFERENCE

 Name                       Object Declared Type            Bytes Dimen Elements Attributes       References                        
                                                                                                                                    
 CON                        Local  3087     I(4)            4           scalar                    3087,3092,3093,3094,3096,3097,3100
                                                                                                  ,3101,3104                        
 EOF                        Func   3096                                 scalar                    3096,3100                         
 FNAME                      Dummy  3090     CHAR            72          scalar   ARG,INOUT        3092                              
 GET_LAST_JDAY              Local  3086     R(4)            4           scalar                                                      
 GET_LAST_JDAY              Func   3086     R(4)            4           scalar                    3105                              
 INFORMAT                   Local  3089     CHAR            1           scalar                    3093,3095                         
 LAST_JDAY                  Local  3088     R(4)            4           scalar                    3097,3101,3105                    
 MAIN                       Module 3087                                                           3087                              

Page 88          Source Listing                  GET_LAST_JDAY
2026-03-30 08:47                                 ..\..\..\time-varying-data.f90

   3107 
   3108 
   3109 !***************************************************************************************************************************
   3109 ********
   3110 !**                                   S U B R O U T I N E   P R I N T _ E R R O R _ A N D _ S T O P                         
   3110       **
   3111 !***************************************************************************************************************************
   3111 ********
   3112 
   3113 ! Function to print a customized error message from a recent system command                           Entire function:  !SR 
   3113 11/28/19
   3114 ! Executing this function will also stop the program
   3115 
   3116 SUBROUTINE PRINT_ERROR_AND_STOP(TYPE_TEXT, TYPE_INDEX)
   3117   USE IFPORT                                           ! For GETLASTERRORXX()
   3118 
   3119   INTEGER       TYPE_INDEX, IRESULT
   3120   CHARACTER(3)  TYPE_TEXT
   3121   CHARACTER(8)  ERR_TEXT
   3122 
   3123   IRESULT = GETLASTERRORQQ()                           ! USE GETLASTERRORQQ TO GET THE ERROR CODE
   3124   WRITE (ERR_TEXT,'(A,I0)') TYPE_TEXT, TYPE_INDEX
   3125   WRITE (*,*)    TRIM(ERR_TEXT),': ERROR EXECUTING BATCH PROGRAM: ERROR CODE:',IRESULT
   3126   WRITE (9911,*) TRIM(ERR_TEXT),': ERROR EXECUTING BATCH PROGRAM: ERROR CODE:',IRESULT
   3127   CLOSE (9911)
   3128   STOP
   3129 END SUBROUTINE PRINT_ERROR_AND_STOP


ENTRY POINTS

 Address      Type  Name                 
                                         
       PRINT_ERROR_AND_STOP              

Page 89          Source Listing                  PRINT_ERROR_AND_STOP
2026-03-30 08:47 Symbol Table                    ..\..\..\time-varying-data.f90



SYMBOL CROSS REFERENCE

 Name                       Object Declared Type            Bytes Dimen Elements Attributes       References                        
                                                                                                                                    
 ERR_TEXT                   Local  3121     CHAR            8           scalar                    3124,3125,3126                    
 GETLASTERRORQQ             Func   3123     I(4)            4           scalar                    3123                              
 IFPORT                     Module 3117                                                           3117                              
 IRESULT                    Local  3119     I(4)            4           scalar                    3123,3125,3126                    
 PRINT_ERROR_AND_STOP       Subr   3116                                                                                             
 TRIM                       Func   3125                                 scalar                    3125,3126                         
 TYPE_INDEX                 Dummy  3119     I(4)            4           scalar   ARG,INOUT        3124                              
 TYPE_TEXT                  Dummy  3120     CHAR            3           scalar   ARG,INOUT        3124                              

Page 90          Source Listing                  PRINT_ERROR_AND_STOP
2026-03-30 08:47 Subprograms/Common Blocks       ..\..\..\time-varying-data.f90



SUBPROGRAMS/COMMON BLOCKS

 Name                       Object Declared Type            Bytes Dimen Elements Attributes       References                        
                                                                                                                                    
 GET_LAST_JDAY              Func   3086     R(4)            4           scalar                    3105                              
 PRINT_ERROR_AND_STOP       Subr   3116                                                                                             
 TIME_VARYING_DATA          Subr   7                                                                                                

COMPILER OPTIONS BEING USED

  /noOa                                 /Qansi-alias
  /align:noall                          /align:nonone
  /align:nocommons                      /align:nodcommons
  /align:noqcommons                     /align:nozcommons
  /align:records                        /align:nosequence
  /align:norec1byte                     /align:norec2byte
  /align:norec4byte                     /align:norec8byte
  /align:norec16byte                    /align:norec32byte
  /align:norec64byte                    /align:noarray8byte
  /align:noarray16byte                  /align:noarray32byte
  /align:noarray64byte                  /align:noarray128byte
  /align:noarray256byte                 /altparam
  /assume:accuracy_sensitive            /assume:noaligned_dummy_args
  /assume:nobscc                        /assume:nobuffered_io
  /assume:nobuffered_stdout             /assume:nobyterecl
  /assume:nocontiguous_assumed_shape    /assume:nocontiguous_pointer
  /assume:nocc_omp                      /assume:nocstring
  /assume:nodummy_aliases               /assume:nofailed_images
  /assume:nofpe_summary                 /assume:noieee_compares
  /assume:noieee_fpe_flags              /assume:noieee_mode_restore
  /assume:nominus0                      /assume:noold_boz
  /assume:old_complex_align             /assume:old_e0g0_format
  /assume:old_unit_star                 /assume:old_inquire_recl
  /assume:old_ldout_format              /assume:old_ldout_zero
  /assume:noold_logical_assign          /assume:noold_logical_ldio
  /assume:old_maxminloc                 /assume:old_xor
  /assume:noprotect_allocates           /assume:protect_constants
  /assume:noprotect_parens              /assume:realloc_lhs
  /assume:norecursion                   /assume:source_include
  /assume:nostd_expon_output            /assume:nostd_intent_in
  /assume:std_minus0_rounding           /assume:nostd_mod_proc_name
  /assume:std_value                     /assume:nounderscore
  /assume:no2underscores                /noauto
  /auto_scalar                          /nobintext
  /ccdefault:default                    /check:noall
  /check:nonone                         /check:noarg_temp_created
  /check:noassume                       /check:nobounds
  /check:nocontiguous                   /check:noformat
  /check:nooutput_conversion            /check:nooverflow
  /check:nopointers                     /check:noshape
  /check:nostack                        /check:noteams
  /check:nouninitialized                /check:noudio_iostat
  /Qcoarray-num-procs:0                 /noQcoarray-config-file
  /convert:native                       /cross_reference
  /D:__INTEL_LLVM_COMPILER=20250000     /D:__INTEL_LLVM_COMPILER_UPDATE=0

Page 91          Source Listing                  PRINT_ERROR_AND_STOP
2026-03-30 08:47                                 ..\..\..\time-varying-data.f90

  /D:_WIN32                             /D:_M_AMD64=100
  /D:_M_X64=100                         /D:_WIN64=1
  /D:_MSC_VER=1500                      /D:_MSC_FULL_VER=150011209
  /D:_MSC_EXTENSIONS                    /D:_MT
  /D:__INTEL_COMPILER_BUILD_DATE=20241008  /D:__MMX__
  /D:__SSE__                            /D:__SSE_MATH__
  /D:__SSE2__                           /D:__SSE2_MATH__
  /D:__pentium4                         /D:__pentium4__
  /D:__tune_pentium4__                  /D:__INTEL_COMPILER=20250000
  /D:__INTEL_COMPILER_UPDATE=0          /double_size:64
  /nod_lines                            /noQdyncom
  /emit-obj                             /error_limit:30
  /nof66                                /nof77rtl
  /faltmathlib=:SVML                    /nofast
  /nofwrapv                             /fpscomp:nofilesfromcmd
  /fpscomp:nogeneral                    /fpscomp:noioformat
  /fpscomp:noldio_spacing               /fpscomp:nolibs
  /fpscomp:nologicals                   /fveclib=:SVML
  /floopopt-pipeline=:light             /nofpconstant
  /fpe3                                 /ftz
  /fp_model:noprecise                   /fp_model:fast
  /fp_model:nostrict                    /fp_model:nosource
  /fp_model:nodouble                    /fp_model:noextended
  /fp_model:novery_fast                 /fp_model:noexcept
  /fp_model:nono_except                 /heap_arrays:0
  /nothreadprivate_compat               /free
  /fintel-libirc-allowed                /mframe-pointer:noall
  /mframe-pointer:nonon-leaf            /mframe-pointer:none
  /debug0                               /nogcodeview
  /iface:noc                            /iface:nocref
  /iface:nocvf                          /iface:default
  /iface:nostdcall                      /iface:nostdref
  /iface:nomixed_str_len_arg            /iface:nono_mixed_str_len_arg
  /Qinit:noarrays                       /Qinit:nohuge
  /Qinit:noinfinity                     /Qinit:nominus_huge
  /Qinit:nominus_infinity               /Qinit:nominus_tiny
  /Qinit:nonan                          /Qinit:nosnan
  /Qinit:notiny                         /Qinit:nozero
  /nointconstant                        /integer_size:32
  /libdir:automatic                     /libdir:user
  /nomodule                             /names:
  /nonoinclude                          /object:time-varying-data.obj
  /-dependent-lib:libcmt                /-dependent-lib:ifconsol.lib
  /-dependent-lib:libifcoremt.lib       /-dependent-lib:libifport.lib
  /-dependent-lib:libircmt              /-dependent-lib:libmmt
  /-dependent-lib:oldnames              /-dependent-lib:svml_dispmt
  /Qoffload-build:host                  /Qopenmp-do-concurrent-maptype-modifier:noalways
  /Qopenmp-do-concurrent-maptype-modifier:nopresent  /Qopenmp-do-concurrent-maptype-modifier:none
  /Qopenmp-simd                         /O2
  /nopad_source                         /pic-level:2
  /real_size:32                         /norecursive
  /reentrancy:threaded                  /Qvec:simd
  /show:fullpath                        /show:noinclude
  /show:map                             /show:options
  /nosyntax_only                        /target-cpu:x86-64
  /nothreadcom                          /triple:x86_64-pc-windows-msvc
  /noU                                  /novms

Page 92          Source Listing                  PRINT_ERROR_AND_STOP
2026-03-30 08:47                                 ..\..\..\time-varying-data.f90

  /warn:noall                           /warn:nonone
  /warn:alignments                      /warn:nodeclarations
  /warn:noexternals                     /warn:general
  /warn:noignore_bounds                 /warn:noignore_loc
  /warn:nointerfaces                    /warn:noshape
  /warn:notruncated_source              /warn:uncalled
  /warn:uninitialized                   /warn:nounused
  /warn:usage                           /nowrap-margins

  /include   path : C:\PROGRA~2\Intel\oneAPI\compiler\2025.0\include\,.FOR,..\..\..\.FOR,.\.FOR,C:\PROGRA~2\Intel\oneAPI\compiler\2025.0\opt\compiler\include\intel64\.FOR,
           C:\PROGRA~2\Intel\oneAPI\compiler\2025.0\include\.FOR,C:\PROGRA~2\Intel\oneAPI\compiler\2025.0\opt\compiler\include\.FOR,
           C:\PROGRA~2\Intel\oneAPI\compiler\2025.0\lib\clang\19\include\.FOR
  /list      filename : time-varying-data.lst
  /object:time-varying-data.obj
  /Fd        filename : none

COMPILER: Intel(R) Fortran 25.0-1205
