Page 1           Source Listing                  SATO
2026-03-30 08:47                                 C:\Users\NING\AppData\Local\Temp\34180464.i90

      1 # 1 "..\..\..\w2modules.F90"
      2 !***************************************************************************************************************************
      2 ********
      3 !**                                                                                                                         
      3       **
      4 !**                                                         CE-QUAL-W2                                                      
      4       **
      5 !**                                            A Two-dimensional, Laterally Averaged,                                       
      5       **
      6 !**                                             Hydrodynamic and Water Quality Model                                        
      6       **
      7 !**                                                            for                                                          
      7       **
      8 !**                                           Rivers, Lakes, Reservoirs, and Estuaries                                      
      8       **
      9 !**                                                                                                                         
      9       **
     10 !**                                                       Version 4.5.5                                                     
     10         **
     11 !**                                                                                                                         
     11       **
     12 !**                                                 Currently maintained by:                                                
     12       **
     13 !**                                                        Scott A. Wells                                                   
     13       **
     14 !**                                       Department of Civil and Environmental Engineering                                 
     14       **
     15 !**                                                  Portland State University                                              
     15       **
     16 !**                                                         PO Box 751                                                      
     16       **
     17 !**                                                 Portland, Oregon  97207-0751                                            
     17       **
     18 !**                                                 phone number: (503) 725-4276                                            
     18       **
     19 !**                                                 e-mail: wellss@pdx.edu                                                  
     19       **
     20 !**                                       Major contributors to this version include                                        
     20       **
     21 !**                                           Dr. Zhong Zhang <zz3@pdx.edu>, Portland State University                      
     21       **
     22 !**                                           Dr. Stewart Rounds, USGS                                                      
     22       **
     23 !**  Main contributors to CE-QUAL-W2 are shown in User Manual Part 1.                                                       
     23       **
     24 !**                                                                                                                         
     24       **
     25 !**                                                                                                                         
     25       **
     26 !***************************************************************************************************************************
     26 ********
     27 
     28 !***************************************************************************************************************************
     28 ********
     29 !**                                                                                                                         
     29       **
     30 !**                  The long arm of the lawyers has found its way into the water quality modeling arena, so:               

Page 2           Source Listing                  SATO
2026-03-30 08:47                                 ..\..\..\w2modules.F90

     30       **
     31 !**                                                                                                                         
     31       **
     32 !**  This model was developed by the U.S. Army Engineer Waterways Experiment Station, Vicksburg, MS and is maintained by    
     32       **
     33 !**  Portland State University.  Portland State University and the US government and its components are not responsible     
     33       **
     34 !**  for any damages,including incidental or consequential damages, arising                                                 
     34       **
     35 !**  from use or misuse of this model, or from results achieved or conclusions drawn by others.  Distribution of this model 
     35 is    **
     36 !**  restricted by the Export Administration Act of 1969,  50 app. USC subsections 2401-2420, as amended, and other applicab
     36 le    **
     37 !**  laws or regulations.
     38 !
     39 !MIT License Copyright (c) 2023 drswells
     40 !Permission is hereby granted, free of charge, to any person obtaining a copy of this software and associated documentation 
     40 files (the "Software"), to deal in the Software without restriction, including without limitation the rights to use, copy, m
     40 odify, merge, publish, distribute, sublicense, and/or sell copies of the Software, and to permit persons to whom the Softwar
     40 e is furnished to do so, subject to the following conditions:
     41 !The above copyright notice and this permission notice shall be included in all copies or substantial portions of the Softwa
     41 re.
     42 !THE SOFTWARE IS PROVIDED "AS IS", WITHOUT WARRANTY OF ANY KIND, EXPRESS OR IMPLIED, INCLUDING BUT NOT LIMITED TO THE WARRAN
     42 TIES OF MERCHANTABILITY, FITNESS FOR A PARTICULAR PURPOSE AND NONINFRINGEMENT. IN NO EVENT SHALL THE AUTHORS OR COPYRIGHT HO
     42 LDERS BE LIABLE FOR ANY CLAIM, DAMAGES OR OTHER LIABILITY, WHETHER IN AN ACTION OF CONTRACT, TORT OR OTHERWISE, ARISING FROM
     42 ,
     43 !OUT OF OR IN CONNECTION WITH THE SOFTWARE OR THE USE OR OTHER DEALINGS IN THE SOFTWARE.                                    
     43                          **
     44 !**                                                                                                                         
     44       **
     45 !***************************************************************************************************************************
     45 ********
     46 
     47 !***************************************************************************************************************************
     47 ********
     48 !**                                                      Module Declaration                                                 
     48       **
     49 !***************************************************************************************************************************
     49 ********
     50 MODULE MSCLIB
     51   INTEGER(8) :: HTHREAD
     52   LOGICAL :: STOP_PUSHED, STOPPED, RESTART_PUSHED, RESTART_EXISTS
     53   INCLUDE "RESOURCE.FD"
    124   INTERFACE
    125     FUNCTION $BEGINTHREADEX (SECURITY,STACK_SIZE,START_ADDRESS,ARGLIST,INITFLAG,THRDADDR)
    126       USE DFWINTY, RENAMED => DLT
    127 !DEC$ ATTRIBUTES C,ALIAS : "__BEGINTHREADEX" :: $BEGINTHREADEX
    128 !DEC$ ATTRIBUTES REFERENCE,ALLOW_NULL        :: SECURITY
    129 !DEC$ ATTRIBUTES REFERENCE,IGNORE_LOC        :: THRDADDR
    130       INTEGER(UINT)                                :: $BEGINTHREADEX
    131       INTEGER(UINT),               INTENT(IN)      :: STACK_SIZE, INITFLAG
    132       INTEGER(PVOID),              INTENT(IN)      :: START_ADDRESS, ARGLIST
    133       INTEGER(UINT),               INTENT(OUT)     :: THRDADDR
    134       TYPE(T_SECURITY_ATTRIBUTES), INTENT(IN)      :: SECURITY
    135     END FUNCTION $BEGINTHREADEX
    136   END INTERFACE
    137   INTERFACE

Page 3           Source Listing                  SATO
2026-03-30 08:47                                 ..\..\..\w2modules.F90

    138     SUBROUTINE $ENDTHREADEX (RETVAL)
    139       USE DFWINTY, RENAMED => DLT
    140 !DEC$ ATTRIBUTES C, ALIAS : "__ENDTHREADEX" :: $ENDTHREADEX
    141       INTEGER(UINT), INTENT(IN) :: RETVAL
    142     END SUBROUTINE $ENDTHREADEX
    143   END INTERFACE
    144 END MODULE MSCLIB


SYMBOL CROSS REFERENCE

 Name                       Object Declared Type            Bytes Dimen Elements Attributes       References                        
                                                                                                                                    
 $BEGINTHREADEX             Local  125      I(4)            4           scalar                                                      
 AIR_TEMPERATURE            Param  95       I(4)            4           scalar                                                      
 AVERAGE_TIMESTEP           Param  64       I(4)            4           scalar                                                      
 BRANCH_INFLOW              Param  113      I(4)            4           scalar                                                      
 BRANCH_INFLOW_TEMPERATURE  Param  98       I(4)            4           scalar                                                      
 CLOSE                      Param  72       I(4)            4           scalar                                                      
 CLOUD_COVER                Param  63       I(4)            4           scalar                                                      
 CPU_TIMES                  Param  121      I(4)            4           scalar                                                      
 CURRENT_TIME               Param  87       I(4)            4           scalar                                                      
 DEW_POINT_TEMPERATURE      Param  59       I(4)            4           scalar                                                      
 DISTRIBUTED_TRIBUTARY_INF                                                                                                          
 OW                         Param  102      I(4)            4           scalar                                                      
 DIST_TRIBUTARY_INFLOW      Param  122      I(4)            4           scalar                                                      
 DIST_TRIBUTARY_INFLOW_TEM                                                                                                          
 ERATURE                    Param  103      I(4)            4           scalar                                                      
 ELAPSED_DAY                Param  114      I(4)            4           scalar                                                      
 ELAPSED_HOUR               Param  81       I(4)            4           scalar                                                      
 ENDING_TIME                Param  109      I(4)            4           scalar                                                      
 EQUILIBRIUM_TEMP           Param  104      I(4)            4           scalar                                                      
 GATEFLOW                   Param  62       I(4)            4           scalar                                                      
 GREGORIAN_DAY              Param  105      I(4)            4           scalar                                                      
 HIGH                       Param  123      I(4)            4           scalar                                                      
 HIGHEST                    Param  73       I(4)            4           scalar                                                      
 HTHREAD                    Local  51       I(8)            8           scalar                                                      
 IDC_PROGRESS1              Param  101      I(4)            4           scalar                                                      
 IDD_DIALOG1                Param  66       I(4)            4           scalar                                                      
 IDI_ICON1                  Param  76       I(4)            4           scalar                                                      
 IDI_ICON2                  Param  78       I(4)            4           scalar                                                      
 IDLE                       Param  118      I(4)            4           scalar                                                      
 ITERATIONS                 Param  70       I(4)            4           scalar                                                      
 JULIAN_DAY                 Param  75       I(4)            4           scalar                                                      
 JULIAN_HOUR                Param  92       I(4)            4           scalar                                                      
 LOW                        Param  60       I(4)            4           scalar                                                      
 LOWEST                     Param  96       I(4)            4           scalar                                                      
 MIN_DEVIATION              Param  82       I(4)            4           scalar                                                      
 MIN_DEVIATION_SEGMENT      Param  67       I(4)            4           scalar                                                      
 MIN_TIMESTEP               Param  85       I(4)            4           scalar                                                      
 MIN_TIMESTEP_DAY           Param  119      I(4)            4           scalar                                                      
 MIN_TIMESTEP_HOUR          Param  94       I(4)            4           scalar                                                      
 MIN_TIMESTEP_LOCATION      Param  90       I(4)            4           scalar                                                      
 MODELDIRECTORY             Param  112      I(4)            4           scalar                                                      
 MSCLIB                     Module 50                                                                                               
 NORMAL                     Param  84       I(4)            4           scalar                                                      
 OUTFLOW                    Param  93       I(4)            4           scalar                                                      

Page 4           Source Listing                  SATO
2026-03-30 08:47 Symbol Table                    ..\..\..\w2modules.F90

 Name                       Object Declared Type            Bytes Dimen Elements Attributes       References                        
                                                                                                                                    
 OUTPUT_DIALOG              Param  116      I(4)            4           scalar                                                      
 PAUSE                      Param  74       I(4)            4           scalar                                                      
 PERCENT                    Param  110      I(4)            4           scalar                                                      
 PIPEFLOW                   Param  71       I(4)            4           scalar                                                      
 PROGRESSBAR                Param  99       I(4)            4           scalar                                                      
 PUMPFLOW                   Param  91       I(4)            4           scalar                                                      
 RESTART                    Param  86       I(4)            4           scalar                                                      
 RESTART_EXISTS             Local  52       L(4)            4           scalar                                                      
 RESTART_PUSHED             Local  52       L(4)            4           scalar                                                      
 RESUME                     Param  80       I(4)            4           scalar                                                      
 RUN                        Param  65       I(4)            4           scalar                                                      
 SOLAR_RADIATION            Param  69       I(4)            4           scalar                                                      
 SPILLWAYFLOW               Param  79       I(4)            4           scalar                                                      
 STARTING_TIME              Param  108      I(4)            4           scalar                                                      
 STATUS                     Param  115      I(4)            4           scalar                                                      
 STOPPED                    Local  52       L(4)            4           scalar                                                      
 STOP_EXECUTION             Param  61       I(4)            4           scalar                                                      
 STOP_PUSHED                Local  52       L(4)            4           scalar                                                      
 STRUCTURE_OUTFLOW          Param  107      I(4)            4           scalar                                                      
 SURFACE_ELEVATION          Param  68       I(4)            4           scalar                                                      
 SURFACE_HEAT_EXCHANGE      Param  111      I(4)            4           scalar                                                      
 SURFACE_LAYER              Param  106      I(4)            4           scalar                                                      
 TIMESTEP                   Param  83       I(4)            4           scalar                                                      
 TIMESTEP_LOCATION          Param  117      I(4)            4           scalar                                                      
 TIMESTEP_VIOLATIONS        Param  89       I(4)            4           scalar                                                      
 TRIBUTARY_INFLOW           Param  97       I(4)            4           scalar                                                      
 TRIBUTARY_INFLOW_TEMPERAT                                                                                                          
 RE                         Param  100      I(4)            4           scalar                                                      
 WIND_DIRECTION             Param  88       I(4)            4           scalar                                                      
 WIND_SPEED                 Param  77       I(4)            4           scalar                                                      
 WITHDRAWAL                 Param  120      I(4)            4           scalar                                                      

Page 5           Source Listing                  SATO
2026-03-30 08:47                                 ..\..\..\w2modules.F90

    145 MODULE PREC
    146   INTEGER, PARAMETER :: I2=SELECTED_INT_KIND (3)
    147   INTEGER, PARAMETER :: R8=SELECTED_REAL_KIND(15)
    148 END MODULE PREC


SYMBOL CROSS REFERENCE

 Name                       Object Declared Type            Bytes Dimen Elements Attributes       References                        
                                                                                                                                    
 I2                         Param  146      I(4)            4           scalar                                                      
 PREC                       Module 145                                                                                              
 R8                         Param  147      I(4)            4           scalar                                                      
 SELECTED_INT_KIND          Func   146                                  scalar                    146                               
 SELECTED_REAL_KIND         Func   147                                  scalar                    147                               

Page 6           Source Listing                  SATO
2026-03-30 08:47                                 ..\..\..\w2modules.F90

    149 MODULE RSTART
    150   USE PREC
    151   REAL(R8)                                           :: DLTS,   CURMAX, DLTFF, DLTMAXX    ! SW 7/13/2010
    152   INTEGER                                            :: RSODP,  DLTDP,  TSRDP,  WDODP,  RSO=31    ! CUF,
    153   INTEGER,           ALLOCATABLE, DIMENSION(:)       :: SNPDP,  VPLDP,  CPLDP,  PRFDP,  SCRDP,  SPRDP,  FLXDP, NSPRF
    154   REAL                                               :: CUF 
    155   REAL(R8)                                           :: NXTMRS, NXTMWD, NXTMTS, NXTMWD_sec, NXTMUK    ! cb 4/6/17
    156   REAL,              ALLOCATABLE, DIMENSION(:)       :: NXTMSN, NXTMPR, NXTMSP, NXTMCP, NXTMVP, NXTMSC, NXTMFL
    157   REAL(R8),          ALLOCATABLE, DIMENSION(:)       :: SBKT,   ELTMF
    158   REAL(R8),          ALLOCATABLE, DIMENSION(:,:)     :: TSSUH2, TSSDH2, SAVH2,  SAVHR,  SU,     SW,     SAZ
    159   REAL(R8),          ALLOCATABLE, DIMENSION(:,:,:)   :: CSSUH2, CSSDH2
    160   REAL(R8)                                           :: ELTM
    161   REAL(R8),          ALLOCATABLE, DIMENSION(:)       :: VOLIN,  VOLOUT, VOLUH,  VOLDH,  VOLPR,  VOLTRB, VOLDT, VOLWD,  VOLEV
    161 ,VOLICE, ICEBANK
    162   REAL(R8),          ALLOCATABLE, DIMENSION(:)       :: VOLSBR, VOLTBR, VOLSR,  VOLTR
    163   REAL(R8),          ALLOCATABLE, DIMENSION(:)       :: TSSEV,  TSSPR,  TSSTR,  TSSDT,  TSSWD,  TSSUH,  TSSDH, TSSIN,  TSSOU
    163 T
    164   REAL(R8),          ALLOCATABLE, DIMENSION(:)       :: TSSS,   TSSB,   TSSICE
    165   REAL(R8),          ALLOCATABLE, DIMENSION(:)       :: ESBR,   ETBR,   EBRI,   SZ
    166   REAL(R8),          ALLOCATABLE, DIMENSION(:,:)     :: CMBRT
    167 END MODULE RSTART


SYMBOL CROSS REFERENCE

 Name                       Object Declared Type            Bytes Dimen Elements Attributes       References                        
                                                                                                                                    
 CMBRT                      Local  166      R(8)            8     2     1        ALC                                                
 CPLDP                      Local  153      I(4)            4     1     1        ALC                                                
 CSSDH2                     Local  159      R(8)            8     3     1        ALC                                                
 CSSUH2                     Local  159      R(8)            8     3     1        ALC                                                
 CUF                        Local  154      R(4)            4           scalar                                                      
 CURMAX                     Local  151      R(8)            8           scalar                                                      
 DLTDP                      Local  152      I(4)            4           scalar                                                      
 DLTFF                      Local  151      R(8)            8           scalar                                                      
 DLTMAXX                    Local  151      R(8)            8           scalar                                                      
 DLTS                       Local  151      R(8)            8           scalar                                                      
 EBRI                       Local  165      R(8)            8     1     1        ALC                                                
 ELTM                       Local  160      R(8)            8           scalar                                                      
 ELTMF                      Local  157      R(8)            8     1     1        ALC                                                
 ESBR                       Local  165      R(8)            8     1     1        ALC                                                
 ETBR                       Local  165      R(8)            8     1     1        ALC                                                
 FLXDP                      Local  153      I(4)            4     1     1        ALC                                                
 ICEBANK                    Local  161      R(8)            8     1     1        ALC                                                
 NSPRF                      Local  153      I(4)            4     1     1        ALC                                                
 NXTMCP                     Local  156      R(4)            4     1     1        ALC                                                
 NXTMFL                     Local  156      R(4)            4     1     1        ALC                                                
 NXTMPR                     Local  156      R(4)            4     1     1        ALC                                                
 NXTMRS                     Local  155      R(8)            8           scalar                                                      
 NXTMSC                     Local  156      R(4)            4     1     1        ALC                                                
 NXTMSN                     Local  156      R(4)            4     1     1        ALC                                                
 NXTMSP                     Local  156      R(4)            4     1     1        ALC                                                
 NXTMTS                     Local  155      R(8)            8           scalar                                                      
 NXTMUK                     Local  155      R(8)            8           scalar                                                      
 NXTMVP                     Local  156      R(4)            4     1     1        ALC                                                
 NXTMWD                     Local  155      R(8)            8           scalar                                                      
 NXTMWD_SEC                 Local  155      R(8)            8           scalar                                                      

Page 7           Source Listing                  SATO
2026-03-30 08:47 Symbol Table                    ..\..\..\w2modules.F90

 Name                       Object Declared Type            Bytes Dimen Elements Attributes       References                        
                                                                                                                                    
 PREC                       Module 150                                                            150                               
 PRFDP                      Local  153      I(4)            4     1     1        ALC                                                
 R8                         Param  151      I(4)            4           scalar                    151,155,157,158,159,160,161,162,16
                                                                                                  3,164,165,166                     
 RSO                        Local  152      I(4)            4           scalar                    152                               
 RSODP                      Local  152      I(4)            4           scalar                                                      
 RSTART                     Module 149                                                                                              
 SAVH2                      Local  158      R(8)            8     2     1        ALC                                                
 SAVHR                      Local  158      R(8)            8     2     1        ALC                                                
 SAZ                        Local  158      R(8)            8     2     1        ALC                                                
 SBKT                       Local  157      R(8)            8     1     1        ALC                                                
 SCRDP                      Local  153      I(4)            4     1     1        ALC                                                
 SNPDP                      Local  153      I(4)            4     1     1        ALC                                                
 SPRDP                      Local  153      I(4)            4     1     1        ALC                                                
 SU                         Local  158      R(8)            8     2     1        ALC                                                
 SW                         Local  158      R(8)            8     2     1        ALC                                                
 SZ                         Local  165      R(8)            8     1     1        ALC                                                
 TSRDP                      Local  152      I(4)            4           scalar                                                      
 TSSB                       Local  164      R(8)            8     1     1        ALC                                                
 TSSDH                      Local  163      R(8)            8     1     1        ALC                                                
 TSSDH2                     Local  158      R(8)            8     2     1        ALC                                                
 TSSDT                      Local  163      R(8)            8     1     1        ALC                                                
 TSSEV                      Local  163      R(8)            8     1     1        ALC                                                
 TSSICE                     Local  164      R(8)            8     1     1        ALC                                                
 TSSIN                      Local  163      R(8)            8     1     1        ALC                                                
 TSSOUT                     Local  163      R(8)            8     1     1        ALC                                                
 TSSPR                      Local  163      R(8)            8     1     1        ALC                                                
 TSSS                       Local  164      R(8)            8     1     1        ALC                                                
 TSSTR                      Local  163      R(8)            8     1     1        ALC                                                
 TSSUH                      Local  163      R(8)            8     1     1        ALC                                                
 TSSUH2                     Local  158      R(8)            8     2     1        ALC                                                
 TSSWD                      Local  163      R(8)            8     1     1        ALC                                                
 VOLDH                      Local  161      R(8)            8     1     1        ALC                                                
 VOLDT                      Local  161      R(8)            8     1     1        ALC                                                
 VOLEV                      Local  161      R(8)            8     1     1        ALC                                                
 VOLICE                     Local  161      R(8)            8     1     1        ALC                                                
 VOLIN                      Local  161      R(8)            8     1     1        ALC                                                
 VOLOUT                     Local  161      R(8)            8     1     1        ALC                                                
 VOLPR                      Local  161      R(8)            8     1     1        ALC                                                
 VOLSBR                     Local  162      R(8)            8     1     1        ALC                                                
 VOLSR                      Local  162      R(8)            8     1     1        ALC                                                
 VOLTBR                     Local  162      R(8)            8     1     1        ALC                                                
 VOLTR                      Local  162      R(8)            8     1     1        ALC                                                
 VOLTRB                     Local  161      R(8)            8     1     1        ALC                                                
 VOLUH                      Local  161      R(8)            8     1     1        ALC                                                
 VOLWD                      Local  161      R(8)            8     1     1        ALC                                                
 VPLDP                      Local  153      I(4)            4     1     1        ALC                                                
 WDODP                      Local  152      I(4)            4           scalar                                                      

Page 8           Source Listing                  SATO
2026-03-30 08:47                                 ..\..\..\w2modules.F90

    168 MODULE GLOBAL
    169   USE PREC
    170   REAL*4                                             :: W2VER=4.55
    171   REAL(R8),   PARAMETER                              :: DAY=86400.0D0,  NONZERO=1.0D-20, REFL=0.94D0, FRAZDZ=0.14D0, DZMIN=1
    171 .4D-7
    172   REAL(R8),   PARAMETER                              :: AZMIN=1.4D-6, RHOW=1000.0D0   !DZMAX=1.0D3,
    173   REAL(R8)                                           :: DLT,    DLTMIN, DLTTVD,DZMAX=1.0D2     
    174   REAL(R8)                                           :: BETABR, START,  HMAX2,  CURRENT
    175   REAL(R8),   POINTER,            DIMENSION(:,:)     :: U,      W,      T2,     AZ,     RHO,    ST,     SB
    176   REAL(R8),   POINTER,            DIMENSION(:,:)     :: DLTLIM, VSH,    ADMX,   DM,     ADMZ,   HDG,    HPG,    GRAV
    177   REAL(R8),   TARGET,ALLOCATABLE, DIMENSION(:,:)     :: T1,     TSS
    178   REAL(R8),   TARGET,ALLOCATABLE, DIMENSION(:,:,:)   :: C1,     C2,     C1S,    CSSB,   CSSK
    179   REAL(R8),   TARGET,ALLOCATABLE, DIMENSION(:,:,:)   :: KF,     CD
    180   REAL(R8),   TARGET,ALLOCATABLE, DIMENSION(:,:,:)   :: HYD
    181   REAL(R8),       TARGET,ALLOCATABLE, DIMENSION(:,:,:,:) :: AF,     EF
    182   REAL(R8),          ALLOCATABLE, DIMENSION(:)       :: ICETH,  ELKT,   HMULT,  CMULT,  CDMULT, WIND2,  AZMAX,  PALT, Z0
    183   REAL,              ALLOCATABLE, DIMENSION(:)       :: TN_SEDSOD_NH4,NH3GASLOSS,TP_SEDSOD_PO4,TPOUT,TPTRIB,TPDTRIB,TPWD,TPP
    183 R,TPIN,TNOUT,TNTRIB,TNDTRIB,TNWD,TNPR,TNIN,ATMDEP_P,ATMDEP_N   !TP_SEDBURIAL,TN_SEDBURIAL,
    184   REAL(R8),          ALLOCATABLE, DIMENSION(:,:)     :: QSS,    VOLUH2, VOLDH2, QUH1,   QDH1,   UXBR,   UYBR,   VOL
    185   REAL,              ALLOCATABLE, DIMENSION(:,:,:)   :: ALLIM,  APLIM,  ANLIM,  ASLIM,  KFS
    186   REAL,              ALLOCATABLE, DIMENSION(:,:,:)   :: ELLIM,  EPLIM,  ENLIM,  ESLIM
    187   INTEGER                                            :: W2ERR=33,  WRN=32
    188   INTEGER                                            :: IMX,    KMX,    NBR,    NTR,    NWD,    NWB,    NCT,    NBOD, NTR1  
    188    ! SW 2/17/2021
    189   INTEGER                                            :: NST,    NSP,    NGT,    NPI,    NPU,    NWDO,   NIKTSR, NUNIT
    190   INTEGER                                            :: JW,     JB,     JC,     IU,     ID,     KT,     I,      JJB
    191   INTEGER                                            :: NOD,    NDC=27, NAL,    NSS,    NHY=15, NFL=142,NEP,    NEPT
    192   INTEGER                                            :: NZP,    NZPT,   JZ,     NZOOS,  NZOOE,  NMC,    NMCT  ! number of zo
    192 oplankton groups, CONSTIUENT NUMBER FOR ZOOPLANKTON, START AND END
    193   INTEGER                                            :: NGCS,   NGCE   
    194   INTEGER, POINTER,               DIMENSION(:)       :: SNP,    PRF,    VPL,    CPL,    SPR,    FLX,    FLX2,   SPRV  ! SE 9
    194 /28/2018
    195   INTEGER,           ALLOCATABLE, DIMENSION(:)       :: BS,     BE,     US,     CUS,    DS,     JBDN
    196   INTEGER,           ALLOCATABLE, DIMENSION(:)       :: KB,     KTI,    SKTI,   KTWB,   KBMIN,  CDHS
    197   INTEGER,           ALLOCATABLE, DIMENSION(:)       :: UHS,    DHS,    UQB,    DQB
    198   INTEGER, TARGET,   ALLOCATABLE, DIMENSION(:,:)     :: OPT
    199   INTEGER,           ALLOCATABLE, DIMENSION(:)       :: NBODC, NBODN, NBODP        ! CB 6/6/10
    200   LOGICAL,           ALLOCATABLE, DIMENSION(:)       :: ICE,    ICE_CALC,LAYERCHANGE, BR_INACTIVE, BR_NOTECPLOT
    201   CHARACTER(10)                                      :: CCTIME
    202   CHARACTER(12)                                      :: CDATE
    203   CHARACTER(72)                                      :: RSIFN
    204   CHARACTER(180)                                     :: MODDIR                     ! CURRENT WORKING DIRECTORY
    205   REAL(R8),     SAVE, ALLOCATABLE, DIMENSION(:,:)    :: RATZ,   CURZ1,  CURZ2,  CURZ3    ! SW 5/15/06
    206   REAL(R8)                                           :: G=9.81D0,PI=3.14159265359D0
    207   REAL(R8)                                           :: DENSITY
    208   EXTERNAL DENSITY
    209 END MODULE GLOBAL

Page 9           Source Listing                  SATO
2026-03-30 08:47 Symbol Table                    ..\..\..\w2modules.F90



SYMBOL CROSS REFERENCE

 Name                       Object Declared Type            Bytes Dimen Elements Attributes       References                        
                                                                                                                                    
 ADMX                       Local  176      R(8)            8     2     1        PTR                                                
 ADMZ                       Local  176      R(8)            8     2     1        PTR                                                
 AF                         Local  181      R(8)            8     4     1        ALC,TGT                                            
 ALLIM                      Local  185      R(4)            4     3     1        ALC                                                
 ANLIM                      Local  185      R(4)            4     3     1        ALC                                                
 APLIM                      Local  185      R(4)            4     3     1        ALC                                                
 ASLIM                      Local  185      R(4)            4     3     1        ALC                                                
 ATMDEP_N                   Local  183      R(4)            4     1     1        ALC                                                
 ATMDEP_P                   Local  183      R(4)            4     1     1        ALC                                                
 AZ                         Local  175      R(8)            8     2     1        PTR                                                
 AZMAX                      Local  182      R(8)            8     1     1        ALC                                                
 AZMIN                      Param  172      R(8)            8           scalar                                                      
 BE                         Local  195      I(4)            4     1     1        ALC                                                
 BETABR                     Local  174      R(8)            8           scalar                                                      
 BR_INACTIVE                Local  200      L(4)            4     1     1        ALC                                                
 BR_NOTECPLOT               Local  200      L(4)            4     1     1        ALC                                                
 BS                         Local  195      I(4)            4     1     1        ALC                                                
 C1                         Local  178      R(8)            8     3     1        ALC,TGT                                            
 C1S                        Local  178      R(8)            8     3     1        ALC,TGT                                            
 C2                         Local  178      R(8)            8     3     1        ALC,TGT                                            
 CCTIME                     Local  201      CHAR            10          scalar                                                      
 CD                         Local  179      R(8)            8     3     1        ALC,TGT                                            
 CDATE                      Local  202      CHAR            12          scalar                                                      
 CDHS                       Local  196      I(4)            4     1     1        ALC                                                
 CDMULT                     Local  182      R(8)            8     1     1        ALC                                                
 CMULT                      Local  182      R(8)            8     1     1        ALC                                                
 CPL                        Local  194      I(4)            4     1     1        PTR                                                
 CSSB                       Local  178      R(8)            8     3     1        ALC,TGT                                            
 CSSK                       Local  178      R(8)            8     3     1        ALC,TGT                                            
 CURRENT                    Local  174      R(8)            8           scalar                                                      
 CURZ1                      Local  205      R(8)            8     2     1        ALC,SAVE                                           
 CURZ2                      Local  205      R(8)            8     2     1        ALC,SAVE                                           
 CURZ3                      Local  205      R(8)            8     2     1        ALC,SAVE                                           
 CUS                        Local  195      I(4)            4     1     1        ALC                                                
 DAY                        Param  171      R(8)            8           scalar                                                      
 DENSITY                    Func   207      R(8)            8           scalar                                                      
 DHS                        Local  197      I(4)            4     1     1        ALC                                                
 DLT                        Local  173      R(8)            8           scalar                                                      
 DLTLIM                     Local  176      R(8)            8     2     1        PTR                                                
 DLTMIN                     Local  173      R(8)            8           scalar                                                      
 DLTTVD                     Local  173      R(8)            8           scalar                                                      
 DM                         Local  176      R(8)            8     2     1        PTR                                                
 DQB                        Local  197      I(4)            4     1     1        ALC                                                
 DS                         Local  195      I(4)            4     1     1        ALC                                                
 DZMAX                      Local  173      R(8)            8           scalar                    173                               
 DZMIN                      Param  171      R(8)            8           scalar                                                      
 EF                         Local  181      R(8)            8     4     1        ALC,TGT                                            
 ELKT                       Local  182      R(8)            8     1     1        ALC                                                
 ELLIM                      Local  186      R(4)            4     3     1        ALC                                                
 ENLIM                      Local  186      R(4)            4     3     1        ALC                                                
 EPLIM                      Local  186      R(4)            4     3     1        ALC                                                

Page 10          Source Listing                  SATO
2026-03-30 08:47 Symbol Table                    ..\..\..\w2modules.F90

 Name                       Object Declared Type            Bytes Dimen Elements Attributes       References                        
                                                                                                                                    
 ESLIM                      Local  186      R(4)            4     3     1        ALC                                                
 FLX                        Local  194      I(4)            4     1     1        PTR                                                
 FLX2                       Local  194      I(4)            4     1     1        PTR                                                
 FRAZDZ                     Param  171      R(8)            8           scalar                                                      
 G                          Local  206      R(8)            8           scalar                    206                               
 GLOBAL                     Module 168                                                                                              
 GRAV                       Local  176      R(8)            8     2     1        PTR                                                
 HDG                        Local  176      R(8)            8     2     1        PTR                                                
 HMAX2                      Local  174      R(8)            8           scalar                                                      
 HMULT                      Local  182      R(8)            8     1     1        ALC                                                
 HPG                        Local  176      R(8)            8     2     1        PTR                                                
 HYD                        Local  180      R(8)            8     3     1        ALC,TGT                                            
 I                          Local  190      I(4)            4           scalar                                                      
 ICE                        Local  200      L(4)            4     1     1        ALC                                                
 ICETH                      Local  182      R(8)            8     1     1        ALC                                                
 ICE_CALC                   Local  200      L(4)            4     1     1        ALC                                                
 ID                         Local  190      I(4)            4           scalar                                                      
 IMX                        Local  188      I(4)            4           scalar                                                      
 IU                         Local  190      I(4)            4           scalar                                                      
 JB                         Local  190      I(4)            4           scalar                                                      
 JBDN                       Local  195      I(4)            4     1     1        ALC                                                
 JC                         Local  190      I(4)            4           scalar                                                      
 JJB                        Local  190      I(4)            4           scalar                                                      
 JW                         Local  190      I(4)            4           scalar                                                      
 JZ                         Local  192      I(4)            4           scalar                                                      
 KB                         Local  196      I(4)            4     1     1        ALC                                                
 KBMIN                      Local  196      I(4)            4     1     1        ALC                                                
 KF                         Local  179      R(8)            8     3     1        ALC,TGT                                            
 KFS                        Local  185      R(4)            4     3     1        ALC                                                
 KMX                        Local  188      I(4)            4           scalar                                                      
 KT                         Local  190      I(4)            4           scalar                                                      
 KTI                        Local  196      I(4)            4     1     1        ALC                                                
 KTWB                       Local  196      I(4)            4     1     1        ALC                                                
 LAYERCHANGE                Local  200      L(4)            4     1     1        ALC                                                
 MODDIR                     Local  204      CHAR            180         scalar                                                      
 NAL                        Local  191      I(4)            4           scalar                                                      
 NBOD                       Local  188      I(4)            4           scalar                                                      
 NBODC                      Local  199      I(4)            4     1     1        ALC                                                
 NBODN                      Local  199      I(4)            4     1     1        ALC                                                
 NBODP                      Local  199      I(4)            4     1     1        ALC                                                
 NBR                        Local  188      I(4)            4           scalar                                                      
 NCT                        Local  188      I(4)            4           scalar                                                      
 NDC                        Local  191      I(4)            4           scalar                    191                               
 NEP                        Local  191      I(4)            4           scalar                                                      
 NEPT                       Local  191      I(4)            4           scalar                                                      
 NFL                        Local  191      I(4)            4           scalar                    191                               
 NGCE                       Local  193      I(4)            4           scalar                                                      
 NGCS                       Local  193      I(4)            4           scalar                                                      
 NGT                        Local  189      I(4)            4           scalar                                                      
 NH3GASLOSS                 Local  183      R(4)            4     1     1        ALC                                                
 NHY                        Local  191      I(4)            4           scalar                    191                               
 NIKTSR                     Local  189      I(4)            4           scalar                                                      
 NMC                        Local  192      I(4)            4           scalar                                                      
 NMCT                       Local  192      I(4)            4           scalar                                                      
 NOD                        Local  191      I(4)            4           scalar                                                      

Page 11          Source Listing                  SATO
2026-03-30 08:47 Symbol Table                    ..\..\..\w2modules.F90

 Name                       Object Declared Type            Bytes Dimen Elements Attributes       References                        
                                                                                                                                    
 NONZERO                    Param  171      R(8)            8           scalar                                                      
 NPI                        Local  189      I(4)            4           scalar                                                      
 NPU                        Local  189      I(4)            4           scalar                                                      
 NSP                        Local  189      I(4)            4           scalar                                                      
 NSS                        Local  191      I(4)            4           scalar                                                      
 NST                        Local  189      I(4)            4           scalar                                                      
 NTR                        Local  188      I(4)            4           scalar                                                      
 NTR1                       Local  188      I(4)            4           scalar                                                      
 NUNIT                      Local  189      I(4)            4           scalar                                                      
 NWB                        Local  188      I(4)            4           scalar                                                      
 NWD                        Local  188      I(4)            4           scalar                                                      
 NWDO                       Local  189      I(4)            4           scalar                                                      
 NZOOE                      Local  192      I(4)            4           scalar                                                      
 NZOOS                      Local  192      I(4)            4           scalar                                                      
 NZP                        Local  192      I(4)            4           scalar                                                      
 NZPT                       Local  192      I(4)            4           scalar                                                      
 OPT                        Local  198      I(4)            4     2     1        ALC,TGT                                            
 PALT                       Local  182      R(8)            8     1     1        ALC                                                
 PI                         Local  206      R(8)            8           scalar                    206                               
 PREC                       Module 169                                                            169                               
 PRF                        Local  194      I(4)            4     1     1        PTR                                                
 QDH1                       Local  184      R(8)            8     2     1        ALC                                                
 QSS                        Local  184      R(8)            8     2     1        ALC                                                
 QUH1                       Local  184      R(8)            8     2     1        ALC                                                
 R8                         Param  171      I(4)            4           scalar                    171,172,173,174,175,176,177,178,17
                                                                                                  9,180,181,182,184,205,206,207     
 RATZ                       Local  205      R(8)            8     2     1        ALC,SAVE                                           
 REFL                       Param  171      R(8)            8           scalar                                                      
 RHO                        Local  175      R(8)            8     2     1        PTR                                                
 RHOW                       Param  172      R(8)            8           scalar                                                      
 RSIFN                      Local  203      CHAR            72          scalar                                                      
 SB                         Local  175      R(8)            8     2     1        PTR                                                
 SKTI                       Local  196      I(4)            4     1     1        ALC                                                
 SNP                        Local  194      I(4)            4     1     1        PTR                                                
 SPR                        Local  194      I(4)            4     1     1        PTR                                                
 SPRV                       Local  194      I(4)            4     1     1        PTR                                                
 ST                         Local  175      R(8)            8     2     1        PTR                                                
 START                      Local  174      R(8)            8           scalar                                                      
 T1                         Local  177      R(8)            8     2     1        ALC,TGT                                            
 T2                         Local  175      R(8)            8     2     1        PTR                                                
 TNDTRIB                    Local  183      R(4)            4     1     1        ALC                                                
 TNIN                       Local  183      R(4)            4     1     1        ALC                                                
 TNOUT                      Local  183      R(4)            4     1     1        ALC                                                
 TNPR                       Local  183      R(4)            4     1     1        ALC                                                
 TNTRIB                     Local  183      R(4)            4     1     1        ALC                                                
 TNWD                       Local  183      R(4)            4     1     1        ALC                                                
 TN_SEDSOD_NH4              Local  183      R(4)            4     1     1        ALC                                                
 TPDTRIB                    Local  183      R(4)            4     1     1        ALC                                                
 TPIN                       Local  183      R(4)            4     1     1        ALC                                                
 TPOUT                      Local  183      R(4)            4     1     1        ALC                                                
 TPPR                       Local  183      R(4)            4     1     1        ALC                                                
 TPTRIB                     Local  183      R(4)            4     1     1        ALC                                                
 TPWD                       Local  183      R(4)            4     1     1        ALC                                                
 TP_SEDSOD_PO4              Local  183      R(4)            4     1     1        ALC                                                
 TSS                        Local  177      R(8)            8     2     1        ALC,TGT                                            

Page 12          Source Listing                  SATO
2026-03-30 08:47 Symbol Table                    ..\..\..\w2modules.F90

 Name                       Object Declared Type            Bytes Dimen Elements Attributes       References                        
                                                                                                                                    
 U                          Local  175      R(8)            8     2     1        PTR                                                
 UHS                        Local  197      I(4)            4     1     1        ALC                                                
 UQB                        Local  197      I(4)            4     1     1        ALC                                                
 US                         Local  195      I(4)            4     1     1        ALC                                                
 UXBR                       Local  184      R(8)            8     2     1        ALC                                                
 UYBR                       Local  184      R(8)            8     2     1        ALC                                                
 VOL                        Local  184      R(8)            8     2     1        ALC                                                
 VOLDH2                     Local  184      R(8)            8     2     1        ALC                                                
 VOLUH2                     Local  184      R(8)            8     2     1        ALC                                                
 VPL                        Local  194      I(4)            4     1     1        PTR                                                
 VSH                        Local  176      R(8)            8     2     1        PTR                                                
 W                          Local  175      R(8)            8     2     1        PTR                                                
 W2ERR                      Local  187      I(4)            4           scalar                    187                               
 W2VER                      Local  170      R(4)            4           scalar                    170                               
 WIND2                      Local  182      R(8)            8     1     1        ALC                                                
 WRN                        Local  187      I(4)            4           scalar                    187                               
 Z0                         Local  182      R(8)            8     1     1        ALC                                                

Page 13          Source Listing                  SATO
2026-03-30 08:47                                 ..\..\..\w2modules.F90

    210 MODULE GEOMC
    211   USE PREC
    212   INTEGER,           ALLOCATABLE, DIMENSION(:)       :: JBUH,   JBDH,   JWUH,   JWDH
    213   REAL(R8),          ALLOCATABLE, DIMENSION(:)       :: ALPHA,  SINA,   COSA,   SLOPE,  BKT,    DLX,    DLXR, SLOPEC, SINAC
    214   REAL(R8),          ALLOCATABLE, DIMENSION(:,:)     :: H,      H1,     H2,     BH1,    BH2,    BHR1,    BHR2,   AVHR, BHRAT
    214 IO
    215   REAL(R8),          ALLOCATABLE, DIMENSION(:,:)     :: B,      BI,     BB,     BH,     BHR,    BR,      EL,     AVH1,  AVH2
    215 , BNEW ! SW 1/23/06
    216   REAL(R8),          ALLOCATABLE, DIMENSION(:,:)     :: DEPTHB, DEPTHM, FETCHU, FETCHD
    217   REAL(R8),          ALLOCATABLE, DIMENSION(:)       :: Z, ELWS, SELWS
    218   REAL(R8),          ALLOCATABLE, DIMENSION(:)       :: BCONSTRICTION
    219   REAL(R8)                                           :: HTMP1,  HTMP2      ! temporary variables    SR 7/2024
    220   LOGICAL,           ALLOCATABLE, DIMENSION(:,:)     :: CONSTRICTION
    221 END MODULE GEOMC


SYMBOL CROSS REFERENCE

 Name                       Object Declared Type            Bytes Dimen Elements Attributes       References                        
                                                                                                                                    
 ALPHA                      Local  213      R(8)            8     1     1        ALC                                                
 AVH1                       Local  215      R(8)            8     2     1        ALC                                                
 AVH2                       Local  215      R(8)            8     2     1        ALC                                                
 AVHR                       Local  214      R(8)            8     2     1        ALC                                                
 B                          Local  215      R(8)            8     2     1        ALC                                                
 BB                         Local  215      R(8)            8     2     1        ALC                                                
 BCONSTRICTION              Local  218      R(8)            8     1     1        ALC                                                
 BH                         Local  215      R(8)            8     2     1        ALC                                                
 BH1                        Local  214      R(8)            8     2     1        ALC                                                
 BH2                        Local  214      R(8)            8     2     1        ALC                                                
 BHR                        Local  215      R(8)            8     2     1        ALC                                                
 BHR1                       Local  214      R(8)            8     2     1        ALC                                                
 BHR2                       Local  214      R(8)            8     2     1        ALC                                                
 BHRATIO                    Local  214      R(8)            8     2     1        ALC                                                
 BI                         Local  215      R(8)            8     2     1        ALC                                                
 BKT                        Local  213      R(8)            8     1     1        ALC                                                
 BNEW                       Local  215      R(8)            8     2     1        ALC                                                
 BR                         Local  215      R(8)            8     2     1        ALC                                                
 CONSTRICTION               Local  220      L(4)            4     2     1        ALC                                                
 COSA                       Local  213      R(8)            8     1     1        ALC                                                
 DEPTHB                     Local  216      R(8)            8     2     1        ALC                                                
 DEPTHM                     Local  216      R(8)            8     2     1        ALC                                                
 DLX                        Local  213      R(8)            8     1     1        ALC                                                
 DLXR                       Local  213      R(8)            8     1     1        ALC                                                
 EL                         Local  215      R(8)            8     2     1        ALC                                                
 ELWS                       Local  217      R(8)            8     1     1        ALC                                                
 FETCHD                     Local  216      R(8)            8     2     1        ALC                                                
 FETCHU                     Local  216      R(8)            8     2     1        ALC                                                
 GEOMC                      Module 210                                                                                              
 H                          Local  214      R(8)            8     2     1        ALC                                                
 H1                         Local  214      R(8)            8     2     1        ALC                                                
 H2                         Local  214      R(8)            8     2     1        ALC                                                
 HTMP1                      Local  219      R(8)            8           scalar                                                      
 HTMP2                      Local  219      R(8)            8           scalar                                                      
 JBDH                       Local  212      I(4)            4     1     1        ALC                                                
 JBUH                       Local  212      I(4)            4     1     1        ALC                                                
 JWDH                       Local  212      I(4)            4     1     1        ALC                                                

Page 14          Source Listing                  SATO
2026-03-30 08:47 Symbol Table                    ..\..\..\w2modules.F90

 Name                       Object Declared Type            Bytes Dimen Elements Attributes       References                        
                                                                                                                                    
 JWUH                       Local  212      I(4)            4     1     1        ALC                                                
 PREC                       Module 211                                                            211                               
 R8                         Param  213      I(4)            4           scalar                    213,214,215,216,217,218,219       
 SELWS                      Local  217      R(8)            8     1     1        ALC                                                
 SINA                       Local  213      R(8)            8     1     1        ALC                                                
 SINAC                      Local  213      R(8)            8     1     1        ALC                                                
 SLOPE                      Local  213      R(8)            8     1     1        ALC                                                
 SLOPEC                     Local  213      R(8)            8     1     1        ALC                                                
 Z                          Local  217      R(8)            8     1     1        ALC                                                

Page 15          Source Listing                  SATO
2026-03-30 08:47                                 ..\..\..\w2modules.F90

    222 MODULE NAMESC
    223   INTEGER,           ALLOCATABLE, DIMENSION(:)       :: LNAME
    224   CHARACTER(9),      ALLOCATABLE, DIMENSION(:)       :: CUNIT,  CUNIT2, CUNIT3    ! (6) SW 8/24/2023
    225   CHARACTER(15),      ALLOCATABLE, DIMENSION(:)      :: CNAME2, CDNAME2
    226   CHARACTER(9),      ALLOCATABLE, DIMENSION(:)       :: FMTH,   FMTC,   FMTCD
    227   CHARACTER(43),     ALLOCATABLE, DIMENSION(:)       :: CNAME1, CDNAME1
    228   CHARACTER(43),     ALLOCATABLE, DIMENSION(:)       :: CNAME,  CNAME3, CDNAME, CDNAME3, HNAME
    229   CHARACTER(72),     ALLOCATABLE, DIMENSION(:)       :: TITLE
    230   CHARACTER(10),     ALLOCATABLE, DIMENSION(:,:)     :: CONV
    231 END MODULE NAMESC


SYMBOL CROSS REFERENCE

 Name                       Object Declared Type            Bytes Dimen Elements Attributes       References                        
                                                                                                                                    
 CDNAME                     Local  228      CHAR            43    1     1        ALC                                                
 CDNAME1                    Local  227      CHAR            43    1     1        ALC                                                
 CDNAME2                    Local  225      CHAR            15    1     1        ALC                                                
 CDNAME3                    Local  228      CHAR            43    1     1        ALC                                                
 CNAME                      Local  228      CHAR            43    1     1        ALC                                                
 CNAME1                     Local  227      CHAR            43    1     1        ALC                                                
 CNAME2                     Local  225      CHAR            15    1     1        ALC                                                
 CNAME3                     Local  228      CHAR            43    1     1        ALC                                                
 CONV                       Local  230      CHAR            10    2     1        ALC                                                
 CUNIT                      Local  224      CHAR            9     1     1        ALC                                                
 CUNIT2                     Local  224      CHAR            9     1     1        ALC                                                
 CUNIT3                     Local  224      CHAR            9     1     1        ALC                                                
 FMTC                       Local  226      CHAR            9     1     1        ALC                                                
 FMTCD                      Local  226      CHAR            9     1     1        ALC                                                
 FMTH                       Local  226      CHAR            9     1     1        ALC                                                
 HNAME                      Local  228      CHAR            43    1     1        ALC                                                
 LNAME                      Local  223      I(4)            4     1     1        ALC                                                
 NAMESC                     Module 222                                                                                              
 TITLE                      Local  229      CHAR            72    1     1        ALC                                                

Page 16          Source Listing                  SATO
2026-03-30 08:47                                 ..\..\..\w2modules.F90

    232 MODULE STRUCTURES
    233   USE PREC
    234   REAL(R8)                                           :: DIA,    FMAN,   CLEN,   CLOSS,  UPIE,   DNIE
    235   REAL(R8),          ALLOCATABLE, DIMENSION(:)       :: QOLD,   QOLDS,  VMAX,   DTP,    DTPS
    236   REAL(R8),          ALLOCATABLE, DIMENSION(:)       :: EGT,    A1GT,   B1GT,   G1GT,   A2GT,   B2GT,   G2GT, EGT2
    237   REAL(R8),          ALLOCATABLE, DIMENSION(:)       :: QGT,    GTA1,   GTB1,   GTA2,   GTB2,   BGT
    238   REAL(R8),          ALLOCATABLE, DIMENSION(:)       :: QSP,    A1SP,   B1SP,   A2SP,   B2SP,   ESP
    239   REAL(R8),          ALLOCATABLE, DIMENSION(:)       :: EUPI,   EDPI,   WPI,    DLXPI,  FPI,    FMINPI, QPI, BP
    240   REAL(R8),          ALLOCATABLE, DIMENSION(:,:)     :: YS,     VS,     YSS,    VSS,    YST,    VST,    YSTS,   VSTS
    241   INTEGER,           ALLOCATABLE, DIMENSION(:)       :: IUPI,   IDPI,   JWUPI,  JWDPI,  JBDPI,  JBUPI
    242   INTEGER,           ALLOCATABLE, DIMENSION(:)       :: IUSP,   IDSP,   JWUSP,  JWDSP,  JBUSP,  JBDSP
    243   INTEGER,           ALLOCATABLE, DIMENSION(:)       :: IUGT,   IDGT,   JWUGT,  JWDGT,  JBUGT,  JBDGT
    244   INTEGER,           ALLOCATABLE, DIMENSION(:)       :: IWR,    KTWR,   KBWR
    245   REAL,              ALLOCATABLE, DIMENSION(:)       :: EKTWR,  EKBWR     ! SW 3/18/16
    246   LOGICAL,           ALLOCATABLE, DIMENSION(:)       :: LATERAL_SPILLWAY, LATERAL_PIPE, LATERAL_GATE, LATERAL_PUMP, BEGIN, W
    246 LFLAG, PUMP_DOWNSTREAM
    247   CHARACTER(8),      ALLOCATABLE, DIMENSION(:)       :: LATGTC, LATSPC, LATPIC, LATPUC, DYNGTC, DYNPIPE, DYNPUMP            
    247              ! SW 5/10/10
    248   CHARACTER(8)                                       :: GT2CHAR 
    249   REAL(R8),      ALLOCATABLE, DIMENSION(:)           :: EPU,    STRTPU, ENDPU,  EONPU,  EOFFPU, QPU
    250   INTEGER,       ALLOCATABLE, DIMENSION(:)           :: IUPU,   IDPU,   KTPU,   KBPU,   JWUPU,  JWDPU,  JBUPU,  JBDPU
    251   REAL(R8)                                           :: THR=0.01D0, OMEGA=0.8D0, EPS2=0.0001D0
    252   INTEGER                                            :: NN=19, NNPIPE=19, NC=7
    253   REAL,              ALLOCATABLE, DIMENSION(:)       :: EGTO,BGTO       
    254   CHARACTER(8),      ALLOCATABLE, DIMENSION(:)       :: GTIC            
    255   LOGICAL,      ALLOCATABLE, DIMENSION(:,:)          :: ACTIVE_RULE_W2SELECTIVE
    256 END MODULE STRUCTURES


SYMBOL CROSS REFERENCE

 Name                       Object Declared Type            Bytes Dimen Elements Attributes       References                        
                                                                                                                                    
 A1GT                       Local  236      R(8)            8     1     1        ALC                                                
 A1SP                       Local  238      R(8)            8     1     1        ALC                                                
 A2GT                       Local  236      R(8)            8     1     1        ALC                                                
 A2SP                       Local  238      R(8)            8     1     1        ALC                                                
 ACTIVE_RULE_W2SELECTIVE    Local  255      L(4)            4     2     1        ALC                                                
 B1GT                       Local  236      R(8)            8     1     1        ALC                                                
 B1SP                       Local  238      R(8)            8     1     1        ALC                                                
 B2GT                       Local  236      R(8)            8     1     1        ALC                                                
 B2SP                       Local  238      R(8)            8     1     1        ALC                                                
 BEGIN                      Local  246      L(4)            4     1     1        ALC                                                
 BGT                        Local  237      R(8)            8     1     1        ALC                                                
 BGTO                       Local  253      R(4)            4     1     1        ALC                                                
 BP                         Local  239      R(8)            8     1     1        ALC                                                
 CLEN                       Local  234      R(8)            8           scalar                                                      
 CLOSS                      Local  234      R(8)            8           scalar                                                      
 DIA                        Local  234      R(8)            8           scalar                                                      
 DLXPI                      Local  239      R(8)            8     1     1        ALC                                                
 DNIE                       Local  234      R(8)            8           scalar                                                      
 DTP                        Local  235      R(8)            8     1     1        ALC                                                
 DTPS                       Local  235      R(8)            8     1     1        ALC                                                
 DYNGTC                     Local  247      CHAR            8     1     1        ALC                                                
 DYNPIPE                    Local  247      CHAR            8     1     1        ALC                                                
 DYNPUMP                    Local  247      CHAR            8     1     1        ALC                                                
 EDPI                       Local  239      R(8)            8     1     1        ALC                                                

Page 17          Source Listing                  SATO
2026-03-30 08:47 Symbol Table                    ..\..\..\w2modules.F90

 Name                       Object Declared Type            Bytes Dimen Elements Attributes       References                        
                                                                                                                                    
 EGT                        Local  236      R(8)            8     1     1        ALC                                                
 EGT2                       Local  236      R(8)            8     1     1        ALC                                                
 EGTO                       Local  253      R(4)            4     1     1        ALC                                                
 EKBWR                      Local  245      R(4)            4     1     1        ALC                                                
 EKTWR                      Local  245      R(4)            4     1     1        ALC                                                
 ENDPU                      Local  249      R(8)            8     1     1        ALC                                                
 EOFFPU                     Local  249      R(8)            8     1     1        ALC                                                
 EONPU                      Local  249      R(8)            8     1     1        ALC                                                
 EPS2                       Local  251      R(8)            8           scalar                    251                               
 EPU                        Local  249      R(8)            8     1     1        ALC                                                
 ESP                        Local  238      R(8)            8     1     1        ALC                                                
 EUPI                       Local  239      R(8)            8     1     1        ALC                                                
 FMAN                       Local  234      R(8)            8           scalar                                                      
 FMINPI                     Local  239      R(8)            8     1     1        ALC                                                
 FPI                        Local  239      R(8)            8     1     1        ALC                                                
 G1GT                       Local  236      R(8)            8     1     1        ALC                                                
 G2GT                       Local  236      R(8)            8     1     1        ALC                                                
 GT2CHAR                    Local  248      CHAR            8           scalar                                                      
 GTA1                       Local  237      R(8)            8     1     1        ALC                                                
 GTA2                       Local  237      R(8)            8     1     1        ALC                                                
 GTB1                       Local  237      R(8)            8     1     1        ALC                                                
 GTB2                       Local  237      R(8)            8     1     1        ALC                                                
 GTIC                       Local  254      CHAR            8     1     1        ALC                                                
 IDGT                       Local  243      I(4)            4     1     1        ALC                                                
 IDPI                       Local  241      I(4)            4     1     1        ALC                                                
 IDPU                       Local  250      I(4)            4     1     1        ALC                                                
 IDSP                       Local  242      I(4)            4     1     1        ALC                                                
 IUGT                       Local  243      I(4)            4     1     1        ALC                                                
 IUPI                       Local  241      I(4)            4     1     1        ALC                                                
 IUPU                       Local  250      I(4)            4     1     1        ALC                                                
 IUSP                       Local  242      I(4)            4     1     1        ALC                                                
 IWR                        Local  244      I(4)            4     1     1        ALC                                                
 JBDGT                      Local  243      I(4)            4     1     1        ALC                                                
 JBDPI                      Local  241      I(4)            4     1     1        ALC                                                
 JBDPU                      Local  250      I(4)            4     1     1        ALC                                                
 JBDSP                      Local  242      I(4)            4     1     1        ALC                                                
 JBUGT                      Local  243      I(4)            4     1     1        ALC                                                
 JBUPI                      Local  241      I(4)            4     1     1        ALC                                                
 JBUPU                      Local  250      I(4)            4     1     1        ALC                                                
 JBUSP                      Local  242      I(4)            4     1     1        ALC                                                
 JWDGT                      Local  243      I(4)            4     1     1        ALC                                                
 JWDPI                      Local  241      I(4)            4     1     1        ALC                                                
 JWDPU                      Local  250      I(4)            4     1     1        ALC                                                
 JWDSP                      Local  242      I(4)            4     1     1        ALC                                                
 JWUGT                      Local  243      I(4)            4     1     1        ALC                                                
 JWUPI                      Local  241      I(4)            4     1     1        ALC                                                
 JWUPU                      Local  250      I(4)            4     1     1        ALC                                                
 JWUSP                      Local  242      I(4)            4     1     1        ALC                                                
 KBPU                       Local  250      I(4)            4     1     1        ALC                                                
 KBWR                       Local  244      I(4)            4     1     1        ALC                                                
 KTPU                       Local  250      I(4)            4     1     1        ALC                                                
 KTWR                       Local  244      I(4)            4     1     1        ALC                                                
 LATERAL_GATE               Local  246      L(4)            4     1     1        ALC                                                
 LATERAL_PIPE               Local  246      L(4)            4     1     1        ALC                                                
 LATERAL_PUMP               Local  246      L(4)            4     1     1        ALC                                                

Page 18          Source Listing                  SATO
2026-03-30 08:47 Symbol Table                    ..\..\..\w2modules.F90

 Name                       Object Declared Type            Bytes Dimen Elements Attributes       References                        
                                                                                                                                    
 LATERAL_SPILLWAY           Local  246      L(4)            4     1     1        ALC                                                
 LATGTC                     Local  247      CHAR            8     1     1        ALC                                                
 LATPIC                     Local  247      CHAR            8     1     1        ALC                                                
 LATPUC                     Local  247      CHAR            8     1     1        ALC                                                
 LATSPC                     Local  247      CHAR            8     1     1        ALC                                                
 NC                         Local  252      I(4)            4           scalar                    252                               
 NN                         Local  252      I(4)            4           scalar                    252                               
 NNPIPE                     Local  252      I(4)            4           scalar                    252                               
 OMEGA                      Local  251      R(8)            8           scalar                    251                               
 PREC                       Module 233                                                            233                               
 PUMP_DOWNSTREAM            Local  246      L(4)            4     1     1        ALC                                                
 QGT                        Local  237      R(8)            8     1     1        ALC                                                
 QOLD                       Local  235      R(8)            8     1     1        ALC                                                
 QOLDS                      Local  235      R(8)            8     1     1        ALC                                                
 QPI                        Local  239      R(8)            8     1     1        ALC                                                
 QPU                        Local  249      R(8)            8     1     1        ALC                                                
 QSP                        Local  238      R(8)            8     1     1        ALC                                                
 R8                         Param  234      I(4)            4           scalar                    234,235,236,237,238,239,240,249,25
                                                                                                  1                                 
 STRTPU                     Local  249      R(8)            8     1     1        ALC                                                
 STRUCTURES                 Module 232                                                                                              
 THR                        Local  251      R(8)            8           scalar                    251                               
 UPIE                       Local  234      R(8)            8           scalar                                                      
 VMAX                       Local  235      R(8)            8     1     1        ALC                                                
 VS                         Local  240      R(8)            8     2     1        ALC                                                
 VSS                        Local  240      R(8)            8     2     1        ALC                                                
 VST                        Local  240      R(8)            8     2     1        ALC                                                
 VSTS                       Local  240      R(8)            8     2     1        ALC                                                
 WLFLAG                     Local  246      L(4)            4     1     1        ALC                                                
 WPI                        Local  239      R(8)            8     1     1        ALC                                                
 YS                         Local  240      R(8)            8     2     1        ALC                                                
 YSS                        Local  240      R(8)            8     2     1        ALC                                                
 YST                        Local  240      R(8)            8     2     1        ALC                                                
 YSTS                       Local  240      R(8)            8     2     1        ALC                                                

Page 19          Source Listing                  SATO
2026-03-30 08:47                                 ..\..\..\w2modules.F90

    257 MODULE TRANS
    258   USE PREC
    259   REAL(R8),          ALLOCATABLE, DIMENSION(:)       :: THETA
    260   REAL(R8),POINTER,               DIMENSION(:,:)     :: COLD,   CNEW,   SSB,    SSK
    261   REAL(R8),          ALLOCATABLE, DIMENSION(:,:)     :: DX,     DZ,     DZQ
    262   REAL(R8),          ALLOCATABLE, DIMENSION(:,:)     :: ADX,    ADZ,    AT,     VT,     CT,     DT
    263 END MODULE TRANS


SYMBOL CROSS REFERENCE

 Name                       Object Declared Type            Bytes Dimen Elements Attributes       References                        
                                                                                                                                    
 ADX                        Local  262      R(8)            8     2     1        ALC                                                
 ADZ                        Local  262      R(8)            8     2     1        ALC                                                
 AT                         Local  262      R(8)            8     2     1        ALC                                                
 CNEW                       Local  260      R(8)            8     2     1        PTR                                                
 COLD                       Local  260      R(8)            8     2     1        PTR                                                
 CT                         Local  262      R(8)            8     2     1        ALC                                                
 DT                         Local  262      R(8)            8     2     1        ALC                                                
 DX                         Local  261      R(8)            8     2     1        ALC                                                
 DZ                         Local  261      R(8)            8     2     1        ALC                                                
 DZQ                        Local  261      R(8)            8     2     1        ALC                                                
 PREC                       Module 258                                                            258                               
 R8                         Param  259      I(4)            4           scalar                    259,260,261,262                   
 SSB                        Local  260      R(8)            8     2     1        PTR                                                
 SSK                        Local  260      R(8)            8     2     1        PTR                                                
 THETA                      Local  259      R(8)            8     1     1        ALC                                                
 TRANS                      Module 257                                                                                              
 VT                         Local  262      R(8)            8     2     1        ALC                                                

Page 20          Source Listing                  SATO
2026-03-30 08:47                                 ..\..\..\w2modules.F90

    264 MODULE SURFHE
    265 USE PREC
    266   REAL(R8)                                           :: RHOWCP     !, PHISET
    267   REAL(R8),          ALLOCATABLE, DIMENSION(:)       :: ET,     CSHE,   LAT,    LONGIT, SHADE,  RB,     RE,     RC
    268   REAL(R8),          ALLOCATABLE, DIMENSION(:)       :: WIND,   WINDH,  WSC,    AFW,    BFW,    CFW,    PHI0
    269   LOGICAL,       ALLOCATABLE, DIMENSION(:)       :: RH_EVAP
    270   INTEGER,       ALLOCATABLE, DIMENSION(:)       :: IWIND  !MLM 08/12/05
    271 END MODULE SURFHE


SYMBOL CROSS REFERENCE

 Name                       Object Declared Type            Bytes Dimen Elements Attributes       References                        
                                                                                                                                    
 AFW                        Local  268      R(8)            8     1     1        ALC                                                
 BFW                        Local  268      R(8)            8     1     1        ALC                                                
 CFW                        Local  268      R(8)            8     1     1        ALC                                                
 CSHE                       Local  267      R(8)            8     1     1        ALC                                                
 ET                         Local  267      R(8)            8     1     1        ALC                                                
 IWIND                      Local  270      I(4)            4     1     1        ALC                                                
 LAT                        Local  267      R(8)            8     1     1        ALC                                                
 LONGIT                     Local  267      R(8)            8     1     1        ALC                                                
 PHI0                       Local  268      R(8)            8     1     1        ALC                                                
 PREC                       Module 265                                                            265                               
 R8                         Param  266      I(4)            4           scalar                    266,267,268                       
 RB                         Local  267      R(8)            8     1     1        ALC                                                
 RC                         Local  267      R(8)            8     1     1        ALC                                                
 RE                         Local  267      R(8)            8     1     1        ALC                                                
 RHOWCP                     Local  266      R(8)            8           scalar                                                      
 RH_EVAP                    Local  269      L(4)            4     1     1        ALC                                                
 SHADE                      Local  267      R(8)            8     1     1        ALC                                                
 SURFHE                     Module 264                                                                                              
 WIND                       Local  268      R(8)            8     1     1        ALC                                                
 WINDH                      Local  268      R(8)            8     1     1        ALC                                                
 WSC                        Local  268      R(8)            8     1     1        ALC                                                

Page 21          Source Listing                  SATO
2026-03-30 08:47                                 ..\..\..\w2modules.F90

    272 MODULE TVDC
    273   USE PREC
    274   REAL(R8),              ALLOCATABLE, DIMENSION(:)       :: QIN,    QTR,    QDTR,   PR,     ELUH,   ELDH,   QSUM
    275   REAL(R8),              ALLOCATABLE, DIMENSION(:)       :: TIN,    TTR,    TDTR,   TPR,    TOUT,   TWDO,   TIND,   QIND
    276   REAL(R8),              ALLOCATABLE, DIMENSION(:)       :: TAIR,   TDEW,   CLOUD,  PHI,    SRON,   PALT_JW,ELWS_INI        
    276                       ! systdg PALT_JW, ELWS_INI
    277   REAL(R8),              ALLOCATABLE, DIMENSION(:,:)     :: CIN,    CTR,    CDTR,   CPR,    CIND,   TUH,    TDH,    QOUT
    278   REAL(R8),              ALLOCATABLE, DIMENSION(:,:,:)   :: CUH,    CDH
    279   REAL(R8),              ALLOCATABLE, DIMENSION(:)       :: QWD,    QWDSAV                                                !S
    279 R 06/29/2021
    280   INTEGER                                            :: NAC,    NOPEN
    281   INTEGER,           ALLOCATABLE, DIMENSION(:)       :: NACPR,  NACIN,  NACDT,  NACTR,  NACD,   CN, CDNN
    282   INTEGER,           ALLOCATABLE, DIMENSION(:,:)     :: TRCN,   INCN,   DTCN,   PRCN
    283   LOGICAL                                            :: CONSTITUENTS
    284   CHARACTER(72)                                      :: QGTFN,  QWDFN,  WSCFN,  SHDFN
    285   CHARACTER(72),     ALLOCATABLE, DIMENSION(:)       :: METFN,  QOTFN,  QINFN,  TINFN,  CINFN,  QTRFN,  TTRFN,  CTRFN,  QDTF
    285 N
    286   CHARACTER(72),     ALLOCATABLE, DIMENSION(:)       :: TDTFN,  CDTFN,  PREFN,  TPRFN,  CPRFN,  EUHFN,  TUHFN,  CUHFN,  EDHF
    286 N
    287   CHARACTER(72),     ALLOCATABLE, DIMENSION(:)       :: EXTFN,  CDHFN,  TDHFN
    288   INTEGER                                            :: WAIT_TIME,      TIME_BUFFER                                     !SR 
    288 11/26/19
    289   LOGICAL,           ALLOCATABLE, DIMENSION(:)       :: WAIT_FOR_TRIB_INPUT,    WAIT_FOR_BRANCH_INPUT                   !SR 
    289 11/26/19
    290   CHARACTER(240),    ALLOCATABLE, DIMENSION(:)       :: TR_FILEDIR,     BR_FILEDIR
    291 END MODULE TVDC


SYMBOL CROSS REFERENCE

 Name                       Object Declared Type            Bytes Dimen Elements Attributes       References                        
                                                                                                                                    
 BR_FILEDIR                 Local  290      CHAR            240   1     1        ALC                                                
 CDH                        Local  278      R(8)            8     3     1        ALC                                                
 CDHFN                      Local  287      CHAR            72    1     1        ALC                                                
 CDNN                       Local  281      I(4)            4     1     1        ALC                                                
 CDTFN                      Local  286      CHAR            72    1     1        ALC                                                
 CDTR                       Local  277      R(8)            8     2     1        ALC                                                
 CIN                        Local  277      R(8)            8     2     1        ALC                                                
 CIND                       Local  277      R(8)            8     2     1        ALC                                                
 CINFN                      Local  285      CHAR            72    1     1        ALC                                                
 CLOUD                      Local  276      R(8)            8     1     1        ALC                                                
 CN                         Local  281      I(4)            4     1     1        ALC                                                
 CONSTITUENTS               Local  283      L(4)            4           scalar                                                      
 CPR                        Local  277      R(8)            8     2     1        ALC                                                
 CPRFN                      Local  286      CHAR            72    1     1        ALC                                                
 CTR                        Local  277      R(8)            8     2     1        ALC                                                
 CTRFN                      Local  285      CHAR            72    1     1        ALC                                                
 CUH                        Local  278      R(8)            8     3     1        ALC                                                
 CUHFN                      Local  286      CHAR            72    1     1        ALC                                                
 DTCN                       Local  282      I(4)            4     2     1        ALC                                                
 EDHFN                      Local  286      CHAR            72    1     1        ALC                                                
 ELDH                       Local  274      R(8)            8     1     1        ALC                                                
 ELUH                       Local  274      R(8)            8     1     1        ALC                                                
 ELWS_INI                   Local  276      R(8)            8     1     1        ALC                                                
 EUHFN                      Local  286      CHAR            72    1     1        ALC                                                
 EXTFN                      Local  287      CHAR            72    1     1        ALC                                                

Page 22          Source Listing                  SATO
2026-03-30 08:47 Symbol Table                    ..\..\..\w2modules.F90

 Name                       Object Declared Type            Bytes Dimen Elements Attributes       References                        
                                                                                                                                    
 INCN                       Local  282      I(4)            4     2     1        ALC                                                
 METFN                      Local  285      CHAR            72    1     1        ALC                                                
 NAC                        Local  280      I(4)            4           scalar                                                      
 NACD                       Local  281      I(4)            4     1     1        ALC                                                
 NACDT                      Local  281      I(4)            4     1     1        ALC                                                
 NACIN                      Local  281      I(4)            4     1     1        ALC                                                
 NACPR                      Local  281      I(4)            4     1     1        ALC                                                
 NACTR                      Local  281      I(4)            4     1     1        ALC                                                
 NOPEN                      Local  280      I(4)            4           scalar                                                      
 PALT_JW                    Local  276      R(8)            8     1     1        ALC                                                
 PHI                        Local  276      R(8)            8     1     1        ALC                                                
 PR                         Local  274      R(8)            8     1     1        ALC                                                
 PRCN                       Local  282      I(4)            4     2     1        ALC                                                
 PREC                       Module 273                                                            273                               
 PREFN                      Local  286      CHAR            72    1     1        ALC                                                
 QDTFN                      Local  285      CHAR            72    1     1        ALC                                                
 QDTR                       Local  274      R(8)            8     1     1        ALC                                                
 QGTFN                      Local  284      CHAR            72          scalar                                                      
 QIN                        Local  274      R(8)            8     1     1        ALC                                                
 QIND                       Local  275      R(8)            8     1     1        ALC                                                
 QINFN                      Local  285      CHAR            72    1     1        ALC                                                
 QOTFN                      Local  285      CHAR            72    1     1        ALC                                                
 QOUT                       Local  277      R(8)            8     2     1        ALC                                                
 QSUM                       Local  274      R(8)            8     1     1        ALC                                                
 QTR                        Local  274      R(8)            8     1     1        ALC                                                
 QTRFN                      Local  285      CHAR            72    1     1        ALC                                                
 QWD                        Local  279      R(8)            8     1     1        ALC                                                
 QWDFN                      Local  284      CHAR            72          scalar                                                      
 QWDSAV                     Local  279      R(8)            8     1     1        ALC                                                
 R8                         Param  274      I(4)            4           scalar                    274,275,276,277,278,279           
 SHDFN                      Local  284      CHAR            72          scalar                                                      
 SRON                       Local  276      R(8)            8     1     1        ALC                                                
 TAIR                       Local  276      R(8)            8     1     1        ALC                                                
 TDEW                       Local  276      R(8)            8     1     1        ALC                                                
 TDH                        Local  277      R(8)            8     2     1        ALC                                                
 TDHFN                      Local  287      CHAR            72    1     1        ALC                                                
 TDTFN                      Local  286      CHAR            72    1     1        ALC                                                
 TDTR                       Local  275      R(8)            8     1     1        ALC                                                
 TIME_BUFFER                Local  288      I(4)            4           scalar                                                      
 TIN                        Local  275      R(8)            8     1     1        ALC                                                
 TIND                       Local  275      R(8)            8     1     1        ALC                                                
 TINFN                      Local  285      CHAR            72    1     1        ALC                                                
 TOUT                       Local  275      R(8)            8     1     1        ALC                                                
 TPR                        Local  275      R(8)            8     1     1        ALC                                                
 TPRFN                      Local  286      CHAR            72    1     1        ALC                                                
 TRCN                       Local  282      I(4)            4     2     1        ALC                                                
 TR_FILEDIR                 Local  290      CHAR            240   1     1        ALC                                                
 TTR                        Local  275      R(8)            8     1     1        ALC                                                
 TTRFN                      Local  285      CHAR            72    1     1        ALC                                                
 TUH                        Local  277      R(8)            8     2     1        ALC                                                
 TUHFN                      Local  286      CHAR            72    1     1        ALC                                                
 TVDC                       Module 272                                                                                              
 TWDO                       Local  275      R(8)            8     1     1        ALC                                                
 WAIT_FOR_BRANCH_INPUT      Local  289      L(4)            4     1     1        ALC                                                
 WAIT_FOR_TRIB_INPUT        Local  289      L(4)            4     1     1        ALC                                                

Page 23          Source Listing                  SATO
2026-03-30 08:47 Symbol Table                    ..\..\..\w2modules.F90

 Name                       Object Declared Type            Bytes Dimen Elements Attributes       References                        
                                                                                                                                    
 WAIT_TIME                  Local  288      I(4)            4           scalar                                                      
 WSCFN                      Local  284      CHAR            72          scalar                                                      

Page 24          Source Listing                  SATO
2026-03-30 08:47                                 ..\..\..\w2modules.F90

    292 MODULE KINETIC
    293   USE PREC
    294   REAL                                               :: KDO, PCO2,PCO2ATMPPM   ! SW 8/16/2020
    295   REAL(R8)                                           :: O2CH4, O2H2S, O2FE2, O2MN2
    296   REAL(R8),    ALLOCATABLE, DIMENSION(:)             :: CoeffA_Turb, CoeffB_Turb,SECC_PAR 
    297   REAL(R8),    ALLOCATABLE, DIMENSION(:)             :: H2SQ10, H2S1DK, CH4Q10, CH41DK
    298   REAL(R8),    ALLOCATABLE, DIMENSION(:)             :: CH4R, H2SR, FEIIR, MNIIR, SO4R
    299   REAL(R8),    ALLOCATABLE, DIMENSION(:)             :: KFE_OXID, KFE_RED, KFEOOH_HalfSat, FeSetVel, KMN_OXID, KMN_RED, KMNO
    299 2_HalfSat, MnSetVel
    300   REAL(R8),    ALLOCATABLE, DIMENSION(:)             :: BACTQ10, BACT1DK, BACTLDK, BACTS  !A_DISG, B_DISG, C_DISG
    301   REAL(R8),    POINTER,           DIMENSION(:,:)     :: TDS,    COL,    NH4,    NO3,    PO4,   DSI,    PSI,    LDOM
    302   REAL(R8),    POINTER,           DIMENSION(:,:)     :: N2, H2S, CH4, SO4, FEII, FEOOH, MNII, MNO2
    303   REAL(R8),    POINTER,           DIMENSION(:,:)     :: WAGE, BACT, DGP
    304   REAL(R8),    POINTER,           DIMENSION(:,:)     :: RDOM,   LPOM,   RPOM,   O2,     TIC,    ALK
    305   REAL(R8),    POINTER,           DIMENSION(:,:)     :: COLSS,  NH4SS,  NO3SS,  PO4SS,  FESS,   DSISS,  PSISS,  LDOMSS
    306   REAL(R8),    POINTER,           DIMENSION(:,:)     :: N2SS, H2SSS, CH4SS, SO4SS, FEIISS, FEOOHSS, MNIISS, MNO2SS
    307   REAL(R8),    POINTER,           DIMENSION(:,:)     :: AGESS, BACTSS, DISGSS
    308   REAL(R8),    POINTER,           DIMENSION(:,:)     :: RDOMSS, LPOMSS, RPOMSS, DOSS,   TICSS,  CASS
    309   REAL(R8),    POINTER,           DIMENSION(:,:)     :: ALKSS          ! enhanced pH buffering
    310   REAL(R8),    POINTER,               DIMENSION(:,:)     :: PH,     CO2   ,    HCO3,   CO3
    311   REAL(R8),    POINTER,               DIMENSION(:,:)     :: TN,     TP,     TKN
    312   REAL(R8),    POINTER,               DIMENSION(:,:)     :: DON,    DOP,    DOC,    NH3
    313   REAL(R8),    POINTER,               DIMENSION(:,:)     :: PON,    POP,    POC
    314   REAL(R8),    POINTER,               DIMENSION(:,:)     :: TON,    TOP,    TOC
    315   REAL(R8),    POINTER,               DIMENSION(:,:)     :: APR,    CHLA,   ATOT
    316   REAL(R8),    POINTER,               DIMENSION(:,:)     :: O2DG, TDG, TURB, SECCHID
    317   REAL(R8),    POINTER,               DIMENSION(:,:)     :: SSSI,   SSSO,   TISS,   TOTSS
    318   REAL(R8),    POINTER,               DIMENSION(:,:)     :: PO4AR,  PO4AG,  PO4AP,  PO4SD,  PO4SR,  PO4NS,  PO4POM, PO4DOM, 
    318 PO4OM
    319   REAL(R8),    POINTER,               DIMENSION(:,:)     :: CH4SR, H2SSR, FEIISR, MNIISR
    320   REAL(R8),    POINTER,               DIMENSION(:,:)     :: PO4ER,  PO4EG,  PO4EP,  TICEP,  DOEP,   DOER
    321   REAL(R8),    POINTER,               DIMENSION(:,:)     :: NH4ER,  NH4EG,  NH4EP,  NO3EG,  DSIEG,  LDOMEP, LPOMEP
    322   REAL(R8),    POINTER,               DIMENSION(:,:)     :: NH4AR,  NH4AG,  NH4AP,  NH4SD,  NH4SR,  NH4D,   NH4POM, NH4DOM, 
    322 NH4OM, NH3GAS
    323   REAL(R8),    POINTER,               DIMENSION(:,:)     :: NO3AG,  NO3D,   NO3SED
    324   REAL(R8),    POINTER,               DIMENSION(:,:)     :: DSIAG,  DSID,   DSISD,  DSISR,  DSIS
    325   REAL(R8),    POINTER,               DIMENSION(:,:)     :: PSIAM,  PSID,   PSINS
    326   REAL(R8),    POINTER,               DIMENSION(:,:)     :: FENS,   FESR
    327   REAL(R8),    POINTER,               DIMENSION(:,:)     :: LDOMAP, LDOMD,  LRDOMD, RDOMD
    328   REAL(R8),    POINTER,               DIMENSION(:,:)     :: LPOMAP, LPOMD,  LRPOMD, RPOMD,  LPOMNS, RPOMNS
    329   REAL(R8),    POINTER,               DIMENSION(:,:)     :: DOAP,   DOAR,   DODOM,  DOPOM,  DOOM,   DONIT
    330   REAL(R8),    POINTER,               DIMENSION(:,:)     :: DOSED,  DOSOD,  DOBOD,  DOAE
    331   REAL(R8),    POINTER,               DIMENSION(:,:)     :: CBODU,  CBODDK, TICAP
    332   REAL(R8),    POINTER,               DIMENSION(:,:)     :: SEDD,   SODD,   SEDAS,  SEDOMS, SEDNS
    333   REAL(R8),    POINTER,               DIMENSION(:,:)     :: SEDD1,SEDD2   
    334   REAL(R8),POINTER,               DIMENSION(:,:,:)   :: SS,     ALG,    CBOD,   CG
    335   REAL(R8),POINTER,               DIMENSION(:,:,:)   :: SSSS,   ASS,    CBODSS, CGSS
    336   REAL(R8),    POINTER,               DIMENSION(:,:,:)   :: AGR,    ARR,    AER,    AMR,    ASR
    337   REAL(R8),    POINTER,               DIMENSION(:,:,:)   :: EGR,    ERR,    EER,    EMR,    EBR
    338   REAL(R8),POINTER,               DIMENSION(:,:)     :: LDOMP,  RDOMP,  LPOMP,  RPOMP,  LDOMN,  RDOMN,  LPOMN,  RPOMN
    339   REAL(R8),POINTER,               DIMENSION(:,:)     :: LDOMPSS,  RDOMPSS, LPOMPSS, RPOMPSS, LDOMNSS, RDOMNSS
    340   REAL(R8),POINTER,               DIMENSION(:,:)     :: LPOMNSS,  RPOMNSS
    341   REAL(R8),    POINTER,               DIMENSION(:,:)     :: LDOMPAP,  LDOMPEP, LPOMPAP, LPOMPNS, RPOMPNS
    342   REAL(R8),    POINTER,               DIMENSION(:,:)     :: LDOMNAP,  LDOMNEP, LPOMNAP, LPOMNNS, RPOMNNS
    343   REAL(R8),    POINTER,               DIMENSION(:,:)     :: SEDDP,    SEDASP,  SEDOMSP, SEDNSP,  LPOMEPP
    344   REAL(R8),    POINTER,               DIMENSION(:,:)     :: SEDDN,    SEDASN,  SEDOMSN, SEDNSN,  LPOMEPN, SEDNO3
    345   REAL(R8),    POINTER,               DIMENSION(:,:)     :: SEDDC,    SEDASC,  SEDOMSC, SEDNSC,  LPOMEPC

Page 25          Source Listing                  SATO
2026-03-30 08:47                                 ..\..\..\w2modules.F90

    346   REAL(R8),    POINTER,               DIMENSION(:,:)     :: CBODNS,   SEDCB,   SEDCBP,  SEDCBN,  SEDCBC
    347   REAL(R8),    POINTER,               DIMENSION(:,:)     :: SEDBR,    SEDBRP,  SEDBRC,  SEDBRN, CO2REAER        !CB 11/30/06
    348   REAL(R8),POINTER,               DIMENSION(:,:,:)   :: CBODP,    CBODN       ! CB 6/6/10
    349   REAL(R8),POINTER,               DIMENSION(:,:,:)   :: CBODPSS,    CBODNSS       ! CB 6/6/10
    350   REAL(R8),    POINTER,               DIMENSION(:,:)     :: CBODNSP,  CBODNSN          ! cb 6/6/10
    351   REAL(R8),    POINTER,               DIMENSION(:,:)     :: DOH2S,DOCH4,DOSEDIA, DOFE2
    352   REAL(R8),    POINTER,               DIMENSION(:,:)     :: H2SREAER,CH4REAER,CH4D,H2SD,SDINC,SDINP,SDINN,H2SSEDD
    353   REAL(R8),    POINTER,               DIMENSION(:,:)     :: FE2D,SDINFEOOH,SDINMNO2,MN2D,DOMN2
    354   REAL,              ALLOCATABLE, DIMENSION(:,:,:)   :: EPM,    EPD,    EPC
    355   REAL,              ALLOCATABLE, DIMENSION(:)       :: CGQ10,  CG0DK,  CG1DK,  CGS, CGLDK, CGKLF, CGCS, CGR  !LCJ 2/26/15 S
    355 W 10/16/15
    356   REAL,              ALLOCATABLE, DIMENSION(:)       :: SOD,    SDK,    LPOMDK, RPOMDK, LDOMDK, RDOMDK, LRDDK,  LRPDK
    357   REAL,              ALLOCATABLE, DIMENSION(:)       :: SDK1,sdk2    ! amaila
    358   REAL,              ALLOCATABLE, DIMENSION(:)       :: SSS,    TAUCR,  POMS,   seds, sedb, SSCS  !  , SSFLOC   cb 11/27/06 
    358   SR 04/21/13
    359   REAL,              ALLOCATABLE, DIMENSION(:)       :: AG,     AR,     AE,     AM,     AS,     AHSN,   AHSP,   AHSSI,  ASAT
    360   REAL,              ALLOCATABLE, DIMENSION(:)       :: AP,     AN,     AC,     ASI,    ACHLA,  APOM,   ANPR
    361   REAL,              ALLOCATABLE, DIMENSION(:)       :: EG,     ER,     EE,     EM,     EB
    362   REAL,              ALLOCATABLE, DIMENSION(:)       :: EHSN,   EHSP,   EHSSI,  ESAT,   EHS,    ENPR
    363   REAL,              ALLOCATABLE, DIMENSION(:)       :: EP,     EN,     EC,     ESI,    ECHLA,  EPOM
    364   REAL(R8),          ALLOCATABLE, DIMENSION(:)       :: BETA,   EXH2O,  EXSS,   EXOM,   EXA
    365   REAL,              ALLOCATABLE, DIMENSION(:)       :: DSIR,   PSIS,   PSIDK,  PARTSI
    366   REAL,              ALLOCATABLE, DIMENSION(:)       :: ORGP,   ORGN,   ORGC,   ORGSI
    367   REAL,              ALLOCATABLE, DIMENSION(:)       :: pbiom,nbiom,cbiom  ! Amaila, cb 6/8/17
    368   REAL,              ALLOCATABLE, DIMENSION(:)       :: BODP,   BODN,   BODC
    369   REAL,              ALLOCATABLE, DIMENSION(:)       :: PO4R,   PARTP
    370   REAL,              ALLOCATABLE, DIMENSION(:)       :: NH4DK,  NH4R,   NO3DK,  NO3S, FNO3SED
    371   REAL,              ALLOCATABLE, DIMENSION(:)       :: O2AG,   O2AR,   O2OM,   O2NH4
    372   REAL,              ALLOCATABLE, DIMENSION(:)       :: O2EG,   O2ER
    373   REAL,              ALLOCATABLE, DIMENSION(:)       :: CO2R
    374   REAL,              ALLOCATABLE, DIMENSION(:)       :: KBOD,   TBOD,   RBOD
    375   REAL,              ALLOCATABLE, DIMENSION(:)       :: CAQ10,  CADK,   CAS
    376   REAL,              ALLOCATABLE, DIMENSION(:)       :: OMT1,   OMT2,   SODT1,  SODT2,  NH4T1,  NH4T2,  NO3T1,  NO3T2
    377   REAL,              ALLOCATABLE, DIMENSION(:)       :: OMK1,   OMK2,   SODK1,  SODK2,  NH4K1,  NH4K2,  NO3K1,  NO3K2, KG_H2
    377 O_CONSTANT
    378   REAL,              ALLOCATABLE, DIMENSION(:)       :: AT1,    AT2,    AT3,    AT4
    379   REAL,              ALLOCATABLE, DIMENSION(:)       :: AK1,    AK2,    AK3,    AK4
    380   REAL,              ALLOCATABLE, DIMENSION(:)       :: ET1,    ET2,    ET3,    ET4
    381   REAL,              ALLOCATABLE, DIMENSION(:)       :: EK1,    EK2,    EK3,    EK4
    382   REAL(R8),          ALLOCATABLE, DIMENSION(:)       :: WIND10, CZ,     QC,     QERR
    383   REAL,              ALLOCATABLE, DIMENSION(:)       :: REAER,  RCOEF1, RCOEF2, RCOEF3, RCOEF4, DGPO2, MINKL
    384   REAL,              ALLOCATABLE, DIMENSION(:,:)     :: DO1,    DO2,    DO3,    GAMMA, F_NH3
    385   REAL,              ALLOCATABLE, DIMENSION(:,:)     :: SED,    FPSS,   FPFE, FE
    386   REAL,              ALLOCATABLE, DIMENSION(:,:)     :: SED1,sed2,SED1ic,sed2ic   ! cb 6/17/17
    387   REAL,              ALLOCATABLE, DIMENSION(:,:,:)   :: CBODD
    388   REAL,              ALLOCATABLE, DIMENSION(:)       :: CBODS,PFLUXIN,NFLUXIN
    389   REAL,              ALLOCATABLE, DIMENSION(:,:)     :: ORGPLD,  ORGPRD,   ORGPLP,    ORGPRP,  ORGNLD,  ORGNRD, ORGNLP, ORGN
    389 RP
    390   REAL,              ALLOCATABLE, DIMENSION(:,:)     :: LDOMPMP, LDOMNMP,  LPOMPMP,   LPOMNMP, RPOMPMP, RPOMNMP
    391   REAL,              ALLOCATABLE, DIMENSION(:,:)     :: LPZOOINP,LPZOOINN, LPZOOOUTP, LPZOOOUTN
    392   REAL,              ALLOCATABLE, DIMENSION(:,:)     :: SEDC,    SEDN, SEDP, SEDNINFLUX, SEDPINFLUX  ! SW 4/2016
    393   REAL,              ALLOCATABLE, DIMENSION(:,:)     :: SEDVPC,  SEDVPP, SEDVPN
    394   REAL,              ALLOCATABLE, DIMENSION(:,:)     :: SDKV,    SEDDKTOT
    395   INTEGER                                            :: NLDOMP,NRDOMP,NLPOMP,NRPOMP,NLDOMN,NRDOMN,NLPOMN,NRPOMN
    396   INTEGER,           ALLOCATABLE, DIMENSION(:)       :: NAF,    NEQN,   ANEQN,  ENEQN  !, FLOCEQN   ! SR 04/21/13
    397   INTEGER,           ALLOCATABLE, DIMENSION(:,:)     :: KFCN
    398   LOGICAL,           ALLOCATABLE, DIMENSION(:)       :: SEDIMENT_RESUSPENSION

Page 26          Source Listing                  SATO
2026-03-30 08:47                                 ..\..\..\w2modules.F90

    399   CHARACTER(8),      ALLOCATABLE, DIMENSION(:)       :: CAC,    REAERC, AVERTM
    400   CHARACTER(10),     ALLOCATABLE, DIMENSION(:,:)     :: LFPR
    401 ! enhanced pH buffering start
    402   CHARACTER(8)                                       :: nh4bufc,po4bufc,ombufc,omtype,pombufc,phbufc,ncalkc,CO2YEARLYPPM
    403   INTEGER                                            :: nag,nagi
    404   LOGICAL                                            :: ammonia_buffering, phosphate_buffering, om_buffering, pom_buffering,
    404  pH_buffering, NONCON_ALKALINITY, ALGAE_SETTLING_EXIST  
    405   Logical,              ALLOCATABLE, DIMENSION(:,:)  :: sdfirstadd
    406   REAL,              ALLOCATABLE, DIMENSION(:)       :: sdeni,pki,pksd,sden,pk,fract
    407 ! enhanced pH buffering end
    408 !
    409   REAL(R8),    POINTER,           DIMENSION(:,:)     :: LDOMC,   RDOMC,   LPOMC,   RPOMC            ! ORGANIC CARBON STATE V
    409 ARIABLES
    410   REAL(R8),    POINTER,           DIMENSION(:,:)     :: LDOMCSS, RDOMCSS, LPOMCSS, RPOMCSS                                  
    410            
    411   REAL,        ALLOCATABLE,       DIMENSION(:,:)     :: PSIEM,   SEDEB                                                      
    411             
    412   REAL,        ALLOCATABLE,       DIMENSION(:,:)     :: LPOMPEP, LPOMNEP, LPOMCEP
    413   REAL,        ALLOCATABLE,       DIMENSION(:,:)     :: LPOMHD,  RPOMHD
    414   REAL,        ALLOCATABLE,       DIMENSION(:,:)     :: LDOMCAP, LDOMCEP, LPOMCAP, LPOMCNS, RPOMCNS
    415   REAL,        ALLOCATABLE,       DIMENSION(:,:)     :: LDOMPD,  LRDOMPD, RDOMPD,  LPOMPD,  LRPOMPD, RPOMPD,  LPOMPHD, RPOMP
    415 HD 
    416   REAL,        ALLOCATABLE,       DIMENSION(:,:)     :: LDOMND,  LRDOMND, RDOMND,  LPOMND,  LRPOMND, RPOMND,  LPOMNHD, RPOMN
    416 HD 
    417   REAL,        ALLOCATABLE,       DIMENSION(:,:)     :: LDOMCD,  LRDOMCD, RDOMCD,  LPOMCD,  LRPOMCD, RPOMCD,  LPOMCHD, RPOMC
    417 HD
    418   REAL,        ALLOCATABLE,       DIMENSION(:)       :: LPOMHK,  RPOMHK                                                     
    418            
    419   REAL,        ALLOCATABLE,       DIMENSION(:)       :: LDOMPDK, LRDOMPDK,RDOMPDK, LDOMNDK, LRDOMNDK,RDOMNDK, LDOMCDK, LRDOM
    419 CDK,RDOMCDK
    420   REAL,        ALLOCATABLE,       DIMENSION(:)       :: LPOMPDK, LRPOMPDK,RPOMPDK, LPOMNDK, LRPOMNDK,RPOMNDK, LPOMCDK, LRPOM
    420 CDK,RPOMCDK
    421   REAL,        ALLOCATABLE,       DIMENSION(:,:)     :: LDOMCMP, LPOMCMP, RPOMCMP
    422   REAL,        ALLOCATABLE,       DIMENSION(:,:)     :: LPZOOINC,LPZOOOUTC
    423   REAL,        ALLOCATABLE,       DIMENSION(:,:)     :: LDOP,    RDOP,    LPOP,    RPOP,    LDON,    RDON,    LPON,    RPON,
    423     LDOC,   RDOC,   LPOC,  RPOC 
    424   INTEGER                                            :: NLDOMC,  NRDOMC,  NLPOMC,  NRPOMC  
    425 !
    426   CONTAINS
    427   REAL    FUNCTION SATO (T,SAL,P,SALT_WATER)
    428       REAL(R8) :: T,SAL
    429       REAL(R8) :: P
    430       LOGICAL  :: SALT_WATER
    431       SATO = EXP(7.7117-1.31403*(LOG(T+45.93)))*P
    432       IF (SALT_WATER) THEN
    433           SATO = EXP(LOG(SATO)-SAL*(1.7674E-2-1.0754E1/(T+273.15)+2.1407E3/(T+273.15)**2))            ! SAL is in ppt
    434       ELSEIF(SAL > 100.)THEN
    435           SATO = EXP(LOG(SATO)-(SAL/1000.)*(1.7674E-2-1.0754E1/(T+273.15)+2.1407E3/(T+273.15)**2))    ! SAL is in mg/l
    436       ENDIF
    437     END FUNCTION SATO

Page 27          Source Listing                  SATO
2026-03-30 08:47 Entry Points                    ..\..\..\w2modules.F90



ENTRY POINTS

 Address      Type  Name            
                                    
       KINETIC_mp_SATO              


SYMBOL CROSS REFERENCE

 Name                       Object Declared Type            Bytes Dimen Elements Attributes       References                        
                                                                                                                                    
 EXP                        Func   431                                  scalar                    431,433,435                       
 LOG                        Func   431                                  scalar                    431,433,435                       
 P                          Dummy  429      R(8)            8           scalar   ARG,INOUT        431                               
 R8                         Param  428      I(4)            4           scalar                    295,296,297,298,299,300,301,302,30
                                                                                                  3,304,305,306,307,308,309,310,311,
                                                                                                  312,313,314,315,316,317,318,319,32
                                                                                                  0,321,322,323,324,325,326,327,328,
                                                                                                  329,330,331,332,333,334,335,336,33
                                                                                                  7,338,339,340,341,342,343,344,345,
                                                                                                  346,347,348,349,350,351,352,353,36
                                                                                                  4,382,409,410,428,429,439,445     
 SAL                        Dummy  428      R(8)            8           scalar   ARG,INOUT        433,434,435                       
 SALT_WATER                 Dummy  430      L(4)            4           scalar   ARG,INOUT        432                               
 SATO                       Func   427      R(4)            4           scalar                    431,433,435                       
 T                          Dummy  428      R(8)            8           scalar   ARG,INOUT        431,433,435                       

Page 28          Source Listing                  FR
2026-03-30 08:47                                 ..\..\..\w2modules.F90

    438   REAL  FUNCTION FR (TT,TT1,TT2,SK1,SK2)
    439       REAL(R8) :: TT
    440       REAL     :: TT1,TT2,SK1,SK2
    441       FR = SK1*EXP(LOG(SK2*(1.0-SK1)/(SK1*(1.0-SK2)))/(TT2-TT1)*(TT-TT1))
    442     END FUNCTION FR


ENTRY POINTS

 Address      Type  Name          
                                  
       KINETIC_mp_FR              


SYMBOL CROSS REFERENCE

 Name                       Object Declared Type            Bytes Dimen Elements Attributes       References                        
                                                                                                                                    
 EXP                        Func   441                                  scalar                    441                               
 FR                         Func   438      R(4)            4           scalar                    441                               
 LOG                        Func   441                                  scalar                    441                               
 SK1                        Dummy  440      R(4)            4           scalar   ARG,INOUT        441                               
 SK2                        Dummy  440      R(4)            4           scalar   ARG,INOUT        441                               
 TT                         Dummy  439      R(8)            8           scalar   ARG,INOUT        441                               
 TT1                        Dummy  440      R(4)            4           scalar   ARG,INOUT        441                               
 TT2                        Dummy  440      R(4)            4           scalar   ARG,INOUT        441                               

Page 29          Source Listing                  FF
2026-03-30 08:47                                 ..\..\..\w2modules.F90

    443   REAL  FUNCTION FF (TT,TT3,TT4,SK3,SK4)
    444       REAL     :: TT3,TT4,SK3,SK4
    445       REAL(R8) :: TT
    446       FF = SK4*EXP(LOG(SK3*(1.0-SK4)/(SK4*(1.0-SK3)))/(TT4-TT3)*(TT4-TT))
    447     END FUNCTION FF


ENTRY POINTS

 Address      Type  Name          
                                  
       KINETIC_mp_FF              


SYMBOL CROSS REFERENCE

 Name                       Object Declared Type            Bytes Dimen Elements Attributes       References                        
                                                                                                                                    
 EXP                        Func   446                                  scalar                    446                               
 FF                         Func   443      R(4)            4           scalar                    446                               
 LOG                        Func   446                                  scalar                    446                               
 SK3                        Dummy  444      R(4)            4           scalar   ARG,INOUT        446                               
 SK4                        Dummy  444      R(4)            4           scalar   ARG,INOUT        446                               
 TT                         Dummy  445      R(8)            8           scalar   ARG,INOUT        446                               
 TT3                        Dummy  444      R(4)            4           scalar   ARG,INOUT        446                               
 TT4                        Dummy  444      R(4)            4           scalar   ARG,INOUT        446                               

Page 30          Source Listing                  FF
2026-03-30 08:47                                 ..\..\..\w2modules.F90

    448 END MODULE KINETIC


SYMBOL CROSS REFERENCE

 Name                       Object Declared Type            Bytes Dimen Elements Attributes       References                        
                                                                                                                                    
 AC                         Local  360      R(4)            4     1     1        ALC                                                
 ACHLA                      Local  360      R(4)            4     1     1        ALC                                                
 AE                         Local  359      R(4)            4     1     1        ALC                                                
 AER                        Local  336      R(8)            8     3     1        PTR                                                
 AG                         Local  359      R(4)            4     1     1        ALC                                                
 AGESS                      Local  307      R(8)            8     2     1        PTR                                                
 AGR                        Local  336      R(8)            8     3     1        PTR                                                
 AHSN                       Local  359      R(4)            4     1     1        ALC                                                
 AHSP                       Local  359      R(4)            4     1     1        ALC                                                
 AHSSI                      Local  359      R(4)            4     1     1        ALC                                                
 AK1                        Local  379      R(4)            4     1     1        ALC                                                
 AK2                        Local  379      R(4)            4     1     1        ALC                                                
 AK3                        Local  379      R(4)            4     1     1        ALC                                                
 AK4                        Local  379      R(4)            4     1     1        ALC                                                
 ALG                        Local  334      R(8)            8     3     1        PTR                                                
 ALGAE_SETTLING_EXIST       Local  404      L(4)            4           scalar                                                      
 ALK                        Local  304      R(8)            8     2     1        PTR                                                
 ALKSS                      Local  309      R(8)            8     2     1        PTR                                                
 AM                         Local  359      R(4)            4     1     1        ALC                                                
 AMMONIA_BUFFERING          Local  404      L(4)            4           scalar                                                      
 AMR                        Local  336      R(8)            8     3     1        PTR                                                
 AN                         Local  360      R(4)            4     1     1        ALC                                                
 ANEQN                      Local  396      I(4)            4     1     1        ALC                                                
 ANPR                       Local  360      R(4)            4     1     1        ALC                                                
 AP                         Local  360      R(4)            4     1     1        ALC                                                
 APOM                       Local  360      R(4)            4     1     1        ALC                                                
 APR                        Local  315      R(8)            8     2     1        PTR                                                
 AR                         Local  359      R(4)            4     1     1        ALC                                                
 ARR                        Local  336      R(8)            8     3     1        PTR                                                
 AS                         Local  359      R(4)            4     1     1        ALC                                                
 ASAT                       Local  359      R(4)            4     1     1        ALC                                                
 ASI                        Local  360      R(4)            4     1     1        ALC                                                
 ASR                        Local  336      R(8)            8     3     1        PTR                                                
 ASS                        Local  335      R(8)            8     3     1        PTR                                                
 AT1                        Local  378      R(4)            4     1     1        ALC                                                
 AT2                        Local  378      R(4)            4     1     1        ALC                                                
 AT3                        Local  378      R(4)            4     1     1        ALC                                                
 AT4                        Local  378      R(4)            4     1     1        ALC                                                
 ATOT                       Local  315      R(8)            8     2     1        PTR                                                
 AVERTM                     Local  399      CHAR            8     1     1        ALC                                                
 BACT                       Local  303      R(8)            8     2     1        PTR                                                
 BACT1DK                    Local  300      R(8)            8     1     1        ALC                                                
 BACTLDK                    Local  300      R(8)            8     1     1        ALC                                                
 BACTQ10                    Local  300      R(8)            8     1     1        ALC                                                
 BACTS                      Local  300      R(8)            8     1     1        ALC                                                
 BACTSS                     Local  307      R(8)            8     2     1        PTR                                                
 BETA                       Local  364      R(8)            8     1     1        ALC                                                
 BODC                       Local  368      R(4)            4     1     1        ALC                                                
 BODN                       Local  368      R(4)            4     1     1        ALC                                                
 BODP                       Local  368      R(4)            4     1     1        ALC                                                

Page 31          Source Listing                  FF
2026-03-30 08:47 Symbol Table                    ..\..\..\w2modules.F90

 Name                       Object Declared Type            Bytes Dimen Elements Attributes       References                        
                                                                                                                                    
 CAC                        Local  399      CHAR            8     1     1        ALC                                                
 CADK                       Local  375      R(4)            4     1     1        ALC                                                
 CAQ10                      Local  375      R(4)            4     1     1        ALC                                                
 CAS                        Local  375      R(4)            4     1     1        ALC                                                
 CASS                       Local  308      R(8)            8     2     1        PTR                                                
 CBIOM                      Local  367      R(4)            4     1     1        ALC                                                
 CBOD                       Local  334      R(8)            8     3     1        PTR                                                
 CBODD                      Local  387      R(4)            4     3     1        ALC                                                
 CBODDK                     Local  331      R(8)            8     2     1        PTR                                                
 CBODN                      Local  348      R(8)            8     3     1        PTR                                                
 CBODNS                     Local  346      R(8)            8     2     1        PTR                                                
 CBODNSN                    Local  350      R(8)            8     2     1        PTR                                                
 CBODNSP                    Local  350      R(8)            8     2     1        PTR                                                
 CBODNSS                    Local  349      R(8)            8     3     1        PTR                                                
 CBODP                      Local  348      R(8)            8     3     1        PTR                                                
 CBODPSS                    Local  349      R(8)            8     3     1        PTR                                                
 CBODS                      Local  388      R(4)            4     1     1        ALC                                                
 CBODSS                     Local  335      R(8)            8     3     1        PTR                                                
 CBODU                      Local  331      R(8)            8     2     1        PTR                                                
 CG                         Local  334      R(8)            8     3     1        PTR                                                
 CG0DK                      Local  355      R(4)            4     1     1        ALC                                                
 CG1DK                      Local  355      R(4)            4     1     1        ALC                                                
 CGCS                       Local  355      R(4)            4     1     1        ALC                                                
 CGKLF                      Local  355      R(4)            4     1     1        ALC                                                
 CGLDK                      Local  355      R(4)            4     1     1        ALC                                                
 CGQ10                      Local  355      R(4)            4     1     1        ALC                                                
 CGR                        Local  355      R(4)            4     1     1        ALC                                                
 CGS                        Local  355      R(4)            4     1     1        ALC                                                
 CGSS                       Local  335      R(8)            8     3     1        PTR                                                
 CH4                        Local  302      R(8)            8     2     1        PTR                                                
 CH41DK                     Local  297      R(8)            8     1     1        ALC                                                
 CH4D                       Local  352      R(8)            8     2     1        PTR                                                
 CH4Q10                     Local  297      R(8)            8     1     1        ALC                                                
 CH4R                       Local  298      R(8)            8     1     1        ALC                                                
 CH4REAER                   Local  352      R(8)            8     2     1        PTR                                                
 CH4SR                      Local  319      R(8)            8     2     1        PTR                                                
 CH4SS                      Local  306      R(8)            8     2     1        PTR                                                
 CHLA                       Local  315      R(8)            8     2     1        PTR                                                
 CO2                        Local  310      R(8)            8     2     1        PTR                                                
 CO2R                       Local  373      R(4)            4     1     1        ALC                                                
 CO2REAER                   Local  347      R(8)            8     2     1        PTR                                                
 CO2YEARLYPPM               Local  402      CHAR            8           scalar                                                      
 CO3                        Local  310      R(8)            8     2     1        PTR                                                
 COEFFA_TURB                Local  296      R(8)            8     1     1        ALC                                                
 COEFFB_TURB                Local  296      R(8)            8     1     1        ALC                                                
 COL                        Local  301      R(8)            8     2     1        PTR                                                
 COLSS                      Local  305      R(8)            8     2     1        PTR                                                
 CZ                         Local  382      R(8)            8     1     1        ALC                                                
 DGP                        Local  303      R(8)            8     2     1        PTR                                                
 DGPO2                      Local  383      R(4)            4     1     1        ALC                                                
 DISGSS                     Local  307      R(8)            8     2     1        PTR                                                
 DO1                        Local  384      R(4)            4     2     1        ALC                                                
 DO2                        Local  384      R(4)            4     2     1        ALC                                                
 DO3                        Local  384      R(4)            4     2     1        ALC                                                
 DOAE                       Local  330      R(8)            8     2     1        PTR                                                

Page 32          Source Listing                  FF
2026-03-30 08:47 Symbol Table                    ..\..\..\w2modules.F90

 Name                       Object Declared Type            Bytes Dimen Elements Attributes       References                        
                                                                                                                                    
 DOAP                       Local  329      R(8)            8     2     1        PTR                                                
 DOAR                       Local  329      R(8)            8     2     1        PTR                                                
 DOBOD                      Local  330      R(8)            8     2     1        PTR                                                
 DOC                        Local  312      R(8)            8     2     1        PTR                                                
 DOCH4                      Local  351      R(8)            8     2     1        PTR                                                
 DODOM                      Local  329      R(8)            8     2     1        PTR                                                
 DOEP                       Local  320      R(8)            8     2     1        PTR                                                
 DOER                       Local  320      R(8)            8     2     1        PTR                                                
 DOFE2                      Local  351      R(8)            8     2     1        PTR                                                
 DOH2S                      Local  351      R(8)            8     2     1        PTR                                                
 DOMN2                      Local  353      R(8)            8     2     1        PTR                                                
 DON                        Local  312      R(8)            8     2     1        PTR                                                
 DONIT                      Local  329      R(8)            8     2     1        PTR                                                
 DOOM                       Local  329      R(8)            8     2     1        PTR                                                
 DOP                        Local  312      R(8)            8     2     1        PTR                                                
 DOPOM                      Local  329      R(8)            8     2     1        PTR                                                
 DOSED                      Local  330      R(8)            8     2     1        PTR                                                
 DOSEDIA                    Local  351      R(8)            8     2     1        PTR                                                
 DOSOD                      Local  330      R(8)            8     2     1        PTR                                                
 DOSS                       Local  308      R(8)            8     2     1        PTR                                                
 DSI                        Local  301      R(8)            8     2     1        PTR                                                
 DSIAG                      Local  324      R(8)            8     2     1        PTR                                                
 DSID                       Local  324      R(8)            8     2     1        PTR                                                
 DSIEG                      Local  321      R(8)            8     2     1        PTR                                                
 DSIR                       Local  365      R(4)            4     1     1        ALC                                                
 DSIS                       Local  324      R(8)            8     2     1        PTR                                                
 DSISD                      Local  324      R(8)            8     2     1        PTR                                                
 DSISR                      Local  324      R(8)            8     2     1        PTR                                                
 DSISS                      Local  305      R(8)            8     2     1        PTR                                                
 EB                         Local  361      R(4)            4     1     1        ALC                                                
 EBR                        Local  337      R(8)            8     3     1        PTR                                                
 EC                         Local  363      R(4)            4     1     1        ALC                                                
 ECHLA                      Local  363      R(4)            4     1     1        ALC                                                
 EE                         Local  361      R(4)            4     1     1        ALC                                                
 EER                        Local  337      R(8)            8     3     1        PTR                                                
 EG                         Local  361      R(4)            4     1     1        ALC                                                
 EGR                        Local  337      R(8)            8     3     1        PTR                                                
 EHS                        Local  362      R(4)            4     1     1        ALC                                                
 EHSN                       Local  362      R(4)            4     1     1        ALC                                                
 EHSP                       Local  362      R(4)            4     1     1        ALC                                                
 EHSSI                      Local  362      R(4)            4     1     1        ALC                                                
 EK1                        Local  381      R(4)            4     1     1        ALC                                                
 EK2                        Local  381      R(4)            4     1     1        ALC                                                
 EK3                        Local  381      R(4)            4     1     1        ALC                                                
 EK4                        Local  381      R(4)            4     1     1        ALC                                                
 EM                         Local  361      R(4)            4     1     1        ALC                                                
 EMR                        Local  337      R(8)            8     3     1        PTR                                                
 EN                         Local  363      R(4)            4     1     1        ALC                                                
 ENEQN                      Local  396      I(4)            4     1     1        ALC                                                
 ENPR                       Local  362      R(4)            4     1     1        ALC                                                
 EP                         Local  363      R(4)            4     1     1        ALC                                                
 EPC                        Local  354      R(4)            4     3     1        ALC                                                
 EPD                        Local  354      R(4)            4     3     1        ALC                                                
 EPM                        Local  354      R(4)            4     3     1        ALC                                                
 EPOM                       Local  363      R(4)            4     1     1        ALC                                                

Page 33          Source Listing                  FF
2026-03-30 08:47 Symbol Table                    ..\..\..\w2modules.F90

 Name                       Object Declared Type            Bytes Dimen Elements Attributes       References                        
                                                                                                                                    
 ER                         Local  361      R(4)            4     1     1        ALC                                                
 ERR                        Local  337      R(8)            8     3     1        PTR                                                
 ESAT                       Local  362      R(4)            4     1     1        ALC                                                
 ESI                        Local  363      R(4)            4     1     1        ALC                                                
 ET1                        Local  380      R(4)            4     1     1        ALC                                                
 ET2                        Local  380      R(4)            4     1     1        ALC                                                
 ET3                        Local  380      R(4)            4     1     1        ALC                                                
 ET4                        Local  380      R(4)            4     1     1        ALC                                                
 EXA                        Local  364      R(8)            8     1     1        ALC                                                
 EXH2O                      Local  364      R(8)            8     1     1        ALC                                                
 EXOM                       Local  364      R(8)            8     1     1        ALC                                                
 EXSS                       Local  364      R(8)            8     1     1        ALC                                                
 FE                         Local  385      R(4)            4     2     1        ALC                                                
 FE2D                       Local  353      R(8)            8     2     1        PTR                                                
 FEII                       Local  302      R(8)            8     2     1        PTR                                                
 FEIIR                      Local  298      R(8)            8     1     1        ALC                                                
 FEIISR                     Local  319      R(8)            8     2     1        PTR                                                
 FEIISS                     Local  306      R(8)            8     2     1        PTR                                                
 FENS                       Local  326      R(8)            8     2     1        PTR                                                
 FEOOH                      Local  302      R(8)            8     2     1        PTR                                                
 FEOOHSS                    Local  306      R(8)            8     2     1        PTR                                                
 FESETVEL                   Local  299      R(8)            8     1     1        ALC                                                
 FESR                       Local  326      R(8)            8     2     1        PTR                                                
 FESS                       Local  305      R(8)            8     2     1        PTR                                                
 FF                         Local  443      R(4)            4           scalar                                                      
 FNO3SED                    Local  370      R(4)            4     1     1        ALC                                                
 FPFE                       Local  385      R(4)            4     2     1        ALC                                                
 FPSS                       Local  385      R(4)            4     2     1        ALC                                                
 FR                         Local  438      R(4)            4           scalar                                                      
 FRACT                      Local  406      R(4)            4     1     1        ALC                                                
 F_NH3                      Local  384      R(4)            4     2     1        ALC                                                
 GAMMA                      Local  384      R(4)            4     2     1        ALC                                                
 H2S                        Local  302      R(8)            8     2     1        PTR                                                
 H2S1DK                     Local  297      R(8)            8     1     1        ALC                                                
 H2SD                       Local  352      R(8)            8     2     1        PTR                                                
 H2SQ10                     Local  297      R(8)            8     1     1        ALC                                                
 H2SR                       Local  298      R(8)            8     1     1        ALC                                                
 H2SREAER                   Local  352      R(8)            8     2     1        PTR                                                
 H2SSEDD                    Local  352      R(8)            8     2     1        PTR                                                
 H2SSR                      Local  319      R(8)            8     2     1        PTR                                                
 H2SSS                      Local  306      R(8)            8     2     1        PTR                                                
 HCO3                       Local  310      R(8)            8     2     1        PTR                                                
 KBOD                       Local  374      R(4)            4     1     1        ALC                                                
 KDO                        Local  294      R(4)            4           scalar                                                      
 KFCN                       Local  397      I(4)            4     2     1        ALC                                                
 KFEOOH_HALFSAT             Local  299      R(8)            8     1     1        ALC                                                
 KFE_OXID                   Local  299      R(8)            8     1     1        ALC                                                
 KFE_RED                    Local  299      R(8)            8     1     1        ALC                                                
 KG_H2O_CONSTANT            Local  377      R(4)            4     1     1        ALC                                                
 KINETIC                    Module 292                                                                                              
 KMNO2_HALFSAT              Local  299      R(8)            8     1     1        ALC                                                
 KMN_OXID                   Local  299      R(8)            8     1     1        ALC                                                
 KMN_RED                    Local  299      R(8)            8     1     1        ALC                                                
 LDOC                       Local  423      R(4)            4     2     1        ALC                                                
 LDOM                       Local  301      R(8)            8     2     1        PTR                                                

Page 34          Source Listing                  FF
2026-03-30 08:47 Symbol Table                    ..\..\..\w2modules.F90

 Name                       Object Declared Type            Bytes Dimen Elements Attributes       References                        
                                                                                                                                    
 LDOMAP                     Local  327      R(8)            8     2     1        PTR                                                
 LDOMC                      Local  409      R(8)            8     2     1        PTR                                                
 LDOMCAP                    Local  414      R(4)            4     2     1        ALC                                                
 LDOMCD                     Local  417      R(4)            4     2     1        ALC                                                
 LDOMCDK                    Local  419      R(4)            4     1     1        ALC                                                
 LDOMCEP                    Local  414      R(4)            4     2     1        ALC                                                
 LDOMCMP                    Local  421      R(4)            4     2     1        ALC                                                
 LDOMCSS                    Local  410      R(8)            8     2     1        PTR                                                
 LDOMD                      Local  327      R(8)            8     2     1        PTR                                                
 LDOMDK                     Local  356      R(4)            4     1     1        ALC                                                
 LDOMEP                     Local  321      R(8)            8     2     1        PTR                                                
 LDOMN                      Local  338      R(8)            8     2     1        PTR                                                
 LDOMNAP                    Local  342      R(8)            8     2     1        PTR                                                
 LDOMND                     Local  416      R(4)            4     2     1        ALC                                                
 LDOMNDK                    Local  419      R(4)            4     1     1        ALC                                                
 LDOMNEP                    Local  342      R(8)            8     2     1        PTR                                                
 LDOMNMP                    Local  390      R(4)            4     2     1        ALC                                                
 LDOMNSS                    Local  339      R(8)            8     2     1        PTR                                                
 LDOMP                      Local  338      R(8)            8     2     1        PTR                                                
 LDOMPAP                    Local  341      R(8)            8     2     1        PTR                                                
 LDOMPD                     Local  415      R(4)            4     2     1        ALC                                                
 LDOMPDK                    Local  419      R(4)            4     1     1        ALC                                                
 LDOMPEP                    Local  341      R(8)            8     2     1        PTR                                                
 LDOMPMP                    Local  390      R(4)            4     2     1        ALC                                                
 LDOMPSS                    Local  339      R(8)            8     2     1        PTR                                                
 LDOMSS                     Local  305      R(8)            8     2     1        PTR                                                
 LDON                       Local  423      R(4)            4     2     1        ALC                                                
 LDOP                       Local  423      R(4)            4     2     1        ALC                                                
 LFPR                       Local  400      CHAR            10    2     1        ALC                                                
 LPOC                       Local  423      R(4)            4     2     1        ALC                                                
 LPOM                       Local  304      R(8)            8     2     1        PTR                                                
 LPOMAP                     Local  328      R(8)            8     2     1        PTR                                                
 LPOMC                      Local  409      R(8)            8     2     1        PTR                                                
 LPOMCAP                    Local  414      R(4)            4     2     1        ALC                                                
 LPOMCD                     Local  417      R(4)            4     2     1        ALC                                                
 LPOMCDK                    Local  420      R(4)            4     1     1        ALC                                                
 LPOMCEP                    Local  412      R(4)            4     2     1        ALC                                                
 LPOMCHD                    Local  417      R(4)            4     2     1        ALC                                                
 LPOMCMP                    Local  421      R(4)            4     2     1        ALC                                                
 LPOMCNS                    Local  414      R(4)            4     2     1        ALC                                                
 LPOMCSS                    Local  410      R(8)            8     2     1        PTR                                                
 LPOMD                      Local  328      R(8)            8     2     1        PTR                                                
 LPOMDK                     Local  356      R(4)            4     1     1        ALC                                                
 LPOMEP                     Local  321      R(8)            8     2     1        PTR                                                
 LPOMEPC                    Local  345      R(8)            8     2     1        PTR                                                
 LPOMEPN                    Local  344      R(8)            8     2     1        PTR                                                
 LPOMEPP                    Local  343      R(8)            8     2     1        PTR                                                
 LPOMHD                     Local  413      R(4)            4     2     1        ALC                                                
 LPOMHK                     Local  418      R(4)            4     1     1        ALC                                                
 LPOMN                      Local  338      R(8)            8     2     1        PTR                                                
 LPOMNAP                    Local  342      R(8)            8     2     1        PTR                                                
 LPOMND                     Local  416      R(4)            4     2     1        ALC                                                
 LPOMNDK                    Local  420      R(4)            4     1     1        ALC                                                
 LPOMNEP                    Local  412      R(4)            4     2     1        ALC                                                
 LPOMNHD                    Local  416      R(4)            4     2     1        ALC                                                

Page 35          Source Listing                  FF
2026-03-30 08:47 Symbol Table                    ..\..\..\w2modules.F90

 Name                       Object Declared Type            Bytes Dimen Elements Attributes       References                        
                                                                                                                                    
 LPOMNMP                    Local  390      R(4)            4     2     1        ALC                                                
 LPOMNNS                    Local  342      R(8)            8     2     1        PTR                                                
 LPOMNS                     Local  328      R(8)            8     2     1        PTR                                                
 LPOMNSS                    Local  340      R(8)            8     2     1        PTR                                                
 LPOMP                      Local  338      R(8)            8     2     1        PTR                                                
 LPOMPAP                    Local  341      R(8)            8     2     1        PTR                                                
 LPOMPD                     Local  415      R(4)            4     2     1        ALC                                                
 LPOMPDK                    Local  420      R(4)            4     1     1        ALC                                                
 LPOMPEP                    Local  412      R(4)            4     2     1        ALC                                                
 LPOMPHD                    Local  415      R(4)            4     2     1        ALC                                                
 LPOMPMP                    Local  390      R(4)            4     2     1        ALC                                                
 LPOMPNS                    Local  341      R(8)            8     2     1        PTR                                                
 LPOMPSS                    Local  339      R(8)            8     2     1        PTR                                                
 LPOMSS                     Local  308      R(8)            8     2     1        PTR                                                
 LPON                       Local  423      R(4)            4     2     1        ALC                                                
 LPOP                       Local  423      R(4)            4     2     1        ALC                                                
 LPZOOINC                   Local  422      R(4)            4     2     1        ALC                                                
 LPZOOINN                   Local  391      R(4)            4     2     1        ALC                                                
 LPZOOINP                   Local  391      R(4)            4     2     1        ALC                                                
 LPZOOOUTC                  Local  422      R(4)            4     2     1        ALC                                                
 LPZOOOUTN                  Local  391      R(4)            4     2     1        ALC                                                
 LPZOOOUTP                  Local  391      R(4)            4     2     1        ALC                                                
 LRDDK                      Local  356      R(4)            4     1     1        ALC                                                
 LRDOMCD                    Local  417      R(4)            4     2     1        ALC                                                
 LRDOMCDK                   Local  419      R(4)            4     1     1        ALC                                                
 LRDOMD                     Local  327      R(8)            8     2     1        PTR                                                
 LRDOMND                    Local  416      R(4)            4     2     1        ALC                                                
 LRDOMNDK                   Local  419      R(4)            4     1     1        ALC                                                
 LRDOMPD                    Local  415      R(4)            4     2     1        ALC                                                
 LRDOMPDK                   Local  419      R(4)            4     1     1        ALC                                                
 LRPDK                      Local  356      R(4)            4     1     1        ALC                                                
 LRPOMCD                    Local  417      R(4)            4     2     1        ALC                                                
 LRPOMCDK                   Local  420      R(4)            4     1     1        ALC                                                
 LRPOMD                     Local  328      R(8)            8     2     1        PTR                                                
 LRPOMND                    Local  416      R(4)            4     2     1        ALC                                                
 LRPOMNDK                   Local  420      R(4)            4     1     1        ALC                                                
 LRPOMPD                    Local  415      R(4)            4     2     1        ALC                                                
 LRPOMPDK                   Local  420      R(4)            4     1     1        ALC                                                
 MINKL                      Local  383      R(4)            4     1     1        ALC                                                
 MN2D                       Local  353      R(8)            8     2     1        PTR                                                
 MNII                       Local  302      R(8)            8     2     1        PTR                                                
 MNIIR                      Local  298      R(8)            8     1     1        ALC                                                
 MNIISR                     Local  319      R(8)            8     2     1        PTR                                                
 MNIISS                     Local  306      R(8)            8     2     1        PTR                                                
 MNO2                       Local  302      R(8)            8     2     1        PTR                                                
 MNO2SS                     Local  306      R(8)            8     2     1        PTR                                                
 MNSETVEL                   Local  299      R(8)            8     1     1        ALC                                                
 N2                         Local  302      R(8)            8     2     1        PTR                                                
 N2SS                       Local  306      R(8)            8     2     1        PTR                                                
 NAF                        Local  396      I(4)            4     1     1        ALC                                                
 NAG                        Local  403      I(4)            4           scalar                                                      
 NAGI                       Local  403      I(4)            4           scalar                                                      
 NBIOM                      Local  367      R(4)            4     1     1        ALC                                                
 NCALKC                     Local  402      CHAR            8           scalar                                                      
 NEQN                       Local  396      I(4)            4     1     1        ALC                                                

Page 36          Source Listing                  FF
2026-03-30 08:47 Symbol Table                    ..\..\..\w2modules.F90

 Name                       Object Declared Type            Bytes Dimen Elements Attributes       References                        
                                                                                                                                    
 NFLUXIN                    Local  388      R(4)            4     1     1        ALC                                                
 NH3                        Local  312      R(8)            8     2     1        PTR                                                
 NH3GAS                     Local  322      R(8)            8     2     1        PTR                                                
 NH4                        Local  301      R(8)            8     2     1        PTR                                                
 NH4AG                      Local  322      R(8)            8     2     1        PTR                                                
 NH4AP                      Local  322      R(8)            8     2     1        PTR                                                
 NH4AR                      Local  322      R(8)            8     2     1        PTR                                                
 NH4BUFC                    Local  402      CHAR            8           scalar                                                      
 NH4D                       Local  322      R(8)            8     2     1        PTR                                                
 NH4DK                      Local  370      R(4)            4     1     1        ALC                                                
 NH4DOM                     Local  322      R(8)            8     2     1        PTR                                                
 NH4EG                      Local  321      R(8)            8     2     1        PTR                                                
 NH4EP                      Local  321      R(8)            8     2     1        PTR                                                
 NH4ER                      Local  321      R(8)            8     2     1        PTR                                                
 NH4K1                      Local  377      R(4)            4     1     1        ALC                                                
 NH4K2                      Local  377      R(4)            4     1     1        ALC                                                
 NH4OM                      Local  322      R(8)            8     2     1        PTR                                                
 NH4POM                     Local  322      R(8)            8     2     1        PTR                                                
 NH4R                       Local  370      R(4)            4     1     1        ALC                                                
 NH4SD                      Local  322      R(8)            8     2     1        PTR                                                
 NH4SR                      Local  322      R(8)            8     2     1        PTR                                                
 NH4SS                      Local  305      R(8)            8     2     1        PTR                                                
 NH4T1                      Local  376      R(4)            4     1     1        ALC                                                
 NH4T2                      Local  376      R(4)            4     1     1        ALC                                                
 NLDOMC                     Local  424      I(4)            4           scalar                                                      
 NLDOMN                     Local  395      I(4)            4           scalar                                                      
 NLDOMP                     Local  395      I(4)            4           scalar                                                      
 NLPOMC                     Local  424      I(4)            4           scalar                                                      
 NLPOMN                     Local  395      I(4)            4           scalar                                                      
 NLPOMP                     Local  395      I(4)            4           scalar                                                      
 NO3                        Local  301      R(8)            8     2     1        PTR                                                
 NO3AG                      Local  323      R(8)            8     2     1        PTR                                                
 NO3D                       Local  323      R(8)            8     2     1        PTR                                                
 NO3DK                      Local  370      R(4)            4     1     1        ALC                                                
 NO3EG                      Local  321      R(8)            8     2     1        PTR                                                
 NO3K1                      Local  377      R(4)            4     1     1        ALC                                                
 NO3K2                      Local  377      R(4)            4     1     1        ALC                                                
 NO3S                       Local  370      R(4)            4     1     1        ALC                                                
 NO3SED                     Local  323      R(8)            8     2     1        PTR                                                
 NO3SS                      Local  305      R(8)            8     2     1        PTR                                                
 NO3T1                      Local  376      R(4)            4     1     1        ALC                                                
 NO3T2                      Local  376      R(4)            4     1     1        ALC                                                
 NONCON_ALKALINITY          Local  404      L(4)            4           scalar                                                      
 NRDOMC                     Local  424      I(4)            4           scalar                                                      
 NRDOMN                     Local  395      I(4)            4           scalar                                                      
 NRDOMP                     Local  395      I(4)            4           scalar                                                      
 NRPOMC                     Local  424      I(4)            4           scalar                                                      
 NRPOMN                     Local  395      I(4)            4           scalar                                                      
 NRPOMP                     Local  395      I(4)            4           scalar                                                      
 O2                         Local  304      R(8)            8     2     1        PTR                                                
 O2AG                       Local  371      R(4)            4     1     1        ALC                                                
 O2AR                       Local  371      R(4)            4     1     1        ALC                                                
 O2CH4                      Local  295      R(8)            8           scalar                                                      
 O2DG                       Local  316      R(8)            8     2     1        PTR                                                
 O2EG                       Local  372      R(4)            4     1     1        ALC                                                

Page 37          Source Listing                  FF
2026-03-30 08:47 Symbol Table                    ..\..\..\w2modules.F90

 Name                       Object Declared Type            Bytes Dimen Elements Attributes       References                        
                                                                                                                                    
 O2ER                       Local  372      R(4)            4     1     1        ALC                                                
 O2FE2                      Local  295      R(8)            8           scalar                                                      
 O2H2S                      Local  295      R(8)            8           scalar                                                      
 O2MN2                      Local  295      R(8)            8           scalar                                                      
 O2NH4                      Local  371      R(4)            4     1     1        ALC                                                
 O2OM                       Local  371      R(4)            4     1     1        ALC                                                
 OMBUFC                     Local  402      CHAR            8           scalar                                                      
 OMK1                       Local  377      R(4)            4     1     1        ALC                                                
 OMK2                       Local  377      R(4)            4     1     1        ALC                                                
 OMT1                       Local  376      R(4)            4     1     1        ALC                                                
 OMT2                       Local  376      R(4)            4     1     1        ALC                                                
 OMTYPE                     Local  402      CHAR            8           scalar                                                      
 OM_BUFFERING               Local  404      L(4)            4           scalar                                                      
 ORGC                       Local  366      R(4)            4     1     1        ALC                                                
 ORGN                       Local  366      R(4)            4     1     1        ALC                                                
 ORGNLD                     Local  389      R(4)            4     2     1        ALC                                                
 ORGNLP                     Local  389      R(4)            4     2     1        ALC                                                
 ORGNRD                     Local  389      R(4)            4     2     1        ALC                                                
 ORGNRP                     Local  389      R(4)            4     2     1        ALC                                                
 ORGP                       Local  366      R(4)            4     1     1        ALC                                                
 ORGPLD                     Local  389      R(4)            4     2     1        ALC                                                
 ORGPLP                     Local  389      R(4)            4     2     1        ALC                                                
 ORGPRD                     Local  389      R(4)            4     2     1        ALC                                                
 ORGPRP                     Local  389      R(4)            4     2     1        ALC                                                
 ORGSI                      Local  366      R(4)            4     1     1        ALC                                                
 PARTP                      Local  369      R(4)            4     1     1        ALC                                                
 PARTSI                     Local  365      R(4)            4     1     1        ALC                                                
 PBIOM                      Local  367      R(4)            4     1     1        ALC                                                
 PCO2                       Local  294      R(4)            4           scalar                                                      
 PCO2ATMPPM                 Local  294      R(4)            4           scalar                                                      
 PFLUXIN                    Local  388      R(4)            4     1     1        ALC                                                
 PH                         Local  310      R(8)            8     2     1        PTR                                                
 PHBUFC                     Local  402      CHAR            8           scalar                                                      
 PHOSPHATE_BUFFERING        Local  404      L(4)            4           scalar                                                      
 PH_BUFFERING               Local  404      L(4)            4           scalar                                                      
 PK                         Local  406      R(4)            4     1     1        ALC                                                
 PKI                        Local  406      R(4)            4     1     1        ALC                                                
 PKSD                       Local  406      R(4)            4     1     1        ALC                                                
 PO4                        Local  301      R(8)            8     2     1        PTR                                                
 PO4AG                      Local  318      R(8)            8     2     1        PTR                                                
 PO4AP                      Local  318      R(8)            8     2     1        PTR                                                
 PO4AR                      Local  318      R(8)            8     2     1        PTR                                                
 PO4BUFC                    Local  402      CHAR            8           scalar                                                      
 PO4DOM                     Local  318      R(8)            8     2     1        PTR                                                
 PO4EG                      Local  320      R(8)            8     2     1        PTR                                                
 PO4EP                      Local  320      R(8)            8     2     1        PTR                                                
 PO4ER                      Local  320      R(8)            8     2     1        PTR                                                
 PO4NS                      Local  318      R(8)            8     2     1        PTR                                                
 PO4OM                      Local  318      R(8)            8     2     1        PTR                                                
 PO4POM                     Local  318      R(8)            8     2     1        PTR                                                
 PO4R                       Local  369      R(4)            4     1     1        ALC                                                
 PO4SD                      Local  318      R(8)            8     2     1        PTR                                                
 PO4SR                      Local  318      R(8)            8     2     1        PTR                                                
 PO4SS                      Local  305      R(8)            8     2     1        PTR                                                
 POC                        Local  313      R(8)            8     2     1        PTR                                                

Page 38          Source Listing                  FF
2026-03-30 08:47 Symbol Table                    ..\..\..\w2modules.F90

 Name                       Object Declared Type            Bytes Dimen Elements Attributes       References                        
                                                                                                                                    
 POMBUFC                    Local  402      CHAR            8           scalar                                                      
 POMS                       Local  358      R(4)            4     1     1        ALC                                                
 POM_BUFFERING              Local  404      L(4)            4           scalar                                                      
 PON                        Local  313      R(8)            8     2     1        PTR                                                
 POP                        Local  313      R(8)            8     2     1        PTR                                                
 PREC                       Module 293                                                            293                               
 PSI                        Local  301      R(8)            8     2     1        PTR                                                
 PSIAM                      Local  325      R(8)            8     2     1        PTR                                                
 PSID                       Local  325      R(8)            8     2     1        PTR                                                
 PSIDK                      Local  365      R(4)            4     1     1        ALC                                                
 PSIEM                      Local  411      R(4)            4     2     1        ALC                                                
 PSINS                      Local  325      R(8)            8     2     1        PTR                                                
 PSIS                       Local  365      R(4)            4     1     1        ALC                                                
 PSISS                      Local  305      R(8)            8     2     1        PTR                                                
 QC                         Local  382      R(8)            8     1     1        ALC                                                
 QERR                       Local  382      R(8)            8     1     1        ALC                                                
 RBOD                       Local  374      R(4)            4     1     1        ALC                                                
 RCOEF1                     Local  383      R(4)            4     1     1        ALC                                                
 RCOEF2                     Local  383      R(4)            4     1     1        ALC                                                
 RCOEF3                     Local  383      R(4)            4     1     1        ALC                                                
 RCOEF4                     Local  383      R(4)            4     1     1        ALC                                                
 RDOC                       Local  423      R(4)            4     2     1        ALC                                                
 RDOM                       Local  304      R(8)            8     2     1        PTR                                                
 RDOMC                      Local  409      R(8)            8     2     1        PTR                                                
 RDOMCD                     Local  417      R(4)            4     2     1        ALC                                                
 RDOMCDK                    Local  419      R(4)            4     1     1        ALC                                                
 RDOMCSS                    Local  410      R(8)            8     2     1        PTR                                                
 RDOMD                      Local  327      R(8)            8     2     1        PTR                                                
 RDOMDK                     Local  356      R(4)            4     1     1        ALC                                                
 RDOMN                      Local  338      R(8)            8     2     1        PTR                                                
 RDOMND                     Local  416      R(4)            4     2     1        ALC                                                
 RDOMNDK                    Local  419      R(4)            4     1     1        ALC                                                
 RDOMNSS                    Local  339      R(8)            8     2     1        PTR                                                
 RDOMP                      Local  338      R(8)            8     2     1        PTR                                                
 RDOMPD                     Local  415      R(4)            4     2     1        ALC                                                
 RDOMPDK                    Local  419      R(4)            4     1     1        ALC                                                
 RDOMPSS                    Local  339      R(8)            8     2     1        PTR                                                
 RDOMSS                     Local  308      R(8)            8     2     1        PTR                                                
 RDON                       Local  423      R(4)            4     2     1        ALC                                                
 RDOP                       Local  423      R(4)            4     2     1        ALC                                                
 REAER                      Local  383      R(4)            4     1     1        ALC                                                
 REAERC                     Local  399      CHAR            8     1     1        ALC                                                
 RPOC                       Local  423      R(4)            4     2     1        ALC                                                
 RPOM                       Local  304      R(8)            8     2     1        PTR                                                
 RPOMC                      Local  409      R(8)            8     2     1        PTR                                                
 RPOMCD                     Local  417      R(4)            4     2     1        ALC                                                
 RPOMCDK                    Local  420      R(4)            4     1     1        ALC                                                
 RPOMCHD                    Local  417      R(4)            4     2     1        ALC                                                
 RPOMCMP                    Local  421      R(4)            4     2     1        ALC                                                
 RPOMCNS                    Local  414      R(4)            4     2     1        ALC                                                
 RPOMCSS                    Local  410      R(8)            8     2     1        PTR                                                
 RPOMD                      Local  328      R(8)            8     2     1        PTR                                                
 RPOMDK                     Local  356      R(4)            4     1     1        ALC                                                
 RPOMHD                     Local  413      R(4)            4     2     1        ALC                                                
 RPOMHK                     Local  418      R(4)            4     1     1        ALC                                                

Page 39          Source Listing                  FF
2026-03-30 08:47 Symbol Table                    ..\..\..\w2modules.F90

 Name                       Object Declared Type            Bytes Dimen Elements Attributes       References                        
                                                                                                                                    
 RPOMN                      Local  338      R(8)            8     2     1        PTR                                                
 RPOMND                     Local  416      R(4)            4     2     1        ALC                                                
 RPOMNDK                    Local  420      R(4)            4     1     1        ALC                                                
 RPOMNHD                    Local  416      R(4)            4     2     1        ALC                                                
 RPOMNMP                    Local  390      R(4)            4     2     1        ALC                                                
 RPOMNNS                    Local  342      R(8)            8     2     1        PTR                                                
 RPOMNS                     Local  328      R(8)            8     2     1        PTR                                                
 RPOMNSS                    Local  340      R(8)            8     2     1        PTR                                                
 RPOMP                      Local  338      R(8)            8     2     1        PTR                                                
 RPOMPD                     Local  415      R(4)            4     2     1        ALC                                                
 RPOMPDK                    Local  420      R(4)            4     1     1        ALC                                                
 RPOMPHD                    Local  415      R(4)            4     2     1        ALC                                                
 RPOMPMP                    Local  390      R(4)            4     2     1        ALC                                                
 RPOMPNS                    Local  341      R(8)            8     2     1        PTR                                                
 RPOMPSS                    Local  339      R(8)            8     2     1        PTR                                                
 RPOMSS                     Local  308      R(8)            8     2     1        PTR                                                
 RPON                       Local  423      R(4)            4     2     1        ALC                                                
 RPOP                       Local  423      R(4)            4     2     1        ALC                                                
 SATO                       Local  427      R(4)            4           scalar                                                      
 SDEN                       Local  406      R(4)            4     1     1        ALC                                                
 SDENI                      Local  406      R(4)            4     1     1        ALC                                                
 SDFIRSTADD                 Local  405      L(4)            4     2     1        ALC                                                
 SDINC                      Local  352      R(8)            8     2     1        PTR                                                
 SDINFEOOH                  Local  353      R(8)            8     2     1        PTR                                                
 SDINMNO2                   Local  353      R(8)            8     2     1        PTR                                                
 SDINN                      Local  352      R(8)            8     2     1        PTR                                                
 SDINP                      Local  352      R(8)            8     2     1        PTR                                                
 SDK                        Local  356      R(4)            4     1     1        ALC                                                
 SDK1                       Local  357      R(4)            4     1     1        ALC                                                
 SDK2                       Local  357      R(4)            4     1     1        ALC                                                
 SDKV                       Local  394      R(4)            4     2     1        ALC                                                
 SECCHID                    Local  316      R(8)            8     2     1        PTR                                                
 SECC_PAR                   Local  296      R(8)            8     1     1        ALC                                                
 SED                        Local  385      R(4)            4     2     1        ALC                                                
 SED1                       Local  386      R(4)            4     2     1        ALC                                                
 SED1IC                     Local  386      R(4)            4     2     1        ALC                                                
 SED2                       Local  386      R(4)            4     2     1        ALC                                                
 SED2IC                     Local  386      R(4)            4     2     1        ALC                                                
 SEDAS                      Local  332      R(8)            8     2     1        PTR                                                
 SEDASC                     Local  345      R(8)            8     2     1        PTR                                                
 SEDASN                     Local  344      R(8)            8     2     1        PTR                                                
 SEDASP                     Local  343      R(8)            8     2     1        PTR                                                
 SEDB                       Local  358      R(4)            4     1     1        ALC                                                
 SEDBR                      Local  347      R(8)            8     2     1        PTR                                                
 SEDBRC                     Local  347      R(8)            8     2     1        PTR                                                
 SEDBRN                     Local  347      R(8)            8     2     1        PTR                                                
 SEDBRP                     Local  347      R(8)            8     2     1        PTR                                                
 SEDC                       Local  392      R(4)            4     2     1        ALC                                                
 SEDCB                      Local  346      R(8)            8     2     1        PTR                                                
 SEDCBC                     Local  346      R(8)            8     2     1        PTR                                                
 SEDCBN                     Local  346      R(8)            8     2     1        PTR                                                
 SEDCBP                     Local  346      R(8)            8     2     1        PTR                                                
 SEDD                       Local  332      R(8)            8     2     1        PTR                                                
 SEDD1                      Local  333      R(8)            8     2     1        PTR                                                
 SEDD2                      Local  333      R(8)            8     2     1        PTR                                                

Page 40          Source Listing                  FF
2026-03-30 08:47 Symbol Table                    ..\..\..\w2modules.F90

 Name                       Object Declared Type            Bytes Dimen Elements Attributes       References                        
                                                                                                                                    
 SEDDC                      Local  345      R(8)            8     2     1        PTR                                                
 SEDDKTOT                   Local  394      R(4)            4     2     1        ALC                                                
 SEDDN                      Local  344      R(8)            8     2     1        PTR                                                
 SEDDP                      Local  343      R(8)            8     2     1        PTR                                                
 SEDEB                      Local  411      R(4)            4     2     1        ALC                                                
 SEDIMENT_RESUSPENSION      Local  398      L(4)            4     1     1        ALC                                                
 SEDN                       Local  392      R(4)            4     2     1        ALC                                                
 SEDNINFLUX                 Local  392      R(4)            4     2     1        ALC                                                
 SEDNO3                     Local  344      R(8)            8     2     1        PTR                                                
 SEDNS                      Local  332      R(8)            8     2     1        PTR                                                
 SEDNSC                     Local  345      R(8)            8     2     1        PTR                                                
 SEDNSN                     Local  344      R(8)            8     2     1        PTR                                                
 SEDNSP                     Local  343      R(8)            8     2     1        PTR                                                
 SEDOMS                     Local  332      R(8)            8     2     1        PTR                                                
 SEDOMSC                    Local  345      R(8)            8     2     1        PTR                                                
 SEDOMSN                    Local  344      R(8)            8     2     1        PTR                                                
 SEDOMSP                    Local  343      R(8)            8     2     1        PTR                                                
 SEDP                       Local  392      R(4)            4     2     1        ALC                                                
 SEDPINFLUX                 Local  392      R(4)            4     2     1        ALC                                                
 SEDS                       Local  358      R(4)            4     1     1        ALC                                                
 SEDVPC                     Local  393      R(4)            4     2     1        ALC                                                
 SEDVPN                     Local  393      R(4)            4     2     1        ALC                                                
 SEDVPP                     Local  393      R(4)            4     2     1        ALC                                                
 SO4                        Local  302      R(8)            8     2     1        PTR                                                
 SO4R                       Local  298      R(8)            8     1     1        ALC                                                
 SO4SS                      Local  306      R(8)            8     2     1        PTR                                                
 SOD                        Local  356      R(4)            4     1     1        ALC                                                
 SODD                       Local  332      R(8)            8     2     1        PTR                                                
 SODK1                      Local  377      R(4)            4     1     1        ALC                                                
 SODK2                      Local  377      R(4)            4     1     1        ALC                                                
 SODT1                      Local  376      R(4)            4     1     1        ALC                                                
 SODT2                      Local  376      R(4)            4     1     1        ALC                                                
 SS                         Local  334      R(8)            8     3     1        PTR                                                
 SSCS                       Local  358      R(4)            4     1     1        ALC                                                
 SSS                        Local  358      R(4)            4     1     1        ALC                                                
 SSSI                       Local  317      R(8)            8     2     1        PTR                                                
 SSSO                       Local  317      R(8)            8     2     1        PTR                                                
 SSSS                       Local  335      R(8)            8     3     1        PTR                                                
 TAUCR                      Local  358      R(4)            4     1     1        ALC                                                
 TBOD                       Local  374      R(4)            4     1     1        ALC                                                
 TDG                        Local  316      R(8)            8     2     1        PTR                                                
 TDS                        Local  301      R(8)            8     2     1        PTR                                                
 TIC                        Local  304      R(8)            8     2     1        PTR                                                
 TICAP                      Local  331      R(8)            8     2     1        PTR                                                
 TICEP                      Local  320      R(8)            8     2     1        PTR                                                
 TICSS                      Local  308      R(8)            8     2     1        PTR                                                
 TISS                       Local  317      R(8)            8     2     1        PTR                                                
 TKN                        Local  311      R(8)            8     2     1        PTR                                                
 TN                         Local  311      R(8)            8     2     1        PTR                                                
 TOC                        Local  314      R(8)            8     2     1        PTR                                                
 TON                        Local  314      R(8)            8     2     1        PTR                                                
 TOP                        Local  314      R(8)            8     2     1        PTR                                                
 TOTSS                      Local  317      R(8)            8     2     1        PTR                                                
 TP                         Local  311      R(8)            8     2     1        PTR                                                
 TURB                       Local  316      R(8)            8     2     1        PTR                                                

Page 41          Source Listing                  FF
2026-03-30 08:47 Symbol Table                    ..\..\..\w2modules.F90

 Name                       Object Declared Type            Bytes Dimen Elements Attributes       References                        
                                                                                                                                    
 WAGE                       Local  303      R(8)            8     2     1        PTR                                                
 WIND10                     Local  382      R(8)            8     1     1        ALC                                                

Page 42          Source Listing                  FF
2026-03-30 08:47                                 ..\..\..\w2modules.F90

    449 MODULE SELWC
    450   USE PREC
    451   REAL(R8),              ALLOCATABLE, DIMENSION(:)    :: VNORM,  QNEW
    452   REAL(R8),              ALLOCATABLE, DIMENSION(:,:)  :: QDSW                                                         !SR 12
    452 /19/2022 Output
    453 !REAL,                  ALLOCATABLE, DIMENSION(:)    :: EWD, TAVGW                   ! cb 1/16/13
    454   real,                  allocatable, dimension(:)    :: ewd
    455   REAL(R8),              ALLOCATABLE, DIMENSION(:,:)  :: QSTR, QSTRSAV,  QSW     ! SR 10/1/2023
    456 !REAL,                  ALLOCATABLE, DIMENSION(:,:)  :: ESTR,   WSTR, TAVG            ! SW Selective 7/30/09
    457   real,                  allocatable, dimension(:,:)  :: estr,   wstr                  ! cb 1/16/13
    458   real(r8),              allocatable, dimension(:,:)  :: tavg                  ! cb 1/16/13
    459   real(r8),              allocatable, dimension(:)    :: tavgw                  ! cb 1/16/13
    460   REAL(R8),                  ALLOCATABLE, DIMENSION(:,:)  :: CAVGW,  CDAVGW
    461   REAL(R8),                  ALLOCATABLE, DIMENSION(:,:,:):: CAVG,   CDAVG
    462   INTEGER,               ALLOCATABLE, DIMENSION(:)    :: NSTR,   NOUT,   KTWD,   KBWD,   KTW,   KBW
    463   INTEGER,               ALLOCATABLE, DIMENSION(:,:)  :: KTSW,   KBSW,   KOUT
    464   CHARACTER(8),          ALLOCATABLE, DIMENSION(:)    :: DYNSTRUC
    465 END MODULE SELWC


SYMBOL CROSS REFERENCE

 Name                       Object Declared Type            Bytes Dimen Elements Attributes       References                        
                                                                                                                                    
 CAVG                       Local  461      R(8)            8     3     1        ALC                                                
 CAVGW                      Local  460      R(8)            8     2     1        ALC                                                
 CDAVG                      Local  461      R(8)            8     3     1        ALC                                                
 CDAVGW                     Local  460      R(8)            8     2     1        ALC                                                
 DYNSTRUC                   Local  464      CHAR            8     1     1        ALC                                                
 ESTR                       Local  457      R(4)            4     2     1        ALC                                                
 EWD                        Local  454      R(4)            4     1     1        ALC                                                
 KBSW                       Local  463      I(4)            4     2     1        ALC                                                
 KBW                        Local  462      I(4)            4     1     1        ALC                                                
 KBWD                       Local  462      I(4)            4     1     1        ALC                                                
 KOUT                       Local  463      I(4)            4     2     1        ALC                                                
 KTSW                       Local  463      I(4)            4     2     1        ALC                                                
 KTW                        Local  462      I(4)            4     1     1        ALC                                                
 KTWD                       Local  462      I(4)            4     1     1        ALC                                                
 NOUT                       Local  462      I(4)            4     1     1        ALC                                                
 NSTR                       Local  462      I(4)            4     1     1        ALC                                                
 PREC                       Module 450                                                            450                               
 QDSW                       Local  452      R(8)            8     2     1        ALC                                                
 QNEW                       Local  451      R(8)            8     1     1        ALC                                                
 QSTR                       Local  455      R(8)            8     2     1        ALC                                                
 QSTRSAV                    Local  455      R(8)            8     2     1        ALC                                                
 QSW                        Local  455      R(8)            8     2     1        ALC                                                
 R8                         Param  451      I(4)            4           scalar                    451,452,455,458,459,460,461       
 SELWC                      Module 449                                                                                              
 TAVG                       Local  458      R(8)            8     2     1        ALC                                                
 TAVGW                      Local  459      R(8)            8     1     1        ALC                                                
 VNORM                      Local  451      R(8)            8     1     1        ALC                                                
 WSTR                       Local  457      R(4)            4     2     1        ALC                                                

Page 43          Source Listing                  FF
2026-03-30 08:47                                 ..\..\..\w2modules.F90

    466 MODULE GDAYC
    467   REAL                                           :: DAYM,   EQTNEW
    468   INTEGER                                        :: JDAYG,  IMON,      YEAR,   GDAY, YEAROLD
    469   LOGICAL                                        :: LEAP_YEAR
    470   CHARACTER(9)                                   :: MONTH
    471 END MODULE GDAYC


SYMBOL CROSS REFERENCE

 Name                       Object Declared Type            Bytes Dimen Elements Attributes       References                        
                                                                                                                                    
 DAYM                       Local  467      R(4)            4           scalar                                                      
 EQTNEW                     Local  467      R(4)            4           scalar                                                      
 GDAY                       Local  468      I(4)            4           scalar                                                      
 GDAYC                      Module 466                                                                                              
 IMON                       Local  468      I(4)            4           scalar                                                      
 JDAYG                      Local  468      I(4)            4           scalar                                                      
 LEAP_YEAR                  Local  469      L(4)            4           scalar                                                      
 MONTH                      Local  470      CHAR            9           scalar                                                      
 YEAR                       Local  468      I(4)            4           scalar                                                      
 YEAROLD                    Local  468      I(4)            4           scalar                                                      

Page 44          Source Listing                  FF
2026-03-30 08:47                                 ..\..\..\w2modules.F90

    472 MODULE SCREENC
    473   USE PREC
    474   REAL(R8)                                       :: JDAY,   DLTS1,  JDMIN,  MINDLT, DLTAV,  ELTMJD
    475   REAL,              ALLOCATABLE, DIMENSION(:)   :: ZMIN,   CMIN,   CMAX,   HYMIN,  HYMAX,  CDMIN,  CDMAX
    476   INTEGER                                        :: ILOC,   KLOC,   IMIN,   KMIN,   NIT,    NV,     JTT,     JWW
    477   INTEGER,           ALLOCATABLE, DIMENSION(:)   :: IZMIN
    478   CHARACTER(8),      ALLOCATABLE, DIMENSION(:)   :: ACPRC,  AHPRC,  ACDPRC
    479 END MODULE SCREENC


SYMBOL CROSS REFERENCE

 Name                       Object Declared Type            Bytes Dimen Elements Attributes       References                        
                                                                                                                                    
 ACDPRC                     Local  478      CHAR            8     1     1        ALC                                                
 ACPRC                      Local  478      CHAR            8     1     1        ALC                                                
 AHPRC                      Local  478      CHAR            8     1     1        ALC                                                
 CDMAX                      Local  475      R(4)            4     1     1        ALC                                                
 CDMIN                      Local  475      R(4)            4     1     1        ALC                                                
 CMAX                       Local  475      R(4)            4     1     1        ALC                                                
 CMIN                       Local  475      R(4)            4     1     1        ALC                                                
 DLTAV                      Local  474      R(8)            8           scalar                                                      
 DLTS1                      Local  474      R(8)            8           scalar                                                      
 ELTMJD                     Local  474      R(8)            8           scalar                                                      
 HYMAX                      Local  475      R(4)            4     1     1        ALC                                                
 HYMIN                      Local  475      R(4)            4     1     1        ALC                                                
 ILOC                       Local  476      I(4)            4           scalar                                                      
 IMIN                       Local  476      I(4)            4           scalar                                                      
 IZMIN                      Local  477      I(4)            4     1     1        ALC                                                
 JDAY                       Local  474      R(8)            8           scalar                                                      
 JDMIN                      Local  474      R(8)            8           scalar                                                      
 JTT                        Local  476      I(4)            4           scalar                                                      
 JWW                        Local  476      I(4)            4           scalar                                                      
 KLOC                       Local  476      I(4)            4           scalar                                                      
 KMIN                       Local  476      I(4)            4           scalar                                                      
 MINDLT                     Local  474      R(8)            8           scalar                                                      
 NIT                        Local  476      I(4)            4           scalar                                                      
 NV                         Local  476      I(4)            4           scalar                                                      
 PREC                       Module 473                                                            473                               
 R8                         Param  474      I(4)            4           scalar                    474                               
 SCREENC                    Module 472                                                                                              
 ZMIN                       Local  475      R(4)            4     1     1        ALC                                                

Page 45          Source Listing                  FF
2026-03-30 08:47                                 ..\..\..\w2modules.F90

    480 MODULE TRIDIAG_V
    481 USE PREC
    482 !INTEGER,                             INTENT(IN)  :: S, E, N
    483 !  REAL(R8),              DIMENSION(:), INTENT(IN)  :: A(E),V(E),C(E),D(E)
    484 !  REAL(R8),              DIMENSION(:), INTENT(OUT) :: U(N)
    485   REAL(R8), ALLOCATABLE, DIMENSION(:)              :: BTA1, GMA1
    486 !REAL(R8), DIMENSION(1000)              :: BTA, GMA
    487 !  INTEGER                                          :: I
    488 END MODULE TRIDIAG_V


SYMBOL CROSS REFERENCE

 Name                       Object Declared Type            Bytes Dimen Elements Attributes       References                        
                                                                                                                                    
 BTA1                       Local  485      R(8)            8     1     1        ALC                                                
 GMA1                       Local  485      R(8)            8     1     1        ALC                                                
 PREC                       Module 481                                                            481                               
 R8                         Param  485      I(4)            4           scalar                    485                               
 TRIDIAG_V                  Module 480                                                                                              

Page 46          Source Listing                  FF
2026-03-30 08:47                                 ..\..\..\w2modules.F90

    489 MODULE TDGAS
    490   REAL,              ALLOCATABLE, DIMENSION(:)   :: AGASSP, BGASSP, CGASSP, AGASGT, BGASGT, CGASGT, DGASGT, DGASSP  !SW 12/1
    490 /2025
    491   INTEGER,           ALLOCATABLE, DIMENSION(:)   :: EQSP,   EQGT
    492 END MODULE TDGAS


SYMBOL CROSS REFERENCE

 Name                       Object Declared Type            Bytes Dimen Elements Attributes       References                        
                                                                                                                                    
 AGASGT                     Local  490      R(4)            4     1     1        ALC                                                
 AGASSP                     Local  490      R(4)            4     1     1        ALC                                                
 BGASGT                     Local  490      R(4)            4     1     1        ALC                                                
 BGASSP                     Local  490      R(4)            4     1     1        ALC                                                
 CGASGT                     Local  490      R(4)            4     1     1        ALC                                                
 CGASSP                     Local  490      R(4)            4     1     1        ALC                                                
 DGASGT                     Local  490      R(4)            4     1     1        ALC                                                
 DGASSP                     Local  490      R(4)            4     1     1        ALC                                                
 EQGT                       Local  491      I(4)            4     1     1        ALC                                                
 EQSP                       Local  491      I(4)            4     1     1        ALC                                                
 TDGAS                      Module 489                                                                                              

Page 47          Source Listing                  FF
2026-03-30 08:47                                 ..\..\..\w2modules.F90

    493 MODULE LOGICC
    494   LOGICAL                                        :: SUSP_SOLIDS,        OXYGEN_DEMAND,    UPDATE_GRAPH,     INITIALIZE_GRAPH
    495   LOGICAL                                        :: WITHDRAWALS,        TRIBUTARIES,      GATES, PIPES  
    496   LOGICAL,           ALLOCATABLE, DIMENSION(:)   :: NO_WIND,            NO_INFLOW,        NO_OUTFLOW,       NO_HEAT
    497   LOGICAL,           ALLOCATABLE, DIMENSION(:)   :: UPWIND,             ULTIMATE,         FRESH_WATER,      SALT_WATER
    498   LOGICAL,           ALLOCATABLE, DIMENSION(:)   :: LIMITING_DLT,       TERM_BY_TERM,     MANNINGS_N,       PH_CALC
    499   LOGICAL,           ALLOCATABLE, DIMENSION(:)   :: ONE_LAYER,          DIST_TRIBS,       PRECIPITATION
    500   LOGICAL,           ALLOCATABLE, DIMENSION(:)   :: PRINT_SEDIMENT,     LIMITING_FACTOR,  READ_EXTINCTION,  READ_RADIATION
    501   LOGICAL,           ALLOCATABLE, DIMENSION(:)   :: PRINT_SEDIMENT1, PRINT_SEDIMENT2  ! Amaila
    502   LOGICAL,           ALLOCATABLE, DIMENSION(:)   :: UH_INTERNAL,        DH_INTERNAL,      UH_EXTERNAL,      DH_EXTERNAL
    503   LOGICAL,           ALLOCATABLE, DIMENSION(:)   :: UQ_INTERNAL,        DQ_INTERNAL,      UQ_EXTERNAL,      DQ_EXTERNAL
    504   LOGICAL,           ALLOCATABLE, DIMENSION(:)   :: UP_FLOW,            DN_FLOW,          INTERNAL_FLOW
    505   LOGICAL,           ALLOCATABLE, DIMENSION(:)   :: DAM_INFLOW,         DAM_OUTFLOW                                    !TC 0
    505 8/03/04
    506   LOGICAL,           ALLOCATABLE, DIMENSION(:)   :: INTERP_METEOROLOGY, INTERP_INFLOW,    INTERP_DTRIBS,    INTERP_TRIBS
    507   LOGICAL,           ALLOCATABLE, DIMENSION(:)   :: INTERP_WITHDRAWAL,  INTERP_HEAD,      INTERP_EXTINCTION
    508   LOGICAL,           ALLOCATABLE, DIMENSION(:)   :: VISCOSITY_LIMIT,    CELERITY_LIMIT,   IMPLICIT_AZ,      TRAPEZOIDAL !SW 
    508 07/16/04
    509 !  LOGICAL,           ALLOCATABLE, DIMENSION(:)   :: HYDRO_PLOT,         CONSTITUENT_PLOT, DERIVED_PLOT
    510   LOGICAL,           ALLOCATABLE, DIMENSION(:)   :: INTERP_GATE     ! cb 8/13/2010
    511   LOGICAL,           ALLOCATABLE, DIMENSION(:,:) :: PRINT_DERIVED,      PRINT_HYDRO,      PRINT_CONST,      PRINT_EPIPHYTON
    512   LOGICAL,           ALLOCATABLE, DIMENSION(:,:) :: POINT_SINK,         INTERNAL_WEIR,    INTERP_OUTFLOW
    513   LOGICAL,       ALLOCATABLE, DIMENSION(:)       :: HEAD_FLOW
    514   LOGICAL,       ALLOCATABLE, DIMENSION(:)       :: UP_HEAD
    515 END MODULE LOGICC


SYMBOL CROSS REFERENCE

 Name                       Object Declared Type            Bytes Dimen Elements Attributes       References                        
                                                                                                                                    
 CELERITY_LIMIT             Local  508      L(4)            4     1     1        ALC                                                
 DAM_INFLOW                 Local  505      L(4)            4     1     1        ALC                                                
 DAM_OUTFLOW                Local  505      L(4)            4     1     1        ALC                                                
 DH_EXTERNAL                Local  502      L(4)            4     1     1        ALC                                                
 DH_INTERNAL                Local  502      L(4)            4     1     1        ALC                                                
 DIST_TRIBS                 Local  499      L(4)            4     1     1        ALC                                                
 DN_FLOW                    Local  504      L(4)            4     1     1        ALC                                                
 DQ_EXTERNAL                Local  503      L(4)            4     1     1        ALC                                                
 DQ_INTERNAL                Local  503      L(4)            4     1     1        ALC                                                
 FRESH_WATER                Local  497      L(4)            4     1     1        ALC                                                
 GATES                      Local  495      L(4)            4           scalar                                                      
 HEAD_FLOW                  Local  513      L(4)            4     1     1        ALC                                                
 IMPLICIT_AZ                Local  508      L(4)            4     1     1        ALC                                                
 INITIALIZE_GRAPH           Local  494      L(4)            4           scalar                                                      
 INTERNAL_FLOW              Local  504      L(4)            4     1     1        ALC                                                
 INTERNAL_WEIR              Local  512      L(4)            4     2     1        ALC                                                
 INTERP_DTRIBS              Local  506      L(4)            4     1     1        ALC                                                
 INTERP_EXTINCTION          Local  507      L(4)            4     1     1        ALC                                                
 INTERP_GATE                Local  510      L(4)            4     1     1        ALC                                                
 INTERP_HEAD                Local  507      L(4)            4     1     1        ALC                                                
 INTERP_INFLOW              Local  506      L(4)            4     1     1        ALC                                                
 INTERP_METEOROLOGY         Local  506      L(4)            4     1     1        ALC                                                
 INTERP_OUTFLOW             Local  512      L(4)            4     2     1        ALC                                                
 INTERP_TRIBS               Local  506      L(4)            4     1     1        ALC                                                
 INTERP_WITHDRAWAL          Local  507      L(4)            4     1     1        ALC                                                
 LIMITING_DLT               Local  498      L(4)            4     1     1        ALC                                                

Page 48          Source Listing                  FF
2026-03-30 08:47 Symbol Table                    ..\..\..\w2modules.F90

 Name                       Object Declared Type            Bytes Dimen Elements Attributes       References                        
                                                                                                                                    
 LIMITING_FACTOR            Local  500      L(4)            4     1     1        ALC                                                
 LOGICC                     Module 493                                                                                              
 MANNINGS_N                 Local  498      L(4)            4     1     1        ALC                                                
 NO_HEAT                    Local  496      L(4)            4     1     1        ALC                                                
 NO_INFLOW                  Local  496      L(4)            4     1     1        ALC                                                
 NO_OUTFLOW                 Local  496      L(4)            4     1     1        ALC                                                
 NO_WIND                    Local  496      L(4)            4     1     1        ALC                                                
 ONE_LAYER                  Local  499      L(4)            4     1     1        ALC                                                
 OXYGEN_DEMAND              Local  494      L(4)            4           scalar                                                      
 PH_CALC                    Local  498      L(4)            4     1     1        ALC                                                
 PIPES                      Local  495      L(4)            4           scalar                                                      
 POINT_SINK                 Local  512      L(4)            4     2     1        ALC                                                
 PRECIPITATION              Local  499      L(4)            4     1     1        ALC                                                
 PRINT_CONST                Local  511      L(4)            4     2     1        ALC                                                
 PRINT_DERIVED              Local  511      L(4)            4     2     1        ALC                                                
 PRINT_EPIPHYTON            Local  511      L(4)            4     2     1        ALC                                                
 PRINT_HYDRO                Local  511      L(4)            4     2     1        ALC                                                
 PRINT_SEDIMENT             Local  500      L(4)            4     1     1        ALC                                                
 PRINT_SEDIMENT1            Local  501      L(4)            4     1     1        ALC                                                
 PRINT_SEDIMENT2            Local  501      L(4)            4     1     1        ALC                                                
 READ_EXTINCTION            Local  500      L(4)            4     1     1        ALC                                                
 READ_RADIATION             Local  500      L(4)            4     1     1        ALC                                                
 SALT_WATER                 Local  497      L(4)            4     1     1        ALC                                                
 SUSP_SOLIDS                Local  494      L(4)            4           scalar                                                      
 TERM_BY_TERM               Local  498      L(4)            4     1     1        ALC                                                
 TRAPEZOIDAL                Local  508      L(4)            4     1     1        ALC                                                
 TRIBUTARIES                Local  495      L(4)            4           scalar                                                      
 UH_EXTERNAL                Local  502      L(4)            4     1     1        ALC                                                
 UH_INTERNAL                Local  502      L(4)            4     1     1        ALC                                                
 ULTIMATE                   Local  497      L(4)            4     1     1        ALC                                                
 UPDATE_GRAPH               Local  494      L(4)            4           scalar                                                      
 UPWIND                     Local  497      L(4)            4     1     1        ALC                                                
 UP_FLOW                    Local  504      L(4)            4     1     1        ALC                                                
 UP_HEAD                    Local  514      L(4)            4     1     1        ALC                                                
 UQ_EXTERNAL                Local  503      L(4)            4     1     1        ALC                                                
 UQ_INTERNAL                Local  503      L(4)            4     1     1        ALC                                                
 VISCOSITY_LIMIT            Local  508      L(4)            4     1     1        ALC                                                
 WITHDRAWALS                Local  495      L(4)            4           scalar                                                      

Page 49          Source Listing                  FF
2026-03-30 08:47                                 ..\..\..\w2modules.F90

    516 MODULE SHADEC
    517   integer, PARAMETER :: IANG=18
    518   REAL,PARAMETER                                 :: GAMA=(3.1415926*2.)/REAL(IANG)                         ! SW 10/17/05
    519   REAL,                           DIMENSION(IANG):: ANG                                                    ! SW 10/17/05
    520   REAL,              ALLOCATABLE, DIMENSION(:)   :: A00,    DECL,   HH,     TTLB,   TTRB,   CLLB,   CLRB   ! SW 10/17/05
    521   REAL,              ALLOCATABLE, DIMENSION(:)   :: SRLB1,  SRRB1,  SRLB2,  SRRB2,  SRFJD1, SRFJD2, SHADEI
    522   REAL,              ALLOCATABLE, DIMENSION(:,:) :: TOPO
    523   LOGICAL,           ALLOCATABLE, DIMENSION(:)   :: DYNAMIC_SHADE
    524   DATA ANG  /0.00000, 0.34907, 0.69813, 1.04720, 1.39626, 1.74533, 2.09440, 2.44346, &
    525             2.79253, 3.14159, 3.49066, 3.83972, 4.18879, 4.53786, 4.88692, 5.23599, 5.58505, 5.93412/      ! SW 10/17/05
    526 END MODULE SHADEC


SYMBOL CROSS REFERENCE

 Name                       Object Declared Type            Bytes Dimen Elements Attributes       References                        
                                                                                                                                    
 A00                        Local  520      R(4)            4     1     1        ALC                                                
 ANG                        Local  519      R(4)            4     1     18                        524                               
 CLLB                       Local  520      R(4)            4     1     1        ALC                                                
 CLRB                       Local  520      R(4)            4     1     1        ALC                                                
 DECL                       Local  520      R(4)            4     1     1        ALC                                                
 DYNAMIC_SHADE              Local  523      L(4)            4     1     1        ALC                                                
 GAMA                       Param  518      R(4)            4           scalar                                                      
 HH                         Local  520      R(4)            4     1     1        ALC                                                
 IANG                       Param  517      I(4)            4           scalar                    518,519                           
 REAL                       Func   518                                  scalar                    518                               
 SHADEC                     Module 516                                                                                              
 SHADEI                     Local  521      R(4)            4     1     1        ALC                                                
 SRFJD1                     Local  521      R(4)            4     1     1        ALC                                                
 SRFJD2                     Local  521      R(4)            4     1     1        ALC                                                
 SRLB1                      Local  521      R(4)            4     1     1        ALC                                                
 SRLB2                      Local  521      R(4)            4     1     1        ALC                                                
 SRRB1                      Local  521      R(4)            4     1     1        ALC                                                
 SRRB2                      Local  521      R(4)            4     1     1        ALC                                                
 TOPO                       Local  522      R(4)            4     2     1        ALC                                                
 TTLB                       Local  520      R(4)            4     1     1        ALC                                                
 TTRB                       Local  520      R(4)            4     1     1        ALC                                                

Page 50          Source Listing                  FF
2026-03-30 08:47                                 ..\..\..\w2modules.F90

    527 MODULE EDDY
    528   USE PREC
    529   CHARACTER(8),      ALLOCATABLE, DIMENSION(:)      :: AZC,IMPTKE
    530   REAL(R8),          ALLOCATABLE, DIMENSION(:)      :: WSHY,   FRIC
    531   REAL(R8),          ALLOCATABLE, DIMENSION(:,:)    :: FRICBR, DECAY
    532   REAL(R8),          ALLOCATABLE, DIMENSION (:,:,:) :: TKE
    533   REAL(R8),          ALLOCATABLE, DIMENSION (:,:)   :: AZT, DZT
    534   REAL(R8),          ALLOCATABLE, DIMENSION(:)      :: USTARBTKE, E
    535   REAL(R8),          ALLOCATABLE, DIMENSION(:)      :: EROUGH, ARODI, TKELATPRDCONST, STRICK
    536 !INTEGER,           ALLOCATABLE, DIMENSION(:)      :: FIRSTI, LASTI, WALLPNT, TKEBC
    537   INTEGER,           ALLOCATABLE, DIMENSION(:)      :: WALLPNT, TKEBC
    538   LOGICAL,           ALLOCATABLE, DIMENSION(:)      :: STRICKON, TKELATPRD
    539 END MODULE EDDY


SYMBOL CROSS REFERENCE

 Name                       Object Declared Type            Bytes Dimen Elements Attributes       References                        
                                                                                                                                    
 ARODI                      Local  535      R(8)            8     1     1        ALC                                                
 AZC                        Local  529      CHAR            8     1     1        ALC                                                
 AZT                        Local  533      R(8)            8     2     1        ALC                                                
 DECAY                      Local  531      R(8)            8     2     1        ALC                                                
 DZT                        Local  533      R(8)            8     2     1        ALC                                                
 E                          Local  534      R(8)            8     1     1        ALC                                                
 EDDY                       Module 527                                                                                              
 EROUGH                     Local  535      R(8)            8     1     1        ALC                                                
 FRIC                       Local  530      R(8)            8     1     1        ALC                                                
 FRICBR                     Local  531      R(8)            8     2     1        ALC                                                
 IMPTKE                     Local  529      CHAR            8     1     1        ALC                                                
 PREC                       Module 528                                                            528                               
 R8                         Param  530      I(4)            4           scalar                    530,531,532,533,534,535           
 STRICK                     Local  535      R(8)            8     1     1        ALC                                                
 STRICKON                   Local  538      L(4)            4     1     1        ALC                                                
 TKE                        Local  532      R(8)            8     3     1        ALC                                                
 TKEBC                      Local  537      I(4)            4     1     1        ALC                                                
 TKELATPRD                  Local  538      L(4)            4     1     1        ALC                                                
 TKELATPRDCONST             Local  535      R(8)            8     1     1        ALC                                                
 USTARBTKE                  Local  534      R(8)            8     1     1        ALC                                                
 WALLPNT                    Local  537      I(4)            4     1     1        ALC                                                
 WSHY                       Local  530      R(8)            8     1     1        ALC                                                

Page 51          Source Listing                  FF
2026-03-30 08:47                                 ..\..\..\w2modules.F90

    540 MODULE MACROPHYTEC
    541 USE PREC
    542   REAL(R8),    POINTER,               DIMENSION(:,:)     :: NH4MR,  NH4MG,  LDOMMAC, RPOMMAC, LPOMMAC, DOMP, DOMR, TICMC
    543   REAL(R8),    POINTER,               DIMENSION(:,:)     :: PO4MR,  PO4MG
    544   REAL,              ALLOCATABLE, DIMENSION(:)       :: MG,     MR,     MM, MMAX,   MBMP
    545   REAL,              ALLOCATABLE, DIMENSION(:)       :: MT1,    MT2,    MT3,    MT4,    MK1,    MK2,    MK3,    MK4
    546   REAL,              ALLOCATABLE, DIMENSION(:)       :: MP,     MN,     MC
    547   REAL,              ALLOCATABLE, DIMENSION(:)       :: PSED,   NSED,   MHSP,   MHSN,   MHSC,   MSAT,   EXM
    548   REAL,              ALLOCATABLE, DIMENSION(:)       :: CDDRAG, DWV,    DWSA,  ANORM
    549   REAL,              ALLOCATABLE, DIMENSION(:)       :: ARMAC
    550   REAL,              ALLOCATABLE, DIMENSION(:)       :: O2MG,   O2MR,   LRPMAC,  MPOM
    551   REAL,              ALLOCATABLE, DIMENSION(:,:)     :: MACMBRS,MACMBRT,SSMACMB
    552   REAL,              ALLOCATABLE, DIMENSION(:,:)     :: CW,     BIC, MACWBCI
    553   REAL,              ALLOCATABLE, DIMENSION(:,:,:)   :: MACTRMR,MACTRMF,MACTRM
    554   REAL,              ALLOCATABLE, DIMENSION(:,:,:)   :: MMR,    MRR
    555   REAL,              ALLOCATABLE, DIMENSION(:,:,:)   :: MAC,    MACT
    556   REAL,              ALLOCATABLE, DIMENSION(:,:,:)   :: MPLIM,  MNLIM, MCLIM
    557   REAL,              ALLOCATABLE, DIMENSION(:,:,:)   :: SMAC,   SMACT
    558   REAL,              ALLOCATABLE, DIMENSION(:,:,:)   :: GAMMAJ
    559   REAL,              ALLOCATABLE, DIMENSION(:,:,:,:) :: MGR
    560   REAL,              ALLOCATABLE, DIMENSION(:,:,:,:) :: MACRC,  MACRM
    561   REAL,              ALLOCATABLE, DIMENSION(:,:,:,:) :: MLLIM
    562   REAL,              ALLOCATABLE, DIMENSION(:,:,:,:) :: MACSS
    563 ! REAL,              ALLOCATABLE, DIMENSION(:,:,:,:) :: SMACRC, SMACRM
    564   LOGICAL,           ALLOCATABLE, DIMENSION(:)       :: KTICOL
    565   LOGICAL,           ALLOCATABLE, DIMENSION(:,:)     :: PRINT_MACROPHYTE, MACROPHYTE_CALC
    566   LOGICAL                                            :: MACROPHYTE_ON
    567   CHARACTER(8),      ALLOCATABLE, DIMENSION(:,:)     :: MPRWBC, MACWBC  ! cb 8/24/15
    568   CHARACTER(10),      ALLOCATABLE, DIMENSION(:,:)    :: CONV2
    569   CHARACTER(10),     ALLOCATABLE, DIMENSION(:,:,:,:) :: MLFPR
    570 END MODULE MACROPHYTEC

Page 52          Source Listing                  FF
2026-03-30 08:47 Symbol Table                    ..\..\..\w2modules.F90



SYMBOL CROSS REFERENCE

 Name                       Object Declared Type            Bytes Dimen Elements Attributes       References                        
                                                                                                                                    
 ANORM                      Local  548      R(4)            4     1     1        ALC                                                
 ARMAC                      Local  549      R(4)            4     1     1        ALC                                                
 BIC                        Local  552      R(4)            4     2     1        ALC                                                
 CDDRAG                     Local  548      R(4)            4     1     1        ALC                                                
 CONV2                      Local  568      CHAR            10    2     1        ALC                                                
 CW                         Local  552      R(4)            4     2     1        ALC                                                
 DOMP                       Local  542      R(8)            8     2     1        PTR                                                
 DOMR                       Local  542      R(8)            8     2     1        PTR                                                
 DWSA                       Local  548      R(4)            4     1     1        ALC                                                
 DWV                        Local  548      R(4)            4     1     1        ALC                                                
 EXM                        Local  547      R(4)            4     1     1        ALC                                                
 GAMMAJ                     Local  558      R(4)            4     3     1        ALC                                                
 KTICOL                     Local  564      L(4)            4     1     1        ALC                                                
 LDOMMAC                    Local  542      R(8)            8     2     1        PTR                                                
 LPOMMAC                    Local  542      R(8)            8     2     1        PTR                                                
 LRPMAC                     Local  550      R(4)            4     1     1        ALC                                                
 MAC                        Local  555      R(4)            4     3     1        ALC                                                
 MACMBRS                    Local  551      R(4)            4     2     1        ALC                                                
 MACMBRT                    Local  551      R(4)            4     2     1        ALC                                                
 MACRC                      Local  560      R(4)            4     4     1        ALC                                                
 MACRM                      Local  560      R(4)            4     4     1        ALC                                                
 MACROPHYTEC                Module 540                                                                                              
 MACROPHYTE_CALC            Local  565      L(4)            4     2     1        ALC                                                
 MACROPHYTE_ON              Local  566      L(4)            4           scalar                                                      
 MACSS                      Local  562      R(4)            4     4     1        ALC                                                
 MACT                       Local  555      R(4)            4     3     1        ALC                                                
 MACTRM                     Local  553      R(4)            4     3     1        ALC                                                
 MACTRMF                    Local  553      R(4)            4     3     1        ALC                                                
 MACTRMR                    Local  553      R(4)            4     3     1        ALC                                                
 MACWBC                     Local  567      CHAR            8     2     1        ALC                                                
 MACWBCI                    Local  552      R(4)            4     2     1        ALC                                                
 MBMP                       Local  544      R(4)            4     1     1        ALC                                                
 MC                         Local  546      R(4)            4     1     1        ALC                                                
 MCLIM                      Local  556      R(4)            4     3     1        ALC                                                
 MG                         Local  544      R(4)            4     1     1        ALC                                                
 MGR                        Local  559      R(4)            4     4     1        ALC                                                
 MHSC                       Local  547      R(4)            4     1     1        ALC                                                
 MHSN                       Local  547      R(4)            4     1     1        ALC                                                
 MHSP                       Local  547      R(4)            4     1     1        ALC                                                
 MK1                        Local  545      R(4)            4     1     1        ALC                                                
 MK2                        Local  545      R(4)            4     1     1        ALC                                                
 MK3                        Local  545      R(4)            4     1     1        ALC                                                
 MK4                        Local  545      R(4)            4     1     1        ALC                                                
 MLFPR                      Local  569      CHAR            10    4     1        ALC                                                
 MLLIM                      Local  561      R(4)            4     4     1        ALC                                                
 MM                         Local  544      R(4)            4     1     1        ALC                                                
 MMAX                       Local  544      R(4)            4     1     1        ALC                                                
 MMR                        Local  554      R(4)            4     3     1        ALC                                                
 MN                         Local  546      R(4)            4     1     1        ALC                                                
 MNLIM                      Local  556      R(4)            4     3     1        ALC                                                
 MP                         Local  546      R(4)            4     1     1        ALC                                                

Page 53          Source Listing                  FF
2026-03-30 08:47 Symbol Table                    ..\..\..\w2modules.F90

 Name                       Object Declared Type            Bytes Dimen Elements Attributes       References                        
                                                                                                                                    
 MPLIM                      Local  556      R(4)            4     3     1        ALC                                                
 MPOM                       Local  550      R(4)            4     1     1        ALC                                                
 MPRWBC                     Local  567      CHAR            8     2     1        ALC                                                
 MR                         Local  544      R(4)            4     1     1        ALC                                                
 MRR                        Local  554      R(4)            4     3     1        ALC                                                
 MSAT                       Local  547      R(4)            4     1     1        ALC                                                
 MT1                        Local  545      R(4)            4     1     1        ALC                                                
 MT2                        Local  545      R(4)            4     1     1        ALC                                                
 MT3                        Local  545      R(4)            4     1     1        ALC                                                
 MT4                        Local  545      R(4)            4     1     1        ALC                                                
 NH4MG                      Local  542      R(8)            8     2     1        PTR                                                
 NH4MR                      Local  542      R(8)            8     2     1        PTR                                                
 NSED                       Local  547      R(4)            4     1     1        ALC                                                
 O2MG                       Local  550      R(4)            4     1     1        ALC                                                
 O2MR                       Local  550      R(4)            4     1     1        ALC                                                
 PO4MG                      Local  543      R(8)            8     2     1        PTR                                                
 PO4MR                      Local  543      R(8)            8     2     1        PTR                                                
 PREC                       Module 541                                                            541                               
 PRINT_MACROPHYTE           Local  565      L(4)            4     2     1        ALC                                                
 PSED                       Local  547      R(4)            4     1     1        ALC                                                
 R8                         Param  542      I(4)            4           scalar                    542,543                           
 RPOMMAC                    Local  542      R(8)            8     2     1        PTR                                                
 SMAC                       Local  557      R(4)            4     3     1        ALC                                                
 SMACT                      Local  557      R(4)            4     3     1        ALC                                                
 SSMACMB                    Local  551      R(4)            4     2     1        ALC                                                
 TICMC                      Local  542      R(8)            8     2     1        PTR                                                

Page 54          Source Listing                  FF
2026-03-30 08:47                                 ..\..\..\w2modules.F90

    571 MODULE POROSITYC
    572     REAL,              ALLOCATABLE, DIMENSION(:)     :: SAREA, VOLKTI
    573     REAL,              ALLOCATABLE, DIMENSION(:,:)   :: POR,   VOLI,   VSTEMKT
    574     REAL,              ALLOCATABLE, DIMENSION(:,:,:) :: VSTEM
    575 END MODULE POROSITYC


SYMBOL CROSS REFERENCE

 Name                       Object Declared Type            Bytes Dimen Elements Attributes       References                        
                                                                                                                                    
 POR                        Local  573      R(4)            4     2     1        ALC                                                
 POROSITYC                  Module 571                                                                                              
 SAREA                      Local  572      R(4)            4     1     1        ALC                                                
 VOLI                       Local  573      R(4)            4     2     1        ALC                                                
 VOLKTI                     Local  572      R(4)            4     1     1        ALC                                                
 VSTEM                      Local  574      R(4)            4     3     1        ALC                                                
 VSTEMKT                    Local  573      R(4)            4     2     1        ALC                                                

Page 55          Source Listing                  FF
2026-03-30 08:47                                 ..\..\..\w2modules.F90

    576 MODULE ZOOPLANKTONC
    577   USE PREC
    578   LOGICAL                                            :: ZOOPLANKTON_CALC
    579   REAL,              ALLOCATABLE, DIMENSION(:)       :: ZG,ZM,ZEFF,PREFP,ZR,ZOOMIN,ZS2P,EXZ,ZS    ! SW 1/29/2019
    580   REAL,              ALLOCATABLE, DIMENSION(:)       :: ZT1,ZT2,ZT3,ZT4,ZK1,ZK2,ZK3,ZK4
    581   REAL,              ALLOCATABLE, DIMENSION(:)       :: ZP,ZN,ZC,O2ZR
    582   REAL,              ALLOCATABLE, DIMENSION(:,:)     :: PREFA, PREFZ ! OMNIVOROUS ZOOPLANKTON
    583   REAL,              ALLOCATABLE, DIMENSION(:,:)     :: PO4ZR,NH4ZR,DOZR,TICZR,LPZOOOUT,LPZOOIN
    584   REAL(R8),POINTER,               DIMENSION(:,:,:)   :: ZOO, ZOOSS
    585   REAL,              ALLOCATABLE, DIMENSION(:,:,:)   :: ZMU,TGRAZE,ZRT,ZMT,ZSR
    586   REAL,              ALLOCATABLE, DIMENSION(:,:,:)   :: ZOORM,ZOORMR,ZOORMF
    587   REAL,              ALLOCATABLE, DIMENSION(:,:,:)   :: AGZT
    588   REAL,              ALLOCATABLE, DIMENSION(:,:,:,:) :: AGZ, ZGZ ! OMNIVOROUS ZOOPLANKTON
    589 END MODULE ZOOPLANKTONC


SYMBOL CROSS REFERENCE

 Name                       Object Declared Type            Bytes Dimen Elements Attributes       References                        
                                                                                                                                    
 AGZ                        Local  588      R(4)            4     4     1        ALC                                                
 AGZT                       Local  587      R(4)            4     3     1        ALC                                                
 DOZR                       Local  583      R(4)            4     2     1        ALC                                                
 EXZ                        Local  579      R(4)            4     1     1        ALC                                                
 LPZOOIN                    Local  583      R(4)            4     2     1        ALC                                                
 LPZOOOUT                   Local  583      R(4)            4     2     1        ALC                                                
 NH4ZR                      Local  583      R(4)            4     2     1        ALC                                                
 O2ZR                       Local  581      R(4)            4     1     1        ALC                                                
 PO4ZR                      Local  583      R(4)            4     2     1        ALC                                                
 PREC                       Module 577                                                            577                               
 PREFA                      Local  582      R(4)            4     2     1        ALC                                                
 PREFP                      Local  579      R(4)            4     1     1        ALC                                                
 PREFZ                      Local  582      R(4)            4     2     1        ALC                                                
 R8                         Param  584      I(4)            4           scalar                    584                               
 TGRAZE                     Local  585      R(4)            4     3     1        ALC                                                
 TICZR                      Local  583      R(4)            4     2     1        ALC                                                
 ZC                         Local  581      R(4)            4     1     1        ALC                                                
 ZEFF                       Local  579      R(4)            4     1     1        ALC                                                
 ZG                         Local  579      R(4)            4     1     1        ALC                                                
 ZGZ                        Local  588      R(4)            4     4     1        ALC                                                
 ZK1                        Local  580      R(4)            4     1     1        ALC                                                
 ZK2                        Local  580      R(4)            4     1     1        ALC                                                
 ZK3                        Local  580      R(4)            4     1     1        ALC                                                
 ZK4                        Local  580      R(4)            4     1     1        ALC                                                
 ZM                         Local  579      R(4)            4     1     1        ALC                                                
 ZMT                        Local  585      R(4)            4     3     1        ALC                                                
 ZMU                        Local  585      R(4)            4     3     1        ALC                                                
 ZN                         Local  581      R(4)            4     1     1        ALC                                                
 ZOO                        Local  584      R(8)            8     3     1        PTR                                                
 ZOOMIN                     Local  579      R(4)            4     1     1        ALC                                                
 ZOOPLANKTONC               Module 576                                                                                              
 ZOOPLANKTON_CALC           Local  578      L(4)            4           scalar                                                      
 ZOORM                      Local  586      R(4)            4     3     1        ALC                                                
 ZOORMF                     Local  586      R(4)            4     3     1        ALC                                                
 ZOORMR                     Local  586      R(4)            4     3     1        ALC                                                
 ZOOSS                      Local  584      R(8)            8     3     1        PTR                                                
 ZP                         Local  581      R(4)            4     1     1        ALC                                                

Page 56          Source Listing                  FF
2026-03-30 08:47 Symbol Table                    ..\..\..\w2modules.F90

 Name                       Object Declared Type            Bytes Dimen Elements Attributes       References                        
                                                                                                                                    
 ZR                         Local  579      R(4)            4     1     1        ALC                                                
 ZRT                        Local  585      R(4)            4     3     1        ALC                                                
 ZS                         Local  579      R(4)            4     1     1        ALC                                                
 ZS2P                       Local  579      R(4)            4     1     1        ALC                                                
 ZSR                        Local  585      R(4)            4     3     1        ALC                                                
 ZT1                        Local  580      R(4)            4     1     1        ALC                                                
 ZT2                        Local  580      R(4)            4     1     1        ALC                                                
 ZT3                        Local  580      R(4)            4     1     1        ALC                                                
 ZT4                        Local  580      R(4)            4     1     1        ALC                                                

Page 57          Source Listing                  FF
2026-03-30 08:47                                 ..\..\..\w2modules.F90

    590 
    591 MODULE INITIALVELOCITY
    592   USE PREC
    593   LOGICAL                                            :: INIT_VEL, ONCE_THROUGH
    594   REAL(R8),          ALLOCATABLE, DIMENSION(:)       :: QSSI,ELWSS,UAVG
    595   REAL(R8),          ALLOCATABLE, DIMENSION(:,:)     :: BSAVE
    596   LOGICAL,           ALLOCATABLE, DIMENSION(:)       :: LOOP_BRANCH
    597 END MODULE INITIALVELOCITY


SYMBOL CROSS REFERENCE

 Name                       Object Declared Type            Bytes Dimen Elements Attributes       References                        
                                                                                                                                    
 BSAVE                      Local  595      R(8)            8     2     1        ALC                                                
 ELWSS                      Local  594      R(8)            8     1     1        ALC                                                
 INITIALVELOCITY            Module 591                                                                                              
 INIT_VEL                   Local  593      L(4)            4           scalar                                                      
 LOOP_BRANCH                Local  596      L(4)            4     1     1        ALC                                                
 ONCE_THROUGH               Local  593      L(4)            4           scalar                                                      
 PREC                       Module 592                                                            592                               
 QSSI                       Local  594      R(8)            8     1     1        ALC                                                
 R8                         Param  594      I(4)            4           scalar                    594,595                           
 UAVG                       Local  594      R(8)            8     1     1        ALC                                                

Page 58          Source Listing                  FF
2026-03-30 08:47                                 ..\..\..\w2modules.F90

    598     
    599 MODULE ENVIRPMOD
    600     CHARACTER*3, SAVE, ALLOCATABLE, DIMENSION (:)      :: CC_E,CD_E
    601     CHARACTER*3, SAVE                                  :: VEL_VPR,TEMP_VPR,SELECTIVEC,DEPTH_VPR
    602     REAL, SAVE                                         :: TEMP_INT,TEMP_TOP,VEL_INT,VEL_TOP,TIMLAST,DLTT,TEMP_C
    603     REAL, SAVE                                         :: D_INT,D_TOP,SJDAY1,SJDAY2
    604     REAL, SAVE                                         :: T_SUM,V_SUM,D_SUM,D_AVG,D_C,V_AVG,T_AVG,T_CRIT,V_CRIT,C_CRIT,CD_CR
    604 IT,D_CRIT
    605     REAL, SAVE, ALLOCATABLE, DIMENSION(:)              :: T_CNT,T_TOT,SUMVOLT,V_CNT,V_TOT,VOLGL,VEL_C,D_CNT,D_TOT,C_SUM,CD_S
    605 UM,C_AVG,CD_AVG
    606     REAL,ALLOCATABLE, SAVE, DIMENSION (:,:)            :: C_CNT,CD_CNT,C_TOT,CD_TOT,T_CLASS,V_CLASS,D_CLASS
    607     REAL,ALLOCATABLE, SAVE, DIMENSION (:,:,:)          :: C_CLASS,CD_CLASS
    608     REAL, ALLOCATABLE, SAVE, DIMENSION (:,:)           :: CONC_C,CONC_CD
    609     REAL, ALLOCATABLE, SAVE, DIMENSION (:)             :: C_INT,C_TOP,CD_INT,CD_TOP,CN_E,CDN_E
    610     INTEGER                                            :: CONE=1500,NUMCLASS,IOPENFISH,NAC_E,NACD_E,JJ,JACD,I_SEGINT
    611     INTEGER                                            :: ISTART(9),IEND(9)
    612 END MODULE ENVIRPMOD


SYMBOL CROSS REFERENCE

 Name                       Object Declared Type            Bytes Dimen Elements Attributes       References                        
                                                                                                                                    
 CC_E                       Local  600      CHAR            3     1     1        ALC,SAVE                                           
 CDN_E                      Local  609      R(4)            4     1     1        ALC,SAVE                                           
 CD_AVG                     Local  605      R(4)            4     1     1        ALC,SAVE                                           
 CD_CLASS                   Local  607      R(4)            4     3     1        ALC,SAVE                                           
 CD_CNT                     Local  606      R(4)            4     2     1        ALC,SAVE                                           
 CD_CRIT                    Local  604      R(4)            4           scalar   SAVE                                               
 CD_E                       Local  600      CHAR            3     1     1        ALC,SAVE                                           
 CD_INT                     Local  609      R(4)            4     1     1        ALC,SAVE                                           
 CD_SUM                     Local  605      R(4)            4     1     1        ALC,SAVE                                           
 CD_TOP                     Local  609      R(4)            4     1     1        ALC,SAVE                                           
 CD_TOT                     Local  606      R(4)            4     2     1        ALC,SAVE                                           
 CN_E                       Local  609      R(4)            4     1     1        ALC,SAVE                                           
 CONC_C                     Local  608      R(4)            4     2     1        ALC,SAVE                                           
 CONC_CD                    Local  608      R(4)            4     2     1        ALC,SAVE                                           
 CONE                       Local  610      I(4)            4           scalar                    610                               
 C_AVG                      Local  605      R(4)            4     1     1        ALC,SAVE                                           
 C_CLASS                    Local  607      R(4)            4     3     1        ALC,SAVE                                           
 C_CNT                      Local  606      R(4)            4     2     1        ALC,SAVE                                           
 C_CRIT                     Local  604      R(4)            4           scalar   SAVE                                               
 C_INT                      Local  609      R(4)            4     1     1        ALC,SAVE                                           
 C_SUM                      Local  605      R(4)            4     1     1        ALC,SAVE                                           
 C_TOP                      Local  609      R(4)            4     1     1        ALC,SAVE                                           
 C_TOT                      Local  606      R(4)            4     2     1        ALC,SAVE                                           
 DEPTH_VPR                  Local  601      CHAR            3           scalar   SAVE                                               
 DLTT                       Local  602      R(4)            4           scalar   SAVE                                               
 D_AVG                      Local  604      R(4)            4           scalar   SAVE                                               
 D_C                        Local  604      R(4)            4           scalar   SAVE                                               
 D_CLASS                    Local  606      R(4)            4     2     1        ALC,SAVE                                           
 D_CNT                      Local  605      R(4)            4     1     1        ALC,SAVE                                           
 D_CRIT                     Local  604      R(4)            4           scalar   SAVE                                               
 D_INT                      Local  603      R(4)            4           scalar   SAVE                                               
 D_SUM                      Local  604      R(4)            4           scalar   SAVE                                               
 D_TOP                      Local  603      R(4)            4           scalar   SAVE                                               
 D_TOT                      Local  605      R(4)            4     1     1        ALC,SAVE                                           

Page 59          Source Listing                  FF
2026-03-30 08:47 Symbol Table                    ..\..\..\w2modules.F90

 Name                       Object Declared Type            Bytes Dimen Elements Attributes       References                        
                                                                                                                                    
 ENVIRPMOD                  Module 599                                                                                              
 IEND                       Local  611      I(4)            4     1     9                                                           
 IOPENFISH                  Local  610      I(4)            4           scalar                                                      
 ISTART                     Local  611      I(4)            4     1     9                                                           
 I_SEGINT                   Local  610      I(4)            4           scalar                                                      
 JACD                       Local  610      I(4)            4           scalar                                                      
 JJ                         Local  610      I(4)            4           scalar                                                      
 NACD_E                     Local  610      I(4)            4           scalar                                                      
 NAC_E                      Local  610      I(4)            4           scalar                                                      
 NUMCLASS                   Local  610      I(4)            4           scalar                                                      
 SELECTIVEC                 Local  601      CHAR            3           scalar   SAVE                                               
 SJDAY1                     Local  603      R(4)            4           scalar   SAVE                                               
 SJDAY2                     Local  603      R(4)            4           scalar   SAVE                                               
 SUMVOLT                    Local  605      R(4)            4     1     1        ALC,SAVE                                           
 TEMP_C                     Local  602      R(4)            4           scalar   SAVE                                               
 TEMP_INT                   Local  602      R(4)            4           scalar   SAVE                                               
 TEMP_TOP                   Local  602      R(4)            4           scalar   SAVE                                               
 TEMP_VPR                   Local  601      CHAR            3           scalar   SAVE                                               
 TIMLAST                    Local  602      R(4)            4           scalar   SAVE                                               
 T_AVG                      Local  604      R(4)            4           scalar   SAVE                                               
 T_CLASS                    Local  606      R(4)            4     2     1        ALC,SAVE                                           
 T_CNT                      Local  605      R(4)            4     1     1        ALC,SAVE                                           
 T_CRIT                     Local  604      R(4)            4           scalar   SAVE                                               
 T_SUM                      Local  604      R(4)            4           scalar   SAVE                                               
 T_TOT                      Local  605      R(4)            4     1     1        ALC,SAVE                                           
 VEL_C                      Local  605      R(4)            4     1     1        ALC,SAVE                                           
 VEL_INT                    Local  602      R(4)            4           scalar   SAVE                                               
 VEL_TOP                    Local  602      R(4)            4           scalar   SAVE                                               
 VEL_VPR                    Local  601      CHAR            3           scalar   SAVE                                               
 VOLGL                      Local  605      R(4)            4     1     1        ALC,SAVE                                           
 V_AVG                      Local  604      R(4)            4           scalar   SAVE                                               
 V_CLASS                    Local  606      R(4)            4     2     1        ALC,SAVE                                           
 V_CNT                      Local  605      R(4)            4     1     1        ALC,SAVE                                           
 V_CRIT                     Local  604      R(4)            4           scalar   SAVE                                               
 V_SUM                      Local  604      R(4)            4           scalar   SAVE                                               
 V_TOT                      Local  605      R(4)            4     1     1        ALC,SAVE                                           

Page 60          Source Listing                  FF
2026-03-30 08:47                                 ..\..\..\w2modules.F90

    613     
    614 MODULE ALGAE_TOXINS
    615     USE PREC
    616     INTEGER, PARAMETER                                 :: NUMATOXINS=4
    617     INTEGER                                            :: NATS, NATE, ATOXIN_DEBUG_FN=2501
    618     LOGICAL                                            :: ALGAE_TOXIN    !,ALGAE_TOXIN_FILE
    619     REAL, ALLOCATABLE, DIMENSION (:,:)                 :: CTP,CTB
    620     REAL, DIMENSION (:)                                :: CTREL(NUMATOXINS),CTD(NUMATOXINS)
    621     REAL(R8),POINTER,               DIMENSION(:,:,:)   :: EX_TOXIN, CTESS  
    622     REAL(R8),ALLOCATABLE, DIMENSION(:,:,:)             :: IN_TOXIN
    623     CHARACTER(2)                                       :: ATOX, ATOX_DEBUG
    624 END MODULE ALGAE_TOXINS


SYMBOL CROSS REFERENCE

 Name                       Object Declared Type            Bytes Dimen Elements Attributes       References                        
                                                                                                                                    
 ALGAE_TOXIN                Local  618      L(4)            4           scalar                                                      
 ALGAE_TOXINS               Module 614                                                                                              
 ATOX                       Local  623      CHAR            2           scalar                                                      
 ATOXIN_DEBUG_FN            Local  617      I(4)            4           scalar                    617                               
 ATOX_DEBUG                 Local  623      CHAR            2           scalar                                                      
 CTB                        Local  619      R(4)            4     2     1        ALC                                                
 CTD                        Local  620      R(4)            4     1     4                                                           
 CTESS                      Local  621      R(8)            8     3     1        PTR                                                
 CTP                        Local  619      R(4)            4     2     1        ALC                                                
 CTREL                      Local  620      R(4)            4     1     4                                                           
 EX_TOXIN                   Local  621      R(8)            8     3     1        PTR                                                
 IN_TOXIN                   Local  622      R(8)            8     3     1        ALC                                                
 NATE                       Local  617      I(4)            4           scalar                                                      
 NATS                       Local  617      I(4)            4           scalar                                                      
 NUMATOXINS                 Param  616      I(4)            4           scalar                    620                               
 PREC                       Module 615                                                            615                               
 R8                         Param  621      I(4)            4           scalar                    621,622                           

Page 61          Source Listing                  FF
2026-03-30 08:47                                 ..\..\..\w2modules.F90

    625     
    626 Module MAIN
    627   USE PREC
    628 ! Variable declaration
    629   Real(8), Allocatable, Dimension(:) :: IceQSS
    630 !INTEGER       :: J,NIW,NGC,NGCS,NTDS,NCCS,NGCE,NSSS,NSSE,NPO4,NNH4
    631   INTEGER       :: J,NIW,NGC,NTDS,NCCS,NSSS,NSSE,NPO4,NNH4
    632   INTEGER       :: NN2, NH2S, NCH4, NSO4, NFEII, NFEOOH, NMNII, NMNO2, NMFT
    633   INTEGER       :: NWAGE, NBACT, NDGP, I_LWAT, I_SW, TZONE   ! SW 9/12/2025
    634   INTEGER       :: NNO3,NDSI,NPSI,NFE,NLDOM,NRDOM,NLPOM,NRPOM,NBODS
    635   INTEGER       :: KF_DO_SED,KF_DO_SOD,KF_SED_PBURIAL,KF_SED_NBURIAL,KF_NH4_SD,KF_NH4_SR,KF_PO4_SD,KF_PO4_SR,KF_CO2X
    636   INTEGER       :: KF_DOH2S,KF_SDINC,KF_DOCH4,KF_FE2D,KF_MN2D,KF_SEDD
    637   INTEGER       :: KF_NO3D,KF_NO3AG,KF_NO3EG,KF_NO3SED,KF_NH3GAS
    638   INTEGER       :: DOC_DER,POC_DER,TOC_DER,DON_DER,PON_DER,TON_DER,TKN_DER,TN_DER,NH3_DER,DOP_DER,POP_DER,TOP_DER,TP_DER,APR
    638 _DER
    639   INTEGER       :: CHLA_DER,ATOT_DER,O2DG_DER,TDG_DER,TURB_DER,TOTSS_DER,TISS_DER,CBODU_DER,PH_DER,CO2_DER,HCO3_DER,CO3_DER,
    639 SECCHI_DER
    640   INTEGER       :: NBODE, NAS, NAE, NDO, NTIC, NALK, NTRT, NWDT
    641   INTEGER       :: NDT, JS, JP, JG,JT, JH, NTSR, NIWDO, NRSO,JD
    642   INTEGER       :: NBODCS, NBODCE, NBODPS, NBODPE, NBODNS, NBODNE, IBOD, JCB       ! cb 6/6/10
    643   INTEGER       :: JF,JA,JM,JE,JJZ,K,L3,L1,L2,NTAC,NDSP,NTACMX,NTACMN,JFILE,M
    644   INTEGER       :: KBP,JWR,JJJB,JDAYNX,NIT1,JWD,L,IUT,IDT    !,KTIP - NOT NEEDED SW 7/8/2024
    645   INTEGER       :: INCRIS,IE,II,NDLT,NRS,INCR,IS,JAC
    646   REAL          :: JDAYTS, JDAY1, TMSTRT, TMEND,HMAX, DLXMAX,CELRTY,NXTVD,TTIME
    647   REAL(R8)      :: DLMR, TICE, CC_LW, CC_SW                        ! SW 4/19/10
    648   REAL(R8)      :: TAU1,TAU2, ELTMS, HMIN,DLXMIN, RHOICP
    649   REAL(R8)      :: WLF,FLOWBALF,NPBALF,NXWL,NXFLOWBAL,NXNPBAL
    650   REAL(R8)      :: HRAD, SW_ALBEDO,SW_BA,SW_K1,AOD380NM,AOD500NM     ! SW 9/12/2025
    651   REAL(R8)      :: ZB,WWT,DFC,GC2,UDR,UDL,AB, EFFRIC
    652   REAL(R8)      :: DEPKTI,COLB,COLDEP,SSTOT,RHOIN,VQIN,VQINI
    653   REAL(R8)      :: QINFR, ELT,RHOIRL1,V1,BHSUM,BHRSUM,WT1,WT2
    654   REAL(R8)      :: ICETHU, ICETH1, ICETH2, ICE_TOL=0.0050D0,DEL,HICE            ! SW 4/19/10
    655   REAL(R8)      :: DLTCAL,HEATEX,SROOUT,SROSED,SROIN,SRONET,TFLUX,HIA  
    656   REAL(R8)      :: TAIRV,EA,ES,DTV
    657   REAL(R8)      :: T2R4
    658   INTEGER       :: CON=10,    RSI,    GRF,  NDG=16,  FLOWBFN=9500, WLFN=9510, AERATEFN=9520, FISHHABFN=9530, MASSBFN=9501, L
    658 AKE_RIVER_CONTOUR=9540
    659   INTEGER       :: VSF,    SIF, JG_AGE  ! SR 7/27/2017
    660   INTEGER       :: JSG,    NNSG                         ! 1/16/13
    661   LOGICAL       :: ADD_LAYER,      SUB_LAYER,          WARNING_OPEN,    ERROR_OPEN,      VOLUME_WARNING, SURFACE_WARNING
    662   LOGICAL       :: PKSD_INPUT_WARNING                                                                                  !SR 1
    662 1/09/19
    663   LOGICAL       :: END_RUN,        BRANCH_FOUND,       NEW_PAGE,        UPDATE_KINETICS, UPDATE_RATES
    664   LOGICAL       :: WEIR_CALC,      DERIVED_CALC,       RESTART_IN,      RESTART_OUT
    665   LOGICAL       :: SPILLWAY,       PUMPS, MWB_EXIST                  ! SW 12/2/2019
    666   LOGICAL       :: TIME_SERIES,    DOWNSTREAM_OUTFLOW, ICE_COMPUTATION
    667   LOGICAL       :: DSI_CALC, PO4_CALC, N_CALC             ! cb 10/12/11
    668   LOGICAL       :: TDGON , GAS_TRANSFER_UPDATE                              
    669   LOGICAL       :: FISH_PARTICLE_EXIST, WAIT_FOR_INFLOW_RESULTS  ! SW 4/30/15, 2/9/2019
    670   CHARACTER(1)  :: ESC
    671   CHARACTER(2)  :: DEG
    672   CHARACTER(3)  :: GDCH
    673   CHARACTER(8)  :: WLC,FLOWBALC,NPBALC
    674   CHARACTER(8)  :: RSOC,   RSIC,   CCC,   LIMC,   WDOC,   TSRC,   EXT, SELECTC, CLOSEC, HABTATC,ENVIRPC, AERATEC, INITUWL, D
    674 LTINTER      ! SW 7/31/09; 8/24/09
    675   CHARACTER(10) :: BLANK='          ', SEDCH,   SEDPCH,   SEDNCH,   SEDCCH 
    676   CHARACTER(12) :: BLANK1='      -99.00'       ! SR 10/1/2023

Page 62          Source Listing                  FF
2026-03-30 08:47                                 ..\..\..\w2modules.F90

    677   CHARACTER(72) :: WDOFN,  RSOFN,  TSRFN, SEGNUM, LINE, SEGNUM2, TSRFN1
    678   LOGICAL       :: RETLOG, STANDING_BIOMASS_DECAY, PHBUFF_EXIST, WATER_AGE_ACTIVE ! SW 5/26/15  SR 7/27/2017
    679   LOGICAL       :: DYNPIPEADJUST            ! SW 2/18/2020
    680   CHARACTER(2)  :: DYNPAD
    681   INTEGER       :: DYNPAD_SEG,DYNPAD_PIPE,DYNPIPELOG=9505
    682   
    683   REAL          :: DYNPAD_WL,DYNPAD_MAXRATE,DYNPAD_PERCENTCHANGE
    684   INTEGER                                   :: N_WAITS, NWAIT                                                           !SR 
    684 11/26/19
    685   INTEGER,        ALLOCATABLE, DIMENSION(:) :: WAIT_INDEX                                                               !SR 
    685 11/26/19
    686   CHARACTER(2),   ALLOCATABLE, DIMENSION(:) :: WAIT_TYPE                                                                !SR 
    686 11/26/19
    687   CHARACTER(240), ALLOCATABLE, DIMENSION(:) :: FILEDIR
    688 
    689   LOGICAL       :: ORGC_CALC
    690 
    691 ! Allocatable array declarations
    692 
    693   REAL,          ALLOCATABLE, DIMENSION(:)     :: ETUGT,  EBUGT,  ETDGT,  EBDGT
    694   REAL,          ALLOCATABLE, DIMENSION(:)     :: ETUSP,  EBUSP,  ETDSP,  EBDSP
    695   REAL,          ALLOCATABLE, DIMENSION(:)     :: ETUPI,  EBUPI,  ETDPI,  EBDPI,  ETPU,   EBPU,   TSEDF
    696   REAL,          ALLOCATABLE, DIMENSION(:)     :: CSUM,   CDSUM,  X1
    697   REAL,          ALLOCATABLE, DIMENSION(:)     :: RSOD,   RSOF,   DLTD,   DLTF,   DLTMAX
    698   REAL(R8),      ALLOCATABLE, DIMENSION(:)     :: QWDO
    699   REAL(R8),      ALLOCATABLE, DIMENSION(:)     :: ICETHI, ALBEDO, HWI,    BETAI,  GAMMAI, ICEMIN, ICET2,  CBHE,   TSED
    700   REAL(R8),      ALLOCATABLE, DIMENSION(:)     :: FI,     SEDCI,  FSOD,   FSED,   AX,     RANLW,    T2I,    ELBOT,  DXI
    701   REAL(R8),      ALLOCATABLE, DIMENSION(:)     :: SEDCI1,SEDCI2,fsedc1,fsedc2 ! cb 6/7/17, Amaila
    702   REAL(R8),      ALLOCATABLE, DIMENSION(:)     :: WSHX     ! QINT,   QOUTT,
    703   REAL(R8),      ALLOCATABLE, DIMENSION(:)     :: SROSH,  EV, RS, RN
    704   REAL(R8),      ALLOCATABLE, DIMENSION(:)     :: QDT,    QPR,    ICESW
    705   REAL(R8),      ALLOCATABLE, DIMENSION(:)     :: XBR,    QPRBR,  EVBR,   TPB
    706   REAL(R8),      ALLOCATABLE, DIMENSION(:)     :: DLXRHO, Q,      QSSUM, Volume_WB, Surface_Area     ! SW 1/11/2026
    707   REAL,          ALLOCATABLE, DIMENSION(:)     :: ELTRT,  ELTRB
    708   REAL,          ALLOCATABLE, DIMENSION(:)     :: TSRD,   TSRF,   WDOD,   WDOF
    709   REAL,          ALLOCATABLE, DIMENSION(:)     :: QOAVR,  QIMXR,  QOMXR,  QTAVB,  QTMXB
    710   REAL(R8),      ALLOCATABLE, DIMENSION(:)     :: FETCH,  ETSR
    711   REAL(R8),      ALLOCATABLE, DIMENSION(:)     :: QINSUM, TINSUM
    712   REAL,          ALLOCATABLE, DIMENSION(:)     :: CDTOT
    713   REAL,          ALLOCATABLE, DIMENSION(:)     :: SEDCIP, SEDCIN, SEDCIC, SEDCIS
    714   REAL,          ALLOCATABLE, DIMENSION(:,:)   :: ESTRT,  WSTRT,  CINSUM, HAB
    715   REAL(R8),      ALLOCATABLE, DIMENSION(:,:)   :: P,      HSEG,   QTOT
    716   REAL,          ALLOCATABLE, DIMENSION(:,:)   :: CPB,    COUT,   CWDO,   CDWDO, KFJW
    717   REAL(R8),      ALLOCATABLE, DIMENSION(:,:)   :: C2I,    EPICI
    718   REAL(R8),      ALLOCATABLE, DIMENSION(:,:)   :: QTRF
    719   REAL,          ALLOCATABLE, DIMENSION(:,:)   :: SNPD,   SCRD,   PRFD,   SPRD,   CPLD,   VPLD,   FLXD
    720   REAL,          ALLOCATABLE, DIMENSION(:,:)   :: SNPF,   SCRF,   PRFF,   SPRF,   CPLF,   VPLF,   FLXF
    721   REAL,          ALLOCATABLE, DIMENSION(:,:)   :: TVP,    SEDVP,  QINF
    722   REAL,          ALLOCATABLE, DIMENSION(:,:)   :: SEDVP1,  SEDVP2    ! Amaila
    723   REAL(R8),      ALLOCATABLE, DIMENSION(:,:)   :: TSSUH1, TSSDH1, ATM_DEP_LOADING
    724   REAL(R8),      ALLOCATABLE, DIMENSION(:,:,:) :: CSSUH1, CSSDH1
    725   REAL,          ALLOCATABLE, DIMENSION(:,:,:) :: EPIVP,  CVP, macrcvp, macrclp   ! cb 8/21/15
    726   REAL(R8),      ALLOCATABLE, DIMENSION(:)     :: VOLB
    727   REAL(R8),      ALLOCATABLE, DIMENSION(:)     :: DLVOL,  VOLG
    728   REAL(R8),      ALLOCATABLE, DIMENSION(:)     :: A,      C,      D,      F,      V,      BTA,    GMA,    BHRHO
    729   REAL(R8),      ALLOCATABLE, DIMENSION(:)     :: DLVR,   ESR,    ETR
    730   REAL,          ALLOCATABLE, DIMENSION(:,:)   :: CMBRS

Page 63          Source Listing                  FF
2026-03-30 08:47                                 ..\..\..\w2modules.F90

    731   INTEGER,       ALLOCATABLE, DIMENSION(:)     :: KTUGT,  KBUGT,  KTDGT,  KBDGT
    732   INTEGER,       ALLOCATABLE, DIMENSION(:)     :: KTUSP,  KBUSP,  KTDSP,  KBDSP
    733   INTEGER,       ALLOCATABLE, DIMENSION(:)     :: KTUPI,  KBUPI,  KTDPI,  KBDPI
    734   INTEGER,       ALLOCATABLE, DIMENSION(:)     :: NSNP,   NSCR,   NSPR,   NVPL,   NFLX,   NCPL,   BTH
    735   INTEGER,       ALLOCATABLE, DIMENSION(:)     :: VPR,    LPR,    NIPRF,  NISPR,  NPRF
    736   INTEGER,       ALLOCATABLE, DIMENSION(:)     :: NISNP
    737   INTEGER,       ALLOCATABLE, DIMENSION(:)     :: NBL,    KBMAX,  KBI
    738   INTEGER,       ALLOCATABLE, DIMENSION(:)     :: KBR,    IBPR
    739   INTEGER,       ALLOCATABLE, DIMENSION(:)     :: TSR
    740   INTEGER,       ALLOCATABLE, DIMENSION(:)     :: NPOINT, NL,     KTQIN,  KBQIN, ilayer    ! SW 1/23/06
    741   INTEGER,       ALLOCATABLE, DIMENSION(:)     :: ITR,    KTTR,   KBTR,   JBTR
    742   INTEGER,       ALLOCATABLE, DIMENSION(:)     :: IWD,    KWD,    JBWD
    743   INTEGER,       ALLOCATABLE, DIMENSION(:)     :: IWDO,   ITSR, JBTSR
    744   INTEGER,       ALLOCATABLE, DIMENSION(:)     :: ILAT,   JBDAM,  JSS
    745   INTEGER,       ALLOCATABLE, DIMENSION(:)     :: ICPL,   NACATD                                     
    746   INTEGER,       ALLOCATABLE, DIMENSION(:,:)   :: KTSWT,  KBSWT, ATMDCN
    747   INTEGER,       ALLOCATABLE, DIMENSION(:,:)   :: IPRF,   ISPR,   ISNP,   BL,     WDO,    CDN, WDO2
    748   LOGICAL,       ALLOCATABLE, DIMENSION(:)     :: ALLOW_ICE,           PUMPON,        FETCH_CALC, ATM_DEPOSITION  ! ICE_IN, 
    748     RC/SW 4/28/11
    749   LOGICAL,       ALLOCATABLE, DIMENSION(:)     :: DN_HEAD,        HEAD_BOUNDARY
    750   LOGICAL,       ALLOCATABLE, DIMENSION(:)     :: PLACE_QIN,      PLACE_QTR,      SPECIFY_QTR
    751   LOGICAL,       ALLOCATABLE, DIMENSION(:)     :: ISO_TEMP,       VERT_TEMP,      LONG_TEMP,     VERT_PROFILE,  LONG_PROFILE
    752   LOGICAL,       ALLOCATABLE, DIMENSION(:)     :: SEDIMENT_CALC,  DETAILED_ICE,   IMPLICIT_VISC, SNAPSHOT,      PROFILE
    753   LOGICAL,       ALLOCATABLE, DIMENSION(:)     :: SEDIMENT_CALC1, SEDIMENT_CALC2  ! Amaila
    754   LOGICAL,       ALLOCATABLE, DIMENSION(:)     :: VECTOR,         CONTOUR,        SPREADSHEET,   SCREEN_OUTPUT
    755   LOGICAL,       ALLOCATABLE, DIMENSION(:)     :: FLUX,           EVAPORATION,    ZERO_SLOPE
    756   LOGICAL,       ALLOCATABLE, DIMENSION(:)     :: ISO_SEDIMENT,   VERT_SEDIMENT,  LONG_SEDIMENT
    757   LOGICAL,       ALLOCATABLE, DIMENSION(:)     :: ISO_SEDIMENT1,   VERT_SEDIMENT1,  LONG_SEDIMENT1,ISO_SEDIMENT2,   VERT_SED
    757 IMENT2,  LONG_SEDIMENT2  ! Amaila
    758   LOGICAL,       ALLOCATABLE, DIMENSION(:)     :: VOLUME_BALANCE, ENERGY_BALANCE, MASS_BALANCE, BOD_CALC, ALG_CALC
    759   LOGICAL,       ALLOCATABLE, DIMENSION(:)     :: BOD_CALCP,BOD_CALCN                                                  ! cb 
    759 5/19/2011
    760   LOGICAL,       ALLOCATABLE, DIMENSION(:,:)   :: ISO_EPIPHYTON,  VERT_EPIPHYTON, LONG_EPIPHYTON, EPIPHYTON_CALC
    761   LOGICAL,       ALLOCATABLE, DIMENSION(:,:)   :: ISO_CONC,       VERT_CONC,      LONG_CONC,      TDG_SPILLWAY,   TDG_GATE
    762   LOGICAL,       ALLOCATABLE, DIMENSION(:,:)   :: iso_macrophyte,  vert_macrophyte, long_macrophyte   ! cb 8/21/15
    763   CHARACTER(4),  ALLOCATABLE, DIMENSION(:)     :: CUNIT1
    764   CHARACTER(8),  ALLOCATABLE, DIMENSION(:)     :: SEG,    SEDRC,  TECPLOT
    765   CHARACTER(8),  ALLOCATABLE, DIMENSION(:)     :: HPLTC,  CPLTC,  CDPLTC
    766   CHARACTER(8),  ALLOCATABLE, DIMENSION(:)     :: EXC,    EXIC
    767   CHARACTER(8),  ALLOCATABLE, DIMENSION(:)     :: GASGTC, GASSPC, ATM_DEPOSITIONC,ATM_DEPOSITION_INTERPOLATION
    768   CHARACTER(15),  ALLOCATABLE, DIMENSION(:)    :: CWDOC,  CDWDOC
    769   CHARACTER(8),  ALLOCATABLE, DIMENSION(:)     :: ICEC,   SEDCc,  SEDPRC, SNPC,   SCRC,   SPRC,   PRFC,DYNSEDK
    770   CHARACTER(8),  ALLOCATABLE, DIMENSION(:)     :: SEDCc1,  SEDPRC1,SEDCc2,  SEDPRC2    ! Amaila
    771   CHARACTER(8),  ALLOCATABLE, DIMENSION(:)     :: RHEVC,  VPLC,   CPLC,   AZSLC,  FETCHC
    772   CHARACTER(8),  ALLOCATABLE, DIMENSION(:)     :: DTRC,   SROC,   KFAC,   CDAC
    773   CHARACTER(8),  ALLOCATABLE, DIMENSION(:)     :: INCAC,  TRCAC,  DTCAC,  PRCAC
    774   CHARACTER(8),  ALLOCATABLE, DIMENSION(:)     :: WTYPEC, GRIDC                                                        !SW 0
    774 7/16/04
    775   CHARACTER(8),  ALLOCATABLE, DIMENSION(:)     :: PUSPC,  PDSPC,  PUGTC,  PDGTC,  PDPIC,  PUPIC,  PPUC,   TRC
    776   CHARACTER(8),  ALLOCATABLE, DIMENSION(:)     :: SLICEC, FLXC
    777   CHARACTER(8),  ALLOCATABLE, DIMENSION(:)     :: VBC,    MBC,    EBC
    778   CHARACTER(8),  ALLOCATABLE, DIMENSION(:)     :: PQC,    EVC,    PRC
    779   CHARACTER(8),  ALLOCATABLE, DIMENSION(:)     :: QINC,   QOUTC,  WINDC,  HEATC
    780   CHARACTER(8),  ALLOCATABLE, DIMENSION(:)     :: VISC,   CELC, DLTADD
    781   CHARACTER(8),  ALLOCATABLE, DIMENSION(:)     :: SLTRC,  SLHTC,  FRICC
    782   CHARACTER(8),  ALLOCATABLE, DIMENSION(:)     :: QINIC,  TRIC,   DTRIC,  WDIC,   HDIC,   METIC   !, KFNAME2
    783   CHARACTER(14),  ALLOCATABLE, DIMENSION(:)    :: KFNAME2

Page 64          Source Listing                  FF
2026-03-30 08:47                                 ..\..\..\w2modules.F90

    784   CHARACTER(14), ALLOCATABLE, DIMENSION(:)     :: C2CH,   CDCH,   EPCH,   macch, KFCH, APCH, ANCH, ALCH, ENCH, ELCH, EDCH  
    785   CHARACTER(45), ALLOCATABLE, DIMENSION(:)     :: KFNAME
    786   CHARACTER(72), ALLOCATABLE, DIMENSION(:)     :: SNPFN,  PRFFN,  VPLFN,  CPLFN,  SPRFN,  FLXFN,  FLXFN2, BTHFN,  VPRFN,  LP
    786 RFN, SPRVFN, ATMDEPFN   ! SW 9/28/2018
    787   CHARACTER(8),  ALLOCATABLE, DIMENSION(:,:)   :: SINKC,  SINKCT
    788   CHARACTER(8),  ALLOCATABLE, DIMENSION(:,:)   :: CPRBRC, CDTBRC, CPRWBC, CINBRC, CTRTRC, HPRWBC, STRIC,  CDWBC,  KFWBC
    789   CHARACTER(8),  ALLOCATABLE, DIMENSION(:,:)   :: EPIC,   EPIPRC, C_ATM_DEPOSITION
    790   CHARACTER(12), ALLOCATABLE, DIMENSION(:,:)   :: CONV1
    791   CHARACTER(72)                                :: CONFN='w2_con.npt'
    792   CHARACTER(72)                                :: TEXT
    793   INTEGER, ALLOCATABLE, DIMENSION(:)    :: WBSEG                        !  systdg
    794   INTEGER                               :: CONTDG                       ! systdg
    795   INTEGER                               :: TARGETFNNO                   ! systdg TDGtarget
    796   REAL(R8),ALLOCATABLE, DIMENSION(:)    :: GTPC                         ! systdg
    797   LOGICAL                               :: SYSTDG, N2BND, DOBND,DGPBND  ! systdg
    798   LOGICAL                               :: TDGTA                        ! systdg TDGtarget
    799   CHARACTER(8)                          :: SYSTDGC, N2BNDC, DOBNDC, TDG2BNDC    ! systdg
    800   CHARACTER(8)                          :: TDGTAC                       ! systdg TDGtarget
    801   CHARACTER(8),ALLOCATABLE, DIMENSION(:):: GTTYP                        ! systdg
    802 !  CHARACTER(72), PARAMETER              :: CONTDGFN='w2_systdg.npt'   ! systdg
    803 ! Data declarations
    804   REAL(R8)  :: RK1=2.12D0, RL1=333507.0D0, RIMT=0.0D0, RHOA=1.25D0, RHOI=916.0D0, VTOL=1.0D3, CP=4186.0D0, THRKTI=0.10D0  ! 
    804 RL1: Latent heat of melting for ice: 333507 J/kg, CP=4186 J/kg/oC; RHOI (density of ice)=916 kg/m3
    805   LOGICAL   :: LAKE_RIVER_CONTOURC       ! SW 2/27/2020
    806   CHARACTER(2) :: LAKE_RIVER_CONTOUR_ON
    807   CHARACTER(80):: FILE_LAKE_CONTOUR_T(20),FILE_LAKE_CONTOUR_DO(20),FILE_RIVER_CONTOUR_T(20),FILE_RIVER_CONTOUR_DO(20)
    808   INTEGER      :: NUM_LAKE_CONTOUR,NUM_RIVER_CONTOUR,LAKE_CONTOUR_SEG(20),RIVER_CONTOUR_BR1(20),RIVER_CONTOUR_BR2(20)
    809   INTEGER      :: JW_RIVER_CONTOUR(20), JW_LAKE_CONTOUR(20),LAKE_CONTOUR_FORMAT,RIVER_CONTOUR_FORMAT
    810   REAL         :: LAKE_CONTOUR_START(20),LAKE_CONTOUR_FREQ(20),RIVER_CONTOUR_START(20),RIVER_CONTOUR_FREQ(20),NXT_RIVER_CONT
    810 OUR(20), NXT_LAKE_CONTOUR(20)
    811   
    812 !DATA CON   /10/                      !,  RSI /11/
    813 !DATA FLOWBFN /9500/, WLFN /9510/, AERATEFN /9520/, FISHHABFN /9530/, MASSBFN /9501/        ! SW 5/25/15 NOTE THAT FISHHABFN
    813  INCREMENTS 3 TIMES SO 9531,9532,9533 ARE RESERVED
    814 !DATA DYNPIPELOG /9505/, LAKE_RIVER_CONTOUR /9540/  ! ALSO 9540 TO 9550 to 9560 to 9570 to 9580 ARE TAKEN
    815 ! for fish habitat output filenames
    816   INTEGER     :: JBFILE1=9581, JWFILE1=9620  !ALSO JWFILE1=9620+NWB  JBFILE1=9581+NBR
    817   
    818   
    819 END MODULE MAIN

Page 65          Source Listing                  FF
2026-03-30 08:47 Symbol Table                    ..\..\..\w2modules.F90



SYMBOL CROSS REFERENCE

 Name                       Object Declared Type            Bytes Dimen Elements Attributes       References                        
                                                                                                                                    
 A                          Local  728      R(8)            8     1     1        ALC                                                
 AB                         Local  651      R(8)            8           scalar                                                      
 ADD_LAYER                  Local  661      L(4)            4           scalar                                                      
 AERATEC                    Local  674      CHAR            8           scalar                                                      
 AERATEFN                   Local  658      I(4)            4           scalar                    658                               
 ALBEDO                     Local  699      R(8)            8     1     1        ALC                                                
 ALCH                       Local  784      CHAR            14    1     1        ALC                                                
 ALG_CALC                   Local  758      L(4)            4     1     1        ALC                                                
 ALLOW_ICE                  Local  748      L(4)            4     1     1        ALC                                                
 ANCH                       Local  784      CHAR            14    1     1        ALC                                                
 AOD380NM                   Local  650      R(8)            8           scalar                                                      
 AOD500NM                   Local  650      R(8)            8           scalar                                                      
 APCH                       Local  784      CHAR            14    1     1        ALC                                                
 APR_DER                    Local  638      I(4)            4           scalar                                                      
 ATMDCN                     Local  746      I(4)            4     2     1        ALC                                                
 ATMDEPFN                   Local  786      CHAR            72    1     1        ALC                                                
 ATM_DEPOSITION             Local  748      L(4)            4     1     1        ALC                                                
 ATM_DEPOSITIONC            Local  767      CHAR            8     1     1        ALC                                                
 ATM_DEPOSITION_INTERPOLAT                                                                                                          
 ON                         Local  767      CHAR            8     1     1        ALC                                                
 ATM_DEP_LOADING            Local  723      R(8)            8     2     1        ALC                                                
 ATOT_DER                   Local  639      I(4)            4           scalar                                                      
 AX                         Local  700      R(8)            8     1     1        ALC                                                
 AZSLC                      Local  771      CHAR            8     1     1        ALC                                                
 BETAI                      Local  699      R(8)            8     1     1        ALC                                                
 BHRHO                      Local  728      R(8)            8     1     1        ALC                                                
 BHRSUM                     Local  653      R(8)            8           scalar                                                      
 BHSUM                      Local  653      R(8)            8           scalar                                                      
 BL                         Local  747      I(4)            4     2     1        ALC                                                
 BLANK                      Local  675      CHAR            10          scalar                    675                               
 BLANK1                     Local  676      CHAR            12          scalar                    676                               
 BOD_CALC                   Local  758      L(4)            4     1     1        ALC                                                
 BOD_CALCN                  Local  759      L(4)            4     1     1        ALC                                                
 BOD_CALCP                  Local  759      L(4)            4     1     1        ALC                                                
 BRANCH_FOUND               Local  663      L(4)            4           scalar                                                      
 BTA                        Local  728      R(8)            8     1     1        ALC                                                
 BTH                        Local  734      I(4)            4     1     1        ALC                                                
 BTHFN                      Local  786      CHAR            72    1     1        ALC                                                
 C                          Local  728      R(8)            8     1     1        ALC                                                
 C2CH                       Local  784      CHAR            14    1     1        ALC                                                
 C2I                        Local  717      R(8)            8     2     1        ALC                                                
 CBHE                       Local  699      R(8)            8     1     1        ALC                                                
 CBODU_DER                  Local  639      I(4)            4           scalar                                                      
 CCC                        Local  674      CHAR            8           scalar                                                      
 CC_LW                      Local  647      R(8)            8           scalar                                                      
 CC_SW                      Local  647      R(8)            8           scalar                                                      
 CDAC                       Local  772      CHAR            8     1     1        ALC                                                
 CDCH                       Local  784      CHAR            14    1     1        ALC                                                
 CDN                        Local  747      I(4)            4     2     1        ALC                                                
 CDPLTC                     Local  765      CHAR            8     1     1        ALC                                                
 CDSUM                      Local  696      R(4)            4     1     1        ALC                                                

Page 66          Source Listing                  FF
2026-03-30 08:47 Symbol Table                    ..\..\..\w2modules.F90

 Name                       Object Declared Type            Bytes Dimen Elements Attributes       References                        
                                                                                                                                    
 CDTBRC                     Local  788      CHAR            8     2     1        ALC                                                
 CDTOT                      Local  712      R(4)            4     1     1        ALC                                                
 CDWBC                      Local  788      CHAR            8     2     1        ALC                                                
 CDWDO                      Local  716      R(4)            4     2     1        ALC                                                
 CDWDOC                     Local  768      CHAR            15    1     1        ALC                                                
 CELC                       Local  780      CHAR            8     1     1        ALC                                                
 CELRTY                     Local  646      R(4)            4           scalar                                                      
 CHLA_DER                   Local  639      I(4)            4           scalar                                                      
 CINBRC                     Local  788      CHAR            8     2     1        ALC                                                
 CINSUM                     Local  714      R(4)            4     2     1        ALC                                                
 CLOSEC                     Local  674      CHAR            8           scalar                                                      
 CMBRS                      Local  730      R(4)            4     2     1        ALC                                                
 CO2_DER                    Local  639      I(4)            4           scalar                                                      
 CO3_DER                    Local  639      I(4)            4           scalar                                                      
 COLB                       Local  652      R(8)            8           scalar                                                      
 COLDEP                     Local  652      R(8)            8           scalar                                                      
 CON                        Local  658      I(4)            4           scalar                    658                               
 CONFN                      Local  791      CHAR            72          scalar                    791                               
 CONTDG                     Local  794      I(4)            4           scalar                                                      
 CONTOUR                    Local  754      L(4)            4     1     1        ALC                                                
 CONV1                      Local  790      CHAR            12    2     1        ALC                                                
 COUT                       Local  716      R(4)            4     2     1        ALC                                                
 CP                         Local  804      R(8)            8           scalar                    804                               
 CPB                        Local  716      R(4)            4     2     1        ALC                                                
 CPLC                       Local  771      CHAR            8     1     1        ALC                                                
 CPLD                       Local  719      R(4)            4     2     1        ALC                                                
 CPLF                       Local  720      R(4)            4     2     1        ALC                                                
 CPLFN                      Local  786      CHAR            72    1     1        ALC                                                
 CPLTC                      Local  765      CHAR            8     1     1        ALC                                                
 CPRBRC                     Local  788      CHAR            8     2     1        ALC                                                
 CPRWBC                     Local  788      CHAR            8     2     1        ALC                                                
 CSSDH1                     Local  724      R(8)            8     3     1        ALC                                                
 CSSUH1                     Local  724      R(8)            8     3     1        ALC                                                
 CSUM                       Local  696      R(4)            4     1     1        ALC                                                
 CTRTRC                     Local  788      CHAR            8     2     1        ALC                                                
 CUNIT1                     Local  763      CHAR            4     1     1        ALC                                                
 CVP                        Local  725      R(4)            4     3     1        ALC                                                
 CWDO                       Local  716      R(4)            4     2     1        ALC                                                
 CWDOC                      Local  768      CHAR            15    1     1        ALC                                                
 C_ATM_DEPOSITION           Local  789      CHAR            8     2     1        ALC                                                
 D                          Local  728      R(8)            8     1     1        ALC                                                
 DEG                        Local  671      CHAR            2           scalar                                                      
 DEL                        Local  654      R(8)            8           scalar                                                      
 DEPKTI                     Local  652      R(8)            8           scalar                                                      
 DERIVED_CALC               Local  664      L(4)            4           scalar                                                      
 DETAILED_ICE               Local  752      L(4)            4     1     1        ALC                                                
 DFC                        Local  651      R(8)            8           scalar                                                      
 DGPBND                     Local  797      L(4)            4           scalar                                                      
 DLMR                       Local  647      R(8)            8           scalar                                                      
 DLTADD                     Local  780      CHAR            8     1     1        ALC                                                
 DLTCAL                     Local  655      R(8)            8           scalar                                                      
 DLTD                       Local  697      R(4)            4     1     1        ALC                                                
 DLTF                       Local  697      R(4)            4     1     1        ALC                                                
 DLTINTER                   Local  674      CHAR            8           scalar                                                      
 DLTMAX                     Local  697      R(4)            4     1     1        ALC                                                

Page 67          Source Listing                  FF
2026-03-30 08:47 Symbol Table                    ..\..\..\w2modules.F90

 Name                       Object Declared Type            Bytes Dimen Elements Attributes       References                        
                                                                                                                                    
 DLVOL                      Local  727      R(8)            8     1     1        ALC                                                
 DLVR                       Local  729      R(8)            8     1     1        ALC                                                
 DLXMAX                     Local  646      R(4)            4           scalar                                                      
 DLXMIN                     Local  648      R(8)            8           scalar                                                      
 DLXRHO                     Local  706      R(8)            8     1     1        ALC                                                
 DN_HEAD                    Local  749      L(4)            4     1     1        ALC                                                
 DOBND                      Local  797      L(4)            4           scalar                                                      
 DOBNDC                     Local  799      CHAR            8           scalar                                                      
 DOC_DER                    Local  638      I(4)            4           scalar                                                      
 DON_DER                    Local  638      I(4)            4           scalar                                                      
 DOP_DER                    Local  638      I(4)            4           scalar                                                      
 DOWNSTREAM_OUTFLOW         Local  666      L(4)            4           scalar                                                      
 DSI_CALC                   Local  667      L(4)            4           scalar                                                      
 DTCAC                      Local  773      CHAR            8     1     1        ALC                                                
 DTRC                       Local  772      CHAR            8     1     1        ALC                                                
 DTRIC                      Local  782      CHAR            8     1     1        ALC                                                
 DTV                        Local  656      R(8)            8           scalar                                                      
 DXI                        Local  700      R(8)            8     1     1        ALC                                                
 DYNPAD                     Local  680      CHAR            2           scalar                                                      
 DYNPAD_MAXRATE             Local  683      R(4)            4           scalar                                                      
 DYNPAD_PERCENTCHANGE       Local  683      R(4)            4           scalar                                                      
 DYNPAD_PIPE                Local  681      I(4)            4           scalar                                                      
 DYNPAD_SEG                 Local  681      I(4)            4           scalar                                                      
 DYNPAD_WL                  Local  683      R(4)            4           scalar                                                      
 DYNPIPEADJUST              Local  679      L(4)            4           scalar                                                      
 DYNPIPELOG                 Local  681      I(4)            4           scalar                    681                               
 DYNSEDK                    Local  769      CHAR            8     1     1        ALC                                                
 EA                         Local  656      R(8)            8           scalar                                                      
 EBC                        Local  777      CHAR            8     1     1        ALC                                                
 EBDGT                      Local  693      R(4)            4     1     1        ALC                                                
 EBDPI                      Local  695      R(4)            4     1     1        ALC                                                
 EBDSP                      Local  694      R(4)            4     1     1        ALC                                                
 EBPU                       Local  695      R(4)            4     1     1        ALC                                                
 EBUGT                      Local  693      R(4)            4     1     1        ALC                                                
 EBUPI                      Local  695      R(4)            4     1     1        ALC                                                
 EBUSP                      Local  694      R(4)            4     1     1        ALC                                                
 EDCH                       Local  784      CHAR            14    1     1        ALC                                                
 EFFRIC                     Local  651      R(8)            8           scalar                                                      
 ELBOT                      Local  700      R(8)            8     1     1        ALC                                                
 ELCH                       Local  784      CHAR            14    1     1        ALC                                                
 ELT                        Local  653      R(8)            8           scalar                                                      
 ELTMS                      Local  648      R(8)            8           scalar                                                      
 ELTRB                      Local  707      R(4)            4     1     1        ALC                                                
 ELTRT                      Local  707      R(4)            4     1     1        ALC                                                
 ENCH                       Local  784      CHAR            14    1     1        ALC                                                
 END_RUN                    Local  663      L(4)            4           scalar                                                      
 ENERGY_BALANCE             Local  758      L(4)            4     1     1        ALC                                                
 ENVIRPC                    Local  674      CHAR            8           scalar                                                      
 EPCH                       Local  784      CHAR            14    1     1        ALC                                                
 EPIC                       Local  789      CHAR            8     2     1        ALC                                                
 EPICI                      Local  717      R(8)            8     2     1        ALC                                                
 EPIPHYTON_CALC             Local  760      L(4)            4     2     1        ALC                                                
 EPIPRC                     Local  789      CHAR            8     2     1        ALC                                                
 EPIVP                      Local  725      R(4)            4     3     1        ALC                                                
 ERROR_OPEN                 Local  661      L(4)            4           scalar                                                      

Page 68          Source Listing                  FF
2026-03-30 08:47 Symbol Table                    ..\..\..\w2modules.F90

 Name                       Object Declared Type            Bytes Dimen Elements Attributes       References                        
                                                                                                                                    
 ES                         Local  656      R(8)            8           scalar                                                      
 ESC                        Local  670      CHAR            1           scalar                                                      
 ESR                        Local  729      R(8)            8     1     1        ALC                                                
 ESTRT                      Local  714      R(4)            4     2     1        ALC                                                
 ETDGT                      Local  693      R(4)            4     1     1        ALC                                                
 ETDPI                      Local  695      R(4)            4     1     1        ALC                                                
 ETDSP                      Local  694      R(4)            4     1     1        ALC                                                
 ETPU                       Local  695      R(4)            4     1     1        ALC                                                
 ETR                        Local  729      R(8)            8     1     1        ALC                                                
 ETSR                       Local  710      R(8)            8     1     1        ALC                                                
 ETUGT                      Local  693      R(4)            4     1     1        ALC                                                
 ETUPI                      Local  695      R(4)            4     1     1        ALC                                                
 ETUSP                      Local  694      R(4)            4     1     1        ALC                                                
 EV                         Local  703      R(8)            8     1     1        ALC                                                
 EVAPORATION                Local  755      L(4)            4     1     1        ALC                                                
 EVBR                       Local  705      R(8)            8     1     1        ALC                                                
 EVC                        Local  778      CHAR            8     1     1        ALC                                                
 EXC                        Local  766      CHAR            8     1     1        ALC                                                
 EXIC                       Local  766      CHAR            8     1     1        ALC                                                
 EXT                        Local  674      CHAR            8           scalar                                                      
 F                          Local  728      R(8)            8     1     1        ALC                                                
 FETCH                      Local  710      R(8)            8     1     1        ALC                                                
 FETCHC                     Local  771      CHAR            8     1     1        ALC                                                
 FETCH_CALC                 Local  748      L(4)            4     1     1        ALC                                                
 FI                         Local  700      R(8)            8     1     1        ALC                                                
 FILEDIR                    Local  687      CHAR            240   1     1        ALC                                                
 FILE_LAKE_CONTOUR_DO       Local  807      CHAR            80    1     20                                                          
 FILE_LAKE_CONTOUR_T        Local  807      CHAR            80    1     20                                                          
 FILE_RIVER_CONTOUR_DO      Local  807      CHAR            80    1     20                                                          
 FILE_RIVER_CONTOUR_T       Local  807      CHAR            80    1     20                                                          
 FISHHABFN                  Local  658      I(4)            4           scalar                    658                               
 FISH_PARTICLE_EXIST        Local  669      L(4)            4           scalar                                                      
 FLOWBALC                   Local  673      CHAR            8           scalar                                                      
 FLOWBALF                   Local  649      R(8)            8           scalar                                                      
 FLOWBFN                    Local  658      I(4)            4           scalar                    658                               
 FLUX                       Local  755      L(4)            4     1     1        ALC                                                
 FLXC                       Local  776      CHAR            8     1     1        ALC                                                
 FLXD                       Local  719      R(4)            4     2     1        ALC                                                
 FLXF                       Local  720      R(4)            4     2     1        ALC                                                
 FLXFN                      Local  786      CHAR            72    1     1        ALC                                                
 FLXFN2                     Local  786      CHAR            72    1     1        ALC                                                
 FRICC                      Local  781      CHAR            8     1     1        ALC                                                
 FSED                       Local  700      R(8)            8     1     1        ALC                                                
 FSEDC1                     Local  701      R(8)            8     1     1        ALC                                                
 FSEDC2                     Local  701      R(8)            8     1     1        ALC                                                
 FSOD                       Local  700      R(8)            8     1     1        ALC                                                
 GAMMAI                     Local  699      R(8)            8     1     1        ALC                                                
 GASGTC                     Local  767      CHAR            8     1     1        ALC                                                
 GASSPC                     Local  767      CHAR            8     1     1        ALC                                                
 GAS_TRANSFER_UPDATE        Local  668      L(4)            4           scalar                                                      
 GC2                        Local  651      R(8)            8           scalar                                                      
 GDCH                       Local  672      CHAR            3           scalar                                                      
 GMA                        Local  728      R(8)            8     1     1        ALC                                                
 GRF                        Local  658      I(4)            4           scalar                                                      
 GRIDC                      Local  774      CHAR            8     1     1        ALC                                                

Page 69          Source Listing                  FF
2026-03-30 08:47 Symbol Table                    ..\..\..\w2modules.F90

 Name                       Object Declared Type            Bytes Dimen Elements Attributes       References                        
                                                                                                                                    
 GTPC                       Local  796      R(8)            8     1     1        ALC                                                
 GTTYP                      Local  801      CHAR            8     1     1        ALC                                                
 HAB                        Local  714      R(4)            4     2     1        ALC                                                
 HABTATC                    Local  674      CHAR            8           scalar                                                      
 HCO3_DER                   Local  639      I(4)            4           scalar                                                      
 HDIC                       Local  782      CHAR            8     1     1        ALC                                                
 HEAD_BOUNDARY              Local  749      L(4)            4     1     1        ALC                                                
 HEATC                      Local  779      CHAR            8     1     1        ALC                                                
 HEATEX                     Local  655      R(8)            8           scalar                                                      
 HIA                        Local  655      R(8)            8           scalar                                                      
 HICE                       Local  654      R(8)            8           scalar                                                      
 HMAX                       Local  646      R(4)            4           scalar                                                      
 HMIN                       Local  648      R(8)            8           scalar                                                      
 HPLTC                      Local  765      CHAR            8     1     1        ALC                                                
 HPRWBC                     Local  788      CHAR            8     2     1        ALC                                                
 HRAD                       Local  650      R(8)            8           scalar                                                      
 HSEG                       Local  715      R(8)            8     2     1        ALC                                                
 HWI                        Local  699      R(8)            8     1     1        ALC                                                
 IBOD                       Local  642      I(4)            4           scalar                                                      
 IBPR                       Local  738      I(4)            4     1     1        ALC                                                
 ICEC                       Local  769      CHAR            8     1     1        ALC                                                
 ICEMIN                     Local  699      R(8)            8     1     1        ALC                                                
 ICEQSS                     Local  629      R(8)            8     1     1        ALC                                                
 ICESW                      Local  704      R(8)            8     1     1        ALC                                                
 ICET2                      Local  699      R(8)            8     1     1        ALC                                                
 ICETH1                     Local  654      R(8)            8           scalar                                                      
 ICETH2                     Local  654      R(8)            8           scalar                                                      
 ICETHI                     Local  699      R(8)            8     1     1        ALC                                                
 ICETHU                     Local  654      R(8)            8           scalar                                                      
 ICE_COMPUTATION            Local  666      L(4)            4           scalar                                                      
 ICE_TOL                    Local  654      R(8)            8           scalar                    654                               
 ICPL                       Local  745      I(4)            4     1     1        ALC                                                
 IDT                        Local  644      I(4)            4           scalar                                                      
 IE                         Local  645      I(4)            4           scalar                                                      
 II                         Local  645      I(4)            4           scalar                                                      
 ILAT                       Local  744      I(4)            4     1     1        ALC                                                
 ILAYER                     Local  740      I(4)            4     1     1        ALC                                                
 IMPLICIT_VISC              Local  752      L(4)            4     1     1        ALC                                                
 INCAC                      Local  773      CHAR            8     1     1        ALC                                                
 INCR                       Local  645      I(4)            4           scalar                                                      
 INCRIS                     Local  645      I(4)            4           scalar                                                      
 INITUWL                    Local  674      CHAR            8           scalar                                                      
 IPRF                       Local  747      I(4)            4     2     1        ALC                                                
 IS                         Local  645      I(4)            4           scalar                                                      
 ISNP                       Local  747      I(4)            4     2     1        ALC                                                
 ISO_CONC                   Local  761      L(4)            4     2     1        ALC                                                
 ISO_EPIPHYTON              Local  760      L(4)            4     2     1        ALC                                                
 ISO_MACROPHYTE             Local  762      L(4)            4     2     1        ALC                                                
 ISO_SEDIMENT               Local  756      L(4)            4     1     1        ALC                                                
 ISO_SEDIMENT1              Local  757      L(4)            4     1     1        ALC                                                
 ISO_SEDIMENT2              Local  757      L(4)            4     1     1        ALC                                                
 ISO_TEMP                   Local  751      L(4)            4     1     1        ALC                                                
 ISPR                       Local  747      I(4)            4     2     1        ALC                                                
 ITR                        Local  741      I(4)            4     1     1        ALC                                                
 ITSR                       Local  743      I(4)            4     1     1        ALC                                                

Page 70          Source Listing                  FF
2026-03-30 08:47 Symbol Table                    ..\..\..\w2modules.F90

 Name                       Object Declared Type            Bytes Dimen Elements Attributes       References                        
                                                                                                                                    
 IUT                        Local  644      I(4)            4           scalar                                                      
 IWD                        Local  742      I(4)            4     1     1        ALC                                                
 IWDO                       Local  743      I(4)            4     1     1        ALC                                                
 I_LWAT                     Local  633      I(4)            4           scalar                                                      
 I_SW                       Local  633      I(4)            4           scalar                                                      
 J                          Local  631      I(4)            4           scalar                                                      
 JA                         Local  643      I(4)            4           scalar                                                      
 JAC                        Local  645      I(4)            4           scalar                                                      
 JBDAM                      Local  744      I(4)            4     1     1        ALC                                                
 JBFILE1                    Local  816      I(4)            4           scalar                    816                               
 JBTR                       Local  741      I(4)            4     1     1        ALC                                                
 JBTSR                      Local  743      I(4)            4     1     1        ALC                                                
 JBWD                       Local  742      I(4)            4     1     1        ALC                                                
 JCB                        Local  642      I(4)            4           scalar                                                      
 JD                         Local  641      I(4)            4           scalar                                                      
 JDAY1                      Local  646      R(4)            4           scalar                                                      
 JDAYNX                     Local  644      I(4)            4           scalar                                                      
 JDAYTS                     Local  646      R(4)            4           scalar                                                      
 JE                         Local  643      I(4)            4           scalar                                                      
 JF                         Local  643      I(4)            4           scalar                                                      
 JFILE                      Local  643      I(4)            4           scalar                                                      
 JG                         Local  641      I(4)            4           scalar                                                      
 JG_AGE                     Local  659      I(4)            4           scalar                                                      
 JH                         Local  641      I(4)            4           scalar                                                      
 JJJB                       Local  644      I(4)            4           scalar                                                      
 JJZ                        Local  643      I(4)            4           scalar                                                      
 JM                         Local  643      I(4)            4           scalar                                                      
 JP                         Local  641      I(4)            4           scalar                                                      
 JS                         Local  641      I(4)            4           scalar                                                      
 JSG                        Local  660      I(4)            4           scalar                                                      
 JSS                        Local  744      I(4)            4     1     1        ALC                                                
 JT                         Local  641      I(4)            4           scalar                                                      
 JWD                        Local  644      I(4)            4           scalar                                                      
 JWFILE1                    Local  816      I(4)            4           scalar                    816                               
 JWR                        Local  644      I(4)            4           scalar                                                      
 JW_LAKE_CONTOUR            Local  809      I(4)            4     1     20                                                          
 JW_RIVER_CONTOUR           Local  809      I(4)            4     1     20                                                          
 K                          Local  643      I(4)            4           scalar                                                      
 KBDGT                      Local  731      I(4)            4     1     1        ALC                                                
 KBDPI                      Local  733      I(4)            4     1     1        ALC                                                
 KBDSP                      Local  732      I(4)            4     1     1        ALC                                                
 KBI                        Local  737      I(4)            4     1     1        ALC                                                
 KBMAX                      Local  737      I(4)            4     1     1        ALC                                                
 KBP                        Local  644      I(4)            4           scalar                                                      
 KBQIN                      Local  740      I(4)            4     1     1        ALC                                                
 KBR                        Local  738      I(4)            4     1     1        ALC                                                
 KBSWT                      Local  746      I(4)            4     2     1        ALC                                                
 KBTR                       Local  741      I(4)            4     1     1        ALC                                                
 KBUGT                      Local  731      I(4)            4     1     1        ALC                                                
 KBUPI                      Local  733      I(4)            4     1     1        ALC                                                
 KBUSP                      Local  732      I(4)            4     1     1        ALC                                                
 KFAC                       Local  772      CHAR            8     1     1        ALC                                                
 KFCH                       Local  784      CHAR            14    1     1        ALC                                                
 KFJW                       Local  716      R(4)            4     2     1        ALC                                                
 KFNAME                     Local  785      CHAR            45    1     1        ALC                                                

Page 71          Source Listing                  FF
2026-03-30 08:47 Symbol Table                    ..\..\..\w2modules.F90

 Name                       Object Declared Type            Bytes Dimen Elements Attributes       References                        
                                                                                                                                    
 KFNAME2                    Local  783      CHAR            14    1     1        ALC                                                
 KFWBC                      Local  788      CHAR            8     2     1        ALC                                                
 KF_CO2X                    Local  635      I(4)            4           scalar                                                      
 KF_DOCH4                   Local  636      I(4)            4           scalar                                                      
 KF_DOH2S                   Local  636      I(4)            4           scalar                                                      
 KF_DO_SED                  Local  635      I(4)            4           scalar                                                      
 KF_DO_SOD                  Local  635      I(4)            4           scalar                                                      
 KF_FE2D                    Local  636      I(4)            4           scalar                                                      
 KF_MN2D                    Local  636      I(4)            4           scalar                                                      
 KF_NH3GAS                  Local  637      I(4)            4           scalar                                                      
 KF_NH4_SD                  Local  635      I(4)            4           scalar                                                      
 KF_NH4_SR                  Local  635      I(4)            4           scalar                                                      
 KF_NO3AG                   Local  637      I(4)            4           scalar                                                      
 KF_NO3D                    Local  637      I(4)            4           scalar                                                      
 KF_NO3EG                   Local  637      I(4)            4           scalar                                                      
 KF_NO3SED                  Local  637      I(4)            4           scalar                                                      
 KF_PO4_SD                  Local  635      I(4)            4           scalar                                                      
 KF_PO4_SR                  Local  635      I(4)            4           scalar                                                      
 KF_SDINC                   Local  636      I(4)            4           scalar                                                      
 KF_SEDD                    Local  636      I(4)            4           scalar                                                      
 KF_SED_NBURIAL             Local  635      I(4)            4           scalar                                                      
 KF_SED_PBURIAL             Local  635      I(4)            4           scalar                                                      
 KTDGT                      Local  731      I(4)            4     1     1        ALC                                                
 KTDPI                      Local  733      I(4)            4     1     1        ALC                                                
 KTDSP                      Local  732      I(4)            4     1     1        ALC                                                
 KTQIN                      Local  740      I(4)            4     1     1        ALC                                                
 KTSWT                      Local  746      I(4)            4     2     1        ALC                                                
 KTTR                       Local  741      I(4)            4     1     1        ALC                                                
 KTUGT                      Local  731      I(4)            4     1     1        ALC                                                
 KTUPI                      Local  733      I(4)            4     1     1        ALC                                                
 KTUSP                      Local  732      I(4)            4     1     1        ALC                                                
 KWD                        Local  742      I(4)            4     1     1        ALC                                                
 L                          Local  644      I(4)            4           scalar                                                      
 L1                         Local  643      I(4)            4           scalar                                                      
 L2                         Local  643      I(4)            4           scalar                                                      
 L3                         Local  643      I(4)            4           scalar                                                      
 LAKE_CONTOUR_FORMAT        Local  809      I(4)            4           scalar                                                      
 LAKE_CONTOUR_FREQ          Local  810      R(4)            4     1     20                                                          
 LAKE_CONTOUR_SEG           Local  808      I(4)            4     1     20                                                          
 LAKE_CONTOUR_START         Local  810      R(4)            4     1     20                                                          
 LAKE_RIVER_CONTOUR         Local  658      I(4)            4           scalar                    658                               
 LAKE_RIVER_CONTOURC        Local  805      L(4)            4           scalar                                                      
 LAKE_RIVER_CONTOUR_ON      Local  806      CHAR            2           scalar                                                      
 LIMC                       Local  674      CHAR            8           scalar                                                      
 LINE                       Local  677      CHAR            72          scalar                                                      
 LONG_CONC                  Local  761      L(4)            4     2     1        ALC                                                
 LONG_EPIPHYTON             Local  760      L(4)            4     2     1        ALC                                                
 LONG_MACROPHYTE            Local  762      L(4)            4     2     1        ALC                                                
 LONG_PROFILE               Local  751      L(4)            4     1     1        ALC                                                
 LONG_SEDIMENT              Local  756      L(4)            4     1     1        ALC                                                
 LONG_SEDIMENT1             Local  757      L(4)            4     1     1        ALC                                                
 LONG_SEDIMENT2             Local  757      L(4)            4     1     1        ALC                                                
 LONG_TEMP                  Local  751      L(4)            4     1     1        ALC                                                
 LPR                        Local  735      I(4)            4     1     1        ALC                                                
 LPRFN                      Local  786      CHAR            72    1     1        ALC                                                

Page 72          Source Listing                  FF
2026-03-30 08:47 Symbol Table                    ..\..\..\w2modules.F90

 Name                       Object Declared Type            Bytes Dimen Elements Attributes       References                        
                                                                                                                                    
 M                          Local  643      I(4)            4           scalar                                                      
 MACCH                      Local  784      CHAR            14    1     1        ALC                                                
 MACRCLP                    Local  725      R(4)            4     3     1        ALC                                                
 MACRCVP                    Local  725      R(4)            4     3     1        ALC                                                
 MAIN                       Module 626                                                                                              
 MASSBFN                    Local  658      I(4)            4           scalar                    658                               
 MASS_BALANCE               Local  758      L(4)            4     1     1        ALC                                                
 MBC                        Local  777      CHAR            8     1     1        ALC                                                
 METIC                      Local  782      CHAR            8     1     1        ALC                                                
 MWB_EXIST                  Local  665      L(4)            4           scalar                                                      
 N2BND                      Local  797      L(4)            4           scalar                                                      
 N2BNDC                     Local  799      CHAR            8           scalar                                                      
 NACATD                     Local  745      I(4)            4     1     1        ALC                                                
 NAE                        Local  640      I(4)            4           scalar                                                      
 NALK                       Local  640      I(4)            4           scalar                                                      
 NAS                        Local  640      I(4)            4           scalar                                                      
 NBACT                      Local  633      I(4)            4           scalar                                                      
 NBL                        Local  737      I(4)            4     1     1        ALC                                                
 NBODCE                     Local  642      I(4)            4           scalar                                                      
 NBODCS                     Local  642      I(4)            4           scalar                                                      
 NBODE                      Local  640      I(4)            4           scalar                                                      
 NBODNE                     Local  642      I(4)            4           scalar                                                      
 NBODNS                     Local  642      I(4)            4           scalar                                                      
 NBODPE                     Local  642      I(4)            4           scalar                                                      
 NBODPS                     Local  642      I(4)            4           scalar                                                      
 NBODS                      Local  634      I(4)            4           scalar                                                      
 NCCS                       Local  631      I(4)            4           scalar                                                      
 NCH4                       Local  632      I(4)            4           scalar                                                      
 NCPL                       Local  734      I(4)            4     1     1        ALC                                                
 NDG                        Local  658      I(4)            4           scalar                    658                               
 NDGP                       Local  633      I(4)            4           scalar                                                      
 NDLT                       Local  645      I(4)            4           scalar                                                      
 NDO                        Local  640      I(4)            4           scalar                                                      
 NDSI                       Local  634      I(4)            4           scalar                                                      
 NDSP                       Local  643      I(4)            4           scalar                                                      
 NDT                        Local  641      I(4)            4           scalar                                                      
 NEW_PAGE                   Local  663      L(4)            4           scalar                                                      
 NFE                        Local  634      I(4)            4           scalar                                                      
 NFEII                      Local  632      I(4)            4           scalar                                                      
 NFEOOH                     Local  632      I(4)            4           scalar                                                      
 NFLX                       Local  734      I(4)            4     1     1        ALC                                                
 NGC                        Local  631      I(4)            4           scalar                                                      
 NH2S                       Local  632      I(4)            4           scalar                                                      
 NH3_DER                    Local  638      I(4)            4           scalar                                                      
 NIPRF                      Local  735      I(4)            4     1     1        ALC                                                
 NISNP                      Local  736      I(4)            4     1     1        ALC                                                
 NISPR                      Local  735      I(4)            4     1     1        ALC                                                
 NIT1                       Local  644      I(4)            4           scalar                                                      
 NIW                        Local  631      I(4)            4           scalar                                                      
 NIWDO                      Local  641      I(4)            4           scalar                                                      
 NL                         Local  740      I(4)            4     1     1        ALC                                                
 NLDOM                      Local  634      I(4)            4           scalar                                                      
 NLPOM                      Local  634      I(4)            4           scalar                                                      
 NMFT                       Local  632      I(4)            4           scalar                                                      
 NMNII                      Local  632      I(4)            4           scalar                                                      

Page 73          Source Listing                  FF
2026-03-30 08:47 Symbol Table                    ..\..\..\w2modules.F90

 Name                       Object Declared Type            Bytes Dimen Elements Attributes       References                        
                                                                                                                                    
 NMNO2                      Local  632      I(4)            4           scalar                                                      
 NN2                        Local  632      I(4)            4           scalar                                                      
 NNH4                       Local  631      I(4)            4           scalar                                                      
 NNO3                       Local  634      I(4)            4           scalar                                                      
 NNSG                       Local  660      I(4)            4           scalar                                                      
 NPBALC                     Local  673      CHAR            8           scalar                                                      
 NPBALF                     Local  649      R(8)            8           scalar                                                      
 NPO4                       Local  631      I(4)            4           scalar                                                      
 NPOINT                     Local  740      I(4)            4     1     1        ALC                                                
 NPRF                       Local  735      I(4)            4     1     1        ALC                                                
 NPSI                       Local  634      I(4)            4           scalar                                                      
 NRDOM                      Local  634      I(4)            4           scalar                                                      
 NRPOM                      Local  634      I(4)            4           scalar                                                      
 NRS                        Local  645      I(4)            4           scalar                                                      
 NRSO                       Local  641      I(4)            4           scalar                                                      
 NSCR                       Local  734      I(4)            4     1     1        ALC                                                
 NSNP                       Local  734      I(4)            4     1     1        ALC                                                
 NSO4                       Local  632      I(4)            4           scalar                                                      
 NSPR                       Local  734      I(4)            4     1     1        ALC                                                
 NSSE                       Local  631      I(4)            4           scalar                                                      
 NSSS                       Local  631      I(4)            4           scalar                                                      
 NTAC                       Local  643      I(4)            4           scalar                                                      
 NTACMN                     Local  643      I(4)            4           scalar                                                      
 NTACMX                     Local  643      I(4)            4           scalar                                                      
 NTDS                       Local  631      I(4)            4           scalar                                                      
 NTIC                       Local  640      I(4)            4           scalar                                                      
 NTRT                       Local  640      I(4)            4           scalar                                                      
 NTSR                       Local  641      I(4)            4           scalar                                                      
 NUM_LAKE_CONTOUR           Local  808      I(4)            4           scalar                                                      
 NUM_RIVER_CONTOUR          Local  808      I(4)            4           scalar                                                      
 NVPL                       Local  734      I(4)            4     1     1        ALC                                                
 NWAGE                      Local  633      I(4)            4           scalar                                                      
 NWAIT                      Local  684      I(4)            4           scalar                                                      
 NWDT                       Local  640      I(4)            4           scalar                                                      
 NXFLOWBAL                  Local  649      R(8)            8           scalar                                                      
 NXNPBAL                    Local  649      R(8)            8           scalar                                                      
 NXTVD                      Local  646      R(4)            4           scalar                                                      
 NXT_LAKE_CONTOUR           Local  810      R(4)            4     1     20                                                          
 NXT_RIVER_CONTOUR          Local  810      R(4)            4     1     20                                                          
 NXWL                       Local  649      R(8)            8           scalar                                                      
 N_CALC                     Local  667      L(4)            4           scalar                                                      
 N_WAITS                    Local  684      I(4)            4           scalar                                                      
 O2DG_DER                   Local  639      I(4)            4           scalar                                                      
 ORGC_CALC                  Local  689      L(4)            4           scalar                                                      
 P                          Local  715      R(8)            8     2     1        ALC                                                
 PDGTC                      Local  775      CHAR            8     1     1        ALC                                                
 PDPIC                      Local  775      CHAR            8     1     1        ALC                                                
 PDSPC                      Local  775      CHAR            8     1     1        ALC                                                
 PHBUFF_EXIST               Local  678      L(4)            4           scalar                                                      
 PH_DER                     Local  639      I(4)            4           scalar                                                      
 PKSD_INPUT_WARNING         Local  662      L(4)            4           scalar                                                      
 PLACE_QIN                  Local  750      L(4)            4     1     1        ALC                                                
 PLACE_QTR                  Local  750      L(4)            4     1     1        ALC                                                
 PO4_CALC                   Local  667      L(4)            4           scalar                                                      
 POC_DER                    Local  638      I(4)            4           scalar                                                      

Page 74          Source Listing                  FF
2026-03-30 08:47 Symbol Table                    ..\..\..\w2modules.F90

 Name                       Object Declared Type            Bytes Dimen Elements Attributes       References                        
                                                                                                                                    
 PON_DER                    Local  638      I(4)            4           scalar                                                      
 POP_DER                    Local  638      I(4)            4           scalar                                                      
 PPUC                       Local  775      CHAR            8     1     1        ALC                                                
 PQC                        Local  778      CHAR            8     1     1        ALC                                                
 PRC                        Local  778      CHAR            8     1     1        ALC                                                
 PRCAC                      Local  773      CHAR            8     1     1        ALC                                                
 PREC                       Module 627                                                            627                               
 PRFC                       Local  769      CHAR            8     1     1        ALC                                                
 PRFD                       Local  719      R(4)            4     2     1        ALC                                                
 PRFF                       Local  720      R(4)            4     2     1        ALC                                                
 PRFFN                      Local  786      CHAR            72    1     1        ALC                                                
 PROFILE                    Local  752      L(4)            4     1     1        ALC                                                
 PUGTC                      Local  775      CHAR            8     1     1        ALC                                                
 PUMPON                     Local  748      L(4)            4     1     1        ALC                                                
 PUMPS                      Local  665      L(4)            4           scalar                                                      
 PUPIC                      Local  775      CHAR            8     1     1        ALC                                                
 PUSPC                      Local  775      CHAR            8     1     1        ALC                                                
 Q                          Local  706      R(8)            8     1     1        ALC                                                
 QDT                        Local  704      R(8)            8     1     1        ALC                                                
 QIMXR                      Local  709      R(4)            4     1     1        ALC                                                
 QINC                       Local  779      CHAR            8     1     1        ALC                                                
 QINF                       Local  721      R(4)            4     2     1        ALC                                                
 QINFR                      Local  653      R(8)            8           scalar                                                      
 QINIC                      Local  782      CHAR            8     1     1        ALC                                                
 QINSUM                     Local  711      R(8)            8     1     1        ALC                                                
 QOAVR                      Local  709      R(4)            4     1     1        ALC                                                
 QOMXR                      Local  709      R(4)            4     1     1        ALC                                                
 QOUTC                      Local  779      CHAR            8     1     1        ALC                                                
 QPR                        Local  704      R(8)            8     1     1        ALC                                                
 QPRBR                      Local  705      R(8)            8     1     1        ALC                                                
 QSSUM                      Local  706      R(8)            8     1     1        ALC                                                
 QTAVB                      Local  709      R(4)            4     1     1        ALC                                                
 QTMXB                      Local  709      R(4)            4     1     1        ALC                                                
 QTOT                       Local  715      R(8)            8     2     1        ALC                                                
 QTRF                       Local  718      R(8)            8     2     1        ALC                                                
 QWDO                       Local  698      R(8)            8     1     1        ALC                                                
 R8                         Param  647      I(4)            4           scalar                    647,648,649,650,651,652,653,654,65
                                                                                                  5,656,657,698,699,700,701,702,703,
                                                                                                  704,705,706,710,711,715,717,718,72
                                                                                                  3,724,726,727,728,729,796,804     
 RANLW                      Local  700      R(8)            8     1     1        ALC                                                
 RESTART_IN                 Local  664      L(4)            4           scalar                                                      
 RESTART_OUT                Local  664      L(4)            4           scalar                                                      
 RETLOG                     Local  678      L(4)            4           scalar                                                      
 RHEVC                      Local  771      CHAR            8     1     1        ALC                                                
 RHOA                       Local  804      R(8)            8           scalar                    804                               
 RHOI                       Local  804      R(8)            8           scalar                    804                               
 RHOICP                     Local  648      R(8)            8           scalar                                                      
 RHOIN                      Local  652      R(8)            8           scalar                                                      
 RHOIRL1                    Local  653      R(8)            8           scalar                                                      
 RIMT                       Local  804      R(8)            8           scalar                    804                               
 RIVER_CONTOUR_BR1          Local  808      I(4)            4     1     20                                                          
 RIVER_CONTOUR_BR2          Local  808      I(4)            4     1     20                                                          
 RIVER_CONTOUR_FORMAT       Local  809      I(4)            4           scalar                                                      
 RIVER_CONTOUR_FREQ         Local  810      R(4)            4     1     20                                                          

Page 75          Source Listing                  FF
2026-03-30 08:47 Symbol Table                    ..\..\..\w2modules.F90

 Name                       Object Declared Type            Bytes Dimen Elements Attributes       References                        
                                                                                                                                    
 RIVER_CONTOUR_START        Local  810      R(4)            4     1     20                                                          
 RK1                        Local  804      R(8)            8           scalar                    804                               
 RL1                        Local  804      R(8)            8           scalar                    804                               
 RN                         Local  703      R(8)            8     1     1        ALC                                                
 RS                         Local  703      R(8)            8     1     1        ALC                                                
 RSI                        Local  658      I(4)            4           scalar                                                      
 RSIC                       Local  674      CHAR            8           scalar                                                      
 RSOC                       Local  674      CHAR            8           scalar                                                      
 RSOD                       Local  697      R(4)            4     1     1        ALC                                                
 RSOF                       Local  697      R(4)            4     1     1        ALC                                                
 RSOFN                      Local  677      CHAR            72          scalar                                                      
 SCRC                       Local  769      CHAR            8     1     1        ALC                                                
 SCRD                       Local  719      R(4)            4     2     1        ALC                                                
 SCREEN_OUTPUT              Local  754      L(4)            4     1     1        ALC                                                
 SCRF                       Local  720      R(4)            4     2     1        ALC                                                
 SECCHI_DER                 Local  639      I(4)            4           scalar                                                      
 SEDCC                      Local  769      CHAR            8     1     1        ALC                                                
 SEDCC1                     Local  770      CHAR            8     1     1        ALC                                                
 SEDCC2                     Local  770      CHAR            8     1     1        ALC                                                
 SEDCCH                     Local  675      CHAR            10          scalar                                                      
 SEDCH                      Local  675      CHAR            10          scalar                                                      
 SEDCI                      Local  700      R(8)            8     1     1        ALC                                                
 SEDCI1                     Local  701      R(8)            8     1     1        ALC                                                
 SEDCI2                     Local  701      R(8)            8     1     1        ALC                                                
 SEDCIC                     Local  713      R(4)            4     1     1        ALC                                                
 SEDCIN                     Local  713      R(4)            4     1     1        ALC                                                
 SEDCIP                     Local  713      R(4)            4     1     1        ALC                                                
 SEDCIS                     Local  713      R(4)            4     1     1        ALC                                                
 SEDIMENT_CALC              Local  752      L(4)            4     1     1        ALC                                                
 SEDIMENT_CALC1             Local  753      L(4)            4     1     1        ALC                                                
 SEDIMENT_CALC2             Local  753      L(4)            4     1     1        ALC                                                
 SEDNCH                     Local  675      CHAR            10          scalar                                                      
 SEDPCH                     Local  675      CHAR            10          scalar                                                      
 SEDPRC                     Local  769      CHAR            8     1     1        ALC                                                
 SEDPRC1                    Local  770      CHAR            8     1     1        ALC                                                
 SEDPRC2                    Local  770      CHAR            8     1     1        ALC                                                
 SEDRC                      Local  764      CHAR            8     1     1        ALC                                                
 SEDVP                      Local  721      R(4)            4     2     1        ALC                                                
 SEDVP1                     Local  722      R(4)            4     2     1        ALC                                                
 SEDVP2                     Local  722      R(4)            4     2     1        ALC                                                
 SEG                        Local  764      CHAR            8     1     1        ALC                                                
 SEGNUM                     Local  677      CHAR            72          scalar                                                      
 SEGNUM2                    Local  677      CHAR            72          scalar                                                      
 SELECTC                    Local  674      CHAR            8           scalar                                                      
 SIF                        Local  659      I(4)            4           scalar                                                      
 SINKC                      Local  787      CHAR            8     2     1        ALC                                                
 SINKCT                     Local  787      CHAR            8     2     1        ALC                                                
 SLHTC                      Local  781      CHAR            8     1     1        ALC                                                
 SLICEC                     Local  776      CHAR            8     1     1        ALC                                                
 SLTRC                      Local  781      CHAR            8     1     1        ALC                                                
 SNAPSHOT                   Local  752      L(4)            4     1     1        ALC                                                
 SNPC                       Local  769      CHAR            8     1     1        ALC                                                
 SNPD                       Local  719      R(4)            4     2     1        ALC                                                
 SNPF                       Local  720      R(4)            4     2     1        ALC                                                
 SNPFN                      Local  786      CHAR            72    1     1        ALC                                                

Page 76          Source Listing                  FF
2026-03-30 08:47 Symbol Table                    ..\..\..\w2modules.F90

 Name                       Object Declared Type            Bytes Dimen Elements Attributes       References                        
                                                                                                                                    
 SPECIFY_QTR                Local  750      L(4)            4     1     1        ALC                                                
 SPILLWAY                   Local  665      L(4)            4           scalar                                                      
 SPRC                       Local  769      CHAR            8     1     1        ALC                                                
 SPRD                       Local  719      R(4)            4     2     1        ALC                                                
 SPREADSHEET                Local  754      L(4)            4     1     1        ALC                                                
 SPRF                       Local  720      R(4)            4     2     1        ALC                                                
 SPRFN                      Local  786      CHAR            72    1     1        ALC                                                
 SPRVFN                     Local  786      CHAR            72    1     1        ALC                                                
 SROC                       Local  772      CHAR            8     1     1        ALC                                                
 SROIN                      Local  655      R(8)            8           scalar                                                      
 SRONET                     Local  655      R(8)            8           scalar                                                      
 SROOUT                     Local  655      R(8)            8           scalar                                                      
 SROSED                     Local  655      R(8)            8           scalar                                                      
 SROSH                      Local  703      R(8)            8     1     1        ALC                                                
 SSTOT                      Local  652      R(8)            8           scalar                                                      
 STANDING_BIOMASS_DECAY     Local  678      L(4)            4           scalar                                                      
 STRIC                      Local  788      CHAR            8     2     1        ALC                                                
 SUB_LAYER                  Local  661      L(4)            4           scalar                                                      
 SURFACE_AREA               Local  706      R(8)            8     1     1        ALC                                                
 SURFACE_WARNING            Local  661      L(4)            4           scalar                                                      
 SW_ALBEDO                  Local  650      R(8)            8           scalar                                                      
 SW_BA                      Local  650      R(8)            8           scalar                                                      
 SW_K1                      Local  650      R(8)            8           scalar                                                      
 SYSTDG                     Local  797      L(4)            4           scalar                                                      
 SYSTDGC                    Local  799      CHAR            8           scalar                                                      
 T2I                        Local  700      R(8)            8     1     1        ALC                                                
 T2R4                       Local  657      R(8)            8           scalar                                                      
 TAIRV                      Local  656      R(8)            8           scalar                                                      
 TARGETFNNO                 Local  795      I(4)            4           scalar                                                      
 TAU1                       Local  648      R(8)            8           scalar                                                      
 TAU2                       Local  648      R(8)            8           scalar                                                      
 TDG2BNDC                   Local  799      CHAR            8           scalar                                                      
 TDGON                      Local  668      L(4)            4           scalar                                                      
 TDGTA                      Local  798      L(4)            4           scalar                                                      
 TDGTAC                     Local  800      CHAR            8           scalar                                                      
 TDG_DER                    Local  639      I(4)            4           scalar                                                      
 TDG_GATE                   Local  761      L(4)            4     2     1        ALC                                                
 TDG_SPILLWAY               Local  761      L(4)            4     2     1        ALC                                                
 TECPLOT                    Local  764      CHAR            8     1     1        ALC                                                
 TEXT                       Local  792      CHAR            72          scalar                                                      
 TFLUX                      Local  655      R(8)            8           scalar                                                      
 THRKTI                     Local  804      R(8)            8           scalar                    804                               
 TICE                       Local  647      R(8)            8           scalar                                                      
 TIME_SERIES                Local  666      L(4)            4           scalar                                                      
 TINSUM                     Local  711      R(8)            8     1     1        ALC                                                
 TISS_DER                   Local  639      I(4)            4           scalar                                                      
 TKN_DER                    Local  638      I(4)            4           scalar                                                      
 TMEND                      Local  646      R(4)            4           scalar                                                      
 TMSTRT                     Local  646      R(4)            4           scalar                                                      
 TN_DER                     Local  638      I(4)            4           scalar                                                      
 TOC_DER                    Local  638      I(4)            4           scalar                                                      
 TON_DER                    Local  638      I(4)            4           scalar                                                      
 TOP_DER                    Local  638      I(4)            4           scalar                                                      
 TOTSS_DER                  Local  639      I(4)            4           scalar                                                      
 TPB                        Local  705      R(8)            8     1     1        ALC                                                

Page 77          Source Listing                  FF
2026-03-30 08:47 Symbol Table                    ..\..\..\w2modules.F90

 Name                       Object Declared Type            Bytes Dimen Elements Attributes       References                        
                                                                                                                                    
 TP_DER                     Local  638      I(4)            4           scalar                                                      
 TRC                        Local  775      CHAR            8     1     1        ALC                                                
 TRCAC                      Local  773      CHAR            8     1     1        ALC                                                
 TRIC                       Local  782      CHAR            8     1     1        ALC                                                
 TSED                       Local  699      R(8)            8     1     1        ALC                                                
 TSEDF                      Local  695      R(4)            4     1     1        ALC                                                
 TSR                        Local  739      I(4)            4     1     1        ALC                                                
 TSRC                       Local  674      CHAR            8           scalar                                                      
 TSRD                       Local  708      R(4)            4     1     1        ALC                                                
 TSRF                       Local  708      R(4)            4     1     1        ALC                                                
 TSRFN                      Local  677      CHAR            72          scalar                                                      
 TSRFN1                     Local  677      CHAR            72          scalar                                                      
 TSSDH1                     Local  723      R(8)            8     2     1        ALC                                                
 TSSUH1                     Local  723      R(8)            8     2     1        ALC                                                
 TTIME                      Local  646      R(4)            4           scalar                                                      
 TURB_DER                   Local  639      I(4)            4           scalar                                                      
 TVP                        Local  721      R(4)            4     2     1        ALC                                                
 TZONE                      Local  633      I(4)            4           scalar                                                      
 UDL                        Local  651      R(8)            8           scalar                                                      
 UDR                        Local  651      R(8)            8           scalar                                                      
 UPDATE_KINETICS            Local  663      L(4)            4           scalar                                                      
 UPDATE_RATES               Local  663      L(4)            4           scalar                                                      
 V                          Local  728      R(8)            8     1     1        ALC                                                
 V1                         Local  653      R(8)            8           scalar                                                      
 VBC                        Local  777      CHAR            8     1     1        ALC                                                
 VECTOR                     Local  754      L(4)            4     1     1        ALC                                                
 VERT_CONC                  Local  761      L(4)            4     2     1        ALC                                                
 VERT_EPIPHYTON             Local  760      L(4)            4     2     1        ALC                                                
 VERT_MACROPHYTE            Local  762      L(4)            4     2     1        ALC                                                
 VERT_PROFILE               Local  751      L(4)            4     1     1        ALC                                                
 VERT_SEDIMENT              Local  756      L(4)            4     1     1        ALC                                                
 VERT_SEDIMENT1             Local  757      L(4)            4     1     1        ALC                                                
 VERT_SEDIMENT2             Local  757      L(4)            4     1     1        ALC                                                
 VERT_TEMP                  Local  751      L(4)            4     1     1        ALC                                                
 VISC                       Local  780      CHAR            8     1     1        ALC                                                
 VOLB                       Local  726      R(8)            8     1     1        ALC                                                
 VOLG                       Local  727      R(8)            8     1     1        ALC                                                
 VOLUME_BALANCE             Local  758      L(4)            4     1     1        ALC                                                
 VOLUME_WARNING             Local  661      L(4)            4           scalar                                                      
 VOLUME_WB                  Local  706      R(8)            8     1     1        ALC                                                
 VPLC                       Local  771      CHAR            8     1     1        ALC                                                
 VPLD                       Local  719      R(4)            4     2     1        ALC                                                
 VPLF                       Local  720      R(4)            4     2     1        ALC                                                
 VPLFN                      Local  786      CHAR            72    1     1        ALC                                                
 VPR                        Local  735      I(4)            4     1     1        ALC                                                
 VPRFN                      Local  786      CHAR            72    1     1        ALC                                                
 VQIN                       Local  652      R(8)            8           scalar                                                      
 VQINI                      Local  652      R(8)            8           scalar                                                      
 VSF                        Local  659      I(4)            4           scalar                                                      
 VTOL                       Local  804      R(8)            8           scalar                    804                               
 WAIT_FOR_INFLOW_RESULTS    Local  669      L(4)            4           scalar                                                      
 WAIT_INDEX                 Local  685      I(4)            4     1     1        ALC                                                
 WAIT_TYPE                  Local  686      CHAR            2     1     1        ALC                                                
 WARNING_OPEN               Local  661      L(4)            4           scalar                                                      
 WATER_AGE_ACTIVE           Local  678      L(4)            4           scalar                                                      

Page 78          Source Listing                  FF
2026-03-30 08:47 Symbol Table                    ..\..\..\w2modules.F90

 Name                       Object Declared Type            Bytes Dimen Elements Attributes       References                        
                                                                                                                                    
 WBSEG                      Local  793      I(4)            4     1     1        ALC                                                
 WDIC                       Local  782      CHAR            8     1     1        ALC                                                
 WDO                        Local  747      I(4)            4     2     1        ALC                                                
 WDO2                       Local  747      I(4)            4     2     1        ALC                                                
 WDOC                       Local  674      CHAR            8           scalar                                                      
 WDOD                       Local  708      R(4)            4     1     1        ALC                                                
 WDOF                       Local  708      R(4)            4     1     1        ALC                                                
 WDOFN                      Local  677      CHAR            72          scalar                                                      
 WEIR_CALC                  Local  664      L(4)            4           scalar                                                      
 WINDC                      Local  779      CHAR            8     1     1        ALC                                                
 WLC                        Local  673      CHAR            8           scalar                                                      
 WLF                        Local  649      R(8)            8           scalar                                                      
 WLFN                       Local  658      I(4)            4           scalar                    658                               
 WSHX                       Local  702      R(8)            8     1     1        ALC                                                
 WSTRT                      Local  714      R(4)            4     2     1        ALC                                                
 WT1                        Local  653      R(8)            8           scalar                                                      
 WT2                        Local  653      R(8)            8           scalar                                                      
 WTYPEC                     Local  774      CHAR            8     1     1        ALC                                                
 WWT                        Local  651      R(8)            8           scalar                                                      
 X1                         Local  696      R(4)            4     1     1        ALC                                                
 XBR                        Local  705      R(8)            8     1     1        ALC                                                
 ZB                         Local  651      R(8)            8           scalar                                                      
 ZERO_SLOPE                 Local  755      L(4)            4     1     1        ALC                                                

Page 79          Source Listing                  FF
2026-03-30 08:47                                 ..\..\..\w2modules.F90

    820 MODULE BIOENERGETICS            
    821   INTEGER,           ALLOCATABLE, DIMENSION(:)       :: IBIO,BIODP,BIOEXPFN,WEIGHTNUM
    822   REAL,              ALLOCATABLE, DIMENSION(:)       :: BIOD, BIOF,VOLROOS
    823   REAL,              ALLOCATABLE, DIMENSION(:,:)     :: C2W
    824   REAL,              ALLOCATABLE, DIMENSION(:,:,:)   :: C2ZOO
    825   CHARACTER*8 BIOC      
    826   LOGICAL :: BIOEXP,FISHBIO   
    827   INTEGER :: NBIO,NIBIO,KLIM,FISHBIOFN=9502
    828   REAL*8 :: NXBIO,NXTBIO,GAMMAB
    829   CHARACTER*72 :: BIOFN,WEIGHTFN
    830   CHARACTER*8 ::  BHEAD(20)
    831 
    832 END MODULE BIOENERGETICS


SYMBOL CROSS REFERENCE

 Name                       Object Declared Type            Bytes Dimen Elements Attributes       References                        
                                                                                                                                    
 BHEAD                      Local  830      CHAR            8     1     20                                                          
 BIOC                       Local  825      CHAR            8           scalar                                                      
 BIOD                       Local  822      R(4)            4     1     1        ALC                                                
 BIODP                      Local  821      I(4)            4     1     1        ALC                                                
 BIOENERGETICS              Module 820                                                                                              
 BIOEXP                     Local  826      L(4)            4           scalar                                                      
 BIOEXPFN                   Local  821      I(4)            4     1     1        ALC                                                
 BIOF                       Local  822      R(4)            4     1     1        ALC                                                
 BIOFN                      Local  829      CHAR            72          scalar                                                      
 C2W                        Local  823      R(4)            4     2     1        ALC                                                
 C2ZOO                      Local  824      R(4)            4     3     1        ALC                                                
 FISHBIO                    Local  826      L(4)            4           scalar                                                      
 FISHBIOFN                  Local  827      I(4)            4           scalar                    827                               
 GAMMAB                     Local  828      R(8)            8           scalar                                                      
 IBIO                       Local  821      I(4)            4     1     1        ALC                                                
 KLIM                       Local  827      I(4)            4           scalar                                                      
 NBIO                       Local  827      I(4)            4           scalar                                                      
 NIBIO                      Local  827      I(4)            4           scalar                                                      
 NXBIO                      Local  828      R(8)            8           scalar                                                      
 NXTBIO                     Local  828      R(8)            8           scalar                                                      
 VOLROOS                    Local  822      R(4)            4     1     1        ALC                                                
 WEIGHTFN                   Local  829      CHAR            72          scalar                                                      
 WEIGHTNUM                  Local  821      I(4)            4     1     1        ALC                                                

Page 80          Source Listing                  FF
2026-03-30 08:47                                 ..\..\..\w2modules.F90

    833 
    834 Module Selective1TDGtarget
    835   CHARACTER(72)                                :: TITLETDGTARGET(10)
    836   INTEGER                                      :: NGFL, NGPH, NGSP, NOUTS, NGSPPH
    837   INTEGER                                      :: tsiteration, dygroup 
    838   INTEGER, ALLOCATABLE, DIMENSION(:)           :: SPGTNO, PHGTNO, SPPRIOR
    839   REAL                                         :: tsfreq, tsconv, NXTSPLIT, DAYTEST, NXTSPLIT2
    840   REAL                                         :: tstsrt, tstend, tstarget, tstarget2, nxtjday
    841   REAL,    ALLOCATABLE, DIMENSION(:)           :: SPMINFRAC, PHMAXFLOW
    842   CHARACTER(8)                                 :: tsyearly, tsdynsel,dyupdate
    843 End Module Selective1TDGtarget


SYMBOL CROSS REFERENCE

 Name                       Object Declared Type            Bytes Dimen Elements Attributes       References                        
                                                                                                                                    
 DAYTEST                    Local  839      R(4)            4           scalar                                                      
 DYGROUP                    Local  837      I(4)            4           scalar                                                      
 DYUPDATE                   Local  842      CHAR            8           scalar                                                      
 NGFL                       Local  836      I(4)            4           scalar                                                      
 NGPH                       Local  836      I(4)            4           scalar                                                      
 NGSP                       Local  836      I(4)            4           scalar                                                      
 NGSPPH                     Local  836      I(4)            4           scalar                                                      
 NOUTS                      Local  836      I(4)            4           scalar                                                      
 NXTJDAY                    Local  840      R(4)            4           scalar                                                      
 NXTSPLIT                   Local  839      R(4)            4           scalar                                                      
 NXTSPLIT2                  Local  839      R(4)            4           scalar                                                      
 PHGTNO                     Local  838      I(4)            4     1     1        ALC                                                
 PHMAXFLOW                  Local  841      R(4)            4     1     1        ALC                                                
 SELECTIVE1TDGTARGET        Module 834                                                                                              
 SPGTNO                     Local  838      I(4)            4     1     1        ALC                                                
 SPMINFRAC                  Local  841      R(4)            4     1     1        ALC                                                
 SPPRIOR                    Local  838      I(4)            4     1     1        ALC                                                
 TITLETDGTARGET             Local  835      CHAR            72    1     10                                                          
 TSCONV                     Local  839      R(4)            4           scalar                                                      
 TSDYNSEL                   Local  842      CHAR            8           scalar                                                      
 TSFREQ                     Local  839      R(4)            4           scalar                                                      
 TSITERATION                Local  837      I(4)            4           scalar                                                      
 TSTARGET                   Local  840      R(4)            4           scalar                                                      
 TSTARGET2                  Local  840      R(4)            4           scalar                                                      
 TSTEND                     Local  840      R(4)            4           scalar                                                      
 TSTSRT                     Local  840      R(4)            4           scalar                                                      
 TSYEARLY                   Local  842      CHAR            8           scalar                                                      

Page 81          Source Listing                  FF
2026-03-30 08:47                                 ..\..\..\w2modules.F90

    844     
    845 Module AlgaeReduceGasTransfer    
    846 LOGICAL :: REDUCE_GAS_TRANSFER
    847 REAL :: KHS_ALG
    848 CHARACTER(2) :: ICHAR2
    849 INTEGER :: ALGRED=24456,IOUTFREQ,IMM
    850 INTEGER, ALLOCATABLE, DIMENSION(:) :: I_ALG
    851 
    852 End Module AlgaeReduceGasTransfer


SYMBOL CROSS REFERENCE

 Name                       Object Declared Type            Bytes Dimen Elements Attributes       References                        
                                                                                                                                    
 ALGAEREDUCEGASTRANSFER     Module 845                                                                                              
 ALGRED                     Local  849      I(4)            4           scalar                    849                               
 ICHAR2                     Local  848      CHAR            2           scalar                                                      
 IMM                        Local  849      I(4)            4           scalar                                                      
 IOUTFREQ                   Local  849      I(4)            4           scalar                                                      
 I_ALG                      Local  850      I(4)            4     1     1        ALC                                                
 KHS_ALG                    Local  847      R(4)            4           scalar                                                      
 REDUCE_GAS_TRANSFER        Local  846      L(4)            4           scalar                                                      

Page 82          Source Listing                  FF
2026-03-30 08:47                                 ..\..\..\w2modules.F90

    853     

Page 83          Source Listing                  FF
2026-03-30 08:47 Subprograms/Common Blocks       ..\..\..\w2modules.F90



SUBPROGRAMS/COMMON BLOCKS

 Name                       Object Declared Type            Bytes Dimen Elements Attributes       References                        
                                                                                                                                    
 $BEGINTHREADEX             Func   125      I(4)            4           scalar                                                      
 $ENDTHREADEX               Subr   138                                                                                              
 ALGAEREDUCEGASTRANSFER     Module 845                                                                                              
 ALGAE_TOXINS               Module 614                                                                                              
 BIOENERGETICS              Module 820                                                                                              
 EDDY                       Module 527                                                                                              
 ENVIRPMOD                  Module 599                                                                                              
 FF                         Func   443      R(4)            4           scalar                    446                               
 FR                         Func   438      R(4)            4           scalar                    441                               
 GDAYC                      Module 466                                                                                              
 GEOMC                      Module 210                                                                                              
 GLOBAL                     Module 168                                                                                              
 INITIALVELOCITY            Module 591                                                                                              
 KINETIC                    Module 292                                                                                              
 LOGICC                     Module 493                                                                                              
 MACROPHYTEC                Module 540                                                                                              
 MAIN                       Module 626                                                                                              
 MSCLIB                     Module 50                                                                                               
 NAMESC                     Module 222                                                                                              
 POROSITYC                  Module 571                                                                                              
 PREC                       Module 145                                                                                              
 RSTART                     Module 149                                                                                              
 SATO                       Func   427      R(4)            4           scalar                    431,433,435                       
 SCREENC                    Module 472                                                                                              
 SELECTIVE1TDGTARGET        Module 834                                                                                              
 SELWC                      Module 449                                                                                              
 SHADEC                     Module 516                                                                                              
 STRUCTURES                 Module 232                                                                                              
 SURFHE                     Module 264                                                                                              
 TDGAS                      Module 489                                                                                              
 TRANS                      Module 257                                                                                              
 TRIDIAG_V                  Module 480                                                                                              
 TVDC                       Module 272                                                                                              
 ZOOPLANKTONC               Module 576                                                                                              

COMPILER OPTIONS BEING USED

  /noOa                                 /Qansi-alias
  /align:noall                          /align:nonone
  /align:nocommons                      /align:nodcommons
  /align:noqcommons                     /align:nozcommons
  /align:records                        /align:nosequence
  /align:norec1byte                     /align:norec2byte
  /align:norec4byte                     /align:norec8byte
  /align:norec16byte                    /align:norec32byte
  /align:norec64byte                    /align:noarray8byte
  /align:noarray16byte                  /align:noarray32byte
  /align:noarray64byte                  /align:noarray128byte
  /align:noarray256byte                 /altparam
  /assume:accuracy_sensitive            /assume:noaligned_dummy_args
  /assume:nobscc                        /assume:nobuffered_io

Page 84          Source Listing                  FF
2026-03-30 08:47                                 ..\..\..\w2modules.F90

  /assume:nobuffered_stdout             /assume:nobyterecl
  /assume:nocontiguous_assumed_shape    /assume:nocontiguous_pointer
  /assume:nocc_omp                      /assume:nocstring
  /assume:nodummy_aliases               /assume:nofailed_images
  /assume:nofpe_summary                 /assume:noieee_compares
  /assume:noieee_fpe_flags              /assume:noieee_mode_restore
  /assume:nominus0                      /assume:noold_boz
  /assume:old_complex_align             /assume:old_e0g0_format
  /assume:old_unit_star                 /assume:old_inquire_recl
  /assume:old_ldout_format              /assume:old_ldout_zero
  /assume:noold_logical_assign          /assume:noold_logical_ldio
  /assume:old_maxminloc                 /assume:old_xor
  /assume:noprotect_allocates           /assume:protect_constants
  /assume:noprotect_parens              /assume:realloc_lhs
  /assume:norecursion                   /assume:source_include
  /assume:nostd_expon_output            /assume:nostd_intent_in
  /assume:std_minus0_rounding           /assume:nostd_mod_proc_name
  /assume:std_value                     /assume:nounderscore
  /assume:no2underscores                /noauto
  /auto_scalar                          /nobintext
  /ccdefault:default                    /check:noall
  /check:nonone                         /check:noarg_temp_created
  /check:noassume                       /check:nobounds
  /check:nocontiguous                   /check:noformat
  /check:nooutput_conversion            /check:nooverflow
  /check:nopointers                     /check:noshape
  /check:nostack                        /check:noteams
  /check:nouninitialized                /check:noudio_iostat
  /Qcoarray-num-procs:0                 /noQcoarray-config-file
  /convert:native                       /cross_reference
  /D:__INTEL_LLVM_COMPILER=20250000     /D:__INTEL_LLVM_COMPILER_UPDATE=0
  /D:_WIN32                             /D:_M_AMD64=100
  /D:_M_X64=100                         /D:_WIN64=1
  /D:_MSC_VER=1500                      /D:_MSC_FULL_VER=150011209
  /D:_MSC_EXTENSIONS                    /D:_MT
  /D:__INTEL_COMPILER_BUILD_DATE=20241008  /D:__MMX__
  /D:__SSE__                            /D:__SSE_MATH__
  /D:__SSE2__                           /D:__SSE2_MATH__
  /D:__pentium4                         /D:__pentium4__
  /D:__tune_pentium4__                  /D:__INTEL_COMPILER=20250000
  /D:__INTEL_COMPILER_UPDATE=0          /double_size:64
  /nod_lines                            /noQdyncom
  /emit-obj                             /error_limit:30
  /nof66                                /nof77rtl
  /faltmathlib=:SVML                    /nofast
  /nofwrapv                             /fpscomp:nofilesfromcmd
  /fpscomp:nogeneral                    /fpscomp:noioformat
  /fpscomp:noldio_spacing               /fpscomp:nolibs
  /fpscomp:nologicals                   /fveclib=:SVML
  /floopopt-pipeline=:light             /nofpconstant
  /fpe3                                 /ftz
  /fp_model:noprecise                   /fp_model:fast
  /fp_model:nostrict                    /fp_model:nosource
  /fp_model:nodouble                    /fp_model:noextended
  /fp_model:novery_fast                 /fp_model:noexcept
  /fp_model:nono_except                 /heap_arrays:0
  /nothreadprivate_compat               /free

Page 85          Source Listing                  FF
2026-03-30 08:47                                 ..\..\..\w2modules.F90

  /fintel-libirc-allowed                /mframe-pointer:noall
  /mframe-pointer:nonon-leaf            /mframe-pointer:none
  /debug0                               /nogcodeview
  /iface:noc                            /iface:nocref
  /iface:nocvf                          /iface:default
  /iface:nostdcall                      /iface:nostdref
  /iface:nomixed_str_len_arg            /iface:nono_mixed_str_len_arg
  /Qinit:noarrays                       /Qinit:nohuge
  /Qinit:noinfinity                     /Qinit:nominus_huge
  /Qinit:nominus_infinity               /Qinit:nominus_tiny
  /Qinit:nonan                          /Qinit:nosnan
  /Qinit:notiny                         /Qinit:nozero
  /nointconstant                        /integer_size:32
  /libdir:automatic                     /libdir:user
  /nomodule                             /names:
  /nonoinclude                          /object:w2modules.obj
  /-dependent-lib:libcmt                /-dependent-lib:ifconsol.lib
  /-dependent-lib:libifcoremt.lib       /-dependent-lib:libifport.lib
  /-dependent-lib:libircmt              /-dependent-lib:libmmt
  /-dependent-lib:oldnames              /-dependent-lib:svml_dispmt
  /Qoffload-build:host                  /Qopenmp-do-concurrent-maptype-modifier:noalways
  /Qopenmp-do-concurrent-maptype-modifier:nopresent  /Qopenmp-do-concurrent-maptype-modifier:none
  /Qopenmp-simd                         /O2
  /nopad_source                         /pic-level:2
  /real_size:32                         /norecursive
  /reentrancy:threaded                  /Qvec:simd
  /show:fullpath                        /show:noinclude
  /show:map                             /show:options
  /nosyntax_only                        /target-cpu:x86-64
  /nothreadcom                          /triple:x86_64-pc-windows-msvc
  /noU                                  /novms
  /warn:noall                           /warn:nonone
  /warn:alignments                      /warn:nodeclarations
  /warn:noexternals                     /warn:general
  /warn:noignore_bounds                 /warn:noignore_loc
  /warn:nointerfaces                    /warn:noshape
  /warn:notruncated_source              /warn:uncalled
  /warn:uninitialized                   /warn:nounused
  /warn:usage                           /nowrap-margins

  /include   path : C:\PROGRA~2\Intel\oneAPI\compiler\2025.0\include\,.FOR,..\..\..\.FOR,.\.FOR,C:\PROGRA~2\Intel\oneAPI\compiler\2025.0\opt\compiler\include\intel64\.FOR,
           C:\PROGRA~2\Intel\oneAPI\compiler\2025.0\include\.FOR,C:\PROGRA~2\Intel\oneAPI\compiler\2025.0\opt\compiler\include\.FOR,
           C:\PROGRA~2\Intel\oneAPI\compiler\2025.0\lib\clang\19\include\.FOR
  /list      filename : w2modules.lst
  /object:w2modules.obj
  /Fd        filename : none

COMPILER: Intel(R) Fortran 25.0-1205
