Page 1           Source Listing                  WITHDRAWAL
2026-03-30 08:47                                 C:\Users\NING\AppData\Local\Temp\341801034.i90

      1 # 1 "..\..\..\withdrawal.f90"
      2 
      3 !***************************************************************************************************************************
      3 ********
      4 !**                                            S U B R O U T I N E   W I T H D R A W A L                                    
      4       **
      5 !***************************************************************************************************************************
      5 ********
      6 
      7 SUBROUTINE WITHDRAWAL
      8   USE GLOBAL; USE GEOMC; USE TVDC; USE SELWC; USE LOGICC
      9   USE MAIN, ONLY: DERIVED_CALC,CDN,TDGON,JSG,NNSG,NDO,JWD,EA,SYSTDG,NN2,NDGP,O2DG_DER,TDG_DER
     10   USE modSYSTDG, ONLY: GTNAME, UPDATE_TDGC, SYSTDG_TDG;    ! systdg
     11   USE SCREENC, ONLY: JDAY
     12   USE KINETIC, ONLY: CAC
     13   IMPLICIT NONE
     14   REAL :: HSWT,HSWB,ELR,WSEL,ELSTR,COEF,RATIO,HT,RHOFT,DLRHOT,HB,RHOFB,DLRHOB,VSUM,DLRHOMAX,HWDT,HWDB,ELWD,TEMPEST,ESTRTEST,
     14 QSUMJS
     15   REAL(R8) :: FRACV,QSUMWD
     16   REAL(R8)  :: dosat, n2sat   ! cb 11/7/17
     17   INTEGER :: K,JS,KSTR,KTOP,KBOT,KWD,JJWD     
     18 RETURN
     19 
     20 !***************************************************************************************************************************
     20 ********
     21 !**                                             D O W N S T R E A M   W I T H D R A W A L                                   
     21       **
     22 !***************************************************************************************************************************
     22 ********
     23 
     24 ENTRY DOWNSTREAM_WITHDRAWAL (JS)
     25 
     26 ! Variable initialization
     27 
     28   HSWT = 0.0; HSWB = 0.0; VNORM = 0.0; QNEW = 0.0
     29 
     30 ! Water surface elevation
     31 
     32   ELR  = SINA(JB)*DLX(ID)*0.5
     33   WSEL = ELWS(ID)-ELR                   !EL(KT,ID)-Z(ID)*COSA(JB)
     34 
     35 ! Structure layer
     36 
     37   DO K=KT,KB(ID)
     38     IF (EL(K,ID)-ELR < ESTR(JS,JB)) EXIT
     39   END DO
     40   KSTR = MAX(K-1,KT)
     41   KSTR = MIN(KSTR,KB(ID))
     42 
     43 ! Initial withdrawal limits
     44 
     45   KTOP = MAX(KTSW(JS,JB),KT)
     46   IF (KSTR < KTOP) KTOP = KSTR
     47   KBOT = MIN(KBSW(JS,JB),KB(ID))
     48   IF (KBOT <= KT .AND. KBOT /= KB(ID)) KBOT = KT+1
     49   IF (KBOT > KB(ID)) KBOT = KB(ID)
     50   ELSTR = ESTR(JS,JB)

Page 2           Source Listing                  WITHDRAWAL
2026-03-30 08:47                                 ..\..\..\withdrawal.f90

     51   IF (ESTR(JS,JB) <= EL(KB(ID)+1,ID+1)-ELR) THEN
     52     KSTR  = KB(ID)
     53     ELSTR = EL(KB(ID),ID)-ELR
     54   END IF
     55   IF (ESTR(JS,JB) > EL(KT,ID)-ELR) ELSTR = WSEL
     56   IF (KBSW(JS,JB) < KSTR) THEN
     57     KSTR  = KTOP          ! KT
     58     ELSTR = EL(KTOP,ID)   !WSEL
     59   END IF
     60 
     61 ! Boundary interference
     62 
     63   COEF = 1.0
     64   IF (WSEL-(EL(KBOT,ID)-ELR) /= 0.0) THEN   ! SR 11/2021
     65     RATIO = (ELSTR-(EL(KBOT,ID)-ELR))/(WSEL-(EL(KBOT,ID)-ELR))
     66     IF (RATIO < 0.1 .OR. RATIO > 0.9) COEF = 2.0
     67   END IF
     68 
     69 ! Withdrawal zone above structure
     70 
     71   DO K=KSTR-1,KTOP,-1
     72 
     73 !** Density frequency
     74 
     75     HT    = (EL(K,ID)-ELR)-ELSTR
     76     RHOFT = MAX(SQRT((ABS(RHO(K,ID)-RHO(KSTR,ID)))/(HT*RHO(KSTR,ID)+NONZERO)*G),NONZERO)
     77 
     78 !** Thickness
     79 
     80     IF (POINT_SINK(JS,JB)) THEN
     81       HSWT = (COEF*QSTR(JS,JB)/RHOFT)**0.333333
     82     ELSE
     83       HSWT = SQRT(2.0*COEF*QSTR(JS,JB)/(WSTR(JS,JB)*RHOFT))
     84     END IF
     85     IF (HT >= HSWT) THEN
     86       KTOP = K; EXIT
     87     END IF
     88   END DO
     89 
     90 ! Reference density
     91 
     92   IF ((ELSTR+HSWT) < WSEL) THEN
     93     DLRHOT = ABS(RHO(KSTR,ID)-RHO(KTOP,ID))
     94   ELSE IF (WSEL == ELSTR) THEN
     95     DLRHOT = NONZERO
     96   ELSE
     97     DLRHOT = ABS(RHO(KSTR,ID)-RHO(KT,ID))*HSWT/(WSEL-ELSTR)
     98   END IF
     99   DLRHOT = MAX(DLRHOT,NONZERO)
    100 
    101 ! Withdrawal zone below structure
    102 
    103   DO K=KSTR+1,KBOT
    104 
    105 !** Density frequency
    106 
    107     HB    = ELSTR-(EL(K,ID)-ELR)

Page 3           Source Listing                  WITHDRAWAL
2026-03-30 08:47                                 ..\..\..\withdrawal.f90

    108     RHOFB = MAX(SQRT((ABS(RHO(K,ID)-RHO(KSTR,ID)))/(HB*RHO(KSTR,ID)+NONZERO)*G),NONZERO)
    109 
    110 !** Thickness
    111 
    112     IF (POINT_SINK(JS,JB)) THEN
    113       HSWB = (COEF*QSTR(JS,JB)/RHOFB)**0.333333
    114     ELSE
    115       HSWB = SQRT(2.0*COEF*QSTR(JS,JB)/(WSTR(JS,JB)*RHOFB))
    116     END IF
    117     IF (HB >= HSWB) THEN
    118       KBOT = K; EXIT
    119     END IF
    120   END DO
    121 
    122 ! Reference density
    123 
    124   IF ((ELSTR-HSWB) > EL(KBOT+1,ID)) THEN
    125     DLRHOB = ABS(RHO(KSTR,ID)-RHO(KBOT,ID))
    126   ELSE IF ((EL(KBOT+1,ID)-ELR) == ELSTR) THEN                                                                          !SR 0
    126 3/24/13
    127     DLRHOB = NONZERO                                                                                                   !SR 0
    127 3/24/13
    128   ELSE
    129     DLRHOB = ABS(RHO(KSTR,ID)-RHO(KBOT,ID))*HSWB/(ELSTR-(EL(KBOT+1,ID)-ELR))
    130   END IF
    131   DLRHOB = MAX(DLRHOB,NONZERO)
    132 
    133 ! Velocity profile
    134 
    135   VSUM     = 0.0
    136 !  DLRHOMAX = MAX(DLRHOT,DLRHOB,1.0E-10)                      ! GH 1/31/08
    137   DO K=KTOP,KBOT
    138 !    VNORM(K) = ABS(1.0-((RHO(K,ID)-RHO(KSTR,ID))/DLRHOMAX)**2)*BHR2(K,ID)
    139  	   IF(K.GT.KSTR)THEN
    140        DLRHOMAX = MAX(DLRHOB,1.0E-10)                          !GH 1/31/08
    141        ELSE
    142        DLRHOMAX = MAX(DLRHOT,1.0E-10)                          !GH 1/31/08
    143        ENDIF
    144      VNORM(K) = 1.0-((RHO(K,ID)-RHO(KSTR,ID))/DLRHOMAX)**2
    145  	 IF(VNORM(K).GT.1.0) VNORM(K)=1.0                         !GH 1/31/08
    146 	 IF(VNORM(K).LT.0.0) VNORM(K)=0.0                         !GH 1/31/08
    147 	 VNORM(K)=VNORM(K)*BHR2(K,ID)
    148      VSUM     = VSUM+VNORM(K)
    149   END DO
    150 
    151 ! OUTFLOWS
    152   QSUMJS=0.0                                                  ! SW 7/30/09
    153   TAVG(JS,JB)=0.0                                                    ! CB 5/12/10
    154   IF(CONSTITUENTS)CAVG(JS,JB,CN(1:NAC))=0.0
    155   IF(DERIVED_CALC)CDAVG(JS,JB,CDN(1:NACD(JW),JW))=0.0
    156   IF(VSUM==0.0)THEN
    157       WRITE(WRN,'(A,F12.3,A,I5,A,I5,A,I5,A,E12.4,A)')'DOWNSTREAM WITHDRAWAL: VSUM=0.0 on JDAY:',JDAY,' KTOP:',KTOP,' KBOT:',
    157 KBOT,' KSTR:',KSTR,' DLRHOMAX:',DLRHOMAX,' SET TO EQUAL WITHDRAWALS WITH DEPTH'
    158       VSUM=1.0
    159       DO K=KTOP,KBOT
    160       VNORM(K)=1.0/(KTOP-KBOT+1)
    161       ENDDO

Page 4           Source Listing                  WITHDRAWAL
2026-03-30 08:47                                 ..\..\..\withdrawal.f90

    162   ENDIF
    163   
    164   DO K=KTOP,KBOT
    165     QNEW(K)    = (VNORM(K)/VSUM)*QSTR(JS,JB)
    166     QOUT(K,JB) =  QOUT(K,JB)+QNEW(K)
    167     QDSW(K,ID) =  QDSW(K,ID)+QNEW(K)                     ! For layer-specific output; ID redefined for SP/PI/PU/GT    !SR 12
    167 /19/2022
    168     TAVG(JS,JB)=TAVG(JS,JB)+QNEW(K)*T2(K,ID)                  ! SW 7/30/09
    169     IF(CONSTITUENTS)CAVG(JS,JB,CN(1:NAC))=CAVG(JS,JB,CN(1:NAC))+QNEW(K)*C2(K,ID,CN(1:NAC))  
    170     IF(DERIVED_CALC)CDAVG(JS,JB,CDN(1:NACD(JW),JW))=CDAVG(JS,JB,CDN(1:NACD(JW),JW))+QNEW(K)*CD(K,ID,CDN(1:NACD(JW),JW))
    171     QSUMJS=QSUMJS+QNEW(K)
    172   END DO
    173 IF(QSUMJS.GT.0.0)THEN
    174   TAVG(JS,JB)=TAVG(JS,JB)/QSUMJS
    175   IF(CONSTITUENTS)then                    ! cb 1/16/13
    176     CAVG(JS,JB,CN(1:NAC))=CAVG(JS,JB,CN(1:NAC))/QSUMJS
    177     if(tdgon)then
    178      IF (nnsg==1) THEN                                ! nnsg==1 is gate flow
    179 !
    180 ! systedg
    181            IF (SYSTDG) THEN                          
    182                IF(GTNAME(jsg)) THEN                   
    183                   CALL  UPDATE_TDGC (0,palt(id),jsg,tavg(js,jb),cavg(js,jb,NDO))    
    184                   if(cac(nn2)=='      ON')CALL  UPDATE_TDGC (1,palt(id),jsg,tavg(js,jb),cavg(js,jb,NN2))  
    185                   if(cac(ndgp)=='      ON')CALL  UPDATE_TDGC (2,palt(id),jsg,tavg(js,jb),cavg(js,jb,NDGP))
    186                ELSE
    187                   call total_dissolved_gas (0,palt(id),nnsg,jsg,tavg(js,jb),cavg(js,jb,NDO))    
    188                   if(cac(nn2)=='      ON')call total_dissolved_gas (1,palt(id),nnsg,jsg,tavg(js,jb),cavg(js,jb,NN2))     ! n
    188 2 GAS
    189                   if(cac(ndgp)=='      ON')call total_dissolved_gas (2,palt(id),nnsg,jsg,tavg(js,jb),cavg(js,jb,NDGP)) 
    190                END IF
    191            ELSE
    192                call total_dissolved_gas (0,palt(id),nnsg,jsg,tavg(js,jb),cavg(js,jb,NDO))    
    193                if(cac(nn2)=='      ON')call total_dissolved_gas (1,palt(id),nnsg,jsg,tavg(js,jb),cavg(js,jb,NN2))     ! n2 G
    193 AS
    194                if(cac(ndgp)=='      ON')call total_dissolved_gas (2,palt(id),nnsg,jsg,tavg(js,jb),cavg(js,jb,NDGP))
    195            END IF
    196 !
    197       ELSE
    198       call total_dissolved_gas (0,palt(id),nnsg,jsg,tavg(js,jb),cavg(js,jb,NDO))    
    199       if(cac(nn2)=='      ON')call total_dissolved_gas (1,palt(id),nnsg,jsg,tavg(js,jb),cavg(js,jb,NN2))     ! n2 GAS
    200       if(cac(ndgp)=='      ON')call total_dissolved_gas (2,palt(id),nnsg,jsg,tavg(js,jb),cavg(js,jb,NDGP))
    201       END IF
    202     end if
    203   end if
    204   IF(DERIVED_CALC)then                    ! cb 1/16/13
    205     CDAVG(JS,JB,CDN(1:NACD(JW),JW))=CDAVG(JS,JB,CDN(1:NACD(JW),JW))/QSUMJS
    206 !if(tdgon)then                  ! cb 11/6/17
    207 !cdavg(js,jb,16)  = (cavg(js,jb,ndo)/exp(7.7117-1.31403*(log(tavg(js,jb)+45.93)))*palt(id))*100.0
    208       dosat=exp(7.7117-1.31403*(log(tavg(js,jb)+45.93)))*palt(id)
    209       cdavg(js,jb,O2DG_DER)=(cavg(js,jb,ndo)/dosat)*100.0 
    210 !IF(ngctdg /= 0)THEN
    211       If(CAC(NN2)== '      ON') THEN
    212           EA = DEXP(2.3026D0*(7.5D0*TDEW(JW)/(TDEW(JW)+237.3D0)+0.6609D0))*0.001316   ! in mm Hg   0.0098692atm=7.5006151mmH
    212 g
    213 !cdavg(js,jb,NDC)  = (cavg(js,jb,NGN2)/(1.5568D06*0.79*(PALT(ID)-EA)*(1.8816D-5 - 4.116D-7 * Tavg(js,jb) + 4.6D-9 * Tavg(js,
    213 jb)**2)))*100.0    ! SW 10/27/15

Page 5           Source Listing                  WITHDRAWAL
2026-03-30 08:47                                 ..\..\..\withdrawal.f90

    214           n2sat=1.5568D06*0.79*(PALT(ID)-EA)*(1.8816D-5 - 4.116D-7 * Tavg(js,jb) + 4.6D-9 * Tavg(js,jb)**2)
    215           cdavg(js,jb,TDG_DER)  = 100.*(0.79*(cavg(js,jb,NN2)/n2sat) + 0.21*(cavg(js,jb,ndo)/dosat))
    216       ELSE IF(CAC(NDGP)== '      ON') THEN
    217           cdavg(js,jb,TDG_DER)  = cavg(js,jb,NDGP)/palt(id)*100.0
    218       END IF
    219 !ENDIF
    220 !end if
    221   end if
    222 ELSE
    223   TAVG(JS,JB)=-99.0
    224   IF(CONSTITUENTS)CAVG(JS,JB,CN(1:NAC))=-99.0
    225   IF(DERIVED_CALC)CDAVG(JS,JB,CDN(1:NACD(JW),JW))=-99.0
    226 END IF
    227 
    228 ! Inactive layers and total outflow
    229 
    230   IF (JS == NST) THEN
    231     WHERE (QOUT(:,JB) == 0.0) U(:,ID) = 0.0
    232   END IF
    233 RETURN
    234 !***************************************************************************************************************************
    234 ********
    235 !**                                             D O W N S T R E A M   W I T H D R A W A L  ESTIMATE                         
    235       **
    236 !***************************************************************************************************************************
    236 ********
    237 
    238 ENTRY DOWNSTREAM_WITHDRAWAL_ESTIMATE(JS,TEMPEST,ESTRTEST)
    239 
    240 ! VARIABLE INITIALIZATION
    241 
    242   HSWT = 0.0; HSWB = 0.0; VNORM = 0.0; QNEW = 0.0
    243 
    244 ! Water surface elevation
    245 
    246   ELR  = SINA(JB)*DLX(ID)*0.5
    247   WSEL = ELWS(ID)-ELR                   !EL(KT,ID)-Z(ID)*COSA(JB)                                                     !SR 12
    247 /19/2022
    248 
    249 ! Structure layer
    250 
    251   DO K=KT,KB(ID)
    252     IF (EL(K,ID)-ELR < estrtest) EXIT
    253   END DO
    254   KSTR = MAX(K-1,KT)
    255   KSTR = MIN(KSTR,KB(ID))
    256 
    257 ! Initial withdrawal limits
    258 
    259   KTOP = MAX(KTSW(JS,JB),KT)
    260   IF (KSTR < KTOP) KTOP = KSTR
    261   KBOT = MIN(KBSW(JS,JB),KB(ID))
    262   IF (KBOT <= KT .AND. KBOT /= KB(ID)) KBOT = KT+1
    263   IF (KBOT > KB(ID)) KBOT = KB(ID)                                                                                     !SW 0
    263 6/03/02
    264   ELSTR = ESTRTEST
    265   IF (ESTRTEST <= EL(KB(ID)+1,ID+1)-ELR) THEN                                                                       !SW 10/1

Page 6           Source Listing                  WITHDRAWAL
2026-03-30 08:47                                 ..\..\..\withdrawal.f90

    265 7/01
    266     KSTR  = KB(ID)
    267     ELSTR = EL(KB(ID),ID)-ELR                                                                                          !SW 1
    267 0/17/01
    268   END IF
    269   IF (ESTRTEST > EL(KT,ID)-ELR) ELSTR = WSEL
    270   IF (KBSW(JS,JB) < KSTR) THEN
    271     KSTR  = KTOP         !KT
    272     ELSTR = EL(KTOP,ID)  !WSEL                                                                                              
    272          !SW 10/05/00
    273   END IF
    274 
    275 ! Boundary interference
    276 
    277   COEF = 1.0
    278   IF (WSEL-(EL(KBOT,ID)-ELR) /= 0.0) THEN    ! SR 11/2021
    279     RATIO = (ELSTR-(EL(KBOT,ID)-ELR))/(WSEL-(EL(KBOT,ID)-ELR))                                                         !SW 1
    279 0/17/01
    280     IF (RATIO < 0.1 .OR. RATIO > 0.9) COEF = 2.0
    281   END IF
    282 
    283 ! Withdrawal zone above structure
    284 
    285   DO K=KSTR-1,KTOP,-1
    286 
    287 !** Density frequency
    288 
    289     HT    = (EL(K,ID)-ELR)-ELSTR
    290     RHOFT = MAX(SQRT((ABS(RHO(K,ID)-RHO(KSTR,ID)))/(HT*RHO(KSTR,ID)+NONZERO)*G),NONZERO)
    291 
    292 !** Thickness
    293 
    294     IF (POINT_SINK(JS,JB)) THEN
    295       HSWT = (COEF*QSTR(JS,JB)/RHOFT)**0.333333
    296     ELSE
    297       HSWT = SQRT(2.0*COEF*QSTR(JS,JB)/(WSTR(JS,JB)*RHOFT))
    298     END IF
    299     IF (HT >= HSWT) THEN
    300       KTOP = K; EXIT
    301     END IF
    302   END DO
    303 
    304 ! Reference density
    305 
    306   IF ((ELSTR+HSWT) < WSEL) THEN
    307     DLRHOT = ABS(RHO(KSTR,ID)-RHO(KTOP,ID))
    308   ELSE IF (WSEL == ELSTR) THEN
    309     DLRHOT = NONZERO
    310   ELSE
    311     DLRHOT = ABS(RHO(KSTR,ID)-RHO(KT,ID))*HSWT/(WSEL-ELSTR)
    312   END IF
    313   DLRHOT = MAX(DLRHOT,NONZERO)
    314 
    315 ! Withdrawal zone below structure
    316 
    317   DO K=KSTR+1,KBOT
    318 

Page 7           Source Listing                  WITHDRAWAL
2026-03-30 08:47                                 ..\..\..\withdrawal.f90

    319 !** Density frequency
    320 
    321     HB    = ELSTR-(EL(K,ID)-ELR)                                                                                       !SW 1
    321 0/17/01
    322     RHOFB = MAX(SQRT((ABS(RHO(K,ID)-RHO(KSTR,ID)))/(HB*RHO(KSTR,ID)+NONZERO)*G),NONZERO)
    323 
    324 !** Thickness
    325 
    326     IF (POINT_SINK(JS,JB)) THEN
    327       HSWB = (COEF*QSTR(JS,JB)/RHOFB)**0.333333
    328     ELSE
    329       HSWB = SQRT(2.0*COEF*QSTR(JS,JB)/(WSTR(JS,JB)*RHOFB))
    330     END IF
    331     IF (HB >= HSWB) THEN
    332       KBOT = K; EXIT
    333     END IF
    334   END DO
    335 
    336 ! Reference density
    337 
    338   IF ((ELSTR-HSWB) > EL(KBOT+1,ID)) THEN
    339     DLRHOB = ABS(RHO(KSTR,ID)-RHO(KBOT,ID))
    340   ELSE IF ((EL(KBOT+1,ID)-ELR) == ELSTR) THEN                                                                          !SR 0
    340 3/24/13
    341     DLRHOB = NONZERO                                                                                                   !SR 0
    341 3/24/13
    342   ELSE
    343     DLRHOB = ABS(RHO(KSTR,ID)-RHO(KBOT,ID))*HSWB/(ELSTR-(EL(KBOT+1,ID)-ELR))                                           !SW 1
    343 0/17/01
    344   END IF
    345   DLRHOB = MAX(DLRHOB,NONZERO)
    346 
    347 ! Velocity profile
    348 
    349   VSUM     = 0.0
    350 !  DLRHOMAX = MAX(DLRHOT,DLRHOB,1.0E-10)
    351   DO K=KTOP,KBOT
    352   IF(K.GT.KSTR)THEN
    353        DLRHOMAX = MAX(DLRHOB,1.0E-10)                          !GH 1/31/08
    354        ELSE
    355        DLRHOMAX = MAX(DLRHOT,1.0E-10)                          !GH 1/31/08
    356        ENDIF
    357        VNORM(K) = 1.0-((RHO(K,ID)-RHO(KSTR,ID))/DLRHOMAX)**2
    358      IF(VNORM(K).GT.1.0) VNORM(K)=1.0                          !GH 1/31/08
    359 	 IF(VNORM(K).LT.0.0) VNORM(K)=0.0                          !GH 1/31/08
    360 	 VNORM(K)=VNORM(K)*BHR2(K,ID)
    361      VSUM= VSUM+VNORM(K)
    362   END DO
    363 
    364 ! Outflows
    365     IF(VSUM==0.0)THEN
    366       WRITE(WRN,'(A,F12.3,A,I5,A,I5,A,I5,A,E12.4,A)')'DOWNSTREAM WITHDRAWAL ESTIMATE: VSUM=0.0 on JDAY:',JDAY,' KTOP:',KTOP,
    366 ' KBOT:',KBOT,' KSTR:',KSTR,' DLRHOMAX:',DLRHOMAX,' SET TO EQUAL WITHDRAWALS WITH DEPTH'
    367       VSUM=1.0
    368       DO K=KTOP,KBOT
    369       VNORM(K)=1.0/(KTOP-KBOT+1)
    370       ENDDO

Page 8           Source Listing                  WITHDRAWAL
2026-03-30 08:47                                 ..\..\..\withdrawal.f90

    371   ENDIF
    372 
    373 
    374   tempest=0.0
    375   DO K=KTOP,KBOT
    376     tempest=tempest+t2(k,id)*(VNORM(K)/VSUM)*QSTR(JS,JB)
    377   END DO
    378 
    379   if(qstr(js,jb).gt.0.0)tempest=tempest/qstr(js,jb)
    380 
    381 RETURN
    382 !***************************************************************************************************************************
    382 ********
    383 !**                                                L A T E R A L   W I T H D R A W A L                                      
    383       **
    384 !***************************************************************************************************************************
    384 ********
    385 
    386 ENTRY LATERAL_WITHDRAWAL
    387 
    388 ! Variable initialization
    389 
    390   VNORM = 0.0; QSW(:,JWD) = 0.0; HWDT = 0.0; HWDB = 0.0
    391 
    392 ! Structure layer
    393 
    394   K = KT
    395   DO K=KT,KB(I)
    396     IF (EL(K,I) < EWD(JWD)) EXIT
    397   END DO
    398   KWD = MAX(K-1,KT)
    399   KWD = MIN(KWD,KB(I))
    400 
    401 ! Initial withdrawal limits
    402 
    403   KTOP = MAX(KTWD(JWD),KT)
    404   IF (KWD < KTOP) KTOP = KWD
    405   KBOT = MIN(KBWD(JWD),KB(I))
    406   IF (KBOT <= KT .AND. KB(I) /= KBOT) KBOT = KT+1
    407   IF (KBOT > KB(I)) KBOT = KB(I)
    408   ELWD = EWD(JWD)
    409   IF (EWD(JWD) <= EL(KB(I)+1,I)) THEN
    410     KWD  = KB(I)
    411     ELWD = EL(KB(I),I)
    412   END IF
    413   IF (EWD(JWD) > EL(KT,I)) ELWD = EL(KT,I)
    414   IF (KBWD(JWD) < KWD) THEN
    415     KWD  = KTOP        ! KT  !SW 8/13/2024
    416     ELWD = EL(KTOP,I)  ! EL(KT,I)
    417   END IF
    418 
    419 ! Boundary interference
    420 
    421   COEF = 1.0
    422   IF (KT /= KBOT) THEN
    423     RATIO = (ELWD-EL(KBOT,I))/(EL(KT,I)-EL(KBOT,I))
    424     IF (RATIO < 0.1 .OR. RATIO > 0.9) COEF = 2.0

Page 9           Source Listing                  WITHDRAWAL
2026-03-30 08:47                                 ..\..\..\withdrawal.f90

    425   END IF
    426 
    427 ! Withdrawal zone above structure
    428 
    429   DO K=KWD-1,KTOP,-1
    430 
    431 !** Density frequency
    432 
    433     HT    = EL(K,I)-ELWD
    434     RHOFT = MAX(SQRT((ABS(RHO(K,I)-RHO(KWD,I)))/(HT*RHO(KWD,I)+NONZERO)*G),NONZERO)
    435 
    436 !** Thickness
    437 
    438     HWDT = (COEF*QWD(JWD)/RHOFT)**0.333333
    439     IF (HT >= HWDT) THEN
    440       KTOP = K; EXIT
    441     END IF
    442   END DO
    443 
    444 ! Reference density
    445 
    446   IF ((ELWD+HWDT) < EL(KT,I)) THEN
    447     DLRHOT = ABS(RHO(KWD,I)-RHO(KTOP,I))
    448   ELSE IF (EL(KT,I) == ELWD) THEN
    449     DLRHOT = NONZERO
    450   ELSE
    451     DLRHOT = ABS(RHO(KWD,I)-RHO(KT,I))*HWDT/(EL(KT,I)-ELWD)
    452   END IF
    453   DLRHOT = MAX(DLRHOT,NONZERO)
    454 
    455 ! Withdrawal zone below structure
    456 
    457   DO K=KWD+1,KBOT
    458 
    459 !** Density frequency
    460 
    461     HB    = ELWD-EL(K,I)
    462     RHOFB = MAX(SQRT((ABS(RHO(K,I)-RHO(KWD,I)))/(HB*RHO(KWD,I)+NONZERO)*G),NONZERO)
    463 
    464 !** Thickness
    465 
    466     HWDB = (COEF*QWD(JWD)/RHOFB)**0.333333
    467     IF (HB >= HWDB) THEN
    468       KBOT = K; EXIT
    469     END IF
    470   END DO
    471 
    472 ! Reference density
    473 
    474   IF ((ELWD-HWDB) > EL(KBOT+1,I)) THEN
    475     DLRHOB = ABS(RHO(KWD,I)-RHO(KBOT,I))
    476   ELSE IF (EL(KBOT+1,I) == ELWD) THEN                                                                                  !SR 0
    476 3/24/13
    477     DLRHOB = NONZERO                                                                                                   !SR 0
    477 3/24/13
    478   ELSE
    479     DLRHOB = ABS(RHO(KWD,I)-RHO(KBOT,I))*HWDB/(ELWD-EL(KBOT+1,I))

Page 10          Source Listing                  WITHDRAWAL
2026-03-30 08:47                                 ..\..\..\withdrawal.f90

    480   END IF
    481   DLRHOB = MAX(DLRHOB,NONZERO)
    482 
    483 ! Velocity profile
    484 
    485   VSUM     = 0.0
    486 !  DLRHOMAX = MAX(DLRHOT,DLRHOB,1.0E-10)                                                                             ! SW 1/
    486 24/05
    487       
    488   DO K=KTOP,KBOT
    489 !    VNORM(K) = ABS(1.0-((RHO(K,I)-RHO(KWD,I))/DLRHOMAX)**2)*BHR2(K,I)
    490  	   IF(K.GT.KWD)THEN
    491        DLRHOMAX = MAX(DLRHOB,1.0E-10)                          !GH 1/31/08
    492        ELSE
    493        DLRHOMAX = MAX(DLRHOT,1.0E-10)                          !GH 1/31/08
    494        ENDIF
    495      VNORM(K) = 1.0-((RHO(K,I)-RHO(KWD,I))/DLRHOMAX)**2
    496  	 IF(VNORM(K).GT.1.0) VNORM(K)=1.0                         !GH 1/31/08
    497 	 IF(VNORM(K).LT.0.0) VNORM(K)=0.0                         !GH 1/31/08
    498 	 VNORM(K)=VNORM(K)*BHR2(K,I)
    499      VSUM     = VSUM+VNORM(K)
    500   END DO
    501   
    502 ! Outflows
    503   QSUMWD=0.0                                                  ! SW 7/30/09
    504   TAVGW(JWD)=0.0
    505   IF(CONSTITUENTS)CAVGW(JWD,CN(1:NAC))=0.0
    506   IF(DERIVED_CALC)CDAVGW(JWD,CDN(1:NACD(JW),JW))=0.0
    507   
    508     IF(VSUM==0.0)THEN
    509       WRITE(WRN,'(A,F12.3,A,I5,A,I5,A,I5,A,E12.4,A)')'LATERAL WITHDRAWAL: VSUM=0.0 on JDAY:',JDAY,' KTOP:',KTOP,' KBOT:',KBO
    509 T,' KWD:',KWD,' DLRHOMAX:',DLRHOMAX,' SET TO EQUAL WITHDRAWALS WITH DEPTH'
    510       VSUM=1.0
    511       DO K=KTOP,KBOT
    512       VNORM(K)=1.0/(KTOP-KBOT+1)
    513       ENDDO
    514   ENDIF
    515 
    516   DO K=KTOP,KBOT
    517     FRACV=(VNORM(K)/VSUM)
    518     QSW(K,JWD) = QSW(K,JWD)+FRACV*QWD(JWD)
    519     TAVGW(JWD)=TAVGW(JWD)+FRACV*QWD(JWD)*T2(K,I)                  ! SW 7/30/09
    520     IF(CONSTITUENTS)CAVGW(JWD,CN(1:NAC))=CAVGW(JWD,CN(1:NAC))+FRACV*QWD(JWD)*C2(K,I,CN(1:NAC))  
    521     IF(DERIVED_CALC)CDAVGW(JWD,CDN(1:NACD(JW),JW))=CDAVGW(JWD,CDN(1:NACD(JW),JW))+FRACV*QWD(JWD)*CD(K,I,CDN(1:NACD(JW),JW))
    522     QSUMWD=QSUMWD+FRACV*QWD(JWD)
    523   END DO
    524 ! Debug
    525 !if(qwd(jwd)>0.0 .and. qsumwd <= 0.0)then
    526 !    write(9575,'(A,f8.3,1x,i5,1x,i5,1x,i5,f8.4,1x,f8.4,1x,f10.2)')'JDAY, ktop, kbot, kwd, qwd, qsumwd, elwd:',JDAY, ktop, k
    526 bot, kwd, qwd, qsumwd, elwd
    527 !endif
    528 ! Debug
    529   IF(QSUMWD.GT.0.0)THEN
    530     TAVGW(JWD)=TAVGW(JWD)/QSUMWD               ! SW 7/30/09
    531     IF(CONSTITUENTS)then                       ! cb 1/16/13
    532       CAVGW(JWD,CN(1:NAC))=CAVGW(JWD,CN(1:NAC))/QSUMWD  
    533       if(tdgon)then

Page 11          Source Listing                  WITHDRAWAL
2026-03-30 08:47                                 ..\..\..\withdrawal.f90

    534         IF (nnsg==1) THEN                                      ! systdg        nnsg==1 is gate flow
    535             IF (SYSTDG) THEN                                   ! systdg
    536                 IF (GTNAME(jsg)) THEN                          ! systdg
    537                    CALL  UPDATE_TDGC (0,palt(i),jsg,tavgw(jwd),cavgw(jwd,NDO))         ! systdg
    538                    CALL  UPDATE_TDGC(1,palt(i),jsg,tavgw(jwd),cavgw(jwd,NN2))          ! systdg
    539                    CALL  UPDATE_TDGC(2,palt(i),jsg,tavgw(jwd),cavgw(jwd,NDGP))
    540                 ELSE
    541                    call total_dissolved_gas (0,palt(i),nnsg,jsg,tavgw(jwd),cavgw(jwd,NDO))  
    542                    call total_dissolved_gas (1,palt(i),nnsg,jsg,tavgw(jwd),cavgw(jwd,NN2))     ! n2 GAS
    543                    call total_dissolved_gas (2,palt(i),nnsg,jsg,tavgw(jwd),cavgw(jwd,NDGP)) 
    544                 END IF
    545             ELSE
    546         call total_dissolved_gas (0,palt(i),nnsg,jsg,tavgw(jwd),cavgw(jwd,NDO))  
    547         call total_dissolved_gas (1,palt(i),nnsg,jsg,tavgw(jwd),cavgw(jwd,NN2))     ! n2 GAS
    548         call total_dissolved_gas (2,palt(i),nnsg,jsg,tavgw(jwd),cavgw(jwd,NDGP))    
    549             END IF   
    550         ELSE
    551             call total_dissolved_gas (0,palt(i),nnsg,jsg,tavgw(jwd),cavgw(jwd,NDO))  
    552             call total_dissolved_gas (1,palt(i),nnsg,jsg,tavgw(jwd),cavgw(jwd,NN2))     ! n2 GAS
    553             call total_dissolved_gas (2,palt(i),nnsg,jsg,tavgw(jwd),cavgw(jwd,NDGP)) 
    554         END IF
    555       end if
    556     end if
    557     IF(DERIVED_CALC)then
    558       CDAVGW(JWD,CDN(1:NACD(JW),JW))=CDAVGW(JWD,CDN(1:NACD(JW),JW))/QSUMWD
    559 !if(tdgon)then                ! cb 11/6/17
    560 !cdavgw(jwd,O2DG_DER)  = (cavgw(jwd,ndo)/exp(7.7117-1.31403*(log(tavgw(jwd)+45.93)))*palt(i))*100.0
    561         dosat=exp(7.7117-1.31403*(log(tavgw(jwd)+45.93)))*palt(i)
    562         cdavgw(jwd,O2DG_DER)=(cavgw(jwd,ndo)/dosat)*100.0 
    563         If(CAC(NN2)== '      ON') THEN
    564           EA = DEXP(2.3026D0*(7.5D0*TDEW(JW)/(TDEW(JW)+237.3D0)+0.6609D0))*0.001316   ! in mm Hg   0.0098692atm=7.5006151mmH
    564 g
    565 !cdavgw(jwd,NDC)  = (cavgw(jwd,NGN2)/(1.5568D06*0.79*(PALT(I)-EA)*(1.8816D-5 - 4.116D-7 * Tavgw(jwd) + 4.6D-9 * Tavgw(jwd)**
    565 2)))*100.0    ! SW 10/27/15
    566           n2sat=1.5568D06*0.79*(PALT(I)-EA)*(1.8816D-5 - 4.116D-7 * Tavgw(jwd) + 4.6D-9 * Tavgw(jwd)**2)
    567           cdavgw(jwd,TDG_DER)  = 100.*(0.79*(cavgw(jwd,NN2)/n2sat) + 0.21*(cavgw(jwd,ndo)/dosat))
    568         ELSE IF(CAC(NDGP)== '      ON') THEN
    569           cdavgw(jwd,TDG_DER)  =  cavgw(jwd,NDGP)/ palt(i) * 100.0
    570         END IF  
    571     end if
    572   ELSE
    573     TAVGW(JWD)=-99.0
    574     IF(CONSTITUENTS)CAVGW(JWD,CN(1:NAC))=-99.0 
    575     IF(DERIVED_CALC)CDAVGW(JWD,CDN(1:NACD(JW),JW))=-99.0
    576   ENDIF
    577   KTW(JWD) = KTOP
    578   KBW(JWD) = KBOT
    579   RETURN
    580 !***************************************************************************************************************************
    580 ********
    581 !**                                                L A T E R A L   W I T H D R A W A L ESTIMATE                             
    581       **
    582 !***************************************************************************************************************************
    582 ********
    583 
    584   ENTRY LATERAL_WITHDRAWAL_ESTIMATE (JJWD,TEMPEST,ESTRTEST)

Page 12          Source Listing                  WITHDRAWAL
2026-03-30 08:47 Entry Points                    ..\..\..\withdrawal.f90



ENTRY POINTS

 Address      Type  Name                             Address      Type  Name                           
                                                                                                       
       DOWNSTREAM_WITHDRAWAL                               LATERAL_WITHDRAWAL_ESTIMATE                 
       DOWNSTREAM_WITHDRAWAL_ESTIMATE                      WITHDRAWAL                                  
       LATERAL_WITHDRAWAL                                                                              


SYMBOL CROSS REFERENCE

 Name                       Object Declared Type            Bytes Dimen Elements Attributes       References                        
                                                                                                                                    
 ABS                        Func   76                                   scalar                    76,93,97,108,125,129,290,307,311,3
                                                                                                  22,339,343,434,447,451,462,475,479
                                                                                                  ,632,645,649,660,673,677          
 BHR2                       Local  147      R(8)            8     2     1        ALC              147,360,498,695                   
 C2                         Local  169      R(8)            8     3     1        ALC,TGT          169,520                           
 CAC                        Local  12       CHAR            8     1     1        ALC              12,184,185,188,189,193,194,199,200
                                                                                                  ,211,216,563,568                  
 CAVG                       Local  154      R(8)            8     3     1        ALC              154,169,176,183,184,185,187,188,18
                                                                                                  9,192,193,194,198,199,200,209,215,
                                                                                                  217,224                           
 CAVGW                      Local  505      R(8)            8     2     1        ALC              505,520,532,537,538,539,541,542,54
                                                                                                  3,546,547,548,551,552,553,562,567,
                                                                                                  569,574                           
 CD                         Local  170      R(8)            8     3     1        ALC,TGT          170,521                           
 CDAVG                      Local  155      R(8)            8     3     1        ALC              155,170,205,209,215,217,225       
 CDAVGW                     Local  506      R(8)            8     2     1        ALC              506,521,558,562,567,569,575       
 CDN                        Local  9        I(4)            4     2     1        ALC              9,155,170,205,225,506,521,558,575 
 CN                         Local  154      I(4)            4     1     1        ALC              154,169,176,224,505,520,532,574   
 COEF                       Local  14       R(4)            4           scalar                    63,66,81,83,113,115,277,280,295,29
                                                                                                  7,327,329,421,424,438,466,619,622,
                                                                                                  636,664                           
 CONSTITUENTS               Local  154      L(4)            4           scalar                    154,169,175,224,505,520,531,574   
 DERIVED_CALC               Local  9        L(4)            4           scalar                    9,155,170,204,225,506,521,557,575 
 DEXP                       Func   212                                  scalar                    212,564                           
 DLRHOB                     Local  14       R(4)            4           scalar                    125,127,129,131,140,339,341,343,34
                                                                                                  5,353,475,477,479,481,491,673,675,
                                                                                                  677,679,688                       
 DLRHOMAX                   Local  14       R(4)            4           scalar                    140,142,144,157,353,355,357,366,49
                                                                                                  1,493,495,509,688,690,692,702     
 DLRHOT                     Local  14       R(4)            4           scalar                    93,95,97,99,142,307,309,311,313,35
                                                                                                  5,447,449,451,453,493,645,647,649,
                                                                                                  651,690                           
 DLX                        Local  32       R(8)            8     1     1        ALC              32,246                            
 DOSAT                      Local  16       R(8)            8           scalar                    208,209,215,561,562,567           
 DOWNSTREAM_WITHDRAWAL      Subr   24                                                                                               
 DOWNSTREAM_WITHDRAWAL_EST                                                                                                          
 MATE                       Subr   238                                                                                              
 EA                         Local  9        R(8)            8           scalar                    9,212,214,564,566                 
 EL                         Local  38       R(8)            8     2     1        ALC              38,51,53,55,58,64,65,75,107,124,12
                                                                                                  6,129,252,265,267,269,272,278,279,
                                                                                                  289,321,338,340,343,396,409,411,41
                                                                                                  3,416,423,433,446,448,451,461,474,

Page 13          Source Listing                  WITHDRAWAL
2026-03-30 08:47 Symbol Table                    ..\..\..\withdrawal.f90

 Name                       Object Declared Type            Bytes Dimen Elements Attributes       References                        
                                                                                                                                    
                                                                                                  476,479,594,607,609,611,614,621,63
                                                                                                  1,644,646,649,659,672,674,677     
 ELR                        Local  14       R(4)            4           scalar                    32,33,38,51,53,55,64,65,75,107,126
                                                                                                  ,129,246,247,252,265,267,269,278,2
                                                                                                  79,289,321,340,343                
 ELSTR                      Local  14       R(4)            4           scalar                    50,53,55,58,65,75,92,94,97,107,124
                                                                                                  ,126,129,264,267,269,272,279,289,3
                                                                                                  06,308,311,321,338,340,343        
 ELWD                       Local  14       R(4)            4           scalar                    408,411,413,416,423,433,446,448,45
                                                                                                  1,461,474,476,479,606,609,611,614,
                                                                                                  621,631,644,646,649,659,672,674,67
                                                                                                  7                                 
 ELWS                       Local  33       R(8)            8     1     1        ALC              33,247                            
 ESTR                       Local  38       R(4)            4     2     1        ALC              38,50,51,55                       
 ESTRTEST                   Dummy  14       R(4)            4           scalar   ARG,INOUT        252,264,265,269,594,606,607,611   
 EWD                        Local  396      R(4)            4     1     1        ALC              396,408,409,413                   
 EXP                        Func   208                                  scalar                    208,561                           
 FRACV                      Local  15       R(8)            8           scalar                    517,518,519,520,521,522           
 G                          Local  76       R(8)            8           scalar                    76,108,290,322,434,462,632,660    
 GEOMC                      Module 8                                                              8                                 
 GLOBAL                     Module 8                                                              8                                 
 GTNAME                     Local  10       L(4)            4     1     1        ALC              10,182,536                        
 HB                         Local  14       R(4)            4           scalar                    107,108,117,321,322,331,461,462,46
                                                                                                  7,659,660,665                     
 HSWB                       Local  14       R(4)            4           scalar                    28,113,115,117,124,129,242,327,329
                                                                                                  ,331,338,343                      
 HSWT                       Local  14       R(4)            4           scalar                    28,81,83,85,92,97,242,295,297,299,
                                                                                                  306,311                           
 HT                         Local  14       R(4)            4           scalar                    75,76,85,289,290,299,433,434,439,6
                                                                                                  31,632,637                        
 HWDB                       Local  14       R(4)            4           scalar                    390,466,467,474,479,588,664,665,67
                                                                                                  2,677                             
 HWDT                       Local  14       R(4)            4           scalar                    390,438,439,446,451,588,636,637,64
                                                                                                  4,649                             
 I                          Local  395      I(4)            4           scalar                    395,396,399,405,406,407,409,410,41
                                                                                                  1,413,416,423,433,434,446,447,448,
                                                                                                  451,461,462,474,475,476,479,495,49
                                                                                                  8,519,520,521,537,538,539,541,542,
                                                                                                  543,546,547,548,551,552,553,561,56
                                                                                                  6,569,593,594,597,603,604,605,607,
                                                                                                  608,609,611,614,621,631,632,644,64
                                                                                                  5,646,649,659,660,672,673,674,677,
                                                                                                  692,695,712                       
 ID                         Local  32       I(4)            4           scalar                    32,33,37,38,41,47,48,49,51,52,53,5
                                                                                                  5,58,64,65,75,76,93,97,107,108,124
                                                                                                  ,125,126,129,144,147,167,168,169,1
                                                                                                  70,183,184,185,187,188,189,192,193
                                                                                                  ,194,198,199,200,208,214,217,231,2
                                                                                                  46,247,251,252,255,261,262,263,265
                                                                                                  ,266,267,269,272,278,279,289,290,3
                                                                                                  07,311,321,322,338,339,340,343,357
                                                                                                  ,360,376                          
 JB                         Local  32       I(4)            4           scalar                    32,38,45,47,50,51,55,56,80,81,83,1
                                                                                                  12,113,115,153,154,155,165,166,168
                                                                                                  ,169,170,174,176,183,184,185,187,1

Page 14          Source Listing                  WITHDRAWAL
2026-03-30 08:47 Symbol Table                    ..\..\..\withdrawal.f90

 Name                       Object Declared Type            Bytes Dimen Elements Attributes       References                        
                                                                                                                                    
                                                                                                  88,189,192,193,194,198,199,200,205
                                                                                                  ,208,209,214,215,217,223,224,225,2
                                                                                                  31,246,259,261,270,294,295,297,326
                                                                                                  ,327,329,376,379                  
 JDAY                       Local  11       R(8)            8           scalar                    11,157,366,509,702                
 JJWD                       Dummy  17       I(4)            4           scalar   ARG,INOUT        588,601,603,612,636,664,712,714,71
                                                                                                  5,716                             
 JS                         Dummy  17       I(4)            4           scalar   ARG,INOUT        38,45,47,50,51,55,56,80,81,83,112,
                                                                                                  113,115,153,154,155,165,168,169,17
                                                                                                  0,174,176,183,184,185,187,188,189,
                                                                                                  192,193,194,198,199,200,205,208,20
                                                                                                  9,214,215,217,223,224,225,230,259,
                                                                                                  261,270,294,295,297,326,327,329,37
                                                                                                  6,379                             
 JSG                        Local  9        I(4)            4           scalar                    9,182,183,184,185,187,188,189,192,
                                                                                                  193,194,198,199,200,536,537,538,53
                                                                                                  9,541,542,543,546,547,548,551,552,
                                                                                                  553                               
 JW                         Local  155      I(4)            4           scalar                    155,170,205,212,225,506,521,558,56
                                                                                                  4,575                             
 JWD                        Local  9        I(4)            4           scalar                    9,390,396,403,405,408,409,413,414,
                                                                                                  438,466,504,505,506,518,519,520,52
                                                                                                  1,522,530,532,537,538,539,541,542,
                                                                                                  543,546,547,548,551,552,553,558,56
                                                                                                  1,562,566,567,569,573,574,575,577,
                                                                                                  578                               
 K                          Local  17       I(4)            4           scalar                    37,38,40,71,75,76,86,103,107,108,1
                                                                                                  18,137,139,144,145,146,147,148,159
                                                                                                  ,160,164,165,166,167,168,169,170,1
                                                                                                  71,251,252,254,285,289,290,300,317
                                                                                                  ,321,322,332,351,352,357,358,359,3
                                                                                                  60,361,368,369,375,376,394,395,396
                                                                                                  ,398,429,433,434,440,457,461,462,4
                                                                                                  68,488,490,495,496,497,498,499,511
                                                                                                  ,512,516,517,518,519,520,521,592,5
                                                                                                  93,594,596,627,631,632,638,655,659
                                                                                                  ,660,666,685,687,692,693,694,695,6
                                                                                                  96,704,705,711,712                
 KB                         Local  37       I(4)            4     1     1        ALC              37,41,47,48,49,51,52,53,251,255,26
                                                                                                  1,262,263,265,266,267,395,399,405,
                                                                                                  406,407,409,410,411,593,597,603,60
                                                                                                  4,605,607,608,609                 
 KBOT                       Local  17       I(4)            4           scalar                    47,48,49,64,65,103,118,124,125,126
                                                                                                  ,129,137,157,159,160,164,261,262,2
                                                                                                  63,278,279,317,332,338,339,340,343
                                                                                                  ,351,366,368,369,375,405,406,407,4
                                                                                                  22,423,457,468,474,475,476,479,488
                                                                                                  ,509,511,512,516,578,603,604,605,6
                                                                                                  20,621,655,666,672,673,674,677,685
                                                                                                  ,702,704,705,711,716              
 KBSW                       Local  47       I(4)            4     2     1        ALC              47,56,261,270                     
 KBW                        Local  578      I(4)            4     1     1        ALC              578,716                           
 KBWD                       Local  405      I(4)            4     1     1        ALC              405,414,603,612                   
 KINETIC                    Module 12                                                             12                                
 KSTR                       Local  17       I(4)            4           scalar                    40,41,46,52,56,57,71,76,93,97,103,

Page 15          Source Listing                  WITHDRAWAL
2026-03-30 08:47 Symbol Table                    ..\..\..\withdrawal.f90

 Name                       Object Declared Type            Bytes Dimen Elements Attributes       References                        
                                                                                                                                    
                                                                                                  108,125,129,139,144,157,254,255,26
                                                                                                  0,266,270,271,285,290,307,311,317,
                                                                                                  322,339,343,352,357,366           
 KT                         Local  37       I(4)            4           scalar                    37,40,45,48,55,97,251,254,259,262,
                                                                                                  269,311,394,395,398,403,406,413,42
                                                                                                  2,423,446,448,451,592,593,596,601,
                                                                                                  604,611,620,621,644,646,649       
 KTOP                       Local  17       I(4)            4           scalar                    45,46,57,58,71,86,93,137,157,159,1
                                                                                                  60,164,259,260,271,272,285,300,307
                                                                                                  ,351,366,368,369,375,403,404,415,4
                                                                                                  16,429,440,447,488,509,511,512,516
                                                                                                  ,577,601,602,613,614,627,638,645,6
                                                                                                  85,702,704,705,711,715            
 KTSW                       Local  45       I(4)            4     2     1        ALC              45,259                            
 KTW                        Local  577      I(4)            4     1     1        ALC              577,715                           
 KTWD                       Local  403      I(4)            4     1     1        ALC              403,601                           
 KWD                        Local  17       I(4)            4           scalar                    398,399,404,410,414,415,429,434,44
                                                                                                  7,451,457,462,475,479,490,495,509,
                                                                                                  596,597,602,608,612,613,627,632,64
                                                                                                  5,649,655,660,673,677,687,692,702 
 LATERAL_WITHDRAWAL         Subr   386                                                                                              
 LATERAL_WITHDRAWAL_ESTIMA                                                                                                          
 E                          Subr   584                                                                                              
 LOG                        Func   208                                  scalar                    208,561                           
 LOGICC                     Module 8                                                              8                                 
 MAIN                       Module 9                                                              9                                 
 MAX                        Func   40                                   scalar                    40,45,76,99,108,131,140,142,254,25
                                                                                                  9,290,313,322,345,353,355,398,403,
                                                                                                  434,453,462,481,491,493,596,601,63
                                                                                                  2,651,660,679,688,690             
 MIN                        Func   41                                   scalar                    41,47,255,261,399,405,597,603     
 MODSYSTDG                  Module 10                                                             10                                
 N2SAT                      Local  16       R(8)            8           scalar                    214,215,566,567                   
 NAC                        Local  154      I(4)            4           scalar                    154,169,176,224,505,520,532,574   
 NACD                       Local  155      I(4)            4     1     1        ALC              155,170,205,225,506,521,558,575   
 NDGP                       Local  9        I(4)            4           scalar                    9,185,189,194,200,216,217,539,543,
                                                                                                  548,553,568,569                   
 NDO                        Local  9        I(4)            4           scalar                    9,183,187,192,198,209,215,537,541,
                                                                                                  546,551,562,567                   
 NN2                        Local  9        I(4)            4           scalar                    9,184,188,193,199,211,215,538,542,
                                                                                                  547,552,563,567                   
 NNSG                       Local  9        I(4)            4           scalar                    9,178,187,188,189,192,193,194,198,
                                                                                                  199,200,534,541,542,543,546,547,54
                                                                                                  8,551,552,553                     
 NONZERO                    Param  76       R(8)            8           scalar                    76,95,99,108,127,131,290,309,313,3
                                                                                                  22,341,345,434,449,453,462,477,481
                                                                                                  ,632,647,651,660,675,679          
 NST                        Local  230      I(4)            4           scalar                    230                               
 O2DG_DER                   Local  9        I(4)            4           scalar                    9,209,562                         
 PALT                       Local  183      R(8)            8     1     1        ALC              183,184,185,187,188,189,192,193,19
                                                                                                  4,198,199,200,208,214,217,537,538,
                                                                                                  539,541,542,543,546,547,548,551,55
                                                                                                  2,553,561,566,569                 
 POINT_SINK                 Local  80       L(4)            4     2     1        ALC              80,112,294,326                    
 QDSW                       Local  167      R(8)            8     2     1        ALC              167                               

Page 16          Source Listing                  WITHDRAWAL
2026-03-30 08:47 Symbol Table                    ..\..\..\withdrawal.f90

 Name                       Object Declared Type            Bytes Dimen Elements Attributes       References                        
                                                                                                                                    
 QNEW                       Local  28       R(8)            8     1     1        ALC              28,165,166,167,168,169,170,171,242
 QOUT                       Local  166      R(8)            8     2     1        ALC              166,231                           
 QSTR                       Local  81       R(8)            8     2     1        ALC              81,83,113,115,165,295,297,327,329,
                                                                                                  376,379                           
 QSUMJS                     Local  14       R(4)            4           scalar                    152,171,173,174,176,205           
 QSUMWD                     Local  15       R(8)            8           scalar                    503,522,529,530,532,558           
 QSW                        Local  390      R(8)            8     2     1        ALC              390,518,588                       
 QWD                        Local  438      R(8)            8     1     1        ALC              438,466,518,519,520,521,522,636,66
                                                                                                  4,712,714                         
 R8                         Param  15       I(4)            4           scalar                    15,16                             
 RATIO                      Local  14       R(4)            4           scalar                    65,66,279,280,423,424,621,622     
 RHO                        Local  76       R(8)            8     2     1        PTR              76,93,97,108,125,129,144,290,307,3
                                                                                                  11,322,339,343,357,434,447,451,462
                                                                                                  ,475,479,495,632,645,649,660,673,6
                                                                                                  77,692                            
 RHOFB                      Local  14       R(4)            4           scalar                    108,113,115,322,327,329,462,466,66
                                                                                                  0,664                             
 RHOFT                      Local  14       R(4)            4           scalar                    76,81,83,290,295,297,434,438,632,6
                                                                                                  36                                
 SCREENC                    Module 11                                                             11                                
 SELWC                      Module 8                                                              8                                 
 SINA                       Local  32       R(8)            8     1     1        ALC              32,246                            
 SQRT                       Func   76                                   scalar                    76,83,108,115,290,297,322,329,434,
                                                                                                  462,632,660                       
 SYSTDG                     Local  9        L(4)            4           scalar                    9,181,535                         
 SYSTDG_TDG                 Subr   10                                                             10                                
 T2                         Local  168      R(8)            8     2     1        PTR              168,376,519,712                   
 TAVG                       Local  153      R(8)            8     2     1        ALC              153,168,174,183,184,185,187,188,18
                                                                                                  9,192,193,194,198,199,200,208,214,
                                                                                                  223                               
 TAVGW                      Local  504      R(8)            8     1     1        ALC              504,519,530,537,538,539,541,542,54
                                                                                                  3,546,547,548,551,552,553,561,566,
                                                                                                  573                               
 TDEW                       Local  212      R(8)            8     1     1        ALC              212,564                           
 TDGON                      Local  9        L(4)            4           scalar                    9,177,533                         
 TDG_DER                    Local  9        I(4)            4           scalar                    9,215,217,567,569                 
 TEMPEST                    Dummy  14       R(4)            4           scalar   ARG,INOUT        374,376,379,710,712,714           
 TOTAL_DISSOLVED_GAS        Subr   187                                                            187,188,189,192,193,194,198,199,20
                                                                                                  0,541,542,543,546,547,548,551,552,
                                                                                                  553                               
 TVDC                       Module 8                                                              8                                 
 U                          Local  231      R(8)            8     2     1        PTR              231                               
 UPDATE_TDGC                Subr   10                                                             10,183,184,185,537,538,539        
 VNORM                      Local  28       R(8)            8     1     1        ALC              28,144,145,146,147,148,160,165,242
                                                                                                  ,357,358,359,360,361,369,376,390,4
                                                                                                  95,496,497,498,499,512,517,588,692
                                                                                                  ,693,694,695,696,705,712          
 VSUM                       Local  14       R(4)            4           scalar                    135,148,156,158,165,349,361,365,36
                                                                                                  7,376,485,499,508,510,517,683,696,
                                                                                                  701,703,712                       
 WITHDRAWAL                 Subr   7                                                                                                
 WRN                        Local  157      I(4)            4           scalar                    157,366,509,702                   
 WSEL                       Local  14       R(4)            4           scalar                    33,55,64,65,92,94,97,247,269,278,2
                                                                                                  79,306,308,311                    
 WSTR                       Local  83       R(4)            4     2     1        ALC              83,115,297,329                    

Page 17          Source Listing                  WITHDRAWAL
2026-03-30 08:47                                 ..\..\..\withdrawal.f90

    585 
    586 ! VARIABLE INITIALIZATION
    587 
    588   VNORM = 0.0; QSW(:,JJWD) = 0.0; HWDT = 0.0; HWDB = 0.0
    589 
    590 ! Structure layer
    591 
    592   K = KT
    593   DO K=KT,KB(I)
    594     IF (EL(K,I) < estrtest) EXIT
    595   END DO
    596   KWD = MAX(K-1,KT)
    597   KWD = MIN(KWD,KB(I))
    598 
    599 ! Initial withdrawal limits
    600 
    601   KTOP = MAX(KTWD(JJWD),KT)
    602   IF (KWD < KTOP) KTOP = KWD
    603   KBOT = MIN(KBWD(JJWD),KB(I))
    604   IF (KBOT <= KT .AND. KB(I) /= KBOT) KBOT = KT+1
    605   IF (KBOT > KB(I)) KBOT = KB(I)
    606   ELWD = ESTRTEST
    607   IF (ESTRTEST <= EL(KB(I)+1,I)) THEN
    608     KWD  = KB(I)
    609     ELWD = EL(KB(I),I)
    610   END IF
    611   IF (ESTRTEST > EL(KT,I)) ELWD = EL(KT,I)
    612   IF (KBWD(JJWD) < KWD) THEN
    613     KWD  = KTOP        ! KT
    614     ELWD = EL(KTOP,I)  ! EL(KT,I)
    615   END IF
    616 
    617 ! Boundary interference
    618 
    619   COEF = 1.0
    620   IF (KT /= KBOT) THEN
    621     RATIO = (ELWD-EL(KBOT,I))/(EL(KT,I)-EL(KBOT,I))
    622     IF (RATIO < 0.1 .OR. RATIO > 0.9) COEF = 2.0
    623   END IF
    624 
    625 ! Withdrawal zone above structure
    626 
    627   DO K=KWD-1,KTOP,-1
    628 
    629 !** Density frequency
    630 
    631     HT    = EL(K,I)-ELWD
    632     RHOFT = MAX(SQRT((ABS(RHO(K,I)-RHO(KWD,I)))/(HT*RHO(KWD,I)+NONZERO)*G),NONZERO)
    633 
    634 !** Thickness
    635 
    636     HWDT = (COEF*QWD(JJWD)/RHOFT)**0.333333
    637     IF (HT >= HWDT) THEN
    638       KTOP = K; EXIT
    639     END IF
    640   END DO
    641 

Page 18          Source Listing                  WITHDRAWAL
2026-03-30 08:47                                 ..\..\..\withdrawal.f90

    642 ! Reference density
    643 
    644   IF ((ELWD+HWDT) < EL(KT,I)) THEN
    645     DLRHOT = ABS(RHO(KWD,I)-RHO(KTOP,I))
    646   ELSE IF (EL(KT,I) == ELWD) THEN
    647     DLRHOT = NONZERO
    648   ELSE
    649     DLRHOT = ABS(RHO(KWD,I)-RHO(KT,I))*HWDT/(EL(KT,I)-ELWD)
    650   END IF
    651   DLRHOT = MAX(DLRHOT,NONZERO)
    652 
    653 ! Withdrawal zone below structure
    654 
    655   DO K=KWD+1,KBOT
    656 
    657 !** Density frequency
    658 
    659     HB    = ELWD-EL(K,I)
    660     RHOFB = MAX(SQRT((ABS(RHO(K,I)-RHO(KWD,I)))/(HB*RHO(KWD,I)+NONZERO)*G),NONZERO)
    661 
    662 !** Thickness
    663 
    664     HWDB = (COEF*QWD(JJWD)/RHOFB)**0.333333
    665     IF (HB >= HWDB) THEN
    666       KBOT = K; EXIT
    667     END IF
    668   END DO
    669 
    670 ! Reference density
    671 
    672   IF ((ELWD-HWDB) > EL(KBOT+1,I)) THEN
    673     DLRHOB = ABS(RHO(KWD,I)-RHO(KBOT,I))
    674   ELSE IF (EL(KBOT+1,I) == ELWD) THEN                                                                                  !SR 0
    674 3/24/13
    675     DLRHOB = NONZERO                                                                                                   !SR 0
    675 3/24/13
    676   ELSE
    677     DLRHOB = ABS(RHO(KWD,I)-RHO(KBOT,I))*HWDB/(ELWD-EL(KBOT+1,I))
    678   END IF
    679   DLRHOB = MAX(DLRHOB,NONZERO)
    680 
    681 ! Velocity profile
    682 
    683   VSUM     = 0.0
    684 !  DLRHOMAX = MAX(DLRHOT,DLRHOB,1.0E-10)                                                                             ! SW 1/
    684 24/05
    685   DO K=KTOP,KBOT
    686 !    VNORM(K) = ABS(1.0-((RHO(K,I)-RHO(KWD,I))/DLRHOMAX)**2)*BHR2(K,I)
    687  	   IF(K.GT.KWD)THEN
    688        DLRHOMAX = MAX(DLRHOB,1.0E-10)                          !GH 1/31/08
    689        ELSE
    690        DLRHOMAX = MAX(DLRHOT,1.0E-10)                          !GH 1/31/08
    691        ENDIF
    692      VNORM(K) = 1.0-((RHO(K,I)-RHO(KWD,I))/DLRHOMAX)**2
    693  	 IF(VNORM(K).GT.1.0) VNORM(K)=1.0                          !GH 1/31/08
    694 	 IF(VNORM(K).LT.0.0) VNORM(K)=0.0                          !GH 1/31/08
    695 	 VNORM(K)=VNORM(K)*BHR2(K,I)

Page 19          Source Listing                  WITHDRAWAL
2026-03-30 08:47                                 ..\..\..\withdrawal.f90

    696      VSUM = VSUM+VNORM(K)
    697   END DO
    698 
    699 ! Outflows
    700   
    701     IF(VSUM==0.0)THEN
    702       WRITE(WRN,'(A,F12.3,A,I5,A,I5,A,I5,A,E12.4,A)')'LATERAL WITHDRAWAL ESTIMATE: VSUM=0.0 on JDAY:',JDAY,' KTOP:',KTOP,' K
    702 BOT:',KBOT,' KWD:',KWD,' DLRHOMAX:',DLRHOMAX,' SET TO EQUAL WITHDRAWALS WITH DEPTH'
    703       VSUM=1.0
    704       DO K=KTOP,KBOT
    705       VNORM(K)=1.0/(KTOP-KBOT+1)
    706       ENDDO
    707   ENDIF
    708 
    709 
    710   TEMPEST = 0.0                                                                                                       !SR 12
    710 /19/2022
    711   DO K=KTOP,KBOT
    712     tempest=tempest+t2(k,i)*(VNORM(K)/VSUM)*QWD(JJWD)
    713   END DO
    714   if(qwd(Jjwd).gt.0.0)tempest=tempest/qwd(Jjwd)
    715   KTW(JJWD) = KTOP
    716   KBW(JJWD) = KBOT
    717   return
    718 
    719 
    720 END SUBROUTINE WITHDRAWAL
    721 
    722 
    723 !***************************************************************************************************************************
    723 ********
    724 !**                                                S E L E C T I V E   I N I T                                              
    724       **
    725 !***************************************************************************************************************************
    725 ********
    726 MODULE SELECTIVE1 
    727  REAL                                          :: NXTSTR, NXTTCD, NXTSPLIT,TCDFREQ,TFRQTMP
    728   CHARACTER(8)                                 :: TEMPC,TSPLTC
    729   CHARACTER(8), ALLOCATABLE, DIMENSION(:)      :: TCELEVCON,TCYEARLY,TCNTR,TSPLTCNTR,TSYEARLY,DYNSEL,ELCONTSPL,DYNSELSPLT
    730   INTEGER                                      :: NUMTEMPC,NUMTSPLT, TEMPN        
    731   INTEGER, ALLOCATABLE, DIMENSION(:)           :: TCNELEV,TCJB,TCJS,TCISEG,TSPLTJB,NOUTS,KSTRSPLT, JBMON, JSMON, NCOUNTCW,SE
    731 LD
    732   REAL,          ALLOCATABLE, DIMENSION(:,:)   :: TCELEV, TEMPCRIT,QSTRFRAC
    733   REAL,          ALLOCATABLE, DIMENSION(:)     :: TCTEMP,TCTEND,TCTSRT,TCKLAY,TSPLTT,VOLM,QWDFRAC,TSTEND,TSTSRT,NXSEL,TEMP2,
    733 NXSELSPLT,TEMP3
    734   INTEGER, ALLOCATABLE, DIMENSION(:,:)         :: JSTSPLT, NCOUNTC, JSTSPLTT
    735   REAL,          ALLOCATABLE, DIMENSION(:,:)  :: VOLMC 
    736   LOGICAL, ALLOCATABLE, DIMENSION(:)          :: DYNSF,DYNSPF
    737   REAL, ALLOCATABLE, DIMENSION(:)             :: MINWL   ! Minimum water level above centerline of outlet if TCELEVCON is ON
    738 END MODULE SELECTIVE1

Page 20          Source Listing                  WITHDRAWAL
2026-03-30 08:47 Symbol Table                    ..\..\..\withdrawal.f90



SYMBOL CROSS REFERENCE

 Name                       Object Declared Type            Bytes Dimen Elements Attributes       References                        
                                                                                                                                    
 DYNSEL                     Local  729      CHAR            8     1     1        ALC                                                
 DYNSELSPLT                 Local  729      CHAR            8     1     1        ALC                                                
 DYNSF                      Local  736      L(4)            4     1     1        ALC                                                
 DYNSPF                     Local  736      L(4)            4     1     1        ALC                                                
 ELCONTSPL                  Local  729      CHAR            8     1     1        ALC                                                
 JBMON                      Local  731      I(4)            4     1     1        ALC                                                
 JSMON                      Local  731      I(4)            4     1     1        ALC                                                
 JSTSPLT                    Local  734      I(4)            4     2     1        ALC                                                
 JSTSPLTT                   Local  734      I(4)            4     2     1        ALC                                                
 KSTRSPLT                   Local  731      I(4)            4     1     1        ALC                                                
 MINWL                      Local  737      R(4)            4     1     1        ALC                                                
 NCOUNTC                    Local  734      I(4)            4     2     1        ALC                                                
 NCOUNTCW                   Local  731      I(4)            4     1     1        ALC                                                
 NOUTS                      Local  731      I(4)            4     1     1        ALC                                                
 NUMTEMPC                   Local  730      I(4)            4           scalar                                                      
 NUMTSPLT                   Local  730      I(4)            4           scalar                                                      
 NXSEL                      Local  733      R(4)            4     1     1        ALC                                                
 NXSELSPLT                  Local  733      R(4)            4     1     1        ALC                                                
 NXTSPLIT                   Local  727      R(4)            4           scalar                                                      
 NXTSTR                     Local  727      R(4)            4           scalar                                                      
 NXTTCD                     Local  727      R(4)            4           scalar                                                      
 QSTRFRAC                   Local  732      R(4)            4     2     1        ALC                                                
 QWDFRAC                    Local  733      R(4)            4     1     1        ALC                                                
 SELD                       Local  731      I(4)            4     1     1        ALC                                                
 SELECTIVE1                 Module 726                                                                                              
 TCDFREQ                    Local  727      R(4)            4           scalar                                                      
 TCELEV                     Local  732      R(4)            4     2     1        ALC                                                
 TCELEVCON                  Local  729      CHAR            8     1     1        ALC                                                
 TCISEG                     Local  731      I(4)            4     1     1        ALC                                                
 TCJB                       Local  731      I(4)            4     1     1        ALC                                                
 TCJS                       Local  731      I(4)            4     1     1        ALC                                                
 TCKLAY                     Local  733      R(4)            4     1     1        ALC                                                
 TCNELEV                    Local  731      I(4)            4     1     1        ALC                                                
 TCNTR                      Local  729      CHAR            8     1     1        ALC                                                
 TCTEMP                     Local  733      R(4)            4     1     1        ALC                                                
 TCTEND                     Local  733      R(4)            4     1     1        ALC                                                
 TCTSRT                     Local  733      R(4)            4     1     1        ALC                                                
 TCYEARLY                   Local  729      CHAR            8     1     1        ALC                                                
 TEMP2                      Local  733      R(4)            4     1     1        ALC                                                
 TEMP3                      Local  733      R(4)            4     1     1        ALC                                                
 TEMPC                      Local  728      CHAR            8           scalar                                                      
 TEMPCRIT                   Local  732      R(4)            4     2     1        ALC                                                
 TEMPN                      Local  730      I(4)            4           scalar                                                      
 TFRQTMP                    Local  727      R(4)            4           scalar                                                      
 TSPLTC                     Local  728      CHAR            8           scalar                                                      
 TSPLTCNTR                  Local  729      CHAR            8     1     1        ALC                                                
 TSPLTJB                    Local  731      I(4)            4     1     1        ALC                                                
 TSPLTT                     Local  733      R(4)            4     1     1        ALC                                                
 TSTEND                     Local  733      R(4)            4     1     1        ALC                                                
 TSTSRT                     Local  733      R(4)            4     1     1        ALC                                                
 TSYEARLY                   Local  729      CHAR            8     1     1        ALC                                                

Page 21          Source Listing                  WITHDRAWAL
2026-03-30 08:47 Symbol Table                    ..\..\..\withdrawal.f90

 Name                       Object Declared Type            Bytes Dimen Elements Attributes       References                        
                                                                                                                                    
 VOLM                       Local  733      R(4)            4     1     1        ALC                                                
 VOLMC                      Local  735      R(4)            4     2     1        ALC                                                

Page 22          Source Listing                  WITHDRAWAL
2026-03-30 08:47                                 ..\..\..\withdrawal.f90

    739 
    740 SUBROUTINE SELECTIVEINIT
    741 
    742 USE SELECTIVE1;   USE MAIN
    743   USE GLOBAL;     USE NAMESC; USE GEOMC;  USE LOGICC; USE PREC;  USE SURFHE;  USE KINETIC; USE SHADEC; USE EDDY
    744   USE STRUCTURES; USE TRANS;  USE TVDC;   USE SELWC;  USE GDAYC; USE SCREENC; USE TDGAS;   USE RSTART
    745 
    746   IMPLICIT NONE
    747   
    748   INTEGER N, IFILE
    749   REAL DAYTEST
    750   CHARACTER(1) :: INFORMAT,CHAR1
    751   CHARACTER(8) :: CHAR8
    752   CHARACTER(30):: CHAR30
    753 
    754 !**                                                   Task 2: Calculations                                                  
    754       **
    755 !***************************************************************************************************************************
    755 ********
    756       
    757       IFILE=1949
    758       TAVG=0.0
    759       TAVGW=0.0
    760       DO JB=1,NBR
    761         IF(NSTR(JB) > 0)THEN
    762         IFILE=IFILE+1
    763         WRITE (SEGNUM,'(I0)') JB
    764         SEGNUM = ADJUSTL(SEGNUM)
    765         L      = LEN_TRIM(SEGNUM)
    766 
    767         IF(RESTART_IN)THEN
    768                 OPEN  (IFILE,FILE='str_br'//segnum(1:l)//'.csv',POSITION='APPEND')
    769                 JDAY1=0.0
    770                 REWIND (IFILE)
    771                 READ   (IFILE,'(//)',END=13)
    772                 DO WHILE (JDAY1 < JDAY)
    773                 READ (IFILE,*,END=13) JDAY1            !READ (IFILE,'(F10.0)',END=13) JDAY1
    774                 END DO
    775                 BACKSPACE (IFILE)
    776                 13     JDAY1=0.0    
    777         ELSE
    778                 OPEN  (IFILE,FILE='str_br'//segnum(1:l)//'.csv',status='unknown')
    779                 WRITE(IFILE,*)'Branch:,',jb,', # of structures:,',nstr(jb),', outlet temperatures'
    780                 WRITE(IFILE,'("      JDAY,",<nstr(jb)>(6x,"T(C),"),<nstr(jb)>(3x,"Q(m3/s),"),<nstr(jb)>(4x,"ELEVCL,"))')
    781         ENDIF
    782         ENDIF
    783       END DO
    784  
    785       IF(NWD > 0)THEN
    786        IFILE=IFILE+1  
    787        IF(RESTART_IN)THEN
    788                 OPEN  (IFILE,FILE='wd_out.opt',POSITION='APPEND')
    789                 JDAY1=0.0
    790                 REWIND (IFILE)
    791                 READ   (IFILE,'(/)',END=14)
    792                 DO WHILE (JDAY1 < JDAY)
    793                 READ (IFILE,'(F10.0)',END=14) JDAY1

Page 23          Source Listing                  SELECTIVEINIT
2026-03-30 08:47                                 ..\..\..\withdrawal.f90

    794                 END DO
    795                 BACKSPACE (IFILE)
    796                 14    JDAY1=0.0   
    797        ELSE
    798         OPEN  (IFILE,FILE='wd_out.opt',STATUS='unknown')
    799         WRITE(IFILE,*)'Withdrawals: # of withdrawals:',nwd,' outlet temperatures'
    800         WRITE(IFILE,'("      JDAY",<nwd>(6x,"T(C)"),<nwd>(3x,"Q(m3/s)"),<nwd>(4x,"ELEVCL"))')
    801        ENDIF
    802       end if
    803  
    804       
    805       OPEN(NUNIT,FILE='w2_selective.npt',STATUS='old')
    806       
    807       read(NUNIT,'(a)')CHAR1
    808       read(NUNIT,*)
    809       read(NUNIT,*)
    810       IF(CHAR1=='$')GO TO 7770
    811 ! check for commas another sign that it is comma delimited
    812       read(NUNIT,'(A)')CHAR30
    813      DO J=1,30
    814          IF(CHAR30(J:J)==',')THEN
    815              CHAR1='$'
    816              EXIT
    817          ENDIF
    818      ENDDO
    819      BACKSPACE(NUNIT)
    820 
    821 7770  CONTINUE
    822       IF(CHAR1=='$')THEN
    823       READ(NUNIT,*)CHAR8,TFRQTMP
    824       READ(NUNIT,*)
    825       READ(NUNIT,*)
    826       READ(NUNIT,*)CHAR8,TEMPC,NUMTEMPC,TCDFREQ; TEMPC=ADJUSTR(TEMPC)
    827       ELSE
    828       READ(NUNIT,'(8X,F8.0)')TFRQTMP
    829       READ(NUNIT,'(//8X,A8,I8,F8.0)')TEMPC,NUMTEMPC,TCDFREQ
    830       ENDIF
    831 !NXTSTR=TMSTRT
    832 !NXTTCD=TMSTRT
    833 !NXTSPLIT=TMSTRT
    834       IF(JDAY>TMSTRT)THEN   ! SW 8/10/2023  During restart this allows continuing output
    835           NXTSTR=JDAY          
    836           NXTTCD=JDAY   
    837           NXTSPLIT=JDAY
    838       ELSE
    839           NXTSTR=TMSTRT
    840           NXTTCD=TMSTRT   
    841           NXTSPLIT=TMSTRT
    842       ENDIF
    843 
    844       
    845   ALLOCATE (TCNELEV(NUMTEMPC),TCJB(NUMTEMPC),TCJS(NUMTEMPC), TCELEV(NUMTEMPC,100),TCTEMP(NUMTEMPC),TCTEND(NUMTEMPC),TCTSRT(N
    845 UMTEMPC),NCOUNTC(NST,NBR),TCISEG(NUMTEMPC),TCKLAY(NUMTEMPC),TCELEVCON(NUMTEMPC)) 
    846   ALLOCATE (TCYEARLY(NUMTEMPC), JBMON(NUMTEMPC),JSMON(NUMTEMPC),TCNTR(NUMTEMPC)) 
    847   ALLOCATE (VOLM(NWB),NCOUNTCW(NWD),QWDFRAC(NWD),QSTRFRAC(NST,NBR),DYNSEL(NUMTEMPC),SELD(NUMTEMPC),NXSEL(NUMTEMPC),TEMP2(NUM
    847 TEMPC))       
    848   ALLOCATE (DYNSF(NUMTEMPC),MINWL(NUMTEMPC))    

Page 24          Source Listing                  SELECTIVEINIT
2026-03-30 08:47                                 ..\..\..\withdrawal.f90

    849   DYNSF=.FALSE.;MINWL=0.0
    850   
    851       DO J=1,2
    852       READ(NUNIT,*)
    853       END DO
    854       NCOUNTC=0
    855       DO J=1,NUMTEMPC
    856             IF(CHAR1=='$')THEN
    857               READ(NUNIT,*)CHAR8,TCNTR(J),TCJB(J),TCJS(J),TCYEARLY(J),TCTSRT(J),TCTEND(J),TCTEMP(J),TCNELEV(J),(TCELEV(J,N),
    857 N=1,TCNELEV(J))
    858               TCNTR(J)=ADJUSTR(TCNTR(J))
    859               TCYEARLY=ADJUSTR(TCYEARLY) 
    860             ELSE
    861               READ(NUNIT,'(8X,A8,I8,I8,A8,F8.0,F8.0,F8.0,I8,10(F8.0))')TCNTR(J),TCJB(J),TCJS(J),TCYEARLY(J),TCTSRT(J),TCTEND
    861 (J),TCTEMP(J),TCNELEV(J),(TCELEV(J,N),N=1,TCNELEV(J))
    862             ENDIF
    863             
    864         IF(TCNTR(J)=='      ST')THEN      
    865         TCELEV(J,TCNELEV(J)+1)=ESTR(TCJS(J),TCJB(J))   ! ALWAYS PUT THE ORIGINAL ELEVATION AS THE LAST ELEVATION
    866         ELSE
    867         TCELEV(J,TCNELEV(J)+1)=EWD(TCJS(J))   ! ALWAYS PUT THE ORIGINAL ELEVATION AS THE LAST ELEVATION
    868         ENDIF
    869       END DO
    870       DO J=1,2
    871       READ(NUNIT,*)
    872       END DO
    873       DO J=1,NUMTEMPC
    874                       IF(CHAR1=='$')THEN
    875                                 READ(NUNIT,*)CHAR8,TCISEG(J),TCKLAY(J),DYNSEL(J);DYNSEL(J)=ADJUSTR(DYNSEL(J)) 
    876                       ELSE 
    877                                 READ(NUNIT,'(8X,I8,F8.0,A8)')TCISEG(J),TCKLAY(J),DYNSEL(J) 
    878                       ENDIF
    879                       
    880       END DO
    881       DO J=1,2
    882       READ(NUNIT,*)
    883       END DO
    884       DO J=1,NUMTEMPC
    885                       IF(CHAR1=='$')THEN
    886                                       READ(NUNIT,*)CHAR8,TCELEVCON(J),MINWL(J);tcelevcon(J)=ADJUSTR(tcelevcon(J)) 
    887                       ELSE 
    888                                       READ(NUNIT,'(8X,A8,F8.0)')TCELEVCON(J),MINWL(J) 
    889                       ENDIF
    890       END DO
    891       DO J=1,2
    892       READ(NUNIT,*)
    893       END DO
    894                       IF(CHAR1=='$')THEN
    895                                     READ(NUNIT,*)CHAR8,TSPLTC,NUMTSPLT;TSPLTC=ADJUSTR(TSPLTC) 
    896                       ELSE 
    897                                     READ(NUNIT,'(8X,A8,I8)')TSPLTC,NUMTSPLT
    898                       ENDIF
    899 
    900       
    901       ALLOCATE(TSYEARLY(NUMTSPLT),TSTSRT(NUMTSPLT),TSTEND(NUMTSPLT),TSPLTJB(NUMTSPLT),TSPLTT(NUMTSPLT),NOUTS(NUMTSPLT),   &
    902                JSTSPLT(NUMTSPLT,10),KSTRSPLT(NUMTSPLT),TSPLTCNTR(NUMTSPLT))
    903       ALLOCATE(JSTSPLTT(NUMTSPLT,10),ELCONTSPL(NUMTSPLT),DYNSELSPLT(NUMTSPLT),DYNSPF(NUMTSPLT),NXSELSPLT(NUMTSPLT),TEMP3(NUM

Page 25          Source Listing                  SELECTIVEINIT
2026-03-30 08:47                                 ..\..\..\withdrawal.f90

    903 TSPLT))
    904       DYNSPF=.FALSE.
    905       
    906       DO J=1,2
    907       READ(NUNIT,*)
    908       END DO
    909       DO J=1,NUMTSPLT
    910               IF(CHAR1=='$')THEN
    911                     READ(NUNIT,*)CHAR8,TSPLTCNTR(J),TSPLTJB(J),TSYEARLY(J),TSTSRT(J),TSTEND(J),TSPLTT(J),NOUTS(J),(JSTSPLTT(
    911 J,N),N=1,2),ELCONTSPL(J),DYNSELSPLT(J)
    912                     TSPLTCNTR(J)=ADJUSTR(TSPLTCNTR(J))
    913                     TSYEARLY(J)=ADJUSTR(TSYEARLY(J))
    914                     ELCONTSPL(J)=ADJUSTR(ELCONTSPL(J))
    915                     DYNSELSPLT(J)=ADJUSTR(DYNSELSPLT(J))
    916               ELSE 
    917                     READ(NUNIT,'(8X,A8,I8,A8,F8.0,F8.0,F8.0,I8,2I8,A8,A8)')TSPLTCNTR(J),TSPLTJB(J),TSYEARLY(J),TSTSRT(J),TST
    917 END(J),TSPLTT(J),NOUTS(J),(JSTSPLTT(J,N),N=1,2),ELCONTSPL(J),DYNSELSPLT(J)
    918               ENDIF
    919       NOUTS(J)=2                ! NUMBER OF OUTLETS FOR EACH SPLIT FLOW PERIOD LIMITED TO 2
    920 !IF(NOUTS(J).GT.2)WRITE(*,*)'TCD NOUTS > 2 - ONLY FIRST 2 WILL BE USED'
    921       ENDDO
    922       JSTSPLT=JSTSPLTT                                                                                             ! CB 10/1
    922 4/11 START
    923       DO J=1,NUMTSPLT  !REODERING OUTLETS SO THAT HIGHEST ELEVATION STRUCTURE ON TOP (ASSUMING 2 SPLIT OUTLETS)
    924 !        IF(TCNTR(J) == '      ST')THEN
    925         IF(TSPLTCNTR(J) == '      ST')THEN                                                                        ! cb 11/11
    925 /12
    926           IF(ESTR(JSTSPLTT(J,1),TSPLTJB(J)) < ESTR(JSTSPLTT(J,2),TSPLTJB(J)))THEN                               
    927             JSTSPLT(J,1)=JSTSPLTT(J,2)                                                                          
    928             JSTSPLT(J,2)=JSTSPLTT(J,1)                                                                          
    929           END IF                                                                                                
    930 !        ELSE IF(TCNTR(J) == '      WD')THEN
    931         ELSE IF(TSPLTCNTR(J) == '      WD')THEN                                                                        ! cb 
    931 11/11/12
    932           IF(EWD(JSTSPLTT(J,1)) < EWD(JSTSPLTT(J,2)))THEN                                    
    933             JSTSPLT(J,1)=JSTSPLTT(J,2)                                                                          
    934             JSTSPLT(J,2)=JSTSPLTT(J,1)                                                                          
    935           END IF                                                                                                
    936         END IF
    937       END DO                                                                                                       ! CB 10/1
    937 4/11 END
    938       DO J=1,2
    939       READ(NUNIT,*)
    940       END DO
    941                IF(CHAR1=='$')THEN
    942                     READ(NUNIT,*)CHAR8,TEMPN
    943               ELSE 
    944                     READ(NUNIT,'(8X,I8)')TEMPN
    945               ENDIF
    946       DO J=1,2
    947       READ(NUNIT,*)
    948       END DO
    949       ALLOCATE(TEMPCRIT(NWB,TEMPN),VOLMC(NWB,TEMPN))
    950       DO J=1,TEMPN
    951         IF(CHAR1=='$')THEN
    952         READ(NUNIT,*)CHAR8,(TEMPCRIT(JW,J),JW=1,NWB)   ! NOTE MAX OF 100 WATERBODIES   sw 4/20/15
    953         ELSE

Page 26          Source Listing                  SELECTIVEINIT
2026-03-30 08:47                                 ..\..\..\withdrawal.f90

    954         READ(NUNIT,'(8X,100F8.0)')(TEMPCRIT(JW,J),JW=1,NWB)   ! NOTE MAX OF 100 WATERBODIES   sw 4/20/15
    955         ENDIF
    956       END DO
    957       CLOSE(NUNIT)
    958 
    959       
    960       DO JW=1,NWB
    961         IFILE=IFILE+1
    962         WRITE (SEGNUM,'(I0)') JW
    963         SEGNUM = ADJUSTL(SEGNUM)
    964         L      = LEN_TRIM(SEGNUM)
    965          IF(RESTART_IN)THEN
    966                 OPEN  (IFILE,FILE='VOLUME_WB'//SEGNUM(1:L)//'.OPT',POSITION='APPEND')
    967                 JDAY1=0.0
    968                 REWIND (IFILE)
    969                 READ   (IFILE,'(/)',END=15)
    970                 DO WHILE (JDAY1 < JDAY)
    971                 READ (IFILE,'(F10.0)',END=15) JDAY1
    972                 END DO
    973                 BACKSPACE (IFILE)
    974                 15    JDAY1=0.0   
    975        ELSE
    976         OPEN  (IFILE,FILE='VOLUME_WB'//SEGNUM(1:L)//'.OPT',STATUS='UNKNOWN')
    977         WRITE(IFILE,4315)
    978        ENDIF
    979       ENDDO
    980       
    981 4315  FORMAT("JDAY    VOLUME    ",<TEMPN>("VOLCRIT      "))
    982 
    983 
    984 ! INITIALIZING STRUCTURE ELEVATION IF STRUCTURE
    985 IF(TEMPC=='      ON')THEN     
    986   DO JW=1,NWB
    987    DO JB=BS(JW),BE(JW)
    988     DO JS=1,NST
    989      DO J=1,NUMTEMPC        
    990        IF(TCJB(J) == JB .AND. TCJS(J) == JS .AND. TCNTR(J) == '      ST')THEN
    991            IF(TCYEARLY(J) == '     OFF')THEN
    992              DAYTEST=JDAY
    993            ELSE
    994              DAYTEST=REAL(JDAYG)+JDAY-INT(JDAY)
    995            END IF
    996            IF(DAYTEST >= TCTSRT(J) .AND. DAYTEST < TCTEND(J))THEN               
    997 ! MAKING SURE THAT STRUCTURE IS BELOW WATER SURFACE
    998              DO NN=1,TCNELEV(J)
    999                IF(TCELEV(J,NN) < ELWS(DS(JB)))THEN
   1000                  NCOUNTC(JS,JB)=NN
   1001                  ESTR(JS,JB)=TCELEV(J,NCOUNTC(JS,JB))
   1002                  EXIT
   1003                END IF                 
   1004              END DO
   1005 		   END IF
   1006 	   END IF
   1007 	 END DO
   1008 	END DO
   1009    END DO
   1010   END DO

Page 27          Source Listing                  SELECTIVEINIT
2026-03-30 08:47                                 ..\..\..\withdrawal.f90

   1011    
   1012    
   1013 ! INITIALIZING STRUCTURE ELEVATION IF WITHDRAWAL
   1014 
   1015   DO JWD=1,NWD
   1016    
   1017      DO J=1,NUMTEMPC        
   1018        IF(TCJS(J) == JWD .AND. TCNTR(J) == '      WD')THEN
   1019            IF(TCYEARLY(J) == '     OFF')THEN
   1020              DAYTEST=JDAY
   1021            ELSE
   1022              DAYTEST=REAL(JDAYG)+JDAY-INT(JDAY)
   1023            END IF
   1024            IF(DAYTEST >= TCTSRT(J) .AND. DAYTEST < TCTEND(J))THEN               
   1025 ! MAKING SURE THAT STRUCTURE IS BELOW WATER SURFACE
   1026              DO NN=1,TCNELEV(J)
   1027                IF(TCELEV(J,NN) < ELWS(IWD(JWD)))THEN
   1028                  NCOUNTCW(JWD)=NN
   1029                  EWD(JWD)=TCELEV(J,NCOUNTCW(JWD))
   1030                  EXIT
   1031                END IF                 
   1032              END DO
   1033 		   END IF
   1034 	   END IF
   1035 	 END DO
   1036 
   1037   END DO
   1038 
   1039   
   1040 ! OPEN DYNAMIC SELECTIVE WITHDRAWAL FILES
   1041   
   1042   DO J=1,numtempc
   1043      if(DYNSEL(J) == '      ON')then
   1044      WRITE (SEGNUM,'(I0)') J     
   1045      SEGNUM = ADJUSTL(SEGNUM)
   1046      L      = LEN_TRIM(SEGNUM)   
   1047      SELD(J) = 1009+J  
   1048      OPEN (SELD(J),FILE='dynselective'//SEGNUM(1:L)//'.npt',STATUS='OLD') 
   1049      
   1050       READ(SELD(J),'(A1)')INFORMAT    ! SW 8/28/2019
   1051       IF(INFORMAT=='$')DYNSF(J)=.TRUE.
   1052     
   1053         IF(DYNSF(J))THEN
   1054         READ (SELD(J),'(/)')
   1055         READ (SELD(J),*) NXSEL(J),TEMP2(J)
   1056         tctemp(J)=TEMP2(J)
   1057         READ (SELD(J),*) NXSEL(J),TEMP2(J)       
   1058         
   1059         ELSE
   1060         READ (SELD(J),'(//1000F8.0)') NXSEL(J),TEMP2(J)
   1061         tctemp(J)=TEMP2(J)
   1062         READ (SELD(J),'(1000F8.0)') NXSEL(J),TEMP2(J)
   1063         ENDIF
   1064      
   1065 !READ (SELD(J),'(///1000F8.0)') NXSEL(J),TEMP2(J)
   1066 !  tctemp(J)=TEMP2(J)
   1067 !READ (SELD(J),'(1000F8.0)') NXSEL(J),TEMP2(J)

Page 28          Source Listing                  SELECTIVEINIT
2026-03-30 08:47                                 ..\..\..\withdrawal.f90

   1068      END IF
   1069   ENDDO 
   1070 END IF
   1071 
   1072 IF(TSPLTC == '      ON')THEN
   1073     DO J=1,NUMTSPLT
   1074      IF(DYNSELSPLT(J) == '      ON')then
   1075      WRITE (SEGNUM,'(I0)') J     
   1076      SEGNUM = ADJUSTL(SEGNUM)
   1077      L      = LEN_TRIM(SEGNUM)   
   1078      SELD(J) = 1059+J  
   1079      OPEN (SELD(J),FILE='dynselective'//SEGNUM(1:L)//'_splt.npt',STATUS='OLD') 
   1080      
   1081       READ(SELD(J),'(A1)')INFORMAT    ! SW 8/28/2019
   1082       IF(INFORMAT=='$')DYNSPF(J)=.TRUE.
   1083     
   1084         IF(DYNSPF(J))THEN
   1085         READ (SELD(J),'(/)')
   1086         READ (SELD(J),*) NXSELSPLT(J),TEMP3(J)
   1087         TSPLTT(J)=TEMP3(J)
   1088         READ (SELD(J),*) NXSELSPLT(J),TEMP3(J)       
   1089         
   1090         ELSE
   1091         READ (SELD(J),'(//1000F8.0)') NXSELSPLT(J),TEMP3(J)
   1092         TSPLTT(J)=TEMP2(J)
   1093         READ (SELD(J),'(1000F8.0)') NXSELSPLT(J),TEMP3(J)
   1094         ENDIF
   1095      
   1096      END IF
   1097     ENDDO 
   1098     OPEN(2900,FILE='Split_Temp_Debug.csv',status='unknown')
   1099         WRITE(2900,*)'JDAY,TSPLTT,TTOP,TBOT,QALL,QSTR1,QSTR2,ESTR1,ESTR2'
   1100 ENDIF
   1101 
   1102   
   1103  RETURN
   1104 
   1105 END SUBROUTINE SELECTIVEINIT

Page 29          Source Listing                  SELECTIVEINIT
2026-03-30 08:47 Entry Points                    ..\..\..\withdrawal.f90



ENTRY POINTS

 Address      Type  Name          
                                  
       SELECTIVEINIT              


SYMBOL CROSS REFERENCE

 Name                       Object Declared Type            Bytes Dimen Elements Attributes       References                        
                                                                                                                                    
 13                         Label  776                                                            771,773                           
 14                         Label  796                                                            791,793                           
 15                         Label  974                                                            969,971                           
 4315                       Label  981                                                            977                               
 7770                       Label  821                                                            810                               
 ADJUSTL                    Func   764                                  scalar                    764,963,1045,1076                 
 ADJUSTR                    Func   826                                  scalar                    826,858,859,875,886,895,912,913,91
                                                                                                  4,915                             
 BE                         Local  987      I(4)            4     1     1        ALC              987                               
 BS                         Local  987      I(4)            4     1     1        ALC              987                               
 CHAR1                      Local  750      CHAR            1           scalar                    807,810,815,822,856,874,885,894,91
                                                                                                  0,941,951                         
 CHAR30                     Local  752      CHAR            30          scalar                    812,814                           
 CHAR8                      Local  751      CHAR            8           scalar                    823,826,857,875,886,895,911,942,95
                                                                                                  2                                 
 DAYTEST                    Local  749      R(4)            4           scalar                    992,994,996,1020,1022,1024        
 DS                         Local  999      I(4)            4     1     1        ALC              999                               
 DYNSEL                     Local  847      CHAR            8     1     1        ALC              847,875,877,1043                  
 DYNSELSPLT                 Local  903      CHAR            8     1     1        ALC              903,911,915,917,1074              
 DYNSF                      Local  848      L(4)            4     1     1        ALC              848,849,1051,1053                 
 DYNSPF                     Local  903      L(4)            4     1     1        ALC              903,904,1082,1084                 
 EDDY                       Module 743                                                            743                               
 ELCONTSPL                  Local  903      CHAR            8     1     1        ALC              903,911,914,917                   
 ELWS                       Local  999      R(8)            8     1     1        ALC              999,1027                          
 ESTR                       Local  865      R(4)            4     2     1        ALC              865,926,1001                      
 EWD                        Local  867      R(4)            4     1     1        ALC              867,932,1029                      
 GDAYC                      Module 744                                                            744                               
 GEOMC                      Module 743                                                            743                               
 GLOBAL                     Module 743                                                            743                               
 IFILE                      Local  748      I(4)            4           scalar                    757,762,768,770,771,773,775,778,77
                                                                                                  9,780,786,788,790,791,793,795,798,
                                                                                                  799,800,961,966,968,969,971,973,97
                                                                                                  6,977                             
 INFORMAT                   Local  750      CHAR            1           scalar                    1050,1051,1081,1082               
 INT                        Func   994                                  scalar                    994,1022                          
 IWD                        Local  1027     I(4)            4     1     1        ALC              1027                              
 J                          Local  813      I(4)            4           scalar                    813,814,851,855,857,858,861,864,86
                                                                                                  5,867,870,873,875,877,881,884,886,
                                                                                                  888,891,906,909,911,912,913,914,91
                                                                                                  5,917,919,923,925,926,927,928,931,
                                                                                                  932,933,934,938,946,950,952,954,98
                                                                                                  9,990,991,996,998,999,1001,1017,10
                                                                                                  18,1019,1024,1026,1027,1029,1042,1
                                                                                                  043,1044,1047,1048,1050,1051,1053,

Page 30          Source Listing                  SELECTIVEINIT
2026-03-30 08:47 Symbol Table                    ..\..\..\withdrawal.f90

 Name                       Object Declared Type            Bytes Dimen Elements Attributes       References                        
                                                                                                                                    
                                                                                                  1054,1055,1056,1057,1060,1061,1062
                                                                                                  ,1073,1074,1075,1078,1079,1081,108
                                                                                                  2,1084,1085,1086,1087,1088,1091,10
                                                                                                  92,1093                           
 JB                         Local  760      I(4)            4           scalar                    760,761,763,779,780,987,990,999,10
                                                                                                  00,1001                           
 JBMON                      Local  846      I(4)            4     1     1        ALC              846                               
 JDAY                       Local  772      R(8)            8           scalar                    772,792,834,835,836,837,970,992,99
                                                                                                  4,1020,1022                       
 JDAY1                      Local  769      R(4)            4           scalar                    769,772,773,776,789,792,793,796,96
                                                                                                  7,970,971,974                     
 JDAYG                      Local  994      I(4)            4           scalar                    994,1022                          
 JS                         Local  988      I(4)            4           scalar                    988,990,1000,1001                 
 JSMON                      Local  846      I(4)            4     1     1        ALC              846                               
 JSTSPLT                    Local  902      I(4)            4     2     1        ALC              902,922,927,928,933,934           
 JSTSPLTT                   Local  903      I(4)            4     2     1        ALC              903,911,917,922,926,927,928,932,93
                                                                                                  3,934                             
 JW                         Local  952      I(4)            4           scalar                    952,954,960,962,986,987           
 JWD                        Local  1015     I(4)            4           scalar                    1015,1018,1027,1028,1029          
 KINETIC                    Module 743                                                            743                               
 KSTRSPLT                   Local  902      I(4)            4     1     1        ALC              902                               
 L                          Local  765      I(4)            4           scalar                    765,768,778,964,966,976,1046,1048,
                                                                                                  1077,1079                         
 LA                         Label  780                                                                                              
 LB                         Label  780                                                                                              
 LC                         Label  800                                                                                              
 LD                         Label  800                                                                                              
 LEN_TRIM                   Func   765                                  scalar                    765,964,1046,1077                 
 LOGICC                     Module 743                                                            743                               
 MAIN                       Module 742                                                            742                               
 MINWL                      Local  848      R(4)            4     1     1        ALC              848,849,886,888                   
 N                          Local  748      I(4)            4           scalar                    857,861,911,917                   
 NAMESC                     Module 743                                                            743                               
 NBR                        Local  760      I(4)            4           scalar                    760,845,847                       
 NCOUNTC                    Local  845      I(4)            4     2     1        ALC              845,854,1000,1001                 
 NCOUNTCW                   Local  847      I(4)            4     1     1        ALC              847,1028,1029                     
 NN                         Local  998      I(4)            4           scalar                    998,999,1000,1026,1027,1028       
 NOUTS                      Local  901      I(4)            4     1     1        ALC              901,911,917,919                   
 NST                        Local  845      I(4)            4           scalar                    845,847,988                       
 NSTR                       Local  761      I(4)            4     1     1        ALC              761,779,780                       
 NUMTEMPC                   Local  826      I(4)            4           scalar                    826,829,845,846,847,848,855,873,88
                                                                                                  4,989,1017,1042                   
 NUMTSPLT                   Local  895      I(4)            4           scalar                    895,897,901,902,903,909,923,1073  
 NUNIT                      Local  805      I(4)            4           scalar                    805,807,808,809,812,819,823,824,82
                                                                                                  5,826,828,829,852,857,861,871,875,
                                                                                                  877,882,886,888,892,895,897,907,91
                                                                                                  1,917,939,942,944,947,952,954,957 
 NWB                        Local  847      I(4)            4           scalar                    847,949,952,954,960,986           
 NWD                        Local  785      I(4)            4           scalar                    785,799,800,847,1015              
 NXSEL                      Local  847      R(4)            4     1     1        ALC              847,1055,1057,1060,1062           
 NXSELSPLT                  Local  903      R(4)            4     1     1        ALC              903,1086,1088,1091,1093           
 NXTSPLIT                   Local  837      R(4)            4           scalar                    837,841                           
 NXTSTR                     Local  835      R(4)            4           scalar                    835,839                           
 NXTTCD                     Local  836      R(4)            4           scalar                    836,840                           
 PREC                       Module 743                                                            743                               

Page 31          Source Listing                  SELECTIVEINIT
2026-03-30 08:47 Symbol Table                    ..\..\..\withdrawal.f90

 Name                       Object Declared Type            Bytes Dimen Elements Attributes       References                        
                                                                                                                                    
 QSTRFRAC                   Local  847      R(4)            4     2     1        ALC              847                               
 QWDFRAC                    Local  847      R(4)            4     1     1        ALC              847                               
 REAL                       Func   994                                  scalar                    994,1022                          
 RESTART_IN                 Local  767      L(4)            4           scalar                    767,787,965                       
 RSTART                     Module 744                                                            744                               
 SCREENC                    Module 744                                                            744                               
 SEGNUM                     Local  763      CHAR            72          scalar                    763,764,765,768,778,962,963,964,96
                                                                                                  6,976,1044,1045,1046,1048,1075,107
                                                                                                  6,1077,1079                       
 SELD                       Local  847      I(4)            4     1     1        ALC              847,1047,1048,1050,1054,1055,1057,
                                                                                                  1060,1062,1078,1079,1081,1085,1086
                                                                                                  ,1088,1091,1093                   
 SELECTIVE1                 Module 742                                                            742                               
 SELECTIVEINIT              Subr   740                                                                                              
 SELWC                      Module 744                                                            744                               
 SHADEC                     Module 743                                                            743                               
 STRUCTURES                 Module 744                                                            744                               
 SURFHE                     Module 743                                                            743                               
 TAVG                       Local  758      R(8)            8     2     1        ALC              758                               
 TAVGW                      Local  759      R(8)            8     1     1        ALC              759                               
 TCDFREQ                    Local  826      R(4)            4           scalar                    826,829                           
 TCELEV                     Local  845      R(4)            4     2     1        ALC              845,857,861,865,867,999,1001,1027,
                                                                                                  1029                              
 TCELEVCON                  Local  845      CHAR            8     1     1        ALC              845,886,888                       
 TCISEG                     Local  845      I(4)            4     1     1        ALC              845,875,877                       
 TCJB                       Local  845      I(4)            4     1     1        ALC              845,857,861,865,990               
 TCJS                       Local  845      I(4)            4     1     1        ALC              845,857,861,865,867,990,1018      
 TCKLAY                     Local  845      R(4)            4     1     1        ALC              845,875,877                       
 TCNELEV                    Local  845      I(4)            4     1     1        ALC              845,857,861,865,867,998,1026      
 TCNTR                      Local  846      CHAR            8     1     1        ALC              846,857,858,861,864,990,1018      
 TCTEMP                     Local  845      R(4)            4     1     1        ALC              845,857,861,1056,1061             
 TCTEND                     Local  845      R(4)            4     1     1        ALC              845,857,861,996,1024              
 TCTSRT                     Local  845      R(4)            4     1     1        ALC              845,857,861,996,1024              
 TCYEARLY                   Local  846      CHAR            8     1     1        ALC              846,857,859,861,991,1019          
 TDGAS                      Module 744                                                            744                               
 TEMP2                      Local  847      R(4)            4     1     1        ALC              847,1055,1056,1057,1060,1061,1062,
                                                                                                  1092                              
 TEMP3                      Local  903      R(4)            4     1     1        ALC              903,1086,1087,1088,1091,1093      
 TEMPC                      Local  826      CHAR            8           scalar                    826,829,985                       
 TEMPCRIT                   Local  949      R(4)            4     2     1        ALC              949,952,954                       
 TEMPN                      Local  942      I(4)            4           scalar                    942,944,949,950,981               
 TFRQTMP                    Local  823      R(4)            4           scalar                    823,828                           
 TMSTRT                     Local  834      R(4)            4           scalar                    834,839,840,841                   
 TRANS                      Module 744                                                            744                               
 TSPLTC                     Local  895      CHAR            8           scalar                    895,897,1072                      
 TSPLTCNTR                  Local  902      CHAR            8     1     1        ALC              902,911,912,917,925,931           
 TSPLTJB                    Local  901      I(4)            4     1     1        ALC              901,911,917,926                   
 TSPLTT                     Local  901      R(4)            4     1     1        ALC              901,911,917,1087,1092             
 TSTEND                     Local  901      R(4)            4     1     1        ALC              901,911,917                       
 TSTSRT                     Local  901      R(4)            4     1     1        ALC              901,911,917                       
 TSYEARLY                   Local  901      CHAR            8     1     1        ALC              901,911,913,917                   
 TVDC                       Module 744                                                            744                               
 VOLM                       Local  847      R(4)            4     1     1        ALC              847                               
 VOLMC                      Local  949      R(4)            4     2     1        ALC              949                               

Page 32          Source Listing                  SELECTIVEINIT
2026-03-30 08:47                                 ..\..\..\withdrawal.f90

   1106 
   1107 !***************************************************************************************************************************
   1107 ********
   1108 !**                                                   S E L E C T I V E                                                     
   1108       **
   1109 !***************************************************************************************************************************
   1109 ********
   1110 SUBROUTINE SELECTIVE
   1111  USE SELECTIVE1
   1112   USE MAIN
   1113   USE GLOBAL;     USE NAMESC; USE GEOMC;  USE LOGICC; USE PREC;  USE SURFHE;  USE KINETIC; USE SHADEC; USE EDDY
   1114   USE STRUCTURES; USE TRANS;  USE TVDC;   USE SELWC;  USE GDAYC; USE SCREENC; USE TDGAS;   USE RSTART
   1115   
   1116   IMPLICIT NONE
   1117 !** Timestep violation entry point  210 CONTINUE
   1118   INTEGER JJ, JJW, KK, KS, IFILE, KSTR
   1119   REAL DAYTEST, ELR, QALL, TCOMP, TEMPBOT, TEMPEST, TEMPTOP, TMOD, WSEL
   1120 
   1121   IF(TSPLTC=='      ON')THEN    
   1122     DO J=1,NUMTSPLT
   1123       IF(TSYEARLY(J) == '     OFF')THEN
   1124         DAYTEST=JDAY
   1125       ELSE
   1126         DAYTEST=REAL(JDAYG)+JDAY-INT(JDAY)
   1127       END IF
   1128       IF(NXTSPLIT > TSTSRT(J) .AND. DAYTEST <= TSTSRT(J))THEN
   1129         NXTSPLIT=TSTSRT(J)
   1130       END IF
   1131 
   1132 
   1133   IF(DYNSELSPLT(J) == '      ON')THEN
   1134     SELD(J)=1059+J
   1135      DO WHILE (JDAY >= NXSELSPLT(J))
   1136         TSPLTT(J)=TEMP3(J)
   1137                 IF(DYNSPF(J))THEN
   1138                     READ (SELD(J),*) NXSELSPLT(J),TEMP3(J)
   1139                 ELSE
   1140                     READ (SELD(J),'(1000F8.0)') NXSELSPLT(J),TEMP3(J)
   1141                 ENDIF   
   1142     END DO
   1143    ENDIF
   1144    ENDDO
   1145 END IF
   1146 
   1147  IF(TSPLTC=='      ON'.AND.JDAY.GE.NXTSPLIT)THEN  
   1148  
   1149   DO J=1,NUMTSPLT
   1150         IF(TSYEARLY(J) == '     OFF')THEN
   1151             DAYTEST=JDAY
   1152           ELSE
   1153         DAYTEST=REAL(JDAYG)+JDAY-INT(JDAY)
   1154         END IF
   1155    IF(DAYTEST >= TSTSRT(J) .AND. DAYTEST < TSTEND(J))THEN 
   1156 ! DO STRUCTURES FIRST
   1157     DO JW=1,NWB
   1158         DO JB=BS(JW),BE(JW)
   1159             IF(TSPLTJB(J) == JB .AND. TSPLTCNTR(J) == '      ST')THEN

Page 33          Source Listing                  SELECTIVE
2026-03-30 08:47                                 ..\..\..\withdrawal.f90

   1160                 QALL=0.0
   1161                 DO JJ=1,NOUTS(J)
   1162                 QALL=QALL+QSTR(JSTSPLT(J,JJ),TSPLTJB(J))   ! SUM UP ALL THE FLOWS
   1163                 ELR  = SINA(JB)*DLX(DS(JB))*0.5
   1164                     DO K=KTWB(JW),KB(DS(JB))
   1165                     IF (EL(K,DS(JB))-ELR < ESTR(JSTSPLT(J,JJ),TSPLTJB(J))) EXIT                                             
   1165                                   !SW 10/17/01
   1166                     END DO
   1167                 KSTR = K-1
   1168                 KSTRSPLT(JJ) = MIN(KSTR,KB(DS(JB)))
   1169                 ENDDO               
   1170               DO JJ=1,NOUTS(J)               ! cb 11/11/12 dividing total flow between outlets for temperature test - if no 
   1170 flow there is no temperature test
   1171                   QSTR(JSTSPLT(J,JJ),TSPLTJB(J)) = qall/real(nouts(j))
   1172               ENDDO               
   1173               ID=DS(JB)
   1174               ELR  = SINA(JB)*DLX(ID)*0.5          ! CB 10/14/11
   1175               WSEL = ELWS(ID)-ELR                  ! CB 10/14/11
   1176               kt=ktwb(jw)      ! cb 07/24/19
   1177               CALL DOWNSTREAM_WITHDRAWAL_ESTIMATE(JSTSPLT(J,1),TEMPTOP,ESTR(JSTSPLT(J,1),TSPLTJB(J)))
   1178               CALL DOWNSTREAM_WITHDRAWAL_ESTIMATE(JSTSPLT(J,2),TEMPBOT,ESTR(JSTSPLT(J,2),TSPLTJB(J)))
   1179              IF(ESTR(JSTSPLT(J,1),TSPLTJB(J)) > WSEL .AND. ELCONTSPL(J) =='     OFF') THEN   ! NO FLOWS THROUG THIS OUTLET I
   1179 F WSEL BELOW LEVEL OF OUTLET  ! CB 10/14/11
   1180                QSTR(JSTSPLT(J,1),TSPLTJB(J))=0.0
   1181                QSTRFRAC(JSTSPLT(J,1),TSPLTJB(J))=0.0
   1182               
   1183             ELSE IF(TEMPTOP > TSPLTT(J)  .AND.  TEMPBOT > TSPLTT(J) ) THEN   ! NO FLOWS THROUG THIS OUTLET IF T1 AND T2 > TC
   1183 RITERIA
   1184                QSTR(JSTSPLT(J,1),TSPLTJB(J))=0.0
   1185                QSTRFRAC(JSTSPLT(J,1),TSPLTJB(J))=0.0
   1186 
   1187 !ELSEIF(T2(KSTRSPLT(1),DS(JB)) < TSPLTT(J)) THEN   ! ALL FLOWS FROM TOP IF TCRITERIA < TOUTLET
   1188               ELSEIF(TEMPTOP < TSPLTT(J)) THEN   ! ALL FLOWS FROM TOP IF TCRITERIA < TOUTLET
   1189                QSTR(JSTSPLT(J,1),TSPLTJB(J))=QALL
   1190                QSTRFRAC(JSTSPLT(J,1),TSPLTJB(J))=1.0
   1191 
   1192               ELSE
   1193 !QSTR(JSTSPLT(J,1),TSPLTJB(J))=QALL*(TSPLTT(J)-T2(KSTRSPLT(2),DS(JB)))/(T2(KSTRSPLT(1),DS(JB))-T2(KSTRSPLT(2),DS(JB)))
   1194                 IF(ABS(TEMPTOP-TEMPBOT) < 0.0001)THEN
   1195                   QSTR(JSTSPLT(J,1),TSPLTJB(J))=QALL
   1196                   QSTRFRAC(JSTSPLT(J,1),TSPLTJB(J))=1.0
   1197                 ELSE
   1198                   QSTR(JSTSPLT(J,1),TSPLTJB(J))=QALL*(TSPLTT(J)-TEMPBOT)/(TEMPTOP-TEMPBOT)
   1199                   QSTRFRAC(JSTSPLT(J,1),TSPLTJB(J))=QSTR(JSTSPLT(J,1),TSPLTJB(J))/QALL
   1200                 END IF
   1201               ENDIF
   1202 
   1203               QSTR(JSTSPLT(J,2),TSPLTJB(J))=QALL-QSTR(JSTSPLT(J,1),TSPLTJB(J))
   1204               QSTRFRAC(JSTSPLT(J,2),TSPLTJB(J))=QSTR(JSTSPLT(J,2),TSPLTJB(J))/QALL
   1205               write(2900,'(9(f12.4,","))')jday,tspltt(j),TEMPTOP,TEMPBOT,QALL,QSTR(JSTSPLT(J,1),TSPLTJB(J)),QSTR(JSTSPLT(J,2
   1205 ),TSPLTJB(J)),ESTR(JSTSPLT(J,1),TSPLTJB(J)),ESTR(JSTSPLT(J,2),TSPLTJB(J))
   1206              EXIT
   1207              END IF
   1208          END DO
   1209        END DO
   1210 ! DO WITHDRAWALS NEXT
   1211       DO JWD=1,NWD

Page 34          Source Listing                  SELECTIVE
2026-03-30 08:47                                 ..\..\..\withdrawal.f90

   1212             IF(TSPLTCNTR(J) == '      WD')THEN
   1213                 QALL=0.0
   1214                DO JJB=1,NBR
   1215                  IF (IWD(JWD) >= US(JJB) .AND. IWD(JWD) <= DS(JJB)) EXIT
   1216                END DO
   1217                DO JJW=1,NWB
   1218                  IF (JJB >= BS(JJW) .AND. JJB <= BE(JJW)) EXIT
   1219                END DO
   1220                DO JJ=1,NOUTS(J)
   1221                 QALL=QALL+QWD(JSTSPLT(J,JJ))   ! SUM UP ALL THE FLOWS
   1222                 ELR  = SINA(JJB)*DLX(IWD(JWD))*0.5
   1223                     DO K=KTWB(JJW),KB(IWD(JWD))
   1224                     IF (EL(K,IWD(JWD))-ELR < EWD(JSTSPLT(J,JJ))) EXIT                                                       
   1224                         !SW 10/17/01
   1225                     END DO
   1226                 KSTR = K-1
   1227                 KSTRSPLT(JJ) = MIN(KSTR,KB(IWD(JWD)))
   1228                ENDDO
   1229                JJ=1               ! ASSIGN FLOW TO FIRST OUTLET
   1230                WSEL = ELWS(IWD(JWD))-ELR                  ! CB 10/14/11
   1231                I=IWD(JWD)
   1232                kt=ktwb(jjw)      ! cb 07/24/19
   1233                CALL LATERAL_WITHDRAWAL_ESTIMATE(JSTSPLT(J,1),TEMPTOP,EWD(JSTSPLT(J,1)))
   1234                CALL LATERAL_WITHDRAWAL_ESTIMATE(JSTSPLT(J,2),TEMPBOT,EWD(JSTSPLT(J,2)))              
   1235               IF(EWD(JSTSPLT(J,1)) > WSEL .AND. TCELEVCON(J) =='     OFF') THEN
   1236                 QWD(JSTSPLT(J,1))=0.0
   1237                 QWDFRAC(JSTSPLT(J,1))=0.0             
   1238              ELSE IF(TEMPTOP > TSPLTT(J)  .AND.  TEMPBOT > TSPLTT(J) ) THEN   ! NO FLOWS THROUG THIS OUTLET IF T1 AND T2 > T
   1238 CRITERIA
   1239                QWD(JSTSPLT(J,1))=0.0
   1240                QWDFRAC(JSTSPLT(J,1))=0.0
   1241 
   1242               ELSEIF(TEMPTOP < TSPLTT(J)) THEN   ! ALL FLOWS FROM TOP IF TCRITERIA < TOUTLET
   1243                QWD(JSTSPLT(J,1))=QALL
   1244                QWDFRAC(JSTSPLT(J,1))=1.0
   1245 
   1246               ELSE
   1247 !QWD(JSTSPLT(J,1))=QALL*(TSPLTT(J)-T2(KSTRSPLT(2),IWD(JWD)))/(T2(KSTRSPLT(1),IWD(JWD))-T2(KSTRSPLT(2),IWD(JWD)))
   1248                 IF(ABS(TEMPTOP-TEMPBOT) < 0.0001)THEN
   1249                   QWD(JSTSPLT(J,1))=QALL
   1250                   QWDFRAC(JSTSPLT(J,1))=1.0
   1251                 ELSE
   1252                   QWD(JSTSPLT(J,1))=QALL*(TSPLTT(J)-TEMPBOT)/(TEMPTOP-TEMPBOT)
   1253                   QWDFRAC(JSTSPLT(J,1))=QWD(JSTSPLT(J,1))/QALL
   1254                 END IF
   1255               ENDIF
   1256 
   1257               QWD(JSTSPLT(J,2))=QALL-QWD(JSTSPLT(J,1))
   1258               QWDFRAC(JSTSPLT(J,2))=QWD(JSTSPLT(J,2))/QALL
   1259              EXIT
   1260              END IF
   1261        END DO
   1262      ENDIF
   1263      ENDDO
   1264   
   1265    NXTSPLIT=NXTSPLIT+TCDFREQ
   1266   END IF

Page 35          Source Listing                  SELECTIVE
2026-03-30 08:47                                 ..\..\..\withdrawal.f90

   1267   IF(TSPLTC=='      ON')THEN
   1268 
   1269     DO J=1,NUMTSPLT
   1270     IF(TSYEARLY(J) == '     OFF')THEN
   1271             DAYTEST=JDAY
   1272           ELSE
   1273         DAYTEST=REAL(JDAYG)+JDAY-INT(JDAY)
   1274         END IF
   1275     IF(DAYTEST >= TSTSRT(J) .AND. DAYTEST < TSTEND(J))THEN 
   1276 ! DO STRUCTURES FIRST
   1277       DO JW=1,NWB
   1278         DO JB=BS(JW),BE(JW)
   1279             IF(TSPLTJB(J) == JB .AND. TSPLTCNTR(J) == '      ST')THEN
   1280                 QALL=0.0
   1281                 DO JJ=1,NOUTS(J)
   1282                 QALL=QALL+QSTR(JSTSPLT(J,JJ),TSPLTJB(J))   ! SUM UP ALL THE FLOWS
   1283                 ELR  = SINA(JB)*DLX(DS(JB))*0.5
   1284                     DO K=KTWB(JW),KB(DS(JB))
   1285                     IF (EL(K,DS(JB))-ELR < ESTR(JSTSPLT(J,JJ),TSPLTJB(J))) EXIT                                             
   1285                                   !SW 10/17/01
   1286                     END DO
   1287                 KSTR = K-1
   1288                 KSTRSPLT(JJ) = MIN(KSTR,KB(DS(JB)))
   1289                 ENDDO               
   1290               QSTR(JSTSPLT(J,1),TSPLTJB(J))=QSTRFRAC(JSTSPLT(J,1),TSPLTJB(J))*QALL
   1291               QSTR(JSTSPLT(J,2),TSPLTJB(J))=QSTRFRAC(JSTSPLT(J,2),TSPLTJB(J))*QALL
   1292              EXIT
   1293              END IF
   1294         END DO
   1295       END DO
   1296 ! DO WITHDRAWALS NEXT
   1297       DO JWD=1,NWD
   1298             IF(TSPLTCNTR(J) == '      WD')THEN
   1299                 QALL=0.0
   1300                 DO JJB=1,NBR
   1301                   IF (IWD(JWD) >= US(JJB) .AND. IWD(JWD) <= DS(JJB)) EXIT
   1302                 END DO
   1303                 DO JJW=1,NWB
   1304                   IF (JJB >= BS(JJW) .AND. JJB <= BE(JJW)) EXIT
   1305                 END DO
   1306                DO JJ=1,NOUTS(J)
   1307                 QALL=QALL+QWD(JSTSPLT(J,JJ))   ! SUM UP ALL THE FLOWS
   1308                 ELR  = SINA(JJB)*DLX(IWD(JWD))*0.5
   1309                     DO K=KTWB(JJW),KB(IWD(JWD))
   1310                     IF (EL(K,IWD(JWD))-ELR < EWD(JSTSPLT(J,JJ))) EXIT                                                       
   1310                         !SW 10/17/01
   1311                     END DO
   1312                 KSTR = K-1
   1313                 KSTRSPLT(JJ) = MIN(KSTR,KB(IWD(JWD)))
   1314                ENDDO               
   1315                QWD(JSTSPLT(J,1))=  QWDFRAC(JSTSPLT(J,1))*QALL
   1316                QWD(JSTSPLT(J,2))=  QWDFRAC(JSTSPLT(J,2))*QALL
   1317              EXIT
   1318              END IF
   1319       END DO
   1320       ENDIF
   1321     ENDDO

Page 36          Source Listing                  SELECTIVE
2026-03-30 08:47                                 ..\..\..\withdrawal.f90

   1322    
   1323   ENDIF   
   1324  
   1325 
   1326       IF (JDAY.GE.NXTSTR) THEN
   1327         NXTSTR = NXTSTR+TFRQTMP   
   1328         IFILE=1949
   1329         DO JB=1,NBR
   1330             IF(NSTR(JB) > 0)THEN
   1331             IFILE=IFILE+1
   1332             WRITE (IFILE,'(F10.4,",",<NSTR(JB)>(F10.2,","),<NSTR(JB)>(F10.2,","),<NSTR(JB)>(F10.2,","))') JDAY,(TAVG(I,JB),I
   1332 =1,NSTR(JB)),(QSTR(I,JB),I=1,NSTR(JB)),(ESTR(I,JB),I=1,NSTR(JB))
   1333             END IF
   1334          ENDDO          
   1335           IF(NWD > 0)THEN
   1336             IFILE=IFILE+1
   1337             WRITE (IFILE,'(F10.4,<NWD>F10.2,<NWD>F10.2,<NWD>F10.2)') JDAY,(TAVGW(I),I=1,NWD),(QWD(I),I=1,NWD),(EWD(I),I=1,NW
   1337 D)
   1338           END IF
   1339 ! TEMPERATURE CONTROL LOGIC
   1340 
   1341 ! COMPUTING RESERVOIR VOLUME AND VOLUME BELOW 'TEMPCRIT'
   1342         VOLMC=0.0
   1343         VOLM=0.0
   1344         DO JW=1,NWB
   1345          KT = KTWB(JW)
   1346            DO JB=BS(JW),BE(JW)           
   1347              DO I=CUS(JB),DS(JB)
   1348                VOLM(JW) = VOLM(JW) +BH2(KT,I)*DLX(I)               
   1349                DO K=KT+1,KB(I)
   1350                  VOLM(JW) = VOLM(JW)+BH(K,I)*DLX(I)               
   1351                END DO
   1352                DO KK=1,TEMPN                                         
   1353                  IF(T2(KT,I).LE.TEMPCRIT(JW,KK))VOLMC(JW,KK) = VOLMC(JW,KK)+BH2(KT,I)*DLX(I)                                
   1353                  
   1354                  DO K=KT+1,KB(I)                 
   1355                    IF(T2(K,I).LE.TEMPCRIT(JW,KK))VOLMC(JW,KK) = VOLMC(JW,KK)+BH(K,I)*DLX(I)
   1356                  END DO
   1357                END DO               
   1358              END DO         
   1359            END DO
   1360      
   1361          IFILE=IFILE+1
   1362          WRITE(IFILE,5315)JDAY,VOLM(JW),(VOLMC(JW,KK), KK=1,TEMPN)
   1363 5315     FORMAT(F8.2,100(G12.4,G12.4))
   1364        ENDDO
   1365          
   1366       ENDIF
   1367 
   1368 
   1369 
   1370 IF(TEMPC=='      ON'.AND.JDAY.GE.NXTTCD)THEN  
   1371 
   1372 ! IF DYNAMIC SELECTIVE CHANGE TEMPERATURE
   1373 
   1374  DO J=1,NUMTEMPC
   1375   IF(DYNSEL(J) == '      ON')THEN

Page 37          Source Listing                  SELECTIVE
2026-03-30 08:47                                 ..\..\..\withdrawal.f90

   1376     SELD(J)=1009+J
   1377      DO WHILE (JDAY >= NXSEL(J))
   1378         TCTEMP(J)=TEMP2(J)
   1379                 IF(DYNSF(J))THEN
   1380                     READ (SELD(J),*) NXSEL(J),TEMP2(J)
   1381                 ELSE
   1382                     READ (SELD(J),'(1000F8.0)') NXSEL(J),TEMP2(J)
   1383                 ENDIF   
   1384     END DO
   1385    ENDIF
   1386   ENDDO
   1387 
   1388   
   1389 ! STRUCTURES
   1390   
   1391   DO JW=1,NWB
   1392    DO JB=BS(JW),BE(JW)
   1393     DO JS=1,NST
   1394      DO J=1,NUMTEMPC      
   1395 
   1396           
   1397       IF(TCJB(J) == JB .AND. TCJS(J) == JS .AND.  TCNTR(J) == '      ST')THEN
   1398           IF(TCISEG(J).EQ.0)THEN
   1399             TCOMP=TAVG(TCJS(J),TCJB(J))   !CB 9/8/06   TAVG(JSMON(J),JBMON(J))
   1400           ELSEIF(TCISEG(J) < 0)THEN
   1401             TCOMP=TWDO(ABS(TCISEG(J)))      ! SW 11/26/10
   1402           ELSE
   1403 
   1404 ! CHECKING TO SEE IF THE MONITORING SEGMENT TCISEG IS IN THE SAME BRANCH AND WATER BODY AS THE STRUCTURE
   1405             DO JJB=1,NBR
   1406               IF (TCISEG(J) >= US(JJB) .AND. TCISEG(J) <= DS(JJB)) EXIT
   1407             END DO
   1408             DO JJW=1,NWB
   1409               IF (JJB >= BS(JJW) .AND. JJB <= BE(JJW)) EXIT
   1410             END DO
   1411 
   1412             IF (TCKLAY(J)< 0) THEN                                                                                       
   1413               K = INT(ABS(TCKLAY(J)))
   1414             ELSE
   1415               DO K=KTWB(JJW),KB(TCISEG(J))
   1416                 IF (DEPTHB(K,TCISEG(J)) > TCKLAY(J)) EXIT                                                                   
   1416    
   1417               END DO
   1418               K = MIN(K,KB(TCISEG(J)))                                                                                      
   1418    
   1419             END IF
   1420             TCOMP=T2(K,TCISEG(J))
   1421           ENDIF
   1422           IF(TCYEARLY(J) == '     OFF')THEN
   1423             DAYTEST=JDAY
   1424           ELSE
   1425             DAYTEST=REAL(JDAYG)+JDAY-INT(JDAY)
   1426           END IF          
   1427           IF(DAYTEST >= TCTSRT(J) .AND. DAYTEST < TCTEND(J))THEN
   1428                ACTIVE_RULE_W2SELECTIVE(JS,JB)=.TRUE.
   1429                IF(TCOMP > TCTEMP(J) .AND. TCNELEV(J) > NCOUNTC(JS,JB))THEN
   1430 ! MAKING SURE THAT THE NEXT LOWER STRUCTURE FOR A PARTICULAR 'J' IS FOUND

Page 38          Source Listing                  SELECTIVE
2026-03-30 08:47                                 ..\..\..\withdrawal.f90

   1431                  DO NN=NCOUNTC(JS,JB)+1,TCNELEV(J)                 
   1432                    IF(TCELEV(J,NN) < ESTR(JS,JB))THEN
   1433                       NCOUNTC(JS,JB)=NN
   1434                       ESTR(JS,JB)=TCELEV(J,NCOUNTC(JS,JB))
   1435                       EXIT
   1436                    END IF                 
   1437                  END DO                                               
   1438                ELSEIF(TCOMP < TCTEMP(J) .AND.  NCOUNTC(JS,JB).GT. 1)THEN
   1439 ! TO PREVENT THIS HAPPENING AT EACH TIME IT CHECKS IT AND HENCE OSCIALLTING BACK AND FORTH - CHECK THE TEMP AT THE UPPER OUT
   1439 LET ALSO
   1440                  IF(TCISEG(J) > 0)THEN  
   1441                     IF(JB.EQ.JJB)THEN
   1442                       DO KS=KTWB(JW),KB(DS(JB))
   1443                         IF (DEPTHB(KS,TCISEG(J)) > TCELEV(J,NCOUNTC(JS,JB)-1)) EXIT                                         
   1443                                  !TC 01/03/02
   1444                       END DO
   1445                       KS = MIN(KS,KB(TCISEG(J)))
   1446                       TMOD= T2(KS,DS(JB))
   1447                     ELSE
   1448                       TMOD=T2(K,TCISEG(J))                      
   1449                     END IF
   1450                     IF(TMOD < TCTEMP(J) .AND. TCELEV(J,NCOUNTC(JS,JB)-1) < ELWS(DS(JB)))THEN                      
   1451 ! MAKING SURE THAT THE NEXT UPPER STRUCTURE FOR A PARTICULAR 'J' IS FOUND
   1452                       DO NN=NCOUNTC(JS,JB)-1,1,-1
   1453                         IF(TCELEV(J,NN) > ESTR(JS,JB))THEN
   1454                           NCOUNTC(JS,JB)=NN
   1455                           ESTR(JS,JB)=TCELEV(J,NCOUNTC(JS,JB))
   1456                           EXIT
   1457                         END IF                 
   1458                       END DO
   1459                     ENDIF
   1460                  END IF  ! CB 9/8/06
   1461                  IF(TCISEG(J).EQ.0)THEN
   1462 ! CALCULATE THE ESTIMATED OUTFLOW TEMPERATURE AT HIGHER PORTS WHEN TCOMP<TCTEMP(J), AND MOVE UP IF HIGHER PORT STILL MEETS T
   1462 O CRITERIA - THIS DOESN'T HAPPEN WHEN TCISEG < 0
   1463                    DO NN=1,NCOUNTC(JS,JB)-1
   1464                      ID=DS(JB)
   1465                      KT=KTWB(JW)                     
   1466                      CALL DOWNSTREAM_WITHDRAWAL_ESTIMATE(JS,TEMPEST,TCELEV(J,NN))
   1467                      IF(TEMPEST < TCTEMP(J) .AND. TCELEV(J,NN) < ELWS(DS(JB)))THEN
   1468                        NCOUNTC(JS,JB)=NN
   1469                        ESTR(JS,JB)=TCELEV(J,NCOUNTC(JS,JB))
   1470                        EXIT
   1471                      END IF
   1472                    END DO
   1473                  END IF
   1474                ENDIF
   1475                IF(TCELEVCON(J) =='      ON' .AND. TCNELEV(J) > NCOUNTC(JS,JB).AND. ESTR(JS,JB) > (ELWS(DS(JB))-MINWL(J)))THE
   1475 N  
   1476                  NCOUNTC(JS,JB)=NCOUNTC(JS,JB)+1
   1477                  ESTR(JS,JB)=TCELEV(J,NCOUNTC(JS,JB))
   1478                END IF
   1479           ELSE
   1480               ACTIVE_RULE_W2SELECTIVE(JS,JB)=.FALSE.
   1481           ENDIF          
   1482       ENDIF            
   1483      END DO

Page 39          Source Listing                  SELECTIVE
2026-03-30 08:47                                 ..\..\..\withdrawal.f90

   1484     END DO
   1485    END DO
   1486   ENDDO
   1487   
   1488 ! Withdrawals
   1489   
   1490 
   1491   DO JWD=1,NWD
   1492      DO J=1,NUMTEMPC
   1493       IF(TCJS(J) == JWD .AND.  TCNTR(J) == '      WD')THEN
   1494           IF(TCISEG(J).EQ.0)THEN
   1495 !           TCOMP=TOUT(JB)
   1496             TCOMP=TAVGW(TCJS(J))   !CB 9/8/06   TAVGW(JSMON(J))
   1497           ELSEIF(TCISEG(J) < 0)THEN  
   1498             TCOMP=TWDO(ABS(TCISEG(J)))
   1499           ELSE
   1500 
   1501 ! CHECKING TO SEE IF THE MONITORING SEGMENT TCISEG IS IN THE SAME BRANCH AND WATER BODY AS THE WITHDRAWAL
   1502             DO JJB=1,NBR
   1503               IF (TCISEG(J) >= US(JJB) .AND. TCISEG(J) <= DS(JJB)) EXIT
   1504             END DO
   1505             DO JJW=1,NWB
   1506               IF (JJB >= BS(JJW) .AND. JJB <= BE(JJW)) EXIT
   1507             END DO
   1508 
   1509             IF (TCKLAY(J)< 0) THEN                                                                                       
   1510               K = INT(ABS(TCKLAY(J)))
   1511             ELSE
   1512               DO K=KTWB(JJW),KB(TCISEG(J))
   1513                 IF (DEPTHB(K,TCISEG(J)) > TCKLAY(J)) EXIT                                                                   
   1513    
   1514               END DO
   1515               K = MIN(K,KB(TCISEG(J)))                                                                                      
   1515    
   1516             END IF
   1517             TCOMP=T2(K,TCISEG(J))
   1518           ENDIF
   1519           IF(TCYEARLY(J) == '     OFF')THEN
   1520             DAYTEST=JDAY
   1521           ELSE
   1522             DAYTEST=REAL(JDAYG)+JDAY-INT(JDAY)
   1523           END IF
   1524           IF(DAYTEST >= TCTSRT(J) .AND. DAYTEST < TCTEND(J))THEN
   1525                IF(TCOMP > TCTEMP(J) .AND. TCNELEV(J) > NCOUNTCW(JWD))THEN
   1526 ! MAKING SURE THAT THE NEXT LOWER STRUCTURE FOR A PARTICULAR 'J' IS FOUND
   1527                  DO NN=NCOUNTCW(JWD)+1,TCNELEV(J)                 
   1528                    IF(TCELEV(J,NN) < EWD(JWD))THEN
   1529                       NCOUNTCW(JWD)=NN
   1530                       EWD(JWD)=TCELEV(J,NCOUNTCW(JWD))
   1531                       EXIT
   1532                    END IF                 
   1533                  END DO                                               
   1534                ELSEIF(TCOMP < TCTEMP(J) .AND.  NCOUNTCW(JWD).GT. 1)THEN
   1535 ! TO PREVENT THIS HAPPENING AT EACH TIME IT CHECKS IT AND HENCE OSCIALLTING BACK AND FORTH - CHECK THE TEMP AT THE UPPER OUT
   1535 LET ALSO
   1536                  IF(TCISEG(J) >  0)THEN  
   1537                       TMOD=T2(K,TCISEG(J))                      

Page 40          Source Listing                  SELECTIVE
2026-03-30 08:47                                 ..\..\..\withdrawal.f90

   1538                     IF(TMOD < TCTEMP(J) .AND. TCELEV(J,NCOUNTCW(JWD)-1) < ELWS(IWD(JWD)))THEN                      
   1539 ! MAKING SURE THAT THE NEXT UPPER STRUCTURE FOR A PARTICULAR 'J' IS FOUND
   1540                       DO NN=NCOUNTCW(JWD)-1,1,-1
   1541                         IF(TCELEV(J,NN) > EWD(JWD))THEN
   1542                           NCOUNTCW(JWD)=NN
   1543                           EWD(JWD)=TCELEV(J,NCOUNTCW(JWD))
   1544                           EXIT
   1545                         END IF                 
   1546                       END DO
   1547                     ENDIF
   1548                  END IF  ! CB 9/8/06
   1549                  IF(TCISEG(J) == 0)THEN
   1550 ! CALCULATE THE ESTIMATED OUTFLOW TEMPERATURE AT HIGHER PORTS WHEN TCOMP<TCTEMP(J), AND MOVE UP IF HIGHER PORT STILL MEETS T
   1550 O CRITERIA
   1551                    I         = MAX(CUS(JBWD(JWD)),IWD(JWD))
   1552                    DO NN=1,NCOUNTCW(JWD)-1                     
   1553                      CALL LATERAL_WITHDRAWAL_ESTIMATE(JWD,TEMPEST,TCELEV(J,NN))
   1554                      IF(TEMPEST < TCTEMP(J) .AND. TCELEV(J,NN) < ELWS(IWD(JWD)))THEN
   1555                        NCOUNTCW(JWD)=NN
   1556                        EWD(JWD)=TCELEV(J,NCOUNTCW(JWD))
   1557                        EXIT
   1558                      END IF
   1559                    END DO
   1560                  END IF
   1561                ENDIF
   1562                IF(TCELEVCON(J) =='      ON' .AND. TCNELEV(J) > NCOUNTCW(JWD).AND. EWD(JWD) > ELWS(IWD(JWD)))THEN  
   1563                  NCOUNTCW(JWD)=NCOUNTCW(JWD)+1
   1564                  EWD(JWD)=TCELEV(J,NCOUNTCW(JWD))
   1565                END IF
   1566           ENDIF          
   1567       ENDIF            
   1568      END DO
   1569   ENDDO
   1570   
   1571   NXTTCD = NXTTCD+TCDFREQ    
   1572 ENDIF  
   1573   
   1574 RETURN
   1575 ENTRY DEALLOCATE_SELECTIVE

Page 41          Source Listing                  SELECTIVE
2026-03-30 08:47 Entry Points                    ..\..\..\withdrawal.f90



ENTRY POINTS

 Address      Type  Name                   Address      Type  Name                 
                                                                                   
       DEALLOCATE_SELECTIVE                      SELECTIVE                         


SYMBOL CROSS REFERENCE

 Name                       Object Declared Type            Bytes Dimen Elements Attributes       References                        
                                                                                                                                    
 5315                       Label  1363                                                           1362                              
 ABS                        Func   1194                                 scalar                    1194,1248,1401,1413,1498,1510     
 ACTIVE_RULE_W2SELECTIVE    Local  1428     L(4)            4     2     1        ALC              1428,1480                         
 BE                         Local  1158     I(4)            4     1     1        ALC              1158,1218,1278,1304,1346,1392,1409
                                                                                                  ,1506                             
 BH                         Local  1350     R(8)            8     2     1        ALC              1350,1355                         
 BH2                        Local  1348     R(8)            8     2     1        ALC              1348,1353                         
 BS                         Local  1158     I(4)            4     1     1        ALC              1158,1218,1278,1304,1346,1392,1409
                                                                                                  ,1506                             
 CUS                        Local  1347     I(4)            4     1     1        ALC              1347,1551                         
 DAYTEST                    Local  1119     R(4)            4           scalar                    1124,1126,1128,1151,1153,1155,1271
                                                                                                  ,1273,1275,1423,1425,1427,1520,152
                                                                                                  2,1524                            
 DEALLOCATE_SELECTIVE       Subr   1575                                                                                             
 DEPTHB                     Local  1416     R(8)            8     2     1        ALC              1416,1443,1513                    
 DLX                        Local  1163     R(8)            8     1     1        ALC              1163,1174,1222,1283,1308,1348,1350
                                                                                                  ,1353,1355                        
 DOWNSTREAM_WITHDRAWAL_EST                                                                                                          
 MATE                       Subr   1177                                                           1177,1178,1466                    
 DS                         Local  1163     I(4)            4     1     1        ALC              1163,1164,1165,1168,1173,1215,1283
                                                                                                  ,1284,1285,1288,1301,1347,1406,144
                                                                                                  2,1446,1450,1464,1467,1475,1503   
 DYNSEL                     Local  1375     CHAR            8     1     1        ALC              1375,1580                         
 DYNSELSPLT                 Local  1133     CHAR            8     1     1        ALC              1133,1580                         
 DYNSF                      Local  1379     L(4)            4     1     1        ALC              1379,1580                         
 DYNSPF                     Local  1137     L(4)            4     1     1        ALC              1137,1580                         
 EDDY                       Module 1113                                                           1113                              
 EL                         Local  1165     R(8)            8     2     1        ALC              1165,1224,1285,1310               
 ELCONTSPL                  Local  1179     CHAR            8     1     1        ALC              1179,1577                         
 ELR                        Local  1119     R(4)            4           scalar                    1163,1165,1174,1175,1222,1224,1230
                                                                                                  ,1283,1285,1308,1310              
 ELWS                       Local  1175     R(8)            8     1     1        ALC              1175,1230,1450,1467,1475,1538,1554
                                                                                                  ,1562                             
 ESTR                       Local  1165     R(4)            4     2     1        ALC              1165,1177,1178,1179,1205,1285,1332
                                                                                                  ,1432,1434,1453,1455,1469,1475,147
                                                                                                  7                                 
 EWD                        Local  1224     R(4)            4     1     1        ALC              1224,1233,1234,1235,1310,1337,1528
                                                                                                  ,1530,1541,1543,1556,1562,1564    
 GDAYC                      Module 1114                                                           1114                              
 GEOMC                      Module 1113                                                           1113                              
 GLOBAL                     Module 1113                                                           1113                              
 I                          Local  1231     I(4)            4           scalar                    1231,1332,1337,1347,1348,1349,1350
                                                                                                  ,1353,1354,1355,1551              
 ID                         Local  1173     I(4)            4           scalar                    1173,1174,1175,1464               

Page 42          Source Listing                  SELECTIVE
2026-03-30 08:47 Symbol Table                    ..\..\..\withdrawal.f90

 Name                       Object Declared Type            Bytes Dimen Elements Attributes       References                        
                                                                                                                                    
 IFILE                      Local  1118     I(4)            4           scalar                    1328,1331,1332,1336,1337,1361,1362
 INT                        Func   1126                                 scalar                    1126,1153,1273,1413,1425,1510,1522
 IWD                        Local  1215     I(4)            4     1     1        ALC              1215,1222,1223,1224,1227,1230,1231
                                                                                                  ,1301,1308,1309,1310,1313,1538,155
                                                                                                  1,1554,1562                       
 J                          Local  1122     I(4)            4           scalar                    1122,1123,1128,1129,1133,1134,1135
                                                                                                  ,1136,1137,1138,1140,1149,1150,115
                                                                                                  5,1159,1161,1162,1165,1170,1171,11
                                                                                                  77,1178,1179,1180,1181,1183,1184,1
                                                                                                  185,1188,1189,1190,1195,1196,1198,
                                                                                                  1199,1203,1204,1205,1212,1220,1221
                                                                                                  ,1224,1233,1234,1235,1236,1237,123
                                                                                                  8,1239,1240,1242,1243,1244,1249,12
                                                                                                  50,1252,1253,1257,1258,1269,1270,1
                                                                                                  275,1279,1281,1282,1285,1290,1291,
                                                                                                  1298,1306,1307,1310,1315,1316,1374
                                                                                                  ,1375,1376,1377,1378,1379,1380,138
                                                                                                  2,1394,1397,1398,1399,1400,1401,14
                                                                                                  06,1412,1413,1415,1416,1418,1420,1
                                                                                                  422,1427,1429,1431,1432,1434,1438,
                                                                                                  1440,1443,1445,1448,1450,1453,1455
                                                                                                  ,1461,1466,1467,1469,1475,1477,149
                                                                                                  2,1493,1494,1496,1497,1498,1503,15
                                                                                                  09,1510,1512,1513,1515,1517,1519,1
                                                                                                  524,1525,1527,1528,1530,1534,1536,
                                                                                                  1537,1538,1541,1543,1549,1553,1554
                                                                                                  ,1556,1562,1564                   
 JB                         Local  1158     I(4)            4           scalar                    1158,1159,1163,1164,1165,1168,1173
                                                                                                  ,1174,1278,1279,1283,1284,1285,128
                                                                                                  8,1329,1330,1332,1346,1347,1392,13
                                                                                                  97,1428,1429,1431,1432,1433,1434,1
                                                                                                  438,1441,1442,1443,1446,1450,1452,
                                                                                                  1453,1454,1455,1463,1464,1467,1468
                                                                                                  ,1469,1475,1476,1477,1480         
 JBMON                      Local  1578     I(4)            4     1     1        ALC              1578                              
 JBWD                       Local  1551     I(4)            4     1     1        ALC              1551                              
 JDAY                       Local  1124     R(8)            8           scalar                    1124,1126,1135,1147,1151,1153,1205
                                                                                                  ,1271,1273,1326,1332,1337,1362,137
                                                                                                  0,1377,1423,1425,1520,1522        
 JDAYG                      Local  1126     I(4)            4           scalar                    1126,1153,1273,1425,1522          
 JJ                         Local  1118     I(4)            4           scalar                    1161,1162,1165,1168,1170,1171,1220
                                                                                                  ,1221,1224,1227,1229,1281,1282,128
                                                                                                  5,1288,1306,1307,1310,1313        
 JJB                        Local  1214     I(4)            4           scalar                    1214,1215,1218,1222,1300,1301,1304
                                                                                                  ,1308,1405,1406,1409,1441,1502,150
                                                                                                  3,1506                            
 JJW                        Local  1118     I(4)            4           scalar                    1217,1218,1223,1232,1303,1304,1309
                                                                                                  ,1408,1409,1415,1505,1506,1512    
 JS                         Local  1393     I(4)            4           scalar                    1393,1397,1428,1429,1431,1432,1433
                                                                                                  ,1434,1438,1443,1450,1452,1453,145
                                                                                                  4,1455,1463,1466,1468,1469,1475,14
                                                                                                  76,1477,1480                      
 JSMON                      Local  1578     I(4)            4     1     1        ALC              1578                              
 JSTSPLT                    Local  1162     I(4)            4     2     1        ALC              1162,1165,1171,1177,1178,1179,1180
                                                                                                  ,1181,1184,1185,1189,1190,1195,119

Page 43          Source Listing                  SELECTIVE
2026-03-30 08:47 Symbol Table                    ..\..\..\withdrawal.f90

 Name                       Object Declared Type            Bytes Dimen Elements Attributes       References                        
                                                                                                                                    
                                                                                                  6,1198,1199,1203,1204,1205,1221,12
                                                                                                  24,1233,1234,1235,1236,1237,1239,1
                                                                                                  240,1243,1244,1249,1250,1252,1253,
                                                                                                  1257,1258,1282,1285,1290,1291,1307
                                                                                                  ,1310,1315,1316,1578              
 JSTSPLTT                   Local  1578     I(4)            4     2     1        ALC              1578                              
 JW                         Local  1157     I(4)            4           scalar                    1157,1158,1164,1176,1277,1278,1284
                                                                                                  ,1344,1345,1346,1348,1350,1353,135
                                                                                                  5,1362,1391,1392,1442,1465        
 JWD                        Local  1211     I(4)            4           scalar                    1211,1215,1222,1223,1224,1227,1230
                                                                                                  ,1231,1297,1301,1308,1309,1310,131
                                                                                                  3,1491,1493,1525,1527,1528,1529,15
                                                                                                  30,1534,1538,1540,1541,1542,1543,1
                                                                                                  551,1552,1553,1554,1555,1556,1562,
                                                                                                  1563,1564                         
 K                          Local  1164     I(4)            4           scalar                    1164,1165,1167,1223,1224,1226,1284
                                                                                                  ,1285,1287,1309,1310,1312,1349,135
                                                                                                  0,1354,1355,1413,1415,1416,1418,14
                                                                                                  20,1448,1510,1512,1513,1515,1517,1
                                                                                                  537                               
 KB                         Local  1164     I(4)            4     1     1        ALC              1164,1168,1223,1227,1284,1288,1309
                                                                                                  ,1313,1349,1354,1415,1418,1442,144
                                                                                                  5,1512,1515                       
 KINETIC                    Module 1113                                                           1113                              
 KK                         Local  1118     I(4)            4           scalar                    1352,1353,1355,1362               
 KS                         Local  1118     I(4)            4           scalar                    1442,1443,1445,1446               
 KSTR                       Local  1118     I(4)            4           scalar                    1167,1168,1226,1227,1287,1288,1312
                                                                                                  ,1313                             
 KSTRSPLT                   Local  1168     I(4)            4     1     1        ALC              1168,1227,1288,1313,1578          
 KT                         Local  1176     I(4)            4           scalar                    1176,1232,1345,1348,1349,1353,1354
                                                                                                  ,1465                             
 KTWB                       Local  1164     I(4)            4     1     1        ALC              1164,1176,1223,1232,1284,1309,1345
                                                                                                  ,1415,1442,1465,1512              
 LA                         Label  1332                                                                                             
 LATERAL_WITHDRAWAL_ESTIMA                                                                                                          
 E                          Subr   1233                                                           1233,1234,1553                    
 LB                         Label  1332                                                                                             
 LC                         Label  1337                                                                                             
 LD                         Label  1337                                                                                             
 LOGICC                     Module 1113                                                           1113                              
 MAIN                       Module 1112                                                           1112                              
 MAX                        Func   1551                                 scalar                    1551                              
 MIN                        Func   1168                                 scalar                    1168,1227,1288,1313,1418,1445,1515
 MINWL                      Local  1475     R(4)            4     1     1        ALC              1475,1579                         
 NAMESC                     Module 1113                                                           1113                              
 NBR                        Local  1214     I(4)            4           scalar                    1214,1300,1329,1405,1502          
 NCOUNTC                    Local  1429     I(4)            4     2     1        ALC              1429,1431,1433,1434,1438,1443,1450
                                                                                                  ,1452,1454,1455,1463,1468,1469,147
                                                                                                  5,1476,1477,1577                  
 NCOUNTCW                   Local  1525     I(4)            4     1     1        ALC              1525,1527,1529,1530,1534,1538,1540
                                                                                                  ,1542,1543,1552,1555,1556,1562,156
                                                                                                  3,1564,1579                       
 NN                         Local  1431     I(4)            4           scalar                    1431,1432,1433,1452,1453,1454,1463
                                                                                                  ,1466,1467,1468,1527,1528,1529,154
                                                                                                  0,1541,1542,1552,1553,1554,1555   

Page 44          Source Listing                  SELECTIVE
2026-03-30 08:47 Symbol Table                    ..\..\..\withdrawal.f90

 Name                       Object Declared Type            Bytes Dimen Elements Attributes       References                        
                                                                                                                                    
 NOUTS                      Local  1161     I(4)            4     1     1        ALC              1161,1170,1171,1220,1281,1306,1578
 NST                        Local  1393     I(4)            4           scalar                    1393                              
 NSTR                       Local  1330     I(4)            4     1     1        ALC              1330,1332                         
 NUMTEMPC                   Local  1374     I(4)            4           scalar                    1374,1394,1492                    
 NUMTSPLT                   Local  1122     I(4)            4           scalar                    1122,1149,1269                    
 NWB                        Local  1157     I(4)            4           scalar                    1157,1217,1277,1303,1344,1391,1408
                                                                                                  ,1505                             
 NWD                        Local  1211     I(4)            4           scalar                    1211,1297,1335,1337,1491          
 NXSEL                      Local  1377     R(4)            4     1     1        ALC              1377,1380,1382,1580               
 NXSELSPLT                  Local  1135     R(4)            4     1     1        ALC              1135,1138,1140,1580               
 NXTSPLIT                   Local  1128     R(4)            4           scalar                    1128,1129,1147,1265               
 NXTSTR                     Local  1326     R(4)            4           scalar                    1326,1327                         
 NXTTCD                     Local  1370     R(4)            4           scalar                    1370,1571                         
 PREC                       Module 1113                                                           1113                              
 QALL                       Local  1119     R(4)            4           scalar                    1160,1162,1171,1189,1195,1198,1199
                                                                                                  ,1203,1204,1205,1213,1221,1243,124
                                                                                                  9,1252,1253,1257,1258,1280,1282,12
                                                                                                  90,1291,1299,1307,1315,1316       
 QSTR                       Local  1162     R(8)            8     2     1        ALC              1162,1171,1180,1184,1189,1195,1198
                                                                                                  ,1199,1203,1204,1205,1282,1290,129
                                                                                                  1,1332                            
 QSTRFRAC                   Local  1181     R(4)            4     2     1        ALC              1181,1185,1190,1196,1199,1204,1290
                                                                                                  ,1291,1579                        
 QWD                        Local  1221     R(8)            8     1     1        ALC              1221,1236,1239,1243,1249,1252,1253
                                                                                                  ,1257,1258,1307,1315,1316,1337    
 QWDFRAC                    Local  1237     R(4)            4     1     1        ALC              1237,1240,1244,1250,1253,1258,1315
                                                                                                  ,1316,1579                        
 REAL                       Func   1126                                 scalar                    1126,1153,1171,1273,1425,1522     
 RSTART                     Module 1114                                                           1114                              
 SCREENC                    Module 1114                                                           1114                              
 SELD                       Local  1134     I(4)            4     1     1        ALC              1134,1138,1140,1376,1380,1382,1580
 SELECTIVE                  Subr   1110                                                                                             
 SELECTIVE1                 Module 1111                                                           1111                              
 SELWC                      Module 1114                                                           1114                              
 SHADEC                     Module 1113                                                           1113                              
 SINA                       Local  1163     R(8)            8     1     1        ALC              1163,1174,1222,1283,1308          
 STRUCTURES                 Module 1114                                                           1114                              
 SURFHE                     Module 1113                                                           1113                              
 T2                         Local  1353     R(8)            8     2     1        PTR              1353,1355,1420,1446,1448,1517,1537
 TAVG                       Local  1332     R(8)            8     2     1        ALC              1332,1399                         
 TAVGW                      Local  1337     R(8)            8     1     1        ALC              1337,1496                         
 TCDFREQ                    Local  1265     R(4)            4           scalar                    1265,1571                         
 TCELEV                     Local  1432     R(4)            4     2     1        ALC              1432,1434,1443,1450,1453,1455,1466
                                                                                                  ,1467,1469,1477,1528,1530,1538,154
                                                                                                  1,1543,1553,1554,1556,1564,1577   
 TCELEVCON                  Local  1235     CHAR            8     1     1        ALC              1235,1475,1562,1577               
 TCISEG                     Local  1398     I(4)            4     1     1        ALC              1398,1400,1401,1406,1415,1416,1418
                                                                                                  ,1420,1440,1443,1445,1448,1461,149
                                                                                                  4,1497,1498,1503,1512,1513,1515,15
                                                                                                  17,1536,1537,1549,1577            
 TCJB                       Local  1397     I(4)            4     1     1        ALC              1397,1399,1577                    
 TCJS                       Local  1397     I(4)            4     1     1        ALC              1397,1399,1493,1496,1577          
 TCKLAY                     Local  1412     R(4)            4     1     1        ALC              1412,1413,1416,1509,1510,1513,1577
 TCNELEV                    Local  1429     I(4)            4     1     1        ALC              1429,1431,1475,1525,1527,1562,1577
 TCNTR                      Local  1397     CHAR            8     1     1        ALC              1397,1493,1578                    

Page 45          Source Listing                  SELECTIVE
2026-03-30 08:47 Symbol Table                    ..\..\..\withdrawal.f90

 Name                       Object Declared Type            Bytes Dimen Elements Attributes       References                        
                                                                                                                                    
 TCOMP                      Local  1119     R(4)            4           scalar                    1399,1401,1420,1429,1438,1496,1498
                                                                                                  ,1517,1525,1534                   
 TCTEMP                     Local  1378     R(4)            4     1     1        ALC              1378,1429,1438,1450,1467,1525,1534
                                                                                                  ,1538,1554,1577                   
 TCTEND                     Local  1427     R(4)            4     1     1        ALC              1427,1524,1577                    
 TCTSRT                     Local  1427     R(4)            4     1     1        ALC              1427,1524,1577                    
 TCYEARLY                   Local  1422     CHAR            8     1     1        ALC              1422,1519,1578                    
 TDGAS                      Module 1114                                                           1114                              
 TEMP2                      Local  1378     R(4)            4     1     1        ALC              1378,1380,1382,1580               
 TEMP3                      Local  1136     R(4)            4     1     1        ALC              1136,1138,1140,1580               
 TEMPBOT                    Local  1119     R(4)            4           scalar                    1178,1183,1194,1198,1205,1234,1238
                                                                                                  ,1248,1252                        
 TEMPC                      Local  1370     CHAR            8           scalar                    1370                              
 TEMPCRIT                   Local  1353     R(4)            4     2     1        ALC              1353,1355,1580                    
 TEMPEST                    Local  1119     R(4)            4           scalar                    1466,1467,1553,1554               
 TEMPN                      Local  1352     I(4)            4           scalar                    1352,1362                         
 TEMPTOP                    Local  1119     R(4)            4           scalar                    1177,1183,1188,1194,1198,1205,1233
                                                                                                  ,1238,1242,1248,1252              
 TFRQTMP                    Local  1327     R(4)            4           scalar                    1327                              
 TMOD                       Local  1119     R(4)            4           scalar                    1446,1448,1450,1537,1538          
 TRANS                      Module 1114                                                           1114                              
 TSPLTC                     Local  1121     CHAR            8           scalar                    1121,1147,1267                    
 TSPLTCNTR                  Local  1159     CHAR            8     1     1        ALC              1159,1212,1279,1298,1578          
 TSPLTJB                    Local  1159     I(4)            4     1     1        ALC              1159,1162,1165,1171,1177,1178,1179
                                                                                                  ,1180,1181,1184,1185,1189,1190,119
                                                                                                  5,1196,1198,1199,1203,1204,1205,12
                                                                                                  79,1282,1285,1290,1291,1578       
 TSPLTT                     Local  1136     R(4)            4     1     1        ALC              1136,1183,1188,1198,1205,1238,1242
                                                                                                  ,1252,1578                        
 TSTEND                     Local  1155     R(4)            4     1     1        ALC              1155,1275,1580                    
 TSTSRT                     Local  1128     R(4)            4     1     1        ALC              1128,1129,1155,1275,1580          
 TSYEARLY                   Local  1123     CHAR            8     1     1        ALC              1123,1150,1270,1580               
 TVDC                       Module 1114                                                           1114                              
 TWDO                       Local  1401     R(8)            8     1     1        ALC              1401,1498                         
 US                         Local  1215     I(4)            4     1     1        ALC              1215,1301,1406,1503               
 VOLM                       Local  1343     R(4)            4     1     1        ALC              1343,1348,1350,1362,1579          
 VOLMC                      Local  1342     R(4)            4     2     1        ALC              1342,1353,1355,1362,1580          
 WSEL                       Local  1119     R(4)            4           scalar                    1175,1179,1230,1235               

Page 46          Source Listing                  SELECTIVE
2026-03-30 08:47                                 ..\..\..\withdrawal.f90

   1576 CLOSE(2900)
   1577   DEALLOCATE (TCNELEV,TCJB,TCJS, TCELEV,TCTEMP,TCTEND,TCTSRT,NCOUNTC,TCISEG,TCKLAY,TCELEVCON,ELCONTSPL) 
   1578   DEALLOCATE (TSPLTJB,TSPLTT,NOUTS,JSTSPLT,KSTRSPLT,TCYEARLY, JBMON,JSMON,TCNTR,TSPLTCNTR,JSTSPLTT) 
   1579   DEALLOCATE (VOLM,NCOUNTCW,QWDFRAC,QSTRFRAC,MINWL)    
   1580   DEALLOCATE(TEMPCRIT,VOLMC,DYNSEL,SELD,NXSEL,TEMP2,TSYEARLY,TSTEND,TSTSRT,DYNSF,DYNSPF,DYNSELSPLT,TEMP3,NXSELSPLT)
   1581 RETURN   
   1582 
   1583 END SUBROUTINE SELECTIVE
   1584 !***************************************************************************************************************************
   1584 ********
   1585 !**                                            S E L E C T I V E   I N I T   U S G S                                        
   1585       **
   1586 !***************************************************************************************************************************
   1586 ********
   1587 
   1588 Module Selective1USGS
   1589   INTEGER                                      :: numtempc, numtsplt, tempn, ng1, ng2
   1590   INTEGER,       ALLOCATABLE, DIMENSION(:)     :: tcnelev, tcjb, tcjs, tciseg, kstrsplt, ncountcw, seld
   1591   INTEGER,       ALLOCATABLE, DIMENSION(:)     :: tspltjb, tsseld, nouts, nout0, nout1, nout2
   1592   INTEGER,       ALLOCATABLE, DIMENSION(:,:)   :: jstsplt, ncountc, tsprior
   1593   REAL                                         :: nxtstr, nxttcd, nxtsplit, tcdfreq, tfrqtmp, tspltfreq
   1594   REAL                                         :: sum_minfrac1, sum_minfrac2, qfrac1, qfrac2, tsconv
   1595   REAL,          ALLOCATABLE, DIMENSION(:)     :: tctemp, tctend, tctsrt, tcklay, tspltt, volm, qwdfrac, tstend, tstsrt, nxs
   1595 el,temp2
   1596   REAL,          ALLOCATABLE, DIMENSION(:)     :: nxtssel, tstemp2, ewdsav, minfrac1, minfrac2, maxfrac1, maxfrac2, splt2t, 
   1596 splt2e
   1597   REAL,          ALLOCATABLE, DIMENSION(:,:)   :: tcelev, tempcrit, qstrfrac, volmc
   1598   REAL,          ALLOCATABLE, DIMENSION(:,:)   :: tsdepth, tsminfrac, tsminhead, tsmaxhead, tsmaxflow, estrsav
   1599   CHARACTER(8)                                 :: tempc, tspltc
   1600   CHARACTER(8),  ALLOCATABLE, DIMENSION(:)     :: tcelevcon, tcyearly, tcntr, dynsel
   1601   CHARACTER(8),  ALLOCATABLE, DIMENSION(:)     :: tspltcntr, tsyearly, elcontspl, tsdynsel
   1602   CHARACTER(5),  ALLOCATABLE, DIMENSION(:,:)   :: tstype
   1603   LOGICAL,       ALLOCATABLE, DIMENSION(:)     :: wd_active, share_flow
   1604   LOGICAL,       ALLOCATABLE, DIMENSION(:,:)   :: no_flow, str_active
   1605   LOGICAL,       ALLOCATABLE, DIMENSION(:)     :: DYNSF, DYNTF
   1606   CHARACTER(30)                                :: CHAR30
   1607   REAL, ALLOCATABLE, DIMENSION(:)              :: MINWL   ! Minimum water level above centerline of outlet if TCELEVCON is O
   1607 N
   1608 
   1609 End Module Selective1USGS

Page 47          Source Listing                  SELECTIVE
2026-03-30 08:47 Symbol Table                    ..\..\..\withdrawal.f90



SYMBOL CROSS REFERENCE

 Name                       Object Declared Type            Bytes Dimen Elements Attributes       References                        
                                                                                                                                    
 CHAR30                     Local  1606     CHAR            30          scalar                                                      
 DYNSEL                     Local  1600     CHAR            8     1     1        ALC                                                
 DYNSF                      Local  1605     L(4)            4     1     1        ALC                                                
 DYNTF                      Local  1605     L(4)            4     1     1        ALC                                                
 ELCONTSPL                  Local  1601     CHAR            8     1     1        ALC                                                
 ESTRSAV                    Local  1598     R(4)            4     2     1        ALC                                                
 EWDSAV                     Local  1596     R(4)            4     1     1        ALC                                                
 JSTSPLT                    Local  1592     I(4)            4     2     1        ALC                                                
 KSTRSPLT                   Local  1590     I(4)            4     1     1        ALC                                                
 MAXFRAC1                   Local  1596     R(4)            4     1     1        ALC                                                
 MAXFRAC2                   Local  1596     R(4)            4     1     1        ALC                                                
 MINFRAC1                   Local  1596     R(4)            4     1     1        ALC                                                
 MINFRAC2                   Local  1596     R(4)            4     1     1        ALC                                                
 MINWL                      Local  1607     R(4)            4     1     1        ALC                                                
 NCOUNTC                    Local  1592     I(4)            4     2     1        ALC                                                
 NCOUNTCW                   Local  1590     I(4)            4     1     1        ALC                                                
 NG1                        Local  1589     I(4)            4           scalar                                                      
 NG2                        Local  1589     I(4)            4           scalar                                                      
 NOUT0                      Local  1591     I(4)            4     1     1        ALC                                                
 NOUT1                      Local  1591     I(4)            4     1     1        ALC                                                
 NOUT2                      Local  1591     I(4)            4     1     1        ALC                                                
 NOUTS                      Local  1591     I(4)            4     1     1        ALC                                                
 NO_FLOW                    Local  1604     L(4)            4     2     1        ALC                                                
 NUMTEMPC                   Local  1589     I(4)            4           scalar                                                      
 NUMTSPLT                   Local  1589     I(4)            4           scalar                                                      
 NXSEL                      Local  1595     R(4)            4     1     1        ALC                                                
 NXTSPLIT                   Local  1593     R(4)            4           scalar                                                      
 NXTSSEL                    Local  1596     R(4)            4     1     1        ALC                                                
 NXTSTR                     Local  1593     R(4)            4           scalar                                                      
 NXTTCD                     Local  1593     R(4)            4           scalar                                                      
 QFRAC1                     Local  1594     R(4)            4           scalar                                                      
 QFRAC2                     Local  1594     R(4)            4           scalar                                                      
 QSTRFRAC                   Local  1597     R(4)            4     2     1        ALC                                                
 QWDFRAC                    Local  1595     R(4)            4     1     1        ALC                                                
 SELD                       Local  1590     I(4)            4     1     1        ALC                                                
 SELECTIVE1USGS             Module 1588                                                                                             
 SHARE_FLOW                 Local  1603     L(4)            4     1     1        ALC                                                
 SPLT2E                     Local  1596     R(4)            4     1     1        ALC                                                
 SPLT2T                     Local  1596     R(4)            4     1     1        ALC                                                
 STR_ACTIVE                 Local  1604     L(4)            4     2     1        ALC                                                
 SUM_MINFRAC1               Local  1594     R(4)            4           scalar                                                      
 SUM_MINFRAC2               Local  1594     R(4)            4           scalar                                                      
 TCDFREQ                    Local  1593     R(4)            4           scalar                                                      
 TCELEV                     Local  1597     R(4)            4     2     1        ALC                                                
 TCELEVCON                  Local  1600     CHAR            8     1     1        ALC                                                
 TCISEG                     Local  1590     I(4)            4     1     1        ALC                                                
 TCJB                       Local  1590     I(4)            4     1     1        ALC                                                
 TCJS                       Local  1590     I(4)            4     1     1        ALC                                                
 TCKLAY                     Local  1595     R(4)            4     1     1        ALC                                                
 TCNELEV                    Local  1590     I(4)            4     1     1        ALC                                                
 TCNTR                      Local  1600     CHAR            8     1     1        ALC                                                

Page 48          Source Listing                  SELECTIVE
2026-03-30 08:47 Symbol Table                    ..\..\..\withdrawal.f90

 Name                       Object Declared Type            Bytes Dimen Elements Attributes       References                        
                                                                                                                                    
 TCTEMP                     Local  1595     R(4)            4     1     1        ALC                                                
 TCTEND                     Local  1595     R(4)            4     1     1        ALC                                                
 TCTSRT                     Local  1595     R(4)            4     1     1        ALC                                                
 TCYEARLY                   Local  1600     CHAR            8     1     1        ALC                                                
 TEMP2                      Local  1595     R(4)            4     1     1        ALC                                                
 TEMPC                      Local  1599     CHAR            8           scalar                                                      
 TEMPCRIT                   Local  1597     R(4)            4     2     1        ALC                                                
 TEMPN                      Local  1589     I(4)            4           scalar                                                      
 TFRQTMP                    Local  1593     R(4)            4           scalar                                                      
 TSCONV                     Local  1594     R(4)            4           scalar                                                      
 TSDEPTH                    Local  1598     R(4)            4     2     1        ALC                                                
 TSDYNSEL                   Local  1601     CHAR            8     1     1        ALC                                                
 TSMAXFLOW                  Local  1598     R(4)            4     2     1        ALC                                                
 TSMAXHEAD                  Local  1598     R(4)            4     2     1        ALC                                                
 TSMINFRAC                  Local  1598     R(4)            4     2     1        ALC                                                
 TSMINHEAD                  Local  1598     R(4)            4     2     1        ALC                                                
 TSPLTC                     Local  1599     CHAR            8           scalar                                                      
 TSPLTCNTR                  Local  1601     CHAR            8     1     1        ALC                                                
 TSPLTFREQ                  Local  1593     R(4)            4           scalar                                                      
 TSPLTJB                    Local  1591     I(4)            4     1     1        ALC                                                
 TSPLTT                     Local  1595     R(4)            4     1     1        ALC                                                
 TSPRIOR                    Local  1592     I(4)            4     2     1        ALC                                                
 TSSELD                     Local  1591     I(4)            4     1     1        ALC                                                
 TSTEMP2                    Local  1596     R(4)            4     1     1        ALC                                                
 TSTEND                     Local  1595     R(4)            4     1     1        ALC                                                
 TSTSRT                     Local  1595     R(4)            4     1     1        ALC                                                
 TSTYPE                     Local  1602     CHAR            5     2     1        ALC                                                
 TSYEARLY                   Local  1601     CHAR            8     1     1        ALC                                                
 VOLM                       Local  1595     R(4)            4     1     1        ALC                                                
 VOLMC                      Local  1597     R(4)            4     2     1        ALC                                                
 WD_ACTIVE                  Local  1603     L(4)            4     1     1        ALC                                                

Page 49          Source Listing                  SELECTIVE
2026-03-30 08:47                                 ..\..\..\withdrawal.f90

   1610 
   1611 
   1612 Subroutine SelectiveInitUSGS
   1613 
   1614   Use Selective1USGS; USE MAIN
   1615   USE GLOBAL;     USE NAMESC; USE GEOMC;  USE LOGICC; USE PREC;  USE SURFHE;  USE KINETIC; USE SHADEC; USE EDDY
   1616   USE STRUCTURES; USE TRANS;  USE TVDC;   USE SELWC;  USE GDAYC; USE SCREENC; USE TDGAS;   USE RSTART
   1617   IMPLICIT NONE
   1618   
   1619   integer      :: ifile, nj, N, JJ
   1620   REAL         :: DAYTEST
   1621   character(8) :: tsshare, AID1
   1622   CHARACTER(1) :: INFORMAT, CHAR1        
   1623   LOGICAL      :: CSVFORMAT
   1624   INTEGER      :: NoOutlets   !ZZ 4/2023 maximum no of blending outlets
   1625   
   1626   NoOutlets=20
   1627   ifile=1949
   1628   tavg=0.0
   1629   tavgw=0.0
   1630   do jb=1,nbr
   1631     if(nstr(jb) > 0)then
   1632       ifile=ifile+1
   1633       write (segnum,'(i0)') jb
   1634       segnum = adjustl(segnum)
   1635       l      = len_trim(segnum)
   1636 
   1637       IF(RESTART_IN)THEN
   1638         OPEN  (ifile,file='str_br'//segnum(1:l)//'.csv',POSITION='APPEND')
   1639         JDAY1=0.0
   1640         REWIND (IFILE)
   1641         READ   (IFILE,'(//)',END=13)
   1642         DO WHILE (JDAY1 < JDAY)
   1643           READ (IFILE,*,END=13) JDAY1                !'(F10.0)'
   1644         END DO
   1645         BACKSPACE (IFILE)
   1646 13      JDAY1=0.0
   1647       ELSE
   1648         open  (ifile,file='str_br'//segnum(1:l)//'.csv',status='unknown')
   1649         write (ifile,*)'Branch:,',jb,', # of structures:,',nstr(jb),', outlet temperatures'
   1650         write (ifile,'("      JDAY,",<nstr(jb)>(6x,"T(C),"),<nstr(jb)>(3x,"Q(m3/s),"),<nstr(jb)>(4x,"ELEVCL,"))')
   1651       ENDIF
   1652     endif
   1653   end do
   1654 
   1655   if(nwd > 0)then
   1656     ifile=ifile+1
   1657     IF(RESTART_IN)THEN
   1658       OPEN  (ifile,file='wd_out.opt',POSITION='APPEND')
   1659       JDAY1=0.0
   1660       REWIND (IFILE)
   1661       READ   (IFILE,'(/)',END=14)
   1662       DO WHILE (JDAY1 < JDAY)
   1663         READ (IFILE,'(F10.0)',END=14) JDAY1
   1664       END DO
   1665       BACKSPACE (IFILE)
   1666 14    JDAY1=0.0

Page 50          Source Listing                  SELECTIVEINITUSGS
2026-03-30 08:47                                 ..\..\..\withdrawal.f90

   1667     ELSE
   1668       open  (ifile,file='wd_out.opt',status='unknown')
   1669       write (ifile,*)'Withdrawals: # of withdrawals:',nwd,' outlet temperatures'
   1670       write (ifile,'("      JDAY",<nwd>(6x,"T(C)"),<nwd>(3x,"Q(m3/s)"),<nwd>(4x,"ELEVCL"))')
   1671     ENDIF
   1672   end if
   1673 
   1674 !ZZ 4/2023, add a CSV format input
   1675   open (NUNIT,file='w2_selective.npt',status='old')   
   1676   READ (NUNIT,'(A)') AID1 
   1677   IF (INDEX(AID1, "$") == 0) THEN
   1678     CSVFORMAT=.FALSE.
   1679 ! Check for commas -- another sign that it is comma-delimited
   1680     READ (NUNIT,'(A)') CHAR30
   1681     DO J=1,30
   1682       IF (CHAR30(J:J)==',') THEN
   1683         CSVFORMAT=.TRUE.
   1684         EXIT
   1685       END IF
   1686     END DO
   1687     BACKSPACE(NUNIT)     
   1688   ELSE
   1689     CSVFORMAT=.TRUE.
   1690   END IF
   1691   IF (CSVFORMAT) THEN
   1692     READ (NUNIT,*)
   1693     READ (NUNIT,*)
   1694     READ (NUNIT,*) AID1, tfrqtmp
   1695     READ (NUNIT,*)
   1696     READ (NUNIT,*)    
   1697     READ (NUNIT,*) AID1, tempc, numtempc, tcdfreq
   1698     tempc=ADJUSTR(tempc)
   1699   ELSE  
   1700     read (NUNIT,'(//8x,f8.0)') tfrqtmp
   1701   read (NUNIT,'(//8x,a8,i8,f8.0)') tempc, numtempc, tcdfreq
   1702   END IF
   1703 !nxtstr   = tmstrt
   1704 !nxttcd   = tmstrt
   1705 !nxtsplit = tmstrt
   1706         IF(JDAY>TMSTRT)THEN   ! SW 8/10/2023  During restart this allows continuing output
   1707           NXTSTR=JDAY          
   1708           NXTTCD=JDAY   
   1709           NXTSPLIT=JDAY
   1710       ELSE
   1711           NXTSTR=TMSTRT
   1712           NXTTCD=TMSTRT   
   1713           NXTSPLIT=TMSTRT
   1714       ENDIF
   1715 
   1716   allocate (tcnelev(numtempc),tcjb(numtempc),tcjs(numtempc),tcelev(numtempc,100),tctemp(numtempc),tctend(numtempc),tctsrt(nu
   1716 mtempc))
   1717   allocate (ncountc(nst,nbr),tciseg(numtempc),tcklay(numtempc),tcelevcon(numtempc))
   1718   Allocate (tcyearly(numtempc), tcntr(numtempc))
   1719   allocate (volm(nwb),ncountcw(nwd),qwdfrac(nwd),qstrfrac(nst,nbr),DYNSEL(numtempc),SELD(numtempc),NXSEL(numtempc),TEMP2(num
   1719 tempc))
   1720   ALLOCATE(DYNSF(NUMTEMPC),MINWL(NUMTEMPC))
   1721   DYNSF=.FALSE.;MINWL=0.0

Page 51          Source Listing                  SELECTIVEINITUSGS
2026-03-30 08:47                                 ..\..\..\withdrawal.f90

   1722   
   1723   ncountc=0
   1724   IF(CSVFORMAT) THEN
   1725     READ (NUNIT,*)
   1726     READ (NUNIT,*)
   1727   ELSE
   1728   read (NUNIT,'(/)')
   1729   END IF
   1730   do j=1,numtempc
   1731     IF(CSVFORMAT) THEN
   1732       READ (NUNIT,*) AID1, tcntr(j),tcjb(j),tcjs(j),tcyearly(j),tctsrt(j),tctend(j),tctemp(j),tcnelev(j),(tcelev(j,n),n=1,tc
   1732 nelev(j))
   1733       tcntr(j)=ADJUSTR(tcntr(j))
   1734     ELSE
   1735     read(NUNIT,'(8x,a8,i8,i8,a8,f8.0,f8.0,f8.0,i8,10(f8.0))')tcntr(j),tcjb(j),tcjs(j),tcyearly(j),tctsrt(j),tctend(j),tctemp
   1735 (j),tcnelev(j),(tcelev(j,n),n=1,tcnelev(j))
   1736     END IF
   1737     if(tcntr(j)=='      ST')then
   1738       tcelev(j,tcnelev(j)+1)=ESTR(tcjs(j),tcjb(j))   ! always put the original elevation as the last elevation
   1739     else
   1740       tcelev(j,tcnelev(j)+1)=EWD(tcjs(j))   ! always put the original elevation as the last elevation
   1741     endif
   1742   end do
   1743 
   1744   IF(CSVFORMAT) THEN
   1745     READ (NUNIT,*)
   1746     READ (NUNIT,*)
   1747   ELSE
   1748   read (NUNIT,'(/)')
   1749   END IF
   1750   do j=1,numtempc
   1751     IF(CSVFORMAT) THEN
   1752       READ (NUNIT,*) AID1, tciseg(j), tcklay(j), DYNSEL(J)
   1753       DYNSEL(J)=ADJUSTR(DYNSEL(J))
   1754     ELSE
   1755     read (NUNIT,'(8x,i8,f8.0,A8)') tciseg(j), tcklay(j), DYNSEL(J)
   1756     END IF
   1757   end do
   1758   IF(CSVFORMAT) THEN
   1759     READ (NUNIT,*)
   1760     READ (NUNIT,*)
   1761   ELSE
   1762   read (NUNIT,'(/)')
   1763   END IF
   1764   do j=1,numtempc
   1765     IF(CSVFORMAT) THEN
   1766       READ (NUNIT,*) AID1, tcelevcon(j),MINWL(j)
   1767       tcelevcon(j)=ADJUSTR(tcelevcon(j))
   1768     ELSE
   1769     read (NUNIT,'(8x,a8,F8.0)') tcelevcon(j),MINWL(j)
   1770     END IF
   1771   end do
   1772   IF(CSVFORMAT) THEN
   1773     READ (NUNIT,*)
   1774     READ (NUNIT,*)
   1775     READ (NUNIT,*) AID1, tspltc, numtsplt, tspltfreq, tsconv
   1776     tspltc=ADJUSTR(tspltc)

Page 52          Source Listing                  SELECTIVEINITUSGS
2026-03-30 08:47                                 ..\..\..\withdrawal.f90

   1777   ELSE  
   1778   read (NUNIT,'(//8x,a8,i8,2f8.0)') tspltc, numtsplt, tspltfreq, tsconv
   1779   END IF
   1780   
   1781   allocate (tsyearly(numtsplt), tstsrt(numtsplt), tstend(numtsplt), tspltjb(numtsplt), tspltt(numtsplt), nouts(numtsplt))
   1782 !allocate (jstsplt(numtsplt,10), kstrsplt(10), tspltcntr(numtsplt), elcontspl(numtsplt))
   1783 !allocate (tsdepth(numtsplt,10), tstype(numtsplt,10), tsminfrac(numtsplt,10), tsprior(numtsplt,10))
   1784 !allocate (tsminhead(numtsplt,10), tsmaxhead(numtsplt,10), tsmaxflow(numtsplt,10), no_flow(numtsplt,10), share_flow(numtsplt
   1784 ))
   1785 !allocate (tsdynsel(numtsplt), tsseld(numtsplt), nxtssel(numtsplt), tstemp2(numtsplt))
   1786 !allocate (nout0(10), nout1(10), nout2(10), minfrac1(10), maxfrac1(10), minfrac2(10), maxfrac2(10), splt2t(10), splt2e(10))
   1787   allocate (ewdsav(nwd), wd_active(nwd), estrsav(nst,nbr), str_active(nst,nbr))
   1788 !
   1789   allocate (jstsplt(numtsplt,NoOutlets), kstrsplt(NoOutlets), tspltcntr(numtsplt), elcontspl(numtsplt))
   1790   allocate (tsdepth(numtsplt,NoOutlets), tstype(numtsplt,NoOutlets), tsminfrac(numtsplt,NoOutlets), tsprior(numtsplt,NoOutle
   1790 ts))
   1791   allocate (tsminhead(numtsplt,NoOutlets), tsmaxhead(numtsplt,NoOutlets), tsmaxflow(numtsplt,NoOutlets), no_flow(numtsplt,No
   1791 Outlets), share_flow(numtsplt))
   1792   allocate (tsdynsel(numtsplt), tsseld(numtsplt), nxtssel(numtsplt), tstemp2(numtsplt))
   1793   allocate (nout0(NoOutlets), nout1(NoOutlets), nout2(NoOutlets), minfrac1(NoOutlets), maxfrac1(NoOutlets), minfrac2(NoOutle
   1793 ts), maxfrac2(NoOutlets), splt2t(NoOutlets), splt2e(NoOutlets))  
   1794   ALLOCATE (DYNTF(numtsplt))
   1795   DYNTF=.FALSE.
   1796   
   1797   IF(CSVFORMAT) THEN
   1798     READ (NUNIT,*)
   1799     READ (NUNIT,*)
   1800   ELSE
   1801   read (NUNIT,'(/)')
   1802   END IF
   1803   do j=1,numtsplt
   1804     IF(CSVFORMAT) THEN
   1805       READ (NUNIT,*) AID1, tspltcntr(j), tspltjb(j), tsyearly(j), tstsrt(j), tstend(j), tspltt(j), tsdynsel(j), elcontspl(j)
   1805 , nouts(j), tsshare
   1806       tspltcntr(j)=ADJUSTR(tspltcntr(j)); tsyearly(j)=ADJUSTR(tsyearly(j)); tsdynsel(j)=ADJUSTR(tsdynsel(j)); elcontspl(j)=A
   1806 DJUSTR(elcontspl(j)); tsshare=ADJUSTR(tsshare)
   1807     ELSE
   1808     read (NUNIT,'(8x,a8,i8,a8,3f8.0,2a8,i8,a8)') tspltcntr(j), tspltjb(j), tsyearly(j), tstsrt(j), tstend(j),               
   1808         &
   1809                                                 tspltt(j), tsdynsel(j), elcontspl(j), nouts(j), tsshare
   1810     END IF
   1811     if (tspltc == '      ON') then
   1812       if (nouts(j) < 2) then
   1813         write (w2err, '(A,I0)') 'ERROR-- Less than two outlets specified for blending group ',j
   1814         ERROR_OPEN = .TRUE.     ! will trigger the program to end when this subroutine is completed
   1815         return
   1816       else if (nouts(j) > 20) then
   1817         write (w2err, '(A,I0)') 'ERROR-- More than 20 outlets specified for blending group ',j
   1818         ERROR_OPEN = .TRUE.
   1819         return
   1820       end if
   1821     end if
   1822     share_flow(j) = tsshare == '      ON'
   1823   end do
   1824 
   1825   IF(CSVFORMAT) THEN
   1826     READ (NUNIT,*)

Page 53          Source Listing                  SELECTIVEINITUSGS
2026-03-30 08:47                                 ..\..\..\withdrawal.f90

   1827     READ (NUNIT,*)
   1828   ELSE
   1829   read (NUNIT,'(/)')
   1830   END IF
   1831   do j=1,numtsplt
   1832     IF(CSVFORMAT) THEN
   1833       READ (NUNIT,*) AID1, (jstsplt(j,n),n=1,nouts(j))
   1834     ELSE
   1835       read (NUNIT,'(8x,20i8)') (jstsplt(j,n),n=1,nouts(j))
   1836     END IF
   1837   end do
   1838   IF(CSVFORMAT) THEN
   1839     READ (NUNIT,*)
   1840     READ (NUNIT,*)
   1841   ELSE
   1842   read (NUNIT,'(/)')
   1843   END IF
   1844   do j=1,numtsplt
   1845     IF(CSVFORMAT) THEN
   1846       READ (NUNIT,*) AID1, (tsdepth(j,n),n=1,nouts(j))
   1847     ELSE
   1848       read (NUNIT,'(8x,20f8.0)') (tsdepth(j,n),n=1,nouts(j))
   1849     END IF
   1850   end do
   1851   IF(CSVFORMAT) THEN
   1852     READ (NUNIT,*)
   1853     READ (NUNIT,*)
   1854   ELSE
   1855   read (NUNIT,'(/)')
   1856   END IF
   1857   do j=1,numtsplt
   1858     IF(CSVFORMAT) THEN
   1859       READ (NUNIT,*) AID1, (tsminfrac(j,n),n=1,nouts(j))
   1860     ELSE
   1861       read (NUNIT,'(8x,20f8.0)') (tsminfrac(j,n),n=1,nouts(j))
   1862     END IF
   1863   end do
   1864   IF(CSVFORMAT) THEN
   1865     READ (NUNIT,*)
   1866     READ (NUNIT,*)
   1867   ELSE
   1868   read (NUNIT,'(/)')
   1869   END IF
   1870   do j=1,numtsplt
   1871     IF(CSVFORMAT) THEN
   1872       READ (NUNIT,*) AID1, (tsprior(j,n),n=1,nouts(j))
   1873     ELSE
   1874       read (NUNIT,'(8x,20i8)') (tsprior(j,n),n=1,nouts(j))
   1875     END IF
   1876   end do
   1877   IF(CSVFORMAT) THEN
   1878     READ (NUNIT,*)
   1879     READ (NUNIT,*)
   1880   ELSE
   1881   read (NUNIT,'(/)')
   1882   END IF
   1883   do j=1,numtsplt

Page 54          Source Listing                  SELECTIVEINITUSGS
2026-03-30 08:47                                 ..\..\..\withdrawal.f90

   1884     IF(CSVFORMAT) THEN
   1885       READ (NUNIT,*) AID1, (tsminhead(j,n),n=1,nouts(j))
   1886     ELSE
   1887       read (NUNIT,'(8x,20f8.0)') (tsminhead(j,n),n=1,nouts(j))
   1888     END IF
   1889   end do
   1890   IF(CSVFORMAT) THEN
   1891     READ (NUNIT,*)
   1892     READ (NUNIT,*)
   1893   ELSE
   1894   read (NUNIT,'(/)')
   1895   END IF
   1896   do j=1,numtsplt
   1897     IF(CSVFORMAT) THEN
   1898       READ (NUNIT,*) AID1, (tsmaxhead(j,n),n=1,nouts(j))
   1899     ELSE
   1900       read (NUNIT,'(8x,20f8.0)') (tsmaxhead(j,n),n=1,nouts(j))
   1901     END IF
   1902   end do
   1903   IF(CSVFORMAT) THEN
   1904     READ (NUNIT,*)
   1905     READ (NUNIT,*)
   1906   ELSE
   1907   read (NUNIT,'(/)')
   1908   END IF
   1909   do j=1,numtsplt
   1910     IF(CSVFORMAT) THEN
   1911       READ (NUNIT,*) AID1, (tsmaxflow(j,n),n=1,nouts(j))
   1912     ELSE
   1913       read (NUNIT,'(8x,20f8.0)') (tsmaxflow(j,n),n=1,nouts(j))
   1914     END IF
   1915   end do
   1916 
   1917   estrsav = estr    ! Save the original structure elevations
   1918   ewdsav  = ewd     ! Save the original withdrawal elevations
   1919   do j=1,numtsplt
   1920     do n=1,nouts(j)
   1921       tstype(j,n) = "FIXED"
   1922       if (tsdepth(j,n)   > 0.0) tstype(j,n) = "FLOAT"
   1923       if (tsminfrac(j,n) > 1.0) tsminfrac(j,n) = 1.0    ! remove unrealistic input value
   1924       if (tsminhead(j,n) < 0.0) tsminhead(j,n) = 0.0    ! remove unrealistic input value
   1925       if (tsmaxhead(j,n) < 0.0) tsmaxhead(j,n) = 0.0    ! remove unrealistic input value
   1926       if (tsmaxflow(j,n) < 0.0) tsmaxflow(j,n) = 0.0    ! remove unrealistic input value
   1927     end do
   1928   end do
   1929   if (tsconv <= 0.0) tsconv = 0.005   ! constrain the convergence criterion to be > 0.0 and <= 0.1
   1930   if (tsconv >  0.1) tsconv = 0.1
   1931 
   1932   IF(CSVFORMAT) THEN
   1933     READ (NUNIT,*)
   1934     READ (NUNIT,*)
   1935     READ (NUNIT,*) AID1, tempn
   1936   ELSE
   1937   read (NUNIT,'(//8x,i8)') tempn
   1938   END IF
   1939   allocate (tempcrit(nwb,tempn),volmc(nwb,tempn))
   1940   IF(CSVFORMAT) THEN

Page 55          Source Listing                  SELECTIVEINITUSGS
2026-03-30 08:47                                 ..\..\..\withdrawal.f90

   1941     READ (NUNIT,*)
   1942     READ (NUNIT,*)
   1943   ELSE
   1944   read (NUNIT,'(/)')
   1945   END IF
   1946   do j=1,tempn
   1947     IF(CSVFORMAT) THEN
   1948       READ (NUNIT,*) AID1, (tempcrit(jw,j), jw=1,nwb) 
   1949     ELSE
   1950     read (NUNIT,'(8x,10f8.0)') (tempcrit(jw,j), jw=1,nwb)   ! Note max of 10 waterbodies
   1951     END IF
   1952   end do
   1953   close (NUNIT)
   1954 
   1955   do jw=1,nwb
   1956     ifile=ifile+1
   1957     write (segnum,'(i0)') jw
   1958     segnum = adjustl(segnum)
   1959     l      = len_trim(segnum)
   1960     IF(RESTART_IN)THEN
   1961       OPEN  (ifile,file='Volume_wb'//segnum(1:l)//'.opt',POSITION='APPEND')
   1962       JDAY1=0.0
   1963       REWIND (IFILE)
   1964       READ   (IFILE,'(/)',END=15)
   1965       DO WHILE (JDAY1 < JDAY)
   1966         READ (IFILE,'(F10.0)',END=15) JDAY1
   1967       END DO
   1968       BACKSPACE (IFILE)
   1969 15    JDAY1=0.0
   1970     ELSE
   1971       open (ifile,file='Volume_wb'//segnum(1:l)//'.opt',status='unknown')
   1972       write(ifile,4315)
   1973     END IF
   1974   end do
   1975 
   1976 4315  format("jday    Volume    ",<tempn>("Volcrit      "))
   1977 
   1978   if (tempc == '      ON') then
   1979     do j=1,numtempc
   1980       if (tcyearly(j) == '     OFF') then
   1981         daytest=jday
   1982       else
   1983         daytest=real(jdayg)+jday-int(jday)
   1984       end if
   1985       if (daytest >= tctsrt(j) .and. daytest < tctend(j)) then
   1986 
   1987 ! initializing structure elevation
   1988         if (tcntr(j) == '      ST') then
   1989           jb = tcjb(j)                                         ! set branch index
   1990           js = tcjs(j)                                         ! set structure index
   1991           do nj=1,tcnelev(j)                                   ! making sure that structure is below water surface
   1992             if (tcelev(j,nj) < elws(ds(jb))) then
   1993               ncountc(js,jb)=nj
   1994 ! ESTR(js,jb)=tcelev(j,ncountc(js,jb))    ! don't alter the elevation at this point.  Set it later.
   1995               exit
   1996             end if
   1997           end do

Page 56          Source Listing                  SELECTIVEINITUSGS
2026-03-30 08:47                                 ..\..\..\withdrawal.f90

   1998 
   1999 ! initializing withdrawal elevation
   2000         else if (tcntr(j) == '      WD') then
   2001           jwd = tcjs(j)                                        ! set withdrawal index
   2002           do nj=1,tcnelev(j)                                   ! making sure that structure is below water surface
   2003             if (tcelev(j,nj) < elws(iwd(jwd))) then
   2004               ncountcw(jwd)=nj
   2005 ! EWD(jwd)=tcelev(j,ncountcw(jwd))        ! don't alter the elevation at this point.  Set it later.
   2006               exit
   2007             end if
   2008           end do
   2009         end if
   2010       end if
   2011 
   2012 ! Open dynamic selective withdrawal files
   2013       if (DYNSEL(J) == '      ON') then
   2014         WRITE (SEGNUM,'(I0)') J
   2015         SEGNUM  = ADJUSTL(SEGNUM)
   2016         L       = LEN_TRIM(SEGNUM)
   2017         SELD(J) = 1009+J
   2018         OPEN (SELD(J),FILE='dynselective'//SEGNUM(1:L)//'.npt',STATUS='OLD')
   2019         
   2020           READ(SELD(J),'(A1)')INFORMAT    ! SW 8/28/2019
   2021         IF(INFORMAT=='$')DYNSF(J)=.TRUE.
   2022     
   2023         IF(DYNSF(J))THEN
   2024         READ (SELD(J),'(/)')
   2025         READ (SELD(J),*) NXSEL(J),TEMP2(J)
   2026         tctemp(J)=TEMP2(J)
   2027         READ (SELD(J),*) NXSEL(J),TEMP2(J)       
   2028         
   2029         ELSE
   2030         READ (SELD(J),'(//1000F8.0)') NXSEL(J),TEMP2(J)
   2031         tctemp(J)=TEMP2(J)
   2032         READ (SELD(J),'(1000F8.0)') NXSEL(J),TEMP2(J)
   2033         ENDIF       
   2034         
   2035 !READ (SELD(J),'(///1000F8.0)') NXSEL(J),TEMP2(J)
   2036 !tctemp(J)=TEMP2(J)
   2037 !READ (SELD(J),'(1000F8.0)') NXSEL(J),TEMP2(J)
   2038       end if
   2039     end do
   2040   end if
   2041 
   2042 ! Open dynamic temperature target files for blending outlets
   2043   if (tspltc == '      ON') then
   2044     do j=1,numtsplt
   2045       if (tsdynsel(j) == '      ON') then
   2046         write (segnum,'(i0)') j
   2047         segnum    = adjustl(segnum)
   2048         L         = len_trim(segnum)
   2049         tsseld(j) = 1009+numtempc+j
   2050         open (tsseld(j),file='dynsplit_selective'//segnum(1:L)//'.npt',status='old')
   2051 !
   2052         READ(tsseld(j),'(A1)') CHAR1
   2053         IF(CHAR1=='$') DYNTF(J)=.TRUE.
   2054         IF(DYNTF(J))THEN

Page 57          Source Listing                  SELECTIVEINITUSGS
2026-03-30 08:47                                 ..\..\..\withdrawal.f90

   2055           READ (tsseld(j),'(/)')
   2056           READ (tsseld(j),*) nxtssel(j), tstemp2(j)
   2057           tctemp(J)=TEMP2(J)
   2058           READ (tsseld(j),*) nxtssel(j), tstemp2(j)       
   2059         ELSE
   2060           READ (tsseld(j),'(//2F8.0)') nxtssel(j), tstemp2(j)
   2061         tspltt(j) = tstemp2(j)
   2062           READ (tsseld(j),'(2F8.0)') nxtssel(j), tstemp2(j)
   2063         ENDIF 
   2064       end if
   2065     end do
   2066   end if
   2067 
   2068 ! Test to see if the user specified inconsistent inputs. If so, stop with an error message.
   2069   if (tspltc == '      ON') then
   2070     if (tspltfreq <= 0.0) then                                                                                        !SR 12
   2070 /19/2022
   2071       write (w2err, '(A)') 'ERROR-- Update frequency for temperature blending must be greater than zero.'             !SR 12
   2071 /19/2022
   2072       ERROR_OPEN = .TRUE.                                                                                             !SR 12
   2072 /19/2022
   2073     end if                                                                                                            !SR 12
   2073 /19/2022
   2074     do j=1,numtsplt
   2075       do n=1,nouts(j)-1
   2076         do nj=n+1,nouts(j)
   2077           if (jstsplt(j,n) == jstsplt(j,nj)) then
   2078             write (w2err, '(A,I0)') 'w2_selective.npt USGS ERROR-- Duplicate split outlet numbers in group ', j
   2079             ERROR_OPEN = .TRUE.     ! will trigger the program to end when this subroutine is completed
   2080           end if
   2081         end do
   2082       end do
   2083     end do
   2084     do j=1,numtsplt-1
   2085       do jj=j+1,numtsplt
   2086         if ((tstsrt(jj) >= tstsrt(j) .and. tstsrt(jj) <  tstend(j)) .or.                                                    
   2086        &
   2087             (tstend(jj) >  tstsrt(j) .and. tstend(jj) <= tstend(j))) then
   2088           if (tspltcntr(j) .eq. tspltcntr(jj) .and. (tspltcntr(j) .eq. '      WD' .or. tspltjb(j) == tspltjb(jj))) then
   2089             do n=1,nouts(j)
   2090               do nj=1,nouts(jj)
   2091                 if (jstsplt(j,n) == jstsplt(jj,nj)) then
   2092                   write (w2err, '(A,I0,A)') 'w2_selective.npt USGS ERROR-- Split outlet number ', jstsplt(j,n), ' used in mo
   2092 re than one group at a time.'
   2093                   ERROR_OPEN = .TRUE.       ! will trigger the program to end when this subroutine is completed
   2094                 end if
   2095               end do
   2096             end do
   2097           end if
   2098         end if
   2099       end do
   2100     end do
   2101     do j=1,numtsplt
   2102       do n=1,nouts(j)
   2103         if (tsprior(j,n) < -1) then
   2104           tsprior(j,n) = -1                                                           ! reassign, rather than error   !SR 12
   2104 /19/2022

Page 58          Source Listing                  SELECTIVEINITUSGS
2026-03-30 08:47                                 ..\..\..\withdrawal.f90

   2105           write (wrn, '(A,I0,A,I0,A)') 'w2_selective USGS: WARNING-- Priority input for outlet ', jstsplt(j,n),             
   2105                           &
   2106                                        ' in group ', j, ' reassigned to -1.'                                          !SR 12
   2106 /19/2022
   2107           WARNING_OPEN = .TRUE.                                                                                       !SR 12
   2107 /19/2022
   2108         end if
   2109         if (tsminhead(j,n) > 0.0 .and. tsmaxhead(j,n) > 0.0 .and. tsminhead(j,n) > tsmaxhead(j,n)) then
   2110           write (wrn, '(A,I0,A,I0,A)') 'w2_selective.npt USGS WARNING-- Minimum and maximum head constraints for outlet ', j
   2110 stsplt(j,n), ' in group ',   &
   2111                                         j, ' are such that the outlet cannot ever be used.'
   2112           WARNING_OPEN = .TRUE.
   2113         end if
   2114         if (tsdepth(j,n) > 0.0 .and. tsminhead(j,n) > 0.0 .and. tsdepth(j,n) < tsminhead(j,n)) then
   2115           write (wrn, '(A,I0,A,I0,A)') 'w2_selective.npt USGS WARNING-- Depth of floating outlet ', jstsplt(j,n), ' in group
   2115  ', j,                       &
   2116               ' is shallower than the minimum head constraint.  To honor the head constraint, no flow is possible for that o
   2116 utlet.'
   2117           WARNING_OPEN = .TRUE.
   2118         end if
   2119       end do
   2120     end do
   2121 
   2122     if (tempc == '      ON') then
   2123       do j=1,numtsplt
   2124         do jj=1,numtempc
   2125           if ((tctsrt(jj) >= tstsrt(j) .and. tctsrt(jj) <  tstend(j)) .or.                                                  
   2125        &
   2126               (tctend(jj) >  tstsrt(j) .and. tctend(jj) <= tstend(j))) then
   2127             if (tspltcntr(j) .eq. tcntr(jj) .and. (tspltcntr(j) .eq. '      WD' .or. tspltjb(j) == tcjb(jj))) then
   2128               do n=1,nouts(j)
   2129                 if (jstsplt(j,n) == tcjs(jj)) then
   2130                   write (w2err, '(A,I0,A)') 'w2_selective.npt USGS ERROR-- Outlet number ',tcjs(jj),' used in tower and blen
   2130 ding group at same time.'
   2131                   ERROR_OPEN = .TRUE.       ! will trigger the program to end when this subroutine is completed
   2132                 end if
   2133               end do
   2134             end if
   2135           end if
   2136         end do
   2137       end do
   2138     end if
   2139   end if
   2140 
   2141   if (tempc == '      ON') then
   2142     do j=1,numtempc-1
   2143       do jj=j+1,numtempc
   2144         if ((tctsrt(jj) >= tctsrt(j) .and. tctsrt(jj) <  tctend(j)) .or.                                                    
   2144        &
   2145             (tctend(jj) >  tctsrt(j) .and. tctend(jj) <= tctend(j))) then
   2146           if (tcntr(j) .eq. tcntr(jj) .and. (tcntr(j) .eq. '      WD' .or. tcjb(j) == tcjb(jj))) then
   2147             if (tcjs(j) == tcjs(jj)) then
   2148               write (w2err, '(A,I0,A)') 'w2_selective.npt USGS ERROR-- Tower outlet number ', tcjs(j), ' used more than once
   2148  for overlapping dates.'
   2149               ERROR_OPEN = .TRUE.       ! will trigger the program to end when this subroutine is completed
   2150             end if
   2151           end if

Page 59          Source Listing                  SELECTIVEINITUSGS
2026-03-30 08:47                                 ..\..\..\withdrawal.f90

   2152         end if
   2153       end do
   2154     end do
   2155   end if
   2156 
   2157 return
   2158 
   2159 End subroutine SelectiveInitUSGS


ENTRY POINTS

 Address      Type  Name              
                                      
       SELECTIVEINITUSGS              


SYMBOL CROSS REFERENCE

 Name                       Object Declared Type            Bytes Dimen Elements Attributes       References                        
                                                                                                                                    
 13                         Label  1646                                                           1641,1643                         
 14                         Label  1666                                                           1661,1663                         
 15                         Label  1969                                                           1964,1966                         
 4315                       Label  1976                                                           1972                              
 ADJUSTL                    Func   1634                                 scalar                    1634,1958,2015,2047               
 ADJUSTR                    Func   1698                                 scalar                    1698,1733,1753,1767,1776,1806     
 AID1                       Local  1621     CHAR            8           scalar                    1676,1677,1694,1697,1732,1752,1766
                                                                                                  ,1775,1805,1833,1846,1859,1872,188
                                                                                                  5,1898,1911,1935,1948             
 CHAR1                      Local  1622     CHAR            1           scalar                    2052,2053                         
 CHAR30                     Local  1680     CHAR            30          scalar                    1680,1682                         
 CSVFORMAT                  Local  1623     L(4)            4           scalar                    1678,1683,1689,1691,1724,1731,1744
                                                                                                  ,1751,1758,1765,1772,1797,1804,182
                                                                                                  5,1832,1838,1845,1851,1858,1864,18
                                                                                                  71,1877,1884,1890,1897,1903,1910,1
                                                                                                  932,1940,1947                     
 DAYTEST                    Local  1620     R(4)            4           scalar                    1981,1983,1985                    
 DS                         Local  1992     I(4)            4     1     1        ALC              1992                              
 DYNSEL                     Local  1719     CHAR            8     1     1        ALC              1719,1752,1753,1755,2013          
 DYNSF                      Local  1720     L(4)            4     1     1        ALC              1720,1721,2021,2023               
 DYNTF                      Local  1794     L(4)            4     1     1        ALC              1794,1795,2053,2054               
 EDDY                       Module 1615                                                           1615                              
 ELCONTSPL                  Local  1789     CHAR            8     1     1        ALC              1789,1805,1806,1809               
 ELWS                       Local  1992     R(8)            8     1     1        ALC              1992,2003                         
 ERROR_OPEN                 Local  1814     L(4)            4           scalar                    1814,1818,2072,2079,2093,2131,2149
 ESTR                       Local  1738     R(4)            4     2     1        ALC              1738,1917                         
 ESTRSAV                    Local  1787     R(4)            4     2     1        ALC              1787,1917                         
 EWD                        Local  1740     R(4)            4     1     1        ALC              1740,1918                         
 EWDSAV                     Local  1787     R(4)            4     1     1        ALC              1787,1918                         
 GDAYC                      Module 1616                                                           1616                              
 GEOMC                      Module 1615                                                           1615                              
 GLOBAL                     Module 1615                                                           1615                              
 IFILE                      Local  1619     I(4)            4           scalar                    1627,1632,1638,1640,1641,1643,1645
                                                                                                  ,1648,1649,1650,1656,1658,1660,166
                                                                                                  1,1663,1665,1668,1669,1670,1956,19
                                                                                                  61,1963,1964,1966,1968,1971,1972  

Page 60          Source Listing                  SELECTIVEINITUSGS
2026-03-30 08:47 Symbol Table                    ..\..\..\withdrawal.f90

 Name                       Object Declared Type            Bytes Dimen Elements Attributes       References                        
                                                                                                                                    
 INDEX                      Func   1677                                 scalar                    1677                              
 INFORMAT                   Local  1622     CHAR            1           scalar                    2020,2021                         
 INT                        Func   1983                                 scalar                    1983                              
 IWD                        Local  2003     I(4)            4     1     1        ALC              2003                              
 J                          Local  1681     I(4)            4           scalar                    1681,1682,1730,1732,1733,1735,1737
                                                                                                  ,1738,1740,1750,1752,1753,1755,176
                                                                                                  4,1766,1767,1769,1803,1805,1806,18
                                                                                                  08,1809,1812,1813,1816,1817,1822,1
                                                                                                  831,1833,1835,1844,1846,1848,1857,
                                                                                                  1859,1861,1870,1872,1874,1883,1885
                                                                                                  ,1887,1896,1898,1900,1909,1911,191
                                                                                                  3,1919,1920,1921,1922,1923,1924,19
                                                                                                  25,1926,1946,1948,1950,1979,1980,1
                                                                                                  985,1988,1989,1990,1991,1992,2000,
                                                                                                  2001,2002,2003,2013,2014,2017,2018
                                                                                                  ,2020,2021,2023,2024,2025,2026,202
                                                                                                  7,2030,2031,2032,2044,2045,2046,20
                                                                                                  49,2050,2052,2053,2054,2055,2056,2
                                                                                                  057,2058,2060,2061,2062,2074,2075,
                                                                                                  2076,2077,2078,2084,2085,2086,2087
                                                                                                  ,2088,2089,2091,2092,2101,2102,210
                                                                                                  3,2104,2105,2106,2109,2110,2111,21
                                                                                                  14,2115,2123,2125,2126,2127,2128,2
                                                                                                  129,2142,2143,2144,2145,2146,2147,
                                                                                                  2148                              
 JB                         Local  1630     I(4)            4           scalar                    1630,1631,1633,1649,1650,1989,1992
                                                                                                  ,1993                             
 JDAY                       Local  1642     R(8)            8           scalar                    1642,1662,1706,1707,1708,1709,1965
                                                                                                  ,1981,1983                        
 JDAY1                      Local  1639     R(4)            4           scalar                    1639,1642,1643,1646,1659,1662,1663
                                                                                                  ,1666,1962,1965,1966,1969         
 JDAYG                      Local  1983     I(4)            4           scalar                    1983                              
 JJ                         Local  1619     I(4)            4           scalar                    2085,2086,2087,2088,2090,2091,2124
                                                                                                  ,2125,2126,2127,2129,2130,2143,214
                                                                                                  4,2145,2146,2147                  
 JS                         Local  1990     I(4)            4           scalar                    1990,1993                         
 JSTSPLT                    Local  1789     I(4)            4     2     1        ALC              1789,1833,1835,2077,2091,2092,2105
                                                                                                  ,2110,2115,2129                   
 JW                         Local  1948     I(4)            4           scalar                    1948,1950,1955,1957               
 JWD                        Local  2001     I(4)            4           scalar                    2001,2003,2004                    
 KINETIC                    Module 1615                                                           1615                              
 KSTRSPLT                   Local  1789     I(4)            4     1     1        ALC              1789                              
 L                          Local  1635     I(4)            4           scalar                    1635,1638,1648,1959,1961,1971,2016
                                                                                                  ,2018,2048,2050                   
 LA                         Label  1650                                                                                             
 LB                         Label  1650                                                                                             
 LC                         Label  1670                                                                                             
 LD                         Label  1670                                                                                             
 LEN_TRIM                   Func   1635                                 scalar                    1635,1959,2016,2048               
 LOGICC                     Module 1615                                                           1615                              
 MAIN                       Module 1614                                                           1614                              
 MAXFRAC1                   Local  1793     R(4)            4     1     1        ALC              1793                              
 MAXFRAC2                   Local  1793     R(4)            4     1     1        ALC              1793                              
 MINFRAC1                   Local  1793     R(4)            4     1     1        ALC              1793                              
 MINFRAC2                   Local  1793     R(4)            4     1     1        ALC              1793                              

Page 61          Source Listing                  SELECTIVEINITUSGS
2026-03-30 08:47 Symbol Table                    ..\..\..\withdrawal.f90

 Name                       Object Declared Type            Bytes Dimen Elements Attributes       References                        
                                                                                                                                    
 MINWL                      Local  1720     R(4)            4     1     1        ALC              1720,1721,1766,1769               
 N                          Local  1619     I(4)            4           scalar                    1732,1735,1833,1835,1846,1848,1859
                                                                                                  ,1861,1872,1874,1885,1887,1898,190
                                                                                                  0,1911,1913,1920,1921,1922,1923,19
                                                                                                  24,1925,1926,2075,2076,2077,2089,2
                                                                                                  091,2092,2102,2103,2104,2105,2109,
                                                                                                  2110,2114,2115,2128,2129          
 NAMESC                     Module 1615                                                           1615                              
 NBR                        Local  1630     I(4)            4           scalar                    1630,1717,1719,1787               
 NCOUNTC                    Local  1717     I(4)            4     2     1        ALC              1717,1723,1993                    
 NCOUNTCW                   Local  1719     I(4)            4     1     1        ALC              1719,2004                         
 NJ                         Local  1619     I(4)            4           scalar                    1991,1992,1993,2002,2003,2004,2076
                                                                                                  ,2077,2090,2091                   
 NOOUTLETS                  Local  1624     I(4)            4           scalar                    1626,1789,1790,1791,1793          
 NOUT0                      Local  1793     I(4)            4     1     1        ALC              1793                              
 NOUT1                      Local  1793     I(4)            4     1     1        ALC              1793                              
 NOUT2                      Local  1793     I(4)            4     1     1        ALC              1793                              
 NOUTS                      Local  1781     I(4)            4     1     1        ALC              1781,1805,1809,1812,1816,1833,1835
                                                                                                  ,1846,1848,1859,1861,1872,1874,188
                                                                                                  5,1887,1898,1900,1911,1913,1920,20
                                                                                                  75,2076,2089,2090,2102,2128       
 NO_FLOW                    Local  1791     L(4)            4     2     1        ALC              1791                              
 NST                        Local  1717     I(4)            4           scalar                    1717,1719,1787                    
 NSTR                       Local  1631     I(4)            4     1     1        ALC              1631,1649,1650                    
 NUMTEMPC                   Local  1697     I(4)            4           scalar                    1697,1701,1716,1717,1718,1719,1720
                                                                                                  ,1730,1750,1764,1979,2049,2124,214
                                                                                                  2,2143                            
 NUMTSPLT                   Local  1775     I(4)            4           scalar                    1775,1778,1781,1789,1790,1791,1792
                                                                                                  ,1794,1803,1831,1844,1857,1870,188
                                                                                                  3,1896,1909,1919,2044,2074,2084,20
                                                                                                  85,2101,2123                      
 NUNIT                      Local  1675     I(4)            4           scalar                    1675,1676,1680,1687,1692,1693,1694
                                                                                                  ,1695,1696,1697,1700,1701,1725,172
                                                                                                  6,1728,1732,1735,1745,1746,1748,17
                                                                                                  52,1755,1759,1760,1762,1766,1769,1
                                                                                                  773,1774,1775,1778,1798,1799,1801,
                                                                                                  1805,1808,1826,1827,1829,1833,1835
                                                                                                  ,1839,1840,1842,1846,1848,1852,185
                                                                                                  3,1855,1859,1861,1865,1866,1868,18
                                                                                                  72,1874,1878,1879,1881,1885,1887,1
                                                                                                  891,1892,1894,1898,1900,1904,1905,
                                                                                                  1907,1911,1913,1933,1934,1935,1937
                                                                                                  ,1941,1942,1944,1948,1950,1953    
 NWB                        Local  1719     I(4)            4           scalar                    1719,1939,1948,1950,1955          
 NWD                        Local  1655     I(4)            4           scalar                    1655,1669,1670,1719,1787          
 NXSEL                      Local  1719     R(4)            4     1     1        ALC              1719,2025,2027,2030,2032          
 NXTSPLIT                   Local  1709     R(4)            4           scalar                    1709,1713                         
 NXTSSEL                    Local  1792     R(4)            4     1     1        ALC              1792,2056,2058,2060,2062          
 NXTSTR                     Local  1707     R(4)            4           scalar                    1707,1711                         
 NXTTCD                     Local  1708     R(4)            4           scalar                    1708,1712                         
 PREC                       Module 1615                                                           1615                              
 QSTRFRAC                   Local  1719     R(4)            4     2     1        ALC              1719                              
 QWDFRAC                    Local  1719     R(4)            4     1     1        ALC              1719                              
 REAL                       Func   1983                                 scalar                    1983                              
 RESTART_IN                 Local  1637     L(4)            4           scalar                    1637,1657,1960                    

Page 62          Source Listing                  SELECTIVEINITUSGS
2026-03-30 08:47 Symbol Table                    ..\..\..\withdrawal.f90

 Name                       Object Declared Type            Bytes Dimen Elements Attributes       References                        
                                                                                                                                    
 RSTART                     Module 1616                                                           1616                              
 SCREENC                    Module 1616                                                           1616                              
 SEGNUM                     Local  1633     CHAR            72          scalar                    1633,1634,1635,1638,1648,1957,1958
                                                                                                  ,1959,1961,1971,2014,2015,2016,201
                                                                                                  8,2046,2047,2048,2050             
 SELD                       Local  1719     I(4)            4     1     1        ALC              1719,2017,2018,2020,2024,2025,2027
                                                                                                  ,2030,2032                        
 SELECTIVE1USGS             Module 1614                                                           1614                              
 SELECTIVEINITUSGS          Subr   1612                                                                                             
 SELWC                      Module 1616                                                           1616                              
 SHADEC                     Module 1615                                                           1615                              
 SHARE_FLOW                 Local  1791     L(4)            4     1     1        ALC              1791,1822                         
 SPLT2E                     Local  1793     R(4)            4     1     1        ALC              1793                              
 SPLT2T                     Local  1793     R(4)            4     1     1        ALC              1793                              
 STRUCTURES                 Module 1616                                                           1616                              
 STR_ACTIVE                 Local  1787     L(4)            4     2     1        ALC              1787                              
 SURFHE                     Module 1615                                                           1615                              
 TAVG                       Local  1628     R(8)            8     2     1        ALC              1628                              
 TAVGW                      Local  1629     R(8)            8     1     1        ALC              1629                              
 TCDFREQ                    Local  1697     R(4)            4           scalar                    1697,1701                         
 TCELEV                     Local  1716     R(4)            4     2     1        ALC              1716,1732,1735,1738,1740,1992,2003
 TCELEVCON                  Local  1717     CHAR            8     1     1        ALC              1717,1766,1767,1769               
 TCISEG                     Local  1717     I(4)            4     1     1        ALC              1717,1752,1755                    
 TCJB                       Local  1716     I(4)            4     1     1        ALC              1716,1732,1735,1738,1989,2127,2146
 TCJS                       Local  1716     I(4)            4     1     1        ALC              1716,1732,1735,1738,1740,1990,2001
                                                                                                  ,2129,2130,2147,2148              
 TCKLAY                     Local  1717     R(4)            4     1     1        ALC              1717,1752,1755                    
 TCNELEV                    Local  1716     I(4)            4     1     1        ALC              1716,1732,1735,1738,1740,1991,2002
 TCNTR                      Local  1718     CHAR            8     1     1        ALC              1718,1732,1733,1735,1737,1988,2000
                                                                                                  ,2127,2146                        
 TCTEMP                     Local  1716     R(4)            4     1     1        ALC              1716,1732,1735,2026,2031,2057     
 TCTEND                     Local  1716     R(4)            4     1     1        ALC              1716,1732,1735,1985,2126,2144,2145
 TCTSRT                     Local  1716     R(4)            4     1     1        ALC              1716,1732,1735,1985,2125,2144,2145
 TCYEARLY                   Local  1718     CHAR            8     1     1        ALC              1718,1732,1735,1980               
 TDGAS                      Module 1616                                                           1616                              
 TEMP2                      Local  1719     R(4)            4     1     1        ALC              1719,2025,2026,2027,2030,2031,2032
                                                                                                  ,2057                             
 TEMPC                      Local  1697     CHAR            8           scalar                    1697,1698,1701,1978,2122,2141     
 TEMPCRIT                   Local  1939     R(4)            4     2     1        ALC              1939,1948,1950                    
 TEMPN                      Local  1935     I(4)            4           scalar                    1935,1937,1939,1946,1976          
 TFRQTMP                    Local  1694     R(4)            4           scalar                    1694,1700                         
 TMSTRT                     Local  1706     R(4)            4           scalar                    1706,1711,1712,1713               
 TRANS                      Module 1616                                                           1616                              
 TSCONV                     Local  1775     R(4)            4           scalar                    1775,1778,1929,1930               
 TSDEPTH                    Local  1790     R(4)            4     2     1        ALC              1790,1846,1848,1922,2114          
 TSDYNSEL                   Local  1792     CHAR            8     1     1        ALC              1792,1805,1806,1809,2045          
 TSMAXFLOW                  Local  1791     R(4)            4     2     1        ALC              1791,1911,1913,1926               
 TSMAXHEAD                  Local  1791     R(4)            4     2     1        ALC              1791,1898,1900,1925,2109          
 TSMINFRAC                  Local  1790     R(4)            4     2     1        ALC              1790,1859,1861,1923               
 TSMINHEAD                  Local  1791     R(4)            4     2     1        ALC              1791,1885,1887,1924,2109,2114     
 TSPLTC                     Local  1775     CHAR            8           scalar                    1775,1776,1778,1811,2043,2069     
 TSPLTCNTR                  Local  1789     CHAR            8     1     1        ALC              1789,1805,1806,1808,2088,2127     
 TSPLTFREQ                  Local  1775     R(4)            4           scalar                    1775,1778,2070                    
 TSPLTJB                    Local  1781     I(4)            4     1     1        ALC              1781,1805,1808,2088,2127          
 TSPLTT                     Local  1781     R(4)            4     1     1        ALC              1781,1805,1809,2061               

Page 63          Source Listing                  SELECTIVEINITUSGS
2026-03-30 08:47 Symbol Table                    ..\..\..\withdrawal.f90

 Name                       Object Declared Type            Bytes Dimen Elements Attributes       References                        
                                                                                                                                    
 TSPRIOR                    Local  1790     I(4)            4     2     1        ALC              1790,1872,1874,2103,2104          
 TSSELD                     Local  1792     I(4)            4     1     1        ALC              1792,2049,2050,2052,2055,2056,2058
                                                                                                  ,2060,2062                        
 TSSHARE                    Local  1621     CHAR            8           scalar                    1805,1806,1809,1822               
 TSTEMP2                    Local  1792     R(4)            4     1     1        ALC              1792,2056,2058,2060,2061,2062     
 TSTEND                     Local  1781     R(4)            4     1     1        ALC              1781,1805,1808,2086,2087,2125,2126
 TSTSRT                     Local  1781     R(4)            4     1     1        ALC              1781,1805,1808,2086,2087,2125,2126
 TSTYPE                     Local  1790     CHAR            5     2     1        ALC              1790,1921,1922                    
 TSYEARLY                   Local  1781     CHAR            8     1     1        ALC              1781,1805,1806,1808               
 TVDC                       Module 1616                                                           1616                              
 VOLM                       Local  1719     R(4)            4     1     1        ALC              1719                              
 VOLMC                      Local  1939     R(4)            4     2     1        ALC              1939                              
 W2ERR                      Local  1813     I(4)            4           scalar                    1813,1817,2071,2078,2092,2130,2148
 WARNING_OPEN               Local  2107     L(4)            4           scalar                    2107,2112,2117                    
 WD_ACTIVE                  Local  1787     L(4)            4     1     1        ALC              1787                              
 WRN                        Local  2105     I(4)            4           scalar                    2105,2110,2115                    

Page 64          Source Listing                  SELECTIVEINITUSGS
2026-03-30 08:47                                 ..\..\..\withdrawal.f90

   2160 
   2161 
   2162 !***************************************************************************************************************************
   2162 ********
   2163 !**                                                   S E L E C T I V E                                                     
   2163       **
   2164 !***************************************************************************************************************************
   2164 ********
   2165 
   2166 Subroutine SelectiveUSGS
   2167   Use Selective1USGS; USE MAIN
   2168   USE GLOBAL;     USE NAMESC; USE GEOMC;  USE LOGICC; USE PREC;  USE SURFHE;  USE KINETIC; USE SHADEC; USE EDDY
   2169   USE STRUCTURES; USE TRANS;  USE TVDC;   USE SELWC;  USE GDAYC; USE SCREENC; USE TDGAS;   USE RSTART
   2170   IMPLICIT NONE
   2171 
   2172   integer :: ifile, j2lo, j2hi, j2max, j2min, j2pref, jj, jjw, jst, kk, ks
   2173   integer :: n, ng0, ng1max, ng1min, nj, num_left, num_noflow, prior1, prior2
   2174   real    :: addfrac, blendfrac, daytest, elev1, elev2, elr, etemp, etemp1, etemp2, excess_frac
   2175   real    :: lastfrac, lastfrac2, maxelev, maxtemp, minelev, mintemp, q_notblended, qall
   2176   real    :: sum_minfrac0, sum_maxfrac1, sum_maxfrac2, sumelev, sumfrac, sumtemp, tcomp, tempest, tmod, ttarg, wsel
   2177 
   2178   str_active = .FALSE.
   2179   wd_active  = .FALSE.
   2180   j2pref     = 1
   2181 
   2182 ! Update some date variables and determine which outlets are being actively blended or adjusted.
   2183   if (tspltc == '      ON') then
   2184     do j=1,numtsplt
   2185       if (tsyearly(j) == '     OFF') then
   2186         daytest = jday
   2187       else
   2188         daytest = real(jdayg) + jday - int(jday)
   2189       end if
   2190       if (nxtsplit > tstsrt(j) .and. daytest <= tstsrt(j)) then
   2191         nxtsplit = tstsrt(j)
   2192       end if
   2193       if (daytest >= tstsrt(j) .and. daytest < tstend(j)) then
   2194         do jj=1,nouts(j)
   2195           if (tspltcntr(j) == '      ST') then
   2196             str_active(jstsplt(j,jj),tspltjb(j)) = .TRUE.
   2197           else if (tspltcntr(j) == '      WD') then
   2198             wd_active(jstsplt(j,jj)) = .TRUE.
   2199           end if
   2200         end do
   2201       end if
   2202     end do
   2203   end if
   2204   if (tempc == '      ON') then
   2205     do j=1,numtempc
   2206       if (tcyearly(j) == '     OFF') then
   2207         daytest = jday
   2208       else
   2209         daytest = real(jdayg) + jday - int(jday)
   2210       end if
   2211       if (daytest >= tctsrt(j) .and. daytest < tctend(j)) then
   2212         if (tcntr(j) == '      ST') then
   2213           str_active(tcjs(j),tcjb(j)) = .TRUE.

Page 65          Source Listing                  SELECTIVEUSGS
2026-03-30 08:47                                 ..\..\..\withdrawal.f90

   2214         else if (tcntr(j) == '      WD') then
   2215           wd_active(tcjs(j)) = .TRUE.
   2216         end if
   2217       end if
   2218     end do
   2219   end if
   2220 
   2221 ! Reset outlet elevations back to original values outside of control periods
   2222   do jb=1,nbr                                                               ! swapped loops: jb, then jst             !SR 12
   2222 /19/2022
   2223     do jst=1,nstr(jb)                                                       ! changed from nst to nstr(jb)            !SR 12
   2223 /19/2022
   2224       if (.not. str_active(jst,jb)) estr(jst,jb) = estrsav(jst,jb)
   2225     end do
   2226   end do
   2227   do jwd=1,nwd
   2228     if (.not. wd_active(jwd)) ewd(jwd) = ewdsav(jwd)
   2229   end do
   2230 
   2231 ! Check to see if it's time to update temperature targets and flow fractions for blended groups.
   2232   if (tspltc=='      ON' .and. jday .ge. nxtsplit) then
   2233 
   2234 ! Update the temperature targets
   2235     do j=1,numtsplt
   2236       if (tsdynsel(j) == '      ON') then
   2237         do while (jday >= nxtssel(j))
   2238           tspltt(j) = tstemp2(j)
   2239           IF(DYNTF(J))THEN
   2240             read (tsseld(j),*) nxtssel(j), tstemp2(j)
   2241           ELSE
   2242           read (tsseld(j),'(2F8.0)') nxtssel(j), tstemp2(j)
   2243           END IF
   2244         end do
   2245       end if
   2246     end do
   2247 
   2248 ! Loop over blending groups
   2249     do j=1,numtsplt
   2250       qall    = 0.0                                                          ! sum up all the flows
   2251       sumfrac = 0.0                                                          ! sum of flow fraction multipliers
   2252       do jj=1,nouts(j)
   2253         if (tspltcntr(j) == '      ST') then
   2254           qall    = qall    + qstrsav(jstsplt(j,jj),tspltjb(j))                                                       !SR 06
   2254 /29/2021
   2255           sumfrac = sumfrac + qstrfrac(jstsplt(j,jj),tspltjb(j))
   2256         else if (tspltcntr(j) == '      WD') then
   2257           qall    = qall    + qwdsav(jstsplt(j,jj))                                                                   !SR 06
   2257 /29/2021
   2258           sumfrac = sumfrac + qwdfrac(jstsplt(j,jj))
   2259         end if
   2260       end do
   2261       if (tsyearly(j) == '     OFF') then
   2262         daytest = jday
   2263       else
   2264         daytest = real(jdayg) + jday - int(jday)
   2265       end if
   2266 

Page 66          Source Listing                  SELECTIVEUSGS
2026-03-30 08:47                                 ..\..\..\withdrawal.f90

   2267 ! Do blending calculations if date is in correct window or the window was just entered.
   2268 ! If flows are zero and flow fractions are already initialized, then leave everything alone.
   2269       if (daytest >= tstsrt(j) .and. daytest < tstend(j) .and.                                                              
   2269        &
   2270           (qall > 0.0 .or. sumfrac < 0.001 .or. daytest < tstsrt(j) + tspltfreq)) then
   2271 
   2272 ! Do structures first
   2273         if (tspltcntr(j) == '      ST') then
   2274           jb = tspltjb(j)                                                    ! set branch index
   2275           do jw=1,nwb                                                        ! set waterbody index
   2276             if (jb >= bs(jw) .and. jb <= be(jw)) exit
   2277           end do
   2278           no_flow(j,:) = .FALSE.
   2279           num_noflow   = 0
   2280           do jj=1,nouts(j)
   2281             jst          = jstsplt(j,jj)
   2282             elr          = sina(jb) * dlx(ds(jb)) * 0.5
   2283             wsel         = elws(ds(jb)) - elr                                ! compute water-surface elevation
   2284             estr(jst,jb) = estrsav(jst,jb)                                   ! reset outlet elevation to original
   2285             if (tstype(j,jj) .eq. "FLOAT") then
   2286               estr(jst,jb) = wsel - tsdepth(j,jj)
   2287             else if (estr(jst,jb) > wsel) then
   2288               if (elcontspl(j) == '     OFF') then
   2289                 no_flow(j,jj) = .TRUE.                                       ! no flow-- high and dry
   2290                 num_noflow    = num_noflow + 1
   2291               else
   2292                 estr(jst,jb) = wsel                                          ! poor man's floating outlet
   2293               end if
   2294             end if
   2295             if (.not. no_flow(j,jj) .and. tsminhead(j,jj) > 0.0 .and. wsel - estr(jst,jb) < tsminhead(j,jj)) then
   2296               no_flow(j,jj) = .TRUE.                                         ! minimum head criterion not met -- no flow
   2297               num_noflow    = num_noflow + 1
   2298             end if
   2299             if (.not. no_flow(j,jj) .and. tsmaxhead(j,jj) > 0.0 .and. wsel - estr(jst,jb) > tsmaxhead(j,jj)) then
   2300               no_flow(j,jj) = .TRUE.                                         ! maximum head criterion exceeded -- no flow
   2301               num_noflow    = num_noflow + 1
   2302             end if
   2303             do k=ktwb(jw),kb(ds(jb))
   2304               if (el(k,ds(jb))-elr < estr(jst,jb)) exit
   2305             end do
   2306             kstrsplt(jj)     = min(k-1,kb(ds(jb)))
   2307             qstrfrac(jst,jb) = 0.0                                           ! initialize flow fractions
   2308           end do
   2309 
   2310 ! Use priority inputs to determine which outlets to use
   2311           prior1 = -999
   2312           do jj=1,nouts(j)
   2313             if (.not. no_flow(j,jj) .and. tsprior(j,jj) >= 0) then
   2314               if (prior1 == -999 .or. tsprior(j,jj) < prior1) prior1 = tsprior(j,jj)
   2315             end if
   2316           end do
   2317           prior2 = -999
   2318           do jj=1,nouts(j)
   2319             if (.not. no_flow(j,jj) .and. tsprior(j,jj) >= 0 .and. tsprior(j,jj) > prior1) then
   2320               if (prior2 == -999 .or. tsprior(j,jj) < prior2) prior2 = tsprior(j,jj)
   2321             end if
   2322           end do

Page 67          Source Listing                  SELECTIVEUSGS
2026-03-30 08:47                                 ..\..\..\withdrawal.f90

   2323 
   2324 ! Outlets with a priority of -1 get used, but are not blended
   2325           ng0 = 0
   2326           q_notblended = 0.0
   2327           do jj=1,nouts(j)
   2328             jst = jstsplt(j,jj)
   2329             if (.not. no_flow(j,jj) .and. tsprior(j,jj) == -1) then
   2330               ng0 = ng0 + 1
   2331               nout0(ng0) = jj
   2332               if (qstrsav(jst,jb) > tsmaxflow(j,jj) .and. tsmaxflow(j,jj) > 0.0) then                                 !SR 06
   2332 /29/2021
   2333                 q_notblended = q_notblended + tsmaxflow(j,jj)
   2334                 qstrfrac(jst,jb) = tsmaxflow(j,jj) / qall
   2335               else if (qall > 0.0) then
   2336                 q_notblended = q_notblended + qstrsav(jst,jb)                                                         !SR 06
   2336 /29/2021
   2337                 qstrfrac(jst,jb) = qstrsav(jst,jb) / qall                                                             !SR 06
   2337 /29/2021
   2338               end if
   2339             end if
   2340           end do
   2341           sum_minfrac0 = 0.0
   2342           if (qall > 0.0) sum_minfrac0 = q_notblended / qall
   2343 
   2344 ! Outlets with priority 1 and 2 may be used and blended.
   2345           ng1 = 0
   2346           ng2 = 0
   2347           sum_minfrac1 = 0.0
   2348           sum_minfrac2 = 0.0
   2349           sum_maxfrac1 = 0.0
   2350           sum_maxfrac2 = 0.0
   2351           do jj=1,nouts(j)
   2352             if (.not. no_flow(j,jj)) then
   2353               if (tsprior(j,jj) == prior1) then
   2354                 ng1 = ng1 + 1
   2355                 nout1(ng1) = jj
   2356                 maxfrac1(ng1) = 1.0
   2357                 if (qall > 0.0 .and. tsmaxflow(j,jj) > 0.0) maxfrac1(ng1) = min(1.0, tsmaxflow(j,jj)/qall)
   2358                 minfrac1(ng1) = tsminfrac(j,jj)
   2359                 if (tsminfrac(j,jj) < 0.0) then
   2360                   minfrac1(ng1) = 0.0
   2361                   if (qall > 0.0) minfrac1(ng1) = min(1.0, abs(tsminfrac(j,jj))/qall)
   2362                 end if
   2363                 if (minfrac1(ng1) > maxfrac1(ng1)) minfrac1(ng1) = maxfrac1(ng1)
   2364                 sum_minfrac1 = sum_minfrac1 + minfrac1(ng1)
   2365                 sum_maxfrac1 = sum_maxfrac1 + maxfrac1(ng1)
   2366 
   2367               else if (tsprior(j,jj) == prior2) then
   2368                 ng2 = ng2 + 1
   2369                 nout2(ng2) = jj
   2370                 maxfrac2(ng2) = 1.0
   2371                 if (qall > 0.0 .and. tsmaxflow(j,jj) > 0.0) maxfrac2(ng2) = min(1.0, tsmaxflow(j,jj)/qall)
   2372                 minfrac2(ng2) = tsminfrac(j,jj)
   2373                 if (tsminfrac(j,jj) < 0.0) then
   2374                   minfrac2(ng2) = 0.0
   2375                   if (qall > 0.0) minfrac2(ng2) = min(1.0, abs(tsminfrac(j,jj))/qall)
   2376                 end if

Page 68          Source Listing                  SELECTIVEUSGS
2026-03-30 08:47                                 ..\..\..\withdrawal.f90

   2377                 if (minfrac2(ng2) > maxfrac2(ng2)) minfrac2(ng2) = maxfrac2(ng2)
   2378                 sum_minfrac2 = sum_minfrac2 + minfrac2(ng2)
   2379                 sum_maxfrac2 = sum_maxfrac2 + maxfrac2(ng2)
   2380               end if
   2381             end if
   2382           end do
   2383 
   2384 ! If minimum flows are overspecified, then the priority 2 minimum flow fractions are decreased.
   2385           if (ng2 > 0 .and. sum_minfrac0 + sum_minfrac1 + sum_minfrac2 > 1.0) then
   2386             if (sum_minfrac0 + sum_minfrac1 >= 1.0) then
   2387               ng2 = 0
   2388               sum_minfrac2 = 0.0
   2389             else
   2390               do n=1,ng2
   2391                 minfrac2(n) = minfrac2(n) * (1.0 - sum_minfrac0 - sum_minfrac1) / sum_minfrac2
   2392               end do
   2393               sum_minfrac2 = 1.0 - sum_minfrac0 - sum_minfrac1
   2394             end if
   2395           end if
   2396 
   2397 ! If minimum flows are still overspecified, then the priority 1 minimum flow fractions are decreased.
   2398           if (ng1 > 0 .and. sum_minfrac0 + sum_minfrac1 > 1.0) then
   2399             if (sum_minfrac0 >= 1.0) then
   2400               ng1 = 0
   2401               sum_minfrac1 = 0.0
   2402             else
   2403               do n=1,ng1
   2404                 minfrac1(n) = minfrac1(n) * (1.0 - sum_minfrac0) / sum_minfrac1
   2405               end do
   2406               sum_minfrac1 = 1.0 - sum_minfrac0
   2407             end if
   2408           end if
   2409 
   2410 ! If group 1 has 3 or more outlets and group 2 has no outlets, then redistribute priorities based on elevation.
   2411 ! Keep the highest and lowest elevation outlets in group 1, and put other active outlets into nonblended category
   2412 ! with their minimum flows.  If ties in elevation exist, go with the first in the list.
   2413           if (ng1 > 2 .and. ng2 == 0) then
   2414             ng1max  = 1
   2415             ng1min  = 1
   2416             jst     = jstsplt(j,nout1(1))
   2417             maxelev = estr(jst,jb)
   2418             minelev = estr(jst,jb)
   2419             do n=2,ng1
   2420               jst = jstsplt(j,nout1(n))
   2421               if (estr(jst,jb) > maxelev) then
   2422                 maxelev = estr(jst,jb)
   2423                 ng1max  = n
   2424               else if (estr(jst,jb) < minelev) then
   2425                 minelev = estr(jst,jb)
   2426                 ng1min  = n
   2427               end if
   2428             end do
   2429             blendfrac = 1.0 - sum_minfrac0 - sum_minfrac1 + minfrac1(ng1max) + minfrac1(ng1min)   ! flow frac to ng1max and 
   2429 ng1min
   2430             if (maxfrac1(ng1max) + maxfrac1(ng1min) < blendfrac) then                             ! cannot handle all intend
   2430 ed flow
   2431               if (sum_maxfrac1 < 1.0 - sum_minfrac0) then                                         ! max flows exceeded

Page 69          Source Listing                  SELECTIVEUSGS
2026-03-30 08:47                                 ..\..\..\withdrawal.f90

   2432                 write (wrn,'(A,I0,A,F0.3)') 'WARNING-- Maximum flows for outlets exceeded for group ', j, ' at day ', jday
   2433                 WARNING_OPEN = .TRUE.
   2434                 do n=1,ng1
   2435                   minfrac1(n) = maxfrac1(n)                        ! all group 1 outlets at maximum flow              !SR 06
   2435 /29/2021
   2436                 end do
   2437               else                                                                                ! push excess to other out
   2437 lets
   2438                 excess_frac = blendfrac - maxfrac1(ng1max) - maxfrac1(ng1min)                     ! ng1max and ng1min will b
   2438 e at max
   2439                 num_left = ng1 - 2
   2440                 do nj=1,ng1                                        ! iterative process to redistribute excess flows
   2441                   if (num_left > 0 .and. excess_frac > 0.0) then
   2442                     addfrac = excess_frac / num_left
   2443                     do n=1,ng1
   2444                       if (n .ne. ng1max .and. n .ne. ng1min .and. maxfrac1(n) - minfrac1(n) > 0.00001) then
   2445                         if (minfrac1(n) + addfrac > maxfrac1(n)) then
   2446                           num_left    = num_left - 1
   2447                           excess_frac = excess_frac - (maxfrac1(n) - minfrac1(n))
   2448                           minfrac1(n) = maxfrac1(n)
   2449                         else
   2450                           excess_frac = excess_frac - addfrac
   2451                           minfrac1(n) = minfrac1(n) + addfrac
   2452                         end if
   2453                       end if
   2454                     end do
   2455                   end if
   2456                 end do
   2457                 minfrac1(ng1max) = maxfrac1(ng1max)                                               ! set to max flow   !SR 06
   2457 /29/2021
   2458                 minfrac1(ng1min) = maxfrac1(ng1min)                                               ! set to max flow   !SR 06
   2458 /29/2021
   2459               end if
   2460             end if
   2461             do n=1,ng1                                       ! assign the other priority 1 outlets to nonblended status
   2462               if (n .ne. ng1max .and. n .ne. ng1min) then
   2463                 ng0              = ng0 + 1
   2464                 nout0(ng0)       = nout1(n)
   2465                 jst              = jstsplt(j,nout1(n))
   2466                 sum_minfrac0     = sum_minfrac0 + minfrac1(n)
   2467                 q_notblended     = q_notblended + qall * minfrac1(n)
   2468                 qstrfrac(jst,jb) = minfrac1(n)
   2469               end if
   2470             end do
   2471             ng1 = 1                                ! rearrange outlets-- one in each priority group, but same priority
   2472             ng2 = 1
   2473             nout2(1)     = nout1(ng1min)
   2474             minfrac2(1)  = minfrac1(ng1min)
   2475             maxfrac2(1)  = maxfrac1(ng1min)
   2476             sum_minfrac2 = minfrac1(ng1min)
   2477             sum_maxfrac2 = maxfrac1(ng1min)
   2478             nout1(1)     = nout1(ng1max)
   2479             minfrac1(1)  = minfrac1(ng1max)
   2480             maxfrac1(1)  = maxfrac1(ng1max)
   2481             sum_minfrac1 = minfrac1(ng1max)
   2482             sum_maxfrac1 = maxfrac1(ng1max)
   2483             prior2       = prior1

Page 70          Source Listing                  SELECTIVEUSGS
2026-03-30 08:47                                 ..\..\..\withdrawal.f90

   2484           end if
   2485 
   2486 ! If only two blended outlets, ensure that they are in separate groups.
   2487           if (ng1 == 2 .and. ng2 == 0) then
   2488             ng1 = 1
   2489             ng2 = 1
   2490             nout2(1)     = nout1(2)
   2491             minfrac2(1)  = minfrac1(2)
   2492             maxfrac2(1)  = maxfrac1(2)
   2493             sum_minfrac2 = minfrac1(2)
   2494             sum_maxfrac2 = maxfrac1(2)
   2495             sum_minfrac1 = minfrac1(1)
   2496             sum_maxfrac1 = maxfrac1(1)
   2497             prior2       = prior1
   2498           end if
   2499 
   2500 ! Begin the blending decisions.
   2501 ! No usable outlets.  All flow fractions remain at zero.
   2502           if (nouts(j) == num_noflow) then
   2503             write (wrn,'(A,I0,A,F0.3)') 'Warning-- All outlets dry or unusable for group ', j, ' at day ', jday
   2504             WARNING_OPEN = .TRUE.
   2505 
   2506 ! Only nonblended outlets.
   2507           else if (nouts(j) == ng0) then
   2508             write (wrn,'(A,I0,A,F0.3)') 'Warning-- Only nonblended outlets present in group ', j, ' at day ', jday
   2509             WARNING_OPEN = .TRUE.
   2510 
   2511 ! Only one blended outlet.  It gets all of the blended flow, but must not exceed its maximum flow criterion.
   2512           else if (ng1 + ng2 == 1) then
   2513             jst = jstsplt(j,nout1(1))
   2514             qstrfrac(jst,jb) = 1.0 - sum_minfrac0
   2515             if (qall - q_notblended > tsmaxflow(j,nout1(1)) .and. tsmaxflow(j,nout1(1)) > 0.0) then
   2516               qstrfrac(jst,jb) = tsmaxflow(j,nout1(1)) / qall
   2517               write (wrn,'(A,A,I0,A,I0,A,F0.3)') 'Warning-- Total release flow rate decreased to comply with maximum flow ',
   2517        &
   2518                                                  'criterion for structure ', jst, ' in group ', j, ' at day ', jday
   2519               WARNING_OPEN = .TRUE.
   2520             end if
   2521 
   2522 ! Minimum flows comprise entire release.  No blending calculations required.
   2523           else if (abs(1.0 - sum_minfrac0 - sum_minfrac1 - sum_minfrac2) <= 0.000001) then
   2524             do n=1,ng1
   2525               jst = jstsplt(j,nout1(n))
   2526               qstrfrac(jst,jb) = minfrac1(n)
   2527             end do
   2528             do n=1,ng2
   2529               jst = jstsplt(j,nout2(n))
   2530               qstrfrac(jst,jb) = minfrac2(n)
   2531             end do
   2532 
   2533 ! Nonblended outlets all at maximum flows.  No blending calculations required.                                !SR 06/29/2021
   2534           else if (ng1 > 0 .and. sum_minfrac1 == sum_maxfrac1 .and. (ng2 == 0 .or. sum_minfrac2 == sum_maxfrac2)) then !SR 0
   2534 6/29/2021
   2535             do n=1,ng1                                                                                                !SR 06
   2535 /29/2021
   2536               jst = jstsplt(j,nout1(n))                                                                               !SR 06
   2536 /29/2021

Page 71          Source Listing                  SELECTIVEUSGS
2026-03-30 08:47                                 ..\..\..\withdrawal.f90

   2537               qstrfrac(jst,jb) = minfrac1(n)                                                                          !SR 06
   2537 /29/2021
   2538             end do                                                                                                    !SR 06
   2538 /29/2021
   2539             do n=1,ng2                                                                                                !SR 06
   2539 /29/2021
   2540               jst = jstsplt(j,nout2(n))                                                                               !SR 06
   2540 /29/2021
   2541               qstrfrac(jst,jb) = minfrac2(n)                                                                          !SR 06
   2541 /29/2021
   2542             end do                                                                                                    !SR 06
   2542 /29/2021
   2543 
   2544 ! More than one usable outlet, and blending among priority 1 outlet(s) and priority 2 outlet(s) required.
   2545           else
   2546             id = ds(jb)                                                      ! needed for downstream_withdrawal_estimate
   2547             kt = ktwb(jw)                                                    ! needed for downstream_withdrawal_estimate
   2548 
   2549 ! Warn the user if maximum flow criteria are likely to decrease the specified outflows.  Use 0.999999 for round-off.
   2550             if (sum_minfrac0 + sum_maxfrac1 + sum_maxfrac2 < 0.999999) then                                           !SR 06
   2550 /29/2021
   2551               write (wrn,'(A,A,I0,A,F0.3)') 'WARNING-- Total release flow rate may be decreased to comply with maximum flow 
   2551 ',     &
   2552                                             'criteria for structures in group ', j, ' at day ', jday
   2553               WARNING_OPEN = .TRUE.
   2554             end if
   2555 
   2556 ! Set the initial release fractions.  Ensure that maximum flows are not exceeded.
   2557             qfrac1 = sum_minfrac1 + 0.5 * (1.0 - sum_minfrac0 - sum_minfrac1 - sum_minfrac2)
   2558             qfrac1 = min(sum_maxfrac1, qfrac1)
   2559             qfrac2 = 1.0 - sum_minfrac0 - qfrac1
   2560             if (qfrac2 > sum_maxfrac2) then
   2561               excess_frac = qfrac2 - sum_maxfrac2
   2562               if (qfrac1 + excess_frac <= sum_maxfrac1) then
   2563                 qfrac1 = qfrac1 + excess_frac
   2564               else
   2565                 qfrac1 = sum_maxfrac1
   2566               end if
   2567               qfrac2 = sum_maxfrac2
   2568             end if
   2569             j2pref = 1
   2570             call Set_Flow_Fracs(j, jb, j2pref)                               ! set flow fractions; redistribute if maxfrac e
   2570 xceeded
   2571 
   2572 ! If priority 2 outlets are not sharing flows, identify the two with the highest and lowest elevations
   2573             if (.not. share_flow(j) .and. ng2 > 1) then
   2574               j2hi    = 1
   2575               j2lo    = 1
   2576               jst     = jstsplt(j,nout2(1))
   2577               maxelev = estr(jst,jb)
   2578               minelev = estr(jst,jb)
   2579               do n=2,ng2
   2580                 jst = jstsplt(j,nout2(n))
   2581                 if (estr(jst,jb) > maxelev) then
   2582                   maxelev = estr(jst,jb)
   2583                   j2hi    = n
   2584                 else if (estr(jst,jb) < minelev) then

Page 72          Source Listing                  SELECTIVEUSGS
2026-03-30 08:47                                 ..\..\..\withdrawal.f90

   2585                   minelev = estr(jst,jb)
   2586                   j2lo    = n
   2587                 end if
   2588               end do
   2589             end if
   2590 
   2591 ! Get weighted blend of all nonblended release temperatures
   2592             ttarg = tspltt(j)
   2593             if (sum_minfrac0 > 0.0) then
   2594               sumtemp = 0.0
   2595               do n=1,ng0
   2596                 jst = jstsplt(j,nout0(n))
   2597                 qstr(jst,jb) = qall * qstrfrac(jst,jb)
   2598                 if (qstr(jst,jb) > 0.0) then
   2599                   call downstream_withdrawal_estimate(jst,etemp,estr(jst,jb))
   2600                 else
   2601                   etemp = t2(kstrsplt(nout0(n)),ds(jb))                      ! Use temperature at outlet elevation if no flo
   2601 w
   2602                 end if
   2603                 sumtemp = sumtemp + qstrfrac(jst,jb) * etemp
   2604               end do
   2605               etemp = sumtemp / sum_minfrac0
   2606               ttarg = (ttarg - sum_minfrac0 * etemp) / (1.0 - sum_minfrac0)  ! New temperature target for blended releases
   2607             end if
   2608 
   2609 ! Need an iterative approach because released T depends on Q
   2610             lastfrac = qfrac1
   2611             do jj=1,8                                                        ! Maximum of eight iterations
   2612               lastfrac2 = lastfrac
   2613               lastfrac  = qfrac1
   2614 
   2615               sumtemp = 0.0
   2616               sumelev = 0.0
   2617               do n=1,ng1                                                     ! Get weighted temp and elevation for group 1
   2618                 jst = jstsplt(j,nout1(n))
   2619                 qstr(jst,jb) = qall * qstrfrac(jst,jb)
   2620                 if (qstr(jst,jb) > 0.0) then
   2621                   call downstream_withdrawal_estimate(jst,etemp,estr(jst,jb))
   2622                 else
   2623                   etemp = t2(kstrsplt(nout1(n)),ds(jb))                      ! Use temperature at outlet elevation if no flo
   2623 w
   2624                 end if
   2625                 if (qfrac1 > 0.0) then
   2626                   sumtemp = sumtemp + qstrfrac(jst,jb) * etemp
   2627                   sumelev = sumelev + qstrfrac(jst,jb) * estr(jst,jb)
   2628                 else
   2629                   sumtemp = sumtemp + etemp
   2630                   sumelev = sumelev + estr(jst,jb)
   2631                 end if
   2632               end do
   2633               if (qfrac1 > 0.0) then
   2634                 etemp1 = sumtemp / qfrac1                                    ! Weighted temperature from group 1 outlets
   2635                 elev1  = sumelev / qfrac1                                    ! Weighted elevation of group 1 outlets
   2636               else
   2637                 etemp1 = sumtemp / ng1
   2638                 elev1  = sumelev / ng1
   2639               end if

Page 73          Source Listing                  SELECTIVEUSGS
2026-03-30 08:47                                 ..\..\..\withdrawal.f90

   2640 
   2641               if (share_flow(j) .or. ng2 < 2) then                           ! Get weighted temp and elevation for group 2
   2642                 sumtemp = 0.0                                                ! ...when flows are shared among outlets
   2643                 sumelev = 0.0
   2644                 do n=1,ng2
   2645                   jst = jstsplt(j,nout2(n))
   2646                   qstr(jst,jb) = qall * qstrfrac(jst,jb)
   2647                   if (qstr(jst,jb) > 0.0) then
   2648                     call downstream_withdrawal_estimate(jst,etemp,estr(jst,jb))
   2649                   else
   2650                     etemp = t2(kstrsplt(nout2(n)),ds(jb))                    ! Use temperature at outlet elevation if no flo
   2650 w
   2651                   end if
   2652                   if (qfrac2 > 0.0) then
   2653                     sumtemp = sumtemp + qstrfrac(jst,jb) * etemp
   2654                     sumelev = sumelev + qstrfrac(jst,jb) * estr(jst,jb)
   2655                   else
   2656                     sumtemp = sumtemp + etemp
   2657                     sumelev = sumelev + estr(jst,jb)
   2658                   end if
   2659                 end do
   2660                 if (qfrac2 > 0.0) then
   2661                   etemp2 = sumtemp / qfrac2                                  ! Weighted temperature from group 2 outlets
   2662                   elev2  = sumelev / qfrac2                                  ! Weighted elevation of group 2 outlets
   2663                 else
   2664                   etemp2 = sumtemp / ng2
   2665                   elev2  = sumelev / ng2
   2666                 end if
   2667 
   2668               else                                                           ! ...and when flows are not shared
   2669                 if (qfrac2 == 0.0) then
   2670                   do n=1,ng2
   2671                     jst       = jstsplt(j,nout2(n))
   2672                     splt2t(n) = t2(kstrsplt(nout2(n)),ds(jb))
   2673                     splt2e(n) = estr(jst,jb)
   2674                   end do
   2675                 else
   2676                   do nj=1,ng2                                                ! Find the temperatures produced in group 2
   2677                     sumtemp = 0.0                                            ! by testing when each outlet is preferred
   2678                     sumelev = 0.0
   2679                     call Set_Flow_Fracs2(j, jb, nj)
   2680                     do n=1,ng2
   2681                       jst = jstsplt(j,nout2(n))
   2682                       qstr(jst,jb) = qall * qstrfrac(jst,jb)
   2683                       if (qstr(jst,jb) > 0.0) then
   2684                         call downstream_withdrawal_estimate(jst,etemp,estr(jst,jb))
   2685                       else
   2686                         etemp = t2(kstrsplt(nout2(n)),ds(jb))
   2687                       end if
   2688                       sumtemp = sumtemp + qstrfrac(jst,jb) * etemp
   2689                       sumelev = sumelev + qstrfrac(jst,jb) * estr(jst,jb)
   2690                     end do
   2691                     splt2t(nj) = sumtemp / qfrac2
   2692                     splt2e(nj) = sumelev / qfrac2
   2693                   end do
   2694                 end if
   2695                 j2max   = 1

Page 74          Source Listing                  SELECTIVEUSGS
2026-03-30 08:47                                 ..\..\..\withdrawal.f90

   2696                 j2min   = 1
   2697                 maxtemp = splt2t(1)
   2698                 mintemp = splt2t(1)
   2699                 do n=2,ng2
   2700                   if (splt2t(n) > maxtemp) then
   2701                     maxtemp = splt2t(n)
   2702                     j2max   = n
   2703                   else if (splt2t(n) < mintemp) then
   2704                     mintemp = splt2t(n)
   2705                     j2min   = n
   2706                   end if
   2707                 end do
   2708                 if (ttarg < etemp1 - 0.001) then                             ! need a colder temp from group 2
   2709                   if (maxtemp - mintemp > 0.001) then
   2710                     etemp2 = splt2t(j2min)                                   ! preferred outlet is the coldest one
   2711                     elev2  = splt2e(j2min)
   2712                     j2pref = j2min
   2713                   else
   2714                     etemp2 = splt2t(j2lo)                                    ! preferred outlet is the lowest one
   2715                     elev2  = splt2e(j2lo)
   2716                     j2pref = j2lo
   2717                   end if
   2718                 else if (ttarg > etemp1 + 0.001) then                        ! need a warmer temp from group 2
   2719                   if (maxtemp - mintemp > 0.001) then
   2720                     etemp2 = splt2t(j2max)                                   ! preferred outlet is the warmest one
   2721                     elev2  = splt2e(j2max)
   2722                     j2pref = j2max
   2723                   else
   2724                     etemp2 = splt2t(j2hi)                                    ! preferred outlet is the highest one
   2725                     elev2  = splt2e(j2hi)
   2726                     j2pref = j2hi
   2727                   end if
   2728                 else
   2729                   etemp2 = splt2t(1)                                         ! if temp is close to target, choose first outl
   2729 et
   2730                   elev2  = splt2e(1)
   2731                   j2pref = 1
   2732                 end if
   2733               end if
   2734 
   2735 ! Target temperature is less than either outlet temperature.
   2736               if (ttarg < etemp1 .and. ttarg < etemp2) then
   2737                 qfrac1 = sum_minfrac1                                        ! default for if/then cases
   2738                 if (abs(etemp1 - etemp2) < 0.001) then
   2739                   if (prior1 == prior2) then                                 ! If each outlet has the same priority level, t
   2739 hen...
   2740                     if (elev1 <= elev2) then                                 ! Choose lower outlet if both have same tempera
   2740 ture.
   2741                       qfrac1 = 1.0 - sum_minfrac0 - sum_minfrac2
   2742                     end if
   2743                   else if (prior1 < prior2) then
   2744                     qfrac1 = 1.0 - sum_minfrac0 - sum_minfrac2               ! Choose higher priority outlet if temps are th
   2744 e same.
   2745                   end if
   2746                 else if (etemp1 < etemp2) then                               ! If temps are different, choose the one closer
   2747                   qfrac1 = 1.0 - sum_minfrac0 - sum_minfrac2                 ! to target temperature
   2748                 end if

Page 75          Source Listing                  SELECTIVEUSGS
2026-03-30 08:47                                 ..\..\..\withdrawal.f90

   2749 
   2750 ! Target temperature is greater than either outlet temperature.
   2751               else if (ttarg > etemp1 .and. ttarg > etemp2) then
   2752                 qfrac1 = sum_minfrac1                                        ! default for if/then cases
   2753                 if (abs(etemp1 - etemp2) < 0.001) then
   2754                   if (prior1 == prior2) then                                 ! If each outlet has the same priority level, t
   2754 hen...
   2755                     if (elev1 >= elev2) then                                 ! Choose upper outlet if both have same tempera
   2755 ture.
   2756                       qfrac1 = 1.0 - sum_minfrac0 - sum_minfrac2
   2757                     end if
   2758                   else if (prior1 < prior2) then
   2759                     qfrac1 = 1.0 - sum_minfrac0 - sum_minfrac2               ! Choose higher priority outlet if temps are th
   2759 e same.
   2760                   end if
   2761                 else if (etemp1 > etemp2) then                               ! If temps are different, choose the one closer
   2762                   qfrac1 = 1.0 - sum_minfrac0 - sum_minfrac2                 ! to target temperature
   2763                 end if
   2764 
   2765 ! Target temperature is essentially the same as the two outlet temperatures.
   2766               else if (abs(etemp1 - etemp2) < 0.001) then
   2767                 qfrac1 = sum_minfrac1                                        ! default for if/then cases
   2768                 if (prior1 == prior2) then                                   ! If each outlet has the same priority level, t
   2768 hen...
   2769                   qfrac1 = sum_minfrac1 + 0.5 * (1.0 - sum_minfrac0 - sum_minfrac1 - sum_minfrac2)    ! Split the flow equal
   2769 ly.
   2770                 else if (prior1 < prior2) then
   2771                   qfrac1 = 1.0 - sum_minfrac0 - sum_minfrac2                 ! Choose higher priority outlet if temps are th
   2771 e same.
   2772                 end if
   2773 
   2774 ! Target temperature is between the two outlet temperatures.
   2775               else
   2776                 qfrac1 = (1.0 - sum_minfrac0) * abs((ttarg-etemp2)/(etemp1-etemp2+NONZERO))
   2777                 qfrac1 = max(sum_minfrac1, qfrac1)
   2778                 qfrac1 = min(1.0 - sum_minfrac0 - sum_minfrac2, qfrac1)
   2779               end if
   2780               qfrac1 = min(sum_maxfrac1, qfrac1)
   2781               qfrac2 = 1.0 - sum_minfrac0 - qfrac1
   2782               if (qfrac2 > sum_maxfrac2) then
   2783                 excess_frac = qfrac2 - sum_maxfrac2
   2784                 if (qfrac1 + excess_frac <= sum_maxfrac1) then
   2785                   qfrac1 = qfrac1 + excess_frac
   2786                 else
   2787                   qfrac1 = sum_maxfrac1
   2788                 end if
   2789                 qfrac2 = sum_maxfrac2
   2790               end if
   2791 
   2792 ! Set flow fractions for individual outlets and redistribute flows if maximum flow fractions exceeded.
   2793               call Set_Flow_Fracs(j, jb, j2pref)
   2794 
   2795 ! Exit the loop if the latest flow fraction calculation agrees with the previous one.
   2796 ! Exit if no flow, because no iteration requried in that case.
   2797               if (abs(lastfrac - qfrac1) < tsconv .or. qall == 0.0) exit
   2798             end do
   2799 

Page 76          Source Listing                  SELECTIVEUSGS
2026-03-30 08:47                                 ..\..\..\withdrawal.f90

   2800 ! Check to see if iterative solution did not converge.
   2801             if (abs(lastfrac - qfrac1) >= tsconv .and. qall > 0.0) then
   2802               write (wrn,'(A,F0.3,3(A,F0.4))') 'Flow fraction calculations not converging at day ', jday,                   
   2802        &
   2803                                                '  Current: ', qfrac1, ' Last: ', lastfrac, ' Next-to-last: ', lastfrac2
   2804               WARNING_OPEN = .TRUE.
   2805 
   2806 ! Check to see if the iterative solution is unstable.  If so, use priorities to assign releases.
   2807 ! Criteria:  change is at least 0.1 and most recent change is in opposite direction from previous change.
   2808               if (abs(lastfrac - qfrac1) >= 0.1 .and. (qfrac1-lastfrac)*(lastfrac-lastfrac2) < 0.0) then
   2809                 qfrac1 = sum_minfrac1                                        ! default for if/then cases
   2810                 if (prior1 < prior2) then                                    ! group 1 is higher priority
   2811                   qfrac1 = 1.0 - sum_minfrac0 - sum_minfrac2
   2812                 else                                                         ! else, fulfill minima and split the rest
   2813                   qfrac1 = sum_minfrac1 + 0.5 * (1.0 - sum_minfrac0 - sum_minfrac1 - sum_minfrac2)
   2814                 end if
   2815                 qfrac1 = min(sum_maxfrac1, qfrac1)
   2816                 qfrac2 = 1.0 - sum_minfrac0 - qfrac1
   2817                 if (qfrac2 > sum_maxfrac2) then
   2818                   excess_frac = qfrac2 - sum_maxfrac2
   2819                   if (qfrac1 + excess_frac <= sum_maxfrac1) then
   2820                     qfrac1 = qfrac1 + excess_frac
   2821                   else
   2822                     qfrac1 = sum_maxfrac1
   2823                   end if
   2824                   qfrac2 = sum_maxfrac2
   2825                 end if
   2826                 call Set_Flow_Fracs(j, jb, j2pref)                           ! set flow fractions; redistribute if maxfrac e
   2826 xceeded
   2827               end if
   2828             end if
   2829           end if
   2830 
   2831 ! Set final flows to go with the flow fractions.  May not be necessary, but do it anyway.
   2832           do jj=1,nouts(j)
   2833             qstr(jstsplt(j,jj),jb) = qall * qstrfrac(jstsplt(j,jj),jb)
   2834           end do
   2835 
   2836 
   2837 ! Do Withdrawals next
   2838         else if (tspltcntr(j) == '      WD') then
   2839           jwd = jstsplt(j,1)                                                 ! assume withdrawals are from same branch and w
   2839 aterbody
   2840           do jb=1,nbr
   2841             if (iwd(jwd) >= us(jb) .and. iwd(jwd) <= ds(jb)) exit
   2842           end do
   2843           do jw=1,nwb
   2844             if (jb >= bs(jw) .and. jb <= be(jw)) exit
   2845           end do
   2846           no_flow(j,:) = .FALSE.
   2847           num_noflow   = 0
   2848           do jj=1,nouts(j)
   2849             jwd      = jstsplt(j,jj)
   2850             elr      = sina(jb) * dlx(iwd(jwd)) * 0.5
   2851             wsel     = elws(iwd(jwd)) - elr                                  ! compute water-surface elevation
   2852             ewd(jwd) = ewdsav(jwd)                                           ! reset outlet elevation to original
   2853             if (tstype(j,jj) .eq. "FLOAT") then

Page 77          Source Listing                  SELECTIVEUSGS
2026-03-30 08:47                                 ..\..\..\withdrawal.f90

   2854               ewd(jwd) = wsel - tsdepth(j,jj)
   2855             else if (ewd(jwd) > wsel) then
   2856               if (elcontspl(j) == '     OFF') then
   2857                 no_flow(j,jj) = .TRUE.                                       ! no flow-- high and dry
   2858                 num_noflow    = num_noflow + 1
   2859               else
   2860                 ewd(jwd) = wsel                                              ! poor man's floating outlet
   2861               end if
   2862             end if
   2863             if (.not. no_flow(j,jj) .and. tsminhead(j,jj) > 0.0 .and. wsel - ewd(jwd) < tsminhead(j,jj)) then
   2864               no_flow(j,jj) = .TRUE.                                         ! minimum head criterion not met -- no flow
   2865               num_noflow    = num_noflow + 1
   2866             end if
   2867             if (.not. no_flow(j,jj) .and. tsmaxhead(j,jj) > 0.0 .and. wsel - ewd(jwd) > tsmaxhead(j,jj)) then
   2868               no_flow(j,jj) = .TRUE.                                         ! maximum head criterion exceeded -- no flow
   2869               num_noflow    = num_noflow + 1
   2870             end if
   2871             do k=ktwb(jw),kb(iwd(jwd))
   2872               if (el(k,iwd(jwd))-elr < ewd(jwd)) exit
   2873             end do
   2874             kstrsplt(jj) = min(k-1,kb(iwd(jwd)))
   2875             qwdfrac(jwd) = 0.0                                               ! initialize flow fractions
   2876           end do
   2877 
   2878 ! Use priority inputs to determine which outlets to use
   2879           prior1 = -999
   2880           do jj=1,nouts(j)
   2881             if (.not. no_flow(j,jj) .and. tsprior(j,jj) >= 0) then
   2882               if (prior1 == -999 .or. tsprior(j,jj) < prior1) prior1 = tsprior(j,jj)
   2883             end if
   2884           end do
   2885           prior2 = -999
   2886           do jj=1,nouts(j)
   2887             if (.not. no_flow(j,jj) .and. tsprior(j,jj) >= 0 .and. tsprior(j,jj) > prior1) then
   2888               if (prior2 == -999 .or. tsprior(j,jj) < prior2) prior2 = tsprior(j,jj)
   2889             end if
   2890           end do
   2891 
   2892 ! Outlets with a priority of -1 get used, but are not blended
   2893           ng0 = 0
   2894           q_notblended = 0.0
   2895           do jj=1,nouts(j)
   2896             jwd = jstsplt(j,jj)
   2897             if (.not. no_flow(j,jj) .and. tsprior(j,jj) == -1) then
   2898               ng0 = ng0 + 1
   2899               nout0(ng0) = jj
   2900               if (qwdsav(jwd) > tsmaxflow(j,jj) .and. tsmaxflow(j,jj) > 0.0) then                                     !SR 06
   2900 /29/2021
   2901                 q_notblended = q_notblended + tsmaxflow(j,jj)
   2902                 qwdfrac(jwd) = tsmaxflow(j,jj) / qall
   2903               else if (qall > 0.0) then
   2904                 q_notblended = q_notblended + qwdsav(jwd)                                                             !SR 06
   2904 /29/2021
   2905                 qwdfrac(jwd) = qwdsav(jwd) / qall                                                                     !SR 06
   2905 /29/2021
   2906               end if
   2907             end if

Page 78          Source Listing                  SELECTIVEUSGS
2026-03-30 08:47                                 ..\..\..\withdrawal.f90

   2908           end do
   2909           sum_minfrac0 = 0.0
   2910           if (qall > 0.0) sum_minfrac0 = q_notblended / qall
   2911 
   2912 ! Outlets with priority 1 and 2 may be used and blended.
   2913           ng1 = 0
   2914           ng2 = 0
   2915           sum_minfrac1 = 0.0
   2916           sum_minfrac2 = 0.0
   2917           sum_maxfrac1 = 0.0
   2918           sum_maxfrac2 = 0.0
   2919           do jj=1,nouts(j)
   2920             if (.not. no_flow(j,jj)) then
   2921               if (tsprior(j,jj) == prior1) then
   2922                 ng1 = ng1 + 1
   2923                 nout1(ng1) = jj
   2924                 maxfrac1(ng1) = 1.0
   2925                 if (qall > 0.0 .and. tsmaxflow(j,jj) > 0.0) maxfrac1(ng1) = min(1.0, tsmaxflow(j,jj)/qall)
   2926                 minfrac1(ng1) = tsminfrac(j,jj)
   2927                 if (tsminfrac(j,jj) < 0.0) then
   2928                   minfrac1(ng1) = 0.0
   2929                   if (qall > 0.0) minfrac1(ng1) = min(1.0, abs(tsminfrac(j,jj))/qall)
   2930                 end if
   2931                 if (minfrac1(ng1) > maxfrac1(ng1)) minfrac1(ng1) = maxfrac1(ng1)
   2932                 sum_minfrac1 = sum_minfrac1 + minfrac1(ng1)
   2933                 sum_maxfrac1 = sum_maxfrac1 + maxfrac1(ng1)
   2934 
   2935               else if (tsprior(j,jj) == prior2) then
   2936                 ng2 = ng2 + 1
   2937                 nout2(ng2) = jj
   2938                 maxfrac2(ng2) = 1.0
   2939                 if (qall > 0.0 .and. tsmaxflow(j,jj) > 0.0) maxfrac2(ng2) = min(1.0, tsmaxflow(j,jj)/qall)
   2940                 minfrac2(ng2) = tsminfrac(j,jj)
   2941                 if (tsminfrac(j,jj) < 0.0) then
   2942                   minfrac2(ng2) = 0.0
   2943                   if (qall > 0.0) minfrac2(ng2) = min(1.0, abs(tsminfrac(j,jj))/qall)
   2944                 end if
   2945                 if (minfrac2(ng2) > maxfrac2(ng2)) minfrac2(ng2) = maxfrac2(ng2)
   2946                 sum_minfrac2 = sum_minfrac2 + minfrac2(ng2)
   2947                 sum_maxfrac2 = sum_maxfrac2 + maxfrac2(ng2)
   2948               end if
   2949             end if
   2950           end do
   2951 
   2952 ! If minimum flows are overspecified, then the priority 2 minimum flow fractions are decreased.
   2953           if (ng2 > 0 .and. sum_minfrac0 + sum_minfrac1 + sum_minfrac2 > 1.0) then
   2954             if (sum_minfrac0 + sum_minfrac1 >= 1.0) then
   2955               ng2 = 0
   2956               sum_minfrac2 = 0.0
   2957             else
   2958               do n=1,ng2
   2959                 minfrac2(n) = minfrac2(n) * (1.0 - sum_minfrac0 - sum_minfrac1) / sum_minfrac2
   2960               end do
   2961               sum_minfrac2 = 1.0 - sum_minfrac0 - sum_minfrac1
   2962             end if
   2963           end if
   2964 

Page 79          Source Listing                  SELECTIVEUSGS
2026-03-30 08:47                                 ..\..\..\withdrawal.f90

   2965 ! If minimum flows are still overspecified, then the priority 1 minimum flow fractions are decreased.
   2966           if (ng1 > 0 .and. sum_minfrac0 + sum_minfrac1 > 1.0) then
   2967             if (sum_minfrac0 >= 1.0) then
   2968               ng1 = 0
   2969               sum_minfrac1 = 0.0
   2970             else
   2971               do n=1,ng1
   2972                 minfrac1(n) = minfrac1(n) * (1.0 - sum_minfrac0) / sum_minfrac1
   2973               end do
   2974               sum_minfrac1 = 1.0 - sum_minfrac0
   2975             end if
   2976           end if
   2977 
   2978 ! If group 1 has 3 or more outlets and group 2 has no outlets, then redistribute priorities based on elevation.
   2979 ! Keep the highest and lowest elevation outlets in group 1, and put other active outlets into nonblended category
   2980 ! with their minimum flows.  If ties in elevation exist, go with the first in the list.
   2981           if (ng1 > 2 .and. ng2 == 0) then
   2982             ng1max  = 1
   2983             ng1min  = 1
   2984             jwd     = jstsplt(j,nout1(1))
   2985             maxelev = ewd(jwd)
   2986             minelev = ewd(jwd)
   2987             do n=2,ng1
   2988               jwd = jstsplt(j,nout1(n))
   2989               if (ewd(jwd) > maxelev) then
   2990                 maxelev = ewd(jwd)
   2991                 ng1max  = n
   2992               else if (ewd(jwd) < minelev) then
   2993                 minelev = ewd(jwd)
   2994                 ng1min  = n
   2995               end if
   2996             end do
   2997             blendfrac = 1.0 - sum_minfrac0 - sum_minfrac1 + minfrac1(ng1max) + minfrac1(ng1min)
   2998             if (maxfrac1(ng1max) + maxfrac1(ng1min) < blendfrac) then
   2999               if (sum_maxfrac1 < 1.0 - sum_minfrac0) then
   3000                 write (wrn,'(A,I0,A,F0.3)') 'Warning-- Maximum flows for outlets exceeded for group ', j, ' at day ', jday
   3001                 WARNING_OPEN = .TRUE.
   3002                 do n=1,ng1
   3003                   minfrac1(n) = maxfrac1(n)                        ! all group 1 outlets at maximum flow              !SR 06
   3003 /29/2021
   3004                 end do
   3005               else                                                                                ! push excess to other out
   3005 lets
   3006                 excess_frac = blendfrac - maxfrac1(ng1max) - maxfrac1(ng1min)                     ! ng1max and ng1min will b
   3006 e at max
   3007                 num_left = ng1 - 2
   3008                 do nj=1,ng1                                        ! iterative process to redistribute excess flows
   3009                   if (num_left > 0 .and. excess_frac > 0.0) then
   3010                     addfrac = excess_frac / num_left
   3011                     do n=1,ng1
   3012                       if (n .ne. ng1max .and. n .ne. ng1min .and. maxfrac1(n) - minfrac1(n) > 0.00001) then
   3013                         if (minfrac1(n) + addfrac > maxfrac1(n)) then
   3014                           num_left    = num_left - 1
   3015                           excess_frac = excess_frac - (maxfrac1(n) - minfrac1(n))
   3016                           minfrac1(n) = maxfrac1(n)
   3017                         else
   3018                           excess_frac = excess_frac - addfrac

Page 80          Source Listing                  SELECTIVEUSGS
2026-03-30 08:47                                 ..\..\..\withdrawal.f90

   3019                           minfrac1(n) = minfrac1(n) + addfrac
   3020                         end if
   3021                       end if
   3022                     end do
   3023                   end if
   3024                 end do
   3025                 minfrac1(ng1max) = maxfrac1(ng1max)                                               ! set to max flow   !SR 06
   3025 /29/2021
   3026                 minfrac1(ng1min) = maxfrac1(ng1min)                                               ! set to max flow   !SR 06
   3026 /29/2021
   3027               end if
   3028             end if
   3029             do n=1,ng1                                       ! assign the other priority 1 outlets to nonblended status
   3030               if (n .ne. ng1max .and. n .ne. ng1min) then
   3031                 ng0          = ng0 + 1
   3032                 nout0(ng0)   = nout1(n)
   3033                 jwd          = jstsplt(j,nout1(n))
   3034                 sum_minfrac0 = sum_minfrac0 + minfrac1(n)
   3035                 q_notblended = q_notblended + qall * minfrac1(n)
   3036                 qwdfrac(jwd) = minfrac1(n)
   3037               end if
   3038             end do
   3039             ng1 = 1                                ! rearrange outlets-- one in each priority group, but same priority
   3040             ng2 = 1
   3041             nout2(1)     = nout1(ng1min)
   3042             minfrac2(1)  = minfrac1(ng1min)
   3043             maxfrac2(1)  = maxfrac1(ng1min)
   3044             sum_minfrac2 = minfrac1(ng1min)
   3045             sum_maxfrac2 = maxfrac1(ng1min)
   3046             nout1(1)     = nout1(ng1max)
   3047             minfrac1(1)  = minfrac1(ng1max)
   3048             maxfrac1(1)  = maxfrac1(ng1max)
   3049             sum_minfrac1 = minfrac1(ng1max)
   3050             sum_maxfrac1 = maxfrac1(ng1max)
   3051             prior2       = prior1
   3052           end if
   3053 
   3054 ! If only two blended outlets, ensure that they are in separate groups.
   3055           if (ng1 == 2 .and. ng2 == 0) then
   3056             ng1 = 1
   3057             ng2 = 1
   3058             nout2(1)     = nout1(2)
   3059             minfrac2(1)  = minfrac1(2)
   3060             maxfrac2(1)  = maxfrac1(2)
   3061             sum_minfrac2 = minfrac1(2)
   3062             sum_maxfrac2 = maxfrac1(2)
   3063             sum_minfrac1 = minfrac1(1)
   3064             sum_maxfrac1 = maxfrac1(1)
   3065             prior2       = prior1
   3066           end if
   3067 
   3068 
   3069 ! Begin the blending decisions.
   3070 ! No usable outlets.  All flow fractions remain at zero.
   3071           if (nouts(j) == num_noflow) then
   3072             write (wrn,'(A,I0,A,F0.3)') 'Warning-- All outlets dry or unusable for group ', j, ' at day ', jday
   3073             WARNING_OPEN = .TRUE.

Page 81          Source Listing                  SELECTIVEUSGS
2026-03-30 08:47                                 ..\..\..\withdrawal.f90

   3074 
   3075 ! Only nonblended outlets.
   3076           else if (nouts(j) == ng0) then
   3077             write (wrn,'(A,I0,A,F0.3)') 'Warning-- Only nonblended outlets present in group ', j, ' at day ', jday
   3078             WARNING_OPEN = .TRUE.
   3079 
   3080 ! Only one blended outlet.  It gets all of the blended flow, but must not exceed its maximum flow criterion.
   3081           else if (ng1 + ng2 == 1) then
   3082             jwd = jstsplt(j,nout1(1))
   3083             qwdfrac(jwd) = 1.0 - sum_minfrac0
   3084             if (qall - q_notblended > tsmaxflow(j,nout1(1)) .and. tsmaxflow(j,nout1(1)) > 0.0) then
   3085               qwdfrac(jwd) = tsmaxflow(j,nout1(1)) / qall
   3086               write (wrn,'(A,A,I0,A,I0,A,F0.3)') 'Warning-- Total release flow rate decreased to comply with maximum flow ',
   3086        &
   3087                                                  'criterion for withdrawal ', jwd, ' in group ', j, ' at day ', jday
   3088               WARNING_OPEN = .TRUE.
   3089             end if
   3090 
   3091 ! Minimum flows comprise entire release.  No blending calculations required.
   3092           else if (abs(1.0 - sum_minfrac0 - sum_minfrac1 - sum_minfrac2) <= 0.000001) then
   3093             do n=1,ng1
   3094               jwd = jstsplt(j,nout1(n))
   3095               qwdfrac(jwd) = minfrac1(n)
   3096             end do
   3097             do n=1,ng2
   3098               jwd = jstsplt(j,nout2(n))
   3099               qwdfrac(jwd) = minfrac2(n)
   3100             end do
   3101 
   3102 ! Nonblended outlets all at maximum flows.  No blending calculations required.                                !SR 06/29/2021
   3103           else if (ng1 > 0 .and. sum_minfrac1 == sum_maxfrac1 .and. (ng2 == 0 .or. sum_minfrac2 == sum_maxfrac2)) then !SR 0
   3103 6/29/2021
   3104             do n=1,ng1                                                                                                !SR 06
   3104 /29/2021
   3105               jwd = jstsplt(j,nout1(n))                                                                               !SR 06
   3105 /29/2021
   3106               qwdfrac(jwd) = minfrac1(n)                                                                              !SR 06
   3106 /29/2021
   3107             end do                                                                                                    !SR 06
   3107 /29/2021
   3108             do n=1,ng2                                                                                                !SR 06
   3108 /29/2021
   3109               jwd = jstsplt(j,nout2(n))                                                                               !SR 06
   3109 /29/2021
   3110               qwdfrac(jwd) = minfrac2(n)                                                                              !SR 06
   3110 /29/2021
   3111             end do                                                                                                    !SR 06
   3111 /29/2021
   3112 
   3113 ! More than one usable outlet, and blending among priority 1 outlet(s) and priority 2 outlet(s) required.
   3114           else
   3115             I  = iwd(jstsplt(j,nout1(1)))                                    ! needed for lateral_withdrawal_estimate
   3116             kt = ktwb(jw)                                                    ! needed for lateral_withdrawal_estimate
   3117 
   3118 ! Warn the user if maximum flow criteria are likely to decrease the specified outflows.  Use 0.999999 for round-off.
   3119             if (sum_minfrac0 + sum_maxfrac1 + sum_maxfrac2 < 0.999999) then                                           !SR 06
   3119 /29/2021

Page 82          Source Listing                  SELECTIVEUSGS
2026-03-30 08:47                                 ..\..\..\withdrawal.f90

   3120               write (wrn,'(A,A,I0,A,F0.3)') 'WARNING-- Total release flow rate may be decreased to comply with maximum flow 
   3120 ',     &
   3121                                             'criteria for withdrawals in group ', j, ' at day ', jday
   3122               WARNING_OPEN = .TRUE.
   3123             end if
   3124 
   3125 ! Set the initial release fractions.  Ensure that maximum flows are not exceeded.
   3126             qfrac1 = sum_minfrac1 + 0.5 * (1.0 - sum_minfrac0 - sum_minfrac1 - sum_minfrac2)
   3127             qfrac1 = min(sum_maxfrac1, qfrac1)
   3128             qfrac2 = 1.0 - sum_minfrac0 - qfrac1
   3129             if (qfrac2 > sum_maxfrac2) then
   3130               excess_frac = qfrac2 - sum_maxfrac2
   3131               if (qfrac1 + excess_frac <= sum_maxfrac1) then
   3132                 qfrac1 = qfrac1 + excess_frac
   3133               else
   3134                 qfrac1 = sum_maxfrac1
   3135               end if
   3136               qfrac2 = sum_maxfrac2
   3137             end if
   3138             j2pref = 1
   3139             call Set_Flow_Fracs(j, jb, j2pref)                               ! set flow fractions; redistribute if maxfrac e
   3139 xceeded
   3140 
   3141 ! If priority 2 outlets are not sharing flows, identify the two with the highest and lowest elevations
   3142             if (.not. share_flow(j) .and. ng2 > 1) then
   3143               j2hi    = 1
   3144               j2lo    = 1
   3145               jwd     = jstsplt(j,nout2(1))
   3146               maxelev = ewd(jwd)
   3147               minelev = ewd(jwd)
   3148               do n=2,ng2
   3149                 jwd = jstsplt(j,nout2(n))
   3150                 if (ewd(jwd) > maxelev) then
   3151                   maxelev = ewd(jwd)
   3152                   j2hi    = n
   3153                 else if (ewd(jwd) < minelev) then
   3154                   minelev = ewd(jwd)
   3155                   j2lo    = n
   3156                 end if
   3157               end do
   3158             end if
   3159 
   3160 ! Get weighted blend of all nonblended release temperatures
   3161             ttarg = tspltt(j)
   3162             if (sum_minfrac0 > 0.0) then
   3163               sumtemp = 0.0
   3164               do n=1,ng0
   3165                 jwd = jstsplt(j,nout0(n))
   3166                 qwd(jwd) = qall * qwdfrac(jwd)
   3167                 if (qwd(jwd) > 0.0) then
   3168                   call lateral_withdrawal_estimate(jwd,etemp,ewd(jwd))       ! Get an estimate of the temperature of the out
   3168 flow
   3169                 else
   3170                   etemp = t2(kstrsplt(nout0(n)),iwd(jwd))                    ! Use temperature at outlet elevation if no flo
   3170 w
   3171                 end if
   3172                 sumtemp = sumtemp + qwdfrac(jwd) * etemp

Page 83          Source Listing                  SELECTIVEUSGS
2026-03-30 08:47                                 ..\..\..\withdrawal.f90

   3173               end do
   3174               etemp = sumtemp / sum_minfrac0
   3175               ttarg = (ttarg - sum_minfrac0 * etemp) / (1.0 - sum_minfrac0)  ! New temperature target for blended releases
   3176             end if
   3177 
   3178 ! Need an iterative approach because released T depends on Q
   3179             lastfrac = qfrac1
   3180             do jj=1,8                                                        ! Maximum of eight iterations
   3181               lastfrac2 = lastfrac
   3182               lastfrac  = qfrac1
   3183 
   3184               sumtemp = 0.0
   3185               sumelev = 0.0
   3186               do n=1,ng1                                                     ! Get weighted temp and elevation for group 1
   3187                 jwd = jstsplt(j,nout1(n))
   3188                 qwd(jwd) = qall * qwdfrac(jwd)
   3189                 if (qwd(jwd) > 0.0) then
   3190                   call lateral_withdrawal_estimate(jwd,etemp,ewd(jwd))
   3191                 else
   3192                   etemp = t2(kstrsplt(nout1(n)),iwd(jwd))                    ! Use temperature at outlet elevation if no flo
   3192 w
   3193                 end if
   3194                 if (qfrac1 > 0.0) then
   3195                   sumtemp = sumtemp + qwdfrac(jwd) * etemp
   3196                   sumelev = sumelev + qwdfrac(jwd) * ewd(jwd)
   3197                 else
   3198                   sumtemp = sumtemp + etemp
   3199                   sumelev = sumelev + ewd(jwd)
   3200                 end if
   3201               end do
   3202               if (qfrac1 > 0.0) then
   3203                 etemp1 = sumtemp / qfrac1                                    ! Weighted temperature from group 1 outlets
   3204                 elev1  = sumelev / qfrac1                                    ! Weighted elevation of group 1 outlets
   3205               else
   3206                 etemp1 = sumtemp / ng1
   3207                 elev1  = sumelev / ng1
   3208               end if
   3209 
   3210               if (share_flow(j) .or. ng2 < 2) then                           ! Get weighted temp and elevation for group 2
   3211                 sumtemp = 0.0                                                ! ...when flows are shared among outlets
   3212                 sumelev = 0.0
   3213                 do n=1,ng2
   3214                   jwd = jstsplt(j,nout2(n))
   3215                   qwd(jwd) = qall * qwdfrac(jwd)
   3216                   if (qwd(jwd) > 0.0) then
   3217                     call lateral_withdrawal_estimate(jwd,etemp,ewd(jwd))
   3218                   else
   3219                     etemp = t2(kstrsplt(nout2(n)),iwd(jwd))                  ! Use temperature at outlet elevation if no flo
   3219 w
   3220                   end if
   3221                   if (qfrac2 > 0.0) then
   3222                     sumtemp = sumtemp + qwdfrac(jwd) * etemp
   3223                     sumelev = sumelev + qwdfrac(jwd) * ewd(jwd)
   3224                   else
   3225                     sumtemp = sumtemp + etemp
   3226                     sumelev = sumelev + ewd(jwd)
   3227                   end if

Page 84          Source Listing                  SELECTIVEUSGS
2026-03-30 08:47                                 ..\..\..\withdrawal.f90

   3228                 end do
   3229                 if (qfrac2 > 0.0) then
   3230                   etemp2 = sumtemp / qfrac2                                  ! Weighted temperature from group 2 outlets
   3231                   elev2  = sumelev / qfrac2                                  ! Weighted elevation of group 2 outlets
   3232                 else
   3233                   etemp2 = sumtemp / ng2
   3234                   elev2  = sumelev / ng2
   3235                 end if
   3236 
   3237               else                                                           ! ...and when flows are not shared
   3238                 if (qfrac2 == 0.0) then
   3239                   do n=1,ng2
   3240                     jwd       = jstsplt(j,nout2(n))
   3241                     splt2t(n) = t2(kstrsplt(nout2(n)),iwd(jwd))
   3242                     splt2e(n) = ewd(jwd)
   3243                   end do
   3244                 else
   3245                   do nj=1,ng2                                                ! Find the temperatures produced in group 2
   3246                     sumtemp = 0.0                                            ! by testing when each outlet is preferred
   3247                     sumelev = 0.0
   3248                     call Set_Flow_Fracs2(j, jb, nj)
   3249                     do n=1,ng2
   3250                       jwd = jstsplt(j,nout2(n))
   3251                       qwd(jwd) = qall * qwdfrac(jwd)
   3252                       if (qwd(jwd) > 0.0) then
   3253                         call lateral_withdrawal_estimate(jwd,etemp,ewd(jwd))
   3254                       else
   3255                         etemp = t2(kstrsplt(nout2(n)),iwd(jwd))
   3256                       end if
   3257                       sumtemp = sumtemp + qwdfrac(jwd) * etemp
   3258                       sumelev = sumelev + qwdfrac(jwd) * ewd(jwd)
   3259                     end do
   3260                     splt2t(nj) = sumtemp / qfrac2
   3261                     splt2e(nj) = sumelev / qfrac2
   3262                   end do
   3263                 end if
   3264                 j2max   = 1
   3265                 j2min   = 1
   3266                 maxtemp = splt2t(1)
   3267                 mintemp = splt2t(1)
   3268                 do n=2,ng2
   3269                   if (splt2t(n) > maxtemp) then
   3270                     maxtemp = splt2t(n)
   3271                     j2max   = n
   3272                   else if (splt2t(n) < mintemp) then
   3273                     mintemp = splt2t(n)
   3274                     j2min   = n
   3275                   end if
   3276                 end do
   3277                 if (ttarg < etemp1 - 0.001) then                             ! need a colder temp from group 2
   3278                   if (maxtemp - mintemp > 0.001) then
   3279                     etemp2 = splt2t(j2min)                                   ! preferred outlet is the coldest one
   3280                     elev2  = splt2e(j2min)
   3281                     j2pref = j2min
   3282                   else
   3283                     etemp2 = splt2t(j2lo)                                    ! preferred outlet is the lowest one
   3284                     elev2  = splt2e(j2lo)

Page 85          Source Listing                  SELECTIVEUSGS
2026-03-30 08:47                                 ..\..\..\withdrawal.f90

   3285                     j2pref = j2lo
   3286                   end if
   3287                 else if (ttarg > etemp1 + 0.001) then                        ! need a warmer temp from group 2
   3288                   if (maxtemp - mintemp > 0.001) then
   3289                     etemp2 = splt2t(j2max)                                   ! preferred outlet is the warmest one
   3290                     elev2  = splt2e(j2max)
   3291                     j2pref = j2max
   3292                   else
   3293                     etemp2 = splt2t(j2hi)                                    ! preferred outlet is the highest one
   3294                     elev2  = splt2e(j2hi)
   3295                     j2pref = j2hi
   3296                   end if
   3297                 else
   3298                   etemp2 = splt2t(1)                                         ! if temp is close to target, choose first outl
   3298 et
   3299                   elev2  = splt2e(1)
   3300                   j2pref = 1
   3301                 end if
   3302               end if
   3303 
   3304 ! Target temperature is less than either outlet temperature.
   3305               if (ttarg < etemp1 .and. ttarg < etemp2) then
   3306                 qfrac1 = sum_minfrac1                                        ! default for if/then cases
   3307                 if (abs(etemp1 - etemp2) < 0.001) then
   3308                   if (prior1 == prior2) then                                 ! If each outlet has the same priority level, t
   3308 hen...
   3309                     if (elev1 <= elev2) then                                 ! Choose lower outlet if both have same tempera
   3309 ture.
   3310                       qfrac1 = 1.0 - sum_minfrac0 - sum_minfrac2
   3311                     end if
   3312                   else if (prior1 < prior2) then
   3313                     qfrac1 = 1.0 - sum_minfrac0 - sum_minfrac2               ! Choose higher priority outlet if temps are th
   3313 e same.
   3314                   end if
   3315                 else if (etemp1 < etemp2) then                               ! If temps are different, choose the one closer
   3316                   qfrac1 = 1.0 - sum_minfrac0 - sum_minfrac2                 ! to target temperature
   3317                 end if
   3318 
   3319 ! Target temperature is greater than either outlet temperature.
   3320               else if (ttarg > etemp1 .and. ttarg > etemp2) then
   3321                 qfrac1 = sum_minfrac1                                        ! default for if/then cases
   3322                 if (abs(etemp1 - etemp2) < 0.001) then
   3323                   if (prior1 == prior2) then                                 ! If each outlet has the same priority level, t
   3323 hen...
   3324                     if (elev1 >= elev2) then                                 ! Choose upper outlet if both have same tempera
   3324 ture.
   3325                       qfrac1 = 1.0 - sum_minfrac0 - sum_minfrac2
   3326                     end if
   3327                   else if (prior1 < prior2) then
   3328                     qfrac1 = 1.0 - sum_minfrac0 - sum_minfrac2               ! Choose higher priority outlet if temps are th
   3328 e same.
   3329                   end if
   3330                 else if (etemp1 > etemp2) then                               ! If temps are different, choose the one closer
   3331                   qfrac1 = 1.0 - sum_minfrac0 - sum_minfrac2                 ! to target temperature
   3332                 end if
   3333 
   3334 ! Target temperature is essentially the same as the two outlet temperatures.

Page 86          Source Listing                  SELECTIVEUSGS
2026-03-30 08:47                                 ..\..\..\withdrawal.f90

   3335               else if (abs(etemp1 - etemp2) < 0.001) then
   3336                 qfrac1 = sum_minfrac1                                        ! default for if/then cases
   3337                 if (prior1 == prior2) then                                   ! If each outlet has the same priority level, t
   3337 hen...
   3338                   qfrac1 = sum_minfrac1 + 0.5 * (1.0 - sum_minfrac0 - sum_minfrac1 - sum_minfrac2)    ! Split the flow equal
   3338 ly.
   3339                 else if (prior1 < prior2) then
   3340                   qfrac1 = 1.0 - sum_minfrac0 - sum_minfrac2                 ! Choose higher priority outlet if temps are th
   3340 e same.
   3341                 end if
   3342 
   3343 ! Target temperature is between the two outlet temperatures.
   3344               else
   3345                 qfrac1 = (1.0 - sum_minfrac0) * abs((ttarg-etemp2)/(etemp1-etemp2+NONZERO))
   3346                 qfrac1 = max(sum_minfrac1, qfrac1)
   3347                 qfrac1 = min(1.0 - sum_minfrac0 - sum_minfrac2, qfrac1)
   3348               end if
   3349               qfrac1 = min(sum_maxfrac1, qfrac1)
   3350               qfrac2 = 1.0 - sum_minfrac0 - qfrac1
   3351               if (qfrac2 > sum_maxfrac2) then
   3352                 excess_frac = qfrac2 - sum_maxfrac2
   3353                 if (qfrac1 + excess_frac <= sum_maxfrac1) then
   3354                   qfrac1 = qfrac1 + excess_frac
   3355                 else
   3356                   qfrac1 = sum_maxfrac1
   3357                 end if
   3358                 qfrac2 = sum_maxfrac2
   3359               end if
   3360 
   3361 ! Set flow fractions for individual outlets and redistribute flows if maximum flow fractions exceeded.
   3362               call Set_Flow_Fracs(j, jb, j2pref)
   3363 
   3364 ! Exit the loop if the latest flow fraction calculation agrees with the previous one.
   3365 ! Exit if no flow, because no iteration requried in that case.
   3366               if (abs(lastfrac - qfrac1) < tsconv .or. qall == 0.0) exit
   3367             end do
   3368 
   3369 ! Check to see if iterative solution did not converge.
   3370             if (abs(lastfrac - qfrac1) >= tsconv .and. qall > 0.0) then
   3371               write (wrn,'(A,F0.3,3(A,F0.4))') 'Flow fraction calculations not converging at day ', jday,                   
   3371        &
   3372                                                '  Current: ', qfrac1, ' Last: ', lastfrac, ' Next-to-last: ', lastfrac2
   3373               WARNING_OPEN = .TRUE.
   3374 
   3375 ! Check to see if the iterative solution is unstable.  If so, use priorities to assign releases.
   3376 ! Criteria:  change is at least 0.1 and most recent change is in opposite direction from previous change.
   3377               if (abs(lastfrac - qfrac1) >= 0.1 .and. (qfrac1-lastfrac)*(lastfrac-lastfrac2) < 0.0) then
   3378                 qfrac1 = sum_minfrac1                                        ! default for if/then cases
   3379                 if (prior1 < prior2) then                                    ! group 1 is higher priority
   3380                   qfrac1 = 1.0 - sum_minfrac0 - sum_minfrac2
   3381                 else                                                         ! else, fulfill minima and split the rest
   3382                   qfrac1 = sum_minfrac1 + 0.5 * (1.0 - sum_minfrac0 - sum_minfrac1 - sum_minfrac2)
   3383                 end if
   3384                 qfrac1 = min(sum_maxfrac1, qfrac1)
   3385                 qfrac2 = 1.0 - sum_minfrac0 - qfrac1
   3386                 if (qfrac2 > sum_maxfrac2) then
   3387                   excess_frac = qfrac2 - sum_maxfrac2

Page 87          Source Listing                  SELECTIVEUSGS
2026-03-30 08:47                                 ..\..\..\withdrawal.f90

   3388                   if (qfrac1 + excess_frac <= sum_maxfrac1) then
   3389                     qfrac1 = qfrac1 + excess_frac
   3390                   else
   3391                     qfrac1 = sum_maxfrac1
   3392                   end if
   3393                   qfrac2 = sum_maxfrac2
   3394                 end if
   3395                 call Set_Flow_Fracs(j, jb, j2pref)                           ! set flow fractions; redistribute if maxfrac e
   3395 xceeded
   3396               end if
   3397             end if
   3398           end if
   3399 
   3400 ! Set final flows to go with the flow fractions.  May not be necessary, but do it anyway.
   3401           do jj=1,nouts(j)
   3402             qwd(jstsplt(j,jj)) = qall * qwdfrac(jstsplt(j,jj))
   3403           end do
   3404         end if
   3405       end if
   3406     end do
   3407 
   3408     nxtsplit = nxtsplit + tspltfreq
   3409   end if
   3410 
   3411 ! Use the flow fractions to set flows in blended groups.
   3412   if (tspltc=='      ON') then
   3413     do j=1,numtsplt
   3414       if (tsyearly(j) == '     OFF') then
   3415         daytest = jday
   3416       else
   3417         daytest = real(jdayg) + jday - int(jday)
   3418       end if
   3419       if (daytest >= tstsrt(j) .and. daytest < tstend(j)) then
   3420         qall = 0.0
   3421 
   3422 ! Do structures first
   3423         if (tspltcntr(j) == '      ST') then
   3424           do jj=1,nouts(j)
   3425             qall = qall + qstrsav(jstsplt(j,jj),tspltjb(j))                         ! sum up all the flows            !SR 06
   3425 /29/2021
   3426           end do
   3427           do jj=1,nouts(j)                                                          ! set the flows and honor the maximum fl
   3427 ow
   3428             jst = jstsplt(j,jj)
   3429             qstr(jst,tspltjb(j)) = qstrfrac(jst,tspltjb(j)) * qall
   3430             if (tsmaxflow(j,jj) > 0.0 .and. qstr(jst,tspltjb(j)) > tsmaxflow(j,jj)) qstr(jst,tspltjb(j)) = tsmaxflow(j,jj)
   3431           end do
   3432 
   3433 ! Do Withdrawals next
   3434         else if (tspltcntr(j) == '      WD') then
   3435           do jj=1,nouts(j)
   3436             qall = qall + qwdsav(jstsplt(j,jj))                                     ! sum up all the flows            !SR 06
   3436 /29/2021
   3437           end do
   3438           do jj=1,nouts(j)                                                          ! set the flows and honor the maximum fl
   3438 ow
   3439             jwd = jstsplt(j,jj)

Page 88          Source Listing                  SELECTIVEUSGS
2026-03-30 08:47                                 ..\..\..\withdrawal.f90

   3440             qwd(jwd) = qwdfrac(jwd) * qall
   3441             if (tsmaxflow(j,jj) > 0.0 .and. qwd(jwd) > tsmaxflow(j,jj)) qwd(jwd) = tsmaxflow(j,jj)
   3442           end do
   3443         end if
   3444       end if
   3445     end do
   3446   end if
   3447 
   3448 ! Output some results.
   3449   if (jday.ge.nxtstr) then
   3450     nxtstr = nxtstr+tfrqtmp
   3451     ifile=1949
   3452     do jb=1,nbr
   3453       if (nstr(jb) > 0) then
   3454         ifile=ifile+1
   3455         write (ifile,'(f10.4,",",<nstr(jb)>(f10.2,","),<nstr(jb)>(f10.2,","),<nstr(jb)>(f10.2,","))') jday,(tavg(i,jb),i=1,n
   3455 str(jb)),(qstr(i,jb),i=1,nstr(jb)),(estr(i,jb),i=1,nstr(jb))                   ! SW 8/28/2019
   3456       end if
   3457     end do
   3458     if (nwd > 0) then
   3459       ifile=ifile+1
   3460       write (ifile,'(f10.4,<nwd>f10.2,<nwd>f10.2,<nwd>f10.2)') jday,(tavgw(i),i=1,nwd),(qwd(i),i=1,nwd),(ewd(i),i=1,nwd)
   3461     end if
   3462 
   3463 ! computing reservoir volume and volume below 'tempcrit'
   3464     volmc=0.0
   3465     volm=0.0
   3466     DO JW=1,NWB
   3467       KT = KTWB(JW)
   3468       DO JB=BS(JW),BE(JW)
   3469         DO I=cus(jb),ds(jb)
   3470           volm(jw) = volm(jw) +BH2(KT,I)*DLX(I)
   3471           DO K=kt+1,kb(i)
   3472             volm(jw) = volm(jw)+BH(K,I)*DLX(I)
   3473           END DO
   3474           do kk=1,tempn
   3475             if(t2(kt,i).le.tempcrit(jw,kk))volmc(jw,kk) = volmc(jw,kk)+BH2(KT,I)*DLX(I)
   3476             DO K=kt+1,kb(i)
   3477               if(t2(k,i).le.tempcrit(jw,kk))volmc(jw,kk) = volmc(jw,kk)+BH(K,I)*DLX(I)
   3478             END DO
   3479           end do
   3480         end do
   3481       end do
   3482 
   3483       ifile=ifile+1
   3484       write(ifile,5315)jday,volm(jw),(volmc(jw,kk), kk=1,tempn)
   3485 5315  format(f8.2,100(g12.4,g12.4))
   3486     end do
   3487   end if
   3488 
   3489 ! Check elevations and status of temperature control towers.
   3490   if (tempc == '      ON' .and. jday .ge. nxttcd) then
   3491 
   3492 ! Update the temperature targets
   3493     DO J=1,NUMTEMPC
   3494       IF (DYNSEL(J) == '      ON') THEN
   3495         SELD(J)=1009+J

Page 89          Source Listing                  SELECTIVEUSGS
2026-03-30 08:47                                 ..\..\..\withdrawal.f90

   3496         DO WHILE (JDAY >= NXSEL(J))
   3497           tctemp(j) = TEMP2(J)
   3498              IF(DYNSF(J))THEN
   3499                     READ (SELD(J),*) NXSEL(J),TEMP2(J)
   3500                 ELSE
   3501                     READ (SELD(J),'(1000F8.0)') NXSEL(J),TEMP2(J)
   3502                 ENDIF   
   3503 !READ (SELD(J),'(1000F8.0)') NXSEL(J),TEMP2(J)
   3504         END DO
   3505       END IF
   3506     END DO
   3507 
   3508     do j=1,numtempc
   3509 
   3510 ! Structures
   3511       if (tcntr(j) == '      ST') then
   3512         js = tcjs(j)                                 ! set structure index
   3513         jb = tcjb(j)                                 ! set branch index
   3514         DO JW=1,NWB                                  ! set waterbody index
   3515           IF (JB >= BS(JW) .AND. JB <= BE(JW)) EXIT
   3516         END DO
   3517 
   3518         if (tciseg(j) .eq. 0) then
   3519           tcomp = tavg(js,jb)               !cb 9/8/06
   3520         else if (tciseg(j) < 0) then
   3521           tcomp = twdo(abs(tciseg(j)))      ! sw 11/26/10
   3522         else
   3523 
   3524 ! Check to see if the monitoring segment tciseg is in the same branch and waterbody as the structure
   3525           DO JJB=1,NBR
   3526             IF (tciseg(j) >= US(JJB) .AND. tciseg(j) <= DS(JJB)) exit
   3527           end do
   3528           DO JJW=1,NWB
   3529             IF (JjB >= BS(JJW) .AND. JJB <= BE(JJW)) EXIT
   3530           END DO
   3531 
   3532           IF (tcklay(j) < 0) THEN
   3533             K = INT(ABS(tcklay(j)))
   3534           ELSE
   3535             DO K=KTWB(JJW),KB(tciseg(j))
   3536               IF (DEPTHB(K,tciseg(j)) > tcklay(j)) EXIT
   3537             END DO
   3538             K = MIN(K,KB(tciseg(j)))
   3539           END IF
   3540           tcomp = t2(k,tciseg(j))
   3541         end if
   3542         if (tcyearly(j) == '     OFF') then
   3543           daytest = jday
   3544         else
   3545           daytest = real(jdayg) + jday - int(jday)
   3546         end if
   3547         if (daytest >= tctsrt(j) .and. daytest < tctend(j)) then
   3548           estr(js,jb) = tcelev(j,ncountc(js,jb))                  ! initialize the structure elevation
   3549 
   3550           if (tcomp > tctemp(j) .and. tcnelev(j) > ncountc(js,jb)) then
   3551 ! making sure that the next lower structure for a particular 'j' is found
   3552             do nj=ncountc(js,jb)+1,tcnelev(j)

Page 90          Source Listing                  SELECTIVEUSGS
2026-03-30 08:47                                 ..\..\..\withdrawal.f90

   3553               if (tcelev(j,nj) < estr(js,jb)) then
   3554                 ncountc(js,jb) = nj
   3555                 estr(js,jb)    = tcelev(j,ncountc(js,jb))
   3556                 exit
   3557               end if
   3558             end do
   3559 
   3560           else if (tcomp < tctemp(j) .and. ncountc(js,jb) .gt. 1) then
   3561 ! to prevent this happening at each time it checks it and hence oscillating back and forth - check the temp at the upper out
   3561 let also
   3562             if (tciseg(j) > 0) then
   3563               if (jb .eq. jjb) then
   3564                 wsel = elws(ds(jb)) - sina(jb) * dlx(ds(jb)) * 0.5                        ! compute water-surface elevation 
   3564 !SR 03/24/13
   3565                 do ks=ktwb(jw),kb(ds(jb))
   3566 ! if (depthb(ks,tciseg(j)) > tcelev(j,ncountc(js,jb)-1)) exit             !??can't be right-- SR 03/24/13
   3567                   if (wsel - depthb(ks,tciseg(j)) < tcelev(j,ncountc(js,jb)-1)) exit      !SR 03/24/13
   3568                 end do
   3569                 ks   = min(ks,kb(tciseg(j)))
   3570                 tmod = t2(ks,ds(jb))
   3571               else
   3572                 tmod = t2(k,tciseg(j))
   3573               end if
   3574               if (tmod < tctemp(j) .and. tcelev(j,ncountc(js,jb)-1) < elws(ds(jb))) then
   3575 ! making sure that the next upper structure for a particular 'j' is found
   3576                 do nj=ncountc(js,jb)-1,1,-1
   3577                   if (tcelev(j,nj) > estr(js,jb)) then
   3578                     ncountc(js,jb) = nj
   3579                     estr(js,jb)    = tcelev(j,ncountc(js,jb))
   3580                     exit
   3581                   end if
   3582                 end do
   3583               end if
   3584 
   3585             else if (tciseg(j) .eq. 0) then
   3586 ! calculate the estimated outflow temperature at higher ports when tcomp < tctemp(j),
   3587 ! and move up if higher port still meets criteria - this doesn't happen when tciseg < 0
   3588               do nj=1,ncountc(js,jb)-1
   3589                 id = ds(jb)
   3590                 kt = ktwb(jw)
   3591                 call downstream_withdrawal_estimate(js,tempest,tcelev(j,nj))
   3592                 if (tempest < tctemp(j) .and. tcelev(j,nj) < elws(ds(jb))) then
   3593                   ncountc(js,jb) = nj
   3594                   estr(js,jb)    = tcelev(j,ncountc(js,jb))
   3595                   exit
   3596                 end if
   3597               end do
   3598             end if
   3599           end if
   3600           if (tcelevcon(j) == '      ON' .and. tcnelev(j) > ncountc(js,jb) .and. estr(js,jb) > elws(ds(jb)-MINWL(J))) then
   3601             ncountc(js,jb) = ncountc(js,jb)+1
   3602             estr(js,jb)    = tcelev(j,ncountc(js,jb))
   3603           end if
   3604         end if
   3605 
   3606 ! Withdrawals
   3607       else if (tcntr(j) == '      WD') then

Page 91          Source Listing                  SELECTIVEUSGS
2026-03-30 08:47                                 ..\..\..\withdrawal.f90

   3608         jwd = tcjs(j)
   3609         if (tciseg(j) .eq. 0) then
   3610 ! tcomp = tout(jb)
   3611           tcomp = tavgw(tcjs(j))   !cb 9/8/06
   3612         else if (tciseg(j) < 0) then
   3613           tcomp = twdo(abs(tciseg(j)))
   3614         else
   3615 
   3616 ! checking to see if the monitoring segment tciseg is in the same branch and water body as the withdrawal
   3617           DO JJB=1,NBR
   3618             IF (tciseg(j) >= US(JJB) .AND. tciseg(j) <= DS(JJB)) exit
   3619           end do
   3620           DO JJW=1,NWB
   3621             IF (JjB >= BS(JJW) .AND. JJB <= BE(JJW)) EXIT
   3622           END DO
   3623 
   3624           IF (tcklay(j) < 0) THEN
   3625             K = INT(ABS(tcklay(j)))
   3626           ELSE
   3627             DO K=KTWB(JJW),KB(tciseg(j))
   3628               IF (DEPTHB(K,tciseg(j)) > tcklay(j)) EXIT
   3629             END DO
   3630             K = MIN(K,KB(tciseg(j)))
   3631           END IF
   3632           tcomp = t2(k,tciseg(j))
   3633         end if
   3634         if (tcyearly(j) == '     OFF') then
   3635           daytest = jday
   3636         else
   3637           daytest = real(jdayg) + jday - int(jday)
   3638         end if
   3639         if (daytest >= tctsrt(j) .and. daytest < tctend(j)) then
   3640           ewd(jwd) = tcelev(j,ncountcw(jwd))                  ! initialize the withdrawal elevation
   3641 
   3642           if (tcomp > tctemp(j) .and. tcnelev(j) > ncountcw(jwd)) then
   3643 ! making sure that the next lower structure for a particular 'j' is found
   3644             do nj=ncountcw(jwd)+1,tcnelev(j)
   3645               if (tcelev(j,nj) < ewd(jwd)) then
   3646                 ncountcw(jwd) = nj
   3647                 ewd(jwd)      = tcelev(j,ncountcw(jwd))
   3648                 exit
   3649               end if
   3650             end do
   3651 
   3652           else if (tcomp < tctemp(j) .and. ncountcw(jwd) .gt. 1) then
   3653 ! to prevent this happening at each time it checks it and hence oscillating back and forth - check the temp at the upper out
   3653 let also
   3654             if (tciseg(j) > 0) then
   3655               tmod = t2(k,tciseg(j))
   3656               if (tmod < tctemp(j) .and. tcelev(j,ncountcw(jwd)-1) < elws(iwd(jwd))) then
   3657 ! making sure that the next upper structure for a particular 'j' is found
   3658                 do nj=ncountcw(jwd)-1,1,-1
   3659                   if (tcelev(j,nj) > ewd(jwd)) then
   3660                     ncountcw(jwd) = nj
   3661                     ewd(jwd)      = tcelev(j,ncountcw(jwd))
   3662                     exit
   3663                   end if

Page 92          Source Listing                  SELECTIVEUSGS
2026-03-30 08:47                                 ..\..\..\withdrawal.f90

   3664                 end do
   3665               end if
   3666 
   3667             else if (tciseg(j) == 0) then
   3668 ! calculate estimated outflow temperature at higher ports when tcomp < tctemp(j),
   3669 ! and move up if higher port still meets criteria
   3670               I = MAX(CUS(JBWD(JWD)),IWD(JWD))
   3671               DO JJB=1,NBR
   3672                 IF (I >= US(JJB) .AND. I <= DS(JJB)) exit
   3673               end do
   3674               DO JJW=1,NWB
   3675                 IF (JJB >= BS(JJW) .AND. JJB <= BE(JJW)) EXIT
   3676               END DO
   3677               kt = ktwb(jjw)
   3678               do nj=1,ncountcw(jwd)-1
   3679                 call lateral_withdrawal_estimate(jwd,tempest,tcelev(j,nj))
   3680                 if (tempest < tctemp(j) .and. tcelev(j,nj) < elws(iwd(jwd))) then
   3681                   ncountcw(jwd) = nj
   3682                   ewd(jwd)      = tcelev(j,ncountcw(jwd))
   3683                   exit
   3684                 end if
   3685               end do
   3686             end if
   3687           end if
   3688           if (tcelevcon(j) == '      ON' .and. tcnelev(j) > ncountcw(jwd) .and. ewd(jwd) > elws(iwd(jwd))-MINWL(J)) then
   3689             ncountcw(jwd) = ncountcw(jwd)+1
   3690             ewd(jwd)      = tcelev(j,ncountcw(jwd))
   3691           end if
   3692         end if
   3693       end if
   3694     end do
   3695 
   3696     nxttcd = nxttcd + tcdfreq
   3697   end if
   3698 return
   3699 		  
   3700 		  
   3701 ENTRY DEALLOCATE_SELECTIVEUSGS

Page 93          Source Listing                  SELECTIVEUSGS
2026-03-30 08:47 Entry Points                    ..\..\..\withdrawal.f90



ENTRY POINTS

 Address      Type  Name                       Address      Type  Name                     
                                                                                           
       DEALLOCATE_SELECTIVEUSGS                      SELECTIVEUSGS                         


SYMBOL CROSS REFERENCE

 Name                       Object Declared Type            Bytes Dimen Elements Attributes       References                        
                                                                                                                                    
 5315                       Label  3485                                                           3484                              
 ABS                        Func   2361                                 scalar                    2361,2375,2523,2738,2753,2766,2776
                                                                                                  ,2797,2801,2808,2929,2943,3092,330
                                                                                                  7,3322,3335,3345,3366,3370,3377,35
                                                                                                  21,3533,3613,3625                 
 ADDFRAC                    Local  2174     R(4)            4           scalar                    2442,2445,2450,2451,3010,3013,3018
                                                                                                  ,3019                             
 BE                         Local  2276     I(4)            4     1     1        ALC              2276,2844,3468,3515,3529,3621,3675
 BH                         Local  3472     R(8)            8     2     1        ALC              3472,3477                         
 BH2                        Local  3470     R(8)            8     2     1        ALC              3470,3475                         
 BLENDFRAC                  Local  2174     R(4)            4           scalar                    2429,2430,2438,2997,2998,3006     
 BS                         Local  2276     I(4)            4     1     1        ALC              2276,2844,3468,3515,3529,3621,3675
 CUS                        Local  3469     I(4)            4     1     1        ALC              3469,3670                         
 DAYTEST                    Local  2174     R(4)            4           scalar                    2186,2188,2190,2193,2207,2209,2211
                                                                                                  ,2262,2264,2269,2270,3415,3417,341
                                                                                                  9,3543,3545,3547,3635,3637,3639   
 DEALLOCATE_SELECTIVEUSGS   Subr   3701                                                                                             
 DEPTHB                     Local  3536     R(8)            8     2     1        ALC              3536,3567,3628                    
 DLX                        Local  2282     R(8)            8     1     1        ALC              2282,2850,3470,3472,3475,3477,3564
 DOWNSTREAM_WITHDRAWAL_EST                                                                                                          
 MATE                       Subr   2599                                                           2599,2621,2648,2684,3591          
 DS                         Local  2282     I(4)            4     1     1        ALC              2282,2283,2303,2304,2306,2546,2601
                                                                                                  ,2623,2650,2672,2686,2841,3469,352
                                                                                                  6,3564,3565,3570,3574,3589,3592,36
                                                                                                  00,3618,3672                      
 DYNSEL                     Local  3494     CHAR            8     1     1        ALC              3494,3705                         
 DYNSF                      Local  3498     L(4)            4     1     1        ALC              3498,3708                         
 DYNTF                      Local  2239     L(4)            4     1     1        ALC              2239,3708                         
 EDDY                       Module 2168                                                           2168                              
 EL                         Local  2304     R(8)            8     2     1        ALC              2304,2872                         
 ELCONTSPL                  Local  2288     CHAR            8     1     1        ALC              2288,2856,3702                    
 ELEV1                      Local  2174     R(4)            4           scalar                    2635,2638,2740,2755,3204,3207,3309
                                                                                                  ,3324                             
 ELEV2                      Local  2174     R(4)            4           scalar                    2662,2665,2711,2715,2721,2725,2730
                                                                                                  ,2740,2755,3231,3234,3280,3284,329
                                                                                                  0,3294,3299,3309,3324             
 ELR                        Local  2174     R(4)            4           scalar                    2282,2283,2304,2850,2851,2872     
 ELWS                       Local  2283     R(8)            8     1     1        ALC              2283,2851,3564,3574,3592,3600,3656
                                                                                                  ,3680,3688                        
 ESTR                       Local  2224     R(4)            4     2     1        ALC              2224,2284,2286,2287,2292,2295,2299
                                                                                                  ,2304,2417,2418,2421,2422,2424,242
                                                                                                  5,2577,2578,2581,2582,2584,2585,25
                                                                                                  99,2621,2627,2630,2648,2654,2657,2
                                                                                                  673,2684,2689,3455,3548,3553,3555,

Page 94          Source Listing                  SELECTIVEUSGS
2026-03-30 08:47 Symbol Table                    ..\..\..\withdrawal.f90

 Name                       Object Declared Type            Bytes Dimen Elements Attributes       References                        
                                                                                                                                    
                                                                                                  3577,3579,3594,3600,3602          
 ESTRSAV                    Local  2224     R(4)            4     2     1        ALC              2224,2284,3707                    
 ETEMP                      Local  2174     R(4)            4           scalar                    2599,2601,2603,2605,2606,2621,2623
                                                                                                  ,2626,2629,2648,2650,2653,2656,268
                                                                                                  4,2686,2688,3168,3170,3172,3174,31
                                                                                                  75,3190,3192,3195,3198,3217,3219,3
                                                                                                  222,3225,3253,3255,3257           
 ETEMP1                     Local  2174     R(4)            4           scalar                    2634,2637,2708,2718,2736,2738,2746
                                                                                                  ,2751,2753,2761,2766,2776,3203,320
                                                                                                  6,3277,3287,3305,3307,3315,3320,33
                                                                                                  22,3330,3335,3345                 
 ETEMP2                     Local  2174     R(4)            4           scalar                    2661,2664,2710,2714,2720,2724,2729
                                                                                                  ,2736,2738,2746,2751,2753,2761,276
                                                                                                  6,2776,3230,3233,3279,3283,3289,32
                                                                                                  93,3298,3305,3307,3315,3320,3322,3
                                                                                                  330,3335,3345                     
 EWD                        Local  2228     R(4)            4     1     1        ALC              2228,2852,2854,2855,2860,2863,2867
                                                                                                  ,2872,2985,2986,2989,2990,2992,299
                                                                                                  3,3146,3147,3150,3151,3153,3154,31
                                                                                                  68,3190,3196,3199,3217,3223,3226,3
                                                                                                  242,3253,3258,3460,3640,3645,3647,
                                                                                                  3659,3661,3682,3688,3690          
 EWDSAV                     Local  2228     R(4)            4     1     1        ALC              2228,2852,3707                    
 EXCESS_FRAC                Local  2174     R(4)            4           scalar                    2438,2441,2442,2447,2450,2561,2562
                                                                                                  ,2563,2783,2784,2785,2818,2819,282
                                                                                                  0,3006,3009,3010,3015,3018,3130,31
                                                                                                  31,3132,3352,3353,3354,3387,3388,3
                                                                                                  389                               
 GDAYC                      Module 2169                                                           2169                              
 GEOMC                      Module 2168                                                           2168                              
 GLOBAL                     Module 2168                                                           2168                              
 I                          Local  3115     I(4)            4           scalar                    3115,3455,3460,3469,3470,3471,3472
                                                                                                  ,3475,3476,3477,3670,3672         
 ID                         Local  2546     I(4)            4           scalar                    2546,3589                         
 IFILE                      Local  2172     I(4)            4           scalar                    3451,3454,3455,3459,3460,3483,3484
 INT                        Func   2188                                 scalar                    2188,2209,2264,3417,3533,3545,3625
                                                                                                  ,3637                             
 IWD                        Local  2841     I(4)            4     1     1        ALC              2841,2850,2851,2871,2872,2874,3115
                                                                                                  ,3170,3192,3219,3241,3255,3656,367
                                                                                                  0,3680,3688                       
 J                          Local  2184     I(4)            4           scalar                    2184,2185,2190,2191,2193,2194,2195
                                                                                                  ,2196,2197,2198,2205,2206,2211,221
                                                                                                  2,2213,2214,2215,2235,2236,2237,22
                                                                                                  38,2239,2240,2242,2249,2252,2253,2
                                                                                                  254,2255,2256,2257,2258,2261,2269,
                                                                                                  2270,2273,2274,2278,2280,2281,2285
                                                                                                  ,2286,2288,2289,2295,2296,2299,230
                                                                                                  0,2312,2313,2314,2318,2319,2320,23
                                                                                                  27,2328,2329,2332,2333,2334,2351,2
                                                                                                  352,2353,2357,2358,2359,2361,2367,
                                                                                                  2371,2372,2373,2375,2416,2420,2432
                                                                                                  ,2465,2502,2503,2507,2508,2513,251
                                                                                                  5,2516,2518,2525,2529,2536,2540,25
                                                                                                  52,2570,2573,2576,2580,2592,2596,2
                                                                                                  618,2641,2645,2671,2679,2681,2793,

Page 95          Source Listing                  SELECTIVEUSGS
2026-03-30 08:47 Symbol Table                    ..\..\..\withdrawal.f90

 Name                       Object Declared Type            Bytes Dimen Elements Attributes       References                        
                                                                                                                                    
                                                                                                  2826,2832,2833,2838,2839,2846,2848
                                                                                                  ,2849,2853,2854,2856,2857,2863,286
                                                                                                  4,2867,2868,2880,2881,2882,2886,28
                                                                                                  87,2888,2895,2896,2897,2900,2901,2
                                                                                                  902,2919,2920,2921,2925,2926,2927,
                                                                                                  2929,2935,2939,2940,2941,2943,2984
                                                                                                  ,2988,3000,3033,3071,3072,3076,307
                                                                                                  7,3082,3084,3085,3087,3094,3098,31
                                                                                                  05,3109,3115,3121,3139,3142,3145,3
                                                                                                  149,3161,3165,3187,3210,3214,3240,
                                                                                                  3248,3250,3362,3395,3401,3402,3413
                                                                                                  ,3414,3419,3423,3424,3425,3427,342
                                                                                                  8,3429,3430,3434,3435,3436,3438,34
                                                                                                  39,3441,3493,3494,3495,3496,3497,3
                                                                                                  498,3499,3501,3508,3511,3512,3513,
                                                                                                  3518,3520,3521,3526,3532,3533,3535
                                                                                                  ,3536,3538,3540,3542,3547,3548,355
                                                                                                  0,3552,3553,3555,3560,3562,3567,35
                                                                                                  69,3572,3574,3577,3579,3585,3591,3
                                                                                                  592,3594,3600,3602,3607,3608,3609,
                                                                                                  3611,3612,3613,3618,3624,3625,3627
                                                                                                  ,3628,3630,3632,3634,3639,3640,364
                                                                                                  2,3644,3645,3647,3652,3654,3655,36
                                                                                                  56,3659,3661,3667,3679,3680,3682,3
                                                                                                  688,3690                          
 J2HI                       Local  2172     I(4)            4           scalar                    2574,2583,2724,2725,2726,3143,3152
                                                                                                  ,3293,3294,3295                   
 J2LO                       Local  2172     I(4)            4           scalar                    2575,2586,2714,2715,2716,3144,3155
                                                                                                  ,3283,3284,3285                   
 J2MAX                      Local  2172     I(4)            4           scalar                    2695,2702,2720,2721,2722,3264,3271
                                                                                                  ,3289,3290,3291                   
 J2MIN                      Local  2172     I(4)            4           scalar                    2696,2705,2710,2711,2712,3265,3274
                                                                                                  ,3279,3280,3281                   
 J2PREF                     Local  2172     I(4)            4           scalar                    2180,2569,2570,2712,2716,2722,2726
                                                                                                  ,2731,2793,2826,3138,3139,3281,328
                                                                                                  5,3291,3295,3300,3362,3395        
 JB                         Local  2222     I(4)            4           scalar                    2222,2223,2224,2274,2276,2282,2283
                                                                                                  ,2284,2286,2287,2292,2295,2299,230
                                                                                                  3,2304,2306,2307,2332,2334,2336,23
                                                                                                  37,2417,2418,2421,2422,2424,2425,2
                                                                                                  468,2514,2516,2526,2530,2537,2541,
                                                                                                  2546,2570,2577,2578,2581,2582,2584
                                                                                                  ,2585,2597,2598,2599,2601,2603,261
                                                                                                  9,2620,2621,2623,2626,2627,2630,26
                                                                                                  46,2647,2648,2650,2653,2654,2657,2
                                                                                                  672,2673,2679,2682,2683,2684,2686,
                                                                                                  2688,2689,2793,2826,2833,2840,2841
                                                                                                  ,2844,2850,3139,3248,3362,3395,345
                                                                                                  2,3453,3455,3468,3469,3513,3515,35
                                                                                                  19,3548,3550,3552,3553,3554,3555,3
                                                                                                  560,3563,3564,3565,3567,3570,3574,
                                                                                                  3576,3577,3578,3579,3588,3589,3592
                                                                                                  ,3593,3594,3600,3601,3602         
 JBWD                       Local  3670     I(4)            4     1     1        ALC              3670                              
 JDAY                       Local  2186     R(8)            8           scalar                    2186,2188,2207,2209,2232,2237,2262

Page 96          Source Listing                  SELECTIVEUSGS
2026-03-30 08:47 Symbol Table                    ..\..\..\withdrawal.f90

 Name                       Object Declared Type            Bytes Dimen Elements Attributes       References                        
                                                                                                                                    
                                                                                                  ,2264,2432,2503,2508,2518,2552,280
                                                                                                  2,3000,3072,3077,3087,3121,3371,34
                                                                                                  15,3417,3449,3455,3460,3484,3490,3
                                                                                                  496,3543,3545,3635,3637           
 JDAYG                      Local  2188     I(4)            4           scalar                    2188,2209,2264,3417,3545,3637     
 JJ                         Local  2172     I(4)            4           scalar                    2194,2196,2198,2252,2254,2255,2257
                                                                                                  ,2258,2280,2281,2285,2286,2289,229
                                                                                                  5,2296,2299,2300,2306,2312,2313,23
                                                                                                  14,2318,2319,2320,2327,2328,2329,2
                                                                                                  331,2332,2333,2334,2351,2352,2353,
                                                                                                  2355,2357,2358,2359,2361,2367,2369
                                                                                                  ,2371,2372,2373,2375,2611,2832,283
                                                                                                  3,2848,2849,2853,2854,2857,2863,28
                                                                                                  64,2867,2868,2874,2880,2881,2882,2
                                                                                                  886,2887,2888,2895,2896,2897,2899,
                                                                                                  2900,2901,2902,2919,2920,2921,2923
                                                                                                  ,2925,2926,2927,2929,2935,2937,293
                                                                                                  9,2940,2941,2943,3180,3401,3402,34
                                                                                                  24,3425,3427,3428,3430,3435,3436,3
                                                                                                  438,3439,3441                     
 JJB                        Local  3525     I(4)            4           scalar                    3525,3526,3529,3563,3617,3618,3621
                                                                                                  ,3671,3672,3675                   
 JJW                        Local  2172     I(4)            4           scalar                    3528,3529,3535,3620,3621,3627,3674
                                                                                                  ,3675,3677                        
 JS                         Local  3512     I(4)            4           scalar                    3512,3519,3548,3550,3552,3553,3554
                                                                                                  ,3555,3560,3567,3574,3576,3577,357
                                                                                                  8,3579,3588,3591,3593,3594,3600,36
                                                                                                  01,3602                           
 JST                        Local  2172     I(4)            4           scalar                    2223,2224,2281,2284,2286,2287,2292
                                                                                                  ,2295,2299,2304,2307,2328,2332,233
                                                                                                  4,2336,2337,2416,2417,2418,2420,24
                                                                                                  21,2422,2424,2425,2465,2468,2513,2
                                                                                                  514,2516,2518,2525,2526,2529,2530,
                                                                                                  2536,2537,2540,2541,2576,2577,2578
                                                                                                  ,2580,2581,2582,2584,2585,2596,259
                                                                                                  7,2598,2599,2603,2618,2619,2620,26
                                                                                                  21,2626,2627,2630,2645,2646,2647,2
                                                                                                  648,2653,2654,2657,2671,2673,2681,
                                                                                                  2682,2683,2684,2688,2689,3428,3429
                                                                                                  ,3430                             
 JSTSPLT                    Local  2196     I(4)            4     2     1        ALC              2196,2198,2254,2255,2257,2258,2281
                                                                                                  ,2328,2416,2420,2465,2513,2525,252
                                                                                                  9,2536,2540,2576,2580,2596,2618,26
                                                                                                  45,2671,2681,2833,2839,2849,2896,2
                                                                                                  984,2988,3033,3082,3094,3098,3105,
                                                                                                  3109,3115,3145,3149,3165,3187,3214
                                                                                                  ,3240,3250,3402,3425,3428,3436,343
                                                                                                  9,3703                            
 JW                         Local  2275     I(4)            4           scalar                    2275,2276,2303,2547,2843,2844,2871
                                                                                                  ,3116,3466,3467,3468,3470,3472,347
                                                                                                  5,3477,3484,3514,3515,3565,3590   
 JWD                        Local  2227     I(4)            4           scalar                    2227,2228,2839,2841,2849,2850,2851
                                                                                                  ,2852,2854,2855,2860,2863,2867,287
                                                                                                  1,2872,2874,2875,2896,2900,2902,29
                                                                                                  04,2905,2984,2985,2986,2988,2989,2

Page 97          Source Listing                  SELECTIVEUSGS
2026-03-30 08:47 Symbol Table                    ..\..\..\withdrawal.f90

 Name                       Object Declared Type            Bytes Dimen Elements Attributes       References                        
                                                                                                                                    
                                                                                                  990,2992,2993,3033,3036,3082,3083,
                                                                                                  3085,3087,3094,3095,3098,3099,3105
                                                                                                  ,3106,3109,3110,3145,3146,3147,314
                                                                                                  9,3150,3151,3153,3154,3165,3166,31
                                                                                                  67,3168,3170,3172,3187,3188,3189,3
                                                                                                  190,3192,3195,3196,3199,3214,3215,
                                                                                                  3216,3217,3219,3222,3223,3226,3240
                                                                                                  ,3241,3242,3250,3251,3252,3253,325
                                                                                                  5,3257,3258,3439,3440,3441,3608,36
                                                                                                  40,3642,3644,3645,3646,3647,3652,3
                                                                                                  656,3658,3659,3660,3661,3670,3678,
                                                                                                  3679,3680,3681,3682,3688,3689,3690
 K                          Local  2303     I(4)            4           scalar                    2303,2304,2306,2871,2872,2874,3471
                                                                                                  ,3472,3476,3477,3533,3535,3536,353
                                                                                                  8,3540,3572,3625,3627,3628,3630,36
                                                                                                  32,3655                           
 KB                         Local  2303     I(4)            4     1     1        ALC              2303,2306,2871,2874,3471,3476,3535
                                                                                                  ,3538,3565,3569,3627,3630         
 KINETIC                    Module 2168                                                           2168                              
 KK                         Local  2172     I(4)            4           scalar                    3474,3475,3477,3484               
 KS                         Local  2172     I(4)            4           scalar                    3565,3567,3569,3570               
 KSTRSPLT                   Local  2306     I(4)            4     1     1        ALC              2306,2601,2623,2650,2672,2686,2874
                                                                                                  ,3170,3192,3219,3241,3255,3703    
 KT                         Local  2547     I(4)            4           scalar                    2547,3116,3467,3470,3471,3475,3476
                                                                                                  ,3590,3677                        
 KTWB                       Local  2303     I(4)            4     1     1        ALC              2303,2547,2871,3116,3467,3535,3565
                                                                                                  ,3590,3627,3677                   
 LA                         Label  3455                                                                                             
 LASTFRAC                   Local  2175     R(4)            4           scalar                    2610,2612,2613,2797,2801,2803,2808
                                                                                                  ,3179,3181,3182,3366,3370,3372,337
                                                                                                  7                                 
 LASTFRAC2                  Local  2175     R(4)            4           scalar                    2612,2803,2808,3181,3372,3377     
 LATERAL_WITHDRAWAL_ESTIMA                                                                                                          
 E                          Subr   3168                                                           3168,3190,3217,3253,3679          
 LB                         Label  3455                                                                                             
 LC                         Label  3460                                                                                             
 LD                         Label  3460                                                                                             
 LOGICC                     Module 2168                                                           2168                              
 MAIN                       Module 2167                                                           2167                              
 MAX                        Func   2777                                 scalar                    2777,3346,3670                    
 MAXELEV                    Local  2175     R(4)            4           scalar                    2417,2421,2422,2577,2581,2582,2985
                                                                                                  ,2989,2990,3146,3150,3151         
 MAXFRAC1                   Local  2356     R(4)            4     1     1        ALC              2356,2357,2363,2365,2430,2435,2438
                                                                                                  ,2444,2445,2447,2448,2457,2458,247
                                                                                                  5,2477,2480,2482,2492,2494,2496,29
                                                                                                  24,2925,2931,2933,2998,3003,3006,3
                                                                                                  012,3013,3015,3016,3025,3026,3043,
                                                                                                  3045,3048,3050,3060,3062,3064,3708
 MAXFRAC2                   Local  2370     R(4)            4     1     1        ALC              2370,2371,2377,2379,2475,2492,2938
                                                                                                  ,2939,2945,2947,3043,3060,3708    
 MAXTEMP                    Local  2175     R(4)            4           scalar                    2697,2700,2701,2709,2719,3266,3269
                                                                                                  ,3270,3278,3288                   
 MIN                        Func   2306                                 scalar                    2306,2357,2361,2371,2375,2558,2778
                                                                                                  ,2780,2815,2874,2925,2929,2939,294
                                                                                                  3,3127,3347,3349,3384,3538,3569,36

Page 98          Source Listing                  SELECTIVEUSGS
2026-03-30 08:47 Symbol Table                    ..\..\..\withdrawal.f90

 Name                       Object Declared Type            Bytes Dimen Elements Attributes       References                        
                                                                                                                                    
                                                                                                  30                                
 MINELEV                    Local  2175     R(4)            4           scalar                    2418,2424,2425,2578,2584,2585,2986
                                                                                                  ,2992,2993,3147,3153,3154         
 MINFRAC1                   Local  2358     R(4)            4     1     1        ALC              2358,2360,2361,2363,2364,2404,2429
                                                                                                  ,2435,2444,2445,2447,2448,2451,245
                                                                                                  7,2458,2466,2467,2468,2474,2476,24
                                                                                                  79,2481,2491,2493,2495,2526,2537,2
                                                                                                  926,2928,2929,2931,2932,2972,2997,
                                                                                                  3003,3012,3013,3015,3016,3019,3025
                                                                                                  ,3026,3034,3035,3036,3042,3044,304
                                                                                                  7,3049,3059,3061,3063,3095,3106,37
                                                                                                  08                                
 MINFRAC2                   Local  2372     R(4)            4     1     1        ALC              2372,2374,2375,2377,2378,2391,2474
                                                                                                  ,2491,2530,2541,2940,2942,2943,294
                                                                                                  5,2946,2959,3042,3059,3099,3110,37
                                                                                                  08                                
 MINTEMP                    Local  2175     R(4)            4           scalar                    2698,2703,2704,2709,2719,3267,3272
                                                                                                  ,3273,3278,3288                   
 MINWL                      Local  3600     R(4)            4     1     1        ALC              3600,3688,3704                    
 N                          Local  2173     I(4)            4           scalar                    2390,2391,2403,2404,2419,2420,2423
                                                                                                  ,2426,2434,2435,2443,2444,2445,244
                                                                                                  7,2448,2451,2461,2462,2464,2465,24
                                                                                                  66,2467,2468,2524,2525,2526,2528,2
                                                                                                  529,2530,2535,2536,2537,2539,2540,
                                                                                                  2541,2579,2580,2583,2586,2595,2596
                                                                                                  ,2601,2617,2618,2623,2644,2645,265
                                                                                                  0,2670,2671,2672,2673,2680,2681,26
                                                                                                  86,2699,2700,2701,2702,2703,2704,2
                                                                                                  705,2958,2959,2971,2972,2987,2988,
                                                                                                  2991,2994,3002,3003,3011,3012,3013
                                                                                                  ,3015,3016,3019,3029,3030,3032,303
                                                                                                  3,3034,3035,3036,3093,3094,3095,30
                                                                                                  97,3098,3099,3104,3105,3106,3108,3
                                                                                                  109,3110,3148,3149,3152,3155,3164,
                                                                                                  3165,3170,3186,3187,3192,3213,3214
                                                                                                  ,3219,3239,3240,3241,3242,3249,325
                                                                                                  0,3255,3268,3269,3270,3271,3272,32
                                                                                                  73,3274                           
 NAMESC                     Module 2168                                                           2168                              
 NBR                        Local  2222     I(4)            4           scalar                    2222,2840,3452,3525,3617,3671     
 NCOUNTC                    Local  3548     I(4)            4     2     1        ALC              3548,3550,3552,3554,3555,3560,3567
                                                                                                  ,3574,3576,3578,3579,3588,3593,359
                                                                                                  4,3600,3601,3602,3702             
 NCOUNTCW                   Local  3640     I(4)            4     1     1        ALC              3640,3642,3644,3646,3647,3652,3656
                                                                                                  ,3658,3660,3661,3678,3681,3682,368
                                                                                                  8,3689,3690,3704                  
 NG0                        Local  2173     I(4)            4           scalar                    2325,2330,2331,2463,2464,2507,2595
                                                                                                  ,2893,2898,2899,3031,3032,3076,316
                                                                                                  4                                 
 NG1                        Local  2345     I(4)            4           scalar                    2345,2354,2355,2356,2357,2358,2360
                                                                                                  ,2361,2363,2364,2365,2398,2400,240
                                                                                                  3,2413,2419,2434,2439,2440,2443,24
                                                                                                  61,2471,2487,2488,2512,2524,2534,2
                                                                                                  535,2617,2637,2638,2913,2922,2923,
                                                                                                  2924,2925,2926,2928,2929,2931,2932

Page 99          Source Listing                  SELECTIVEUSGS
2026-03-30 08:47 Symbol Table                    ..\..\..\withdrawal.f90

 Name                       Object Declared Type            Bytes Dimen Elements Attributes       References                        
                                                                                                                                    
                                                                                                  ,2933,2966,2968,2971,2981,2987,300
                                                                                                  2,3007,3008,3011,3029,3039,3055,30
                                                                                                  56,3081,3093,3103,3104,3186,3206,3
                                                                                                  207                               
 NG1MAX                     Local  2173     I(4)            4           scalar                    2414,2423,2429,2430,2438,2444,2457
                                                                                                  ,2462,2478,2479,2480,2481,2482,298
                                                                                                  2,2991,2997,2998,3006,3012,3025,30
                                                                                                  30,3046,3047,3048,3049,3050       
 NG1MIN                     Local  2173     I(4)            4           scalar                    2415,2426,2429,2430,2438,2444,2458
                                                                                                  ,2462,2473,2474,2475,2476,2477,298
                                                                                                  3,2994,2997,2998,3006,3012,3026,30
                                                                                                  30,3041,3042,3043,3044,3045       
 NG2                        Local  2346     I(4)            4           scalar                    2346,2368,2369,2370,2371,2372,2374
                                                                                                  ,2375,2377,2378,2379,2385,2387,239
                                                                                                  0,2413,2472,2487,2489,2512,2528,25
                                                                                                  34,2539,2573,2579,2641,2644,2664,2
                                                                                                  665,2670,2676,2680,2699,2914,2936,
                                                                                                  2937,2938,2939,2940,2942,2943,2945
                                                                                                  ,2946,2947,2953,2955,2958,2981,304
                                                                                                  0,3055,3057,3081,3097,3103,3108,31
                                                                                                  42,3148,3210,3213,3233,3234,3239,3
                                                                                                  245,3249,3268                     
 NJ                         Local  2173     I(4)            4           scalar                    2440,2676,2679,2691,2692,3008,3245
                                                                                                  ,3248,3260,3261,3552,3553,3554,357
                                                                                                  6,3577,3578,3588,3591,3592,3593,36
                                                                                                  44,3645,3646,3658,3659,3660,3678,3
                                                                                                  679,3680,3681                     
 NONZERO                    Param  2776     R(8)            8           scalar                    2776,3345                         
 NOUT0                      Local  2331     I(4)            4     1     1        ALC              2331,2464,2596,2601,2899,3032,3165
                                                                                                  ,3170,3708                        
 NOUT1                      Local  2355     I(4)            4     1     1        ALC              2355,2416,2420,2464,2465,2473,2478
                                                                                                  ,2490,2513,2515,2516,2525,2536,261
                                                                                                  8,2623,2923,2984,2988,3032,3033,30
                                                                                                  41,3046,3058,3082,3084,3085,3094,3
                                                                                                  105,3115,3187,3192,3708           
 NOUT2                      Local  2369     I(4)            4     1     1        ALC              2369,2473,2490,2529,2540,2576,2580
                                                                                                  ,2645,2650,2671,2672,2681,2686,293
                                                                                                  7,3041,3058,3098,3109,3145,3149,32
                                                                                                  14,3219,3240,3241,3250,3255,3708  
 NOUTS                      Local  2194     I(4)            4     1     1        ALC              2194,2252,2280,2312,2318,2327,2351
                                                                                                  ,2502,2507,2832,2848,2880,2886,289
                                                                                                  5,2919,3071,3076,3401,3424,3427,34
                                                                                                  35,3438,3703                      
 NO_FLOW                    Local  2278     L(4)            4     2     1        ALC              2278,2289,2295,2296,2299,2300,2313
                                                                                                  ,2319,2329,2352,2846,2857,2863,286
                                                                                                  4,2867,2868,2881,2887,2897,2920,37
                                                                                                  06                                
 NSTR                       Local  2223     I(4)            4     1     1        ALC              2223,3453,3455                    
 NUMTEMPC                   Local  2205     I(4)            4           scalar                    2205,3493,3508                    
 NUMTSPLT                   Local  2184     I(4)            4           scalar                    2184,2235,2249,3413               
 NUM_LEFT                   Local  2173     I(4)            4           scalar                    2439,2441,2442,2446,3007,3009,3010
                                                                                                  ,3014                             
 NUM_NOFLOW                 Local  2173     I(4)            4           scalar                    2279,2290,2297,2301,2502,2847,2858
                                                                                                  ,2865,2869,3071                   
 NWB                        Local  2275     I(4)            4           scalar                    2275,2843,3466,3514,3528,3620,3674

Page 100         Source Listing                  SELECTIVEUSGS
2026-03-30 08:47 Symbol Table                    ..\..\..\withdrawal.f90

 Name                       Object Declared Type            Bytes Dimen Elements Attributes       References                        
                                                                                                                                    
 NWD                        Local  2227     I(4)            4           scalar                    2227,3458,3460                    
 NXSEL                      Local  3496     R(4)            4     1     1        ALC              3496,3499,3501,3705               
 NXTSPLIT                   Local  2190     R(4)            4           scalar                    2190,2191,2232,3408               
 NXTSSEL                    Local  2237     R(4)            4     1     1        ALC              2237,2240,2242,3707               
 NXTSTR                     Local  3449     R(4)            4           scalar                    3449,3450                         
 NXTTCD                     Local  3490     R(4)            4           scalar                    3490,3696                         
 PREC                       Module 2168                                                           2168                              
 PRIOR1                     Local  2173     I(4)            4           scalar                    2311,2314,2319,2353,2483,2497,2739
                                                                                                  ,2743,2754,2758,2768,2770,2810,287
                                                                                                  9,2882,2887,2921,3051,3065,3308,33
                                                                                                  12,3323,3327,3337,3339,3379       
 PRIOR2                     Local  2173     I(4)            4           scalar                    2317,2320,2367,2483,2497,2739,2743
                                                                                                  ,2754,2758,2768,2770,2810,2885,288
                                                                                                  8,2935,3051,3065,3308,3312,3323,33
                                                                                                  27,3337,3339,3379                 
 QALL                       Local  2175     R(4)            4           scalar                    2250,2254,2257,2270,2334,2335,2337
                                                                                                  ,2342,2357,2361,2371,2375,2467,251
                                                                                                  5,2516,2597,2619,2646,2682,2797,28
                                                                                                  01,2833,2902,2903,2905,2910,2925,2
                                                                                                  929,2939,2943,3035,3084,3085,3166,
                                                                                                  3188,3215,3251,3366,3370,3402,3420
                                                                                                  ,3425,3429,3436,3440              
 QFRAC1                     Local  2557     R(4)            4           scalar                    2557,2558,2559,2562,2563,2565,2610
                                                                                                  ,2613,2625,2633,2634,2635,2737,274
                                                                                                  1,2744,2747,2752,2756,2759,2762,27
                                                                                                  67,2769,2771,2776,2777,2778,2780,2
                                                                                                  781,2784,2785,2787,2797,2801,2803,
                                                                                                  2808,2809,2811,2813,2815,2816,2819
                                                                                                  ,2820,2822,3126,3127,3128,3131,313
                                                                                                  2,3134,3179,3182,3194,3202,3203,32
                                                                                                  04,3306,3310,3313,3316,3321,3325,3
                                                                                                  328,3331,3336,3338,3340,3345,3346,
                                                                                                  3347,3349,3350,3353,3354,3356,3366
                                                                                                  ,3370,3372,3377,3378,3380,3382,338
                                                                                                  4,3385,3388,3389,3391             
 QFRAC2                     Local  2559     R(4)            4           scalar                    2559,2560,2561,2567,2652,2660,2661
                                                                                                  ,2662,2669,2691,2692,2781,2782,278
                                                                                                  3,2789,2816,2817,2818,2824,3128,31
                                                                                                  29,3130,3136,3221,3229,3230,3231,3
                                                                                                  238,3260,3261,3350,3351,3352,3358,
                                                                                                  3385,3386,3387,3393               
 QSTR                       Local  2597     R(8)            8     2     1        ALC              2597,2598,2619,2620,2646,2647,2682
                                                                                                  ,2683,2833,3429,3430,3455         
 QSTRFRAC                   Local  2255     R(4)            4     2     1        ALC              2255,2307,2334,2337,2468,2514,2516
                                                                                                  ,2526,2530,2537,2541,2597,2603,261
                                                                                                  9,2626,2627,2646,2653,2654,2682,26
                                                                                                  88,2689,2833,3429,3704            
 QSTRSAV                    Local  2254     R(8)            8     2     1        ALC              2254,2332,2336,2337,3425          
 QWD                        Local  3166     R(8)            8     1     1        ALC              3166,3167,3188,3189,3215,3216,3251
                                                                                                  ,3252,3402,3440,3441,3460         
 QWDFRAC                    Local  2258     R(4)            4     1     1        ALC              2258,2875,2902,2905,3036,3083,3085
                                                                                                  ,3095,3099,3106,3110,3166,3172,318
                                                                                                  8,3195,3196,3215,3222,3223,3251,32
                                                                                                  57,3258,3402,3440,3704            
 QWDSAV                     Local  2257     R(8)            8     1     1        ALC              2257,2900,2904,2905,3436          

Page 101         Source Listing                  SELECTIVEUSGS
2026-03-30 08:47 Symbol Table                    ..\..\..\withdrawal.f90

 Name                       Object Declared Type            Bytes Dimen Elements Attributes       References                        
                                                                                                                                    
 Q_NOTBLENDED               Local  2175     R(4)            4           scalar                    2326,2333,2336,2342,2467,2515,2894
                                                                                                  ,2901,2904,2910,3035,3084         
 REAL                       Func   2188                                 scalar                    2188,2209,2264,3417,3545,3637     
 RSTART                     Module 2169                                                           2169                              
 SCREENC                    Module 2169                                                           2169                              
 SELD                       Local  3495     I(4)            4     1     1        ALC              3495,3499,3501,3705               
 SELECTIVE1USGS             Module 2167                                                           2167                              
 SELECTIVEUSGS              Subr   2166                                                                                             
 SELWC                      Module 2169                                                           2169                              
 SET_FLOW_FRACS             Subr   2570                                                           2570,2793,2826,3139,3362,3395     
 SET_FLOW_FRACS2            Subr   2679                                                           2679,3248                         
 SHADEC                     Module 2168                                                           2168                              
 SHARE_FLOW                 Local  2573     L(4)            4     1     1        ALC              2573,2641,3142,3210,3707          
 SINA                       Local  2282     R(8)            8     1     1        ALC              2282,2850,3564                    
 SPLT2E                     Local  2673     R(4)            4     1     1        ALC              2673,2692,2711,2715,2721,2725,2730
                                                                                                  ,3242,3261,3280,3284,3290,3294,329
                                                                                                  9,3708                            
 SPLT2T                     Local  2672     R(4)            4     1     1        ALC              2672,2691,2697,2698,2700,2701,2703
                                                                                                  ,2704,2710,2714,2720,2724,2729,324
                                                                                                  1,3260,3266,3267,3269,3270,3272,32
                                                                                                  73,3279,3283,3289,3293,3298,3708  
 STRUCTURES                 Module 2169                                                           2169                              
 STR_ACTIVE                 Local  2178     L(4)            4     2     1        ALC              2178,2196,2213,2224,3707          
 SUMELEV                    Local  2176     R(4)            4           scalar                    2616,2627,2630,2635,2638,2643,2654
                                                                                                  ,2657,2662,2665,2678,2689,2692,318
                                                                                                  5,3196,3199,3204,3207,3212,3223,32
                                                                                                  26,3231,3234,3247,3258,3261       
 SUMFRAC                    Local  2176     R(4)            4           scalar                    2251,2255,2258,2270               
 SUMTEMP                    Local  2176     R(4)            4           scalar                    2594,2603,2605,2615,2626,2629,2634
                                                                                                  ,2637,2642,2653,2656,2661,2664,267
                                                                                                  7,2688,2691,3163,3172,3174,3184,31
                                                                                                  95,3198,3203,3206,3211,3222,3225,3
                                                                                                  230,3233,3246,3257,3260           
 SUM_MAXFRAC1               Local  2176     R(4)            4           scalar                    2349,2365,2431,2482,2496,2534,2550
                                                                                                  ,2558,2562,2565,2780,2784,2787,281
                                                                                                  5,2819,2822,2917,2933,2999,3050,30
                                                                                                  64,3103,3119,3127,3131,3134,3349,3
                                                                                                  353,3356,3384,3388,3391           
 SUM_MAXFRAC2               Local  2176     R(4)            4           scalar                    2350,2379,2477,2494,2534,2550,2560
                                                                                                  ,2561,2567,2782,2783,2789,2817,281
                                                                                                  8,2824,2918,2947,3045,3062,3103,31
                                                                                                  19,3129,3130,3136,3351,3352,3358,3
                                                                                                  386,3387,3393                     
 SUM_MINFRAC0               Local  2176     R(4)            4           scalar                    2341,2342,2385,2386,2391,2393,2398
                                                                                                  ,2399,2404,2406,2429,2431,2466,251
                                                                                                  4,2523,2550,2557,2559,2593,2605,26
                                                                                                  06,2741,2744,2747,2756,2759,2762,2
                                                                                                  769,2771,2776,2778,2781,2811,2813,
                                                                                                  2816,2909,2910,2953,2954,2959,2961
                                                                                                  ,2966,2967,2972,2974,2997,2999,303
                                                                                                  4,3083,3092,3119,3126,3128,3162,31
                                                                                                  74,3175,3310,3313,3316,3325,3328,3
                                                                                                  331,3338,3340,3345,3347,3350,3380,
                                                                                                  3382,3385                         
 SUM_MINFRAC1               Local  2347     R(4)            4           scalar                    2347,2364,2385,2386,2391,2393,2398

Page 102         Source Listing                  SELECTIVEUSGS
2026-03-30 08:47 Symbol Table                    ..\..\..\withdrawal.f90

 Name                       Object Declared Type            Bytes Dimen Elements Attributes       References                        
                                                                                                                                    
                                                                                                  ,2401,2404,2406,2429,2481,2495,252
                                                                                                  3,2534,2557,2737,2752,2767,2769,27
                                                                                                  77,2809,2813,2915,2932,2953,2954,2
                                                                                                  959,2961,2966,2969,2972,2974,2997,
                                                                                                  3049,3063,3092,3103,3126,3306,3321
                                                                                                  ,3336,3338,3346,3378,3382         
 SUM_MINFRAC2               Local  2348     R(4)            4           scalar                    2348,2378,2385,2388,2391,2393,2476
                                                                                                  ,2493,2523,2534,2557,2741,2744,274
                                                                                                  7,2756,2759,2762,2769,2771,2778,28
                                                                                                  11,2813,2916,2946,2953,2956,2959,2
                                                                                                  961,3044,3061,3092,3103,3126,3310,
                                                                                                  3313,3316,3325,3328,3331,3338,3340
                                                                                                  ,3347,3380,3382                   
 SURFHE                     Module 2168                                                           2168                              
 T2                         Local  2601     R(8)            8     2     1        PTR              2601,2623,2650,2672,2686,3170,3192
                                                                                                  ,3219,3241,3255,3475,3477,3540,357
                                                                                                  0,3572,3632,3655                  
 TAVG                       Local  3455     R(8)            8     2     1        ALC              3455,3519                         
 TAVGW                      Local  3460     R(8)            8     1     1        ALC              3460,3611                         
 TCDFREQ                    Local  3696     R(4)            4           scalar                    3696                              
 TCELEV                     Local  3548     R(4)            4     2     1        ALC              3548,3553,3555,3567,3574,3577,3579
                                                                                                  ,3591,3592,3594,3602,3640,3645,364
                                                                                                  7,3656,3659,3661,3679,3680,3682,36
                                                                                                  90,3702                           
 TCELEVCON                  Local  3600     CHAR            8     1     1        ALC              3600,3688,3702                    
 TCISEG                     Local  3518     I(4)            4     1     1        ALC              3518,3520,3521,3526,3535,3536,3538
                                                                                                  ,3540,3562,3567,3569,3572,3585,360
                                                                                                  9,3612,3613,3618,3627,3628,3630,36
                                                                                                  32,3654,3655,3667,3702            
 TCJB                       Local  2213     I(4)            4     1     1        ALC              2213,3513,3702                    
 TCJS                       Local  2213     I(4)            4     1     1        ALC              2213,2215,3512,3608,3611,3702     
 TCKLAY                     Local  3532     R(4)            4     1     1        ALC              3532,3533,3536,3624,3625,3628,3702
 TCNELEV                    Local  3550     I(4)            4     1     1        ALC              3550,3552,3600,3642,3644,3688,3702
 TCNTR                      Local  2212     CHAR            8     1     1        ALC              2212,2214,3511,3607,3703          
 TCOMP                      Local  2176     R(4)            4           scalar                    3519,3521,3540,3550,3560,3611,3613
                                                                                                  ,3632,3642,3652                   
 TCTEMP                     Local  3497     R(4)            4     1     1        ALC              3497,3550,3560,3574,3592,3642,3652
                                                                                                  ,3656,3680,3702                   
 TCTEND                     Local  2211     R(4)            4     1     1        ALC              2211,3547,3639,3702               
 TCTSRT                     Local  2211     R(4)            4     1     1        ALC              2211,3547,3639,3702               
 TCYEARLY                   Local  2206     CHAR            8     1     1        ALC              2206,3542,3634,3703               
 TDGAS                      Module 2169                                                           2169                              
 TEMP2                      Local  3497     R(4)            4     1     1        ALC              3497,3499,3501,3705               
 TEMPC                      Local  2204     CHAR            8           scalar                    2204,3490                         
 TEMPCRIT                   Local  3475     R(4)            4     2     1        ALC              3475,3477,3705                    
 TEMPEST                    Local  2176     R(4)            4           scalar                    3591,3592,3679,3680               
 TEMPN                      Local  3474     I(4)            4           scalar                    3474,3484                         
 TFRQTMP                    Local  3450     R(4)            4           scalar                    3450                              
 TMOD                       Local  2176     R(4)            4           scalar                    3570,3572,3574,3655,3656          
 TRANS                      Module 2169                                                           2169                              
 TSCONV                     Local  2797     R(4)            4           scalar                    2797,2801,3366,3370               
 TSDEPTH                    Local  2286     R(4)            4     2     1        ALC              2286,2854,3706                    
 TSDYNSEL                   Local  2236     CHAR            8     1     1        ALC              2236,3707                         
 TSMAXFLOW                  Local  2332     R(4)            4     2     1        ALC              2332,2333,2334,2357,2371,2515,2516
                                                                                                  ,2900,2901,2902,2925,2939,3084,308

Page 103         Source Listing                  SELECTIVEUSGS
2026-03-30 08:47 Symbol Table                    ..\..\..\withdrawal.f90

 Name                       Object Declared Type            Bytes Dimen Elements Attributes       References                        
                                                                                                                                    
                                                                                                  5,3430,3441,3706                  
 TSMAXHEAD                  Local  2299     R(4)            4     2     1        ALC              2299,2867,3706                    
 TSMINFRAC                  Local  2358     R(4)            4     2     1        ALC              2358,2359,2361,2372,2373,2375,2926
                                                                                                  ,2927,2929,2940,2941,2943,3706    
 TSMINHEAD                  Local  2295     R(4)            4     2     1        ALC              2295,2863,3706                    
 TSPLTC                     Local  2183     CHAR            8           scalar                    2183,2232,3412                    
 TSPLTCNTR                  Local  2195     CHAR            8     1     1        ALC              2195,2197,2253,2256,2273,2838,3423
                                                                                                  ,3434,3703                        
 TSPLTFREQ                  Local  2270     R(4)            4           scalar                    2270,3408                         
 TSPLTJB                    Local  2196     I(4)            4     1     1        ALC              2196,2254,2255,2274,3425,3429,3430
                                                                                                  ,3703                             
 TSPLTT                     Local  2238     R(4)            4     1     1        ALC              2238,2592,3161,3703               
 TSPRIOR                    Local  2313     I(4)            4     2     1        ALC              2313,2314,2319,2320,2329,2353,2367
                                                                                                  ,2881,2882,2887,2888,2897,2921,293
                                                                                                  5,3706                            
 TSSELD                     Local  2240     I(4)            4     1     1        ALC              2240,2242,3707                    
 TSTEMP2                    Local  2238     R(4)            4     1     1        ALC              2238,2240,2242,3707               
 TSTEND                     Local  2193     R(4)            4     1     1        ALC              2193,2269,3419,3705               
 TSTSRT                     Local  2190     R(4)            4     1     1        ALC              2190,2191,2193,2269,2270,3419,3705
 TSTYPE                     Local  2285     CHAR            5     2     1        ALC              2285,2853,3706                    
 TSYEARLY                   Local  2185     CHAR            8     1     1        ALC              2185,2261,3414,3705               
 TTARG                      Local  2176     R(4)            4           scalar                    2592,2606,2708,2718,2736,2751,2776
                                                                                                  ,3161,3175,3277,3287,3305,3320,334
                                                                                                  5                                 
 TVDC                       Module 2169                                                           2169                              
 TWDO                       Local  3521     R(8)            8     1     1        ALC              3521,3613                         
 US                         Local  2841     I(4)            4     1     1        ALC              2841,3526,3618,3672               
 VOLM                       Local  3465     R(4)            4     1     1        ALC              3465,3470,3472,3484,3704          
 VOLMC                      Local  3464     R(4)            4     2     1        ALC              3464,3475,3477,3484,3705          
 WARNING_OPEN               Local  2433     L(4)            4           scalar                    2433,2504,2509,2519,2553,2804,3001
                                                                                                  ,3073,3078,3088,3122,3373         
 WD_ACTIVE                  Local  2179     L(4)            4     1     1        ALC              2179,2198,2215,2228,3707          
 WRN                        Local  2432     I(4)            4           scalar                    2432,2503,2508,2517,2551,2802,3000
                                                                                                  ,3072,3077,3086,3120,3371         
 WSEL                       Local  2176     R(4)            4           scalar                    2283,2286,2287,2292,2295,2299,2851
                                                                                                  ,2854,2855,2860,2863,2867,3564,356
                                                                                                  7                                 

Page 104         Source Listing                  SELECTIVEUSGS
2026-03-30 08:47                                 ..\..\..\withdrawal.f90

   3702   DEAllocate (tcnelev,tcjb,tcjs, tcelev,tctemp,tctend,tctsrt,ncountc,tciseg,tcklay,tcelevcon,elcontspl)
   3703   DEAllocate (tspltjb,tspltt,nouts,jstsplt,kstrsplt,tcyearly, tcntr,tspltcntr)
   3704   DEallocate (volm,ncountcw,qwdfrac,qstrfrac,MINWL)
   3705   DEallocate (tempcrit,volmc,DYNSEL,SELD,NXSEL,TEMP2,TSYEARLY,TSTEND,TSTSRT)
   3706   deallocate (tsdepth, tstype, tsminfrac, tsprior, tsminhead, tsmaxhead, tsmaxflow, no_flow)
   3707   deallocate (tsdynsel, tsseld, nxtssel, tstemp2, ewdsav, estrsav, share_flow, wd_active, str_active)
   3708   deallocate (nout0, nout1, nout2, minfrac1, minfrac2, maxfrac1, maxfrac2, splt2t, splt2e,DYNSF, DYNTF)
   3709 RETURN
   3710 
   3711 End Subroutine SelectiveUSGS
   3712 
   3713 
   3714 !***************************************************************************************************************************
   3714 ********
   3715 !**                                                S E T _ F L O W _ F R A C T I O N S                                      
   3715       **
   3716 !***************************************************************************************************************************
   3716 ********
   3717 ! Entire routine added/modified by S. Rounds, 06/26/13
   3718 Subroutine Set_Flow_Fractions
   3719   Use Selective1USGS                                                          ! This routine sets the flow fractions, and th
   3719 en
   3720   IMPLICIT NONE                                                               ! redistributes flow to other outlets in the s
   3720 ame
   3721   integer :: n, nj, nexcess, j, jb, jst, jwd, j2pref                          ! group when one or more outlets exceed their 
   3721 maximum
   3722   real    :: excess_frac, addfrac                                             ! flow rates.  Excess flow that cannot be acco
   3722 mmodated
   3723 Return                                                                        ! within each group will be discarded.
   3724 
   3725 
   3726 Entry Set_Flow_Fracs(j, jb, j2pref)
   3727   excess_frac = 0.0                                                           ! Excess flow above maximum release rates
   3728   nexcess     = 0                                                             ! Number of group 1 outlets exceeding maximum 
   3728 rates
   3729 
   3730 ! Set and rebalance release fractions for group 1 structures
   3731   if (tspltcntr(j) == '      ST') then
   3732     do n=1,ng1                                                                ! Find maxed-out outlets in group 1; set flows
   3732  to max
   3733       jst = jstsplt(j,nout1(n))
   3734       qstrfrac(jst,jb) = minfrac1(n) + (qfrac1 - sum_minfrac1) / ng1
   3735       if (qstrfrac(jst,jb) > maxfrac1(n)) then
   3736         nexcess = nexcess + 1
   3737         excess_frac = excess_frac + qstrfrac(jst,jb) - maxfrac1(n)
   3738         qstrfrac(jst,jb) = maxfrac1(n)
   3739       end if
   3740     end do
   3741     if (excess_frac > 0.0 .and. ng1 - nexcess > 0) then                       ! Redistribute excess flow to other outlets in
   3741  group
   3742       do nj=1,ng1                                                             ! Iterative process, in case others get maxed-
   3742 out
   3743         if (ng1 == nexcess .or. excess_frac <= 0.00001) exit
   3744         addfrac = excess_frac / (ng1 - nexcess)
   3745         do n=1,ng1
   3746           jst = jstsplt(j,nout1(n))
   3747           if (maxfrac1(n) - qstrfrac(jst,jb) > 0.00001) then

Page 105         Source Listing                  SET_FLOW_FRACTIONS
2026-03-30 08:47                                 ..\..\..\withdrawal.f90

   3748             if (qstrfrac(jst,jb) + addfrac > maxfrac1(n)) then
   3749               nexcess = nexcess + 1
   3750               excess_frac = excess_frac - (maxfrac1(n) - qstrfrac(jst,jb))
   3751               qstrfrac(jst,jb) = maxfrac1(n)
   3752             else
   3753               excess_frac = excess_frac - addfrac
   3754               qstrfrac(jst,jb) = qstrfrac(jst,jb) + addfrac
   3755             end if
   3756           end if
   3757         end do
   3758       end do
   3759     end if
   3760 
   3761 ! Set and rebalance release fractions for group 1 withdrawals
   3762   else
   3763     do n=1,ng1                                                                ! Find maxed-out outlets in group 1; set flows
   3763  to max
   3764       jwd = jstsplt(j,nout1(n))
   3765       qwdfrac(jwd) = minfrac1(n) + (qfrac1 - sum_minfrac1) / ng1
   3766       if (qwdfrac(jwd) > maxfrac1(n)) then
   3767         nexcess = nexcess + 1
   3768         excess_frac = excess_frac + qwdfrac(jwd) - maxfrac1(n)
   3769         qwdfrac(jwd) = maxfrac1(n)
   3770       end if
   3771     end do
   3772     if (excess_frac > 0.0 .and. ng1 - nexcess > 0) then                       ! Redistribute excess flow to other outlets in
   3772  group
   3773       do nj=1,ng1                                                             ! Iterative process, in case others get maxed-
   3773 out
   3774         if (ng1 == nexcess .or. excess_frac <= 0.00001) exit
   3775         addfrac = excess_frac / (ng1 - nexcess)
   3776         do n=1,ng1
   3777           jwd = jstsplt(j,nout1(n))
   3778           if (maxfrac1(n) - qwdfrac(jwd) > 0.00001) then
   3779             if (qwdfrac(jwd) + addfrac > maxfrac1(n)) then
   3780               nexcess = nexcess + 1
   3781               excess_frac = excess_frac - (maxfrac1(n) - qwdfrac(jwd))
   3782               qwdfrac(jwd) = maxfrac1(n)
   3783             else
   3784               excess_frac = excess_frac - addfrac
   3785               qwdfrac(jwd) = qwdfrac(jwd) + addfrac
   3786             end if
   3787           end if
   3788         end do
   3789       end do
   3790     end if
   3791   end if
   3792 
   3793 Entry Set_Flow_Fracs2(j, jb, j2pref)                                          ! Separate entry just for group 2 outlets

Page 106         Source Listing                  SET_FLOW_FRACTIONS
2026-03-30 08:47 Entry Points                    ..\..\..\withdrawal.f90



ENTRY POINTS

 Address      Type  Name                 Address      Type  Name                 Address      Type  Name               
                                                                                                                       
       SET_FLOW_FRACS                          SET_FLOW_FRACS2                         SET_FLOW_FRACTIONS              


SYMBOL CROSS REFERENCE

 Name                       Object Declared Type            Bytes Dimen Elements Attributes       References                        
                                                                                                                                    
 ADDFRAC                    Local  3722     R(4)            4           scalar                    3744,3748,3753,3754,3775,3779,3784
                                                                                                  ,3785,3821,3825,3830,3831,3860,386
                                                                                                  4,3869,3870                       
 EXCESS_FRAC                Local  3722     R(4)            4           scalar                    3727,3737,3741,3743,3744,3750,3753
                                                                                                  ,3768,3772,3774,3775,3781,3784,379
                                                                                                  6,3814,3818,3820,3821,3827,3830,38
                                                                                                  53,3857,3859,3860,3866,3869       
 J                          Dummy  3721     I(4)            4           scalar   ARG,INOUT        3731,3733,3746,3764,3777,3800,3802
                                                                                                  ,3803,3823,3839,3841,3842,3862    
 J2PREF                     Dummy  3721     I(4)            4           scalar   ARG,INOUT        3795,3804,3843                    
 JB                         Dummy  3721     I(4)            4           scalar   ARG,INOUT        3734,3735,3737,3738,3747,3748,3750
                                                                                                  ,3751,3754,3805,3807,3810,3812,381
                                                                                                  4,3815,3824,3825,3827,3828,3831   
 JST                        Local  3721     I(4)            4           scalar                    3733,3734,3735,3737,3738,3746,3747
                                                                                                  ,3748,3750,3751,3754,3802,3805,380
                                                                                                  7,3810,3812,3814,3815,3823,3824,38
                                                                                                  25,3827,3828,3831                 
 JSTSPLT                    Local  3733     I(4)            4     2     1        ALC              3733,3746,3764,3777,3802,3823,3841
                                                                                                  ,3862                             
 JWD                        Local  3721     I(4)            4           scalar                    3764,3765,3766,3768,3769,3777,3778
                                                                                                  ,3779,3781,3782,3785,3841,3844,384
                                                                                                  6,3849,3851,3853,3854,3862,3863,38
                                                                                                  64,3866,3867,3870                 
 MAXFRAC1                   Local  3735     R(4)            4     1     1        ALC              3735,3737,3738,3747,3748,3750,3751
                                                                                                  ,3766,3768,3769,3778,3779,3781,378
                                                                                                  2                                 
 MAXFRAC2                   Local  3812     R(4)            4     1     1        ALC              3812,3814,3815,3824,3825,3827,3828
                                                                                                  ,3851,3853,3854,3863,3864,3866,386
                                                                                                  7                                 
 MINFRAC1                   Local  3734     R(4)            4     1     1        ALC              3734,3765                         
 MINFRAC2                   Local  3805     R(4)            4     1     1        ALC              3805,3807,3810,3844,3846,3849     
 N                          Local  3721     I(4)            4           scalar                    3732,3733,3734,3735,3737,3738,3745
                                                                                                  ,3746,3747,3748,3750,3751,3763,376
                                                                                                  4,3765,3766,3768,3769,3776,3777,37
                                                                                                  78,3779,3781,3782,3801,3802,3804,3
                                                                                                  805,3807,3810,3812,3814,3815,3822,
                                                                                                  3823,3824,3825,3827,3828,3840,3841
                                                                                                  ,3843,3844,3846,3849,3851,3853,385
                                                                                                  4,3861,3862,3863,3864,3866,3867   
 NEXCESS                    Local  3721     I(4)            4           scalar                    3728,3736,3741,3743,3744,3749,3767
                                                                                                  ,3772,3774,3775,3780,3797,3813,381
                                                                                                  8,3820,3821,3826,3852,3857,3859,38
                                                                                                  60,3865                           
 NG1                        Local  3732     I(4)            4           scalar                    3732,3734,3741,3742,3743,3744,3745

Page 107         Source Listing                  SET_FLOW_FRACTIONS
2026-03-30 08:47 Symbol Table                    ..\..\..\withdrawal.f90

 Name                       Object Declared Type            Bytes Dimen Elements Attributes       References                        
                                                                                                                                    
                                                                                                  ,3763,3765,3772,3773,3774,3775,377
                                                                                                  6                                 
 NG2                        Local  3801     I(4)            4           scalar                    3801,3803,3810,3818,3819,3820,3821
                                                                                                  ,3822,3840,3842,3849,3857,3858,385
                                                                                                  9,3860,3861                       
 NJ                         Local  3721     I(4)            4           scalar                    3742,3773,3819,3858               
 NOUT1                      Local  3733     I(4)            4     1     1        ALC              3733,3746,3764,3777               
 NOUT2                      Local  3802     I(4)            4     1     1        ALC              3802,3823,3841,3862               
 QFRAC1                     Local  3734     R(4)            4           scalar                    3734,3765                         
 QFRAC2                     Local  3805     R(4)            4           scalar                    3805,3810,3844,3849               
 QSTRFRAC                   Local  3734     R(4)            4     2     1        ALC              3734,3735,3737,3738,3747,3748,3750
                                                                                                  ,3751,3754,3805,3807,3810,3812,381
                                                                                                  4,3815,3824,3825,3827,3828,3831   
 QWDFRAC                    Local  3765     R(4)            4     1     1        ALC              3765,3766,3768,3769,3778,3779,3781
                                                                                                  ,3782,3785,3844,3846,3849,3851,385
                                                                                                  3,3854,3863,3864,3866,3867,3870   
 SELECTIVE1USGS             Module 3719                                                           3719                              
 SET_FLOW_FRACS             Subr   3726                                                                                             
 SET_FLOW_FRACS2            Subr   3793                                                                                             
 SET_FLOW_FRACTIONS         Subr   3718                                                                                             
 SHARE_FLOW                 Local  3803     L(4)            4     1     1        ALC              3803,3842                         
 SUM_MINFRAC1               Local  3734     R(4)            4           scalar                    3734,3765                         
 SUM_MINFRAC2               Local  3805     R(4)            4           scalar                    3805,3810,3844,3849               
 TSPLTCNTR                  Local  3731     CHAR            8     1     1        ALC              3731,3800,3839                    

Page 108         Source Listing                  SET_FLOW_FRACTIONS
2026-03-30 08:47                                 ..\..\..\withdrawal.f90

   3794 
   3795   if (j2pref == 0) j2pref = 1                                                 ! Preferred outlet number, if not sharing
   3796   excess_frac = 0.0                                                           ! Excess flow above maximum release rates
   3797   nexcess     = 0                                                             ! Number of group 2 outlets exceeding maximum 
   3797 rates
   3798 
   3799 ! Set and rebalance release fractions for group 2 structures
   3800   if (tspltcntr(j) == '      ST') then
   3801     do n=1,ng2                                                                ! Find maxed-out outlets in group 2; set flows
   3801  to max
   3802       jst = jstsplt(j,nout2(n))
   3803       if (.not. share_flow(j) .and. ng2 > 1) then                             ! Direct flow to preferred outlet if not share
   3803 d
   3804         if (n == j2pref) then
   3805           qstrfrac(jst,jb) = qfrac2 - sum_minfrac2 + minfrac2(n)
   3806         else
   3807           qstrfrac(jst,jb) = minfrac2(n)
   3808         end if
   3809       else
   3810         qstrfrac(jst,jb) = minfrac2(n) + (qfrac2 - sum_minfrac2) / ng2
   3811       end if
   3812       if (qstrfrac(jst,jb) > maxfrac2(n)) then
   3813         nexcess = nexcess + 1
   3814         excess_frac = excess_frac + qstrfrac(jst,jb) - maxfrac2(n)
   3815         qstrfrac(jst,jb) = maxfrac2(n)
   3816       end if
   3817     end do
   3818     if (excess_frac > 0.0 .and. ng2 - nexcess > 0) then                       ! Redistribute excess flow to other outlets in
   3818  group
   3819       do nj=1,ng2                                                             ! Iterative process, in case others get maxed-
   3819 out
   3820         if (ng2 == nexcess .or. excess_frac <= 0.00001) exit
   3821         addfrac = excess_frac / (ng2 - nexcess)
   3822         do n=1,ng2
   3823           jst = jstsplt(j,nout2(n))
   3824           if (maxfrac2(n) - qstrfrac(jst,jb) > 0.00001) then
   3825             if (qstrfrac(jst,jb) + addfrac > maxfrac2(n)) then
   3826               nexcess = nexcess + 1
   3827               excess_frac = excess_frac - (maxfrac2(n) - qstrfrac(jst,jb))
   3828               qstrfrac(jst,jb) = maxfrac2(n)
   3829             else
   3830               excess_frac = excess_frac - addfrac
   3831               qstrfrac(jst,jb) = qstrfrac(jst,jb) + addfrac
   3832             end if
   3833           end if
   3834         end do
   3835       end do
   3836     end if
   3837 
   3838 ! Set and rebalance release fractions for group 2 withdrawals
   3839   else if (tspltcntr(j) == '      WD') then
   3840     do n=1,ng2                                                                ! Find maxed-out outlets in group 2; set flows
   3840  to max
   3841       jwd = jstsplt(j,nout2(n))
   3842       if (.not. share_flow(j) .and. ng2 > 1) then                             ! Direct flow to preferred outlet if not share
   3842 d
   3843         if (n == j2pref) then

Page 109         Source Listing                  SET_FLOW_FRACTIONS
2026-03-30 08:47                                 ..\..\..\withdrawal.f90

   3844           qwdfrac(jwd) = qfrac2 - sum_minfrac2 + minfrac2(n)
   3845         else
   3846           qwdfrac(jwd) = minfrac2(n)
   3847         end if
   3848       else
   3849         qwdfrac(jwd) = minfrac2(n) + (qfrac2 - sum_minfrac2) / ng2
   3850       end if
   3851       if (qwdfrac(jwd) > maxfrac2(n)) then
   3852         nexcess = nexcess + 1
   3853         excess_frac = excess_frac + qwdfrac(jwd) - maxfrac2(n)
   3854         qwdfrac(jwd) = maxfrac2(n)
   3855       end if
   3856     end do
   3857     if (excess_frac > 0.0 .and. ng2 - nexcess > 0) then                       ! Redistribute excess flow to other outlets in
   3857  group
   3858       do nj=1,ng2                                                             ! Iterative process, in case others get maxed-
   3858 out
   3859         if (ng2 == nexcess .or. excess_frac <= 0.00001) exit
   3860         addfrac = excess_frac / (ng2 - nexcess)
   3861         do n=1,ng2
   3862           jwd = jstsplt(j,nout2(n))
   3863           if (maxfrac2(n) - qwdfrac(jwd) > 0.00001) then
   3864             if (qwdfrac(jwd) + addfrac > maxfrac2(n)) then
   3865               nexcess = nexcess + 1
   3866               excess_frac = excess_frac - (maxfrac2(n) - qwdfrac(jwd))
   3867               qwdfrac(jwd) = maxfrac2(n)
   3868             else
   3869               excess_frac = excess_frac - addfrac
   3870               qwdfrac(jwd) = qwdfrac(jwd) + addfrac
   3871             end if
   3872           end if
   3873         end do
   3874       end do
   3875     end if
   3876   end if
   3877 Return
   3878 End Subroutine Set_Flow_Fractions

Page 110         Source Listing                  SET_FLOW_FRACTIONS
2026-03-30 08:47 Subprograms/Common Blocks       ..\..\..\withdrawal.f90



SUBPROGRAMS/COMMON BLOCKS

 Name                       Object Declared Type            Bytes Dimen Elements Attributes       References                        
                                                                                                                                    
 SELECTIVE                  Subr   1110                                                                                             
 SELECTIVE1                 Module 726                                                                                              
 SELECTIVE1USGS             Module 1588                                                                                             
 SELECTIVEINIT              Subr   740                                                                                              
 SELECTIVEINITUSGS          Subr   1612                                                                                             
 SELECTIVEUSGS              Subr   2166                                                                                             
 SET_FLOW_FRACTIONS         Subr   3718                                                                                             
 WITHDRAWAL                 Subr   7                                                                                                

COMPILER OPTIONS BEING USED

  /noOa                                 /Qansi-alias
  /align:noall                          /align:nonone
  /align:nocommons                      /align:nodcommons
  /align:noqcommons                     /align:nozcommons
  /align:records                        /align:nosequence
  /align:norec1byte                     /align:norec2byte
  /align:norec4byte                     /align:norec8byte
  /align:norec16byte                    /align:norec32byte
  /align:norec64byte                    /align:noarray8byte
  /align:noarray16byte                  /align:noarray32byte
  /align:noarray64byte                  /align:noarray128byte
  /align:noarray256byte                 /altparam
  /assume:accuracy_sensitive            /assume:noaligned_dummy_args
  /assume:nobscc                        /assume:nobuffered_io
  /assume:nobuffered_stdout             /assume:nobyterecl
  /assume:nocontiguous_assumed_shape    /assume:nocontiguous_pointer
  /assume:nocc_omp                      /assume:nocstring
  /assume:nodummy_aliases               /assume:nofailed_images
  /assume:nofpe_summary                 /assume:noieee_compares
  /assume:noieee_fpe_flags              /assume:noieee_mode_restore
  /assume:nominus0                      /assume:noold_boz
  /assume:old_complex_align             /assume:old_e0g0_format
  /assume:old_unit_star                 /assume:old_inquire_recl
  /assume:old_ldout_format              /assume:old_ldout_zero
  /assume:noold_logical_assign          /assume:noold_logical_ldio
  /assume:old_maxminloc                 /assume:old_xor
  /assume:noprotect_allocates           /assume:protect_constants
  /assume:noprotect_parens              /assume:realloc_lhs
  /assume:norecursion                   /assume:source_include
  /assume:nostd_expon_output            /assume:nostd_intent_in
  /assume:std_minus0_rounding           /assume:nostd_mod_proc_name
  /assume:std_value                     /assume:nounderscore
  /assume:no2underscores                /noauto
  /auto_scalar                          /nobintext
  /ccdefault:default                    /check:noall
  /check:nonone                         /check:noarg_temp_created
  /check:noassume                       /check:nobounds
  /check:nocontiguous                   /check:noformat
  /check:nooutput_conversion            /check:nooverflow
  /check:nopointers                     /check:noshape

Page 111         Source Listing                  SET_FLOW_FRACTIONS
2026-03-30 08:47                                 ..\..\..\withdrawal.f90

  /check:nostack                        /check:noteams
  /check:nouninitialized                /check:noudio_iostat
  /Qcoarray-num-procs:0                 /noQcoarray-config-file
  /convert:native                       /cross_reference
  /D:__INTEL_LLVM_COMPILER=20250000     /D:__INTEL_LLVM_COMPILER_UPDATE=0
  /D:_WIN32                             /D:_M_AMD64=100
  /D:_M_X64=100                         /D:_WIN64=1
  /D:_MSC_VER=1500                      /D:_MSC_FULL_VER=150011209
  /D:_MSC_EXTENSIONS                    /D:_MT
  /D:__INTEL_COMPILER_BUILD_DATE=20241008  /D:__MMX__
  /D:__SSE__                            /D:__SSE_MATH__
  /D:__SSE2__                           /D:__SSE2_MATH__
  /D:__pentium4                         /D:__pentium4__
  /D:__tune_pentium4__                  /D:__INTEL_COMPILER=20250000
  /D:__INTEL_COMPILER_UPDATE=0          /double_size:64
  /nod_lines                            /noQdyncom
  /emit-obj                             /error_limit:30
  /nof66                                /nof77rtl
  /faltmathlib=:SVML                    /nofast
  /nofwrapv                             /fpscomp:nofilesfromcmd
  /fpscomp:nogeneral                    /fpscomp:noioformat
  /fpscomp:noldio_spacing               /fpscomp:nolibs
  /fpscomp:nologicals                   /fveclib=:SVML
  /floopopt-pipeline=:light             /nofpconstant
  /fpe3                                 /ftz
  /fp_model:noprecise                   /fp_model:fast
  /fp_model:nostrict                    /fp_model:nosource
  /fp_model:nodouble                    /fp_model:noextended
  /fp_model:novery_fast                 /fp_model:noexcept
  /fp_model:nono_except                 /heap_arrays:0
  /nothreadprivate_compat               /free
  /fintel-libirc-allowed                /mframe-pointer:noall
  /mframe-pointer:nonon-leaf            /mframe-pointer:none
  /debug0                               /nogcodeview
  /iface:noc                            /iface:nocref
  /iface:nocvf                          /iface:default
  /iface:nostdcall                      /iface:nostdref
  /iface:nomixed_str_len_arg            /iface:nono_mixed_str_len_arg
  /Qinit:noarrays                       /Qinit:nohuge
  /Qinit:noinfinity                     /Qinit:nominus_huge
  /Qinit:nominus_infinity               /Qinit:nominus_tiny
  /Qinit:nonan                          /Qinit:nosnan
  /Qinit:notiny                         /Qinit:nozero
  /nointconstant                        /integer_size:32
  /libdir:automatic                     /libdir:user
  /nomodule                             /names:
  /nonoinclude                          /object:withdrawal.obj
  /-dependent-lib:libcmt                /-dependent-lib:ifconsol.lib
  /-dependent-lib:libifcoremt.lib       /-dependent-lib:libifport.lib
  /-dependent-lib:libircmt              /-dependent-lib:libmmt
  /-dependent-lib:oldnames              /-dependent-lib:svml_dispmt
  /Qoffload-build:host                  /Qopenmp-do-concurrent-maptype-modifier:noalways
  /Qopenmp-do-concurrent-maptype-modifier:nopresent  /Qopenmp-do-concurrent-maptype-modifier:none
  /Qopenmp-simd                         /O2
  /nopad_source                         /pic-level:2
  /real_size:32                         /norecursive
  /reentrancy:threaded                  /Qvec:simd

Page 112         Source Listing                  SET_FLOW_FRACTIONS
2026-03-30 08:47                                 ..\..\..\withdrawal.f90

  /show:fullpath                        /show:noinclude
  /show:map                             /show:options
  /nosyntax_only                        /target-cpu:x86-64
  /nothreadcom                          /triple:x86_64-pc-windows-msvc
  /noU                                  /novms
  /warn:noall                           /warn:nonone
  /warn:alignments                      /warn:nodeclarations
  /warn:noexternals                     /warn:general
  /warn:noignore_bounds                 /warn:noignore_loc
  /warn:nointerfaces                    /warn:noshape
  /warn:notruncated_source              /warn:uncalled
  /warn:uninitialized                   /warn:nounused
  /warn:usage                           /nowrap-margins

  /include   path : C:\PROGRA~2\Intel\oneAPI\compiler\2025.0\include\,.FOR,..\..\..\.FOR,.\.FOR,C:\PROGRA~2\Intel\oneAPI\compiler\2025.0\opt\compiler\include\intel64\.FOR,
           C:\PROGRA~2\Intel\oneAPI\compiler\2025.0\include\.FOR,C:\PROGRA~2\Intel\oneAPI\compiler\2025.0\opt\compiler\include\.FOR,
           C:\PROGRA~2\Intel\oneAPI\compiler\2025.0\lib\clang\19\include\.FOR
  /list      filename : withdrawal.lst
  /object:withdrawal.obj
  /Fd        filename : none

COMPILER: Intel(R) Fortran 25.0-1205
