$,
XXH,
JDAY,DGP
44197,1.2
44197.04,1.2
44197.08,1.2
44197.12,1.2
44197.17,1.2
44197.21,1.2
44197.25,1.2
44197.29,1.2
44197.33,1.2
44197.38,1.2
44197.42,1.2
44197.46,1.2
44197.5,1.2
44197.54,1.2
44197.58,1.2
44197.62,1.2
44197.67,1.2
44197.71,1.2
44197.75,1.2
44197.79,1.2
44197.83,1.2
44197.88,1.2
44197.92,1.2
44197.96,1.2
44198,1.2
44198.04,1.2
44198.08,1.2
44198.12,1.2
44198.17,1.2
44198.21,1.2
44198.25,1.2
44198.29,1.2
44198.33,1.2
44198.38,1.2
44198.42,1.2
44198.46,1.2
44198.5,1.2
44198.54,1.2
44198.58,1.2
44198.62,1.2
44198.67,1.2
44198.71,1.2
44198.75,1.2
44198.79,1.2
44198.83,1.2
44198.88,1.2
44198.92,1.2
44198.96,1.2
44199,1.2
44199.04,1.2
44199.08,1.2
44199.12,1.2
44199.17,1.2
44199.21,1.2
44199.25,1.2
44199.29,1.2
44199.33,1.2
44199.38,1.2
44199.42,1.2
44199.46,1.2
44199.5,1.2
44199.54,1.2
44199.58,1.2
44199.62,1.2
44199.67,1.2
44199.71,1.2
44199.75,1.2
44199.79,1.2
44199.83,1.2
44199.88,1.2
44199.92,1.2
44199.96,1.2
44200,1.2
44200.04,1.2
44200.08,1.2
44200.12,1.2
44200.17,1.2
44200.21,1.2
44200.25,1.2
44200.29,1.2
44200.33,1.2
44200.38,1.2
44200.42,1.2
44200.46,1.2
44200.5,1.2
44200.54,1.2
44200.58,1.2
44200.62,1.2
44200.67,1.2
44200.71,1.2
44200.75,1.2
44200.79,1.2
44200.83,1.2
44200.88,1.2
44200.92,1.2
44200.96,1.2
44201,1.2
44201.04,1.2
44201.08,1.2
44201.12,1.2
44201.17,1.2
44201.21,1.2
44201.25,1.2
44201.29,1.2
44201.33,1.2
44201.38,1.2
44201.42,1.2
44201.46,1.2
44201.5,1.2
44201.54,1.2
44201.58,1.2
44201.62,1.2
44201.67,1.2
44201.71,1.2
44201.75,1.2
44201.79,1.2
44201.83,1.2
44201.88,1.2
44201.92,1.2
44201.96,1.2
44202,1.2
44202.04,1.2
44202.08,1.2
44202.12,1.2
44202.17,1.2
44202.21,1.2
44202.25,1.2
44202.29,1.2
44202.33,1.2
44202.38,1.2
44202.42,1.2
44202.46,1.2
44202.5,1.2
44202.54,1.2
44202.58,1.2
44202.62,1.2
44202.67,1.2
44202.71,1.2
44202.75,1.2
44202.79,1.2
44202.83,1.2
44202.88,1.2
44202.92,1.2
44202.96,1.2
44203,1.2
44203.04,1.2
44203.08,1.2
44203.12,1.2
44203.17,1.2
44203.21,1.2
44203.25,1.2
44203.29,1.2
44203.33,1.2
44203.38,1.2
44203.42,1.2
44203.46,1.2
44203.5,1.2
44203.54,1.2
44203.58,1.2
44203.62,1.2
44203.67,1.2
44203.71,1.2
44203.75,1.2
44203.79,1.2
44203.83,1.2
44203.88,1.2
44203.92,1.2
44203.96,1.2
44204,1.2
44204.04,1.2
44204.08,1.2
44204.12,1.2
44204.17,1.2
44204.21,1.2
44204.25,1.2
44204.29,1.2
44204.33,1.2
44204.38,1.2
44204.42,1.2
44204.46,1.2
44204.5,1.2
44204.54,1.2
44204.58,1.2
44204.62,1.2
44204.67,1.2
44204.71,1.2
44204.75,1.2
44204.79,1.2
44204.83,1.2
44204.88,1.2
44204.92,1.2
44204.96,1.2
44205,1.2
44205.04,1.2
44205.08,1.2
44205.12,1.2
44205.17,1.2
44205.21,1.2
44205.25,1.2
44205.29,1.2
44205.33,1.2
44205.38,1.2
44205.42,1.2
44205.46,1.2
44205.5,1.2
44205.54,1.2
44205.58,1.2
44205.62,1.2
44205.67,1.2
44205.71,1.2
44205.75,1.2
44205.79,1.2
44205.83,1.2
44205.88,1.2
44205.92,1.2
44205.96,1.2
44206,1.2
44206.04,1.2
44206.08,1.2
44206.12,1.2
44206.17,1.2
44206.21,1.2
44206.25,1.2
44206.29,1.2
44206.33,1.2
44206.38,1.2
44206.42,1.2
44206.46,1.2
44206.5,1.2
44206.54,1.2
44206.58,1.2
44206.62,1.2
44206.67,1.2
44206.71,1.2
44206.75,1.2
44206.79,1.2
44206.83,1.2
44206.88,1.2
44206.92,1.2
44206.96,1.2
44207,1.2
44207.04,1.2
44207.08,1.2
44207.12,1.2
44207.17,1.2
44207.21,1.2
44207.25,1.2
44207.29,1.2
44207.33,1.2
44207.38,1.2
44207.42,1.2
44207.46,1.2
44207.5,1.2
44207.54,1.2
44207.58,1.2
44207.62,1.2
44207.67,1.2
44207.71,1.2
44207.75,1.2
44207.79,1.2
44207.83,1.2
44207.88,1.2
44207.92,1.2
44207.96,1.2
44208,1.2
44208.04,1.2
44208.08,1.2
44208.12,1.2
44208.17,1.2
44208.21,1.2
44208.25,1.2
44208.29,1.2
44208.33,1.2
44208.38,1.2
44208.42,1.2
44208.46,1.2
44208.5,1.2
44208.54,1.2
44208.58,1.2
44208.62,1.2
44208.67,1.2
44208.71,1.2
44208.75,1.2
44208.79,1.2
44208.83,1.2
44208.88,1.2
44208.92,1.2
44208.96,1.2
44209,1.2
44209.04,1.2
44209.08,1.2
44209.12,1.2
44209.17,1.2
44209.21,1.2
44209.25,1.2
44209.29,1.2
44209.33,1.2
44209.38,1.2
44209.42,1.2
44209.46,1.2
44209.5,1.2
44209.54,1.2
44209.58,1.2
44209.62,1.2
44209.67,1.2
44209.71,1.2
44209.75,1.2
44209.79,1.2
44209.83,1.2
44209.88,1.2
44209.92,1.2
44209.96,1.2
44210,1.2
44210.04,1.2
44210.08,1.2
44210.12,1.2
44210.17,1.2
44210.21,1.2
44210.25,1.2
44210.29,1.2
44210.33,1.2
44210.38,1.2
44210.42,1.2
44210.46,1.2
44210.5,1.2
44210.54,1.2
44210.58,1.2
44210.62,1.2
44210.67,1.2
44210.71,1.2
44210.75,1.2
44210.79,1.2
44210.83,1.2
44210.88,1.2
44210.92,1.2
44210.96,1.2
44211,1.2
44211.04,1.2
44211.08,1.2
44211.12,1.2
44211.17,1.2
44211.21,1.2
44211.25,1.2
44211.29,1.2
44211.33,1.2
44211.38,1.2
44211.42,1.2
44211.46,1.2
44211.5,1.2
44211.54,1.2
44211.58,1.2
44211.62,1.2
44211.67,1.2
44211.71,1.2
44211.75,1.2
44211.79,1.2
44211.83,1.2
44211.88,1.2
44211.92,1.2
44211.96,1.2
44212,1.2
44212.04,1.2
44212.08,1.2
44212.12,1.2
44212.17,1.2
44212.21,1.2
44212.25,1.2
44212.29,1.2
44212.33,1.2
44212.38,1.2
44212.42,1.2
44212.46,1.2
44212.5,1.2
44212.54,1.2
44212.58,1.2
44212.62,1.2
44212.67,1.2
44212.71,1.2
44212.75,1.2
44212.79,1.2
44212.83,1.2
44212.88,1.2
44212.92,1.2
44212.96,1.2
44213,1.2
44213.04,1.2
44213.08,1.2
44213.12,1.2
44213.17,1.2
44213.21,1.2
44213.25,1.2
44213.29,1.2
44213.33,1.2
44213.38,1.2
44213.42,1.2
44213.46,1.2
44213.5,1.2
44213.54,1.2
44213.58,1.2
44213.62,1.2
44213.67,1.2
44213.71,1.2
44213.75,1.2
44213.79,1.2
44213.83,1.2
44213.88,1.2
44213.92,1.2
44213.96,1.2
44214,1.2
44214.04,1.2
44214.08,1.2
44214.12,1.2
44214.17,1.2
44214.21,1.2
44214.25,1.2
44214.29,1.2
44214.33,1.2
44214.38,1.2
44214.42,1.2
44214.46,1.2
44214.5,1.2
44214.54,1.2
44214.58,1.2
44214.62,1.2
44214.67,1.2
44214.71,1.2
44214.75,1.2
44214.79,1.2
44214.83,1.2
44214.88,1.2
44214.92,1.2
44214.96,1.2
44215,1.2
44215.04,1.2
44215.08,1.2
44215.12,1.2
44215.17,1.2
44215.21,1.2
44215.25,1.2
44215.29,1.2
44215.33,1.2
44215.38,1.2
44215.42,1.2
44215.46,1.2
44215.5,1.2
44215.54,1.2
44215.58,1.2
44215.62,1.2
44215.67,1.2
44215.71,1.2
44215.75,1.2
44215.79,1.2
44215.83,1.2
44215.88,1.2
44215.92,1.2
44215.96,1.2
44216,1.2
44216.04,1.2
44216.08,1.2
44216.12,1.2
44216.17,1.2
44216.21,1.2
44216.25,1.2
44216.29,1.2
44216.33,1.2
44216.38,1.2
44216.42,1.2
44216.46,1.2
44216.5,1.2
44216.54,1.2
44216.58,1.2
44216.62,1.2
44216.67,1.2
44216.71,1.2
44216.75,1.2
44216.79,1.2
44216.83,1.2
44216.88,1.2
44216.92,1.2
44216.96,1.2
44217,1.2
44217.04,1.2
44217.08,1.2
44217.12,1.2
44217.17,1.2
44217.21,1.2
44217.25,1.2
44217.29,1.2
44217.33,1.2
44217.38,1.2
44217.42,1.2
44217.46,1.2
44217.5,1.2
44217.54,1.2
44217.58,1.2
44217.62,1.2
44217.67,1.2
44217.71,1.2
44217.75,1.2
44217.79,1.2
44217.83,1.2
44217.88,1.2
44217.92,1.2
44217.96,1.2
44218,1.2
44218.04,1.2
44218.08,1.2
44218.12,1.2
44218.17,1.2
44218.21,1.2
44218.25,1.2
44218.29,1.2
44218.33,1.2
44218.38,1.2
44218.42,1.2
44218.46,1.2
44218.5,1.2
44218.54,1.2
44218.58,1.2
44218.62,1.2
44218.67,1.2
44218.71,1.2
44218.75,1.2
44218.79,1.2
44218.83,1.2
44218.88,1.2
44218.92,1.2
44218.96,1.2
44219,1.2
44219.04,1.2
44219.08,1.2
44219.12,1.2
44219.17,1.2
44219.21,1.2
44219.25,1.2
44219.29,1.2
44219.33,1.2
44219.38,1.2
44219.42,1.2
44219.46,1.2
44219.5,1.2
44219.54,1.2
44219.58,1.2
44219.62,1.2
44219.67,1.2
44219.71,1.2
44219.75,1.2
44219.79,1.2
44219.83,1.2
44219.88,1.2
44219.92,1.2
44219.96,1.2
44220,1.2
44220.04,1.2
44220.08,1.2
44220.12,1.2
44220.17,1.2
44220.21,1.2
44220.25,1.2
44220.29,1.2
44220.33,1.2
44220.38,1.2
44220.42,1.2
44220.46,1.2
44220.5,1.2
44220.54,1.2
44220.58,1.2
44220.62,1.2
44220.67,1.2
44220.71,1.2
44220.75,1.2
44220.79,1.2
44220.83,1.2
44220.88,1.2
44220.92,1.2
44220.96,1.2
44221,1.2
44221.04,1.2
44221.08,1.2
44221.12,1.2
44221.17,1.2
44221.21,1.2
44221.25,1.2
44221.29,1.2
44221.33,1.2
44221.38,1.2
44221.42,1.2
44221.46,1.2
44221.5,1.2
44221.54,1.2
44221.58,1.2
44221.62,1.2
44221.67,1.2
44221.71,1.2
44221.75,1.2
44221.79,1.2
44221.83,1.2
44221.88,1.2
44221.92,1.2
44221.96,1.2
44222,1.2
44222.04,1.2
44222.08,1.2
44222.12,1.2
44222.17,1.2
44222.21,1.2
44222.25,1.2
44222.29,1.2
44222.33,1.2
44222.38,1.2
44222.42,1.2
44222.46,1.2
44222.5,1.2
44222.54,1.2
44222.58,1.2
44222.62,1.2
44222.67,1.2
44222.71,1.2
44222.75,1.2
44222.79,1.2
44222.83,1.2
44222.88,1.2
44222.92,1.2
44222.96,1.2
44223,1.2
44223.04,1.2
44223.08,1.2
44223.12,1.2
44223.17,1.2
44223.21,1.2
44223.25,1.2
44223.29,1.2
44223.33,1.2
44223.38,1.2
44223.42,1.2
44223.46,1.2
44223.5,1.2
44223.54,1.2
44223.58,1.2
44223.62,1.2
44223.67,1.2
44223.71,1.2
44223.75,1.2
44223.79,1.2
44223.83,1.2
44223.88,1.2
44223.92,1.2
44223.96,1.2
44224,1.2
44224.04,1.2
44224.08,1.2
44224.12,1.2
44224.17,1.2
44224.21,1.2
44224.25,1.2
44224.29,1.2
44224.33,1.2
44224.38,1.2
44224.42,1.2
44224.46,1.2
44224.5,1.2
44224.54,1.2
44224.58,1.2
44224.62,1.2
44224.67,1.2
44224.71,1.2
44224.75,1.2
44224.79,1.2
44224.83,1.2
44224.88,1.2
44224.92,1.2
44224.96,1.2
44225,1.2
44225.04,1.2
44225.08,1.2
44225.12,1.2
44225.17,1.2
44225.21,1.2
44225.25,1.2
44225.29,1.2
44225.33,1.2
44225.38,1.2
44225.42,1.2
44225.46,1.2
44225.5,1.2
44225.54,1.2
44225.58,1.2
44225.62,1.2
44225.67,1.2
44225.71,1.2
44225.75,1.2
44225.79,1.2
44225.83,1.2
44225.88,1.2
44225.92,1.2
44225.96,1.2
44226,1.2
44226.04,1.2
44226.08,1.2
44226.12,1.2
44226.17,1.2
44226.21,1.2
44226.25,1.2
44226.29,1.2
44226.33,1.2
44226.38,1.2
44226.42,1.2
44226.46,1.2
44226.5,1.2
44226.54,1.2
44226.58,1.2
44226.62,1.2
44226.67,1.2
44226.71,1.2
44226.75,1.2
44226.79,1.2
44226.83,1.2
44226.88,1.2
44226.92,1.2
44226.96,1.2
44227,1.2
44227.04,1.2
44227.08,1.2
44227.12,1.2
44227.17,1.2
44227.21,1.2
44227.25,1.2
44227.29,1.2
44227.33,1.2
44227.38,1.2
44227.42,1.2
44227.46,1.2
44227.5,1.2
44227.54,1.2
44227.58,1.2
44227.62,1.2
44227.67,1.2
44227.71,1.2
44227.75,1.2
44227.79,1.2
44227.83,1.2
44227.88,1.2
44227.92,1.2
44227.96,1.2
44228,1.2
44228.04,1.2
44228.08,1.2
44228.12,1.2
44228.17,1.2
44228.21,1.2
44228.25,1.2
44228.29,1.2
44228.33,1.2
44228.38,1.2
44228.42,1.2
44228.46,1.2
44228.5,1.2
44228.54,1.2
44228.58,1.2
44228.62,1.2
44228.67,1.2
44228.71,1.2
44228.75,1.2
44228.79,1.2
44228.83,1.2
44228.88,1.2
44228.92,1.2
44228.96,1.2
44229,1.2
44229.04,1.2
44229.08,1.2
44229.12,1.2
44229.17,1.2
44229.21,1.2
44229.25,1.2
44229.29,1.2
44229.33,1.2
44229.38,1.2
44229.42,1.2
44229.46,1.2
44229.5,1.2
44229.54,1.2
44229.58,1.2
44229.62,1.2
44229.67,1.2
44229.71,1.2
44229.75,1.2
44229.79,1.2
44229.83,1.2
44229.88,1.2
44229.92,1.2
44229.96,1.2
44230,1.2
44230.04,1.2
44230.08,1.2
44230.12,1.2
44230.17,1.2
44230.21,1.2
44230.25,1.2
44230.29,1.2
44230.33,1.2
44230.38,1.2
44230.42,1.2
44230.46,1.2
44230.5,1.2
44230.54,1.2
44230.58,1.2
44230.62,1.2
44230.67,1.2
44230.71,1.2
44230.75,1.2
44230.79,1.2
44230.83,1.2
44230.88,1.2
44230.92,1.2
44230.96,1.2
44231,1.2
44231.04,1.2
44231.08,1.2
44231.12,1.2
44231.17,1.2
44231.21,1.2
44231.25,1.2
44231.29,1.2
44231.33,1.2
44231.38,1.2
44231.42,1.2
44231.46,1.2
44231.5,1.2
44231.54,1.2
44231.58,1.2
44231.62,1.2
44231.67,1.2
44231.71,1.2
44231.75,1.2
44231.79,1.2
44231.83,1.2
44231.88,1.2
44231.92,1.2
44231.96,1.2
44232,1.2
44232.04,1.2
44232.08,1.2
44232.12,1.2
44232.17,1.2
44232.21,1.2
44232.25,1.2
44232.29,1.2
44232.33,1.2
44232.38,1.2
44232.42,1.2
44232.46,1.2
44232.5,1.2
44232.54,1.2
44232.58,1.2
44232.62,1.2
44232.67,1.2
44232.71,1.2
44232.75,1.2
44232.79,1.2
44232.83,1.2
44232.88,1.2
44232.92,1.2
44232.96,1.2
44233,1.2
44233.04,1.2
44233.08,1.2
44233.12,1.2
44233.17,1.2
44233.21,1.2
44233.25,1.2
44233.29,1.2
44233.33,1.2
44233.38,1.2
44233.42,1.2
44233.46,1.2
44233.5,1.2
44233.54,1.2
44233.58,1.2
44233.62,1.2
44233.67,1.2
44233.71,1.2
44233.75,1.2
44233.79,1.2
44233.83,1.2
44233.88,1.2
44233.92,1.2
44233.96,1.2
44234,1.2
44234.04,1.2
44234.08,1.2
44234.12,1.2
44234.17,1.2
44234.21,1.2
44234.25,1.2
44234.29,1.2
44234.33,1.2
44234.38,1.2
44234.42,1.2
44234.46,1.2
44234.5,1.2
44234.54,1.2
44234.58,1.2
44234.62,1.2
44234.67,1.2
44234.71,1.2
44234.75,1.2
44234.79,1.2
44234.83,1.2
44234.88,1.2
44234.92,1.2
44234.96,1.2
44235,1.2
44235.04,1.2
44235.08,1.2
44235.12,1.2
44235.17,1.2
44235.21,1.2
44235.25,1.2
44235.29,1.2
44235.33,1.2
44235.38,1.2
44235.42,1.2
44235.46,1.2
44235.5,1.2
44235.54,1.2
44235.58,1.2
44235.62,1.2
44235.67,1.2
44235.71,1.2
44235.75,1.2
44235.79,1.2
44235.83,1.2
44235.88,1.2
44235.92,1.2
44235.96,1.2
44236,1.2
44236.04,1.2
44236.08,1.2
44236.12,1.2
44236.17,1.2
44236.21,1.2
44236.25,1.2
44236.29,1.2
44236.33,1.2
44236.38,1.2
44236.42,1.2
44236.46,1.2
44236.5,1.2
44236.54,1.2
44236.58,1.2
44236.62,1.2
44236.67,1.2
44236.71,1.2
44236.75,1.2
44236.79,1.2
44236.83,1.2
44236.88,1.2
44236.92,1.2
44236.96,1.2
44237,1.2
44237.04,1.2
44237.08,1.2
44237.12,1.2
44237.17,1.2
44237.21,1.2
44237.25,1.2
44237.29,1.2
44237.33,1.2
44237.38,1.2
44237.42,1.2
44237.46,1.2
44237.5,1.2
44237.54,1.2
44237.58,1.2
44237.62,1.2
44237.67,1.2
44237.71,1.2
44237.75,1.2
44237.79,1.2
44237.83,1.2
44237.88,1.2
44237.92,1.2
44237.96,1.2
44238,1.2
44238.04,1.2
44238.08,1.2
44238.12,1.2
44238.17,1.2
44238.21,1.2
44238.25,1.2
44238.29,1.2
44238.33,1.2
44238.38,1.2
44238.42,1.2
44238.46,1.2
44238.5,1.2
44238.54,1.2
44238.58,1.2
44238.62,1.2
44238.67,1.2
44238.71,1.2
44238.75,1.2
44238.79,1.2
44238.83,1.2
44238.88,1.2
44238.92,1.2
44238.96,1.2
44239,1.2
44239.04,1.2
44239.08,1.2
44239.12,1.2
44239.17,1.2
44239.21,1.2
44239.25,1.2
44239.29,1.2
44239.33,1.2
44239.38,1.2
44239.42,1.2
44239.46,1.2
44239.5,1.2
44239.54,1.2
44239.58,1.2
44239.62,1.2
44239.67,1.2
44239.71,1.2
44239.75,1.2
44239.79,1.2
44239.83,1.2
44239.88,1.2
44239.92,1.2
44239.96,1.2
44240,1.2
44240.04,1.2
44240.08,1.2
44240.12,1.2
44240.17,1.2
44240.21,1.2
44240.25,1.2
44240.29,1.2
44240.33,1.2
44240.38,1.2
44240.42,1.2
44240.46,1.2
44240.5,1.2
44240.54,1.2
44240.58,1.2
44240.62,1.2
44240.67,1.2
44240.71,1.2
44240.75,1.2
44240.79,1.2
44240.83,1.2
44240.88,1.2
44240.92,1.2
44240.96,1.2
44241,1.2
44241.04,1.2
44241.08,1.2
44241.12,1.2
44241.17,1.2
44241.21,1.2
44241.25,1.2
44241.29,1.2
44241.33,1.2
44241.38,1.2
44241.42,1.2
44241.46,1.2
44241.5,1.2
44241.54,1.2
44241.58,1.2
44241.62,1.2
44241.67,1.2
44241.71,1.2
44241.75,1.2
44241.79,1.2
44241.83,1.2
44241.88,1.2
44241.92,1.2
44241.96,1.2
44242,1.2
44242.04,1.2
44242.08,1.2
44242.12,1.2
44242.17,1.2
44242.21,1.2
44242.25,1.2
44242.29,1.2
44242.33,1.2
44242.38,1.2
44242.42,1.2
44242.46,1.2
44242.5,1.2
44242.54,1.2
44242.58,1.2
44242.62,1.2
44242.67,1.2
44242.71,1.2
44242.75,1.2
44242.79,1.2
44242.83,1.2
44242.88,1.2
44242.92,1.2
44242.96,1.2
44243,1.2
44243.04,1.2
44243.08,1.2
44243.12,1.2
44243.17,1.2
44243.21,1.2
44243.25,1.2
44243.29,1.2
44243.33,1.2
44243.38,1.2
44243.42,1.2
44243.46,1.2
44243.5,1.2
44243.54,1.2
44243.58,1.2
44243.62,1.2
44243.67,1.2
44243.71,1.2
44243.75,1.2
44243.79,1.2
44243.83,1.2
44243.88,1.2
44243.92,1.2
44243.96,1.2
44244,1.2
44244.04,1.2
44244.08,1.2
44244.12,1.2
44244.17,1.2
44244.21,1.2
44244.25,1.2
44244.29,1.2
44244.33,1.2
44244.38,1.2
44244.42,1.2
44244.46,1.2
44244.5,1.2
44244.54,1.2
44244.58,1.2
44244.62,1.2
44244.67,1.2
44244.71,1.2
44244.75,1.2
44244.79,1.2
44244.83,1.2
44244.88,1.2
44244.92,1.2
44244.96,1.2
44245,1.2
44245.04,1.2
44245.08,1.2
44245.12,1.2
44245.17,1.2
44245.21,1.2
44245.25,1.2
44245.29,1.2
44245.33,1.2
44245.38,1.2
44245.42,1.2
44245.46,1.2
44245.5,1.2
44245.54,1.2
44245.58,1.2
44245.62,1.2
44245.67,1.2
44245.71,1.2
44245.75,1.2
44245.79,1.2
44245.83,1.2
44245.88,1.2
44245.92,1.2
44245.96,1.2
44246,1.2
44246.04,1.2
44246.08,1.2
44246.12,1.2
44246.17,1.2
44246.21,1.2
44246.25,1.2
44246.29,1.2
44246.33,1.2
44246.38,1.2
44246.42,1.2
44246.46,1.2
44246.5,1.2
44246.54,1.2
44246.58,1.2
44246.62,1.2
44246.67,1.2
44246.71,1.2
44246.75,1.2
44246.79,1.2
44246.83,1.2
44246.88,1.2
44246.92,1.2
44246.96,1.2
44247,1.2
44247.04,1.2
44247.08,1.2
44247.12,1.2
44247.17,1.2
44247.21,1.2
44247.25,1.2
44247.29,1.2
44247.33,1.2
44247.38,1.2
44247.42,1.2
44247.46,1.2
44247.5,1.2
44247.54,1.2
44247.58,1.2
44247.62,1.2
44247.67,1.2
44247.71,1.2
44247.75,1.2
44247.79,1.2
44247.83,1.2
44247.88,1.2
44247.92,1.2
44247.96,1.2
44248,1.2
44248.04,1.2
44248.08,1.2
44248.12,1.2
44248.17,1.2
44248.21,1.2
44248.25,1.2
44248.29,1.2
44248.33,1.2
44248.38,1.2
44248.42,1.2
44248.46,1.2
44248.5,1.2
44248.54,1.2
44248.58,1.2
44248.62,1.2
44248.67,1.2
44248.71,1.2
44248.75,1.2
44248.79,1.2
44248.83,1.2
44248.88,1.2
44248.92,1.2
44248.96,1.2
44249,1.2
44249.04,1.2
44249.08,1.2
44249.12,1.2
44249.17,1.2
44249.21,1.2
44249.25,1.2
44249.29,1.2
44249.33,1.2
44249.38,1.2
44249.42,1.2
44249.46,1.2
44249.5,1.2
44249.54,1.2
44249.58,1.2
44249.62,1.2
44249.67,1.2
44249.71,1.2
44249.75,1.2
44249.79,1.2
44249.83,1.2
44249.88,1.2
44249.92,1.2
44249.96,1.2
44250,1.2
44250.04,1.2
44250.08,1.2
44250.12,1.2
44250.17,1.2
44250.21,1.2
44250.25,1.2
44250.29,1.2
44250.33,1.2
44250.38,1.2
44250.42,1.2
44250.46,1.2
44250.5,1.2
44250.54,1.2
44250.58,1.2
44250.62,1.2
44250.67,1.2
44250.71,1.2
44250.75,1.2
44250.79,1.2
44250.83,1.2
44250.88,1.2
44250.92,1.2
44250.96,1.2
44251,1.2
44251.04,1.2
44251.08,1.2
44251.12,1.2
44251.17,1.2
44251.21,1.2
44251.25,1.2
44251.29,1.2
44251.33,1.2
44251.38,1.2
44251.42,1.2
44251.46,1.2
44251.5,1.2
44251.54,1.2
44251.58,1.2
44251.62,1.2
44251.67,1.2
44251.71,1.2
44251.75,1.2
44251.79,1.2
44251.83,1.2
44251.88,1.2
44251.92,1.2
44251.96,1.2
44252,1.2
44252.04,1.2
44252.08,1.2
44252.12,1.2
44252.17,1.2
44252.21,1.2
44252.25,1.2
44252.29,1.2
44252.33,1.2
44252.38,1.2
44252.42,1.2
44252.46,1.2
44252.5,1.2
44252.54,1.2
44252.58,1.2
44252.62,1.2
44252.67,1.2
44252.71,1.2
44252.75,1.2
44252.79,1.2
44252.83,1.2
44252.88,1.2
44252.92,1.2
44252.96,1.2
44253,1.2
44253.04,1.2
44253.08,1.2
44253.12,1.2
44253.17,1.2
44253.21,1.2
44253.25,1.2
44253.29,1.2
44253.33,1.2
44253.38,1.2
44253.42,1.2
44253.46,1.2
44253.5,1.2
44253.54,1.2
44253.58,1.2
44253.62,1.2
44253.67,1.2
44253.71,1.2
44253.75,1.2
44253.79,1.2
44253.83,1.2
44253.88,1.2
44253.92,1.2
44253.96,1.2
44254,1.2
44254.04,1.2
44254.08,1.2
44254.12,1.2
44254.17,1.2
44254.21,1.2
44254.25,1.2
44254.29,1.2
44254.33,1.2
44254.38,1.2
44254.42,1.2
44254.46,1.2
44254.5,1.2
44254.54,1.2
44254.58,1.2
44254.62,1.2
44254.67,1.2
44254.71,1.2
44254.75,1.2
44254.79,1.2
44254.83,1.2
44254.88,1.2
44254.92,1.2
44254.96,1.2
44255,1.2
44255.04,1.2
44255.08,1.2
44255.12,1.2
44255.17,1.2
44255.21,1.2
44255.25,1.2
44255.29,1.2
44255.33,1.2
44255.38,1.2
44255.42,1.2
44255.46,1.2
44255.5,1.2
44255.54,1.2
44255.58,1.2
44255.62,1.2
44255.67,1.2
44255.71,1.2
44255.75,1.2
44255.79,1.2
44255.83,1.2
44255.88,1.2
44255.92,1.2
44255.96,1.2
44256,1.2
44256.04,1.2
44256.08,1.2
44256.12,1.2
44256.17,1.2
44256.21,1.2
44256.25,1.2
44256.29,1.2
44256.33,1.2
44256.38,1.2
44256.42,1.2
44256.46,1.2
44256.5,1.2
44256.54,1.2
44256.58,1.2
44256.62,1.2
44256.67,1.2
44256.71,1.2
44256.75,1.2
44256.79,1.2
44256.83,1.2
44256.88,1.2
44256.92,1.2
44256.96,1.2
44257,1.2
44257.04,1.2
44257.08,1.2
44257.12,1.2
44257.17,1.2
44257.21,1.2
44257.25,1.2
44257.29,1.2
44257.33,1.2
44257.38,1.2
44257.42,1.2
44257.46,1.2
44257.5,1.2
44257.54,1.2
44257.58,1.2
44257.62,1.2
44257.67,1.2
44257.71,1.2
44257.75,1.2
44257.79,1.2
44257.83,1.2
44257.88,1.2
44257.92,1.2
44257.96,1.2
44258,1.2
44258.04,1.2
44258.08,1.2
44258.12,1.2
44258.17,1.2
44258.21,1.2
44258.25,1.2
44258.29,1.2
44258.33,1.2
44258.38,1.2
44258.42,1.2
44258.46,1.2
44258.5,1.2
44258.54,1.2
44258.58,1.2
44258.62,1.2
44258.67,1.2
44258.71,1.2
44258.75,1.2
44258.79,1.2
44258.83,1.2
44258.88,1.2
44258.92,1.2
44258.96,1.2
44259,1.2
44259.04,1.2
44259.08,1.2
44259.12,1.2
44259.17,1.2
44259.21,1.2
44259.25,1.2
44259.29,1.2
44259.33,1.2
44259.38,1.2
44259.42,1.2
44259.46,1.2
44259.5,1.2
44259.54,1.2
44259.58,1.2
44259.62,1.2
44259.67,1.2
44259.71,1.2
44259.75,1.2
44259.79,1.2
44259.83,1.2
44259.88,1.2
44259.92,1.2
44259.96,1.2
44260,1.2
44260.04,1.2
44260.08,1.2
44260.12,1.2
44260.17,1.2
44260.21,1.2
44260.25,1.2
44260.29,1.2
44260.33,1.2
44260.38,1.2
44260.42,1.2
44260.46,1.2
44260.5,1.2
44260.54,1.2
44260.58,1.2
44260.62,1.2
44260.67,1.2
44260.71,1.2
44260.75,1.2
44260.79,1.2
44260.83,1.2
44260.88,1.2
44260.92,1.2
44260.96,1.2
44261,1.2
44261.04,1.2
44261.08,1.2
44261.12,1.2
44261.17,1.2
44261.21,1.2
44261.25,1.2
44261.29,1.2
44261.33,1.2
44261.38,1.2
44261.42,1.2
44261.46,1.2
44261.5,1.2
44261.54,1.2
44261.58,1.2
44261.62,1.2
44261.67,1.2
44261.71,1.2
44261.75,1.2
44261.79,1.2
44261.83,1.2
44261.88,1.2
44261.92,1.2
44261.96,1.2
44262,1.2
44262.04,1.2
44262.08,1.2
44262.12,1.2
44262.17,1.2
44262.21,1.2
44262.25,1.2
44262.29,1.2
44262.33,1.2
44262.38,1.2
44262.42,1.2
44262.46,1.2
44262.5,1.2
44262.54,1.2
44262.58,1.2
44262.62,1.2
44262.67,1.2
44262.71,1.2
44262.75,1.2
44262.79,1.2
44262.83,1.2
44262.88,1.2
44262.92,1.2
44262.96,1.2
44263,1.2
44263.04,1.2
44263.08,1.2
44263.12,1.2
44263.17,1.2
44263.21,1.2
44263.25,1.2
44263.29,1.2
44263.33,1.2
44263.38,1.2
44263.42,1.2
44263.46,1.2
44263.5,1.2
44263.54,1.2
44263.58,1.2
44263.62,1.2
44263.67,1.2
44263.71,1.2
44263.75,1.2
44263.79,1.2
44263.83,1.2
44263.88,1.2
44263.92,1.2
44263.96,1.2
44264,1.2
44264.04,1.2
44264.08,1.2
44264.12,1.2
44264.17,1.2
44264.21,1.2
44264.25,1.2
44264.29,1.2
44264.33,1.2
44264.38,1.2
44264.42,1.2
44264.46,1.2
44264.5,1.2
44264.54,1.2
44264.58,1.2
44264.62,1.2
44264.67,1.2
44264.71,1.2
44264.75,1.2
44264.79,1.2
44264.83,1.2
44264.88,1.2
44264.92,1.2
44264.96,1.2
44265,1.2
44265.04,1.2
44265.08,1.2
44265.12,1.2
44265.17,1.2
44265.21,1.2
44265.25,1.2
44265.29,1.2
44265.33,1.2
44265.38,1.2
44265.42,1.2
44265.46,1.2
44265.5,1.2
44265.54,1.2
44265.58,1.2
44265.62,1.2
44265.67,1.2
44265.71,1.2
44265.75,1.2
44265.79,1.2
44265.83,1.2
44265.88,1.2
44265.92,1.2
44265.96,1.2
44266,1.2
44266.04,1.2
44266.08,1.2
44266.12,1.2
44266.17,1.2
44266.21,1.2
44266.25,1.2
44266.29,1.2
44266.33,1.2
44266.38,1.2
44266.42,1.2
44266.46,1.2
44266.5,1.2
44266.54,1.2
44266.58,1.2
44266.62,1.2
44266.67,1.2
44266.71,1.2
44266.75,1.2
44266.79,1.2
44266.83,1.2
44266.88,1.2
44266.92,1.2
44266.96,1.2
44267,1.2
44267.04,1.2
44267.08,1.2
44267.12,1.2
44267.17,1.2
44267.21,1.2
44267.25,1.2
44267.29,1.2
44267.33,1.2
44267.38,1.2
44267.42,1.2
44267.46,1.2
44267.5,1.2
44267.54,1.2
44267.58,1.2
44267.62,1.2
44267.67,1.2
44267.71,1.2
44267.75,1.2
44267.79,1.2
44267.83,1.2
44267.88,1.2
44267.92,1.2
44267.96,1.2
44268,1.2
44268.04,1.2
44268.08,1.2
44268.12,1.2
44268.17,1.2
44268.21,1.2
44268.25,1.2
44268.29,1.2
44268.33,1.2
44268.38,1.2
44268.42,1.2
44268.46,1.2
44268.5,1.2
44268.54,1.2
44268.58,1.2
44268.62,1.2
44268.67,1.2
44268.71,1.2
44268.75,1.2
44268.79,1.2
44268.83,1.2
44268.88,1.2
44268.92,1.2
44268.96,1.2
44269,1.2
44269.04,1.2
44269.08,1.2
44269.12,1.2
44269.17,1.2
44269.21,1.2
44269.25,1.2
44269.29,1.2
44269.33,1.2
44269.38,1.2
44269.42,1.2
44269.46,1.2
44269.5,1.2
44269.54,1.2
44269.58,1.2
44269.62,1.2
44269.67,1.2
44269.71,1.2
44269.75,1.2
44269.79,1.2
44269.83,1.2
44269.88,1.2
44269.92,1.2
44269.96,1.2
44270,1.2
44270.04,1.2
44270.08,1.2
44270.12,1.2
44270.17,1.2
44270.21,1.2
44270.25,1.2
44270.29,1.2
44270.33,1.2
44270.38,1.2
44270.42,1.2
44270.46,1.2
44270.5,1.2
44270.54,1.2
44270.58,1.2
44270.62,1.2
44270.67,1.2
44270.71,1.2
44270.75,1.2
44270.79,1.2
44270.83,1.2
44270.88,1.2
44270.92,1.2
44270.96,1.2
44271,1.2
44271.04,1.2
44271.08,1.2
44271.12,1.2
44271.17,1.2
44271.21,1.2
44271.25,1.2
44271.29,1.2
44271.33,1.2
44271.38,1.2
44271.42,1.2
44271.46,1.2
44271.5,1.2
44271.54,1.2
44271.58,1.2
44271.62,1.2
44271.67,1.2
44271.71,1.2
44271.75,1.2
44271.79,1.2
44271.83,1.2
44271.88,1.2
44271.92,1.2
44271.96,1.2
44272,1.2
44272.04,1.2
44272.08,1.2
44272.12,1.2
44272.17,1.2
44272.21,1.2
44272.25,1.2
44272.29,1.2
44272.33,1.2
44272.38,1.2
44272.42,1.2
44272.46,1.2
44272.5,1.2
44272.54,1.2
44272.58,1.2
44272.62,1.2
44272.67,1.2
44272.71,1.2
44272.75,1.2
44272.79,1.2
44272.83,1.2
44272.88,1.2
44272.92,1.2
44272.96,1.2
44273,1.2
44273.04,1.2
44273.08,1.2
44273.12,1.2
44273.17,1.2
44273.21,1.2
44273.25,1.2
44273.29,1.2
44273.33,1.2
44273.38,1.2
44273.42,1.2
44273.46,1.2
44273.5,1.2
44273.54,1.2
44273.58,1.2
44273.62,1.2
44273.67,1.2
44273.71,1.2
44273.75,1.2
44273.79,1.2
44273.83,1.2
44273.88,1.2
44273.92,1.2
44273.96,1.2
44274,1.2
44274.04,1.2
44274.08,1.2
44274.12,1.2
44274.17,1.2
44274.21,1.2
44274.25,1.2
44274.29,1.2
44274.33,1.2
44274.38,1.2
44274.42,1.2
44274.46,1.2
44274.5,1.2
44274.54,1.2
44274.58,1.2
44274.62,1.2
44274.67,1.2
44274.71,1.2
44274.75,1.2
44274.79,1.2
44274.83,1.2
44274.88,1.2
44274.92,1.2
44274.96,1.2
44275,1.2
44275.04,1.2
44275.08,1.2
44275.12,1.2
44275.17,1.2
44275.21,1.2
44275.25,1.2
44275.29,1.2
44275.33,1.2
44275.38,1.2
44275.42,1.2
44275.46,1.2
44275.5,1.2
44275.54,1.2
44275.58,1.2
44275.62,1.2
44275.67,1.2
44275.71,1.2
44275.75,1.2
44275.79,1.2
44275.83,1.2
44275.88,1.2
44275.92,1.2
44275.96,1.2
44276,1.2
44276.04,1.2
44276.08,1.2
44276.12,1.2
44276.17,1.2
44276.21,1.2
44276.25,1.2
44276.29,1.2
44276.33,1.2
44276.38,1.2
44276.42,1.2
44276.46,1.2
44276.5,1.2
44276.54,1.2
44276.58,1.2
44276.62,1.2
44276.67,1.2
44276.71,1.2
44276.75,1.2
44276.79,1.2
44276.83,1.2
44276.88,1.2
44276.92,1.2
44276.96,1.2
44277,1.2
44277.04,1.2
44277.08,1.2
44277.12,1.2
44277.17,1.2
44277.21,1.2
44277.25,1.2
44277.29,1.2
44277.33,1.2
44277.38,1.2
44277.42,1.2
44277.46,1.2
44277.5,1.2
44277.54,1.2
44277.58,1.2
44277.62,1.2
44277.67,1.2
44277.71,1.2
44277.75,1.2
44277.79,1.2
44277.83,1.2
44277.88,1.2
44277.92,1.2
44277.96,1.2
44278,1.2
44278.04,1.2
44278.08,1.2
44278.12,1.2
44278.17,1.2
44278.21,1.2
44278.25,1.2
44278.29,1.2
44278.33,1.2
44278.38,1.2
44278.42,1.2
44278.46,1.2
44278.5,1.2
44278.54,1.2
44278.58,1.2
44278.62,1.2
44278.67,1.2
44278.71,1.2
44278.75,1.2
44278.79,1.2
44278.83,1.2
44278.88,1.2
44278.92,1.2
44278.96,1.2
44279,1.2
44279.04,1.2
44279.08,1.2
44279.12,1.2
44279.17,1.2
44279.21,1.2
44279.25,1.2
44279.29,1.2
44279.33,1.2
44279.38,1.2
44279.42,1.2
44279.46,1.2
44279.5,1.2
44279.54,1.2
44279.58,1.2
44279.62,1.2
44279.67,1.2
44279.71,1.2
44279.75,1.2
44279.79,1.2
44279.83,1.2
44279.88,1.2
44279.92,1.2
44279.96,1.2
44280,1.2
44280.04,1.2
44280.08,1.2
44280.12,1.2
44280.17,1.2
44280.21,1.2
44280.25,1.2
44280.29,1.2
44280.33,1.2
44280.38,1.2
44280.42,1.2
44280.46,1.2
44280.5,1.2
44280.54,1.2
44280.58,1.2
44280.62,1.2
44280.67,1.2
44280.71,1.2
44280.75,1.2
44280.79,1.2
44280.83,1.2
44280.88,1.2
44280.92,1.2
44280.96,1.2
44281,1.2
44281.04,1.2
44281.08,1.2
44281.12,1.2
44281.17,1.2
44281.21,1.2
44281.25,1.2
44281.29,1.2
44281.33,1.2
44281.38,1.2
44281.42,1.2
44281.46,1.2
44281.5,1.2
44281.54,1.2
44281.58,1.2
44281.62,1.2
44281.67,1.2
44281.71,1.2
44281.75,1.2
44281.79,1.2
44281.83,1.2
44281.88,1.2
44281.92,1.2
44281.96,1.2
44282,1.2
44282.04,1.2
44282.08,1.2
44282.12,1.2
44282.17,1.2
44282.21,1.2
44282.25,1.2
44282.29,1.2
44282.33,1.2
44282.38,1.2
44282.42,1.2
44282.46,1.2
44282.5,1.2
44282.54,1.2
44282.58,1.2
44282.62,1.2
44282.67,1.2
44282.71,1.2
44282.75,1.2
44282.79,1.2
44282.83,1.2
44282.88,1.2
44282.92,1.2
44282.96,1.2
44283,1.2
44283.04,1.2
44283.08,1.2
44283.12,1.2
44283.17,1.2
44283.21,1.2
44283.25,1.2
44283.29,1.2
44283.33,1.2
44283.38,1.2
44283.42,1.2
44283.46,1.2
44283.5,1.2
44283.54,1.2
44283.58,1.2
44283.62,1.2
44283.67,1.2
44283.71,1.2
44283.75,1.2
44283.79,1.2
44283.83,1.2
44283.88,1.2
44283.92,1.2
44283.96,1.2
44284,1.2
44284.04,1.2
44284.08,1.2
44284.12,1.2
44284.17,1.2
44284.21,1.2
44284.25,1.2
44284.29,1.2
44284.33,1.2
44284.38,1.2
44284.42,1.2
44284.46,1.2
44284.5,1.2
44284.54,1.2
44284.58,1.2
44284.62,1.2
44284.67,1.2
44284.71,1.2
44284.75,1.2
44284.79,1.2
44284.83,1.2
44284.88,1.2
44284.92,1.2
44284.96,1.2
44285,1.2
44285.04,1.2
44285.08,1.2
44285.12,1.2
44285.17,1.2
44285.21,1.2
44285.25,1.2
44285.29,1.2
44285.33,1.2
44285.38,1.2
44285.42,1.2
44285.46,1.2
44285.5,1.2
44285.54,1.2
44285.58,1.2
44285.62,1.2
44285.67,1.2
44285.71,1.2
44285.75,1.2
44285.79,1.2
44285.83,1.2
44285.88,1.2
44285.92,1.2
44285.96,1.2
44286,1.2
44286.04,1.2
44286.08,1.2
44286.12,1.2
44286.17,1.2
44286.21,1.2
44286.25,1.2
44286.29,1.2
44286.33,1.2
44286.38,1.2
44286.42,1.2
44286.46,1.2
44286.5,1.2
44286.54,1.2
44286.58,1.2
44286.62,1.2
44286.67,1.2
44286.71,1.2
44286.75,1.2
44286.79,1.2
44286.83,1.2
44286.88,1.2
44286.92,1.2
44286.96,1.2
44287,1.2
44287.04,1.2
44287.08,1.2
44287.12,1.2
44287.17,1.2
44287.21,1.2
44287.25,1.2
44287.29,1.2
44287.33,1.2
44287.38,1.2
44287.42,1.2
44287.46,1.2
44287.5,1.2
44287.54,1.2
44287.58,1.2
44287.62,1.2
44287.67,1.2
44287.71,1.2
44287.75,1.2
44287.79,1.2
44287.83,1.2
44287.88,1.2
44287.92,1.2
44287.96,1.2
44288,1.2
44288.04,1.2
44288.08,1.2
44288.12,1.2
44288.17,1.2
44288.21,1.2
44288.25,1.2
44288.29,1.2
44288.33,1.2
44288.38,1.2
44288.42,1.2
44288.46,1.2
44288.5,1.2
44288.54,1.2
44288.58,1.2
44288.62,1.2
44288.67,1.2
44288.71,1.2
44288.75,1.2
44288.79,1.2
44288.83,1.2
44288.88,1.2
44288.92,1.2
44288.96,1.2
44289,1.2
44289.04,1.2
44289.08,1.2
44289.12,1.2
44289.17,1.2
44289.21,1.2
44289.25,1.2
44289.29,1.2
44289.33,1.2
44289.38,1.2
44289.42,1.2
44289.46,1.2
44289.5,1.2
44289.54,1.2
44289.58,1.2
44289.62,1.2
44289.67,1.2
44289.71,1.2
44289.75,1.2
44289.79,1.2
44289.83,1.2
44289.88,1.2
44289.92,1.2
44289.96,1.2
44290,1.2
44290.04,1.2
44290.08,1.2
44290.12,1.2
44290.17,1.2
44290.21,1.2
44290.25,1.2
44290.29,1.2
44290.33,1.2
44290.38,1.2
44290.42,1.2
44290.46,1.2
44290.5,1.2
44290.54,1.2
44290.58,1.2
44290.62,1.2
44290.67,1.2
44290.71,1.2
44290.75,1.2
44290.79,1.2
44290.83,1.2
44290.88,1.2
44290.92,1.2
44290.96,1.2
44291,1.2
44291.04,1.2
44291.08,1.2
44291.12,1.2
44291.17,1.2
44291.21,1.2
44291.25,1.2
44291.29,1.2
44291.33,1.2
44291.38,1.2
44291.42,1.2
44291.46,1.2
44291.5,1.2
44291.54,1.2
44291.58,1.2
44291.62,1.2
44291.67,1.2
44291.71,1.2
44291.75,1.2
44291.79,1.2
44291.83,1.2
44291.88,1.2
44291.92,1.2
44291.96,1.2
44292,1.2
44292.04,1.2
44292.08,1.2
44292.12,1.2
44292.17,1.2
44292.21,1.2
44292.25,1.2
44292.29,1.2
44292.33,1.2
44292.38,1.2
44292.42,1.2
44292.46,1.2
44292.5,1.2
44292.54,1.2
44292.58,1.2
44292.62,1.2
44292.67,1.2
44292.71,1.2
44292.75,1.2
44292.79,1.2
44292.83,1.2
44292.88,1.2
44292.92,1.2
44292.96,1.2
44293,1.2
44293.04,1.2
44293.08,1.2
44293.12,1.2
44293.17,1.2
44293.21,1.2
44293.25,1.2
44293.29,1.2
44293.33,1.2
44293.38,1.2
44293.42,1.2
44293.46,1.2
44293.5,1.2
44293.54,1.2
44293.58,1.2
44293.62,1.2
44293.67,1.2
44293.71,1.2
44293.75,1.2
44293.79,1.2
44293.83,1.2
44293.88,1.2
44293.92,1.2
44293.96,1.2
44294,1.2
44294.04,1.2
44294.08,1.2
44294.12,1.2
44294.17,1.2
44294.21,1.2
44294.25,1.2
44294.29,1.2
44294.33,1.2
44294.38,1.2
44294.42,1.2
44294.46,1.2
44294.5,1.2
44294.54,1.2
44294.58,1.2
44294.62,1.2
44294.67,1.2
44294.71,1.2
44294.75,1.2
44294.79,1.2
44294.83,1.2
44294.88,1.2
44294.92,1.2
44294.96,1.2
44295,1.2
44295.04,1.2
44295.08,1.2
44295.12,1.2
44295.17,1.2
44295.21,1.2
44295.25,1.2
44295.29,1.2
44295.33,1.2
44295.38,1.2
44295.42,1.2
44295.46,1.2
44295.5,1.2
44295.54,1.2
44295.58,1.2
44295.62,1.2
44295.67,1.2
44295.71,1.2
44295.75,1.2
44295.79,1.2
44295.83,1.2
44295.88,1.2
44295.92,1.2
44295.96,1.2
44296,1.2
44296.04,1.2
44296.08,1.2
44296.12,1.2
44296.17,1.2
44296.21,1.2
44296.25,1.2
44296.29,1.2
44296.33,1.2
44296.38,1.2
44296.42,1.2
44296.46,1.2
44296.5,1.2
44296.54,1.2
44296.58,1.2
44296.62,1.2
44296.67,1.2
44296.71,1.2
44296.75,1.2
44296.79,1.2
44296.83,1.2
44296.88,1.2
44296.92,1.2
44296.96,1.2
44297,1.2
44297.04,1.2
44297.08,1.2
44297.12,1.2
44297.17,1.2
44297.21,1.2
44297.25,1.2
44297.29,1.2
44297.33,1.2
44297.38,1.2
44297.42,1.2
44297.46,1.2
44297.5,1.2
44297.54,1.2
44297.58,1.2
44297.62,1.2
44297.67,1.2
44297.71,1.2
44297.75,1.2
44297.79,1.2
44297.83,1.2
44297.88,1.2
44297.92,1.2
44297.96,1.2
44298,1.2
44298.04,1.2
44298.08,1.2
44298.12,1.2
44298.17,1.2
44298.21,1.2
44298.25,1.2
44298.29,1.2
44298.33,1.2
44298.38,1.2
44298.42,1.2
44298.46,1.2
44298.5,1.2
44298.54,1.2
44298.58,1.2
44298.62,1.2
44298.67,1.2
44298.71,1.2
44298.75,1.2
44298.79,1.2
44298.83,1.2
44298.88,1.2
44298.92,1.2
44298.96,1.2
44299,1.2
44299.04,1.2
44299.08,1.2
44299.12,1.2
44299.17,1.2
44299.21,1.2
44299.25,1.2
44299.29,1.2
44299.33,1.2
44299.38,1.2
44299.42,1.2
44299.46,1.2
44299.5,1.2
44299.54,1.2
44299.58,1.2
44299.62,1.2
44299.67,1.2
44299.71,1.2
44299.75,1.2
44299.79,1.2
44299.83,1.2
44299.88,1.2
44299.92,1.2
44299.96,1.2
44300,1.2
44300.04,1.2
44300.08,1.2
44300.12,1.2
44300.17,1.2
44300.21,1.2
44300.25,1.2
44300.29,1.2
44300.33,1.2
44300.38,1.2
44300.42,1.2
44300.46,1.2
44300.5,1.2
44300.54,1.2
44300.58,1.2
44300.62,1.2
44300.67,1.2
44300.71,1.2
44300.75,1.2
44300.79,1.2
44300.83,1.2
44300.88,1.2
44300.92,1.2
44300.96,1.2
44301,1.2
44301.04,1.2
44301.08,1.2
44301.12,1.2
44301.17,1.2
44301.21,1.2
44301.25,1.2
44301.29,1.2
44301.33,1.2
44301.38,1.2
44301.42,1.2
44301.46,1.2
44301.5,1.2
44301.54,1.2
44301.58,1.2
44301.62,1.2
44301.67,1.2
44301.71,1.2
44301.75,1.2
44301.79,1.2
44301.83,1.2
44301.88,1.2
44301.92,1.2
44301.96,1.2
44302,1.2
44302.04,1.2
44302.08,1.2
44302.12,1.2
44302.17,1.2
44302.21,1.2
44302.25,1.2
44302.29,1.2
44302.33,1.2
44302.38,1.2
44302.42,1.2
44302.46,1.2
44302.5,1.2
44302.54,1.2
44302.58,1.2
44302.62,1.2
44302.67,1.2
44302.71,1.2
44302.75,1.2
44302.79,1.2
44302.83,1.2
44302.88,1.2
44302.92,1.2
44302.96,1.2
44303,1.2
44303.04,1.2
44303.08,1.2
44303.12,1.2
44303.17,1.2
44303.21,1.2
44303.25,1.2
44303.29,1.2
44303.33,1.2
44303.38,1.2
44303.42,1.2
44303.46,1.2
44303.5,1.2
44303.54,1.2
44303.58,1.2
44303.62,1.2
44303.67,1.2
44303.71,1.2
44303.75,1.2
44303.79,1.2
44303.83,1.2
44303.88,1.2
44303.92,1.2
44303.96,1.2
44304,1.2
44304.04,1.2
44304.08,1.2
44304.12,1.2
44304.17,1.2
44304.21,1.2
44304.25,1.2
44304.29,1.2
44304.33,1.2
44304.38,1.2
44304.42,1.2
44304.46,1.2
44304.5,1.2
44304.54,1.2
44304.58,1.2
44304.62,1.2
44304.67,1.2
44304.71,1.2
44304.75,1.2
44304.79,1.2
44304.83,1.2
44304.88,1.2
44304.92,1.2
44304.96,1.2
44305,1.2
44305.04,1.2
44305.08,1.2
44305.12,1.2
44305.17,1.2
44305.21,1.2
44305.25,1.2
44305.29,1.2
44305.33,1.2
44305.38,1.2
44305.42,1.2
44305.46,1.2
44305.5,1.2
44305.54,1.2
44305.58,1.2
44305.62,1.2
44305.67,1.2
44305.71,1.2
44305.75,1.2
44305.79,1.2
44305.83,1.2
44305.88,1.2
44305.92,1.2
44305.96,1.2
44306,1.2
44306.04,1.2
44306.08,1.2
44306.12,1.2
44306.17,1.2
44306.21,1.2
44306.25,1.2
44306.29,1.2
44306.33,1.2
44306.38,1.2
44306.42,1.2
44306.46,1.2
44306.5,1.2
44306.54,1.2
44306.58,1.2
44306.62,1.2
44306.67,1.2
44306.71,1.2
44306.75,1.2
44306.79,1.2
44306.83,1.2
44306.88,1.2
44306.92,1.2
44306.96,1.2
44307,1.2
44307.04,1.2
44307.08,1.2
44307.12,1.2
44307.17,1.2
44307.21,1.2
44307.25,1.2
44307.29,1.2
44307.33,1.2
44307.38,1.2
44307.42,1.2
44307.46,1.2
44307.5,1.2
44307.54,1.2
44307.58,1.2
44307.62,1.2
44307.67,1.2
44307.71,1.2
44307.75,1.2
44307.79,1.2
44307.83,1.2
44307.88,1.2
44307.92,1.2
44307.96,1.2
44308,1.2
44308.04,1.2
44308.08,1.2
44308.12,1.2
44308.17,1.2
44308.21,1.2
44308.25,1.2
44308.29,1.2
44308.33,1.2
44308.38,1.2
44308.42,1.2
44308.46,1.2
44308.5,1.2
44308.54,1.2
44308.58,1.2
44308.62,1.2
44308.67,1.2
44308.71,1.2
44308.75,1.2
44308.79,1.2
44308.83,1.2
44308.88,1.2
44308.92,1.2
44308.96,1.2
44309,1.2
44309.04,1.2
44309.08,1.2
44309.12,1.2
44309.17,1.2
44309.21,1.2
44309.25,1.2
44309.29,1.2
44309.33,1.2
44309.38,1.2
44309.42,1.2
44309.46,1.2
44309.5,1.2
44309.54,1.2
44309.58,1.2
44309.62,1.2
44309.67,1.2
44309.71,1.2
44309.75,1.2
44309.79,1.2
44309.83,1.2
44309.88,1.2
44309.92,1.2
44309.96,1.2
44310,1.2
44310.04,1.2
44310.08,1.2
44310.12,1.2
44310.17,1.2
44310.21,1.2
44310.25,1.2
44310.29,1.2
44310.33,1.2
44310.38,1.2
44310.42,1.2
44310.46,1.2
44310.5,1.2
44310.54,1.2
44310.58,1.2
44310.62,1.2
44310.67,1.2
44310.71,1.2
44310.75,1.2
44310.79,1.2
44310.83,1.2
44310.88,1.2
44310.92,1.2
44310.96,1.2
44311,1.2
44311.04,1.2
44311.08,1.2
44311.12,1.2
44311.17,1.2
44311.21,1.2
44311.25,1.2
44311.29,1.2
44311.33,1.2
44311.38,1.2
44311.42,1.2
44311.46,1.2
44311.5,1.2
44311.54,1.2
44311.58,1.2
44311.62,1.2
44311.67,1.2
44311.71,1.2
44311.75,1.2
44311.79,1.2
44311.83,1.2
44311.88,1.2
44311.92,1.2
44311.96,1.2
44312,1.2
44312.04,1.2
44312.08,1.2
44312.12,1.2
44312.17,1.2
44312.21,1.2
44312.25,1.2
44312.29,1.2
44312.33,1.2
44312.38,1.2
44312.42,1.2
44312.46,1.2
44312.5,1.2
44312.54,1.2
44312.58,1.2
44312.62,1.2
44312.67,1.2
44312.71,1.2
44312.75,1.2
44312.79,1.2
44312.83,1.2
44312.88,1.2
44312.92,1.2
44312.96,1.2
44313,1.2
44313.04,1.2
44313.08,1.2
44313.12,1.2
44313.17,1.2
44313.21,1.2
44313.25,1.2
44313.29,1.2
44313.33,1.2
44313.38,1.2
44313.42,1.2
44313.46,1.2
44313.5,1.2
44313.54,1.2
44313.58,1.2
44313.62,1.2
44313.67,1.2
44313.71,1.2
44313.75,1.2
44313.79,1.2
44313.83,1.2
44313.88,1.2
44313.92,1.2
44313.96,1.2
44314,1.2
44314.04,1.2
44314.08,1.2
44314.12,1.2
44314.17,1.2
44314.21,1.2
44314.25,1.2
44314.29,1.2
44314.33,1.2
44314.38,1.2
44314.42,1.2
44314.46,1.2
44314.5,1.2
44314.54,1.2
44314.58,1.2
44314.62,1.2
44314.67,1.2
44314.71,1.2
44314.75,1.2
44314.79,1.2
44314.83,1.2
44314.88,1.2
44314.92,1.2
44314.96,1.2
44315,1.2
44315.04,1.2
44315.08,1.2
44315.12,1.2
44315.17,1.2
44315.21,1.2
44315.25,1.2
44315.29,1.2
44315.33,1.2
44315.38,1.2
44315.42,1.2
44315.46,1.2
44315.5,1.2
44315.54,1.2
44315.58,1.2
44315.62,1.2
44315.67,1.2
44315.71,1.2
44315.75,1.2
44315.79,1.2
44315.83,1.2
44315.88,1.2
44315.92,1.2
44315.96,1.2
44316,1.2
44316.04,1.2
44316.08,1.2
44316.12,1.2
44316.17,1.2
44316.21,1.2
44316.25,1.2
44316.29,1.2
44316.33,1.2
44316.38,1.2
44316.42,1.2
44316.46,1.2
44316.5,1.2
44316.54,1.2
44316.58,1.2
44316.62,1.2
44316.67,1.2
44316.71,1.2
44316.75,1.2
44316.79,1.2
44316.83,1.2
44316.88,1.2
44316.92,1.2
44316.96,1.2
44317,1.2
44317.04,1.2
44317.08,1.2
44317.12,1.2
44317.17,1.2
44317.21,1.2
44317.25,1.2
44317.29,1.2
44317.33,1.2
44317.38,1.2
44317.42,1.2
44317.46,1.2
44317.5,1.2
44317.54,1.2
44317.58,1.2
44317.62,1.2
44317.67,1.2
44317.71,1.2
44317.75,1.2
44317.79,1.2
44317.83,1.2
44317.88,1.2
44317.92,1.2
44317.96,1.2
44318,1.2
44318.04,1.2
44318.08,1.2
44318.12,1.2
44318.17,1.2
44318.21,1.2
44318.25,1.2
44318.29,1.2
44318.33,1.2
44318.38,1.2
44318.42,1.2
44318.46,1.2
44318.5,1.2
44318.54,1.2
44318.58,1.2
44318.62,1.2
44318.67,1.2
44318.71,1.2
44318.75,1.2
44318.79,1.2
44318.83,1.2
44318.88,1.2
44318.92,1.2
44318.96,1.2
44319,1.2
44319.04,1.2
44319.08,1.2
44319.12,1.2
44319.17,1.2
44319.21,1.2
44319.25,1.2
44319.29,1.2
44319.33,1.2
44319.38,1.2
44319.42,1.2
44319.46,1.2
44319.5,1.2
44319.54,1.2
44319.58,1.2
44319.62,1.2
44319.67,1.2
44319.71,1.2
44319.75,1.2
44319.79,1.2
44319.83,1.2
44319.88,1.2
44319.92,1.2
44319.96,1.2
44320,1.2
44320.04,1.2
44320.08,1.2
44320.12,1.2
44320.17,1.2
44320.21,1.2
44320.25,1.2
44320.29,1.2
44320.33,1.2
44320.38,1.2
44320.42,1.2
44320.46,1.2
44320.5,1.2
44320.54,1.2
44320.58,1.2
44320.62,1.2
44320.67,1.2
44320.71,1.2
44320.75,1.2
44320.79,1.2
44320.83,1.2
44320.88,1.2
44320.92,1.2
44320.96,1.2
44321,1.2
44321.04,1.2
44321.08,1.2
44321.12,1.2
44321.17,1.2
44321.21,1.2
44321.25,1.2
44321.29,1.2
44321.33,1.2
44321.38,1.2
44321.42,1.2
44321.46,1.2
44321.5,1.2
44321.54,1.2
44321.58,1.2
44321.62,1.2
44321.67,1.2
44321.71,1.2
44321.75,1.2
44321.79,1.2
44321.83,1.2
44321.88,1.2
44321.92,1.2
44321.96,1.2
44322,1.2
44322.04,1.2
44322.08,1.2
44322.12,1.2
44322.17,1.2
44322.21,1.2
44322.25,1.2
44322.29,1.2
44322.33,1.2
44322.38,1.2
44322.42,1.2
44322.46,1.2
44322.5,1.2
44322.54,1.2
44322.58,1.2
44322.62,1.2
44322.67,1.2
44322.71,1.2
44322.75,1.2
44322.79,1.2
44322.83,1.2
44322.88,1.2
44322.92,1.2
44322.96,1.2
44323,1.2
44323.04,1.2
44323.08,1.2
44323.12,1.2
44323.17,1.2
44323.21,1.2
44323.25,1.2
44323.29,1.2
44323.33,1.2
44323.38,1.2
44323.42,1.2
44323.46,1.2
44323.5,1.2
44323.54,1.2
44323.58,1.2
44323.62,1.2
44323.67,1.2
44323.71,1.2
44323.75,1.2
44323.79,1.2
44323.83,1.2
44323.88,1.2
44323.92,1.2
44323.96,1.2
44324,1.2
44324.04,1.2
44324.08,1.2
44324.12,1.2
44324.17,1.2
44324.21,1.2
44324.25,1.2
44324.29,1.2
44324.33,1.2
44324.38,1.2
44324.42,1.2
44324.46,1.2
44324.5,1.2
44324.54,1.2
44324.58,1.2
44324.62,1.2
44324.67,1.2
44324.71,1.2
44324.75,1.2
44324.79,1.2
44324.83,1.2
44324.88,1.2
44324.92,1.2
44324.96,1.2
44325,1.2
44325.04,1.2
44325.08,1.2
44325.12,1.2
44325.17,1.2
44325.21,1.2
44325.25,1.2
44325.29,1.2
44325.33,1.2
44325.38,1.2
44325.42,1.2
44325.46,1.2
44325.5,1.2
44325.54,1.2
44325.58,1.2
44325.62,1.2
44325.67,1.2
44325.71,1.2
44325.75,1.2
44325.79,1.2
44325.83,1.2
44325.88,1.2
44325.92,1.2
44325.96,1.2
44326,1.2
44326.04,1.2
44326.08,1.2
44326.12,1.2
44326.17,1.2
44326.21,1.2
44326.25,1.2
44326.29,1.2
44326.33,1.2
44326.38,1.2
44326.42,1.2
44326.46,1.2
44326.5,1.2
44326.54,1.2
44326.58,1.2
44326.62,1.2
44326.67,1.2
44326.71,1.2
44326.75,1.2
44326.79,1.2
44326.83,1.2
44326.88,1.2
44326.92,1.2
44326.96,1.2
44327,1.2
44327.04,1.2
44327.08,1.2
44327.12,1.2
44327.17,1.2
44327.21,1.2
44327.25,1.2
44327.29,1.2
44327.33,1.2
44327.38,1.2
44327.42,1.2
44327.46,1.2
44327.5,1.2
44327.54,1.2
44327.58,1.2
44327.62,1.2
44327.67,1.2
44327.71,1.2
44327.75,1.2
44327.79,1.2
44327.83,1.2
44327.88,1.2
44327.92,1.2
44327.96,1.2
44328,1.2
44328.04,1.2
44328.08,1.2
44328.12,1.2
44328.17,1.2
44328.21,1.2
44328.25,1.2
44328.29,1.2
44328.33,1.2
44328.38,1.2
44328.42,1.2
44328.46,1.2
44328.5,1.2
44328.54,1.2
44328.58,1.2
44328.62,1.2
44328.67,1.2
44328.71,1.2
44328.75,1.2
44328.79,1.2
44328.83,1.2
44328.88,1.2
44328.92,1.2
44328.96,1.2
44329,1.2
44329.04,1.2
44329.08,1.2
44329.12,1.2
44329.17,1.2
44329.21,1.2
44329.25,1.2
44329.29,1.2
44329.33,1.2
44329.38,1.2
44329.42,1.2
44329.46,1.2
44329.5,1.2
44329.54,1.2
44329.58,1.2
44329.62,1.2
44329.67,1.2
44329.71,1.2
44329.75,1.2
44329.79,1.2
44329.83,1.2
44329.88,1.2
44329.92,1.2
44329.96,1.2
44330,1.2
44330.04,1.2
44330.08,1.2
44330.12,1.2
44330.17,1.2
44330.21,1.2
44330.25,1.2
44330.29,1.2
44330.33,1.2
44330.38,1.2
44330.42,1.2
44330.46,1.2
44330.5,1.2
44330.54,1.2
44330.58,1.2
44330.62,1.2
44330.67,1.2
44330.71,1.2
44330.75,1.2
44330.79,1.2
44330.83,1.2
44330.88,1.2
44330.92,1.2
44330.96,1.2
44331,1.2
44331.04,1.2
44331.08,1.2
44331.12,1.2
44331.17,1.2
44331.21,1.2
44331.25,1.2
44331.29,1.2
44331.33,1.2
44331.38,1.2
44331.42,1.2
44331.46,1.2
44331.5,1.2
44331.54,1.2
44331.58,1.2
44331.62,1.2
44331.67,1.2
44331.71,1.2
44331.75,1.2
44331.79,1.2
44331.83,1.2
44331.88,1.2
44331.92,1.2
44331.96,1.2
44332,1.2
44332.04,1.2
44332.08,1.2
44332.12,1.2
44332.17,1.2
44332.21,1.2
44332.25,1.2
44332.29,1.2
44332.33,1.2
44332.38,1.2
44332.42,1.2
44332.46,1.2
44332.5,1.2
44332.54,1.2
44332.58,1.2
44332.62,1.2
44332.67,1.2
44332.71,1.2
44332.75,1.2
44332.79,1.2
44332.83,1.2
44332.88,1.2
44332.92,1.2
44332.96,1.2
44333,1.2
44333.04,1.2
44333.08,1.2
44333.12,1.2
44333.17,1.2
44333.21,1.2
44333.25,1.2
44333.29,1.2
44333.33,1.2
44333.38,1.2
44333.42,1.2
44333.46,1.2
44333.5,1.2
44333.54,1.2
44333.58,1.2
44333.62,1.2
44333.67,1.2
44333.71,1.2
44333.75,1.2
44333.79,1.2
44333.83,1.2
44333.88,1.2
44333.92,1.2
44333.96,1.2
44334,1.2
44334.04,1.2
44334.08,1.2
44334.12,1.2
44334.17,1.2
44334.21,1.2
44334.25,1.2
44334.29,1.2
44334.33,1.2
44334.38,1.2
44334.42,1.2
44334.46,1.2
44334.5,1.2
44334.54,1.2
44334.58,1.2
44334.62,1.2
44334.67,1.2
44334.71,1.2
44334.75,1.2
44334.79,1.2
44334.83,1.2
44334.88,1.2
44334.92,1.2
44334.96,1.2
44335,1.2
44335.04,1.2
44335.08,1.2
44335.12,1.2
44335.17,1.2
44335.21,1.2
44335.25,1.2
44335.29,1.2
44335.33,1.2
44335.38,1.2
44335.42,1.2
44335.46,1.2
44335.5,1.2
44335.54,1.2
44335.58,1.2
44335.62,1.2
44335.67,1.2
44335.71,1.2
44335.75,1.2
44335.79,1.2
44335.83,1.2
44335.88,1.2
44335.92,1.2
44335.96,1.2
44336,1.2
44336.04,1.2
44336.08,1.2
44336.12,1.2
44336.17,1.2
44336.21,1.2
44336.25,1.2
44336.29,1.2
44336.33,1.2
44336.38,1.2
44336.42,1.2
44336.46,1.2
44336.5,1.2
44336.54,1.2
44336.58,1.2
44336.62,1.2
44336.67,1.2
44336.71,1.2
44336.75,1.2
44336.79,1.2
44336.83,1.2
44336.88,1.2
44336.92,1.2
44336.96,1.2
44337,1.2
44337.04,1.2
44337.08,1.2
44337.12,1.2
44337.17,1.2
44337.21,1.2
44337.25,1.2
44337.29,1.2
44337.33,1.2
44337.38,1.2
44337.42,1.2
44337.46,1.2
44337.5,1.2
44337.54,1.2
44337.58,1.2
44337.62,1.2
44337.67,1.2
44337.71,1.2
44337.75,1.2
44337.79,1.2
44337.83,1.2
44337.88,1.2
44337.92,1.2
44337.96,1.2
44338,1.2
44338.04,1.2
44338.08,1.2
44338.12,1.2
44338.17,1.2
44338.21,1.2
44338.25,1.2
44338.29,1.2
44338.33,1.2
44338.38,1.2
44338.42,1.2
44338.46,1.2
44338.5,1.2
44338.54,1.2
44338.58,1.2
44338.62,1.2
44338.67,1.2
44338.71,1.2
44338.75,1.2
44338.79,1.2
44338.83,1.2
44338.88,1.2
44338.92,1.2
44338.96,1.2
44339,1.2
44339.04,1.2
44339.08,1.2
44339.12,1.2
44339.17,1.2
44339.21,1.2
44339.25,1.2
44339.29,1.2
44339.33,1.2
44339.38,1.2
44339.42,1.2
44339.46,1.2
44339.5,1.2
44339.54,1.2
44339.58,1.2
44339.62,1.2
44339.67,1.2
44339.71,1.2
44339.75,1.2
44339.79,1.2
44339.83,1.2
44339.88,1.2
44339.92,1.2
44339.96,1.2
44340,1.2
44340.04,1.2
44340.08,1.2
44340.12,1.2
44340.17,1.2
44340.21,1.2
44340.25,1.2
44340.29,1.2
44340.33,1.2
44340.38,1.2
44340.42,1.2
44340.46,1.2
44340.5,1.2
44340.54,1.2
44340.58,1.2
44340.62,1.2
44340.67,1.2
44340.71,1.2
44340.75,1.2
44340.79,1.2
44340.83,1.2
44340.88,1.2
44340.92,1.2
44340.96,1.2
44341,1.2
44341.04,1.2
44341.08,1.2
44341.12,1.2
44341.17,1.2
44341.21,1.2
44341.25,1.2
44341.29,1.2
44341.33,1.2
44341.38,1.2
44341.42,1.2
44341.46,1.2
44341.5,1.2
44341.54,1.2
44341.58,1.2
44341.62,1.2
44341.67,1.2
44341.71,1.2
44341.75,1.2
44341.79,1.2
44341.83,1.2
44341.88,1.2
44341.92,1.2
44341.96,1.2
44342,1.2
44342.04,1.2
44342.08,1.2
44342.12,1.2
44342.17,1.2
44342.21,1.2
44342.25,1.2
44342.29,1.2
44342.33,1.2
44342.38,1.2
44342.42,1.2
44342.46,1.2
44342.5,1.2
44342.54,1.2
44342.58,1.2
44342.62,1.2
44342.67,1.2
44342.71,1.2
44342.75,1.2
44342.79,1.2
44342.83,1.2
44342.88,1.2
44342.92,1.2
44342.96,1.2
44343,1.2
44343.04,1.2
44343.08,1.2
44343.12,1.2
44343.17,1.2
44343.21,1.2
44343.25,1.2
44343.29,1.2
44343.33,1.2
44343.38,1.2
44343.42,1.2
44343.46,1.2
44343.5,1.2
44343.54,1.2
44343.58,1.2
44343.62,1.2
44343.67,1.2
44343.71,1.2
44343.75,1.2
44343.79,1.2
44343.83,1.2
44343.88,1.2
44343.92,1.2
44343.96,1.2
44344,1.2
44344.04,1.2
44344.08,1.2
44344.12,1.2
44344.17,1.2
44344.21,1.2
44344.25,1.2
44344.29,1.2
44344.33,1.2
44344.38,1.2
44344.42,1.2
44344.46,1.2
44344.5,1.2
44344.54,1.2
44344.58,1.2
44344.62,1.2
44344.67,1.2
44344.71,1.2
44344.75,1.2
44344.79,1.2
44344.83,1.2
44344.88,1.2
44344.92,1.2
44344.96,1.2
44345,1.2
44345.04,1.2
44345.08,1.2
44345.12,1.2
44345.17,1.2
44345.21,1.2
44345.25,1.2
44345.29,1.2
44345.33,1.2
44345.38,1.2
44345.42,1.2
44345.46,1.2
44345.5,1.2
44345.54,1.2
44345.58,1.2
44345.62,1.2
44345.67,1.2
44345.71,1.2
44345.75,1.2
44345.79,1.2
44345.83,1.2
44345.88,1.2
44345.92,1.2
44345.96,1.2
44346,1.2
44346.04,1.2
44346.08,1.2
44346.12,1.2
44346.17,1.2
44346.21,1.2
44346.25,1.2
44346.29,1.2
44346.33,1.2
44346.38,1.2
44346.42,1.2
44346.46,1.2
44346.5,1.2
44346.54,1.2
44346.58,1.2
44346.62,1.2
44346.67,1.2
44346.71,1.2
44346.75,1.2
44346.79,1.2
44346.83,1.2
44346.88,1.2
44346.92,1.2
44346.96,1.2
44347,1.2
44347.04,1.2
44347.08,1.2
44347.12,1.2
44347.17,1.2
44347.21,1.2
44347.25,1.2
44347.29,1.2
44347.33,1.2
44347.38,1.2
44347.42,1.2
44347.46,1.2
44347.5,1.2
44347.54,1.2
44347.58,1.2
44347.62,1.2
44347.67,1.2
44347.71,1.2
44347.75,1.2
44347.79,1.2
44347.83,1.2
44347.88,1.2
44347.92,1.2
44347.96,1.2
44348,1.2
44348.04,1.2
44348.08,1.2
44348.12,1.2
44348.17,1.2
44348.21,1.2
44348.25,1.2
44348.29,1.2
44348.33,1.2
44348.38,1.2
44348.42,1.2
44348.46,1.2
44348.5,1.2
44348.54,1.2
44348.58,1.2
44348.62,1.2
44348.67,1.2
44348.71,1.2
44348.75,1.2
44348.79,1.2
44348.83,1.2
44348.88,1.2
44348.92,1.2
44348.96,1.2
44349,1.2
44349.04,1.2
44349.08,1.2
44349.12,1.2
44349.17,1.2
44349.21,1.2
44349.25,1.2
44349.29,1.2
44349.33,1.2
44349.38,1.2
44349.42,1.2
44349.46,1.2
44349.5,1.2
44349.54,1.2
44349.58,1.2
44349.62,1.2
44349.67,1.2
44349.71,1.2
44349.75,1.2
44349.79,1.2
44349.83,1.2
44349.88,1.2
44349.92,1.2
44349.96,1.2
44350,1.2
44350.04,1.2
44350.08,1.2
44350.12,1.2
44350.17,1.2
44350.21,1.2
44350.25,1.2
44350.29,1.2
44350.33,1.2
44350.38,1.2
44350.42,1.2
44350.46,1.2
44350.5,1.2
44350.54,1.2
44350.58,1.2
44350.62,1.2
44350.67,1.2
44350.71,1.2
44350.75,1.2
44350.79,1.2
44350.83,1.2
44350.88,1.2
44350.92,1.2
44350.96,1.2
44351,1.2
44351.04,1.2
44351.08,1.2
44351.12,1.2
44351.17,1.2
44351.21,1.2
44351.25,1.2
44351.29,1.2
44351.33,1.2
44351.38,1.2
44351.42,1.2
44351.46,1.2
44351.5,1.2
44351.54,1.2
44351.58,1.2
44351.62,1.2
44351.67,1.2
44351.71,1.2
44351.75,1.2
44351.79,1.2
44351.83,1.2
44351.88,1.2
44351.92,1.2
44351.96,1.2
44352,1.2
44352.04,1.2
44352.08,1.2
44352.12,1.2
44352.17,1.2
44352.21,1.2
44352.25,1.2
44352.29,1.2
44352.33,1.2
44352.38,1.2
44352.42,1.2
44352.46,1.2
44352.5,1.2
44352.54,1.2
44352.58,1.2
44352.62,1.2
44352.67,1.2
44352.71,1.2
44352.75,1.2
44352.79,1.2
44352.83,1.2
44352.88,1.2
44352.92,1.2
44352.96,1.2
44353,1.2
44353.04,1.2
44353.08,1.2
44353.12,1.2
44353.17,1.2
44353.21,1.2
44353.25,1.2
44353.29,1.2
44353.33,1.2
44353.38,1.2
44353.42,1.2
44353.46,1.2
44353.5,1.2
44353.54,1.2
44353.58,1.2
44353.62,1.2
44353.67,1.2
44353.71,1.2
44353.75,1.2
44353.79,1.2
44353.83,1.2
44353.88,1.2
44353.92,1.2
44353.96,1.2
44354,1.2
44354.04,1.2
44354.08,1.2
44354.12,1.2
44354.17,1.2
44354.21,1.2
44354.25,1.2
44354.29,1.2
44354.33,1.2
44354.38,1.2
44354.42,1.2
44354.46,1.2
44354.5,1.2
44354.54,1.2
44354.58,1.2
44354.62,1.2
44354.67,1.2
44354.71,1.2
44354.75,1.2
44354.79,1.2
44354.83,1.2
44354.88,1.2
44354.92,1.2
44354.96,1.2
44355,1.2
44355.04,1.2
44355.08,1.2
44355.12,1.2
44355.17,1.2
44355.21,1.2
44355.25,1.2
44355.29,1.2
44355.33,1.2
44355.38,1.2
44355.42,1.2
44355.46,1.2
44355.5,1.2
44355.54,1.2
44355.58,1.2
44355.62,1.2
44355.67,1.2
44355.71,1.2
44355.75,1.2
44355.79,1.2
44355.83,1.2
44355.88,1.2
44355.92,1.2
44355.96,1.2
44356,1.2
44356.04,1.2
44356.08,1.2
44356.12,1.2
44356.17,1.2
44356.21,1.2
44356.25,1.2
44356.29,1.2
44356.33,1.2
44356.38,1.2
44356.42,1.2
44356.46,1.2
44356.5,1.2
44356.54,1.2
44356.58,1.2
44356.62,1.2
44356.67,1.2
44356.71,1.2
44356.75,1.2
44356.79,1.2
44356.83,1.2
44356.88,1.2
44356.92,1.2
44356.96,1.2
44357,1.2
44357.04,1.2
44357.08,1.2
44357.12,1.2
44357.17,1.2
44357.21,1.2
44357.25,1.2
44357.29,1.2
44357.33,1.2
44357.38,1.2
44357.42,1.2
44357.46,1.2
44357.5,1.2
44357.54,1.2
44357.58,1.2
44357.62,1.2
44357.67,1.2
44357.71,1.2
44357.75,1.2
44357.79,1.2
44357.83,1.2
44357.88,1.2
44357.92,1.2
44357.96,1.2
44358,1.2
44358.04,1.2
44358.08,1.2
44358.12,1.2
44358.17,1.2
44358.21,1.2
44358.25,1.2
44358.29,1.2
44358.33,1.2
44358.38,1.2
44358.42,1.2
44358.46,1.2
44358.5,1.2
44358.54,1.2
44358.58,1.2
44358.62,1.2
44358.67,1.2
44358.71,1.2
44358.75,1.2
44358.79,1.2
44358.83,1.2
44358.88,1.2
44358.92,1.2
44358.96,1.2
44359,1.2
44359.04,1.2
44359.08,1.2
44359.12,1.2
44359.17,1.2
44359.21,1.2
44359.25,1.2
44359.29,1.2
44359.33,1.2
44359.38,1.2
44359.42,1.2
44359.46,1.2
44359.5,1.2
44359.54,1.2
44359.58,1.2
44359.62,1.2
44359.67,1.2
44359.71,1.2
44359.75,1.2
44359.79,1.2
44359.83,1.2
44359.88,1.2
44359.92,1.2
44359.96,1.2
44360,1.2
44360.04,1.2
44360.08,1.2
44360.12,1.2
44360.17,1.2
44360.21,1.2
44360.25,1.2
44360.29,1.2
44360.33,1.2
44360.38,1.2
44360.42,1.2
44360.46,1.2
44360.5,1.2
44360.54,1.2
44360.58,1.2
44360.62,1.2
44360.67,1.2
44360.71,1.2
44360.75,1.2
44360.79,1.2
44360.83,1.2
44360.88,1.2
44360.92,1.2
44360.96,1.2
44361,1.2
44361.04,1.2
44361.08,1.2
44361.12,1.2
44361.17,1.2
44361.21,1.2
44361.25,1.2
44361.29,1.2
44361.33,1.2
44361.38,1.2
44361.42,1.2
44361.46,1.2
44361.5,1.2
44361.54,1.2
44361.58,1.2
44361.62,1.2
44361.67,1.2
44361.71,1.2
44361.75,1.2
44361.79,1.2
44361.83,1.2
44361.88,1.2
44361.92,1.2
44361.96,1.2
44362,1.2
44362.04,1.2
44362.08,1.2
44362.12,1.2
44362.17,1.2
44362.21,1.2
44362.25,1.2
44362.29,1.2
44362.33,1.2
44362.38,1.2
44362.42,1.2
44362.46,1.2
44362.5,1.2
44362.54,1.2
44362.58,1.2
44362.62,1.2
44362.67,1.2
44362.71,1.2
44362.75,1.2
44362.79,1.2
44362.83,1.2
44362.88,1.2
44362.92,1.2
44362.96,1.2
44363,1.2
44363.04,1.2
44363.08,1.2
44363.12,1.2
44363.17,1.2
44363.21,1.2
44363.25,1.2
44363.29,1.2
44363.33,1.2
44363.38,1.2
44363.42,1.2
44363.46,1.2
44363.5,1.2
44363.54,1.2
44363.58,1.2
44363.62,1.2
44363.67,1.2
44363.71,1.2
44363.75,1.2
44363.79,1.2
44363.83,1.2
44363.88,1.2
44363.92,1.2
44363.96,1.2
44364,1.2
44364.04,1.2
44364.08,1.2
44364.12,1.2
44364.17,1.2
44364.21,1.2
44364.25,1.2
44364.29,1.2
44364.33,1.2
44364.38,1.2
44364.42,1.2
44364.46,1.2
44364.5,1.2
44364.54,1.2
44364.58,1.2
44364.62,1.2
44364.67,1.2
44364.71,1.2
44364.75,1.2
44364.79,1.2
44364.83,1.2
44364.88,1.2
44364.92,1.2
44364.96,1.2
44365,1.2
44365.04,1.2
44365.08,1.2
44365.12,1.2
44365.17,1.2
44365.21,1.2
44365.25,1.2
44365.29,1.2
44365.33,1.2
44365.38,1.2
44365.42,1.2
44365.46,1.2
44365.5,1.2
44365.54,1.2
44365.58,1.2
44365.62,1.2
44365.67,1.2
44365.71,1.2
44365.75,1.2
44365.79,1.2
44365.83,1.2
44365.88,1.2
44365.92,1.2
44365.96,1.2
44366,1.2
44366.04,1.2
44366.08,1.2
44366.12,1.2
44366.17,1.2
44366.21,1.2
44366.25,1.2
44366.29,1.2
44366.33,1.2
44366.38,1.2
44366.42,1.2
44366.46,1.2
44366.5,1.2
44366.54,1.2
44366.58,1.2
44366.62,1.2
44366.67,1.2
44366.71,1.2
44366.75,1.2
44366.79,1.2
44366.83,1.2
44366.88,1.2
44366.92,1.2
44366.96,1.2
44367,1.2
44367.04,1.2
44367.08,1.2
44367.12,1.2
44367.17,1.2
44367.21,1.2
44367.25,1.2
44367.29,1.2
44367.33,1.2
44367.38,1.2
44367.42,1.2
44367.46,1.2
44367.5,1.2
44367.54,1.2
44367.58,1.2
44367.62,1.2
44367.67,1.2
44367.71,1.2
44367.75,1.2
44367.79,1.2
44367.83,1.2
44367.88,1.2
44367.92,1.2
44367.96,1.2
44368,1.2
44368.04,1.2
44368.08,1.2
44368.12,1.2
44368.17,1.2
44368.21,1.2
44368.25,1.2
44368.29,1.2
44368.33,1.2
44368.38,1.2
44368.42,1.2
44368.46,1.2
44368.5,1.2
44368.54,1.2
44368.58,1.2
44368.62,1.2
44368.67,1.2
44368.71,1.2
44368.75,1.2
44368.79,1.2
44368.83,1.2
44368.88,1.2
44368.92,1.2
44368.96,1.2
44369,1.2
44369.04,1.2
44369.08,1.2
44369.12,1.2
44369.17,1.2
44369.21,1.2
44369.25,1.2
44369.29,1.2
44369.33,1.2
44369.38,1.2
44369.42,1.2
44369.46,1.2
44369.5,1.2
44369.54,1.2
44369.58,1.2
44369.62,1.2
44369.67,1.2
44369.71,1.2
44369.75,1.2
44369.79,1.2
44369.83,1.2
44369.88,1.2
44369.92,1.2
44369.96,1.2
44370,1.2
44370.04,1.2
44370.08,1.2
44370.12,1.2
44370.17,1.2
44370.21,1.2
44370.25,1.2
44370.29,1.2
44370.33,1.2
44370.38,1.2
44370.42,1.2
44370.46,1.2
44370.5,1.2
44370.54,1.2
44370.58,1.2
44370.62,1.2
44370.67,1.2
44370.71,1.2
44370.75,1.2
44370.79,1.2
44370.83,1.2
44370.88,1.2
44370.92,1.2
44370.96,1.2
44371,1.2
44371.04,1.2
44371.08,1.2
44371.12,1.2
44371.17,1.2
44371.21,1.2
44371.25,1.2
44371.29,1.2
44371.33,1.2
44371.38,1.2
44371.42,1.2
44371.46,1.2
44371.5,1.2
44371.54,1.2
44371.58,1.2
44371.62,1.2
44371.67,1.2
44371.71,1.2
44371.75,1.2
44371.79,1.2
44371.83,1.2
44371.88,1.2
44371.92,1.2
44371.96,1.2
44372,1.2
44372.04,1.2
44372.08,1.2
44372.12,1.2
44372.17,1.2
44372.21,1.2
44372.25,1.2
44372.29,1.2
44372.33,1.2
44372.38,1.2
44372.42,1.2
44372.46,1.2
44372.5,1.2
44372.54,1.2
44372.58,1.2
44372.62,1.2
44372.67,1.2
44372.71,1.2
44372.75,1.2
44372.79,1.2
44372.83,1.2
44372.88,1.2
44372.92,1.2
44372.96,1.2
44373,1.2
44373.04,1.2
44373.08,1.2
44373.12,1.2
44373.17,1.2
44373.21,1.2
44373.25,1.2
44373.29,1.2
44373.33,1.2
44373.38,1.2
44373.42,1.2
44373.46,1.2
44373.5,1.2
44373.54,1.2
44373.58,1.2
44373.62,1.2
44373.67,1.2
44373.71,1.2
44373.75,1.2
44373.79,1.2
44373.83,1.2
44373.88,1.2
44373.92,1.2
44373.96,1.2
44374,1.2
44374.04,1.2
44374.08,1.2
44374.12,1.2
44374.17,1.2
44374.21,1.2
44374.25,1.2
44374.29,1.2
44374.33,1.2
44374.38,1.2
44374.42,1.2
44374.46,1.2
44374.5,1.2
44374.54,1.2
44374.58,1.2
44374.62,1.2
44374.67,1.2
44374.71,1.2
44374.75,1.2
44374.79,1.2
44374.83,1.2
44374.88,1.2
44374.92,1.2
44374.96,1.2
44375,1.2
44375.04,1.2
44375.08,1.2
44375.12,1.2
44375.17,1.2
44375.21,1.2
44375.25,1.2
44375.29,1.2
44375.33,1.2
44375.38,1.2
44375.42,1.2
44375.46,1.2
44375.5,1.2
44375.54,1.2
44375.58,1.2
44375.62,1.2
44375.67,1.2
44375.71,1.2
44375.75,1.2
44375.79,1.2
44375.83,1.2
44375.88,1.2
44375.92,1.2
44375.96,1.2
44376,1.2
44376.04,1.2
44376.08,1.2
44376.12,1.2
44376.17,1.2
44376.21,1.2
44376.25,1.2
44376.29,1.2
44376.33,1.2
44376.38,1.2
44376.42,1.2
44376.46,1.2
44376.5,1.2
44376.54,1.2
44376.58,1.2
44376.62,1.2
44376.67,1.2
44376.71,1.2
44376.75,1.2
44376.79,1.2
44376.83,1.2
44376.88,1.2
44376.92,1.2
44376.96,1.2
44377,1.2
44377.04,1.2
44377.08,1.2
44377.12,1.2
44377.17,1.2
44377.21,1.2
44377.25,1.2
44377.29,1.2
44377.33,1.2
44377.38,1.2
44377.42,1.2
44377.46,1.2
44377.5,1.2
44377.54,1.2
44377.58,1.2
44377.62,1.2
44377.67,1.2
44377.71,1.2
44377.75,1.2
44377.79,1.2
44377.83,1.2
44377.88,1.2
44377.92,1.2
44377.96,1.2
44378,1.2
44378.04,1.2
44378.08,1.2
44378.12,1.2
44378.17,1.2
44378.21,1.2
44378.25,1.2
44378.29,1.2
44378.33,1.2
44378.38,1.2
44378.42,1.2
44378.46,1.2
44378.5,1.2
44378.54,1.2
44378.58,1.2
44378.62,1.2
44378.67,1.2
44378.71,1.2
44378.75,1.2
44378.79,1.2
44378.83,1.2
44378.88,1.2
44378.92,1.2
44378.96,1.2
44379,1.2
44379.04,1.2
44379.08,1.2
44379.12,1.2
44379.17,1.2
44379.21,1.2
44379.25,1.2
44379.29,1.2
44379.33,1.2
44379.38,1.2
44379.42,1.2
44379.46,1.2
44379.5,1.2
44379.54,1.2
44379.58,1.2
44379.62,1.2
44379.67,1.2
44379.71,1.2
44379.75,1.2
44379.79,1.2
44379.83,1.2
44379.88,1.2
44379.92,1.2
44379.96,1.2
44380,1.2
44380.04,1.2
44380.08,1.2
44380.12,1.2
44380.17,1.2
44380.21,1.2
44380.25,1.2
44380.29,1.2
44380.33,1.2
44380.38,1.2
44380.42,1.2
44380.46,1.2
44380.5,1.2
44380.54,1.2
44380.58,1.2
44380.62,1.2
44380.67,1.2
44380.71,1.2
44380.75,1.2
44380.79,1.2
44380.83,1.2
44380.88,1.2
44380.92,1.2
44380.96,1.2
44381,1.2
44381.04,1.2
44381.08,1.2
44381.12,1.2
44381.17,1.2
44381.21,1.2
44381.25,1.2
44381.29,1.2
44381.33,1.2
44381.38,1.2
44381.42,1.2
44381.46,1.2
44381.5,1.2
44381.54,1.2
44381.58,1.2
44381.62,1.2
44381.67,1.2
44381.71,1.2
44381.75,1.2
44381.79,1.2
44381.83,1.2
44381.88,1.2
44381.92,1.2
44381.96,1.2
44382,1.2
44382.04,1.2
44382.08,1.2
44382.12,1.2
44382.17,1.2
44382.21,1.2
44382.25,1.2
44382.29,1.2
44382.33,1.2
44382.38,1.2
44382.42,1.2
44382.46,1.2
44382.5,1.2
44382.54,1.2
44382.58,1.2
44382.62,1.2
44382.67,1.2
44382.71,1.2
44382.75,1.2
44382.79,1.2
44382.83,1.2
44382.88,1.2
44382.92,1.2
44382.96,1.2
44383,1.2
44383.04,1.2
44383.08,1.2
44383.12,1.2
44383.17,1.2
44383.21,1.2
44383.25,1.2
44383.29,1.2
44383.33,1.2
44383.38,1.2
44383.42,1.2
44383.46,1.2
44383.5,1.2
44383.54,1.2
44383.58,1.2
44383.62,1.2
44383.67,1.2
44383.71,1.2
44383.75,1.2
44383.79,1.2
44383.83,1.2
44383.88,1.2
44383.92,1.2
44383.96,1.2
44384,1.2
44384.04,1.2
44384.08,1.2
44384.12,1.2
44384.17,1.2
44384.21,1.2
44384.25,1.2
44384.29,1.2
44384.33,1.2
44384.38,1.2
44384.42,1.2
44384.46,1.2
44384.5,1.2
44384.54,1.2
44384.58,1.2
44384.62,1.2
44384.67,1.2
44384.71,1.2
44384.75,1.2
44384.79,1.2
44384.83,1.2
44384.88,1.2
44384.92,1.2
44384.96,1.2
44385,1.2
44385.04,1.2
44385.08,1.2
44385.12,1.2
44385.17,1.2
44385.21,1.2
44385.25,1.2
44385.29,1.2
44385.33,1.2
44385.38,1.2
44385.42,1.2
44385.46,1.2
44385.5,1.2
44385.54,1.2
44385.58,1.2
44385.62,1.2
44385.67,1.2
44385.71,1.2
44385.75,1.2
44385.79,1.2
44385.83,1.2
44385.88,1.2
44385.92,1.2
44385.96,1.2
44386,1.2
44386.04,1.2
44386.08,1.2
44386.12,1.2
44386.17,1.2
44386.21,1.2
44386.25,1.2
44386.29,1.2
44386.33,1.2
44386.38,1.2
44386.42,1.2
44386.46,1.2
44386.5,1.2
44386.54,1.2
44386.58,1.2
44386.62,1.2
44386.67,1.2
44386.71,1.2
44386.75,1.2
44386.79,1.2
44386.83,1.2
44386.88,1.2
44386.92,1.2
44386.96,1.2
44387,1.2
44387.04,1.2
44387.08,1.2
44387.12,1.2
44387.17,1.2
44387.21,1.2
44387.25,1.2
44387.29,1.2
44387.33,1.2
44387.38,1.2
44387.42,1.2
44387.46,1.2
44387.5,1.2
44387.54,1.2
44387.58,1.2
44387.62,1.2
44387.67,1.2
44387.71,1.2
44387.75,1.2
44387.79,1.2
44387.83,1.2
44387.88,1.2
44387.92,1.2
44387.96,1.2
44388,1.2
44388.04,1.2
44388.08,1.2
44388.12,1.2
44388.17,1.2
44388.21,1.2
44388.25,1.2
44388.29,1.2
44388.33,1.2
44388.38,1.2
44388.42,1.2
44388.46,1.2
44388.5,1.2
44388.54,1.2
44388.58,1.2
44388.62,1.2
44388.67,1.2
44388.71,1.2
44388.75,1.2
44388.79,1.2
44388.83,1.2
44388.88,1.2
44388.92,1.2
44388.96,1.2
44389,1.2
44389.04,1.2
44389.08,1.2
44389.12,1.2
44389.17,1.2
44389.21,1.2
44389.25,1.2
44389.29,1.2
44389.33,1.2
44389.38,1.2
44389.42,1.2
44389.46,1.2
44389.5,1.2
44389.54,1.2
44389.58,1.2
44389.62,1.2
44389.67,1.2
44389.71,1.2
44389.75,1.2
44389.79,1.2
44389.83,1.2
44389.88,1.2
44389.92,1.2
44389.96,1.2
44390,1.2
44390.04,1.2
44390.08,1.2
44390.12,1.2
44390.17,1.2
44390.21,1.2
44390.25,1.2
44390.29,1.2
44390.33,1.2
44390.38,1.2
44390.42,1.2
44390.46,1.2
44390.5,1.2
44390.54,1.2
44390.58,1.2
44390.62,1.2
44390.67,1.2
44390.71,1.2
44390.75,1.2
44390.79,1.2
44390.83,1.2
44390.88,1.2
44390.92,1.2
44390.96,1.2
44391,1.2
44391.04,1.2
44391.08,1.2
44391.12,1.2
44391.17,1.2
44391.21,1.2
44391.25,1.2
44391.29,1.2
44391.33,1.2
44391.38,1.2
44391.42,1.2
44391.46,1.2
44391.5,1.2
44391.54,1.2
44391.58,1.2
44391.62,1.2
44391.67,1.2
44391.71,1.2
44391.75,1.2
44391.79,1.2
44391.83,1.2
44391.88,1.2
44391.92,1.2
44391.96,1.2
44392,1.2
44392.04,1.2
44392.08,1.2
44392.12,1.2
44392.17,1.2
44392.21,1.2
44392.25,1.2
44392.29,1.2
44392.33,1.2
44392.38,1.2
44392.42,1.2
44392.46,1.2
44392.5,1.2
44392.54,1.2
44392.58,1.2
44392.62,1.2
44392.67,1.2
44392.71,1.2
44392.75,1.2
44392.79,1.2
44392.83,1.2
44392.88,1.2
44392.92,1.2
44392.96,1.2
44393,1.2
44393.04,1.2
44393.08,1.2
44393.12,1.2
44393.17,1.2
44393.21,1.2
44393.25,1.2
44393.29,1.2
44393.33,1.2
44393.38,1.2
44393.42,1.2
44393.46,1.2
44393.5,1.2
44393.54,1.2
44393.58,1.2
44393.62,1.2
44393.67,1.2
44393.71,1.2
44393.75,1.2
44393.79,1.2
44393.83,1.2
44393.88,1.2
44393.92,1.2
44393.96,1.2
44394,1.2
44394.04,1.2
44394.08,1.2
44394.12,1.2
44394.17,1.2
44394.21,1.2
44394.25,1.2
44394.29,1.2
44394.33,1.2
44394.38,1.2
44394.42,1.2
44394.46,1.2
44394.5,1.2
44394.54,1.2
44394.58,1.2
44394.62,1.2
44394.67,1.2
44394.71,1.2
44394.75,1.2
44394.79,1.2
44394.83,1.2
44394.88,1.2
44394.92,1.2
44394.96,1.2
44395,1.2
44395.04,1.2
44395.08,1.2
44395.12,1.2
44395.17,1.2
44395.21,1.2
44395.25,1.2
44395.29,1.2
44395.33,1.2
44395.38,1.2
44395.42,1.2
44395.46,1.2
44395.5,1.2
44395.54,1.2
44395.58,1.2
44395.62,1.2
44395.67,1.2
44395.71,1.2
44395.75,1.2
44395.79,1.2
44395.83,1.2
44395.88,1.2
44395.92,1.2
44395.96,1.2
44396,1.2
44396.04,1.2
44396.08,1.2
44396.12,1.2
44396.17,1.2
44396.21,1.2
44396.25,1.2
44396.29,1.2
44396.33,1.2
44396.38,1.2
44396.42,1.2
44396.46,1.2
44396.5,1.2
44396.54,1.2
44396.58,1.2
44396.62,1.2
44396.67,1.2
44396.71,1.2
44396.75,1.2
44396.79,1.2
44396.83,1.2
44396.88,1.2
44396.92,1.2
44396.96,1.2
44397,1.2
44397.04,1.2
44397.08,1.2
44397.12,1.2
44397.17,1.2
44397.21,1.2
44397.25,1.2
44397.29,1.2
44397.33,1.2
44397.38,1.2
44397.42,1.2
44397.46,1.2
44397.5,1.2
44397.54,1.2
44397.58,1.2
44397.62,1.2
44397.67,1.2
44397.71,1.2
44397.75,1.2
44397.79,1.2
44397.83,1.2
44397.88,1.2
44397.92,1.2
44397.96,1.2
44398,1.2
44398.04,1.2
44398.08,1.2
44398.12,1.2
44398.17,1.2
44398.21,1.2
44398.25,1.2
44398.29,1.2
44398.33,1.2
44398.38,1.2
44398.42,1.2
44398.46,1.2
44398.5,1.2
44398.54,1.2
44398.58,1.2
44398.62,1.2
44398.67,1.2
44398.71,1.2
44398.75,1.2
44398.79,1.2
44398.83,1.2
44398.88,1.2
44398.92,1.2
44398.96,1.2
44399,1.2
44399.04,1.2
44399.08,1.2
44399.12,1.2
44399.17,1.2
44399.21,1.2
44399.25,1.2
44399.29,1.2
44399.33,1.2
44399.38,1.2
44399.42,1.2
44399.46,1.2
44399.5,1.2
44399.54,1.2
44399.58,1.2
44399.62,1.2
44399.67,1.2
44399.71,1.2
44399.75,1.2
44399.79,1.2
44399.83,1.2
44399.88,1.2
44399.92,1.2
44399.96,1.2
44400,1.2
44400.04,1.2
44400.08,1.2
44400.12,1.2
44400.17,1.2
44400.21,1.2
44400.25,1.2
44400.29,1.2
44400.33,1.2
44400.38,1.2
44400.42,1.2
44400.46,1.2
44400.5,1.2
44400.54,1.2
44400.58,1.2
44400.62,1.2
44400.67,1.2
44400.71,1.2
44400.75,1.2
44400.79,1.2
44400.83,1.2
44400.88,1.2
44400.92,1.2
44400.96,1.2
44401,1.2
44401.04,1.2
44401.08,1.2
44401.12,1.2
44401.17,1.2
44401.21,1.2
44401.25,1.2
44401.29,1.2
44401.33,1.2
44401.38,1.2
44401.42,1.2
44401.46,1.2
44401.5,1.2
44401.54,1.2
44401.58,1.2
44401.62,1.2
44401.67,1.2
44401.71,1.2
44401.75,1.2
44401.79,1.2
44401.83,1.2
44401.88,1.2
44401.92,1.2
44401.96,1.2
44402,1.2
44402.04,1.2
44402.08,1.2
44402.12,1.2
44402.17,1.2
44402.21,1.2
44402.25,1.2
44402.29,1.2
44402.33,1.2
44402.38,1.2
44402.42,1.2
44402.46,1.2
44402.5,1.2
44402.54,1.2
44402.58,1.2
44402.62,1.2
44402.67,1.2
44402.71,1.2
44402.75,1.2
44402.79,1.2
44402.83,1.2
44402.88,1.2
44402.92,1.2
44402.96,1.2
44403,1.2
44403.04,1.2
44403.08,1.2
44403.12,1.2
44403.17,1.2
44403.21,1.2
44403.25,1.2
44403.29,1.2
44403.33,1.2
44403.38,1.2
44403.42,1.2
44403.46,1.2
44403.5,1.2
44403.54,1.2
44403.58,1.2
44403.62,1.2
44403.67,1.2
44403.71,1.2
44403.75,1.2
44403.79,1.2
44403.83,1.2
44403.88,1.2
44403.92,1.2
44403.96,1.2
44404,1.2
44404.04,1.2
44404.08,1.2
44404.12,1.2
44404.17,1.2
44404.21,1.2
44404.25,1.2
44404.29,1.2
44404.33,1.2
44404.38,1.2
44404.42,1.2
44404.46,1.2
44404.5,1.2
44404.54,1.2
44404.58,1.2
44404.62,1.2
44404.67,1.2
44404.71,1.2
44404.75,1.2
44404.79,1.2
44404.83,1.2
44404.88,1.2
44404.92,1.2
44404.96,1.2
44405,1.2
44405.04,1.2
44405.08,1.2
44405.12,1.2
44405.17,1.2
44405.21,1.2
44405.25,1.2
44405.29,1.2
44405.33,1.2
44405.38,1.2
44405.42,1.2
44405.46,1.2
44405.5,1.2
44405.54,1.2
44405.58,1.2
44405.62,1.2
44405.67,1.2
44405.71,1.2
44405.75,1.2
44405.79,1.2
44405.83,1.2
44405.88,1.2
44405.92,1.2
44405.96,1.2
44406,1.2
44406.04,1.2
44406.08,1.2
44406.12,1.2
44406.17,1.2
44406.21,1.2
44406.25,1.2
44406.29,1.2
44406.33,1.2
44406.38,1.2
44406.42,1.2
44406.46,1.2
44406.5,1.2
44406.54,1.2
44406.58,1.2
44406.62,1.2
44406.67,1.2
44406.71,1.2
44406.75,1.2
44406.79,1.2
44406.83,1.2
44406.88,1.2
44406.92,1.2
44406.96,1.2
44407,1.2
44407.04,1.2
44407.08,1.2
44407.12,1.2
44407.17,1.2
44407.21,1.2
44407.25,1.2
44407.29,1.2
44407.33,1.2
44407.38,1.2
44407.42,1.2
44407.46,1.2
44407.5,1.2
44407.54,1.2
44407.58,1.2
44407.62,1.2
44407.67,1.2
44407.71,1.2
44407.75,1.2
44407.79,1.2
44407.83,1.2
44407.88,1.2
44407.92,1.2
44407.96,1.2
44408,1.2
44408.04,1.2
44408.08,1.2
44408.12,1.2
44408.17,1.2
44408.21,1.2
44408.25,1.2
44408.29,1.2
44408.33,1.2
44408.38,1.2
44408.42,1.2
44408.46,1.2
44408.5,1.2
44408.54,1.2
44408.58,1.2
44408.62,1.2
44408.67,1.2
44408.71,1.2
44408.75,1.2
44408.79,1.2
44408.83,1.2
44408.88,1.2
44408.92,1.2
44408.96,1.2
44409,1.2
44409.04,1.2
44409.08,1.2
44409.12,1.2
44409.17,1.2
44409.21,1.2
44409.25,1.2
44409.29,1.2
44409.33,1.2
44409.38,1.2
44409.42,1.2
44409.46,1.2
44409.5,1.2
44409.54,1.2
44409.58,1.2
44409.62,1.2
44409.67,1.2
44409.71,1.2
44409.75,1.2
44409.79,1.2
44409.83,1.2
44409.88,1.2
44409.92,1.2
44409.96,1.2
44410,1.2
44410.04,1.2
44410.08,1.2
44410.12,1.2
44410.17,1.2
44410.21,1.2
44410.25,1.2
44410.29,1.2
44410.33,1.2
44410.38,1.2
44410.42,1.2
44410.46,1.2
44410.5,1.2
44410.54,1.2
44410.58,1.2
44410.62,1.2
44410.67,1.2
44410.71,1.2
44410.75,1.2
44410.79,1.2
44410.83,1.2
44410.88,1.2
44410.92,1.2
44410.96,1.2
44411,1.2
44411.04,1.2
44411.08,1.2
44411.12,1.2
44411.17,1.2
44411.21,1.2
44411.25,1.2
44411.29,1.2
44411.33,1.2
44411.38,1.2
44411.42,1.2
44411.46,1.2
44411.5,1.2
44411.54,1.2
44411.58,1.2
44411.62,1.2
44411.67,1.2
44411.71,1.2
44411.75,1.2
44411.79,1.2
44411.83,1.2
44411.88,1.2
44411.92,1.2
44411.96,1.2
44412,1.2
44412.04,1.2
44412.08,1.2
44412.12,1.2
44412.17,1.2
44412.21,1.2
44412.25,1.2
44412.29,1.2
44412.33,1.2
44412.38,1.2
44412.42,1.2
44412.46,1.2
44412.5,1.2
44412.54,1.2
44412.58,1.2
44412.62,1.2
44412.67,1.2
44412.71,1.2
44412.75,1.2
44412.79,1.2
44412.83,1.2
44412.88,1.2
44412.92,1.2
44412.96,1.2
44413,1.2
44413.04,1.2
44413.08,1.2
44413.12,1.2
44413.17,1.2
44413.21,1.2
44413.25,1.2
44413.29,1.2
44413.33,1.2
44413.38,1.2
44413.42,1.2
44413.46,1.2
44413.5,1.2
44413.54,1.2
44413.58,1.2
44413.62,1.2
44413.67,1.2
44413.71,1.2
44413.75,1.2
44413.79,1.2
44413.83,1.2
44413.88,1.2
44413.92,1.2
44413.96,1.2
44414,1.2
44414.04,1.2
44414.08,1.2
44414.12,1.2
44414.17,1.2
44414.21,1.2
44414.25,1.2
44414.29,1.2
44414.33,1.2
44414.38,1.2
44414.42,1.2
44414.46,1.2
44414.5,1.2
44414.54,1.2
44414.58,1.2
44414.62,1.2
44414.67,1.2
44414.71,1.2
44414.75,1.2
44414.79,1.2
44414.83,1.2
44414.88,1.2
44414.92,1.2
44414.96,1.2
44415,1.2
44415.04,1.2
44415.08,1.2
44415.12,1.2
44415.17,1.2
44415.21,1.2
44415.25,1.2
44415.29,1.2
44415.33,1.2
44415.38,1.2
44415.42,1.2
44415.46,1.2
44415.5,1.2
44415.54,1.2
44415.58,1.2
44415.62,1.2
44415.67,1.2
44415.71,1.2
44415.75,1.2
44415.79,1.2
44415.83,1.2
44415.88,1.2
44415.92,1.2
44415.96,1.2
44416,1.2
44416.04,1.2
44416.08,1.2
44416.12,1.2
44416.17,1.2
44416.21,1.2
44416.25,1.2
44416.29,1.2
44416.33,1.2
44416.38,1.2
44416.42,1.2
44416.46,1.2
44416.5,1.2
44416.54,1.2
44416.58,1.2
44416.62,1.2
44416.67,1.2
44416.71,1.2
44416.75,1.2
44416.79,1.2
44416.83,1.2
44416.88,1.2
44416.92,1.2
44416.96,1.2
44417,1.2
44417.04,1.2
44417.08,1.2
44417.12,1.2
44417.17,1.2
44417.21,1.2
44417.25,1.2
44417.29,1.2
44417.33,1.2
44417.38,1.2
44417.42,1.2
44417.46,1.2
44417.5,1.2
44417.54,1.2
44417.58,1.2
44417.62,1.2
44417.67,1.2
44417.71,1.2
44417.75,1.2
44417.79,1.2
44417.83,1.2
44417.88,1.2
44417.92,1.2
44417.96,1.2
44418,1.2
44418.04,1.2
44418.08,1.2
44418.12,1.2
44418.17,1.2
44418.21,1.2
44418.25,1.2
44418.29,1.2
44418.33,1.2
44418.38,1.2
44418.42,1.2
44418.46,1.2
44418.5,1.2
44418.54,1.2
44418.58,1.2
44418.62,1.2
44418.67,1.2
44418.71,1.2
44418.75,1.2
44418.79,1.2
44418.83,1.2
44418.88,1.2
44418.92,1.2
44418.96,1.2
44419,1.2
44419.04,1.2
44419.08,1.2
44419.12,1.2
44419.17,1.2
44419.21,1.2
44419.25,1.2
44419.29,1.2
44419.33,1.2
44419.38,1.2
44419.42,1.2
44419.46,1.2
44419.5,1.2
44419.54,1.2
44419.58,1.2
44419.62,1.2
44419.67,1.2
44419.71,1.2
44419.75,1.2
44419.79,1.2
44419.83,1.2
44419.88,1.2
44419.92,1.2
44419.96,1.2
44420,1.2
44420.04,1.2
44420.08,1.2
44420.12,1.2
44420.17,1.2
44420.21,1.2
44420.25,1.2
44420.29,1.2
44420.33,1.2
44420.38,1.2
44420.42,1.2
44420.46,1.2
44420.5,1.2
44420.54,1.2
44420.58,1.2
44420.62,1.2
44420.67,1.2
44420.71,1.2
44420.75,1.2
44420.79,1.2
44420.83,1.2
44420.88,1.2
44420.92,1.2
44420.96,1.2
44421,1.2
44421.04,1.2
44421.08,1.2
44421.12,1.2
44421.17,1.2
44421.21,1.2
44421.25,1.2
44421.29,1.2
44421.33,1.2
44421.38,1.2
44421.42,1.2
44421.46,1.2
44421.5,1.2
44421.54,1.2
44421.58,1.2
44421.62,1.2
44421.67,1.2
44421.71,1.2
44421.75,1.2
44421.79,1.2
44421.83,1.2
44421.88,1.2
44421.92,1.2
44421.96,1.2
44422,1.2
44422.04,1.2
44422.08,1.2
44422.12,1.2
44422.17,1.2
44422.21,1.2
44422.25,1.2
44422.29,1.2
44422.33,1.2
44422.38,1.2
44422.42,1.2
44422.46,1.2
44422.5,1.2
44422.54,1.2
44422.58,1.2
44422.62,1.2
44422.67,1.2
44422.71,1.2
44422.75,1.2
44422.79,1.2
44422.83,1.2
44422.88,1.2
44422.92,1.2
44422.96,1.2
44423,1.2
44423.04,1.2
44423.08,1.2
44423.12,1.2
44423.17,1.2
44423.21,1.2
44423.25,1.2
44423.29,1.2
44423.33,1.2
44423.38,1.2
44423.42,1.2
44423.46,1.2
44423.5,1.2
44423.54,1.2
44423.58,1.2
44423.62,1.2
44423.67,1.2
44423.71,1.2
44423.75,1.2
44423.79,1.2
44423.83,1.2
44423.88,1.2
44423.92,1.2
44423.96,1.2
44424,1.2
44424.04,1.2
44424.08,1.2
44424.12,1.2
44424.17,1.2
44424.21,1.2
44424.25,1.2
44424.29,1.2
44424.33,1.2
44424.38,1.2
44424.42,1.2
44424.46,1.2
44424.5,1.2
44424.54,1.2
44424.58,1.2
44424.62,1.2
44424.67,1.2
44424.71,1.2
44424.75,1.2
44424.79,1.2
44424.83,1.2
44424.88,1.2
44424.92,1.2
44424.96,1.2
44425,1.2
44425.04,1.2
44425.08,1.2
44425.12,1.2
44425.17,1.2
44425.21,1.2
44425.25,1.2
44425.29,1.2
44425.33,1.2
44425.38,1.2
44425.42,1.2
44425.46,1.2
44425.5,1.2
44425.54,1.2
44425.58,1.2
44425.62,1.2
44425.67,1.2
44425.71,1.2
44425.75,1.2
44425.79,1.2
44425.83,1.2
44425.88,1.2
44425.92,1.2
44425.96,1.2
44426,1.2
44426.04,1.2
44426.08,1.2
44426.12,1.2
44426.17,1.2
44426.21,1.2
44426.25,1.2
44426.29,1.2
44426.33,1.2
44426.38,1.2
44426.42,1.2
44426.46,1.2
44426.5,1.2
44426.54,1.2
44426.58,1.2
44426.62,1.2
44426.67,1.2
44426.71,1.2
44426.75,1.2
44426.79,1.2
44426.83,1.2
44426.88,1.2
44426.92,1.2
44426.96,1.2
44427,1.2
44427.04,1.2
44427.08,1.2
44427.12,1.2
44427.17,1.2
44427.21,1.2
44427.25,1.2
44427.29,1.2
44427.33,1.2
44427.38,1.2
44427.42,1.2
44427.46,1.2
44427.5,1.2
44427.54,1.2
44427.58,1.2
44427.62,1.2
44427.67,1.2
44427.71,1.2
44427.75,1.2
44427.79,1.2
44427.83,1.2
44427.88,1.2
44427.92,1.2
44427.96,1.2
44428,1.2
44428.04,1.2
44428.08,1.2
44428.12,1.2
44428.17,1.2
44428.21,1.2
44428.25,1.2
44428.29,1.2
44428.33,1.2
44428.38,1.2
44428.42,1.2
44428.46,1.2
44428.5,1.2
44428.54,1.2
44428.58,1.2
44428.62,1.2
44428.67,1.2
44428.71,1.2
44428.75,1.2
44428.79,1.2
44428.83,1.2
44428.88,1.2
44428.92,1.2
44428.96,1.2
44429,1.2
44429.04,1.2
44429.08,1.2
44429.12,1.2
44429.17,1.2
44429.21,1.2
44429.25,1.2
44429.29,1.2
44429.33,1.2
44429.38,1.2
44429.42,1.2
44429.46,1.2
44429.5,1.2
44429.54,1.2
44429.58,1.2
44429.62,1.2
44429.67,1.2
44429.71,1.2
44429.75,1.2
44429.79,1.2
44429.83,1.2
44429.88,1.2
44429.92,1.2
44429.96,1.2
44430,1.2
44430.04,1.2
44430.08,1.2
44430.12,1.2
44430.17,1.2
44430.21,1.2
44430.25,1.2
44430.29,1.2
44430.33,1.2
44430.38,1.2
44430.42,1.2
44430.46,1.2
44430.5,1.2
44430.54,1.2
44430.58,1.2
44430.62,1.2
44430.67,1.2
44430.71,1.2
44430.75,1.2
44430.79,1.2
44430.83,1.2
44430.88,1.2
44430.92,1.2
44430.96,1.2
44431,1.2
44431.04,1.2
44431.08,1.2
44431.12,1.2
44431.17,1.2
44431.21,1.2
44431.25,1.2
44431.29,1.2
44431.33,1.2
44431.38,1.2
44431.42,1.2
44431.46,1.2
44431.5,1.2
44431.54,1.2
44431.58,1.2
44431.62,1.2
44431.67,1.2
44431.71,1.2
44431.75,1.2
44431.79,1.2
44431.83,1.2
44431.88,1.2
44431.92,1.2
44431.96,1.2
44432,1.2
44432.04,1.2
44432.08,1.2
44432.12,1.2
44432.17,1.2
44432.21,1.2
44432.25,1.2
44432.29,1.2
44432.33,1.2
44432.38,1.2
44432.42,1.2
44432.46,1.2
44432.5,1.2
44432.54,1.2
44432.58,1.2
44432.62,1.2
44432.67,1.2
44432.71,1.2
44432.75,1.2
44432.79,1.2
44432.83,1.2
44432.88,1.2
44432.92,1.2
44432.96,1.2
44433,1.2
44433.04,1.2
44433.08,1.2
44433.12,1.2
44433.17,1.2
44433.21,1.2
44433.25,1.2
44433.29,1.2
44433.33,1.2
44433.38,1.2
44433.42,1.2
44433.46,1.2
44433.5,1.2
44433.54,1.2
44433.58,1.2
44433.62,1.2
44433.67,1.2
44433.71,1.2
44433.75,1.2
44433.79,1.2
44433.83,1.2
44433.88,1.2
44433.92,1.2
44433.96,1.2
44434,1.2
44434.04,1.2
44434.08,1.2
44434.12,1.2
44434.17,1.2
44434.21,1.2
44434.25,1.2
44434.29,1.2
44434.33,1.2
44434.38,1.2
44434.42,1.2
44434.46,1.2
44434.5,1.2
44434.54,1.2
44434.58,1.2
44434.62,1.2
44434.67,1.2
44434.71,1.2
44434.75,1.2
44434.79,1.2
44434.83,1.2
44434.88,1.2
44434.92,1.2
44434.96,1.2
44435,1.2
44435.04,1.2
44435.08,1.2
44435.12,1.2
44435.17,1.2
44435.21,1.2
44435.25,1.2
44435.29,1.2
44435.33,1.2
44435.38,1.2
44435.42,1.2
44435.46,1.2
44435.5,1.2
44435.54,1.2
44435.58,1.2
44435.62,1.2
44435.67,1.2
44435.71,1.2
44435.75,1.2
44435.79,1.2
44435.83,1.2
44435.88,1.2
44435.92,1.2
44435.96,1.2
44436,1.2
44436.04,1.2
44436.08,1.2
44436.12,1.2
44436.17,1.2
44436.21,1.2
44436.25,1.2
44436.29,1.2
44436.33,1.2
44436.38,1.2
44436.42,1.2
44436.46,1.2
44436.5,1.2
44436.54,1.2
44436.58,1.2
44436.62,1.2
44436.67,1.2
44436.71,1.2
44436.75,1.2
44436.79,1.2
44436.83,1.2
44436.88,1.2
44436.92,1.2
44436.96,1.2
44437,1.2
44437.04,1.2
44437.08,1.2
44437.12,1.2
44437.17,1.2
44437.21,1.2
44437.25,1.2
44437.29,1.2
44437.33,1.2
44437.38,1.2
44437.42,1.2
44437.46,1.2
44437.5,1.2
44437.54,1.2
44437.58,1.2
44437.62,1.2
44437.67,1.2
44437.71,1.2
44437.75,1.2
44437.79,1.2
44437.83,1.2
44437.88,1.2
44437.92,1.2
44437.96,1.2
44438,1.2
44438.04,1.2
44438.08,1.2
44438.12,1.2
44438.17,1.2
44438.21,1.2
44438.25,1.2
44438.29,1.2
44438.33,1.2
44438.38,1.2
44438.42,1.2
44438.46,1.2
44438.5,1.2
44438.54,1.2
44438.58,1.2
44438.62,1.2
44438.67,1.2
44438.71,1.2
44438.75,1.2
44438.79,1.2
44438.83,1.2
44438.88,1.2
44438.92,1.2
44438.96,1.2
44439,1.2
44439.04,1.2
44439.08,1.2
44439.12,1.2
44439.17,1.2
44439.21,1.2
44439.25,1.2
44439.29,1.2
44439.33,1.2
44439.38,1.2
44439.42,1.2
44439.46,1.2
44439.5,1.2
44439.54,1.2
44439.58,1.2
44439.62,1.2
44439.67,1.2
44439.71,1.2
44439.75,1.2
44439.79,1.2
44439.83,1.2
44439.88,1.2
44439.92,1.2
44439.96,1.2
44440,1.2
44440.04,1.2
44440.08,1.2
44440.12,1.2
44440.17,1.2
44440.21,1.2
44440.25,1.2
44440.29,1.2
44440.33,1.2
44440.38,1.2
44440.42,1.2
44440.46,1.2
44440.5,1.2
44440.54,1.2
44440.58,1.2
44440.62,1.2
44440.67,1.2
44440.71,1.2
44440.75,1.2
44440.79,1.2
44440.83,1.2
44440.88,1.2
44440.92,1.2
44440.96,1.2
44441,1.2
44441.04,1.2
44441.08,1.2
44441.12,1.2
44441.17,1.2
44441.21,1.2
44441.25,1.2
44441.29,1.2
44441.33,1.2
44441.38,1.2
44441.42,1.2
44441.46,1.2
44441.5,1.2
44441.54,1.2
44441.58,1.2
44441.62,1.2
44441.67,1.2
44441.71,1.2
44441.75,1.2
44441.79,1.2
44441.83,1.2
44441.88,1.2
44441.92,1.2
44441.96,1.2
44442,1.2
44442.04,1.2
44442.08,1.2
44442.12,1.2
44442.17,1.2
44442.21,1.2
44442.25,1.2
44442.29,1.2
44442.33,1.2
44442.38,1.2
44442.42,1.2
44442.46,1.2
44442.5,1.2
44442.54,1.2
44442.58,1.2
44442.62,1.2
44442.67,1.2
44442.71,1.2
44442.75,1.2
44442.79,1.2
44442.83,1.2
44442.88,1.2
44442.92,1.2
44442.96,1.2
44443,1.2
44443.04,1.2
44443.08,1.2
44443.12,1.2
44443.17,1.2
44443.21,1.2
44443.25,1.2
44443.29,1.2
44443.33,1.2
44443.38,1.2
44443.42,1.2
44443.46,1.2
44443.5,1.2
44443.54,1.2
44443.58,1.2
44443.62,1.2
44443.67,1.2
44443.71,1.2
44443.75,1.2
44443.79,1.2
44443.83,1.2
44443.88,1.2
44443.92,1.2
44443.96,1.2
44444,1.2
44444.04,1.2
44444.08,1.2
44444.12,1.2
44444.17,1.2
44444.21,1.2
44444.25,1.2
44444.29,1.2
44444.33,1.2
44444.38,1.2
44444.42,1.2
44444.46,1.2
44444.5,1.2
44444.54,1.2
44444.58,1.2
44444.62,1.2
44444.67,1.2
44444.71,1.2
44444.75,1.2
44444.79,1.2
44444.83,1.2
44444.88,1.2
44444.92,1.2
44444.96,1.2
44445,1.2
44445.04,1.2
44445.08,1.2
44445.12,1.2
44445.17,1.2
44445.21,1.2
44445.25,1.2
44445.29,1.2
44445.33,1.2
44445.38,1.2
44445.42,1.2
44445.46,1.2
44445.5,1.2
44445.54,1.2
44445.58,1.2
44445.62,1.2
44445.67,1.2
44445.71,1.2
44445.75,1.2
44445.79,1.2
44445.83,1.2
44445.88,1.2
44445.92,1.2
44445.96,1.2
44446,1.2
44446.04,1.2
44446.08,1.2
44446.12,1.2
44446.17,1.2
44446.21,1.2
44446.25,1.2
44446.29,1.2
44446.33,1.2
44446.38,1.2
44446.42,1.2
44446.46,1.2
44446.5,1.2
44446.54,1.2
44446.58,1.2
44446.62,1.2
44446.67,1.2
44446.71,1.2
44446.75,1.2
44446.79,1.2
44446.83,1.2
44446.88,1.2
44446.92,1.2
44446.96,1.2
44447,1.2
44447.04,1.2
44447.08,1.2
44447.12,1.2
44447.17,1.2
44447.21,1.2
44447.25,1.2
44447.29,1.2
44447.33,1.2
44447.38,1.2
44447.42,1.2
44447.46,1.2
44447.5,1.2
44447.54,1.2
44447.58,1.2
44447.62,1.2
44447.67,1.2
44447.71,1.2
44447.75,1.2
44447.79,1.2
44447.83,1.2
44447.88,1.2
44447.92,1.2
44447.96,1.2
44448,1.2
44448.04,1.2
44448.08,1.2
44448.12,1.2
44448.17,1.2
44448.21,1.2
44448.25,1.2
44448.29,1.2
44448.33,1.2
44448.38,1.2
44448.42,1.2
44448.46,1.2
44448.5,1.2
44448.54,1.2
44448.58,1.2
44448.62,1.2
44448.67,1.2
44448.71,1.2
44448.75,1.2
44448.79,1.2
44448.83,1.2
44448.88,1.2
44448.92,1.2
44448.96,1.2
44449,1.2
44449.04,1.2
44449.08,1.2
44449.12,1.2
44449.17,1.2
44449.21,1.2
44449.25,1.2
44449.29,1.2
44449.33,1.2
44449.38,1.2
44449.42,1.2
44449.46,1.2
44449.5,1.2
44449.54,1.2
44449.58,1.2
44449.62,1.2
44449.67,1.2
44449.71,1.2
44449.75,1.2
44449.79,1.2
44449.83,1.2
44449.88,1.2
44449.92,1.2
44449.96,1.2
44450,1.2
44450.04,1.2
44450.08,1.2
44450.12,1.2
44450.17,1.2
44450.21,1.2
44450.25,1.2
44450.29,1.2
44450.33,1.2
44450.38,1.2
44450.42,1.2
44450.46,1.2
44450.5,1.2
44450.54,1.2
44450.58,1.2
44450.62,1.2
44450.67,1.2
44450.71,1.2
44450.75,1.2
44450.79,1.2
44450.83,1.2
44450.88,1.2
44450.92,1.2
44450.96,1.2
44451,1.2
44451.04,1.2
44451.08,1.2
44451.12,1.2
44451.17,1.2
44451.21,1.2
44451.25,1.2
44451.29,1.2
44451.33,1.2
44451.38,1.2
44451.42,1.2
44451.46,1.2
44451.5,1.2
44451.54,1.2
44451.58,1.2
44451.62,1.2
44451.67,1.2
44451.71,1.2
44451.75,1.2
44451.79,1.2
44451.83,1.2
44451.88,1.2
44451.92,1.2
44451.96,1.2
44452,1.2
44452.04,1.2
44452.08,1.2
44452.12,1.2
44452.17,1.2
44452.21,1.2
44452.25,1.2
44452.29,1.2
44452.33,1.2
44452.38,1.2
44452.42,1.2
44452.46,1.2
44452.5,1.2
44452.54,1.2
44452.58,1.2
44452.62,1.2
44452.67,1.2
44452.71,1.2
44452.75,1.2
44452.79,1.2
44452.83,1.2
44452.88,1.2
44452.92,1.2
44452.96,1.2
44453,1.2
44453.04,1.2
44453.08,1.2
44453.12,1.2
44453.17,1.2
44453.21,1.2
44453.25,1.2
44453.29,1.2
44453.33,1.2
44453.38,1.2
44453.42,1.2
44453.46,1.2
44453.5,1.2
44453.54,1.2
44453.58,1.2
44453.62,1.2
44453.67,1.2
44453.71,1.2
44453.75,1.2
44453.79,1.2
44453.83,1.2
44453.88,1.2
44453.92,1.2
44453.96,1.2
44454,1.2
44454.04,1.2
44454.08,1.2
44454.12,1.2
44454.17,1.2
44454.21,1.2
44454.25,1.2
44454.29,1.2
44454.33,1.2
44454.38,1.2
44454.42,1.2
44454.46,1.2
44454.5,1.2
44454.54,1.2
44454.58,1.2
44454.62,1.2
44454.67,1.2
44454.71,1.2
44454.75,1.2
44454.79,1.2
44454.83,1.2
44454.88,1.2
44454.92,1.2
44454.96,1.2
44455,1.2
44455.04,1.2
44455.08,1.2
44455.12,1.2
44455.17,1.2
44455.21,1.2
44455.25,1.2
44455.29,1.2
44455.33,1.2
44455.38,1.2
44455.42,1.2
44455.46,1.2
44455.5,1.2
44455.54,1.2
44455.58,1.2
44455.62,1.2
44455.67,1.2
44455.71,1.2
44455.75,1.2
44455.79,1.2
44455.83,1.2
44455.88,1.2
44455.92,1.2
44455.96,1.2
44456,1.2
44456.04,1.2
44456.08,1.2
44456.12,1.2
44456.17,1.2
44456.21,1.2
44456.25,1.2
44456.29,1.2
44456.33,1.2
44456.38,1.2
44456.42,1.2
44456.46,1.2
44456.5,1.2
44456.54,1.2
44456.58,1.2
44456.62,1.2
44456.67,1.2
44456.71,1.2
44456.75,1.2
44456.79,1.2
44456.83,1.2
44456.88,1.2
44456.92,1.2
44456.96,1.2
44457,1.2
44457.04,1.2
44457.08,1.2
44457.12,1.2
44457.17,1.2
44457.21,1.2
44457.25,1.2
44457.29,1.2
44457.33,1.2
44457.38,1.2
44457.42,1.2
44457.46,1.2
44457.5,1.2
44457.54,1.2
44457.58,1.2
44457.62,1.2
44457.67,1.2
44457.71,1.2
44457.75,1.2
44457.79,1.2
44457.83,1.2
44457.88,1.2
44457.92,1.2
44457.96,1.2
44458,1.2
44458.04,1.2
44458.08,1.2
44458.12,1.2
44458.17,1.2
44458.21,1.2
44458.25,1.2
44458.29,1.2
44458.33,1.2
44458.38,1.2
44458.42,1.2
44458.46,1.2
44458.5,1.2
44458.54,1.2
44458.58,1.2
44458.62,1.2
44458.67,1.2
44458.71,1.2
44458.75,1.2
44458.79,1.2
44458.83,1.2
44458.88,1.2
44458.92,1.2
44458.96,1.2
44459,1.2
44459.04,1.2
44459.08,1.2
44459.12,1.2
44459.17,1.2
44459.21,1.2
44459.25,1.2
44459.29,1.2
44459.33,1.2
44459.38,1.2
44459.42,1.2
44459.46,1.2
44459.5,1.2
44459.54,1.2
44459.58,1.2
44459.62,1.2
44459.67,1.2
44459.71,1.2
44459.75,1.2
44459.79,1.2
44459.83,1.2
44459.88,1.2
44459.92,1.2
44459.96,1.2
44460,1.2
44460.04,1.2
44460.08,1.2
44460.12,1.2
44460.17,1.2
44460.21,1.2
44460.25,1.2
44460.29,1.2
44460.33,1.2
44460.38,1.2
44460.42,1.2
44460.46,1.2
44460.5,1.2
44460.54,1.2
44460.58,1.2
44460.62,1.2
44460.67,1.2
44460.71,1.2
44460.75,1.2
44460.79,1.2
44460.83,1.2
44460.88,1.2
44460.92,1.2
44460.96,1.2
44461,1.2
44461.04,1.2
44461.08,1.2
44461.12,1.2
44461.17,1.2
44461.21,1.2
44461.25,1.2
44461.29,1.2
44461.33,1.2
44461.38,1.2
44461.42,1.2
44461.46,1.2
44461.5,1.2
44461.54,1.2
44461.58,1.2
44461.62,1.2
44461.67,1.2
44461.71,1.2
44461.75,1.2
44461.79,1.2
44461.83,1.2
44461.88,1.2
44461.92,1.2
44461.96,1.2
44462,1.2
44462.04,1.2
44462.08,1.2
44462.12,1.2
44462.17,1.2
44462.21,1.2
44462.25,1.2
44462.29,1.2
44462.33,1.2
44462.38,1.2
44462.42,1.2
44462.46,1.2
44462.5,1.2
44462.54,1.2
44462.58,1.2
44462.62,1.2
44462.67,1.2
44462.71,1.2
44462.75,1.2
44462.79,1.2
44462.83,1.2
44462.88,1.2
44462.92,1.2
44462.96,1.2
44463,1.2
44463.04,1.2
44463.08,1.2
44463.12,1.2
44463.17,1.2
44463.21,1.2
44463.25,1.2
44463.29,1.2
44463.33,1.2
44463.38,1.2
44463.42,1.2
44463.46,1.2
44463.5,1.2
44463.54,1.2
44463.58,1.2
44463.62,1.2
44463.67,1.2
44463.71,1.2
44463.75,1.2
44463.79,1.2
44463.83,1.2
44463.88,1.2
44463.92,1.2
44463.96,1.2
44464,1.2
44464.04,1.2
44464.08,1.2
44464.12,1.2
44464.17,1.2
44464.21,1.2
44464.25,1.2
44464.29,1.2
44464.33,1.2
44464.38,1.2
44464.42,1.2
44464.46,1.2
44464.5,1.2
44464.54,1.2
44464.58,1.2
44464.62,1.2
44464.67,1.2
44464.71,1.2
44464.75,1.2
44464.79,1.2
44464.83,1.2
44464.88,1.2
44464.92,1.2
44464.96,1.2
44465,1.2
44465.04,1.2
44465.08,1.2
44465.12,1.2
44465.17,1.2
44465.21,1.2
44465.25,1.2
44465.29,1.2
44465.33,1.2
44465.38,1.2
44465.42,1.2
44465.46,1.2
44465.5,1.2
44465.54,1.2
44465.58,1.2
44465.62,1.2
44465.67,1.2
44465.71,1.2
44465.75,1.2
44465.79,1.2
44465.83,1.2
44465.88,1.2
44465.92,1.2
44465.96,1.2
44466,1.2
44466.04,1.2
44466.08,1.2
44466.12,1.2
44466.17,1.2
44466.21,1.2
44466.25,1.2
44466.29,1.2
44466.33,1.2
44466.38,1.2
44466.42,1.2
44466.46,1.2
44466.5,1.2
44466.54,1.2
44466.58,1.2
44466.62,1.2
44466.67,1.2
44466.71,1.2
44466.75,1.2
44466.79,1.2
44466.83,1.2
44466.88,1.2
44466.92,1.2
44466.96,1.2
44467,1.2
44467.04,1.2
44467.08,1.2
44467.12,1.2
44467.17,1.2
44467.21,1.2
44467.25,1.2
44467.29,1.2
44467.33,1.2
44467.38,1.2
44467.42,1.2
44467.46,1.2
44467.5,1.2
44467.54,1.2
44467.58,1.2
44467.62,1.2
44467.67,1.2
44467.71,1.2
44467.75,1.2
44467.79,1.2
44467.83,1.2
44467.88,1.2
44467.92,1.2
44467.96,1.2
44468,1.2
44468.04,1.2
44468.08,1.2
44468.12,1.2
44468.17,1.2
44468.21,1.2
44468.25,1.2
44468.29,1.2
44468.33,1.2
44468.38,1.2
44468.42,1.2
44468.46,1.2
44468.5,1.2
44468.54,1.2
44468.58,1.2
44468.62,1.2
44468.67,1.2
44468.71,1.2
44468.75,1.2
44468.79,1.2
44468.83,1.2
44468.88,1.2
44468.92,1.2
44468.96,1.2
44469,1.2
44469.04,1.2
44469.08,1.2
44469.12,1.2
44469.17,1.2
44469.21,1.2
44469.25,1.2
44469.29,1.2
44469.33,1.2
44469.38,1.2
44469.42,1.2
44469.46,1.2
44469.5,1.2
44469.54,1.2
44469.58,1.2
44469.62,1.2
44469.67,1.2
44469.71,1.2
44469.75,1.2
44469.79,1.2
44469.83,1.2
44469.88,1.2
44469.92,1.2
44469.96,1.2
44470,1.2
44470.04,1.2
44470.08,1.2
44470.12,1.2
44470.17,1.2
44470.21,1.2
44470.25,1.2
44470.29,1.2
44470.33,1.2
44470.38,1.2
44470.42,1.2
44470.46,1.2
44470.5,1.2
44470.54,1.2
44470.58,1.2
44470.62,1.2
44470.67,1.2
44470.71,1.2
44470.75,1.2
44470.79,1.2
44470.83,1.2
44470.88,1.2
44470.92,1.2
44470.96,1.2
44471,1.2
44471.04,1.2
44471.08,1.2
44471.12,1.2
44471.17,1.2
44471.21,1.2
44471.25,1.2
44471.29,1.2
44471.33,1.2
44471.38,1.2
44471.42,1.2
44471.46,1.2
44471.5,1.2
44471.54,1.2
44471.58,1.2
44471.62,1.2
44471.67,1.2
44471.71,1.2
44471.75,1.2
44471.79,1.2
44471.83,1.2
44471.88,1.2
44471.92,1.2
44471.96,1.2
44472,1.2
44472.04,1.2
44472.08,1.2
44472.12,1.2
44472.17,1.2
44472.21,1.2
44472.25,1.2
44472.29,1.2
44472.33,1.2
44472.38,1.2
44472.42,1.2
44472.46,1.2
44472.5,1.2
44472.54,1.2
44472.58,1.2
44472.62,1.2
44472.67,1.2
44472.71,1.2
44472.75,1.2
44472.79,1.2
44472.83,1.2
44472.88,1.2
44472.92,1.2
44472.96,1.2
44473,1.2
44473.04,1.2
44473.08,1.2
44473.12,1.2
44473.17,1.2
44473.21,1.2
44473.25,1.2
44473.29,1.2
44473.33,1.2
44473.38,1.2
44473.42,1.2
44473.46,1.2
44473.5,1.2
44473.54,1.2
44473.58,1.2
44473.62,1.2
44473.67,1.2
44473.71,1.2
44473.75,1.2
44473.79,1.2
44473.83,1.2
44473.88,1.2
44473.92,1.2
44473.96,1.2
44474,1.2
44474.04,1.2
44474.08,1.2
44474.12,1.2
44474.17,1.2
44474.21,1.2
44474.25,1.2
44474.29,1.2
44474.33,1.2
44474.38,1.2
44474.42,1.2
44474.46,1.2
44474.5,1.2
44474.54,1.2
44474.58,1.2
44474.62,1.2
44474.67,1.2
44474.71,1.2
44474.75,1.2
44474.79,1.2
44474.83,1.2
44474.88,1.2
44474.92,1.2
44474.96,1.2
44475,1.2
44475.04,1.2
44475.08,1.2
44475.12,1.2
44475.17,1.2
44475.21,1.2
44475.25,1.2
44475.29,1.2
44475.33,1.2
44475.38,1.2
44475.42,1.2
44475.46,1.2
44475.5,1.2
44475.54,1.2
44475.58,1.2
44475.62,1.2
44475.67,1.2
44475.71,1.2
44475.75,1.2
44475.79,1.2
44475.83,1.2
44475.88,1.2
44475.92,1.2
44475.96,1.2
44476,1.2
44476.04,1.2
44476.08,1.2
44476.12,1.2
44476.17,1.2
44476.21,1.2
44476.25,1.2
44476.29,1.2
44476.33,1.2
44476.38,1.2
44476.42,1.2
44476.46,1.2
44476.5,1.2
44476.54,1.2
44476.58,1.2
44476.62,1.2
44476.67,1.2
44476.71,1.2
44476.75,1.2
44476.79,1.2
44476.83,1.2
44476.88,1.2
44476.92,1.2
44476.96,1.2
44477,1.2
44477.04,1.2
44477.08,1.2
44477.12,1.2
44477.17,1.2
44477.21,1.2
44477.25,1.2
44477.29,1.2
44477.33,1.2
44477.38,1.2
44477.42,1.2
44477.46,1.2
44477.5,1.2
44477.54,1.2
44477.58,1.2
44477.62,1.2
44477.67,1.2
44477.71,1.2
44477.75,1.2
44477.79,1.2
44477.83,1.2
44477.88,1.2
44477.92,1.2
44477.96,1.2
44478,1.2
44478.04,1.2
44478.08,1.2
44478.12,1.2
44478.17,1.2
44478.21,1.2
44478.25,1.2
44478.29,1.2
44478.33,1.2
44478.38,1.2
44478.42,1.2
44478.46,1.2
44478.5,1.2
44478.54,1.2
44478.58,1.2
44478.62,1.2
44478.67,1.2
44478.71,1.2
44478.75,1.2
44478.79,1.2
44478.83,1.2
44478.88,1.2
44478.92,1.2
44478.96,1.2
44479,1.2
44479.04,1.2
44479.08,1.2
44479.12,1.2
44479.17,1.2
44479.21,1.2
44479.25,1.2
44479.29,1.2
44479.33,1.2
44479.38,1.2
44479.42,1.2
44479.46,1.2
44479.5,1.2
44479.54,1.2
44479.58,1.2
44479.62,1.2
44479.67,1.2
44479.71,1.2
44479.75,1.2
44479.79,1.2
44479.83,1.2
44479.88,1.2
44479.92,1.2
44479.96,1.2
44480,1.2
44480.04,1.2
44480.08,1.2
44480.12,1.2
44480.17,1.2
44480.21,1.2
44480.25,1.2
44480.29,1.2
44480.33,1.2
44480.38,1.2
44480.42,1.2
44480.46,1.2
44480.5,1.2
44480.54,1.2
44480.58,1.2
44480.62,1.2
44480.67,1.2
44480.71,1.2
44480.75,1.2
44480.79,1.2
44480.83,1.2
44480.88,1.2
44480.92,1.2
44480.96,1.2
44481,1.2
44481.04,1.2
44481.08,1.2
44481.12,1.2
44481.17,1.2
44481.21,1.2
44481.25,1.2
44481.29,1.2
44481.33,1.2
44481.38,1.2
44481.42,1.2
44481.46,1.2
44481.5,1.2
44481.54,1.2
44481.58,1.2
44481.62,1.2
44481.67,1.2
44481.71,1.2
44481.75,1.2
44481.79,1.2
44481.83,1.2
44481.88,1.2
44481.92,1.2
44481.96,1.2
44482,1.2
44482.04,1.2
44482.08,1.2
44482.12,1.2
44482.17,1.2
44482.21,1.2
44482.25,1.2
44482.29,1.2
44482.33,1.2
44482.38,1.2
44482.42,1.2
44482.46,1.2
44482.5,1.2
44482.54,1.2
44482.58,1.2
44482.62,1.2
44482.67,1.2
44482.71,1.2
44482.75,1.2
44482.79,1.2
44482.83,1.2
44482.88,1.2
44482.92,1.2
44482.96,1.2
44483,1.2
44483.04,1.2
44483.08,1.2
44483.12,1.2
44483.17,1.2
44483.21,1.2
44483.25,1.2
44483.29,1.2
44483.33,1.2
44483.38,1.2
44483.42,1.2
44483.46,1.2
44483.5,1.2
44483.54,1.2
44483.58,1.2
44483.62,1.2
44483.67,1.2
44483.71,1.2
44483.75,1.2
44483.79,1.2
44483.83,1.2
44483.88,1.2
44483.92,1.2
44483.96,1.2
44484,1.2
44484.04,1.2
44484.08,1.2
44484.12,1.2
44484.17,1.2
44484.21,1.2
44484.25,1.2
44484.29,1.2
44484.33,1.2
44484.38,1.2
44484.42,1.2
44484.46,1.2
44484.5,1.2
44484.54,1.2
44484.58,1.2
44484.62,1.2
44484.67,1.2
44484.71,1.2
44484.75,1.2
44484.79,1.2
44484.83,1.2
44484.88,1.2
44484.92,1.2
44484.96,1.2
44485,1.2
44485.04,1.2
44485.08,1.2
44485.12,1.2
44485.17,1.2
44485.21,1.2
44485.25,1.2
44485.29,1.2
44485.33,1.2
44485.38,1.2
44485.42,1.2
44485.46,1.2
44485.5,1.2
44485.54,1.2
44485.58,1.2
44485.62,1.2
44485.67,1.2
44485.71,1.2
44485.75,1.2
44485.79,1.2
44485.83,1.2
44485.88,1.2
44485.92,1.2
44485.96,1.2
44486,1.2
44486.04,1.2
44486.08,1.2
44486.12,1.2
44486.17,1.2
44486.21,1.2
44486.25,1.2
44486.29,1.2
44486.33,1.2
44486.38,1.2
44486.42,1.2
44486.46,1.2
44486.5,1.2
44486.54,1.2
44486.58,1.2
44486.62,1.2
44486.67,1.2
44486.71,1.2
44486.75,1.2
44486.79,1.2
44486.83,1.2
44486.88,1.2
44486.92,1.2
44486.96,1.2
44487,1.2
44487.04,1.2
44487.08,1.2
44487.12,1.2
44487.17,1.2
44487.21,1.2
44487.25,1.2
44487.29,1.2
44487.33,1.2
44487.38,1.2
44487.42,1.2
44487.46,1.2
44487.5,1.2
44487.54,1.2
44487.58,1.2
44487.62,1.2
44487.67,1.2
44487.71,1.2
44487.75,1.2
44487.79,1.2
44487.83,1.2
44487.88,1.2
44487.92,1.2
44487.96,1.2
44488,1.2
44488.04,1.2
44488.08,1.2
44488.12,1.2
44488.17,1.2
44488.21,1.2
44488.25,1.2
44488.29,1.2
44488.33,1.2
44488.38,1.2
44488.42,1.2
44488.46,1.2
44488.5,1.2
44488.54,1.2
44488.58,1.2
44488.62,1.2
44488.67,1.2
44488.71,1.2
44488.75,1.2
44488.79,1.2
44488.83,1.2
44488.88,1.2
44488.92,1.2
44488.96,1.2
44489,1.2
44489.04,1.2
44489.08,1.2
44489.12,1.2
44489.17,1.2
44489.21,1.2
44489.25,1.2
44489.29,1.2
44489.33,1.2
44489.38,1.2
44489.42,1.2
44489.46,1.2
44489.5,1.2
44489.54,1.2
44489.58,1.2
44489.62,1.2
44489.67,1.2
44489.71,1.2
44489.75,1.2
44489.79,1.2
44489.83,1.2
44489.88,1.2
44489.92,1.2
44489.96,1.2
44490,1.2
44490.04,1.2
44490.08,1.2
44490.12,1.2
44490.17,1.2
44490.21,1.2
44490.25,1.2
44490.29,1.2
44490.33,1.2
44490.38,1.2
44490.42,1.2
44490.46,1.2
44490.5,1.2
44490.54,1.2
44490.58,1.2
44490.62,1.2
44490.67,1.2
44490.71,1.2
44490.75,1.2
44490.79,1.2
44490.83,1.2
44490.88,1.2
44490.92,1.2
44490.96,1.2
44491,1.2
44491.04,1.2
44491.08,1.2
44491.12,1.2
44491.17,1.2
44491.21,1.2
44491.25,1.2
44491.29,1.2
44491.33,1.2
44491.38,1.2
44491.42,1.2
44491.46,1.2
44491.5,1.2
44491.54,1.2
44491.58,1.2
44491.62,1.2
44491.67,1.2
44491.71,1.2
44491.75,1.2
44491.79,1.2
44491.83,1.2
44491.88,1.2
44491.92,1.2
44491.96,1.2
44492,1.2
44492.04,1.2
44492.08,1.2
44492.12,1.2
44492.17,1.2
44492.21,1.2
44492.25,1.2
44492.29,1.2
44492.33,1.2
44492.38,1.2
44492.42,1.2
44492.46,1.2
44492.5,1.2
44492.54,1.2
44492.58,1.2
44492.62,1.2
44492.67,1.2
44492.71,1.2
44492.75,1.2
44492.79,1.2
44492.83,1.2
44492.88,1.2
44492.92,1.2
44492.96,1.2
44493,1.2
44493.04,1.2
44493.08,1.2
44493.12,1.2
44493.17,1.2
44493.21,1.2
44493.25,1.2
44493.29,1.2
44493.33,1.2
44493.38,1.2
44493.42,1.2
44493.46,1.2
44493.5,1.2
44493.54,1.2
44493.58,1.2
44493.62,1.2
44493.67,1.2
44493.71,1.2
44493.75,1.2
44493.79,1.2
44493.83,1.2
44493.88,1.2
44493.92,1.2
44493.96,1.2
44494,1.2
44494.04,1.2
44494.08,1.2
44494.12,1.2
44494.17,1.2
44494.21,1.2
44494.25,1.2
44494.29,1.2
44494.33,1.2
44494.38,1.2
44494.42,1.2
44494.46,1.2
44494.5,1.2
44494.54,1.2
44494.58,1.2
44494.62,1.2
44494.67,1.2
44494.71,1.2
44494.75,1.2
44494.79,1.2
44494.83,1.2
44494.88,1.2
44494.92,1.2
44494.96,1.2
44495,1.2
44495.04,1.2
44495.08,1.2
44495.12,1.2
44495.17,1.2
44495.21,1.2
44495.25,1.2
44495.29,1.2
44495.33,1.2
44495.38,1.2
44495.42,1.2
44495.46,1.2
44495.5,1.2
44495.54,1.2
44495.58,1.2
44495.62,1.2
44495.67,1.2
44495.71,1.2
44495.75,1.2
44495.79,1.2
44495.83,1.2
44495.88,1.2
44495.92,1.2
44495.96,1.2
44496,1.2
44496.04,1.2
44496.08,1.2
44496.12,1.2
44496.17,1.2
44496.21,1.2
44496.25,1.2
44496.29,1.2
44496.33,1.2
44496.38,1.2
44496.42,1.2
44496.46,1.2
44496.5,1.2
44496.54,1.2
44496.58,1.2
44496.62,1.2
44496.67,1.2
44496.71,1.2
44496.75,1.2
44496.79,1.2
44496.83,1.2
44496.88,1.2
44496.92,1.2
44496.96,1.2
44497,1.2
44497.04,1.2
44497.08,1.2
44497.12,1.2
44497.17,1.2
44497.21,1.2
44497.25,1.2
44497.29,1.2
44497.33,1.2
44497.38,1.2
44497.42,1.2
44497.46,1.2
44497.5,1.2
44497.54,1.2
44497.58,1.2
44497.62,1.2
44497.67,1.2
44497.71,1.2
44497.75,1.2
44497.79,1.2
44497.83,1.2
44497.88,1.2
44497.92,1.2
44497.96,1.2
44498,1.2
44498.04,1.2
44498.08,1.2
44498.12,1.2
44498.17,1.2
44498.21,1.2
44498.25,1.2
44498.29,1.2
44498.33,1.2
44498.38,1.2
44498.42,1.2
44498.46,1.2
44498.5,1.2
44498.54,1.2
44498.58,1.2
44498.62,1.2
44498.67,1.2
44498.71,1.2
44498.75,1.2
44498.79,1.2
44498.83,1.2
44498.88,1.2
44498.92,1.2
44498.96,1.2
44499,1.2
44499.04,1.2
44499.08,1.2
44499.12,1.2
44499.17,1.2
44499.21,1.2
44499.25,1.2
44499.29,1.2
44499.33,1.2
44499.38,1.2
44499.42,1.2
44499.46,1.2
44499.5,1.2
44499.54,1.2
44499.58,1.2
44499.62,1.2
44499.67,1.2
44499.71,1.2
44499.75,1.2
44499.79,1.2
44499.83,1.2
44499.88,1.2
44499.92,1.2
44499.96,1.2
44500,1.2
44500.04,1.2
44500.08,1.2
44500.12,1.2
44500.17,1.2
44500.21,1.2
44500.25,1.2
44500.29,1.2
44500.33,1.2
44500.38,1.2
44500.42,1.2
44500.46,1.2
44500.5,1.2
44500.54,1.2
44500.58,1.2
44500.62,1.2
44500.67,1.2
44500.71,1.2
44500.75,1.2
44500.79,1.2
44500.83,1.2
44500.88,1.2
44500.92,1.2
44500.96,1.2
44501,1.2
44501.04,1.2
44501.08,1.2
44501.12,1.2
44501.17,1.2
44501.21,1.2
44501.25,1.2
44501.29,1.2
44501.33,1.2
44501.38,1.2
44501.42,1.2
44501.46,1.2
44501.5,1.2
44501.54,1.2
44501.58,1.2
44501.62,1.2
44501.67,1.2
44501.71,1.2
44501.75,1.2
44501.79,1.2
44501.83,1.2
44501.88,1.2
44501.92,1.2
44501.96,1.2
44502,1.2
44502.04,1.2
44502.08,1.2
44502.12,1.2
44502.17,1.2
44502.21,1.2
44502.25,1.2
44502.29,1.2
44502.33,1.2
44502.38,1.2
44502.42,1.2
44502.46,1.2
44502.5,1.2
44502.54,1.2
44502.58,1.2
44502.62,1.2
44502.67,1.2
44502.71,1.2
44502.75,1.2
44502.79,1.2
44502.83,1.2
44502.88,1.2
44502.92,1.2
44502.96,1.2
44503,1.2
44503.04,1.2
44503.08,1.2
44503.12,1.2
44503.17,1.2
44503.21,1.2
44503.25,1.2
44503.29,1.2
44503.33,1.2
44503.38,1.2
44503.42,1.2
44503.46,1.2
44503.5,1.2
44503.54,1.2
44503.58,1.2
44503.62,1.2
44503.67,1.2
44503.71,1.2
44503.75,1.2
44503.79,1.2
44503.83,1.2
44503.88,1.2
44503.92,1.2
44503.96,1.2
44504,1.2
44504.04,1.2
44504.08,1.2
44504.12,1.2
44504.17,1.2
44504.21,1.2
44504.25,1.2
44504.29,1.2
44504.33,1.2
44504.38,1.2
44504.42,1.2
44504.46,1.2
44504.5,1.2
44504.54,1.2
44504.58,1.2
44504.62,1.2
44504.67,1.2
44504.71,1.2
44504.75,1.2
44504.79,1.2
44504.83,1.2
44504.88,1.2
44504.92,1.2
44504.96,1.2
44505,1.2
44505.04,1.2
44505.08,1.2
44505.12,1.2
44505.17,1.2
44505.21,1.2
44505.25,1.2
44505.29,1.2
44505.33,1.2
44505.38,1.2
44505.42,1.2
44505.46,1.2
44505.5,1.2
44505.54,1.2
44505.58,1.2
44505.62,1.2
44505.67,1.2
44505.71,1.2
44505.75,1.2
44505.79,1.2
44505.83,1.2
44505.88,1.2
44505.92,1.2
44505.96,1.2
44506,1.2
44506.04,1.2
44506.08,1.2
44506.12,1.2
44506.17,1.2
44506.21,1.2
44506.25,1.2
44506.29,1.2
44506.33,1.2
44506.38,1.2
44506.42,1.2
44506.46,1.2
44506.5,1.2
44506.54,1.2
44506.58,1.2
44506.62,1.2
44506.67,1.2
44506.71,1.2
44506.75,1.2
44506.79,1.2
44506.83,1.2
44506.88,1.2
44506.92,1.2
44506.96,1.2
44507,1.2
44507.04,1.2
44507.08,1.2
44507.12,1.2
44507.17,1.2
44507.21,1.2
44507.25,1.2
44507.29,1.2
44507.33,1.2
44507.38,1.2
44507.42,1.2
44507.46,1.2
44507.5,1.2
44507.54,1.2
44507.58,1.2
44507.62,1.2
44507.67,1.2
44507.71,1.2
44507.75,1.2
44507.79,1.2
44507.83,1.2
44507.88,1.2
44507.92,1.2
44507.96,1.2
44508,1.2
44508.04,1.2
44508.08,1.2
44508.12,1.2
44508.17,1.2
44508.21,1.2
44508.25,1.2
44508.29,1.2
44508.33,1.2
44508.38,1.2
44508.42,1.2
44508.46,1.2
44508.5,1.2
44508.54,1.2
44508.58,1.2
44508.62,1.2
44508.67,1.2
44508.71,1.2
44508.75,1.2
44508.79,1.2
44508.83,1.2
44508.88,1.2
44508.92,1.2
44508.96,1.2
44509,1.2
44509.04,1.2
44509.08,1.2
44509.12,1.2
44509.17,1.2
44509.21,1.2
44509.25,1.2
44509.29,1.2
44509.33,1.2
44509.38,1.2
44509.42,1.2
44509.46,1.2
44509.5,1.2
44509.54,1.2
44509.58,1.2
44509.62,1.2
44509.67,1.2
44509.71,1.2
44509.75,1.2
44509.79,1.2
44509.83,1.2
44509.88,1.2
44509.92,1.2
44509.96,1.2
44510,1.2
44510.04,1.2
44510.08,1.2
44510.12,1.2
44510.17,1.2
44510.21,1.2
44510.25,1.2
44510.29,1.2
44510.33,1.2
44510.38,1.2
44510.42,1.2
44510.46,1.2
44510.5,1.2
44510.54,1.2
44510.58,1.2
44510.62,1.2
44510.67,1.2
44510.71,1.2
44510.75,1.2
44510.79,1.2
44510.83,1.2
44510.88,1.2
44510.92,1.2
44510.96,1.2
44511,1.2
44511.04,1.2
44511.08,1.2
44511.12,1.2
44511.17,1.2
44511.21,1.2
44511.25,1.2
44511.29,1.2
44511.33,1.2
44511.38,1.2
44511.42,1.2
44511.46,1.2
44511.5,1.2
44511.54,1.2
44511.58,1.2
44511.62,1.2
44511.67,1.2
44511.71,1.2
44511.75,1.2
44511.79,1.2
44511.83,1.2
44511.88,1.2
44511.92,1.2
44511.96,1.2
44512,1.2
44512.04,1.2
44512.08,1.2
44512.12,1.2
44512.17,1.2
44512.21,1.2
44512.25,1.2
44512.29,1.2
44512.33,1.2
44512.38,1.2
44512.42,1.2
44512.46,1.2
44512.5,1.2
44512.54,1.2
44512.58,1.2
44512.62,1.2
44512.67,1.2
44512.71,1.2
44512.75,1.2
44512.79,1.2
44512.83,1.2
44512.88,1.2
44512.92,1.2
44512.96,1.2
44513,1.2
44513.04,1.2
44513.08,1.2
44513.12,1.2
44513.17,1.2
44513.21,1.2
44513.25,1.2
44513.29,1.2
44513.33,1.2
44513.38,1.2
44513.42,1.2
44513.46,1.2
44513.5,1.2
44513.54,1.2
44513.58,1.2
44513.62,1.2
44513.67,1.2
44513.71,1.2
44513.75,1.2
44513.79,1.2
44513.83,1.2
44513.88,1.2
44513.92,1.2
44513.96,1.2
44514,1.2
44514.04,1.2
44514.08,1.2
44514.12,1.2
44514.17,1.2
44514.21,1.2
44514.25,1.2
44514.29,1.2
44514.33,1.2
44514.38,1.2
44514.42,1.2
44514.46,1.2
44514.5,1.2
44514.54,1.2
44514.58,1.2
44514.62,1.2
44514.67,1.2
44514.71,1.2
44514.75,1.2
44514.79,1.2
44514.83,1.2
44514.88,1.2
44514.92,1.2
44514.96,1.2
44515,1.2
44515.04,1.2
44515.08,1.2
44515.12,1.2
44515.17,1.2
44515.21,1.2
44515.25,1.2
44515.29,1.2
44515.33,1.2
44515.38,1.2
44515.42,1.2
44515.46,1.2
44515.5,1.2
44515.54,1.2
44515.58,1.2
44515.62,1.2
44515.67,1.2
44515.71,1.2
44515.75,1.2
44515.79,1.2
44515.83,1.2
44515.88,1.2
44515.92,1.2
44515.96,1.2
44516,1.2
44516.04,1.2
44516.08,1.2
44516.12,1.2
44516.17,1.2
44516.21,1.2
44516.25,1.2
44516.29,1.2
44516.33,1.2
44516.38,1.2
44516.42,1.2
44516.46,1.2
44516.5,1.2
44516.54,1.2
44516.58,1.2
44516.62,1.2
44516.67,1.2
44516.71,1.2
44516.75,1.2
44516.79,1.2
44516.83,1.2
44516.88,1.2
44516.92,1.2
44516.96,1.2
44517,1.2
44517.04,1.2
44517.08,1.2
44517.12,1.2
44517.17,1.2
44517.21,1.2
44517.25,1.2
44517.29,1.2
44517.33,1.2
44517.38,1.2
44517.42,1.2
44517.46,1.2
44517.5,1.2
44517.54,1.2
44517.58,1.2
44517.62,1.2
44517.67,1.2
44517.71,1.2
44517.75,1.2
44517.79,1.2
44517.83,1.2
44517.88,1.2
44517.92,1.2
44517.96,1.2
44518,1.2
44518.04,1.2
44518.08,1.2
44518.12,1.2
44518.17,1.2
44518.21,1.2
44518.25,1.2
44518.29,1.2
44518.33,1.2
44518.38,1.2
44518.42,1.2
44518.46,1.2
44518.5,1.2
44518.54,1.2
44518.58,1.2
44518.62,1.2
44518.67,1.2
44518.71,1.2
44518.75,1.2
44518.79,1.2
44518.83,1.2
44518.88,1.2
44518.92,1.2
44518.96,1.2
44519,1.2
44519.04,1.2
44519.08,1.2
44519.12,1.2
44519.17,1.2
44519.21,1.2
44519.25,1.2
44519.29,1.2
44519.33,1.2
44519.38,1.2
44519.42,1.2
44519.46,1.2
44519.5,1.2
44519.54,1.2
44519.58,1.2
44519.62,1.2
44519.67,1.2
44519.71,1.2
44519.75,1.2
44519.79,1.2
44519.83,1.2
44519.88,1.2
44519.92,1.2
44519.96,1.2
44520,1.2
44520.04,1.2
44520.08,1.2
44520.12,1.2
44520.17,1.2
44520.21,1.2
44520.25,1.2
44520.29,1.2
44520.33,1.2
44520.38,1.2
44520.42,1.2
44520.46,1.2
44520.5,1.2
44520.54,1.2
44520.58,1.2
44520.62,1.2
44520.67,1.2
44520.71,1.2
44520.75,1.2
44520.79,1.2
44520.83,1.2
44520.88,1.2
44520.92,1.2
44520.96,1.2
44521,1.2
44521.04,1.2
44521.08,1.2
44521.12,1.2
44521.17,1.2
44521.21,1.2
44521.25,1.2
44521.29,1.2
44521.33,1.2
44521.38,1.2
44521.42,1.2
44521.46,1.2
44521.5,1.2
44521.54,1.2
44521.58,1.2
44521.62,1.2
44521.67,1.2
44521.71,1.2
44521.75,1.2
44521.79,1.2
44521.83,1.2
44521.88,1.2
44521.92,1.2
44521.96,1.2
44522,1.2
44522.04,1.2
44522.08,1.2
44522.12,1.2
44522.17,1.2
44522.21,1.2
44522.25,1.2
44522.29,1.2
44522.33,1.2
44522.38,1.2
44522.42,1.2
44522.46,1.2
44522.5,1.2
44522.54,1.2
44522.58,1.2
44522.62,1.2
44522.67,1.2
44522.71,1.2
44522.75,1.2
44522.79,1.2
44522.83,1.2
44522.88,1.2
44522.92,1.2
44522.96,1.2
44523,1.2
44523.04,1.2
44523.08,1.2
44523.12,1.2
44523.17,1.2
44523.21,1.2
44523.25,1.2
44523.29,1.2
44523.33,1.2
44523.38,1.2
44523.42,1.2
44523.46,1.2
44523.5,1.2
44523.54,1.2
44523.58,1.2
44523.62,1.2
44523.67,1.2
44523.71,1.2
44523.75,1.2
44523.79,1.2
44523.83,1.2
44523.88,1.2
44523.92,1.2
44523.96,1.2
44524,1.2
44524.04,1.2
44524.08,1.2
44524.12,1.2
44524.17,1.2
44524.21,1.2
44524.25,1.2
44524.29,1.2
44524.33,1.2
44524.38,1.2
44524.42,1.2
44524.46,1.2
44524.5,1.2
44524.54,1.2
44524.58,1.2
44524.62,1.2
44524.67,1.2
44524.71,1.2
44524.75,1.2
44524.79,1.2
44524.83,1.2
44524.88,1.2
44524.92,1.2
44524.96,1.2
44525,1.2
44525.04,1.2
44525.08,1.2
44525.12,1.2
44525.17,1.2
44525.21,1.2
44525.25,1.2
44525.29,1.2
44525.33,1.2
44525.38,1.2
44525.42,1.2
44525.46,1.2
44525.5,1.2
44525.54,1.2
44525.58,1.2
44525.62,1.2
44525.67,1.2
44525.71,1.2
44525.75,1.2
44525.79,1.2
44525.83,1.2
44525.88,1.2
44525.92,1.2
44525.96,1.2
44526,1.2
44526.04,1.2
44526.08,1.2
44526.12,1.2
44526.17,1.2
44526.21,1.2
44526.25,1.2
44526.29,1.2
44526.33,1.2
44526.38,1.2
44526.42,1.2
44526.46,1.2
44526.5,1.2
44526.54,1.2
44526.58,1.2
44526.62,1.2
44526.67,1.2
44526.71,1.2
44526.75,1.2
44526.79,1.2
44526.83,1.2
44526.88,1.2
44526.92,1.2
44526.96,1.2
44527,1.2
44527.04,1.2
44527.08,1.2
44527.12,1.2
44527.17,1.2
44527.21,1.2
44527.25,1.2
44527.29,1.2
44527.33,1.2
44527.38,1.2
44527.42,1.2
44527.46,1.2
44527.5,1.2
44527.54,1.2
44527.58,1.2
44527.62,1.2
44527.67,1.2
44527.71,1.2
44527.75,1.2
44527.79,1.2
44527.83,1.2
44527.88,1.2
44527.92,1.2
44527.96,1.2
44528,1.2
44528.04,1.2
44528.08,1.2
44528.12,1.2
44528.17,1.2
44528.21,1.2
44528.25,1.2
44528.29,1.2
44528.33,1.2
44528.38,1.2
44528.42,1.2
44528.46,1.2
44528.5,1.2
44528.54,1.2
44528.58,1.2
44528.62,1.2
44528.67,1.2
44528.71,1.2
44528.75,1.2
44528.79,1.2
44528.83,1.2
44528.88,1.2
44528.92,1.2
44528.96,1.2
44529,1.2
44529.04,1.2
44529.08,1.2
44529.12,1.2
44529.17,1.2
44529.21,1.2
44529.25,1.2
44529.29,1.2
44529.33,1.2
44529.38,1.2
44529.42,1.2
44529.46,1.2
44529.5,1.2
44529.54,1.2
44529.58,1.2
44529.62,1.2
44529.67,1.2
44529.71,1.2
44529.75,1.2
44529.79,1.2
44529.83,1.2
44529.88,1.2
44529.92,1.2
44529.96,1.2
44530,1.2
44530.04,1.2
44530.08,1.2
44530.12,1.2
44530.17,1.2
44530.21,1.2
44530.25,1.2
44530.29,1.2
44530.33,1.2
44530.38,1.2
44530.42,1.2
44530.46,1.2
44530.5,1.2
44530.54,1.2
44530.58,1.2
44530.62,1.2
44530.67,1.2
44530.71,1.2
44530.75,1.2
44530.79,1.2
44530.83,1.2
44530.88,1.2
44530.92,1.2
44530.96,1.2
44531,1.2
44531.04,1.2
44531.08,1.2
44531.12,1.2
44531.17,1.2
44531.21,1.2
44531.25,1.2
44531.29,1.2
44531.33,1.2
44531.38,1.2
44531.42,1.2
44531.46,1.2
44531.5,1.2
44531.54,1.2
44531.58,1.2
44531.62,1.2
44531.67,1.2
44531.71,1.2
44531.75,1.2
44531.79,1.2
44531.83,1.2
44531.88,1.2
44531.92,1.2
44531.96,1.2
44532,1.2
44532.04,1.2
44532.08,1.2
44532.12,1.2
44532.17,1.2
44532.21,1.2
44532.25,1.2
44532.29,1.2
44532.33,1.2
44532.38,1.2
44532.42,1.2
44532.46,1.2
44532.5,1.2
44532.54,1.2
44532.58,1.2
44532.62,1.2
44532.67,1.2
44532.71,1.2
44532.75,1.2
44532.79,1.2
44532.83,1.2
44532.88,1.2
44532.92,1.2
44532.96,1.2
44533,1.2
44533.04,1.2
44533.08,1.2
44533.12,1.2
44533.17,1.2
44533.21,1.2
44533.25,1.2
44533.29,1.2
44533.33,1.2
44533.38,1.2
44533.42,1.2
44533.46,1.2
44533.5,1.2
44533.54,1.2
44533.58,1.2
44533.62,1.2
44533.67,1.2
44533.71,1.2
44533.75,1.2
44533.79,1.2
44533.83,1.2
44533.88,1.2
44533.92,1.2
44533.96,1.2
44534,1.2
44534.04,1.2
44534.08,1.2
44534.12,1.2
44534.17,1.2
44534.21,1.2
44534.25,1.2
44534.29,1.2
44534.33,1.2
44534.38,1.2
44534.42,1.2
44534.46,1.2
44534.5,1.2
44534.54,1.2
44534.58,1.2
44534.62,1.2
44534.67,1.2
44534.71,1.2
44534.75,1.2
44534.79,1.2
44534.83,1.2
44534.88,1.2
44534.92,1.2
44534.96,1.2
44535,1.2
44535.04,1.2
44535.08,1.2
44535.12,1.2
44535.17,1.2
44535.21,1.2
44535.25,1.2
44535.29,1.2
44535.33,1.2
44535.38,1.2
44535.42,1.2
44535.46,1.2
44535.5,1.2
44535.54,1.2
44535.58,1.2
44535.62,1.2
44535.67,1.2
44535.71,1.2
44535.75,1.2
44535.79,1.2
44535.83,1.2
44535.88,1.2
44535.92,1.2
44535.96,1.2
44536,1.2
44536.04,1.2
44536.08,1.2
44536.12,1.2
44536.17,1.2
44536.21,1.2
44536.25,1.2
44536.29,1.2
44536.33,1.2
44536.38,1.2
44536.42,1.2
44536.46,1.2
44536.5,1.2
44536.54,1.2
44536.58,1.2
44536.62,1.2
44536.67,1.2
44536.71,1.2
44536.75,1.2
44536.79,1.2
44536.83,1.2
44536.88,1.2
44536.92,1.2
44536.96,1.2
44537,1.2
44537.04,1.2
44537.08,1.2
44537.12,1.2
44537.17,1.2
44537.21,1.2
44537.25,1.2
44537.29,1.2
44537.33,1.2
44537.38,1.2
44537.42,1.2
44537.46,1.2
44537.5,1.2
44537.54,1.2
44537.58,1.2
44537.62,1.2
44537.67,1.2
44537.71,1.2
44537.75,1.2
44537.79,1.2
44537.83,1.2
44537.88,1.2
44537.92,1.2
44537.96,1.2
44538,1.2
44538.04,1.2
44538.08,1.2
44538.12,1.2
44538.17,1.2
44538.21,1.2
44538.25,1.2
44538.29,1.2
44538.33,1.2
44538.38,1.2
44538.42,1.2
44538.46,1.2
44538.5,1.2
44538.54,1.2
44538.58,1.2
44538.62,1.2
44538.67,1.2
44538.71,1.2
44538.75,1.2
44538.79,1.2
44538.83,1.2
44538.88,1.2
44538.92,1.2
44538.96,1.2
44539,1.2
44539.04,1.2
44539.08,1.2
44539.12,1.2
44539.17,1.2
44539.21,1.2
44539.25,1.2
44539.29,1.2
44539.33,1.2
44539.38,1.2
44539.42,1.2
44539.46,1.2
44539.5,1.2
44539.54,1.2
44539.58,1.2
44539.62,1.2
44539.67,1.2
44539.71,1.2
44539.75,1.2
44539.79,1.2
44539.83,1.2
44539.88,1.2
44539.92,1.2
44539.96,1.2
44540,1.2
44540.04,1.2
44540.08,1.2
44540.12,1.2
44540.17,1.2
44540.21,1.2
44540.25,1.2
44540.29,1.2
44540.33,1.2
44540.38,1.2
44540.42,1.2
44540.46,1.2
44540.5,1.2
44540.54,1.2
44540.58,1.2
44540.62,1.2
44540.67,1.2
44540.71,1.2
44540.75,1.2
44540.79,1.2
44540.83,1.2
44540.88,1.2
44540.92,1.2
44540.96,1.2
44541,1.2
44541.04,1.2
44541.08,1.2
44541.12,1.2
44541.17,1.2
44541.21,1.2
44541.25,1.2
44541.29,1.2
44541.33,1.2
44541.38,1.2
44541.42,1.2
44541.46,1.2
44541.5,1.2
44541.54,1.2
44541.58,1.2
44541.62,1.2
44541.67,1.2
44541.71,1.2
44541.75,1.2
44541.79,1.2
44541.83,1.2
44541.88,1.2
44541.92,1.2
44541.96,1.2
44542,1.2
44542.04,1.2
44542.08,1.2
44542.12,1.2
44542.17,1.2
44542.21,1.2
44542.25,1.2
44542.29,1.2
44542.33,1.2
44542.38,1.2
44542.42,1.2
44542.46,1.2
44542.5,1.2
44542.54,1.2
44542.58,1.2
44542.62,1.2
44542.67,1.2
44542.71,1.2
44542.75,1.2
44542.79,1.2
44542.83,1.2
44542.88,1.2
44542.92,1.2
44542.96,1.2
44543,1.2
44543.04,1.2
44543.08,1.2
44543.12,1.2
44543.17,1.2
44543.21,1.2
44543.25,1.2
44543.29,1.2
44543.33,1.2
44543.38,1.2
44543.42,1.2
44543.46,1.2
44543.5,1.2
44543.54,1.2
44543.58,1.2
44543.62,1.2
44543.67,1.2
44543.71,1.2
44543.75,1.2
44543.79,1.2
44543.83,1.2
44543.88,1.2
44543.92,1.2
44543.96,1.2
44544,1.2
44544.04,1.2
44544.08,1.2
44544.12,1.2
44544.17,1.2
44544.21,1.2
44544.25,1.2
44544.29,1.2
44544.33,1.2
44544.38,1.2
44544.42,1.2
44544.46,1.2
44544.5,1.2
44544.54,1.2
44544.58,1.2
44544.62,1.2
44544.67,1.2
44544.71,1.2
44544.75,1.2
44544.79,1.2
44544.83,1.2
44544.88,1.2
44544.92,1.2
44544.96,1.2
44545,1.2
44545.04,1.2
44545.08,1.2
44545.12,1.2
44545.17,1.2
44545.21,1.2
44545.25,1.2
44545.29,1.2
44545.33,1.2
44545.38,1.2
44545.42,1.2
44545.46,1.2
44545.5,1.2
44545.54,1.2
44545.58,1.2
44545.62,1.2
44545.67,1.2
44545.71,1.2
44545.75,1.2
44545.79,1.2
44545.83,1.2
44545.88,1.2
44545.92,1.2
44545.96,1.2
44546,1.2
44546.04,1.2
44546.08,1.2
44546.12,1.2
44546.17,1.2
44546.21,1.2
44546.25,1.2
44546.29,1.2
44546.33,1.2
44546.38,1.2
44546.42,1.2
44546.46,1.2
44546.5,1.2
44546.54,1.2
44546.58,1.2
44546.62,1.2
44546.67,1.2
44546.71,1.2
44546.75,1.2
44546.79,1.2
44546.83,1.2
44546.88,1.2
44546.92,1.2
44546.96,1.2
44547,1.2
44547.04,1.2
44547.08,1.2
44547.12,1.2
44547.17,1.2
44547.21,1.2
44547.25,1.2
44547.29,1.2
44547.33,1.2
44547.38,1.2
44547.42,1.2
44547.46,1.2
44547.5,1.2
44547.54,1.2
44547.58,1.2
44547.62,1.2
44547.67,1.2
44547.71,1.2
44547.75,1.2
44547.79,1.2
44547.83,1.2
44547.88,1.2
44547.92,1.2
44547.96,1.2
44548,1.2
44548.04,1.2
44548.08,1.2
44548.12,1.2
44548.17,1.2
44548.21,1.2
44548.25,1.2
44548.29,1.2
44548.33,1.2
44548.38,1.2
44548.42,1.2
44548.46,1.2
44548.5,1.2
44548.54,1.2
44548.58,1.2
44548.62,1.2
44548.67,1.2
44548.71,1.2
44548.75,1.2
44548.79,1.2
44548.83,1.2
44548.88,1.2
44548.92,1.2
44548.96,1.2
44549,1.2
44549.04,1.2
44549.08,1.2
44549.12,1.2
44549.17,1.2
44549.21,1.2
44549.25,1.2
44549.29,1.2
44549.33,1.2
44549.38,1.2
44549.42,1.2
44549.46,1.2
44549.5,1.2
44549.54,1.2
44549.58,1.2
44549.62,1.2
44549.67,1.2
44549.71,1.2
44549.75,1.2
44549.79,1.2
44549.83,1.2
44549.88,1.2
44549.92,1.2
44549.96,1.2
44550,1.2
44550.04,1.2
44550.08,1.2
44550.12,1.2
44550.17,1.2
44550.21,1.2
44550.25,1.2
44550.29,1.2
44550.33,1.2
44550.38,1.2
44550.42,1.2
44550.46,1.2
44550.5,1.2
44550.54,1.2
44550.58,1.2
44550.62,1.2
44550.67,1.2
44550.71,1.2
44550.75,1.2
44550.79,1.2
44550.83,1.2
44550.88,1.2
44550.92,1.2
44550.96,1.2
44551,1.2
44551.04,1.2
44551.08,1.2
44551.12,1.2
44551.17,1.2
44551.21,1.2
44551.25,1.2
44551.29,1.2
44551.33,1.2
44551.38,1.2
44551.42,1.2
44551.46,1.2
44551.5,1.2
44551.54,1.2
44551.58,1.2
44551.62,1.2
44551.67,1.2
44551.71,1.2
44551.75,1.2
44551.79,1.2
44551.83,1.2
44551.88,1.2
44551.92,1.2
44551.96,1.2
44552,1.2
44552.04,1.2
44552.08,1.2
44552.12,1.2
44552.17,1.2
44552.21,1.2
44552.25,1.2
44552.29,1.2
44552.33,1.2
44552.38,1.2
44552.42,1.2
44552.46,1.2
44552.5,1.2
44552.54,1.2
44552.58,1.2
44552.62,1.2
44552.67,1.2
44552.71,1.2
44552.75,1.2
44552.79,1.2
44552.83,1.2
44552.88,1.2
44552.92,1.2
44552.96,1.2
44553,1.2
44553.04,1.2
44553.08,1.2
44553.12,1.2
44553.17,1.2
44553.21,1.2
44553.25,1.2
44553.29,1.2
44553.33,1.2
44553.38,1.2
44553.42,1.2
44553.46,1.2
44553.5,1.2
44553.54,1.2
44553.58,1.2
44553.62,1.2
44553.67,1.2
44553.71,1.2
44553.75,1.2
44553.79,1.2
44553.83,1.2
44553.88,1.2
44553.92,1.2
44553.96,1.2
44554,1.2
44554.04,1.2
44554.08,1.2
44554.12,1.2
44554.17,1.2
44554.21,1.2
44554.25,1.2
44554.29,1.2
44554.33,1.2
44554.38,1.2
44554.42,1.2
44554.46,1.2
44554.5,1.2
44554.54,1.2
44554.58,1.2
44554.62,1.2
44554.67,1.2
44554.71,1.2
44554.75,1.2
44554.79,1.2
44554.83,1.2
44554.88,1.2
44554.92,1.2
44554.96,1.2
44555,1.2
44555.04,1.2
44555.08,1.2
44555.12,1.2
44555.17,1.2
44555.21,1.2
44555.25,1.2
44555.29,1.2
44555.33,1.2
44555.38,1.2
44555.42,1.2
44555.46,1.2
44555.5,1.2
44555.54,1.2
44555.58,1.2
44555.62,1.2
44555.67,1.2
44555.71,1.2
44555.75,1.2
44555.79,1.2
44555.83,1.2
44555.88,1.2
44555.92,1.2
44555.96,1.2
44556,1.2
44556.04,1.2
44556.08,1.2
44556.12,1.2
44556.17,1.2
44556.21,1.2
44556.25,1.2
44556.29,1.2
44556.33,1.2
44556.38,1.2
44556.42,1.2
44556.46,1.2
44556.5,1.2
44556.54,1.2
44556.58,1.2
44556.62,1.2
44556.67,1.2
44556.71,1.2
44556.75,1.2
44556.79,1.2
44556.83,1.2
44556.88,1.2
44556.92,1.2
44556.96,1.2
44557,1.2
44557.04,1.2
44557.08,1.2
44557.12,1.2
44557.17,1.2
44557.21,1.2
44557.25,1.2
44557.29,1.2
44557.33,1.2
44557.38,1.2
44557.42,1.2
44557.46,1.2
44557.5,1.2
44557.54,1.2
44557.58,1.2
44557.62,1.2
44557.67,1.2
44557.71,1.2
44557.75,1.2
44557.79,1.2
44557.83,1.2
44557.88,1.2
44557.92,1.2
44557.96,1.2
44558,1.2
44558.04,1.2
44558.08,1.2
44558.12,1.2
44558.17,1.2
44558.21,1.2
44558.25,1.2
44558.29,1.2
44558.33,1.2
44558.38,1.2
44558.42,1.2
44558.46,1.2
44558.5,1.2
44558.54,1.2
44558.58,1.2
44558.62,1.2
44558.67,1.2
44558.71,1.2
44558.75,1.2
44558.79,1.2
44558.83,1.2
44558.88,1.2
44558.92,1.2
44558.96,1.2
44559,1.2
44559.04,1.2
44559.08,1.2
44559.12,1.2
44559.17,1.2
44559.21,1.2
44559.25,1.2
44559.29,1.2
44559.33,1.2
44559.38,1.2
44559.42,1.2
44559.46,1.2
44559.5,1.2
44559.54,1.2
44559.58,1.2
44559.62,1.2
44559.67,1.2
44559.71,1.2
44559.75,1.2
44559.79,1.2
44559.83,1.2
44559.88,1.2
44559.92,1.2
44559.96,1.2
44560,1.2
44560.04,1.2
44560.08,1.2
44560.12,1.2
44560.17,1.2
44560.21,1.2
44560.25,1.2
44560.29,1.2
44560.33,1.2
44560.38,1.2
44560.42,1.2
44560.46,1.2
44560.5,1.2
44560.54,1.2
44560.58,1.2
44560.62,1.2
44560.67,1.2
44560.71,1.2
44560.75,1.2
44560.79,1.2
44560.83,1.2
44560.88,1.2
44560.92,1.2
44560.96,1.2
44561,1.2
44561.04,1.2
44561.08,1.2
44561.12,1.2
44561.17,1.2
44561.21,1.2
44561.25,1.2
44561.29,1.2
44561.33,1.2
44561.38,1.2
44561.42,1.2
44561.46,1.2
44561.5,1.2
44561.54,1.2
44561.58,1.2
44561.62,1.2
44561.67,1.2
44561.71,1.2
44561.75,1.2
44561.79,1.2
44561.83,1.2
44561.88,1.2
44561.92,1.2
44561.96,1.2
