JDAY,DLT(s),ELWS(m),T2(C),U(ms-1),Q(m3s-1),SRON(Wm-2),EXT(m-1),DEPTH(m),WIDTH(m),SHADE,Tvolavg(C),NetRad(Wm-2),SWSolar(Wm-2),LWRad(Wm-2),BackRad(Wm-2),EvapF(Wm-2),ConducF(Wm-2),ReaerationCoeff(day-1),
 40544.000,    45.996,    23.811,     4.500,     0.000,     0.000,     0.000,     0.000,    19.805,  2898.534,     1.000,     4.500,  -196.407,     0.000,   209.626,   327.448,    37.377,    41.208,     0.000,
 40544.042,   126.043,    23.779,     4.476,     0.034,   777.347,     0.000,     0.000,    19.773,  2898.534,     1.000,     4.476,  -197.313,     0.000,   209.122,   327.341,    37.130,    41.964,     0.000,
 40544.083,   113.285,    23.812,     4.451,     0.239,  5551.442,     0.000,     0.000,    19.806,  2898.534,     1.000,     4.451,  -199.387,     0.000,   208.060,   327.219,    36.550,    43.679,     0.000,
 40544.125,   113.467,    23.823,     4.423,     0.242,  5582.102,     0.000,     0.000,    19.817,  2898.534,     1.000,     4.423,  -209.420,     0.000,   206.919,   327.088,    39.698,    49.553,     0.000,
 40544.168,   114.152,    23.819,     4.395,     0.227,  5211.974,   900.499,     0.000,    19.813,  2898.534,     1.000,     4.395,   648.435,   849.528,   207.235,   326.958,    36.477,    44.892,     0.000,
 40544.210,   111.941,    23.817,     4.368,     0.216,  5025.870,     0.000,     0.000,    19.811,  2898.534,     1.000,     4.368,  -206.588,     0.000,   207.863,   326.830,    40.260,    47.361,     0.000,
 40544.251,   121.540,    23.818,     4.341,     0.213,  4948.024,     0.000,     0.000,    19.812,  2898.534,     1.000,     4.341,  -203.706,     0.000,   206.276,   326.704,    36.917,    46.362,     0.000,
 40544.293,   110.771,    23.815,     4.315,     0.215,  4961.956,   695.125,     0.000,    19.809,  2898.534,     1.000,     4.315,   452.260,   655.778,   206.416,   326.581,    37.355,    45.998,     0.000,
 40544.335,   116.842,    23.817,     4.289,     0.216,  5052.694,     0.000,     0.000,    19.811,  2898.534,     1.000,     4.289,  -210.298,     0.000,   206.276,   326.458,    40.082,    50.035,     0.000,
 40544.376,   106.729,    23.820,     4.263,     0.213,  4978.493,     0.000,     0.000,    19.814,  2898.534,     1.000,     4.263,  -202.764,     0.000,   206.277,   326.335,    36.683,    46.023,     0.000,
 40544.418,   118.955,    23.816,     4.238,     0.214,  4978.059,     0.000,     0.000,    19.810,  2898.534,     1.000,     4.238,  -193.696,     0.000,   210.317,   326.218,    36.660,    41.135,     0.000,
 40544.458,   115.731,    23.816,     4.215,     0.217,  5006.745,     0.000,     0.000,    19.810,  2898.534,     1.000,     4.215,  -187.507,     0.000,   211.240,   326.107,    35.345,    37.295,     0.000,
 40544.501,   115.570,    23.817,     4.189,     0.216,  5035.179,     0.000,     0.000,    19.811,  2898.534,     1.000,     4.189,  -212.319,     0.000,   211.772,   325.988,    48.741,    49.362,     0.000,
 40544.542,   121.503,    23.816,     4.164,     0.218,  5059.355,     0.000,     0.000,    19.810,  2898.534,     1.000,     4.164,  -196.752,     0.000,   214.375,   325.870,    44.998,    40.259,     0.000,
 40544.585,   120.168,    23.815,     4.139,     0.220,  5132.142,     0.000,     0.000,    19.809,  2898.534,     1.000,     4.139,  -193.059,     0.000,   251.570,   325.750,    64.347,    54.533,     0.000,
 40544.626,   110.663,    23.819,     4.115,     0.222,  5179.438,     0.000,     0.000,    19.813,  2898.534,     1.000,     4.115,  -195.963,     0.000,   236.328,   325.637,    57.768,    48.887,     0.000,
 40544.668,   120.401,    23.814,     4.091,     0.220,  5140.339,     0.000,     0.000,    19.808,  2898.534,     1.000,     4.091,  -189.900,     0.000,   251.790,   325.525,    62.535,    53.629,     0.000,
 40544.708,   126.016,    23.815,     4.070,     0.218,  5048.393,     0.000,     0.000,    19.809,  2898.534,     1.000,     4.070,  -159.750,     0.000,   252.367,   325.429,    46.367,    40.320,     0.000,
 40544.751,   118.358,    23.814,     4.052,     0.218,  5092.211,     0.000,     0.000,    19.808,  2898.534,     1.000,     4.052,  -152.484,     0.000,   252.602,   325.341,    43.177,    36.567,     0.000,
 40544.793,   115.288,    23.816,     4.034,     0.221,  5147.698,   102.437,     0.000,    19.810,  2898.534,     1.000,     4.034,   -78.225,    96.639,   252.797,   325.256,    55.423,    46.982,     0.000,
 40544.834,   118.303,    23.814,     4.016,     0.220,  5164.481,     0.000,     0.000,    19.808,  2898.534,     1.000,     4.016,  -148.652,     0.000,   253.074,   325.175,    40.932,    35.619,     0.000,
 40544.876,   127.152,    23.812,     3.999,     0.225,  5216.154,     0.000,     0.000,    19.806,  2898.534,     1.000,     3.999,  -158.854,     0.000,   252.367,   325.095,    46.222,    39.904,     0.000,
 40544.917,   118.743,    23.816,     3.983,     0.225,  5216.180,     0.000,     0.000,    19.810,  2898.534,     1.000,     3.983,  -159.976,     0.000,   251.927,   325.016,    46.308,    40.579,     0.000,
 40544.960,   116.585,    23.814,     3.980,     0.219,  5154.882,     0.000,     0.000,    19.808,  2898.534,     1.000,     3.963,  -180.055,     0.000,   251.014,   324.694,    56.026,    50.350,     0.000,
 40545.001,   119.484,    23.810,     3.963,     0.228,  5348.663,     0.000,     0.000,    19.804,  2898.534,     1.000,     3.942,  -178.176,     0.000,   251.226,   324.608,    55.060,    49.734,     0.000,
 40545.042,   120.653,    23.815,     3.945,     0.224,  5201.887,     0.000,     0.000,    19.809,  2898.534,     1.000,     3.923,  -176.195,     0.000,   221.426,   324.543,    37.378,    35.700,     0.000,
 40545.085,   119.106,    23.812,     3.922,     0.224,  5209.855,     0.000,     0.000,    19.806,  2898.534,     1.000,     3.901,  -188.004,     0.000,   211.390,   324.343,    36.310,    38.741,     0.000,
 40545.126,   121.365,    23.809,     3.906,     0.225,  5258.473,     0.000,     0.000,    19.803,  2898.534,     1.000,     3.881,  -196.979,     0.000,   211.932,   324.354,    41.407,    43.149,     0.000,
 40545.168,   125.386,    23.809,     3.894,     0.222,  5181.584,    93.484,     0.000,    19.803,  2898.534,     1.000,     3.861,   -75.315,    88.192,   245.209,   323.946,    41.360,    43.410,     0.000,
 40545.208,   126.853,    23.808,     3.865,     0.221,  5151.439,     0.000,     0.000,    19.802,  2898.534,     1.000,     3.844,  -149.776,     0.000,   248.164,   324.199,    36.565,    37.176,     0.000,
 40545.251,   126.243,    23.808,     3.847,     0.224,  5181.861,     0.000,     0.000,    19.802,  2898.534,     1.000,     3.823,  -213.564,     0.000,   212.649,   324.051,    49.467,    52.695,     0.000,
 40545.293,   124.908,    23.807,     3.832,     0.222,  5151.517,     3.850,     0.000,    19.801,  2898.534,     1.000,     3.799,  -212.051,     3.632,   210.863,   323.756,    49.638,    53.152,     0.000,
 40545.333,   126.576,    23.804,     3.810,     0.220,  5097.660,     0.000,     0.000,    19.798,  2898.534,     1.000,     3.778,  -201.983,     0.000,   210.141,   323.704,    42.347,    46.073,     0.000,
 40545.376,   127.799,    23.805,     3.790,     0.217,  5033.749,     0.000,     0.000,    19.799,  2898.534,     1.000,     3.756,  -214.619,     0.000,   216.345,   323.683,    50.716,    56.565,     0.000,
 40545.417,   126.948,    23.805,     3.756,     0.220,  5099.819,     0.000,     0.000,    19.799,  2898.534,     1.000,     3.738,  -218.618,     0.000,   243.376,   323.436,    65.855,    72.703,     0.000,
 40545.458,   127.452,    23.805,     3.761,     0.216,  5047.678,     0.000,     0.000,    19.799,  2898.534,     1.000,     3.732,  -225.939,     0.000,   210.846,   323.517,    55.055,    58.213,     0.000,
 40545.501,   127.798,    23.801,     3.781,     0.217,  5060.050,     0.000,     0.000,    19.795,  2898.534,     1.000,     3.762,  -224.916,     0.000,   215.630,   323.771,    61.684,    55.091,     0.000,
 40545.542,   124.668,    23.799,     3.851,     0.213,  5019.729,     0.000,     0.000,    19.793,  2898.534,     1.000,     3.836,  -206.273,     0.000,   224.374,   323.865,    60.975,    45.807,     0.000,
 40545.584,   118.282,    23.800,     3.943,     0.212,  4988.461,     0.000,     0.000,    19.794,  2898.534,     1.000,     3.937,  -229.621,     0.000,   217.060,   324.597,    68.376,    53.708,     0.000,
 40545.627,   130.899,    23.798,     4.045,     0.215,  5007.768,     0.000,     0.000,    19.792,  2898.534,     1.000,     4.049,  -218.144,     0.000,   217.826,   325.314,    62.910,    47.746,     0.000,
 40545.667,   138.488,    23.798,     4.135,     0.208,  4987.084,     0.000,     0.000,    19.792,  2898.534,     1.000,     4.140,  -277.777,     0.000,   216.526,   325.749,    93.072,    75.483,     0.000,
 40545.709,   121.502,    23.798,     4.211,     0.211,  4907.059,     0.000,     0.000,    19.792,  2898.534,     1.000,     4.211,  -233.241,     0.000,   214.311,   326.079,    62.926,    58.548,     0.000,
 40545.751,   129.719,    23.802,     4.256,     0.201,  4730.938,     0.000,     0.000,    19.796,  2898.534,     1.000,     4.256,  -209.159,     0.000,   212.632,   326.295,    47.627,    47.869,     0.000,
 40545.793,   124.021,    23.797,     4.273,     0.206,  4756.774,     0.000,     0.000,    19.791,  2898.534,     1.000,     4.273,  -209.204,     0.000,   212.658,   326.379,    47.566,    47.917,     0.000,
 40545.834,   132.471,    23.798,     4.272,     0.208,  4753.087,     0.000,     0.000,    19.792,  2898.534,     1.000,     4.272,  -186.496,     0.000,   211.745,   326.375,    35.145,    36.720,     0.000,
 40545.876,   130.779,    23.797,     4.260,     0.205,  4739.336,     0.000,     0.000,    19.791,  2898.534,     1.000,     4.260,  -186.423,     0.000,   211.744,   326.317,    35.182,    36.668,     0.000,
 40545.918,   128.292,    23.795,     4.245,     0.205,  4742.536,     0.000,     0.000,    19.789,  2898.534,     1.000,     4.245,  -167.993,     0.000,   230.304,   326.248,    35.156,    36.895,     0.000,
 40545.959,   127.348,    23.794,     4.235,     0.207,  4769.562,     0.000,     0.000,    19.788,  2898.534,     1.000,     4.235,  -151.671,     0.000,   247.120,   326.200,    35.168,    37.424,     0.000,
 40546.001,   123.850,    23.793,     4.230,     0.203,  4702.280,     0.000,     0.000,    19.787,  2898.534,     1.000,     4.230,  -148.096,     0.000,   248.811,   326.179,    35.659,    35.070,     0.000,
 40546.043,   152.910,    23.798,     4.229,     0.202,  4687.675,   265.283,     0.000,    19.792,  2898.534,     1.000,     4.229,    95.811,   250.267,   248.598,   326.172,    38.603,    38.279,     0.000,
 40546.084,   135.480,    23.793,     4.224,     0.206,  4725.442,     0.000,     0.000,    19.787,  2898.534,     1.000,     4.224,  -201.643,     0.000,   213.561,   326.148,    44.220,    44.837,     0.000,
 40546.126,   131.602,    23.791,     4.212,     0.206,  4784.548,     0.000,     0.000,    19.785,  2898.534,     1.000,     4.212,  -221.213,     0.000,   211.213,   326.092,    50.846,    55.487,     0.000,
 40546.167,   133.845,    23.793,     4.198,     0.203,  4692.454,     0.000,     0.000,    19.787,  2898.534,     1.000,     4.198,  -196.690,     0.000,   210.517,   326.028,    38.820,    42.360,     0.000,
 40546.210,   123.097,    23.789,     4.181,     0.201,  4692.579,     0.000,     0.000,    19.783,  2898.534,     1.000,     4.181,  -215.245,     0.000,   204.423,   325.947,    40.053,    53.668,     0.000,
 40546.251,   135.455,    23.788,     4.159,     0.202,  4707.020,     0.000,     0.000,    19.782,  2898.534,     1.000,     4.159,  -234.600,     0.000,   202.645,   325.844,    46.020,    65.381,     0.000,
 40546.293,   146.629,    23.789,     4.133,     0.205,  4707.119,   792.464,     0.000,    19.783,  2898.534,     1.000,     4.133,   510.120,   747.608,   201.923,   325.726,    46.677,    67.008,     0.000,
 40546.335,   125.233,    23.785,     4.108,     0.203,  4702.137,     0.000,     0.000,    19.779,  2898.534,     1.000,     4.108,  -218.299,     0.000,   222.223,   325.605,    47.994,    66.923,     0.000,
 40546.376,   126.909,    23.784,     4.088,     0.205,  4747.456,     0.000,     0.000,    19.778,  2898.534,     1.000,     4.088,  -193.209,     0.000,   209.002,   325.513,    33.766,    42.931,     0.000,
 40546.418,   126.528,    23.782,     4.075,     0.203,  4692.021,     0.000,     0.000,    19.776,  2898.534,     1.000,     4.075,  -187.171,     0.000,   210.397,   325.450,    34.032,    38.086,     0.000,
 40546.460,   120.411,    23.780,     4.069,     0.205,  4759.787,     0.000,     0.000,    19.774,  2898.534,     1.000,     4.069,  -180.558,     0.000,   212.951,   325.422,    34.177,    33.910,     0.000,
 40546.501,   121.994,    23.778,     4.074,     0.205,  4755.150,     0.000,     0.000,    19.772,  2898.534,     1.000,     4.074,  -174.991,     0.000,   215.328,   325.439,    34.642,    30.237,     0.000,
 40546.543,   120.783,    23.778,     4.088,     0.204,  4718.924,    21.224,     0.000,    19.772,  2898.534,     1.000,     4.088,  -146.244,    20.023,   218.575,   325.504,    33.842,    25.496,     0.000,
 40546.585,   109.642,    23.771,     4.110,     0.205,  4777.430,     0.000,     0.000,    19.765,  2898.534,     1.000,     4.110,  -164.334,     0.000,   219.707,   325.611,    34.448,    23.982,     0.000,
 40546.626,   114.826,    23.770,     4.139,     0.206,  4755.965,     0.000,     0.000,    19.764,  2898.534,     1.000,     4.139,  -165.857,     0.000,   219.056,   325.745,    34.138,    25.029,     0.000,
 40546.668,   119.384,    23.767,     4.169,     0.208,  4838.039,     0.000,     0.000,    19.761,  2898.534,     1.000,     4.169,  -172.676,     0.000,   216.338,   325.885,    34.001,    29.127,     0.000,
 40546.709,   106.911,    23.765,     4.198,     0.204,  4755.077,     0.000,     0.000,    19.759,  2898.534,     1.000,     4.198,  -179.261,     0.000,   216.814,   326.020,    36.832,    33.222,     0.000,
 40546.751,   117.307,    23.766,     4.223,     0.207,  4748.700,     0.000,     0.000,    19.760,  2898.534,     1.000,     4.222,  -179.290,     0.000,   213.949,   326.138,    34.100,    33.001,     0.000,
 40546.793,   120.536,    23.759,     4.241,     0.209,  4817.451,     0.000,     0.000,    19.753,  2898.534,     1.000,     4.241,  -201.320,     0.000,   211.802,   326.225,    41.813,    45.084,     0.000,
 40546.835,   109.337,    23.758,     4.249,     0.210,  4882.556,     0.000,     0.000,    19.752,  2898.534,     1.000,     4.249,  -232.581,     0.000,   210.479,   326.265,    54.335,    62.459,     0.000,
 40546.876,   121.450,    23.754,     4.251,     0.206,  4776.534,     0.000,     0.000,    19.748,  2898.534,     1.000,     4.251,  -195.141,     0.000,   210.479,   326.273,    37.170,    42.177,     0.000,
 40546.917,   108.752,    23.752,     4.246,     0.206,  4755.223,   735.914,     0.000,    19.746,  2898.534,     1.000,     4.246,   498.217,   694.259,   210.330,   326.255,    37.689,    42.429,     0.000,
 40546.960,   110.294,    23.747,     4.235,     0.208,  4815.168,     0.000,     0.000,    19.741,  2898.534,     1.000,     4.235,  -203.887,     0.000,   205.259,   326.203,    35.189,    47.754,     0.000,
 40547.001,   103.419,    23.745,     4.218,     0.206,  4764.265,     0.000,     0.000,    19.739,  2898.534,     1.000,     4.218,  -207.725,     0.000,   203.863,   326.121,    35.186,    50.281,     0.000,
 40547.042,   107.379,    23.743,     4.197,     0.210,  4859.855,     0.000,     0.000,    19.737,  2898.534,     1.000,     4.197,  -209.513,     0.000,   203.281,   326.022,    35.473,    51.299,     0.000,
 40547.085,   119.657,    23.739,     4.174,     0.213,  4876.305,     0.000,     0.000,    19.733,  2898.534,     1.000,     4.174,  -187.518,     0.000,   236.564,   325.914,    39.868,    58.301,     0.000,
 40547.126,   108.184,    23.738,     4.152,     0.213,  4896.173,     0.000,     0.000,    19.732,  2898.534,     1.000,     4.152,  -202.239,     0.000,   236.215,   325.815,    45.466,    67.174,     0.000,
 40547.168,   107.899,    23.732,     4.135,     0.213,  4929.218,   136.020,     0.000,    19.726,  2898.534,     1.000,     4.135,   -44.924,   128.321,   238.122,   325.734,    35.044,    50.589,     0.000,
 40547.209,   104.766,    23.730,     4.124,     0.213,  4902.127,     0.000,     0.000,    19.724,  2898.534,     1.000,     4.124,  -170.416,     0.000,   238.973,   325.680,    34.564,    49.146,     0.000,
 40547.251,   116.576,    23.726,     4.118,     0.216,  4946.546,     0.000,     0.000,    19.720,  2898.534,     1.000,     4.118,  -165.398,     0.000,   240.784,   325.652,    34.270,    46.260,     0.000,
 40547.293,   109.560,    23.722,     4.118,     0.219,  4999.477,     0.000,     0.000,    19.716,  2898.534,     1.000,     4.118,  -164.876,     0.000,   241.138,   325.649,    34.656,    45.709,     0.000,
 40547.335,   114.247,    23.721,     4.121,     0.218,  4965.626,     0.000,     0.000,    19.715,  2898.534,     1.000,     4.121,  -167.629,     0.000,   240.220,   325.663,    35.035,    47.151,     0.000,
 40547.376,   113.176,    23.714,     4.126,     0.218,  5000.939,     0.000,     0.000,    19.708,  2898.534,     1.000,     4.126,  -166.323,     0.000,   240.758,   325.688,    35.057,    46.335,     0.000,
 40547.418,   105.379,    23.709,     4.135,     0.222,  5046.082,   323.820,     0.000,    19.703,  2898.534,     1.000,     4.135,   151.043,   305.491,   244.940,   325.727,    33.569,    40.092,     0.000,
 40547.460,   107.618,    23.704,     4.147,     0.225,  5108.243,     0.000,     0.000,    19.698,  2898.534,     1.000,     4.146,  -146.333,     0.000,   247.004,   325.782,    32.731,    34.825,     0.000,
 40547.501,    85.563,    23.700,     4.158,     0.277,  5393.080,     0.000,     0.000,    19.694,  2898.534,     1.000,     4.158,  -173.431,     0.000,   216.022,   325.838,    31.843,    31.773,     0.000,
 40547.543,    92.530,    23.694,     4.173,     0.270,  5521.764,   257.472,     0.000,    19.688,  2898.534,     1.000,     4.173,    70.872,   242.898,   215.863,   325.906,    32.124,    29.859,     0.000,
 40547.584,    87.665,    23.692,     4.188,     0.278,  5341.251,     0.000,     0.000,    19.686,  2898.534,     1.000,     4.188,  -164.429,     0.000,   218.698,   325.978,    31.393,    25.756,     0.000,
 40547.626,    95.929,    23.685,     4.204,     0.269,  5277.012,     0.000,     0.000,    19.679,  2898.534,     1.000,     4.203,  -164.728,     0.000,   218.875,   326.050,    31.984,    25.568,     0.000,
 40547.668,    90.639,    23.674,     4.217,     0.271,  5237.020,   785.911,     0.000,    19.668,  2898.534,     1.000,     4.217,   576.744,   741.426,   218.875,   326.115,    31.813,    25.628,     0.000,
 40547.709,    99.412,    23.668,     4.230,     0.272,  5290.103,     0.000,     0.000,    19.662,  2898.534,     1.000,     4.230,  -163.562,     0.000,   219.673,   326.173,    30.507,    26.555,     0.000,
 40547.751,    87.240,    23.665,     4.241,     0.273,  5262.994,     0.000,     0.000,    19.659,  2898.534,     1.000,     4.241,  -164.949,     0.000,   218.065,   326.225,    29.891,    26.897,     0.000,
 40547.792,    81.419,    23.653,     4.250,     0.272,  5319.468,   134.431,     0.000,    19.647,  2898.534,     1.000,     4.250,   -37.811,   126.822,   219.232,   326.270,    30.366,    27.229,     0.000,
 40547.834,    81.675,    23.649,     4.259,     0.276,  5403.929,     0.000,     0.000,    19.643,  2898.534,     1.000,     4.259,  -160.084,     0.000,   224.060,   326.309,    29.671,    28.163,     0.000,
 40547.876,    89.474,    23.639,     4.264,     0.281,  5382.956,     0.000,     0.000,    19.633,  2898.534,     1.000,     4.264,  -167.530,     0.000,   216.680,   326.336,    28.842,    29.031,     0.000,
 40547.917,    89.660,    23.632,     4.267,     0.280,  5405.661,     0.000,     0.000,    19.626,  2898.534,     1.000,     4.267,  -131.848,     0.000,   250.966,   326.348,    28.250,    28.216,     0.000,
 40547.959,    88.988,    23.626,     4.267,     0.281,  5430.423,     0.000,     0.000,    19.620,  2898.534,     1.000,     4.267,  -128.705,     0.000,   253.990,   326.351,    28.466,    27.878,     0.000,
 40548.001,    96.639,    23.610,     4.261,     0.280,  5474.008,     0.000,     0.000,    19.604,  2898.534,     1.000,     4.261,  -143.504,     0.000,   238.267,   326.321,    27.599,    27.850,     0.000,
 40548.043,    99.141,    23.606,     4.248,     0.280,  5488.249,   537.013,     0.000,    19.600,  2898.534,     1.000,     4.248,   362.370,   506.616,   237.860,   326.261,    27.504,    28.341,     0.000,
 40548.084,    89.735,    23.596,     4.230,     0.271,  5543.003,     0.000,     0.000,    19.590,  2898.534,     1.000,     4.230,  -166.628,     0.000,   216.478,   326.178,    27.725,    29.203,     0.000,
 40548.126,    89.551,    23.590,     4.212,     0.278,  5583.625,     0.000,     0.000,    19.584,  2898.534,     1.000,     4.212,  -145.906,     0.000,   236.737,   326.091,    26.839,    29.714,     0.000,
 40548.168,    90.402,    23.580,     4.198,     0.281,  5434.668,    83.790,     0.000,    19.574,  2898.534,     1.000,     4.198,   -48.092,    79.047,   253.739,   326.027,    27.199,    27.653,     0.000,
 40548.209,    96.105,    23.568,     4.194,     0.277,  5526.914,     0.000,     0.000,    19.562,  2898.534,     1.000,     4.194,  -141.024,     0.000,   238.893,   326.006,    26.659,    27.251,     0.000,
 40548.251,    93.510,    23.566,     4.201,     0.280,  5480.261,     0.000,     0.000,    19.560,  2898.534,     1.000,     4.201,  -125.099,     0.000,   254.892,   326.037,    26.928,    27.026,     0.000,
 40548.293,    92.608,    23.557,     4.218,     0.288,  5543.852,   260.630,     0.000,    19.551,  2898.534,     1.000,     4.217,   123.048,   245.877,   255.368,   326.115,    25.573,    26.508,     0.000,
 40548.334,    91.762,    23.553,     4.240,     0.281,  5424.631,     0.000,     0.000,    19.547,  2898.534,     1.000,     4.240,  -122.483,     0.000,   255.446,   326.221,    25.198,    26.510,     0.000,
 40548.376,    97.087,    23.547,     4.267,     0.282,  5414.821,     0.000,     0.000,    19.541,  2898.534,     1.000,     4.266,  -118.062,     0.000,   258.013,   326.345,    26.225,    23.504,     0.000,
 40548.418,    94.614,    23.540,     4.293,     0.278,  5410.715,     0.000,     0.000,    19.534,  2898.534,     1.000,     4.292,  -128.265,     0.000,   244.544,   326.468,    25.873,    20.467,     0.000,
 40548.459,    96.833,    23.533,     4.317,     0.279,  5483.470,     0.000,     0.000,    19.527,  2898.534,     1.000,     4.317,  -121.596,     0.000,   247.321,   326.584,    25.135,    17.197,     0.000,
 40548.501,    97.337,    23.529,     4.342,     0.281,  5390.926,     0.000,     0.000,    19.523,  2898.534,     1.000,     4.342,   -99.153,     0.000,   266.567,   326.701,    24.832,    14.188,     0.000,
 40548.542,    98.127,    23.523,     4.365,     0.265,  5378.642,     0.000,     0.000,    19.517,  2898.534,     1.000,     4.365,   -92.908,     0.000,   269.499,   326.811,    24.389,    11.207,     0.000,
 40548.584,    90.000,    23.518,     4.387,     0.285,  5438.112,     0.000,     0.000,    19.512,  2898.534,     1.000,     4.387,   -89.696,     0.000,   270.550,   326.915,    23.111,    10.221,     0.000,
 40548.626,    94.536,    23.518,     4.405,     0.281,  5394.672,     0.000,     0.000,    19.512,  2898.534,     1.000,     4.405,   -81.616,     0.000,   274.250,   327.000,    22.272,     6.595,     0.000,
 40548.667,   106.017,    23.512,     4.417,     0.283,  5393.675,     5.841,     0.000,    19.506,  2898.534,     1.000,     4.417,   -80.428,     5.510,   271.715,   327.056,    21.429,     9.168,     0.000,
 40548.709,    93.410,    23.507,     4.419,     0.277,  5356.041,     0.000,     0.000,    19.501,  2898.534,     1.000,     4.419,   -91.610,     0.000,   268.712,   327.068,    20.994,    12.260,     0.000,
 40548.751,    96.580,    23.506,     4.410,     0.275,  5368.674,     0.000,     0.000,    19.500,  2635.031,     1.000,     4.410,   -96.634,     0.000,   266.239,   327.027,    21.012,    14.834,     0.000,
 40548.792,    92.177,    23.508,     4.399,     0.279,  5380.893,   424.343,     0.000,    19.502,  2898.534,     1.000,     4.399,   290.162,   400.324,   250.944,   326.971,    20.468,    13.667,     0.000,
 40548.834,    98.394,    23.503,     4.383,     0.278,  5284.461,     0.000,     0.000,    19.497,  2635.031,     1.000,     4.383,  -110.226,     0.000,   250.270,   326.896,    19.530,    14.070,     0.000,
 40548.876,    99.845,    23.504,     4.365,     0.276,  5308.835,     0.000,     0.000,    19.498,  2635.031,     1.000,     4.365,   -90.006,     0.000,   268.200,   326.815,    18.827,    12.564,     0.000,
 40548.917,   100.187,    23.503,     4.350,     0.275,  5330.609,   131.297,     0.000,    19.497,  2635.031,     1.000,     4.350,    44.774,   123.865,   271.755,   326.741,    15.266,     8.839,     0.000,
 40548.959,    96.963,    23.502,     4.336,     0.273,  5306.130,     0.000,     0.000,    19.496,  2635.031,     1.000,     4.336,   -98.701,     0.000,   252.089,   326.675,    13.999,    10.117,     0.000,
 40549.001,    96.123,    23.499,     4.323,     0.275,  5278.903,     0.000,     0.000,    19.493,  2635.031,     1.000,     4.323,  -119.260,     0.000,   230.651,   326.615,    12.644,    10.653,     0.000,
 40549.043,    97.944,    23.502,     4.311,     0.263,  5276.899,     0.000,     0.000,    19.496,  2635.031,     1.000,     4.311,  -130.723,     0.000,   226.732,   326.560,    15.445,    15.450,     0.000,
 40549.084,   101.493,    23.502,     4.302,     0.272,  5200.060,     0.000,     0.000,    19.496,  2635.031,     1.000,     4.302,  -133.943,     0.000,   225.448,   326.515,    15.820,    17.056,     0.000,
 40549.126,   100.194,    23.504,     4.299,     0.262,  5186.906,     0.000,     0.000,    19.498,  2635.031,     1.000,     4.299,  -142.032,     0.000,   223.936,   326.500,    18.741,    20.727,     0.000,
 40549.167,   107.623,    23.504,     4.300,     0.267,  5163.201,   267.518,     0.000,    19.498,  2635.031,     1.000,     4.300,   118.534,   252.376,   225.234,   326.503,    15.248,    17.325,     0.000,
 40549.209,   106.772,    23.507,     4.304,     0.259,  5091.684,     0.000,     0.000,    19.501,  2898.534,     1.000,     4.304,   -98.830,     0.000,   262.367,   326.522,    16.042,    18.632,     0.000,
 40549.251,   105.859,    23.506,     4.312,     0.260,  5024.271,     0.000,     0.000,    19.500,  2898.534,     1.000,     4.312,   -93.035,     0.000,   264.372,   326.561,    14.407,    16.439,     0.000,
 40549.292,   106.288,    23.511,     4.323,     0.260,  5022.120,     0.000,     0.000,    19.505,  2898.534,     1.000,     4.323,   -90.249,     0.000,   265.396,   326.611,    13.667,    15.367,     0.000,
 40549.334,   110.564,    23.513,     4.337,     0.253,  4954.113,     0.000,     0.000,    19.507,  2898.534,     1.000,     4.337,   -88.407,     0.000,   265.797,   326.676,    13.095,    14.433,     0.000,
 40549.376,   107.939,    23.517,     4.351,     0.253,  4887.640,     0.000,     0.000,    19.511,  2898.534,     1.000,     4.351,   -97.763,     0.000,   251.926,   326.745,    11.310,    11.634,     0.000,
 40549.418,   101.347,    23.519,     4.366,     0.252,  4839.810,   301.415,     0.000,    19.513,  2898.534,     1.000,     4.366,   192.819,   284.354,   254.557,   326.815,    10.452,     8.825,     0.000,
 40549.459,   109.363,    23.525,     4.379,     0.255,  4830.106,     0.000,     0.000,    19.519,  2898.534,     1.000,     4.379,  -105.392,     0.000,   236.622,   326.878,     9.466,     5.670,     0.000,
 40549.501,   109.618,    23.528,     4.392,     0.249,  4749.227,     0.000,     0.000,    19.522,  2898.534,     1.000,     4.392,   -89.945,     0.000,   241.629,   326.938,     6.058,    -1.422,     0.000,
 40549.543,   103.272,    23.531,     4.406,     0.251,  4782.296,     0.000,     0.000,    19.525,  2898.534,     1.000,     4.405,   -64.950,     0.000,   252.268,   327.001,     2.752,   -12.536,     0.000,
 40549.584,   101.994,    23.534,     4.421,     0.253,  4755.230,     0.000,     0.000,    19.528,  2898.534,     1.000,     4.422,   -21.987,     0.000,   276.090,   327.078,    -3.260,   -25.742,     0.000,
 40549.626,   109.861,    23.537,     4.438,     0.248,  4677.232,     0.000,     0.000,    19.531,  2898.534,     1.000,     4.438,   -39.960,     0.000,   262.583,   327.156,    -4.151,   -20.461,     0.000,
 40549.667,   109.769,    23.543,     4.453,     0.233,  4516.243,     0.000,     0.000,    19.537,  2898.534,     1.000,     4.454,    16.773,     0.000,   305.278,   327.239,    -8.961,   -29.772,     0.000,
 40549.710,   106.660,    23.548,     4.471,     0.240,  4564.766,     0.000,     0.000,    19.542,  2898.534,     1.000,     4.473,    -6.487,     0.000,   298.824,   327.323,    -5.954,   -16.058,     0.000,
 40549.751,   112.822,    23.555,     4.487,     0.236,  4506.115,     0.000,     0.000,    19.549,  2898.534,     1.000,     4.487,   -24.985,     0.000,   291.753,   327.388,     0.517,   -11.166,     0.000,
 40549.793,   117.381,    23.565,     4.494,     0.235,  4446.548,     0.000,     0.000,    19.559,  2898.534,     1.000,     4.494,   -85.067,     0.000,   242.585,   327.420,     4.187,    -3.954,     0.000,
 40549.835,   108.491,    23.570,     4.495,     0.231,  4405.904,     0.000,     0.000,    19.564,  2898.534,     1.000,     4.495,   -98.115,     0.000,   238.705,   327.423,     7.050,     2.347,     0.000,
 40549.876,   109.500,    23.575,     4.491,     0.224,  4343.124,     0.000,     0.000,    19.569,  2898.534,     1.000,     4.491,  -103.616,     0.000,   236.653,   327.406,     8.446,     4.417,     0.000,
 40549.918,   113.230,    23.583,     4.483,     0.226,  4333.709,     0.000,     0.000,    19.577,  2898.534,     1.000,     4.483,  -113.322,     0.000,   233.476,   327.371,    10.755,     8.671,     0.000,
 40549.960,   122.605,    23.591,     4.470,     0.225,  4250.885,     0.000,     0.000,    19.585,  2898.534,     1.000,     4.470,  -123.078,     0.000,   230.239,   327.311,    13.231,    12.775,     0.000,
 40550.001,   113.127,    23.597,     4.455,     0.223,  4201.837,     0.000,     0.000,    19.591,  2898.534,     1.000,     4.455,  -131.538,     0.000,   226.839,   327.237,    15.205,    15.935,     0.000,
 40550.043,   111.260,    23.607,     4.438,     0.223,  4207.707,   915.012,     0.000,    19.601,  2898.534,     1.000,     4.438,   730.279,   863.219,   227.072,   327.156,    15.963,    16.892,     0.000,
 40550.085,   122.076,    23.614,     4.420,     0.214,  4127.970,     0.000,     0.000,    19.608,  2898.534,     1.000,     4.420,  -124.244,     0.000,   228.984,   327.074,    13.005,    13.149,     0.000,
 40550.126,   115.936,    23.621,     4.405,     0.219,  4132.954,     0.000,     0.000,    19.615,  2898.534,     1.000,     4.405,   -88.976,     0.000,   266.527,   327.000,    13.997,    14.506,     0.000,
 40550.168,   111.759,    23.631,     4.393,     0.213,  4141.018,   204.203,     0.000,    19.625,  2898.534,     1.000,     4.393,   111.455,   192.644,   269.214,   326.945,    11.832,    11.626,     0.000,
 40550.210,   117.622,    23.637,     4.382,     0.214,  4116.709,     0.000,     0.000,    19.631,  2898.534,     1.000,     4.382,   -87.167,     0.000,   266.817,   326.893,    12.992,    14.098,     0.000,
 40550.251,   109.645,    23.644,     4.371,     0.218,  4122.470,     0.000,     0.000,    19.638,  2898.534,     1.000,     4.371,   -87.001,     0.000,   267.054,   326.841,    13.415,    13.799,     0.000,
 40550.293,   112.932,    23.651,     4.362,     0.205,  4107.891,   276.246,     0.000,    19.645,  2898.534,     1.000,     4.362,   181.478,   260.609,   269.552,   326.797,    10.748,    11.138,     0.000,
 40550.335,   131.040,    23.657,     4.353,     0.168,  3790.469,     0.000,     0.000,    19.651,  2898.534,     1.000,     4.353,   -82.096,     0.000,   268.385,   326.756,    12.152,    11.572,     0.000,
 40550.377,   147.897,    23.663,     4.345,     0.172,  3907.826,     0.000,     0.000,    19.657,  2898.534,     1.000,     4.345,   -95.774,     0.000,   253.786,   326.720,    12.407,    10.434,     0.000,
 40550.418,   134.535,    23.668,     4.345,     0.180,  4079.474,    27.295,     0.000,    19.662,  2898.534,     1.000,     4.345,    -1.192,    25.750,   287.990,   326.716,    -2.338,    -9.446,     0.000,
 40550.460,   144.092,    23.676,     4.351,     0.180,  4077.838,     0.000,     0.000,    19.670,  2898.534,     1.000,     4.351,   -41.114,     0.000,   263.897,   326.745,    -3.429,   -18.304,     0.000,
 40550.502,   141.387,    23.684,     4.358,     0.180,  4086.537,     0.000,     0.000,    19.678,  2898.534,     1.000,     4.358,   -49.116,     0.000,   258.531,   326.778,    -1.478,   -17.652,     0.000,
 40550.542,   148.146,    23.689,     4.366,     0.180,  4025.396,     0.000,     0.000,    19.683,  2898.534,     1.000,     4.366,   -45.402,     0.000,   260.643,   326.817,    -0.131,   -20.641,     0.000,
 40550.585,   147.460,    23.694,     4.376,     0.177,  4027.447,     0.000,     0.000,    19.688,  2898.534,     1.000,     4.376,   -49.400,     0.000,   258.139,   326.864,    -2.485,   -16.839,     0.000,
 40550.627,   149.673,    23.699,     4.388,     0.179,  4079.828,     0.000,     0.000,    19.693,  2898.534,     1.000,     4.389,   -11.684,     0.000,   296.047,   326.921,    -4.655,   -14.535,     0.000,
 40550.667,   145.275,    23.703,     4.401,     0.177,  3980.066,     0.000,     0.000,    19.697,  2898.534,     1.000,     4.404,    -3.701,     0.000,   292.760,   326.997,    -7.326,   -23.210,     0.000,
 40550.710,   130.630,    23.707,     4.419,     0.173,  3909.529,     0.000,     0.000,    19.701,  2898.534,     1.000,     4.420,    -6.934,     0.000,   291.277,   327.076,    -5.058,   -23.808,     0.000,
 40550.752,   140.601,    23.712,     4.434,     0.178,  4074.810,     0.000,     0.000,    19.706,  2898.534,     1.000,     4.436,   -23.769,     0.000,   289.656,   327.144,    -2.906,   -10.813,     0.000,
 40550.793,   129.191,    23.717,     4.449,     0.178,  4044.491,   323.088,     0.000,    19.711,  2898.534,     1.000,     4.450,   285.904,   304.800,   288.818,   327.213,     0.404,   -19.903,     0.000,
 40550.835,   134.918,    23.721,     4.462,     0.175,  3985.202,     0.000,     0.000,    19.715,  2898.534,     1.000,     4.462,   -68.920,     0.000,   249.184,   327.266,     4.314,   -13.475,     0.000,
 40550.877,   145.289,    23.728,     4.469,     0.174,  3900.964,     0.000,     0.000,    19.722,  2898.534,     1.000,     4.469,   -80.515,     0.000,   247.387,   327.302,    18.820,   -18.221,     0.000,
 40550.918,   132.071,    23.726,     4.474,     0.173,  3890.130,     0.000,     0.000,    19.720,  2898.534,     1.000,     4.474,  -103.825,     0.000,   241.940,   327.325,    29.739,   -11.299,     0.000,
 40550.960,   144.715,    23.729,     4.475,     0.174,  3847.663,     0.000,     0.000,    19.723,  2898.534,     1.000,     4.475,  -121.745,     0.000,   239.657,   327.331,    44.056,    -9.985,     0.000,
 40551.002,   143.702,    23.734,     4.476,     0.181,  4121.060,     0.000,     0.000,    19.728,  2898.534,     1.000,     4.476,  -102.630,     0.000,   241.544,   327.333,    17.898,    -1.057,     0.000,
 40551.043,   159.720,    23.745,     4.476,     0.180,  4076.920,     0.000,     0.000,    19.739,  2898.534,     1.000,     4.476,  -108.132,     0.000,   241.823,   327.335,    24.480,    -1.860,     0.000,
 40551.085,   142.462,    23.745,     4.474,     0.173,  3983.008,     0.000,     0.000,    19.739,  2898.534,     1.000,     4.474,  -111.595,     0.000,   241.196,   327.325,    26.381,    -0.915,     0.000,
 40551.127,   141.045,    23.746,     4.469,     0.172,  3883.309,     0.000,     0.000,    19.740,  2898.534,     1.000,     4.469,  -123.234,     0.000,   239.644,   327.304,    33.503,     2.070,     0.000,
 40551.168,   146.819,    23.748,     4.466,     0.172,  3914.555,   247.883,     0.000,    19.742,  2898.534,     1.000,     4.466,   157.387,   233.852,   278.005,   327.286,    26.900,     0.285,     0.000,
 40551.210,   137.787,    23.752,     4.466,     0.174,  3989.441,     0.000,     0.000,    19.746,  2898.534,     1.000,     4.466,   -68.163,     0.000,   280.648,   327.288,    20.681,     0.841,     0.000,
 40551.252,   155.900,    23.755,     4.467,     0.174,  4009.255,     0.000,     0.000,    19.749,  2898.534,     1.000,     4.467,   -68.971,     0.000,   279.125,   327.294,    18.608,     2.195,     0.000,
 40551.293,   132.625,    23.759,     4.468,     0.173,  3950.911,   154.232,     0.000,    19.753,  2898.534,     1.000,     4.468,    69.002,   145.502,   275.840,   327.298,    19.279,     5.763,     0.000,
 40551.335,   146.412,    23.758,     4.466,     0.168,  3914.470,     0.000,     0.000,    19.752,  2898.534,     1.000,     4.466,  -109.539,     0.000,   238.396,   327.288,    16.310,     4.337,     0.000,
 40551.377,   143.247,    23.764,     4.461,     0.167,  3772.094,     0.000,     0.000,    19.758,  2898.534,     1.000,     4.461,  -109.871,     0.000,   242.855,   327.267,    17.282,     8.178,     0.000,
 40551.418,   146.809,    23.762,     4.455,     0.168,  3806.628,   470.831,     0.000,    19.756,  2898.534,     1.000,     4.455,   321.472,   444.180,   237.700,   327.234,    26.400,     6.774,     0.000,
 40551.461,   162.880,    23.760,     4.447,     0.169,  3745.157,     0.000,     0.000,    19.754,  2898.534,     1.000,     4.447,   -81.193,     0.000,   281.687,   327.200,    38.772,    -3.091,     0.000,
 40551.502,   149.953,    23.760,     4.440,     0.168,  3809.719,     0.000,     0.000,    19.754,  2898.534,     1.000,     4.440,  -107.069,     0.000,   262.561,   327.167,    39.780,     2.682,     0.000,
 40551.543,   146.016,    23.766,     4.431,     0.170,  3776.685,   586.659,     0.000,    19.760,  2898.534,     1.000,     4.431,   468.280,   553.452,   264.789,   327.125,    36.566,   -13.730,     0.000,
 40551.586,   158.815,    23.768,     4.420,     0.177,  3904.972,     0.000,     0.000,    19.762,  2898.534,     1.000,     4.420,  -111.676,     0.000,   241.864,   327.071,    29.315,    -2.846,     0.000,
 40551.627,   166.978,    23.769,     4.406,     0.176,  3831.231,     0.000,     0.000,    19.763,  2898.534,     1.000,     4.406,  -120.300,     0.000,   242.653,   327.008,    42.491,    -6.545,     0.000,
 40551.668,   149.720,    23.766,     4.392,     0.169,  3739.405,     0.000,     0.000,    19.760,  2898.534,     1.000,     4.392,  -137.446,     0.000,   239.752,   326.940,    48.380,     1.878,     0.000,
 40551.710,   155.130,    23.767,     4.376,     0.169,  3805.318,     0.000,     0.000,    19.761,  2898.534,     1.000,     4.376,  -141.420,     0.000,   238.604,   326.864,    44.061,     9.098,     0.000,
 40551.752,   161.058,    23.771,     4.362,     0.180,  3889.603,     0.000,     0.000,    19.765,  2898.534,     1.000,     4.362,  -138.249,     0.000,   234.893,   326.799,    33.448,    12.895,     0.000,
 40551.793,   141.196,    23.772,     4.355,     0.179,  4004.944,   570.531,     0.000,    19.766,  2898.534,     1.000,     4.355,   420.312,   538.237,   235.117,   326.765,    18.663,     7.614,     0.000,
 40551.836,   163.296,    23.773,     4.351,     0.170,  3869.423,     0.000,     0.000,    19.767,  2898.534,     1.000,     4.351,  -149.737,     0.000,   229.107,   326.748,    29.227,    22.870,     0.000,
 40551.877,   147.413,    23.772,     4.350,     0.164,  3862.127,     0.000,     0.000,    19.766,  2898.534,     1.000,     4.350,  -134.400,     0.000,   226.601,   326.740,    18.478,    15.783,     0.000,
 40551.918,   152.800,    23.775,     4.351,     0.165,  3813.536,   922.129,     0.000,    19.769,  2898.534,     1.000,     4.351,   732.202,   869.933,   225.476,   326.744,    19.234,    17.229,     0.000,
 40551.961,   153.115,    23.772,     4.352,     0.165,  3747.592,     0.000,     0.000,    19.766,  2898.534,     1.000,     4.352,  -154.043,     0.000,   223.349,   326.748,    25.387,    25.256,     0.000,
 40552.002,   156.830,    23.775,     4.350,     0.162,  3705.800,     0.000,     0.000,    19.769,  2898.534,     1.000,     4.350,  -161.532,     0.000,   226.352,   326.743,    31.551,    29.589,     0.000,
 40552.043,   143.321,    23.774,     4.351,     0.162,  3757.315,   923.192,     0.000,    19.768,  2898.534,     1.000,     4.351,   736.180,   870.936,   226.117,   326.744,    17.711,    16.418,     0.000,
 40552.086,   148.588,    23.775,     4.352,     0.167,  3839.325,     0.000,     0.000,    19.769,  2898.534,     1.000,     4.352,  -122.762,     0.000,   245.904,   326.750,    20.721,    21.195,     0.000,
 40552.127,   145.358,    23.772,     4.353,     0.168,  3856.180,     0.000,     0.000,    19.766,  2898.534,     1.000,     4.353,  -120.587,     0.000,   260.704,   326.757,    26.365,    28.169,     0.000,
 40552.168,   136.927,    23.773,     4.352,     0.167,  3813.508,   469.334,     0.000,    19.767,  2898.534,     1.000,     4.352,   299.686,   442.768,   231.440,   326.751,    23.285,    24.486,     0.000,
 40552.210,   155.063,    23.774,     4.348,     0.165,  3809.060,     0.000,     0.000,    19.768,  2898.534,     1.000,     4.348,  -154.396,     0.000,   220.596,   326.731,    22.350,    25.912,     0.000,
 40552.252,   158.609,    23.775,     4.343,     0.163,  3774.722,     0.000,     0.000,    19.769,  2898.534,     1.000,     4.343,  -139.089,     0.000,   230.400,   326.708,    20.572,    22.208,     0.000,
 40552.293,   151.254,    23.773,     4.340,     0.166,  3850.295,   195.572,     0.000,    19.767,  2898.534,     1.000,     4.340,    46.735,   184.502,   229.522,   326.692,    19.087,    21.511,     0.000,
 40552.335,   146.756,    23.774,     4.338,     0.166,  3855.693,     0.000,     0.000,    19.768,  2898.534,     1.000,     4.338,  -112.339,     0.000,   258.407,   326.684,    20.690,    23.373,     0.000,
 40552.377,   138.826,    23.776,     4.336,     0.170,  3913.511,     0.000,     0.000,    19.770,  2898.534,     1.000,     4.336,  -139.249,     0.000,   230.204,   326.675,    20.323,    22.456,     0.000,
 40552.418,   155.292,    23.775,     4.334,     0.170,  3903.093,   552.622,     0.000,    19.769,  2898.534,     1.000,     4.334,   412.908,   521.341,   248.703,   326.664,    15.841,    14.631,     0.000,
 40552.460,   145.641,    23.776,     4.333,     0.168,  3897.543,     0.000,     0.000,    19.770,  2898.534,     1.000,     4.333,   -76.726,     0.000,   271.840,   326.662,    13.222,     8.681,     0.000,
 40552.502,   153.403,    23.773,     4.332,     0.172,  3945.340,     0.000,     0.000,    19.767,  2898.534,     1.000,     4.332,   -66.894,     0.000,   276.699,   326.658,    13.034,     3.901,     0.000,
 40552.543,   148.137,    23.776,     4.326,     0.168,  3935.460,   127.673,     0.000,    19.770,  2898.534,     1.000,     4.326,    39.013,   120.446,   261.196,   326.629,    13.528,     2.473,     0.000,
 40552.585,   148.465,    23.776,     4.314,     0.173,  3992.818,     0.000,     0.000,    19.770,  2898.534,     1.000,     4.314,  -103.140,     0.000,   239.650,   326.573,    15.828,     0.388,     0.000,
 40552.627,   151.294,    23.778,     4.300,     0.171,  3953.262,     0.000,     0.000,    19.772,  2898.534,     1.000,     4.300,  -104.488,     0.000,   238.847,   326.509,    15.654,     1.171,     0.000,
 40552.668,   145.496,    23.778,     4.285,     0.173,  3981.746,    97.577,     0.000,    19.772,  2898.534,     1.000,     4.285,    26.168,    92.054,   276.942,   326.437,    14.695,     1.696,     0.000,
 40552.711,   149.045,    23.778,     4.266,     0.173,  4011.885,     0.000,     0.000,    19.772,  2898.534,     1.000,     4.266,   -80.504,     0.000,   273.517,   326.350,    20.112,     7.559,     0.000,
 40552.752,   148.400,    23.778,     4.238,     0.170,  4185.583,     0.000,     0.000,    19.772,  2898.534,     1.000,     4.238,  -138.447,     0.000,   253.775,   326.222,    41.485,    24.516,     0.000,
 40552.793,   137.131,    23.782,     4.206,     0.172,  3966.262,     0.000,     0.000,    19.776,  2898.534,     1.000,     4.206,  -110.510,     0.000,   247.701,   326.068,    16.294,    15.849,     0.000,
 40552.835,   128.143,    23.783,     4.177,     0.172,  4014.258,     0.000,     0.000,    19.777,  2898.534,     1.000,     4.177,   -96.890,     0.000,   264.320,   325.929,    17.815,    17.467,     0.000,
 40552.877,   149.721,    23.784,     4.151,     0.174,  4079.417,     0.000,     0.000,    19.778,  2898.534,     1.000,     4.151,  -114.004,     0.000,   262.773,   325.810,    24.915,    26.051,     0.000,
 40552.918,   138.167,    23.785,     4.133,     0.173,  4134.252,    66.429,     0.000,    19.779,  2898.534,     1.000,     4.133,   -56.120,    62.668,   263.533,   325.721,    26.723,    29.877,     0.000,
 40552.960,   132.552,    23.785,     4.119,     0.179,  4121.511,     0.000,     0.000,    19.779,  2898.534,     1.000,     4.119,  -107.324,     0.000,   264.818,   325.658,    24.526,    21.959,     0.000,
 40553.001,   131.653,    23.786,     4.109,     0.174,  4054.289,     0.000,     0.000,    19.780,  2898.534,     1.000,     4.109,   -96.299,     0.000,   263.043,   325.607,    16.703,    17.032,     0.000,
 40553.043,   149.364,    23.790,     4.100,     0.176,  4085.259,   265.880,     0.000,    19.784,  2898.534,     1.000,     4.100,   150.639,   250.830,   261.318,   325.566,    17.002,    18.941,     0.000,
 40553.085,   132.852,    23.790,     4.098,     0.178,  4170.615,     0.000,     0.000,    19.784,  2898.534,     1.000,     4.098,  -112.051,     0.000,   260.461,   325.555,    22.020,    24.937,     0.000,
 40553.127,   142.023,    23.791,     4.100,     0.181,  4218.505,     0.000,     0.000,    19.785,  2898.534,     1.000,     4.100,  -116.519,     0.000,   260.715,   325.564,    24.988,    26.682,     0.000,
 40553.168,   120.428,    23.791,     4.103,     0.181,  4271.347,   227.113,     0.000,    19.785,  2898.534,     1.000,     4.103,    78.043,   214.257,   260.461,   325.579,    35.433,    35.663,     0.000,
 40553.210,   115.980,    23.790,     4.106,     0.177,  4187.362,     0.000,     0.000,    19.784,  2898.534,     1.000,     4.106,  -125.634,     0.000,   260.942,   325.593,    32.147,    28.836,     0.000,
 40553.252,   131.172,    23.789,     4.108,     0.181,  4188.037,     0.000,     0.000,    19.783,  2898.534,     1.000,     4.108,  -128.399,     0.000,   259.966,   325.604,    32.236,    30.525,     0.000,
 40553.293,   122.583,    23.791,     4.109,     0.183,  4268.171,   266.854,     0.000,    19.785,  2898.534,     1.000,     4.109,   117.186,   251.749,   260.002,   325.609,    35.531,    33.425,     0.000,
 40553.335,   130.464,    23.788,     4.111,     0.182,  4283.580,     0.000,     0.000,    19.782,  2898.534,     1.000,     4.111,  -118.857,     0.000,   260.715,   325.615,    29.241,    24.716,     0.000,
 40553.376,   132.584,    23.786,     4.113,     0.185,  4302.671,     0.000,     0.000,    19.780,  2898.534,     1.000,     4.113,  -127.996,     0.000,   259.744,   325.626,    31.174,    30.939,     0.000,
 40553.418,   126.383,    23.784,     4.117,     0.189,  4391.469,     0.000,     0.000,    19.778,  2898.534,     1.000,     4.117,  -117.344,     0.000,   262.009,   325.643,    28.906,    24.804,     0.000,
 40553.460,   136.613,    23.782,     4.121,     0.186,  4322.034,     0.000,     0.000,    19.776,  2898.534,     1.000,     4.121,  -106.106,     0.000,   262.808,   325.664,    24.164,    19.086,     0.000,
 40553.501,   123.603,    23.778,     4.123,     0.188,  4391.402,     0.000,     0.000,    19.772,  2898.534,     1.000,     4.123,  -134.188,     0.000,   263.821,   325.674,    45.766,    26.570,     0.000,
 40553.543,   117.322,    23.772,     4.119,     0.194,  4503.256,   100.250,     0.000,    19.766,  2898.534,     1.000,     4.119,   -33.344,    94.575,   261.806,   325.654,    38.824,    25.248,     0.000,
 40553.585,   113.230,    23.769,     4.106,     0.192,  4484.157,     0.000,     0.000,    19.763,  2898.534,     1.000,     4.106,  -153.664,     0.000,   261.729,   325.596,    56.235,    33.562,     0.000,
 40553.626,   127.548,    23.767,     4.086,     0.192,  4484.297,     0.000,     0.000,    19.761,  2898.534,     1.000,     4.086,  -162.173,     0.000,   261.508,   325.505,    60.859,    37.319,     0.000,
 40553.668,   122.622,    23.765,     4.064,     0.193,  4512.945,     0.000,     0.000,    19.759,  2898.534,     1.000,     4.064,  -183.247,     0.000,   259.742,   325.397,    72.250,    45.343,     0.000,
 40553.710,   134.180,    23.755,     4.036,     0.198,  4591.328,     0.000,     0.000,    19.749,  2898.534,     1.000,     4.036,  -188.712,     0.000,   257.927,   325.270,    72.013,    49.356,     0.000,
 40553.751,   130.342,    23.750,     4.009,     0.194,  4452.973,     0.000,     0.000,    19.744,  2898.534,     1.000,     4.009,  -160.690,     0.000,   256.509,   325.142,    52.414,    39.643,     0.000,
 40553.793,   132.677,    23.746,     3.984,     0.197,  4529.801,     0.000,     0.000,    19.740,  2898.534,     1.000,     3.984,  -160.284,     0.000,   255.390,   325.026,    52.628,    38.020,     0.000,
 40553.835,   117.298,    23.737,     3.976,     0.201,  4570.992,     0.000,     0.000,    19.731,  2898.534,     1.000,     3.963,  -148.140,     0.000,   253.883,   324.759,    43.819,    33.445,     0.000,
 40553.876,   127.180,    23.729,     3.963,     0.204,  4593.486,     0.000,     0.000,    19.723,  2898.534,     1.000,     3.945,  -137.401,     0.000,   252.568,   324.576,    36.772,    28.621,     0.000,
 40553.918,   110.004,    23.725,     3.953,     0.199,  4578.049,     0.000,     0.000,    19.719,  2898.534,     1.000,     3.930,  -157.670,     0.000,   252.568,   324.394,    47.538,    38.307,     0.000,
 40553.960,   126.720,    23.716,     3.936,     0.207,  4713.416,     0.000,     0.000,    19.710,  2898.534,     1.000,     3.920,  -140.896,     0.000,   253.251,   324.598,    39.180,    30.369,     0.000,
 40554.001,   118.612,    23.707,     3.940,     0.206,  4716.281,     0.000,     0.000,    19.701,  2898.534,     1.000,     3.917,  -150.703,     0.000,   253.481,   324.380,    45.749,    34.055,     0.000,
 40554.043,   122.470,    23.698,     3.942,     0.206,  4726.612,    84.234,     0.000,    19.692,  2898.534,     1.000,     3.920,   -70.886,    79.466,   253.481,   324.265,    45.647,    33.921,     0.000,
 40554.085,   114.910,    23.691,     3.942,     0.208,  4697.543,     0.000,     0.000,    19.685,  2898.534,     1.000,     3.925,  -168.842,     0.000,   252.093,   324.611,    52.813,    43.511,     0.000,
 40554.126,   130.737,    23.685,     3.948,     0.207,  4713.843,     0.000,     0.000,    19.679,  2898.534,     1.000,     3.929,  -169.063,     0.000,   251.894,   324.602,    52.480,    43.875,     0.000,
 40554.168,   114.370,    23.675,     3.955,     0.207,  4726.388,   173.872,     0.000,    19.669,  2898.534,     1.000,     3.931,   -32.100,   164.030,   235.150,   324.025,    57.186,    50.070,     0.000,
 40554.210,   122.988,    23.672,     3.952,     0.202,  4642.100,     0.000,     0.000,    19.666,  2898.534,     1.000,     3.932,  -179.317,     0.000,   248.335,   324.558,    54.771,    48.322,     0.000,
 40554.252,   130.246,    23.668,     3.961,     0.202,  4666.264,     0.000,     0.000,    19.662,  2898.534,     1.000,     3.931,  -214.724,     0.000,   220.617,   324.297,    58.873,    52.171,     0.000,
 40554.293,   112.337,    23.660,     3.948,     0.205,  4625.483,     0.000,     0.000,    19.654,  2898.534,     1.000,     3.925,  -210.473,     0.000,   215.364,   324.163,    54.748,    46.926,     0.000,
 40554.335,   113.198,    23.657,     3.931,     0.199,  4538.703,     0.000,     0.000,    19.651,  2898.534,     1.000,     3.910,  -220.407,     0.000,   232.843,   324.455,    69.610,    59.186,     0.000,
 40554.376,   121.448,    23.652,     3.914,     0.203,  4740.656,     0.000,     0.000,    19.646,  2898.534,     1.000,     3.884,  -292.302,     0.000,   214.847,   323.855,    97.937,    85.358,     0.000,
 40554.418,   119.469,    23.653,     3.880,     0.200,  4541.627,   260.904,     0.000,    19.647,  2898.534,     1.000,     3.852,    16.342,   246.136,   214.299,   323.551,    65.166,    55.376,     0.000,
 40554.460,   111.946,    23.651,     3.856,     0.198,  4558.364,     0.000,     0.000,    19.645,  2898.534,     1.000,     3.815,  -294.345,     0.000,   215.762,   323.881,   103.271,    82.955,     0.000,
 40554.501,   126.287,    23.643,     3.801,     0.200,  4548.709,     0.000,     0.000,    19.637,  2898.534,     1.000,     3.771,  -246.674,     0.000,   237.812,   323.258,    92.343,    68.885,     0.000,
 40554.543,   115.722,    23.647,     3.770,     0.191,  4385.166,     0.000,     0.000,    19.641,  2898.534,     1.000,     3.732,  -228.605,     0.000,   225.568,   323.256,    77.004,    53.913,     0.000,
 40554.585,   132.429,    23.649,     3.737,     0.189,  4307.556,     0.000,     0.000,    19.643,  2898.534,     1.000,     3.695,  -181.947,     0.000,   255.060,   322.825,    66.340,    47.842,     0.000,
 40554.627,   128.119,    23.649,     3.693,     0.192,  4354.687,     0.000,     0.000,    19.643,  2898.534,     1.000,     3.666,  -192.187,     0.000,   253.925,   322.565,    68.345,    55.202,     0.000,
 40554.668,   122.918,    23.648,     3.669,     0.188,  4317.639,    54.961,     0.000,    19.642,  2898.534,     1.000,     3.639,  -120.190,    51.850,   253.258,   322.824,    55.045,    47.429,     0.000,
 40554.710,   126.708,    23.651,     3.638,     0.187,  4298.512,     0.000,     0.000,    19.645,  2898.534,     1.000,     3.615,  -172.091,     0.000,   250.931,   322.845,    48.459,    51.717,     0.000,
 40554.751,   110.838,    23.652,     3.626,     0.189,  4250.739,     0.000,     0.000,    19.646,  2898.534,     1.000,     3.596,  -135.268,     0.000,   249.642,   322.809,    28.497,    33.604,     0.000,
 40554.793,   126.555,    23.656,     3.607,     0.186,  4244.235,     9.038,     0.000,    19.650,  2898.534,     1.000,     3.581,  -129.085,     8.527,   250.498,   323.006,    32.546,    32.558,     0.000,
 40554.835,   132.642,    23.655,     3.600,     0.189,  4302.460,     0.000,     0.000,    19.649,  2898.534,     1.000,     3.571,  -136.323,     0.000,   250.079,   322.509,    31.037,    32.855,     0.000,
 40554.877,   122.042,    23.663,     3.581,     0.184,  4216.407,     0.000,     0.000,    19.657,  2898.534,     1.000,     3.561,  -152.877,     0.000,   249.674,   322.698,    38.143,    41.711,     0.000,
 40554.918,   115.590,    23.667,     3.582,     0.185,  4222.010,    27.582,     0.000,    19.661,  2898.534,     1.000,     3.554,  -122.360,    26.021,   248.410,   322.722,    33.473,    40.596,     0.000,
 40554.960,   119.317,    23.673,     3.578,     0.183,  4193.846,     0.000,     0.000,    19.667,  2898.534,     1.000,     3.550,  -137.433,     0.000,   248.166,   322.541,    27.717,    35.342,     0.000,
 40555.001,   128.000,    23.679,     3.578,     0.180,  4124.104,     0.000,     0.000,    19.673,  2898.534,     1.000,     3.550,  -134.211,     0.000,   247.741,   322.784,    25.762,    33.407,     0.000,
 40555.043,   128.490,    23.689,     3.574,     0.178,  4112.954,     4.156,     0.000,    19.683,  2898.534,     1.000,     3.550,  -143.867,     3.921,   247.957,   322.793,    31.790,    41.162,     0.000,
 40555.085,   134.672,    23.693,     3.580,     0.182,  4162.749,     0.000,     0.000,    19.687,  2898.534,     1.000,     3.552,  -147.063,     0.000,   247.756,   322.710,    31.078,    41.031,     0.000,
 40555.127,   134.760,    23.701,     3.588,     0.180,  4124.831,     0.000,     0.000,    19.695,  2898.534,     1.000,     3.553,  -131.713,     0.000,   248.180,   322.509,    24.837,    32.547,     0.000,
 40555.168,   134.268,    23.706,     3.581,     0.180,  4141.647,   318.864,     0.000,    19.700,  2898.534,     1.000,     3.548,   168.773,   300.815,   248.180,   322.582,    25.026,    32.614,     0.000,
 40555.210,   130.408,    23.714,     3.568,     0.182,  4153.870,     0.000,     0.000,    19.708,  2898.534,     1.000,     3.541,  -131.970,     0.000,   248.226,   322.549,    25.126,    32.521,     0.000,
 40555.251,   116.436,    23.716,     3.561,     0.186,  4257.668,     0.000,     0.000,    19.710,  2898.534,     1.000,     3.532,  -127.705,     0.000,   249.482,   322.372,    24.167,    30.647,     0.000,
 40555.293,   124.188,    23.723,     3.548,     0.183,  4222.542,   321.815,     0.000,    19.717,  2898.534,     1.000,     3.520,   176.961,   303.599,   250.103,   322.689,    23.946,    30.107,     0.000,
 40555.335,   121.289,    23.727,     3.534,     0.186,  4279.603,     0.000,     0.000,    19.721,  2898.534,     1.000,     3.507,  -120.063,     0.000,   252.163,   322.592,    22.324,    27.309,     0.000,
 40555.377,   121.956,    23.730,     3.520,     0.188,  4311.327,     0.000,     0.000,    19.724,  2898.534,     1.000,     3.494,  -118.700,     0.000,   253.070,   322.432,    23.350,    25.988,     0.000,
 40555.418,   121.871,    23.733,     3.505,     0.188,  4323.915,     0.000,     0.000,    19.727,  2898.534,     1.000,     3.480,  -123.943,     0.000,   240.773,   322.139,    21.409,    21.169,     0.000,
 40555.460,   128.897,    23.741,     3.490,     0.189,  4339.100,     0.000,     0.000,    19.735,  2898.534,     1.000,     3.466,  -103.603,     0.000,   258.041,   322.298,    19.607,    19.740,     0.000,
 40555.501,   124.748,    23.739,     3.479,     0.189,  4338.690,     0.000,     0.000,    19.733,  2898.534,     1.000,     3.454,  -101.328,     0.000,   258.747,   322.257,    18.953,    18.865,     0.000,
 40555.543,   121.949,    23.741,     3.467,     0.192,  4431.231,   122.928,     0.000,    19.735,  2898.534,     1.000,     3.443,    20.003,   115.970,   260.225,   322.206,    16.894,    17.092,     0.000,
 40555.585,   108.558,    23.748,     3.457,     0.190,  4363.088,     0.000,     0.000,    19.742,  2898.534,     1.000,     3.434,   -87.297,     0.000,   262.624,   322.060,    13.640,    14.222,     0.000,
 40555.626,   119.311,    23.750,     3.449,     0.194,  4442.190,     0.000,     0.000,    19.744,  2898.534,     1.000,     3.427,   -83.359,     0.000,   263.856,   322.194,    12.052,    12.970,     0.000,
 40555.668,   121.276,    23.752,     3.440,     0.193,  4456.436,   583.871,     0.000,    19.746,  2898.534,     1.000,     3.422,   455.259,   550.821,   248.523,   322.136,    10.484,    11.466,     0.000,
 40555.710,   133.183,    23.753,     3.434,     0.197,  4492.117,     0.000,     0.000,    19.747,  2898.534,     1.000,     3.419,   -90.311,     0.000,   250.971,   322.217,     9.251,     9.815,     0.000,
 40555.751,   119.398,    23.752,     3.439,     0.199,  4541.520,     0.000,     0.000,    19.746,  2898.534,     1.000,     3.423,   -60.823,     0.000,   271.345,   322.131,     5.039,     4.998,     0.000,
 40555.793,   119.016,    23.756,     3.436,     0.198,  4511.044,   316.758,     0.000,    19.750,  2898.534,     1.000,     3.432,   233.994,   298.828,   270.470,   322.337,     6.359,     6.607,     0.000,
 40555.835,   110.992,    23.753,     3.451,     0.199,  4582.467,     0.000,     0.000,    19.747,  2898.534,     1.000,     3.446,   -65.819,     0.000,   269.817,   322.424,     6.382,     6.831,     0.000,
 40555.876,   108.476,    23.755,     3.469,     0.199,  4571.168,     0.000,     0.000,    19.749,  2898.534,     1.000,     3.461,   -69.828,     0.000,   268.447,   322.474,     7.501,     8.300,     0.000,
 40555.918,   119.986,    23.750,     3.486,     0.202,  4655.550,   289.411,     0.000,    19.744,  2898.534,     1.000,     3.477,   198.466,   273.029,   267.347,   322.491,     9.109,    10.310,     0.000,
 40555.960,   109.692,    23.756,     3.498,     0.198,  4557.336,     0.000,     0.000,    19.750,  2898.534,     1.000,     3.491,   -94.880,     0.000,   248.510,   322.638,     9.647,    11.106,     0.000,
 40556.001,   120.845,    23.752,     3.513,     0.199,  4609.039,     0.000,     0.000,    19.746,  2898.534,     1.000,     3.502,  -109.725,     0.000,   234.343,   322.539,     9.969,    11.560,     0.000,
 40556.043,   120.983,    23.754,     3.529,     0.205,  4689.351,   403.413,     0.000,    19.748,  2898.534,     1.000,     3.514,   287.951,   380.578,   249.368,   322.552,     9.026,    10.418,     0.000,
 40556.085,   118.325,    23.751,     3.542,     0.205,  4725.274,     0.000,     0.000,    19.745,  2898.534,     1.000,     3.531,   -75.128,     0.000,   266.853,   322.789,     8.916,    10.275,     0.000,
 40556.126,   117.805,    23.749,     3.561,     0.206,  4687.932,     0.000,     0.000,    19.743,  2898.534,     1.000,     3.553,   -71.303,     0.000,   268.199,   322.777,     7.884,     8.841,     0.000,
 40556.168,   119.055,    23.751,     3.587,     0.201,  4617.133,   303.438,     0.000,    19.745,  2898.534,     1.000,     3.577,   211.062,   286.263,   266.822,   322.785,     8.935,    10.304,     0.000,
 40556.210,   121.560,    23.751,     3.609,     0.207,  4776.000,     0.000,     0.000,    19.745,  2898.534,     1.000,     3.599,   -82.785,     0.000,   266.809,   322.995,    12.354,    14.245,     0.000,
 40556.251,   118.817,    23.750,     3.630,     0.207,  4784.065,     0.000,     0.000,    19.744,  2898.534,     1.000,     3.619,   -80.695,     0.000,   266.809,   323.008,    11.356,    13.140,     0.000,
 40556.293,   118.049,    23.749,     3.645,     0.205,  4719.334,     0.000,     0.000,    19.743,  2898.534,     1.000,     3.634,   -76.083,     0.000,   266.809,   323.127,     9.130,    10.635,     0.000,
 40556.335,   119.900,    23.749,     3.658,     0.204,  4704.772,     0.000,     0.000,    19.743,  2898.534,     1.000,     3.643,   -89.727,     0.000,   251.208,   323.053,     8.311,     9.571,     0.000,
 40556.376,   125.771,    23.749,     3.660,     0.206,  4731.207,     0.000,     0.000,    19.743,  2898.534,     1.000,     3.649,   -66.916,     0.000,   271.598,   323.289,     7.328,     7.896,     0.000,
 40556.418,   125.166,    23.749,     3.665,     0.208,  4783.696,   365.525,     0.000,    19.743,  2898.534,     1.000,     3.654,   278.273,   344.835,   259.361,   323.385,     1.531,     1.007,     0.000,
 40556.460,   130.505,    23.749,     3.670,     0.206,  4718.604,     0.000,     0.000,    19.743,  2898.534,     1.000,     3.660,   -75.420,     0.000,   246.458,   323.301,    -0.290,    -1.134,     0.000,
 40556.501,   124.651,    23.751,     3.680,     0.209,  4769.382,     0.000,     0.000,    19.745,  2898.534,     1.000,     3.669,   -47.532,     0.000,   263.140,   323.291,    -5.244,    -7.376,     0.000,
 40556.543,   127.196,    23.747,     3.690,     0.207,  4790.795,     0.000,     0.000,    19.741,  2898.534,     1.000,     3.683,   -56.600,     0.000,   246.944,   323.477,    -8.749,   -11.184,     0.000,
 40556.585,   124.989,    23.749,     3.704,     0.206,  4716.391,     0.000,     0.000,    19.743,  2898.534,     1.000,     3.704,    20.315,     0.000,   301.619,   323.705,   -19.339,   -23.063,     0.000,
 40556.626,   133.483,    23.749,     3.730,     0.209,  4796.801,     0.000,     0.000,    19.743,  2898.534,     1.000,     3.730,     5.342,     0.000,   296.866,   323.828,   -14.357,   -17.947,     0.000,
 40556.668,   128.422,    23.749,     3.756,     0.208,  4771.783,   432.116,     0.000,    19.743,  2898.534,     1.000,     3.756,   408.235,   407.656,   279.779,   323.946,   -21.789,   -22.957,     0.000,
 40556.710,   127.950,    23.750,     3.780,     0.210,  4752.263,     0.000,     0.000,    19.744,  2898.534,     1.000,     3.780,    -2.098,     0.000,   292.605,   324.060,   -14.065,   -15.292,     0.000,
 40556.751,   134.313,    23.748,     3.805,     0.210,  4814.402,     0.000,     0.000,    19.742,  2898.534,     1.000,     3.805,    29.468,     0.000,   294.981,   324.175,   -26.304,   -32.357,     0.000,
 40556.793,   130.622,    23.752,     3.832,     0.211,  4768.817,     0.000,     0.000,    19.746,  2898.534,     1.000,     3.832,    68.929,     0.000,   319.166,   324.306,   -33.619,   -40.451,     0.000,
 40556.835,   130.312,    23.748,     3.862,     0.213,  4826.090,     0.000,     0.000,    19.742,  2898.534,     1.000,     3.862,    70.374,     0.000,   322.292,   324.442,   -30.500,   -42.024,     0.000,
 40556.876,   133.429,    23.749,     3.889,     0.211,  4839.399,     0.000,     0.000,    19.743,  2898.534,     1.000,     3.889,    57.746,     0.000,   323.143,   324.570,   -24.615,   -34.558,     0.000,
 40556.918,   133.626,    23.750,     3.919,     0.212,  4736.980,     0.000,     0.000,    19.744,  2898.534,     1.000,     3.919,   163.456,     0.000,   321.353,   324.713,   -71.421,   -95.396,     0.000,
 40556.960,   131.014,    23.745,     3.951,     0.216,  4836.988,     0.000,     0.000,    19.739,  2898.534,     1.000,     3.951,    59.922,     0.000,   320.362,   324.861,   -28.987,   -35.434,     0.000,
 40557.002,   135.348,    23.752,     3.977,     0.214,  4866.002,     0.000,     0.000,    19.746,  2898.534,     1.000,     3.977,    55.560,     0.000,   320.297,   324.984,   -24.981,   -35.265,     0.000,
 40557.043,   131.269,    23.749,     3.990,     0.213,  4909.217,     0.000,     0.000,    19.743,  2898.534,     1.000,     4.001,    51.027,     0.000,   319.901,   325.309,   -21.773,   -34.662,     0.000,
 40557.085,   136.398,    23.746,     4.006,     0.209,  4785.654,     0.000,     0.000,    19.740,  2898.534,     1.000,     4.024,   100.906,     0.000,   296.437,   325.485,   -49.037,   -80.918,     0.000,
 40557.126,   130.002,    23.743,     4.032,     0.215,  4877.556,     0.000,     0.000,    19.737,  2898.534,     1.000,     4.041,    45.090,     0.000,   273.307,   325.439,   -36.830,   -60.392,     0.000,
 40557.168,   131.530,    23.749,     4.045,     0.213,  4841.546,     0.000,     0.000,    19.743,  2898.534,     1.000,     4.053,    75.708,     0.000,   314.308,   325.545,   -33.957,   -52.988,     0.000,
 40557.210,   142.909,    23.750,     4.054,     0.215,  4967.672,     0.000,     0.000,    19.744,  2898.534,     1.000,     4.065,    65.480,     0.000,   315.250,   325.593,   -29.398,   -46.425,     0.000,
 40557.252,   134.998,    23.751,     4.064,     0.218,  5014.577,     0.000,     0.000,    19.745,  2898.534,     1.000,     4.072,    23.823,     0.000,   301.971,   325.500,   -20.359,   -26.993,     0.000,
 40557.293,   132.540,    23.753,     4.072,     0.220,  5007.855,     0.000,     0.000,    19.747,  2898.534,     1.000,     4.075,   -15.611,     0.000,   279.092,   325.471,   -13.986,   -16.781,     0.000,
 40557.335,   133.834,    23.754,     4.076,     0.213,  4896.837,     0.000,     0.000,    19.748,  2898.534,     1.000,     4.077,    -2.249,     0.000,   294.739,   325.456,   -13.482,   -14.986,     0.000,
 40557.376,   117.839,    23.748,     4.080,     0.218,  5021.172,     0.000,     0.000,    19.742,  2898.534,     1.000,     4.081,     8.033,     0.000,   298.970,   325.492,   -16.716,   -17.839,     0.000,
 40557.418,   131.756,    23.751,     4.086,     0.220,  4972.378,     0.000,     0.000,    19.745,  2898.534,     1.000,     4.089,    24.321,     0.000,   301.895,   325.588,   -23.649,   -24.365,     0.000,
 40557.460,   127.361,    23.754,     4.094,     0.216,  4939.073,     0.000,     0.000,    19.748,  2898.534,     1.000,     4.101,    33.663,     0.000,   310.579,   325.686,   -23.360,   -25.410,     0.000,
 40557.501,   133.414,    23.753,     4.111,     0.220,  5016.067,     0.000,     0.000,    19.747,  2898.534,     1.000,     4.119,    64.031,     0.000,   328.210,   325.821,   -25.036,   -36.605,     0.000,
 40557.543,   125.733,    23.755,     4.128,     0.221,  5063.943,     0.000,     0.000,    19.749,  2898.534,     1.000,     4.142,    74.454,     0.000,   329.553,   326.052,   -30.555,   -40.398,     0.000,
 40557.585,   122.785,    23.756,     4.153,     0.219,  5033.235,     0.000,     0.000,    19.750,  2898.534,     1.000,     4.171,    79.753,     0.000,   331.962,   326.053,   -31.852,   -41.991,     0.000,
 40557.626,   116.411,    23.754,     4.180,     0.218,  5033.962,     0.000,     0.000,    19.748,  2898.534,     1.000,     4.200,    75.492,     0.000,   332.351,   326.160,   -30.414,   -38.887,     0.000,
 40557.668,   120.325,    23.758,     4.220,     0.218,  5005.232,   275.810,     0.000,    19.752,  2898.534,     1.000,     4.226,   294.301,   260.198,   292.170,   326.229,   -30.527,   -37.635,     0.000,
 40557.710,   128.686,    23.755,     4.241,     0.217,  4956.381,     0.000,     0.000,    19.749,  2898.534,     1.000,     4.254,   155.137,     0.000,   283.685,   326.527,   -87.767,  -110.212,     0.000,
 40557.751,   126.434,    23.758,     4.269,     0.220,  4997.469,     0.000,     0.000,    19.752,  2898.534,     1.000,     4.284,    51.984,     0.000,   286.365,   326.695,   -39.771,   -52.544,     0.000,
 40557.793,   116.303,    23.763,     4.296,     0.220,  5054.173,    57.792,     0.000,    19.757,  2898.534,     1.000,     4.310,   167.236,    54.521,   286.787,   326.672,   -64.213,   -88.387,     0.000,
 40557.835,   124.723,    23.759,     4.319,     0.224,  5153.151,     0.000,     0.000,    19.753,  2898.534,     1.000,     4.336,    53.777,     0.000,   281.978,   326.838,   -39.412,   -59.224,     0.000,
 40557.876,   118.745,    23.765,     4.348,     0.225,  5156.912,     0.000,     0.000,    19.759,  2898.534,     1.000,     4.356,    17.976,     0.000,   293.487,   326.811,   -22.714,   -28.585,     0.000,
 40557.918,   118.573,    23.764,     4.369,     0.229,  5254.389,    92.736,     0.000,    19.758,  2898.534,     1.000,     4.377,   150.801,    87.487,   311.045,   326.953,   -31.973,   -47.250,     0.000,
 40557.960,   115.625,    23.768,     4.390,     0.223,  5182.186,     0.000,     0.000,    19.762,  2898.534,     1.000,     4.399,    40.385,     0.000,   282.224,   327.120,   -33.879,   -51.401,     0.000,
 40558.001,   120.662,    23.770,     4.407,     0.223,  5165.908,     0.000,     0.000,    19.764,  2898.534,     1.000,     4.413,   -19.399,     0.000,   266.563,   327.049,   -17.459,   -23.628,     0.000,
 40558.043,   115.481,    23.775,     4.423,     0.225,  5154.914,     0.000,     0.000,    19.769,  2898.534,     1.000,     4.423,   -33.230,     0.000,   259.319,   327.087,   -15.177,   -19.361,     0.000,
 40558.085,   114.329,    23.776,     4.432,     0.225,  5206.236,     0.000,     0.000,    19.770,  2898.534,     1.000,     4.432,   -47.052,     0.000,   249.923,   327.127,   -12.489,   -17.664,     0.000,
 40558.126,   113.566,    23.781,     4.438,     0.226,  5206.911,     0.000,     0.000,    19.775,  2898.534,     1.000,     4.438,   -48.407,     0.000,   248.526,   327.157,   -12.729,   -17.494,     0.000,
 40558.168,   109.134,    23.780,     4.440,     0.223,  5145.309,   812.018,     0.000,    19.774,  2898.534,     1.000,     4.440,   703.131,   766.055,   247.494,   327.164,    -6.899,    -9.847,     0.000,
 40558.210,   107.213,    23.782,     4.436,     0.225,  5176.670,     0.000,     0.000,    19.776,  2898.534,     1.000,     4.436,   -71.855,     0.000,   243.868,   327.146,    -3.958,    -7.465,     0.000,
 40558.251,   122.903,    23.786,     4.428,     0.222,  5138.427,     0.000,     0.000,    19.780,  2898.534,     1.000,     4.428,   -72.995,     0.000,   243.563,   327.111,    -3.888,    -6.665,     0.000,
 40558.293,   118.420,    23.788,     4.420,     0.220,  5122.809,    41.681,     0.000,    19.782,  2898.534,     1.000,     4.420,   -33.696,    39.322,   242.171,   327.069,    -4.386,    -7.494,     0.000,
 40558.335,   126.275,    23.788,     4.410,     0.220,  5124.196,     0.000,     0.000,    19.782,  2898.534,     1.000,     4.410,   -84.175,     0.000,   238.861,   327.025,    -1.180,    -2.810,     0.000,
 40558.376,   118.924,    23.794,     4.402,     0.221,  5075.738,     0.000,     0.000,    19.788,  2898.534,     1.000,     4.402,   -40.847,     0.000,   268.453,   326.987,    -7.710,    -9.977,     0.000,
 40558.418,   112.697,    23.792,     4.396,     0.222,  5133.449,   468.074,     0.000,    19.786,  2898.534,     1.000,     4.396,   379.962,   441.579,   248.180,   326.957,    -6.589,   -10.572,     0.000,
 40558.460,   113.463,    23.794,     4.392,     0.223,  5167.850,     0.000,     0.000,    19.788,  2898.534,     1.000,     4.392,     3.147,     0.000,   300.076,   326.941,   -12.265,   -17.747,     0.000,
 40558.501,   117.326,    23.797,     4.393,     0.220,  5090.465,     0.000,     0.000,    19.791,  2898.534,     1.000,     4.393,   -12.933,     0.000,   282.846,   326.945,   -12.587,   -18.579,     0.000,
 40558.543,   113.994,    23.797,     4.394,     0.220,  5108.077,   128.075,     0.000,    19.791,  2898.534,     1.000,     4.394,   124.150,   120.825,   299.563,   326.949,   -13.584,   -17.127,     0.000,
 40558.585,   118.156,    23.801,     4.396,     0.222,  5134.767,     0.000,     0.000,    19.795,  2898.534,     1.000,     4.396,    -0.877,     0.000,   297.104,   326.955,   -13.749,   -15.225,     0.000,
 40558.626,   111.373,    23.805,     4.395,     0.214,  5011.014,     0.000,     0.000,    19.799,  2898.534,     1.000,     4.395,   -11.333,     0.000,   292.525,   326.952,   -11.007,   -12.087,     0.000,
 40558.668,   114.022,    23.800,     4.393,     0.225,  5190.654,   271.095,     0.000,    19.794,  2898.534,     1.000,     4.393,   250.491,   255.750,   295.077,   326.946,   -12.762,   -13.849,     0.000,
 40558.710,   116.687,    23.804,     4.391,     0.217,  5068.178,     0.000,     0.000,    19.798,  2898.534,     1.000,     4.391,    -4.798,     0.000,   295.075,   326.936,   -13.208,   -13.856,     0.000,
 40558.751,   124.011,    23.802,     4.387,     0.221,  5118.293,     0.000,     0.000,    19.796,  2898.534,     1.000,     4.387,    -6.495,     0.000,   294.282,   326.914,   -12.805,   -13.332,     0.000,
 40558.793,   113.694,    23.803,     4.380,     0.218,  5065.444,   245.366,     0.000,    19.797,  2898.534,     1.000,     4.380,   224.071,   231.478,   293.854,   326.881,   -12.553,   -13.068,     0.000,
 40558.835,   114.484,    23.805,     4.371,     0.219,  5076.155,     0.000,     0.000,    19.799,  2898.534,     1.000,     4.371,    -9.514,     0.000,   292.910,   326.842,   -11.963,   -12.454,     0.000,
 40558.876,   113.032,    23.805,     4.361,     0.218,  5072.713,     0.000,     0.000,    19.799,  2898.534,     1.000,     4.361,   -13.389,     0.000,   291.275,   326.795,   -10.765,   -11.366,     0.000,
 40558.918,   117.670,    23.805,     4.349,     0.218,  5081.739,    30.558,     0.000,    19.799,  2898.534,     1.000,     4.349,    17.907,    28.829,   292.143,   326.739,   -11.657,   -12.018,     0.000,
 40558.960,   115.681,    23.806,     4.335,     0.216,  5034.209,     0.000,     0.000,    19.800,  2898.534,     1.000,     4.335,   -10.705,     0.000,   292.173,   326.672,   -11.694,   -12.101,     0.000,
 40559.001,   116.572,    23.807,     4.315,     0.219,  5037.997,     0.000,     0.000,    19.801,  2898.534,     1.000,     4.315,    -8.415,     0.000,   292.967,   326.581,   -12.468,   -12.732,     0.000,
 40559.043,   124.213,    23.808,     4.290,     0.217,  5010.421,     4.235,     0.000,    19.802,  2898.534,     1.000,     4.291,    27.725,     3.995,   305.860,   326.479,   -22.788,   -21.561,     0.000,
 40559.085,   126.433,    23.808,     4.259,     0.216,  5059.276,     0.000,     0.000,    19.802,  2898.534,     1.000,     4.260,    30.373,     0.000,   290.304,   326.337,   -34.261,   -32.145,     0.000,
 40559.126,   124.367,    23.809,     4.222,     0.216,  5004.777,     0.000,     0.000,    19.803,  2898.534,     1.000,     4.223,    60.384,     0.000,   320.839,   326.210,   -34.177,   -31.578,     0.000,
 40559.168,   121.925,    23.810,     4.180,     0.216,  5019.419,     0.000,     0.000,    19.804,  2898.534,     1.000,     4.184,    68.791,     0.000,   325.248,   326.076,   -35.115,   -34.505,     0.000,
 40559.210,   114.386,    23.813,     4.137,     0.216,  4990.597,     0.000,     0.000,    19.807,  2898.534,     1.000,     4.142,    69.273,     0.000,   325.512,   325.938,   -34.900,   -34.799,     0.000,
 40559.251,   128.727,    23.815,     4.093,     0.217,  4982.363,     0.000,     0.000,    19.809,  2898.534,     1.000,     4.102,    76.705,     0.000,   328.623,   325.725,   -36.855,   -36.952,     0.000,
 40559.293,   134.851,    23.809,     4.057,     0.214,  4970.782,   291.906,     0.000,    19.803,  2898.534,     1.000,     4.062,   346.246,   275.383,   324.863,   325.532,   -36.772,   -34.761,     0.000,
 40559.335,   124.041,    23.809,     4.021,     0.216,  5008.990,     0.000,     0.000,    19.803,  2898.534,     1.000,     4.027,    65.716,     0.000,   319.660,   325.374,   -36.674,   -34.756,     0.000,
 40559.377,   142.558,    23.811,     3.990,     0.214,  4973.363,     0.000,     0.000,    19.805,  2898.534,     1.000,     3.994,    47.893,     0.000,   302.479,   325.140,   -36.608,   -33.945,     0.000,
 40559.418,   121.470,    23.812,     3.966,     0.215,  4960.378,   332.557,     0.000,    19.806,  2898.534,     1.000,     3.966,   387.770,   313.733,   322.325,   324.939,   -39.632,   -37.019,     0.000,
 40559.460,   126.627,    23.814,     3.943,     0.213,  4927.341,     0.000,     0.000,    19.808,  2898.534,     1.000,     3.943,    74.910,     0.000,   325.772,   324.831,   -37.982,   -35.986,     0.000,
 40559.501,   133.920,    23.813,     3.924,     0.213,  4918.796,     0.000,     0.000,    19.807,  2898.534,     1.000,     3.923,    86.956,     0.000,   326.699,   324.738,   -45.051,   -39.944,     0.000,
 40559.543,   137.003,    23.814,     3.908,     0.212,  4943.246,   303.169,     0.000,    19.808,  2898.534,     1.000,     3.908,   400.254,   286.009,   334.976,   324.667,   -51.826,   -52.110,     0.000,
 40559.585,   137.171,    23.813,     3.896,     0.213,  4965.981,     0.000,     0.000,    19.807,  2898.534,     1.000,     3.896,   101.454,     0.000,   336.470,   324.612,   -43.154,   -46.442,     0.000,
 40559.627,   129.943,    23.810,     3.886,     0.210,  4852.474,     0.000,     0.000,    19.804,  2898.534,     1.000,     3.886,    90.839,     0.000,   333.690,   324.562,   -40.530,   -41.180,     0.000,
 40559.668,   132.784,    23.814,     3.877,     0.211,  4853.343,   293.130,     0.000,    19.808,  2898.534,     1.000,     3.877,   357.400,   276.538,   328.227,   324.519,   -39.339,   -37.815,     0.000,
 40559.710,   132.024,    23.816,     3.869,     0.208,  4858.914,     0.000,     0.000,    19.810,  2898.534,     1.000,     3.869,    62.857,     0.000,   305.185,   324.480,   -41.101,   -41.051,     0.000,
 40559.752,   142.071,    23.812,     3.860,     0.209,  4883.145,     0.000,     0.000,    19.806,  2898.534,     1.000,     3.859,    32.515,     0.000,   277.238,   324.438,   -41.074,   -38.641,     0.000,
 40559.793,   128.094,    23.814,     3.851,     0.210,  4905.587,   542.798,     0.000,    19.808,  2898.534,     1.000,     3.850,   534.555,   512.073,   273.311,   324.394,   -38.071,   -35.493,     0.000,
 40559.835,   135.999,    23.811,     3.849,     0.209,  4776.584,     0.000,     0.000,    19.805,  2898.534,     1.000,     3.849,   143.282,     0.000,   280.419,   324.387,   -83.637,  -103.613,     0.000,
 40559.877,   135.443,    23.804,     3.865,     0.202,  4416.683,     0.000,     0.000,    19.798,  2898.534,     1.000,     3.865,   226.246,     0.000,   280.815,   324.458,  -108.728,  -161.161,     0.000,
 40559.918,   140.599,    23.799,     3.895,     0.193,  4082.645,   165.778,     0.000,    19.793,  2898.534,     1.000,     3.895,   489.993,   156.394,   276.943,   324.598,  -163.018,  -218.237,     0.000,
 40559.960,   137.327,    23.791,     3.924,     0.219,  4837.418,     0.000,     0.000,    19.785,  2898.534,     1.000,     3.924,   170.103,     0.000,   274.368,   324.738,   -91.660,  -128.814,     0.000,
 40560.002,   123.429,    23.803,     3.947,     0.231,  5037.008,     0.000,     0.000,    19.797,  2898.534,     1.000,     3.947,   186.833,     0.000,   271.821,   324.842,  -107.889,  -131.965,     0.000,
 40560.043,   136.748,    23.801,     3.972,     0.220,  4874.024,     0.000,     0.000,    19.795,  2898.534,     1.000,     3.972,   240.762,     0.000,   274.479,   324.965,  -127.079,  -164.169,     0.000,
 40560.085,   131.646,    23.789,     3.983,     0.210,  4385.800,     0.000,     0.000,    19.783,  2898.534,     1.000,     4.010,   347.323,     0.000,   272.887,   325.523,  -174.570,  -225.389,     0.000,
 40560.127,   129.061,    23.780,     4.008,     0.261,  4467.010,     0.000,     0.000,    19.774,  2898.534,     1.000,     4.049,   273.518,     0.000,   271.000,   325.587,  -127.566,  -200.539,     0.000,
 40560.168,   117.678,    23.779,     4.051,     0.364,  5347.697,     0.000,     0.000,    19.773,  2898.534,     1.000,     4.080,   194.034,     0.000,   270.605,   325.671,   -90.135,  -158.966,     0.000,
 40560.210,   117.043,    23.785,     4.082,     0.317,  5266.140,     0.000,     0.000,    19.779,  2898.534,     1.000,     4.100,   166.252,     0.000,   268.224,   325.775,   -74.157,  -149.646,     0.000,
 40560.253,   112.401,    23.775,     4.095,     0.294,  4710.782,     0.000,     0.000,    19.769,  2898.534,     1.000,     4.118,   211.714,     0.000,   265.215,   325.892,   -90.800,  -181.592,     0.000,
 40560.293,   122.603,    23.763,     4.105,     0.259,  4411.087,     0.000,     0.000,    19.757,  2898.534,     1.000,     4.137,   213.103,     0.000,   265.215,   326.080,   -81.426,  -192.543,     0.000,
 40560.335,   117.364,    23.761,     4.126,     0.295,  4810.938,     0.000,     0.000,    19.755,  2898.534,     1.000,     4.158,   161.434,     0.000,   262.208,   326.194,   -74.065,  -151.354,     0.000,
 40560.378,   113.405,    23.770,     4.154,     0.273,  4863.445,     0.000,     0.000,    19.764,  2898.534,     1.000,     4.171,   152.552,     0.000,   262.714,   326.098,   -61.344,  -154.592,     0.000,
 40560.418,   116.555,    23.764,     4.165,     0.350,  4871.617,   689.663,     0.000,    19.758,  2898.534,     1.000,     4.185,   807.843,   650.626,   265.215,   326.178,   -51.044,  -167.136,     0.000,
 40560.461,    90.571,    23.756,     4.181,     0.332,  5219.834,     0.000,     0.000,    19.750,  2898.534,     1.000,     4.201,   144.527,     0.000,   265.499,   326.234,   -47.170,  -158.093,     0.000,
 40560.503,   110.366,    23.754,     4.206,     0.283,  4858.792,     0.000,     0.000,    19.748,  2898.534,     1.000,     4.223,   201.703,     0.000,   269.272,   326.287,   -54.023,  -204.696,     0.000,
 40560.544,   108.443,    23.731,     4.226,     0.185,  2734.159,     0.000,     0.000,    19.725,  2898.534,     1.000,     4.261,   397.053,     0.000,   274.508,   326.864,   -58.426,  -390.983,     0.000,
 40560.586,   110.675,    23.708,     4.257,     0.275,  4592.271,     0.000,     0.000,    19.702,  2898.534,     1.000,     4.299,   154.159,     0.000,   268.449,   326.926,   -34.967,  -177.669,     0.000,
 40560.628,   110.512,    23.752,     4.305,     0.407,  6585.824,     0.000,     0.000,    19.746,  2898.534,     1.000,     4.320,   113.046,     0.000,   265.177,   326.731,   -35.666,  -138.935,     0.000,
 40560.669,   107.264,    23.752,     4.320,     0.407,  6375.943,     0.000,     0.000,    19.746,  2898.534,     1.000,     4.331,    74.547,     0.000,   309.381,   326.745,   -15.173,   -76.738,     0.000,
 40560.711,   111.628,    23.750,     4.339,     0.325,  5376.551,     0.000,     0.000,    19.744,  2898.534,     1.000,     4.347,   104.811,     0.000,   305.699,   326.829,   -15.664,  -110.277,     0.000,
 40560.751,   116.864,    23.738,     4.351,     0.311,  5201.828,     0.000,     0.000,    19.732,  2898.534,     1.000,     4.359,    32.445,     0.000,   304.106,   326.847,    -1.282,   -53.904,     0.000,
 40560.794,   100.063,    23.738,     4.363,     0.318,  5098.696,     0.000,     0.000,    19.732,  2898.534,     1.000,     4.368,    55.120,     0.000,   303.717,   326.877,    -1.433,   -76.847,     0.000,
 40560.836,   111.799,    23.728,     4.373,     0.281,  4847.352,     0.000,     0.000,    19.722,  2898.534,     1.000,     4.377,    37.194,     0.000,   299.268,   326.916,     9.596,   -74.437,     0.000,
 40560.877,    97.394,    23.723,     4.380,     0.290,  4769.073,     0.000,     0.000,    19.717,  2898.534,     1.000,     4.382,     8.775,     0.000,   279.059,   326.908,    13.213,   -69.837,     0.000,
 40560.919,   109.902,    23.719,     4.381,     0.303,  4945.844,     0.000,     0.000,    19.713,  2898.534,     1.000,     4.381,   -24.412,     0.000,   255.410,   326.888,    16.771,   -63.837,     0.000,
 40560.961,   104.433,    23.712,     4.379,     0.296,  5083.354,     0.000,     0.000,    19.706,  2898.534,     1.000,     4.379,    -3.081,     0.000,   289.710,   326.880,    12.935,   -47.024,     0.000,
 40561.002,   100.618,    23.708,     4.374,     0.331,  5232.919,     0.000,     0.000,    19.702,  2898.534,     1.000,     4.374,   -51.221,     0.000,   250.648,   326.855,    16.476,   -41.462,     0.000,
 40561.044,   104.968,    23.704,     4.364,     0.329,  4946.553,     0.000,     0.000,    19.698,  2898.534,     1.000,     4.364,   -56.270,     0.000,   248.207,   326.809,    23.144,   -45.477,     0.000,
 40561.085,    95.301,    23.695,     4.352,     0.313,  5038.140,     0.000,     0.000,    19.689,  2898.534,     1.000,     4.352,   -67.511,     0.000,   246.018,   326.754,    13.659,   -26.885,     0.000,
 40561.127,    87.430,    23.696,     4.338,     0.325,  5124.289,     0.000,     0.000,    19.690,  2898.534,     1.000,     4.338,   -64.441,     0.000,   245.747,   326.688,    14.204,   -30.705,     0.000,
 40561.169,    96.544,    23.691,     4.322,     0.354,  5442.974,     0.000,     0.000,    19.685,  2898.534,     1.000,     4.322,   -71.998,     0.000,   246.775,   326.613,     5.427,   -13.268,     0.000,
 40561.210,   104.263,    23.691,     4.304,     0.351,  5331.649,     0.000,     0.000,    19.685,  2898.534,     1.000,     4.304,   -62.559,     0.000,   247.500,   326.527,    11.227,   -27.695,     0.000,
 40561.252,    91.550,    23.688,     4.286,     0.315,  5290.502,     0.000,     0.000,    19.682,  2898.534,     1.000,     4.286,   -56.780,     0.000,   255.429,   326.441,     7.475,   -21.707,     0.000,
 40561.294,    92.534,    23.685,     4.270,     0.343,  5424.136,     0.000,     0.000,    19.679,  2898.534,     1.000,     4.270,   -24.470,     0.000,   287.490,   326.365,     2.087,   -16.492,     0.000,
 40561.335,    89.770,    23.681,     4.257,     0.329,  5438.537,     0.000,     0.000,    19.675,  2898.534,     1.000,     4.257,   -29.189,     0.000,   287.576,   326.304,     0.929,   -10.468,     0.000,
 40561.377,    90.564,    23.674,     4.246,     0.353,  5323.983,     0.000,     0.000,    19.668,  2898.534,     1.000,     4.246,   -10.875,     0.000,   289.128,   326.252,     9.983,   -36.231,     0.000,
 40561.419,    87.946,    23.667,     4.236,     0.348,  5433.724,     0.000,     0.000,    19.661,  2898.534,     1.000,     4.236,   -30.728,     0.000,   285.454,   326.204,     2.821,   -12.843,     0.000,
 40561.460,    97.911,    23.669,     4.223,     0.364,  5649.739,     0.000,     0.000,    19.663,  2898.534,     1.000,     4.223,   -38.867,     0.000,   268.541,   326.145,    -2.867,   -15.870,     0.000,
 40561.502,    88.618,    23.669,     4.208,     0.360,  5662.441,     0.000,     0.000,    19.663,  2898.534,     1.000,     4.208,   -37.465,     0.000,   270.034,   326.075,    -2.237,   -16.339,     0.000,
 40561.544,    89.025,    23.666,     4.191,     0.371,  5707.116,     0.000,     0.000,    19.660,  2898.534,     1.000,     4.191,   -38.710,     0.000,   270.435,   325.994,    -1.429,   -15.420,     0.000,
 40561.585,    83.563,    23.667,     4.172,     0.375,  5744.219,     0.000,     0.000,    19.661,  2898.534,     1.000,     4.172,   -20.502,     0.000,   287.740,   325.908,    -1.982,   -15.683,     0.000,
 40561.627,    82.585,    23.661,     4.151,     0.374,  5706.380,     0.000,     0.000,    19.655,  2898.534,     1.000,     4.151,   -39.539,     0.000,   268.027,   325.806,     1.010,   -19.249,     0.000,
 40561.669,    82.818,    23.658,     4.124,     0.337,  5706.845,     0.000,     0.000,    19.652,  2898.534,     1.000,     4.124,   -42.424,     0.000,   266.514,   325.683,    -1.319,   -15.426,     0.000,
 40561.710,    81.445,    23.656,     4.096,     0.388,  5948.001,     0.000,     0.000,    19.650,  2898.534,     1.000,     4.096,   -32.359,     0.000,   281.625,   325.550,    -2.109,    -9.458,     0.000,
 40561.752,    82.942,    23.657,     4.065,     0.349,  5935.934,     0.000,     0.000,    19.651,  2898.534,     1.000,     4.065,   -41.643,     0.000,   280.408,   325.403,     6.465,    -9.818,     0.000,
 40561.794,    77.664,    23.655,     4.034,     0.387,  6073.788,     0.000,     0.000,    19.649,  2898.534,     1.000,     4.034,   -39.387,     0.000,   283.181,   325.260,     1.006,    -3.698,     0.000,
 40561.835,    79.695,    23.660,     4.009,     0.384,  6141.728,     0.000,     0.000,    19.654,  2898.534,     1.000,     4.009,   -43.446,     0.000,   281.070,   325.140,     1.714,    -2.338,     0.000,
 40561.877,    83.301,    23.662,     3.990,     0.400,  6098.288,     0.000,     0.000,    19.656,  2898.534,     1.000,     3.990,   -42.529,     0.000,   283.715,   325.048,     6.301,    -5.105,     0.000,
 40561.919,    77.612,    23.663,     3.980,     0.394,  6171.954,     0.000,     0.000,    19.657,  2898.534,     1.000,     3.975,   -57.541,     0.000,   277.201,   324.924,     6.819,     2.999,     0.000,
 40561.961,    82.170,    23.662,     3.971,     0.402,  6253.889,     0.000,     0.000,    19.656,  2898.534,     1.000,     3.960,   -63.274,     0.000,   275.093,   324.830,     8.349,     5.188,     0.000,
 40562.002,    77.989,    23.663,     3.953,     0.376,  6293.901,     0.000,     0.000,    19.657,  2898.534,     1.000,     3.944,   -77.936,     0.000,   271.283,   324.745,    12.278,    12.197,     0.000,
 40562.044,    75.106,    23.663,     3.936,     0.415,  6333.668,     0.000,     0.000,    19.657,  2898.534,     1.000,     3.926,   -69.707,     0.000,   272.419,   324.657,     8.970,     8.499,     0.000,
 40562.086,    74.924,    23.663,     3.922,     0.421,  6427.693,     0.000,     0.000,    19.657,  2898.534,     1.000,     3.911,   -66.043,     0.000,   271.264,   324.589,     6.582,     6.136,     0.000,
 40562.127,    80.206,    23.667,     3.908,     0.409,  6405.922,     0.000,     0.000,    19.661,  2898.534,     1.000,     3.899,   -80.543,     0.000,   255.289,   324.539,     6.049,     5.244,     0.000,
 40562.169,    76.797,    23.665,     3.898,     0.394,  6581.097,     0.000,     0.000,    19.659,  2898.534,     1.000,     3.888,  -101.188,     0.000,   234.944,   324.465,     6.195,     5.472,     0.000,
 40562.210,    78.640,    23.664,     3.893,     0.426,  6519.603,     0.000,     0.000,    19.658,  2898.534,     1.000,     3.884,   -81.827,     0.000,   256.236,   324.463,     7.773,     5.828,     0.000,
 40562.252,    78.236,    23.665,     3.916,     0.414,  6584.885,     0.000,     0.000,    19.659,  2898.534,     1.000,     3.904,   -67.497,     0.000,   271.805,   324.514,     8.049,     6.739,     0.000,
 40562.294,    72.368,    23.665,     3.946,     0.441,  6706.178,     0.000,     0.000,    19.659,  2898.534,     1.000,     3.938,   -69.556,     0.000,   271.260,   324.706,     8.643,     7.467,     0.000,
 40562.335,    77.651,    23.661,     3.984,     0.431,  6685.326,     0.000,     0.000,    19.655,  2898.534,     1.000,     3.978,   -71.814,     0.000,   270.740,   324.903,     9.473,     8.178,     0.000,
 40562.377,    73.867,    23.659,     4.016,     0.444,  6791.013,     0.000,     0.000,    19.653,  2898.534,     1.000,     4.015,   -71.691,     0.000,   271.340,   325.167,    10.054,     7.811,     0.000,
 40562.419,    72.275,    23.657,     4.043,     0.443,  6804.773,     0.000,     0.000,    19.651,  2898.534,     1.000,     4.043,   -61.459,     0.000,   275.404,   325.297,     7.663,     3.903,     0.000,
 40562.460,    70.872,    23.656,     4.058,     0.431,  6908.035,     0.000,     0.000,    19.650,  2898.534,     1.000,     4.058,   -50.188,     0.000,   279.893,   325.366,     5.007,    -0.292,     0.000,
 40562.502,    73.521,    23.657,     4.059,     0.451,  6938.643,     0.000,     0.000,    19.651,  2898.534,     1.000,     4.059,   -46.186,     0.000,   282.960,   325.374,     6.862,    -3.090,     0.000,
 40562.544,    72.474,    23.645,     4.054,     0.422,  6959.718,     0.000,     0.000,    19.639,  2898.534,     1.000,     4.054,   -43.505,     0.000,   283.892,   325.347,     7.436,    -5.386,     0.000,
 40562.585,    90.080,    23.649,     4.042,     0.284,  6435.683,     0.000,     0.000,    19.643,  2898.534,     1.000,     4.042,   -80.438,     0.000,   247.925,   325.294,    11.875,    -8.806,     0.000,
 40562.627,    88.617,    23.640,     4.014,     0.296,  6667.959,     0.000,     0.000,    19.634,  2898.534,     1.000,     4.014,   -85.813,     0.000,   240.056,   325.168,     7.579,    -6.877,     0.000,
 40562.669,    88.996,    23.637,     3.975,     0.310,  7002.445,     0.000,     0.000,    19.631,  2898.534,     1.000,     3.969,   -65.590,     0.000,   261.505,   324.907,     7.230,    -5.042,     0.000,
 40562.710,    87.089,    23.638,     3.934,     0.313,  7095.888,     0.000,     0.000,    19.632,  2898.534,     1.000,     3.915,   -71.358,     0.000,   260.038,   324.619,     7.262,    -0.484,     0.000,
 40562.752,    87.417,    23.629,     3.879,     0.319,  7160.659,     0.000,     0.000,    19.623,  2898.534,     1.000,     3.860,   -91.888,     0.000,   240.499,   324.338,     9.065,    -1.016,     0.000,
 40562.794,    82.774,    23.626,     3.833,     0.319,  7227.700,     0.000,     0.000,    19.620,  2898.534,     1.000,     3.817,   -80.539,     0.000,   247.206,   324.138,     5.140,    -1.532,     0.000,
 40562.835,    85.919,    23.622,     3.810,     0.325,  7280.907,     0.000,     0.000,    19.616,  2898.534,     1.000,     3.799,   -50.560,     0.000,   278.772,   324.077,     5.690,    -0.435,     0.000,
 40562.877,    89.475,    23.619,     3.800,     0.326,  7363.774,     0.000,     0.000,    19.613,  2898.534,     1.000,     3.793,   -53.872,     0.000,   279.038,   324.090,     9.660,    -0.840,     0.000,
 40562.919,    81.096,    23.607,     3.799,     0.329,  7408.706,     0.000,     0.000,    19.601,  2898.534,     1.000,     3.795,   -60.479,     0.000,   277.247,   324.106,    12.329,     1.290,     0.000,
 40562.960,    82.016,    23.600,     3.814,     0.332,  7498.595,     0.000,     0.000,    19.594,  2898.534,     1.000,     3.813,   -63.542,     0.000,   275.675,   324.181,    12.212,     2.824,     0.000,
 40563.002,    90.009,    23.589,     3.848,     0.339,  7572.563,     0.000,     0.000,    19.583,  2898.534,     1.000,     3.846,   -65.102,     0.000,   274.803,   324.344,    11.953,     3.609,     0.000,
 40563.044,    59.608,    23.589,     3.890,     0.446,  8224.727,     0.000,     0.000,    19.583,  2898.534,     1.000,     3.885,   -66.700,     0.000,   273.899,   324.510,    11.441,     4.649,     0.000,
 40563.085,    53.979,    23.586,     3.935,     0.458,  8093.992,     0.000,     0.000,    19.580,  2898.534,     1.000,     3.924,   -70.052,     0.000,   272.990,   324.671,    12.674,     5.697,     0.000,
 40563.127,    55.215,    23.575,     3.964,     0.433,  7834.061,     0.000,     0.000,    19.569,  2898.534,     1.000,     3.954,   -71.907,     0.000,   272.401,   324.777,    13.148,     6.383,     0.000,
 40563.169,    54.655,    23.571,     3.983,     0.434,  7646.374,     0.000,     0.000,    19.565,  2898.534,     1.000,     3.977,   -73.592,     0.000,   271.816,   324.930,    13.366,     7.112,     0.000,
 40563.210,    55.614,    23.564,     3.996,     0.429,  7647.985,     0.000,     0.000,    19.558,  2898.534,     1.000,     3.996,   -74.400,     0.000,   271.206,   325.078,    12.663,     7.865,     0.000,
 40563.252,    56.300,    23.553,     4.009,     0.426,  7660.476,     0.000,     0.000,    19.547,  2898.534,     1.000,     4.009,   -76.959,     0.000,   270.370,   325.135,    13.423,     8.770,     0.000,
 40563.294,    53.635,    23.547,     4.010,     0.416,  7450.851,     0.000,     0.000,    19.541,  2898.534,     1.000,     4.010,   -78.058,     0.000,   270.411,   325.142,    13.808,     9.519,     0.000,
 40563.335,    55.787,    23.539,     4.001,     0.419,  7499.359,     0.000,     0.000,    19.533,  2898.534,     1.000,     4.001,   -85.586,     0.000,   267.578,   325.101,    16.976,    11.087,     0.000,
 40563.377,    55.195,    23.534,     3.987,     0.425,  7487.449,     0.000,     0.000,    19.528,  2898.534,     1.000,     3.987,  -108.967,     0.000,   238.678,   325.038,    13.737,     8.870,     0.000,
 40563.419,    55.182,    23.522,     3.981,     0.422,  7508.255,     0.000,     0.000,    19.516,  2898.534,     1.000,     3.971,  -105.046,     0.000,   235.924,   324.861,    13.214,     2.895,     0.000,
 40563.460,    57.017,    23.519,     3.971,     0.418,  7433.697,     0.000,     0.000,    19.513,  2898.534,     1.000,     3.958,   -69.310,     0.000,   259.861,   324.805,     9.322,    -4.956,     0.000,
 40563.502,    56.191,    23.513,     3.961,     0.429,  7448.760,     0.000,     0.000,    19.507,  2898.534,     1.000,     3.949,   -68.227,     0.000,   249.297,   324.766,     4.903,   -12.144,     0.000,
 40563.544,    54.371,    23.508,     3.955,     0.416,  7353.461,     0.000,     0.000,    19.502,  2898.534,     1.000,     3.945,   -71.022,     0.000,   250.699,   324.755,    10.252,   -13.286,     0.000,
 40563.585,    58.633,    23.502,     3.961,     0.413,  7339.205,     0.000,     0.000,    19.496,  2635.031,     1.000,     3.951,   -70.341,     0.000,   250.784,   324.764,    11.344,   -14.982,     0.000,
 40563.627,    59.865,    23.490,     3.973,     0.402,  6980.518,     0.000,     0.000,    19.484,  2635.031,     1.000,     3.967,   -45.564,     0.000,   255.952,   324.875,    84.659,  -108.019,     0.000,
 40563.669,    59.773,    23.470,     3.989,     0.402,  6889.354,     0.000,     0.000,    19.464,  2635.031,     1.000,     3.989,   -62.877,     0.000,   255.529,   325.042,    64.330,   -70.967,     0.000,
 40563.710,    58.746,    23.477,     4.013,     0.415,  7319.486,     0.000,     0.000,    19.471,  2635.031,     1.000,     4.013,   -65.944,     0.000,   253.824,   325.155,    59.903,   -65.290,     0.000,
 40563.752,    61.440,    23.475,     4.033,     0.425,  7271.782,     0.000,     0.000,    19.469,  2635.031,     1.000,     4.033,   -89.182,     0.000,   250.399,   325.249,    66.524,   -52.192,     0.000,
 40563.794,    59.795,    23.471,     4.051,     0.416,  7427.161,     0.000,     0.000,    19.465,  2635.031,     1.000,     4.051,   -69.643,     0.000,   252.156,   325.335,    11.632,   -15.168,     0.000,
 40563.835,    61.326,    23.478,     4.072,     0.416,  7393.432,     0.000,     0.000,    19.472,  2635.031,     1.000,     4.073,   -27.684,     0.000,   289.926,   325.438,     8.736,   -16.565,     0.000,
 40563.877,    60.949,    23.474,     4.097,     0.406,  7191.257,     0.000,     0.000,    19.468,  2635.031,     1.000,     4.098,   -37.768,     0.000,   276.080,   325.553,     4.373,   -16.078,     0.000,
 40563.919,    61.253,    23.468,     4.120,     0.376,  7139.551,     0.000,     0.000,    19.462,  2635.031,     1.000,     4.120,   -56.923,     0.000,   254.116,   325.657,     7.889,   -22.507,     0.000,
 40563.961,    60.966,    23.467,     4.140,     0.400,  7132.786,     0.000,     0.000,    19.461,  2635.031,     1.000,     4.140,   -61.431,     0.000,   255.039,   325.751,     7.776,   -17.058,     0.000,
 40564.002,    61.977,    23.462,     4.158,     0.406,  7059.637,     0.000,     0.000,    19.456,  2635.031,     1.000,     4.158,   -16.055,     0.000,   298.545,   325.837,     6.000,   -17.238,     0.000,
 40564.044,    60.982,    23.460,     4.175,     0.395,  6996.358,     0.000,     0.000,    19.454,  2635.031,     1.000,     4.176,   -17.325,     0.000,   297.313,   325.922,     9.089,   -20.373,     0.000,
 40564.085,    61.926,    23.457,     4.190,     0.398,  7072.876,     0.000,     0.000,    19.451,  2635.031,     1.000,     4.190,   -32.110,     0.000,   289.496,   325.988,     6.488,   -10.870,     0.000,
 40564.127,    63.362,    23.453,     4.202,     0.396,  6992.285,     0.000,     0.000,    19.447,  2635.031,     1.000,     4.202,   -33.451,     0.000,   288.137,   326.044,     5.415,    -9.871,     0.000,
 40564.169,    62.256,    23.451,     4.213,     0.393,  6917.116,     0.000,     0.000,    19.445,  2635.031,     1.000,     4.213,   -23.116,     0.000,   292.586,   326.096,     2.521,   -12.915,     0.000,
 40564.210,    63.384,    23.455,     4.223,     0.370,  6903.688,     0.000,     0.000,    19.449,  2635.031,     1.000,     4.223,   -26.804,     0.000,   288.262,   326.142,    -0.321,   -10.754,     0.000,
 40564.252,    60.434,    23.448,     4.232,     0.389,  6896.247,     0.000,     0.000,    19.442,  2635.031,     1.000,     4.232,   -13.125,     0.000,   293.436,   326.185,    -5.001,   -14.624,     0.000,
 40564.294,    60.886,    23.450,     4.239,     0.390,  6882.007,     0.000,     0.000,    19.444,  2635.031,     1.000,     4.239,   -14.890,     0.000,   292.587,   326.219,    -4.789,   -13.953,     0.000,
 40564.335,    63.137,    23.447,     4.243,     0.386,  6735.394,     0.000,     0.000,    19.441,  2635.031,     1.000,     4.243,   -12.606,     0.000,   289.253,   326.235,    -6.717,   -17.659,     0.000,
 40564.377,    64.495,    23.446,     4.242,     0.379,  6742.884,     0.000,     0.000,    19.440,  2635.031,     1.000,     4.242,   -30.051,     0.000,   276.528,   326.232,    -5.392,   -14.261,     0.000,
 40564.419,    62.416,    23.448,     4.240,     0.386,  6747.710,     0.000,     0.000,    19.442,  2635.031,     1.000,     4.240,   -11.332,     0.000,   294.718,   326.224,    -5.905,   -14.269,     0.000,
 40564.461,    65.503,    23.445,     4.241,     0.393,  6714.469,     0.000,     0.000,    19.439,  2635.031,     1.000,     4.241,    -8.401,     0.000,   282.239,   326.226,   -11.281,   -24.306,     0.000,
 40564.502,    64.537,    23.447,     4.247,     0.376,  6603.654,     0.000,     0.000,    19.441,  2635.031,     1.000,     4.248,    16.539,     0.000,   303.074,   326.269,   -13.282,   -26.453,     0.000,
 40564.544,    65.496,    23.443,     4.262,     0.370,  6369.394,     0.000,     0.000,    19.437,  2635.031,     1.000,     4.267,    88.140,     0.000,   284.477,   326.403,   -44.399,   -85.667,     0.000,
 40564.585,    67.333,    23.432,     4.285,     0.364,  6371.103,     0.000,     0.000,    19.426,  2635.031,     1.000,     4.295,    67.672,     0.000,   300.893,   326.560,   -32.626,   -60.713,     0.000,
 40564.627,    67.276,    23.439,     4.317,     0.381,  6648.145,     0.000,     0.000,    19.433,  2635.031,     1.000,     4.323,    19.569,     0.000,   262.522,   326.632,   -27.693,   -55.985,     0.000,
 40564.669,    75.442,    23.441,     4.347,     0.371,  6541.287,     0.000,     0.000,    19.435,  2635.031,     1.000,     4.353,    73.794,     0.000,   286.034,   326.791,   -39.811,   -74.740,     0.000,
 40564.710,    66.403,    23.428,     4.382,     0.329,  6047.360,     0.000,     0.000,    19.422,  2635.031,     1.000,     4.390,   154.353,     0.000,   260.788,   326.996,   -75.859,  -144.702,     0.000,
 40564.752,    71.404,    23.423,     4.416,     0.365,  6353.001,     0.000,     0.000,    19.417,  2635.031,     1.000,     4.427,    63.011,     0.000,   261.443,   327.152,   -46.405,   -82.315,     0.000,
 40564.794,    67.451,    23.437,     4.453,     0.353,  6529.531,     0.000,     0.000,    19.431,  2635.031,     1.000,     4.461,    97.140,     0.000,   260.750,   327.323,   -62.463,  -101.249,     0.000,
 40564.835,    70.891,    23.433,     4.485,     0.356,  6197.245,     0.000,     0.000,    19.427,  2635.031,     1.000,     4.497,   110.311,     0.000,   262.679,   327.551,   -61.242,  -113.941,     0.000,
 40564.877,    66.393,    23.437,     4.522,     0.373,  6420.546,     0.000,     0.000,    19.431,  2635.031,     1.000,     4.530,    46.156,     0.000,   263.365,   327.615,   -32.321,   -78.085,     0.000,
 40564.919,    68.787,    23.445,     4.556,     0.371,  6550.803,     0.000,     0.000,    19.439,  2635.031,     1.000,     4.560,    35.307,     0.000,   263.365,   327.755,   -28.619,   -71.078,     0.000,
 40564.960,    70.861,    23.441,     4.589,     0.336,  5758.696,     0.000,     0.000,    19.435,  2635.031,     1.000,     4.598,   160.908,     0.000,   262.596,   327.962,   -64.424,  -161.850,     0.000,
 40565.002,    73.169,    23.424,     4.624,     0.333,  5691.018,     0.000,     0.000,    19.418,  2635.031,     1.000,     4.639,    93.404,     0.000,   261.777,   328.158,   -35.280,  -124.506,     0.000,
 40565.044,    69.387,    23.445,     4.667,     0.361,  6619.058,     0.000,     0.000,    19.439,  2635.031,     1.000,     4.669,    -6.592,     0.000,   259.588,   328.253,    -7.423,   -54.649,     0.000,
 40565.085,    65.426,    23.455,     4.691,     0.377,  6600.717,     0.000,     0.000,    19.449,  2635.031,     1.000,     4.692,   -11.426,     0.000,   257.961,   328.355,    -0.957,   -58.011,     0.000,
 40565.127,    69.143,    23.464,     4.707,     0.365,  6648.864,     0.000,     0.000,    19.458,  2635.031,     1.000,     4.707,   -53.805,     0.000,   255.391,   328.424,     1.692,   -20.920,     0.000,
 40565.169,    68.318,    23.464,     4.716,     0.364,  6375.450,     0.000,     0.000,    19.458,  2635.031,     1.000,     4.716,   -50.294,     0.000,   251.845,   328.466,     6.382,   -32.709,     0.000,
 40565.210,    69.475,    23.462,     4.719,     0.401,  6226.084,     0.000,     0.000,    19.456,  2635.031,     1.000,     4.719,   -66.132,     0.000,   249.031,   328.483,    15.413,   -28.733,     0.000,
 40565.252,    71.539,    23.467,     4.713,     0.405,  6274.028,     0.000,     0.000,    19.461,  2635.031,     1.000,     4.713,   -90.143,     0.000,   244.007,   328.457,    18.300,   -12.607,     0.000,
 40565.294,    64.707,    23.473,     4.702,     0.404,  6344.246,     0.000,     0.000,    19.467,  2635.031,     1.000,     4.702,   -87.665,     0.000,   244.665,   328.405,    13.421,    -9.497,     0.000,
 40565.335,    66.521,    23.478,     4.688,     0.359,  6297.088,     0.000,     0.000,    19.472,  2635.031,     1.000,     4.688,   -89.420,     0.000,   243.789,   328.337,    12.694,    -7.822,     0.000,
 40565.377,    72.769,    23.479,     4.667,     0.402,  6262.483,     0.000,     0.000,    19.473,  2635.031,     1.000,     4.667,   -82.371,     0.000,   247.069,   328.238,    14.286,   -13.084,     0.000,
 40565.419,    62.635,    23.476,     4.640,     0.395,  6122.125,     0.000,     0.000,    19.470,  2635.031,     1.000,     4.640,   -50.123,     0.000,   253.738,   328.113,    30.191,   -54.444,     0.000,
 40565.460,    69.255,    23.479,     4.609,     0.410,  6408.436,     0.000,     0.000,    19.473,  2635.031,     1.000,     4.609,   -52.670,     0.000,   258.916,   327.965,    10.208,   -26.588,     0.000,
 40565.502,    67.017,    23.489,     4.571,     0.405,  6270.928,     0.000,     0.000,    19.483,  2635.031,     1.000,     4.571,   -43.316,     0.000,   265.854,   327.789,     7.157,   -25.775,     0.000,
 40565.544,    65.498,    23.492,     4.534,     0.404,  6279.177,     0.000,     0.000,    19.486,  2635.031,     1.000,     4.534,   -35.973,     0.000,   271.058,   327.612,     7.332,   -27.913,     0.000,
 40565.586,    65.289,    23.491,     4.498,     0.396,  6326.110,     0.000,     0.000,    19.485,  2635.031,     1.000,     4.499,   -22.568,     0.000,   273.537,   327.451,     5.019,   -36.365,     0.000,
 40565.627,    63.554,    23.493,     4.469,     0.405,  6267.161,     0.000,     0.000,    19.487,  2635.031,     1.000,     4.469,   -34.204,     0.000,   270.597,   327.307,     5.339,   -27.845,     0.000,
 40565.669,    63.586,    23.498,     4.446,     0.380,  6243.448,     0.000,     0.000,    19.492,  2635.031,     1.000,     4.446,   -33.961,     0.000,   270.539,   327.196,     5.207,   -27.902,     0.000,
 40565.711,    64.629,    23.500,     4.428,     0.402,  6268.965,     0.000,     0.000,    19.494,  2635.031,     1.000,     4.428,   -53.557,     0.000,   258.304,   327.112,     4.957,   -20.207,     0.000,
 40565.752,    65.229,    23.502,     4.413,     0.406,  6315.313,     0.000,     0.000,    19.496,  2635.031,     1.000,     4.413,   -75.104,     0.000,   247.670,   327.039,     6.740,   -11.006,     0.000,
 40565.794,    62.439,    23.504,     4.397,     0.406,  6314.124,     0.000,     0.000,    19.498,  2635.031,     1.000,     4.397,   -93.869,     0.000,   240.608,   326.964,     7.854,    -0.341,     0.000,
 40565.836,    64.255,    23.508,     4.380,     0.403,  6323.484,     0.000,     0.000,    19.502,  2898.534,     1.000,     4.380,  -101.485,     0.000,   237.181,   326.884,     8.435,     3.348,     0.000,
 40565.877,    64.272,    23.510,     4.362,     0.406,  6365.126,     0.000,     0.000,    19.504,  2898.534,     1.000,     4.362,  -109.552,     0.000,   234.309,   326.798,    10.547,     6.517,     0.000,
 40565.919,    63.223,    23.512,     4.344,     0.416,  6409.525,     0.000,     0.000,    19.506,  2898.534,     1.000,     4.344,  -116.882,     0.000,   233.801,   326.713,    15.200,     8.770,     0.000,
 40565.961,    63.795,    23.515,     4.326,     0.411,  6383.882,     0.000,     0.000,    19.509,  2898.534,     1.000,     4.326,  -123.170,     0.000,   229.275,   326.631,    13.468,    12.346,     0.000,
 40566.002,    60.061,    23.517,     4.309,     0.410,  6362.964,     0.000,     0.000,    19.511,  2898.534,     1.000,     4.309,  -129.589,     0.000,   227.881,   326.551,    15.667,    15.250,     0.000,
 40566.044,    61.104,    23.517,     4.292,     0.406,  6346.006,     0.000,     0.000,    19.511,  2898.534,     1.000,     4.292,  -137.951,     0.000,   225.222,   326.469,    17.844,    18.860,     0.000,
 40566.086,    63.482,    23.527,     4.274,     0.410,  6340.875,     0.000,     0.000,    19.521,  2898.534,     1.000,     4.274,  -140.907,     0.000,   226.364,   326.385,    20.190,    20.696,     0.000,
 40566.127,    61.259,    23.525,     4.257,     0.409,  6381.837,     0.000,     0.000,    19.519,  2898.534,     1.000,     4.257,  -130.695,     0.000,   226.334,   326.304,    14.998,    15.727,     0.000,
 40566.169,    59.937,    23.528,     4.239,     0.409,  6351.724,     0.000,     0.000,    19.522,  2898.534,     1.000,     4.239,  -141.548,     0.000,   225.455,   326.220,    19.840,    20.943,     0.000,
 40566.211,    63.252,    23.532,     4.219,     0.406,  6338.337,     0.000,     0.000,    19.526,  2898.534,     1.000,     4.219,  -135.313,     0.000,   224.790,   326.128,    16.414,    17.561,     0.000,
 40566.252,    66.521,    23.533,     4.199,     0.407,  6378.583,     0.000,     0.000,    19.527,  2898.534,     1.000,     4.199,  -137.746,     0.000,   224.820,   326.030,    17.645,    18.890,     0.000,
 40566.294,    61.539,    23.536,     4.176,     0.409,  6411.545,     0.000,     0.000,    19.530,  2898.534,     1.000,     4.176,  -132.074,     0.000,   225.690,   325.924,    15.639,    16.200,     0.000,
 40566.336,    62.001,    23.533,     4.151,     0.406,  6409.394,     0.000,     0.000,    19.527,  2898.534,     1.000,     4.151,  -131.810,     0.000,   225.570,   325.807,    15.319,    16.254,     0.000,
 40566.377,    62.696,    23.536,     4.125,     0.412,  6416.780,     0.000,     0.000,    19.530,  2898.534,     1.000,     4.125,  -115.169,     0.000,   232.561,   325.686,    12.128,     9.915,     0.000,
 40566.419,    58.901,    23.535,     4.102,     0.412,  6417.533,     0.000,     0.000,    19.529,  2898.534,     1.000,     4.102,   -43.423,     0.000,   283.372,   325.578,     4.495,    -3.278,     0.000,
 40566.461,    60.739,    23.536,     4.082,     0.411,  6444.838,     0.000,     0.000,    19.530,  2898.534,     1.000,     4.082,   -40.618,     0.000,   272.615,   325.480,     3.644,   -15.891,     0.000,
 40566.502,    58.201,    23.537,     4.055,     0.411,  6468.599,     0.000,     0.000,    19.531,  2898.534,     1.000,     4.055,   -61.629,     0.000,   251.084,   325.356,     1.775,   -14.418,     0.000,
 40566.544,    61.719,    23.540,     4.025,     0.416,  6543.981,     0.000,     0.000,    19.534,  2898.534,     1.000,     4.025,   -39.066,     0.000,   257.446,   325.217,     0.445,   -29.149,     0.000,
 40566.585,    61.509,    23.538,     3.998,     0.415,  6486.284,     0.000,     0.000,    19.532,  2898.534,     1.000,     3.998,   -22.444,     0.000,   271.749,   325.090,     1.815,   -32.712,     0.000,
 40566.627,    60.649,    23.540,     3.980,     0.389,  6400.954,     0.000,     0.000,    19.534,  2898.534,     1.000,     3.980,     3.970,     0.000,   282.372,   325.001,    18.307,   -64.906,     0.000,
 40566.669,    59.935,    23.537,     3.971,     0.419,  6508.237,     0.000,     0.000,    19.531,  2898.534,     1.000,     3.971,    17.885,     0.000,   319.885,   324.960,     9.161,   -32.122,     0.000,
 40566.711,    61.017,    23.535,     3.973,     0.416,  6443.171,     0.000,     0.000,    19.529,  2898.534,     1.000,     3.973,    21.937,     0.000,   296.089,   324.970,    29.074,   -79.892,     0.000,
 40566.752,    56.974,    23.532,     3.976,     0.418,  6498.088,     0.000,     0.000,    19.526,  2898.534,     1.000,     3.975,   -24.916,     0.000,   271.499,   324.962,     9.417,   -37.964,     0.000,
 40566.794,    57.159,    23.537,     3.983,     0.419,  6551.971,     0.000,     0.000,    19.531,  2898.534,     1.000,     3.981,     1.679,     0.000,   305.921,   324.993,     4.281,   -25.032,     0.000,
 40566.835,    58.954,    23.537,     4.003,     0.425,  6571.910,     0.000,     0.000,    19.531,  2898.534,     1.000,     4.003,    12.167,     0.000,   305.439,   325.109,     5.300,   -37.137,     0.000,
 40566.877,    59.972,    23.531,     4.034,     0.421,  6519.279,     0.000,     0.000,    19.525,  2898.534,     1.000,     4.034,     5.830,     0.000,   298.447,   325.256,    -0.837,   -31.802,     0.000,
 40566.919,    58.899,    23.534,     4.070,     0.424,  6570.683,     0.000,     0.000,    19.528,  2898.534,     1.000,     4.070,    -0.867,     0.000,   298.079,   325.426,    -0.765,   -25.715,     0.000,
 40566.960,    59.382,    23.532,     4.110,     0.424,  6582.775,     0.000,     0.000,    19.526,  2898.534,     1.000,     4.111,     3.580,     0.000,   301.575,   325.615,    10.141,   -37.761,     0.000,
 40567.002,    61.282,    23.529,     4.153,     0.424,  6603.668,     0.000,     0.000,    19.523,  2898.534,     1.000,     4.154,    -8.474,     0.000,   295.385,   325.817,    -3.336,   -18.622,     0.000,
 40567.044,    57.759,    23.530,     4.198,     0.424,  6673.296,     0.000,     0.000,    19.524,  2898.534,     1.000,     4.198,   -20.463,     0.000,   290.464,   326.023,    -3.584,   -11.512,     0.000,
 40567.085,    57.962,    23.528,     4.241,     0.386,  6589.119,     0.000,     0.000,    19.522,  2898.534,     1.000,     4.242,   -25.372,     0.000,   286.584,   326.228,    -4.887,    -9.386,     0.000,
 40567.127,    58.700,    23.532,     4.282,     0.423,  6618.406,     0.000,     0.000,    19.526,  2898.534,     1.000,     4.282,   -31.260,     0.000,   283.598,   326.421,    -3.554,    -8.009,     0.000,
 40567.169,    56.528,    23.529,     4.316,     0.409,  6605.639,     0.000,     0.000,    19.523,  2898.534,     1.000,     4.316,   -63.268,     0.000,   250.935,   326.580,    -4.093,    -8.284,     0.000,
 40567.210,    58.036,    23.532,     4.343,     0.431,  6697.989,     0.000,     0.000,    19.526,  2898.534,     1.000,     4.342,   -47.569,     0.000,   266.778,   326.704,    -3.013,    -9.344,     0.000,
 40567.252,    58.639,    23.530,     4.356,     0.421,  6567.695,     0.000,     0.000,    19.524,  2898.534,     1.000,     4.356,   -78.118,     0.000,   242.453,   326.770,    -1.014,    -5.184,     0.000,
 40567.294,    56.855,    23.529,     4.352,     0.427,  6646.958,     0.000,     0.000,    19.523,  2898.534,     1.000,     4.352,   -93.319,     0.000,   238.490,   326.752,     3.274,     1.783,     0.000,
 40567.335,    57.673,    23.529,     4.339,     0.430,  6697.092,     0.000,     0.000,    19.523,  2898.534,     1.000,     4.339,   -96.572,     0.000,   237.310,   326.692,     4.161,     3.029,     0.000,
 40567.377,    58.600,    23.528,     4.321,     0.433,  6693.807,     0.000,     0.000,    19.522,  2898.534,     1.000,     4.321,   -89.204,     0.000,   239.755,   326.607,     2.078,     0.275,     0.000,
 40567.419,    56.705,    23.532,     4.292,     0.426,  6680.691,     0.000,     0.000,    19.526,  2898.534,     1.000,     4.292,   -79.155,     0.000,   240.855,   326.470,    -1.454,    -5.006,     0.000,
 40567.460,    57.631,    23.531,     4.255,     0.432,  6712.111,     0.000,     0.000,    19.525,  2898.534,     1.000,     4.255,   -66.971,     0.000,   246.368,   326.299,    -3.370,    -9.590,     0.000,
 40567.502,    58.831,    23.537,     4.223,     0.430,  6676.602,     0.000,     0.000,    19.531,  2898.534,     1.000,     4.224,    -5.370,     0.000,   295.015,   326.154,    -7.843,   -17.925,     0.000,
 40567.544,    56.841,    23.536,     4.206,     0.434,  6737.005,     0.000,     0.000,    19.530,  2898.534,     1.000,     4.207,     6.818,     0.000,   304.220,   326.083,    -7.840,   -20.841,     0.000,
 40567.585,    57.606,    23.535,     4.203,     0.402,  6721.072,     0.000,     0.000,    19.529,  2898.534,     1.000,     4.203,   -24.877,     0.000,   268.667,   326.048,   -11.088,   -21.417,     0.000,
 40567.627,    58.725,    23.539,     4.203,     0.420,  6767.349,     0.000,     0.000,    19.533,  2898.534,     1.000,     4.203,    11.074,     0.000,   304.132,   326.054,   -10.715,   -22.281,     0.000,
 40567.669,    57.311,    23.540,     4.214,     0.425,  6717.241,     0.000,     0.000,    19.534,  2898.534,     1.000,     4.214,     9.532,     0.000,   272.898,   326.100,    -9.760,   -52.974,     0.000,
 40567.710,    57.577,    23.543,     4.238,     0.426,  6683.772,     0.000,     0.000,    19.537,  2898.534,     1.000,     4.238,   -16.956,     0.000,   266.985,   326.211,     4.626,   -46.896,     0.000,
 40567.752,    58.698,    23.543,     4.266,     0.431,  6716.435,     0.000,     0.000,    19.537,  2898.534,     1.000,     4.266,   -20.064,     0.000,   269.821,   326.343,    10.762,   -47.220,     0.000,
 40567.794,    57.357,    23.546,     4.296,     0.427,  6577.789,     0.000,     0.000,    19.540,  2898.534,     1.000,     4.296,    20.642,     0.000,   268.719,   326.488,    18.204,   -96.616,     0.000,
 40567.835,    57.582,    23.548,     4.328,     0.373,  6505.694,     0.000,     0.000,    19.542,  2898.534,     1.000,     4.328,     7.040,     0.000,   270.275,   326.638,     4.415,   -67.818,     0.000,
 40567.877,    56.131,    23.553,     4.360,     0.448,  6983.193,     0.000,     0.000,    19.547,  2898.534,     1.000,     4.360,   -31.879,     0.000,   266.188,   326.789,    -2.625,   -26.097,     0.000,
 40567.919,    58.834,    23.558,     4.398,     0.443,  6919.281,     0.000,     0.000,    19.552,  2898.534,     1.000,     4.398,    -2.080,     0.000,   264.878,   326.968,   -12.463,   -47.547,     0.000,
 40567.960,    58.861,    23.563,     4.440,     0.440,  6836.363,     0.000,     0.000,    19.557,  2898.534,     1.000,     4.440,   -27.723,     0.000,   265.642,   327.165,    -7.509,   -26.292,     0.000,
 40568.002,    55.930,    23.567,     4.482,     0.438,  6844.019,     0.000,     0.000,    19.561,  2898.534,     1.000,     4.482,    -6.333,     0.000,   288.359,   327.363,    -7.818,   -24.853,     0.000,
 40568.044,    56.502,    23.569,     4.523,     0.435,  6798.961,     0.000,     0.000,    19.563,  2898.534,     1.000,     4.524,     1.378,     0.000,   272.848,   327.557,   -15.081,   -41.007,     0.000,
 40568.085,    58.527,    23.571,     4.561,     0.444,  6900.420,     0.000,     0.000,    19.565,  2898.534,     1.000,     4.562,     4.637,     0.000,   304.560,   327.738,    -7.380,   -20.435,     0.000,
 40568.127,    55.276,    23.578,     4.595,     0.445,  6927.882,     0.000,     0.000,    19.572,  2898.534,     1.000,     4.595,   -11.889,     0.000,   285.319,   327.898,    -8.912,   -21.778,     0.000,
 40568.169,    55.252,    23.582,     4.623,     0.434,  6969.812,     0.000,     0.000,    19.576,  2898.534,     1.000,     4.623,   -29.877,     0.000,   266.195,   328.027,   -10.427,   -21.528,     0.000,
 40568.210,    56.680,    23.581,     4.644,     0.442,  6888.225,     0.000,     0.000,    19.575,  2898.534,     1.000,     4.644,   -34.728,     0.000,   261.596,   328.127,    -9.654,   -22.148,     0.000,
 40568.252,    57.318,    23.583,     4.659,     0.441,  6932.145,     0.000,     0.000,    19.577,  2898.534,     1.000,     4.659,    -4.024,     0.000,   284.624,   328.199,   -11.935,   -27.615,     0.000,
 40568.294,    57.299,    23.580,     4.667,     0.433,  6771.985,     0.000,     0.000,    19.574,  2898.534,     1.000,     4.668,    26.647,     0.000,   261.527,   328.250,   -22.193,   -71.177,     0.000,
 40568.335,    58.089,    23.579,     4.668,     0.445,  6990.474,     0.000,     0.000,    19.573,  2898.534,     1.000,     4.668,   -29.003,     0.000,   262.822,   328.241,    -7.523,   -28.895,     0.000,
 40568.377,    57.584,    23.586,     4.664,     0.464,  7227.294,     0.000,     0.000,    19.580,  2898.534,     1.000,     4.664,   -15.591,     0.000,   265.770,   328.225,    -8.677,   -38.187,     0.000,
 40568.419,    57.503,    23.585,     4.662,     0.459,  7161.537,     0.000,     0.000,    19.579,  2898.534,     1.000,     4.662,    -7.082,     0.000,   269.118,   328.212,    -9.615,   -42.397,     0.000,
 40568.460,    58.014,    23.579,     4.662,     0.453,  7122.321,     0.000,     0.000,    19.573,  2898.534,     1.000,     4.662,    13.527,     0.000,   272.524,   328.222,   -10.932,   -58.292,     0.000,
 40568.502,    57.692,    23.572,     4.668,     0.456,  7112.819,     0.000,     0.000,    19.566,  2898.534,     1.000,     4.670,    41.497,     0.000,   272.243,   328.271,   -15.677,   -81.848,     0.000,
 40568.544,    57.782,    23.570,     4.688,     0.455,  7275.319,     0.000,     0.000,    19.564,  2898.534,     1.000,     4.688,     6.417,     0.000,   277.133,   328.337,    -7.836,   -49.783,     0.000,
 40568.585,    56.467,    23.569,     4.714,     0.461,  7347.637,     0.000,     0.000,    19.563,  2898.534,     1.000,     4.715,    16.662,     0.000,   277.239,   328.462,   -10.110,   -57.775,     0.000,
 40568.628,    58.770,    23.563,     4.747,     0.465,  7317.549,     0.000,     0.000,    19.557,  2898.534,     1.000,     4.748,    17.661,     0.000,   277.149,   328.620,    -8.855,   -60.276,     0.000,
 40568.669,    56.838,    23.559,     4.781,     0.474,  7465.559,     0.000,     0.000,    19.553,  2898.534,     1.000,     4.781,   -18.994,     0.000,   275.172,   328.774,    -4.669,   -29.939,     0.000,
 40568.710,    56.386,    23.555,     4.815,     0.477,  7481.475,     0.000,     0.000,    19.549,  2898.534,     1.000,     4.815,   -29.549,     0.000,   269.350,   328.935,    -4.603,   -25.433,     0.000,
 40568.753,    58.365,    23.549,     4.853,     0.473,  7434.448,     0.000,     0.000,    19.543,  2898.534,     1.000,     4.853,   -35.266,     0.000,   262.546,   329.117,    -6.746,   -24.559,     0.000,
 40568.794,    56.702,    23.541,     4.893,     0.474,  7448.705,   924.631,     0.000,    19.535,  2898.534,     1.000,     4.893,   830.504,   872.294,   262.796,   329.304,    -4.676,   -20.043,     0.000,
 40568.836,    56.623,    23.536,     4.932,     0.477,  7471.699,     0.000,     0.000,    19.530,  2898.534,     1.000,     4.932,   -57.836,     0.000,   254.772,   329.490,    -3.309,   -13.573,     0.000,
 40568.878,    82.844,    23.528,     4.968,     0.314,  6949.722,     0.000,     0.000,    19.522,  2898.534,     1.000,     4.969,   -76.146,     0.000,   246.289,   329.664,    -0.659,    -6.571,     0.000,
 40568.919,    83.553,    23.503,     4.999,     0.313,  6996.923,     0.000,     0.000,    19.497,  2635.031,     1.000,     5.001,   -83.157,     0.000,   243.875,   329.817,     1.664,    -4.448,     0.000,
 40568.961,    88.320,    23.492,     5.034,     0.328,  7261.157,     0.000,     0.000,    19.486,  2635.031,     1.000,     5.035,   -96.426,     0.000,   240.914,   329.978,     5.245,     2.117,     0.000,
 40569.003,    83.648,    23.481,     5.069,     0.332,  7441.495,     0.000,     0.000,    19.475,  2635.031,     1.000,     5.070,   -99.380,     0.000,   240.536,   330.147,     7.093,     2.676,     0.000,
 40569.044,    55.933,    23.466,     5.104,     0.521,  8130.505,   112.709,     0.000,    19.460,  2635.031,     1.000,     5.104,    -2.864,   106.329,   238.158,   330.305,    10.352,     6.694,     0.000,
 40569.086,    55.556,    23.475,     5.134,     0.533,  8394.545,     0.000,     0.000,    19.469,  2635.031,     1.000,     5.134,  -116.112,     0.000,   234.761,   330.447,    11.092,     9.334,     0.000,
 40569.128,    57.770,    23.462,     5.149,     0.464,  8011.492,     0.000,     0.000,    19.456,  2635.031,     1.000,     5.149,  -119.240,     0.000,   233.927,   330.519,    12.290,    10.358,     0.000,
 40569.169,    56.748,    23.456,     5.146,     0.502,  7844.353,    87.417,     0.000,    19.450,  2635.031,     1.000,     5.146,   -44.908,    82.469,   231.079,   330.507,    14.249,    13.700,     0.000,
 40569.210,    56.650,    23.447,     5.133,     0.490,  7677.052,     0.000,     0.000,    19.441,  2635.031,     1.000,     5.133,  -120.876,     0.000,   239.252,   330.443,    15.267,    14.417,     0.000,
 40569.253,    58.120,    23.438,     5.119,     0.493,  7678.104,     0.000,     0.000,    19.432,  2635.031,     1.000,     5.119,  -101.530,     0.000,   266.434,   330.378,    18.449,    19.137,     0.000,
 40569.294,    56.396,    23.429,     5.107,     0.482,  7558.882,   127.989,     0.000,    19.423,  2635.031,     1.000,     5.107,    21.542,   120.744,   266.198,   330.320,    17.188,    17.893,     0.000,
 40569.335,    56.967,    23.422,     5.095,     0.490,  7522.403,     0.000,     0.000,    19.416,  2635.031,     1.000,     5.095,   -99.307,     0.000,   266.091,   330.266,    17.174,    17.959,     0.000,
 40569.378,    57.964,    23.412,     5.086,     0.477,  7487.732,     0.000,     0.000,    19.406,  2635.031,     1.000,     5.086,   -91.458,     0.000,   269.070,   330.221,    15.539,    14.769,     0.000,
 40569.419,    57.553,    23.408,     5.085,     0.486,  7450.551,   290.969,     0.000,    19.402,  2635.031,     1.000,     5.085,   204.456,   274.499,   277.390,   330.215,    10.718,     6.500,     0.000,
 40569.461,    56.820,    23.400,     5.094,     0.482,  7467.243,     0.000,     0.000,    19.394,  2635.031,     1.000,     5.094,   -54.475,     0.000,   283.982,   330.258,     7.732,     0.467,     0.000,
 40569.503,    57.685,    23.398,     5.112,     0.482,  7437.545,     0.000,     0.000,    19.392,  2635.031,     1.000,     5.112,   -38.208,     0.000,   290.095,   330.342,     5.266,    -7.305,     0.000,
 40569.544,    58.394,    23.392,     5.138,     0.474,  7392.599,     0.000,     0.000,    19.386,  2635.031,     1.000,     5.138,   -21.688,     0.000,   296.976,   330.468,     1.765,   -13.570,     0.000,
 40569.586,    58.583,    23.390,     5.169,     0.476,  7349.359,     0.000,     0.000,    19.384,  2635.031,     1.000,     5.169,   -54.003,     0.000,   264.062,   330.615,     1.656,   -14.205,     0.000,
 40569.628,    58.125,    23.387,     5.202,     0.475,  7336.364,     0.000,     0.000,    19.381,  2635.031,     1.000,     5.203,   -49.487,     0.000,   262.995,   330.774,     0.567,   -18.859,     0.000,
 40569.669,    55.762,    23.380,     5.239,     0.465,  7301.559,     0.000,     0.000,    19.374,  2635.031,     1.000,     5.239,   -52.771,     0.000,   261.015,   330.948,    -0.001,   -17.161,     0.000,
 40569.710,    59.798,    23.378,     5.277,     0.476,  7317.046,     0.000,     0.000,    19.372,  2635.031,     1.000,     5.277,   -67.422,     0.000,   253.297,   331.126,     0.499,   -10.906,     0.000,
 40569.752,    58.637,    23.375,     5.314,     0.453,  7210.942,     0.000,     0.000,    19.369,  2635.031,     1.000,     5.314,   -89.727,     0.000,   242.698,   331.303,     3.245,    -2.123,     0.000,
 40569.794,    59.346,    23.375,     5.351,     0.451,  7178.085,     0.000,     0.000,    19.369,  2635.031,     1.000,     5.351,   -99.275,     0.000,   238.611,   331.479,     4.962,     1.446,     0.000,
 40569.835,    60.814,    23.374,     5.387,     0.471,  7246.188,     0.000,     0.000,    19.368,  2635.031,     1.000,     5.387,  -109.270,     0.000,   239.494,   331.649,     9.893,     7.221,     0.000,
 40569.878,    59.708,    23.371,     5.423,     0.465,  7198.618,     0.000,     0.000,    19.365,  2635.031,     1.000,     5.423,  -116.856,     0.000,   245.655,   331.823,    16.683,    14.005,     0.000,
 40569.919,    59.749,    23.371,     5.459,     0.461,  7131.089,     0.000,     0.000,    19.365,  2635.031,     1.000,     5.459,  -119.560,     0.000,   242.878,   331.992,    15.922,    14.524,     0.000,
 40569.961,    59.945,    23.372,     5.494,     0.453,  7072.788,     0.000,     0.000,    19.366,  2635.031,     1.000,     5.493,   -97.484,     0.000,   270.668,   332.158,    17.878,    18.116,     0.000,
 40570.002,    59.503,    23.376,     5.528,     0.445,  7031.033,     0.000,     0.000,    19.370,  2635.031,     1.000,     5.528,   -93.126,     0.000,   270.034,   332.321,    15.156,    15.682,     0.000,
 40570.044,    60.231,    23.374,     5.557,     0.455,  7007.676,   240.002,     0.000,    19.368,  2635.031,     1.000,     5.557,   125.952,   226.417,   267.569,   332.461,    17.195,    18.378,     0.000,
 40570.085,    60.660,    23.373,     5.577,     0.458,  6981.382,     0.000,     0.000,    19.367,  2635.031,     1.000,     5.576,  -103.215,     0.000,   266.609,   332.555,    17.786,    19.483,     0.000,
 40570.128,    59.509,    23.376,     5.582,     0.459,  7024.746,     0.000,     0.000,    19.370,  2635.031,     1.000,     5.582,  -109.539,     0.000,   264.409,   332.584,    19.472,    21.892,     0.000,
 40570.169,    59.526,    23.377,     5.572,     0.452,  6993.566,     0.000,     0.000,    19.371,  2635.031,     1.000,     5.572,  -104.643,     0.000,   266.006,   332.537,    18.000,    20.113,     0.000,
 40570.211,    57.843,    23.378,     5.559,     0.457,  6992.299,     0.000,     0.000,    19.372,  2635.031,     1.000,     5.559,   -97.511,     0.000,   268.424,   332.473,    15.946,    17.516,     0.000,
 40570.253,    59.446,    23.376,     5.540,     0.450,  6899.463,     0.000,     0.000,    19.370,  2635.031,     1.000,     5.540,  -105.761,     0.000,   268.092,   332.382,    19.707,    21.764,     0.000,
 40570.294,    58.787,    23.377,     5.511,     0.442,  6945.403,   300.998,     0.000,    19.371,  2635.031,     1.000,     5.511,   182.415,   283.960,   266.764,   332.245,    17.028,    19.037,     0.000,
 40570.335,    58.672,    23.379,     5.473,     0.450,  6981.932,     0.000,     0.000,    19.373,  2635.031,     1.000,     5.473,  -105.442,     0.000,   266.608,   332.067,    18.854,    21.129,     0.000,
 40570.378,    58.510,    23.382,     5.431,     0.453,  6963.174,     0.000,     0.000,    19.376,  2635.031,     1.000,     5.431,  -115.412,     0.000,   268.578,   331.863,    24.790,    27.338,     0.000,
 40570.419,    55.975,    23.383,     5.391,     0.446,  6878.399,    24.043,     0.000,    19.377,  2635.031,     1.000,     5.391,   -76.981,    22.682,   271.342,   331.673,    18.941,    20.391,     0.000,
 40570.461,    58.482,    23.385,     5.358,     0.448,  6878.249,     0.000,     0.000,    19.379,  2635.031,     1.000,     5.358,   -84.031,     0.000,   273.842,   331.516,    12.883,    13.474,     0.000,
 40570.503,    58.568,    23.385,     5.332,     0.440,  6800.509,     0.000,     0.000,    19.379,  2635.031,     1.000,     5.332,   -70.977,     0.000,   276.908,   331.393,     8.461,     8.031,     0.000,
 40570.544,    57.965,    23.386,     5.314,     0.442,  6823.294,     0.000,     0.000,    19.380,  2635.031,     1.000,     5.314,   -45.889,     0.000,   285.735,   331.307,     3.692,    -3.375,     0.000,
 40570.586,    58.105,    23.387,     5.304,     0.448,  6870.632,     0.000,     0.000,    19.381,  2635.031,     1.000,     5.304,   -25.415,     0.000,   297.658,   331.257,     4.383,   -12.567,     0.000,
 40570.628,    60.246,    23.389,     5.299,     0.444,  6810.390,     0.000,     0.000,    19.383,  2635.031,     1.000,     5.299,   -39.370,     0.000,   290.445,   331.234,     5.317,    -6.736,     0.000,
 40570.669,    57.331,    23.391,     5.295,     0.441,  6805.569,   251.451,     0.000,    19.385,  2635.031,     1.000,     5.295,   195.908,   237.218,   289.134,   331.214,     5.617,    -6.387,     0.000,
 40570.711,    58.010,    23.390,     5.289,     0.399,  6813.745,     0.000,     0.000,    19.384,  2635.031,     1.000,     5.289,   -87.914,     0.000,   249.062,   331.188,     7.357,    -1.569,     0.000,
 40570.753,    58.359,    23.393,     5.283,     0.439,  6749.981,     0.000,     0.000,    19.387,  2635.031,     1.000,     5.283,  -101.431,     0.000,   242.966,   331.159,     9.501,     3.737,     0.000,
 40570.794,    57.239,    23.394,     5.279,     0.440,  6746.816,     0.000,     0.000,    19.388,  2635.031,     1.000,     5.279,   -76.613,     0.000,   275.278,   331.138,    11.384,     9.369,     0.000,
 40570.836,    55.882,    23.396,     5.277,     0.442,  6751.472,     0.000,     0.000,    19.390,  2635.031,     1.000,     5.277,   -88.635,     0.000,   270.557,   331.130,    13.999,    14.064,     0.000,
 40570.878,    58.748,    23.397,     5.278,     0.433,  6690.146,     0.000,     0.000,    19.391,  2635.031,     1.000,     5.278,   -92.446,     0.000,   269.211,   331.133,    15.068,    15.456,     0.000,
 40570.919,    56.774,    23.398,     5.283,     0.404,  6681.069,   290.970,     0.000,    19.392,  2635.031,     1.000,     5.283,   177.968,   274.500,   268.641,   331.158,    16.550,    17.465,     0.000,
 40570.961,    55.272,    23.401,     5.293,     0.437,  6698.495,     0.000,     0.000,    19.395,  2635.031,     1.000,     5.293,  -103.270,     0.000,   265.359,   331.203,    17.823,    19.602,     0.000,
 40571.003,    56.854,    23.402,     5.305,     0.431,  6659.652,     0.000,     0.000,    19.396,  2635.031,     1.000,     5.305,  -104.378,     0.000,   264.907,   331.261,    17.878,    20.146,     0.000,
 40571.044,    55.362,    23.404,     5.317,     0.435,  6650.181,     0.000,     0.000,    19.398,  2635.031,     1.000,     5.317,  -100.706,     0.000,   266.195,   331.319,    16.777,    18.805,     0.000,
 40571.086,    55.031,    23.408,     5.327,     0.428,  6716.701,     0.000,     0.000,    19.402,  2635.031,     1.000,     5.327,  -102.155,     0.000,   265.721,   331.367,    17.141,    19.368,     0.000,
 40571.128,    55.950,    23.412,     5.333,     0.443,  6766.738,     0.000,     0.000,    19.406,  2635.031,     1.000,     5.333,  -105.151,     0.000,   265.721,   331.396,    18.502,    20.975,     0.000,
 40571.169,    55.399,    23.415,     5.334,     0.442,  6761.319,   154.068,     0.000,    19.409,  2635.031,     1.000,     5.334,    43.158,   145.347,   265.717,   331.402,    17.108,    19.396,     0.000,
 40571.211,    55.789,    23.413,     5.329,     0.445,  6810.449,     0.000,     0.000,    19.407,  2635.031,     1.000,     5.329,  -102.954,     0.000,   265.442,   331.377,    17.322,    19.696,     0.000,
 40571.253,    56.617,    23.419,     5.317,     0.441,  6847.851,     0.000,     0.000,    19.413,  2635.031,     1.000,     5.317,  -110.955,     0.000,   265.454,   331.318,    21.041,    24.051,     0.000,
 40571.294,    54.826,    23.416,     5.302,     0.448,  6868.683,    24.475,     0.000,    19.410,  2635.031,     1.000,     5.302,   -78.566,    23.090,   265.740,   331.247,    16.917,    19.231,     0.000,
 40571.336,    54.656,    23.419,     5.279,     0.445,  6931.119,     0.000,     0.000,    19.413,  2635.031,     1.000,     5.279,   -97.819,     0.000,   266.954,   331.143,    15.789,    17.842,     0.000,
 40571.378,    54.799,    23.420,     5.245,     0.460,  7024.225,     0.000,     0.000,    19.414,  2635.031,     1.000,     5.245,   -93.789,     0.000,   269.049,   330.978,    15.109,    16.751,     0.000,
 40571.419,    53.804,    23.420,     5.200,     0.459,  7031.974,    97.267,     0.000,    19.414,  2635.031,     1.000,     5.200,    18.889,    91.762,   275.379,   330.765,     8.553,     8.933,     0.000,
 40571.461,    55.272,    23.422,     5.155,     0.458,  7075.328,     0.000,     0.000,    19.416,  2635.031,     1.000,     5.155,   -34.011,     0.000,   285.312,   330.559,    -5.082,    -6.153,     0.000,
 40571.502,    51.742,    23.420,     5.115,     0.465,  7146.058,     0.000,     0.000,    19.414,  2635.031,     1.000,     5.116,   -50.812,     0.000,   261.492,   330.364,    -5.957,   -12.103,     0.000,
 40571.544,    54.083,    23.418,     5.084,     0.458,  7024.010,   772.005,     0.000,    19.412,  2635.031,     1.000,     5.085,   749.528,   728.306,   262.367,   330.235,   -15.755,   -73.334,     0.000,
 40571.586,    53.486,    23.409,     5.067,     0.453,  6919.679,     0.000,     0.000,    19.403,  2635.031,     1.000,     5.071,    39.180,     0.000,   265.802,   330.192,   -28.679,   -74.891,     0.000,
 40571.628,    54.871,    23.410,     5.062,     0.463,  7112.466,     0.000,     0.000,    19.404,  2635.031,     1.000,     5.068,   100.721,     0.000,   309.714,   330.193,   -41.893,   -79.307,     0.000,
 40571.669,    54.018,    23.411,     5.060,     0.479,  7344.344,   334.137,     0.000,    19.405,  2635.031,     1.000,     5.069,   379.374,   315.223,   311.872,   330.208,   -22.373,   -60.113,     0.000,
 40571.711,    53.109,    23.420,     5.059,     0.491,  7562.131,     0.000,     0.000,    19.414,  2635.031,     1.000,     5.062,   -15.939,     0.000,   276.445,   330.122,    -9.339,   -28.400,     0.000,
 40571.752,    55.653,    23.422,     5.052,     0.494,  7557.236,     0.000,     0.000,    19.416,  2635.031,     1.000,     5.053,    10.132,     0.000,   291.040,   330.073,   -12.692,   -36.472,     0.000,
 40571.794,    53.537,    23.415,     5.049,     0.481,  7359.832,     0.000,     0.000,    19.409,  2635.031,     1.000,     5.052,    55.462,     0.000,   288.710,   330.095,   -26.952,   -69.895,     0.000,
 40571.836,    53.648,    23.416,     5.053,     0.488,  7509.345,     0.000,     0.000,    19.410,  2635.031,     1.000,     5.053,   -27.980,     0.000,   273.844,   330.065,    -8.328,   -19.913,     0.000,
 40571.877,    52.578,    23.421,     5.053,     0.493,  7561.426,     0.000,     0.000,    19.415,  2635.031,     1.000,     5.053,     1.390,     0.000,   304.758,   330.066,    -7.578,   -19.120,     0.000,
 40571.919,    53.368,    23.415,     5.057,     0.497,  7645.443,    17.244,     0.000,    19.409,  2635.031,     1.000,     5.057,    22.164,    16.268,   307.704,   330.086,    -7.044,   -21.234,     0.000,
 40571.961,    53.377,    23.415,     5.061,     0.465,  7644.779,     0.000,     0.000,    19.409,  2635.031,     1.000,     5.061,     1.348,     0.000,   304.728,   330.104,    -7.885,   -18.839,     0.000,
 40572.002,    55.095,    23.413,     5.063,     0.483,  7615.489,     0.000,     0.000,    19.407,  2635.031,     1.000,     5.063,    -8.403,     0.000,   300.365,   330.111,    -6.788,   -14.555,     0.000,
 40572.044,    53.184,    23.413,     5.062,     0.494,  7643.276,    29.439,     0.000,    19.407,  2635.031,     1.000,     5.062,    23.193,    27.772,   301.600,   330.107,    -7.157,   -16.771,     0.000,
 40572.086,    52.787,    23.409,     5.056,     0.496,  7646.475,     0.000,     0.000,    19.403,  2635.031,     1.000,     5.056,    -3.783,     0.000,   302.075,   330.084,    -6.945,   -17.281,     0.000,
 40572.127,    55.499,    23.408,     5.039,     0.498,  7741.193,     0.000,     0.000,    19.402,  2635.031,     1.000,     5.040,    -3.235,     0.000,   301.323,   330.020,    -5.921,   -19.540,     0.000,
 40572.169,    54.100,    23.406,     5.012,     0.496,  7709.922,     0.000,     0.000,    19.400,  2635.031,     1.000,     5.013,   -32.451,     0.000,   277.789,   329.883,    -7.002,   -12.641,     0.000,
 40572.211,    53.926,    23.407,     4.975,     0.487,  7593.655,     0.000,     0.000,    19.401,  2635.031,     1.000,     4.975,   -48.827,     0.000,   255.628,   329.700,    -9.436,   -15.808,     0.000,
 40572.252,    53.417,    23.401,     4.930,     0.490,  7589.382,     0.000,     0.000,    19.395,  2635.031,     1.000,     4.931,   -38.331,     0.000,   274.943,   329.494,    -6.228,    -9.992,     0.000,
 40572.294,    54.251,    23.399,     4.884,     0.491,  7573.611,     0.000,     0.000,    19.393,  2635.031,     1.000,     4.886,   -27.180,     0.000,   289.257,   329.286,    -5.166,    -7.683,     0.000,
 40572.336,    55.964,    23.395,     4.841,     0.489,  7546.541,     0.000,     0.000,    19.389,  2635.031,     1.000,     4.843,   -22.121,     0.000,   291.496,   329.087,    -6.050,    -9.420,     0.000,
 40572.378,    56.771,    23.399,     4.802,     0.472,  7565.441,     0.000,     0.000,    19.393,  2635.031,     1.000,     4.803,   -17.271,     0.000,   293.025,   328.889,    -7.274,   -11.319,     0.000,
 40572.419,    54.833,    23.398,     4.766,     0.484,  7511.457,   527.820,     0.000,    19.392,  2635.031,     1.000,     4.767,   480.834,   497.943,   285.975,   328.725,    -6.450,   -19.190,     0.000,
 40572.461,    54.388,    23.399,     4.738,     0.479,  7470.178,     0.000,     0.000,    19.393,  2635.031,     1.000,     4.741,    17.725,     0.000,   301.013,   328.613,   -10.297,   -35.028,     0.000,
 40572.503,    57.568,    23.396,     4.721,     0.462,  7480.260,     0.000,     0.000,    19.390,  2635.031,     1.000,     4.724,    16.423,     0.000,   312.208,   328.536,    -6.748,   -26.004,     0.000,
 40572.544,    56.992,    23.395,     4.709,     0.467,  7371.532,     0.000,     0.000,    19.389,  2635.031,     1.000,     4.709,   -20.282,     0.000,   274.315,   328.439,    -5.575,   -28.266,     0.000,
 40572.586,    57.070,    23.394,     4.695,     0.479,  7400.157,     0.000,     0.000,    19.388,  2635.031,     1.000,     4.696,     0.967,     0.000,   271.276,   328.380,    -8.577,   -49.494,     0.000,
 40572.628,    57.549,    23.395,     4.684,     0.477,  7347.699,     0.000,     0.000,    19.389,  2635.031,     1.000,     4.686,     6.162,     0.000,   275.156,   328.339,    -4.795,   -54.549,     0.000,
 40572.669,    57.334,    23.395,     4.677,     0.477,  7360.003,   113.142,     0.000,    19.389,  2635.031,     1.000,     4.678,   111.420,   106.738,   281.790,   328.298,    -4.816,   -46.374,     0.000,
 40572.711,    57.015,    23.392,     4.674,     0.468,  7357.165,     0.000,     0.000,    19.386,  2635.031,     1.000,     4.676,    21.687,     0.000,   309.146,   328.295,    -4.236,   -36.601,     0.000,
 40572.753,    57.685,    23.397,     4.677,     0.468,  7401.803,     0.000,     0.000,    19.391,  2635.031,     1.000,     4.677,   -14.970,     0.000,   288.146,   328.282,    -2.908,   -22.259,     0.000,
 40572.794,    58.533,    23.395,     4.679,     0.472,  7341.525,   205.955,     0.000,    19.389,  2635.031,     1.000,     4.679,   186.225,   194.297,   299.449,   328.292,    -4.184,   -16.587,     0.000,
 40572.836,    57.559,    23.395,     4.684,     0.473,  7307.327,     0.000,     0.000,    19.389,  2635.031,     1.000,     4.684,   -54.684,     0.000,   251.180,   328.318,    -6.238,   -16.215,     0.000,
 40572.878,    58.581,    23.398,     4.691,     0.465,  7188.271,     0.000,     0.000,    19.392,  2635.031,     1.000,     4.691,   -92.282,     0.000,   238.725,   328.349,     5.081,    -2.424,     0.000,
 40572.919,    59.292,    23.396,     4.697,     0.466,  7200.628,   448.500,     0.000,    19.390,  2635.031,     1.000,     4.697,   326.296,   423.113,   239.466,   328.378,     5.163,     2.742,     0.000,
 40572.961,    57.743,    23.399,     4.701,     0.468,  7286.278,     0.000,     0.000,    19.393,  2635.031,     1.000,     4.701,  -112.757,     0.000,   233.888,   328.399,     9.772,     8.474,     0.000,
 40573.003,    61.994,    23.400,     4.702,     0.466,  7227.605,     0.000,     0.000,    19.394,  2635.031,     1.000,     4.702,  -119.923,     0.000,   232.196,   328.401,    12.398,    11.319,     0.000,
 40573.044,    59.503,    23.401,     4.696,     0.460,  7125.273,     0.000,     0.000,    19.395,  2635.031,     1.000,     4.696,  -116.635,     0.000,   237.440,   328.374,    12.799,    12.902,     0.000,
 40573.086,    58.134,    23.402,     4.683,     0.461,  7165.335,     0.000,     0.000,    19.396,  2635.031,     1.000,     4.683,  -121.680,     0.000,   230.660,   328.311,    11.662,    12.367,     0.000,
 40573.128,    63.853,    23.404,     4.667,     0.446,  7157.913,     0.000,     0.000,    19.398,  2635.031,     1.000,     4.667,  -105.024,     0.000,   249.267,   328.237,    12.417,    13.637,     0.000,
 40573.169,    61.246,    23.405,     4.643,     0.454,  7046.812,   153.232,     0.000,    19.399,  2635.031,     1.000,     4.643,    20.807,   144.559,   229.646,   328.127,    12.011,    13.258,     0.000,
 40573.211,    59.256,    23.408,     4.610,     0.455,  6951.242,     0.000,     0.000,    19.402,  2635.031,     1.000,     4.610,  -124.799,     0.000,   229.224,   327.967,    12.356,    13.701,     0.000,
 40573.253,    62.428,    23.408,     4.569,     0.452,  6932.691,     0.000,     0.000,    19.402,  2635.031,     1.000,     4.569,  -118.524,     0.000,   237.469,   327.779,    13.319,    14.896,     0.000,
 40573.294,    62.389,    23.411,     4.531,     0.450,  6972.481,    62.562,     0.000,    19.405,  2635.031,     1.000,     4.531,   -23.217,    59.020,   269.001,   327.598,    11.195,    12.446,     0.000,
 40573.336,    59.262,    23.415,     4.499,     0.447,  6901.836,     0.000,     0.000,    19.409,  2635.031,     1.000,     4.499,   -79.149,     0.000,   269.941,   327.446,    10.304,    11.340,     0.000,
 40573.378,    63.065,    23.417,     4.475,     0.441,  6901.229,     0.000,     0.000,    19.411,  2635.031,     1.000,     4.475,   -76.188,     0.000,   271.404,   327.329,     9.741,    10.522,     0.000,
 40573.419,    62.505,    23.420,     4.459,     0.441,  6835.842,   221.093,     0.000,    19.414,  2635.031,     1.000,     4.459,   141.981,   208.579,   274.268,   327.253,     6.803,     6.809,     0.000,
 40573.461,    62.300,    23.422,     4.450,     0.444,  6857.475,     0.000,     0.000,    19.416,  2635.031,     1.000,     4.450,   -57.694,     0.000,   277.758,   327.215,     4.829,     3.408,     0.000,
 40573.503,    63.497,    23.428,     4.445,     0.426,  6751.968,     0.000,     0.000,    19.422,  2635.031,     1.000,     4.445,   -53.814,     0.000,   280.590,   327.188,     6.475,     0.741,     0.000,
 40573.544,    65.446,    23.430,     4.442,     0.439,  6793.055,   197.290,     0.000,    19.424,  2635.031,     1.000,     4.442,   133.768,   186.123,   279.672,   327.176,    11.110,    -6.259,     0.000,
 40573.586,    65.150,    23.435,     4.445,     0.442,  6860.262,     0.000,     0.000,    19.429,  2635.031,     1.000,     4.445,   -61.277,     0.000,   281.361,   327.187,    15.385,     0.065,     0.000,
 40573.628,    66.972,    23.439,     4.450,     0.435,  6743.184,     0.000,     0.000,    19.433,  2635.031,     1.000,     4.450,   -76.553,     0.000,   277.455,   327.211,    18.822,     7.975,     0.000,
 40573.669,    67.156,    23.442,     4.456,     0.429,  6586.587,     0.000,     0.000,    19.436,  2635.031,     1.000,     4.456,   -75.305,     0.000,   276.252,   327.242,    17.075,     7.241,     0.000,
 40573.711,    65.041,    23.447,     4.464,     0.408,  6464.906,     0.000,     0.000,    19.441,  2635.031,     1.000,     4.464,   -82.066,     0.000,   273.708,   327.277,    17.809,    10.689,     0.000,
 40573.753,    68.889,    23.451,     4.472,     0.411,  6534.744,     0.000,     0.000,    19.445,  2635.031,     1.000,     4.472,   -81.013,     0.000,   271.244,   327.316,    14.073,    10.868,     0.000,
 40573.794,    67.046,    23.455,     4.481,     0.419,  6526.280,     0.000,     0.000,    19.449,  2635.031,     1.000,     4.481,   -87.675,     0.000,   270.940,   327.357,    17.493,    13.765,     0.000,
 40573.836,    68.013,    23.459,     4.490,     0.417,  6477.819,     0.000,     0.000,    19.453,  2635.031,     1.000,     4.490,   -83.071,     0.000,   269.717,   327.402,    13.856,    11.530,     0.000,
 40573.878,    67.341,    23.465,     4.501,     0.409,  6408.117,     0.000,     0.000,    19.459,  2635.031,     1.000,     4.501,   -90.506,     0.000,   268.253,   327.454,    17.035,    14.270,     0.000,
 40573.920,    71.137,    23.467,     4.514,     0.410,  6398.212,   317.730,     0.000,    19.461,  2635.031,     1.000,     4.514,   204.245,   299.745,   265.631,   327.511,    16.308,    17.313,     0.000,
 40573.961,    68.559,    23.470,     4.529,     0.401,  6391.319,     0.000,     0.000,    19.464,  2635.031,     1.000,     4.529,   -94.507,     0.000,   265.123,   327.583,    15.493,    16.555,     0.000,
 40574.003,    65.687,    23.476,     4.547,     0.402,  6374.183,     0.000,     0.000,    19.470,  2635.031,     1.000,     4.547,   -95.016,     0.000,   265.125,   327.670,    15.840,    16.632,     0.000,
 40574.045,    67.804,    23.484,     4.567,     0.363,  6305.386,   227.807,     0.000,    19.478,  2635.031,     1.000,     4.567,   119.506,   214.912,   265.179,   327.762,    16.165,    16.658,     0.000,
 40574.086,    68.774,    23.487,     4.586,     0.409,  6316.537,     0.000,     0.000,    19.481,  2635.031,     1.000,     4.586,   -94.812,     0.000,   265.962,   327.853,    17.019,    15.902,     0.000,
 40574.128,    68.673,    23.486,     4.604,     0.403,  6352.995,     0.000,     0.000,    19.480,  2635.031,     1.000,     4.604,  -100.024,     0.000,   265.902,   327.935,    20.672,    17.319,     0.000,
 40574.170,    65.407,    23.493,     4.618,     0.397,  6248.112,   276.104,     0.000,    19.487,  2635.031,     1.000,     4.618,   160.861,   260.475,   264.875,   328.002,    19.278,    17.210,     0.000,
 40574.211,    68.840,    23.494,     4.628,     0.406,  6270.764,     0.000,     0.000,    19.488,  2635.031,     1.000,     4.628,  -100.793,     0.000,   264.371,   328.051,    19.309,    17.805,     0.000,
 40574.253,    67.372,    23.498,     4.632,     0.401,  6236.137,     0.000,     0.000,    19.492,  2635.031,     1.000,     4.632,  -101.536,     0.000,   264.342,   328.072,    19.949,    17.857,     0.000,
 40574.295,    67.606,    23.500,     4.628,     0.399,  6237.417,     0.000,     0.000,    19.494,  2635.031,     1.000,     4.628,  -103.207,     0.000,   263.833,   328.052,    20.588,    18.400,     0.000,
 40574.336,    68.279,    23.503,     4.616,     0.387,  6208.547,     0.000,     0.000,    19.497,  2635.031,     1.000,     4.616,  -102.609,     0.000,   264.448,   327.996,    21.392,    17.670,     0.000,
 40574.378,    67.264,    23.503,     4.601,     0.393,  6231.762,     0.000,     0.000,    19.497,  2635.031,     1.000,     4.601,  -102.038,     0.000,   265.484,   327.924,    23.105,    16.492,     0.000,
 40574.419,    64.797,    23.501,     4.580,     0.395,  6196.130,     0.000,     0.000,    19.495,  2635.031,     1.000,     4.580,  -112.456,     0.000,   266.292,   327.827,    29.724,    21.196,     0.000,
 40574.461,    66.043,    23.507,     4.550,     0.374,  6233.562,     0.000,     0.000,    19.501,  2898.534,     1.000,     4.550,  -118.638,     0.000,   268.896,   327.688,    36.998,    22.848,     0.000,
 40574.503,    66.120,    23.504,     4.511,     0.385,  6221.799,     0.000,     0.000,    19.498,  2635.031,     1.000,     4.511,  -116.478,     0.000,   270.469,   327.501,    39.842,    19.604,     0.000,
 40574.544,    66.346,    23.504,     4.468,     0.398,  6163.564,   304.376,     0.000,    19.498,  2635.031,     1.000,     4.468,   167.587,   287.147,   270.744,   327.301,    44.273,    18.729,     0.000,
 40574.586,    65.720,    23.502,     4.427,     0.376,  6130.498,     0.000,     0.000,    19.496,  2635.031,     1.000,     4.427,  -113.665,     0.000,   270.429,   327.108,    39.878,    17.108,     0.000,
 40574.628,    64.398,    23.502,     4.390,     0.371,  6078.856,     0.000,     0.000,    19.496,  2635.031,     1.000,     4.390,  -110.864,     0.000,   270.029,   326.933,    37.946,    16.015,     0.000,
 40574.669,    65.858,    23.497,     4.358,     0.393,  6107.694,   239.664,     0.000,    19.491,  2635.031,     1.000,     4.358,   110.817,   226.099,   268.436,   326.782,    38.668,    18.267,     0.000,
 40574.711,    64.213,    23.498,     4.330,     0.390,  6062.848,     0.000,     0.000,    19.492,  2635.031,     1.000,     4.330,  -120.645,     0.000,   267.833,   326.649,    43.050,    18.779,     0.000,
 40574.753,    63.166,    23.492,     4.304,     0.385,  6027.035,     0.000,     0.000,    19.486,  2635.031,     1.000,     4.304,  -113.216,     0.000,   267.281,   326.527,    37.537,    16.432,     0.000,
 40574.794,    63.631,    23.491,     4.282,     0.389,  6058.183,   262.012,     0.000,    19.485,  2635.031,     1.000,     4.282,   136.950,   247.181,   266.213,   326.422,    34.426,    15.596,     0.000,
 40574.836,    60.903,    23.486,     4.263,     0.385,  5980.223,     0.000,     0.000,    19.480,  2635.031,     1.000,     4.263,  -112.282,     0.000,   264.632,   326.330,    33.045,    17.539,     0.000,
 40574.878,    62.857,    23.484,     4.245,     0.393,  6057.005,     0.000,     0.000,    19.478,  2635.031,     1.000,     4.245,  -120.722,     0.000,   264.859,   326.250,    39.746,    19.585,     0.000,
 40574.919,    65.808,    23.476,     4.230,     0.385,  6008.074,    84.240,     0.000,    19.470,  2635.031,     1.000,     4.230,   -48.809,    79.472,   264.357,   326.175,    44.614,    21.848,     0.000,
 40574.961,    60.115,    23.473,     4.214,     0.387,  6012.709,    16.375,     0.000,    19.467,  2635.031,     1.000,     4.214,  -106.498,    15.448,   263.525,   326.103,    38.903,    20.465,     0.000,
 40575.003,    64.996,    23.467,     4.202,     0.382,  5934.381,     0.000,     0.000,    19.461,  2635.031,     1.000,     4.202,  -112.003,     0.000,   263.264,   326.046,    32.029,    17.193,     0.000,
 40575.044,    62.987,    23.462,     4.193,     0.378,  5952.819,   317.551,     0.000,    19.456,  2635.031,     1.000,     4.193,   182.246,   299.576,   263.033,   326.002,    35.236,    19.125,     0.000,
 40575.086,    59.319,    23.461,     4.185,     0.395,  6074.764,     0.000,     0.000,    19.455,  2635.031,     1.000,     4.185,  -171.979,     0.000,   262.330,   325.965,    70.236,    38.109,     0.000,
 40575.128,    63.064,    23.457,     4.180,     0.386,  5980.384,     0.000,     0.000,    19.451,  2635.031,     1.000,     4.180,  -132.146,     0.000,   260.341,   325.943,    40.857,    25.687,     0.000,
 40575.169,    62.648,    23.452,     4.179,     0.386,  5985.691,     0.000,     0.000,    19.446,  2635.031,     1.000,     4.179,  -148.799,     0.000,   257.856,   325.939,    47.091,    33.626,     0.000,
 40575.211,    59.507,    23.449,     4.180,     0.385,  5907.955,     0.000,     0.000,    19.443,  2635.031,     1.000,     4.180,  -145.789,     0.000,   238.099,   325.939,    33.473,    24.476,     0.000,
 40575.253,    63.353,    23.444,     4.177,     0.386,  6041.791,     0.000,     0.000,    19.438,  2635.031,     1.000,     4.177,  -171.090,     0.000,   219.974,   325.928,    37.015,    28.121,     0.000,
 40575.294,    62.243,    23.442,     4.171,     0.391,  6043.658,     0.000,     0.000,    19.436,  2635.031,     1.000,     4.171,  -174.614,     0.000,   218.020,   325.899,    37.767,    28.968,     0.000,
 40575.336,    59.680,    23.439,     4.160,     0.395,  6046.175,     0.000,     0.000,    19.433,  2635.031,     1.000,     4.160,  -170.944,     0.000,   217.420,   325.849,    34.975,    27.539,     0.000,
 40575.378,    64.115,    23.437,     4.142,     0.396,  6110.975,     0.000,     0.000,    19.431,  2635.031,     1.000,     4.142,  -181.944,     0.000,   219.565,   325.766,    44.356,    31.387,     0.000,
 40575.419,    62.063,    23.435,     4.116,     0.399,  6222.992,     0.000,     0.000,    19.429,  2635.031,     1.000,     4.116,  -254.236,     0.000,   221.214,   325.644,    90.917,    58.889,     0.000,
 40575.461,    59.715,    23.435,     4.084,     0.406,  6274.020,     0.000,     0.000,    19.429,  2635.031,     1.000,     4.084,  -240.578,     0.000,   224.791,   325.491,    93.909,    45.969,     0.000,
 40575.503,    62.398,    23.431,     4.049,     0.395,  6204.625,     0.000,     0.000,    19.425,  2635.031,     1.000,     4.049,  -240.196,     0.000,   226.716,   325.328,    99.242,    42.341,     0.000,
 40575.544,    63.131,    23.431,     4.011,     0.396,  6176.381,     0.000,     0.000,    19.425,  2635.031,     1.000,     4.011,  -236.446,     0.000,   228.298,   325.151,   103.794,    35.799,     0.000,
 40575.586,    59.805,    23.429,     3.981,     0.389,  6007.175,     0.000,     0.000,    19.423,  2635.031,     1.000,     3.975,  -191.685,     0.000,   231.008,   324.892,    78.749,    19.051,     0.000,
 40575.628,    63.278,    23.428,     3.964,     0.389,  6035.961,     0.000,     0.000,    19.422,  2635.031,     1.000,     3.942,  -188.772,     0.000,   232.034,   324.654,    80.279,    15.872,     0.000,
 40575.669,    64.781,    23.428,     3.937,     0.389,  6076.659,   661.975,     0.000,    19.422,  2635.031,     1.000,     3.914,   430.630,   624.505,   230.073,   324.517,    78.849,    20.582,     0.000,
 40575.711,    60.912,    23.424,     3.916,     0.394,  6023.945,     0.000,     0.000,    19.418,  2635.031,     1.000,     3.892,  -168.441,     0.000,   225.858,   324.406,    49.926,    19.967,     0.000,
 40575.753,    63.588,    23.424,     3.895,     0.391,  6063.461,     0.000,     0.000,    19.418,  2635.031,     1.000,     3.872,  -182.632,     0.000,   222.972,   324.310,    54.104,    27.189,     0.000,
 40575.794,    64.626,    23.422,     3.874,     0.398,  6175.288,   503.370,     0.000,    19.416,  2635.031,     1.000,     3.857,   289.161,   474.877,   221.926,   324.274,    54.177,    29.191,     0.000,
 40575.836,    61.015,    23.422,     3.865,     0.407,  6238.675,     0.000,     0.000,    19.416,  2635.031,     1.000,     3.845,  -181.786,     0.000,   219.568,   324.191,    47.404,    29.758,     0.000,
 40575.878,    62.113,    23.419,     3.861,     0.395,  6114.218,     0.000,     0.000,    19.413,  2635.031,     1.000,     3.837,  -165.784,     0.000,   218.773,   324.152,    36.440,    23.965,     0.000,
 40575.919,    64.720,    23.420,     3.854,     0.395,  6181.696,   350.175,     0.000,    19.414,  2635.031,     1.000,     3.832,   162.335,   330.353,   217.423,   324.139,    35.392,    25.911,     0.000,
 40575.961,    60.392,    23.419,     3.852,     0.396,  6179.856,     0.000,     0.000,    19.413,  2635.031,     1.000,     3.828,  -169.827,     0.000,   216.330,   324.094,    34.559,    27.504,     0.000,
 40576.003,    63.903,    23.419,     3.852,     0.403,  6253.032,     0.000,     0.000,    19.413,  2635.031,     1.000,     3.827,  -179.139,     0.000,   214.984,   324.084,    37.605,    32.435,     0.000,
 40576.044,    65.184,    23.421,     3.856,     0.387,  6225.076,     0.000,     0.000,    19.415,  2635.031,     1.000,     3.829,  -200.667,     0.000,   213.339,   324.068,    46.452,    43.486,     0.000,
 40576.086,    60.820,    23.424,     3.851,     0.396,  6246.843,     0.000,     0.000,    19.418,  2635.031,     1.000,     3.831,  -195.406,     0.000,   211.483,   324.117,    40.413,    42.359,     0.000,
 40576.128,    64.722,    23.422,     3.850,     0.363,  6214.370,     0.000,     0.000,    19.416,  2635.031,     1.000,     3.834,  -187.945,     0.000,   208.700,   324.176,    32.671,    39.798,     0.000,
 40576.169,    65.724,    23.420,     3.864,     0.408,  6283.763,   922.276,     0.000,    19.414,  2635.031,     1.000,     3.837,   660.002,   870.072,   207.540,   324.106,    41.329,    52.175,     0.000,
 40576.211,    61.584,    23.424,     3.868,     0.410,  6292.010,     0.000,     0.000,    19.418,  2635.031,     1.000,     3.836,  -218.559,     0.000,   206.201,   324.072,    43.417,    57.272,     0.000,
 40576.253,    63.807,    23.422,     3.867,     0.407,  6303.965,     0.000,     0.000,    19.416,  2635.031,     1.000,     3.836,  -195.877,     0.000,   205.909,   324.082,    33.092,    44.612,     0.000,
 40576.294,    66.013,    23.424,     3.863,     0.403,  6260.073,     0.000,     0.000,    19.418,  2635.031,     1.000,     3.834,  -196.643,     0.000,   205.755,   324.082,    33.420,    44.895,     0.000,
 40576.336,    60.911,    23.420,     3.851,     0.383,  6325.811,     0.000,     0.000,    19.414,  2635.031,     1.000,     3.827,  -200.220,     0.000,   206.469,   324.083,    35.726,    46.880,     0.000,
 40576.378,    64.324,    23.422,     3.842,     0.414,  6395.079,     0.000,     0.000,    19.416,  2635.031,     1.000,     3.818,  -174.781,     0.000,   212.880,   324.059,    30.835,    32.766,     0.000,
 40576.419,    66.321,    23.423,     3.817,     0.407,  6396.156,   340.736,     0.000,    19.417,  2635.031,     1.000,     3.806,   164.330,   321.449,   219.964,   324.091,    30.773,    22.218,     0.000,
 40576.461,    61.614,    23.422,     3.811,     0.410,  6352.823,    18.914,     0.000,    19.416,  2635.031,     1.000,     3.792,  -138.677,    17.844,   221.533,   323.965,    34.152,    19.936,     0.000,
 40576.503,    65.879,    23.424,     3.791,     0.402,  6325.053,     0.000,     0.000,    19.418,  2635.031,     1.000,     3.778,  -149.346,     0.000,   225.428,   323.950,    34.920,    15.904,     0.000,
 40576.544,    64.905,    23.424,     3.783,     0.413,  6446.925,   220.431,     0.000,    19.418,  2635.031,     1.000,     3.765,    66.796,   207.954,   227.400,   323.850,    32.599,    12.109,     0.000,
 40576.586,    61.328,    23.424,     3.772,     0.386,  6438.452,   267.734,     0.000,    19.418,  2635.031,     1.000,     3.757,   115.536,   252.579,   230.066,   323.823,    33.842,     9.444,     0.000,
 40576.628,    64.303,    23.423,     3.777,     0.416,  6452.099,     0.000,     0.000,    19.417,  2635.031,     1.000,     3.757,  -131.061,     0.000,   231.485,   323.807,    31.668,     7.071,     0.000,
 40576.669,    65.751,    23.425,     3.786,     0.409,  6465.075,     0.000,     0.000,    19.419,  2635.031,     1.000,     3.768,  -135.796,     0.000,   232.791,   323.854,    37.772,     6.961,     0.000,
 40576.711,    61.294,    23.425,     3.798,     0.420,  6539.002,   104.151,     0.000,    19.419,  2635.031,     1.000,     3.783,   -51.822,    98.255,   228.642,   323.940,    40.962,    13.817,     0.000,
 40576.753,    62.462,    23.425,     3.819,     0.416,  6472.856,     0.000,     0.000,    19.419,  2635.031,     1.000,     3.798,  -139.630,     0.000,   227.709,   323.979,    31.522,    11.839,     0.000,
 40576.794,    67.041,    23.424,     3.831,     0.420,  6507.797,     0.000,     0.000,    19.418,  2635.031,     1.000,     3.810,  -150.766,     0.000,   222.328,   324.034,    30.158,    18.902,     0.000,
 40576.837,    64.533,    23.423,     3.840,     0.416,  6479.877,   129.589,     0.000,    19.417,  2635.031,     1.000,     3.824,   -42.705,   122.254,   217.842,   324.128,    31.510,    27.163,     0.000,
 40576.878,    62.198,    23.426,     3.855,     0.410,  6537.515,     0.000,     0.000,    19.420,  2635.031,     1.000,     3.838,  -164.106,     0.000,   216.285,   324.172,    28.594,    27.626,     0.000,
 40576.919,    65.379,    23.422,     3.864,     0.404,  6536.602,     0.000,     0.000,    19.416,  2635.031,     1.000,     3.852,  -161.924,     0.000,   216.999,   324.308,    27.920,    26.695,     0.000,
 40576.962,    62.916,    23.423,     3.882,     0.413,  6554.524,   129.589,     0.000,    19.417,  2635.031,     1.000,     3.869,   -62.465,   122.253,   215.347,   324.372,    36.910,    38.784,     0.000,
 40577.003,    66.563,    23.426,     3.912,     0.426,  6615.032,     0.000,     0.000,    19.420,  2635.031,     1.000,     3.888,  -173.960,     0.000,   214.135,   324.369,    30.140,    33.586,     0.000,
 40577.044,    65.883,    23.425,     3.929,     0.417,  6574.166,     0.000,     0.000,    19.419,  2635.031,     1.000,     3.907,  -170.105,     0.000,   213.956,   324.482,    28.111,    31.467,     0.000,
 40577.087,    62.888,    23.424,     3.944,     0.410,  6648.097,   129.589,     0.000,    19.418,  2635.031,     1.000,     3.929,   -56.738,   122.254,   212.864,   324.640,    30.898,    36.318,     0.000,
 40577.128,    67.385,    23.425,     3.967,     0.424,  6598.904,     0.000,     0.000,    19.419,  2635.031,     1.000,     3.952,  -177.450,     0.000,   213.074,   324.709,    30.093,    35.722,     0.000,
 40577.169,    67.498,    23.425,     3.983,     0.393,  6448.752,     0.000,     0.000,    19.419,  2635.031,     1.000,     3.974,  -169.661,     0.000,   214.154,   324.831,    27.506,    31.479,     0.000,
 40577.212,    62.841,    23.424,     3.995,     0.415,  6525.689,   129.589,     0.000,    19.418,  2635.031,     1.000,     3.995,   -50.716,   122.254,   213.162,   325.069,    27.812,    33.251,     0.000,
 40577.253,    69.876,    23.427,     4.008,     0.417,  6496.725,     0.000,     0.000,    19.421,  2635.031,     1.000,     4.008,  -175.062,     0.000,   212.498,   325.131,    28.066,    34.363,     0.000,
 40577.294,    66.943,    23.424,     4.010,     0.414,  6448.238,     0.000,     0.000,    19.418,  2635.031,     1.000,     4.010,  -173.520,     0.000,   213.021,   325.144,    27.853,    33.544,     0.000,
 40577.337,    63.251,    23.426,     3.998,     0.413,  6477.936,   129.589,     0.000,    19.420,  2635.031,     1.000,     3.998,   -48.778,   122.254,   213.842,   325.088,    27.584,    32.201,     0.000,
 40577.378,    66.596,    23.424,     3.982,     0.401,  6355.039,     0.000,     0.000,    19.418,  2635.031,     1.000,     3.979,  -156.725,     0.000,   218.767,   324.935,    25.861,    24.696,     0.000,
 40577.419,    65.771,    23.429,     3.971,     0.399,  6389.138,    47.189,     0.000,    19.423,  2635.031,     1.000,     3.956,   -99.555,    44.518,   224.081,   324.772,    26.145,    17.237,     0.000,
 40577.462,    63.778,    23.429,     3.946,     0.404,  6395.951,   129.195,     0.000,    19.423,  2635.031,     1.000,     3.930,   -15.847,   121.882,   227.108,   324.636,    26.768,    13.431,     0.000,
 40577.503,    66.696,    23.433,     3.916,     0.390,  6339.889,     0.000,     0.000,    19.427,  2635.031,     1.000,     3.902,  -106.682,     0.000,   251.992,   324.533,    27.106,     7.034,     0.000,
 40577.544,    63.948,    23.433,     3.890,     0.413,  6361.419,     0.000,     0.000,    19.427,  2635.031,     1.000,     3.877,  -111.721,     0.000,   239.290,   324.430,    27.807,    -1.226,     0.000,
 40577.587,    63.806,    23.436,     3.874,     0.411,  6326.361,   129.589,     0.000,    19.430,  2635.031,     1.000,     3.862,    22.810,   122.254,   242.176,   324.351,    25.326,    -8.057,     0.000,
 40577.628,    67.027,    23.438,     3.862,     0.405,  6256.409,     0.000,     0.000,    19.432,  2635.031,     1.000,     3.851,  -101.661,     0.000,   240.910,   324.302,    25.313,    -7.045,     0.000,
 40577.669,    66.858,    23.441,     3.854,     0.405,  6224.077,   111.892,     0.000,    19.435,  2635.031,     1.000,     3.841,     6.705,   105.559,   243.361,   324.261,    25.762,    -7.810,     0.000,
 40577.712,    67.526,    23.445,     3.852,     0.400,  6176.555,     0.000,     0.000,    19.439,  2635.031,     1.000,     3.839,  -102.364,     0.000,   242.416,   324.243,    25.269,    -4.732,     0.000,
 40577.753,    68.828,    23.443,     3.860,     0.396,  6216.829,     0.000,     0.000,    19.437,  2635.031,     1.000,     3.845,  -112.716,     0.000,   237.460,   324.241,    25.329,     0.606,     0.000,
 40577.795,    66.766,    23.448,     3.873,     0.396,  6144.220,   555.735,     0.000,    19.442,  2635.031,     1.000,     3.857,   403.255,   524.278,   233.285,   324.291,    24.624,     5.393,     0.000,
 40577.837,    67.760,    23.452,     3.886,     0.388,  6149.807,   129.589,     0.000,    19.446,  2635.031,     1.000,     3.869,    -6.157,   122.253,   229.750,   324.341,    24.169,     9.651,     0.000,
 40577.878,    64.901,    23.455,     3.893,     0.387,  6089.541,     0.000,     0.000,    19.449,  2635.031,     1.000,     3.881,  -130.247,     0.000,   228.353,   324.434,    22.711,    11.456,     0.000,
 40577.919,    67.889,    23.456,     3.913,     0.394,  6066.945,   352.842,     0.000,    19.450,  2635.031,     1.000,     3.894,   210.409,   332.869,   230.182,   324.457,    18.953,     9.233,     0.000,
 40577.962,    65.688,    23.460,     3.928,     0.391,  6048.028,   129.589,     0.000,    19.454,  2635.031,     1.000,     3.909,    -1.871,   122.253,   229.763,   324.528,    19.544,     9.815,     0.000,
 40578.003,    67.677,    23.466,     3.945,     0.388,  6007.213,     0.000,     0.000,    19.460,  2635.031,     1.000,     3.926,  -130.338,     0.000,   228.016,   324.588,    20.782,    12.984,     0.000,
 40578.045,    70.050,    23.469,     3.958,     0.387,  6000.649,   451.723,     0.000,    19.463,  2635.031,     1.000,     3.945,   296.531,   426.154,   227.559,   324.731,    19.725,    12.724,     0.000,
 40578.087,    64.714,    23.474,     3.983,     0.393,  6084.450,   129.589,     0.000,    19.468,  2635.031,     1.000,     3.970,   -16.539,   122.254,   227.452,   324.805,    24.682,    16.758,     0.000,
 40578.128,    67.679,    23.480,     3.998,     0.388,  5992.844,     0.000,     0.000,    19.474,  2635.031,     1.000,     3.998,  -130.582,     0.000,   226.946,   325.084,    18.623,    13.820,     0.000,
 40578.170,    67.187,    23.482,     4.028,     0.387,  6012.928,     0.000,     0.000,    19.476,  2635.031,     1.000,     4.028,  -101.877,     0.000,   237.659,   325.224,    13.019,     1.293,     0.000,
 40578.212,    63.137,    23.485,     4.060,     0.391,  6052.700,   129.589,     0.000,    19.479,  2635.031,     1.000,     4.060,    70.109,   122.254,   258.144,   325.376,     7.182,   -22.270,     0.000,
 40578.253,    70.751,    23.486,     4.092,     0.364,  6055.777,     0.000,     0.000,    19.480,  2635.031,     1.000,     4.092,   -26.469,     0.000,   267.513,   325.525,     8.595,   -40.139,     0.000,
 40578.294,    68.764,    23.495,     4.119,     0.391,  6086.703,   323.088,     0.000,    19.489,  2635.031,     1.000,     4.119,   286.087,   304.800,   269.904,   325.655,    -0.032,   -37.006,     0.000,
 40578.337,    64.359,    23.496,     4.138,     0.391,  6076.686,   129.195,     0.000,    19.490,  2635.031,     1.000,     4.138,    97.108,   121.882,   268.199,   325.744,    -5.475,   -27.296,     0.000,
 40578.378,    66.383,    23.500,     4.144,     0.393,  6106.101,     0.000,     0.000,    19.494,  2635.031,     1.000,     4.144,     1.060,     0.000,   292.891,   325.774,    -7.176,   -26.767,     0.000,
 40578.420,    66.398,    23.501,     4.144,     0.396,  6118.216,     0.776,     0.000,    19.495,  2635.031,     1.000,     4.145,    17.193,     0.732,   300.797,   325.791,    -8.952,   -32.502,     0.000,
 40578.462,    63.615,    23.504,     4.141,     0.398,  6158.820,   113.282,     0.000,    19.498,  2635.031,     1.000,     4.142,   100.191,   106.869,   279.823,   325.768,    -9.530,   -29.737,     0.000,
 40578.503,    69.168,    23.506,     4.124,     0.391,  6081.255,     0.000,     0.000,    19.500,  2898.534,     1.000,     4.128,    45.011,     0.000,   281.312,   325.741,   -22.473,   -66.967,     0.000,
 40578.544,    67.535,    23.496,     4.099,     0.365,  5719.334,     0.000,     0.000,    19.490,  2635.031,     1.000,     4.117,   217.709,     0.000,   270.295,   325.846,   -92.082,  -181.177,     0.000,
 40578.587,    63.192,    23.486,     4.082,     0.373,  5836.262,    79.284,     0.000,    19.480,  2635.031,     1.000,     4.114,   305.350,    74.796,   299.397,   325.915,   -98.124,  -158.948,     0.000,
 40578.628,    67.744,    23.483,     4.081,     0.358,  5791.857,     0.000,     0.000,    19.477,  2635.031,     1.000,     4.126,   393.328,     0.000,   317.888,   326.124,  -147.561,  -254.002,     0.000,
 40578.669,    65.718,    23.485,     4.094,     0.394,  6140.175,   154.596,     0.000,    19.479,  2635.031,     1.000,     4.138,   318.396,   145.845,   315.733,   326.052,   -62.524,  -120.346,     0.000,
 40578.712,    61.969,    23.506,     4.116,     0.406,  6508.821,    57.196,     0.000,    19.500,  2635.031,     1.000,     4.145,   231.057,    53.959,   309.368,   325.988,   -68.141,  -125.577,     0.000,
 40578.753,    65.964,    23.499,     4.141,     0.385,  6076.667,     0.000,     0.000,    19.493,  2635.031,     1.000,     4.159,   207.139,     0.000,   273.113,   325.993,   -83.967,  -176.053,     0.000,
 40578.795,    62.401,    23.505,     4.153,     0.418,  6481.230,   442.924,     0.000,    19.499,  2635.031,     1.000,     4.167,   505.464,   417.853,   296.579,   325.980,   -36.089,   -80.923,     0.000,
 40578.837,    60.898,    23.516,     4.169,     0.393,  6511.331,   114.863,     0.000,    19.510,  2898.534,     1.000,     4.178,   222.634,   108.361,   278.433,   325.995,   -51.272,  -110.562,     0.000,
 40578.878,    61.072,    23.512,     4.178,     0.413,  6405.113,     0.000,     0.000,    19.506,  2898.534,     1.000,     4.190,    80.046,     0.000,   273.840,   326.079,   -34.519,   -97.765,     0.000,
 40578.920,    63.271,    23.511,     4.194,     0.392,  6290.718,     7.956,     0.000,    19.505,  2898.534,     1.000,     4.206,   111.230,     7.505,   280.792,   326.167,   -39.371,  -109.729,     0.000,
 40578.962,    60.598,    23.519,     4.214,     0.423,  6603.806,    57.196,     0.000,    19.513,  2898.534,     1.000,     4.223,    92.597,    53.959,   310.320,   326.195,   -11.775,   -42.738,     0.000,
 40579.003,    63.001,    23.526,     4.240,     0.416,  6612.144,     0.000,     0.000,    19.520,  2898.534,     1.000,     4.240,    -6.921,     0.000,   274.001,   326.225,    -5.248,   -40.055,     0.000,
 40579.045,    61.584,    23.525,     4.267,     0.419,  6515.446,   222.027,     0.000,    19.519,  2898.534,     1.000,     4.267,   217.363,   209.459,   293.513,   326.350,    -6.842,   -33.898,     0.000,
 40579.087,    60.923,    23.529,     4.304,     0.410,  6304.923,    79.284,     0.000,    19.523,  2898.534,     1.000,     4.305,   106.460,    74.796,   292.444,   326.531,   -10.358,   -55.392,     0.000,
 40579.128,    64.447,    23.524,     4.346,     0.399,  6196.900,     0.000,     0.000,    19.518,  2898.534,     1.000,     4.348,    53.543,     0.000,   308.662,   326.746,    -9.960,   -61.668,     0.000,
 40579.170,    64.640,    23.524,     4.393,     0.403,  6282.908,     0.667,     0.000,    19.518,  2898.534,     1.000,     4.395,    43.754,     0.629,   309.015,   326.962,    -9.826,   -51.245,     0.000,
 40579.212,    66.993,    23.527,     4.436,     0.400,  6394.773,    82.208,     0.000,    19.521,  2898.534,     1.000,     4.436,    73.760,    77.555,   289.217,   327.146,    -4.860,   -29.274,     0.000,
 40579.253,    68.121,    23.531,     4.474,     0.408,  6368.953,     0.000,     0.000,    19.525,  2898.534,     1.000,     4.474,     0.679,     0.000,   288.165,   327.324,    -3.895,   -35.943,     0.000,
 40579.295,    64.528,    23.529,     4.508,     0.401,  6193.172,     0.000,     0.000,    19.523,  2898.534,     1.000,     4.509,    36.251,     0.000,   304.574,   327.496,    -6.119,   -53.054,     0.000,
 40579.337,    68.617,    23.531,     4.531,     0.398,  6259.758,    82.208,     0.000,    19.525,  2898.534,     1.000,     4.531,    59.331,    77.555,   284.945,   327.592,     0.842,   -25.266,     0.000,
 40579.378,    68.268,    23.529,     4.538,     0.405,  6296.717,     0.000,     0.000,    19.523,  2898.534,     1.000,     4.538,   -11.604,     0.000,   284.078,   327.625,     8.253,   -40.196,     0.000,
 40579.420,    70.070,    23.528,     4.534,     0.399,  6222.465,   834.458,     0.000,    19.522,  2898.534,     1.000,     4.534,   751.563,   787.224,   262.445,   327.609,     6.642,   -36.144,     0.000,
 40579.462,    68.906,    23.525,     4.529,     0.387,  6012.176,    49.153,     0.000,    19.519,  2898.534,     1.000,     4.530,    77.602,    46.370,   303.156,   327.615,    11.593,   -67.284,     0.000,
 40579.503,    70.471,    23.522,     4.516,     0.395,  6126.945,     0.000,     0.000,    19.516,  2898.534,     1.000,     4.518,   -10.556,     0.000,   287.464,   327.550,     8.208,   -37.737,     0.000,
 40579.545,    70.391,    23.529,     4.495,     0.394,  6104.958,   216.394,     0.000,    19.523,  2898.534,     1.000,     4.498,   227.362,   204.145,   306.305,   327.474,     2.274,   -46.660,     0.000,
 40579.587,    68.969,    23.521,     4.474,     0.383,  5943.280,    45.356,     0.000,    19.515,  2898.534,     1.000,     4.480,    94.459,    42.789,   302.756,   327.415,   -12.772,   -63.558,     0.000,
 40579.628,    73.797,    23.520,     4.460,     0.366,  6032.250,     0.000,     0.000,    19.514,  2898.534,     1.000,     4.463,    25.245,     0.000,   301.326,   327.300,   -11.568,   -39.653,     0.000,
 40579.670,    73.246,    23.520,     4.444,     0.391,  6075.581,   310.334,     0.000,    19.514,  2898.534,     1.000,     4.448,   326.169,   292.768,   298.058,   327.238,   -20.957,   -41.623,     0.000,
 40579.712,    73.393,    23.521,     4.433,     0.381,  6167.828,    45.356,     0.000,    19.515,  2898.534,     1.000,     4.436,    56.315,    42.789,   297.304,   327.175,   -15.734,   -27.662,     0.000,
 40579.753,    73.607,    23.525,     4.424,     0.394,  6103.311,     0.000,     0.000,    19.519,  2898.534,     1.000,     4.426,    16.012,     0.000,   298.411,   327.123,   -13.549,   -31.174,     0.000,
 40579.795,    73.891,    23.521,     4.415,     0.392,  6152.646,     0.000,     0.000,    19.515,  2898.534,     1.000,     4.417,     4.207,     0.000,   297.662,   327.076,   -12.355,   -21.266,     0.000,
 40579.837,    74.969,    23.515,     4.406,     0.384,  5958.029,    45.356,     0.000,    19.509,  2898.534,     1.000,     4.409,    70.288,    42.789,   298.853,   327.054,   -20.666,   -35.034,     0.000,
 40579.879,    79.424,    23.516,     4.402,     0.367,  5963.038,     0.000,     0.000,    19.510,  2898.534,     1.000,     4.403,    10.907,     0.000,   297.614,   327.005,   -15.626,   -24.672,     0.000,
 40579.920,    77.429,    23.515,     4.397,     0.372,  6039.173,   298.395,     0.000,    19.509,  2898.534,     1.000,     4.398,   277.067,   281.505,   296.325,   326.969,   -10.060,   -16.146,     0.000,
 40579.962,    75.235,    23.514,     4.397,     0.378,  5898.437,    49.152,     0.000,    19.508,  2898.534,     1.000,     4.398,    58.279,    46.370,   293.387,   326.975,   -19.262,   -26.236,     0.000,
 40580.004,    80.098,    23.510,     4.399,     0.379,  5919.526,     0.000,     0.000,    19.504,  2898.534,     1.000,     4.399,    -8.867,     0.000,   283.121,   326.972,   -14.400,   -20.583,     0.000,
 40580.045,    79.599,    23.506,     4.405,     0.341,  5900.945,   585.695,     0.000,    19.500,  2635.031,     1.000,     4.406,   560.743,   552.543,   288.210,   327.004,   -18.829,   -28.165,     0.000,
 40580.087,    76.911,    23.506,     4.422,     0.370,  5763.791,    79.284,     0.000,    19.500,  2635.031,     1.000,     4.423,   114.646,    74.796,   290.888,   327.101,   -30.403,   -45.659,     0.000,
 40580.129,    83.164,    23.502,     4.445,     0.359,  5737.965,     0.000,     0.000,    19.496,  2635.031,     1.000,     4.448,    48.609,     0.000,   308.137,   327.224,   -27.477,   -40.219,     0.000,
 40580.170,    79.008,    23.499,     4.471,     0.370,  5818.072,     0.000,     0.000,    19.493,  2635.031,     1.000,     4.474,    42.592,     0.000,   308.147,   327.343,   -25.140,   -36.647,     0.000,
 40580.212,    78.062,    23.498,     4.497,     0.361,  5744.458,    49.152,     0.000,    19.492,  2635.031,     1.000,     4.500,    97.478,    46.370,   306.616,   327.475,   -29.019,   -42.948,     0.000,
 40580.254,    80.371,    23.497,     4.518,     0.359,  5737.204,     0.000,     0.000,    19.491,  2635.031,     1.000,     4.520,     7.000,     0.000,   289.432,   327.545,   -17.467,   -27.646,     0.000,
 40580.295,    80.831,    23.497,     4.532,     0.338,  5736.430,   408.645,     0.000,    19.491,  2635.031,     1.000,     4.533,   383.850,   385.514,   288.885,   327.601,   -14.146,   -22.906,     0.000,
 40580.337,    77.653,    23.497,     4.538,     0.371,  5712.757,   123.314,     0.000,    19.491,  2635.031,     1.000,     4.538,    95.250,   116.334,   268.187,   327.629,   -15.211,   -23.149,     0.000,
 40580.379,    81.157,    23.494,     4.539,     0.355,  5624.724,     0.000,     0.000,    19.488,  2635.031,     1.000,     4.540,    25.824,     0.000,   312.704,   327.647,   -14.835,   -25.933,     0.000,
 40580.420,    83.208,    23.491,     4.542,     0.328,  5585.703,   595.938,     0.000,    19.485,  2635.031,     1.000,     4.542,   571.946,   562.206,   295.974,   327.656,   -13.597,   -27.825,     0.000,
 40580.462,    78.902,    23.492,     4.539,     0.347,  5407.913,   124.318,     0.000,    19.486,  2635.031,     1.000,     4.543,   186.853,   117.281,   272.168,   327.702,   -46.842,   -78.264,     0.000,
 40580.504,    84.522,    23.483,     4.536,     0.340,  5271.035,     0.000,     0.000,    19.477,  2635.031,     1.000,     4.545,   103.361,     0.000,   296.684,   327.751,   -49.650,   -84.778,     0.000,
 40580.545,    91.295,    23.484,     4.529,     0.342,  5265.191,   805.887,     0.000,    19.478,  2635.031,     1.000,     4.543,   879.566,   760.271,   284.983,   327.770,   -57.654,  -104.427,     0.000,
 40580.587,    91.781,    23.479,     4.528,     0.321,  5003.003,   129.589,     0.000,    19.473,  2635.031,     1.000,     4.543,   319.603,   122.254,   274.346,   327.823,   -87.695,  -163.131,     0.000,
 40580.628,    98.142,    23.465,     4.522,     0.300,  4640.754,     0.000,     0.000,    19.459,  2635.031,     1.000,     4.550,   273.612,     0.000,   273.297,   327.962,  -102.874,  -225.403,     0.000,
 40580.670,    91.894,    23.459,     4.533,     0.308,  5006.445,     0.000,     0.000,    19.453,  2635.031,     1.000,     4.558,   199.450,     0.000,   273.232,   328.007,   -58.849,  -195.376,     0.000,
 40580.712,    89.226,    23.470,     4.532,     0.379,  5880.507,   129.589,     0.000,    19.464,  2635.031,     1.000,     4.554,   234.801,   122.253,   270.729,   327.879,   -36.668,  -133.029,     0.000,
 40580.753,    88.174,    23.483,     4.529,     0.366,  5851.624,     0.000,     0.000,    19.477,  2635.031,     1.000,     4.536,    59.568,     0.000,   268.706,   327.688,   -28.069,   -90.481,     0.000,
 40580.795,    90.914,    23.489,     4.513,     0.331,  5743.742,    20.485,     0.000,    19.483,  2635.031,     1.000,     4.517,    61.240,    19.326,   295.573,   327.554,   -15.072,   -58.823,     0.000,
 40580.837,    96.589,    23.492,     4.499,     0.352,  5480.299,    49.152,     0.000,    19.486,  2635.031,     1.000,     4.506,    97.565,    46.370,   310.202,   327.537,   -14.313,   -54.216,     0.000,
 40580.878,    91.828,    23.495,     4.495,     0.335,  5275.960,     0.000,     0.000,    19.489,  2635.031,     1.000,     4.501,    14.001,     0.000,   285.002,   327.491,   -16.287,   -40.203,     0.000,
 40580.920,    92.691,    23.500,     4.496,     0.336,  5181.150,   680.868,     0.000,    19.494,  2635.031,     1.000,     4.497,   625.237,   642.328,   269.237,   327.434,    -7.862,   -33.243,     0.000,
 40580.962,    92.923,    23.498,     4.495,     0.300,  4850.238,    79.284,     0.000,    19.492,  2635.031,     1.000,     4.498,   126.825,    74.796,   288.941,   327.475,   -12.136,   -78.426,     0.000,
 40581.003,    99.005,    23.498,     4.499,     0.330,  5058.108,     0.000,     0.000,    19.492,  2635.031,     1.000,     4.503,    22.172,     0.000,   302.728,   327.490,    -8.591,   -38.342,     0.000,
 40581.045,    90.108,    23.507,     4.504,     0.338,  5253.131,     0.000,     0.000,    19.501,  2898.534,     1.000,     4.506,    -0.965,     0.000,   285.125,   327.487,    -4.357,   -37.041,     0.000,
 40581.087,    85.652,    23.510,     4.506,     0.324,  5136.814,   129.561,     0.000,    19.504,  2898.534,     1.000,     4.506,    90.163,   122.227,   257.018,   327.478,    -9.765,   -28.631,     0.000,
 40581.128,    87.393,    23.507,     4.511,     0.302,  4632.244,     0.000,     0.000,    19.501,  2898.534,     1.000,     4.512,    36.096,     0.000,   258.575,   327.523,   -14.284,   -90.761,     0.000,
 40581.170,    87.364,    23.472,     4.522,     0.147,  1894.387,     0.000,     0.000,    19.466,  2635.031,     1.000,     4.529,   117.985,     0.000,   256.458,   327.691,    39.754,  -228.973,     0.000,
 40581.212,    90.743,    23.411,     4.530,     0.172,  2307.702,   125.442,     0.000,    19.405,  2635.031,     1.000,     4.541,   154.730,   118.342,   252.191,   327.686,    -2.184,  -109.699,     0.000,
 40581.253,   125.209,    23.469,     4.553,     0.306,  6415.107,     0.000,     0.000,    19.463,  2635.031,     1.000,     4.554,   -34.131,     0.000,   255.680,   327.705,    14.399,   -52.293,     0.000,
 40581.295,    82.770,    23.504,     4.570,     0.432,  7040.140,   588.196,     0.000,    19.498,  2635.031,     1.000,     4.570,   506.941,   554.902,   269.727,   327.778,    27.768,   -37.857,     0.000,
 40581.337,    90.020,    23.509,     4.584,     0.377,  5977.274,   126.806,     0.000,    19.503,  2898.534,     1.000,     4.584,    41.862,   119.628,   243.709,   327.842,    20.386,   -26.753,     0.000,
 40581.378,    98.449,    23.506,     4.592,     0.327,  5196.827,     0.000,     0.000,    19.500,  2898.534,     1.000,     4.592,   -86.737,     0.000,   244.631,   327.882,    37.078,   -33.593,     0.000,
 40581.420,    96.823,    23.507,     4.601,     0.299,  5327.288,   887.802,     0.000,    19.501,  2898.534,     1.000,     4.601,   763.126,   837.549,   252.755,   327.923,    42.427,   -43.172,     0.000,
 40581.462,    97.001,    23.504,     4.614,     0.296,  4728.825,   114.863,     0.000,    19.498,  2635.031,     1.000,     4.614,    62.598,   108.361,   262.257,   327.982,    77.351,   -97.313,     0.000,
 40581.503,    87.145,    23.486,     4.623,     0.225,  3103.908,     0.000,     0.000,    19.480,  2635.031,     1.000,     4.623,   -53.539,     0.000,   255.636,   328.030,   104.252,  -123.107,     0.000,
 40581.545,   102.796,    23.487,     4.632,     0.325,  5163.039,   363.526,     0.000,    19.481,  2635.031,     1.000,     4.632,   302.341,   342.949,   276.268,   328.070,    32.565,   -43.760,     0.000,
 40581.587,    99.095,    23.514,     4.644,     0.379,  5927.330,   124.318,     0.000,    19.508,  2898.534,     1.000,     4.644,    68.611,   117.281,   257.757,   328.129,    28.315,   -50.016,     0.000,
 40581.628,    97.964,    23.514,     4.653,     0.313,  5100.780,     0.000,     0.000,    19.508,  2898.534,     1.000,     4.653,   -15.993,     0.000,   278.164,   328.168,    25.288,   -59.298,     0.000,
 40581.670,    95.941,    23.505,     4.656,     0.293,  4834.293,   331.757,     0.000,    19.499,  2635.031,     1.000,     4.656,   266.365,   312.979,   276.171,   328.186,    42.046,   -47.447,     0.000,
 40581.712,    96.881,    23.508,     4.655,     0.303,  4946.354,    49.152,     0.000,    19.502,  2898.534,     1.000,     4.655,    -4.048,    46.370,   286.471,   328.181,    32.744,   -24.036,     0.000,
 40581.754,   120.308,    23.510,     4.650,     0.333,  5091.246,     0.000,     0.000,    19.504,  2898.534,     1.000,     4.650,   -67.429,     0.000,   267.041,   328.159,    13.796,    -7.485,     0.000,
 40581.796,   116.709,    23.510,     4.643,     0.302,  4851.175,    63.864,     0.000,    19.504,  2898.534,     1.000,     4.643,   -15.129,    60.249,   264.104,   328.125,    19.360,    -8.004,     0.000,
 40581.837,   127.542,    23.505,     4.635,     0.314,  4729.968,     0.000,     0.000,    19.499,  2635.031,     1.000,     4.635,   -79.125,     0.000,   262.210,   328.087,    17.382,    -4.133,     0.000,
 40581.879,   100.878,    23.505,     4.626,     0.296,  4608.162,     0.000,     0.000,    19.499,  2635.031,     1.000,     4.626,   -87.246,     0.000,   260.368,   328.046,    23.518,    -3.950,     0.000,
 40581.920,   112.871,    23.499,     4.618,     0.298,  4517.117,     0.000,     0.000,    19.493,  2635.031,     1.000,     4.618,  -110.133,     0.000,   247.266,   328.004,    23.236,     6.160,     0.000,
 40581.962,   112.681,    23.498,     4.611,     0.309,  4681.885,    78.209,     0.000,    19.492,  2635.031,     1.000,     4.611,    -7.169,    73.782,   262.953,   327.971,    12.120,     3.813,     0.000,
 40582.004,   126.998,    23.496,     4.608,     0.308,  4787.651,     0.000,     0.000,    19.490,  2635.031,     1.000,     4.608,   -63.360,     0.000,   277.358,   327.959,     9.257,     3.502,     0.000,
 40582.046,   109.881,    23.494,     4.607,     0.284,  4691.621,   142.619,     0.000,    19.488,  2635.031,     1.000,     4.607,    50.787,   134.546,   259.491,   327.952,    11.328,     3.969,     0.000,
 40582.087,   104.010,    23.487,     4.602,     0.292,  4581.924,   129.589,     0.000,    19.481,  2635.031,     1.000,     4.602,    11.104,   122.253,   238.075,   327.929,    15.718,     5.579,     0.000,
 40582.129,   110.632,    23.482,     4.594,     0.295,  4515.097,     0.000,     0.000,    19.476,  2635.031,     1.000,     4.594,  -116.490,     0.000,   239.041,   327.894,    22.588,     5.050,     0.000,
 40582.170,   106.764,    23.478,     4.586,     0.271,  4599.980,     0.000,     0.000,    19.472,  2635.031,     1.000,     4.586,   -96.472,     0.000,   260.704,   327.853,    21.644,     7.679,     0.000,
 40582.212,   117.243,    23.476,     4.576,     0.311,  4795.332,    45.356,     0.000,    19.470,  2635.031,     1.000,     4.576,   -57.666,    42.789,   270.319,   327.808,    22.382,    20.584,     0.000,
 40582.253,   102.232,    23.472,     4.566,     0.307,  4897.638,     0.000,     0.000,    19.466,  2635.031,     1.000,     4.566,   -82.158,     0.000,   269.747,   327.761,    12.310,    11.834,     0.000,
 40582.295,   101.024,    23.471,     4.556,     0.314,  4833.209,     0.000,     0.000,    19.465,  2635.031,     1.000,     4.556,   -95.030,     0.000,   268.458,   327.715,    17.846,    17.926,     0.000,
 40582.337,   107.218,    23.467,     4.547,     0.319,  4788.503,    45.356,     0.000,    19.461,  2635.031,     1.000,     4.547,   -53.009,    42.789,   270.535,   327.669,    20.610,    18.054,     0.000,
 40582.379,   105.294,    23.465,     4.543,     0.301,  4806.498,     0.000,     0.000,    19.459,  2635.031,     1.000,     4.543,   -82.802,     0.000,   273.987,   327.649,    17.590,    11.550,     0.000,
 40582.420,   100.327,    23.460,     4.549,     0.312,  4881.116,   250.929,     0.000,    19.454,  2635.031,     1.000,     4.549,   151.760,   236.726,   261.063,   327.679,    14.850,     3.500,     0.000,
 40582.462,   101.894,    23.459,     4.563,     0.314,  4901.612,   123.314,     0.000,    19.453,  2635.031,     1.000,     4.563,    46.866,   116.334,   252.004,   327.743,    10.482,   -16.753,     0.000,
 40582.503,    91.781,    23.455,     4.584,     0.323,  4990.223,     0.000,     0.000,    19.449,  2635.031,     1.000,     4.585,   -21.713,     0.000,   297.227,   327.845,    10.794,   -19.699,     0.000,
 40582.545,    95.229,    23.455,     4.611,     0.330,  5005.885,   255.541,     0.000,    19.449,  2635.031,     1.000,     4.612,   220.532,   241.076,   302.529,   327.974,    20.318,   -25.219,     0.000,
 40582.587,    88.124,    23.456,     4.635,     0.324,  5009.174,   109.277,     0.000,    19.450,  2635.031,     1.000,     4.635,    43.562,   103.092,   269.325,   328.085,    18.783,   -18.014,     0.000,
 40582.628,    86.035,    23.449,     4.657,     0.323,  5009.867,     0.000,     0.000,    19.443,  2635.031,     1.000,     4.657,    -8.749,     0.000,   313.273,   328.187,    25.378,   -31.543,     0.000,
 40582.670,    88.351,    23.446,     4.677,     0.305,  5107.513,   343.002,     0.000,    19.440,  2635.031,     1.000,     4.677,   286.221,   323.587,   298.364,   328.281,    36.367,   -28.919,     0.000,
 40582.712,    94.063,    23.448,     4.687,     0.315,  5116.690,   126.806,     0.000,    19.442,  2635.031,     1.000,     4.687,    33.605,   119.628,   254.037,   328.330,    31.442,   -19.711,     0.000,
 40582.754,    83.974,    23.444,     4.689,     0.327,  5034.150,     0.000,     0.000,    19.438,  2635.031,     1.000,     4.689,   -94.151,     0.000,   246.159,   328.342,    19.481,    -7.512,     0.000,
 40582.795,    88.856,    23.444,     4.689,     0.330,  5076.134,     0.000,     0.000,    19.438,  2635.031,     1.000,     4.689,   -65.525,     0.000,   278.605,   328.340,    18.256,    -2.466,     0.000,
 40582.837,    85.488,    23.442,     4.685,     0.305,  5115.514,   129.195,     0.000,    19.436,  2635.031,     1.000,     4.685,     7.767,   121.882,   238.254,   328.323,    20.348,     3.697,     0.000,
 40582.879,    79.346,    23.439,     4.677,     0.328,  5160.296,     0.000,     0.000,    19.433,  2635.031,     1.000,     4.677,  -117.108,     0.000,   251.563,   328.283,    22.701,    17.687,     0.000,
 40582.920,    87.359,    23.436,     4.666,     0.343,  5189.739,   142.617,     0.000,    19.430,  2635.031,     1.000,     4.666,    34.321,   134.544,   264.668,   328.233,    19.496,    17.162,     0.000,
 40582.962,    78.926,    23.439,     4.653,     0.336,  5296.321,    79.284,     0.000,    19.433,  2635.031,     1.000,     4.653,   -46.949,    74.796,   250.364,   328.170,    24.386,    19.553,     0.000,
 40583.004,    83.675,    23.436,     4.637,     0.333,  5285.618,     0.000,     0.000,    19.430,  2635.031,     1.000,     4.637,  -114.395,     0.000,   258.066,   328.095,    22.428,    21.937,     0.000,
 40583.046,    77.093,    23.437,     4.612,     0.353,  5320.670,     4.118,     0.000,    19.431,  2635.031,     1.000,     4.612,  -145.089,     3.885,   226.848,   327.978,    22.455,    25.390,     0.000,
 40583.087,    78.118,    23.438,     4.574,     0.356,  5347.723,   129.589,     0.000,    19.432,  2635.031,     1.000,     4.574,   -33.565,   122.253,   220.204,   327.803,    22.924,    25.295,     0.000,
 40583.129,    81.983,    23.438,     4.527,     0.330,  5371.906,     0.000,     0.000,    19.432,  2635.031,     1.000,     4.527,  -157.468,     0.000,   219.442,   327.582,    23.151,    26.176,     0.000,
 40583.171,    77.756,    23.441,     4.480,     0.366,  5413.943,   778.885,     0.000,    19.435,  2635.031,     1.000,     4.480,   578.590,   734.797,   221.043,   327.360,    23.514,    26.375,     0.000,
 40583.212,    79.979,    23.442,     4.445,     0.360,  5492.051,    90.454,     0.000,    19.436,  2635.031,     1.000,     4.445,   -58.970,    85.334,   235.004,   327.192,    23.949,    28.167,     0.000,
 40583.254,    75.556,    23.443,     4.423,     0.348,  5447.998,     0.000,     0.000,    19.437,  2635.031,     1.000,     4.423,  -167.670,     0.000,   215.802,   327.089,    25.302,    31.081,     0.000,
 40583.296,    76.594,    23.442,     4.404,     0.356,  5539.328,   362.163,     0.000,    19.436,  2635.031,     1.000,     4.404,   154.909,   341.664,   215.614,   326.999,    33.942,    41.427,     0.000,
 40583.337,    77.865,    23.445,     4.391,     0.379,  5524.674,   129.589,     0.000,    19.439,  2635.031,     1.000,     4.391,   -45.004,   122.253,   215.920,   326.937,    25.522,    30.719,     0.000,
 40583.379,    78.151,    23.444,     4.392,     0.363,  5591.144,     0.000,     0.000,    19.438,  2635.031,     1.000,     4.392,  -139.646,     0.000,   225.598,   326.937,    21.059,    17.248,     0.000,
 40583.421,    76.079,    23.450,     4.401,     0.364,  5629.602,   152.664,     0.000,    19.444,  2635.031,     1.000,     4.401,    24.746,   144.023,   233.859,   326.979,    18.900,     7.257,     0.000,
 40583.462,    76.244,    23.450,     4.414,     0.370,  5643.712,    86.429,     0.000,    19.444,  2635.031,     1.000,     4.414,     1.723,    81.537,   263.588,   327.039,    18.577,    -2.214,     0.000,
 40583.504,    81.145,    23.452,     4.428,     0.376,  5728.231,     0.000,     0.000,    19.446,  2635.031,     1.000,     4.428,   -85.818,     0.000,   250.624,   327.108,    18.225,    -8.891,     0.000,
 40583.546,    77.710,    23.455,     4.445,     0.377,  5704.720,   678.725,     0.000,    19.449,  2635.031,     1.000,     4.445,   559.741,   640.306,   251.009,   327.185,    17.058,   -12.669,     0.000,
 40583.587,    77.744,    23.460,     4.465,     0.372,  5731.564,   129.589,     0.000,    19.454,  2635.031,     1.000,     4.465,    59.509,   122.253,   261.779,   327.283,    18.342,   -21.102,     0.000,
 40583.629,    80.401,    23.459,     4.490,     0.390,  5833.354,     0.000,     0.000,    19.453,  2635.031,     1.000,     4.490,   -68.592,     0.000,   260.505,   327.399,    21.703,   -20.004,     0.000,
 40583.671,    76.926,    23.464,     4.514,     0.359,  5777.237,   349.350,     0.000,    19.458,  2635.031,     1.000,     4.514,   264.132,   329.576,   261.385,   327.510,    19.908,   -20.588,     0.000,
 40583.712,    85.840,    23.463,     4.527,     0.342,  5846.284,   129.589,     0.000,    19.457,  2635.031,     1.000,     4.527,    38.744,   122.253,   250.367,   327.575,    18.096,   -11.795,     0.000,
 40583.753,    95.366,    23.466,     4.521,     0.242,  5307.743,     0.000,     0.000,    19.460,  2635.031,     1.000,     4.521,  -103.527,     0.000,   240.879,   327.547,    16.927,    -0.068,     0.000,
 40583.795,    92.032,    23.469,     4.507,     0.251,  5613.353,   861.167,     0.000,    19.463,  2635.031,     1.000,     4.507,   691.913,   812.422,   235.356,   327.481,    21.040,     7.344,     0.000,
 40583.837,    92.035,    23.473,     4.483,     0.260,  5824.523,   129.589,     0.000,    19.467,  2635.031,     1.000,     4.483,    -8.434,   122.254,   229.041,   327.370,    19.053,    13.306,     0.000,
 40583.878,    92.206,    23.475,     4.449,     0.264,  5896.947,     0.000,     0.000,    19.469,  2635.031,     1.000,     4.449,  -132.777,     0.000,   227.959,   327.211,    19.024,    14.501,     0.000,
 40583.920,    92.940,    23.482,     4.413,     0.267,  5967.275,   529.444,     0.000,    19.476,  2635.031,     1.000,     4.413,   355.366,   499.476,   223.271,   327.042,    19.936,    20.402,     0.000,
 40583.962,    91.899,    23.485,     4.387,     0.270,  6038.633,   129.589,     0.000,    19.479,  2635.031,     1.000,     4.387,   -21.054,   122.254,   223.694,   326.916,    20.365,    19.722,     0.000,
 40584.003,    95.220,    23.488,     4.370,     0.270,  6100.776,     0.000,     0.000,    19.482,  2635.031,     1.000,     4.370,  -150.015,     0.000,   221.230,   326.838,    21.401,    23.005,     0.000,
 40584.045,    98.728,    23.494,     4.357,     0.273,  6124.521,     0.000,     0.000,    19.488,  2635.031,     1.000,     4.357,  -171.892,     0.000,   219.181,   326.775,    29.740,    34.558,     0.000,
 40584.087,    97.781,    23.502,     4.366,     0.271,  6111.491,   123.314,     0.000,    19.496,  2635.031,     1.000,     4.366,   -39.445,   116.334,   221.035,   326.814,    22.841,    27.159,     0.000,
 40584.128,    94.349,    23.504,     4.392,     0.276,  6207.244,     0.000,     0.000,    19.498,  2635.031,     1.000,     4.393,  -124.370,     0.000,   255.937,   326.941,    24.653,    28.712,     0.000,
 40584.170,    60.546,    23.516,     4.430,     0.422,  6876.137,     0.000,     0.000,    19.510,  2898.534,     1.000,     4.430,  -127.062,     0.000,   253.319,   327.117,    24.123,    29.142,     0.000,
 40584.212,    61.713,    23.522,     4.467,     0.413,  6610.470,    90.454,     0.000,    19.516,  2898.534,     1.000,     4.467,   -56.368,    85.334,   235.792,   327.291,    22.984,    27.220,     0.000,
 40584.254,    64.993,    23.529,     4.497,     0.396,  6355.601,     0.000,     0.000,    19.523,  2898.534,     1.000,     4.496,  -167.923,     0.000,   217.236,   327.430,    25.654,    32.075,     0.000,
 40584.295,    61.221,    23.533,     4.519,     0.391,  6259.629,   286.264,     0.000,    19.527,  2898.534,     1.000,     4.518,    94.550,   270.060,   217.251,   327.534,    29.182,    36.045,     0.000,
 40584.337,    61.117,    23.532,     4.535,     0.388,  6215.793,   129.589,     0.000,    19.526,  2898.534,     1.000,     4.535,   -38.835,   122.253,   217.998,   327.611,    23.210,    28.266,     0.000,
 40584.379,    64.140,    23.535,     4.546,     0.390,  6239.874,     0.000,     0.000,    19.529,  2898.534,     1.000,     4.546,  -148.131,     0.000,   221.928,   327.663,    19.613,    22.783,     0.000,
 40584.420,    63.395,    23.533,     4.551,     0.386,  6182.638,   924.426,     0.000,    19.527,  2898.534,     1.000,     4.551,   740.194,   872.100,   227.008,   327.689,    15.090,    16.135,     0.000,
 40584.462,    61.428,    23.534,     4.553,     0.392,  6293.363,   129.589,     0.000,    19.528,  2898.534,     1.000,     4.553,    14.788,   122.254,   237.249,   327.697,    12.999,     4.018,     0.000,
 40584.504,    63.114,    23.537,     4.553,     0.394,  6252.452,     0.000,     0.000,    19.531,  2898.534,     1.000,     4.553,   -85.097,     0.000,   245.060,   327.700,     9.816,    -7.358,     0.000,
 40584.545,    62.986,    23.535,     4.555,     0.391,  6251.349,     0.000,     0.000,    19.529,  2898.534,     1.000,     4.555,   -70.930,     0.000,   253.315,   327.706,    10.581,   -14.042,     0.000,
 40584.587,    62.669,    23.537,     4.560,     0.393,  6290.967,   129.589,     0.000,    19.531,  2898.534,     1.000,     4.560,    80.474,   122.254,   268.617,   327.730,     8.621,   -25.954,     0.000,
 40584.629,    66.201,    23.534,     4.569,     0.378,  6283.966,     0.000,     0.000,    19.528,  2898.534,     1.000,     4.569,   -40.932,     0.000,   273.972,   327.772,    17.091,   -29.959,     0.000,
 40584.670,    70.657,    23.530,     4.580,     0.391,  6303.682,   910.882,     0.000,    19.524,  2898.534,     1.000,     4.579,   817.152,   859.323,   275.081,   327.822,    20.170,   -30.741,     0.000,
 40584.712,    61.628,    23.535,     4.591,     0.391,  6250.014,   129.589,     0.000,    19.529,  2898.534,     1.000,     4.591,    67.849,   122.254,   268.360,   327.877,    20.532,   -25.644,     0.000,
 40584.754,    64.464,    23.529,     4.603,     0.386,  6203.410,     0.000,     0.000,    19.523,  2898.534,     1.000,     4.603,   -66.176,     0.000,   260.119,   327.932,    19.066,   -20.704,     0.000,
 40584.795,    66.024,    23.523,     4.613,     0.393,  6317.342,   798.244,     0.000,    19.517,  2898.534,     1.000,     4.613,   660.553,   753.061,   242.487,   327.983,    11.987,    -4.976,     0.000,
 40584.837,    62.683,    23.521,     4.624,     0.384,  6330.582,   129.589,     0.000,    19.515,  2898.534,     1.000,     4.623,    16.371,   122.254,   238.780,   328.030,    13.995,     2.638,     0.000,
 40584.879,    65.975,    23.516,     4.634,     0.396,  6344.390,     0.000,     0.000,    19.510,  2898.534,     1.000,     4.634,  -118.674,     0.000,   233.439,   328.078,    15.341,     8.695,     0.000,
 40584.920,    67.931,    23.514,     4.644,     0.395,  6342.354,   708.129,     0.000,    19.508,  2898.534,     1.000,     4.644,   545.592,   668.046,   231.851,   328.128,    15.568,    10.609,     0.000,
 40584.962,    63.050,    23.505,     4.655,     0.398,  6392.510,   129.589,     0.000,    19.499,  2635.031,     1.000,     4.655,   -26.413,   122.254,   225.681,   328.181,    23.665,    22.502,     0.000,
 40585.004,    65.971,    23.502,     4.670,     0.394,  6337.724,     0.000,     0.000,    19.496,  2635.031,     1.000,     4.670,  -141.955,     0.000,   225.876,   328.249,    20.091,    19.491,     0.000,
 40585.045,    67.818,    23.498,     4.688,     0.393,  6327.437,   176.522,     0.000,    19.492,  2635.031,     1.000,     4.688,    25.855,   166.530,   225.299,   328.333,    18.725,    18.917,     0.000,
 40585.087,    63.368,    23.492,     4.707,     0.391,  6369.011,   129.589,     0.000,    19.486,  2635.031,     1.000,     4.707,   -19.186,   122.253,   226.271,   328.425,    20.223,    19.063,     0.000,
 40585.129,    64.446,    23.492,     4.728,     0.396,  6361.628,     0.000,     0.000,    19.486,  2635.031,     1.000,     4.728,  -142.136,     0.000,   225.008,   328.523,    19.156,    19.466,     0.000,
 40585.170,    68.529,    23.485,     4.746,     0.393,  6337.018,    57.370,     0.000,    19.479,  2635.031,     1.000,     4.746,   -88.770,    54.123,   224.815,   328.609,    19.302,    19.797,     0.000,
 40585.212,    62.096,    23.484,     4.761,     0.400,  6375.414,   129.589,     0.000,    19.478,  2635.031,     1.000,     4.761,   -21.788,   122.253,   224.571,   328.680,    19.752,    20.181,     0.000,
 40585.254,    64.759,    23.479,     4.771,     0.396,  6351.969,     0.000,     0.000,    19.473,  2635.031,     1.000,     4.771,  -144.261,     0.000,   224.394,   328.728,    19.471,    20.457,     0.000,
 40585.295,    64.283,    23.477,     4.772,     0.392,  6375.973,     0.000,     0.000,    19.471,  2635.031,     1.000,     4.772,  -143.386,     0.000,   224.763,   328.735,    19.434,    19.980,     0.000,
 40585.337,    62.685,    23.476,     4.761,     0.398,  6349.664,   129.589,     0.000,    19.470,  2635.031,     1.000,     4.761,   -23.816,   122.253,   223.806,   328.681,    20.005,    21.190,     0.000,
 40585.379,    65.636,    23.475,     4.743,     0.375,  6294.806,     0.000,     0.000,    19.469,  2635.031,     1.000,     4.743,  -128.645,     0.000,   229.803,   328.598,    16.352,    13.498,     0.000,
 40585.420,    67.851,    23.472,     4.724,     0.396,  6348.102,   891.375,     0.000,    19.466,  2635.031,     1.000,     4.724,   734.731,   840.920,   238.646,   328.506,    13.109,     3.220,     0.000,
 40585.462,    62.571,    23.473,     4.699,     0.385,  6303.029,   129.589,     0.000,    19.467,  2635.031,     1.000,     4.699,    50.223,   122.253,   253.926,   328.391,    11.478,   -13.913,     0.000,
 40585.504,    63.422,    23.475,     4.667,     0.395,  6347.092,     0.000,     0.000,    19.469,  2635.031,     1.000,     4.667,   -55.127,     0.000,   262.096,   328.241,    11.049,   -22.068,     0.000,
 40585.545,    67.581,    23.476,     4.633,     0.389,  6309.903,   433.834,     0.000,    19.470,  2635.031,     1.000,     4.633,   376.464,   409.278,   273.212,   328.081,     7.048,   -29.104,     0.000,
 40585.587,    63.888,    23.479,     4.605,     0.395,  6348.347,     0.000,     0.000,    19.473,  2635.031,     1.000,     4.605,   -26.210,     0.000,   276.907,   327.945,     6.050,   -30.878,     0.000,
 40585.629,    63.113,    23.481,     4.588,     0.396,  6349.359,     0.000,     0.000,    19.475,  2635.031,     1.000,     4.588,   -26.185,     0.000,   276.407,   327.866,     6.415,   -31.689,     0.000,
 40585.670,    67.898,    23.483,     4.585,     0.391,  6294.276,   909.854,     0.000,    19.477,  2635.031,     1.000,     4.585,   843.222,   858.353,   285.473,   327.850,    11.131,   -38.377,     0.000,
 40585.712,    62.483,    23.486,     4.584,     0.398,  6335.865,     0.000,     0.000,    19.480,  2635.031,     1.000,     4.584,   -17.367,     0.000,   279.144,   327.845,    15.496,   -46.830,     0.000,
 40585.754,    64.692,    23.489,     4.586,     0.389,  6328.743,     0.000,     0.000,    19.483,  2635.031,     1.000,     4.586,   -39.468,     0.000,   271.191,   327.853,    10.610,   -27.804,     0.000,
 40585.795,    63.679,    23.495,     4.596,     0.389,  6225.189,     0.000,     0.000,    19.489,  2635.031,     1.000,     4.596,   -61.341,     0.000,   257.634,   327.899,    10.040,   -18.964,     0.000,
 40585.837,    61.907,    23.501,     4.610,     0.395,  6350.511,     0.000,     0.000,    19.495,  2635.031,     1.000,     4.610,   -84.373,     0.000,   246.379,   327.967,    14.136,   -11.351,     0.000,
 40585.879,    64.703,    23.506,     4.625,     0.395,  6316.420,     0.000,     0.000,    19.500,  2898.534,     1.000,     4.625,  -102.169,     0.000,   239.396,   328.038,    17.299,    -3.772,     0.000,
 40585.920,    64.006,    23.511,     4.640,     0.386,  6205.829,   205.106,     0.000,    19.505,  2898.534,     1.000,     4.640,    78.977,   193.496,   236.074,   328.107,    15.360,     7.126,     0.000,
 40585.962,    61.447,    23.519,     4.657,     0.390,  6269.598,    29.818,     0.000,    19.513,  2898.534,     1.000,     4.657,   -89.815,    28.130,   234.672,   328.188,    15.594,     8.835,     0.000,
 40586.004,    62.820,    23.529,     4.679,     0.390,  6220.602,     0.000,     0.000,    19.523,  2898.534,     1.000,     4.679,  -123.414,     0.000,   231.389,   328.290,    15.208,    11.304,     0.000,
 40586.045,    60.063,    23.535,     4.704,     0.385,  6178.361,   675.956,     0.000,    19.529,  2898.534,     1.000,     4.704,   515.196,   637.695,   231.995,   328.411,    15.388,    10.694,     0.000,
 40586.087,    62.418,    23.542,     4.733,     0.385,  6153.277,     0.000,     0.000,    19.536,  2898.534,     1.000,     4.733,  -130.722,     0.000,   229.296,   328.548,    17.401,    14.070,     0.000,
 40586.129,    63.900,    23.552,     4.762,     0.393,  6263.354,     0.000,     0.000,    19.546,  2898.534,     1.000,     4.762,  -129.165,     0.000,   230.021,   328.685,    17.190,    13.311,     0.000,
 40586.170,    63.521,    23.554,     4.791,     0.390,  6257.953,     0.000,     0.000,    19.548,  2898.534,     1.000,     4.791,  -134.375,     0.000,   228.178,   328.822,    18.028,    15.703,     0.000,
 40586.212,    61.729,    23.561,     4.817,     0.393,  6306.816,     0.000,     0.000,    19.555,  2898.534,     1.000,     4.817,  -139.668,     0.000,   226.418,   328.945,    19.107,    18.034,     0.000,
 40586.254,    61.207,    23.568,     4.837,     0.392,  6295.083,     0.000,     0.000,    19.562,  2898.534,     1.000,     4.837,  -139.210,     0.000,   226.748,   329.042,    19.213,    17.703,     0.000,
 40586.295,    61.120,    23.574,     4.849,     0.397,  6342.521,     0.000,     0.000,    19.568,  2898.534,     1.000,     4.849,  -143.792,     0.000,   225.073,   329.096,    19.862,    19.906,     0.000,
 40586.337,    62.711,    23.579,     4.848,     0.394,  6310.105,     0.000,     0.000,    19.573,  2898.534,     1.000,     4.848,  -136.086,     0.000,   227.587,   329.094,    17.889,    16.691,     0.000,
 40586.379,    64.108,    23.584,     4.836,     0.390,  6287.264,     0.000,     0.000,    19.578,  2898.534,     1.000,     4.836,  -106.725,     0.000,   238.904,   329.035,    13.171,     3.422,     0.000,
 40586.420,    63.770,    23.585,     4.822,     0.392,  6334.105,     0.000,     0.000,    19.579,  2898.534,     1.000,     4.822,   -90.420,     0.000,   244.495,   328.971,    11.675,    -5.731,     0.000,
 40586.462,    61.879,    23.590,     4.806,     0.393,  6314.560,   770.108,     0.000,    19.584,  2898.534,     1.000,     4.806,   660.351,   726.517,   255.978,   328.894,     8.326,   -15.075,     0.000,
 40586.504,    62.522,    23.593,     4.783,     0.371,  6345.248,     0.000,     0.000,    19.587,  2898.534,     1.000,     4.783,   -52.119,     0.000,   263.057,   328.789,     7.103,   -20.716,     0.000,
 40586.545,    63.922,    23.597,     4.757,     0.390,  6289.273,     0.000,     0.000,    19.591,  2898.534,     1.000,     4.757,   -16.835,     0.000,   284.623,   328.665,     9.931,   -37.137,     0.000,
 40586.587,    63.377,    23.593,     4.733,     0.387,  6155.285,   267.383,     0.000,    19.587,  2898.534,     1.000,     4.737,   323.063,   252.249,   284.392,   328.631,    35.043,  -150.097,     0.000,
 40586.629,    64.842,    23.583,     4.724,     0.359,  5774.422,     0.000,     0.000,    19.577,  2898.534,     1.000,     4.738,   112.499,     0.000,   279.667,   328.698,    33.871,  -195.401,     0.000,
 40586.670,    61.671,    23.577,     4.734,     0.363,  5756.149,   779.447,     0.000,    19.571,  2898.534,     1.000,     4.752,   861.298,   735.327,   280.109,   328.794,    35.762,  -210.418,     0.000,
 40586.712,    62.204,    23.578,     4.752,     0.393,  6343.104,   140.600,     0.000,    19.572,  2898.534,     1.000,     4.771,   239.418,   132.641,   281.676,   328.878,    45.697,  -199.676,     0.000,
 40586.754,    63.578,    23.583,     4.775,     0.406,  6504.387,     0.000,     0.000,    19.577,  2898.534,     1.000,     4.793,   140.703,     0.000,   323.116,   328.974,    31.281,  -177.842,     0.000,
 40586.795,    66.840,    23.586,     4.808,     0.391,  6266.225,    99.751,     0.000,    19.580,  2898.534,     1.000,     4.822,   203.887,    94.104,   312.058,   329.086,     9.231,  -136.042,     0.000,
 40586.837,    62.609,    23.580,     4.841,     0.399,  6413.978,   101.937,     0.000,    19.574,  2898.534,     1.000,     4.855,   182.266,    96.167,   299.476,   329.228,   -24.577,   -91.274,     0.000,
 40586.879,    63.351,    23.576,     4.882,     0.417,  6730.658,     0.000,     0.000,    19.570,  2898.534,     1.000,     4.890,    51.996,     0.000,   296.661,   329.343,   -17.340,   -67.338,     0.000,
 40586.920,    62.950,    23.585,     4.923,     0.425,  6864.263,     0.000,     0.000,    19.579,  2898.534,     1.000,     4.926,    21.389,     0.000,   293.814,   329.473,   -14.002,   -43.045,     0.000,
 40586.962,    63.276,    23.593,     4.962,     0.423,  6848.119,     0.000,     0.000,    19.587,  2898.534,     1.000,     4.962,   -15.550,     0.000,   276.150,   329.634,    -8.506,   -29.429,     0.000,
 40587.004,    64.280,    23.581,     5.001,     0.395,  6320.474,     0.000,     0.000,    19.575,  2898.534,     1.000,     5.002,    -0.708,     0.000,   290.031,   329.820,     3.289,   -42.371,     0.000,
 40587.045,    62.292,    23.585,     5.042,     0.403,  6524.818,   334.600,     0.000,    19.579,  2898.534,     1.000,     5.043,   290.123,   315.660,   290.114,   330.014,     2.014,   -16.377,     0.000,
 40587.087,    64.611,    23.591,     5.086,     0.420,  6717.394,   197.884,     0.000,    19.585,  2898.534,     1.000,     5.086,   138.828,   186.683,   274.272,   330.221,     8.586,   -16.681,     0.000,
 40587.129,    65.232,    23.590,     5.128,     0.403,  6572.198,     0.000,     0.000,    19.584,  2898.534,     1.000,     5.128,   -33.339,     0.000,   292.149,   330.421,     6.603,   -11.536,     0.000,
 40587.170,    68.317,    23.585,     5.167,     0.396,  6333.554,    80.485,     0.000,    19.579,  2898.534,     1.000,     5.168,    47.614,    75.929,   292.118,   330.608,    18.797,   -28.972,     0.000,
 40587.212,    65.662,    23.581,     5.201,     0.404,  6489.563,     0.000,     0.000,    19.575,  2898.534,     1.000,     5.201,   -38.576,     0.000,   291.154,   330.765,     8.361,    -9.396,     0.000,
 40587.254,    66.009,    23.583,     5.224,     0.396,  6558.826,     0.000,     0.000,    19.577,  2898.534,     1.000,     5.224,   -42.710,     0.000,   289.536,   330.877,     8.460,    -7.091,     0.000,
 40587.295,    64.670,    23.580,     5.235,     0.402,  6450.450,    15.839,     0.000,    19.574,  2898.534,     1.000,     5.235,   -32.857,    14.943,   285.766,   330.929,     9.285,    -6.648,     0.000,
 40587.337,    71.714,    23.579,     5.227,     0.399,  6447.845,     0.000,     0.000,    19.573,  2898.534,     1.000,     5.227,   -90.967,     0.000,   248.297,   330.894,     6.537,     1.833,     0.000,
 40587.379,    68.105,    23.576,     5.215,     0.397,  6445.807,     0.000,     0.000,    19.570,  2898.534,     1.000,     5.215,   -82.909,     0.000,   245.688,   330.833,     4.327,    -6.563,     0.000,
 40587.420,    66.334,    23.574,     5.195,     0.394,  6365.848,   588.467,     0.000,    19.568,  2898.534,     1.000,     5.195,   481.103,   555.158,   249.635,   330.741,     1.261,    -8.312,     0.000,
 40587.463,    69.761,    23.571,     5.164,     0.385,  6264.649,     0.000,     0.000,    19.565,  2898.534,     1.000,     5.164,   -63.102,     0.000,   256.815,   330.597,     3.504,   -14.184,     0.000,
 40587.504,    69.084,    23.570,     5.128,     0.390,  6315.341,     0.000,     0.000,    19.564,  2898.534,     1.000,     5.128,   -49.432,     0.000,   264.008,   330.426,     2.982,   -19.968,     0.000,
 40587.545,    68.399,    23.565,     5.094,     0.360,  6321.455,   644.307,     0.000,    19.559,  2898.534,     1.000,     5.094,   566.426,   607.837,   266.666,   330.261,     1.757,   -23.942,     0.000,
 40587.588,    70.576,    23.563,     5.066,     0.393,  6313.505,    14.197,     0.000,    19.557,  2898.534,     1.000,     5.067,     1.608,    13.394,   299.640,   330.134,     7.394,   -26.103,     0.000,
 40587.629,    70.438,    23.562,     5.052,     0.392,  6258.965,     0.000,     0.000,    19.556,  2898.534,     1.000,     5.053,     0.842,     0.000,   313.136,   330.081,     7.736,   -25.523,     0.000,
 40587.670,    71.293,    23.558,     5.048,     0.386,  6222.934,   780.267,     0.000,    19.552,  2898.534,     1.000,     5.048,   703.159,   736.101,   278.602,   330.041,     5.790,   -24.288,     0.000,
 40587.713,    73.580,    23.553,     5.046,     0.385,  6238.282,     0.000,     0.000,    19.547,  2898.534,     1.000,     5.046,   -21.263,     0.000,   290.738,   330.029,     2.009,   -20.037,     0.000,
 40587.754,    75.391,    23.550,     5.046,     0.390,  6247.049,     0.000,     0.000,    19.544,  2898.534,     1.000,     5.046,   -13.453,     0.000,   297.619,   330.031,    -6.168,   -12.791,     0.000,
 40587.795,    71.405,    23.549,     5.053,     0.381,  6248.615,   135.315,     0.000,    19.543,  2898.534,     1.000,     5.053,   111.180,   127.656,   291.883,   330.064,    -9.189,   -12.516,     0.000,
 40587.838,    74.338,    23.545,     5.063,     0.360,  6163.935,   496.271,     0.000,    19.539,  2898.534,     1.000,     5.063,   416.341,   468.180,   266.127,   330.112,    -5.070,    -7.075,     0.000,
 40587.879,    78.853,    23.541,     5.072,     0.383,  6153.434,     0.000,     0.000,    19.535,  2898.534,     1.000,     5.072,   -79.595,     0.000,   243.667,   330.154,    -2.608,    -4.284,     0.000,
 40587.920,    72.591,    23.540,     5.082,     0.381,  6191.801,   420.137,     0.000,    19.534,  2898.534,     1.000,     5.081,   307.417,   396.356,   240.269,   330.199,     0.116,    -1.107,     0.000,
 40587.963,    74.722,    23.534,     5.093,     0.389,  6264.574,   177.069,     0.000,    19.528,  2898.534,     1.000,     5.093,    74.385,   167.046,   241.913,   330.252,     2.922,     1.400,     0.000,
 40588.004,    78.166,    23.536,     5.106,     0.380,  6095.278,     0.000,     0.000,    19.530,  2898.534,     1.000,     5.106,   -95.635,     0.000,   240.891,   330.317,     3.759,     2.450,     0.000,
 40588.046,    79.871,    23.530,     5.123,     0.369,  6127.838,     0.000,     0.000,    19.524,  2898.534,     1.000,     5.123,   -98.310,     0.000,   240.335,   330.395,     5.135,     3.115,     0.000,
 40588.088,    76.461,    23.528,     5.143,     0.372,  6099.520,   247.668,     0.000,    19.522,  2898.534,     1.000,     5.143,   130.884,   233.649,   238.706,   330.490,     6.001,     4.980,     0.000,
 40588.129,    77.961,    23.518,     5.165,     0.379,  6115.113,     0.000,     0.000,    19.512,  2898.534,     1.000,     5.165,  -107.111,     0.000,   238.195,   330.594,     7.913,     6.799,     0.000,
 40588.171,    77.570,    23.516,     5.188,     0.381,  6099.826,     0.000,     0.000,    19.510,  2898.534,     1.000,     5.188,  -105.843,     0.000,   237.872,   330.701,     6.943,     6.071,     0.000,
 40588.213,    75.852,    23.512,     5.209,     0.380,  6026.540,   296.460,     0.000,    19.506,  2898.534,     1.000,     5.209,   167.516,   279.679,   236.194,   330.805,     8.967,     8.586,     0.000,
 40588.254,    76.902,    23.507,     5.230,     0.367,  5994.675,     0.000,     0.000,    19.501,  2898.534,     1.000,     5.230,   -69.746,     0.000,   276.806,   330.902,     7.968,     7.682,     0.000,
 40588.296,    74.559,    23.505,     5.248,     0.365,  5905.984,     0.000,     0.000,    19.499,  2635.031,     1.000,     5.248,   -63.555,     0.000,   279.136,   330.991,     6.141,     5.560,     0.000,
 40588.338,    73.982,    23.503,     5.260,     0.367,  5981.056,    63.143,     0.000,    19.497,  2635.031,     1.000,     5.260,    -0.454,    59.569,   280.523,   331.046,     5.178,     4.323,     0.000,
 40588.379,    74.739,    23.501,     5.259,     0.365,  5906.562,     0.000,     0.000,    19.495,  2635.031,     1.000,     5.259,   -57.862,     0.000,   280.285,   331.046,     4.049,     3.052,     0.000,
 40588.421,    78.545,    23.499,     5.252,     0.367,  5850.078,   524.113,     0.000,    19.493,  2635.031,     1.000,     5.252,   424.462,   494.446,   262.600,   331.012,     1.447,     0.125,     0.000,
 40588.463,    74.347,    23.497,     5.242,     0.362,  5848.658,   375.586,     0.000,    19.491,  2635.031,     1.000,     5.242,   299.433,   354.327,   269.623,   330.965,    -1.223,    -5.224,     0.000,
 40588.504,    74.729,    23.495,     5.226,     0.320,  5750.848,     0.000,     0.000,    19.489,  2635.031,     1.000,     5.226,   -48.945,     0.000,   274.046,   330.887,    -0.283,    -7.613,     0.000,
 40588.546,    72.966,    23.494,     5.202,     0.359,  5726.291,   317.825,     0.000,    19.488,  2635.031,     1.000,     5.202,   284.597,   299.835,   299.375,   330.779,    -2.248,   -13.917,     0.000,
 40588.588,    74.122,    23.493,     5.172,     0.361,  5726.289,     0.000,     0.000,    19.487,  2635.031,     1.000,     5.173,   -15.249,     0.000,   283.277,   330.644,   -12.253,   -19.865,     0.000,
 40588.629,    73.930,    23.490,     5.141,     0.345,  5594.999,     0.000,     0.000,    19.484,  2635.031,     1.000,     5.144,    16.734,     0.000,   302.838,   330.532,   -15.798,   -28.630,     0.000,
 40588.671,    78.343,    23.488,     5.118,     0.353,  5641.819,   262.185,     0.000,    19.482,  2635.031,     1.000,     5.123,   279.518,   247.344,   305.722,   330.446,   -23.651,   -33.247,     0.000,
 40588.713,    74.502,    23.488,     5.104,     0.354,  5642.850,     0.000,     0.000,    19.482,  2635.031,     1.000,     5.106,   -15.968,     0.000,   278.793,   330.330,    -8.932,   -26.638,     0.000,
 40588.754,    73.718,    23.492,     5.094,     0.353,  5700.451,     0.000,     0.000,    19.486,  2635.031,     1.000,     5.094,   -37.766,     0.000,   260.165,   330.259,    -0.513,   -31.815,     0.000,
 40588.795,    73.867,    23.482,     5.088,     0.321,  5093.519,   564.786,     0.000,    19.476,  2635.031,     1.000,     5.088,   478.065,   532.817,   267.471,   330.231,    19.115,   -27.122,     0.000,
 40588.838,    73.465,    23.467,     5.082,     0.294,  4545.862,     0.000,     0.000,    19.461,  2635.031,     1.000,     5.082,   -50.101,     0.000,   283.629,   330.203,    18.094,   -14.567,     0.000,
 40588.879,    73.794,    23.480,     5.075,     0.372,  5931.203,     0.000,     0.000,    19.474,  2635.031,     1.000,     5.075,   -67.242,     0.000,   279.132,   330.170,    15.445,     0.759,     0.000,
 40588.920,    72.165,    23.489,     5.069,     0.368,  5919.012,   310.328,     0.000,    19.483,  2635.031,     1.000,     5.069,   229.500,   292.762,   282.824,   330.140,    12.863,     3.084,     0.000,
 40588.963,    73.318,    23.493,     5.064,     0.356,  5659.865,   237.527,     0.000,    19.487,  2635.031,     1.000,     5.064,   154.954,   224.082,   281.417,   330.118,    14.628,     5.798,     0.000,
 40589.004,    73.565,    23.494,     5.065,     0.346,  5476.502,     0.000,     0.000,    19.488,  2635.031,     1.000,     5.065,   -68.849,     0.000,   282.906,   330.123,    19.055,     2.577,     0.000,
 40589.045,    72.593,    23.502,     5.073,     0.342,  5416.016,    85.213,     0.000,    19.496,  2635.031,     1.000,     5.073,    15.722,    80.390,   282.555,   330.158,    20.505,    -3.440,     0.000,
 40589.088,    71.202,    23.503,     5.088,     0.345,  5511.804,     0.000,     0.000,    19.497,  2635.031,     1.000,     5.088,   -64.114,     0.000,   279.479,   330.227,     8.820,     4.545,     0.000,
 40589.129,    70.179,    23.506,     5.107,     0.337,  5377.561,     0.000,     0.000,    19.500,  2898.534,     1.000,     5.107,   -67.607,     0.000,   277.676,   330.320,     8.638,     6.324,     0.000,
 40589.170,    69.795,    23.507,     5.131,     0.341,  5431.463,     0.000,     0.000,    19.501,  2898.534,     1.000,     5.130,   -72.531,     0.000,   275.698,   330.431,     9.477,     8.321,     0.000,
 40589.213,    68.355,    23.511,     5.158,     0.342,  5432.442,    88.684,     0.000,    19.505,  2898.534,     1.000,     5.158,    11.881,    83.664,   276.343,   330.562,     9.191,     8.373,     0.000,
 40589.254,    70.157,    23.517,     5.188,     0.340,  5418.690,     0.000,     0.000,    19.511,  2898.534,     1.000,     5.188,   -70.727,     0.000,   276.386,   330.702,     8.508,     7.903,     0.000,
 40589.295,    67.741,    23.522,     5.218,     0.342,  5440.687,    32.083,     0.000,    19.516,  2898.534,     1.000,     5.218,   -39.973,    30.267,   276.881,   330.845,     8.712,     7.564,     0.000,
 40589.337,    69.154,    23.525,     5.248,     0.351,  5567.197,    66.270,     0.000,    19.519,  2898.534,     1.000,     5.247,   -19.460,    62.519,   275.847,   330.986,    14.691,    12.148,     0.000,
 40589.379,    77.458,    23.531,     5.276,     0.386,  5615.789,     0.000,     0.000,    19.525,  2898.534,     1.000,     5.275,   -85.739,     0.000,   276.994,   331.115,    18.092,    13.526,     0.000,
 40589.421,    87.073,    23.529,     5.304,     0.363,  5521.828,   204.021,     0.000,    19.523,  2898.534,     1.000,     5.304,   116.791,   192.472,   275.622,   331.256,    11.102,     8.945,     0.000,
 40589.463,    84.748,    23.534,     5.329,     0.366,  5570.561,   775.570,     0.000,    19.528,  2898.534,     1.000,     5.329,   615.456,   731.670,   247.645,   331.373,    17.613,    14.872,     0.000,
 40589.504,    78.554,    23.534,     5.348,     0.355,  5536.802,     0.000,     0.000,    19.528,  2898.534,     1.000,     5.348,  -102.074,     0.000,   277.328,   331.464,    27.780,    20.158,     0.000,
 40589.546,    77.422,    23.541,     5.362,     0.348,  5474.287,   323.636,     0.000,    19.535,  2898.534,     1.000,     5.362,   221.995,   305.317,   278.570,   331.531,    18.178,    12.183,     0.000,
 40589.588,    81.861,    23.544,     5.365,     0.363,  5608.078,    93.379,     0.000,    19.538,  2898.534,     1.000,     5.365,    -2.689,    88.094,   280.525,   331.547,    26.098,    13.662,     0.000,
 40589.629,    84.898,    23.548,     5.356,     0.334,  5644.406,     0.000,     0.000,    19.542,  2898.534,     1.000,     5.356,   -78.184,     0.000,   277.443,   331.506,    16.136,     7.985,     0.000,
 40589.671,    79.359,    23.559,     5.342,     0.375,  5709.739,     0.000,     0.000,    19.553,  2898.534,     1.000,     5.342,  -108.254,     0.000,   243.581,   331.442,    14.856,     5.538,     0.000,
 40589.713,    81.267,    23.564,     5.325,     0.371,  5805.550,     5.601,     0.000,    19.558,  2898.534,     1.000,     5.325,   -74.566,     5.284,   265.022,   331.357,     8.274,     5.241,     0.000,
 40589.754,    78.292,    23.572,     5.304,     0.379,  5764.625,     0.000,     0.000,    19.566,  2898.534,     1.000,     5.304,   -72.400,     0.000,   279.926,   331.258,    11.907,     9.162,     0.000,
 40589.796,    82.130,    23.578,     5.279,     0.388,  5775.324,   284.012,     0.000,    19.572,  2898.534,     1.000,     5.279,   190.222,   267.936,   277.661,   331.141,    13.091,    11.143,     0.000,
 40589.838,    79.404,    23.585,     5.254,     0.383,  5792.038,   117.386,     0.000,    19.579,  2898.534,     1.000,     5.254,     7.736,   110.741,   258.517,   331.023,    15.631,    14.869,     0.000,
 40589.879,    77.064,    23.593,     5.233,     0.386,  5890.652,     0.000,     0.000,    19.587,  2898.534,     1.000,     5.233,  -103.156,     0.000,   256.420,   330.923,    14.856,    13.797,     0.000,
 40589.921,    77.261,    23.602,     5.219,     0.386,  5942.382,   493.875,     0.000,    19.596,  2898.534,     1.000,     5.219,   367.563,   465.920,   255.544,   330.856,    11.586,    11.460,     0.000,
 40589.963,    76.251,    23.607,     5.206,     0.391,  5879.995,   598.845,     0.000,    19.601,  2898.534,     1.000,     5.206,   454.017,   564.948,   248.227,   330.793,    14.055,    14.311,     0.000,
 40590.005,    78.752,    23.614,     5.190,     0.375,  5863.248,     0.000,     0.000,    19.608,  2898.534,     1.000,     5.190,  -133.053,     0.000,   229.751,   330.718,    16.593,    15.494,     0.000,
 40590.046,    75.037,    23.626,     5.175,     0.384,  5929.763,    62.579,     0.000,    19.620,  2898.534,     1.000,     5.175,   -84.790,    59.037,   225.847,   330.645,    18.705,    20.324,     0.000,
 40590.088,    75.428,    23.629,     5.162,     0.389,  5958.184,     0.000,     0.000,    19.623,  2898.534,     1.000,     5.162,  -150.887,     0.000,   225.343,   330.582,    21.570,    24.078,     0.000,
 40590.129,    78.107,    23.638,     5.155,     0.397,  6007.005,     0.000,     0.000,    19.632,  2898.534,     1.000,     5.155,  -150.077,     0.000,   223.715,   330.550,    20.147,    23.094,     0.000,
 40590.171,    76.847,    23.645,     5.152,     0.389,  6008.688,   633.965,     0.000,    19.639,  2898.534,     1.000,     5.152,   418.681,   598.080,   221.387,   330.537,    32.490,    37.760,     0.000,
 40590.213,    75.949,    23.646,     5.153,     0.398,  6130.831,     0.000,     0.000,    19.640,  2898.534,     1.000,     5.153,  -154.541,     0.000,   222.417,   330.541,    21.668,    24.748,     0.000,
 40590.254,    80.193,    23.657,     5.158,     0.400,  6203.097,     0.000,     0.000,    19.651,  2898.534,     1.000,     5.158,  -154.653,     0.000,   222.392,   330.563,    21.616,    24.866,     0.000,
 40590.296,    76.572,    23.660,     5.164,     0.396,  6248.587,   645.247,     0.000,    19.654,  2898.534,     1.000,     5.164,   458.207,   608.723,   228.514,   330.590,    22.506,    25.934,     0.000,
 40590.338,    79.263,    23.661,     5.169,     0.406,  6260.322,   300.824,     0.000,    19.655,  2898.534,     1.000,     5.169,   132.179,   283.796,   224.417,   330.617,    21.254,    24.163,     0.000,
 40590.379,    81.428,    23.666,     5.174,     0.411,  6227.786,     0.000,     0.000,    19.660,  2898.534,     1.000,     5.174,  -142.666,     0.000,   228.170,   330.638,    19.364,    20.834,     0.000,
 40590.421,    82.502,    23.664,     5.178,     0.398,  6380.161,   128.820,     0.000,    19.658,  2898.534,     1.000,     5.178,    24.724,   121.528,   266.035,   330.658,    17.485,    14.697,     0.000,
 40590.463,    78.441,    23.667,     5.177,     0.402,  6358.015,    94.522,     0.000,    19.661,  2898.534,     1.000,     5.177,   -35.715,    89.171,   234.724,   330.652,    18.602,    10.357,     0.000,
 40590.504,    76.540,    23.667,     5.168,     0.417,  6489.889,     0.000,     0.000,    19.661,  2898.534,     1.000,     5.168,  -102.771,     0.000,   245.061,   330.612,    11.818,     5.403,     0.000,
 40590.546,    75.028,    23.666,     5.154,     0.389,  6372.149,   890.190,     0.000,    19.660,  2898.534,     1.000,     5.154,   713.747,   839.802,   240.331,   330.546,    26.751,     9.088,     0.000,
 40590.588,    75.265,    23.656,     5.139,     0.413,  6395.392,   427.125,     0.000,    19.650,  2898.534,     1.000,     5.139,   301.110,   402.948,   262.183,   330.474,    48.807,   -15.260,     0.000,
 40590.629,    78.253,    23.653,     5.122,     0.392,  6406.725,     0.000,     0.000,    19.647,  2898.534,     1.000,     5.122,  -141.372,     0.000,   238.639,   330.394,    34.500,    15.117,     0.000,
 40590.671,    85.051,    23.651,     5.103,     0.393,  6499.732,   885.555,     0.000,    19.645,  2898.534,     1.000,     5.103,   686.222,   835.429,   244.191,   330.305,    60.810,     2.283,     0.000,
 40590.713,    75.745,    23.644,     5.084,     0.413,  6539.532,   599.259,     0.000,    19.638,  2898.534,     1.000,     5.084,   401.645,   565.338,   238.041,   330.213,    53.056,    18.466,     0.000,
 40590.755,    96.794,    23.647,     5.067,     0.281,  6375.040,     0.000,     0.000,    19.641,  2898.534,     1.000,     5.067,  -140.907,     0.000,   237.887,   330.133,    33.129,    15.532,     0.000,
 40590.796,    97.264,    23.648,     5.057,     0.289,  6515.357,     0.000,     0.000,    19.642,  2898.534,     1.000,     5.057,  -118.950,     0.000,   240.102,   330.083,    18.209,    10.760,     0.000,
 40590.838,    71.207,    23.637,     5.048,     0.443,  7439.321,     0.000,     0.000,    19.631,  2898.534,     1.000,     5.048,  -140.270,     0.000,   230.802,   330.040,    23.581,    17.452,     0.000,
 40590.879,    69.258,    23.636,     5.035,     0.434,  7202.833,     0.000,     0.000,    19.630,  2898.534,     1.000,     5.035,  -165.118,     0.000,   226.432,   329.981,    30.903,    30.667,     0.000,
 40590.921,    71.626,    23.627,     5.020,     0.443,  7159.848,     0.000,     0.000,    19.621,  2898.534,     1.000,     5.020,  -148.073,     0.000,   233.129,   329.908,    25.726,    25.568,     0.000,
 40590.963,    72.133,    23.618,     5.003,     0.442,  7131.899,   667.269,     0.000,    19.612,  2898.534,     1.000,     5.003,   469.863,   629.499,   225.571,   329.829,    26.936,    28.443,     0.000,
 40591.004,    69.149,    23.610,     4.986,     0.442,  7106.479,     0.000,     0.000,    19.604,  2898.534,     1.000,     4.986,  -150.671,     0.000,   224.397,   329.749,    21.708,    23.610,     0.000,
 40591.045,    71.473,    23.604,     4.971,     0.441,  7114.075,     0.000,     0.000,    19.598,  2898.534,     1.000,     4.971,  -157.516,     0.000,   224.824,   329.679,    24.994,    27.667,     0.000,
