JDAY,DLT(s),ELWS(m),T2(C),U(ms-1),Q(m3s-1),SRON(Wm-2),EXT(m-1),DEPTH(m),WIDTH(m),SHADE,Tvolavg(C),NetRad(Wm-2),SWSolar(Wm-2),LWRad(Wm-2),BackRad(Wm-2),EvapF(Wm-2),ConducF(Wm-2),ReaerationCoeff(day-1),
 40544.000,    45.996,    23.811,     4.500,     0.000,     0.000,     0.000,     0.000,    18.805,  1865.885,     1.000,     4.500,  -196.407,     0.000,   209.626,   327.448,    37.377,    41.208,     0.000,
 40544.042,   126.043,    23.805,     4.475,     0.043,   597.281,     0.000,     0.000,    18.799,  1865.885,     1.000,     4.475,  -197.295,     0.000,   209.122,   327.334,    37.125,    41.958,     0.000,
 40544.083,   113.285,    23.831,     4.449,     0.414,  5335.344,     0.000,     0.000,    18.825,  1865.885,     1.000,     4.449,  -199.361,     0.000,   208.060,   327.209,    36.542,    43.670,     0.000,
 40544.125,   113.467,    23.841,     4.420,     0.429,  5608.876,     0.000,     0.000,    18.835,  1865.885,     1.000,     4.420,  -209.376,     0.000,   206.919,   327.073,    39.684,    49.538,     0.000,
 40544.168,   114.152,    23.834,     4.393,     0.384,  5229.262,   900.499,     0.000,    18.828,  1865.885,     1.000,     4.393,   648.459,   849.528,   207.235,   326.950,    36.470,    44.883,     0.000,
 40544.210,   111.941,    23.831,     4.368,     0.391,  5089.237,     0.000,     0.000,    18.825,  1865.885,     1.000,     4.368,  -206.591,     0.000,   207.863,   326.831,    40.261,    47.362,     0.000,
 40544.251,   121.540,    23.832,     4.342,     0.380,  4970.783,     0.000,     0.000,    18.826,  1865.885,     1.000,     4.342,  -203.722,     0.000,   206.276,   326.709,    36.921,    46.367,     0.000,
 40544.293,   110.771,    23.832,     4.316,     0.370,  4943.079,   695.125,     0.000,    18.826,  1865.885,     1.000,     4.316,   452.243,   655.778,   206.416,   326.587,    37.360,    46.004,     0.000,
 40544.335,   116.842,    23.831,     4.290,     0.361,  5042.698,     0.000,     0.000,    18.825,  1865.885,     1.000,     4.290,  -210.313,     0.000,   206.276,   326.463,    40.087,    50.040,     0.000,
 40544.376,   106.729,    23.835,     4.264,     0.372,  4983.113,     0.000,     0.000,    18.829,  1865.885,     1.000,     4.264,  -202.777,     0.000,   206.277,   326.340,    36.687,    46.027,     0.000,
 40544.418,   118.955,    23.831,     4.239,     0.404,  5015.098,     0.000,     0.000,    18.825,  1865.885,     1.000,     4.239,  -193.712,     0.000,   210.317,   326.224,    36.665,    41.140,     0.000,
 40544.458,   115.731,    23.832,     4.216,     0.383,  5016.107,     0.000,     0.000,    18.826,  1865.885,     1.000,     4.216,  -187.527,     0.000,   211.240,   326.114,    35.351,    37.302,     0.000,
 40544.501,   115.570,    23.831,     4.191,     0.387,  5014.524,     0.000,     0.000,    18.825,  1865.885,     1.000,     4.191,  -212.346,     0.000,   211.772,   325.996,    48.750,    49.372,     0.000,
 40544.542,   121.503,    23.831,     4.166,     0.374,  5084.982,     0.000,     0.000,    18.825,  1865.885,     1.000,     4.166,  -196.778,     0.000,   214.375,   325.878,    45.006,    40.268,     0.000,
 40544.585,   120.168,    23.829,     4.140,     0.373,  5133.653,     0.000,     0.000,    18.823,  1865.885,     1.000,     4.140,  -193.095,     0.000,   251.570,   325.759,    64.360,    54.547,     0.000,
 40544.626,   110.663,    23.833,     4.117,     0.393,  5149.658,     0.000,     0.000,    18.827,  1865.885,     1.000,     4.117,  -196.007,     0.000,   236.328,   325.648,    57.783,    48.904,     0.000,
 40544.668,   120.401,    23.829,     4.094,     0.427,  5151.226,     0.000,     0.000,    18.823,  1865.885,     1.000,     4.094,  -189.970,     0.000,   251.790,   325.542,    62.561,    53.657,     0.000,
 40544.708,   126.016,    23.830,     4.076,     0.430,  5070.577,     0.000,     0.000,    18.824,  1865.885,     1.000,     4.076,  -159.833,     0.000,   252.367,   325.454,    46.395,    40.351,     0.000,
 40544.751,   118.358,    23.832,     4.058,     0.429,  5096.176,     0.000,     0.000,    18.826,  1865.885,     1.000,     4.058,  -152.576,     0.000,   252.602,   325.370,    43.207,    36.600,     0.000,
 40544.793,   115.288,    23.831,     4.039,     0.406,  5150.831,   102.437,     0.000,    18.825,  1865.885,     1.000,     4.039,   -78.330,    96.639,   252.797,   325.283,    55.460,    47.023,     0.000,
 40544.834,   118.303,    23.829,     4.021,     0.380,  5163.854,     0.000,     0.000,    18.823,  1865.885,     1.000,     4.021,  -148.725,     0.000,   253.074,   325.198,    40.956,    35.645,     0.000,
 40544.876,   127.152,    23.829,     4.003,     0.409,  5167.974,     0.000,     0.000,    18.823,  1865.885,     1.000,     4.003,  -158.914,     0.000,   252.367,   325.113,    46.242,    39.926,     0.000,
 40544.917,   118.743,    23.831,     3.986,     0.369,  5205.562,     0.000,     0.000,    18.825,  1865.885,     1.000,     3.986,  -160.025,     0.000,   251.927,   325.031,    46.325,    40.597,     0.000,
 40544.960,   116.585,    23.829,     3.929,     0.395,  5186.166,     0.000,     0.000,    18.823,  1865.885,     1.000,     3.966,  -180.433,     0.000,   251.014,   324.791,    56.159,    50.497,     0.000,
 40545.001,   119.484,    23.827,     3.912,     0.410,  5307.725,     0.000,     0.000,    18.821,  1865.885,     1.000,     3.947,  -178.597,     0.000,   251.226,   324.716,    55.209,    49.898,     0.000,
 40545.042,   120.653,    23.830,     3.865,     0.375,  5203.849,     0.000,     0.000,    18.824,  1865.885,     1.000,     3.928,  -175.983,     0.000,   221.426,   324.471,    37.311,    35.626,     0.000,
 40545.085,   119.106,    23.829,     3.864,     0.383,  5194.631,     0.000,     0.000,    18.823,  1865.885,     1.000,     3.906,  -188.445,     0.000,   211.390,   324.493,    36.448,    38.893,     0.000,
 40545.126,   121.365,    23.826,     3.811,     0.378,  5237.784,     0.000,     0.000,    18.820,  1865.885,     1.000,     3.885,  -196.552,     0.000,   211.932,   324.221,    41.268,    42.995,     0.000,
 40545.168,   125.386,    23.826,     3.813,     0.382,  5157.186,    93.484,     0.000,    18.820,  1865.885,     1.000,     3.864,   -76.203,    88.192,   245.209,   324.225,    41.649,    43.731,     0.000,
 40545.208,   126.853,    23.823,     3.790,     0.375,  5146.035,     0.000,     0.000,    18.817,  1865.885,     1.000,     3.849,  -149.502,     0.000,   248.164,   324.105,    36.479,    37.081,     0.000,
 40545.251,   126.243,    23.823,     3.786,     0.405,  5136.039,     0.000,     0.000,    18.817,  1865.885,     1.000,     3.831,  -213.782,     0.000,   212.649,   324.111,    49.542,    52.778,     0.000,
 40545.293,   124.908,    23.821,     3.778,     0.375,  5122.074,     3.850,     0.000,    18.815,  1865.885,     1.000,     3.813,  -213.321,     3.632,   210.863,   324.108,    50.073,    53.636,     0.000,
 40545.333,   126.576,    23.819,     3.786,     0.415,  5068.897,     0.000,     0.000,    18.813,  1865.885,     1.000,     3.809,  -203.324,     0.000,   210.141,   324.124,    42.783,    46.558,     0.000,
 40545.376,   127.799,    23.820,     3.805,     0.389,  5044.867,     0.000,     0.000,    18.814,  1865.885,     1.000,     3.835,  -216.533,     0.000,   216.345,   324.213,    51.371,    57.294,     0.000,
 40545.417,   126.948,    23.821,     3.844,     0.389,  5084.169,     0.000,     0.000,    18.815,  1865.885,     1.000,     3.906,  -222.736,     0.000,   243.376,   324.362,    67.366,    74.384,     0.000,
 40545.458,   127.452,    23.818,     3.958,     0.383,  5052.382,     0.000,     0.000,    18.812,  1865.885,     1.000,     4.008,  -231.174,     0.000,   210.846,   324.868,    56.898,    60.255,     0.000,
 40545.501,   127.798,    23.815,     4.119,     0.368,  5031.596,     0.000,     0.000,    18.809,  1865.885,     1.000,     4.119,  -232.728,     0.000,   215.630,   325.638,    64.514,    58.206,     0.000,
 40545.542,   124.668,    23.815,     4.217,     0.377,  4983.234,     0.000,     0.000,    18.809,  1865.885,     1.000,     4.217,  -215.631,     0.000,   224.374,   326.100,    64.372,    49.533,     0.000,
 40545.584,   118.282,    23.814,     4.295,     0.375,  4940.288,     0.000,     0.000,    18.808,  1865.885,     1.000,     4.295,  -238.118,     0.000,   217.060,   326.472,    71.547,    57.159,     0.000,
 40545.627,   130.899,    23.812,     4.343,     0.370,  4981.906,     0.000,     0.000,    18.806,  1865.885,     1.000,     4.343,  -223.982,     0.000,   217.826,   326.704,    65.047,    50.058,     0.000,
 40545.667,   138.488,    23.813,     4.356,     0.387,  4958.647,     0.000,     0.000,    18.807,  1865.885,     1.000,     4.356,  -283.550,     0.000,   216.526,   326.769,    95.359,    77.948,     0.000,
 40545.709,   121.502,    23.813,     4.347,     0.394,  4841.124,     0.000,     0.000,    18.807,  1865.885,     1.000,     4.347,  -235.966,     0.000,   214.311,   326.727,    63.926,    59.624,     0.000,
 40545.751,   129.719,    23.815,     4.330,     0.336,  4727.162,     0.000,     0.000,    18.809,  1865.885,     1.000,     4.330,  -210.372,     0.000,   212.632,   326.651,    48.040,    48.313,     0.000,
 40545.793,   124.021,    23.811,     4.315,     0.350,  4745.628,     0.000,     0.000,    18.805,  1865.885,     1.000,     4.315,  -209.878,     0.000,   212.658,   326.576,    47.796,    48.164,     0.000,
 40545.834,   132.471,    23.810,     4.303,     0.346,  4710.842,     0.000,     0.000,    18.804,  1865.885,     1.000,     4.303,  -186.897,     0.000,   211.745,   326.520,    35.269,    36.853,     0.000,
 40545.876,   130.779,    23.809,     4.294,     0.364,  4705.009,     0.000,     0.000,    18.803,  1865.885,     1.000,     4.294,  -186.864,     0.000,   211.744,   326.476,    35.318,    36.814,     0.000,
 40545.918,   128.292,    23.808,     4.287,     0.357,  4749.409,     0.000,     0.000,    18.802,  1865.885,     1.000,     4.287,  -168.541,     0.000,   230.304,   326.445,    35.324,    37.076,     0.000,
 40545.959,   127.348,    23.809,     4.283,     0.350,  4750.791,     0.000,     0.000,    18.803,  1865.885,     1.000,     4.283,  -152.295,     0.000,   247.120,   326.425,    35.360,    37.631,     0.000,
 40546.001,   123.850,    23.805,     4.278,     0.361,  4685.028,     0.000,     0.000,    18.799,  1865.885,     1.000,     4.278,  -148.724,     0.000,   248.811,   326.405,    35.852,    35.278,     0.000,
 40546.043,   152.910,    23.810,     4.272,     0.377,  4680.190,   265.283,     0.000,    18.804,  1865.885,     1.000,     4.272,    95.218,   250.267,   248.598,   326.376,    38.791,    38.482,     0.000,
 40546.084,   135.480,    23.806,     4.259,     0.405,  4715.586,     0.000,     0.000,    18.800,  1865.885,     1.000,     4.259,  -202.189,     0.000,   213.561,   326.317,    44.401,    45.031,     0.000,
 40546.126,   131.602,    23.804,     4.239,     0.350,  4749.440,     0.000,     0.000,    18.798,  1865.885,     1.000,     4.239,  -221.686,     0.000,   211.213,   326.222,    51.011,    55.665,     0.000,
 40546.167,   133.845,    23.805,     4.218,     0.373,  4668.502,     0.000,     0.000,    18.799,  1865.885,     1.000,     4.218,  -196.975,     0.000,   210.517,   326.124,    38.910,    42.458,     0.000,
 40546.210,   123.097,    23.803,     4.196,     0.339,  4689.389,     0.000,     0.000,    18.797,  1865.885,     1.000,     4.196,  -215.466,     0.000,   204.423,   326.022,    40.123,    53.744,     0.000,
 40546.251,   135.455,    23.801,     4.175,     0.349,  4722.466,     0.000,     0.000,    18.795,  1865.885,     1.000,     4.175,  -234.847,     0.000,   202.645,   325.921,    46.101,    65.469,     0.000,
 40546.293,   146.629,    23.802,     4.156,     0.343,  4697.660,   792.464,     0.000,    18.796,  1865.885,     1.000,     4.156,   509.776,   747.608,   201.923,   325.833,    46.790,    67.131,     0.000,
 40546.335,   125.233,    23.797,     4.145,     0.345,  4746.627,     0.000,     0.000,    18.791,  1865.885,     1.000,     4.145,  -218.877,     0.000,   222.223,   325.777,    48.188,    67.134,     0.000,
 40546.376,   126.909,    23.798,     4.146,     0.368,  4719.136,     0.000,     0.000,    18.792,  1865.885,     1.000,     4.146,  -193.950,     0.000,   209.002,   325.781,    33.992,    43.178,     0.000,
 40546.418,   126.528,    23.796,     4.158,     0.344,  4693.927,     0.000,     0.000,    18.790,  1865.885,     1.000,     4.158,  -188.231,     0.000,   210.397,   325.833,    34.356,    38.439,     0.000,
 40546.460,   120.411,    23.793,     4.178,     0.332,  4765.530,     0.000,     0.000,    18.787,  1865.885,     1.000,     4.178,  -181.963,     0.000,   212.951,   325.930,    34.607,    34.377,     0.000,
 40546.501,   121.994,    23.791,     4.205,     0.355,  4793.061,     0.000,     0.000,    18.785,  1865.885,     1.000,     4.205,  -176.689,     0.000,   215.328,   326.053,    35.162,    30.802,     0.000,
 40546.543,   120.783,    23.792,     4.234,     0.368,  4719.093,    21.224,     0.000,    18.786,  1865.885,     1.000,     4.234,  -148.142,    20.023,   218.575,   326.189,    34.423,    26.127,     0.000,
 40546.585,   109.642,    23.786,     4.263,     0.369,  4781.919,     0.000,     0.000,    18.780,  1865.885,     1.000,     4.263,  -166.313,     0.000,   219.707,   326.325,    35.055,    24.639,     0.000,
 40546.626,   114.826,    23.784,     4.289,     0.360,  4805.782,     0.000,     0.000,    18.778,  1865.885,     1.000,     4.289,  -167.806,     0.000,   219.056,   326.448,    34.737,    25.676,     0.000,
 40546.668,   119.384,    23.781,     4.309,     0.372,  4810.204,     0.000,     0.000,    18.775,  1865.885,     1.000,     4.309,  -174.505,     0.000,   216.338,   326.545,    34.564,    29.733,     0.000,
 40546.709,   106.911,    23.780,     4.322,     0.367,  4793.678,     0.000,     0.000,    18.774,  1865.885,     1.000,     4.322,  -180.981,     0.000,   216.814,   326.609,    37.377,    33.809,     0.000,
 40546.751,   117.307,    23.780,     4.328,     0.352,  4777.281,     0.000,     0.000,    18.774,  1865.885,     1.000,     4.328,  -180.675,     0.000,   213.949,   326.637,    34.526,    33.460,     0.000,
 40546.793,   120.536,    23.774,     4.326,     0.361,  4842.863,     0.000,     0.000,    18.768,  1865.885,     1.000,     4.326,  -202.602,     0.000,   211.802,   326.627,    42.237,    45.540,     0.000,
 40546.835,   109.337,    23.772,     4.313,     0.367,  4906.285,     0.000,     0.000,    18.766,  1865.885,     1.000,     4.313,  -233.748,     0.000,   210.479,   326.567,    54.752,    62.908,     0.000,
 40546.876,   121.450,    23.768,     4.295,     0.348,  4821.671,     0.000,     0.000,    18.762,  1865.885,     1.000,     4.295,  -195.756,     0.000,   210.479,   326.483,    37.365,    42.387,     0.000,
 40546.917,   108.752,    23.766,     4.275,     0.336,  4813.111,   735.914,     0.000,    18.760,  1865.885,     1.000,     4.275,   497.814,   694.259,   210.330,   326.392,    37.816,    42.566,     0.000,
 40546.960,   110.294,    23.762,     4.253,     0.330,  4883.594,     0.000,     0.000,    18.756,  1865.885,     1.000,     4.253,  -204.126,     0.000,   205.259,   326.289,    35.263,    47.833,     0.000,
 40547.001,   103.419,    23.761,     4.231,     0.432,  4823.328,     0.000,     0.000,    18.755,  1865.885,     1.000,     4.231,  -207.897,     0.000,   203.863,   326.183,    35.239,    50.338,     0.000,
 40547.042,   107.379,    23.758,     4.211,     0.377,  4904.139,     0.000,     0.000,    18.752,  1865.885,     1.000,     4.211,  -209.694,     0.000,   203.281,   326.087,    35.528,    51.359,     0.000,
 40547.085,   119.657,    23.756,     4.194,     0.388,  4916.536,     0.000,     0.000,    18.750,  1865.885,     1.000,     4.194,  -187.803,     0.000,   236.564,   326.011,    39.958,    58.399,     0.000,
 40547.126,   108.184,    23.751,     4.185,     0.372,  4932.933,     0.000,     0.000,    18.745,  1865.885,     1.000,     4.185,  -202.723,     0.000,   236.215,   325.965,    45.626,    67.347,     0.000,
 40547.168,   107.899,    23.746,     4.181,     0.355,  4981.105,   136.020,     0.000,    18.740,  1865.885,     1.000,     4.181,   -45.514,   128.321,   238.122,   325.947,    35.225,    50.785,     0.000,
 40547.209,   104.766,    23.743,     4.183,     0.374,  4934.292,     0.000,     0.000,    18.737,  1865.885,     1.000,     4.183,  -171.173,     0.000,   238.973,   325.953,    34.796,    49.397,     0.000,
 40547.251,   116.576,    23.741,     4.187,     0.386,  4980.968,     0.000,     0.000,    18.735,  1865.885,     1.000,     4.187,  -166.287,     0.000,   240.784,   325.973,    34.542,    46.556,     0.000,
 40547.293,   109.560,    23.737,     4.194,     0.382,  5027.648,     0.000,     0.000,    18.731,  1865.885,     1.000,     4.194,  -165.859,     0.000,   241.138,   326.004,    34.957,    46.036,     0.000,
 40547.335,   114.247,    23.737,     4.202,     0.354,  4999.131,     0.000,     0.000,    18.731,  1865.885,     1.000,     4.202,  -168.683,     0.000,   240.220,   326.044,    35.358,    47.502,     0.000,
 40547.376,   113.176,    23.729,     4.212,     0.364,  5030.266,     0.000,     0.000,    18.723,  1865.885,     1.000,     4.212,  -167.437,     0.000,   240.758,   326.091,    35.398,    46.705,     0.000,
 40547.418,   105.379,    23.724,     4.225,     0.359,  5068.309,   323.820,     0.000,    18.718,  1865.885,     1.000,     4.225,   149.870,   305.491,   244.940,   326.150,    33.929,    40.482,     0.000,
 40547.460,   107.618,    23.719,     4.241,     0.373,  5139.858,     0.000,     0.000,    18.713,  1865.885,     1.000,     4.241,  -147.559,     0.000,   247.004,   326.225,    33.107,    35.232,     0.000,
 40547.501,    85.563,    23.716,     4.255,     0.231,  5438.876,     0.000,     0.000,    18.710,  1865.885,     1.000,     4.255,  -174.694,     0.000,   216.022,   326.294,    32.231,    32.192,     0.000,
 40547.543,    92.530,    23.709,     4.270,     0.263,  5525.742,   257.472,     0.000,    18.703,  1865.885,     1.000,     4.270,    69.606,   242.898,   215.863,   326.363,    32.513,    30.279,     0.000,
 40547.584,    87.665,    23.703,     4.283,     0.232,  5363.469,     0.000,     0.000,    18.697,  1865.885,     1.000,     4.283,  -165.666,     0.000,   218.698,   326.425,    31.773,    26.166,     0.000,
 40547.626,    95.929,    23.696,     4.295,     0.228,  5283.619,     0.000,     0.000,    18.690,  1865.885,     1.000,     4.295,  -165.919,     0.000,   218.875,   326.480,    32.351,    25.963,     0.000,
 40547.668,    90.639,    23.687,     4.305,     0.214,  5249.553,   785.911,     0.000,    18.681,  1865.885,     1.000,     4.305,   575.605,   741.426,   218.875,   326.526,    32.164,    26.006,     0.000,
 40547.709,    99.412,    23.682,     4.313,     0.184,  5286.068,     0.000,     0.000,    18.676,  1865.885,     1.000,     4.313,  -164.650,     0.000,   219.673,   326.565,    30.842,    26.915,     0.000,
 40547.751,    87.240,    23.678,     4.319,     0.227,  5240.303,     0.000,     0.000,    18.672,  1865.885,     1.000,     4.319,  -165.976,     0.000,   218.065,   326.596,    30.208,    27.238,     0.000,
 40547.792,    81.419,    23.668,     4.322,     0.224,  5254.658,   134.431,     0.000,    18.662,  1865.885,     1.000,     4.322,   -38.752,   126.822,   219.232,   326.609,    30.656,    27.541,     0.000,
 40547.834,    81.675,    23.661,     4.320,     0.238,  5426.604,     0.000,     0.000,    18.655,  1865.885,     1.000,     4.320,  -160.891,     0.000,   224.060,   326.601,    29.920,    28.430,     0.000,
 40547.876,    89.474,    23.653,     4.312,     0.307,  5345.063,     0.000,     0.000,    18.647,  1865.885,     1.000,     4.312,  -168.156,     0.000,   216.680,   326.562,    29.035,    29.239,     0.000,
 40547.917,    89.660,    23.645,     4.299,     0.288,  5430.917,     0.000,     0.000,    18.639,  1865.885,     1.000,     4.299,  -132.275,     0.000,   250.966,   326.502,    28.381,    28.358,     0.000,
 40547.959,    88.988,    23.638,     4.286,     0.234,  5383.461,     0.000,     0.000,    18.632,  1865.885,     1.000,     4.286,  -128.948,     0.000,   253.990,   326.439,    28.541,    27.959,     0.000,
 40548.001,    96.639,    23.627,     4.270,     0.238,  5424.555,     0.000,     0.000,    18.621,  1865.885,     1.000,     4.270,  -143.627,     0.000,   238.267,   326.366,    27.637,    27.891,     0.000,
 40548.043,    99.141,    23.622,     4.255,     0.167,  5455.915,   537.013,     0.000,    18.616,  1865.885,     1.000,     4.255,   362.274,   506.616,   237.860,   326.295,    27.533,    28.373,     0.000,
 40548.084,    89.735,    23.613,     4.244,     0.221,  5522.249,     0.000,     0.000,    18.607,  1865.885,     1.000,     4.244,  -166.808,     0.000,   216.478,   326.243,    27.780,    29.263,     0.000,
 40548.126,    89.551,    23.603,     4.242,     0.206,  5509.995,     0.000,     0.000,    18.597,  1865.885,     1.000,     4.242,  -146.293,     0.000,   236.737,   326.231,    26.957,    29.842,     0.000,
 40548.168,    90.402,    23.592,     4.252,     0.303,  5417.608,    83.790,     0.000,    18.586,  1865.885,     1.000,     4.252,   -48.787,    79.047,   253.739,   326.278,    27.413,    27.883,     0.000,
 40548.209,    96.105,    23.584,     4.271,     0.239,  5434.436,     0.000,     0.000,    18.578,  1865.885,     1.000,     4.271,  -142.017,     0.000,   238.893,   326.365,    26.965,    27.580,     0.000,
 40548.251,    93.510,    23.580,     4.294,     0.272,  5435.991,     0.000,     0.000,    18.574,  1865.885,     1.000,     4.294,  -126.314,     0.000,   254.892,   326.475,    27.302,    27.429,     0.000,
 40548.293,    92.608,    23.573,     4.320,     0.283,  5477.849,   260.630,     0.000,    18.567,  1865.885,     1.000,     4.320,   121.708,   245.877,   255.368,   326.599,    25.985,    26.953,     0.000,
 40548.334,    91.762,    23.565,     4.346,     0.235,  5431.949,     0.000,     0.000,    18.559,  1865.885,     1.000,     4.346,  -123.859,     0.000,   255.446,   326.717,    25.622,    26.966,     0.000,
 40548.376,    97.087,    23.559,     4.370,     0.242,  5423.194,     0.000,     0.000,    18.553,  1865.885,     1.000,     4.370,  -119.412,     0.000,   258.013,   326.832,    26.641,    23.951,     0.000,
 40548.418,    94.614,    23.556,     4.391,     0.219,  5370.672,     0.000,     0.000,    18.550,  1865.885,     1.000,     4.391,  -129.556,     0.000,   244.544,   326.933,    26.272,    20.894,     0.000,
 40548.459,    96.833,    23.547,     4.410,     0.231,  5394.720,     0.000,     0.000,    18.541,  1865.885,     1.000,     4.410,  -122.808,     0.000,   247.321,   327.021,    25.510,    17.598,     0.000,
 40548.501,    97.337,    23.541,     4.427,     0.212,  5328.181,     0.000,     0.000,    18.535,  1865.885,     1.000,     4.427,  -100.264,     0.000,   266.567,   327.100,    25.176,    14.555,     0.000,
 40548.542,    98.127,    23.536,     4.440,     0.225,  5334.754,     0.000,     0.000,    18.530,  1865.885,     1.000,     4.440,   -93.887,     0.000,   269.499,   327.164,    24.692,    11.531,     0.000,
 40548.584,    90.000,    23.532,     4.446,     0.196,  5383.799,     0.000,     0.000,    18.526,  1865.885,     1.000,     4.446,   -90.471,     0.000,   270.550,   327.193,    23.351,    10.477,     0.000,
 40548.626,    94.536,    23.532,     4.443,     0.221,  5341.345,     0.000,     0.000,    18.526,  1865.885,     1.000,     4.443,   -82.113,     0.000,   274.250,   327.179,    22.425,     6.759,     0.000,
 40548.667,   106.017,    23.525,     4.433,     0.256,  5348.359,     5.841,     0.000,    18.519,  1865.885,     1.000,     4.433,   -80.640,     5.510,   271.715,   327.133,    21.495,     9.239,     0.000,
 40548.709,    93.410,    23.522,     4.421,     0.189,  5325.654,     0.000,     0.000,    18.516,  1865.885,     1.000,     4.421,   -91.630,     0.000,   268.712,   327.075,    21.000,    12.267,     0.000,
 40548.751,    96.580,    23.517,     4.405,     0.256,  5329.700,     0.000,     0.000,    18.511,  1865.885,     1.000,     4.405,   -96.564,     0.000,   266.239,   327.002,    20.990,    14.811,     0.000,
 40548.792,    92.177,    23.519,     4.386,     0.218,  5342.529,   424.343,     0.000,    18.513,  1865.885,     1.000,     4.386,   290.325,   400.324,   250.944,   326.913,    20.417,    13.614,     0.000,
 40548.834,    98.394,    23.515,     4.367,     0.207,  5254.865,     0.000,     0.000,    18.509,  1865.885,     1.000,     4.367,  -110.024,     0.000,   250.270,   326.823,    19.467,    14.003,     0.000,
 40548.876,    99.845,    23.514,     4.354,     0.235,  5288.687,     0.000,     0.000,    18.508,  1865.885,     1.000,     4.354,   -89.853,     0.000,   268.200,   326.760,    18.780,    12.513,     0.000,
 40548.917,   100.187,    23.515,     4.345,     0.205,  5278.701,   131.297,     0.000,    18.509,  1865.885,     1.000,     4.345,    44.835,   123.865,   271.755,   326.719,    15.247,     8.819,     0.000,
 40548.959,    96.963,    23.515,     4.340,     0.139,  5244.136,     0.000,     0.000,    18.509,  1865.885,     1.000,     4.340,   -98.751,     0.000,   252.089,   326.693,    14.015,    10.133,     0.000,
 40549.001,    96.123,    23.511,     4.339,     0.378,  5229.914,     0.000,     0.000,    18.505,  1865.885,     1.000,     4.339,  -119.471,     0.000,   230.651,   326.691,    12.709,    10.722,     0.000,
 40549.043,    97.944,    23.515,     4.341,     0.218,  5229.585,     0.000,     0.000,    18.509,  1865.885,     1.000,     4.341,  -131.111,     0.000,   226.732,   326.699,    15.565,    15.578,     0.000,
 40549.084,   101.493,    23.517,     4.344,     0.197,  5181.802,     0.000,     0.000,    18.511,  1865.885,     1.000,     4.344,  -134.487,     0.000,   225.448,   326.711,    15.988,    17.236,     0.000,
 40549.126,   100.194,    23.516,     4.348,     0.193,  5188.107,     0.000,     0.000,    18.510,  1865.885,     1.000,     4.348,  -142.705,     0.000,   223.936,   326.729,    18.955,    20.956,     0.000,
 40549.167,   107.623,    23.518,     4.353,     0.125,  5139.462,   267.518,     0.000,    18.512,  1865.885,     1.000,     4.353,   117.832,   252.376,   225.234,   326.756,    15.464,    17.557,     0.000,
 40549.209,   106.772,    23.518,     4.363,     0.185,  5032.592,     0.000,     0.000,    18.512,  1865.885,     1.000,     4.363,   -99.605,     0.000,   262.367,   326.801,    16.282,    18.888,     0.000,
 40549.251,   105.859,    23.518,     4.378,     0.161,  4989.368,     0.000,     0.000,    18.512,  1865.885,     1.000,     4.378,   -93.893,     0.000,   264.372,   326.870,    14.672,    16.723,     0.000,
 40549.292,   106.288,    23.521,     4.394,     0.195,  4997.132,     0.000,     0.000,    18.515,  1865.885,     1.000,     4.394,   -91.176,     0.000,   265.396,   326.945,    13.953,    15.674,     0.000,
 40549.334,   110.564,    23.524,     4.410,     0.245,  4927.152,     0.000,     0.000,    18.518,  1865.885,     1.000,     4.410,   -89.371,     0.000,   265.797,   327.023,    13.393,    14.752,     0.000,
 40549.376,   107.939,    23.527,     4.425,     0.180,  4863.120,     0.000,     0.000,    18.521,  1865.885,     1.000,     4.425,   -98.727,     0.000,   251.926,   327.092,    11.608,    11.953,     0.000,
 40549.418,   101.347,    23.531,     4.437,     0.201,  4804.096,   301.415,     0.000,    18.525,  1865.885,     1.000,     4.437,   191.886,   284.354,   254.557,   327.151,    10.741,     9.133,     0.000,
 40549.459,   109.363,    23.535,     4.447,     0.205,  4824.281,     0.000,     0.000,    18.529,  1865.885,     1.000,     4.447,  -106.276,     0.000,   236.622,   327.196,     9.740,     5.962,     0.000,
 40549.501,   109.618,    23.540,     4.455,     0.179,  4722.590,     0.000,     0.000,    18.534,  1865.885,     1.000,     4.455,   -90.769,     0.000,   241.629,   327.235,     6.313,    -1.150,     0.000,
 40549.543,   103.272,    23.541,     4.464,     0.163,  4754.234,     0.000,     0.000,    18.535,  1865.885,     1.000,     4.464,   -65.713,     0.000,   252.268,   327.276,     2.989,   -12.284,     0.000,
 40549.584,   101.994,    23.544,     4.476,     0.186,  4752.379,     0.000,     0.000,    18.538,  1865.885,     1.000,     4.476,   -22.697,     0.000,   276.090,   327.334,    -3.040,   -25.507,     0.000,
 40549.626,   109.861,    23.549,     4.489,     0.124,  4650.346,     0.000,     0.000,    18.543,  1865.885,     1.000,     4.489,   -40.625,     0.000,   262.583,   327.395,    -3.945,   -20.242,     0.000,
 40549.667,   109.769,    23.553,     4.503,     0.228,  4550.689,     0.000,     0.000,    18.547,  1865.885,     1.000,     4.502,    16.030,     0.000,   305.278,   327.459,    -8.708,   -29.503,     0.000,
 40549.710,   106.660,    23.560,     4.516,     0.230,  4564.568,     0.000,     0.000,    18.554,  1865.885,     1.000,     4.516,    -7.037,     0.000,   298.824,   327.521,    -5.784,   -15.876,     0.000,
 40549.751,   112.822,    23.565,     4.524,     0.150,  4536.344,     0.000,     0.000,    18.559,  1865.885,     1.000,     4.524,   -25.466,     0.000,   291.753,   327.560,     0.666,   -11.008,     0.000,
 40549.793,   117.381,    23.573,     4.523,     0.140,  4449.504,     0.000,     0.000,    18.567,  1865.885,     1.000,     4.523,   -85.444,     0.000,   242.585,   327.555,     4.304,    -3.830,     0.000,
 40549.835,   108.491,    23.578,     4.513,     0.195,  4407.477,     0.000,     0.000,    18.572,  1865.885,     1.000,     4.513,   -98.377,     0.000,   238.705,   327.512,     7.133,     2.436,     0.000,
 40549.876,   109.500,    23.584,     4.500,     0.211,  4323.917,     0.000,     0.000,    18.578,  1865.885,     1.000,     4.500,  -103.742,     0.000,   236.653,   327.452,     8.485,     4.458,     0.000,
 40549.918,   113.230,    23.592,     4.486,     0.189,  4341.620,     0.000,     0.000,    18.586,  1865.885,     1.000,     4.486,  -113.360,     0.000,   233.476,   327.384,    10.768,     8.684,     0.000,
 40549.960,   122.605,    23.598,     4.470,     0.283,  4272.239,     0.000,     0.000,    18.592,  1865.885,     1.000,     4.470,  -123.067,     0.000,   230.239,   327.308,    13.228,    12.771,     0.000,
 40550.001,   113.127,    23.606,     4.452,     0.169,  4169.025,     0.000,     0.000,    18.600,  1865.885,     1.000,     4.452,  -131.505,     0.000,   226.839,   327.225,    15.194,    15.924,     0.000,
 40550.043,   111.260,    23.615,     4.434,     0.231,  4206.802,   915.012,     0.000,    18.609,  1865.885,     1.000,     4.434,   730.323,   863.219,   227.072,   327.141,    15.949,    16.877,     0.000,
 40550.085,   122.076,    23.621,     4.418,     0.164,  4144.715,     0.000,     0.000,    18.615,  1865.885,     1.000,     4.418,  -124.210,     0.000,   228.984,   327.061,    12.994,    13.138,     0.000,
 40550.126,   115.936,    23.630,     4.403,     0.209,  4144.698,     0.000,     0.000,    18.624,  1865.885,     1.000,     4.403,   -88.957,     0.000,   266.527,   326.993,    13.991,    14.500,     0.000,
 40550.168,   111.759,    23.639,     4.394,     0.177,  4163.683,   204.203,     0.000,    18.633,  1865.885,     1.000,     4.394,   111.450,   192.644,   269.214,   326.947,    11.833,    11.628,     0.000,
 40550.210,   117.622,    23.646,     4.386,     0.186,  4119.587,     0.000,     0.000,    18.640,  1865.885,     1.000,     4.386,   -87.216,     0.000,   266.817,   326.911,    13.007,    14.114,     0.000,
 40550.251,   109.645,    23.651,     4.381,     0.178,  4128.210,     0.000,     0.000,    18.645,  1865.885,     1.000,     4.381,   -87.132,     0.000,   267.054,   326.888,    13.455,    13.842,     0.000,
 40550.293,   112.932,    23.659,     4.380,     0.138,  4134.506,   276.246,     0.000,    18.653,  1865.885,     1.000,     4.380,   181.242,   260.609,   269.552,   326.882,    10.821,    11.217,     0.000,
 40550.335,   131.040,    23.666,     4.381,     0.299,  3807.677,     0.000,     0.000,    18.660,  1865.885,     1.000,     4.381,   -82.454,     0.000,   268.385,   326.885,    12.263,    11.691,     0.000,
 40550.377,   147.897,    23.673,     4.382,     0.289,  3919.503,     0.000,     0.000,    18.667,  1865.885,     1.000,     4.382,   -96.276,     0.000,   253.786,   326.891,    12.567,    10.605,     0.000,
 40550.418,   134.535,    23.677,     4.389,     0.295,  4089.996,    27.295,     0.000,    18.671,  1865.885,     1.000,     4.389,    -1.762,    25.750,   287.990,   326.922,    -2.162,    -9.258,     0.000,
 40550.460,   144.092,    23.686,     4.401,     0.336,  4118.418,     0.000,     0.000,    18.680,  1865.885,     1.000,     4.401,   -41.794,     0.000,   263.897,   326.977,    -3.213,   -18.073,     0.000,
 40550.502,   141.387,    23.694,     4.412,     0.276,  4076.797,     0.000,     0.000,    18.688,  1865.885,     1.000,     4.412,   -49.819,     0.000,   258.531,   327.031,    -1.261,   -17.420,     0.000,
 40550.542,   148.146,    23.698,     4.423,     0.312,  4013.058,     0.000,     0.000,    18.692,  1865.885,     1.000,     4.423,   -46.139,     0.000,   260.643,   327.082,     0.097,   -20.398,     0.000,
 40550.585,   147.460,    23.704,     4.434,     0.301,  4017.868,     0.000,     0.000,    18.698,  1865.885,     1.000,     4.434,   -50.156,     0.000,   258.139,   327.136,    -2.251,   -16.589,     0.000,
 40550.627,   149.673,    23.710,     4.447,     0.324,  4067.144,     0.000,     0.000,    18.704,  1865.885,     1.000,     4.447,   -12.447,     0.000,   296.047,   327.196,    -4.418,   -14.283,     0.000,
 40550.667,   145.275,    23.713,     4.464,     0.325,  3990.994,     0.000,     0.000,    18.707,  1865.885,     1.000,     4.463,    -4.910,     0.000,   292.760,   327.273,    -6.874,   -22.729,     0.000,
 40550.710,   130.630,    23.720,     4.481,     0.310,  3899.057,     0.000,     0.000,    18.714,  1865.885,     1.000,     4.481,    -8.286,     0.000,   291.277,   327.357,    -4.539,   -23.255,     0.000,
 40550.752,   140.601,    23.723,     4.496,     0.299,  4091.103,     0.000,     0.000,    18.717,  1865.885,     1.000,     4.496,   -24.604,     0.000,   289.656,   327.428,    -2.639,   -10.529,     0.000,
 40550.793,   129.191,    23.729,     4.511,     0.300,  3998.882,   323.088,     0.000,    18.723,  1865.885,     1.000,     4.511,   284.535,   304.800,   288.818,   327.497,     0.930,   -19.345,     0.000,
 40550.835,   134.918,    23.731,     4.521,     0.282,  3986.458,     0.000,     0.000,    18.725,  1865.885,     1.000,     4.521,   -69.882,     0.000,   249.184,   327.544,     4.645,   -13.123,     0.000,
 40550.877,   145.289,    23.739,     4.525,     0.308,  3907.388,     0.000,     0.000,    18.733,  1865.885,     1.000,     4.525,   -81.812,     0.000,   247.387,   327.565,    19.322,   -17.689,     0.000,
 40550.918,   132.071,    23.739,     4.525,     0.301,  3897.288,     0.000,     0.000,    18.733,  1865.885,     1.000,     4.525,  -105.016,     0.000,   241.940,   327.567,    30.199,   -10.810,     0.000,
 40550.960,   144.715,    23.740,     4.521,     0.314,  3821.289,     0.000,     0.000,    18.734,  1865.885,     1.000,     4.521,  -123.166,     0.000,   239.657,   327.549,    44.639,    -9.365,     0.000,
 40551.002,   143.702,    23.747,     4.517,     0.314,  4109.738,     0.000,     0.000,    18.741,  1865.885,     1.000,     4.517,  -103.205,     0.000,   241.544,   327.529,    18.082,    -0.862,     0.000,
 40551.043,   159.720,    23.755,     4.514,     0.290,  4073.746,     0.000,     0.000,    18.749,  1865.885,     1.000,     4.514,  -108.779,     0.000,   241.823,   327.513,    24.707,    -1.618,     0.000,
 40551.085,   142.462,    23.754,     4.510,     0.299,  4001.008,     0.000,     0.000,    18.748,  1865.885,     1.000,     4.510,  -112.219,     0.000,   241.196,   327.495,    26.601,    -0.681,     0.000,
 40551.127,   141.045,    23.757,     4.505,     0.296,  3861.594,     0.000,     0.000,    18.751,  1865.885,     1.000,     4.505,  -123.993,     0.000,   239.644,   327.471,    33.790,     2.376,     0.000,
 40551.168,   146.819,    23.759,     4.501,     0.276,  3913.656,   247.883,     0.000,    18.753,  1865.885,     1.000,     4.501,   156.773,   233.852,   278.005,   327.453,    27.116,     0.515,     0.000,
 40551.210,   137.787,    23.762,     4.502,     0.312,  3965.458,     0.000,     0.000,    18.756,  1865.885,     1.000,     4.502,   -68.653,     0.000,   280.648,   327.456,    20.837,     1.008,     0.000,
 40551.252,   155.900,    23.765,     4.502,     0.284,  4008.965,     0.000,     0.000,    18.759,  1865.885,     1.000,     4.502,   -69.428,     0.000,   279.125,   327.458,    18.750,     2.345,     0.000,
 40551.293,   132.625,    23.768,     4.501,     0.295,  3896.152,   154.232,     0.000,    18.762,  1865.885,     1.000,     4.501,    68.552,   145.502,   275.840,   327.452,    19.423,     5.915,     0.000,
 40551.335,   146.412,    23.766,     4.494,     0.295,  3937.382,     0.000,     0.000,    18.760,  1865.885,     1.000,     4.494,  -109.909,     0.000,   238.396,   327.421,    16.425,     4.459,     0.000,
 40551.377,   143.247,    23.773,     4.483,     0.274,  3767.415,     0.000,     0.000,    18.767,  1865.885,     1.000,     4.483,  -110.231,     0.000,   242.855,   327.372,    17.406,     8.309,     0.000,
 40551.418,   146.809,    23.772,     4.470,     0.286,  3784.593,   470.831,     0.000,    18.766,  1865.885,     1.000,     4.470,   321.112,   444.180,   237.700,   327.308,    26.539,     6.921,     0.000,
 40551.461,   162.880,    23.771,     4.457,     0.235,  3726.711,     0.000,     0.000,    18.765,  1865.885,     1.000,     4.457,   -81.483,     0.000,   281.687,   327.247,    38.890,    -2.966,     0.000,
 40551.502,   149.953,    23.770,     4.446,     0.347,  3812.643,     0.000,     0.000,    18.764,  1865.885,     1.000,     4.446,  -107.245,     0.000,   262.561,   327.195,    39.852,     2.759,     0.000,
 40551.543,   146.016,    23.777,     4.436,     0.279,  3777.784,   586.659,     0.000,    18.771,  1865.885,     1.000,     4.436,   468.145,   553.452,   264.789,   327.148,    36.620,   -13.673,     0.000,
 40551.586,   158.815,    23.780,     4.428,     0.274,  3881.254,     0.000,     0.000,    18.774,  1865.885,     1.000,     4.428,  -111.845,     0.000,   241.864,   327.111,    29.378,    -2.779,     0.000,
 40551.627,   166.978,    23.779,     4.423,     0.291,  3829.843,     0.000,     0.000,    18.773,  1865.885,     1.000,     4.423,  -120.743,     0.000,   242.653,   327.085,    42.668,    -6.356,     0.000,
 40551.668,   149.720,    23.778,     4.418,     0.249,  3748.193,     0.000,     0.000,    18.772,  1865.885,     1.000,     4.418,  -138.277,     0.000,   239.752,   327.063,    48.722,     2.243,     0.000,
 40551.710,   155.130,    23.780,     4.414,     0.289,  3788.369,     0.000,     0.000,    18.774,  1865.885,     1.000,     4.414,  -142.458,     0.000,   238.604,   327.045,    44.476,     9.541,     0.000,
 40551.752,   161.058,    23.783,     4.414,     0.286,  3882.449,     0.000,     0.000,    18.777,  1865.885,     1.000,     4.414,  -139.436,     0.000,   234.893,   327.041,    33.905,    13.383,     0.000,
 40551.793,   141.196,    23.783,     4.417,     0.305,  4002.977,   570.531,     0.000,    18.777,  1865.885,     1.000,     4.417,   419.317,   538.237,   235.117,   327.055,    19.004,     7.979,     0.000,
 40551.836,   163.296,    23.783,     4.420,     0.334,  3855.394,     0.000,     0.000,    18.777,  1865.885,     1.000,     4.420,  -150.965,     0.000,   229.107,   327.070,    29.665,    23.338,     0.000,
 40551.877,   147.413,    23.781,     4.422,     0.296,  3850.666,     0.000,     0.000,    18.775,  1865.885,     1.000,     4.422,  -135.340,     0.000,   226.601,   327.079,    18.769,    16.093,     0.000,
 40551.918,   152.800,    23.785,     4.423,     0.320,  3810.648,   922.129,     0.000,    18.779,  1865.885,     1.000,     4.423,   731.257,   869.933,   225.476,   327.085,    19.526,    17.542,     0.000,
 40551.961,   153.115,    23.781,     4.421,     0.277,  3754.486,     0.000,     0.000,    18.775,  1865.885,     1.000,     4.421,  -155.110,     0.000,   223.349,   327.078,    25.744,    25.638,     0.000,
 40552.002,   156.830,    23.786,     4.416,     0.261,  3697.303,     0.000,     0.000,    18.780,  1865.885,     1.000,     4.416,  -162.747,     0.000,   226.352,   327.054,    31.988,    30.056,     0.000,
 40552.043,   143.321,    23.782,     4.412,     0.257,  3740.643,   923.192,     0.000,    18.776,  1865.885,     1.000,     4.412,   735.374,   870.936,   226.117,   327.034,    17.960,    16.684,     0.000,
 40552.086,   148.588,    23.784,     4.410,     0.306,  3845.511,     0.000,     0.000,    18.778,  1865.885,     1.000,     4.410,  -123.564,     0.000,   245.904,   327.022,    20.977,    21.469,     0.000,
 40552.127,   145.358,    23.781,     4.409,     0.282,  3862.340,     0.000,     0.000,    18.775,  1865.885,     1.000,     4.409,  -121.476,     0.000,   260.704,   327.017,    26.669,    28.494,     0.000,
 40552.168,   136.927,    23.781,     4.406,     0.275,  3829.999,   469.334,     0.000,    18.775,  1865.885,     1.000,     4.406,   298.863,   442.768,   231.440,   327.006,    23.559,    24.779,     0.000,
 40552.210,   155.063,    23.782,     4.402,     0.296,  3788.832,     0.000,     0.000,    18.776,  1865.885,     1.000,     4.402,  -155.142,     0.000,   220.596,   326.985,    22.587,    26.166,     0.000,
 40552.252,   158.609,    23.784,     4.396,     0.296,  3757.288,     0.000,     0.000,    18.778,  1865.885,     1.000,     4.396,  -139.826,     0.000,   230.400,   326.960,    20.807,    22.460,     0.000,
 40552.293,   151.254,    23.781,     4.391,     0.305,  3834.707,   195.572,     0.000,    18.775,  1865.885,     1.000,     4.391,    46.065,   184.502,   229.522,   326.933,    19.294,    21.733,     0.000,
 40552.335,   146.756,    23.784,     4.383,     0.297,  3863.024,     0.000,     0.000,    18.778,  1865.885,     1.000,     4.383,  -112.974,     0.000,   258.407,   326.900,    20.892,    23.589,     0.000,
 40552.377,   138.826,    23.784,     4.372,     0.287,  3899.823,     0.000,     0.000,    18.778,  1865.885,     1.000,     4.372,  -139.760,     0.000,   230.204,   326.849,    20.485,    22.630,     0.000,
 40552.418,   155.292,    23.784,     4.357,     0.286,  3902.347,   552.622,     0.000,    18.778,  1865.885,     1.000,     4.357,   412.593,   521.341,   248.703,   326.777,    15.938,    14.736,     0.000,
 40552.460,   145.641,    23.785,     4.344,     0.299,  3885.278,     0.000,     0.000,    18.779,  1865.885,     1.000,     4.344,   -76.876,     0.000,   271.840,   326.717,    13.269,     8.731,     0.000,
 40552.502,   153.403,    23.783,     4.332,     0.296,  3953.193,     0.000,     0.000,    18.777,  1865.885,     1.000,     4.332,   -66.902,     0.000,   276.699,   326.661,    13.036,     3.904,     0.000,
 40552.543,   148.137,    23.786,     4.317,     0.319,  3933.060,   127.673,     0.000,    18.780,  1865.885,     1.000,     4.317,    39.122,   120.446,   261.196,   326.590,    13.494,     2.437,     0.000,
 40552.585,   148.465,    23.786,     4.293,     0.319,  3965.529,     0.000,     0.000,    18.780,  1865.885,     1.000,     4.293,  -102.855,     0.000,   239.650,   326.476,    15.738,     0.291,     0.000,
 40552.627,   151.294,    23.787,     4.262,     0.297,  3957.234,     0.000,     0.000,    18.781,  1865.885,     1.000,     4.262,  -104.004,     0.000,   238.847,   326.334,    15.505,     1.010,     0.000,
 40552.668,   145.496,    23.787,     4.233,     0.287,  3999.326,    97.577,     0.000,    18.781,  1865.885,     1.000,     4.233,    26.840,    92.054,   276.942,   326.194,    14.488,     1.473,     0.000,
 40552.711,   149.045,    23.788,     4.210,     0.306,  4011.211,     0.000,     0.000,    18.782,  1865.885,     1.000,     4.210,   -79.640,     0.000,   273.517,   326.086,    19.823,     7.247,     0.000,
 40552.752,   148.400,    23.788,     4.191,     0.334,  4171.952,     0.000,     0.000,    18.782,  1865.885,     1.000,     4.191,  -137.140,     0.000,   253.775,   325.995,    40.966,    23.955,     0.000,
 40552.793,   137.131,    23.791,     4.175,     0.287,  3982.412,     0.000,     0.000,    18.785,  1865.885,     1.000,     4.175,  -110.098,     0.000,   247.701,   325.919,    16.167,    15.713,     0.000,
 40552.835,   128.143,    23.793,     4.162,     0.309,  4025.676,     0.000,     0.000,    18.787,  1865.885,     1.000,     4.162,   -96.686,     0.000,   264.320,   325.860,    17.750,    17.397,     0.000,
 40552.877,   149.721,    23.794,     4.151,     0.293,  4096.181,     0.000,     0.000,    18.788,  1865.885,     1.000,     4.151,  -113.999,     0.000,   262.773,   325.809,    24.914,    26.049,     0.000,
 40552.918,   138.167,    23.795,     4.145,     0.325,  4107.669,    66.429,     0.000,    18.789,  1865.885,     1.000,     4.145,   -56.351,    62.668,   263.533,   325.776,    26.807,    29.968,     0.000,
 40552.960,   132.552,    23.797,     4.146,     0.311,  4121.621,     0.000,     0.000,    18.791,  1865.885,     1.000,     4.146,  -107.758,     0.000,   264.818,   325.779,    24.675,    22.122,     0.000,
 40553.001,   131.653,    23.797,     4.151,     0.319,  4057.265,     0.000,     0.000,    18.791,  1865.885,     1.000,     4.151,   -96.844,     0.000,   263.043,   325.804,    16.870,    17.214,     0.000,
 40553.043,   149.364,    23.799,     4.157,     0.299,  4118.739,   265.880,     0.000,    18.793,  1865.885,     1.000,     4.157,   149.907,   250.830,   261.318,   325.830,    17.226,    19.184,     0.000,
 40553.085,   132.852,    23.800,     4.161,     0.320,  4186.615,     0.000,     0.000,    18.794,  1865.885,     1.000,     4.161,  -113.003,     0.000,   260.461,   325.852,    22.335,    25.279,     0.000,
 40553.127,   142.023,    23.802,     4.164,     0.328,  4196.716,     0.000,     0.000,    18.796,  1865.885,     1.000,     4.164,  -117.543,     0.000,   260.715,   325.865,    25.335,    27.058,     0.000,
 40553.168,   120.428,    23.801,     4.165,     0.311,  4277.391,   227.113,     0.000,    18.795,  1865.885,     1.000,     4.165,    76.825,   214.257,   260.461,   325.872,    35.877,    36.145,     0.000,
 40553.210,   115.980,    23.799,     4.167,     0.322,  4244.369,     0.000,     0.000,    18.793,  1865.885,     1.000,     4.167,  -126.667,     0.000,   260.942,   325.877,    32.506,    29.225,     0.000,
 40553.252,   131.172,    23.797,     4.169,     0.315,  4220.888,     0.000,     0.000,    18.791,  1865.885,     1.000,     4.169,  -129.431,     0.000,   259.966,   325.888,    32.595,    30.915,     0.000,
 40553.293,   122.583,    23.801,     4.171,     0.313,  4296.432,   266.854,     0.000,    18.795,  1865.885,     1.000,     4.171,   116.056,   251.749,   260.002,   325.900,    35.934,    33.862,     0.000,
 40553.335,   130.464,    23.799,     4.174,     0.361,  4281.667,     0.000,     0.000,    18.793,  1865.885,     1.000,     4.174,  -119.810,     0.000,   260.715,   325.911,    29.556,    25.058,     0.000,
 40553.376,   132.584,    23.797,     4.174,     0.332,  4333.348,     0.000,     0.000,    18.791,  1865.885,     1.000,     4.174,  -129.029,     0.000,   259.744,   325.911,    31.533,    31.329,     0.000,
 40553.418,   126.383,    23.796,     4.168,     0.339,  4398.172,     0.000,     0.000,    18.790,  1865.885,     1.000,     4.168,  -118.166,     0.000,   262.009,   325.884,    29.185,    25.106,     0.000,
 40553.460,   136.613,    23.793,     4.157,     0.340,  4329.945,     0.000,     0.000,    18.787,  1865.885,     1.000,     4.157,  -106.608,     0.000,   262.808,   325.835,    24.323,    19.259,     0.000,
 40553.501,   123.603,    23.789,     4.142,     0.365,  4413.430,     0.000,     0.000,    18.783,  1865.885,     1.000,     4.142,  -134.537,     0.000,   263.821,   325.763,    45.890,    26.705,     0.000,
 40553.543,   117.322,    23.784,     4.124,     0.373,  4465.106,   100.250,     0.000,    18.778,  1865.885,     1.000,     4.124,   -33.429,    94.575,   261.806,   325.679,    38.852,    25.279,     0.000,
 40553.585,   113.230,    23.781,     4.102,     0.331,  4506.543,     0.000,     0.000,    18.775,  1865.885,     1.000,     4.102,  -153.586,     0.000,   261.729,   325.578,    56.207,    33.531,     0.000,
 40553.626,   127.548,    23.778,     4.077,     0.375,  4503.620,     0.000,     0.000,    18.772,  1865.885,     1.000,     4.077,  -161.974,     0.000,   261.508,   325.461,    60.784,    37.238,     0.000,
 40553.668,   122.622,    23.776,     4.051,     0.355,  4506.793,     0.000,     0.000,    18.770,  1865.885,     1.000,     4.051,  -182.967,     0.000,   259.742,   325.339,    72.144,    45.226,     0.000,
 40553.710,   134.180,    23.766,     4.026,     0.337,  4596.456,     0.000,     0.000,    18.760,  1865.885,     1.000,     4.026,  -188.477,     0.000,   257.927,   325.221,    71.924,    49.259,     0.000,
 40553.751,   130.342,    23.762,     4.004,     0.349,  4481.028,     0.000,     0.000,    18.756,  1865.885,     1.000,     4.004,  -160.600,     0.000,   256.509,   325.118,    52.382,    39.608,     0.000,
 40553.793,   132.677,    23.759,     3.987,     0.320,  4527.668,     0.000,     0.000,    18.753,  1865.885,     1.000,     3.987,  -160.327,     0.000,   255.390,   325.038,    52.643,    38.036,     0.000,
 40553.835,   117.298,    23.750,     3.959,     0.360,  4547.238,     0.000,     0.000,    18.744,  1865.885,     1.000,     3.979,  -148.371,     0.000,   253.883,   324.831,    43.895,    33.528,     0.000,
 40553.876,   127.180,    23.742,     3.968,     0.350,  4587.901,     0.000,     0.000,    18.736,  1865.885,     1.000,     3.979,  -138.416,     0.000,   252.568,   324.943,    37.080,    28.960,     0.000,
 40553.918,   110.004,    23.737,     3.983,     0.368,  4606.406,     0.000,     0.000,    18.731,  1865.885,     1.000,     3.983,  -159.765,     0.000,   252.568,   325.016,    48.239,    39.078,     0.000,
 40553.960,   126.720,    23.730,     3.987,     0.362,  4711.248,     0.000,     0.000,    18.724,  1865.885,     1.000,     3.987,  -142.166,     0.000,   253.251,   325.032,    39.578,    30.806,     0.000,
 40554.001,   118.612,    23.722,     3.992,     0.365,  4694.425,     0.000,     0.000,    18.716,  1865.885,     1.000,     3.992,  -152.869,     0.000,   253.481,   325.058,    46.458,    34.835,     0.000,
 40554.043,   122.470,    23.711,     3.999,     0.326,  4731.086,    84.234,     0.000,    18.705,  1865.885,     1.000,     3.999,   -73.519,    79.466,   253.481,   325.088,    46.509,    34.870,     0.000,
 40554.085,   114.910,    23.704,     4.004,     0.361,  4726.749,     0.000,     0.000,    18.698,  1865.885,     1.000,     4.004,  -170.669,     0.000,   252.093,   325.115,    53.443,    44.203,     0.000,
 40554.126,   130.737,    23.697,     4.008,     0.354,  4713.244,     0.000,     0.000,    18.691,  1865.885,     1.000,     4.008,  -170.982,     0.000,   251.894,   325.132,    53.142,    44.602,     0.000,
 40554.168,   114.370,    23.688,     4.006,     0.381,  4679.311,   173.872,     0.000,    18.682,  1865.885,     1.000,     4.006,   -36.354,   164.030,   235.150,   325.124,    58.686,    51.724,     0.000,
 40554.210,   122.988,    23.685,     3.996,     0.351,  4665.262,     0.000,     0.000,    18.679,  1865.885,     1.000,     3.996,  -181.210,     0.000,   248.335,   325.080,    55.425,    49.040,     0.000,
 40554.252,   130.246,    23.679,     3.956,     0.349,  4677.718,     0.000,     0.000,    18.673,  1865.885,     1.000,     3.977,  -216.708,     0.000,   220.617,   324.808,    59.574,    52.944,     0.000,
 40554.293,   112.337,    23.671,     3.877,     0.361,  4657.370,     0.000,     0.000,    18.665,  1865.885,     1.000,     3.950,  -211.133,     0.000,   215.364,   324.345,    54.975,    47.177,     0.000,
 40554.335,   113.198,    23.669,     3.830,     0.344,  4626.566,     0.000,     0.000,    18.663,  1865.885,     1.000,     3.918,  -218.811,     0.000,   232.843,   324.076,    69.032,    58.546,     0.000,
 40554.376,   121.448,    23.664,     3.867,     0.378,  4729.687,     0.000,     0.000,    18.658,  1865.885,     1.000,     3.876,  -293.354,     0.000,   214.847,   324.039,    98.347,    85.814,     0.000,
 40554.418,   119.469,    23.665,     3.763,     0.332,  4510.443,   260.904,     0.000,    18.659,  1865.885,     1.000,     3.832,    15.207,   246.136,   214.299,   323.819,    65.576,    55.833,     0.000,
 40554.460,   111.946,    23.661,     3.733,     0.386,  4562.164,     0.000,     0.000,    18.655,  1865.885,     1.000,     3.789,  -293.089,     0.000,   215.762,   323.677,   102.774,    82.401,     0.000,
 40554.501,   126.287,    23.656,     3.646,     0.405,  4553.608,     0.000,     0.000,    18.650,  1865.885,     1.000,     3.746,  -246.090,     0.000,   237.812,   323.155,    92.116,    68.630,     0.000,
 40554.543,   115.722,    23.658,     3.646,     0.364,  4394.760,     0.000,     0.000,    18.652,  1865.885,     1.000,     3.712,  -228.388,     0.000,   225.568,   323.212,    76.923,    53.821,     0.000,
 40554.585,   132.429,    23.659,     3.644,     0.377,  4344.944,     0.000,     0.000,    18.653,  1865.885,     1.000,     3.686,  -184.189,     0.000,   255.060,   323.322,    67.161,    48.766,     0.000,
 40554.627,   128.119,    23.660,     3.625,     0.322,  4376.200,     0.000,     0.000,    18.654,  1865.885,     1.000,     3.663,  -195.539,     0.000,   253.925,   323.255,    69.596,    56.613,     0.000,
 40554.668,   122.918,    23.659,     3.630,     0.353,  4359.332,    54.961,     0.000,    18.653,  1865.885,     1.000,     3.644,  -122.322,    51.850,   253.258,   323.335,    55.808,    48.287,     0.000,
 40554.710,   126.708,    23.663,     3.611,     0.341,  4283.645,     0.000,     0.000,    18.657,  1865.885,     1.000,     3.631,  -173.868,     0.000,   250.931,   323.278,    49.092,    52.429,     0.000,
 40554.751,   110.838,    23.662,     3.605,     0.347,  4300.244,     0.000,     0.000,    18.656,  1865.885,     1.000,     3.622,  -136.534,     0.000,   249.642,   323.245,    28.888,    34.044,     0.000,
 40554.793,   126.555,    23.668,     3.570,     0.314,  4276.111,     9.038,     0.000,    18.662,  1865.885,     1.000,     3.616,  -129.093,     8.527,   250.498,   323.009,    32.548,    32.560,     0.000,
 40554.835,   132.642,    23.669,     3.588,     0.342,  4298.977,     0.000,     0.000,    18.663,  1865.885,     1.000,     3.615,  -138.015,     0.000,   250.079,   323.089,    31.560,    33.445,     0.000,
 40554.877,   122.042,    23.676,     3.587,     0.324,  4242.024,     0.000,     0.000,    18.670,  1865.885,     1.000,     3.614,  -154.193,     0.000,   249.674,   323.088,    38.578,    42.201,     0.000,
 40554.918,   115.590,    23.676,     3.589,     0.328,  4219.133,    27.582,     0.000,    18.670,  1865.885,     1.000,     3.615,  -123.472,    26.021,   248.410,   323.071,    33.831,    41.001,     0.000,
 40554.960,   119.317,    23.684,     3.593,     0.316,  4224.784,     0.000,     0.000,    18.678,  1865.885,     1.000,     3.615,  -139.036,     0.000,   248.166,   323.095,    28.209,    35.898,     0.000,
 40555.001,   128.000,    23.690,     3.562,     0.303,  4147.971,     0.000,     0.000,    18.684,  1865.885,     1.000,     3.616,  -134.498,     0.000,   247.741,   322.888,    25.847,    33.503,     0.000,
 40555.043,   128.490,    23.699,     3.576,     0.312,  4156.575,     4.156,     0.000,    18.693,  1865.885,     1.000,     3.609,  -144.566,     3.921,   247.957,   323.013,    32.015,    41.416,     0.000,
 40555.085,   134.672,    23.703,     3.568,     0.370,  4198.293,     0.000,     0.000,    18.697,  1865.885,     1.000,     3.597,  -148.170,     0.000,   247.756,   323.062,    31.433,    41.432,     0.000,
 40555.127,   134.760,    23.712,     3.571,     0.311,  4144.965,     0.000,     0.000,    18.706,  1865.885,     1.000,     3.586,  -133.218,     0.000,   248.180,   323.057,    25.286,    33.054,     0.000,
 40555.168,   134.268,    23.716,     3.546,     0.332,  4184.858,   318.864,     0.000,    18.710,  1865.885,     1.000,     3.574,   167.916,   300.815,   248.180,   322.893,    25.281,    32.903,     0.000,
 40555.210,   130.408,    23.725,     3.532,     0.327,  4184.945,     0.000,     0.000,    18.719,  1865.885,     1.000,     3.559,  -132.467,     0.000,   248.226,   322.730,    25.274,    32.688,     0.000,
 40555.251,   116.436,    23.728,     3.530,     0.352,  4272.228,     0.000,     0.000,    18.722,  1865.885,     1.000,     3.544,  -129.061,     0.000,   249.482,   322.866,    24.572,    31.105,     0.000,
 40555.293,   124.188,    23.733,     3.514,     0.296,  4238.964,   321.815,     0.000,    18.727,  1865.885,     1.000,     3.528,   176.693,   303.599,   250.103,   322.786,    24.026,    30.197,     0.000,
 40555.335,   121.289,    23.737,     3.493,     0.310,  4322.220,     0.000,     0.000,    18.731,  1865.885,     1.000,     3.513,  -120.107,     0.000,   252.163,   322.608,    22.338,    27.324,     0.000,
 40555.377,   121.956,    23.741,     3.461,     0.336,  4309.451,     0.000,     0.000,    18.735,  1865.885,     1.000,     3.498,  -118.665,     0.000,   253.070,   322.419,    23.340,    25.976,     0.000,
 40555.418,   121.871,    23.745,     3.471,     0.334,  4337.565,     0.000,     0.000,    18.739,  1865.885,     1.000,     3.484,  -124.944,     0.000,   240.773,   322.504,    21.706,    21.507,     0.000,
 40555.460,   128.897,    23.751,     3.443,     0.318,  4389.277,     0.000,     0.000,    18.745,  1865.885,     1.000,     3.473,  -103.721,     0.000,   258.041,   322.341,    19.642,    19.780,     0.000,
 40555.501,   124.748,    23.754,     3.454,     0.389,  4370.316,     0.000,     0.000,    18.748,  1865.885,     1.000,     3.466,  -101.888,     0.000,   258.747,   322.461,    19.119,    19.055,     0.000,
 40555.543,   121.949,    23.754,     3.433,     0.378,  4443.570,   122.928,     0.000,    18.748,  1865.885,     1.000,     3.461,    19.630,   115.970,   260.225,   322.342,    17.005,    17.218,     0.000,
 40555.585,   108.558,    23.760,     3.432,     0.323,  4418.980,     0.000,     0.000,    18.754,  1865.885,     1.000,     3.459,   -88.361,     0.000,   262.624,   322.448,    13.956,    14.582,     0.000,
 40555.626,   119.311,    23.761,     3.436,     0.347,  4491.154,     0.000,     0.000,    18.755,  1865.885,     1.000,     3.462,   -84.038,     0.000,   263.856,   322.441,    12.254,    13.199,     0.000,
 40555.668,   121.276,    23.763,     3.438,     0.317,  4503.088,   583.871,     0.000,    18.757,  1865.885,     1.000,     3.467,   454.330,   550.821,   248.523,   322.475,    10.760,    11.780,     0.000,
 40555.710,   133.183,    23.766,     3.451,     0.331,  4508.635,     0.000,     0.000,    18.760,  1865.885,     1.000,     3.478,   -91.239,     0.000,   250.971,   322.538,     9.535,    10.137,     0.000,
 40555.751,   119.398,    23.766,     3.474,     0.353,  4559.843,     0.000,     0.000,    18.760,  1865.885,     1.000,     3.492,   -62.234,     0.000,   271.345,   322.645,     5.459,     5.475,     0.000,
 40555.793,   119.016,    23.769,     3.486,     0.339,  4537.328,   316.758,     0.000,    18.763,  1865.885,     1.000,     3.508,   232.965,   298.828,   270.470,   322.693,     6.675,     6.965,     0.000,
 40555.835,   110.992,    23.768,     3.508,     0.344,  4578.035,     0.000,     0.000,    18.762,  1865.885,     1.000,     3.523,   -66.860,     0.000,   269.817,   322.803,     6.693,     7.182,     0.000,
 40555.876,   108.476,    23.768,     3.529,     0.343,  4629.623,     0.000,     0.000,    18.762,  1865.885,     1.000,     3.537,   -70.998,     0.000,   268.447,   322.899,     7.850,     8.695,     0.000,
 40555.918,   119.986,    23.765,     3.525,     0.388,  4663.612,   289.411,     0.000,    18.759,  1865.885,     1.000,     3.553,   197.353,   273.029,   267.347,   322.875,     9.451,    10.697,     0.000,
 40555.960,   109.692,    23.771,     3.545,     0.369,  4552.780,     0.000,     0.000,    18.765,  1865.885,     1.000,     3.571,   -95.798,     0.000,   248.510,   322.972,     9.921,    11.416,     0.000,
 40556.001,   120.845,    23.765,     3.579,     0.361,  4634.111,     0.000,     0.000,    18.759,  1865.885,     1.000,     3.590,  -110.833,     0.000,   234.343,   322.942,    10.300,    11.934,     0.000,
 40556.043,   120.983,    23.767,     3.598,     0.377,  4707.841,   403.413,     0.000,    18.761,  1865.885,     1.000,     3.610,   286.327,   380.578,   249.368,   323.143,     9.511,    10.965,     0.000,
 40556.085,   118.325,    23.764,     3.598,     0.345,  4753.304,     0.000,     0.000,    18.758,  1865.885,     1.000,     3.633,   -76.308,     0.000,   266.853,   323.218,     9.269,    10.673,     0.000,
 40556.126,   117.805,    23.764,     3.639,     0.392,  4684.939,     0.000,     0.000,    18.758,  1865.885,     1.000,     3.652,   -73.053,     0.000,   268.199,   323.414,     8.408,     9.431,     0.000,
 40556.168,   119.055,    23.763,     3.632,     0.356,  4659.056,   303.438,     0.000,    18.757,  1865.885,     1.000,     3.666,   209.440,   286.263,   266.822,   323.374,     9.421,    10.850,     0.000,
 40556.210,   121.560,    23.764,     3.647,     0.358,  4757.011,     0.000,     0.000,    18.758,  1865.885,     1.000,     3.676,   -84.328,     0.000,   266.809,   323.452,    12.865,    14.819,     0.000,
 40556.251,   118.817,    23.763,     3.676,     0.376,  4774.840,     0.000,     0.000,    18.757,  1865.885,     1.000,     3.681,   -82.402,     0.000,   266.809,   323.544,    11.908,    13.759,     0.000,
 40556.293,   118.049,    23.763,     3.651,     0.358,  4723.085,     0.000,     0.000,    18.757,  1865.885,     1.000,     3.685,   -77.014,     0.000,   266.809,   323.466,     9.409,    10.949,     0.000,
 40556.335,   119.900,    23.764,     3.660,     0.345,  4730.040,     0.000,     0.000,    18.758,  1865.885,     1.000,     3.689,   -91.003,     0.000,   251.208,   323.517,     8.693,    10.001,     0.000,
 40556.376,   125.771,    23.762,     3.681,     0.350,  4735.480,     0.000,     0.000,    18.756,  1865.885,     1.000,     3.696,   -68.006,     0.000,   271.598,   323.611,     7.691,     8.302,     0.000,
 40556.418,   125.166,    23.764,     3.699,     0.366,  4772.359,   365.525,     0.000,    18.758,  1865.885,     1.000,     3.708,   277.674,   344.835,   259.361,   323.603,     1.711,     1.208,     0.000,
 40556.460,   130.505,    23.761,     3.701,     0.348,  4723.502,     0.000,     0.000,    18.755,  1865.885,     1.000,     3.722,   -76.529,     0.000,   246.458,   323.705,     0.044,    -0.761,     0.000,
 40556.501,   124.651,    23.766,     3.707,     0.332,  4757.272,     0.000,     0.000,    18.760,  1865.885,     1.000,     3.738,   -48.721,     0.000,   263.140,   323.723,    -4.886,    -6.976,     0.000,
 40556.543,   127.196,    23.760,     3.726,     0.406,  4747.732,     0.000,     0.000,    18.754,  1865.885,     1.000,     3.756,   -57.533,     0.000,   246.944,   323.816,    -8.469,   -10.870,     0.000,
 40556.585,   124.989,    23.762,     3.777,     0.338,  4720.671,     0.000,     0.000,    18.756,  1865.885,     1.000,     3.776,    19.323,     0.000,   301.619,   324.047,   -19.031,   -22.720,     0.000,
 40556.626,   133.483,    23.762,     3.800,     0.361,  4771.709,     0.000,     0.000,    18.756,  1865.885,     1.000,     3.800,     4.439,     0.000,   296.866,   324.156,   -14.084,   -17.644,     0.000,
 40556.668,   128.422,    23.764,     3.822,     0.396,  4763.807,   432.116,     0.000,    18.758,  1865.885,     1.000,     3.822,   407.253,   407.656,   279.779,   324.257,   -21.471,   -22.604,     0.000,
 40556.710,   127.950,    23.764,     3.842,     0.331,  4761.931,     0.000,     0.000,    18.758,  1865.885,     1.000,     3.842,    -2.898,     0.000,   292.605,   324.350,   -13.823,   -15.024,     0.000,
 40556.751,   134.313,    23.761,     3.862,     0.364,  4799.642,     0.000,     0.000,    18.755,  1865.885,     1.000,     3.862,    28.683,     0.000,   294.981,   324.444,   -26.060,   -32.087,     0.000,
 40556.793,   130.622,    23.767,     3.886,     0.385,  4735.325,     0.000,     0.000,    18.761,  1865.885,     1.000,     3.886,    68.121,     0.000,   319.166,   324.560,   -33.355,   -40.160,     0.000,
 40556.835,   130.312,    23.764,     3.914,     0.432,  4767.709,     0.000,     0.000,    18.758,  1865.885,     1.000,     3.914,    69.596,     0.000,   322.292,   324.688,   -30.247,   -41.745,     0.000,
 40556.876,   133.429,    23.763,     3.940,     0.383,  4821.534,     0.000,     0.000,    18.757,  1865.885,     1.000,     3.940,    57.080,     0.000,   323.143,   324.811,   -24.413,   -34.335,     0.000,
 40556.918,   133.626,    23.764,     3.968,     0.363,  4680.395,     0.000,     0.000,    18.758,  1865.885,     1.000,     3.968,   162.063,     0.000,   321.353,   324.943,   -70.866,   -94.787,     0.000,
 40556.960,   131.014,    23.762,     4.011,     0.383,  4806.828,     0.000,     0.000,    18.756,  1865.885,     1.000,     3.996,    59.144,     0.000,   320.362,   325.128,   -28.743,   -35.166,     0.000,
 40557.002,   135.348,    23.765,     4.035,     0.334,  4837.537,     0.000,     0.000,    18.759,  1865.885,     1.000,     4.013,    54.774,     0.000,   320.297,   325.253,   -24.735,   -34.995,     0.000,
 40557.043,   131.269,    23.764,     4.035,     0.383,  4839.766,     0.000,     0.000,    18.758,  1865.885,     1.000,     4.024,    51.214,     0.000,   319.901,   325.245,   -21.831,   -34.727,     0.000,
 40557.085,   136.398,    23.760,     4.063,     0.381,  4773.832,     0.000,     0.000,    18.754,  1865.885,     1.000,     4.035,   101.575,     0.000,   296.437,   325.368,   -49.300,   -81.206,     0.000,
 40557.126,   130.002,    23.760,     4.058,     0.367,  4817.080,     0.000,     0.000,    18.754,  1865.885,     1.000,     4.046,    45.485,     0.000,   273.307,   325.351,   -36.977,   -60.552,     0.000,
 40557.168,   131.530,    23.766,     4.072,     0.402,  4822.146,     0.000,     0.000,    18.760,  1865.885,     1.000,     4.056,    76.204,     0.000,   314.308,   325.427,   -34.138,   -53.185,     0.000,
 40557.210,   142.909,    23.764,     4.092,     0.352,  4926.933,     0.000,     0.000,    18.758,  1865.885,     1.000,     4.068,    65.786,     0.000,   315.250,   325.514,   -29.507,   -46.543,     0.000,
 40557.252,   134.998,    23.766,     4.083,     0.383,  5006.715,     0.000,     0.000,    18.760,  1865.885,     1.000,     4.079,    23.891,     0.000,   301.971,   325.479,   -20.382,   -27.018,     0.000,
 40557.293,   132.540,    23.766,     4.086,     0.352,  4967.375,     0.000,     0.000,    18.760,  1865.885,     1.000,     4.086,   -15.691,     0.000,   279.092,   325.500,   -13.962,   -16.754,     0.000,
 40557.335,   133.834,    23.768,     4.092,     0.362,  4893.063,     0.000,     0.000,    18.762,  1865.885,     1.000,     4.092,    -2.447,     0.000,   294.739,   325.527,   -13.422,   -14.920,     0.000,
 40557.376,   117.839,    23.765,     4.105,     0.366,  4985.144,     0.000,     0.000,    18.759,  1865.885,     1.000,     4.102,     7.778,     0.000,   298.970,   325.584,   -16.639,   -17.754,     0.000,
 40557.418,   131.756,    23.767,     4.127,     0.371,  4950.925,     0.000,     0.000,    18.761,  1865.885,     1.000,     4.119,    24.007,     0.000,   301.895,   325.687,   -23.545,   -24.253,     0.000,
 40557.460,   127.361,    23.769,     4.151,     0.433,  4900.238,     0.000,     0.000,    18.763,  1865.885,     1.000,     4.140,    33.356,     0.000,   310.579,   325.797,   -23.266,   -25.308,     0.000,
 40557.501,   133.414,    23.767,     4.192,     0.364,  5038.784,     0.000,     0.000,    18.761,  1865.885,     1.000,     4.166,    63.570,     0.000,   328.210,   325.987,   -24.894,   -36.452,     0.000,
 40557.543,   125.733,    23.771,     4.201,     0.402,  5032.664,     0.000,     0.000,    18.765,  1865.885,     1.000,     4.194,    74.537,     0.000,   329.553,   326.024,   -30.581,   -40.427,     0.000,
 40557.585,   122.785,    23.772,     4.256,     0.373,  4989.346,     0.000,     0.000,    18.766,  1865.885,     1.000,     4.222,    79.077,     0.000,   331.962,   326.284,   -31.638,   -41.761,     0.000,
 40557.626,   116.411,    23.770,     4.260,     0.388,  5010.213,     0.000,     0.000,    18.764,  1865.885,     1.000,     4.250,    75.109,     0.000,   332.351,   326.298,   -30.296,   -38.760,     0.000,
 40557.668,   120.325,    23.772,     4.289,     0.410,  5009.780,   275.810,     0.000,    18.766,  1865.885,     1.000,     4.274,   293.688,   260.198,   292.170,   326.450,   -30.338,   -37.432,     0.000,
 40557.710,   128.686,    23.772,     4.321,     0.383,  4940.402,     0.000,     0.000,    18.766,  1865.885,     1.000,     4.298,   154.910,     0.000,   283.685,   326.565,   -87.676,  -110.114,     0.000,
 40557.751,   126.434,    23.774,     4.339,     0.369,  5015.333,     0.000,     0.000,    18.768,  1865.885,     1.000,     4.327,    52.056,     0.000,   286.365,   326.674,   -39.795,   -52.570,     0.000,
 40557.793,   116.303,    23.780,     4.388,     0.375,  5044.848,    57.792,     0.000,    18.774,  1865.885,     1.000,     4.353,   166.059,    54.521,   286.787,   326.913,   -63.761,   -87.904,     0.000,
 40557.835,   124.723,    23.776,     4.389,     0.395,  5132.974,     0.000,     0.000,    18.770,  1865.885,     1.000,     4.377,    53.496,     0.000,   281.978,   326.910,   -39.311,   -59.117,     0.000,
 40557.876,   118.745,    23.782,     4.406,     0.380,  5166.650,     0.000,     0.000,    18.776,  1865.885,     1.000,     4.396,    17.412,     0.000,   293.487,   327.003,   -22.535,   -28.393,     0.000,
 40557.918,   118.573,    23.782,     4.440,     0.435,  5233.627,    92.736,     0.000,    18.776,  1865.885,     1.000,     4.415,   150.145,    87.487,   311.045,   327.158,   -31.754,   -47.017,     0.000,
 40557.960,   115.625,    23.786,     4.449,     0.451,  5173.553,     0.000,     0.000,    18.780,  1865.885,     1.000,     4.437,    40.097,     0.000,   282.224,   327.200,   -33.779,   -51.294,     0.000,
 40558.001,   120.662,    23.788,     4.453,     0.371,  5176.727,     0.000,     0.000,    18.782,  1865.885,     1.000,     4.452,   -19.890,     0.000,   266.563,   327.226,   -17.307,   -23.466,     0.000,
 40558.043,   115.481,    23.791,     4.458,     0.387,  5128.754,     0.000,     0.000,    18.785,  1865.885,     1.000,     4.458,   -33.681,     0.000,   259.319,   327.249,   -15.037,   -19.212,     0.000,
 40558.085,   114.329,    23.792,     4.458,     0.412,  5202.635,     0.000,     0.000,    18.786,  1865.885,     1.000,     4.458,   -47.494,     0.000,   249.923,   327.248,   -12.333,   -17.498,     0.000,
 40558.126,   113.566,    23.797,     4.454,     0.413,  5234.664,     0.000,     0.000,    18.791,  1865.885,     1.000,     4.454,   -48.695,     0.000,   248.526,   327.230,   -12.626,   -17.384,     0.000,
 40558.168,   109.134,    23.798,     4.448,     0.402,  5146.636,   812.018,     0.000,    18.792,  1865.885,     1.000,     4.448,   703.026,   766.055,   247.494,   327.202,    -6.866,    -9.812,     0.000,
 40558.210,   107.213,    23.799,     4.440,     0.409,  5137.516,     0.000,     0.000,    18.793,  1865.885,     1.000,     4.440,   -71.914,     0.000,   243.868,   327.166,    -3.939,    -7.445,     0.000,
 40558.251,   122.903,    23.802,     4.431,     0.411,  5138.167,     0.000,     0.000,    18.796,  1865.885,     1.000,     4.431,   -73.035,     0.000,   243.563,   327.125,    -3.875,    -6.652,     0.000,
 40558.293,   118.420,    23.802,     4.423,     0.372,  5121.336,    41.681,     0.000,    18.796,  1865.885,     1.000,     4.423,   -33.746,    39.322,   242.171,   327.084,    -4.369,    -7.476,     0.000,
 40558.335,   126.275,    23.803,     4.413,     0.376,  5154.199,     0.000,     0.000,    18.797,  1865.885,     1.000,     4.413,   -84.219,     0.000,   238.861,   327.041,    -1.166,    -2.795,     0.000,
 40558.376,   118.924,    23.808,     4.406,     0.364,  5116.594,     0.000,     0.000,    18.802,  1865.885,     1.000,     4.406,   -40.910,     0.000,   268.453,   327.006,    -7.689,    -9.954,     0.000,
 40558.418,   112.697,    23.808,     4.401,     0.406,  5166.872,   468.074,     0.000,    18.802,  1865.885,     1.000,     4.401,   379.898,   441.579,   248.180,   326.980,    -6.569,   -10.551,     0.000,
 40558.460,   113.463,    23.807,     4.397,     0.379,  5186.703,     0.000,     0.000,    18.801,  1865.885,     1.000,     4.397,     3.084,     0.000,   300.076,   326.963,   -12.245,   -17.726,     0.000,
 40558.501,   117.326,    23.814,     4.397,     0.381,  5111.759,     0.000,     0.000,    18.808,  1865.885,     1.000,     4.397,   -12.978,     0.000,   282.846,   326.961,   -12.573,   -18.564,     0.000,
 40558.543,   113.994,    23.812,     4.396,     0.371,  5097.586,   128.075,     0.000,    18.806,  1865.885,     1.000,     4.396,   124.131,   120.825,   299.563,   326.956,   -13.578,   -17.121,     0.000,
 40558.585,   118.156,    23.817,     4.395,     0.386,  5125.404,     0.000,     0.000,    18.811,  1865.885,     1.000,     4.395,    -0.866,     0.000,   297.104,   326.951,   -13.753,   -15.229,     0.000,
 40558.626,   111.373,    23.816,     4.390,     0.384,  5006.365,     0.000,     0.000,    18.810,  1865.885,     1.000,     4.390,   -11.276,     0.000,   292.525,   326.932,   -11.025,   -12.106,     0.000,
 40558.668,   114.022,    23.814,     4.383,     0.369,  5135.788,   271.095,     0.000,    18.808,  1865.885,     1.000,     4.383,   250.623,   255.750,   295.077,   326.898,   -12.802,   -13.892,     0.000,
 40558.710,   116.687,    23.820,     4.375,     0.497,  5074.386,     0.000,     0.000,    18.814,  1865.885,     1.000,     4.375,    -4.590,     0.000,   295.075,   326.862,   -13.272,   -13.924,     0.000,
 40558.751,   124.011,    23.816,     4.366,     0.393,  5113.294,     0.000,     0.000,    18.810,  1865.885,     1.000,     4.366,    -6.234,     0.000,   294.282,   326.820,   -12.886,   -13.418,     0.000,
 40558.793,   113.694,    23.819,     4.356,     0.413,  5051.374,   245.366,     0.000,    18.813,  1865.885,     1.000,     4.356,   224.379,   231.478,   293.854,   326.770,   -12.648,   -13.170,     0.000,
 40558.835,   114.484,    23.819,     4.342,     0.398,  5070.638,     0.000,     0.000,    18.813,  1865.885,     1.000,     4.342,    -9.140,     0.000,   292.910,   326.707,   -12.079,   -12.578,     0.000,
 40558.876,   113.032,    23.823,     4.324,     0.403,  5045.031,     0.000,     0.000,    18.817,  1865.885,     1.000,     4.324,   -12.902,     0.000,   291.275,   326.620,   -10.915,   -11.527,     0.000,
 40558.918,   117.670,    23.822,     4.298,     0.443,  5029.575,    30.558,     0.000,    18.816,  1865.885,     1.000,     4.298,    18.584,    28.829,   292.143,   326.495,   -11.865,   -12.242,     0.000,
 40558.960,   115.681,    23.822,     4.263,     0.430,  5036.899,     0.000,     0.000,    18.816,  1865.885,     1.000,     4.263,    -9.771,     0.000,   292.173,   326.336,   -11.981,   -12.410,     0.000,
 40559.001,   116.572,    23.823,     4.220,     0.376,  5038.479,     0.000,     0.000,    18.817,  1865.885,     1.000,     4.220,    -7.176,     0.000,   292.967,   326.135,   -12.849,   -13.142,     0.000,
 40559.043,   124.213,    23.824,     4.174,     0.402,  5001.717,     4.235,     0.000,    18.818,  1865.885,     1.000,     4.173,    29.245,     3.995,   305.860,   325.931,   -23.255,   -22.065,     0.000,
 40559.085,   126.433,    23.821,     4.130,     0.380,  5049.027,     0.000,     0.000,    18.815,  1865.885,     1.000,     4.125,    32.491,     0.000,   290.304,   325.707,   -34.976,   -32.918,     0.000,
 40559.126,   124.367,    23.824,     4.097,     0.371,  4994.672,     0.000,     0.000,    18.818,  1865.885,     1.000,     4.080,    62.213,     0.000,   320.839,   325.550,   -34.738,   -32.186,     0.000,
 40559.168,   121.925,    23.825,     4.054,     0.394,  5003.968,     0.000,     0.000,    18.819,  1865.885,     1.000,     4.039,    70.808,     0.000,   325.248,   325.348,   -35.732,   -35.175,     0.000,
 40559.210,   114.386,    23.828,     4.030,     0.413,  4970.418,     0.000,     0.000,    18.822,  1865.885,     1.000,     4.003,    71.199,     0.000,   325.512,   325.242,   -35.489,   -35.439,     0.000,
 40559.251,   128.727,    23.828,     3.972,     0.391,  4948.289,     0.000,     0.000,    18.822,  1865.885,     1.000,     3.972,    78.799,     0.000,   328.623,   324.968,   -37.494,   -37.650,     0.000,
 40559.293,   134.851,    23.825,     3.945,     0.418,  4938.821,   291.906,     0.000,    18.819,  1865.885,     1.000,     3.945,   348.160,   275.383,   324.863,   324.840,   -37.355,   -35.399,     0.000,
 40559.335,   124.041,    23.824,     3.921,     0.387,  4976.841,     0.000,     0.000,    18.818,  1865.885,     1.000,     3.921,    67.591,     0.000,   319.660,   324.730,   -37.261,   -35.400,     0.000,
 40559.377,   142.558,    23.827,     3.898,     0.358,  4942.943,     0.000,     0.000,    18.821,  1865.885,     1.000,     3.898,    49.332,     0.000,   302.479,   324.619,   -37.046,   -34.426,     0.000,
 40559.418,   121.470,    23.826,     3.877,     0.351,  4910.985,   332.557,     0.000,    18.820,  1865.885,     1.000,     3.877,   388.989,   313.733,   322.325,   324.520,   -40.012,   -37.438,     0.000,
 40559.460,   126.627,    23.826,     3.860,     0.339,  4905.882,     0.000,     0.000,    18.820,  1865.885,     1.000,     3.860,    75.984,     0.000,   325.772,   324.441,   -38.309,   -36.346,     0.000,
 40559.501,   133.920,    23.826,     3.847,     0.383,  4865.582,     0.000,     0.000,    18.820,  1865.885,     1.000,     3.847,    87.999,     0.000,   326.699,   324.381,   -45.377,   -40.304,     0.000,
 40559.543,   137.003,    23.829,     3.840,     0.351,  4917.618,   303.169,     0.000,    18.823,  1865.885,     1.000,     3.840,   401.282,   286.009,   334.976,   324.345,   -52.161,   -52.481,     0.000,
 40559.585,   137.171,    23.828,     3.836,     0.368,  4906.502,     0.000,     0.000,    18.822,  1865.885,     1.000,     3.836,   102.282,     0.000,   336.470,   324.327,   -43.413,   -46.727,     0.000,
 40559.627,   129.943,    23.824,     3.833,     0.363,  4802.665,     0.000,     0.000,    18.818,  1865.885,     1.000,     3.833,    91.521,     0.000,   333.690,   324.314,   -40.736,   -41.409,     0.000,
 40559.668,   132.784,    23.828,     3.832,     0.380,  4827.729,   293.130,     0.000,    18.822,  1865.885,     1.000,     3.832,   357.985,   276.538,   328.227,   324.307,   -39.516,   -38.011,     0.000,
 40559.710,   132.024,    23.829,     3.831,     0.326,  4791.636,     0.000,     0.000,    18.823,  1865.885,     1.000,     3.831,    63.379,     0.000,   305.185,   324.301,   -41.264,   -41.231,     0.000,
 40559.752,   142.071,    23.826,     3.828,     0.362,  4835.630,     0.000,     0.000,    18.820,  1865.885,     1.000,     3.828,    32.944,     0.000,   277.238,   324.291,   -41.208,   -38.789,     0.000,
 40559.793,   128.094,    23.826,     3.826,     0.351,  4871.526,   542.798,     0.000,    18.820,  1865.885,     1.000,     3.826,   534.889,   512.073,   273.311,   324.279,   -38.175,   -35.608,     0.000,
 40559.835,   135.999,    23.825,     3.832,     0.358,  4699.857,     0.000,     0.000,    18.819,  1865.885,     1.000,     3.832,   143.771,     0.000,   280.419,   324.303,   -83.829,  -103.826,     0.000,
 40559.877,   135.443,    23.820,     3.854,     0.279,  4370.461,     0.000,     0.000,    18.814,  1865.885,     1.000,     3.854,   226.695,     0.000,   280.815,   324.405,  -108.916,  -161.369,     0.000,
 40559.918,   140.599,    23.819,     3.890,     0.323,  4016.938,   165.778,     0.000,    18.813,  1865.885,     1.000,     3.890,   490.293,   156.394,   276.943,   324.573,  -163.149,  -218.381,     0.000,
 40559.960,   137.327,    23.816,     3.922,     0.293,  4753.289,     0.000,     0.000,    18.810,  1865.885,     1.000,     3.922,   170.178,     0.000,   274.368,   324.728,   -91.691,  -128.848,     0.000,
 40560.002,   123.429,    23.823,     3.945,     0.380,  4954.683,     0.000,     0.000,    18.817,  1865.885,     1.000,     3.945,   186.909,     0.000,   271.821,   324.833,  -107.920,  -132.001,     0.000,
 40560.043,   136.748,    23.820,     3.967,     0.351,  4764.459,     0.000,     0.000,    18.814,  1865.885,     1.000,     3.967,   240.995,     0.000,   274.479,   324.941,  -127.179,  -164.278,     0.000,
 40560.085,   131.646,    23.809,     4.061,     0.224,  4299.693,     0.000,     0.000,    18.803,  1865.885,     1.000,     4.000,   350.252,     0.000,   272.887,   325.310,  -175.870,  -226.806,     0.000,
 40560.127,   129.061,    23.806,     4.123,     0.187,  4394.307,     0.000,     0.000,    18.800,  1865.885,     1.000,     4.034,   271.736,     0.000,   271.000,   325.725,  -126.778,  -199.683,     0.000,
 40560.168,   117.678,    23.803,     4.104,     0.234,  5288.792,     0.000,     0.000,    18.797,  1865.885,     1.000,     4.057,   194.914,     0.000,   270.605,   325.588,   -90.516,  -159.381,     0.000,
 40560.210,   117.043,    23.804,     4.104,     0.170,  5228.917,     0.000,     0.000,    18.798,  1865.885,     1.000,     4.071,   168.356,     0.000,   268.224,   325.577,   -75.071,  -150.639,     0.000,
 40560.253,   112.401,    23.794,     4.130,     0.142,  4638.046,     0.000,     0.000,    18.788,  1865.885,     1.000,     4.088,   214.365,     0.000,   265.215,   325.701,   -91.980,  -182.871,     0.000,
 40560.293,   122.603,    23.786,     4.155,     0.180,  4365.401,     0.000,     0.000,    18.780,  1865.885,     1.000,     4.112,   217.003,     0.000,   265.215,   325.815,   -83.171,  -194.433,     0.000,
 40560.335,   117.364,    23.785,     4.173,     0.189,  4791.618,     0.000,     0.000,    18.779,  1865.885,     1.000,     4.135,   165.164,     0.000,   262.208,   325.906,   -75.719,  -153.142,     0.000,
 40560.378,   113.405,    23.794,     4.202,     0.154,  4841.750,     0.000,     0.000,    18.788,  1865.885,     1.000,     4.155,   153.243,     0.000,   262.714,   326.045,   -61.651,  -154.924,     0.000,
 40560.418,   116.555,    23.788,     4.205,     0.214,  4815.696,   689.663,     0.000,    18.782,  1865.885,     1.000,     4.175,   809.478,   650.626,   265.215,   326.051,   -51.769,  -167.919,     0.000,
 40560.461,    90.571,    23.778,     4.219,     0.289,  5181.202,     0.000,     0.000,    18.772,  1865.885,     1.000,     4.196,   145.910,     0.000,   265.499,   326.121,   -47.780,  -158.753,     0.000,
 40560.503,   110.366,    23.776,     4.252,     0.148,  4844.049,     0.000,     0.000,    18.770,  1865.885,     1.000,     4.221,   202.126,     0.000,   269.272,   326.257,   -54.212,  -204.900,     0.000,
 40560.544,   108.443,    23.762,     4.345,     0.033,  2622.695,     0.000,     0.000,    18.756,  1865.885,     1.000,     4.262,   401.651,     0.000,   274.508,   326.666,   -60.551,  -393.258,     0.000,
 40560.586,   110.675,    23.756,     4.379,     0.182,  4645.551,     0.000,     0.000,    18.750,  1865.885,     1.000,     4.299,   154.832,     0.000,   268.449,   326.874,   -35.267,  -177.989,     0.000,
 40560.628,   110.512,    23.780,     4.345,     0.319,  6540.475,     0.000,     0.000,    18.774,  1865.885,     1.000,     4.323,   113.182,     0.000,   265.177,   326.719,   -35.726,  -138.999,     0.000,
 40560.669,   107.264,    23.773,     4.352,     0.445,  6359.157,     0.000,     0.000,    18.767,  1865.885,     1.000,     4.338,    74.452,     0.000,   309.381,   326.759,   -15.134,   -76.696,     0.000,
 40560.711,   111.628,    23.767,     4.372,     0.215,  5327.807,     0.000,     0.000,    18.761,  1865.885,     1.000,     4.355,   104.721,     0.000,   305.699,   326.838,   -15.625,  -110.235,     0.000,
 40560.751,   116.864,    23.756,     4.372,     0.215,  5205.569,     0.000,     0.000,    18.750,  1865.885,     1.000,     4.366,    32.474,     0.000,   304.106,   326.841,    -1.294,   -53.916,     0.000,
 40560.794,   100.063,    23.751,     4.383,     0.177,  5094.264,     0.000,     0.000,    18.745,  1865.885,     1.000,     4.373,    54.994,     0.000,   303.717,   326.893,    -1.379,   -76.790,     0.000,
 40560.836,   111.799,    23.744,     4.388,     0.169,  4840.585,     0.000,     0.000,    18.738,  1865.885,     1.000,     4.379,    37.149,     0.000,   299.268,   326.921,     9.615,   -74.417,     0.000,
 40560.877,    97.394,    23.740,     4.385,     0.200,  4785.465,     0.000,     0.000,    18.734,  1865.885,     1.000,     4.381,     8.804,     0.000,   279.059,   326.905,    13.200,   -69.850,     0.000,
 40560.919,   109.902,    23.736,     4.377,     0.195,  4931.342,     0.000,     0.000,    18.730,  1865.885,     1.000,     4.377,   -24.250,     0.000,   255.410,   326.869,    16.702,   -63.911,     0.000,
 40560.961,   104.433,    23.730,     4.372,     0.194,  5120.459,     0.000,     0.000,    18.724,  1865.885,     1.000,     4.372,    -2.827,     0.000,   289.710,   326.845,    12.829,   -47.137,     0.000,
 40561.002,   100.618,    23.724,     4.363,     0.202,  5231.295,     0.000,     0.000,    18.718,  1865.885,     1.000,     4.363,   -50.877,     0.000,   250.648,   326.804,    16.334,   -41.614,     0.000,
 40561.044,   104.968,    23.720,     4.350,     0.320,  4905.263,     0.000,     0.000,    18.714,  1865.885,     1.000,     4.350,   -55.703,     0.000,   248.207,   326.743,    22.902,   -45.736,     0.000,
 40561.085,    95.301,    23.713,     4.333,     0.186,  5046.165,     0.000,     0.000,    18.707,  1865.885,     1.000,     4.333,   -66.955,     0.000,   246.018,   326.665,    13.433,   -27.127,     0.000,
 40561.127,    87.430,    23.712,     4.314,     0.273,  5157.802,     0.000,     0.000,    18.706,  1865.885,     1.000,     4.314,   -63.635,     0.000,   245.747,   326.576,    13.870,   -31.064,     0.000,
 40561.169,    96.544,    23.706,     4.295,     0.206,  5460.195,     0.000,     0.000,    18.700,  1865.885,     1.000,     4.295,   -71.558,     0.000,   246.775,   326.484,     5.278,   -13.429,     0.000,
 40561.210,   104.263,    23.704,     4.277,     0.196,  5349.243,     0.000,     0.000,    18.698,  1865.885,     1.000,     4.277,   -61.815,     0.000,   247.500,   326.397,    10.931,   -28.013,     0.000,
 40561.252,    91.550,    23.702,     4.260,     0.201,  5296.891,     0.000,     0.000,    18.696,  1865.885,     1.000,     4.260,   -56.194,     0.000,   255.429,   326.321,     7.251,   -21.948,     0.000,
 40561.294,    92.534,    23.701,     4.247,     0.231,  5431.546,     0.000,     0.000,    18.695,  1865.885,     1.000,     4.247,   -24.023,     0.000,   287.490,   326.259,     1.923,   -16.668,     0.000,
 40561.335,    89.770,    23.696,     4.236,     0.364,  5467.325,     0.000,     0.000,    18.690,  1865.885,     1.000,     4.236,   -28.892,     0.000,   287.576,   326.205,     0.834,   -10.570,     0.000,
 40561.377,    90.564,    23.690,     4.224,     0.206,  5318.874,     0.000,     0.000,    18.684,  1865.885,     1.000,     4.224,   -10.144,     0.000,   289.128,   326.150,     9.680,   -36.558,     0.000,
 40561.419,    87.946,    23.684,     4.211,     0.222,  5486.487,     0.000,     0.000,    18.678,  1865.885,     1.000,     4.211,   -30.278,     0.000,   285.454,   326.089,     2.660,   -13.017,     0.000,
 40561.460,    97.911,    23.686,     4.193,     0.247,  5649.428,     0.000,     0.000,    18.680,  1865.885,     1.000,     4.193,   -38.288,     0.000,   268.541,   326.007,    -3.079,   -16.099,     0.000,
 40561.502,    88.618,    23.684,     4.173,     0.215,  5669.755,     0.000,     0.000,    18.678,  1865.885,     1.000,     4.173,   -36.817,     0.000,   270.034,   325.908,    -2.468,   -16.589,     0.000,
 40561.544,    89.025,    23.683,     4.149,     0.236,  5763.694,     0.000,     0.000,    18.677,  1865.885,     1.000,     4.149,   -37.990,     0.000,   270.435,   325.796,    -1.679,   -15.692,     0.000,
 40561.585,    83.563,    23.680,     4.123,     0.224,  5763.574,     0.000,     0.000,    18.674,  1865.885,     1.000,     4.123,   -19.651,     0.000,   287.740,   325.676,    -2.279,   -16.005,     0.000,
 40561.627,    82.585,    23.675,     4.094,     0.204,  5710.381,     0.000,     0.000,    18.669,  1865.885,     1.000,     4.094,   -38.245,     0.000,   268.027,   325.541,     0.516,   -19.785,     0.000,
 40561.669,    82.818,    23.677,     4.064,     0.275,  5709.604,     0.000,     0.000,    18.671,  1865.885,     1.000,     4.064,   -41.129,     0.000,   266.514,   325.397,    -1.802,   -15.952,     0.000,
 40561.710,    81.445,    23.676,     4.036,     0.245,  5939.705,     0.000,     0.000,    18.670,  1865.885,     1.000,     4.036,   -31.258,     0.000,   281.625,   325.269,    -2.501,    -9.885,     0.000,
 40561.752,    82.942,    23.676,     4.014,     0.391,  5953.593,     0.000,     0.000,    18.670,  1865.885,     1.000,     4.014,   -40.565,     0.000,   280.408,   325.162,     6.065,   -10.255,     0.000,
 40561.794,    77.664,    23.674,     3.997,     0.254,  6114.698,     0.000,     0.000,    18.668,  1865.885,     1.000,     3.997,   -38.875,     0.000,   283.181,   325.085,     0.846,    -3.875,     0.000,
 40561.835,    79.695,    23.677,     3.985,     0.275,  6186.817,     0.000,     0.000,    18.671,  1865.885,     1.000,     3.985,   -43.043,     0.000,   281.070,   325.028,     1.575,    -2.490,     0.000,
 40561.877,    83.301,    23.679,     3.968,     0.275,  6152.990,     0.000,     0.000,    18.673,  1865.885,     1.000,     3.974,   -42.202,     0.000,   283.715,   324.946,     6.193,    -5.222,     0.000,
 40561.919,    77.612,    23.678,     3.949,     0.269,  6227.202,     0.000,     0.000,    18.672,  1865.885,     1.000,     3.960,   -57.292,     0.000,   277.201,   324.860,     6.731,     2.902,     0.000,
 40561.961,    82.170,    23.680,     3.931,     0.257,  6271.373,     0.000,     0.000,    18.674,  1865.885,     1.000,     3.943,   -63.074,     0.000,   275.093,   324.772,     8.281,     5.114,     0.000,
 40562.002,    77.989,    23.682,     3.916,     0.268,  6275.716,     0.000,     0.000,    18.676,  1865.885,     1.000,     3.929,   -77.787,     0.000,   271.283,   324.706,    12.225,    12.139,     0.000,
 40562.044,    75.106,    23.682,     3.902,     0.291,  6344.939,     0.000,     0.000,    18.676,  1865.885,     1.000,     3.919,   -69.634,     0.000,   272.419,   324.635,     8.946,     8.472,     0.000,
 40562.086,    74.924,    23.683,     3.902,     0.290,  6481.724,     0.000,     0.000,    18.677,  1865.885,     1.000,     3.912,   -66.161,     0.000,   271.264,   324.632,     6.618,     6.175,     0.000,
 40562.127,    80.206,    23.685,     3.897,     0.300,  6462.657,     0.000,     0.000,    18.679,  1865.885,     1.000,     3.916,   -80.750,     0.000,   255.289,   324.614,     6.111,     5.313,     0.000,
 40562.169,    76.797,    23.683,     3.916,     0.278,  6625.743,     0.000,     0.000,    18.677,  1865.885,     1.000,     3.937,  -101.843,     0.000,   234.944,   324.702,     6.394,     5.691,     0.000,
 40562.210,    78.640,    23.683,     3.951,     0.372,  6504.084,     0.000,     0.000,    18.677,  1865.885,     1.000,     3.968,   -82.798,     0.000,   256.236,   324.815,     8.067,     6.152,     0.000,
 40562.252,    78.236,    23.685,     4.006,     0.299,  6607.084,     0.000,     0.000,    18.679,  1865.885,     1.000,     4.006,   -69.177,     0.000,   271.805,   325.122,     8.559,     7.300,     0.000,
 40562.294,    72.368,    23.684,     4.040,     0.357,  6747.348,     0.000,     0.000,    18.678,  1865.885,     1.000,     4.040,   -71.151,     0.000,   271.260,   325.283,     9.128,     7.999,     0.000,
 40562.335,    77.651,    23.683,     4.063,     0.206,  6703.285,     0.000,     0.000,    18.677,  1865.885,     1.000,     4.063,   -73.156,     0.000,   270.740,   325.388,     9.882,     8.625,     0.000,
 40562.377,    73.867,    23.679,     4.074,     0.314,  6786.449,     0.000,     0.000,    18.673,  1865.885,     1.000,     4.074,   -72.452,     0.000,   271.340,   325.442,    10.286,     8.064,     0.000,
 40562.419,    72.275,    23.678,     4.073,     0.253,  6771.588,     0.000,     0.000,    18.672,  1865.885,     1.000,     4.073,   -61.850,     0.000,   275.404,   325.438,     7.782,     4.033,     0.000,
 40562.460,    70.872,    23.676,     4.065,     0.292,  6927.638,     0.000,     0.000,    18.670,  1865.885,     1.000,     4.065,   -50.292,     0.000,   279.893,   325.403,     5.039,    -0.257,     0.000,
 40562.502,    73.521,    23.680,     4.054,     0.295,  6946.880,     0.000,     0.000,    18.674,  1865.885,     1.000,     4.054,   -46.126,     0.000,   282.960,   325.352,     6.844,    -3.110,     0.000,
 40562.544,    72.474,    23.667,     4.031,     0.298,  7026.442,     0.000,     0.000,    18.661,  1865.885,     1.000,     4.031,   -43.150,     0.000,   283.892,   325.243,     7.316,    -5.517,     0.000,
 40562.585,    90.080,    23.674,     3.987,     0.462,  6489.673,     0.000,     0.000,    18.668,  1865.885,     1.000,     3.987,   -79.533,     0.000,   247.925,   325.043,    11.563,    -9.148,     0.000,
 40562.627,    88.617,    23.671,     3.911,     0.516,  6712.390,     0.000,     0.000,    18.665,  1865.885,     1.000,     3.933,   -84.288,     0.000,   240.056,   324.690,     7.080,    -7.425,     0.000,
 40562.669,    88.996,    23.672,     3.862,     0.502,  6953.593,     0.000,     0.000,    18.666,  1865.885,     1.000,     3.881,   -64.284,     0.000,   261.505,   324.459,     6.822,    -5.491,     0.000,
 40562.710,    87.089,    23.669,     3.832,     0.554,  7150.844,     0.000,     0.000,    18.663,  1865.885,     1.000,     3.842,   -70.441,     0.000,   260.038,   324.286,     6.984,    -0.791,     0.000,
 40562.752,    87.417,    23.664,     3.806,     0.551,  7161.739,     0.000,     0.000,    18.658,  1865.885,     1.000,     3.819,   -91.358,     0.000,   240.499,   324.180,     8.888,    -1.212,     0.000,
 40562.794,    82.774,    23.660,     3.791,     0.557,  7216.764,     0.000,     0.000,    18.654,  1865.885,     1.000,     3.809,   -80.483,     0.000,   247.206,   324.117,     5.123,    -1.551,     0.000,
 40562.835,    85.919,    23.657,     3.799,     0.516,  7318.164,     0.000,     0.000,    18.651,  1865.885,     1.000,     3.809,   -50.780,     0.000,   278.772,   324.157,     5.756,    -0.361,     0.000,
 40562.877,    89.475,    23.654,     3.819,     0.534,  7353.127,     0.000,     0.000,    18.648,  1865.885,     1.000,     3.825,   -54.376,     0.000,   279.038,   324.248,     9.824,    -0.658,     0.000,
 40562.919,    81.096,    23.644,     3.852,     0.543,  7428.616,     0.000,     0.000,    18.638,  1865.885,     1.000,     3.858,   -61.430,     0.000,   277.247,   324.404,    12.639,     1.634,     0.000,
 40562.960,    82.016,    23.636,     3.890,     0.624,  7493.682,     0.000,     0.000,    18.630,  1865.885,     1.000,     3.894,   -64.700,     0.000,   275.675,   324.580,    12.573,     3.223,     0.000,
 40563.002,    90.009,    23.627,     3.925,     0.568,  7599.952,     0.000,     0.000,    18.621,  1865.885,     1.000,     3.931,   -66.212,     0.000,   274.803,   324.746,    12.289,     3.980,     0.000,
 40563.044,    59.608,    23.618,     3.953,     0.381,  8183.367,     0.000,     0.000,    18.612,  1865.885,     1.000,     3.964,   -67.708,     0.000,   273.899,   324.875,    11.747,     4.985,     0.000,
 40563.085,    53.979,    23.616,     3.991,     0.383,  8076.093,     0.000,     0.000,    18.610,  1865.885,     1.000,     3.991,   -71.109,     0.000,   272.990,   325.053,    12.995,     6.050,     0.000,
 40563.127,    55.215,    23.602,     4.013,     0.337,  7841.137,     0.000,     0.000,    18.596,  1865.885,     1.000,     4.013,   -72.949,     0.000,   272.401,   325.154,    13.465,     6.731,     0.000,
 40563.169,    54.655,    23.591,     4.025,     0.311,  7666.135,     0.000,     0.000,    18.585,  1865.885,     1.000,     4.025,   -74.377,     0.000,   271.816,   325.214,    13.605,     7.374,     0.000,
 40563.210,    55.614,    23.588,     4.029,     0.320,  7650.512,     0.000,     0.000,    18.582,  1865.885,     1.000,     4.029,   -74.822,     0.000,   271.206,   325.231,    12.792,     8.006,     0.000,
 40563.252,    56.300,    23.580,     4.022,     0.362,  7570.368,     0.000,     0.000,    18.574,  1865.885,     1.000,     4.022,   -77.135,     0.000,   270.370,   325.199,    13.477,     8.829,     0.000,
 40563.294,    53.635,    23.577,     4.011,     0.299,  7447.320,     0.000,     0.000,    18.571,  1865.885,     1.000,     4.011,   -78.078,     0.000,   270.411,   325.149,    13.814,     9.526,     0.000,
 40563.335,    55.787,    23.566,     3.999,     0.311,  7502.638,     0.000,     0.000,    18.560,  1865.885,     1.000,     3.999,   -85.556,     0.000,   267.578,   325.092,    16.966,    11.076,     0.000,
 40563.377,    55.195,    23.559,     3.985,     0.315,  7480.176,     0.000,     0.000,    18.553,  1865.885,     1.000,     3.985,  -108.929,     0.000,   238.678,   325.025,    13.725,     8.857,     0.000,
 40563.419,    55.182,    23.547,     3.951,     0.312,  7482.207,     0.000,     0.000,    18.541,  1865.885,     1.000,     3.970,  -105.067,     0.000,   235.924,   324.869,    13.221,     2.902,     0.000,
 40563.460,    57.017,    23.542,     3.950,     0.315,  7423.210,     0.000,     0.000,    18.536,  1865.885,     1.000,     3.965,   -69.458,     0.000,   259.861,   324.858,     9.367,    -4.907,     0.000,
 40563.502,    56.191,    23.537,     3.956,     0.304,  7414.938,     0.000,     0.000,    18.531,  1865.885,     1.000,     3.970,   -68.564,     0.000,   249.297,   324.887,     5.005,   -12.032,     0.000,
 40563.544,    54.371,    23.530,     3.974,     0.282,  7314.833,     0.000,     0.000,    18.524,  1865.885,     1.000,     3.983,   -71.624,     0.000,   250.699,   324.973,    10.435,   -13.085,     0.000,
 40563.585,    58.633,    23.527,     4.005,     0.294,  7275.218,     0.000,     0.000,    18.521,  1865.885,     1.000,     4.005,   -71.325,     0.000,   250.784,   325.116,    11.645,   -14.652,     0.000,
 40563.627,    59.865,    23.514,     4.027,     0.282,  6934.163,     0.000,     0.000,    18.508,  1865.885,     1.000,     4.027,   -49.399,     0.000,   255.952,   325.219,    86.325,  -106.193,     0.000,
 40563.669,    59.773,    23.498,     4.046,     0.255,  6899.201,     0.000,     0.000,    18.492,  1696.259,     1.000,     4.046,   -64.994,     0.000,   255.529,   325.312,    65.213,   -70.002,     0.000,
 40563.710,    58.746,    23.499,     4.066,     0.325,  7329.432,     0.000,     0.000,    18.493,  1696.259,     1.000,     4.066,   -67.909,     0.000,   253.824,   325.405,    60.722,   -64.394,     0.000,
 40563.752,    61.440,    23.498,     4.084,     0.303,  7271.322,     0.000,     0.000,    18.492,  1696.259,     1.000,     4.084,   -91.001,     0.000,   250.399,   325.488,    67.280,   -51.368,     0.000,
 40563.794,    59.795,    23.498,     4.103,     0.335,  7470.696,     0.000,     0.000,    18.492,  1696.259,     1.000,     4.103,   -70.347,     0.000,   252.156,   325.576,    11.854,   -14.927,     0.000,
 40563.835,    61.326,    23.499,     4.126,     0.323,  7437.409,     0.000,     0.000,    18.493,  1696.259,     1.000,     4.126,   -28.507,     0.000,   289.926,   325.686,     9.012,   -16.265,     0.000,
 40563.877,    60.949,    23.492,     4.150,     0.286,  7147.181,     0.000,     0.000,    18.486,  1696.259,     1.000,     4.150,   -38.449,     0.000,   276.080,   325.799,     4.581,   -15.852,     0.000,
 40563.919,    61.253,    23.490,     4.168,     0.353,  7129.307,     0.000,     0.000,    18.484,  1696.259,     1.000,     4.168,   -57.692,     0.000,   254.116,   325.883,     8.149,   -22.225,     0.000,
 40563.961,    60.966,    23.487,     4.181,     0.321,  7164.449,     0.000,     0.000,    18.481,  1696.259,     1.000,     4.181,   -61.963,     0.000,   255.039,   325.944,     7.939,   -16.881,     0.000,
 40564.002,    61.977,    23.486,     4.193,     0.324,  7028.340,     0.000,     0.000,    18.480,  1696.259,     1.000,     4.193,   -16.504,     0.000,   298.545,   326.000,     6.138,   -17.088,     0.000,
 40564.044,    60.982,    23.484,     4.207,     0.346,  6989.354,     0.000,     0.000,    18.478,  1696.259,     1.000,     4.207,   -17.789,     0.000,   297.313,   326.066,     9.243,   -20.207,     0.000,
 40564.085,    61.926,    23.479,     4.219,     0.358,  7015.067,     0.000,     0.000,    18.473,  1696.259,     1.000,     4.219,   -32.480,     0.000,   289.496,   326.122,     6.601,   -10.748,     0.000,
 40564.127,    63.362,    23.476,     4.228,     0.288,  6920.349,     0.000,     0.000,    18.470,  1696.259,     1.000,     4.228,   -33.787,     0.000,   288.137,   326.165,     5.519,    -9.760,     0.000,
 40564.169,    62.256,    23.471,     4.236,     0.276,  6908.030,     0.000,     0.000,    18.465,  1696.259,     1.000,     4.236,   -23.415,     0.000,   292.586,   326.204,     2.613,   -12.816,     0.000,
 40564.210,    63.384,    23.473,     4.242,     0.401,  6857.564,     0.000,     0.000,    18.467,  1696.259,     1.000,     4.242,   -27.069,     0.000,   288.262,   326.233,    -0.237,   -10.664,     0.000,
 40564.252,    60.434,    23.470,     4.245,     0.280,  6885.077,     0.000,     0.000,    18.464,  1696.259,     1.000,     4.245,   -13.301,     0.000,   293.436,   326.246,    -4.945,   -14.564,     0.000,
 40564.294,    60.886,    23.468,     4.245,     0.284,  6850.123,     0.000,     0.000,    18.462,  1696.259,     1.000,     4.245,   -14.972,     0.000,   292.587,   326.247,    -4.763,   -13.925,     0.000,
 40564.335,    63.137,    23.465,     4.245,     0.279,  6761.731,     0.000,     0.000,    18.459,  1696.259,     1.000,     4.245,   -12.644,     0.000,   289.253,   326.246,    -6.703,   -17.645,     0.000,
 40564.377,    64.495,    23.464,     4.244,     0.290,  6704.740,     0.000,     0.000,    18.458,  1696.259,     1.000,     4.244,   -30.083,     0.000,   276.528,   326.244,    -5.382,   -14.250,     0.000,
 40564.419,    62.416,    23.464,     4.249,     0.269,  6720.076,     0.000,     0.000,    18.458,  1696.259,     1.000,     4.249,   -11.444,     0.000,   294.718,   326.264,    -5.870,   -14.232,     0.000,
 40564.461,    65.503,    23.465,     4.262,     0.320,  6659.917,     0.000,     0.000,    18.459,  1696.259,     1.000,     4.262,    -8.731,     0.000,   282.239,   326.324,   -11.169,   -24.185,     0.000,
 40564.502,    64.537,    23.464,     4.282,     0.319,  6592.809,     0.000,     0.000,    18.458,  1696.259,     1.000,     4.281,    16.045,     0.000,   303.074,   326.419,   -13.116,   -26.274,     0.000,
 40564.544,    65.496,    23.462,     4.317,     0.261,  6317.446,     0.000,     0.000,    18.456,  1696.259,     1.000,     4.309,    86.603,     0.000,   284.477,   326.584,   -43.746,   -84.964,     0.000,
 40564.585,    67.333,    23.454,     4.354,     0.291,  6378.132,     0.000,     0.000,    18.448,  1696.259,     1.000,     4.343,    66.450,     0.000,   300.893,   326.756,   -32.132,   -60.182,     0.000,
 40564.627,    67.276,    23.460,     4.375,     0.271,  6634.505,     0.000,     0.000,    18.454,  1696.259,     1.000,     4.373,    18.252,     0.000,   262.522,   326.858,   -27.167,   -55.421,     0.000,
 40564.669,    75.442,    23.459,     4.411,     0.236,  6477.401,     0.000,     0.000,    18.453,  1696.259,     1.000,     4.403,    72.101,     0.000,   286.034,   327.022,   -39.105,   -73.985,     0.000,
 40564.710,    66.403,    23.452,     4.453,     0.259,  5961.553,     0.000,     0.000,    18.446,  1696.259,     1.000,     4.440,   151.447,     0.000,   260.788,   327.211,   -74.557,  -143.313,     0.000,
 40564.752,    71.404,    23.448,     4.484,     0.234,  6400.119,     0.000,     0.000,    18.442,  1696.259,     1.000,     4.476,    61.301,     0.000,   261.443,   327.366,   -45.680,   -81.544,     0.000,
 40564.794,    67.451,    23.459,     4.519,     0.211,  6526.330,     0.000,     0.000,    18.453,  1696.259,     1.000,     4.509,    95.106,     0.000,   260.750,   327.529,   -61.576,  -100.308,     0.000,
 40564.835,    70.891,    23.455,     4.562,     0.261,  6201.862,     0.000,     0.000,    18.449,  1696.259,     1.000,     4.547,   108.376,     0.000,   262.679,   327.737,   -60.393,  -113.041,     0.000,
 40564.877,    66.393,    23.462,     4.593,     0.228,  6457.260,     0.000,     0.000,    18.456,  1696.259,     1.000,     4.585,    44.204,     0.000,   263.365,   327.882,   -31.502,   -77.219,     0.000,
 40564.919,    68.787,    23.464,     4.621,     0.261,  6522.278,     0.000,     0.000,    18.458,  1696.259,     1.000,     4.617,    33.523,     0.000,   263.365,   328.018,   -27.879,   -70.297,     0.000,
 40564.960,    70.861,    23.465,     4.663,     0.303,  5683.344,     0.000,     0.000,    18.459,  1696.259,     1.000,     4.654,   157.255,     0.000,   262.596,   328.210,   -62.766,  -160.104,     0.000,
 40565.002,    73.169,    23.457,     4.696,     0.253,  5670.758,     0.000,     0.000,    18.451,  1696.259,     1.000,     4.690,    90.832,     0.000,   261.777,   328.373,   -34.130,  -123.299,     0.000,
 40565.044,    69.387,    23.470,     4.713,     0.297,  6654.563,     0.000,     0.000,    18.464,  1696.259,     1.000,     4.713,    -7.853,     0.000,   259.588,   328.453,    -6.906,   -54.107,     0.000,
 40565.085,    65.426,    23.479,     4.728,     0.330,  6575.125,     0.000,     0.000,    18.473,  1696.259,     1.000,     4.728,   -12.624,     0.000,   257.961,   328.525,    -0.455,   -57.485,     0.000,
 40565.127,    69.143,    23.485,     4.734,     0.278,  6613.881,     0.000,     0.000,    18.479,  1696.259,     1.000,     4.734,   -54.260,     0.000,   255.391,   328.555,     1.850,   -20.754,     0.000,
 40565.169,    68.318,    23.483,     4.731,     0.204,  6393.238,     0.000,     0.000,    18.477,  1696.259,     1.000,     4.731,   -50.734,     0.000,   251.845,   328.542,     6.561,   -32.523,     0.000,
 40565.210,    69.475,    23.479,     4.723,     0.193,  6237.549,     0.000,     0.000,    18.473,  1696.259,     1.000,     4.723,   -66.260,     0.000,   249.031,   328.504,    15.465,   -28.678,     0.000,
 40565.252,    71.539,    23.484,     4.709,     0.178,  6259.364,     0.000,     0.000,    18.478,  1696.259,     1.000,     4.709,   -90.033,     0.000,   244.007,   328.434,    18.257,   -12.652,     0.000,
 40565.294,    64.707,    23.490,     4.687,     0.185,  6305.266,     0.000,     0.000,    18.484,  1696.259,     1.000,     4.687,   -87.401,     0.000,   244.665,   328.333,    13.328,    -9.595,     0.000,
 40565.335,    66.521,    23.495,     4.656,     0.185,  6300.757,     0.000,     0.000,    18.489,  1696.259,     1.000,     4.656,   -88.906,     0.000,   243.789,   328.188,    12.516,    -8.009,     0.000,
 40565.377,    72.769,    23.496,     4.618,     0.245,  6260.259,     0.000,     0.000,    18.490,  1696.259,     1.000,     4.618,   -81.505,     0.000,   247.069,   328.007,    13.976,   -13.409,     0.000,
 40565.419,    62.635,    23.492,     4.578,     0.189,  6100.884,     0.000,     0.000,    18.486,  1696.259,     1.000,     4.578,   -47.789,     0.000,   253.738,   327.819,    29.199,   -55.491,     0.000,
 40565.460,    69.255,    23.497,     4.539,     0.203,  6445.524,     0.000,     0.000,    18.491,  1696.259,     1.000,     4.539,   -51.484,     0.000,   258.916,   327.636,     9.792,   -27.028,     0.000,
 40565.502,    67.017,    23.505,     4.501,     0.240,  6284.959,     0.000,     0.000,    18.499,  1696.259,     1.000,     4.501,   -42.340,     0.000,   265.854,   327.456,     6.845,   -26.106,     0.000,
 40565.544,    65.498,    23.506,     4.471,     0.198,  6288.429,     0.000,     0.000,    18.500,  1865.885,     1.000,     4.471,   -35.149,     0.000,   271.058,   327.316,     7.076,   -28.185,     0.000,
 40565.586,    65.289,    23.504,     4.451,     0.194,  6277.696,     0.000,     0.000,    18.498,  1696.259,     1.000,     4.451,   -21.826,     0.000,   273.537,   327.217,     4.773,   -36.627,     0.000,
 40565.627,    63.554,    23.509,     4.436,     0.189,  6280.345,     0.000,     0.000,    18.503,  1865.885,     1.000,     4.436,   -33.763,     0.000,   270.597,   327.148,     5.202,   -27.990,     0.000,
 40565.669,    63.586,    23.513,     4.425,     0.172,  6242.108,     0.000,     0.000,    18.507,  1865.885,     1.000,     4.425,   -33.678,     0.000,   270.539,   327.094,     5.119,   -27.996,     0.000,
 40565.711,    64.629,    23.516,     4.414,     0.189,  6240.225,     0.000,     0.000,    18.510,  1865.885,     1.000,     4.414,   -53.355,     0.000,   258.304,   327.043,     4.892,   -20.276,     0.000,
 40565.752,    65.229,    23.518,     4.402,     0.269,  6285.938,     0.000,     0.000,    18.512,  1865.885,     1.000,     4.402,   -74.953,     0.000,   247.670,   326.988,     6.692,   -11.057,     0.000,
 40565.794,    62.439,    23.520,     4.388,     0.208,  6317.013,     0.000,     0.000,    18.514,  1865.885,     1.000,     4.388,   -93.749,     0.000,   240.608,   326.923,     7.816,    -0.382,     0.000,
 40565.836,    64.255,    23.524,     4.373,     0.200,  6322.290,     0.000,     0.000,    18.518,  1865.885,     1.000,     4.373,  -101.394,     0.000,   237.181,   326.851,     8.407,     3.318,     0.000,
 40565.877,    64.272,    23.527,     4.358,     0.198,  6397.639,     0.000,     0.000,    18.521,  1865.885,     1.000,     4.358,  -109.497,     0.000,   234.309,   326.778,    10.530,     6.499,     0.000,
 40565.919,    63.223,    23.528,     4.342,     0.213,  6410.379,     0.000,     0.000,    18.522,  1865.885,     1.000,     4.342,  -116.857,     0.000,   233.801,   326.706,    15.191,     8.761,     0.000,
 40565.961,    63.795,    23.531,     4.327,     0.213,  6414.875,     0.000,     0.000,    18.525,  1865.885,     1.000,     4.327,  -123.172,     0.000,   229.275,   326.632,    13.468,    12.346,     0.000,
 40566.002,    60.061,    23.533,     4.311,     0.203,  6386.750,     0.000,     0.000,    18.527,  1865.885,     1.000,     4.311,  -129.609,     0.000,   227.881,   326.558,    15.674,    15.257,     0.000,
 40566.044,    61.104,    23.534,     4.294,     0.199,  6358.143,     0.000,     0.000,    18.528,  1865.885,     1.000,     4.294,  -137.975,     0.000,   225.222,   326.478,    17.852,    18.868,     0.000,
 40566.086,    63.482,    23.542,     4.275,     0.194,  6350.784,     0.000,     0.000,    18.536,  1865.885,     1.000,     4.275,  -140.919,     0.000,   226.364,   326.389,    20.194,    20.701,     0.000,
 40566.127,    61.259,    23.543,     4.255,     0.227,  6396.340,     0.000,     0.000,    18.537,  1865.885,     1.000,     4.255,  -130.676,     0.000,   226.334,   326.297,    14.992,    15.720,     0.000,
 40566.169,    59.937,    23.543,     4.235,     0.221,  6430.623,     0.000,     0.000,    18.537,  1865.885,     1.000,     4.235,  -141.481,     0.000,   225.455,   326.199,    19.818,    20.919,     0.000,
 40566.211,    63.252,    23.549,     4.211,     0.213,  6377.783,     0.000,     0.000,    18.543,  1865.885,     1.000,     4.211,  -135.210,     0.000,   224.790,   326.091,    16.383,    17.527,     0.000,
 40566.252,    66.521,    23.548,     4.186,     0.227,  6441.727,     0.000,     0.000,    18.542,  1865.885,     1.000,     4.186,  -137.571,     0.000,   224.820,   325.970,    17.590,    18.830,     0.000,
 40566.294,    61.539,    23.551,     4.158,     0.207,  6400.589,     0.000,     0.000,    18.545,  1865.885,     1.000,     4.158,  -131.843,     0.000,   225.690,   325.841,    15.569,    16.123,     0.000,
 40566.336,    62.001,    23.551,     4.128,     0.199,  6426.157,     0.000,     0.000,    18.545,  1865.885,     1.000,     4.128,  -131.518,     0.000,   225.570,   325.701,    15.230,    16.157,     0.000,
 40566.377,    62.696,    23.551,     4.096,     0.205,  6467.729,     0.000,     0.000,    18.545,  1865.885,     1.000,     4.096,  -114.791,     0.000,   232.561,   325.549,    12.013,     9.789,     0.000,
 40566.419,    58.901,    23.552,     4.064,     0.198,  6476.556,     0.000,     0.000,    18.546,  1865.885,     1.000,     4.064,   -42.931,     0.000,   283.372,   325.400,     4.344,    -3.441,     0.000,
 40566.461,    60.739,    23.553,     4.035,     0.320,  6482.871,     0.000,     0.000,    18.547,  1865.885,     1.000,     4.035,   -39.991,     0.000,   272.615,   325.264,     3.447,   -16.105,     0.000,
 40566.502,    58.201,    23.553,     4.006,     0.210,  6445.550,     0.000,     0.000,    18.547,  1865.885,     1.000,     4.006,   -60.988,     0.000,   251.084,   325.124,     1.580,   -14.632,     0.000,
 40566.544,    61.719,    23.557,     3.981,     0.219,  6564.565,     0.000,     0.000,    18.551,  1865.885,     1.000,     3.982,   -38.317,     0.000,   257.446,   325.010,     0.186,   -29.433,     0.000,
 40566.585,    61.509,    23.555,     3.967,     0.197,  6504.388,     0.000,     0.000,    18.549,  1865.885,     1.000,     3.971,   -22.008,     0.000,   271.749,   324.943,     1.677,   -32.863,     0.000,
 40566.627,    60.649,    23.559,     3.970,     0.222,  6416.231,     0.000,     0.000,    18.553,  1865.885,     1.000,     3.970,     4.171,     0.000,   282.372,   324.952,    18.234,   -64.985,     0.000,
 40566.669,    59.935,    23.555,     3.974,     0.254,  6528.144,     0.000,     0.000,    18.549,  1865.885,     1.000,     3.974,    17.857,     0.000,   319.885,   324.971,     9.170,   -32.112,     0.000,
 40566.711,    61.017,    23.552,     3.987,     0.198,  6449.669,     0.000,     0.000,    18.546,  1865.885,     1.000,     3.985,    21.577,     0.000,   296.089,   325.034,    29.215,   -79.738,     0.000,
 40566.752,    56.974,    23.550,     4.007,     0.195,  6487.150,     0.000,     0.000,    18.544,  1865.885,     1.000,     4.007,   -25.545,     0.000,   271.499,   325.126,     9.639,   -37.721,     0.000,
 40566.794,    57.159,    23.553,     4.036,     0.208,  6579.313,     0.000,     0.000,    18.547,  1865.885,     1.000,     4.036,     0.899,     0.000,   305.921,   325.260,     4.525,   -24.764,     0.000,
 40566.835,    58.954,    23.553,     4.072,     0.212,  6616.039,     0.000,     0.000,    18.547,  1865.885,     1.000,     4.072,    10.904,     0.000,   305.439,   325.433,     5.749,   -36.646,     0.000,
 40566.877,    59.972,    23.551,     4.114,     0.205,  6554.484,     0.000,     0.000,    18.545,  1865.885,     1.000,     4.114,     4.282,     0.000,   298.447,   325.628,    -0.274,   -31.188,     0.000,
 40566.919,    58.899,    23.551,     4.158,     0.205,  6609.775,     0.000,     0.000,    18.545,  1865.885,     1.000,     4.158,    -2.350,     0.000,   298.079,   325.835,    -0.250,   -25.156,     0.000,
 40566.960,    59.382,    23.551,     4.204,     0.222,  6606.078,     0.000,     0.000,    18.545,  1865.885,     1.000,     4.204,     1.645,     0.000,   301.575,   326.052,    10.859,   -36.982,     0.000,
 40567.002,    61.282,    23.549,     4.250,     0.206,  6655.248,     0.000,     0.000,    18.543,  1865.885,     1.000,     4.250,    -9.909,     0.000,   295.385,   326.268,    -2.863,   -18.111,     0.000,
 40567.044,    57.759,    23.547,     4.293,     0.218,  6668.270,     0.000,     0.000,    18.541,  1865.885,     1.000,     4.293,   -21.699,     0.000,   290.464,   326.469,    -3.204,   -11.102,     0.000,
 40567.085,    57.962,    23.548,     4.330,     0.395,  6649.873,     0.000,     0.000,    18.542,  1865.885,     1.000,     4.330,   -26.586,     0.000,   286.584,   326.643,    -4.502,    -8.971,     0.000,
 40567.127,    58.700,    23.551,     4.358,     0.229,  6634.351,     0.000,     0.000,    18.545,  1865.885,     1.000,     4.358,   -32.311,     0.000,   283.598,   326.779,    -3.219,    -7.650,     0.000,
 40567.169,    56.528,    23.549,     4.373,     0.215,  6670.748,     0.000,     0.000,    18.543,  1865.885,     1.000,     4.373,   -64.137,     0.000,   250.935,   326.850,    -3.804,    -7.974,     0.000,
 40567.210,    58.036,    23.549,     4.372,     0.214,  6740.080,     0.000,     0.000,    18.543,  1865.885,     1.000,     4.372,   -47.988,     0.000,   266.778,   326.847,    -2.880,    -9.201,     0.000,
 40567.252,    58.639,    23.549,     4.363,     0.209,  6620.882,     0.000,     0.000,    18.543,  1865.885,     1.000,     4.363,   -78.216,     0.000,   242.453,   326.803,    -0.983,    -5.150,     0.000,
 40567.294,    56.855,    23.547,     4.345,     0.223,  6690.852,     0.000,     0.000,    18.541,  1865.885,     1.000,     4.345,   -93.232,     0.000,   238.490,   326.720,     3.247,     1.754,     0.000,
 40567.335,    57.673,    23.548,     4.314,     0.206,  6700.853,     0.000,     0.000,    18.542,  1865.885,     1.000,     4.314,   -96.243,     0.000,   237.310,   326.574,     4.059,     2.920,     0.000,
 40567.377,    58.600,    23.548,     4.274,     0.217,  6720.310,     0.000,     0.000,    18.542,  1865.885,     1.000,     4.274,   -88.595,     0.000,   239.755,   326.387,     1.890,     0.073,     0.000,
 40567.419,    56.705,    23.549,     4.237,     0.211,  6751.929,     0.000,     0.000,    18.543,  1865.885,     1.000,     4.237,   -78.442,     0.000,   240.855,   326.213,    -1.674,    -5.243,     0.000,
 40567.460,    57.631,    23.551,     4.212,     0.220,  6752.757,     0.000,     0.000,    18.545,  1865.885,     1.000,     4.212,   -66.397,     0.000,   246.368,   326.092,    -3.546,    -9.781,     0.000,
 40567.502,    58.831,    23.553,     4.204,     0.207,  6704.336,     0.000,     0.000,    18.547,  1865.885,     1.000,     4.204,    -5.044,     0.000,   295.015,   326.052,    -7.951,   -18.041,     0.000,
 40567.544,    56.841,    23.555,     4.206,     0.222,  6777.086,     0.000,     0.000,    18.549,  1865.885,     1.000,     4.205,     6.875,     0.000,   304.220,   326.062,    -7.857,   -20.860,     0.000,
 40567.585,    57.606,    23.557,     4.216,     0.271,  6711.374,     0.000,     0.000,    18.551,  1865.885,     1.000,     4.216,   -25.048,     0.000,   268.667,   326.107,   -11.034,   -21.359,     0.000,
 40567.627,    58.725,    23.558,     4.240,     0.230,  6789.347,     0.000,     0.000,    18.552,  1865.885,     1.000,     4.240,    10.613,     0.000,   304.132,   326.220,   -10.573,   -22.128,     0.000,
 40567.669,    57.311,    23.559,     4.270,     0.237,  6754.023,     0.000,     0.000,    18.553,  1865.885,     1.000,     4.270,     8.421,     0.000,   272.898,   326.364,    -9.352,   -52.535,     0.000,
 40567.710,    57.577,    23.559,     4.301,     0.203,  6661.795,     0.000,     0.000,    18.553,  1865.885,     1.000,     4.301,   -18.188,     0.000,   266.985,   326.506,     5.077,   -46.410,     0.000,
 40567.752,    58.698,    23.565,     4.329,     0.217,  6740.748,     0.000,     0.000,    18.559,  1865.885,     1.000,     4.329,   -21.240,     0.000,   269.821,   326.639,    11.187,   -46.764,     0.000,
 40567.794,    57.357,    23.565,     4.363,     0.206,  6573.136,     0.000,     0.000,    18.559,  1865.885,     1.000,     4.363,    18.368,     0.000,   268.719,   326.799,    19.151,   -95.599,     0.000,
 40567.835,    57.582,    23.570,     4.404,     0.314,  6624.189,     0.000,     0.000,    18.564,  1865.885,     1.000,     4.404,     5.099,     0.000,   270.275,   326.992,     5.182,   -66.997,     0.000,
 40567.877,    56.131,    23.575,     4.446,     0.212,  7028.285,     0.000,     0.000,    18.569,  1865.885,     1.000,     4.446,   -33.066,     0.000,   266.188,   327.190,    -2.245,   -25.691,     0.000,
 40567.919,    58.834,    23.576,     4.488,     0.220,  6903.826,     0.000,     0.000,    18.570,  1865.885,     1.000,     4.488,    -3.997,     0.000,   264.878,   327.389,   -11.739,   -46.775,     0.000,
 40567.960,    58.861,    23.583,     4.528,     0.206,  6879.624,     0.000,     0.000,    18.577,  1865.885,     1.000,     4.528,   -28.929,     0.000,   265.642,   327.575,    -7.123,   -25.882,     0.000,
 40568.002,    55.930,    23.588,     4.563,     0.242,  6867.718,     0.000,     0.000,    18.582,  1865.885,     1.000,     4.563,    -7.462,     0.000,   288.359,   327.745,    -7.455,   -24.468,     0.000,
 40568.044,    56.502,    23.590,     4.597,     0.232,  6857.271,     0.000,     0.000,    18.584,  1865.885,     1.000,     4.597,    -0.079,     0.000,   272.848,   327.903,   -14.541,   -40.435,     0.000,
 40568.085,    58.527,    23.592,     4.627,     0.218,  6947.412,     0.000,     0.000,    18.586,  1865.885,     1.000,     4.627,     3.787,     0.000,   304.560,   328.043,    -7.115,   -20.155,     0.000,
 40568.127,    55.276,    23.597,     4.652,     0.225,  6979.010,     0.000,     0.000,    18.591,  1865.885,     1.000,     4.652,   -12.668,     0.000,   285.319,   328.162,    -8.661,   -21.514,     0.000,
 40568.169,    55.252,    23.602,     4.667,     0.239,  6988.164,     0.000,     0.000,    18.596,  1865.885,     1.000,     4.667,   -30.549,     0.000,   266.195,   328.235,   -10.201,   -21.291,     0.000,
 40568.210,    56.680,    23.601,     4.670,     0.217,  6925.711,     0.000,     0.000,    18.595,  1865.885,     1.000,     4.670,   -35.101,     0.000,   261.596,   328.252,    -9.534,   -22.022,     0.000,
 40568.252,    57.318,    23.603,     4.668,     0.226,  6905.438,     0.000,     0.000,    18.597,  1865.885,     1.000,     4.668,    -4.172,     0.000,   284.624,   328.241,   -11.884,   -27.561,     0.000,
 40568.294,    57.299,    23.601,     4.670,     0.208,  6798.005,     0.000,     0.000,    18.595,  1865.885,     1.000,     4.668,    26.640,     0.000,   261.527,   328.251,   -22.190,   -71.174,     0.000,
 40568.335,    58.089,    23.603,     4.666,     0.215,  7033.942,     0.000,     0.000,    18.597,  1865.885,     1.000,     4.666,   -28.965,     0.000,   262.822,   328.230,    -7.536,   -28.908,     0.000,
 40568.377,    57.584,    23.606,     4.663,     0.241,  7275.129,     0.000,     0.000,    18.600,  1865.885,     1.000,     4.663,   -15.560,     0.000,   265.770,   328.217,    -8.688,   -38.199,     0.000,
 40568.419,    57.503,    23.605,     4.664,     0.226,  7189.112,     0.000,     0.000,    18.599,  1865.885,     1.000,     4.664,    -7.127,     0.000,   269.118,   328.223,    -9.599,   -42.380,     0.000,
 40568.460,    58.014,    23.601,     4.680,     0.222,  7082.773,     0.000,     0.000,    18.595,  1865.885,     1.000,     4.680,    13.182,     0.000,   272.524,   328.295,   -10.800,   -58.154,     0.000,
 40568.502,    57.692,    23.595,     4.710,     0.266,  7108.727,     0.000,     0.000,    18.589,  1865.885,     1.000,     4.708,    40.469,     0.000,   272.243,   328.437,   -15.256,   -81.407,     0.000,
 40568.544,    57.782,    23.593,     4.740,     0.249,  7274.072,     0.000,     0.000,    18.587,  1865.885,     1.000,     4.740,     5.467,     0.000,   277.133,   328.579,    -7.491,   -49.421,     0.000,
 40568.585,    56.467,    23.590,     4.774,     0.239,  7370.241,     0.000,     0.000,    18.584,  1865.885,     1.000,     4.774,    15.476,     0.000,   277.239,   328.741,    -9.666,   -57.311,     0.000,
 40568.628,    58.770,    23.585,     4.814,     0.279,  7250.469,     0.000,     0.000,    18.579,  1865.885,     1.000,     4.814,    16.285,     0.000,   277.149,   328.931,    -8.335,   -59.733,     0.000,
 40568.669,    56.838,    23.584,     4.855,     0.269,  7427.755,     0.000,     0.000,    18.578,  1865.885,     1.000,     4.855,   -19.972,     0.000,   275.172,   329.124,    -4.362,   -29.618,     0.000,
 40568.710,    56.386,    23.578,     4.896,     0.245,  7437.542,     0.000,     0.000,    18.572,  1865.885,     1.000,     4.896,   -30.617,     0.000,   269.350,   329.317,    -4.267,   -25.084,     0.000,
 40568.753,    58.365,    23.572,     4.938,     0.236,  7415.623,     0.000,     0.000,    18.566,  1865.885,     1.000,     4.938,   -36.538,     0.000,   262.546,   329.514,    -6.316,   -24.114,     0.000,
 40568.794,    56.702,    23.564,     4.978,     0.238,  7449.900,   924.631,     0.000,    18.558,  1865.885,     1.000,     4.978,   829.380,   872.294,   262.796,   329.707,    -4.321,   -19.676,     0.000,
 40568.836,    56.623,    23.558,     5.018,     0.244,  7456.972,     0.000,     0.000,    18.552,  1865.885,     1.000,     5.018,   -58.971,     0.000,   254.772,   329.896,    -2.950,   -13.203,     0.000,
 40568.878,    82.844,    23.556,     5.056,     0.513,  6770.817,     0.000,     0.000,    18.550,  1865.885,     1.000,     5.056,   -77.295,     0.000,   246.289,   330.075,    -0.295,    -6.196,     0.000,
 40568.919,    83.553,    23.539,     5.089,     0.535,  6920.530,     0.000,     0.000,    18.533,  1865.885,     1.000,     5.089,   -84.319,     0.000,   243.875,   330.232,     2.033,    -4.070,     0.000,
 40568.961,    88.320,    23.527,     5.122,     0.518,  7251.683,     0.000,     0.000,    18.521,  1865.885,     1.000,     5.122,   -97.575,     0.000,   240.914,   330.389,     5.610,     2.491,     0.000,
 40569.003,    83.648,    23.516,     5.150,     0.594,  7395.216,     0.000,     0.000,    18.510,  1865.885,     1.000,     5.150,  -100.438,     0.000,   240.536,   330.525,     7.430,     3.020,     0.000,
 40569.044,    55.933,    23.505,     5.169,     0.226,  8011.293,   112.709,     0.000,    18.499,  1696.259,     1.000,     5.169,    -3.863,   106.329,   238.158,   330.613,    10.694,     7.043,     0.000,
 40569.086,    55.556,    23.501,     5.173,     0.266,  8382.649,     0.000,     0.000,    18.495,  1696.259,     1.000,     5.173,  -116.641,     0.000,   234.761,   330.636,    11.260,     9.505,     0.000,
 40569.128,    57.770,    23.490,     5.162,     0.344,  7978.039,     0.000,     0.000,    18.484,  1696.259,     1.000,     5.162,  -119.422,     0.000,   233.927,   330.584,    12.348,    10.417,     0.000,
 40569.169,    56.748,    23.476,     5.147,     0.247,  7819.050,    87.417,     0.000,    18.470,  1696.259,     1.000,     5.147,   -44.926,    82.469,   231.079,   330.513,    14.255,    13.706,     0.000,
 40569.210,    56.650,    23.469,     5.132,     0.207,  7631.547,     0.000,     0.000,    18.463,  1696.259,     1.000,     5.132,  -120.872,     0.000,   239.252,   330.442,    15.266,    14.416,     0.000,
 40569.253,    58.120,    23.458,     5.119,     0.262,  7616.182,     0.000,     0.000,    18.452,  1696.259,     1.000,     5.119,  -101.526,     0.000,   266.434,   330.376,    18.448,    19.136,     0.000,
 40569.294,    56.396,    23.451,     5.108,     0.220,  7544.429,   127.989,     0.000,    18.445,  1696.259,     1.000,     5.108,    21.520,   120.744,   266.198,   330.328,    17.195,    17.900,     0.000,
 40569.335,    56.967,    23.443,     5.104,     0.207,  7492.690,     0.000,     0.000,    18.437,  1696.259,     1.000,     5.104,   -99.424,     0.000,   266.091,   330.308,    17.211,    17.997,     0.000,
 40569.378,    57.964,    23.435,     5.107,     0.205,  7449.142,     0.000,     0.000,    18.429,  1696.259,     1.000,     5.107,   -91.740,     0.000,   269.070,   330.321,    15.628,    14.861,     0.000,
 40569.419,    57.553,    23.430,     5.120,     0.199,  7409.882,   290.969,     0.000,    18.424,  1696.259,     1.000,     5.120,   203.994,   274.499,   277.390,   330.380,    10.865,     6.650,     0.000,
 40569.461,    56.820,    23.421,     5.142,     0.210,  7422.567,     0.000,     0.000,    18.415,  1696.259,     1.000,     5.142,   -55.108,     0.000,   283.982,   330.483,     7.934,     0.672,     0.000,
 40569.503,    57.685,    23.417,     5.171,     0.207,  7405.154,     0.000,     0.000,    18.411,  1696.259,     1.000,     5.171,   -38.992,     0.000,   290.095,   330.622,     5.515,    -7.050,     0.000,
 40569.544,    58.394,    23.414,     5.207,     0.274,  7345.171,     0.000,     0.000,    18.408,  1696.259,     1.000,     5.207,   -22.647,     0.000,   296.976,   330.792,     2.080,   -13.249,     0.000,
 40569.586,    58.583,    23.408,     5.245,     0.201,  7337.686,     0.000,     0.000,    18.402,  1696.259,     1.000,     5.245,   -55.012,     0.000,   264.062,   330.974,     1.978,   -13.878,     0.000,
 40569.628,    58.125,    23.406,     5.284,     0.206,  7322.532,     0.000,     0.000,    18.400,  1696.259,     1.000,     5.284,   -50.568,     0.000,   262.995,   331.159,     0.913,   -18.509,     0.000,
 40569.669,    55.762,    23.401,     5.325,     0.204,  7286.347,     0.000,     0.000,    18.395,  1696.259,     1.000,     5.325,   -53.907,     0.000,   261.015,   331.353,     0.363,   -16.793,     0.000,
 40569.710,    59.798,    23.398,     5.365,     0.244,  7262.962,     0.000,     0.000,    18.392,  1696.259,     1.000,     5.365,   -68.603,     0.000,   253.297,   331.547,     0.877,   -10.524,     0.000,
 40569.752,    58.637,    23.396,     5.405,     0.224,  7232.250,     0.000,     0.000,    18.390,  1696.259,     1.000,     5.405,   -90.941,     0.000,   242.698,   331.735,     3.635,    -1.731,     0.000,
 40569.794,    59.346,    23.394,     5.444,     0.186,  7159.842,     0.000,     0.000,    18.388,  1696.259,     1.000,     5.444,  -100.516,     0.000,   238.611,   331.920,     5.360,     1.847,     0.000,
 40569.835,    60.814,    23.394,     5.481,     0.216,  7193.993,     0.000,     0.000,    18.388,  1696.259,     1.000,     5.481,  -110.850,     0.000,   239.494,   332.098,    10.458,     7.788,     0.000,
 40569.878,    59.708,    23.390,     5.517,     0.188,  7237.989,     0.000,     0.000,    18.384,  1696.259,     1.000,     5.517,  -118.901,     0.000,   245.655,   332.272,    17.481,    14.803,     0.000,
 40569.919,    59.749,    23.390,     5.550,     0.231,  7108.776,     0.000,     0.000,    18.384,  1696.259,     1.000,     5.550,  -121.066,     0.000,   242.878,   332.427,    16.458,    15.059,     0.000,
 40569.961,    59.945,    23.392,     5.578,     0.201,  7058.785,     0.000,     0.000,    18.386,  1696.259,     1.000,     5.578,   -98.775,     0.000,   270.668,   332.560,    18.324,    18.560,     0.000,
 40570.002,    59.503,    23.395,     5.600,     0.206,  7030.941,     0.000,     0.000,    18.389,  1696.259,     1.000,     5.600,   -94.096,     0.000,   270.034,   332.666,    15.470,    15.994,     0.000,
 40570.044,    60.231,    23.394,     5.608,     0.191,  6986.240,   240.002,     0.000,    18.388,  1696.259,     1.000,     5.608,   125.266,   226.417,   267.569,   332.705,    17.417,    18.598,     0.000,
 40570.085,    60.660,    23.393,     5.599,     0.187,  6959.579,     0.000,     0.000,    18.387,  1696.259,     1.000,     5.599,  -103.527,     0.000,   266.609,   332.666,    17.887,    19.583,     0.000,
 40570.128,    59.509,    23.394,     5.584,     0.191,  7014.861,     0.000,     0.000,    18.388,  1696.259,     1.000,     5.584,  -109.570,     0.000,   264.409,   332.595,    19.482,    21.902,     0.000,
 40570.169,    59.526,    23.394,     5.566,     0.198,  6947.876,     0.000,     0.000,    18.388,  1696.259,     1.000,     5.566,  -104.554,     0.000,   266.006,   332.505,    17.971,    20.084,     0.000,
 40570.211,    57.843,    23.396,     5.538,     0.184,  6975.809,     0.000,     0.000,    18.390,  1696.259,     1.000,     5.538,   -97.227,     0.000,   268.424,   332.372,    15.854,    17.425,     0.000,
 40570.253,    59.446,    23.397,     5.499,     0.184,  6900.755,     0.000,     0.000,    18.391,  1696.259,     1.000,     5.499,  -105.145,     0.000,   268.092,   332.191,    19.494,    21.551,     0.000,
 40570.294,    58.787,    23.396,     5.458,     0.198,  6960.880,   300.998,     0.000,    18.390,  1696.259,     1.000,     5.458,   183.116,   283.960,   266.764,   331.996,    16.802,    18.811,     0.000,
 40570.335,    58.672,    23.398,     5.420,     0.192,  6998.423,     0.000,     0.000,    18.392,  1696.259,     1.000,     5.420,  -104.672,     0.000,   266.608,   331.811,    18.597,    20.872,     0.000,
 40570.378,    58.510,    23.400,     5.384,     0.185,  6947.913,     0.000,     0.000,    18.394,  1696.259,     1.000,     5.384,  -114.527,     0.000,   268.578,   331.639,    24.460,    27.006,     0.000,
 40570.419,    55.975,    23.400,     5.354,     0.218,  6877.553,    24.043,     0.000,    18.394,  1696.259,     1.000,     5.354,   -76.326,    22.682,   271.342,   331.495,    18.703,    20.152,     0.000,
 40570.461,    58.482,    23.402,     5.331,     0.198,  6908.716,     0.000,     0.000,    18.396,  1696.259,     1.000,     5.331,   -83.618,     0.000,   273.842,   331.387,    12.741,    13.332,     0.000,
 40570.503,    58.568,    23.405,     5.315,     0.227,  6829.229,     0.000,     0.000,    18.399,  1696.259,     1.000,     5.315,   -70.749,     0.000,   276.908,   331.312,     8.388,     7.957,     0.000,
 40570.544,    57.965,    23.403,     5.307,     0.190,  6842.291,     0.000,     0.000,    18.397,  1696.259,     1.000,     5.307,   -45.791,     0.000,   285.735,   331.272,     3.660,    -3.407,     0.000,
 40570.586,    58.105,    23.406,     5.303,     0.193,  6821.285,     0.000,     0.000,    18.400,  1696.259,     1.000,     5.303,   -25.403,     0.000,   297.658,   331.253,     4.379,   -12.571,     0.000,
 40570.628,    60.246,    23.409,     5.302,     0.203,  6805.554,     0.000,     0.000,    18.403,  1696.259,     1.000,     5.302,   -39.414,     0.000,   290.445,   331.249,     5.331,    -6.721,     0.000,
 40570.669,    57.331,    23.408,     5.304,     0.185,  6832.163,   251.451,     0.000,    18.402,  1696.259,     1.000,     5.304,   195.793,   237.218,   289.134,   331.255,     5.654,    -6.350,     0.000,
 40570.711,    58.010,    23.409,     5.302,     0.204,  6822.774,     0.000,     0.000,    18.403,  1696.259,     1.000,     5.302,   -88.094,     0.000,   249.062,   331.249,     7.416,    -1.509,     0.000,
 40570.753,    58.359,    23.413,     5.299,     0.185,  6795.954,     0.000,     0.000,    18.407,  1696.259,     1.000,     5.299,  -101.649,     0.000,   242.966,   331.232,     9.573,     3.810,     0.000,
 40570.794,    57.239,    23.412,     5.299,     0.185,  6774.904,     0.000,     0.000,    18.406,  1696.259,     1.000,     5.299,   -76.885,     0.000,   275.278,   331.234,    11.471,     9.457,     0.000,
 40570.836,    55.882,    23.412,     5.306,     0.180,  6791.389,     0.000,     0.000,    18.406,  1696.259,     1.000,     5.306,   -89.024,     0.000,   270.557,   331.268,    14.123,    14.190,     0.000,
 40570.878,    58.748,    23.414,     5.317,     0.174,  6728.179,     0.000,     0.000,    18.408,  1696.259,     1.000,     5.317,   -92.972,     0.000,   269.211,   331.320,    15.237,    15.626,     0.000,
 40570.919,    56.774,    23.416,     5.331,     0.163,  6763.426,   290.970,     0.000,    18.410,  1696.259,     1.000,     5.331,   177.298,   274.500,   268.641,   331.384,    16.770,    17.688,     0.000,
 40570.961,    55.272,    23.417,     5.343,     0.175,  6748.669,     0.000,     0.000,    18.411,  1696.259,     1.000,     5.343,  -103.946,     0.000,   265.359,   331.444,    18.040,    19.821,     0.000,
 40571.003,    56.854,    23.420,     5.353,     0.170,  6693.728,     0.000,     0.000,    18.414,  1696.259,     1.000,     5.353,  -105.024,     0.000,   264.907,   331.491,    18.086,    20.355,     0.000,
 40571.044,    55.362,    23.423,     5.359,     0.183,  6710.099,     0.000,     0.000,    18.417,  1696.259,     1.000,     5.359,  -101.267,     0.000,   266.195,   331.519,    16.957,    18.986,     0.000,
 40571.086,    55.031,    23.425,     5.360,     0.186,  6740.669,     0.000,     0.000,    18.419,  1696.259,     1.000,     5.360,  -102.600,     0.000,   265.721,   331.526,    17.284,    19.512,     0.000,
 40571.128,    55.950,    23.430,     5.355,     0.182,  6785.752,     0.000,     0.000,    18.424,  1696.259,     1.000,     5.355,  -105.457,     0.000,   265.721,   331.499,    18.602,    21.077,     0.000,
 40571.169,    55.399,    23.430,     5.342,     0.173,  6795.520,   154.068,     0.000,    18.424,  1696.259,     1.000,     5.342,    43.048,   145.347,   265.717,   331.441,    17.143,    19.431,     0.000,
 40571.211,    55.789,    23.431,     5.327,     0.175,  6864.576,     0.000,     0.000,    18.425,  1696.259,     1.000,     5.327,  -102.931,     0.000,   265.442,   331.369,    17.315,    19.689,     0.000,
 40571.253,    56.617,    23.437,     5.306,     0.195,  6884.891,     0.000,     0.000,    18.431,  1696.259,     1.000,     5.306,  -110.795,     0.000,   265.454,   331.269,    20.986,    23.995,     0.000,
 40571.294,    54.826,    23.435,     5.271,     0.175,  6914.716,    24.475,     0.000,    18.429,  1696.259,     1.000,     5.271,   -78.156,    23.090,   265.740,   331.101,    16.786,    19.098,     0.000,
 40571.336,    54.656,    23.438,     5.224,     0.195,  6977.331,     0.000,     0.000,    18.432,  1696.259,     1.000,     5.224,   -97.077,     0.000,   266.954,   330.878,    15.552,    17.601,     0.000,
 40571.378,    54.799,    23.440,     5.174,     0.192,  7050.292,     0.000,     0.000,    18.434,  1696.259,     1.000,     5.174,   -92.800,     0.000,   269.049,   330.643,    14.784,    16.421,     0.000,
 40571.419,    53.804,    23.439,     5.129,     0.183,  7047.508,    97.267,     0.000,    18.433,  1696.259,     1.000,     5.129,    19.829,    91.762,   275.379,   330.430,     8.254,     8.628,     0.000,
 40571.461,    55.272,    23.442,     5.096,     0.209,  7115.478,     0.000,     0.000,    18.436,  1696.259,     1.000,     5.096,   -33.203,     0.000,   285.312,   330.270,    -5.339,    -6.416,     0.000,
 40571.502,    51.742,    23.443,     5.071,     0.204,  7120.758,     0.000,     0.000,    18.437,  1696.259,     1.000,     5.071,   -50.212,     0.000,   261.492,   330.151,    -6.148,   -12.298,     0.000,
 40571.544,    54.083,    23.440,     5.056,     0.204,  7010.811,   772.005,     0.000,    18.434,  1696.259,     1.000,     5.054,   750.772,   728.306,   262.367,   330.079,   -16.293,   -73.885,     0.000,
 40571.586,    53.486,    23.431,     5.054,     0.178,  6909.451,     0.000,     0.000,    18.425,  1696.259,     1.000,     5.049,    40.166,     0.000,   265.802,   330.069,   -29.106,   -75.328,     0.000,
 40571.628,    54.871,    23.433,     5.060,     0.210,  7147.825,     0.000,     0.000,    18.427,  1696.259,     1.000,     5.049,   101.481,     0.000,   309.714,   330.096,   -42.220,   -79.643,     0.000,
 40571.669,    54.018,    23.437,     5.059,     0.247,  7354.316,   334.137,     0.000,    18.431,  1696.259,     1.000,     5.051,   380.026,   315.223,   311.872,   330.095,   -22.640,   -60.386,     0.000,
 40571.711,    53.109,    23.443,     5.048,     0.201,  7612.595,     0.000,     0.000,    18.437,  1696.259,     1.000,     5.048,   -15.672,     0.000,   276.445,   330.041,    -9.430,   -28.494,     0.000,
 40571.752,    55.653,    23.441,     5.048,     0.209,  7565.965,     0.000,     0.000,    18.435,  1696.259,     1.000,     5.048,    10.255,     0.000,   291.040,   330.043,   -12.738,   -36.519,     0.000,
 40571.794,    53.537,    23.437,     5.060,     0.212,  7403.385,     0.000,     0.000,    18.431,  1696.259,     1.000,     5.054,    55.467,     0.000,   288.710,   330.095,   -26.954,   -69.898,     0.000,
 40571.836,    53.648,    23.440,     5.057,     0.212,  7539.403,     0.000,     0.000,    18.434,  1696.259,     1.000,     5.057,   -28.038,     0.000,   273.844,   330.086,    -8.310,   -19.894,     0.000,
 40571.877,    52.578,    23.442,     5.059,     0.201,  7583.494,     0.000,     0.000,    18.436,  1696.259,     1.000,     5.059,     1.310,     0.000,   304.758,   330.093,    -7.552,   -19.093,     0.000,
 40571.919,    53.368,    23.438,     5.063,     0.219,  7646.342,    17.244,     0.000,    18.432,  1696.259,     1.000,     5.062,    22.090,    16.268,   307.704,   330.111,    -7.020,   -21.209,     0.000,
 40571.961,    53.377,    23.437,     5.064,     0.164,  7617.736,     0.000,     0.000,    18.431,  1696.259,     1.000,     5.063,     1.317,     0.000,   304.728,   330.115,    -7.875,   -18.829,     0.000,
 40572.002,    55.095,    23.436,     5.059,     0.210,  7602.208,     0.000,     0.000,    18.430,  1696.259,     1.000,     5.059,    -8.358,     0.000,   300.365,   330.095,    -6.803,   -14.570,     0.000,
 40572.044,    53.184,    23.435,     5.047,     0.200,  7610.723,    29.439,     0.000,    18.429,  1696.259,     1.000,     5.045,    23.404,    27.772,   301.600,   330.036,    -7.226,   -16.842,     0.000,
 40572.086,    52.787,    23.432,     5.024,     0.206,  7628.018,     0.000,     0.000,    18.426,  1696.259,     1.000,     5.022,    -3.326,     0.000,   302.075,   329.931,    -7.095,   -17.435,     0.000,
 40572.127,    55.499,    23.433,     4.994,     0.215,  7706.584,     0.000,     0.000,    18.427,  1696.259,     1.000,     4.991,    -2.493,     0.000,   301.323,   329.788,    -6.173,   -19.799,     0.000,
 40572.169,    54.100,    23.428,     4.952,     0.215,  7721.210,     0.000,     0.000,    18.422,  1696.259,     1.000,     4.951,   -31.628,     0.000,   277.789,   329.589,    -7.263,   -12.909,     0.000,
 40572.211,    53.926,    23.425,     4.904,     0.309,  7649.809,     0.000,     0.000,    18.419,  1696.259,     1.000,     4.904,   -47.694,     0.000,   255.628,   329.362,    -9.827,   -16.212,     0.000,
 40572.252,    53.417,    23.423,     4.858,     0.193,  7563.835,     0.000,     0.000,    18.417,  1696.259,     1.000,     4.858,   -37.355,     0.000,   274.943,   329.144,    -6.536,   -10.311,     0.000,
 40572.294,    54.251,    23.424,     4.816,     0.206,  7560.607,     0.000,     0.000,    18.418,  1696.259,     1.000,     4.815,   -26.227,     0.000,   289.257,   328.945,    -5.466,    -7.994,     0.000,
 40572.336,    55.964,    23.418,     4.778,     0.215,  7531.008,     0.000,     0.000,    18.412,  1696.259,     1.000,     4.777,   -21.220,     0.000,   291.496,   328.764,    -6.333,    -9.715,     0.000,
 40572.378,    56.771,    23.421,     4.747,     0.221,  7542.564,     0.000,     0.000,    18.415,  1696.259,     1.000,     4.746,   -16.514,     0.000,   293.025,   328.618,    -7.512,   -11.567,     0.000,
 40572.419,    54.833,    23.420,     4.724,     0.208,  7530.753,   527.820,     0.000,    18.414,  1696.259,     1.000,     4.724,   481.441,   497.943,   285.975,   328.507,    -6.641,   -19.389,     0.000,
 40572.461,    54.388,    23.421,     4.712,     0.209,  7455.808,     0.000,     0.000,    18.415,  1696.259,     1.000,     4.709,    18.240,     0.000,   301.013,   328.451,   -10.469,   -35.208,     0.000,
 40572.503,    57.568,    23.419,     4.703,     0.218,  7457.121,     0.000,     0.000,    18.413,  1696.259,     1.000,     4.700,    16.778,     0.000,   312.208,   328.409,    -6.859,   -26.120,     0.000,
 40572.544,    56.992,    23.416,     4.688,     0.209,  7362.860,     0.000,     0.000,    18.410,  1696.259,     1.000,     4.688,   -19.994,     0.000,   274.315,   328.335,    -5.665,   -28.361,     0.000,
 40572.586,    57.070,    23.418,     4.677,     0.207,  7329.464,     0.000,     0.000,    18.412,  1696.259,     1.000,     4.676,     1.368,     0.000,   271.276,   328.285,    -8.726,   -49.651,     0.000,
 40572.628,    57.549,    23.416,     4.674,     0.220,  7298.752,     0.000,     0.000,    18.410,  1696.259,     1.000,     4.673,     6.463,     0.000,   275.156,   328.268,    -4.908,   -54.667,     0.000,
 40572.669,    57.334,    23.416,     4.674,     0.203,  7369.524,   113.142,     0.000,    18.410,  1696.259,     1.000,     4.673,   111.532,   106.738,   281.790,   328.270,    -4.857,   -46.416,     0.000,
 40572.711,    57.015,    23.413,     4.680,     0.231,  7346.736,     0.000,     0.000,    18.407,  1696.259,     1.000,     4.678,    21.680,     0.000,   309.146,   328.297,    -4.233,   -36.598,     0.000,
 40572.753,    57.685,    23.418,     4.688,     0.211,  7413.620,     0.000,     0.000,    18.412,  1696.259,     1.000,     4.688,   -15.122,     0.000,   288.146,   328.334,    -2.859,   -22.207,     0.000,
 40572.794,    58.533,    23.416,     4.702,     0.196,  7314.127,   205.955,     0.000,    18.410,  1696.259,     1.000,     4.702,   185.922,   194.297,   299.449,   328.400,    -4.090,   -16.488,     0.000,
 40572.836,    57.559,    23.416,     4.715,     0.208,  7220.064,     0.000,     0.000,    18.410,  1696.259,     1.000,     4.715,   -55.184,     0.000,   251.180,   328.462,    -6.065,   -16.033,     0.000,
 40572.878,    58.581,    23.418,     4.723,     0.212,  7146.681,     0.000,     0.000,    18.412,  1696.259,     1.000,     4.723,   -92.879,     0.000,   238.725,   328.502,     5.298,    -2.197,     0.000,
 40572.919,    59.292,    23.417,     4.727,     0.200,  7215.551,   448.500,     0.000,    18.411,  1696.259,     1.000,     4.727,   325.841,   423.113,   239.466,   328.520,     5.316,     2.903,     0.000,
 40572.961,    57.743,    23.419,     4.724,     0.218,  7247.347,     0.000,     0.000,    18.413,  1696.259,     1.000,     4.724,  -113.054,     0.000,   233.888,   328.506,     9.865,     8.571,     0.000,
 40573.003,    61.994,    23.421,     4.711,     0.205,  7154.865,     0.000,     0.000,    18.415,  1696.259,     1.000,     4.711,  -120.058,     0.000,   232.196,   328.447,    12.441,    11.365,     0.000,
 40573.044,    59.503,    23.420,     4.695,     0.188,  7107.055,     0.000,     0.000,    18.414,  1696.259,     1.000,     4.695,  -116.621,     0.000,   237.440,   328.369,    12.794,    12.897,     0.000,
 40573.086,    58.134,    23.422,     4.673,     0.216,  7112.440,     0.000,     0.000,    18.416,  1696.259,     1.000,     4.673,  -121.550,     0.000,   230.660,   328.265,    11.621,    12.324,     0.000,
 40573.128,    63.853,    23.423,     4.640,     0.232,  7103.591,     0.000,     0.000,    18.417,  1696.259,     1.000,     4.640,  -104.674,     0.000,   249.267,   328.111,    12.307,    13.522,     0.000,
 40573.169,    61.246,    23.426,     4.600,     0.184,  6989.098,   153.232,     0.000,    18.420,  1696.259,     1.000,     4.600,    21.374,   144.559,   229.646,   327.924,    11.834,    13.072,     0.000,
 40573.211,    59.256,    23.427,     4.559,     0.172,  6981.588,     0.000,     0.000,    18.421,  1696.259,     1.000,     4.559,  -124.135,     0.000,   229.224,   327.728,    12.149,    13.482,     0.000,
 40573.253,    62.428,    23.429,     4.521,     0.186,  6937.921,     0.000,     0.000,    18.423,  1696.259,     1.000,     4.521,  -117.857,     0.000,   237.469,   327.551,    13.105,    14.670,     0.000,
 40573.294,    62.389,    23.430,     4.493,     0.187,  6912.920,    62.562,     0.000,    18.424,  1696.259,     1.000,     4.493,   -22.713,    59.020,   269.001,   327.417,    11.038,    12.279,     0.000,
 40573.336,    59.262,    23.433,     4.476,     0.181,  6886.840,     0.000,     0.000,    18.427,  1696.259,     1.000,     4.476,   -78.841,     0.000,   269.941,   327.335,    10.208,    11.239,     0.000,
 40573.378,    63.065,    23.435,     4.466,     0.199,  6869.352,     0.000,     0.000,    18.429,  1696.259,     1.000,     4.466,   -76.062,     0.000,   271.404,   327.286,     9.700,    10.480,     0.000,
 40573.419,    62.505,    23.438,     4.458,     0.190,  6821.436,   221.093,     0.000,    18.432,  1696.259,     1.000,     4.458,   141.992,   208.579,   274.268,   327.249,     6.799,     6.806,     0.000,
 40573.461,    62.300,    23.442,     4.454,     0.194,  6830.231,     0.000,     0.000,    18.436,  1696.259,     1.000,     4.454,   -57.740,     0.000,   277.758,   327.231,     4.843,     3.424,     0.000,
 40573.503,    63.497,    23.446,     4.457,     0.188,  6761.913,     0.000,     0.000,    18.440,  1696.259,     1.000,     4.457,   -53.975,     0.000,   280.590,   327.246,     6.525,     0.794,     0.000,
 40573.544,    65.446,    23.448,     4.464,     0.187,  6758.919,   197.290,     0.000,    18.442,  1696.259,     1.000,     4.464,   133.259,   186.123,   279.672,   327.279,    11.306,    -6.049,     0.000,
 40573.586,    65.150,    23.450,     4.474,     0.213,  6840.352,     0.000,     0.000,    18.444,  1696.259,     1.000,     4.474,   -61.946,     0.000,   281.361,   327.323,    15.644,     0.340,     0.000,
 40573.628,    66.972,    23.454,     4.484,     0.212,  6731.654,     0.000,     0.000,    18.448,  1696.259,     1.000,     4.484,   -77.321,     0.000,   277.455,   327.370,    19.117,     8.289,     0.000,
 40573.669,    67.156,    23.459,     4.493,     0.213,  6537.234,     0.000,     0.000,    18.453,  1696.259,     1.000,     4.493,   -75.935,     0.000,   276.252,   327.414,    17.296,     7.477,     0.000,
 40573.711,    65.041,    23.460,     4.503,     0.205,  6445.299,     0.000,     0.000,    18.454,  1696.259,     1.000,     4.503,   -82.718,     0.000,   273.708,   327.459,    18.037,    10.931,     0.000,
 40573.753,    68.889,    23.469,     4.513,     0.183,  6493.855,     0.000,     0.000,    18.463,  1696.259,     1.000,     4.513,   -81.583,     0.000,   271.244,   327.509,    14.256,    11.062,     0.000,
 40573.794,    67.046,    23.472,     4.525,     0.191,  6494.467,     0.000,     0.000,    18.466,  1696.259,     1.000,     4.525,   -88.377,     0.000,   270.940,   327.563,    17.734,    14.020,     0.000,
 40573.836,    68.013,    23.475,     4.539,     0.183,  6427.683,     0.000,     0.000,    18.469,  1696.259,     1.000,     4.539,   -83.702,     0.000,   269.717,   327.629,    14.052,    11.738,     0.000,
 40573.878,    67.341,    23.480,     4.556,     0.216,  6368.093,     0.000,     0.000,    18.474,  1696.259,     1.000,     4.556,   -91.260,     0.000,   268.253,   327.710,    17.277,    14.526,     0.000,
 40573.920,    71.137,    23.484,     4.575,     0.194,  6389.683,   317.730,     0.000,    18.478,  1696.259,     1.000,     4.575,   203.396,   299.745,   265.631,   327.800,    16.579,    17.600,     0.000,
 40573.961,    68.559,    23.489,     4.595,     0.296,  6386.142,     0.000,     0.000,    18.483,  1696.259,     1.000,     4.595,   -95.378,     0.000,   265.123,   327.896,    15.764,    16.841,     0.000,
 40574.003,    65.687,    23.493,     4.615,     0.413,  6329.646,     0.000,     0.000,    18.487,  1696.259,     1.000,     4.615,   -95.903,     0.000,   265.125,   327.989,    16.116,    16.924,     0.000,
 40574.045,    67.804,    23.500,     4.632,     0.292,  6270.737,   227.807,     0.000,    18.494,  1696.259,     1.000,     4.632,   118.650,   214.912,   265.179,   328.070,    16.432,    16.940,     0.000,
 40574.086,    68.774,    23.502,     4.646,     0.191,  6306.048,     0.000,     0.000,    18.496,  1696.259,     1.000,     4.646,   -95.605,     0.000,   265.962,   328.138,    17.266,    16.163,     0.000,
 40574.128,    68.673,    23.502,     4.657,     0.198,  6302.773,     0.000,     0.000,    18.496,  1696.259,     1.000,     4.657,  -100.763,     0.000,   265.902,   328.188,    20.909,    17.568,     0.000,
 40574.170,    65.407,    23.508,     4.660,     0.301,  6247.751,   276.104,     0.000,    18.502,  1865.885,     1.000,     4.660,   160.301,   260.475,   264.875,   328.203,    19.452,    17.393,     0.000,
 40574.211,    68.840,    23.510,     4.654,     0.198,  6277.798,     0.000,     0.000,    18.504,  1865.885,     1.000,     4.654,  -101.139,     0.000,   264.371,   328.175,    19.417,    17.919,     0.000,
 40574.253,    67.372,    23.513,     4.640,     0.191,  6227.421,     0.000,     0.000,    18.507,  1865.885,     1.000,     4.640,  -101.648,     0.000,   264.342,   328.112,    19.984,    17.894,     0.000,
 40574.295,    67.606,    23.515,     4.624,     0.198,  6217.806,     0.000,     0.000,    18.509,  1865.885,     1.000,     4.624,  -103.159,     0.000,   263.833,   328.035,    20.573,    18.384,     0.000,
 40574.336,    68.279,    23.517,     4.604,     0.195,  6209.663,     0.000,     0.000,    18.511,  1865.885,     1.000,     4.604,  -102.459,     0.000,   264.448,   327.942,    21.345,    17.621,     0.000,
 40574.378,    67.264,    23.518,     4.574,     0.203,  6237.797,     0.000,     0.000,    18.512,  1865.885,     1.000,     4.574,  -101.692,     0.000,   265.484,   327.800,    22.997,    16.378,     0.000,
 40574.419,    64.797,    23.517,     4.535,     0.210,  6201.151,     0.000,     0.000,    18.511,  1865.885,     1.000,     4.535,  -111.726,     0.000,   266.292,   327.615,    29.473,    20.930,     0.000,
 40574.461,    66.043,    23.520,     4.492,     0.199,  6269.073,     0.000,     0.000,    18.514,  1865.885,     1.000,     4.492,  -117.482,     0.000,   268.896,   327.414,    36.570,    22.394,     0.000,
 40574.503,    66.120,    23.518,     4.451,     0.212,  6212.698,     0.000,     0.000,    18.512,  1865.885,     1.000,     4.451,  -115.286,     0.000,   270.469,   327.219,    39.401,    19.135,     0.000,
 40574.544,    66.346,    23.517,     4.414,     0.199,  6172.524,   304.376,     0.000,    18.511,  1865.885,     1.000,     4.414,   168.656,   287.147,   270.744,   327.047,    43.879,    18.309,     0.000,
 40574.586,    65.720,    23.517,     4.383,     0.198,  6147.763,     0.000,     0.000,    18.511,  1865.885,     1.000,     4.383,  -112.850,     0.000,   270.429,   326.898,    39.586,    16.796,     0.000,
 40574.628,    64.398,    23.516,     4.355,     0.211,  6082.153,     0.000,     0.000,    18.510,  1865.885,     1.000,     4.355,  -110.261,     0.000,   270.029,   326.767,    37.734,    15.789,     0.000,
 40574.669,    65.858,    23.512,     4.331,     0.197,  6137.887,   239.664,     0.000,    18.506,  1865.885,     1.000,     4.331,   111.294,   226.099,   268.436,   326.651,    38.501,    18.088,     0.000,
 40574.711,    64.213,    23.510,     4.308,     0.211,  6136.166,     0.000,     0.000,    18.504,  1865.885,     1.000,     4.308,  -120.270,     0.000,   267.833,   326.544,    42.919,    18.638,     0.000,
 40574.753,    63.166,    23.505,     4.289,     0.174,  6064.482,     0.000,     0.000,    18.499,  1696.259,     1.000,     4.289,  -112.978,     0.000,   267.281,   326.453,    37.458,    16.348,     0.000,
 40574.794,    63.631,    23.504,     4.273,     0.189,  6096.330,   262.012,     0.000,    18.498,  1696.259,     1.000,     4.273,   137.070,   247.181,   266.213,   326.381,    34.388,    15.555,     0.000,
 40574.836,    60.903,    23.499,     4.259,     0.162,  6006.627,     0.000,     0.000,    18.493,  1696.259,     1.000,     4.259,  -112.229,     0.000,   264.632,   326.312,    33.028,    17.520,     0.000,
 40574.878,    62.857,    23.498,     4.245,     0.184,  6061.898,     0.000,     0.000,    18.492,  1696.259,     1.000,     4.245,  -120.710,     0.000,   264.859,   326.246,    39.742,    19.580,     0.000,
 40574.919,    65.808,    23.490,     4.232,     0.186,  6065.027,    84.240,     0.000,    18.484,  1696.259,     1.000,     4.232,   -48.847,    79.472,   264.357,   326.187,    44.627,    21.862,     0.000,
 40574.961,    60.115,    23.488,     4.224,     0.203,  6061.531,    16.375,     0.000,    18.482,  1696.259,     1.000,     4.224,  -106.637,    15.448,   263.525,   326.147,    38.948,    20.514,     0.000,
 40575.003,    64.996,    23.480,     4.220,     0.166,  5991.766,     0.000,     0.000,    18.474,  1696.259,     1.000,     4.220,  -112.239,     0.000,   263.264,   326.131,    32.102,    17.271,     0.000,
 40575.044,    62.987,    23.477,     4.220,     0.261,  6015.918,   317.551,     0.000,    18.471,  1696.259,     1.000,     4.220,   181.865,   299.576,   263.033,   326.131,    35.357,    19.256,     0.000,
 40575.086,    59.319,    23.474,     4.220,     0.182,  6137.808,     0.000,     0.000,    18.468,  1696.259,     1.000,     4.220,  -172.757,     0.000,   262.330,   326.129,    70.531,    38.427,     0.000,
 40575.128,    63.064,    23.470,     4.220,     0.171,  6003.362,     0.000,     0.000,    18.464,  1696.259,     1.000,     4.220,  -132.746,     0.000,   260.341,   326.129,    41.056,    25.902,     0.000,
 40575.169,    62.648,    23.466,     4.219,     0.191,  6030.141,     0.000,     0.000,    18.460,  1696.259,     1.000,     4.219,  -149.468,     0.000,   257.856,   326.124,    47.323,    33.877,     0.000,
 40575.211,    59.507,    23.463,     4.216,     0.184,  5959.935,     0.000,     0.000,    18.457,  1696.259,     1.000,     4.216,  -146.260,     0.000,   238.099,   326.109,    33.617,    24.633,     0.000,
 40575.253,    63.353,    23.460,     4.205,     0.258,  6059.450,     0.000,     0.000,    18.454,  1696.259,     1.000,     4.205,  -171.474,     0.000,   219.974,   326.059,    37.136,    28.253,     0.000,
 40575.294,    62.243,    23.457,     4.186,     0.194,  6082.444,     0.000,     0.000,    18.451,  1696.259,     1.000,     4.186,  -174.820,     0.000,   218.020,   325.969,    37.832,    29.038,     0.000,
 40575.336,    59.680,    23.454,     4.164,     0.173,  6081.774,     0.000,     0.000,    18.448,  1696.259,     1.000,     4.164,  -170.990,     0.000,   217.420,   325.866,    34.990,    27.555,     0.000,
 40575.378,    64.115,    23.451,     4.140,     0.190,  6117.845,     0.000,     0.000,    18.445,  1696.259,     1.000,     4.140,  -181.901,     0.000,   219.565,   325.753,    44.342,    31.371,     0.000,
 40575.419,    62.063,    23.448,     4.109,     0.192,  6235.133,     0.000,     0.000,    18.442,  1696.259,     1.000,     4.109,  -254.035,     0.000,   221.214,   325.609,    90.837,    58.802,     0.000,
 40575.461,    59.715,    23.445,     4.069,     0.172,  6262.701,     0.000,     0.000,    18.439,  1696.259,     1.000,     4.069,  -240.183,     0.000,   224.791,   325.422,    93.753,    45.798,     0.000,
 40575.503,    62.398,    23.443,     4.028,     0.192,  6238.315,     0.000,     0.000,    18.437,  1696.259,     1.000,     4.028,  -239.587,     0.000,   226.716,   325.230,    98.998,    42.075,     0.000,
 40575.544,    63.131,    23.441,     3.991,     0.193,  6174.931,     0.000,     0.000,    18.435,  1696.259,     1.000,     3.991,  -235.874,     0.000,   228.298,   325.058,   103.565,    35.549,     0.000,
 40575.586,    59.805,    23.441,     3.945,     0.200,  6066.103,     0.000,     0.000,    18.435,  1696.259,     1.000,     3.964,  -191.422,     0.000,   231.008,   324.838,    78.650,    18.942,     0.000,
 40575.628,    63.278,    23.441,     3.912,     0.184,  6088.835,     0.000,     0.000,    18.435,  1696.259,     1.000,     3.941,  -188.930,     0.000,   232.034,   324.687,    80.339,    15.939,     0.000,
 40575.669,    64.781,    23.439,     3.898,     0.220,  6075.957,   661.975,     0.000,    18.433,  1696.259,     1.000,     3.922,   430.126,   624.505,   230.073,   324.621,    79.039,    20.791,     0.000,
 40575.711,    60.912,    23.437,     3.878,     0.163,  6003.271,     0.000,     0.000,    18.431,  1696.259,     1.000,     3.908,  -168.843,     0.000,   225.858,   324.524,    50.061,    20.116,     0.000,
 40575.753,    63.588,    23.437,     3.865,     0.184,  6096.851,     0.000,     0.000,    18.431,  1696.259,     1.000,     3.897,  -183.193,     0.000,   222.972,   324.465,    54.297,    27.402,     0.000,
 40575.794,    64.626,    23.437,     3.859,     0.192,  6172.146,   503.370,     0.000,    18.431,  1696.259,     1.000,     3.890,   288.578,   474.877,   221.926,   324.435,    54.378,    29.413,     0.000,
 40575.836,    61.015,    23.436,     3.853,     0.185,  6216.942,     0.000,     0.000,    18.430,  1696.259,     1.000,     3.883,  -182.499,     0.000,   219.568,   324.408,    47.640,    30.019,     0.000,
 40575.878,    62.113,    23.435,     3.847,     0.189,  6144.500,     0.000,     0.000,    18.429,  1696.259,     1.000,     3.877,  -166.404,     0.000,   218.773,   324.376,    36.627,    24.173,     0.000,
 40575.919,    64.720,    23.436,     3.849,     0.205,  6176.811,   350.175,     0.000,    18.430,  1696.259,     1.000,     3.878,   161.654,   330.353,   217.423,   324.386,    35.597,    26.139,     0.000,
 40575.961,    60.392,    23.436,     3.853,     0.193,  6227.126,     0.000,     0.000,    18.430,  1696.259,     1.000,     3.885,  -170.689,     0.000,   216.330,   324.407,    34.820,    27.793,     0.000,
 40576.003,    63.903,    23.434,     3.856,     0.189,  6289.985,     0.000,     0.000,    18.428,  1696.259,     1.000,     3.889,  -180.123,     0.000,   214.984,   324.419,    37.912,    32.776,     0.000,
 40576.044,    65.184,    23.436,     3.855,     0.178,  6240.296,     0.000,     0.000,    18.430,  1696.259,     1.000,     3.891,  -201.846,     0.000,   213.339,   324.416,    46.846,    43.923,     0.000,
 40576.086,    60.820,    23.440,     3.858,     0.204,  6254.297,     0.000,     0.000,    18.434,  1696.259,     1.000,     3.894,  -196.385,     0.000,   211.483,   324.431,    40.728,    42.709,     0.000,
 40576.128,    64.722,    23.437,     3.881,     0.388,  6245.017,     0.000,     0.000,    18.431,  1696.259,     1.000,     3.898,  -188.737,     0.000,   208.700,   324.463,    32.910,    40.063,     0.000,
 40576.169,    65.724,    23.435,     3.867,     0.195,  6298.864,   922.276,     0.000,    18.429,  1696.259,     1.000,     3.899,   658.827,   870.072,   207.540,   324.474,    41.713,    52.599,     0.000,
 40576.211,    61.584,    23.438,     3.856,     0.201,  6344.743,     0.000,     0.000,    18.432,  1696.259,     1.000,     3.893,  -219.706,     0.000,   206.201,   324.421,    43.795,    57.691,     0.000,
 40576.253,    63.807,    23.436,     3.851,     0.192,  6326.809,     0.000,     0.000,    18.430,  1696.259,     1.000,     3.885,  -196.748,     0.000,   205.909,   324.398,    33.355,    44.904,     0.000,
 40576.294,    66.013,    23.439,     3.841,     0.202,  6308.886,     0.000,     0.000,    18.433,  1696.259,     1.000,     3.873,  -197.378,     0.000,   205.755,   324.349,    33.643,    45.141,     0.000,
 40576.336,    60.911,    23.438,     3.826,     0.167,  6339.439,     0.000,     0.000,    18.432,  1696.259,     1.000,     3.855,  -200.784,     0.000,   206.469,   324.279,    35.901,    47.074,     0.000,
 40576.378,    64.324,    23.438,     3.806,     0.184,  6364.763,     0.000,     0.000,    18.432,  1696.259,     1.000,     3.836,  -175.140,     0.000,   212.880,   324.189,    30.944,    32.887,     0.000,
 40576.419,    66.321,    23.441,     3.796,     0.198,  6371.336,   340.736,     0.000,    18.435,  1696.259,     1.000,     3.820,   164.185,   321.449,   219.964,   324.144,    30.817,    22.267,     0.000,
 40576.461,    61.614,    23.438,     3.779,     0.175,  6347.841,    18.914,     0.000,    18.432,  1696.259,     1.000,     3.806,  -138.938,    17.844,   221.533,   324.060,    34.231,    20.023,     0.000,
 40576.503,    65.879,    23.441,     3.772,     0.243,  6345.521,     0.000,     0.000,    18.435,  1696.259,     1.000,     3.796,  -149.581,     0.000,   225.428,   324.031,    34.993,    15.985,     0.000,
 40576.544,    64.905,    23.442,     3.771,     0.206,  6411.997,   220.431,     0.000,    18.436,  1696.259,     1.000,     3.797,    66.321,   207.954,   227.400,   324.023,    32.743,    12.268,     0.000,
 40576.586,    61.328,    23.440,     3.786,     0.196,  6445.854,   267.734,     0.000,    18.434,  1696.259,     1.000,     3.808,   114.765,   252.579,   230.066,   324.091,    34.081,     9.709,     0.000,
 40576.628,    64.303,    23.439,     3.798,     0.198,  6428.511,     0.000,     0.000,    18.433,  1696.259,     1.000,     3.824,  -132.000,     0.000,   231.485,   324.148,    31.951,     7.386,     0.000,
 40576.669,    65.751,    23.440,     3.812,     0.195,  6435.914,     0.000,     0.000,    18.434,  1696.259,     1.000,     3.838,  -136.946,     0.000,   232.791,   324.214,    38.146,     7.377,     0.000,
 40576.711,    61.294,    23.441,     3.825,     0.196,  6520.037,   104.151,     0.000,    18.435,  1696.259,     1.000,     3.852,   -52.926,    98.255,   228.642,   324.277,    41.325,    14.221,     0.000,
 40576.753,    62.462,    23.440,     3.842,     0.199,  6470.351,     0.000,     0.000,    18.434,  1696.259,     1.000,     3.868,  -140.670,     0.000,   227.709,   324.356,    31.837,    12.187,     0.000,
 40576.794,    67.041,    23.441,     3.856,     0.188,  6440.604,     0.000,     0.000,    18.435,  1696.259,     1.000,     3.882,  -151.830,     0.000,   222.328,   324.420,    30.480,    19.258,     0.000,
 40576.837,    64.533,    23.441,     3.873,     0.199,  6456.029,   129.589,     0.000,    18.435,  1696.259,     1.000,     3.899,   -43.779,   122.254,   217.842,   324.500,    31.843,    27.532,     0.000,
 40576.878,    62.198,    23.442,     3.887,     0.220,  6534.578,     0.000,     0.000,    18.436,  1696.259,     1.000,     3.915,  -165.193,     0.000,   216.285,   324.566,    28.923,    27.990,     0.000,
 40576.919,    65.379,    23.439,     3.913,     0.430,  6519.776,     0.000,     0.000,    18.433,  1696.259,     1.000,     3.936,  -162.952,     0.000,   216.999,   324.681,    28.232,    27.039,     0.000,
 40576.962,    62.916,    23.441,     3.927,     0.178,  6489.388,   129.589,     0.000,    18.435,  1696.259,     1.000,     3.958,   -63.722,   122.253,   215.347,   324.749,    37.328,    39.245,     0.000,
 40577.003,    66.563,    23.442,     3.962,     0.212,  6597.046,     0.000,     0.000,    18.436,  1696.259,     1.000,     3.981,  -175.529,     0.000,   214.135,   324.910,    30.629,    34.125,     0.000,
 40577.044,    65.883,    23.443,     4.007,     0.232,  6556.207,     0.000,     0.000,    18.437,  1696.259,     1.000,     4.007,  -171.881,     0.000,   213.956,   325.126,    28.651,    32.060,     0.000,
 40577.087,    62.888,    23.441,     4.027,     0.209,  6642.183,   129.589,     0.000,    18.435,  1696.259,     1.000,     4.027,   -58.430,   122.254,   212.864,   325.219,    31.429,    36.901,     0.000,
 40577.128,    67.385,    23.442,     4.042,     0.319,  6569.572,     0.000,     0.000,    18.436,  1696.259,     1.000,     4.042,  -179.138,     0.000,   213.074,   325.290,    30.621,    36.301,     0.000,
 40577.169,    67.498,    23.441,     4.053,     0.197,  6463.370,     0.000,     0.000,    18.435,  1696.259,     1.000,     4.053,  -171.071,     0.000,   214.154,   325.341,    27.935,    31.949,     0.000,
 40577.212,    62.841,    23.441,     4.054,     0.213,  6520.449,   129.589,     0.000,    18.435,  1696.259,     1.000,     4.054,   -51.493,   122.254,   213.162,   325.350,    28.049,    33.510,     0.000,
 40577.253,    69.876,    23.443,     4.041,     0.217,  6478.255,     0.000,     0.000,    18.437,  1696.259,     1.000,     4.041,  -175.501,     0.000,   212.498,   325.290,    28.200,    34.509,     0.000,
 40577.294,    66.943,    23.442,     4.020,     0.211,  6436.083,     0.000,     0.000,    18.436,  1696.259,     1.000,     4.020,  -173.644,     0.000,   213.021,   325.189,    27.890,    33.585,     0.000,
 40577.337,    63.251,    23.442,     3.995,     0.199,  6477.119,   129.589,     0.000,    18.436,  1696.259,     1.000,     3.995,   -48.733,   122.254,   213.842,   325.072,    27.571,    32.186,     0.000,
 40577.378,    66.596,    23.442,     3.945,     0.215,  6345.082,     0.000,     0.000,    18.436,  1696.259,     1.000,     3.966,  -156.461,     0.000,   218.767,   324.839,    25.781,    24.608,     0.000,
 40577.419,    65.771,    23.444,     3.913,     0.200,  6362.335,    47.189,     0.000,    18.438,  1696.259,     1.000,     3.936,   -99.337,    44.518,   224.081,   324.693,    26.079,    17.165,     0.000,
 40577.462,    63.778,    23.444,     3.886,     0.197,  6367.507,   129.195,     0.000,    18.438,  1696.259,     1.000,     3.907,   -15.648,   121.882,   227.108,   324.565,    26.708,    13.365,     0.000,
 40577.503,    66.696,    23.447,     3.872,     0.195,  6343.979,     0.000,     0.000,    18.441,  1696.259,     1.000,     3.888,  -106.574,     0.000,   251.992,   324.494,    27.074,     6.998,     0.000,
 40577.544,    63.948,    23.449,     3.859,     0.211,  6333.958,     0.000,     0.000,    18.443,  1696.259,     1.000,     3.876,  -111.735,     0.000,   239.290,   324.436,    27.811,    -1.221,     0.000,
 40577.587,    63.806,    23.452,     3.855,     0.196,  6282.444,   129.589,     0.000,    18.446,  1696.259,     1.000,     3.871,    22.629,   122.254,   242.176,   324.417,    25.381,    -7.996,     0.000,
 40577.628,    67.027,    23.453,     3.853,     0.197,  6256.964,     0.000,     0.000,    18.447,  1696.259,     1.000,     3.871,  -101.952,     0.000,   240.910,   324.408,    25.401,    -6.947,     0.000,
 40577.669,    66.858,    23.458,     3.863,     0.182,  6203.618,   111.892,     0.000,    18.452,  1696.259,     1.000,     3.879,     6.156,   105.559,   243.361,   324.461,    25.929,    -7.626,     0.000,
 40577.712,    67.526,    23.460,     3.878,     0.197,  6192.218,     0.000,     0.000,    18.454,  1696.259,     1.000,     3.894,  -103.136,     0.000,   242.416,   324.523,    25.503,    -4.473,     0.000,
 40577.753,    68.828,    23.459,     3.887,     0.200,  6192.869,     0.000,     0.000,    18.453,  1696.259,     1.000,     3.909,  -113.606,     0.000,   237.460,   324.564,    25.598,     0.904,     0.000,
 40577.795,    66.766,    23.464,     3.898,     0.204,  6156.112,   555.735,     0.000,    18.458,  1696.259,     1.000,     3.921,   402.355,   524.278,   233.285,   324.617,    24.897,     5.694,     0.000,
 40577.837,    67.760,    23.466,     3.913,     0.182,  6141.051,   129.589,     0.000,    18.460,  1696.259,     1.000,     3.937,    -7.110,   122.253,   229.750,   324.687,    24.458,     9.970,     0.000,
 40577.878,    64.901,    23.469,     3.936,     0.205,  6093.292,     0.000,     0.000,    18.463,  1696.259,     1.000,     3.952,  -131.245,     0.000,   228.353,   324.795,    23.013,    11.789,     0.000,
 40577.919,    67.889,    23.472,     3.946,     0.173,  6055.576,   352.842,     0.000,    18.466,  1696.259,     1.000,     3.971,   209.344,   332.869,   230.182,   324.843,    19.276,     9.589,     0.000,
 40577.962,    65.688,    23.475,     3.997,     0.182,  6025.550,   129.589,     0.000,    18.469,  1696.259,     1.000,     3.997,    -3.391,   122.253,   229.763,   325.078,    20.006,    10.323,     0.000,
 40578.003,    67.677,    23.480,     4.022,     0.197,  6033.126,     0.000,     0.000,    18.474,  1696.259,     1.000,     4.022,  -132.110,     0.000,   228.016,   325.199,    21.336,    13.592,     0.000,
 40578.045,    70.050,    23.484,     4.046,     0.185,  5974.423,   451.723,     0.000,    18.478,  1696.259,     1.000,     4.046,   294.931,   426.154,   227.559,   325.311,    20.213,    13.259,     0.000,
 40578.087,    64.714,    23.487,     4.071,     0.184,  6049.570,   129.589,     0.000,    18.481,  1696.259,     1.000,     4.071,   -18.580,   122.254,   227.452,   325.426,    25.360,    17.500,     0.000,
 40578.128,    67.679,    23.493,     4.094,     0.188,  5988.965,     0.000,     0.000,    18.487,  1696.259,     1.000,     4.094,  -131.833,     0.000,   226.946,   325.536,    19.005,    14.237,     0.000,
 40578.170,    67.187,    23.497,     4.115,     0.187,  6019.014,     0.000,     0.000,    18.491,  1696.259,     1.000,     4.115,  -103.016,     0.000,   237.659,   325.636,    13.367,     1.672,     0.000,
 40578.212,    63.137,    23.499,     4.134,     0.194,  6054.157,   129.589,     0.000,    18.493,  1696.259,     1.000,     4.134,    69.075,   122.254,   258.144,   325.725,     7.510,   -21.913,     0.000,
 40578.253,    70.751,    23.501,     4.147,     0.368,  6105.472,     0.000,     0.000,    18.495,  1696.259,     1.000,     4.147,   -27.415,     0.000,   267.513,   325.787,     8.923,   -39.783,     0.000,
 40578.294,    68.764,    23.508,     4.149,     0.196,  6104.492,   323.088,     0.000,    18.502,  1865.885,     1.000,     4.149,   285.610,   304.800,   269.904,   325.796,     0.129,   -36.831,     0.000,
 40578.337,    64.359,    23.510,     4.145,     0.182,  6077.471,   129.195,     0.000,    18.504,  1865.885,     1.000,     4.145,    97.015,   121.882,   268.199,   325.778,    -5.446,   -27.265,     0.000,
 40578.378,    66.383,    23.515,     4.138,     0.186,  6099.590,     0.000,     0.000,    18.509,  1865.885,     1.000,     4.137,     1.141,     0.000,   292.891,   325.745,    -7.200,   -26.794,     0.000,
 40578.420,    66.398,    23.516,     4.126,     0.191,  6123.112,     0.776,     0.000,    18.510,  1865.885,     1.000,     4.120,    17.476,     0.732,   300.797,   325.688,    -9.039,   -32.596,     0.000,
 40578.462,    63.615,    23.518,     4.092,     0.199,  6155.220,   113.282,     0.000,    18.512,  1865.885,     1.000,     4.088,   100.846,   106.869,   279.823,   325.533,    -9.731,   -29.956,     0.000,
 40578.503,    69.168,    23.522,     4.064,     0.189,  6105.815,     0.000,     0.000,    18.516,  1865.885,     1.000,     4.054,    46.643,     0.000,   281.312,   325.400,   -23.091,   -67.639,     0.000,
 40578.544,    67.535,    23.513,     4.075,     0.156,  5660.177,     0.000,     0.000,    18.507,  1865.885,     1.000,     4.041,   222.540,     0.000,   270.295,   325.445,   -94.205,  -183.485,     0.000,
 40578.587,    63.192,    23.505,     4.085,     0.180,  5845.689,    79.284,     0.000,    18.499,  1696.259,     1.000,     4.047,   309.744,    74.796,   299.397,   325.490,  -100.027,  -161.014,     0.000,
 40578.628,    67.744,    23.503,     4.121,     0.185,  5704.320,     0.000,     0.000,    18.497,  1696.259,     1.000,     4.076,   401.185,     0.000,   317.888,   325.635,  -151.098,  -257.834,     0.000,
 40578.669,    65.718,    23.511,     4.140,     0.193,  6206.139,   154.596,     0.000,    18.505,  1865.885,     1.000,     4.102,   320.909,   145.845,   315.733,   325.756,   -63.588,  -121.499,     0.000,
 40578.712,    61.969,    23.528,     4.146,     0.208,  6510.572,    57.196,     0.000,    18.522,  1865.885,     1.000,     4.117,   232.898,    53.959,   309.368,   325.778,   -68.924,  -126.426,     0.000,
 40578.753,    65.964,    23.522,     4.168,     0.180,  6045.879,     0.000,     0.000,    18.516,  1865.885,     1.000,     4.140,   208.437,     0.000,   273.113,   325.882,   -84.537,  -176.670,     0.000,
 40578.795,    62.401,    23.528,     4.174,     0.206,  6528.497,   442.924,     0.000,    18.522,  1865.885,     1.000,     4.159,   505.846,   417.853,   296.579,   325.914,   -36.240,   -81.087,     0.000,
 40578.837,    60.898,    23.538,     4.193,     0.234,  6527.840,   114.863,     0.000,    18.532,  1865.885,     1.000,     4.178,   222.583,   108.361,   278.433,   326.002,   -51.251,  -110.539,     0.000,
 40578.878,    61.072,    23.533,     4.212,     0.197,  6411.723,     0.000,     0.000,    18.527,  1865.885,     1.000,     4.199,    79.984,     0.000,   273.840,   326.088,   -34.494,   -97.738,     0.000,
 40578.920,    63.271,    23.533,     4.246,     0.198,  6309.720,     7.956,     0.000,    18.527,  1865.885,     1.000,     4.231,   110.618,     7.505,   280.792,   326.247,   -39.115,  -109.453,     0.000,
 40578.962,    60.598,    23.539,     4.272,     0.226,  6595.734,    57.196,     0.000,    18.533,  1865.885,     1.000,     4.268,    91.955,    53.959,   310.320,   326.373,   -11.552,   -42.497,     0.000,
 40579.003,    63.001,    23.543,     4.308,     0.211,  6606.039,     0.000,     0.000,    18.537,  1865.885,     1.000,     4.308,    -7.991,     0.000,   274.001,   326.539,    -4.884,   -39.663,     0.000,
 40579.045,    61.584,    23.543,     4.347,     0.206,  6447.745,   222.027,     0.000,    18.537,  1865.885,     1.000,     4.347,   216.143,   209.459,   293.513,   326.725,    -6.435,   -33.460,     0.000,
 40579.087,    60.923,    23.545,     4.390,     0.198,  6321.532,    79.284,     0.000,    18.539,  1865.885,     1.000,     4.389,   104.501,    74.796,   292.444,   326.924,    -9.602,   -54.582,     0.000,
 40579.128,    64.447,    23.542,     4.436,     0.194,  6189.989,     0.000,     0.000,    18.536,  1865.885,     1.000,     4.434,    51.263,     0.000,   308.662,   327.144,    -9.050,   -60.695,     0.000,
 40579.170,    64.640,    23.541,     4.481,     0.200,  6308.265,     0.667,     0.000,    18.535,  1865.885,     1.000,     4.478,    41.854,     0.629,   309.015,   327.355,    -9.096,   -50.468,     0.000,
 40579.212,    66.993,    23.547,     4.512,     0.264,  6372.995,    82.208,     0.000,    18.541,  1865.885,     1.000,     4.512,    72.600,    77.555,   289.217,   327.500,    -4.470,   -28.859,     0.000,
 40579.253,    68.121,    23.547,     4.530,     0.204,  6385.185,     0.000,     0.000,    18.541,  1865.885,     1.000,     4.530,    -0.385,     0.000,   288.165,   327.591,    -3.508,   -35.532,     0.000,
 40579.295,    64.528,    23.547,     4.543,     0.192,  6173.002,     0.000,     0.000,    18.541,  1865.885,     1.000,     4.539,    35.375,     0.000,   304.574,   327.651,    -5.769,   -52.683,     0.000,
 40579.337,    68.617,    23.545,     4.539,     0.204,  6337.071,    82.208,     0.000,    18.539,  1865.885,     1.000,     4.539,    59.199,    77.555,   284.945,   327.632,     0.887,   -25.218,     0.000,
 40579.378,    68.268,    23.545,     4.532,     0.196,  6298.807,     0.000,     0.000,    18.539,  1865.885,     1.000,     4.532,   -11.484,     0.000,   284.078,   327.599,     8.207,   -40.244,     0.000,
 40579.420,    70.070,    23.544,     4.512,     0.204,  6176.940,   834.458,     0.000,    18.538,  1865.885,     1.000,     4.512,   751.994,   787.224,   262.445,   327.508,     6.481,   -36.314,     0.000,
 40579.462,    68.906,    23.541,     4.496,     0.175,  5968.762,    49.153,     0.000,    18.535,  1865.885,     1.000,     4.489,    78.893,    46.370,   303.156,   327.430,    11.056,   -67.853,     0.000,
 40579.503,    70.471,    23.540,     4.469,     0.205,  6125.514,     0.000,     0.000,    18.534,  1865.885,     1.000,     4.467,    -9.520,     0.000,   287.464,   327.306,     7.824,   -38.145,     0.000,
 40579.545,    70.391,    23.546,     4.449,     0.226,  6113.756,   216.394,     0.000,    18.540,  1865.885,     1.000,     4.445,   228.678,   204.145,   306.305,   327.209,     1.765,   -47.201,     0.000,
 40579.587,    68.969,    23.543,     4.443,     0.209,  5869.899,    45.356,     0.000,    18.537,  1865.885,     1.000,     4.432,    96.137,    42.789,   302.756,   327.178,   -13.470,   -64.300,     0.000,
 40579.628,    73.797,    23.539,     4.430,     0.200,  6051.291,     0.000,     0.000,    18.533,  1865.885,     1.000,     4.424,    26.154,     0.000,   301.326,   327.118,   -11.919,   -40.027,     0.000,
 40579.670,    73.246,    23.540,     4.421,     0.181,  6019.156,   310.334,     0.000,    18.534,  1865.885,     1.000,     4.418,   327.109,   292.768,   298.058,   327.074,   -21.333,   -42.023,     0.000,
 40579.712,    73.393,    23.540,     4.414,     0.221,  6165.237,    45.356,     0.000,    18.534,  1865.885,     1.000,     4.410,    56.882,    42.789,   297.304,   327.041,   -15.944,   -27.886,     0.000,
 40579.753,    73.607,    23.541,     4.405,     0.196,  6073.051,     0.000,     0.000,    18.535,  1865.885,     1.000,     4.402,    16.563,     0.000,   298.411,   327.000,   -13.756,   -31.395,     0.000,
 40579.795,    73.891,    23.536,     4.396,     0.187,  6108.004,     0.000,     0.000,    18.530,  1865.885,     1.000,     4.394,     4.610,     0.000,   297.662,   326.959,   -12.493,   -21.413,     0.000,
 40579.837,    74.969,    23.535,     4.396,     0.195,  5934.831,    45.356,     0.000,    18.529,  1865.885,     1.000,     4.393,    70.761,    42.789,   298.853,   326.956,   -20.848,   -35.228,     0.000,
 40579.879,    79.424,    23.532,     4.398,     0.204,  5910.372,     0.000,     0.000,    18.526,  1865.885,     1.000,     4.396,    11.053,     0.000,   297.614,   326.967,   -15.678,   -24.728,     0.000,
 40579.920,    77.429,    23.529,     4.399,     0.202,  6008.154,   298.395,     0.000,    18.523,  1865.885,     1.000,     4.399,   277.065,   281.505,   296.325,   326.970,   -10.059,   -16.146,     0.000,
 40579.962,    75.235,    23.528,     4.410,     0.192,  5893.757,    49.152,     0.000,    18.522,  1865.885,     1.000,     4.409,    58.082,    46.370,   293.387,   327.021,   -19.188,   -26.158,     0.000,
 40580.004,    80.098,    23.524,     4.426,     0.173,  5888.473,     0.000,     0.000,    18.518,  1865.885,     1.000,     4.426,    -9.237,     0.000,   283.121,   327.097,   -14.281,   -20.457,     0.000,
 40580.045,    79.599,    23.522,     4.446,     0.360,  5862.250,   585.695,     0.000,    18.516,  1865.885,     1.000,     4.446,   560.138,   552.543,   288.210,   327.191,   -18.626,   -27.949,     0.000,
 40580.087,    76.911,    23.519,     4.473,     0.180,  5730.821,    79.284,     0.000,    18.513,  1865.885,     1.000,     4.470,   113.672,    74.796,   290.888,   327.316,   -30.036,   -45.268,     0.000,
 40580.129,    83.164,    23.517,     4.500,     0.196,  5708.735,     0.000,     0.000,    18.511,  1865.885,     1.000,     4.494,    47.689,     0.000,   308.137,   327.443,   -27.137,   -39.858,     0.000,
 40580.170,    79.008,    23.515,     4.520,     0.157,  5752.256,     0.000,     0.000,    18.509,  1865.885,     1.000,     4.514,    41.823,     0.000,   308.147,   327.539,   -24.862,   -36.352,     0.000,
 40580.212,    78.062,    23.511,     4.540,     0.172,  5703.977,    49.152,     0.000,    18.505,  1865.885,     1.000,     4.532,    96.768,    46.370,   306.616,   327.636,   -28.752,   -42.666,     0.000,
 40580.254,    80.371,    23.511,     4.542,     0.202,  5693.267,     0.000,     0.000,    18.505,  1865.885,     1.000,     4.540,     6.685,     0.000,   289.432,   327.645,   -17.362,   -27.536,     0.000,
 40580.295,    80.831,    23.511,     4.542,     0.186,  5712.504,   408.645,     0.000,    18.505,  1865.885,     1.000,     4.542,   383.728,   385.514,   288.885,   327.645,   -14.108,   -22.866,     0.000,
 40580.337,    77.653,    23.508,     4.539,     0.175,  5670.382,   123.314,     0.000,    18.502,  1865.885,     1.000,     4.539,    95.247,   116.334,   268.187,   327.631,   -15.210,   -23.148,     0.000,
 40580.379,    81.157,    23.506,     4.537,     0.166,  5586.200,     0.000,     0.000,    18.500,  1865.885,     1.000,     4.533,    25.892,     0.000,   312.704,   327.623,   -14.856,   -25.955,     0.000,
 40580.420,    83.208,    23.503,     4.525,     0.167,  5538.331,   595.938,     0.000,    18.497,  1696.259,     1.000,     4.521,   572.192,   562.206,   295.974,   327.567,   -13.674,   -27.906,     0.000,
 40580.462,    78.902,    23.503,     4.515,     0.173,  5372.892,   124.318,     0.000,    18.497,  1696.259,     1.000,     4.504,   187.986,   117.281,   272.168,   327.521,   -47.304,   -78.754,     0.000,
 40580.504,    84.522,    23.496,     4.510,     0.148,  5233.602,     0.000,     0.000,    18.490,  1696.259,     1.000,     4.491,   104.979,     0.000,   296.684,   327.494,   -50.311,   -85.478,     0.000,
 40580.545,    91.295,    23.500,     4.500,     0.170,  5243.969,   805.887,     0.000,    18.494,  1696.259,     1.000,     4.478,   881.797,   760.271,   284.983,   327.444,   -58.579,  -105.408,     0.000,
 40580.587,    91.781,    23.497,     4.505,     0.136,  4961.107,   129.589,     0.000,    18.491,  1696.259,     1.000,     4.471,   323.367,   122.254,   274.346,   327.469,   -89.351,  -164.885,     0.000,
 40580.628,    98.142,    23.487,     4.521,     0.110,  4570.034,     0.000,     0.000,    18.481,  1696.259,     1.000,     4.481,   279.850,     0.000,   273.297,   327.538,  -105.701,  -228.391,     0.000,
 40580.670,    91.894,    23.485,     4.527,     0.145,  5002.715,     0.000,     0.000,    18.479,  1696.259,     1.000,     4.486,   205.063,     0.000,   273.232,   327.573,   -61.368,  -198.037,     0.000,
 40580.712,    89.226,    23.491,     4.510,     0.287,  5913.363,   129.589,     0.000,    18.485,  1696.259,     1.000,     4.488,   238.532,   122.253,   270.729,   327.492,   -38.293,  -134.749,     0.000,
 40580.753,    88.174,    23.502,     4.497,     0.285,  5826.045,     0.000,     0.000,    18.496,  1696.259,     1.000,     4.488,    61.399,     0.000,   268.706,   327.433,   -28.834,   -91.292,     0.000,
 40580.795,    90.914,    23.503,     4.493,     0.214,  5735.477,    20.485,     0.000,    18.497,  1696.259,     1.000,     4.485,    61.926,    19.326,   295.573,   327.414,   -15.337,   -59.105,     0.000,
 40580.837,    96.589,    23.506,     4.497,     0.260,  5462.777,    49.152,     0.000,    18.500,  1696.259,     1.000,     4.489,    98.053,    46.370,   310.202,   327.437,   -14.501,   -54.416,     0.000,
 40580.878,    91.828,    23.509,     4.497,     0.241,  5245.184,     0.000,     0.000,    18.503,  1865.885,     1.000,     4.494,    14.248,     0.000,   285.002,   327.437,   -16.381,   -40.303,     0.000,
 40580.920,    92.691,    23.513,     4.494,     0.149,  5188.174,   680.868,     0.000,    18.507,  1865.885,     1.000,     4.494,   625.284,   642.328,   269.237,   327.422,    -7.879,   -33.261,     0.000,
 40580.962,    92.923,    23.509,     4.507,     0.156,  4838.926,    79.284,     0.000,    18.503,  1865.885,     1.000,     4.499,   126.779,    74.796,   288.941,   327.481,   -12.116,   -78.406,     0.000,
 40581.003,    99.005,    23.512,     4.514,     0.155,  5061.580,     0.000,     0.000,    18.506,  1865.885,     1.000,     4.509,    22.064,     0.000,   302.728,   327.513,    -8.550,   -38.299,     0.000,
 40581.045,    90.108,    23.519,     4.521,     0.161,  5230.557,     0.000,     0.000,    18.513,  1865.885,     1.000,     4.520,    -1.211,     0.000,   285.125,   327.546,    -4.266,   -36.944,     0.000,
 40581.087,    85.652,    23.522,     4.530,     0.123,  5131.365,   129.561,     0.000,    18.516,  1865.885,     1.000,     4.530,    89.721,   122.227,   257.018,   327.590,    -9.604,   -28.461,     0.000,
 40581.128,    87.393,    23.521,     4.546,     0.134,  4597.602,     0.000,     0.000,    18.515,  1865.885,     1.000,     4.544,    34.645,     0.000,   258.575,   327.662,   -13.647,   -90.086,     0.000,
 40581.170,    87.364,    23.495,     4.585,    -0.002,  1780.487,     0.000,     0.000,    18.489,  1696.259,     1.000,     4.566,   114.328,     0.000,   256.458,   327.834,    41.462,  -227.166,     0.000,
 40581.212,    90.743,    23.472,     4.595,     0.036,  2338.790,   125.442,     0.000,    18.466,  1696.259,     1.000,     4.579,   151.013,   118.342,   252.191,   327.892,    -0.477,  -107.895,     0.000,
 40581.253,   125.209,    23.512,     4.598,     0.407,  6482.687,     0.000,     0.000,    18.506,  1865.885,     1.000,     4.598,   -36.428,     0.000,   255.680,   327.908,    15.417,   -51.217,     0.000,
 40581.295,    82.770,    23.531,     4.618,     0.256,  7118.165,   588.196,     0.000,    18.525,  1865.885,     1.000,     4.618,   505.019,   554.902,   269.727,   328.002,    28.594,   -36.985,     0.000,
 40581.337,    90.020,    23.529,     4.635,     0.397,  5941.907,   126.806,     0.000,    18.523,  1865.885,     1.000,     4.635,    39.316,   119.628,   243.709,   328.083,    21.508,   -25.569,     0.000,
 40581.378,    98.449,    23.526,     4.646,     0.222,  5147.068,     0.000,     0.000,    18.520,  1865.885,     1.000,     4.646,   -89.220,     0.000,   244.631,   328.136,    38.163,   -32.449,     0.000,
 40581.420,    96.823,    23.526,     4.655,     0.263,  5303.676,   887.802,     0.000,    18.520,  1865.885,     1.000,     4.655,   761.226,   837.549,   252.755,   328.178,    43.228,   -42.328,     0.000,
 40581.462,    97.001,    23.521,     4.663,     0.272,  4709.635,   114.863,     0.000,    18.515,  1865.885,     1.000,     4.663,    59.613,   108.361,   262.257,   328.218,    78.691,   -95.903,     0.000,
 40581.503,    87.145,    23.513,     4.666,     0.111,  3051.295,     0.000,     0.000,    18.507,  1865.885,     1.000,     4.666,   -56.992,     0.000,   255.636,   328.233,   105.836,  -121.441,     0.000,
 40581.545,   102.796,    23.517,     4.667,     0.154,  5238.384,   363.526,     0.000,    18.511,  1865.885,     1.000,     4.667,   301.213,   342.949,   276.268,   328.236,    33.034,   -43.267,     0.000,
 40581.587,    99.095,    23.530,     4.668,     0.212,  5952.126,   124.318,     0.000,    18.524,  1865.885,     1.000,     4.668,    67.831,   117.281,   257.757,   328.241,    28.640,   -49.674,     0.000,
 40581.628,    97.964,    23.530,     4.668,     0.196,  5086.328,     0.000,     0.000,    18.524,  1865.885,     1.000,     4.668,   -16.617,     0.000,   278.164,   328.241,    25.556,   -59.016,     0.000,
 40581.670,    95.941,    23.522,     4.667,     0.128,  4798.737,   331.757,     0.000,    18.516,  1865.885,     1.000,     4.667,   265.978,   312.979,   276.171,   328.235,    42.211,   -47.274,     0.000,
 40581.712,    96.881,    23.523,     4.662,     0.137,  4936.217,    49.152,     0.000,    18.517,  1865.885,     1.000,     4.662,    -4.257,    46.370,   286.471,   328.214,    32.829,   -23.945,     0.000,
 40581.754,   120.308,    23.522,     4.656,     0.229,  5100.698,     0.000,     0.000,    18.516,  1865.885,     1.000,     4.656,   -67.521,     0.000,   267.041,   328.187,    13.827,    -7.453,     0.000,
 40581.796,   116.709,    23.522,     4.650,     0.177,  4833.435,    63.864,     0.000,    18.516,  1865.885,     1.000,     4.650,   -15.290,    60.249,   264.104,   328.158,    19.423,    -7.939,     0.000,
 40581.837,   127.542,    23.517,     4.645,     0.176,  4731.157,     0.000,     0.000,    18.511,  1865.885,     1.000,     4.645,   -79.327,     0.000,   262.210,   328.134,    17.458,    -4.054,     0.000,
 40581.879,   100.878,    23.516,     4.641,     0.159,  4609.707,     0.000,     0.000,    18.510,  1865.885,     1.000,     4.641,   -87.588,     0.000,   260.368,   328.115,    23.651,    -3.810,     0.000,
 40581.920,   112.871,    23.511,     4.636,     0.171,  4546.242,     0.000,     0.000,    18.505,  1865.885,     1.000,     4.636,  -110.627,     0.000,   247.266,   328.091,    23.434,     6.369,     0.000,
 40581.962,   112.681,    23.510,     4.631,     0.211,  4705.139,    78.209,     0.000,    18.504,  1865.885,     1.000,     4.631,    -7.513,    73.782,   262.953,   328.067,    12.241,     3.940,     0.000,
 40582.004,   126.998,    23.506,     4.629,     0.274,  4775.576,     0.000,     0.000,    18.500,  1696.259,     1.000,     4.629,   -63.649,     0.000,   277.358,   328.057,     9.350,     3.600,     0.000,
 40582.046,   109.881,    23.502,     4.625,     0.230,  4677.090,   142.619,     0.000,    18.496,  1696.259,     1.000,     4.625,    50.500,   134.546,   259.491,   328.040,    11.425,     4.071,     0.000,
 40582.087,   104.010,    23.497,     4.616,     0.191,  4580.461,   129.589,     0.000,    18.491,  1696.259,     1.000,     4.616,    10.838,   122.253,   238.075,   327.995,    15.814,     5.681,     0.000,
 40582.129,   110.632,    23.493,     4.602,     0.240,  4505.804,     0.000,     0.000,    18.487,  1696.259,     1.000,     4.602,  -116.686,     0.000,   239.041,   327.934,    22.664,     5.130,     0.000,
 40582.170,   106.764,    23.491,     4.589,     0.233,  4596.886,     0.000,     0.000,    18.485,  1696.259,     1.000,     4.589,   -96.555,     0.000,   260.704,   327.871,    21.675,     7.712,     0.000,
 40582.212,   117.243,    23.487,     4.578,     0.261,  4805.341,    45.356,     0.000,    18.481,  1696.259,     1.000,     4.578,   -57.714,    42.789,   270.319,   327.819,    22.400,    20.602,     0.000,
 40582.253,   102.232,    23.485,     4.575,     0.270,  4904.228,     0.000,     0.000,    18.479,  1696.259,     1.000,     4.575,   -82.266,     0.000,   269.747,   327.800,    12.343,    11.869,     0.000,
 40582.295,   101.024,    23.481,     4.581,     0.237,  4839.443,     0.000,     0.000,    18.475,  1696.259,     1.000,     4.581,   -95.419,     0.000,   268.458,   327.828,    17.980,    18.068,     0.000,
 40582.337,   107.218,    23.479,     4.591,     0.247,  4794.447,    45.356,     0.000,    18.473,  1696.259,     1.000,     4.591,   -53.827,    42.789,   270.535,   327.876,    20.907,    18.368,     0.000,
 40582.379,   105.294,    23.476,     4.605,     0.277,  4818.405,     0.000,     0.000,    18.470,  1696.259,     1.000,     4.605,   -84.044,     0.000,   273.987,   327.943,    18.051,    12.038,     0.000,
 40582.420,   100.327,    23.470,     4.623,     0.239,  4895.629,   250.929,     0.000,    18.464,  1696.259,     1.000,     4.623,   150.297,   236.726,   261.063,   328.026,    15.393,     4.073,     0.000,
 40582.462,   101.894,    23.469,     4.642,     0.267,  4926.766,   123.314,     0.000,    18.463,  1696.259,     1.000,     4.642,    45.430,   116.334,   252.004,   328.114,    11.000,   -16.207,     0.000,
 40582.503,    91.781,    23.465,     4.662,     0.242,  5025.199,     0.000,     0.000,    18.459,  1696.259,     1.000,     4.662,   -22.968,     0.000,   297.227,   328.211,    11.227,   -19.243,     0.000,
 40582.545,    95.229,    23.466,     4.683,     0.250,  5052.909,   255.541,     0.000,    18.460,  1696.259,     1.000,     4.683,   219.391,   241.076,   302.529,   328.311,    20.710,   -24.806,     0.000,
 40582.587,    88.124,    23.467,     4.697,     0.270,  5025.477,   109.277,     0.000,    18.461,  1696.259,     1.000,     4.697,    42.752,   103.092,   269.325,   328.375,    19.036,   -17.747,     0.000,
 40582.628,    86.035,    23.460,     4.707,     0.247,  5077.016,     0.000,     0.000,    18.454,  1696.259,     1.000,     4.707,    -9.517,     0.000,   313.273,   328.423,    25.638,   -31.270,     0.000,
 40582.670,    88.351,    23.458,     4.715,     0.251,  5140.809,   343.002,     0.000,    18.452,  1696.259,     1.000,     4.715,   285.450,   323.587,   298.364,   328.464,    36.654,   -28.618,     0.000,
 40582.712,    94.063,    23.458,     4.716,     0.261,  5173.840,   126.806,     0.000,    18.452,  1696.259,     1.000,     4.716,    33.085,   119.628,   254.037,   328.469,    31.628,   -19.516,     0.000,
 40582.754,    83.974,    23.456,     4.712,     0.270,  5085.946,     0.000,     0.000,    18.450,  1696.259,     1.000,     4.712,   -94.452,     0.000,   246.159,   328.449,    19.575,    -7.414,     0.000,
 40582.795,    88.856,    23.456,     4.706,     0.248,  5142.031,     0.000,     0.000,    18.450,  1696.259,     1.000,     4.706,   -65.745,     0.000,   278.605,   328.419,    18.325,    -2.394,     0.000,
 40582.837,    85.488,    23.455,     4.694,     0.275,  5175.646,   129.195,     0.000,    18.449,  1696.259,     1.000,     4.694,     7.643,   121.882,   238.254,   328.368,    20.387,     3.738,     0.000,
 40582.879,    79.346,    23.451,     4.679,     0.361,  5208.196,     0.000,     0.000,    18.445,  1696.259,     1.000,     4.679,  -117.142,     0.000,   251.563,   328.294,    22.713,    17.699,     0.000,
 40582.920,    87.359,    23.450,     4.661,     0.292,  5238.114,   142.617,     0.000,    18.444,  1696.259,     1.000,     4.661,    34.385,   134.544,   264.668,   328.210,    19.476,    17.140,     0.000,
 40582.962,    78.926,    23.450,     4.635,     0.265,  5377.201,    79.284,     0.000,    18.444,  1696.259,     1.000,     4.635,   -46.685,    74.796,   250.364,   328.087,    24.298,    19.461,     0.000,
 40583.004,    83.675,    23.449,     4.595,     0.287,  5376.343,     0.000,     0.000,    18.443,  1696.259,     1.000,     4.595,  -113.856,     0.000,   258.066,   327.902,    22.260,    21.760,     0.000,
 40583.046,    77.093,    23.450,     4.549,     0.383,  5386.389,     4.118,     0.000,    18.444,  1696.259,     1.000,     4.549,  -144.270,     3.885,   226.848,   327.684,    22.200,    25.120,     0.000,
 40583.087,    78.118,    23.451,     4.509,     0.284,  5426.381,   129.589,     0.000,    18.445,  1696.259,     1.000,     4.509,   -32.699,   122.253,   220.204,   327.492,    22.655,    25.010,     0.000,
 40583.129,    81.983,    23.452,     4.481,     0.294,  5445.088,     0.000,     0.000,    18.446,  1696.259,     1.000,     4.481,  -156.855,     0.000,   219.442,   327.362,    22.961,    25.974,     0.000,
 40583.171,    77.756,    23.454,     4.462,     0.294,  5482.865,   778.885,     0.000,    18.448,  1696.259,     1.000,     4.462,   578.841,   734.797,   221.043,   327.270,    23.436,    26.292,     0.000,
 40583.212,    79.979,    23.453,     4.447,     0.285,  5575.225,    90.454,     0.000,    18.447,  1696.259,     1.000,     4.447,   -58.992,    85.334,   235.004,   327.200,    23.956,    28.174,     0.000,
 40583.254,    75.556,    23.456,     4.443,     0.386,  5518.016,     0.000,     0.000,    18.450,  1696.259,     1.000,     4.443,  -167.921,     0.000,   215.802,   327.179,    25.380,    31.164,     0.000,
 40583.296,    76.594,    23.457,     4.445,     0.304,  5578.222,   362.163,     0.000,    18.451,  1696.259,     1.000,     4.445,   154.274,   341.664,   215.614,   327.188,    34.158,    41.657,     0.000,
 40583.337,    77.865,    23.459,     4.447,     0.306,  5599.694,   129.589,     0.000,    18.453,  1696.259,     1.000,     4.447,   -45.731,   122.253,   215.920,   327.198,    25.747,    30.959,     0.000,
 40583.379,    78.151,    23.459,     4.452,     0.279,  5636.670,     0.000,     0.000,    18.453,  1696.259,     1.000,     4.452,  -140.429,     0.000,   225.598,   327.219,    21.301,    17.507,     0.000,
 40583.421,    76.079,    23.464,     4.461,     0.405,  5691.549,   152.664,     0.000,    18.458,  1696.259,     1.000,     4.461,    23.960,   144.023,   233.859,   327.262,    19.144,     7.517,     0.000,
 40583.462,    76.244,    23.464,     4.476,     0.286,  5660.813,    86.429,     0.000,    18.458,  1696.259,     1.000,     4.476,     0.904,    81.537,   263.588,   327.333,    18.831,    -1.944,     0.000,
 40583.504,    81.145,    23.466,     4.497,     0.350,  5767.575,     0.000,     0.000,    18.460,  1696.259,     1.000,     4.497,   -86.760,     0.000,   250.624,   327.430,    18.525,    -8.572,     0.000,
 40583.546,    77.710,    23.466,     4.520,     0.281,  5735.810,   678.725,     0.000,    18.460,  1696.259,     1.000,     4.520,   558.762,   640.306,   251.009,   327.538,    17.362,   -12.346,     0.000,
 40583.587,    77.744,    23.475,     4.540,     0.318,  5806.218,   129.589,     0.000,    18.469,  1696.259,     1.000,     4.540,    58.534,   122.253,   261.779,   327.634,    18.645,   -20.781,     0.000,
 40583.629,    80.401,    23.473,     4.548,     0.301,  5873.076,     0.000,     0.000,    18.467,  1696.259,     1.000,     4.548,   -69.363,     0.000,   260.505,   327.676,    21.943,   -19.750,     0.000,
 40583.671,    76.926,    23.478,     4.542,     0.263,  5845.070,   349.350,     0.000,    18.472,  1696.259,     1.000,     4.542,   263.756,   329.576,   261.385,   327.645,    20.024,   -20.465,     0.000,
 40583.712,    85.840,    23.478,     4.530,     0.359,  5866.109,   129.589,     0.000,    18.472,  1696.259,     1.000,     4.530,    38.704,   122.253,   250.367,   327.590,    18.109,   -11.781,     0.000,
 40583.753,    95.366,    23.483,     4.504,     0.400,  5309.483,     0.000,     0.000,    18.477,  1696.259,     1.000,     4.504,  -103.320,     0.000,   240.879,   327.473,    16.862,    -0.136,     0.000,
 40583.795,    92.032,    23.489,     4.472,     0.438,  5678.945,   861.167,     0.000,    18.483,  1696.259,     1.000,     4.472,   692.427,   812.422,   235.356,   327.320,    20.868,     7.162,     0.000,
 40583.837,    92.035,    23.492,     4.442,     0.450,  5896.894,   129.589,     0.000,    18.486,  1696.259,     1.000,     4.442,    -7.898,   122.254,   229.041,   327.177,    18.887,    13.129,     0.000,
 40583.878,    92.206,    23.498,     4.422,     0.474,  5916.174,     0.000,     0.000,    18.492,  1696.259,     1.000,     4.422,  -132.420,     0.000,   227.959,   327.083,    18.913,    14.384,     0.000,
 40583.920,    92.940,    23.503,     4.405,     0.479,  6032.843,   529.444,     0.000,    18.497,  1696.259,     1.000,     4.405,   355.473,   499.476,   223.271,   327.004,    19.903,    20.367,     0.000,
 40583.962,    91.899,    23.510,     4.400,     0.500,  6131.361,   129.589,     0.000,    18.504,  1865.885,     1.000,     4.400,   -21.213,   122.254,   223.694,   326.973,    20.414,    19.774,     0.000,
 40584.003,    95.220,    23.514,     4.417,     0.508,  6152.657,     0.000,     0.000,    18.508,  1865.885,     1.000,     4.417,  -150.619,     0.000,   221.230,   327.056,    21.588,    23.205,     0.000,
 40584.045,    98.728,    23.519,     4.444,     0.497,  6189.058,     0.000,     0.000,    18.513,  1865.885,     1.000,     4.444,  -173.261,     0.000,   219.181,   327.180,    30.206,    35.056,     0.000,
 40584.087,    97.781,    23.527,     4.473,     0.479,  6123.540,   123.314,     0.000,    18.521,  1865.885,     1.000,     4.473,   -40.837,   116.334,   221.035,   327.315,    23.272,    27.619,     0.000,
 40584.128,    94.349,    23.531,     4.504,     0.494,  6242.225,     0.000,     0.000,    18.525,  1865.885,     1.000,     4.504,  -125.892,     0.000,   255.937,   327.462,    25.138,    29.228,     0.000,
 40584.170,    60.546,    23.537,     4.540,     0.259,  6912.602,     0.000,     0.000,    18.531,  1865.885,     1.000,     4.540,  -128.499,     0.000,   253.319,   327.634,    24.569,    29.616,     0.000,
 40584.212,    61.713,    23.538,     4.570,     0.243,  6632.842,    90.454,     0.000,    18.532,  1865.885,     1.000,     4.570,   -57.719,    85.334,   235.792,   327.776,    23.404,    27.665,     0.000,
 40584.254,    64.993,    23.543,     4.588,     0.236,  6408.871,     0.000,     0.000,    18.537,  1865.885,     1.000,     4.588,  -169.204,     0.000,   217.236,   327.863,    26.066,    32.511,     0.000,
 40584.295,    61.221,    23.546,     4.595,     0.215,  6260.360,   286.264,     0.000,    18.540,  1865.885,     1.000,     4.595,    93.386,   270.060,   217.251,   327.898,    29.570,    36.456,     0.000,
 40584.337,    61.117,    23.548,     4.596,     0.234,  6291.774,   129.589,     0.000,    18.542,  1865.885,     1.000,     4.596,   -39.637,   122.253,   217.998,   327.899,    23.459,    28.530,     0.000,
 40584.379,    64.140,    23.549,     4.591,     0.230,  6276.794,     0.000,     0.000,    18.543,  1865.885,     1.000,     4.591,  -148.732,     0.000,   221.928,   327.879,    19.800,    22.981,     0.000,
 40584.420,    63.395,    23.551,     4.585,     0.230,  6225.568,   924.426,     0.000,    18.545,  1865.885,     1.000,     4.585,   739.745,   872.100,   227.008,   327.850,    15.230,    16.283,     0.000,
 40584.462,    61.428,    23.550,     4.581,     0.244,  6318.579,   129.589,     0.000,    18.544,  1865.885,     1.000,     4.581,    14.420,   122.254,   237.249,   327.829,    13.114,     4.140,     0.000,
 40584.504,    63.114,    23.552,     4.581,     0.238,  6248.016,     0.000,     0.000,    18.546,  1865.885,     1.000,     4.581,   -85.456,     0.000,   245.060,   327.829,     9.928,    -7.240,     0.000,
 40584.545,    62.986,    23.551,     4.585,     0.235,  6260.693,     0.000,     0.000,    18.545,  1865.885,     1.000,     4.585,   -71.325,     0.000,   253.315,   327.848,    10.704,   -13.912,     0.000,
 40584.587,    62.669,    23.552,     4.594,     0.232,  6298.547,   129.589,     0.000,    18.546,  1865.885,     1.000,     4.594,    80.028,   122.254,   268.617,   327.890,     8.760,   -25.808,     0.000,
 40584.629,    66.201,    23.548,     4.607,     0.229,  6300.237,     0.000,     0.000,    18.542,  1865.885,     1.000,     4.607,   -41.428,     0.000,   273.972,   327.950,    17.246,   -29.795,     0.000,
 40584.670,    70.657,    23.548,     4.621,     0.227,  6306.518,   910.882,     0.000,    18.542,  1865.885,     1.000,     4.621,   816.608,   859.323,   275.081,   328.018,    20.340,   -30.562,     0.000,
 40584.712,    61.628,    23.549,     4.636,     0.214,  6222.509,   129.589,     0.000,    18.543,  1865.885,     1.000,     4.636,    67.254,   122.254,   268.360,   328.090,    20.718,   -25.448,     0.000,
 40584.754,    64.464,    23.545,     4.652,     0.232,  6238.564,     0.000,     0.000,    18.539,  1865.885,     1.000,     4.652,   -66.856,     0.000,   260.119,   328.165,    19.284,   -20.474,     0.000,
 40584.795,    66.024,    23.539,     4.667,     0.239,  6307.796,   798.244,     0.000,    18.533,  1865.885,     1.000,     4.667,   659.855,   753.061,   242.487,   328.234,    12.205,    -4.746,     0.000,
 40584.837,    62.683,    23.536,     4.681,     0.242,  6346.677,   129.589,     0.000,    18.530,  1865.885,     1.000,     4.681,    15.621,   122.254,   238.780,   328.299,    14.229,     2.884,     0.000,
 40584.879,    65.975,    23.533,     4.695,     0.214,  6302.313,     0.000,     0.000,    18.527,  1865.885,     1.000,     4.695,  -119.488,     0.000,   233.439,   328.370,    15.595,     8.962,     0.000,
 40584.920,    67.931,    23.530,     4.713,     0.232,  6342.694,   708.129,     0.000,    18.524,  1865.885,     1.000,     4.713,   544.694,   668.046,   231.851,   328.450,    15.849,    10.904,     0.000,
 40584.962,    63.050,    23.521,     4.731,     0.218,  6353.472,   129.589,     0.000,    18.515,  1865.885,     1.000,     4.731,   -27.552,   122.254,   225.681,   328.537,    24.047,    22.903,     0.000,
 40585.004,    65.971,    23.519,     4.750,     0.237,  6361.668,     0.000,     0.000,    18.513,  1865.885,     1.000,     4.750,  -143.060,     0.000,   225.876,   328.627,    20.446,    19.863,     0.000,
 40585.045,    67.818,    23.514,     4.769,     0.235,  6318.355,   176.522,     0.000,    18.508,  1865.885,     1.000,     4.769,    24.778,   166.530,   225.299,   328.719,    19.062,    19.270,     0.000,
 40585.087,    63.368,    23.509,     4.787,     0.246,  6375.453,   129.589,     0.000,    18.503,  1865.885,     1.000,     4.787,   -20.287,   122.253,   226.271,   328.802,    20.577,    19.433,     0.000,
 40585.129,    64.446,    23.506,     4.802,     0.236,  6364.373,     0.000,     0.000,    18.500,  1865.885,     1.000,     4.802,  -143.113,     0.000,   225.008,   328.873,    19.462,    19.786,     0.000,
 40585.170,    68.529,    23.500,     4.811,     0.231,  6308.139,    57.370,     0.000,    18.494,  1696.259,     1.000,     4.811,   -89.628,    54.123,   224.815,   328.916,    19.571,    20.078,     0.000,
 40585.212,    62.096,    23.500,     4.810,     0.264,  6369.480,   129.589,     0.000,    18.494,  1696.259,     1.000,     4.810,   -22.440,   122.253,   224.571,   328.914,    19.956,    20.394,     0.000,
 40585.254,    64.759,    23.493,     4.797,     0.232,  6357.750,     0.000,     0.000,    18.487,  1696.259,     1.000,     4.797,  -144.608,     0.000,   224.394,   328.852,    19.580,    20.571,     0.000,
 40585.295,    64.283,    23.492,     4.777,     0.246,  6366.336,     0.000,     0.000,    18.486,  1696.259,     1.000,     4.777,  -143.453,     0.000,   224.763,   328.759,    19.455,    20.002,     0.000,
 40585.337,    62.685,    23.490,     4.753,     0.228,  6306.239,   129.589,     0.000,    18.484,  1696.259,     1.000,     4.753,   -23.720,   122.253,   223.806,   328.646,    19.975,    21.158,     0.000,
 40585.379,    65.636,    23.493,     4.722,     0.241,  6301.793,     0.000,     0.000,    18.487,  1696.259,     1.000,     4.722,  -128.373,     0.000,   229.803,   328.501,    16.267,    13.409,     0.000,
 40585.420,    67.851,    23.490,     4.681,     0.249,  6375.679,   891.375,     0.000,    18.484,  1696.259,     1.000,     4.681,   735.281,   840.920,   238.646,   328.309,    12.937,     3.039,     0.000,
 40585.462,    62.571,    23.492,     4.641,     0.209,  6338.375,   129.589,     0.000,    18.486,  1696.259,     1.000,     4.641,    50.991,   122.253,   253.926,   328.115,    11.238,   -14.166,     0.000,
 40585.504,    63.422,    23.491,     4.610,     0.239,  6375.637,     0.000,     0.000,    18.485,  1696.259,     1.000,     4.610,   -54.336,     0.000,   262.096,   327.971,    10.796,   -22.334,     0.000,
 40585.545,    67.581,    23.492,     4.595,     0.269,  6335.218,   433.834,     0.000,    18.486,  1696.259,     1.000,     4.595,   376.976,   409.278,   273.212,   327.897,     6.888,   -29.272,     0.000,
 40585.587,    63.888,    23.493,     4.590,     0.233,  6367.204,     0.000,     0.000,    18.487,  1696.259,     1.000,     4.590,   -26.012,     0.000,   276.907,   327.875,     5.988,   -30.943,     0.000,
 40585.629,    63.113,    23.498,     4.588,     0.234,  6354.286,     0.000,     0.000,    18.492,  1696.259,     1.000,     4.588,   -26.179,     0.000,   276.407,   327.864,     6.413,   -31.691,     0.000,
 40585.670,    67.898,    23.500,     4.593,     0.232,  6347.807,   909.854,     0.000,    18.494,  1696.259,     1.000,     4.593,   843.119,   858.353,   285.473,   327.887,    11.163,   -38.343,     0.000,
 40585.712,    62.483,    23.501,     4.610,     0.237,  6376.522,     0.000,     0.000,    18.495,  1696.259,     1.000,     4.610,   -17.784,     0.000,   279.144,   327.965,    15.641,   -46.677,     0.000,
 40585.754,    64.692,    23.504,     4.630,     0.229,  6347.710,     0.000,     0.000,    18.498,  1696.259,     1.000,     4.630,   -40.043,     0.000,   271.191,   328.059,    10.790,   -27.615,     0.000,
 40585.795,    63.679,    23.510,     4.650,     0.224,  6260.923,     0.000,     0.000,    18.504,  1865.885,     1.000,     4.650,   -62.100,     0.000,   257.634,   328.156,    10.285,   -18.706,     0.000,
 40585.837,    61.907,    23.516,     4.672,     0.245,  6378.179,     0.000,     0.000,    18.510,  1865.885,     1.000,     4.672,   -85.378,     0.000,   246.379,   328.257,    14.485,   -10.984,     0.000,
 40585.879,    64.703,    23.519,     4.694,     0.231,  6337.794,     0.000,     0.000,    18.513,  1865.885,     1.000,     4.694,  -103.429,     0.000,   239.396,   328.364,    17.755,    -3.293,     0.000,
 40585.920,    64.006,    23.527,     4.720,     0.227,  6276.369,   205.106,     0.000,    18.521,  1865.885,     1.000,     4.720,    77.764,   193.496,   236.074,   328.483,    15.769,     7.555,     0.000,
 40585.962,    61.447,    23.534,     4.747,     0.231,  6268.771,    29.818,     0.000,    18.528,  1865.885,     1.000,     4.747,   -91.154,    28.130,   234.672,   328.615,    16.039,     9.302,     0.000,
 40586.004,    62.820,    23.544,     4.777,     0.241,  6269.284,     0.000,     0.000,    18.538,  1865.885,     1.000,     4.777,  -124.708,     0.000,   231.389,   328.754,    15.614,    11.728,     0.000,
 40586.045,    60.063,    23.551,     4.807,     0.209,  6177.106,   675.956,     0.000,    18.545,  1865.885,     1.000,     4.807,   513.839,   637.695,   231.995,   328.898,    15.814,    11.139,     0.000,
 40586.087,    62.418,    23.557,     4.837,     0.210,  6200.928,     0.000,     0.000,    18.551,  1865.885,     1.000,     4.837,  -132.089,     0.000,   229.296,   329.037,    17.830,    14.518,     0.000,
 40586.129,    63.900,    23.567,     4.862,     0.224,  6247.641,     0.000,     0.000,    18.561,  1865.885,     1.000,     4.862,  -130.484,     0.000,   230.021,   329.158,    17.605,    13.743,     0.000,
 40586.170,    63.521,    23.570,     4.882,     0.232,  6277.129,     0.000,     0.000,    18.564,  1865.885,     1.000,     4.882,  -135.575,     0.000,   228.178,   329.252,    18.405,    16.096,     0.000,
 40586.212,    61.729,    23.579,     4.892,     0.235,  6306.127,     0.000,     0.000,    18.573,  1865.885,     1.000,     4.892,  -140.661,     0.000,   226.418,   329.301,    19.420,    18.359,     0.000,
 40586.254,    61.207,    23.584,     4.888,     0.236,  6324.720,     0.000,     0.000,    18.578,  1865.885,     1.000,     4.888,  -139.882,     0.000,   226.748,   329.282,    19.425,    17.923,     0.000,
 40586.295,    61.120,    23.590,     4.871,     0.236,  6353.449,     0.000,     0.000,    18.584,  1865.885,     1.000,     4.871,  -144.091,     0.000,   225.073,   329.203,    19.956,    20.004,     0.000,
 40586.337,    62.711,    23.594,     4.850,     0.247,  6345.641,     0.000,     0.000,    18.588,  1865.885,     1.000,     4.850,  -136.112,     0.000,   227.587,   329.103,    17.897,    16.699,     0.000,
 40586.379,    64.108,    23.599,     4.827,     0.222,  6300.598,     0.000,     0.000,    18.593,  1865.885,     1.000,     4.827,  -106.618,     0.000,   238.904,   328.997,    13.137,     3.387,     0.000,
 40586.420,    63.770,    23.601,     4.798,     0.232,  6310.319,     0.000,     0.000,    18.595,  1865.885,     1.000,     4.798,   -90.109,     0.000,   244.495,   328.859,    11.577,    -5.833,     0.000,
 40586.462,    61.879,    23.605,     4.763,     0.231,  6367.166,   770.108,     0.000,    18.599,  1865.885,     1.000,     4.763,   660.912,   726.517,   255.978,   328.693,     8.149,   -15.259,     0.000,
 40586.504,    62.522,    23.609,     4.735,     0.256,  6393.513,     0.000,     0.000,    18.603,  1865.885,     1.000,     4.735,   -51.474,     0.000,   263.057,   328.558,     6.900,   -20.927,     0.000,
 40586.545,    63.922,    23.612,     4.720,     0.226,  6334.594,     0.000,     0.000,    18.606,  1865.885,     1.000,     4.720,   -16.342,     0.000,   284.623,   328.488,     9.777,   -37.299,     0.000,
 40586.587,    63.377,    23.611,     4.730,     0.226,  6153.019,   267.383,     0.000,    18.605,  1865.885,     1.000,     4.722,   323.894,   252.249,   284.392,   328.531,    34.686,  -150.470,     0.000,
 40586.629,    64.842,    23.605,     4.752,     0.199,  5739.482,     0.000,     0.000,    18.599,  1865.885,     1.000,     4.736,   113.183,     0.000,   279.667,   328.638,    33.566,  -195.720,     0.000,
 40586.670,    61.671,    23.603,     4.777,     0.217,  5779.243,   779.447,     0.000,    18.597,  1865.885,     1.000,     4.759,   861.749,   735.327,   280.109,   328.757,    35.560,  -210.629,     0.000,
 40586.712,    62.204,    23.605,     4.802,     0.226,  6353.747,   140.600,     0.000,    18.599,  1865.885,     1.000,     4.788,   239.469,   132.641,   281.676,   328.874,    45.674,  -199.700,     0.000,
 40586.754,    63.578,    23.609,     4.841,     0.244,  6523.023,     0.000,     0.000,    18.603,  1865.885,     1.000,     4.825,   139.754,     0.000,   323.116,   329.057,    31.706,  -177.401,     0.000,
 40586.795,    66.840,    23.612,     4.882,     0.215,  6262.255,    99.751,     0.000,    18.606,  1865.885,     1.000,     4.868,   202.002,    94.104,   312.058,   329.250,    10.075,  -135.165,     0.000,
 40586.837,    62.609,    23.608,     4.920,     0.229,  6395.054,   101.937,     0.000,    18.602,  1865.885,     1.000,     4.913,   179.816,    96.167,   299.476,   329.430,   -23.473,   -90.131,     0.000,
 40586.879,    63.351,    23.602,     4.961,     0.248,  6751.370,     0.000,     0.000,    18.596,  1865.885,     1.000,     4.958,    49.023,     0.000,   296.661,   329.627,   -16.018,   -65.971,     0.000,
 40586.920,    62.950,    23.607,     5.005,     0.265,  6856.591,     0.000,     0.000,    18.601,  1865.885,     1.000,     5.005,    18.536,     0.000,   293.814,   329.834,   -12.776,   -41.780,     0.000,
 40586.962,    63.276,    23.612,     5.053,     0.259,  6819.953,     0.000,     0.000,    18.606,  1865.885,     1.000,     5.053,   -18.248,     0.000,   276.150,   330.063,    -7.387,   -28.278,     0.000,
 40587.004,    64.280,    23.602,     5.100,     0.210,  6253.040,     0.000,     0.000,    18.596,  1865.885,     1.000,     5.100,    -5.729,     0.000,   290.031,   330.283,     5.539,   -40.062,     0.000,
 40587.045,    62.292,    23.605,     5.143,     0.263,  6613.268,   334.600,     0.000,    18.599,  1865.885,     1.000,     5.143,   287.939,   315.660,   290.114,   330.488,     2.859,   -15.511,     0.000,
 40587.087,    64.611,    23.612,     5.183,     0.262,  6700.928,   197.884,     0.000,    18.606,  1865.885,     1.000,     5.183,   136.665,   186.683,   274.272,   330.679,     9.430,   -15.819,     0.000,
 40587.129,    65.232,    23.607,     5.215,     0.276,  6597.336,     0.000,     0.000,    18.601,  1865.885,     1.000,     5.215,   -34.733,     0.000,   292.149,   330.831,     7.090,   -11.039,     0.000,
 40587.170,    68.317,    23.602,     5.238,     0.238,  6329.170,    80.485,     0.000,    18.596,  1865.885,     1.000,     5.238,    45.223,    75.929,   292.118,   330.941,    19.818,   -27.935,     0.000,
 40587.212,    65.662,    23.598,     5.247,     0.243,  6535.707,     0.000,     0.000,    18.592,  1865.885,     1.000,     5.247,   -39.287,     0.000,   291.154,   330.986,     8.605,    -9.149,     0.000,
 40587.254,    66.009,    23.601,     5.243,     0.243,  6555.961,     0.000,     0.000,    18.595,  1865.885,     1.000,     5.243,   -42.982,     0.000,   289.536,   330.968,     8.550,    -7.000,     0.000,
 40587.295,    64.670,    23.596,     5.235,     0.239,  6416.142,    15.839,     0.000,    18.590,  1865.885,     1.000,     5.235,   -32.861,    14.943,   285.766,   330.930,     9.286,    -6.647,     0.000,
 40587.337,    71.714,    23.596,     5.214,     0.242,  6432.683,     0.000,     0.000,    18.590,  1865.885,     1.000,     5.214,   -90.794,     0.000,   248.297,   330.832,     6.482,     1.777,     0.000,
 40587.379,    68.105,    23.593,     5.178,     0.243,  6411.977,     0.000,     0.000,    18.587,  1865.885,     1.000,     5.178,   -82.339,     0.000,   245.688,   330.664,     4.128,    -6.765,     0.000,
 40587.420,    66.334,    23.591,     5.138,     0.243,  6359.336,   588.467,     0.000,    18.585,  1865.885,     1.000,     5.138,   481.859,   555.158,   249.635,   330.472,     1.020,    -8.558,     0.000,
 40587.463,    69.761,    23.588,     5.101,     0.232,  6265.434,     0.000,     0.000,    18.582,  1865.885,     1.000,     5.101,   -62.252,     0.000,   256.815,   330.294,     3.234,   -14.460,     0.000,
 40587.504,    69.084,    23.585,     5.072,     0.257,  6320.736,     0.000,     0.000,    18.579,  1865.885,     1.000,     5.072,   -48.681,     0.000,   264.008,   330.158,     2.743,   -20.213,     0.000,
 40587.545,    68.399,    23.582,     5.055,     0.276,  6298.130,   644.307,     0.000,    18.576,  1865.885,     1.000,     5.055,   566.974,   607.837,   266.666,   330.076,     1.578,   -24.125,     0.000,
 40587.588,    70.576,    23.578,     5.050,     0.225,  6271.438,    14.197,     0.000,    18.572,  1865.885,     1.000,     5.050,     1.849,    13.394,   299.640,   330.048,     7.318,   -26.182,     0.000,
 40587.629,    70.438,    23.576,     5.051,     0.236,  6241.816,     0.000,     0.000,    18.570,  1865.885,     1.000,     5.050,     0.914,     0.000,   313.136,   330.055,     7.713,   -25.546,     0.000,
 40587.670,    71.293,    23.572,     5.052,     0.220,  6217.605,   780.267,     0.000,    18.566,  1865.885,     1.000,     5.052,   703.110,   736.101,   278.602,   330.059,     5.806,   -24.272,     0.000,
 40587.713,    73.580,    23.569,     5.059,     0.226,  6203.324,     0.000,     0.000,    18.563,  1865.885,     1.000,     5.059,   -21.433,     0.000,   290.738,   330.090,     2.063,   -19.982,     0.000,
 40587.754,    75.391,    23.566,     5.071,     0.210,  6174.909,     0.000,     0.000,    18.560,  1865.885,     1.000,     5.071,   -13.788,     0.000,   297.619,   330.150,    -6.062,   -12.682,     0.000,
 40587.795,    71.405,    23.566,     5.088,     0.234,  6209.787,   135.315,     0.000,    18.560,  1865.885,     1.000,     5.088,   110.620,   127.656,   291.883,   330.229,    -8.994,   -12.316,     0.000,
 40587.838,    74.338,    23.563,     5.105,     0.214,  6134.328,   496.271,     0.000,    18.557,  1865.885,     1.000,     5.105,   415.784,   468.180,   266.127,   330.310,    -4.893,    -6.894,     0.000,
 40587.879,    78.853,    23.556,     5.119,     0.223,  6124.684,     0.000,     0.000,    18.550,  1865.885,     1.000,     5.119,   -80.257,     0.000,   243.667,   330.378,    -2.392,    -4.063,     0.000,
 40587.920,    72.591,    23.555,     5.135,     0.226,  6133.708,   420.137,     0.000,    18.549,  1865.885,     1.000,     5.135,   306.703,   396.356,   240.269,   330.454,     0.343,    -0.875,     0.000,
 40587.963,    74.722,    23.551,     5.154,     0.236,  6177.179,   177.069,     0.000,    18.545,  1865.885,     1.000,     5.154,    73.529,   167.046,   241.913,   330.544,     3.201,     1.685,     0.000,
 40588.004,    78.166,    23.549,     5.176,     0.199,  6057.820,     0.000,     0.000,    18.543,  1865.885,     1.000,     5.176,   -96.563,     0.000,   240.891,   330.648,     4.054,     2.752,     0.000,
 40588.046,    79.871,    23.546,     5.200,     0.257,  6058.015,     0.000,     0.000,    18.540,  1865.885,     1.000,     5.200,   -99.328,     0.000,   240.335,   330.759,     5.459,     3.446,     0.000,
 40588.088,    76.461,    23.544,     5.224,     0.228,  6036.062,   247.668,     0.000,    18.538,  1865.885,     1.000,     5.224,   129.809,   233.649,   238.706,   330.873,     6.344,     5.329,     0.000,
 40588.129,    77.961,    23.532,     5.246,     0.180,  6082.215,     0.000,     0.000,    18.526,  1865.885,     1.000,     5.246,  -108.333,     0.000,   238.195,   330.978,     8.329,     7.221,     0.000,
 40588.171,    77.570,    23.531,     5.264,     0.230,  6054.137,     0.000,     0.000,    18.525,  1865.885,     1.000,     5.264,  -106.868,     0.000,   237.872,   331.067,     7.270,     6.403,     0.000,
 40588.213,    75.852,    23.525,     5.276,     0.198,  5978.126,   296.460,     0.000,    18.519,  1865.885,     1.000,     5.276,   166.625,   279.679,   236.194,   331.122,     9.251,     8.874,     0.000,
 40588.254,    76.902,    23.521,     5.278,     0.227,  5942.610,     0.000,     0.000,    18.515,  1865.885,     1.000,     5.278,   -70.402,     0.000,   276.806,   331.136,     8.178,     7.895,     0.000,
 40588.296,    74.559,    23.520,     5.274,     0.303,  5895.934,     0.000,     0.000,    18.514,  1865.885,     1.000,     5.274,   -63.904,     0.000,   279.136,   331.115,     6.252,     5.673,     0.000,
 40588.338,    73.982,    23.517,     5.266,     0.226,  5939.424,    63.143,     0.000,    18.511,  1865.885,     1.000,     5.266,    -0.538,    59.569,   280.523,   331.076,     5.204,     4.350,     0.000,
 40588.379,    74.739,    23.515,     5.254,     0.269,  5917.859,     0.000,     0.000,    18.509,  1865.885,     1.000,     5.254,   -57.793,     0.000,   280.285,   331.021,     4.027,     3.030,     0.000,
 40588.421,    78.545,    23.512,     5.234,     0.218,  5846.761,   524.113,     0.000,    18.506,  1865.885,     1.000,     5.234,   424.701,   494.446,   262.600,   330.927,     1.371,     0.048,     0.000,
 40588.463,    74.347,    23.510,     5.202,     0.212,  5842.262,   375.586,     0.000,    18.504,  1865.885,     1.000,     5.202,   299.966,   354.327,   269.623,   330.775,    -1.394,    -5.397,     0.000,
 40588.504,    74.729,    23.509,     5.165,     0.368,  5737.056,     0.000,     0.000,    18.503,  1865.885,     1.000,     5.165,   -48.147,     0.000,   274.046,   330.602,    -0.538,    -7.872,     0.000,
 40588.546,    72.966,    23.508,     5.134,     0.231,  5711.273,   317.825,     0.000,    18.502,  1865.885,     1.000,     5.134,   285.514,   299.835,   299.375,   330.452,    -2.541,   -14.215,     0.000,
 40588.588,    74.122,    23.507,     5.109,     0.210,  5683.474,     0.000,     0.000,    18.501,  1865.885,     1.000,     5.109,   -14.156,     0.000,   283.277,   330.334,   -12.641,   -20.261,     0.000,
 40588.629,    73.930,    23.504,     5.098,     0.256,  5601.348,     0.000,     0.000,    18.498,  1696.259,     1.000,     5.096,    17.815,     0.000,   302.838,   330.278,   -16.207,   -29.048,     0.000,
 40588.671,    78.343,    23.501,     5.100,     0.205,  5641.188,   262.185,     0.000,    18.495,  1696.259,     1.000,     5.095,   280.200,   247.344,   305.722,   330.285,   -23.908,   -33.510,     0.000,
 40588.713,    74.502,    23.501,     5.096,     0.211,  5638.335,     0.000,     0.000,    18.495,  1696.259,     1.000,     5.096,   -15.733,     0.000,   278.793,   330.271,    -9.019,   -26.726,     0.000,
 40588.754,    73.718,    23.505,     5.093,     0.335,  5739.437,     0.000,     0.000,    18.499,  1696.259,     1.000,     5.093,   -37.743,     0.000,   260.165,   330.254,    -0.522,   -31.824,     0.000,
 40588.795,    73.867,    23.495,     5.089,     0.173,  5079.047,   564.786,     0.000,    18.489,  1696.259,     1.000,     5.089,   478.012,   532.817,   267.471,   330.235,    19.139,   -27.097,     0.000,
 40588.838,    73.465,    23.489,     5.084,     0.146,  4582.850,     0.000,     0.000,    18.483,  1696.259,     1.000,     5.084,   -50.202,     0.000,   283.629,   330.213,    18.139,   -14.521,     0.000,
 40588.879,    73.794,    23.499,     5.083,     0.220,  5926.927,     0.000,     0.000,    18.493,  1696.259,     1.000,     5.083,   -67.444,     0.000,   279.132,   330.205,    15.527,     0.844,     0.000,
 40588.920,    72.165,    23.502,     5.088,     0.224,  5943.297,   310.328,     0.000,    18.496,  1696.259,     1.000,     5.088,   229.048,   292.762,   282.824,   330.231,    13.042,     3.266,     0.000,
 40588.963,    73.318,    23.506,     5.100,     0.204,  5705.745,   237.527,     0.000,    18.500,  1696.259,     1.000,     5.100,   154.122,   224.082,   281.417,   330.287,    14.956,     6.134,     0.000,
 40589.004,    73.565,    23.506,     5.118,     0.200,  5507.456,     0.000,     0.000,    18.500,  1696.259,     1.000,     5.118,   -69.968,     0.000,   282.906,   330.369,    19.486,     3.019,     0.000,
 40589.045,    72.593,    23.514,     5.140,     0.195,  5458.236,    85.213,     0.000,    18.508,  1865.885,     1.000,     5.140,    14.500,    80.390,   282.555,   330.475,    20.952,    -2.982,     0.000,
 40589.088,    71.202,    23.515,     5.169,     0.198,  5517.750,     0.000,     0.000,    18.509,  1865.885,     1.000,     5.169,   -65.189,     0.000,   279.479,   330.611,     9.162,     4.895,     0.000,
 40589.129,    70.179,    23.520,     5.199,     0.190,  5439.069,     0.000,     0.000,    18.514,  1865.885,     1.000,     5.199,   -68.818,     0.000,   277.676,   330.753,     9.024,     6.718,     0.000,
 40589.170,    69.795,    23.520,     5.228,     0.204,  5453.663,     0.000,     0.000,    18.514,  1865.885,     1.000,     5.228,   -73.827,     0.000,   275.698,   330.893,     9.890,     8.741,     0.000,
 40589.213,    68.355,    23.524,     5.258,     0.205,  5455.231,    88.684,     0.000,    18.518,  1865.885,     1.000,     5.258,    10.498,    83.664,   276.343,   331.034,     9.643,     8.832,     0.000,
 40589.254,    70.157,    23.529,     5.287,     0.213,  5424.140,     0.000,     0.000,    18.523,  1865.885,     1.000,     5.287,   -72.044,     0.000,   276.386,   331.171,     8.928,     8.330,     0.000,
 40589.295,    67.741,    23.535,     5.316,     0.193,  5503.952,    32.083,     0.000,    18.529,  1865.885,     1.000,     5.316,   -41.281,    30.267,   276.881,   331.311,     9.131,     7.987,     0.000,
 40589.337,    69.154,    23.538,     5.345,     0.204,  5591.531,    66.270,     0.000,    18.532,  1865.885,     1.000,     5.345,   -21.093,    62.519,   275.847,   331.449,    15.273,    12.736,     0.000,
 40589.379,    77.458,    23.542,     5.370,     0.395,  5659.518,     0.000,     0.000,    18.536,  1865.885,     1.000,     5.370,   -87.627,     0.000,   276.994,   331.566,    18.807,    14.248,     0.000,
 40589.421,    87.073,    23.542,     5.391,     0.208,  5573.920,   204.021,     0.000,    18.536,  1865.885,     1.000,     5.391,   115.423,   192.472,   275.622,   331.670,    11.577,     9.424,     0.000,
 40589.463,    84.748,    23.548,     5.398,     0.287,  5632.011,   775.570,     0.000,    18.542,  1865.885,     1.000,     5.398,   613.871,   731.670,   247.645,   331.707,    18.237,    15.500,     0.000,
 40589.504,    78.554,    23.548,     5.391,     0.228,  5542.215,     0.000,     0.000,    18.542,  1865.885,     1.000,     5.391,  -103.278,     0.000,   277.328,   331.674,    28.275,    20.657,     0.000,
 40589.546,    77.422,    23.557,     5.379,     0.187,  5546.324,   323.636,     0.000,    18.551,  1865.885,     1.000,     5.379,   221.635,   305.317,   278.570,   331.614,    18.316,    12.322,     0.000,
 40589.588,    81.861,    23.561,     5.364,     0.215,  5627.226,    93.379,     0.000,    18.555,  1865.885,     1.000,     5.364,    -2.676,    88.094,   280.525,   331.545,    26.093,    13.657,     0.000,
 40589.629,    84.898,    23.564,     5.347,     0.218,  5723.613,     0.000,     0.000,    18.558,  1865.885,     1.000,     5.347,   -77.966,     0.000,   277.443,   331.462,    16.050,     7.898,     0.000,
 40589.671,    79.359,    23.576,     5.320,     0.254,  5748.920,     0.000,     0.000,    18.570,  1865.885,     1.000,     5.320,  -107.778,     0.000,   243.581,   331.337,    14.671,     5.352,     0.000,
 40589.713,    81.267,    23.579,     5.292,     0.229,  5831.315,     5.601,     0.000,    18.573,  1865.885,     1.000,     5.292,   -74.054,     5.284,   265.022,   331.204,     8.095,     5.061,     0.000,
 40589.754,    78.292,    23.586,     5.273,     0.276,  5812.656,     0.000,     0.000,    18.580,  1865.885,     1.000,     5.273,   -71.770,     0.000,   279.926,   331.110,    11.667,     8.919,     0.000,
 40589.796,    82.130,    23.594,     5.259,     0.232,  5853.184,   284.012,     0.000,    18.588,  1865.885,     1.000,     5.259,   190.627,   267.936,   277.661,   331.046,    12.937,    10.987,     0.000,
 40589.838,    79.404,    23.600,     5.247,     0.250,  5902.836,   117.386,     0.000,    18.594,  1865.885,     1.000,     5.247,     7.890,   110.741,   258.517,   330.986,    15.572,    14.810,     0.000,
 40589.879,    77.064,    23.610,     5.233,     0.240,  5938.736,     0.000,     0.000,    18.604,  1865.885,     1.000,     5.233,  -103.143,     0.000,   256.420,   330.919,    14.851,    13.792,     0.000,
 40589.921,    77.261,    23.617,     5.220,     0.242,  5995.945,   493.875,     0.000,    18.611,  1865.885,     1.000,     5.220,   367.548,   465.920,   255.544,   330.861,    11.591,    11.465,     0.000,
 40589.963,    76.251,    23.625,     5.211,     0.142,  5964.501,   598.845,     0.000,    18.619,  1865.885,     1.000,     5.211,   453.955,   564.948,   248.227,   330.815,    14.075,    14.331,     0.000,
 40590.005,    78.752,    23.632,     5.204,     0.208,  5902.366,     0.000,     0.000,    18.626,  1865.885,     1.000,     5.204,  -133.238,     0.000,   229.751,   330.784,    16.652,    15.554,     0.000,
 40590.046,    75.037,    23.642,     5.201,     0.249,  5983.030,    62.579,     0.000,    18.636,  1865.885,     1.000,     5.201,   -85.136,    59.037,   225.847,   330.768,    18.816,    20.436,     0.000,
 40590.088,    75.428,    23.644,     5.201,     0.210,  6020.468,     0.000,     0.000,    18.638,  1865.885,     1.000,     5.201,  -151.433,     0.000,   225.343,   330.768,    21.748,    24.260,     0.000,
 40590.129,    78.107,    23.655,     5.205,     0.256,  6025.577,     0.000,     0.000,    18.649,  1865.885,     1.000,     5.205,  -150.732,     0.000,   223.715,   330.784,    20.357,    23.307,     0.000,
 40590.171,    76.847,    23.662,     5.208,     0.266,  6080.095,   633.965,     0.000,    18.656,  1865.885,     1.000,     5.208,   417.733,   598.080,   221.387,   330.800,    32.830,    38.105,     0.000,
 40590.213,    75.949,    23.664,     5.212,     0.257,  6200.721,     0.000,     0.000,    18.658,  1865.885,     1.000,     5.212,  -155.317,     0.000,   222.417,   330.818,    21.916,    25.000,     0.000,
 40590.254,    80.193,    23.673,     5.216,     0.260,  6231.464,     0.000,     0.000,    18.667,  1865.885,     1.000,     5.216,  -155.429,     0.000,   222.392,   330.840,    21.863,    25.118,     0.000,
 40590.296,    76.572,    23.677,     5.219,     0.217,  6230.914,   645.247,     0.000,    18.671,  1865.885,     1.000,     5.219,   457.469,   608.723,   228.514,   330.853,    22.742,    26.174,     0.000,
 40590.338,    79.263,    23.679,     5.218,     0.287,  6288.463,   300.824,     0.000,    18.673,  1865.885,     1.000,     5.218,   131.529,   283.796,   224.417,   330.849,    21.462,    24.374,     0.000,
 40590.379,    81.428,    23.682,     5.210,     0.281,  6258.671,     0.000,     0.000,    18.676,  1865.885,     1.000,     5.210,  -143.159,     0.000,   228.170,   330.814,    19.521,    20.994,     0.000,
 40590.421,    82.502,    23.683,     5.199,     0.252,  6358.714,   128.820,     0.000,    18.677,  1865.885,     1.000,     5.199,    24.443,   121.528,   266.035,   330.758,    17.575,    14.788,     0.000,
 40590.463,    78.441,    23.685,     5.184,     0.258,  6417.167,    94.522,     0.000,    18.679,  1865.885,     1.000,     5.184,   -35.815,    89.171,   234.724,   330.686,    18.634,    10.390,     0.000,
 40590.504,    76.540,    23.686,     5.168,     0.222,  6483.059,     0.000,     0.000,    18.680,  1865.885,     1.000,     5.168,  -102.776,     0.000,   245.061,   330.614,    11.819,     5.404,     0.000,
 40590.546,    75.028,    23.684,     5.153,     0.246,  6384.750,   890.190,     0.000,    18.678,  1865.885,     1.000,     5.153,   713.769,   839.802,   240.331,   330.543,    26.743,     9.079,     0.000,
 40590.588,    75.265,    23.679,     5.139,     0.336,  6380.141,   427.125,     0.000,    18.673,  1865.885,     1.000,     5.139,   301.121,   402.948,   262.183,   330.473,    48.802,   -15.266,     0.000,
 40590.629,    78.253,    23.677,     5.124,     0.313,  6453.126,     0.000,     0.000,    18.671,  1865.885,     1.000,     5.124,  -141.430,     0.000,   238.639,   330.403,    34.524,    15.142,     0.000,
 40590.671,    85.051,    23.673,     5.110,     0.294,  6522.245,   885.555,     0.000,    18.667,  1865.885,     1.000,     5.110,   685.958,   835.429,   244.191,   330.336,    60.925,     2.401,     0.000,
 40590.713,    75.745,    23.669,     5.095,     0.258,  6576.898,   599.259,     0.000,    18.663,  1865.885,     1.000,     5.095,   401.262,   565.338,   238.041,   330.267,    53.218,    18.633,     0.000,
 40590.755,    96.794,    23.675,     5.082,     0.495,  6415.502,     0.000,     0.000,    18.669,  1865.885,     1.000,     5.082,  -141.234,     0.000,   237.887,   330.203,    33.255,    15.662,     0.000,
 40590.796,    97.264,    23.678,     5.072,     0.484,  6566.293,     0.000,     0.000,    18.672,  1865.885,     1.000,     5.072,  -119.151,     0.000,   240.102,   330.155,    18.273,    10.825,     0.000,
 40590.838,    71.207,    23.664,     5.060,     0.277,  7415.944,     0.000,     0.000,    18.658,  1865.885,     1.000,     5.060,  -140.471,     0.000,   230.802,   330.101,    23.650,    17.523,     0.000,
 40590.879,    69.258,    23.660,     5.044,     0.337,  7196.664,     0.000,     0.000,    18.654,  1865.885,     1.000,     5.044,  -165.288,     0.000,   226.432,   330.024,    30.965,    30.731,     0.000,
 40590.921,    71.626,    23.649,     5.027,     0.264,  7070.749,     0.000,     0.000,    18.643,  1865.885,     1.000,     5.027,  -148.186,     0.000,   233.129,   329.941,    25.766,    25.608,     0.000,
 40590.963,    72.133,    23.643,     5.012,     0.307,  7092.748,   667.269,     0.000,    18.637,  1865.885,     1.000,     5.012,   469.718,   629.499,   225.571,   329.870,    26.987,    28.495,     0.000,
 40591.004,    69.149,    23.633,     5.002,     0.307,  7065.021,     0.000,     0.000,    18.627,  1865.885,     1.000,     5.002,  -150.888,     0.000,   224.397,   329.822,    21.779,    23.684,     0.000,
 40591.045,    71.473,    23.623,     4.997,     0.473,  7103.413,     0.000,     0.000,    18.617,  1865.885,     1.000,     4.997,  -157.930,     0.000,   224.824,   329.801,    25.138,    27.815,     0.000,
