$ XILUODU,segment222的宽度是根据深泓线数据确定的,,,,,,,,,,,,,,,,,,,,,,,,,,,,,,,,,,,,,,,,,,,,,,,,,,,,,,,,,,,,,,,,,,,,,,,,,,,,,,,,,,,,,,,,,,,,,,,,,,,,,,,,,,,,,,,,,,,,,,,,,,,,,,,,,,,,,,,,,,,,,,,,,,,,,,,,,,,,,,,,,,,,,,,,,,,,,,,,,,,,,,,,,,,,,,,,,,,,,,,,,,,,,,,,,,,,,,,,,,,,,,,西溪河,,,,牛栏江,,,,,,,,,,,,,,,金阳河,,,,,,,,,,,,美姑河,,,,,,,,,,,,,,,,,,西苏角河,,,,,,,,,,,,,,,,,,,,,,,,,,,,,,,,,,
SEG: I,1,2,3,4,5,6,7,8,9,10,11,12,13,14,15,16,17,18,19,20,21,22,23,24,25,26,27,28,29,30,31,32,33,34,35,36,37,38,39,40,41,42,43,44,45,46,47,48,49,50,51,52,53,54,55,56,57,58,59,60,61,62,63,64,65,66,67,68,69,70,71,72,73,74,75,76,77,78,79,80,81,82,83,84,85,86,87,88,89,90,91,92,93,94,95,96,97,98,99,100,101,102,103,104,105,106,107,108,109,110,111,112,113,114,115,116,117,118,119,120,121,122,123,124,125,126,127,128,129,130,131,132,133,134,135,136,137,138,139,140,141,142,143,144,145,146,147,148,149,150,151,152,153,154,155,156,157,158,159,160,161,162,163,164,165,166,167,168,169,170,171,172,173,174,175,176,177,178,179,180,181,182,183,184,185,186,187,188,189,190,191,192,193,194,195,196,197,198,199,200,201,202,203,204,205,206,207,208,209,210,211,212,213,214,215,216,217,218,219,220,221,222,223,224,225,226,227,228,229,230,231,232,233,234,235,236,237,238,239,240,241,242,243,244,245,246,247,248,249,250,251,252,253,254,255,256,257,258,259,260,261,262,263,264,265,266,267,268,269,270,271,272,273,274,275,276,277,278,279,280,281,282,283,284,,,,,,,,,,,,,,,,,,,,,,,
DLX,885,670,860,1250,990,840,960,760,740,970,780,1390,660,1210,660,630,820,720,700,950,2350,850,1260,800,670,710,640,650,580,730,900,800,660,640,1030,540,830,820,950,1020,860,610,660,860,850,860,770,840,900,700,960,740,820,530,760,1260,1060,960,620,1110,740,780,640,660,640,660,1070,1080,750,570,970,560,870,940,1220,790,1160,1370,1210,400,1070,1130,1120,870,1050,1240,760,1050,1430,870,1070,850,580,610,590,920,800,1040,930,1190,890,850,790,580,900,630,790,850,500,580,950,800,950,1220,1050,1000,840,940,680,970,1350,720,880,870,780,840,1040,1060,1070,920,970,680,1090,770,1160,510,940,1020,950,640,620,610,920,790,470,1150,620,700,590,840,740,670,1230,850,1130,960,840,620,1020,830,1220,770,900,1190,730,1000,780,1090,910,980,720,1260,690,1000,510,790,780,990,710,1070,950,640,980,1040,840,1410,1450,1490,540,1060,1790,690,1030,820,640,1030,820,870,600,750,520,830,1180,1250,970,1040,1110,800,940,1110,730,710,730,1160,1020,550,1030,580,940,1170,660,400,885,400,500,300,400,305,570,350,280,270,290,250,310,280,310,280,420,250,110,305,402,330,530,610,640,270,530,250,440,330,90,402,963,1000,1250,880,1010,1330,980,910,990,850,870,1700,1060,1220,510,670,180,963,876,950,1070,1860,840,640,1160,930,470,700,140,876,,,,,,,,,,,,,,,,,,,,,,,
ELWS,588.76,588.76,588.21,587.66,587.1,586.55,586,585.45,584.89,584.34,583.79,583.24,582.68,582.13,581.58,581.03,580.47,579.92,579.37,578.82,578.26,577.71,577.16,576.61,576.05,575.5,575.46,575.42,575.39,575.35,575.31,575.27,575.24,575.2,575.16,575.12,575.08,575.05,575.01,574.97,574.93,574.9,574.86,574.82,574.78,574.75,574.71,574.67,574.63,574.59,574.56,574.52,574.48,574.44,574.41,574.37,574.33,574.33,574.33,574.32,574.32,574.32,574.32,574.31,574.31,574.31,574.31,574.3,574.3,574.3,574.3,574.29,574.29,574.29,574.29,574.28,574.28,574.28,574.28,574.28,574.27,574.27,574.27,574.27,574.26,574.26,574.26,574.26,574.25,574.25,574.25,574.25,574.24,574.24,574.24,574.24,574.24,574.23,574.23,574.23,574.23,574.22,574.22,574.22,574.22,574.21,574.21,574.21,574.21,574.2,574.2,574.2,574.2,574.19,574.19,574.19,574.19,574.18,574.18,574.18,574.17,574.17,574.17,574.16,574.16,574.16,574.15,574.15,574.15,574.14,574.14,574.14,574.13,574.13,574.13,574.12,574.12,574.12,574.11,574.11,574.11,574.1,574.1,574.1,574.09,574.09,574.09,574.08,574.08,574.08,574.07,574.07,574.07,574.06,574.06,574.06,574.05,574.05,574.05,574.04,574.04,574.04,574.03,574.03,574.03,574.02,574.02,574.02,574.02,574.02,574.02,574.02,574.02,574.02,574.02,574.02,574.02,574.02,574.02,574.02,574.02,574.02,574.02,574.02,574.02,574.02,574.02,574.02,574.02,574.02,574.02,574.02,574.02,574.02,574.01,574.01,574.01,574.01,574.01,574.01,574.01,574.01,574.01,574.01,574.01,574.01,574.01,574.01,574.01,574.01,574.01,574.01,574.01,574.01,574.01,574.01,574.01,574.01,574.01,574.01,574.01,574.01,574.01,575.42,575.42,575.42,575.42,574.33,574.33,574.33,574.33,574.33,574.33,574.33,574.33,574.33,574.33,574.33,574.33,574.33,574.33,574.33,574.27,574.27,574.27,574.27,574.27,574.27,574.27,574.27,574.27,574.27,574.27,574.27,574.02,574.02,574.02,574.02,574.02,574.02,574.02,574.02,574.02,574.02,574.02,574.02,574.02,574.02,574.02,574.02,574.02,574.02,574.02,574.02,574.02,574.02,574.02,574.02,574.02,574.02,574.02,574.02,574.02,574.02,,,,,,,,,,,,,,,,,,,,,,,
ANGLE,0,3.14,3.14,2.87,2.36,2.39,2.98,2.87,3.14,3.14,3.14,3.14,3.89,3.93,3.43,3.6,3.6,3.6,3.47,3.61,3.61,3.5,3.7,3.6,3.6,3.6,3.86,5.18,5.18,5.81,5.97,5.66,5.66,5.5,5.5,4.8,4.8,4.25,4.52,4.46,4.25,4.25,4.03,3.93,3.93,3.93,3.93,4.56,5.16,5.5,5.5,4.83,4.71,4.42,4.42,4.08,4.25,4.06,3.87,3.6,3.14,3.14,3.14,3.3,3.93,3.93,3.93,3.69,3.86,3.8,3.8,3.4,3.79,3.9,4.25,3.92,3.6,3.6,3.14,4.24,4.26,4.71,4.71,4.82,5.04,4.97,4.61,3.78,3.14,3.58,3.16,2.55,2.04,2.04,2.37,3.14,3.14,3.92,5.04,3.93,3.93,3.93,4.04,4.12,4.12,3.93,4.25,4.21,4.21,3.6,3.6,3.64,3.93,4.16,4.71,4.52,3.61,3.93,3.93,3.93,4.08,4.41,4.24,3.75,3.75,3.6,3.47,4.24,4.24,4.24,3.61,3.69,3.6,3.6,3.6,3.6,3.14,2.68,3.14,2.77,2.77,3.54,3.14,3.14,3.14,3.14,3.64,3.93,3.93,3.93,3.93,3.93,3.93,4.24,4.58,3.93,3.57,2.65,2.65,1.57,0.93,0.84,1.57,1.59,2.36,2.36,2.91,2.68,3.14,3.14,2.81,2.81,1.6,1.6,1.11,0.88,0.88,1.57,2.28,2.36,2.68,2.82,2.82,3.42,3.31,4.19,3.62,3.6,2.68,2.69,3.64,4.41,4.41,3.93,4.24,4.45,3.85,3.81,4.24,4.24,4.24,4.24,3.93,3.93,3.93,3.93,3.61,3.6,3.6,3.48,4.14,4.35,4.62,4.62,4.24,3.86,3.86,3.75,4.25,4.71,5.41,5.41,5.41,6,6,0.36,0.36,2.15,2.15,2.28,2.28,2.33,2.33,2.59,2.59,2.65,2.91,2.91,2.97,2.48,2.48,2.48,0.17,0.17,0.17,0,0,6.2,0.23,5.38,5.45,6.17,6.17,6.17,4.71,4.71,5.05,6.1,5.85,5.86,4.31,4.72,4.59,4.58,4.54,4.19,4.1,4.62,4.69,4.75,4.26,4.26,0,0,5.6,5.62,0.13,5.46,0.41,0.14,0.28,0.13,6.08,6.08,,,,,,,,,,,,,,,,,,,,,,,
MANN,0.03,0.03,0.03,0.03,0.03,0.03,0.03,0.03,0.03,0.03,0.03,0.03,0.03,0.03,0.03,0.03,0.03,0.03,0.03,0.03,0.03,0.03,0.03,0.03,0.03,0.03,0.03,0.03,0.03,0.03,0.03,0.03,0.03,0.03,0.03,0.03,0.03,0.03,0.03,0.03,0.03,0.03,0.03,0.03,0.03,0.03,0.03,0.03,0.03,0.03,0.03,0.03,0.03,0.03,0.03,0.03,0.03,0.03,0.03,0.03,0.03,0.03,0.03,0.03,0.03,0.03,0.03,0.03,0.03,0.03,0.03,0.03,0.03,0.03,0.03,0.03,0.03,0.03,0.03,0.03,0.03,0.03,0.03,0.03,0.03,0.03,0.03,0.03,0.03,0.03,0.03,0.03,0.03,0.03,0.03,0.03,0.03,0.03,0.03,0.03,0.03,0.03,0.03,0.03,0.03,0.03,0.03,0.03,0.03,0.03,0.03,0.03,0.03,0.03,0.03,0.03,0.03,0.03,0.03,0.03,0.03,0.03,0.03,0.03,0.03,0.03,0.03,0.03,0.03,0.03,0.03,0.03,0.03,0.03,0.03,0.03,0.03,0.03,0.03,0.03,0.03,0.03,0.03,0.03,0.03,0.03,0.03,0.03,0.03,0.03,0.03,0.03,0.03,0.03,0.03,0.03,0.03,0.03,0.03,0.03,0.03,0.03,0.03,0.03,0.03,0.03,0.03,0.03,0.03,0.03,0.03,0.03,0.03,0.03,0.03,0.03,0.03,0.03,0.03,0.03,0.03,0.03,0.03,0.03,0.03,0.03,0.03,0.03,0.03,0.03,0.03,0.03,0.03,0.03,0.03,0.03,0.03,0.03,0.03,0.03,0.03,0.03,0.03,0.03,0.03,0.03,0.03,0.03,0.03,0.03,0.03,0.03,0.03,0.03,0.03,0.03,0.03,0.03,0.03,0.03,0.03,0.03,0.03,0.03,0.03,0.03,0.03,0.03,0.03,0.03,0.03,0.03,0.03,0.03,0.03,0.03,0.03,0.03,0.03,0.03,0.03,0.03,0.03,0.03,0.03,0.03,0.03,0.03,0.03,0.03,0.03,0.03,0.03,0.03,0.03,0.03,0.03,0.03,0.03,0.03,0.03,0.03,0.03,0.03,0.03,0.03,0.03,0.03,0.03,0.03,0.03,0.03,0.03,0.03,0.03,0.03,0.03,0.03,0.03,0.03,0.03,0.03,0.03,0.03,,,,,,,,,,,,,,,,,,,,,,,
LAYER,BR1,,,,,,,,,,,,,,,,,,,,,,,,,,,,,,,,,,,,,,,,,,,,,,,,,,,,,,,,,,,,,,,,,,,,,,,,,,,,,,,,,,,,,,,,,,,,,,,,,,,,,,,,,,,,,,,,,,,,,,,,,,,,,,,,,,,,,,,,,,,,,,,,,,,,,,,,,,,,,,,,,,,,,,,,,,,,,,,,,,,,,,,,,,,,,,,,,,,,,,,,,,,,,,,,,,,,,,,,,,,,,,,BR2,,,,BR3,,,,,,,,,,,,,,,BR4,,,,,,,,,,,,BR5,,,,,,,,,,,,,,,,,,BR6,,,,,,,,,,,,,,,,,,,,,,,,,,,,K,Area,Volume (m^3),Volume(af),Bottom Elevation(m),Bottom Elevation(ft),mult
0.5,0,0,0,0,0,0,0,0,0,0,0,0,0,0,0,0,0,0,0,0,0,0,0,0,0,0,0,0,0,0,0,0,0,0,0,0,0,0,0,0,0,0,0,0,0,0,0,0,0,0,0,0,0,0,0,0,0,0,0,0,0,0,0,0,0,0,0,0,0,0,0,0,0,0,0,0,0,0,0,0,0,0,0,0,0,0,0,0,0,0,0,0,0,0,0,0,0,0,0,0,0,0,0,0,0,0,0,0,0,0,0,0,0,0,0,0,0,0,0,0,0,0,0,0,0,0,0,0,0,0,0,0,0,0,0,0,0,0,0,0,0,0,0,0,0,0,0,0,0,0,0,0,0,0,0,0,0,0,0,0,0,0,0,0,0,0,0,0,0,0,0,0,0,0,0,0,0,0,0,0,0,0,0,0,0,0,0,0,0,0,0,0,0,0,0,0,0,0,0,0,0,0,0,0,0,0,0,0,0,0,0,0,0,0,0,0,0,0,0,0,0,0,0,0,0,0,0,0,0,0,0,0,0,0,0,0,0,0,0,0,0,0,0,0,0,0,0,0,0,0,0,0,0,0,0,0,0,0,0,0,0,0,0,0,0,0,0,0,0,0,0,0,0,0,0,0,0,0,0,0,0,0,0,0,,0,1,,,,,,,,,,,,,,,,,,,,
0.5,0,383.59,165.26,296.79,217.82,203.29,196.6,228.94,208.85,213.15,204.68,197.99,255.35,286.81,360.22,328.63,231.59,316.12,281,362.62,373.36,268.11,286.05,305,243.34,205.44,236.02,324.59,341.01,351.24,413.66,312.08,409.87,438.8,504.38,440.19,423.89,478.86,480.25,405.57,562.5,440.7,366.41,399.38,744.56,758.21,601.16,670.27,519.92,589.03,551.25,563.63,532.05,591.56,498.57,443.98,585.24,438.93,363.37,478.1,509.18,669.01,491.11,406.21,397.61,427.68,804.2,748.86,520.93,443.73,459.15,596.23,817.34,568.06,446.13,611.01,480.12,624.15,562.37,689.6,510.57,789.92,601.16,704.89,693.77,948.61,893.15,701.23,653.34,605.33,754.67,486.94,862.7,932.69,781.71,732.18,807.74,798.39,607.1,741.03,626.05,459.65,733.95,801.55,604.07,747.72,848.67,1256.52,1263.85,1152.79,1201.56,1008,887.21,1359.75,893.02,990.81,1121.71,1024.67,834.02,804.45,1117.16,1001.05,850.06,751.13,673.05,758.08,689.6,909.82,1228.72,581.45,627.06,714.62,743.17,940.27,633.63,853.6,752.9,1273.7,925.62,1219.88,1084.44,879.88,892.52,882.79,752.78,753.53,715.88,852.08,812.29,936.36,747.09,790.55,843.11,862.44,895.67,935.47,981.97,802.81,1127.9,1592.6,1575.29,1042.11,680.76,802.43,1449.96,1676.25,1267.01,1113.12,951.9,967.82,1001.68,1010.9,943.94,788.03,1546.99,1210.03,1433.15,1024.93,949.75,748.48,877.86,844.63,1084.56,1118.17,994.86,947.48,1145.71,977.55,851.83,1345.97,1217.48,789.16,992.08,1557.35,1798.68,1773.41,1903.17,1547.75,1120.95,722.45,898.45,899.84,888.73,1099.22,1450.21,1021.01,1451.6,1070.16,976.79,1110.59,1210.03,1099.85,968.32,728.9,1049.82,1139.27,1318.18,1181.47,859.29,927.26,772.99,612.81,0,0,136.83,145.55,0,0,211.76,170.44,158.31,261.03,290.98,318.39,344.93,277.46,331.16,372.22,344.67,202.91,386.24,0,0,66.08,82.13,96.02,137.47,202.66,258,250.55,241.2,209.1,413.79,0,0,58.37,121.67,334.69,242.08,323.32,361.35,301.34,473.17,367.92,470.26,518.28,635.15,560.1,541.78,430.72,530.91,0,0,29.82,158.57,216.43,285.67,254.46,350.87,387.89,541.52,468.24,728.64,0,,603.5,2,,,,,,,,,,,,,,,,,,,,
0.5,0,372.98,165.26,296.03,211,188.38,196.6,228.94,208.22,213.15,204.68,197.99,247.89,286.81,359.71,328.63,222.24,316.12,275.06,341.39,373.36,268.11,286.05,305,242.59,205.44,236.02,324.59,341.01,351.24,413.66,308.16,409.87,438.8,504.38,440.19,423.89,475.57,477.34,405.57,562.5,440.7,361.73,399.38,744.56,757.96,587.64,670.27,519.92,586.12,551.25,563.63,530.91,591.56,498.57,443.98,585.24,438.93,363.37,477.47,509.18,669.01,491.11,405.07,394.83,426.55,799.27,748.86,514.49,441.33,459.15,587.64,817.34,565.28,437.16,609.37,475.06,624.15,560.6,689.6,505.26,772.86,597.37,704.89,693.77,948.61,891.88,701.23,653.34,599.77,749.62,486.94,862.7,927.77,781.71,732.18,807.74,798.39,607.1,739.26,626.05,458.13,728.52,799.9,602.17,747.72,847.28,1256.52,1259.55,1152.16,1201.56,1007.36,887.21,1359.75,889.36,986.64,1121.71,1023.66,829.72,804.45,1117.16,1001.05,850.06,751.13,673.05,758.08,689.6,907.3,1228.72,581.45,627.06,714.62,743.17,940.27,633.63,853.6,752.9,1271.05,925.62,1217.23,1081.91,876.22,891.76,880.13,752.78,751.39,715.88,852.08,810.9,931.68,744.56,790.55,843.11,861.56,893.15,935.47,981.97,802.81,1127.9,1589.19,1567.08,1042.11,679.75,802.43,1449.96,1675.11,1267.01,1113.12,951.9,967.82,1001.68,1010.9,943.94,788.03,1546.99,1203.71,1433.15,1024.93,949.75,748.48,877.86,844.63,1082.79,1118.17,993.21,947.48,1145.71,977.55,851.83,1345.97,1217.48,786.13,992.08,1557.35,1798.68,1773.41,1895.71,1547.75,1120.95,721.82,898.45,897.06,882.66,1091.13,1450.21,1018.36,1449.33,1069.78,976.79,1109.96,1210.03,1099.85,968.32,728.9,1045.65,1139.27,1318.18,1181.47,859.29,927.26,772.99,612.81,0,0,136.83,145.55,0,0,208.98,170.44,154.14,261.03,290.98,318.39,342.4,273.92,326.61,365.02,344.67,202.91,384.85,0,0,31.97,71.77,89.71,136.71,199.5,256.48,250.55,241.2,209.1,413.79,0,0,50.67,121.42,334.69,242.08,323.32,361.1,301.34,471.15,367.92,470.26,518.28,635.15,560.1,541.78,430.72,530.03,0,0,0,157.18,216.43,285.67,254.46,350.87,387.89,541.52,468.24,728.64,0,,603,3,,,,,,,,,,,,,,,,,,,,
0.5,0,372.98,165.26,296.03,211,188.38,196.6,228.94,208.22,213.15,204.68,195.84,240.82,281.88,350.87,318.52,214.28,316.12,275.06,341.39,373.36,268.11,279.1,305,237.79,205.44,236.02,324.59,331.03,351.24,413.66,304.12,409.87,438.8,504.38,440.19,423.89,475.57,477.34,403.81,556.69,425.28,356.05,399.38,633.5,757.96,586.76,668.75,512.46,586.12,551.25,563.63,530.91,591.56,498.57,441.96,569.19,436.4,363.37,477.47,506.4,666.61,489.09,401.4,383.59,426.55,798.26,742.04,513.35,441.33,459.15,587.64,814.56,563.13,437.16,607.98,472.66,622.13,560.6,689.6,505.26,772.86,596.11,704.89,693.77,948.61,890.62,694.66,645.38,598.63,749.62,486.94,862.7,927.77,781.71,732.18,804.58,794.85,603.81,739.26,625.67,458.13,728.52,797.88,602.17,743.68,847.28,1256.52,1239.97,1148.62,1199.41,1007.36,887.21,1359.12,889.36,986.64,1121.71,1020.88,829.72,804.45,1115.64,1001.05,850.06,748.1,671.53,750,687.71,907.3,1228.72,579.17,627.06,712.85,743.17,925.24,633.12,853.6,749.24,1271.05,925.62,1217.23,1081.91,873.94,888.6,880.13,743.43,751.39,715.88,851.33,810.9,931.68,744.56,789.54,840.08,861.56,893.15,935.47,980.45,801.92,1123.1,1589.19,1567.08,1041.1,679.75,801.8,1447.68,1675.11,1265.11,1111.22,948.99,962.26,1001.68,1008.12,943.94,786.13,1546.49,1203.71,1433.15,1024.93,947.6,748.48,872.55,843.24,1078.88,1114.13,993.21,947.48,1136.87,977.42,850.69,1345.97,1208.38,782.85,992.08,1555.33,1795.64,1770.63,1895.71,1547.75,1119.69,721.82,897.32,897.06,882.66,1091.13,1446.67,1016.71,1449.33,1067.51,976.79,1109.96,1209.65,1099.85,968.32,725.48,1045.65,1134.34,1318.05,1177.3,857.77,927.26,769.83,612.8,0,0,131.27,145.55,0,0,208.98,170.32,154.14,261.03,289.08,313.85,342.4,273.92,326.61,365.02,344.67,198.62,384.85,0,0,30.83,64.56,84.4,136.71,199.5,256.48,250.55,239.3,209.1,412.9,0,0,50.16,121.42,334.69,238.29,321.05,361.1,294.77,469,367.92,470.26,513.73,632.11,560.1,541.78,430.72,530.03,0,0,0,148.08,216.43,285.67,254.46,350.87,387.89,541.52,468.24,728.64,0,,602.5,4,,,,,,,,,,,,,,,,,,,,
0.5,0,372.98,165.26,296.03,211,188.38,196.6,225.91,208.22,211,197.48,195.84,240.82,281.88,350.87,318.52,214.28,316.12,275.06,341.39,373.36,268.11,273.29,305,237.79,198.24,218.58,320.54,331.03,351.24,413.66,304.12,409.87,438.8,501.98,435.9,414.17,472.66,437.03,403.81,556.69,391.8,352.51,399.38,633.5,749.62,586.76,666.1,512.46,586.12,545.19,563.63,527.37,555.42,488.33,438.93,568.18,436.4,363.37,477.47,506.15,666.48,489.09,401.4,378.41,426.55,798.26,739.76,513.35,441.33,446.13,587.64,811.53,563.13,429.07,603.81,472.66,616.45,560.6,686.32,505.26,772.86,590.42,704.01,676.46,939.64,890.62,685.69,644.37,593.7,744.31,486.94,862.7,927.77,781.71,732.18,804.58,794.85,603.81,737.87,619.1,458.13,728.52,797.88,596.23,743.68,847.28,1245.4,1239.97,1148.62,1190.82,1006.1,862.44,1359.12,880.77,983.11,1121.71,1020.88,829.72,804.45,1113.12,994.6,846.4,748.1,669.89,746.96,685.43,907.3,1226.07,577.03,627.06,712.85,739.38,924.35,630.6,841.6,749.24,1269.79,923.22,1214.7,1078.37,873.94,888.6,880.13,743.43,751.39,715.88,851.33,804.58,928.78,744.56,789.54,840.08,857.52,893.15,935.47,980.45,801.92,1123.1,1580.98,1566.2,1030.23,679.75,797.76,1447.68,1671.82,1260.82,1111.22,946.47,961.25,996.25,1003.83,943.94,786.13,1545.6,1202.44,1430.25,1018.36,947.6,744.69,872.55,838.82,1078.88,1114.13,993.21,944.82,1136.87,974.39,847.41,1338.14,1203.58,782.85,992.08,1555.08,1795.64,1767.47,1886.61,1527.16,1119.69,714.62,897.32,897.06,882.66,1067,1446.67,1013.56,1448.82,1067,976.28,1104.27,1209.65,1098.08,967.82,725.48,1045.65,1134.34,1317.29,1177.3,857.77,923.09,769.83,612.8,0,0,131.27,145.55,0,0,204.3,165.64,154.14,258.13,283.4,313.85,341.01,273.92,326.61,365.02,344.67,198.62,384.85,0,0,24.76,50.41,72.65,136.71,199.5,256.48,250.55,239.3,209.1,412.9,0,0,46.75,121.42,334.69,238.29,321.05,360.85,294.77,469,366.53,470.26,513.73,626.68,560.1,541.78,428.57,530.03,0,0,0,148.08,213.65,285.54,250.93,350.87,387,541.52,462.68,727.76,0,,602,5,,,,,,,,,,,,,,,,,,,,
0.5,0,372.98,159.45,296.03,211,188.38,196.6,224.9,208.22,211,197.48,195.84,240.82,270.38,350.23,312.46,212.01,313.47,275.06,334.69,373.36,268.11,273.29,305,237.79,198.24,218.58,320.54,331.03,351.24,410.5,304.12,401.78,425.41,501.98,431.1,409.74,468.62,430.21,401.03,555.04,391.8,352.51,395.21,633.5,742.79,560.6,666.1,512.46,574.12,545.19,563.63,527.37,528,487.32,438.93,567.05,430.84,363.37,470.39,506.15,666.48,487.19,398.37,375.38,426.55,798.26,739.76,512.46,441.33,446.13,587.64,803.31,560.85,428.95,603.81,466.73,616.45,558.07,686.32,501.72,772.86,590.42,703.5,676.46,939.64,883.17,685.69,630.47,593.7,744.31,486.94,854.86,927.77,776.15,730.54,804.58,792.57,603.81,737.87,619.1,458.13,728.52,797.88,596.23,743.68,840.59,1242.88,1239.97,1146.98,1190.82,1006.1,862.44,1359.12,875.84,983.11,1108.19,1014.06,829.72,795.23,1113.12,994.6,846.4,748.1,669.89,746.96,685.43,901.61,1222.28,577.03,619.48,709.44,739.38,916.9,627.31,841.6,749.24,1269.79,923.22,1214.7,1078.37,867.75,882.03,877.48,739.89,751.39,706.41,846.4,804.58,928.78,741.78,789.29,840.08,857.52,890.75,925.49,973.5,801.92,1123.1,1580.98,1566.2,1021.77,676.71,795.61,1444.53,1671.82,1260.82,1107.31,946.47,961.25,996.25,1003.83,942.55,781.84,1545.6,1200.68,1419.64,1018.36,943.18,741.53,871.67,838.82,1078.88,1110.59,989.17,944.82,1136.87,974.39,843.87,1338.14,1203.58,782.85,989.93,1555.08,1795.64,1767.47,1886.61,1517.3,1117.16,714.62,893.4,896.18,882.66,1067,1446.67,1013.56,1444.9,1067,976.28,1103.89,1206.99,1098.08,967.82,725.48,1039.71,1131.82,1312.87,1177.3,846.27,917.91,769.83,612.8,0,0,131.27,145.55,0,0,204.3,165.64,154.14,258.13,283.4,313.85,333.81,272.03,324.33,362.74,340.38,198.62,376.89,0,0,21.1,45.61,72.65,136.71,199.5,256.48,250.55,239.3,207.21,410.88,0,0,46.75,121.42,334.69,238.29,321.05,360.85,294.77,469,366.41,470.26,510.19,626.68,556.18,538.74,427.18,530.03,0,0,0,135.95,208.22,285.54,250.93,347.08,383.46,540.51,462.68,727.76,0,,601.5,6,,,,,,,,,,,,,,,,,,,,
0.5,0,359.96,159.45,296.03,211,186.61,195.08,224.9,194.57,211,197.48,195.84,240.82,270.38,350.23,311.07,212.01,311.32,275.06,334.69,373.36,268.11,273.29,305,237.79,198.24,218.58,320.54,331.03,348.97,410.5,298.94,401.78,421.62,498.94,426.04,409.74,468.62,430.21,398.37,550.62,391.8,342.02,395.21,633.5,736.6,554.16,663.2,508.67,574.12,545.19,560.48,527.37,515.87,487.32,438.93,567.05,430.84,362.24,466.47,506.15,657,481.89,398.37,375.38,426.55,798.26,730.66,512.46,438.42,444.11,587.64,802.68,555.8,428.95,603.81,466.73,616.45,558.07,686.32,501.72,772.86,585.24,703.5,672.55,939.64,883.17,684.67,624.15,593.7,736.22,486.94,849.18,926.5,770.34,730.54,802.81,792.57,603.18,735.47,619.1,455.73,722.71,797.88,596.23,736.98,840.59,1235.93,1232.01,1146.98,1183.24,1006.1,862.44,1356.97,868.26,977.29,1108.19,1014.06,819.11,795.23,1113.12,994.6,839.45,748.1,667.49,746.96,685.43,901.61,1222.28,573.62,619.48,709.44,739.38,916.9,627.31,841.6,748.35,1269.79,916.65,1214.7,1078.37,862.44,879.12,877.48,739.89,751.39,706.41,846.4,804.58,924.1,741.78,784.87,840.08,856.38,886.07,925.49,973.5,796.74,1118.04,1580.98,1566.2,1021.77,676.71,791.31,1444.53,1671.82,1254.5,1107.31,942.8,949.88,996.25,997.76,942.55,779.81,1540.04,1190.82,1419.64,1018.36,940.15,741.53,871.04,838.82,1054.37,1107.56,986.14,944.82,1136.87,971.74,843.62,1335.61,1203.58,782.85,985.38,1548.89,1790.08,1767.47,1886.61,1489,1117.16,714.62,893.4,895.3,882.66,1067,1443.39,1009.64,1444.9,1067,967.31,1103.89,1205.98,1096.06,967.82,724.47,1039.71,1131.82,1312.87,1177.3,846.27,917.91,766.55,612.8,0,0,131.27,145.55,0,0,204.3,165.64,154.14,258.13,283.4,313.85,327.74,269.37,324.33,350.99,334.95,198.62,376.89,0,0,0,38.41,62.16,131.4,199.5,256.48,242.97,239.3,207.21,410.88,0,0,43.97,121.42,322.44,233.24,310.81,360.85,294.14,464.58,366.41,470.26,510.19,626.68,556.18,536.72,427.18,526.74,0,0,0,133.8,208.22,277.58,249.16,347.08,383.46,538.24,462.68,727.76,0,,601,7,,,,,,,,,,,,,,,,,,,,
0.5,0,359.96,159.45,296.03,211,180.8,195.08,221.11,194.57,211,190.91,192.55,240.82,266.72,344.67,311.07,212.01,311.32,269.12,326.99,373.36,268.11,265.2,305,237.79,198.24,218.58,319.91,328,348.97,410.5,294.14,389.78,421.62,498.94,426.04,403.17,467.99,430.21,398.37,544.43,383.46,342.02,395.21,633.5,736.1,548.85,663.2,508.67,574.12,545.19,560.48,525.1,488.33,487.32,438.93,564.27,430.84,362.24,466.47,506.15,653.59,481.38,398.37,372.22,426.04,798.26,726.5,512.46,436.53,444.11,578.16,802.68,555.8,412.9,603.81,466.73,609.37,549.61,686.32,501.72,772.86,580.56,703.5,663.57,939.64,880.89,684.67,624.15,593.7,736.22,486.94,849.18,925.62,770.34,730.54,802.81,789.67,598.51,733.32,614.93,454.09,718.41,797.88,589.79,736.98,837.18,1235.93,1232.01,1145.08,1183.24,1001.93,858.4,1343.7,861.43,977.29,1108.19,999.78,819.11,795.23,1109.58,994.6,837.3,745.83,666.73,746.96,685.43,901.61,1219.5,573.62,619.48,701.23,735.47,916.9,627.31,841.6,748.35,1269.79,916.27,1214.7,1072.56,862.44,879.12,872.68,738.5,750.25,706.41,841.6,804.58,924.1,741.78,784.87,834.27,856.38,886.07,925.49,966.93,796.74,1118.04,1580.98,1566.2,1021.77,676.71,789.92,1444.53,1671.82,1254.5,1101.49,942.8,949.88,996.25,997.76,940.65,778.17,1530.44,1190.82,1419.64,1018.36,940.15,741.53,871.04,838.82,1054.37,1107.56,986.14,940.65,1131.31,971.74,843.62,1335.61,1203.58,782.85,985.38,1548.89,1790.08,1767.47,1877.01,1479.52,1116.28,714.62,890.75,895.3,870.91,1067,1438.08,1006.99,1444.9,1067,967.31,1101.24,1205.48,1092.52,965.16,724.47,1039.71,1131.82,1312.87,1172.12,846.27,917.91,766.55,612.8,0,0,120.03,145.55,0,0,204.3,165.64,154.14,258.13,283.4,312.71,327.74,269.37,324.33,350.99,334.95,198.62,376.89,0,0,0,30.32,56.48,131.4,194.2,251.56,242.97,239.3,207.21,407.22,0,0,0,121.17,322.44,227.8,308.29,359.96,294.14,460.28,366.41,462.94,510.19,626.68,556.18,536.72,427.18,522.07,0,0,0,122.94,208.22,273.04,249.16,347.08,381.82,538.24,453.71,724.6,0,,600.5,8,,,,,,,,,,,,,,,,,,,,
0.5,0,359.96,159.45,292.49,211,180.8,190.66,215.8,194.57,211,190.91,192.55,240.82,260.02,342.02,298.81,211,311.32,269.12,326.99,363.37,268.11,265.2,305,237.79,198.24,218.58,319.91,328,348.97,402.42,291.36,389.78,420.36,498.94,426.04,403.17,467.99,428.82,398.37,544.43,383.46,342.02,395.21,633.5,729.4,548.85,663.2,508.67,569.7,545.19,560.48,525.1,488.33,487.32,438.93,562.5,427.56,362.24,466.47,500.46,653.59,481.38,396.48,372.22,426.04,793.96,726.5,507.66,436.53,444.11,578.16,796.49,549.23,412.9,598.76,458.39,609.37,549.61,677.47,501.72,772.86,578.92,703.5,663.57,935.98,880.51,684.67,612.78,593.7,736.22,486.31,849.18,925.62,770.34,730.54,802.81,789.67,598.51,733.32,614.93,453.96,718.41,796.62,589.79,733.95,837.18,1235.93,1226.96,1139.52,1166.18,991.82,858.4,1341.68,861.43,973.5,1104.4,999.78,818.22,795.23,1109.58,994.6,837.3,745.07,660.54,739.38,681.77,896.56,1219.5,570.96,619.48,701.23,735.47,916.27,627.31,839.96,748.1,1258.8,916.27,1210.66,1072.56,862.44,874.2,872.68,738.5,746.96,705.02,841.6,799.52,919.05,738.75,784.87,826.18,856.38,883.17,920.44,966.93,796.11,1118.04,1567.97,1563.67,1008.25,676.71,789.04,1442,1633.92,1254.5,1101.49,942.8,949.88,989.93,995.11,940.65,778.17,1530.44,1190.82,1416.73,1018.36,933.83,741.53,871.04,838.82,1054.37,1107.56,986.14,940.65,1129.92,966.55,839.32,1332.08,1203.58,782.85,980.71,1545.48,1790.08,1764.18,1877.01,1468.78,1113.75,714.62,890.75,895.3,870.91,1067,1438.08,1006.61,1444.9,1067,967.31,1101.24,1204.47,1092.52,965.16,724.47,1037.06,1127.39,1312.87,1172.12,846.27,917.91,763.14,612.8,0,0,120.03,145.55,0,0,203.8,165.64,150.48,256.11,278.97,312.71,323.7,269.37,323.32,350.99,330.65,198.62,376.89,0,0,0,9.86,44.1,131.4,194.2,251.56,242.97,239.3,203.17,407.22,0,0,0,114.22,322.44,227.8,308.29,357.44,294.14,460.28,366.41,462.94,505.51,624.03,556.18,532.68,424.4,522.07,0,0,0,117,208.22,273.04,249.16,347.08,381.82,538.24,453.71,724.6,0,,600,9,,,,,,,,,,,,,,,,,,,,
0.5,0,359.96,159.45,292.49,211,180.8,190.66,215.8,194.57,211,190.91,189.27,233.11,260.02,334.31,298.81,211,308.29,263.05,326.99,357.06,265.96,265.08,304.37,235.89,194.2,218.58,319.91,328,345.56,402.42,291.36,389.78,420.36,498.31,417.7,403.17,467.99,423.26,398.37,537.35,374.37,334.31,391.8,616.57,727.38,548.22,662.31,508.67,569.7,541.9,560.48,525.1,488.33,486.31,438.93,562.5,425.03,362.24,460.03,500.46,653.59,476.2,388.52,371.33,424.02,793.96,726.12,504.12,436.53,441.2,578.16,789.54,549.23,412.9,598.76,458.39,603.94,548.35,677.47,501.72,772.86,578.92,703.5,648.79,934.97,880.51,676.08,612.78,586.5,736.22,486.31,842.61,925.62,770.34,730.54,802.81,789.67,598.51,733.32,614.93,453.96,718.41,796.62,589.79,733.95,837.18,1235.93,1223.67,1139.52,1166.18,991.82,858.4,1337.51,858.28,973.5,1104.4,998.02,818.22,795.23,1109.58,989.8,837.3,745.07,660.54,739.38,681.77,893.27,1219.5,570.96,619.48,701.23,735.47,912.23,625.54,839.96,748.1,1258.8,916.27,1210.66,1068.01,862.44,874.2,872.68,738.5,746.96,702.11,831.87,799.52,917.41,736.98,784.87,826.18,852.97,883.17,920.44,963.65,796.11,1118.04,1567.97,1560.76,1008.25,675.45,786.26,1442,1633.92,1254.5,1097.07,937.49,949.88,989.93,994.22,940.65,776.78,1530.44,1190.82,1415.09,1016.59,933.83,740.27,863.2,832.25,1038.32,1105.41,985.63,940.65,1129.92,963.14,834.4,1326.77,1200.04,782.85,980.71,1545.48,1751.17,1764.18,1875.5,1458.04,1113.75,707.42,890.75,895.3,870.91,1065.23,1437.7,1002.31,1441.11,1067,967.31,1101.24,1204.47,1092.52,962.13,719.29,1037.06,1123.73,1308.96,1168.46,846.27,914.88,763.14,612.8,0,0,120.03,145.55,0,0,203.8,165.64,147.07,254.59,278.97,307.02,323.7,269.37,323.32,345.94,330.65,198.62,376.89,0,0,0,0,38.54,127.11,192.81,239.3,242.97,239.3,203.17,407.22,0,0,0,114.22,322.44,227.8,308.29,357.44,288.2,460.28,362.74,462.94,505.51,623.65,548.98,532.68,424.4,519.16,0,0,0,105.75,208.22,273.04,247.01,345.69,377.9,538.24,453.71,723.08,0,,599.5,10,,,,,,,,,,,,,,,,,,,,
0.5,0,359.96,154.78,292.49,211,180.8,190.66,215.8,194.57,211,190.91,189.27,225.66,260.02,330.65,298.81,207.46,308.29,263.05,320.29,357.06,265.46,256.48,304.37,234.75,193.82,212.14,315.49,324.33,345.56,397.74,279.86,387.13,415.56,495.53,411.13,403.17,456.37,423.26,392.69,531.29,352.76,334.31,391.8,615.56,720.05,542.28,657.64,506.53,569.7,540.89,560.48,523.71,480.75,481.13,438.93,559.21,425.03,362.24,460.03,497.55,645.13,473.93,382.96,367.29,424.02,793.96,725.11,504.12,436.53,441.2,578.16,789.54,548.47,410,598.76,458.39,584.1,548.35,672.04,501.09,772.86,569.83,701.86,647.4,934.97,872.43,676.08,605.58,586.5,731.55,486.31,842.61,925.62,770.34,727.51,801.67,782.47,575.26,731.42,607.73,453.96,718.41,791.82,589.79,733.95,835.66,1221.78,1223.67,1138.26,1161,990.18,858.4,1337.51,858.28,973.5,1101.49,998.02,818.22,790.05,1108.57,989.8,837.3,745.07,660.54,739.38,679.75,893.27,1217.35,570.96,610.76,699.71,730.03,912.23,621,837.93,748.1,1258.8,915.51,1208,1068.01,854.61,871.79,870.15,734.08,745.83,702.11,831.87,798.77,915.38,736.98,779.31,826.18,852.34,883.17,920.44,959.98,796.11,1108.57,1567.97,1560.76,1003.32,675.45,784.74,1440.61,1629.88,1244.52,1097.07,937.49,946.72,989.93,994.22,939.01,775.01,1517.93,1187.16,1415.09,1014.31,931.81,740.27,863.2,823.78,1038.32,1103.89,985.63,940.65,1129.92,963.14,834.4,1326.77,1194.99,778.42,980.71,1538.53,1751.17,1758.62,1870.69,1458.04,1113.75,706.66,888.22,895.3,870.91,1065.11,1437.7,1001.05,1441.11,1067,967.31,1101.24,1204.47,1092.52,961.88,719.29,1037.06,1123.73,1308.58,1168.46,839.2,914.88,763.14,612.8,0,0,120.03,145.55,0,0,198.87,162.23,147.07,254.59,276.32,307.02,322.18,268.61,319.53,345.94,322.06,192.68,371.21,0,0,0,0,32.72,127.11,192.81,239.3,242.97,235.51,203.17,407.22,0,0,0,114.22,322.44,227.8,308.29,357.44,288.2,460.28,362.74,462.94,501.35,623.65,548.98,532.68,424.4,519.16,0,0,0,68.1,208.22,273.04,242.97,345.69,377.9,538.24,453.33,722.96,0,,599,11,,,,,,,,,,,,,,,,,,,,
0.5,0,355.41,154.78,292.49,204.3,171.83,190.66,211.38,194.57,211,185.22,188.26,225.66,251.81,330.65,285.8,207.46,302.47,263.05,309.93,341.77,265.46,256.48,304.37,234.75,193.82,212.14,315.49,321.68,344.3,397.74,279.86,387.13,411.51,495.53,411.13,403.17,455.99,421.75,392.69,525.1,345.05,330.78,391.8,615.56,715.63,541.9,657.64,499.7,569.7,540.89,560.48,523.71,480.75,481.13,430.59,559.21,425.03,362.24,458.13,497.55,645.13,473.93,380.81,359.2,424.02,793.96,719.42,504.12,434.38,438.17,577.15,788.91,548.47,405.7,598.76,454.22,584.1,548.35,672.04,498.31,766.29,569.83,701.48,642.35,934.97,872.43,671.91,601.16,586.5,731.55,486.31,831.74,924.48,762,727.51,799.27,782.47,575.26,727.51,607.73,451.82,713.73,791.82,584.86,733.95,831.11,1221.78,1223.42,1138.26,1156.96,990.18,858.4,1331.32,858.28,969.21,1096.94,991.7,816.2,790.05,1104.02,989.8,827.45,741.66,656.5,736.1,677.6,893.27,1213.18,565.28,610.76,699.71,730.03,908.94,621,835.41,745.32,1256.39,915.51,1208,1063.46,849.68,867.63,870.15,734.08,745.83,700.09,831.87,798.77,915.38,736.98,778.3,823.02,848.29,883.17,915.89,959.98,792.95,1108.57,1561.52,1560.76,990.69,675.45,784.62,1440.61,1629.88,1244.52,1097.07,935.73,946.72,986.64,994.22,939.01,772.23,1517.93,1175.03,1415.09,1014.31,931.81,737.99,861.81,823.78,1038.32,1103.89,985.63,937.62,1125.63,963.14,829.72,1322.73,1193.73,773.75,980.71,1538.53,1751.17,1749.65,1869.68,1458.04,1109.96,706.66,888.22,890.24,862.44,1065.11,1435.93,1001.05,1437.83,1062.2,965.04,1100.48,1200.93,1092.52,961.88,719.29,1037.06,1123.73,1308.58,1168.46,833.89,914.88,762.5,612.8,0,0,120.03,145.55,0,0,198.87,161.22,147.07,254.59,276.32,307.02,314.98,264.95,319.53,345.94,322.06,191.54,368.18,0,0,0,0,28.3,127.11,192.81,239.3,242.97,235.51,203.17,407.22,0,0,0,114.22,322.44,227.8,308.29,357.44,288.2,460.28,362.11,462.94,501.35,623.65,546.83,532.68,422.38,515.75,0,0,0,60.52,208.22,273.04,242.97,345.69,377.9,538.24,450.05,722.96,0,,598.5,12,,,,,,,,,,,,,,,,,,,,
0.5,0,355.41,154.78,278.09,204.3,171.83,190.66,211.25,194.57,207.97,185.22,188.26,225.66,251.81,318.02,283.78,206.83,302.47,263.05,304.5,341.77,265.46,255.73,301.72,234.75,193.82,212.14,313.21,321.68,344.3,397.74,275.69,382.58,411.39,495.15,408.35,398.12,455.99,420.36,388.52,523.58,344.8,330.78,389.78,615.56,698.45,536.09,653.34,497.18,565.02,540.89,552.26,521.94,479.36,481.13,430.59,559.21,418.08,362.24,458.13,497.55,638.43,473.93,376.26,359.2,424.02,793.96,719.42,504.12,434.38,438.17,577.15,784.62,545.95,400.01,598.76,451.19,574.63,545.44,672.04,498.31,761.37,564.39,701.48,642.35,929.91,872.43,671.91,595.73,586.5,727.25,486.31,828.58,924.48,759.98,727.51,799.27,782.47,575.26,727.51,603.05,451.82,713.36,788.91,580.31,729.78,831.11,1216.22,1221.9,1126.38,1156.96,984.75,858.4,1325.89,852.97,964.53,1095.43,991.7,813.93,788.28,1102,987.91,827.45,740.52,654.35,733.95,677.6,893.02,1213.18,565.28,610.76,695.54,728.39,906.67,619.48,835.41,743.93,1249.82,912.73,1206.36,1063.08,849.68,864.09,865.6,734.08,743.93,690.99,823.4,793.96,912.1,734.58,778.3,823.02,848.29,877.61,913.87,959.23,792.95,1106.42,1561.52,1557.23,990.69,673.3,781.71,1439.35,1621.92,1239.97,1088.48,932.82,946.72,986.64,987.15,939.01,772.23,1517.93,1175.03,1408.64,1014.31,929.91,737.99,854.99,823.78,1038.32,1099.72,977.67,937.62,1125.63,958.72,829.72,1322.73,1193.73,773.75,978.31,1538.53,1751.17,1749.02,1869.68,1458.04,1109.96,706.66,888.22,890.24,858.53,1062.45,1435.93,993.59,1435.18,1061.95,965.04,1087.34,1200.93,1088.48,961.88,718.28,1032.26,1122.85,1308.58,1168.46,833.89,914.88,762.5,612.8,0,0,120.03,145.55,0,0,198.87,161.22,147.07,254.59,276.32,307.02,304.5,264.95,319.53,342.91,319.66,191.54,368.18,0,0,0,0,0,122.05,192.81,239.3,242.97,235.51,202.66,407.22,0,0,0,113.97,318.02,224.52,304.88,355.79,285.54,449.67,362.11,458.13,501.35,623.65,546.83,530.78,422.38,515.62,0,0,0,0,195.96,262.93,242.97,345.69,376.14,536.34,450.05,722.96,0,,598,13,,,,,,,,,,,,,,,,,,,,
0.5,0,344.3,154.78,278.09,204.3,171.83,190.66,211.25,194.57,207.97,185.22,188.26,225.66,251.81,312.2,283.78,206.83,297.8,263.05,304.5,341.77,265.46,255.73,294.39,234.75,193.82,212.14,313.21,321.68,343.54,397.74,275.69,382.58,410.25,495.15,408.35,398.12,455.99,420.36,387,519.79,344.8,330.78,389.78,615.56,698.45,528.89,649.3,497.18,565.02,540.89,552.26,521.94,475.7,478.86,430.59,549.48,416.44,362.24,451.82,493.39,626.55,471.65,376.26,353.52,424.02,793.33,714.24,497.3,432.23,438.17,573.74,779.06,538.36,399.51,591.81,451.19,573.11,544.3,672.04,498.19,761.37,561.87,701.48,635.78,924.73,867.63,668.25,592.19,582.59,727.25,486.31,822.27,924.48,759.98,723.84,799.27,779.43,575.26,726.24,603.05,451.82,712.6,788.91,580.31,729.78,831.11,1216.22,1219.88,1126.38,1156.08,984.75,858.4,1325.89,852.97,964.53,1095.43,991.7,813.93,788.28,1102,986.26,827.45,740.52,654.35,733.95,677.6,893.02,1213.18,565.28,610.76,695.54,728.39,903.51,619.48,835.41,743.93,1249.82,912.73,1206.36,1063.08,849.68,864.09,865.6,734.08,743.93,690.74,823.4,793.96,912.1,734.58,778.3,820.5,848.29,877.61,908.06,958.34,789.16,1096.82,1558.74,1557.23,990.69,673.3,778.8,1439.35,1621.92,1236.81,1088.48,932.82,939.77,986.64,987.15,935.47,769.33,1516.54,1170.73,1404.73,1012.55,924.23,733.44,854.99,820.88,1034.91,1099.72,977.67,937.62,1125.63,958.72,829.72,1322.73,1193.73,773.75,973.12,1538.53,1751.17,1745.99,1864.12,1440.61,1107.43,706.28,885.95,890.24,858.53,1056.26,1431.51,993.59,1435.18,1061.95,965.04,1087.34,1199.03,1085.7,961.88,718.28,1032.26,1122.85,1308.58,1163.66,827.07,907.55,762.5,612.8,0,0,120.03,145.55,0,0,196.98,161.22,147.07,254.59,273.79,307.02,299.06,262.8,319.53,342.91,319.66,191.54,368.18,0,0,0,0,0,118.89,188.38,237.41,236.52,233.87,202.66,379.8,0,0,0,107.14,312.46,220.73,296.79,355.79,283.27,449.67,359.58,458.13,496.42,613.41,546.83,530.78,420.48,514.36,0,0,0,0,195.96,262.93,242.97,344.93,372.6,534.2,450.05,722.96,0,,597.5,14,,,,,,,,,,,,,,,,,,,,
0.5,0,332.29,154.78,278.09,204.3,171.83,190.66,211.25,194.57,207.97,185.22,188.26,223,249.28,305.25,283.78,206.83,294.14,263.05,293.13,330.65,265.46,255.73,294.39,234.75,193.82,212.14,313.21,321.68,343.41,397.74,275.69,379.42,410.25,495.15,403.55,398.12,452.32,420.36,386.12,509.43,344.8,325.09,387.25,615.56,697.06,503.24,649.3,490.48,558.58,534.95,552.26,512.08,474.05,474.94,430.59,549.48,416.44,362.24,450.17,492.75,626.55,465.72,375.5,353.52,423.52,791.06,710.07,497.3,429.83,434.89,573.74,775.39,536.6,381.69,591.81,449.67,573.11,540.77,672.04,498.19,754.54,559.59,701.48,634.01,924.73,864.21,663.45,586.88,582.59,726.87,486.31,822.27,924.48,759.98,723.84,799.27,779.43,575.26,726.24,603.05,448.66,712.6,788.91,580.31,729.78,831.11,1206.36,1219.5,1126.38,1156.08,984.75,858.4,1320.07,852.97,964.53,1090,991.7,812.66,788.28,1102,986.26,827.45,740.52,654.35,733.95,677.6,893.02,1213.18,565.28,610.76,695.54,728.39,900.1,619.48,835.41,743.93,1249.82,912.73,1206.36,1063.08,849.68,864.09,865.6,734.08,743.93,686.82,823.4,793.96,912.1,734.58,778.3,817.21,847.28,877.61,908.06,958.34,789.16,1096.82,1558.74,1557.23,983.86,673.3,778.8,1439.22,1621.92,1236.81,1088.48,932.82,939.77,984.62,987.15,935.47,769.33,1510.35,1170.73,1404.73,1012.55,924.23,733.44,854.99,820.88,1029.85,1096.94,977.67,936.74,1117.16,954.93,826.18,1313.63,1188.55,773.75,973.12,1531.07,1751.17,1726.28,1852.5,1440.61,1106.42,706.28,884.56,890.24,854.74,1041.6,1425.07,989.17,1435.18,1061.95,960.74,1087.34,1196.13,1085.7,957.58,718.28,1030.49,1118.42,1302.01,1163.66,821.13,907.55,757.32,612.8,0,0,120.03,145.55,0,0,196.98,157.18,147.07,248.78,266.72,307.02,299.06,262.8,316.88,342.91,319.66,191.54,368.18,0,0,0,0,0,118.89,188.38,237.41,236.52,233.87,202.66,373.1,0,0,0,107.14,312.46,218.83,296.79,349.6,281.88,449.67,359.58,454.72,493.76,613.41,546.83,530.78,420.48,514.36,0,0,0,0,195.96,258.76,237.28,344.93,366.53,534.2,442.09,719.17,0,,597,15,,,,,,,,,,,,,,,,,,,,
0.5,0,325.98,154.78,269.62,204.3,170.69,186.49,204.81,194.57,203.04,185.22,188.26,223,249.28,300.33,278.97,206.83,294.14,258,285.67,325.47,265.46,255.73,294.39,234.75,193.82,212.14,307.91,319.53,337.47,389.65,267.6,379.42,399.38,495.15,403.55,398.12,452.32,420.36,386.12,509.43,344.8,325.09,384.09,615.56,684.04,498.19,645,490.48,554.16,534.57,549.61,511.71,474.05,471.4,430.59,541.9,416.44,362.24,450.17,492.75,621.12,463.44,375.5,348.09,422.76,791.06,710.07,497.3,429.83,434.89,573.74,775.39,536.6,381.69,591.81,449.54,573.11,540.77,672.04,498.19,746.46,559.59,701.35,634.01,924.73,864.21,663.45,586.88,581.58,726.87,486.31,822.27,924.48,759.98,723.84,799.27,779.43,559.34,726.24,597.24,448.66,712.6,788.91,579.55,729.78,831.11,1206.36,1219.5,1118.55,1140.28,981.84,858.4,1320.07,852.97,964.53,1090,987.91,802.56,777.79,1094.42,986.26,824.04,734.71,646.9,728.14,673.94,887.59,1213.18,559.59,605.96,695.54,728.39,900.1,619.48,835.41,739.26,1249.82,912.73,1206.36,1057.02,849.68,864.09,865.6,734.08,743.93,686.82,823.4,793.96,905.78,734.58,770.84,817.21,847.28,877.61,900.35,958.34,789.16,1089.87,1552.3,1557.23,954.17,673.3,778.8,1439.22,1621.92,1229.86,1085.32,932.82,939.77,984.62,987.15,935.47,769.33,1504.41,1170.73,1404.73,1012.55,924.23,733.44,854.99,820.88,1026.06,1096.69,974.89,934.84,1117.16,952.28,822.39,1313.63,1186.78,773.75,969.59,1531.07,1727.29,1726.28,1849.09,1440.61,1106.42,701.35,884.56,887.34,843.24,986.39,1421.4,982.1,1434.8,1061.95,960.74,1087.34,1196.13,1085.7,957.58,717.27,1030.49,1115.39,1302.01,1163.66,821.13,907.55,757.32,612.8,0,0,120.03,145.55,0,0,193.82,157.18,144.04,248.78,266.72,296.79,286.56,259.9,313.59,338.99,319.66,191.54,360.09,0,0,0,0,0,118.89,188.38,237.41,236.52,233.87,202.66,365.02,0,0,0,107.14,312.46,218.83,296.79,349.6,281.88,449.67,359.58,454.72,493.76,613.41,544.93,530.78,420.48,514.36,0,0,0,0,195.96,258.76,237.28,344.93,366.53,534.2,442.09,719.17,0,,596.5,16,,,,,,,,,,,,,,,,,,,,
0.5,0,320.16,135.19,265.2,204.3,170.69,186.49,204.81,194.45,203.04,185.22,183.2,216.43,239.81,293.88,269.12,200.26,294.14,249.91,285.67,325.47,263.81,253.2,294.39,234.75,193.82,204.3,302.35,312.33,336.08,389.65,267.6,379.42,399.38,491.62,395.47,390.29,439.56,416.57,384.35,502.36,344.8,325.09,384.09,610.64,684.04,494.02,645,490.23,554.16,534.57,549.61,511.71,474.05,471.4,430.59,541.9,416.44,362.24,450.17,492.75,621,463.44,375.5,348.09,422.76,791.06,710.07,497.3,429.83,431.85,573.74,769.96,536.6,377.15,586.63,444.74,573.11,536.97,669.64,496.42,746.46,554.03,701.35,618.72,924.73,864.21,652.46,586.88,581.58,726.87,486.31,820.75,924.1,759.98,723.84,799.27,779.43,559.34,726.24,591.81,448.66,712.6,783.6,574.25,729.78,826.06,1191.2,1211.16,1118.55,1140.28,981.84,850.57,1304.66,850.69,955.06,1082.42,978.05,802.56,777.79,1094.42,975.9,817.59,734.71,638.81,721.95,673.94,879.63,1213.18,559.59,601.41,685.69,721.95,897.32,619.48,835.41,739.26,1249.82,908.56,1206.36,1057.02,841.98,854.36,865.6,725.61,743.93,686.82,810.01,789.16,900.35,732.43,770.84,817.21,847.28,877.61,900.35,958.34,789.16,1086.71,1552.3,1551.16,954.17,673.18,772.86,1439.22,1621.92,1229.86,1079.64,931.56,939.77,979.19,987.15,935.47,769.33,1494.18,1155.57,1394.49,1012.55,924.23,733.44,854.99,812.29,1026.06,1096.69,974.89,934.84,1117.16,952.28,822.39,1313.63,1186.78,773.75,969.59,1531.07,1682.69,1726.28,1849.09,1440.61,1104.4,701.35,884.56,887.34,843.24,986.39,1421.4,982.1,1434.8,1061.95,960.74,1087.34,1196.13,1085.7,957.58,717.27,1030.49,1115.39,1302.01,1163.66,821.13,907.55,757.32,612.8,0,0,120.03,145.55,0,0,193.82,157.18,144.04,247.39,264.19,296.79,286.56,258.89,313.59,335.83,316.37,187.88,354.66,0,0,0,0,0,118.89,188.38,237.41,236.52,233.87,202.66,361.73,0,0,0,107.14,312.46,218.83,296.79,341.9,281.88,449.67,359.58,454.72,493.76,613.41,544.93,530.78,420.48,514.36,0,0,0,0,195.96,258.76,237.28,344.93,366.53,534.2,442.09,719.17,0,,596,17,,,,,,,,,,,,,,,,,,,,
0.5,0,320.16,135.19,265.2,199.25,170.69,186.49,204.81,194.45,199.38,179.41,183.2,214.79,239.81,283.78,269.12,200.26,288.45,249.91,280.24,321.93,263.81,253.2,276.19,232.48,193.82,204.3,302.35,312.33,336.08,389.65,264.44,379.42,399.38,486.06,395.47,390.29,439.56,413.53,384.35,502.36,344.8,325.09,384.09,610.64,684.04,493.26,645,490.23,554.16,534.57,548.98,511.58,474.05,471.4,428.82,531.79,416.44,362.24,450.17,492.75,606.34,462.94,373.73,346.44,422.76,791.06,702.24,497.3,429.83,431.85,562.75,761.49,536.6,365.02,586.63,437.03,573.11,536.97,669.64,496.42,702.87,545.57,697.06,618.72,918.92,857.52,646.77,570.46,570.08,721.95,486.31,820.75,924.1,753.91,723.84,792.45,773.24,559.34,722.96,591.81,448.66,707.42,783.6,571.34,722.33,826.06,1184.12,1204.85,1118.55,1140.28,974.64,850.57,1304.66,850.69,955.06,1082.42,978.05,795.73,777.79,1094.42,975.9,817.59,727.51,638.81,721.95,673.94,879.63,1206.49,559.59,601.41,685.69,721.95,889.86,608.36,829.59,739.26,1240.73,908.56,1201.94,1051.46,834.52,848.04,847.16,725.61,743.93,686.82,810.01,783.1,900.35,732.43,770.84,803.57,843.24,869.27,900.35,946.59,789.16,1080.39,1546.61,1546.87,954.17,668.5,772.86,1433.15,1606.12,1219.88,1079.64,925.74,933.58,979.19,979.44,929.16,769.33,1494.18,1155.57,1394.49,1012.55,924.23,733.44,854.99,812.29,1022.53,1091.89,974.89,934.84,1117.16,952.28,822.39,1313.63,1186.78,773.75,969.59,1531.07,1682.69,1726.28,1849.09,1440.61,1104.4,701.35,884.56,887.34,834.02,986.39,1421.4,982.1,1434.8,1061.95,960.74,1087.34,1189.18,1085.7,951.39,717.27,1030.49,1115.39,1301.25,1138.51,815.95,907.55,757.32,612.8,0,0,111.19,145.55,0,0,193.82,157.18,144.04,247.39,264.19,296.79,286.56,258.89,313.59,335.83,316.37,187.88,354.66,0,0,0,0,0,118.89,188.38,237.41,236.52,233.87,202.66,361.73,0,0,0,102.09,312.46,213.02,296.79,341.9,281.88,449.67,359.58,454.72,489.34,613.41,536.72,530.78,420.48,514.36,0,0,0,0,195.96,258.76,237.28,344.93,366.53,534.2,442.09,719.17,0,,595.5,18,,,,,,,,,,,,,,,,,,,,
0.5,0,313.72,135.19,260.4,199.25,170.69,186.49,204.81,194.45,199.38,177.14,183.2,214.79,239.81,283.78,269.12,200.26,285.54,249.91,274.68,321.93,263.81,238.8,276.19,230.08,188.89,204.3,302.35,312.33,336.08,382.96,264.44,379.42,399.38,486.06,395.47,390.29,434.25,413.53,381.95,502.36,337.09,325.09,384.09,607.1,673.18,488.33,645,490.23,546.83,534.57,543.04,511.58,471.02,469.13,428.82,525.48,411.26,362.24,442.72,487.95,602.04,462.94,373.73,341.26,413.41,791.06,694.66,492,426.93,431.35,562.75,761.11,526.61,365.02,586.63,437.03,563.13,536.34,664.71,496.42,702.87,545.57,697.06,605.33,918.92,841.09,646.77,570.46,570.08,720.94,486.31,813.3,918.04,748.61,723.84,792.45,766.42,531.79,722.96,591.81,448.66,702.11,783.6,571.34,722.33,826.06,1179.2,1204.85,1105.92,1134.98,974.64,848.42,1304.66,850.69,940.27,1082.42,978.05,784.99,777.79,1094.42,975.9,817.59,727.51,638.81,721.95,667.11,879.63,1201.18,559.59,601.41,685.69,721.95,889.86,608.36,829.59,733.57,1229.74,902.88,1193.35,1051.46,834.52,848.04,847.16,725.61,743.68,686.82,810.01,783.1,900.35,732.43,770.84,803.57,842.73,869.27,891.25,946.59,787.9,1080.39,1546.61,1546.87,876.47,668.5,772.74,1428.61,1606.12,1215.96,1075.59,925.74,933.58,979.19,973.5,923.6,762.38,1489.76,1155.57,1394.49,1012.55,916.14,731.68,854.61,812.29,1018.36,1091.89,974.89,934.84,1117.16,952.28,816.96,1313.63,1186.78,773.75,969.59,1531.07,1589.19,1716.3,1842.39,1440.61,1104.4,701.35,884.56,887.34,834.02,986.39,1421.4,982.1,1433.91,1061.95,960.74,1087.34,1189.18,1085.7,951.39,717.27,1030.49,1111.1,1301.25,1138.51,809.51,907.55,752.02,612.8,0,0,111.19,141.13,0,0,193.82,157.18,144.04,247.39,264.19,296.79,280.24,258.89,313.59,335.83,316.37,187.88,354.66,0,0,0,0,0,118.89,188.38,231.59,236.52,233.87,202.66,361.73,0,0,0,102.09,301.97,213.02,296.79,341.9,281.88,444.11,359.58,454.72,482.9,602.8,536.72,530.78,420.48,514.36,0,0,0,0,195.96,258.76,237.28,344.93,366.53,534.2,442.09,719.17,0,,595,19,,,,,,,,,,,,,,,,,,,,
0.5,0,313.72,135.19,246.88,199.12,170.69,184.09,204.81,194.45,193.06,177.14,183.2,214.79,232.48,283.78,263.69,200.26,282.51,249.91,274.68,316.5,263.81,238.8,276.19,230.08,188.89,204.3,302.35,312.33,336.08,376.01,264.44,379.42,399.38,486.06,384.47,390.29,434.25,413.53,375.63,492.63,337.09,325.09,384.09,607.1,673.18,482.01,639.95,479.87,541.65,534.57,539,511.58,469.51,469.13,423.26,514.36,411.26,361.61,436.91,487.95,594.84,461.55,373.73,335.45,413.41,791.06,687.58,492,424.27,428.57,562.75,761.11,526.61,365.02,574.5,433.75,560.85,531.92,664.71,496.16,702.87,545.57,687.58,599.9,909.95,841.09,640.07,570.46,570.08,720.94,485.93,809.51,918.04,748.61,723.84,792.45,766.42,531.79,717.15,582.97,448.66,702.11,783.6,570.58,722.33,826.06,1176.8,1194.36,1105.92,1134.98,971.23,848.42,1300.62,839.58,940.27,1082.42,978.05,784.99,777.79,1090.37,975.9,813.55,727.51,635.15,721.95,667.11,879.63,1201.18,553.91,601.41,685.69,712.34,884.81,608.36,820.62,733.57,1229.74,902.88,1193.35,1051.46,834.52,848.04,847.16,725.61,732.81,686.82,807.1,783.1,892.26,732.43,764.53,803.57,840.97,869.27,891.25,941.41,779.94,1080.39,1546.61,1546.87,872.93,668.5,772.74,1428.61,1606.12,1215.96,1075.59,925.74,933.58,979.19,973.5,923.6,762.38,1489.76,1153.93,1394.49,1001.43,916.14,720.56,847.03,810.52,1018.36,1091.89,969.46,934.84,1106.42,940.91,816.96,1307.57,1186.78,773.75,963.02,1506.69,1553.82,1716.3,1835.82,1440.61,1104.4,701.35,878.74,880.77,834.02,986.39,1407.76,964.79,1433.91,1061.95,953.67,1087.34,1189.18,1080.39,943.31,717.27,1023.66,1111.1,1295.69,1108.95,809.51,902.37,752.02,612.8,0,0,111.19,141.13,0,0,193.82,157.18,144.04,247.39,258.89,296.79,280.24,258.89,313.59,335.83,316.37,187.88,347.08,0,0,0,0,0,106.89,180.42,231.59,231.47,233.87,202.66,361.73,0,0,0,102.09,301.97,208.47,288.2,334.57,281.88,438.05,359.58,454.72,482.9,602.8,536.72,526.24,415.05,514.36,0,0,0,0,195.96,254.21,237.28,344.93,360.47,534.2,442.09,719.17,0,,594.5,20,,,,,,,,,,,,,,,,,,,,
0.5,0,307.53,135.19,246.88,199.12,170.69,184.09,199.5,168.55,193.06,177.14,177.9,214.79,230.08,283.78,263.69,200.26,282.51,249.91,274.68,311.32,263.81,235.64,276.19,230.08,188.89,204.3,302.35,302.85,336.08,376.01,249.66,375.63,399.38,477.47,384.47,385.48,434.25,410.63,375.63,492.63,337.09,320.16,375.5,607.1,673.18,481,633,479.87,541.65,534.57,539,511.58,469.51,462.94,423.26,501.85,411.26,361.61,436.91,487.95,594.84,455.61,373.73,335.45,413.41,785.37,687.58,487.07,424.27,428.57,557.7,756.31,526.61,354.53,574.5,433.75,560.85,531.92,664.71,496.16,699.08,540.01,685.43,570.46,909.95,841.09,640.07,564.14,570.08,720.94,485.93,809.51,918.04,748.61,712.22,787.27,766.42,531.79,717.15,580.19,448.66,702.11,781.96,567.17,716.01,826.06,1176.8,1185.64,1100.48,1134.98,971.23,848.42,1300.62,832.37,940.27,1072.56,978.05,780.95,769.2,1076.6,975.9,811.53,727.51,635.15,714.11,661.3,877.35,1201.18,553.91,601.41,685.69,712.34,877.86,608.36,820.62,733.57,1229.74,902.88,1193.35,1045.9,834.52,848.04,847.16,725.61,732.81,685.31,807.1,783.1,892.26,732.43,764.53,801.67,840.08,866.87,891.25,941.41,779.94,1069.02,1536.38,1546.87,872.3,668.5,772.74,1428.61,1606.12,1215.96,1075.59,925.74,933.58,979.19,973.5,923.6,762.38,1489.76,1153.93,1390.58,1001.43,916.14,720.56,847.03,806.85,1010.14,1091.89,964.28,934.84,1106.42,940.91,811.15,1307.57,1178.57,768.32,956.83,1506.69,1553.82,1711.37,1835.82,1433.91,1104.4,692.26,878.74,880.77,834.02,986.39,1407.76,964.79,1433.91,1061.95,953.67,1076.86,1184.76,1080.39,940.91,717.27,1023.66,1111.1,1295.69,1103.14,805.46,902.37,752.02,612.8,0,0,111.19,141.13,0,0,189.02,157.18,144.04,245.62,254.34,290.85,277.46,258.89,300.2,335.83,310.81,183.33,347.08,0,0,0,0,0,106.89,175.5,231.59,222.24,233.87,202.28,341.14,0,0,0,102.09,301.97,202.66,288.2,334.57,276.07,438.05,353.9,447.02,482.9,602.8,529.14,518.15,409.62,508.29,0,0,0,0,185.86,254.21,237.28,344.93,360.47,534.2,434.63,719.17,0,,594,21,,,,,,,,,,,,,,,,,,,,
0.5,0,307.53,135.19,246.88,199.12,164.25,184.09,199.5,168.55,192.81,177.14,177.9,214.79,230.08,283.78,263.69,200.26,282.51,249.91,262.55,311.32,261.03,235.64,276.19,230.08,188.89,196.98,295.65,302.85,336.08,376.01,249.66,375.63,399.38,461.17,378.66,385.48,434.25,410.63,375.63,482.77,337.09,320.16,368.3,607.1,673.18,481,633,479.87,541.65,525.35,539,500.97,469.51,462.94,423.26,501.85,411.26,361.61,436.91,481.13,590.17,455.61,370.07,335.45,403.3,779.56,686.06,487.07,424.27,420.23,543.8,751.39,526.61,353.14,574.5,427.56,560.85,531.42,664.71,496.16,699.08,530.78,679.75,563.38,909.95,837.43,629.84,564.14,568.94,720.94,485.93,809.51,918.04,739.64,712.22,787.27,766.42,531.79,717.15,580.19,448.66,699.84,781.96,567.17,716.01,826.06,1168.2,1185.64,1090.25,1119.81,967.31,848.42,1297.58,832.37,940.27,1072.56,971.99,767.56,769.2,1076.6,973.12,811.53,725.61,635.15,709.31,661.3,877.35,1201.18,553.91,595.98,685.69,708.55,870.4,608.36,820.62,733.57,1229.74,900.1,1193.35,1045.9,834.52,848.04,847.16,723.34,732.81,675.07,807.1,783.1,892.26,732.43,764.53,798.64,840.08,866.87,881.78,941.41,779.94,1069.02,1536.38,1546.87,865.22,668.5,742.92,1428.61,1606.12,1204.72,1071.55,925.74,928.52,979.19,973.5,923.6,756.95,1478.26,1137.88,1387.42,1001.43,916.14,720.56,847.03,806.85,1003.57,1086.84,964.28,931.68,1106.42,940.91,811.15,1295.18,1178.57,768.32,956.83,1506.69,1548.51,1711.37,1832.66,1433.91,1098.59,692.26,878.74,880.77,827.32,986.39,1407.76,964.79,1426.58,1061.95,953.67,1076.86,1184.76,1080.39,935.73,708.55,1023.66,1104.02,1295.69,1053.23,805.46,895.8,752.02,612.8,0,0,111.19,141.13,0,0,189.02,156.42,143.91,245.62,254.34,285.67,265.33,252.19,300.2,330.9,303.36,183.33,347.08,0,0,0,0,0,106.89,175.5,226.41,222.24,227.8,202.28,341.14,0,0,0,102.09,301.97,202.66,288.2,328.75,271.14,438.05,353.9,437.29,482.9,602.8,529.14,518.15,409.62,508.29,0,0,0,0,185.86,254.21,237.28,344.04,360.47,534.2,434.63,712.98,0,,593.5,22,,,,,,,,,,,,,,,,,,,,
0.5,0,302.6,135.19,246.88,199.12,160.21,172.97,199.5,168.55,192.81,177.14,176.38,202.91,230.08,283.78,263.69,200.26,282.51,249.91,262.55,311.32,261.03,235.64,276.19,230.08,188.89,196.98,295.65,302.85,333.94,376.01,249.66,375.63,399.38,451.06,378.66,385.48,434.25,410.63,375.63,482.77,337.09,317.76,368.3,604.7,673.18,479.23,633,469.38,535.71,525.35,539,500.97,464.83,462.94,422.38,501.85,411.26,361.61,435.64,477.21,579.55,455.61,370.07,332.67,403.3,779.56,686.06,483.15,424.27,420.1,543.8,748.48,526.61,353.14,572.73,427.56,560.85,529.65,664.71,494.77,690.99,530.78,673.05,563.38,901.11,837.43,629.84,557.7,560.85,708.93,485.93,806.98,911.59,739.64,712.22,787.27,766.42,531.79,717.15,580.19,433.5,699.84,779.18,562.75,716.01,820.88,1161.26,1185.64,1090.25,1119.81,967.31,816.83,1293.04,832.37,940.27,1064.98,965.29,767.56,769.2,1076.6,973.12,811.53,725.61,629.59,709.31,661.3,877.35,1201.18,553.91,595.98,678.23,708.55,870.4,608.36,820.62,733.57,1229.74,900.1,1193.35,1045.9,834.52,848.04,847.16,723.34,732.81,675.07,807.1,780.19,884.43,722.45,764.53,798.64,835.53,863.46,881.78,933.7,779.94,1069.02,1534.23,1535.24,860.55,663.57,742.92,1419,1606.12,1204.72,1068.77,925.74,928.52,968.07,973.5,923.6,756.95,1473.96,1137.88,1387.42,1001.43,916.14,720.56,847.03,806.85,1003.57,1086.84,964.28,927.13,1106.42,940.91,811.15,1295.18,1169.72,768.32,956.83,1506.69,1548.51,1703.54,1832.66,1421.15,1098.59,687.83,878.74,880.77,806.73,986.39,1407.76,959.23,1421.66,1061.95,953.67,1076.86,1184.76,1080.39,935.73,708.55,1023.66,1104.02,1282.68,1053.23,800.16,895.8,752.02,612.8,0,0,105.37,138.1,0,0,184.47,146.94,143.91,245.62,254.34,285.67,265.33,252.19,300.2,324.84,303.36,183.33,340,0,0,0,0,0,106.89,175.5,226.41,222.24,227.8,198.11,341.14,0,0,0,102.09,301.97,202.66,288.2,328.75,271.14,434.76,353.9,437.29,479.36,602.8,529.14,518.15,409.62,508.29,0,0,0,0,185.86,254.21,231.59,344.04,360.47,528.89,428.7,708.68,0,,593,23,,,,,,,,,,,,,,,,,,,,
0.5,0,302.6,135.19,216.81,193.94,160.21,172.97,199.5,168.55,192.81,177.14,176.38,202.91,230.08,251.43,254.08,200.26,272.78,240.31,262.55,307.28,261.03,228.44,276.19,228.31,188.89,196.98,295.65,290.47,327.62,354.4,249.66,375.63,376.39,441.08,378.66,385.48,413.66,405.95,372.47,477.21,337.09,317.76,368.3,599.77,673.18,475.32,628.7,469.38,535.71,525.35,539,500.97,462.94,460.91,422.38,489.34,404.18,360.72,435.64,477.21,576.52,454.85,370.07,332.67,392.81,779.56,686.06,483.15,424.27,420.1,543.8,748.48,526.61,353.14,572.73,421.11,560.85,529.65,664.59,494.77,690.99,524.47,673.05,563.38,901.11,837.43,629.84,554.54,560.85,708.93,485.93,806.98,911.59,739.64,712.22,784.99,766.42,525.73,717.15,580.19,433.5,699.84,775.64,562.75,711.08,811.15,1161.26,1178.31,1078.75,1119.81,967.31,804.7,1293.04,819.11,940.27,1064.98,965.29,760.1,758.59,1069.15,965.8,811.53,725.61,627.82,709.31,661.3,877.35,1201.18,553.91,595.98,678.23,708.55,865.35,604.07,820.62,733.57,1229.74,900.1,1193.35,1045.9,824.54,837.55,838.69,723.34,732.81,675.07,791.19,780.19,884.43,720.05,764.53,798.64,835.53,863.46,881.78,933.7,779.94,1065.36,1534.23,1535.24,856.63,663.57,735.47,1419,1593.99,1204.72,1068.77,917.03,928.52,968.07,966.18,917.78,752.9,1473.96,1137.88,1387.42,996.75,908.81,720.56,847.03,806.85,1003.57,1086.84,964.28,927.13,1106.42,940.91,811.15,1295.18,1169.72,768.32,956.83,1506.69,1539.79,1703.54,1832.66,1421.15,1098.59,687.83,878.74,880.77,806.73,986.39,1407.76,959.23,1421.66,1061.95,953.67,1076.86,1184.76,1071.55,935.73,708.55,1023.66,1104.02,1282.68,1053.23,800.16,895.8,752.02,612.8,0,0,105.37,138.1,0,0,184.47,146.94,139.11,245.62,251.3,285.67,258.51,252.19,293.88,324.84,303.36,183.33,329.01,0,0,0,0,0,106.89,175.5,226.41,222.24,219.09,198.11,341.14,0,0,0,102.09,295.02,202.66,288.2,321.81,271.14,434.76,353.9,437.29,479.36,598.51,523.58,518.15,409.62,508.29,0,0,0,0,185.86,250.55,231.59,344.04,349.85,520.68,428.7,708.68,0,,592.5,24,,,,,,,,,,,,,,,,,,,,
0.5,0,302.6,133.04,206.7,193.94,160.21,172.97,199.5,168.55,185.86,177.14,176.38,202.91,224.27,251.43,252.06,200.26,272.78,240.31,262.55,307.28,258.63,228.44,276.19,228.31,181.56,196.98,295.65,290.47,327.62,354.4,248.4,375.63,376.39,436.28,378.66,385.48,394.2,405.95,369.57,477.21,335.07,317.76,368.3,599.77,657.13,475.32,628.7,461.55,535.71,525.35,522.82,500.97,458.64,460.91,419.09,489.34,404.18,360.72,435.64,477.21,569.95,454.85,370.07,329.51,392.81,779.56,678.23,483.15,422.63,419.85,543.8,741.66,525.1,353.14,572.73,421.11,548.73,527.12,664.59,494.77,680.25,504.12,670.9,563.38,901.11,830.48,629.84,554.54,557.19,708.93,485.93,806.98,911.59,739.64,712.22,784.99,763.39,525.73,717.15,564.52,426.67,697.44,775.64,562.75,711.08,811.15,1161.26,1178.31,1077.99,1115.77,967.31,804.7,1293.04,819.11,930.29,1064.98,965.29,760.1,758.59,1069.15,965.8,801.42,725.61,627.82,709.31,661.3,868.13,1195.5,542.16,595.98,669.39,708.55,856,599.77,820.62,733.57,1229.74,900.1,1193.35,1041.98,814.56,837.55,838.69,712.47,731.93,675.07,791.19,772.49,884.43,720.05,764.53,795.86,835.53,863.46,881.78,933.7,779.94,1065.36,1534.23,1535.24,856.63,658.39,735.47,1419,1593.99,1204.72,1068.77,917.03,921.32,968.07,966.18,917.78,752.9,1467.14,1130.17,1387.42,996.75,908.81,720.56,847.03,804.2,1003.57,1086.84,964.28,927.13,1096.19,938.13,811.15,1288.36,1169.72,763.64,956.83,1506.69,1539.79,1703.54,1825.97,1421.15,1098.59,683.41,873.56,880.77,806.73,981.72,1393.23,951.9,1421.66,1061.95,949.12,1076.86,1184.76,1071.55,935.73,708.55,1023.66,1104.02,1282.68,1047.16,791.82,891.76,752.02,612.8,0,0,92.23,138.1,0,0,184.47,146.94,139.11,231.97,251.3,281.75,258.51,252.19,293.88,324.84,303.36,183.33,329.01,0,0,0,0,0,106.89,175.5,220.35,220.22,219.09,198.11,341.14,0,0,0,97.67,295.02,202.66,288.2,321.81,271.14,434.76,353.9,437.29,470.14,598.51,523.58,518.15,409.62,508.29,0,0,0,0,185.86,250.55,231.59,344.04,349.85,520.68,428.7,708.68,0,,592,25,,,,,,,,,,,,,,,,,,,,
0.5,0,289.71,133.04,191.92,193.94,160.21,172.97,199.5,168.55,185.86,177.14,176.38,202.91,224.27,251.43,252.06,200.26,272.78,232.48,252.69,292.49,258.63,228.44,276.19,228.31,181.56,189.27,284.91,290.47,327.62,354.4,239.81,375.63,376.39,436.28,370.45,376.01,394.2,405.95,369.57,477.21,335.07,317.76,368.3,599.77,657.13,475.32,628.7,461.55,531.29,525.35,522.82,494.14,454.72,460.91,419.09,489.34,404.18,360.72,424.4,477.21,564.39,454.85,367.8,329.51,384.6,779.56,678.23,483.15,421.11,414.42,536.09,741.66,525.1,343.79,571.47,415.68,548.73,527.12,664.59,490.61,680.25,494.65,670.9,563.38,901.11,830.48,609.37,552.52,557.19,705.14,485.93,806.98,911.59,734.46,712.22,784.99,763.39,525.73,717.15,564.52,426.67,697.44,775.64,562.75,711.08,811.15,1161.26,1170.35,1077.99,1115.77,962.89,804.7,1293.04,819.11,930.29,1060.43,962.76,751.01,753.15,1069.15,965.8,801.42,725.61,627.82,701.1,661.3,863.46,1195.5,542.16,586.76,669.39,708.55,856,599.77,820.62,733.57,1222.41,900.1,1193.35,1030.49,814.56,830.73,826.44,712.47,731.93,675.07,791.19,767.94,884.43,720.05,757.07,795.86,835.53,857.77,881.78,927.64,779.94,1065.36,1525.14,1535.24,856.63,658.39,720.68,1419,1593.99,1197.01,1068.77,917.03,921.32,968.07,966.18,917.78,752.9,1451.22,1130.17,1378.57,996.75,908.81,720.56,847.03,797.5,989.8,1071.93,964.28,927.13,1096.19,938.13,811.15,1288.36,1169.72,763.64,956.83,1506.69,1533.98,1703.54,1813.08,1421.15,1098.59,683.41,873.56,880.77,806.73,981.72,1393.23,938.13,1421.66,1061.95,949.12,1076.86,1176.67,1071.55,935.73,708.55,1007.74,1104.02,1282.68,1047.16,791.82,891.76,752.02,612.8,0,0,92.23,138.1,0,0,184.47,146.94,139.11,225.66,251.3,281.75,258.51,247.01,285.8,324.84,303.36,183.33,329.01,0,0,0,0,0,97.54,175.5,220.35,220.22,219.09,198.11,341.14,0,0,0,92.36,295.02,199.63,286.05,321.81,271.14,434.76,352.63,437.29,470.14,591.05,523.58,518.15,409.62,508.29,0,0,0,0,184.34,250.55,231.59,339.37,349.85,520.68,428.7,708.68,0,,591.5,26,,,,,,,,,,,,,,,,,,,,
0.5,0,289.71,133.04,191.92,190.91,160.21,172.97,199.5,168.55,184.47,177.14,176.38,202.91,224.27,251.43,252.06,185.86,272.78,232.48,252.69,292.49,255.6,228.44,276.19,228.31,181.56,189.27,284.91,290.47,327.62,354.4,239.81,375.63,376.39,426.04,370.45,376.01,394.2,405.95,363.37,477.21,330.78,317.76,365.14,599.77,657.13,473.8,622.01,458.26,521.31,525.35,522.82,494.14,454.72,453.71,414.92,489.34,404.18,360.72,424.4,477.21,561.61,454.85,367.8,329.51,377.9,779.56,678.23,483.15,417.83,414.42,536.09,733.32,514.61,343.79,562.37,415.68,548.73,527.12,664.59,490.61,680.25,494.65,670.9,563.38,901.11,823.28,609.37,552.52,547.21,690.87,485.93,806.98,908.44,729.65,712.22,784.99,753.28,525.73,717.15,559.46,426.67,690.23,775.64,562.75,707.54,811.15,1161.26,1170.35,1070.16,1110.72,953.04,804.7,1282.55,819.11,930.29,1060.43,953.79,751.01,753.15,1069.15,965.8,801.42,725.61,627.82,701.1,654.73,863.46,1195.5,542.16,586.76,669.39,703.75,855.12,599.77,820.62,733.57,1222.41,900.1,1193.35,1030.49,814.56,830.73,826.44,712.47,731.93,675.07,791.19,767.94,877.99,720.05,757.07,795.86,829.22,857.77,867.12,927.64,779.06,1057.9,1525.14,1502.14,849.3,658.39,720.68,1419,1593.99,1188.67,1062.2,917.03,921.32,968.07,966.18,917.78,752.9,1451.22,1125.12,1378.57,996.75,908.81,720.56,843.24,797.5,989.8,1071.93,959.35,927.13,1096.19,928.15,806.6,1288.36,1169.72,763.64,956.83,1506.69,1533.98,1694.19,1813.08,1421.15,1098.59,683.41,870.4,872.17,806.73,981.72,1393.23,931.56,1421.66,1060.05,949.12,1076.86,1176.67,1071.55,935.73,708.55,1001.43,1094.92,1282.68,1047.16,791.82,891.76,741.78,612.8,0,0,92.23,138.1,0,0,184.47,146.94,139.11,225.66,250.29,281.75,244.86,247.01,285.8,324.84,303.36,175.62,329.01,0,0,0,0,0,97.54,167.79,220.35,220.22,219.09,198.11,334.31,0,0,0,92.36,295.02,197.61,286.05,321.81,271.14,427.81,352.63,437.29,470.14,591.05,523.58,518.15,409.62,508.29,0,0,0,0,178.15,250.55,226.54,339.37,349.85,520.68,428.7,708.68,0,,591,27,,,,,,,,,,,,,,,,,,,,
0.5,0,282.13,133.04,181.69,190.91,160.21,172.97,184.47,164.5,184.47,177.14,175.37,202.91,224.27,251.43,241.32,185.86,272.78,232.48,252.69,285.67,255.6,228.44,276.19,228.31,181.56,189.27,277.33,290.47,327.62,349.1,239.81,375.63,376.39,426.04,367.04,376.01,394.2,402.04,363.37,467.48,330.78,313.97,365.14,599.77,657.13,468.75,622.01,458.26,521.31,525.35,522.82,494.14,449.04,449.67,414.92,488.84,404.18,360.72,424.4,468.87,554.03,454.85,367.8,322.56,377.9,779.56,665.98,483.15,417.83,414.42,523.2,717.15,514.61,343.79,562.37,409.62,548.73,525.22,664.59,490.61,680.25,488.2,670.9,553.91,893.78,823.28,609.37,552.52,547.21,690.87,485.93,806.98,908.44,729.65,712.22,784.99,753.28,524.09,717.15,551.88,426.67,690.23,768.19,546.96,707.54,811.15,1146.35,1170.35,1070.16,1103.77,945.96,804.7,1276.11,817.09,921.32,1051.46,953.79,751.01,753.15,1069.15,965.8,801.42,718.79,627.82,701.1,654.73,863.46,1195.5,542.16,582.21,669.39,703.75,855.12,599.77,814.81,712.98,1222.41,890.75,1184.88,1026.32,814.56,830.73,826.44,712.47,731.93,675.07,791.19,767.94,877.99,715.88,757.07,788.91,829.22,857.77,867.12,927.64,774.89,1052.72,1518.94,1498.85,849.3,658.39,713.73,1411.42,1587.55,1188.67,1062.2,917.03,913.99,960.87,966.18,917.78,752.9,1451.22,1125.12,1374.15,996.75,908.81,716.13,843.24,797.5,989.8,1069.27,953.67,925.87,1096.19,928.15,806.6,1288.36,1169.72,763.64,934.08,1498.98,1526.02,1694.19,1813.08,1412.18,1098.59,683.41,870.4,872.17,797.25,981.72,1387.67,925.24,1421.66,1060.05,949.12,1059.29,1176.67,1071.55,935.73,708.55,1001.43,1094.92,1282.68,1047.16,791.82,891.76,741.78,612.8,0,0,92.23,138.1,0,0,178.65,146.94,139.11,225.66,250.29,280.49,244.86,242.59,285.8,324.84,303.36,175.62,329.01,0,0,0,0,0,95.14,167.79,220.35,218.45,219.09,198.11,334.31,0,0,0,92.36,295.02,197.61,278.97,321.81,268.99,421.87,347.45,437.29,461.8,591.05,523.58,518.15,409.62,505.01,0,0,0,0,178.15,250.55,226.54,339.37,349.85,520.68,428.7,708.68,0,,590.5,28,,,,,,,,,,,,,,,,,,,,
0.5,0,282.13,133.04,181.69,190.91,160.21,172.97,184.47,159.7,184.47,176.63,175.37,202.91,224.27,251.43,241.32,185.86,261.92,232.48,252.69,285.67,255.6,228.44,276.19,228.31,181.56,189.27,277.33,290.47,327.62,349.1,239.81,359.46,376.39,426.04,367.04,376.01,394.2,402.04,363,467.48,330.78,313.97,362.36,599.77,651.95,468.49,622.01,458.26,513.47,522.07,522.82,494.14,449.04,444.99,414.92,488.84,399.89,360.72,424.4,468.87,534.2,451.19,367.8,322.56,377.9,779.56,658.27,479.49,417.83,409.49,523.2,705.4,511.45,343.79,562.37,409.62,548.73,518.53,664.59,490.61,678.48,488.2,670.9,553.91,893.78,816.45,609.37,547.97,547.21,690.87,485.93,806.98,908.44,721.32,712.22,784.99,753.28,524.09,712.47,551.88,419.35,685.18,768.19,546.96,703.75,811.15,1146.35,1162.39,1070.16,1103.77,945.96,800.28,1276.11,817.09,921.32,1051.46,948.11,722.83,753.15,1050.83,965.8,787.14,718.79,627.82,694.02,646.64,863.46,1190.82,533.82,582.21,662.69,695.54,855.12,599.77,810.39,712.98,1210.15,890.75,1184.88,1026.32,814.56,830.73,817.21,712.47,731.93,675.07,784.49,767.94,877.99,715.88,757.07,784.36,829.22,857.77,867.12,925.11,774.89,1052.72,1518.94,1498.85,849.3,658.39,713.73,1402.58,1585.4,1188.67,1062.2,917.03,907.17,953.67,966.18,909.19,752.9,1400.43,1118.17,1374.15,996.75,902.88,716.13,843.24,797.5,989.8,1069.27,953.67,925.87,1091.39,928.15,806.6,1288.36,1169.72,760.23,934.08,1498.98,1526.02,1694.19,1813.08,1412.18,1098.59,683.41,870.4,872.17,797.25,981.72,1387.67,925.24,1421.66,1060.05,945.45,1059.29,1176.67,1071.55,935.73,708.55,1001.43,1094.92,1278.38,1047.16,791.82,891.76,741.78,612.8,0,0,92.23,138.1,0,0,178.65,146.94,139.11,225.66,250.29,280.49,234.63,242.59,278.85,324.84,303.36,173.6,316.88,0,0,0,0,0,95.14,167.79,220.35,218.45,219.09,198.11,334.31,0,0,0,84.65,295.02,197.61,278.97,313.85,268.99,421.87,347.45,434.38,461.8,591.05,523.58,515.75,406.21,505.01,0,0,0,0,178.15,250.55,226.54,339.37,342.78,520.68,428.7,708.68,0,,590,29,,,,,,,,,,,,,,,,,,,,
0.5,0,272.4,133.04,181.69,190.91,160.21,172.97,184.47,159.7,184.47,176.63,175.37,202.91,213.91,244.1,236.4,185.86,261.92,232.48,252.69,285.67,255.6,218.07,273.16,228.31,181.56,181.81,277.33,290.47,327.37,349.1,239.81,359.46,376.39,409.74,367.04,376.01,394.2,402.04,363,467.48,330.78,313.97,362.36,599.77,645.25,468.49,617.33,458.26,513.47,515.75,516.76,487.83,443.86,438.3,404.44,488.84,399.89,360.72,424.4,468.87,523.58,451.19,365.9,314.98,372.22,770.59,658.27,479.49,417.83,405.32,518.4,705.4,511.45,340.13,562.37,409.62,548.73,518.53,664.59,490.61,678.48,488.2,666.61,553.91,893.78,816.45,609.37,547.97,547.21,690.87,485.93,791.31,905.15,721.32,712.22,784.99,753.28,524.09,712.47,551.88,418.71,685.18,768.19,546.96,703.75,803.82,1146.35,1162.39,1053.61,1103.77,945.96,800.28,1276.11,817.09,921.32,1045.52,942.17,722.83,753.15,1050.83,965.8,783.35,718.79,615.94,687.2,646.64,863.46,1190.82,533.82,582.21,662.69,695.54,842.73,592.82,810.39,712.98,1210.15,890.75,1184.88,1026.32,814.56,830.73,817.21,712.47,726.5,675.07,784.49,767.94,877.99,715.88,757.07,784.36,829.22,849.18,854.99,911.47,774.89,1052.72,1510.35,1493.55,849.3,652.46,713.73,1402.58,1585.4,1181.09,1062.2,917.03,897.95,953.67,958.59,909.19,752.9,1398.54,1110.97,1374.15,996.75,902.88,714.24,843.24,797.5,985.63,1069.27,953.67,925.87,1091.39,928.15,799.78,1281.92,1169.72,760.23,934.08,1483.69,1526.02,1684.08,1813.08,1412.18,1098.59,671.66,870.4,872.17,789.67,981.72,1382.74,912.35,1421.66,1060.05,945.45,1059.29,1174.27,1071.55,935.73,708.55,1001.43,1094.92,1278.38,1047.16,783.6,886.7,741.78,612.8,0,0,92.23,138.1,0,0,178.65,146.94,139.11,223.51,241.2,280.49,234.63,242.59,278.85,324.84,303.36,173.6,316.88,0,0,0,0,0,95.14,167.79,220.35,218.45,219.09,198.11,322.94,0,0,0,77.7,290.35,197.61,275.06,313.85,268.99,421.87,347.45,434.38,461.8,584.99,523.58,515.75,406.21,505.01,0,0,0,0,178.15,241.2,226.54,339.37,342.78,520.04,428.7,708.68,0,,589.5,30,,,,,,,,,,,,,,,,,,,,
0.5,0,221.99,133.04,181.69,185.6,160.21,172.97,184.47,159.7,182.82,174.23,175.37,202.91,203.8,240.31,236.4,185.86,251.81,232.48,252.69,285.67,255.6,218.07,273.16,225.66,181.56,181.81,277.33,290.47,327.37,349.1,229.83,353.39,376.39,409.74,367.04,376.01,394.2,392.18,363,467.48,329.01,313.97,362.36,590.42,645.25,468.49,617.33,458.26,513.47,515.75,506.78,487.83,440.07,438.3,404.44,482.9,399.89,360.72,413.03,468.87,510.19,451.19,365.9,314.98,364.01,770.59,658.27,479.49,412.78,405.32,512.34,693.77,511.45,340.13,562.37,409.62,542.28,518.53,650.18,489.59,678.48,480.62,666.61,553.91,893.78,816.45,609.37,547.97,547.21,690.87,485.93,791.31,905.15,721.32,712.22,784.99,747.34,524.09,712.47,551.88,418.71,685.18,768.19,546.96,703.75,803.82,1146.35,1162.39,1053.61,1099.72,939.26,794.22,1268.27,817.09,921.32,1045.52,942.17,722.83,747.85,1050.83,951.01,783.35,718.79,615.94,687.2,646.64,863.46,1185.26,533.82,582.21,662.69,695.54,830.23,592.82,810.39,712.98,1210.15,890.75,1184.88,1026.32,814.56,819.74,817.21,712.47,726.5,675.07,784.49,760.36,877.99,715.88,757.07,784.36,829.22,848.93,849.18,911.47,774.89,1040.59,1510.35,1493.55,847.41,652.46,713.73,1402.58,1585.4,1181.09,1053.73,917.03,891.5,953.67,947.86,909.19,752.9,1398.54,1110.97,1368.09,996.75,902.88,714.24,843.24,792.57,985.63,1069.27,953.67,923.34,1091.39,920.31,799.78,1274.46,1169.72,760.23,934.08,1483.69,1526.02,1684.08,1809.04,1412.18,1088.73,671.66,870.4,872.17,789.67,981.72,1382.74,912.35,1421.66,1060.05,945.45,1059.29,1174.27,1071.55,935.73,701.1,1001.43,1094.92,1271.81,1027.58,783.6,880.39,741.78,612.8,0,0,92.23,138.1,0,0,178.65,145.3,139.11,223.51,241.2,273.67,227.93,242.59,278.85,319.53,303.36,173.6,316.88,0,0,0,0,0,95.14,167.79,217.95,208.47,219.09,198.11,322.94,0,0,0,77.7,280.49,197.61,275.06,313.85,268.99,421.87,347.45,427.94,461.8,584.99,521.81,512.34,406.21,505.01,0,0,0,0,174.23,241.2,226.54,339.37,342.78,520.04,418.46,708.68,0,,589,31,,,,,,,,,,,,,,,,,,,,
0.5,0,221.99,121.55,181.69,176.38,160.21,172.97,184.47,159.7,182.82,174.23,175.37,202.91,203.8,240.31,236.4,185.86,251.81,232.48,242.33,285.67,255.6,218.07,264.82,225.66,181.56,181.81,277.33,280.49,327.37,349.1,229.83,353.39,376.39,404.56,349.85,376.01,394.2,392.18,352.51,467.48,329.01,313.97,354.78,590.42,640.45,468.49,613.54,458.26,513.47,515.75,506.78,482.27,434.76,438.3,398.88,482.9,399.89,360.72,413.03,468.87,501.6,444.62,365.9,314.98,364.01,770.59,658.27,479.49,412.78,405.32,512.34,693.77,511.45,340.13,555.55,409.62,542.28,518.53,650.18,489.59,678.48,480.62,666.61,553.91,874.2,809.63,609.37,547.97,529.52,690.87,485.93,791.31,905.15,713.61,712.22,784.99,747.34,524.09,712.47,539.38,418.71,685.18,768.19,546.96,684.3,803.82,1146.35,1155.32,1053.61,1092.14,939.26,794.22,1250.46,817.09,916.27,1045.52,942.17,704.76,740.65,1045.9,951.01,783.35,716.39,609.12,687.2,646.64,863.46,1185.26,533.82,582.21,662.69,695.54,830.23,592.82,810.39,712.98,1202.82,880.13,1172.88,1026.32,814.56,819.74,808.12,704.51,726.5,670.9,778.68,760.36,871.42,715.88,757.07,784.36,821.63,848.93,849.18,911.47,770.84,1040.59,1510.35,1493.55,828.46,652.46,706.53,1402.58,1585.4,1181.09,1048.17,917.03,891.5,953.67,947.86,909.19,749.24,1362.4,1110.97,1368.09,985.63,902.88,714.24,836.04,792.57,985.63,1069.27,953.67,923.34,1091.39,920.31,799.78,1274.46,1153.8,759.6,934.08,1483.69,1519.83,1677.64,1798.04,1405.61,1088.73,671.66,870.4,872.17,789.67,974.89,1382.74,905.02,1414.58,1060.05,945.45,1059.29,1169.47,1071.55,935.73,701.1,1001.43,1094.92,1271.81,1027.58,783.6,880.39,741.78,612.8,0,0,92.23,138.1,0,0,178.65,145.3,139.11,223.51,241.2,273.67,227.93,242.59,274.8,312.33,303.36,173.6,316.88,0,0,0,0,0,95.14,167.79,217.95,208.47,219.09,198.11,316.88,0,0,0,77.7,280.49,197.61,275.06,313.85,268.99,421.87,347.45,427.94,461.8,584.99,521.81,512.34,406.21,505.01,0,0,0,0,171.58,241.2,226.54,334.19,338.1,520.04,415.3,708.68,0,,588.5,32,,,,,,,,,,,,,,,,,,,,
0.5,0,221.99,121.55,171.58,176.38,140.37,172.97,184.47,159.7,182.82,174.23,168.17,192.81,203.8,229.45,236.4,185.86,251.81,232.48,242.33,280.36,255.6,218.07,264.82,225.66,181.56,181.81,277.33,280.49,317.26,349.1,229.57,353.39,376.39,404.56,349.85,376.01,384.73,392.18,352.51,467.48,319.53,309.93,354.78,590.42,634.64,466.73,613.54,454.22,505.51,515.75,498.94,482.27,434.76,432.11,394.33,482.9,399.89,360.72,413.03,460.16,499.83,444.62,365.27,314.98,364.01,770.59,650.43,479.49,412.78,397.61,512.34,685.94,507.92,338.74,555.55,400.27,542.28,518.53,650.18,489.59,671.91,480.62,666.61,553.91,874.2,801.67,597.12,547.97,529.52,679.62,485.93,791.31,905.15,708.05,712.22,777.29,747.34,524.09,706.79,539.38,418.71,685.18,764.27,546.96,684.3,803.82,1146.35,1149.13,1050.32,1092.14,933.33,794.22,1246.16,817.09,916.27,1045.52,934.34,704.76,740.65,1038.7,951.01,777.79,708.05,609.12,679.37,646.64,863.46,1185.26,533.82,582.21,662.69,686.57,830.23,585.74,810.39,712.98,1202.82,880.13,1172.88,1017.73,806.98,812.79,808.12,704.51,726.5,670.9,768.82,760.36,871.42,715.88,748.1,783.48,821.63,848.93,846.27,911.47,770.84,1040.59,1510.35,1481.55,828.46,645.63,703.88,1402.58,1569.99,1181.09,1048.17,906.41,891.5,946.59,947.86,909.19,749.24,1356.59,1110.97,1368.09,985.63,888.22,714.24,836.04,784.11,979.44,1069.27,947.98,917.28,1083.8,920.31,799.78,1274.46,1153.8,759.6,934.08,1483.69,1519.83,1669.68,1792.61,1401.19,1088.73,671.66,870.4,872.17,789.67,974.89,1374.28,891.25,1414.58,1060.05,935.73,1059.29,1169.47,1071.55,930.55,697.06,1001.43,1094.92,1271.81,1027.58,783.6,880.39,741.78,612.8,0,0,84.78,138.1,0,0,172.21,145.3,139.11,223.51,237.41,266.84,227.93,242.59,274.8,312.33,300.58,168.17,316.88,0,0,0,0,0,86.8,167.79,209.36,208.47,219.09,198.11,316.88,0,0,0,77.7,280.49,195.59,275.06,310.43,268.99,421.87,341.26,427.94,461.8,584.99,521.81,512.34,406.21,494.9,0,0,0,0,171.58,241.2,226.54,334.19,338.1,515.5,415.3,708.68,0,,588,33,,,,,,,,,,,,,,,,,,,,
0.5,0,221.99,121.55,171.58,176.38,140.37,172.97,184.47,159.7,176.63,174.23,166.4,184.09,203.8,229.45,236.4,185.86,251.81,216.56,242.33,272.28,255.6,218.07,264.82,225.66,181.56,174.49,269.62,280.49,313.47,342.27,229.57,353.39,376.39,404.56,349.85,376.01,374.87,392.18,352.51,467.48,319.53,309.93,354.78,590.42,634.64,457.76,613.54,454.22,505.51,508.29,498.94,476.96,430.97,432.11,394.33,475.44,393.19,358.7,413.03,460.16,499.83,433.88,365.27,308.29,364.01,770.59,650.43,459.27,412.78,397.61,512.34,677.22,507.92,338.74,555.55,399,542.28,518.53,646.39,489.59,667.37,480.62,666.61,553.91,874.2,794.47,597.12,537.35,529.52,679.62,485.93,791.31,905.15,708.05,712.22,777.29,747.34,524.09,706.79,539.38,418.71,676.84,764.27,546.96,684.3,803.82,1137.76,1149.13,1050.32,1092.14,933.33,786.51,1243.76,817.09,906.54,1040.59,919.68,704.76,740.65,1032.38,951.01,777.79,708.05,609.12,679.37,646.64,855.87,1185.26,533.82,576.14,657.13,686.57,825.17,585.74,810.39,712.98,1202.82,880.13,1172.88,1017.73,798.77,812.79,803.69,704.51,726.5,662.06,763.89,760.36,871.42,715.88,748.1,783.48,821.63,848.93,846.27,911.47,770.84,1035.54,1503.53,1481.55,828.46,645.63,703.88,1394.37,1569.99,1167.45,1048.17,906.41,891.5,946.59,943.81,901.49,744.31,1344.71,1103.77,1360.76,985.63,888.22,708.3,836.04,784.11,979.44,1069.27,947.98,917.28,1078.37,920.31,799.78,1274.46,1153.8,759.6,926,1483.69,1512.37,1663.11,1792.61,1401.19,1088.73,666.73,870.4,866.61,789.67,974.89,1365.81,882.53,1414.58,1053.1,935.73,1051.08,1162.27,1064.6,930.55,697.06,996.25,1094.92,1270.17,1027.58,783.6,880.39,741.78,612.8,0,0,84.78,138.1,0,0,172.21,145.3,139.11,223.51,237.41,266.84,221.11,242.59,274.8,312.33,289.46,168.17,303.74,0,0,0,0,0,86.8,167.79,209.36,208.47,219.09,198.11,316.88,0,0,0,77.7,280.49,195.59,267.35,303.49,261.29,414.92,341.26,427.94,449.8,584.99,514.74,512.34,398.88,494.9,0,0,0,0,171.58,241.2,221.49,334.19,338.1,515.5,415.3,697.56,0,,587.5,34,,,,,,,,,,,,,,,,,,,,
0.5,0,202.03,121.55,171.58,176.38,140.37,158.44,184.47,159.7,176.63,174.23,166.4,184.09,203.8,229.45,236.4,185.86,251.81,216.56,236.4,272.28,255.6,218.07,264.82,225.66,181.56,174.49,269.62,280.49,313.47,342.27,229.57,353.39,376.39,404.56,349.85,357.31,374.87,392.18,352.51,456.62,319.53,309.93,354.78,590.42,634.64,457.76,613.54,454.22,505.51,508.29,498.94,476.96,430.97,432.11,394.33,475.44,392.43,353.65,413.03,460.16,499.83,433.88,365.27,308.29,364.01,770.59,650.43,459.27,412.78,397.61,512.34,677.22,507.92,336.84,555.55,399,539.75,510.82,646.39,483.02,667.37,475.7,662.69,552.26,868.64,794.47,597.12,537.35,529.52,679.62,485.93,791.31,902.12,703.75,712.22,771.6,747.34,524.09,706.79,539.38,411.13,676.84,754.17,546.96,684.3,803.82,1124.99,1139.14,1050.32,1092.14,926.63,782.47,1243.76,810.52,899.21,1027.08,919.68,704.76,740.65,1032.38,951.01,777.79,708.05,609.12,679.37,646.64,855.87,1185.26,526.87,569.45,651.32,686.57,825.17,585.74,810.39,706.03,1202.82,880.13,1172.88,1010.52,798.77,808.49,803.69,704.51,711.08,662.06,753.53,759.47,871.42,711.46,742.04,775.14,821.63,837.43,836.92,901.87,770.84,1035.54,1495.32,1481.55,828.46,645.63,703.88,1394.37,1569.99,1167.45,1048.17,903,891.5,946.59,943.81,901.49,744.31,1344.71,1103.77,1360.76,982.47,888.22,708.3,834.9,784.11,971.86,1069.27,947.98,912.23,1078.37,912.35,793.59,1274.46,1153.8,759.6,926,1483.69,1512.37,1654.51,1792.61,1401.19,1088.73,666.73,870.4,866.61,789.67,974.89,1365.81,879.25,1404.85,1053.1,935.73,1051.08,1162.27,1063.21,930.55,697.06,996.25,1094.92,1263.85,1016.21,783.6,880.39,741.78,612.8,0,0,84.78,138.1,0,0,172.21,145.3,136.08,221.11,237.41,266.84,221.11,236.9,274.8,312.33,289.46,168.17,303.74,0,0,0,0,0,86.8,164,209.36,207.46,219.09,193.31,316.88,0,0,0,77.7,280.49,195.59,267.35,303.49,261.29,407.34,330.4,420.23,449.8,574.75,514.74,512.34,398.88,494.9,0,0,0,0,171.58,241.2,221.49,334.19,326.23,510.32,415.3,697.56,0,,587,35,,,,,,,,,,,,,,,,,,,,
0.5,0,181.43,121.55,161.47,158.44,140.37,158.44,174.36,153.76,170.19,174.23,166.4,184.09,203.8,219.72,231.34,185.86,251.81,216.56,236.4,262.04,253.07,218.07,264.82,218.07,181.56,174.49,269.62,280.49,313.47,342.27,229.57,345.43,376.39,394.46,349.85,357.31,374.87,378.54,352.51,456.62,319.53,309.93,354.78,590.42,634.64,457.76,613.54,454.22,505.51,502.86,490.23,476.96,426.29,432.11,387.38,475.44,392.43,353.65,404.56,454.72,495.28,433.88,360.09,308.29,364.01,770.59,650.43,451.94,412.78,394.33,512.34,663.2,507.92,336.84,555.55,399,539.75,510.82,646.39,483.02,662.06,475.7,651.19,552.26,868.64,787.9,597.12,530.91,519.92,679.62,485.93,791.31,894.54,703.75,702.87,771.6,743.55,517.14,706.79,539.38,411.13,666.48,754.17,540.26,684.3,803.82,1122.09,1139.14,1042.74,1079.26,918.29,782.47,1243.76,802.81,899.21,1027.08,919.68,704.76,740.65,1032.38,951.01,777.79,703.88,609.12,675.32,646.64,848.42,1170.86,526.87,569.45,651.32,686.57,825.17,585.74,803.69,706.03,1197.39,880.13,1172.88,1010.52,798.77,808.49,803.69,704.51,711.08,662.06,753.53,759.47,860.17,711.46,742.04,775.14,821.63,837.43,836.92,901.87,765.03,1035.54,1495.32,1471.31,826.31,645.63,703.88,1394.37,1569.99,1167.45,1048.17,903,877.73,946.59,943.81,901.49,744.31,1344.71,1103.77,1351.66,982.47,888.22,708.3,834.9,784.11,971.86,1069.27,947.98,912.23,1078.37,912.35,793.59,1269.28,1153.8,759.6,926,1483.69,1512.37,1646.93,1789.45,1387.67,1088.73,662.56,867.75,866.61,789.67,973.38,1365.81,879.25,1404.85,1053.1,935.73,1051.08,1162.27,1063.21,930.55,697.06,996.25,1076.22,1255.38,1009.51,769.45,880.39,731.17,612.8,0,0,84.78,138.1,0,0,172.21,145.3,136.08,210.37,237.41,266.84,221.11,236.9,262.8,312.33,289.46,168.17,303.74,0,0,0,0,0,86.8,164,209.36,207.46,219.09,193.31,309.93,0,0,0,66.58,280.49,195.59,267.35,303.49,261.29,407.34,330.4,420.23,449.8,574.75,514.74,504.12,398.88,491.24,0,0,0,0,171.58,241.2,221.49,334.19,326.23,510.32,415.3,697.56,0,,586.5,36,,,,,,,,,,,,,,,,,,,,
0.5,0,181.43,121.55,161.47,158.44,140.37,158.44,174.36,153.76,170.19,174.23,166.4,184.09,198.62,219.72,231.34,185.86,251.81,216.56,236.4,262.04,253.07,200.64,264.82,218.07,181.56,174.49,269.62,280.49,313.47,342.27,219.72,345.43,363.5,394.46,344.93,357.31,374.87,378.54,352.51,456.62,319.53,309.93,350.74,590.42,627.31,457.76,613.54,448.66,488.96,502.86,490.23,464.58,426.29,422.25,387.38,475.44,392.43,353.65,399.64,454.72,495.28,433.88,360.09,302.73,353.14,764.02,650.43,451.94,404.44,394.33,512.34,663.2,507.92,336.84,543.04,399,527.5,510.82,646.39,483.02,662.06,475.7,651.19,552.26,868.64,779.94,597.12,530.91,513.22,679.62,485.93,780.95,894.54,699.71,702.87,771.6,743.55,517.14,699.46,534.57,411.13,666.48,750.12,540.26,684.3,789.04,1122.09,1116.15,1042.74,1079.26,918.29,782.47,1243.76,802.81,899.21,1027.08,915.01,704.76,733.32,1024.55,943.81,777.79,703.88,609.12,675.32,635.78,848.42,1170.86,526.87,569.45,651.32,686.57,813.55,585.74,797.38,706.03,1197.39,869.27,1172.88,1010.52,796.11,808.49,803.69,704.51,711.08,662.06,753.53,759.47,860.17,711.46,742.04,769.96,821.63,837.43,836.92,901.87,765.03,1035.54,1485.71,1471.31,826.31,645.63,703.88,1394.37,1569.99,1163.91,1038.45,903,877.73,940.15,936.36,901.49,744.31,1335.99,1090.37,1351.66,982.47,888.22,708.3,834.9,784.11,971.86,1047.42,947.98,912.23,1078.37,912.35,793.59,1269.28,1153.8,759.6,926,1483.69,1512.37,1639.23,1781.24,1387.67,1088.73,662.56,860.04,866.61,789.67,973.38,1365.81,866.49,1404.85,1053.1,932.31,1051.08,1162.27,1063.21,930.55,697.06,996.25,1076.22,1255.38,1009.51,769.45,870.66,731.17,612.8,0,0,84.78,138.1,0,0,172.21,145.3,136.08,210.37,237.41,266.84,221.11,236.9,262.8,312.33,289.46,165.51,303.74,0,0,0,0,0,86.8,151.74,209.36,207.46,213.02,193.31,297.8,0,0,0,59.51,280.49,188.64,267.35,303.49,261.29,407.34,330.4,420.23,449.8,566.29,514.74,504.12,392.56,491.24,0,0,0,0,171.58,239.81,221.49,334.19,326.23,510.32,415.3,697.56,0,,586,37,,,,,,,,,,,,,,,,,,,,
0.5,0,111.19,113.97,161.47,158.44,140.37,158.44,174.36,138.48,170.19,174.23,166.4,184.09,188.26,212.26,231.34,185.86,251.81,216.56,236.4,262.04,253.07,200.64,264.82,218.07,181.56,166.9,258.25,280.49,313.47,342.27,219.72,345.43,360.59,394.46,338.86,357.31,374.87,373.48,349.73,456.62,319.53,304.5,350.74,584.73,627.31,457.76,605.58,448.66,488.96,496.04,490.23,464.58,422.38,422.25,387.38,475.44,392.43,351.37,399.64,454.72,487.83,433.88,360.09,302.73,353.14,764.02,631.61,451.94,404.44,394.33,498.94,643.99,499.58,332.92,543.04,399,527.5,510.82,646.39,483.02,655.11,474.94,651.19,552.26,868.64,779.94,597.12,530.91,505.39,679.62,485.93,780.95,894.54,699.71,694.15,771.6,743.55,517.14,699.46,534.57,411.13,666.48,750.12,540.26,681.77,789.04,1118.17,1116.15,1042.74,1079.26,918.29,768.44,1239.09,802.81,899.21,1027.08,907.17,696.68,733.32,1024.55,943.81,770.59,703.88,598.13,675.32,629.21,848.42,1170.86,526.87,569.45,651.32,673.05,813.55,585.74,797.38,706.03,1197.39,869.27,1162.9,1010.52,796.11,808.49,784.49,704.51,711.08,662.06,753.53,759.47,860.17,711.46,742.04,769.96,821.63,837.43,827.32,898.33,759.22,1028.34,1485.71,1471.31,826.31,645.63,694.15,1380.97,1559.5,1163.91,1038.45,899.09,877.73,940.15,936.36,901.49,744.31,1335.99,1082.92,1351.66,982.47,888.22,706.53,834.9,784.11,971.86,1047.42,937.87,908.44,1078.37,912.35,793.59,1258.54,1153.8,759.6,926,1483.69,1512.37,1628.74,1781.24,1376.93,1088.73,662.56,860.04,866.61,783.35,973.38,1357.73,866.49,1404.85,1053.1,932.31,1051.08,1147.86,1063.21,930.55,697.06,996.25,1076.22,1255.38,1009.51,769.45,863.71,731.17,612.8,0,0,84.78,138.1,0,0,172.21,137.59,130.9,210.37,232.6,264.32,221.11,236.9,260.02,312.33,289.46,165.51,303.74,0,0,0,0,0,86.8,151.74,209.36,207.46,213.02,193.31,297.8,0,0,0,59.51,273.04,188.64,257.75,303.49,261.29,407.34,330.4,420.23,449.8,566.29,514.74,504.12,392.56,491.24,0,0,0,0,171.58,239.81,221.49,333.43,326.23,510.32,415.3,697.56,0,,585.5,38,,,,,,,,,,,,,,,,,,,,
0.5,0,100.95,113.97,161.47,153.01,140.37,158.44,174.36,138.48,170.19,174.23,166.4,184.09,188.26,212.26,231.34,178.53,241.7,206.32,226.41,262.04,242.59,200.64,264.82,218.07,181.56,166.9,258.25,280.49,313.47,342.27,219.72,345.43,360.59,394.46,338.86,357.31,374.87,373.48,349.73,456.62,308.79,304.5,350.74,573.49,627.31,457.76,605.58,448.66,488.96,496.04,482.9,456.49,418.46,422.25,379.04,469.13,387.89,351.37,399.64,445.63,487.83,433.88,360.09,302.73,353.14,756.95,631.61,451.94,401.4,388.52,498.94,643.99,496.42,332.92,543.04,399,527.5,509.68,646.39,474.56,653.47,474.94,651.19,552.26,868.64,773.62,597.12,530.91,505.39,679.62,484.67,780.95,894.54,699.71,694.15,771.6,743.55,513.73,699.46,526.49,406.21,666.48,750.12,535.96,678.74,789.04,1118.17,1116.15,1035.41,1071.42,918.29,768.44,1232.14,802.81,895.3,1027.08,907.17,696.68,723.84,1024.55,943.81,761.11,703.88,598.13,675.32,629.21,848.42,1170.86,520.17,569.45,651.32,673.05,813.55,577.41,797.38,706.03,1188.04,869.27,1162.9,1004.08,796.11,808.49,784.49,693.9,711.08,662.06,743.68,751.13,860.17,711.46,742.04,765.28,821.63,837.43,827.32,897.7,759.22,1028.34,1481.55,1463.6,824.67,645.63,694.15,1380.97,1559.5,1158.48,1031.75,899.09,877.73,940.15,936.36,901.49,744.31,1332.71,1082.92,1351.66,982.47,888.22,706.53,834.9,780.7,971.86,1047.42,937.87,908.44,1078.37,905.15,793.59,1258.54,1153.8,750.75,926,1459.56,1499.61,1625.96,1781.24,1371.5,1086.21,662.56,860.04,866.61,783.35,973.38,1349.26,858.53,1404.85,1053.1,932.31,1051.08,1147.86,1063.21,930.55,697.06,989.04,1076.22,1255.38,1001.68,769.45,863.71,731.17,612.8,0,0,84.78,131.15,0,0,160.84,137.59,130.9,210.37,229.7,264.32,198.62,236.9,260.02,312.33,289.46,165.51,303.74,0,0,0,0,0,82.38,151.74,209.36,207.46,213.02,193.18,297.8,0,0,0,59.51,268.87,181.31,253.07,297.17,249.03,407.34,330.4,420.23,442.85,566.29,514.74,504.12,392.56,491.24,0,0,0,0,171.58,239.81,221.49,333.43,326.23,510.32,415.3,697.56,0,,585,39,,,,,,,,,,,,,,,,,,,,
0.5,0,90.59,113.97,151.62,153.01,140.37,158.44,174.36,138.48,168.55,174.23,166.4,184.09,188.26,202.03,231.34,168.42,231.47,206.32,226.41,252.32,242.59,200.64,264.82,218.07,172.08,166.9,258.25,273.04,313.47,331.91,199.5,345.43,360.59,394.46,338.86,357.31,374.87,373.48,349.73,456.62,308.79,304.5,350.74,573.49,616.83,454.85,605.58,448.66,484.54,491.24,482.9,456.49,418.46,418.84,376.89,469.13,387.89,346.44,393.32,445.63,487.83,431.6,360.09,295.53,353.14,756.95,631.61,451.94,401.4,388.52,498.94,640.45,496.42,332.92,543.04,399,527.5,504.88,646.39,474.56,653.47,464.58,641.84,549.1,858.78,773.62,597.12,530.91,489.09,679.62,484.67,780.95,891.76,699.71,694.15,771.6,733.19,513.73,699.46,526.49,402.16,666.48,750.12,535.96,678.74,789.04,1118.17,1116.15,1035.41,1068.01,899.72,768.44,1232.14,802.81,892.77,1021.52,907.17,696.68,723.84,1008.38,935.98,761.11,703.88,598.13,667.49,629.21,848.42,1170.86,520.17,563.38,645.13,673.05,813.55,577.41,797.38,706.03,1180.97,869.27,1162.9,1004.08,796.11,799.27,784.49,693.9,711.08,662.06,743.68,751.13,860.17,705.77,742.04,765.28,808.37,829.72,821.76,897.7,759.22,1028.34,1481.55,1463.6,824.67,645.63,694.15,1380.97,1550.15,1150.77,1031.75,899.09,877.73,940.15,936.36,901.49,744.31,1327.02,1082.92,1346.1,982.47,873.69,706.53,834.9,773.75,971.86,1047.42,937.87,908.44,1071.04,905.15,793.59,1254.25,1153.8,750.75,901.23,1459.56,1499.61,1617.62,1769.62,1371.5,1086.21,662.56,860.04,856.89,783.35,973.38,1342.69,851.2,1397.15,1049.19,932.31,1051.08,1147.86,1063.21,930.55,697.06,989.04,1076.22,1255.38,1001.68,769.45,863.71,731.17,612.8,0,0,84.78,131.15,0,0,160.84,134.81,130.9,210.37,229.7,264.32,198.62,233.11,260.02,312.33,289.46,165.51,303.74,0,0,0,0,0,82.38,151.74,209.36,207.46,213.02,193.18,297.8,0,0,0,56.35,268.87,181.31,253.07,297.17,249.03,407.34,330.4,420.23,442.85,566.29,514.74,504.12,392.56,491.24,0,0,0,0,166.65,239.81,221.49,333.43,326.23,510.32,408.99,697.56,0,,584.5,40,,,,,,,,,,,,,,,,,,,,
0.5,0,80.86,113.97,151.62,153.01,140.37,158.44,169.31,138.48,168.55,174.23,166.4,184.09,188.26,202.03,231.34,154.27,231.47,206.32,226.41,252.32,242.59,200.64,264.82,218.07,172.08,166.9,258.25,273.04,313.47,331.91,199.5,341.26,360.59,394.46,338.86,357.31,354.4,373.48,349.73,446.01,308.79,304.5,350.74,573.49,616.83,454.85,598.25,448.66,484.54,491.24,482.9,456.49,418.46,418.84,376.89,469.13,387.76,346.44,393.32,445.63,480.12,431.6,360.09,295.53,347.2,756.95,631.61,451.94,401.4,388.52,498.94,633.5,496.42,330.65,543.04,399,527.5,504.88,644.12,474.56,653.47,464.58,641.84,549.1,849.68,759.35,581.7,530.91,489.09,679.62,484.67,780.95,891.76,688.21,694.15,771.6,733.19,513.73,693.77,526.49,402.16,657.51,750.12,535.96,678.74,789.04,1118.17,1116.15,1021.26,1061.82,899.72,768.44,1232.14,802.81,892.77,1021.52,901.61,696.68,723.84,1008.38,935.98,761.11,703.88,598.13,667.49,629.21,844.38,1170.86,520.17,563.38,645.13,673.05,813.55,577.41,797.38,693.14,1180.97,869.27,1162.9,998.02,788.15,799.27,784.49,693.9,711.08,662.06,743.68,751.13,860.17,705.77,742.04,765.28,808.37,829.72,821.76,886.7,754.17,1024.04,1477.75,1463.6,816.33,640.71,694.15,1380.97,1550.15,1150.77,1031.75,892.01,877.73,940.15,936.36,893.65,744.31,1327.02,1074.2,1338.39,976.79,873.69,706.53,827.07,773.75,957.84,1047.42,937.87,908.06,1059.67,905.15,793.59,1254.25,1153.8,744.82,901.23,1459.56,1499.61,1596.02,1769.62,1371.5,1086.21,657.89,860.04,856.89,770.34,973.38,1342.69,846.15,1397.15,1049.19,928.78,1051.08,1147.86,1057.02,930.55,692.38,989.04,1076.22,1239.97,1001.68,762.88,863.71,731.17,612.8,0,0,84.78,131.15,0,0,160.84,134.81,130.9,210.37,229.7,257.24,198.62,233.11,260.02,312.33,289.46,165.51,301.46,0,0,0,0,0,82.38,151.74,197.99,207.46,213.02,191.54,291.86,0,0,0,56.35,268.87,181.31,253.07,297.17,249.03,407.34,330.4,420.23,442.85,566.29,507.79,504.12,392.56,491.24,0,0,0,0,166.65,233.24,221.49,333.43,326.23,510.32,408.99,697.56,0,,584,41,,,,,,,,,,,,,,,,,,,,
0.5,0,70.75,113.97,151.62,152.37,140.37,158.44,169.31,138.48,168.55,169.18,166.4,184.09,188.26,202.03,231.34,154.27,231.47,206.32,226.41,252.32,242.59,200.64,264.82,218.07,172.08,159.32,256.86,273.04,313.47,322.06,199.5,329.89,360.59,384.35,337.47,357.31,354.4,362.74,340.51,446.01,308.79,304.5,350.74,573.49,616.83,447.77,598.25,434.38,473.93,482.27,474.43,456.49,404.31,418.84,376.89,460.79,387.76,346.44,393.32,445.63,480.12,431.6,360.09,295.53,347.2,756.95,631.61,451.94,401.4,377.4,498.94,633.5,496.42,324.46,534.45,396.6,524.09,504.88,644.12,468.75,652.46,464.58,641.84,549.1,849.68,759.35,581.7,530.91,489.09,679.62,484.67,772.11,891.76,682.4,694.15,771.6,733.19,506.4,693.77,517.9,402.16,657.51,750.12,535.96,669.89,789.04,1110.72,1116.15,1021.26,1052.6,899.72,758.84,1232.14,802.81,892.77,1013.43,890.49,684.42,723.84,1000.67,935.98,761.11,696.68,598.13,660.54,629.21,844.38,1161.13,520.17,563.38,637.29,673.05,805.08,577.41,797.38,693.14,1180.97,862.7,1162.9,998.02,782.72,790.17,774.51,693.9,701.98,662.06,743.68,751.13,855.24,705.77,742.04,765.28,808.37,824.54,816.33,886.7,754.17,1024.04,1472.32,1463.6,816.33,640.71,694.15,1368.09,1542.7,1150.77,1031.75,892.01,864.59,931.68,928.9,893.65,744.31,1327.02,1074.2,1338.39,976.79,873.69,699.33,827.07,773.75,957.84,1047.42,937.87,908.06,1059.67,896.05,787.02,1254.25,1145.59,744.82,901.23,1445.79,1499.61,1596.02,1762.67,1371.5,1086.21,657.89,860.04,856.89,770.34,973.38,1334.48,846.15,1397.15,1049.19,928.78,1051.08,1142.05,1057.02,930.55,692.38,984.88,1076.22,1239.97,958.97,762.88,863.71,731.17,612.8,0,0,80.99,131.15,0,0,160.84,134.81,130.9,210.37,229.7,257.24,191.92,233.11,260.02,312.33,289.46,165.51,301.46,0,0,0,0,0,82.38,151.74,197.99,197.61,213.02,191.54,291.86,0,0,0,51.3,268.87,181.31,253.07,291.74,245.62,407.34,330.4,420.23,442.85,566.29,507.79,500.33,392.56,491.24,0,0,0,0,166.65,233.24,218.33,333.43,326.23,510.32,408.99,697.56,0,,583.5,42,,,,,,,,,,,,,,,,,,,,
0.5,0,60.27,113.97,151.62,147.83,129.63,158.44,169.31,138.48,168.55,157.3,166.4,184.09,169.05,199.63,221.23,154.27,231.47,206.32,226.41,252.32,240.94,200.64,264.82,218.07,172.08,159.32,256.86,273.04,289.59,322.06,199.5,323.07,360.59,384.35,337.47,357.31,354.4,362.74,340.51,446.01,308.79,300.07,338.61,573.49,616.83,447.77,598.25,424.53,473.93,482.27,474.43,456.49,404.31,418.84,369.19,460.79,387.76,346.44,393.32,445.63,480.12,424.15,355.16,295.53,347.2,756.95,619.86,451.94,401.4,373.36,498.94,615.06,496.42,324.46,534.45,396.6,524.09,498.57,644.12,468.75,652.46,464.58,634.89,548.98,849.68,759.35,581.7,530.91,489.09,672.04,484.67,772.11,891.76,682.4,694.15,763.52,733.19,506.4,693.77,517.9,402.16,654.48,750.12,531.92,669.89,789.04,1110.72,1104.4,1016.97,1052.6,899.72,758.84,1229.99,802.81,892.77,1013.43,890.49,684.42,718.03,993.85,929.03,753.28,696.68,598.13,660.54,629.21,844.38,1161.13,514.86,557.57,637.29,673.05,805.08,564.14,789.8,693.14,1179.7,862.7,1162.9,998.02,782.72,790.17,774.51,693.9,701.98,662.06,743.68,751.13,855.24,705.77,742.04,757.58,806.09,824.54,811.15,886.7,754.17,1024.04,1465.75,1455.77,816.33,640.71,694.15,1368.09,1542.7,1143.19,1031.75,883.92,864.59,931.68,928.9,893.65,744.31,1317.8,1063.84,1338.39,976.79,873.69,699.33,827.07,773.75,950.76,1047.42,922.71,900.85,1059.67,896.05,787.02,1250.2,1145.59,744.82,901.23,1247.68,1499.61,1596.02,1762.67,1361.52,1086.21,657.89,860.04,856.89,770.34,973.38,1334.48,838.44,1397.15,1049.19,928.78,1035.41,1142.05,1057.02,930.55,692.38,984.88,1068.77,1239.97,958.97,762.88,858.02,731.17,612.8,0,0,80.99,131.15,0,0,152.63,134.81,129.76,210.37,229.7,257.24,184.34,233.11,260.02,303.23,289.46,160.08,293.38,0,0,0,0,0,74.8,151.74,197.99,197.61,213.02,191.54,284.91,0,0,0,51.3,268.87,181.31,253.07,291.74,245.62,392.69,330.4,413.03,432.99,566.29,507.79,500.33,392.56,486.56,0,0,0,0,154.52,233.24,218.33,333.43,326.23,507.16,400.27,697.56,0,,583,43,,,,,,,,,,,,,,,,,,,,
0.5,0,60.27,113.97,151.62,147.83,129.63,158.44,169.31,138.48,168.55,157.3,157.05,162.23,169.05,187.12,221.23,154.27,231.47,203.8,226.41,247.01,240.94,200.64,264.82,218.07,172.08,159.32,252.69,273.04,289.59,322.06,199.5,323.07,360.59,384.35,337.47,349.1,354.4,362.74,340.51,435.64,308.79,300.07,338.61,573.49,616.83,447.77,598.25,424.53,473.93,477.21,474.43,456.49,400.52,413.03,369.19,455.23,381.06,341.14,370.95,445.63,480.12,424.15,355.16,281.75,347.2,756.95,619.86,451.94,401.4,373.36,494.52,615.06,496.42,324.46,534.45,396.6,514.11,498.57,637.93,468.75,652.46,464.58,634.89,548.98,842.61,759.35,581.7,520.04,479.49,651.95,484.67,772.11,876.6,682.4,694.15,763.52,719.42,506.4,690.99,517.9,402.16,654.48,740.14,531.92,669.89,789.04,1100.61,1104.4,1010.65,1041.86,884.81,758.84,1221.4,802.81,881.9,1013.43,884.43,684.42,718.03,993.85,929.03,746.46,696.68,598.13,660.54,629.21,838.94,1161.13,514.86,557.57,637.29,663.83,795.61,564.14,789.8,693.14,1179.7,862.7,1162.9,993.09,782.72,790.17,774.51,693.9,701.98,653.97,736.98,751.13,852.08,705.77,742.04,757.58,806.09,818.98,799.14,886.7,750.25,1016.71,1465.75,1447.81,814.18,640.71,690.49,1368.09,1536.63,1139.65,1023.03,883.92,864.59,931.68,921.83,888.85,744.31,1317.8,1056.89,1338.39,976.79,873.69,687.08,827.07,773.75,950.76,1047.42,922.71,900.85,1059.67,896.05,787.02,1250.2,1145.59,744.82,901.23,1247.68,1492.79,1580.73,1762.67,1356.08,1086.21,657.89,853.1,849.18,770.34,967.57,1321.08,833.01,1397.15,1049.19,928.78,1028.97,1142.05,1057.02,930.55,692.38,984.88,1068.77,1239.97,955.44,762.88,858.02,731.17,612.8,0,0,80.99,131.15,0,0,152.63,134.81,129.76,210.37,223.76,257.24,184.34,233.11,260.02,295.27,287.06,160.08,293.38,0,0,0,0,0,74.8,151.74,197.99,197.61,213.02,185.98,284.91,0,0,0,47.63,268.87,181.31,253.07,291.74,245.62,392.69,330.4,405.07,432.99,566.29,507.79,500.33,392.56,480.12,0,0,0,0,154.52,233.24,218.33,333.43,317.89,499.96,400.27,697.56,0,,582.5,44,,,,,,,,,,,,,,,,,,,,
0.5,0,39.93,103.86,141.76,147.83,129.63,156.92,169.31,138.48,168.55,157.3,157.05,162.23,169.05,187.12,218.2,154.27,222.75,203.8,226.41,241.2,240.94,200.64,264.82,218.07,172.08,152.12,252.69,273.04,289.59,322.06,199.5,323.07,360.59,384.35,328,349.1,354.4,358.7,340.51,425.66,308.79,300.07,338.61,557.7,616.83,447.77,598.25,424.53,473.93,459.65,474.43,446.38,400.52,405.19,360.72,455.23,381.06,341.14,370.95,434.25,480.12,424.15,355.16,281.75,347.2,756.95,619.86,451.94,394.58,373.36,491.49,611.52,488.08,324.46,534.45,383.97,514.11,498.57,637.93,468.75,649.93,457,634.89,548.98,842.61,759.35,581.7,520.04,469.51,651.95,484.67,772.11,876.6,682.4,694.15,763.52,719.42,506.4,690.99,508.67,402.16,654.48,740.14,531.92,663.45,783.23,1100.61,1062.96,995.61,1033.77,884.81,758.84,1214.45,802.81,881.9,1013.43,882.79,684.42,718.03,986.26,929.03,746.46,696.68,598.13,652.71,629.21,835.03,1161.13,514.86,557.57,637.29,663.83,795.61,564.14,785.12,689.85,1179.7,854.48,1162.9,993.09,782.72,790.17,767.56,688.97,701.98,653.97,736.98,751.13,852.08,705.77,729.4,746.21,806.09,818.98,799.14,880.26,747.09,1016.71,1465.75,1441.87,814.18,640.71,690.49,1368.09,1536.63,1139.65,1015.58,883.92,864.59,931.68,921.83,888.85,737.61,1317.8,1051.84,1330.94,972.11,873.69,687.08,827.07,773.75,950.76,1037.69,918.42,900.85,1059.67,896.05,779.43,1250.2,1132.57,744.82,901.23,1239.97,1486.22,1580.73,1762.67,1356.08,1086.21,643.49,853.1,849.18,770.34,967.57,1321.08,833.01,1397.15,1049.19,925.87,1028.97,1136.49,1057.02,930.55,692.38,984.88,1068.77,1239.97,948.36,762.88,858.02,731.17,612.8,0,0,80.99,131.15,0,0,152.63,134.81,129.76,200.13,217.7,257.24,184.34,233.11,251.81,295.27,287.06,160.08,293.38,0,0,0,0,0,74.8,151.74,197.99,197.61,200.89,185.98,284.91,0,0,0,47.63,261.41,181.31,247.01,283.27,245.62,392.69,330.4,405.07,432.99,566.29,507.79,500.33,392.56,480.12,0,0,0,0,154.52,233.24,211.5,333.43,317.89,499.96,400.27,697.56,0,,582,45,,,,,,,,,,,,,,,,,,,,
0.5,0,39.93,103.86,131.53,147.83,129.63,156.92,169.31,135.06,168.55,157.3,157.05,162.23,169.05,187.12,218.2,154.27,222.75,203.8,226.41,241.2,240.94,200.64,264.82,218.07,172.08,152.12,250.29,269.62,289.59,322.06,199.5,323.07,360.59,384.35,328,340.63,354.4,358.7,340.51,425.66,298.31,296.92,338.61,557.7,611.14,447.77,598.25,424.53,473.93,454.47,474.43,446.38,400.52,405.19,360.72,455.23,381.06,341.14,370.95,434.25,480.12,424.15,355.16,281.75,338.36,756.95,605.45,439.94,394.58,369.06,491.49,611.52,488.08,324.46,534.45,383.97,514.11,498.57,637.93,468.75,637.17,457,634.89,548.98,842.61,750.88,581.7,520.04,461.8,651.95,484.67,760.99,876.6,678.48,694.15,763.52,719.42,506.4,690.99,508.67,402.16,654.48,740.14,526.61,663.45,783.23,1094.04,1062.96,985.63,1033.77,884.81,758.84,1207.12,798.01,881.9,1004.59,879.38,684.42,711.59,978.43,929.03,746.46,696.68,591.3,652.71,629.21,835.03,1155.7,514.86,557.57,637.29,663.83,795.61,557.57,785.12,689.85,1179.7,854.48,1162.9,984.75,782.72,790.17,767.56,688.97,701.98,653.97,722.58,751.13,852.08,700.59,716.01,746.21,806.09,818.98,799.14,880.26,737.99,1016.71,1465.75,1361.77,814.18,637.55,690.49,1360.13,1528.29,1139.65,1015.58,878.74,864.59,931.68,921.83,888.85,737.61,1317.8,1051.84,1325.25,972.11,873.69,687.08,827.07,773.75,950.76,1037.69,918.42,900.85,1054.75,896.05,779.43,1238.45,1132.57,744.82,901.23,1239.97,1486.22,1580.73,1757.11,1348.75,1084.56,643.49,848.93,849.18,770.34,967.57,1321.08,833.01,1393.86,1049.19,925.87,1028.97,1136.49,1051.59,930.55,692.38,984.88,1068.77,1239.97,948.36,754.17,858.02,731.17,612.8,0,0,73.66,131.15,0,0,152.63,134.81,129.76,200.13,217.7,257.24,176.76,233.11,251.81,295.27,275.44,160.08,293.38,0,0,0,0,0,74.8,151.74,197.99,197.61,200.89,185.98,284.91,0,0,0,37.53,250.42,181.31,247.01,283.27,245.62,392.69,325.34,405.07,424.65,544.81,499.7,494.77,392.56,471.91,0,0,0,0,154.52,233.24,211.5,326.35,317.89,499.96,400.27,689.35,0,,581.5,46,,,,,,,,,,,,,,,,,,,,
0.5,0,39.93,93.62,131.53,139.23,129.63,150.23,159.07,135.06,168.55,157.3,154.27,162.23,169.05,181.31,218.2,154.27,222.75,203.8,226.41,241.2,228.94,186.24,264.82,218.07,172.08,152.12,250.29,240.56,289.59,322.06,199.5,323.07,360.59,374.37,324.08,340.63,354.4,354.15,332.55,395.21,298.31,296.92,338.61,557.7,611.14,447.77,598.25,418.08,467.61,454.47,468.87,441.33,393.07,405.19,354.28,455.23,381.06,341.14,370.95,434.25,472.79,424.15,351.75,281.75,338.36,756.95,605.45,430.84,394.58,369.06,491.49,611.52,488.08,324.46,534.45,383.97,514.11,498.44,637.93,468.75,637.17,457,624.03,548.98,832.12,750.88,574.37,520.04,453.46,648.54,484.67,760.99,876.6,675.2,694.15,763.52,714.75,506.4,690.99,508.67,402.16,654.48,740.14,526.61,655.36,783.23,1094.04,1062.96,985.63,1029.22,869.14,744.69,1207.12,798.01,874.45,1004.59,879.38,684.42,711.59,978.43,929.03,746.46,696.68,586.76,652.71,613.04,835.03,1155.7,514.86,551.76,630.85,663.83,795.61,557.57,785.12,689.85,1179.7,854.48,1162.9,984.75,782.72,783.23,767.56,688.97,701.98,653.97,722.58,742.67,852.08,700.59,716.01,746.21,806.09,812.92,794.22,880.26,729.91,1016.71,1458.04,1360.13,814.18,637.55,690.49,1360.13,1521.34,1139.65,1015.58,878.74,864.59,924.86,921.83,881.14,734.83,1311.99,1043.12,1325.25,972.11,865.35,687.08,827.07,762.38,950.76,1037.69,918.42,900.85,1054.75,896.05,779.43,1238.45,1132.57,744.82,901.23,1239.97,1486.22,1573.9,1745.23,1338.27,1084.56,643.49,848.93,843.49,770.34,967.57,1283.81,819.11,1393.86,1049.19,925.87,1028.97,1136.49,1051.59,930.55,692.38,984.88,1068.77,1231.63,948.36,754.17,853.22,731.17,612.8,0,0,73.66,131.15,0,0,152.63,134.81,129.76,200.13,217.7,247.01,176.76,233.11,251.81,295.27,275.44,160.08,293.38,0,0,0,0,0,66.08,144.04,197.99,195.59,200.89,185.98,284.91,0,0,0,37.53,250.42,169.68,241.58,283.27,241.32,392.69,325.34,405.07,424.65,544.81,499.7,494.77,392.56,471.91,0,0,0,0,154.52,233.24,211.5,326.35,317.89,499.96,400.27,681.52,0,,581,47,,,,,,,,,,,,,,,,,,,,
0.5,0,39.93,93.62,131.53,129.88,113.59,150.23,159.07,135.06,168.55,157.3,154.27,152.37,169.05,181.31,218.2,153.13,222.75,203.8,216.43,241.2,228.94,186.24,264.82,218.07,172.08,144.29,242.46,240.56,289.59,312.96,194.57,315.87,360.59,374.37,324.08,340.63,344.04,354.15,322.94,386.87,298.31,296.92,331.91,557.7,606.97,447.77,585.62,418.08,456.49,440.7,468.87,441.33,393.07,405.19,354.28,455.23,376.64,334.82,355.67,431.35,472.79,414.67,351.75,278.85,338.36,756.95,605.45,430.84,394.58,369.06,491.49,603.43,488.08,324.46,534.45,383.97,499.45,498.44,637.93,466.22,637.17,450.43,624.03,548.98,832.12,750.88,574.37,520.04,443.35,648.54,484.67,760.99,876.6,672.67,694.15,759.47,714.75,499.7,681.14,508.67,402.16,646.52,740.14,523.71,655.36,777.54,1094.04,1062.96,977.17,1029.22,863.83,744.69,1207.12,798.01,874.45,993.09,874.07,677.47,711.59,969.33,923.72,739.64,696.68,586.76,652.71,613.04,827.32,1155.7,514.86,551.76,624.79,653.85,790.81,557.57,785.12,689.85,1168.08,854.48,1154.94,984.75,773.62,783.23,760.74,688.97,701.98,652.71,722.58,741.66,844.12,697.69,716.01,746.21,806.09,812.92,794.22,870.66,720.18,1016.71,1458.04,1360.13,814.18,637.55,685.81,1360.13,1510.61,1126.51,1011.53,878.74,852.84,924.86,914.37,881.14,734.83,1299.98,1043.12,1325.25,972.11,865.35,682.4,827.07,762.38,937.24,1037.69,918.42,900.85,1054.75,885.69,779.43,1227.34,1127.39,740.27,884.68,1233.91,1486.22,1573.9,1745.23,1338.27,1080.14,643.49,848.93,843.49,757.32,967.57,1283.81,819.11,1393.86,1049.19,925.87,1028.97,1136.49,1035.41,925.37,692.38,974.01,1059.67,1231.63,948.36,754.17,853.22,731.17,612.8,0,0,73.66,131.15,0,0,152.63,134.81,129.76,190.78,217.7,247.01,170.19,221.99,251.81,295.27,275.44,160.08,293.38,0,0,0,0,0,66.08,144.04,197.99,195.59,200.89,185.98,284.91,0,0,0,37.53,243.72,169.68,241.58,283.27,241.32,392.69,325.34,405.07,424.65,544.81,499.7,494.77,382.33,471.91,0,0,0,0,150.86,233.24,211.5,326.35,317.89,499.96,400.27,681.52,0,,580.5,48,,,,,,,,,,,,,,,,,,,,
0.5,0,39.93,93.62,131.53,129.88,113.59,150.23,159.07,134.69,168.55,147.32,154.27,152.37,161.35,171.33,213.65,145.55,222.75,198.36,216.43,236.14,228.94,186.24,264.82,218.07,172.08,144.29,242.46,240.56,289.59,312.96,194.57,315.87,360.59,374.37,324.08,340.63,334.06,354.15,322.94,375.38,291.23,296.92,331.91,557.7,606.97,447.77,585.62,418.08,456.49,430.21,468.87,431.22,393.07,402.04,348.47,447.02,376.64,334.82,355.67,426.67,463.95,414.67,351.75,278.85,338.36,747.47,605.45,430.84,394.58,369.06,483.66,603.43,488.08,316.37,534.45,383.97,499.45,498.44,637.93,466.22,637.17,450.43,624.03,548.98,832.12,726.12,574.37,511.96,431.48,648.54,484.67,760.99,870.66,664.71,694.15,759.47,714.75,496.42,681.14,505.89,402.16,646.52,740.14,523.71,655.36,777.54,1047.42,1062.96,968.83,1029.22,853.47,744.69,1203.96,798.01,868.64,993.09,866.36,677.47,704.26,969.33,917.66,739.64,693.39,586.76,650.69,613.04,827.32,1146.47,508.04,551.76,624.79,653.85,787.9,557.57,785.12,668.5,1161.76,851.33,1154.94,979.06,773.62,783.23,760.74,683.66,694.4,652.71,710.83,741.66,837.55,697.69,716.01,746.21,806.09,812.92,794.22,868.38,713.48,1010.02,1458.04,1360.13,806.6,637.55,685.81,1360.13,1510.61,1126.51,1004.33,878.74,852.84,924.86,914.37,881.14,734.83,1296.32,1043.12,1321.21,972.11,865.35,682.4,821.38,762.38,937.24,1037.69,918.42,900.85,1044.64,885.69,773.75,1227.34,1127.39,740.27,884.68,1233.91,1486.22,1573.9,1745.23,1338.27,1080.14,643.49,848.93,843.49,757.32,967.57,1283.81,814.31,1393.86,1043.37,922.71,1021.14,1136.49,1035.41,925.37,692.38,974.01,1059.67,1231.63,936.11,754.17,844.12,729.02,612.8,0,0,57.74,131.15,0,0,152.63,132.79,129.76,190.78,217.7,238.29,170.19,221.99,251.81,295.27,275.44,160.08,293.38,0,0,0,0,0,66.08,144.04,189.27,195.59,200.89,183.46,284.91,0,0,0,34.37,243.72,165.64,241.58,283.27,241.32,392.69,325.34,405.07,424.65,544.81,499.7,494.77,382.33,471.91,0,0,0,0,150.86,233.24,211.5,326.35,317.89,499.96,391.8,681.52,0,,580,49,,,,,,,,,,,,,,,,,,,,
2,0,20.22,87.18,121.17,124.58,113.59,134.94,159.07,131.78,152.63,138.98,150.23,152.37,151.11,171.33,213.65,142.39,222.75,188.13,202.28,230.96,220.22,180.68,264.82,218.07,172.08,144.29,223,231.85,279.35,292.62,185.35,315.87,353.27,357.06,313.34,325.47,334.06,339.37,322.94,353.65,291.23,294.01,331.91,543.54,606.97,438.93,578.04,412.14,456.49,387.76,457.88,408.61,382.58,395.34,325.85,440.45,372.22,326.99,346.82,418.97,463.95,414.67,351.75,272.28,321.43,745.83,582.33,420.48,387.76,361.48,481.13,591.94,465.59,316.37,527.37,382.83,477.59,483.02,621.5,466.22,637.17,422.38,612.53,544.68,804.07,720.43,563.26,505.64,389.02,636.92,484.67,746.46,870.66,637.67,667.62,739.51,708.05,496.42,665.85,482.27,389.53,627.57,732.69,511.58,635.02,769.2,987.78,1046.41,948.99,1011.66,827.83,734.96,1187.54,783.23,860.17,988.41,841.22,669.64,691.5,953.92,910.33,723.97,682.02,586.76,648.67,613.04,819.23,1136.62,500.21,539.88,619.23,646.01,747.47,557.57,782.85,668.5,1161.76,851.33,1143.82,970.98,765.79,760.23,753.28,681.14,694.4,647.78,702.36,741.66,837.55,693.65,712.98,727.63,788.41,796.37,794.22,863.58,710.07,1008.75,1440.61,1346.1,798.89,635.9,682.91,1342.94,1485.21,1120.82,998.14,870.15,832.5,918.04,908.44,873.44,734.83,1286.97,1036.55,1315.53,956.32,852.08,674.95,817.47,753.66,920.06,1026.06,907.05,892.52,1044.64,869.77,773.75,1227.34,1127.39,735.72,878.11,1226.45,1469.42,1551.67,1732.98,1321.08,1080.14,643.49,848.93,834.52,757.32,967.57,1267.13,751.26,1387.29,1041.98,919.05,1011.79,1129.29,998.65,925.37,687.33,968.96,1053.99,1218.74,936.11,747.97,839.2,729.02,612.8,0,0,57.74,131.15,0,0,140.5,130.9,129.76,190.78,200.89,238.29,163.37,219.59,231.47,295.27,263.81,150.1,277.58,0,0,0,0,0,56.35,136.96,182.82,195.59,200.51,176.51,275.69,0,0,0,34.37,240.44,165.64,230.08,265.71,238.54,378.41,324.33,405.07,410.88,544.81,490.48,490.98,382.33,471.91,0,0,0,0,144.54,217.57,207.59,320.8,310.06,492.12,391.8,681.52,0,,578,50,,,,,,,,,,,,,,,,,,,,
2,0,0,77.45,80.74,124.58,103.98,121.55,148.84,128.37,152.63,128.87,150.23,130.14,142.77,151.49,203.67,135.06,197.35,181.94,192.3,220.6,209.99,180.68,261.29,215.8,164.88,135.95,219.46,231.85,279.35,291.99,185.35,294.01,326.48,347.08,302.85,322.06,324.08,329.13,312.71,333.3,274.43,294.01,325.22,521.94,595.22,434,572.35,403.68,440.82,357.31,450.68,394.2,370.32,387.38,319.41,428.82,366.91,321.55,331.79,412.4,444.11,405.57,348.09,261.29,321.43,745.83,575.01,402.42,387.13,352.63,468.49,561.23,458.77,316.37,527.37,375.12,468.49,477.84,621.5,455.48,625.67,408.1,603.18,544.68,791.44,695.67,554.16,498.19,360.47,636.92,473.68,741.91,851.96,588.27,667.62,739.51,700.47,488.46,659.66,474.18,383.34,627.57,725.86,511.58,618.47,765.03,935.47,1033.39,926.76,1011.66,788.91,731.8,1187.54,783.23,848.55,970.47,836.92,669.64,691.5,939.77,901.49,713.86,682.02,576.4,626.3,600.4,805.34,1124.24,493.26,530.78,609.37,638.05,747.47,542.03,765.41,655.74,1154.18,831.11,1135.99,958.85,758.84,760.23,743.17,671.03,689.22,647.78,694.02,734.83,822.14,693.65,697.18,720.43,788.41,789.04,777.67,853.85,701.73,1001.43,1432.78,1338.14,798.89,635.9,678.74,1342.94,1470.55,1100.86,991.19,870.15,824.16,909.57,901.99,873.44,727.25,1283.56,1024.8,1308.7,956.32,852.08,672.42,817.47,742.92,911.09,1011.41,898.2,889.99,1027.96,869.77,773.75,1211.04,1112.61,735.72,871.29,1226.45,1469.42,1527.91,1710.99,1285.45,1071.68,643.49,830.86,834.52,746.33,960.36,1251.85,741.78,1378.7,1041.98,915.13,1005.47,1121.33,992.58,925.37,687.33,956.95,1053.99,1206.11,906.03,738.5,824.16,729.02,612.8,0,0,57.74,130.26,0,0,140.5,126.47,128.62,190.78,200.89,233.24,142.65,219.59,221.61,279.48,263.81,150.1,273.41,0,0,0,0,0,39.93,129.25,168.67,181.31,200.51,176.51,262.8,0,0,0,0,233.49,163.62,230.08,258.76,234.75,366.15,319.03,386.62,410.88,533.56,490.48,490.98,382.33,466.22,0,0,0,0,134.69,217.57,199.75,320.8,302.98,484.92,391.8,681.52,0,,576,51,,,,,,,,,,,,,,,,,,,,
2,0,0,67.85,70.63,96.4,103.98,104.49,148.84,118.13,152.63,128.87,136.96,121.04,132.66,138.98,187.88,134.81,197.35,181.94,186.36,206.58,199.88,166.4,261.29,203.55,164.88,117.76,211.76,231.85,267.86,281.25,182.7,294.01,326.48,336.71,298.94,322.06,314.1,329.13,300.83,302.85,274.43,287.57,311.57,512.46,584.99,426.55,572.35,403.68,440.82,343.03,447.9,376.64,359.96,378.28,312.58,422,366.79,311.19,313.85,401.53,437.29,397.49,348.09,261.29,318.14,737.36,567.68,389.28,381.57,345.05,461.8,524.97,447.77,316.37,524.59,371.21,455.73,462.05,617.84,449.16,625.67,408.1,603.18,540.89,770.21,674.69,540.64,491.87,353.77,622.64,470.26,729.02,851.96,554.79,641.08,732.56,685.94,485.43,647.78,466.22,383.34,621.5,725.86,498.69,612.15,732.81,909.95,1025.05,920.31,1000.04,775.77,715.76,1169.72,771.22,827.32,953.92,827.07,652.96,677.22,902.62,894.41,700.97,682.02,569.57,618.97,600.4,787.39,1116.28,479.11,530.78,603.69,628.2,726.24,535.21,758.33,643.86,1146.98,831.11,1135.99,958.85,750.63,750.12,735.09,671.03,689.22,639.7,694.02,734.83,822.14,690.99,697.18,717.27,787.52,780.82,777.67,841.47,696.93,994.98,1418.75,1327.15,796.87,627.06,646.27,1323.74,1449.83,1088.48,975.15,857.77,811.15,901.11,887.08,865.86,727.25,1274.84,1016.97,1297.84,956.32,843.62,661.05,797.38,735.85,904.9,1011.41,898.2,889.99,1021.14,864.47,773.75,1207.88,1107.18,729.4,859.03,1217.73,1456.15,1504.41,1700,1258.29,1071.68,610,830.86,834.52,746.33,960.36,1236.05,706.15,1372.13,1022.53,908.18,997.13,1115.52,992.58,920.56,687.33,956.95,1038.95,1196.63,899.09,723.08,824.16,724.73,612.8,0,0,51.42,130.26,0,0,122.3,121.42,128.62,178.91,193.18,216.18,138.22,213.02,189.14,271.52,256.23,142.14,262.68,0,0,0,0,0,22.87,120.16,168.67,181.31,200.51,171.07,262.8,0,0,0,0,221.49,163.62,216.56,255.47,226.29,356.3,315.99,386.62,390.54,521.18,479.11,480.5,372.85,466.22,0,0,0,0,127.36,217.57,199.75,313.85,302.98,478.35,377.27,679.62,0,,574,52,,,,,,,,,,,,,,,,,,,,
2,0,0,57.74,0,96.4,103.98,97.67,140.12,108.28,141.26,108.78,130.52,111.82,121.55,131.15,171.33,132.16,197.35,161.72,186.36,206.58,199.88,166.4,261.29,203.55,164.88,105.5,200.51,221.61,267.86,276.83,182.7,294.01,326.48,336.71,287.44,301.84,314.1,309.3,290.85,286.81,271.52,287.57,311.57,506.78,577.91,426.55,548.6,397.87,426.93,343.03,425.66,366.41,352.13,371.97,310.94,410.38,366.79,311.19,313.85,393.57,428.7,397.49,343.16,252.32,304.12,728.64,548.85,379.29,379.67,343.03,461.8,508.04,431.22,309.3,524.59,371.21,443.73,462.05,615.56,449.16,619.1,385.48,584.23,538.87,759.35,650.69,526.11,485.3,348.84,609.37,457,722.58,837.93,541.9,630.72,716.89,685.94,479.36,633.5,457.88,383.34,603.31,725.86,496.16,598.38,732.81,895.04,1010.27,905.15,993.97,775.77,709.31,1153.93,771.22,817.34,950.64,810.39,652.96,669.01,887.46,885.44,692.51,665.09,548.09,607.73,589.41,772.11,1103.77,473.3,521.81,603.69,620.87,713.48,528.51,751.01,643.86,1139.9,826.44,1121.33,952.15,737.87,738.75,719.04,663.45,665.72,639.7,676.71,726.24,814.56,690.99,687.83,698.07,768.44,773.75,764.02,834.02,693.52,994.98,1410.92,1303.27,781.84,627.06,646.27,1323.74,1443.01,1080.52,967.31,854.74,798.26,892.64,879.63,865.86,718.03,1265.74,1016.97,1291.01,935.98,827.83,655.24,793.46,727.63,890.49,1004.96,889.61,889.99,1004.21,864.47,756.31,1181.72,1099.6,716.89,859.03,1198.78,1448.32,1486.47,1684.84,1203.33,1063.46,610,830.86,821.76,733.95,950.13,1213.06,706.15,1362.91,1022.53,904.27,988.29,1105.66,981.97,920.56,678.48,949.75,1038.95,1188.8,890.24,711.71,799.02,724.73,612.8,0,0,51.42,130.26,0,0,122.3,114.72,121.04,173.35,177.14,208.22,138.22,209.23,182.82,271.52,248.65,142.14,257.37,0,0,0,0,0,0,116.49,150.86,181.31,200.51,171.07,262.8,0,0,0,0,209.23,143.91,212.01,240.69,222.12,356.3,315.99,378.16,390.54,517.39,479.11,480.5,371.59,453.08,0,0,0,0,120.41,217.57,193.69,313.85,302.98,466.47,377.27,667.37,0,,572,53,,,,,,,,,,,,,,,,,,,,
2,0,0,47.63,0,89.71,90.46,90.34,128.87,100.57,141.26,98.93,120.41,93.62,121.55,121.29,151.36,117.63,197.35,161.72,161.72,196.72,199.88,166.4,251.3,203.55,164.12,90.34,190.78,211.25,267.86,261.54,177.77,282.89,301.97,316.25,277.21,301.46,284.03,309.3,282.39,274.43,271.52,277.84,304.88,487.45,566.03,419.22,548.6,390.16,423.26,334.44,418.34,346.44,341.39,366.66,310.94,401.53,362.74,297.04,312.33,369.94,415.18,384.35,326.23,246.25,304.12,717.27,542.16,372.98,371.08,323.45,448.28,485.17,424.91,308.92,517.52,369.31,424.78,451.56,606.84,444.36,616.45,380.05,578.54,538.87,751.01,642.98,526.11,472.03,336.08,609.37,457,710.45,831.49,531.54,613.92,634.26,663.2,479.36,629.59,449.54,376.89,603.31,720.05,481.13,590.8,705.14,874.7,995.11,889.74,971.48,760.23,694.02,1139.02,748.35,802.18,927.51,793.21,645.38,655.11,872.17,876.85,685.81,653.72,548.09,607.73,582.08,764.78,1087.85,473.3,515.5,583.6,620.87,658.77,528.51,745.19,617.96,1133.59,826.44,1121.33,948.74,737.87,729.15,699.84,660.67,665.72,630.47,676.71,717.65,814.56,690.99,659.15,696.17,768.44,765.28,764.02,825.68,693.52,981.59,1401.19,1274.08,781.84,627.06,646.27,1314.01,1421.91,1060.94,943.81,851.33,788.28,879,871.79,853.73,701.73,1245.02,995.61,1282.93,935.98,827.83,642.6,793.46,721.19,881.65,997.26,879.63,884.05,999.28,849.43,756.31,1178.31,1083.17,711.71,838.57,1198.78,1433.66,1469.54,1662.47,1202.19,1063.46,594.46,814.31,821.76,733.95,942.68,1201.56,680.38,1354.57,1022.53,904.27,981.46,1099.98,971.36,920.56,667.11,936.74,1028.46,1156.33,881.65,701.23,799.02,714.37,612.8,0,0,51.42,105.5,0,0,122.3,114.72,121.04,165.89,169.81,208.22,124.7,202.03,178.28,260.65,245.74,128.12,244.99,0,0,0,0,0,0,100.45,150.86,169.68,186.49,164.5,256.23,0,0,0,0,172.46,143.91,208.22,233.24,222.12,338.61,308.54,366.66,374.49,513.85,467.48,471.02,368.43,446.76,0,0,0,0,112.7,213.78,193.69,305.25,293.63,466.47,377.27,667.37,0,,570,54,,,,,,,,,,,,,,,,,,,,
2,0,0,0,0,69.62,70.63,90.34,120.79,90.34,131.15,94.63,120.41,93.62,115.73,111.19,141.26,117.63,168.42,141.51,161.72,184.47,176.25,166.4,229.83,203.55,160.71,90.34,186.11,201.4,243.72,251.3,177.77,276.32,301.97,316.25,266.59,301.46,284.03,289.84,272.15,274.43,262.55,277.84,295.65,456.11,559.46,399.89,539.63,379.93,403.93,325.6,393.95,317.76,341.39,361.1,306.01,401.53,362.74,288.7,299.57,369.94,401.91,384.35,326.23,245.49,287.82,714.11,522.82,364.76,365.77,323.45,441.58,463.69,407.6,302.35,517.52,366.41,421.49,443.35,606.84,440.07,608.23,365.52,563.51,524.72,734.2,627.19,508.93,464.07,336.08,591.68,444.36,710.45,818.22,492.5,607.1,634.26,663.2,470.9,619.73,440.57,367.42,588.9,710.2,469.63,578.67,693.9,850.95,973.38,851.96,931.94,752.65,684.3,1128.53,735.21,786.89,901.99,772.23,635.78,655.11,845.14,876.85,674.19,653.72,534.7,587.64,572.23,749.24,1078.5,458.26,506.78,583.6,609.88,658.77,509.3,743.8,607.48,1121.08,818.73,1106.93,932.82,722.2,720.68,678.1,640.71,665.72,630.47,666.73,717.65,787.77,678.74,636.41,673.3,760.61,756.82,759.35,825.68,689.98,970.98,1380.21,1262.84,779.43,622.76,608.23,1301.5,1414.2,1055.12,940.02,844.25,771.85,870.53,864.34,846.02,692.63,1231.38,995.61,1275.35,935.98,814.94,642.6,776.53,714.24,862.19,972.62,872.3,884.05,987.91,849.43,756.31,1166.69,1083.17,711.71,838.57,1189.68,1433.66,1462.85,1654.01,1190.95,1054.24,594.46,814.31,806.6,715.76,942.68,1174.52,680.38,1340.92,1008.88,897.7,981.46,1079.64,965.92,920.56,663.7,932.95,1025.43,1142.18,869.39,701.23,791.19,714.37,612.8,0,0,51.42,105.5,0,0,104.36,93.62,118.39,156.42,156.92,196.85,121.8,191.79,168.67,252.57,239.55,128.12,244.99,0,0,0,0,0,0,90.21,146.31,169.68,186.49,160.84,256.23,0,0,0,0,75.68,143.91,191.42,227.55,216.43,338.61,296.92,359.2,364.51,508.04,462.68,466.47,349.73,446.76,0,0,0,0,57.74,204.81,186.74,299.95,293.63,447.39,360.09,667.37,0,,568,55,,,,,,,,,,,,,,,,,,,,
2,0,0,0,0,59.38,70.63,80.74,103.35,80.23,111.56,84.27,109.54,83.64,115.73,90.97,131.27,117.63,158.44,131.4,161.72,184.47,176.25,160.46,229.83,203.55,160.71,89.58,179.67,171.58,243.72,231.34,177.77,271.77,293.88,302.98,266.59,301.46,273.79,289.84,272.15,259.52,262.04,277.84,288.32,449.54,554.28,399.89,532.17,373.48,390.54,325.6,380.18,309.93,326.99,352.76,294.01,379.55,357.69,272.4,295.53,358.83,401.91,377.02,316.75,245.49,287.82,706.03,516.25,353.77,362.24,323.45,422.63,443.23,397.61,302.35,511.96,358.07,408.61,435.27,599.9,433.5,600.02,355.16,549.36,523.58,696.42,598.51,501.85,451.69,336.08,586,444.36,707.54,798.64,492.5,585.24,627.06,656.75,470.9,604.32,429.07,351.88,579.68,710.2,460.03,558.71,667.49,840.97,924.61,799.27,886.96,745.45,684.3,1121.33,709.44,779.81,897.06,761.62,627.94,637.55,804.83,865.22,667.37,644.24,534.7,580.06,572.23,733.95,1069.4,453.33,506.78,583.6,594.46,488.33,509.3,734.71,599.64,1110.59,812.54,1106.93,924.23,718.03,707.04,674.69,633.63,655.24,612.78,657.76,717.65,787.77,672.55,619.23,665.6,760.61,751.39,751.26,811.02,685.56,970.98,1372.76,1252.23,766.93,622.76,608.23,1286.47,1397.52,1047.54,927.01,836.8,758.59,863.83,852.34,838.44,686.57,1219.75,988.03,1260.56,920.82,802.18,623.78,776.53,702.62,858.78,972.62,857.39,883.29,980.07,845.14,750.12,1158.1,1067.13,699.84,831.49,1189.68,1419.38,1439.72,1634.68,1181.09,1054.24,584.73,814.31,791.19,709.82,942.68,1153.55,680.38,1326.77,1008.88,893.4,963.65,1071.68,965.92,915.26,663.7,923.22,1013.81,1125.88,863.46,695.79,777.54,706.66,612.8,0,0,50.29,105.5,0,0,104.36,93.62,118.39,148.84,141.51,184.47,114.34,188.89,161.09,247.39,231.72,124.07,244.99,0,0,0,0,0,0,82.88,101.46,160.33,186.49,157.18,255.35,0,0,0,0,0,110.93,191.42,221.61,204.93,326.1,296.92,359.2,364.51,496.42,458.01,466.47,349.73,442.21,0,0,0,0,57.74,204.81,186.74,299.95,287.44,447.39,360.09,663.2,0,,566,56,,,,,,,,,,,,,,,,,,,,
2,0,0,0,0,29.82,70.63,20.22,74.42,80.23,47.13,84.27,109.54,60.77,91.85,73.28,121.17,107.65,148.46,120.79,151.74,178.91,166.02,136.33,220.73,203.55,145.93,84.02,177.64,171.58,242.21,221.11,164.5,258.51,283.14,284.66,252.57,272.28,273.67,279.99,241.7,259.52,262.04,273.41,283.02,441.2,531.04,392.05,524.72,358.07,378.28,320.54,360.34,295.15,319.03,342.15,294.01,379.55,357.69,265.33,282.26,347.83,375.63,377.02,309.8,241.95,287.82,699.84,509.81,337.47,353.9,313.72,422.63,435.27,397.61,299.06,505.51,358.07,399.26,435.27,588.15,426.42,593.45,343.66,533.56,523.58,696.42,574.63,494.65,443.98,330.65,568.18,444.36,707.54,780.7,447.39,578.16,608.49,636.66,470.9,589.66,426.29,342.02,571.59,701.86,447.39,551.38,656.75,816.08,882.53,750.38,849.94,695.54,661.93,1116.15,709.44,770.84,877.48,754.8,627.94,637.55,782.59,865.22,654.1,644.24,516,553.02,563.38,718.03,1053.1,451.44,494.9,562.37,586.63,483.28,494.27,730.66,595.98,1094.29,804.96,1095.68,917.28,718.03,698.95,662.44,621.63,655.24,608.49,652.71,716.64,787.77,656.88,611.27,655.61,736.22,746.46,741.78,811.02,684.55,957.58,1368.46,1235.55,766.93,615.94,600.02,1286.47,1381.98,1033.9,915.38,828.84,734.83,856.51,845.51,838.44,686.57,1202.7,975.4,1245.66,909.19,798.77,620.49,763.77,702.62,850.06,972.62,857.39,883.29,971.36,835.53,745.83,1144.2,1059.04,699.84,831.49,1176.29,1419.38,1429.62,1614.84,1167.95,1052.6,576.52,799.4,787.39,709.82,942.68,1146.98,663.95,1321.34,1002.18,893.4,963.65,1062.83,965.92,905.91,663.7,923.22,1004.46,1122.72,859.92,689.73,756.44,706.66,612.8,0,0,38.54,105.5,0,0,104.36,92.87,115.99,142.27,141.51,177.26,85.03,186.87,161.09,239.17,231.72,120.41,231.47,0,0,0,0,0,0,11.12,101.46,157.3,186.49,157.18,252.44,0,0,0,0,0,70,179.16,205.82,204.93,316.63,296.92,337.73,344.42,496.42,448.15,455.1,341.77,431.85,0,0,0,0,0,204.81,186.74,294.26,272.28,447.39,360.09,653.47,0,,564,57,,,,,,,,,,,,,,,,,,,,
2,0,0,0,0,0,50.29,0,0,35.25,27.29,67.6,89.58,60.77,91.85,62.67,111.06,102.34,138.35,120.79,151.74,171.2,156.16,129.25,202.91,203.55,145.68,84.02,156.16,170.57,231.85,221.11,164.5,245.74,272.78,272.91,242.59,272.28,252.19,279.99,240.31,259.52,262.04,273.41,283.02,433.62,526.24,385.86,512.72,341.9,360.85,308.16,350.61,286.81,298.31,334.69,280.49,365.27,357.69,255.73,282.26,338.48,369.06,358.7,303.36,241.95,273.29,688.21,496.16,321.68,353.9,309.93,413.41,408.23,384.09,295.65,499.45,351.12,386.5,422,588.15,419.47,586.76,325.72,520.42,523.58,671.03,561.61,477.34,437.16,330.65,554.03,438.8,700.72,736.6,437.67,578.16,608.49,634.01,456.87,589.66,423.77,335.07,561.74,691.75,447.39,539.38,641.72,809.38,850.44,683.03,807.74,692.38,646.01,1087.72,709.44,749.62,870.28,735.72,605.2,622.76,762,858.4,647.4,638.31,507.16,550.11,547.71,711.97,1034.4,443.23,486.18,555.04,586.63,471.02,494.27,713.99,578.54,1094.29,795.99,1080.39,917.28,691.24,696.68,662.44,615.06,633.12,605.83,645.38,701.35,778.93,644.62,606.97,650.31,736.22,740.77,735.85,811.02,684.55,944.82,1356.46,1216.6,766.93,615.94,600.02,1271.18,1381.98,1033.9,906.92,828.84,726.37,856.51,838.06,829.47,675.32,1196.25,975.4,1217.61,909.19,798.77,616.45,763.77,690.36,841.98,942.68,835.66,875.46,943.81,827.83,740.14,1137.25,1051.21,684.17,819.87,1176.29,1405.99,1411.3,1586.79,1157.97,1040.47,576.52,799.4,778.68,693.27,928.02,1122.09,663.95,1310.35,994.86,879.63,941.03,1055.25,962.76,898.45,651.45,923.22,996.5,1111.22,835.03,689.73,756.44,706.66,612.8,0,0,8.34,81.24,0,0,86.04,89.71,115.73,136.08,134.43,164.38,82.25,177.01,155.28,239.17,219.46,112.83,226.03,0,0,0,0,0,0,0,23.75,148.71,179.67,145.3,238.04,0,0,0,0,0,0,161.98,205.82,201.9,308.03,283.65,337.73,344.42,474.31,441.58,455.1,341.77,431.85,0,0,0,0,0,189.27,169.31,284.79,271.14,439.94,348.59,645.38,0,,562,58,,,,,,,,,,,,,,,,,,,,
2,0,0,0,0,0,0,0,0,19.08,16.93,67.6,81.11,40.68,81.75,42.33,100.95,93.24,138.35,110.93,131.27,169.05,145.93,129.25,195.96,175.5,137.21,84.02,156.16,170.57,221.74,206.32,164.5,228.94,272.78,272.91,232.48,258.76,252.19,269.62,231.85,252.69,262.04,254.34,266.97,403.81,501.98,385.86,503.87,336.34,360.85,292.49,342.15,275.44,297.67,334.19,280.49,360.09,355.16,249.03,264.7,329.89,369.06,355.67,303.36,240.31,273.29,679.12,496.16,321.68,346.06,290.09,399.76,384.85,375.76,295.65,487.19,351.12,377.65,422,569.7,419.47,586.76,314.23,514.23,515.87,663.95,551.63,463.19,425.66,326.99,545.44,433.24,700.72,736.6,437.67,554.41,595.22,626.43,456.87,583.09,421.87,322.94,536.09,691.75,434.51,523.46,618.47,803.44,803.95,652.33,770.59,636.79,629.33,1087.72,674.19,735.72,848.17,723.46,605.2,618.34,758.33,840.59,637.29,630.47,496.16,542.41,540.89,692.51,1022.4,441.08,486.18,555.04,567.93,462.81,484.92,713.99,568.56,1081.66,775.39,1074.46,903.38,691.24,677.6,648.41,608.11,628.7,605.83,627.82,701.35,773.75,644.62,592.19,645.76,736.22,729.78,735.85,795.61,681.14,941.41,1337.89,1202.32,743.43,614.43,600.02,1258.54,1351.16,1012.67,891.38,821,713.61,839.96,832.63,829.47,675.32,1182.48,968.07,1204.97,885.31,790.3,606.21,759.35,690.36,833.01,931.18,835.66,870.78,934.46,827.83,734.83,1120.07,1027.83,684.17,812.79,1164.92,1396.26,1411.3,1578.45,1151.4,1040.47,565.02,791.19,764.27,693.27,928.02,1122.09,656.25,1302.13,987.91,879.63,941.03,1046.66,962.76,872.81,645.51,906.03,992.96,1103.77,826.31,678.61,743.68,687.45,612.8,0,0,0,67.72,0,0,86.04,81.24,115.73,131.15,123.06,160.71,67.85,177.01,144.79,225.78,219.46,112.83,220.6,0,0,0,0,0,0,0,0,113.84,179.67,142.39,228.81,0,0,0,0,0,0,142.01,191.79,201.9,302.1,279.48,330.27,334.31,474.31,441.58,436.91,330.65,423.77,0,0,0,0,0,189.27,169.31,274.8,271.14,434.51,348.59,645.38,0,,560,59,,,,,,,,,,,,,,,,,,,,
2,0,0,0,0,0,0,0,0,0,0,40.05,81.11,40.68,81.75,42.33,90.84,93.24,100.82,99.18,121.17,148.96,120.91,129.25,149.34,169.56,128.62,76.69,148.71,160.59,201.4,199.88,160.97,215.55,242.84,247.01,232.48,258.76,252.19,256.86,231.85,232.48,240.31,232.73,266.97,387.38,495.91,379.04,480.12,317.76,343.66,292.49,326.1,275.44,286.43,326.99,279.73,340,349.98,241.83,252.44,315.49,351.12,355.41,291.36,240.31,263.05,652.96,480.75,313.97,346.06,290.09,378.79,364.76,375.76,289.46,482.77,331.16,371.21,406.96,569.7,411.51,539.75,294.77,506.02,515.87,648.03,523.33,463.19,420.23,324.46,520.93,426.8,691.62,690.49,427.43,545.57,595.22,617.33,456.87,568.44,421.87,322.94,528.89,671.28,434.51,501.98,598.63,786.51,768.7,625.04,738.25,623.65,600.4,1079.51,674.19,735.72,833.01,708.55,589.91,610.64,758.33,835.41,632.24,618.72,492.37,518.15,540.89,684.04,1022.4,432.99,470.77,545.82,567.93,459.02,484.92,702.49,568.56,1081.66,775.39,1074.46,888.47,691.24,677.6,648.41,596.23,615.94,591.18,627.82,701.35,769.58,644.62,591.56,642.1,719.8,722.71,725.61,785.37,671.28,916.77,1326.64,1194.61,743.43,614.43,600.02,1258.54,1326.9,1012.67,870.28,821,713.61,839.96,820.75,813.55,667.87,1182.48,962.89,1186.02,881.9,775.9,600.53,748.48,675.83,818.86,921.45,810.14,863.58,892.64,820.75,734.83,1105.54,1016.59,670.65,806.35,1164.92,1386.79,1411.3,1556.34,1132.7,1031.88,565.02,791.19,755.43,673.56,920.19,1100.86,594.84,1285.71,987.91,871.42,921.07,1020.5,953.92,858.28,645.51,906.03,990.43,1094.54,826.31,678.61,737.61,687.45,612.8,0,0,0,0,0,0,72.65,81.24,108.03,124.83,115.86,143.78,67.22,164.76,135.95,225.78,202.16,101.71,201.52,0,0,0,0,0,0,0,0,111.82,179.67,134.31,228.81,0,0,0,0,0,0,78.46,171.83,192.93,288.83,267.86,330.27,334.31,460.53,429.2,436.91,330.65,423.77,0,0,0,0,0,182.95,169.31,258.38,251.18,428.19,348.59,634.64,0,,558,60,,,,,,,,,,,,,,,,,,,,
2,0,0,0,0,0,0,0,0,0,0,19.84,81.11,31.46,60.27,42.33,70.12,71.64,100.82,89.2,121.17,142.27,120.91,119.15,130.26,169.56,120.66,66.84,135.44,140.12,187.12,183.08,156.67,204.93,242.84,247.01,211.5,238.42,252.19,246.63,210.12,232.48,240.31,223.76,253.96,379.04,472.54,362.11,474.18,296.03,331.79,287.06,308.29,275.44,286.43,320.42,258.89,332.55,349.98,234.88,243.85,315.49,351.12,351.24,288.32,235.64,263.05,652.96,470.9,303.49,331.91,283.4,378.79,364.76,352.89,289.46,478.1,318.02,371.21,390.41,558.83,411.51,539.75,280.49,492.25,506.15,626.55,514.86,454.22,413.66,315.11,520.93,426.8,691.62,666.99,423.14,543.17,587.89,603.18,450.3,568.44,411.13,310.43,513.73,671.28,415.18,492.88,583.34,786.51,728.26,573.36,719.8,613.41,594.46,1060.05,666.86,712.6,802.18,703.88,589.91,595.6,736.6,830.23,609.88,609.37,473.68,518.15,533.56,671.16,1004.08,432.99,463.82,530.15,561.36,456.87,472.79,696.8,549.36,1071.17,757.96,1066.5,881.4,675.2,655.99,616.45,596.23,615.94,591.18,615.06,701.35,752.27,625.8,579.17,621.5,719.8,716.89,715.12,785.37,671.28,911.85,1310.09,1182.23,734.71,605.83,592.95,1235.29,1321.34,998.65,856.25,812.29,695.79,828.2,812.54,813.55,666.99,1160.62,950.13,1174.14,839.07,775.9,593.83,748.48,675.83,815.32,904.52,810.14,863.58,892.64,820.75,725.36,1092.9,1006.23,670.65,797.5,1156.33,1374.78,1391.84,1547.12,1126.13,1024.3,565.02,786.51,746.58,673.56,913.87,1084.56,591.3,1285.71,972.37,865.86,921.07,1016.34,953.92,838.69,642.22,895.93,968.7,1061.95,799.14,660.79,730.16,687.45,588.52,0,0,0,0,0,0,58.63,38.54,108.03,107.27,108.28,131.15,61.53,164.76,135.95,219.34,202.16,101.71,191.79,0,0,0,0,0,0,0,0,84.91,153.51,128.87,222.24,0,0,0,0,0,0,0,143.91,181.18,282.76,267.86,312.71,329.01,460.53,424.15,435.27,320.67,412.9,0,0,0,0,0,174.49,163.62,251.3,244.86,428.19,340.25,634.64,0,,556,61,,,,,,,,,,,,,,,,,,,,
2,0,0,0,0,0,0,0,0,0,0,0,81.11,21.35,50.29,42.33,60.52,71.64,100.82,80.99,101.71,137.47,111.06,119.15,80.1,169.56,120.66,66.84,135.44,140.12,168.17,173.85,156.67,185.22,242.84,227.05,181.31,218.96,212.52,246.38,199.88,222.24,240.31,216.94,242.84,362.62,433.62,357.06,457,288.58,318.9,272.66,301.59,275.44,272.78,311.45,258.89,318.9,346.57,230.08,234.25,297.67,319.53,348.47,276.19,235.64,254.34,622.51,463.95,287.31,318.52,273.92,371.71,346.7,352.89,286.81,456.62,318.02,360.22,390.41,558.83,411.51,539.75,273.29,475.19,500.97,591.94,500.08,442.47,398.62,315.11,512.46,409.62,682.53,652.58,416.19,543.17,587.89,598.63,450.3,523.33,411.13,310.43,513.73,655.24,408.23,479.74,563.26,770.21,669.89,543.04,714.37,613.41,580.56,1053.61,629.33,704.01,787.52,700.47,584.99,582.71,736.6,830.23,595.35,609.37,473.68,495.79,525.48,665.22,1004.08,422.88,463.82,530.15,554.79,456.87,464.33,688.97,549.36,1056.64,737.99,1049.82,868.89,668,655.99,610,581.83,573.11,591.18,615.06,685.94,747.72,625.8,579.17,621.5,719.8,705.65,703.25,773.75,671.28,891,1288.49,1164.67,734.71,605.83,587.77,1235.29,1307.44,985.63,842.99,808.49,695.79,824.79,803.69,798.39,664.08,1145.71,939.39,1143.06,801.29,763.26,581.32,743.3,649.93,809.13,890.37,795.35,858.4,837.68,807.36,717.52,1092.9,983.11,670.65,797.5,1140.91,1368.46,1391.84,1524.63,967.94,1015.7,553.91,778.05,708.93,659.66,907.42,1069.65,591.3,1271.56,972.37,860.3,905.28,1003.95,948.74,826.44,642.22,888.73,965.16,1047.92,794.72,660.79,719.04,677.09,588.52,0,0,0,0,0,0,54.46,29.06,103.86,107.27,100.57,115.23,57.49,156.92,125.59,200.26,198.24,85.03,141.13,0,0,0,0,0,0,0,0,34.75,150.23,122.3,214.66,0,0,0,0,0,0,0,112.2,176.38,268.49,256.23,305.13,329.01,454.72,424.15,420.48,320.67,412.9,0,0,0,0,0,162.1,163.62,245.87,244.86,409.11,337.09,627.44,0,,554,62,,,,,,,,,,,,,,,,,,,,
2,0,0,0,0,0,0,0,0,0,0,0,0,0,19.84,32.22,0,0,90.97,0,91.22,110.81,96.15,115.99,46.87,169.56,97.29,66.84,120.03,140.12,168.17,163.11,156.67,185.22,232.23,227.05,181.31,218.96,212.52,236.14,191.67,211.88,229.95,205.44,234.12,337.09,411.26,340.63,432.23,262.68,304.75,272.66,266.21,265.71,272.03,308.92,250.29,312.58,340,223.13,228.81,295.53,319.53,334.19,276.19,231.22,247.51,549.36,441.2,273.67,318.52,273.41,351.24,339.24,335.45,282.26,449.54,313.34,360.22,377.78,551.88,411.51,495.66,265.46,452.07,500.97,575.76,491.74,424.4,398.62,308.67,498.19,406.71,680,624.28,402.54,520.3,584.23,589.03,450.3,511.45,407.22,310.43,503.49,637.93,408.23,462.18,563.26,770.21,616.19,527.88,706.66,598,577.28,1042.62,629.33,695.16,772.49,695.41,574.37,575.13,729.78,814.43,581.7,581.58,458.51,495.79,517.01,665.22,994.98,422.88,441.2,518.78,546.83,456.87,464.33,682.15,534.57,1046.28,705.4,1049.82,858.02,664.21,643.23,601.79,573.11,573.11,591.18,597.75,682.53,742.42,625.8,575.64,608.61,708.43,697.44,694.02,758.21,667.11,868.51,1273.45,1160.62,727.89,605.83,587.77,1227.97,1296.95,977.42,832.37,794.34,681.39,812.92,796.37,798.39,664.08,1132.2,939.39,1116.4,762.76,763.26,577.41,743.3,634.89,803.44,882.53,795.35,858.4,822.01,797.12,717.52,1068.52,977.29,644.62,789.16,1134.09,1358.36,1378.19,1495.44,935.98,1012.04,553.91,772.23,700.47,659.66,907.42,1056.13,580.44,1267.13,972.37,856.25,888.98,998.52,948.74,805.59,625.04,888.73,965.16,1027.83,794.72,651.07,707.67,677.09,588.52,0,0,0,0,0,0,0,21.61,75.93,97.54,87.18,105.12,57.49,148.84,121.92,181.31,173.98,85.03,130.01,0,0,0,0,0,0,0,0,0,138.86,110.43,207.59,0,0,0,0,0,0,0,97.79,176.38,268.49,243.98,305.13,306.14,449.42,413.03,420.48,312.58,393.95,0,0,0,0,0,148.71,153.13,236.52,238.04,409.11,337.09,627.44,0,,552,63,,,,,,,,,,,,,,,,,,,,
2,0,0,0,0,0,0,0,0,0,0,0,0,0,0,32.22,0,0,80.86,0,20.22,86.04,96.15,102.34,26.66,161.98,97.29,66.84,104.74,112.83,143.53,153.51,141.26,161.35,221.99,212.01,151.49,191.92,212.52,226.03,171.2,211.88,229.95,202.28,234.12,323.7,377.02,318.77,410.75,254.21,296.16,261.16,266.21,265.71,272.03,308.92,236.4,298.18,317.76,223.13,223.38,295.53,307.91,329.01,272.78,226.79,241.7,530.66,434.38,266.47,318.52,257.62,345.43,339.24,335.45,282.26,439.94,309.8,360.22,358.83,532.17,400.14,495.66,255.73,445.37,491.24,547.84,468.37,418.97,390.92,305.76,482.52,406.71,669.13,591.94,402.54,520.3,576.65,579.3,450.3,511.45,400.14,310.43,495.91,633.5,393.19,447.27,546.2,755.56,604.19,527.88,689.98,592.57,577.28,1025.81,629.33,689.98,749.11,695.41,564.64,570.33,719.93,814.43,572.35,581.58,449.04,485.93,517.01,665.22,979.82,414.8,441.2,518.78,538.36,429.45,451.06,671.79,534.57,1042.49,686.32,1026.06,837.68,657,634.89,584.36,573.11,573.11,583.47,597.75,682.53,734.46,605.45,568.69,599.77,708.43,689.48,694.02,758.21,658.77,853.73,1258.42,1143.19,712.85,602.8,580.06,1227.97,1278.88,970.35,822.9,794.34,681.39,802.81,788.78,776.53,657.76,1124.36,927.89,1108.57,748.1,756.19,571.21,733.32,626.93,786.26,870.4,795.35,855.75,803.57,797.12,708.43,1059.67,965.54,644.62,778.3,1127.65,1336.37,1363.16,1490.64,913.49,990.94,552.39,772.23,693.27,643.61,888.6,1047.92,572.6,1253.99,955.44,846.02,878.62,991.7,948.74,799.52,621.25,877.86,945.33,1027.83,780.7,642.35,696.17,677.09,588.52,0,0,0,0,0,0,0,0,75.93,90.72,61.78,84.65,48.14,132.41,108.66,158.57,150.48,69.74,117.25,0,0,0,0,0,0,0,0,0,13.52,110.43,191.04,0,0,0,0,0,0,0,0,98.8,257.87,239.93,292.75,306.14,438.17,404.06,406.84,312.58,393.95,0,0,0,0,0,64.82,153.13,232.35,230.84,394.58,337.09,615.44,0,,550,64,,,,,,,,,,,,,,,,,,,,
2,0,0,0,0,0,0,0,0,0,0,0,0,0,0,32.22,0,0,30.07,0,0,65.2,74.67,91.6,0,161.98,29.06,66.84,44.98,112.83,133.42,153.51,141.26,150.86,211.76,186.49,151.49,184.97,212.52,221.11,171.2,201.65,219.72,179.16,217.82,317,334.31,310.31,394.71,244.1,274.43,253.83,252.95,226.79,262.8,293,236.4,298.18,312.2,204.43,216.69,283.9,305.38,329.01,259.64,226.79,241.7,511.71,427.43,265.08,298.18,251.18,340.51,314.6,322.06,277.71,434.38,301.34,351.75,358.83,532.17,400.14,465.08,243.09,419.72,481.89,514.61,459.9,408.73,386.62,305.76,482.52,398.62,666.48,568.56,393.32,501.72,576.65,563.63,442.97,489.59,390.03,299.44,495.91,620.36,381.57,438.68,546.2,733.07,589.54,510.95,683.16,577.91,559.21,1025.81,588.52,681.01,737.36,685.81,556.18,548.09,703.88,814.43,559.59,567.05,445.75,472.54,510.95,656.5,979.82,414.8,432.86,507.54,531.54,429.45,440.7,664.96,509.3,1025.69,679.75,1026.06,835.91,657,627.69,570.2,562.12,561.36,563.13,589.28,668.75,715.38,605.45,552.89,593.07,696.93,677.98,678.36,747.34,658.77,804.07,1241.61,1130.68,712.85,602.8,580.06,1188.29,1275.47,955.56,816.33,794.34,661.93,795.99,780.7,776.53,656.37,1106.42,916.9,1088.1,736.6,747.72,562.88,729.53,619.23,776.91,870.4,760.99,851.58,789.92,793.71,701.98,1059.67,954.17,644.62,771.22,1118.68,1286.09,1363.16,1469.29,913.49,980.96,541.9,772.23,686.44,632.37,888.6,1038.19,572.6,1246.29,955.44,840.84,871.16,991.7,948.74,794.34,621.25,877.86,945.33,994.6,780.7,635.78,684.8,667.11,588.52,0,0,0,0,0,0,0,0,0,30.83,37.02,74.92,29.31,96.53,91.35,83.52,79.47,61.53,98.17,0,0,0,0,0,0,0,0,0,0,91.85,172.72,0,0,0,0,0,0,0,0,60.9,257.87,230.2,292.75,306.14,419.85,404.06,406.84,305.76,393.95,0,0,0,0,0,0,141,218.96,230.84,394.58,319.66,603.56,0,,548,65,,,,,,,,,,,,,,,,,,,,
2,0,0,0,0,0,0,0,0,0,0,0,0,0,0,22.36,0,0,0,0,0,55.34,60.77,71.39,0,144.54,0,66.84,14.66,112.83,113.08,79.72,141.26,140.62,171.2,136.08,142.39,161.35,193.18,211.13,159.58,191.67,191.42,179.16,217.82,296.41,325.34,303.49,372.34,235.38,259.14,246.5,245.49,211.63,251.81,288.58,236.4,279.48,271.27,204.43,213.78,280.11,285.8,320.29,259.64,220.48,235.38,483.53,410.25,257.75,298.18,233.74,328.12,303.36,313.85,275.06,423.26,301.34,342.91,358.83,518.28,398.75,465.08,232.48,409.74,474.81,499.32,436.4,401.03,369.06,302.85,458.51,380.05,648.03,543.67,393.32,501.72,576.65,563.63,442.97,474.56,381.06,299.44,486.18,620.36,381.57,409.62,533.31,718.03,567.3,504.25,675.32,577.91,559.21,1002.31,588.52,663.83,719.8,676.97,544.18,542.03,698.7,790.43,533.31,567.05,437.92,465.08,499.2,643.23,968.83,407.85,413.41,488.08,515.75,429.45,437.16,656.37,509.3,1024.67,664.46,1007.11,826.69,640.58,612.03,570.2,556.94,556.43,563.13,576.02,668.75,708.55,589.79,546.7,584.23,693.01,640.71,670.78,734.33,658.77,793.84,1228.09,1130.68,702.49,594.21,580.06,1175.66,1258.54,947.35,801.29,780.32,661.93,787.9,764.02,776.53,656.37,1091.39,900.35,1072.81,710.45,740.14,547.46,729.53,614.3,776.91,858.91,760.99,832.12,789.92,793.71,701.98,1043.5,946.34,623.78,771.22,1083.93,1276.11,1334.73,1461.08,904.01,980.96,541.9,750.88,686.44,632.37,880.13,1023.28,564.14,1243,955.44,834.4,843.49,985.13,940.4,783.98,621.25,866.49,938.76,982.35,764.78,628.83,676.59,667.11,588.52,0,0,0,0,0,0,0,0,0,0,0,0,29.31,96.53,51.93,54.71,45.86,58.75,71.89,0,0,0,0,0,0,0,0,0,0,54.08,163.87,0,0,0,0,0,0,0,0,0,243.22,230.2,279.99,296.41,413.79,394.96,401.03,296.66,383.34,0,0,0,0,0,0,134.56,209.1,216.31,380.43,319.66,597.5,0,,546,66,,,,,,,,,,,,,,,,,,,,
2,0,0,0,0,0,0,0,0,0,0,0,0,0,0,0,0,0,0,0,0,35.38,36.26,31.21,0,82.13,0,66.84,0,79.09,42.71,19.71,121.04,121.17,141,95.52,97.41,161.35,172.97,189.77,135.32,183.71,182.07,158.19,203.04,276.83,309.55,278.97,330.14,228.69,236.9,231.22,234.88,205.06,249.66,280.49,225.53,273.16,249.66,198.87,207.21,268.74,266.34,303.99,245.37,220.48,235.38,467.99,295.53,249.91,290.22,227.17,291.61,291.48,300.2,275.06,411.64,291.48,342.91,340.76,518.28,398.75,465.08,232.48,402.16,474.81,485.55,436.4,390.03,369.06,295.53,448.53,372.98,640.58,519.92,383.08,491.87,568.06,556.69,434.76,462.81,374.37,299.44,478.6,605.08,374.11,400.77,527.88,714.75,548.73,495.91,654.98,568.44,545.69,988.79,588.52,663.83,686.32,664.71,534.32,532.05,698.7,790.43,533.31,561.11,434,461.8,489.59,643.23,962.64,407.85,413.41,488.08,515.75,425.41,437.16,649.68,500.84,1018.86,658.77,1007.11,820.12,640.58,604.95,537.73,547.08,538.36,540.01,564.77,660.16,708.55,584.73,541.4,577.91,693.01,627.82,667.11,710.58,654.48,789.54,1216.47,1109.58,693.9,587.77,576.4,1159.74,1224.18,939.14,789.42,780.32,647.15,787.9,757.45,753.66,636.28,1076.1,900.35,1047.16,697.44,736.98,547.46,729.53,614.3,770.97,849.05,760.99,827.19,782.72,781.71,696.42,1029.98,946.34,623.78,758.59,1078.25,1240.98,1294.55,1455.9,904.01,967.44,541.9,750.88,686.44,625.54,866.49,1014.95,564.14,1219.5,938.63,830.1,837.18,974.01,940.4,777.41,621.25,853.47,938.76,968.45,749.11,628.83,663.45,667.11,588.52,0,0,0,0,0,0,0,0,0,0,0,0,21.23,0,14.66,24.89,25.52,46.75,38.03,0,0,0,0,0,0,0,0,0,0,0,145.68,0,0,0,0,0,0,0,0,0,243.22,222.62,272.53,292.49,413.79,389.28,391.17,296.66,376.01,0,0,0,0,0,0,134.56,209.1,216.31,364.89,310.18,597.5,0,,544,67,,,,,,,,,,,,,,,,,,,,
2,0,0,0,0,0,0,0,0,0,0,0,0,0,0,0,0,0,0,0,0,0,0,0,0,29.94,0,39.55,0,79.09,22.62,0,90.21,60.01,103.48,65.45,97.41,161.35,172.97,183.46,135.32,172.46,182.07,158.19,191.54,250.17,297.8,251.05,298.05,223.13,219.84,221.23,228.94,174.11,242.84,263.18,218.58,234.37,241.58,184.21,207.21,255.85,266.34,297.29,245.37,216.69,231.34,421.62,254.34,249.91,278.34,216.56,262.3,260.15,300.2,269.37,389.53,287.94,342.91,340.76,506.53,389.02,273.29,232.48,387.38,460.28,472.79,412.9,372.98,358.7,295.53,448.53,372.98,640.58,492.5,378.03,474.81,560.6,541.52,417.7,439.18,363.88,299.44,466.47,598.13,374.11,387.25,519.67,689.85,534.2,480.25,646.27,553.4,545.69,976.54,588.52,645.25,653.97,644.62,529.14,524.97,684.93,790.43,523.33,549.48,424.78,461.8,486.31,634.64,962.64,393.07,413.41,488.08,508.55,420.86,437.16,637.93,494.27,943.18,643.49,981.84,785.12,625.92,592.82,537.73,532.93,538.36,540.01,557.06,641.08,701.73,584.73,541.4,570.2,681.52,616.7,656.37,694.15,646.14,774.25,1216.47,1109.58,680.13,579.68,566.92,1129.04,1205.1,924.61,784.11,780.32,633.88,775.9,753.15,753.66,636.28,1069.27,890.37,1035.16,689.48,722.83,539.75,703.37,603.81,746.58,830.98,737.74,820.37,758.59,760.48,696.42,1023.54,934.97,616.45,758.59,1060.94,1232.14,1235.17,1432.9,898.83,967.44,541.9,742.54,679.75,611.77,866.49,992.08,551.5,1219.5,938.63,818.98,829.09,969.71,940.4,767.68,607.6,847.03,915.26,962.64,749.11,620.62,653.72,661.3,588.52,0,0,0,0,0,0,0,0,0,0,0,0,0,0,0,0,0,0,0,0,0,0,0,0,0,0,0,0,0,0,130.01,0,0,0,0,0,0,0,0,0,234.25,211,272.53,283.52,396.73,389.28,381.57,293,369.57,0,0,0,0,0,0,134.56,204.68,216.31,357.94,310.18,577.15,0,,542,68,,,,,,,,,,,,,,,,,,,,
2,0,0,0,0,0,0,0,0,0,0,0,0,0,0,0,0,0,0,0,0,0,0,0,0,0,0,39.55,0,29.69,0,0,0,0,63.05,20.09,42.58,112.45,153.13,165.01,135.32,154.4,160.71,150.48,184.21,180.55,289.84,205.19,124.7,213.02,204.43,179.79,191.67,144.41,226.92,195.71,206.7,174.11,229.07,174.74,197.1,255.85,253.2,280.74,245.37,213.91,224.39,287.69,226.41,240.56,267.98,199.88,224.39,227.8,277.84,269.37,380.56,284.79,335.2,327.62,465.08,389.02,273.29,232.48,367.67,452.45,441.84,404.56,372.98,358.7,295.53,431.73,360.72,605.96,484.29,378.03,469.51,560.6,534.45,388.9,439.18,360.72,299.44,466.47,577.53,367.54,371.71,519.67,645.89,511.71,480.25,612.15,553.4,535.96,968.83,577.28,638.43,611.39,636.41,514.86,520.8,671.41,771.85,486.56,540.64,424.78,448.28,486.31,634.64,953.29,393.07,404.69,467.23,493.64,420.86,414.29,637.93,486.18,924.61,604.95,970.22,785.12,620.49,572.48,537.73,532.93,538.36,531.67,553.65,641.08,691.5,570.84,532.55,556.05,681.52,608.36,656.37,675.58,646.14,738.5,1197.14,1083.8,668.12,555.3,566.92,1099.6,1191.45,924.61,773.12,773.24,624.03,775.9,744.69,744.94,636.28,1049.31,880.39,1020.13,673.68,716.26,520.42,703.37,603.81,746.58,812.03,737.74,820.37,746.58,760.48,679.75,1014.82,923.47,603.81,751.76,1048.05,1204.59,1235.17,1432.9,898.83,951.27,541.9,736.35,679.75,611.77,863.08,992.08,551.5,1198.78,938.63,818.98,799.65,969.71,940.4,761.11,598.88,847.03,905.28,949.5,749.11,620.62,653.72,661.3,588.52,0,0,0,0,0,0,0,0,0,0,0,0,0,0,0,0,0,0,0,0,0,0,0,0,0,0,0,0,0,0,113.21,0,0,0,0,0,0,0,0,0,203.67,197.61,252.19,270.76,396.73,382.96,381.57,285.8,366.15,0,0,0,0,0,0,126.98,197.61,209.74,357.94,300.58,577.15,0,,540,69,,,,,,,,,,,,,,,,,,,,
2,0,0,0,0,0,0,0,0,0,0,0,0,0,0,0,0,0,0,0,0,0,0,0,0,0,0,39.55,0,0,0,0,0,0,0,0,0,112.45,112.7,124.07,120.66,141.76,160.71,136.2,176.38,82.25,259.77,171.2,65.45,112.7,172.97,124.96,102.59,130.52,159.83,143.91,191.29,128.49,212.14,167.66,193.69,216.05,160.33,237.03,164,199.63,207.08,250.8,196.98,233.11,245.11,196.6,176.25,182.95,277.84,269.37,272.53,261.92,321.05,321.3,465.08,389.02,273.29,232.48,344.04,446.13,424.4,379.8,357.31,341.52,280.11,402.29,346.06,591.94,460.53,367.92,444.36,560.6,534.45,367.67,417.07,343.54,295.78,456.11,562.24,361.23,356.17,500.46,622.76,468.75,460.53,587.39,546.2,529.77,944.32,577.28,631.36,583.6,622.26,504.38,501.35,664.46,771.85,470.01,540.64,416.82,434.89,470.77,634.64,933.7,393.07,404.69,457.25,479.87,415.18,414.29,625.92,472.79,899.97,593.2,962.13,765.28,603.94,564.14,537.73,524.72,528.38,531.67,550.37,640.07,691.5,570.84,532.55,517.01,670.14,599.39,632.87,659.66,639.19,722.33,1197.14,1061.57,668.12,522.44,566.92,1092.65,1175.91,906.29,757.58,764.53,612.53,775.9,738.5,738.37,627.06,1049.31,875.46,998.27,658.39,716.26,513.6,703.37,598.76,746.58,793.59,719.17,810.39,746.58,760.48,670.65,999.78,907.68,603.81,751.76,1031.88,1195.87,1096.31,1398.03,878.62,948.11,534.95,722.45,679.75,611.77,854.48,966.81,551.5,1198.78,930.8,807.1,790.43,966.55,937.62,752.9,598.88,847.03,905.28,940.91,730.03,606.09,653.72,654.1,588.52,0,0,0,0,0,0,0,0,0,0,0,0,0,0,0,0,0,0,0,0,0,0,0,0,0,0,0,0,0,0,91.1,0,0,0,0,0,0,0,0,0,129.25,197.61,252.19,270.76,390.29,382.96,372.47,285.8,359.2,0,0,0,0,0,0,126.98,188.26,209.74,350.99,291.74,555.3,0,,538,70,,,,,,,,,,,,,,,,,,,,
2,0,0,0,0,0,0,0,0,0,0,0,0,0,0,0,0,0,0,0,0,0,0,0,0,0,0,39.55,0,0,0,0,0,0,0,0,0,28.81,82.13,30.2,110.93,141.76,86.67,126.73,158.31,82.25,236.9,151.36,29.69,0,47.63,77.83,74.04,91.1,88.32,99.44,146.18,98.42,37.53,159.83,181.18,216.05,160.33,188.76,134.31,159.07,161.47,220.22,159.7,230.2,113.08,180.55,132.16,152.37,187.25,246,44.98,168.67,266.97,308.92,465.08,384.6,260.02,232.48,332.8,439.56,400.14,356.05,357.31,341.52,280.11,402.29,341.01,591.94,460.53,360.72,429.96,560.6,534.45,344.04,417.07,337.35,291.99,447.77,551.88,361.23,341.01,500.46,607.6,453.59,460.53,572.48,532.43,523.33,936.36,481.26,623.9,571.72,614.8,487.07,501.35,655.74,764.78,465.72,534.07,416.82,434.89,459.15,625.8,933.7,369.31,392.94,457.25,479.87,403.93,414.29,625.92,469.88,883.67,571.21,946.21,736.86,603.94,553.91,519.54,524.72,528.38,519.92,527.25,623.27,691.5,562.88,532.55,517.01,670.14,599.39,625.17,639.32,634.14,709.69,1181.98,1048.3,657.76,502.86,566.92,1080.27,1157.34,895.04,742.29,742.04,612.53,764.02,730.66,730.29,627.06,1018.1,875.46,981.72,651.32,692.76,504.25,688.59,598.76,720.18,785.88,706.91,810.39,724.73,751.01,670.65,999.78,907.68,594.46,738.5,1026.06,1167.45,1075.34,1398.03,878.62,936.11,528.13,722.45,674.19,601.41,848.29,953.92,544.93,1186.65,930.8,764.9,779.43,952.53,937.62,752.9,598.88,830.35,892.89,909.45,730.03,606.09,645.13,654.1,588.52,0,0,0,0,0,0,0,0,0,0,0,0,0,0,0,0,0,0,0,0,0,0,0,0,0,0,0,0,0,0,0,0,0,0,0,0,0,0,0,0,45.86,184.59,243.34,262.04,380.68,366.53,364.01,274.17,340,0,0,0,0,0,0,119.65,188.26,205.19,335.2,291.74,555.3,0,,536,71,,,,,,,,,,,,,,,,,,,,
2,0,0,0,0,0,0,0,0,0,0,0,0,0,0,0,0,0,0,0,0,0,0,0,0,0,0,39.55,0,0,0,0,0,0,0,0,0,0,41.57,0,110.93,125.34,0,114.6,81.87,0,156.8,60.27,14.78,0,0,47,37.27,53.19,17.31,14.02,0,65.45,12.89,113.59,108.53,0,160.33,142.01,60.52,93.62,115.73,172.46,132.54,228.06,75.68,150.61,105.12,133.55,130.52,205.06,0,139.36,251.94,280.24,300.33,370.07,260.02,232.48,323.07,428.57,380.3,346.06,357.31,327.37,280.11,390.67,323.45,574.88,438.8,355.67,415.81,542.16,512.46,313.72,391.8,325.6,291.99,441.96,551.88,358.32,325.47,484.29,588.52,434.63,443.48,552.14,522.57,523.33,925.37,481.26,615.18,552.01,603.69,487.07,483.78,640.07,757.96,442.85,523.71,397.36,434.89,459.15,619.23,925.37,369.31,383.34,447.65,479.87,393.7,410.38,609.62,455.86,863.96,542.16,934.46,736.86,591.43,548.73,513.1,524.72,524.97,514.61,518.78,623.27,674.44,554.16,523.83,504.25,670.14,590.55,625.17,620.11,629.08,702.99,1181.98,1037.18,633.63,480.88,556.94,1071.8,1129.67,883.67,736.1,727.13,597.5,764.02,724.85,730.29,618.72,996.63,858.15,966.81,636.41,687.33,493.01,688.59,590.93,720.18,785.88,706.91,810.39,717.4,751.01,670.65,988.03,898.33,581.58,738.5,1026.06,1163.02,1058.54,1378.19,878.62,909.19,528.13,709.19,674.19,587.26,848.29,936.48,532.93,1174.4,930.8,755.43,742.04,948.49,920.82,714.87,591.43,823.4,892.89,909.45,708.05,596.86,638.81,645.38,588.52,0,0,0,0,0,0,0,0,0,0,0,0,0,0,0,0,0,0,0,0,0,0,0,0,0,0,0,0,0,0,0,0,0,0,0,0,0,0,0,0,0,172.08,233.99,249.66,369.94,366.53,357.06,267.73,333.05,0,0,0,0,0,0,114.72,181.06,196.85,335.2,276.32,540.51,0,,534,72,,,,,,,,,,,,,,,,,,,,
2,0,0,0,0,0,0,0,0,0,0,0,0,0,0,0,0,0,0,0,0,0,0,0,0,0,0,39.55,0,0,0,0,0,0,0,0,0,0,0,0,70.88,0,0,14.28,0,0,96.02,0,0,0,0,31.33,27.04,23,0,0,0,18.19,0,0,0,0,0,35.5,0,67.47,70.12,130.14,106.01,185.6,47.89,0,52.81,107.14,20.72,158.31,0,104.49,228.06,231.22,274.43,370.07,260.02,232.48,315.11,414.67,364.89,334.57,349.6,321.05,247.26,387.38,323.45,574.88,409.49,345.43,372.09,542.16,512.46,288.96,382.71,311.82,288.2,441.96,494.4,354.02,317.13,478.35,558.2,404.82,427.81,535.96,522.57,508.67,913.62,447.52,610.89,535.96,591.3,464.45,475.32,640.07,751.64,438.8,513.1,397.36,426.42,451.94,619.23,910.2,369.31,383.34,430.34,455.99,389.28,387.89,609.62,455.86,854.23,523.83,914.37,719.93,583.6,540.39,513.1,524.72,524.97,501.6,515.5,609.62,674.44,554.16,523.83,485.17,655.61,590.55,605.08,598.88,629.08,702.99,1173.51,1019.87,633.63,464.7,556.94,1068.39,1114.89,877.23,723.34,727.13,589.28,757.2,710.07,725.23,612.66,986.01,858.15,941.92,621.37,687.33,485.17,682.65,579.81,712.98,766.42,685.05,785.5,686.06,724.47,664.08,973,883.17,581.58,730.29,1013.93,1148.75,1040.34,1371.5,878.62,896.81,517.14,709.19,651.07,587.26,833.01,889.36,532.93,1174.4,918.54,724.22,717.65,948.49,920.82,714.87,591.43,823.4,879.5,893.27,708.05,596.86,631.1,645.38,588.52,0,0,0,0,0,0,0,0,0,0,0,0,0,0,0,0,0,0,0,0,0,0,0,0,0,0,0,0,0,0,0,0,0,0,0,0,0,0,0,0,0,164.5,229.95,242.46,365.4,356.17,348.72,267.73,333.05,0,0,0,0,0,0,114.72,173.98,196.85,335.2,276.32,540.51,0,,532,73,,,,,,,,,,,,,,,,,,,,
2,0,0,0,0,0,0,0,0,0,0,0,0,0,0,0,0,0,0,0,0,0,0,0,0,0,0,39.55,0,0,0,0,0,0,0,0,0,0,0,0,0,0,0,0,0,0,36.77,0,0,0,0,12,15.29,0,0,0,0,0,0,0,0,0,0,0,0,45.99,44.73,0,69.49,49.4,36.01,0,0,72.4,0,102.59,0,78.21,205.19,214.66,263.94,370.07,244.61,223,293.5,403.43,322.06,312.71,338.36,310.56,242.33,379.42,315.49,547.71,392.69,345.43,371.97,542.16,504.5,281.63,377.52,311.82,288.2,431.6,477.59,354.02,301.72,471.4,543.04,393.19,410,512.84,502.86,499.45,897.82,447.52,599.26,509.56,578.04,464.45,462.05,626.43,751.64,435.52,513.1,390.79,426.42,440.45,607.48,910.2,354.02,383.34,422.63,455.99,389.28,387.89,601.41,439.94,835.41,500.59,914.37,700.09,579.05,525.1,499.2,513.73,519.16,498.69,503.11,609.62,667.62,540.26,516.89,485.17,652.08,582.97,605.08,559.97,621.63,687.2,1173.51,1012.04,618.09,464.7,556.94,1050.58,1086.71,849.81,723.34,714.75,582.08,735.59,700.59,710.58,612.66,977.29,850.32,919.17,614.68,666.99,485.17,665.85,579.81,707.54,756.44,677.98,785.5,686.06,710.45,661.68,954.17,877.1,574.25,730.29,1013.93,1140.53,1032,1363.41,851.83,880.89,517.14,701.23,639.44,571.21,827.19,875.71,532.93,1162.01,918.54,708.81,704.51,929.91,920.82,696.68,591.43,800.79,867.37,886.58,699.08,590.8,631.1,645.38,588.52,0,0,0,0,0,0,0,0,0,0,0,0,0,0,0,0,0,0,0,0,0,0,0,0,0,0,0,0,0,0,0,0,0,0,0,0,0,0,0,0,0,141.89,229.95,235.13,345.43,353.01,348.72,267.73,325.6,0,0,0,0,0,0,114.72,173.98,196.85,319.41,267.35,525.73,0,,530,74,,,,,,,,,,,,,,,,,,,,
2,0,0,0,0,0,0,0,0,0,0,0,0,0,0,0,0,0,0,0,0,0,0,0,0,0,0,8.97,0,0,0,0,0,0,0,0,0,0,0,0,0,0,0,0,0,0,0,0,0,0,0,0,0,0,0,0,0,0,0,0,0,0,0,0,0,16.05,32.09,0,39.04,0,0,0,0,45.99,0,41.95,0,56.35,191.54,184.47,205.19,359.08,244.61,223,293.5,396.48,309.3,303.99,333.56,298.43,242.33,366.03,301.46,547.71,385.99,345.43,371.97,542.16,504.5,261.66,364.01,285.29,282.13,421.87,460.53,354.02,293.25,461.8,527.88,384.85,410,496.16,495.03,499.45,885.69,424.65,599.26,501.09,578.04,447.02,451.94,613.79,733.95,424.15,493.01,390.79,416.57,432.11,607.48,901.74,339.62,379.29,408.99,447.65,382.96,384.35,595.09,424.53,821.38,485.17,890.37,691.88,568.31,516.63,492.75,498.19,519.16,478.48,494.77,599.14,656.37,540.26,516.89,476.96,652.08,582.97,590.42,545.82,611.52,680.51,1152.03,1012.04,618.09,446.51,556.94,1039.33,1032.26,843.24,708.43,704.13,574.5,735.59,693.14,710.58,608.87,970.47,850.32,896.18,605.08,666.99,480.88,657.13,570.84,691.12,741.91,659.53,785.5,674.69,703.12,661.68,954.17,869.39,574.25,730.29,1000.67,1116.28,1016.71,1338.65,851.83,873.82,517.14,701.23,628.83,571.21,827.19,829.72,529.9,1149,918.54,708.81,692.89,929.91,910.46,696.68,591.43,800.79,857.14,847.91,699.08,590.8,631.1,626.68,588.52,0,0,0,0,0,0,0,0,0,0,0,0,0,0,0,0,0,0,0,0,0,0,0,0,0,0,0,0,0,0,0,0,0,0,0,0,0,0,0,0,0,122.81,209.99,224.52,345.43,349.35,336.84,263.56,316.37,0,0,0,0,0,0,99.81,167.79,186.99,304.5,254.72,525.73,0,,528,75,,,,,,,,,,,,,,,,,,,,
2,0,0,0,0,0,0,0,0,0,0,0,0,0,0,0,0,0,0,0,0,0,0,0,0,0,0,0,0,0,0,0,0,0,0,0,0,0,0,0,0,0,0,0,0,0,0,0,0,0,0,0,0,0,0,0,0,0,0,0,0,0,0,0,0,0,0,0,0,0,0,0,0,26.28,0,0,0,47.76,162.86,169.81,159.83,344.55,244.61,223,277.96,375.63,279.48,303.99,323.57,291.48,230.2,357.94,293.5,523.2,369.06,338.61,371.97,542.16,499.96,253.7,364.01,285.29,279.48,421.87,460.53,348.97,287.94,442.09,512.84,384.85,396.86,478.86,483.53,484.67,882.53,424.65,579.81,494.27,560.98,447.02,443.6,600.27,727.76,424.15,486.18,382.58,401.91,422.88,595.47,891.5,339.62,371.84,408.99,447.65,377.78,384.35,558.07,424.53,802.43,470.64,876.34,673.56,568.31,492.88,492.75,498.19,519.16,465.46,494.77,599.14,649.68,516,509.68,476.96,637.67,582.97,581.58,528.76,611.52,671.79,1152.03,990.43,606.21,446.51,548.22,997.38,1011.28,827.07,697.44,698.83,574.5,708.43,686.19,710.58,608.87,947.6,836.92,883.54,592.44,663.07,469.63,657.13,562.88,691.12,741.91,659.53,765.03,650.43,680.25,638.94,926.12,848.93,565.15,711.84,1000.67,1100.99,1001.43,1338.65,839.7,850.82,505.51,690.87,628.83,560.22,815.32,815.06,529.9,1149,887.59,708.81,684.67,912.35,884.43,636.79,586.5,792.95,857.14,840.21,662.94,583.85,607.98,626.68,588.52,0,0,0,0,0,0,0,0,0,0,0,0,0,0,0,0,0,0,0,0,0,0,0,0,0,0,0,0,0,0,0,0,0,0,0,0,0,0,0,0,0,122.81,209.99,224.52,345.43,341.64,329.01,263.56,311.82,0,0,0,0,0,0,99.81,153.39,186.99,304.5,254.72,518.02,0,,526,76,,,,,,,,,,,,,,,,,,,,
2,0,0,0,0,0,0,0,0,0,0,0,0,0,0,0,0,0,0,0,0,0,0,0,0,0,0,0,0,0,0,0,0,0,0,0,0,0,0,0,0,0,0,0,0,0,0,0,0,0,0,0,0,0,0,0,0,0,0,0,0,0,0,0,0,0,0,0,0,0,0,0,0,0,0,0,0,32.72,146.18,152.12,122.56,317.13,237.28,223,277.96,368.93,238.42,276.7,323.57,280.62,230.2,347.96,284.79,504,357.06,332.92,363.12,524.47,485.68,253.7,346.82,285.29,279.48,401.28,441.84,348.97,275.82,442.09,479.61,356.93,389.15,466.85,467.61,484.67,855.37,413.28,579.81,470.64,557.82,425.03,431.85,596.86,727.76,420.86,478.1,371.71,401.91,422.88,571.85,879.5,330.4,371.84,408.99,439.56,377.78,370.07,558.07,414.17,796.11,470.64,876.34,670.4,547.46,486.06,482.65,498.19,510.95,453.84,481.89,592.82,635.4,509.05,494.14,461.8,637.67,573.74,568.18,513.6,611.52,665.72,1152.03,990.43,595.98,446.51,548.22,978.68,994.35,811.27,690.74,690.36,574.5,708.43,674.57,705.4,608.87,947.6,836.92,863.83,588.4,638.81,469.63,657.13,545.57,671.79,720.18,631.1,765.03,638.31,657.64,638.94,918.42,835.28,551.38,711.84,991.95,1085.45,988.03,1321.59,839.7,850.82,505.51,690.87,614.17,554.66,808.75,815.06,529.9,1136.37,887.59,693.9,670.52,912.35,872.68,636.79,586.5,792.95,846.53,810.9,662.94,583.85,607.98,626.68,588.52,0,0,0,0,0,0,0,0,0,0,0,0,0,0,0,0,0,0,0,0,0,0,0,0,0,0,0,0,0,0,0,0,0,0,0,0,0,0,0,0,0,119.15,196.85,216.31,333.05,332.8,329.01,263.56,307.15,0,0,0,0,0,0,76.69,153.39,179.54,304.5,254.72,518.02,0,,524,77,,,,,,,,,,,,,,,,,,,,
2,0,0,0,0,0,0,0,0,0,0,0,0,0,0,0,0,0,0,0,0,0,0,0,0,0,0,0,0,0,0,0,0,0,0,0,0,0,0,0,0,0,0,0,0,0,0,0,0,0,0,0,0,0,0,0,0,0,0,0,0,0,0,0,0,0,0,0,0,0,0,0,0,0,0,0,0,24.13,90.84,122.18,99.94,302.85,214.79,223,277.96,348.84,196.85,266.34,311.45,272.66,230.2,347.96,284.79,484.67,341.64,332.92,363.12,524.47,474.94,237.41,346.82,277.58,272.78,401.28,424.27,348.97,250.93,426.04,462.68,356.93,385.86,463.57,467.61,469,832,413.28,571.09,462.3,540.89,418.84,416.82,576.27,707.42,398.88,471.27,371.71,395.59,401.53,560.85,876.09,330.4,359.84,388.14,422.63,364.01,370.07,520.8,414.17,771.47,445.75,853.6,664.59,547.46,474.43,456.11,498.19,510.95,453.84,476.96,580.82,623.27,509.05,494.14,461.8,632.62,573.74,560.48,484.04,609.12,650.56,1145.21,976.16,589.03,438.93,548.22,958.47,974.64,802.18,690.74,677.22,570.08,693.14,671.28,691.75,608.87,939.9,824.92,841.72,581.45,638.81,458.01,640.83,545.57,671.79,720.18,624.28,757.2,622.26,657.64,633.63,899.34,813.55,551.38,711.84,966.81,1062.45,967.19,1321.59,839.7,823.15,498.31,690.87,614.17,554.66,808.75,807.36,529.9,1128.28,887.59,693.9,662.31,904.14,861.31,617.96,579.17,792.95,831.36,773.88,647.65,583.85,607.98,620.36,588.52,0,0,0,0,0,0,0,0,0,0,0,0,0,0,0,0,0,0,0,0,0,0,0,0,0,0,0,0,0,0,0,0,0,0,0,0,0,0,0,0,0,104.36,196.85,198.49,320.67,321.68,329.01,241.32,300.45,0,0,0,0,0,0,70.5,148.33,175.88,291.74,251.43,498.82,0,,522,78,,,,,,,,,,,,,,,,,,,,
2,0,0,0,0,0,0,0,0,0,0,0,0,0,0,0,0,0,0,0,0,0,0,0,0,0,0,0,0,0,0,0,0,0,0,0,0,0,0,0,0,0,0,0,0,0,0,0,0,0,0,0,0,0,0,0,0,0,0,0,0,0,0,0,0,0,0,0,0,0,0,0,0,0,0,0,0,0,62.79,99.31,66.46,274.93,214.79,223,277.96,327.49,144.54,266.34,304.37,269.5,230.2,326.73,278.6,454.85,331.28,324.46,363.12,524.47,474.94,227.55,333.56,266.84,272.78,392.05,416.44,340.51,250.93,420.1,451.06,356.93,371.46,431.22,456.37,455.99,794.6,401.78,557.82,440.19,540.89,401.15,413.41,568.06,707.42,392.31,460.28,364.64,379.55,398.25,530.03,869.14,324.08,349.35,388.14,415.93,359.08,364.26,513.85,406.84,758.59,445.75,833.26,658.65,547.46,458.89,439.81,468.49,505.39,437.67,463.44,580.82,605.96,486.82,494.14,447.65,632.62,563.51,538.24,475.06,596.86,650.56,1133.21,968.96,573.49,438.93,539.25,943.18,974.64,781.08,690.74,668.38,570.08,682.27,657.13,691.75,608.87,939.9,824.92,818.86,570.58,627.69,455.1,640.83,545.57,665.22,695.29,624.28,757.2,599.64,632.24,633.63,894.92,804.7,542.16,699.33,951.14,1036.8,957.08,1308.45,835.15,813.8,498.31,682.53,614.17,540.01,783.73,807.36,529.9,1117.79,887.59,693.9,662.31,879.12,861.31,617.96,579.17,788.03,831.36,749.11,647.65,583.85,607.98,601.66,588.52,0,0,0,0,0,0,0,0,0,0,0,0,0,0,0,0,0,0,0,0,0,0,0,0,0,0,0,0,0,0,0,0,0,0,0,0,0,0,0,0,0,93.24,181.06,198.49,314.86,314.98,314.98,241.32,289.08,0,0,0,0,0,0,29.69,145.43,175.88,291.74,251.43,498.82,0,,520,79,,,,,,,,,,,,,,,,,,,,
2,0,0,0,0,0,0,0,0,0,0,0,0,0,0,0,0,0,0,0,0,0,0,0,0,0,0,0,0,0,0,0,0,0,0,0,0,0,0,0,0,0,0,0,0,0,0,0,0,0,0,0,0,0,0,0,0,0,0,0,0,0,0,0,0,0,0,0,0,0,0,0,0,0,0,0,0,0,40.05,72.9,50.29,251.56,204.05,223,265.83,302.85,76.57,250.67,288.07,261.54,227.42,326.73,264.57,430.34,317.76,321.3,300.07,524.47,469.88,227.55,326.73,249.28,272.78,392.05,392.05,340.51,235.13,420.1,436.02,334.19,354.78,417.7,440.45,446.13,720.68,401.78,535.46,431.73,518.53,394.33,401.78,532.55,693.27,380.05,451.69,364.64,379.55,398.25,522.19,841.72,324.08,349.35,374.62,409.24,359.08,364.26,499.32,406.84,720.18,439.31,800.53,651.57,519.41,447.27,439.81,462.43,492.12,430.09,447.52,580.82,597.5,464.33,482.39,447.65,619.1,563.51,506.4,463.95,596.86,578.04,1121.46,960.87,573.49,426.04,539.25,901.49,944.7,761.75,664.46,647.02,562.62,675.45,657.13,685.56,602.17,911.59,817.59,795.61,570.58,614.68,455.1,625.8,534.95,657.89,666.1,594.46,733.57,565.66,624.91,617.84,894.92,795.99,542.16,680.63,935.6,996.37,940.4,1299.61,832.5,799.02,483.91,675.83,614.17,540.01,783.73,790.93,529.9,1104.53,863.96,693.9,643.61,871.42,849.81,611.27,579.17,776.02,805.21,734.96,644.12,561.61,587.89,601.66,588.52,0,0,0,0,0,0,0,0,0,0,0,0,0,0,0,0,0,0,0,0,0,0,0,0,0,0,0,0,0,0,0,0,0,0,0,0,0,0,0,0,0,93.24,181.06,196.72,311.19,298.56,314.98,241.32,281.25,0,0,0,0,0,0,0,145.43,175.88,291.74,235.51,488.58,0,,518,80,,,,,,,,,,,,,,,,,,,,
2,0,0,0,0,0,0,0,0,0,0,0,0,0,0,0,0,0,0,0,0,0,0,0,0,0,0,0,0,0,0,0,0,0,0,0,0,0,0,0,0,0,0,0,0,0,0,0,0,0,0,0,0,0,0,0,0,0,0,0,0,0,0,0,0,0,0,0,0,0,0,0,0,0,0,0,0,0,0,0,39.93,220.35,180.8,219.09,258.89,249.41,0,245.62,288.07,261.54,217.7,313.47,247.26,384.35,309.3,317.13,300.07,509.94,458.39,223.26,307.4,249.28,257.75,386.24,383.59,340.51,235.13,397.24,406.96,334.19,342.02,400.77,440.45,438.3,713.1,401.78,513.6,426.67,512.21,387.38,389.91,525.86,682.15,377.65,443.23,364.64,349.6,385.11,514.49,841.72,310.81,349.35,367.54,394.58,352.63,352.38,483.4,391.8,696.93,432.74,797.88,633.5,519.41,431.85,424.65,462.43,492.12,430.09,424.4,580.82,590.8,457,482.39,447.65,619.1,563.51,506.4,450.43,591.3,578.04,1111.22,949.12,568.31,426.04,524.97,864.34,930.55,750.88,664.46,631.99,552.77,669.77,644.5,668.75,591.81,911.59,803.82,780.95,559.09,606.59,440.95,625.8,534.95,657.89,666.1,594.46,733.57,546.83,606.72,617.84,854.11,775.27,533.56,680.63,928.78,993.72,918.42,1226.32,832.5,788.91,483.91,675.83,589.28,540.01,775.01,776.91,519.03,1096.69,848.93,689.85,643.61,863.33,836.29,611.27,574.12,776.02,805.21,717.15,634.01,561.61,587.89,601.66,561.23,0,0,0,0,0,0,0,0,0,0,0,0,0,0,0,0,0,0,0,0,0,0,0,0,0,0,0,0,0,0,0,0,0,0,0,0,0,0,0,0,0,93.24,166.78,178.65,302.35,298.56,309.68,241.32,281.25,0,0,0,0,0,0,0,120.41,160.84,284.79,235.51,488.58,0,,516,81,,,,,,,,,,,,,,,,,,,,
2,0,0,0,0,0,0,0,0,0,0,0,0,0,0,0,0,0,0,0,0,0,0,0,0,0,0,0,0,0,0,0,0,0,0,0,0,0,0,0,0,0,0,0,0,0,0,0,0,0,0,0,0,0,0,0,0,0,0,0,0,0,0,0,0,0,0,0,0,0,0,0,0,0,0,0,0,0,0,0,0,198.11,180.8,219.09,258.89,203.8,0,235.76,279.23,261.54,217.7,294.89,247.26,370.32,300.96,310.31,300.07,509.94,458.39,207.97,301.84,232.6,257.75,374.37,370.2,332.92,228.18,397.24,391.93,334.19,335.7,391.68,414.29,423.64,691.12,401.78,485.3,407.47,512.21,380.56,380.3,519.16,682.15,377.65,437.03,359.84,340.88,370.07,493.01,819.87,302.6,334.69,355.92,394.58,352.63,344.67,483.4,383.97,666.35,408.99,637.55,624.79,519.41,425.03,418.08,462.43,492.12,409.87,406.46,565.4,568.44,447.52,471.53,427.94,610,556.56,506.4,440.57,591.3,578.04,1111.22,942.8,551.13,418.84,524.97,817.84,906.67,734.08,664.46,631.99,552.77,654.48,632.11,668.75,591.81,888.6,797.76,769.45,546.96,590.93,432.23,608.11,534.95,639.19,650.94,587.51,728.9,539.63,596.11,602.8,854.11,751.76,533.56,668.38,913.36,978.94,895.8,1226.32,832.5,785.63,483.91,675.83,589.28,508.17,766.93,776.91,519.03,1096.69,835.91,689.85,631.86,853.85,819.74,611.27,574.12,776.02,791.94,697.81,634.01,561.61,587.89,584.23,547.21,0,0,0,0,0,0,0,0,0,0,0,0,0,0,0,0,0,0,0,0,0,0,0,0,0,0,0,0,0,0,0,0,0,0,0,0,0,0,0,0,0,81.75,166.78,178.65,289.08,290.22,309.68,233.11,265.46,0,0,0,0,0,0,0,120.41,160.84,270.76,235.51,468.62,0,,514,82,,,,,,,,,,,,,,,,,,,,
2,0,0,0,0,0,0,0,0,0,0,0,0,0,0,0,0,0,0,0,0,0,0,0,0,0,0,0,0,0,0,0,0,0,0,0,0,0,0,0,0,0,0,0,0,0,0,0,0,0,0,0,0,0,0,0,0,0,0,0,0,0,0,0,0,0,0,0,0,0,0,0,0,0,0,0,0,0,0,0,0,153.76,148.46,212.26,238.8,141.38,0,228.18,257.12,249.66,217.7,281.88,238.67,304.12,300.96,303.23,293.13,509.94,444.87,207.97,301.84,232.6,257.75,368.68,356.68,332.92,228.18,381.32,391.93,318.9,326.99,391.68,414.29,423.64,691.12,401.78,485.3,407.47,500.71,355.67,373.48,467.86,660.16,358.83,422.88,344.67,340.88,361.98,493.01,781.84,302.6,334.69,347.33,363.75,342.53,344.67,466.22,383.97,636.66,408.99,618.85,616.19,519.41,408.35,414.8,446.51,483.78,372.6,399.13,565.4,546.2,437.92,471.53,418.46,595.6,547.84,500.21,434,591.3,578.04,1102.63,939.14,551.13,418.84,517.01,799.78,892.64,718.03,652.2,623.27,552.77,637.04,624.28,659.78,591.81,888.6,796.11,750.5,546.96,590.93,427.31,608.11,534.95,639.19,638.81,578.54,728.9,522.19,583.72,602.8,838.19,735.59,533.56,668.38,878.74,968.07,873.82,1226.32,832.5,767.31,473.8,645.63,589.28,508.17,733.57,776.91,519.03,1080.65,835.91,689.85,631.86,853.85,789.16,603.05,574.12,776.02,791.94,685.43,634.01,561.61,587.89,584.23,537.73,0,0,0,0,0,0,0,0,0,0,0,0,0,0,0,0,0,0,0,0,0,0,0,0,0,0,0,0,0,0,0,0,0,0,0,0,0,0,0,0,0,72.65,158.82,174.99,289.08,278.6,293,233.11,265.46,0,0,0,0,0,0,0,120.41,160.84,270.76,227.42,468.62,0,,512,83,,,,,,,,,,,,,,,,,,,,
2,0,0,0,0,0,0,0,0,0,0,0,0,0,0,0,0,0,0,0,0,0,0,0,0,0,0,0,0,0,0,0,0,0,0,0,0,0,0,0,0,0,0,0,0,0,0,0,0,0,0,0,0,0,0,0,0,0,0,0,0,0,0,0,0,0,0,0,0,0,0,0,0,0,0,0,0,0,0,0,0,134.94,96.66,212.26,229.07,101.2,0,219.21,251.81,239.55,204.56,249.54,219.84,218.2,243.47,293,293.13,501.98,428.95,207.97,286.43,232.6,257.75,361.86,341.77,332.92,212.01,381.32,371.71,318.9,326.99,371.08,414.29,413.28,669.51,382.07,470.52,387.76,493.64,355.67,368.05,453.33,660.16,358.83,422.88,344.67,319.03,361.98,485.05,781.84,302.6,334.69,339.87,363.75,333.18,334.44,453.96,373.73,596.48,402.16,611.27,591.94,501.85,394.58,409.74,446.51,483.78,363.75,384.22,565.4,535.84,420.61,459.52,418.46,595.6,547.84,480.88,420.36,579.3,367.04,1091.39,924.48,528.64,418.84,501.35,766.04,864.72,689.48,652.2,608.49,552.77,629.71,615.82,652.58,591.81,865.86,781.58,729.91,520.55,569.7,427.31,608.11,516.76,639.19,623.27,553.91,719.29,507.92,548.85,586.5,838.19,727.25,525.73,653.97,866.24,957.58,873.82,1226.32,814.31,767.31,473.8,645.63,582.59,508.17,733.57,767.18,519.03,1073.32,835.91,689.85,620.24,839.2,777.79,603.05,574.12,766.29,711.08,685.43,634.01,554.41,576.9,584.23,533.31,0,0,0,0,0,0,0,0,0,0,0,0,0,0,0,0,0,0,0,0,0,0,0,0,0,0,0,0,0,0,0,0,0,0,0,0,0,0,0,0,0,63.3,152.37,174.99,281.25,278.6,293,229.07,265.46,0,0,0,0,0,0,0,109.42,154.9,262.42,227.42,458.13,0,,510,84,,,,,,,,,,,,,,,,,,,,
2,0,0,0,0,0,0,0,0,0,0,0,0,0,0,0,0,0,0,0,0,0,0,0,0,0,0,0,0,0,0,0,0,0,0,0,0,0,0,0,0,0,0,0,0,0,0,0,0,0,0,0,0,0,0,0,0,0,0,0,0,0,0,0,0,0,0,0,0,0,0,0,0,0,0,0,0,0,0,0,0,104.87,67.97,198.87,115.99,13.27,0,212.26,251.81,227.93,197.99,231.22,211.88,87.31,201.02,270.13,270.64,492.12,428.95,198.36,286.43,232.6,248.65,351.37,319.41,325.47,212.01,381.32,356.3,310.69,313.47,364.13,386.12,413.28,669.51,380.56,450.81,379.29,485.8,348.47,348.72,439.43,643.74,352.13,422.88,338.23,319.03,345.05,463.57,728.01,286.81,334.69,339.87,357.69,333.18,325.6,453.96,373.73,568.56,378.54,602.68,575.38,494.77,386.24,394.2,425.41,471.53,363.75,384.22,546.07,515.24,420.61,459.52,400.65,569.07,537.73,469.88,416.06,579.3,363.88,1091.39,908.44,509.56,418.84,501.35,766.04,864.72,682.91,652.2,608.49,540.51,598.25,603.05,644.37,591.81,835.79,771.22,712.22,520.55,569.7,409.36,592.06,516.76,613.29,609.5,553.91,702.24,492,548.85,584.61,817.47,706.28,510.19,653.97,830.1,953.41,852.08,1226.32,814.31,748.99,473.8,637.42,575.13,494.02,722.71,750,519.03,1066.5,811.91,689.85,620.24,826.94,773.12,603.05,562.12,766.29,704.51,676.59,625.42,554.41,576.9,572.73,533.31,0,0,0,0,0,0,0,0,0,0,0,0,0,0,0,0,0,0,0,0,0,0,0,0,0,0,0,0,0,0,0,0,0,0,0,0,0,0,0,0,0,57.87,144.41,159.7,281.25,275.94,293,229.07,247.51,0,0,0,0,0,0,0,106.01,154.9,262.42,227.42,458.13,0,,508,85,,,,,,,,,,,,,,,,,,,,
2,0,0,0,0,0,0,0,0,0,0,0,0,0,0,0,0,0,0,0,0,0,0,0,0,0,0,0,0,0,0,0,0,0,0,0,0,0,0,0,0,0,0,0,0,0,0,0,0,0,0,0,0,0,0,0,0,0,0,0,0,0,0,0,0,0,0,0,0,0,0,0,0,0,0,0,0,0,0,0,0,58.12,0,178.02,23.37,0,0,193.69,220.1,220.85,197.99,182.45,199.75,0,0,270.13,270.64,492.12,406.84,185.6,273.04,215.17,245.74,346.19,303.99,317.76,212.01,369.44,347.96,302.85,313.47,348.59,386.12,392.43,660.42,380.56,431.98,369.57,485.8,329.26,344.8,424.27,643.74,336.21,410.5,338.23,312.84,345.05,463.57,719.55,286.81,309.3,339.87,357.69,322.06,325.6,453.96,373.73,528.51,375.12,589.54,549.48,494.77,379.29,386.12,425.41,471.53,355.16,367.29,546.07,502.99,397.36,448.53,400.65,554.79,537.73,457.5,410.38,579.3,363.88,1075.97,908.44,502.86,399.38,501.35,759.98,841.34,666.86,639.82,591.05,540.51,583.47,603.05,638.43,591.81,828.96,756.19,672.55,520.55,536.97,409.36,592.06,516.76,613.29,592.06,534.83,691.37,484.67,538.49,577.15,817.47,690.87,510.19,643.23,818.35,941.16,852.08,1203.08,814.31,748.99,473.8,625.8,569.07,494.02,711.33,750,519.03,1055.38,811.91,689.85,620.24,789.29,752.02,603.05,562.12,766.29,689.48,667.62,595.22,554.41,576.9,572.73,533.31,0,0,0,0,0,0,0,0,0,0,0,0,0,0,0,0,0,0,0,0,0,0,0,0,0,0,0,0,0,0,0,0,0,0,0,0,0,0,0,0,0,49.65,136.45,159.7,274.05,268.23,278.34,221.87,247.51,0,0,0,0,0,0,0,103.6,154.9,253.7,220.35,440.7,0,,506,86,,,,,,,,,,,,,,,,,,,,
2,0,0,0,0,0,0,0,0,0,0,0,0,0,0,0,0,0,0,0,0,0,0,0,0,0,0,0,0,0,0,0,0,0,0,0,0,0,0,0,0,0,0,0,0,0,0,0,0,0,0,0,0,0,0,0,0,0,0,0,0,0,0,0,0,0,0,0,0,0,0,0,0,0,0,0,0,0,0,0,0,0,0,165.01,0,0,0,159.7,204.05,197.86,189.39,37.15,128.24,0,0,244.48,239.3,484.54,378.41,185.6,273.04,215.17,245.74,324.71,283.52,308.79,207.46,359.46,347.96,302.85,313.47,333.43,366.41,392.43,625.17,380.56,412.14,353.77,475.57,329.26,333.68,401.15,626.18,336.21,396.6,338.23,301.21,333.3,446.76,702.62,281.63,309.3,317.64,331.53,322.06,316.88,424.78,357.18,475.57,360.34,573.99,522.57,469.38,363.88,375.12,410.63,464.96,348.34,360.59,522.44,475.57,387.13,448.53,400.65,546.96,537.73,449.92,410.38,567.17,355.29,1059.67,890.62,492.5,399.38,468.75,742.92,833.76,647.02,630.22,583.98,528.26,573.36,595.73,619.86,591.81,813.67,736.98,637.55,503.49,536.97,409.36,592.06,507.66,605.58,584.1,534.83,691.37,484.67,516.13,569.07,817.47,676.08,510.19,631.23,791.69,855.24,822.01,1203.08,814.31,734.33,473.8,618.34,569.07,484.41,696.17,734.96,519.03,1039.84,811.91,680.51,612.28,789.29,752.02,583.22,562.12,766.29,682.91,667.62,595.22,554.41,568.81,558.45,521.69,0,0,0,0,0,0,0,0,0,0,0,0,0,0,0,0,0,0,0,0,0,0,0,0,0,0,0,0,0,0,0,0,0,0,0,0,0,0,0,0,0,14.02,128.62,145.3,270.26,268.23,278.34,221.87,247.51,0,0,0,0,0,0,0,91.85,147.19,253.7,209.1,440.7,0,,504,87,,,,,,,,,,,,,,,,,,,,
2,0,0,0,0,0,0,0,0,0,0,0,0,0,0,0,0,0,0,0,0,0,0,0,0,0,0,0,0,0,0,0,0,0,0,0,0,0,0,0,0,0,0,0,0,0,0,0,0,0,0,0,0,0,0,0,0,0,0,0,0,0,0,0,0,0,0,0,0,0,0,0,0,0,0,0,0,0,0,0,0,0,0,85.92,0,0,0,0,162.23,183.2,176.63,0,0,0,0,215.3,218.45,477.72,369.44,185.6,266.21,207.71,245.74,310.81,257.75,302.35,202.16,349.1,324.46,280.87,313.47,315.11,366.41,387.51,615.82,370.7,410.88,348.21,475.57,311.45,311.19,393.95,616.19,336.21,389.02,330.14,301.21,333.3,446.76,690.87,268.74,309.3,317.64,324.59,307.78,306.9,424.78,352,459.65,360.34,547.21,501.85,469.38,356.8,375.12,403.05,464.96,348.34,353.65,522.44,459.9,369.44,448.53,377.9,535.08,524.97,435.27,400.65,567.17,347.96,1047.42,890.62,477.97,399.38,468.75,742.92,828.46,630.47,630.22,575.38,528.26,546.2,577.41,615.18,580.19,786.13,684.42,597.24,503.49,520.3,401.4,570.2,502.86,593.45,584.1,512.72,682.27,468.87,516.13,569.07,801.67,649.55,510.19,631.23,767.05,855.24,815.57,1180.59,803.95,704.64,473.8,603.31,549.36,475.95,684.67,727.38,510.69,1027.33,806.73,680.51,612.28,752.9,752.02,583.22,562.12,766.29,682.91,658.77,595.22,545.82,568.81,547.34,521.69,0,0,0,0,0,0,0,0,0,0,0,0,0,0,0,0,0,0,0,0,0,0,0,0,0,0,0,0,0,0,0,0,0,0,0,0,0,0,0,0,0,0,120.79,145.3,261.41,260.15,278.34,216.31,227.17,0,0,0,0,0,0,0,91.85,138.48,237.91,209.1,431.22,0,,502,88,,,,,,,,,,,,,,,,,,,,
2,0,0,0,0,0,0,0,0,0,0,0,0,0,0,0,0,0,0,0,0,0,0,0,0,0,0,0,0,0,0,0,0,0,0,0,0,0,0,0,0,0,0,0,0,0,0,0,0,0,0,0,0,0,0,0,0,0,0,0,0,0,0,0,0,0,0,0,0,0,0,0,0,0,0,0,0,0,0,0,0,0,0,62.54,0,0,0,0,97.79,165.51,176.63,0,0,0,0,180.93,187.37,477.72,348.34,168.93,257.75,207.71,234.88,279.48,232.48,295.65,195.08,334.31,324.46,277.84,300.33,295.9,346.95,379.55,591.56,370.7,386.37,348.21,456.11,311.45,311.19,385.74,602.8,322.44,379.17,318.02,301.21,333.3,437.41,667.11,268.74,309.3,310.94,324.59,307.78,300.07,405.45,344.3,450.93,346.95,529.77,450.81,461.17,343.28,365.52,387.38,460.66,309.8,344.04,514.36,452.95,363.12,434.38,377.9,535.08,521.94,435.27,400.65,567.17,339.49,1015.83,863.46,477.97,399.38,468.75,725.23,798.51,611.52,630.22,575.38,521.06,546.2,577.41,606.72,580.19,771.73,671.41,579.81,483.4,520.3,384.85,570.2,502.86,586.38,569.07,497.18,682.27,468.87,506.9,558.33,781.08,649.55,496.42,631.23,767.05,855.24,795.48,1157.84,803.95,695.04,467.74,603.31,549.36,475.95,684.67,720.43,510.69,1027.33,791.56,680.51,612.28,748.73,741.15,583.22,553.78,741.28,659.53,642.6,595.22,537.73,568.81,547.34,521.69,0,0,0,0,0,0,0,0,0,0,0,0,0,0,0,0,0,0,0,0,0,0,0,0,0,0,0,0,0,0,0,0,0,0,0,0,0,0,0,0,0,0,113.08,145.3,255.85,260.15,263.43,216.31,227.17,0,0,0,0,0,0,0,79.09,138.48,237.91,209.1,418.08,0,,500,89,,,,,,,,,,,,,,,,,,,,
2,0,0,0,0,0,0,0,0,0,0,0,0,0,0,0,0,0,0,0,0,0,0,0,0,0,0,0,0,0,0,0,0,0,0,0,0,0,0,0,0,0,0,0,0,0,0,0,0,0,0,0,0,0,0,0,0,0,0,0,0,0,0,0,0,0,0,0,0,0,0,0,0,0,0,0,0,0,0,0,0,0,0,0,0,0,0,0,29.82,158.31,159.07,0,0,0,0,53.7,131.91,461.29,333.56,164.76,136.71,162.86,234.88,211.25,195.33,287.19,181.56,320.67,256.74,277.84,300.33,290.22,337.47,373.99,591.56,369.19,386.37,341.39,449.29,306.14,295.53,372.47,596.23,322.44,370.07,318.02,295.9,296.28,418.71,648.41,251.3,303.23,293.76,311.32,301.34,300.07,387.51,344.3,423.01,331.28,510.69,433.88,454.6,333.68,365.52,387.38,443.98,301.59,330.78,514.36,428.57,355.41,426.93,368.55,527.37,512.46,435.27,387.13,567.17,339.49,995.24,863.46,457.25,399.38,468.75,715.76,798.51,611.52,620.87,575.38,508.29,546.2,573.36,585.37,580.19,771.73,654.35,570.58,458.89,497.3,384.85,563,502.86,575.13,558.07,484.67,662.94,451.31,496.54,537.23,771.73,643.99,483.4,606.21,767.05,855.24,783.6,1157.84,803.95,670.78,467.74,594.08,549.36,475.95,663.57,705.65,505.89,1005.47,791.56,680.51,599.14,727.25,731.8,561.11,553.78,741.28,659.53,642.6,591.56,537.73,557.7,547.34,521.69,0,0,0,0,0,0,0,0,0,0,0,0,0,0,0,0,0,0,0,0,0,0,0,0,0,0,0,0,0,0,0,0,0,0,0,0,0,0,0,0,0,0,98.8,127.48,248.9,255.6,263.43,216.31,227.17,0,0,0,0,0,0,0,79.09,129.76,237.91,209.1,418.08,0,,498,90,,,,,,,,,,,,,,,,,,,,
2,0,0,0,0,0,0,0,0,0,0,0,0,0,0,0,0,0,0,0,0,0,0,0,0,0,0,0,0,0,0,0,0,0,0,0,0,0,0,0,0,0,0,0,0,0,0,0,0,0,0,0,0,0,0,0,0,0,0,0,0,0,0,0,0,0,0,0,0,0,0,0,0,0,0,0,0,0,0,0,0,0,0,0,0,0,0,0,0,130.64,159.07,0,0,0,0,0,131.91,435.52,227.17,142.9,0,156.42,212.64,104.74,57.61,245.24,181.56,279.99,0,251.18,295.65,267.98,337.47,367.42,591.56,369.19,365.14,329.89,449.29,297.17,281.88,364.13,583.72,313.34,370.07,310.18,286.68,296.28,402.67,618.47,251.3,303.23,288.32,289.71,301.34,296.54,380.3,344.3,423.01,331.28,493.13,418.21,433.62,315.36,355.79,370.7,434.51,286.81,323.95,488.46,421.62,337.35,414.42,362.74,515.24,498.69,427.05,381.19,549.36,339.49,973.63,847.79,451.06,392.56,453.21,715.76,781.2,597.62,612.53,554.28,508.29,529.9,564.52,578.67,570.46,764.53,643.23,570.58,458.89,497.3,384.85,552.64,492.63,562.12,541.02,484.67,662.94,446.51,496.54,532.81,757.07,643.99,483.4,606.21,767.05,855.24,765.16,1131.31,784.74,651.45,467.74,587.26,549.36,457.88,663.57,697.06,505.89,1005.47,791.56,672.17,599.14,727.25,731.8,561.11,553.78,741.28,655.99,630.09,591.56,537.73,557.7,547.34,514.74,0,0,0,0,0,0,0,0,0,0,0,0,0,0,0,0,0,0,0,0,0,0,0,0,0,0,0,0,0,0,0,0,0,0,0,0,0,0,0,0,0,0,90.59,127.48,239.3,249.16,263.43,196.98,227.17,0,0,0,0,0,0,0,79.09,129.76,216.05,194.83,408.73,0,,496,91,,,,,,,,,,,,,,,,,,,,
2,0,0,0,0,0,0,0,0,0,0,0,0,0,0,0,0,0,0,0,0,0,0,0,0,0,0,0,0,0,0,0,0,0,0,0,0,0,0,0,0,0,0,0,0,0,0,0,0,0,0,0,0,0,0,0,0,0,0,0,0,0,0,0,0,0,0,0,0,0,0,0,0,0,0,0,0,0,0,0,0,0,0,0,0,0,0,0,0,61.91,134.94,0,0,0,0,0,0,393.95,175.12,0,0,67.22,139.36,0,0,185.22,150.73,142.77,0,137.59,276.45,192.55,313.47,358.7,440.57,358.57,365.14,329.89,449.29,279.35,277.33,341.14,562.62,310.69,347.08,303.11,286.68,296.28,402.67,606.72,251.3,295.15,288.32,289.71,272.91,288.07,372.47,329.39,416.57,322.06,479.23,398.12,426.67,315.36,341.9,365.52,434.51,286.81,309.04,488.46,390.54,332.29,403.81,355.54,507.54,470.77,427.05,381.19,549.36,336.34,947.98,833.01,440.7,392.56,438.17,710.07,774.13,587.51,612.53,554.28,499.58,516.13,564.52,578.67,559.59,759.98,617.96,560.1,451.94,488.84,371.71,552.64,481,546.2,521.18,465.84,657.38,446.51,488.46,532.81,757.07,643.99,473.04,597.62,767.05,855.24,753.28,1131.31,784.74,632.11,460.79,568.81,535.96,457.88,650.81,697.06,505.89,991.07,791.56,672.17,599.14,719.42,731.8,545.82,539.75,732.81,640.96,630.09,591.56,537.73,557.7,539.38,510.19,0,0,0,0,0,0,0,0,0,0,0,0,0,0,0,0,0,0,0,0,0,0,0,0,0,0,0,0,0,0,0,0,0,0,0,0,0,0,0,0,0,0,90.59,120.54,220.48,249.16,249.16,196.98,223,0,0,0,0,0,0,0,63.93,122.05,216.05,194.83,393.7,0,,494,92,,,,,,,,,,,,,,,,,,,,
2,0,0,0,0,0,0,0,0,0,0,0,0,0,0,0,0,0,0,0,0,0,0,0,0,0,0,0,0,0,0,0,0,0,0,0,0,0,0,0,0,0,0,0,0,0,0,0,0,0,0,0,0,0,0,0,0,0,0,0,0,0,0,0,0,0,0,0,0,0,0,0,0,0,0,0,0,0,0,0,0,0,0,0,0,0,0,0,0,0,104.62,0,0,0,0,0,0,355.67,0,0,0,0,0,0,0,0,92.61,0,0,0,0,0,286.93,348.84,425.28,358.57,348.09,319.66,426.55,279.35,268.87,327.87,493.01,310.69,347.08,296.79,286.68,284.41,394.71,576.14,251.3,275.82,282.26,282.39,272.91,288.07,351.12,326.99,359.08,308.54,456.62,383.84,419.72,296.92,341.9,355.54,424.02,270.51,303.61,481,375.25,320.16,389.53,346.19,494.27,425.16,427.05,381.19,549.36,331.91,921.95,764.9,440.7,383.59,438.17,696.93,762.76,564.77,604.7,543.8,499.58,516.13,564.52,564.77,559.59,750.63,602.68,539.5,451.94,471.4,362.11,543.8,481,533.82,521.18,457,649.55,446.51,471.91,520.55,757.07,628.2,473.04,597.62,638.56,855.24,722.96,826.06,784.74,619.23,460.79,568.81,535.96,457.88,635.9,690.61,505.89,975.78,777.29,670.4,599.14,719.42,723.21,521.69,539.75,732.81,627.69,617.46,556.43,537.73,548.09,534.7,510.19,0,0,0,0,0,0,0,0,0,0,0,0,0,0,0,0,0,0,0,0,0,0,0,0,0,0,0,0,0,0,0,0,0,0,0,0,0,0,0,0,0,0,71.39,114.34,218.33,249.16,249.16,196.98,215.55,0,0,0,0,0,0,0,52.81,122.05,207.71,194.83,387.13,0,,492,93,,,,,,,,,,,,,,,,,,,,
2,0,0,0,0,0,0,0,0,0,0,0,0,0,0,0,0,0,0,0,0,0,0,0,0,0,0,0,0,0,0,0,0,0,0,0,0,0,0,0,0,0,0,0,0,0,0,0,0,0,0,0,0,0,0,0,0,0,0,0,0,0,0,0,0,0,0,0,0,0,0,0,0,0,0,0,0,0,0,0,0,0,0,0,0,0,0,0,0,0,64.94,0,0,0,0,0,0,307.02,0,0,0,0,0,0,0,0,0,0,0,0,0,0,286.93,284.79,410.25,355.04,334.31,308.67,426.55,265.2,268.87,318.27,456.87,287.82,343.28,296.79,283.65,284.41,378.03,557.06,246.12,269.88,260.65,273.54,263.43,273.29,330.52,311.82,327.49,301.08,439.31,378.54,410.88,292.37,341.9,325.6,417.58,270.51,290.09,481,375.25,311.57,382.45,346.19,484.41,360.97,419.6,381.19,549.36,331.91,906.54,680.25,420.61,383.59,438.17,696.93,754.92,557.95,596.61,543.8,486.56,497.68,538.49,545.95,544.18,739.64,584.99,539.5,425.16,471.4,349.6,535.21,481,523.08,498.44,457,634.77,430.59,471.91,507.28,757.07,628.2,466.09,597.62,621.25,855.24,704.38,807.48,766.17,596.23,460.79,560.22,528.89,457.88,635.9,670.9,505.89,968.96,777.29,670.4,599.14,708.3,718.41,513.35,539.75,732.81,627.69,617.46,556.43,537.73,548.09,534.7,510.19,0,0,0,0,0,0,0,0,0,0,0,0,0,0,0,0,0,0,0,0,0,0,0,0,0,0,0,0,0,0,0,0,0,0,0,0,0,0,0,0,0,0,68.61,106.64,211.13,238.54,249.16,188.26,215.55,0,0,0,0,0,0,0,46.37,122.05,207.71,185.48,387.13,0,,490,94,,,,,,,,,,,,,,,,,,,,
2,0,0,0,0,0,0,0,0,0,0,0,0,0,0,0,0,0,0,0,0,0,0,0,0,0,0,0,0,0,0,0,0,0,0,0,0,0,0,0,0,0,0,0,0,0,0,0,0,0,0,0,0,0,0,0,0,0,0,0,0,0,0,0,0,0,0,0,0,0,0,0,0,0,0,0,0,0,0,0,0,0,0,0,0,0,0,0,0,0,0,0,0,0,0,0,0,65.32,0,0,0,0,0,0,0,0,0,0,0,0,0,0,0,0,297.67,355.04,324.21,300.07,415.68,265.2,262.17,289.59,416.19,287.82,333.43,267.86,278.09,272.78,371.46,529.39,236.52,265.46,260.65,269.75,263.43,273.29,320.67,311.82,327.49,292.75,433.5,378.54,400.39,286.05,333.05,325.6,417.58,263.56,280.24,458.64,349.73,311.57,366.15,346.19,470.52,360.97,419.6,381.19,545.44,331.91,892.89,633.12,415.43,383.59,431.35,677.35,749.24,538.11,587.39,517.39,479.11,492.25,538.49,545.95,544.18,729.02,576.4,525.35,425.16,457.12,349.6,521.69,469.88,523.08,498.44,441.58,634.77,411.39,459.02,492.75,743.68,628.2,457.5,585.49,602.42,689.1,697.44,807.48,758.33,596.23,458.51,548.35,521.06,438.68,615.18,670.9,505.89,955.56,769.71,670.4,599.14,708.3,718.41,513.35,539.75,725.11,620.62,599.64,556.43,537.73,548.09,534.7,502.23,0,0,0,0,0,0,0,0,0,0,0,0,0,0,0,0,0,0,0,0,0,0,0,0,0,0,0,0,0,0,0,0,0,0,0,0,0,0,0,0,0,0,68.61,99.06,196.85,238.54,228.94,188.26,207.71,0,0,0,0,0,0,0,0,122.05,204.68,185.48,375.63,0,,488,95,,,,,,,,,,,,,,,,,,,,
2,0,0,0,0,0,0,0,0,0,0,0,0,0,0,0,0,0,0,0,0,0,0,0,0,0,0,0,0,0,0,0,0,0,0,0,0,0,0,0,0,0,0,0,0,0,0,0,0,0,0,0,0,0,0,0,0,0,0,0,0,0,0,0,0,0,0,0,0,0,0,0,0,0,0,0,0,0,0,0,0,0,0,0,0,0,0,0,0,0,0,0,0,0,0,0,0,65.32,0,0,0,0,0,0,0,0,0,0,0,0,0,0,0,0,0,355.04,314.6,277.33,400.01,247.64,243.72,276.45,381.57,287.82,325.72,267.86,267.22,254.46,363.25,506.78,227.93,265.46,260.65,262.8,258.13,273.29,314.86,308.41,244.73,284.53,419.72,349.73,400.39,280.74,333.05,316.75,406.84,258.38,276.45,458.64,331.03,294.26,359.71,330.78,462.18,349.85,412.14,372.72,545.44,331.91,880.77,607.86,415.43,376.89,431.35,670.52,734.46,515.12,587.39,510.44,475.82,485.3,530.91,534.7,544.18,710.58,561.99,507.16,419.35,441.33,342.65,514.74,469.88,470.01,498.44,423.39,620.24,411.39,450.17,492.75,730.29,618.6,448.91,568.44,602.42,689.1,682.15,792.83,758.33,585.11,458.51,541.27,514.11,438.68,615.18,653.34,499.45,941.92,762.63,658.9,596.11,683.54,690.61,492.12,539.75,704.64,607.1,587.77,531.54,537.73,531.29,523.58,502.23,0,0,0,0,0,0,0,0,0,0,0,0,0,0,0,0,0,0,0,0,0,0,0,0,0,0,0,0,0,0,0,0,0,0,0,0,0,0,0,0,0,0,52.18,81.49,181.18,231.22,228.94,180.3,207.71,0,0,0,0,0,0,0,0,109.8,196.98,178.28,359.71,0,,486,96,,,,,,,,,,,,,,,,,,,,
2,0,0,0,0,0,0,0,0,0,0,0,0,0,0,0,0,0,0,0,0,0,0,0,0,0,0,0,0,0,0,0,0,0,0,0,0,0,0,0,0,0,0,0,0,0,0,0,0,0,0,0,0,0,0,0,0,0,0,0,0,0,0,0,0,0,0,0,0,0,0,0,0,0,0,0,0,0,0,0,0,0,0,0,0,0,0,0,0,0,0,0,0,0,0,0,0,0,0,0,0,0,0,0,0,0,0,0,0,0,0,0,0,0,0,325.85,302.85,241.32,363.75,247.64,243.72,276.45,363.63,276.07,325.72,258.89,259.26,247.89,363.25,461.92,227.93,255.6,237.79,237.15,242.84,273.29,297.93,293.13,234.37,271.14,393.82,342.65,370.07,273.67,268.11,304.24,393.95,246.12,264.19,444.11,311.7,294.26,350.99,330.78,441.58,337.6,412.14,348.97,535.21,327.62,863.71,579.81,393.19,376.89,431.35,651.19,722.33,499.58,575.76,491.74,461.29,485.3,521.94,511.71,528.76,695.16,554.54,507.16,398.88,431.22,342.65,514.74,469.88,470.01,484.41,423.39,614.68,411.39,450.17,482.9,730.29,605.96,448.91,568.44,577.41,689.1,652.71,779.56,758.33,585.11,458.51,529.65,514.11,438.68,605.08,642.85,484.16,906.92,762.63,658.9,596.11,683.54,679.12,484.67,539.75,704.64,601.03,587.77,531.54,537.73,531.29,523.58,502.23,0,0,0,0,0,0,0,0,0,0,0,0,0,0,0,0,0,0,0,0,0,0,0,0,0,0,0,0,0,0,0,0,0,0,0,0,0,0,0,0,0,0,24.13,81.49,181.18,219.84,225.28,180.3,202.79,0,0,0,0,0,0,0,0,109.8,188.38,178.28,359.71,0,,484,97,,,,,,,,,,,,,,,,,,,,
2,0,0,0,0,0,0,0,0,0,0,0,0,0,0,0,0,0,0,0,0,0,0,0,0,0,0,0,0,0,0,0,0,0,0,0,0,0,0,0,0,0,0,0,0,0,0,0,0,0,0,0,0,0,0,0,0,0,0,0,0,0,0,0,0,0,0,0,0,0,0,0,0,0,0,0,0,0,0,0,0,0,0,0,0,0,0,0,0,0,0,0,0,0,0,0,0,0,0,0,0,0,0,0,0,0,0,0,0,0,0,0,0,0,0,229.07,256.99,0,274.17,216.94,205.69,250.67,363.63,257.5,308.92,249.91,259.26,234.5,346.7,454.72,219.72,255.6,228.18,237.15,237.66,249.54,289.08,287.44,225.66,256.36,386.62,335.58,361.86,273.67,256.86,304.24,393.95,246.12,246.88,444.11,311.7,288.7,337.09,316.5,429.45,337.6,412.14,348.97,527.88,327.62,842.61,494.52,393.19,357.44,415.81,635.53,708.68,499.58,569.57,491.74,461.29,472.41,521.94,497.68,528.76,664.46,537.61,496.67,391.04,431.22,336.08,502.61,462.94,470.01,463.31,406.08,593.33,402.67,427.94,482.9,730.29,583.98,448.91,568.44,557.82,667.37,652.71,771.6,758.33,567.17,450.3,515.24,507.16,433.24,596.86,642.85,466.35,889.1,751.01,658.9,596.11,683.54,672.42,462.56,539.75,696.55,601.03,587.77,521.56,537.73,531.29,523.58,502.23,0,0,0,0,0,0,0,0,0,0,0,0,0,0,0,0,0,0,0,0,0,0,0,0,0,0,0,0,0,0,0,0,0,0,0,0,0,0,0,0,0,0,0,46.5,167.79,219.84,225.28,180.3,202.79,0,0,0,0,0,0,0,0,109.8,188.38,170.44,348.47,0,,482,98,,,,,,,,,,,,,,,,,,,,
2,0,0,0,0,0,0,0,0,0,0,0,0,0,0,0,0,0,0,0,0,0,0,0,0,0,0,0,0,0,0,0,0,0,0,0,0,0,0,0,0,0,0,0,0,0,0,0,0,0,0,0,0,0,0,0,0,0,0,0,0,0,0,0,0,0,0,0,0,0,0,0,0,0,0,0,0,0,0,0,0,0,0,0,0,0,0,0,0,0,0,0,0,0,0,0,0,0,0,0,0,0,0,0,0,0,0,0,0,0,0,0,0,0,0,103.1,107.9,0,0,106.01,36.89,226.67,349.35,254.08,302.1,233.99,250.55,226.29,339.49,413.41,206.07,255.6,228.18,223,223.26,249.54,273.54,273.79,204.68,248.15,375,326.73,346.82,273.67,249.16,288.32,376.64,246.12,246.88,438.42,295.9,288.7,319.78,304.88,414.67,337.6,412.14,348.97,516.13,324.33,807.99,458.39,393.19,357.44,408.86,628.7,697.44,470.01,562.62,474.81,449.8,472.41,501.98,497.68,528.76,650.69,530.66,486.56,387,421.49,324.71,494.02,447.52,470.01,463.31,406.08,593.33,392.43,427.94,463.82,730.29,578.8,436.66,546.2,544.3,556.31,652.71,771.6,719.29,567.17,450.3,508.67,472.79,433.24,580.31,623.9,448.03,889.1,751.01,646.27,596.11,655.24,651.45,452.32,521.69,696.55,592.82,573.49,521.56,516.89,516.89,512.97,487.07,0,0,0,0,0,0,0,0,0,0,0,0,0,0,0,0,0,0,0,0,0,0,0,0,0,0,0,0,0,0,0,0,0,0,0,0,0,0,0,0,0,0,0,0,167.79,207.97,214.66,162.36,189.77,0,0,0,0,0,0,0,0,100.82,178.15,170.44,336.34,0,,480,99,,,,,,,,,,,,,,,,,,,,
2,0,0,0,0,0,0,0,0,0,0,0,0,0,0,0,0,0,0,0,0,0,0,0,0,0,0,0,0,0,0,0,0,0,0,0,0,0,0,0,0,0,0,0,0,0,0,0,0,0,0,0,0,0,0,0,0,0,0,0,0,0,0,0,0,0,0,0,0,0,0,0,0,0,0,0,0,0,0,0,0,0,0,0,0,0,0,0,0,0,0,0,0,0,0,0,0,0,0,0,0,0,0,0,0,0,0,0,0,0,0,0,0,0,0,0,0,0,0,0,0,0,319.66,242.21,302.1,225.15,250.55,202.66,325.72,357.44,204.18,230.84,218.45,223,223.26,249.54,266.34,273.79,192.55,248.15,345.69,326.73,323.57,250.17,240.19,269.75,365.14,235.64,231.09,409.24,295.9,273.16,319.78,304.88,405.45,326.86,398.5,348.97,516.13,324.33,786.51,442.09,393.19,352.76,408.86,604.82,697.44,461.17,553.27,474.81,449.8,463.57,501.98,497.68,515.24,622.76,525.48,472.16,371.21,408.23,324.71,494.02,447.52,434.63,446.38,389.65,593.33,386.62,427.94,463.82,713.86,570.96,427.56,546.2,535.21,556.31,635.15,742.16,719.29,567.17,450.3,501.98,472.79,421.87,568.69,623.9,448.03,889.1,751.01,637.04,591.05,655.24,636.79,448.03,521.69,696.55,585.49,558.71,514.74,516.89,516.89,501.72,487.07,0,0,0,0,0,0,0,0,0,0,0,0,0,0,0,0,0,0,0,0,0,0,0,0,0,0,0,0,0,0,0,0,0,0,0,0,0,0,0,0,0,0,0,0,144.16,204.93,205.06,162.36,189.77,0,0,0,0,0,0,0,0,90.21,178.15,170.44,329.01,0,,478,100,,,,,,,,,,,,,,,,,,,,
2,0,0,0,0,0,0,0,0,0,0,0,0,0,0,0,0,0,0,0,0,0,0,0,0,0,0,0,0,0,0,0,0,0,0,0,0,0,0,0,0,0,0,0,0,0,0,0,0,0,0,0,0,0,0,0,0,0,0,0,0,0,0,0,0,0,0,0,0,0,0,0,0,0,0,0,0,0,0,0,0,0,0,0,0,0,0,0,0,0,0,0,0,0,0,0,0,0,0,0,0,0,0,0,0,0,0,0,0,0,0,0,0,0,0,0,0,0,0,0,0,0,235.38,236.14,294.77,225.15,242.84,194.07,314.86,332.55,204.18,230.84,218.45,207.59,209.74,240.82,248.9,260.15,182.19,241.45,332.17,317.89,307.53,250.17,240.19,248.65,365.14,224.52,231.09,396.22,295.9,273.16,304.88,296.41,387.89,311.07,398.5,334.69,516.13,324.33,769.71,405.19,354.53,352.76,402.04,580.31,676.59,452.83,544.56,474.81,449.8,446.64,491.11,479.11,501.47,600.4,497.3,463.19,350.99,395.97,324.71,487.07,431.98,434.63,446.38,389.65,585.49,378.03,402.16,454.98,697.81,556.94,427.56,534.2,450.43,547.34,635.15,742.16,719.29,540.39,437.79,492.37,465.34,421.87,560.22,609.37,448.03,856,740.01,637.04,591.05,655.24,625.29,448.03,521.69,681.89,577.15,558.71,499.32,516.89,516.89,501.72,487.07,0,0,0,0,0,0,0,0,0,0,0,0,0,0,0,0,0,0,0,0,0,0,0,0,0,0,0,0,0,0,0,0,0,0,0,0,0,0,0,0,0,0,0,0,144.16,197.99,202.79,162.36,179.29,0,0,0,0,0,0,0,0,90.21,178.15,162.36,329.01,0,,476,101,,,,,,,,,,,,,,,,,,,,
2,0,0,0,0,0,0,0,0,0,0,0,0,0,0,0,0,0,0,0,0,0,0,0,0,0,0,0,0,0,0,0,0,0,0,0,0,0,0,0,0,0,0,0,0,0,0,0,0,0,0,0,0,0,0,0,0,0,0,0,0,0,0,0,0,0,0,0,0,0,0,0,0,0,0,0,0,0,0,0,0,0,0,0,0,0,0,0,0,0,0,0,0,0,0,0,0,0,0,0,0,0,0,0,0,0,0,0,0,0,0,0,0,0,0,0,0,0,0,0,0,0,0,198.62,279.73,196.72,232.6,194.07,307.66,324.33,204.18,230.84,199.38,195.46,178.4,228.81,239.17,251.68,151.49,235.13,308.92,304.12,291.36,250.17,235.01,248.65,350.74,224.52,228.31,394.46,273.16,273.16,304.88,284.03,371.59,303.11,398.5,334.69,508.67,324.33,740.65,379.93,354.53,352.76,402.04,562.24,676.59,439.31,537.61,448.41,431.22,446.64,482.27,479.11,501.47,575.89,481.89,455.23,341.52,395.97,324.71,469.88,431.98,434.63,424.15,375.76,585.49,369.31,402.16,454.98,691.88,547.08,415.18,534.2,442.59,526.49,635.15,722.07,719.29,540.39,437.79,492.37,465.34,421.87,536.72,595.22,441.96,841.22,740.01,637.04,591.05,644.37,591.18,448.03,521.69,665.34,577.15,544.43,492.63,516.89,516.89,501.72,487.07,0,0,0,0,0,0,0,0,0,0,0,0,0,0,0,0,0,0,0,0,0,0,0,0,0,0,0,0,0,0,0,0,0,0,0,0,0,0,0,0,0,0,0,0,139.99,185.98,181.43,156.29,171.83,0,0,0,0,0,0,0,0,83.64,159.7,151.49,325.09,0,,474,102,,,,,,,,,,,,,,,,,,,,
2,0,0,0,0,0,0,0,0,0,0,0,0,0,0,0,0,0,0,0,0,0,0,0,0,0,0,0,0,0,0,0,0,0,0,0,0,0,0,0,0,0,0,0,0,0,0,0,0,0,0,0,0,0,0,0,0,0,0,0,0,0,0,0,0,0,0,0,0,0,0,0,0,0,0,0,0,0,0,0,0,0,0,0,0,0,0,0,0,0,0,0,0,0,0,0,0,0,0,0,0,0,0,0,0,0,0,0,0,0,0,0,0,0,0,0,0,0,0,0,0,0,0,0,269.37,196.72,218.96,170.82,279.48,290.72,195.59,208.85,191.92,195.46,178.4,219.72,239.17,244.86,92.61,226.92,302.1,290.6,256.99,238.04,226.41,232.98,341.14,224.52,224.39,377.27,255.85,252.44,289.08,284.03,360.09,303.11,388.14,327.49,498.57,316.63,729.02,367.29,354.53,348.21,386.62,530.91,667.74,412.9,521.94,448.41,431.22,437.92,470.14,479.11,478.98,558.71,464.7,455.23,328.88,395.97,318.27,469.88,425.16,380.68,424.15,375.76,573.36,355.04,395.09,445.88,691.88,529.39,415.18,515.5,423.52,526.49,635.15,697.44,691.24,529.39,437.79,476.58,452.32,408.48,515.87,585.24,441.96,826.06,721.06,637.04,591.05,644.37,591.18,434.63,521.69,665.34,569.19,544.43,492.63,516.89,507.41,501.72,479.49,0,0,0,0,0,0,0,0,0,0,0,0,0,0,0,0,0,0,0,0,0,0,0,0,0,0,0,0,0,0,0,0,0,0,0,0,0,0,0,0,0,0,0,0,119.52,177.52,181.43,145.3,171.83,0,0,0,0,0,0,0,0,75.93,159.7,151.49,296.66,0,,472,103,,,,,,,,,,,,,,,,,,,,
2,0,0,0,0,0,0,0,0,0,0,0,0,0,0,0,0,0,0,0,0,0,0,0,0,0,0,0,0,0,0,0,0,0,0,0,0,0,0,0,0,0,0,0,0,0,0,0,0,0,0,0,0,0,0,0,0,0,0,0,0,0,0,0,0,0,0,0,0,0,0,0,0,0,0,0,0,0,0,0,0,0,0,0,0,0,0,0,0,0,0,0,0,0,0,0,0,0,0,0,0,0,0,0,0,0,0,0,0,0,0,0,0,0,0,0,0,0,0,0,0,0,0,0,233.11,150.73,175.12,117,201.65,151.49,182.7,200.64,166.65,179.79,160.97,219.72,221.74,238.04,71.26,219.34,295.27,283.14,256.99,231.34,226.41,218.07,341.14,217.82,199,368.81,248.9,252.44,266.97,269.25,341.52,294.14,388.14,313.21,498.57,316.63,708.81,358.57,347.96,344.17,386.62,520.93,636.66,404.56,507.92,441.33,414.67,426.04,462.68,462.81,426.93,553.53,451.06,439.81,328.88,370.95,318.27,463.69,425.16,372.22,403.3,375.76,573.36,345.69,378.91,430.84,676.34,513.73,415.18,515.5,423.52,504.76,605.45,689.22,691.24,529.39,427.56,462.43,436.91,408.48,508.42,578.29,441.96,810.9,721.06,630.09,591.05,641.08,574.88,427.43,521.69,649.55,562.62,519.92,478.73,516.89,507.41,478.6,479.49,0,0,0,0,0,0,0,0,0,0,0,0,0,0,0,0,0,0,0,0,0,0,0,0,0,0,0,0,0,0,0,0,0,0,0,0,0,0,0,0,0,0,0,0,119.52,170.69,174.36,145.3,171.83,0,0,0,0,0,0,0,0,75.93,159.7,151.49,296.66,0,,470,104,,,,,,,,,,,,,,,,,,,,
2,0,0,0,0,0,0,0,0,0,0,0,0,0,0,0,0,0,0,0,0,0,0,0,0,0,0,0,0,0,0,0,0,0,0,0,0,0,0,0,0,0,0,0,0,0,0,0,0,0,0,0,0,0,0,0,0,0,0,0,0,0,0,0,0,0,0,0,0,0,0,0,0,0,0,0,0,0,0,0,0,0,0,0,0,0,0,0,0,0,0,0,0,0,0,0,0,0,0,0,0,0,0,0,0,0,0,0,0,0,0,0,0,0,0,0,0,0,0,0,0,0,0,0,0,91.35,0,0,0,0,161.6,200.64,97.03,142.65,160.97,202.28,221.74,229.83,43.21,219.34,271.39,276.07,249.79,231.34,226.41,209.23,310.06,213.15,199,357.56,248.9,252.44,256.74,251.56,334.95,281.25,365.02,299.32,486.82,308.92,690.36,331.41,347.96,344.17,368.05,507.28,636.66,396.86,497.55,425.54,414.67,426.04,454.22,462.81,418.21,544.93,434.13,427.05,328.88,370.95,313.47,463.69,401.03,299.95,403.3,349.1,563,337.22,366.15,424.65,676.34,491.74,410,515.5,414.17,463.82,605.45,663.57,691.24,509.81,427.56,462.43,436.91,400.9,478.73,569.95,441.96,776.28,721.06,630.09,591.05,620.62,549.36,427.43,521.69,649.55,562.62,519.92,465.34,516.89,497.93,478.6,476.33,0,0,0,0,0,0,0,0,0,0,0,0,0,0,0,0,0,0,0,0,0,0,0,0,0,0,0,0,0,0,0,0,0,0,0,0,0,0,0,0,0,0,0,0,107.02,159.2,171.07,136.08,168.04,0,0,0,0,0,0,0,0,62.16,141.64,136.2,288.83,0,,468,105,,,,,,,,,,,,,,,,,,,,
2,0,0,0,0,0,0,0,0,0,0,0,0,0,0,0,0,0,0,0,0,0,0,0,0,0,0,0,0,0,0,0,0,0,0,0,0,0,0,0,0,0,0,0,0,0,0,0,0,0,0,0,0,0,0,0,0,0,0,0,0,0,0,0,0,0,0,0,0,0,0,0,0,0,0,0,0,0,0,0,0,0,0,0,0,0,0,0,0,0,0,0,0,0,0,0,0,0,0,0,0,0,0,0,0,0,0,0,0,0,0,0,0,0,0,0,0,0,0,0,0,0,0,0,0,0,0,0,0,0,135.95,143.02,0,0,101.2,174.49,190.53,218.58,36.14,195.59,262.93,276.07,233.62,225.53,226.41,209.23,310.06,213.15,199,357.56,235.01,252.44,256.74,251.56,319.53,281.25,365.02,282.39,478.48,308.92,656.88,324.46,341.52,334.69,368.05,457.38,624.41,391.93,497.55,417.7,401.15,412.4,442.34,454.6,404.44,502.1,425.54,427.05,289.21,370.95,305.25,445.75,401.03,299.95,371.84,349.1,563,337.22,356.8,424.65,660.04,469.63,399.89,500.08,414.17,463.82,605.45,640.58,682.91,509.81,421.87,448.15,425.92,386.75,448.66,560.35,441.96,776.28,721.06,618.85,591.05,620.62,549.36,427.43,516.76,629.33,562.62,504.63,455.35,516.89,497.93,478.6,476.33,0,0,0,0,0,0,0,0,0,0,0,0,0,0,0,0,0,0,0,0,0,0,0,0,0,0,0,0,0,0,0,0,0,0,0,0,0,0,0,0,0,0,0,0,74.42,148.84,163.62,136.08,168.04,0,0,0,0,0,0,0,0,45.36,141.64,136.2,284.66,0,,466,106,,,,,,,,,,,,,,,,,,,,
2,0,0,0,0,0,0,0,0,0,0,0,0,0,0,0,0,0,0,0,0,0,0,0,0,0,0,0,0,0,0,0,0,0,0,0,0,0,0,0,0,0,0,0,0,0,0,0,0,0,0,0,0,0,0,0,0,0,0,0,0,0,0,0,0,0,0,0,0,0,0,0,0,0,0,0,0,0,0,0,0,0,0,0,0,0,0,0,0,0,0,0,0,0,0,0,0,0,0,0,0,0,0,0,0,0,0,0,0,0,0,0,0,0,0,0,0,0,0,0,0,0,0,0,0,0,0,0,0,0,0,0,0,0,0,105.63,161.47,143.15,23.88,180.3,235.51,267.1,212.77,208.85,215.3,193.31,310.06,204.56,187.37,339.12,235.01,252.44,238.92,251.56,304.75,281.25,360.34,271.01,478.48,308.92,644.24,324.46,321.81,334.69,352.63,439.94,614.3,358.32,469.63,417.7,389.65,397.24,434.76,447.65,404.44,493.51,410.25,427.05,289.21,370.95,305.25,445.75,401.03,290.85,371.84,349.1,554.41,314.6,333.43,424.65,644.5,456.11,399.89,488.71,405.57,446.38,588.78,605.71,674.44,509.81,394.58,436.4,425.92,386.75,437.03,552.39,441.96,754.42,721.06,618.85,591.05,620.62,530.53,427.43,516.76,629.33,540.26,504.63,455.35,516.89,490.1,478.6,457.38,0,0,0,0,0,0,0,0,0,0,0,0,0,0,0,0,0,0,0,0,0,0,0,0,0,0,0,0,0,0,0,0,0,0,0,0,0,0,0,0,0,0,0,0,0,148.84,163.62,128.37,168.04,0,0,0,0,0,0,0,0,0,127.61,136.2,257.62,0,,464,107,,,,,,,,,,,,,,,,,,,,
2,0,0,0,0,0,0,0,0,0,0,0,0,0,0,0,0,0,0,0,0,0,0,0,0,0,0,0,0,0,0,0,0,0,0,0,0,0,0,0,0,0,0,0,0,0,0,0,0,0,0,0,0,0,0,0,0,0,0,0,0,0,0,0,0,0,0,0,0,0,0,0,0,0,0,0,0,0,0,0,0,0,0,0,0,0,0,0,0,0,0,0,0,0,0,0,0,0,0,0,0,0,0,0,0,0,0,0,0,0,0,0,0,0,0,0,0,0,0,0,0,0,0,0,0,0,0,0,0,0,0,0,0,0,0,0,0,0,23.88,180.3,225.53,267.1,202.03,208.85,215.3,186.24,296.54,204.56,187.37,339.12,219.34,220.48,238.92,251.56,282.76,258.89,352.51,256.11,469.13,307.4,632.24,324.46,321.81,334.69,352.63,407.72,604.44,348.09,469.63,391.55,389.65,397.24,427.31,447.65,393.95,477.97,410.25,416.06,289.21,355.92,305.25,438.93,385.61,290.85,355.92,329.51,540.77,298.43,333.43,408.35,613.67,441.84,399.89,488.71,405.57,430.97,577.66,582.71,666.1,498.69,394.58,425.41,391.55,375.76,399.76,538.11,434.76,738.88,721.06,618.85,591.05,612.4,530.53,419.47,509.43,629.33,540.26,485.05,429.45,500.59,490.1,466.98,457.38,0,0,0,0,0,0,0,0,0,0,0,0,0,0,0,0,0,0,0,0,0,0,0,0,0,0,0,0,0,0,0,0,0,0,0,0,0,0,0,0,0,0,0,0,0,127.74,142.9,128.37,159.2,0,0,0,0,0,0,0,0,0,127.61,124.2,238.67,0,,462,108,,,,,,,,,,,,,,,,,,,,
2,0,0,0,0,0,0,0,0,0,0,0,0,0,0,0,0,0,0,0,0,0,0,0,0,0,0,0,0,0,0,0,0,0,0,0,0,0,0,0,0,0,0,0,0,0,0,0,0,0,0,0,0,0,0,0,0,0,0,0,0,0,0,0,0,0,0,0,0,0,0,0,0,0,0,0,0,0,0,0,0,0,0,0,0,0,0,0,0,0,0,0,0,0,0,0,0,0,0,0,0,0,0,0,0,0,0,0,0,0,0,0,0,0,0,0,0,0,0,0,0,0,0,0,0,0,0,0,0,0,0,0,0,0,0,0,0,0,0,180.3,218.96,255.6,180.68,208.85,209.74,177.39,296.54,204.56,187.37,332.29,212.39,220.48,217.06,227.3,260.91,249.16,343.16,244.36,454.22,299.19,613.79,314.35,321.81,324.71,329.39,407.72,598.38,335.07,461.8,391.55,389.65,354.91,427.31,431.22,393.95,449.8,379.67,416.06,265.2,341.39,292.62,432.11,373.48,285.67,355.92,318.27,523.71,298.43,333.43,408.35,604.57,416.69,370.58,488.71,385.11,430.97,569.19,582.71,666.1,476.96,394.58,421.62,391.55,375.76,399.76,538.11,434.76,718.91,700.09,602.42,591.05,595.98,528,401.15,509.43,612.78,540.26,485.05,382.96,500.59,479.61,455.86,447.65,0,0,0,0,0,0,0,0,0,0,0,0,0,0,0,0,0,0,0,0,0,0,0,0,0,0,0,0,0,0,0,0,0,0,0,0,0,0,0,0,0,0,0,0,0,127.74,142.9,121.17,159.2,0,0,0,0,0,0,0,0,0,127.61,124.2,227.55,0,,460,109,,,,,,,,,,,,,,,,,,,,
2,0,0,0,0,0,0,0,0,0,0,0,0,0,0,0,0,0,0,0,0,0,0,0,0,0,0,0,0,0,0,0,0,0,0,0,0,0,0,0,0,0,0,0,0,0,0,0,0,0,0,0,0,0,0,0,0,0,0,0,0,0,0,0,0,0,0,0,0,0,0,0,0,0,0,0,0,0,0,0,0,0,0,0,0,0,0,0,0,0,0,0,0,0,0,0,0,0,0,0,0,0,0,0,0,0,0,0,0,0,0,0,0,0,0,0,0,0,0,0,0,0,0,0,0,0,0,0,0,0,0,0,0,0,0,0,0,0,0,159.2,212.39,255.6,180.68,198.74,209.74,177.39,266.84,197.48,187.37,319.28,205.57,220.48,217.06,227.3,246,249.16,333.94,238.16,454.22,288.32,593.2,300.71,321.81,324.71,329.39,388.14,580.31,328.12,453.96,371.84,365.65,346.19,399.26,431.22,393.95,446.38,379.67,403.55,265.2,341.39,280.74,423.64,373.48,285.67,340.76,303.86,512.46,276.45,323.2,401.66,582.59,416.69,370.58,469.76,385.11,415.81,569.19,561.23,651.07,476.96,384.09,421.62,369.19,363.88,386.62,515.5,426.8,703.63,700.09,602.42,591.05,595.98,528,393.19,509.43,600.65,529.52,477.97,370.45,500.59,465.46,455.86,440.19,0,0,0,0,0,0,0,0,0,0,0,0,0,0,0,0,0,0,0,0,0,0,0,0,0,0,0,0,0,0,0,0,0,0,0,0,0,0,0,0,0,0,0,0,0,111.56,142.9,121.17,146.31,0,0,0,0,0,0,0,0,0,110.3,118.01,216.43,0,,458,110,,,,,,,,,,,,,,,,,,,,
2,0,0,0,0,0,0,0,0,0,0,0,0,0,0,0,0,0,0,0,0,0,0,0,0,0,0,0,0,0,0,0,0,0,0,0,0,0,0,0,0,0,0,0,0,0,0,0,0,0,0,0,0,0,0,0,0,0,0,0,0,0,0,0,0,0,0,0,0,0,0,0,0,0,0,0,0,0,0,0,0,0,0,0,0,0,0,0,0,0,0,0,0,0,0,0,0,0,0,0,0,0,0,0,0,0,0,0,0,0,0,0,0,0,0,0,0,0,0,0,0,0,0,0,0,0,0,0,0,0,0,0,0,0,0,0,0,0,0,142.65,175.24,222.75,156.67,182.32,198.49,177.39,266.84,185.48,175.75,294.77,198.62,220.48,193.31,227.3,246,249.16,324.71,233.62,445.63,273.29,571.97,300.71,306.39,324.71,305.38,349.85,573.24,320.29,432.99,371.84,365.65,346.19,399.26,431.22,378.41,432.74,367.8,397.61,249.03,334.82,268.99,413.41,363.12,271.9,317.13,303.86,512.46,276.45,318.39,401.66,576.14,392.31,355.16,458.39,385.11,415.81,555.55,520.93,651.07,469.76,384.09,406.96,359.84,358.95,379.55,504,418.46,657.89,700.09,602.42,579.17,581.2,517.64,393.19,509.43,600.65,513.1,477.97,358.7,474.69,465.46,455.86,426.67,0,0,0,0,0,0,0,0,0,0,0,0,0,0,0,0,0,0,0,0,0,0,0,0,0,0,0,0,0,0,0,0,0,0,0,0,0,0,0,0,0,0,0,0,0,98.42,126.6,110.05,146.31,0,0,0,0,0,0,0,0,0,95.39,110.3,196.98,0,,456,111,,,,,,,,,,,,,,,,,,,,
2,0,0,0,0,0,0,0,0,0,0,0,0,0,0,0,0,0,0,0,0,0,0,0,0,0,0,0,0,0,0,0,0,0,0,0,0,0,0,0,0,0,0,0,0,0,0,0,0,0,0,0,0,0,0,0,0,0,0,0,0,0,0,0,0,0,0,0,0,0,0,0,0,0,0,0,0,0,0,0,0,0,0,0,0,0,0,0,0,0,0,0,0,0,0,0,0,0,0,0,0,0,0,0,0,0,0,0,0,0,0,0,0,0,0,0,0,0,0,0,0,0,0,0,0,0,0,0,0,0,0,0,0,0,0,0,0,0,0,0,102.59,222.75,156.67,182.32,198.49,163.37,256.23,185.48,175.75,257.12,198.62,208.35,193.31,220.6,219.72,235.01,317.64,233.62,437.29,273.29,545.19,300.71,302.22,311.07,305.38,349.85,573.24,320.29,415.81,362.11,354.66,337.73,391.8,414.67,378.41,408.61,359.2,397.61,224.65,334.82,268.99,406.21,352.89,271.9,301.46,291.23,496.8,276.45,302.98,376.77,560.85,392.31,355.16,458.39,385.11,403.93,527.12,507.79,651.07,461.8,376.14,406.96,345.94,358.95,379.55,504,408.35,620.74,675.83,591.3,579.17,575.26,517.64,385.74,508.67,586.5,513.1,454.85,340.63,370.7,465.46,455.86,411.01,0,0,0,0,0,0,0,0,0,0,0,0,0,0,0,0,0,0,0,0,0,0,0,0,0,0,0,0,0,0,0,0,0,0,0,0,0,0,0,0,0,0,0,0,0,0,113.59,110.05,146.31,0,0,0,0,0,0,0,0,0,95.39,110.3,190.28,0,,454,112,,,,,,,,,,,,,,,,,,,,
2,0,0,0,0,0,0,0,0,0,0,0,0,0,0,0,0,0,0,0,0,0,0,0,0,0,0,0,0,0,0,0,0,0,0,0,0,0,0,0,0,0,0,0,0,0,0,0,0,0,0,0,0,0,0,0,0,0,0,0,0,0,0,0,0,0,0,0,0,0,0,0,0,0,0,0,0,0,0,0,0,0,0,0,0,0,0,0,0,0,0,0,0,0,0,0,0,0,0,0,0,0,0,0,0,0,0,0,0,0,0,0,0,0,0,0,0,0,0,0,0,0,0,0,0,0,0,0,0,0,0,0,0,0,0,0,0,0,0,0,0,102.34,129.51,166.27,189.27,157.18,256.23,185.48,168.29,257.12,184.72,208.35,179.29,204.18,211.38,235.01,302.47,233.62,418.71,249.28,523.96,296.54,293.63,298.05,305.38,343.79,563.51,307.78,404.82,353.27,346.44,326.23,391.8,399.51,373.23,408.61,352.51,388.26,224.65,323.7,254.59,406.21,352.89,271.9,301.46,291.23,469.25,267.35,296.41,376.77,554.03,367.04,348.34,446.64,373.86,390.41,496.67,486.69,651.07,461.8,376.14,390.03,345.94,341.14,379.55,486.94,408.35,600.53,675.83,573.11,579.17,563.76,517.64,385.74,487.19,586.5,513.1,454.85,319.41,364.01,465.46,442.09,402.04,0,0,0,0,0,0,0,0,0,0,0,0,0,0,0,0,0,0,0,0,0,0,0,0,0,0,0,0,0,0,0,0,0,0,0,0,0,0,0,0,0,0,0,0,0,0,83.89,103.48,146.31,0,0,0,0,0,0,0,0,0,73.15,102.72,190.28,0,,452,113,,,,,,,,,,,,,,,,,,,,
2,0,0,0,0,0,0,0,0,0,0,0,0,0,0,0,0,0,0,0,0,0,0,0,0,0,0,0,0,0,0,0,0,0,0,0,0,0,0,0,0,0,0,0,0,0,0,0,0,0,0,0,0,0,0,0,0,0,0,0,0,0,0,0,0,0,0,0,0,0,0,0,0,0,0,0,0,0,0,0,0,0,0,0,0,0,0,0,0,0,0,0,0,0,0,0,0,0,0,0,0,0,0,0,0,0,0,0,0,0,0,0,0,0,0,0,0,0,0,0,0,0,0,0,0,0,0,0,0,0,0,0,0,0,0,0,0,0,0,0,0,0,0,84.02,179.41,148.46,236.52,181.81,160.59,246.76,169.18,208.35,179.29,204.18,195.08,211.5,295.53,227.05,410.25,233.11,514.49,281.5,293.63,282.51,276.7,337.35,557.06,294.01,380.94,329.51,334.82,320.92,384.35,399.51,364.64,384.09,343.92,377.15,219.34,313.97,254.59,397.61,352.89,257.75,286.81,275.44,454.85,267.35,296.41,367.92,554.03,356.42,339.75,435.27,373.86,390.41,451.31,443.35,622.76,461.8,355.04,375.5,338.61,341.14,348.21,473.3,408.35,582.08,675.83,573.11,579.17,563.76,500.21,385.74,487.19,567.93,486.94,442.34,307.4,349.48,465.46,442.09,394.46,0,0,0,0,0,0,0,0,0,0,0,0,0,0,0,0,0,0,0,0,0,0,0,0,0,0,0,0,0,0,0,0,0,0,0,0,0,0,0,0,0,0,0,0,0,0,0,88.7,135.19,0,0,0,0,0,0,0,0,0,65.45,85.92,163.87,0,,450,114,,,,,,,,,,,,,,,,,,,,
2,0,0,0,0,0,0,0,0,0,0,0,0,0,0,0,0,0,0,0,0,0,0,0,0,0,0,0,0,0,0,0,0,0,0,0,0,0,0,0,0,0,0,0,0,0,0,0,0,0,0,0,0,0,0,0,0,0,0,0,0,0,0,0,0,0,0,0,0,0,0,0,0,0,0,0,0,0,0,0,0,0,0,0,0,0,0,0,0,0,0,0,0,0,0,0,0,0,0,0,0,0,0,0,0,0,0,0,0,0,0,0,0,0,0,0,0,0,0,0,0,0,0,0,0,0,0,0,0,0,0,0,0,0,0,0,0,0,0,0,0,0,0,0,114.09,132.79,180.93,173.1,153.01,225.66,160.33,201.52,140.88,179.41,184.47,211.5,288.07,218.58,410.25,225.66,477.21,281.5,279.86,266.97,269.88,337.35,542.79,294.01,380.94,329.51,328.12,320.92,372.34,386.24,364.64,384.09,334.31,377.15,209.74,304.62,241.7,377.02,337.35,257.75,286.81,275.44,454.85,267.35,296.41,367.92,517.01,356.42,332.92,435.27,373.86,371.59,433.88,435.39,622.76,436.66,355.04,375.5,323.57,334.69,348.21,461.42,395.34,567.05,661.55,565.15,567.17,552.39,485.3,385.74,487.19,567.93,486.94,442.34,307.4,349.48,439.43,442.09,387.25,0,0,0,0,0,0,0,0,0,0,0,0,0,0,0,0,0,0,0,0,0,0,0,0,0,0,0,0,0,0,0,0,0,0,0,0,0,0,0,0,0,0,0,0,0,0,0,0,135.19,0,0,0,0,0,0,0,0,0,0,78.34,163.87,0,,448,115,,,,,,,,,,,,,,,,,,,,
2,0,0,0,0,0,0,0,0,0,0,0,0,0,0,0,0,0,0,0,0,0,0,0,0,0,0,0,0,0,0,0,0,0,0,0,0,0,0,0,0,0,0,0,0,0,0,0,0,0,0,0,0,0,0,0,0,0,0,0,0,0,0,0,0,0,0,0,0,0,0,0,0,0,0,0,0,0,0,0,0,0,0,0,0,0,0,0,0,0,0,0,0,0,0,0,0,0,0,0,0,0,0,0,0,0,0,0,0,0,0,0,0,0,0,0,0,0,0,0,0,0,0,0,0,0,0,0,0,0,0,0,0,0,0,0,0,0,0,0,0,0,0,0,0,0,0,121.29,143.02,115.1,139.49,195.96,140.88,169.68,174.99,211.5,288.07,218.58,388.01,213.65,431.48,281.5,279.86,249.66,269.88,322.18,524.72,281.5,373.86,309.93,328.12,312.84,355.92,386.24,355.04,384.09,334.31,365.14,203.17,304.62,233.24,370.2,310.43,257.75,272.53,256.86,439.69,241.7,296.41,367.92,517.01,323.32,322.56,416.82,356.17,363.88,425.03,417.32,622.76,436.66,351.75,359.33,323.57,328.88,332.17,440.07,395.34,543.8,649.3,556.94,548.98,526.61,485.3,374.11,454.6,545.31,486.94,433.5,307.4,349.48,439.43,425.16,372.09,0,0,0,0,0,0,0,0,0,0,0,0,0,0,0,0,0,0,0,0,0,0,0,0,0,0,0,0,0,0,0,0,0,0,0,0,0,0,0,0,0,0,0,0,0,0,0,0,125.84,0,0,0,0,0,0,0,0,0,0,78.34,144.41,0,,446,116,,,,,,,,,,,,,,,,,,,,
2,0,0,0,0,0,0,0,0,0,0,0,0,0,0,0,0,0,0,0,0,0,0,0,0,0,0,0,0,0,0,0,0,0,0,0,0,0,0,0,0,0,0,0,0,0,0,0,0,0,0,0,0,0,0,0,0,0,0,0,0,0,0,0,0,0,0,0,0,0,0,0,0,0,0,0,0,0,0,0,0,0,0,0,0,0,0,0,0,0,0,0,0,0,0,0,0,0,0,0,0,0,0,0,0,0,0,0,0,0,0,0,0,0,0,0,0,0,0,0,0,0,0,0,0,0,0,0,0,0,0,0,0,0,0,0,0,0,0,0,0,0,0,0,0,0,0,0,93.5,0,0,160.71,126.6,169.68,150.73,211.5,246.63,211.76,388.01,208.47,336.84,270.76,267.73,229.7,254.46,169.68,493.89,281.5,349.22,295.9,305.89,294.01,355.92,369.57,355.04,358.32,334.31,365.14,190.03,292.87,233.24,370.2,299.32,233.11,262.04,249.91,421.75,241.7,286.81,351.24,502.1,323.32,307.02,405.32,347.33,350.23,425.03,393.95,622.76,436.66,347.58,359.33,323.57,312.96,332.17,432.11,395.34,513.6,641.08,547.59,526.74,508.55,470.52,374.11,454.6,545.31,460.79,422.88,307.4,337.73,439.43,400.39,364.76,0,0,0,0,0,0,0,0,0,0,0,0,0,0,0,0,0,0,0,0,0,0,0,0,0,0,0,0,0,0,0,0,0,0,0,0,0,0,0,0,0,0,0,0,0,0,0,0,125.84,0,0,0,0,0,0,0,0,0,0,70.75,144.41,0,,444,117,,,,,,,,,,,,,,,,,,,,
2,0,0,0,0,0,0,0,0,0,0,0,0,0,0,0,0,0,0,0,0,0,0,0,0,0,0,0,0,0,0,0,0,0,0,0,0,0,0,0,0,0,0,0,0,0,0,0,0,0,0,0,0,0,0,0,0,0,0,0,0,0,0,0,0,0,0,0,0,0,0,0,0,0,0,0,0,0,0,0,0,0,0,0,0,0,0,0,0,0,0,0,0,0,0,0,0,0,0,0,0,0,0,0,0,0,0,0,0,0,0,0,0,0,0,0,0,0,0,0,0,0,0,0,0,0,0,0,0,0,0,0,0,0,0,0,0,0,0,0,0,0,0,0,0,0,0,0,0,0,0,0,83.01,83.14,97.41,182.32,246.63,211.76,382.96,208.47,265.58,261.54,248.78,214.03,235.64,166.27,448.28,265.83,333.43,295.9,297.67,294.01,336.97,369.57,355.04,358.32,307.28,348.84,190.03,280.74,228.06,358.19,295.9,233.11,262.04,249.91,421.75,241.7,286.81,331.28,495.41,323.32,307.02,405.32,347.33,339.24,416.95,388.9,597.37,430.46,347.58,345.05,323.57,312.96,300.45,432.11,395.34,506.9,634.77,531.04,519.92,508.55,470.52,366.79,454.6,527.25,460.79,402.92,297.67,337.73,428.19,400.39,364.76,0,0,0,0,0,0,0,0,0,0,0,0,0,0,0,0,0,0,0,0,0,0,0,0,0,0,0,0,0,0,0,0,0,0,0,0,0,0,0,0,0,0,0,0,0,0,0,0,109.16,0,0,0,0,0,0,0,0,0,0,70.75,138.98,0,,442,118,,,,,,,,,,,,,,,,,,,,
2,0,0,0,0,0,0,0,0,0,0,0,0,0,0,0,0,0,0,0,0,0,0,0,0,0,0,0,0,0,0,0,0,0,0,0,0,0,0,0,0,0,0,0,0,0,0,0,0,0,0,0,0,0,0,0,0,0,0,0,0,0,0,0,0,0,0,0,0,0,0,0,0,0,0,0,0,0,0,0,0,0,0,0,0,0,0,0,0,0,0,0,0,0,0,0,0,0,0,0,0,0,0,0,0,0,0,0,0,0,0,0,0,0,0,0,0,0,0,0,0,0,0,0,0,0,0,0,0,0,0,0,0,0,0,0,0,0,0,0,0,0,0,0,0,0,0,0,0,0,0,0,0,0,0,114.34,235.51,211.76,364.89,208.47,210.37,249.03,248.78,207.21,214.92,158.06,404.06,265.83,305.38,229.7,272.4,281.88,336.97,360.09,355.04,358.32,307.28,334.44,181.94,280.74,228.06,358.19,280.36,233.11,253.7,249.91,411.01,229.57,263.18,331.28,474.43,314.86,300.2,405.32,347.33,332.42,394.2,365.4,590.55,424.15,338.23,334.31,323.57,299.44,300.45,402.79,385.23,498.69,617.71,522.44,506.4,501.98,466.85,366.79,444.49,527.25,439.43,391.93,297.67,337.73,390.16,400.39,352.76,0,0,0,0,0,0,0,0,0,0,0,0,0,0,0,0,0,0,0,0,0,0,0,0,0,0,0,0,0,0,0,0,0,0,0,0,0,0,0,0,0,0,0,0,0,0,0,0,109.16,0,0,0,0,0,0,0,0,0,0,48.14,138.98,0,,440,119,,,,,,,,,,,,,,,,,,,,
2,0,0,0,0,0,0,0,0,0,0,0,0,0,0,0,0,0,0,0,0,0,0,0,0,0,0,0,0,0,0,0,0,0,0,0,0,0,0,0,0,0,0,0,0,0,0,0,0,0,0,0,0,0,0,0,0,0,0,0,0,0,0,0,0,0,0,0,0,0,0,0,0,0,0,0,0,0,0,0,0,0,0,0,0,0,0,0,0,0,0,0,0,0,0,0,0,0,0,0,0,0,0,0,0,0,0,0,0,0,0,0,0,0,0,0,0,0,0,0,0,0,0,0,0,0,0,0,0,0,0,0,0,0,0,0,0,0,0,0,0,0,0,0,0,0,0,0,0,0,0,0,0,0,0,0,0,188.26,342.02,190.53,198.49,241.83,248.78,203.17,193.82,158.06,389.15,251.68,289.59,229.7,272.4,281.88,326.99,353.52,342.65,336.34,298.05,334.44,173.6,272.53,203.8,334.57,280.36,233.11,242.08,232.35,393.7,229.57,263.18,308.79,455.99,301.08,286.43,379.17,329.26,322.31,394.2,365.4,590.55,377.65,338.23,310.69,306.39,290.98,292.24,402.79,373.23,486.44,542.03,522.44,489.72,493.51,454.98,351.75,424.15,496.04,436.02,385.48,297.67,322.82,390.16,389.65,352.76,0,0,0,0,0,0,0,0,0,0,0,0,0,0,0,0,0,0,0,0,0,0,0,0,0,0,0,0,0,0,0,0,0,0,0,0,0,0,0,0,0,0,0,0,0,0,0,0,99.44,0,0,0,0,0,0,0,0,0,0,48.14,130.64,0,,438,120,,,,,,,,,,,,,,,,,,,,
2,0,0,0,0,0,0,0,0,0,0,0,0,0,0,0,0,0,0,0,0,0,0,0,0,0,0,0,0,0,0,0,0,0,0,0,0,0,0,0,0,0,0,0,0,0,0,0,0,0,0,0,0,0,0,0,0,0,0,0,0,0,0,0,0,0,0,0,0,0,0,0,0,0,0,0,0,0,0,0,0,0,0,0,0,0,0,0,0,0,0,0,0,0,0,0,0,0,0,0,0,0,0,0,0,0,0,0,0,0,0,0,0,0,0,0,0,0,0,0,0,0,0,0,0,0,0,0,0,0,0,0,0,0,0,0,0,0,0,0,0,0,0,0,0,0,0,0,0,0,0,0,0,0,0,0,0,170.57,286.81,190.53,184.85,241.83,248.78,185.98,185.22,151.36,389.15,251.68,286.3,229.7,260.02,281.88,326.99,353.52,342.65,336.34,287.44,314.6,173.6,264.07,203.8,334.57,263.05,222.5,242.08,232.35,393.7,229.57,250.17,242.84,431.6,289.21,286.43,379.17,329.26,310.43,394.2,351.88,578.67,371.33,338.23,310.69,290.98,277.08,292.24,380.43,364.51,478.48,523.46,498.69,447.52,493.51,454.98,351.75,416.82,496.04,410.63,381.57,297.67,311.45,356.42,389.65,345.31,0,0,0,0,0,0,0,0,0,0,0,0,0,0,0,0,0,0,0,0,0,0,0,0,0,0,0,0,0,0,0,0,0,0,0,0,0,0,0,0,0,0,0,0,0,0,0,0,95.77,0,0,0,0,0,0,0,0,0,0,42.2,115.35,0,,436,121,,,,,,,,,,,,,,,,,,,,
2,0,0,0,0,0,0,0,0,0,0,0,0,0,0,0,0,0,0,0,0,0,0,0,0,0,0,0,0,0,0,0,0,0,0,0,0,0,0,0,0,0,0,0,0,0,0,0,0,0,0,0,0,0,0,0,0,0,0,0,0,0,0,0,0,0,0,0,0,0,0,0,0,0,0,0,0,0,0,0,0,0,0,0,0,0,0,0,0,0,0,0,0,0,0,0,0,0,0,0,0,0,0,0,0,0,0,0,0,0,0,0,0,0,0,0,0,0,0,0,0,0,0,0,0,0,0,0,0,0,0,0,0,0,0,0,0,0,0,0,0,0,0,0,0,0,0,0,0,0,0,0,0,0,0,0,0,151.49,260.65,174.74,169.56,220.35,224.52,185.98,172.34,144.41,361.48,251.68,271.39,203.67,243.6,275.06,272.4,337.98,342.65,336.34,273.29,314.6,161.72,264.07,203.8,315.61,247.51,222.5,242.08,215.42,377.52,229.57,250.17,242.84,413.66,286.18,286.43,346.32,329.26,301.08,394.2,351.88,570.33,361.61,338.23,284.66,290.98,257.87,269.75,368.3,364.51,478.48,509.43,490.48,416.95,477.09,436.4,337.35,400.9,496.04,402.16,366.03,297.67,311.45,346.32,389.65,345.31,0,0,0,0,0,0,0,0,0,0,0,0,0,0,0,0,0,0,0,0,0,0,0,0,0,0,0,0,0,0,0,0,0,0,0,0,0,0,0,0,0,0,0,0,0,0,0,0,88.32,0,0,0,0,0,0,0,0,0,0,0,115.35,0,,434,122,,,,,,,,,,,,,,,,,,,,
2,0,0,0,0,0,0,0,0,0,0,0,0,0,0,0,0,0,0,0,0,0,0,0,0,0,0,0,0,0,0,0,0,0,0,0,0,0,0,0,0,0,0,0,0,0,0,0,0,0,0,0,0,0,0,0,0,0,0,0,0,0,0,0,0,0,0,0,0,0,0,0,0,0,0,0,0,0,0,0,0,0,0,0,0,0,0,0,0,0,0,0,0,0,0,0,0,0,0,0,0,0,0,0,0,0,0,0,0,0,0,0,0,0,0,0,0,0,0,0,0,0,0,0,0,0,0,0,0,0,0,0,0,0,0,0,0,0,0,0,0,0,0,0,0,0,0,0,0,0,0,0,0,0,0,0,0,37.02,195.33,124.2,88.19,170.44,224.52,185.98,172.34,140.25,361.48,238.29,271.39,203.67,232.35,275.06,259.52,337.98,342.65,310.56,254.08,299.82,153.26,244.61,196.85,315.61,242.33,222.5,230.46,215.42,369.44,208.6,250.17,242.84,413.66,281.88,256.48,346.32,315.99,297.55,375.38,329.26,558.33,356.42,315.36,284.66,284.15,257.87,264.44,368.3,364.51,463.06,492.5,490.48,416.95,461.67,429.83,301.34,400.9,457.76,402.16,348.21,291.61,303.11,346.32,389.65,338.86,0,0,0,0,0,0,0,0,0,0,0,0,0,0,0,0,0,0,0,0,0,0,0,0,0,0,0,0,0,0,0,0,0,0,0,0,0,0,0,0,0,0,0,0,0,0,0,0,75.81,0,0,0,0,0,0,0,0,0,0,0,103.1,0,,432,123,,,,,,,,,,,,,,,,,,,,
2,0,0,0,0,0,0,0,0,0,0,0,0,0,0,0,0,0,0,0,0,0,0,0,0,0,0,0,0,0,0,0,0,0,0,0,0,0,0,0,0,0,0,0,0,0,0,0,0,0,0,0,0,0,0,0,0,0,0,0,0,0,0,0,0,0,0,0,0,0,0,0,0,0,0,0,0,0,0,0,0,0,0,0,0,0,0,0,0,0,0,0,0,0,0,0,0,0,0,0,0,0,0,0,0,0,0,0,0,0,0,0,0,0,0,0,0,0,0,0,0,0,0,0,0,0,0,0,0,0,0,0,0,0,0,0,0,0,0,0,0,0,0,0,0,0,0,0,0,0,0,0,0,0,0,0,0,0,0,0,0,0,214.54,174.11,160.33,140.25,262.55,226.92,264.7,180.42,218.45,253.07,251.43,337.98,331.91,310.56,241.07,299.82,153.26,244.61,196.85,307.15,230.33,206.45,208.35,206.7,354.02,208.6,243.22,242.84,407.09,266.47,256.48,321.43,315.99,297.55,375.38,329.26,547.71,342.53,315.36,269.75,284.15,242.08,264.44,350.23,349.98,455.48,484.79,477.47,385.86,432.99,402.29,282.13,400.9,457.76,382.2,348.21,291.61,303.11,346.32,389.65,321.17,0,0,0,0,0,0,0,0,0,0,0,0,0,0,0,0,0,0,0,0,0,0,0,0,0,0,0,0,0,0,0,0,0,0,0,0,0,0,0,0,0,0,0,0,0,0,0,0,67.6,0,0,0,0,0,0,0,0,0,0,0,103.1,0,,430,124,,,,,,,,,,,,,,,,,,,,
2,0,0,0,0,0,0,0,0,0,0,0,0,0,0,0,0,0,0,0,0,0,0,0,0,0,0,0,0,0,0,0,0,0,0,0,0,0,0,0,0,0,0,0,0,0,0,0,0,0,0,0,0,0,0,0,0,0,0,0,0,0,0,0,0,0,0,0,0,0,0,0,0,0,0,0,0,0,0,0,0,0,0,0,0,0,0,0,0,0,0,0,0,0,0,0,0,0,0,0,0,0,0,0,0,0,0,0,0,0,0,0,0,0,0,0,0,0,0,0,0,0,0,0,0,0,0,0,0,0,0,0,0,0,0,0,0,0,0,0,0,0,0,0,0,0,0,0,0,0,0,0,0,0,0,0,0,0,0,0,0,0,0,149.59,134.69,117.38,241.45,226.92,232.86,180.42,218.45,253.07,238.04,315.11,314.98,286.3,230.46,287.19,138.22,237.91,180.42,292.49,212.01,206.45,208.35,206.7,339.49,208.6,243.22,226.41,397.49,266.47,256.48,321.43,302.73,272.91,361.35,313.09,529.52,312.84,315.36,249.28,262.93,242.08,242.46,341.14,349.98,437.92,458.64,477.47,373.99,432.99,387.25,282.13,400.9,447.27,382.2,348.21,291.61,303.11,326.48,374.37,321.17,0,0,0,0,0,0,0,0,0,0,0,0,0,0,0,0,0,0,0,0,0,0,0,0,0,0,0,0,0,0,0,0,0,0,0,0,0,0,0,0,0,0,0,0,0,0,0,0,54.46,0,0,0,0,0,0,0,0,0,0,0,103.1,0,,428,125,,,,,,,,,,,,,,,,,,,,
2,0,0,0,0,0,0,0,0,0,0,0,0,0,0,0,0,0,0,0,0,0,0,0,0,0,0,0,0,0,0,0,0,0,0,0,0,0,0,0,0,0,0,0,0,0,0,0,0,0,0,0,0,0,0,0,0,0,0,0,0,0,0,0,0,0,0,0,0,0,0,0,0,0,0,0,0,0,0,0,0,0,0,0,0,0,0,0,0,0,0,0,0,0,0,0,0,0,0,0,0,0,0,0,0,0,0,0,0,0,0,0,0,0,0,0,0,0,0,0,0,0,0,0,0,0,0,0,0,0,0,0,0,0,0,0,0,0,0,0,0,0,0,0,0,0,0,0,0,0,0,0,0,0,0,0,0,0,0,0,0,0,0,113.08,76.95,117.38,39.04,206.96,227.3,169.68,190.53,253.07,238.04,315.11,309.68,270.13,208.6,277.46,129.88,227.05,166.65,278.85,212.01,203.04,208.35,206.7,333.05,208.6,221.87,226.41,397.49,266.47,256.48,308.29,302.73,272.91,361.35,313.09,515.24,312.84,303.74,227.17,262.93,242.08,242.46,330.4,334.69,427.81,443.98,443.23,351.5,424.65,387.25,282.13,379.04,415.81,363.88,333.81,291.61,290.98,326.48,374.37,321.17,0,0,0,0,0,0,0,0,0,0,0,0,0,0,0,0,0,0,0,0,0,0,0,0,0,0,0,0,0,0,0,0,0,0,0,0,0,0,0,0,0,0,0,0,0,0,0,0,0,0,0,0,0,0,0,0,0,0,0,0,91.98,0,,426,126,,,,,,,,,,,,,,,,,,,,
2,0,0,0,0,0,0,0,0,0,0,0,0,0,0,0,0,0,0,0,0,0,0,0,0,0,0,0,0,0,0,0,0,0,0,0,0,0,0,0,0,0,0,0,0,0,0,0,0,0,0,0,0,0,0,0,0,0,0,0,0,0,0,0,0,0,0,0,0,0,0,0,0,0,0,0,0,0,0,0,0,0,0,0,0,0,0,0,0,0,0,0,0,0,0,0,0,0,0,0,0,0,0,0,0,0,0,0,0,0,0,0,0,0,0,0,0,0,0,0,0,0,0,0,0,0,0,0,0,0,0,0,0,0,0,0,0,0,0,0,0,0,0,0,0,0,0,0,0,0,0,0,0,0,0,0,0,0,0,0,0,0,0,0,0,0,0,97.41,172.84,158.06,190.53,232.35,208.35,315.11,292.75,258.38,208.6,277.46,129.88,219.84,166.65,278.85,201.9,186.24,192.68,194.83,303.99,208.6,221.87,222.5,379.67,246.25,256.48,294.26,302.73,259.9,354.66,293.76,508.55,299.82,293.13,227.17,262.93,216.18,227.93,314.23,334.69,414.54,427.43,435.39,351.5,411.39,372.34,275.94,372.09,407.72,363.88,317.76,287.06,273.04,326.48,347.96,321.17,0,0,0,0,0,0,0,0,0,0,0,0,0,0,0,0,0,0,0,0,0,0,0,0,0,0,0,0,0,0,0,0,0,0,0,0,0,0,0,0,0,0,0,0,0,0,0,0,0,0,0,0,0,0,0,0,0,0,0,0,91.98,0,,424,127,,,,,,,,,,,,,,,,,,,,
2,0,0,0,0,0,0,0,0,0,0,0,0,0,0,0,0,0,0,0,0,0,0,0,0,0,0,0,0,0,0,0,0,0,0,0,0,0,0,0,0,0,0,0,0,0,0,0,0,0,0,0,0,0,0,0,0,0,0,0,0,0,0,0,0,0,0,0,0,0,0,0,0,0,0,0,0,0,0,0,0,0,0,0,0,0,0,0,0,0,0,0,0,0,0,0,0,0,0,0,0,0,0,0,0,0,0,0,0,0,0,0,0,0,0,0,0,0,0,0,0,0,0,0,0,0,0,0,0,0,0,0,0,0,0,0,0,0,0,0,0,0,0,0,0,0,0,0,0,0,0,0,0,0,0,0,0,0,0,0,0,0,0,0,0,0,0,0,0,59.89,164.5,196.98,174.11,295.53,269.5,246.76,192.43,271.01,123.31,212.64,155.53,262.8,201.9,186.24,192.68,175.88,284.79,183.2,221.87,222.5,379.67,246.25,234.12,294.26,302.73,259.9,348.09,293.76,493.26,287.69,293.13,204.05,248.9,216.18,227.93,300.71,305.25,399.51,419.6,417.07,340,392.56,372.34,275.94,372.09,380.56,344.04,303.61,287.06,273.04,326.48,347.96,307.66,0,0,0,0,0,0,0,0,0,0,0,0,0,0,0,0,0,0,0,0,0,0,0,0,0,0,0,0,0,0,0,0,0,0,0,0,0,0,0,0,0,0,0,0,0,0,0,0,0,0,0,0,0,0,0,0,0,0,0,0,91.98,0,,422,128,,,,,,,,,,,,,,,,,,,,
2,0,0,0,0,0,0,0,0,0,0,0,0,0,0,0,0,0,0,0,0,0,0,0,0,0,0,0,0,0,0,0,0,0,0,0,0,0,0,0,0,0,0,0,0,0,0,0,0,0,0,0,0,0,0,0,0,0,0,0,0,0,0,0,0,0,0,0,0,0,0,0,0,0,0,0,0,0,0,0,0,0,0,0,0,0,0,0,0,0,0,0,0,0,0,0,0,0,0,0,0,0,0,0,0,0,0,0,0,0,0,0,0,0,0,0,0,0,0,0,0,0,0,0,0,0,0,0,0,0,0,0,0,0,0,0,0,0,0,0,0,0,0,0,0,0,0,0,0,0,0,0,0,0,0,0,0,0,0,0,0,0,0,0,0,0,0,0,0,0,0,76.06,0,266.72,254.46,218.71,183.33,251.94,123.31,198.24,147.7,249.41,177.64,186.24,178.02,175.88,284.79,183.2,212.39,222.5,379.67,237.15,234.12,287.57,286.18,245.62,348.09,293.76,474.81,273.54,281.75,204.05,225.78,208.22,227.93,287.82,305.25,388.01,383.72,408.86,326.48,384.73,361.73,265.83,372.09,380.56,335.96,303.61,287.06,269.75,326.48,339.37,293.76,0,0,0,0,0,0,0,0,0,0,0,0,0,0,0,0,0,0,0,0,0,0,0,0,0,0,0,0,0,0,0,0,0,0,0,0,0,0,0,0,0,0,0,0,0,0,0,0,0,0,0,0,0,0,0,0,0,0,0,0,76.82,0,,420,129,,,,,,,,,,,,,,,,,,,,
2,0,0,0,0,0,0,0,0,0,0,0,0,0,0,0,0,0,0,0,0,0,0,0,0,0,0,0,0,0,0,0,0,0,0,0,0,0,0,0,0,0,0,0,0,0,0,0,0,0,0,0,0,0,0,0,0,0,0,0,0,0,0,0,0,0,0,0,0,0,0,0,0,0,0,0,0,0,0,0,0,0,0,0,0,0,0,0,0,0,0,0,0,0,0,0,0,0,0,0,0,0,0,0,0,0,0,0,0,0,0,0,0,0,0,0,0,0,0,0,0,0,0,0,0,0,0,0,0,0,0,0,0,0,0,0,0,0,0,0,0,0,0,0,0,0,0,0,0,0,0,0,0,0,0,0,0,0,0,0,0,0,0,0,0,0,0,0,0,0,0,0,0,0,0,84.02,122.94,222.88,91.22,173.1,139.99,249.41,177.64,179.03,178.02,170.57,258,183.2,203.04,202.53,353.65,237.15,234.12,272.78,286.18,245.62,327.37,293.76,467.99,273.54,281.75,204.05,213.78,201.65,227.93,278.6,305.25,388.01,374.24,397.99,326.48,356.3,347.45,265.83,365.14,348.21,317.64,291.23,287.06,261.79,312.46,339.37,293.76,0,0,0,0,0,0,0,0,0,0,0,0,0,0,0,0,0,0,0,0,0,0,0,0,0,0,0,0,0,0,0,0,0,0,0,0,0,0,0,0,0,0,0,0,0,0,0,0,0,0,0,0,0,0,0,0,0,0,0,0,38.54,0,,418,130,,,,,,,,,,,,,,,,,,,,
2,0,0,0,0,0,0,0,0,0,0,0,0,0,0,0,0,0,0,0,0,0,0,0,0,0,0,0,0,0,0,0,0,0,0,0,0,0,0,0,0,0,0,0,0,0,0,0,0,0,0,0,0,0,0,0,0,0,0,0,0,0,0,0,0,0,0,0,0,0,0,0,0,0,0,0,0,0,0,0,0,0,0,0,0,0,0,0,0,0,0,0,0,0,0,0,0,0,0,0,0,0,0,0,0,0,0,0,0,0,0,0,0,0,0,0,0,0,0,0,0,0,0,0,0,0,0,0,0,0,0,0,0,0,0,0,0,0,0,0,0,0,0,0,0,0,0,0,0,0,0,0,0,0,0,0,0,0,0,0,0,0,0,0,0,0,0,0,0,0,0,0,0,0,0,0,0,0,77.07,151.49,106.38,177.77,154.27,178.65,166.27,170.57,239.43,183.2,191.42,202.53,338.99,237.15,234.12,264.7,286.18,242.08,327.37,287.06,449.8,273.54,247.01,188,213.78,201.65,194.07,264.7,291.61,388.01,359.84,387.63,306.27,356.3,326.35,265.83,365.14,341.77,309.3,267.98,267.86,255.35,312.46,339.37,284.79,0,0,0,0,0,0,0,0,0,0,0,0,0,0,0,0,0,0,0,0,0,0,0,0,0,0,0,0,0,0,0,0,0,0,0,0,0,0,0,0,0,0,0,0,0,0,0,0,0,0,0,0,0,0,0,0,0,0,0,0,0,0,,416,131,,,,,,,,,,,,,,,,,,,,
2,0,0,0,0,0,0,0,0,0,0,0,0,0,0,0,0,0,0,0,0,0,0,0,0,0,0,0,0,0,0,0,0,0,0,0,0,0,0,0,0,0,0,0,0,0,0,0,0,0,0,0,0,0,0,0,0,0,0,0,0,0,0,0,0,0,0,0,0,0,0,0,0,0,0,0,0,0,0,0,0,0,0,0,0,0,0,0,0,0,0,0,0,0,0,0,0,0,0,0,0,0,0,0,0,0,0,0,0,0,0,0,0,0,0,0,0,0,0,0,0,0,0,0,0,0,0,0,0,0,0,0,0,0,0,0,0,0,0,0,0,0,0,0,0,0,0,0,0,0,0,0,0,0,0,0,0,0,0,0,0,0,0,0,0,0,0,0,0,0,0,0,0,0,0,0,0,0,0,0,0,0,0,101.08,147.95,135.32,223.13,157.68,183.83,202.53,338.99,222.37,228.44,256.74,274.55,233.49,308.54,268.87,435.52,246.88,235.38,188,213.78,195.08,194.07,245.37,291.61,376.77,342.02,368.43,306.27,348.72,307.02,252.82,365.14,341.77,292.87,257.37,239.81,255.35,312.46,318.65,284.79,0,0,0,0,0,0,0,0,0,0,0,0,0,0,0,0,0,0,0,0,0,0,0,0,0,0,0,0,0,0,0,0,0,0,0,0,0,0,0,0,0,0,0,0,0,0,0,0,0,0,0,0,0,0,0,0,0,0,0,0,0,0,,414,132,,,,,,,,,,,,,,,,,,,,
2,0,0,0,0,0,0,0,0,0,0,0,0,0,0,0,0,0,0,0,0,0,0,0,0,0,0,0,0,0,0,0,0,0,0,0,0,0,0,0,0,0,0,0,0,0,0,0,0,0,0,0,0,0,0,0,0,0,0,0,0,0,0,0,0,0,0,0,0,0,0,0,0,0,0,0,0,0,0,0,0,0,0,0,0,0,0,0,0,0,0,0,0,0,0,0,0,0,0,0,0,0,0,0,0,0,0,0,0,0,0,0,0,0,0,0,0,0,0,0,0,0,0,0,0,0,0,0,0,0,0,0,0,0,0,0,0,0,0,0,0,0,0,0,0,0,0,0,0,0,0,0,0,0,0,0,0,0,0,0,0,0,0,0,0,0,0,0,0,0,0,0,0,0,0,0,0,0,0,0,0,0,0,0,0,121.42,185.73,157.68,183.83,193.94,325.34,213.02,212.89,250.29,265.83,218.45,299.95,268.87,416.44,246.88,235.38,188,201.65,183.58,194.07,228.81,281.5,355.54,328.25,360.22,287.57,348.72,291.36,252.82,351.88,309.04,279.61,257.37,222.24,235.51,301.84,318.65,284.79,0,0,0,0,0,0,0,0,0,0,0,0,0,0,0,0,0,0,0,0,0,0,0,0,0,0,0,0,0,0,0,0,0,0,0,0,0,0,0,0,0,0,0,0,0,0,0,0,0,0,0,0,0,0,0,0,0,0,0,0,0,0,,412,133,,,,,,,,,,,,,,,,,,,,
2,0,0,0,0,0,0,0,0,0,0,0,0,0,0,0,0,0,0,0,0,0,0,0,0,0,0,0,0,0,0,0,0,0,0,0,0,0,0,0,0,0,0,0,0,0,0,0,0,0,0,0,0,0,0,0,0,0,0,0,0,0,0,0,0,0,0,0,0,0,0,0,0,0,0,0,0,0,0,0,0,0,0,0,0,0,0,0,0,0,0,0,0,0,0,0,0,0,0,0,0,0,0,0,0,0,0,0,0,0,0,0,0,0,0,0,0,0,0,0,0,0,0,0,0,0,0,0,0,0,0,0,0,0,0,0,0,0,0,0,0,0,0,0,0,0,0,0,0,0,0,0,0,0,0,0,0,0,0,0,0,0,0,0,0,0,0,0,0,0,0,0,0,0,0,0,0,0,0,0,0,0,0,0,0,0,0,157.68,162.23,193.94,325.34,191.67,212.89,240.56,265.83,209.99,299.95,253.96,403.55,240.56,209.48,168.55,191.79,170.44,194.07,218.45,281.5,343.16,309.55,345.56,287.57,320.8,279.86,252.82,330.65,294.39,279.61,257.37,222.24,235.51,301.84,273.41,277.21,0,0,0,0,0,0,0,0,0,0,0,0,0,0,0,0,0,0,0,0,0,0,0,0,0,0,0,0,0,0,0,0,0,0,0,0,0,0,0,0,0,0,0,0,0,0,0,0,0,0,0,0,0,0,0,0,0,0,0,0,0,0,,410,134,,,,,,,,,,,,,,,,,,,,
2,0,0,0,0,0,0,0,0,0,0,0,0,0,0,0,0,0,0,0,0,0,0,0,0,0,0,0,0,0,0,0,0,0,0,0,0,0,0,0,0,0,0,0,0,0,0,0,0,0,0,0,0,0,0,0,0,0,0,0,0,0,0,0,0,0,0,0,0,0,0,0,0,0,0,0,0,0,0,0,0,0,0,0,0,0,0,0,0,0,0,0,0,0,0,0,0,0,0,0,0,0,0,0,0,0,0,0,0,0,0,0,0,0,0,0,0,0,0,0,0,0,0,0,0,0,0,0,0,0,0,0,0,0,0,0,0,0,0,0,0,0,0,0,0,0,0,0,0,0,0,0,0,0,0,0,0,0,0,0,0,0,0,0,0,0,0,0,0,0,0,0,0,0,0,0,0,0,0,0,0,0,0,0,0,0,0,124.58,162.23,193.94,325.34,191.67,194.07,204.43,241.95,198.24,287.82,226.16,389.65,240.56,209.48,168.55,191.79,170.44,185.98,194.45,272.03,328.38,295.27,322.82,275.94,283.14,279.86,243.09,330.65,284.66,279.61,236.14,211.76,235.51,301.84,252.82,265.58,0,0,0,0,0,0,0,0,0,0,0,0,0,0,0,0,0,0,0,0,0,0,0,0,0,0,0,0,0,0,0,0,0,0,0,0,0,0,0,0,0,0,0,0,0,0,0,0,0,0,0,0,0,0,0,0,0,0,0,0,0,0,,408,135,,,,,,,,,,,,,,,,,,,,
2,0,0,0,0,0,0,0,0,0,0,0,0,0,0,0,0,0,0,0,0,0,0,0,0,0,0,0,0,0,0,0,0,0,0,0,0,0,0,0,0,0,0,0,0,0,0,0,0,0,0,0,0,0,0,0,0,0,0,0,0,0,0,0,0,0,0,0,0,0,0,0,0,0,0,0,0,0,0,0,0,0,0,0,0,0,0,0,0,0,0,0,0,0,0,0,0,0,0,0,0,0,0,0,0,0,0,0,0,0,0,0,0,0,0,0,0,0,0,0,0,0,0,0,0,0,0,0,0,0,0,0,0,0,0,0,0,0,0,0,0,0,0,0,0,0,0,0,0,0,0,0,0,0,0,0,0,0,0,0,0,0,0,0,0,0,0,0,0,0,0,0,0,0,0,0,0,0,0,0,0,0,0,0,0,0,0,0,140.75,184.72,231.72,191.67,194.07,204.43,241.95,184.72,277.33,216.69,341.14,220.73,201.27,168.55,173.47,158.94,177.39,165.26,258.13,328.38,295.27,309.42,265.33,256.86,279.86,243.09,312.2,284.66,255.47,236.14,211.76,235.51,290.22,252.82,265.58,0,0,0,0,0,0,0,0,0,0,0,0,0,0,0,0,0,0,0,0,0,0,0,0,0,0,0,0,0,0,0,0,0,0,0,0,0,0,0,0,0,0,0,0,0,0,0,0,0,0,0,0,0,0,0,0,0,0,0,0,0,0,,406,136,,,,,,,,,,,,,,,,,,,,
2,0,0,0,0,0,0,0,0,0,0,0,0,0,0,0,0,0,0,0,0,0,0,0,0,0,0,0,0,0,0,0,0,0,0,0,0,0,0,0,0,0,0,0,0,0,0,0,0,0,0,0,0,0,0,0,0,0,0,0,0,0,0,0,0,0,0,0,0,0,0,0,0,0,0,0,0,0,0,0,0,0,0,0,0,0,0,0,0,0,0,0,0,0,0,0,0,0,0,0,0,0,0,0,0,0,0,0,0,0,0,0,0,0,0,0,0,0,0,0,0,0,0,0,0,0,0,0,0,0,0,0,0,0,0,0,0,0,0,0,0,0,0,0,0,0,0,0,0,0,0,0,0,0,0,0,0,0,0,0,0,0,0,0,0,0,0,0,0,0,0,0,0,0,0,0,0,0,0,0,0,0,0,0,0,0,0,0,0,184.72,231.72,181.43,194.07,192.93,211.38,181.31,265.46,208.6,335.7,220.73,172.46,155.66,173.47,150.73,177.39,92.61,258.13,309.42,267.73,295.53,255.35,230.58,267.73,213.15,312.2,246.5,255.47,223.76,211.76,235.51,290.22,252.82,250.55,0,0,0,0,0,0,0,0,0,0,0,0,0,0,0,0,0,0,0,0,0,0,0,0,0,0,0,0,0,0,0,0,0,0,0,0,0,0,0,0,0,0,0,0,0,0,0,0,0,0,0,0,0,0,0,0,0,0,0,0,0,0,,404,137,,,,,,,,,,,,,,,,,,,,
2,0,0,0,0,0,0,0,0,0,0,0,0,0,0,0,0,0,0,0,0,0,0,0,0,0,0,0,0,0,0,0,0,0,0,0,0,0,0,0,0,0,0,0,0,0,0,0,0,0,0,0,0,0,0,0,0,0,0,0,0,0,0,0,0,0,0,0,0,0,0,0,0,0,0,0,0,0,0,0,0,0,0,0,0,0,0,0,0,0,0,0,0,0,0,0,0,0,0,0,0,0,0,0,0,0,0,0,0,0,0,0,0,0,0,0,0,0,0,0,0,0,0,0,0,0,0,0,0,0,0,0,0,0,0,0,0,0,0,0,0,0,0,0,0,0,0,0,0,0,0,0,0,0,0,0,0,0,0,0,0,0,0,0,0,0,0,0,0,0,0,0,0,0,0,0,0,0,0,0,0,0,0,0,0,0,0,0,0,48.52,157.55,159.45,179.54,174.61,211.38,155.03,253.33,195.08,322.18,198.62,172.46,155.66,173.47,150.73,169.05,92.61,258.13,309.42,267.73,278.97,247.13,213.53,267.73,213.15,312.2,246.5,238.8,223.76,192.05,227.3,258.89,232.23,242.71,0,0,0,0,0,0,0,0,0,0,0,0,0,0,0,0,0,0,0,0,0,0,0,0,0,0,0,0,0,0,0,0,0,0,0,0,0,0,0,0,0,0,0,0,0,0,0,0,0,0,0,0,0,0,0,0,0,0,0,0,0,0,,402,138,,,,,,,,,,,,,,,,,,,,
2,0,0,0,0,0,0,0,0,0,0,0,0,0,0,0,0,0,0,0,0,0,0,0,0,0,0,0,0,0,0,0,0,0,0,0,0,0,0,0,0,0,0,0,0,0,0,0,0,0,0,0,0,0,0,0,0,0,0,0,0,0,0,0,0,0,0,0,0,0,0,0,0,0,0,0,0,0,0,0,0,0,0,0,0,0,0,0,0,0,0,0,0,0,0,0,0,0,0,0,0,0,0,0,0,0,0,0,0,0,0,0,0,0,0,0,0,0,0,0,0,0,0,0,0,0,0,0,0,0,0,0,0,0,0,0,0,0,0,0,0,0,0,0,0,0,0,0,0,0,0,0,0,0,0,0,0,0,0,0,0,0,0,0,0,0,0,0,0,0,0,0,0,0,0,0,0,0,0,0,0,0,0,0,0,0,0,0,0,0,0,0,179.54,165.14,211.38,155.03,253.33,195.08,295.02,184.09,139.49,155.66,140.5,133.17,169.05,45.61,242.71,299.44,242.71,250.17,233.87,198.74,267.73,196.22,297.29,231.97,223.13,197.86,178.28,227.3,240.31,232.23,180.8,0,0,0,0,0,0,0,0,0,0,0,0,0,0,0,0,0,0,0,0,0,0,0,0,0,0,0,0,0,0,0,0,0,0,0,0,0,0,0,0,0,0,0,0,0,0,0,0,0,0,0,0,0,0,0,0,0,0,0,0,0,0,,400,139,,,,,,,,,,,,,,,,,,,,
2,0,0,0,0,0,0,0,0,0,0,0,0,0,0,0,0,0,0,0,0,0,0,0,0,0,0,0,0,0,0,0,0,0,0,0,0,0,0,0,0,0,0,0,0,0,0,0,0,0,0,0,0,0,0,0,0,0,0,0,0,0,0,0,0,0,0,0,0,0,0,0,0,0,0,0,0,0,0,0,0,0,0,0,0,0,0,0,0,0,0,0,0,0,0,0,0,0,0,0,0,0,0,0,0,0,0,0,0,0,0,0,0,0,0,0,0,0,0,0,0,0,0,0,0,0,0,0,0,0,0,0,0,0,0,0,0,0,0,0,0,0,0,0,0,0,0,0,0,0,0,0,0,0,0,0,0,0,0,0,0,0,0,0,0,0,0,0,0,0,0,0,0,0,0,0,0,0,0,0,0,0,0,0,0,0,0,0,0,0,0,0,126.09,136.08,186.11,146.69,228.56,169.94,283.14,168.67,139.49,133.17,140.5,133.17,169.05,0,232.35,284.66,230.96,250.17,233.87,189.9,250.04,196.22,297.29,217.06,204.68,189.02,167.79,227.3,214.03,211.63,153.89,0,0,0,0,0,0,0,0,0,0,0,0,0,0,0,0,0,0,0,0,0,0,0,0,0,0,0,0,0,0,0,0,0,0,0,0,0,0,0,0,0,0,0,0,0,0,0,0,0,0,0,0,0,0,0,0,0,0,0,0,0,0,,398,140,,,,,,,,,,,,,,,,,,,,
2,0,0,0,0,0,0,0,0,0,0,0,0,0,0,0,0,0,0,0,0,0,0,0,0,0,0,0,0,0,0,0,0,0,0,0,0,0,0,0,0,0,0,0,0,0,0,0,0,0,0,0,0,0,0,0,0,0,0,0,0,0,0,0,0,0,0,0,0,0,0,0,0,0,0,0,0,0,0,0,0,0,0,0,0,0,0,0,0,0,0,0,0,0,0,0,0,0,0,0,0,0,0,0,0,0,0,0,0,0,0,0,0,0,0,0,0,0,0,0,0,0,0,0,0,0,0,0,0,0,0,0,0,0,0,0,0,0,0,0,0,0,0,0,0,0,0,0,0,0,0,0,0,0,0,0,0,0,0,0,0,0,0,0,0,0,0,0,0,0,0,0,0,0,0,0,0,0,0,0,0,0,0,0,0,0,0,0,0,0,0,0,0,0,150.98,120.28,166.78,147.32,283.14,151.11,131.78,133.17,140.5,133.17,156.67,0,224.65,274.68,230.96,226.79,224.01,189.9,250.04,189.14,297.29,203.92,192.93,189.02,155.28,227.3,214.03,193.82,131.91,0,0,0,0,0,0,0,0,0,0,0,0,0,0,0,0,0,0,0,0,0,0,0,0,0,0,0,0,0,0,0,0,0,0,0,0,0,0,0,0,0,0,0,0,0,0,0,0,0,0,0,0,0,0,0,0,0,0,0,0,0,0,,396,141,,,,,,,,,,,,,,,,,,,,
2,0,0,0,0,0,0,0,0,0,0,0,0,0,0,0,0,0,0,0,0,0,0,0,0,0,0,0,0,0,0,0,0,0,0,0,0,0,0,0,0,0,0,0,0,0,0,0,0,0,0,0,0,0,0,0,0,0,0,0,0,0,0,0,0,0,0,0,0,0,0,0,0,0,0,0,0,0,0,0,0,0,0,0,0,0,0,0,0,0,0,0,0,0,0,0,0,0,0,0,0,0,0,0,0,0,0,0,0,0,0,0,0,0,0,0,0,0,0,0,0,0,0,0,0,0,0,0,0,0,0,0,0,0,0,0,0,0,0,0,0,0,0,0,0,0,0,0,0,0,0,0,0,0,0,0,0,0,0,0,0,0,0,0,0,0,0,0,0,0,0,0,0,0,0,0,0,0,0,0,0,0,0,0,0,0,0,0,0,0,0,0,0,0,0,15.41,0,144.04,240.56,141.64,123.31,123.95,116.87,112.58,156.67,0,216.31,252.06,203.17,175.5,196.72,189.9,242.84,179.03,283.9,203.92,176.38,168.67,155.28,206.2,205.82,186.87,100.7,0,0,0,0,0,0,0,0,0,0,0,0,0,0,0,0,0,0,0,0,0,0,0,0,0,0,0,0,0,0,0,0,0,0,0,0,0,0,0,0,0,0,0,0,0,0,0,0,0,0,0,0,0,0,0,0,0,0,0,0,0,0,,394,142,,,,,,,,,,,,,,,,,,,,
2,0,0,0,0,0,0,0,0,0,0,0,0,0,0,0,0,0,0,0,0,0,0,0,0,0,0,0,0,0,0,0,0,0,0,0,0,0,0,0,0,0,0,0,0,0,0,0,0,0,0,0,0,0,0,0,0,0,0,0,0,0,0,0,0,0,0,0,0,0,0,0,0,0,0,0,0,0,0,0,0,0,0,0,0,0,0,0,0,0,0,0,0,0,0,0,0,0,0,0,0,0,0,0,0,0,0,0,0,0,0,0,0,0,0,0,0,0,0,0,0,0,0,0,0,0,0,0,0,0,0,0,0,0,0,0,0,0,0,0,0,0,0,0,0,0,0,0,0,0,0,0,0,0,0,0,0,0,0,0,0,0,0,0,0,0,0,0,0,0,0,0,0,0,0,0,0,0,0,0,0,0,0,0,0,0,0,0,0,0,0,0,0,0,0,0,0,102.34,152.12,133.55,98.17,123.95,116.87,112.58,146.56,0,205.31,229.07,187.25,175.5,190.03,172.08,242.84,159.7,276.57,168.55,166.4,147.7,155.28,206.2,205.82,152.5,27.92,0,0,0,0,0,0,0,0,0,0,0,0,0,0,0,0,0,0,0,0,0,0,0,0,0,0,0,0,0,0,0,0,0,0,0,0,0,0,0,0,0,0,0,0,0,0,0,0,0,0,0,0,0,0,0,0,0,0,0,0,0,0,,392,143,,,,,,,,,,,,,,,,,,,,
2,0,0,0,0,0,0,0,0,0,0,0,0,0,0,0,0,0,0,0,0,0,0,0,0,0,0,0,0,0,0,0,0,0,0,0,0,0,0,0,0,0,0,0,0,0,0,0,0,0,0,0,0,0,0,0,0,0,0,0,0,0,0,0,0,0,0,0,0,0,0,0,0,0,0,0,0,0,0,0,0,0,0,0,0,0,0,0,0,0,0,0,0,0,0,0,0,0,0,0,0,0,0,0,0,0,0,0,0,0,0,0,0,0,0,0,0,0,0,0,0,0,0,0,0,0,0,0,0,0,0,0,0,0,0,0,0,0,0,0,0,0,0,0,0,0,0,0,0,0,0,0,0,0,0,0,0,0,0,0,0,0,0,0,0,0,0,0,0,0,0,0,0,0,0,0,0,0,0,0,0,0,0,0,0,0,0,0,0,0,0,0,0,0,0,0,0,0,0,60.65,79.6,95.14,96.28,83.26,133.8,0,186.87,214.16,172.34,163.49,180.68,161.72,227.8,159.7,251.81,168.55,158.19,136.08,145.05,183.58,197.61,152.5,0,0,0,0,0,0,0,0,0,0,0,0,0,0,0,0,0,0,0,0,0,0,0,0,0,0,0,0,0,0,0,0,0,0,0,0,0,0,0,0,0,0,0,0,0,0,0,0,0,0,0,0,0,0,0,0,0,0,0,0,0,0,0,,390,144,,,,,,,,,,,,,,,,,,,,
2,0,0,0,0,0,0,0,0,0,0,0,0,0,0,0,0,0,0,0,0,0,0,0,0,0,0,0,0,0,0,0,0,0,0,0,0,0,0,0,0,0,0,0,0,0,0,0,0,0,0,0,0,0,0,0,0,0,0,0,0,0,0,0,0,0,0,0,0,0,0,0,0,0,0,0,0,0,0,0,0,0,0,0,0,0,0,0,0,0,0,0,0,0,0,0,0,0,0,0,0,0,0,0,0,0,0,0,0,0,0,0,0,0,0,0,0,0,0,0,0,0,0,0,0,0,0,0,0,0,0,0,0,0,0,0,0,0,0,0,0,0,0,0,0,0,0,0,0,0,0,0,0,0,0,0,0,0,0,0,0,0,0,0,0,0,0,0,0,0,0,0,0,0,0,0,0,0,0,0,0,0,0,0,0,0,0,0,0,0,0,0,0,0,0,0,0,0,0,0,0,0,0,68.1,103.48,0,179.54,205.31,172.34,151.36,168.93,161.72,227.8,159.7,234.12,168.55,143.15,125.08,136.58,183.58,179.79,144.79,0,0,0,0,0,0,0,0,0,0,0,0,0,0,0,0,0,0,0,0,0,0,0,0,0,0,0,0,0,0,0,0,0,0,0,0,0,0,0,0,0,0,0,0,0,0,0,0,0,0,0,0,0,0,0,0,0,0,0,0,0,0,0,,388,145,,,,,,,,,,,,,,,,,,,,
2,0,0,0,0,0,0,0,0,0,0,0,0,0,0,0,0,0,0,0,0,0,0,0,0,0,0,0,0,0,0,0,0,0,0,0,0,0,0,0,0,0,0,0,0,0,0,0,0,0,0,0,0,0,0,0,0,0,0,0,0,0,0,0,0,0,0,0,0,0,0,0,0,0,0,0,0,0,0,0,0,0,0,0,0,0,0,0,0,0,0,0,0,0,0,0,0,0,0,0,0,0,0,0,0,0,0,0,0,0,0,0,0,0,0,0,0,0,0,0,0,0,0,0,0,0,0,0,0,0,0,0,0,0,0,0,0,0,0,0,0,0,0,0,0,0,0,0,0,0,0,0,0,0,0,0,0,0,0,0,0,0,0,0,0,0,0,0,0,0,0,0,0,0,0,0,0,0,0,0,0,0,0,0,0,0,0,0,0,0,0,0,0,0,0,0,0,0,0,0,0,0,0,0,0,0,159.45,205.31,161.22,140.75,161.85,161.72,191.29,159.7,226.79,151.49,143.15,125.08,136.58,172.08,168.42,135.32,0,0,0,0,0,0,0,0,0,0,0,0,0,0,0,0,0,0,0,0,0,0,0,0,0,0,0,0,0,0,0,0,0,0,0,0,0,0,0,0,0,0,0,0,0,0,0,0,0,0,0,0,0,0,0,0,0,0,0,0,0,0,0,,386,146,,,,,,,,,,,,,,,,,,,,
2,0,0,0,0,0,0,0,0,0,0,0,0,0,0,0,0,0,0,0,0,0,0,0,0,0,0,0,0,0,0,0,0,0,0,0,0,0,0,0,0,0,0,0,0,0,0,0,0,0,0,0,0,0,0,0,0,0,0,0,0,0,0,0,0,0,0,0,0,0,0,0,0,0,0,0,0,0,0,0,0,0,0,0,0,0,0,0,0,0,0,0,0,0,0,0,0,0,0,0,0,0,0,0,0,0,0,0,0,0,0,0,0,0,0,0,0,0,0,0,0,0,0,0,0,0,0,0,0,0,0,0,0,0,0,0,0,0,0,0,0,0,0,0,0,0,0,0,0,0,0,0,0,0,0,0,0,0,0,0,0,0,0,0,0,0,0,0,0,0,0,0,0,0,0,0,0,0,0,0,0,0,0,0,0,0,0,0,0,0,0,0,0,0,0,0,0,0,0,0,0,0,0,0,0,0,110.3,196.72,143.4,129.88,154.65,128.49,167.03,152,208.47,134.69,113.33,96.02,136.58,172.08,154.52,135.32,0,0,0,0,0,0,0,0,0,0,0,0,0,0,0,0,0,0,0,0,0,0,0,0,0,0,0,0,0,0,0,0,0,0,0,0,0,0,0,0,0,0,0,0,0,0,0,0,0,0,0,0,0,0,0,0,0,0,0,0,0,0,0,,384,147,,,,,,,,,,,,,,,,,,,,
2,0,0,0,0,0,0,0,0,0,0,0,0,0,0,0,0,0,0,0,0,0,0,0,0,0,0,0,0,0,0,0,0,0,0,0,0,0,0,0,0,0,0,0,0,0,0,0,0,0,0,0,0,0,0,0,0,0,0,0,0,0,0,0,0,0,0,0,0,0,0,0,0,0,0,0,0,0,0,0,0,0,0,0,0,0,0,0,0,0,0,0,0,0,0,0,0,0,0,0,0,0,0,0,0,0,0,0,0,0,0,0,0,0,0,0,0,0,0,0,0,0,0,0,0,0,0,0,0,0,0,0,0,0,0,0,0,0,0,0,0,0,0,0,0,0,0,0,0,0,0,0,0,0,0,0,0,0,0,0,0,0,0,0,0,0,0,0,0,0,0,0,0,0,0,0,0,0,0,0,0,0,0,0,0,0,0,0,0,0,0,0,0,0,0,0,0,0,0,0,0,0,0,0,0,0,110.3,181.94,126.73,129.88,154.65,128.49,158.82,152,200.89,134.69,113.33,96.02,127.99,172.08,154.52,135.32,0,0,0,0,0,0,0,0,0,0,0,0,0,0,0,0,0,0,0,0,0,0,0,0,0,0,0,0,0,0,0,0,0,0,0,0,0,0,0,0,0,0,0,0,0,0,0,0,0,0,0,0,0,0,0,0,0,0,0,0,0,0,0,,382,148,,,,,,,,,,,,,,,,,,,,
2,0,0,0,0,0,0,0,0,0,0,0,0,0,0,0,0,0,0,0,0,0,0,0,0,0,0,0,0,0,0,0,0,0,0,0,0,0,0,0,0,0,0,0,0,0,0,0,0,0,0,0,0,0,0,0,0,0,0,0,0,0,0,0,0,0,0,0,0,0,0,0,0,0,0,0,0,0,0,0,0,0,0,0,0,0,0,0,0,0,0,0,0,0,0,0,0,0,0,0,0,0,0,0,0,0,0,0,0,0,0,0,0,0,0,0,0,0,0,0,0,0,0,0,0,0,0,0,0,0,0,0,0,0,0,0,0,0,0,0,0,0,0,0,0,0,0,0,0,0,0,0,0,0,0,0,0,0,0,0,0,0,0,0,0,0,0,0,0,0,0,0,0,0,0,0,0,0,0,0,0,0,0,0,0,0,0,0,0,0,0,0,0,0,0,0,0,0,0,0,0,0,0,0,0,0,0,152,108.91,92.11,122.81,128.49,139.74,152,116.37,122.81,113.33,87.05,127.99,160.46,154.52,135.32,0,0,0,0,0,0,0,0,0,0,0,0,0,0,0,0,0,0,0,0,0,0,0,0,0,0,0,0,0,0,0,0,0,0,0,0,0,0,0,0,0,0,0,0,0,0,0,0,0,0,0,0,0,0,0,0,0,0,0,0,0,0,0,,380,149,,,,,,,,,,,,,,,,,,,,
2,0,0,0,0,0,0,0,0,0,0,0,0,0,0,0,0,0,0,0,0,0,0,0,0,0,0,0,0,0,0,0,0,0,0,0,0,0,0,0,0,0,0,0,0,0,0,0,0,0,0,0,0,0,0,0,0,0,0,0,0,0,0,0,0,0,0,0,0,0,0,0,0,0,0,0,0,0,0,0,0,0,0,0,0,0,0,0,0,0,0,0,0,0,0,0,0,0,0,0,0,0,0,0,0,0,0,0,0,0,0,0,0,0,0,0,0,0,0,0,0,0,0,0,0,0,0,0,0,0,0,0,0,0,0,0,0,0,0,0,0,0,0,0,0,0,0,0,0,0,0,0,0,0,0,0,0,0,0,0,0,0,0,0,0,0,0,0,0,0,0,0,0,0,0,0,0,0,0,0,0,0,0,0,0,0,0,0,0,0,0,0,0,0,0,0,0,0,0,0,0,0,0,0,0,0,0,61.78,0,0,122.81,108.91,117.38,147.57,0,113.84,91.73,74.67,117.63,160.46,154.52,129.25,0,0,0,0,0,0,0,0,0,0,0,0,0,0,0,0,0,0,0,0,0,0,0,0,0,0,0,0,0,0,0,0,0,0,0,0,0,0,0,0,0,0,0,0,0,0,0,0,0,0,0,0,0,0,0,0,0,0,0,0,0,0,0,,378,150,,,,,,,,,,,,,,,,,,,,
2,0,0,0,0,0,0,0,0,0,0,0,0,0,0,0,0,0,0,0,0,0,0,0,0,0,0,0,0,0,0,0,0,0,0,0,0,0,0,0,0,0,0,0,0,0,0,0,0,0,0,0,0,0,0,0,0,0,0,0,0,0,0,0,0,0,0,0,0,0,0,0,0,0,0,0,0,0,0,0,0,0,0,0,0,0,0,0,0,0,0,0,0,0,0,0,0,0,0,0,0,0,0,0,0,0,0,0,0,0,0,0,0,0,0,0,0,0,0,0,0,0,0,0,0,0,0,0,0,0,0,0,0,0,0,0,0,0,0,0,0,0,0,0,0,0,0,0,0,0,0,0,0,0,0,0,0,0,0,0,0,0,0,0,0,0,0,0,0,0,0,0,0,0,0,0,0,0,0,0,0,0,0,0,0,0,0,0,0,0,0,0,0,0,0,0,0,0,0,0,0,0,0,0,0,0,0,0,0,0,68.35,90.72,110.93,139.23,0,103.6,91.73,62.16,117.63,145.68,98.68,122.81,0,0,0,0,0,0,0,0,0,0,0,0,0,0,0,0,0,0,0,0,0,0,0,0,0,0,0,0,0,0,0,0,0,0,0,0,0,0,0,0,0,0,0,0,0,0,0,0,0,0,0,0,0,0,0,0,0,0,0,0,0,0,0,,376,151,,,,,,,,,,,,,,,,,,,,
2,0,0,0,0,0,0,0,0,0,0,0,0,0,0,0,0,0,0,0,0,0,0,0,0,0,0,0,0,0,0,0,0,0,0,0,0,0,0,0,0,0,0,0,0,0,0,0,0,0,0,0,0,0,0,0,0,0,0,0,0,0,0,0,0,0,0,0,0,0,0,0,0,0,0,0,0,0,0,0,0,0,0,0,0,0,0,0,0,0,0,0,0,0,0,0,0,0,0,0,0,0,0,0,0,0,0,0,0,0,0,0,0,0,0,0,0,0,0,0,0,0,0,0,0,0,0,0,0,0,0,0,0,0,0,0,0,0,0,0,0,0,0,0,0,0,0,0,0,0,0,0,0,0,0,0,0,0,0,0,0,0,0,0,0,0,0,0,0,0,0,0,0,0,0,0,0,0,0,0,0,0,0,0,0,0,0,0,0,0,0,0,0,0,0,0,0,0,0,0,0,0,0,0,0,0,0,0,0,0,0,0,0,105.12,0,103.6,80.1,62.16,117.63,145.68,98.68,92.11,0,0,0,0,0,0,0,0,0,0,0,0,0,0,0,0,0,0,0,0,0,0,0,0,0,0,0,0,0,0,0,0,0,0,0,0,0,0,0,0,0,0,0,0,0,0,0,0,0,0,0,0,0,0,0,0,0,0,0,0,0,0,0,,374,152,,,,,,,,,,,,,,,,,,,,
2,0,0,0,0,0,0,0,0,0,0,0,0,0,0,0,0,0,0,0,0,0,0,0,0,0,0,0,0,0,0,0,0,0,0,0,0,0,0,0,0,0,0,0,0,0,0,0,0,0,0,0,0,0,0,0,0,0,0,0,0,0,0,0,0,0,0,0,0,0,0,0,0,0,0,0,0,0,0,0,0,0,0,0,0,0,0,0,0,0,0,0,0,0,0,0,0,0,0,0,0,0,0,0,0,0,0,0,0,0,0,0,0,0,0,0,0,0,0,0,0,0,0,0,0,0,0,0,0,0,0,0,0,0,0,0,0,0,0,0,0,0,0,0,0,0,0,0,0,0,0,0,0,0,0,0,0,0,0,0,0,0,0,0,0,0,0,0,0,0,0,0,0,0,0,0,0,0,0,0,0,0,0,0,0,0,0,0,0,0,0,0,0,0,0,0,0,0,0,0,0,0,0,0,0,0,0,0,0,0,0,0,0,0,0,95.52,66.71,35.25,117.63,114.6,68.35,85.16,0,0,0,0,0,0,0,0,0,0,0,0,0,0,0,0,0,0,0,0,0,0,0,0,0,0,0,0,0,0,0,0,0,0,0,0,0,0,0,0,0,0,0,0,0,0,0,0,0,0,0,0,0,0,0,0,0,0,0,0,0,0,0,,372,153,,,,,,,,,,,,,,,,,,,,
2,0,0,0,0,0,0,0,0,0,0,0,0,0,0,0,0,0,0,0,0,0,0,0,0,0,0,0,0,0,0,0,0,0,0,0,0,0,0,0,0,0,0,0,0,0,0,0,0,0,0,0,0,0,0,0,0,0,0,0,0,0,0,0,0,0,0,0,0,0,0,0,0,0,0,0,0,0,0,0,0,0,0,0,0,0,0,0,0,0,0,0,0,0,0,0,0,0,0,0,0,0,0,0,0,0,0,0,0,0,0,0,0,0,0,0,0,0,0,0,0,0,0,0,0,0,0,0,0,0,0,0,0,0,0,0,0,0,0,0,0,0,0,0,0,0,0,0,0,0,0,0,0,0,0,0,0,0,0,0,0,0,0,0,0,0,0,0,0,0,0,0,0,0,0,0,0,0,0,0,0,0,0,0,0,0,0,0,0,0,0,0,0,0,0,0,0,0,0,0,0,0,0,0,0,0,0,0,0,0,0,0,0,0,0,43.84,40.05,35.25,117.63,114.6,57.24,76.44,0,0,0,0,0,0,0,0,0,0,0,0,0,0,0,0,0,0,0,0,0,0,0,0,0,0,0,0,0,0,0,0,0,0,0,0,0,0,0,0,0,0,0,0,0,0,0,0,0,0,0,0,0,0,0,0,0,0,0,0,0,0,0,,370,154,,,,,,,,,,,,,,,,,,,,
2,0,0,0,0,0,0,0,0,0,0,0,0,0,0,0,0,0,0,0,0,0,0,0,0,0,0,0,0,0,0,0,0,0,0,0,0,0,0,0,0,0,0,0,0,0,0,0,0,0,0,0,0,0,0,0,0,0,0,0,0,0,0,0,0,0,0,0,0,0,0,0,0,0,0,0,0,0,0,0,0,0,0,0,0,0,0,0,0,0,0,0,0,0,0,0,0,0,0,0,0,0,0,0,0,0,0,0,0,0,0,0,0,0,0,0,0,0,0,0,0,0,0,0,0,0,0,0,0,0,0,0,0,0,0,0,0,0,0,0,0,0,0,0,0,0,0,0,0,0,0,0,0,0,0,0,0,0,0,0,0,0,0,0,0,0,0,0,0,0,0,0,0,0,0,0,0,0,0,0,0,0,0,0,0,0,0,0,0,0,0,0,0,0,0,0,0,0,0,0,0,0,0,0,0,0,0,0,0,0,0,0,0,0,0,0,0,35.25,117.63,91.6,0,76.44,0,0,0,0,0,0,0,0,0,0,0,0,0,0,0,0,0,0,0,0,0,0,0,0,0,0,0,0,0,0,0,0,0,0,0,0,0,0,0,0,0,0,0,0,0,0,0,0,0,0,0,0,0,0,0,0,0,0,0,0,0,0,0,,368,155,,,,,,,,,,,,,,,,,,,,
2,0,0,0,0,0,0,0,0,0,0,0,0,0,0,0,0,0,0,0,0,0,0,0,0,0,0,0,0,0,0,0,0,0,0,0,0,0,0,0,0,0,0,0,0,0,0,0,0,0,0,0,0,0,0,0,0,0,0,0,0,0,0,0,0,0,0,0,0,0,0,0,0,0,0,0,0,0,0,0,0,0,0,0,0,0,0,0,0,0,0,0,0,0,0,0,0,0,0,0,0,0,0,0,0,0,0,0,0,0,0,0,0,0,0,0,0,0,0,0,0,0,0,0,0,0,0,0,0,0,0,0,0,0,0,0,0,0,0,0,0,0,0,0,0,0,0,0,0,0,0,0,0,0,0,0,0,0,0,0,0,0,0,0,0,0,0,0,0,0,0,0,0,0,0,0,0,0,0,0,0,0,0,0,0,0,0,0,0,0,0,0,0,0,0,0,0,0,0,0,0,0,0,0,0,0,0,0,0,0,0,0,0,0,0,0,0,31.08,117.63,38.54,0,68.86,0,0,0,0,0,0,0,0,0,0,0,0,0,0,0,0,0,0,0,0,0,0,0,0,0,0,0,0,0,0,0,0,0,0,0,0,0,0,0,0,0,0,0,0,0,0,0,0,0,0,0,0,0,0,0,0,0,0,0,0,0,0,0,,366,156,,,,,,,,,,,,,,,,,,,,
2,0,0,0,0,0,0,0,0,0,0,0,0,0,0,0,0,0,0,0,0,0,0,0,0,0,0,0,0,0,0,0,0,0,0,0,0,0,0,0,0,0,0,0,0,0,0,0,0,0,0,0,0,0,0,0,0,0,0,0,0,0,0,0,0,0,0,0,0,0,0,0,0,0,0,0,0,0,0,0,0,0,0,0,0,0,0,0,0,0,0,0,0,0,0,0,0,0,0,0,0,0,0,0,0,0,0,0,0,0,0,0,0,0,0,0,0,0,0,0,0,0,0,0,0,0,0,0,0,0,0,0,0,0,0,0,0,0,0,0,0,0,0,0,0,0,0,0,0,0,0,0,0,0,0,0,0,0,0,0,0,0,0,0,0,0,0,0,0,0,0,0,0,0,0,0,0,0,0,0,0,0,0,0,0,0,0,0,0,0,0,0,0,0,0,0,0,0,0,0,0,0,0,0,0,0,0,0,0,0,0,0,0,0,0,0,0,27.67,114.22,0,0,0,0,0,0,0,0,0,0,0,0,0,0,0,0,0,0,0,0,0,0,0,0,0,0,0,0,0,0,0,0,0,0,0,0,0,0,0,0,0,0,0,0,0,0,0,0,0,0,0,0,0,0,0,0,0,0,0,0,0,0,0,0,0,0,,364,157,,,,,,,,,,,,,,,,,,,,
2,0,0,0,0,0,0,0,0,0,0,0,0,0,0,0,0,0,0,0,0,0,0,0,0,0,0,0,0,0,0,0,0,0,0,0,0,0,0,0,0,0,0,0,0,0,0,0,0,0,0,0,0,0,0,0,0,0,0,0,0,0,0,0,0,0,0,0,0,0,0,0,0,0,0,0,0,0,0,0,0,0,0,0,0,0,0,0,0,0,0,0,0,0,0,0,0,0,0,0,0,0,0,0,0,0,0,0,0,0,0,0,0,0,0,0,0,0,0,0,0,0,0,0,0,0,0,0,0,0,0,0,0,0,0,0,0,0,0,0,0,0,0,0,0,0,0,0,0,0,0,0,0,0,0,0,0,0,0,0,0,0,0,0,0,0,0,0,0,0,0,0,0,0,0,0,0,0,0,0,0,0,0,0,0,0,0,0,0,0,0,0,0,0,0,0,0,0,0,0,0,0,0,0,0,0,0,0,0,0,0,0,0,0,0,0,0,27.67,0,0,0,0,0,0,0,0,0,0,0,0,0,0,0,0,0,0,0,0,0,0,0,0,0,0,0,0,0,0,0,0,0,0,0,0,0,0,0,0,0,0,0,0,0,0,0,0,0,0,0,0,0,0,0,0,0,0,0,0,0,0,0,0,0,0,0,,362,158,,,,,,,,,,,,,,,,,,,,
2,0,0,0,0,0,0,0,0,0,0,0,0,0,0,0,0,0,0,0,0,0,0,0,0,0,0,0,0,0,0,0,0,0,0,0,0,0,0,0,0,0,0,0,0,0,0,0,0,0,0,0,0,0,0,0,0,0,0,0,0,0,0,0,0,0,0,0,0,0,0,0,0,0,0,0,0,0,0,0,0,0,0,0,0,0,0,0,0,0,0,0,0,0,0,0,0,0,0,0,0,0,0,0,0,0,0,0,0,0,0,0,0,0,0,0,0,0,0,0,0,0,0,0,0,0,0,0,0,0,0,0,0,0,0,0,0,0,0,0,0,0,0,0,0,0,0,0,0,0,0,0,0,0,0,0,0,0,0,0,0,0,0,0,0,0,0,0,0,0,0,0,0,0,0,0,0,0,0,0,0,0,0,0,0,0,0,0,0,0,0,0,0,0,0,0,0,0,0,0,0,0,0,0,0,0,0,0,0,0,0,0,0,0,0,0,0,27.67,0,0,0,0,0,0,0,0,0,0,0,0,0,0,0,0,0,0,0,0,0,0,0,0,0,0,0,0,0,0,0,0,0,0,0,0,0,0,0,0,0,0,0,0,0,0,0,0,0,0,0,0,0,0,0,0,0,0,0,0,0,0,0,0,0,0,0,,360,159,,,,,,,,,,,,,,,,,,,,
2,0,0,0,0,0,0,0,0,0,0,0,0,0,0,0,0,0,0,0,0,0,0,0,0,0,0,0,0,0,0,0,0,0,0,0,0,0,0,0,0,0,0,0,0,0,0,0,0,0,0,0,0,0,0,0,0,0,0,0,0,0,0,0,0,0,0,0,0,0,0,0,0,0,0,0,0,0,0,0,0,0,0,0,0,0,0,0,0,0,0,0,0,0,0,0,0,0,0,0,0,0,0,0,0,0,0,0,0,0,0,0,0,0,0,0,0,0,0,0,0,0,0,0,0,0,0,0,0,0,0,0,0,0,0,0,0,0,0,0,0,0,0,0,0,0,0,0,0,0,0,0,0,0,0,0,0,0,0,0,0,0,0,0,0,0,0,0,0,0,0,0,0,0,0,0,0,0,0,0,0,0,0,0,0,0,0,0,0,0,0,0,0,0,0,0,0,0,0,0,0,0,0,0,0,0,0,0,0,0,0,0,0,0,0,0,0,0,0,0,0,0,0,0,0,0,0,0,0,0,0,0,0,0,0,0,0,0,0,0,0,0,0,0,0,0,0,0,0,0,0,0,0,0,0,0,0,0,0,0,0,0,0,0,0,0,0,0,0,0,0,0,0,0,0,0,0,0,0,0,0,0,0,0,0,,358,160,,,,,,,,,,,,,,,,,,,,
