$ XILUODU,segment222的宽度是根据深泓线数据确定的,,,,,,,,,,,,,,,,,,,,,,,,,,,,,,,,,,,,,,,,,,,,,,,,,,,,,,,,,,,,,,,,,,,,,,,,,,,,,,,,,,,,,,,,,,,,,,,,,,,,,,,,,,,,,,,,,,,,,,,,,,,,,,,,,,,,,,,,,,,,,,,,,,,,,,,,,,,,,,,,,,,,,,,,,,,,,,,,,,,,,,,,,,,,,,,,,,,,,,,,,,,,,,,,,,,,,,,,,,,,,,,牛栏江,,,,,,,,,,,,,,,美姑河,,,,,,,,,,,,,,,,,,西苏角河,,,,,,,,,,,,,,,,,,,,,,,,
SEG: I,1,2,3,4,5,6,7,8,9,10,11,12,13,14,15,16,17,18,19,20,21,22,23,24,25,26,27,28,29,30,31,32,33,34,35,36,37,38,39,40,41,42,43,44,45,46,47,48,49,50,51,52,53,54,55,56,57,58,59,60,61,62,63,64,65,66,67,68,69,70,71,72,73,74,75,76,77,78,79,80,81,82,83,84,85,86,87,88,89,90,91,92,93,94,95,96,97,98,99,100,101,102,103,104,105,106,107,108,109,110,111,112,113,114,115,116,117,118,119,120,121,122,123,124,125,126,127,128,129,130,131,132,133,134,135,136,137,138,139,140,141,142,143,144,145,146,147,148,149,150,151,152,153,154,155,156,157,158,159,160,161,162,163,164,165,166,167,168,169,170,171,172,173,174,175,176,177,178,179,180,181,182,183,184,185,186,187,188,189,190,191,192,193,194,195,196,197,198,199,200,201,202,203,204,205,206,207,208,209,210,211,212,213,214,215,216,217,218,219,220,221,222,223,224,225,226,227,228,229,230,231,232,233,234,235,236,237,238,239,240,241,242,243,244,245,246,247,248,249,250,251,252,253,254,255,256,257,258,259,260,261,262,263,264,265,266,267,268,,,,,,,,,,,,,
DLX,885,670,860,1250,990,840,960,760,740,970,780,1390,660,1210,660,630,820,720,700,950,2350,850,1260,800,670,710,640,650,580,730,900,800,660,640,1030,540,830,820,950,1020,860,610,660,860,850,860,770,840,900,700,960,740,820,530,760,1260,1060,960,620,1110,740,780,640,660,640,660,1070,1080,750,570,970,560,870,940,1220,790,1160,1370,1210,400,1070,1130,1120,870,1050,1240,760,1050,1430,870,1070,850,580,610,590,920,800,1040,930,1190,890,850,790,580,900,630,790,850,500,580,950,800,950,1220,1050,1000,840,940,680,970,1350,720,880,870,780,840,1040,1060,1070,920,970,680,1090,770,1160,510,940,1020,950,640,620,610,920,790,470,1150,620,700,590,840,740,670,1230,850,1130,960,840,620,1020,830,1220,770,900,1190,730,1000,780,1090,910,980,720,1260,690,1000,510,790,780,990,710,1070,950,640,980,1040,840,1410,1450,1490,540,1060,1790,690,1030,820,640,1030,820,870,600,750,520,830,1180,1250,970,1040,1110,800,940,1110,730,710,730,1160,1020,550,1030,580,940,1170,660,400,885,305,570,350,280,270,290,250,310,280,310,280,420,250,110,305,963,1000,1250,880,1010,1330,980,910,990,850,870,1700,1060,1220,510,670,180,963,876,950,1070,1860,840,640,1160,930,470,700,140,876,,,,,,,,,,,,,
ELWS,592.18,592.18,592.04,591.85,591.59,591.38,591.2,590.99,590.83,590.67,590.47,590.3,590.01,589.86,589.61,589.47,589.33,589.16,589,588.86,588.65,588.15,587.97,587.7,587.53,587.39,587.37,587.35,587.34,587.32,587.3,587.27,587.25,587.23,587.22,587.19,587.17,587.15,587.13,587.1,587.08,587.05,587.04,587.02,586.99,586.97,586.95,586.93,586.9,586.88,586.86,586.83,586.81,586.79,586.78,586.75,586.72,586.7,586.68,586.67,586.65,586.64,586.62,586.61,586.6,586.59,586.57,586.55,586.53,586.52,586.51,586.49,586.48,586.47,586.45,586.43,586.41,586.39,586.36,586.34,586.33,586.31,586.29,586.27,586.26,586.24,586.21,586.2,586.18,586.15,586.14,586.12,586.1,586.09,586.08,586.07,586.05,586.04,586.02,586,585.98,585.96,585.95,585.93,585.92,585.9,585.89,585.88,585.86,585.85,585.84,585.82,585.81,585.79,585.77,585.75,585.77,585.78,585.8,585.81,585.83,585.86,585.87,585.89,585.9,585.92,585.93,585.95,585.97,585.99,586.01,586.03,586.04,586.06,586.08,586.1,586.11,586.13,586.14,586.16,586.17,586.19,586.2,586.21,586.23,586.24,586.26,586.27,586.28,586.29,586.31,586.32,586.34,586.36,586.38,586.4,586.41,586.43,586.44,586.46,586.48,586.5,586.51,586.53,586.55,586.57,586.59,586.6,586.6,586.6,586.6,586.6,586.6,586.6,586.6,586.59,586.59,586.59,586.59,586.59,586.59,586.59,586.59,586.59,586.59,586.59,586.59,586.59,586.59,586.59,586.58,586.58,586.58,586.58,586.58,586.58,586.58,586.58,586.58,586.58,586.58,586.58,586.58,586.58,586.58,586.58,586.57,586.57,586.57,586.57,586.57,586.57,586.57,586.57,586.57,586.57,586.57,586.57,586.57,586.57,586.57,586.57,586.57,586.72,586.72,586.72,586.72,586.72,586.72,586.72,586.72,586.72,586.72,586.72,586.72,586.72,586.72,586.72,592,592,591.32,590.65,589.97,589.3,588.63,587.95,587.28,586.61,586.61,586.61,586.61,586.61,586.61,586.61,586.61,586.61,602,602,597,592,587,586.93,586.86,586.8,586.73,586.66,586.6,586.6,,,,,,,,,,,,,
ANGLE,0,3.14,3.14,2.87,2.36,2.39,2.98,2.87,3.14,3.14,3.14,3.14,3.89,3.93,3.43,3.6,3.6,3.6,3.47,3.61,3.61,3.5,3.7,3.6,3.6,3.6,3.86,5.18,5.18,5.81,5.97,5.66,5.66,5.5,5.5,4.8,4.8,4.25,4.52,4.46,4.25,4.25,4.03,3.93,3.93,3.93,3.93,4.56,5.16,5.5,5.5,4.83,4.71,4.42,4.42,4.08,4.25,4.06,3.87,3.6,3.14,3.14,3.14,3.3,3.93,3.93,3.93,3.69,3.86,3.8,3.8,3.4,3.79,3.9,4.25,3.92,3.6,3.6,3.14,4.24,4.26,4.71,4.71,4.82,5.04,4.97,4.61,3.78,3.14,3.58,3.16,2.55,2.04,2.04,2.37,3.14,3.14,3.92,5.04,3.93,3.93,3.93,4.04,4.12,4.12,3.93,4.25,4.21,4.21,3.6,3.6,3.64,3.93,4.16,4.71,4.52,3.61,3.93,3.93,3.93,4.08,4.41,4.24,3.75,3.75,3.6,3.47,4.24,4.24,4.24,3.61,3.69,3.6,3.6,3.6,3.6,3.14,2.68,3.14,2.77,2.77,3.54,3.14,3.14,3.14,3.14,3.64,3.93,3.93,3.93,3.93,3.93,3.93,4.24,4.58,3.93,3.57,2.65,2.65,1.57,0.93,0.84,1.57,1.59,2.36,2.36,2.91,2.68,3.14,3.14,2.81,2.81,1.6,1.6,1.11,0.88,0.88,1.57,2.28,2.36,2.68,2.82,2.82,3.42,3.31,4.19,3.62,3.6,2.68,2.69,3.64,4.41,4.41,3.93,4.24,4.45,3.85,3.81,4.24,4.24,4.24,4.24,3.93,3.93,3.93,3.93,3.61,3.6,3.6,3.48,4.14,4.35,4.62,4.62,4.24,3.86,3.86,3.75,4.25,4.71,5.41,5.41,5.41,2.15,2.15,2.28,2.28,2.33,2.33,2.59,2.59,2.65,2.91,2.91,2.97,2.48,2.48,2.48,4.71,4.71,5.05,6.1,5.85,5.86,4.31,4.72,4.59,4.58,4.54,4.19,4.1,4.62,4.69,4.75,4.26,4.26,0,0,5.6,5.62,0.13,5.46,0.41,0.14,0.28,0.13,6.08,6.08,,,,,,,,,,,,,
MANNING,0.035,0.035,0.035,0.035,0.035,0.035,0.035,0.035,0.035,0.035,0.035,0.035,0.035,0.035,0.035,0.035,0.035,0.035,0.035,0.035,0.035,0.035,0.035,0.035,0.035,0.035,0.035,0.035,0.035,0.035,0.035,0.035,0.035,0.035,0.035,0.035,0.035,0.035,0.035,0.035,0.035,0.035,0.035,0.035,0.035,0.035,0.035,0.035,0.035,0.035,0.035,0.035,0.035,0.035,0.035,0.035,0.035,0.035,0.035,0.035,0.035,0.035,0.035,0.035,0.035,0.035,0.035,0.035,0.035,0.035,0.035,0.035,0.035,0.035,0.035,0.035,0.035,0.035,0.035,0.035,0.035,0.035,0.035,0.035,0.035,0.035,0.035,0.035,0.035,0.035,0.035,0.035,0.035,0.035,0.035,0.035,0.035,0.035,0.035,0.035,0.035,0.035,0.035,0.035,0.035,0.035,0.035,0.035,0.035,0.035,0.035,0.035,0.035,0.035,0.035,0.035,0.035,0.035,0.035,0.035,0.035,0.035,0.035,0.035,0.035,0.035,0.035,0.035,0.035,0.035,0.035,0.035,0.035,0.035,0.035,0.035,0.035,0.035,0.035,0.035,0.035,0.035,0.035,0.035,0.035,0.035,0.035,0.035,0.035,0.035,0.035,0.035,0.035,0.035,0.035,0.035,0.035,0.035,0.035,0.035,0.035,0.035,0.035,0.035,0.035,0.035,0.035,0.035,0.035,0.035,0.035,0.035,0.035,0.035,0.035,0.035,0.035,0.035,0.035,0.035,0.035,0.035,0.035,0.035,0.035,0.035,0.035,0.035,0.035,0.035,0.035,0.035,0.035,0.035,0.035,0.035,0.035,0.035,0.035,0.035,0.035,0.035,0.035,0.035,0.035,0.035,0.035,0.035,0.035,0.035,0.035,0.035,0.035,0.035,0.035,0.035,0.035,0.035,0.035,0.035,0.035,0.035,0.035,0.035,0.035,0.035,0.035,0.035,0.035,0.035,0.035,0.035,0.035,0.035,0.035,0.035,0.035,0.035,0.035,0.035,0.035,0.035,0.035,0.035,0.035,0.035,0.035,0.035,0.035,0.035,0.035,0.035,0.035,0.035,0.035,0.035,0.035,0.035,0.035,0.035,0.035,0.035,0.035,0.035,0.035,0.035,0.035,0.035,,,,,,,,,,,,,
LAYER,BR1,,,,,,,,,,,,,,,,,,,,,,,,,,,,,,,,,,,,,,,,,,,,,,,,,,,,,,,,,,,,,,,,,,,,,,,,,,,,,,,,,,,,,,,,,,,,,,,,,,,,,,,,,,,,,,,,,,,,,,,,,,,,,,,,,,,,,,,,,,,,,,,,,,,,,,,,,,,,,,,,,,,,,,,,,,,,,,,,,,,,,,,,,,,,,,,,,,,,,,,,,,,,,,,,,,,,,,,,,,,,,,,BR2,,,,,,,,,,,,,,,BR3,,,,,,,,,,,,,,,,,,BR4,,,,,,,,,,,,,,,,,,K,Area,Volume (m^3),Volume(af),Bottom Elevation(m),Bottom Elevation(ft),mult
0.5,0,0,0,0,0,0,0,0,0,0,0,0,0,0,0,0,0,0,0,0,0,0,0,0,0,0,0,0,0,0,0,0,0,0,0,0,0,0,0,0,0,0,0,0,0,0,0,0,0,0,0,0,0,0,0,0,0,0,0,0,0,0,0,0,0,0,0,0,0,0,0,0,0,0,0,0,0,0,0,0,0,0,0,0,0,0,0,0,0,0,0,0,0,0,0,0,0,0,0,0,0,0,0,0,0,0,0,0,0,0,0,0,0,0,0,0,0,0,0,0,0,0,0,0,0,0,0,0,0,0,0,0,0,0,0,0,0,0,0,0,0,0,0,0,0,0,0,0,0,0,0,0,0,0,0,0,0,0,0,0,0,0,0,0,0,0,0,0,0,0,0,0,0,0,0,0,0,0,0,0,0,0,0,0,0,0,0,0,0,0,0,0,0,0,0,0,0,0,0,0,0,0,0,0,0,0,0,0,0,0,0,0,0,0,0,0,0,0,0,0,0,0,0,0,0,0,0,0,0,0,0,0,0,0,0,0,0,0,0,0,0,0,0,0,0,0,0,0,0,0,0,0,0,0,0,0,0,0,0,0,0,0,0,0,0,0,0,0,0,,,,,0,1,,0,,602,,
0.5,0,315.27,135.83,243.93,179.03,167.09,161.58,188.17,171.65,175.19,168.23,162.72,209.87,235.73,296.06,270.1,190.35,259.82,230.95,298.03,306.86,220.36,235.1,250.68,200,168.85,193.98,266.78,280.28,288.69,339.99,256.5,336.87,360.65,414.55,361.79,348.4,393.57,394.71,333.34,462.31,362.21,301.15,328.25,611.95,623.17,494.09,550.89,427.32,484.12,453.07,463.25,437.29,486.2,409.77,364.91,481.01,360.75,298.66,392.95,418.49,549.86,403.64,333.86,326.8,351.51,660.97,615.48,428.15,364.7,377.37,490.04,671.77,466.88,366.67,502.19,394.61,512.99,462.21,566.78,419.63,649.23,494.09,579.35,570.21,779.66,734.07,576.34,536.98,497.52,620.26,400.22,709.05,766.58,642.48,601.78,663.88,656.19,498.97,609.05,514.55,377.79,603.23,658.79,496.48,614.55,697.52,1032.73,1038.75,947.47,987.56,828.47,729.19,1117.57,733.97,814.35,921.93,842.18,685.48,661.18,918.19,822.76,698.66,617.35,553.18,623.07,566.78,747.78,1009.89,477.89,515.38,587.34,610.81,772.81,520.78,701.57,618.81,1046.85,760.76,1002.62,891.3,723.17,733.56,725.56,618.7,619.33,588.38,700.33,667.61,769.59,614.03,649.75,692.95,708.84,736.15,768.86,807.08,659.83,927.02,1308.96,1294.73,856.51,559.51,659.51,1191.72,1377.7,1041.35,914.87,782.36,795.45,823.28,830.86,775.82,647.68,1271.47,994.52,1177.91,842.38,780.6,615.17,721.51,694.2,891.4,919.02,817.67,778.73,941.66,803.44,700.12,1106.25,1000.64,648.61,815.38,1279.98,1478.33,1457.56,1564.21,1272.09,921.31,593.78,738.44,739.58,730.44,903.44,1191.92,839.17,1193.07,879.56,802.82,912.79,994.52,903.96,795.86,599.08,862.84,936.36,1083.41,971.05,706.24,762.11,635.32,503.67,0,0,174.04,140.09,130.12,214.54,239.15,261.69,283.49,228.04,272.18,305.93,283.29,166.77,317.45,0,0,47.98,100,275.08,198.97,265.74,296.99,247.67,388.9,302.39,386.51,425.97,522.02,460.34,445.28,354.01,436.35,0,0,24.51,130.32,177.89,234.79,209.14,288.38,318.8,445.08,384.85,598.87,0,603.5,,,,,603.5,2,,267292320.6,,600,,
0.5,0,306.55,135.83,243.31,173.42,154.83,161.58,188.17,171.14,175.19,168.23,162.72,203.74,235.73,295.64,270.1,182.66,259.82,226.07,280.59,306.86,220.36,235.1,250.68,199.38,168.85,193.98,266.78,280.28,288.69,339.99,253.28,336.87,360.65,414.55,361.79,348.4,390.87,392.32,333.34,462.31,362.21,297.31,328.25,611.95,622.96,482.98,550.89,427.32,481.73,453.07,463.25,436.35,486.2,409.77,364.91,481.01,360.75,298.66,392.43,418.49,549.86,403.64,332.92,324.51,350.58,656.92,615.48,422.85,362.73,377.37,482.98,671.77,464.6,359.3,500.84,390.45,512.99,460.76,566.78,415.27,635.22,490.98,579.35,570.21,779.66,733.04,576.34,536.98,492.95,616.11,400.22,709.05,762.53,642.48,601.78,663.88,656.19,498.97,607.59,514.55,376.54,598.77,657.44,494.92,614.55,696.38,1032.73,1035.22,946.96,987.56,827.95,729.19,1117.57,730.96,810.92,921.93,841.35,681.95,661.18,918.19,822.76,698.66,617.35,553.18,623.07,566.78,745.71,1009.89,477.89,515.38,587.34,610.81,772.81,520.78,701.57,618.81,1044.67,760.76,1000.44,889.22,720.16,732.93,723.38,618.7,617.56,588.38,700.33,666.47,765.75,611.95,649.75,692.95,708.11,734.07,768.86,807.08,659.83,927.02,1306.15,1287.98,856.51,558.68,659.51,1191.72,1376.77,1041.35,914.87,782.36,795.45,823.28,830.86,775.82,647.68,1271.47,989.32,1177.91,842.38,780.6,615.17,721.51,694.2,889.95,919.02,816.32,778.73,941.66,803.44,700.12,1106.25,1000.64,646.12,815.38,1279.98,1478.33,1457.56,1558.08,1272.09,921.31,593.26,738.44,737.29,725.46,896.8,1191.92,836.98,1191.2,879.25,802.82,912.27,994.52,903.96,795.86,599.08,859.41,936.36,1083.41,971.05,706.24,762.11,635.32,503.67,0,0,171.76,140.09,126.69,214.54,239.15,261.69,281.42,225.13,268.44,300.01,283.29,166.77,316.31,0,0,41.64,99.79,275.08,198.97,265.74,296.79,247.67,387.24,302.39,386.51,425.97,522.02,460.34,445.28,354.01,435.63,0,0,0,129.18,177.89,234.79,209.14,288.38,318.8,445.08,384.85,598.87,0,603,,,,,603,3,,264274881.8,,598,,
0.5,0,306.55,135.83,243.31,173.42,154.83,161.58,188.17,171.14,175.19,168.23,160.96,197.93,231.68,288.38,261.79,176.12,259.82,226.07,280.59,306.86,220.36,229.39,250.68,195.43,168.85,193.98,266.78,272.07,288.69,339.99,249.95,336.87,360.65,414.55,361.79,348.4,390.87,392.32,331.89,457.54,349.54,292.63,328.25,520.68,622.96,482.25,549.65,421.19,481.73,453.07,463.25,436.35,486.2,409.77,363.25,467.82,358.68,298.66,392.43,416.21,547.88,401.98,329.91,315.27,350.58,656.09,609.88,421.92,362.73,377.37,482.98,669.48,462.83,359.3,499.7,388.48,511.33,460.76,566.78,415.27,635.22,489.94,579.35,570.21,779.66,732,570.94,530.44,492.01,616.11,400.22,709.05,762.53,642.48,601.78,661.28,653.28,496.27,607.59,514.24,376.54,598.77,655.78,494.92,611.23,696.38,1032.73,1019.13,944.05,985.79,827.95,729.19,1117.05,730.96,810.92,921.93,839.06,681.95,661.18,916.94,822.76,698.66,614.86,551.93,616.42,565.22,745.71,1009.89,476.02,515.38,585.89,610.81,760.45,520.36,701.57,615.8,1044.67,760.76,1000.44,889.22,718.29,730.34,723.38,611.02,617.56,588.38,699.7,666.47,765.75,611.95,648.92,690.46,708.11,734.07,768.86,805.83,659.1,923.07,1306.15,1287.98,855.68,558.68,659,1189.85,1376.77,1039.79,913.31,779.97,790.88,823.28,828.57,775.82,646.12,1271.05,989.32,1177.91,842.38,778.83,615.17,717.15,693.06,886.73,915.7,816.32,778.73,934.39,803.34,699.18,1106.25,993.17,643.42,815.38,1278.32,1475.83,1455.27,1558.08,1272.09,920.27,593.26,737.5,737.29,725.46,896.8,1189.02,835.63,1191.2,877.38,802.82,912.27,994.2,903.96,795.86,596.27,859.41,932.31,1083.3,967.62,705,762.11,632.72,503.65,0,0,171.76,139.98,126.69,214.54,237.6,257.95,281.42,225.13,268.44,300.01,283.29,163.24,316.31,0,0,41.23,99.79,275.08,195.85,263.87,296.79,242.27,385.47,302.39,386.51,422.23,519.53,460.34,445.28,354.01,435.63,0,0,0,121.71,177.89,234.79,209.14,288.38,318.8,445.08,384.85,598.87,0,602.5,,,,,602.5,4,,261448297.4,,596,,
0.5,0,306.55,135.83,243.31,173.42,154.83,161.58,185.67,171.14,173.42,162.31,160.96,197.93,231.68,288.38,261.79,176.12,259.82,226.07,280.59,306.86,220.36,224.62,250.68,195.43,162.93,179.65,263.45,272.07,288.69,339.99,249.95,336.87,360.65,412.57,358.26,340.4,388.48,359.2,331.89,457.54,322.02,289.73,328.25,520.68,616.11,482.25,547.47,421.19,481.73,448.09,463.25,433.45,456.5,401.36,360.75,466.99,358.68,298.66,392.43,416,547.78,401.98,329.91,311.01,350.58,656.09,608.01,421.92,362.73,366.67,482.98,666.99,462.83,352.66,496.27,388.48,506.66,460.76,564.08,415.27,635.22,485.26,578.62,555.98,772.29,732,563.56,529.61,487.96,611.75,400.22,709.05,762.53,642.48,601.78,661.28,653.28,496.27,606.45,508.84,376.54,598.77,655.78,490.04,611.23,696.38,1023.59,1019.13,944.05,978.73,826.91,708.84,1117.05,723.9,808.01,921.93,839.06,681.95,661.18,914.87,817.46,695.65,614.86,550.58,613.93,563.35,745.71,1007.7,474.26,515.38,585.89,607.7,759.72,518.29,691.71,615.8,1043.63,758.79,998.36,886.31,718.29,730.34,723.38,611.02,617.56,588.38,699.7,661.28,763.36,611.95,648.92,690.46,704.79,734.07,768.86,805.83,659.1,923.07,1299.4,1287.25,846.75,558.68,655.67,1189.85,1374.07,1036.26,913.31,777.9,790.05,818.81,825.04,775.82,646.12,1270.33,988.29,1175.52,836.98,778.83,612.06,717.15,689.42,886.73,915.7,816.32,776.55,934.39,800.85,696.48,1099.81,989.22,643.42,815.38,1278.11,1475.83,1452.68,1550.6,1255.17,920.27,587.34,737.5,737.29,725.46,876.96,1189.02,833.04,1190.78,876.96,802.4,907.6,994.2,902.51,795.45,596.27,859.41,932.31,1082.68,967.62,705,758.69,632.72,503.65,0,0,167.92,136.14,126.69,212.15,232.92,257.95,280.28,225.13,268.44,300.01,283.29,163.24,316.31,0,0,38.42,99.79,275.08,195.85,263.87,296.58,242.27,385.47,301.25,386.51,422.23,515.07,460.34,445.28,352.24,435.63,0,0,0,121.71,175.6,234.69,206.23,288.38,318.07,445.08,380.28,598.14,0,602,,,,,602,5,,258574073.8,,594,,
0.5,0,306.55,131.05,243.31,173.42,154.83,161.58,184.84,171.14,173.42,162.31,160.96,197.93,222.23,287.86,256.81,174.25,257.64,226.07,275.08,306.86,220.36,224.62,250.68,195.43,162.93,179.65,263.45,272.07,288.69,337.39,249.95,330.22,349.64,412.57,354.32,336.77,385.16,353.59,329.6,456.19,322.02,289.73,324.82,520.68,610.5,460.76,547.47,421.19,471.87,448.09,463.25,433.45,433.97,400.53,360.75,466.05,354.11,298.66,386.61,416,547.78,400.42,327.42,308.52,350.58,656.09,608.01,421.19,362.73,366.67,482.98,660.24,460.96,352.55,496.27,383.6,506.66,458.68,564.08,412.37,635.22,485.26,578.2,555.98,772.29,725.87,563.56,518.18,487.96,611.75,400.22,702.61,762.53,637.92,600.43,661.28,651.41,496.27,606.45,508.84,376.54,598.77,655.78,490.04,611.23,690.88,1021.52,1019.13,942.7,978.73,826.91,708.84,1117.05,719.85,808.01,910.82,833.45,681.95,653.6,914.87,817.46,695.65,614.86,550.58,613.93,563.35,741.03,1004.59,474.26,509.15,583.09,607.7,753.6,515.59,691.71,615.8,1043.63,758.79,998.36,886.31,713.2,724.94,721.2,608.11,617.56,580.59,695.65,661.28,763.36,609.67,648.71,690.46,704.79,732.1,760.66,800.12,659.1,923.07,1299.4,1287.25,839.79,556.19,653.91,1187.25,1374.07,1036.26,910.09,777.9,790.05,818.81,825.04,774.68,642.59,1270.33,986.83,1166.79,836.98,775.2,609.46,716.42,689.42,886.73,912.79,813,776.55,934.39,800.85,693.58,1099.81,989.22,643.42,813.62,1278.11,1475.83,1452.68,1550.6,1247.07,918.19,587.34,734.28,736.57,725.46,876.96,1189.02,833.04,1187.56,876.96,802.4,907.29,992.02,902.51,795.45,596.27,854.53,930.24,1079.05,967.62,695.55,754.43,632.72,503.65,0,0,167.92,136.14,126.69,212.15,232.92,257.95,274.36,223.58,266.57,298.14,279.76,163.24,309.77,0,0,38.42,99.79,275.08,195.85,263.87,296.58,242.27,385.47,301.15,386.51,419.32,515.07,457.12,442.79,351.1,435.63,0,0,0,111.74,171.14,234.69,206.23,285.26,315.17,444.25,380.28,598.14,0,601.5,,,,,601.5,6,,255326760.8,,592,,
0.5,0,295.85,131.05,243.31,173.42,153.38,160.34,184.84,159.92,173.42,162.31,160.96,197.93,222.23,287.86,255.66,174.25,255.87,226.07,275.08,306.86,220.36,224.62,250.68,195.43,162.93,179.65,263.45,272.07,286.82,337.39,245.7,330.22,346.53,410.08,350.16,336.77,385.16,353.59,327.42,452.55,322.02,281.11,324.82,520.68,605.41,455.46,545.08,418.08,471.87,448.09,460.65,433.45,424,400.53,360.75,466.05,354.11,297.72,383.39,416,539.99,396.06,327.42,308.52,350.58,656.09,600.53,421.19,360.34,365.01,482.98,659.72,456.81,352.55,496.27,383.6,506.66,458.68,564.08,412.37,635.22,481.01,578.2,552.76,772.29,725.87,562.73,512.99,487.96,605.1,400.22,697.94,761.49,633.14,600.43,659.83,651.41,495.75,604.48,508.84,374.57,593.99,655.78,490.04,605.72,690.88,1015.8,1012.59,942.7,972.5,826.91,708.84,1115.29,713.62,803.24,910.82,833.45,673.22,653.6,914.87,817.46,689.94,614.86,548.61,613.93,563.35,741.03,1004.59,471.45,509.15,583.09,607.7,753.6,515.59,691.71,615.07,1043.63,753.39,998.36,886.31,708.84,722.55,721.2,608.11,617.56,580.59,695.65,661.28,759.52,609.67,645.08,690.46,703.86,728.26,760.66,800.12,654.84,918.92,1299.4,1287.25,839.79,556.19,650.38,1187.25,1374.07,1031.07,910.09,774.89,780.7,818.81,820.06,774.68,640.93,1265.76,978.73,1166.79,836.98,772.7,609.46,715.9,689.42,866.58,910.3,810.5,776.55,934.39,798.67,693.37,1097.74,989.22,643.42,809.88,1273.03,1471.27,1452.68,1550.6,1223.8,918.19,587.34,734.28,735.84,725.46,876.96,1186.32,829.82,1187.56,876.96,795.03,907.29,991.19,900.85,795.45,595.44,854.53,930.24,1079.05,967.62,695.55,754.43,630.02,503.65,0,0,167.92,136.14,126.69,212.15,232.92,257.95,269.37,221.4,266.57,288.48,275.29,163.24,309.77,0,0,36.14,99.79,265.01,191.7,255.46,296.58,241.75,381.84,301.15,386.51,419.32,515.07,457.12,441.13,351.1,432.93,0,0,0,109.97,171.14,228.15,204.78,285.26,315.17,442.38,380.28,598.14,0,601,,,,,601,7,,251736206.2,,590,,
0.5,0,295.85,131.05,243.31,173.42,148.6,160.34,181.73,159.92,173.42,156.91,158.26,197.93,219.22,283.29,255.66,174.25,255.87,221.19,268.75,306.86,220.36,217.97,250.68,195.43,162.93,179.65,262.93,269.58,286.82,337.39,241.75,320.36,346.53,410.08,350.16,331.37,384.64,353.59,327.42,447.46,315.17,281.11,324.82,520.68,605,451.1,545.08,418.08,471.87,448.09,460.65,431.58,401.36,400.53,360.75,463.77,354.11,297.72,383.39,416,537.19,395.65,327.42,305.93,350.16,656.09,597.1,421.19,358.78,365.01,475.19,659.72,456.81,339.36,496.27,383.6,500.84,451.72,564.08,412.37,635.22,477.16,578.2,545.39,772.29,724,562.73,512.99,487.96,605.1,400.22,697.94,760.76,633.14,600.43,659.83,649.03,491.91,602.71,505.41,373.22,590.46,655.78,484.74,605.72,688.07,1015.8,1012.59,941.14,972.5,823.48,705.52,1104.38,708.01,803.24,910.82,821.72,673.22,653.6,911.96,817.46,688.18,612.99,547.99,613.93,563.35,741.03,1002.3,471.45,509.15,576.34,604.48,753.6,515.59,691.71,615.07,1043.63,753.08,998.36,881.53,708.84,722.55,717.25,606.97,616.63,580.59,691.71,661.28,759.52,609.67,645.08,685.68,703.86,728.26,760.66,794.72,654.84,918.92,1299.4,1287.25,839.79,556.19,649.23,1187.25,1374.07,1031.07,905.31,774.89,780.7,818.81,820.06,773.12,639.58,1257.87,978.73,1166.79,836.98,772.7,609.46,715.9,689.42,866.58,910.3,810.5,773.12,929.82,798.67,693.37,1097.74,989.22,643.42,809.88,1273.03,1471.27,1452.68,1542.71,1216.02,917.46,587.34,732.1,735.84,715.8,876.96,1181.96,827.64,1187.56,876.96,795.03,905.11,990.78,897.94,793.27,595.44,854.53,930.24,1079.05,963.36,695.55,754.43,630.02,503.65,0,0,167.92,136.14,126.69,212.15,232.92,257.01,269.37,221.4,266.57,288.48,275.29,163.24,309.77,0,0,0,99.59,265.01,187.23,253.38,295.85,241.75,378.3,301.15,380.49,419.32,515.07,457.12,441.13,351.1,429.08,0,0,0,101.04,171.14,224.41,204.78,285.26,313.82,442.38,372.9,595.55,0,600.5,,,,,600.5,8,,248587972.4,,588,,
0.5,0,295.85,131.05,240.4,173.42,148.6,156.7,177.37,159.92,173.42,156.91,158.26,197.93,213.71,281.11,245.59,173.42,255.87,221.19,268.75,298.66,220.36,217.97,250.68,195.43,162.93,179.65,262.93,269.58,286.82,330.74,239.46,320.36,345.49,410.08,350.16,331.37,384.64,352.45,327.42,447.46,315.17,281.11,324.82,520.68,599.49,451.1,545.08,418.08,468.23,448.09,460.65,431.58,401.36,400.53,360.75,462.31,351.41,297.72,383.39,411.33,537.19,395.65,325.86,305.93,350.16,652.56,597.1,417.25,358.78,365.01,475.19,654.63,451.41,339.36,492.12,376.75,500.84,451.72,556.81,412.37,635.22,475.81,578.2,545.39,769.28,723.69,562.73,503.64,487.96,605.1,399.7,697.94,760.76,633.14,600.43,659.83,649.03,491.91,602.71,505.41,373.11,590.46,654.74,484.74,603.23,688.07,1015.8,1008.43,936.57,958.48,815.18,705.52,1102.72,708.01,800.12,907.7,821.72,672.5,653.6,911.96,817.46,688.18,612.37,542.9,607.7,560.34,736.88,1002.3,469.27,509.15,576.34,604.48,753.08,515.59,690.36,614.86,1034.6,753.08,995.04,881.53,708.84,718.5,717.25,606.97,613.93,579.45,691.71,657.13,755.36,607.18,645.08,679.04,703.86,725.87,756.51,794.72,654.32,918.92,1288.71,1285.18,828.68,556.19,648.51,1185.17,1342.91,1031.07,905.31,774.89,780.7,813.62,817.88,773.12,639.58,1257.87,978.73,1164.41,836.98,767.51,609.46,715.9,689.42,866.58,910.3,810.5,773.12,928.68,794.41,689.84,1094.83,989.22,643.42,806.04,1270.22,1471.27,1449.98,1542.71,1207.19,915.39,587.34,732.1,735.84,715.8,876.96,1181.96,827.33,1187.56,876.96,795.03,905.11,989.95,897.94,793.27,595.44,852.35,926.6,1079.05,963.36,695.55,754.43,627.22,503.65,0,0,167.5,136.14,123.68,210.49,229.29,257.01,266.05,221.4,265.74,288.48,271.76,163.24,309.77,0,0,0,93.88,265.01,187.23,253.38,293.78,241.75,378.3,301.15,380.49,415.48,512.89,457.12,437.81,348.81,429.08,0,0,0,96.16,171.14,224.41,204.78,285.26,313.82,442.38,372.9,595.55,0,600,,,,,600,9,,245685927.6,,586,,
0.5,0,295.85,131.05,240.4,173.42,148.6,156.7,177.37,159.92,173.42,156.91,155.56,191.59,213.71,274.77,245.59,173.42,253.38,216.2,268.75,293.46,218.59,217.87,250.16,193.88,159.61,179.65,262.93,269.58,284.01,330.74,239.46,320.36,345.49,409.56,343.31,331.37,384.64,347.88,327.42,441.65,307.69,274.77,322.02,506.76,597.83,450.58,544.35,418.08,468.23,445.39,460.65,431.58,401.36,399.7,360.75,462.31,349.33,297.72,378.1,411.33,537.19,391.39,319.32,305.2,348.5,652.56,596.79,414.34,358.78,362.62,475.19,648.92,451.41,339.36,492.12,376.75,496.38,450.68,556.81,412.37,635.22,475.81,578.2,533.24,768.45,723.69,555.67,503.64,482.04,605.1,399.7,692.54,760.76,633.14,600.43,659.83,649.03,491.91,602.71,505.41,373.11,590.46,654.74,484.74,603.23,688.07,1015.8,1005.73,936.57,958.48,815.18,705.52,1099.3,705.41,800.12,907.7,820.27,672.5,653.6,911.96,813.52,688.18,612.37,542.9,607.7,560.34,734.18,1002.3,469.27,509.15,576.34,604.48,749.76,514.13,690.36,614.86,1034.6,753.08,995.04,877.8,708.84,718.5,717.25,606.97,613.93,577.06,683.71,657.13,754.01,605.72,645.08,679.04,701.05,725.87,756.51,792.02,654.32,918.92,1288.71,1282.79,828.68,555.15,646.22,1185.17,1342.91,1031.07,901.68,770.52,780.7,813.62,817.15,773.12,638.43,1257.87,978.73,1163.06,835.53,767.51,608.42,709.46,684.02,853.39,908.53,810.09,773.12,928.68,791.6,685.79,1090.47,986.31,643.42,806.04,1270.22,1439.28,1449.98,1541.46,1198.36,915.39,581.42,732.1,735.84,715.8,875.51,1181.64,823.8,1184.45,876.96,795.03,905.11,989.95,897.94,790.77,591.19,852.35,923.59,1075.83,960.35,695.55,751.94,627.22,503.65,0,0,167.5,136.14,120.87,209.25,229.29,252.34,266.05,221.4,265.74,284.33,271.76,163.24,309.77,0,0,0,93.88,265.01,187.23,253.38,293.78,236.87,378.3,298.14,380.49,415.48,512.58,451.2,437.81,348.81,426.7,0,0,0,86.92,171.14,224.41,203.02,284.12,310.6,442.38,372.9,594.3,0,599.5,,,,,599.5,10,,242497622.6,,584,,
0.5,0,295.85,127.21,240.4,173.42,148.6,156.7,177.37,159.92,173.42,156.91,155.56,185.47,213.71,271.76,245.59,170.51,253.38,216.2,263.25,293.46,218.18,210.8,250.16,192.94,159.3,174.35,259.3,266.57,284.01,326.9,230.01,318.18,341.54,407.28,337.91,331.37,375.09,347.88,322.75,436.67,289.93,274.77,322.02,505.93,591.81,445.7,540.51,416.31,468.23,444.56,460.65,430.43,395.13,395.44,360.75,459.61,349.33,297.72,378.1,408.94,530.23,389.52,314.75,301.88,348.5,652.56,595.96,414.34,358.78,362.62,475.19,648.92,450.79,336.97,492.12,376.75,480.07,450.68,552.35,411.85,635.22,468.34,576.85,532.1,768.45,717.04,555.67,497.73,482.04,601.26,399.7,692.54,760.76,633.14,597.94,658.89,643.11,472.8,601.15,499.49,373.11,590.46,650.79,484.74,603.23,686.83,1004.17,1005.73,935.53,954.22,813.83,705.52,1099.3,705.41,800.12,905.31,820.27,672.5,649.34,911.13,813.52,688.18,612.37,542.9,607.7,558.68,734.18,1000.54,469.27,501.98,575.09,600.01,749.76,510.39,688.69,614.86,1034.6,752.46,992.85,877.8,702.4,716.53,715.18,603.34,612.99,577.06,683.71,656.5,752.35,605.72,640.51,679.04,700.53,725.87,756.51,789.01,654.32,911.13,1288.71,1282.79,824.63,555.15,644.98,1184.03,1339.59,1022.87,901.68,770.52,778.1,813.62,817.15,771.77,636.98,1247.58,975.72,1163.06,833.66,765.85,608.42,709.46,677.06,853.39,907.29,810.09,773.12,928.68,791.6,685.79,1090.47,982.16,639.78,806.04,1264.51,1439.28,1445.41,1537.52,1198.36,915.39,580.8,730.02,735.84,715.8,875.41,1181.64,822.76,1184.45,876.96,795.03,905.11,989.95,897.94,790.57,591.19,852.35,923.59,1075.51,960.35,689.73,751.94,627.22,503.65,0,0,163.45,133.34,120.87,209.25,227.11,252.34,264.8,220.77,262.62,284.33,264.7,158.36,305.09,0,0,0,93.88,265.01,187.23,253.38,293.78,236.87,378.3,298.14,380.49,412.05,512.58,451.2,437.81,348.81,426.7,0,0,0,55.97,171.14,224.41,199.69,284.12,310.6,442.38,372.59,594.2,0,599,,,,,599,11,,239440843.2,,582,,
0.5,0,292.11,127.21,240.4,167.92,141.23,156.7,173.73,159.92,173.42,152.24,154.73,185.47,206.96,271.76,234.9,170.51,248.6,216.2,254.73,280.9,218.18,210.8,250.16,192.94,159.3,174.35,259.3,264.39,282.98,326.9,230.01,318.18,338.22,407.28,337.91,331.37,374.77,346.63,322.75,431.58,283.6,271.86,322.02,505.93,588.17,445.39,540.51,410.7,468.23,444.56,460.65,430.43,395.13,395.44,353.9,459.61,349.33,297.72,376.54,408.94,530.23,389.52,312.99,295.23,348.5,652.56,591.29,414.34,357.02,360.13,474.36,648.4,450.79,333.44,492.12,373.32,480.07,450.68,552.35,409.56,629.82,468.34,576.54,527.94,768.45,717.04,552.24,494.09,482.04,601.26,399.7,683.61,759.83,626.28,597.94,656.92,643.11,472.8,597.94,499.49,371.35,586.62,650.79,480.69,603.23,683.09,1004.17,1005.52,935.53,950.9,813.83,705.52,1094.21,705.41,796.59,901.58,815.07,670.83,649.34,907.39,813.52,680.08,609.57,539.57,605,556.92,734.18,997.11,464.6,501.98,575.09,600.01,747.06,510.39,686.62,612.58,1032.63,752.46,992.85,874.06,698.35,713.1,715.18,603.34,612.99,575.4,683.71,656.5,752.35,605.72,639.68,676.44,697.21,725.87,752.77,789.01,651.73,911.13,1283.41,1282.79,814.24,555.15,644.87,1184.03,1339.59,1022.87,901.68,769.07,778.1,810.92,817.15,771.77,634.7,1247.58,965.75,1163.06,833.66,765.85,606.55,708.32,677.06,853.39,907.29,810.09,770.63,925.15,791.6,681.95,1087.15,981.12,635.94,806.04,1264.51,1439.28,1438.03,1536.69,1198.36,912.27,580.8,730.02,731.69,708.84,875.41,1180.19,822.76,1181.75,873.02,793.16,904.48,987.04,897.94,790.57,591.19,852.35,923.59,1075.51,960.35,685.37,751.94,626.7,503.65,0,0,163.45,132.51,120.87,209.25,227.11,252.34,258.88,217.76,262.62,284.33,264.7,157.43,302.6,0,0,0,93.88,265.01,187.23,253.38,293.78,236.87,378.3,297.62,380.49,412.05,512.58,449.44,437.81,347.15,423.89,0,0,0,49.74,171.14,224.41,199.69,284.12,310.6,442.38,369.89,594.2,0,598.5,,,,,598.5,12,,236447908.2,,580,,
0.5,0,292.11,127.21,228.56,167.92,141.23,156.7,173.63,159.92,170.93,152.24,154.73,185.47,206.96,261.38,233.23,169.99,248.6,216.2,250.26,280.9,218.18,210.18,247.98,192.94,159.3,174.35,257.43,264.39,282.98,326.9,226.59,314.44,338.12,406.97,335.62,327.21,374.77,345.49,319.32,430.33,283.39,271.86,320.36,505.93,574.05,440.61,536.98,408.63,464.39,444.56,453.9,428.98,393.99,395.44,353.9,459.61,343.62,297.72,376.54,408.94,524.72,389.52,309.25,295.23,348.5,652.56,591.29,414.34,357.02,360.13,474.36,644.87,448.71,328.77,492.12,370.83,472.28,448.3,552.35,409.56,625.77,463.87,576.54,527.94,764.29,717.04,552.24,489.63,482.04,597.73,399.7,681.01,759.83,624.62,597.94,656.92,643.11,472.8,597.94,495.65,371.35,586.3,648.4,476.96,599.8,683.09,999.6,1004.28,925.77,950.9,809.36,705.52,1089.74,701.05,792.75,900.33,815.07,668.96,647.88,905.73,811.96,680.08,608.63,537.81,603.23,556.92,733.97,997.11,464.6,501.98,571.66,598.66,745.19,509.15,686.62,611.43,1027.23,750.17,991.5,873.75,698.35,710.19,711.44,603.34,611.43,567.92,676.75,652.56,749.65,603.75,639.68,676.44,697.21,721.3,751.11,788.39,651.73,909.36,1283.41,1279.88,814.24,553.39,642.48,1182.99,1333.05,1019.13,894.62,766.68,778.1,810.92,811.34,771.77,634.7,1247.58,965.75,1157.76,833.66,764.29,606.55,702.71,677.06,853.39,903.86,803.55,770.63,925.15,787.97,681.95,1087.15,981.12,635.94,804.07,1264.51,1439.28,1437.52,1536.69,1198.36,912.27,580.8,730.02,731.69,705.62,873.23,1180.19,816.63,1179.57,872.81,793.16,893.68,987.04,894.62,790.57,590.35,848.41,922.86,1075.51,960.35,685.37,751.94,626.7,503.65,0,0,163.45,132.51,120.87,209.25,227.11,252.34,250.26,217.76,262.62,281.83,262.73,157.43,302.6,0,0,0,93.67,261.38,184.53,250.58,292.43,234.69,369.58,297.62,376.54,412.05,512.58,449.44,436.25,347.15,423.79,0,0,0,0,161.06,216.1,199.69,284.12,309.14,440.82,369.89,594.2,0,598,,,,,598,13,,232815732.8,,578,,
0.5,0,282.98,127.21,228.56,167.92,141.23,156.7,173.63,159.92,170.93,152.24,154.73,185.47,206.96,256.6,233.23,169.99,244.76,216.2,250.26,280.9,218.18,210.18,241.96,192.94,159.3,174.35,257.43,264.39,282.35,326.9,226.59,314.44,337.18,406.97,335.62,327.21,374.77,345.49,318.07,427.22,283.39,271.86,320.36,505.93,574.05,434.69,533.66,408.63,464.39,444.56,453.9,428.98,390.97,393.57,353.9,451.62,342.27,297.72,371.35,405.51,514.96,387.65,309.25,290.56,348.5,652.04,587.03,408.73,355.25,360.13,471.56,640.3,442.48,328.36,486.41,370.83,471.04,447.36,552.35,409.46,625.77,461.8,576.54,522.54,760.04,713.1,549.23,486.72,478.83,597.73,399.7,675.82,759.83,624.62,594.92,656.92,640.62,472.8,596.9,495.65,371.35,585.68,648.4,476.96,599.8,683.09,999.6,1002.62,925.77,950.17,809.36,705.52,1089.74,701.05,792.75,900.33,815.07,668.96,647.88,905.73,810.61,680.08,608.63,537.81,603.23,556.92,733.97,997.11,464.6,501.98,571.66,598.66,742.59,509.15,686.62,611.43,1027.23,750.17,991.5,873.75,698.35,710.19,711.44,603.34,611.43,567.72,676.75,652.56,749.65,603.75,639.68,674.36,697.21,721.3,746.33,787.66,648.61,901.47,1281.13,1279.88,814.24,553.39,640.1,1182.99,1333.05,1016.53,894.62,766.68,772.39,810.92,811.34,768.86,632.31,1246.44,962.22,1154.54,832.21,759.62,602.82,702.71,674.68,850.59,903.86,803.55,770.63,925.15,787.97,681.95,1087.15,981.12,635.94,799.81,1264.51,1439.28,1435.02,1532.12,1184.03,910.19,580.49,728.16,731.69,705.62,868.14,1176.56,816.63,1179.57,872.81,793.16,893.68,985.48,892.33,790.57,590.35,848.41,922.86,1075.51,956.41,679.76,745.91,626.7,503.65,0,0,161.89,132.51,120.87,209.25,225.03,252.34,245.8,216,262.62,281.83,262.73,157.43,302.6,0,0,0,88.06,256.81,181.42,243.93,292.43,232.82,369.58,295.54,376.54,408,504.16,449.44,436.25,345.59,422.75,0,0,0,0,161.06,216.1,199.69,283.49,306.24,439.05,369.89,594.2,0,597.5,,,,,597.5,14,,229580206.8,,576,,
0.5,0,273.11,127.21,228.56,167.92,141.23,156.7,173.63,159.92,170.93,152.24,154.73,183.29,204.88,250.89,233.23,169.99,241.75,216.2,240.92,271.76,218.18,210.18,241.96,192.94,159.3,174.35,257.43,264.39,282.25,326.9,226.59,311.84,337.18,406.97,331.68,327.21,371.76,345.49,317.35,418.7,283.39,267.19,318.28,505.93,572.91,413.61,533.66,403.12,459.1,439.68,453.9,420.88,389.62,390.35,353.9,451.62,342.27,297.72,370,404.99,514.96,382.77,308.63,290.56,348.09,650.17,583.6,408.73,353.28,357.43,471.56,637.29,441.03,313.71,486.41,369.58,471.04,444.45,552.35,409.46,620.16,459.93,576.54,521.09,760.04,710.29,545.29,482.36,478.83,597.42,399.7,675.82,759.83,624.62,594.92,656.92,640.62,472.8,596.9,495.65,368.75,585.68,648.4,476.96,599.8,683.09,991.5,1002.3,925.77,950.17,809.36,705.52,1084.96,701.05,792.75,895.86,815.07,667.93,647.88,905.73,810.61,680.08,608.63,537.81,603.23,556.92,733.97,997.11,464.6,501.98,571.66,598.66,739.79,509.15,686.62,611.43,1027.23,750.17,991.5,873.75,698.35,710.19,711.44,603.34,611.43,564.5,676.75,652.56,749.65,603.75,639.68,671.66,696.38,721.3,746.33,787.66,648.61,901.47,1281.13,1279.88,808.64,553.39,640.1,1182.89,1333.05,1016.53,894.62,766.68,772.39,809.26,811.34,768.86,632.31,1241.35,962.22,1154.54,832.21,759.62,602.82,702.71,674.68,846.43,901.58,803.55,769.9,918.19,784.85,679.04,1079.67,976.86,635.94,799.81,1258.38,1439.28,1418.82,1522.56,1184.03,909.36,580.49,727.01,731.69,702.51,856.09,1171.26,813,1179.57,872.81,789.63,893.68,983.09,892.33,787.04,590.35,846.95,919.23,1070.11,956.41,674.88,745.91,622.44,503.65,0,0,161.89,129.18,120.87,204.47,219.22,252.34,245.8,216,260.44,281.83,262.73,157.43,302.6,0,0,0,88.06,256.81,179.86,243.93,287.34,231.68,369.58,295.54,373.74,405.82,504.16,449.44,436.25,345.59,422.75,0,0,0,0,161.06,212.67,195.02,283.49,301.25,439.05,363.35,591.08,0,597,,,,,597,15,,226012352,,574,,
0.5,0,267.92,127.21,221.6,167.92,140.29,153.27,168.33,159.92,166.88,152.24,154.73,183.29,204.88,246.84,229.29,169.99,241.75,212.05,234.79,267.5,218.18,210.18,241.96,192.94,159.3,174.35,253.07,262.62,277.37,320.26,219.94,311.84,328.25,406.97,331.68,327.21,371.76,345.49,317.35,418.7,283.39,267.19,315.69,505.93,562.21,409.46,530.12,403.12,455.46,439.36,451.72,420.57,389.62,387.44,353.9,445.39,342.27,297.72,370,404.99,510.5,380.9,308.63,286.09,347.46,650.17,583.6,408.73,353.28,357.43,471.56,637.29,441.03,313.71,486.41,369.48,471.04,444.45,552.35,409.46,613.51,459.93,576.44,521.09,760.04,710.29,545.29,482.36,478,597.42,399.7,675.82,759.83,624.62,594.92,656.92,640.62,459.72,596.9,490.87,368.75,585.68,648.4,476.33,599.8,683.09,991.5,1002.3,919.33,937.19,806.97,705.52,1084.96,701.05,792.75,895.86,811.96,659.62,639.27,899.5,810.61,677.27,603.85,531.68,598.45,553.91,729.51,997.11,459.93,498.04,571.66,598.66,739.79,509.15,686.62,607.59,1027.23,750.17,991.5,868.76,698.35,710.19,711.44,603.34,611.43,564.5,676.75,652.56,744.46,603.75,633.55,671.66,696.38,721.3,739.99,787.66,648.61,895.76,1275.83,1279.88,784.23,553.39,640.1,1182.89,1333.05,1010.82,892.02,766.68,772.39,809.26,811.34,768.86,632.31,1236.47,962.22,1154.54,832.21,759.62,602.82,702.71,674.68,843.32,901.37,801.26,768.34,918.19,782.67,675.92,1079.67,975.41,635.94,796.9,1258.38,1419.65,1418.82,1519.76,1184.03,909.36,576.44,727.01,729.3,693.06,810.71,1168.25,807.18,1179.26,872.81,789.63,893.68,983.09,892.33,787.04,589.52,846.95,916.74,1070.11,956.41,674.88,745.91,622.44,503.65,0,0,159.3,129.18,118.38,204.47,219.22,243.93,235.52,213.61,257.74,278.61,262.73,157.43,295.96,0,0,0,88.06,256.81,179.86,243.93,287.34,231.68,369.58,295.54,373.74,405.82,504.16,447.88,436.25,345.59,422.75,0,0,0,0,161.06,212.67,195.02,283.49,301.25,439.05,363.35,591.08,0,596.5,,,,,596.5,16,,222942608.8,,572,,
0.5,0,263.14,111.11,217.97,167.92,140.29,153.27,168.33,159.82,166.88,152.24,150.57,177.89,197.1,241.54,221.19,164.59,241.75,205.4,234.79,267.5,216.83,208.1,241.96,192.94,159.3,167.92,248.5,256.7,276.23,320.26,219.94,311.84,328.25,404.06,325.03,320.77,361.27,342.37,315.89,412.88,283.39,267.19,315.69,501.88,562.21,406.03,530.12,402.92,455.46,439.36,451.72,420.57,389.62,387.44,353.9,445.39,342.27,297.72,370,404.99,510.39,380.9,308.63,286.09,347.46,650.17,583.6,408.73,353.28,354.94,471.56,632.83,441.03,309.98,482.15,365.53,471.04,441.34,550.37,408,613.51,455.36,576.44,508.53,760.04,710.29,536.25,482.36,478,597.42,399.7,674.57,759.52,624.62,594.92,656.92,640.62,459.72,596.9,486.41,368.75,585.68,644.04,471.97,599.8,678.93,979.04,995.45,919.33,937.19,806.97,699.08,1072.3,699.18,784.96,889.63,803.86,659.62,639.27,899.5,802.09,671.98,603.85,525.04,593.37,553.91,722.96,997.11,459.93,494.3,563.56,593.37,737.5,509.15,686.62,607.59,1027.23,746.74,991.5,868.76,692.02,702.19,711.44,596.38,611.43,564.5,665.75,648.61,739.99,601.99,633.55,671.66,696.38,721.3,739.99,787.66,648.61,893.16,1275.83,1274.9,784.23,553.28,635.22,1182.89,1333.05,1010.82,887.35,765.64,772.39,804.79,811.34,768.86,632.31,1228.06,949.76,1146.13,832.21,759.62,602.82,702.71,667.61,843.32,901.37,801.26,768.34,918.19,782.67,675.92,1079.67,975.41,635.94,796.9,1258.38,1383,1418.82,1519.76,1184.03,907.7,576.44,727.01,729.3,693.06,810.71,1168.25,807.18,1179.26,872.81,789.63,893.68,983.09,892.33,787.04,589.52,846.95,916.74,1070.11,956.41,674.88,745.91,622.44,503.65,0,0,159.3,129.18,118.38,203.33,217.14,243.93,235.52,212.78,257.74,276.02,260.03,154.42,291.49,0,0,0,88.06,256.81,179.86,243.93,281,231.68,369.58,295.54,373.74,405.82,504.16,447.88,436.25,345.59,422.75,0,0,0,0,161.06,212.67,195.02,283.49,301.25,439.05,363.35,591.08,0,596,,,,,596,17,,219608827,,570,,
0.5,0,263.14,111.11,217.97,163.76,140.29,153.27,168.33,159.82,163.87,147.46,150.57,176.54,197.1,233.23,221.19,164.59,237.08,205.4,230.33,264.6,216.83,208.1,227,191.07,159.3,167.92,248.5,256.7,276.23,320.26,217.35,311.84,328.25,399.49,325.03,320.77,361.27,339.88,315.89,412.88,283.39,267.19,315.69,501.88,562.21,405.41,530.12,402.92,455.46,439.36,451.2,420.47,389.62,387.44,352.45,437.08,342.27,297.72,370,404.99,498.35,380.49,307.17,284.74,347.46,650.17,577.17,408.73,353.28,354.94,462.52,625.87,441.03,300.01,482.15,359.2,471.04,441.34,550.37,408,577.69,448.4,572.91,508.53,755.26,704.79,531.58,468.86,468.55,593.37,399.7,674.57,759.52,619.64,594.92,651.31,635.53,459.72,594.2,486.41,368.75,581.42,644.04,469.58,593.68,678.93,973.23,990.26,919.33,937.19,801.05,699.08,1072.3,699.18,784.96,889.63,803.86,654.01,639.27,899.5,802.09,671.98,597.94,525.04,593.37,553.91,722.96,991.61,459.93,494.3,563.56,593.37,731.37,500.01,681.84,607.59,1019.75,746.74,987.87,864.19,685.89,697,696.28,596.38,611.43,564.5,665.75,643.63,739.99,601.99,633.55,660.45,693.06,714.45,739.99,778,648.61,887.97,1271.16,1271.36,784.23,549.44,635.22,1177.91,1320.07,1002.62,887.35,760.87,767.31,804.79,805,763.67,632.31,1228.06,949.76,1146.13,832.21,759.62,602.82,702.71,667.61,840.41,897.42,801.26,768.34,918.19,782.67,675.92,1079.67,975.41,635.94,796.9,1258.38,1383,1418.82,1519.76,1184.03,907.7,576.44,727.01,729.3,685.48,810.71,1168.25,807.18,1179.26,872.81,789.63,893.68,977.38,892.33,781.95,589.52,846.95,916.74,1069.49,935.74,670.63,745.91,622.44,503.65,0,0,159.3,129.18,118.38,203.33,217.14,243.93,235.52,212.78,257.74,276.02,260.03,154.42,291.49,0,0,0,83.91,256.81,175.08,243.93,281,231.68,369.58,295.54,373.74,402.19,504.16,441.13,436.25,345.59,422.75,0,0,0,0,161.06,212.67,195.02,283.49,301.25,439.05,363.35,591.08,0,595.5,,,,,595.5,18,,216523787.4,,568,,
0.5,0,257.85,111.11,214.02,163.76,140.29,153.27,168.33,159.82,163.87,145.59,150.57,176.54,197.1,233.23,221.19,164.59,234.69,205.4,225.76,264.6,216.83,196.27,227,189.1,155.25,167.92,248.5,256.7,276.23,314.75,217.35,311.84,328.25,399.49,325.03,320.77,356.91,339.88,313.92,412.88,277.06,267.19,315.69,498.97,553.28,401.36,530.12,402.92,449.44,439.36,446.32,420.47,387.13,385.57,352.45,431.89,338.01,297.72,363.87,401.05,494.82,380.49,307.17,280.48,339.78,650.17,570.94,404.37,350.89,354.52,462.52,625.56,432.82,300.01,482.15,359.2,462.83,440.82,546.32,408,577.69,448.4,572.91,497.52,755.26,691.29,531.58,468.86,468.55,592.54,399.7,668.45,754.53,615.28,594.92,651.31,629.92,437.08,594.2,486.41,368.75,577.06,644.04,469.58,593.68,678.93,969.18,990.26,908.95,932.83,801.05,697.31,1072.3,699.18,772.81,889.63,803.86,645.18,639.27,899.5,802.09,671.98,597.94,525.04,593.37,548.3,722.96,987.25,459.93,494.3,563.56,593.37,731.37,500.01,681.84,602.92,1010.72,742.07,980.81,864.19,685.89,697,696.28,596.38,611.23,564.5,665.75,643.63,739.99,601.99,633.55,660.45,692.64,714.45,732.52,778,647.57,887.97,1271.16,1271.36,720.37,549.44,635.11,1174.17,1320.07,999.4,884.03,760.87,767.31,804.79,800.12,759.1,626.6,1224.43,949.76,1146.13,832.21,752.97,601.36,702.4,667.61,836.98,897.42,801.26,768.34,918.19,782.67,671.46,1079.67,975.41,635.94,796.9,1258.38,1306.15,1410.62,1514.26,1184.03,907.7,576.44,727.01,729.3,685.48,810.71,1168.25,807.18,1178.53,872.81,789.63,893.68,977.38,892.33,781.95,589.52,846.95,913.21,1069.49,935.74,665.33,745.91,618.08,503.65,0,0,159.3,129.18,118.38,203.33,217.14,243.93,230.33,212.78,257.74,276.02,260.03,154.42,291.49,0,0,0,83.91,248.19,175.08,243.93,281,231.68,365.01,295.54,373.74,396.89,495.44,441.13,436.25,345.59,422.75,0,0,0,0,161.06,212.67,195.02,283.49,301.25,439.05,363.35,591.08,0,595,,,,,595,19,,212958893.4,,566,,
0.5,0,257.85,111.11,202.91,163.66,140.29,151.3,168.33,159.82,158.67,145.59,150.57,176.54,191.07,233.23,216.72,164.59,232.2,205.4,225.76,260.13,216.83,196.27,227,189.1,155.25,167.92,248.5,256.7,276.23,309.04,217.35,311.84,328.25,399.49,316,320.77,356.91,339.88,308.73,404.89,277.06,267.19,315.69,498.97,553.28,396.17,525.97,394.4,445.18,439.36,443,420.47,385.89,385.57,347.88,422.75,338.01,297.2,359.09,401.05,488.9,379.34,307.17,275.71,339.78,650.17,565.12,404.37,348.71,352.24,462.52,625.56,432.82,300.01,472.18,356.5,460.96,437.18,546.32,407.8,577.69,448.4,565.12,493.05,747.89,691.29,526.07,468.86,468.55,592.54,399.38,665.33,754.53,615.28,594.92,651.31,629.92,437.08,589.42,479.14,368.75,577.06,644.04,468.96,593.68,678.93,967.21,981.64,908.95,932.83,798.25,697.31,1068.97,690.04,772.81,889.63,803.86,645.18,639.27,896.18,802.09,668.65,597.94,522.02,593.37,548.3,722.96,987.25,455.25,494.3,563.56,585.47,727.22,500.01,674.47,602.92,1010.72,742.07,980.81,864.19,685.89,697,696.28,596.38,602.3,564.5,663.36,643.63,733.35,601.99,628.36,660.45,691.19,714.45,732.52,773.74,641.03,887.97,1271.16,1271.36,717.46,549.44,635.11,1174.17,1320.07,999.4,884.03,760.87,767.31,804.79,800.12,759.1,626.6,1224.43,948.41,1146.13,823.07,752.97,592.22,696.17,666.16,836.98,897.42,796.8,768.34,909.36,773.33,671.46,1074.68,975.41,635.94,791.5,1238.34,1277.08,1410.62,1508.86,1184.03,907.7,576.44,722.24,723.9,685.48,810.71,1157.03,792.95,1178.53,872.81,783.82,893.68,977.38,887.97,775.3,589.52,841.35,913.21,1064.92,911.44,665.33,741.66,618.08,503.65,0,0,159.3,129.18,118.38,203.33,212.78,243.93,230.33,212.78,257.74,276.02,260.03,154.42,285.26,0,0,0,83.91,248.19,171.34,236.87,274.98,231.68,360.03,295.54,373.74,396.89,495.44,441.13,432.51,341.13,422.75,0,0,0,0,161.06,208.93,195.02,283.49,296.27,439.05,363.35,591.08,0,594.5,,,,,594.5,20,,209344848.6,,564,,
0.5,0,252.76,111.11,202.91,163.66,140.29,151.3,163.97,138.53,158.67,145.59,146.21,176.54,189.1,233.23,216.72,164.59,232.2,205.4,225.76,255.87,216.83,193.67,227,189.1,155.25,167.92,248.5,248.91,276.23,309.04,205.2,308.73,328.25,392.43,316,316.83,356.91,337.49,308.73,404.89,277.06,263.14,308.63,498.97,553.28,395.34,520.26,394.4,445.18,439.36,443,420.47,385.89,380.49,347.88,412.47,338.01,297.2,359.09,401.05,488.9,374.46,307.17,275.71,339.78,645.5,565.12,400.32,348.71,352.24,458.37,621.61,432.82,291.39,472.18,356.5,460.96,437.18,546.32,407.8,574.57,443.83,563.35,468.86,747.89,691.29,526.07,463.66,468.55,592.54,399.38,665.33,754.53,615.28,585.37,647.05,629.92,437.08,589.42,476.85,368.75,577.06,642.69,466.16,588.49,678.93,967.21,974.47,904.48,932.83,798.25,697.31,1068.97,684.13,772.81,881.53,803.86,641.86,632.2,884.86,802.09,666.99,597.94,522.02,586.93,543.52,721.09,987.25,455.25,494.3,563.56,585.47,721.51,500.01,674.47,602.92,1010.72,742.07,980.81,859.62,685.89,697,696.28,596.38,602.3,563.25,663.36,643.63,733.35,601.99,628.36,658.89,690.46,712.48,732.52,773.74,641.03,878.63,1262.75,1271.36,716.94,549.44,635.11,1174.17,1320.07,999.4,884.03,760.87,767.31,804.79,800.12,759.1,626.6,1224.43,948.41,1142.91,823.07,752.97,592.22,696.17,663.15,830.23,897.42,792.54,768.34,909.36,773.33,666.68,1074.68,968.66,631.48,786.41,1238.34,1277.08,1406.57,1508.86,1178.53,907.7,568.96,722.24,723.9,685.48,810.71,1157.03,792.95,1178.53,872.81,783.82,885.06,973.75,887.97,773.33,589.52,841.35,913.21,1064.92,906.66,662.01,741.66,618.08,503.65,0,0,155.35,129.18,118.38,201.87,209.04,239.05,228.04,212.78,246.73,276.02,255.46,150.68,285.26,0,0,0,83.91,248.19,166.57,236.87,274.98,226.9,360.03,290.87,367.4,396.89,495.44,434.9,425.87,336.66,417.77,0,0,0,0,152.75,208.93,195.02,283.49,296.27,439.05,357.22,591.08,0,594,,,,,594,21,,205754229.8,,562,,
0.5,0,252.76,111.11,202.91,163.66,135,151.3,163.97,138.53,158.47,145.59,146.21,176.54,189.1,233.23,216.72,164.59,232.2,205.4,215.79,255.87,214.54,193.67,227,189.1,155.25,161.89,243,248.91,276.23,309.04,205.2,308.73,328.25,379.03,311.22,316.83,356.91,337.49,308.73,396.79,277.06,263.14,302.71,498.97,553.28,395.34,520.26,394.4,445.18,431.78,443,411.74,385.89,380.49,347.88,412.47,338.01,297.2,359.09,395.44,485.06,374.46,304.16,275.71,331.47,640.72,563.87,400.32,348.71,345.39,446.95,617.56,432.82,290.24,472.18,351.41,460.96,436.77,546.32,407.8,574.57,436.25,558.68,463.04,747.89,688.28,517.66,463.66,467.61,592.54,399.38,665.33,754.53,607.9,585.37,647.05,629.92,437.08,589.42,476.85,368.75,575.19,642.69,466.16,588.49,678.93,960.14,974.47,896.07,920.37,795.03,697.31,1066.48,684.13,772.81,881.53,798.87,630.85,632.2,884.86,799.81,666.99,596.38,522.02,582.98,543.52,721.09,987.25,455.25,489.83,563.56,582.36,715.38,500.01,674.47,602.92,1010.72,739.79,980.81,859.62,685.89,697,696.28,594.51,602.3,554.84,663.36,643.63,733.35,601.99,628.36,656.4,690.46,712.48,724.73,773.74,641.03,878.63,1262.75,1271.36,711.13,549.44,610.6,1174.17,1320.07,990.15,880.7,760.87,763.15,804.79,800.12,759.1,622.13,1214.98,935.22,1140.31,823.07,752.97,592.22,696.17,663.15,824.83,893.27,792.54,765.75,909.36,773.33,666.68,1064.51,968.66,631.48,786.41,1238.34,1272.71,1406.57,1506.26,1178.53,902.93,568.96,722.24,723.9,679.97,810.71,1157.03,792.95,1172.51,872.81,783.82,885.06,973.75,887.97,769.07,582.36,841.35,907.39,1064.92,865.65,662.01,736.26,618.08,503.65,0,0,155.35,128.56,118.28,201.87,209.04,234.79,218.07,207.27,246.73,271.97,249.33,150.68,285.26,0,0,0,83.91,248.19,166.57,236.87,270.2,222.85,360.03,290.87,359.4,396.89,495.44,434.9,425.87,336.66,417.77,0,0,0,0,152.75,208.93,195.02,282.77,296.27,439.05,357.22,585.99,0,593.5,,,,,593.5,22,,202238818.8,,560,,
0.5,0,248.71,111.11,202.91,163.66,131.67,142.16,163.97,138.53,158.47,145.59,144.97,166.77,189.1,233.23,216.72,164.59,232.2,205.4,215.79,255.87,214.54,193.67,227,189.1,155.25,161.89,243,248.91,274.46,309.04,205.2,308.73,328.25,370.72,311.22,316.83,356.91,337.49,308.73,396.79,277.06,261.17,302.71,497,553.28,393.88,520.26,385.78,440.3,431.78,443,411.74,382.04,380.49,347.15,412.47,338.01,297.2,358.05,392.22,476.33,374.46,304.16,273.42,331.47,640.72,563.87,397.1,348.71,345.28,446.95,615.17,432.82,290.24,470.73,351.41,460.96,435.32,546.32,406.65,567.92,436.25,553.18,463.04,740.62,688.28,517.66,458.37,460.96,582.67,399.38,663.25,749.24,607.9,585.37,647.05,629.92,437.08,589.42,476.85,356.29,575.19,640.41,462.52,588.49,674.68,954.43,974.47,896.07,920.37,795.03,671.35,1062.74,684.13,772.81,875.3,793.37,630.85,632.2,884.86,799.81,666.99,596.38,517.46,582.98,543.52,721.09,987.25,455.25,489.83,557.44,582.36,715.38,500.01,674.47,602.92,1010.72,739.79,980.81,859.62,685.89,697,696.28,594.51,602.3,554.84,663.36,641.24,726.91,593.78,628.36,656.4,686.72,709.67,724.73,767.41,641.03,878.63,1260.98,1261.81,707.28,545.39,610.6,1166.27,1320.07,990.15,878.42,760.87,763.15,795.65,800.12,759.1,622.13,1211.45,935.22,1140.31,823.07,752.97,592.22,696.17,663.15,824.83,893.27,792.54,762.01,909.36,773.33,666.68,1064.51,961.39,631.48,786.41,1238.34,1272.71,1400.13,1506.26,1168.04,902.93,565.33,722.24,723.9,663.05,810.71,1157.03,788.39,1168.46,872.81,783.82,885.06,973.75,887.97,769.07,582.36,841.35,907.39,1054.23,865.65,657.65,736.26,618.08,503.65,0,0,151.61,120.77,118.28,201.87,209.04,234.79,218.07,207.27,246.73,266.98,249.33,150.68,279.44,0,0,0,83.91,248.19,166.57,236.87,270.2,222.85,357.33,290.87,359.4,393.99,495.44,434.9,425.87,336.66,417.77,0,0,0,0,152.75,208.93,190.35,282.77,296.27,434.69,352.34,582.46,0,593,,,,,593,23,,198664391,,558,,
0.5,0,248.71,111.11,178.2,159.4,131.67,142.16,163.97,138.53,158.47,145.59,144.97,166.77,189.1,206.65,208.83,164.59,224.2,197.51,215.79,252.55,214.54,187.75,227,187.65,155.25,161.89,243,238.74,269.27,291.28,205.2,308.73,309.35,362.52,311.22,316.83,339.99,333.65,306.13,392.22,277.06,261.17,302.71,492.95,553.28,390.66,516.73,385.78,440.3,431.78,443,411.74,380.49,378.82,347.15,402.19,332.2,296.48,358.05,392.22,473.84,373.84,304.16,273.42,322.85,640.72,563.87,397.1,348.71,345.28,446.95,615.17,432.82,290.24,470.73,346.11,460.96,435.32,546.22,406.65,567.92,431.06,553.18,463.04,740.62,688.28,517.66,455.77,460.96,582.67,399.38,663.25,749.24,607.9,585.37,645.18,629.92,432.1,589.42,476.85,356.29,575.19,637.5,462.52,584.44,666.68,954.43,968.45,886.62,920.37,795.03,661.38,1062.74,673.22,772.81,875.3,793.37,624.73,623.48,878.73,793.79,666.99,596.38,516,582.98,543.52,721.09,987.25,455.25,489.83,557.44,582.36,711.23,496.48,674.47,602.92,1010.72,739.79,980.81,859.62,677.69,688.38,689.32,594.51,602.3,554.84,650.27,641.24,726.91,591.81,628.36,656.4,686.72,709.67,724.73,767.41,641.03,875.61,1260.98,1261.81,704.06,545.39,604.48,1166.27,1310.1,990.15,878.42,753.7,763.15,795.65,794.1,754.32,618.81,1211.45,935.22,1140.31,819.23,746.95,592.22,696.17,663.15,824.83,893.27,792.54,762.01,909.36,773.33,666.68,1064.51,961.39,631.48,786.41,1238.34,1265.55,1400.13,1506.26,1168.04,902.93,565.33,722.24,723.9,663.05,810.71,1157.03,788.39,1168.46,872.81,783.82,885.06,973.75,880.7,769.07,582.36,841.35,907.39,1054.23,865.65,657.65,736.26,618.08,503.65,0,0,151.61,120.77,114.33,201.87,206.55,234.79,212.47,207.27,241.54,266.98,249.33,150.68,270.41,0,0,0,83.91,242.48,166.57,236.87,264.49,222.85,357.33,290.87,359.4,393.99,491.91,430.33,425.87,336.66,417.77,0,0,0,0,152.75,205.92,190.35,282.77,287.54,427.94,352.34,582.46,0,592.5,,,,,592.5,24,,195423577.2,,556,,
0.5,0,248.71,109.35,169.89,159.4,131.67,142.16,163.97,138.53,152.75,145.59,144.97,166.77,184.32,206.65,207.17,164.59,224.2,197.51,215.79,252.55,212.57,187.75,227,187.65,149.22,161.89,243,238.74,269.27,291.28,204.16,308.73,309.35,358.57,311.22,316.83,323.99,333.65,303.74,392.22,275.39,261.17,302.71,492.95,540.09,390.66,516.73,379.34,440.3,431.78,429.71,411.74,376.95,378.82,344.45,402.19,332.2,296.48,358.05,392.22,468.44,373.84,304.16,270.83,322.85,640.72,557.44,397.1,347.36,345.07,446.95,609.57,431.58,290.24,470.73,346.11,451,433.24,546.22,406.65,559.1,414.34,551.41,463.04,740.62,682.57,517.66,455.77,457.95,582.67,399.38,663.25,749.24,607.9,585.37,645.18,627.43,432.1,589.42,463.98,350.68,573.22,637.5,462.52,584.44,666.68,954.43,968.45,886,917.05,795.03,661.38,1062.74,673.22,764.61,875.3,793.37,624.73,623.48,878.73,793.79,658.68,596.38,516,582.98,543.52,713.51,982.57,445.6,489.83,550.17,582.36,703.54,492.95,674.47,602.92,1010.72,739.79,980.81,856.4,669.48,688.38,689.32,585.58,601.57,554.84,650.27,634.9,726.91,591.81,628.36,654.11,686.72,709.67,724.73,767.41,641.03,875.61,1260.98,1261.81,704.06,541.13,604.48,1166.27,1310.1,990.15,878.42,753.7,757.23,795.65,794.1,754.32,618.81,1205.84,928.89,1140.31,819.23,746.95,592.22,696.17,660.97,824.83,893.27,792.54,762.01,900.95,771.04,666.68,1058.9,961.39,627.63,786.41,1238.34,1265.55,1400.13,1500.76,1168.04,902.93,561.69,717.98,723.9,663.05,806.87,1145.09,782.36,1168.46,872.81,780.08,885.06,973.75,880.7,769.07,582.36,841.35,907.39,1054.23,860.66,650.79,732.93,618.08,503.65,0,0,151.61,120.77,114.33,190.66,206.55,231.57,212.47,207.27,241.54,266.98,249.33,150.68,270.41,0,0,0,80.27,242.48,166.57,236.87,264.49,222.85,357.33,290.87,359.4,386.4,491.91,430.33,425.87,336.66,417.77,0,0,0,0,152.75,205.92,190.35,282.77,287.54,427.94,352.34,582.46,0,592,,,,,592,25,,191971344.4,,554,,
0.5,0,238.11,109.35,157.74,159.4,131.67,142.16,163.97,138.53,152.75,145.59,144.97,166.77,184.32,206.65,207.17,164.59,224.2,191.07,207.69,240.4,212.57,187.75,227,187.65,149.22,155.56,234.17,238.74,269.27,291.28,197.1,308.73,309.35,358.57,304.47,309.04,323.99,333.65,303.74,392.22,275.39,261.17,302.71,492.95,540.09,390.66,516.73,379.34,436.67,431.78,429.71,406.13,373.74,378.82,344.45,402.19,332.2,296.48,348.81,392.22,463.87,373.84,302.29,270.83,316.1,640.72,557.44,397.1,346.11,340.61,440.61,609.57,431.58,282.56,469.69,341.65,451,433.24,546.22,403.23,559.1,406.55,551.41,463.04,740.62,682.57,500.84,454.11,457.95,579.55,399.38,663.25,749.24,603.65,585.37,645.18,627.43,432.1,589.42,463.98,350.68,573.22,637.5,462.52,584.44,666.68,954.43,961.91,886,917.05,791.4,661.38,1062.74,673.22,764.61,871.56,791.29,617.25,619.02,878.73,793.79,658.68,596.38,516,576.23,543.52,709.67,982.57,445.6,482.25,550.17,582.36,703.54,492.95,674.47,602.92,1004.69,739.79,980.81,846.95,669.48,682.78,679.25,585.58,601.57,554.84,650.27,631.17,726.91,591.81,622.23,654.11,686.72,705,724.73,762.42,641.03,875.61,1253.5,1261.81,704.06,541.13,592.33,1166.27,1310.1,983.82,878.42,753.7,757.23,795.65,794.1,754.32,618.81,1192.75,928.89,1133.04,819.23,746.95,592.22,696.17,655.46,813.52,881.01,792.54,762.01,900.95,771.04,666.68,1058.9,961.39,627.63,786.41,1238.34,1260.77,1400.13,1490.16,1168.04,902.93,561.69,717.98,723.9,663.05,806.87,1145.09,771.04,1168.46,872.81,780.08,885.06,967.1,880.7,769.07,582.36,828.26,907.39,1054.23,860.66,650.79,732.93,618.08,503.65,0,0,151.61,120.77,114.33,185.47,206.55,231.57,212.47,203.02,234.9,266.98,249.33,150.68,270.41,0,0,0,75.91,242.48,164.07,235.1,264.49,222.85,357.33,289.83,359.4,386.4,485.78,430.33,425.87,336.66,417.77,0,0,0,0,151.51,205.92,190.35,278.93,287.54,427.94,352.34,582.46,0,591.5,,,,,591.5,26,,188496405.8,,552,,
0.5,0,238.11,109.35,157.74,156.91,131.67,142.16,163.97,138.53,151.61,145.59,144.97,166.77,184.32,206.65,207.17,152.75,224.2,191.07,207.69,240.4,210.08,187.75,227,187.65,149.22,155.56,234.17,238.74,269.27,291.28,197.1,308.73,309.35,350.16,304.47,309.04,323.99,333.65,298.66,392.22,271.86,261.17,300.11,492.95,540.09,389.42,511.23,376.64,428.46,431.78,429.71,406.13,373.74,372.9,341.02,402.19,332.2,296.48,348.81,392.22,461.59,373.84,302.29,270.83,310.6,640.72,557.44,397.1,343.41,340.61,440.61,602.71,422.96,282.56,462.21,341.65,451,433.24,546.22,403.23,559.1,406.55,551.41,463.04,740.62,676.65,500.84,454.11,449.75,567.82,399.38,663.25,746.64,599.7,585.37,645.18,619.12,432.1,589.42,459.82,350.68,567.3,637.5,462.52,581.53,666.68,954.43,961.91,879.56,912.89,783.3,661.38,1054.12,673.22,764.61,871.56,783.92,617.25,619.02,878.73,793.79,658.68,596.38,516,576.23,538.12,709.67,982.57,445.6,482.25,550.17,578.41,702.82,492.95,674.47,602.92,1004.69,739.79,980.81,846.95,669.48,682.78,679.25,585.58,601.57,554.84,650.27,631.17,721.61,591.81,622.23,654.11,681.53,705,712.68,762.42,640.3,869.49,1253.5,1234.6,698.04,541.13,592.33,1166.27,1310.1,976.97,873.02,753.7,757.23,795.65,794.1,754.32,618.81,1192.75,924.73,1133.04,819.23,746.95,592.22,693.06,655.46,813.52,881.01,788.49,762.01,900.95,762.84,662.94,1058.9,961.39,627.63,786.41,1238.34,1260.77,1392.45,1490.16,1168.04,902.93,561.69,715.38,716.84,663.05,806.87,1145.09,765.64,1168.46,871.25,780.08,885.06,967.1,880.7,769.07,582.36,823.07,899.91,1054.23,860.66,650.79,732.93,609.67,503.65,0,0,151.61,120.77,114.33,185.47,205.72,231.57,201.25,203.02,234.9,266.98,249.33,144.34,270.41,0,0,0,75.91,242.48,162.41,235.1,264.49,222.85,351.62,289.83,359.4,386.4,485.78,430.33,425.87,336.66,417.77,0,0,0,0,146.42,205.92,186.19,278.93,287.54,427.94,352.34,582.46,0,591,,,,,591,27,,184779940.4,,550,,
0.5,0,231.88,109.35,149.33,156.91,131.67,142.16,151.61,135.21,151.61,145.59,144.14,166.77,184.32,206.65,198.34,152.75,224.2,191.07,207.69,234.79,210.08,187.75,227,187.65,149.22,155.56,227.94,238.74,269.27,286.92,197.1,308.73,309.35,350.16,301.67,309.04,323.99,330.43,298.66,384.22,271.86,258.05,300.11,492.95,540.09,385.26,511.23,376.64,428.46,431.78,429.71,406.13,369.06,369.58,341.02,401.77,332.2,296.48,348.81,385.37,455.36,373.84,302.29,265.11,310.6,640.72,547.36,397.1,343.41,340.61,430.02,589.42,422.96,282.56,462.21,336.66,451,431.68,546.22,403.23,559.1,401.25,551.41,455.25,734.59,676.65,500.84,454.11,449.75,567.82,399.38,663.25,746.64,599.7,585.37,645.18,619.12,430.75,589.42,453.59,350.68,567.3,631.37,449.54,581.53,666.68,942.18,961.91,879.56,907.18,777.48,661.38,1048.83,671.56,757.23,864.19,783.92,617.25,619.02,878.73,793.79,658.68,590.77,516,576.23,538.12,709.67,982.57,445.6,478.51,550.17,578.41,702.82,492.95,669.69,585.99,1004.69,732.1,973.85,843.53,669.48,682.78,679.25,585.58,601.57,554.84,650.27,631.17,721.61,588.38,622.23,648.4,681.53,705,712.68,762.42,636.88,865.23,1248.42,1231.9,698.04,541.13,586.62,1160.04,1304.8,976.97,873.02,753.7,751.21,789.74,794.1,754.32,618.81,1192.75,924.73,1129.41,819.23,746.95,588.59,693.06,655.46,813.52,878.83,783.82,760.97,900.95,762.84,662.94,1058.9,961.39,627.63,767.72,1232.01,1254.23,1392.45,1490.16,1160.67,902.93,561.69,715.38,716.84,655.26,806.87,1140.52,760.45,1168.46,871.25,780.08,870.63,967.1,880.7,769.07,582.36,823.07,899.91,1054.23,860.66,650.79,732.93,609.67,503.65,0,0,146.84,120.77,114.33,185.47,205.72,230.53,201.25,199.38,234.9,266.98,249.33,144.34,270.41,0,0,0,75.91,242.48,162.41,229.29,264.49,221.08,346.74,285.57,359.4,379.55,485.78,430.33,425.87,336.66,415.07,0,0,0,0,146.42,205.92,186.19,278.93,287.54,427.94,352.34,582.46,0,590.5,,,,,590.5,28,,181110935,,548,,
0.5,0,231.88,109.35,149.33,156.91,131.67,142.16,151.61,131.26,151.61,145.17,144.14,166.77,184.32,206.65,198.34,152.75,215.27,191.07,207.69,234.79,210.08,187.75,227,187.65,149.22,155.56,227.94,238.74,269.27,286.92,197.1,295.44,309.35,350.16,301.67,309.04,323.99,330.43,298.34,384.22,271.86,258.05,297.83,492.95,535.84,385.05,511.23,376.64,422.02,429.08,429.71,406.13,369.06,365.74,341.02,401.77,328.67,296.48,348.81,385.37,439.05,370.83,302.29,265.11,310.6,640.72,541.03,394.09,343.41,336.56,430.02,579.76,420.36,282.56,462.21,336.66,451,426.18,546.22,403.23,557.64,401.25,551.41,455.25,734.59,671.04,500.84,450.37,449.75,567.82,399.38,663.25,746.64,592.85,585.37,645.18,619.12,430.75,585.58,453.59,344.66,563.15,631.37,449.54,578.41,666.68,942.18,955.37,879.56,907.18,777.48,657.75,1048.83,671.56,757.23,864.19,779.25,594.09,619.02,863.67,793.79,646.95,590.77,516,570.42,531.47,709.67,978.73,438.74,478.51,544.66,571.66,702.82,492.95,666.06,585.99,994.62,732.1,973.85,843.53,669.48,682.78,671.66,585.58,601.57,554.84,644.77,631.17,721.61,588.38,622.23,644.67,681.53,705,712.68,760.35,636.88,865.23,1248.42,1231.9,698.04,541.13,586.62,1152.77,1303.04,976.97,873.02,753.7,745.6,783.82,794.1,747.26,618.81,1151.01,919.02,1129.41,819.23,742.07,588.59,693.06,655.46,813.52,878.83,783.82,760.97,897.01,762.84,662.94,1058.9,961.39,624.83,767.72,1232.01,1254.23,1392.45,1490.16,1160.67,902.93,561.69,715.38,716.84,655.26,806.87,1140.52,760.45,1168.46,871.25,777.07,870.63,967.1,880.7,769.07,582.36,823.07,899.91,1050.7,860.66,650.79,732.93,609.67,503.65,0,0,146.84,120.77,114.33,185.47,205.72,230.53,192.84,199.38,229.18,266.98,249.33,142.68,260.44,0,0,0,69.58,242.48,162.41,229.29,257.95,221.08,346.74,285.57,357.02,379.55,485.78,430.33,423.89,333.86,415.07,0,0,0,0,146.42,205.92,186.19,278.93,281.73,427.94,352.34,582.46,0,590,,,,,590,29,,177349907.6,,546,,
0.5,0,223.89,109.35,149.33,156.91,131.67,142.16,151.61,131.26,151.61,145.17,144.14,166.77,175.81,200.63,194.29,152.75,215.27,191.07,207.69,234.79,210.08,179.24,224.51,187.65,149.22,149.43,227.94,238.74,269.06,286.92,197.1,295.44,309.35,336.77,301.67,309.04,323.99,330.43,298.34,384.22,271.86,258.05,297.83,492.95,530.33,385.05,507.38,376.64,422.02,423.89,424.72,400.94,364.8,360.24,332.41,401.77,328.67,296.48,348.81,385.37,430.33,370.83,300.73,258.88,305.93,633.35,541.03,394.09,343.41,333.13,426.07,579.76,420.36,279.55,462.21,336.66,451,426.18,546.22,403.23,557.64,401.25,547.88,455.25,734.59,671.04,500.84,450.37,449.75,567.82,399.38,650.38,743.94,592.85,585.37,645.18,619.12,430.75,585.58,453.59,344.14,563.15,631.37,449.54,578.41,660.66,942.18,955.37,865.96,907.18,777.48,657.75,1048.83,671.56,757.23,859.31,774.37,594.09,619.02,863.67,793.79,643.83,590.77,506.24,564.81,531.47,709.67,978.73,438.74,478.51,544.66,571.66,692.64,487.24,666.06,585.99,994.62,732.1,973.85,843.53,669.48,682.78,671.66,585.58,597.1,554.84,644.77,631.17,721.61,588.38,622.23,644.67,681.53,697.94,702.71,749.13,636.88,865.23,1241.35,1227.54,698.04,536.25,586.62,1152.77,1303.04,970.74,873.02,753.7,738.02,783.82,787.87,747.26,618.81,1149.45,913.1,1129.41,819.23,742.07,587.03,693.06,655.46,810.09,878.83,783.82,760.97,897.01,762.84,657.33,1053.6,961.39,624.83,767.72,1219.44,1254.23,1384.14,1490.16,1160.67,902.93,552.04,715.38,716.84,649.03,806.87,1136.47,749.86,1168.46,871.25,777.07,870.63,965.13,880.7,769.07,582.36,823.07,899.91,1050.7,860.66,644.04,728.78,609.67,503.65,0,0,146.84,120.77,114.33,183.7,198.24,230.53,192.84,199.38,229.18,266.98,249.33,142.68,260.44,0,0,0,63.86,238.63,162.41,226.07,257.95,221.08,346.74,285.57,357.02,379.55,480.8,430.33,423.89,333.86,415.07,0,0,0,0,146.42,198.24,186.19,278.93,281.73,427.42,352.34,582.46,0,589.5,,,,,589.5,30,,173862553.8,,544,,
0.5,0,182.45,109.35,149.33,152.55,131.67,142.16,151.61,131.26,150.26,143.2,144.14,166.77,167.5,197.51,194.29,152.75,206.96,191.07,207.69,234.79,210.08,179.24,224.51,185.47,149.22,149.43,227.94,238.74,269.06,286.92,188.89,290.45,309.35,336.77,301.67,309.04,323.99,322.33,298.34,384.22,270.41,258.05,297.83,485.26,530.33,385.05,507.38,376.64,422.02,423.89,416.52,400.94,361.69,360.24,332.41,396.89,328.67,296.48,339.47,385.37,419.32,370.83,300.73,258.88,299.18,633.35,541.03,394.09,339.26,333.13,421.09,570.21,420.36,279.55,462.21,336.66,445.7,426.18,534.38,402.4,557.64,395.02,547.88,455.25,734.59,671.04,500.84,450.37,449.75,567.82,399.38,650.38,743.94,592.85,585.37,645.18,614.24,430.75,585.58,453.59,344.14,563.15,631.37,449.54,578.41,660.66,942.18,955.37,865.96,903.86,771.98,652.76,1042.39,671.56,757.23,859.31,774.37,594.09,614.65,863.67,781.64,643.83,590.77,506.24,564.81,531.47,709.67,974.16,438.74,478.51,544.66,571.66,682.36,487.24,666.06,585.99,994.62,732.1,973.85,843.53,669.48,673.74,671.66,585.58,597.1,554.84,644.77,624.93,721.61,588.38,622.23,644.67,681.53,697.73,697.94,749.13,636.88,855.26,1241.35,1227.54,696.48,536.25,586.62,1152.77,1303.04,970.74,866.06,753.7,732.72,783.82,779.04,747.26,618.81,1149.45,913.1,1124.43,819.23,742.07,587.03,693.06,651.41,810.09,878.83,783.82,758.89,897.01,756.4,657.33,1047.48,961.39,624.83,767.72,1219.44,1254.23,1384.14,1486.84,1160.67,894.83,552.04,715.38,716.84,649.03,806.87,1136.47,749.86,1168.46,871.25,777.07,870.63,965.13,880.7,769.07,576.23,823.07,899.91,1045.3,844.57,644.04,723.59,609.67,503.65,0,0,146.84,119.42,114.33,183.7,198.24,224.93,187.34,199.38,229.18,262.62,249.33,142.68,260.44,0,0,0,63.86,230.53,162.41,226.07,257.95,221.08,346.74,285.57,351.72,379.55,480.8,428.88,421.09,333.86,415.07,0,0,0,0,143.2,198.24,186.19,278.93,281.73,427.42,343.93,582.46,0,589,,,,,589,31,,170226210.8,,542,,
0.5,0,182.45,99.9,149.33,144.97,131.67,142.16,151.61,131.26,150.26,143.2,144.14,166.77,167.5,197.51,194.29,152.75,206.96,191.07,199.17,234.79,210.08,179.24,217.66,185.47,149.22,149.43,227.94,230.53,269.06,286.92,188.89,290.45,309.35,332.51,287.54,309.04,323.99,322.33,289.73,384.22,270.41,258.05,291.59,485.26,526.39,385.05,504.27,376.64,422.02,423.89,416.52,396.37,357.33,360.24,327.84,396.89,328.67,296.48,339.47,385.37,412.26,365.43,300.73,258.88,299.18,633.35,541.03,394.09,339.26,333.13,421.09,570.21,420.36,279.55,456.6,336.66,445.7,426.18,534.38,402.4,557.64,395.02,547.88,455.25,718.5,665.43,500.84,450.37,435.21,567.82,399.38,650.38,743.94,586.51,585.37,645.18,614.24,430.75,585.58,443.31,344.14,563.15,631.37,449.54,562.42,660.66,942.18,949.55,865.96,897.63,771.98,652.76,1027.75,671.56,753.08,859.31,774.37,579.24,608.73,859.62,781.64,643.83,588.8,500.63,564.81,531.47,709.67,974.16,438.74,478.51,544.66,571.66,682.36,487.24,666.06,585.99,988.6,723.38,963.99,843.53,669.48,673.74,664.19,579.04,597.1,551.41,639.99,624.93,716.21,588.38,622.23,644.67,675.3,697.73,697.94,749.13,633.55,855.26,1241.35,1227.54,680.91,536.25,580.7,1152.77,1303.04,970.74,861.49,753.7,732.72,783.82,779.04,747.26,615.8,1119.75,913.1,1124.43,810.09,742.07,587.03,687.14,651.41,810.09,878.83,783.82,758.89,897.01,756.4,657.33,1047.48,948.31,624.31,767.72,1219.44,1249.14,1378.84,1477.81,1155.27,894.83,552.04,715.38,716.84,649.03,801.26,1136.47,743.84,1162.64,871.25,777.07,870.63,961.18,880.7,769.07,576.23,823.07,899.91,1045.3,844.57,644.04,723.59,609.67,503.65,0,0,146.84,119.42,114.33,183.7,198.24,224.93,187.34,199.38,225.86,256.7,249.33,142.68,260.44,0,0,0,63.86,230.53,162.41,226.07,257.95,221.08,346.74,285.57,351.72,379.55,480.8,428.88,421.09,333.86,415.07,0,0,0,0,141.02,198.24,186.19,274.67,277.89,427.42,341.34,582.46,0,588.5,,,,,588.5,32,,166384576,,540,,
0.5,0,182.45,99.9,141.02,144.97,115.37,142.16,151.61,131.26,150.26,143.2,138.22,158.47,167.5,188.58,194.29,152.75,206.96,191.07,199.17,230.43,210.08,179.24,217.66,185.47,149.22,149.43,227.94,230.53,260.75,286.92,188.68,290.45,309.35,332.51,287.54,309.04,316.21,322.33,289.73,384.22,262.62,254.73,291.59,485.26,521.61,383.6,504.27,373.32,415.48,423.89,410.08,396.37,357.33,355.15,324.1,396.89,328.67,296.48,339.47,378.2,410.81,365.43,300.21,258.88,299.18,633.35,534.59,394.09,339.26,326.8,421.09,563.77,417.45,278.41,456.6,328.98,445.7,426.18,534.38,402.4,552.24,395.02,547.88,455.25,718.5,658.89,490.77,450.37,435.21,558.58,399.38,650.38,743.94,581.94,585.37,638.85,614.24,430.75,580.9,443.31,344.14,563.15,628.15,449.54,562.42,660.66,942.18,944.46,863.26,897.63,767.1,652.76,1024.22,671.56,753.08,859.31,767.93,579.24,608.73,853.7,781.64,639.27,581.94,500.63,558.37,531.47,709.67,974.16,438.74,478.51,544.66,564.29,682.36,481.42,666.06,585.99,988.6,723.38,963.99,836.47,663.25,668.03,664.19,579.04,597.1,551.41,631.89,624.93,716.21,588.38,614.86,643.94,675.3,697.73,695.55,749.13,633.55,855.26,1241.35,1217.68,680.91,530.64,578.52,1152.77,1290.37,970.74,861.49,744.98,732.72,778,779.04,747.26,615.8,1114.98,913.1,1124.43,810.09,730.02,587.03,687.14,644.46,805,878.83,779.14,753.91,890.78,756.4,657.33,1047.48,948.31,624.31,767.72,1219.44,1249.14,1372.3,1473.34,1151.63,894.83,552.04,715.38,716.84,649.03,801.26,1129.51,732.52,1162.64,871.25,769.07,870.63,961.18,880.7,764.81,572.91,823.07,899.91,1045.3,844.57,644.04,723.59,609.67,503.65,0,0,141.54,119.42,114.33,183.7,195.12,219.32,187.34,199.38,225.86,256.7,247.05,138.22,260.44,0,0,0,63.86,230.53,160.75,226.07,255.15,221.08,346.74,280.48,351.72,379.55,480.8,428.88,421.09,333.86,406.76,0,0,0,0,141.02,198.24,186.19,274.67,277.89,423.68,341.34,582.46,0,588,,,,,588,33,,162383300,,538,,
0.5,0,182.45,99.9,141.02,144.97,115.37,142.16,151.61,131.26,145.17,143.2,136.76,151.3,167.5,188.58,194.29,152.75,206.96,177.99,199.17,223.78,210.08,179.24,217.66,185.47,149.22,143.41,221.6,230.53,257.64,281.31,188.68,290.45,309.35,332.51,287.54,309.04,308.11,322.33,289.73,384.22,262.62,254.73,291.59,485.26,521.61,376.23,504.27,373.32,415.48,417.77,410.08,392.01,354.21,355.15,324.1,390.77,323.16,294.81,339.47,378.2,410.81,356.6,300.21,253.38,299.18,633.35,534.59,377.47,339.26,326.8,421.09,556.61,417.45,278.41,456.6,327.94,445.7,426.18,531.27,402.4,548.51,395.02,547.88,455.25,718.5,652.97,490.77,441.65,435.21,558.58,399.38,650.38,743.94,581.94,585.37,638.85,614.24,430.75,580.9,443.31,344.14,556.29,628.15,449.54,562.42,660.66,935.12,944.46,863.26,897.63,767.1,646.43,1022.24,671.56,745.08,855.26,755.88,579.24,608.73,848.51,781.64,639.27,581.94,500.63,558.37,531.47,703.44,974.16,438.74,473.53,540.09,564.29,678.21,481.42,666.06,585.99,988.6,723.38,963.99,836.47,656.5,668.03,660.55,579.04,597.1,544.14,627.84,624.93,716.21,588.38,614.86,643.94,675.3,697.73,695.55,749.13,633.55,851.11,1235.75,1217.68,680.91,530.64,578.52,1146.02,1290.37,959.52,861.49,744.98,732.72,778,775.72,740.93,611.75,1105.21,907.18,1118.4,810.09,730.02,582.15,687.14,644.46,805,878.83,779.14,753.91,886.31,756.4,657.33,1047.48,948.31,624.31,761.07,1219.44,1243.02,1366.9,1473.34,1151.63,894.83,547.99,715.38,712.27,649.03,801.26,1122.56,725.35,1162.64,865.54,769.07,863.88,955.26,874.99,764.81,572.91,818.81,899.91,1043.95,844.57,644.04,723.59,609.67,503.65,0,0,141.54,119.42,114.33,183.7,195.12,219.32,181.73,199.38,225.86,256.7,237.91,138.22,249.64,0,0,0,63.86,230.53,160.75,219.73,249.43,214.75,341.02,280.48,351.72,369.69,480.8,423.06,421.09,327.84,406.76,0,0,0,0,141.02,198.24,182.04,274.67,277.89,423.68,341.34,573.32,0,587.5,,,,,587.5,34,,158042977.6,,536,,
0.5,0,166.05,99.9,141.02,144.97,115.37,130.22,151.61,131.26,145.17,143.2,136.76,151.3,167.5,188.58,194.29,152.75,206.96,177.99,194.29,223.78,210.08,179.24,217.66,185.47,149.22,143.41,221.6,230.53,257.64,281.31,188.68,290.45,309.35,332.51,287.54,293.67,308.11,322.33,289.73,375.29,262.62,254.73,291.59,485.26,521.61,376.23,504.27,373.32,415.48,417.77,410.08,392.01,354.21,355.15,324.1,390.77,322.54,290.66,339.47,378.2,410.81,356.6,300.21,253.38,299.18,633.35,534.59,377.47,339.26,326.8,421.09,556.61,417.45,276.85,456.6,327.94,443.62,419.84,531.27,397,548.51,390.97,544.66,453.9,713.93,652.97,490.77,441.65,435.21,558.58,399.38,650.38,741.45,578.41,585.37,634.18,614.24,430.75,580.9,443.31,337.91,556.29,619.85,449.54,562.42,660.66,924.63,936.26,863.26,897.63,761.59,643.11,1022.24,666.16,739.06,844.15,755.88,579.24,608.73,848.51,781.64,639.27,581.94,500.63,558.37,531.47,703.44,974.16,433.03,468.03,535.32,564.29,678.21,481.42,666.06,580.28,988.6,723.38,963.99,830.55,656.5,664.5,660.55,579.04,584.44,544.14,619.33,624.21,716.21,584.75,609.88,637.08,675.3,688.28,687.86,741.24,633.55,851.11,1229,1217.68,680.91,530.64,578.52,1146.02,1290.37,959.52,861.49,742.17,732.72,778,775.72,740.93,611.75,1105.21,907.18,1118.4,807.49,730.02,582.15,686.2,644.46,798.77,878.83,779.14,749.76,886.31,749.86,652.25,1047.48,948.31,624.31,761.07,1219.44,1243.02,1359.84,1473.34,1151.63,894.83,547.99,715.38,712.27,649.03,801.26,1122.56,722.65,1154.64,865.54,769.07,863.88,955.26,873.85,764.81,572.91,818.81,899.91,1038.75,835.22,644.04,723.59,609.67,503.65,0,0,141.54,119.42,111.84,181.73,195.12,219.32,181.73,194.71,225.86,256.7,237.91,138.22,249.64,0,0,0,63.86,230.53,160.75,219.73,249.43,214.75,334.79,271.55,345.39,369.69,472.39,423.06,421.09,327.84,406.76,0,0,0,0,141.02,198.24,182.04,274.67,268.13,419.43,341.34,573.32,0,587,,,,,587,35,,153116493.8,,534,,
0.5,0,149.12,99.9,132.71,130.22,115.37,130.22,143.31,126.38,139.88,143.2,136.76,151.3,167.5,180.59,190.14,152.75,206.96,177.99,194.29,215.37,208,179.24,217.66,179.24,149.22,143.41,221.6,230.53,257.64,281.31,188.68,283.91,309.35,324.2,287.54,293.67,308.11,311.12,289.73,375.29,262.62,254.73,291.59,485.26,521.61,376.23,504.27,373.32,415.48,413.3,402.92,392.01,350.37,355.15,318.39,390.77,322.54,290.66,332.51,373.74,407.07,356.6,295.96,253.38,299.18,633.35,534.59,371.45,339.26,324.1,421.09,545.08,417.45,276.85,456.6,327.94,443.62,419.84,531.27,397,544.14,390.97,535.21,453.9,713.93,647.57,490.77,436.35,427.32,558.58,399.38,650.38,735.22,578.41,577.69,634.18,611.12,425.03,580.9,443.31,337.91,547.78,619.85,444.04,562.42,660.66,922.24,936.26,857.03,887.04,754.74,643.11,1022.24,659.83,739.06,844.15,755.88,579.24,608.73,848.51,781.64,639.27,578.52,500.63,555.05,531.47,697.31,962.32,433.03,468.03,535.32,564.29,678.21,481.42,660.55,580.28,984.13,723.38,963.99,830.55,656.5,664.5,660.55,579.04,584.44,544.14,619.33,624.21,706.97,584.75,609.88,637.08,675.3,688.28,687.86,741.24,628.78,851.11,1229,1209.27,679.14,530.64,578.52,1146.02,1290.37,959.52,861.49,742.17,721.41,778,775.72,740.93,611.75,1105.21,907.18,1110.93,807.49,730.02,582.15,686.2,644.46,798.77,878.83,779.14,749.76,886.31,749.86,652.25,1043.22,948.31,624.31,761.07,1219.44,1243.02,1353.61,1470.75,1140.52,894.83,544.56,713.2,712.27,649.03,800.02,1122.56,722.65,1154.64,865.54,769.07,863.88,955.26,873.85,764.81,572.91,818.81,884.55,1031.8,829.72,632.41,723.59,600.95,503.65,0,0,141.54,119.42,111.84,172.9,195.12,219.32,181.73,194.71,216,256.7,237.91,138.22,249.64,0,0,0,54.73,230.53,160.75,219.73,249.43,214.75,334.79,271.55,345.39,369.69,472.39,423.06,414.34,327.84,403.75,0,0,0,0,141.02,198.24,182.04,274.67,268.13,419.43,341.34,573.32,0,586.5,,,,,586.5,36,,147669021.8,,532,,
0.5,0,149.12,99.9,132.71,130.22,115.37,130.22,143.31,126.38,139.88,143.2,136.76,151.3,163.24,180.59,190.14,152.75,206.96,177.99,194.29,215.37,208,164.9,217.66,179.24,149.22,143.41,221.6,230.53,257.64,281.31,180.59,283.91,298.76,324.2,283.49,293.67,308.11,311.12,289.73,375.29,262.62,254.73,288.27,485.26,515.59,376.23,504.27,368.75,401.88,413.3,402.92,381.84,350.37,347.05,318.39,390.77,322.54,290.66,328.46,373.74,407.07,356.6,295.96,248.81,290.24,627.95,534.59,371.45,332.41,324.1,421.09,545.08,417.45,276.85,446.32,327.94,433.55,419.84,531.27,397,544.14,390.97,535.21,453.9,713.93,641.03,490.77,436.35,421.82,558.58,399.38,641.86,735.22,575.09,577.69,634.18,611.12,425.03,574.88,439.36,337.91,547.78,616.52,444.04,562.42,648.51,922.24,917.36,857.03,887.04,754.74,643.11,1022.24,659.83,739.06,844.15,752.04,579.24,602.71,842.07,775.72,639.27,578.52,500.63,555.05,522.54,697.31,962.32,433.03,468.03,535.32,564.29,668.65,481.42,655.36,580.28,984.13,714.45,963.99,830.55,654.32,664.5,660.55,579.04,584.44,544.14,619.33,624.21,706.97,584.75,609.88,632.83,675.3,688.28,687.86,741.24,628.78,851.11,1221.1,1209.27,679.14,530.64,578.52,1146.02,1290.37,956.61,853.5,742.17,721.41,772.7,769.59,740.93,611.75,1098.05,896.18,1110.93,807.49,730.02,582.15,686.2,644.46,798.77,860.87,779.14,749.76,886.31,749.86,652.25,1043.22,948.31,624.31,761.07,1219.44,1243.02,1347.28,1464,1140.52,894.83,544.56,706.87,712.27,649.03,800.02,1122.56,712.16,1154.64,865.54,766.27,863.88,955.26,873.85,764.81,572.91,818.81,884.55,1031.8,829.72,632.41,715.59,600.95,503.65,0,0,141.54,119.42,111.84,172.9,195.12,219.32,181.73,194.71,216,256.7,237.91,136.04,249.64,0,0,0,48.91,230.53,155.04,219.73,249.43,214.75,334.79,271.55,345.39,369.69,465.43,423.06,414.34,322.64,403.75,0,0,0,0,141.02,197.1,182.04,274.67,268.13,419.43,341.34,573.32,0,586,,,,,586,37,,142995856.6,,530,,
0.5,0,91.38,93.67,132.71,130.22,115.37,130.22,143.31,113.81,139.88,143.2,136.76,151.3,154.73,174.46,190.14,152.75,206.96,177.99,194.29,215.37,208,164.9,217.66,179.24,149.22,137.18,212.26,230.53,257.64,281.31,180.59,283.91,296.37,324.2,278.51,293.67,308.11,306.96,287.44,375.29,262.62,250.26,288.27,480.59,515.59,376.23,497.73,368.75,401.88,407.69,402.92,381.84,347.15,347.05,318.39,390.77,322.54,288.79,328.46,373.74,400.94,356.6,295.96,248.81,290.24,627.95,519.12,371.45,332.41,324.1,410.08,529.29,410.6,273.63,446.32,327.94,433.55,419.84,531.27,397,538.43,390.35,535.21,453.9,713.93,641.03,490.77,436.35,415.38,558.58,399.38,641.86,735.22,575.09,570.52,634.18,611.12,425.03,574.88,439.36,337.91,547.78,616.52,444.04,560.34,648.51,919.02,917.36,857.03,887.04,754.74,631.58,1018.4,659.83,739.06,844.15,745.6,572.6,602.71,842.07,775.72,633.35,578.52,491.6,555.05,517.14,697.31,962.32,433.03,468.03,535.32,553.18,668.65,481.42,655.36,580.28,984.13,714.45,955.78,830.55,654.32,664.5,644.77,579.04,584.44,544.14,619.33,624.21,706.97,584.75,609.88,632.83,675.3,688.28,679.97,738.33,624,845.19,1221.1,1209.27,679.14,530.64,570.52,1135.02,1281.75,956.61,853.5,738.96,721.41,772.7,769.59,740.93,611.75,1098.05,890.05,1110.93,807.49,730.02,580.7,686.2,644.46,798.77,860.87,770.84,746.64,886.31,749.86,652.25,1034.39,948.31,624.31,761.07,1219.44,1243.02,1338.66,1464,1131.69,894.83,544.56,706.87,712.27,643.83,800.02,1115.91,712.16,1154.64,865.54,766.27,863.88,943.42,873.85,764.81,572.91,818.81,884.55,1031.8,829.72,632.41,709.88,600.95,503.65,0,0,141.54,113.09,107.58,172.9,191.18,217.24,181.73,194.71,213.71,256.7,237.91,136.04,249.64,0,0,0,48.91,224.41,155.04,211.84,249.43,214.75,334.79,271.55,345.39,369.69,465.43,423.06,414.34,322.64,403.75,0,0,0,0,141.02,197.1,182.04,274.04,268.13,419.43,341.34,573.32,0,585.5,,,,,585.5,38,,138551290.4,,528,,
0.5,0,82.97,93.67,132.71,125.76,115.37,130.22,143.31,113.81,139.88,143.2,136.76,151.3,154.73,174.46,190.14,146.73,198.65,169.58,186.09,215.37,199.38,164.9,217.66,179.24,149.22,137.18,212.26,230.53,257.64,281.31,180.59,283.91,296.37,324.2,278.51,293.67,308.11,306.96,287.44,375.29,253.8,250.26,288.27,471.35,515.59,376.23,497.73,368.75,401.88,407.69,396.89,375.19,343.93,347.05,311.53,385.57,318.8,288.79,328.46,366.26,400.94,356.6,295.96,248.81,290.24,622.13,519.12,371.45,329.91,319.32,410.08,529.29,408,273.63,446.32,327.94,433.55,418.91,531.27,390.04,537.08,390.35,535.21,453.9,713.93,635.84,490.77,436.35,415.38,558.58,398.35,641.86,735.22,575.09,570.52,634.18,611.12,422.23,574.88,432.72,333.86,547.78,616.52,440.51,557.85,648.51,919.02,917.36,851,880.6,754.74,631.58,1012.69,659.83,735.84,844.15,745.6,572.6,594.92,842.07,775.72,625.56,578.52,491.6,555.05,517.14,697.31,962.32,427.53,468.03,535.32,553.18,668.65,474.57,655.36,580.28,976.45,714.45,955.78,825.25,654.32,664.5,644.77,570.31,584.44,544.14,611.23,617.35,706.97,584.75,609.88,628.98,675.3,688.28,679.97,737.81,624,845.19,1217.68,1202.93,677.79,530.64,570.52,1135.02,1281.75,952.15,847.99,738.96,721.41,772.7,769.59,740.93,611.75,1095.35,890.05,1110.93,807.49,730.02,580.7,686.2,641.65,798.77,860.87,770.84,746.64,886.31,743.94,652.25,1034.39,948.31,617.04,761.07,1199.61,1232.53,1336.37,1464,1127.23,892.75,544.56,706.87,712.27,643.83,800.02,1108.95,705.62,1154.64,865.54,766.27,863.88,943.42,873.85,764.81,572.91,812.89,884.55,1031.8,823.28,632.41,709.88,600.95,503.65,0,0,132.19,113.09,107.58,172.9,188.79,217.24,163.24,194.71,213.71,256.7,237.91,136.04,249.64,0,0,0,48.91,220.98,149.02,208,244.24,204.68,334.79,271.55,345.39,363.97,465.43,423.06,414.34,322.64,403.75,0,0,0,0,141.02,197.1,182.04,274.04,268.13,419.43,341.34,573.32,0,585,,,,,585,39,,134707273,,526,,
0.5,0,74.46,93.67,124.61,125.76,115.37,130.22,143.31,113.81,138.53,143.2,136.76,151.3,154.73,166.05,190.14,138.42,190.24,169.58,186.09,207.38,199.38,164.9,217.66,179.24,141.44,137.18,212.26,224.41,257.64,272.8,163.97,283.91,296.37,324.2,278.51,293.67,308.11,306.96,287.44,375.29,253.8,250.26,288.27,471.35,506.97,373.84,497.73,368.75,398.24,403.75,396.89,375.19,343.93,344.24,309.77,385.57,318.8,284.74,323.27,366.26,400.94,354.73,295.96,242.89,290.24,622.13,519.12,371.45,329.91,319.32,410.08,526.39,408,273.63,446.32,327.94,433.55,414.96,531.27,390.04,537.08,381.84,527.53,451.31,705.83,635.84,490.77,436.35,401.98,558.58,398.35,641.86,732.93,575.09,570.52,634.18,602.61,422.23,574.88,432.72,330.54,547.78,616.52,440.51,557.85,648.51,919.02,917.36,851,877.8,739.47,631.58,1012.69,659.83,733.76,839.58,745.6,572.6,594.92,828.78,769.28,625.56,578.52,491.6,548.61,517.14,697.31,962.32,427.53,463.04,530.23,553.18,668.65,474.57,655.36,580.28,970.63,714.45,955.78,825.25,654.32,656.92,644.77,570.31,584.44,544.14,611.23,617.35,706.97,580.07,609.88,628.98,664.4,681.95,675.4,737.81,624,845.19,1217.68,1202.93,677.79,530.64,570.52,1135.02,1274.06,945.81,847.99,738.96,721.41,772.7,769.59,740.93,611.75,1090.68,890.05,1106.36,807.49,718.08,580.7,686.2,635.94,798.77,860.87,770.84,746.64,880.29,743.94,652.25,1030.86,948.31,617.04,740.72,1199.61,1232.53,1329.52,1454.44,1127.23,892.75,544.56,706.87,704.27,643.83,800.02,1103.55,699.6,1148.31,862.32,766.27,863.88,943.42,873.85,764.81,572.91,812.89,884.55,1031.8,823.28,632.41,709.88,600.95,503.65,0,0,132.19,110.8,107.58,172.9,188.79,217.24,163.24,191.59,213.71,256.7,237.91,136.04,249.64,0,0,0,46.31,220.98,149.02,208,244.24,204.68,334.79,271.55,345.39,363.97,465.43,423.06,414.34,322.64,403.75,0,0,0,0,136.97,197.1,182.04,274.04,268.13,419.43,336.14,573.32,0,584.5,,,,,584.5,40,,132072051.2,,524,,
0.5,0,66.46,93.67,124.61,125.76,115.37,130.22,139.15,113.81,138.53,143.2,136.76,151.3,154.73,166.05,190.14,126.79,190.24,169.58,186.09,207.38,199.38,164.9,217.66,179.24,141.44,137.18,212.26,224.41,257.64,272.8,163.97,280.48,296.37,324.2,278.51,293.67,291.28,306.96,287.44,366.57,253.8,250.26,288.27,471.35,506.97,373.84,491.7,368.75,398.24,403.75,396.89,375.19,343.93,344.24,309.77,385.57,318.7,284.74,323.27,366.26,394.61,354.73,295.96,242.89,285.36,622.13,519.12,371.45,329.91,319.32,410.08,520.68,408,271.76,446.32,327.94,433.55,414.96,529.4,390.04,537.08,381.84,527.53,451.31,698.35,624.1,478.1,436.35,401.98,558.58,398.35,641.86,732.93,565.64,570.52,634.18,602.61,422.23,570.21,432.72,330.54,540.41,616.52,440.51,557.85,648.51,919.02,917.36,839.37,872.71,739.47,631.58,1012.69,659.83,733.76,839.58,741.03,572.6,594.92,828.78,769.28,625.56,578.52,491.6,548.61,517.14,693.99,962.32,427.53,463.04,530.23,553.18,668.65,474.57,655.36,569.69,970.63,714.45,955.78,820.27,647.78,656.92,644.77,570.31,584.44,544.14,611.23,617.35,706.97,580.07,609.88,628.98,664.4,681.95,675.4,728.78,619.85,841.66,1214.56,1202.93,670.94,526.59,570.52,1135.02,1274.06,945.81,847.99,733.14,721.41,772.7,769.59,734.49,611.75,1090.68,882.88,1100.02,802.82,718.08,580.7,679.76,635.94,787.24,860.87,770.84,746.33,870.94,743.94,652.25,1030.86,948.31,612.16,740.72,1199.61,1232.53,1311.76,1454.44,1127.23,892.75,540.72,706.87,704.27,633.14,800.02,1103.55,695.44,1148.31,862.32,763.36,863.88,943.42,868.76,764.81,569.07,812.89,884.55,1019.13,823.28,627.01,709.88,600.95,503.65,0,0,132.19,110.8,107.58,172.9,188.79,211.43,163.24,191.59,213.71,256.7,237.91,136.04,247.77,0,0,0,46.31,220.98,149.02,208,244.24,204.68,334.79,271.55,345.39,363.97,465.43,417.35,414.34,322.64,403.75,0,0,0,0,136.97,191.7,182.04,274.04,268.13,419.43,336.14,573.32,0,584,,,,,584,41,,129670400.4,,522,,
0.5,0,58.15,93.67,124.61,125.24,115.37,130.22,139.15,113.81,138.53,139.05,136.76,151.3,154.73,166.05,190.14,126.79,190.24,169.58,186.09,207.38,199.38,164.9,217.66,179.24,141.44,130.95,211.12,224.41,257.64,264.7,163.97,271.14,296.37,315.89,277.37,293.67,291.28,298.14,279.86,366.57,253.8,250.26,288.27,471.35,506.97,368.02,491.7,357.02,389.52,396.37,389.94,375.19,332.3,344.24,309.77,378.72,318.7,284.74,323.27,366.26,394.61,354.73,295.96,242.89,285.36,622.13,519.12,371.45,329.91,310.18,410.08,520.68,408,266.67,439.26,325.97,430.75,414.96,529.4,385.26,536.25,381.84,527.53,451.31,698.35,624.1,478.1,436.35,401.98,558.58,398.35,634.59,732.93,560.86,570.52,634.18,602.61,416.21,570.21,425.66,330.54,540.41,616.52,440.51,550.58,648.51,912.89,917.36,839.37,865.13,739.47,623.69,1012.69,659.83,733.76,832.93,731.89,562.52,594.92,822.45,769.28,625.56,572.6,491.6,542.9,517.14,693.99,954.33,427.53,463.04,523.79,553.18,661.7,474.57,655.36,569.69,970.63,709.05,955.78,820.27,643.32,649.44,636.57,570.31,576.96,544.14,611.23,617.35,702.92,580.07,609.88,628.98,664.4,677.69,670.94,728.78,619.85,841.66,1210.1,1202.93,670.94,526.59,570.52,1124.43,1267.94,945.81,847.99,733.14,710.61,765.75,763.46,734.49,611.75,1090.68,882.88,1100.02,802.82,718.08,574.78,679.76,635.94,787.24,860.87,770.84,746.33,870.94,736.46,646.85,1030.86,941.56,612.16,740.72,1188.29,1232.53,1311.76,1448.73,1127.23,892.75,540.72,706.87,704.27,633.14,800.02,1096.8,695.44,1148.31,862.32,763.36,863.88,938.65,868.76,764.81,569.07,809.47,884.55,1019.13,788.18,627.01,709.88,600.95,503.65,0,0,132.19,110.8,107.58,172.9,188.79,211.43,157.74,191.59,213.71,256.7,237.91,136.04,247.77,0,0,0,42.16,220.98,149.02,208,239.78,201.87,334.79,271.55,345.39,363.97,465.43,417.35,411.22,322.64,403.75,0,0,0,0,136.97,191.7,179.44,274.04,268.13,419.43,336.14,573.32,0,583.5,,,,,583.5,42,,127363197,,520,,
0.5,0,49.53,93.67,124.61,121.5,106.54,130.22,139.15,113.81,138.53,129.29,136.76,151.3,138.94,164.07,181.83,126.79,190.24,169.58,186.09,207.38,198.03,164.9,217.66,179.24,141.44,130.95,211.12,224.41,238.01,264.7,163.97,265.53,296.37,315.89,277.37,293.67,291.28,298.14,279.86,366.57,253.8,246.63,278.3,471.35,506.97,368.02,491.7,348.92,389.52,396.37,389.94,375.19,332.3,344.24,303.43,378.72,318.7,284.74,323.27,366.26,394.61,348.61,291.91,242.89,285.36,622.13,509.46,371.45,329.91,306.86,410.08,505.51,408,266.67,439.26,325.97,430.75,409.77,529.4,385.26,536.25,381.84,521.82,451.2,698.35,624.1,478.1,436.35,401.98,552.35,398.35,634.59,732.93,560.86,570.52,627.53,602.61,416.21,570.21,425.66,330.54,537.91,616.52,437.18,550.58,648.51,912.89,907.7,835.84,865.13,739.47,623.69,1010.92,659.83,733.76,832.93,731.89,562.52,590.15,816.84,763.57,619.12,572.6,491.6,542.9,517.14,693.99,954.33,423.17,458.26,523.79,553.18,661.7,463.66,649.13,569.69,969.59,709.05,955.78,820.27,643.32,649.44,636.57,570.31,576.96,544.14,611.23,617.35,702.92,580.07,609.88,622.65,662.53,677.69,666.68,728.78,619.85,841.66,1204.7,1196.49,670.94,526.59,570.52,1124.43,1267.94,939.58,847.99,726.49,710.61,765.75,763.46,734.49,611.75,1083.1,874.37,1100.02,802.82,718.08,574.78,679.76,635.94,781.43,860.87,758.37,740.41,870.94,736.46,646.85,1027.54,941.56,612.16,740.72,1025.46,1232.53,1311.76,1448.73,1119.03,892.75,540.72,706.87,704.27,633.14,800.02,1096.8,689.11,1148.31,862.32,763.36,851,938.65,868.76,764.81,569.07,809.47,878.42,1019.13,788.18,627.01,705.21,600.95,503.65,0,0,125.44,110.8,106.65,172.9,188.79,211.43,151.51,191.59,213.71,249.23,237.91,131.57,241.13,0,0,0,42.16,220.98,149.02,208,239.78,201.87,322.75,271.55,339.47,355.87,465.43,417.35,411.22,322.64,399.9,0,0,0,0,127,191.7,179.44,274.04,268.13,416.83,328.98,573.32,0,583,,,,,583,43,,125118353.8,,518,,
0.5,0,49.53,93.67,124.61,121.5,106.54,130.22,139.15,113.81,138.53,129.29,129.08,133.34,138.94,153.79,181.83,126.79,190.24,167.5,186.09,203.02,198.03,164.9,217.66,179.24,141.44,130.95,207.69,224.41,238.01,264.7,163.97,265.53,296.37,315.89,277.37,286.92,291.28,298.14,279.86,358.05,253.8,246.63,278.3,471.35,506.97,368.02,491.7,348.92,389.52,392.22,389.94,375.19,329.19,339.47,303.43,374.15,313.19,280.38,304.89,366.26,394.61,348.61,291.91,231.57,285.36,622.13,509.46,371.45,329.91,306.86,406.45,505.51,408,266.67,439.26,325.97,422.54,409.77,524.31,385.26,536.25,381.84,521.82,451.2,692.54,624.1,478.1,427.42,394.09,535.84,398.35,634.59,720.47,560.86,570.52,627.53,591.29,416.21,567.92,425.66,330.54,537.91,608.32,437.18,550.58,648.51,904.59,907.7,830.65,856.3,727.22,623.69,1003.86,659.83,724.83,832.93,726.91,562.52,590.15,816.84,763.57,613.51,572.6,491.6,542.9,517.14,689.53,954.33,423.17,458.26,523.79,545.6,653.91,463.66,649.13,569.69,969.59,709.05,955.78,816.22,643.32,649.44,636.57,570.31,576.96,537.5,605.72,617.35,700.33,580.07,609.88,622.65,662.53,673.12,656.81,728.78,616.63,835.63,1204.7,1189.95,669.17,526.59,567.51,1124.43,1262.95,936.68,840.83,726.49,710.61,765.75,757.65,730.54,611.75,1083.1,868.66,1100.02,802.82,718.08,564.7,679.76,635.94,781.43,860.87,758.37,740.41,870.94,736.46,646.85,1027.54,941.56,612.16,740.72,1025.46,1226.92,1299.2,1448.73,1114.56,892.75,540.72,701.16,697.94,633.14,795.24,1085.8,684.65,1148.31,862.32,763.36,845.71,938.65,868.76,764.81,569.07,809.47,878.42,1019.13,785.27,627.01,705.21,600.95,503.65,0,0,125.44,110.8,106.65,172.9,183.91,211.43,151.51,191.59,213.71,242.68,235.93,131.57,241.13,0,0,0,39.15,220.98,149.02,208,239.78,201.87,322.75,271.55,332.92,355.87,465.43,417.35,411.22,322.64,394.61,0,0,0,0,127,191.7,179.44,274.04,261.27,410.91,328.98,573.32,0,582.5,,,,,582.5,44,,122629012,,516,,
0.5,0,32.81,85.36,116.51,121.5,106.54,128.97,139.15,113.81,138.53,129.29,129.08,133.34,138.94,153.79,179.34,126.79,183.08,167.5,186.09,198.24,198.03,164.9,217.66,179.24,141.44,125.03,207.69,224.41,238.01,264.7,163.97,265.53,296.37,315.89,269.58,286.92,291.28,294.81,279.86,349.85,253.8,246.63,278.3,458.37,506.97,368.02,491.7,348.92,389.52,377.79,389.94,366.88,329.19,333.03,296.48,374.15,313.19,280.38,304.89,356.91,394.61,348.61,291.91,231.57,285.36,622.13,509.46,371.45,324.31,306.86,403.95,502.61,401.15,266.67,439.26,315.58,422.54,409.77,524.31,385.26,534.17,375.6,521.82,451.2,692.54,624.1,478.1,427.42,385.89,535.84,398.35,634.59,720.47,560.86,570.52,627.53,591.29,416.21,567.92,418.08,330.54,537.91,608.32,437.18,545.29,643.73,904.59,873.64,818.29,849.65,727.22,623.69,998.15,659.83,724.83,832.93,725.56,562.52,590.15,810.61,763.57,613.51,572.6,491.6,536.46,517.14,686.31,954.33,423.17,458.26,523.79,545.6,653.91,463.66,645.29,566.99,969.59,702.3,955.78,816.22,643.32,649.44,630.85,566.26,576.96,537.5,605.72,617.35,700.33,580.07,599.49,613.3,662.53,673.12,656.81,723.48,614.03,835.63,1204.7,1185.07,669.17,526.59,567.51,1124.43,1262.95,936.68,834.7,726.49,710.61,765.75,757.65,730.54,606.24,1083.1,864.5,1093.9,798.98,718.08,564.7,679.76,635.94,781.43,852.87,754.84,740.41,870.94,736.46,640.62,1027.54,930.86,612.16,740.72,1019.13,1221.52,1299.2,1448.73,1114.56,892.75,528.88,701.16,697.94,633.14,795.24,1085.8,684.65,1148.31,862.32,760.97,845.71,934.08,868.76,764.81,569.07,809.47,878.42,1019.13,779.45,627.01,705.21,600.95,503.65,0,0,125.44,110.8,106.65,164.49,178.92,211.43,151.51,191.59,206.96,242.68,235.93,131.57,241.13,0,0,0,39.15,214.85,149.02,203.02,232.82,201.87,322.75,271.55,332.92,355.87,465.43,417.35,411.22,322.64,394.61,0,0,0,0,127,191.7,173.84,274.04,261.27,410.91,328.98,573.32,0,582,,,,,582,45,,119725471.6,,514,,
0.5,0,32.81,85.36,108.1,121.5,106.54,128.97,139.15,111.01,138.53,129.29,129.08,133.34,138.94,153.79,179.34,126.79,183.08,167.5,186.09,198.24,198.03,164.9,217.66,179.24,141.44,125.03,205.72,221.6,238.01,264.7,163.97,265.53,296.37,315.89,269.58,279.96,291.28,294.81,279.86,349.85,245.18,244.03,278.3,458.37,502.29,368.02,491.7,348.92,389.52,373.53,389.94,366.88,329.19,333.03,296.48,374.15,313.19,280.38,304.89,356.91,394.61,348.61,291.91,231.57,278.09,622.13,497.62,361.59,324.31,303.33,403.95,502.61,401.15,266.67,439.26,315.58,422.54,409.77,524.31,385.26,523.69,375.6,521.82,451.2,692.54,617.15,478.1,427.42,379.55,535.84,398.35,625.45,720.47,557.64,570.52,627.53,591.29,416.21,567.92,418.08,330.54,537.91,608.32,432.82,545.29,643.73,899.19,873.64,810.09,849.65,727.22,623.69,992.13,655.88,724.83,825.67,722.76,562.52,584.85,804.17,763.57,613.51,572.6,485.99,536.46,517.14,686.31,949.86,423.17,458.26,523.79,545.6,653.91,458.26,645.29,566.99,969.59,702.3,955.78,809.36,643.32,649.44,630.85,566.26,576.96,537.5,593.89,617.35,700.33,575.82,588.49,613.3,662.53,673.12,656.81,723.48,606.55,835.63,1204.7,1119.23,669.17,524,567.51,1117.88,1256.1,936.68,834.7,722.24,710.61,765.75,757.65,730.54,606.24,1083.1,864.5,1089.22,798.98,718.08,564.7,679.76,635.94,781.43,852.87,754.84,740.41,866.89,736.46,640.62,1017.88,930.86,612.16,740.72,1019.13,1221.52,1299.2,1444.16,1108.54,891.4,528.88,697.73,697.94,633.14,795.24,1085.8,684.65,1145.61,862.32,760.97,845.71,934.08,864.3,764.81,569.07,809.47,878.42,1019.13,779.45,619.85,705.21,600.95,503.65,0,0,125.44,110.8,106.65,164.49,178.92,211.43,145.28,191.59,206.96,242.68,226.38,131.57,241.13,0,0,0,30.84,205.82,149.02,203.02,232.82,201.87,322.75,267.4,332.92,349.02,447.78,410.7,406.65,322.64,387.86,0,0,0,0,127,191.7,173.84,268.23,261.27,410.91,328.98,566.57,0,581.5,,,,,581.5,46,,116992576.6,,512,,
0.5,0,32.81,76.95,108.1,114.44,106.54,123.47,130.74,111.01,138.53,129.29,126.79,133.34,138.94,149.02,179.34,126.79,183.08,167.5,186.09,198.24,188.17,153.07,217.66,179.24,141.44,125.03,205.72,197.72,238.01,264.7,163.97,265.53,296.37,307.69,266.36,279.96,291.28,291.08,273.32,324.82,245.18,244.03,278.3,458.37,502.29,368.02,491.7,343.62,384.33,373.53,385.37,362.73,323.06,333.03,291.18,374.15,313.19,280.38,304.89,356.91,388.59,348.61,289.1,231.57,278.09,622.13,497.62,354.11,324.31,303.33,403.95,502.61,401.15,266.67,439.26,315.58,422.54,409.67,524.31,385.26,523.69,375.6,512.89,451.2,683.92,617.15,472.08,427.42,372.7,533.03,398.35,625.45,720.47,554.94,570.52,627.53,587.45,416.21,567.92,418.08,330.54,537.91,608.32,432.82,538.64,643.73,899.19,873.64,810.09,845.92,714.34,612.06,992.13,655.88,718.71,825.67,722.76,562.52,584.85,804.17,763.57,613.51,572.6,482.25,536.46,503.85,686.31,949.86,423.17,453.49,518.49,545.6,653.91,458.26,645.29,566.99,969.59,702.3,955.78,809.36,643.32,643.73,630.85,566.26,576.96,537.5,593.89,610.4,700.33,575.82,588.49,613.3,662.53,668.13,652.76,723.48,599.91,835.63,1198.36,1117.88,669.17,524,567.51,1117.88,1250.39,936.68,834.7,722.24,710.61,760.14,757.65,724.21,603.96,1078.32,857.34,1089.22,798.98,711.23,564.7,679.76,626.6,781.43,852.87,754.84,740.41,866.89,736.46,640.62,1017.88,930.86,612.16,740.72,1019.13,1221.52,1293.59,1434.4,1099.92,891.4,528.88,697.73,693.26,633.14,795.24,1055.16,673.22,1145.61,862.32,760.97,845.71,934.08,864.3,764.81,569.07,809.47,878.42,1012.27,779.45,619.85,701.26,600.95,503.65,0,0,125.44,110.8,106.65,164.49,178.92,203.02,145.28,191.59,206.96,242.68,226.38,131.57,241.13,0,0,0,30.84,205.82,139.46,198.55,232.82,198.34,322.75,267.4,332.92,349.02,447.78,410.7,406.65,322.64,387.86,0,0,0,0,127,191.7,173.84,268.23,261.27,410.91,328.98,560.14,0,581,,,,,581,47,,115013922.6,,510,,
0.5,0,32.81,76.95,108.1,106.75,93.36,123.47,130.74,111.01,138.53,129.29,126.79,125.24,138.94,149.02,179.34,125.86,183.08,167.5,177.89,198.24,188.17,153.07,217.66,179.24,141.44,118.59,199.28,197.72,238.01,257.22,159.92,259.61,296.37,307.69,266.36,279.96,282.77,291.08,265.43,317.97,245.18,244.03,272.8,458.37,498.87,368.02,481.32,343.62,375.19,362.21,385.37,362.73,323.06,333.03,291.18,374.15,309.56,275.19,292.32,354.52,388.59,340.82,289.1,229.18,278.09,622.13,497.62,354.11,324.31,303.33,403.95,495.96,401.15,266.67,439.26,315.58,410.5,409.67,524.31,383.19,523.69,370.2,512.89,451.2,683.92,617.15,472.08,427.42,364.39,533.03,398.35,625.45,720.47,552.87,570.52,624.21,587.45,410.7,559.82,418.08,330.54,531.37,608.32,430.43,538.64,639.06,899.19,873.64,803.13,845.92,709.98,612.06,992.13,655.88,718.71,816.22,718.39,556.81,584.85,796.69,759.21,607.9,572.6,482.25,536.46,503.85,679.97,949.86,423.17,453.49,513.51,537.39,649.96,458.26,645.29,566.99,960.04,702.3,949.24,809.36,635.84,643.73,625.25,566.26,576.96,536.46,593.89,609.57,693.78,573.43,588.49,613.3,662.53,668.13,652.76,715.59,591.91,835.63,1198.36,1117.88,669.17,524,563.67,1117.88,1241.56,925.88,831.38,722.24,700.95,760.14,751.52,724.21,603.96,1068.45,857.34,1089.22,798.98,711.23,560.86,679.76,626.6,770.32,852.87,754.84,740.41,866.89,727.95,640.62,1008.74,926.6,608.42,727.12,1014.14,1221.52,1293.59,1434.4,1099.92,887.76,528.88,697.73,693.26,622.44,795.24,1055.16,673.22,1145.61,862.32,760.97,845.71,934.08,851,760.56,569.07,800.54,870.94,1012.27,779.45,619.85,701.26,600.95,503.65,0,0,125.44,110.8,106.65,156.8,178.92,203.02,139.88,182.45,206.96,242.68,226.38,131.57,241.13,0,0,0,30.84,200.32,139.46,198.55,232.82,198.34,322.75,267.4,332.92,349.02,447.78,410.7,406.65,314.23,387.86,0,0,0,0,123.99,191.7,173.84,268.23,261.27,410.91,328.98,560.14,0,580.5,,,,,580.5,48,,112692699.8,,508,,
0.5,0,32.81,76.95,108.1,106.75,93.36,123.47,130.74,110.7,138.53,121.08,126.79,125.24,132.61,140.81,175.6,119.63,183.08,163.04,177.89,194.08,188.17,153.07,217.66,179.24,141.44,118.59,199.28,197.72,238.01,257.22,159.92,259.61,296.37,307.69,266.36,279.96,274.56,291.08,265.43,308.52,239.36,244.03,272.8,458.37,498.87,368.02,481.32,343.62,375.19,353.59,385.37,354.42,323.06,330.43,286.4,367.4,309.56,275.19,292.32,350.68,381.32,340.82,289.1,229.18,278.09,614.34,497.62,354.11,324.31,303.33,397.52,495.96,401.15,260.03,439.26,315.58,410.5,409.67,524.31,383.19,523.69,370.2,512.89,451.2,683.92,596.79,472.08,420.78,354.63,533.03,398.35,625.45,715.59,546.32,570.52,624.21,587.45,408,559.82,415.79,330.54,531.37,608.32,430.43,538.64,639.06,860.87,873.64,796.28,845.92,701.47,612.06,989.53,655.88,713.93,816.22,712.06,556.81,578.83,796.69,754.22,607.9,569.9,482.25,534.8,503.85,679.97,942.28,417.56,453.49,513.51,537.39,647.57,458.26,645.29,549.44,954.85,699.7,949.24,804.69,635.84,643.73,625.25,561.9,570.73,536.46,584.23,609.57,688.38,573.43,588.49,613.3,662.53,668.13,652.76,713.72,586.41,830.13,1198.36,1117.88,662.94,524,563.67,1117.88,1241.56,925.88,825.46,722.24,700.95,760.14,751.52,724.21,603.96,1065.44,857.34,1085.9,798.98,711.23,560.86,675.09,626.6,770.32,852.87,754.84,740.41,858.58,727.95,635.94,1008.74,926.6,608.42,727.12,1014.14,1221.52,1293.59,1434.4,1099.92,887.76,528.88,697.73,693.26,622.44,795.24,1055.16,669.28,1145.61,857.55,758.37,839.27,934.08,851,760.56,569.07,800.54,870.94,1012.27,769.38,619.85,693.78,599.18,503.65,0,0,125.44,109.14,106.65,156.8,178.92,195.85,139.88,182.45,206.96,242.68,226.38,131.57,241.13,0,0,0,28.25,200.32,136.14,198.55,232.82,198.34,322.75,267.4,332.92,349.02,447.78,410.7,406.65,314.23,387.86,0,0,0,0,123.99,191.7,173.84,268.23,261.27,410.91,322.02,560.14,0,580,,,,,580,49,,109977738.6,,506,,
2,0,16.62,71.65,99.59,102.39,93.36,110.91,130.74,108.31,125.44,114.23,123.47,125.24,124.2,140.81,175.6,117.03,183.08,154.62,166.25,189.83,181,148.5,217.66,179.24,141.44,118.59,183.29,190.55,229.6,240.5,152.34,259.61,290.35,293.46,257.53,267.5,274.56,278.93,265.43,290.66,239.36,241.65,272.8,446.74,498.87,360.75,475.09,338.74,375.19,318.7,376.33,335.83,314.44,324.93,267.81,362,305.93,268.75,285.05,344.35,381.32,340.82,289.1,223.78,264.18,612.99,478.62,345.59,318.7,297.1,395.44,486.51,382.67,260.03,433.45,314.65,392.53,397,510.81,383.19,523.69,347.15,503.44,447.67,660.86,592.12,462.94,415.58,319.74,523.48,398.35,613.51,715.59,524.1,548.71,607.8,581.94,408,547.26,396.37,320.15,515.79,602.19,420.47,521.92,632.2,811.85,860.04,779.97,831.48,680.39,604.06,976.03,643.73,706.97,812.37,691.39,550.37,568.34,784.02,748.2,595.03,560.55,482.25,533.14,503.85,673.33,934.18,411.12,443.73,508.94,530.96,614.34,458.26,643.42,549.44,954.85,699.7,940.1,798.04,629.4,624.83,619.12,559.82,570.73,532.41,577.27,609.57,688.38,570.1,585.99,598.04,647.99,654.53,652.76,709.78,583.6,829.09,1184.03,1106.36,656.61,522.65,561.28,1103.76,1220.69,921.2,820.37,715.18,684.23,754.53,746.64,717.88,603.96,1057.76,851.94,1081.23,786,700.33,554.74,671.87,619.43,756.19,843.32,745.5,733.56,858.58,714.86,635.94,1008.74,926.6,604.68,721.72,1008.02,1207.71,1275.31,1424.33,1085.8,887.76,528.88,697.73,685.89,622.44,795.24,1041.45,617.46,1140.21,856.4,755.36,831.58,928.16,820.78,760.56,564.91,796.38,866.27,1001.68,769.38,614.76,689.73,599.18,503.65,0,0,115.47,107.58,106.65,156.8,165.11,195.85,134.27,180.48,190.24,242.68,216.83,123.37,228.15,0,0,0,9.45,197.62,136.14,189.1,218.38,196.06,311.01,266.57,332.92,337.7,447.78,403.12,403.54,314.23,387.86,0,0,0,0,118.8,178.82,170.62,263.66,254.83,404.47,322.02,560.14,0,578,,,,,578,50,,107432136.8,,504,,
2,0,0,63.66,66.36,102.39,85.46,99.9,122.33,105.51,125.44,105.92,123.47,106.96,117.34,124.51,167.4,111.01,162.2,149.54,158.05,181.31,172.59,148.5,214.75,177.37,135.52,111.74,180.38,190.55,229.6,239.98,152.34,241.65,268.33,285.26,248.91,264.7,266.36,270.51,257.01,273.94,225.55,241.65,267.3,428.98,489.21,356.7,470.41,331.78,362.31,293.67,370.41,323.99,304.37,318.39,262.52,352.45,301.56,264.28,272.69,338.95,365.01,333.34,286.09,214.75,264.18,612.99,472.6,330.74,318.18,289.83,385.05,461.28,377.06,260.03,433.45,308.31,385.05,392.74,510.81,374.36,514.24,335.42,495.75,447.67,650.48,571.77,455.46,409.46,296.27,523.48,389.31,609.77,700.22,483.5,548.71,607.8,575.71,401.46,542.17,389.73,315.06,515.79,596.59,420.47,508.32,628.78,768.86,849.34,761.7,831.48,648.4,601.47,976.03,643.73,697.42,797.63,687.86,550.37,568.34,772.39,740.93,586.72,560.55,473.74,514.76,493.47,661.9,924.01,405.41,436.25,500.84,524.41,614.34,445.49,629.09,538.95,948.62,683.09,933.66,788.07,623.69,624.83,610.81,551.52,566.47,532.41,570.42,603.96,675.71,570.1,573.01,592.12,647.99,648.51,639.16,701.78,576.75,823.07,1177.59,1099.81,656.61,522.65,557.85,1103.76,1208.64,904.79,814.66,715.18,677.38,747.57,741.34,717.88,597.73,1054.95,842.28,1075.62,786,700.33,552.66,671.87,610.6,748.82,831.27,738.23,731.48,844.88,714.86,635.94,995.35,914.45,604.68,716.11,1008.02,1207.71,1255.79,1406.26,1056.51,880.81,528.88,682.88,685.89,613.41,789.32,1028.89,609.67,1133.15,856.4,752.14,826.39,921.62,815.8,760.56,564.91,786.52,866.27,991.3,744.67,606.97,677.38,599.18,503.65,0,0,115.47,103.95,105.71,156.8,165.11,191.7,117.24,180.48,182.14,229.7,216.83,123.37,224.72,0,0,0,0,191.9,134.48,189.1,212.67,192.94,300.94,262.21,317.76,337.7,438.53,403.12,403.54,314.23,383.19,0,0,0,0,110.7,178.82,164.18,263.66,249.02,398.55,322.02,560.14,0,576,,,,,576,51,,104922055.6,,502,,
2,0,0,55.76,58.05,79.23,85.46,85.88,122.33,97.09,125.44,105.92,112.57,99.48,109.04,114.23,154.42,110.8,162.2,149.54,153.17,169.79,164.28,136.76,214.75,167.29,135.52,96.78,174.04,190.55,220.15,231.16,150.16,241.65,268.33,276.74,245.7,264.7,258.16,270.51,247.25,248.91,225.55,236.35,256.08,421.19,480.8,350.58,470.41,331.78,362.31,281.94,368.13,309.56,295.85,310.91,256.91,346.84,301.46,255.77,257.95,330.02,359.4,326.69,286.09,214.75,261.48,606.03,466.57,319.94,313.61,283.6,379.55,431.47,368.02,260.03,431.16,305.09,374.57,379.76,507.8,369.17,514.24,335.42,495.75,444.56,633.03,554.53,444.35,404.27,290.76,511.74,386.51,599.18,700.22,455.98,526.91,602.09,563.77,398.97,532.41,383.19,315.06,510.81,596.59,409.87,503.13,602.3,747.89,842.49,756.4,821.93,637.6,588.28,961.39,633.87,679.97,784.02,679.76,536.67,556.61,741.86,735.11,576.13,560.55,468.13,508.73,493.47,647.16,917.46,393.78,436.25,496.17,516.31,596.9,439.88,623.27,529.19,942.7,683.09,933.66,788.07,616.94,616.52,604.17,551.52,566.47,525.76,570.42,603.96,675.71,567.92,573.01,589.52,647.26,641.76,639.16,691.6,572.8,817.77,1166.07,1090.78,654.95,515.38,531.16,1087.98,1191.61,894.62,801.47,705,666.68,740.62,729.09,711.64,597.73,1047.79,835.84,1066.69,786,693.37,543.31,655.36,604.79,743.73,831.27,738.23,731.48,839.27,710.5,635.94,992.75,909.99,599.49,706.04,1000.85,1196.8,1236.47,1397.22,1034.18,880.81,501.36,682.88,685.89,613.41,789.32,1015.91,580.39,1127.75,840.41,746.43,819.54,916.84,815.8,756.61,564.91,786.52,853.91,983.51,738.96,594.3,677.38,595.65,503.65,0,0,100.52,99.79,105.71,147.04,158.78,177.68,113.61,175.08,155.45,223.16,210.6,116.82,215.89,0,0,0,0,182.04,134.48,177.99,209.97,185.99,292.84,259.71,317.76,320.98,428.36,393.78,394.92,306.44,383.19,0,0,0,0,104.67,178.82,164.18,257.95,249.02,393.15,310.08,558.58,0,574,,,,,574,52,,101949954.8,,500,,
2,0,0,47.46,0,79.23,85.46,80.27,115.16,88.99,116.1,89.41,107.27,91.9,99.9,107.79,140.81,108.62,162.2,132.92,153.17,169.79,164.28,136.76,214.75,167.29,135.52,86.71,164.8,182.14,220.15,227.52,150.16,241.65,268.33,276.74,236.25,248.08,258.16,254.21,239.05,235.73,223.16,236.35,256.08,416.52,474.98,350.58,450.89,327.01,350.89,281.94,349.85,301.15,289.41,305.72,255.56,337.29,301.46,255.77,257.95,323.47,352.34,326.69,282.04,207.38,249.95,598.87,451.1,311.74,312.05,281.94,379.55,417.56,354.42,254.21,431.16,305.09,364.7,379.76,505.93,369.17,508.84,316.83,480.18,442.9,624.1,534.8,432.41,398.87,286.71,500.84,375.6,593.89,688.69,445.39,518.39,589.21,563.77,393.99,520.68,376.33,315.06,495.86,596.59,407.8,491.81,602.3,735.63,830.34,743.94,816.94,637.6,582.98,948.41,633.87,671.77,781.32,666.06,536.67,549.86,729.4,727.74,569.17,546.64,450.48,499.49,484.43,634.59,907.18,389,428.88,496.17,510.29,586.41,434.38,617.25,529.19,936.88,679.25,921.62,782.57,606.45,607.18,590.98,545.29,547.16,525.76,556.19,596.9,669.48,567.92,565.33,573.74,631.58,635.94,627.95,685.48,570,817.77,1159.63,1071.15,642.59,515.38,531.16,1087.98,1186.01,888.08,795.03,702.51,656.09,733.66,722.96,711.64,590.15,1040.31,835.84,1061.08,769.28,680.39,538.54,652.14,598.04,731.89,825.98,731.17,731.48,825.35,710.5,621.61,971.26,903.76,589.21,706.04,985.27,1190.37,1221.73,1384.76,989.01,874.06,501.36,682.88,675.4,603.23,780.91,997.01,580.39,1120.17,840.41,743.21,812.27,908.74,807.08,756.61,557.64,780.6,853.91,977.07,731.69,584.95,656.71,595.65,503.65,0,0,100.52,94.29,99.48,142.47,145.59,171.14,113.61,171.97,150.26,223.16,204.37,116.82,211.53,0,0,0,0,171.97,118.28,174.25,197.82,182.56,292.84,259.71,310.81,320.98,425.24,393.78,394.92,305.41,372.39,0,0,0,0,98.96,178.82,159.19,257.95,249.02,383.39,310.08,548.51,0,572,,,,,572,53,,99749190.2,,498,,
2,0,0,39.15,0,73.73,74.35,74.25,105.92,82.66,116.1,81.31,98.96,76.95,99.9,99.69,124.41,96.68,162.2,132.92,132.92,161.69,164.28,136.76,206.55,167.29,134.89,74.25,156.8,173.63,220.15,214.96,146.11,232.51,248.19,259.92,227.83,247.77,233.44,254.21,232.09,225.55,223.16,228.35,250.58,400.63,465.22,344.56,450.89,320.67,347.88,274.88,343.83,284.74,280.59,301.36,255.56,330.02,298.14,244.14,256.7,304.06,341.23,315.89,268.13,202.39,249.95,589.52,445.6,306.55,304.99,265.84,368.44,398.76,349.23,253.9,425.35,303.54,349.12,371.14,498.76,365.22,506.66,312.36,475.5,442.9,617.25,528.46,432.41,387.96,276.23,500.84,375.6,583.92,683.4,436.87,504.58,521.3,545.08,393.99,517.46,369.48,309.77,495.86,591.81,395.44,485.58,579.55,718.91,817.88,731.27,798.46,624.83,570.42,936.16,615.07,659.31,762.32,651.93,530.44,538.43,716.84,720.68,563.67,537.29,450.48,499.49,478.41,628.57,894.1,389,423.68,479.66,510.29,541.44,434.38,612.47,507.9,931.69,679.25,921.62,779.77,606.45,599.29,575.19,543,547.16,518.18,556.19,589.84,669.48,567.92,541.76,572.18,631.58,628.98,627.95,678.62,570,806.77,1151.63,1047.17,642.59,515.38,531.16,1079.98,1168.66,871.98,775.72,699.7,647.88,722.44,716.53,701.68,576.75,1023.28,818.29,1054.43,769.28,680.39,528.15,652.14,592.74,724.63,819.64,722.96,726.6,821.3,698.14,621.61,968.45,890.26,584.95,689.21,985.27,1178.32,1207.81,1366.38,988.08,874.06,488.59,669.28,675.4,603.23,774.78,987.56,559.2,1113.31,840.41,743.21,806.66,904.07,798.35,756.61,548.3,769.9,845.29,950.38,724.63,576.34,656.71,587.14,503.65,0,0,100.52,94.29,99.48,136.35,139.57,171.14,102.49,166.05,146.52,214.23,201.98,105.3,201.35,0,0,0,0,141.75,118.28,171.14,191.7,182.56,278.3,253.59,301.36,307.79,422.33,384.22,387.13,302.81,367.19,0,0,0,0,92.63,175.7,159.19,250.89,241.33,383.39,310.08,548.51,0,570,,,,,570,54,,97596189.6,,496,,
2,0,0,0,0,57.22,58.05,74.25,99.28,74.25,107.79,77.78,98.96,76.95,95.12,91.38,116.1,96.68,138.42,116.31,132.92,151.61,144.86,136.76,188.89,167.29,132.09,74.25,152.96,165.53,200.32,206.55,146.11,227.11,248.19,259.92,219.11,247.77,233.44,238.22,223.68,225.55,215.79,228.35,243,374.88,459.82,328.67,443.52,312.26,331.99,267.61,323.79,261.17,280.59,296.79,251.51,330.02,298.14,237.28,246.21,304.06,330.33,315.89,268.13,201.77,236.56,586.93,429.71,299.8,300.63,265.84,362.94,381.11,335,248.5,425.35,301.15,346.42,364.39,498.76,361.69,499.91,300.42,463.15,431.27,603.44,515.48,418.28,381.42,276.23,486.3,365.22,583.92,672.5,404.78,498.97,521.3,545.08,387.03,509.36,362.1,301.98,484.02,583.71,385.99,475.61,570.31,699.39,800.02,700.22,765.96,618.6,562.42,927.54,604.27,646.74,741.34,634.7,522.54,538.43,694.61,720.68,554.11,537.29,439.47,482.98,470.31,615.8,886.41,376.64,416.52,479.66,501.26,541.44,418.6,611.33,499.28,921.41,672.91,909.78,766.68,593.57,592.33,557.33,526.59,547.16,518.18,547.99,589.84,647.47,557.85,523.06,553.39,625.14,622.03,624.1,678.62,567.09,798.04,1134.39,1037.92,640.62,511.85,499.91,1069.7,1162.33,867.2,772.6,693.89,634.38,715.49,710.4,695.34,569.27,1012.07,818.29,1048.2,769.28,669.8,528.15,638.23,587.03,708.63,799.39,716.94,726.6,811.96,698.14,621.61,958.9,890.26,584.95,689.21,977.8,1178.32,1202.31,1359.42,978.84,866.48,488.59,669.28,662.94,588.28,774.78,965.34,559.2,1102.1,829.2,737.81,806.66,887.35,793.89,756.61,545.49,766.79,842.8,938.75,714.55,576.34,650.27,587.14,503.65,0,0,85.78,76.95,97.3,128.56,128.97,161.79,100.11,157.64,138.63,207.58,196.89,105.3,201.35,0,0,0,0,62.2,118.28,157.32,187.02,177.89,278.3,244.03,295.23,299.59,417.56,380.28,383.39,287.44,367.19,0,0,0,0,47.46,168.33,153.48,246.53,241.33,367.71,295.96,548.51,0,568,,,,,568,55,,94699299.6,,494,,
2,0,0,0,0,48.81,58.05,66.36,84.94,65.94,91.69,69.26,90.03,68.74,95.12,74.77,107.89,96.68,130.22,108,132.92,151.61,144.86,131.88,188.89,167.29,132.09,73.63,147.67,141.02,200.32,190.14,146.11,223.37,241.54,249.02,219.11,247.77,225.03,238.22,223.68,213.3,215.37,228.35,236.97,369.48,455.56,328.67,437.39,306.96,320.98,267.61,312.47,254.73,268.75,289.93,241.65,311.95,293.98,223.89,242.89,294.92,330.33,309.87,260.34,201.77,236.56,580.28,424.31,290.76,297.72,265.84,347.36,364.29,326.8,248.5,420.78,294.29,335.83,357.74,493.05,356.29,493.16,291.91,451.51,430.33,572.39,491.91,412.47,371.24,276.23,481.63,365.22,581.53,656.4,404.78,481.01,515.38,539.78,387.03,496.69,352.66,289.21,476.44,583.71,378.1,459.2,548.61,691.19,759.93,656.92,728.99,612.68,562.42,921.62,583.09,640.93,737.29,625.97,516.11,524,661.49,711.13,548.51,529.5,439.47,476.75,470.31,603.23,878.94,372.59,416.52,479.66,488.59,401.36,418.6,603.85,492.84,912.79,667.82,909.78,759.62,590.15,581.11,554.53,520.78,538.54,503.64,540.61,589.84,647.47,552.76,508.94,547.05,625.14,617.56,617.46,666.58,563.46,798.04,1128.27,1029.2,630.33,511.85,499.91,1057.34,1148.62,860.97,761.91,687.76,623.48,709.98,700.53,689.11,564.29,1002.51,812.06,1036.05,756.82,659.31,512.68,638.23,577.48,705.83,799.39,704.69,725.98,805.52,694.61,616.52,951.84,877.07,575.19,683.4,977.8,1166.59,1183.31,1343.54,970.74,866.48,480.59,669.28,650.27,583.4,774.78,948.1,559.2,1090.47,829.2,734.28,792.02,880.81,793.89,752.25,545.49,758.79,833.25,925.36,709.67,571.87,639.06,580.8,503.65,0,0,85.78,76.95,97.3,122.33,116.31,151.61,93.98,155.25,132.4,203.33,190.45,101.98,201.35,0,0,0,0,0,91.18,157.32,182.14,168.44,268.02,244.03,295.23,299.59,408,376.44,383.39,287.44,363.45,0,0,0,0,15.99,168.33,153.48,246.53,236.25,367.71,295.96,545.08,0,566,,,,,566,56,,91612958.4,,492,,
2,0,0,0,0,24.51,58.05,16.62,61.16,65.94,38.73,69.26,90.03,49.95,75.49,60.23,99.59,88.48,122.02,99.28,124.72,147.04,136.45,112.05,181.42,167.29,119.94,69.06,146,141.02,199.07,181.73,135.21,212.47,232.71,233.96,207.58,223.78,224.93,230.12,198.65,213.3,215.37,224.72,232.61,362.62,436.46,322.23,431.27,294.29,310.91,263.45,296.16,242.58,262.21,281.21,241.65,311.95,293.98,218.07,231.99,285.88,308.73,309.87,254.63,198.86,236.56,575.19,419.01,277.37,290.87,257.85,347.36,357.74,326.8,245.8,415.48,294.29,328.15,357.74,483.39,350.47,487.76,282.46,438.53,430.33,572.39,472.28,406.55,364.91,271.76,466.99,365.22,581.53,641.65,367.71,475.19,500.11,523.27,387.03,484.64,350.37,281.11,469.79,576.85,367.71,453.18,539.78,670.73,725.35,616.73,698.56,571.66,544.04,917.36,583.09,633.55,721.2,620.37,516.11,524,643.21,711.13,537.6,529.5,424.1,454.53,463.04,590.15,865.54,371.04,406.76,462.21,482.15,397.2,406.24,600.53,489.83,899.39,661.59,900.54,753.91,590.15,574.47,544.46,510.91,538.54,500.11,536.46,589,647.47,539.89,502.4,538.85,605.1,613.51,609.67,666.58,562.63,787.04,1124.74,1015.49,630.33,506.24,493.16,1057.34,1135.85,849.76,752.35,681.22,603.96,703.96,694.93,689.11,564.29,988.49,801.68,1023.8,747.26,656.5,509.98,627.74,577.48,698.66,799.39,704.69,725.98,798.35,686.72,612.99,940.41,870.42,575.19,683.4,966.79,1166.59,1175,1327.23,959.94,865.13,473.84,657.02,647.16,583.4,774.78,942.7,545.7,1086,823.69,734.28,792.02,873.54,793.89,744.56,545.49,758.79,825.56,922.76,706.76,566.89,621.72,580.8,503.65,0,0,85.78,76.33,95.33,116.93,116.31,145.69,69.89,153.59,132.4,196.58,190.45,98.96,190.24,0,0,0,0,0,57.53,147.25,169.16,168.44,260.23,244.03,277.58,283.08,408,368.34,374.05,280.9,354.94,0,0,0,0,0,168.33,153.48,241.85,223.78,367.71,295.96,537.08,0,564,,,,,564,57,,88090771.2,,490,,
2,0,0,0,0,0,41.33,0,0,28.97,22.43,55.56,73.63,49.95,75.49,51.51,91.28,84.11,113.71,99.28,124.72,140.71,128.35,106.23,166.77,167.29,119.73,69.06,128.35,140.19,190.55,181.73,135.21,201.98,224.2,224.3,199.38,223.78,207.27,230.12,197.51,213.3,215.37,224.72,232.61,356.39,432.51,317.14,421.4,281,296.58,253.28,288.17,235.73,245.18,275.08,230.53,300.21,293.98,210.18,231.99,278.2,303.33,294.81,249.33,198.86,224.62,565.64,407.8,264.39,290.87,254.73,339.78,335.52,315.69,243,410.5,288.58,317.66,346.84,483.39,344.76,482.25,267.71,427.73,430.33,551.52,461.59,392.32,359.3,271.76,455.36,360.65,575.92,605.41,359.72,475.19,500.11,521.09,375.5,484.64,348.29,275.39,461.69,568.55,367.71,443.31,527.42,665.23,698.98,561.38,663.88,569.07,530.96,894,583.09,616.11,715.28,604.68,497.41,511.85,626.28,705.52,532.1,524.62,416.83,452.14,450.16,585.16,850.17,364.29,399.59,456.19,482.15,387.13,406.24,586.82,475.5,899.39,654.22,887.97,753.91,568.13,572.6,544.46,505.51,520.36,497.93,530.44,576.44,640.2,529.81,498.87,534.49,605.1,608.84,604.79,666.58,562.63,776.55,1114.87,999.92,630.33,506.24,493.16,1044.78,1135.85,849.76,745.39,681.22,597,703.96,688.8,681.74,555.05,983.2,801.68,1000.75,747.26,656.5,506.66,627.74,567.4,692.02,774.78,686.83,719.54,775.72,680.39,608.32,934.7,863.98,562.32,673.85,966.79,1155.58,1159.94,1304.18,951.73,855.16,473.84,657.02,639.99,569.79,762.74,922.24,545.7,1076.97,817.67,722.96,773.43,867.31,791.29,738.44,535.42,758.79,819.02,913.31,686.31,566.89,621.72,580.8,503.65,0,0,70.72,73.73,95.12,111.84,110.49,135.1,67.6,145.49,127.62,196.58,180.38,92.73,185.78,0,0,0,0,0,0,133.13,169.16,165.94,253.17,233.13,277.58,283.08,389.83,362.94,374.05,280.9,354.94,0,0,0,0,0,155.56,139.15,234.06,222.85,361.59,286.51,530.44,0,562,,,,,562,58,,84230888.6,,488,,
2,0,0,0,0,0,0,0,0,15.68,13.92,55.56,66.67,33.44,67.19,34.79,82.97,76.64,113.71,91.18,107.89,138.94,119.94,106.23,161.06,144.24,112.77,69.06,128.35,140.19,182.25,169.58,135.21,188.17,224.2,224.3,191.07,212.67,207.27,221.6,190.55,207.69,215.37,209.04,219.42,331.89,412.57,317.14,414.13,276.43,296.58,240.4,281.21,226.38,244.66,274.67,230.53,295.96,291.91,204.68,217.55,271.14,303.33,292.32,249.33,197.51,224.62,558.16,407.8,264.39,284.43,238.43,328.56,316.31,308.83,243,400.42,288.58,310.39,346.84,468.23,344.76,482.25,258.26,422.65,424,545.7,453.38,380.69,349.85,268.75,448.3,356.08,575.92,605.41,359.72,455.67,489.21,514.86,375.5,479.24,346.74,265.43,440.61,568.55,357.12,430.23,508.32,660.35,660.76,536.15,633.35,523.37,517.25,894,554.11,604.68,697.11,594.61,497.41,508.21,623.27,690.88,523.79,518.18,407.8,445.8,444.56,569.17,840.31,362.52,399.59,456.19,466.78,380.38,398.55,586.82,467.3,889.01,637.29,883.09,742.49,568.13,556.92,532.93,499.8,516.73,497.93,516,576.44,635.94,529.81,486.72,530.75,605.1,599.8,604.79,653.91,559.82,773.74,1099.61,988.18,611.02,504.99,493.16,1034.39,1110.51,832.31,732.62,674.78,586.51,690.36,684.33,681.74,555.05,971.88,795.65,990.36,727.64,649.55,498.24,624.1,567.4,684.65,765.33,686.83,715.69,768.03,680.39,603.96,920.58,844.77,562.32,668.03,957.44,1147.58,1159.94,1297.33,946.33,855.16,464.39,650.27,628.15,569.79,762.74,922.24,539.37,1070.22,811.96,722.96,773.43,860.25,791.29,717.36,530.54,744.67,816.11,907.18,679.14,557.75,611.23,565.02,503.65,0,0,70.72,66.77,95.12,107.79,101.14,132.09,55.76,145.49,119.01,185.57,180.38,92.73,181.31,0,0,0,0,0,0,116.72,157.64,165.94,248.29,229.7,271.45,274.77,389.83,362.94,359.09,271.76,348.29,0,0,0,0,0,155.56,139.15,225.86,222.85,357.12,286.51,530.44,0,560,,,,,560,59,,81728157.2,,486,,
2,0,0,0,0,0,0,0,0,0,0,32.92,66.67,33.44,67.19,34.79,74.66,76.64,82.87,81.52,99.59,122.43,99.38,106.23,122.74,139.36,105.71,63.03,122.22,131.99,165.53,164.28,132.3,177.16,199.59,203.02,191.07,212.67,207.27,211.12,190.55,191.07,197.51,191.28,219.42,318.39,407.59,311.53,394.61,261.17,282.46,240.4,268.02,226.38,235.41,268.75,229.91,279.44,287.65,198.76,207.48,259.3,288.58,292.11,239.46,197.51,216.2,536.67,395.13,258.05,284.43,238.43,311.33,299.8,308.83,237.91,396.79,272.18,305.09,334.48,468.23,338.22,443.62,242.27,415.9,424,532.62,430.12,380.69,345.39,266.67,428.15,350.79,568.44,567.51,351.31,448.4,489.21,507.38,375.5,467.2,346.74,265.43,434.69,551.72,357.12,412.57,492.01,646.43,631.79,513.72,606.76,512.58,493.47,887.25,554.11,604.68,684.65,582.36,484.85,501.88,623.27,686.62,519.64,508.53,404.68,425.87,444.56,562.21,840.31,355.87,386.92,448.61,466.78,377.27,398.55,577.37,467.3,889.01,637.29,883.09,730.23,568.13,556.92,532.93,490.04,506.24,485.89,516,576.44,632.52,529.81,486.2,527.74,591.6,593.99,596.38,645.5,551.72,753.49,1090.36,981.85,611.02,504.99,493.16,1034.39,1090.57,832.31,715.28,674.78,586.51,690.36,674.57,668.65,548.92,971.88,791.4,974.79,724.83,637.71,493.57,615.17,555.46,673.01,757.34,665.85,709.78,733.66,674.57,603.96,908.64,835.53,551.21,662.73,957.44,1139.79,1159.94,1279.15,930.96,848.1,464.39,650.27,620.88,553.59,756.3,904.79,488.9,1056.72,811.96,716.21,757.02,838.75,784.02,705.41,530.54,744.67,814.03,899.6,679.14,557.75,606.24,565.02,503.65,0,0,59.71,66.77,88.79,102.6,95.23,118.17,55.25,135.41,111.74,185.57,166.15,83.59,165.63,0,0,0,0,0,0,64.49,141.23,158.57,237.39,220.15,271.45,274.77,378.51,352.76,359.09,271.76,348.29,0,0,0,0,0,150.37,139.15,212.36,206.44,351.93,286.51,521.61,0,558,,,,,558,60,,79147227.2,,484,,
2,0,0,0,0,0,0,0,0,0,0,16.3,66.67,25.86,49.53,34.79,57.63,58.88,82.87,73.31,99.59,116.93,99.38,97.93,107.06,139.36,99.17,54.93,111.32,115.16,153.79,150.47,128.77,168.44,199.59,203.02,173.84,195.95,207.27,202.7,172.69,191.07,197.51,183.91,208.73,311.53,388.38,297.62,389.73,243.31,272.69,235.93,253.38,226.38,235.41,263.35,212.78,273.32,287.65,193.05,200.42,259.3,288.58,288.69,236.97,193.67,216.2,536.67,387.03,249.43,272.8,232.92,311.33,299.8,290.04,237.91,392.95,261.38,305.09,320.88,459.3,338.22,443.62,230.53,404.58,416,514.96,423.17,373.32,339.99,258.99,428.15,350.79,568.44,548.19,347.77,446.43,483.19,495.75,370.1,467.2,337.91,255.15,422.23,551.72,341.23,405.1,479.45,646.43,598.56,471.25,591.6,504.16,488.59,871.25,548.09,585.68,659.31,578.52,484.85,489.52,605.41,682.36,501.26,500.84,389.31,425.87,438.53,551.62,825.25,355.87,381.21,435.73,461.38,375.5,388.59,572.7,451.51,880.39,622.96,876.55,724.42,554.94,539.16,506.66,490.04,506.24,485.89,505.51,576.44,618.29,514.34,476.02,510.81,591.6,589.21,587.76,645.5,551.72,749.44,1076.76,971.67,603.85,497.93,487.34,1015.29,1086,820.78,703.75,667.61,571.87,680.7,667.82,668.65,548.19,953.91,780.91,965.02,689.63,637.71,488.07,615.17,555.46,670.11,743.42,665.85,709.78,733.66,674.57,596.17,898.25,827.02,551.21,655.46,950.38,1129.93,1143.95,1271.57,925.56,841.87,464.39,646.43,613.62,553.59,751.11,891.4,485.99,1056.72,799.19,711.64,757.02,835.32,784.02,689.32,527.84,736.36,796.17,872.81,656.81,543.11,600.12,565.02,483.71,0,0,48.18,31.67,88.79,88.16,88.99,107.79,50.57,135.41,111.74,180.27,166.15,83.59,157.64,0,0,0,0,0,0,0,118.28,148.91,232.4,220.15,257.01,270.41,378.51,348.61,357.74,263.56,339.36,0,0,0,0,0,143.41,134.48,206.55,201.25,351.93,279.65,521.61,0,556,,,,,556,61,,76920658.2,,482,,
2,0,0,0,0,0,0,0,0,0,0,0,66.67,17.55,41.33,34.79,49.74,58.88,82.87,66.56,83.59,112.98,91.28,97.93,65.84,139.36,99.17,54.93,111.32,115.16,138.22,142.89,128.77,152.24,199.59,186.61,149.02,179.96,174.67,202.5,164.28,182.66,197.51,178.3,199.59,298.03,356.39,293.46,375.6,237.18,262.1,224.1,247.88,226.38,224.2,255.98,212.78,262.1,284.84,189.1,192.53,244.66,262.62,286.4,227,193.67,209.04,511.64,381.32,236.14,261.79,225.13,305.51,284.95,290.04,235.73,375.29,261.38,296.06,320.88,459.3,338.22,443.62,224.62,390.56,411.74,486.51,411.02,363.66,327.63,258.99,421.19,336.66,560.97,536.36,342.06,446.43,483.19,492.01,370.1,430.12,337.91,255.15,422.23,538.54,335.52,394.3,462.94,633.03,550.58,446.32,587.14,504.16,477.16,865.96,517.25,578.62,647.26,575.71,480.8,478.93,605.41,682.36,489.31,500.84,389.31,407.48,431.89,546.74,825.25,347.57,381.21,435.73,455.98,375.5,381.63,566.26,451.51,868.45,606.55,862.84,714.14,549.02,539.16,501.36,478.2,471.04,485.89,505.51,563.77,614.55,514.34,476.02,510.81,591.6,579.97,578,635.94,551.72,732.31,1059,957.24,603.85,497.93,483.08,1015.29,1074.58,810.09,692.85,664.5,571.87,677.9,660.55,656.19,545.81,941.66,772.08,939.48,658.58,627.32,477.79,610.92,534.17,665.02,731.79,653.7,705.52,688.49,663.56,589.73,898.25,808.01,551.21,655.46,937.71,1124.74,1143.95,1253.09,795.55,834.8,455.25,639.47,582.67,542.17,745.81,879.15,485.99,1045.09,799.19,707.08,744.04,825.15,779.77,679.25,527.84,730.44,793.27,861.28,653.18,543.11,590.98,556.5,483.71,0,0,44.76,23.88,85.36,88.16,82.66,94.71,47.25,128.97,103.22,164.59,162.93,69.89,115.99,0,0,0,0,0,0,0,92.21,144.97,220.67,210.6,250.78,270.41,373.74,348.61,345.59,263.56,339.36,0,0,0,0,0,133.23,134.48,202.08,201.25,336.25,277.06,515.69,0,554,,,,,554,62,,74943353.8,,480,,
2,0,0,0,0,0,0,0,0,0,0,0,0,0,16.3,26.48,0,0,74.77,0,74.98,91.07,79.03,95.33,38.53,139.36,79.96,54.93,98.65,115.16,138.22,134.06,128.77,152.24,190.87,186.61,149.02,179.96,174.67,194.08,157.53,174.15,189,168.85,192.42,277.06,338.01,279.96,355.25,215.89,250.47,224.1,218.8,218.38,223.58,253.9,205.72,256.91,279.44,183.39,188.06,242.89,262.62,274.67,227,190.03,203.43,451.51,362.62,224.93,261.79,224.72,288.69,278.82,275.71,231.99,369.48,257.53,296.06,310.49,453.59,338.22,407.38,218.18,371.55,411.74,473.22,404.16,348.81,327.63,253.69,409.46,334.27,558.89,513.09,330.85,427.63,480.18,484.12,370.1,420.36,334.69,255.15,413.82,524.31,335.52,379.86,462.94,633.03,506.45,433.86,580.8,491.49,474.46,856.92,517.25,571.35,634.9,571.56,472.08,472.7,599.8,669.38,478.1,478,376.85,407.48,424.93,546.74,817.77,347.57,362.62,426.38,449.44,375.5,381.63,560.66,439.36,859.93,579.76,862.84,705.21,545.91,528.67,494.61,471.04,471.04,485.89,491.29,560.97,610.19,514.34,473.11,500.22,582.25,573.22,570.42,623.17,548.3,713.83,1046.65,953.91,598.25,497.93,483.08,1009.26,1065.96,803.34,684.13,652.87,560.03,668.13,654.53,656.19,545.81,930.55,772.08,917.57,626.91,627.32,474.57,610.92,521.82,660.35,725.35,653.7,705.52,675.61,655.15,589.73,878.21,803.24,529.81,648.61,932.11,1116.43,1132.73,1229.1,769.28,831.79,455.25,634.7,575.71,542.17,745.81,868.03,477.06,1041.45,799.19,703.75,730.65,820.68,779.77,662.11,513.72,730.44,793.27,844.77,653.18,535.11,581.63,556.5,483.71,0,0,0,17.76,62.41,80.17,71.65,86.4,47.25,122.33,100.21,149.02,142.99,69.89,106.86,0,0,0,0,0,0,0,80.38,144.97,220.67,200.52,250.78,251.61,369.37,339.47,345.59,256.91,323.79,0,0,0,0,0,122.22,125.86,194.4,195.64,336.25,277.06,515.69,0,552,,,,,552,63,,72490580.8,,478,,
2,0,0,0,0,0,0,0,0,0,0,0,0,0,0,26.48,0,0,66.46,0,16.62,70.72,79.03,84.11,21.91,133.13,79.96,54.93,86.09,92.73,117.97,126.17,116.1,132.61,182.45,174.25,124.51,157.74,174.67,185.78,140.71,174.15,189,166.25,192.42,266.05,309.87,262,337.6,208.93,243.41,214.65,218.8,218.38,223.58,253.9,194.29,245.07,261.17,183.39,183.6,242.89,253.07,270.41,224.2,186.4,198.65,436.15,357.02,219.01,261.79,211.74,283.91,278.82,275.71,231.99,361.59,254.63,296.06,294.92,437.39,328.87,407.38,210.18,366.05,403.75,450.27,384.95,344.35,321.29,251.3,396.58,334.27,549.96,486.51,330.85,427.63,473.95,476.13,370.1,420.36,328.87,255.15,407.59,520.68,323.16,367.61,448.92,620.99,496.58,433.86,567.09,487.03,474.46,843.11,517.25,567.09,615.69,571.56,464.08,468.75,591.7,669.38,470.41,478,369.06,399.38,424.93,546.74,805.31,340.92,362.62,426.38,442.48,352.97,370.72,552.14,439.36,856.82,564.08,843.32,688.49,539.99,521.82,480.28,471.04,471.04,479.55,491.29,560.97,603.65,497.62,467.4,492.95,582.25,566.68,570.42,623.17,541.44,701.68,1034.29,939.58,585.89,495.44,476.75,1009.26,1051.11,797.52,676.34,652.87,560.03,659.83,648.3,638.23,540.61,924.11,762.63,911.13,614.86,621.51,469.48,602.71,515.28,646.22,715.38,653.7,703.34,660.45,655.15,582.25,870.94,793.58,529.81,639.68,926.81,1098.36,1120.38,1225.15,750.79,814.45,454.01,634.7,569.79,528.98,730.34,861.28,470.62,1030.65,785.27,695.34,722.13,815.07,779.77,657.13,510.6,721.51,776.96,844.77,641.65,527.94,572.18,556.5,483.71,0,0,0,0,62.41,74.56,50.78,69.58,39.56,108.83,89.31,130.32,123.68,57.32,96.37,0,0,0,0,0,0,0,0,81.21,211.95,197.2,240.61,251.61,360.13,332.09,334.38,256.91,323.79,0,0,0,0,0,53.27,125.86,190.97,189.72,324.31,277.06,505.83,0,550,,,,,550,64,,69031195.8,,476,,
2,0,0,0,0,0,0,0,0,0,0,0,0,0,0,26.48,0,0,24.71,0,0,53.58,61.37,75.29,0,133.13,23.88,54.93,36.97,92.73,109.66,126.17,116.1,123.99,174.04,153.27,124.51,152.03,174.67,181.73,140.71,165.74,180.59,147.25,179.03,260.55,274.77,255.04,324.41,200.63,225.55,208.62,207.9,186.4,216,240.81,194.29,245.07,256.6,168.02,178.09,233.34,250.99,270.41,213.4,186.4,198.65,420.57,351.31,217.87,245.07,206.44,279.86,258.57,264.7,228.25,357.02,247.67,289.1,294.92,437.39,328.87,382.25,199.8,344.97,396.06,422.96,377.99,335.94,317.76,251.3,396.58,327.63,547.78,467.3,323.27,412.37,473.95,463.25,364.08,402.4,320.57,246.11,407.59,509.88,313.61,360.55,448.92,602.5,484.54,419.95,561.49,474.98,459.61,843.11,483.71,559.72,606.03,563.67,457.12,450.48,578.52,669.38,459.93,466.05,366.36,388.38,419.95,539.57,805.31,340.92,355.77,417.14,436.87,352.97,362.21,546.53,418.6,843.01,558.68,843.32,687.03,539.99,515.9,468.65,462,461.38,462.83,484.33,549.65,587.97,497.62,454.42,487.44,572.8,557.23,557.54,614.24,541.44,660.86,1020.48,929.3,585.89,495.44,476.75,976.66,1048.31,785.37,670.94,652.87,544.04,654.22,641.65,638.23,539.47,909.36,753.6,894.31,605.41,614.55,462.63,599.6,508.94,638.54,715.38,625.45,699.91,649.23,652.35,576.96,870.94,784.23,529.81,633.87,919.44,1057.03,1120.38,1207.6,750.79,806.25,445.39,634.7,564.19,519.74,730.34,853.29,470.62,1024.32,785.27,691.08,716.01,815.07,779.77,652.87,510.6,721.51,776.96,817.46,641.65,522.54,562.84,548.3,483.71,0,0,0,0,0,25.34,30.43,61.58,24.09,79.34,75.08,68.64,65.32,50.57,80.69,0,0,0,0,0,0,0,0,50.05,211.95,189.2,240.61,251.61,345.07,332.09,334.38,251.3,323.79,0,0,0,0,0,0,115.89,179.96,189.72,324.31,262.73,496.06,0,548,,,,,548,65,,67137209.6,,474,,
2,0,0,0,0,0,0,0,0,0,0,0,0,0,0,18.38,0,0,0,0,0,45.48,49.95,58.67,0,118.8,0,54.93,12.05,92.73,92.94,65.53,116.1,115.58,140.71,111.84,117.03,132.61,158.78,173.52,131.16,157.53,157.32,147.25,179.03,243.62,267.4,249.43,306.03,193.46,212.98,202.6,201.77,173.94,206.96,237.18,194.29,229.7,222.95,168.02,175.7,230.22,234.9,263.25,213.4,181.21,193.46,397.41,337.18,211.84,245.07,192.11,269.68,249.33,257.95,226.07,347.88,247.67,281.83,294.92,425.97,327.73,382.25,191.07,336.77,390.25,410.39,358.68,329.6,303.33,248.91,376.85,312.36,532.62,446.84,323.27,412.37,473.95,463.25,364.08,390.04,313.19,246.11,399.59,509.88,313.61,336.66,438.33,590.15,466.26,414.44,555.05,474.98,459.61,823.8,483.71,545.6,591.6,556.4,447.26,445.49,574.26,649.65,438.33,466.05,359.92,382.25,410.29,528.67,796.28,335.21,339.78,401.15,423.89,352.97,359.3,539.47,418.6,842.18,546.12,827.74,679.45,526.49,503.02,468.65,457.75,457.33,462.83,473.43,549.65,582.36,484.74,449.33,480.18,569.59,526.59,551.31,603.54,541.44,652.45,1009.37,929.3,577.37,488.38,476.75,966.27,1034.39,778.62,658.58,641.34,544.04,647.57,627.95,638.23,539.47,897.01,739.99,881.74,583.92,608.32,449.96,599.6,504.89,638.54,705.93,625.45,683.92,649.23,652.35,576.96,857.65,777.79,512.68,633.87,890.88,1048.83,1097.01,1200.85,743.01,806.25,445.39,617.15,564.19,519.74,723.38,841.03,463.66,1021.62,785.27,685.79,693.26,809.67,772.91,644.35,510.6,712.16,771.56,807.39,628.57,516.83,556.09,548.3,483.71,0,0,0,0,0,0,0,0,24.09,79.34,42.68,44.96,37.7,48.29,59.09,0,0,0,0,0,0,0,0,0,199.9,189.2,230.12,243.62,340.09,324.62,329.6,243.83,315.06,0,0,0,0,0,0,110.59,171.86,177.78,312.67,262.73,491.08,0,546,,,,,546,66,,65373773,,472,,
2,0,0,0,0,0,0,0,0,0,0,0,0,0,0,0,0,0,0,0,0,29.08,29.8,25.65,0,67.5,0,54.93,0,65.01,35.1,16.2,99.48,99.59,115.89,78.51,80.06,132.61,142.16,155.97,111.22,150.99,149.64,130.01,166.88,227.52,254.42,229.29,271.34,187.96,194.71,190.03,193.05,168.54,205.2,230.53,185.36,224.51,205.2,163.45,170.3,220.88,218.9,249.85,201.67,181.21,193.46,384.64,242.89,205.4,238.53,186.71,239.67,239.57,246.73,226.07,338.32,239.57,281.83,280.07,425.97,327.73,382.25,191.07,330.54,390.25,399.07,358.68,320.57,303.33,242.89,368.65,306.55,526.49,427.32,314.86,404.27,466.88,457.54,357.33,380.38,307.69,246.11,393.36,497.31,307.48,329.39,433.86,587.45,451,407.59,538.33,467.2,448.5,812.68,483.71,545.6,564.08,546.32,439.16,437.29,574.26,649.65,438.33,461.17,356.7,379.55,402.4,528.67,791.19,335.21,339.78,401.15,423.89,349.64,359.3,533.97,411.64,837.4,541.44,827.74,674.05,526.49,497.21,441.96,449.65,442.48,443.83,464.18,542.59,582.36,480.59,444.97,474.98,569.59,516,548.3,584.02,537.91,648.92,999.81,911.96,570.31,483.08,473.74,953.19,1006.15,771.87,648.82,641.34,531.89,647.57,622.55,619.43,522.96,884.44,739.99,860.66,573.22,605.72,449.96,599.6,504.89,633.66,697.83,625.45,679.87,643.32,642.48,572.39,846.54,777.79,512.68,623.48,886.21,1019.96,1063.99,1196.6,743.01,795.14,445.39,617.15,564.19,514.13,712.16,834.18,463.66,1002.3,771.46,682.26,688.07,800.54,772.91,638.95,510.6,701.47,771.56,795.97,615.69,516.83,545.29,548.3,483.71,0,0,0,0,0,0,0,0,17.45,0,12.05,20.46,20.98,38.42,31.26,0,0,0,0,0,0,0,0,0,199.9,182.97,223.99,240.4,340.09,319.94,321.5,243.83,309.04,0,0,0,0,0,0,110.59,171.86,177.78,299.9,254.94,491.08,0,544,,,,,544,67,,63901376.6,,470,,
2,0,0,0,0,0,0,0,0,0,0,0,0,0,0,0,0,0,0,0,0,0,0,0,0,24.61,0,32.5,0,65.01,18.59,0,74.14,49.33,85.05,53.79,80.06,132.61,142.16,150.78,111.22,141.75,149.64,130.01,157.43,205.61,244.76,206.34,244.97,183.39,180.69,181.83,188.17,143.1,199.59,216.31,179.65,192.63,198.55,151.4,170.3,210.28,218.9,244.35,201.67,178.09,190.14,346.53,209.04,205.4,228.77,177.99,215.58,213.82,246.73,221.4,320.15,236.66,281.83,280.07,416.31,319.74,224.62,191.07,318.39,378.3,388.59,339.36,306.55,294.81,242.89,368.65,306.55,526.49,404.78,310.7,390.25,460.76,445.08,343.31,360.96,299.07,246.11,383.39,491.6,307.48,318.28,427.11,566.99,439.05,394.71,531.16,454.84,448.5,802.61,483.71,530.33,537.5,529.81,434.9,431.47,562.94,649.65,430.12,451.62,349.12,379.55,399.7,521.61,791.19,323.06,339.78,401.15,417.97,345.91,359.3,524.31,406.24,775.2,528.88,806.97,645.29,514.44,487.24,441.96,438.01,442.48,443.83,457.85,526.91,576.75,480.59,444.97,468.65,560.14,506.86,539.47,570.52,531.06,636.36,999.81,911.96,558.99,476.44,465.95,927.95,990.47,759.93,644.46,641.34,520.99,637.71,619.02,619.43,522.96,878.83,731.79,850.8,566.68,594.09,443.62,578.1,496.27,613.62,682.98,606.35,674.26,623.48,625.04,572.39,841.24,768.45,506.66,623.48,871.98,1012.69,1015.18,1177.7,738.75,795.14,445.39,610.29,558.68,502.81,712.16,815.38,453.28,1002.3,771.46,673.12,681.43,797,772.91,630.96,499.39,696.17,752.25,791.19,615.69,510.08,537.29,543.52,483.71,0,0,0,0,0,0,0,0,0,0,0,0,0,0,0,0,0,0,0,0,0,0,0,0,192.53,173.42,223.99,233.03,326.07,319.94,313.61,240.81,303.74,0,0,0,0,0,0,110.59,168.23,177.78,294.19,254.94,474.36,0,542,,,,,542,68,,61912226.6,,468,,
2,0,0,0,0,0,0,0,0,0,0,0,0,0,0,0,0,0,0,0,0,0,0,0,0,0,0,32.5,0,24.4,0,0,0,0,51.82,16.51,35,92.42,125.86,135.62,111.22,126.9,132.09,123.68,151.4,148.39,238.22,168.64,102.49,175.08,168.02,147.77,157.53,118.69,186.5,160.85,169.89,143.1,188.27,143.62,162,210.28,208.1,230.74,201.67,175.81,184.43,236.45,186.09,197.72,220.25,164.28,184.43,187.23,228.35,221.4,312.78,234.06,275.5,269.27,382.25,319.74,224.62,191.07,302.19,371.87,363.14,332.51,306.55,294.81,242.89,354.84,296.48,498.04,398.03,310.7,385.89,460.76,439.26,319.63,360.96,296.48,246.11,383.39,474.67,302.08,305.51,427.11,530.85,420.57,394.71,503.13,454.84,440.51,796.28,474.46,524.72,502.5,523.06,423.17,428.05,551.83,634.38,399.9,444.35,349.12,368.44,399.7,521.61,783.5,323.06,332.61,384.02,405.72,345.91,340.51,524.31,399.59,759.93,497.21,797.42,645.29,509.98,470.52,441.96,438.01,442.48,436.98,455.05,526.91,568.34,469.17,437.7,457.02,560.14,500.01,539.47,555.26,531.06,606.97,983.92,890.78,549.13,456.4,465.95,903.76,979.25,759.93,635.42,635.53,512.89,637.71,612.06,612.27,522.96,862.43,723.59,838.44,553.7,588.69,427.73,578.1,496.27,613.62,667.41,606.35,674.26,613.62,625.04,558.68,834.08,759,496.27,617.87,861.39,990.05,1015.18,1177.7,738.75,781.84,445.39,605.2,558.68,502.81,709.36,815.38,453.28,985.27,771.46,673.12,657.23,797,772.91,625.56,492.22,696.17,744.04,780.39,615.69,510.08,537.29,543.52,483.71,0,0,0,0,0,0,0,0,0,0,0,0,0,0,0,0,0,0,0,0,0,0,0,0,167.4,162.41,207.27,222.54,326.07,314.75,313.61,234.9,300.94,0,0,0,0,0,0,104.36,162.41,172.38,294.19,247.05,474.36,0,540,,,,,540,69,,59793609.2,,466,,
2,0,0,0,0,0,0,0,0,0,0,0,0,0,0,0,0,0,0,0,0,0,0,0,0,0,0,32.5,0,0,0,0,0,0,0,0,0,92.42,92.63,101.98,99.17,116.51,132.09,111.94,144.97,67.6,213.5,140.71,53.79,92.63,142.16,102.7,84.32,107.27,131.36,118.28,157.22,105.61,174.35,137.8,159.19,177.57,131.78,194.81,134.79,164.07,170.2,206.13,161.89,191.59,201.46,161.58,144.86,150.37,228.35,221.4,223.99,215.27,263.87,264.08,382.25,319.74,224.62,191.07,282.77,366.67,348.81,312.16,293.67,280.69,230.22,330.64,284.43,486.51,378.51,302.39,365.22,460.76,439.26,302.19,342.79,282.35,243.1,374.88,462.11,296.89,292.74,411.33,511.85,385.26,378.51,482.77,448.92,435.42,776.13,474.46,518.91,479.66,511.43,414.55,412.05,546.12,634.38,386.3,444.35,342.58,357.43,386.92,521.61,767.41,323.06,332.61,375.81,394.4,341.23,340.51,514.44,388.59,739.68,487.55,790.77,628.98,496.38,463.66,441.96,431.27,434.28,436.98,452.35,526.07,568.34,469.17,437.7,424.93,550.79,492.64,520.16,542.17,525.35,593.68,983.92,872.5,549.13,429.4,465.95,898.04,966.48,744.87,622.65,628.36,503.44,637.71,606.97,606.87,515.38,862.43,719.54,820.47,541.13,588.69,422.13,578.1,492.12,613.62,652.25,591.08,666.06,613.62,625.04,551.21,821.72,746.02,496.27,617.87,848.1,982.89,901.06,1149.04,722.13,779.25,439.68,593.78,558.68,502.81,702.3,794.62,453.28,985.27,765.02,663.36,649.65,794.41,770.63,618.81,492.22,696.17,744.04,773.33,600.01,498.14,537.29,537.6,483.71,0,0,0,0,0,0,0,0,0,0,0,0,0,0,0,0,0,0,0,0,0,0,0,0,106.23,162.41,207.27,222.54,320.77,314.75,306.13,234.9,295.23,0,0,0,0,0,0,104.36,154.73,172.38,288.48,239.78,456.4,0,538,,,,,538,70,,56792104,,464,,
2,0,0,0,0,0,0,0,0,0,0,0,0,0,0,0,0,0,0,0,0,0,0,0,0,0,0,32.5,0,0,0,0,0,0,0,0,0,23.68,67.5,24.82,91.18,116.51,71.24,104.16,130.12,17.55,194.71,124.41,24.4,0,39.15,63.97,60.85,74.87,72.59,81.73,120.15,80.89,30.84,131.36,148.91,177.57,131.78,155.14,110.39,130.74,132.71,181,131.26,189.2,92.94,148.39,108.62,125.24,153.9,202.18,36.97,138.63,219.42,253.9,382.25,316.1,213.71,191.07,273.53,361.27,328.87,292.63,293.67,280.69,230.22,330.64,280.28,486.51,378.51,296.48,353.38,460.76,439.26,282.77,342.79,277.26,239.98,368.02,453.59,296.89,280.28,411.33,499.39,372.8,378.51,470.52,437.6,430.12,769.59,395.54,512.78,469.9,505.31,400.32,412.05,538.95,628.57,382.77,438.95,342.58,357.43,377.37,514.34,767.41,303.54,322.96,375.81,394.4,331.99,340.51,514.44,386.2,726.29,469.48,777.69,605.62,496.38,455.25,427.01,431.27,434.28,427.32,433.34,512.26,568.34,462.63,437.7,424.93,550.79,492.64,513.82,525.45,521.19,583.29,971.46,861.6,540.61,413.3,465.95,887.87,951.21,735.63,610.08,609.88,503.44,627.95,600.53,600.22,515.38,836.78,719.54,806.87,535.32,569.38,414.44,565.95,492.12,591.91,645.91,581.01,666.06,595.65,617.25,551.21,821.72,746.02,488.59,606.97,843.32,959.52,883.82,1149.04,722.13,769.38,434.07,593.78,554.11,494.3,697.21,784.02,447.88,975.31,765.02,628.67,640.62,782.88,770.63,618.81,492.22,682.46,733.87,747.47,600.01,498.14,530.23,537.6,483.71,0,0,0,0,0,0,0,0,0,0,0,0,0,0,0,0,0,0,0,0,0,0,0,0,37.7,151.72,200,215.37,312.88,301.25,299.18,225.34,279.44,0,0,0,0,0,0,98.34,154.73,168.64,275.5,239.78,456.4,0,536,,,,,536,71,,54937301,,462,,
2,0,0,0,0,0,0,0,0,0,0,0,0,0,0,0,0,0,0,0,0,0,0,0,0,0,0,32.5,0,0,0,0,0,0,0,0,0,0,34.16,0,91.18,103.01,0,94.19,67.29,0,128.87,49.53,12.15,0,0,38.63,30.63,43.72,14.23,11.53,0,53.79,10.59,93.36,89.2,0,131.78,116.72,49.74,76.95,95.12,141.75,108.93,187.44,62.2,123.78,86.4,109.76,107.27,168.54,0,114.54,207.07,230.33,246.84,304.16,213.71,191.07,265.53,352.24,312.57,284.43,293.67,269.06,230.22,321.09,265.84,472.49,360.65,292.32,341.75,445.6,421.19,257.85,322.02,267.61,239.98,363.25,453.59,294.5,267.5,398.03,483.71,357.22,364.49,453.8,429.5,430.12,760.56,395.54,505.62,453.7,496.17,400.32,397.62,526.07,622.96,363.97,430.43,326.59,357.43,377.37,508.94,760.56,303.54,315.06,367.92,394.4,323.58,337.29,501.05,374.67,710.09,445.6,768.03,605.62,486.09,451,421.71,431.27,431.47,422.96,426.38,512.26,554.32,455.46,430.54,414.44,550.79,485.37,513.82,509.67,517.04,577.79,971.46,852.46,520.78,395.23,457.75,880.91,928.47,726.29,605,597.62,491.08,627.95,595.75,600.22,508.53,819.12,705.31,794.62,523.06,564.91,405.2,565.95,485.68,591.91,645.91,581.01,666.06,589.63,617.25,551.21,812.06,738.33,478,606.97,843.32,955.89,870.01,1132.73,722.13,747.26,434.07,582.88,554.11,482.67,697.21,769.69,438.01,965.23,765.02,620.88,609.88,779.56,756.82,587.55,486.09,676.75,733.87,747.47,581.94,490.56,525.04,530.44,483.71,0,0,0,0,0,0,0,0,0,0,0,0,0,0,0,0,0,0,0,0,0,0,0,0,0,141.44,192.32,205.2,304.06,301.25,293.46,220.05,273.73,0,0,0,0,0,0,94.29,148.81,161.79,275.5,227.11,444.25,0,534,,,,,534,72,,52344134,,460,,
2,0,0,0,0,0,0,0,0,0,0,0,0,0,0,0,0,0,0,0,0,0,0,0,0,0,0,32.5,0,0,0,0,0,0,0,0,0,0,0,0,58.26,0,0,11.73,0,0,78.92,0,0,0,0,25.75,22.22,18.9,0,0,0,14.95,0,0,0,0,0,29.18,0,55.45,57.63,106.96,87.13,152.55,39.36,0,43.41,88.06,17.03,130.12,0,85.88,187.44,190.03,225.55,304.16,213.71,191.07,258.99,340.82,299.9,274.98,287.34,263.87,203.22,318.39,265.84,472.49,336.56,283.91,305.82,445.6,421.19,237.49,314.54,256.29,236.87,363.25,406.34,290.97,260.65,393.15,458.78,332.72,351.62,440.51,429.5,418.08,750.9,367.82,502.09,440.51,485.99,381.73,390.66,526.07,617.77,360.65,421.71,326.59,350.47,371.45,508.94,748.09,303.54,315.06,353.69,374.77,319.94,318.8,501.05,374.67,702.09,430.54,751.52,591.7,479.66,444.14,421.71,431.27,431.47,412.26,423.68,501.05,554.32,455.46,430.54,398.76,538.85,485.37,497.31,492.22,517.04,577.79,964.51,838.23,520.78,381.94,457.75,878.11,916.32,720.99,594.51,597.62,484.33,622.34,583.6,596.07,503.54,810.4,705.31,774.16,510.71,564.91,398.76,561.07,476.54,585.99,629.92,563.04,645.6,563.87,595.44,545.81,799.7,725.87,478,600.22,833.35,944.15,855.05,1127.23,722.13,737.09,425.03,582.88,535.11,482.67,684.65,730.96,438.01,965.23,754.95,595.24,589.84,779.56,756.82,587.55,486.09,676.75,722.86,734.18,581.94,490.56,518.7,530.44,483.71,0,0,0,0,0,0,0,0,0,0,0,0,0,0,0,0,0,0,0,0,0,0,0,0,0,135.21,189,199.28,300.32,292.74,286.61,220.05,273.73,0,0,0,0,0,0,94.29,142.99,161.79,275.5,227.11,444.25,0,532,,,,,532,73,,51142146.4,,458,,
2,0,0,0,0,0,0,0,0,0,0,0,0,0,0,0,0,0,0,0,0,0,0,0,0,0,0,32.5,0,0,0,0,0,0,0,0,0,0,0,0,0,0,0,0,0,0,30.22,0,0,0,0,9.87,12.57,0,0,0,0,0,0,0,0,0,0,0,0,37.8,36.76,0,57.11,40.6,29.6,0,0,59.5,0,84.32,0,64.28,168.64,176.43,216.93,304.16,201.04,183.29,241.23,331.57,264.7,257.01,278.09,255.25,199.17,311.84,259.3,450.16,322.75,283.91,305.72,445.6,414.65,231.47,310.29,256.29,236.87,354.73,392.53,290.97,247.98,387.44,446.32,323.16,336.97,421.5,413.3,410.5,737.92,367.82,492.53,418.8,475.09,381.73,379.76,514.86,617.77,357.95,421.71,321.19,350.47,362,499.28,748.09,290.97,315.06,347.36,374.77,319.94,318.8,494.3,361.59,686.62,411.43,751.52,575.4,475.92,431.58,410.29,422.23,426.7,409.87,413.51,501.05,548.71,444.04,424.83,398.76,535.94,479.14,497.31,460.24,510.91,564.81,964.51,831.79,508.01,381.94,457.75,863.46,893.16,698.46,594.51,587.45,478.41,604.58,575.82,584.02,503.54,803.24,698.87,755.47,505.2,548.19,398.76,547.26,476.54,581.53,621.72,557.23,645.6,563.87,583.92,543.83,784.23,720.89,471.97,600.22,833.35,937.4,848.2,1120.58,700.12,724,425.03,576.34,525.56,469.48,679.87,719.74,438.01,955.06,754.95,582.57,579.04,764.29,756.82,572.6,486.09,658.16,712.89,728.68,574.57,485.58,518.7,530.44,483.71,0,0,0,0,0,0,0,0,0,0,0,0,0,0,0,0,0,0,0,0,0,0,0,0,0,116.62,189,193.25,283.91,290.14,286.61,220.05,267.61,0,0,0,0,0,0,94.29,142.99,161.79,262.52,219.73,432.1,0,530,,,,,530,74,,49891777,,456,,
2,0,0,0,0,0,0,0,0,0,0,0,0,0,0,0,0,0,0,0,0,0,0,0,0,0,0,7.37,0,0,0,0,0,0,0,0,0,0,0,0,0,0,0,0,0,0,0,0,0,0,0,0,0,0,0,0,0,0,0,0,0,0,0,0,0,13.19,26.38,0,32.09,0,0,0,0,37.8,0,34.48,0,46.31,157.43,151.61,168.64,295.13,201.04,183.29,241.23,325.86,254.21,249.85,274.15,245.28,199.17,300.84,247.77,450.16,317.24,283.91,305.72,445.6,414.65,215.06,299.18,234.48,231.88,346.74,378.51,290.97,241.02,379.55,433.86,316.31,336.97,407.8,406.86,410.5,727.95,349.02,492.53,411.85,475.09,367.4,371.45,504.48,603.23,348.61,405.2,321.19,342.37,355.15,499.28,741.14,279.13,311.74,336.14,367.92,314.75,315.89,489.11,348.92,675.09,398.76,731.79,568.65,467.09,424.62,404.99,409.46,426.7,393.26,406.65,492.43,539.47,444.04,424.83,392.01,535.94,479.14,485.26,448.61,502.61,559.31,946.85,831.79,508.01,366.99,457.75,854.22,848.41,693.06,582.25,578.72,472.18,604.58,569.69,584.02,500.43,797.63,698.87,736.57,497.31,548.19,395.23,540.09,469.17,568.03,609.77,542.07,645.6,554.53,577.89,543.83,784.23,714.55,471.97,600.22,822.45,917.46,835.63,1100.23,700.12,718.19,425.03,576.34,516.83,469.48,679.87,681.95,435.52,944.36,754.95,582.57,569.48,764.29,748.3,572.6,486.09,658.16,704.48,696.9,574.57,485.58,518.7,515.07,483.71,0,0,0,0,0,0,0,0,0,0,0,0,0,0,0,0,0,0,0,0,0,0,0,0,0,100.94,172.59,184.53,283.91,287.13,276.85,216.62,260.03,0,0,0,0,0,0,82.04,137.91,153.69,250.26,209.35,432.1,0,528,,,,,528,75,,48724738.2,,454,,
2,0,0,0,0,0,0,0,0,0,0,0,0,0,0,0,0,0,0,0,0,0,0,0,0,0,0,0,0,0,0,0,0,0,0,0,0,0,0,0,0,0,0,0,0,0,0,0,0,0,0,0,0,0,0,0,0,0,0,0,0,0,0,0,0,0,0,0,0,0,0,0,0,21.6,0,0,0,39.25,133.86,139.57,131.36,283.18,201.04,183.29,228.46,308.73,229.7,249.85,265.95,239.57,189.2,294.19,241.23,430.02,303.33,278.3,305.72,445.6,410.91,208.52,299.18,234.48,229.7,346.74,378.51,286.82,236.66,363.35,421.5,316.31,326.17,393.57,397.41,398.35,725.35,349.02,476.54,406.24,461.07,367.4,364.6,493.36,598.14,348.61,399.59,314.44,330.33,347.57,489.42,732.72,279.13,305.61,336.14,367.92,310.49,315.89,458.68,348.92,659.51,386.82,720.26,553.59,467.09,405.1,404.99,409.46,426.7,382.56,406.65,492.43,533.97,424.1,418.91,392.01,524.1,479.14,478,434.59,502.61,552.14,946.85,814.03,498.24,366.99,450.58,819.75,831.17,679.76,573.22,574.36,472.18,582.25,563.98,584.02,500.43,778.83,687.86,726.18,486.93,544.97,385.99,540.09,462.63,568.03,609.77,542.07,628.78,534.59,559.1,525.14,761.18,697.73,464.5,585.06,822.45,904.9,823.07,1100.23,690.15,699.29,415.48,567.82,516.83,460.45,670.11,669.9,435.52,944.36,729.51,582.57,562.73,749.86,726.91,523.37,482.04,651.73,704.48,690.56,544.87,479.86,499.7,515.07,483.71,0,0,0,0,0,0,0,0,0,0,0,0,0,0,0,0,0,0,0,0,0,0,0,0,0,100.94,172.59,184.53,283.91,280.79,270.41,216.62,256.29,0,0,0,0,0,0,82.04,126.07,153.69,250.26,209.35,425.76,0,526,,,,,526,76,,47519426.6,,452,,
2,0,0,0,0,0,0,0,0,0,0,0,0,0,0,0,0,0,0,0,0,0,0,0,0,0,0,0,0,0,0,0,0,0,0,0,0,0,0,0,0,0,0,0,0,0,0,0,0,0,0,0,0,0,0,0,0,0,0,0,0,0,0,0,0,0,0,0,0,0,0,0,0,0,0,0,0,26.9,120.15,125.03,100.73,260.65,195.02,183.29,228.46,303.23,195.95,227.42,265.95,230.64,189.2,285.99,234.06,414.23,293.46,273.63,298.45,431.06,399.18,208.52,285.05,234.48,229.7,329.81,363.14,286.82,226.69,363.35,394.19,293.36,319.84,383.7,384.33,398.35,703.03,339.67,476.54,386.82,458.47,349.33,354.94,490.56,598.14,345.91,392.95,305.51,330.33,347.57,470,722.86,271.55,305.61,336.14,361.27,310.49,304.16,458.68,340.4,654.32,386.82,720.26,551,449.96,399.49,396.68,409.46,419.95,373.01,396.06,487.24,522.23,418.39,406.13,379.55,524.1,471.56,466.99,422.13,502.61,547.16,946.85,814.03,489.83,366.99,450.58,804.38,817.25,666.78,567.72,567.4,472.18,582.25,554.42,579.76,500.43,778.83,687.86,709.98,483.6,525.04,385.99,540.09,448.4,552.14,591.91,518.7,628.78,524.62,540.51,525.14,754.84,686.51,453.18,585.06,815.28,892.13,812.06,1086.21,690.15,699.29,415.48,567.82,504.79,455.88,664.71,669.9,435.52,933.98,729.51,570.31,551.1,749.86,717.25,523.37,482.04,651.73,695.76,666.47,544.87,479.86,499.7,515.07,483.71,0,0,0,0,0,0,0,0,0,0,0,0,0,0,0,0,0,0,0,0,0,0,0,0,0,97.93,161.79,177.78,273.73,273.53,270.41,216.62,252.45,0,0,0,0,0,0,63.03,126.07,147.56,250.26,209.35,425.76,0,524,,,,,524,77,,45669791,,450,,
2,0,0,0,0,0,0,0,0,0,0,0,0,0,0,0,0,0,0,0,0,0,0,0,0,0,0,0,0,0,0,0,0,0,0,0,0,0,0,0,0,0,0,0,0,0,0,0,0,0,0,0,0,0,0,0,0,0,0,0,0,0,0,0,0,0,0,0,0,0,0,0,0,0,0,0,0,19.83,74.66,100.42,82.14,248.91,176.54,183.29,228.46,286.71,161.79,218.9,255.98,224.1,189.2,285.99,234.06,398.35,280.79,273.63,298.45,431.06,390.35,195.12,285.05,228.15,224.2,329.81,348.71,286.82,206.23,350.16,380.28,293.36,317.14,381,384.33,385.47,683.81,339.67,469.38,379.97,444.56,344.24,342.58,473.63,581.42,327.84,387.34,305.51,325.14,330.02,460.96,720.06,271.55,295.75,319.01,347.36,299.18,304.16,428.05,340.4,634.07,366.36,701.57,546.22,449.96,389.94,374.88,409.46,419.95,373.01,392.01,477.37,512.26,418.39,406.13,379.55,519.95,471.56,460.65,397.83,500.63,534.69,941.24,802.3,484.12,360.75,450.58,787.76,801.05,659.31,567.72,556.61,468.55,569.69,551.72,568.55,500.43,772.5,678,691.81,477.89,525.04,376.44,526.7,448.4,552.14,591.91,513.09,622.34,511.43,540.51,520.78,739.16,668.65,453.18,585.06,794.62,873.23,794.93,1086.21,690.15,676.55,409.56,567.82,504.79,455.88,664.71,663.56,435.52,927.33,729.51,570.31,544.35,743.11,707.91,507.9,476.02,651.73,683.3,636.05,532.31,479.86,499.7,509.88,483.71,0,0,0,0,0,0,0,0,0,0,0,0,0,0,0,0,0,0,0,0,0,0,0,0,0,85.78,161.79,163.14,263.56,264.39,270.41,198.34,246.94,0,0,0,0,0,0,57.95,121.91,144.55,239.78,206.65,409.98,0,522,,,,,522,78,,44331403.8,,448,,
2,0,0,0,0,0,0,0,0,0,0,0,0,0,0,0,0,0,0,0,0,0,0,0,0,0,0,0,0,0,0,0,0,0,0,0,0,0,0,0,0,0,0,0,0,0,0,0,0,0,0,0,0,0,0,0,0,0,0,0,0,0,0,0,0,0,0,0,0,0,0,0,0,0,0,0,0,0,51.61,81.62,54.62,225.97,176.54,183.29,228.46,269.16,118.8,218.9,250.16,221.5,189.2,268.54,228.98,373.84,272.28,266.67,298.45,431.06,390.35,187.02,274.15,219.32,224.2,322.23,342.27,279.86,206.23,345.28,370.72,293.36,305.3,354.42,375.09,374.77,653.08,330.22,458.47,361.79,444.56,329.71,339.78,466.88,581.42,322.44,378.3,299.69,311.95,327.32,435.63,714.34,266.36,287.13,319.01,341.86,295.13,299.38,422.33,334.38,623.48,366.36,684.85,541.34,449.96,377.16,361.48,385.05,415.38,359.72,380.9,477.37,498.04,400.11,406.13,367.92,519.95,463.15,442.38,390.45,490.56,534.69,931.38,796.38,471.35,360.75,443.21,775.2,801.05,641.97,567.72,549.34,468.55,560.76,540.09,568.55,500.43,772.5,678,673.01,468.96,515.9,374.05,526.7,448.4,546.74,571.45,513.09,622.34,492.84,519.64,520.78,735.53,661.38,445.6,574.78,781.74,852.15,786.62,1075.41,686.41,668.86,409.56,560.97,504.79,443.83,644.15,663.56,435.52,918.71,729.51,570.31,544.35,722.55,707.91,507.9,476.02,647.68,683.3,615.69,532.31,479.86,499.7,494.51,483.71,0,0,0,0,0,0,0,0,0,0,0,0,0,0,0,0,0,0,0,0,0,0,0,0,0,76.64,148.81,163.14,258.78,258.88,258.88,198.34,237.6,0,0,0,0,0,0,24.4,119.52,144.55,239.78,206.65,409.98,0,520,,,,,520,79,,42692889.4,,446,,
2,0,0,0,0,0,0,0,0,0,0,0,0,0,0,0,0,0,0,0,0,0,0,0,0,0,0,0,0,0,0,0,0,0,0,0,0,0,0,0,0,0,0,0,0,0,0,0,0,0,0,0,0,0,0,0,0,0,0,0,0,0,0,0,0,0,0,0,0,0,0,0,0,0,0,0,0,0,32.92,59.92,41.33,206.75,167.71,183.29,218.49,248.91,62.93,206.03,236.76,214.96,186.92,268.54,217.45,353.69,261.17,264.08,246.63,431.06,386.2,187.02,268.54,204.88,224.2,322.23,322.23,279.86,193.25,345.28,358.37,274.67,291.59,343.31,362,366.67,592.33,330.22,440.09,354.84,426.18,324.1,330.22,437.7,569.79,312.36,371.24,299.69,311.95,327.32,429.19,691.81,266.36,287.13,307.9,336.35,295.13,299.38,410.39,334.38,591.91,361.07,657.96,535.52,426.9,367.61,361.48,380.07,404.47,353.49,367.82,477.37,491.08,381.63,396.48,367.92,508.84,463.15,416.21,381.32,490.56,475.09,921.72,789.74,471.35,350.16,443.21,740.93,776.44,626.08,546.12,531.79,462.42,555.15,540.09,563.46,494.92,749.24,671.98,653.91,468.96,505.2,374.05,514.34,439.68,540.72,547.47,488.59,602.92,464.91,513.61,507.8,735.53,654.22,445.6,559.41,768.97,818.92,772.91,1068.14,684.23,656.71,397.72,555.46,504.79,443.83,644.15,650.06,435.52,907.81,710.09,570.31,528.98,716.21,698.46,502.4,476.02,637.81,661.8,604.06,529.4,461.59,483.19,494.51,483.71,0,0,0,0,0,0,0,0,0,0,0,0,0,0,0,0,0,0,0,0,0,0,0,0,0,76.64,148.81,161.69,255.77,245.38,258.88,198.34,231.16,0,0,0,0,0,0,0,119.52,144.55,239.78,193.57,401.57,0,518,,,,,518,80,,41253128.8,,444,,
2,0,0,0,0,0,0,0,0,0,0,0,0,0,0,0,0,0,0,0,0,0,0,0,0,0,0,0,0,0,0,0,0,0,0,0,0,0,0,0,0,0,0,0,0,0,0,0,0,0,0,0,0,0,0,0,0,0,0,0,0,0,0,0,0,0,0,0,0,0,0,0,0,0,0,0,0,0,0,0,32.81,181.1,148.6,180.07,212.78,204.99,0,201.87,236.76,214.96,178.92,257.64,203.22,315.89,254.21,260.65,246.63,419.12,376.75,183.49,252.65,204.88,211.84,317.45,315.27,279.86,193.25,326.49,334.48,274.67,281.11,329.39,362,360.24,586.1,330.22,422.13,350.68,420.98,318.39,320.46,432.2,560.66,310.39,364.29,299.69,287.34,316.52,422.85,691.81,255.46,287.13,302.08,324.31,289.83,289.62,397.31,322.02,572.8,355.67,655.78,520.68,426.9,354.94,349.02,380.07,404.47,353.49,348.81,477.37,485.58,375.6,396.48,367.92,508.84,463.15,416.21,370.2,485.99,475.09,913.31,780.08,467.09,350.16,431.47,710.4,764.81,617.15,546.12,519.43,454.32,550.48,529.71,549.65,486.41,749.24,660.66,641.86,459.51,498.56,362.42,514.34,439.68,540.72,547.47,488.59,602.92,449.44,498.66,507.8,701.99,637.19,438.53,559.41,763.36,816.73,754.84,1007.91,684.23,648.4,397.72,555.46,484.33,443.83,636.98,638.54,426.59,901.37,697.73,566.99,528.98,709.57,687.34,502.4,471.87,637.81,661.8,589.42,521.09,461.59,483.19,494.51,461.28,0,0,0,0,0,0,0,0,0,0,0,0,0,0,0,0,0,0,0,0,0,0,0,0,0,76.64,137.07,146.84,248.5,245.38,254.52,198.34,231.16,0,0,0,0,0,0,0,98.96,132.19,234.06,193.57,401.57,0,516,,,,,516,81,,39203961.6,,442,,
2,0,0,0,0,0,0,0,0,0,0,0,0,0,0,0,0,0,0,0,0,0,0,0,0,0,0,0,0,0,0,0,0,0,0,0,0,0,0,0,0,0,0,0,0,0,0,0,0,0,0,0,0,0,0,0,0,0,0,0,0,0,0,0,0,0,0,0,0,0,0,0,0,0,0,0,0,0,0,0,0,162.83,148.6,180.07,212.78,167.5,0,193.77,229.5,214.96,178.92,242.37,203.22,304.37,247.36,255.04,246.63,419.12,376.75,170.93,248.08,191.18,211.84,307.69,304.26,273.63,187.54,326.49,322.12,274.67,275.91,321.92,340.51,348.19,568.03,330.22,398.87,334.9,420.98,312.78,312.57,426.7,560.66,310.39,359.2,295.75,280.17,304.16,405.2,673.85,248.71,275.08,292.53,324.31,289.83,283.29,397.31,315.58,547.67,336.14,524,513.51,426.9,349.33,343.62,380.07,404.47,336.87,334.07,464.7,467.2,367.82,387.55,351.72,501.36,457.43,416.21,362.1,485.99,475.09,913.31,774.89,452.97,344.24,431.47,672.18,745.19,603.34,546.12,519.43,454.32,537.91,519.53,549.65,486.41,730.34,655.67,632.41,449.54,485.68,355.25,499.8,439.68,525.35,535.01,482.88,599.08,443.52,489.94,495.44,701.99,617.87,438.53,549.34,750.69,804.59,736.26,1007.91,684.23,645.7,397.72,555.46,484.33,417.66,630.33,638.54,426.59,901.37,687.03,566.99,519.33,701.78,673.74,502.4,471.87,637.81,650.9,573.53,521.09,461.59,483.19,480.18,449.75,0,0,0,0,0,0,0,0,0,0,0,0,0,0,0,0,0,0,0,0,0,0,0,0,0,67.19,137.07,146.84,237.6,238.53,254.52,191.59,218.18,0,0,0,0,0,0,0,98.96,132.19,222.54,193.57,385.16,0,514,,,,,514,82,,37318697.2,,440,,
2,0,0,0,0,0,0,0,0,0,0,0,0,0,0,0,0,0,0,0,0,0,0,0,0,0,0,0,0,0,0,0,0,0,0,0,0,0,0,0,0,0,0,0,0,0,0,0,0,0,0,0,0,0,0,0,0,0,0,0,0,0,0,0,0,0,0,0,0,0,0,0,0,0,0,0,0,0,0,0,0,126.38,122.02,174.46,196.27,116.2,0,187.54,211.32,205.2,178.92,231.68,196.16,249.95,247.36,249.23,240.92,419.12,365.64,170.93,248.08,191.18,211.84,303.02,293.15,273.63,187.54,313.4,322.12,262.1,268.75,321.92,340.51,348.19,568.03,330.22,398.87,334.9,411.53,292.32,306.96,384.54,542.59,294.92,347.57,283.29,280.17,297.51,405.2,642.59,248.71,275.08,285.47,298.97,281.52,283.29,383.19,315.58,523.27,336.14,508.63,506.45,426.9,335.62,340.92,366.99,397.62,306.24,328.04,464.7,448.92,359.92,387.55,343.93,489.52,450.27,411.12,356.7,485.99,475.09,906.25,771.87,452.97,344.24,424.93,657.33,733.66,590.15,536.04,512.26,454.32,523.58,513.09,542.27,486.41,730.34,654.32,616.83,449.54,485.68,351.2,499.8,439.68,525.35,525.04,475.5,599.08,429.19,479.76,495.44,688.9,604.58,438.53,549.34,722.24,795.65,718.19,1007.91,684.23,630.65,389.42,530.64,484.33,417.66,602.92,638.54,426.59,888.18,687.03,566.99,519.33,701.78,648.61,495.65,471.87,637.81,650.9,563.35,521.09,461.59,483.19,480.18,441.96,0,0,0,0,0,0,0,0,0,0,0,0,0,0,0,0,0,0,0,0,0,0,0,0,0,59.71,130.53,143.82,237.6,228.98,240.81,191.59,218.18,0,0,0,0,0,0,0,98.96,132.19,222.54,186.92,385.16,0,512,,,,,512,83,,35675580.6,,438,,
2,0,0,0,0,0,0,0,0,0,0,0,0,0,0,0,0,0,0,0,0,0,0,0,0,0,0,0,0,0,0,0,0,0,0,0,0,0,0,0,0,0,0,0,0,0,0,0,0,0,0,0,0,0,0,0,0,0,0,0,0,0,0,0,0,0,0,0,0,0,0,0,0,0,0,0,0,0,0,0,0,110.91,79.44,174.46,188.27,83.18,0,180.17,206.96,196.89,168.12,205.09,180.69,179.34,200.11,240.81,240.92,412.57,352.55,170.93,235.41,191.18,211.84,297.41,280.9,273.63,174.25,313.4,305.51,262.1,268.75,304.99,340.51,339.67,550.27,314.02,386.72,318.7,405.72,292.32,302.5,372.59,542.59,294.92,347.57,283.29,262.21,297.51,398.66,642.59,248.71,275.08,279.34,298.97,273.84,274.88,373.11,307.17,490.25,330.54,502.4,486.51,412.47,324.31,336.77,366.99,397.62,298.97,315.79,464.7,440.4,345.7,377.68,343.93,489.52,450.27,395.23,345.49,476.13,301.67,897.01,759.83,434.48,344.24,412.05,629.61,710.71,566.68,536.04,500.11,454.32,517.56,506.14,536.36,486.41,711.64,642.38,599.91,427.84,468.23,351.2,499.8,424.72,525.35,512.26,455.25,591.19,417.45,451.1,482.04,688.9,597.73,432.1,537.5,711.96,787.04,718.19,1007.91,669.28,630.65,389.42,530.64,478.83,417.66,602.92,630.54,426.59,882.16,687.03,566.99,509.77,689.73,639.27,495.65,471.87,629.82,584.44,563.35,521.09,455.67,474.15,480.18,438.33,0,0,0,0,0,0,0,0,0,0,0,0,0,0,0,0,0,0,0,0,0,0,0,0,0,52.03,125.24,143.82,231.16,228.98,240.81,188.27,218.18,0,0,0,0,0,0,0,89.93,127.31,215.68,186.92,376.54,0,510,,,,,510,84,,34034267.2,,436,,
2,0,0,0,0,0,0,0,0,0,0,0,0,0,0,0,0,0,0,0,0,0,0,0,0,0,0,0,0,0,0,0,0,0,0,0,0,0,0,0,0,0,0,0,0,0,0,0,0,0,0,0,0,0,0,0,0,0,0,0,0,0,0,0,0,0,0,0,0,0,0,0,0,0,0,0,0,0,0,0,0,86.19,55.87,163.45,95.33,10.9,0,174.46,206.96,187.34,162.72,190.03,174.15,71.76,165.22,222.02,222.43,404.47,352.55,163.04,235.41,191.18,204.37,288.79,262.52,267.5,174.25,313.4,292.84,255.35,257.64,299.28,317.35,339.67,550.27,312.78,370.52,311.74,399.28,286.4,286.61,361.17,529.09,289.41,347.57,277.99,262.21,283.6,381,598.35,235.73,275.08,279.34,293.98,273.84,267.61,373.11,307.17,467.3,311.12,495.34,472.91,406.65,317.45,323.99,349.64,387.55,298.97,315.79,448.81,423.48,345.7,377.68,329.29,467.71,441.96,386.2,341.96,476.13,299.07,897.01,746.64,418.8,344.24,412.05,629.61,710.71,561.28,536.04,500.11,444.25,491.7,495.65,529.61,486.41,686.93,633.87,585.37,427.84,468.23,336.46,486.61,424.72,504.06,500.94,455.25,577.17,404.37,451.1,480.49,671.87,580.49,419.32,537.5,682.26,783.61,700.33,1007.91,669.28,615.59,389.42,523.89,472.7,406.03,593.99,616.42,426.59,876.55,667.3,566.99,509.77,679.66,635.42,495.65,462,629.82,579.04,556.09,514.03,455.67,474.15,470.73,438.33,0,0,0,0,0,0,0,0,0,0,0,0,0,0,0,0,0,0,0,0,0,0,0,0,0,47.56,118.69,131.26,231.16,226.8,240.81,188.27,203.43,0,0,0,0,0,0,0,87.13,127.31,215.68,186.92,376.54,0,508,,,,,508,85,,32543831.4,,434,,
2,0,0,0,0,0,0,0,0,0,0,0,0,0,0,0,0,0,0,0,0,0,0,0,0,0,0,0,0,0,0,0,0,0,0,0,0,0,0,0,0,0,0,0,0,0,0,0,0,0,0,0,0,0,0,0,0,0,0,0,0,0,0,0,0,0,0,0,0,0,0,0,0,0,0,0,0,0,0,0,0,47.77,0,146.32,19.21,0,0,159.19,180.9,181.52,162.72,149.95,164.18,0,0,222.02,222.43,404.47,334.38,152.55,224.41,176.85,201.98,284.53,249.85,261.17,174.25,303.64,285.99,248.91,257.64,286.51,317.35,322.54,542.79,312.78,355.04,303.74,399.28,270.62,283.39,348.71,529.09,276.33,337.39,277.99,257.12,283.6,381,591.39,235.73,254.21,279.34,293.98,264.7,267.61,373.11,307.17,434.38,308.31,484.54,451.62,406.65,311.74,317.35,349.64,387.55,291.91,301.88,448.81,413.4,326.59,368.65,329.29,455.98,441.96,376.02,337.29,476.13,299.07,884.34,746.64,413.3,328.25,412.05,624.62,691.5,548.09,525.87,485.78,444.25,479.55,495.65,524.72,486.41,681.32,621.51,552.76,427.84,441.34,336.46,486.61,424.72,504.06,486.61,439.57,568.24,398.35,442.58,474.36,671.87,567.82,419.32,528.67,672.6,773.54,700.33,988.8,669.28,615.59,389.42,514.34,467.71,406.03,584.64,616.42,426.59,867.41,667.3,566.99,509.77,648.71,618.08,495.65,462,629.82,566.68,548.71,489.21,455.67,474.15,470.73,438.33,0,0,0,0,0,0,0,0,0,0,0,0,0,0,0,0,0,0,0,0,0,0,0,0,0,40.81,112.15,131.26,225.24,220.46,228.77,182.35,203.43,0,0,0,0,0,0,0,85.15,127.31,208.52,181.1,362.21,0,506,,,,,506,86,,31648638.8,,432,,
2,0,0,0,0,0,0,0,0,0,0,0,0,0,0,0,0,0,0,0,0,0,0,0,0,0,0,0,0,0,0,0,0,0,0,0,0,0,0,0,0,0,0,0,0,0,0,0,0,0,0,0,0,0,0,0,0,0,0,0,0,0,0,0,0,0,0,0,0,0,0,0,0,0,0,0,0,0,0,0,0,0,0,135.62,0,0,0,131.26,167.71,162.62,155.66,30.53,105.4,0,0,200.94,196.68,398.24,311.01,152.55,224.41,176.85,201.98,266.88,233.03,253.8,170.51,295.44,285.99,248.91,257.64,274.04,301.15,322.54,513.82,312.78,338.74,290.76,390.87,270.62,274.25,329.71,514.65,276.33,325.97,277.99,247.56,273.94,367.19,577.48,231.47,254.21,261.06,272.49,264.7,260.44,349.12,293.57,390.87,296.16,471.76,429.5,385.78,299.07,308.31,337.49,382.15,286.3,296.37,429.4,390.87,318.18,368.65,329.29,449.54,441.96,369.79,337.29,466.16,292.01,870.94,732,404.78,328.25,385.26,610.6,685.27,531.79,517.98,479.97,434.17,471.25,489.63,509.46,486.41,668.76,605.72,524,413.82,441.34,336.46,486.61,417.25,497.73,480.07,439.57,568.24,398.35,424.2,467.71,671.87,555.67,419.32,518.81,650.69,702.92,675.61,988.8,669.28,603.54,389.42,508.21,467.71,398.14,572.18,604.06,426.59,854.64,667.3,559.31,503.23,648.71,618.08,479.34,462,629.82,561.28,548.71,489.21,455.67,467.51,458.99,428.77,0,0,0,0,0,0,0,0,0,0,0,0,0,0,0,0,0,0,0,0,0,0,0,0,0,11.53,105.71,119.42,222.12,220.46,228.77,182.35,203.43,0,0,0,0,0,0,0,75.49,120.98,208.52,171.86,362.21,0,504,,,,,504,87,,30523533.8,,430,,
2,0,0,0,0,0,0,0,0,0,0,0,0,0,0,0,0,0,0,0,0,0,0,0,0,0,0,0,0,0,0,0,0,0,0,0,0,0,0,0,0,0,0,0,0,0,0,0,0,0,0,0,0,0,0,0,0,0,0,0,0,0,0,0,0,0,0,0,0,0,0,0,0,0,0,0,0,0,0,0,0,0,0,70.61,0,0,0,0,133.34,150.57,145.17,0,0,0,0,176.95,179.55,392.64,303.64,152.55,218.8,170.72,201.98,255.46,211.84,248.5,166.15,286.92,266.67,230.85,257.64,258.99,301.15,318.49,506.14,304.68,337.7,286.19,390.87,255.98,255.77,323.79,506.45,276.33,319.74,271.34,247.56,273.94,367.19,567.82,220.88,254.21,261.06,266.78,252.96,252.24,349.12,289.31,377.79,296.16,449.75,412.47,385.78,293.26,308.31,331.26,382.15,286.3,290.66,429.4,377.99,303.64,368.65,310.6,439.78,431.47,357.74,329.29,466.16,285.99,860.87,732,392.84,328.25,385.26,610.6,680.91,518.18,517.98,472.91,434.17,448.92,474.57,505.62,476.85,646.12,562.52,490.87,413.82,427.63,329.91,468.65,413.3,487.76,480.07,421.4,560.76,385.37,424.2,467.71,658.89,533.86,419.32,518.81,630.44,702.92,670.31,970.32,660.76,579.14,389.42,495.86,451.51,391.18,562.73,597.83,419.74,844.36,663.05,559.31,503.23,618.81,618.08,479.34,462,629.82,561.28,541.44,489.21,448.61,467.51,449.85,428.77,0,0,0,0,0,0,0,0,0,0,0,0,0,0,0,0,0,0,0,0,0,0,0,0,0,0,99.28,119.42,214.85,213.82,228.77,177.78,186.71,0,0,0,0,0,0,0,75.49,113.81,195.54,171.86,354.42,0,502,,,,,502,88,,28906633.4,,428,,
2,0,0,0,0,0,0,0,0,0,0,0,0,0,0,0,0,0,0,0,0,0,0,0,0,0,0,0,0,0,0,0,0,0,0,0,0,0,0,0,0,0,0,0,0,0,0,0,0,0,0,0,0,0,0,0,0,0,0,0,0,0,0,0,0,0,0,0,0,0,0,0,0,0,0,0,0,0,0,0,0,0,0,51.4,0,0,0,0,80.38,136.04,145.17,0,0,0,0,148.7,154,392.64,286.3,138.84,211.84,170.72,193.05,229.7,191.07,243,160.34,274.77,266.67,228.35,246.84,243.2,285.16,311.95,486.2,304.68,317.56,286.19,374.88,255.98,255.77,317.04,495.44,265.01,311.64,261.38,247.56,273.94,359.51,548.3,220.88,254.21,255.56,266.78,252.96,246.63,333.24,282.98,370.62,285.16,435.42,370.52,379.03,282.14,300.42,318.39,378.62,254.63,282.77,422.75,372.28,298.45,357.02,310.6,439.78,428.98,357.74,329.29,466.16,279.03,834.91,709.67,392.84,328.25,385.26,596.07,656.3,502.61,517.98,472.91,428.25,448.92,474.57,498.66,476.85,634.28,551.83,476.54,397.31,427.63,316.31,468.65,413.3,481.94,467.71,408.63,560.76,385.37,416.62,458.89,641.97,533.86,408,518.81,630.44,702.92,653.8,951.63,660.76,571.25,384.43,495.86,451.51,391.18,562.73,592.12,419.74,844.36,650.58,559.31,503.23,615.38,609.15,479.34,455.15,609.25,542.07,528.15,489.21,441.96,467.51,449.85,428.77,0,0,0,0,0,0,0,0,0,0,0,0,0,0,0,0,0,0,0,0,0,0,0,0,0,0,92.94,119.42,210.28,213.82,216.52,177.78,186.71,0,0,0,0,0,0,0,65.01,113.81,195.54,171.86,343.62,0,500,,,,,500,89,,27399495.2,,426,,
2,0,0,0,0,0,0,0,0,0,0,0,0,0,0,0,0,0,0,0,0,0,0,0,0,0,0,0,0,0,0,0,0,0,0,0,0,0,0,0,0,0,0,0,0,0,0,0,0,0,0,0,0,0,0,0,0,0,0,0,0,0,0,0,0,0,0,0,0,0,0,0,0,0,0,0,0,0,0,0,0,0,0,0,0,0,0,0,24.51,130.12,130.74,0,0,0,0,44.13,108.41,379.14,274.15,135.41,112.36,133.86,193.05,173.63,160.54,236.04,149.22,263.56,211.01,228.35,246.84,238.53,277.37,307.38,486.2,303.43,317.56,280.59,369.27,251.61,242.89,306.13,490.04,265.01,304.16,261.38,243.2,243.51,344.14,532.93,206.55,249.23,241.44,255.87,247.67,246.63,318.49,282.98,347.67,272.28,419.74,356.6,373.63,274.25,300.42,318.39,364.91,247.88,271.86,422.75,352.24,292.11,350.89,302.91,433.45,421.19,357.74,318.18,466.16,279.03,817.98,709.67,375.81,328.25,385.26,588.28,656.3,502.61,510.29,472.91,417.77,448.92,471.25,481.11,476.85,634.28,537.81,468.96,377.16,408.73,316.31,462.73,413.3,472.7,458.68,398.35,544.87,370.93,408.11,441.55,634.28,529.29,397.31,498.24,630.44,702.92,644.04,951.63,660.76,551.31,384.43,488.28,451.51,391.18,545.39,579.97,415.79,826.39,650.58,559.31,492.43,597.73,601.47,461.17,455.15,609.25,542.07,528.15,486.2,441.96,458.37,449.85,428.77,0,0,0,0,0,0,0,0,0,0,0,0,0,0,0,0,0,0,0,0,0,0,0,0,0,0,81.21,104.78,204.57,210.08,216.52,177.78,186.71,0,0,0,0,0,0,0,65.01,106.65,195.54,171.86,343.62,0,498,,,,,498,90,,26151421.8,,424,,
2,0,0,0,0,0,0,0,0,0,0,0,0,0,0,0,0,0,0,0,0,0,0,0,0,0,0,0,0,0,0,0,0,0,0,0,0,0,0,0,0,0,0,0,0,0,0,0,0,0,0,0,0,0,0,0,0,0,0,0,0,0,0,0,0,0,0,0,0,0,0,0,0,0,0,0,0,0,0,0,0,0,0,0,0,0,0,0,0,107.37,130.74,0,0,0,0,0,13.5,357.95,186.71,117.45,0,128.56,174.77,86.09,47.35,201.56,149.22,230.12,0,206.44,243,220.25,277.37,301.98,486.2,303.43,300.11,271.14,369.27,244.24,231.68,299.28,479.76,257.53,304.16,254.94,235.62,243.51,330.95,508.32,206.55,249.23,236.97,238.11,247.67,243.72,312.57,282.98,347.67,272.28,405.3,343.72,356.39,259.2,292.43,304.68,357.12,235.73,266.26,401.46,346.53,277.26,340.61,298.14,423.48,409.87,350.99,313.3,451.51,279.03,800.22,696.79,370.72,322.64,372.49,588.28,642.07,491.18,503.44,455.56,417.77,435.52,463.98,475.61,468.86,628.36,528.67,468.96,377.16,408.73,316.31,454.21,404.89,462,444.66,398.35,544.87,366.99,408.11,437.91,622.23,529.29,397.31,498.24,630.44,702.92,628.88,929.82,644.98,535.42,384.43,482.67,451.51,376.33,545.39,572.91,415.79,826.39,650.58,552.45,492.43,597.73,601.47,461.17,455.15,609.25,539.16,517.87,486.2,441.96,458.37,449.85,423.06,0,0,0,0,0,0,0,0,0,0,0,0,0,0,0,0,0,0,0,0,0,0,0,0,0,0,74.46,104.78,196.68,204.78,216.52,161.89,186.71,0,0,0,0,0,0,0,65.01,106.65,177.57,160.13,335.94,0,496,,,,,496,91,,24771653,,422,,
2,0,0,0,0,0,0,0,0,0,0,0,0,0,0,0,0,0,0,0,0,0,0,0,0,0,0,0,0,0,0,0,0,0,0,0,0,0,0,0,0,0,0,0,0,0,0,0,0,0,0,0,0,0,0,0,0,0,0,0,0,0,0,0,0,0,0,0,0,0,0,0,0,0,0,0,0,0,0,0,0,0,0,0,0,0,0,0,0,50.88,110.91,0,0,0,0,0,0,323.79,143.93,0,0,55.25,114.54,0,0,152.24,123.89,117.34,0,113.09,227.21,158.26,257.64,294.81,362.1,294.71,300.11,271.14,369.27,229.6,227.94,280.38,462.42,255.35,285.26,249.12,235.62,243.51,330.95,498.66,206.55,242.58,236.97,238.11,224.3,236.76,306.13,270.72,342.37,264.7,393.88,327.21,350.68,259.2,281,300.42,357.12,235.73,254,401.46,320.98,273.11,331.89,292.22,417.14,386.92,350.99,313.3,451.51,276.43,779.14,684.65,362.21,322.64,360.13,583.6,636.25,482.88,503.44,455.56,410.6,424.2,463.98,475.61,459.93,624.62,507.9,460.34,371.45,401.77,305.51,454.21,395.34,448.92,428.36,382.87,540.3,366.99,401.46,437.91,622.23,529.29,388.79,491.18,630.44,702.92,619.12,929.82,644.98,519.53,378.72,467.51,440.51,376.33,534.9,572.91,415.79,814.55,650.58,552.45,492.43,591.29,601.47,448.61,443.62,602.3,526.8,517.87,486.2,441.96,458.37,443.31,419.32,0,0,0,0,0,0,0,0,0,0,0,0,0,0,0,0,0,0,0,0,0,0,0,0,0,0,74.46,99.07,181.21,204.78,204.78,161.89,183.29,0,0,0,0,0,0,0,52.55,100.31,177.57,160.13,323.58,0,494,,,,,494,92,,23043118.2,,420,,
2,0,0,0,0,0,0,0,0,0,0,0,0,0,0,0,0,0,0,0,0,0,0,0,0,0,0,0,0,0,0,0,0,0,0,0,0,0,0,0,0,0,0,0,0,0,0,0,0,0,0,0,0,0,0,0,0,0,0,0,0,0,0,0,0,0,0,0,0,0,0,0,0,0,0,0,0,0,0,0,0,0,0,0,0,0,0,0,0,0,85.98,0,0,0,0,0,0,292.32,0,0,0,0,0,0,0,0,76.12,0,0,0,0,0,235.83,286.71,349.54,294.71,286.09,262.73,350.58,229.6,220.98,269.48,405.2,255.35,285.26,243.93,235.62,233.75,324.41,473.53,206.55,226.69,231.99,232.09,224.3,236.76,288.58,268.75,295.13,253.59,375.29,315.48,344.97,244.03,281,292.22,348.5,222.33,249.54,395.34,308.42,263.14,320.15,284.53,406.24,349.44,350.99,313.3,451.51,272.8,757.75,628.67,362.21,315.27,360.13,572.8,626.91,464.18,497,446.95,410.6,424.2,463.98,464.18,459.93,616.94,495.34,443.41,371.45,387.44,297.62,446.95,395.34,438.74,428.36,375.6,533.86,366.99,387.86,427.84,622.23,516.31,388.79,491.18,524.83,702.92,594.2,678.93,644.98,508.94,378.72,467.51,440.51,376.33,522.65,567.61,415.79,801.99,638.85,551,492.43,591.29,594.4,428.77,443.62,602.3,515.9,507.49,457.33,441.96,450.48,439.47,419.32,0,0,0,0,0,0,0,0,0,0,0,0,0,0,0,0,0,0,0,0,0,0,0,0,0,0,58.67,93.98,179.44,204.78,204.78,161.89,177.16,0,0,0,0,0,0,0,43.41,100.31,170.72,160.13,318.18,0,492,,,,,492,93,,21831225,,418,,
2,0,0,0,0,0,0,0,0,0,0,0,0,0,0,0,0,0,0,0,0,0,0,0,0,0,0,0,0,0,0,0,0,0,0,0,0,0,0,0,0,0,0,0,0,0,0,0,0,0,0,0,0,0,0,0,0,0,0,0,0,0,0,0,0,0,0,0,0,0,0,0,0,0,0,0,0,0,0,0,0,0,0,0,0,0,0,0,0,0,53.38,0,0,0,0,0,0,252.34,0,0,0,0,0,0,0,0,0,0,0,0,0,0,18.69,234.06,337.18,291.8,274.77,253.69,350.58,217.97,220.98,261.58,375.5,236.56,282.14,243.93,233.13,233.75,310.7,457.85,202.29,221.81,214.23,224.82,216.52,224.62,271.66,256.29,269.16,247.46,361.07,311.12,337.7,240.3,281,267.61,343.21,222.33,238.43,395.34,308.42,256.08,314.34,284.53,398.14,296.68,344.87,313.3,451.51,272.8,745.08,559.1,345.7,315.27,360.13,572.8,620.47,458.58,490.35,446.95,399.9,409.04,442.58,448.71,447.26,607.9,480.8,443.41,349.44,387.44,287.34,439.88,395.34,429.92,409.67,375.6,521.71,353.9,387.86,416.93,622.23,516.31,383.08,491.18,510.6,702.92,578.93,663.67,629.71,490.04,378.72,460.45,434.69,376.33,522.65,551.41,415.79,796.38,638.85,551,492.43,582.15,590.46,421.92,443.62,602.3,515.9,507.49,457.33,441.96,450.48,439.47,419.32,0,0,0,0,0,0,0,0,0,0,0,0,0,0,0,0,0,0,0,0,0,0,0,0,0,0,56.39,87.64,173.52,196.06,204.78,154.73,177.16,0,0,0,0,0,0,0,38.11,100.31,170.72,152.44,318.18,0,490,,,,,490,94,,20312047.8,,416,,
2,0,0,0,0,0,0,0,0,0,0,0,0,0,0,0,0,0,0,0,0,0,0,0,0,0,0,0,0,0,0,0,0,0,0,0,0,0,0,0,0,0,0,0,0,0,0,0,0,0,0,0,0,0,0,0,0,0,0,0,0,0,0,0,0,0,0,0,0,0,0,0,0,0,0,0,0,0,0,0,0,0,0,0,0,0,0,0,0,0,0,0,0,0,0,0,0,53.69,0,0,0,0,0,0,0,0,0,0,0,0,0,0,0,0,244.66,291.8,266.46,246.63,341.65,217.97,215.48,238.01,342.06,236.56,274.04,220.15,228.56,224.2,305.3,435.11,194.4,218.18,214.23,221.71,216.52,224.62,263.56,256.29,269.16,240.61,356.29,311.12,329.08,235.1,273.73,267.61,343.21,216.62,230.33,376.95,287.44,256.08,300.94,284.53,386.72,296.68,344.87,313.3,448.3,272.8,733.87,520.36,341.44,315.27,354.52,556.71,615.8,442.27,482.77,425.24,393.78,404.58,442.58,448.71,447.26,599.18,473.74,431.78,349.44,375.71,287.34,428.77,386.2,429.92,409.67,362.94,521.71,338.12,377.27,404.99,611.23,516.31,376.02,481.21,495.13,566.37,573.22,663.67,623.27,490.04,376.85,450.68,428.25,360.55,505.62,551.41,415.79,785.37,632.62,551,492.43,582.15,590.46,421.92,443.62,595.96,510.08,492.84,457.33,441.96,450.48,439.47,412.78,0,0,0,0,0,0,0,0,0,0,0,0,0,0,0,0,0,0,0,0,0,0,0,0,0,0,56.39,81.41,161.79,196.06,188.17,154.73,170.72,0,0,0,0,0,0,0,0,100.31,168.23,152.44,308.73,0,488,,,,,488,95,,18526381.8,,414,,
2,0,0,0,0,0,0,0,0,0,0,0,0,0,0,0,0,0,0,0,0,0,0,0,0,0,0,0,0,0,0,0,0,0,0,0,0,0,0,0,0,0,0,0,0,0,0,0,0,0,0,0,0,0,0,0,0,0,0,0,0,0,0,0,0,0,0,0,0,0,0,0,0,0,0,0,0,0,0,0,0,0,0,0,0,0,0,0,0,0,0,0,0,0,0,0,0,53.69,0,0,0,0,0,0,0,0,0,0,0,0,0,0,0,0,0,291.8,258.57,227.94,328.77,203.53,200.32,227.21,313.61,236.56,267.71,220.15,219.63,209.14,298.55,416.52,187.34,218.18,214.23,216,212.15,224.62,258.78,253.48,201.15,233.86,344.97,287.44,329.08,230.74,273.73,260.34,334.38,212.36,227.21,376.95,272.07,241.85,295.64,271.86,379.86,287.54,338.74,306.34,448.3,272.8,723.9,499.59,341.44,309.77,354.52,551.1,603.65,423.37,482.77,419.53,391.08,398.87,436.35,439.47,447.26,584.02,461.9,416.83,344.66,362.73,281.63,423.06,386.2,386.3,409.67,347.98,509.77,338.12,370,404.99,600.22,508.42,368.96,467.2,495.13,566.37,560.66,651.62,623.27,480.9,376.85,444.87,422.54,360.55,505.62,536.98,410.5,774.16,626.8,541.55,489.94,561.8,567.61,404.47,443.62,579.14,498.97,483.08,436.87,441.96,436.67,430.33,412.78,0,0,0,0,0,0,0,0,0,0,0,0,0,0,0,0,0,0,0,0,0,0,0,0,0,0,42.89,66.98,148.91,190.03,188.17,148.19,170.72,0,0,0,0,0,0,0,0,90.24,161.89,146.52,295.64,0,486,,,,,486,96,,17002583.6,,412,,
2,0,0,0,0,0,0,0,0,0,0,0,0,0,0,0,0,0,0,0,0,0,0,0,0,0,0,0,0,0,0,0,0,0,0,0,0,0,0,0,0,0,0,0,0,0,0,0,0,0,0,0,0,0,0,0,0,0,0,0,0,0,0,0,0,0,0,0,0,0,0,0,0,0,0,0,0,0,0,0,0,0,0,0,0,0,0,0,0,0,0,0,0,0,0,0,0,0,0,0,0,0,0,0,0,0,0,0,0,0,0,0,0,0,0,267.81,248.91,198.34,298.97,203.53,200.32,227.21,298.86,226.9,267.71,212.78,213.09,203.74,298.55,379.65,187.34,210.08,195.43,194.92,199.59,224.62,244.86,240.92,192.63,222.85,323.68,281.63,304.16,224.93,220.36,250.06,323.79,202.29,217.14,365.01,256.18,241.85,288.48,271.86,362.94,277.47,338.74,286.82,439.88,269.27,709.88,476.54,323.16,309.77,354.52,535.21,593.68,410.6,473.22,404.16,379.14,398.87,428.98,420.57,434.59,571.35,455.77,416.83,327.84,354.42,281.63,423.06,386.2,386.3,398.14,347.98,505.2,338.12,370,396.89,600.22,498.04,368.96,467.2,474.57,566.37,536.46,640.72,623.27,480.9,376.85,435.32,422.54,360.55,497.31,528.36,397.93,745.39,626.8,541.55,489.94,561.8,558.16,398.35,443.62,579.14,493.99,483.08,436.87,441.96,436.67,430.33,412.78,0,0,0,0,0,0,0,0,0,0,0,0,0,0,0,0,0,0,0,0,0,0,0,0,0,0,19.83,66.98,148.91,180.69,185.15,148.19,166.67,0,0,0,0,0,0,0,0,90.24,154.83,146.52,295.64,0,484,,,,,484,97,,15669879.8,,410,,
2,0,0,0,0,0,0,0,0,0,0,0,0,0,0,0,0,0,0,0,0,0,0,0,0,0,0,0,0,0,0,0,0,0,0,0,0,0,0,0,0,0,0,0,0,0,0,0,0,0,0,0,0,0,0,0,0,0,0,0,0,0,0,0,0,0,0,0,0,0,0,0,0,0,0,0,0,0,0,0,0,0,0,0,0,0,0,0,0,0,0,0,0,0,0,0,0,0,0,0,0,0,0,0,0,0,0,0,0,0,0,0,0,0,0,188.27,211.22,0,225.34,178.3,169.06,206.03,298.86,211.63,253.9,205.4,213.09,192.73,284.95,373.74,180.59,210.08,187.54,194.92,195.33,205.09,237.6,236.25,185.47,210.7,317.76,275.81,297.41,224.93,211.12,250.06,323.79,202.29,202.91,365.01,256.18,237.28,277.06,260.13,352.97,277.47,338.74,286.82,433.86,269.27,692.54,406.45,323.16,293.78,341.75,522.34,582.46,410.6,468.13,404.16,379.14,388.27,428.98,409.04,434.59,546.12,441.86,408.21,321.4,354.42,276.23,413.09,380.49,386.3,380.8,333.76,487.65,330.95,351.72,396.89,600.22,479.97,368.96,467.2,458.47,548.51,536.46,634.18,623.27,466.16,370.1,423.48,416.83,356.08,490.56,528.36,383.29,730.75,617.25,541.55,489.94,561.8,552.66,380.17,443.62,572.49,493.99,483.08,428.67,441.96,436.67,430.33,412.78,0,0,0,0,0,0,0,0,0,0,0,0,0,0,0,0,0,0,0,0,0,0,0,0,0,0,0,38.21,137.91,180.69,185.15,148.19,166.67,0,0,0,0,0,0,0,0,90.24,154.83,140.09,286.4,0,482,,,,,482,98,,14768409.4,,408,,
2,0,0,0,0,0,0,0,0,0,0,0,0,0,0,0,0,0,0,0,0,0,0,0,0,0,0,0,0,0,0,0,0,0,0,0,0,0,0,0,0,0,0,0,0,0,0,0,0,0,0,0,0,0,0,0,0,0,0,0,0,0,0,0,0,0,0,0,0,0,0,0,0,0,0,0,0,0,0,0,0,0,0,0,0,0,0,0,0,0,0,0,0,0,0,0,0,0,0,0,0,0,0,0,0,0,0,0,0,0,0,0,0,0,0,84.74,88.68,0,0,87.13,30.32,186.3,287.13,208.83,248.29,192.32,205.92,185.99,279.03,339.78,169.37,210.08,187.54,183.29,183.49,205.09,224.82,225.03,168.23,203.95,308.21,268.54,285.05,224.93,204.78,236.97,309.56,202.29,202.91,360.34,243.2,237.28,262.83,250.58,340.82,277.47,338.74,286.82,424.2,266.57,664.08,376.75,323.16,293.78,336.04,516.73,573.22,386.3,462.42,390.25,369.69,388.27,412.57,409.04,434.59,534.8,436.15,399.9,318.07,346.42,266.88,406.03,367.82,386.3,380.8,333.76,487.65,322.54,351.72,381.21,600.22,475.71,358.89,448.92,447.36,457.23,536.46,634.18,591.19,466.16,370.1,418.08,388.59,356.08,476.96,512.78,368.23,730.75,617.25,531.16,489.94,538.54,535.42,371.76,428.77,572.49,487.24,471.35,428.67,424.83,424.83,421.61,400.32,0,0,0,0,0,0,0,0,0,0,0,0,0,0,0,0,0,0,0,0,0,0,0,0,0,0,0,0,137.91,170.93,176.43,133.44,155.97,0,0,0,0,0,0,0,0,82.87,146.42,140.09,276.43,0,480,,,,,480,99,,13670173.8,,406,,
2,0,0,0,0,0,0,0,0,0,0,0,0,0,0,0,0,0,0,0,0,0,0,0,0,0,0,0,0,0,0,0,0,0,0,0,0,0,0,0,0,0,0,0,0,0,0,0,0,0,0,0,0,0,0,0,0,0,0,0,0,0,0,0,0,0,0,0,0,0,0,0,0,0,0,0,0,0,0,0,0,0,0,0,0,0,0,0,0,0,0,0,0,0,0,0,0,0,0,0,0,0,0,0,0,0,0,0,0,0,0,0,0,0,0,0,0,0,0,0,0,0,262.73,199.07,248.29,185.05,205.92,166.57,267.71,293.78,167.81,189.72,179.55,183.29,183.49,205.09,218.9,225.03,158.26,203.95,284.12,268.54,265.95,205.61,197.41,221.71,300.11,193.67,189.93,336.35,243.2,224.51,262.83,250.58,333.24,268.65,327.52,286.82,424.2,266.57,646.43,363.35,323.16,289.93,336.04,497.1,573.22,379.03,454.73,390.25,369.69,381,412.57,409.04,423.48,511.85,431.89,388.07,305.09,335.52,266.88,406.03,367.82,357.22,366.88,320.26,487.65,317.76,351.72,381.21,586.72,469.27,351.41,448.92,439.88,457.23,522.02,609.98,591.19,466.16,370.1,412.57,388.59,346.74,467.4,512.78,368.23,730.75,617.25,523.58,485.78,538.54,523.37,368.23,428.77,572.49,481.21,459.2,423.06,424.83,424.83,412.37,400.32,0,0,0,0,0,0,0,0,0,0,0,0,0,0,0,0,0,0,0,0,0,0,0,0,0,0,0,0,118.49,168.44,168.54,133.44,155.97,0,0,0,0,0,0,0,0,74.14,146.42,140.09,270.41,0,478,,,,,478,100,,13067789.6,,404,,
2,0,0,0,0,0,0,0,0,0,0,0,0,0,0,0,0,0,0,0,0,0,0,0,0,0,0,0,0,0,0,0,0,0,0,0,0,0,0,0,0,0,0,0,0,0,0,0,0,0,0,0,0,0,0,0,0,0,0,0,0,0,0,0,0,0,0,0,0,0,0,0,0,0,0,0,0,0,0,0,0,0,0,0,0,0,0,0,0,0,0,0,0,0,0,0,0,0,0,0,0,0,0,0,0,0,0,0,0,0,0,0,0,0,0,0,0,0,0,0,0,0,193.46,194.08,242.27,185.05,199.59,159.5,258.78,273.32,167.81,189.72,179.55,170.62,172.38,197.93,204.57,213.82,149.74,198.45,273.01,261.27,252.76,205.61,197.41,204.37,300.11,184.53,189.93,325.66,243.2,224.51,250.58,243.62,318.8,255.66,327.52,275.08,424.2,266.57,632.62,333.03,291.39,289.93,330.43,476.96,556.09,372.18,447.57,390.25,369.69,367.09,403.64,393.78,412.16,493.47,408.73,380.69,288.48,325.45,266.88,400.32,355.04,357.22,366.88,320.26,481.21,310.7,330.54,373.94,573.53,457.75,351.41,439.05,370.2,449.85,522.02,609.98,591.19,444.14,359.82,404.68,382.46,346.74,460.45,500.84,368.23,703.54,608.22,523.58,485.78,538.54,513.93,368.23,428.77,560.45,474.36,459.2,410.39,424.83,424.83,412.37,400.32,0,0,0,0,0,0,0,0,0,0,0,0,0,0,0,0,0,0,0,0,0,0,0,0,0,0,0,0,118.49,162.72,166.67,133.44,147.35,0,0,0,0,0,0,0,0,74.14,146.42,133.44,270.41,0,476,,,,,476,101,,12052411.8,,402,,
2,0,0,0,0,0,0,0,0,0,0,0,0,0,0,0,0,0,0,0,0,0,0,0,0,0,0,0,0,0,0,0,0,0,0,0,0,0,0,0,0,0,0,0,0,0,0,0,0,0,0,0,0,0,0,0,0,0,0,0,0,0,0,0,0,0,0,0,0,0,0,0,0,0,0,0,0,0,0,0,0,0,0,0,0,0,0,0,0,0,0,0,0,0,0,0,0,0,0,0,0,0,0,0,0,0,0,0,0,0,0,0,0,0,0,0,0,0,0,0,0,0,0,163.24,229.91,161.69,191.18,159.5,252.86,266.57,167.81,189.72,163.87,160.65,146.63,188.06,196.58,206.86,124.51,193.25,253.9,249.95,239.46,205.61,193.15,204.37,288.27,184.53,187.65,324.2,224.51,224.51,250.58,233.44,305.41,249.12,327.52,275.08,418.08,266.57,608.73,312.26,291.39,289.93,330.43,462.11,556.09,361.07,441.86,368.54,354.42,367.09,396.37,393.78,412.16,473.32,396.06,374.15,280.69,325.45,266.88,386.2,355.04,357.22,348.61,308.83,481.21,303.54,330.54,373.94,568.65,449.65,341.23,439.05,363.77,432.72,522.02,593.47,591.19,444.14,359.82,404.68,382.46,346.74,441.13,489.21,363.25,691.39,608.22,523.58,485.78,529.61,485.89,368.23,428.77,546.84,474.36,447.46,404.89,424.83,424.83,412.37,400.32,0,0,0,0,0,0,0,0,0,0,0,0,0,0,0,0,0,0,0,0,0,0,0,0,0,0,0,0,115.06,152.86,149.12,128.46,141.23,0,0,0,0,0,0,0,0,68.74,131.26,124.51,267.19,0,474,,,,,474,102,,11250809.6,,400,,
2,0,0,0,0,0,0,0,0,0,0,0,0,0,0,0,0,0,0,0,0,0,0,0,0,0,0,0,0,0,0,0,0,0,0,0,0,0,0,0,0,0,0,0,0,0,0,0,0,0,0,0,0,0,0,0,0,0,0,0,0,0,0,0,0,0,0,0,0,0,0,0,0,0,0,0,0,0,0,0,0,0,0,0,0,0,0,0,0,0,0,0,0,0,0,0,0,0,0,0,0,0,0,0,0,0,0,0,0,0,0,0,0,0,0,0,0,0,0,0,0,0,0,0,221.4,161.69,179.96,140.4,229.7,238.95,160.75,171.65,157.74,160.65,146.63,180.59,196.58,201.25,76.12,186.5,248.29,238.84,211.22,195.64,186.09,191.49,280.38,184.53,184.43,310.08,210.28,207.48,237.6,233.44,295.96,249.12,319.01,269.16,409.77,260.23,599.18,301.88,291.39,286.19,317.76,436.35,548.82,339.36,428.98,368.54,354.42,359.92,386.4,393.78,393.67,459.2,381.94,374.15,270.31,325.45,261.58,386.2,349.44,312.88,348.61,308.83,471.25,291.8,324.72,366.47,568.65,435.11,341.23,423.68,348.09,432.72,522.02,573.22,568.13,435.11,359.82,391.7,371.76,335.73,424,481.01,363.25,678.93,592.64,523.58,485.78,529.61,485.89,357.22,428.77,546.84,467.82,447.46,404.89,424.83,417.04,412.37,394.09,0,0,0,0,0,0,0,0,0,0,0,0,0,0,0,0,0,0,0,0,0,0,0,0,0,0,0,0,98.24,145.9,149.12,119.42,141.23,0,0,0,0,0,0,0,0,62.41,131.26,124.51,243.83,0,472,,,,,472,103,,10190375.4,,398,,
2,0,0,0,0,0,0,0,0,0,0,0,0,0,0,0,0,0,0,0,0,0,0,0,0,0,0,0,0,0,0,0,0,0,0,0,0,0,0,0,0,0,0,0,0,0,0,0,0,0,0,0,0,0,0,0,0,0,0,0,0,0,0,0,0,0,0,0,0,0,0,0,0,0,0,0,0,0,0,0,0,0,0,0,0,0,0,0,0,0,0,0,0,0,0,0,0,0,0,0,0,0,0,0,0,0,0,0,0,0,0,0,0,0,0,0,0,0,0,0,0,0,0,0,191.59,123.89,143.93,96.16,165.74,124.51,150.16,164.9,136.97,147.77,132.3,180.59,182.25,195.64,58.57,180.27,242.68,232.71,211.22,190.14,186.09,179.24,280.38,179.03,163.55,303.12,204.57,207.48,219.42,221.29,280.69,241.75,319.01,257.43,409.77,260.23,582.57,294.71,285.99,282.87,317.76,428.15,523.27,332.51,417.45,362.73,340.82,350.16,380.28,380.38,350.89,454.94,370.72,361.48,270.31,304.89,261.58,381.11,349.44,305.93,331.47,308.83,471.25,284.12,311.43,354.11,555.88,422.23,341.23,423.68,348.09,414.86,497.62,566.47,568.13,435.11,351.41,380.07,359.09,335.73,417.87,475.3,363.25,666.47,592.64,517.87,485.78,526.91,472.49,351.31,428.77,533.86,462.42,427.32,393.47,424.83,417.04,393.36,394.09,0,0,0,0,0,0,0,0,0,0,0,0,0,0,0,0,0,0,0,0,0,0,0,0,0,0,0,0,98.24,140.29,143.31,119.42,141.23,0,0,0,0,0,0,0,0,62.41,131.26,124.51,243.83,0,470,,,,,470,104,,9016518.4,,396,,
2,0,0,0,0,0,0,0,0,0,0,0,0,0,0,0,0,0,0,0,0,0,0,0,0,0,0,0,0,0,0,0,0,0,0,0,0,0,0,0,0,0,0,0,0,0,0,0,0,0,0,0,0,0,0,0,0,0,0,0,0,0,0,0,0,0,0,0,0,0,0,0,0,0,0,0,0,0,0,0,0,0,0,0,0,0,0,0,0,0,0,0,0,0,0,0,0,0,0,0,0,0,0,0,0,0,0,0,0,0,0,0,0,0,0,0,0,0,0,0,0,0,0,0,0,75.08,0,0,0,0,132.82,164.9,79.75,117.24,132.3,166.25,182.25,188.89,35.51,180.27,223.06,226.9,205.3,190.14,186.09,171.97,254.83,175.19,163.55,293.88,204.57,207.48,211.01,206.75,275.29,231.16,300.01,246.01,400.11,253.9,567.4,272.38,285.99,282.87,302.5,416.93,523.27,326.17,408.94,349.75,340.82,350.16,373.32,380.38,343.72,447.88,356.81,350.99,270.31,304.89,257.64,381.11,329.6,246.53,331.47,286.92,462.73,277.16,300.94,349.02,555.88,404.16,336.97,423.68,340.4,381.21,497.62,545.39,568.13,419.01,351.41,380.07,359.09,329.5,393.47,468.44,363.25,638.02,592.64,517.87,485.78,510.08,451.51,351.31,428.77,533.86,462.42,427.32,382.46,424.83,409.25,393.36,391.49,0,0,0,0,0,0,0,0,0,0,0,0,0,0,0,0,0,0,0,0,0,0,0,0,0,0,0,0,87.96,130.84,140.61,111.84,138.11,0,0,0,0,0,0,0,0,51.09,116.41,111.94,237.39,0,468,,,,,468,105,,8338433.6,,394,,
2,0,0,0,0,0,0,0,0,0,0,0,0,0,0,0,0,0,0,0,0,0,0,0,0,0,0,0,0,0,0,0,0,0,0,0,0,0,0,0,0,0,0,0,0,0,0,0,0,0,0,0,0,0,0,0,0,0,0,0,0,0,0,0,0,0,0,0,0,0,0,0,0,0,0,0,0,0,0,0,0,0,0,0,0,0,0,0,0,0,0,0,0,0,0,0,0,0,0,0,0,0,0,0,0,0,0,0,0,0,0,0,0,0,0,0,0,0,0,0,0,0,0,0,0,0,0,0,0,0,111.74,117.55,0,0,83.18,143.41,156.6,179.65,29.7,160.75,216.1,226.9,192.01,185.36,186.09,171.97,254.83,175.19,163.55,293.88,193.15,207.48,211.01,206.75,262.62,231.16,300.01,232.09,393.26,253.9,539.89,266.67,280.69,275.08,302.5,375.92,513.2,322.12,408.94,343.31,329.71,338.95,363.56,373.63,332.41,412.68,349.75,350.99,237.7,304.89,250.89,366.36,329.6,246.53,305.61,286.92,462.73,277.16,293.26,349.02,542.48,385.99,328.67,411.02,340.4,381.21,497.62,526.49,561.28,419.01,346.74,368.34,350.06,317.87,368.75,460.55,363.25,638.02,592.64,508.63,485.78,510.08,451.51,351.31,424.72,517.25,462.42,414.75,374.25,424.83,409.25,393.36,391.49,0,0,0,0,0,0,0,0,0,0,0,0,0,0,0,0,0,0,0,0,0,0,0,0,0,0,0,0,61.16,122.33,134.48,111.84,138.11,0,0,0,0,0,0,0,0,37.28,116.41,111.94,233.96,0,466,,,,,466,106,,7398421,,392,,
2,0,0,0,0,0,0,0,0,0,0,0,0,0,0,0,0,0,0,0,0,0,0,0,0,0,0,0,0,0,0,0,0,0,0,0,0,0,0,0,0,0,0,0,0,0,0,0,0,0,0,0,0,0,0,0,0,0,0,0,0,0,0,0,0,0,0,0,0,0,0,0,0,0,0,0,0,0,0,0,0,0,0,0,0,0,0,0,0,0,0,0,0,0,0,0,0,0,0,0,0,0,0,0,0,0,0,0,0,0,0,0,0,0,0,0,0,0,0,0,0,0,0,0,0,0,0,0,0,0,0,0,0,0,0,86.81,132.71,117.66,19.63,148.19,193.57,219.53,174.87,171.65,176.95,158.88,254.83,168.12,154,278.72,193.15,207.48,196.37,206.75,250.47,231.16,296.16,222.75,393.26,253.9,529.5,266.67,264.49,275.08,289.83,361.59,504.89,294.5,385.99,343.31,320.26,326.49,357.33,367.92,332.41,405.62,337.18,350.99,237.7,304.89,250.89,366.36,329.6,239.05,305.61,286.92,455.67,258.57,274.04,349.02,529.71,374.88,328.67,401.67,333.34,366.88,483.91,497.83,554.32,419.01,324.31,358.68,350.06,317.87,359.2,454.01,363.25,620.05,592.64,508.63,485.78,510.08,436.04,351.31,424.72,517.25,444.04,414.75,374.25,424.83,402.81,393.36,375.92,0,0,0,0,0,0,0,0,0,0,0,0,0,0,0,0,0,0,0,0,0,0,0,0,0,0,0,0,0,122.33,134.48,105.51,138.11,0,0,0,0,0,0,0,0,0,104.88,111.94,211.74,0,464,,,,,464,107,,6507828.8,,390,,
2,0,0,0,0,0,0,0,0,0,0,0,0,0,0,0,0,0,0,0,0,0,0,0,0,0,0,0,0,0,0,0,0,0,0,0,0,0,0,0,0,0,0,0,0,0,0,0,0,0,0,0,0,0,0,0,0,0,0,0,0,0,0,0,0,0,0,0,0,0,0,0,0,0,0,0,0,0,0,0,0,0,0,0,0,0,0,0,0,0,0,0,0,0,0,0,0,0,0,0,0,0,0,0,0,0,0,0,0,0,0,0,0,0,0,0,0,0,0,0,0,0,0,0,0,0,0,0,0,0,0,0,0,0,0,0,0,0,19.63,148.19,185.36,219.53,166.05,171.65,176.95,153.07,243.72,168.12,154,278.72,180.27,181.21,196.37,206.75,232.4,212.78,289.73,210.49,385.57,252.65,519.64,266.67,264.49,275.08,289.83,335.11,496.79,286.09,385.99,321.81,320.26,326.49,351.2,367.92,323.79,392.84,337.18,341.96,237.7,292.53,250.89,360.75,316.93,239.05,292.53,270.83,444.45,245.28,274.04,335.62,504.37,363.14,328.67,401.67,333.34,354.21,474.78,478.93,547.47,409.87,324.31,349.64,321.81,308.83,328.56,442.27,357.33,607.28,592.64,508.63,485.78,503.33,436.04,344.76,418.7,517.25,444.04,398.66,352.97,411.43,402.81,383.81,375.92,0,0,0,0,0,0,0,0,0,0,0,0,0,0,0,0,0,0,0,0,0,0,0,0,0,0,0,0,0,104.99,117.45,105.51,130.84,0,0,0,0,0,0,0,0,0,104.88,102.08,196.16,0,462,,,,,462,108,,5786159.2,,388,,
2,0,0,0,0,0,0,0,0,0,0,0,0,0,0,0,0,0,0,0,0,0,0,0,0,0,0,0,0,0,0,0,0,0,0,0,0,0,0,0,0,0,0,0,0,0,0,0,0,0,0,0,0,0,0,0,0,0,0,0,0,0,0,0,0,0,0,0,0,0,0,0,0,0,0,0,0,0,0,0,0,0,0,0,0,0,0,0,0,0,0,0,0,0,0,0,0,0,0,0,0,0,0,0,0,0,0,0,0,0,0,0,0,0,0,0,0,0,0,0,0,0,0,0,0,0,0,0,0,0,0,0,0,0,0,0,0,0,0,148.19,179.96,210.08,148.5,171.65,172.38,145.8,243.72,168.12,154,273.11,174.56,181.21,178.4,186.82,214.44,204.78,282.04,200.83,373.32,245.9,504.48,258.36,264.49,266.88,270.72,335.11,491.81,275.39,379.55,321.81,320.26,291.7,351.2,354.42,323.79,369.69,312.05,341.96,217.97,280.59,240.5,355.15,306.96,234.79,292.53,261.58,430.43,245.28,274.04,335.62,496.89,342.48,304.58,401.67,316.52,354.21,467.82,478.93,547.47,392.01,324.31,346.53,321.81,308.83,328.56,442.27,357.33,590.87,575.4,495.13,485.78,489.83,433.97,329.71,418.7,503.64,444.04,398.66,314.75,411.43,394.19,374.67,367.92,0,0,0,0,0,0,0,0,0,0,0,0,0,0,0,0,0,0,0,0,0,0,0,0,0,0,0,0,0,104.99,117.45,99.59,130.84,0,0,0,0,0,0,0,0,0,104.88,102.08,187.02,0,460,,,,,460,109,,4970047.6,,386,,
2,0,0,0,0,0,0,0,0,0,0,0,0,0,0,0,0,0,0,0,0,0,0,0,0,0,0,0,0,0,0,0,0,0,0,0,0,0,0,0,0,0,0,0,0,0,0,0,0,0,0,0,0,0,0,0,0,0,0,0,0,0,0,0,0,0,0,0,0,0,0,0,0,0,0,0,0,0,0,0,0,0,0,0,0,0,0,0,0,0,0,0,0,0,0,0,0,0,0,0,0,0,0,0,0,0,0,0,0,0,0,0,0,0,0,0,0,0,0,0,0,0,0,0,0,0,0,0,0,0,0,0,0,0,0,0,0,0,0,130.84,174.56,210.08,148.5,163.35,172.38,145.8,219.32,162.31,154,262.41,168.95,181.21,178.4,186.82,202.18,204.78,274.46,195.75,373.32,236.97,487.55,247.15,264.49,266.88,270.72,319.01,476.96,269.68,373.11,305.61,300.53,284.53,328.15,354.42,323.79,366.88,312.05,331.68,217.97,280.59,230.74,348.19,306.96,234.79,280.07,249.75,421.19,227.21,265.63,330.12,478.83,342.48,304.58,386.09,316.52,341.75,467.82,461.28,535.11,392.01,315.69,346.53,303.43,299.07,317.76,423.68,350.79,578.31,575.4,495.13,485.78,489.83,433.97,323.16,418.7,493.68,435.21,392.84,304.47,411.43,382.56,374.67,361.79,0,0,0,0,0,0,0,0,0,0,0,0,0,0,0,0,0,0,0,0,0,0,0,0,0,0,0,0,0,91.69,117.45,99.59,120.25,0,0,0,0,0,0,0,0,0,90.66,96.99,177.89,0,458,,,,,458,110,,4198829.6,,384,,
2,0,0,0,0,0,0,0,0,0,0,0,0,0,0,0,0,0,0,0,0,0,0,0,0,0,0,0,0,0,0,0,0,0,0,0,0,0,0,0,0,0,0,0,0,0,0,0,0,0,0,0,0,0,0,0,0,0,0,0,0,0,0,0,0,0,0,0,0,0,0,0,0,0,0,0,0,0,0,0,0,0,0,0,0,0,0,0,0,0,0,0,0,0,0,0,0,0,0,0,0,0,0,0,0,0,0,0,0,0,0,0,0,0,0,0,0,0,0,0,0,0,0,0,0,0,0,0,0,0,0,0,0,0,0,0,0,0,0,117.24,144.03,183.08,128.77,149.85,163.14,145.8,219.32,152.44,144.45,242.27,163.24,181.21,158.88,186.82,202.18,204.78,266.88,192.01,366.26,224.62,470.1,247.15,251.82,266.88,250.99,287.54,471.14,263.25,355.87,305.61,300.53,284.53,328.15,354.42,311.01,355.67,302.29,326.8,204.68,275.19,221.08,339.78,298.45,223.47,260.65,249.75,421.19,227.21,261.69,330.12,473.53,322.44,291.91,376.75,316.52,341.75,456.6,428.15,535.11,386.09,315.69,334.48,295.75,295.02,311.95,414.23,343.93,540.72,575.4,495.13,476.02,477.68,425.45,323.16,418.7,493.68,421.71,392.84,294.81,390.14,382.56,374.67,350.68,0,0,0,0,0,0,0,0,0,0,0,0,0,0,0,0,0,0,0,0,0,0,0,0,0,0,0,0,0,80.89,104.05,90.45,120.25,0,0,0,0,0,0,0,0,0,78.4,90.66,161.89,0,456,,,,,456,111,,3803842.4,,382,,
2,0,0,0,0,0,0,0,0,0,0,0,0,0,0,0,0,0,0,0,0,0,0,0,0,0,0,0,0,0,0,0,0,0,0,0,0,0,0,0,0,0,0,0,0,0,0,0,0,0,0,0,0,0,0,0,0,0,0,0,0,0,0,0,0,0,0,0,0,0,0,0,0,0,0,0,0,0,0,0,0,0,0,0,0,0,0,0,0,0,0,0,0,0,0,0,0,0,0,0,0,0,0,0,0,0,0,0,0,0,0,0,0,0,0,0,0,0,0,0,0,0,0,0,0,0,0,0,0,0,0,0,0,0,0,0,0,0,0,0,84.32,183.08,128.77,149.85,163.14,134.27,210.6,152.44,144.45,211.32,163.24,171.24,158.88,181.31,180.59,193.15,261.06,192.01,359.4,224.62,448.09,247.15,248.4,255.66,250.99,287.54,471.14,263.25,341.75,297.62,291.49,277.58,322.02,340.82,311.01,335.83,295.23,326.8,184.64,275.19,221.08,333.86,290.04,223.47,247.77,239.36,408.32,227.21,249.02,309.66,460.96,322.44,291.91,376.75,316.52,331.99,433.24,417.35,535.11,379.55,309.14,334.48,284.33,295.02,311.95,414.23,335.62,510.19,555.46,485.99,476.02,472.8,425.45,317.04,418.08,482.04,421.71,373.84,279.96,304.68,382.56,374.67,337.81,0,0,0,0,0,0,0,0,0,0,0,0,0,0,0,0,0,0,0,0,0,0,0,0,0,0,0,0,0,0,93.36,90.45,120.25,0,0,0,0,0,0,0,0,0,78.4,90.66,156.39,0,454,,,,,454,112,,3448965,,380,,
2,0,0,0,0,0,0,0,0,0,0,0,0,0,0,0,0,0,0,0,0,0,0,0,0,0,0,0,0,0,0,0,0,0,0,0,0,0,0,0,0,0,0,0,0,0,0,0,0,0,0,0,0,0,0,0,0,0,0,0,0,0,0,0,0,0,0,0,0,0,0,0,0,0,0,0,0,0,0,0,0,0,0,0,0,0,0,0,0,0,0,0,0,0,0,0,0,0,0,0,0,0,0,0,0,0,0,0,0,0,0,0,0,0,0,0,0,0,0,0,0,0,0,0,0,0,0,0,0,0,0,0,0,0,0,0,0,0,0,0,0,84.11,106.44,136.66,155.56,129.18,210.6,152.44,138.32,211.32,151.82,171.24,147.35,167.81,173.73,193.15,248.6,192.01,344.14,204.88,430.64,243.72,241.33,244.97,250.99,282.56,463.15,252.96,332.72,290.35,284.74,268.13,322.02,328.36,306.76,335.83,289.73,319.11,184.64,266.05,209.25,333.86,290.04,223.47,247.77,239.36,385.68,219.73,243.62,309.66,455.36,301.67,286.3,367.09,307.28,320.88,408.21,400.01,535.11,379.55,309.14,320.57,284.33,280.38,311.95,400.22,335.62,493.57,555.46,471.04,476.02,463.35,425.45,317.04,400.42,482.04,421.71,373.84,262.52,299.18,382.56,363.35,330.43,0,0,0,0,0,0,0,0,0,0,0,0,0,0,0,0,0,0,0,0,0,0,0,0,0,0,0,0,0,0,68.95,85.05,120.25,0,0,0,0,0,0,0,0,0,60.13,84.43,156.39,0,452,,,,,452,113,,3074905.2,,378,,
2,0,0,0,0,0,0,0,0,0,0,0,0,0,0,0,0,0,0,0,0,0,0,0,0,0,0,0,0,0,0,0,0,0,0,0,0,0,0,0,0,0,0,0,0,0,0,0,0,0,0,0,0,0,0,0,0,0,0,0,0,0,0,0,0,0,0,0,0,0,0,0,0,0,0,0,0,0,0,0,0,0,0,0,0,0,0,0,0,0,0,0,0,0,0,0,0,0,0,0,0,0,0,0,0,0,0,0,0,0,0,0,0,0,0,0,0,0,0,0,0,0,0,0,0,0,0,0,0,0,0,0,0,0,0,0,0,0,0,0,0,0,0,69.06,147.46,122.02,194.4,149.43,131.99,202.81,139.05,171.24,147.35,167.81,160.34,173.84,242.89,186.61,337.18,191.59,422.85,231.36,241.33,232.2,227.42,277.26,457.85,241.65,313.09,270.83,275.19,263.76,315.89,328.36,299.69,315.69,282.66,309.98,180.27,258.05,209.25,326.8,290.04,211.84,235.73,226.38,373.84,219.73,243.62,302.39,455.36,292.94,279.24,357.74,307.28,320.88,370.93,364.39,511.85,379.55,291.8,308.63,278.3,280.38,286.19,389,335.62,478.41,555.46,471.04,476.02,463.35,411.12,317.04,400.42,466.78,400.22,363.56,252.65,287.23,382.56,363.35,324.2,0,0,0,0,0,0,0,0,0,0,0,0,0,0,0,0,0,0,0,0,0,0,0,0,0,0,0,0,0,0,0,72.9,111.11,0,0,0,0,0,0,0,0,0,53.79,70.61,134.69,0,450,,,,,450,114,,2723556.6,,376,,
2,0,0,0,0,0,0,0,0,0,0,0,0,0,0,0,0,0,0,0,0,0,0,0,0,0,0,0,0,0,0,0,0,0,0,0,0,0,0,0,0,0,0,0,0,0,0,0,0,0,0,0,0,0,0,0,0,0,0,0,0,0,0,0,0,0,0,0,0,0,0,0,0,0,0,0,0,0,0,0,0,0,0,0,0,0,0,0,0,0,0,0,0,0,0,0,0,0,0,0,0,0,0,0,0,0,0,0,0,0,0,0,0,0,0,0,0,0,0,0,0,0,0,0,0,0,0,0,0,0,0,0,0,0,0,0,0,0,0,0,0,0,0,0,93.77,109.14,148.7,142.27,125.76,185.47,131.78,165.63,115.79,147.46,151.61,173.84,236.76,179.65,337.18,185.47,392.22,231.36,230.01,219.42,221.81,277.26,446.11,241.65,313.09,270.83,269.68,263.76,306.03,317.45,299.69,315.69,274.77,309.98,172.38,250.37,198.65,309.87,277.26,211.84,235.73,226.38,373.84,219.73,243.62,302.39,424.93,292.94,273.63,357.74,307.28,305.41,356.6,357.85,511.85,358.89,291.8,308.63,265.95,275.08,286.19,379.24,324.93,466.05,543.73,464.5,466.16,454.01,398.87,317.04,400.42,466.78,400.22,363.56,252.65,287.23,361.17,363.35,318.28,0,0,0,0,0,0,0,0,0,0,0,0,0,0,0,0,0,0,0,0,0,0,0,0,0,0,0,0,0,0,0,0,111.11,0,0,0,0,0,0,0,0,0,0,64.38,134.69,0,448,,,,,448,115,,1825319.4,,374,,
2,0,0,0,0,0,0,0,0,0,0,0,0,0,0,0,0,0,0,0,0,0,0,0,0,0,0,0,0,0,0,0,0,0,0,0,0,0,0,0,0,0,0,0,0,0,0,0,0,0,0,0,0,0,0,0,0,0,0,0,0,0,0,0,0,0,0,0,0,0,0,0,0,0,0,0,0,0,0,0,0,0,0,0,0,0,0,0,0,0,0,0,0,0,0,0,0,0,0,0,0,0,0,0,0,0,0,0,0,0,0,0,0,0,0,0,0,0,0,0,0,0,0,0,0,0,0,0,0,0,0,0,0,0,0,0,0,0,0,0,0,0,0,0,0,0,0,99.69,117.55,94.6,114.64,161.06,115.79,139.46,143.82,173.84,236.76,179.65,318.91,175.6,354.63,231.36,230.01,205.2,221.81,264.8,431.27,231.36,307.28,254.73,269.68,257.12,292.53,317.45,291.8,315.69,274.77,300.11,166.98,250.37,191.7,304.26,255.15,211.84,223.99,211.12,361.38,198.65,243.62,302.39,424.93,265.74,265.11,342.58,292.74,299.07,349.33,343,511.85,358.89,289.1,295.33,265.95,270.31,273.01,361.69,324.93,446.95,533.66,457.75,451.2,432.82,398.87,307.48,373.63,448.19,400.22,356.29,252.65,287.23,361.17,349.44,305.82,0,0,0,0,0,0,0,0,0,0,0,0,0,0,0,0,0,0,0,0,0,0,0,0,0,0,0,0,0,0,0,0,103.43,0,0,0,0,0,0,0,0,0,0,64.38,118.69,0,446,,,,,446,116,,1273109.6,,372,,
2,0,0,0,0,0,0,0,0,0,0,0,0,0,0,0,0,0,0,0,0,0,0,0,0,0,0,0,0,0,0,0,0,0,0,0,0,0,0,0,0,0,0,0,0,0,0,0,0,0,0,0,0,0,0,0,0,0,0,0,0,0,0,0,0,0,0,0,0,0,0,0,0,0,0,0,0,0,0,0,0,0,0,0,0,0,0,0,0,0,0,0,0,0,0,0,0,0,0,0,0,0,0,0,0,0,0,0,0,0,0,0,0,0,0,0,0,0,0,0,0,0,0,0,0,0,0,0,0,0,0,0,0,0,0,0,0,0,0,0,0,0,0,0,0,0,0,0,76.84,0,0,132.09,104.05,139.46,123.89,173.84,202.7,174.04,318.91,171.34,276.85,222.54,220.05,188.79,209.14,139.46,405.93,231.36,287.03,243.2,251.41,241.65,292.53,303.74,291.8,294.5,274.77,300.11,156.18,240.71,191.7,304.26,246.01,191.59,215.37,205.4,346.63,198.65,235.73,288.69,412.68,265.74,252.34,333.13,285.47,287.86,349.33,323.79,511.85,358.89,285.68,295.33,265.95,257.22,273.01,355.15,324.93,422.13,526.91,450.06,432.93,417.97,386.72,307.48,373.63,448.19,378.72,347.57,252.65,277.58,361.17,329.08,299.8,0,0,0,0,0,0,0,0,0,0,0,0,0,0,0,0,0,0,0,0,0,0,0,0,0,0,0,0,0,0,0,0,103.43,0,0,0,0,0,0,0,0,0,0,58.15,118.69,0,444,,,,,444,117,,990704.8,,370,,
2,0,0,0,0,0,0,0,0,0,0,0,0,0,0,0,0,0,0,0,0,0,0,0,0,0,0,0,0,0,0,0,0,0,0,0,0,0,0,0,0,0,0,0,0,0,0,0,0,0,0,0,0,0,0,0,0,0,0,0,0,0,0,0,0,0,0,0,0,0,0,0,0,0,0,0,0,0,0,0,0,0,0,0,0,0,0,0,0,0,0,0,0,0,0,0,0,0,0,0,0,0,0,0,0,0,0,0,0,0,0,0,0,0,0,0,0,0,0,0,0,0,0,0,0,0,0,0,0,0,0,0,0,0,0,0,0,0,0,0,0,0,0,0,0,0,0,0,0,0,0,0,68.23,68.33,80.06,149.85,202.7,174.04,314.75,171.34,218.28,214.96,204.47,175.91,193.67,136.66,368.44,218.49,274.04,243.2,244.66,241.65,276.95,303.74,291.8,294.5,252.55,286.71,156.18,230.74,187.44,294.4,243.2,191.59,215.37,205.4,346.63,198.65,235.73,272.28,407.17,265.74,252.34,333.13,285.47,278.82,342.69,319.63,490.98,353.8,285.68,283.6,265.95,257.22,246.94,355.15,324.93,416.62,521.71,436.46,427.32,417.97,386.72,301.46,373.63,433.34,378.72,331.16,244.66,277.58,351.93,329.08,299.8,0,0,0,0,0,0,0,0,0,0,0,0,0,0,0,0,0,0,0,0,0,0,0,0,0,0,0,0,0,0,0,0,89.72,0,0,0,0,0,0,0,0,0,0,58.15,114.23,0,442,,,,,442,118,,809426.2,,368,,
2,0,0,0,0,0,0,0,0,0,0,0,0,0,0,0,0,0,0,0,0,0,0,0,0,0,0,0,0,0,0,0,0,0,0,0,0,0,0,0,0,0,0,0,0,0,0,0,0,0,0,0,0,0,0,0,0,0,0,0,0,0,0,0,0,0,0,0,0,0,0,0,0,0,0,0,0,0,0,0,0,0,0,0,0,0,0,0,0,0,0,0,0,0,0,0,0,0,0,0,0,0,0,0,0,0,0,0,0,0,0,0,0,0,0,0,0,0,0,0,0,0,0,0,0,0,0,0,0,0,0,0,0,0,0,0,0,0,0,0,0,0,0,0,0,0,0,0,0,0,0,0,0,0,0,93.98,193.57,174.04,299.9,171.34,172.9,204.68,204.47,170.3,176.64,129.91,332.09,218.49,250.99,188.79,223.89,231.68,276.95,295.96,291.8,294.5,252.55,274.88,149.54,230.74,187.44,294.4,230.43,191.59,208.52,205.4,337.81,188.68,216.31,272.28,389.94,258.78,246.73,333.13,285.47,273.21,323.99,300.32,485.37,348.61,277.99,274.77,265.95,246.11,246.94,331.06,316.62,409.87,507.69,429.4,416.21,412.57,383.7,301.46,365.32,433.34,361.17,322.12,244.66,277.58,320.67,329.08,289.93,0,0,0,0,0,0,0,0,0,0,0,0,0,0,0,0,0,0,0,0,0,0,0,0,0,0,0,0,0,0,0,0,89.72,0,0,0,0,0,0,0,0,0,0,39.56,114.23,0,440,,,,,440,119,,593399.4,,366,,
2,0,0,0,0,0,0,0,0,0,0,0,0,0,0,0,0,0,0,0,0,0,0,0,0,0,0,0,0,0,0,0,0,0,0,0,0,0,0,0,0,0,0,0,0,0,0,0,0,0,0,0,0,0,0,0,0,0,0,0,0,0,0,0,0,0,0,0,0,0,0,0,0,0,0,0,0,0,0,0,0,0,0,0,0,0,0,0,0,0,0,0,0,0,0,0,0,0,0,0,0,0,0,0,0,0,0,0,0,0,0,0,0,0,0,0,0,0,0,0,0,0,0,0,0,0,0,0,0,0,0,0,0,0,0,0,0,0,0,0,0,0,0,0,0,0,0,0,0,0,0,0,0,0,0,0,0,154.73,281.11,156.6,163.14,198.76,204.47,166.98,159.3,129.91,319.84,206.86,238.01,188.79,223.89,231.68,268.75,290.56,281.63,276.43,244.97,274.88,142.68,223.99,167.5,274.98,230.43,191.59,198.97,190.97,323.58,188.68,216.31,253.8,374.77,247.46,235.41,311.64,270.62,264.91,323.99,300.32,485.37,310.39,277.99,255.35,251.82,239.15,240.19,331.06,306.76,399.8,445.49,429.4,402.5,405.62,373.94,289.1,348.61,407.69,358.37,316.83,244.66,265.32,320.67,320.26,289.93,0,0,0,0,0,0,0,0,0,0,0,0,0,0,0,0,0,0,0,0,0,0,0,0,0,0,0,0,0,0,0,0,81.73,0,0,0,0,0,0,0,0,0,0,39.56,107.37,0,438,,,,,438,120,,362903.6,,364,,
2,0,0,0,0,0,0,0,0,0,0,0,0,0,0,0,0,0,0,0,0,0,0,0,0,0,0,0,0,0,0,0,0,0,0,0,0,0,0,0,0,0,0,0,0,0,0,0,0,0,0,0,0,0,0,0,0,0,0,0,0,0,0,0,0,0,0,0,0,0,0,0,0,0,0,0,0,0,0,0,0,0,0,0,0,0,0,0,0,0,0,0,0,0,0,0,0,0,0,0,0,0,0,0,0,0,0,0,0,0,0,0,0,0,0,0,0,0,0,0,0,0,0,0,0,0,0,0,0,0,0,0,0,0,0,0,0,0,0,0,0,0,0,0,0,0,0,0,0,0,0,0,0,0,0,0,0,140.19,235.73,156.6,151.92,198.76,204.47,152.86,152.24,124.41,319.84,206.86,235.31,188.79,213.71,231.68,268.75,290.56,281.63,276.43,236.25,258.57,142.68,217.03,167.5,274.98,216.2,182.87,198.97,190.97,323.58,188.68,205.61,199.59,354.73,237.7,235.41,311.64,270.62,255.15,323.99,289.21,475.61,305.2,277.99,255.35,239.15,227.73,240.19,312.67,299.59,393.26,430.23,409.87,367.82,405.62,373.94,289.1,342.58,407.69,337.49,313.61,244.66,255.98,292.94,320.26,283.81,0,0,0,0,0,0,0,0,0,0,0,0,0,0,0,0,0,0,0,0,0,0,0,0,0,0,0,0,0,0,0,0,78.71,0,0,0,0,0,0,0,0,0,0,34.68,94.81,0,436,,,,,436,121,,216302.4,,362,,
2,0,0,0,0,0,0,0,0,0,0,0,0,0,0,0,0,0,0,0,0,0,0,0,0,0,0,0,0,0,0,0,0,0,0,0,0,0,0,0,0,0,0,0,0,0,0,0,0,0,0,0,0,0,0,0,0,0,0,0,0,0,0,0,0,0,0,0,0,0,0,0,0,0,0,0,0,0,0,0,0,0,0,0,0,0,0,0,0,0,0,0,0,0,0,0,0,0,0,0,0,0,0,0,0,0,0,0,0,0,0,0,0,0,0,0,0,0,0,0,0,0,0,0,0,0,0,0,0,0,0,0,0,0,0,0,0,0,0,0,0,0,0,0,0,0,0,0,0,0,0,0,0,0,0,0,0,124.51,214.23,143.62,139.36,181.1,184.53,152.86,141.64,118.69,297.1,206.86,223.06,167.4,200.21,226.07,223.89,277.78,281.63,276.43,224.62,258.57,132.92,217.03,167.5,259.4,203.43,182.87,198.97,177.05,310.29,188.68,205.61,199.59,339.99,235.21,235.41,284.64,270.62,247.46,323.99,289.21,468.75,297.2,277.99,233.96,239.15,211.95,221.71,302.71,299.59,393.26,418.7,403.12,342.69,392.12,358.68,277.26,329.5,407.69,330.54,300.84,244.66,255.98,284.64,320.26,283.81,0,0,0,0,0,0,0,0,0,0,0,0,0,0,0,0,0,0,0,0,0,0,0,0,0,0,0,0,0,0,0,0,72.59,0,0,0,0,0,0,0,0,0,0,0,94.81,0,434,,,,,434,122,,128714.4,,360,,
2,0,0,0,0,0,0,0,0,0,0,0,0,0,0,0,0,0,0,0,0,0,0,0,0,0,0,0,0,0,0,0,0,0,0,0,0,0,0,0,0,0,0,0,0,0,0,0,0,0,0,0,0,0,0,0,0,0,0,0,0,0,0,0,0,0,0,0,0,0,0,0,0,0,0,0,0,0,0,0,0,0,0,0,0,0,0,0,0,0,0,0,0,0,0,0,0,0,0,0,0,0,0,0,0,0,0,0,0,0,0,0,0,0,0,0,0,0,0,0,0,0,0,0,0,0,0,0,0,0,0,0,0,0,0,0,0,0,0,0,0,0,0,0,0,0,0,0,0,0,0,0,0,0,0,0,0,30.43,160.54,102.08,72.48,140.09,184.53,152.86,141.64,115.27,297.1,195.85,223.06,167.4,190.97,226.07,213.3,277.78,281.63,255.25,208.83,246.42,125.96,201.04,161.79,259.4,199.17,182.87,189.41,177.05,303.64,171.45,205.61,199.59,339.99,231.68,210.8,284.64,259.71,244.55,308.52,270.62,458.89,292.94,259.2,233.96,233.55,211.95,217.35,302.71,299.59,380.59,404.78,403.12,342.69,379.45,353.28,247.67,329.5,376.23,330.54,286.19,239.67,249.12,284.64,320.26,278.51,0,0,0,0,0,0,0,0,0,0,0,0,0,0,0,0,0,0,0,0,0,0,0,0,0,0,0,0,0,0,0,0,62.31,0,0,0,0,0,0,0,0,0,0,0,84.74,0,432,,,,,432,123,,47050.4,,358,,
2,0,0,0,0,0,0,0,0,0,0,0,0,0,0,0,0,0,0,0,0,0,0,0,0,0,0,0,0,0,0,0,0,0,0,0,0,0,0,0,0,0,0,0,0,0,0,0,0,0,0,0,0,0,0,0,0,0,0,0,0,0,0,0,0,0,0,0,0,0,0,0,0,0,0,0,0,0,0,0,0,0,0,0,0,0,0,0,0,0,0,0,0,0,0,0,0,0,0,0,0,0,0,0,0,0,0,0,0,0,0,0,0,0,0,0,0,0,0,0,0,0,0,0,0,0,0,0,0,0,0,0,0,0,0,0,0,0,0,0,0,0,0,0,0,0,0,0,0,0,0,0,0,0,0,0,0,0,0,0,0,0,176.33,143.1,131.78,115.27,215.79,186.5,217.55,148.29,179.55,208,206.65,277.78,272.8,255.25,198.13,246.42,125.96,201.04,161.79,252.45,189.31,169.68,171.24,169.89,290.97,171.45,199.9,199.59,334.59,219.01,210.8,264.18,259.71,244.55,308.52,270.62,450.16,281.52,259.2,221.71,233.55,198.97,217.35,287.86,287.65,374.36,398.45,392.43,317.14,355.87,330.64,231.88,329.5,376.23,314.13,286.19,239.67,249.12,284.64,320.26,263.97,0,0,0,0,0,0,0,0,0,0,0,0,0,0,0,0,0,0,0,0,0,0,0,0,0,0,0,0,0,0,0,0,55.56,0,0,0,0,0,0,0,0,0,0,0,84.74,0,430,,,,,430,124,,47050.4,,356,,
2,0,0,0,0,0,0,0,0,0,0,0,0,0,0,0,0,0,0,0,0,0,0,0,0,0,0,0,0,0,0,0,0,0,0,0,0,0,0,0,0,0,0,0,0,0,0,0,0,0,0,0,0,0,0,0,0,0,0,0,0,0,0,0,0,0,0,0,0,0,0,0,0,0,0,0,0,0,0,0,0,0,0,0,0,0,0,0,0,0,0,0,0,0,0,0,0,0,0,0,0,0,0,0,0,0,0,0,0,0,0,0,0,0,0,0,0,0,0,0,0,0,0,0,0,0,0,0,0,0,0,0,0,0,0,0,0,0,0,0,0,0,0,0,0,0,0,0,0,0,0,0,0,0,0,0,0,0,0,0,0,0,0,122.95,110.7,96.47,198.45,186.5,191.38,148.29,179.55,208,195.64,258.99,258.88,235.31,189.41,236.04,113.61,195.54,148.29,240.4,174.25,169.68,171.24,169.89,279.03,171.45,199.9,186.09,326.69,219.01,210.8,264.18,248.81,224.3,296.99,257.33,435.21,257.12,259.2,204.88,216.1,198.97,199.28,280.38,287.65,359.92,376.95,392.43,307.38,355.87,318.28,231.88,329.5,367.61,314.13,286.19,239.67,249.12,268.33,307.69,263.97,0,0,0,0,0,0,0,0,0,0,0,0,0,0,0,0,0,0,0,0,0,0,0,0,0,0,0,0,0,0,0,0,44.76,0,0,0,0,0,0,0,0,0,0,0,84.74,0,428,,,,,428,125,,0,,354,,
2,0,0,0,0,0,0,0,0,0,0,0,0,0,0,0,0,0,0,0,0,0,0,0,0,0,0,0,0,0,0,0,0,0,0,0,0,0,0,0,0,0,0,0,0,0,0,0,0,0,0,0,0,0,0,0,0,0,0,0,0,0,0,0,0,0,0,0,0,0,0,0,0,0,0,0,0,0,0,0,0,0,0,0,0,0,0,0,0,0,0,0,0,0,0,0,0,0,0,0,0,0,0,0,0,0,0,0,0,0,0,0,0,0,0,0,0,0,0,0,0,0,0,0,0,0,0,0,0,0,0,0,0,0,0,0,0,0,0,0,0,0,0,0,0,0,0,0,0,0,0,0,0,0,0,0,0,0,0,0,0,0,0,92.94,63.24,96.47,32.09,170.1,186.82,139.46,156.6,208,195.64,258.99,254.52,222.02,171.45,228.04,106.75,186.61,136.97,229.18,174.25,166.88,171.24,169.89,273.73,171.45,182.35,186.09,326.69,219.01,210.8,253.38,248.81,224.3,296.99,257.33,423.48,257.12,249.64,186.71,216.1,198.97,199.28,271.55,275.08,351.62,364.91,364.29,288.89,349.02,318.28,231.88,311.53,341.75,299.07,274.36,239.67,239.15,268.33,307.69,263.97,0,0,0,0,0,0,0,0,0,0,0,0,0,0,0,0,0,0,0,0,0,0,0,0,0,0,0,0,0,0,0,0,0,0,0,0,0,0,0,0,0,0,0,0,75.6,0,426,,,,,426,126,修正后600m库容,115.4187834,,,,
2,0,0,0,0,0,0,0,0,0,0,0,0,0,0,0,0,0,0,0,0,0,0,0,0,0,0,0,0,0,0,0,0,0,0,0,0,0,0,0,0,0,0,0,0,0,0,0,0,0,0,0,0,0,0,0,0,0,0,0,0,0,0,0,0,0,0,0,0,0,0,0,0,0,0,0,0,0,0,0,0,0,0,0,0,0,0,0,0,0,0,0,0,0,0,0,0,0,0,0,0,0,0,0,0,0,0,0,0,0,0,0,0,0,0,0,0,0,0,0,0,0,0,0,0,0,0,0,0,0,0,0,0,0,0,0,0,0,0,0,0,0,0,0,0,0,0,0,0,0,0,0,0,0,0,0,0,0,0,0,0,0,0,0,0,0,0,80.06,142.06,129.91,156.6,190.97,171.24,258.99,240.61,212.36,171.45,228.04,106.75,180.69,136.97,229.18,165.94,153.07,158.36,160.13,249.85,171.45,182.35,182.87,312.05,202.39,210.8,241.85,248.81,213.61,291.49,241.44,417.97,246.42,240.92,186.71,216.1,177.68,187.34,258.26,275.08,340.71,351.31,357.85,288.89,338.12,306.03,226.8,305.82,335.11,299.07,261.17,235.93,224.41,268.33,285.99,263.97,0,0,0,0,0,0,0,0,0,0,0,0,0,0,0,0,0,0,0,0,0,0,0,0,0,0,0,0,0,0,0,0,0,0,0,0,0,0,0,0,0,0,0,0,75.6,0,424,,,,,424,127,,1.002436489,,,,
2,0,0,0,0,0,0,0,0,0,0,0,0,0,0,0,0,0,0,0,0,0,0,0,0,0,0,0,0,0,0,0,0,0,0,0,0,0,0,0,0,0,0,0,0,0,0,0,0,0,0,0,0,0,0,0,0,0,0,0,0,0,0,0,0,0,0,0,0,0,0,0,0,0,0,0,0,0,0,0,0,0,0,0,0,0,0,0,0,0,0,0,0,0,0,0,0,0,0,0,0,0,0,0,0,0,0,0,0,0,0,0,0,0,0,0,0,0,0,0,0,0,0,0,0,0,0,0,0,0,0,0,0,0,0,0,0,0,0,0,0,0,0,0,0,0,0,0,0,0,0,0,0,0,0,0,0,0,0,0,0,0,0,0,0,0,0,0,0,49.22,135.21,161.89,143.1,242.89,221.5,202.81,158.15,222.75,101.35,174.77,127.83,216,165.94,153.07,158.36,144.55,234.06,150.57,182.35,182.87,312.05,202.39,192.42,241.85,248.81,213.61,286.09,241.44,405.41,236.45,240.92,167.71,204.57,177.68,187.34,247.15,250.89,328.36,344.87,342.79,279.44,322.64,306.03,226.8,305.82,312.78,282.77,249.54,235.93,224.41,268.33,285.99,252.86,0,0,0,0,0,0,0,0,0,0,0,0,0,0,0,0,0,0,0,0,0,0,0,0,0,0,0,0,0,0,0,0,0,0,0,0,0,0,0,0,0,0,0,0,75.6,0,422,,,,,422,128,,,,,,
2,0,0,0,0,0,0,0,0,0,0,0,0,0,0,0,0,0,0,0,0,0,0,0,0,0,0,0,0,0,0,0,0,0,0,0,0,0,0,0,0,0,0,0,0,0,0,0,0,0,0,0,0,0,0,0,0,0,0,0,0,0,0,0,0,0,0,0,0,0,0,0,0,0,0,0,0,0,0,0,0,0,0,0,0,0,0,0,0,0,0,0,0,0,0,0,0,0,0,0,0,0,0,0,0,0,0,0,0,0,0,0,0,0,0,0,0,0,0,0,0,0,0,0,0,0,0,0,0,0,0,0,0,0,0,0,0,0,0,0,0,0,0,0,0,0,0,0,0,0,0,0,0,0,0,0,0,0,0,0,0,0,0,0,0,0,0,0,0,0,0,62.51,0,219.22,209.14,179.75,150.68,207.07,101.35,162.93,121.39,204.99,146,153.07,146.32,144.55,234.06,150.57,174.56,182.87,312.05,194.92,192.42,236.35,235.21,201.87,286.09,241.44,390.25,224.82,231.57,167.71,185.57,171.14,187.34,236.56,250.89,318.91,315.37,336.04,268.33,316.21,297.31,218.49,305.82,312.78,276.12,249.54,235.93,221.71,268.33,278.93,241.44,0,0,0,0,0,0,0,0,0,0,0,0,0,0,0,0,0,0,0,0,0,0,0,0,0,0,0,0,0,0,0,0,0,0,0,0,0,0,0,0,0,0,0,0,63.14,0,420,,,,,420,129,修正前600m库容,110.9329082,,,,
2,0,0,0,0,0,0,0,0,0,0,0,0,0,0,0,0,0,0,0,0,0,0,0,0,0,0,0,0,0,0,0,0,0,0,0,0,0,0,0,0,0,0,0,0,0,0,0,0,0,0,0,0,0,0,0,0,0,0,0,0,0,0,0,0,0,0,0,0,0,0,0,0,0,0,0,0,0,0,0,0,0,0,0,0,0,0,0,0,0,0,0,0,0,0,0,0,0,0,0,0,0,0,0,0,0,0,0,0,0,0,0,0,0,0,0,0,0,0,0,0,0,0,0,0,0,0,0,0,0,0,0,0,0,0,0,0,0,0,0,0,0,0,0,0,0,0,0,0,0,0,0,0,0,0,0,0,0,0,0,0,0,0,0,0,0,0,0,0,0,0,0,0,0,0,69.06,101.04,183.18,74.98,142.27,115.06,204.99,146,147.15,146.32,140.19,212.05,150.57,166.88,166.46,290.66,194.92,192.42,224.2,235.21,201.87,269.06,241.44,384.64,224.82,231.57,167.71,175.7,165.74,187.34,228.98,250.89,318.91,307.59,327.11,268.33,292.84,285.57,218.49,300.11,286.19,261.06,239.36,235.93,215.17,256.81,278.93,241.44,0,0,0,0,0,0,0,0,0,0,0,0,0,0,0,0,0,0,0,0,0,0,0,0,0,0,0,0,0,0,0,0,0,0,0,0,0,0,0,0,0,0,0,0,31.67,0,418,,,,,418,130,修正系数,1.042972747,,,,
2,0,0,0,0,0,0,0,0,0,0,0,0,0,0,0,0,0,0,0,0,0,0,0,0,0,0,0,0,0,0,0,0,0,0,0,0,0,0,0,0,0,0,0,0,0,0,0,0,0,0,0,0,0,0,0,0,0,0,0,0,0,0,0,0,0,0,0,0,0,0,0,0,0,0,0,0,0,0,0,0,0,0,0,0,0,0,0,0,0,0,0,0,0,0,0,0,0,0,0,0,0,0,0,0,0,0,0,0,0,0,0,0,0,0,0,0,0,0,0,0,0,0,0,0,0,0,0,0,0,0,0,0,0,0,0,0,0,0,0,0,0,0,0,0,0,0,0,0,0,0,0,0,0,0,0,0,0,0,0,0,0,0,0,0,0,0,0,0,0,0,0,0,0,0,0,0,0,63.34,124.51,87.44,146.11,126.79,146.84,136.66,140.19,196.78,150.57,157.32,166.46,278.61,194.92,192.42,217.55,235.21,198.97,269.06,235.93,369.69,224.82,203.02,154.52,175.7,165.74,159.5,217.55,239.67,318.91,295.75,318.59,251.72,292.84,268.23,218.49,300.11,280.9,254.21,220.25,220.15,209.87,256.81,278.93,234.06,0,0,0,0,0,0,0,0,0,0,0,0,0,0,0,0,0,0,0,0,0,0,0,0,0,0,0,0,0,0,0,0,0,0,0,0,0,0,0,0,0,0,0,0,0,0,416,,,,,416,131,,,,,,
2,0,0,0,0,0,0,0,0,0,0,0,0,0,0,0,0,0,0,0,0,0,0,0,0,0,0,0,0,0,0,0,0,0,0,0,0,0,0,0,0,0,0,0,0,0,0,0,0,0,0,0,0,0,0,0,0,0,0,0,0,0,0,0,0,0,0,0,0,0,0,0,0,0,0,0,0,0,0,0,0,0,0,0,0,0,0,0,0,0,0,0,0,0,0,0,0,0,0,0,0,0,0,0,0,0,0,0,0,0,0,0,0,0,0,0,0,0,0,0,0,0,0,0,0,0,0,0,0,0,0,0,0,0,0,0,0,0,0,0,0,0,0,0,0,0,0,0,0,0,0,0,0,0,0,0,0,0,0,0,0,0,0,0,0,0,0,0,0,0,0,0,0,0,0,0,0,0,0,0,0,0,0,83.08,121.6,111.22,183.39,129.6,151.09,166.46,278.61,182.77,187.75,211.01,225.65,191.9,253.59,220.98,357.95,202.91,193.46,154.52,175.7,160.34,159.5,201.67,239.67,309.66,281.11,302.81,251.72,286.61,252.34,207.79,300.11,280.9,240.71,211.53,197.1,209.87,256.81,261.9,234.06,0,0,0,0,0,0,0,0,0,0,0,0,0,0,0,0,0,0,0,0,0,0,0,0,0,0,0,0,0,0,0,0,0,0,0,0,0,0,0,0,0,0,0,0,0,0,414,,,,,414,132,,,,,,
2,0,0,0,0,0,0,0,0,0,0,0,0,0,0,0,0,0,0,0,0,0,0,0,0,0,0,0,0,0,0,0,0,0,0,0,0,0,0,0,0,0,0,0,0,0,0,0,0,0,0,0,0,0,0,0,0,0,0,0,0,0,0,0,0,0,0,0,0,0,0,0,0,0,0,0,0,0,0,0,0,0,0,0,0,0,0,0,0,0,0,0,0,0,0,0,0,0,0,0,0,0,0,0,0,0,0,0,0,0,0,0,0,0,0,0,0,0,0,0,0,0,0,0,0,0,0,0,0,0,0,0,0,0,0,0,0,0,0,0,0,0,0,0,0,0,0,0,0,0,0,0,0,0,0,0,0,0,0,0,0,0,0,0,0,0,0,0,0,0,0,0,0,0,0,0,0,0,0,0,0,0,0,0,0,99.79,152.65,129.6,151.09,159.4,267.4,175.08,174.98,205.72,218.49,179.55,246.53,220.98,342.27,202.91,193.46,154.52,165.74,150.89,159.5,188.06,231.36,292.22,269.79,296.06,236.35,286.61,239.46,207.79,289.21,254,229.81,211.53,182.66,193.57,248.08,261.9,234.06,0,0,0,0,0,0,0,0,0,0,0,0,0,0,0,0,0,0,0,0,0,0,0,0,0,0,0,0,0,0,0,0,0,0,0,0,0,0,0,0,0,0,0,0,0,0,412,,,,,412,133,,,,,,
2,0,0,0,0,0,0,0,0,0,0,0,0,0,0,0,0,0,0,0,0,0,0,0,0,0,0,0,0,0,0,0,0,0,0,0,0,0,0,0,0,0,0,0,0,0,0,0,0,0,0,0,0,0,0,0,0,0,0,0,0,0,0,0,0,0,0,0,0,0,0,0,0,0,0,0,0,0,0,0,0,0,0,0,0,0,0,0,0,0,0,0,0,0,0,0,0,0,0,0,0,0,0,0,0,0,0,0,0,0,0,0,0,0,0,0,0,0,0,0,0,0,0,0,0,0,0,0,0,0,0,0,0,0,0,0,0,0,0,0,0,0,0,0,0,0,0,0,0,0,0,0,0,0,0,0,0,0,0,0,0,0,0,0,0,0,0,0,0,0,0,0,0,0,0,0,0,0,0,0,0,0,0,0,0,0,0,129.6,133.34,159.4,267.4,157.53,174.98,197.72,218.49,172.59,246.53,208.73,331.68,197.72,172.17,138.53,157.64,140.09,159.5,179.55,231.36,282.04,254.42,284.01,236.35,263.66,230.01,207.79,271.76,241.96,229.81,211.53,182.66,193.57,248.08,224.72,227.83,0,0,0,0,0,0,0,0,0,0,0,0,0,0,0,0,0,0,0,0,0,0,0,0,0,0,0,0,0,0,0,0,0,0,0,0,0,0,0,0,0,0,0,0,0,0,410,,,,,410,134,,,,,,
2,0,0,0,0,0,0,0,0,0,0,0,0,0,0,0,0,0,0,0,0,0,0,0,0,0,0,0,0,0,0,0,0,0,0,0,0,0,0,0,0,0,0,0,0,0,0,0,0,0,0,0,0,0,0,0,0,0,0,0,0,0,0,0,0,0,0,0,0,0,0,0,0,0,0,0,0,0,0,0,0,0,0,0,0,0,0,0,0,0,0,0,0,0,0,0,0,0,0,0,0,0,0,0,0,0,0,0,0,0,0,0,0,0,0,0,0,0,0,0,0,0,0,0,0,0,0,0,0,0,0,0,0,0,0,0,0,0,0,0,0,0,0,0,0,0,0,0,0,0,0,0,0,0,0,0,0,0,0,0,0,0,0,0,0,0,0,0,0,0,0,0,0,0,0,0,0,0,0,0,0,0,0,0,0,0,0,102.39,133.34,159.4,267.4,157.53,159.5,168.02,198.86,162.93,236.56,185.88,320.26,197.72,172.17,138.53,157.64,140.09,152.86,159.82,223.58,269.89,242.68,265.32,226.8,232.71,230.01,199.8,271.76,233.96,229.81,194.08,174.04,193.57,248.08,207.79,218.28,0,0,0,0,0,0,0,0,0,0,0,0,0,0,0,0,0,0,0,0,0,0,0,0,0,0,0,0,0,0,0,0,0,0,0,0,0,0,0,0,0,0,0,0,0,0,408,,,,,408,135,,,,,,
2,0,0,0,0,0,0,0,0,0,0,0,0,0,0,0,0,0,0,0,0,0,0,0,0,0,0,0,0,0,0,0,0,0,0,0,0,0,0,0,0,0,0,0,0,0,0,0,0,0,0,0,0,0,0,0,0,0,0,0,0,0,0,0,0,0,0,0,0,0,0,0,0,0,0,0,0,0,0,0,0,0,0,0,0,0,0,0,0,0,0,0,0,0,0,0,0,0,0,0,0,0,0,0,0,0,0,0,0,0,0,0,0,0,0,0,0,0,0,0,0,0,0,0,0,0,0,0,0,0,0,0,0,0,0,0,0,0,0,0,0,0,0,0,0,0,0,0,0,0,0,0,0,0,0,0,0,0,0,0,0,0,0,0,0,0,0,0,0,0,0,0,0,0,0,0,0,0,0,0,0,0,0,0,0,0,0,0,115.68,151.82,190.45,157.53,159.5,168.02,198.86,151.82,227.94,178.09,280.38,181.42,165.42,138.53,142.58,130.64,145.8,135.83,212.15,269.89,242.68,254.31,218.07,211.12,230.01,199.8,256.6,233.96,209.97,194.08,174.04,193.57,238.53,207.79,218.28,0,0,0,0,0,0,0,0,0,0,0,0,0,0,0,0,0,0,0,0,0,0,0,0,0,0,0,0,0,0,0,0,0,0,0,0,0,0,0,0,0,0,0,0,0,0,406,,,,,406,136,,,,,,
2,0,0,0,0,0,0,0,0,0,0,0,0,0,0,0,0,0,0,0,0,0,0,0,0,0,0,0,0,0,0,0,0,0,0,0,0,0,0,0,0,0,0,0,0,0,0,0,0,0,0,0,0,0,0,0,0,0,0,0,0,0,0,0,0,0,0,0,0,0,0,0,0,0,0,0,0,0,0,0,0,0,0,0,0,0,0,0,0,0,0,0,0,0,0,0,0,0,0,0,0,0,0,0,0,0,0,0,0,0,0,0,0,0,0,0,0,0,0,0,0,0,0,0,0,0,0,0,0,0,0,0,0,0,0,0,0,0,0,0,0,0,0,0,0,0,0,0,0,0,0,0,0,0,0,0,0,0,0,0,0,0,0,0,0,0,0,0,0,0,0,0,0,0,0,0,0,0,0,0,0,0,0,0,0,0,0,0,0,151.82,190.45,149.12,159.5,158.57,173.73,149.02,218.18,171.45,275.91,181.42,141.75,127.94,142.58,123.89,145.8,76.12,212.15,254.31,220.05,242.89,209.87,189.52,220.05,175.19,256.6,202.6,209.97,183.91,174.04,193.57,238.53,207.79,205.92,0,0,0,0,0,0,0,0,0,0,0,0,0,0,0,0,0,0,0,0,0,0,0,0,0,0,0,0,0,0,0,0,0,0,0,0,0,0,0,0,0,0,0,0,0,0,404,,,,,404,137,,,,,,
2,0,0,0,0,0,0,0,0,0,0,0,0,0,0,0,0,0,0,0,0,0,0,0,0,0,0,0,0,0,0,0,0,0,0,0,0,0,0,0,0,0,0,0,0,0,0,0,0,0,0,0,0,0,0,0,0,0,0,0,0,0,0,0,0,0,0,0,0,0,0,0,0,0,0,0,0,0,0,0,0,0,0,0,0,0,0,0,0,0,0,0,0,0,0,0,0,0,0,0,0,0,0,0,0,0,0,0,0,0,0,0,0,0,0,0,0,0,0,0,0,0,0,0,0,0,0,0,0,0,0,0,0,0,0,0,0,0,0,0,0,0,0,0,0,0,0,0,0,0,0,0,0,0,0,0,0,0,0,0,0,0,0,0,0,0,0,0,0,0,0,0,0,0,0,0,0,0,0,0,0,0,0,0,0,0,0,0,0,39.88,129.49,131.05,147.56,143.51,173.73,127.42,208.21,160.34,264.8,163.24,141.75,127.94,142.58,123.89,138.94,76.12,212.15,254.31,220.05,229.29,203.12,175.5,220.05,175.19,256.6,202.6,196.27,183.91,157.84,186.82,212.78,190.87,199.48,0,0,0,0,0,0,0,0,0,0,0,0,0,0,0,0,0,0,0,0,0,0,0,0,0,0,0,0,0,0,0,0,0,0,0,0,0,0,0,0,0,0,0,0,0,0,402,,,,,402,138,,,,,,
2,0,0,0,0,0,0,0,0,0,0,0,0,0,0,0,0,0,0,0,0,0,0,0,0,0,0,0,0,0,0,0,0,0,0,0,0,0,0,0,0,0,0,0,0,0,0,0,0,0,0,0,0,0,0,0,0,0,0,0,0,0,0,0,0,0,0,0,0,0,0,0,0,0,0,0,0,0,0,0,0,0,0,0,0,0,0,0,0,0,0,0,0,0,0,0,0,0,0,0,0,0,0,0,0,0,0,0,0,0,0,0,0,0,0,0,0,0,0,0,0,0,0,0,0,0,0,0,0,0,0,0,0,0,0,0,0,0,0,0,0,0,0,0,0,0,0,0,0,0,0,0,0,0,0,0,0,0,0,0,0,0,0,0,0,0,0,0,0,0,0,0,0,0,0,0,0,0,0,0,0,0,0,0,0,0,0,0,0,0,0,0,147.56,135.72,173.73,127.42,208.21,160.34,242.48,151.3,114.64,127.94,115.47,109.45,138.94,37.49,199.48,246.11,199.48,205.61,192.22,163.35,220.05,161.27,244.35,190.66,183.39,162.62,146.52,186.82,197.51,190.87,148.6,0,0,0,0,0,0,0,0,0,0,0,0,0,0,0,0,0,0,0,0,0,0,0,0,0,0,0,0,0,0,0,0,0,0,0,0,0,0,0,0,0,0,0,0,0,0,400,,,,,400,139,,,,,,
2,0,0,0,0,0,0,0,0,0,0,0,0,0,0,0,0,0,0,0,0,0,0,0,0,0,0,0,0,0,0,0,0,0,0,0,0,0,0,0,0,0,0,0,0,0,0,0,0,0,0,0,0,0,0,0,0,0,0,0,0,0,0,0,0,0,0,0,0,0,0,0,0,0,0,0,0,0,0,0,0,0,0,0,0,0,0,0,0,0,0,0,0,0,0,0,0,0,0,0,0,0,0,0,0,0,0,0,0,0,0,0,0,0,0,0,0,0,0,0,0,0,0,0,0,0,0,0,0,0,0,0,0,0,0,0,0,0,0,0,0,0,0,0,0,0,0,0,0,0,0,0,0,0,0,0,0,0,0,0,0,0,0,0,0,0,0,0,0,0,0,0,0,0,0,0,0,0,0,0,0,0,0,0,0,0,0,0,0,0,0,0,103.64,111.84,152.96,120.56,187.85,139.67,232.71,138.63,114.64,109.45,115.47,109.45,138.94,0,190.97,233.96,189.83,205.61,192.22,156.08,205.51,161.27,244.35,178.4,168.23,155.35,137.91,186.82,175.91,173.94,126.48,0,0,0,0,0,0,0,0,0,0,0,0,0,0,0,0,0,0,0,0,0,0,0,0,0,0,0,0,0,0,0,0,0,0,0,0,0,0,0,0,0,0,0,0,0,0,398,,,,,398,140,,,,,,
2,0,0,0,0,0,0,0,0,0,0,0,0,0,0,0,0,0,0,0,0,0,0,0,0,0,0,0,0,0,0,0,0,0,0,0,0,0,0,0,0,0,0,0,0,0,0,0,0,0,0,0,0,0,0,0,0,0,0,0,0,0,0,0,0,0,0,0,0,0,0,0,0,0,0,0,0,0,0,0,0,0,0,0,0,0,0,0,0,0,0,0,0,0,0,0,0,0,0,0,0,0,0,0,0,0,0,0,0,0,0,0,0,0,0,0,0,0,0,0,0,0,0,0,0,0,0,0,0,0,0,0,0,0,0,0,0,0,0,0,0,0,0,0,0,0,0,0,0,0,0,0,0,0,0,0,0,0,0,0,0,0,0,0,0,0,0,0,0,0,0,0,0,0,0,0,0,0,0,0,0,0,0,0,0,0,0,0,0,0,0,0,0,0,124.09,98.86,137.07,121.08,232.71,124.2,108.31,109.45,115.47,109.45,128.77,0,184.64,225.76,189.83,186.4,184.12,156.08,205.51,155.45,244.35,167.6,158.57,155.35,127.62,186.82,175.91,159.3,108.41,0,0,0,0,0,0,0,0,0,0,0,0,0,0,0,0,0,0,0,0,0,0,0,0,0,0,0,0,0,0,0,0,0,0,0,0,0,0,0,0,0,0,0,0,0,0,396,,,,,396,141,,,,,,
2,0,0,0,0,0,0,0,0,0,0,0,0,0,0,0,0,0,0,0,0,0,0,0,0,0,0,0,0,0,0,0,0,0,0,0,0,0,0,0,0,0,0,0,0,0,0,0,0,0,0,0,0,0,0,0,0,0,0,0,0,0,0,0,0,0,0,0,0,0,0,0,0,0,0,0,0,0,0,0,0,0,0,0,0,0,0,0,0,0,0,0,0,0,0,0,0,0,0,0,0,0,0,0,0,0,0,0,0,0,0,0,0,0,0,0,0,0,0,0,0,0,0,0,0,0,0,0,0,0,0,0,0,0,0,0,0,0,0,0,0,0,0,0,0,0,0,0,0,0,0,0,0,0,0,0,0,0,0,0,0,0,0,0,0,0,0,0,0,0,0,0,0,0,0,0,0,0,0,0,0,0,0,0,0,0,0,0,0,0,0,0,0,0,0,12.67,0,118.38,197.72,116.41,101.35,101.87,96.06,92.53,128.77,0,177.78,207.17,166.98,144.24,161.69,156.08,199.59,147.15,233.34,167.6,144.97,138.63,127.62,169.47,169.16,153.59,82.76,0,0,0,0,0,0,0,0,0,0,0,0,0,0,0,0,0,0,0,0,0,0,0,0,0,0,0,0,0,0,0,0,0,0,0,0,0,0,0,0,0,0,0,0,0,0,394,,,,,394,142,,,,,,
2,0,0,0,0,0,0,0,0,0,0,0,0,0,0,0,0,0,0,0,0,0,0,0,0,0,0,0,0,0,0,0,0,0,0,0,0,0,0,0,0,0,0,0,0,0,0,0,0,0,0,0,0,0,0,0,0,0,0,0,0,0,0,0,0,0,0,0,0,0,0,0,0,0,0,0,0,0,0,0,0,0,0,0,0,0,0,0,0,0,0,0,0,0,0,0,0,0,0,0,0,0,0,0,0,0,0,0,0,0,0,0,0,0,0,0,0,0,0,0,0,0,0,0,0,0,0,0,0,0,0,0,0,0,0,0,0,0,0,0,0,0,0,0,0,0,0,0,0,0,0,0,0,0,0,0,0,0,0,0,0,0,0,0,0,0,0,0,0,0,0,0,0,0,0,0,0,0,0,0,0,0,0,0,0,0,0,0,0,0,0,0,0,0,0,0,0,84.11,125.03,109.76,80.69,101.87,96.06,92.53,120.46,0,168.75,188.27,153.9,144.24,156.18,141.44,199.59,131.26,227.32,138.53,136.76,121.39,127.62,169.47,169.16,125.34,22.95,0,0,0,0,0,0,0,0,0,0,0,0,0,0,0,0,0,0,0,0,0,0,0,0,0,0,0,0,0,0,0,0,0,0,0,0,0,0,0,0,0,0,0,0,0,0,392,,,,,392,143,,,,,,
2,0,0,0,0,0,0,0,0,0,0,0,0,0,0,0,0,0,0,0,0,0,0,0,0,0,0,0,0,0,0,0,0,0,0,0,0,0,0,0,0,0,0,0,0,0,0,0,0,0,0,0,0,0,0,0,0,0,0,0,0,0,0,0,0,0,0,0,0,0,0,0,0,0,0,0,0,0,0,0,0,0,0,0,0,0,0,0,0,0,0,0,0,0,0,0,0,0,0,0,0,0,0,0,0,0,0,0,0,0,0,0,0,0,0,0,0,0,0,0,0,0,0,0,0,0,0,0,0,0,0,0,0,0,0,0,0,0,0,0,0,0,0,0,0,0,0,0,0,0,0,0,0,0,0,0,0,0,0,0,0,0,0,0,0,0,0,0,0,0,0,0,0,0,0,0,0,0,0,0,0,0,0,0,0,0,0,0,0,0,0,0,0,0,0,0,0,0,0,49.85,65.42,78.19,79.13,68.43,109.97,0,153.59,176.02,141.64,134.37,148.5,132.92,187.23,131.26,206.96,138.53,130.01,111.84,119.21,150.89,162.41,125.34,0,0,0,0,0,0,0,0,0,0,0,0,0,0,0,0,0,0,0,0,0,0,0,0,0,0,0,0,0,0,0,0,0,0,0,0,0,0,0,0,0,0,0,0,0,0,0,390,,,,,390,144,,,,,,
2,0,0,0,0,0,0,0,0,0,0,0,0,0,0,0,0,0,0,0,0,0,0,0,0,0,0,0,0,0,0,0,0,0,0,0,0,0,0,0,0,0,0,0,0,0,0,0,0,0,0,0,0,0,0,0,0,0,0,0,0,0,0,0,0,0,0,0,0,0,0,0,0,0,0,0,0,0,0,0,0,0,0,0,0,0,0,0,0,0,0,0,0,0,0,0,0,0,0,0,0,0,0,0,0,0,0,0,0,0,0,0,0,0,0,0,0,0,0,0,0,0,0,0,0,0,0,0,0,0,0,0,0,0,0,0,0,0,0,0,0,0,0,0,0,0,0,0,0,0,0,0,0,0,0,0,0,0,0,0,0,0,0,0,0,0,0,0,0,0,0,0,0,0,0,0,0,0,0,0,0,0,0,0,0,0,0,0,0,0,0,0,0,0,0,0,0,0,0,0,0,0,0,55.97,85.05,0,147.56,168.75,141.64,124.41,138.84,132.92,187.23,131.26,192.42,138.53,117.66,102.81,112.26,150.89,147.77,119.01,0,0,0,0,0,0,0,0,0,0,0,0,0,0,0,0,0,0,0,0,0,0,0,0,0,0,0,0,0,0,0,0,0,0,0,0,0,0,0,0,0,0,0,0,0,0,0,388,,,,,388,145,,,,,,
2,0,0,0,0,0,0,0,0,0,0,0,0,0,0,0,0,0,0,0,0,0,0,0,0,0,0,0,0,0,0,0,0,0,0,0,0,0,0,0,0,0,0,0,0,0,0,0,0,0,0,0,0,0,0,0,0,0,0,0,0,0,0,0,0,0,0,0,0,0,0,0,0,0,0,0,0,0,0,0,0,0,0,0,0,0,0,0,0,0,0,0,0,0,0,0,0,0,0,0,0,0,0,0,0,0,0,0,0,0,0,0,0,0,0,0,0,0,0,0,0,0,0,0,0,0,0,0,0,0,0,0,0,0,0,0,0,0,0,0,0,0,0,0,0,0,0,0,0,0,0,0,0,0,0,0,0,0,0,0,0,0,0,0,0,0,0,0,0,0,0,0,0,0,0,0,0,0,0,0,0,0,0,0,0,0,0,0,0,0,0,0,0,0,0,0,0,0,0,0,0,0,0,0,0,0,131.05,168.75,132.51,115.68,133.02,132.92,157.22,131.26,186.4,124.51,117.66,102.81,112.26,141.44,138.42,111.22,0,0,0,0,0,0,0,0,0,0,0,0,0,0,0,0,0,0,0,0,0,0,0,0,0,0,0,0,0,0,0,0,0,0,0,0,0,0,0,0,0,0,0,0,0,0,0,386,,,,,386,146,,,,,,
2,0,0,0,0,0,0,0,0,0,0,0,0,0,0,0,0,0,0,0,0,0,0,0,0,0,0,0,0,0,0,0,0,0,0,0,0,0,0,0,0,0,0,0,0,0,0,0,0,0,0,0,0,0,0,0,0,0,0,0,0,0,0,0,0,0,0,0,0,0,0,0,0,0,0,0,0,0,0,0,0,0,0,0,0,0,0,0,0,0,0,0,0,0,0,0,0,0,0,0,0,0,0,0,0,0,0,0,0,0,0,0,0,0,0,0,0,0,0,0,0,0,0,0,0,0,0,0,0,0,0,0,0,0,0,0,0,0,0,0,0,0,0,0,0,0,0,0,0,0,0,0,0,0,0,0,0,0,0,0,0,0,0,0,0,0,0,0,0,0,0,0,0,0,0,0,0,0,0,0,0,0,0,0,0,0,0,0,0,0,0,0,0,0,0,0,0,0,0,0,0,0,0,0,0,0,90.66,161.69,117.86,106.75,127.11,105.61,137.28,124.92,171.34,110.7,93.15,78.92,112.26,141.44,127,111.22,0,0,0,0,0,0,0,0,0,0,0,0,0,0,0,0,0,0,0,0,0,0,0,0,0,0,0,0,0,0,0,0,0,0,0,0,0,0,0,0,0,0,0,0,0,0,0,384,,,,,384,147,,,,,,
2,0,0,0,0,0,0,0,0,0,0,0,0,0,0,0,0,0,0,0,0,0,0,0,0,0,0,0,0,0,0,0,0,0,0,0,0,0,0,0,0,0,0,0,0,0,0,0,0,0,0,0,0,0,0,0,0,0,0,0,0,0,0,0,0,0,0,0,0,0,0,0,0,0,0,0,0,0,0,0,0,0,0,0,0,0,0,0,0,0,0,0,0,0,0,0,0,0,0,0,0,0,0,0,0,0,0,0,0,0,0,0,0,0,0,0,0,0,0,0,0,0,0,0,0,0,0,0,0,0,0,0,0,0,0,0,0,0,0,0,0,0,0,0,0,0,0,0,0,0,0,0,0,0,0,0,0,0,0,0,0,0,0,0,0,0,0,0,0,0,0,0,0,0,0,0,0,0,0,0,0,0,0,0,0,0,0,0,0,0,0,0,0,0,0,0,0,0,0,0,0,0,0,0,0,0,12.67,149.54,104.16,106.75,127.11,105.61,130.53,124.92,165.11,110.7,93.15,78.92,105.19,141.44,127,111.22,0,0,0,0,0,0,0,0,0,0,0,0,0,0,0,0,0,0,0,0,0,0,0,0,0,0,0,0,0,0,0,0,0,0,0,0,0,0,0,0,0,0,0,0,0,0,0,382,,,,,382,148,,,,,,
2,0,0,0,0,0,0,0,0,0,0,0,0,0,0,0,0,0,0,0,0,0,0,0,0,0,0,0,0,0,0,0,0,0,0,0,0,0,0,0,0,0,0,0,0,0,0,0,0,0,0,0,0,0,0,0,0,0,0,0,0,0,0,0,0,0,0,0,0,0,0,0,0,0,0,0,0,0,0,0,0,0,0,0,0,0,0,0,0,0,0,0,0,0,0,0,0,0,0,0,0,0,0,0,0,0,0,0,0,0,0,0,0,0,0,0,0,0,0,0,0,0,0,0,0,0,0,0,0,0,0,0,0,0,0,0,0,0,0,0,0,0,0,0,0,0,0,0,0,0,0,0,0,0,0,0,0,0,0,0,0,0,0,0,0,0,0,0,0,0,0,0,0,0,0,0,0,0,0,0,0,0,0,0,0,0,0,0,0,0,0,0,0,0,0,0,0,0,0,0,0,0,0,0,0,0,0,124.92,89.51,75.7,100.94,105.61,114.85,124.92,95.64,100.94,93.15,71.55,105.19,131.88,127,111.22,0,0,0,0,0,0,0,0,0,0,0,0,0,0,0,0,0,0,0,0,0,0,0,0,0,0,0,0,0,0,0,0,0,0,0,0,0,0,0,0,0,0,0,0,0,0,0,380,,,,,380,149,,,,,,
2,0,0,0,0,0,0,0,0,0,0,0,0,0,0,0,0,0,0,0,0,0,0,0,0,0,0,0,0,0,0,0,0,0,0,0,0,0,0,0,0,0,0,0,0,0,0,0,0,0,0,0,0,0,0,0,0,0,0,0,0,0,0,0,0,0,0,0,0,0,0,0,0,0,0,0,0,0,0,0,0,0,0,0,0,0,0,0,0,0,0,0,0,0,0,0,0,0,0,0,0,0,0,0,0,0,0,0,0,0,0,0,0,0,0,0,0,0,0,0,0,0,0,0,0,0,0,0,0,0,0,0,0,0,0,0,0,0,0,0,0,0,0,0,0,0,0,0,0,0,0,0,0,0,0,0,0,0,0,0,0,0,0,0,0,0,0,0,0,0,0,0,0,0,0,0,0,0,0,0,0,0,0,0,0,0,0,0,0,0,0,0,0,0,0,0,0,0,0,0,0,0,0,0,0,0,0,50.78,0,0,100.94,89.51,96.47,121.29,0,93.56,75.39,61.37,96.68,131.88,127,106.23,0,0,0,0,0,0,0,0,0,0,0,0,0,0,0,0,0,0,0,0,0,0,0,0,0,0,0,0,0,0,0,0,0,0,0,0,0,0,0,0,0,0,0,0,0,0,0,378,,,,,378,150,,,,,,
2,0,0,0,0,0,0,0,0,0,0,0,0,0,0,0,0,0,0,0,0,0,0,0,0,0,0,0,0,0,0,0,0,0,0,0,0,0,0,0,0,0,0,0,0,0,0,0,0,0,0,0,0,0,0,0,0,0,0,0,0,0,0,0,0,0,0,0,0,0,0,0,0,0,0,0,0,0,0,0,0,0,0,0,0,0,0,0,0,0,0,0,0,0,0,0,0,0,0,0,0,0,0,0,0,0,0,0,0,0,0,0,0,0,0,0,0,0,0,0,0,0,0,0,0,0,0,0,0,0,0,0,0,0,0,0,0,0,0,0,0,0,0,0,0,0,0,0,0,0,0,0,0,0,0,0,0,0,0,0,0,0,0,0,0,0,0,0,0,0,0,0,0,0,0,0,0,0,0,0,0,0,0,0,0,0,0,0,0,0,0,0,0,0,0,0,0,0,0,0,0,0,0,0,0,0,0,0,0,0,56.18,74.56,91.18,114.44,0,85.15,75.39,51.09,96.68,119.73,81.1,100.94,0,0,0,0,0,0,0,0,0,0,0,0,0,0,0,0,0,0,0,0,0,0,0,0,0,0,0,0,0,0,0,0,0,0,0,0,0,0,0,0,0,0,0,0,0,0,0,376,,,,,376,151,,,,,,
2,0,0,0,0,0,0,0,0,0,0,0,0,0,0,0,0,0,0,0,0,0,0,0,0,0,0,0,0,0,0,0,0,0,0,0,0,0,0,0,0,0,0,0,0,0,0,0,0,0,0,0,0,0,0,0,0,0,0,0,0,0,0,0,0,0,0,0,0,0,0,0,0,0,0,0,0,0,0,0,0,0,0,0,0,0,0,0,0,0,0,0,0,0,0,0,0,0,0,0,0,0,0,0,0,0,0,0,0,0,0,0,0,0,0,0,0,0,0,0,0,0,0,0,0,0,0,0,0,0,0,0,0,0,0,0,0,0,0,0,0,0,0,0,0,0,0,0,0,0,0,0,0,0,0,0,0,0,0,0,0,0,0,0,0,0,0,0,0,0,0,0,0,0,0,0,0,0,0,0,0,0,0,0,0,0,0,0,0,0,0,0,0,0,0,0,0,0,0,0,0,0,0,0,0,0,0,0,0,0,0,0,0,86.4,0,85.15,65.84,51.09,96.68,119.73,81.1,75.7,0,0,0,0,0,0,0,0,0,0,0,0,0,0,0,0,0,0,0,0,0,0,0,0,0,0,0,0,0,0,0,0,0,0,0,0,0,0,0,0,0,0,0,0,0,0,0,374,,,,,374,152,,,,,,
2,0,0,0,0,0,0,0,0,0,0,0,0,0,0,0,0,0,0,0,0,0,0,0,0,0,0,0,0,0,0,0,0,0,0,0,0,0,0,0,0,0,0,0,0,0,0,0,0,0,0,0,0,0,0,0,0,0,0,0,0,0,0,0,0,0,0,0,0,0,0,0,0,0,0,0,0,0,0,0,0,0,0,0,0,0,0,0,0,0,0,0,0,0,0,0,0,0,0,0,0,0,0,0,0,0,0,0,0,0,0,0,0,0,0,0,0,0,0,0,0,0,0,0,0,0,0,0,0,0,0,0,0,0,0,0,0,0,0,0,0,0,0,0,0,0,0,0,0,0,0,0,0,0,0,0,0,0,0,0,0,0,0,0,0,0,0,0,0,0,0,0,0,0,0,0,0,0,0,0,0,0,0,0,0,0,0,0,0,0,0,0,0,0,0,0,0,0,0,0,0,0,0,0,0,0,0,0,0,0,0,0,0,0,0,78.51,54.83,28.97,96.68,94.19,56.18,69.99,0,0,0,0,0,0,0,0,0,0,0,0,0,0,0,0,0,0,0,0,0,0,0,0,0,0,0,0,0,0,0,0,0,0,0,0,0,0,0,0,0,0,0,0,0,0,0,372,,,,,372,153,,,,,,
2,0,0,0,0,0,0,0,0,0,0,0,0,0,0,0,0,0,0,0,0,0,0,0,0,0,0,0,0,0,0,0,0,0,0,0,0,0,0,0,0,0,0,0,0,0,0,0,0,0,0,0,0,0,0,0,0,0,0,0,0,0,0,0,0,0,0,0,0,0,0,0,0,0,0,0,0,0,0,0,0,0,0,0,0,0,0,0,0,0,0,0,0,0,0,0,0,0,0,0,0,0,0,0,0,0,0,0,0,0,0,0,0,0,0,0,0,0,0,0,0,0,0,0,0,0,0,0,0,0,0,0,0,0,0,0,0,0,0,0,0,0,0,0,0,0,0,0,0,0,0,0,0,0,0,0,0,0,0,0,0,0,0,0,0,0,0,0,0,0,0,0,0,0,0,0,0,0,0,0,0,0,0,0,0,0,0,0,0,0,0,0,0,0,0,0,0,0,0,0,0,0,0,0,0,0,0,0,0,0,0,0,0,0,0,36.03,32.92,28.97,96.68,94.19,47.04,62.83,0,0,0,0,0,0,0,0,0,0,0,0,0,0,0,0,0,0,0,0,0,0,0,0,0,0,0,0,0,0,0,0,0,0,0,0,0,0,0,0,0,0,0,0,0,0,0,370,,,,,370,154,,,,,,
2,0,0,0,0,0,0,0,0,0,0,0,0,0,0,0,0,0,0,0,0,0,0,0,0,0,0,0,0,0,0,0,0,0,0,0,0,0,0,0,0,0,0,0,0,0,0,0,0,0,0,0,0,0,0,0,0,0,0,0,0,0,0,0,0,0,0,0,0,0,0,0,0,0,0,0,0,0,0,0,0,0,0,0,0,0,0,0,0,0,0,0,0,0,0,0,0,0,0,0,0,0,0,0,0,0,0,0,0,0,0,0,0,0,0,0,0,0,0,0,0,0,0,0,0,0,0,0,0,0,0,0,0,0,0,0,0,0,0,0,0,0,0,0,0,0,0,0,0,0,0,0,0,0,0,0,0,0,0,0,0,0,0,0,0,0,0,0,0,0,0,0,0,0,0,0,0,0,0,0,0,0,0,0,0,0,0,0,0,0,0,0,0,0,0,0,0,0,0,0,0,0,0,0,0,0,0,0,0,0,0,0,0,0,0,0,0,28.97,96.68,75.29,0,62.83,0,0,0,0,0,0,0,0,0,0,0,0,0,0,0,0,0,0,0,0,0,0,0,0,0,0,0,0,0,0,0,0,0,0,0,0,0,0,0,0,0,0,0,0,0,0,0,368,,,,,368,155,,,,,,
2,0,0,0,0,0,0,0,0,0,0,0,0,0,0,0,0,0,0,0,0,0,0,0,0,0,0,0,0,0,0,0,0,0,0,0,0,0,0,0,0,0,0,0,0,0,0,0,0,0,0,0,0,0,0,0,0,0,0,0,0,0,0,0,0,0,0,0,0,0,0,0,0,0,0,0,0,0,0,0,0,0,0,0,0,0,0,0,0,0,0,0,0,0,0,0,0,0,0,0,0,0,0,0,0,0,0,0,0,0,0,0,0,0,0,0,0,0,0,0,0,0,0,0,0,0,0,0,0,0,0,0,0,0,0,0,0,0,0,0,0,0,0,0,0,0,0,0,0,0,0,0,0,0,0,0,0,0,0,0,0,0,0,0,0,0,0,0,0,0,0,0,0,0,0,0,0,0,0,0,0,0,0,0,0,0,0,0,0,0,0,0,0,0,0,0,0,0,0,0,0,0,0,0,0,0,0,0,0,0,0,0,0,0,0,0,0,25.55,96.68,31.67,0,56.6,0,0,0,0,0,0,0,0,0,0,0,0,0,0,0,0,0,0,0,0,0,0,0,0,0,0,0,0,0,0,0,0,0,0,0,0,0,0,0,0,0,0,0,0,0,0,0,366,,,,,366,156,,,,,,
2,0,0,0,0,0,0,0,0,0,0,0,0,0,0,0,0,0,0,0,0,0,0,0,0,0,0,0,0,0,0,0,0,0,0,0,0,0,0,0,0,0,0,0,0,0,0,0,0,0,0,0,0,0,0,0,0,0,0,0,0,0,0,0,0,0,0,0,0,0,0,0,0,0,0,0,0,0,0,0,0,0,0,0,0,0,0,0,0,0,0,0,0,0,0,0,0,0,0,0,0,0,0,0,0,0,0,0,0,0,0,0,0,0,0,0,0,0,0,0,0,0,0,0,0,0,0,0,0,0,0,0,0,0,0,0,0,0,0,0,0,0,0,0,0,0,0,0,0,0,0,0,0,0,0,0,0,0,0,0,0,0,0,0,0,0,0,0,0,0,0,0,0,0,0,0,0,0,0,0,0,0,0,0,0,0,0,0,0,0,0,0,0,0,0,0,0,0,0,0,0,0,0,0,0,0,0,0,0,0,0,0,0,0,0,0,0,22.74,93.88,0,0,0,0,0,0,0,0,0,0,0,0,0,0,0,0,0,0,0,0,0,0,0,0,0,0,0,0,0,0,0,0,0,0,0,0,0,0,0,0,0,0,0,0,0,0,0,0,0,0,364,,,,,364,157,,,,,,
2,0,0,0,0,0,0,0,0,0,0,0,0,0,0,0,0,0,0,0,0,0,0,0,0,0,0,0,0,0,0,0,0,0,0,0,0,0,0,0,0,0,0,0,0,0,0,0,0,0,0,0,0,0,0,0,0,0,0,0,0,0,0,0,0,0,0,0,0,0,0,0,0,0,0,0,0,0,0,0,0,0,0,0,0,0,0,0,0,0,0,0,0,0,0,0,0,0,0,0,0,0,0,0,0,0,0,0,0,0,0,0,0,0,0,0,0,0,0,0,0,0,0,0,0,0,0,0,0,0,0,0,0,0,0,0,0,0,0,0,0,0,0,0,0,0,0,0,0,0,0,0,0,0,0,0,0,0,0,0,0,0,0,0,0,0,0,0,0,0,0,0,0,0,0,0,0,0,0,0,0,0,0,0,0,0,0,0,0,0,0,0,0,0,0,0,0,0,0,0,0,0,0,0,0,0,0,0,0,0,0,0,0,0,0,0,0,22.74,0,0,0,0,0,0,0,0,0,0,0,0,0,0,0,0,0,0,0,0,0,0,0,0,0,0,0,0,0,0,0,0,0,0,0,0,0,0,0,0,0,0,0,0,0,0,0,0,0,0,0,362,,,,,362,158,,,,,,
2,0,0,0,0,0,0,0,0,0,0,0,0,0,0,0,0,0,0,0,0,0,0,0,0,0,0,0,0,0,0,0,0,0,0,0,0,0,0,0,0,0,0,0,0,0,0,0,0,0,0,0,0,0,0,0,0,0,0,0,0,0,0,0,0,0,0,0,0,0,0,0,0,0,0,0,0,0,0,0,0,0,0,0,0,0,0,0,0,0,0,0,0,0,0,0,0,0,0,0,0,0,0,0,0,0,0,0,0,0,0,0,0,0,0,0,0,0,0,0,0,0,0,0,0,0,0,0,0,0,0,0,0,0,0,0,0,0,0,0,0,0,0,0,0,0,0,0,0,0,0,0,0,0,0,0,0,0,0,0,0,0,0,0,0,0,0,0,0,0,0,0,0,0,0,0,0,0,0,0,0,0,0,0,0,0,0,0,0,0,0,0,0,0,0,0,0,0,0,0,0,0,0,0,0,0,0,0,0,0,0,0,0,0,0,0,0,22.74,0,0,0,0,0,0,0,0,0,0,0,0,0,0,0,0,0,0,0,0,0,0,0,0,0,0,0,0,0,0,0,0,0,0,0,0,0,0,0,0,0,0,0,0,0,0,0,0,0,0,0,360,,,,,360,159,,,,,,
2,0,0,0,0,0,0,0,0,0,0,0,0,0,0,0,0,0,0,0,0,0,0,0,0,0,0,0,0,0,0,0,0,0,0,0,0,0,0,0,0,0,0,0,0,0,0,0,0,0,0,0,0,0,0,0,0,0,0,0,0,0,0,0,0,0,0,0,0,0,0,0,0,0,0,0,0,0,0,0,0,0,0,0,0,0,0,0,0,0,0,0,0,0,0,0,0,0,0,0,0,0,0,0,0,0,0,0,0,0,0,0,0,0,0,0,0,0,0,0,0,0,0,0,0,0,0,0,0,0,0,0,0,0,0,0,0,0,0,0,0,0,0,0,0,0,0,0,0,0,0,0,0,0,0,0,0,0,0,0,0,0,0,0,0,0,0,0,0,0,0,0,0,0,0,0,0,0,0,0,0,0,0,0,0,0,0,0,0,0,0,0,0,0,0,0,0,0,0,0,0,0,0,0,0,0,0,0,0,0,0,0,0,0,0,0,0,0,0,0,0,0,0,0,0,0,0,0,0,0,0,0,0,0,0,0,0,0,0,0,0,0,0,0,0,0,0,0,0,0,0,0,0,0,0,0,0,0,0,0,0,0,0,0,0,0,0,0,0,358,,,,,358,160,,,,,,
