$ XILUODU,segment222的宽度是根据深泓线数据确定的,,,,,,,,,,,,,,,,,,,,,,,,,,,,,,,,,,,,,,,,,,,,,,,,,,,,,,,,,,,,,,,,,,,,,,,,,,,,,,,,,,,,,,,,,,,,,,,,,,,,,,,,,,,,,,,,,,,,,,,,,,,,,,,,,,,,,,,,,,,,,,,,,,,,,,,,,,,,,,,,,,,,,,,,,,,,,,,,,,,,,,,,,,,,,,,,,,,,,,,,,,,,,,,,,,,,,,,,,,,,,,,牛栏江,,,,,,,,,,,,,,,美姑河,,,,,,,,,,,,,,,,,,西苏角河,,,,,,,,,,,,,,,,,,,,,,,,
SEG: I,1,2,3,4,5,6,7,8,9,10,11,12,13,14,15,16,17,18,19,20,21,22,23,24,25,26,27,28,29,30,31,32,33,34,35,36,37,38,39,40,41,42,43,44,45,46,47,48,49,50,51,52,53,54,55,56,57,58,59,60,61,62,63,64,65,66,67,68,69,70,71,72,73,74,75,76,77,78,79,80,81,82,83,84,85,86,87,88,89,90,91,92,93,94,95,96,97,98,99,100,101,102,103,104,105,106,107,108,109,110,111,112,113,114,115,116,117,118,119,120,121,122,123,124,125,126,127,128,129,130,131,132,133,134,135,136,137,138,139,140,141,142,143,144,145,146,147,148,149,150,151,152,153,154,155,156,157,158,159,160,161,162,163,164,165,166,167,168,169,170,171,172,173,174,175,176,177,178,179,180,181,182,183,184,185,186,187,188,189,190,191,192,193,194,195,196,197,198,199,200,201,202,203,204,205,206,207,208,209,210,211,212,213,214,215,216,217,218,219,220,221,222,223,224,225,226,227,228,229,230,231,232,233,234,235,236,237,238,239,240,241,242,243,244,245,246,247,248,249,250,251,252,253,254,255,256,257,258,259,260,261,262,263,264,265,266,267,268,,,,,,,,,,,,,
DLX,885,670,860,1250,990,840,960,760,740,970,780,1390,660,1210,660,630,820,720,700,950,2350,850,1260,800,670,710,640,650,580,730,900,800,660,640,1030,540,830,820,950,1020,860,610,660,860,850,860,770,840,900,700,960,740,820,530,760,1260,1060,960,620,1110,740,780,640,660,640,660,1070,1080,750,570,970,560,870,940,1220,790,1160,1370,1210,400,1070,1130,1120,870,1050,1240,760,1050,1430,870,1070,850,580,610,590,920,800,1040,930,1190,890,850,790,580,900,630,790,850,500,580,950,800,950,1220,1050,1000,840,940,680,970,1350,720,880,870,780,840,1040,1060,1070,920,970,680,1090,770,1160,510,940,1020,950,640,620,610,920,790,470,1150,620,700,590,840,740,670,1230,850,1130,960,840,620,1020,830,1220,770,900,1190,730,1000,780,1090,910,980,720,1260,690,1000,510,790,780,990,710,1070,950,640,980,1040,840,1410,1450,1490,540,1060,1790,690,1030,820,640,1030,820,870,600,750,520,830,1180,1250,970,1040,1110,800,940,1110,730,710,730,1160,1020,550,1030,580,940,1170,660,400,885,305,570,350,280,270,290,250,310,280,310,280,420,250,110,305,963,1000,1250,880,1010,1330,980,910,990,850,870,1700,1060,1220,510,670,180,963,876,950,1070,1860,840,640,1160,930,470,700,140,876,,,,,,,,,,,,,
ELWS,592.18,592.18,592.04,591.85,591.59,591.38,591.2,590.99,590.83,590.67,590.47,590.3,590.01,589.86,589.61,589.47,589.33,589.16,589,588.86,588.65,588.15,587.97,587.7,587.53,587.39,587.37,587.35,587.34,587.32,587.3,587.27,587.25,587.23,587.22,587.19,587.17,587.15,587.13,587.1,587.08,587.05,587.04,587.02,586.99,586.97,586.95,586.93,586.9,586.88,586.86,586.83,586.81,586.79,586.78,586.75,586.72,586.7,586.68,586.67,586.65,586.64,586.62,586.61,586.6,586.59,586.57,586.55,586.53,586.52,586.51,586.49,586.48,586.47,586.45,586.43,586.41,586.39,586.36,586.34,586.33,586.31,586.29,586.27,586.26,586.24,586.21,586.2,586.18,586.15,586.14,586.12,586.1,586.09,586.08,586.07,586.05,586.04,586.02,586,585.98,585.96,585.95,585.93,585.92,585.9,585.89,585.88,585.86,585.85,585.84,585.82,585.81,585.79,585.77,585.75,585.77,585.78,585.8,585.81,585.83,585.86,585.87,585.89,585.9,585.92,585.93,585.95,585.97,585.99,586.01,586.03,586.04,586.06,586.08,586.1,586.11,586.13,586.14,586.16,586.17,586.19,586.2,586.21,586.23,586.24,586.26,586.27,586.28,586.29,586.31,586.32,586.34,586.36,586.38,586.4,586.41,586.43,586.44,586.46,586.48,586.5,586.51,586.53,586.55,586.57,586.59,586.6,586.6,586.6,586.6,586.6,586.6,586.6,586.6,586.59,586.59,586.59,586.59,586.59,586.59,586.59,586.59,586.59,586.59,586.59,586.59,586.59,586.59,586.59,586.58,586.58,586.58,586.58,586.58,586.58,586.58,586.58,586.58,586.58,586.58,586.58,586.58,586.58,586.58,586.58,586.57,586.57,586.57,586.57,586.57,586.57,586.57,586.57,586.57,586.57,586.57,586.57,586.57,586.57,586.57,586.57,586.57,586.72,586.72,586.72,586.72,586.72,586.72,586.72,586.72,586.72,586.72,586.72,586.72,586.72,586.72,586.72,592,592,591.32,590.65,589.97,589.3,588.63,587.95,587.28,586.61,586.61,586.61,586.61,586.61,586.61,586.61,586.61,586.61,602,602,597,592,587,586.93,586.86,586.8,586.73,586.66,586.6,586.6,,,,,,,,,,,,,
ANGLE,0,3.14,3.14,2.87,2.36,2.39,2.98,2.87,3.14,3.14,3.14,3.14,3.89,3.93,3.43,3.6,3.6,3.6,3.47,3.61,3.61,3.5,3.7,3.6,3.6,3.6,3.86,5.18,5.18,5.81,5.97,5.66,5.66,5.5,5.5,4.8,4.8,4.25,4.52,4.46,4.25,4.25,4.03,3.93,3.93,3.93,3.93,4.56,5.16,5.5,5.5,4.83,4.71,4.42,4.42,4.08,4.25,4.06,3.87,3.6,3.14,3.14,3.14,3.3,3.93,3.93,3.93,3.69,3.86,3.8,3.8,3.4,3.79,3.9,4.25,3.92,3.6,3.6,3.14,4.24,4.26,4.71,4.71,4.82,5.04,4.97,4.61,3.78,3.14,3.58,3.16,2.55,2.04,2.04,2.37,3.14,3.14,3.92,5.04,3.93,3.93,3.93,4.04,4.12,4.12,3.93,4.25,4.21,4.21,3.6,3.6,3.64,3.93,4.16,4.71,4.52,3.61,3.93,3.93,3.93,4.08,4.41,4.24,3.75,3.75,3.6,3.47,4.24,4.24,4.24,3.61,3.69,3.6,3.6,3.6,3.6,3.14,2.68,3.14,2.77,2.77,3.54,3.14,3.14,3.14,3.14,3.64,3.93,3.93,3.93,3.93,3.93,3.93,4.24,4.58,3.93,3.57,2.65,2.65,1.57,0.93,0.84,1.57,1.59,2.36,2.36,2.91,2.68,3.14,3.14,2.81,2.81,1.6,1.6,1.11,0.88,0.88,1.57,2.28,2.36,2.68,2.82,2.82,3.42,3.31,4.19,3.62,3.6,2.68,2.69,3.64,4.41,4.41,3.93,4.24,4.45,3.85,3.81,4.24,4.24,4.24,4.24,3.93,3.93,3.93,3.93,3.61,3.6,3.6,3.48,4.14,4.35,4.62,4.62,4.24,3.86,3.86,3.75,4.25,4.71,5.41,5.41,5.41,2.15,2.15,2.28,2.28,2.33,2.33,2.59,2.59,2.65,2.91,2.91,2.97,2.48,2.48,2.48,4.71,4.71,5.05,6.1,5.85,5.86,4.31,4.72,4.59,4.58,4.54,4.19,4.1,4.62,4.69,4.75,4.26,4.26,0,0,5.6,5.62,0.13,5.46,0.41,0.14,0.28,0.13,6.08,6.08,,,,,,,,,,,,,
MANNING,0.035,0.035,0.035,0.035,0.035,0.035,0.035,0.035,0.035,0.035,0.035,0.035,0.035,0.035,0.035,0.035,0.035,0.035,0.035,0.035,0.035,0.035,0.035,0.035,0.035,0.035,0.035,0.035,0.035,0.035,0.035,0.035,0.035,0.035,0.035,0.035,0.035,0.035,0.035,0.035,0.035,0.035,0.035,0.035,0.035,0.035,0.035,0.035,0.035,0.035,0.035,0.035,0.035,0.035,0.035,0.035,0.035,0.035,0.035,0.035,0.035,0.035,0.035,0.035,0.035,0.035,0.035,0.035,0.035,0.035,0.035,0.035,0.035,0.035,0.035,0.035,0.035,0.035,0.035,0.035,0.035,0.035,0.035,0.035,0.035,0.035,0.035,0.035,0.035,0.035,0.035,0.035,0.035,0.035,0.035,0.035,0.035,0.035,0.035,0.035,0.035,0.035,0.035,0.035,0.035,0.035,0.035,0.035,0.035,0.035,0.035,0.035,0.035,0.035,0.035,0.035,0.035,0.035,0.035,0.035,0.035,0.035,0.035,0.035,0.035,0.035,0.035,0.035,0.035,0.035,0.035,0.035,0.035,0.035,0.035,0.035,0.035,0.035,0.035,0.035,0.035,0.035,0.035,0.035,0.035,0.035,0.035,0.035,0.035,0.035,0.035,0.035,0.035,0.035,0.035,0.035,0.035,0.035,0.035,0.035,0.035,0.035,0.035,0.035,0.035,0.035,0.035,0.035,0.035,0.035,0.035,0.035,0.035,0.035,0.035,0.035,0.035,0.035,0.035,0.035,0.035,0.035,0.035,0.035,0.035,0.035,0.035,0.035,0.035,0.035,0.035,0.035,0.035,0.035,0.035,0.035,0.035,0.035,0.035,0.035,0.035,0.035,0.035,0.035,0.035,0.035,0.035,0.035,0.035,0.035,0.035,0.035,0.035,0.035,0.035,0.035,0.035,0.035,0.035,0.035,0.035,0.035,0.035,0.035,0.035,0.035,0.035,0.035,0.035,0.035,0.035,0.035,0.035,0.035,0.035,0.035,0.035,0.035,0.035,0.035,0.035,0.035,0.035,0.035,0.035,0.035,0.035,0.035,0.035,0.035,0.035,0.035,0.035,0.035,0.035,0.035,0.035,0.035,0.035,0.035,0.035,0.035,0.035,0.035,0.035,0.035,0.035,0.035,,,,,,,,,,,,,
LAYER,,BR1,,,,,,,,,,,,,,,,,,,,,,,,,,,,,,,,,,,,,,,,,,,,,,,,,,,,,,,,,,,,,,,,,,,,,,,,,,,,,,,,,,,,,,,,,,,,,,,,,,,,,,,,,,,,,,,,,,,,,,,,,,,,,,,,,,,,,,,,,,,,,,,,,,,,,,,,,,,,,,,,,,,,,,,,,,,,,,,,,,,,,,,,,,,,,,,,,,,,,,,,,,,,,,,,,,,,,,,,,,,,,,BR2,,,,,,,,,,,,,,,BR3,,,,,,,,,,,,,,,,,,BR4,,,,,,,,,,,,,,,,,,K,Area,Volume (m^3),Volume(af),Bottom Elevation(m),Bottom Elevation(ft),mult
0.25,0,0,0,0,0,0,0,0,0,0,0,0,0,0,0,0,0,0,0,0,0,0,0,0,0,0,0,0,0,0,0,0,0,0,0,0,0,0,0,0,0,0,0,0,0,0,0,0,0,0,0,0,0,0,0,0,0,0,0,0,0,0,0,0,0,0,0,0,0,0,0,0,0,0,0,0,0,0,0,0,0,0,0,0,0,0,0,0,0,0,0,0,0,0,0,0,0,0,0,0,0,0,0,0,0,0,0,0,0,0,0,0,0,0,0,0,0,0,0,0,0,0,0,0,0,0,0,0,0,0,0,0,0,0,0,0,0,0,0,0,0,0,0,0,0,0,0,0,0,0,0,0,0,0,0,0,0,0,0,0,0,0,0,0,0,0,0,0,0,0,0,0,0,0,0,0,0,0,0,0,0,0,0,0,0,0,0,0,0,0,0,0,0,0,0,0,0,0,0,0,0,0,0,0,0,0,0,0,0,0,0,0,0,0,0,0,0,0,0,0,0,0,0,0,0,0,0,0,0,0,0,0,0,0,0,0,0,0,0,0,0,0,0,0,0,0,0,0,0,0,0,0,0,0,0,0,0,0,0,0,0,0,0,0,0,0,0,0,,,,,,,1,,0,,604,,
0.25,0,315.62,135.98,244.2,179.23,167.27,161.76,188.37,171.85,175.38,168.41,162.9,210.1,235.99,296.39,270.4,190.56,260.11,231.21,298.36,307.2,220.6,235.36,250.96,200.23,169.04,194.2,267.07,280.59,289.01,340.36,256.78,337.25,361.05,415.01,362.2,349.1,394.01,395.15,333.71,462.83,362.61,301.48,328.62,612.63,623.86,494.64,551.51,427.79,484.66,453.58,463.76,437.77,486.74,410.22,365.31,481.54,361.16,298.99,393.38,418.96,550.47,404.09,334.23,327.16,351.9,661.7,616.17,428.63,365.11,377.79,490.59,672.52,467.4,367.08,502.75,395.05,513.56,462.72,567.41,420.1,649.96,494.64,579.99,570.84,780.53,734.89,576.98,537.58,498.07,620.95,400.66,709.84,767.43,643.2,602.45,664.61,656.92,499.53,609.72,515.12,378.21,603.9,659.52,497.03,615.23,698.3,1033.88,1039.91,948.53,988.66,829.39,730,1118.81,734.79,815.25,922.95,843.11,686.24,661.91,919.21,823.67,699.44,618.04,553.79,623.76,567.41,748.61,1011.01,478.42,515.95,588,611.49,773.67,521.36,702.35,619.5,1048.02,761.61,1003.73,892.29,723.98,734.37,726.37,619.39,620.02,589.04,701.1,668.36,770.45,614.71,650.48,693.72,709.63,736.97,769.72,807.97,660.56,928.05,1310.41,1296.17,857.46,560.13,660.25,1193.04,1379.23,1042.51,915.88,783.23,796.33,824.19,831.78,776.68,648.4,1272.88,995.62,1179.21,843.32,781.46,615.86,722.31,694.97,892.39,920.04,818.58,779.59,942.71,804.34,700.9,1107.48,1001.76,649.33,816.29,1281.41,1479.97,1459.18,1565.94,1273.92,922.33,594.44,739.26,740.4,731.25,904.45,1193.25,840.1,1194.39,880.54,803.71,913.81,995.62,904.97,796.75,599.74,863.8,937.4,1084.61,972.13,707.03,762.96,636.03,504.23,0,0,174.24,140.24,130.26,214.78,239.42,261.98,283.81,228.3,272.48,306.27,283.6,166.96,317.8,0,0,48.03,100.11,275.39,199.19,266.03,297.32,247.94,389.33,302.73,386.94,426.44,522.61,460.85,445.78,354.4,436.84,0,0,24.53,130.47,178.08,235.05,209.37,288.7,319.16,445.57,385.27,599.54,0,,,,,,,2,,267292320.6,,603.75,,
0.25,0,306.89,135.98,243.58,179.23,155,161.76,188.37,171.85,175.38,168.41,162.9,203.97,235.99,295.97,270.4,190.56,260.11,231.21,298.36,307.2,220.6,235.36,250.96,200.23,169.04,194.2,267.07,280.59,289.01,340.36,253.56,337.25,361.05,415.01,362.2,349.1,394.01,392.76,333.71,462.83,362.61,299.51,328.62,612.63,623.86,494.54,551.51,427.79,484.66,453.58,463.76,437.77,486.74,410.22,365.31,481.54,361.16,298.99,392.86,418.96,550.47,404.09,334.23,324.87,350.97,661.7,616.17,428.63,365.11,377.79,490.59,672.52,465.12,367.08,502.75,390.89,513.56,461.27,567.41,420.1,649.96,494.02,579.99,570.84,780.53,733.85,576.98,537.58,493.5,616.79,400.66,709.84,767.43,643.2,602.45,664.61,656.92,499.53,609.72,515.12,378.21,602.97,659.52,497.03,615.23,698.3,1033.88,1036.37,948.01,988.66,829.39,730,1118.81,734.79,811.82,922.95,843.11,686.24,661.91,919.21,823.67,699.44,618.04,553.79,623.76,567.41,748.61,1011.01,478.42,515.95,588,611.49,773.67,521.36,702.35,619.5,1048.02,761.61,1003.73,892.29,720.96,734.37,726.37,619.39,620.02,589.04,701.1,668.36,766.6,614.71,650.48,693.72,709.63,736.97,769.72,807.97,660.56,928.05,1310.41,1296.17,857.46,559.3,660.25,1193.04,1378.3,1042.51,915.88,783.23,796.33,824.19,831.78,776.68,648.4,1272.88,990.42,1179.21,843.32,781.46,615.86,722.31,694.97,892.39,920.04,818.58,779.59,942.71,804.34,700.9,1107.48,1001.76,649.33,816.29,1281.41,1479.97,1459.18,1564.18,1273.92,922.33,594.44,739.26,740.4,726.26,904.45,1193.25,837.91,1194.39,880.23,803.71,913.7,995.62,904.97,796.75,599.74,860.37,937.4,1084.61,972.13,707.03,762.96,636.03,504.23,0,0,174.24,140.24,130.26,214.78,239.42,261.98,283.81,228.3,270.3,306.27,283.6,166.96,317.8,0,0,48.03,100.11,275.39,199.19,266.03,297.12,247.94,389.33,302.73,386.94,426.44,522.61,460.85,445.78,354.4,436.84,0,0,24.53,130.47,178.08,235.05,209.37,288.7,319.16,445.57,385.27,599.54,0,,,,,,,3,,264274881.8,,603.5,,
0.25,0,306.89,135.98,243.58,173.61,155,161.76,188.37,171.33,175.38,168.41,162.9,203.97,235.99,295.97,270.4,182.87,260.11,226.32,280.9,307.2,220.6,235.36,250.96,199.6,169.04,194.2,267.07,280.59,289.01,340.36,253.56,337.25,361.05,415.01,362.2,348.78,391.3,392.76,333.71,462.83,362.61,297.64,328.62,612.63,623.65,483.52,551.51,427.79,482.27,453.58,463.76,436.84,486.74,410.22,365.31,481.54,361.16,298.99,392.86,418.96,550.47,404.09,333.29,324.87,350.97,657.65,616.17,423.32,363.13,377.79,483.52,672.52,465.12,359.7,501.4,390.89,513.56,461.27,567.41,415.73,635.92,491.52,579.99,570.84,780.53,733.85,576.98,537.58,493.5,616.79,400.66,709.84,763.38,643.2,602.45,664.61,656.92,499.53,608.27,515.12,376.96,599.43,658.17,495.47,615.23,697.15,1033.88,1036.37,948.01,988.66,828.87,730,1118.81,731.77,811.82,922.95,842.28,682.7,661.91,919.21,823.67,699.44,618.04,553.79,623.76,567.41,746.53,1011.01,478.42,515.95,588,611.49,773.67,521.36,702.35,619.5,1045.83,761.61,1001.55,890.21,720.96,733.75,724.18,619.39,618.25,589.04,701.1,667.21,766.6,612.63,650.48,693.72,708.9,734.89,769.72,807.97,660.56,928.05,1307.6,1289.41,857.46,559.3,660.25,1193.04,1378.3,1042.51,915.88,783.23,796.33,824.19,831.78,776.68,648.4,1272.88,990.42,1179.21,843.32,781.46,615.86,722.31,694.97,890.93,920.04,817.23,779.59,942.71,804.34,700.9,1107.48,1001.76,646.84,816.29,1281.41,1479.97,1459.18,1559.81,1273.92,922.33,593.92,739.26,738.11,726.26,897.8,1193.25,837.91,1192.52,880.23,803.71,913.29,995.62,904.97,796.75,599.74,860.37,937.4,1084.61,972.13,707.03,762.96,636.03,504.23,0,0,171.95,140.24,126.83,214.78,239.42,261.98,281.73,225.38,268.74,300.34,283.6,166.96,316.66,0,0,48.03,99.91,275.39,199.19,266.03,297.12,247.94,387.67,302.73,386.94,426.44,522.61,460.85,445.78,354.4,436.11,0,0,24.53,130.47,178.08,235.05,209.37,288.7,319.16,445.57,385.27,599.54,0,,,,,,,4,,261448297.4,,603.25,,
0.25,0,306.89,135.98,243.58,173.61,155,161.76,188.37,171.33,175.38,168.41,161.14,203.97,231.93,295.97,266.24,176.32,260.11,226.32,280.9,307.2,220.6,229.65,250.96,195.65,169.04,194.2,267.07,280.59,289.01,340.36,250.65,337.25,361.05,415.01,362.2,348.78,391.3,392.76,333.71,462.83,362.61,297.64,328.62,521.25,623.65,483.52,550.26,421.66,482.27,453.58,463.76,436.84,486.74,410.22,365.31,477.49,359.08,298.99,392.86,418.96,550.47,404.09,333.29,318.12,350.97,656.82,612.01,422.39,363.13,377.79,483.52,670.23,463.35,359.7,501.4,390.89,511.9,461.27,567.41,415.73,635.92,491.52,579.99,570.84,780.53,733.85,571.57,531.03,493.5,616.79,400.66,709.84,763.38,643.2,602.45,663.37,655.15,499.53,608.27,514.81,376.96,599.43,658.17,495.47,615.23,697.15,1033.88,1036.37,948.01,988.66,828.87,730,1118.81,731.77,811.82,922.95,842.28,682.7,661.91,919.21,823.67,699.44,615.55,552.55,617.1,567.41,746.53,1011.01,478.42,515.95,586.54,611.49,761.3,520.94,702.35,616.48,1045.83,761.61,1001.55,890.21,719.09,733.75,724.18,614.4,618.25,589.04,700.48,667.21,766.6,612.63,649.64,693.72,708.9,734.89,769.72,806.73,660.56,928.05,1307.6,1289.41,857.25,559.3,659.73,1191.17,1378.3,1040.95,914.33,783.23,791.76,824.19,831.78,776.68,648.4,1272.47,990.42,1179.21,843.32,779.7,615.86,722.31,694.97,887.71,920.04,817.23,779.59,940.32,804.23,699.96,1107.48,1001.76,646.84,816.29,1281.41,1479.97,1459.18,1559.81,1273.92,921.29,593.92,739.26,738.11,726.26,897.8,1190.34,837.91,1192.52,880.23,803.71,913.29,995.62,904.97,796.75,599.74,860.37,933.35,1084.61,968.7,707.03,762.96,633.43,504.21,0,0,171.95,140.14,126.83,214.78,239.42,261.98,281.73,225.38,268.74,300.34,283.6,166.96,316.66,0,0,42.31,99.91,275.39,196.07,266.03,297.12,247.94,385.9,302.73,386.94,426.44,522.61,460.85,445.78,354.4,436.11,0,0,20.27,130.47,178.08,235.05,209.37,288.7,319.16,445.57,385.27,599.54,0,,,,,,,5,,258574073.8,,603,,
0.25,0,306.89,135.98,243.58,173.61,155,161.76,188.37,171.33,175.38,168.41,161.14,198.15,231.93,288.7,262.08,176.32,260.11,226.32,280.9,307.2,220.6,229.65,250.96,195.65,169.04,194.2,267.07,272.37,289.01,340.36,250.23,337.25,361.05,415.01,362.2,348.78,391.3,392.76,332.26,462.2,349.93,292.96,328.62,521.25,623.65,482.79,550.26,421.66,482.27,453.58,463.76,436.84,486.74,410.22,363.65,468.34,359.08,298.99,392.86,416.67,548.49,402.43,330.28,315.62,350.97,656.82,610.56,422.39,363.13,377.79,483.52,670.23,463.35,359.7,500.25,388.91,511.9,461.27,567.41,415.73,635.92,490.48,579.99,570.84,780.53,732.81,571.57,531.03,492.56,616.79,400.66,709.84,763.38,643.2,602.45,662.02,654.01,496.82,608.27,514.81,376.96,599.43,656.51,495.47,611.91,697.15,1033.88,1020.26,945.1,986.89,828.87,730,1118.29,731.77,811.82,922.95,839.99,682.7,661.91,917.96,823.67,699.44,615.55,552.55,617.1,565.85,746.53,1011.01,476.55,515.95,586.54,611.49,761.3,520.94,702.35,616.48,1045.83,761.61,1001.55,890.21,719.09,731.15,724.18,611.7,618.25,589.04,700.48,667.21,766.6,612.63,649.64,691.23,708.9,734.89,769.72,806.73,659.83,924.1,1307.6,1289.41,856.63,559.3,659.73,1191.17,1378.3,1040.95,914.33,780.84,791.76,824.19,829.49,776.68,646.84,1272.47,990.42,1179.21,843.32,779.7,615.86,717.95,693.83,887.71,916.72,817.23,779.59,935.43,804.23,699.96,1107.48,994.27,644.13,816.29,1279.74,1477.47,1456.89,1559.81,1273.51,921.29,593.92,738.32,738.11,726.26,897.8,1190.34,836.56,1192.52,878.36,803.71,913.29,995.31,904.97,796.75,596.94,860.37,933.35,1084.51,968.7,705.78,762.96,633.43,504.21,0,0,171.95,140.14,126.83,214.78,237.86,258.24,281.73,225.38,268.74,300.34,283.6,163.42,316.66,0,0,42.31,99.91,275.39,196.07,264.16,297.12,242.54,385.9,302.73,386.94,422.7,520.11,460.85,445.78,354.4,436.11,0,0,12.68,129.33,178.08,235.05,209.37,288.7,319.16,445.57,385.27,599.54,0,,,,,,,6,,255326760.8,,602.75,,
0.25,0,306.89,135.98,243.58,173.61,155,161.76,188.37,171.33,173.61,168.41,161.14,198.15,231.93,288.7,262.08,176.32,260.11,226.32,280.9,307.2,220.6,229.65,250.96,195.65,163.11,186.4,267.07,272.37,289.01,340.36,250.23,337.25,361.05,413.03,358.66,340.78,390.37,359.6,332.26,462.2,332.05,290.05,328.62,521.25,621.26,482.79,548.08,421.66,482.27,449.52,463.76,433.93,457.01,410.22,361.16,467.51,359.08,298.99,392.86,416.67,548.39,402.43,330.28,311.36,350.97,656.82,608.68,422.39,363.13,367.08,483.52,667.73,463.35,353.05,500.25,388.91,511.9,461.27,567.41,415.73,635.92,488.71,579.26,556.6,775.12,732.81,566.37,530.19,492.56,616.79,400.66,709.84,763.38,643.2,602.45,662.02,654.01,496.82,608.27,513.14,376.96,599.43,656.51,490.59,611.91,697.15,1024.73,1020.26,945.1,979.82,827.83,709.63,1118.29,724.7,808.91,922.95,839.99,682.7,661.91,917.96,823.67,696.43,615.55,551.19,617.1,563.98,746.53,1008.82,476.55,515.95,586.54,611.49,761.3,518.86,692.48,616.48,1045.83,761.61,1001.55,890.21,719.09,731.15,724.18,611.7,618.25,589.04,700.48,667.21,764.21,612.63,649.64,691.23,708.9,734.89,769.72,806.73,659.83,924.1,1307.6,1288.68,847.69,559.3,657.96,1191.17,1377.26,1039.7,914.33,780.84,790.93,824.19,825.96,776.68,646.84,1272.47,990.42,1176.82,843.32,779.7,615.86,717.95,693.83,887.71,916.72,817.23,777.41,935.43,801.74,697.26,1105.09,994.27,644.13,816.29,1279.54,1477.47,1456.89,1555.34,1264.67,921.29,593.92,738.32,738.11,726.26,877.94,1190.34,836.56,1192.11,878.36,803.3,908.61,995.31,904.97,796.33,596.94,860.37,933.35,1083.88,968.7,705.78,759.53,633.43,504.21,0,0,168.1,140.14,126.83,214.78,237.86,258.24,280.59,225.38,268.74,300.34,283.6,163.42,316.66,0,0,42.31,99.91,275.39,196.07,264.16,296.91,242.54,385.9,302.73,386.94,422.7,515.64,460.85,445.78,352.63,436.11,0,0,12.68,129.33,178.08,235.05,206.46,288.7,318.43,445.57,382.57,599.54,0,,,,,,,7,,251736206.2,,602.5,,
0.25,0,306.89,135.98,243.58,173.61,155,161.76,185.88,171.33,173.61,162.49,161.14,198.15,231.93,288.7,262.08,176.32,260.11,226.32,280.9,307.2,220.6,224.86,250.96,195.65,163.11,179.85,263.75,272.37,289.01,340.36,250.23,337.25,361.05,413.03,358.66,340.78,388.91,359.6,332.26,462.2,332.05,290.05,328.62,521.25,616.79,482.79,548.08,421.66,482.27,448.59,463.76,433.93,457.01,401.8,361.16,467.51,359.08,298.99,392.86,416.46,548.39,402.43,330.28,311.36,350.97,656.82,608.68,422.39,363.13,367.08,483.52,667.73,463.35,353.05,496.82,388.91,507.22,461.27,564.71,415.73,635.92,485.8,579.26,556.6,773.15,732.81,564.19,530.19,488.51,612.43,400.66,709.84,763.38,643.2,602.45,662.02,654.01,496.82,607.12,509.4,376.96,599.43,656.51,490.59,611.91,697.15,1024.73,1020.26,945.1,979.82,827.83,709.63,1118.29,724.7,808.91,922.95,839.99,682.7,661.91,915.88,818.37,696.43,615.55,551.19,614.61,563.98,746.53,1008.82,474.78,515.95,586.54,608.37,760.57,518.86,692.48,616.48,1044.79,759.63,999.47,887.3,719.09,731.15,724.18,611.7,618.25,589.04,700.48,662.02,764.21,612.63,649.64,691.23,705.57,734.89,769.72,806.73,659.83,924.1,1300.85,1288.68,847.69,559.3,656.4,1191.17,1377.26,1037.41,914.33,778.76,790.93,819.72,825.96,776.68,646.84,1271.74,989.38,1176.82,837.91,779.7,612.74,717.95,690.19,887.71,916.72,817.23,777.41,935.43,801.74,697.26,1101.04,990.32,644.13,816.29,1279.54,1477.47,1454.29,1552.33,1256.56,921.29,588,738.32,738.11,726.26,877.94,1190.34,833.96,1192.11,877.94,803.3,908.61,995.31,903.51,796.33,596.94,860.37,933.35,1083.88,968.7,705.78,759.53,633.43,504.21,0,0,168.1,136.29,126.83,212.39,233.18,258.24,280.59,225.38,268.74,300.34,283.6,163.42,316.66,0,0,41.69,99.91,275.39,196.07,264.16,296.91,242.54,385.9,301.59,386.94,422.7,515.64,460.85,445.78,352.63,436.11,0,0,8,129.33,175.8,234.95,206.46,288.7,318.43,445.57,380.7,598.81,0,,,,,,,8,,248587972.4,,602.25,,
0.25,0,306.89,131.2,243.58,173.61,155,161.76,185.05,171.33,173.61,162.49,161.14,198.15,222.47,288.18,257.09,176.32,260.11,226.32,275.39,307.2,220.6,224.86,250.96,195.65,163.11,179.85,263.75,272.37,289.01,340.36,250.23,330.59,361.05,413.03,358.66,337.14,388.91,353.98,329.97,462.2,332.05,290.05,328.62,521.25,611.7,461.27,548.08,421.66,482.27,448.59,463.76,433.93,444.64,400.97,361.16,466.57,354.5,298.99,392.86,416.46,548.39,402.43,329.14,308.86,350.97,656.82,608.68,422.39,363.13,367.08,483.52,660.98,463.35,352.94,496.82,384.03,507.22,459.19,564.71,415.73,635.92,485.8,578.85,556.6,773.15,732.81,564.19,530.19,488.51,612.43,400.66,703.39,763.38,638.62,602.45,662.02,654.01,496.82,607.12,509.4,376.96,599.43,656.51,490.59,611.91,691.64,1022.65,1020.26,945.1,979.82,827.83,709.63,1118.29,720.65,808.91,915.68,839.99,682.7,657.03,915.88,818.37,696.43,615.55,551.19,614.61,563.98,746.53,1008.82,474.78,515.95,583.73,608.37,754.96,518.86,692.48,616.48,1044.79,759.63,999.47,887.3,714,725.74,722,608.79,618.25,587.68,696.43,662.02,764.21,612.63,649.64,691.23,705.57,732.92,764.42,801.01,659.83,924.1,1300.85,1288.68,840.72,556.81,654.63,1188.57,1377.26,1037.41,911.1,778.76,790.93,819.72,825.96,775.54,643.3,1271.74,989.38,1172.25,837.91,779.7,610.14,717.95,690.19,887.71,913.81,817.23,777.41,935.43,801.74,694.35,1101.04,990.32,644.13,814.52,1279.54,1477.47,1454.29,1552.33,1248.45,921.29,588,735.1,737.39,726.26,877.94,1190.34,833.96,1192.11,877.94,803.3,908.61,993.13,903.51,796.33,596.94,855.48,932.52,1080.24,968.7,705.78,759.53,633.43,504.21,0,0,168.1,136.29,126.83,212.39,233.18,258.24,280.59,225.38,268.74,300.34,280.07,163.42,313.54,0,0,41.69,99.91,275.39,196.07,264.16,296.91,242.54,385.9,301.48,386.94,422.7,515.64,460.85,443.28,352.63,436.11,0,0,8,129.33,175.8,234.95,206.46,288.7,315.52,445.57,380.7,598.81,0,,,,,,,9,,245685927.6,,602,,
0.25,0,306.89,131.2,243.58,173.61,155,161.76,185.05,171.33,173.61,162.49,161.14,198.15,222.47,288.18,257.09,174.44,257.92,226.32,275.39,307.2,220.6,224.86,250.96,195.65,163.11,179.85,263.75,272.37,289.01,337.76,250.23,330.59,350.03,413.03,354.71,337.14,385.59,353.98,329.97,456.69,332.05,290.05,325.19,521.25,611.18,461.27,548.08,421.66,472.39,448.59,463.76,433.93,434.45,400.97,361.16,466.57,354.5,298.99,387.04,416.46,548.39,400.87,327.78,308.86,350.97,656.82,608.68,421.66,363.13,367.08,483.52,660.98,461.48,352.94,496.82,384.03,507.22,459.19,564.71,412.82,635.92,485.8,578.85,556.6,773.15,726.68,564.19,518.76,488.51,612.43,400.66,703.39,763.38,638.62,601.09,662.02,652.14,496.82,607.12,509.4,376.96,599.43,656.51,490.59,611.91,691.64,1022.65,1020.26,943.75,979.82,827.83,709.63,1118.29,720.65,808.91,911.83,834.38,682.7,654.32,915.88,818.37,696.43,615.55,551.19,614.61,563.98,741.86,1005.71,474.78,509.71,583.73,608.37,754.44,516.16,692.48,616.48,1044.79,759.63,999.47,887.3,714,725.74,722,608.79,618.25,581.24,696.43,662.02,764.21,610.35,649.44,691.23,705.57,732.92,761.5,801.01,659.83,924.1,1300.85,1288.68,840.72,556.81,654.63,1188.57,1375.59,1037.41,911.1,778.76,790.93,819.72,825.96,775.54,643.3,1271.74,987.93,1168.09,837.91,776.06,610.14,717.22,690.19,887.71,913.81,813.9,777.41,935.43,801.74,694.35,1101.04,990.32,644.13,814.52,1279.54,1477.47,1454.29,1552.33,1248.45,919.21,588,735.1,737.39,726.26,877.94,1190.34,833.96,1188.88,877.94,803.3,908.3,993.13,903.51,796.33,596.94,855.48,931.27,1080.24,968.7,696.32,755.27,633.43,504.21,0,0,168.1,136.29,126.83,212.39,233.18,258.24,274.66,223.83,266.86,298.47,280.07,163.42,310.11,0,0,41.69,99.91,275.39,196.07,264.16,296.91,242.54,385.9,301.48,386.94,419.79,515.64,457.63,443.28,351.49,436.11,0,0,0,129.33,171.33,234.95,206.46,285.58,315.52,444.74,380.7,598.81,0,,,,,,,10,,242497622.6,,601.75,,
0.25,0,296.18,131.2,243.58,173.61,155,161.76,185.05,171.33,173.61,162.49,161.14,198.15,222.47,288.18,257.09,174.44,257.92,226.32,275.39,307.2,220.6,224.86,250.96,195.65,163.11,179.85,263.75,272.37,289.01,337.76,245.97,330.59,350.03,410.54,350.97,337.14,385.59,353.98,329.97,456.69,332.05,290.05,325.19,521.25,611.18,461.27,548.08,421.66,472.39,448.59,463.76,433.93,424.47,400.97,361.16,466.57,354.5,298.99,383.82,416.46,540.59,396.5,327.78,308.86,350.97,656.82,608.68,421.66,363.13,365.42,483.52,660.98,457.32,352.94,496.82,384.03,507.22,459.19,564.71,412.82,635.92,485.8,578.85,553.38,773.15,726.68,564.19,513.56,488.51,605.77,400.66,703.39,762.34,633.84,601.09,660.56,652.14,496.82,605.15,509.4,374.98,594.65,656.51,490.59,606.4,691.64,1016.93,1016.62,943.75,973.58,827.83,709.63,1118.29,720.65,808.91,911.83,834.38,673.97,654.32,915.88,818.37,690.71,615.55,549.22,614.61,563.98,741.86,1005.71,474.78,509.71,583.73,608.37,754.44,516.16,692.48,615.75,1044.79,759.63,999.47,887.3,714,723.35,722,608.79,618.25,581.24,696.43,662.02,764.21,610.35,645.8,691.23,705.57,729.07,761.5,801.01,655.57,919.94,1300.85,1288.68,840.72,556.81,654.22,1188.57,1375.59,1037.41,911.1,778.76,790.93,819.72,822.22,775.54,641.64,1271.74,987.93,1168.09,837.91,776.06,610.14,716.7,690.19,867.54,913.81,811.41,777.41,935.43,799.55,694.35,1098.96,990.32,644.13,814.52,1274.44,1473.21,1454.29,1552.33,1234.52,919.21,588,735.1,737.39,726.26,877.94,1190.34,833.76,1188.88,877.94,795.92,908.3,993.13,901.85,796.33,596.94,855.48,931.27,1080.24,968.7,696.32,755.27,633.43,504.21,0,0,168.1,136.29,126.83,212.39,233.18,258.24,269.67,223.83,266.86,293.58,275.6,163.42,310.11,0,0,41.69,99.91,265.31,191.91,255.74,296.91,242.54,385.9,301.48,386.94,419.79,515.64,457.63,441.62,351.49,433.41,0,0,0,129.33,171.33,228.4,205.01,285.58,315.52,444.74,380.7,598.81,0,,,,,,,11,,239440843.2,,601.5,,
0.25,0,296.18,131.2,243.58,173.61,153.55,160.51,185.05,160.1,173.61,162.49,161.14,198.15,222.47,288.18,255.95,174.44,256.16,226.32,275.39,307.2,220.6,224.86,250.96,195.65,163.11,179.85,263.75,272.37,287.14,337.76,245.97,330.59,346.91,410.54,350.55,337.14,385.59,353.98,327.78,453.06,322.38,281.42,325.19,521.25,606.08,455.97,545.68,418.54,472.39,448.59,461.17,433.93,424.47,400.97,361.16,466.57,354.5,298.05,383.82,416.46,540.59,396.5,327.78,308.86,350.97,656.82,601.2,421.66,360.74,365.42,483.52,660.46,457.32,352.94,496.82,384.03,507.22,459.19,564.71,412.82,635.92,481.54,578.85,553.38,773.15,726.68,563.36,513.56,488.51,605.77,400.66,698.71,762.34,633.84,601.09,660.56,652.14,496.3,605.15,509.4,374.98,594.65,656.51,490.59,606.4,691.64,1016.93,1013.71,943.75,973.58,827.83,709.63,1116.53,714.41,804.13,911.83,834.38,673.97,654.32,915.88,818.37,690.71,615.55,549.22,614.61,563.98,741.86,1005.71,471.98,509.71,583.73,608.37,754.44,516.16,692.48,615.75,1044.79,754.23,999.47,887.3,709.63,723.35,722,608.79,618.25,581.24,696.43,662.02,760.36,610.35,645.8,691.23,704.64,729.07,761.5,801.01,655.57,919.94,1300.85,1288.68,840.72,556.81,651.1,1188.57,1375.59,1032.22,911.1,775.75,781.57,819.72,820.97,775.54,641.64,1267.16,979.82,1168.09,837.91,773.56,610.14,716.7,690.19,867.54,911.31,811.41,777.41,935.43,799.55,694.14,1098.96,990.32,644.13,810.78,1274.44,1472.9,1454.29,1552.33,1225.16,919.21,588,735.1,736.66,726.26,877.94,1187.64,830.74,1188.88,877.94,795.92,908.3,992.3,901.85,796.33,596.1,855.48,931.27,1080.24,968.7,696.32,755.27,630.72,504.21,0,0,168.1,136.29,126.83,212.39,233.18,258.24,269.67,221.64,266.86,288.8,275.6,163.42,310.11,0,0,41.69,99.91,265.31,191.91,255.74,296.91,242.02,382.26,301.48,386.94,419.79,515.64,457.63,441.62,351.49,433.41,0,0,0,129.33,171.33,228.4,205.01,285.58,315.52,442.87,380.7,598.81,0,,,,,,,12,,236447908.2,,601.25,,
0.25,0,296.18,131.2,243.58,173.61,153.55,160.51,185.05,160.1,173.61,162.49,158.43,198.15,222.47,283.6,255.95,174.44,256.16,226.32,275.39,307.2,220.6,218.21,250.96,195.65,163.11,179.85,263.75,272.37,287.14,337.76,242.02,330.59,346.91,410.54,350.55,337.14,385.07,353.98,327.78,448.9,322.38,281.42,325.19,521.25,605.67,455.97,545.68,418.54,472.39,448.59,461.17,433.93,424.47,400.97,361.16,464.28,354.5,298.05,383.82,416.46,540.59,396.5,327.78,306.27,350.97,656.82,597.77,421.66,360.74,365.42,483.52,660.46,457.32,352.94,496.82,384.03,506.91,456.28,564.71,412.82,635.92,477.69,578.85,553.38,773.15,724.81,563.36,513.56,488.51,605.77,400.66,698.71,762.34,633.84,601.09,660.56,649.75,492.46,603.38,509.4,374.98,594.65,656.51,490.59,606.4,691.64,1016.93,1013.71,943.75,973.58,824.4,709.63,1105.61,714.41,804.13,911.83,831.78,673.97,654.32,915.88,818.37,690.71,613.67,548.6,614.61,563.98,741.86,1003.42,471.98,509.71,578.22,605.15,754.44,516.16,692.48,615.75,1044.79,754.23,999.47,882.51,709.63,723.35,722,607.64,618.25,581.24,696.43,662.02,760.36,610.35,645.8,686.45,704.64,729.07,761.5,801.01,655.57,919.94,1300.85,1288.68,840.72,556.81,651.1,1188.57,1375.59,1032.22,906.32,775.75,781.57,819.72,820.97,773.98,640.29,1259.26,979.82,1168.09,837.91,773.56,610.14,716.7,690.19,867.54,911.31,811.41,777.41,935.43,799.55,694.14,1098.96,990.32,644.13,810.78,1274.44,1472.9,1454.29,1544.42,1225.16,918.48,588,732.92,736.66,722.31,877.94,1183.27,828.56,1188.88,877.94,795.92,906.11,991.88,901.85,794.15,596.1,855.48,931.27,1080.24,964.43,696.32,755.27,630.72,504.21,0,0,168.1,136.29,126.83,212.39,233.18,258.24,269.67,221.64,266.86,288.8,275.6,163.42,310.11,0,0,41.69,99.7,265.31,191.91,255.74,296.91,242.02,378.73,301.48,380.91,419.79,515.64,457.63,441.62,351.49,433.41,0,0,0,129.33,171.33,224.66,205.01,285.58,315.52,442.87,380.7,598.81,0,,,,,,,13,,232815732.8,,601,,
0.25,0,296.18,131.2,243.58,173.61,148.77,160.51,181.93,160.1,173.61,157.08,158.43,198.15,219.46,283.6,255.95,174.44,256.16,221.43,269.05,307.2,220.6,218.21,250.96,195.65,163.11,179.85,263.23,269.88,287.14,337.76,242.02,320.72,346.91,410.54,350.55,331.74,385.07,353.98,327.78,447.96,315.52,281.42,325.19,521.25,605.67,451.6,545.68,418.54,472.39,448.59,461.17,432.06,401.8,400.97,361.16,464.28,354.5,298.05,383.82,416.46,537.78,396.09,327.78,306.27,350.55,656.82,597.77,421.66,359.18,365.42,475.72,660.46,457.32,339.74,496.82,384.03,506.91,452.22,564.71,412.82,635.92,477.69,578.85,553.07,773.15,724.81,563.36,513.56,488.51,605.77,400.66,698.71,761.61,633.84,601.09,660.56,649.75,492.46,603.38,505.97,373.63,591.11,656.51,485.28,606.4,688.84,1016.93,1013.71,942.19,973.58,824.4,706.3,1105.61,708.8,804.13,911.83,822.63,673.97,654.32,912.97,818.37,688.94,613.67,548.6,614.61,563.98,741.86,1003.42,471.98,509.71,576.98,605.15,754.44,516.16,692.48,615.75,1044.79,753.92,999.47,882.51,709.63,723.35,718.05,607.64,617.31,581.24,692.48,662.02,760.36,610.35,645.8,686.45,704.64,729.07,761.5,795.6,655.57,919.94,1300.85,1288.68,840.72,556.81,649.96,1188.57,1375.59,1032.22,906.32,775.75,781.57,819.72,820.97,773.98,640.29,1259.26,979.82,1168.09,837.91,773.56,610.14,716.7,690.19,867.54,911.31,811.41,773.98,930.85,799.55,694.14,1098.96,990.32,644.13,810.78,1274.44,1472.9,1454.29,1544.42,1217.37,918.48,588,732.92,736.66,716.59,877.94,1183.27,828.56,1188.88,877.94,795.92,906.11,991.88,898.94,794.15,596.1,855.48,931.27,1080.24,964.43,696.32,755.27,630.72,504.21,0,0,168.1,136.29,126.83,212.39,233.18,257.3,269.67,221.64,266.86,288.8,275.6,163.42,310.11,0,0,41.69,99.7,265.31,187.44,253.66,296.18,242.02,378.73,301.48,380.91,419.79,515.64,457.63,441.62,351.49,429.56,0,0,0,124.54,171.33,224.66,205.01,285.58,314.17,442.87,373.32,596.21,0,,,,,,,14,,229580206.8,,600.75,,
0.25,0,296.18,131.2,240.67,173.61,148.77,160.51,181.93,160.1,173.61,157.08,158.43,198.15,219.46,281.42,247.53,173.61,256.16,221.43,269.05,298.99,220.6,218.21,250.96,195.65,163.11,179.85,263.23,269.88,287.14,337.76,239.73,320.72,346.91,410.54,350.55,331.74,385.07,352.84,327.78,447.96,315.52,281.42,325.19,521.25,600.16,451.6,545.68,418.54,472.39,448.59,461.17,432.06,401.8,400.97,361.16,464.28,351.8,298.05,383.82,416.46,537.78,396.09,326.23,306.27,350.55,656.82,597.77,421.66,359.18,365.42,475.72,655.36,457.32,339.74,496.82,377.17,506.91,452.22,564.71,412.82,635.92,476.34,578.85,553.07,773.15,724.49,563.36,504.2,488.51,605.77,400.14,698.71,761.61,633.84,601.09,660.56,649.75,492.46,603.38,505.97,373.53,591.11,655.47,485.28,606.4,688.84,1016.93,1013.71,942.19,959.55,816.08,706.3,1103.95,708.8,804.13,911.83,822.63,673.97,654.32,912.97,818.37,688.94,613.05,547.14,610.04,560.97,741.86,1003.42,469.79,509.71,576.98,605.15,753.92,516.16,691.12,615.55,1039.7,753.92,996.14,882.51,709.63,723.35,718.05,607.64,614.61,580.09,692.48,657.86,756.2,610.35,645.8,679.79,704.64,729.07,761.5,795.6,655.57,919.94,1300.85,1288.68,840.72,556.81,649.23,1188.57,1344.41,1032.22,906.32,775.75,781.57,819.72,820.97,773.98,640.29,1259.26,979.82,1165.7,837.91,768.37,610.14,716.7,690.19,867.54,911.31,811.41,773.98,929.71,799.55,690.6,1096.05,990.32,644.13,810.78,1274.44,1472.9,1451.59,1544.42,1217.37,916.4,588,732.92,736.66,716.59,877.94,1183.27,828.25,1188.88,877.94,795.92,906.11,991.88,898.94,794.15,596.1,855.48,931.27,1080.24,964.43,696.32,755.27,630.72,504.21,0,0,167.69,136.29,123.82,210.73,229.54,257.3,269.67,221.64,266.03,288.8,272.06,163.42,310.11,0,0,41.69,93.98,265.31,187.44,253.66,294.1,242.02,378.73,301.48,380.91,419.79,515.64,457.63,441.62,351.49,429.56,0,0,0,124.54,171.33,224.66,205.01,285.58,314.17,442.87,373.32,596.21,0,,,,,,,15,,226012352,,600.5,,
0.25,0,296.18,131.2,240.67,173.61,148.77,156.88,177.56,160.1,173.61,157.08,158.43,198.15,213.95,281.42,245.86,173.61,256.16,221.43,269.05,298.99,220.6,218.21,250.96,195.65,163.11,179.85,263.23,269.88,287.14,331.11,239.73,320.72,345.87,410.54,350.55,331.74,385.07,352.84,327.78,447.96,315.52,281.42,325.19,521.25,600.16,451.6,545.68,418.54,468.75,448.59,461.17,432.06,401.8,400.97,361.16,462.83,351.8,298.05,383.82,411.78,537.78,396.09,326.23,306.27,350.55,653.28,597.77,417.71,359.18,365.42,475.72,655.36,451.91,339.74,492.66,377.17,501.4,452.22,557.43,412.82,635.92,476.34,578.85,546,770.13,724.49,563.36,504.2,488.51,605.77,400.14,698.71,761.61,633.84,601.09,660.56,649.75,492.46,603.38,505.97,373.53,591.11,655.47,485.28,603.9,688.84,1016.93,1009.55,937.61,959.55,816.08,706.3,1103.95,708.8,801.01,908.71,822.63,673.24,654.32,912.97,818.37,688.94,613.05,543.5,608.37,560.97,737.7,1003.42,469.79,509.71,576.98,605.15,753.92,516.16,691.12,615.55,1035.75,753.92,996.14,882.51,709.63,719.3,718.05,607.64,614.61,580.09,692.48,657.86,756.2,607.85,645.8,679.79,704.64,726.68,757.35,795.6,655.05,919.94,1290.14,1286.6,829.6,556.81,649.23,1186.49,1344.41,1032.22,906.32,775.75,781.57,814.52,818.79,773.98,640.29,1259.26,979.82,1165.7,837.91,768.37,610.14,716.7,690.19,867.54,911.31,811.41,773.98,929.71,795.29,690.6,1096.05,990.32,644.13,806.94,1271.63,1472.9,1451.59,1544.42,1208.53,916.4,588,732.92,736.66,716.59,877.94,1183.27,828.25,1188.88,877.94,795.92,906.11,991.05,898.94,794.15,596.1,853.3,927.63,1080.24,964.43,696.32,755.27,627.92,504.21,0,0,167.69,136.29,123.82,210.73,229.54,257.3,266.34,221.64,266.03,288.8,272.06,163.42,310.11,0,0,41.69,93.98,265.31,187.44,253.66,294.1,242.02,378.73,301.48,380.91,415.94,513.46,457.63,438.29,349.2,429.56,0,0,0,121.84,171.33,224.66,205.01,285.58,314.17,442.87,373.32,596.21,0,,,,,,,16,,222942608.8,,600.25,,
0.25,0,296.18,131.2,240.67,173.61,148.77,156.88,177.56,160.1,173.61,157.08,158.43,198.15,213.95,281.42,245.86,173.61,253.66,216.44,269.05,298.99,220.6,218.21,250.96,195.65,163.11,179.85,263.23,269.88,284.33,331.11,239.73,320.72,345.87,410.02,350.55,331.74,385.07,348.26,327.78,442.14,308.03,278.09,325.19,521.25,598.5,451.08,545.68,418.54,468.75,448.59,461.17,432.06,401.8,400.14,361.16,462.83,349.72,298.05,383.82,411.78,537.78,391.82,326.23,305.54,348.89,653.28,597.77,414.8,359.18,365.42,475.72,649.64,451.91,339.74,492.66,377.17,496.93,452.22,557.43,412.82,635.92,476.34,578.85,546,769.3,724.49,560.86,504.2,485.28,605.77,400.14,693.31,761.61,633.84,601.09,660.56,649.75,492.46,603.38,505.97,373.53,591.11,655.47,485.28,603.9,688.84,1016.93,1009.55,937.61,959.55,816.08,706.3,1100.52,708.8,801.01,908.71,822.63,673.24,654.32,912.97,818.06,688.94,613.05,543.5,608.37,560.97,737.7,1003.42,469.79,509.71,576.98,605.15,750.59,514.7,691.12,615.55,1035.75,753.92,996.14,878.77,709.63,719.3,718.05,607.64,614.61,577.7,692.48,657.86,756.2,606.4,645.8,679.79,701.83,726.68,757.35,792.9,655.05,919.94,1290.14,1284.21,829.6,555.77,649.23,1186.49,1344.41,1032.22,902.68,775.75,781.57,814.52,818.79,773.98,639.14,1259.26,979.82,1165.7,837.91,768.37,609.1,710.25,690.19,856.94,909.54,810.99,773.98,929.71,792.48,687.07,1096.05,987.41,644.13,806.94,1271.63,1440.88,1451.59,1544.42,1208.53,916.4,588,732.92,736.66,716.59,877.94,1182.96,828.25,1185.76,877.94,795.92,906.11,991.05,898.94,794.15,591.84,853.3,924.62,1080.24,961.42,696.32,752.77,627.92,504.21,0,0,167.69,136.29,123.82,210.73,229.54,252.62,266.34,221.64,266.03,288.18,272.06,163.42,310.11,0,0,41.27,93.98,265.31,187.44,253.66,294.1,239.52,378.73,298.47,380.91,415.94,513.14,451.7,438.29,349.2,429.56,0,0,0,121.84,171.33,224.66,203.24,284.43,314.17,442.87,373.32,596.21,0,,,,,,,17,,219608827,,600,,
0.25,0,296.18,131.2,240.67,173.61,148.77,156.88,177.56,160.1,173.61,157.08,155.73,191.81,213.95,275.08,245.86,173.61,253.66,216.44,269.05,293.79,218.84,218.11,250.44,194.09,159.79,179.85,263.23,269.88,284.33,331.11,239.73,320.72,345.87,410.02,343.69,331.74,385.07,348.26,327.78,442.14,308.03,275.08,322.38,507.32,598.5,451.08,544.96,418.54,468.75,445.88,461.17,432.06,401.8,400.14,361.16,462.83,349.72,298.05,378.52,411.78,537.78,391.82,319.68,305.54,348.89,653.28,597.46,414.8,359.18,363.03,475.72,649.64,451.91,339.74,492.66,377.17,496.93,451.18,557.43,412.82,635.92,476.34,578.85,533.83,769.3,724.49,556.29,504.2,482.58,605.77,400.14,693.31,761.61,633.84,601.09,660.56,649.75,492.46,603.38,505.97,373.53,591.11,655.47,485.28,603.9,688.84,1016.93,1006.85,937.61,959.55,816.08,706.3,1100.52,706.2,801.01,908.71,821.18,673.24,654.32,912.97,814.42,688.94,613.05,543.5,608.37,560.97,734.99,1003.42,469.79,509.71,576.98,605.15,750.59,514.7,691.12,615.55,1035.75,753.92,996.14,878.77,709.63,719.3,718.05,607.64,614.61,577.7,684.47,657.86,754.85,606.4,645.8,679.79,701.83,726.68,757.35,792.9,655.05,919.94,1290.14,1284.21,829.6,555.77,646.94,1186.49,1344.41,1032.22,902.68,771.38,781.57,814.52,818.06,773.98,639.14,1259.26,979.82,1164.35,836.46,768.37,609.1,710.25,684.78,854.34,909.54,810.99,773.98,929.71,792.48,686.55,1091.68,987.41,644.13,806.94,1271.63,1440.88,1451.59,1543.18,1199.69,916.4,582.07,732.92,736.66,716.59,876.48,1182.96,824.71,1185.76,877.94,795.92,906.11,991.05,898.94,791.65,591.84,853.3,924.62,1077.02,961.42,696.32,752.77,627.92,504.21,0,0,167.69,136.29,121.01,209.48,229.54,252.62,266.34,221.64,266.03,284.64,272.06,163.42,310.11,0,0,41.27,93.98,265.31,187.44,253.66,294.1,237.13,378.73,298.47,380.91,415.94,513.14,451.7,438.29,349.2,427.17,0,0,0,121.84,171.33,224.66,203.24,284.43,310.94,442.87,373.32,594.96,0,,,,,,,18,,216523787.4,,599.75,,
0.25,0,296.18,131.2,240.67,173.61,148.77,156.88,177.56,160.1,173.61,157.08,155.73,185.67,213.95,275.08,245.86,170.7,253.66,216.44,263.54,293.79,218.84,213.85,250.44,193.16,159.79,179.85,263.23,266.86,284.33,327.27,230.27,318.53,341.92,410.02,343.69,331.74,385.07,348.26,323.11,442.14,308.03,275.08,322.38,507.32,598.5,451.08,541.11,416.77,468.75,445.05,461.17,430.91,401.8,400.14,361.16,460.13,349.72,298.05,378.52,409.39,530.82,391.82,319.68,302.21,348.89,653.28,596.62,414.8,359.18,363.03,475.72,649.64,451.29,337.35,492.66,377.17,480.61,451.18,557.43,412.82,635.92,476.34,578.85,532.69,769.3,720.23,556.29,498.28,482.58,601.93,400.14,693.31,761.61,633.84,600.26,660.56,645.28,492.46,603.38,500.05,373.53,591.11,651.52,485.28,603.9,688.84,1005.29,1006.85,936.57,955.29,816.08,706.3,1100.52,706.2,801.01,906.32,821.18,673.24,654.32,912.14,814.42,688.94,613.05,543.5,608.37,559.3,734.99,1003.42,469.79,509.71,575.73,600.68,750.59,510.96,691.12,615.55,1035.75,753.29,996.14,878.77,703.18,719.3,715.97,605.05,613.67,577.7,684.47,657.23,754.85,606.4,645.8,679.79,701.31,726.68,757.35,789.89,655.05,912.14,1290.14,1284.21,825.54,555.77,646.94,1186.49,1341.08,1032.22,902.68,771.38,779.7,814.52,818.06,773.98,639.14,1259.26,976.81,1164.35,836.46,768.37,609.1,710.25,677.82,854.34,908.3,810.99,773.98,929.71,792.48,686.55,1091.68,987.41,644.13,806.94,1265.92,1440.88,1447.01,1539.23,1199.69,916.4,582.07,732.92,736.66,716.59,876.38,1182.96,824.71,1185.76,877.94,795.92,906.11,991.05,898.94,791.45,591.84,853.3,924.62,1077.02,961.42,696.32,752.77,627.92,504.21,0,0,163.63,133.48,121.01,209.48,227.36,252.62,266.34,221.02,262.91,284.64,272.06,158.54,310.11,0,0,41.27,93.98,265.31,187.44,253.66,294.1,237.13,378.73,298.47,380.91,412.51,513.14,451.7,438.29,349.2,427.17,0,0,0,121.84,171.33,224.66,199.91,284.43,310.94,442.87,373.32,594.96,0,,,,,,,19,,212958893.4,,599.5,,
0.25,0,296.18,127.35,240.67,173.61,148.77,156.88,177.56,160.1,173.61,157.08,155.73,185.67,213.95,272.06,245.86,170.7,253.66,216.44,263.54,293.79,218.42,211.04,250.44,193.16,159.47,174.55,259.59,266.86,284.33,327.27,230.27,318.53,341.92,407.73,338.28,331.74,375.5,348.26,323.11,437.15,290.26,275.08,322.38,506.49,592.47,446.19,541.11,416.77,468.75,445.05,461.17,430.91,399.21,395.88,361.16,460.13,349.72,298.05,378.52,409.39,530.82,389.95,315.1,302.21,348.89,653.28,596.62,414.8,359.18,363.03,475.72,649.64,451.29,337.35,492.66,377.17,480.61,451.18,552.96,412.3,635.92,468.86,577.5,532.69,769.3,717.84,556.29,498.28,482.58,601.93,400.14,693.31,761.61,633.84,598.6,659.62,643.82,483.62,601.82,500.05,373.53,591.11,651.52,485.28,603.9,687.59,1005.29,1006.85,936.57,955.29,814.73,706.3,1100.52,706.2,801.01,906.32,821.18,673.24,650.06,912.14,814.42,688.94,613.05,543.5,608.37,559.3,734.99,1001.65,469.79,502.54,575.73,600.68,750.59,510.96,689.46,615.55,1035.75,753.29,993.96,878.77,703.18,717.32,715.97,604.01,613.67,577.7,684.47,657.23,753.19,606.4,641.22,679.79,701.31,726.68,757.35,789.89,655.05,912.14,1290.14,1284.21,825.54,555.77,645.69,1185.35,1341.08,1024,902.68,771.38,778.97,814.52,818.06,772.63,637.69,1248.97,976.81,1164.35,834.59,766.7,609.1,710.25,677.82,854.34,908.3,810.99,773.98,929.71,792.48,686.55,1091.68,983.25,640.5,806.94,1265.92,1440.88,1447.01,1539.23,1199.69,916.4,581.45,730.84,736.66,716.59,876.38,1182.96,823.67,1185.76,877.94,795.92,906.11,991.05,898.94,791.45,591.84,853.3,924.62,1076.71,961.42,690.5,752.77,627.92,504.21,0,0,163.63,133.48,121.01,209.48,227.36,252.62,265.1,221.02,262.91,284.64,264.99,158.54,305.43,0,0,41.27,93.98,265.31,187.44,253.66,294.1,237.13,378.73,298.47,380.91,412.51,513.14,451.7,438.29,349.2,427.17,0,0,0,121.84,171.33,224.66,199.91,284.43,310.94,442.87,373.01,594.86,0,,,,,,,20,,209344848.6,,599.25,,
0.25,0,292.44,127.35,240.67,168.1,141.39,156.88,173.92,160.1,173.61,157.08,155.73,185.67,210,272.06,245.86,170.7,253.66,216.44,258.03,281.21,218.42,211.04,250.44,193.16,159.47,174.55,259.59,264.68,284.33,327.27,230.27,318.53,338.6,407.73,338.28,331.74,375.5,348.26,323.11,437.15,289.84,272.17,322.38,506.49,588.83,445.88,541.11,411.16,468.75,445.05,461.17,430.91,399.21,395.88,361.16,460.13,349.72,298.05,376.96,409.39,530.82,389.95,313.33,302.21,348.89,653.28,596.62,414.8,359.18,363.03,474.89,649.12,451.29,333.81,492.66,377.17,480.61,451.18,552.96,412.3,630.52,468.86,577.18,528.53,769.3,717.84,556.29,498.28,482.58,601.93,400.14,693.31,760.67,633.84,598.6,657.65,643.82,483.62,601.82,500.05,371.76,587.27,651.52,481.23,603.9,687.59,1005.29,1006.64,936.57,951.96,814.73,706.3,1100.52,706.2,801.01,906.32,818.37,671.58,650.06,912.14,814.42,680.83,610.24,540.17,608.37,559.3,734.99,998.22,465.12,502.54,575.73,600.68,750.59,510.96,689.46,615.55,1035.75,753.29,993.96,878.77,699.13,713.89,715.97,604.01,613.67,576.04,684.47,657.23,753.19,606.4,641.22,679.58,701.31,726.68,753.6,789.89,655.05,912.14,1286.6,1284.21,825.54,555.77,645.69,1185.35,1341.08,1024,902.68,769.93,778.97,814.52,818.06,772.63,635.4,1248.97,966.82,1164.35,834.59,766.7,607.23,709.11,677.82,854.34,908.3,810.99,773.98,926.18,792.48,686.55,1088.35,982.21,640.5,806.94,1265.92,1440.88,1439.63,1538.81,1199.69,913.29,581.45,730.84,734.58,709.63,876.38,1181.5,823.67,1183.06,873.99,794.04,906.11,988.14,898.94,791.45,591.84,853.3,924.62,1076.71,961.42,686.13,752.77,627.4,504.21,0,0,163.63,132.65,121.01,209.48,227.36,252.62,265.1,218,262.91,284.64,264.99,157.6,305.43,0,0,39.92,93.98,265.31,187.44,253.66,294.1,237.13,378.73,298.47,380.91,412.51,513.14,451.7,438.29,349.2,427.17,0,0,0,121.84,171.33,224.66,199.91,284.43,310.94,442.87,370.3,594.86,0,,,,,,,21,,205754229.8,,599,,
0.25,0,292.44,127.35,240.67,168.1,141.39,156.88,173.92,160.1,173.61,152.4,154.9,185.67,207.19,272.06,235.16,170.7,248.88,216.44,255.01,281.21,218.42,211.04,250.44,193.16,159.47,174.55,259.59,264.68,283.29,327.27,230.27,318.53,338.6,407.73,338.28,331.74,375.19,347.02,323.11,432.06,283.91,272.17,322.38,506.49,588.83,445.88,541.11,411.16,468.75,445.05,461.17,430.91,399.21,395.88,354.29,460.13,349.72,298.05,376.96,409.39,530.82,389.95,313.33,295.56,348.89,653.28,591.95,414.8,357.41,360.53,474.89,649.12,451.29,333.81,492.66,373.74,480.61,451.18,552.96,410.02,630.52,468.86,577.18,528.53,769.3,717.84,552.86,494.64,482.58,601.93,400.14,684.37,760.67,626.98,598.6,657.65,643.82,483.62,598.6,500.05,371.76,587.27,651.52,481.23,603.9,683.85,1005.29,1006.64,936.57,951.96,814.73,706.3,1095.42,706.2,797.47,902.58,815.98,671.58,650.06,908.4,814.42,680.83,610.24,540.17,605.67,557.54,734.99,998.22,465.12,502.54,575.73,600.68,747.89,510.96,687.38,613.26,1033.78,753.29,993.96,875.03,699.13,713.89,715.97,604.01,613.67,576.04,684.47,657.23,753.19,606.4,640.39,677.19,697.99,726.68,753.6,789.89,652.45,912.14,1284.84,1284.21,815.15,555.77,645.59,1185.35,1341.08,1024,902.68,769.93,778.97,811.82,818.06,772.63,635.4,1248.97,966.82,1164.35,834.59,766.7,607.23,709.11,677.82,854.34,908.3,810.99,771.48,926.18,792.48,682.7,1088.35,982.21,636.65,806.94,1265.92,1440.88,1439.63,1538.4,1199.69,913.29,581.45,730.84,732.5,709.63,876.38,1181.5,823.67,1183.06,873.99,794.04,905.49,988.14,898.94,791.45,591.84,853.3,924.62,1076.71,961.42,686.13,752.77,627.4,504.21,0,0,163.63,132.65,121.01,209.48,227.36,252.62,259.17,218,262.91,284.64,264.99,157.6,302.94,0,0,39.92,93.98,265.31,187.44,253.66,294.1,237.13,378.73,297.95,380.91,412.51,513.14,449.94,438.29,347.54,424.36,0,0,0,121.84,171.33,224.66,199.91,284.43,310.94,442.87,370.3,594.86,0,,,,,,,22,,202238818.8,,598.75,,
0.25,0,292.44,127.35,228.82,168.1,141.39,156.88,173.82,160.1,173.61,152.4,154.9,185.67,207.19,270.92,235.16,170.7,248.88,216.44,250.54,281.21,218.42,210.41,248.26,193.16,159.47,174.55,259.59,264.68,283.29,327.27,229.85,314.79,338.49,407.42,336,327.58,375.19,345.87,323.11,432.06,283.91,272.17,322.38,506.49,588.83,445.88,541.11,409.08,464.91,445.05,458.98,429.46,399.21,395.88,354.29,460.13,344,298.05,376.96,409.39,525.31,389.95,313.33,295.56,348.89,653.28,591.95,414.8,357.41,360.53,474.89,649.12,449.21,333.81,492.66,373.74,480.61,451.18,552.96,410.02,626.46,464.39,577.18,528.53,769.3,717.84,552.86,494.64,482.58,598.39,400.14,684.37,760.67,626.98,598.6,657.65,643.82,483.62,598.6,500.05,371.76,587.27,651.52,477.49,603.9,683.85,1005.29,1006.64,928.36,951.96,812.76,706.3,1090.95,706.2,797.47,902.58,815.98,671.58,648.6,906.74,814.42,680.83,610.24,540.17,603.9,557.54,734.79,998.22,465.12,502.54,574.17,600.68,747.89,509.71,687.38,612.11,1033.78,753.29,993.96,874.72,699.13,713.89,713.48,604.01,612.11,568.56,678.75,654.74,750.48,604.42,640.39,677.19,697.99,724.08,751.94,789.89,652.45,910.37,1284.84,1283.59,815.15,554,645.59,1185.35,1341.08,1024,899.04,769.93,778.97,811.82,818.06,772.63,635.4,1248.97,966.82,1164.35,834.59,765.14,607.23,709.11,677.82,854.34,906.53,804.44,771.48,926.18,792.48,682.7,1088.35,982.21,636.65,804.96,1265.92,1440.88,1439.11,1538.4,1199.69,913.29,581.45,730.84,732.5,709.63,874.2,1181.5,817.54,1180.88,873.78,794.04,894.68,988.14,898.94,791.45,591.84,853.3,923.89,1076.71,961.42,686.13,752.77,627.4,504.21,0,0,163.63,132.65,121.01,209.48,227.36,252.62,259.17,218,262.91,284.64,264.99,157.6,302.94,0,0,39.92,93.77,265.31,184.74,253.66,294.1,237.13,373.74,297.95,380.91,412.51,513.14,449.94,437.98,347.54,424.36,0,0,0,121.84,171.33,224.66,199.91,284.43,309.49,441.31,370.3,594.86,0,,,,,,,23,,198664391,,598.5,,
0.25,0,292.44,127.35,228.82,168.1,141.39,156.88,173.82,160.1,171.12,152.4,154.9,185.67,207.19,261.67,233.49,170.18,248.88,216.44,250.54,281.21,218.42,210.41,248.26,193.16,159.47,174.55,257.72,264.68,283.29,327.27,226.84,314.79,338.49,407.42,336,327.58,375.19,345.87,319.68,430.81,283.71,272.17,320.72,506.49,574.69,441.1,537.58,409.08,464.91,445.05,454.41,429.46,394.42,395.88,354.29,460.13,344,298.05,376.96,409.39,525.31,389.95,309.59,295.56,348.89,653.28,591.95,414.8,357.41,360.53,474.89,645.59,449.21,329.14,492.66,371.24,472.81,448.79,552.96,410.02,626.46,464.39,577.18,528.53,765.14,717.84,552.86,490.17,482.58,598.39,400.14,681.77,760.67,625.32,598.6,657.65,643.82,473.33,598.6,496.2,371.76,586.96,649.12,477.49,600.47,683.85,1000.72,1005.39,926.8,951.96,810.26,706.3,1090.95,701.83,793.63,901.33,815.98,669.71,648.6,906.74,812.86,680.83,609.31,538.41,603.9,557.54,734.79,998.22,465.12,502.54,572.3,599.33,746.01,509.71,687.38,612.11,1028.37,751,992.61,874.72,699.13,710.98,712.23,604.01,612.11,568.56,677.51,653.28,750.48,604.42,640.39,677.19,697.99,722.1,751.94,789.26,652.45,910.37,1284.84,1281.3,815.15,554,643.2,1184.31,1334.53,1020.26,895.61,767.53,778.97,811.82,812.24,772.63,635.4,1248.97,966.82,1159.05,834.59,765.14,607.23,703.5,677.82,854.34,904.87,804.44,771.48,926.18,788.85,682.7,1088.35,982.21,636.65,804.96,1265.92,1440.88,1439.11,1538.4,1199.69,913.29,581.45,730.84,732.5,706.41,874.2,1181.5,817.54,1180.88,873.78,794.04,894.68,988.14,895.61,791.45,591.01,849.35,923.89,1076.71,961.42,686.13,752.77,627.4,504.21,0,0,163.63,132.65,121.01,209.48,227.36,252.62,250.54,218,262.91,282.15,263.02,157.6,302.94,0,0,39.92,93.77,261.67,184.74,250.85,292.75,234.95,369.99,297.95,376.96,412.51,513.14,449.94,436.73,347.54,424.26,0,0,0,121.84,161.24,216.34,199.91,284.43,309.49,441.31,370.3,594.86,0,,,,,,,24,,195423577.2,,598.25,,
0.25,0,283.29,127.35,228.82,168.1,141.39,156.88,173.82,160.1,171.12,152.4,154.9,185.67,207.19,256.88,233.49,170.18,245.03,216.44,250.54,281.21,218.42,210.41,248.26,193.16,159.47,174.55,257.72,264.68,282.67,327.27,226.84,314.79,337.56,407.42,336,327.58,375.19,345.87,318.43,430.81,283.71,272.17,320.72,506.49,574.69,441.1,534.25,409.08,464.91,445.05,454.41,429.46,394.42,395.88,354.29,452.12,344,298.05,376.96,409.39,519.69,388.08,309.59,295.56,348.89,652.76,587.68,414.8,355.65,360.53,474.89,641.02,442.97,329.14,487.67,371.24,472.81,448.79,552.96,410.02,626.46,462.31,577.18,523.13,765.14,713.89,549.84,487.26,479.36,598.39,400.14,681.77,760.67,625.32,597.98,657.65,641.33,473.33,597.56,496.2,371.76,586.96,649.12,477.49,600.47,683.85,1000.72,1003.73,926.8,951.96,810.26,706.3,1090.95,701.83,793.63,901.33,815.98,669.71,648.6,906.74,811.51,680.83,609.31,538.41,603.9,557.54,734.79,998.22,465.12,502.54,572.3,599.33,743.42,509.71,687.38,612.11,1028.37,751,992.61,874.72,699.13,710.98,712.23,604.01,612.11,568.35,677.51,653.28,750.48,604.42,640.39,675.11,697.99,722.1,747.16,789.26,649.33,908.19,1282.55,1281.3,815.15,554,643.2,1184.31,1334.53,1020.26,895.61,767.53,773.25,811.82,812.24,769.72,633.01,1247.83,963.29,1155.82,833.13,760.47,603.49,703.5,675.43,851.53,904.87,804.44,771.48,926.18,788.85,682.7,1088.35,982.21,636.65,804.96,1265.92,1440.88,1439.11,1533.82,1193.66,913.29,581.13,728.97,732.5,706.41,874.2,1177.86,817.54,1180.88,873.78,794.04,894.68,986.58,893.33,791.45,591.01,849.35,923.89,1076.71,957.47,686.13,749.97,627.4,504.21,0,0,163.63,132.65,121.01,209.48,225.28,252.62,250.54,218,262.91,282.15,263.02,157.6,302.94,0,0,38.47,88.16,257.09,181.62,250.85,292.75,234.95,369.99,295.87,376.96,412.51,507.74,449.94,436.73,345.98,424.26,0,0,0,121.84,161.24,216.34,199.91,284.43,309.49,439.54,370.3,594.86,0,,,,,,,25,,191971344.4,,598,,
0.25,0,283.29,127.35,228.82,168.1,141.39,156.88,173.82,160.1,171.12,152.4,154.9,185.67,207.19,256.88,233.49,170.18,245.03,216.44,250.54,281.21,218.42,210.41,242.23,193.16,159.47,174.55,257.72,264.68,282.67,327.27,226.84,314.79,337.56,407.42,336,327.58,375.19,345.87,318.43,427.69,283.71,272.17,320.72,506.49,574.69,435.18,534.25,409.08,464.91,445.05,454.41,429.46,391.41,394.01,354.29,452.12,342.65,298.05,371.76,405.96,515.54,388.08,309.59,290.88,348.89,652.76,587.68,409.19,355.65,360.53,472.08,641.02,442.97,328.72,486.95,371.24,471.56,447.86,552.96,409.91,626.46,462.31,577.18,523.13,760.88,713.89,549.84,487.26,479.36,598.39,400.14,676.57,760.67,625.32,595.58,657.65,641.33,473.33,597.56,496.2,371.76,586.33,649.12,477.49,600.47,683.85,1000.72,1003.73,926.8,951.23,810.26,706.3,1090.95,701.83,793.63,901.33,815.98,669.71,648.6,906.74,811.51,680.83,609.31,538.41,603.9,557.54,734.79,998.22,465.12,502.54,572.3,599.33,743.42,509.71,687.38,612.11,1028.37,751,992.61,874.72,699.13,710.98,712.23,604.01,612.11,568.35,677.51,653.28,750.48,604.42,640.39,675.11,697.99,722.1,747.16,788.53,649.33,902.47,1282.55,1281.3,815.15,554,640.81,1184.31,1334.53,1017.66,895.61,767.53,773.25,811.82,812.24,769.72,633.01,1247.83,963.29,1155.82,833.13,760.47,603.49,703.5,675.43,851.53,904.87,804.44,771.48,926.18,788.85,682.7,1088.35,982.21,636.65,800.7,1265.92,1440.88,1436.62,1533.82,1185.35,911.21,581.13,728.97,732.5,706.41,869.1,1177.86,817.54,1180.88,873.78,794.04,894.68,986.58,893.33,791.45,591.01,849.35,923.89,1076.71,957.47,680.52,746.74,627.4,504.21,0,0,162.07,132.65,121.01,209.48,225.28,252.62,246.07,216.24,262.91,282.15,263.02,157.6,302.94,0,0,38.47,88.16,257.09,181.62,244.2,292.75,233.08,369.99,295.87,376.96,408.46,504.72,449.94,436.73,345.98,423.22,0,0,0,121.84,161.24,216.34,199.91,283.81,306.58,439.54,370.3,594.86,0,,,,,,,26,,188496405.8,,597.75,,
0.25,0,273.41,127.35,228.82,168.1,141.39,156.88,173.82,160.1,171.12,152.4,154.9,185.67,207.19,251.17,233.49,170.18,245.03,216.44,250.54,281.21,218.42,210.41,242.23,193.16,159.47,174.55,257.72,264.68,282.67,327.27,226.84,312.19,337.56,407.42,336,327.58,372.18,345.87,318.43,427.69,283.71,269.05,320.72,506.49,573.55,423.22,534.25,409.08,459.61,445.05,454.41,422.91,391.41,390.78,354.29,452.12,342.65,298.05,371.76,405.96,515.54,383.2,309.59,290.88,348.47,650.89,587.68,409.19,355.65,357.83,472.08,638,441.52,314.06,486.95,369.99,471.56,444.95,552.96,409.91,620.85,460.44,577.18,522.92,760.88,711.08,545.89,482.89,479.36,598.08,400.14,676.57,760.67,625.32,595.58,657.65,641.33,473.33,597.56,496.2,371.76,586.33,649.12,477.49,600.47,683.85,1000.72,1003.73,926.8,951.23,810.26,706.3,1088.35,701.83,793.63,901.33,815.98,668.67,648.6,906.74,811.51,680.83,609.31,538.41,603.9,557.54,734.79,998.22,465.12,502.54,572.3,599.33,743.42,509.71,687.38,612.11,1028.37,751,992.61,874.72,699.13,710.98,712.23,604.01,612.11,568.35,677.51,653.28,750.48,604.42,640.39,675.11,697.15,722.1,747.16,788.53,649.33,902.47,1282.55,1281.3,809.53,554,640.81,1184.31,1334.53,1017.66,895.61,767.53,773.25,810.16,812.24,769.72,633.01,1242.73,963.29,1155.82,833.13,760.47,603.49,703.5,675.43,847.38,904.87,804.44,770.76,922.43,788.85,682.7,1084.09,977.95,636.65,800.7,1265.09,1440.88,1436.62,1524.26,1185.35,910.37,581.13,728.97,732.5,703.29,857.04,1177.86,817.54,1180.88,873.78,790.51,894.68,986.58,893.33,787.91,591.01,847.9,920.25,1071.3,957.47,675.63,746.74,626.88,504.21,0,0,162.07,132.65,121.01,209.48,225.28,252.62,246.07,216.24,262.91,282.15,263.02,157.6,302.94,0,0,38.47,88.16,257.09,181.62,244.2,292.75,233.08,369.99,295.87,374.15,406.27,504.72,449.94,436.73,345.98,423.22,0,0,0,116.12,161.24,212.91,196.69,283.81,306.58,439.54,367.29,591.74,0,,,,,,,27,,184779940.4,,597.5,,
0.25,0,273.41,127.35,228.82,168.1,141.39,156.88,173.82,160.1,171.12,152.4,154.9,183.49,205.11,251.17,233.49,170.18,242.02,216.44,241.19,272.06,218.42,210.41,242.23,193.16,159.47,174.55,257.72,264.68,282.56,327.27,226.84,312.19,337.56,407.42,332.05,327.58,372.18,345.87,317.7,419.17,283.71,267.49,318.64,506.49,573.55,414.07,534.25,403.57,459.61,440.17,454.41,421.35,390.06,390.78,354.29,452.12,342.65,298.05,370.41,405.44,515.54,383.2,308.97,290.88,348.47,650.89,584.25,409.19,353.67,357.83,472.08,638,441.52,314.06,486.95,369.99,471.56,444.95,552.96,409.91,620.85,460.44,577.18,521.67,760.88,711.08,545.89,482.89,479.36,598.08,400.14,676.57,760.67,625.32,595.58,657.65,641.33,473.33,597.56,496.2,369.16,586.33,649.12,477.49,600.47,683.85,992.61,1003.42,926.8,951.23,810.26,706.3,1086.17,701.83,793.63,896.86,815.98,668.67,648.6,906.74,811.51,680.83,609.31,538.41,603.9,557.54,734.79,998.22,465.12,502.54,572.3,599.33,740.61,509.71,687.38,612.11,1028.37,751,992.61,874.72,699.13,710.98,712.23,604.01,612.11,565.12,677.51,653.28,750.48,604.42,640.39,672.41,697.15,722.1,747.16,788.53,649.33,902.47,1282.55,1281.3,809.53,554,640.81,1184.2,1334.53,1017.66,895.61,767.53,773.25,810.16,812.24,769.72,633.01,1242.73,963.29,1155.82,833.13,760.47,603.49,703.5,675.43,847.38,902.58,804.44,770.76,919.21,785.73,679.79,1080.87,977.95,636.65,800.7,1259.78,1440.88,1420.4,1524.26,1185.35,910.37,581.13,727.82,732.5,703.29,857.04,1172.56,813.9,1180.88,873.78,790.51,894.68,984.19,893.33,787.91,591.01,847.9,920.25,1071.3,957.47,675.63,746.74,623.13,504.21,0,0,162.07,129.33,121.01,204.7,219.46,252.62,246.07,216.24,260.73,282.15,263.02,157.6,302.94,0,0,38.47,88.16,257.09,180.06,244.2,287.66,231.93,369.99,295.87,374.15,406.27,504.72,449.94,436.73,345.98,423.22,0,0,0,116.12,161.24,212.91,195.24,283.81,301.59,439.54,363.75,591.74,0,,,,,,,28,,181110935,,597.25,,
0.25,0,268.22,127.35,228.82,168.1,140.45,156.88,168.52,160.1,167.06,152.4,154.9,183.49,205.11,251.17,229.54,170.18,242.02,216.44,235.05,272.06,218.42,210.41,242.23,193.16,159.47,174.55,257.72,262.91,282.56,320.61,225.8,312.19,336.21,407.42,332.05,327.58,372.18,345.87,317.7,419.17,283.71,267.49,316.04,506.49,562.84,409.91,530.71,403.57,455.97,440.17,452.22,421.04,390.06,390.78,354.29,448.07,342.65,298.05,370.41,405.44,511.07,383.2,308.97,287.76,347.85,650.89,584.25,409.19,353.67,357.83,472.08,638,441.52,314.06,486.95,369.89,471.56,444.95,552.96,409.91,614.19,460.44,577.18,521.67,760.88,711.08,545.89,482.89,479.36,598.08,400.14,676.57,760.67,625.32,595.58,657.65,641.33,460.23,597.56,491.42,369.16,586.33,649.12,476.86,600.47,683.85,992.61,1003.42,926.8,951.23,807.87,706.3,1086.17,701.83,793.63,896.86,812.86,664.2,648.6,906.74,811.51,678.03,604.53,538.41,599.12,554.52,734.79,998.22,465.12,502.54,572.3,599.33,740.61,509.71,687.38,612.11,1028.37,751,992.61,874.72,699.13,710.98,712.23,604.01,612.11,565.12,677.51,653.28,745.29,604.42,640.39,672.41,697.15,722.1,747.16,788.53,649.33,896.76,1277.25,1281.3,785.1,554,640.81,1184.2,1334.53,1017.66,893.01,767.53,773.25,810.16,812.24,769.72,633.01,1242.73,963.29,1155.82,833.13,760.47,603.49,703.5,675.43,844.26,902.37,802.15,769.2,919.21,783.54,676.67,1080.87,976.49,636.65,797.79,1259.78,1421.23,1420.4,1521.45,1185.35,910.37,577.08,727.82,732.5,693.83,857.04,1172.56,808.08,1180.57,873.78,790.51,894.68,984.19,893.33,787.91,591.01,847.9,917.76,1071.3,957.47,675.63,746.74,623.13,504.21,0,0,162.07,129.33,118.51,204.7,219.46,244.2,242.54,216.24,260.73,278.92,263.02,157.6,298.78,0,0,38.47,88.16,257.09,180.06,244.2,287.66,231.93,369.99,295.87,374.15,406.27,504.72,448.38,436.73,345.98,423.22,0,0,0,116.12,161.24,212.91,195.24,283.81,301.59,439.54,363.75,591.74,0,,,,,,,29,,177349907.6,,597,,
0.25,0,268.22,127.35,221.85,168.1,140.45,153.44,168.52,160.1,167.06,152.4,154.9,183.49,205.11,247.11,229.54,170.18,242.02,212.29,235.05,267.8,218.42,210.41,242.23,193.16,159.47,174.55,253.35,262.91,277.68,320.61,220.19,312.19,328.62,407.42,332.05,327.58,372.18,345.87,317.7,419.17,283.71,267.49,316.04,506.49,562.84,409.91,530.71,403.57,455.97,439.85,452.22,421.04,390.06,387.87,354.29,445.88,342.65,298.05,370.41,405.44,511.07,381.32,308.97,286.41,347.85,650.89,584.25,409.19,353.67,357.83,472.08,638,441.52,314.06,486.95,369.89,471.56,444.95,552.96,409.91,614.19,460.44,577.08,521.67,760.88,711.08,545.89,482.89,478.53,598.08,400.14,676.57,760.67,625.32,595.58,657.65,641.33,460.23,597.56,491.42,369.16,586.33,649.12,476.86,600.47,683.85,992.61,1003.42,920.36,938.24,807.87,706.3,1086.17,701.83,793.63,896.86,812.86,660.35,639.98,900.5,811.51,678.03,604.53,532.27,599.12,554.52,730.32,998.22,460.44,498.59,572.3,599.33,740.61,509.71,687.38,608.27,1028.37,751,992.61,869.73,699.13,710.98,712.23,604.01,612.11,565.12,677.51,653.28,745.29,604.42,634.26,672.41,697.15,722.1,740.82,788.53,649.33,896.76,1277.25,1281.3,785.1,554,640.81,1184.2,1334.53,1011.94,893.01,767.53,773.25,810.16,812.24,769.72,633.01,1237.85,963.29,1155.82,833.13,760.47,603.49,703.5,675.43,844.26,902.37,802.15,769.2,919.21,783.54,676.67,1080.87,976.49,636.65,797.79,1259.78,1421.23,1420.4,1521.45,1185.35,910.37,577.08,727.82,730.11,693.83,811.61,1169.55,808.08,1180.57,873.78,790.51,894.68,984.19,893.33,787.91,590.18,847.9,917.76,1071.3,957.47,675.63,746.74,623.13,504.21,0,0,159.47,129.33,118.51,204.7,219.46,244.2,235.78,213.85,258.03,278.92,263.02,157.6,296.29,0,0,38.47,88.16,257.09,180.06,244.2,287.66,231.93,369.99,295.87,374.15,406.27,504.72,448.38,436.73,345.98,423.22,0,0,0,116.12,161.24,212.91,195.24,283.81,301.59,439.54,363.75,591.74,0,,,,,,,30,,173862553.8,,596.75,,
0.25,0,268.22,127.35,218.21,168.1,140.45,153.44,168.52,160.1,167.06,152.4,154.9,178.08,205.11,241.81,229.54,164.78,242.02,205.63,235.05,267.8,218.42,210.41,242.23,193.16,159.47,168.1,253.35,256.99,277.68,320.61,220.19,312.19,328.62,404.51,332.05,321.13,361.68,342.76,317.7,419.17,283.71,267.49,316.04,505.45,562.84,406.48,530.71,403.36,455.97,439.85,452.22,421.04,390.06,387.87,354.29,445.88,342.65,298.05,370.41,405.44,510.96,381.32,308.97,286.41,347.85,650.89,584.25,409.19,353.67,357.83,472.08,638,441.52,310.32,482.68,365.94,471.56,441.83,552.96,408.46,614.19,460.44,577.08,512.73,760.88,711.08,536.85,482.89,478.53,598.08,400.14,676.57,760.67,625.32,595.58,657.65,641.33,460.23,597.56,491.42,369.16,586.33,644.76,472.5,600.47,680.52,980.13,996.56,920.36,938.24,807.87,699.86,1080.97,699.96,785.83,890.62,812.86,660.35,639.98,900.5,811.51,672.72,604.53,532.27,599.12,554.52,730.32,998.22,460.44,498.59,564.19,594.03,738.32,509.71,687.38,608.27,1028.37,751,992.61,869.73,692.79,710.98,712.23,598.39,612.11,565.12,670.54,649.33,740.82,604.42,634.26,672.41,697.15,722.1,740.82,788.53,649.33,896.76,1277.25,1281.3,785.1,554,635.92,1184.2,1334.53,1011.94,893.01,766.49,773.25,805.69,812.24,769.72,633.01,1237.85,957.99,1151.15,833.13,760.47,603.49,703.5,675.43,844.26,902.37,802.15,769.2,919.21,783.54,676.67,1080.87,976.49,636.65,797.79,1259.78,1384.53,1420.4,1521.45,1185.35,908.71,577.08,727.82,730.11,693.83,811.61,1169.55,808.08,1180.57,873.78,790.51,894.68,984.19,893.33,787.91,590.18,847.9,917.76,1071.3,957.47,675.63,746.74,623.13,504.21,0,0,159.47,129.33,118.51,203.55,217.38,244.2,235.78,213.85,258.03,276.32,260.32,154.59,296.29,0,0,38.47,88.16,257.09,180.06,244.2,287.66,231.93,369.99,295.87,374.15,406.27,504.72,448.38,436.73,345.98,423.22,0,0,0,116.12,161.24,212.91,195.24,283.81,301.59,439.54,363.75,591.74,0,,,,,,,31,,170226210.8,,596.5,,
0.25,0,263.43,111.24,218.21,168.1,140.45,153.44,168.52,159.99,167.06,152.4,150.74,178.08,197.32,241.81,221.43,164.78,242.02,205.63,235.05,267.8,217.07,208.34,242.23,193.16,159.47,168.1,248.78,256.99,276.53,320.61,220.19,312.19,328.62,404.51,325.39,321.13,361.68,342.76,316.25,413.34,283.71,267.49,316.04,502.44,562.84,406.48,530.71,403.36,455.97,439.85,452.22,421.04,390.06,387.87,354.29,445.88,342.65,298.05,370.41,405.44,510.96,381.32,308.97,286.41,347.85,650.89,584.25,409.19,353.67,355.33,472.08,633.53,441.52,310.32,482.68,365.94,471.56,441.83,550.99,408.46,614.19,455.86,577.08,509.09,760.88,711.08,536.85,482.89,478.53,598.08,400.14,675.32,760.36,625.32,595.58,657.65,641.33,460.23,597.56,486.95,369.16,586.33,644.76,472.5,600.47,679.69,980.13,996.56,920.36,938.24,807.87,699.86,1073.49,699.96,785.83,890.62,804.75,660.35,639.98,900.5,802.98,672.72,604.53,525.62,594.03,554.52,723.77,998.22,460.44,494.85,564.19,594.03,738.32,509.71,687.38,608.27,1028.37,747.57,992.61,869.73,692.79,702.98,712.23,597.04,612.11,565.12,666.49,649.33,740.82,602.65,634.26,672.41,697.15,722.1,740.82,788.53,649.33,894.16,1277.25,1276.31,785.1,553.9,635.92,1184.2,1334.53,1011.94,888.34,766.49,773.25,805.69,812.24,769.72,633.01,1229.43,950.82,1147.4,833.13,760.47,603.49,703.5,668.36,844.26,902.37,802.15,769.2,919.21,783.54,676.67,1080.87,976.49,636.65,797.79,1259.78,1384.53,1420.4,1521.45,1185.35,908.71,577.08,727.82,730.11,693.83,811.61,1169.55,808.08,1180.57,873.78,790.51,894.68,984.19,893.33,787.91,590.18,847.9,917.76,1071.3,957.47,675.63,746.74,623.13,504.21,0,0,159.47,129.33,118.51,203.55,217.38,244.2,235.78,213.01,258.03,276.32,260.32,154.59,291.81,0,0,38.47,88.16,257.09,180.06,244.2,281.31,231.93,369.99,295.87,374.15,406.27,504.72,448.38,436.73,345.98,423.22,0,0,0,116.12,161.24,212.91,195.24,283.81,301.59,439.54,363.75,591.74,0,,,,,,,32,,166384576,,596.25,,
0.25,0,263.43,111.24,218.21,163.94,140.45,153.44,168.52,159.99,167.06,147.62,150.74,176.73,197.32,241.81,221.43,164.78,237.34,205.63,235.05,264.89,217.07,208.34,242.23,193.16,159.47,168.1,248.78,256.99,276.53,320.61,220.19,312.19,328.62,399.93,325.39,321.13,361.68,342.76,316.25,413.34,283.71,267.49,316.04,502.44,562.84,405.86,530.71,403.36,455.97,439.85,452.22,420.93,390.06,387.87,352.84,445.88,342.65,298.05,370.41,405.44,498.9,381.32,308.97,286.41,347.85,650.89,577.81,409.19,353.67,355.33,472.08,633.53,441.52,300.34,482.68,365.94,471.56,441.83,550.99,408.46,610.24,448.9,573.55,509.09,756.1,705.57,536.85,474.06,478.53,594.03,400.14,675.32,760.36,620.33,595.58,657.65,636.23,460.23,597.56,486.95,369.16,582.07,644.76,470.11,594.34,679.69,974.31,996.56,920.36,938.24,807.87,699.86,1073.49,699.96,785.83,890.62,804.75,654.74,639.98,900.5,802.98,672.72,598.6,525.62,594.03,554.52,723.77,992.71,460.44,494.85,564.19,594.03,738.32,505.04,687.38,608.27,1028.37,747.57,992.61,865.15,686.65,697.78,706.41,597.04,612.11,565.12,666.49,644.34,740.82,602.65,634.26,666.28,693.83,722.1,740.82,788.53,649.33,888.96,1277.25,1272.78,785.1,550.05,635.92,1179.21,1330.89,1003.73,888.34,761.71,768.16,805.69,812.24,769.72,633.01,1229.43,950.82,1147.4,833.13,760.47,603.49,703.5,668.36,844.26,902.37,802.15,769.2,919.21,783.54,676.67,1080.87,976.49,636.65,797.79,1259.78,1384.53,1420.4,1521.45,1185.35,908.71,577.08,727.82,730.11,686.24,811.61,1169.55,808.08,1180.57,873.78,790.51,894.68,984.19,893.33,782.82,590.18,847.9,917.76,1070.68,936.78,675.63,746.74,623.13,504.21,0,0,159.47,129.33,118.51,203.55,217.38,244.2,235.78,213.01,258.03,276.32,260.32,154.59,291.81,0,0,38.47,88.16,257.09,175.28,244.2,281.31,231.93,369.99,295.87,374.15,406.27,504.72,448.38,436.73,345.98,423.22,0,0,0,116.12,161.24,212.91,195.24,283.81,301.59,439.54,363.75,591.74,0,,,,,,,33,,162383300,,596,,
0.25,0,263.43,111.24,218.21,163.94,140.45,153.44,168.52,159.99,164.05,147.62,150.74,176.73,197.32,233.49,221.43,164.78,237.34,205.63,230.58,264.89,217.07,208.34,227.26,191.29,159.47,168.1,248.78,256.99,276.53,320.61,217.59,312.19,328.62,399.93,325.39,321.13,361.68,340.26,316.25,413.34,283.71,267.49,316.04,502.44,562.84,405.86,530.71,403.36,455.97,439.85,451.7,420.93,390.06,387.87,352.84,437.57,342.65,298.05,370.41,405.44,498.9,380.91,307.51,285.06,347.85,650.89,577.81,409.19,353.67,355.33,463.04,626.56,441.52,300.34,482.68,359.6,471.56,441.83,550.99,408.46,578.33,448.9,573.55,509.09,756.1,705.57,532.17,469.38,469.07,594.03,400.14,675.32,760.36,620.33,595.58,652.04,636.23,460.23,594.86,486.95,369.16,582.07,644.76,470.11,594.34,679.69,974.31,991.36,920.36,938.24,801.94,699.86,1073.49,699.96,785.83,890.62,804.75,654.74,639.98,900.5,802.98,672.72,598.6,525.62,594.03,554.52,723.77,992.71,460.44,494.85,564.19,594.03,732.19,500.57,682.6,608.27,1020.88,747.57,988.97,865.15,686.65,697.78,697.05,597.04,612.11,565.12,666.49,644.34,740.82,602.65,634.26,661.18,693.83,715.24,740.82,778.87,649.33,888.96,1272.57,1272.78,785.1,550.05,635.92,1179.21,1321.54,1003.73,888.34,761.71,768.16,805.69,805.9,764.52,633.01,1229.43,950.82,1147.4,833.13,760.47,603.49,703.5,668.36,841.35,898.42,802.15,769.2,919.21,783.54,676.67,1080.87,976.49,636.65,797.79,1259.78,1384.53,1420.4,1521.45,1185.35,908.71,577.08,727.82,730.11,686.24,811.61,1169.55,808.08,1180.57,873.78,790.51,894.68,978.47,893.33,782.82,590.18,847.9,917.76,1070.68,936.78,671.37,746.74,623.13,504.21,0,0,159.47,129.33,118.51,203.55,217.38,244.2,235.78,213.01,258.03,276.32,260.32,154.59,291.81,0,0,38.47,84,257.09,175.28,244.2,281.31,231.93,369.99,295.87,374.15,402.64,504.72,441.62,436.73,345.98,423.22,0,0,0,111.86,161.24,212.91,195.24,283.81,301.59,439.54,363.75,591.74,0,,,,,,,34,,158042977.6,,595.75,,
0.25,0,258.13,111.24,214.26,163.94,140.45,153.44,168.52,159.99,164.05,145.75,150.74,176.73,197.32,233.49,221.43,164.78,237.34,205.63,226.01,264.89,217.07,208.34,227.26,189.31,159.47,168.1,248.78,256.99,276.53,315.1,217.59,312.19,328.62,399.93,325.39,321.13,361.68,340.26,314.27,413.34,277.36,267.49,316.04,502.44,562.84,401.8,530.71,403.36,455.97,439.85,451.7,420.93,387.56,386,352.84,437.57,342.65,298.05,370.41,401.49,498.9,380.91,307.51,280.8,340.16,650.89,577.81,404.82,353.67,354.92,463.04,626.56,433.3,300.34,482.68,359.6,463.35,441.31,546.93,408.46,578.33,448.9,573.55,498.07,756.1,705.57,532.17,469.38,469.07,593.19,400.14,675.32,755.37,620.33,595.58,652.04,630.62,460.23,594.86,486.95,369.16,577.7,644.76,470.11,594.34,679.69,974.31,991.36,914.53,938.24,801.94,699.86,1073.49,699.96,785.83,890.62,804.75,654.74,639.98,900.5,802.98,672.72,598.6,525.62,594.03,548.91,723.77,992.71,460.44,494.85,564.19,594.03,732.19,500.57,682.6,608.27,1020.88,742.9,981.9,865.15,686.65,697.78,697.05,597.04,611.91,565.12,666.49,644.34,740.82,602.65,634.26,661.18,693.83,715.24,733.33,778.87,648.29,888.96,1272.57,1272.78,721.17,550.05,635.92,1175.47,1321.54,1003.73,885.01,761.71,768.16,805.69,805.9,764.52,627.29,1229.43,950.82,1147.4,833.13,753.81,602.03,703.18,668.36,841.35,898.42,802.15,769.2,919.21,783.54,676.67,1080.87,976.49,636.65,797.79,1259.78,1307.6,1420.4,1521.45,1185.35,908.71,577.08,727.82,730.11,686.24,811.61,1169.55,808.08,1179.84,873.78,790.51,894.68,978.47,893.33,782.82,590.18,847.9,917.76,1070.68,936.78,671.37,746.74,623.13,504.21,0,0,159.47,129.33,118.51,203.55,217.38,244.2,235.78,213.01,258.03,276.32,260.32,154.59,291.81,0,0,38.47,84,257.09,175.28,244.2,281.31,231.93,365.42,295.87,374.15,402.64,500.57,441.62,436.73,345.98,423.22,0,0,0,111.86,161.24,212.91,195.24,283.81,301.59,439.54,363.75,591.74,0,,,,,,,35,,153116493.8,,595.5,,
0.25,0,258.13,111.24,214.26,163.94,140.45,153.44,168.52,159.99,164.05,145.75,150.74,176.73,197.32,233.49,221.43,164.78,234.95,205.63,226.01,264.89,217.07,196.48,227.26,189.31,155.42,168.1,248.78,256.99,276.53,315.1,217.59,312.19,328.62,399.93,325.39,321.13,357.31,340.26,314.27,413.34,277.36,267.49,316.04,499.53,553.9,401.8,530.71,403.36,449.94,439.85,446.82,420.93,387.56,386,352.84,432.37,338.39,298.05,364.27,401.49,495.37,380.91,307.51,280.8,340.16,650.89,571.57,404.82,351.28,354.92,463.04,626.25,433.3,300.34,482.68,359.6,463.35,441.31,546.93,408.46,578.33,448.9,573.55,498.07,756.1,692.06,532.17,469.38,469.07,593.19,400.14,669.19,755.37,615.96,595.58,652.04,630.62,437.57,594.86,486.95,369.16,577.7,644.76,470.11,594.34,679.69,970.26,991.36,909.96,933.87,801.94,698.09,1073.49,699.96,773.67,890.62,804.75,645.9,639.98,900.5,802.98,672.72,598.6,525.62,594.03,548.91,723.77,988.34,460.44,494.85,564.19,594.03,732.19,500.57,682.6,603.59,1011.84,742.9,981.9,865.15,686.65,697.78,697.05,597.04,611.91,565.12,666.49,644.34,740.82,602.65,634.26,661.18,693.41,715.24,733.33,778.87,648.29,888.96,1272.57,1272.78,721.17,550.05,635.82,1175.47,1321.54,1000.51,885.01,761.71,768.16,805.69,801.01,759.95,627.29,1225.79,950.82,1147.4,833.13,753.81,602.03,703.18,668.36,837.91,898.42,802.15,769.2,919.21,783.54,672.2,1080.87,976.49,636.65,797.79,1259.78,1307.6,1412.19,1515.94,1185.35,908.71,577.08,727.82,730.11,686.24,811.61,1169.55,808.08,1179.84,873.78,790.51,894.68,978.47,893.33,782.82,590.18,847.9,914.22,1070.68,936.78,666.07,746.74,618.77,504.21,0,0,159.47,129.33,118.51,203.55,217.38,244.2,230.58,213.01,258.03,276.32,260.32,154.59,291.81,0,0,38.47,84,248.46,175.28,244.2,281.31,231.93,365.42,295.87,374.15,397.33,495.99,441.62,436.73,345.98,423.22,0,0,0,111.86,161.24,212.91,195.24,283.81,301.59,439.54,363.75,591.74,0,,,,,,,36,,147669021.8,,595.25,,
0.25,0,258.13,111.24,214.26,163.94,140.45,151.47,168.52,159.99,159.16,145.75,150.74,176.73,197.32,233.49,221.43,164.78,232.45,205.63,226.01,260.42,217.07,196.48,227.26,189.31,155.42,168.1,248.78,256.99,276.53,309.38,217.59,312.19,328.62,399.93,325.39,321.13,357.31,340.26,309.07,405.34,277.36,267.49,316.04,499.53,553.9,396.61,526.56,394.84,445.68,439.85,446.82,420.93,386.31,386,352.84,427.59,338.39,297.53,359.49,401.49,495.37,379.76,307.51,280.8,340.16,650.89,565.75,404.82,351.28,354.92,463.04,626.25,433.3,300.34,472.7,356.89,461.48,439.65,546.93,408.46,578.33,448.9,565.75,493.6,756.1,692.06,526.66,469.38,469.07,593.19,399.83,666.07,755.37,615.96,595.58,652.04,630.62,437.57,590.08,486.95,369.16,577.7,644.76,469.48,594.34,679.69,968.28,982.73,909.96,933.87,799.14,698.09,1070.16,697.26,773.67,890.62,804.75,645.9,639.98,900.5,802.98,669.4,598.6,522.61,594.03,548.91,723.77,988.34,455.76,494.85,564.19,586.12,728.03,500.57,682.6,603.59,1011.84,742.9,981.9,865.15,686.65,697.78,697.05,597.04,611.91,565.12,666.49,644.34,735.72,602.65,629.06,661.18,693.41,715.24,733.33,778.87,648.29,888.96,1272.57,1272.78,721.17,550.05,635.82,1175.47,1321.54,1000.51,885.01,761.71,768.16,805.69,801.01,759.95,627.29,1225.79,949.46,1147.4,823.98,753.81,592.88,696.95,668.36,837.91,898.42,802.15,769.2,910.37,778.55,672.2,1075.88,976.49,636.65,792.38,1239.72,1307.6,1412.19,1510.53,1185.35,908.71,577.08,727.82,724.7,686.24,811.61,1164.04,800.8,1179.84,873.78,784.69,894.68,978.47,893.33,776.16,590.18,847.9,914.22,1066.11,912.45,666.07,742.48,618.77,504.21,0,0,159.47,129.33,118.51,203.55,217.38,244.2,230.58,213.01,258.03,276.32,260.32,154.59,285.58,0,0,36.18,84,248.46,171.53,244.2,281.31,231.93,360.43,295.87,374.15,397.33,495.99,441.62,436.73,345.98,423.22,0,0,0,111.86,161.24,212.91,195.24,283.81,296.6,439.54,363.75,591.74,0,,,,,,,37,,142995856.6,,595,,
0.25,0,258.13,111.24,203.14,163.84,140.45,151.47,168.52,159.99,158.85,145.75,150.74,176.73,191.29,233.49,216.96,164.78,232.45,205.63,226.01,260.42,217.07,196.48,227.26,189.31,155.42,168.1,248.78,256.99,276.53,309.38,217.59,312.19,328.62,399.93,316.35,321.13,357.31,340.26,309.07,405.34,277.36,267.49,316.04,499.53,553.9,396.61,526.56,394.84,445.68,439.85,443.49,420.93,386.31,386,348.26,423.22,338.39,297.53,359.49,401.49,489.44,379.76,307.51,276.01,340.16,650.89,565.75,404.82,349.1,352.63,463.04,626.25,433.3,300.34,472.7,356.89,461.48,437.67,546.93,408.25,578.33,448.9,565.75,493.6,748.72,692.06,526.66,469.38,469.07,593.19,399.83,666.07,755.37,615.96,595.58,652.04,630.62,437.57,590.08,479.67,369.16,577.7,644.76,469.48,594.34,679.69,968.28,982.73,909.96,933.87,799.14,698.09,1070.16,690.81,773.67,890.62,804.75,645.9,639.98,897.17,802.98,669.4,598.6,522.61,594.03,548.91,723.77,988.34,455.76,494.85,564.19,586.12,728.03,500.57,675.22,603.59,1011.84,742.9,981.9,865.15,686.65,697.78,697.05,597.04,602.97,565.12,664.09,644.34,734.16,602.65,629.06,661.18,691.96,715.24,733.33,774.6,641.74,888.96,1272.57,1272.78,718.26,550.05,635.82,1175.47,1321.54,1000.51,885.01,761.71,768.16,805.69,801.01,759.95,627.29,1225.79,949.46,1147.4,823.98,753.81,592.88,696.95,666.9,837.91,898.42,797.68,769.2,910.37,774.19,672.2,1075.88,976.49,636.65,792.38,1239.72,1278.5,1412.19,1510.53,1185.35,908.71,577.08,723.04,724.7,686.24,811.61,1158.32,793.84,1179.84,873.78,784.69,894.68,978.47,888.96,776.16,590.18,842.28,914.22,1066.11,912.45,666.07,742.48,618.77,504.21,0,0,159.47,129.33,118.51,203.55,213.01,244.2,230.58,213.01,258.03,276.32,260.32,154.59,285.58,0,0,36.18,84,248.46,171.53,237.13,275.29,231.93,360.43,295.87,374.15,397.33,495.99,441.62,432.99,341.51,423.22,0,0,0,111.86,161.24,209.17,195.24,283.81,296.6,439.54,363.75,591.74,0,,,,,,,38,,138551290.4,,594.75,,
0.25,0,253.04,111.24,203.14,163.84,140.45,151.47,164.15,147.31,158.85,145.75,150.74,176.73,191.29,233.49,216.96,164.78,232.45,205.63,226.01,256.16,217.07,196.48,227.26,189.31,155.42,168.1,248.78,256.99,276.53,309.38,217.59,312.19,328.62,399.93,316.35,321.13,357.31,340.26,309.07,405.34,277.36,263.43,316.04,499.53,553.9,396.61,520.84,394.84,445.68,439.85,443.49,420.93,386.31,382.68,348.26,423.22,338.39,297.53,359.49,401.49,489.44,379.76,307.51,276.01,340.16,650.89,565.75,400.76,349.1,352.63,458.88,622.3,433.3,291.71,472.7,356.89,461.48,437.67,546.93,408.25,578.33,448.9,565.75,469.38,748.72,692.06,526.66,464.18,469.07,593.19,399.83,666.07,755.37,615.96,590.8,652.04,630.62,437.57,590.08,477.38,369.16,577.7,643.41,469.48,594.34,679.69,968.28,982.73,905.49,933.87,799.14,698.09,1070.16,690.81,773.67,882.51,804.75,642.57,639.98,897.17,802.98,667.73,598.6,522.61,587.58,544.12,723.77,988.34,455.76,494.85,564.19,586.12,726.37,500.57,675.22,603.59,1011.84,742.9,981.9,860.58,686.65,697.78,697.05,597.04,602.97,565.12,664.09,644.34,734.16,602.65,629.06,659.62,691.96,715.24,733.33,774.6,641.74,888.96,1264.15,1272.78,718.26,550.05,635.82,1175.47,1321.54,1000.51,885.01,761.71,768.16,805.69,801.01,759.95,627.29,1225.79,949.46,1144.18,823.98,753.81,592.88,696.95,666.9,831.16,898.42,793.42,769.2,910.37,774.19,667.42,1075.88,976.49,636.65,787.29,1239.72,1278.5,1412.19,1510.53,1185.35,908.71,569.6,723.04,724.7,686.24,811.61,1158.32,793.84,1179.84,873.78,784.69,886.05,978.47,888.96,774.19,590.18,842.28,914.22,1066.11,907.67,662.74,742.48,618.77,504.21,0,0,159.47,129.33,118.51,202.1,213.01,239.32,228.3,213.01,247.01,276.32,260.32,150.85,285.58,0,0,36.18,84,248.46,166.75,237.13,275.29,231.93,360.43,291.19,374.15,397.33,495.99,441.62,432.99,341.51,423.22,0,0,0,111.86,152.92,209.17,195.24,283.81,296.6,439.54,363.75,591.74,0,,,,,,,39,,134707273,,594.5,,
0.25,0,253.04,111.24,203.14,163.84,140.45,151.47,164.15,138.68,158.85,145.75,146.38,176.73,189.31,233.49,216.96,164.78,232.45,205.63,226.01,256.16,217.07,193.88,227.26,189.31,155.42,168.1,248.78,249.19,276.53,309.38,205.42,309.07,328.62,392.86,316.35,317.18,357.31,337.87,309.07,405.34,277.36,263.43,308.97,499.53,553.9,395.77,520.84,394.84,445.68,439.85,443.49,420.93,386.31,380.91,348.26,412.93,338.39,297.53,359.49,401.49,489.44,374.88,307.51,276.01,340.16,646.21,565.75,400.76,349.1,352.63,458.88,622.3,433.3,291.71,472.7,356.89,461.48,437.67,546.93,408.25,575.21,444.32,563.98,469.38,748.72,692.06,526.66,464.18,469.07,593.19,399.83,666.07,755.37,615.96,586.02,647.77,630.62,437.57,590.08,477.38,369.16,577.7,643.41,466.67,589.14,679.69,968.28,975.56,905.49,933.87,799.14,698.09,1070.16,684.89,773.67,882.51,804.75,642.57,632.91,885.84,802.98,667.73,598.6,522.61,587.58,544.12,721.9,988.34,455.76,494.85,564.19,586.12,722.31,500.57,675.22,603.59,1011.84,742.9,981.9,860.58,686.65,697.78,697.05,597.04,602.97,563.88,664.09,644.34,734.16,602.65,629.06,659.62,691.23,713.27,733.33,774.6,641.74,879.6,1264.15,1272.78,717.74,550.05,635.82,1175.47,1321.54,1000.51,885.01,761.71,768.16,805.69,801.01,759.95,627.29,1225.79,949.46,1144.18,823.98,753.81,592.88,696.95,663.89,831.16,898.42,793.42,769.2,910.37,774.19,667.42,1075.88,969.74,632.18,787.29,1239.72,1278.5,1408.13,1510.53,1179.84,908.71,569.6,723.04,724.7,686.24,811.61,1158.32,793.84,1179.84,873.78,784.69,886.05,974.83,888.96,774.19,590.18,842.28,914.22,1066.11,907.67,662.74,742.48,618.77,504.21,0,0,155.52,129.33,118.51,202.1,209.27,239.32,228.3,213.01,247.01,276.32,255.74,150.85,285.58,0,0,36.18,84,248.46,166.75,237.13,275.29,227.15,360.43,291.19,367.81,397.33,495.99,435.38,426.34,337.04,418.23,0,0,0,111.86,152.92,209.17,195.24,283.81,296.6,439.54,357.62,591.74,0,,,,,,,40,,132072051.2,,594.25,,
0.25,0,253.04,111.24,203.14,163.84,140.45,151.47,164.15,138.68,158.85,145.75,146.38,176.73,189.31,233.49,216.96,164.78,232.45,205.63,218.21,256.16,217.07,193.88,227.26,189.31,155.42,162.07,243.27,249.19,276.53,309.38,205.42,309.07,328.62,392.86,316.35,317.18,357.31,337.87,309.07,405.34,277.36,263.43,308.97,499.53,553.9,395.77,520.84,394.84,445.68,432.26,443.49,412.2,386.31,380.91,348.26,412.93,338.39,297.53,359.49,401.49,489.44,374.88,304.5,276.01,340.16,646.21,564.5,400.76,349.1,349.82,458.88,622.3,433.3,290.57,472.7,354.5,461.48,437.25,546.93,408.25,575.21,436.73,559.51,464.18,748.72,689.04,526.66,464.18,468.13,593.19,399.83,666.07,755.37,615.96,586.02,647.77,630.62,437.57,590.08,477.38,369.16,575.83,643.41,466.67,589.14,679.69,961.21,975.56,897.07,933.87,799.14,698.09,1067.67,684.89,773.67,882.51,799.76,637.06,632.91,885.84,800.7,667.73,597.04,522.61,587.58,544.12,721.9,988.34,455.76,494.85,564.19,586.12,722.31,500.57,675.22,603.59,1011.84,742.9,981.9,860.58,686.65,697.78,697.05,597.04,602.97,555.46,664.09,644.34,734.16,602.65,629.06,659.62,691.23,713.27,725.53,774.6,641.74,879.6,1264.15,1272.78,711.92,550.05,611.28,1175.47,1321.54,997.49,881.68,761.71,764,805.69,801.01,759.95,627.29,1216.33,944.06,1144.18,823.98,753.81,592.88,696.95,663.89,831.16,894.26,793.42,769.2,910.37,774.19,667.42,1075.88,969.74,632.18,787.29,1239.72,1278.5,1408.13,1510.53,1179.84,903.93,569.6,723.04,724.7,680.73,811.61,1158.32,793.84,1179.84,873.78,784.69,886.05,974.83,888.96,769.93,590.18,842.28,914.22,1066.11,866.61,662.74,737.07,618.77,504.21,0,0,155.52,129.33,118.41,202.1,209.27,239.32,218.32,207.5,247.01,272.27,255.74,150.85,285.58,0,0,36.18,84,248.46,166.75,237.13,275.29,223.1,360.43,291.19,359.8,397.33,495.99,435.38,426.34,337.04,418.23,0,0,0,110.09,152.92,209.17,195.24,283.81,296.6,439.54,357.62,591.74,0,,,,,,,41,,129670400.4,,594,,
0.25,0,253.04,111.24,203.14,163.84,135.15,151.47,164.15,138.68,158.64,145.75,146.38,176.73,189.31,233.49,216.96,164.78,232.45,205.63,216.03,256.16,214.78,193.88,227.26,189.31,155.42,162.07,243.27,249.19,276.53,309.38,205.42,309.07,328.62,379.45,311.57,317.18,357.31,337.87,309.07,397.23,277.36,263.43,303.04,499.53,553.9,395.77,520.84,394.84,445.68,432.26,443.49,412.2,386.31,380.91,348.26,412.93,338.39,297.53,359.49,395.88,485.6,374.88,304.5,276.01,331.84,641.43,564.5,400.76,349.1,345.77,447.44,618.25,433.3,290.57,472.7,351.8,461.48,437.25,546.93,408.25,575.21,436.73,559.3,463.56,748.72,689.04,518.24,464.18,468.13,593.19,399.83,666.07,755.37,608.58,586.02,647.77,630.62,437.57,590.08,477.38,369.16,575.83,643.41,466.67,589.14,679.69,961.21,975.56,897.07,921.39,795.92,698.09,1067.67,684.89,773.67,882.51,799.76,631.56,632.91,885.84,800.7,667.73,597.04,522.61,583.63,544.12,721.9,988.34,455.76,490.38,564.19,583.01,716.18,500.57,675.22,603.59,1011.84,740.61,981.9,860.58,686.65,697.78,697.05,595.17,602.97,555.46,664.09,644.34,734.16,602.65,629.06,657.13,691.23,713.27,725.53,774.6,641.74,879.6,1264.15,1272.78,711.92,550.05,611.28,1175.47,1321.54,991.26,881.68,761.71,764,805.69,801.01,759.95,622.82,1216.33,936.26,1141.58,823.98,753.81,592.88,696.95,663.89,825.75,894.26,793.42,766.6,910.37,774.19,667.42,1065.69,969.74,632.18,787.29,1239.72,1274.13,1408.13,1507.94,1179.84,903.93,569.6,723.04,724.7,680.73,811.61,1158.32,793.84,1173.81,873.78,784.69,886.05,974.83,888.96,769.93,583.01,842.28,908.4,1066.11,866.61,662.74,737.07,618.77,504.21,0,0,155.52,128.7,118.41,202.1,209.27,235.05,218.32,207.5,247.01,272.27,249.61,150.85,285.58,0,0,36.18,84,248.46,166.75,237.13,270.5,223.1,360.43,291.19,359.8,397.33,495.99,435.38,426.34,337.04,418.23,0,0,0,110.09,152.92,209.17,195.24,283.08,296.6,439.54,357.62,586.64,0,,,,,,,42,,127363197,,593.75,,
0.25,0,253.04,111.24,203.14,163.84,135.15,142.32,164.15,138.68,158.64,145.75,146.38,174.24,189.31,233.49,216.96,164.78,232.45,205.63,216.03,256.16,214.78,193.88,227.26,189.31,155.42,162.07,243.27,249.19,274.77,309.38,205.42,309.07,328.62,371.14,311.57,317.18,357.31,337.87,309.07,397.23,277.36,263.43,303.04,497.55,553.9,395.77,520.84,394.84,440.79,432.26,443.49,412.2,386.31,380.91,348.26,412.93,338.39,297.53,358.45,392.66,476.86,374.88,304.5,275.81,331.84,641.43,564.5,400.76,349.1,345.77,447.44,615.86,433.3,290.57,471.25,351.8,461.48,437.25,546.93,408.25,575.21,436.73,559.3,463.56,741.44,689.04,518.24,464.18,461.48,593.19,399.83,666.07,750.07,608.58,586.02,647.77,630.62,437.57,590.08,477.38,356.69,575.83,641.12,466.67,589.14,679.69,955.49,975.56,897.07,921.39,795.92,698.09,1067.67,684.89,773.67,876.28,794.25,631.56,632.91,885.84,800.7,667.73,597.04,522.61,583.63,544.12,721.9,988.34,455.76,490.38,558.06,583.01,716.18,500.57,675.22,603.59,1011.84,740.61,981.9,860.58,686.65,697.78,697.05,595.17,602.97,555.46,664.09,641.95,731.56,602.65,629.06,657.13,687.49,710.46,725.53,768.26,641.74,879.6,1264.15,1263.21,708.07,550.05,611.28,1175.47,1321.54,991.26,881.68,761.71,764,796.54,801.01,759.95,622.82,1216.33,936.26,1141.58,823.98,753.81,592.88,696.95,663.89,825.75,894.26,793.42,762.86,910.37,774.19,667.42,1065.69,962.46,632.18,787.29,1239.72,1274.13,1408.13,1507.94,1179.84,903.93,569.6,723.04,724.7,663.78,811.61,1158.32,789.26,1173.81,873.78,784.69,886.05,974.83,888.96,769.93,583.01,842.28,908.4,1055.4,866.61,662.74,737.07,618.77,504.21,0,0,155.52,120.91,118.41,202.1,209.27,235.05,218.32,207.5,247.01,272.27,249.61,150.85,279.76,0,0,33.99,84,248.46,166.75,237.13,270.5,223.1,357.73,291.19,359.8,397.33,495.99,435.38,426.34,337.04,418.23,0,0,0,110.09,152.92,209.17,190.56,283.08,296.6,435.18,357.62,583.11,0,,,,,,,43,,125118353.8,,593.5,,
0.25,0,248.98,111.24,203.14,163.84,131.82,142.32,164.15,138.68,158.64,145.75,145.13,166.96,189.31,233.49,216.96,164.78,232.45,205.63,216.03,256.16,214.78,193.88,227.26,189.31,155.42,162.07,243.27,249.19,274.77,309.38,205.42,309.07,328.62,371.14,311.57,317.18,357.31,337.87,309.07,397.23,277.36,261.46,303.04,497.55,553.9,394.32,520.84,386.21,440.79,432.26,443.49,412.2,382.47,380.91,347.54,412.93,338.39,297.53,358.45,392.66,476.86,374.88,304.5,273.73,331.84,641.43,564.5,397.54,349.1,345.67,447.44,615.86,433.3,290.57,471.25,351.8,461.48,435.8,546.93,407.11,568.56,436.73,553.79,463.56,741.44,689.04,518.24,458.88,461.48,583.32,399.83,663.99,750.07,608.58,586.02,647.77,630.62,437.57,590.08,477.38,356.69,575.83,641.12,463.04,589.14,675.43,955.49,975.56,897.07,921.39,795.92,672.1,1063.92,684.89,773.67,876.28,794.25,631.56,632.91,885.84,800.7,667.73,597.04,518.03,583.63,544.12,721.9,988.34,455.76,490.38,558.06,583.01,716.18,500.57,675.22,603.59,1011.84,740.61,981.9,860.58,686.65,697.78,697.05,595.17,602.97,555.46,664.09,641.95,727.72,594.44,629.06,657.13,687.49,710.46,725.53,768.26,641.74,879.6,1262.38,1263.21,708.07,546,611.28,1167.57,1321.54,991.26,879.39,761.71,764,796.54,801.01,759.95,622.82,1212.79,936.26,1141.58,823.98,753.81,592.88,696.95,663.89,825.75,894.26,793.42,762.86,910.37,774.19,667.42,1065.69,962.46,632.18,787.29,1239.72,1274.13,1401.69,1507.94,1169.34,903.93,565.96,723.04,724.7,663.78,811.61,1158.32,789.26,1169.75,873.78,784.69,886.05,974.83,888.96,769.93,583.01,842.28,908.4,1055.4,866.61,658.38,737.07,618.77,504.21,0,0,151.78,120.91,118.41,202.1,209.27,235.05,218.32,207.5,247.01,267.28,249.61,150.85,279.76,0,0,31.4,84,248.46,166.75,237.13,270.5,223.1,357.73,291.19,359.8,394.42,495.99,435.38,426.34,337.04,418.23,0,0,0,110.09,152.92,209.17,190.56,283.08,296.6,435.18,352.74,583.11,0,,,,,,,44,,122629012,,593.25,,
0.25,0,248.98,111.24,203.14,163.84,131.82,142.32,164.15,138.68,158.64,145.75,145.13,166.96,189.31,223.51,209.06,164.78,232.45,205.63,216.03,256.16,214.78,193.88,227.26,189.31,155.42,162.07,243.27,249.19,269.57,307.3,205.42,309.07,309.7,371.14,311.57,317.18,357.31,337.87,306.47,392.66,277.36,261.46,303.04,493.5,553.9,394.32,520.84,386.21,440.79,432.26,443.49,412.2,382.47,379.24,347.54,402.64,336.52,296.8,358.45,392.66,476.86,374.25,304.5,273.73,331.84,641.43,564.5,397.54,349.1,345.67,447.44,615.86,433.3,290.57,471.25,351.8,461.48,435.8,546.83,407.11,568.56,431.54,553.79,463.56,741.44,689.04,518.24,456.28,461.48,583.32,399.83,663.99,750.07,608.58,586.02,647.77,630.62,432.58,590.08,477.38,356.69,575.83,638.21,463.04,585.09,667.42,955.49,975.56,887.61,921.39,795.92,662.12,1063.92,673.97,773.67,876.28,794.25,631.56,624.17,879.71,799.24,667.73,597.04,516.58,583.63,544.12,721.9,988.34,455.76,490.38,558.06,583.01,712.02,497.03,675.22,603.59,1011.84,740.61,981.9,860.58,678.44,689.15,697.05,595.17,602.97,555.46,657.13,641.95,727.72,592.47,629.06,657.13,687.49,710.46,725.53,768.26,641.74,879.6,1262.38,1263.21,704.85,546,611.28,1167.57,1311.56,991.26,879.39,761.71,764,796.54,801.01,759.84,622.82,1212.79,936.26,1141.58,820.14,753.81,592.88,696.95,663.89,825.75,894.26,793.42,762.86,910.37,774.19,667.42,1065.69,962.46,632.18,787.29,1239.72,1274.13,1401.69,1507.94,1169.34,903.93,565.96,723.04,724.7,663.78,811.61,1158.32,789.26,1169.75,873.78,784.69,886.05,974.83,881.68,769.93,583.01,842.28,908.4,1055.4,866.61,658.38,737.07,618.77,504.21,0,0,151.78,120.91,118.41,202.1,209.27,235.05,212.7,207.5,241.81,267.28,249.61,150.85,270.71,0,0,21.62,84,246.59,166.75,237.13,270.5,223.1,357.73,291.19,359.8,394.42,495.99,435.38,426.34,337.04,418.23,0,0,0,110.09,152.92,206.15,190.56,283.08,296.6,428.42,352.74,583.11,0,,,,,,,45,,119725471.6,,593,,
0.25,0,248.98,111.24,178.39,159.58,131.82,142.32,164.15,138.68,158.64,145.75,145.13,166.96,189.31,206.88,209.06,164.78,224.45,197.73,216.03,252.83,214.78,187.96,227.26,187.86,155.42,162.07,243.27,239,269.57,291.61,205.42,309.07,309.7,362.92,311.57,317.18,340.36,334.02,306.47,392.66,277.36,261.46,303.04,493.5,553.9,391.1,517.3,386.21,440.79,432.26,443.49,412.2,380.91,379.24,347.54,402.64,332.57,296.8,358.45,392.66,474.37,374.25,304.5,273.73,323.21,641.43,564.5,397.54,349.1,345.67,447.44,615.86,433.3,290.57,471.25,346.5,461.48,435.8,546.83,407.11,568.56,431.54,553.79,463.56,741.44,689.04,518.24,456.28,461.48,583.32,399.83,663.99,750.07,608.58,586.02,645.9,630.62,432.58,590.08,477.38,356.69,575.83,638.21,463.04,585.09,667.42,955.49,969.53,887.61,921.39,795.92,662.12,1063.92,673.97,773.67,876.28,794.25,625.42,624.17,879.71,794.67,667.73,597.04,516.58,583.63,544.12,721.9,988.34,455.76,490.38,558.06,583.01,712.02,497.03,675.22,603.59,1011.84,740.61,981.9,860.58,678.44,689.15,690.08,595.17,602.97,555.46,651,641.95,727.72,592.47,629.06,657.13,687.49,710.46,725.53,768.26,641.74,876.59,1262.38,1263.21,704.85,546,605.15,1167.57,1311.56,991.26,879.39,754.54,764,796.54,794.98,755.16,619.5,1212.79,936.26,1141.58,820.14,747.78,592.88,696.95,663.89,825.75,894.26,793.42,762.86,910.37,774.19,667.42,1065.69,962.46,632.18,787.29,1239.72,1266.96,1401.69,1507.94,1169.34,903.93,565.96,723.04,724.7,663.78,811.61,1158.32,789.26,1169.75,873.78,784.69,886.05,974.83,881.68,769.93,583.01,842.28,908.4,1055.4,866.61,658.38,737.07,618.77,504.21,0,0,151.78,120.91,114.46,202.1,206.78,235.05,212.7,207.5,241.81,267.28,249.61,150.85,270.71,0,0,18.61,84,242.75,166.75,237.13,264.79,223.1,357.73,291.19,359.8,394.42,492.46,430.81,426.34,337.04,418.23,0,0,0,110.09,152.92,206.15,190.56,283.08,287.86,428.42,352.74,583.11,0,,,,,,,46,,116992576.6,,592.75,,
0.25,0,248.98,109.47,170.08,159.58,131.82,142.32,164.15,138.68,152.92,145.75,145.13,166.96,184.53,206.88,209.06,164.78,224.45,197.73,216.03,252.83,214.78,187.96,227.26,187.86,149.39,162.07,243.27,239,269.57,291.61,204.38,309.07,309.7,362.92,311.57,317.18,324.35,334.02,306.47,392.66,277.36,261.46,303.04,493.5,540.69,391.1,517.3,386.21,440.79,432.26,438.61,412.2,380.91,379.24,344.83,402.64,332.57,296.8,358.45,392.66,468.96,374.25,304.5,271.13,323.21,641.43,564.5,397.54,347.75,345.46,447.44,615.86,432.06,290.57,471.25,346.5,454.51,435.8,546.83,407.11,559.72,431.54,552.03,463.56,741.44,689.04,518.24,456.28,461.48,583.32,399.83,663.99,750.07,608.58,586.02,645.9,628.12,432.58,590.08,470.31,355.23,573.86,638.21,463.04,585.09,667.42,955.49,969.53,886.98,921.39,795.92,662.12,1063.92,673.97,765.46,876.28,794.25,625.42,624.17,879.71,794.67,667.73,597.04,516.58,583.63,544.12,721.9,983.67,455.76,490.38,558.06,583.01,704.33,497.03,675.22,603.59,1011.84,740.61,981.9,857.36,678.44,689.15,690.08,586.23,602.97,555.46,651,635.61,727.72,592.47,629.06,654.84,687.49,710.46,725.53,768.26,641.74,876.59,1262.38,1263.21,704.85,541.73,605.15,1167.57,1311.56,991.26,879.39,754.54,764,796.54,794.98,755.16,619.5,1207.18,929.92,1141.58,820.14,747.78,592.88,696.95,661.7,825.75,894.26,793.42,762.86,907.57,774.19,667.42,1065.69,962.46,628.33,787.29,1239.72,1266.96,1401.69,1507.94,1169.34,903.93,562.32,723.04,724.7,663.78,811.61,1153.74,783.23,1169.75,873.78,780.95,886.05,974.83,881.68,769.93,583.01,842.28,908.4,1055.4,866.61,651.52,737.07,618.77,504.21,0,0,151.78,120.91,114.46,190.87,206.78,235.05,212.7,207.5,241.81,267.28,249.61,150.85,270.71,0,0,18.61,80.36,242.75,166.75,237.13,264.79,223.1,357.73,291.19,359.8,394.42,492.46,430.81,426.34,337.04,418.23,0,0,0,104.79,152.92,206.15,190.56,283.08,287.86,428.42,352.74,583.11,0,,,,,,,47,,115013922.6,,592.5,,
0.25,0,248.98,109.47,170.08,159.58,131.82,142.32,164.15,138.68,152.92,145.75,145.13,166.96,184.53,206.88,207.4,164.78,224.45,197.73,216.03,252.83,212.81,187.96,227.26,187.86,149.39,162.07,243.27,239,269.57,291.61,204.38,309.07,309.7,358.97,311.57,317.18,324.35,334.02,304.08,392.66,275.7,261.46,303.04,493.5,540.69,391.1,517.3,379.76,440.79,432.26,430.19,412.2,377.37,379.24,344.83,402.64,332.57,296.8,358.45,392.66,468.96,374.25,304.5,271.13,323.21,641.43,558.06,397.54,347.75,345.46,447.44,610.24,432.06,290.57,471.25,346.5,451.5,433.72,546.83,407.11,559.72,414.8,552.03,463.56,741.44,683.33,518.24,456.28,458.46,583.32,399.83,663.99,750.07,608.58,586.02,645.9,628.12,432.58,590.08,464.49,351.07,573.86,638.21,463.04,585.09,667.42,955.49,969.53,886.98,918.07,795.92,662.12,1063.92,673.97,765.46,876.28,794.25,625.42,624.17,879.71,794.67,659.42,597.04,516.58,583.63,544.12,714.31,983.67,446.09,490.38,550.78,583.01,704.33,493.5,675.22,603.59,1011.84,740.61,981.9,857.36,670.23,689.15,690.08,586.23,602.24,555.46,651,635.61,727.72,592.47,629.06,654.84,687.49,710.46,725.53,768.26,641.74,876.59,1262.38,1263.21,704.85,541.73,605.15,1167.57,1311.56,991.26,879.39,754.54,758.07,796.54,794.98,755.16,619.5,1207.18,929.92,1141.58,820.14,747.78,592.88,696.95,661.7,825.75,894.26,793.42,762.86,901.95,771.9,667.42,1060.08,962.46,628.33,787.29,1239.72,1266.96,1401.69,1502.43,1169.34,903.93,562.32,718.78,724.7,663.78,807.77,1146.36,783.23,1169.75,873.78,780.95,886.05,974.83,881.68,769.93,583.01,842.28,908.4,1055.4,861.62,651.52,733.75,618.77,504.21,0,0,151.78,120.91,114.46,190.87,206.78,231.83,212.7,207.5,241.81,267.28,249.61,150.85,270.71,0,0,9.04,80.36,242.75,166.75,237.13,264.79,223.1,357.73,291.19,359.8,386.83,492.46,430.81,426.34,337.04,418.23,0,0,0,101.15,152.92,206.15,190.56,283.08,287.86,428.42,352.74,583.11,0,,,,,,,48,,112692699.8,,592.25,,
0.25,0,248.98,109.47,157.91,159.58,131.82,142.32,164.15,138.68,152.92,145.75,145.13,166.96,184.53,206.88,207.4,164.78,224.45,197.73,207.92,252.83,212.81,187.96,227.26,187.86,149.39,162.07,243.27,239,269.57,291.61,204.38,309.07,309.7,358.97,304.81,309.38,324.35,334.02,304.08,392.66,275.7,261.46,303.04,493.5,540.69,391.1,517.3,379.76,437.15,432.26,430.19,412.2,377.37,379.24,344.83,402.64,332.57,296.8,358.45,392.66,468.96,374.25,304.5,271.13,316.45,641.43,558.06,397.54,346.5,345.46,441.1,610.24,432.06,290.57,471.25,342.03,451.5,433.72,546.83,407.11,559.72,409.81,552.03,463.56,741.44,683.33,518.24,456.28,458.46,580.2,399.83,663.99,750.07,604.32,586.02,645.9,628.12,432.58,590.08,464.49,351.07,573.86,638.21,463.04,585.09,667.42,955.49,969.53,886.98,918.07,792.28,662.12,1063.92,673.97,765.46,872.53,794.25,625.42,624.17,879.71,794.67,659.42,597.04,516.58,576.87,544.12,714.31,983.67,446.09,482.79,550.78,583.01,704.33,493.5,675.22,603.59,1005.81,740.61,981.9,857.36,670.23,683.53,690.08,586.23,602.24,555.46,651,631.87,727.72,592.47,622.93,654.84,687.49,705.78,725.53,763.27,641.74,876.59,1262.38,1263.21,704.85,541.73,592.99,1167.57,1311.56,991.26,879.39,754.54,758.07,796.54,794.98,755.16,619.5,1201.57,929.92,1134.3,820.14,747.78,592.88,696.95,661.7,814.42,894.26,793.42,762.86,901.95,771.9,667.42,1060.08,962.46,628.33,787.29,1239.72,1266.96,1401.69,1491.82,1169.34,903.93,562.32,718.78,724.7,663.78,807.77,1146.36,783.23,1169.75,873.78,780.95,886.05,968.18,881.68,769.93,583.01,842.28,908.4,1055.4,861.62,651.52,733.75,618.77,504.21,0,0,151.78,120.91,114.46,190.87,206.78,231.83,212.7,207.5,238.69,267.28,249.61,150.85,270.71,0,0,0,80.36,242.75,164.26,235.36,264.79,223.1,357.73,290.15,359.8,386.83,486.32,430.81,426.34,337.04,418.23,0,0,0,101.15,151.68,206.15,190.56,283.08,287.86,428.42,352.74,583.11,0,,,,,,,49,,109977738.6,,592,,
0.25,0,238.38,109.47,157.91,159.58,131.82,142.32,164.15,138.68,152.92,145.75,145.13,166.96,184.53,206.88,207.4,164.78,224.45,191.29,207.92,240.67,212.81,187.96,227.26,187.86,149.39,155.73,234.43,239,269.57,291.61,197.32,309.07,309.7,358.97,304.81,309.38,324.35,334.02,304.08,392.66,275.7,261.46,303.04,493.5,540.69,391.1,517.3,379.76,437.15,432.26,430.19,406.59,374.15,379.24,344.83,402.64,332.57,296.8,349.2,392.66,464.39,374.25,302.63,271.13,316.45,641.43,558.06,397.54,346.5,340.99,441.1,610.24,432.06,282.87,470.21,342.03,451.5,433.72,546.83,403.68,559.72,407,552.03,463.56,741.44,683.33,501.4,454.62,458.46,580.2,399.83,663.99,750.07,604.32,586.02,645.9,628.12,432.58,590.08,464.49,351.07,573.86,638.21,463.04,585.09,667.42,955.49,962.98,886.98,918.07,792.28,662.12,1063.92,673.97,765.46,872.53,792.17,617.94,619.7,879.71,794.67,659.42,597.04,516.58,576.87,544.12,710.46,983.67,446.09,482.79,550.78,583.01,704.33,493.5,675.22,603.59,1005.81,740.61,981.9,847.9,670.23,683.53,680,586.23,602.24,555.46,651,631.87,727.72,592.47,622.93,654.84,687.49,705.78,725.53,763.27,641.74,876.59,1254.9,1263.21,704.85,541.73,592.99,1167.57,1311.56,984.91,879.39,754.54,758.07,796.54,794.98,755.16,619.5,1194.08,929.92,1134.3,820.14,747.78,592.88,696.95,656.19,814.42,881.99,793.42,762.86,901.95,771.9,667.42,1060.08,962.46,628.33,787.29,1239.72,1262.17,1401.69,1491.82,1169.34,903.93,562.32,718.78,724.7,663.78,807.77,1146.36,771.9,1169.75,873.78,780.95,886.05,968.18,881.68,769.93,583.01,829.18,908.4,1055.4,861.62,651.52,733.75,618.77,504.21,0,0,151.78,120.91,114.46,185.67,206.78,231.83,212.7,203.24,235.16,267.28,249.61,150.85,270.71,0,0,0,75.99,242.75,164.26,235.36,264.79,223.1,357.73,290.15,359.8,386.83,486.32,430.81,426.34,337.04,418.23,0,0,0,101.15,151.68,206.15,190.56,279.24,287.86,428.42,352.74,583.11,0,,,,,,,50,,107432136.8,,591.75,,
0.25,0,238.38,109.47,157.91,157.08,131.82,142.32,164.15,138.68,152.92,145.75,145.13,166.96,184.53,206.88,207.4,152.92,224.45,191.29,207.92,240.67,212.81,187.96,227.26,187.86,149.39,155.73,234.43,239,269.57,291.61,197.32,309.07,309.7,350.55,304.81,309.38,324.35,334.02,298.99,392.66,272.17,261.46,300.44,493.5,540.69,391.1,511.79,379.76,437.15,432.26,430.19,406.59,374.15,373.32,341.4,402.64,332.57,296.8,349.2,392.66,464.39,374.25,302.63,271.13,316.45,641.43,558.06,397.54,343.79,340.99,441.1,610.24,423.43,282.87,470.21,342.03,451.5,433.72,546.83,403.68,559.72,407,552.03,463.56,741.44,677.4,501.4,454.62,458.46,568.45,399.83,663.99,747.47,600.37,586.02,645.9,628.12,432.58,590.08,464.49,351.07,567.93,638.21,463.04,585.09,667.42,955.49,962.98,880.54,913.91,792.28,662.12,1063.92,673.97,765.46,872.53,784.79,617.94,619.7,879.71,794.67,659.42,597.04,516.58,576.87,544.12,710.46,983.67,446.09,482.79,550.78,579.06,704.33,493.5,675.22,603.59,1005.81,740.61,981.9,847.9,670.23,683.53,680,586.23,602.24,555.46,651,631.87,722.42,592.47,622.93,654.84,682.29,705.78,713.48,763.27,641.02,876.59,1254.9,1243.25,698.82,541.73,592.99,1167.57,1311.56,978.05,873.99,754.54,758.07,796.54,794.98,755.16,619.5,1194.08,929.92,1134.3,820.14,747.78,592.88,693.83,656.19,814.42,881.99,793.42,762.86,901.95,763.69,667.42,1060.08,962.46,628.33,787.29,1239.72,1262.17,1401.69,1491.82,1169.34,903.93,562.32,718.78,717.63,663.78,807.77,1146.36,766.49,1169.75,872.22,780.95,886.05,968.18,881.68,769.93,583.01,829.18,900.91,1055.4,861.62,651.52,733.75,610.35,504.21,0,0,151.78,120.91,114.46,185.67,206.78,231.83,201.47,203.24,235.16,267.28,249.61,144.5,270.71,0,0,0,75.99,242.75,164.26,235.36,264.79,223.1,357.73,290.15,359.8,386.83,486.32,430.81,426.34,337.04,418.23,0,0,0,101.15,146.58,206.15,186.4,279.24,287.86,428.42,352.74,583.11,0,,,,,,,51,,104922055.6,,591.5,,
0.25,0,238.38,109.47,157.91,157.08,131.82,142.32,164.15,138.68,151.78,145.75,145.13,166.96,184.53,206.88,207.4,152.92,224.45,191.29,207.92,240.67,210.31,187.96,227.26,187.86,149.39,155.73,234.43,239,269.57,291.61,197.32,309.07,309.7,350.55,304.81,309.38,324.35,334.02,298.99,392.66,272.17,261.46,300.44,493.5,540.69,389.85,511.79,377.06,428.94,432.26,430.19,406.59,374.15,373.32,341.4,402.64,332.57,296.8,349.2,392.66,462.1,374.25,302.63,271.13,310.94,641.43,558.06,397.54,343.79,340.99,441.1,603.38,423.43,282.87,462.72,342.03,451.5,433.72,546.83,403.68,559.72,407,552.03,463.56,741.44,677.4,501.4,454.62,450.25,568.45,399.83,663.99,747.47,600.37,586.02,645.9,619.81,432.58,590.08,460.33,351.07,567.93,638.21,463.04,582.17,667.42,955.49,962.98,880.54,913.91,784.17,662.12,1055.29,673.97,765.46,872.53,784.79,617.94,619.7,879.71,794.67,659.42,597.04,516.58,576.87,538.72,710.46,983.67,446.09,482.79,550.78,579.06,703.6,493.5,675.22,603.59,1005.81,740.61,981.9,847.9,670.23,683.53,680,586.23,602.24,555.46,651,631.87,722.42,592.47,622.93,654.84,682.29,705.78,713.48,763.27,641.02,870.45,1254.9,1235.98,698.82,541.73,592.99,1167.57,1311.56,978.05,873.99,754.54,758.07,796.54,794.98,755.16,619.5,1194.08,925.76,1134.3,820.14,747.78,592.88,693.83,656.19,814.42,881.99,789.37,762.86,901.95,763.69,663.68,1060.08,962.46,628.33,787.29,1239.72,1262.17,1394,1491.82,1169.34,903.93,562.32,716.18,717.63,663.78,807.77,1146.36,766.49,1169.75,872.22,780.95,886.05,968.18,881.68,769.93,583.01,823.98,900.91,1055.4,861.62,651.52,733.75,610.35,504.21,0,0,151.78,120.91,114.46,185.67,205.94,231.83,201.47,203.24,235.16,267.28,249.61,144.5,270.71,0,0,0,75.99,242.75,162.59,235.36,264.79,223.1,352.01,290.15,359.8,386.83,486.32,430.81,426.34,337.04,418.23,0,0,0,98.14,146.58,206.15,186.4,279.24,287.86,428.42,352.74,583.11,0,,,,,,,52,,101949954.8,,591.25,,
0.25,0,232.14,109.47,149.49,157.08,131.82,142.32,164.15,135.36,151.78,145.75,144.3,166.96,184.53,206.88,198.56,152.92,224.45,191.29,207.92,235.05,210.31,187.96,227.26,187.86,149.39,155.73,228.19,239,269.57,291.61,197.32,309.07,309.7,350.55,304.81,309.38,324.35,334.02,298.99,392.66,272.17,261.46,300.44,493.5,540.69,389.85,511.79,377.06,428.94,432.26,430.19,406.59,374.15,373.32,341.4,402.64,332.57,296.8,349.2,385.79,455.86,374.25,302.63,271.13,310.94,641.43,547.97,397.54,343.79,340.99,441.1,603.38,423.43,282.87,462.72,337.04,451.5,432.16,546.83,403.68,559.72,405.03,552.03,455.76,741.44,677.4,501.4,454.62,450.25,568.45,399.83,663.99,747.47,600.37,586.02,645.9,619.81,431.22,590.08,455.55,351.07,567.93,632.07,463.04,582.17,667.42,947.28,962.98,880.54,913.91,784.17,662.12,1055.29,672.31,765.46,865.15,784.79,617.94,619.7,879.71,794.67,659.42,591.43,516.58,576.87,538.72,710.46,983.67,446.09,482.79,550.78,579.06,703.6,493.5,670.44,598.81,1005.81,732.92,974.93,847.9,670.23,683.53,680,586.23,602.24,555.46,651,631.87,722.42,589.04,622.93,649.12,682.29,705.78,713.48,763.27,641.02,870.45,1249.8,1233.27,698.82,541.73,587.27,1161.33,1306.25,978.05,873.99,754.54,752.04,790.61,794.98,755.16,619.5,1194.08,925.76,1130.67,820.14,747.78,589.24,693.83,656.19,814.42,881.99,784.69,762.86,901.95,763.69,663.68,1060.08,962.46,628.33,787.29,1233.38,1262.17,1394,1491.82,1169.34,903.93,562.32,716.18,717.63,663.78,807.77,1146.36,766.49,1169.75,872.22,780.95,871.6,968.18,881.68,769.93,583.01,823.98,900.91,1055.4,861.62,651.52,733.75,610.35,504.21,0,0,147,120.91,114.46,185.67,205.94,230.79,201.47,199.6,235.16,267.28,249.61,144.5,270.71,0,0,0,75.99,242.75,162.59,229.54,264.79,221.33,352.01,285.89,359.8,379.97,486.32,430.81,426.34,337.04,418.23,0,0,0,98.14,146.58,206.15,186.4,279.24,287.86,428.42,352.74,583.11,0,,,,,,,53,,99749190.2,,591,,
0.25,0,232.14,109.47,149.49,157.08,131.82,142.32,151.78,135.36,151.78,145.75,144.3,166.96,184.53,206.88,198.56,152.92,224.45,191.29,207.92,235.05,210.31,187.96,227.26,187.86,149.39,155.73,228.19,239,269.57,287.24,197.32,309.07,309.7,350.55,302,309.38,324.35,330.8,298.99,384.65,272.17,258.34,300.44,493.5,540.69,385.69,511.79,377.06,428.94,432.26,430.19,406.59,369.47,369.99,341.4,402.22,332.57,296.8,349.2,385.79,455.86,374.25,302.63,265.41,310.94,641.43,547.97,397.54,343.79,340.99,430.5,590.08,423.43,282.87,462.72,337.04,451.5,432.16,546.83,403.68,559.72,401.7,552.03,455.76,735.41,677.4,501.4,454.62,450.25,568.45,399.83,663.99,747.47,600.37,586.02,645.9,619.81,431.22,590.08,454.1,351.07,567.93,632.07,450.04,582.17,667.42,943.23,962.98,880.54,908.19,778.35,662.12,1049.99,672.31,758.07,865.15,784.79,617.94,619.7,879.71,794.67,659.42,591.43,516.58,576.87,538.72,710.46,983.67,446.09,479.05,550.78,579.06,703.6,493.5,670.44,586.64,1005.81,732.92,974.93,844.46,670.23,683.53,680,586.23,602.24,555.46,651,631.87,722.42,589.04,622.93,649.12,682.29,705.78,713.48,763.27,637.58,866.19,1249.8,1233.27,698.82,541.73,587.27,1161.33,1306.25,978.05,873.99,754.54,752.04,790.61,794.98,755.16,619.5,1194.08,925.76,1130.67,820.14,747.78,589.24,693.83,656.19,814.42,879.81,784.69,761.82,901.95,763.69,663.68,1060.08,962.46,628.33,768.57,1233.38,1255.62,1394,1491.82,1161.96,903.93,562.32,716.18,717.63,655.99,807.77,1141.79,761.3,1169.75,872.22,780.95,871.6,968.18,881.68,769.93,583.01,823.98,900.91,1055.4,861.62,651.52,733.75,610.35,504.21,0,0,147,120.91,114.46,185.67,205.94,230.79,201.47,199.6,235.16,267.28,249.61,144.5,270.71,0,0,0,75.99,242.75,162.59,229.54,264.79,221.33,347.12,285.89,359.8,379.97,486.32,430.81,426.34,337.04,415.53,0,0,0,98.14,146.58,206.15,186.4,279.24,287.86,428.42,352.74,583.11,0,,,,,,,54,,97596189.6,,590.75,,
0.25,0,232.14,109.47,149.49,157.08,131.82,142.32,151.78,135.36,151.78,145.75,144.3,166.96,184.53,206.88,198.56,152.92,215.51,191.29,207.92,235.05,210.31,187.96,227.26,187.86,149.39,155.73,228.19,239,269.57,287.24,197.32,309.07,309.7,350.55,302,309.38,324.35,330.8,298.99,384.65,272.17,258.34,300.44,493.5,536.43,385.69,511.79,377.06,428.94,429.56,430.19,406.59,369.47,366.15,341.4,402.22,329.03,296.8,349.2,385.79,445.78,374.25,302.63,265.41,310.94,641.43,547.97,397.54,343.79,340.99,430.5,590.08,420.83,282.87,462.72,337.04,451.5,432.16,546.83,403.68,558.26,401.7,552.03,455.76,735.41,671.79,501.4,454.62,450.25,568.45,399.83,663.99,747.47,593.51,586.02,645.9,619.81,431.22,586.23,454.1,351.07,563.77,632.07,450.04,582.17,667.42,943.23,956.43,880.54,908.19,778.35,658.48,1049.99,672.31,758.07,865.15,780.11,611.8,619.7,864.63,794.67,647.67,591.43,516.58,571.05,538.72,710.46,979.82,439.23,479.05,545.27,579.06,703.6,493.5,670.44,586.64,1005.81,732.92,974.93,844.46,670.23,683.53,672.41,586.23,602.24,555.46,645.49,631.87,722.42,589.04,622.93,645.38,682.29,705.78,713.48,761.19,637.58,866.19,1249.8,1233.27,698.82,541.73,587.27,1161.33,1304.49,978.05,873.99,754.54,752.04,784.69,794.98,748.09,619.5,1152.29,920.04,1130.67,820.14,742.9,589.24,693.83,656.19,814.42,879.81,784.69,761.82,901.95,763.69,663.68,1060.08,962.46,628.33,768.57,1233.38,1255.62,1394,1491.82,1161.96,903.93,562.32,716.18,717.63,655.99,807.77,1141.79,761.3,1169.75,872.22,780.95,871.6,968.18,881.68,769.93,583.01,823.98,900.91,1051.86,861.62,651.52,733.75,610.35,504.21,0,0,147,120.91,114.46,185.67,205.94,230.79,193.05,199.6,229.44,267.28,249.61,142.84,263.75,0,0,0,75.99,242.75,162.59,229.54,264.79,221.33,347.12,285.89,359.8,379.97,486.32,430.81,424.36,337.04,415.53,0,0,0,96.27,146.58,206.15,186.4,279.24,282.04,428.42,352.74,583.11,0,,,,,,,55,,94699299.6,,590.5,,
0.25,0,232.14,109.47,149.49,157.08,131.82,142.32,151.78,131.41,151.78,145.34,144.3,166.96,184.53,206.88,198.56,152.92,215.51,191.29,207.92,235.05,210.31,187.96,227.26,187.86,149.39,155.73,228.19,239,269.57,287.24,197.32,295.77,309.7,350.55,302,309.38,324.35,330.8,298.68,384.65,272.17,258.34,298.16,493.5,536.43,385.48,511.79,377.06,422.49,429.56,430.19,406.59,369.47,366.15,341.4,402.22,329.03,296.8,349.2,385.79,439.54,371.24,302.63,265.41,310.94,641.43,541.63,394.53,343.79,336.93,430.5,580.41,420.83,282.87,462.72,337.04,451.5,426.65,546.83,403.68,558.26,401.7,552.03,455.76,735.41,671.79,501.4,450.87,450.25,568.45,399.83,663.99,747.47,593.51,586.02,645.9,619.81,431.22,586.23,454.1,345.04,563.77,632.07,450.04,579.06,667.42,943.23,956.43,880.54,908.19,778.35,658.48,1049.99,672.31,758.07,865.15,780.11,611.8,619.7,864.63,794.67,647.67,591.43,516.58,571.05,532.07,710.46,979.82,439.23,479.05,545.27,572.3,703.6,493.5,666.8,586.64,995.73,732.92,974.93,844.46,670.23,683.53,672.41,586.23,602.24,555.46,645.49,631.87,722.42,589.04,622.93,645.38,682.29,705.78,713.48,761.19,637.58,866.19,1249.8,1233.27,698.82,541.73,587.27,1154.06,1304.49,978.05,873.99,754.54,746.43,784.69,794.98,748.09,619.5,1152.29,920.04,1130.67,820.14,742.9,589.24,693.83,656.19,814.42,879.81,784.69,761.82,898,763.69,663.68,1060.08,962.46,625.53,768.57,1233.38,1255.62,1394,1491.82,1161.96,903.93,562.32,716.18,717.63,655.99,807.77,1141.79,761.3,1169.75,872.22,777.93,871.6,968.18,881.68,769.93,583.01,823.98,900.91,1051.86,861.62,651.52,733.75,610.35,504.21,0,0,147,120.91,114.46,185.67,205.94,230.79,193.05,199.6,229.44,267.28,249.61,142.84,260.73,0,0,0,69.65,242.75,162.59,229.54,258.24,221.33,347.12,285.89,357.41,379.97,486.32,430.81,424.36,334.23,415.53,0,0,0,96.27,146.58,206.15,186.4,279.24,282.04,428.42,352.74,583.11,0,,,,,,,56,,91612958.4,,590.25,,
0.25,0,224.14,109.47,149.49,157.08,131.82,142.32,151.78,131.41,151.78,145.34,144.3,166.96,176,200.85,198.56,152.92,215.51,191.29,207.92,235.05,210.31,179.43,224.76,187.86,149.39,155.73,228.19,239,269.57,287.24,197.32,295.77,309.7,342.13,302,309.38,324.35,330.8,298.68,384.65,272.17,258.34,298.16,493.5,530.92,385.48,507.95,377.06,422.49,429.56,425.2,401.39,365.21,366.15,332.77,402.22,329.03,296.8,349.2,385.79,439.54,371.24,301.07,265.41,310.94,637.69,541.63,394.53,343.79,333.5,426.55,580.41,420.83,279.86,462.72,337.04,451.5,426.65,546.83,403.68,558.26,401.7,552.03,455.76,735.41,671.79,501.4,450.87,450.25,568.45,399.83,651.1,744.77,593.51,586.02,645.9,619.81,431.22,586.23,454.1,344.52,563.77,632.07,450.04,579.06,661.39,943.23,956.43,880.54,908.19,778.35,658.48,1049.99,672.31,758.07,860.27,780.11,611.8,619.7,864.63,794.67,647.67,591.43,516.58,565.44,532.07,710.46,979.82,439.23,479.05,545.27,572.3,703.6,493.5,666.8,586.64,995.73,732.92,974.93,844.46,670.23,683.53,672.41,586.23,597.77,555.46,645.49,631.87,722.42,589.04,622.93,645.38,682.29,698.71,713.48,761.19,637.58,866.19,1249.8,1228.91,698.82,536.85,587.27,1154.06,1304.49,971.82,873.99,754.54,738.84,784.69,788.74,748.09,619.5,1150.73,920.04,1130.67,820.14,742.9,587.68,693.83,656.19,810.99,879.81,784.69,761.82,898,763.69,658.06,1060.08,962.46,625.53,768.57,1220.8,1255.62,1394,1491.82,1161.96,903.93,561.28,716.18,717.63,649.75,807.77,1137.73,757.55,1169.75,872.22,777.93,871.6,966.2,881.68,769.93,583.01,823.98,900.91,1051.86,861.62,650.06,729.59,610.35,504.21,0,0,147,120.91,114.46,183.9,205.94,230.79,193.05,199.6,229.44,267.28,249.61,142.84,260.73,0,0,0,69.65,238.9,162.59,226.32,258.24,221.33,347.12,285.89,357.41,379.97,481.33,430.81,424.36,334.23,415.53,0,0,0,96.27,146.58,198.46,186.4,279.24,282.04,427.9,352.74,583.11,0,,,,,,,57,,88090771.2,,590,,
0.25,0,224.14,109.47,149.49,157.08,131.82,142.32,151.78,131.41,151.78,145.34,144.3,166.96,176,200.85,194.51,152.92,215.51,191.29,207.92,235.05,210.31,179.43,224.76,187.86,149.39,149.6,228.19,239,269.36,287.24,197.32,295.77,309.7,337.14,302,309.38,324.35,330.8,298.68,384.65,272.17,258.34,298.16,493.5,530.92,385.48,507.95,377.06,422.49,424.36,425.2,401.39,365.21,360.64,332.77,402.22,329.03,296.8,349.2,385.79,430.81,371.24,301.07,259.17,306.27,634.05,541.63,394.53,343.79,333.5,426.55,580.41,420.83,279.86,462.72,337.04,451.5,426.65,546.83,403.68,558.26,401.7,548.49,455.76,735.41,671.79,501.4,450.87,450.25,568.45,399.83,651.1,744.77,593.51,586.02,645.9,619.81,431.22,586.23,454.1,344.52,563.77,632.07,450.04,579.06,661.39,943.23,956.43,866.92,908.19,778.35,658.48,1049.99,672.31,758.07,860.27,775.23,594.75,619.7,864.63,794.67,644.55,591.43,506.8,565.44,532.07,710.46,979.82,439.23,479.05,545.27,572.3,693.41,487.78,666.8,586.64,995.73,732.92,974.93,844.46,670.23,683.53,672.41,586.23,597.77,555.46,645.49,631.87,722.42,589.04,622.93,645.38,682.29,698.71,703.5,749.97,637.58,866.19,1242.73,1228.91,698.82,536.85,587.27,1154.06,1304.49,971.82,873.99,754.54,738.84,784.69,788.74,748.09,619.5,1150.73,914.12,1130.67,820.14,742.9,587.68,693.83,656.19,810.99,879.81,784.69,761.82,898,763.69,658.06,1054.77,962.46,625.53,768.57,1220.8,1255.62,1385.68,1491.82,1161.96,903.93,552.65,716.18,717.63,649.75,807.77,1137.73,750.69,1169.75,872.22,777.93,871.6,966.2,881.68,769.93,583.01,823.98,900.91,1051.86,861.62,644.76,729.59,610.35,504.21,0,0,147,120.91,114.46,183.9,198.46,230.79,193.05,199.6,229.44,267.28,249.61,142.84,260.73,0,0,0,63.94,238.9,162.59,226.32,258.24,221.33,347.12,285.89,357.41,379.97,481.33,430.81,424.36,334.23,415.53,0,0,0,96.27,146.58,198.46,186.4,279.24,282.04,427.9,352.74,583.11,0,,,,,,,58,,84230888.6,,589.75,,
0.25,0,224.14,109.47,149.49,157.08,131.82,142.32,151.78,131.41,151.78,145.34,144.3,166.96,167.69,197.73,194.51,152.92,215.51,191.29,207.92,235.05,210.31,179.43,224.76,187.86,149.39,149.6,228.19,239,269.36,287.24,197.32,295.77,309.7,337.14,302,309.38,324.35,330.8,298.68,384.65,270.71,258.34,298.16,493.5,530.92,385.48,507.95,377.06,422.49,424.36,416.98,401.39,362.09,360.64,332.77,402.22,329.03,296.8,349.2,385.79,430.81,371.24,301.07,259.17,306.27,634.05,541.63,394.53,339.64,333.5,421.56,570.84,420.83,279.86,462.72,337.04,446.19,426.65,546.83,403.68,558.26,401.7,548.49,455.76,735.41,671.79,501.4,450.87,450.25,568.45,399.83,651.1,744.77,593.51,586.02,645.9,614.92,431.22,586.23,454.1,344.52,563.77,632.07,450.04,579.06,661.39,943.23,956.43,866.92,908.19,772.84,658.48,1049.99,672.31,758.07,860.27,775.23,594.75,619.7,864.63,782.5,644.55,591.43,506.8,565.44,532.07,710.46,975.25,439.23,479.05,545.27,572.3,683.12,487.78,666.8,586.64,995.73,732.92,974.93,844.46,670.23,674.49,672.41,586.23,597.77,555.46,645.49,631.87,722.42,589.04,622.93,645.38,682.29,698.51,703.5,749.97,637.58,860.06,1242.73,1228.91,698.82,536.85,587.27,1154.06,1304.49,971.82,867.02,754.54,738.84,784.69,788.74,748.09,619.5,1150.73,914.12,1130.67,820.14,742.9,587.68,693.83,652.14,810.99,879.81,784.69,759.74,898,763.69,658.06,1054.77,962.46,625.53,768.57,1220.8,1255.62,1385.68,1488.49,1161.96,895.82,552.65,716.18,717.63,649.75,807.77,1137.73,750.69,1169.75,872.22,777.93,871.6,966.2,881.68,769.93,576.87,823.98,900.91,1046.46,852.99,644.76,729.59,610.35,504.21,0,0,147,119.55,114.46,183.9,198.46,225.18,187.54,199.6,229.44,262.91,249.61,142.84,260.73,0,0,0,63.94,230.79,162.59,226.32,258.24,221.33,347.12,285.89,357.41,379.97,481.33,430.81,421.56,334.23,415.53,0,0,0,96.27,143.36,198.46,186.4,279.24,282.04,427.9,344.31,583.11,0,,,,,,,59,,81728157.2,,589.5,,
0.25,0,182.66,109.47,149.49,152.72,131.82,142.32,151.78,131.41,150.43,143.36,144.3,166.96,167.69,197.73,194.51,152.92,207.19,191.29,207.92,235.05,210.31,179.43,224.76,185.67,149.39,149.6,228.19,239,269.36,287.24,189.1,290.78,309.7,337.14,302,309.38,324.35,322.69,298.68,384.65,270.71,258.34,298.16,485.8,530.92,385.48,507.95,377.06,422.49,424.36,416.98,401.39,362.09,360.64,332.77,397.33,329.03,296.8,339.84,385.79,419.79,371.24,301.07,259.17,299.51,634.05,541.63,394.53,339.64,333.5,421.56,570.84,420.83,279.86,462.72,337.04,446.19,426.65,534.98,402.84,558.26,395.46,548.49,455.76,735.41,671.79,501.4,450.87,450.25,568.45,399.83,651.1,744.77,593.51,586.02,645.9,614.92,431.22,586.23,454.1,344.52,563.77,632.07,450.04,579.06,661.39,943.23,956.43,866.92,904.87,772.84,653.49,1043.55,672.31,758.07,860.27,775.23,594.75,615.34,864.63,782.5,644.55,591.43,506.8,565.44,532.07,710.46,975.25,439.23,479.05,545.27,572.3,683.12,487.78,666.8,586.64,995.73,732.92,974.93,844.46,670.23,674.49,672.41,586.23,597.77,555.46,645.49,625.63,722.42,589.04,622.93,645.38,682.29,698.51,698.71,749.97,637.58,856.21,1242.73,1228.91,697.26,536.85,587.27,1154.06,1304.49,971.82,867.02,754.54,733.54,784.69,779.91,748.09,619.5,1150.73,914.12,1125.68,820.14,742.9,587.68,693.83,652.14,810.99,879.81,784.69,759.74,898,757.24,658.06,1048.64,962.46,625.53,768.57,1220.8,1255.62,1385.68,1488.49,1161.96,895.82,552.65,716.18,717.63,649.75,807.77,1137.73,750.69,1169.75,872.22,777.93,871.6,966.2,881.68,769.93,576.87,823.98,900.91,1046.46,845.5,644.76,724.39,610.35,504.21,0,0,147,119.55,114.46,183.9,198.46,225.18,187.54,199.6,229.44,262.91,249.61,142.84,260.73,0,0,0,63.94,230.79,162.59,226.32,258.24,221.33,347.12,285.89,352.11,379.97,481.33,429.35,421.56,334.23,415.53,0,0,0,96.27,143.36,198.46,186.4,279.24,282.04,427.9,344.31,583.11,0,,,,,,,60,,79147227.2,,589.25,,
0.25,0,182.66,109.47,149.49,152.72,131.82,142.32,151.78,131.41,150.43,143.36,144.3,166.96,167.69,197.73,194.51,152.92,207.19,191.29,199.39,235.05,210.31,179.43,217.9,185.67,149.39,149.6,228.19,230.79,269.36,287.24,189.1,290.78,309.7,337.14,293.48,309.38,324.35,322.69,298.68,384.65,270.71,258.34,291.92,485.8,526.97,385.48,504.83,377.06,422.49,424.36,416.98,396.81,357.73,360.64,328.2,397.33,329.03,296.8,339.84,385.79,419.79,365.83,301.07,259.17,299.51,634.05,541.63,394.53,339.64,333.5,421.56,570.84,420.83,279.86,462.72,337.04,446.19,426.65,534.98,402.84,558.26,395.46,548.49,455.76,735.41,666.17,501.4,450.87,435.7,568.45,399.83,651.1,744.77,587.16,586.02,645.9,614.92,431.22,586.23,448.27,344.52,563.77,632.07,450.04,573.03,661.39,943.23,956.43,866.92,904.87,772.84,653.49,1038.45,672.31,753.92,860.27,775.23,579.89,609.41,864.63,782.5,644.55,591.43,506.8,565.44,532.07,710.46,975.25,439.23,479.05,545.27,572.3,683.12,487.78,666.8,586.64,989.7,724.18,974.93,844.46,670.23,674.49,672.41,586.23,597.77,555.46,640.7,625.63,722.42,589.04,622.93,645.38,682.29,698.51,698.71,749.97,634.26,856.21,1242.73,1228.91,681.66,536.85,581.34,1154.06,1304.49,971.82,862.45,754.54,733.54,784.69,779.91,748.09,619.5,1121,914.12,1125.68,820.14,742.9,587.68,693.83,652.14,810.99,879.81,784.69,759.74,898,757.24,658.06,1048.64,949.36,625.53,768.57,1220.8,1255.62,1380.38,1479.45,1161.96,895.82,552.65,716.18,717.63,649.75,807.77,1137.73,744.66,1163.93,872.22,777.93,871.6,966.2,881.68,769.93,576.87,823.98,900.91,1046.46,845.5,644.76,724.39,610.35,504.21,0,0,147,119.55,114.46,183.9,198.46,225.18,187.54,199.6,226.11,262.91,249.61,142.84,260.73,0,0,0,63.94,230.79,162.59,226.32,258.24,221.33,347.12,285.89,352.11,379.97,481.33,429.35,421.56,334.23,415.53,0,0,0,90.44,143.36,198.46,186.4,274.97,282.04,427.9,344.31,583.11,0,,,,,,,61,,76920658.2,,589,,
0.25,0,182.66,100.01,149.49,145.13,131.82,142.32,151.78,131.41,150.43,143.36,144.3,166.96,167.69,197.73,194.51,152.92,207.19,191.29,199.39,235.05,210.31,179.43,217.9,185.67,149.39,149.6,228.19,230.79,269.36,287.24,189.1,290.78,309.7,332.88,287.86,309.38,324.35,322.69,290.05,384.65,270.71,258.34,291.92,485.8,526.97,385.48,504.83,377.06,422.49,424.36,416.98,396.81,357.73,360.64,328.2,397.33,329.03,296.8,339.84,385.79,412.72,365.83,301.07,259.17,299.51,634.05,541.63,394.53,339.64,333.5,421.56,570.84,420.83,279.86,457.11,337.04,446.19,426.65,534.98,402.84,558.26,395.46,548.49,455.76,719.3,666.17,501.4,450.87,435.7,568.45,399.83,651.1,744.77,587.16,586.02,645.9,614.92,431.22,586.23,443.8,344.52,563.77,632.07,450.04,563.05,661.39,943.23,950.61,866.92,898.63,772.84,653.49,1028.89,672.31,753.92,860.27,775.23,579.89,609.41,860.58,782.5,644.55,589.45,501.19,565.44,532.07,710.46,975.25,439.23,479.05,545.27,572.3,683.12,487.78,666.8,586.64,989.7,724.18,965.06,844.46,670.23,674.49,664.93,579.68,597.77,552.03,640.7,625.63,717.01,589.04,622.93,645.38,676.05,698.51,698.71,749.97,634.26,856.21,1242.73,1228.91,681.66,536.85,581.34,1154.06,1304.49,971.82,862.45,754.54,733.54,784.69,779.91,748.09,616.48,1121,914.12,1125.68,810.99,742.9,587.68,687.9,652.14,810.99,879.81,784.69,759.74,898,757.24,658.06,1048.64,949.36,625.01,768.57,1220.8,1250.53,1380.38,1479.45,1156.55,895.82,552.65,716.18,717.63,649.75,802.15,1137.73,744.66,1163.93,872.22,777.93,871.6,962.25,881.68,769.93,576.87,823.98,900.91,1046.46,845.5,644.76,724.39,610.35,504.21,0,0,147,119.55,114.46,183.9,198.46,225.18,187.54,199.6,226.11,256.99,249.61,142.84,260.73,0,0,0,63.94,230.79,162.59,226.32,258.24,221.33,347.12,285.89,352.11,379.97,481.33,429.35,421.56,334.23,415.53,0,0,0,90.44,141.18,198.46,186.4,274.97,278.2,427.9,341.72,583.11,0,,,,,,,62,,74943353.8,,588.75,,
0.25,0,182.66,100.01,149.49,145.13,131.82,142.32,151.78,131.41,150.43,143.36,138.37,158.64,167.69,188.79,194.51,152.92,207.19,191.29,199.39,230.69,210.31,179.43,217.9,185.67,149.39,149.6,228.19,230.79,261.04,287.24,189.1,290.78,309.7,332.88,287.86,309.38,316.56,322.69,290.05,384.65,262.91,258.34,291.92,485.8,526.97,384.03,504.83,373.74,415.94,424.36,410.54,396.81,357.73,360.64,328.2,397.33,329.03,296.8,339.84,385.79,412.72,365.83,301.07,259.17,299.51,634.05,535.18,394.53,339.64,327.16,421.56,565.54,420.83,278.72,457.11,337.04,446.19,426.65,534.98,402.84,552.86,395.46,548.49,455.76,719.3,659.62,496.41,450.87,435.7,568.45,399.83,651.1,744.77,587.16,586.02,645.9,614.92,431.22,583.94,443.8,344.52,563.77,628.85,450.04,563.05,661.39,943.23,950.61,866.92,898.63,772.84,653.49,1028.89,672.31,753.92,860.27,775.23,579.89,609.41,854.65,782.5,644.55,589.45,501.19,565.44,532.07,710.46,975.25,439.23,479.05,545.27,564.92,683.12,481.96,666.8,586.64,989.7,724.18,965.06,844.46,663.99,674.49,664.93,579.68,597.77,552.03,640.7,625.63,717.01,589.04,615.55,644.65,676.05,698.51,696.32,749.97,634.26,856.21,1242.73,1228.91,681.66,536.85,581.34,1154.06,1304.49,971.82,862.45,745.81,733.54,784.69,779.91,748.09,616.48,1121,914.12,1125.68,810.99,737.91,587.68,687.9,645.17,805.9,879.81,780.01,754.75,891.77,757.24,658.06,1048.64,949.36,625.01,768.57,1220.8,1250.53,1373.83,1479.45,1152.91,895.82,552.65,716.18,717.63,649.75,802.15,1130.77,744.66,1163.93,872.22,777.93,871.6,962.25,881.68,765.66,573.55,823.98,900.91,1046.46,845.5,644.76,724.39,610.35,504.21,0,0,141.7,119.55,114.46,183.9,198.46,225.18,187.54,199.6,226.11,256.99,247.32,138.37,260.73,0,0,0,63.94,230.79,162.39,226.32,255.43,221.33,347.12,280.8,352.11,379.97,481.33,429.35,421.56,334.23,415.53,0,0,0,90.44,141.18,198.46,186.4,274.97,278.2,427.9,341.72,583.11,0,,,,,,,63,,72490580.8,,588.5,,
0.25,0,182.66,100.01,141.18,145.13,115.5,142.32,151.78,131.41,150.43,143.36,138.37,158.64,167.69,188.79,194.51,152.92,207.19,191.29,199.39,230.69,210.31,179.43,217.9,185.67,149.39,149.6,228.19,230.79,261.04,287.24,188.89,290.78,309.7,332.88,287.86,309.38,316.56,322.69,290.05,384.65,262.91,255.01,291.92,485.8,522.19,384.03,504.83,373.74,415.94,424.36,410.54,396.81,357.73,355.54,324.46,397.33,329.03,296.8,339.84,378.62,411.26,365.83,300.55,259.17,299.51,634.05,535.18,394.53,339.64,327.16,421.56,564.4,417.92,278.72,457.11,329.34,446.19,426.65,534.98,402.84,552.86,395.46,548.49,455.76,719.3,659.62,491.31,450.87,435.7,559.2,399.83,651.1,744.77,582.59,586.02,639.56,614.92,431.22,581.55,443.8,344.52,563.77,628.85,450.04,563.05,661.39,943.23,945.51,864.22,898.63,767.95,653.49,1025.35,672.31,753.92,860.27,768.78,579.89,609.41,854.65,782.5,639.98,582.59,501.19,558.99,532.07,710.46,975.25,439.23,479.05,545.27,564.92,683.12,481.96,666.8,586.64,989.7,724.18,965.06,837.4,663.99,668.77,664.93,579.68,597.77,552.03,632.59,625.63,717.01,589.04,615.55,644.65,676.05,698.51,696.32,749.97,634.26,856.21,1242.73,1219.03,681.66,531.23,579.16,1154.06,1291.8,971.82,862.45,745.81,733.54,778.87,779.91,748.09,616.48,1116.22,914.12,1125.68,810.99,730.84,587.68,687.9,645.17,805.9,879.81,780.01,754.75,891.77,757.24,658.06,1048.64,949.36,625.01,768.57,1220.8,1250.53,1373.83,1474.98,1152.91,895.82,552.65,716.18,717.63,649.75,802.15,1130.77,733.33,1163.93,872.22,769.93,871.6,962.25,881.68,765.66,573.55,823.98,900.91,1046.46,845.5,644.76,724.39,610.35,504.21,0,0,141.7,119.55,114.46,183.9,195.34,219.56,187.54,199.6,226.11,256.99,247.32,138.37,260.73,0,0,0,63.94,230.79,160.93,226.32,255.43,221.33,347.12,280.8,352.11,379.97,481.33,429.35,421.56,334.23,407.21,0,0,0,90.44,141.18,198.46,186.4,274.97,278.2,424.16,341.72,583.11,0,,,,,,,64,,69031195.8,,588.25,,
0.25,0,182.66,100.01,141.18,145.13,115.5,142.32,151.78,131.41,145.34,143.36,136.91,151.47,167.69,188.79,194.51,152.92,207.19,191.29,199.39,230.69,210.31,179.43,217.9,185.67,149.39,149.6,221.85,230.79,257.92,281.63,188.89,290.78,309.7,332.88,287.86,309.38,308.45,322.69,290.05,384.65,262.91,255.01,291.92,485.8,522.19,376.65,504.83,373.74,415.94,418.23,410.54,392.45,354.61,355.54,324.46,391.2,323.52,296.8,339.84,378.62,411.26,357,300.55,259.17,299.51,634.05,535.18,377.89,339.64,327.16,421.56,557.22,417.92,278.72,457.11,329.34,446.19,426.65,531.86,402.84,552.86,395.46,548.49,455.76,719.3,659.62,491.31,450.87,435.7,559.2,399.83,651.1,744.77,582.59,586.02,639.56,614.92,431.22,581.55,443.8,344.52,563.77,628.85,450.04,563.05,661.39,943.23,945.51,864.22,898.63,767.95,653.49,1023.38,672.31,745.91,860.27,768.78,579.89,609.41,854.65,782.5,639.98,582.59,501.19,558.99,532.07,704.22,975.25,439.23,474.06,540.69,564.92,678.96,481.96,666.8,586.64,989.7,724.18,965.06,837.4,657.23,668.77,661.29,579.68,597.77,552.03,632.59,625.63,717.01,589.04,615.55,644.65,676.05,698.51,696.32,749.97,634.26,852.05,1237.12,1219.03,681.66,531.23,579.16,1154.06,1291.8,960.59,862.45,745.81,733.54,778.87,776.58,741.75,616.48,1116.22,908.19,1119.65,810.99,730.84,582.8,687.9,645.17,805.9,879.81,780.01,754.75,891.77,757.24,658.06,1048.64,949.36,625.01,768.57,1220.8,1244.4,1368.42,1474.98,1152.91,895.82,552.65,716.18,713.06,649.75,802.15,1123.8,733.33,1163.93,872.22,769.93,871.6,962.25,881.68,765.66,573.55,819.72,900.91,1045.11,845.5,644.76,724.39,610.35,504.21,0,0,141.7,119.55,114.46,183.9,195.34,219.56,186.82,199.6,226.11,256.99,238.17,138.37,260.73,0,0,0,63.94,230.79,160.93,219.98,255.43,214.99,341.4,280.8,352.11,370.1,481.33,429.35,421.56,334.23,407.21,0,0,0,87.01,141.18,198.46,182.24,274.97,278.2,424.16,341.72,573.96,0,,,,,,,65,,67137209.6,,588,,
0.25,0,182.66,100.01,141.18,145.13,115.5,142.32,151.78,131.41,145.34,143.36,136.91,151.47,167.69,188.79,194.51,152.92,207.19,178.19,199.39,224.03,210.31,179.43,217.9,185.67,149.39,143.57,221.85,230.79,257.92,281.63,188.89,290.78,309.7,332.88,287.86,309.38,308.45,322.69,290.05,384.65,262.91,255.01,291.92,485.8,522.19,376.65,504.83,373.74,415.94,418.23,410.54,392.45,354.61,355.54,324.46,391.2,323.52,295.14,339.84,378.62,411.26,357,300.55,253.66,299.51,634.05,535.18,377.89,339.64,327.16,421.56,557.22,417.92,278.72,457.11,328.3,446.19,426.65,531.86,402.84,549.12,395.46,548.49,455.76,719.3,653.7,491.31,442.14,435.7,559.2,399.83,651.1,744.77,582.59,586.02,639.56,614.92,431.22,581.55,443.8,344.52,556.91,628.85,450.04,563.05,661.39,936.16,945.51,864.22,898.63,767.95,647.15,1023.38,672.31,745.91,856.21,756.72,579.89,609.41,849.45,782.5,639.98,582.59,501.19,558.99,532.07,704.22,975.25,439.23,474.06,540.69,564.92,678.96,481.96,666.8,586.64,989.7,724.18,965.06,837.4,657.23,668.77,661.29,579.68,597.77,544.75,628.54,625.63,717.01,589.04,615.55,644.65,676.05,698.51,696.32,749.97,634.26,852.05,1237.12,1219.03,681.66,531.23,579.16,1147.3,1291.8,960.59,862.45,745.81,733.54,778.87,776.58,741.75,612.43,1106.44,908.19,1119.65,810.99,730.84,582.8,687.9,645.17,805.9,879.81,780.01,754.75,887.3,757.24,658.06,1048.64,949.36,625.01,761.92,1220.8,1244.4,1368.42,1474.98,1152.91,895.82,548.6,716.18,713.06,649.75,802.15,1123.8,726.16,1163.93,866.5,769.93,864.84,956.33,875.96,765.66,573.55,819.72,900.91,1045.11,845.5,644.76,724.39,610.35,504.21,0,0,141.7,119.55,114.46,183.9,195.34,219.56,186.82,199.6,226.11,256.99,238.17,138.37,249.92,0,0,0,63.94,230.79,160.93,219.98,249.71,214.99,341.4,280.8,352.11,370.1,481.33,423.53,421.56,328.2,407.21,0,0,0,87.01,141.18,198.46,182.24,274.97,278.2,424.16,341.72,573.96,0,,,,,,,66,,65373773,,587.75,,
0.25,0,182.66,100.01,141.18,145.13,115.5,131.51,151.78,131.41,145.34,143.36,136.91,151.47,167.69,188.79,194.51,152.92,207.19,178.19,199.39,224.03,210.31,179.43,217.9,185.67,149.39,143.57,221.85,230.79,257.92,281.63,188.89,290.78,309.7,332.88,287.86,297.12,308.45,322.69,290.05,384.65,262.91,255.01,291.92,485.8,522.19,376.65,504.83,373.74,415.94,418.23,410.54,392.45,354.61,355.54,324.46,391.2,323.52,290.98,339.84,378.62,411.26,357,300.55,253.66,299.51,634.05,535.18,377.89,339.64,327.16,421.56,557.22,417.92,278.72,457.11,328.3,446.19,426.65,531.86,397.44,549.12,395.46,545.27,454.41,714.72,653.7,491.31,442.14,435.7,559.2,399.83,651.1,744.77,579.06,586.02,639.56,614.92,431.22,581.55,443.8,338.28,556.91,620.54,450.04,563.05,661.39,936.16,937.3,864.22,898.63,762.44,647.15,1023.38,666.9,745.91,845.09,756.72,579.89,609.41,849.45,782.5,639.98,582.59,501.19,558.99,532.07,704.22,975.25,439.23,468.55,535.91,564.92,678.96,481.96,666.8,580.93,989.7,724.18,965.06,831.47,657.23,668.77,661.29,579.68,597.77,544.75,628.54,624.9,717.01,589.04,615.55,637.79,676.05,698.51,688.63,749.97,634.26,852.05,1237.12,1219.03,681.66,531.23,579.16,1147.3,1291.8,960.59,862.45,743,733.54,778.87,776.58,741.75,612.43,1106.44,908.19,1119.65,808.39,730.84,582.8,686.97,645.17,805.9,879.81,780.01,750.59,887.3,757.24,658.06,1048.64,949.36,625.01,761.92,1220.8,1244.4,1361.35,1474.98,1152.91,895.82,548.6,716.18,713.06,649.75,802.15,1123.8,726.16,1163.93,866.5,769.93,864.84,956.33,874.82,765.66,573.55,819.72,900.91,1045.11,841.03,644.76,724.39,610.35,504.21,0,0,141.7,119.55,114.46,181.93,195.34,219.56,186.82,199.6,226.11,256.99,238.17,138.37,249.92,0,0,0,63.94,230.79,160.93,219.98,249.71,214.99,341.4,271.85,345.77,370.1,481.33,423.53,421.56,328.2,407.21,0,0,0,78.8,141.18,198.46,182.24,274.97,274.66,419.89,341.72,573.96,0,,,,,,,67,,63901376.6,,587.5,,
0.25,0,166.23,100.01,141.18,145.13,115.5,130.37,151.78,131.41,145.34,143.36,136.91,151.47,167.69,188.79,194.51,152.92,207.19,178.19,194.51,224.03,210.31,179.43,217.9,185.67,149.39,143.57,221.85,230.79,257.92,281.63,188.89,290.78,309.7,332.88,287.86,294,308.45,322.69,290.05,375.71,262.91,255.01,291.92,485.8,522.19,376.65,504.83,373.74,415.94,418.23,410.54,392.45,354.61,355.54,324.46,391.2,322.9,290.98,339.84,378.62,411.26,357,300.55,253.66,299.51,634.05,535.18,377.89,339.64,327.16,421.56,557.22,417.92,277.16,457.11,328.3,444.12,420.31,531.86,397.44,549.12,391.41,545.27,454.41,714.72,653.7,491.31,442.14,435.7,559.2,399.83,651.1,742.27,579.06,586.02,634.88,614.92,431.22,581.55,443.8,338.28,556.91,620.54,450.04,563.05,661.39,925.66,937.3,864.22,898.63,762.44,643.82,1023.38,666.9,739.88,845.09,756.72,579.89,609.41,849.45,782.5,639.98,582.59,501.19,558.99,532.07,704.22,975.25,433.51,468.55,535.91,564.92,678.96,481.96,666.8,580.93,989.7,724.18,965.06,831.47,657.23,665.24,661.29,579.68,585.09,544.75,620.02,624.9,717.01,585.4,610.56,637.79,676.05,689.04,688.63,742.06,634.26,852.05,1230.36,1219.03,681.66,531.23,579.16,1147.3,1291.8,960.59,862.45,743,733.54,778.87,776.58,741.75,612.43,1106.44,908.19,1119.65,808.39,730.84,582.8,686.97,645.17,799.66,879.81,780.01,750.59,887.3,750.69,652.97,1048.64,949.36,625.01,761.92,1220.8,1244.4,1361.35,1474.98,1152.91,895.82,548.6,716.18,713.06,649.75,802.15,1123.8,723.46,1155.93,866.5,769.93,864.84,956.33,874.82,765.66,573.55,819.72,900.91,1039.91,836.15,644.76,724.39,610.35,504.21,0,0,141.7,119.55,111.96,181.93,195.34,219.56,186.82,194.92,226.11,256.99,238.17,138.37,249.92,0,0,0,63.94,230.79,160.93,219.98,249.71,214.99,335.17,271.85,345.77,370.1,472.91,423.53,421.56,328.2,407.21,0,0,0,75.06,141.18,198.46,182.24,274.97,268.42,419.89,341.72,573.96,0,,,,,,,68,,61912226.6,,587.25,,
0.25,0,157.6,100.01,141.18,145.13,115.5,130.37,151.78,126.52,145.34,143.36,136.91,151.47,167.69,188.79,190.35,152.92,207.19,178.19,194.51,224.03,208.23,179.43,217.9,179.43,149.39,143.57,221.85,230.79,257.92,281.63,188.89,284.23,309.7,332.88,287.86,294,308.45,322.69,290.05,375.71,262.91,255.01,291.92,485.8,522.19,376.65,504.83,373.74,415.94,418.23,403.36,392.45,350.76,355.54,318.74,391.2,322.9,290.98,339.84,374.15,407.52,357,296.29,253.66,299.51,634.05,535.18,377.89,339.64,324.46,421.56,545.68,417.92,277.16,457.11,328.3,444.12,420.31,531.86,397.44,549.12,391.41,539.65,454.41,714.72,648.29,491.31,436.84,427.79,559.2,399.83,651.1,742.27,579.06,578.33,634.88,611.8,425.51,581.55,443.8,338.28,556.91,620.54,444.53,563.05,661.39,925.66,937.3,864.22,894.47,762.44,643.82,1023.38,666.9,739.88,845.09,756.72,579.89,609.41,849.45,782.5,639.98,582.59,501.19,555.66,532.07,704.22,975.25,433.51,468.55,535.91,564.92,678.96,481.96,661.29,580.93,985.23,724.18,965.06,831.47,657.23,665.24,661.29,579.68,585.09,544.75,620.02,624.9,707.76,585.4,610.56,637.79,676.05,689.04,688.63,742.06,634.26,852.05,1230.36,1210.61,679.9,531.23,579.16,1147.3,1291.8,960.59,862.45,743,722.21,778.87,776.58,741.75,612.43,1106.44,908.19,1119.65,808.39,730.84,582.8,686.97,645.17,799.66,879.81,780.01,750.59,887.3,750.69,652.97,1044.38,949.36,625.01,761.92,1220.8,1244.4,1355.11,1474.98,1141.79,895.82,548.6,716.18,713.06,649.75,802.15,1123.8,723.46,1155.93,866.5,769.93,864.84,956.33,874.82,765.66,573.55,819.72,894.99,1039.91,836.15,633.11,724.39,610.35,504.21,0,0,141.7,119.55,111.96,181.93,195.34,219.56,186.82,194.92,216.24,256.99,238.17,138.37,249.92,0,0,0,54.79,230.79,160.93,219.98,249.71,214.99,335.17,271.85,345.77,370.1,472.91,423.53,421.56,328.2,404.2,0,0,0,70.38,141.18,198.46,182.24,274.97,268.42,419.89,341.72,573.96,0,,,,,,,69,,59793609.2,,587,,
0.25,0,149.29,100.01,132.86,130.37,115.5,130.37,143.46,126.52,140.03,143.36,136.91,151.47,167.69,180.79,190.35,152.92,207.19,178.19,194.51,215.61,208.23,179.43,217.9,179.43,149.39,143.57,221.85,230.79,257.92,281.63,188.89,284.23,309.7,324.56,287.86,294,308.45,311.46,290.05,375.71,262.91,255.01,291.92,485.8,522.19,376.65,504.83,373.74,415.94,413.76,403.36,392.45,350.76,355.54,318.74,391.2,322.9,290.98,332.88,374.15,407.52,357,296.29,253.66,299.51,634.05,535.18,371.86,339.64,324.46,421.56,545.68,417.92,277.16,457.11,328.3,444.12,420.31,531.86,397.44,544.75,391.41,535.81,454.41,714.72,648.29,491.31,436.84,427.79,559.2,399.83,651.1,736.03,579.06,578.33,634.88,611.8,425.51,581.55,443.8,338.28,548.39,620.54,444.53,563.05,661.39,923.27,937.3,857.98,888.02,755.58,643.82,1023.38,660.56,739.88,845.09,756.72,579.89,609.41,849.45,782.5,639.98,579.16,501.19,555.66,532.07,698.09,963.39,433.51,468.55,535.91,564.92,678.96,481.96,661.29,580.93,985.23,724.18,965.06,831.47,657.23,665.24,661.29,579.68,585.09,544.75,620.02,624.9,707.76,585.4,610.56,637.79,676.05,689.04,688.63,742.06,629.48,852.05,1230.36,1210.61,679.9,531.23,579.16,1147.3,1291.8,960.59,862.45,743,722.21,778.87,776.58,741.75,612.43,1106.44,908.19,1112.16,808.39,730.84,582.8,686.97,645.17,799.66,879.81,780.01,750.59,887.3,750.69,652.97,1044.38,949.36,625.01,761.92,1220.8,1244.4,1355.11,1472.38,1141.79,895.82,545.16,714,713.06,649.75,800.91,1123.8,723.46,1155.93,866.5,769.93,864.84,956.33,874.82,765.66,573.55,819.72,885.53,1032.94,830.64,633.11,724.39,601.61,504.21,0,0,141.7,119.55,111.96,173.09,195.34,219.56,181.93,194.92,216.24,256.99,238.17,138.37,249.92,0,0,0,54.79,230.79,160.93,219.98,249.71,214.99,335.17,271.85,345.77,370.1,472.91,423.53,414.8,328.2,404.2,0,0,0,65.81,141.18,198.46,182.24,274.97,268.42,419.89,341.72,573.96,0,,,,,,,70,,56792104,,586.75,,
0.25,0,149.29,100.01,132.86,130.37,115.5,130.37,143.46,126.52,140.03,143.36,136.91,151.47,167.69,180.79,190.35,152.92,207.19,178.19,194.51,215.61,208.23,179.43,217.9,179.43,149.39,143.57,221.85,230.79,257.92,281.63,188.89,284.23,309.7,324.56,287.86,294,308.45,311.46,290.05,375.71,262.91,255.01,288.59,485.8,516.16,376.65,504.83,369.16,407.63,413.76,403.36,392.45,350.76,347.43,318.74,391.2,322.9,290.98,328.82,374.15,407.52,357,296.29,253.66,292.75,634.05,535.18,371.86,339.64,324.46,421.56,545.68,417.92,277.16,446.82,328.3,444.12,420.31,531.86,397.44,544.75,391.41,535.81,454.41,714.72,645.07,491.31,436.84,422.28,559.2,399.83,651.1,736.03,579.06,578.33,634.88,611.8,425.51,575.52,443.8,338.28,548.39,620.54,444.53,563.05,661.39,923.27,937.3,857.98,888.02,755.58,643.82,1023.38,660.56,739.88,845.09,756.72,579.89,609.41,843.01,776.58,639.98,579.16,501.19,555.66,532.07,698.09,963.39,433.51,468.55,535.91,564.92,669.4,481.96,656.09,580.93,985.23,715.24,965.06,831.47,655.05,665.24,661.29,579.68,585.09,544.75,620.02,624.9,707.76,585.4,610.56,633.53,676.05,689.04,688.63,742.06,629.48,852.05,1222.46,1210.61,679.9,531.23,579.16,1147.3,1291.8,957.68,862.45,743,722.21,778.87,776.58,741.75,612.43,1106.44,897.17,1112.16,808.39,730.84,582.8,686.97,645.17,799.66,861.83,780.01,750.59,887.3,750.69,652.97,1044.38,949.36,625.01,761.92,1220.8,1244.4,1348.77,1472.38,1141.79,895.82,545.16,714,713.06,649.75,800.91,1123.8,719.09,1155.93,866.5,769.93,864.84,956.33,874.82,765.66,573.55,819.72,885.53,1032.94,830.64,633.11,724.39,601.61,504.21,0,0,141.7,119.55,111.96,173.09,195.34,219.56,181.93,194.92,216.24,256.99,238.17,136.19,249.92,0,0,0,54.79,230.79,155.21,219.98,249.71,214.99,335.17,271.85,345.77,370.1,465.95,423.53,414.8,328.2,404.2,0,0,0,65.81,141.18,197.32,182.24,274.97,268.42,419.89,341.72,573.96,0,,,,,,,71,,54937301,,586.5,,
0.25,0,149.29,100.01,132.86,130.37,115.5,130.37,143.46,126.52,140.03,143.36,136.91,151.47,163.42,180.79,190.35,152.92,207.19,178.19,194.51,215.61,208.23,165.09,217.9,179.43,149.39,143.57,221.85,230.79,257.92,281.63,180.79,284.23,299.09,324.56,283.81,294,308.45,311.46,290.05,375.71,262.91,255.01,288.59,485.8,516.16,376.65,504.83,369.16,402.32,413.76,403.36,382.26,350.76,347.43,318.74,391.2,322.9,290.98,328.82,374.15,407.52,357,296.29,249.09,290.57,628.64,535.18,371.86,332.77,324.46,421.56,545.68,417.92,277.16,446.82,328.3,434.03,420.31,531.86,397.44,544.75,391.41,535.81,454.41,714.72,641.74,491.31,436.84,422.28,559.2,399.83,642.57,736.03,575.73,578.33,634.88,611.8,425.51,575.52,439.85,338.28,548.39,617.21,444.53,563.05,649.23,923.27,918.38,857.98,888.02,755.58,643.82,1023.38,660.56,739.88,845.09,752.88,579.89,603.38,843.01,776.58,639.98,579.16,501.19,555.66,523.13,698.09,963.39,433.51,468.55,535.91,564.92,669.4,481.96,656.09,580.93,985.23,715.24,965.06,831.47,655.05,665.24,661.29,579.68,585.09,544.75,620.02,624.9,707.76,585.4,610.56,633.53,676.05,689.04,688.63,742.06,629.48,852.05,1222.46,1210.61,679.9,531.23,579.16,1147.3,1291.8,957.68,854.44,743,722.21,773.56,770.45,741.75,612.43,1099.27,897.17,1112.16,808.39,730.84,582.8,686.97,645.17,799.66,861.83,780.01,750.59,887.3,750.69,652.97,1044.38,949.36,625.01,761.92,1220.8,1244.4,1348.77,1465.62,1141.79,895.82,545.16,707.65,713.06,649.75,800.91,1123.8,712.96,1155.93,866.5,767.12,864.84,956.33,874.82,765.66,573.55,819.72,885.53,1032.94,830.64,633.11,716.39,601.61,504.21,0,0,141.7,119.55,111.96,173.09,195.34,219.56,181.93,194.92,216.24,256.99,238.17,136.19,249.92,0,0,0,48.97,230.79,155.21,219.98,249.71,214.99,335.17,271.85,345.77,370.1,465.95,423.53,414.8,323,404.2,0,0,0,65.81,141.18,197.32,182.24,274.97,268.42,419.89,341.72,573.96,0,,,,,,,72,,52344134,,586.25,,
0.25,0,141.07,100.01,132.86,130.37,115.5,130.37,143.46,126.52,140.03,143.36,136.91,151.47,154.9,174.65,190.35,152.92,207.19,178.19,194.51,215.61,208.23,165.09,217.9,179.43,149.39,137.33,215.3,230.79,257.92,281.63,180.79,284.23,296.7,324.56,278.82,294,308.45,311.46,288.8,375.71,262.91,250.54,288.59,485.8,516.16,376.65,498.28,369.16,402.32,413.76,403.36,382.26,347.54,347.43,318.74,391.2,322.9,290.98,328.82,374.15,401.39,357,296.29,249.09,290.57,628.64,535.18,371.86,332.77,324.46,410.54,539.97,417.92,273.93,446.82,328.3,434.03,420.31,531.86,397.44,544.75,391.41,535.81,454.41,714.72,641.74,491.31,436.84,415.84,559.2,399.83,642.57,736.03,575.73,578.33,634.88,611.8,425.51,575.52,439.85,338.28,548.39,617.21,444.53,560.97,649.23,923.27,918.38,857.98,888.02,755.58,643.82,1019.53,660.56,739.88,845.09,752.88,579.89,603.38,843.01,776.58,634.05,579.16,501.19,555.66,523.13,698.09,963.39,433.51,468.55,535.91,564.92,669.4,481.96,656.09,580.93,985.23,715.24,965.06,831.47,655.05,665.24,646.11,579.68,585.09,544.75,620.02,624.9,707.76,585.4,610.56,633.53,676.05,689.04,680.73,739.15,629.48,852.05,1222.46,1210.61,679.9,531.23,571.15,1147.3,1288.48,957.68,854.44,743,722.21,773.56,770.45,741.75,612.43,1099.27,897.17,1112.16,808.39,730.84,581.34,686.97,645.17,799.66,861.83,771.69,750.59,887.3,750.69,652.97,1035.54,949.36,625.01,761.92,1220.8,1244.4,1348.77,1465.62,1141.79,895.82,545.16,707.65,713.06,644.55,800.91,1117.15,712.96,1155.93,866.5,767.12,864.84,956.33,874.82,765.66,573.55,819.72,885.53,1032.94,830.64,633.11,710.67,601.61,504.21,0,0,141.7,119.55,107.7,173.09,191.39,219.56,181.93,194.92,216.24,256.99,238.17,136.19,249.92,0,0,0,48.97,224.66,155.21,212.08,249.71,214.99,335.17,271.85,345.77,370.1,465.95,423.53,414.8,323,404.2,0,0,0,56.03,141.18,197.32,182.24,274.35,268.42,419.89,341.72,573.96,0,,,,,,,73,,51142146.4,,586,,
0.25,0,91.48,93.77,132.86,130.37,115.5,130.37,143.46,113.94,140.03,143.36,136.91,151.47,154.9,174.65,190.35,152.92,207.19,178.19,194.51,215.61,208.23,165.09,217.9,179.43,149.39,137.33,212.49,230.79,257.92,281.63,180.79,284.23,296.7,324.56,278.82,294,308.45,307.3,287.76,375.71,262.91,250.54,288.59,481.13,516.16,376.65,498.28,369.16,402.32,408.15,403.36,382.26,347.54,347.43,318.74,391.2,322.9,289.11,328.82,374.15,401.39,357,296.29,249.09,290.57,628.64,519.69,371.86,332.77,324.46,410.54,529.88,411.06,273.93,446.82,328.3,434.03,420.31,531.86,397.44,539.03,390.78,535.81,454.41,714.72,641.74,491.31,436.84,415.84,559.2,399.83,642.57,736.03,575.73,571.15,634.88,611.8,425.51,575.52,439.85,338.28,548.39,617.21,444.53,560.97,649.23,920.04,918.38,857.98,888.02,755.58,632.28,1019.53,660.56,739.88,845.09,746.43,573.23,603.38,843.01,776.58,634.05,579.16,492.15,555.66,517.72,698.09,963.39,433.51,468.55,535.91,553.79,669.4,481.96,656.09,580.93,985.23,715.24,956.84,831.47,655.05,665.24,645.49,579.68,585.09,544.75,620.02,624.9,707.76,585.4,610.56,633.53,676.05,689.04,680.73,739.15,624.69,846.13,1222.46,1210.61,679.9,531.23,571.15,1136.28,1283.17,957.68,854.44,739.78,722.21,773.56,770.45,741.75,612.43,1099.27,891.04,1112.16,808.39,730.84,581.34,686.97,645.17,799.66,861.83,771.69,747.47,887.3,750.69,652.97,1035.54,949.36,625.01,761.92,1220.8,1244.4,1340.14,1465.62,1132.95,895.82,545.16,707.65,713.06,644.55,800.91,1117.15,712.96,1155.93,866.5,767.12,864.84,944.47,874.82,765.66,573.55,819.72,885.53,1032.94,830.64,633.11,710.67,601.61,504.21,0,0,141.7,113.21,107.7,173.09,191.39,217.48,181.93,194.92,213.95,256.99,238.17,136.19,249.92,0,0,0,48.97,224.66,155.21,212.08,249.71,214.99,335.17,271.85,345.77,370.1,465.95,423.53,414.8,323,404.2,0,0,0,56.03,141.18,197.32,182.24,274.35,268.42,419.89,341.72,573.96,0,,,,,,,74,,49891777,,585.75,,
0.25,0,91.48,93.77,132.86,130.37,115.5,130.37,143.46,113.94,140.03,143.36,136.91,151.47,154.9,174.65,190.35,152.92,207.19,178.19,194.51,215.61,208.23,165.09,217.9,179.43,149.39,137.33,212.49,230.79,257.92,281.63,180.79,284.23,296.7,324.56,278.82,294,308.45,307.3,287.76,375.71,254.08,250.54,288.59,471.87,516.16,376.65,498.28,369.16,402.32,408.15,403.36,382.26,347.54,347.43,318.74,391.2,319.16,289.11,328.82,366.67,401.39,357,296.29,249.09,290.57,622.82,519.69,371.86,332.77,324.46,410.54,529.88,408.46,273.93,446.82,328.3,434.03,419.37,531.86,397.44,537.68,390.78,535.81,454.41,714.72,636.55,491.31,436.84,415.84,559.2,398.79,642.57,736.03,575.73,571.15,634.88,611.8,422.7,575.52,439.85,334.23,548.39,617.21,444.53,558.47,649.23,920.04,918.38,851.95,881.58,755.58,632.28,1013.81,660.56,739.88,845.09,746.43,573.23,595.58,843.01,776.58,626.25,579.16,492.15,555.66,517.72,698.09,963.39,428,468.55,535.91,553.79,669.4,475.1,656.09,580.93,977.53,715.24,956.84,831.47,655.05,665.24,645.49,570.95,585.09,544.75,611.91,624.9,707.76,585.4,610.56,633.53,676.05,689.04,680.73,739.15,624.69,846.13,1222.46,1204.27,678.54,531.23,571.15,1136.28,1283.17,957.68,854.44,739.78,722.21,773.56,770.45,741.75,612.43,1096.57,891.04,1112.16,808.39,730.84,581.34,686.97,645.17,799.66,861.83,771.69,747.47,887.3,750.69,652.97,1035.54,949.36,625.01,761.92,1207.8,1239.1,1340.14,1465.62,1128.48,893.74,545.16,707.65,713.06,644.55,800.91,1110.19,706.41,1155.93,866.5,767.12,864.84,944.47,874.82,765.66,573.55,813.8,885.53,1032.94,824.19,633.11,710.67,601.61,504.21,0,0,141.7,113.21,107.7,173.09,189,217.48,181.93,194.92,213.95,256.99,238.17,136.19,249.92,0,0,0,48.97,221.23,155.21,208.23,249.71,214.99,335.17,271.85,345.77,370.1,465.95,423.53,414.8,323,404.2,0,0,0,56.03,141.18,197.32,182.24,274.35,268.42,419.89,341.72,573.96,0,,,,,,,75,,48724738.2,,585.5,,
0.25,0,83.06,93.77,132.86,125.9,115.5,130.37,143.46,113.94,140.03,143.36,136.91,151.47,154.9,174.65,190.35,146.9,198.87,169.77,186.3,215.61,199.6,165.09,217.9,179.43,149.39,137.33,212.49,230.79,257.92,281.63,180.79,284.23,296.7,324.56,278.82,294,308.45,307.3,287.76,375.71,254.08,250.54,288.59,471.87,516.16,376.65,498.28,369.16,402.32,408.15,397.33,375.61,344.31,347.43,311.88,386,319.16,289.11,328.82,366.67,401.39,357,296.29,249.09,290.57,622.82,519.69,371.86,330.28,319.68,410.54,529.88,408.46,273.93,446.82,328.3,434.03,419.37,531.86,390.47,537.68,390.78,535.81,454.41,714.72,636.55,491.31,436.84,415.84,559.2,398.79,642.57,736.03,575.73,571.15,634.88,611.8,422.7,575.52,433.2,334.23,548.39,617.21,441,558.47,649.23,920.04,918.38,851.95,881.58,755.58,632.28,1013.81,660.56,736.66,845.09,746.43,573.23,595.58,843.01,776.58,626.25,579.16,492.15,555.66,517.72,698.09,963.39,428,468.55,535.91,553.79,669.4,475.1,656.09,580.93,977.53,715.24,956.84,826.17,655.05,665.24,645.49,570.95,585.09,544.75,611.91,618.04,707.76,585.4,610.56,629.68,676.05,689.04,680.73,738.63,624.69,846.13,1219.03,1204.27,678.54,531.23,571.15,1136.28,1283.17,953.21,848.93,739.78,722.21,773.56,770.45,741.75,612.43,1096.57,891.04,1112.16,808.39,730.84,581.34,686.97,642.37,799.66,861.83,771.69,747.47,887.3,744.77,652.97,1035.54,949.36,617.73,761.92,1207.8,1233.9,1337.86,1465.62,1128.48,893.74,545.16,707.65,713.06,644.55,800.91,1110.19,706.41,1155.93,866.5,767.12,864.84,944.47,874.82,765.66,573.55,813.8,885.53,1032.94,824.19,633.11,710.67,601.61,504.21,0,0,132.34,113.21,107.7,173.09,189,217.48,163.42,194.92,213.95,256.99,238.17,136.19,249.92,0,0,0,48.97,221.23,149.18,208.23,244.51,204.9,335.17,271.85,345.77,364.38,465.95,423.53,414.8,323,404.2,0,0,0,56.03,141.18,197.32,182.24,274.35,268.42,419.89,341.72,573.96,0,,,,,,,76,,47519426.6,,585.25,,
0.25,0,83.06,93.77,124.75,125.9,115.5,130.37,143.46,113.94,140.03,143.36,136.91,151.47,154.9,166.23,190.35,138.58,190.45,169.77,186.3,211.77,199.6,165.09,217.9,179.43,141.59,137.33,212.49,230.79,257.92,281.63,180.79,284.23,296.7,324.56,278.82,294,308.45,307.3,287.76,375.71,254.08,250.54,288.59,471.87,507.53,376.65,498.28,369.16,398.69,408.15,397.33,375.61,344.31,344.63,311.88,386,319.16,289.11,323.63,366.67,401.39,355.13,296.29,249.09,290.57,622.82,519.69,371.86,330.28,319.68,410.54,529.88,408.46,273.93,446.82,328.3,434.03,415.42,531.86,390.47,537.68,390.78,535.81,454.41,714.72,636.55,491.31,436.84,409.39,559.2,398.79,642.57,733.75,575.73,571.15,634.88,603.28,422.7,575.52,433.2,330.9,548.39,617.21,441,558.47,649.23,920.04,918.38,851.95,881.58,750.28,632.28,1013.81,660.56,734.58,840.51,746.43,573.23,595.58,829.7,776.58,626.25,579.16,492.15,549.22,517.72,698.09,963.39,428,468.55,535.91,553.79,669.4,475.1,656.09,580.93,971.71,715.24,956.84,826.17,655.05,665.24,645.49,570.95,585.09,544.75,611.91,618.04,707.76,585.4,610.56,629.68,676.05,689.04,680.73,738.63,624.69,846.13,1219.03,1204.27,678.54,531.23,571.15,1136.28,1275.48,946.86,848.93,739.78,722.21,773.56,770.45,741.75,612.43,1091.89,891.04,1107.59,808.39,718.88,581.34,686.97,642.37,799.66,861.83,771.69,747.47,887.3,744.77,652.97,1032.01,949.36,617.73,752.25,1207.8,1233.9,1331,1465.62,1128.48,893.74,545.16,707.65,713.06,644.55,800.91,1110.19,706.41,1155.93,863.28,767.12,864.84,944.47,874.82,765.66,573.55,813.8,885.53,1032.94,824.19,633.11,710.67,601.61,504.21,0,0,132.34,110.92,107.7,173.09,189,217.48,163.42,194.92,213.95,256.99,238.17,136.19,249.92,0,0,0,46.37,221.23,149.18,208.23,244.51,204.9,335.17,271.85,345.77,364.38,465.95,423.53,414.8,323,404.2,0,0,0,56.03,141.18,197.32,182.24,274.35,268.42,419.89,336.52,573.96,0,,,,,,,77,,45669791,,585,,
0.25,0,74.54,93.77,124.75,125.9,115.5,130.37,143.46,113.94,138.68,143.36,136.91,151.47,154.9,166.23,190.35,138.58,190.45,169.77,186.3,207.61,199.6,165.09,217.9,179.43,141.59,137.33,212.49,224.66,257.92,273.1,164.15,284.23,296.7,324.56,278.82,294,308.45,307.3,287.76,375.71,254.08,250.54,288.59,471.87,507.53,374.25,498.28,369.16,398.69,404.2,397.33,375.61,344.31,344.63,310.11,386,319.16,285.06,323.63,366.67,401.39,355.13,296.29,243.16,290.57,622.82,519.69,371.86,330.28,319.68,410.54,526.97,408.46,273.93,446.82,328.3,434.03,415.42,531.86,390.47,537.68,382.26,528.12,451.81,706.61,636.55,491.31,436.84,402.43,559.2,398.79,642.57,733.75,575.73,571.15,634.88,603.28,422.7,575.52,433.2,330.9,548.39,617.21,441,558.47,649.23,920.04,918.38,851.95,878.77,740.3,632.28,1013.81,660.56,734.58,840.51,746.43,573.23,595.58,829.7,770.13,626.25,579.16,492.15,549.22,517.72,698.09,963.39,428,463.56,530.82,553.79,669.4,475.1,656.09,580.93,971.71,715.24,956.84,826.17,655.05,657.65,645.49,570.95,585.09,544.75,611.91,618.04,707.76,580.72,610.56,629.68,665.13,682.7,676.15,738.63,624.69,846.13,1219.03,1204.27,678.54,531.23,571.15,1136.28,1275.48,946.86,848.93,739.78,722.21,773.56,770.45,741.75,612.43,1091.89,891.04,1107.59,808.39,718.88,581.34,686.97,636.65,799.66,861.83,771.69,747.47,881.27,744.77,652.97,1032.01,949.36,617.73,741.54,1207.8,1233.9,1331,1456.06,1128.48,893.74,545.16,707.65,705.05,644.55,800.91,1104.78,700.38,1149.59,863.28,767.12,864.84,944.47,874.82,765.66,573.55,813.8,885.53,1032.94,824.19,633.11,710.67,601.61,504.21,0,0,132.34,110.92,107.7,173.09,189,217.48,163.42,191.81,213.95,256.99,238.17,136.19,249.92,0,0,0,46.37,221.23,149.18,208.23,244.51,204.9,335.17,271.85,345.77,364.38,465.95,423.53,414.8,323,404.2,0,0,0,56.03,137.12,197.32,182.24,274.35,268.42,419.89,336.52,573.96,0,,,,,,,78,,44331403.8,,584.75,,
0.25,0,74.54,93.77,124.75,125.9,115.5,130.37,139.31,113.94,138.68,143.36,136.91,151.47,154.9,166.23,190.35,126.93,190.45,169.77,186.3,207.61,199.6,165.09,217.9,179.43,141.59,137.33,212.49,224.66,257.92,273.1,164.15,280.8,296.7,324.56,278.82,294,299.92,307.3,287.76,375.71,254.08,250.54,288.59,471.87,507.53,374.25,492.25,369.16,398.69,404.2,397.33,375.61,344.31,344.63,310.11,386,319.05,285.06,323.63,366.67,401.39,355.13,296.29,243.16,285.68,622.82,519.69,371.86,330.28,319.68,410.54,521.25,408.46,272.06,446.82,328.3,434.03,415.42,531.86,390.47,537.68,382.26,528.12,451.81,706.61,636.55,484.35,436.84,402.43,559.2,398.79,642.57,733.75,566.27,571.15,634.88,603.28,422.7,570.84,433.2,330.9,548.39,617.21,441,558.47,649.23,920.04,918.38,840.31,873.68,740.3,632.28,1013.81,660.56,734.58,840.51,746.43,573.23,595.58,829.7,770.13,626.25,579.16,492.15,549.22,517.72,694.76,963.39,428,463.56,530.82,553.79,669.4,475.1,656.09,576.98,971.71,715.24,956.84,821.18,655.05,657.65,645.49,570.95,585.09,544.75,611.91,618.04,707.76,580.72,610.56,629.68,665.13,682.7,676.15,738.63,620.54,842.59,1215.91,1204.27,671.68,531.23,571.15,1136.28,1275.48,946.86,848.93,733.96,722.21,773.56,770.45,735.31,612.43,1091.89,883.87,1101.24,803.71,718.88,581.34,680.52,636.65,788.12,861.83,771.69,747.47,871.91,744.77,652.97,1032.01,949.36,612.84,741.54,1207.8,1233.9,1318.31,1456.06,1128.48,893.74,545.16,707.65,705.05,644.55,800.91,1104.78,696.22,1149.59,863.28,767.12,864.84,944.47,869.73,765.66,569.7,813.8,885.53,1020.26,824.19,633.11,710.67,601.61,504.21,0,0,132.34,110.92,107.7,173.09,189,217.48,163.42,191.81,213.95,256.99,238.17,136.19,248.05,0,0,0,46.37,221.23,149.18,208.23,244.51,204.9,335.17,271.85,345.77,364.38,465.95,423.53,414.8,323,404.2,0,0,0,56.03,137.12,191.91,182.24,274.35,268.42,419.89,336.52,573.96,0,,,,,,,79,,42692889.4,,584.5,,
0.25,0,66.53,93.77,124.75,125.9,115.5,130.37,139.31,113.94,138.68,143.36,136.91,151.47,154.9,166.23,190.35,126.93,190.45,169.77,186.3,207.61,199.6,165.09,217.9,179.43,141.59,137.33,212.49,224.66,257.92,273.1,164.15,280.8,296.7,324.56,278.82,294,291.61,307.3,287.76,366.98,254.08,250.54,288.59,471.87,507.53,374.25,492.25,369.16,398.69,404.2,397.33,375.61,344.31,344.63,310.11,386,319.05,285.06,323.63,366.67,395.05,355.13,296.29,243.16,285.68,622.82,519.69,371.86,330.28,319.68,410.54,521.25,408.46,272.06,446.82,328.3,434.03,415.42,529.99,390.47,537.68,382.26,528.12,451.81,699.13,624.8,478.63,436.84,402.43,559.2,398.79,642.57,733.75,566.27,571.15,634.88,603.28,422.7,570.84,433.2,330.9,541.01,617.21,441,558.47,649.23,920.04,918.38,840.31,873.68,740.3,632.28,1013.81,660.56,734.58,840.51,741.86,573.23,595.58,829.7,770.13,626.25,579.16,492.15,549.22,517.72,694.76,963.39,428,463.56,530.82,553.79,669.4,475.1,656.09,570.32,971.71,715.24,956.84,821.18,648.5,657.65,645.49,570.95,585.09,544.75,611.91,618.04,707.76,580.72,610.56,629.68,665.13,682.7,676.15,729.59,620.54,842.59,1215.91,1204.27,671.68,527.18,571.15,1136.28,1275.48,946.86,848.93,733.96,722.21,773.56,770.45,735.31,612.43,1091.89,883.87,1101.24,803.71,718.88,581.34,680.52,636.65,788.12,861.83,771.69,747.16,871.91,744.77,652.97,1032.01,949.36,612.84,741.54,1200.94,1233.9,1313.22,1456.06,1128.48,893.74,541.32,707.65,705.05,633.84,800.91,1104.78,696.22,1149.59,863.28,764.21,864.84,944.47,869.73,765.66,569.7,813.8,885.53,1020.26,824.19,627.71,710.67,601.61,504.21,0,0,132.34,110.92,107.7,173.09,189,211.66,163.42,191.81,213.95,256.99,238.17,136.19,248.05,0,0,0,46.37,221.23,149.18,208.23,244.51,204.9,335.17,271.85,345.77,364.38,465.95,417.81,414.8,323,404.2,0,0,0,49.8,137.12,191.91,182.24,274.35,268.42,419.89,336.52,573.96,0,,,,,,,80,,41253128.8,,584.25,,
0.25,0,66.53,93.77,124.75,125.38,115.5,130.37,139.31,113.94,138.68,143.36,136.91,151.47,154.9,166.23,190.35,126.93,190.45,169.77,186.3,207.61,199.6,165.09,217.9,179.43,141.59,131.09,212.49,224.66,257.92,264.99,164.15,271.44,296.7,316.25,278.82,294,291.61,307.3,280.17,366.98,254.08,250.54,288.59,471.87,507.53,368.43,492.25,357.41,398.69,396.81,397.33,375.61,339.32,344.63,310.11,379.14,319.05,285.06,323.63,366.67,395.05,355.13,296.29,243.16,285.68,622.82,519.69,371.86,330.28,310.53,410.54,521.25,408.46,266.97,446.82,326.33,431.22,415.42,529.99,385.69,536.85,382.26,528.12,451.81,699.13,624.8,478.63,436.84,402.43,559.2,398.79,642.57,733.75,566.27,571.15,634.88,603.28,422.7,570.84,433.2,330.9,541.01,617.21,441,551.19,649.23,913.91,918.38,840.31,873.68,740.3,632.28,1013.81,660.56,734.58,833.86,732.71,573.23,595.58,823.36,770.13,626.25,579.16,492.15,543.5,517.72,694.76,959.55,428,463.56,524.37,553.79,669.4,475.1,656.09,570.32,971.71,709.84,956.84,821.18,648.5,657.65,645.49,570.95,585.09,544.75,611.91,618.04,707.76,580.72,610.56,629.68,665.13,682.7,676.15,729.59,620.54,842.59,1215.91,1204.27,671.68,527.18,571.15,1136.28,1269.35,946.86,848.93,733.96,722.21,773.56,770.45,735.31,612.43,1091.89,883.87,1101.24,803.71,718.88,581.34,680.52,636.65,788.12,861.83,771.69,747.16,871.91,744.77,647.56,1032.01,942.6,612.84,741.54,1189.61,1233.9,1313.22,1450.34,1128.48,893.74,541.32,707.65,705.05,633.84,800.91,1104.78,696.22,1149.59,863.28,764.21,864.84,939.69,869.73,765.66,569.7,813.8,885.53,1020.26,804.86,627.71,710.67,601.61,504.21,0,0,132.34,110.92,107.7,173.09,189,211.66,157.91,191.81,213.95,256.99,238.17,136.19,248.05,0,0,0,42.21,221.23,149.18,208.23,240.04,204.9,335.17,271.85,345.77,364.38,465.95,417.81,411.68,323,404.2,0,0,0,49.8,137.12,191.91,182.24,274.35,268.42,419.89,336.52,573.96,0,,,,,,,81,,39203961.6,,584,,
0.25,0,58.22,93.77,124.75,125.38,115.5,130.37,139.31,113.94,138.68,139.2,136.91,151.47,154.9,166.23,190.35,126.93,190.45,169.77,186.3,207.61,199.6,165.09,217.9,179.43,141.59,131.09,211.35,224.66,257.92,264.99,164.15,271.44,296.7,316.25,277.68,294,291.61,298.47,280.17,366.98,254.08,250.54,288.59,471.87,507.53,368.43,492.25,357.41,389.95,396.81,390.37,375.61,332.67,344.63,310.11,379.14,319.05,285.06,323.63,366.67,395.05,355.13,296.29,243.16,285.68,622.82,519.69,371.86,330.28,310.53,410.54,521.25,408.46,266.97,439.75,326.33,431.22,415.42,529.99,385.69,536.85,382.26,528.12,451.81,699.13,624.8,478.63,436.84,402.43,559.2,398.79,635.3,733.75,561.49,571.15,634.88,603.28,416.67,570.84,426.13,330.9,541.01,617.21,441,551.19,649.23,913.91,918.38,840.31,866.09,740.3,624.38,1013.81,660.56,734.58,833.86,732.71,563.15,595.58,823.36,770.13,626.25,573.23,492.15,543.5,517.72,694.76,955.39,428,463.56,524.37,553.79,662.43,475.1,656.09,570.32,971.71,709.84,956.84,821.18,644.03,650.16,637.27,570.95,577.6,544.75,611.91,618.04,703.7,580.72,610.56,629.68,665.13,678.44,671.68,729.59,620.54,842.59,1211.44,1204.27,671.68,527.18,571.15,1125.68,1269.35,946.86,848.93,733.96,711.4,766.6,764.31,735.31,612.43,1091.89,883.87,1101.24,803.71,718.88,575.42,680.52,636.65,788.12,861.83,771.69,747.16,871.91,737.28,647.56,1032.01,942.6,612.84,741.54,1189.61,1233.9,1313.22,1450.34,1128.48,893.74,541.32,707.65,705.05,633.84,800.91,1098.02,696.22,1149.59,863.28,764.21,864.84,939.69,869.73,765.66,569.7,810.37,885.53,1020.26,804.86,627.71,710.67,601.61,504.21,0,0,132.34,110.92,107.7,173.09,189,211.66,157.91,191.81,213.95,256.99,238.17,136.19,248.05,0,0,0,42.21,221.23,149.18,208.23,240.04,202.1,335.17,271.85,345.77,364.38,465.95,417.81,411.68,323,404.2,0,0,0,49.8,137.12,191.91,179.64,274.35,268.42,419.89,336.52,573.96,0,,,,,,,82,,37318697.2,,583.75,,
0.25,0,58.22,93.77,124.75,125.38,115.5,130.37,139.31,113.94,138.68,129.43,136.91,151.47,154.9,166.23,190.35,126.93,190.45,169.77,186.3,207.61,199.6,165.09,217.9,179.43,141.59,131.09,211.35,224.66,246.38,264.99,164.15,271.44,296.7,316.25,277.68,294,291.61,298.47,280.17,366.98,254.08,246.9,278.61,471.87,507.53,368.43,492.25,357.41,389.95,396.81,390.37,375.61,332.67,344.63,303.77,379.14,319.05,285.06,323.63,366.67,395.05,348.99,292.23,243.16,285.68,622.82,510.03,371.86,330.28,307.2,410.54,511.17,408.46,266.97,439.75,326.33,431.22,415.42,529.99,385.69,536.85,382.26,522.4,451.7,699.13,624.8,478.63,436.84,402.43,552.96,398.79,635.3,733.75,561.49,571.15,634.88,603.28,416.67,570.84,426.13,330.9,541.01,617.21,437.67,551.19,649.23,913.91,915.36,836.77,866.09,740.3,624.38,1013.81,660.56,734.58,833.86,732.71,563.15,595.58,823.36,764.42,626.25,573.23,492.15,543.5,517.72,694.76,955.39,423.64,463.56,524.37,553.79,662.43,464.18,656.09,570.32,971.71,709.84,956.84,821.18,644.03,650.16,637.27,570.95,577.6,544.75,611.91,618.04,703.7,580.72,610.56,623.34,665.13,678.44,671.68,729.59,620.54,842.59,1211.44,1204.27,671.68,527.18,571.15,1125.68,1269.35,946.86,848.93,727.3,711.4,766.6,764.31,735.31,612.43,1091.89,875.34,1101.24,803.71,718.88,575.42,680.52,636.65,788.12,861.83,771.69,741.23,871.91,737.28,647.56,1032.01,942.6,612.84,741.54,1026.6,1233.9,1313.22,1450.34,1128.48,893.74,541.32,707.65,705.05,633.84,800.91,1098.02,689.88,1149.59,863.28,764.21,851.95,939.69,869.73,765.66,569.7,810.37,879.39,1020.26,804.86,627.71,710.67,601.61,504.21,0,0,125.58,110.92,107.7,173.09,189,211.66,151.68,191.81,213.95,249.5,238.17,131.72,241.39,0,0,0,42.21,221.23,149.18,208.23,240.04,202.1,329.76,271.85,339.84,364.38,465.95,417.81,411.68,323,400.35,0,0,0,49.8,127.14,191.91,179.64,274.35,268.42,417.29,336.52,573.96,0,,,,,,,83,,35675580.6,,583.5,,
0.25,0,49.59,93.77,124.75,121.63,106.66,130.37,139.31,113.94,138.68,129.43,136.91,151.47,139.1,164.26,182.03,126.93,190.45,169.77,186.3,207.61,198.25,165.09,217.9,179.43,141.59,131.09,211.35,224.66,238.28,264.99,164.15,265.82,296.7,316.25,277.68,294,291.61,298.47,280.17,366.98,254.08,246.9,278.61,471.87,507.53,368.43,492.25,349.3,389.95,396.81,390.37,375.61,332.67,344.63,303.77,379.14,319.05,285.06,323.63,366.67,395.05,348.99,292.23,243.16,285.68,622.82,510.03,371.86,330.28,307.2,410.54,506.08,408.46,266.97,439.75,326.33,431.22,410.22,529.99,385.69,536.85,382.26,522.4,451.7,699.13,624.8,478.63,436.84,402.43,552.96,398.79,635.3,733.75,561.49,571.15,628.23,603.28,416.67,570.84,426.13,330.9,538.51,617.21,437.67,551.19,649.23,913.91,908.71,836.77,866.09,740.3,624.38,1012.05,660.56,734.58,833.86,732.71,563.15,590.8,817.75,764.42,619.81,573.23,492.15,543.5,517.72,694.76,955.39,423.64,458.77,524.37,553.79,662.43,464.18,649.85,570.32,970.67,709.84,956.84,821.18,644.03,650.16,637.27,570.95,577.6,544.75,611.91,618.04,703.7,580.72,610.56,623.34,663.26,678.44,667.42,729.59,620.54,842.59,1206.04,1197.82,671.68,527.18,571.15,1125.68,1269.35,940.63,848.93,727.3,711.4,766.6,764.31,735.31,612.43,1084.3,875.34,1101.24,803.71,718.88,575.42,680.52,636.65,782.3,861.83,759.22,741.23,871.91,737.28,647.56,1028.68,942.6,612.84,741.54,1026.6,1233.9,1313.22,1450.34,1120.27,893.74,541.32,707.65,705.05,633.84,800.91,1098.02,689.88,1149.59,863.28,764.21,851.95,939.69,869.73,765.66,569.7,810.37,879.39,1020.26,804.86,627.71,705.99,601.61,504.21,0,0,125.58,110.92,106.77,173.09,189,211.66,151.68,191.81,213.95,249.5,238.17,131.72,241.39,0,0,0,42.21,221.23,149.18,208.23,240.04,202.1,323.11,271.85,339.84,356.27,465.95,417.81,411.68,323,400.35,0,0,0,49.8,127.14,191.91,179.64,274.35,268.42,417.29,329.34,573.96,0,,,,,,,84,,34034267.2,,583.25,,
0.25,0,49.59,93.77,124.75,121.63,106.66,130.37,139.31,113.94,138.68,129.43,129.22,143.98,139.1,153.96,182.03,126.93,190.45,169.77,186.3,203.24,198.25,165.09,217.9,179.43,141.59,131.09,207.92,224.66,238.28,264.99,164.15,265.82,296.7,316.25,277.68,287.24,291.61,298.47,280.17,366.98,254.08,246.9,278.61,471.87,507.53,368.43,492.25,349.3,389.95,392.66,390.37,375.61,332.67,344.63,303.77,379.14,313.54,280.69,311.15,366.67,395.05,348.99,292.23,236.09,285.68,622.82,510.03,371.86,330.28,307.2,406.9,506.08,408.46,266.97,439.75,326.33,431.22,410.22,529.99,385.69,536.85,382.26,522.4,451.7,699.13,624.8,478.63,427.9,394.53,552.96,398.79,635.3,728.65,561.49,571.15,628.23,603.28,416.67,570.84,426.13,330.9,538.51,609,437.67,551.19,649.23,913.91,908.71,831.57,866.09,736.66,624.38,1004.98,660.56,734.58,833.86,727.72,563.15,590.8,817.75,764.42,619.81,573.23,492.15,543.5,517.72,690.29,955.39,423.64,458.77,524.37,553.79,662.43,464.18,649.85,570.32,970.67,709.84,956.84,821.18,644.03,650.16,637.27,570.95,577.6,544.75,606.4,618.04,703.7,580.72,610.56,623.34,663.26,673.87,667.42,729.59,617.31,836.56,1206.04,1191.27,671.68,527.18,571.15,1125.68,1264.36,940.63,841.76,727.3,711.4,766.6,764.31,735.31,612.43,1084.3,875.34,1101.24,803.71,718.88,575.42,680.52,636.65,782.3,861.83,759.22,741.23,871.91,737.28,647.56,1028.68,942.6,612.84,741.54,1026.6,1233.9,1300.64,1450.34,1115.8,893.74,541.32,701.94,698.71,633.84,796.12,1087,685.41,1149.59,863.28,764.21,851.95,939.69,869.73,765.66,569.7,810.37,879.39,1020.26,804.86,627.71,705.99,601.61,504.21,0,0,125.58,110.92,106.77,173.09,189,211.66,151.68,191.81,213.95,249.5,236.2,131.72,241.39,0,0,0,39.19,221.23,149.18,208.23,240.04,202.1,323.11,271.85,333.29,356.27,465.95,417.81,411.68,323,395.05,0,0,0,49.8,127.14,191.91,179.64,274.35,268.42,417.29,329.34,573.96,0,,,,,,,85,,32543831.4,,583,,
0.25,0,49.59,93.77,124.75,121.63,106.66,130.37,139.31,113.94,138.68,129.43,129.22,133.48,139.1,153.96,182.03,126.93,190.45,167.69,186.3,203.24,198.25,165.09,217.9,179.43,141.59,131.09,207.92,224.66,238.28,264.99,164.15,265.82,296.7,316.25,277.68,287.24,291.61,298.47,280.17,358.45,254.08,246.9,278.61,471.87,507.53,368.43,492.25,349.3,389.95,392.66,390.37,375.61,329.55,339.84,303.77,374.57,313.54,280.69,305.23,366.67,395.05,348.99,292.23,231.83,285.68,622.82,510.03,371.86,330.28,307.2,406.9,506.08,408.46,266.97,439.75,326.33,423.01,410.22,524.89,385.69,536.85,382.26,522.4,451.7,693.31,624.8,478.63,427.9,394.53,536.43,398.79,635.3,721.27,561.49,571.15,628.23,591.95,416.67,568.56,426.13,330.9,538.51,609,437.67,551.19,649.23,905.59,908.71,831.57,857.25,728.03,624.38,1004.98,660.56,725.64,833.86,727.72,563.15,590.8,817.75,764.42,614.19,573.23,492.15,543.5,517.72,690.29,955.39,423.64,458.77,524.37,546.2,654.63,464.18,649.85,570.32,970.67,709.84,956.84,817.12,644.03,650.16,637.27,570.95,577.6,538.1,606.4,618.04,701.1,580.72,610.56,623.34,663.26,673.87,657.54,729.59,617.31,836.56,1206.04,1191.27,669.92,527.18,568.14,1125.68,1264.36,937.72,841.76,727.3,711.4,766.6,758.49,731.36,612.43,1084.3,869.62,1101.24,803.71,718.88,565.33,680.52,636.65,782.3,861.83,759.22,741.23,871.91,737.28,647.56,1028.68,942.6,612.84,741.54,1026.6,1228.28,1300.64,1450.34,1115.8,893.74,541.32,701.94,698.71,633.84,796.12,1087,685.41,1149.59,863.28,764.21,846.65,939.69,869.73,765.66,569.7,810.37,879.39,1020.26,801.43,627.71,705.99,601.61,504.21,0,0,125.58,110.92,106.77,173.09,184.11,211.66,151.68,191.81,213.95,242.95,236.2,131.72,241.39,0,0,0,39.19,221.23,149.18,208.23,240.04,202.1,323.11,271.85,333.29,356.27,465.95,417.81,411.68,323,395.05,0,0,0,21.94,127.14,191.91,179.64,274.35,261.56,411.37,329.34,573.96,0,,,,,,,86,,31648638.8,,582.75,,
0.25,0,49.59,93.77,124.75,121.63,106.66,130.37,139.31,113.94,138.68,129.43,129.22,133.48,139.1,153.96,179.54,126.93,183.28,167.69,186.3,203.24,198.25,165.09,217.9,179.43,141.59,125.17,207.92,224.66,238.28,264.99,164.15,265.82,296.7,316.25,277.68,287.24,291.61,298.47,280.17,358.45,254.08,246.9,278.61,458.88,507.53,368.43,492.25,349.3,389.95,392.66,390.37,367.29,329.55,333.4,301.48,374.57,313.54,280.69,305.23,357.31,395.05,348.99,292.23,231.83,285.68,622.82,510.03,371.86,324.67,307.2,406.9,503.16,401.6,266.97,439.75,326.33,423.01,410.22,524.89,385.69,536.85,376.02,522.4,451.7,693.31,624.8,478.63,427.9,394.53,536.43,398.79,635.3,721.27,561.49,571.15,628.23,591.95,416.67,568.56,426.13,330.9,538.51,609,437.67,551.19,644.45,905.59,874.61,831.57,850.6,728.03,624.38,999.26,660.56,725.64,833.86,727.72,563.15,590.8,817.75,764.42,614.19,573.23,492.15,543.5,517.72,690.29,955.39,423.64,458.77,524.37,546.2,654.63,464.18,646.01,570.32,970.67,709.84,956.84,817.12,644.03,650.16,637.27,566.89,577.6,538.1,606.4,618.04,701.1,580.72,610.56,623.34,663.26,673.87,657.54,724.29,617.31,836.56,1206.04,1191.27,669.92,527.18,568.14,1125.68,1264.36,937.72,835.63,727.3,711.4,766.6,758.49,731.36,612.43,1084.3,869.62,1095.11,799.87,718.88,565.33,680.52,636.65,782.3,861.83,759.22,741.23,871.91,737.28,647.56,1028.68,931.89,612.84,741.54,1020.26,1228.28,1300.64,1450.34,1115.8,893.74,541.32,701.94,698.71,633.84,796.12,1087,685.41,1149.59,863.28,764.21,846.65,939.69,869.73,765.66,569.7,810.37,879.39,1020.26,801.43,627.71,705.99,601.61,504.21,0,0,125.58,110.92,106.77,173.09,179.12,211.66,151.68,191.81,212.7,242.95,236.2,131.72,241.39,0,0,0,39.19,221.23,149.18,203.24,233.08,202.1,323.11,271.85,333.29,356.27,465.95,417.81,411.68,323,395.05,0,0,0,21.94,127.14,191.91,174.03,274.35,261.56,411.37,329.34,573.96,0,,,,,,,87,,30523533.8,,582.5,,
0.25,0,32.85,85.45,116.64,121.63,106.66,129.12,139.31,113.94,138.68,129.43,129.22,133.48,139.1,153.96,179.54,126.93,183.28,167.69,186.3,198.46,198.25,165.09,217.9,179.43,141.59,125.17,207.92,224.66,238.28,264.99,164.15,265.82,296.7,316.25,269.88,287.24,291.61,295.14,280.17,350.24,254.08,246.9,278.61,458.88,507.53,368.43,492.25,349.3,389.95,378.21,390.37,367.29,329.55,333.4,296.8,374.57,313.54,280.69,305.23,357.31,395.05,348.99,292.23,231.83,285.68,622.82,510.03,371.86,324.67,307.2,404.4,503.16,401.6,266.97,439.75,315.93,423.01,410.22,524.89,385.69,534.77,376.02,522.4,451.7,693.31,624.8,478.63,427.9,386.31,536.43,398.79,635.3,721.27,561.49,571.15,628.23,591.95,416.67,568.56,418.54,330.9,538.51,609,437.67,545.89,644.45,905.59,874.61,819.2,850.6,728.03,624.38,999.26,660.56,725.64,833.86,726.37,563.15,590.8,811.51,764.42,614.19,573.23,492.15,537.06,517.72,687.07,955.39,423.64,458.77,524.37,546.2,654.63,464.18,646.01,567.62,970.67,703.08,956.84,817.12,644.03,650.16,631.56,566.89,577.6,538.1,606.4,618.04,701.1,580.72,600.16,613.99,663.26,673.87,657.54,724.29,614.71,836.56,1206.04,1186.39,669.92,527.18,568.14,1125.68,1264.36,937.72,835.63,727.3,711.4,766.6,758.49,731.36,606.92,1084.3,865.46,1095.11,799.87,718.88,565.33,680.52,636.65,782.3,853.82,755.68,741.23,871.91,737.28,641.33,1028.68,931.89,612.84,741.54,1020.26,1222.88,1300.64,1450.34,1115.8,893.74,529.47,701.94,698.71,633.84,796.12,1087,685.41,1149.59,863.28,761.82,846.65,935.12,869.73,765.66,569.7,810.37,879.39,1020.26,780.32,627.71,705.99,601.61,504.21,0,0,125.58,110.92,106.77,164.67,179.12,211.66,151.68,191.81,207.19,242.95,236.2,131.72,241.39,0,0,0,39.19,215.09,149.18,203.24,233.08,202.1,323.11,271.85,333.29,356.27,465.95,417.81,411.68,323,395.05,0,0,0,0,127.14,191.91,174.03,274.35,261.56,411.37,329.34,573.96,0,,,,,,,88,,28906633.4,,582.25,,
0.25,0,32.85,85.45,116.64,121.63,106.66,129.12,139.31,113.94,138.68,129.43,129.22,133.48,139.1,153.96,179.54,126.93,183.28,167.69,186.3,198.46,198.25,165.09,217.9,179.43,141.59,125.17,205.94,221.85,238.28,264.99,164.15,265.82,296.7,316.25,269.88,280.28,291.61,295.14,280.17,350.24,245.45,246.9,278.61,458.88,502.85,368.43,492.25,349.3,389.95,378.21,390.37,367.29,329.55,333.4,296.8,374.57,313.54,280.69,305.23,357.31,395.05,348.99,292.23,231.83,278.4,622.82,498.17,361.99,324.67,307.2,404.4,503.16,401.6,266.97,439.75,315.93,423.01,410.22,524.89,385.69,524.27,376.02,522.4,451.7,693.31,624.8,478.63,427.9,386.31,536.43,398.79,626.15,721.27,561.49,571.15,628.23,591.95,416.67,568.56,418.54,330.9,538.51,609,434.14,545.89,644.45,905.59,874.61,819.2,850.6,728.03,624.38,999.26,656.61,725.64,833.86,723.56,563.15,585.5,811.51,764.42,614.19,573.23,492.15,537.06,517.72,687.07,950.92,423.64,458.77,524.37,546.2,654.63,464.18,646.01,567.62,970.67,703.08,956.84,810.26,644.03,650.16,631.56,566.89,577.6,538.1,594.55,618.04,701.1,576.46,589.14,613.99,663.26,673.87,657.54,724.29,607.23,836.56,1206.04,1136.28,669.92,527.18,568.14,1125.68,1257.5,937.72,835.63,723.04,711.4,766.6,758.49,731.36,606.92,1084.3,865.46,1090.43,799.87,718.88,565.33,680.52,636.65,782.3,853.82,755.68,741.23,871.91,737.28,641.33,1028.68,931.89,612.84,741.54,1020.26,1222.88,1300.64,1445.77,1109.77,893.74,529.47,698.51,698.71,633.84,796.12,1087,685.41,1149.59,863.28,761.82,846.65,935.12,869.73,765.66,569.7,810.37,879.39,1020.26,780.32,627.71,705.99,601.61,504.21,0,0,125.58,110.92,106.77,164.67,179.12,211.66,145.44,191.81,207.19,242.95,236.2,131.72,241.39,0,0,0,30.88,206.05,149.18,203.24,233.08,202.1,323.11,271.85,333.29,356.27,456.9,411.16,411.68,323,388.29,0,0,0,0,127.14,191.91,174.03,268.53,261.56,411.37,329.34,567.2,0,,,,,,,89,,27399495.2,,582,,
0.25,0,32.85,85.45,108.22,121.63,106.66,129.12,139.31,111.13,138.68,129.43,129.22,133.48,139.1,153.96,179.54,126.93,183.28,167.69,186.3,198.46,198.25,165.09,217.9,179.43,141.59,125.17,205.94,221.85,238.28,264.99,164.15,265.82,296.7,316.25,269.88,280.28,291.61,295.14,280.17,350.24,245.45,244.31,278.61,458.88,502.85,368.43,492.25,349.3,389.95,373.94,390.37,367.29,329.55,333.4,296.8,374.57,313.54,280.69,305.23,357.31,395.05,348.99,292.23,231.83,278.4,622.82,498.17,361.99,324.67,303.67,404.4,503.16,401.6,266.97,439.75,315.93,423.01,410.22,524.89,385.69,524.27,376.02,522.4,451.7,693.31,617.83,478.63,427.9,379.97,536.43,398.79,626.15,721.27,558.26,571.15,628.23,591.95,416.67,568.56,418.54,330.9,538.51,609,433.3,545.89,644.45,900.19,874.61,810.99,850.6,728.03,624.38,993.23,656.61,725.64,826.58,723.56,563.15,585.5,805.06,764.42,614.19,573.23,486.53,537.06,517.72,687.07,950.92,423.64,458.77,524.37,546.2,654.63,458.77,646.01,567.62,970.67,703.08,956.84,810.26,644.03,650.16,631.56,566.89,577.6,538.1,594.55,618.04,701.1,576.46,589.14,613.99,663.26,673.87,657.54,724.29,607.23,836.56,1206.04,1136.28,669.92,524.58,568.14,1119.13,1257.5,937.72,835.63,723.04,711.4,766.6,758.49,731.36,606.92,1084.3,865.46,1090.43,799.87,718.88,565.33,680.52,636.65,782.3,853.82,755.68,741.23,867.86,737.28,641.33,1019.01,931.89,612.84,741.54,1020.26,1222.88,1300.64,1445.77,1109.77,892.39,529.47,698.51,698.71,633.84,796.12,1087,685.41,1146.88,863.28,761.82,846.65,935.12,865.26,765.66,569.7,810.37,879.39,1020.26,780.32,620.54,705.99,601.61,504.21,0,0,125.58,110.92,106.77,164.67,179.12,211.66,145.44,191.81,207.19,242.95,226.63,131.72,241.39,0,0,0,30.88,206.05,149.18,203.24,233.08,202.1,323.11,267.7,333.29,349.41,448.27,411.16,407.11,323,388.29,0,0,0,0,127.14,191.91,174.03,268.53,261.56,411.37,329.34,567.2,0,,,,,,,90,,26151421.8,,581.75,,
0.25,0,32.85,77.03,108.22,114.56,106.66,129.12,139.31,111.13,138.68,129.43,129.22,133.48,139.1,149.18,179.54,126.93,183.28,167.69,186.3,198.46,188.37,153.24,217.9,179.43,141.59,125.17,205.94,197.94,238.28,264.99,164.15,265.82,296.7,308.03,269.88,280.28,291.61,291.4,280.17,325.19,245.45,244.31,278.61,458.88,502.85,368.43,492.25,344,389.95,373.94,390.37,363.13,329.55,333.4,291.5,374.57,313.54,280.69,305.23,357.31,389.02,348.99,292.23,231.83,278.4,622.82,498.17,354.5,324.67,303.67,404.4,503.16,401.6,266.97,439.75,315.93,423.01,410.22,524.89,385.69,524.27,376.02,522.4,451.7,689.04,617.83,478.63,427.9,379.97,536.43,398.79,626.15,721.27,555.56,571.15,628.23,591.95,416.67,568.56,418.54,330.9,538.51,609,433.3,545.58,644.45,900.19,874.61,810.99,850.6,715.14,615.13,993.23,656.61,725.64,826.58,723.56,563.15,585.5,805.06,764.42,614.19,573.23,482.79,537.06,517.72,687.07,950.92,423.64,458.77,524.37,546.2,654.63,458.77,646.01,567.62,970.67,703.08,956.84,810.26,644.03,644.45,631.56,566.89,577.6,538.1,594.55,618.04,701.1,576.46,589.14,613.99,663.26,673.87,657.54,724.29,607.23,836.56,1199.69,1136.28,669.92,524.58,568.14,1119.13,1257.5,937.72,835.63,723.04,711.4,760.98,758.49,725.01,604.63,1084.3,865.46,1090.43,799.87,712.02,565.33,680.52,633.84,782.3,853.82,755.68,741.23,867.86,737.28,641.33,1019.01,931.89,612.84,741.54,1020.26,1222.88,1300.64,1436,1109.77,892.39,529.47,698.51,694.03,633.84,796.12,1056.33,679.17,1146.88,863.28,761.82,846.65,935.12,865.26,765.66,569.7,810.37,879.39,1013.4,780.32,620.54,702.04,601.61,504.21,0,0,125.58,110.92,106.77,164.67,179.12,203.24,145.44,191.81,207.19,242.95,226.63,131.72,241.39,0,0,0,30.88,206.05,149.18,198.77,233.08,202.1,323.11,267.7,333.29,349.41,448.27,411.16,407.11,323,388.29,0,0,0,0,127.14,191.91,174.03,268.53,261.56,411.37,329.34,560.76,0,,,,,,,91,,24771653,,581.5,,
0.25,0,32.85,77.03,108.22,114.56,106.66,123.61,130.89,111.13,138.68,129.43,126.93,133.48,139.1,149.18,179.54,126.93,183.28,167.69,186.3,198.46,188.37,153.24,217.9,179.43,141.59,125.17,205.94,197.94,238.28,264.99,164.15,265.82,296.7,308.03,266.66,280.28,291.61,291.4,273.62,325.19,245.45,244.31,278.61,458.88,502.85,368.43,492.25,344,384.75,373.94,385.79,363.13,323.42,333.4,291.5,374.57,313.54,280.69,305.23,357.31,389.02,348.99,289.42,231.83,278.4,622.82,498.17,354.5,324.67,303.67,404.4,503.16,401.6,266.97,439.75,315.93,423.01,410.12,524.89,385.69,524.27,376.02,513.46,451.7,684.68,617.83,472.6,427.9,373.11,533.63,398.79,626.15,721.27,555.56,571.15,628.23,588.1,416.67,568.56,418.54,330.9,538.51,609,433.3,539.24,644.45,900.19,874.61,810.99,846.86,715.14,612.74,993.23,656.61,719.5,826.58,723.56,563.15,585.5,805.06,764.42,614.19,573.23,482.79,537.06,504.41,687.07,950.92,423.64,453.99,519.07,546.2,654.63,458.77,646.01,567.62,970.67,703.08,956.84,810.26,644.03,644.45,631.56,566.89,577.6,538.1,594.55,611.07,701.1,576.46,589.14,613.99,663.26,668.88,653.49,724.29,600.58,836.56,1199.69,1119.13,669.92,524.58,568.14,1119.13,1251.78,937.72,835.63,723.04,711.4,760.98,758.49,725.01,604.63,1079.52,858.29,1090.43,799.87,712.02,565.33,680.52,627.29,782.3,853.82,755.68,741.23,867.86,737.28,641.33,1019.01,931.89,612.84,741.54,1020.26,1222.88,1295.03,1436,1101.14,892.39,529.47,698.51,694.03,633.84,796.12,1056.33,673.97,1146.88,863.28,761.82,846.65,935.12,865.26,765.66,569.7,810.37,879.39,1013.4,780.32,620.54,702.04,601.61,504.21,0,0,125.58,110.92,106.77,164.67,179.12,203.24,145.44,191.81,207.19,242.95,226.63,131.72,241.39,0,0,0,30.88,206.05,139.62,198.77,233.08,198.56,323.11,267.7,333.29,349.41,448.27,411.16,407.11,323,388.29,0,0,0,0,127.14,191.91,174.03,268.53,261.56,411.37,329.34,560.76,0,,,,,,,92,,23043118.2,,581.25,,
0.25,0,32.85,77.03,108.22,114.56,106.66,123.61,130.89,111.13,138.68,129.43,126.93,133.48,139.1,149.18,179.54,126,183.28,167.69,178.08,198.46,188.37,153.24,217.9,179.43,141.59,118.72,205.94,197.94,238.28,264.99,164.15,265.82,296.7,308.03,266.66,280.28,291.61,291.4,273.62,318.32,245.45,244.31,278.61,458.88,499.42,368.43,492.25,344,375.61,362.61,385.79,363.13,323.42,333.4,291.5,374.57,313.54,275.49,305.23,357.31,389.02,341.2,289.42,231.83,278.4,622.82,498.17,354.5,324.67,303.67,404.4,496.51,401.6,266.97,439.75,315.93,423.01,410.12,524.89,385.69,524.27,376.02,513.46,451.7,684.68,617.83,472.6,427.9,364.79,533.63,398.79,626.15,721.27,555.56,571.15,624.9,588.1,411.16,560.45,418.54,330.9,538.51,609,433.3,539.24,644.45,900.19,874.61,804.02,846.86,710.77,612.74,993.23,656.61,719.5,826.58,719.19,557.43,585.5,797.58,764.42,614.19,573.23,482.79,537.06,504.41,687.07,950.92,423.64,453.99,519.07,537.99,650.68,458.77,646.01,567.62,970.67,703.08,956.84,810.26,636.55,644.45,631.56,566.89,577.6,537.06,594.55,611.07,694.55,576.46,589.14,613.99,663.26,668.88,653.49,716.39,592.57,836.56,1199.69,1119.13,669.92,524.58,568.14,1119.13,1251.78,926.9,835.63,723.04,701.73,760.98,752.36,725.01,604.63,1069.64,858.29,1090.43,799.87,712.02,561.49,680.52,627.29,771.17,853.82,755.68,741.23,867.86,737.28,641.33,1019.01,931.89,609.1,732.08,1020.26,1222.88,1295.03,1436,1101.14,888.75,529.47,698.51,694.03,633.84,796.12,1056.33,673.97,1146.88,863.28,761.82,846.65,935.12,857.36,761.4,569.7,801.43,879.39,1013.4,780.32,620.54,702.04,601.61,504.21,0,0,125.58,110.92,106.77,156.98,179.12,203.24,145.44,182.66,207.19,242.95,226.63,131.72,241.39,0,0,0,30.88,206.05,139.62,198.77,233.08,198.56,323.11,267.7,333.29,349.41,448.27,411.16,407.11,314.58,388.29,0,0,0,0,124.13,191.91,174.03,268.53,261.56,411.37,329.34,560.76,0,,,,,,,93,,21831225,,581,,
0.25,0,32.85,77.03,108.22,106.87,93.46,123.61,130.89,111.13,138.68,129.43,126.93,125.38,139.1,149.18,179.54,126,183.28,167.69,178.08,198.46,188.37,153.24,217.9,179.43,141.59,118.72,199.5,197.94,238.28,257.51,160.1,259.9,296.7,308.03,266.66,280.28,283.08,291.4,265.72,318.32,245.45,244.31,273.1,458.88,499.42,368.43,481.85,344,375.61,362.61,385.79,363.13,323.42,333.4,291.5,374.57,309.9,275.49,292.65,354.92,389.02,341.2,289.42,229.44,278.4,622.82,498.17,354.5,324.67,303.67,404.4,496.51,401.6,266.97,439.75,315.93,410.95,410.12,524.89,383.61,524.27,370.62,513.46,451.7,684.68,617.83,472.6,427.9,364.79,533.63,398.79,626.15,721.27,553.48,571.15,624.9,588.1,411.16,560.45,418.54,330.9,531.96,609,430.91,539.24,639.77,900.19,874.61,804.02,846.86,710.77,612.74,993.23,656.61,719.5,817.12,719.19,557.43,585.5,797.58,760.05,608.58,573.23,482.79,537.06,504.41,680.73,950.92,423.64,453.99,514.08,537.99,650.68,458.77,646.01,567.62,961.11,703.08,950.3,810.26,636.55,644.45,625.94,566.89,577.6,537.06,594.55,610.24,694.55,574.07,589.14,613.99,663.26,668.88,653.49,716.39,592.57,836.56,1199.69,1119.13,669.92,524.58,564.29,1119.13,1242.94,926.9,832.3,723.04,701.73,760.98,752.36,725.01,604.63,1069.64,858.29,1090.43,799.87,712.02,561.49,680.52,627.29,771.17,853.82,755.68,741.23,867.86,728.76,641.33,1009.86,927.63,609.1,727.93,1015.27,1222.88,1295.03,1436,1101.14,888.75,529.47,698.51,694.03,623.13,796.12,1056.33,673.97,1146.88,863.28,761.82,846.65,935.12,851.95,761.4,569.7,801.43,871.91,1013.4,780.32,620.54,702.04,601.61,504.21,0,0,125.58,110.92,106.77,156.98,179.12,203.24,140.03,182.66,207.19,242.95,226.63,131.72,241.39,0,0,0,30.88,200.54,139.62,198.77,233.08,198.56,323.11,267.7,333.29,349.41,448.27,411.16,407.11,314.58,388.29,0,0,0,0,124.13,191.91,174.03,268.53,261.56,411.37,329.34,560.76,0,,,,,,,94,,20312047.8,,580.75,,
0.25,0,32.85,77.03,108.22,106.87,93.46,123.61,130.89,110.82,138.68,121.22,126.93,125.38,132.76,140.97,179.54,126,183.28,163.22,178.08,194.3,188.37,153.24,217.9,179.43,141.59,118.72,199.5,197.94,238.28,257.51,160.1,259.9,296.7,308.03,266.66,280.28,283.08,291.4,265.72,318.32,245.45,244.31,273.1,458.88,499.42,368.43,481.85,344,375.61,362.61,385.79,354.81,323.42,333.4,286.72,374.57,309.9,275.49,292.65,351.07,381.74,341.2,289.42,229.44,278.4,622.82,498.17,354.5,324.67,303.67,397.96,496.51,401.6,266.97,439.75,315.93,410.95,410.12,524.89,383.61,524.27,370.62,513.46,451.7,684.68,617.83,472.6,427.9,355.02,533.63,398.79,626.15,721.27,553.48,571.15,624.9,588.1,408.46,560.45,418.54,330.9,531.96,609,430.91,539.24,639.77,900.19,874.61,804.02,846.86,710.77,612.74,990.63,656.61,719.5,817.12,712.85,557.43,579.47,797.58,755.06,608.58,570.53,482.79,535.39,504.41,680.73,950.92,418.02,453.99,514.08,537.99,650.68,458.77,646.01,557.74,961.11,700.48,950.3,810.26,636.55,644.45,625.94,562.53,571.36,537.06,584.88,610.24,689.15,574.07,589.14,613.99,663.26,668.88,653.49,714.51,587.06,831.05,1199.69,1119.13,669.92,524.58,564.29,1119.13,1242.94,926.9,832.3,723.04,701.73,760.98,752.36,725.01,604.63,1069.64,858.29,1090.43,799.87,712.02,561.49,675.84,627.29,771.17,853.82,755.68,741.23,859.54,728.76,636.65,1009.86,927.63,609.1,727.93,1015.27,1222.88,1295.03,1436,1101.14,888.75,529.47,698.51,694.03,623.13,796.12,1056.33,670.02,1146.88,858.5,759.22,840.2,935.12,851.95,761.4,569.7,801.43,871.91,1013.4,780.32,620.54,694.55,599.85,504.21,0,0,125.58,109.26,106.77,156.98,179.12,203.24,140.03,182.66,207.19,242.95,226.63,131.72,241.39,0,0,0,28.28,200.54,139.62,198.77,233.08,198.56,323.11,267.7,333.29,349.41,448.27,411.16,407.11,314.58,388.29,0,0,0,0,124.13,191.91,174.03,268.53,261.56,411.37,329.34,560.76,0,,,,,,,95,,18526381.8,,580.5,,
0.25,0,32.85,77.03,108.22,106.87,93.46,123.61,130.89,110.82,138.68,121.22,126.93,125.38,132.76,140.97,175.8,119.76,183.28,163.22,178.08,194.3,188.37,153.24,217.9,179.43,141.59,118.72,199.5,197.94,238.28,257.51,160.1,259.9,296.7,308.03,266.66,280.28,274.87,291.4,265.72,308.86,239.63,244.31,273.1,458.88,499.42,368.43,481.85,344,375.61,353.98,385.79,354.81,323.42,330.8,286.72,367.81,309.9,275.49,292.65,351.07,381.74,341.2,289.42,229.44,278.4,615.03,498.17,354.5,324.67,303.67,397.96,496.51,401.6,260.32,439.75,315.93,410.95,410.12,524.89,383.61,524.27,370.62,513.46,451.7,684.68,597.46,472.6,421.24,355.02,533.63,398.79,626.15,716.39,546.93,571.15,624.9,588.1,408.46,560.45,416.25,330.9,531.96,609,430.91,539.24,639.77,881.79,874.61,797.16,846.86,702.25,612.74,990.63,656.61,714.72,817.12,712.85,557.43,579.47,797.58,755.06,608.58,570.53,482.79,535.39,504.41,680.73,943.33,418.02,453.99,514.08,537.99,648.29,458.77,646.01,550.05,955.91,700.48,950.3,805.58,636.55,644.45,625.94,562.53,571.36,537.06,584.88,610.24,689.15,574.07,589.14,613.99,663.26,668.88,653.49,714.51,587.06,831.05,1199.69,1119.13,663.68,524.58,564.29,1119.13,1242.94,926.9,826.38,723.04,701.73,760.98,752.36,725.01,604.63,1066.63,858.29,1087.11,799.87,712.02,561.49,675.84,627.29,771.17,853.82,755.68,741.23,859.54,728.76,636.65,1009.86,927.63,609.1,727.93,1015.27,1222.88,1295.03,1436,1101.14,888.75,529.47,698.51,694.03,623.13,796.12,1056.33,670.02,1146.88,858.5,759.22,840.2,935.12,851.95,761.4,569.7,801.43,871.91,1013.4,770.24,620.54,694.55,599.85,504.21,0,0,125.58,109.26,106.77,156.98,179.12,196.07,140.03,182.66,207.19,242.95,226.63,131.72,241.39,0,0,0,28.28,200.54,136.29,198.77,233.08,198.56,323.11,267.7,333.29,349.41,448.27,411.16,407.11,314.58,388.29,0,0,0,0,124.13,191.91,174.03,268.53,261.56,411.37,322.38,560.76,0,,,,,,,96,,17002583.6,,580.25,,
0.25,0,32.85,77.03,108.22,106.87,93.46,123.61,130.89,110.82,138.68,121.22,126.93,125.38,132.76,140.97,175.8,119.76,183.28,163.22,178.08,194.3,188.37,153.24,217.9,179.43,141.59,118.72,199.5,197.94,238.28,257.51,160.1,259.9,296.7,308.03,266.66,280.28,274.87,291.4,265.72,308.86,239.63,244.31,273.1,454.51,499.42,368.43,475.62,344,375.61,353.98,380.91,354.81,323.42,330.8,281.42,362.4,309.9,275.49,290.88,351.07,381.74,341.2,289.42,229.44,278.4,615.03,498.17,354.5,324.67,303.67,397.96,496.51,395.67,260.32,436.11,315.93,410.95,400.66,524.89,383.61,524.27,370.62,513.46,448.17,684.68,597.46,472.6,421.24,338.39,533.63,398.79,619.39,716.39,546.93,571.15,624.9,588.1,408.46,560.45,403.99,330.9,531.96,609,430.91,533.11,639.77,881.79,874.61,797.16,846.86,702.25,610.04,990.63,656.61,714.72,817.12,712.85,557.43,579.47,795.08,755.06,608.58,570.53,482.79,535.39,504.41,680.73,940,411.58,453.99,514.08,537.99,645.07,458.77,644.13,550.05,955.91,700.48,950.3,805.58,630.1,644.45,625.94,562.53,571.36,537.06,584.88,610.24,689.15,574.07,589.14,608.06,663.26,668.88,653.49,714.51,584.67,831.05,1199.69,1119.13,663.68,523.23,564.29,1119.13,1239.41,922.23,826.38,723.04,701.73,760.98,752.36,725.01,604.63,1066.63,858.29,1087.11,792.48,712.02,561.49,675.84,625.42,771.17,853.82,755.68,741.23,859.54,728.76,636.65,1009.86,927.63,609.1,727.93,1015.27,1222.88,1285.15,1430.07,1101.14,888.75,529.47,698.51,694.03,623.13,796.12,1048.54,660.56,1146.88,858.5,759.22,840.2,935.12,851.95,761.4,569.7,801.43,871.91,1013.4,770.24,620.54,694.55,599.85,504.21,0,0,125.58,109.26,106.77,156.98,179.12,196.07,140.03,182.66,207.19,242.95,226.63,131.72,241.39,0,0,0,28.28,200.54,136.29,198.77,227.98,198.56,317.7,267.7,333.29,349.41,448.27,411.16,407.11,314.58,388.29,0,0,0,0,124.13,191.91,174.03,268.53,261.56,411.37,322.38,560.76,0,,,,,,,97,,15669879.8,,580,,
0.25,0,32.85,71.73,108.22,106.87,93.46,111.03,130.89,110.82,138.68,121.22,126.93,125.38,132.76,140.97,175.8,119.76,183.28,163.22,178.08,194.3,188.37,153.24,217.9,179.43,141.59,118.72,199.5,197.94,238.28,257.51,160.1,259.9,296.7,308.03,266.66,280.28,274.87,291.4,265.72,308.86,239.63,244.31,273.1,454.51,499.42,368.43,475.62,344,375.61,341.72,380.91,348.47,319.16,330.8,279.96,362.4,309.9,273.73,290.88,351.07,381.74,341.2,289.42,229.44,278.4,613.67,498.17,354.5,324.67,303.67,397.96,491.21,395.67,260.32,436.11,315,410.95,400.66,524.89,383.61,524.27,370.62,513.46,448.17,684.68,597.46,472.6,421.24,338.39,533.63,398.79,619.39,716.39,546.93,557.12,624.9,588.1,408.46,560.45,403.99,330.9,531.96,609,430.91,533.11,639.77,881.79,874.61,797.16,846.86,698.3,610.04,984.81,651.41,714.72,817.12,712.85,557.43,579.47,795.08,755.06,601.3,563.98,482.79,533.73,504.41,680.73,940,411.58,453.99,514.08,537.99,645.07,458.77,644.13,550.05,955.91,700.48,941.15,805.58,630.1,644.45,622.41,562.53,571.36,537.06,584.88,610.24,689.15,570.74,589.14,608.06,663.26,668.88,653.49,714.51,584.67,831.05,1199.69,1119.13,663.68,523.23,564.29,1119.13,1237.22,922.23,826.38,723.04,701.73,760.98,752.36,725.01,604.63,1066.63,858.29,1087.11,792.48,712.02,561.49,675.84,625.42,771.17,853.82,755.68,741.23,859.54,728.76,636.65,1009.86,927.63,609.1,727.93,1015.27,1222.88,1285.15,1430.07,1087,888.75,529.47,698.51,694.03,623.13,796.12,1048.54,660.56,1146.88,858.5,759.22,840.2,935.12,851.95,761.4,569.7,801.43,871.91,1013.4,770.24,620.54,694.55,599.85,504.21,0,0,125.58,109.26,106.77,156.98,179.12,196.07,134.42,182.66,207.19,242.95,226.63,131.72,228.4,0,0,0,22.56,200.54,136.29,198.77,227.98,198.56,317.7,267.7,333.29,349.41,448.27,411.16,407.11,314.58,388.29,0,0,0,0,124.13,189.1,174.03,268.53,261.56,411.37,322.38,560.76,0,,,,,,,98,,14768409.4,,579.75,,
0.25,0,24.95,71.73,108.22,106.87,93.46,111.03,130.89,110.82,138.68,121.22,126.93,125.38,124.34,140.97,175.8,119.76,183.28,163.22,166.44,194.09,188.37,153.24,217.9,179.43,141.59,118.72,189.73,197.94,238.28,248.57,160.1,259.9,296.7,302,263.12,280.28,274.87,291.4,265.72,300.65,239.63,244.31,273.1,454.51,499.42,368.43,475.62,344,375.61,341.72,380.91,348.47,319.16,330.8,274.66,362.4,309.9,273.73,290.88,351.07,381.74,341.2,289.42,224.03,278.4,613.67,498.17,354.5,324.67,303.67,397.96,491.21,395.67,260.32,436.11,315,410.95,397.44,524.89,383.61,524.27,363.86,513.46,448.17,675.11,597.46,472.6,421.24,333.09,533.63,398.79,619.39,716.39,546.93,557.12,624.9,588.1,408.46,560.45,403.99,330.9,531.96,609,430.91,533.11,636.13,881.79,874.61,797.16,846.86,693.1,610.04,984.81,651.41,714.72,817.12,712.85,557.43,579.47,795.08,755.06,601.3,563.98,482.79,533.73,504.41,680.73,940,411.58,453.99,514.08,537.99,645.07,458.77,644.13,550.05,955.91,700.48,941.15,805.58,630.1,644.45,622.41,562.53,571.36,537.06,582.17,610.24,689.15,570.74,589.14,608.06,663.26,668.88,653.49,710.56,584.67,831.05,1185.35,1112.58,663.68,523.23,561.9,1111.54,1237.22,922.23,826.38,723.04,701.73,760.98,752.36,725.01,604.63,1066.63,858.29,1087.11,792.48,712.02,561.49,675.84,625.42,771.17,853.82,755.68,741.23,859.54,728.76,636.65,1009.86,927.63,609.1,727.93,1015.27,1222.88,1285.15,1430.07,1087,888.75,529.47,698.51,694.03,623.13,796.12,1048.54,635.61,1146.88,858.5,759.22,840.2,929.19,851.95,761.4,569.7,801.43,871.91,1013.4,770.24,615.44,694.55,599.85,504.21,0,0,115.6,109.26,106.77,156.98,179.12,196.07,134.42,182.66,200.75,242.95,226.63,131.72,228.4,0,0,0,15.18,200.54,136.29,198.77,227.98,198.56,311.36,267.7,333.29,349.41,448.27,411.16,407.11,314.58,388.29,0,0,0,0,118.93,189.1,174.03,268.53,261.56,411.37,322.38,560.76,0,,,,,,,99,,13670173.8,,579.5,,
0.25,0,24.95,71.73,108.22,106.87,93.46,111.03,130.89,110.82,138.68,121.22,126.93,125.38,124.34,140.97,175.8,119.76,183.28,163.22,166.44,194.09,188.37,153.24,217.9,179.43,141.59,118.72,189.73,197.94,238.28,248.57,152.51,259.9,296.7,293.79,263.12,274.04,274.87,279.24,265.72,300.65,239.63,241.91,273.1,454.51,499.42,361.16,475.62,344,375.61,336,380.91,344.21,319.16,325.29,274.66,362.4,309.9,273.73,290.88,351.07,381.74,341.2,289.42,224.03,278.4,613.67,498.17,354.5,324.67,303.67,395.88,491.21,395.67,260.32,436.11,315,399.41,397.44,521.67,383.61,524.27,357,513.46,448.17,675.11,592.78,463.45,421.24,333.09,533.63,398.79,619.39,716.39,546.93,557.12,608.48,588.1,408.46,560.45,403.99,330.9,531.96,602.86,430.91,533.11,636.13,881.79,860.99,787.81,846.86,693.1,610.04,984.81,644.45,714.72,813.28,712.85,557.43,579.47,795.08,755.06,601.3,563.98,482.79,533.73,504.41,680.73,940,411.58,453.99,514.08,531.55,645.07,458.77,644.13,550.05,955.91,700.48,941.15,805.58,630.1,644.45,622.41,560.45,571.36,537.06,582.17,610.24,689.15,570.74,589.14,608.06,648.71,668.88,653.49,710.56,584.67,831.05,1185.35,1107.59,663.68,523.23,561.9,1111.54,1237.22,922.23,826.38,715.97,696.32,755.37,752.36,725.01,604.63,1066.63,858.29,1082.43,792.48,712.02,561.49,675.84,625.42,762.54,844.26,755.68,741.23,859.54,728.76,636.65,1009.86,927.63,609.1,727.93,1015.27,1215.81,1283.69,1425.91,1087,888.75,529.47,698.51,694.03,623.13,796.12,1042.61,635.61,1141.48,858.5,759.22,832.51,929.19,821.7,761.4,569.7,801.43,871.91,1006.95,770.24,615.44,694.55,599.85,504.21,0,0,115.6,109.26,106.77,156.98,171.53,196.07,134.42,182.66,200.75,242.95,226.63,124.02,228.4,0,0,0,15.18,200.54,136.29,198.77,227.98,198.56,311.36,266.86,333.29,349.41,448.27,411.16,407.11,314.58,388.29,0,0,0,0,118.93,189.1,174.03,263.95,261.56,411.37,322.38,560.76,0,,,,,,,100,,13067789.6,,579.25,,
0.25,0,24.95,71.73,108.22,106.87,93.46,111.03,130.89,110.82,138.68,121.22,126.93,125.38,124.34,140.97,175.8,119.76,183.28,154.8,166.44,194.09,188.37,153.24,217.9,179.43,141.59,118.72,189.73,197.94,238.28,248.57,152.51,259.9,296.7,293.79,263.12,267.8,274.87,279.24,265.72,300.65,239.63,241.91,273.1,447.23,499.42,361.16,475.62,344,375.61,332.46,376.75,344.21,319.16,325.29,274.66,362.4,309.9,273.73,285.37,351.07,381.74,341.2,289.42,224.03,278.4,613.67,479.15,354.5,319.05,297.43,395.88,487.05,383.09,260.32,436.11,315,399.41,397.44,521.67,383.61,524.27,357,504,448.17,675.11,592.78,463.45,416.05,326.54,533.63,398.79,614.19,716.39,535.29,549.32,608.48,588.1,408.46,560.45,403.99,330.9,519.49,602.86,430.91,533.11,636.13,881.79,860.99,787.81,840.62,693.1,610.04,984.81,644.45,714.72,813.28,712.85,557.43,579.47,795.08,755.06,601.3,563.98,482.79,533.73,504.41,680.73,940,411.58,453.99,514.08,531.55,645.07,458.77,644.13,550.05,955.91,700.48,941.15,805.58,630.1,644.45,622.41,560.45,571.36,537.06,582.17,610.24,689.15,570.74,586.64,608.06,648.71,668.88,653.49,710.56,584.67,830.01,1185.35,1107.59,663.68,523.23,561.9,1111.54,1237.22,922.23,826.38,715.97,696.32,755.37,752.36,725.01,604.63,1066.63,858.29,1082.43,792.48,712.02,561.49,672.62,625.42,757.03,844.26,755.68,741.23,859.54,720.13,636.65,1009.86,927.63,609.1,727.93,1015.27,1215.81,1283.69,1425.91,1087,888.75,529.47,698.51,694.03,623.13,796.12,1042.61,635.61,1141.48,858.5,759.22,832.51,929.19,821.7,761.4,565.54,801.43,871.91,1006.95,770.24,615.44,694.55,599.85,504.21,0,0,115.6,107.7,106.77,156.98,171.53,196.07,134.42,182.66,197.21,242.95,226.63,124.02,228.4,0,0,0,15.18,200.54,136.29,198.77,227.98,196.28,311.36,266.86,333.29,349.41,448.27,411.16,407.11,314.58,388.29,0,0,0,0,118.93,189.1,174.03,263.95,255.12,404.92,322.38,560.76,0,,,,,,,101,,12052411.8,,579,,
0.25,0,16.63,71.73,99.7,106.87,93.46,111.03,130.89,110.82,138.68,121.22,126.93,125.38,124.34,140.97,175.8,119.76,183.28,154.8,166.44,194.09,181.2,153.24,217.9,179.43,141.59,118.72,189.73,197.94,238.28,248.57,152.51,259.9,290.67,293.79,263.12,267.8,274.87,279.24,265.72,300.65,239.63,241.91,273.1,447.23,499.42,361.16,475.62,344,375.61,326.12,376.75,336.21,319.16,325.29,274.66,362.4,306.27,269.05,285.37,351.07,381.74,341.2,289.42,224.03,273.83,613.67,479.15,345.98,319.05,297.43,395.88,487.05,383.09,260.32,436.11,315,399.41,397.44,521.67,383.61,524.27,357,504,448.17,675.11,592.78,463.45,416.05,326.54,533.63,398.79,614.19,716.39,535.29,549.32,608.48,582.59,408.46,547.87,403.99,320.51,519.49,602.86,430.91,533.11,636.13,881.79,860.99,787.81,840.62,681.14,604.73,977.12,644.45,707.76,813.28,712.23,557.43,579.47,784.9,755.06,595.69,563.98,482.79,533.73,504.41,680.73,940,411.58,453.99,514.08,531.55,640.39,458.77,644.13,550.05,955.91,700.48,941.15,805.58,630.1,644.45,622.41,560.45,571.36,533,582.17,610.24,689.15,570.74,586.64,608.06,648.71,668.88,653.49,710.56,584.67,830.01,1185.35,1107.59,663.68,523.23,561.9,1104.99,1237.22,922.23,826.38,715.97,696.32,755.37,752.36,725.01,604.63,1058.93,858.29,1082.43,792.48,712.02,561.49,672.62,625.42,757.03,844.26,746.33,741.23,859.54,720.13,636.65,1009.86,927.63,609.1,727.93,1015.27,1209.05,1283.69,1425.91,1087,888.75,529.47,698.51,694.03,623.13,796.12,1042.61,635.61,1141.48,858.5,756.2,832.51,929.19,821.7,761.4,565.54,797.27,871.91,1002.8,770.24,615.44,694.55,599.85,504.21,0,0,115.6,107.7,106.77,156.98,171.53,196.07,134.42,182.66,190.45,242.95,226.63,124.02,228.4,0,0,0,15.18,200.54,136.29,194.92,227.98,196.28,311.36,266.86,333.29,349.41,448.27,411.16,407.11,314.58,388.29,0,0,0,0,118.93,189.1,174.03,263.95,255.12,404.92,322.38,560.76,0,,,,,,,102,,11250809.6,,578.75,,
0.25,0,16.63,71.73,99.7,106.87,93.46,111.03,130.89,108.43,138.68,121.22,126.93,125.38,124.34,140.97,175.8,117.16,183.28,154.8,166.44,190.04,181.2,148.66,217.9,179.43,141.59,118.72,189.73,197.94,229.85,240.77,152.51,259.9,290.67,293.79,257.82,267.8,274.87,279.24,265.72,300.65,239.63,241.91,273.1,447.23,499.42,361.16,475.62,344,375.61,319.05,376.75,336.21,314.79,325.29,268.11,362.4,306.27,269.05,285.37,344.73,381.74,341.2,289.42,224.03,264.47,613.67,479.15,345.98,319.05,297.43,395.88,487.05,383.09,260.32,436.11,315,399.41,397.44,521.67,383.61,524.27,357,504,448.17,675.11,592.78,463.45,416.05,326.54,533.63,398.79,614.19,716.39,535.29,549.32,608.48,582.59,408.46,547.87,396.81,320.51,519.49,602.86,420.93,522.5,636.13,881.79,860.99,780.84,840.62,681.14,604.73,977.12,644.45,707.76,813.28,712.23,557.43,572.71,784.9,749.03,595.69,563.98,482.79,533.73,504.41,674.07,940,411.58,444.22,514.08,531.55,640.39,458.77,644.13,550.05,955.91,700.48,941.15,798.93,630.1,644.45,622.41,560.45,571.36,533,582.17,610.24,689.15,570.74,586.64,598.7,648.71,668.88,653.49,710.56,584.67,830.01,1185.35,1107.59,657.34,523.23,561.9,1104.99,1222.05,922.23,826.38,715.97,691.75,755.37,747.47,718.67,604.63,1058.93,858.29,1082.43,792.48,712.02,555.35,672.62,625.42,757.03,844.26,746.33,741.23,859.54,715.66,636.65,1009.86,927.63,609.1,727.93,1009.14,1209.05,1276.73,1425.91,1087,888.75,529.47,698.51,694.03,623.13,796.12,1042.61,635.61,1141.48,858.5,756.2,832.51,929.19,821.7,761.4,565.54,797.27,871.91,1002.8,770.24,615.44,690.5,599.85,504.21,0,0,115.6,107.7,106.77,156.98,165.3,196.07,134.42,180.68,190.45,242.95,223.1,123.5,228.4,0,0,0,15.18,197.84,136.29,189.31,218.63,196.28,311.36,266.86,333.29,338.08,448.27,403.57,403.99,314.58,388.29,0,0,0,0,118.93,189.1,170.81,263.95,255.12,404.92,322.38,560.76,0,,,,,,,103,,10190375.4,,578.5,,
0.25,0,16.63,71.73,99.7,102.5,93.46,111.03,130.89,108.43,125.58,114.36,123.61,125.38,124.34,140.97,175.8,117.16,183.28,154.8,166.44,190.04,181.2,148.66,217.9,179.43,141.59,118.72,183.49,190.77,229.85,240.77,152.51,259.9,290.67,293.79,257.82,267.8,274.87,279.24,265.72,290.98,239.63,241.91,273.1,447.23,499.42,361.16,475.62,339.12,375.61,319.05,376.75,336.21,314.79,325.29,268.11,362.4,306.27,269.05,285.37,344.73,381.74,341.2,289.42,224.03,264.47,613.67,479.15,345.98,319.05,297.43,395.88,487.05,383.09,260.32,433.93,315,392.97,397.44,511.38,383.61,524.27,347.54,504,448.17,661.6,592.78,463.45,416.05,320.09,524.06,398.79,614.19,716.39,524.68,549.32,608.48,582.59,408.46,547.87,396.81,320.51,516.37,602.86,420.93,522.5,632.91,881.79,860.99,780.84,832.41,681.14,604.73,977.12,644.45,707.76,813.28,692.16,550.99,568.97,784.9,749.03,595.69,561.17,482.79,533.73,504.41,674.07,935.22,411.58,444.22,509.51,531.55,631.97,458.77,644.13,550.05,955.91,700.48,941.15,798.93,630.1,625.53,619.81,560.45,571.36,533,577.91,610.24,689.15,570.74,586.64,598.7,648.71,655.26,653.49,710.56,584.25,830.01,1185.35,1107.59,657.34,523.23,561.9,1104.99,1222.05,922.23,821.28,715.97,684.99,755.37,747.47,718.67,604.63,1058.93,852.89,1082.43,786.87,701.1,555.35,672.62,620.12,757.03,844.26,746.33,734.37,859.54,715.66,636.65,1009.86,927.63,605.36,722.52,1009.14,1209.05,1276.73,1425.91,1087,888.75,529.47,698.51,686.65,623.13,796.12,1042.61,635.61,1141.48,857.36,756.2,832.51,929.19,821.7,761.4,565.54,797.27,867.23,1002.8,770.24,615.44,690.5,599.85,504.21,0,0,115.6,107.7,106.77,156.98,165.3,196.07,134.42,180.68,190.45,242.95,217.07,123.5,228.4,0,0,0,9.46,197.84,136.29,189.31,218.63,196.28,311.36,266.86,333.29,338.08,448.27,403.57,403.99,314.58,388.29,0,0,0,0,118.93,179.02,170.81,263.95,255.12,404.92,322.38,560.76,0,,,,,,,104,,9016518.4,,578.25,,
0.25,0,16.63,71.73,99.7,102.5,93.46,111.03,130.89,108.43,125.58,114.36,123.61,116.12,124.34,140.97,167.58,117.16,183.28,154.8,166.44,190.04,181.2,148.66,216.86,179.43,141.59,118.1,183.49,190.77,229.85,240.77,152.51,259.9,290.67,293.79,257.82,267.8,274.87,279.24,257.3,290.98,225.8,241.91,273.1,442.66,499.42,361.16,475.62,339.12,375.61,311.98,376.75,336.21,309.9,325.29,268.11,362.4,306.27,269.05,278.61,344.73,381.74,341.2,289.42,224.03,264.47,613.67,479.15,345.98,318.53,290.15,395.88,487.05,383.09,260.32,433.93,315,392.97,397.44,511.38,383.61,524.27,347.54,504,448.17,661.6,586.12,463.45,416.05,320.09,524.06,398.79,610.45,707.76,524.68,549.32,608.48,582.59,408.46,547.87,396.81,320.51,516.37,602.86,420.93,522.5,632.91,881.79,850.29,780.84,832.41,674.07,604.73,977.12,644.45,707.76,813.28,688.63,550.99,568.97,784.9,749.03,595.69,561.17,482.79,533.73,504.41,674.07,935.22,411.58,444.22,509.51,531.55,631.97,445.99,640.39,550.05,955.91,700.48,941.15,798.93,630.1,625.53,619.81,560.45,571.36,533,577.91,610.24,689.15,570.74,586.64,598.7,648.71,655.26,653.49,710.56,584.25,830.01,1185.35,1107.59,657.34,523.23,561.9,1104.99,1222.05,922.23,815.56,715.97,684.99,755.37,747.47,718.67,604.63,1058.93,852.89,1082.43,786.87,701.1,555.35,672.62,620.12,757.03,844.26,746.33,734.37,851.01,715.66,636.65,1002.69,922.43,605.36,722.52,1009.14,1209.05,1269.76,1419.05,1087,888.75,529.47,698.51,686.65,623.13,796.12,1036.27,635.61,1134.41,857.36,756.2,832.51,929.19,821.7,761.4,565.54,797.27,867.23,1002.8,770.24,615.44,690.5,599.85,504.21,0,0,115.6,107.7,106.77,156.98,165.3,196.07,134.42,180.68,190.45,242.95,217.07,123.5,228.4,0,0,0,9.46,192.12,136.29,189.31,218.63,196.28,311.36,266.86,323.63,338.08,448.27,403.57,403.99,314.58,383.61,0,0,0,0,115.29,179.02,170.81,263.95,255.12,404.92,322.38,560.76,0,,,,,,,105,,8338433.6,,578,,
0.25,0,16.63,71.73,99.7,102.5,93.46,111.03,130.89,108.43,125.58,114.36,123.61,116.12,124.34,134.63,167.58,117.16,183.28,154.8,166.44,190.04,181.2,148.66,216.86,179.43,141.59,111.86,183.49,190.77,229.85,240.77,152.51,259.9,290.67,293.79,257.82,267.8,274.87,279.24,257.3,282.56,225.8,241.91,267.59,436.21,495.47,361.16,475.62,339.12,375.61,306.68,376.75,336.21,309.9,325.29,268.11,362.4,306.27,269.05,278.61,344.73,381.74,341.2,289.42,224.03,264.47,613.67,479.15,345.98,318.53,290.15,395.88,482.06,383.09,260.32,433.93,315,392.97,397.44,511.38,383.61,524.27,347.54,504,448.17,661.6,586.12,455.97,416.05,320.09,524.06,398.79,610.45,707.76,524.68,549.32,608.48,576.35,408.46,542.77,396.81,320.51,516.37,602.86,420.93,522.5,629.48,881.79,850.29,775.33,832.41,664.09,604.73,977.12,644.45,698.19,804.34,688.63,550.99,568.97,784.9,749.03,595.69,561.17,482.79,524.37,504.41,666.9,935.22,411.58,444.22,509.51,531.55,631.97,445.99,629.79,546.31,955.91,700.48,941.15,798.93,630.1,625.53,619.81,552.13,571.36,533,577.91,610.24,689.15,570.74,586.64,598.7,648.71,655.26,653.49,702.56,584.25,823.98,1178.9,1107.59,657.34,523.23,561.9,1104.99,1222.05,914.01,815.56,715.97,684.99,755.37,742.17,718.67,604.63,1058.93,852.89,1082.43,786.87,701.1,555.35,672.62,620.12,757.03,844.26,746.33,734.37,851.01,715.66,636.65,1002.69,922.43,605.36,716.91,1009.14,1209.05,1269.76,1419.05,1068.91,888.75,529.47,698.51,686.65,623.13,796.12,1036.27,635.61,1134.41,857.36,756.2,832.51,929.19,821.7,761.4,565.54,797.27,867.23,1002.8,770.24,615.44,690.5,599.85,504.21,0,0,115.6,107.7,106.77,156.98,165.3,191.91,130.47,180.68,182.35,242.95,217.07,123.5,228.4,0,0,0,9.46,192.12,136.29,189.31,218.63,196.28,311.36,266.86,323.63,338.08,448.27,403.57,403.99,314.58,383.61,0,0,0,0,115.29,179.02,170.81,263.95,255.12,404.92,322.38,560.76,0,,,,,,,106,,7398421,,577.75,,
0.25,0,16.63,63.73,99.7,102.5,93.46,111.03,130.89,105.62,125.58,114.36,123.61,116.12,117.47,124.65,167.58,117.16,183.28,154.8,166.44,190.04,172.78,148.66,214.99,179.43,140.97,111.86,183.49,190.77,229.85,240.77,152.51,259.9,290.67,293.79,257.82,264.99,266.66,279.24,257.3,282.56,225.8,241.91,267.59,436.21,489.75,361.16,470.94,339.12,369.16,306.68,376.75,336.21,309.9,325.29,268.11,359.49,306.27,269.05,273,344.73,381.74,333.71,289.42,224.03,264.47,613.67,479.15,345.98,318.53,290.15,395.88,482.06,383.09,260.32,433.93,308.66,392.97,393.18,511.38,383.61,524.27,344.83,504,448.17,654.74,586.12,455.97,416.05,313.13,524.06,398.79,610.45,707.76,510.55,549.32,608.48,576.35,401.91,542.77,396.81,320.51,516.37,602.86,420.93,522.5,629.48,881.79,850.29,775.33,832.41,664.09,604.73,977.12,644.45,698.19,798.51,688.63,550.99,568.97,784.9,749.03,595.69,561.17,478.01,524.37,504.41,666.9,935.22,411.58,444.22,509.51,531.55,631.97,445.99,629.79,546.31,955.91,700.48,941.15,798.93,624.38,625.53,619.81,552.13,571.36,533,577.91,604.63,689.15,570.74,586.64,592.78,648.71,655.26,645.38,702.56,584.25,823.98,1178.9,1107.59,657.34,523.23,561.9,1104.99,1222.05,914.01,815.56,715.97,684.99,755.37,742.17,718.67,604.63,1058.93,843.22,1082.43,786.87,701.1,555.35,672.62,620.12,749.65,844.26,746.33,734.37,845.82,715.66,636.65,996.45,922.43,605.36,716.91,1009.14,1209.05,1262.8,1419.05,1063.2,882.2,529.47,698.51,686.65,616.79,796.12,1036.27,635.61,1134.41,857.36,756.2,832.51,929.19,821.7,761.4,565.54,797.27,867.23,1002.8,752.77,615.44,690.5,599.85,504.21,0,0,115.6,107.7,106.77,156.98,165.3,191.91,130.47,180.68,182.35,233.81,217.07,123.5,228.4,0,0,0,9.46,192.12,136.29,189.31,218.63,193.16,306.68,266.86,323.63,338.08,448.27,403.57,403.99,314.58,383.61,0,0,0,0,115.29,179.02,170.81,263.95,255.12,404.92,322.38,560.76,0,,,,,,,107,,6507828.8,,577.5,,
0.25,0,16.63,63.73,99.7,102.5,93.46,111.03,130.89,105.62,125.58,114.36,123.61,107.08,117.47,124.65,167.58,117.16,164.26,154.8,166.44,190.04,172.78,148.66,214.99,179.43,140.97,111.86,183.49,190.77,229.85,240.77,152.51,259.9,290.67,293.79,257.82,264.99,266.66,279.24,257.3,282.56,225.8,241.91,267.59,436.21,489.75,357.1,470.94,339.12,369.16,299.61,376.75,330.28,309.9,325.29,264.06,359.49,306.27,269.05,273,344.73,381.74,333.71,289.42,224.03,264.47,613.67,479.15,331.11,318.53,290.15,385.48,482.06,383.09,260.32,433.93,308.66,392.97,393.18,511.38,383.61,524.27,344.83,504,448.17,654.74,586.12,455.97,416.05,307.51,524.06,398.79,610.45,707.76,504.83,549.32,608.48,576.35,401.91,542.77,396.81,320.51,516.37,597.25,420.93,522.5,629.48,881.79,850.29,775.33,832.41,664.09,602.13,977.12,644.45,698.19,798.51,688.63,550.99,568.97,779.39,749.03,595.69,561.17,478.01,515.33,499.01,666.9,935.22,411.58,444.22,509.51,531.55,631.97,445.99,629.79,546.31,955.91,694.45,934.7,798.93,624.38,625.53,619.81,552.13,567.1,533,577.91,604.63,682.18,570.74,586.64,592.78,648.71,649.23,639.87,702.56,584.25,823.98,1178.9,1107.59,657.34,523.23,561.9,1104.99,1220.69,914.01,815.56,715.97,684.99,755.37,742.17,718.67,604.63,1058.93,843.22,1082.43,786.87,701.1,555.35,672.62,620.12,749.65,832.2,746.33,734.37,845.82,715.66,636.65,996.45,922.43,605.36,716.91,1009.14,1209.05,1262.8,1419.05,1063.2,881.79,529.47,691.85,686.65,616.79,790.2,1036.27,628.64,1134.41,857.36,756.2,832.51,925.45,821.7,761.4,565.54,797.27,867.23,1002.8,752.77,607.64,684.78,599.85,504.21,0,0,115.6,107.7,106.77,156.98,165.3,191.91,130.47,180.68,182.35,233.81,217.07,123.5,224.97,0,0,0,7.28,192.12,136.29,189.31,218.63,193.16,306.68,266.86,323.63,338.08,448.27,403.57,403.99,314.58,383.61,0,0,0,0,115.29,179.02,170.81,263.95,255.12,404.92,322.38,560.76,0,,,,,,,108,,5786159.2,,577.25,,
0.25,0,16.63,63.73,99.7,102.5,93.46,111.03,122.46,105.62,125.58,114.36,123.61,107.08,117.47,124.65,167.58,111.13,164.26,154.8,166.44,190.04,172.78,148.66,214.99,177.56,140.97,111.86,183.49,190.77,229.85,240.77,152.51,259.9,290.67,293.79,257.82,264.99,266.66,279.24,257.3,274.25,225.8,241.91,267.59,436.21,489.75,357.1,470.94,339.12,369.16,299.61,376.75,330.28,304.71,325.29,264.06,359.49,306.27,264.58,273,344.73,381.74,333.71,286.41,224.03,264.47,613.67,479.15,331.11,318.53,290.15,385.48,479.15,377.48,260.32,433.93,308.66,385.48,393.18,511.38,383.61,514.81,344.83,504,448.17,651.2,586.12,455.97,416.05,302,524.06,395.98,610.45,701,504.83,549.32,608.48,576.35,401.91,542.77,396.81,320.51,516.37,597.25,420.93,522.5,629.48,881.79,850.29,775.33,832.41,664.09,602.13,977.12,644.45,698.19,798.51,688.63,550.99,568.97,779.39,749.03,595.69,561.17,478.01,515.33,499.01,666.9,935.22,411.58,436.73,509.51,531.55,631.97,445.99,629.79,546.31,949.67,694.45,934.7,798.93,624.38,625.53,619.81,552.13,567.1,533,571.05,604.63,682.18,570.74,586.64,592.78,648.71,649.23,639.87,702.56,584.25,823.98,1178.9,1107.59,657.34,523.23,561.9,1104.99,1220.69,905.8,815.56,715.97,684.99,748.41,742.17,718.67,604.63,1058.93,843.22,1082.43,786.87,701.1,555.35,672.62,620.12,749.65,832.2,746.33,734.37,845.82,715.66,636.65,996.45,922.43,605.36,716.91,1009.14,1209.05,1262.8,1419.05,1063.2,881.79,529.47,691.85,686.65,616.79,790.2,1036.27,626.77,1134.41,857.36,756.2,827.31,925.45,821.7,761.4,565.54,797.27,867.23,992.4,745.49,607.64,684.78,599.85,504.21,0,0,115.6,104.06,106.77,156.98,165.3,191.91,130.47,180.68,182.35,229.96,217.07,123.5,224.97,0,0,0,0,192.12,134.63,189.31,218.63,193.16,306.68,262.5,318.12,338.08,448.27,403.57,403.99,314.58,383.61,0,0,0,0,115.29,179.02,170.81,263.95,255.12,404.92,322.38,560.76,0,,,,,,,109,,4970047.6,,577,,
0.25,0,16.63,63.73,99.7,102.5,85.56,111.03,122.46,105.62,125.58,106.04,123.61,107.08,117.47,124.65,167.58,111.13,162.39,154.8,158.23,190.04,172.78,148.66,214.99,177.56,135.67,111.86,183.49,190.77,229.85,240.77,152.51,259.9,268.63,285.58,249.19,264.99,266.66,279.24,257.3,274.25,225.8,241.91,267.59,436.21,489.75,357.1,470.94,332.15,369.16,299.61,376.75,330.28,304.71,325.29,264.06,359.49,306.27,264.58,273,344.73,374.88,333.71,286.41,217.9,264.47,613.67,479.15,331.11,318.53,290.15,385.48,473.43,377.48,260.32,433.93,308.66,385.48,393.18,511.38,383.61,514.81,344.83,496.3,448.17,651.2,586.12,455.97,416.05,302,524.06,389.74,610.45,701,493.5,549.32,608.48,576.35,401.91,542.77,390.16,320.51,516.37,597.25,420.93,522.5,629.48,874.92,850.29,775.33,832.41,655.57,602.13,977.12,644.45,698.19,798.51,688.63,550.99,568.97,779.39,749.03,595.69,561.17,474.26,515.33,494.02,662.64,935.22,405.86,436.73,501.4,531.55,623.65,445.99,629.79,546.31,949.67,694.45,934.7,798.93,624.38,625.53,619.81,552.13,567.1,533,571.05,604.63,676.47,570.74,573.65,592.78,648.71,649.23,639.87,702.56,577.39,823.98,1178.9,1107.59,657.34,523.23,561.9,1104.99,1220.69,905.8,815.56,715.97,678.13,748.41,742.17,718.67,598.39,1058.93,843.22,1082.43,786.87,701.1,555.35,672.62,620.12,749.65,832.2,746.33,732.29,845.82,715.66,636.65,996.45,922.43,605.36,716.91,1009.14,1209.05,1262.8,1407.82,1063.2,881.79,529.47,683.64,686.65,616.79,790.2,1036.27,617,1134.41,857.36,752.98,827.31,925.45,816.71,761.4,565.54,797.27,867.23,992.4,745.49,607.64,684.78,599.85,504.21,0,0,115.6,104.06,106.77,156.98,165.3,191.91,130.47,180.68,182.35,229.96,217.07,123.5,224.97,0,0,0,0,192.12,134.63,189.31,212.91,193.16,306.68,262.5,318.12,338.08,448.27,403.57,403.99,314.58,383.61,0,0,0,0,115.29,179.02,170.81,263.95,255.12,404.92,322.38,560.76,0,,,,,,,110,,4198829.6,,576.75,,
0.25,0,16.63,63.73,66.43,102.5,85.56,100.01,122.46,105.62,125.58,106.04,123.61,107.08,117.47,124.65,167.58,111.13,162.39,149.7,158.23,190.04,172.78,148.66,214.99,177.56,135.67,111.86,183.49,190.77,229.85,240.25,152.51,252.31,268.63,285.58,249.19,264.99,266.66,270.81,257.3,274.25,225.8,241.91,267.59,429.46,489.75,357.1,470.94,332.15,369.16,299.61,370.82,330.28,304.71,318.74,262.81,359.49,305.85,264.58,273,344.73,374.88,333.71,286.41,217.9,264.47,613.67,479.15,331.11,318.53,290.15,385.48,473.43,377.48,260.32,433.93,308.66,385.48,393.18,511.38,374.77,514.81,335.79,496.3,448.17,651.2,586.12,455.97,409.91,302,524.06,389.74,610.45,701,493.5,549.32,608.48,576.35,401.91,542.77,390.16,315.41,516.37,597.25,420.93,508.88,629.48,778.03,850.29,762.54,832.41,655.57,602.13,977.12,644.45,698.19,798.51,688.63,550.99,568.97,773.25,746.95,587.37,561.17,474.26,515.33,494.02,662.64,925.03,405.86,436.73,501.4,525,623.65,445.99,629.79,546.31,949.67,694.45,934.7,798.93,624.38,625.53,619.81,552.13,567.1,533,571.05,604.63,676.47,570.74,573.65,592.78,648.71,649.23,639.87,702.56,577.39,823.98,1178.9,1107.59,657.34,523.23,558.47,1104.99,1209.99,905.8,815.56,715.97,678.13,748.41,742.17,718.67,598.39,1056.13,843.22,1076.81,786.87,701.1,553.27,672.62,611.28,749.65,832.2,739.05,732.29,845.82,715.66,636.65,996.45,922.43,605.36,716.91,1009.14,1209.05,1257.18,1407.82,1057.69,881.79,529.47,683.64,686.65,616.79,790.2,1036.27,617,1134.41,857.36,752.98,827.31,925.45,816.71,761.4,565.54,797.27,867.23,992.4,745.49,607.64,678.13,599.85,504.21,0,0,115.6,104.06,106.77,156.98,165.3,191.91,130.47,180.68,182.35,229.96,217.07,123.5,224.97,0,0,0,0,192.12,134.63,189.31,212.91,193.16,301.28,262.5,318.12,338.08,448.27,403.57,403.99,314.58,383.61,0,0,0,0,115.29,179.02,170.81,263.95,249.3,399,322.38,560.76,0,,,,,,,111,,3803842.4,,576.5,,
0.25,0,0,63.73,66.43,102.5,85.56,100.01,122.46,105.62,125.58,106.04,123.61,107.08,117.47,124.65,167.58,111.13,162.39,149.7,158.23,181.51,172.78,148.66,214.99,177.56,135.67,111.86,180.58,190.77,229.85,240.25,152.51,241.91,268.63,285.58,249.19,264.99,266.66,270.81,257.3,274.25,225.8,241.91,267.59,429.46,489.75,357.1,470.94,332.15,362.72,294,370.82,324.35,304.71,318.74,262.81,352.84,301.9,264.58,273,339.32,365.42,333.71,286.41,214.99,264.47,613.67,473.12,331.11,318.53,290.15,385.48,461.79,377.48,260.32,433.93,308.66,385.48,393.18,511.38,374.77,514.81,335.79,496.3,448.17,651.2,572.4,455.97,409.91,296.6,524.06,389.74,610.45,701,484.04,549.32,608.48,576.35,401.91,542.77,390.16,315.41,516.37,597.25,420.93,508.88,629.48,769.72,850.29,762.54,832.41,649.12,602.13,977.12,644.45,698.19,798.51,688.63,550.99,568.97,773.25,741.75,587.37,561.17,474.26,515.33,494.02,662.64,925.03,405.86,436.73,501.4,525,615.03,445.99,629.79,539.55,949.67,683.85,934.7,788.95,624.38,625.53,611.49,552.13,567.1,533,571.05,604.63,676.47,570.74,573.65,592.78,648.71,649.23,639.87,702.56,577.39,823.98,1178.9,1101.04,657.34,523.23,558.47,1104.99,1209.99,905.8,815.56,715.97,678.13,748.41,742.17,718.67,598.39,1056.13,843.22,1076.81,786.87,701.1,553.27,672.62,611.28,749.65,832.2,739.05,732.29,845.82,715.66,636.65,996.45,915.47,605.36,716.91,1009.14,1209.05,1257.18,1407.82,1057.69,881.79,529.47,683.64,686.65,614.09,790.2,1030.03,617,1134.41,857.36,752.98,827.31,922.64,816.71,761.4,565.54,787.39,867.23,992.4,745.49,607.64,678.13,599.85,504.21,0,0,115.6,104.06,105.83,156.98,165.3,191.91,117.37,180.68,182.35,229.96,217.07,123.5,224.97,0,0,0,0,192.12,134.63,189.31,212.91,193.16,301.28,262.5,318.12,338.08,439.02,403.57,403.99,314.58,383.61,0,0,0,0,110.82,179.02,164.36,263.95,249.3,399,322.38,560.76,0,,,,,,,112,,3448965,,576.25,,
0.25,0,0,63.73,66.43,102.5,85.56,100.01,122.46,105.62,125.58,106.04,123.61,107.08,117.47,124.65,167.58,111.13,162.39,149.7,158.23,173.82,172.78,148.66,214.99,177.56,135.67,104.17,180.58,190.77,229.85,240.25,152.51,241.91,268.63,285.58,245.97,264.99,266.66,270.81,257.3,274.25,225.8,241.91,267.59,429.46,489.75,357.1,470.94,332.15,362.72,294,370.82,324.35,304.71,318.74,262.81,352.84,301.9,264.58,273,331.42,365.42,327.06,286.41,214.99,264.47,613.67,467.09,331.11,318.53,290.15,385.48,454.51,377.48,260.32,431.64,308.66,385.48,393.18,511.38,374.77,514.81,335.79,496.3,448.17,651.2,566.89,455.97,409.91,296.6,524.06,389.74,602.76,701,484.04,549.32,608.48,576.35,401.91,542.77,390.16,315.41,516.37,597.25,420.93,508.88,624.59,761.71,850.29,762.54,832.41,645.59,594.13,969.94,644.45,698.19,798.51,685.41,550.99,568.97,773.25,741.75,587.37,561.17,474.26,515.33,494.02,657.65,925.03,405.86,436.73,501.4,525,615.03,445.99,629.79,539.55,949.67,683.85,934.7,788.95,624.38,625.53,611.49,552.13,567.1,533,571.05,604.63,676.47,570.74,573.65,592.78,648.71,649.23,639.87,702.56,573.44,823.98,1178.9,1101.04,657.34,523.23,558.47,1104.99,1209.99,905.8,815.56,715.97,678.13,748.41,742.17,718.67,598.39,1048.95,843.22,1076.81,786.87,701.1,543.92,672.62,611.28,747.26,832.2,739.05,732.29,845.82,715.66,636.65,996.45,915.47,605.36,716.91,1009.14,1209.05,1257.18,1400.86,1057.69,881.79,529.47,683.64,686.65,614.09,790.2,1030.03,617,1134.41,857.36,752.98,827.31,922.64,816.71,761.4,565.54,787.39,867.23,992.4,745.49,607.64,678.13,599.85,504.21,0,0,115.6,104.06,105.83,147.21,158.95,191.91,117.37,180.68,182.35,229.96,210.83,123.5,224.97,0,0,0,0,192.12,134.63,184.84,210.21,193.16,301.28,262.5,318.12,338.08,439.02,403.57,403.99,310.94,383.61,0,0,0,0,110.82,179.02,164.36,263.95,249.3,399,322.38,560.76,0,,,,,,,113,,3074905.2,,576,,
0.25,0,0,63.73,58.11,102.5,85.56,100.01,122.46,105.62,125.58,106.04,123.61,107.08,117.47,124.65,162.9,111.13,162.39,149.7,158.23,173.82,172.78,148.66,214.99,177.56,135.67,104.17,174.24,190.77,228.92,240.25,152.51,241.91,268.63,285.58,245.97,264.99,258.44,270.81,257.3,265.72,225.8,241.91,267.59,429.46,489.75,357.1,470.94,332.15,362.72,294,368.54,318.43,304.71,318.74,262.81,352.84,301.9,264.58,273,331.42,365.42,327.06,286.41,214.99,261.77,613.67,467.09,331.11,318.53,290.15,379.97,450.15,377.48,260.32,431.64,308.66,385.48,393.18,511.38,374.77,514.81,335.79,496.3,445.05,651.2,566.89,455.97,409.91,296.6,524.06,389.74,599.85,701,484.04,549.32,608.48,576.35,401.91,542.77,390.16,315.41,511.38,597.25,420.93,508.88,624.59,761.71,850.29,762.54,832.41,645.59,594.13,962.46,634.57,698.19,797.89,680.52,550.99,562.73,755.27,741.75,587.37,561.17,474.26,515.33,494.02,657.65,925.03,405.86,436.73,501.4,525,611.28,445.99,629.79,539.55,949.67,683.85,934.7,788.95,624.38,625.53,611.49,552.13,567.1,533,571.05,604.63,676.47,570.74,573.65,592.78,648.71,649.23,639.87,697.67,573.44,823.98,1178.9,1101.04,655.67,515.95,558.47,1104.99,1209.99,905.8,808.91,715.97,672.72,748.41,734.79,718.67,598.39,1048.95,843.22,1067.87,786.87,701.1,543.92,672.62,611.28,747.26,832.2,739.05,732.29,845.82,715.66,636.65,996.45,915.47,605.36,716.91,1001.96,1204.06,1251.57,1400.86,1051.24,881.79,524.79,683.64,686.65,614.09,790.2,1030.03,617,1129,857.36,752.98,827.31,917.86,816.71,761.4,565.54,787.39,867.23,992.4,745.49,607.64,678.13,599.85,504.21,0,0,115.6,104.06,105.83,147.21,158.95,191.91,117.37,180.68,177.15,229.96,210.83,123.5,224.97,0,0,0,0,192.12,134.63,184.84,210.21,193.16,301.28,262.5,318.12,338.08,439.02,403.57,403.99,310.94,383.61,0,0,0,0,110.82,179.02,164.36,263.95,249.3,399,314.58,559.2,0,,,,,,,114,,2723556.6,,575.75,,
0.25,0,0,63.73,58.11,102.5,85.56,85.97,122.46,97.2,125.58,106.04,112.69,107.08,117.47,124.65,162.9,110.92,162.39,149.7,153.34,173.82,172.78,148.66,214.99,177.56,135.67,102.09,174.24,190.77,228.92,240.25,152.51,241.91,268.63,285.58,245.97,264.99,258.44,270.81,257.3,265.72,225.8,241.91,267.59,429.46,486.95,357.1,470.94,332.15,362.72,294,368.54,318.43,304.71,311.26,262.81,352.84,301.9,264.58,273,331.42,365.42,327.06,286.41,214.99,261.77,613.67,467.09,331.11,313.96,290.15,379.97,443.7,368.43,260.32,431.64,308.66,382.57,393.18,511.38,369.58,514.81,335.79,496.3,445.05,646.63,566.89,450.87,409.91,296.6,524.06,389.74,599.85,701,475.51,549.32,602.76,576.35,401.91,539.24,390.16,315.41,511.38,597.25,420.93,508.88,624.59,757.14,850.29,762.54,826.27,641.12,594.13,962.46,634.57,686.13,797.89,680.52,550.99,562.73,755.27,741.75,587.37,561.17,474.26,515.33,494.02,657.65,925.03,405.86,436.73,501.4,516.89,611.28,445.99,629.79,539.55,949.67,683.85,934.7,788.95,624.38,625.53,604.84,552.13,567.1,533,571.05,604.63,676.47,568.56,573.65,590.18,648.71,649.23,639.87,692.37,573.44,823.98,1172.87,1101.04,655.67,515.95,558.47,1098.33,1209.99,905.8,808.91,715.97,672.72,748.41,734.79,718.67,598.39,1048.95,843.22,1067.87,786.87,701.1,543.92,658.06,611.28,747.26,832.2,739.05,732.29,845.82,711.29,636.65,993.85,915.47,605.36,710.25,1001.96,1204.06,1251.57,1400.86,1051.24,881.79,524.79,683.64,686.65,614.09,790.2,1030.03,617,1129,857.36,752.98,827.31,917.86,816.71,757.45,565.54,787.39,867.23,992.4,739.78,607.64,678.13,599.85,504.21,0,0,115.6,104.06,105.83,147.21,158.95,177.88,117.37,180.68,177.15,229.96,210.83,123.5,220.6,0,0,0,0,187.54,134.63,184.84,210.21,193.16,301.28,262.5,318.12,338.08,428.83,394.22,403.99,310.94,383.61,0,0,0,0,110.82,179.02,164.36,258.24,249.3,399,314.58,559.2,0,,,,,,,115,,1825319.4,,575.5,,
0.25,0,0,63.73,58.11,96.16,85.56,85.97,122.46,97.2,125.58,106.04,112.69,107.08,109.16,124.65,162.9,110.92,162.39,149.7,153.34,173.82,172.78,148.66,214.99,167.48,135.67,102.09,174.24,190.77,228.92,240.25,152.51,241.91,268.63,285.58,245.97,264.99,258.44,270.81,257.3,265.72,225.8,241.91,267.59,421.66,486.95,357.1,470.94,332.15,362.72,294,368.54,318.43,304.71,311.26,262.81,352.84,301.9,264.58,264.16,331.42,365.42,327.06,286.41,214.99,261.77,613.67,467.09,331.11,313.96,283.91,379.97,437.25,368.43,260.32,431.64,308.66,374.98,393.18,508.36,369.58,514.81,335.79,496.3,445.05,646.63,566.89,450.87,404.72,291.09,521.36,389.74,599.85,701,475.51,527.49,602.76,576.35,401.91,539.24,390.16,315.41,511.38,597.25,420.93,508.88,624.59,757.14,850.29,762.54,826.27,638.31,594.13,962.46,634.57,680.73,791.86,680.52,550.99,562.73,755.27,741.75,587.37,561.17,468.65,515.33,494.02,657.65,918.48,405.86,436.73,501.4,516.89,601.72,445.99,629.79,539.55,949.67,683.85,934.7,788.95,624.38,617.21,604.84,552.13,567.1,526.35,571.05,604.63,676.47,568.56,573.65,590.18,648.71,642.47,639.87,692.37,573.44,823.98,1172.87,1091.99,655.67,515.95,558.47,1098.33,1209.99,900.39,808.91,715.97,672.72,748.41,734.79,712.44,598.39,1048.95,843.22,1067.87,786.87,701.1,543.92,658.06,605.46,747.26,832.2,739.05,732.29,840.2,711.29,636.65,993.85,915.47,605.36,710.25,1001.96,1204.06,1251.57,1400.86,1046.56,881.79,501.92,683.64,686.65,614.09,790.2,1022.03,617,1129,857.36,752.98,827.31,917.86,816.71,757.45,565.54,787.39,862.14,992.4,739.78,607.64,678.13,596.31,504.21,0,0,115.6,104.06,105.83,147.21,158.95,177.88,113.73,180.68,177.15,229.96,210.83,123.5,220.6,0,0,0,0,187.54,134.63,184.84,210.21,193.16,301.28,262.5,318.12,338.08,428.83,394.22,395.36,310.94,383.61,0,0,0,0,110.82,179.02,164.36,258.24,249.3,399,310.42,559.2,0,,,,,,,116,,1273109.6,,575.25,,
0.25,0,0,63.73,58.11,79.32,85.56,85.97,122.46,97.2,125.58,106.04,112.69,107.08,109.16,124.65,162.9,110.92,162.39,149.7,153.34,173.82,172.78,148.66,214.99,167.48,135.67,102.09,174.24,190.77,228.92,240.25,152.51,241.91,268.63,285.58,245.97,264.99,258.44,270.81,257.3,249.19,225.8,241.91,267.59,421.66,486.95,350.97,470.94,332.15,362.72,294,368.54,309.9,299.3,311.26,262.81,352.84,301.9,264.58,264.16,331.42,365.42,327.06,286.41,214.99,261.77,606.71,467.09,326.23,313.96,283.91,379.97,437.25,368.43,260.32,431.64,308.66,374.98,393.18,508.36,369.58,514.81,335.79,496.3,445.05,646.63,566.89,450.87,404.72,291.09,521.36,386.94,599.85,701,471.35,527.49,602.76,569.6,399.41,539.24,390.16,315.41,511.38,597.25,420.93,508.88,616.27,757.14,850.29,757.24,826.27,638.31,588.93,962.46,634.57,680.73,791.86,680.52,547.24,562.73,755.27,741.75,587.37,561.17,468.65,515.33,494.02,657.65,918.48,405.86,436.73,496.72,516.89,601.72,445.99,629.79,529.78,949.67,683.85,934.7,788.95,624.38,617.21,604.84,552.13,567.1,526.35,571.05,604.63,676.47,568.56,573.65,590.18,647.98,642.47,639.87,692.37,573.44,818.68,1172.87,1091.99,655.67,515.95,549.53,1098.33,1201.46,900.39,808.91,715.97,672.72,748.41,734.79,712.44,598.39,1048.95,843.22,1067.87,786.87,701.1,543.92,658.06,605.46,747.26,832.2,739.05,732.29,840.2,711.29,636.65,993.85,915.47,605.36,706.82,1001.96,1198.14,1244.71,1400.86,1046.56,881.79,501.92,683.64,686.65,614.09,790.2,1017.04,617,1129,857.36,752.98,827.31,917.86,816.71,757.45,565.54,787.39,862.14,984.6,739.78,607.64,678.13,596.31,504.21,0,0,115.6,99.91,105.83,147.21,158.95,177.88,113.73,180.68,177.15,229.96,210.83,123.5,220.6,0,0,0,0,187.54,134.63,184.84,210.21,193.16,301.28,260,318.12,338.08,428.83,394.22,395.36,306.79,383.61,0,0,0,0,104.79,179.02,164.36,258.24,249.3,399,310.42,559.2,0,,,,,,,117,,990704.8,,575,,
0.25,0,0,63.73,58.11,79.32,85.56,85.97,122.46,97.2,125.58,106.04,112.69,99.59,109.16,114.36,162.9,110.92,162.39,149.7,153.34,173.82,172.78,148.66,214.99,167.48,135.67,101.78,174.24,190.77,228.92,231.41,152.51,241.91,268.63,285.58,245.97,264.99,258.44,270.81,257.3,249.19,225.8,241.91,267.59,421.66,486.95,350.97,470.94,332.15,362.72,294,368.54,309.9,296.18,311.26,257.2,352.84,301.9,256.78,264.16,331.42,365.42,327.06,286.41,214.99,261.77,606.71,467.09,320.3,313.96,283.91,379.97,437.25,368.43,260.32,431.64,308.66,374.98,393.18,508.36,369.58,514.81,335.79,496.3,445.05,646.63,566.89,450.87,404.72,291.09,521.36,386.94,599.85,701,463.35,527.49,602.76,564.4,399.41,539.24,390.16,315.41,511.38,597.25,410.33,508.88,616.27,757.14,843.42,757.24,826.27,638.31,588.93,962.46,634.57,680.73,791.86,680.52,547.24,562.73,755.27,741.75,582.28,561.17,468.65,509.3,494.02,647.88,918.48,405.86,436.73,496.72,516.89,601.72,445.99,629.79,529.78,943.75,683.85,934.7,788.95,624.38,617.21,604.84,552.13,567.1,526.35,571.05,604.63,676.47,568.56,573.65,590.18,647.98,642.47,639.87,692.37,573.44,818.68,1167.36,1091.99,655.67,515.95,549.53,1089.19,1201.46,900.39,808.91,705.78,667.42,741.44,734.79,712.44,598.39,1048.95,843.22,1067.87,786.87,701.1,543.92,656.09,605.46,747.26,832.2,739.05,732.29,840.2,711.29,636.65,993.85,915.47,605.36,706.82,1001.96,1198.14,1244.71,1400.86,1046.56,881.79,501.92,683.64,686.65,614.09,790.2,1017.04,584.77,1129,857.36,749.65,820.45,917.86,816.71,757.45,565.54,787.39,862.14,984.6,739.78,607.64,678.13,596.31,504.21,0,0,115.6,99.91,105.83,147.21,158.95,177.88,113.73,180.68,177.15,229.96,210.83,116.95,220.6,0,0,0,0,182.24,134.63,184.84,210.21,193.16,301.28,260,318.12,321.34,428.83,394.22,395.36,306.79,383.61,0,0,0,0,104.79,179.02,164.36,258.24,249.3,393.59,310.42,559.2,0,,,,,,,118,,809426.2,,574.75,,
0.25,0,0,55.83,58.11,79.32,85.56,85.97,122.46,97.2,125.58,106.04,112.69,99.59,109.16,114.36,154.59,110.92,162.39,149.7,153.34,169.97,164.46,148.66,214.99,167.48,135.67,101.78,174.24,190.77,220.39,231.41,152.51,241.91,268.63,285.58,245.97,264.99,258.44,270.81,247.53,249.19,225.8,241.91,260.21,421.66,486.95,350.97,470.94,332.15,362.72,294,368.54,309.9,296.18,311.26,257.2,352.84,301.9,256.78,258.24,330.38,365.42,327.06,286.41,214.99,261.77,606.71,467.09,320.3,313.96,283.91,379.97,431.95,368.43,260.32,431.64,308.66,374.98,380.18,508.36,369.58,514.81,335.79,496.3,445.05,646.63,561.8,444.84,404.72,291.09,512.31,386.94,599.85,701,463.35,527.49,602.76,564.4,399.41,533,390.16,315.41,511.38,597.25,410.33,503.68,605.67,757.14,843.42,757.24,822.84,638.31,588.93,962.46,634.57,680.73,791.86,680.52,547.24,557.22,755.27,741.75,582.28,561.17,468.65,509.3,494.02,647.88,918.48,405.86,436.73,496.72,516.89,597.56,445.99,623.97,529.78,943.75,683.85,934.7,788.95,624.38,617.21,604.84,552.13,567.1,526.35,571.05,604.63,676.47,568.56,573.65,590.18,647.98,642.47,639.87,692.37,573.44,818.68,1167.36,1091.99,655.67,515.95,537.16,1089.19,1201.46,900.39,802.36,705.78,667.42,741.44,734.79,712.44,598.39,1048.95,836.77,1067.87,786.87,701.1,543.92,656.09,605.46,744.56,832.2,739.05,732.29,840.2,711.29,636.65,993.85,911,600.16,706.82,1001.96,1198.14,1244.71,1398.78,1035.33,881.79,501.92,683.64,686.65,614.09,790.2,1017.04,584.77,1129,853.51,749.65,820.45,917.86,816.71,757.45,565.54,787.39,854.86,984.6,739.78,594.96,678.13,596.31,504.21,0,0,100.63,99.91,105.83,147.21,158.95,177.88,113.73,175.28,159.16,229.96,210.83,116.95,216.13,0,0,0,0,182.24,134.63,184.84,210.21,186.19,293.17,260,318.12,321.34,428.83,394.22,395.36,306.79,383.61,0,0,0,0,104.79,179.02,164.36,258.24,249.3,393.59,310.42,559.2,0,,,,,,,119,,593399.4,,574.5,,
0.25,0,0,55.83,58.11,79.32,85.56,85.97,122.46,97.2,125.58,106.04,112.69,99.59,109.16,114.36,154.59,110.92,162.39,149.7,153.34,169.97,164.46,136.91,214.99,167.48,135.67,101.78,174.24,190.77,220.39,231.41,150.33,241.91,268.63,277.05,245.97,264.99,258.44,270.81,247.53,249.19,225.8,236.61,256.36,421.66,481.33,350.97,470.94,332.15,362.72,282.25,368.54,309.9,296.18,311.26,257.2,347.23,301.79,256.05,258.24,330.38,359.8,327.06,286.41,214.99,261.77,606.71,467.09,320.3,313.96,283.91,379.97,431.95,368.43,260.32,431.64,305.43,374.98,380.18,508.36,369.58,514.81,335.79,496.3,445.05,633.74,555.14,444.84,404.72,291.09,512.31,386.94,599.85,701,456.49,527.49,602.76,564.4,399.41,533,383.61,315.41,511.38,597.25,410.33,503.68,605.67,748.72,843.42,757.24,822.84,638.31,588.93,962.46,634.57,680.73,784.9,680.52,537.26,557.22,742.69,735.93,576.77,561.17,468.65,509.3,494.02,647.88,918.48,394.22,436.73,496.72,516.89,597.56,440.37,623.97,529.78,943.75,683.85,934.7,788.95,617.62,617.21,604.84,552.13,567.1,526.35,571.05,604.63,676.47,568.56,573.65,590.18,647.98,642.47,639.87,692.37,573.44,818.68,1167.36,1091.99,655.67,515.95,537.16,1089.19,1192.94,895.61,802.36,705.78,667.42,741.44,729.9,712.44,598.39,1048.95,836.77,1067.87,786.87,694.14,543.92,656.09,605.46,744.56,832.2,739.05,732.29,840.2,711.29,636.65,993.85,911,600.16,706.82,1001.96,1198.14,1237.85,1398.78,1035.33,881.79,501.92,683.64,686.65,614.09,790.2,1017.04,581.03,1129,841.35,747.26,820.45,917.86,816.71,757.45,565.54,787.39,854.86,984.6,739.78,594.96,678.13,596.31,504.21,0,0,100.63,99.91,105.83,147.21,158.95,177.88,113.73,175.28,155.63,223.41,210.83,116.95,216.13,0,0,0,0,182.24,134.63,178.19,210.21,186.19,293.17,260,318.12,321.34,428.83,394.22,395.36,306.79,383.61,0,0,0,0,104.79,179.02,164.36,258.24,249.3,393.59,310.42,559.2,0,,,,,,,120,,362903.6,,574.25,,
0.25,0,0,47.51,58.11,79.32,85.56,85.97,122.46,97.2,125.58,106.04,112.69,99.59,100.01,114.36,154.59,110.92,162.39,141.28,153.34,169.97,164.46,136.91,214.99,167.48,135.67,101.78,174.24,182.35,220.39,231.41,150.33,241.91,268.63,277.05,245.97,264.99,258.44,270.81,239.32,240.87,225.8,236.61,256.36,421.66,481.33,350.97,470.94,332.15,362.72,282.25,362.72,309.9,296.18,311.26,257.2,347.23,301.79,256.05,258.24,330.38,359.8,327.06,282.35,214.99,261.77,606.71,462,320.3,313.96,283.91,379.97,431.95,368.43,260.32,431.64,305.43,374.98,380.18,508.36,369.58,514.81,335.79,496.3,445.05,633.74,555.14,444.84,404.72,287.03,512.31,386.94,599.85,701,456.49,527.49,589.87,564.4,399.41,533,382.16,315.41,511.38,597.25,410.33,503.68,605.67,748.72,843.42,757.24,822.84,638.31,588.93,957.99,634.57,680.73,784.9,673.66,537.26,557.22,742.69,735.93,576.77,561.17,468.65,509.3,494.02,647.88,915.26,394.22,436.73,496.72,516.89,595.07,434.86,623.97,529.78,943.75,683.85,934.7,788.95,607.12,617.21,604.84,545.89,561.28,526.35,571.05,597.56,676.47,568.56,573.65,590.18,647.98,642.47,639.87,692.37,573.44,818.68,1167.36,1086.9,651.2,515.95,537.16,1089.19,1192.94,895.61,802.36,705.78,667.42,741.44,729.9,712.44,590.8,1045.42,836.77,1062.26,786.87,681.14,539.13,656.09,605.46,744.56,832.2,731.98,732.29,840.2,711.29,636.65,993.85,911,589.87,706.82,1001.96,1198.14,1237.85,1398.78,1035.33,881.79,501.92,683.64,686.65,614.09,790.2,1017.04,581.03,1129,841.35,747.26,820.45,917.86,811.41,757.45,565.54,781.46,854.86,984.6,732.5,588.83,678.13,596.31,504.21,0,0,100.63,99.91,105.83,142.63,153.86,177.88,113.73,175.28,155.63,223.41,210.83,116.95,216.13,0,0,0,0,172.16,134.63,174.44,203.76,186.19,293.17,260,318.12,321.34,428.83,394.22,395.36,306.79,383.61,0,0,0,0,104.79,179.02,164.36,258.24,249.3,393.59,310.42,559.2,0,,,,,,,121,,216302.4,,574,,
0.25,0,0,47.51,58.11,79.32,85.56,85.97,122.46,97.2,125.58,106.04,112.69,99.59,100.01,114.36,154.59,110.92,162.39,141.28,153.34,169.97,164.46,136.91,214.99,167.48,135.67,101.78,174.24,182.35,220.39,231.41,150.33,241.91,268.63,277.05,241.08,264.99,258.44,270.81,239.32,240.87,225.8,236.61,256.36,421.66,475.51,350.97,470.94,332.15,356.37,282.25,362.72,306.06,296.18,311.26,257.2,347.23,301.79,256.05,258.24,330.38,359.8,327.06,282.35,214.99,261.77,606.71,462,320.3,313.96,283.91,379.97,429.04,361.36,254.49,431.64,305.43,368.64,380.18,508.36,369.58,514.81,330.9,496.3,445.05,633.74,555.14,444.84,404.72,287.03,512.31,382.16,599.85,701,456.49,527.49,589.87,564.4,399.41,533,382.16,315.41,511.38,597.25,410.33,503.68,605.67,748.72,843.42,750.28,822.84,638.31,588.93,957.99,634.57,680.73,784.9,670.12,537.26,557.22,742.69,735.93,576.77,561.17,468.65,509.3,494.02,647.88,915.26,394.22,436.73,496.72,516.89,595.07,434.86,623.97,529.78,937.92,683.85,934.7,786.25,607.12,617.21,598.29,545.89,561.28,526.35,560.97,597.56,676.47,568.56,573.65,581.55,636.13,642.47,639.87,686.24,573.44,818.68,1167.36,1086.9,651.2,515.95,537.16,1089.19,1187.32,895.61,802.36,705.78,667.42,741.44,729.9,712.44,590.8,1045.42,836.77,1062.26,786.87,681.14,539.13,656.09,605.46,732.71,832.2,731.98,732.29,840.2,711.29,636.65,993.85,911,589.87,706.82,1001.96,1198.14,1237.85,1398.78,1035.33,881.79,501.92,683.64,686.65,608.68,781.78,1009.45,581.03,1129,841.35,747.26,820.45,917.86,811.41,757.45,565.54,781.46,854.86,984.6,732.5,588.83,678.13,596.31,504.21,0,0,100.63,94.4,105.83,142.63,153.86,177.88,113.73,175.28,155.63,223.41,210.83,116.95,216.13,0,0,0,0,172.16,126.1,174.44,203.76,186.19,293.17,260,318.12,321.34,428.83,394.22,395.36,306.79,383.61,0,0,0,0,104.79,179.02,164.36,258.24,249.3,388.91,310.42,559.2,0,,,,,,,122,,128714.4,,573.75,,
0.25,0,0,47.51,49.8,79.32,85.56,85.97,115.29,97.2,125.58,106.04,112.69,99.59,100.01,114.36,154.59,110.92,162.39,141.28,153.34,169.97,164.46,136.91,214.99,167.48,135.67,101.78,171.12,182.35,220.39,231.41,150.33,241.91,268.63,277.05,241.08,264.99,258.44,270.81,239.32,240.87,225.8,236.61,256.36,416.98,475.51,350.97,457.63,332.15,356.37,282.25,362.72,306.06,296.18,311.26,257.2,347.23,301.79,256.05,258.24,330.38,359.8,327.06,282.35,214.99,261.77,599.54,462,320.3,313.96,283.91,379.97,429.04,361.36,254.49,431.64,305.43,368.64,380.18,508.36,369.58,514.81,317.18,487.57,443.39,633.74,555.14,444.84,404.72,287.03,512.31,382.16,598.91,696.63,450.35,518.97,589.87,564.4,399.41,533,382.16,315.41,505.04,597.25,408.25,502.44,605.67,748.72,843.42,750.28,822.84,638.31,583.63,957.99,634.57,680.73,782.19,670.12,537.26,557.22,742.69,735.93,576.77,561.17,468.65,506.8,490.27,647.88,915.26,389.43,429.35,496.72,516.89,587.06,434.86,623.97,529.78,937.92,683.85,934.7,786.25,607.12,617.21,598.29,545.89,561.28,526.35,556.81,597.56,676.47,568.56,565.96,581.55,636.13,636.65,639.87,686.24,570.63,818.68,1160.92,1081.49,651.2,515.95,537.16,1089.19,1187.32,895.61,802.36,705.78,667.42,741.44,729.9,712.44,590.8,1045.42,836.77,1062.26,778.14,681.14,539.13,656.09,605.46,732.71,832.2,731.98,732.29,840.2,711.29,622.3,982.21,904.76,589.87,706.82,991.67,1191.69,1237.85,1391.92,1029.72,881.79,501.92,683.64,686.65,603.9,781.78,1009.45,581.03,1129,841.35,747.26,820.45,917.86,811.41,757.45,565.54,781.46,854.86,978.16,732.5,588.83,672.93,596.31,504.21,0,0,100.63,94.4,105.83,142.63,153.86,177.88,113.73,175.28,155.63,223.41,210.83,116.95,211.77,0,0,0,0,172.16,126.1,174.44,203.76,186.19,293.17,260,318.12,321.34,428.83,394.22,395.36,305.75,374.36,0,0,0,0,104.79,179.02,164.36,258.24,249.3,388.91,310.42,549.12,0,,,,,,,123,,47050.4,,573.5,,
0.25,0,0,47.51,49.8,79.32,85.56,85.97,115.29,97.2,125.58,97.62,112.69,99.59,100.01,107.91,149.39,110.92,162.39,133.07,153.34,169.97,164.46,136.91,214.99,167.48,135.67,101.78,171.12,182.35,220.39,227.78,150.33,241.91,268.63,277.05,241.08,264.99,258.44,270.81,239.32,240.87,225.8,236.61,256.36,416.98,475.51,350.97,451.39,332.15,356.37,282.25,362.72,306.06,296.18,311.26,257.2,347.23,301.79,256.05,258.24,330.38,359.8,327.06,282.35,214.99,261.77,599.54,462,320.3,313.96,283.91,379.97,429.04,361.36,254.49,431.64,305.43,368.64,380.18,508.36,369.58,514.81,317.18,480.71,443.39,633.74,555.14,436.94,404.72,287.03,512.31,376.02,598.91,696.63,450.35,518.97,589.87,564.4,394.42,533,382.16,315.41,505.04,597.25,408.25,495.78,602.97,748.72,843.42,744.77,822.84,638.31,583.63,957.99,634.57,680.73,782.19,670.12,537.26,557.22,736.66,735.93,576.77,561.17,458.46,506.8,484.97,642.37,915.26,389.43,429.35,496.72,516.89,587.06,434.86,623.97,529.78,937.92,680,928.78,786.25,607.12,617.21,598.29,545.89,561.28,526.35,556.81,597.56,670.23,568.56,565.96,581.55,636.13,636.65,639.87,686.24,570.63,818.68,1160.92,1081.49,651.2,515.95,537.16,1089.19,1187.32,895.61,795.92,705.78,656.82,741.44,729.9,712.44,590.8,1045.42,836.77,1062.26,778.14,681.14,539.13,652.87,605.46,732.71,832.2,731.98,732.29,840.2,711.29,622.3,982.21,904.76,589.87,706.82,991.67,1191.69,1223.09,1391.92,1023.9,881.79,501.92,683.64,686.65,603.9,781.78,1009.45,581.03,1129,841.35,747.26,820.45,909.75,811.41,757.45,565.54,781.46,854.86,978.16,732.5,588.83,672.93,596.31,504.21,0,0,100.63,94.4,105.83,142.63,145.75,177.88,113.73,172.16,150.74,223.41,210.83,116.95,211.77,0,0,0,0,172.16,126.1,174.44,203.76,182.76,293.17,260,318.12,321.34,428.83,394.22,395.36,305.75,374.36,0,0,0,0,104.79,179.02,164.36,258.24,249.3,388.91,310.42,549.12,0,,,,,,,124,,47050.4,,573.25,,
0.25,0,0,47.51,24.95,79.32,85.56,85.97,115.29,97.2,125.58,97.62,107.39,92,100.01,107.91,149.39,110.92,162.39,133.07,153.34,169.97,164.46,136.91,214.99,167.48,135.67,101.78,171.12,182.35,220.39,227.78,150.33,241.91,268.63,277.05,236.51,264.99,258.44,270.81,239.32,240.87,225.8,236.61,256.36,416.98,475.51,350.97,451.39,327.37,351.28,282.25,362.72,306.06,296.18,311.26,257.2,347.23,301.79,256.05,258.24,323.83,352.74,327.06,282.35,210.93,261.77,599.54,462,315.41,313.96,283.91,379.97,423.22,354.81,254.49,431.64,305.43,368.64,380.18,508.36,369.58,509.4,317.18,480.71,443.39,633.74,555.14,436.94,404.72,287.03,512.31,376.02,598.91,696.63,450.35,518.97,589.87,564.4,394.42,533,382.16,315.41,505.04,597.25,408.25,495.78,602.97,743.42,843.42,744.77,822.84,638.31,583.63,957.99,634.57,672.52,782.19,670.12,537.26,557.22,736.66,735.93,576.77,547.24,458.46,506.8,484.97,642.37,915.26,389.43,429.35,496.72,516.89,587.06,434.86,623.97,529.78,937.92,680,928.78,786.25,607.12,607.85,598.29,545.89,561.28,526.35,556.81,597.56,670.23,568.56,565.96,574.38,636.13,636.65,628.64,686.24,570.63,818.68,1160.92,1081.49,651.2,515.95,537.16,1089.19,1187.32,889.06,795.92,705.78,656.82,741.44,729.9,712.44,590.8,1041.47,836.77,1062.26,778.14,681.14,539.13,652.87,605.46,732.71,826.9,731.98,732.29,826.27,711.29,622.3,972.33,904.76,589.87,706.82,991.67,1191.69,1223.09,1391.92,1006.85,880.12,501.92,683.64,676.15,603.9,781.78,1009.45,581.03,1129,841.35,747.26,820.45,909.75,811.41,757.45,558.26,781.46,854.86,978.16,732.5,588.83,672.93,596.31,504.21,0,0,100.63,94.4,105.83,142.63,145.75,171.33,113.73,172.16,150.74,223.41,204.59,116.95,211.77,0,0,0,0,172.16,126.1,174.44,198.04,182.76,293.17,260,318.12,321.34,428.83,394.22,395.36,305.75,374.36,0,0,0,0,104.79,179.02,164.36,258.24,249.3,388.91,310.42,549.12,0,,,,,,,125,,0,,573,,
0.25,0,0,47.51,16.63,79.32,85.56,85.97,115.29,97.2,125.58,97.62,107.39,92,100.01,107.91,140.97,108.74,162.39,133.07,153.34,169.97,164.46,136.91,214.99,167.48,135.67,86.81,164.98,182.35,220.39,227.78,150.33,241.91,268.63,277.05,236.51,248.36,258.44,270.81,239.32,235.99,225.8,236.61,256.36,416.98,475.51,350.97,451.39,327.37,351.28,282.25,353.15,301.48,296.18,311.26,257.2,347.23,301.79,256.05,258.24,323.83,352.74,327.06,282.35,210.93,250.23,599.54,451.6,315.41,313.96,282.25,379.97,423.22,354.81,254.49,431.64,305.43,365.11,380.18,508.36,369.58,509.4,317.18,480.71,443.39,624.8,555.14,436.94,399.31,287.03,501.4,376.02,594.55,689.46,445.88,518.97,589.87,564.4,394.42,526.14,382.16,315.41,496.41,597.25,408.25,495.78,602.97,736.45,836.88,744.77,817.85,638.31,583.63,953.62,634.57,672.52,782.19,670.12,537.26,550.47,736.66,735.93,576.77,547.24,450.98,506.8,484.97,635.3,915.26,389.43,429.35,496.72,510.86,587.06,434.86,623.97,529.78,937.92,680,928.78,786.25,607.12,607.85,598.29,545.89,547.76,526.35,556.81,597.56,670.23,568.56,565.96,574.38,636.13,636.65,628.64,686.24,570.63,818.68,1160.92,1072.34,651.2,515.95,537.16,1089.19,1187.32,889.06,795.92,703.29,656.82,734.48,723.77,712.44,590.8,1041.47,836.77,1062.26,778.14,681.14,539.13,652.87,605.46,732.71,826.9,731.98,732.29,826.27,711.29,622.3,972.33,904.76,589.87,706.82,986.37,1191.69,1223.09,1386.3,1006.85,875.03,501.92,683.64,676.15,603.9,781.78,1009.45,581.03,1129,841.35,744.04,813.17,909.75,807.97,757.45,558.26,781.46,854.86,978.16,732.5,585.6,672.93,596.31,504.21,0,0,100.63,94.4,105.83,142.63,145.75,171.33,113.73,172.16,150.74,223.41,204.59,116.95,211.77,0,0,0,0,172.16,126.1,174.44,198.04,182.76,293.17,260,318.12,321.34,428.83,394.22,395.36,305.75,372.8,0,0,0,0,99.07,179.02,164.36,258.24,249.3,388.91,310.42,549.12,0,,,,,,,126,,,,572.75,,
0.25,0,0,47.51,0,79.32,85.56,85.97,115.29,89.09,116.23,89.51,107.39,92,100.01,107.91,140.97,108.74,162.39,133.07,153.34,169.97,164.46,136.91,214.99,167.48,135.67,86.81,164.98,182.35,220.39,227.78,150.33,241.91,268.63,277.05,236.51,248.36,258.44,254.49,239.32,235.99,225.8,236.61,256.36,416.98,475.51,350.97,451.39,327.37,351.28,282.25,353.15,301.48,296.18,311.26,255.84,347.23,301.79,256.05,258.24,323.83,352.74,327.06,282.35,207.61,250.23,599.54,451.6,312.09,313.96,282.25,379.97,423.22,354.81,254.49,431.64,305.43,365.11,380.18,508.36,369.58,509.4,317.18,480.71,443.39,624.8,535.39,436.94,399.31,287.03,501.4,376.02,594.55,689.46,445.88,518.97,589.87,564.4,394.42,526.14,382.16,315.41,496.41,597.25,408.25,495.78,602.97,736.45,836.88,744.77,817.85,638.31,583.63,949.46,634.57,672.52,782.19,670.12,537.26,550.47,736.66,735.93,576.77,547.24,450.98,506.8,484.97,635.3,908.19,389.43,429.35,496.72,510.86,587.06,434.86,617.94,529.78,937.92,680,928.78,783.44,607.12,607.85,598.29,545.89,547.76,526.35,556.81,597.56,670.23,568.56,565.96,574.38,636.13,636.65,628.64,686.24,570.63,818.68,1160.92,1072.34,651.2,515.95,537.16,1089.19,1187.32,889.06,795.92,703.29,656.82,734.48,723.77,712.44,590.8,1041.47,836.77,1062.26,770.13,681.14,539.13,652.87,601.51,732.71,826.9,731.98,732.29,826.27,711.29,622.3,972.33,904.76,589.87,706.82,986.37,1191.69,1223.09,1386.3,1006.85,875.03,501.92,683.64,676.15,603.9,781.78,1009.45,581.03,1129,841.35,744.04,813.17,909.75,807.97,757.45,558.26,781.46,854.86,978.16,732.5,585.6,657.44,596.31,504.21,0,0,100.63,94.4,105.83,142.63,145.75,171.33,113.73,172.16,150.43,223.41,204.59,116.95,211.77,0,0,0,0,172.16,118.41,174.44,198.04,182.76,293.17,260,311.15,321.34,428.83,394.22,395.36,305.75,372.8,0,0,0,0,99.07,179.02,164.36,258.24,249.3,388.91,310.42,549.12,0,,,,,,,127,,,,572.5,,
0.25,0,0,47.51,0,79.32,85.56,80.36,115.29,89.09,116.23,89.51,107.39,92,100.01,107.91,140.97,108.74,162.39,133.07,153.34,169.97,164.46,136.91,214.99,167.48,135.67,86.81,164.98,182.35,220.39,227.78,150.33,241.91,268.63,277.05,236.51,248.36,258.44,254.49,239.32,235.99,223.41,236.61,256.36,416.98,475.51,350.97,451.39,327.37,351.28,282.25,350.24,301.48,289.74,306.06,255.84,337.66,301.79,256.05,258.24,323.83,352.74,327.06,282.35,207.61,250.23,599.54,451.6,312.09,312.4,282.25,379.97,418.02,354.81,254.49,431.64,305.43,365.11,380.18,506.49,369.58,509.4,317.18,480.71,443.39,624.8,535.39,432.89,399.31,287.03,501.4,376.02,594.55,689.46,445.88,518.97,589.87,564.4,394.42,521.25,376.75,315.41,496.41,597.25,408.25,492.35,602.97,736.45,831.26,744.77,817.85,638.31,583.63,949.46,634.57,672.52,782.19,666.8,537.26,550.47,730.21,728.55,569.8,547.24,450.98,500.05,484.97,635.3,908.19,389.43,429.35,496.72,510.86,587.06,434.86,617.94,529.78,937.92,680,922.64,783.44,607.12,607.85,591.63,545.89,547.76,526.35,556.81,597.56,670.23,568.56,565.96,574.38,632.28,636.65,628.64,686.24,570.63,818.68,1160.92,1072.34,643.3,515.95,537.16,1089.19,1187.32,889.06,795.92,703.29,656.82,734.48,723.77,712.44,590.8,1041.47,836.77,1062.26,770.13,681.14,539.13,652.87,598.7,732.71,826.9,731.98,732.29,826.27,711.29,622.3,972.33,904.76,589.87,706.82,986.37,1191.69,1223.09,1386.3,990.11,875.03,501.92,683.64,676.15,603.9,781.78,998.12,581.03,1121.41,841.35,744.04,813.17,909.75,807.97,757.45,558.26,781.46,854.86,978.16,732.5,585.6,657.44,596.31,504.21,0,0,100.63,94.4,99.59,142.63,145.75,171.33,113.73,172.16,150.43,223.41,204.59,116.95,211.77,0,0,0,0,172.16,118.41,174.44,198.04,182.76,293.17,260,311.15,321.34,425.71,394.22,395.36,305.75,372.8,0,0,0,0,99.07,179.02,159.37,258.24,249.3,383.82,310.42,549.12,0,,,,,,,128,,,,572.25,,
0.25,0,0,47.51,0,79.32,85.56,80.36,115.29,89.09,116.23,89.51,107.39,92,100.01,107.91,140.97,108.74,162.39,133.07,153.34,161.87,164.46,136.91,214.99,167.48,135.67,86.81,164.98,182.35,220.39,227.78,150.33,232.77,268.63,277.05,236.51,248.36,258.44,254.49,239.32,235.99,223.41,236.61,256.36,405.03,475.51,350.97,451.39,327.37,351.28,282.25,350.24,294.93,289.74,306.06,255.84,337.66,301.79,256.05,258.24,323.83,352.74,327.06,282.35,207.61,250.23,599.54,451.6,312.09,305.33,282.25,379.97,407.94,354.81,254.49,431.64,305.43,365.11,380.18,505.14,369.58,509.4,317.18,480.71,443.39,624.8,535.39,432.89,394.11,287.03,501.4,376.02,594.55,689.46,445.88,518.97,589.87,564.4,394.42,521.25,376.75,315.41,496.41,597.25,408.25,492.35,598.08,730.94,831.26,744.77,817.85,625.53,583.63,949.46,634.57,672.52,772.63,658.27,531.03,550.47,730.21,728.55,569.8,547.24,450.98,500.05,484.97,635.3,908.19,389.43,429.35,496.72,510.86,583.01,434.86,617.94,529.78,937.92,680,922.64,783.44,607.12,607.85,583.01,543.61,547.76,526.35,556.81,596.1,670.23,568.56,565.96,574.38,632.28,636.65,628.64,686.24,570.63,808.08,1160.92,1072.34,643.3,515.95,537.16,1089.19,1177.34,889.06,790.72,703.29,656.82,734.48,723.77,707.24,585.5,1030.34,835.32,1062.26,770.13,681.14,539.13,652.87,598.7,732.71,826.9,727.3,732.29,826.27,711.29,622.3,972.33,904.76,589.87,706.82,986.37,1191.69,1223.09,1386.3,990.11,875.03,501.92,683.64,676.15,603.9,781.78,998.12,581.03,1114.55,841.35,744.04,813.17,909.75,807.97,757.45,548.91,781.46,854.86,972.54,732.5,585.6,657.44,596.31,504.21,0,0,100.63,94.4,99.59,142.63,139.72,171.33,109.37,172.16,150.43,223.41,204.59,116.95,211.77,0,0,0,0,172.16,118.41,171.33,198.04,182.76,293.17,260,311.15,319.57,425.71,394.22,395.36,303.15,372.8,0,0,0,0,99.07,175.9,159.37,258.24,249.3,383.82,310.42,549.12,0,,,,,,,129,,,,572,,
0.25,0,0,47.51,0,79.32,74.44,80.36,115.29,89.09,116.23,89.51,107.39,92,100.01,99.8,140.97,108.74,162.39,133.07,153.34,161.87,164.46,136.91,214.99,167.48,135.67,80.57,164.98,182.35,220.39,227.78,150.33,232.77,268.63,277.05,236.51,248.05,258.44,254.49,239.32,235.99,223.41,236.61,256.36,405.03,475.51,344.94,451.39,327.37,351.28,282.25,350.24,294.93,289.74,306.06,255.84,337.66,301.79,256.05,258.24,323.83,347.33,322.38,277.26,207.61,250.23,599.54,446.09,312.09,305.33,282.25,379.97,407.94,354.81,254.18,431.64,305.43,365.11,380.18,505.14,369.58,509.4,317.18,480.71,443.39,624.8,535.39,432.89,394.11,287.03,501.4,376.02,594.55,689.46,445.88,514.08,589.87,564.4,394.42,521.25,376.75,315.41,496.41,597.25,408.25,492.35,598.08,730.94,831.26,734.89,811.93,625.53,578.33,949.46,634.57,672.52,763.17,658.27,531.03,550.47,730.21,728.55,569.8,547.24,450.98,500.05,484.97,635.3,908.19,389.43,429.35,496.72,510.86,583.01,434.86,617.94,520.84,937.92,680,922.64,783.44,607.12,607.85,583.01,543.61,547.76,526.35,556.81,596.1,670.23,568.56,561.28,574.38,632.28,636.65,628.64,686.24,570.63,808.08,1160.92,1072.34,643.3,515.95,537.16,1083.88,1177.34,889.06,784.27,703.29,656.82,723.25,723.77,707.24,585.5,1024.42,835.32,1062.26,770.13,681.14,533.94,652.87,598.7,732.71,820.55,727.3,732.29,826.27,711.29,622.3,972.33,904.76,589.87,706.82,986.37,1191.69,1223.09,1386.3,989.18,875.03,501.92,683.64,676.15,603.9,781.78,998.12,581.03,1114.55,841.35,744.04,813.17,909.75,807.97,757.45,548.91,781.46,846.23,972.54,732.5,585.6,657.44,596.31,504.21,0,0,100.63,94.4,99.59,142.63,139.72,171.33,109.37,172.16,150.43,214.47,204.59,116.95,211.77,0,0,0,0,157.91,118.41,171.33,198.04,182.76,283.39,260,311.15,319.57,425.71,394.22,395.36,303.15,372.8,0,0,0,0,92.73,175.9,159.37,258.24,249.3,383.82,310.42,549.12,0,,,,,,,130,,,,571.75,,
0.25,0,0,47.51,0,73.81,74.44,80.36,115.29,89.09,116.23,89.51,99.07,92,100.01,99.8,140.97,108.74,162.39,133.07,153.34,161.87,164.46,136.91,206.78,167.48,135.67,80.57,164.98,182.35,220.39,227.78,150.33,232.77,268.63,277.05,236.51,248.05,241.91,254.49,239.32,235.99,223.41,236.61,256.36,405.03,471.56,344.94,451.39,327.37,351.28,282.25,350.24,294.93,289.74,306.06,255.84,337.66,298.47,256.05,258.24,323.83,347.33,322.38,277.26,207.61,250.23,599.54,446.09,312.09,305.33,282.25,368.85,407.94,354.81,254.18,426.96,305.43,359.28,380.18,505.14,369.58,507.22,317.18,480.71,443.39,624.8,535.39,432.89,394.11,287.03,501.4,376.02,594.55,689.46,445.88,506.91,589.87,564.4,394.42,521.25,376.75,315.41,496.41,597.25,401.8,492.35,598.08,730.94,831.26,734.89,805.58,625.53,578.33,949.46,627.19,672.52,763.17,658.27,531.03,550.47,730.21,728.55,569.8,547.24,450.98,500.05,484.97,629.27,908.19,389.43,424.16,492.46,510.86,583.01,434.86,617.94,520.84,937.92,680,922.64,783.44,607.12,607.85,583.01,543.61,547.76,518.76,556.81,596.1,670.23,568.56,549.43,574.38,632.28,636.65,628.64,686.24,570.63,808.08,1152.91,1066,643.3,515.95,537.16,1081.18,1177.34,882.62,784.27,703.29,656.82,723.25,723.77,707.24,585.5,1024.42,835.32,1062.26,770.13,681.14,533.94,652.87,598.7,725.43,820.55,727.3,732.29,826.27,711.29,622.3,972.33,904.76,589.87,706.82,986.37,1191.69,1223.09,1380.79,989.18,875.03,489.13,683.64,676.15,603.9,781.78,998.12,581.03,1114.55,841.35,744.04,813.17,909.75,799.24,757.45,548.91,770.76,846.23,972.54,725.43,585.6,657.44,587.79,504.21,0,0,100.63,94.4,99.59,142.63,139.72,171.33,109.37,172.16,146.69,214.47,204.59,116.95,211.77,0,0,0,0,157.91,118.41,171.33,198.04,182.76,283.39,260,301.69,319.57,425.71,384.65,387.56,303.15,372.8,0,0,0,0,92.73,175.9,159.37,258.24,249.3,383.82,310.42,549.12,0,,,,,,,131,,,,571.5,,
0.25,0,0,47.51,0,73.81,74.44,80.36,115.29,89.09,116.23,89.51,99.07,77.03,100.01,99.8,140.97,108.74,162.39,133.07,153.34,161.87,164.46,136.91,206.78,167.48,135.67,80.57,164.98,182.35,220.39,227.78,150.33,232.77,258.76,277.05,236.51,248.05,233.7,254.49,232.35,235.99,223.41,236.61,256.36,401.08,471.56,344.94,451.39,327.37,351.28,282.25,350.24,294.93,289.74,306.06,255.84,337.66,298.47,244.41,258.24,323.83,347.33,316.25,277.26,207.61,250.23,599.54,446.09,312.09,305.33,282.25,368.85,399.21,354.81,254.18,426.96,305.43,359.28,380.18,505.14,369.58,507.22,317.18,476.03,443.39,617.94,535.39,432.89,394.11,282.87,501.4,376.02,594.55,689.46,437.36,506.91,589.87,564.4,394.42,521.25,376.75,310.11,496.41,592.47,401.8,486.12,580.2,730.94,831.26,734.89,805.58,625.53,578.33,949.46,615.75,672.52,763.17,658.27,531.03,550.47,722.1,728.55,569.8,547.24,450.98,500.05,484.97,629.27,908.19,389.43,424.16,492.46,510.86,583.01,434.86,617.94,508.47,937.92,680,922.64,783.44,607.12,607.85,579.78,543.61,547.76,518.76,556.81,596.1,670.23,568.56,549.43,572.82,632.28,629.68,628.64,686.24,570.63,807.66,1152.91,1066,643.3,515.95,537.16,1081.18,1177.34,882.62,784.27,703.29,648.6,723.25,723.77,707.24,577.39,1024.42,835.32,1062.26,770.13,681.14,533.94,652.87,598.7,725.43,820.55,727.3,732.29,826.27,705.37,622.3,972.33,899.56,589.87,699.44,986.37,1191.69,1223.09,1380.79,989.18,875.03,489.13,683.64,676.15,603.9,781.78,995.41,576.35,1114.55,841.35,744.04,813.17,909.75,799.24,757.45,548.91,770.76,846.23,972.54,725.43,585.6,657.44,587.79,504.21,0,0,100.63,94.4,99.59,142.63,139.72,171.33,102.61,172.16,146.69,214.47,204.59,116.95,211.77,0,0,0,0,157.91,118.41,171.33,198.04,182.76,283.39,260,301.69,319.57,425.71,384.65,387.56,303.15,372.8,0,0,0,0,92.73,175.9,159.37,258.24,249.3,383.82,310.42,549.12,0,,,,,,,132,,,,571.25,,
0.25,0,0,47.51,0,73.81,74.44,74.33,115.29,82.75,116.23,89.51,99.07,77.03,100.01,99.8,132.86,108.74,162.39,133.07,153.34,161.87,164.46,136.91,206.78,167.48,135.04,80.57,164.98,173.82,220.39,219.87,150.33,232.77,258.76,272.79,236.51,248.05,233.7,254.49,232.35,225.8,223.41,236.61,256.36,401.08,471.56,344.94,451.39,327.37,348.26,277.88,350.24,288.49,280.9,301.69,255.84,337.66,298.47,244.41,258.24,323.83,341.61,316.25,268.42,207.61,250.23,599.54,446.09,306.89,305.33,282.25,368.85,399.21,354.81,254.18,426.96,305.43,359.28,380.18,505.14,369.58,507.22,312.71,476.03,443.39,617.94,529.05,432.89,394.11,276.53,501.4,376.02,594.55,689.46,437.36,506.91,589.87,560.34,394.42,521.25,376.75,310.11,496.41,592.47,401.8,486.12,580.2,719.71,831.26,734.89,805.58,625.53,578.33,949.46,615.75,672.52,763.17,658.27,531.03,550.47,722.1,728.55,569.8,537.89,450.98,500.05,484.97,629.27,901.85,389.43,424.16,492.46,510.86,574.9,434.86,617.94,508.47,937.92,680,922.64,783.44,607.12,607.85,579.78,543.61,547.76,518.76,556.81,596.1,670.23,568.56,542.36,572.82,632.28,629.68,628.64,686.24,570.63,807.66,1152.91,1066,643.3,515.95,531.75,1081.18,1177.34,882.62,784.27,700.48,648.6,723.25,723.77,702.46,577.39,1024.42,835.32,1062.26,770.13,681.14,533.94,652.87,598.7,725.43,820.55,723.77,732.29,826.27,698.92,622.3,972.33,899.56,585.6,699.44,986.37,1191.69,1223.09,1380.79,989.18,875.03,489.13,683.64,676.15,603.9,781.78,995.41,576.35,1114.55,841.35,744.04,813.17,905.07,799.24,757.45,548.91,770.76,846.23,972.54,725.43,585.6,657.44,587.79,504.21,0,0,100.63,94.4,99.59,136.5,139.72,171.33,102.61,172.16,146.69,214.47,204.59,116.95,203.97,0,0,0,0,157.91,118.41,171.33,198.04,182.76,283.39,260,301.69,313.96,425.71,384.65,387.56,303.15,372.8,0,0,0,0,92.73,175.9,159.37,258.24,243.16,383.82,310.42,549.12,0,,,,,,,133,,,,571,,
0.25,0,0,47.51,0,73.81,74.44,74.33,115.29,82.75,116.23,89.51,99.07,77.03,100.01,99.8,132.86,108.74,162.39,133.07,136.5,161.87,164.46,136.91,206.78,167.48,135.04,80.57,164.98,173.82,220.39,219.87,146.27,232.77,258.76,272.79,236.51,248.05,233.7,254.49,232.35,225.8,223.41,236.61,250.85,401.08,471.56,344.94,451.39,327.37,348.26,277.88,344.21,288.49,280.9,301.69,255.84,337.66,298.47,244.41,256.99,323.83,341.61,316.25,268.42,207.61,250.23,599.54,446.09,306.89,305.33,282.25,368.85,399.21,354.81,254.18,425.82,303.87,349.51,380.18,505.14,369.58,507.22,312.71,476.03,443.39,617.94,529.05,432.89,394.11,276.53,501.4,376.02,591.43,684.16,437.36,506.91,589.87,560.34,394.42,518.03,376.75,310.11,496.41,592.47,401.8,486.12,580.2,719.71,818.79,734.89,799.35,625.53,578.33,949.46,615.75,672.52,763.17,658.27,531.03,544.96,722.1,728.55,569.8,537.89,450.98,500.05,484.97,629.27,895.09,389.43,424.16,492.46,510.86,571.05,434.86,617.94,508.47,937.92,680,922.64,780.63,607.12,607.85,575.83,543.61,547.76,518.76,556.81,596.1,670.23,568.56,542.36,572.82,632.28,629.68,628.64,686.24,570.63,807.66,1152.91,1066,643.3,515.95,531.75,1081.18,1172.77,882.62,784.27,700.48,648.6,723.25,723.77,702.46,577.39,1024.42,835.32,1055.61,770.13,681.14,533.94,652.87,598.7,725.43,820.55,723.77,732.29,822.22,698.92,622.3,972.33,899.56,585.6,699.44,986.37,1185.14,1209.15,1380.79,989.18,875.03,489.13,678.96,676.15,603.9,775.64,988.66,576.35,1114.55,841.35,744.04,807.56,905.07,799.24,757.45,548.91,770.76,846.23,955.18,725.43,576.98,657.44,587.79,504.21,0,0,100.63,94.4,99.59,136.5,139.72,171.33,102.61,172.16,146.69,214.47,202.2,114.04,203.97,0,0,0,0,157.91,118.41,171.33,198.04,182.76,278.61,260,301.69,308.14,422.8,384.65,387.56,303.15,372.8,0,0,0,0,92.73,175.9,159.37,258.24,243.16,383.82,310.42,549.12,0,,,,,,,134,,,,570.75,,
0.25,0,0,39.19,0,73.81,74.44,74.33,115.29,82.75,116.23,89.51,99.07,77.03,100.01,99.8,124.54,96.79,162.39,133.07,136.5,161.87,164.46,136.91,206.78,167.48,135.04,80.57,164.98,173.82,220.39,215.2,146.27,232.77,258.76,260.21,236.51,248.05,233.7,254.49,232.35,225.8,223.41,228.61,250.85,401.08,465.74,344.94,451.39,321.03,348.26,277.88,344.21,285.06,280.9,301.69,255.84,337.66,298.47,244.41,256.99,316.25,341.61,316.25,268.42,207.61,250.23,599.54,446.09,306.89,305.33,282.25,368.85,399.21,349.62,254.18,425.82,303.87,349.51,380.18,505.14,365.63,507.22,312.71,476.03,443.39,617.94,529.05,432.89,394.11,276.53,501.4,376.02,591.43,684.16,437.36,505.14,521.88,560.34,394.42,518.03,376.75,310.11,496.41,592.47,401.8,486.12,580.2,719.71,818.79,734.89,799.35,625.53,578.33,937.2,615.75,660.04,763.17,652.66,531.03,544.96,722.1,721.48,569.8,537.89,450.98,500.05,484.97,629.27,895.09,389.43,424.16,480.19,510.86,571.05,434.86,613.15,508.47,932.73,680,922.64,780.63,607.12,599.95,575.83,543.61,547.76,518.76,556.81,596.1,670.23,568.56,542.36,572.82,632.28,629.68,628.64,686.24,570.63,807.66,1152.91,1057.79,643.3,515.95,531.75,1081.18,1169.96,882.62,776.58,700.48,648.6,723.25,723.77,702.46,577.39,1024.42,824.5,1055.61,770.13,681.14,528.74,652.87,598.7,725.43,820.55,723.77,727.41,822.22,698.92,622.3,972.33,891.25,585.6,689.98,986.37,1179.63,1209.15,1380.79,989.18,875.03,489.13,678.96,676.15,603.9,775.64,988.66,559.82,1114.55,841.35,744.04,807.56,905.07,799.24,757.45,548.91,770.76,846.23,955.18,725.43,576.98,657.44,587.79,504.21,0,0,100.63,94.4,99.59,136.5,139.72,171.33,102.61,166.23,146.69,214.47,202.2,114.04,203.97,0,0,0,0,157.91,118.41,171.33,198.04,182.76,278.61,253.87,301.69,308.14,422.8,384.65,387.56,303.15,367.6,0,0,0,0,92.73,175.9,159.37,258.24,243.16,383.82,310.42,549.12,0,,,,,,,135,,,,570.5,,
0.25,0,0,39.19,0,73.81,74.44,74.33,106.04,82.75,116.23,81.4,99.07,77.03,100.01,99.8,124.54,96.79,162.39,133.07,133.07,161.87,164.46,136.91,206.78,167.48,135.04,74.33,156.98,173.82,220.39,215.2,146.27,232.77,248.46,260.21,228.09,248.05,233.7,254.49,232.35,225.8,223.41,228.61,250.85,401.08,465.74,344.94,451.39,321.03,348.26,275.18,344.21,285.06,280.9,301.69,255.84,330.38,298.47,244.41,256.99,304.39,341.61,316.25,268.42,202.62,250.23,590.18,446.09,306.89,305.33,266.14,368.85,399.21,349.62,254.18,425.82,303.87,349.51,371.55,499.32,365.63,507.22,312.71,476.03,443.39,617.94,529.05,432.89,388.39,276.53,501.4,376.02,584.57,684.16,437.36,505.14,521.88,545.68,394.42,518.03,369.89,310.11,496.41,592.47,395.88,486.12,580.2,719.71,818.79,732.08,799.35,625.53,571.05,937.2,615.75,660.04,763.17,652.66,531.03,539.03,717.63,721.48,564.29,537.89,450.98,500.05,478.94,629.27,895.09,389.43,424.16,480.19,510.86,562.73,434.86,613.15,508.47,932.73,680,922.64,780.63,607.12,599.95,575.83,543.61,547.76,518.76,556.81,590.49,670.23,568.56,542.36,572.82,632.28,629.68,628.64,679.38,570.63,807.66,1152.91,1048.33,643.3,515.95,531.75,1081.18,1169.96,872.95,776.58,700.48,648.6,723.25,717.32,702.46,577.39,1024.42,819.2,1055.61,770.13,681.14,528.74,652.87,593.4,725.43,820.55,723.77,727.41,822.22,698.92,622.3,969.53,891.25,585.6,689.98,986.37,1179.63,1209.15,1367.9,989.18,875.03,489.13,670.02,676.15,603.9,775.64,988.66,559.82,1114.55,841.35,744.04,807.56,905.07,799.24,757.45,548.91,770.76,846.23,951.44,725.43,576.98,657.44,587.79,504.21,0,0,100.63,94.4,99.59,136.5,139.72,171.33,102.61,166.23,146.69,214.47,202.2,105.42,201.58,0,0,0,0,157.91,118.41,171.33,191.91,182.76,278.61,253.87,301.69,308.14,422.8,384.65,387.56,303.15,367.6,0,0,0,0,92.73,175.9,159.37,251.17,241.6,383.82,310.42,549.12,0,,,,,,,136,,,,570.25,,
0.25,0,0,39.19,0,73.81,74.44,74.33,106.04,82.75,107.91,81.4,99.07,77.03,100.01,99.8,124.54,96.79,146.79,133.07,133.07,161.87,164.46,136.91,206.78,167.48,135.04,74.33,153.13,173.82,220.39,215.2,146.27,232.77,248.46,260.21,228.09,248.05,233.7,246.7,232.35,225.8,223.41,228.61,250.85,382.16,465.74,344.94,451.39,321.03,348.26,275.18,344.21,282.35,280.9,301.69,255.84,330.38,298.47,244.41,256.99,304.39,341.61,316.25,268.42,202.62,250.23,590.18,442.87,306.89,305.33,266.14,368.85,391.51,349.62,254.18,425.82,303.87,349.51,371.55,499.32,362.09,507.22,312.71,476.03,443.39,617.94,521.05,432.89,388.39,276.53,501.4,376.02,584.57,684.16,437.36,505.14,521.88,545.68,394.42,518.03,369.89,307.51,496.41,592.47,395.88,486.12,580.2,719.71,818.79,732.08,789.26,625.53,571.05,937.2,615.75,660.04,763.17,652.66,531.03,539.03,710.88,721.48,564.29,537.89,447.44,493.5,478.94,622.93,895.09,389.43,424.16,480.19,501.81,562.73,419.06,613.15,508.47,932.73,680,922.64,772.94,607.12,599.95,575.83,543.61,547.76,518.76,556.81,590.49,670.23,564.5,536.33,567,632.28,629.68,628.64,679.38,570.63,807.66,1152.91,1048.33,643.3,515.95,531.75,1081.18,1169.96,872.95,776.58,700.48,648.6,723.25,711.19,702.46,569.91,1017.77,819.2,1049.37,770.13,670.54,528.74,652.87,593.4,725.43,820.55,723.77,727.41,822.22,698.92,622.3,969.53,891.25,585.6,689.98,986.37,1179.63,1209.15,1367.9,989.18,875.03,489.13,670.02,676.15,596.83,775.64,983.35,559.82,1114.55,841.35,744.04,807.56,899.46,799.24,757.45,548.91,770.76,846.23,951.44,725.43,576.98,651,587.79,504.21,0,0,100.63,94.4,99.59,136.5,139.72,161.97,102.61,166.23,143.05,214.47,197.11,105.42,201.58,0,0,0,0,157.91,118.41,171.33,191.91,182.76,278.61,253.87,301.69,308.14,422.8,384.65,385.17,303.15,367.6,0,0,0,0,88.26,168.52,159.37,251.17,241.6,383.82,310.42,549.12,0,,,,,,,137,,,,570,,
0.25,0,0,39.19,0,73.81,74.44,74.33,106.04,82.75,107.91,81.4,99.07,77.03,100.01,91.48,124.54,96.79,138.58,116.43,133.07,161.87,164.46,136.91,206.78,167.48,135.04,74.33,153.13,173.82,220.39,215.2,146.27,232.77,248.46,260.21,228.09,248.05,233.7,246.7,232.35,225.8,223.41,228.61,250.85,382.16,465.74,334.96,451.39,312.61,339.22,275.18,344.21,274.77,280.9,297.12,255.84,330.38,298.47,244.41,246.49,304.39,341.61,316.25,268.42,202.62,250.23,590.18,442.87,306.89,305.33,266.14,363.34,391.51,349.62,254.18,425.82,303.87,349.51,371.55,499.32,362.09,500.46,312.71,476.03,443.39,617.94,521.05,423.53,388.39,276.53,486.84,376.02,584.57,684.16,437.36,505.14,521.88,545.68,394.42,509.92,369.89,307.51,490.17,592.47,395.88,486.12,580.2,712.75,818.79,721.17,789.26,625.53,571.05,937.2,615.75,660.04,763.17,639.46,531.03,539.03,704.53,721.48,561.59,537.89,447.44,493.5,478.94,622.93,895.09,383.09,424.16,480.19,501.81,562.73,419.06,613.15,508.47,932.73,680,922.64,772.94,607.12,599.95,575.83,543.61,547.76,518.76,556.81,590.49,670.23,564.5,536.33,567,625.84,629.68,628.64,679.38,570.63,807.66,1147.51,1048.33,643.3,512.42,528.95,1081.18,1169.96,872.95,773.46,700.48,641.85,723.25,711.19,702.46,569.91,1017.77,819.2,1049.37,770.13,670.54,528.74,652.87,587.68,725.43,820.55,723.77,727.41,822.22,698.92,622.3,965.68,891.25,585.6,689.98,986.37,1179.63,1209.15,1367.9,989.18,875.03,489.13,670.02,676.15,596.83,775.64,983.35,559.82,1114.55,841.35,738.63,807.56,899.46,799.24,757.45,548.91,770.76,846.23,939.8,715.35,576.98,651,587.79,504.21,0,0,100.63,94.4,99.59,136.5,139.72,161.97,102.61,166.23,143.05,214.47,197.11,105.42,201.58,0,0,0,0,156.46,118.41,171.33,191.91,182.76,278.61,253.87,301.69,308.14,422.8,380.7,385.17,303.15,367.6,0,0,0,0,82.96,168.52,159.37,251.17,241.6,383.82,302.11,549.12,0,,,,,,,138,,,,569.75,,
0.25,0,0,39.19,0,73.81,63.73,74.33,106.04,82.75,107.91,81.4,99.07,77.03,100.01,91.48,124.54,96.79,138.58,116.43,133.07,161.87,164.46,136.91,206.78,167.48,135.04,74.33,153.13,173.82,208.75,215.2,146.27,232.77,248.46,260.21,219.35,248.05,233.7,246.7,232.35,225.8,223.41,228.61,250.85,382.16,465.74,334.96,451.39,312.61,339.22,275.18,328.72,274.77,280.9,297.12,251.79,330.38,298.47,244.41,246.49,304.39,341.61,316.25,268.42,202.62,244.2,587.58,442.87,306.89,305.33,266.14,363.34,381.53,349.62,254.18,425.82,301.48,349.51,371.55,499.32,362.09,500.46,312.71,468.75,443.39,610.14,516.06,423.53,388.39,276.53,486.84,370.2,584.57,684.16,437.36,499.53,521.88,545.68,394.42,509.92,369.89,307.51,490.17,592.47,386.42,476.14,570.95,712.75,818.79,721.17,789.26,619.29,571.05,937.2,615.75,647.46,763.17,639.46,531.03,539.03,704.53,721.48,561.59,537.89,447.44,493.5,470.83,616.48,895.09,383.09,424.16,480.19,501.81,562.73,419.06,613.15,508.47,932.73,673.66,922.64,772.94,598.7,599.95,562.73,543.61,547.76,518.76,556.81,590.49,670.23,564.5,536.33,567,625.84,629.68,628.64,679.38,570.63,807.66,1147.51,1045.73,643.3,512.42,527.6,1081.18,1163.62,872.95,773.46,700.48,641.85,723.25,711.19,696.11,569.91,1017.77,819.2,1049.37,770.13,670.54,528.74,645.8,587.68,725.43,820.55,723.77,727.41,818.89,698.92,622.3,965.68,891.25,585.6,689.98,986.37,1179.63,1209.15,1367.9,979.92,875.03,489.13,670.02,676.15,596.83,775.64,966.41,559.82,1114.55,841.35,738.63,807.56,899.46,799.24,757.45,546.1,770.76,846.23,939.8,715.35,576.98,651,587.79,504.21,0,0,100.63,94.4,97.41,136.5,129.12,161.97,102.61,166.23,143.05,214.47,197.11,105.42,201.58,0,0,0,0,156.46,118.41,164.78,191.91,182.76,278.61,253.87,301.69,308.14,422.8,380.7,385.17,303.15,367.6,0,0,0,0,82.96,168.52,153.65,251.17,241.6,383.82,296.29,549.12,0,,,,,,,139,,,,569.5,,
0.25,0,0,39.19,0,73.81,63.73,74.33,99.39,74.33,107.91,81.4,99.07,77.03,100.01,91.48,124.54,96.79,138.58,116.43,133.07,159.99,152.2,136.91,189.1,167.48,135.04,74.33,153.13,165.71,208.75,215.2,146.27,232.77,248.46,260.21,219.35,248.05,233.7,246.7,232.35,225.8,216.03,228.61,250.85,382.16,460.33,334.96,451.39,312.61,339.22,275.18,328.72,267.9,280.9,297.12,251.79,330.38,298.47,237.55,246.49,304.39,341.61,316.25,268.42,202.62,244.2,587.58,442.87,300.13,305.33,266.14,363.34,381.53,349.62,254.18,425.82,301.48,349.51,371.55,499.32,362.09,500.46,312.71,468.75,443.39,604.11,516.06,418.75,388.39,276.53,486.84,370.2,584.57,677.71,420.31,499.53,521.88,545.68,394.42,509.92,369.89,307.51,484.56,584.36,386.42,476.14,570.95,712.75,810.57,721.17,782.92,619.29,563.05,937.2,615.75,647.46,755.06,639.46,531.03,539.03,704.53,721.48,561.59,537.89,447.44,483.52,470.83,616.48,887.4,383.09,424.16,480.19,501.81,554.42,419.06,613.15,508.47,932.73,673.66,922.64,767.53,598.7,599.95,562.73,533.63,547.76,518.76,556.81,590.49,670.23,558.47,536.33,560.76,625.84,629.68,624.8,679.38,570.63,807.66,1140.65,1045.73,643.3,512.42,500.46,1070.89,1163.62,868.17,773.46,700.48,641.85,723.25,711.19,696.11,569.91,1017.77,819.2,1049.37,770.13,670.54,528.74,645.8,587.68,725.43,820.55,723.77,727.41,818.89,698.92,622.3,959.96,891.25,585.6,689.98,978.88,1179.63,1209.15,1367.9,979.92,875.03,489.13,670.02,676.15,596.83,775.64,966.41,559.82,1103.32,841.35,738.63,807.56,899.46,799.24,757.45,546.1,770.76,843.74,939.8,715.35,576.98,651,587.79,504.21,0,0,100.63,94.4,97.41,136.5,129.12,161.97,102.61,166.23,143.05,214.47,197.11,105.42,201.58,0,0,0,0,156.46,118.41,157.5,187.23,182.76,278.61,253.87,301.69,308.14,418.02,380.7,385.17,296.6,367.6,0,0,0,0,82.96,168.52,153.65,251.17,241.6,375.4,296.29,549.12,0,,,,,,,140,,,,569.25,,
0.25,0,0,25.37,0,73.81,63.73,74.33,99.39,74.33,107.91,81.4,99.07,77.03,100.01,91.48,124.54,96.79,138.58,116.43,133.07,159.99,152.2,136.91,189.1,167.48,132.24,74.33,153.13,165.71,208.75,215.2,146.27,232.77,248.46,260.21,219.35,248.05,233.7,246.7,232.35,225.8,216.03,228.61,250.85,382.16,460.33,334.96,451.39,312.61,339.22,275.18,324.15,267.9,280.9,297.12,251.79,330.38,298.47,237.55,246.49,304.39,341.61,316.25,268.42,202.62,244.2,587.58,442.87,300.13,305.33,266.14,363.34,381.53,349.62,254.18,425.82,301.48,346.81,364.79,499.32,362.09,500.46,300.76,468.75,443.39,604.11,516.06,418.75,388.39,276.53,486.84,370.2,584.57,673.24,420.31,499.53,521.88,545.68,394.42,509.92,369.58,307.51,484.56,584.36,386.42,476.14,570.95,700.17,810.57,713.68,782.92,619.29,563.05,928.57,615.75,647.46,755.06,639.46,525.93,539.03,695.39,721.48,561.59,537.89,447.44,483.52,470.83,616.48,887.4,383.09,424.16,480.19,501.81,554.42,419.06,613.15,508.47,922.43,673.66,922.64,767.53,594.23,599.95,562.73,527.18,547.76,518.76,556.81,590.49,670.23,558.47,536.33,560.76,625.84,629.68,624.8,679.38,570.63,807.66,1140.65,1045.73,643.3,512.42,500.46,1070.89,1163.62,868.17,773.46,694.66,635.09,716.28,711.19,696.11,569.91,1017.77,819.2,1049.37,770.13,670.54,528.74,645.8,587.68,712.12,820.55,723.77,727.41,812.86,698.92,622.3,959.96,891.25,585.6,689.98,978.88,1179.63,1209.15,1367.9,979.92,867.44,489.13,670.02,676.15,596.83,775.64,966.41,559.82,1103.32,841.35,738.63,807.56,899.46,799.24,757.45,546.1,770.76,843.74,939.8,715.35,576.98,651,587.79,504.21,0,0,95.33,94.4,97.41,136.5,129.12,161.97,100.22,166.23,138.79,207.82,197.11,105.42,201.58,0,0,0,0,105.52,118.41,157.5,187.23,182.76,278.61,253.87,301.69,299.92,418.02,380.7,385.17,296.6,367.6,0,0,0,0,82.96,168.52,153.65,251.17,241.6,375.4,296.29,549.12,0,,,,,,,141,,,,569,,
0.25,0,0,25.37,0,73.81,63.73,74.33,99.39,74.33,107.91,77.87,99.07,77.03,95.23,91.48,116.23,96.79,138.58,116.43,133.07,159.99,152.2,136.91,189.1,167.48,132.24,74.33,153.13,165.71,200.54,206.78,146.27,232.77,248.46,260.21,219.35,248.05,233.7,246.7,223.93,225.8,216.03,228.61,250.85,375.29,460.33,334.96,451.39,312.61,339.22,275.18,324.15,261.46,280.9,297.12,251.79,330.38,298.47,237.55,246.49,304.39,336.62,316.25,268.42,201.99,244.2,587.58,437.15,300.13,300.96,266.14,363.34,381.53,349.62,254.18,425.82,301.48,346.81,364.79,499.32,362.09,500.46,300.76,468.75,443.39,604.11,516.06,418.75,388.39,276.53,486.84,365.63,584.57,673.24,420.31,499.53,521.88,545.68,387.46,509.92,362.51,302.31,484.56,584.36,386.42,476.14,570.95,700.17,810.57,713.68,780.32,619.29,563.05,928.57,615.75,647.46,755.06,639.46,525.93,539.03,695.39,721.48,561.59,537.89,447.44,483.52,470.83,616.48,887.4,383.09,416.98,480.19,501.81,542.05,419.06,613.15,508.47,922.43,673.66,922.64,767.53,594.23,599.95,562.73,527.18,547.76,518.76,548.6,590.49,670.23,558.47,536.33,560.76,625.84,629.68,624.8,679.38,570.63,807.66,1140.65,1045.73,641.33,512.42,500.46,1070.89,1163.62,868.17,773.46,694.66,635.09,716.28,711.19,696.11,569.91,1013.19,819.2,1049.37,770.13,670.54,528.74,638.94,587.68,709.42,800.28,717.74,727.41,812.86,698.92,622.3,959.96,891.25,585.6,689.98,978.88,1179.63,1209.15,1367.9,979.92,867.44,489.13,670.02,676.15,588.93,775.64,966.41,559.82,1103.32,841.35,738.63,807.56,899.46,794.77,757.45,546.1,770.76,843.74,939.8,715.35,576.98,651,587.79,504.21,0,0,85.87,94.4,97.41,136.5,129.12,161.97,100.22,166.23,138.79,207.82,197.11,105.42,201.58,0,0,0,0,85.97,118.41,157.5,187.23,182.76,278.61,253.87,301.69,299.92,418.02,380.7,383.82,296.6,367.6,0,0,0,0,76.31,168.52,153.65,251.17,241.6,368.12,296.29,549.12,0,,,,,,,142,,,,568.75,,
0.25,0,0,16.95,0,57.28,63.73,74.33,99.39,74.33,107.91,77.87,99.07,77.03,95.23,91.48,116.23,96.79,138.58,116.43,133.07,159.99,145.02,136.91,189.1,167.48,132.24,74.33,153.13,165.71,200.54,206.78,146.27,232.77,248.46,260.21,219.35,248.05,233.7,238.48,223.93,225.8,216.03,228.61,243.27,375.29,460.33,334.96,451.39,312.61,339.22,275.18,324.15,261.46,280.9,297.12,251.79,330.38,298.47,237.55,246.49,304.39,330.7,316.25,268.42,201.99,236.82,587.58,437.15,300.13,300.96,266.14,363.34,381.53,344.11,248.78,425.82,301.48,346.81,364.79,499.32,362.09,500.46,300.76,463.66,443.39,604.11,516.06,418.75,388.39,276.53,486.84,365.63,584.57,673.24,420.31,499.53,521.88,545.68,387.46,509.92,362.51,302.31,484.56,584.36,386.42,476.14,570.95,700.17,810.57,701,773.98,619.29,563.05,928.57,615.75,647.46,742.17,635.4,523.13,539.03,695.39,721.48,554.73,537.89,447.44,483.52,470.83,616.48,887.4,383.09,416.98,480.19,501.81,542.05,419.06,613.15,499.84,922.43,673.66,910.79,767.53,594.23,599.95,562.73,527.18,547.76,518.76,548.6,590.49,648.19,558.47,523.64,560.76,625.84,629.68,624.8,679.38,567.72,798.93,1140.65,1039.08,641.33,512.42,500.46,1070.89,1163.62,868.17,773.46,694.66,635.09,716.28,711.19,696.11,569.91,1013.19,819.2,1049.37,770.13,670.54,528.74,638.94,587.68,709.42,800.28,717.74,727.41,812.86,698.92,622.3,959.96,891.25,585.6,689.98,978.88,1179.63,1203.65,1360.94,979.92,867.44,489.13,670.02,676.15,588.93,775.64,966.41,559.82,1103.32,841.35,738.63,807.56,891.25,794.77,757.45,546.1,767.64,843.74,939.8,715.35,576.98,651,587.79,504.21,0,0,85.87,94.4,97.41,136.5,129.12,161.97,100.22,166.23,138.79,207.82,197.11,105.42,201.58,0,0,0,0,68.82,118.41,157.5,187.23,178.08,278.61,244.31,295.56,299.92,418.02,380.7,383.82,296.6,367.6,0,0,0,0,76.31,168.52,153.65,251.17,241.6,368.12,296.29,549.12,0,,,,,,,143,,,,568.5,,
0.25,0,0,0,0,57.28,58.11,74.33,99.39,74.33,107.91,77.87,99.07,77.03,95.23,91.48,116.23,96.79,138.58,116.43,133.07,151.78,145.02,136.91,189.1,167.48,132.24,74.33,153.13,165.71,200.54,206.78,146.27,227.36,248.46,260.21,219.35,248.05,233.7,238.48,223.93,225.8,216.03,228.61,243.27,375.29,460.33,329.03,444.01,312.61,332.36,267.9,324.15,261.46,280.9,297.12,251.79,330.38,298.47,237.55,246.49,304.39,330.7,316.25,268.42,201.99,236.82,587.58,430.19,300.13,300.96,266.14,363.34,381.53,335.37,248.78,425.82,301.48,346.81,364.79,499.32,362.09,500.46,300.76,463.66,431.74,604.11,516.06,418.75,381.84,276.53,486.84,365.63,584.57,673.24,411.37,499.53,521.88,545.68,387.46,509.92,362.51,302.31,484.56,584.36,386.42,476.14,570.95,700.17,800.91,701,766.81,619.29,563.05,928.57,604.94,647.46,742.17,635.4,523.13,539.03,695.39,721.48,554.73,537.89,439.96,483.52,470.83,616.48,887.4,377.06,416.98,480.19,501.81,542.05,419.06,612.01,499.84,922.43,673.66,910.79,767.53,594.23,592.99,557.95,527.18,547.76,518.76,548.6,590.49,648.19,558.47,523.64,554,625.84,622.72,624.8,679.38,567.72,798.93,1135.66,1039.08,641.33,512.42,500.46,1070.89,1163.62,868.17,773.46,694.66,635.09,716.28,711.19,696.11,569.91,1013.19,819.2,1049.37,770.13,670.54,528.74,638.94,587.68,709.42,800.28,717.74,727.41,812.86,698.92,622.3,959.96,891.25,585.6,689.98,978.88,1179.63,1203.65,1360.94,979.92,867.44,489.13,670.02,663.68,588.93,775.64,966.41,559.82,1103.32,830.12,738.63,807.56,888.34,794.77,757.45,546.1,767.64,843.74,939.8,715.35,576.98,651,587.79,504.21,0,0,85.87,77.03,97.41,128.7,129.12,161.97,100.22,157.81,138.79,207.82,197.11,105.42,201.58,0,0,0,0,62.27,118.41,157.5,187.23,178.08,278.61,244.31,295.56,299.92,418.02,380.7,383.82,287.76,367.6,0,0,0,0,57.07,168.52,153.65,246.8,241.6,368.12,296.29,549.12,0,,,,,,,144,,,,568.25,,
0.25,0,0,0,0,57.28,58.11,74.33,99.39,74.33,99.49,77.87,99.07,77.03,95.23,91.48,116.23,96.79,138.58,116.43,133.07,151.78,145.02,136.91,189.1,167.48,132.24,74.33,153.13,165.71,200.54,198.36,146.27,227.36,248.46,260.21,219.35,248.05,233.7,238.48,223.93,225.8,216.03,228.61,243.27,375.29,460.33,329.03,437.88,312.61,332.36,267.9,321.34,261.46,274.77,297.12,251.79,330.38,298.47,237.55,246.49,295.25,330.7,316.25,264.99,201.99,236.82,587.58,430.19,291.09,300.96,266.14,360.43,378.73,335.37,248.78,425.82,301.48,342.03,364.79,499.32,362.09,500.46,300.76,463.66,431.74,604.11,500.25,418.75,381.84,276.53,486.84,365.63,584.57,673.24,411.37,499.53,521.88,540.38,387.46,509.92,362.51,302.31,484.56,584.36,386.42,476.14,570.95,700.17,800.91,688.42,761.61,613.36,563.05,922.64,604.94,647.46,742.17,635.4,523.13,539.03,695.39,717.01,554.73,537.89,439.96,483.52,470.83,613.88,884.9,377.06,416.98,480.19,501.81,542.05,419.06,604.53,499.84,915.36,673.66,910.79,767.53,594.23,592.99,557.95,527.18,540.9,506.8,541.21,590.49,648.19,558.47,523.64,554,625.84,622.72,624.8,679.38,567.72,798.93,1135.66,1039.08,641.33,512.42,500.46,1070.89,1163.62,865.57,773.46,694.66,624.17,716.28,711.19,696.11,569.91,1013.19,819.2,1049.37,770.13,670.54,528.74,638.94,587.68,709.42,800.28,717.74,727.41,812.86,698.92,622.3,959.96,891.25,585.6,689.98,978.88,1179.63,1197.2,1360.94,979.92,867.44,489.13,670.02,663.68,588.93,775.64,959.65,559.82,1095.63,830.12,738.63,792.9,888.34,794.77,757.45,546.1,767.64,843.74,939.8,710.46,576.98,651,587.79,504.21,0,0,85.87,77.03,97.41,128.7,129.12,157.81,100.22,155.42,138.79,207.82,197.11,105.42,201.58,0,0,0,0,55.72,118.41,157.5,187.23,178.08,278.61,244.31,295.56,299.92,418.02,380.7,383.82,287.76,367.6,0,0,0,0,57.07,168.52,153.65,246.8,241.6,368.12,296.29,549.12,0,,,,,,,145,,,,568,,
0.25,0,0,0,0,57.28,58.11,66.43,99.39,74.33,99.49,77.87,99.07,77.03,95.23,91.48,116.23,96.79,138.58,116.43,133.07,151.78,145.02,132.03,189.1,167.48,132.24,74.33,153.13,165.71,200.54,198.36,146.27,227.36,248.46,260.21,219.35,248.05,233.7,238.48,223.93,225.8,216.03,228.61,243.27,375.29,460.33,329.03,437.88,312.61,332.36,267.9,321.34,261.46,274.77,297.12,248.26,330.38,298.47,237.55,246.49,295.25,330.7,316.25,264.99,201.99,236.82,587.58,430.19,291.09,300.96,266.14,360.43,378.73,335.37,248.78,425.82,301.48,342.03,364.79,493.6,362.09,500.46,300.76,458.46,431.74,604.11,500.25,418.75,381.84,276.53,482.16,365.63,584.57,673.24,411.37,499.53,521.88,540.38,387.46,509.92,362.51,296.29,484.56,584.36,383.61,476.14,570.95,700.17,798.2,688.42,755.27,613.36,563.05,922.64,604.94,647.46,742.17,635.4,523.13,539.03,684.47,717.01,554.73,537.89,439.96,483.52,470.83,613.88,884.9,377.06,416.98,480.19,501.81,537.89,419.06,604.53,499.84,915.36,668.56,910.79,767.53,594.23,581.76,557.95,527.18,540.9,506.8,541.21,590.49,648.19,558.47,523.64,554,625.84,622.72,624.8,679.38,564.09,798.93,1135.66,1039.08,631.04,512.42,500.46,1070.89,1158.11,865.57,767.64,694.66,624.17,716.28,711.19,696.11,569.91,1013.19,819.2,1043.55,770.13,670.54,528.74,638.94,587.68,709.42,800.28,711.08,727.41,812.86,698.92,622.3,959.96,891.25,585.6,689.98,978.88,1179.63,1197.2,1357.4,979.92,867.44,481.13,670.02,663.68,588.93,775.64,959.65,559.82,1095.63,830.12,738.63,792.9,888.34,794.77,757.45,546.1,767.64,843.74,933.56,710.46,572.51,639.77,587.79,504.21,0,0,85.87,77.03,97.41,122.46,129.12,157.81,100.22,155.42,138.79,207.82,197.11,105.42,201.58,0,0,0,0,49.07,112.17,157.5,187.23,168.62,274.25,244.31,295.56,299.92,412.2,380.7,383.82,287.76,367.6,0,0,0,0,57.07,168.52,153.65,246.8,241.6,368.12,296.29,549.12,0,,,,,,,146,,,,567.75,,
0.25,0,0,0,0,57.28,58.11,66.43,92.11,74.33,99.49,77.87,99.07,68.82,95.23,74.85,116.23,96.79,138.58,116.43,133.07,151.78,145.02,132.03,189.1,167.48,132.24,74.33,147.83,165.71,200.54,198.36,146.27,227.36,248.46,260.21,219.35,248.05,233.7,238.48,223.93,225.8,215.61,228.61,243.27,375.29,460.33,329.03,437.88,307.3,332.36,267.9,321.34,255.01,274.77,297.12,241.91,330.38,298.47,237.55,246.49,295.25,330.7,316.25,264.99,201.99,236.82,587.58,426.55,291.09,300.96,266.14,360.43,372.7,335.37,248.78,425.82,301.48,342.03,364.79,493.6,362.09,500.46,300.76,458.46,431.74,604.11,500.25,418.75,371.66,276.53,482.16,365.63,584.57,673.24,411.37,487.26,521.88,540.38,387.46,509.92,362.51,296.29,484.56,584.36,383.61,469.9,562.53,700.17,798.2,682.81,755.27,613.36,563.05,922.64,604.94,647.46,742.17,635.4,523.13,539.03,684.47,717.01,554.73,537.89,439.96,477.28,470.83,613.88,879.91,377.06,416.98,480.19,501.81,537.89,419.06,604.53,499.84,915.36,668.56,910.79,767.53,594.23,581.76,557.95,527.18,540.9,506.8,541.21,590.49,648.19,558.47,523.64,554,625.84,622.72,624.8,667.32,564.09,798.93,1135.66,1035.75,631.04,512.42,500.46,1070.89,1158.11,861.93,762.75,694.66,624.17,716.28,711.19,696.11,569.91,1013.19,812.96,1043.55,770.13,670.54,518.34,638.94,587.68,709.42,800.28,711.08,726.78,806.42,698.92,622.3,959.96,891.25,585.6,689.98,978.88,1175.68,1197.2,1357.4,979.92,867.44,481.13,670.02,663.68,588.93,775.64,959.65,559.82,1095.63,830.12,738.63,792.9,888.34,794.77,757.45,546.1,767.64,843.74,933.56,710.46,572.51,639.77,587.79,504.21,0,0,85.87,77.03,97.41,122.46,129.12,157.81,100.22,155.42,138.79,207.82,197.11,105.42,201.58,0,0,0,0,37.11,100.53,157.5,187.23,168.62,274.25,244.31,295.56,299.92,412.2,380.7,383.82,287.76,367.6,0,0,0,0,57.07,168.52,153.65,246.8,241.6,368.12,296.29,549.12,0,,,,,,,147,,,,567.5,,
0.25,0,0,0,0,48.86,58.11,66.43,92.11,74.33,99.49,77.87,90.13,68.82,95.23,74.85,116.23,96.79,138.58,116.43,133.07,151.78,145.02,132.03,189.1,167.48,132.24,73.71,147.83,165.71,200.54,198.36,146.27,223.62,248.46,256.05,219.35,248.05,225.28,238.48,223.93,225.8,215.61,228.61,243.27,375.29,460.33,329.03,437.88,307.3,332.36,267.9,321.34,255.01,274.77,290.26,241.91,317.8,298.47,237.55,246.49,295.25,330.7,310.22,260.63,201.99,236.82,580.93,426.55,291.09,300.96,266.14,360.43,372.7,335.37,248.78,425.82,301.48,342.03,364.79,493.6,362.09,493.7,300.76,458.46,431.74,604.11,500.25,418.75,371.66,276.53,482.16,365.63,584.57,662.95,411.37,481.54,521.88,540.38,387.46,509.92,353.05,296.29,476.97,584.36,383.61,469.9,562.53,700.17,776.06,682.81,747.57,613.36,563.05,922.64,604.94,647.46,738.11,635.4,523.13,532.17,679.9,717.01,554.73,537.89,439.96,477.28,470.83,613.88,879.91,377.06,416.98,480.19,501.81,534.14,419.06,604.53,499.84,915.36,668.56,910.79,767.53,594.23,581.76,557.95,521.36,540.9,506.8,541.21,590.49,648.19,558.47,523.64,554,625.84,622.72,624.8,667.32,564.09,798.93,1135.66,1035.75,631.04,512.42,500.46,1070.89,1158.11,861.93,762.75,694.66,624.17,716.28,711.19,696.11,564.92,1013.19,812.96,1043.55,770.13,670.54,518.34,638.94,587.68,709.42,800.28,711.08,726.78,806.42,695.39,622.3,959.96,878.04,575.83,689.98,978.88,1175.68,1197.2,1357.4,979.92,867.44,481.13,670.02,651,588.93,775.64,959.65,559.82,1091.68,830.12,738.63,792.9,888.34,794.77,757.45,546.1,767.64,843.74,926.38,710.46,572.51,639.77,587.79,504.21,0,0,85.87,77.03,97.41,122.46,129.12,157.81,100.22,155.42,138.79,207.82,190.66,105.42,201.58,0,0,0,0,19.86,100.53,157.5,187.23,168.62,268.32,244.31,295.56,299.92,412.2,380.7,383.82,287.76,367.6,0,0,0,0,57.07,168.52,153.65,246.8,241.6,368.12,296.29,545.68,0,,,,,,,148,,,,567.25,,
0.25,0,0,0,0,48.86,58.11,66.43,92.11,74.33,99.49,77.87,90.13,68.82,95.23,74.85,108.01,96.79,138.58,116.43,133.07,151.78,145.02,132.03,189.1,167.48,132.24,73.71,147.83,165.71,200.54,198.36,146.27,223.62,248.46,256.05,219.35,248.05,225.28,238.48,223.93,225.8,215.61,228.61,243.27,369.89,456.07,329.03,437.88,307.3,332.36,267.9,312.81,255.01,269.05,290.26,241.91,317.8,298.47,237.55,243.16,295.25,330.7,310.22,260.63,201.99,236.82,580.93,426.55,291.09,300.96,266.14,347.75,372.7,335.37,248.78,421.24,294.62,342.03,364.79,493.6,362.09,493.7,300.76,458.46,431.74,604.11,500.25,418.75,371.66,276.53,482.16,365.63,584.57,662.95,411.37,481.54,521.88,540.38,387.46,509.92,353.05,296.29,476.97,584.36,383.61,467.51,562.53,691.96,773.36,675.84,747.57,613.36,563.05,922.64,604.94,647.46,738.11,630,523.13,532.17,673.45,717.01,554.73,537.89,439.96,477.28,470.83,608.16,879.91,377.06,416.98,480.19,489.13,401.8,419.06,604.53,499.84,913.81,668.56,910.79,767.53,594.23,581.76,557.95,521.36,539.13,506.8,541.21,590.49,648.19,558.47,517.82,554,625.84,618.25,624.8,667.32,564.09,798.93,1135.66,1035.75,631.04,512.42,500.46,1070.89,1155.41,861.93,762.75,688.52,624.17,716.28,711.19,696.11,564.92,1003.63,812.96,1043.55,770.13,665.03,513.25,638.94,578.12,706.61,800.28,711.08,726.78,806.42,695.39,617.21,959.96,878.04,575.83,689.98,978.88,1167.88,1184.62,1357.4,979.92,867.44,481.13,670.02,651,588.93,775.64,959.65,559.82,1091.68,830.12,735.1,792.9,888.34,794.77,757.45,546.1,767.64,843.74,926.38,710.46,572.51,639.77,587.79,504.21,0,0,85.87,77.03,97.41,122.46,129.12,157.81,94.08,155.42,138.79,207.82,190.66,105.42,201.58,0,0,0,0,9.25,100.53,157.5,187.23,168.62,268.32,244.31,295.56,299.92,412.2,380.7,383.82,287.76,363.86,0,0,0,0,57.07,168.52,153.65,246.8,236.51,368.12,296.29,545.68,0,,,,,,,149,,,,567,,
0.25,0,0,0,0,48.86,58.11,66.43,92.11,74.33,99.49,77.87,90.13,68.82,95.23,74.85,108.01,96.79,130.37,116.43,133.07,151.78,145.02,132.03,189.1,167.48,132.24,73.71,147.83,165.71,200.54,198.36,146.27,223.62,248.46,256.05,219.35,248.05,225.28,238.48,223.93,225.8,215.61,228.61,237.24,369.89,456.07,329.03,437.88,307.3,321.34,267.9,312.81,255.01,269.05,290.26,241.91,312.29,294.31,224.14,243.16,295.25,330.7,310.22,260.63,201.99,236.82,580.93,424.78,291.09,298.05,266.14,347.75,368.33,335.37,248.78,421.24,294.62,342.03,364.79,493.6,362.09,493.7,292.23,458.46,431.74,588.31,492.46,412.93,371.66,276.53,482.16,365.63,584.57,657.13,411.37,481.54,521.88,540.38,387.46,509.92,353.05,289.53,476.97,584.36,383.61,467.51,554.94,691.96,767.74,670.23,742.48,613.36,563.05,922.64,604.94,647.46,738.11,630,523.13,532.17,673.45,717.01,549.12,537.89,439.96,477.28,470.83,608.16,879.91,377.06,416.98,480.19,489.13,401.8,419.06,604.53,493.39,913.81,668.56,910.79,767.53,594.23,581.76,555.14,521.36,539.13,506.8,541.21,590.49,648.19,553.38,517.82,554,625.84,618.25,618.14,667.32,564.09,798.93,1135.66,1035.75,631.04,512.42,500.46,1065.17,1155.41,861.93,762.75,688.52,624.17,710.77,711.19,696.11,564.92,1003.63,812.96,1039.49,770.13,665.03,513.25,638.94,578.12,706.61,800.28,711.08,726.78,806.42,695.39,617.21,952.89,878.04,575.83,689.98,978.88,1167.88,1184.62,1345.03,979.92,867.44,481.13,670.02,651,588.93,775.64,954.45,559.82,1091.68,830.12,735.1,792.9,888.34,794.77,753.08,546.1,767.64,843.74,926.38,710.46,572.51,639.77,587.79,504.21,0,0,85.87,77.03,97.41,122.46,129.12,157.81,94.08,155.42,132.55,207.82,190.66,102.09,201.58,0,0,0,0,9.25,100.53,157.5,187.23,168.62,268.32,244.31,295.56,299.92,412.2,380.7,383.82,287.76,363.86,0,0,0,0,20.9,168.52,153.65,246.8,236.51,368.12,296.29,545.68,0,,,,,,,150,,,,566.75,,
0.25,0,0,0,0,48.86,58.11,66.43,92.11,66.01,91.8,69.34,90.13,68.82,95.23,74.85,108.01,96.79,130.37,116.43,133.07,151.78,145.02,132.03,189.1,167.48,132.24,73.71,147.83,165.71,200.54,190.35,146.27,223.62,248.46,256.05,219.35,248.05,225.28,238.48,223.93,221.64,215.61,228.61,237.24,369.89,456.07,329.03,437.88,307.3,321.34,267.9,312.81,255.01,269.05,290.26,241.91,312.29,294.31,224.14,243.16,295.25,330.7,310.22,260.63,201.99,236.82,580.93,424.78,291.09,298.05,266.14,347.75,368.33,335.37,248.78,421.24,294.62,336.21,358.14,493.6,356.69,493.7,292.23,452.02,430.81,588.31,492.46,412.93,371.66,276.53,482.16,365.63,584.57,657.13,405.23,481.54,515.95,540.38,387.46,497.24,353.05,289.53,476.97,584.36,378.52,459.71,549.22,691.96,767.74,664.72,736.14,613.36,563.05,922.64,583.73,641.64,738.11,630,523.13,524.58,662.22,711.92,549.12,537.89,439.96,477.28,470.83,608.16,879.91,377.06,416.98,480.19,489.13,401.8,419.06,604.53,493.39,913.81,668.56,910.79,760.47,594.23,581.76,555.14,521.36,539.13,506.8,541.21,590.49,648.19,553.38,509.51,554,625.84,618.25,618.14,667.32,564.09,798.93,1129.52,1030.34,631.04,512.42,500.46,1058.52,1155.41,861.93,762.75,688.52,624.17,710.77,701.31,689.88,564.92,1003.63,812.96,1039.49,770.13,660.04,513.25,638.94,578.12,706.61,800.28,711.08,726.78,806.42,695.39,617.21,952.89,878.04,575.83,689.98,978.88,1167.88,1184.62,1345.03,971.82,867.44,481.13,670.02,651,584.05,775.64,954.45,559.82,1091.68,830.12,735.1,792.9,881.79,794.77,753.08,546.1,759.63,843.74,926.38,710.46,572.51,639.77,587.79,504.21,0,0,85.87,77.03,97.41,122.46,123.3,157.81,94.08,155.42,132.55,203.55,190.66,102.09,201.58,0,0,0,0,0,100.53,157.5,182.35,168.62,268.32,244.31,295.56,299.92,412.2,380.7,383.82,287.76,363.86,0,0,0,0,16.01,168.52,153.65,246.8,236.51,368.12,296.29,545.68,0,,,,,,,151,,,,566.5,,
0.25,0,0,0,0,48.86,58.11,66.43,85.04,66.01,91.8,69.34,90.13,68.82,95.23,74.85,108.01,96.79,130.37,108.12,133.07,151.78,145.02,132.03,189.1,167.48,132.24,73.71,147.83,141.18,200.54,190.35,146.27,223.62,241.81,249.3,219.35,248.05,225.28,238.48,223.93,213.53,215.61,228.61,237.24,369.89,456.07,329.03,437.88,307.3,321.34,267.9,312.81,255.01,269.05,290.26,241.91,312.29,294.31,224.14,243.16,295.25,330.7,310.22,260.63,201.99,236.82,580.93,424.78,291.09,298.05,266.14,347.75,364.69,327.16,248.78,421.24,294.62,336.21,358.14,493.6,356.69,493.7,292.23,452.02,430.81,573.03,492.46,412.93,371.66,276.53,482.16,365.63,582.17,657.13,405.23,481.54,515.95,540.38,387.46,497.24,353.05,289.53,476.97,584.36,378.52,459.71,549.22,691.96,760.78,657.65,729.8,613.36,563.05,922.64,583.73,641.64,738.11,626.67,516.68,524.58,662.22,711.92,549.12,530.09,439.96,477.28,470.83,603.9,879.91,373.01,416.98,480.19,489.13,401.8,419.06,604.53,493.39,913.81,668.56,910.79,760.47,590.8,581.76,555.14,521.36,539.13,504.2,541.21,590.49,648.19,553.38,509.51,547.66,625.84,618.25,618.14,667.32,564.09,798.93,1129.52,1030.34,631.04,512.42,500.46,1058.52,1149.9,861.93,762.75,688.52,624.17,710.77,701.31,689.88,564.92,1003.63,812.96,1037.21,757.66,660.04,513.25,638.94,578.12,706.61,800.28,705.47,726.78,806.42,695.39,617.21,952.89,878.04,575.83,684.16,978.88,1167.88,1184.62,1345.03,971.82,867.44,481.13,670.02,651,584.05,775.64,949.15,559.82,1091.68,830.12,735.1,792.9,881.79,794.77,753.08,546.1,759.63,834.17,926.38,710.46,572.51,639.77,581.45,504.21,0,0,85.87,77.03,97.41,122.46,116.43,151.78,94.08,155.42,132.55,203.55,190.66,102.09,201.58,0,0,0,0,0,91.28,157.5,182.35,168.62,268.32,244.31,295.56,299.92,408.46,376.85,383.82,287.76,363.86,0,0,0,0,16.01,168.52,153.65,246.8,236.51,368.12,296.29,545.68,0,,,,,,,152,,,,566.25,,
0.25,0,0,0,0,48.86,58.11,66.43,85.04,66.01,82.86,69.34,90.13,50,95.23,66.74,108.01,96.79,130.37,108.12,133.07,151.78,145.02,132.03,184.53,167.48,120.07,73.71,146.17,141.18,200.54,190.35,146.27,223.62,241.81,249.3,207.82,248.05,225.18,238.48,215.4,213.53,215.61,228.61,237.24,369.89,456.07,329.03,437.88,301.07,321.34,267.9,312.81,249.82,269.05,290.26,241.91,312.29,294.31,224.14,243.16,295.25,330.7,310.22,260.63,201.99,236.82,580.93,424.78,291.09,298.05,258.13,347.75,364.69,327.16,248.78,421.24,294.62,336.21,358.14,483.93,350.86,493.7,292.23,452.02,430.81,573.03,492.46,412.93,371.66,276.32,482.16,365.63,582.17,651.1,405.23,481.54,515.95,540.38,387.46,497.24,350.76,289.53,476.97,584.36,378.52,459.71,549.22,691.96,755.27,657.65,729.8,613.36,563.05,922.64,583.73,634.26,738.11,626.67,516.68,524.58,662.22,711.92,549.12,530.09,431.02,477.28,470.83,603.9,873.78,373.01,416.98,480.19,489.13,401.8,419.06,601.2,490.38,913.81,668.56,901.54,760.47,590.8,575.1,555.14,521.36,539.13,504.2,541.21,590.49,648.19,553.38,509.51,547.66,625.84,618.25,610.35,667.32,564.09,798.93,1129.52,1022.03,631.04,512.42,500.46,1058.52,1149.9,855.17,762.75,688.52,624.17,710.77,701.31,689.88,564.92,996.66,812.96,1037.21,757.66,660.04,513.25,638.94,578.12,706.61,800.28,705.47,726.78,806.42,695.39,617.21,941.46,871.39,575.83,684.16,978.88,1167.88,1184.62,1345.03,971.82,866.09,481.13,670.02,651,584.05,775.64,949.15,546.31,1091.68,830.12,735.1,792.9,881.79,794.77,753.08,546.1,759.63,834.17,926.38,710.46,572.51,639.77,581.45,504.21,0,0,85.87,77.03,95.43,122.46,116.43,151.78,94.08,155.42,132.55,203.55,190.66,102.09,194.92,0,0,0,0,0,91.28,153.34,182.35,168.62,268.32,244.31,295.56,299.92,408.46,376.85,378.93,287.76,363.86,0,0,0,0,13.62,168.52,153.65,242.12,236.51,368.12,296.29,545.68,0,,,,,,,153,,,,566,,
0.25,0,0,0,0,38.47,58.11,66.43,69.24,66.01,75.27,69.34,90.13,50,79.74,66.74,108.01,96.79,130.37,108.12,133.07,151.78,145.02,132.03,184.53,167.48,120.07,73.71,146.17,141.18,200.54,190.35,146.27,223.62,241.81,249.3,207.82,248.05,225.18,238.48,215.4,213.53,215.61,228.61,237.24,369.89,456.07,329.03,437.88,294.62,321.34,267.9,312.81,249.82,269.05,284.33,241.91,312.29,294.31,224.14,243.16,295.25,330.7,310.22,260.63,201.99,236.82,575.83,424.78,291.09,298.05,258.13,347.75,364.69,327.16,246.07,421.24,294.62,336.21,358.14,483.93,350.86,493.7,288.28,452.02,430.81,573.03,487.99,412.93,368.23,276.32,475.72,365.63,582.17,651.1,405.23,481.54,515.95,540.38,387.46,485.18,350.76,281.42,476.97,584.36,378.52,459.71,549.22,679.69,748.3,650.68,719.61,613.36,563.05,918.38,583.73,634.26,738.11,626.67,516.68,524.58,656.92,711.92,549.12,530.09,431.02,474.37,470.83,603.9,873.78,373.01,416.98,468.03,489.13,401.8,419.06,601.2,490.38,913.81,668.56,901.54,760.47,590.8,575.1,549.32,521.36,539.13,504.2,541.21,590.49,648.19,553.38,509.51,547.66,625.84,618.25,610.35,667.32,564.09,798.93,1129.52,1022.03,631.04,512.42,500.46,1058.52,1149.9,855.17,762.75,688.52,610.56,710.77,701.31,689.88,564.92,996.66,812.96,1029.62,748.09,660.04,513.25,638.94,578.12,706.61,800.28,705.47,726.78,806.42,695.39,617.21,941.46,871.39,575.83,684.16,972.75,1167.88,1184.62,1345.03,971.82,866.09,481.13,670.02,647.88,584.05,775.64,949.15,546.31,1091.68,830.12,735.1,792.9,881.79,794.77,753.08,546.1,759.63,834.17,926.38,707.55,572.51,639.77,581.45,504.21,0,0,85.87,77.03,95.43,122.46,116.43,151.78,74.85,153.76,132.55,196.8,190.66,102.09,194.92,0,0,0,0,0,91.28,153.34,182.35,168.62,268.32,244.31,295.56,299.92,408.46,376.85,378.93,287.76,363.86,0,0,0,0,0,168.52,153.65,242.12,224.03,368.12,296.29,545.68,0,,,,,,,154,,,,565.75,,
0.25,0,0,0,0,38.47,58.11,66.43,69.24,66.01,75.27,69.34,90.13,50,79.74,66.74,108.01,96.79,122.15,108.12,133.07,151.78,145.02,132.03,184.53,167.48,120.07,73.71,146.17,141.18,200.54,190.35,146.27,223.62,241.81,249.3,207.82,248.05,225.18,238.48,198.87,213.53,215.61,224.97,237.24,369.89,456.07,329.03,437.88,294.62,321.34,263.75,312.81,249.82,269.05,284.33,241.91,312.29,294.31,218.32,243.16,295.25,330.7,310.22,254.91,199.08,236.82,575.83,424.78,291.09,298.05,258.13,347.75,358.14,327.16,246.07,421.24,294.62,328.51,358.14,483.93,350.86,493.7,288.28,445.36,430.81,573.03,481.33,412.93,368.23,276.32,467.51,365.63,582.17,651.1,405.23,481.54,515.95,540.38,387.46,485.18,350.76,281.42,476.97,584.36,378.52,459.71,549.22,679.69,742.69,650.68,717.01,613.36,551.19,918.38,583.73,634.26,738.11,626.67,516.68,524.58,656.92,711.92,549.12,530.09,431.02,474.37,470.83,603.9,873.78,373.01,416.98,468.03,489.13,397.65,419.06,601.2,490.38,913.81,668.56,901.54,760.47,590.8,575.1,549.32,521.36,539.13,504.2,541.21,590.49,648.19,553.38,509.51,547.66,605.77,614.19,610.35,667.32,564.09,787.91,1129.52,1022.03,631.04,512.42,500.46,1058.52,1149.9,855.17,762.75,688.52,610.56,710.77,701.31,689.88,564.92,996.66,812.96,1029.62,748.09,657.23,513.25,638.94,578.12,703.6,800.28,705.47,726.78,806.42,695.39,613.67,941.46,871.39,575.83,684.16,972.75,1167.88,1176.3,1339.73,971.82,866.09,481.13,670.02,647.88,584.05,775.64,949.15,546.31,1091.68,830.12,735.1,792.9,881.79,794.77,753.08,546.1,759.63,826.48,926.38,707.55,572.51,639.77,581.45,504.21,0,0,85.87,77.03,95.43,122.46,116.43,151.78,74.85,153.76,132.55,196.8,190.66,102.09,194.92,0,0,0,0,0,88.57,153.34,180.37,168.62,268.32,244.31,295.56,299.92,408.46,376.85,374.46,287.76,363.86,0,0,0,0,0,168.52,153.65,242.12,224.03,368.12,296.29,537.68,0,,,,,,,155,,,,565.5,,
0.25,0,0,0,0,30.04,58.11,66.43,69.24,66.01,66.01,69.34,90.13,50,79.74,66.74,108.01,96.79,122.15,99.39,133.07,151.78,145.02,132.03,184.53,167.48,120.07,73.71,146.17,141.18,200.54,190.35,146.27,223.62,241.81,249.3,207.82,248.05,225.18,230.37,198.87,213.53,215.61,224.97,237.24,369.89,456.07,329.03,437.88,294.62,321.34,263.75,301.38,249.82,269.05,281.52,241.91,312.29,294.31,218.32,238.8,295.25,324.35,310.22,254.91,199.08,236.82,575.83,424.78,286.82,298.05,258.13,347.75,358.14,327.16,246.07,421.24,294.62,328.51,358.14,483.93,350.86,493.7,288.28,445.36,430.81,573.03,481.33,412.93,365.31,276.32,467.51,365.63,582.17,651.1,405.23,481.54,515.95,540.38,387.46,485.18,350.76,281.42,476.97,577.5,378.52,453.68,549.22,679.69,742.69,636.55,712.02,613.36,544.64,918.38,583.73,634.26,730.32,621.06,516.68,524.58,656.92,711.92,543.61,530.09,431.02,474.37,470.83,590.8,873.78,373.01,416.98,462.72,489.13,397.65,419.06,601.2,490.38,913.81,668.56,901.54,754.75,590.8,575.1,549.32,516.16,539.13,504.2,541.21,590.49,648.19,547.04,509.51,539.45,605.77,614.19,610.35,667.32,564.09,787.91,1125.99,1022.03,631.04,512.42,500.46,1058.52,1149.9,855.17,759.01,688.52,610.56,710.77,695.7,689.88,564.92,996.66,812.96,1029.62,748.09,657.23,511.9,638.94,578.12,699.44,800.28,705.47,726.78,799.24,695.39,613.67,941.46,871.39,575.83,684.16,972.75,1167.88,1176.3,1334.22,971.82,866.09,481.13,670.02,647.88,584.05,775.64,949.15,546.31,1091.68,824.61,735.1,792.9,881.79,794.77,753.08,546.1,759.63,826.48,923.79,707.55,572.51,639.77,581.45,504.21,0,0,85.87,77.03,95.43,122.46,116.43,151.78,74.85,153.76,132.55,196.8,190.66,102.09,190.45,0,0,0,0,0,81.92,147.41,180.37,168.62,268.32,244.31,295.56,283.39,408.46,376.85,374.46,287.76,363.86,0,0,0,0,0,168.52,153.65,242.12,224.03,368.12,296.29,537.68,0,,,,,,,156,,,,565.25,,
0.25,0,0,0,0,30.04,58.11,59.46,69.24,66.01,46.99,69.34,90.13,50,79.74,66.74,108.01,88.57,122.15,99.39,133.07,151.78,136.6,123.92,184.53,167.48,120.07,73.71,146.17,141.18,200.54,190.35,146.27,223.62,241.81,249.3,207.82,248.05,225.18,230.37,198.87,213.53,215.61,224.97,237.24,369.89,456.07,329.03,437.88,294.62,321.34,263.75,296.49,242.85,269.05,281.52,241.91,312.29,294.31,218.32,238.8,286.2,324.35,310.22,254.91,199.08,236.82,575.83,419.48,286.82,298.05,258.13,347.75,358.14,327.16,246.07,419.89,294.62,328.51,358.14,483.93,350.86,493.7,288.28,445.36,430.81,573.03,481.33,412.93,365.31,276.32,467.51,365.63,582.17,646.94,368.12,481.54,515.95,523.85,387.46,485.18,350.76,281.42,470.31,577.5,378.52,453.68,540.38,679.69,735.83,636.55,704.43,613.36,544.64,918.38,583.73,634.26,730.32,621.06,516.68,524.58,650.48,711.92,543.61,530.09,431.02,465.12,470.83,590.8,873.78,373.01,407.21,462.72,489.13,397.65,406.69,601.2,490.38,913.81,662.33,901.54,754.75,590.8,575.1,549.32,516.16,539.13,500.67,541.21,589.66,648.19,540.49,509.51,539.45,605.77,614.19,610.35,667.32,563.25,787.91,1125.99,1022.03,631.04,512.42,493.7,1058.52,1149.9,850.7,759.01,688.52,604.63,710.77,695.7,689.88,564.92,989.59,812.96,1026.08,748.09,657.23,511.9,631.87,578.12,699.44,800.28,705.47,726.78,799.24,695.39,613.67,941.46,871.39,575.83,684.16,967.86,1167.88,1176.3,1334.22,971.82,866.09,481.13,663.68,647.88,584.05,775.64,949.15,546.31,1087.21,824.61,735.1,792.9,881.79,794.77,753.08,546.1,759.63,826.48,923.79,707.55,567.52,630.1,581.45,504.21,0,0,85.87,77.03,95.43,122.46,116.43,151.78,74.85,153.76,132.55,196.8,190.66,99.07,190.45,0,0,0,0,0,72.46,147.41,180.37,168.62,260.52,244.31,286.1,283.39,408.46,376.85,374.46,281.21,363.86,0,0,0,0,0,168.52,153.65,242.12,224.03,368.12,296.29,537.68,0,,,,,,,157,,,,565,,
0.25,0,0,0,0,24.53,58.11,59.46,61.23,66.01,46.99,69.34,90.13,50,79.74,66.74,99.7,88.57,122.15,99.39,124.86,151.78,136.6,112.17,181.62,167.48,120.07,69.13,146.17,141.18,200.54,181.93,135.36,223.62,241.81,249.3,207.82,234.43,225.18,230.37,198.87,213.53,215.61,224.97,237.24,363.03,436.94,329.03,431.74,294.62,311.26,263.75,296.49,242.85,262.5,281.52,241.91,312.29,294.31,218.32,238.8,286.2,309.07,310.22,254.91,199.08,236.82,575.83,419.48,286.82,296.6,258.13,347.75,358.14,327.16,246.07,415.94,294.62,328.51,358.14,483.93,350.86,488.3,288.28,445.36,430.81,573.03,481.33,407,365.31,276.32,467.51,365.63,582.17,646.94,368.12,481.54,515.95,523.85,387.46,485.18,350.76,281.42,470.31,577.5,368.12,453.68,540.38,679.69,735.83,626.67,704.43,613.36,544.64,918.38,583.73,634.26,722,621.06,516.68,524.58,650.48,711.92,543.61,530.09,431.02,465.12,463.56,590.8,873.78,371.45,407.21,462.72,489.13,397.65,406.69,601.2,490.38,913.81,662.33,901.54,754.75,590.8,575.1,549.32,511.48,539.13,500.67,541.21,589.66,648.19,540.49,509.51,539.45,605.77,614.19,610.35,667.32,563.25,787.91,1125.99,1022.03,631.04,512.42,493.7,1058.52,1149.9,850.7,753.19,688.21,604.63,710.77,695.7,689.88,564.92,989.59,812.96,1024.94,748.09,657.23,511.9,631.87,578.12,699.44,800.28,705.47,726.78,799.24,695.39,613.67,941.46,871.39,575.83,684.16,967.86,1167.88,1176.3,1334.22,971.82,866.09,481.13,663.68,647.88,584.05,775.64,949.15,546.31,1087.21,824.61,735.1,792.9,881.79,794.77,745.39,546.1,759.63,826.48,923.79,707.55,567.52,630.1,581.45,504.21,0,0,85.87,76.41,95.43,122.46,116.43,151.78,74.85,153.76,132.55,196.8,190.66,99.07,190.45,0,0,0,0,0,69.76,147.41,175.17,168.62,260.52,244.31,286.1,283.39,408.46,376.85,374.46,281.21,363.86,0,0,0,0,0,168.52,153.65,242.12,224.03,368.12,296.29,537.68,0,,,,,,,158,,,,564.75,,
0.25,0,0,0,0,24.53,58.11,59.46,61.23,66.01,38.78,69.34,90.13,50,75.58,60.3,99.7,88.57,122.15,99.39,124.86,147.21,136.6,112.17,181.62,167.48,120.07,69.13,146.17,141.18,199.29,181.93,135.36,212.7,241.81,234.22,207.82,234.43,225.18,230.37,198.87,213.53,215.61,224.97,237.24,363.03,436.94,329.03,431.74,294.62,311.26,263.75,296.49,242.85,262.5,281.52,241.91,312.29,294.31,218.32,232.25,286.2,309.07,310.22,254.91,199.08,236.82,575.83,419.48,286.82,296.6,258.13,347.75,358.14,327.16,246.07,415.94,294.62,328.51,358.14,483.93,350.86,488.3,282.77,445.36,430.81,573.03,481.33,407,365.31,276.32,467.51,365.63,582.17,646.94,368.12,475.72,515.95,523.85,387.46,485.18,350.76,281.42,470.31,577.5,368.12,453.68,540.38,679.69,726.16,626.67,699.34,613.36,544.64,918.38,583.73,634.26,722,621.06,516.68,524.58,650.48,711.92,538.2,530.09,431.02,465.12,463.56,590.8,873.78,371.45,407.21,462.72,482.68,397.65,406.69,601.2,490.38,907.67,662.33,901.54,754.75,590.8,575.1,549.32,511.48,539.13,500.67,537.06,589.66,648.19,540.49,502.96,539.45,605.77,614.19,610.35,667.32,563.25,787.91,1125.99,1016.62,631.04,512.42,493.7,1058.52,1148.13,850.7,753.19,681.98,604.63,704.74,695.7,689.88,564.92,989.59,808.81,1024.94,748.09,657.23,511.9,631.87,578.12,699.44,800.28,705.47,726.78,799.24,695.39,613.67,941.46,871.39,575.83,684.16,967.86,1167.88,1176.3,1334.22,971.82,866.09,474.37,663.68,647.88,584.05,775.64,943.75,546.31,1087.21,824.61,735.1,792.9,874.51,794.77,745.39,546.1,759.63,826.48,923.79,707.55,567.52,622.41,581.45,504.21,0,0,85.87,76.41,95.43,117.06,116.43,151.78,74.85,153.76,132.55,196.8,190.66,99.07,190.45,0,0,0,0,0,64.35,147.41,175.17,168.62,260.52,244.31,277.88,283.39,408.46,368.74,374.46,281.21,363.86,0,0,0,0,0,168.52,153.65,242.12,224.03,368.12,296.29,537.68,0,,,,,,,159,,,,564.5,,
0.25,0,0,0,0,24.53,58.11,59.46,61.23,66.01,38.78,69.34,90.13,50,75.58,60.3,99.7,88.57,122.15,99.39,124.86,147.21,136.6,112.17,181.62,167.48,120.07,69.13,146.17,141.18,199.29,181.93,135.36,212.7,232.97,234.22,207.82,224.03,225.18,230.37,198.87,213.53,215.61,224.97,232.87,363.03,436.94,322.59,431.74,294.62,311.26,263.75,296.49,242.85,262.5,281.52,241.91,312.29,294.31,218.32,232.25,286.2,309.07,310.22,254.91,199.08,236.82,575.83,419.48,277.68,291.19,258.13,347.75,358.14,327.16,246.07,415.94,294.62,328.51,358.14,483.93,350.86,488.3,282.77,439.02,430.81,573.03,472.81,407,365.31,272.06,467.51,365.63,582.17,642.37,368.12,475.72,500.67,523.85,387.46,485.18,350.76,281.42,470.31,577.5,368.12,453.68,540.38,671.48,726.16,617.42,699.34,600.89,544.64,918.38,583.73,634.26,722,621.06,516.68,524.58,643.93,711.92,538.2,530.09,424.57,455.03,463.56,590.8,866.5,371.45,407.21,462.72,482.68,397.65,406.69,601.2,490.38,900.39,662.33,901.54,754.75,590.8,575.1,545.06,511.48,539.13,500.67,537.06,589.66,648.19,540.49,502.96,539.45,605.77,614.19,610.35,667.32,563.25,787.91,1125.99,1016.62,631.04,506.8,493.7,1058.52,1137.11,850.7,753.19,681.98,604.63,704.74,695.7,689.88,564.92,989.59,802.57,1024.94,748.09,657.23,510.55,628.44,578.12,699.44,800.28,705.47,726.78,799.24,687.49,613.67,941.46,871.39,575.83,684.16,967.86,1167.88,1176.3,1328.71,961,866.09,474.37,657.75,647.88,584.05,775.64,943.75,546.31,1087.21,824.61,735.1,792.9,874.51,794.77,745.39,546.1,759.63,826.48,923.79,707.55,567.52,622.41,581.45,504.21,0,0,85.87,76.41,95.43,117.06,116.43,145.86,74.85,153.76,132.55,196.8,190.66,99.07,190.45,0,0,0,0,0,57.59,147.41,169.35,168.62,260.52,244.31,277.88,283.39,408.46,368.74,374.46,281.21,355.33,0,0,0,0,0,168.52,153.65,242.12,224.03,368.12,296.29,537.68,0,,,,,,,160,,,,564.25,,
0.25,0,0,0,0,0,58.11,59.46,55.1,66.01,38.78,69.34,90.13,50,75.58,60.3,99.7,88.57,122.15,99.39,124.86,147.21,136.6,112.17,181.62,167.48,120.07,69.13,146.17,140.35,199.29,181.93,135.36,212.7,232.97,234.22,207.82,224.03,225.18,230.37,198.87,213.53,215.61,224.97,232.87,363.03,436.94,322.59,431.74,294.62,311.26,263.75,296.49,242.85,262.5,281.52,241.91,306.89,294.31,218.32,232.25,278.51,309.07,310.22,254.91,199.08,227.15,575.83,419.48,277.68,291.19,258.13,347.75,358.14,327.16,246.07,415.94,294.62,328.51,358.14,483.93,350.86,488.3,274.66,439.02,430.81,573.03,472.81,407,365.31,272.06,461.89,365.63,582.17,642.37,368.12,475.72,500.67,523.85,387.46,485.18,350.76,281.42,470.31,577.5,368.12,453.68,540.38,671.48,726.16,612.11,691.85,600.89,544.64,918.38,583.73,634.26,722,621.06,504.62,518.34,643.93,711.92,538.2,530.09,424.57,455.03,463.56,590.8,866.5,371.45,400.04,462.72,482.68,397.65,406.69,601.2,490.38,900.39,662.33,901.54,754.75,590.8,575.1,545.06,511.48,539.13,500.67,537.06,577.08,648.19,540.49,502.96,539.45,605.77,609.52,610.35,667.32,563.25,787.91,1125.99,1016.62,631.04,506.8,493.7,1058.52,1137.11,850.7,753.19,681.98,604.63,704.74,695.7,689.88,564.92,989.59,802.57,1024.94,748.09,657.23,510.55,628.44,575.21,699.44,788.74,705.47,720.34,799.24,687.49,613.67,935.74,871.39,575.83,674.59,967.86,1156.86,1176.3,1328.71,961,866.09,474.37,657.75,647.88,577.18,769.82,943.75,546.31,1078.17,824.61,735.1,792.9,874.51,794.77,745.39,546.1,759.63,826.48,919.52,692.89,567.52,622.41,581.45,504.21,0,0,79.63,76.41,95.43,117.06,116.43,145.86,74.85,153.76,132.55,196.8,184.63,99.07,190.45,0,0,0,0,0,52.29,147.41,169.35,168.62,260.52,242.23,277.88,283.39,408.46,368.74,374.46,281.21,355.33,0,0,0,0,0,168.52,153.65,242.12,224.03,368.12,296.29,537.68,0,,,,,,,161,,,,564,,
0.25,0,0,0,0,0,49.8,0,45.74,66.01,38.78,63.62,90.13,50,75.58,60.3,99.7,84.21,113.84,99.39,124.86,147.21,136.6,112.17,181.62,167.48,120.07,69.13,146.17,140.35,199.29,181.93,135.36,202.2,232.97,224.55,207.82,224.03,225.18,230.37,198.87,213.53,215.61,224.97,232.87,363.03,436.94,322.59,421.87,294.62,311.26,253.56,296.49,242.85,256.88,281.52,230.79,306.89,294.31,218.32,232.25,278.51,309.07,310.22,254.91,199.08,227.15,575.83,419.48,277.68,291.19,258.13,340.16,335.89,323,246.07,415.94,288.9,328.51,352.01,483.93,350.86,488.3,274.66,439.02,430.81,573.03,472.81,407,365.31,272.06,461.89,361.05,582.17,642.37,368.12,475.72,500.67,523.85,387.46,485.18,350.76,281.42,470.31,577.5,368.12,443.8,540.38,671.48,726.16,605.46,691.85,600.89,544.64,918.38,583.73,622.61,722,621.06,504.62,518.34,643.93,711.92,532.69,530.09,424.57,455.03,463.56,590.8,866.5,371.45,400.04,462.72,482.68,393.07,406.69,601.2,482.89,900.39,657.23,901.54,754.75,590.8,573.23,545.06,511.48,539.13,498.49,531.03,577.08,648.19,540.49,502.96,539.45,605.77,609.52,610.35,667.32,563.25,787.91,1125.99,1016.62,631.04,506.8,493.7,1052.49,1137.11,850.7,753.19,681.98,604.63,704.74,695.7,689.88,564.92,989.59,802.57,1024.94,748.09,657.23,507.22,628.44,575.21,699.44,788.74,705.47,720.34,788.33,687.49,613.67,935.74,871.39,575.83,674.59,967.86,1156.86,1176.3,1328.71,961,866.09,474.37,657.75,647.88,577.18,769.82,943.75,546.31,1078.17,818.58,735.1,774.29,874.51,792.17,745.39,546.1,759.63,826.48,919.52,692.89,567.52,622.41,581.45,504.21,0,0,79.63,73.81,95.23,117.06,116.43,145.86,74.85,153.76,132.55,196.8,184.63,92.84,190.45,0,0,0,0,0,52.29,147.41,169.35,168.62,260.52,233.39,277.88,283.39,408.46,368.74,374.46,281.21,355.33,0,0,0,0,0,168.52,153.65,242.12,224.03,368.12,296.29,537.68,0,,,,,,,162,,,,563.75,,
0.25,0,0,0,0,0,49.8,0,33.16,55.62,30.56,63.62,90.13,50,75.58,60.3,99.7,84.21,113.84,99.39,124.86,147.21,136.6,112.17,179.43,167.48,120.07,69.13,146.17,140.35,199.29,181.93,135.36,202.2,232.97,224.55,207.82,224.03,225.18,230.37,198.87,213.53,215.61,224.97,232.87,356.79,436.94,322.59,421.87,287.03,311.26,253.56,296.49,235.99,256.88,281.52,230.79,306.89,294.31,218.32,232.25,278.51,309.07,303.15,254.91,199.08,227.15,566.27,413.24,277.68,291.19,258.13,340.16,335.89,323,246.07,415.94,288.9,328.51,352.01,483.93,350.86,488.3,274.66,439.02,430.81,573.03,472.81,407,365.31,272.06,461.89,361.05,582.17,627.19,368.12,475.72,500.67,523.85,387.46,485.18,350.76,275.7,462.2,577.5,368.12,443.8,540.38,671.48,712.33,598.5,683.33,600.89,544.64,918.38,583.73,616.79,722,621.06,504.62,518.34,643.93,711.92,532.69,530.09,424.57,455.03,463.56,590.8,866.5,371.45,400.04,462.72,482.68,387.56,406.69,601.2,482.89,900.39,657.23,901.54,754.75,590.8,573.23,545.06,511.48,539.13,498.49,531.03,577.08,640.91,540.49,499.42,539.45,605.77,609.52,610.35,667.32,563.25,782.82,1125.99,1016.62,631.04,506.8,493.7,1052.49,1137.11,850.7,753.19,681.98,604.63,704.74,695.7,689.88,564.92,989.59,802.57,1024.94,748.09,657.23,507.22,628.44,575.21,692.79,788.74,705.47,720.34,788.33,681.14,613.67,935.74,871.39,569.6,674.59,967.86,1156.86,1176.3,1328.71,961,856.11,474.37,657.75,647.88,577.18,763.58,943.75,546.31,1078.17,818.58,735.1,774.29,874.51,792.17,745.39,536.02,759.63,826.48,919.52,692.89,567.52,622.41,581.45,504.21,0,0,70.8,73.81,95.23,111.96,116.43,135.25,74.85,145.65,132.55,196.8,180.58,92.84,190.45,0,0,0,0,0,47.72,133.28,169.35,168.62,260.52,233.39,277.88,283.39,408.46,368.74,374.46,281.21,355.33,0,0,0,0,0,168.52,146.17,234.33,224.03,361.99,292.13,531.03,0,,,,,,,163,,,,563.5,,
0.25,0,0,0,0,0,49.8,0,16.53,55.62,30.56,63.62,90.13,50,75.58,60.3,91.38,84.21,113.84,99.39,124.86,140.87,136.6,112.17,179.43,167.48,120.07,69.13,146.17,140.35,199.29,181.93,135.36,202.2,232.97,224.55,199.6,224.03,225.18,230.37,198.87,213.53,215.61,224.97,232.87,356.79,432.99,322.59,421.87,281.31,304.39,253.56,296.49,235.99,245.45,281.52,230.79,300.55,294.31,218.32,232.25,278.51,309.07,303.15,254.91,199.08,227.15,566.27,413.24,277.68,291.19,255.01,340.16,335.89,323,243.27,415.94,288.9,325.91,347.23,483.93,350.86,488.3,274.66,428.21,430.81,573.03,472.81,407,359.7,272.06,461.89,361.05,582.17,622.93,360.12,475.72,500.67,523.85,387.46,485.18,350.76,275.7,462.2,577.5,368.12,443.8,533.42,671.48,712.33,594.34,677.09,600.89,544.64,918.38,583.73,616.79,722,621.06,504.62,518.34,643.93,711.92,532.69,527.91,424.57,455.03,463.56,590.8,859.85,371.45,400.04,462.72,482.68,387.56,406.69,594.44,482.89,900.39,657.23,901.54,754.75,582.07,573.23,545.06,511.48,533.42,498.49,531.03,577.08,640.91,540.49,499.42,535.08,605.77,609.52,610.35,667.32,563.25,777.41,1125.99,1016.62,631.04,506.8,493.7,1052.49,1137.11,850.7,753.19,681.98,597.66,704.74,695.7,689.88,564.92,984.29,802.57,1012.98,748.09,657.23,507.22,628.44,575.21,692.79,788.74,705.47,720.34,788.33,681.14,613.67,935.74,871.39,562.94,674.59,967.86,1156.86,1176.3,1319.46,961,856.11,474.37,657.75,640.7,577.18,763.58,943.75,546.31,1078.17,818.58,735.1,774.29,870.77,792.17,745.39,536.02,759.63,826.48,919.52,692.89,567.52,622.41,581.45,504.21,0,0,70.8,73.81,95.23,111.96,116.43,135.25,74.85,145.65,132.55,196.8,180.58,92.84,190.45,0,0,0,0,0,30.04,133.28,169.35,168.62,260.52,233.39,277.88,283.39,398.27,363.34,374.46,281.21,355.33,0,0,0,0,0,168.52,146.17,234.33,224.03,361.99,292.13,531.03,0,,,,,,,164,,,,563.25,,
0.25,0,0,0,0,0,49.8,0,16.53,55.62,30.56,63.62,90.13,50,75.58,51.56,91.38,84.21,113.84,99.39,124.86,140.87,128.49,112.17,179.43,167.48,120.07,69.13,146.17,140.35,199.29,181.93,135.36,202.2,224.45,224.55,199.6,224.03,225.18,230.37,198.87,213.53,215.61,224.97,232.87,356.79,432.99,322.59,421.87,281.31,304.39,253.56,288.49,235.99,245.45,275.39,230.79,300.55,294.31,210.41,232.25,278.51,309.07,303.15,249.61,199.08,227.15,566.27,413.24,277.68,291.19,255.01,340.16,335.89,323,243.27,415.94,288.9,325.91,347.23,483.93,350.86,488.3,274.66,428.21,430.81,563.98,472.81,407,359.7,272.06,461.89,361.05,582.17,622.93,360.12,475.72,500.67,523.85,384.96,485.18,350.76,275.7,462.2,577.5,368.12,443.8,533.42,671.48,712.33,594.34,670.85,600.89,544.64,911.31,583.73,616.79,722,613.88,504.62,518.34,626.98,706.3,532.69,527.91,424.57,455.03,463.56,585.81,859.85,371.45,400.04,462.72,482.68,387.56,406.69,594.44,482.89,900.39,657.23,901.54,754.75,582.07,573.23,545.06,511.48,533.42,498.49,531.03,577.08,640.91,540.49,499.42,535.08,605.77,609.52,610.35,667.32,563.25,777.41,1116.11,1008.72,631.04,506.8,493.7,1052.49,1137.11,850.7,746.22,681.98,597.66,704.74,689.56,689.88,564.92,984.29,802.57,1001.86,748.09,657.23,507.22,628.44,575.21,692.79,788.74,687.59,720.34,776.58,681.14,613.67,935.74,871.39,562.94,674.59,967.86,1156.86,1176.3,1319.46,961,856.11,474.37,657.75,640.7,577.18,763.58,943.75,546.31,1078.17,818.58,723.77,774.29,868.27,792.17,739.26,536.02,759.63,826.48,919.52,692.89,567.52,622.41,581.45,504.21,0,0,70.8,73.81,95.23,111.96,116.43,135.25,71.42,145.65,127.77,196.8,180.58,92.84,190.45,0,0,0,0,0,25.47,133.28,169.35,168.62,253.45,233.39,277.88,283.39,398.27,363.34,374.46,281.21,355.33,0,0,0,0,0,160.62,146.17,234.33,224.03,361.99,292.13,531.03,0,,,,,,,165,,,,563,,
0.25,0,0,0,0,0,49.8,0,16.53,39.09,30.56,63.62,90.13,50,75.58,51.56,91.38,84.21,113.84,99.39,124.86,140.87,128.49,112.17,179.43,167.48,119.87,69.13,146.17,140.35,190.77,181.93,135.36,202.2,224.45,224.55,199.6,224.03,225.18,230.37,197.73,213.53,215.61,224.97,232.87,356.79,432.99,322.59,421.87,281.31,304.39,253.56,288.49,235.99,245.45,275.39,230.79,300.55,294.31,210.41,232.25,278.51,309.07,295.14,249.61,199.08,227.15,566.27,413.24,277.68,291.19,255.01,340.16,335.89,323,243.27,410.95,288.9,325.91,347.23,483.93,345.15,488.3,274.66,428.21,430.81,552.13,472.81,407,359.7,272.06,461.89,361.05,582.17,622.93,360.12,475.72,500.67,523.85,384.96,485.18,350.76,275.7,462.2,569.18,368.12,443.8,528.01,671.48,705.37,585.92,670.85,600.89,544.64,894.99,583.73,616.79,716.07,605.36,497.97,518.34,626.98,706.3,532.69,527.91,424.57,455.03,463.56,585.81,859.85,364.69,400.04,462.72,482.68,387.56,406.69,594.44,476.03,900.39,657.23,901.54,754.75,582.07,573.23,545.06,511.48,533.42,498.49,531.03,577.08,640.91,540.49,499.42,535.08,605.77,609.52,605.46,667.32,563.25,777.41,1116.11,1001.03,631.04,506.8,493.7,1045.94,1137.11,850.7,746.22,681.98,597.66,704.74,689.56,682.5,564.92,984.29,802.57,1001.86,748.09,657.23,507.22,628.44,568.04,692.79,788.74,687.59,720.34,776.58,681.14,613.67,935.74,871.39,562.94,674.59,967.86,1156.86,1170.59,1319.46,961,856.11,474.37,657.75,640.7,570.43,763.58,943.75,546.31,1078.17,818.58,723.77,774.29,868.27,792.17,739.26,536.02,759.63,826.48,914.33,692.89,567.52,622.41,581.45,504.21,0,0,70.8,73.81,95.23,111.96,116.43,135.25,71.42,145.65,127.77,196.8,180.58,92.84,190.45,0,0,0,0,0,19.02,133.28,169.35,168.62,253.45,233.39,277.88,283.39,398.27,363.34,374.46,281.21,355.33,0,0,0,0,0,155.73,146.17,234.33,223.1,361.99,292.13,531.03,0,,,,,,,166,,,,562.75,,
0.25,0,0,0,0,0,49.8,0,0,39.09,22.46,55.62,90.13,50,75.58,51.56,91.38,84.21,113.84,99.39,124.86,140.87,128.49,106.35,172.37,167.48,119.87,69.13,146.17,140.35,190.77,181.93,135.36,202.2,224.45,224.55,199.6,224.03,217.38,230.37,197.73,213.53,215.61,224.97,232.87,356.79,432.99,317.49,421.87,281.31,296.91,253.56,288.49,235.99,245.45,275.39,230.79,300.55,294.31,210.41,232.25,278.51,309.07,295.14,249.61,199.08,227.15,566.27,408.25,277.68,291.19,255.01,340.16,335.89,323,243.27,410.95,288.9,325.91,347.23,483.93,345.15,488.3,274.66,428.21,430.81,552.13,462.1,407,359.7,272.06,461.89,361.05,579.06,622.93,360.12,475.72,500.67,523.85,375.92,485.18,350.76,275.7,462.2,569.18,368.12,443.8,528.01,665.97,705.37,562.01,664.61,600.89,531.55,894.99,583.73,616.79,716.07,605.36,497.97,518.34,626.98,706.3,532.69,525.2,417.29,455.03,450.67,585.81,851.12,364.69,400.04,456.69,482.68,387.56,406.69,587.48,476.03,900.39,654.95,901.54,754.75,582.07,573.23,545.06,506.08,533.42,498.49,531.03,577.08,640.91,540.49,499.42,535.08,605.77,609.52,605.46,667.32,563.25,777.41,1116.11,1001.03,631.04,506.8,493.7,1045.94,1137.11,850.7,746.22,681.98,597.66,704.74,689.56,682.5,555.66,984.29,802.57,1001.86,748.09,657.23,507.22,628.44,568.04,692.79,788.74,687.59,720.34,776.58,681.14,609,935.74,864.94,562.94,674.59,967.86,1156.86,1161.23,1319.46,952.79,856.11,474.37,657.75,640.7,570.43,763.58,935.33,546.31,1078.17,818.58,723.77,774.29,868.27,792.17,739.26,536.02,759.63,819.93,914.33,687.07,567.52,622.41,581.45,504.21,0,0,70.8,73.81,95.23,111.96,116.43,135.25,67.68,145.65,127.77,196.8,180.58,92.84,190.45,0,0,0,0,0,13.62,133.28,169.35,166.13,253.45,233.39,277.88,283.39,390.26,363.34,374.46,281.21,355.33,0,0,0,0,0,155.73,146.17,234.33,223.1,361.99,292.13,531.03,0,,,,,,,167,,,,562.5,,
0.25,0,0,0,0,0,41.38,0,0,29,22.46,55.62,73.71,50,75.58,51.56,91.38,84.21,113.84,99.39,124.86,140.87,128.49,106.35,166.96,167.48,119.87,69.13,128.49,140.35,190.77,181.93,135.36,202.2,224.45,224.55,199.6,224.03,207.5,230.37,197.73,213.53,215.61,224.97,232.87,356.79,432.99,317.49,421.87,281.31,296.91,253.56,288.49,235.99,245.45,275.39,230.79,300.55,294.31,210.41,232.25,278.51,303.67,295.14,249.61,199.08,224.86,566.27,408.25,264.68,291.19,255.01,340.16,335.89,316.04,243.27,410.95,288.9,318.01,347.23,483.93,345.15,482.79,268.01,428.21,430.81,552.13,462.1,392.76,359.7,272.06,455.86,361.05,576.56,622.93,360.12,475.72,500.67,521.67,375.92,485.18,348.68,275.7,462.2,569.18,368.12,443.8,528.01,665.97,699.75,562.01,664.61,600.89,531.55,894.99,583.73,616.79,716.07,605.36,497.97,512.42,626.98,706.3,532.69,525.2,417.29,452.64,450.67,585.81,851.12,364.69,400.04,456.69,482.68,387.56,406.69,587.48,476.03,900.39,654.95,888.96,754.75,568.76,573.23,545.06,506.08,520.94,498.49,531.03,577.08,640.91,530.4,499.42,535.08,605.77,609.52,605.46,667.32,563.25,777.41,1116.11,1001.03,631.04,506.8,493.7,1045.94,1137.11,850.7,746.22,681.98,597.66,704.74,689.56,682.5,555.66,984.29,802.57,1001.86,748.09,657.23,507.22,628.44,568.04,692.79,775.64,687.59,720.34,776.58,681.14,609,935.74,864.94,562.94,674.59,967.86,1156.86,1161.23,1305.63,952.79,856.11,474.37,657.75,640.7,570.43,763.58,923.27,546.31,1078.17,818.58,723.77,774.29,868.27,792.17,739.26,536.02,759.63,819.93,914.33,687.07,567.52,622.41,581.45,504.21,0,0,70.8,73.81,95.23,111.96,110.61,135.25,67.68,145.65,127.77,196.8,180.58,92.84,185.98,0,0,0,0,0,0,133.28,169.35,166.13,253.45,233.39,277.88,283.39,390.26,363.34,374.46,281.21,355.33,0,0,0,0,0,155.73,139.31,234.33,223.1,361.99,286.82,531.03,0,,,,,,,168,,,,562.25,,
0.25,0,0,0,0,0,41.38,0,0,29,22.46,55.62,73.71,33.48,75.58,51.56,91.38,84.21,113.84,99.39,124.86,140.87,128.49,106.35,166.96,167.48,119.87,69.13,128.49,140.35,190.77,181.93,135.36,196.59,224.45,224.55,199.6,224.03,207.5,221.85,197.73,213.53,215.61,216.76,226.01,350.34,426.34,317.49,421.87,281.31,296.91,253.56,281.52,235.99,245.45,275.39,230.79,300.55,294.31,210.41,232.25,271.44,303.67,295.14,249.61,199.08,224.86,566.27,408.25,264.68,291.19,255.01,335.27,335.89,316.04,243.27,410.95,288.9,318.01,347.23,483.93,345.15,482.79,258.55,428.21,430.81,552.13,462.1,392.76,350.24,272.06,448.79,361.05,576.56,622.93,360.12,475.72,500.67,521.67,375.92,485.18,348.68,275.7,462.2,569.18,368.12,436.42,521.15,661.08,699.75,554.94,646.73,600.89,531.55,894.99,583.73,616.79,716.07,605.36,497.97,512.42,626.98,706.3,532.69,525.2,417.29,446.4,450.67,581.03,851.12,364.69,400.04,456.69,482.68,387.56,406.69,587.48,476.03,900.39,654.95,888.96,743.31,568.76,568.87,541.63,506.08,520.94,498.49,531.03,577.08,640.91,530.4,499.42,531.34,605.77,609.52,605.46,667.32,563.25,774.6,1103.43,1001.03,631.04,506.8,493.7,1045.94,1128.48,850.7,733.44,681.98,597.66,704.74,689.56,682.5,555.66,984.29,802.57,1001.86,748.09,650.27,507.22,624.8,568.04,692.79,775.64,687.59,720.34,776.58,681.14,609,935.74,864.94,562.94,674.59,967.86,1156.86,1161.23,1305.63,952.79,856.11,474.37,657.75,640.7,570.43,763.58,923.27,546.31,1071.41,818.58,723.77,774.29,861.2,792.17,734.68,536.02,759.63,819.93,914.33,687.07,567.52,614.92,577.81,504.21,0,0,70.8,73.81,95.23,111.96,110.61,135.25,67.68,145.65,127.77,196.8,180.58,92.84,185.98,0,0,0,0,0,0,133.28,169.35,166.13,253.45,233.39,277.88,283.39,390.26,363.34,374.46,281.21,355.33,0,0,0,0,0,155.73,139.31,234.33,223.1,357.52,286.82,531.03,0,,,,,,,169,,,,562,,
0.25,0,0,0,0,0,33.16,0,0,29,13.93,55.62,73.71,33.48,75.58,51.56,91.38,84.21,113.84,91.28,116.33,139.1,124.23,106.35,166.96,167.48,119.87,69.13,128.49,140.35,190.77,173.51,135.36,196.59,224.45,224.55,199.6,224.03,207.5,221.85,197.73,213.53,215.61,216.76,226.01,337.76,426.34,317.49,421.87,281.31,296.91,253.56,281.52,235.99,244.93,275.39,230.79,300.55,294.31,210.41,232.25,271.44,303.67,295.14,249.61,199.08,224.86,558.78,408.25,264.68,291.19,255.01,335.27,335.89,316.04,243.27,410.95,288.9,318.01,347.23,483.93,345.15,482.79,258.55,428.21,424.47,552.13,462.1,392.76,350.24,272.06,448.79,356.48,576.56,622.93,360.12,461.89,489.75,521.67,375.92,485.18,348.68,275.7,457.01,569.18,368.12,436.42,521.15,661.08,692.79,554.94,646.73,600.89,531.55,894.99,583.73,616.79,716.07,605.36,497.97,508.78,623.97,706.3,524.37,525.2,417.29,446.4,450.67,581.03,851.12,364.69,400.04,456.69,482.68,387.56,406.69,587.48,476.03,900.39,654.95,884.07,743.31,568.76,568.87,541.63,500.36,520.94,498.49,531.03,577.08,636.65,530.4,499.42,531.34,605.77,600.47,605.46,654.63,563.25,774.6,1103.43,995.83,631.04,506.8,493.7,1045.94,1128.48,838.64,733.44,681.98,597.66,704.74,689.56,682.5,555.66,984.29,802.57,1001.86,748.09,650.27,507.22,624.8,568.04,692.79,775.64,687.59,720.34,776.58,681.14,609,930.02,864.94,562.94,668.77,967.86,1156.86,1161.23,1305.63,952.79,856.11,474.37,657.75,640.7,570.43,763.58,923.27,539.97,1071.41,818.58,723.77,774.29,861.2,792.17,734.68,536.02,745.49,819.93,914.33,687.07,558.37,614.92,577.81,504.21,0,0,70.8,73.81,95.23,111.96,110.61,135.25,67.68,145.65,127.77,196.8,180.58,92.84,185.98,0,0,0,0,0,0,133.28,169.35,166.13,248.57,233.39,277.88,283.39,390.26,363.34,374.46,281.21,355.33,0,0,0,0,0,155.73,139.31,234.33,223.1,357.52,286.82,531.03,0,,,,,,,170,,,,561.75,,
0.25,0,0,0,0,0,24.74,0,0,29,13.93,55.62,73.71,33.48,75.58,51.56,91.38,84.21,113.84,91.28,108.01,139.1,124.23,106.35,161.24,167.48,119.87,69.13,128.49,140.35,190.77,169.77,135.36,196.59,224.45,224.55,191.29,224.03,207.5,221.85,197.73,213.53,215.61,216.76,226.01,337.76,426.34,317.49,421.87,281.31,296.91,253.56,281.52,235.99,244.93,275.39,230.79,296.29,294.31,210.41,226.42,271.44,303.67,295.14,249.61,199.08,224.86,558.78,408.25,264.68,291.19,255.01,335.27,335.89,309.18,243.27,410.95,288.9,318.01,347.23,475.3,345.15,482.79,258.55,428.21,424.47,552.13,462.1,392.76,350.24,269.05,448.79,356.48,576.56,613.26,360.12,456.18,489.75,515.43,375.92,480.61,348.68,265.72,457.01,569.18,368.12,436.42,521.15,661.08,692.79,549.32,646.73,600.89,531.55,894.99,583.73,616.79,703.39,605.36,497.97,508.78,623.97,706.3,524.37,525.2,417.29,446.4,450.67,581.03,851.12,362.92,400.04,456.69,482.68,387.56,406.69,587.48,476.03,900.39,654.95,884.07,743.31,568.76,557.54,541.63,500.36,517.3,498.49,531.03,577.08,636.65,530.4,499.42,531.34,605.77,600.47,605.46,654.63,563.25,774.6,1103.43,995.83,631.04,506.8,493.7,1045.94,1121.72,833.24,733.44,681.98,597.66,691.12,689.56,682.5,555.66,984.29,802.57,1001.86,748.09,650.27,505.24,624.8,568.04,692.79,775.64,687.59,720.34,776.58,681.14,609,921.6,864.94,562.94,668.77,967.86,1156.86,1161.23,1305.63,952.79,856.11,474.37,657.75,640.7,570.43,763.58,923.27,539.97,1071.41,818.58,723.77,774.29,861.2,792.17,734.68,531.13,745.49,819.93,914.33,687.07,558.37,614.92,577.81,504.21,0,0,70.8,73.81,95.23,111.96,110.61,135.25,67.68,145.65,127.77,192.01,180.58,92.84,181.51,0,0,0,0,0,0,119.87,157.81,166.13,248.57,233.39,277.88,283.39,390.26,363.34,374.46,281.21,348.68,0,0,0,0,0,155.73,139.31,234.33,223.1,357.52,286.82,531.03,0,,,,,,,171,,,,561.5,,
0.25,0,0,0,0,0,16.32,0,0,29,13.93,55.62,57.07,33.48,75.58,34.83,91.38,84.21,113.84,91.28,108.01,139.1,124.23,106.35,161.24,145.75,112.9,69.13,128.49,140.35,190.77,169.77,135.36,196.59,224.45,224.55,191.29,224.03,207.5,221.85,197.73,213.53,215.61,216.76,226.01,337.76,426.34,317.49,421.87,276.74,296.91,253.56,281.52,235.99,244.93,274.97,230.79,296.29,294.31,204.9,226.42,271.44,303.67,295.14,249.61,199.08,224.86,558.78,408.25,264.68,291.19,255.01,335.27,335.89,309.18,243.27,410.95,288.9,318.01,347.23,475.3,345.15,482.79,258.55,425.51,424.47,552.13,456.59,381.12,350.24,269.05,448.79,356.48,576.56,611.28,360.12,456.18,489.75,515.43,375.92,480.61,347.12,265.72,457.01,569.18,357.52,436.42,521.15,661.08,692.79,549.32,640.39,579.58,526.24,894.99,554.73,616.79,703.39,605.36,497.97,508.78,623.97,691.64,524.37,525.2,417.29,446.4,450.67,581.03,851.12,362.92,400.04,456.69,482.68,383.4,406.69,587.48,476.03,900.39,654.95,884.07,743.31,568.76,557.54,541.63,500.36,517.3,498.49,531.03,577.08,636.65,530.4,487.26,531.34,605.77,600.47,605.46,654.63,560.45,774.6,1103.43,995.83,631.04,506.8,493.7,1045.94,1121.72,833.24,733.44,681.98,597.66,691.12,689.56,682.5,555.66,984.29,802.57,1001.86,748.09,650.27,505.24,624.8,568.04,692.79,775.64,687.59,716.49,768.89,681.14,609,921.6,864.94,562.94,668.77,962.25,1148.86,1161.23,1305.63,952.79,856.11,474.37,657.75,636.34,570.43,763.58,923.27,539.97,1071.41,818.58,723.77,774.29,861.2,792.17,726.78,531.13,745.49,819.93,908.19,687.07,558.37,614.92,565.64,504.21,0,0,70.8,73.81,95.23,111.96,110.61,132.24,67.68,145.65,127.77,192.01,180.58,92.84,181.51,0,0,0,0,0,0,119.87,157.81,166.13,248.57,233.39,274.45,283.39,390.26,363.34,368.23,281.21,348.68,0,0,0,0,0,155.73,139.31,234.33,223.1,357.52,286.82,531.03,0,,,,,,,172,,,,561.25,,
0.25,0,0,0,0,0,0,0,0,22.66,13.93,55.62,57.07,33.48,75.58,34.83,91.38,84.21,113.84,91.28,108.01,139.1,120.07,106.35,161.24,145.75,112.9,69.13,128.49,140.35,190.77,169.77,135.36,196.59,224.45,224.55,191.29,224.03,207.5,221.85,197.73,207.92,215.61,216.76,226.01,337.76,426.34,317.49,421.87,276.74,296.91,253.56,281.52,235.99,244.93,274.97,230.79,296.29,294.31,204.9,217.8,271.44,303.67,295.14,249.61,199.08,224.86,558.78,408.25,264.68,291.19,249.3,335.27,325.19,309.18,243.27,410.95,288.9,310.74,347.23,475.3,345.15,482.79,258.55,423.12,424.47,552.13,456.59,381.12,350.24,269.05,448.79,356.48,576.56,611.28,360.12,456.18,489.75,515.43,375.92,479.77,347.12,265.72,457.01,569.18,357.52,436.42,521.15,661.08,669.81,549.32,640.39,579.58,526.24,894.99,554.73,610.87,703.39,605.36,497.97,508.78,623.97,691.64,524.37,525.2,410.85,446.4,450.67,581.03,851.12,362.92,400.04,456.69,482.68,383.4,406.69,587.48,476.03,900.39,654.95,884.07,743.31,568.76,557.54,541.63,500.36,517.3,498.49,531.03,577.08,636.65,530.4,487.26,531.34,605.77,600.47,605.46,654.63,560.45,774.6,1103.43,995.83,622.61,505.56,493.7,1045.94,1121.72,833.24,733.44,681.98,597.66,691.12,689.56,682.5,555.66,984.29,796.54,995,748.09,650.27,498.8,624.8,568.04,692.79,775.64,687.59,716.49,768.89,681.14,609,921.6,854.86,562.94,668.77,962.25,1148.86,1161.23,1305.63,947.38,856.11,467.4,657.75,636.34,570.43,763.58,923.27,539.97,1071.41,818.58,723.77,774.29,861.2,792.17,726.78,531.13,745.49,819.93,908.19,687.07,558.37,614.92,565.64,504.21,0,0,70.8,73.81,95.23,111.96,110.61,132.24,58.95,145.65,127.77,192.01,180.58,92.84,181.51,0,0,0,0,0,0,119.87,157.81,166.13,248.57,233.39,274.45,283.39,390.26,363.34,359.49,281.21,348.68,0,0,0,0,0,155.73,139.31,226.11,223.1,357.52,286.82,531.03,0,,,,,,,173,,,,561,,
0.25,0,0,0,0,0,0,0,0,22.66,13.93,55.62,57.07,33.48,67.26,34.83,83.06,84.21,113.84,91.28,108.01,139.1,120.07,106.35,161.24,145.75,112.9,69.13,128.49,140.35,190.77,169.77,135.36,196.59,224.45,224.55,191.29,224.03,207.5,221.85,197.73,207.92,215.61,209.27,219.67,337.76,426.34,317.49,414.59,276.74,296.91,253.56,281.52,226.63,244.93,274.97,230.79,296.29,292.23,204.9,217.8,271.44,303.67,292.65,249.61,199.08,224.86,558.78,408.25,264.68,284.75,249.3,335.27,316.66,309.18,243.27,410.95,288.9,310.74,347.23,475.3,345.15,482.79,258.55,423.12,424.47,552.13,456.59,381.12,350.24,269.05,448.79,356.48,576.56,611.28,360.12,456.18,489.75,515.43,375.92,479.77,347.12,265.72,457.01,569.18,357.52,430.7,508.88,661.08,669.81,542.36,640.39,536.02,526.24,894.99,554.73,605.36,697.88,605.36,497.97,508.78,623.97,691.64,524.37,525.2,408.25,446.4,450.67,569.8,851.12,362.92,400.04,456.69,482.68,383.4,406.69,587.48,476.03,900.39,654.95,884.07,743.31,568.76,557.54,533.52,500.36,517.3,498.49,516.58,577.08,636.65,530.4,487.26,531.34,605.77,600.47,605.46,654.63,560.45,774.6,1100.83,995.83,622.61,505.56,493.7,1045.94,1111.74,833.24,733.44,675.53,587.16,691.12,689.56,682.5,555.66,984.29,796.54,995,735.62,650.27,498.8,624.8,568.04,692.79,766.18,687.59,716.49,768.89,681.14,604.63,921.6,854.86,562.94,668.77,962.25,1148.86,1161.23,1305.63,947.38,856.11,464.91,657.75,628.85,570.43,763.58,923.27,539.97,1071.41,818.58,723.77,774.29,861.2,792.17,721.38,531.13,745.49,819.93,908.19,687.07,558.37,611.91,565.64,504.21,0,0,70.8,73.81,95.23,107.91,110.61,132.24,55.83,145.65,119.14,192.01,180.58,92.84,181.51,0,0,0,0,0,0,116.85,157.81,166.13,248.57,233.39,271.75,283.39,390.26,363.34,359.49,281.21,348.68,0,0,0,0,0,155.73,139.31,226.11,223.1,357.52,286.82,531.03,0,,,,,,,174,,,,560.75,,
0.25,0,0,0,0,0,0,0,0,22.66,13.93,55.62,57.07,33.48,67.26,34.83,83.06,84.21,113.84,91.28,108.01,139.1,120.07,106.35,161.24,145.75,112.9,69.13,128.49,140.35,190.77,169.77,135.36,188.37,224.45,224.55,191.29,224.03,207.5,221.85,190.77,207.92,215.61,209.27,219.67,332.26,426.34,317.49,414.59,276.74,296.91,253.56,281.52,226.63,244.93,274.97,230.79,296.29,292.23,204.9,217.8,271.44,303.67,292.65,249.61,197.73,224.86,558.78,408.25,264.68,284.75,249.3,328.93,316.66,309.18,243.27,410.95,288.9,310.74,347.23,468.75,345.15,482.79,258.55,423.12,424.47,552.13,453.89,381.12,350.24,269.05,448.79,356.48,576.56,606.08,360.12,456.18,489.75,515.43,375.92,479.77,347.12,265.72,441.1,569.18,357.52,430.7,508.88,661.08,669.81,542.36,634.05,529.26,517.82,894.99,554.73,605.36,697.88,595.27,497.97,508.78,623.97,691.64,524.37,518.76,408.25,446.3,445.05,569.8,841.24,362.92,400.04,456.69,473.22,383.4,406.69,587.48,476.03,900.39,652.14,884.07,743.31,568.76,557.54,533.52,500.36,517.3,498.49,516.58,577.08,636.65,530.4,487.26,531.34,605.77,600.47,605.46,654.63,560.45,774.6,1100.83,995.83,611.7,505.56,493.7,1040.43,1111.74,833.24,733.44,675.53,587.16,691.12,689.56,682.5,555.66,972.96,796.54,991.46,735.62,650.27,498.8,624.8,568.04,685.41,766.18,687.59,716.49,768.89,681.14,604.63,921.6,845.71,562.94,668.77,962.25,1148.86,1161.23,1305.63,947.38,856.11,464.91,657.75,628.85,570.43,763.58,923.27,539.97,1071.41,818.58,723.77,774.29,861.2,792.17,718.15,531.13,745.49,817.02,908.19,687.07,558.37,611.91,565.64,504.21,0,0,70.8,73.81,95.23,107.91,101.26,132.24,55.83,145.65,119.14,185.78,180.58,92.84,181.51,0,0,0,0,0,0,116.85,157.81,166.13,248.57,229.96,271.75,275.08,390.26,363.34,359.49,281.21,348.68,0,0,0,0,0,155.73,139.31,226.11,223.1,357.52,286.82,531.03,0,,,,,,,175,,,,560.5,,
0.25,0,0,0,0,0,0,0,0,15.7,13.93,55.62,57.07,33.48,67.26,34.83,83.06,76.72,113.84,91.28,108.01,139.1,120.07,106.35,161.24,145.75,112.9,69.13,128.49,140.35,182.45,169.77,135.36,188.37,224.45,224.55,191.29,212.91,207.5,221.85,190.77,207.92,215.61,209.27,219.67,332.26,413.03,317.49,414.59,276.74,296.91,240.67,281.52,226.63,244.93,274.97,230.79,296.29,292.23,204.9,217.8,271.44,303.67,292.65,249.61,197.73,224.86,558.78,408.25,264.68,284.75,238.69,328.93,316.66,309.18,243.27,400.87,288.9,310.74,347.23,468.75,345.15,482.79,258.55,423.12,424.47,546.31,453.89,381.12,350.24,269.05,448.79,356.48,576.56,606.08,360.12,456.18,489.75,515.43,375.92,479.77,347.12,265.72,441.1,569.18,357.52,430.7,508.88,661.08,661.5,536.74,634.05,523.96,517.82,894.99,554.73,605.36,697.88,595.27,497.97,508.78,623.97,691.64,524.37,518.76,408.25,446.3,445.05,569.8,841.24,362.92,400.04,456.69,467.3,380.8,399,587.48,467.82,890,638,884.07,743.31,568.76,557.54,533.52,500.36,517.3,498.49,516.58,577.08,636.65,530.4,487.26,531.34,605.77,600.47,605.46,654.63,560.45,774.6,1100.83,989.28,611.7,505.56,493.7,1035.54,1111.74,833.24,733.44,675.53,587.16,691.12,685.09,682.5,555.66,972.96,796.54,991.46,728.45,650.27,498.8,624.8,568.04,685.41,766.18,687.59,716.49,768.89,681.14,604.63,921.6,845.71,562.94,668.77,958.51,1148.86,1161.23,1298.77,947.38,856.11,464.91,651,628.85,570.43,763.58,923.27,539.97,1071.41,812.86,723.77,774.29,861.2,792.17,718.15,531.13,745.49,817.02,908.19,679.9,558.37,611.91,565.64,504.21,0,0,70.8,66.85,95.23,107.91,101.26,132.24,55.83,145.65,119.14,185.78,180.58,92.84,181.51,0,0,0,0,0,0,116.85,157.81,166.13,248.57,229.96,271.75,275.08,390.26,363.34,359.49,272.06,348.68,0,0,0,0,0,155.73,139.31,226.11,223.1,357.52,286.82,531.03,0,,,,,,,176,,,,560.25,,
0.25,0,0,0,0,0,0,0,0,15.7,0,55.62,57.07,33.48,67.26,34.83,83.06,76.72,113.84,91.28,108.01,139.1,120.07,106.35,153.76,145.75,112.9,69.13,128.49,140.35,182.45,169.77,135.36,177.36,224.45,224.55,191.29,212.91,207.5,219.46,190.77,207.92,215.61,209.27,219.67,332.26,413.03,317.49,414.59,276.74,282.77,240.67,273.93,226.63,244.93,274.97,230.17,287.14,287.97,198.98,217.8,271.44,293.89,292.65,239.73,197.73,224.86,558.78,404.92,264.68,284.75,238.69,328.93,316.66,309.18,243.27,400.87,272.48,310.74,347.23,468.75,345.15,470.31,258.55,416.36,424.47,546.31,453.89,381.12,350.24,269.05,448.79,351.18,576.56,606.08,360.12,456.18,489.75,507.95,375.92,479.77,347.12,265.72,441.1,569.18,357.52,430.7,508.88,661.08,661.5,536.74,634.05,523.96,517.82,894.99,554.73,605.36,697.88,595.27,497.97,508.78,623.97,691.64,524.37,518.76,408.25,446.3,445.05,569.8,841.24,362.92,394.42,456.69,467.3,380.8,399,587.48,467.82,890,638,884.07,731.04,568.76,557.54,533.52,500.36,517.3,498.49,516.58,577.08,633.22,530.4,487.26,531.34,605.77,600.47,605.46,654.63,560.45,767.85,1100.83,989.28,611.7,505.56,493.7,1035.54,1108.94,833.24,723.87,675.53,587.16,691.12,685.09,675.63,555.66,972.96,796.54,991.46,728.45,650.27,498.8,621.06,568.04,685.41,766.18,687.59,716.49,762.86,681.14,604.63,921.6,845.71,562.94,668.77,958.51,1148.86,1161.23,1290.24,947.38,856.11,464.91,651,628.85,570.43,763.58,911.83,489.44,1071.41,812.86,723.77,774.29,852.57,792.17,713.79,531.13,745.49,817.02,908.19,679.9,558.37,611.91,565.64,504.21,0,0,67.16,66.85,89.93,107.91,101.26,132.24,55.83,145.65,119.14,185.78,180.58,92.84,181.51,0,0,0,0,0,0,116.85,157.81,166.13,248.57,229.96,271.75,275.08,390.26,363.34,359.49,272.06,348.68,0,0,0,0,0,155.73,139.31,226.11,223.1,357.52,286.82,531.03,0,,,,,,,177,,,,560,,
2,0,0,0,0,0,0,0,0,0,0,24.64,57.07,33.48,67.26,34.83,74.75,76.72,82.96,81.61,99.7,122.57,99.49,98.03,122.88,145.75,105.83,63.1,122.36,132.13,165.71,164.46,132.44,177.36,199.81,203.24,177.88,212.91,207.5,211.35,190.77,191.29,197.73,191.49,219.67,318.74,408.04,311.88,395.05,258.34,282.77,240.67,268.32,226.63,235.68,269.05,217.8,279.76,287.97,198.98,207.71,259.59,288.9,292.44,239.73,197.73,216.44,537.26,395.57,249.71,284.75,238.69,311.67,300.13,309.18,238.17,397.23,272.48,305.43,334.85,468.75,338.6,470.31,242.54,405.03,424.47,527.28,430.6,381.12,345.77,266.97,428.63,351.18,569.08,568.14,351.7,448.9,489.75,501.61,375.92,467.71,347.12,262.81,435.18,552.34,357.52,408.25,492.56,647.15,632.49,511.48,599.85,513.14,494.02,888.23,554.73,605.36,678.44,583.01,485.39,495.58,613.26,687.38,507.32,509.09,405.13,426.34,445.05,562.84,841.24,356.27,387.35,449.11,467.3,377.69,389.02,578.02,467.82,890,638,884.07,725.22,568.76,557.54,523.13,490.59,506.8,486.43,516.58,577.08,624.8,523.54,486.74,528.32,592.26,589.87,597.04,646.21,552.34,754.33,1091.58,982.94,611.7,505.56,487.88,1030.03,1091.78,827.83,716.07,675.53,587.16,681.46,675.32,669.4,549.53,972.96,792.28,975.87,725.64,638.42,494.12,615.86,556.08,673.76,758.18,666.59,710.56,724.49,675.32,604.63,909.65,836.46,551.82,663.47,958.51,1141.06,1161.23,1280.58,932,842.8,464.91,651,621.57,554.21,757.14,905.8,489.44,1057.89,812.86,717.01,757.87,839.68,784.9,706.2,531.13,745.49,814.94,900.6,670.33,558.37,606.92,565.64,504.21,0,0,59.78,31.71,88.89,102.71,95.33,118.31,55.31,135.56,111.86,185.78,166.34,83.69,165.82,0,0,0,0,0,0,59.26,141.39,149.08,237.65,220.39,271.75,275.08,378.93,353.15,358.14,265.31,344.73,0,0,0,0,0,150.53,139.31,212.6,206.67,352.32,286.82,522.19,0,,,,,,,178,,,,558,,
2,0,0,0,0,0,0,0,0,0,0,16.32,57.07,25.89,49.59,34.83,57.7,58.95,82.96,73.4,99.7,117.06,91.38,98.03,107.18,145.75,99.28,54.99,111.44,115.29,153.96,150.64,128.91,168.62,199.81,199.19,174.03,196.17,199.81,202.93,172.88,191.29,197.73,184.11,208.96,298.36,388.81,297.95,390.16,243.58,273,236.2,253.66,226.63,235.68,263.64,213.01,273.62,287.97,189.31,200.64,259.59,288.9,286.72,237.24,193.88,216.44,537.26,381.74,249.71,273.1,233.18,311.67,300.13,290.36,238.17,393.38,261.67,305.43,321.24,459.81,338.6,407.83,230.79,398.27,416.46,501.92,423.64,364.07,340.36,259.28,428.63,351.18,569.08,548.8,342.44,446.92,483.72,496.3,370.51,440.17,338.28,255.43,422.7,552.34,341.61,394.73,479.98,647.15,593.71,471.77,592.26,504.72,489.13,872.22,548.7,586.33,660.04,579.16,485.39,490.07,606.08,683.12,501.81,501.4,389.74,426.34,439.02,552.23,826.17,356.27,381.64,436.21,456.49,375.92,389.02,573.34,452.02,881.37,623.65,877.52,720.75,555.56,539.76,507.22,490.59,506.8,486.43,506.08,577.08,618.98,514.91,476.55,511.38,592.26,589.87,578.64,646.21,552.34,743.42,1077.96,972.75,604.53,498.49,487.88,1016.41,1087.21,821.7,704.53,668.36,572.51,678.65,668.56,669.4,548.8,954.97,781.78,953.73,697.15,638.42,488.61,615.86,556.08,670.85,744.25,666.59,710.56,724.49,675.32,596.83,899.25,827.93,551.82,656.19,951.44,1131.19,1145.22,1263.42,921.08,835.73,455.76,647.15,601.61,554.21,751.94,892.39,486.53,1057.89,800.07,712.44,744.87,836.25,780.63,690.08,528.43,737.18,797.06,864.53,657.54,543.71,600.78,557.12,484.24,0,0,48.24,31.71,88.89,88.26,89.09,107.91,50.63,135.56,107.29,180.47,163.11,81.5,149.81,0,0,0,0,0,0,0,118.41,149.08,232.66,220.39,257.3,270.71,378.93,348.99,352.94,263.85,339.74,0,0,0,0,0,143.57,134.63,202.31,201.47,352.32,277.36,522.19,0,,,,,,,179,,,,556,,
2,0,0,0,0,0,0,0,0,0,0,0,31.4,17.57,33.06,34.83,41.48,58.95,82.96,58.22,83.69,108.74,91.38,98.03,65.91,145.75,99.28,54.99,111.44,115.29,138.37,143.05,128.91,152.4,199.81,186.82,149.18,180.16,174.86,202.72,164.46,182.87,189.21,178.5,199.81,298.36,353.98,293.79,376.02,237.44,262.39,224.34,237.03,226.63,224.45,256.26,213.01,262.39,285.16,189.31,192.74,244.93,262.91,281.31,227.26,193.88,209.27,512.21,374.36,236.4,262.08,225.38,305.85,285.27,290.36,235.99,375.71,261.67,296.39,321.24,459.81,338.6,407.83,224.86,381.53,412.2,487.05,411.47,364.07,327.99,259.28,421.66,337.04,561.59,536.95,342.44,435.38,483.72,492.56,370.51,430.6,338.28,255.43,416.36,539.13,335.89,391.93,463.45,633.74,551.19,446.82,587.79,500.77,477.69,866.92,517.82,579.26,647.98,576.35,472.6,479.46,606.08,683.12,489.86,501.4,389.74,407.94,432.37,547.35,826.17,347.95,381.64,436.21,456.49,375.92,382.05,566.89,452.02,869.41,607.23,863.8,714.93,549.63,539.76,501.92,478.73,471.56,486.43,506.08,561.59,615.23,514.91,476.55,511.38,592.26,580.61,578.64,636.65,552.34,733.12,1060.18,958.3,598.91,498.49,483.62,1016.41,1075.77,810.99,693.62,665.24,572.51,668.88,661.29,656.92,546.41,936.57,772.94,940.52,659.31,628.02,478.32,611.59,534.77,665.76,732.6,654.43,706.3,689.25,664.3,590.39,887.71,808.91,543.61,656.19,938.76,1125.99,1145.22,1254.48,833.76,835.73,455.76,640.18,583.32,542.77,746.64,880.12,486.53,1046.25,800.07,707.86,744.87,821.59,780.63,680,528.43,731.25,794.15,862.24,653.91,543.71,591.63,557.12,484.24,0,0,44.81,23.91,85.45,88.26,77.55,94.81,47.3,129.12,103.34,164.78,154.8,69.96,113.21,0,0,0,0,0,0,0,92.32,145.13,220.91,200.75,251.06,270.71,374.15,348.99,345.98,263.85,339.74,0,0,0,0,0,133.38,134.63,202.31,195.86,336.62,277.36,516.26,0,,,,,,,180,,,,554,,
2,0,0,0,0,0,0,0,0,0,0,0,0,0,0,26.51,0,0,66.53,0,67.05,91.17,79.11,95.43,30.36,145.75,80.05,54.99,98.76,99.28,138.37,134.21,128.91,144.09,191.08,174.44,149.18,180.16,174.86,194.3,157.71,174.34,189.21,169.04,192.64,277.36,331.42,276.12,355.65,216.13,250.75,224.34,219.04,218.63,223.83,254.18,205.94,257.2,276.22,183.59,188.27,243.16,262.91,274.97,227.26,190.25,203.66,452.02,363.03,225.18,262.08,224.97,289.01,279.13,276.01,232.25,369.89,257.82,296.39,310.84,454.1,338.6,407.83,218.42,371.97,412.2,467.61,399.1,349.2,327.99,253.97,409.91,334.65,559.51,510.23,331.22,428.11,480.71,476.66,370.51,420.83,335.06,255.43,414.28,524.89,335.89,380.28,463.45,628.54,507.01,434.34,581.45,492.04,474.99,857.88,517.82,571.99,635.61,572.19,472.6,469.27,600.47,670.12,478.63,478.53,377.27,407.94,425.4,547.35,818.68,347.95,363.03,426.86,442.97,375.92,382.05,561.28,439.85,860.89,580.41,851.74,705.99,546.52,529.26,495.16,471.56,471.56,480.09,491.83,561.59,610.87,501.81,473.64,500.77,582.9,573.86,571.05,623.86,548.91,714.62,1047.81,954.97,598.91,498.49,483.62,1003.31,1062.26,804.23,684.89,653.59,560.65,668.88,655.26,656.92,546.41,931.58,772.94,918.59,634.36,628.02,475.1,611.59,522.4,661.08,726.16,654.43,706.3,670.12,655.88,590.39,879.19,804.13,530.4,649.33,933.14,1117.67,1129.11,1230.47,770.13,832.72,455.76,635.4,576.35,542.77,746.64,869,477.59,1042.61,800.07,704.53,731.46,821.59,780.63,662.85,514.29,722.31,794.15,845.71,653.91,535.7,582.28,557.12,484.24,0,0,0,17.78,17.67,80.26,71.73,80.46,39.61,122.46,94.81,149.18,143.15,63.42,99.7,0,0,0,0,0,0,0,80.46,136.91,220.91,200.75,251.06,251.89,369.78,339.84,345.98,257.2,324.15,0,0,0,0,0,122.36,126,191.18,195.86,336.62,277.36,510.75,0,,,,,,,181,,,,552,,
2,0,0,0,0,0,0,0,0,0,0,0,0,0,0,26.51,0,0,58.22,0,16.63,70.8,79.11,84.21,21.94,133.28,80.05,54.99,73.81,92.84,118.1,126.31,124.54,132.76,182.66,174.44,124.65,157.91,174.86,185.98,140.87,174.34,189.21,166.44,192.64,266.34,298.68,262.29,337.97,209.17,243.68,208.85,211.45,218.63,223.83,254.18,194.51,245.34,261.46,183.59,183.8,243.16,253.35,270.71,224.45,186.61,198.87,436.63,351.7,219.25,262.08,211.97,284.23,279.13,276.01,232.25,361.99,254.91,296.39,295.25,437.88,329.24,407.83,210.41,366.46,404.2,439.13,385.38,344.73,321.65,251.58,397.02,334.65,550.57,487.05,331.22,428.11,474.47,476.66,370.51,420.83,329.24,255.43,408.04,521.25,323.52,360.95,449.42,621.68,497.14,434.34,567.72,487.57,466.78,844.05,517.82,567.72,616.38,564.29,464.6,462.1,592.36,670.12,470.94,478.53,369.47,388.81,425.4,547.35,806.21,341.3,363.03,426.86,442.97,353.36,371.14,552.75,439.85,857.77,564.71,844.26,689.25,540.59,522.4,469.17,462.52,464.8,480.09,491.83,561.59,604.32,498.17,467.92,493.5,582.9,567.31,565.75,623.86,542.05,702.46,1035.44,940.63,586.54,495.99,477.28,987.31,1052.28,786.25,677.09,653.59,560.65,660.56,649.02,638.94,541.21,925.14,754.44,912.14,615.55,622.2,463.14,603.38,509.51,646.94,716.18,626.15,704.12,661.18,655.88,577.6,871.91,794.46,530.4,640.39,920.46,1075.25,1121.62,1226.52,751.63,815.36,454.51,635.4,570.43,529.57,731.15,862.24,471.15,1031.8,786.14,696.11,722.94,815.98,780.63,657.86,511.17,722.31,777.83,845.71,642.37,528.53,572.82,557.12,484.24,0,0,0,0,17.67,57.91,50.84,69.65,39.61,108.95,82.34,112.28,122.57,57.39,96.47,0,0,0,0,0,0,0,0,81.3,212.18,197.42,240.87,251.89,360.53,332.46,334.75,257.2,324.15,0,0,0,0,0,20.06,126,191.18,189.93,324.67,277.36,506.39,0,,,,,,,182,,,,550,,
2,0,0,0,0,0,0,0,0,0,0,0,0,0,0,26.51,0,0,24.74,0,0,53.64,61.44,75.37,0,127.14,19.75,54.99,30.67,92.84,101.36,126.31,124.54,124.13,166.34,153.44,124.65,152.2,174.86,173.72,140.87,165.92,157.5,147.41,179.23,256.26,275.08,255.32,324.77,200.85,219.67,208.85,208.13,198.98,216.24,241.08,194.51,245.34,237.76,168.21,178.29,233.6,251.27,270.71,213.64,186.61,198.87,421.04,351.7,218.11,245.34,195.34,280.17,258.86,264.99,228.5,357.41,247.94,282.15,295.25,437.88,329.24,382.68,200.02,345.35,396.5,423.43,378.41,336.31,318.12,251.58,397.02,327.99,548.39,467.82,323.63,412.82,474.47,463.76,364.48,402.84,320.92,246.38,408.04,510.44,313.96,360.95,449.42,603.17,477.8,420.41,562.11,475.51,460.13,844.05,487.16,560.34,606.71,564.29,447.75,450.98,579.16,670.12,460.44,466.57,366.77,388.81,410.74,540.17,806.21,341.3,356.17,417.61,437.36,353.36,362.61,547.14,419.06,843.94,559.3,836.46,687.8,540.59,516.47,469.17,458.25,461.89,463.35,484.87,550.26,588.62,498.17,454.93,487.99,573.44,557.85,558.16,604.21,542.05,661.6,1021.61,930.34,586.54,488.92,477.28,977.74,1047.08,786.25,671.68,653.59,544.64,654.95,635.92,638.94,540.07,910.37,754.44,895.3,606.08,615.23,463.14,600.26,509.51,639.25,716.18,626.15,700.69,649.96,653.07,577.6,871.91,785.1,530.4,634.57,910.69,1058.21,1121.62,1208.95,751.63,807.14,445.88,635.4,564.81,520.32,731.15,841.97,471.15,1025.46,786.14,691.85,716.8,810.57,780.63,653.59,511.17,722.31,777.83,818.37,629.27,523.13,563.46,548.91,484.24,0,0,0,0,0,25.37,30.46,61.65,24.12,69.96,68.61,68.72,59.15,50.63,80.78,0,0,0,0,0,0,0,0,46.68,206.26,189.41,240.87,243.89,345.46,332.46,334.75,244.1,324.15,0,0,0,0,0,0,116.02,172.05,189.93,324.67,263.02,496.62,0,,,,,,,183,,,,548,,
2,0,0,0,0,0,0,0,0,0,0,0,0,0,0,18.4,0,0,0,0,0,45.53,50,58.74,0,106.35,0,54.99,12.06,92.84,85.04,65.6,124.54,107.49,132.65,111.96,117.16,132.76,158.95,173.72,131.3,151.16,157.5,147.41,179.23,243.89,267.7,242.23,287.24,193.68,213.22,202.83,201.99,174.13,207.19,237.44,191.18,229.96,223.2,168.21,175.9,230.48,235.16,263.54,213.64,181.41,193.68,397.85,337.56,212.08,245.34,192.33,256.26,239.83,258.24,226.32,348.26,247.94,282.15,295.25,426.44,328.1,382.68,191.29,337.14,390.68,410.85,359.08,329.97,303.67,249.19,377.27,306.89,533.21,447.34,323.63,412.82,467.4,463.76,364.48,390.47,313.54,246.38,393.8,497.86,313.96,337.04,438.81,590.8,466.78,414.9,555.66,467.71,460.13,824.71,484.24,546.2,580.2,557.02,447.75,445.99,574.9,650.37,438.81,466.57,360.32,379.97,410.74,529.26,797.16,335.58,340.16,401.6,424.36,353.36,359.7,540.07,419.06,843.11,546.72,828.66,680.21,527.08,503.58,455.55,458.25,449.83,463.35,473.95,550.26,583.01,485.28,449.83,480.71,570.22,527.18,551.92,604.21,542.05,653.18,1010.49,930.34,578.02,488.92,477.28,967.34,1035.54,779.49,659.31,642.05,532.48,648.29,628.64,638.94,540.07,898,740.82,882.72,584.57,609,450.46,600.26,505.45,639.25,706.72,626.15,680.62,644.03,653.07,577.6,858.6,778.66,513.25,634.57,891.87,1049.99,1090.02,1202.19,743.83,807.14,445.88,617.83,564.81,520.32,724.18,841.97,464.18,1022.76,784.38,686.55,694.03,810.57,773.77,645.07,511.17,712.96,772.42,796.85,629.27,517.41,556.7,548.91,484.24,0,0,0,0,0,0,0,0,19.96,69.96,36.28,45.01,37.74,38.47,59.15,0,0,0,0,0,0,0,0,0,200.12,189.41,230.37,243.89,340.47,324.98,321.86,244.1,315.41,0,0,0,0,0,0,110.72,172.05,177.98,300.24,263.02,491.63,0,,,,,,,184,,,,546,,
2,0,0,0,0,0,0,0,0,0,0,0,0,0,0,0,0,0,0,0,0,29.11,13.2,25.68,0,61.44,0,54.99,0,65.08,26.72,16.22,99.59,99.7,116.02,78.59,80.15,132.76,142.32,156.15,111.34,151.16,149.81,130.16,167.06,227.78,254.7,229.54,271.65,183.59,194.92,190.25,193.26,168.73,205.42,225.28,185.57,224.76,205.42,163.63,170.49,221.12,219.15,250.13,201.89,181.41,193.68,330.07,237.44,205.63,238.8,186.92,233.18,227.26,247.01,226.32,338.7,239.83,282.15,280.38,426.44,328.1,382.68,191.29,330.9,390.68,399.52,359.08,320.92,303.67,243.16,369.06,306.89,527.08,419.58,315.21,398.89,467.4,458.05,357.73,380.8,308.03,246.38,393.8,492.15,307.82,329.76,434.34,580.2,451.5,408.04,538.93,467.71,449,813.59,484.24,546.2,564.71,546.93,439.65,437.77,574.9,650.37,438.81,461.68,357.1,379.97,402.84,529.26,792.07,329.24,340.16,401.6,424.36,350.03,359.7,534.56,412.1,799.66,542.05,816.92,674.8,527.08,497.76,442.45,450.15,442.97,444.32,464.7,543.19,583.01,481.13,445.47,475.51,570.22,516.58,548.91,584.67,538.51,644.13,1000.92,912.97,570.95,483.62,474.26,954.25,1007.27,772.73,645.17,642.05,532.48,648.29,623.24,620.12,523.54,885.42,740.82,861.62,573.86,594.75,444.12,589.76,505.45,634.36,698.61,615.75,680.62,634.26,643.2,573.03,847.48,778.66,513.25,624.17,887.19,1021.09,1016.31,1197.93,743.83,796.02,445.88,617.83,564.81,514.7,712.96,835.11,464.18,1003.42,772.32,683.02,688.84,801.43,773.77,631.66,511.17,702.25,766.91,796.85,616.38,517.41,545.89,548.91,484.24,0,0,0,0,0,0,0,0,0,0,12.06,20.48,21,38.47,31.29,0,0,0,0,0,0,0,0,0,200.12,183.18,224.24,233.29,340.47,320.3,321.86,244.1,309.38,0,0,0,0,0,0,110.72,172.05,177.98,294.52,255.22,491.63,0,,,,,,,185,,,,544,,
2,0,0,0,0,0,0,0,0,0,0,0,0,0,0,0,0,0,0,0,0,0,0,0,0,30.04,0,32.54,0,65.08,18.61,0,57.28,32.54,76.83,53.85,68.41,117.37,142.32,150.95,111.34,141.9,149.81,130.16,157.6,187.02,245.03,206.57,240.46,175.28,180.89,182.03,188.37,143.26,199.81,216.55,179.85,192.85,198.77,151.57,170.49,210.52,219.15,244.62,201.89,178.29,184.63,321.76,204.9,205.63,229.02,178.19,215.82,201.58,235.26,221.64,320.51,236.92,282.15,280.38,416.77,320.09,224.86,191.29,318.74,378.73,389.02,339.74,306.89,295.14,243.16,369.06,306.89,527.08,405.23,311.05,390.68,461.27,445.57,343.69,361.36,299.4,246.38,383.82,492.15,302.42,310.11,427.59,567.62,439.54,395.15,520.11,455.34,449,803.5,484.24,525.31,538.1,530.4,435.38,431.95,563.57,650.37,418.02,452.12,349.51,379.97,400.14,522.19,792.07,323.42,340.16,401.6,418.44,346.29,359.7,524.89,406.69,776.06,521.57,807.87,646.01,515.02,487.78,442.45,438.5,442.97,444.32,455.55,527.49,577.39,481.13,445.47,457.53,560.76,507.43,540.07,571.15,531.65,637.06,1000.92,912.97,559.61,476.97,466.47,928.98,991.57,760.78,642.37,642.05,521.57,638.42,619.7,620.12,523.54,879.81,732.6,851.74,567.31,594.75,444.12,578.74,496.82,614.3,683.74,607.02,675.01,624.17,625.73,573.03,842.18,769.3,507.22,624.17,872.95,1002.38,1016.31,1179.01,739.57,788.74,445.88,610.97,559.3,503.37,712.96,816.29,453.78,1003.42,772.32,673.87,682.18,797.89,773.77,631.66,492.77,696.95,744.87,792.07,616.38,510.65,537.89,544.12,484.24,0,0,0,0,0,0,0,0,0,0,0,0,0,0,0,0,0,0,0,0,0,0,0,0,192.74,173.61,224.24,233.29,326.43,315.1,313.96,241.08,304.08,0,0,0,0,0,0,110.72,168.41,177.98,294.52,247.32,474.89,0,,,,,,,186,,,,542,,
2,0,0,0,0,0,0,0,0,0,0,0,0,0,0,0,0,0,0,0,0,0,0,0,0,0,0,32.54,0,24.43,0,0,0,0,51.88,16.53,26.72,65.18,126,135.77,111.34,127.04,132.24,123.82,145.13,144.4,238.48,168.83,90.34,173.09,168.21,145.34,157.71,118.83,185.26,150.95,170.08,143.26,183.59,143.78,162.18,210.52,208.34,231,201.89,176,177.36,223.93,179.12,197.94,220.5,164.46,183.8,181.72,228.61,221.64,308.03,234.33,275.81,269.57,401.18,320.09,224.86,191.29,302.52,372.28,363.55,332.88,306.89,295.14,243.16,355.23,296.8,498.59,394.32,311.05,386.31,461.27,439.75,319.99,361.36,290.15,243.37,383.82,475.2,302.42,305.85,427.59,531.44,408.56,387.15,503.68,455.34,441,782.5,474.99,525.31,485.91,523.64,423.64,428.52,552.44,635.09,400.35,444.84,349.51,368.85,400.14,522.19,784.38,323.42,332.98,384.44,406.17,346.29,340.88,517.3,400.04,751.42,497.76,798.31,646.01,510.55,471.04,442.45,438.5,442.97,437.46,452.85,527.49,568.97,469.69,438.19,457.53,560.76,500.57,540.07,555.87,531.65,607.64,985.02,891.77,549.74,456.9,466.47,904.76,980.34,754.12,636.13,636.23,513.46,638.42,612.74,612.95,523.54,863.39,724.39,839.37,554.31,589.35,428.21,578.74,496.82,614.3,657.75,607.02,675.01,614.3,625.73,559.3,835,759.84,496.82,618.56,862.35,978.57,1016.31,1179.01,739.57,782.71,445.88,605.88,559.3,503.37,710.15,816.29,453.78,986.37,772.32,673.87,657.96,797.89,773.77,626.25,492.77,696.95,744.87,781.26,610.66,505.45,537.89,544.12,484.24,0,0,0,0,0,0,0,0,0,0,0,0,0,0,0,0,0,0,0,0,0,0,0,0,167.58,162.59,207.5,222.79,326.43,315.1,306.47,235.16,301.28,0,0,0,0,0,0,104.48,162.59,172.57,294.52,247.32,474.89,0,,,,,,,187,,,,540,,
2,0,0,0,0,0,0,0,0,0,0,0,0,0,0,0,0,0,0,0,0,0,0,0,0,0,0,32.54,0,0,0,0,0,0,0,0,0,32.02,92.73,94.6,99.28,116.64,132.24,112.07,145.13,56.66,207.92,140.87,44.08,73.92,142.32,95.02,84.42,100.32,126,112.48,157.39,98.55,174.55,137.95,159.37,159.27,162.49,195.03,174.96,164.26,170.39,206.36,162.07,191.81,195.96,161.76,137.85,145.13,228.61,221.64,292.13,207.82,260.63,258.76,401.18,316.45,219.67,191.29,283.08,367.08,349.2,312.5,294,281,230.48,331.01,284.75,487.05,378.93,302.73,365.63,461.27,439.75,295.45,343.17,282.67,243.37,375.29,462.62,297.22,293.06,411.78,512.42,385.69,378.93,477.17,449.42,435.9,776.99,395.98,519.49,470.42,505.87,415.01,412.51,546.72,635.09,383.2,444.84,342.96,357.83,387.35,522.19,768.26,323.42,332.98,376.23,394.84,341.61,340.88,515.02,386.63,733.75,482.58,791.65,629.68,496.93,464.18,442.45,431.74,434.76,437.46,443.39,512.83,568.97,469.69,438.19,425.4,551.4,493.18,520.73,542.77,525.93,590.91,985.02,873.47,541.21,429.87,466.47,899.04,967.55,745.7,623.34,629.06,504,638.42,607.64,607.54,515.95,863.39,720.34,814.52,541.73,576.77,422.6,578.74,492.66,614.3,652.97,581.65,666.8,607.02,625.73,551.82,822.63,746.85,496.82,612.53,849.04,967.03,902.06,1150.31,722.94,780.11,440.17,594.44,559.3,503.37,703.08,795.5,453.78,986.37,765.87,664.09,650.37,795.29,771.48,619.5,492.77,696.95,744.87,767.01,600.68,498.69,537.89,538.2,484.24,0,0,0,0,0,0,0,0,0,0,0,0,0,0,0,0,0,0,0,0,0,0,0,0,106.35,160.72,207.5,222.79,321.13,308.14,306.47,235.16,295.56,0,0,0,0,0,0,104.48,154.9,172.57,275.81,240.04,456.9,0,,,,,,,188,,,,538,,
2,0,0,0,0,0,0,0,0,0,0,0,0,0,0,0,0,0,0,0,0,0,0,0,0,0,0,32.54,0,0,0,0,0,0,0,0,0,23.7,59.46,16.53,91.28,116.64,96.68,104.27,130.26,8,194.92,112.8,17.05,0,32.02,57.07,56.76,67.68,72.67,81.82,102.82,80.98,29.42,131.51,149.08,87.64,162.49,143.98,174.96,125.17,123.3,174.13,131.41,189.41,87.64,148.56,108.74,122.57,154.07,202.41,292.13,130.26,219.67,254.18,290.46,316.45,213.95,191.29,273.83,361.68,329.24,287.55,294,281,230.48,331.01,280.59,487.05,378.93,292.65,353.77,461.27,439.75,276.53,343.17,277.57,240.25,368.43,454.1,297.22,280.59,411.78,499.94,367.29,364.9,464.6,438.09,430.6,770.45,395.98,513.35,470.42,505.87,400.76,405.86,532.27,629.27,383.2,439.44,342.96,357.83,377.79,514.91,768.26,303.87,323.31,376.23,394.84,323.94,337.66,515.02,383.2,727.09,470,778.55,606.29,496.93,455.76,427.48,431.74,434.76,423.43,433.82,512.83,562.01,455.97,438.19,414.9,551.4,493.18,514.39,519.59,521.77,583.94,972.54,862.55,541.21,411.06,458.25,888.86,952.27,736.45,610.76,610.56,504,628.64,596.42,600.89,515.95,837.71,720.34,802.26,535.91,570.01,414.9,566.58,486.22,592.57,646.63,581.65,666.8,596.31,617.94,551.82,822.63,746.85,489.13,607.64,844.26,960.59,876.48,1150.31,722.94,770.24,434.55,594.44,554.73,483.2,697.99,784.9,448.38,976.39,765.87,629.37,641.33,783.75,771.48,619.5,492.77,683.22,734.68,748.3,600.68,491.11,525.62,538.2,484.24,0,0,0,0,0,0,0,0,0,0,0,0,0,0,0,0,0,0,0,0,0,0,0,0,18.5,151.89,200.23,215.61,313.23,301.59,299.51,225.59,279.76,0,0,0,0,0,0,98.45,148.97,168.83,275.81,240.04,456.9,0,,,,,,,189,,,,536,,
2,0,0,0,0,0,0,0,0,0,0,0,0,0,0,0,0,0,0,0,0,0,0,0,0,0,0,32.54,0,0,0,0,0,0,0,0,0,0,34.2,0,91.28,28.17,0,47.51,55.2,0,167.69,49.59,12.16,0,0,38.67,30.67,39.4,0,18.09,0,43.66,10.6,93.46,89.3,0,162.49,116.85,174.96,77.03,95.23,130.26,109.05,187.65,55.83,123.92,86.49,109.89,100.63,162.39,0,101.46,207.3,224.86,290.46,304.5,213.95,191.29,265.82,352.63,312.92,284.75,294,269.36,220.19,321.44,266.14,473.02,352.32,292.65,342.13,446.09,421.66,252.73,322.38,267.9,240.25,363.65,454.1,294.83,267.8,398.48,469.48,357.62,364.9,454.3,429.98,430.6,761.4,363.96,502.65,454.2,496.72,393.49,398.06,526.66,623.65,364.38,430.91,326.95,357.83,377.79,509.51,761.4,303.87,315.41,368.33,394.84,323.94,337.66,501.61,375.09,710.88,446.09,768.89,606.29,486.64,444.64,422.18,431.74,431.95,423.43,426.86,512.83,554.94,455.97,431.02,414.9,551.4,485.91,514.39,510.23,517.62,578.43,972.54,853.4,521.36,395.67,458.25,881.89,929.5,721.79,605.67,598.29,491.63,623.03,596.42,600.89,504.1,820.03,706.09,795.5,523.64,565.54,399.21,566.58,486.22,592.57,646.63,581.65,666.8,590.28,605.36,546.41,800.59,739.15,478.53,607.64,844.26,956.95,870.97,1133.99,722.94,748.09,434.55,583.53,554.73,483.2,697.99,770.55,438.5,966.31,765.87,621.57,610.56,780.43,757.66,592.47,486.64,677.51,723.66,748.3,582.59,491.11,525.62,531.03,484.24,0,0,0,0,0,0,0,0,0,0,0,0,0,0,0,0,0,0,0,0,0,0,0,0,0,141.59,189.21,205.42,304.39,301.59,293.79,220.29,274.04,0,0,0,0,0,0,94.4,148.97,161.97,275.81,227.36,444.74,0,,,,,,,190,,,,534,,
2,0,0,0,0,0,0,0,0,0,0,0,0,0,0,0,0,0,0,0,0,0,0,0,0,0,0,32.54,0,0,0,0,0,0,0,0,0,0,0,0,33.27,0,0,11.75,0,0,71.84,0,0,0,0,25.78,22.25,18.92,0,0,0,0,0,0,0,0,0,29.21,0,50.32,50.84,80.78,87.22,176.42,39.4,0,38.15,88.16,11.33,129.01,0,85.97,187.65,190.25,225.8,304.5,213.95,187.75,253.77,341.2,300.24,275.29,287.66,264.16,203.45,318.74,266.14,473.02,330.07,284.23,328.62,446.09,421.66,237.76,314.89,256.57,237.13,363.65,406.79,291.3,260.94,387.87,459.29,323.52,352.01,441,429.98,418.54,751.73,358.87,498.9,441,486.53,382.16,391.1,526.66,618.46,361.05,422.18,326.95,350.86,371.86,509.51,748.93,303.87,315.41,354.09,375.19,320.3,319.16,501.61,375.09,702.87,431.02,752.36,587.58,480.19,444.64,410.74,431.74,431.95,412.72,424.16,501.61,554.94,455.97,431.02,399.21,539.45,485.91,497.86,481.85,517.62,578.43,965.58,839.16,521.36,382.36,458.25,879.08,917.34,721.79,595.17,598.29,484.87,623.03,584.25,596.73,504.1,811.3,706.09,756.31,511.27,565.54,399.21,561.69,477.07,586.64,622.41,563.67,646.32,564.5,596.1,544.44,800.59,721.69,478.53,600.89,834.28,945.2,856,1128.48,722.94,737.91,425.51,583.53,535.7,483.2,685.41,731.77,438.5,966.31,755.79,595.9,590.49,780.43,757.66,592.47,486.64,677.51,723.66,734.99,575.21,491.11,519.28,531.03,484.24,0,0,0,0,0,0,0,0,0,0,0,0,0,0,0,0,0,0,0,0,0,0,0,0,0,135.36,189.21,199.5,300.65,293.06,286.93,220.29,274.04,0,0,0,0,0,0,94.4,143.15,161.97,275.81,227.36,444.74,0,,,,,,,191,,,,532,,
2,0,0,0,0,0,0,0,0,0,0,0,0,0,0,0,0,0,0,0,0,0,0,0,0,0,0,27.03,0,0,0,0,0,0,0,0,0,0,0,0,0,0,0,0,0,0,24.43,0,0,0,0,9.88,0,0,0,0,0,0,0,0,0,0,0,0,0,29.84,29.42,0,50.11,31.92,20.58,0,0,59.57,0,78.8,0,57.49,168.83,164.15,217.17,304.5,201.27,183.49,241.5,331.94,264.99,257.3,278.4,251.48,199.39,312.19,259.59,450.67,323.11,284.23,306.06,446.09,415.11,224.55,310.63,256.57,237.13,355.13,392.97,291.3,248.26,387.87,446.82,323.52,337.35,421.97,413.76,410.95,738.74,349.41,493.08,419.27,475.62,370.62,374.67,515.43,612.63,358.35,412.62,321.55,342.76,355.54,499.84,748.93,291.3,315.41,347.75,375.19,320.3,319.16,494.85,349.3,687.38,411.89,752.36,576.04,467.61,432.06,410.74,422.7,427.17,410.33,413.97,501.61,549.32,444.53,425.3,399.21,536.54,479.67,497.86,460.75,511.48,565.44,954.87,832.72,508.57,382.36,458.25,864.42,882.72,699.23,595.17,588.1,478.94,605.25,576.46,584.67,504.1,804.13,699.65,746.95,505.76,548.8,399.21,547.87,477.07,568.66,622.41,557.85,646.32,555.14,584.57,544.44,785.1,721.69,472.5,600.89,823.36,935.64,849.14,1115.07,700.9,724.81,425.51,576.98,526.14,470,680.62,720.54,438.5,946.76,755.79,583.21,579.68,765.14,757.66,573.23,486.64,658.9,713.68,729.49,575.21,486.12,519.28,531.03,484.24,0,0,0,0,0,0,0,0,0,0,0,0,0,0,0,0,0,0,0,0,0,0,0,0,0,116.75,180.06,193.47,284.23,290.46,286.93,220.29,267.9,0,0,0,0,0,0,94.4,143.15,153.86,262.81,219.98,432.58,0,,,,,,,192,,,,530,,
2,0,0,0,0,0,0,0,0,0,0,0,0,0,0,0,0,0,0,0,0,0,0,0,0,0,0,7.38,0,0,0,0,0,0,0,0,0,0,0,0,0,0,0,0,0,0,0,0,0,0,0,0,0,0,0,0,0,0,0,0,0,0,0,0,0,13.2,26.41,0,32.12,0,0,0,0,31.71,0,34.51,0,46.37,151.47,151.78,157.08,294.62,201.27,183.49,228.71,326.23,237.96,250.13,274.45,245.55,199.39,301.17,248.05,450.67,310.53,278.61,306.06,446.09,415.11,215.3,299.51,234.74,232.14,347.12,378.93,291.3,236.92,379.97,434.34,316.66,337.35,408.25,407.31,410.95,728.76,349.41,493.08,412.3,475.62,367.81,371.86,505.04,603.9,348.99,405.65,321.55,342.76,355.54,499.84,741.96,279.44,312.09,336.52,368.33,315.1,316.25,459.19,349.3,675.84,399.21,732.6,569.28,467.61,425.09,405.44,409.91,427.17,393.7,407.11,492.98,540.07,444.53,425.3,392.45,536.54,479.67,485.8,449.11,503.16,559.93,947.9,832.72,508.57,367.39,451.08,855.17,849.35,693.83,582.9,579.37,472.7,605.25,570.32,584.67,500.98,798.51,693.72,737.39,487.47,548.8,386.42,540.69,469.69,568.66,610.45,542.67,646.32,555.14,578.54,538.3,785.1,715.35,472.5,590.08,823.36,918.48,836.56,1101.45,700.9,718.99,425.51,576.98,517.41,470,680.62,682.7,436.01,945.41,755.79,583.21,570.11,765.14,733.02,573.23,486.64,658.9,705.26,697.67,557.02,486.12,519.28,515.64,484.24,0,0,0,0,0,0,0,0,0,0,0,0,0,0,0,0,0,0,0,0,0,0,0,0,0,101.05,172.78,184.74,284.23,287.45,277.16,216.86,256.57,0,0,0,0,0,0,82.13,138.06,153.86,250.54,209.58,426.23,0,,,,,,,193,,,,528,,
2,0,0,0,0,0,0,0,0,0,0,0,0,0,0,0,0,0,0,0,0,0,0,0,0,0,0,0,0,0,0,0,0,0,0,0,0,0,0,0,0,0,0,0,0,0,0,0,0,0,0,0,0,0,0,0,0,0,0,0,0,0,0,0,0,0,0,0,0,0,0,0,0,21.62,0,0,0,39.3,134,139.72,124.34,278.72,201.27,183.49,228.71,309.07,219.67,250.13,266.24,230.89,189.41,294.52,241.5,430.5,303.67,278.61,306.06,446.09,411.37,208.75,299.51,234.74,229.96,330.18,373.42,287.14,236.92,363.75,415.01,316.66,326.54,394.01,397.85,398.79,726.16,349.41,477.07,399.72,461.58,359.6,365,493.91,598.81,348.99,400.04,305.85,330.7,347.95,489.96,733.54,279.44,305.95,336.52,368.33,310.84,316.25,459.19,349.3,660.25,387.25,721.06,554.21,467.61,405.55,405.44,409.91,427.17,382.99,407.11,492.98,528.32,424.57,419.37,386.73,524.68,479.67,478.53,435.07,503.16,547.76,947.9,814.94,498.8,367.39,451.08,820.66,827,680.52,573.86,575,472.7,582.9,564.6,580.41,500.98,779.7,688.63,720.23,487.47,545.58,386.42,540.69,463.14,568.66,605.46,542.67,629.48,530.4,559.72,525.72,762.02,698.51,465.01,585.71,823.36,905.9,823.98,1101.45,690.92,700.06,415.94,568.45,517.41,460.96,670.85,670.64,436.01,941.98,730.32,578.02,563.36,750.69,727.72,523.96,482.58,652.45,705.26,691.33,545.48,480.4,500.25,515.64,484.24,0,0,0,0,0,0,0,0,0,0,0,0,0,0,0,0,0,0,0,0,0,0,0,0,0,101.05,172.78,184.74,284.23,281.11,270.71,216.86,256.57,0,0,0,0,0,0,82.13,126.21,153.86,250.54,209.58,426.23,0,,,,,,,194,,,,526,,
2,0,0,0,0,0,0,0,0,0,0,0,0,0,0,0,0,0,0,0,0,0,0,0,0,0,0,0,0,0,0,0,0,0,0,0,0,0,0,0,0,0,0,0,0,0,0,0,0,0,0,0,0,0,0,0,0,0,0,0,0,0,0,0,0,0,0,0,0,0,0,0,0,0,0,0,0,26.93,120.28,125.17,100.84,260.94,195.24,183.49,228.71,298.36,196.17,227.67,266.24,230.89,189.41,286.3,234.33,414.7,293.79,273.93,298.78,431.54,399.62,195.34,285.37,234.74,229.96,330.18,355.23,287.14,226.94,363.75,394.63,293.69,320.2,384.13,384.75,398.79,697.36,340.05,477.07,387.25,458.98,349.72,355.33,479.67,591.53,346.29,393.38,305.85,325.5,347.95,470.52,723.66,271.85,305.95,325.91,361.68,310.84,304.5,433.1,340.78,655.05,387.25,721.06,551.61,450.46,399.93,397.13,409.91,420.41,373.42,396.5,487.78,522.81,418.85,406.59,379.97,524.68,472.08,467.51,422.6,501.19,547.76,942.29,814.94,490.38,367.39,451.08,805.27,818.16,667.53,568.35,568.04,469.07,570.32,552.34,569.18,500.98,779.7,688.63,710.77,484.14,525.62,386.42,540.69,448.9,552.75,592.57,519.28,629.48,518.65,541.11,525.72,755.68,672.1,453.68,585.71,816.19,893.12,812.96,1087.42,690.92,700.06,415.94,568.45,505.35,456.38,665.45,670.64,436.01,935.01,730.32,570.95,551.71,750.69,718.05,523.96,482.58,652.45,696.53,658.06,545.48,480.4,500.25,515.64,484.24,0,0,0,0,0,0,0,0,0,0,0,0,0,0,0,0,0,0,0,0,0,0,0,0,0,85.87,161.97,169.04,274.04,264.68,270.71,216.86,252.73,0,0,0,0,0,0,63.1,126.21,147.73,250.54,209.58,410.43,0,,,,,,,195,,,,524,,
2,0,0,0,0,0,0,0,0,0,0,0,0,0,0,0,0,0,0,0,0,0,0,0,0,0,0,0,0,0,0,0,0,0,0,0,0,0,0,0,0,0,0,0,0,0,0,0,0,0,0,0,0,0,0,0,0,0,0,0,0,0,0,0,0,0,0,0,0,0,0,0,0,0,0,0,0,15.39,74.75,100.53,82.23,249.19,176.73,183.49,228.71,287.03,161.97,219.15,256.26,224.34,189.41,286.3,229.23,398.79,281.11,273.93,298.78,431.54,390.78,195.34,285.37,228.4,224.45,326.02,349.1,287.14,206.46,350.55,380.7,293.69,317.49,362.2,384.75,385.9,675.63,340.05,469.9,380.39,445.05,344.63,342.96,474.16,582.07,328.2,387.77,305.85,325.5,330.38,453.58,720.86,271.85,296.08,319.36,342.24,299.51,304.5,428.52,340.78,634.78,366.77,685.61,546.83,450.46,390.37,375.29,409.91,420.41,373.42,392.45,477.9,512.83,418.85,406.59,379.97,520.53,472.08,455.55,398.27,501.19,535.29,942.29,797.27,484.66,361.16,451.08,788.64,801.94,660.04,568.35,557.22,469.07,570.32,548.7,569.18,500.98,773.36,678.75,692.58,478.42,525.62,376.85,527.28,448.9,552.75,572.09,513.66,623.03,512,541.11,521.36,739.98,669.4,446.09,585.71,795.5,874.2,795.81,1087.42,690.92,677.3,410.02,568.45,505.35,456.38,665.45,664.3,436.01,928.36,730.32,570.95,544.96,730.63,708.69,508.47,476.55,652.45,684.05,623.97,532.9,480.4,500.25,510.44,484.24,0,0,0,0,0,0,0,0,0,0,0,0,0,0,0,0,0,0,0,0,0,0,0,0,0,85.87,155.42,163.32,263.85,264.68,270.71,198.56,247.22,0,0,0,0,0,0,52.4,122.05,144.71,240.04,206.88,410.43,0,,,,,,,196,,,,522,,
2,0,0,0,0,0,0,0,0,0,0,0,0,0,0,0,0,0,0,0,0,0,0,0,0,0,0,0,0,0,0,0,0,0,0,0,0,0,0,0,0,0,0,0,0,0,0,0,0,0,0,0,0,0,0,0,0,0,0,0,0,0,0,0,0,0,0,0,0,0,0,0,0,0,0,0,0,0,51.67,78.59,54.68,226.22,176.73,183.49,228.71,263.75,118.93,219.15,250.44,221.75,189.41,268.84,229.23,374.25,272.58,266.97,298.78,431.54,390.78,187.23,274.45,219.56,224.45,322.59,342.65,280.17,206.46,345.67,371.14,293.69,294.83,349.93,375.5,375.19,646.11,330.59,458.98,362.2,438.29,330.07,340.16,467.4,582.07,322.79,371.66,300.03,312.29,327.68,436.11,715.14,266.66,287.45,319.36,342.24,295.45,299.72,417.61,334.75,610.76,366.77,685.61,541.94,450.46,377.58,361.88,385.48,415.84,360.12,381.32,477.9,491.63,400.56,406.59,368.33,520.53,463.66,442.87,390.89,491.11,535.29,932.41,797.27,471.87,361.16,443.7,776.06,788.64,642.68,555.46,545.58,469.07,561.38,540.69,569.18,500.98,773.36,678.75,673.76,469.48,516.47,374.46,527.28,448.9,547.35,572.09,505.04,623.03,493.39,514.18,521.36,736.35,662.12,446.09,575.42,782.61,853.09,787.49,1069.33,687.17,669.6,410.02,561.59,505.35,444.32,644.86,664.3,436.01,919.73,730.32,570.95,544.96,717.01,708.69,508.47,476.55,648.4,662.54,614.92,532.9,474.99,500.25,495.06,484.24,0,0,0,0,0,0,0,0,0,0,0,0,0,0,0,0,0,0,0,0,0,0,0,0,0,76.72,148.97,161.87,259.07,259.17,259.17,198.56,237.86,0,0,0,0,0,0,24.43,119.66,144.71,240.04,200.33,410.43,0,,,,,,,197,,,,520,,
2,0,0,0,0,0,0,0,0,0,0,0,0,0,0,0,0,0,0,0,0,0,0,0,0,0,0,0,0,0,0,0,0,0,0,0,0,0,0,0,0,0,0,0,0,0,0,0,0,0,0,0,0,0,0,0,0,0,0,0,0,0,0,0,0,0,0,0,0,0,0,0,0,0,0,0,0,0,32.96,59.98,37.01,199.71,167.89,183.49,218.73,237.03,50.73,206.26,237.03,215.2,179.12,268.84,217.69,345.25,261.46,264.37,246.9,431.54,377.17,183.7,263.85,205.11,224.45,322.59,315.62,280.17,193.47,333.61,347.23,274.97,291.92,343.69,362.4,367.08,592.99,330.59,440.58,355.23,426.65,324.46,330.59,438.19,570.43,312.71,371.66,300.03,312.29,327.68,429.67,692.58,266.66,287.45,308.24,336.73,295.45,299.72,410.85,328.62,592.57,361.47,656.51,536.12,427.38,368.02,361.88,380.49,404.92,353.88,368.23,477.9,491.63,382.05,396.92,368.33,509.4,463.66,416.67,381.74,491.11,458.67,922.75,790.61,471.87,350.55,443.7,741.75,777.31,626.77,546.72,532.38,462.93,555.77,530.3,564.09,495.47,750.07,672.72,654.63,460.02,505.76,362.82,514.91,440.17,541.32,548.08,489.13,603.59,465.43,514.18,508.36,720.34,644.76,446.09,560.03,769.82,819.83,773.77,1069.33,684.99,657.44,398.17,556.08,493.29,444.32,644.86,650.79,436.01,908.82,710.88,567.62,529.57,717.01,699.23,502.96,476.55,638.52,662.54,590.08,529.99,462.1,483.72,495.06,484.24,0,0,0,0,0,0,0,0,0,0,0,0,0,0,0,0,0,0,0,0,0,0,0,0,0,76.72,148.97,161.87,256.05,245.66,259.17,198.56,231.41,0,0,0,0,0,0,0,119.66,144.71,240.04,193.78,402.01,0,,,,,,,198,,,,518,,
2,0,0,0,0,0,0,0,0,0,0,0,0,0,0,0,0,0,0,0,0,0,0,0,0,0,0,0,0,0,0,0,0,0,0,0,0,0,0,0,0,0,0,0,0,0,0,0,0,0,0,0,0,0,0,0,0,0,0,0,0,0,0,0,0,0,0,0,0,0,0,0,0,0,0,0,0,0,0,0,32.85,181.31,148.77,180.27,213.01,193.16,0,202.1,229.75,215.2,179.12,257.92,203.45,316.25,254.49,260.94,246.9,419.58,377.17,183.7,252.93,205.11,212.08,317.8,315.62,280.17,193.47,326.85,334.85,274.97,281.42,329.76,350.24,360.64,586.75,330.59,422.6,351.07,421.45,318.74,320.82,432.68,561.28,310.74,364.69,300.03,287.66,316.87,423.32,692.58,255.74,287.45,302.42,324.67,290.15,289.94,397.75,322.38,573.44,343.38,524.58,521.25,427.38,355.33,349.41,380.49,404.92,343.59,349.2,477.9,486.12,376.02,396.92,368.33,509.4,457.94,416.67,370.62,486.53,458.67,914.33,780.95,462,350.55,431.95,711.19,760.15,617.83,546.72,520.01,454.82,551.09,520.11,550.26,486.95,750.07,661.39,642.57,460.02,499.11,355.65,514.91,440.17,541.32,548.08,483.41,603.59,444.01,499.21,508.36,702.77,630.1,439.02,560.03,764.21,817.64,761.3,1009.03,684.99,649.12,398.17,556.08,484.87,444.32,637.69,639.25,427.07,902.37,698.51,567.62,519.9,710.36,688.11,502.96,472.39,638.52,662.54,574.17,521.67,462.1,483.72,495.06,468.65,0,0,0,0,0,0,0,0,0,0,0,0,0,0,0,0,0,0,0,0,0,0,0,0,0,67.26,137.23,147,248.78,245.66,254.81,198.56,231.41,0,0,0,0,0,0,0,99.07,132.34,234.33,193.78,402.01,0,,,,,,,199,,,,516,,
2,0,0,0,0,0,0,0,0,0,0,0,0,0,0,0,0,0,0,0,0,0,0,0,0,0,0,0,0,0,0,0,0,0,0,0,0,0,0,0,0,0,0,0,0,0,0,0,0,0,0,0,0,0,0,0,0,0,0,0,0,0,0,0,0,0,0,0,0,0,0,0,0,0,0,0,0,0,0,0,0,163.01,148.77,180.27,213.01,156.25,0,193.99,223.83,215.2,179.12,242.64,203.45,298.16,247.63,249.5,246.9,419.58,374.46,171.12,248.36,191.39,212.08,308.03,304.6,273.93,187.75,326.85,322.48,274.97,276.22,322.27,340.88,348.58,568.66,330.59,399.31,335.27,415.01,313.13,312.92,400.24,561.28,310.74,359.6,296.08,280.48,304.5,405.65,674.59,248.98,275.39,292.85,324.67,290.15,283.6,397.75,315.93,534.56,336.52,516.58,514.08,427.38,349.72,344,380.49,404.92,328.82,328.41,465.22,467.71,368.23,387.98,344.31,501.92,457.94,416.67,362.51,486.53,458.67,907.26,775.75,453.47,344.63,431.95,696.01,746.01,604.01,546.72,520.01,454.82,538.51,520.11,550.26,486.95,731.15,656.4,633.11,450.04,486.22,355.65,500.36,440.17,525.93,535.6,476.03,599.74,444.01,490.48,495.99,702.77,612.53,439.02,549.95,745.49,805.48,737.07,1009.03,684.99,646.42,396.5,556.08,484.87,418.13,631.04,639.25,427.07,902.37,687.8,567.62,519.9,702.56,674.49,502.96,472.39,638.52,651.62,574.17,521.67,462.1,483.72,480.71,450.25,0,0,0,0,0,0,0,0,0,0,0,0,0,0,0,0,0,0,0,0,0,0,0,0,0,67.26,137.23,147,237.86,229.23,254.81,191.81,218.42,0,0,0,0,0,0,0,99.07,132.34,222.79,193.78,385.59,0,,,,,,,200,,,,514,,
2,0,0,0,0,0,0,0,0,0,0,0,0,0,0,0,0,0,0,0,0,0,0,0,0,0,0,0,0,0,0,0,0,0,0,0,0,0,0,0,0,0,0,0,0,0,0,0,0,0,0,0,0,0,0,0,0,0,0,0,0,0,0,0,0,0,0,0,0,0,0,0,0,0,0,0,0,0,0,0,0,126.52,106.04,174.65,196.48,116.33,0,187.75,207.19,205.42,179.12,231.93,196.38,242.33,247.63,249.5,241.19,419.58,366.04,171.12,248.36,191.39,212.08,303.35,293.48,273.93,187.75,313.75,305.85,262.39,269.05,311.05,340.88,346.71,568.66,321.13,399.31,335.27,411.99,292.65,302.83,384.96,543.19,295.25,347.95,283.6,275.91,297.84,399.1,647.36,248.98,275.39,285.79,299.3,274.14,283.6,383.61,315.93,515.43,336.52,509.19,507.01,412.93,336,341.3,367.39,398.06,306.58,328.41,465.22,449.42,360.32,387.98,344.31,490.07,450.77,411.58,357.1,486.53,458.67,907.26,772.73,453.47,344.63,425.4,658.06,734.48,590.8,536.64,512.83,454.82,524.16,513.66,542.88,486.95,731.15,655.05,617.52,450.04,486.22,351.59,500.36,434.97,525.93,525.62,476.03,599.74,429.67,480.29,495.99,689.67,605.25,432.58,549.95,723.04,796.54,718.99,1009.03,684.99,631.35,389.85,531.23,484.87,418.13,603.59,639.25,427.07,889.17,687.8,567.62,519.9,702.56,649.33,496.2,472.39,638.52,651.62,563.98,521.67,462.1,483.72,480.71,442.45,0,0,0,0,0,0,0,0,0,0,0,0,0,0,0,0,0,0,0,0,0,0,0,0,0,52.08,130.68,143.98,237.86,229.23,241.08,191.81,218.42,0,0,0,0,0,0,0,99.07,132.34,222.79,187.13,385.59,0,,,,,,,201,,,,512,,
2,0,0,0,0,0,0,0,0,0,0,0,0,0,0,0,0,0,0,0,0,0,0,0,0,0,0,0,0,0,0,0,0,0,0,0,0,0,0,0,0,0,0,0,0,0,0,0,0,0,0,0,0,0,0,0,0,0,0,0,0,0,0,0,0,0,0,0,0,0,0,0,0,0,0,0,0,0,0,0,0,111.03,79.53,174.65,188.48,83.27,0,180.37,207.19,197.11,168.31,205.32,174.34,173.4,200.33,241.08,241.19,413.03,352.94,163.22,235.68,191.39,212.08,297.74,262.81,273.93,174.44,313.75,305.85,255.64,269.05,305.33,328.2,340.05,550.88,314.37,387.15,319.05,406.17,292.65,302.83,373.01,543.19,295.25,347.95,283.6,262.5,293.69,399.1,643.3,248.98,275.39,279.65,299.3,274.14,267.9,373.53,307.51,490.79,330.9,495.89,487.05,407.11,324.67,324.35,367.39,398.06,299.3,316.14,465.22,440.89,346.08,378.1,344.31,490.07,450.77,395.67,345.87,476.66,302,898,760.67,434.97,344.63,412.51,630.31,711.5,567.31,536.64,500.67,454.82,518.14,496.2,536.95,486.95,712.44,643.09,600.58,428.31,468.75,351.59,500.36,425.2,525.93,512.83,455.76,591.84,417.92,451.6,482.58,689.67,598.39,432.58,538.1,698.4,784.48,718.99,1009.03,670.02,631.35,389.85,531.23,473.22,418.13,603.59,631.24,427.07,883.14,687.8,567.62,510.34,690.5,639.98,496.2,472.39,630.52,585.09,563.98,521.67,456.18,474.68,480.71,438.81,0,0,0,0,0,0,0,0,0,0,0,0,0,0,0,0,0,0,0,0,0,0,0,0,0,52.08,125.38,143.98,231.41,229.23,241.08,188.48,218.42,0,0,0,0,0,0,0,87.22,127.45,215.92,187.13,376.96,0,,,,,,,202,,,,510,,
2,0,0,0,0,0,0,0,0,0,0,0,0,0,0,0,0,0,0,0,0,0,0,0,0,0,0,0,0,0,0,0,0,0,0,0,0,0,0,0,0,0,0,0,0,0,0,0,0,0,0,0,0,0,0,0,0,0,0,0,0,0,0,0,0,0,0,0,0,0,0,0,0,0,0,0,0,0,0,0,0,86.29,55.93,163.63,105.93,0,0,174.65,207.19,187.54,162.9,180.47,174.34,18.09,144.4,222.27,222.68,404.92,352.94,163.22,235.68,191.39,204.59,289.11,262.81,267.8,174.44,313.75,286.3,255.64,257.92,299.61,317.7,334.85,550.88,313.13,370.93,312.09,399.72,286.72,286.93,361.57,529.67,283.6,337.76,278.3,262.5,283.91,381.43,599.02,235.99,275.39,279.65,294.31,274.14,267.9,373.53,307.51,467.82,311.46,495.89,473.43,407.11,317.8,324.35,350.03,387.98,299.3,316.14,449.31,423.95,346.08,378.1,329.66,468.23,442.45,386.63,342.34,476.66,299.4,898,747.47,419.27,344.63,412.51,625.32,711.5,561.9,536.64,500.67,444.74,492.25,496.2,530.19,486.95,687.69,634.57,586.02,428.31,468.75,336.83,487.16,425.2,504.62,501.5,455.76,577.81,404.82,443.08,481.02,672.62,581.13,419.79,538.1,683.02,784.48,701.1,1009.03,670.02,616.27,389.85,524.48,473.22,406.48,594.65,617.1,427.07,877.52,668.04,567.62,510.34,680.42,636.13,496.2,462.52,630.52,579.68,556.7,514.6,456.18,474.68,471.25,438.81,0,0,0,0,0,0,0,0,0,0,0,0,0,0,0,0,0,0,0,0,0,0,0,0,0,47.61,118.83,131.41,231.41,220.71,241.08,188.48,203.66,0,0,0,0,0,0,0,87.22,127.45,215.92,187.13,370.1,0,,,,,,,203,,,,508,,
2,0,0,0,0,0,0,0,0,0,0,0,0,0,0,0,0,0,0,0,0,0,0,0,0,0,0,0,0,0,0,0,0,0,0,0,0,0,0,0,0,0,0,0,0,0,0,0,0,0,0,0,0,0,0,0,0,0,0,0,0,0,0,0,0,0,0,0,0,0,0,0,0,0,0,0,0,0,0,0,0,47.82,0,146.48,19.23,0,0,159.37,181.1,181.72,162.9,141.59,164.36,0,0,222.27,205.53,404.92,334.75,152.72,224.66,177.04,202.2,284.85,244.62,261.46,170.7,303.98,286.3,249.19,257.92,286.82,311.36,322.9,531.96,313.13,355.44,304.08,399.72,270.92,274.56,349.1,529.67,276.64,337.76,278.3,257.4,283.91,381.43,592.05,235.99,254.49,279.65,294.31,264.99,267.9,355.65,293.89,434.86,308.66,485.08,452.12,407.11,312.09,317.7,350.03,382.57,292.23,302.21,449.31,413.86,326.95,369.06,329.66,450.04,442.45,376.44,337.66,476.66,299.4,885.32,747.47,405.23,328.62,412.51,625.32,692.27,541.94,526.45,486.32,444.74,471.77,496.2,525.31,486.95,682.08,622.2,548.18,428.31,441.83,336.83,487.16,425.2,504.62,487.16,440.06,568.87,398.79,432.06,474.89,672.62,568.45,419.79,529.26,673.35,762.86,701.1,989.9,670.02,604.21,389.85,514.91,468.23,406.48,585.29,617.1,427.07,868.38,668.04,567.62,510.34,644.45,618.77,496.2,462.52,630.52,567.31,549.32,489.75,456.18,474.68,471.25,438.81,0,0,0,0,0,0,0,0,0,0,0,0,0,0,0,0,0,0,0,0,0,0,0,0,0,40.86,112.28,131.41,225.49,220.71,229.02,182.55,203.66,0,0,0,0,0,0,0,85.25,121.11,208.75,181.31,362.61,0,,,,,,,204,,,,506,,
2,0,0,0,0,0,0,0,0,0,0,0,0,0,0,0,0,0,0,0,0,0,0,0,0,0,0,0,0,0,0,0,0,0,0,0,0,0,0,0,0,0,0,0,0,0,0,0,0,0,0,0,0,0,0,0,0,0,0,0,0,0,0,0,0,0,0,0,0,0,0,0,0,0,0,0,0,0,0,0,0,0,0,135.77,0,0,0,112.28,167.89,162.8,155.84,12.48,94.19,0,0,201.16,191.81,398.69,311.36,152.72,219.04,177.04,202.2,267.18,224.76,254.08,170.7,295.77,286.3,249.19,257.92,268.84,301.48,322.9,514.39,313.13,338.08,291.09,391.3,270.92,274.56,330.07,515.22,276.64,320.09,278.3,247.84,274.25,367.6,578.12,231.73,254.49,261.35,272.79,264.99,260.73,349.51,293.89,378.21,296.49,472.29,429.98,386.21,299.4,308.66,337.87,382.57,286.62,296.7,429.87,391.3,318.53,369.06,329.66,450.04,431.95,364.38,329.66,466.67,292.33,855.48,732.81,399.52,328.62,385.69,611.28,686.03,532.38,518.55,480.5,434.66,471.77,490.17,510.03,486.95,669.5,597.87,524.58,414.28,441.83,336.83,487.16,417.71,498.28,480.61,440.06,568.87,385.79,424.68,468.23,659.62,556.29,419.79,519.38,651.41,725.43,676.36,989.9,670.02,604.21,389.85,508.78,468.23,398.58,572.82,604.73,427.07,855.59,668.04,559.93,503.79,644.45,618.77,479.88,462.52,630.52,561.9,549.32,489.75,456.18,468.03,459.5,429.25,0,0,0,0,0,0,0,0,0,0,0,0,0,0,0,0,0,0,0,0,0,0,0,0,0,11.54,105.83,119.55,222.37,220.71,229.02,182.55,203.66,0,0,0,0,0,0,0,75.58,113.94,208.75,172.05,362.61,0,,,,,,,205,,,,504,,
2,0,0,0,0,0,0,0,0,0,0,0,0,0,0,0,0,0,0,0,0,0,0,0,0,0,0,0,0,0,0,0,0,0,0,0,0,0,0,0,0,0,0,0,0,0,0,0,0,0,0,0,0,0,0,0,0,0,0,0,0,0,0,0,0,0,0,0,0,0,0,0,0,0,0,0,0,0,0,0,0,0,0,70.69,0,0,0,0,133.48,150.74,145.34,0,0,0,0,177.15,167.89,393.07,303.98,152.72,219.04,170.91,202.2,255.74,212.08,248.78,166.34,287.24,266.97,228.61,257.92,259.28,301.48,318.84,506.7,305.02,338.08,286.51,391.3,256.26,256.05,324.15,507.01,276.64,320.09,271.65,247.84,274.25,359.91,568.45,221.12,254.49,261.35,267.07,253.25,252.52,349.51,289.63,378.21,285.47,450.25,405.23,379.45,293.58,308.66,331.63,382.57,286.62,290.98,429.87,378.41,303.98,357.41,310.94,440.27,431.95,358.14,329.66,466.67,286.3,846.96,732.81,393.28,328.62,385.69,611.28,681.66,518.76,518.55,473.43,434.66,449.42,475.1,506.18,477.38,646.84,563.15,491.42,414.28,428.11,316.66,469.17,413.76,488.3,468.23,421.87,561.38,385.79,424.68,468.23,659.62,534.46,419.79,519.38,647.88,725.43,671.06,971.4,661.5,578.43,389.85,496.41,452.02,391.62,563.36,598.5,420.21,845.3,663.78,559.93,503.79,619.5,618.77,479.88,455.66,630.52,561.9,542.05,489.75,449.11,468.03,450.35,429.25,0,0,0,0,0,0,0,0,0,0,0,0,0,0,0,0,0,0,0,0,0,0,0,0,0,0,99.39,119.55,215.09,214.05,229.02,177.98,186.92,0,0,0,0,0,0,0,75.58,113.94,195.76,172.05,354.81,0,,,,,,,206,,,,502,,
2,0,0,0,0,0,0,0,0,0,0,0,0,0,0,0,0,0,0,0,0,0,0,0,0,0,0,0,0,0,0,0,0,0,0,0,0,0,0,0,0,0,0,0,0,0,0,0,0,0,0,0,0,0,0,0,0,0,0,0,0,0,0,0,0,0,0,0,0,0,0,0,0,0,0,0,0,0,0,0,0,0,0,47.41,0,0,0,0,74.54,136.19,145.34,0,0,0,0,143.15,131.51,393.07,286.62,138.99,193.99,170.91,193.26,225.7,184.74,243.27,160.51,275.08,266.97,228.61,247.11,243.47,285.47,312.29,486.74,305.02,317.91,286.51,375.29,256.26,256.05,311.98,495.99,265.31,311.98,261.67,247.84,274.25,359.91,548.91,221.12,254.49,255.84,256.16,253.25,246.9,333.61,283.29,371.03,285.47,435.9,370.93,379.45,282.46,300.76,318.74,379.04,254.91,283.08,423.22,365.63,298.78,357.41,310.94,440.27,429.46,358.14,318.53,466.67,279.34,835.84,710.46,376.23,328.62,385.69,596.73,657.03,503.16,518.55,473.43,428.73,449.42,475.1,499.21,477.38,634.99,552.44,477.07,397.75,428.11,316.66,469.17,413.76,482.48,468.23,409.08,561.38,385.79,417.09,459.4,642.68,534.46,408.46,519.38,647.88,725.43,654.53,952.69,661.5,571.88,384.86,488.82,452.02,391.62,563.36,592.78,420.21,845.3,651.31,559.93,503.79,616.07,609.83,479.88,455.66,609.93,542.67,528.74,489.75,442.45,468.03,450.35,429.25,0,0,0,0,0,0,0,0,0,0,0,0,0,0,0,0,0,0,0,0,0,0,0,0,0,0,93.04,119.55,204.8,214.05,216.76,177.98,186.92,0,0,0,0,0,0,0,65.08,106.77,195.76,172.05,344,0,,,,,,,207,,,,500,,
2,0,0,0,0,0,0,0,0,0,0,0,0,0,0,0,0,0,0,0,0,0,0,0,0,0,0,0,0,0,0,0,0,0,0,0,0,0,0,0,0,0,0,0,0,0,0,0,0,0,0,0,0,0,0,0,0,0,0,0,0,0,0,0,0,0,0,0,0,0,0,0,0,0,0,0,0,0,0,0,0,0,0,0,0,0,0,0,17.26,124.44,130.89,0,0,0,0,18.4,108.53,379.56,248.78,135.56,80.88,134,193.26,162.59,140.35,232.14,149.39,263.85,201.58,224.14,247.11,232.14,277.68,307.72,486.74,303.77,317.91,280.9,369.68,251.89,243.16,299.61,490.59,265.31,304.5,261.67,243.47,243.79,344.52,533.52,206.78,249.5,241.71,256.16,247.94,246.9,318.84,283.29,348.06,272.58,414.38,357,374.05,274.56,292.75,318.74,365.31,248.15,272.17,423.22,352.63,292.44,351.28,303.25,433.93,421.66,358.14,313.65,466.67,279.34,818.89,710.46,371.14,323,385.69,588.93,649.75,503.16,504,463.45,418.23,449.42,471.77,481.65,477.38,634.99,538.41,469.48,377.58,409.19,316.66,463.24,413.76,473.22,459.19,398.79,545.48,371.34,408.56,442.04,634.99,529.88,397.75,498.8,631.14,725.43,644.76,952.69,651.72,551.92,384.86,488.82,452.02,391.62,546,580.61,416.25,827.31,651.31,559.93,492.98,598.39,602.13,461.68,455.66,609.93,542.67,528.74,486.74,442.45,458.88,450.35,429.25,0,0,0,0,0,0,0,0,0,0,0,0,0,0,0,0,0,0,0,0,0,0,0,0,0,0,81.3,104.9,204.8,210.31,216.76,177.98,186.92,0,0,0,0,0,0,0,65.08,106.77,195.76,172.05,344,0,,,,,,,208,,,,498,,
2,0,0,0,0,0,0,0,0,0,0,0,0,0,0,0,0,0,0,0,0,0,0,0,0,0,0,0,0,0,0,0,0,0,0,0,0,0,0,0,0,0,0,0,0,0,0,0,0,0,0,0,0,0,0,0,0,0,0,0,0,0,0,0,0,0,0,0,0,0,0,0,0,0,0,0,0,0,0,0,0,0,0,0,0,0,0,0,0,101.36,130.89,0,0,0,0,0,0,355.44,180.58,112.38,0,128.7,162.49,64.97,18.19,200.43,149.39,218.52,0,198.46,243.27,220.5,277.68,302.31,486.74,303.77,300.44,271.44,369.68,229.85,231.93,287.03,480.29,257.82,304.5,255.22,235.88,243.79,331.32,508.88,206.78,249.5,237.24,238.38,244.2,243.99,312.92,271.02,348.06,272.58,405.75,344.11,356.79,259.48,292.75,305.02,357.52,235.99,254.29,401.91,346.91,277.57,340.99,298.47,423.95,410.33,351.38,313.65,452.02,279.34,794.15,697.57,371.14,323,372.9,588.93,642.78,491.73,504,456.07,418.23,424.68,464.49,476.14,460.44,629.06,529.26,460.85,377.58,409.19,305.85,454.72,405.34,462.52,445.16,398.79,545.48,367.39,408.56,438.4,622.93,529.88,397.75,498.8,631.14,725.43,629.58,930.85,645.69,536.02,384.86,468.03,452.02,376.75,546,573.55,416.25,827.31,651.31,553.07,492.98,598.39,602.13,461.68,455.66,609.93,539.76,518.45,486.74,442.45,458.88,450.35,419.79,0,0,0,0,0,0,0,0,0,0,0,0,0,0,0,0,0,0,0,0,0,0,0,0,0,0,74.54,104.9,185.88,205.01,216.76,162.07,186.92,0,0,0,0,0,0,0,65.08,106.77,177.77,160.31,336.31,0,,,,,,,209,,,,496,,
2,0,0,0,0,0,0,0,0,0,0,0,0,0,0,0,0,0,0,0,0,0,0,0,0,0,0,0,0,0,0,0,0,0,0,0,0,0,0,0,0,0,0,0,0,0,0,0,0,0,0,0,0,0,0,0,0,0,0,0,0,0,0,0,0,0,0,0,0,0,0,0,0,0,0,0,0,0,0,0,0,0,0,0,0,0,0,0,0,46.57,111.03,0,0,0,0,0,0,324.15,134.84,0,0,31.29,107.91,0,0,148.45,116.95,105.31,0,69.03,227.46,143.26,257.92,295.14,362.51,295.04,300.44,271.44,369.68,229.85,228.19,280.69,455.55,255.64,285.58,249.4,235.88,243.79,331.32,489.55,206.78,242.85,237.24,232.35,224.55,237.03,306.47,271.02,335.48,253.87,394.32,327.58,351.07,244.31,281.31,300.76,357.52,229.65,254.29,401.91,321.34,273.41,332.26,292.54,417.61,387.35,351.38,313.65,452.02,276.74,780.01,685.41,362.61,323,360.53,584.25,636.96,483.41,497.55,456.07,411.06,424.68,464.49,476.14,460.44,625.32,508.47,460.85,371.86,395.88,305.85,447.44,395.77,449.42,428.83,376.02,540.9,367.39,401.91,428.31,622.93,529.88,389.23,491.73,631.14,725.43,605.98,930.85,645.69,520.11,379.14,468.03,441,376.75,535.5,568.24,416.25,815.46,646.42,553.07,492.98,591.95,595.07,449.11,444.12,602.97,527.39,518.45,486.74,442.45,458.88,439.96,419.79,0,0,0,0,0,0,0,0,0,0,0,0,0,0,0,0,0,0,0,0,0,0,0,0,0,0,74.54,99.18,181.41,205.01,205.01,162.07,183.49,0,0,0,0,0,0,0,52.6,100.43,177.77,160.31,323.94,0,,,,,,,210,,,,494,,
2,0,0,0,0,0,0,0,0,0,0,0,0,0,0,0,0,0,0,0,0,0,0,0,0,0,0,0,0,0,0,0,0,0,0,0,0,0,0,0,0,0,0,0,0,0,0,0,0,0,0,0,0,0,0,0,0,0,0,0,0,0,0,0,0,0,0,0,0,0,0,0,0,0,0,0,0,0,0,0,0,0,0,0,0,0,0,0,0,0,84.62,0,0,0,0,0,0,292.65,0,0,0,0,0,0,0,0,69.03,0,0,0,0,0,224.97,287.03,349.93,295.04,286.41,253.97,350.97,218.21,221.23,269.78,405.65,255.64,285.58,244.2,235.88,234.01,324.77,474.06,206.78,226.94,232.25,232.35,224.55,237.03,288.9,269.05,292.44,253.87,375.71,315.83,345.35,244.31,281.31,292.54,348.89,222.58,249.82,395.77,308.76,263.43,320.51,284.85,406.69,355.33,351.38,313.65,452.02,273.1,758.59,604.73,355.54,315.62,360.53,573.44,627.6,464.7,490.9,447.44,411.06,424.68,443.08,464.7,460.44,617.62,481.33,443.91,371.86,387.87,297.95,447.44,395.77,439.23,428.83,376.02,522.29,367.39,388.29,428.31,622.93,516.89,389.23,491.73,525.41,725.43,594.86,679.69,645.69,498.49,379.14,460.96,441,376.75,523.23,568.24,416.25,802.88,639.56,551.61,492.98,591.95,595.07,429.25,444.12,602.97,516.47,508.05,457.84,442.45,450.98,439.96,419.79,0,0,0,0,0,0,0,0,0,0,0,0,0,0,0,0,0,0,0,0,0,0,0,0,0,0,58.74,87.74,179.64,205.01,205.01,162.07,177.36,0,0,0,0,0,0,0,43.46,100.43,170.91,160.31,318.53,0,,,,,,,211,,,,492,,
2,0,0,0,0,0,0,0,0,0,0,0,0,0,0,0,0,0,0,0,0,0,0,0,0,0,0,0,0,0,0,0,0,0,0,0,0,0,0,0,0,0,0,0,0,0,0,0,0,0,0,0,0,0,0,0,0,0,0,0,0,0,0,0,0,0,0,0,0,0,0,0,0,0,0,0,0,0,0,0,0,0,0,0,0,0,0,0,0,0,47.3,0,0,0,0,0,0,236.72,0,0,0,0,0,0,0,0,0,0,0,0,0,0,0,192.74,312.81,292.13,275.08,253.97,350.97,218.21,221.23,261.87,368.43,236.82,282.46,244.2,233.39,224.45,305.64,446.51,202.51,222.06,214.47,225.07,216.76,224.86,271.96,256.57,256.26,247.74,361.47,311.46,338.08,240.56,281.31,267.9,343.59,222.58,238.69,395.77,287.76,256.36,314.69,284.85,392.45,297.01,345.25,313.65,448.79,273.1,745.91,555.56,346.08,315.62,354.92,573.44,621.16,452.64,490.9,434.66,400.35,409.5,443.08,449.21,447.75,603.8,481.33,432.26,349.82,387.87,287.66,440.37,395.77,430.39,410.12,363.34,522.29,354.29,388.29,417.4,622.93,516.89,383.51,491.73,511.17,703.7,579.58,664.41,630.41,490.59,379.14,460.96,435.18,376.75,506.18,552.03,416.25,797.27,639.56,551.61,492.98,582.8,591.11,422.39,444.12,602.97,516.47,508.05,457.84,442.45,450.98,439.96,419.79,0,0,0,0,0,0,0,0,0,0,0,0,0,0,0,0,0,0,0,0,0,0,0,0,0,0,56.45,87.74,168,196.28,205.01,154.9,177.36,0,0,0,0,0,0,0,25.47,100.43,168.41,152.61,318.53,0,,,,,,,212,,,,490,,
2,0,0,0,0,0,0,0,0,0,0,0,0,0,0,0,0,0,0,0,0,0,0,0,0,0,0,0,0,0,0,0,0,0,0,0,0,0,0,0,0,0,0,0,0,0,0,0,0,0,0,0,0,0,0,0,0,0,0,0,0,0,0,0,0,0,0,0,0,0,0,0,0,0,0,0,0,0,0,0,0,0,0,0,0,0,0,0,0,0,0,0,0,0,0,0,0,53.75,0,0,0,0,0,0,0,0,0,0,0,0,0,0,0,0,237.96,292.13,266.76,246.9,342.03,218.21,208.96,238.28,330.59,236.82,274.35,220.39,228.82,212.08,305.64,435.59,187.54,218.42,214.47,221.95,216.76,224.86,263.85,256.57,256.26,240.87,356.69,298.57,329.45,231,274.04,267.9,343.59,216.86,230.58,377.37,287.76,256.36,295.97,284.85,387.15,297.01,345.25,313.65,448.79,273.1,734.68,520.94,341.82,315.62,354.92,557.33,616.48,442.76,483.31,425.71,391.51,405.03,443.08,439.96,447.75,599.85,474.26,432.26,345.04,376.13,287.66,429.25,386.63,423.01,410.12,363.34,522.29,338.49,377.69,405.44,611.91,516.89,376.44,481.75,495.68,559.93,561.28,652.35,623.97,481.44,377.27,445.36,428.73,360.95,506.18,546.72,410.95,786.25,633.32,551.61,492.98,582.8,591.11,422.39,444.12,596.62,510.65,493.39,452.85,442.45,450.98,439.96,413.24,0,0,0,0,0,0,0,0,0,0,0,0,0,0,0,0,0,0,0,0,0,0,0,0,0,0,46.68,81.5,161.97,196.28,188.37,154.9,170.91,0,0,0,0,0,0,0,0,100.43,168.41,152.61,309.07,0,,,,,,,213,,,,488,,
2,0,0,0,0,0,0,0,0,0,0,0,0,0,0,0,0,0,0,0,0,0,0,0,0,0,0,0,0,0,0,0,0,0,0,0,0,0,0,0,0,0,0,0,0,0,0,0,0,0,0,0,0,0,0,0,0,0,0,0,0,0,0,0,0,0,0,0,0,0,0,0,0,0,0,0,0,0,0,0,0,0,0,0,0,0,0,0,0,0,0,0,0,0,0,0,0,53.75,0,0,0,0,0,0,0,0,0,0,0,0,0,0,0,0,0,292.13,258.86,228.19,317.8,203.76,200.54,227.46,313.96,236.82,268.01,220.39,219.87,209.37,298.88,404.61,187.54,218.42,195.65,216.24,212.39,224.86,259.07,253.77,201.37,234.12,345.35,287.76,329.45,231,263.12,260.63,334.75,212.6,227.46,377.37,272.37,242.12,295.97,272.17,380.28,277.78,339.12,306.68,440.37,273.1,724.7,500.15,341.82,310.11,354.92,551.71,604.32,423.84,483.31,420,391.51,399.31,436.84,439.96,447.75,584.67,462.41,417.29,336.62,363.13,281.94,423.53,386.63,397.02,410.12,348.37,510.34,338.49,370.41,405.44,600.89,508.99,369.37,467.71,495.68,559.93,561.28,652.35,623.97,481.44,377.27,445.36,423.01,360.95,497.86,537.58,398.37,775.02,627.5,542.15,490.48,562.42,568.24,404.92,444.12,579.78,499.53,483.62,437.36,442.45,437.15,430.81,413.24,0,0,0,0,0,0,0,0,0,0,0,0,0,0,0,0,0,0,0,0,0,0,0,0,0,0,35.97,67.05,149.08,190.25,188.37,148.35,170.91,0,0,0,0,0,0,0,0,90.34,162.07,146.69,295.97,0,,,,,,,214,,,,486,,
2,0,0,0,0,0,0,0,0,0,0,0,0,0,0,0,0,0,0,0,0,0,0,0,0,0,0,0,0,0,0,0,0,0,0,0,0,0,0,0,0,0,0,0,0,0,0,0,0,0,0,0,0,0,0,0,0,0,0,0,0,0,0,0,0,0,0,0,0,0,0,0,0,0,0,0,0,0,0,0,0,0,0,0,0,0,0,0,0,0,0,0,0,0,0,0,0,0,0,0,0,0,0,0,0,0,0,0,0,0,0,0,0,0,0,261.46,243.47,198.56,299.3,197.94,200.54,227.46,299.2,227.15,268.01,213.01,213.33,203.97,298.88,380.08,187.54,210.31,195.65,195.13,199.81,212.18,245.14,241.19,192.85,223.1,324.04,281.94,304.5,225.18,220.6,250.33,324.15,202.51,217.38,365.42,256.47,242.12,288.8,260.42,363.34,277.78,339.12,287.14,440.37,269.57,710.67,477.07,323.52,310.11,354.92,535.81,594.34,411.06,473.74,404.61,379.56,399.31,429.46,421.04,435.07,571.99,456.28,408.67,328.2,354.81,281.94,423.53,386.63,397.02,381.22,334.13,505.76,331.32,370.41,397.33,600.89,498.59,369.37,467.71,475.1,559.93,537.06,641.43,623.97,481.44,377.27,435.8,423.01,360.95,497.86,528.95,398.37,746.22,627.5,542.15,490.48,562.42,558.78,398.79,444.12,579.78,494.54,483.62,437.36,442.45,437.15,430.81,413.24,0,0,0,0,0,0,0,0,0,0,0,0,0,0,0,0,0,0,0,0,0,0,0,0,0,0,13.83,56.97,145.54,180.89,185.36,148.35,166.86,0,0,0,0,0,0,0,0,90.34,155,146.69,295.97,0,,,,,,,215,,,,484,,
2,0,0,0,0,0,0,0,0,0,0,0,0,0,0,0,0,0,0,0,0,0,0,0,0,0,0,0,0,0,0,0,0,0,0,0,0,0,0,0,0,0,0,0,0,0,0,0,0,0,0,0,0,0,0,0,0,0,0,0,0,0,0,0,0,0,0,0,0,0,0,0,0,0,0,0,0,0,0,0,0,0,0,0,0,0,0,0,0,0,0,0,0,0,0,0,0,0,0,0,0,0,0,0,0,0,0,0,0,0,0,0,0,0,0,175.07,211.45,0,222.68,167.06,169.25,206.26,299.2,211.87,254.18,205.63,213.33,186.19,285.27,348.99,180.79,210.31,187.75,195.13,195.55,205.32,237.86,236.51,185.67,210.93,318.12,276.12,297.74,225.18,211.35,250.33,324.15,202.51,203.14,365.42,256.47,237.55,277.36,260.42,353.36,277.78,339.12,287.14,434.34,269.57,686.34,395.67,323.52,294.1,336.41,522.92,583.11,392.24,468.65,404.61,379.56,388.71,429.46,409.5,435.07,546.72,442.35,408.67,321.76,354.81,276.53,413.55,368.23,386.73,381.22,334.13,488.19,331.32,352.11,397.33,600.89,480.5,369.37,467.71,458.98,549.12,537.06,634.88,623.97,466.67,370.51,423.95,417.29,356.48,477.49,528.95,383.72,730.84,617.94,542.15,490.48,562.42,553.27,380.6,444.12,573.13,494.54,483.62,429.15,442.45,437.15,422.08,413.24,0,0,0,0,0,0,0,0,0,0,0,0,0,0,0,0,0,0,0,0,0,0,0,0,0,0,0,35.45,138.06,180.89,185.36,142.63,166.86,0,0,0,0,0,0,0,0,90.34,146.58,140.24,276.74,0,,,,,,,216,,,,482,,
2,0,0,0,0,0,0,0,0,0,0,0,0,0,0,0,0,0,0,0,0,0,0,0,0,0,0,0,0,0,0,0,0,0,0,0,0,0,0,0,0,0,0,0,0,0,0,0,0,0,0,0,0,0,0,0,0,0,0,0,0,0,0,0,0,0,0,0,0,0,0,0,0,0,0,0,0,0,0,0,0,0,0,0,0,0,0,0,0,0,0,0,0,0,0,0,0,0,0,0,0,0,0,0,0,0,0,0,0,0,0,0,0,0,0,65.18,24.85,0,0,18.3,0,161.87,287.45,209.06,248.57,192.53,206.15,186.19,279.34,331.53,169.56,210.31,187.75,183.49,183.7,205.32,219.15,225.28,168.41,204.18,308.55,268.84,285.37,213.74,205.01,237.24,309.9,202.51,203.14,360.74,243.47,237.55,263.12,250.85,341.2,277.78,339.12,287.14,424.68,266.86,658.06,377.17,323.52,294.1,336.41,505.04,573.86,386.73,462.93,390.68,370.1,388.71,413.03,409.5,435.07,535.39,432.37,400.35,318.43,346.81,267.18,406.48,368.23,386.73,381.22,334.13,488.19,318.12,352.11,381.64,600.89,476.24,359.28,449.42,440.37,457.73,537.06,634.88,591.84,466.67,370.51,418.54,389.02,356.48,477.49,513.35,368.64,721.17,617.94,531.75,490.48,539.13,536.02,372.18,429.25,573.13,487.78,471.87,429.15,425.3,425.3,422.08,400.76,0,0,0,0,0,0,0,0,0,0,0,0,0,0,0,0,0,0,0,0,0,0,0,0,0,0,0,0,138.06,168.62,176.63,133.59,156.15,0,0,0,0,0,0,0,0,82.96,146.58,140.24,276.74,0,,,,,,,217,,,,480,,
2,0,0,0,0,0,0,0,0,0,0,0,0,0,0,0,0,0,0,0,0,0,0,0,0,0,0,0,0,0,0,0,0,0,0,0,0,0,0,0,0,0,0,0,0,0,0,0,0,0,0,0,0,0,0,0,0,0,0,0,0,0,0,0,0,0,0,0,0,0,0,0,0,0,0,0,0,0,0,0,0,0,0,0,0,0,0,0,0,0,0,0,0,0,0,0,0,0,0,0,0,0,0,0,0,0,0,0,0,0,0,0,0,0,0,0,0,0,0,0,0,0,263.02,199.29,242.54,185.26,206.15,166.75,268.01,289.84,168,189.93,179.75,183.49,183.7,205.32,219.15,225.28,158.43,204.18,284.43,261.56,266.24,205.84,197.63,221.95,300.44,193.88,190.14,336.73,243.47,224.76,250.85,250.85,333.61,255.95,327.89,287.14,424.68,266.86,647.15,356.69,323.52,290.26,330.8,497.65,573.86,379.45,448.07,390.68,370.1,381.43,413.03,409.5,423.95,506.8,419.69,388.5,305.43,335.89,267.18,406.48,368.23,357.62,367.29,320.61,488.19,318.12,352.11,381.64,587.37,469.79,351.8,449.42,429.04,457.73,522.61,610.66,591.84,466.67,370.51,413.03,389.02,347.12,467.92,513.35,368.64,718.67,617.94,524.16,486.32,539.13,523.96,368.64,429.25,573.13,481.75,459.71,423.53,425.3,425.3,412.82,400.76,0,0,0,0,0,0,0,0,0,0,0,0,0,0,0,0,0,0,0,0,0,0,0,0,0,0,0,0,118.62,162.9,168.73,133.59,156.15,0,0,0,0,0,0,0,0,74.23,146.58,140.24,270.71,0,,,,,,,218,,,,478,,
2,0,0,0,0,0,0,0,0,0,0,0,0,0,0,0,0,0,0,0,0,0,0,0,0,0,0,0,0,0,0,0,0,0,0,0,0,0,0,0,0,0,0,0,0,0,0,0,0,0,0,0,0,0,0,0,0,0,0,0,0,0,0,0,0,0,0,0,0,0,0,0,0,0,0,0,0,0,0,0,0,0,0,0,0,0,0,0,0,0,0,0,0,0,0,0,0,0,0,0,0,0,0,0,0,0,0,0,0,0,0,0,0,0,0,0,0,0,0,0,0,0,176.63,194.3,242.54,172.16,199.81,159.68,259.07,273.62,168,189.93,179.75,170.81,172.57,198.15,204.8,214.05,149.91,193.47,267.7,261.56,253.04,205.84,197.63,204.59,300.44,184.74,190.14,326.02,243.47,224.76,250.85,243.89,319.16,255.95,327.89,275.39,418.54,266.86,620.85,333.4,291.71,290.26,330.8,477.49,556.7,361.47,448.07,377.79,370.1,367.5,404.09,394.22,412.62,494.02,409.19,381.12,288.8,325.81,267.18,400.76,355.44,357.62,355.23,320.61,481.75,303.87,330.9,374.36,574.17,458.25,351.8,439.54,370.62,450.35,522.61,610.66,591.84,444.64,360.22,405.13,382.88,347.12,460.96,501.4,368.64,692.16,608.89,524.16,486.32,539.13,514.5,368.64,429.25,547.45,474.89,459.71,410.85,425.3,425.3,412.82,400.76,0,0,0,0,0,0,0,0,0,0,0,0,0,0,0,0,0,0,0,0,0,0,0,0,0,0,0,0,115.19,153.03,166.86,133.59,147.52,0,0,0,0,0,0,0,0,74.23,141.39,133.59,267.49,0,,,,,,,219,,,,476,,
2,0,0,0,0,0,0,0,0,0,0,0,0,0,0,0,0,0,0,0,0,0,0,0,0,0,0,0,0,0,0,0,0,0,0,0,0,0,0,0,0,0,0,0,0,0,0,0,0,0,0,0,0,0,0,0,0,0,0,0,0,0,0,0,0,0,0,0,0,0,0,0,0,0,0,0,0,0,0,0,0,0,0,0,0,0,0,0,0,0,0,0,0,0,0,0,0,0,0,0,0,0,0,0,0,0,0,0,0,0,0,0,0,0,0,0,0,0,0,0,0,0,0,149.18,230.17,161.87,191.39,159.68,253.14,260,168,189.93,164.05,160.83,146.79,188.27,196.8,207.09,113.11,193.47,248.57,250.23,239.73,205.84,186.3,191.7,288.59,184.74,187.86,324.56,224.76,224.76,237.86,233.7,305.75,249.4,327.89,275.39,418.54,266.86,609.41,312.61,291.71,286.51,318.12,462.62,556.7,361.47,442.35,368.95,354.81,367.5,396.81,394.22,402.74,473.85,396.5,374.57,281,325.81,267.18,386.63,355.44,357.62,348.99,309.18,481.75,303.87,330.9,374.36,569.28,450.15,341.61,439.54,364.17,433.2,522.61,594.13,591.84,444.64,360.22,392.14,382.88,347.12,437.46,489.75,363.65,679.69,608.89,524.16,486.32,530.19,486.43,368.64,429.25,547.45,474.89,447.96,405.34,425.3,417.5,412.82,394.53,0,0,0,0,0,0,0,0,0,0,0,0,0,0,0,0,0,0,0,0,0,0,0,0,0,0,0,0,107.08,146.06,149.29,128.6,141.39,0,0,0,0,0,0,0,0,68.82,131.41,124.65,267.49,0,,,,,,,220,,,,474,,
2,0,0,0,0,0,0,0,0,0,0,0,0,0,0,0,0,0,0,0,0,0,0,0,0,0,0,0,0,0,0,0,0,0,0,0,0,0,0,0,0,0,0,0,0,0,0,0,0,0,0,0,0,0,0,0,0,0,0,0,0,0,0,0,0,0,0,0,0,0,0,0,0,0,0,0,0,0,0,0,0,0,0,0,0,0,0,0,0,0,0,0,0,0,0,0,0,0,0,0,0,0,0,0,0,0,0,0,0,0,0,0,0,0,0,0,0,0,0,0,0,0,0,0,221.64,148.87,180.16,140.55,229.96,220.6,150.33,171.85,157.91,159.16,146.79,180.79,196.8,201.47,76.2,180.47,248.57,239.11,211.45,195.86,186.3,191.7,280.69,184.74,184.63,310.42,210.52,207.71,237.86,233.7,296.29,249.4,319.36,257.72,410.22,260.52,599.85,302.21,291.71,286.51,318.12,436.84,549.43,339.74,429.46,368.95,354.81,360.32,386.83,394.22,394.11,459.71,382.36,374.57,270.61,313.13,261.87,386.63,349.82,313.23,348.99,309.18,471.77,292.13,311.78,366.87,569.28,435.59,341.61,424.16,348.47,433.2,512.52,567.1,568.76,435.59,360.22,392.14,372.18,336.1,424.47,481.54,363.65,679.69,593.3,518.45,486.32,530.19,473.02,357.62,429.25,542.15,462.93,447.96,405.34,425.3,417.5,393.8,394.53,0,0,0,0,0,0,0,0,0,0,0,0,0,0,0,0,0,0,0,0,0,0,0,0,0,0,0,0,98.35,146.06,143.46,119.55,141.39,0,0,0,0,0,0,0,0,62.48,131.41,124.65,244.1,0,,,,,,,221,,,,472,,
2,0,0,0,0,0,0,0,0,0,0,0,0,0,0,0,0,0,0,0,0,0,0,0,0,0,0,0,0,0,0,0,0,0,0,0,0,0,0,0,0,0,0,0,0,0,0,0,0,0,0,0,0,0,0,0,0,0,0,0,0,0,0,0,0,0,0,0,0,0,0,0,0,0,0,0,0,0,0,0,0,0,0,0,0,0,0,0,0,0,0,0,0,0,0,0,0,0,0,0,0,0,0,0,0,0,0,0,0,0,0,0,0,0,0,0,0,0,0,0,0,0,0,0,178.19,117.68,144.09,90.65,155.52,107.7,150.33,165.09,137.12,147.93,132.44,180.79,182.45,195.86,58.63,180.47,242.95,232.97,211.45,190.35,186.3,179.43,280.69,179.23,163.74,303.46,204.8,207.71,219.67,221.54,281,242.02,319.36,246.28,410.22,260.52,583.21,295.04,286.3,283.19,315.52,428.63,523.85,332.88,417.92,363.13,341.2,350.55,380.7,380.8,351.28,455.45,371.14,361.88,270.61,305.23,261.87,381.53,349.82,306.27,331.84,309.18,471.77,284.43,311.78,354.5,556.5,422.7,341.61,424.16,348.47,415.32,498.17,561.69,568.76,435.59,351.8,380.49,359.49,336.1,404.92,475.82,363.65,667.21,593.3,518.45,486.32,510.65,466.36,351.7,429.25,534.46,462.93,427.79,393.9,425.3,417.5,393.8,391.93,0,0,0,0,0,0,0,0,0,0,0,0,0,0,0,0,0,0,0,0,0,0,0,0,0,0,0,0,88.05,140.45,140.76,119.55,141.39,0,0,0,0,0,0,0,0,62.48,121.32,124.65,244.1,0,,,,,,,222,,,,470,,
2,0,0,0,0,0,0,0,0,0,0,0,0,0,0,0,0,0,0,0,0,0,0,0,0,0,0,0,0,0,0,0,0,0,0,0,0,0,0,0,0,0,0,0,0,0,0,0,0,0,0,0,0,0,0,0,0,0,0,0,0,0,0,0,0,0,0,0,0,0,0,0,0,0,0,0,0,0,0,0,0,0,0,0,0,0,0,0,0,0,0,0,0,0,0,0,0,0,0,0,0,0,0,0,0,0,0,0,0,0,0,0,0,0,0,0,0,0,0,0,0,0,0,0,0,60.3,0,0,0,0,128.6,152.61,79.84,102.19,132.44,166.44,178.29,189.1,35.55,180.47,223.31,227.15,205.53,190.35,186.3,172.16,255.12,175.38,163.74,294.21,204.8,207.71,211.25,206.98,269.26,231.41,300.34,246.28,400.56,254.18,546.83,272.69,286.3,283.19,302.83,417.4,523.85,326.54,409.39,350.14,341.2,350.55,373.74,380.8,344.11,424.36,357.21,351.38,270.61,305.23,251.17,381.53,329.97,246.8,331.84,287.24,463.24,277.47,301.28,349.41,548.7,404.61,337.35,411.47,340.78,381.64,498.17,546,568.76,419.48,351.8,380.49,359.49,329.86,388.5,468.96,363.65,638.73,593.3,515.95,486.32,510.65,452.02,351.7,429.25,534.46,462.93,427.79,382.88,425.3,409.71,393.8,391.93,0,0,0,0,0,0,0,0,0,0,0,0,0,0,0,0,0,0,0,0,0,0,0,0,0,0,0,0,81.61,130.99,134.63,111.96,138.27,0,0,0,0,0,0,0,0,51.15,116.54,112.07,237.65,0,,,,,,,223,,,,468,,
2,0,0,0,0,0,0,0,0,0,0,0,0,0,0,0,0,0,0,0,0,0,0,0,0,0,0,0,0,0,0,0,0,0,0,0,0,0,0,0,0,0,0,0,0,0,0,0,0,0,0,0,0,0,0,0,0,0,0,0,0,0,0,0,0,0,0,0,0,0,0,0,0,0,0,0,0,0,0,0,0,0,0,0,0,0,0,0,0,0,0,0,0,0,0,0,0,0,0,0,0,0,0,0,0,0,0,0,0,0,0,0,0,0,0,0,0,0,0,0,0,0,0,0,0,0,0,0,0,0,103.23,94.19,0,0,83.27,143.57,156.77,179.85,29.73,160.93,216.34,227.15,186.82,185.57,186.3,166.34,255.12,175.38,163.74,294.21,193.36,207.71,211.25,206.98,262.91,231.41,300.34,232.35,393.7,254.18,540.49,266.97,281,275.39,302.83,376.33,513.77,308.14,409.39,343.69,330.07,339.32,363.96,374.05,332.77,413.14,350.14,351.38,237.96,305.23,251.17,366.77,329.97,246.8,305.95,287.24,463.24,268.84,293.58,349.41,543.09,386.42,329.03,411.47,340.78,381.64,498.17,524.37,561.9,419.48,339.22,368.74,350.45,318.22,369.16,461.06,363.65,638.73,593.3,509.19,486.32,510.65,452.02,351.7,425.2,517.82,462.93,415.21,374.67,425.3,409.71,393.8,391.93,0,0,0,0,0,0,0,0,0,0,0,0,0,0,0,0,0,0,0,0,0,0,0,0,0,0,0,0,61.23,122.46,134.63,111.96,138.27,0,0,0,0,0,0,0,0,37.32,116.54,112.07,221.95,0,,,,,,,224,,,,466,,
2,0,0,0,0,0,0,0,0,0,0,0,0,0,0,0,0,0,0,0,0,0,0,0,0,0,0,0,0,0,0,0,0,0,0,0,0,0,0,0,0,0,0,0,0,0,0,0,0,0,0,0,0,0,0,0,0,0,0,0,0,0,0,0,0,0,0,0,0,0,0,0,0,0,0,0,0,0,0,0,0,0,0,0,0,0,0,0,0,0,0,0,0,0,0,0,0,0,0,0,0,0,0,0,0,0,0,0,0,0,0,0,0,0,0,0,0,0,0,0,0,0,0,0,0,0,0,0,0,0,0,0,0,0,0,43.66,132.86,21.62,19.65,148.35,193.78,219.77,175.07,171.85,177.15,159.06,255.12,168.31,154.17,279.03,193.36,187.75,196.59,206.98,239.42,231.41,296.49,222.99,393.7,254.18,530.09,266.97,264.79,275.39,290.15,361.99,505.45,294.83,386.42,343.69,320.61,326.85,357.73,368.33,332.77,406.07,337.56,351.38,237.96,292.85,251.17,366.77,329.97,239.32,305.95,287.24,456.18,258.86,274.35,349.41,510.65,363.55,329.03,402.12,333.71,367.29,484.45,498.38,548.08,419.48,324.67,359.08,350.45,318.22,359.6,454.51,363.65,620.74,593.3,509.19,486.32,510.65,436.53,345.15,425.2,517.82,444.53,415.21,366.35,418.54,403.26,393.8,376.33,0,0,0,0,0,0,0,0,0,0,0,0,0,0,0,0,0,0,0,0,0,0,0,0,0,0,0,0,0,122.46,134.63,105.62,138.27,0,0,0,0,0,0,0,0,0,105,102.19,203.45,0,,,,,,,225,,,,464,,
2,0,0,0,0,0,0,0,0,0,0,0,0,0,0,0,0,0,0,0,0,0,0,0,0,0,0,0,0,0,0,0,0,0,0,0,0,0,0,0,0,0,0,0,0,0,0,0,0,0,0,0,0,0,0,0,0,0,0,0,0,0,0,0,0,0,0,0,0,0,0,0,0,0,0,0,0,0,0,0,0,0,0,0,0,0,0,0,0,0,0,0,0,0,0,0,0,0,0,0,0,0,0,0,0,0,0,0,0,0,0,0,0,0,0,0,0,0,0,0,0,0,0,0,0,0,0,0,0,0,0,0,0,0,0,0,0,0,19.65,148.35,185.57,210.31,166.23,171.85,177.15,153.24,243.99,168.31,154.17,279.03,174.76,181.41,187.23,206.98,232.66,213.01,290.05,210.73,386,252.93,520.21,266.97,264.79,275.39,290.15,335.48,497.34,286.41,386.42,322.17,320.61,314.37,351.59,368.33,324.15,393.28,324.98,342.34,237.96,292.85,251.17,361.16,317.28,235.05,292.85,271.13,437.25,245.55,274.35,336,504.93,363.55,320.51,402.12,333.71,354.61,475.3,479.46,548.08,410.33,324.67,350.03,322.17,309.18,328.93,442.76,357.73,607.96,584.46,502.13,486.32,490.38,436.53,345.15,419.17,517.82,444.53,399.1,353.36,411.89,403.26,384.23,376.33,0,0,0,0,0,0,0,0,0,0,0,0,0,0,0,0,0,0,0,0,0,0,0,0,0,0,0,0,0,105.1,117.58,105.62,130.99,0,0,0,0,0,0,0,0,0,105,102.19,196.38,0,,,,,,,226,,,,462,,
2,0,0,0,0,0,0,0,0,0,0,0,0,0,0,0,0,0,0,0,0,0,0,0,0,0,0,0,0,0,0,0,0,0,0,0,0,0,0,0,0,0,0,0,0,0,0,0,0,0,0,0,0,0,0,0,0,0,0,0,0,0,0,0,0,0,0,0,0,0,0,0,0,0,0,0,0,0,0,0,0,0,0,0,0,0,0,0,0,0,0,0,0,0,0,0,0,0,0,0,0,0,0,0,0,0,0,0,0,0,0,0,0,0,0,0,0,0,0,0,0,0,0,0,0,0,0,0,0,0,0,0,0,0,0,0,0,0,0,130.99,180.16,210.31,148.66,171.85,172.57,145.96,243.99,168.31,154.17,262.71,174.76,181.41,178.6,187.02,214.68,205.01,282.35,201.06,373.74,237.24,505.04,258.65,264.79,267.18,271.02,329.14,492.35,275.7,379.97,322.17,308.97,292.02,351.59,354.81,324.15,370.1,312.4,342.34,218.21,280.9,240.77,355.54,307.3,235.05,292.85,261.87,430.91,245.55,265.93,336,497.45,342.86,304.91,386.52,316.87,354.61,468.34,461.79,548.08,392.45,324.67,346.91,303.77,309.18,321.96,442.76,357.73,591.53,576.04,495.68,486.32,490.38,434.45,330.07,419.17,504.2,435.7,399.1,315.1,411.89,394.63,375.09,368.33,0,0,0,0,0,0,0,0,0,0,0,0,0,0,0,0,0,0,0,0,0,0,0,0,0,0,0,0,0,105.1,117.58,99.7,130.99,0,0,0,0,0,0,0,0,0,105,102.19,187.23,0,,,,,,,227,,,,460,,
2,0,0,0,0,0,0,0,0,0,0,0,0,0,0,0,0,0,0,0,0,0,0,0,0,0,0,0,0,0,0,0,0,0,0,0,0,0,0,0,0,0,0,0,0,0,0,0,0,0,0,0,0,0,0,0,0,0,0,0,0,0,0,0,0,0,0,0,0,0,0,0,0,0,0,0,0,0,0,0,0,0,0,0,0,0,0,0,0,0,0,0,0,0,0,0,0,0,0,0,0,0,0,0,0,0,0,0,0,0,0,0,0,0,0,0,0,0,0,0,0,0,0,0,0,0,0,0,0,0,0,0,0,0,0,0,0,0,0,130.99,174.76,210.31,148.66,163.53,172.57,145.96,219.56,162.49,154.17,262.71,169.14,181.41,178.6,187.02,202.41,205.01,274.77,195.96,373.74,237.24,480.09,247.42,264.79,267.18,271.02,319.36,477.49,269.98,362.2,305.95,300.86,284.85,328.51,354.81,324.15,367.29,312.4,332.05,218.21,280.9,231,348.58,307.3,235.05,280.38,250.02,421.66,227.46,265.93,310.01,479.36,342.86,304.91,386.52,316.87,342.13,457.11,453.68,535.7,392.45,316.04,346.91,303.77,299.4,318.12,414.7,351.18,576.14,576.04,495.68,486.32,490.38,434.45,323.52,419.17,494.22,435.7,393.28,304.81,409.19,382.99,375.09,362.2,0,0,0,0,0,0,0,0,0,0,0,0,0,0,0,0,0,0,0,0,0,0,0,0,0,0,0,0,0,91.8,117.58,99.7,120.39,0,0,0,0,0,0,0,0,0,90.76,97.1,162.07,0,,,,,,,228,,,,458,,
2,0,0,0,0,0,0,0,0,0,0,0,0,0,0,0,0,0,0,0,0,0,0,0,0,0,0,0,0,0,0,0,0,0,0,0,0,0,0,0,0,0,0,0,0,0,0,0,0,0,0,0,0,0,0,0,0,0,0,0,0,0,0,0,0,0,0,0,0,0,0,0,0,0,0,0,0,0,0,0,0,0,0,0,0,0,0,0,0,0,0,0,0,0,0,0,0,0,0,0,0,0,0,0,0,0,0,0,0,0,0,0,0,0,0,0,0,0,0,0,0,0,0,0,0,0,0,0,0,0,0,0,0,0,0,0,0,0,0,117.37,144.19,186.09,128.91,150.01,163.32,145.96,219.56,152.61,144.61,242.54,163.42,181.41,159.06,187.02,202.41,193.36,267.18,192.22,366.67,224.86,463.56,247.42,252.1,255.95,251.27,282.87,471.67,263.54,356.27,305.95,300.86,284.85,328.51,354.81,311.36,356.06,302.63,327.16,204.9,275.49,221.33,340.16,298.78,223.72,260.94,250.02,408.77,227.46,261.98,310.01,474.06,322.79,292.23,377.17,316.87,342.13,457.11,428.63,535.7,386.52,316.04,334.85,296.08,295.35,312.29,414.7,344.31,528.84,576.04,495.68,476.55,478.21,425.92,323.52,419.17,494.22,422.18,393.28,295.14,379.35,382.99,375.09,351.07,0,0,0,0,0,0,0,0,0,0,0,0,0,0,0,0,0,0,0,0,0,0,0,0,0,0,0,0,0,80.98,104.17,90.55,120.39,0,0,0,0,0,0,0,0,0,78.49,90.76,162.07,0,,,,,,,229,,,,456,,
2,0,0,0,0,0,0,0,0,0,0,0,0,0,0,0,0,0,0,0,0,0,0,0,0,0,0,0,0,0,0,0,0,0,0,0,0,0,0,0,0,0,0,0,0,0,0,0,0,0,0,0,0,0,0,0,0,0,0,0,0,0,0,0,0,0,0,0,0,0,0,0,0,0,0,0,0,0,0,0,0,0,0,0,0,0,0,0,0,0,0,0,0,0,0,0,0,0,0,0,0,0,0,0,0,0,0,0,0,0,0,0,0,0,0,0,0,0,0,0,0,0,0,0,0,0,0,0,0,0,0,0,0,0,0,0,0,0,0,0,68.82,186.09,128.91,150.01,163.32,129.33,210.83,152.61,142.94,211.56,163.42,171.43,159.06,168,180.79,193.36,261.35,192.22,348.78,224.86,448.59,247.42,248.67,255.95,251.27,282.87,465.84,263.54,342.13,290.67,291.81,277.88,322.38,328.72,311.36,336.21,295.56,327.16,184.84,275.49,218.11,334.23,290.36,223.72,248.05,239.63,398.48,227.46,249.3,310.01,455.86,316.56,292.23,367.5,316.87,332.36,433.72,417.81,535.7,379.97,309.49,320.92,284.64,295.35,312.29,414.7,336,510.75,556.08,486.53,476.55,473.33,425.92,317.39,418.54,482.58,422.18,374.25,280.28,299.51,382.99,375.09,338.18,0,0,0,0,0,0,0,0,0,0,0,0,0,0,0,0,0,0,0,0,0,0,0,0,0,0,0,0,0,0,93.46,85.14,120.39,0,0,0,0,0,0,0,0,0,78.49,90.76,156.56,0,,,,,,,230,,,,454,,
2,0,0,0,0,0,0,0,0,0,0,0,0,0,0,0,0,0,0,0,0,0,0,0,0,0,0,0,0,0,0,0,0,0,0,0,0,0,0,0,0,0,0,0,0,0,0,0,0,0,0,0,0,0,0,0,0,0,0,0,0,0,0,0,0,0,0,0,0,0,0,0,0,0,0,0,0,0,0,0,0,0,0,0,0,0,0,0,0,0,0,0,0,0,0,0,0,0,0,0,0,0,0,0,0,0,0,0,0,0,0,0,0,0,0,0,0,0,0,0,0,0,0,0,0,0,0,0,0,0,0,0,0,0,0,0,0,0,0,0,0,60.61,93.46,117.99,155.73,129.33,210.83,152.61,138.47,203.03,151.99,171.43,147.52,168,173.92,193.36,248.88,186.82,344.52,205.11,431.12,243.99,241.6,245.24,242.85,282.87,463.66,241.91,333.09,290.67,285.06,268.42,322.38,328.72,307.1,336.21,290.05,319.47,184.84,266.34,209.48,334.23,290.36,223.72,248.05,226.63,386.11,219.98,243.89,310.01,455.86,302,286.62,367.5,307.62,321.24,408.67,400.45,523.23,379.97,300.86,308.97,278.61,280.69,301.38,389.43,336,494.12,556.08,471.56,476.55,463.87,425.92,317.39,400.87,482.58,422.18,374.25,262.81,299.51,382.99,363.75,330.8,0,0,0,0,0,0,0,0,0,0,0,0,0,0,0,0,0,0,0,0,0,0,0,0,0,0,0,0,0,0,69.03,85.14,120.39,0,0,0,0,0,0,0,0,0,60.19,84.52,156.56,0,,,,,,,231,,,,452,,
2,0,0,0,0,0,0,0,0,0,0,0,0,0,0,0,0,0,0,0,0,0,0,0,0,0,0,0,0,0,0,0,0,0,0,0,0,0,0,0,0,0,0,0,0,0,0,0,0,0,0,0,0,0,0,0,0,0,0,0,0,0,0,0,0,0,0,0,0,0,0,0,0,0,0,0,0,0,0,0,0,0,0,0,0,0,0,0,0,0,0,0,0,0,0,0,0,0,0,0,0,0,0,0,0,0,0,0,0,0,0,0,0,0,0,0,0,0,0,0,0,0,0,0,0,0,0,0,0,0,0,0,0,0,0,0,0,0,0,0,0,0,0,0,147.62,122.15,194.61,142.42,125.9,203.03,139.2,171.43,147.52,168,160.51,174.03,243.16,186.82,337.56,191.81,423.32,231.62,241.6,232.45,227.67,278.51,458.36,241.91,313.44,255.01,275.49,264.06,316.25,328.72,300.03,316.04,282.98,310.32,172.57,258.34,209.48,327.16,290.36,212.08,235.99,226.63,374.25,219.98,243.89,302.73,444.74,293.27,279.55,358.14,307.62,321.24,371.34,358.25,512.42,379.97,292.13,308.97,278.61,280.69,286.51,389.43,336,478.94,556.08,471.56,476.55,461.17,411.58,317.39,400.87,467.3,400.66,363.96,252.93,287.55,369.89,363.75,324.56,0,0,0,0,0,0,0,0,0,0,0,0,0,0,0,0,0,0,0,0,0,0,0,0,0,0,0,0,0,0,0,72.98,111.24,0,0,0,0,0,0,0,0,0,53.85,70.69,134.84,0,,,,,,,232,,,,450,,
2,0,0,0,0,0,0,0,0,0,0,0,0,0,0,0,0,0,0,0,0,0,0,0,0,0,0,0,0,0,0,0,0,0,0,0,0,0,0,0,0,0,0,0,0,0,0,0,0,0,0,0,0,0,0,0,0,0,0,0,0,0,0,0,0,0,0,0,0,0,0,0,0,0,0,0,0,0,0,0,0,0,0,0,0,0,0,0,0,0,0,0,0,0,0,0,0,0,0,0,0,0,0,0,0,0,0,0,0,0,0,0,0,0,0,0,0,0,0,0,0,0,0,0,0,0,0,0,0,0,0,0,0,0,0,0,0,0,0,0,0,0,0,0,62.58,93.36,140.55,142.42,125.9,180.37,131.92,165.82,115.92,147.62,151.78,174.03,237.03,179.85,337.56,185.67,392.66,231.62,230.27,219.67,222.06,277.57,446.61,241.91,307.62,255.01,269.98,264.06,306.37,317.8,300.03,316.04,275.08,310.32,172.57,250.65,191.91,304.6,277.57,212.08,235.99,226.63,361.78,219.98,243.89,302.73,425.4,293.27,273.93,358.14,293.06,305.75,357,358.25,512.42,359.28,292.13,308.97,266.24,275.39,286.51,379.66,325.29,466.57,544.33,465.01,466.67,454.51,399.31,317.39,400.87,467.3,400.66,363.96,252.93,287.55,361.57,363.75,318.64,0,0,0,0,0,0,0,0,0,0,0,0,0,0,0,0,0,0,0,0,0,0,0,0,0,0,0,0,0,0,0,0,111.24,0,0,0,0,0,0,0,0,0,0,64.45,131.41,0,,,,,,,233,,,,448,,
2,0,0,0,0,0,0,0,0,0,0,0,0,0,0,0,0,0,0,0,0,0,0,0,0,0,0,0,0,0,0,0,0,0,0,0,0,0,0,0,0,0,0,0,0,0,0,0,0,0,0,0,0,0,0,0,0,0,0,0,0,0,0,0,0,0,0,0,0,0,0,0,0,0,0,0,0,0,0,0,0,0,0,0,0,0,0,0,0,0,0,0,0,0,0,0,0,0,0,0,0,0,0,0,0,0,0,0,0,0,0,0,0,0,0,0,0,0,0,0,0,0,0,0,0,0,0,0,0,0,0,0,0,0,0,0,0,0,0,0,0,0,0,0,0,0,0,91.17,117.68,76.41,99.18,161.24,115.92,136.4,143.98,174.03,237.03,179.85,319.26,175.8,349.51,231.62,230.27,198.46,222.06,265.1,425.71,231.62,307.62,255.01,251.69,257.4,292.85,317.8,292.13,316.04,275.08,300.44,167.17,250.65,191.91,304.6,255.43,212.08,215.61,211.35,361.78,198.87,243.89,302.73,425.4,266.03,265.41,333.5,293.06,299.4,349.72,343.38,512.42,359.28,289.42,295.66,266.24,257.51,273.31,362.09,325.29,447.44,534.25,458.25,451.7,433.3,399.31,307.82,374.05,448.69,389.74,347.95,252.93,287.55,361.57,335.58,306.16,0,0,0,0,0,0,0,0,0,0,0,0,0,0,0,0,0,0,0,0,0,0,0,0,0,0,0,0,0,0,0,0,103.54,0,0,0,0,0,0,0,0,0,0,64.45,118.83,0,,,,,,,234,,,,446,,
2,0,0,0,0,0,0,0,0,0,0,0,0,0,0,0,0,0,0,0,0,0,0,0,0,0,0,0,0,0,0,0,0,0,0,0,0,0,0,0,0,0,0,0,0,0,0,0,0,0,0,0,0,0,0,0,0,0,0,0,0,0,0,0,0,0,0,0,0,0,0,0,0,0,0,0,0,0,0,0,0,0,0,0,0,0,0,0,0,0,0,0,0,0,0,0,0,0,0,0,0,0,0,0,0,0,0,0,0,0,0,0,0,0,0,0,0,0,0,0,0,0,0,0,0,0,0,0,0,0,0,0,0,0,0,0,0,0,0,0,0,0,0,0,0,0,0,0,56.14,0,0,109.05,109.05,123.09,124.02,167.69,202.93,174.24,319.26,171.53,277.16,222.79,220.29,176.11,209.37,139.62,406.38,231.62,287.34,243.47,251.69,241.91,292.85,304.08,292.13,294.83,275.08,287.03,156.36,240.98,191.91,304.6,246.28,191.81,215.61,205.63,347.02,198.87,235.99,289.01,413.14,266.03,252.62,333.5,285.79,288.18,349.72,319.99,498.38,354.19,285.99,295.66,266.24,257.51,273.31,355.54,325.29,422.6,527.49,443.39,427.79,418.44,387.15,307.82,374.05,448.69,379.14,347.95,252.93,277.88,361.57,329.45,300.13,0,0,0,0,0,0,0,0,0,0,0,0,0,0,0,0,0,0,0,0,0,0,0,0,0,0,0,0,0,0,0,0,103.54,0,0,0,0,0,0,0,0,0,0,58.22,118.83,0,,,,,,,235,,,,444,,
2,0,0,0,0,0,0,0,0,0,0,0,0,0,0,0,0,0,0,0,0,0,0,0,0,0,0,0,0,0,0,0,0,0,0,0,0,0,0,0,0,0,0,0,0,0,0,0,0,0,0,0,0,0,0,0,0,0,0,0,0,0,0,0,0,0,0,0,0,0,0,0,0,0,0,0,0,0,0,0,0,0,0,0,0,0,0,0,0,0,0,0,0,0,0,0,0,0,0,0,0,0,0,0,0,0,0,0,0,0,0,0,0,0,0,0,0,0,0,0,0,0,0,0,0,0,0,0,0,0,0,0,0,0,0,0,0,0,0,0,0,0,0,0,0,0,0,0,0,0,0,0,50.73,0,73.19,150.01,202.93,174.24,315.1,171.53,188.48,215.2,204.7,176.11,193.88,136.81,368.85,218.73,265.93,243.47,244.93,241.91,277.26,296.29,292.13,294.83,252.83,287.03,156.36,231,187.65,294.73,243.47,191.81,215.61,205.63,347.02,198.87,235.99,272.58,407.63,259.07,252.62,333.5,285.79,279.13,343.07,319.99,491.52,354.19,278.3,275.08,266.24,257.51,247.22,355.54,325.29,417.09,522.29,436.94,418.13,418.44,387.15,301.79,374.05,433.82,369.37,331.53,244.93,277.88,352.32,329.45,300.13,0,0,0,0,0,0,0,0,0,0,0,0,0,0,0,0,0,0,0,0,0,0,0,0,0,0,0,0,0,0,0,0,89.82,0,0,0,0,0,0,0,0,0,0,58.22,114.36,0,,,,,,,236,,,,442,,
2,0,0,0,0,0,0,0,0,0,0,0,0,0,0,0,0,0,0,0,0,0,0,0,0,0,0,0,0,0,0,0,0,0,0,0,0,0,0,0,0,0,0,0,0,0,0,0,0,0,0,0,0,0,0,0,0,0,0,0,0,0,0,0,0,0,0,0,0,0,0,0,0,0,0,0,0,0,0,0,0,0,0,0,0,0,0,0,0,0,0,0,0,0,0,0,0,0,0,0,0,0,0,0,0,0,0,0,0,0,0,0,0,0,0,0,0,0,0,0,0,0,0,0,0,0,0,0,0,0,0,0,0,0,0,0,0,0,0,0,0,0,0,0,0,0,0,0,0,0,0,0,0,0,0,69.76,168.21,174.24,300.24,171.53,173.09,204.9,204.7,170.49,176.84,130.05,332.46,218.73,246.9,189,224.14,231.93,277.26,296.29,292.13,294.83,252.83,275.18,149.7,231,187.65,282.25,230.69,191.81,208.75,205.63,338.18,188.89,216.55,254.08,390.37,259.07,247.01,322.9,285.79,273.52,324.35,300.65,485.91,348.99,278.3,267.9,266.24,246.38,247.22,331.42,316.97,410.33,508.26,429.87,405.65,413.03,384.13,301.79,365.73,433.82,361.57,322.48,244.93,277.88,321.03,324.67,290.26,0,0,0,0,0,0,0,0,0,0,0,0,0,0,0,0,0,0,0,0,0,0,0,0,0,0,0,0,0,0,0,0,89.82,0,0,0,0,0,0,0,0,0,0,39.61,114.36,0,,,,,,,237,,,,440,,
2,0,0,0,0,0,0,0,0,0,0,0,0,0,0,0,0,0,0,0,0,0,0,0,0,0,0,0,0,0,0,0,0,0,0,0,0,0,0,0,0,0,0,0,0,0,0,0,0,0,0,0,0,0,0,0,0,0,0,0,0,0,0,0,0,0,0,0,0,0,0,0,0,0,0,0,0,0,0,0,0,0,0,0,0,0,0,0,0,0,0,0,0,0,0,0,0,0,0,0,0,0,0,0,0,0,0,0,0,0,0,0,0,0,0,0,0,0,0,0,0,0,0,0,0,0,0,0,0,0,0,0,0,0,0,0,0,0,0,0,0,0,0,0,0,0,0,0,0,0,0,0,0,0,0,0,0,154.9,281.42,156.77,163.32,198.98,204.7,167.17,159.47,130.05,320.2,207.09,238.28,189,224.14,231.93,269.05,290.88,281.94,276.74,245.24,275.18,142.84,217.28,167.69,275.29,224.97,183.07,199.19,191.18,323.94,188.89,216.55,254.08,375.19,247.74,237.65,311.98,270.92,265.2,324.35,300.65,485.91,310.74,278.3,255.64,252.1,239.42,240.46,319.99,307.1,400.24,443.39,421.35,402.95,406.07,374.36,289.42,348.99,408.15,358.76,317.18,244.93,265.62,299.72,320.61,284.12,0,0,0,0,0,0,0,0,0,0,0,0,0,0,0,0,0,0,0,0,0,0,0,0,0,0,0,0,0,0,0,0,78.8,0,0,0,0,0,0,0,0,0,0,39.61,107.49,0,,,,,,,238,,,,438,,
2,0,0,0,0,0,0,0,0,0,0,0,0,0,0,0,0,0,0,0,0,0,0,0,0,0,0,0,0,0,0,0,0,0,0,0,0,0,0,0,0,0,0,0,0,0,0,0,0,0,0,0,0,0,0,0,0,0,0,0,0,0,0,0,0,0,0,0,0,0,0,0,0,0,0,0,0,0,0,0,0,0,0,0,0,0,0,0,0,0,0,0,0,0,0,0,0,0,0,0,0,0,0,0,0,0,0,0,0,0,0,0,0,0,0,0,0,0,0,0,0,0,0,0,0,0,0,0,0,0,0,0,0,0,0,0,0,0,0,0,0,0,0,0,0,0,0,0,0,0,0,0,0,0,0,0,0,140.35,235.99,156.77,152.09,198.98,195.96,153.03,152.4,124.54,310.94,207.09,233.7,189,213.95,226.32,250.02,284.02,281.94,276.74,236.51,258.86,142.84,217.28,167.69,275.29,216.44,183.07,199.19,191.18,323.94,188.89,205.84,199.81,355.13,237.96,237.65,301.07,270.92,255.43,324.35,289.53,469.27,305.54,278.3,246.49,239.42,227.98,233.6,313.02,299.92,393.7,430.7,410.33,368.23,406.07,374.36,289.42,342.96,408.15,337.87,303.77,244.93,256.26,293.27,320.61,284.12,0,0,0,0,0,0,0,0,0,0,0,0,0,0,0,0,0,0,0,0,0,0,0,0,0,0,0,0,0,0,0,0,78.8,0,0,0,0,0,0,0,0,0,0,34.72,94.92,0,,,,,,,239,,,,436,,
2,0,0,0,0,0,0,0,0,0,0,0,0,0,0,0,0,0,0,0,0,0,0,0,0,0,0,0,0,0,0,0,0,0,0,0,0,0,0,0,0,0,0,0,0,0,0,0,0,0,0,0,0,0,0,0,0,0,0,0,0,0,0,0,0,0,0,0,0,0,0,0,0,0,0,0,0,0,0,0,0,0,0,0,0,0,0,0,0,0,0,0,0,0,0,0,0,0,0,0,0,0,0,0,0,0,0,0,0,0,0,0,0,0,0,0,0,0,0,0,0,0,0,0,0,0,0,0,0,0,0,0,0,0,0,0,0,0,0,0,0,0,0,0,0,0,0,0,0,0,0,0,0,0,0,0,0,124.65,214.47,143.78,139.51,181.31,184.74,153.03,141.8,118.83,297.43,196.07,223.31,167.58,200.43,226.32,213.53,278.09,281.94,276.74,224.86,258.86,133.07,217.28,161.97,259.69,203.66,183.07,199.19,177.25,310.63,188.89,205.84,199.81,340.36,235.47,211.04,284.95,270.92,247.74,324.35,289.53,469.27,297.53,278.3,234.22,239.42,212.18,221.95,303.04,299.92,393.7,419.17,403.57,343.07,392.55,359.08,277.57,329.86,408.15,330.9,301.17,244.93,256.26,284.95,320.61,278.82,0,0,0,0,0,0,0,0,0,0,0,0,0,0,0,0,0,0,0,0,0,0,0,0,0,0,0,0,0,0,0,0,62.38,0,0,0,0,0,0,0,0,0,0,0,94.92,0,,,,,,,240,,,,434,,
2,0,0,0,0,0,0,0,0,0,0,0,0,0,0,0,0,0,0,0,0,0,0,0,0,0,0,0,0,0,0,0,0,0,0,0,0,0,0,0,0,0,0,0,0,0,0,0,0,0,0,0,0,0,0,0,0,0,0,0,0,0,0,0,0,0,0,0,0,0,0,0,0,0,0,0,0,0,0,0,0,0,0,0,0,0,0,0,0,0,0,0,0,0,0,0,0,0,0,0,0,0,0,0,0,0,0,0,0,0,0,0,0,0,0,0,0,0,0,0,0,0,0,0,0,0,0,0,0,0,0,0,0,0,0,0,0,0,0,0,0,0,0,0,0,0,0,0,0,0,0,0,0,0,0,0,0,0,138.79,77.55,55.72,129.85,184.74,143.26,131.92,115.4,297.43,196.07,223.31,167.58,191.18,226.32,213.53,278.09,281.94,255.53,209.06,246.7,126.1,201.27,161.97,259.69,199.39,183.07,189.62,177.25,291.3,171.64,205.84,199.81,340.36,231.93,211.04,271.33,260,244.83,308.86,270.92,459.4,293.27,259.48,234.22,233.81,212.18,217.59,303.04,299.92,381.01,405.23,403.57,343.07,379.87,353.67,247.94,329.86,376.65,330.9,286.51,239.94,249.4,284.95,320.61,278.82,0,0,0,0,0,0,0,0,0,0,0,0,0,0,0,0,0,0,0,0,0,0,0,0,0,0,0,0,0,0,0,0,62.38,0,0,0,0,0,0,0,0,0,0,0,84.83,0,,,,,,,241,,,,432,,
2,0,0,0,0,0,0,0,0,0,0,0,0,0,0,0,0,0,0,0,0,0,0,0,0,0,0,0,0,0,0,0,0,0,0,0,0,0,0,0,0,0,0,0,0,0,0,0,0,0,0,0,0,0,0,0,0,0,0,0,0,0,0,0,0,0,0,0,0,0,0,0,0,0,0,0,0,0,0,0,0,0,0,0,0,0,0,0,0,0,0,0,0,0,0,0,0,0,0,0,0,0,0,0,0,0,0,0,0,0,0,0,0,0,0,0,0,0,0,0,0,0,0,0,0,0,0,0,0,0,0,0,0,0,0,0,0,0,0,0,0,0,0,0,0,0,0,0,0,0,0,0,0,0,0,0,0,0,0,0,0,0,176.52,143.26,113.63,115.4,211.66,186.71,204.8,148.45,179.75,208.23,206.88,278.09,273.1,249.19,198.36,246.7,120.59,201.27,161.97,252.73,189.52,169.87,171.43,170.08,291.3,171.64,200.12,199.81,334.96,219.25,211.04,264.47,260,244.83,308.86,257.61,450.67,281.83,259.48,221.95,233.81,199.19,217.59,288.18,287.97,374.77,398.89,392.86,317.49,356.27,331.01,232.14,329.86,376.65,314.48,286.51,239.94,249.4,284.95,320.61,264.27,0,0,0,0,0,0,0,0,0,0,0,0,0,0,0,0,0,0,0,0,0,0,0,0,0,0,0,0,0,0,0,0,55.62,0,0,0,0,0,0,0,0,0,0,0,84.83,0,,,,,,,242,,,,430,,
2,0,0,0,0,0,0,0,0,0,0,0,0,0,0,0,0,0,0,0,0,0,0,0,0,0,0,0,0,0,0,0,0,0,0,0,0,0,0,0,0,0,0,0,0,0,0,0,0,0,0,0,0,0,0,0,0,0,0,0,0,0,0,0,0,0,0,0,0,0,0,0,0,0,0,0,0,0,0,0,0,0,0,0,0,0,0,0,0,0,0,0,0,0,0,0,0,0,0,0,0,0,0,0,0,0,0,0,0,0,0,0,0,0,0,0,0,0,0,0,0,0,0,0,0,0,0,0,0,0,0,0,0,0,0,0,0,0,0,0,0,0,0,0,0,0,0,0,0,0,0,0,0,0,0,0,0,0,0,0,0,0,0,123.09,89.93,96.58,187.96,179.33,191.6,148.45,179.75,208.23,195.86,259.28,259.17,235.57,189.62,236.3,113.73,195.76,148.45,240.67,174.44,167.06,171.43,170.08,279.34,171.64,200.12,186.3,327.06,219.25,211.04,264.47,249.09,224.55,297.32,257.61,435.7,257.4,259.48,186.92,216.34,199.19,199.5,280.69,287.97,360.32,377.37,392.86,307.72,356.27,318.64,232.14,311.88,368.02,314.48,286.51,239.94,249.4,268.63,308.03,264.27,0,0,0,0,0,0,0,0,0,0,0,0,0,0,0,0,0,0,0,0,0,0,0,0,0,0,0,0,0,0,0,0,44.81,0,0,0,0,0,0,0,0,0,0,0,84.83,0,,,,,,,243,,,,428,,
2,0,0,0,0,0,0,0,0,0,0,0,0,0,0,0,0,0,0,0,0,0,0,0,0,0,0,0,0,0,0,0,0,0,0,0,0,0,0,0,0,0,0,0,0,0,0,0,0,0,0,0,0,0,0,0,0,0,0,0,0,0,0,0,0,0,0,0,0,0,0,0,0,0,0,0,0,0,0,0,0,0,0,0,0,0,0,0,0,0,0,0,0,0,0,0,0,0,0,0,0,0,0,0,0,0,0,0,0,0,0,0,0,0,0,0,0,0,0,0,0,0,0,0,0,0,0,0,0,0,0,0,0,0,0,0,0,0,0,0,0,0,0,0,0,0,0,0,0,0,0,0,0,0,0,0,0,0,0,0,0,0,0,11.44,50.63,96.58,0,170.29,187.02,139.62,156.77,208.23,189.73,259.28,254.81,222.27,171.64,228.3,106.87,186.82,137.12,229.44,166.13,167.06,171.43,170.08,274.04,171.64,182.55,186.3,327.06,219.25,211.04,253.66,249.09,224.55,297.32,257.61,423.95,257.4,249.92,186.92,216.34,199.19,199.5,271.85,275.39,352.01,365.31,364.69,289.22,349.41,318.64,232.14,311.88,342.13,299.4,274.66,236.2,239.42,268.63,308.03,264.27,0,0,0,0,0,0,0,0,0,0,0,0,0,0,0,0,0,0,0,0,0,0,0,0,0,0,0,0,0,0,0,0,0,0,0,0,0,0,0,0,0,0,0,0,75.68,0,,,,,,,244,,,,426,,
2,0,0,0,0,0,0,0,0,0,0,0,0,0,0,0,0,0,0,0,0,0,0,0,0,0,0,0,0,0,0,0,0,0,0,0,0,0,0,0,0,0,0,0,0,0,0,0,0,0,0,0,0,0,0,0,0,0,0,0,0,0,0,0,0,0,0,0,0,0,0,0,0,0,0,0,0,0,0,0,0,0,0,0,0,0,0,0,0,0,0,0,0,0,0,0,0,0,0,0,0,0,0,0,0,0,0,0,0,0,0,0,0,0,0,0,0,0,0,0,0,0,0,0,0,0,0,0,0,0,0,0,0,0,0,0,0,0,0,0,0,0,0,0,0,0,0,0,0,0,0,0,0,0,0,0,0,0,0,0,0,0,0,0,0,0,0,60.4,131.51,107.18,156.77,191.18,171.43,259.28,232.45,212.6,171.64,228.3,106.87,180.89,137.12,229.44,166.13,153.24,158.54,144.71,250.13,156.36,182.55,183.07,312.4,202.62,211.04,242.12,249.09,213.85,291.81,241.71,418.44,246.7,241.19,186.92,216.34,177.88,187.54,258.55,260.21,341.09,351.7,358.25,289.22,338.49,306.37,227.05,306.16,335.48,299.4,261.46,236.2,224.66,268.63,286.3,264.27,0,0,0,0,0,0,0,0,0,0,0,0,0,0,0,0,0,0,0,0,0,0,0,0,0,0,0,0,0,0,0,0,0,0,0,0,0,0,0,0,0,0,0,0,75.68,0,,,,,,,245,,,,424,,
2,0,0,0,0,0,0,0,0,0,0,0,0,0,0,0,0,0,0,0,0,0,0,0,0,0,0,0,0,0,0,0,0,0,0,0,0,0,0,0,0,0,0,0,0,0,0,0,0,0,0,0,0,0,0,0,0,0,0,0,0,0,0,0,0,0,0,0,0,0,0,0,0,0,0,0,0,0,0,0,0,0,0,0,0,0,0,0,0,0,0,0,0,0,0,0,0,0,0,0,0,0,0,0,0,0,0,0,0,0,0,0,0,0,0,0,0,0,0,0,0,0,0,0,0,0,0,0,0,0,0,0,0,0,0,0,0,0,0,0,0,0,0,0,0,0,0,0,0,0,0,0,0,0,0,0,0,0,0,0,0,0,0,0,0,0,0,0,0,0,117.27,149.6,143.26,243.16,221.75,203.03,158.33,222.99,101.46,174.96,127.97,216.24,154.48,153.24,158.54,144.71,234.33,150.74,182.55,183.07,312.4,202.62,192.64,242.12,243.68,213.85,286.41,241.71,405.86,236.72,241.19,167.89,204.8,177.88,187.54,247.42,251.17,328.72,345.25,343.17,279.76,323,306.37,227.05,306.16,313.13,283.08,249.82,236.2,224.66,268.63,286.3,241.71,0,0,0,0,0,0,0,0,0,0,0,0,0,0,0,0,0,0,0,0,0,0,0,0,0,0,0,0,0,0,0,0,0,0,0,0,0,0,0,0,0,0,0,0,63.21,0,,,,,,,246,,,,422,,
2,0,0,0,0,0,0,0,0,0,0,0,0,0,0,0,0,0,0,0,0,0,0,0,0,0,0,0,0,0,0,0,0,0,0,0,0,0,0,0,0,0,0,0,0,0,0,0,0,0,0,0,0,0,0,0,0,0,0,0,0,0,0,0,0,0,0,0,0,0,0,0,0,0,0,0,0,0,0,0,0,0,0,0,0,0,0,0,0,0,0,0,0,0,0,0,0,0,0,0,0,0,0,0,0,0,0,0,0,0,0,0,0,0,0,0,0,0,0,0,0,0,0,0,0,0,0,0,0,0,0,0,0,0,0,0,0,0,0,0,0,0,0,0,0,0,0,0,0,0,0,0,0,0,0,0,0,0,0,0,0,0,0,0,0,0,0,0,0,0,0,18.09,0,219.46,193.47,179.95,145.75,207.3,87.74,163.11,121.53,205.22,146.17,153.24,146.48,144.71,227.36,150.74,174.76,183.07,312.4,195.13,192.64,236.61,235.47,202.1,274.97,241.71,390.68,225.07,231.83,167.89,185.78,171.33,187.54,236.82,251.17,319.26,315.73,336.41,268.63,316.56,297.64,218.73,306.16,313.13,276.43,249.82,236.2,221.95,268.63,279.24,241.71,0,0,0,0,0,0,0,0,0,0,0,0,0,0,0,0,0,0,0,0,0,0,0,0,0,0,0,0,0,0,0,0,0,0,0,0,0,0,0,0,0,0,0,0,63.21,0,,,,,,,247,,,,420,,
2,0,0,0,0,0,0,0,0,0,0,0,0,0,0,0,0,0,0,0,0,0,0,0,0,0,0,0,0,0,0,0,0,0,0,0,0,0,0,0,0,0,0,0,0,0,0,0,0,0,0,0,0,0,0,0,0,0,0,0,0,0,0,0,0,0,0,0,0,0,0,0,0,0,0,0,0,0,0,0,0,0,0,0,0,0,0,0,0,0,0,0,0,0,0,0,0,0,0,0,0,0,0,0,0,0,0,0,0,0,0,0,0,0,0,0,0,0,0,0,0,0,0,0,0,0,0,0,0,0,0,0,0,0,0,0,0,0,0,0,0,0,0,0,0,0,0,0,0,0,0,0,0,0,0,0,0,0,0,0,0,0,0,0,0,0,0,0,0,0,0,0,0,0,0,12.79,73.4,170.39,75.06,142.42,115.19,199.39,134.73,147.31,146.48,140.35,212.29,150.74,167.06,166.65,290.98,195.13,192.64,224.45,235.47,199.19,269.36,241.71,385.07,225.07,203.24,154.69,175.9,165.92,172.37,229.23,251.17,319.26,307.93,318.95,257.92,293.17,285.89,218.73,300.44,286.51,261.35,239.63,236.2,215.4,257.09,279.24,241.71,0,0,0,0,0,0,0,0,0,0,0,0,0,0,0,0,0,0,0,0,0,0,0,0,0,0,0,0,0,0,0,0,0,0,0,0,0,0,0,0,0,0,0,0,25.05,0,,,,,,,248,,,,418,,
2,0,0,0,0,0,0,0,0,0,0,0,0,0,0,0,0,0,0,0,0,0,0,0,0,0,0,0,0,0,0,0,0,0,0,0,0,0,0,0,0,0,0,0,0,0,0,0,0,0,0,0,0,0,0,0,0,0,0,0,0,0,0,0,0,0,0,0,0,0,0,0,0,0,0,0,0,0,0,0,0,0,0,0,0,0,0,0,0,0,0,0,0,0,0,0,0,0,0,0,0,0,0,0,0,0,0,0,0,0,0,0,0,0,0,0,0,0,0,0,0,0,0,0,0,0,0,0,0,0,0,0,0,0,0,0,0,0,0,0,0,0,0,0,0,0,0,0,0,0,0,0,0,0,0,0,0,0,0,0,0,0,0,0,0,0,0,0,0,0,0,0,0,0,0,0,0,0,0,79.74,87.53,102.5,118.41,147,136.81,140.35,197,150.74,157.5,166.65,278.92,195.13,187.96,217.8,235.47,192.12,269.36,236.2,370.1,212.81,203.24,154.69,175.9,165.92,159.68,217.8,239.94,319.26,296.08,318.95,252,293.17,252.62,208.02,300.44,281.21,254.49,220.5,220.39,210.1,257.09,279.24,234.33,0,0,0,0,0,0,0,0,0,0,0,0,0,0,0,0,0,0,0,0,0,0,0,0,0,0,0,0,0,0,0,0,0,0,0,0,0,0,0,0,0,0,0,0,0,0,,,,,,,249,,,,416,,
2,0,0,0,0,0,0,0,0,0,0,0,0,0,0,0,0,0,0,0,0,0,0,0,0,0,0,0,0,0,0,0,0,0,0,0,0,0,0,0,0,0,0,0,0,0,0,0,0,0,0,0,0,0,0,0,0,0,0,0,0,0,0,0,0,0,0,0,0,0,0,0,0,0,0,0,0,0,0,0,0,0,0,0,0,0,0,0,0,0,0,0,0,0,0,0,0,0,0,0,0,0,0,0,0,0,0,0,0,0,0,0,0,0,0,0,0,0,0,0,0,0,0,0,0,0,0,0,0,0,0,0,0,0,0,0,0,0,0,0,0,0,0,0,0,0,0,0,0,0,0,0,0,0,0,0,0,0,0,0,0,0,0,0,0,0,0,0,0,0,0,0,0,0,0,0,0,0,0,0,0,0,0,60.5,110.41,111.34,183.59,129.74,151.26,166.65,278.92,182.97,187.96,205.94,225.9,192.12,253.87,221.23,358.35,203.14,193.68,154.69,175.9,160.51,159.68,201.89,239.94,310.01,281.42,303.15,252,286.93,252.62,208.02,300.44,267.9,240.98,211.77,197.32,210.1,257.09,262.19,234.33,0,0,0,0,0,0,0,0,0,0,0,0,0,0,0,0,0,0,0,0,0,0,0,0,0,0,0,0,0,0,0,0,0,0,0,0,0,0,0,0,0,0,0,0,0,0,,,,,,,250,,,,414,,
2,0,0,0,0,0,0,0,0,0,0,0,0,0,0,0,0,0,0,0,0,0,0,0,0,0,0,0,0,0,0,0,0,0,0,0,0,0,0,0,0,0,0,0,0,0,0,0,0,0,0,0,0,0,0,0,0,0,0,0,0,0,0,0,0,0,0,0,0,0,0,0,0,0,0,0,0,0,0,0,0,0,0,0,0,0,0,0,0,0,0,0,0,0,0,0,0,0,0,0,0,0,0,0,0,0,0,0,0,0,0,0,0,0,0,0,0,0,0,0,0,0,0,0,0,0,0,0,0,0,0,0,0,0,0,0,0,0,0,0,0,0,0,0,0,0,0,0,0,0,0,0,0,0,0,0,0,0,0,0,0,0,0,0,0,0,0,0,0,0,0,0,0,0,0,0,0,0,0,0,0,0,0,0,0,81.19,152.82,129.74,151.26,159.58,267.7,175.28,175.17,197.94,218.73,179.75,246.8,221.23,342.65,203.14,193.68,154.69,165.92,151.05,159.68,179.75,231.62,292.54,270.09,296.39,236.61,286.93,239.73,208.02,289.53,254.29,230.06,211.77,182.87,193.78,248.36,262.19,234.33,0,0,0,0,0,0,0,0,0,0,0,0,0,0,0,0,0,0,0,0,0,0,0,0,0,0,0,0,0,0,0,0,0,0,0,0,0,0,0,0,0,0,0,0,0,0,,,,,,,251,,,,412,,
2,0,0,0,0,0,0,0,0,0,0,0,0,0,0,0,0,0,0,0,0,0,0,0,0,0,0,0,0,0,0,0,0,0,0,0,0,0,0,0,0,0,0,0,0,0,0,0,0,0,0,0,0,0,0,0,0,0,0,0,0,0,0,0,0,0,0,0,0,0,0,0,0,0,0,0,0,0,0,0,0,0,0,0,0,0,0,0,0,0,0,0,0,0,0,0,0,0,0,0,0,0,0,0,0,0,0,0,0,0,0,0,0,0,0,0,0,0,0,0,0,0,0,0,0,0,0,0,0,0,0,0,0,0,0,0,0,0,0,0,0,0,0,0,0,0,0,0,0,0,0,0,0,0,0,0,0,0,0,0,0,0,0,0,0,0,0,0,0,0,0,0,0,0,0,0,0,0,0,0,0,0,0,0,0,0,0,129.74,133.48,159.58,267.7,157.71,175.17,197.94,218.73,172.78,236.82,200.23,320.61,197.94,172.37,138.68,157.81,140.24,159.68,179.75,223.83,282.35,254.7,284.33,236.61,252,230.27,208.02,272.06,242.23,230.06,211.77,182.87,193.78,248.36,224.97,228.09,0,0,0,0,0,0,0,0,0,0,0,0,0,0,0,0,0,0,0,0,0,0,0,0,0,0,0,0,0,0,0,0,0,0,0,0,0,0,0,0,0,0,0,0,0,0,,,,,,,252,,,,410,,
2,0,0,0,0,0,0,0,0,0,0,0,0,0,0,0,0,0,0,0,0,0,0,0,0,0,0,0,0,0,0,0,0,0,0,0,0,0,0,0,0,0,0,0,0,0,0,0,0,0,0,0,0,0,0,0,0,0,0,0,0,0,0,0,0,0,0,0,0,0,0,0,0,0,0,0,0,0,0,0,0,0,0,0,0,0,0,0,0,0,0,0,0,0,0,0,0,0,0,0,0,0,0,0,0,0,0,0,0,0,0,0,0,0,0,0,0,0,0,0,0,0,0,0,0,0,0,0,0,0,0,0,0,0,0,0,0,0,0,0,0,0,0,0,0,0,0,0,0,0,0,0,0,0,0,0,0,0,0,0,0,0,0,0,0,0,0,0,0,0,0,0,0,0,0,0,0,0,0,0,0,0,0,0,0,0,0,92.94,128.18,159.58,267.7,157.71,159.68,168.21,199.08,163.11,236.82,186.09,305.64,197.94,172.37,138.68,157.81,140.24,153.03,159.99,223.83,270.19,242.95,265.62,227.05,225.49,230.27,200.02,272.06,234.22,230.06,194.3,174.24,193.78,248.36,208.02,218.52,0,0,0,0,0,0,0,0,0,0,0,0,0,0,0,0,0,0,0,0,0,0,0,0,0,0,0,0,0,0,0,0,0,0,0,0,0,0,0,0,0,0,0,0,0,0,,,,,,,253,,,,408,,
2,0,0,0,0,0,0,0,0,0,0,0,0,0,0,0,0,0,0,0,0,0,0,0,0,0,0,0,0,0,0,0,0,0,0,0,0,0,0,0,0,0,0,0,0,0,0,0,0,0,0,0,0,0,0,0,0,0,0,0,0,0,0,0,0,0,0,0,0,0,0,0,0,0,0,0,0,0,0,0,0,0,0,0,0,0,0,0,0,0,0,0,0,0,0,0,0,0,0,0,0,0,0,0,0,0,0,0,0,0,0,0,0,0,0,0,0,0,0,0,0,0,0,0,0,0,0,0,0,0,0,0,0,0,0,0,0,0,0,0,0,0,0,0,0,0,0,0,0,0,0,0,0,0,0,0,0,0,0,0,0,0,0,0,0,0,0,0,0,0,0,0,0,0,0,0,0,0,0,0,0,0,0,0,0,0,0,0,115.81,151.99,190.66,149.29,159.68,168.21,199.08,151.99,228.19,178.29,280.69,181.62,165.61,138.68,142.74,130.78,145.96,76.2,212.39,270.19,242.95,254.6,218.32,211.35,230.27,200.02,256.88,215.4,210.21,194.3,174.24,193.78,238.8,208.02,218.52,0,0,0,0,0,0,0,0,0,0,0,0,0,0,0,0,0,0,0,0,0,0,0,0,0,0,0,0,0,0,0,0,0,0,0,0,0,0,0,0,0,0,0,0,0,0,,,,,,,254,,,,406,,
2,0,0,0,0,0,0,0,0,0,0,0,0,0,0,0,0,0,0,0,0,0,0,0,0,0,0,0,0,0,0,0,0,0,0,0,0,0,0,0,0,0,0,0,0,0,0,0,0,0,0,0,0,0,0,0,0,0,0,0,0,0,0,0,0,0,0,0,0,0,0,0,0,0,0,0,0,0,0,0,0,0,0,0,0,0,0,0,0,0,0,0,0,0,0,0,0,0,0,0,0,0,0,0,0,0,0,0,0,0,0,0,0,0,0,0,0,0,0,0,0,0,0,0,0,0,0,0,0,0,0,0,0,0,0,0,0,0,0,0,0,0,0,0,0,0,0,0,0,0,0,0,0,0,0,0,0,0,0,0,0,0,0,0,0,0,0,0,0,0,0,0,0,0,0,0,0,0,0,0,0,0,0,0,0,0,0,0,0,151.99,190.66,149.29,159.68,158.75,173.92,149.18,218.42,160.51,276.22,173.82,141.9,128.08,142.74,124.02,145.96,76.2,212.39,254.6,220.29,243.16,210.1,189.73,220.29,175.38,256.88,202.83,210.21,184.11,174.24,187.02,238.8,202.51,206.15,0,0,0,0,0,0,0,0,0,0,0,0,0,0,0,0,0,0,0,0,0,0,0,0,0,0,0,0,0,0,0,0,0,0,0,0,0,0,0,0,0,0,0,0,0,0,,,,,,,255,,,,404,,
2,0,0,0,0,0,0,0,0,0,0,0,0,0,0,0,0,0,0,0,0,0,0,0,0,0,0,0,0,0,0,0,0,0,0,0,0,0,0,0,0,0,0,0,0,0,0,0,0,0,0,0,0,0,0,0,0,0,0,0,0,0,0,0,0,0,0,0,0,0,0,0,0,0,0,0,0,0,0,0,0,0,0,0,0,0,0,0,0,0,0,0,0,0,0,0,0,0,0,0,0,0,0,0,0,0,0,0,0,0,0,0,0,0,0,0,0,0,0,0,0,0,0,0,0,0,0,0,0,0,0,0,0,0,0,0,0,0,0,0,0,0,0,0,0,0,0,0,0,0,0,0,0,0,0,0,0,0,0,0,0,0,0,0,0,0,0,0,0,0,0,0,0,0,0,0,0,0,0,0,0,0,0,0,0,0,0,0,0,0,88.26,131.2,147.73,143.67,173.92,127.56,208.44,160.51,265.1,151.47,141.9,128.08,142.74,124.02,139.1,76.2,212.39,254.6,220.29,229.54,203.35,175.69,220.29,175.38,256.88,202.83,196.48,184.11,158.02,187.02,213.01,191.08,199.71,0,0,0,0,0,0,0,0,0,0,0,0,0,0,0,0,0,0,0,0,0,0,0,0,0,0,0,0,0,0,0,0,0,0,0,0,0,0,0,0,0,0,0,0,0,0,,,,,,,256,,,,402,,
2,0,0,0,0,0,0,0,0,0,0,0,0,0,0,0,0,0,0,0,0,0,0,0,0,0,0,0,0,0,0,0,0,0,0,0,0,0,0,0,0,0,0,0,0,0,0,0,0,0,0,0,0,0,0,0,0,0,0,0,0,0,0,0,0,0,0,0,0,0,0,0,0,0,0,0,0,0,0,0,0,0,0,0,0,0,0,0,0,0,0,0,0,0,0,0,0,0,0,0,0,0,0,0,0,0,0,0,0,0,0,0,0,0,0,0,0,0,0,0,0,0,0,0,0,0,0,0,0,0,0,0,0,0,0,0,0,0,0,0,0,0,0,0,0,0,0,0,0,0,0,0,0,0,0,0,0,0,0,0,0,0,0,0,0,0,0,0,0,0,0,0,0,0,0,0,0,0,0,0,0,0,0,0,0,0,0,0,0,0,0,0,147.73,135.88,173.92,127.56,208.44,149.29,242.75,146.27,114.77,128.08,115.6,109.57,139.1,0,199.71,246.38,197.11,205.84,192.43,163.53,220.29,161.45,244.62,190.87,183.59,162.8,146.69,187.02,200.43,191.08,148.77,0,0,0,0,0,0,0,0,0,0,0,0,0,0,0,0,0,0,0,0,0,0,0,0,0,0,0,0,0,0,0,0,0,0,0,0,0,0,0,0,0,0,0,0,0,0,,,,,,,257,,,,400,,
2,0,0,0,0,0,0,0,0,0,0,0,0,0,0,0,0,0,0,0,0,0,0,0,0,0,0,0,0,0,0,0,0,0,0,0,0,0,0,0,0,0,0,0,0,0,0,0,0,0,0,0,0,0,0,0,0,0,0,0,0,0,0,0,0,0,0,0,0,0,0,0,0,0,0,0,0,0,0,0,0,0,0,0,0,0,0,0,0,0,0,0,0,0,0,0,0,0,0,0,0,0,0,0,0,0,0,0,0,0,0,0,0,0,0,0,0,0,0,0,0,0,0,0,0,0,0,0,0,0,0,0,0,0,0,0,0,0,0,0,0,0,0,0,0,0,0,0,0,0,0,0,0,0,0,0,0,0,0,0,0,0,0,0,0,0,0,0,0,0,0,0,0,0,0,0,0,0,0,0,0,0,0,0,0,0,0,0,0,0,0,0,79.43,111.96,153.13,120.7,188.06,139.83,232.97,138.79,114.77,109.57,115.6,109.57,139.1,0,191.18,226.01,190.04,186.61,192.43,156.25,205.74,161.45,244.62,178.6,168.41,155.52,138.06,187.02,176.11,174.13,126.62,0,0,0,0,0,0,0,0,0,0,0,0,0,0,0,0,0,0,0,0,0,0,0,0,0,0,0,0,0,0,0,0,0,0,0,0,0,0,0,0,0,0,0,0,0,0,,,,,,,258,,,,398,,
2,0,0,0,0,0,0,0,0,0,0,0,0,0,0,0,0,0,0,0,0,0,0,0,0,0,0,0,0,0,0,0,0,0,0,0,0,0,0,0,0,0,0,0,0,0,0,0,0,0,0,0,0,0,0,0,0,0,0,0,0,0,0,0,0,0,0,0,0,0,0,0,0,0,0,0,0,0,0,0,0,0,0,0,0,0,0,0,0,0,0,0,0,0,0,0,0,0,0,0,0,0,0,0,0,0,0,0,0,0,0,0,0,0,0,0,0,0,0,0,0,0,0,0,0,0,0,0,0,0,0,0,0,0,0,0,0,0,0,0,0,0,0,0,0,0,0,0,0,0,0,0,0,0,0,0,0,0,0,0,0,0,0,0,0,0,0,0,0,0,0,0,0,0,0,0,0,0,0,0,0,0,0,0,0,0,0,0,0,0,0,0,0,0,96.68,98.97,113.42,121.22,232.97,116.54,101.46,109.57,115.6,103.13,128.91,0,177.98,226.01,173.4,186.61,184.32,156.25,205.74,155.63,244.62,167.79,158.75,155.52,127.77,187.02,176.11,159.47,108.53,0,0,0,0,0,0,0,0,0,0,0,0,0,0,0,0,0,0,0,0,0,0,0,0,0,0,0,0,0,0,0,0,0,0,0,0,0,0,0,0,0,0,0,0,0,0,,,,,,,259,,,,396,,
2,0,0,0,0,0,0,0,0,0,0,0,0,0,0,0,0,0,0,0,0,0,0,0,0,0,0,0,0,0,0,0,0,0,0,0,0,0,0,0,0,0,0,0,0,0,0,0,0,0,0,0,0,0,0,0,0,0,0,0,0,0,0,0,0,0,0,0,0,0,0,0,0,0,0,0,0,0,0,0,0,0,0,0,0,0,0,0,0,0,0,0,0,0,0,0,0,0,0,0,0,0,0,0,0,0,0,0,0,0,0,0,0,0,0,0,0,0,0,0,0,0,0,0,0,0,0,0,0,0,0,0,0,0,0,0,0,0,0,0,0,0,0,0,0,0,0,0,0,0,0,0,0,0,0,0,0,0,0,0,0,0,0,0,0,0,0,0,0,0,0,0,0,0,0,0,0,0,0,0,0,0,0,0,0,0,0,0,0,0,0,0,0,0,0,0,0,118.51,206.05,116.54,101.46,101.98,96.16,92.63,120.59,0,177.98,198.15,167.17,144.4,161.87,141.59,199.81,131.41,233.6,167.79,136.91,138.79,127.77,169.66,169.35,153.76,82.86,0,0,0,0,0,0,0,0,0,0,0,0,0,0,0,0,0,0,0,0,0,0,0,0,0,0,0,0,0,0,0,0,0,0,0,0,0,0,0,0,0,0,0,0,0,0,,,,,,,260,,,,394,,
2,0,0,0,0,0,0,0,0,0,0,0,0,0,0,0,0,0,0,0,0,0,0,0,0,0,0,0,0,0,0,0,0,0,0,0,0,0,0,0,0,0,0,0,0,0,0,0,0,0,0,0,0,0,0,0,0,0,0,0,0,0,0,0,0,0,0,0,0,0,0,0,0,0,0,0,0,0,0,0,0,0,0,0,0,0,0,0,0,0,0,0,0,0,0,0,0,0,0,0,0,0,0,0,0,0,0,0,0,0,0,0,0,0,0,0,0,0,0,0,0,0,0,0,0,0,0,0,0,0,0,0,0,0,0,0,0,0,0,0,0,0,0,0,0,0,0,0,0,0,0,0,0,0,0,0,0,0,0,0,0,0,0,0,0,0,0,0,0,0,0,0,0,0,0,0,0,0,0,0,0,0,0,0,0,0,0,0,0,0,0,0,0,0,0,0,0,55.1,110.51,99.59,80.78,101.98,96.16,92.63,120.59,0,168.93,188.48,154.07,134.52,156.36,141.59,199.81,131.41,227.57,138.68,136.91,121.53,127.77,169.66,169.35,125.48,23.08,0,0,0,0,0,0,0,0,0,0,0,0,0,0,0,0,0,0,0,0,0,0,0,0,0,0,0,0,0,0,0,0,0,0,0,0,0,0,0,0,0,0,0,0,0,0,,,,,,,261,,,,392,,
2,0,0,0,0,0,0,0,0,0,0,0,0,0,0,0,0,0,0,0,0,0,0,0,0,0,0,0,0,0,0,0,0,0,0,0,0,0,0,0,0,0,0,0,0,0,0,0,0,0,0,0,0,0,0,0,0,0,0,0,0,0,0,0,0,0,0,0,0,0,0,0,0,0,0,0,0,0,0,0,0,0,0,0,0,0,0,0,0,0,0,0,0,0,0,0,0,0,0,0,0,0,0,0,0,0,0,0,0,0,0,0,0,0,0,0,0,0,0,0,0,0,0,0,0,0,0,0,0,0,0,0,0,0,0,0,0,0,0,0,0,0,0,0,0,0,0,0,0,0,0,0,0,0,0,0,0,0,0,0,0,0,0,0,0,0,0,0,0,0,0,0,0,0,0,0,0,0,0,0,0,0,0,0,0,0,0,0,0,0,0,0,0,0,0,0,0,0,0,13.1,65.49,78.28,79.22,68.51,110.09,0,153.76,168.93,141.8,134.52,148.66,133.07,187.44,131.41,207.19,138.68,130.16,111.96,119.35,151.05,162.59,125.48,0,0,0,0,0,0,0,0,0,0,0,0,0,0,0,0,0,0,0,0,0,0,0,0,0,0,0,0,0,0,0,0,0,0,0,0,0,0,0,0,0,0,0,0,0,0,0,,,,,,,262,,,,390,,
2,0,0,0,0,0,0,0,0,0,0,0,0,0,0,0,0,0,0,0,0,0,0,0,0,0,0,0,0,0,0,0,0,0,0,0,0,0,0,0,0,0,0,0,0,0,0,0,0,0,0,0,0,0,0,0,0,0,0,0,0,0,0,0,0,0,0,0,0,0,0,0,0,0,0,0,0,0,0,0,0,0,0,0,0,0,0,0,0,0,0,0,0,0,0,0,0,0,0,0,0,0,0,0,0,0,0,0,0,0,0,0,0,0,0,0,0,0,0,0,0,0,0,0,0,0,0,0,0,0,0,0,0,0,0,0,0,0,0,0,0,0,0,0,0,0,0,0,0,0,0,0,0,0,0,0,0,0,0,0,0,0,0,0,0,0,0,0,0,0,0,0,0,0,0,0,0,0,0,0,0,0,0,0,0,0,0,0,0,0,0,0,0,0,0,0,0,0,0,0,0,0,0,18.3,74.23,0,147.73,168.93,132.65,124.54,138.99,133.07,178.08,131.41,192.64,138.68,117.79,102.92,112.38,151.05,147.93,119.14,0,0,0,0,0,0,0,0,0,0,0,0,0,0,0,0,0,0,0,0,0,0,0,0,0,0,0,0,0,0,0,0,0,0,0,0,0,0,0,0,0,0,0,0,0,0,0,,,,,,,263,,,,388,,
2,0,0,0,0,0,0,0,0,0,0,0,0,0,0,0,0,0,0,0,0,0,0,0,0,0,0,0,0,0,0,0,0,0,0,0,0,0,0,0,0,0,0,0,0,0,0,0,0,0,0,0,0,0,0,0,0,0,0,0,0,0,0,0,0,0,0,0,0,0,0,0,0,0,0,0,0,0,0,0,0,0,0,0,0,0,0,0,0,0,0,0,0,0,0,0,0,0,0,0,0,0,0,0,0,0,0,0,0,0,0,0,0,0,0,0,0,0,0,0,0,0,0,0,0,0,0,0,0,0,0,0,0,0,0,0,0,0,0,0,0,0,0,0,0,0,0,0,0,0,0,0,0,0,0,0,0,0,0,0,0,0,0,0,0,0,0,0,0,0,0,0,0,0,0,0,0,0,0,0,0,0,0,0,0,0,0,0,0,0,0,0,0,0,0,0,0,0,0,0,0,0,0,0,0,0,119.55,168.93,132.65,115.81,133.17,116.85,157.39,131.41,186.61,124.65,117.79,91.38,112.38,141.59,131.51,111.34,0,0,0,0,0,0,0,0,0,0,0,0,0,0,0,0,0,0,0,0,0,0,0,0,0,0,0,0,0,0,0,0,0,0,0,0,0,0,0,0,0,0,0,0,0,0,0,,,,,,,264,,,,386,,
2,0,0,0,0,0,0,0,0,0,0,0,0,0,0,0,0,0,0,0,0,0,0,0,0,0,0,0,0,0,0,0,0,0,0,0,0,0,0,0,0,0,0,0,0,0,0,0,0,0,0,0,0,0,0,0,0,0,0,0,0,0,0,0,0,0,0,0,0,0,0,0,0,0,0,0,0,0,0,0,0,0,0,0,0,0,0,0,0,0,0,0,0,0,0,0,0,0,0,0,0,0,0,0,0,0,0,0,0,0,0,0,0,0,0,0,0,0,0,0,0,0,0,0,0,0,0,0,0,0,0,0,0,0,0,0,0,0,0,0,0,0,0,0,0,0,0,0,0,0,0,0,0,0,0,0,0,0,0,0,0,0,0,0,0,0,0,0,0,0,0,0,0,0,0,0,0,0,0,0,0,0,0,0,0,0,0,0,0,0,0,0,0,0,0,0,0,0,0,0,0,0,0,0,0,0,85.25,149.7,117.99,106.87,127.25,105.73,137.43,125.06,171.53,110.82,93.25,79.01,112.38,141.59,127.14,111.34,0,0,0,0,0,0,0,0,0,0,0,0,0,0,0,0,0,0,0,0,0,0,0,0,0,0,0,0,0,0,0,0,0,0,0,0,0,0,0,0,0,0,0,0,0,0,0,,,,,,,265,,,,384,,
2,0,0,0,0,0,0,0,0,0,0,0,0,0,0,0,0,0,0,0,0,0,0,0,0,0,0,0,0,0,0,0,0,0,0,0,0,0,0,0,0,0,0,0,0,0,0,0,0,0,0,0,0,0,0,0,0,0,0,0,0,0,0,0,0,0,0,0,0,0,0,0,0,0,0,0,0,0,0,0,0,0,0,0,0,0,0,0,0,0,0,0,0,0,0,0,0,0,0,0,0,0,0,0,0,0,0,0,0,0,0,0,0,0,0,0,0,0,0,0,0,0,0,0,0,0,0,0,0,0,0,0,0,0,0,0,0,0,0,0,0,0,0,0,0,0,0,0,0,0,0,0,0,0,0,0,0,0,0,0,0,0,0,0,0,0,0,0,0,0,0,0,0,0,0,0,0,0,0,0,0,0,0,0,0,0,0,0,0,0,0,0,0,0,0,0,0,0,0,0,0,0,0,0,0,0,0,149.7,104.27,98.14,127.25,105.73,114.98,125.06,162.8,101.05,93.25,79.01,105.31,132.03,127.14,111.34,0,0,0,0,0,0,0,0,0,0,0,0,0,0,0,0,0,0,0,0,0,0,0,0,0,0,0,0,0,0,0,0,0,0,0,0,0,0,0,0,0,0,0,0,0,0,0,,,,,,,266,,,,382,,
2,0,0,0,0,0,0,0,0,0,0,0,0,0,0,0,0,0,0,0,0,0,0,0,0,0,0,0,0,0,0,0,0,0,0,0,0,0,0,0,0,0,0,0,0,0,0,0,0,0,0,0,0,0,0,0,0,0,0,0,0,0,0,0,0,0,0,0,0,0,0,0,0,0,0,0,0,0,0,0,0,0,0,0,0,0,0,0,0,0,0,0,0,0,0,0,0,0,0,0,0,0,0,0,0,0,0,0,0,0,0,0,0,0,0,0,0,0,0,0,0,0,0,0,0,0,0,0,0,0,0,0,0,0,0,0,0,0,0,0,0,0,0,0,0,0,0,0,0,0,0,0,0,0,0,0,0,0,0,0,0,0,0,0,0,0,0,0,0,0,0,0,0,0,0,0,0,0,0,0,0,0,0,0,0,0,0,0,0,0,0,0,0,0,0,0,0,0,0,0,0,0,0,0,0,0,0,125.06,89.61,75.79,101.05,105.73,105.93,125.06,89.2,101.05,93.25,71.63,105.31,132.03,127.14,111.34,0,0,0,0,0,0,0,0,0,0,0,0,0,0,0,0,0,0,0,0,0,0,0,0,0,0,0,0,0,0,0,0,0,0,0,0,0,0,0,0,0,0,0,0,0,0,0,,,,,,,267,,,,380,,
2,0,0,0,0,0,0,0,0,0,0,0,0,0,0,0,0,0,0,0,0,0,0,0,0,0,0,0,0,0,0,0,0,0,0,0,0,0,0,0,0,0,0,0,0,0,0,0,0,0,0,0,0,0,0,0,0,0,0,0,0,0,0,0,0,0,0,0,0,0,0,0,0,0,0,0,0,0,0,0,0,0,0,0,0,0,0,0,0,0,0,0,0,0,0,0,0,0,0,0,0,0,0,0,0,0,0,0,0,0,0,0,0,0,0,0,0,0,0,0,0,0,0,0,0,0,0,0,0,0,0,0,0,0,0,0,0,0,0,0,0,0,0,0,0,0,0,0,0,0,0,0,0,0,0,0,0,0,0,0,0,0,0,0,0,0,0,0,0,0,0,0,0,0,0,0,0,0,0,0,0,0,0,0,0,0,0,0,0,0,0,0,0,0,0,0,0,0,0,0,0,0,0,0,0,0,0,12.37,0,0,101.05,89.61,96.58,121.42,0,93.67,75.47,61.44,96.79,132.03,127.14,106.35,0,0,0,0,0,0,0,0,0,0,0,0,0,0,0,0,0,0,0,0,0,0,0,0,0,0,0,0,0,0,0,0,0,0,0,0,0,0,0,0,0,0,0,0,0,0,0,,,,,,,268,,,,378,,
2,0,0,0,0,0,0,0,0,0,0,0,0,0,0,0,0,0,0,0,0,0,0,0,0,0,0,0,0,0,0,0,0,0,0,0,0,0,0,0,0,0,0,0,0,0,0,0,0,0,0,0,0,0,0,0,0,0,0,0,0,0,0,0,0,0,0,0,0,0,0,0,0,0,0,0,0,0,0,0,0,0,0,0,0,0,0,0,0,0,0,0,0,0,0,0,0,0,0,0,0,0,0,0,0,0,0,0,0,0,0,0,0,0,0,0,0,0,0,0,0,0,0,0,0,0,0,0,0,0,0,0,0,0,0,0,0,0,0,0,0,0,0,0,0,0,0,0,0,0,0,0,0,0,0,0,0,0,0,0,0,0,0,0,0,0,0,0,0,0,0,0,0,0,0,0,0,0,0,0,0,0,0,0,0,0,0,0,0,0,0,0,0,0,0,0,0,0,0,0,0,0,0,0,0,0,0,0,0,0,43.56,14.24,80.46,114.56,0,85.25,75.47,51.15,96.79,119.87,81.19,101.05,0,0,0,0,0,0,0,0,0,0,0,0,0,0,0,0,0,0,0,0,0,0,0,0,0,0,0,0,0,0,0,0,0,0,0,0,0,0,0,0,0,0,0,0,0,0,0,,,,,,,269,,,,376,,
2,0,0,0,0,0,0,0,0,0,0,0,0,0,0,0,0,0,0,0,0,0,0,0,0,0,0,0,0,0,0,0,0,0,0,0,0,0,0,0,0,0,0,0,0,0,0,0,0,0,0,0,0,0,0,0,0,0,0,0,0,0,0,0,0,0,0,0,0,0,0,0,0,0,0,0,0,0,0,0,0,0,0,0,0,0,0,0,0,0,0,0,0,0,0,0,0,0,0,0,0,0,0,0,0,0,0,0,0,0,0,0,0,0,0,0,0,0,0,0,0,0,0,0,0,0,0,0,0,0,0,0,0,0,0,0,0,0,0,0,0,0,0,0,0,0,0,0,0,0,0,0,0,0,0,0,0,0,0,0,0,0,0,0,0,0,0,0,0,0,0,0,0,0,0,0,0,0,0,0,0,0,0,0,0,0,0,0,0,0,0,0,0,0,0,0,0,0,0,0,0,0,0,0,0,0,0,0,0,0,0,0,0,35.14,0,85.25,65.91,51.15,96.79,119.87,81.19,70.07,0,0,0,0,0,0,0,0,0,0,0,0,0,0,0,0,0,0,0,0,0,0,0,0,0,0,0,0,0,0,0,0,0,0,0,0,0,0,0,0,0,0,0,0,0,0,0,,,,,,,270,,,,374,,
2,0,0,0,0,0,0,0,0,0,0,0,0,0,0,0,0,0,0,0,0,0,0,0,0,0,0,0,0,0,0,0,0,0,0,0,0,0,0,0,0,0,0,0,0,0,0,0,0,0,0,0,0,0,0,0,0,0,0,0,0,0,0,0,0,0,0,0,0,0,0,0,0,0,0,0,0,0,0,0,0,0,0,0,0,0,0,0,0,0,0,0,0,0,0,0,0,0,0,0,0,0,0,0,0,0,0,0,0,0,0,0,0,0,0,0,0,0,0,0,0,0,0,0,0,0,0,0,0,0,0,0,0,0,0,0,0,0,0,0,0,0,0,0,0,0,0,0,0,0,0,0,0,0,0,0,0,0,0,0,0,0,0,0,0,0,0,0,0,0,0,0,0,0,0,0,0,0,0,0,0,0,0,0,0,0,0,0,0,0,0,0,0,0,0,0,0,0,0,0,0,0,0,0,0,0,0,0,0,0,0,0,0,0,0,78.59,54.89,29,96.79,94.29,56.24,70.07,0,0,0,0,0,0,0,0,0,0,0,0,0,0,0,0,0,0,0,0,0,0,0,0,0,0,0,0,0,0,0,0,0,0,0,0,0,0,0,0,0,0,0,0,0,0,0,,,,,,,271,,,,372,,
2,0,0,0,0,0,0,0,0,0,0,0,0,0,0,0,0,0,0,0,0,0,0,0,0,0,0,0,0,0,0,0,0,0,0,0,0,0,0,0,0,0,0,0,0,0,0,0,0,0,0,0,0,0,0,0,0,0,0,0,0,0,0,0,0,0,0,0,0,0,0,0,0,0,0,0,0,0,0,0,0,0,0,0,0,0,0,0,0,0,0,0,0,0,0,0,0,0,0,0,0,0,0,0,0,0,0,0,0,0,0,0,0,0,0,0,0,0,0,0,0,0,0,0,0,0,0,0,0,0,0,0,0,0,0,0,0,0,0,0,0,0,0,0,0,0,0,0,0,0,0,0,0,0,0,0,0,0,0,0,0,0,0,0,0,0,0,0,0,0,0,0,0,0,0,0,0,0,0,0,0,0,0,0,0,0,0,0,0,0,0,0,0,0,0,0,0,0,0,0,0,0,0,0,0,0,0,0,0,0,0,0,0,0,0,36.07,32.96,29,96.79,94.29,47.09,62.9,0,0,0,0,0,0,0,0,0,0,0,0,0,0,0,0,0,0,0,0,0,0,0,0,0,0,0,0,0,0,0,0,0,0,0,0,0,0,0,0,0,0,0,0,0,0,0,,,,,,,272,,,,370,,
2,0,0,0,0,0,0,0,0,0,0,0,0,0,0,0,0,0,0,0,0,0,0,0,0,0,0,0,0,0,0,0,0,0,0,0,0,0,0,0,0,0,0,0,0,0,0,0,0,0,0,0,0,0,0,0,0,0,0,0,0,0,0,0,0,0,0,0,0,0,0,0,0,0,0,0,0,0,0,0,0,0,0,0,0,0,0,0,0,0,0,0,0,0,0,0,0,0,0,0,0,0,0,0,0,0,0,0,0,0,0,0,0,0,0,0,0,0,0,0,0,0,0,0,0,0,0,0,0,0,0,0,0,0,0,0,0,0,0,0,0,0,0,0,0,0,0,0,0,0,0,0,0,0,0,0,0,0,0,0,0,0,0,0,0,0,0,0,0,0,0,0,0,0,0,0,0,0,0,0,0,0,0,0,0,0,0,0,0,0,0,0,0,0,0,0,0,0,0,0,0,0,0,0,0,0,0,0,0,0,0,0,0,0,0,0,0,29,96.79,60.5,0,62.9,0,0,0,0,0,0,0,0,0,0,0,0,0,0,0,0,0,0,0,0,0,0,0,0,0,0,0,0,0,0,0,0,0,0,0,0,0,0,0,0,0,0,0,0,0,0,0,,,,,,,273,,,,368,,
2,0,0,0,0,0,0,0,0,0,0,0,0,0,0,0,0,0,0,0,0,0,0,0,0,0,0,0,0,0,0,0,0,0,0,0,0,0,0,0,0,0,0,0,0,0,0,0,0,0,0,0,0,0,0,0,0,0,0,0,0,0,0,0,0,0,0,0,0,0,0,0,0,0,0,0,0,0,0,0,0,0,0,0,0,0,0,0,0,0,0,0,0,0,0,0,0,0,0,0,0,0,0,0,0,0,0,0,0,0,0,0,0,0,0,0,0,0,0,0,0,0,0,0,0,0,0,0,0,0,0,0,0,0,0,0,0,0,0,0,0,0,0,0,0,0,0,0,0,0,0,0,0,0,0,0,0,0,0,0,0,0,0,0,0,0,0,0,0,0,0,0,0,0,0,0,0,0,0,0,0,0,0,0,0,0,0,0,0,0,0,0,0,0,0,0,0,0,0,0,0,0,0,0,0,0,0,0,0,0,0,0,0,0,0,0,0,25.57,96.79,13.2,0,56.66,0,0,0,0,0,0,0,0,0,0,0,0,0,0,0,0,0,0,0,0,0,0,0,0,0,0,0,0,0,0,0,0,0,0,0,0,0,0,0,0,0,0,0,0,0,0,0,,,,,,,274,,,,366,,
2,0,0,0,0,0,0,0,0,0,0,0,0,0,0,0,0,0,0,0,0,0,0,0,0,0,0,0,0,0,0,0,0,0,0,0,0,0,0,0,0,0,0,0,0,0,0,0,0,0,0,0,0,0,0,0,0,0,0,0,0,0,0,0,0,0,0,0,0,0,0,0,0,0,0,0,0,0,0,0,0,0,0,0,0,0,0,0,0,0,0,0,0,0,0,0,0,0,0,0,0,0,0,0,0,0,0,0,0,0,0,0,0,0,0,0,0,0,0,0,0,0,0,0,0,0,0,0,0,0,0,0,0,0,0,0,0,0,0,0,0,0,0,0,0,0,0,0,0,0,0,0,0,0,0,0,0,0,0,0,0,0,0,0,0,0,0,0,0,0,0,0,0,0,0,0,0,0,0,0,0,0,0,0,0,0,0,0,0,0,0,0,0,0,0,0,0,0,0,0,0,0,0,0,0,0,0,0,0,0,0,0,0,0,0,0,0,22.77,82.86,0,0,0,0,0,0,0,0,0,0,0,0,0,0,0,0,0,0,0,0,0,0,0,0,0,0,0,0,0,0,0,0,0,0,0,0,0,0,0,0,0,0,0,0,0,0,0,0,0,0,,,,,,,275,,,,364,,
2,0,0,0,0,0,0,0,0,0,0,0,0,0,0,0,0,0,0,0,0,0,0,0,0,0,0,0,0,0,0,0,0,0,0,0,0,0,0,0,0,0,0,0,0,0,0,0,0,0,0,0,0,0,0,0,0,0,0,0,0,0,0,0,0,0,0,0,0,0,0,0,0,0,0,0,0,0,0,0,0,0,0,0,0,0,0,0,0,0,0,0,0,0,0,0,0,0,0,0,0,0,0,0,0,0,0,0,0,0,0,0,0,0,0,0,0,0,0,0,0,0,0,0,0,0,0,0,0,0,0,0,0,0,0,0,0,0,0,0,0,0,0,0,0,0,0,0,0,0,0,0,0,0,0,0,0,0,0,0,0,0,0,0,0,0,0,0,0,0,0,0,0,0,0,0,0,0,0,0,0,0,0,0,0,0,0,0,0,0,0,0,0,0,0,0,0,0,0,0,0,0,0,0,0,0,0,0,0,0,0,0,0,0,0,0,0,22.77,0,0,0,0,0,0,0,0,0,0,0,0,0,0,0,0,0,0,0,0,0,0,0,0,0,0,0,0,0,0,0,0,0,0,0,0,0,0,0,0,0,0,0,0,0,0,0,0,0,0,0,,,,,,,276,,,,362,,
2,0,0,0,0,0,0,0,0,0,0,0,0,0,0,0,0,0,0,0,0,0,0,0,0,0,0,0,0,0,0,0,0,0,0,0,0,0,0,0,0,0,0,0,0,0,0,0,0,0,0,0,0,0,0,0,0,0,0,0,0,0,0,0,0,0,0,0,0,0,0,0,0,0,0,0,0,0,0,0,0,0,0,0,0,0,0,0,0,0,0,0,0,0,0,0,0,0,0,0,0,0,0,0,0,0,0,0,0,0,0,0,0,0,0,0,0,0,0,0,0,0,0,0,0,0,0,0,0,0,0,0,0,0,0,0,0,0,0,0,0,0,0,0,0,0,0,0,0,0,0,0,0,0,0,0,0,0,0,0,0,0,0,0,0,0,0,0,0,0,0,0,0,0,0,0,0,0,0,0,0,0,0,0,0,0,0,0,0,0,0,0,0,0,0,0,0,0,0,0,0,0,0,0,0,0,0,0,0,0,0,0,0,0,0,0,0,22.77,0,0,0,0,0,0,0,0,0,0,0,0,0,0,0,0,0,0,0,0,0,0,0,0,0,0,0,0,0,0,0,0,0,0,0,0,0,0,0,0,0,0,0,0,0,0,0,0,0,0,0,,,,,,,277,,,,360,,
2,0,0,0,0,0,0,0,0,0,0,0,0,0,0,0,0,0,0,0,0,0,0,0,0,0,0,0,0,0,0,0,0,0,0,0,0,0,0,0,0,0,0,0,0,0,0,0,0,0,0,0,0,0,0,0,0,0,0,0,0,0,0,0,0,0,0,0,0,0,0,0,0,0,0,0,0,0,0,0,0,0,0,0,0,0,0,0,0,0,0,0,0,0,0,0,0,0,0,0,0,0,0,0,0,0,0,0,0,0,0,0,0,0,0,0,0,0,0,0,0,0,0,0,0,0,0,0,0,0,0,0,0,0,0,0,0,0,0,0,0,0,0,0,0,0,0,0,0,0,0,0,0,0,0,0,0,0,0,0,0,0,0,0,0,0,0,0,0,0,0,0,0,0,0,0,0,0,0,0,0,0,0,0,0,0,0,0,0,0,0,0,0,0,0,0,0,0,0,0,0,0,0,0,0,0,0,0,0,0,0,0,0,0,0,0,0,0,0,0,0,0,0,0,0,0,0,0,0,0,0,0,0,0,0,0,0,0,0,0,0,0,0,0,0,0,0,0,0,0,0,0,0,0,0,0,0,0,0,0,0,0,0,0,0,0,0,0,0,,,,,,,278,,,,358,,
