$ met, >=6 hours missing data filled with DLS_2011_2015_met.csv,,,,,
2021,,,,,,
jday,tem,dew,windforce,windangle,cloud,pressure
44197,-5.94,-6.84,0.97,0.57,9.37,587.41
44197.04,-6.01,-6.98,0.82,0.51,9.27,587.14
44197.08,-6.39,-7.36,0.71,0.42,8.74,587.11
44197.12,-6.24,-7.49,0.53,0.42,8.78,586.79
44197.17,-6.95,-7.69,0.31,0.68,7.96,586.44
44197.21,-6.71,-7.57,0.33,1.3,7.3,586.17
44197.25,-6,-7.5,0.3,1.96,7.34,586
44197.29,-5.85,-7.44,0.05,1.33,4.24,586.05
44197.33,-5.42,-7.34,0.24,2.34,3.22,586.15
44197.38,-5.27,-7.47,0.35,2.92,2.37,586.52
44197.42,-1.9,-5.88,0.59,0.17,2.12,586.53
44197.46,-1.07,-4.57,0.63,0.33,2.51,586.41
44197.5,-0.56,-4.51,0.36,0.89,2.03,586.09
44197.54,2.13,-3.22,0.51,2.21,1.5,585.26
44197.58,2.04,-3.11,0.89,2.38,1.54,584.59
44197.62,1.94,-2.64,1.13,2.54,2.49,583.84
44197.67,1.98,-2.19,1.26,2.82,1.07,583.48
44197.71,1.37,-2.46,1.22,2.93,0.46,583.43
44197.75,0.23,-2.3,0.99,0.2,0.12,583.46
44197.79,0.3,-2.29,1.26,0.7,0.4,584.07
44197.83,-0.58,-2.42,1.24,0.64,1.56,584.62
44197.88,-1,-2.18,1.13,0.88,2.08,584.74
44197.92,-1.49,-2.39,1.06,0.95,5.22,585.06
44197.96,-2.99,-3.32,0.67,0.79,9.36,585.09
44198,-3.07,-3.53,0.29,0.88,8.81,584.95
44198.04,-2.91,-3.88,0.19,1.69,9.18,584.69
44198.08,-2.61,-3.56,0.26,1.88,9.14,584.36
44198.12,-2.33,-2.73,0.31,1.77,9.22,584.05
44198.17,-2.68,-2.84,0.39,1.8,8.87,583.71
44198.21,-3.26,-3.45,0.4,1.81,9.06,583.31
44198.25,-5.09,-5.39,0.4,2.53,9.64,583.18
44198.29,-5.2,-5.53,0.64,1.72,9.25,583.14
44198.33,-5.2,-5.71,0.27,1.86,9.71,583.3
44198.38,-4.54,-4.75,0.28,2.16,9.21,583.4
44198.42,-1.6,-2.83,0.27,2.27,8.63,583.62
44198.46,-0.26,-1.25,0.33,1.17,7.01,583.4
44198.5,0.71,-0.65,0.73,1.52,3.56,582.99
44198.54,3.61,0.17,0.85,2.01,2.66,582.02
44198.58,3.65,0.44,0.94,2.08,0.5,581.16
44198.62,3.47,0.64,1.13,2.42,0.11,580.88
44198.67,4.36,1.19,1.28,2.76,0.31,580.77
44198.71,3.5,1.07,1.26,3.04,0.61,581.12
44198.75,-0.55,-1.22,1.5,0.29,1.05,581.48
44198.79,-1.11,-1.4,2.18,0.45,8.45,582.52
44198.83,-1.2,-1.57,1.75,0.28,9.96,583.54
44198.88,-1.62,-2.14,1.64,0.48,9.94,584.04
44198.92,-2.27,-2.87,1.04,0.53,9.93,584.47
44198.96,-3.01,-3.33,0.9,0.33,9.2,584.79
44199,-3.47,-3.72,1.1,0.43,9.97,584.89
44199.04,-4.68,-4.94,1.22,0.42,9.93,585.19
44199.08,-4.64,-5.31,1.24,0.36,8.97,584.93
44199.12,-4.82,-5.6,1.15,0.46,8.94,584.91
44199.17,-5.81,-6.52,1.19,0.62,9.72,584.98
44199.21,-5.03,-5.76,1.25,0.69,9.34,585.07
44199.25,-5.5,-6.1,1.28,0.74,8.97,585.3
44199.29,-5.53,-6.3,1.45,0.34,9.4,585.69
44199.33,-5.12,-6.41,1.28,0.51,9.07,586.42
44199.38,-5.4,-6.48,1.12,0.53,8.93,586.72
44199.42,-3.14,-5.59,0.76,0.44,8.76,587.07
44199.46,-2.84,-6.01,0.62,2.9,8.54,587.29
44199.5,-3.04,-5.5,0.81,2.22,9.08,586.69
44199.54,0.08,-4.17,0.91,2.02,7.74,585.91
44199.58,0.79,-3.75,1.06,2.45,4.78,584.91
44199.62,1.1,-3.35,1.04,2.49,1.97,584.39
44199.67,1.32,-3.07,1.11,2.67,1.38,584.07
44199.71,0.8,-3.06,1.16,2.83,1.23,584.09
44199.75,-0.97,-3.65,1.29,0.18,0.2,583.9
44199.79,-0.42,-4.02,1.93,0.46,0.5,584.62
44199.83,-1.51,-4.45,1.53,0.43,1,585.34
44199.88,-1.48,-4.26,1.37,0.71,2.67,585.63
44199.92,-1.97,-4.08,0.65,0.53,2.33,585.69
44199.96,-3.73,-4.82,0.41,1,2.53,585.81
44200,-3.79,-4.88,0.2,1.53,5.62,585.73
44200.04,-4.25,-5.19,0.34,2.79,4.21,585.39
44200.08,-4.35,-5.39,0.46,2.79,3.9,585.05
44200.12,-4.18,-5.3,0.58,2.94,6.65,584.59
44200.17,-4.64,-5.19,0.54,2.88,6.27,584.11
44200.21,-4.7,-5.3,0.78,2.57,4.11,584.05
44200.25,-4.92,-5.89,1,2.75,6.82,583.18
44200.29,-4.73,-5.89,1.12,2.25,6.43,583.52
44200.33,-4.28,-5.44,0.51,1.86,6.67,583.93
44200.38,-4.01,-5.49,0.46,2,6.34,584.24
44200.42,0.41,-3.15,0.32,1.88,0.36,584.81
44200.46,0.91,-2.23,0.2,0.32,0.29,584.62
44200.5,1.28,-1.74,0.61,2.73,0.16,584.18
44200.54,4.19,-0.44,0.93,2.7,0.12,583.6
44200.58,4.33,0.34,1.05,2.62,0.16,582.75
44200.62,4.32,0.88,1.24,2.82,0.01,582.45
44200.67,4.73,1.56,1.34,2.97,0.3,582.34
44200.71,3.68,1.4,1.38,0.05,0.57,582.76
44200.75,0.2,-0.28,1.73,0.24,1.19,583.03
44200.79,-0.25,-0.72,1.78,0.44,8.12,583.77
44200.83,-0.43,-0.79,1.62,0.42,9.04,584.41
44200.88,-1.15,-1.36,1.57,0.6,8.44,584.66
44200.92,-1.99,-2.11,1.3,0.51,9.43,584.92
44200.96,-2.38,-2.38,1.21,0.54,9.43,585.03
44201,-3.25,-3.36,1.18,0.56,9.38,585.19
44201.04,-3.6,-3.73,1.09,0.56,9.3,585.21
44201.08,-3.93,-4.24,0.94,0.47,8.98,585.17
44201.12,-3.87,-4.23,0.85,0.54,9.23,585.04
44201.17,-4.17,-4.51,0.88,0.64,9.19,585.23
44201.21,-4.29,-4.76,0.88,0.53,8.81,585.01
44201.25,-5.13,-5.76,0.55,0.22,8.78,584.81
44201.29,-4.82,-5.29,0.74,0.49,8.84,585.12
44201.33,-4.34,-5.24,1.1,0.84,8.47,585.86
44201.38,-4.56,-5.23,1.03,0.8,7.7,586.46
44201.42,-1.79,-4.07,1.08,0.55,7.19,586.65
44201.46,-1.44,-3.71,1.3,0.22,7.14,586.78
44201.5,-1.45,-3.42,1.29,3.08,8.5,586.16
44201.54,0.6,-2.53,1.42,2.96,8.45,585.6
44201.58,0.4,-2.51,1.52,2.93,7.96,584.75
44201.62,1.18,-1.67,1.5,2.82,8.58,584.14
44201.67,0.98,-1.26,1.59,2.99,8.14,583.97
44201.71,0.34,-1.38,1.63,0.04,5.74,584.18
44201.75,-2.34,-3.04,1.68,0.09,5.69,584.62
44201.79,-2.74,-2.93,1.55,0.35,9.51,585
44201.83,-3.26,-3.58,1.54,0.55,9.4,585.57
44201.88,-3.36,-4.04,1.43,0.5,9.65,585.57
44201.92,-3.76,-4.25,1.43,0.43,9.8,585.73
44201.96,-4.41,-4.55,1.34,0.39,9.56,585.99
44202,-4.49,-4.92,1.17,0.27,9.93,585.86
44202.04,-4.75,-5.16,1.02,0.15,8.62,585.6
44202.08,-4.64,-5.53,0.99,0.22,9.16,585.11
44202.12,-4.55,-5.45,0.76,0.12,9.28,584.72
44202.17,-4.28,-5.3,0.4,3.04,8.58,584.15
44202.21,-4.2,-5.16,0.27,2.78,8.68,583.7
44202.25,-3.57,-4.38,0.21,2.72,9.38,583.32
44202.29,-3.38,-4.38,0.56,0.63,8.86,583.44
44202.33,-3.15,-4.3,0.58,0.73,9.44,583.63
44202.38,-3.49,-4.61,0.74,0.72,9.38,583.85
44202.42,-1.58,-4.05,0.92,0.44,9.52,583.89
44202.46,-0.63,-3.33,1.04,0.03,10,583.83
44202.5,-0.55,-3.03,1.02,2.92,10,583.07
44202.54,0.8,-2.19,1.21,3.08,10,582.44
44202.58,0.76,-2,1.38,3.12,10,581.5
44202.62,0.05,-1.95,1.17,2.97,10,581.18
44202.67,-0.38,-1.73,1.61,3.11,10,581.07
44202.71,-0.96,-1.92,1.76,0.09,10,581.26
44202.75,-2.35,-2.69,2.02,0.39,9.34,581.9
44202.79,-2.58,-2.91,1.88,0.47,9.99,582.44
44202.83,-2.44,-3,1.86,0.37,9.63,583.04
44202.88,-3.7,-4.23,1.74,0.47,9.67,583.32
44202.92,-4.03,-4.54,1.52,0.42,9.87,584.06
44202.96,-4.67,-5.34,1.66,0.43,9.74,584.32
44203,-4.96,-5.79,1.6,0.46,9.7,584.72
44203.04,-4.7,-5.75,1.46,0.49,9.53,584.75
44203.08,-3.77,-5.3,1.33,0.44,9.26,584.58
44203.12,-4.3,-5.71,1.33,0.42,9.34,584.31
44203.17,-4.02,-5.55,1.34,0.38,8.48,584.25
44203.21,-3.93,-5.45,1.31,0.37,8.45,584.04
44203.25,-4.43,-5.4,1.46,0.14,8.3,583.95
44203.29,-4.24,-5.11,1.3,0.28,8.41,583.72
44203.33,-4.22,-5.37,1.25,0.32,7.74,584.3
44203.38,-3.78,-4.68,1.1,0.25,7.51,584.61
44203.42,-3.44,-5.15,1.52,0.34,8.42,584.97
44203.46,-2.95,-4.62,1.51,0.3,9.42,585.19
44203.5,-2.97,-4.69,1.5,0.19,9.62,584.61
44203.54,-2.47,-4.19,1.59,0.08,9.5,583.54
44203.58,-2.59,-4.06,1.67,0.08,9.38,582.8
44203.62,-3.03,-3.79,1.67,0.1,9.24,582.35
44203.67,-3.51,-3.88,1.7,0.12,9.34,582.4
44203.71,-3.83,-4.29,1.69,0.23,9.6,582.78
44203.75,-5.39,-5.39,1.6,0.29,9.82,583.69
44203.79,-5.42,-5.7,1.98,0.59,9.8,584.29
44203.83,-5.73,-6.23,1.98,0.62,9.61,585.06
44203.88,-5.92,-6.57,1.82,0.6,9.82,586.1
44203.92,-6.37,-7.18,1.74,0.6,9.33,586.51
44203.96,-7.78,-8.61,1.62,0.59,9.05,586.82
44204,-7.99,-8.95,1.52,0.57,8.96,586.88
44204.04,-7.72,-8.97,1.43,0.49,8.99,587.02
44204.08,-7.31,-8.81,1.35,0.46,9.12,587.11
44204.12,-6.76,-8.56,1.19,0.44,9.47,586.66
44204.17,-7.13,-8.75,1.13,0.4,8.76,586.46
44204.21,-7.68,-9.3,0.91,0.34,8.89,586.13
44204.25,-7.35,-8.86,1.21,3.05,8.02,585.75
44204.29,-6.91,-8.57,1.26,0.02,8.37,586.23
44204.33,-7.02,-8.72,1.02,0.01,7.4,586.4
44204.38,-7.21,-8.59,0.91,0.1,6.93,586.77
44204.42,-5.32,-7.12,1.1,0.27,6.84,587.03
44204.46,-5.39,-7.33,1.28,0.18,7.2,587.27
44204.5,-5.35,-7.13,1.41,0.11,7.65,586.99
44204.54,-4.65,-7.37,1.48,0.05,8.38,586.06
44204.58,-4.4,-6.65,1.45,0.02,9.12,585.16
44204.62,-4.54,-6.65,1.48,3.09,8.68,584.3
44204.67,-4.92,-6.39,1.54,0.01,8.7,584.16
44204.71,-5.21,-6.32,1.51,0.06,8.19,583.99
44204.75,-6.25,-6.32,1.05,2.5,7.7,583.86
44204.79,-5.83,-6.2,1.24,0.24,8.79,584.14
44204.83,-5.94,-6.49,1.18,0.41,8.89,584.56
44204.88,-6.01,-6.63,1.45,0.54,9.64,584.77
44204.92,-5.92,-6.45,1.37,0.58,9.14,585.31
44204.96,-6.73,-6.79,1.11,0.45,8.32,585.42
44205,-6.9,-7.13,0.99,0.37,8.71,585.26
44205.04,-6.97,-7.4,1.06,0.43,8.94,585.32
44205.08,-6.89,-7.55,0.91,0.39,8.61,585.18
44205.12,-6.62,-7.67,0.91,0.34,8.48,584.9
44205.17,-6.77,-7.79,0.97,0.39,8.53,584.64
44205.21,-6.62,-7.48,0.93,0.42,9.44,584.2
44205.25,-6.38,-7.29,0.44,0.26,7.94,583.54
44205.29,-6.85,-7.67,1.24,0.34,9.62,584.09
44205.33,-6.71,-7.74,1.1,0.48,9.55,584.25
44205.38,-6.47,-7.41,0.74,0.58,9.15,584.68
44205.42,-4.98,-6.6,0.51,0.4,7.81,584.76
44205.46,-4.4,-6.57,0.6,2.79,7.61,584.74
44205.5,-4.55,-6.5,0.68,2.78,7.88,584.54
44205.54,-3.24,-5.92,0.81,3.11,6.39,583.5
44205.58,-3.45,-5.81,1.02,3.1,5.2,582.76
44205.62,-3.36,-5.58,1.29,3.13,4.75,582.04
44205.67,-2.81,-4.95,1.48,0.02,6.71,581.82
44205.71,-3.23,-4.9,1.47,0.07,8.52,582.12
44205.75,-5.97,-6.51,1.5,0.28,8.33,582.09
44205.79,-6.18,-7.08,1.9,0.5,7.63,583.1
44205.83,-6.68,-7.58,1.79,0.55,9.31,583.66
44205.88,-6.73,-7.52,1.79,0.63,8.8,584.54
44205.92,-6.75,-7.71,1.61,0.53,9.33,584.98
44205.96,-7.62,-8.66,1.41,0.33,8.63,585.28
44206,-7.43,-8.77,1.31,0.21,7.96,585.1
44206.04,-7.41,-8.87,1.25,0.17,7.85,585.26
44206.08,-7.41,-9.01,1.09,0.2,7.37,584.98
44206.12,-7.22,-8.67,1.02,0.33,6.92,584.71
44206.17,-7.85,-9.41,0.98,0.41,7.62,584.44
44206.21,-7.77,-9.31,0.92,0.23,7.88,583.89
44206.25,-7.6,-9.25,0.68,2.8,7.95,583.15
44206.29,-7.7,-9.33,1.19,0.12,8.45,583.31
44206.33,-7.52,-9.09,1.27,0.25,9.05,583.56
44206.38,-6.99,-8.39,0.97,0.39,8.95,584.05
44206.42,-5.6,-8.16,1.17,0.41,9.5,584.44
44206.46,-6.31,-8.27,1.27,0.24,8.22,584.92
44206.5,-6.66,-8.31,1.42,0.24,8.49,584.62
44206.54,-5.54,-7.91,1.63,0.39,9.78,583.92
44206.58,-5.99,-8,1.75,0.39,9.12,583.5
44206.62,-6.36,-7.93,1.73,0.39,9.3,582.96
44206.67,-6.37,-7.69,1.75,0.38,9.15,583.17
44206.71,-6.31,-7.64,1.74,0.41,9.61,583.53
44206.75,-7.74,-8.24,1.52,0.49,9.62,584.17
44206.79,-7.53,-8.25,1.84,0.53,9.64,584.83
44206.83,-7.51,-8.44,1.76,0.68,9.78,585.59
44206.88,-7.27,-8.16,1.76,0.58,9.49,586.5
44206.92,-7.18,-8.08,1.69,0.52,9.49,587.2
44206.96,-8.17,-9.18,1.77,0.61,9.62,587.93
44207,-7.99,-9,1.92,0.71,9.54,588.69
44207.04,-7.9,-8.99,2.1,0.79,9.66,589.08
44207.08,-7.64,-8.52,2.02,0.8,9.84,589.26
44207.12,-7.21,-8.15,2.01,0.82,9.77,589.41
44207.17,-7.62,-8.59,1.96,0.85,9.76,589.43
44207.21,-7.54,-8.34,1.92,0.86,9.76,589.37
44207.25,-8.44,-9.2,1.55,0.83,9.71,589.77
44207.29,-7.94,-8.58,1.44,0.75,9.05,589.42
44207.33,-7.73,-8.35,1.12,0.87,9.18,590.1
44207.38,-8.24,-8.81,1.04,0.83,8.4,590.7
44207.42,-6.71,-8.44,1.02,0.89,8.67,590.82
44207.46,-6.71,-8.24,1.3,0.68,8.44,591.13
44207.5,-6.59,-8.39,1.34,0.52,8.67,590.98
44207.54,-5.04,-8.06,1.25,0.36,7.89,590.01
44207.58,-4.57,-7.9,1.22,0.19,8.14,589.26
44207.62,-4.81,-7.89,1.25,0.17,7.57,588.45
44207.67,-4.55,-7.76,1.31,0.18,6.89,588.44
44207.71,-4.63,-7.22,1.22,0.18,7.33,588.34
44207.75,-6.36,-8.51,0.58,2.97,8.02,588.12
44207.79,-5.48,-7.86,0.11,2.7,4.36,588.59
44207.83,-5.27,-7.85,0.57,1.65,3.86,588.53
44207.88,-5.34,-8.02,0.78,2.19,4.21,588.99
44207.92,-5.7,-8.14,0.67,2.57,3.64,589.12
44207.96,-6.32,-8.61,1.02,2.88,1.64,589.28
44208,-6.55,-8.91,1.27,2.95,1.62,589.29
44208.04,-6.91,-8.99,1.42,2.91,1.32,589.17
44208.08,-6.86,-9.41,1.54,2.95,1.18,588.8
44208.12,-7.24,-9.8,1.72,2.96,0.24,588.2
44208.17,-7.99,-10.8,1.88,2.99,0.26,587.76
44208.21,-8.44,-11.43,2.02,3.01,0.1,587.13
44208.25,-8.42,-11.86,2.42,3.09,0.38,586.8
44208.29,-8.5,-12.2,2.54,3.12,0.38,586.41
44208.33,-8.29,-12.37,2.6,3.1,0.12,586.54
44208.38,-9.19,-12.92,2.56,3.07,0.31,586.61
44208.42,-5.58,-10.08,1.95,0.01,0.12,586.71
44208.46,-2.68,-6.76,1.79,0.06,0.41,586.61
44208.5,-1.4,-6.17,1.47,0.2,0.12,586.15
44208.54,3.5,-6.09,1.16,0.42,0,584.95
44208.58,3.61,-5.55,0.81,0.73,0.54,583.89
44208.62,3.51,-4.98,0.67,1.19,0.68,582.94
44208.67,4.84,-3.84,0.58,1.26,0.28,582.29
44208.71,4.33,-3.1,0.15,1.96,0.22,582.07
44208.75,2.28,-6.02,0.59,3.05,1.21,582.35
44208.79,2,-5.71,1.06,2.65,1.2,582.16
44208.83,1.07,-5.74,1.15,2.79,1.08,582.22
44208.88,0.33,-5.73,1.3,2.76,1.26,582.7
44208.92,-0.62,-5.94,1.26,2.79,0.88,582.87
44208.96,-2.68,-6.09,1.25,2.81,0.8,583.03
44209,-3.27,-6.64,1.54,2.87,0,583.08
44209.04,-4.08,-7.2,1.68,2.87,0,583.17
44209.08,-4.42,-7.58,1.76,2.81,0,582.95
44209.12,-4.73,-7.92,1.78,2.82,0,582.77
44209.17,-4.83,-7.66,1.77,2.8,0,582.69
44209.21,-4.93,-7.71,1.84,2.8,0,582.34
44209.25,-6.52,-8.58,2.11,2.84,5.46,581.74
44209.29,-5.62,-8.14,1.81,2.85,5.8,582.01
44209.33,-5.5,-8.06,1.92,2.81,6,582.58
44209.38,-6.5,-8.67,1.9,2.78,6.01,582.89
44209.42,-2.59,-5.33,1.6,2.72,6.04,583.32
44209.46,0.46,-4.02,0.94,2.65,0.3,583.28
44209.5,1.88,-4.45,0.44,2.03,0,583.15
44209.54,5.33,-3.99,0.28,0.59,0,582.26
44209.58,4.98,-3.4,0.59,0.02,0,581.6
44209.62,4.87,-3.21,0.8,2.99,0,581.02
44209.67,6.08,-2.56,1.02,0.01,0.64,580.91
44209.71,6.35,-2.6,1.34,0.47,1.26,581.07
44209.75,1.18,-3.56,1,0.78,1.18,580.96
44209.79,0.8,-3.51,0.97,2,1.08,581.5
44209.83,0.54,-3.5,1.1,1.91,0.81,582.15
44209.88,0.02,-3.63,1.03,1.95,0.69,582.5
44209.92,-0.99,-4.09,0.85,2.11,1.64,583.04
44209.96,-3.58,-5.17,0.68,2.34,0.9,583.16
44210,-3.6,-5.3,0.59,2.39,0.91,583.5
44210.04,-3.71,-5.49,0.8,2.52,0.94,583.59
44210.08,-3.4,-5.55,0.97,2.62,0.57,583.65
44210.12,-3.22,-5.36,1.15,2.73,0.64,583.44
44210.17,-4.13,-5.91,1.37,2.79,0.51,583.46
44210.21,-3.91,-6.01,1.56,2.88,0.38,583.17
44210.25,-4.72,-6.48,2.18,2.91,0.31,583.1
44210.29,-4.98,-6.7,2.02,2.91,0.42,583.16
44210.33,-4.84,-6.74,2.22,2.9,0.45,583.18
44210.38,-4.02,-6.53,1.54,2.99,0.23,583.4
44210.42,3.24,-2.48,1.33,2.9,0.08,583.69
44210.46,4.19,-1.49,1.05,3.02,0.11,583.84
44210.5,5.57,-1.94,0.94,0.22,0,583.45
44210.54,10.67,-1.9,0.9,0.88,0,582.74
44210.58,10.73,-1.71,0.96,1.34,0,581.81
44210.62,10.67,-1.31,1.02,1.82,0,581.37
44210.67,11.49,-0.7,1.04,2.11,0,581
44210.71,11.29,0.2,0.92,2.22,0,581.2
44210.75,7.8,-0.62,1,1.2,0,581.09
44210.79,7.81,-0.35,1.04,0.16,0,581.27
44210.83,7.16,-0.71,1.36,0.03,0,581.67
44210.88,6.38,-1.2,1.27,2.97,0.06,581.87
44210.92,4.59,-1.79,1.27,2.91,0.06,582.33
44210.96,0.74,-2.99,1.45,2.92,0.06,582.23
44211,0.27,-3.38,1.64,2.95,0,582.5
44211.04,-0.32,-3.67,1.67,2.93,0,582.29
44211.08,-0.38,-3.94,1.66,2.85,0,582.29
44211.12,-0.36,-4.11,1.5,2.79,0.04,582.33
44211.17,-0.88,-4.31,1.33,2.7,0.6,582.25
44211.21,-1.23,-4.4,1.18,2.72,0.57,582.12
44211.25,-2,-4.77,1.26,2.86,0.57,581.66
44211.29,-2.17,-4.78,1.31,2.72,0.34,581.98
44211.33,-2.27,-4.91,1.15,2.73,0.41,582.4
44211.38,-1.77,-4.51,0.77,2.8,0.33,582.55
44211.42,4.05,-1.24,0.81,2.37,0.37,582.87
44211.46,4.78,-1.01,0.58,1.29,0.58,583.35
44211.5,5.16,-0.86,0.73,0.62,0.36,583.09
44211.54,8.76,-0.17,0.93,0.27,0.21,582.29
44211.58,8.23,0.51,1.15,0.24,0.11,581.39
44211.62,8.1,1.09,1.29,0.2,0.12,581.04
44211.67,8.56,1.6,1.46,0.25,0.4,580.92
44211.71,7.82,1.96,1.44,0.27,0.48,580.97
44211.75,2.35,0.68,1.11,0.12,0.45,581.05
44211.79,2.75,0.71,0.44,1.35,0.64,581.19
44211.83,2.51,0.6,0.6,2.26,0.59,581.54
44211.88,2.69,0.79,0.83,1.84,0.52,581.83
44211.92,1.59,-0.03,1.05,1.45,2.61,582.32
44211.96,-0.22,-1.18,1.37,1.27,6.04,582.45
44212,-0.19,-1.35,1.43,1.21,8.72,582.78
44212.04,-0.85,-1.69,1.45,1.08,8.91,582.97
44212.08,-0.45,-1.41,1.39,1.02,9.22,583.06
44212.12,-0.38,-1.1,1.38,0.97,8.72,582.97
44212.17,-0.6,-1.17,0.96,0.98,9.98,583.24
44212.21,-0.55,-1.31,1.07,1.01,9.98,582.88
44212.25,-1.21,-1.66,1.28,0.79,10,583.12
44212.29,-1.17,-1.85,1.15,0.99,9.94,583.19
44212.33,-0.84,-1.8,0.93,0.87,10,583.53
44212.38,-1.3,-2.24,1.06,0.82,10,583.94
44212.42,-0.91,-2.3,1.22,0.69,9.68,584.4
44212.46,-1.45,-2.95,1.4,0.52,9.48,584.61
44212.5,-1.74,-2.71,1.61,0.49,9.13,584.4
44212.54,-0.71,-2,1.74,0.52,9.56,583.89
44212.58,-0.74,-1.93,1.78,0.5,9.39,583.3
44212.62,-0.85,-1.82,1.83,0.47,9.33,582.98
44212.67,-1.61,-2.08,1.82,0.49,9.91,583.34
44212.71,-1.67,-2.02,1.63,0.5,9.67,583.95
44212.75,-2.29,-2.51,1.65,0.6,9.9,585.39
44212.79,-1.99,-2.4,1.62,0.58,10,585.6
44212.83,-1.95,-2.69,1.84,0.62,9.63,586.42
44212.88,-1.78,-2.87,2.02,0.68,9.92,587.32
44212.92,-1.84,-3.24,1.94,0.67,9.85,588.17
44212.96,-3.49,-4.37,2.28,0.72,9.89,588.95
44213,-3.32,-4.52,2.43,0.77,10,589.78
44213.04,-3.71,-4.95,2.4,0.78,10,590.71
44213.08,-4.01,-5.29,2.45,0.78,9.92,591.15
44213.12,-4.24,-5.62,2.07,0.79,9.96,591.56
44213.17,-5.26,-6.53,1.86,0.82,9.96,591.62
44213.21,-5.21,-6.42,1.96,0.91,10,591.68
44213.25,-6.19,-7.25,1.76,0.91,9.69,591.33
44213.29,-6.26,-7.34,1.49,0.97,9.89,591.4
44213.33,-5.99,-7.05,1.23,1.04,9.55,591.41
44213.38,-5.95,-7.43,1.04,1.26,9.47,591.92
44213.42,-5.2,-7.48,1.03,1.38,9.55,591.76
44213.46,-5.09,-7.58,0.93,1.27,9.68,591.79
44213.5,-5.17,-7.2,0.76,1.33,9.02,591.54
44213.54,-3.52,-6.76,0.63,1.49,9.15,590.47
44213.58,-3.32,-6.44,0.45,1.82,9.03,589.69
44213.62,-2.96,-6.4,0.35,1.95,9.01,588.9
44213.67,-2.21,-5.34,0.37,1.65,8.51,588.55
44213.71,-1.75,-6.09,0.39,1.5,6.56,588.5
44213.75,-3.04,-7.18,0.3,3.01,6.98,588.76
44213.79,-2.57,-6.65,0.7,0.05,9.19,588.64
44213.83,-2.66,-6.7,1.17,3.12,9.88,588.86
44213.88,-3.06,-6.96,1.33,2.82,9.32,588.77
44213.92,-3.73,-7.21,1.47,2.88,9.38,588.91
44213.96,-5.16,-7.81,1.62,2.9,9.18,588.92
44214,-5.88,-8.42,1.74,2.97,8.94,588.82
44214.04,-6.48,-8.99,1.84,2.98,6.75,588.54
44214.08,-6.89,-9.62,1.96,2.94,4.48,588.24
44214.12,-7.13,-10.09,1.99,2.9,0.89,587.85
44214.17,-7.97,-10.83,2,2.87,0.44,587.63
44214.21,-7.95,-11.16,1.96,2.87,0.21,587.35
44214.25,-8.21,-11.12,2.02,2.9,0.19,587.29
44214.29,-8.16,-11.52,1.96,2.86,0.01,587.06
44214.33,-8.15,-11.95,2.06,2.88,0.18,587.21
44214.38,-9.22,-12.53,2,2.91,0,587.48
44214.42,-2.67,-7.68,1.44,3.04,0.06,587.52
44214.46,-1.64,-6.25,1.22,3,0,587.45
44214.5,0.37,-5.68,1.19,0.14,0,586.9
44214.54,4.54,-3.71,1.09,0.52,0,585.93
44214.58,4.52,-3.45,1.04,0.93,0,584.85
44214.62,4.43,-3.27,1.14,1.05,0,584.19
44214.67,5.71,-3.74,0.78,1.17,0,583.54
44214.71,6.85,-5.61,0.73,0.98,0,583.33
44214.75,3.7,-5.56,1.27,3.08,0,583.18
44214.79,4.09,-5.9,1.2,3.1,0,583.24
44214.83,3,-5.89,1.41,3.07,0,583.07
44214.88,2.05,-5.95,1.48,2.96,0,582.78
44214.92,0.49,-6.2,1.68,2.98,0,582.7
44214.96,-3.47,-7.38,1.9,2.93,0,582.71
44215,-4.33,-8.09,2.03,2.96,0,582.51
44215.04,-5.21,-8.36,2.14,2.98,0.01,581.99
44215.08,-5.33,-8.62,2.27,3,0.01,581.39
44215.12,-5.49,-8.84,2.37,3,0,580.92
44215.17,-5.58,-8.96,2.4,3,0,580.6
44215.21,-5.53,-8.93,2.44,3,0,580.05
44215.25,-4.56,-8.29,2.71,3.04,0,579.98
44215.29,-4.41,-8.08,2.69,3.01,0.02,579.75
44215.33,-4.61,-8.08,2.6,2.98,2.55,580.25
44215.38,-6.57,-8.64,1.66,3.02,6.98,580.41
44215.42,0.26,-4.19,1.83,3,2.65,580.73
44215.46,1.78,-2.46,1.69,0.01,1.5,580.69
44215.5,2.51,-1.4,1.54,0.16,1.1,580.33
44215.54,6.01,-0.33,1.49,0.3,1.32,579.73
44215.58,5.2,0.19,1.62,0.39,3.56,578.92
44215.62,4.6,0.19,1.6,0.43,7.16,578.38
44215.67,6.04,-0.29,1.08,0.42,8.2,578.32
44215.71,6.94,-0.68,1.03,0.71,6.46,578.51
44215.75,5.97,-1.31,0.18,1.54,1.46,578.65
44215.79,5.94,-1.17,0.58,1.65,0.71,578.96
44215.83,4.9,-1.23,0.59,1.47,1.29,579.61
44215.88,4.37,-0.86,0.5,1.38,1.89,579.67
44215.92,3.33,-0.82,0.45,1.33,3.91,579.97
44215.96,1.19,-1.57,0.46,1.46,4.03,580.28
44216,0.76,-1.74,0.44,1.49,3.93,580.38
44216.04,0.14,-1.99,0.37,1.56,4.86,580.37
44216.08,0.34,-1.9,0.25,1.72,4.91,580.38
44216.12,-0.06,-1.96,0.37,1.91,5.14,580.28
44216.17,-0.75,-1.97,0.55,2.23,6.73,580.33
44216.21,-0.48,-1.92,0.58,2.19,5.81,580.23
44216.25,-0.12,-1.7,0.91,1.36,8.51,580.34
44216.29,0.06,-1.58,0.8,1.37,9.2,580.9
44216.33,-0.28,-1.77,0.55,1.16,8.01,581.28
44216.38,-0.72,-1.99,0.32,1.09,8.13,581.47
44216.42,0.93,-0.99,0.38,0.33,8.04,581.64
44216.46,0.72,-0.99,0.59,2.8,8.58,581.96
44216.5,0.41,-1.07,0.84,2.68,8.83,581.95
44216.54,2.33,-0.54,1.09,2.79,8.5,581.25
44216.58,2.22,-0.73,1.25,2.97,8.8,580.74
44216.62,1.81,-0.76,1.32,3.12,9.09,580.2
44216.67,0.22,-0.95,1.35,0.04,8.71,580.16
44216.71,-0.01,-1.37,1.24,0.21,8.79,580.41
44216.75,-1.21,-2.04,1.12,0.49,8.97,581
44216.79,-0.96,-1.83,1.12,0.52,8.68,581.33
44216.83,-1.09,-2.07,1.04,0.92,8.61,582
44216.88,-0.93,-2.01,1.02,0.88,8.98,582.03
44216.92,-0.87,-1.87,0.94,0.8,9.1,582.46
44216.96,-1.99,-2.16,0.89,0.86,9.23,582.62
44217,-1.86,-2.11,1.06,0.86,9.49,582.85
44217.04,-1.68,-2.09,1.01,0.81,9.42,582.58
44217.08,-1.37,-2.16,0.89,0.82,9.32,582.69
44217.12,-1.31,-2.27,0.96,0.86,9.24,582.67
44217.17,-1.99,-2.65,1.01,0.81,9.72,582.54
44217.21,-1.91,-2.68,0.9,0.96,9.4,582.54
44217.25,-1.7,-2.61,1,1.08,9.93,582.55
44217.29,-1.68,-2.54,0.52,1.3,9.95,582.76
44217.33,-1.16,-2.35,0.61,1.26,9.02,583.44
44217.38,-1.74,-2.57,0.63,1.21,9.68,583.84
44217.42,0.08,-1.93,0.68,1.02,9.89,584.15
44217.46,-0.49,-2.04,0.81,0.82,9.9,584.47
44217.5,-1.04,-2.06,0.94,0.86,9.99,584.43
44217.54,0.92,-1.1,1.04,0.82,10,583.86
44217.58,0.44,-1.05,1.13,0.84,9.92,583.22
44217.62,0.48,-0.93,1.08,0.89,9.52,582.79
44217.67,0.74,-0.79,1.13,0.93,9.14,582.81
44217.71,0.72,-0.62,1.19,1.07,9.34,583.02
44217.75,-1.27,-1.37,1.21,1.2,9.16,583.74
44217.79,-0.58,-1.04,1.12,1.13,6.83,583.9
44217.83,-0.21,-1.06,0.76,1.51,8.33,584.45
44217.88,0.3,-0.89,0.76,1.84,9.52,584.42
44217.92,-0.09,-1.47,0.88,1.9,9.26,584.65
44217.96,-1.39,-2.04,0.79,2.01,9.09,584.65
44218,-1.12,-1.86,0.71,2.17,8.1,584.67
44218.04,-1.18,-1.88,0.66,2.46,8.74,584.49
44218.08,-0.98,-1.89,0.63,2.52,8.4,584.28
44218.12,-1.09,-2.02,0.74,2.41,8.25,584.07
44218.17,-1.71,-2.69,0.72,2.53,8.34,583.86
44218.21,-2.28,-3.52,0.87,2.39,9.09,583.82
44218.25,-3.13,-4.58,1.05,2.62,9.36,583.79
44218.29,-2.88,-4.24,0.91,2.82,9.36,584.09
44218.33,-3.26,-4.84,1.1,3.07,7.22,584.36
44218.38,-3.81,-4.96,1.32,2.93,1.69,584.33
44218.42,0.72,-2.2,1.08,3.02,0,584.44
44218.46,0.1,-1.67,1.29,3.09,0.06,584.46
44218.5,0.76,-2.25,1.34,0.06,0.36,584.24
44218.54,4.63,-1.49,1.36,0.14,0,583.23
44218.58,4.66,-1.24,1.42,0.13,0.18,582.39
44218.62,4.45,-1.25,1.53,0.16,0.12,581.68
44218.67,5.82,-0.65,1.4,0.18,0,581.58
44218.71,5.44,-0.63,1.72,0.07,0,581.7
44218.75,0.77,-1.94,1.74,3.02,0,581.88
44218.79,2.87,-2.33,1.82,3.03,0,581.82
44218.83,2.04,-2.25,2.19,3.01,0,582.34
44218.88,1.59,-2.38,2.24,2.91,0,582.47
44218.92,0.04,-3.1,2.19,2.85,0,582.96
44218.96,-5.51,-6.37,2.11,2.81,0.54,582.8
44219,-7.63,-8.29,2.01,2.79,2.46,582.97
44219.04,-8.64,-9.6,1.66,2.86,4.51,582.64
44219.08,-8.74,-10.05,1.59,2.89,5.87,582.24
44219.12,-8.35,-10.16,2.12,2.85,5.95,581.75
44219.17,-8.82,-10.1,1.95,2.88,5.96,581.16
44219.21,-8.21,-9.93,2.08,2.87,6.13,580.66
44219.25,-8.68,-9.96,2.16,2.94,6.03,580.36
44219.29,-8.85,-10.37,2.34,2.91,6.02,579.99
44219.33,-8.85,-10.55,2.48,2.84,6,580.29
44219.38,-7.74,-9.38,1.78,2.85,6.02,580.23
44219.42,-2.24,-5.18,2.1,2.89,6.05,580.41
44219.46,-0.98,-3.29,1.9,2.92,6.02,580.47
44219.5,-0.09,-2.03,1.71,2.91,3.31,580.08
44219.54,3.8,-0.05,1.41,2.85,0.38,579.33
44219.58,3.8,0.59,1.24,2.89,0.14,578.49
44219.62,3.94,1.04,0.68,2.79,1.11,578.15
44219.67,4.67,1.74,1.35,2.85,1.49,577.97
44219.71,4.1,1.71,1.1,2.72,1.55,578.16
44219.75,2.92,0.42,1.06,2.77,2.4,578.58
44219.79,4.2,1.19,0.91,2.59,2.65,578.43
44219.83,3.86,1.19,1.14,2.66,3.06,578.78
44219.88,3.72,1.3,1.08,2.36,4.12,579.2
44219.92,3.58,1.46,0.87,2.14,4.06,579.6
44219.96,0.82,0.22,0.81,2.03,4,579.79
44220,0.42,-0.19,0.63,2.05,4.12,580.1
44220.04,-0.09,-0.63,0.41,1.59,4.36,580.09
44220.08,-0.21,-0.8,0.36,1.15,7.18,579.63
44220.12,-0.42,-1.18,0.36,1.42,10,579.41
44220.17,-1.05,-1.63,0.4,1.97,10,578.88
44220.21,-0.94,-1.71,0.38,2.27,8.32,578.5
44220.25,-1.7,-2.37,0.55,2.77,10,578.72
44220.29,-1.6,-2.59,0.5,2.97,7,578.35
44220.33,-1.6,-2.46,0.51,2.66,5.92,578.66
44220.38,-1.32,-2.68,0.28,1.77,7.42,579.24
44220.42,1.84,-0.7,0.42,2.24,7,579.27
44220.46,1.84,-0.25,0.32,2.51,5.8,579.82
44220.5,2,0.17,0.15,0.28,5.06,579.51
44220.54,4.51,0.97,0.24,2.04,4.96,578.99
44220.58,5.34,2.27,0.36,1.96,6.94,578.26
44220.62,5.33,2.48,0.46,1.22,7.66,577.81
44220.67,6.76,2.82,0.37,0.89,6.47,577.77
44220.71,6.91,2.45,0.04,2.87,4.36,578.13
44220.75,5.06,1.81,0.95,0.22,5,578.33
44220.79,5.52,2.64,1.12,0.75,3.11,578.56
44220.83,4.88,2.89,1.48,0.68,4.53,579.57
44220.88,4.12,2.83,1.48,0.55,9.67,580.24
44220.92,3.01,1.99,1.56,0.6,10,580.82
44220.96,1.35,0.93,1.61,0.73,10,581.38
44221,0.95,0.37,1.67,0.76,10,581.76
44221.04,0.04,-0.17,1.62,0.8,10,582.53
44221.08,-0.47,-0.68,1.7,0.88,10,582.73
44221.12,-0.84,-1.21,1.51,0.93,10,583.23
44221.17,-1.85,-1.89,0.87,1.12,10,583.5
44221.21,-0.99,-1.22,0.87,1.13,10,583.83
44221.25,-1.79,-1.85,1.1,0.96,9.94,584.1
44221.29,-1.24,-1.3,1.21,0.78,10,584.34
44221.33,-1.29,-1.34,1.36,0.83,10,585.06
44221.38,-0.84,-0.84,1.21,0.81,10,585.68
44221.42,0.03,-1.05,1.39,0.82,9.94,586.13
44221.46,-0.11,-0.66,1.37,0.69,9.94,586.53
44221.5,-0.58,-1.35,1.47,0.65,9.76,586.65
44221.54,0.11,-1.41,1.4,0.7,9.68,585.97
44221.58,-0.57,-1.86,1.35,0.69,9.54,585.31
44221.62,-1.15,-2.51,1.29,0.65,9.36,584.61
44221.67,0.01,-2.35,1.21,0.69,9.85,584.4
44221.71,0.17,-2.18,1.1,0.73,9.91,584.28
44221.75,-2.28,-2.31,1.35,0.29,8.95,584.14
44221.79,-1.69,-1.72,1.15,0.69,7.86,583.86
44221.83,-1.61,-1.65,1.55,0.65,8.88,584.45
44221.88,-0.72,-1,1.46,0.68,9.02,584.63
44221.92,-0.88,-1.14,1.55,0.78,8.71,584.97
44221.96,-1.89,-1.94,1.56,0.82,9.2,585.05
44222,-1.46,-1.87,1.44,0.79,8.4,585.12
44222.04,-1.78,-2.08,1.23,0.91,8.38,585.08
44222.08,-1.89,-2.53,0.9,1.09,8.22,584.82
44222.12,-2.28,-2.86,0.49,1.7,8.21,584.53
44222.17,-3.2,-3.52,0.6,2.07,8.17,584.2
44222.21,-3.28,-3.86,0.61,2.12,9.19,583.91
44222.25,-4.98,-5.72,0.7,2.81,8.35,583.58
44222.29,-4.92,-5.92,0.58,2.61,8.77,583.35
44222.33,-4.65,-5.76,0.64,2.12,9.26,583.74
44222.38,-4.49,-5.39,0.62,1.4,9.37,584
44222.42,-1.53,-3.95,0.68,1.09,9.15,584.44
44222.46,-2.18,-3.8,0.63,0.57,7.93,584.31
44222.5,-2.36,-3.96,0.54,0.09,9.17,584.26
44222.54,0.43,-2.86,0.52,2.81,8.93,583.28
44222.58,0.32,-2.46,0.64,2.64,8.46,582.39
44222.62,0.52,-2.14,0.8,2.83,6.12,581.64
44222.67,1.56,-1.63,1.08,0.06,5.6,581.12
44222.71,1.51,-1.31,1.31,0.49,4.34,580.81
44222.75,-0.86,-2.48,1.34,0.57,2.97,580.79
44222.79,-0.33,-1.67,1.62,0.86,3.1,581.05
44222.83,-0.61,-1.49,1.5,0.8,4.99,581.61
44222.88,-0.93,-1.68,1.25,0.98,4.71,581.82
44222.92,-0.96,-1.9,1.21,1.03,7.82,582.06
44222.96,-2.17,-2.44,1.34,1.03,9.64,582.29
44223,-2.33,-2.51,1.34,1.11,9.48,582.51
44223.04,-2.43,-2.63,1.38,1.03,9.68,582.45
44223.08,-2.25,-2.77,1.28,1.03,9.75,582.41
44223.12,-2.6,-3.35,1.2,1.1,9.76,582.32
44223.17,-3.91,-4.22,0.95,1.24,9.84,582.29
44223.21,-3.81,-4.09,0.91,1.29,9.9,582.1
44223.25,-4.3,-4.92,0.65,1.23,9.15,582.04
44223.29,-3.92,-4.36,0.53,1.62,9.59,582.28
44223.33,-4.26,-4.81,0.39,0.98,9.81,582.76
44223.38,-3.84,-4.25,0.61,1.3,9.83,583.28
44223.42,-0.89,-2.78,0.59,0.69,9.25,583.65
44223.46,-0.75,-2.8,0.88,0.28,9.01,584.03
44223.5,-0.9,-2.88,1,0.35,8.82,584.21
44223.54,1.48,-2.34,1.15,0.35,9.44,583.62
44223.58,1.13,-2.14,1.34,0.3,8.78,583.22
44223.62,1.09,-1.8,1.47,0.34,9.15,583.17
44223.67,0.99,-1.34,1.56,0.43,8.65,583.07
44223.71,0.73,-1.03,1.61,0.54,7.8,583.54
44223.75,-1.61,-2.33,1.79,0.57,7.76,583.95
44223.79,-2.13,-2.6,1.52,0.8,8.18,584.5
44223.83,-1.66,-2.28,1.88,0.81,8.81,585.74
44223.88,-1.69,-2.39,1.63,0.9,9.56,586.33
44223.92,-1.81,-2.18,1.53,0.92,9.62,587.11
44223.96,-3.45,-3.46,1.46,1.02,9.75,587.48
44224,-3.1,-3.41,1.25,1.18,9.75,588.03
44224.04,-2.59,-2.81,0.97,1.45,9.58,588.24
44224.08,-2.27,-2.84,1,1.87,9.89,588.22
44224.12,-2.06,-2.78,1.07,2.17,9.8,588.28
44224.17,-2.83,-3.77,1.06,2.29,9.45,588.14
44224.21,-2.75,-3.44,1.05,2.37,7.92,587.78
44224.25,-3.85,-5.13,1.07,2.62,9.02,587.53
44224.29,-3.87,-5.17,1.08,2.78,9.31,587.32
44224.33,-4.08,-5.36,0.94,2.8,9.19,587.79
44224.38,-4.76,-6.03,0.82,2.74,9.17,588.16
44224.42,-0.93,-3.1,0.47,2.81,8.77,588.73
44224.46,-1.06,-2.75,0.43,2.57,9.08,588.53
44224.5,-1.07,-3.73,0.76,2.75,9.66,588.36
44224.54,2.24,-2.17,0.72,3.01,7.83,587.69
44224.58,2.01,-2.21,0.74,3.1,8.92,586.62
44224.62,1.52,-2.25,1.03,0.27,9.37,586.2
44224.67,1.81,-1.79,1.28,0.31,9.48,585.72
44224.71,1.17,-1.11,1.34,0.39,8.32,585.69
44224.75,-1.69,-2.48,1.16,0.31,5.26,585.33
44224.79,-1.1,-1.91,1.34,0.69,5.3,585.54
44224.83,-0.6,-1.83,1.44,0.7,7.97,586.01
44224.88,-0.69,-2.22,1.18,0.6,8.38,586.34
44224.92,-0.71,-2.2,0.94,1.04,8.44,586.4
44224.96,-2.05,-2.55,0.78,1.4,8.45,586.38
44225,-2.37,-2.99,0.5,2,8.15,586.24
44225.04,-2.49,-3.16,0.46,2.24,8.57,586.05
44225.08,-2.05,-3,0.31,2.56,8.63,585.75
44225.12,-2.09,-3.09,0.49,2.74,8.71,585.14
44225.17,-2.8,-3.22,0.61,2.77,8.54,584.74
44225.21,-2.6,-3.38,0.72,2.78,8.65,584.13
44225.25,-2.85,-3.43,1.04,2.99,9.66,584.04
44225.29,-2.74,-3.5,0.88,2.81,9.81,583.56
44225.33,-2.93,-3.8,0.89,2.47,9.68,583.95
44225.38,-3.01,-3.54,0.93,2.31,9.54,584
44225.42,0.16,-1.66,0.57,2.15,6.28,584.22
44225.46,0.19,-1.61,0.31,1.52,4.8,584.14
44225.5,0.45,-1.22,0.26,0.01,4.66,583.91
44225.54,3.13,-0.19,0.61,2.77,4.78,583.1
44225.58,3.15,0.01,0.63,2.56,5.02,582.22
44225.62,3.05,0.97,0.7,2.92,4.32,581.66
44225.67,3.38,1,1.29,0.29,5.73,581.25
44225.71,2.61,0.97,1.35,0.35,5.3,581.5
44225.75,-0.57,-0.8,1.69,0.41,4.26,581.33
44225.79,-0.91,-0.91,1.8,0.46,6.62,582.03
44225.83,-0.76,-0.84,1.73,0.55,8.31,583.08
44225.88,-0.92,-1.27,1.68,0.6,8.84,583.44
44225.92,-1.32,-1.67,1.59,0.63,9.81,584.17
44225.96,-3.21,-3.21,1.45,0.62,9.69,584.38
44226,-3.15,-3.15,1.31,0.64,9.9,584.63
44226.04,-3.12,-3.12,1.22,0.6,9.85,584.49
44226.08,-3.24,-3.32,1.23,0.56,9.77,584.54
44226.12,-2.36,-2.53,1.08,0.66,9.81,584.53
44226.17,-3.91,-4.02,0.93,0.78,9.74,584.34
44226.21,-3.09,-3.25,0.73,0.71,9.75,584.3
44226.25,-2.67,-3.05,0.45,0.88,9.78,584.65
44226.29,-2.72,-3.29,0.56,0.6,9.28,584.21
44226.33,-3.38,-3.95,0.51,0.82,9.03,584.82
44226.38,-3.42,-3.6,0.63,0.65,9.29,585.28
44226.42,-0.03,-2.47,0.93,0.16,8.91,585.55
44226.46,-0.12,-2.53,0.98,3.03,9.37,585.47
44226.5,-0.38,-2.49,0.89,2.72,8.7,585.17
44226.54,1.73,-2.28,0.9,2.54,9.02,584.33
44226.58,2.15,-1.92,1.02,2.43,8.82,583.55
44226.62,2.14,-1.6,1.36,2.8,8.29,582.8
44226.67,2.19,-1.39,1.63,3.07,7.22,582.47
44226.71,1.99,-1.26,1.75,0.09,9.31,582.56
44226.75,-0.11,-1.9,1.47,0.3,7.46,582.59
44226.79,-0.28,-1.48,1.7,0.5,4.52,582.83
44226.83,-0.22,-1.3,1.8,0.67,5.28,583.39
44226.88,-0.01,-0.98,1.61,0.58,8.4,583.76
44226.92,-0.3,-1.24,1.38,0.72,9.58,583.97
44226.96,-2.1,-2.1,1.44,0.77,9.77,584.19
44227,-2.31,-2.32,1.32,0.8,9.77,584.47
44227.04,-2.31,-2.31,1.11,0.85,9.62,584.26
44227.08,-2.48,-2.48,0.92,1.05,9.26,584.36
44227.12,-2.43,-2.54,0.91,1.2,9.47,584.18
44227.17,-2.7,-2.93,0.86,1.43,8.75,584.1
44227.21,-2.78,-3.24,0.78,1.37,8.18,583.86
44227.25,-3.11,-3.69,0.84,1.08,8.68,584.02
44227.29,-3.09,-3.79,0.78,1.33,9.23,583.93
44227.33,-3.86,-4.26,0.68,1.28,8.18,584.28
44227.38,-3.78,-4.43,0.7,1.16,8.48,584.5
44227.42,-0.77,-3.5,0.36,0.38,6.02,584.64
44227.46,-0.45,-3.12,0.52,2.96,5.14,584.66
44227.5,-0.48,-2.99,0.68,2.32,8.01,584.32
44227.54,2.27,-3.01,0.76,2.01,7.23,583.54
44227.58,2.55,-2.9,0.77,2.86,7.98,582.74
44227.62,2.23,-2.45,1.3,0.15,7.19,582.04
44227.67,3.36,-1.47,1.44,0.34,6.76,581.88
44227.71,3.34,-0.86,1.32,0.37,8.19,581.89
44227.75,-0.17,-2.1,1.49,0.8,7.73,582.79
44227.79,0.47,-1.78,1.49,0.87,8.15,582.86
44227.83,0.25,-1.64,1.44,0.73,6.29,583.75
44227.88,-0.1,-1.44,1.23,1.28,9.84,584.11
44227.92,-0.36,-1.13,1.14,1.52,9.46,584.77
44227.96,-2.05,-2.08,0.96,1.49,9.6,585.05
44228,-1.98,-2.49,0.79,1.55,9.47,585.3
44228.04,-2.69,-2.87,0.65,2.26,10,585.36
44228.08,-2.74,-2.94,0.71,2.69,10,585.39
44228.12,-3.25,-3.66,0.97,2.95,9.99,585.13
44228.17,-3.88,-4.47,1.21,2.97,8.24,584.94
44228.21,-4.29,-5.26,1.34,2.94,6.23,584.46
44228.25,-7.68,-8.61,1.4,2.93,9.72,584.52
44228.29,-7.46,-8.9,1.6,2.8,9.75,584.15
44228.33,-7.64,-8.76,1.55,2.76,9.8,584.87
44228.38,-5.91,-6.67,1.27,2.78,9.93,585.17
44228.42,0.06,-2.02,1.27,2.78,9.8,585.52
44228.46,0.77,-0.54,0.86,2.59,3.97,585.65
44228.5,1.46,0.03,0.44,1.92,1.81,585.34
44228.54,6.4,0.41,0.26,1.16,3.4,584.74
44228.58,6.95,0.28,0.61,0.13,6.5,584.02
44228.62,7.2,0.76,1.15,0.02,8.15,583.46
44228.67,7.64,1.72,1.4,0.05,8.42,583.32
44228.71,7.14,2.09,1.36,0.3,8.53,583.34
44228.75,1.69,-0.42,1.48,0.57,5.8,583.06
44228.79,2.67,0.69,1.7,0.66,2.55,583.49
44228.83,2.08,0.24,1.75,0.78,3.51,584.16
44228.88,1.67,0.06,1.63,0.82,9.4,584.73
44228.92,1.79,0,1.41,0.83,9.13,585.23
44228.96,-0.03,-0.43,1.23,0.98,9.57,585.59
44229,-0.05,-0.81,1.05,1.2,9.66,585.83
44229.04,-0.51,-1.02,0.93,1.33,9.64,585.72
44229.08,-0.27,-0.94,0.86,1.31,9.64,585.55
44229.12,-0.24,-1.01,0.83,1.42,9.46,585.2
44229.17,-0.9,-1.33,0.71,1.63,9.7,585.42
44229.21,-1.11,-1.81,0.68,1.93,9.94,585.18
44229.25,-1.28,-1.92,0.7,2.73,9.82,585.18
44229.29,-1.24,-2.09,0.85,2.98,10,585.39
44229.33,-1.88,-2.93,0.83,2.92,9.99,585.62
44229.38,-1.81,-2.98,0.81,2.9,9.91,586.06
44229.42,2.25,-0.51,0.63,3.07,8.01,586.26
44229.46,2.3,-0.14,0.22,0.66,5.3,586.65
44229.5,2.77,0.28,0.18,2.79,5.12,586.36
44229.54,6.12,1.57,0.57,2.66,4.28,585.74
44229.58,5.75,1.87,0.68,2.79,6.03,584.98
44229.62,5.31,1.85,1.29,0.22,7.22,584.28
44229.67,4.62,2.43,1.63,0.42,7.58,584.22
44229.71,4.24,2.59,1.57,0.44,8.49,584.27
44229.75,1.1,0.61,1.1,0.46,7.19,584.37
44229.79,1.29,0.59,1.62,0.57,9.92,584.61
44229.83,2.45,1.31,1.42,0.8,9.95,585.41
44229.88,2.49,1.16,1.34,0.81,9.99,585.71
44229.92,2.39,1.11,0.92,0.88,9.83,586.04
44229.96,0.25,0.06,0.65,1.05,9.95,586.25
44230,0.24,-0.23,0.35,2.11,9.96,586.23
44230.04,-0.3,-0.81,0.5,3.06,9.94,585.88
44230.08,-0.41,-1.11,0.83,3.03,9.94,585.48
44230.12,-0.61,-1.48,1.02,3.02,9.94,585.24
44230.17,-2.19,-2.65,1.25,2.96,9.82,584.81
44230.21,-1.57,-2.5,1.37,2.9,9.37,584.67
44230.25,-2.32,-2.88,1.67,2.92,7.04,584.43
44230.29,-2.63,-3.36,1.86,2.88,6.33,584.43
44230.33,-4.48,-5.17,1.88,2.81,6.81,584.95
44230.38,-3.66,-4.26,1.51,2.77,6.78,585.47
44230.42,3.28,0.92,1.23,2.6,1.82,585.83
44230.46,4.6,0.75,0.52,2.13,0.57,586.12
44230.5,6.05,-0.12,0.25,0.88,3.22,585.87
44230.54,9.48,0.51,0.85,0,3.73,585.21
44230.58,8.13,2.37,1.32,0.08,3.54,584.64
44230.62,8.88,2.66,1.63,0.25,4.71,584.04
44230.67,8.35,3.48,1.88,0.38,5.4,584.15
44230.71,7.52,4.03,1.76,0.39,5.64,584.05
44230.75,2.8,1.85,1.45,0.4,5.52,584.26
44230.79,2.63,2.16,1.72,0.46,9.97,584.44
44230.83,2.72,2,1.55,0.52,9.95,585.06
44230.88,2.74,1.83,1.49,0.55,10,585.55
44230.92,2.53,1.91,1.26,0.65,10,585.85
44230.96,1.08,0.89,1.21,0.67,10,586
44231,0.49,-0.01,1.01,0.84,10,585.86
44231.04,0,-0.37,0.82,0.9,10,585.7
44231.08,0.09,-0.48,0.65,1.07,10,585.2
44231.12,0.11,-0.66,0.45,1.16,9.88,585
44231.17,-0.62,-1.08,0.29,1.18,10,584.7
44231.21,0.08,-0.57,0.3,2.45,10,584.41
44231.25,-0.42,-0.77,0.71,0.11,10,584.46
44231.29,-0.43,-0.87,0.78,2.85,10,584.02
44231.33,-0.31,-0.7,0.5,2.76,10,584.55
44231.38,-0.57,-1.44,0.55,2.52,9.77,584.9
44231.42,2.66,0.65,0.43,2.79,7.12,584.94
44231.46,3.24,0.55,0.33,1.02,4.78,584.98
44231.5,3.61,1.25,0.54,2.16,4.36,584.6
44231.54,6.29,1.87,0.73,2.54,4,583.88
44231.58,8.08,1.97,1.01,2.82,4,583.12
44231.62,8.87,1.89,1.18,2.94,4.06,582.61
44231.67,8.54,2.4,1.44,0.09,4,582.43
44231.71,7.43,3.03,1.59,0.33,4.06,582.63
44231.75,3.25,1.27,1.24,0.21,4.25,582.76
44231.79,2.8,1.51,1.65,0.36,6.13,583.3
44231.83,2.77,1.39,1.94,0.44,10,584.08
44231.88,3.03,1.96,1.72,0.5,10,584.7
44231.92,2.24,1,1.63,0.58,10,585.2
44231.96,0.86,0.21,1.22,0.64,9.96,585.46
44232,0,-0.61,1.17,0.7,9.9,585.61
44232.04,-0.17,-0.47,0.87,0.68,10,585.65
44232.08,-0.24,-0.56,1.15,0.87,9.81,585.54
44232.12,-0.39,-0.81,0.87,0.82,9.44,585.52
44232.17,-1.21,-1.21,0.59,0.79,9.83,585.39
44232.21,-0.53,-0.63,0.58,0.79,9.84,585.31
44232.25,-1.04,-1.48,0.27,1.51,10,585.23
44232.29,-0.7,-1.11,0.51,1.13,9.85,585.52
44232.33,-1.27,-1.76,0.65,1.16,9.94,586.4
44232.38,-0.29,-1.31,0.37,1.49,10,586.91
44232.42,2.32,-0.78,0.42,0.6,8.91,587.18
44232.46,2.75,-0.64,0.61,3.07,9.99,587.46
44232.5,2.22,-0.78,0.71,2.57,7.88,587.23
44232.54,5.87,0.1,0.85,2.58,7.2,586.6
44232.58,6.07,0.25,1,2.65,7.86,585.56
44232.62,6.4,0.45,1.08,2.58,8.5,584.9
44232.67,7.94,0.89,1.34,2.84,7.82,584.17
44232.71,7.82,0.86,1.72,0.11,5.75,584.25
44232.75,2.73,-1.11,1.53,0.22,1.56,583.77
44232.79,2.74,-0.72,1.5,0.39,0.65,584.03
44232.83,3.55,-0.13,1.42,0.67,0.78,584.37
44232.88,3.54,0.17,1.29,0.7,1.77,584.75
44232.92,3.1,0.55,1.15,0.72,2.18,584.96
44232.96,0.72,-0.3,0.86,0.81,5.75,584.97
44233,0.43,-0.46,0.56,1.79,7.83,584.73
44233.04,0.28,-0.45,0.47,2.11,7.86,584.55
44233.08,0.43,-0.22,0.47,2.27,7.76,584.21
44233.12,0.56,-0.28,0.55,2.52,7.9,583.88
44233.17,-0.78,-1.33,0.8,2.63,8.27,583.47
44233.21,-0.4,-1.2,0.99,2.78,7.89,583.14
44233.25,-1.6,-2.06,1.33,3.05,9.92,583.13
44233.29,-2,-2.43,1.24,2.93,9.57,583.02
44233.33,-1.74,-2.17,1.49,2.91,9.38,583.28
44233.38,-1.73,-2.15,1.34,2.87,9.01,583.63
44233.42,3.51,1.07,1.06,3.08,3.39,583.61
44233.46,4.44,0.7,0.83,0.57,2.07,583.86
44233.5,5.59,1.04,0.99,1.14,1.33,583.28
44233.54,11.42,1.68,1.12,1.31,0.5,582.59
44233.58,11.78,2.03,1.3,1.5,0.39,581.62
44233.62,12.65,2.27,1.26,1.5,0.34,580.9
44233.67,13.96,-0.12,1.13,1.8,0.76,580.67
44233.71,13.14,-0.12,1.08,2.51,0.57,580.81
44233.75,9.03,1.58,1.27,2.93,0,580.78
44233.79,8.19,-0.22,1.23,0.14,0,581.22
44233.83,7.26,0.19,1.36,0.68,1.6,582.16
44233.88,6.51,0.47,1.3,0.79,3.89,582.93
44233.92,4.45,-0.28,1.19,0.68,4.64,583.29
44233.96,1.97,-0.17,1.13,0.54,5.24,583.49
44234,1.81,0,1.04,0.58,6.16,583.74
44234.04,1.43,0.19,0.77,0.74,6.34,583.49
44234.08,1.54,0.46,0.53,0.86,6.81,583.59
44234.12,1.56,0.6,0.42,1.12,6.77,583.4
44234.17,-0.21,-0.21,0.46,1.25,8.52,583.48
44234.21,-0.04,-0.24,0.46,1.27,9.96,583.39
44234.25,-0.89,-0.9,0.62,1.61,10,583.36
44234.29,-0.67,-0.72,0.6,1.69,10,583.71
44234.33,-0.66,-0.83,0.56,1.41,9.88,584.27
44234.38,-0.76,-0.79,0.73,1.02,6.88,584.92
44234.42,3.14,1.15,0.73,0.49,5.74,585.36
44234.46,3.34,0.81,0.92,0.09,4.6,585.66
44234.5,3.46,1.24,1.05,3.12,5.13,585.3
44234.54,7.35,2.4,1.05,3.02,8.56,584.85
44234.58,7.86,2.29,1.21,3.1,9.4,584.14
44234.62,7.92,2.4,1.6,0.06,9.93,583.8
44234.67,6.9,2.65,1.76,0.31,9.82,583.97
44234.71,6.64,3.14,2,0.35,9.95,584.29
44234.75,2.74,0.9,1.7,0.43,9.63,584.35
44234.79,3.03,1.25,1,0.52,9.48,585.12
44234.83,2.97,1.02,1.06,0.96,8.25,585.6
44234.88,3.36,1.05,1.58,1.06,8.59,586.31
44234.92,3.56,0.83,1.12,0.84,9.66,586.72
44234.96,2.18,0.79,1.35,0.94,9.53,587.24
44235,2.14,0.73,1,1.19,9.8,587.42
44235.04,2.45,0.61,0.86,1.24,9.82,587.54
44235.08,2.37,0.36,0.56,1.44,9.78,587.51
44235.12,2.57,0.41,0.59,1.46,9.08,587.36
44235.17,1.88,-0.19,0.7,1.9,8.89,587.21
44235.21,1.79,-0.19,0.79,2.42,9.05,587.04
44235.25,0.35,-1.52,0.95,2.8,8.48,586.7
44235.29,0.53,-1.46,1.11,2.83,9.14,587
44235.33,0.74,-1.68,1.32,2.93,10,587.54
44235.38,1.16,-1.05,1.21,2.75,10,587.73
44235.42,4.17,0.06,0.83,2.62,10,587.83
44235.46,4.72,-0.84,0.42,0.09,10,588.33
44235.5,5.29,-0.84,1.04,0.17,10,588.29
44235.54,7.12,-0.93,1.18,0.28,9.82,587.76
44235.58,7.24,-1.28,1.49,0.15,10,587.38
44235.62,7.21,-1.24,1.56,0.23,10,586.85
44235.67,7.03,-0.91,1.5,0.23,10,586.73
44235.71,6.86,-1.3,1.26,0.25,10,586.55
44235.75,4.52,-1.72,1.24,0.18,10,586.37
44235.79,4.59,-1.1,1.34,0.17,9.82,586.79
44235.83,4.76,-1.16,0.65,1.09,9.9,587.28
44235.88,4.53,-0.92,0.47,2.32,10,587.54
44235.92,3.99,-0.79,0.32,2.74,10,587.26
44235.96,1.76,-1.21,0.65,2.71,10,587.49
44236,1.38,-1.46,0.72,2.76,10,587.31
44236.04,1.23,-1.33,0.68,2.71,9.94,586.83
44236.08,1.01,-1.6,0.79,2.64,9.66,586.73
44236.12,0.91,-1.72,0.61,2.7,9.45,586.11
44236.17,0.13,-2.28,0.5,2.8,10,586.22
44236.21,0.25,-2.32,0.79,2.71,10,585.74
44236.25,0.4,-2.38,0.98,2.82,10,585.14
44236.29,0.6,-2.36,0.93,2.84,10,585.27
44236.33,0.61,-2.45,0.65,2.64,10,585.69
44236.38,0.85,-2.08,0.79,2.63,9.92,586.06
44236.42,4.47,-1.21,0.54,1.62,8.03,585.97
44236.46,4.85,-0.68,0.89,3.09,2.77,586.19
44236.5,5.24,0.01,1,2.9,5.07,586.1
44236.54,8.16,0.21,1.06,0.26,6.1,585.15
44236.58,8.36,0.07,1.34,0.33,8.65,584.29
44236.62,8.16,0.33,1.61,0.07,9.71,583.67
44236.67,7.79,0.96,1.69,0.01,9.96,583.34
44236.71,7.47,1.15,1.54,0.04,10,583.32
44236.75,5.81,1.11,1.38,0.16,10,583.51
44236.79,4.75,1.69,1.44,0.11,10,583.42
44236.83,4.61,1.66,1.09,0.29,10,583.99
44236.88,4.73,1.67,0.98,1.14,9.57,584.25
44236.92,4.26,1.84,0.97,1.63,7.52,584.85
44236.96,2.21,1.23,0.87,1.93,4.94,584.83
44237,1.87,1,0.91,2.13,4.41,584.94
44237.04,0.99,0.26,0.87,2.42,8.72,584.89
44237.08,1.19,0.53,1.07,2.57,9.7,584.65
44237.12,1.56,0.83,0.87,2.61,10,584.5
44237.17,0.33,-0.16,0.96,2.5,9.25,584.19
44237.21,0.29,-0.3,1.15,2.59,10,584.11
44237.25,-0.53,-1.06,1.15,2.72,10,584.38
44237.29,-0.58,-1.3,1.18,2.7,9.88,584.19
44237.33,-0.69,-1.42,1.27,2.73,9.76,584.43
44237.38,-0.8,-1.4,1.09,2.69,9.52,584.78
44237.42,3.81,1.12,0.61,2.89,3.81,585.05
44237.46,4.61,1.66,0.33,1.79,2.92,585.03
44237.5,4.63,1.68,1.07,2.33,1.88,584.94
44237.54,9.35,2.49,1.34,2.42,0.28,584.15
44237.58,10.14,2.45,1.48,2.45,0.46,583.37
44237.62,10.37,2.69,1.58,2.54,0.52,582.62
44237.67,11.97,1.99,1.84,2.69,1.45,582.18
44237.71,11.56,1.98,1.54,2.53,7.5,582.01
44237.75,7.55,1.23,1.48,2.8,8.77,581.95
44237.79,7.42,1.55,1.67,3.06,9,581.6
44237.83,7.82,1.61,1.47,0.18,7.72,582.24
44237.88,7.62,1.59,1.38,0.44,7.27,582.92
44237.92,6.38,1.85,1.26,0.61,5.71,583.41
44237.96,3.72,1.54,1.01,0.78,2.65,583.39
44238,3.7,1.81,0.84,1.28,2.32,583.47
44238.04,3.43,2,0.76,1.48,2.89,583.36
44238.08,3.43,2.05,0.83,1.68,3.33,583.36
44238.12,3.24,1.94,0.85,1.79,8.81,583.05
44238.17,2.52,1.93,0.79,2.01,8.78,582.72
44238.21,2.51,1.89,0.58,2.25,9.94,582.6
44238.25,2.64,2.06,0.3,2.52,10,582.45
44238.29,2.57,1.92,0.32,2.86,10,582.61
44238.33,2.99,2.3,0.32,1.64,10,583.12
44238.38,2.54,1.84,0.77,1.25,6.88,583.84
44238.42,6,3.06,1.22,0.73,8.56,584.29
44238.46,5.24,2.66,1.43,0.58,9.4,584.64
44238.5,4.63,2.38,1.67,0.46,10,584.88
44238.54,6.18,2.82,1.97,0.4,10,584.37
44238.58,5.53,3.13,1.98,0.38,10,583.73
44238.62,4.53,3.41,1.96,0.36,10,583.26
44238.67,3.83,3.06,1.85,0.36,10,582.77
44238.71,4.6,3.71,1.69,0.39,10,583.01
44238.75,2.31,2.25,1.01,0.44,9.88,583.67
44238.79,2.89,2.58,0.85,0.36,10,583.69
44238.83,3.39,2.68,0.8,0.52,9.97,584.1
44238.88,3.9,2.67,0.54,1.01,9.67,584.22
44238.92,4.03,2.85,0.45,1.5,9.88,584.67
44238.96,2.41,2.11,0.24,1.77,9.27,584.63
44239,2.47,1.91,0.28,2.26,8.71,584.75
44239.04,2.47,1.9,0.57,3.11,8.23,584.65
44239.08,2.29,1.55,0.82,0.02,8.23,584.48
44239.12,2.22,1.33,1.05,3.09,8.03,584.2
44239.17,1.85,1.26,1.04,3.12,6.72,583.94
44239.21,1.19,0.41,1.22,3.02,5.97,583.7
44239.25,0.24,-0.3,1.68,3.03,7.44,583.63
44239.29,0.07,-0.67,1.8,2.99,6.46,583.65
44239.33,-0.94,-1.76,1.9,2.93,7.03,584
44239.38,-0.38,-0.75,1.45,2.95,6.65,584.37
44239.42,4.5,2.19,1.31,3.03,6.38,584.44
44239.46,5.06,3.3,0.93,0.1,6,584.63
44239.5,5.63,2.46,0.72,0.46,2.24,584.41
44239.54,9.44,2.95,0.91,0.65,2.91,583.83
44239.58,11.13,2.39,0.96,0.71,5.02,583
44239.62,11.1,2.04,0.71,0.9,7.7,582.3
44239.67,12.53,1.78,0.68,1.64,7.45,581.94
44239.71,12.23,1.92,0.98,2.56,6.13,581.77
44239.75,8.81,1.19,1.32,3.09,5.08,581.92
44239.79,8.75,1.91,1.74,0.1,2.43,581.98
44239.83,8.57,2.24,1.57,0.46,2.33,582.33
44239.88,8.04,2.78,1.5,0.7,2.8,582.75
44239.92,7.67,4.11,1.44,0.8,4.78,583.08
44239.96,5.1,3.79,1.35,0.88,5.02,583.46
44240,4.75,3.82,1.22,0.9,10,583.51
44240.04,4.39,3.74,0.97,0.98,10,583.52
44240.08,4.23,3.73,0.93,0.85,10,583.48
44240.12,4.25,3.81,0.82,0.96,10,583.23
44240.17,3.97,3.66,0.93,1.02,10,583.08
44240.21,3.47,3.11,0.86,1.14,10,582.81
44240.25,4.07,3.8,0.61,1.37,10,582.85
44240.29,3.98,3.86,0.67,1.3,10,582.92
44240.33,3.38,3.03,0.87,1.36,10,583.67
44240.38,3.26,2.69,1.1,1.27,10,584.44
44240.42,5.35,3.9,1.33,1,10,584.73
44240.46,4.94,3.8,1.36,0.77,10,585.23
44240.5,4.28,3.53,1.39,0.58,10,585.12
44240.54,5.74,3.49,1.53,0.48,10,584.89
44240.58,5.46,3.42,1.68,0.44,10,584.46
44240.62,5.04,3.22,1.71,0.44,10,584.26
44240.67,5.49,3.45,1.73,0.41,10,584.19
44240.71,5.32,3.62,1.51,0.46,10,584.33
44240.75,2.43,2.42,1.26,0.41,10,584.76
44240.79,3.58,3.29,0.67,0.53,9.96,585.01
44240.83,4.33,3.48,0.59,0.84,9.47,585.53
44240.88,4.28,3.07,0.32,1.81,10,585.87
44240.92,4.12,2.91,0.56,3.05,9.73,586.05
44240.96,3,2.29,1.03,3.03,9.65,585.96
44241,3.43,2.34,1.19,3.07,9.22,586.09
44241.04,3.15,2.06,1.21,0.07,9.1,585.75
44241.08,3.34,2.04,1.27,0.08,8.21,585.5
44241.12,2.5,1.02,1.26,0.09,8.41,585.08
44241.17,0.86,-0.01,1.27,0,9.86,584.7
44241.21,0.95,-0.03,1.21,3.1,9.7,584.29
44241.25,0.24,-0.25,1.29,0.03,9.77,584.1
44241.29,0.21,-0.49,1.26,3.1,7.65,583.84
44241.33,0.47,-0.33,1.22,3.08,7.88,584.08
44241.38,0.66,0.11,1.78,3.06,7.33,584.19
44241.42,4.63,2.94,1.5,0.08,6.35,584.49
44241.46,5.17,3.54,1.21,0.41,6.23,584.4
44241.5,6.78,4.08,1.28,0.72,0.6,584.06
44241.54,11.22,3.67,1.65,0.86,2.8,583.33
44241.58,12.5,3.5,2,0.84,7.77,582.31
44241.62,13.13,3.44,1.69,0.93,9.24,581.47
44241.67,14.35,2.83,1.82,0.96,9.83,580.92
44241.71,14.55,2.58,1.29,1.61,5.84,580.65
44241.75,11.67,3.6,1,2.12,5.47,580.54
44241.79,10.7,2.82,1.24,2.94,3.1,580.3
44241.83,10.02,3.42,1.3,0.56,2.18,581.13
44241.88,9.41,3.66,1.43,0.73,3.05,581.6
44241.92,8.99,4.72,1.6,0.78,4.24,581.93
44241.96,5.85,4.19,1.51,0.69,5.92,582
44242,5.37,4.5,1.43,0.74,6.58,582.14
44242.04,4.81,4.5,1.52,0.76,10,582.14
44242.08,5.23,4.64,1.68,0.66,10,582.22
44242.12,5.56,5.03,1.7,0.64,10,582.14
44242.17,4.69,4.63,1.29,0.61,10,582.26
44242.21,4.43,3.98,1.43,0.63,10,582.17
44242.25,3.79,3.55,1.27,0.39,10,582.45
44242.29,3.56,3.17,1.41,0.54,10,582.62
44242.33,3.56,3.22,1.35,0.59,10,583.22
44242.38,3.25,2.79,1.45,0.58,10,583.5
44242.42,5.23,3.94,1.64,0.54,10,584
44242.46,5.13,4.04,1.51,0.5,10,584.33
44242.5,4.61,3.94,1.67,0.52,9.46,584.03
44242.54,5.54,2.99,1.63,0.53,9.81,583.52
44242.58,5.19,2.79,1.81,0.49,9.94,582.83
44242.62,4.22,2.69,1.85,0.52,10,582.37
44242.67,3.89,2.46,1.84,0.47,10,581.92
44242.71,3.78,2.03,1.76,0.41,10,582.17
44242.75,1.25,1.24,1.65,0.45,8.86,582.42
44242.79,1.76,1.64,1.56,0.44,9.94,582.42
44242.83,2.53,1.98,1.31,0.51,10,582.97
44242.88,2.98,2.06,1.72,0.61,10,583.07
44242.92,2.93,2.03,1.54,0.64,9.64,583.58
44242.96,1.61,0.8,1.37,0.5,10,583.8
44243,1.74,0.94,1.26,0.53,10,584.19
44243.04,1.38,0.52,1.05,0.65,9.94,584.1
44243.08,1.74,0.47,1.08,0.82,10,584.16
44243.12,1.63,0.49,1.01,0.84,9.76,584.21
44243.17,1.04,0.2,1.02,0.83,9.76,584.13
44243.21,1.15,0.15,0.9,0.98,9.82,584.3
44243.25,0.51,0.28,1.2,0.83,10,584.64
44243.29,0.51,0.13,1.24,0.89,9.94,584.91
44243.33,0.53,0.03,1.17,0.94,9.93,585.53
44243.38,0.35,-0.39,1.39,0.99,9.86,586.12
44243.42,2.65,-0.95,1.33,0.97,9.79,586.63
44243.46,2.51,-0.7,1.26,0.84,9.42,586.89
44243.5,2.49,-0.78,1.28,0.72,9.86,586.92
44243.54,5.17,-0.34,1.35,0.6,9.78,586.28
44243.58,5.38,-0.14,1.46,0.53,9.94,585.8
44243.62,5.57,-0.07,1.5,0.43,10,585.29
44243.67,6.14,0.01,1.53,0.3,9.98,585.03
44243.71,5.94,0.17,1.58,0.22,9.94,585.1
44243.75,2.99,-0.23,1.63,0.15,8.59,585.42
44243.79,3.71,0.5,0.97,0.25,9.08,585.64
44243.83,3.85,1.16,0.88,0.24,9.09,586.15
44243.88,4.14,1.4,1.14,0.42,8.71,586.57
44243.92,4.24,1.73,1.12,0.54,8.1,587.05
44243.96,2.93,1.46,1.18,0.49,8.34,587.06
44244,2.83,1.41,1.1,0.6,8.88,587.53
44244.04,2.39,1.25,1.02,0.79,9.73,587.37
44244.08,2.54,1.2,1.08,0.88,9.83,587.18
44244.12,2.36,0.87,1.05,0.97,9.85,587.1
44244.17,1.74,0.84,1.11,0.77,9.95,587.03
44244.21,1.52,0.43,1.12,0.66,9.58,586.86
44244.25,1.24,0.49,1.26,0.39,9.25,586.81
44244.29,1.28,0.55,0.99,0.53,9.47,587.12
44244.33,1.38,0.62,1.19,0.32,9.58,587.45
44244.38,0.7,0.32,1.14,0.34,9.39,587.64
44244.42,2.84,0.52,1.19,0.36,8.69,588.02
44244.46,2.07,-0.33,1.27,0.38,9.59,588.15
44244.5,1.7,-0.56,1.28,0.31,9.25,587.99
44244.54,3.43,-0.81,1.27,0.36,9.91,587.39
44244.58,3.21,-1.05,1.3,0.37,10,586.65
44244.62,2.69,-0.93,1.35,0.42,9.88,586.2
44244.67,2.91,-0.76,1.43,0.35,9.92,585.83
44244.71,2.82,-0.56,1.39,0.39,10,585.81
44244.75,1.54,-0.11,0.92,0.68,9.84,586.24
44244.79,1.89,0.51,1.03,0.62,9.88,586
44244.83,2.4,0.42,0.94,0.71,9.4,586.6
44244.88,2.39,0.35,1.36,0.79,7.91,586.95
44244.92,2.04,0.55,1.37,0.75,8.32,587.61
44244.96,0.91,0.12,1.33,0.66,8.32,587.93
44245,1.23,0.24,1.04,0.71,10,588.26
44245.04,0.92,0.3,0.95,1.07,10,588.18
44245.08,1.33,0.56,0.93,0.94,7.78,588.01
44245.12,1.32,0.49,0.9,1.15,9.88,588.03
44245.17,0.9,0.2,0.9,1.22,10,587.83
44245.21,0.85,0.07,0.97,1.18,9.76,587.79
44245.25,0.12,-0.7,0.85,1.6,9.76,588.22
44245.29,0.19,-0.6,0.51,1.78,9.58,588.2
44245.33,0.04,-0.72,0.53,1.82,9.76,588.73
44245.38,-0.18,-0.88,0.53,1.56,9.7,589.1
44245.42,1.85,0.36,0.47,1.63,9.76,589.48
44245.46,1.79,0.26,0.27,1.54,9.5,589.63
44245.5,1.53,-0.07,0.4,3.01,9.48,589.57
44245.54,4.15,0.4,0.41,2.55,9.46,588.92
44245.58,4.02,0.39,0.44,2.65,9.52,588.11
44245.62,3.86,0.7,0.73,3.12,8.62,587.54
44245.67,4.12,0.96,1.03,3.13,7.3,587.09
44245.71,3.82,0.99,1.15,0.08,7.54,587.07
44245.75,2.55,0.75,0.94,0.04,9.9,587.53
44245.79,3.1,1.22,0.78,0.14,9.12,587.18
44245.83,3.36,1.36,0.86,0.28,8.84,587.47
44245.88,3.44,1.43,1.05,0.63,8.08,587.99
44245.92,3.49,1.61,1.07,0.9,8.68,588.32
44245.96,2.07,1.59,1.02,0.89,8.62,588.3
44246,2.18,1.53,0.78,1.14,9.04,588.47
44246.04,2.03,1.52,0.75,1.29,10,588.26
44246.08,1.99,1.39,0.87,1.5,10,588.16
44246.12,1.96,1.17,0.91,1.57,9.88,587.79
44246.17,1.65,1.05,0.84,1.65,9.52,587.68
44246.21,1.9,1.01,0.73,1.77,9.7,587.44
44246.25,1.06,0.42,0.63,1.84,9.88,587.71
44246.29,1.28,0.6,0.54,1.69,8.86,587.46
44246.33,1.34,0.33,0.36,2.44,8.8,588.28
44246.38,1.01,0.09,0.27,2.97,7.89,588.44
44246.42,4.42,1.17,0.29,0.2,7.77,588.79
44246.46,3.94,1.39,0.19,0.89,7.48,588.8
44246.5,3.86,1.47,0.22,2,6.58,588.68
44246.54,7.17,2.31,0.41,2.72,7.06,588.11
44246.58,7.01,2.26,0.46,0.01,7.06,587.35
44246.62,7.16,2.28,0.77,0.05,7.36,586.68
44246.67,7.3,2.42,1.02,0.22,8.38,586.3
44246.71,7.05,2.72,1.06,0.11,7.54,586.03
44246.75,4.07,1.63,1.48,0.28,6.61,585.95
44246.79,5.37,2.15,1.64,0.35,6.46,586.3
44246.83,5.9,2.33,1.43,0.6,3.99,586.72
44246.88,6,2.44,1.33,0.67,3.95,587.06
44246.92,5.56,2.58,1.08,0.93,3.91,587.18
44246.96,3.76,2.44,0.89,1.22,5.72,587.19
44247,3.9,2.28,0.78,1.74,6.17,587.21
44247.04,3.68,1.96,0.3,2.38,8.53,586.89
44247.08,3.45,1.71,0.58,2.84,7.9,586.54
44247.12,3.2,1.37,0.95,2.8,7.52,586.04
44247.17,1.64,0.46,1.07,2.81,7.8,585.74
44247.21,0.07,-0.91,1.13,2.71,7.52,585.45
44247.25,0.31,-0.17,1.32,2.8,7.7,585.55
44247.29,-0.19,-0.78,1.14,2.81,7.86,585.37
44247.33,-0.71,-1.41,0.9,2.82,8.03,585.9
44247.38,0.37,-0.26,1.58,2.83,9.06,585.74
44247.42,5.71,3.24,1.28,2.97,9.72,586.18
44247.46,6.48,4.08,0.88,0.12,9.79,586.08
44247.5,6.58,3.56,0.78,0.44,9.88,585.86
44247.54,11.41,3.92,0.93,0.57,9.78,584.86
44247.58,12.19,3.61,0.96,0.41,9.7,584.11
44247.62,12.06,3.51,0.45,0.52,9.76,583.34
44247.67,12.61,3.4,0.1,2.17,9.57,582.87
44247.71,12.66,3.55,0.67,0.22,8.25,582.91
44247.75,9.56,2.01,1.15,2.79,3.92,582.84
44247.79,10.36,3.04,1.38,2.93,8.87,582.94
44247.83,9.68,3.07,0.47,2.23,8.66,583.41
44247.88,9.15,3.05,0.56,2.39,8.13,584.05
44247.92,7.94,3.16,0.66,2.33,8.81,584.19
44247.96,4.25,2.29,0.51,2.74,9.5,584.34
44248,4.39,2.33,1.09,2.94,9.8,584.4
44248.04,4.13,2.28,1.37,2.95,8.99,584.01
44248.08,3.66,1.38,1.6,2.93,7.63,583.65
44248.12,3.91,1.15,1.62,2.92,7.37,583.15
44248.17,3.16,0.66,1.67,2.89,3.86,582.92
44248.21,3.12,0.31,1.7,2.86,1.4,582.8
44248.25,0.56,-0.87,1.53,2.75,0.8,583.01
44248.29,0.6,-0.72,1.39,2.78,1.05,583.03
44248.33,0.25,-0.64,1.09,2.74,2.3,583.61
44248.38,1.81,1.42,1.17,2.83,10,584.18
44248.42,9.19,5.81,1.02,2.95,7.21,584.36
44248.46,9.98,5.03,0.64,0.18,5.18,584.61
44248.5,10.67,4.84,0.5,0.44,1.55,584.32
44248.54,15.16,4.38,0.4,1.07,0.93,583.94
44248.58,15.17,4.49,0.39,1.85,0.99,583.37
44248.62,14.99,4.74,0.54,2.65,1.49,582.76
44248.67,14.8,4.69,0.54,0.09,6.06,582.49
44248.71,13.46,4.99,0.98,0.32,7.02,582.68
44248.75,9.19,4.06,0.91,0.18,3.3,582.67
44248.79,10.13,4.92,0.87,2.57,0.39,582.73
44248.83,9.94,5.48,0.56,1.66,0.2,583.25
44248.88,9.75,5.88,0.42,2.97,0,583.59
44248.92,9.06,5.67,0.71,2.91,0,584.11
44248.96,5.42,3.86,0.75,2.87,0,584.05
44249,4.73,3.21,0.67,2.77,0.04,584.35
44249.04,4.21,2.93,0.54,2.76,0.64,584.32
44249.08,4.42,2.94,0.48,2.75,1.06,584.23
44249.12,4.46,2.86,0.57,2.75,1.85,583.92
44249.17,3.21,2.41,0.49,2.8,4,583.77
44249.21,3.34,2.44,0.64,2.85,4,583.78
44249.25,2.58,2.02,0.84,2.77,9.96,583.97
44249.29,2.6,2.13,0.72,2.77,9.78,584.19
44249.33,2.81,2.29,0.7,2.91,10,584.53
44249.38,3.22,3.18,1.03,2.85,10,584.83
44249.42,8.19,6.56,0.87,3.11,9.96,585.15
44249.46,8.52,7.1,0.73,1.13,5.98,585.07
44249.5,8.81,6.05,1.23,1.65,4.54,584.63
44249.54,14.02,7.08,1.27,1.94,4.12,584.03
44249.58,14.37,5.86,1.32,1.77,6.47,583.04
44249.62,14.62,5.61,1.51,1.95,7.19,582.36
44249.67,15.52,5.47,1.56,2.55,3.87,581.87
44249.71,14.82,5.93,1.53,3.12,3.09,581.97
44249.75,11.09,4.79,1.83,0.4,0.64,582.11
44249.79,9.74,6.64,2.14,0.4,2.74,582.82
44249.83,9.8,7.08,2.05,0.36,8.05,583.64
44249.88,10.15,7.74,1.83,0.3,8.1,584.42
44249.92,9.86,7.91,1.5,0.35,9.95,585.08
44249.96,7.87,7.39,1.33,0.42,10,585.14
44250,7.81,7.31,1.08,0.62,9.99,585.07
44250.04,7.47,7.09,0.92,0.91,9.98,585.19
44250.08,7.15,6.62,0.85,1.21,10,585.02
44250.12,7.1,6.36,0.63,1.25,10,584.73
44250.17,5.82,5.63,0.44,2.24,10,584.34
44250.21,5.7,5.05,0.53,2.78,10,584.09
44250.25,6.12,5.69,0.71,3.03,9.99,583.78
44250.29,6.16,5.56,0.91,0.16,10,583.89
44250.33,5.39,4.64,1.05,0.09,9.98,584.1
44250.38,6.14,5.13,1.43,0.27,9.72,584.52
44250.42,9.84,6.5,1.43,0.37,8.66,584.31
44250.46,10.37,6.56,1.18,0.69,2.66,584.38
44250.5,11.47,6.59,1.17,1.12,2.84,584.04
44250.54,15.71,6.31,1.25,1.48,3.97,583.23
44250.58,16.83,4.84,1.28,1.38,6.51,582.54
44250.62,16.99,4.47,1.2,1.69,9.02,581.44
44250.67,18.02,3.71,1.29,2.29,6,580.83
44250.71,17.99,3.45,1.21,2.19,5.22,580.68
44250.75,13.55,3.84,1.2,2.82,5.36,580.27
44250.79,13.47,4.13,1.54,0.05,3.75,580.25
44250.83,13.3,4.48,1.5,0.37,1.63,580.7
44250.88,12.88,5.08,1.36,0.65,0.84,580.99
44250.92,12.17,5.65,1.11,1.01,0.98,581.17
44250.96,9.12,5.44,0.68,1.83,1.81,581.02
44251,9.18,5.69,0.19,2.83,2.62,580.79
44251.04,8.43,5.5,0.74,2.98,2.57,580.42
44251.08,8.2,5.51,1.14,3.06,2.02,579.93
44251.12,8,5.36,1.31,3.03,0.91,579.42
44251.17,7.36,4.47,1.43,3.04,0.5,578.73
44251.21,7.35,4.45,1.61,3.08,0.14,578.49
44251.25,5.82,3.67,1.73,0.05,0.19,578.13
44251.29,5.21,2.31,1.77,3.13,0.17,578.11
44251.33,5.48,2.68,1.61,3.04,0.3,578.51
44251.38,6.72,2.97,1.29,3.03,0.6,578.75
44251.42,12.97,3.89,0.67,0.16,0.94,579.25
44251.46,12.85,2.9,0.92,0.74,1.06,579.09
44251.5,12.75,2.51,1.15,0.76,0.35,579.08
44251.54,16.44,2.33,1.35,0.87,0.66,578.37
44251.58,16.97,2.42,1.43,0.96,0.3,577.64
44251.62,17.24,2.54,1.24,1.18,0.12,577.13
44251.67,18.57,3.21,1.27,1.33,0.13,576.68
44251.71,18.46,3.19,1.19,1.55,0.15,576.74
44251.75,14.82,3.61,0.91,2.58,0.02,576.38
44251.79,14.8,4.18,1.44,3.01,0.07,576.55
44251.83,13.73,4.67,1.52,0.28,0.42,577.25
44251.88,13.14,5.35,1.77,0.5,3,577.7
44251.92,12.65,6.34,1.7,0.68,4.78,578.04
44251.96,10.5,7.49,1.48,0.69,5.74,578.47
44252,10.27,7.92,1.34,0.73,7.24,578.58
44252.04,10.04,8.24,1.23,0.89,10,578.66
44252.08,10.05,8.56,0.89,1,10,578.82
44252.12,10.49,8.72,0.82,1.11,10,578.49
44252.17,9.15,8.47,0.78,1.34,10,578.58
44252.21,8.87,7.95,0.71,1.72,10,578.4
44252.25,8.29,8.22,0.61,1.35,10,578.89
44252.29,8.6,8.34,0.53,1.71,10,578.93
44252.33,8.43,8.19,0.64,1.65,10,579.67
44252.38,8.05,8.02,0.72,1.35,10,580.13
44252.42,9.75,8.72,1.05,0.78,10,580.79
44252.46,9.37,8.6,1.05,0.29,10,580.84
44252.5,8.78,7.61,1.18,0.2,9.96,580.69
44252.54,10.23,8.19,1.43,0.15,10,580.16
44252.58,9.54,8.33,1.58,0.21,10,579.68
44252.62,8.84,8.41,1.67,0.2,10,579.15
44252.67,9.7,9.14,1.86,0.28,10,578.99
44252.71,8.4,8.4,1.83,0.33,10,579.01
44252.75,6.31,6.14,1.91,0.35,10,578.78
44252.79,5.81,5.82,1.92,0.47,10,579.48
44252.83,5.93,5.93,1.76,0.55,10,579.53
44252.88,5.97,5.92,1.85,0.66,10,580.28
44252.92,5.28,5.27,1.82,0.65,10,581.11
44252.96,3.44,3.44,1.62,0.65,10,581.08
44253,3.56,3.56,1.51,0.65,10,581.54
44253.04,3.16,3.16,1.53,0.61,10,581.32
44253.08,3.26,3.26,1.45,0.69,10,581.46
44253.12,3.45,3.36,1.4,0.73,10,581.15
44253.17,2.86,2.82,1.28,0.74,10,581.25
44253.21,3.12,2.78,1.12,0.63,10,581.01
44253.25,2.68,2.32,1.07,0.55,10,581.27
44253.29,2.64,2.27,1,0.43,10,581.42
44253.33,2.79,1.96,0.8,0.65,10,581.62
44253.38,2.73,1.67,0.69,0.71,9.96,582.08
44253.42,5.55,2.61,0.53,0.42,9.88,582.15
44253.46,5.6,3.1,0.75,2.32,10,582.33
44253.5,5.56,3.32,0.89,1.82,10,582.21
44253.54,8.79,4.58,1.18,1.57,10,581.7
44253.58,9.5,4.91,1.32,1.48,9.52,580.94
44253.62,9.55,4.9,1.19,1.79,9.64,580.03
44253.67,10.85,5.46,1.4,2.72,8.18,579.66
44253.71,10.81,5.55,1.58,3.1,5.67,579.72
44253.75,6.7,4.36,1.89,0.02,4.17,579.07
44253.79,6.02,4.45,1.44,0.33,2.47,579.79
44253.83,5.54,4.68,1.45,0.36,4.78,580.69
44253.88,5.35,4.79,1.19,0.44,10,580.9
44253.92,5.04,4.55,1.63,0.4,10,581.53
44253.96,3.03,3.03,1.55,0.42,10,581.99
44254,2.99,2.99,1.11,0.25,10,582.16
44254.04,2.84,2.84,1.09,0.1,10,581.83
44254.08,2.96,2.96,1.02,2.98,10,581.57
44254.12,3.03,2.89,1.07,2.98,10,581.1
44254.17,2.42,2.42,1.08,3.04,10,580.93
44254.21,2.56,2.29,0.93,2.88,10,580.47
44254.25,2.2,1.99,0.74,2.55,10,580.24
44254.29,2.05,1.7,0.88,2.66,10,580.26
44254.33,1.96,1.76,0.94,2.73,10,580.39
44254.38,1.84,1.71,0.93,2.47,10,580.52
44254.42,4.27,3.18,0.89,2.34,10,580.57
44254.46,3.84,3.3,1.24,2.03,10,580.48
44254.5,3.86,3.6,1.37,1.88,10,580.25
44254.54,6.11,4.75,1.76,1.75,10,579.61
44254.58,6.44,5.03,2,1.74,10,578.74
44254.62,7.41,5.44,1.99,1.7,10,578.03
44254.67,7.91,5.29,1.72,1.93,9.58,577.36
44254.71,8.37,5.54,1.26,2.58,9.16,577.18
44254.75,7.65,5.67,0.88,2.18,7.42,576.8
44254.79,6.91,6.03,0.95,2.17,4.06,576.89
44254.83,6.16,5.82,1.11,2.82,4.06,577.44
44254.88,5.94,5.75,0.99,2.95,4.24,577.79
44254.92,5.08,5.02,0.97,0.01,4.36,578.13
44254.96,3.95,3.89,1.29,0.31,10,578.63
44255,3.96,3.45,1.41,0.38,10,579.22
44255.04,4.01,3.38,1.09,0.29,10,579.31
44255.08,3.91,2.96,1.34,0.08,10,579.27
44255.12,3.58,2.46,1.28,0.15,10,579.24
44255.17,2.57,1.46,1.17,0.12,10,579.01
44255.21,2.3,1.21,1.11,0.27,10,578.87
44255.25,1.22,0.67,0.75,0.34,10,578.59
44255.29,1.25,0.54,0.96,0.16,10,578.68
44255.33,1.24,0.06,0.73,0.05,9.88,578.98
44255.38,1.48,0.03,0.72,2.73,10,579.38
44255.42,4.17,1.38,0.84,2.35,9.88,579.23
44255.46,4.19,1.87,1.13,2.23,10,579.47
44255.5,4.32,2.24,1.36,1.9,10,578.64
44255.54,6.74,3.47,1.45,2.06,9.82,578.55
44255.58,6.77,3.43,1.31,1.94,10,577.85
44255.62,7.23,3.61,1.44,2.44,9.77,577.42
44255.67,7.65,4.01,1.46,3.08,8.29,576.89
44255.71,6.69,3.55,1.59,0.13,7.94,577.32
44255.75,4.19,3.06,1.4,3.08,7.48,577.86
44255.79,3.76,3.39,1.78,0.3,10,578.4
44255.83,3.73,3.28,1.95,0.33,10,579.18
44255.88,3.26,2.79,2.13,0.41,10,580.21
44255.92,2.19,1.98,2.16,0.57,10,581.39
44255.96,0,0,2.01,0.61,9.94,582.17
44256,-0.02,-0.24,1.71,0.62,10,582.98
44256.04,-0.18,-0.32,1.68,0.64,10,583.22
44256.08,0.05,-0.26,1.6,0.65,10,583.77
44256.12,0.25,-0.26,1.62,0.66,10,583.99
44256.17,-0.46,-1.11,1.66,0.61,10,584.42
44256.21,-0.34,-1.11,1.87,0.67,9.94,584.6
44256.25,-0.53,-1.21,1.82,0.59,9.82,585.47
44256.29,-0.61,-1.57,1.65,0.63,10,586.68
44256.33,-0.59,-1.4,1.61,0.72,9.82,586.73
44256.38,-1.21,-2.15,1.42,0.85,9.64,587.4
44256.42,-0.19,-3.05,1.79,0.99,9.83,588.28
44256.46,-0.17,-3.05,1.94,0.87,9.67,588.59
44256.5,-0.04,-3.25,1.96,0.79,9.74,588.69
44256.54,1.04,-3.72,1.78,0.71,9.51,588.25
44256.58,0.97,-3.78,1.5,0.6,9.39,588.1
44256.62,1.21,-4.09,1.18,0.5,9.66,587.42
44256.67,1.09,-4.54,1.24,0.45,9.64,587.35
44256.71,0.81,-4.4,1.23,0.44,9.67,587
44256.75,0.06,-4.97,1.14,0.29,9.62,587.09
44256.79,0.22,-3.91,1.1,0.35,9.58,586.91
44256.83,0.63,-4.37,1.17,0.38,8.32,587.88
44256.88,0.85,-4.77,1.14,0.56,9.74,587.88
44256.92,0.98,-4.67,1.15,0.72,9.3,588.24
44256.96,0.07,-4.72,1.06,0.89,9.15,588.36
44257,0.02,-4.88,0.98,0.98,9.61,588.18
44257.04,-0.29,-4.62,0.92,0.97,9.59,587.96
44257.08,-0.03,-4.55,0.79,0.82,9.5,587.69
44257.12,-0.13,-4.43,0.71,0.58,8.92,587.03
44257.17,-0.62,-4.32,0.56,0.26,9.12,586.56
44257.21,-0.73,-4.42,0.51,3.04,8.13,585.88
44257.25,-1.78,-5.35,0.63,3.02,8.33,586.31
44257.29,-1.8,-5.37,0.56,0.41,8.06,585.8
44257.33,-2.13,-4.6,0.53,0.56,8.11,586.1
44257.38,-2.06,-5.7,0.44,0.6,8.01,586.04
44257.42,0.69,-4.9,0.05,2.89,8.17,585.98
44257.46,0.16,-4.46,0.59,1.75,8.29,585.83
44257.5,-0.31,-4.7,0.69,1.83,8.74,585.14
44257.54,2.87,-2.86,0.68,2.09,8.56,584.26
44257.58,2.3,-2.81,0.73,2.76,8.05,583.58
44257.62,2.37,-2.58,0.64,2.39,9.82,582.94
44257.67,3.86,-0.82,0.79,2.69,10,582.53
44257.71,3.68,-0.7,1.49,0.45,8.98,582.28
44257.75,0.75,-1.65,1.44,0.72,4.3,582.32
44257.79,1.24,-1.49,1.03,0.6,1.83,582.74
44257.83,0.82,-1.77,1.88,0.46,3.27,583.31
44257.88,0.41,-1.93,1.31,0.54,8.48,584.37
44257.92,-0.37,-2.1,1.26,0.54,8.85,585.05
44257.96,-2.13,-2.83,1.16,0.62,8.74,585.44
44258,-1.97,-2.8,1.29,0.66,8.83,585.85
44258.04,-1.98,-2.69,1.18,0.7,9.28,585.89
44258.08,-1.81,-2.76,0.89,0.76,9.31,585.95
44258.12,-1.4,-2.51,1.02,0.76,9.15,585.8
44258.17,-1.86,-3.05,0.43,1.01,9.34,585.59
44258.21,-1.8,-2.98,0.43,1.42,9.02,585.15
44258.25,-1.9,-3.31,0.44,2.09,9.05,585.11
44258.29,-1.49,-2.85,0.6,2.72,8.76,584.95
44258.33,-1.58,-3.48,0.51,2.89,9.21,585.41
44258.38,-1.22,-3.75,0.49,3.06,8.99,585.54
44258.42,3.06,-2.27,0.39,0.3,7.31,585.38
44258.46,3.09,-2.09,0.17,0.25,7.03,585.47
44258.5,3.03,-1.76,0.17,1.29,6.18,584.89
44258.54,5.98,-0.66,0.45,2.12,4.45,584.39
44258.58,5.12,0.12,0.56,1.77,5,583.67
44258.62,5.25,-0.24,0.65,2.18,6.23,582.91
44258.67,6.14,0.63,0.9,0.01,6.96,582.47
44258.71,5.54,0.51,1.45,0.51,7.57,582.25
44258.75,4.34,0.25,1.48,0.52,7.99,582.44
44258.79,4.18,0.41,1.96,0.43,4.52,583.01
44258.83,4.19,0.95,1.8,0.4,1.5,583.3
44258.88,4.3,0.83,1.53,0.41,2,583.84
44258.92,3.88,0.98,1.23,0.37,3.7,584.41
44258.96,1.66,0.48,0.85,0.6,4.14,584.52
44259,1.83,0.59,0.32,2.34,4.01,584.62
44259.04,1.75,0.66,0.22,2.89,7.22,584.26
44259.08,1.46,0.28,0.28,2.61,7.33,583.97
44259.12,1.28,0.03,0.32,2.48,7.73,583.42
44259.17,0.48,-0.16,0.34,2.58,7.38,582.94
44259.21,0.29,-0.45,0.56,2.8,7.2,582.4
44259.25,0.68,-0.32,0.66,2.49,8.13,582.19
44259.29,0.66,-0.28,0.84,2.79,7.7,582.43
44259.33,0.55,-0.73,0.76,2.82,7.66,582.56
44259.38,0.87,-0.19,0.52,2.63,7,582.49
44259.42,5.46,2.56,0.12,1.64,5.82,582.62
44259.46,5.8,2.59,0.65,2.27,3.77,582.67
44259.5,5.89,2.85,1.06,2.35,3.25,581.63
44259.54,9.46,3.23,1.13,1.8,8.32,581.25
44259.58,9.99,2.94,1.31,2.58,8.8,580.39
44259.62,9.83,3.03,1.26,3.03,7.58,579.93
44259.67,9.69,3.28,1.16,2.9,7.63,579.45
44259.71,9.43,3.29,1.5,2.82,7.84,579.38
44259.75,6.64,3.18,1.57,0.07,5.56,579.85
44259.79,5.56,3.29,1.46,0.03,4.48,579.48
44259.83,5.34,3.75,1.45,0.13,5.26,580.25
44259.88,5.06,4.12,1.34,0.19,6.82,580.98
44259.92,4.88,3.96,1.33,0.01,10,581.2
44259.96,3.56,3.27,1.33,0.11,10,581.58
44260,3.59,3.08,1.29,0.22,10,581.58
44260.04,3.03,2.36,1.38,0.43,10,581.53
44260.08,2.77,2,1.4,0.53,10,581.51
44260.12,2.63,1.76,1.25,0.6,10,581.35
44260.17,1.74,1.44,1.06,0.66,10,581.36
44260.21,1.71,1.68,0.64,0.62,10,581.34
44260.25,0.98,0.88,0.8,0.68,10,581.32
44260.29,1.21,1.04,0.66,0.61,10,581.82
44260.33,1.16,0.8,0.66,0.69,10,582.03
44260.38,0.61,-0.24,0.75,0.43,9.96,582.49
44260.42,4.39,1.46,0.69,0.02,10,582.55
44260.46,4.39,1.62,0.79,2.65,9.28,582.49
44260.5,4.58,1.96,0.95,2.88,8.5,582.08
44260.54,8.16,3.27,1.24,0.02,7.96,581.78
44260.58,7.58,3.42,1.22,0.08,8.92,581.22
44260.62,7.04,3.58,1.5,0.25,10,581.06
44260.67,5.89,3.3,1.79,0.36,10,580.51
44260.71,5.95,3.64,1.95,0.5,10,580.76
44260.75,3.12,2.26,1.91,0.64,9.02,581.41
44260.79,3.79,2.65,0.82,0.72,9.02,581.76
44260.83,4.13,2.79,1.2,0.77,9.59,582.35
44260.88,4.37,2.91,1.22,0.68,9.76,583.02
44260.92,4.36,2.88,1.07,0.52,10,583.43
44260.96,2.66,2.37,1.17,0.49,10,583.94
44261,3.12,2.52,0.99,0.43,10,584.24
44261.04,3.11,2.54,1.07,0.4,9.99,584.37
44261.08,2.96,2.34,1.44,0.43,9.33,584.34
44261.12,3.33,2.52,1.21,0.48,9.17,584.29
44261.17,2.73,2.42,1.03,0.48,9.73,584.23
44261.21,2.16,1.64,0.95,0.52,9.37,584.3
44261.25,2,1.79,1.18,0.47,9.7,584.35
44261.29,1.88,1.57,0.97,0.42,9.66,584.77
44261.33,2.06,1.8,1.07,0.49,9.7,585.67
44261.38,1.69,1.59,1.28,0.66,10,586.38
44261.42,3.54,1.76,1.46,0.59,9.92,586.93
44261.46,3.14,1.65,1.34,0.66,9.64,587
44261.5,3.23,1.82,1.18,0.68,9.76,586.9
44261.54,3.71,1.59,1.08,0.59,10,586.59
44261.58,3.47,1.79,1.04,0.49,9.8,586.05
44261.62,3.21,1.59,1.06,0.51,9.27,585.44
44261.67,3.32,1.88,1.28,0.45,9.22,585
44261.71,3.5,2.1,1.45,0.47,9.75,584.79
44261.75,1.92,1.45,0.99,0.28,10,585.19
44261.79,2.44,2.2,1.18,0.35,10,585.36
44261.83,2.22,1.93,0.98,0.4,10,585.7
44261.88,2.54,2.08,0.93,0.45,9.52,586.12
44261.92,2.8,2.52,0.95,0.53,9.22,586.46
44261.96,1.65,1.65,0.8,0.49,9.28,586.45
44262,1.55,1.55,0.94,0.44,10,586.61
44262.04,1.39,1.39,0.79,0.69,10,586.28
44262.08,1.6,1.6,0.54,0.72,8.68,585.98
44262.12,1.57,1.47,0.6,0.86,8.98,585.52
44262.17,1.31,1.28,0.6,0.73,8.26,585.3
44262.21,1.65,1.59,0.59,0.59,8.62,584.74
44262.25,1.56,1.4,0.34,0.86,9.22,584.82
44262.29,1.65,1.41,0.21,0.79,7.24,584.57
44262.33,1.71,1.32,0.16,1.59,7.36,584.87
44262.38,1.33,0.46,0.31,2.24,7.12,585.33
44262.42,3.71,1.7,0.5,2.39,6.7,585.26
44262.46,3.9,1.99,0.57,2.31,7.36,585.23
44262.5,3.54,2.28,0.8,2.4,8.2,584.79
44262.54,6.02,3.01,0.91,2.56,8.92,584.09
44262.58,5.94,2.79,0.98,2.59,8.98,583.4
44262.62,5.2,2.67,1.08,2.87,6.94,582.69
44262.67,5.7,3.03,1.3,0.2,7.24,582.06
44262.71,5.8,3.68,1.42,0.47,7.36,581.72
44262.75,2.19,1.91,1.28,0.87,9.22,582.14
44262.79,2.7,2.12,1.22,0.83,8.26,582.65
44262.83,3.09,2.38,1.37,0.67,7.84,583.4
44262.88,3.1,2.48,1.37,0.8,8.86,583.81
44262.92,2.35,2.01,1.28,1.14,10,584.28
44262.96,0.81,0.81,1.31,1.41,10,584.83
44263,1.02,0.96,0.78,1.66,9.82,584.88
44263.04,1.52,1.29,0.58,2.84,10,584.55
44263.08,1.51,1.12,1.14,0.2,8.98,584.15
44263.12,2.13,1.29,1.24,3.08,4.96,583.82
44263.17,1.16,0.44,1.32,2.94,4.05,583.44
44263.21,0.54,-0.07,1.42,2.9,3.19,583.11
44263.25,0.33,-0.55,1.47,2.73,4.01,583.37
44263.29,-0.28,-0.8,0.96,2.62,8.14,583.66
44263.33,-0.09,-0.6,0.78,2.73,10,584.09
44263.38,0.53,-0.08,0.86,2.35,9.95,584.5
44263.42,3.86,2.6,0.59,1.92,10,584.67
44263.46,3.91,3.12,0.5,1.07,4.12,584.89
44263.5,3.54,3.31,0.84,0.62,4.18,584.72
44263.54,6.18,3.87,1.26,0.26,5.62,584.61
44263.58,5.29,4.17,1.56,0.17,7.6,584.03
44263.62,5.11,4.4,1.28,0.24,7.18,583.29
44263.67,5.08,4.56,1.23,0.34,9.7,582.94
44263.71,4.79,4.26,1.22,0.34,10,582.78
44263.75,2.09,2.09,1.54,0.31,10,583.06
44263.79,2.72,2.67,2.04,0.46,10,583.31
44263.83,3.31,3.25,1.83,0.59,10,584.21
44263.88,3.82,3.55,1.54,0.65,10,584.78
44263.92,3.29,3.12,1.32,0.61,10,585.31
44263.96,1.92,1.92,1.15,0.52,10,585.58
44264,2.2,2.2,0.74,0.55,10,585.58
44264.04,2.44,2.44,0.54,0.78,10,585.27
44264.08,2.54,2.54,0.52,1.32,10,585.11
44264.12,2.5,2.5,0.45,1.39,10,584.73
44264.17,2.01,2.01,0.42,1.44,10,584.58
44264.21,2.08,2.08,0.35,1.28,10,584.32
44264.25,1.86,1.86,0.42,1.55,10,584.37
44264.29,1.97,1.97,0.47,1.75,10,584.64
44264.33,2.1,2.06,0.39,1.69,10,585.02
44264.38,1.72,1.72,0.45,1.16,10,585.31
44264.42,3.79,2.95,0.54,0.71,10,585.63
44264.46,3.89,3.2,0.8,2.94,10,585.94
44264.5,3.85,3.55,0.97,2.62,10,585.66
44264.54,6.14,4.43,1.13,2.63,10,585.4
44264.58,6.13,4.53,1.27,2.76,10,584.65
44264.62,6.27,4.73,1.52,2.97,10,584.12
44264.67,5.69,4.46,1.63,3.11,10,583.82
44264.71,5.4,4.55,1.56,0.1,10,583.86
44264.75,3.31,3.09,1.23,0.07,10,584.19
44264.79,4.23,4.12,1.3,0.41,10,583.94
44264.83,3.95,3.91,1.17,0.55,10,584.43
44264.88,3.86,3.58,1.04,0.54,10,584.84
44264.92,3.93,3.49,0.89,0.56,10,584.97
44264.96,3.13,3.12,0.69,0.6,10,585.18
44265,3.29,3.29,0.56,0.59,10,584.81
44265.04,3.42,3.42,0.53,0.33,10,584.56
44265.08,3.68,3.62,0.39,0.52,10,584.15
44265.12,3.78,3.5,0.38,0.82,10,583.88
44265.17,3.66,3.42,0.24,1.57,10,583.61
44265.21,3.65,3.38,0.41,1.87,10,583.37
44265.25,3.14,3.14,0.68,1.51,10,583.43
44265.29,3.08,3.08,0.71,1.37,10,583.58
44265.33,2.97,2.97,0.63,1.37,10,584.09
44265.38,2.63,2.62,0.62,1.09,10,584.54
44265.42,4.58,3.37,0.63,0.63,10,584.75
44265.46,5.62,4.5,0.62,0.25,10,584.94
44265.5,6.14,4.77,0.67,2.59,10,584.72
44265.54,8.7,6.14,0.96,2.26,10,584.49
44265.58,8.79,6.42,1.17,2.42,10,583.84
44265.62,8.72,6.56,1.31,2.59,9.22,583.16
44265.67,8.47,6.67,1.43,2.81,9.22,582.97
44265.71,8.51,6.84,1.63,0.04,10,582.99
44265.75,5.66,5.56,1.44,0.17,10,583.19
44265.79,5.82,5.61,1.18,0.43,10,583.49
44265.83,5.82,5.62,1.21,0.49,10,584.39
44265.88,5.74,5.48,1.19,0.49,10,585.06
44265.92,5.45,5.26,1.14,0.41,10,585.7
44265.96,3.65,3.65,0.99,0.45,10,585.99
44266,3.6,3.6,0.84,0.54,10,585.99
44266.04,3.54,3.54,0.58,0.6,10,585.91
44266.08,3.81,3.77,0.5,1.03,10,585.75
44266.12,3.93,3.93,0.3,1.67,10,585.61
44266.17,3.75,3.73,0.08,1.09,10,585.16
44266.21,3.47,3.47,0.09,1.62,10,585.23
44266.25,3.17,3.17,0.08,1.9,10,585.35
44266.29,3.54,3.47,0.29,0.06,10,585.58
44266.33,3.74,3.5,0.51,2.96,10,586.04
44266.38,3.61,3.29,0.64,2.84,10,586.53
44266.42,6.68,4.55,0.4,2.52,9.94,586.74
44266.46,7.24,5.29,0.34,2.35,9.94,586.77
44266.5,7.39,5.5,0.82,2.1,9.28,586.57
44266.54,11.29,6.6,1.05,2.07,7.6,585.99
44266.58,11.89,6.77,1.16,2.17,8.8,585.4
44266.62,11.92,6.8,1.33,2.48,9.82,584.78
44266.67,11.47,6.82,1.43,2.65,9.64,584.46
44266.71,11.24,7.04,1.74,0.06,9.68,584.4
44266.75,7.98,6.16,1.32,3.12,8.19,584.59
44266.79,7.86,6.43,1.42,0.16,5.23,584.72
44266.83,7.16,6.39,1.48,0.48,7.4,585.25
44266.88,7.94,6.9,1.35,0.62,10,585.99
44266.92,7.64,6.6,1.17,0.53,10,586.63
44266.96,6.16,5.93,1.12,0.38,10,586.86
44267,6.03,5.89,0.99,0.42,10,586.88
44267.04,5.64,5.64,0.89,0.55,10,586.88
44267.08,5.71,5.66,0.65,0.6,10,586.71
44267.12,5.72,5.58,0.53,0.86,10,586.43
44267.17,4.69,4.69,0.4,1.34,10,586.13
44267.21,4.36,4.18,0.37,2.07,10,585.85
44267.25,4.01,3.91,0.28,1.93,10,585.95
44267.29,4.19,4.12,0.49,3.01,10,586.33
44267.33,4.34,4.24,0.98,0.17,10,586.31
44267.38,5.54,4.59,1.18,0.14,10,586.88
44267.42,9.25,5.99,1.19,0.37,10,586.75
44267.46,9.36,6.39,1.17,0.84,9.88,586.96
44267.5,10.43,6.68,1.15,1.02,7.36,586.56
44267.54,14.48,6.69,0.9,1.59,10,586.04
44267.58,14.49,6.73,1.16,2.63,6.28,585.34
44267.62,15.69,6.58,0.94,1.84,7.44,584.7
44267.67,16.57,6.37,0.86,2.57,6.97,584.34
44267.71,15.74,7.05,1.24,2.87,5.49,584.21
44267.75,11.47,5.56,1.39,2.98,0.64,584.29
44267.79,10.33,7.14,1.53,0.14,0.24,584.4
44267.83,9.89,7.09,1.89,0.55,2.71,585.37
44267.88,10.25,8.14,1.67,0.44,5.38,586.32
44267.92,9.7,7.97,1.52,0.35,8.38,586.85
44267.96,7.36,7.19,1.56,0.59,10,587.31
44268,7.44,7.32,1.32,0.69,10,587.52
44268.04,6.7,6.69,1.21,0.75,10,587.68
44268.08,6.85,6.85,0.66,0.8,10,587.61
44268.12,6.78,6.74,0.31,0.69,10,587.19
44268.17,5.92,5.93,0.24,0.78,10,586.97
44268.21,6.28,6.12,0.71,0.37,10,586.6
44268.25,5.55,5.4,0.67,0.23,10,586.73
44268.29,5.67,5.35,1.06,3.13,9.99,586.81
44268.33,5.43,5,1.41,0.03,9.94,587.12
44268.38,5.46,5.27,1.38,0.08,5.9,587.27
44268.42,12.25,8.28,1.01,0.32,1.41,587.17
44268.46,13.34,8.08,0.86,1.13,0.66,587.27
44268.5,13.93,8.12,1.02,1.87,0.62,586.9
44268.54,17.87,8.57,1.24,2.11,2.15,586.48
44268.58,17.69,8.99,1.46,2.36,4.54,585.46
44268.62,17,9.28,1.48,2.62,3.6,584.83
44268.67,17.81,9.89,1.68,2.79,6.37,584.25
44268.71,17.55,9.99,1.68,2.86,7.25,583.91
44268.75,12.23,8.88,1.22,3.11,5.4,584.02
44268.79,12.76,10.05,1.15,0.04,2.85,583.59
44268.83,13.01,9.97,1.07,0.18,0.79,583.82
44268.88,13.07,10.34,0.89,0.77,0.22,584
44268.92,11.92,9.92,0.87,1.03,1.38,584.16
44268.96,9.67,9.18,0.54,1.83,10,584.09
44269,9.81,9.23,0.25,2.23,10,584.07
44269.04,9.75,9.08,0.46,2.76,10,583.63
44269.08,9.76,8.9,0.76,0.19,10,583.2
44269.12,9.66,8.87,1.02,0.21,10,582.31
44269.17,8.59,8.43,1.13,3.12,10,581.87
44269.21,8.55,8.34,1.04,3.09,9.77,581.19
44269.25,7.49,7.44,0.91,3.11,9.74,581.21
44269.29,6.87,6.66,1.06,2.98,10,581.69
44269.33,6.63,6.38,1.32,3.11,10,581.22
44269.38,8.11,7.43,1.37,0.21,9.92,581.59
44269.42,13.69,9.38,1.33,0.71,3.41,581.48
44269.46,15.12,7.83,1.73,1.08,0.45,581.29
44269.5,15.49,7.56,1.88,1.26,0.46,580.66
44269.54,18.88,6.85,2.07,1.21,2.7,580.04
44269.58,18.76,6.08,1.75,1.24,1.07,579.5
44269.62,18.29,5.57,1.11,1.25,4.45,579.13
44269.67,17.99,5.69,1.06,1.99,4.74,578.86
44269.71,17.28,5.85,1.1,2.83,9.16,579.1
44269.75,13.26,6.57,1.55,0.17,7.3,579.65
44269.79,12.81,8.51,1.42,0.42,7.9,579.98
44269.83,12.22,9.46,1.49,0.42,8.44,580.66
44269.88,11.68,10.69,1.14,0.46,8.5,581.18
44269.92,11.35,10.36,1.12,0.42,9.28,581.47
44269.96,9.6,9.06,1.2,0.34,10,581.81
44270,9.75,8.91,1.22,0.38,10,581.89
44270.04,9.53,8.51,1.03,0.61,10,581.8
44270.08,9.72,8.67,0.54,0.73,10,581.64
44270.12,10,8.7,0.45,1.19,10,581.04
44270.17,9.17,8.22,0.41,2.41,9.99,580.89
44270.21,9.33,8.49,0.61,3.09,9.98,580.58
44270.25,8.08,7.77,0.64,0.19,9.26,580.78
44270.29,8.16,7.86,0.88,0.54,7.05,580.92
44270.33,8.58,7.94,1.18,0.12,6.3,581.16
44270.38,8.62,7.52,1.28,0.13,0.76,581.71
44270.42,14.71,9.14,0.78,0.3,0.39,582
44270.46,15.4,8.09,0.33,1.09,0.4,582.24
44270.5,15.27,6.93,0.23,0.97,3.44,582.03
44270.54,18.55,6.29,0.33,0.35,5.1,581.92
44270.58,18.14,7.63,1.08,0.13,3.51,581.25
44270.62,16.24,8.39,1.42,0.17,3.42,581.09
44270.67,15.55,9.39,1.5,0.17,6.97,580.57
44270.71,15.13,9.79,1.61,0.34,5.89,580.86
44270.75,11.17,8.35,1.55,0.56,5.98,581.05
44270.79,12.02,9.54,1.38,0.59,4.65,581.71
44270.83,12.16,9.72,1.01,0.41,3.34,581.99
44270.88,12.48,9.84,0.92,0.59,2.41,582.2
44270.92,12.12,10.34,0.45,1.28,7.72,582.38
44270.96,9.49,8.57,0.43,1.73,8.89,582.77
44271,9.81,9.29,0.46,1.87,9.09,582.59
44271.04,9.65,9.28,0.53,2.01,9.24,582.51
44271.08,10.07,9.43,0.46,2.28,9.14,581.99
44271.12,10.3,9.44,0.64,2.88,8.45,581.65
44271.17,9.73,9.39,0.78,2.98,10,581.34
44271.21,10,9.52,0.7,2.77,10,581.06
44271.25,8.79,8.71,0.41,1.79,10,581.27
44271.29,8.71,8.64,0.5,0.19,10,581.21
44271.33,8.49,8.32,0.79,0.06,10,581.45
44271.38,7.53,7.52,0.9,0.5,10,581.86
44271.42,12.28,10.45,0.88,0.49,10,582.26
44271.46,12.71,9.82,0.72,1.19,6.82,582.23
44271.5,13.08,9.32,0.89,1.43,6.11,581.85
44271.54,16.85,8.95,0.92,1.97,5.18,581.51
44271.58,17.25,8.33,1.01,2.05,2.3,580.9
44271.62,16.77,7.42,1.08,2.01,3.05,580.39
44271.67,17.13,7.16,1.09,2.14,3.8,579.93
44271.71,17.41,7.73,1.43,2.65,3.75,580.05
44271.75,13.82,6.91,1.73,2.98,3.39,580.1
44271.79,13.49,9.29,1.81,0.15,1.59,580.36
44271.83,13.41,10.37,1.66,0.22,2.4,580.86
44271.88,13.09,10.91,1.54,0.17,4.96,581.2
44271.92,12.63,11.48,1.38,0.19,10,581.63
44271.96,10.63,10.48,1.19,0.34,10,581.91
44272,11.05,10.69,0.82,0.47,10,581.88
44272.04,10.94,10.69,0.75,0.62,10,581.86
44272.08,11.21,10.78,0.58,0.86,10,581.3
44272.12,11.29,10.85,0.42,1.22,10,581.19
44272.17,10.09,10.08,0.3,1.46,10,580.8
44272.21,9.52,9.51,0.35,2.86,10,580.48
44272.25,9.24,9.21,0.3,3.05,10,580.94
44272.29,8.86,8.81,0.76,3.08,10,580.85
44272.33,8.51,8.27,1.1,0.09,10,580.97
44272.38,8.78,8.22,1.3,0.37,9.74,581.16
44272.42,14.16,11.13,1.21,0.62,6.47,581.28
44272.46,15.58,8.62,1.62,0.85,1.31,581.06
44272.5,16.21,7.18,1.8,0.93,0.37,580.76
44272.54,20.48,5.77,1.98,0.96,0.1,580.18
44272.58,21.02,4.86,2.13,1.09,0.15,579.6
44272.62,21.35,5.04,1.92,1.14,1.05,578.89
44272.67,21.75,4.71,1.6,0.84,3.35,578.67
44272.71,21.07,5.24,0.99,0.96,3.09,578.73
44272.75,17.56,6.05,1.25,2.62,0.8,578.67
44272.79,17.51,6.6,1.79,3,0.68,579.19
44272.83,17.35,6.58,1.65,0.19,2.63,579.75
44272.88,16.47,8.38,1.28,0.3,4.36,580.1
44272.92,15.45,9.63,1.14,0.33,4.78,580.71
44272.96,12.79,9.48,1.06,0.43,5.5,580.85
44273,12.73,10.12,1.03,0.42,6.76,580.96
44273.04,11.74,10.09,0.89,0.13,6.52,580.94
44273.08,12.48,10.94,0.68,2.78,6.82,580.78
44273.12,12.9,11.34,0.58,2.24,10,580.51
44273.17,12,11.58,0.39,2.25,10,580.45
44273.21,11.83,11.63,0.28,1.59,10,580.19
44273.25,11.22,11.22,0.76,1.17,10,580.64
44273.29,10.83,10.82,0.77,0.12,10,581
44273.33,11.21,11.1,0.73,0.16,10,581.3
44273.38,10.64,10.19,1.16,0.86,6.22,581.44
44273.42,15.39,11.37,1.48,1.02,4,581.56
44273.46,15.85,9.06,1.75,1.04,3.06,581.21
44273.5,16.51,6.92,1.71,1.1,1.54,580.93
44273.54,20.1,5.29,1.86,1.11,0.41,580.37
44273.58,19.93,4.56,1.71,1.22,0.19,579.69
44273.62,19.6,5.12,1.57,1.35,0.64,579
44273.67,20.21,5.43,1.24,1.55,0.32,578.76
44273.71,19.93,5.33,0.94,2.08,0.92,578.77
44273.75,17.17,5.27,1.5,2.93,1.43,579.04
44273.79,15.96,8.46,1.61,3,2.29,579.2
44273.83,15.02,8.78,1.23,2.97,3.45,579.65
44273.88,14.53,9.87,1,0.01,4.78,580.11
44273.92,13.18,10.21,0.86,0.09,5.02,580.7
44273.96,12,10.51,0.63,2.95,4.42,580.92
44274,11.7,10.91,0.59,2.74,4.9,580.48
44274.04,10.63,10.48,0.65,3.04,4.96,580.71
44274.08,11.45,11.32,0.68,0.27,4.78,580.47
44274.12,11.73,11.44,0.53,3.12,5.08,580.16
44274.17,11.18,11.05,0.31,0.93,4.96,580.03
44274.21,10.64,10.63,0.64,0.98,4.66,579.7
44274.25,11.16,10.25,1.37,0.76,4,580.12
44274.29,9.93,8.77,1.55,0.57,4,580.08
44274.33,11.06,9.19,1.16,0.49,4,580.17
44274.38,12.14,7.84,1.46,0.53,3.62,580.5
44274.42,15.04,6.54,1.53,0.75,3.51,580.69
44274.46,15.33,6.11,1.61,0.85,2.26,580.68
44274.5,15.88,5.98,1.44,0.92,0.72,580.55
44274.54,18.07,5.98,1.35,0.99,1.54,580.19
44274.58,17.97,6.32,0.97,1.42,1.89,579.72
44274.62,16.99,7.96,0.84,2.88,2.8,579.66
44274.67,15.41,10.1,2.06,0.37,4.48,579.71
44274.71,12.99,10.93,2.43,0.51,5.8,580.42
44274.75,10.16,9.55,2.48,0.29,7.66,580.84
44274.79,9.92,9.81,2.38,0.34,10,581.35
44274.83,10.01,9.97,2.15,0.45,10,582.17
44274.88,9.97,9.91,2.11,0.57,10,582.58
44274.92,9.01,8.95,2.02,0.67,10,583.39
44274.96,6.78,6.78,2.09,0.65,10,583.85
44275,6.83,6.83,1.92,0.65,10,584
44275.04,6.56,6.4,1.85,0.66,10,584.08
44275.08,6.67,6.31,1.77,0.65,10,583.91
44275.12,6.61,6.31,1.74,0.67,10,583.85
44275.17,5.03,4.22,1.89,0.68,10,583.84
44275.21,4.43,4.22,1.74,0.57,10,583.65
44275.25,3.45,3.09,1.43,0.35,9.83,583.11
44275.29,3.06,2.58,1.57,0.42,9.83,583.56
44275.33,3.77,3.09,1.66,0.4,9.59,583.69
44275.38,3.4,2.55,1.71,0.42,9.96,584.07
44275.42,5.01,3.06,1.7,0.3,9.49,584.31
44275.46,5.28,3.24,1.67,0.16,9.62,584.08
44275.5,5.9,3.34,1.84,3.09,9.99,583.67
44275.54,6.78,3.56,1.96,2.99,9.98,583.15
44275.58,6.83,4.04,2.33,3.06,10,582.3
44275.62,6.33,4.21,2.24,0.02,10,581.83
44275.67,5.24,4.32,2.48,0.31,10,581.48
44275.71,4.61,3.71,2.36,0.42,10,581.68
44275.75,2.49,2.43,2.17,0.43,10,582.63
44275.79,1.68,1.48,2.24,0.5,9.76,583.21
44275.83,1.44,1.31,2.05,0.49,9.26,584.47
44275.88,1.64,1.02,1.94,0.53,9.34,585.06
44275.92,0.52,-0.14,1.85,0.54,9.22,585.95
44275.96,-1.13,-1.24,1.78,0.53,9.66,586.55
44276,-0.87,-1.32,1.74,0.58,9.8,586.82
44276.04,-0.8,-1.46,1.65,0.68,9.94,587.03
44276.08,-0.45,-1.51,1.66,0.74,9.52,586.97
44276.12,0.29,-1.35,1.79,0.81,9.34,587.04
44276.17,-0.13,-1.81,1.69,0.82,9.7,587.02
44276.21,0.48,-1.45,1.69,0.83,9.94,587
44276.25,-0.02,-1.95,1.72,0.59,9.85,586.92
44276.29,0.38,-1.86,1.86,0.64,10,587.22
44276.33,0.33,-1.72,2.1,0.64,9.94,587.7
44276.38,-0.02,-2,2.18,0.68,10,588.31
44276.42,0.79,-1.94,2.13,0.65,9.73,588.68
44276.46,-0.04,-1.77,2.09,0.58,9.81,588.76
44276.5,-0.69,-2.15,2.05,0.54,9.58,588.52
44276.54,-0.37,-2.42,1.94,0.47,9.47,588.21
44276.58,-0.8,-2.66,1.93,0.44,9.66,587.67
44276.62,-0.89,-3.01,1.98,0.43,9.94,586.93
44276.67,-1.08,-3.24,2.09,0.41,10,586.56
44276.71,-0.93,-2.89,2.02,0.39,9.88,586.63
44276.75,-1.7,-2.84,1.9,0.48,9.96,587.31
44276.79,-1.54,-2.55,1.57,0.57,9.82,587.83
44276.83,-1,-2.28,1.32,0.41,9.67,588.4
44276.88,-0.52,-2.21,1.23,0.4,9.71,588.91
44276.92,-0.6,-3.15,1.08,0.63,9.77,589.64
44276.96,-1.31,-3.93,0.76,0.68,9.88,589.63
44277,-1.16,-3.26,0.62,0.35,8.76,589.81
44277.04,-1.16,-3.14,0.62,0.4,9.16,589.94
44277.08,-1.12,-2.78,0.58,0.42,9.09,589.56
44277.12,-1.09,-2.22,0.3,2.81,8.78,589.13
44277.17,-1.04,-2.78,0.11,1.95,8.59,588.58
44277.21,-0.83,-2.25,0.07,0.34,7.53,588.16
44277.25,0.15,-2.12,0.07,0.33,8.55,588.11
44277.29,0.41,-2,0.23,3.09,7.6,588.25
44277.33,0.06,-2.56,0.33,0.53,8.63,588.38
44277.38,-0.72,-2.69,0.85,0.46,6.96,588.79
44277.42,1.5,-1.78,1.05,0.4,8.2,589.06
44277.46,0.81,-2.13,0.99,0.07,8.77,589.1
44277.5,0.96,-2.26,1.05,3.01,9.03,588.93
44277.54,2.9,-1.07,1.15,3.07,9.22,588.42
44277.58,2.18,-1.47,1.26,0.03,9.1,587.75
44277.62,1.95,-1.6,1.45,3.09,9.69,587
44277.67,1.51,-1.57,1.52,0.01,9.64,586.55
44277.71,0.93,-1.52,1.49,0.06,9.82,586.41
44277.75,-0.63,-1.74,1.12,3.08,9.72,586.31
44277.79,-0.15,-1.62,1.12,0.38,9.3,586.39
44277.83,-0.08,-1.61,1.08,0.32,8.46,586.77
44277.88,0.5,-1.28,1.06,0.55,9.5,587.3
44277.92,0.17,-1.07,0.8,0.59,9.58,587.79
44277.96,0,-0.71,0.58,0.67,9.06,587.74
44278,0.02,-0.61,0.67,0.78,8.13,587.62
44278.04,-0.43,-0.71,0.72,0.65,8.29,587.75
44278.08,-0.1,-0.62,0.27,0.98,8.45,587.19
44278.12,0.1,-0.6,0.66,0.38,6.65,586.5
44278.17,-0.14,-1.07,0.87,0.49,6.85,585.98
44278.21,0.06,-1.04,0.98,0.1,5.29,585.24
44278.25,0.69,-0.69,1.16,3.11,5.67,585.23
44278.29,1.08,-0.58,1.2,3.08,5.54,585.19
44278.33,1.16,-0.45,1.21,0.06,4.88,585.45
44278.38,1.72,0.21,1.11,0.16,1.66,585.71
44278.42,7.99,1.88,0.95,0.4,1.21,586.05
44278.46,8.85,2.84,0.72,0.83,0.62,585.84
44278.5,9.76,3.7,0.65,1.35,2.38,585.71
44278.54,14.09,5.12,0.82,1.5,5.43,585.13
44278.58,14.3,5.15,0.86,1.83,8.68,584.35
44278.62,14.81,4.69,1.07,2.32,3.14,583.74
44278.67,17.18,3.93,1.28,2.55,4.29,583.19
44278.71,16.62,4.22,1.6,2.88,2.8,583.09
44278.75,11.7,3.79,1.65,0.08,3.05,583.17
44278.79,10.9,5.03,1.84,0.07,5.77,583.48
44278.83,11.54,4.58,1.23,0.07,4.97,583.87
44278.88,11.32,5.24,1,0.51,5.64,584.22
44278.92,10.54,5.63,0.56,1.3,4.4,584.66
44278.96,7.01,4.36,0.48,3.06,3.94,584.55
44279,6.98,4.17,1.02,3.13,4.71,584.56
44279.04,6.18,3.83,1.15,2.98,5.09,584.19
44279.08,5.61,3.45,1.05,2.84,2.02,583.7
44279.12,4.79,2.89,1,2.83,0.63,583.25
44279.17,3.03,2.12,1.05,2.86,0.29,582.76
44279.21,2.33,1.69,1.12,2.92,0.16,582.38
44279.25,1.76,1.54,1.41,2.97,3.8,582.43
44279.29,1.55,1.34,1.49,2.9,4,582.4
44279.33,3.05,1.99,1.59,2.98,3.8,582.62
44279.38,4.56,3.33,1.25,0.02,1.77,582.93
44279.42,12.49,5.84,0.59,1.35,0,582.87
44279.46,12.92,6.08,1.05,1.99,0.17,582.88
44279.5,12.67,6.48,1.3,2.26,0.15,582.61
44279.54,15.85,7,1.52,2.27,3.21,581.88
44279.58,16,6.78,1.6,2.34,5.98,581.38
44279.62,15.72,6.93,1.71,2.6,7.18,580.89
44279.67,15.36,8.06,2.08,3.12,5.62,580.54
44279.71,13.94,8.88,1.98,0.1,6.88,580.64
44279.75,9.97,7.04,2.13,0.18,5.74,580.7
44279.79,9.24,7.47,1.72,0.15,7.18,581.12
44279.83,9.16,8.05,1.1,0.25,10,581.53
44279.88,9.32,7.63,1.11,0.4,10,581.89
44279.92,8.9,7.91,1.31,0.48,10,582.61
44279.96,7.21,6.3,1.24,0.33,10,582.82
44280,6.35,5.24,1.03,0.29,10,582.72
44280.04,6.23,5.62,0.93,0.31,10,582.51
44280.08,6.29,5.5,0.73,0.12,10,582.23
44280.12,6.48,5.53,0.59,0.01,10,581.8
44280.17,5.73,5.15,0.43,0.18,10,581.61
44280.21,5.95,5.3,0.4,0.71,10,581.36
44280.25,5.87,5.25,0.5,0.44,10,581.57
44280.29,5.43,4.94,0.3,0.94,10,581.91
44280.33,5.72,5.16,0.27,1.77,10,582.16
44280.38,6.55,5.54,0.09,0.91,10,582.48
44280.42,8.97,6.92,0.77,1.51,10,582.61
44280.46,9.7,7.2,1.18,1.62,10,582.36
44280.5,10.64,7.42,1.38,1.76,8.5,582.05
44280.54,14.54,8.06,1.55,2.19,9.64,581.21
44280.58,14.05,8.16,1.7,2.55,6.4,580.58
44280.62,14.04,8.49,1.44,2.55,7.55,579.83
44280.67,14.13,9.04,1.93,3.12,8.74,579.29
44280.71,13.31,9.49,2.03,0.11,8.08,579.3
44280.75,10.2,8.83,1.88,0.05,5.92,579.74
44280.79,8.05,8.04,1.49,0.11,10,579.47
44280.83,8.42,8.22,1.38,0.33,10,579.92
44280.88,8.68,8.03,1.27,0.41,10,580.39
44280.92,8.67,7.86,1.09,0.41,10,580.92
44280.96,6.76,6.76,0.86,0.51,10,580.88
44281,6.51,6.49,0.71,0.58,10,581
44281.04,6.61,6.16,0.54,0.53,10,580.74
44281.08,6.58,6.15,0.34,0.59,10,580.54
44281.12,6.77,6.16,0.34,1.18,10,580.12
44281.17,6.06,5.36,0.44,1.14,10,579.89
44281.21,5.81,5.56,0.49,0.89,10,579.74
44281.25,5.45,5.45,0.6,0.45,10,580.38
44281.29,5.22,5.22,1.18,0.47,10,581.03
44281.33,5.52,5.52,1.25,0.43,9.96,581.77
44281.38,4.93,4.93,1.47,0.32,10,582.6
44281.42,7.77,6.63,1.63,0.31,9.7,583.06
44281.46,7.54,6.18,1.86,0.1,10,583.07
44281.5,7.75,6.35,2.04,3.02,10,583.08
44281.54,10.11,7.45,2.22,3,10,582.56
44281.58,10.09,7.53,2.13,3.03,10,582.04
44281.62,9.67,7.52,2.3,3.02,10,581.44
44281.67,9.09,6.81,2.21,3.13,10,580.98
44281.71,9.43,7.63,2.29,0.12,10,580.96
44281.75,6.02,5.57,2.57,0.21,9.92,580.7
44281.79,5.92,5.17,2.25,0.49,10,581.57
44281.83,6.38,5.49,1.86,0.53,9.44,582.56
44281.88,6.5,5.44,1.46,0.47,9.46,582.91
44281.92,6.19,5.26,1.53,0.52,9.15,583.5
44281.96,4.82,4.12,1.37,0.65,8.67,583.7
44282,5.22,4.29,1.14,0.68,8.09,583.81
44282.04,4.86,4.55,0.78,1.06,8.58,583.59
44282.08,4.65,3.69,0.66,1.5,7.8,583.37
44282.12,5.04,4.22,0.61,1.87,7.74,582.68
44282.17,4.37,3.97,0.47,2.22,7.11,582.34
44282.21,4.74,4.11,0.46,2.54,3.24,582.18
44282.25,3.43,3.27,0.62,2.72,7.18,582.22
44282.29,3.07,2.89,0.77,2.85,7.13,582.72
44282.33,3.74,3.67,0.62,3.09,2.64,582.75
44282.38,4.39,3.1,0.32,0.68,1.89,583.04
44282.42,10.86,5.19,0.27,1.81,3.24,583.27
44282.46,11.73,4.65,0.58,1.82,6.51,583.27
44282.5,11.72,4.25,0.89,1.29,7.9,583.03
44282.54,15.73,3.85,0.75,1.53,7.18,582.32
44282.58,16.57,4.51,0.99,2.6,4.55,581.78
44282.62,16.1,5.09,1.03,2.59,4.05,581.55
44282.67,16.6,5.07,1.25,2.77,4.76,581.16
44282.71,14.46,6.92,1.92,3.07,6.01,581.26
44282.75,11.57,3.59,2.05,0.24,4.58,581.84
44282.79,11.51,5.37,1.38,0.49,3.2,582.16
44282.83,11.98,5.85,1.39,0.87,4.32,582.56
44282.88,12.13,6.37,0.96,0.77,5.12,583.08
44282.92,11.4,6.81,0.63,0.72,5.75,583.76
44282.96,8.06,5.99,0.6,1.66,5.61,583.8
44283,8.17,6,1.18,0.58,2.89,583.63
44283.04,7.78,5.71,1.37,0.2,2.99,583.13
44283.08,7.7,5.45,1.45,0.14,3.28,582.93
44283.12,7.68,5.41,1.54,0.1,1.51,582.12
44283.17,5.89,4.58,1.58,0.02,0.28,581.8
44283.21,5.28,3.96,1.58,3.06,0,581.35
44283.25,4.61,3.4,1.61,3.02,0,581.41
44283.29,4.67,3.31,1.89,3.09,0,581.48
44283.33,5.55,4.1,1.78,0.01,0,581.54
44283.38,8.02,6.62,1.49,0.34,0,581.73
44283.42,15.03,6.84,1.38,0.75,0,581.6
44283.46,15.44,6.57,1.41,1.11,0,581.73
44283.5,15.46,5.29,1.64,0.95,1.68,581.12
44283.54,20.28,4.47,1.96,1.06,1.41,580.48
44283.58,20.73,3.1,1.94,1.11,1.26,579.64
44283.62,20.43,2.95,1.7,1.17,1.48,578.9
44283.67,21.3,2.05,1.64,0.97,3.64,578.22
44283.71,21.23,2.38,1.07,1.42,3.45,577.82
44283.75,17.83,3.93,1.36,2.33,0.81,577.78
44283.79,18.13,1.46,1.62,2.77,0.18,578.03
44283.83,18.02,3.36,1.15,2.46,0.01,578.06
44283.88,17.06,4.46,1.15,1,0,578.42
44283.92,16.16,5.36,1.45,0.57,0,578.48
44283.96,13.46,4.11,1.7,0.34,0.04,578.48
44284,13.45,3.37,1.84,0.25,0.87,578.49
44284.04,12.93,2.41,1.91,0.17,1.93,578.11
44284.08,12.81,1.39,1.79,0.1,2.95,577.86
44284.12,12.74,0.9,1.57,0.1,3.73,577.51
44284.17,12.05,0.51,1.32,0.02,4.81,577.3
44284.21,11.77,0.07,1.32,2.99,6.51,577.45
44284.25,11.23,-0.99,1.14,2.82,1.21,577.96
44284.29,10.72,-1.07,1.14,2.85,1.23,578.47
44284.33,9.36,2.45,1.04,3.12,1.93,578.67
44284.38,9.98,3.41,0.67,0.65,4.23,578.85
44284.42,16.77,3.55,1.28,1.09,2.38,578.79
44284.46,16.98,2.98,1.51,1.12,2.49,578.36
44284.5,17.25,2.41,1.72,1.01,2.7,578.07
44284.54,20.39,1.99,1.54,1.01,3.67,577.36
44284.58,20.75,2.11,1.43,1.07,3.42,576.84
44284.62,20.29,2.12,1.19,1.37,6.38,576.29
44284.67,20.51,1.92,1.17,1.76,7.32,575.92
44284.71,20.14,1.24,1.27,2.55,8.47,575.82
44284.75,16.65,3.89,1.69,3.11,8.8,576.35
44284.79,15.6,7.2,1.69,0.05,9.35,576.59
44284.83,15.13,9.5,1.72,0.22,9.16,577.15
44284.88,15.02,11.11,1.76,0.31,9.22,577.73
44284.92,14.51,12.21,1.67,0.28,6.09,578.18
44284.96,12.01,9.97,1.46,0.31,9.54,578.37
44285,12.12,10.54,1.32,0.17,8.59,578.46
44285.04,11.81,9.86,1.22,3.11,8.85,578.2
44285.08,11.71,9.89,1.06,0.19,8.87,577.81
44285.12,11.9,9.92,0.47,0.12,8.27,577.38
44285.17,10.45,9.44,0.18,0.55,8.02,576.98
44285.21,10.42,9.49,0.78,0.05,8.28,576.66
44285.25,10.19,9.02,0.67,2.94,8.24,576.91
44285.29,9.91,8.67,0.83,0.04,8.34,577.19
44285.33,9.23,8.15,1.39,3.12,8.57,577.15
44285.38,8.42,8.02,1.46,0.19,8.26,577.34
44285.42,14.53,8.61,1.32,0.53,1.55,577.36
44285.46,15.29,6.56,1.41,0.79,1.5,577.2
44285.5,15.83,4.89,1.57,0.84,1.17,577
44285.54,19.65,3.87,1.44,1.1,1.3,576.46
44285.58,19.61,3.09,1.38,1.52,1.22,576.06
44285.62,20.15,3.22,1.54,1.83,1.9,575.39
44285.67,20.21,3.87,1.57,1.89,5.79,575.16
44285.71,19.81,4.29,1.38,2.35,5.36,574.79
44285.75,16.7,4.1,1.69,3.1,6.24,575.51
44285.79,15.48,8.75,1.85,0.03,1.8,575.62
44285.83,14.83,8.66,1.64,0.16,1.79,576.2
44285.88,15.46,10.13,1.44,0.35,1.73,576.62
44285.92,13.59,10.06,1.34,0.34,1.83,577.29
44285.96,12.06,9.95,1.01,3.13,2.45,577.26
44286,12.12,10.08,0.89,2.78,2.26,577.22
44286.04,12.1,10.14,0.85,2.55,2.38,576.97
44286.08,12.32,10.2,0.56,2.66,2.38,576.69
44286.12,12.69,10.48,0.37,1.56,4,576.36
44286.17,11.85,10.46,0.61,0.51,3.43,575.99
44286.21,11.62,10.52,1.01,0.46,3.17,575.71
44286.25,10.63,9.32,0.87,0.66,4,576.09
44286.29,10.6,8.99,1.06,0.57,4,575.95
44286.33,10.49,8.65,1.02,0.54,3.96,576.44
44286.38,11.43,7.04,0.86,0.8,4,576.95
44286.42,15.32,6.79,0.85,1.1,4,577.12
44286.46,15.63,6.53,1.03,0.94,6.09,577.28
44286.5,16.26,6,1.1,0.96,7.15,576.89
44286.54,18.81,5.66,1.26,1,8.1,576.39
44286.58,18.8,5.39,1.06,1.81,7.22,576.03
44286.62,18.07,5.53,1.29,2.2,4.79,575.47
44286.67,17.45,6.28,1.44,2.56,6.55,575.27
44286.71,16.81,6.39,1.65,2.84,8.55,575.12
44286.75,14.95,7.08,1.64,2.8,7.43,575.78
44286.79,14.17,8.38,1.41,0.15,7.66,576.07
44286.83,13.59,9.89,1.33,0.26,6.82,576.42
44286.88,13.23,11.01,1.31,0.32,6.16,577.02
44286.92,12.57,11.44,1.3,0.07,6.94,577.55
44286.96,10.63,10.56,1.12,0.22,7.36,577.68
44287,10.67,10.44,0.89,0.26,10,577.75
44287.04,10.65,10.4,1.23,0.15,10,577.58
44287.08,10.67,10.34,1.21,0.21,10,577.66
44287.12,10.78,10.38,0.99,0.22,10,577.61
44287.17,10.42,10.1,1.15,0.17,10,577.6
44287.21,10.39,9.97,1.1,0.04,10,577.79
44287.25,10.28,10.28,1.2,2.77,10,577.87
44287.29,10.31,10.31,0.98,2.63,10,578.24
44287.33,10.3,10.28,0.81,2.58,10,579.04
44287.38,9.86,9.24,1.02,2.68,8.02,579.55
44287.42,11.52,9.31,1.22,2.76,6.7,579.72
44287.46,12.19,9.52,1.31,2.75,7.12,580.16
44287.5,11.98,9.77,1.58,2.81,7.36,579.94
44287.54,12.29,9.81,1.72,3,10,579.63
44287.58,11.39,9.62,1.87,3.05,10,579.31
44287.62,11.13,9.29,1.86,3.07,10,578.71
44287.67,10.1,8.38,1.82,3.1,10,578.61
44287.71,9.03,7.93,1.84,3.1,10,578.42
44287.75,8.06,8.06,1.88,2.99,10,578.66
44287.79,7.69,7.69,1.71,3.13,10,578.83
44287.83,7.62,7.62,1.45,0.08,10,579.35
44287.88,6.52,6.52,1.27,0.14,10,579.74
44287.92,6.18,6.17,1.31,0.16,10,580.43
44287.96,5.45,5.45,1.33,0.05,10,580.45
44288,5.69,5.64,1.28,0.03,10,580.52
44288.04,5.42,5.41,1.12,3.03,10,580.1
44288.08,5.23,5.23,1.07,3.03,10,580.08
44288.12,5.35,5.35,1.01,2.95,10,579.73
44288.17,4.51,4.51,0.81,2.89,10,579.7
44288.21,5.06,4.81,0.62,2.99,10,579.71
44288.25,5.45,5.2,0.71,3.05,10,579.75
44288.29,5.75,5.66,0.87,0.2,10,580.01
44288.33,5.68,4.79,0.99,3.03,10,580.73
44288.38,6.56,6.09,1.18,2.9,10,581.24
44288.42,9.11,6.54,1.23,2.73,10,581.38
44288.46,11.04,6.86,1.42,2.55,10,581.51
44288.5,11.61,6.67,1.53,2.62,6.82,581.41
44288.54,13.02,6.8,1.77,2.78,8.14,580.88
44288.58,12.65,7.08,1.87,2.97,8.86,580.6
44288.62,11.92,7.2,2,3.13,9.28,580.12
44288.67,10.96,7.39,2.01,0.09,10,580.06
44288.71,9.94,7.23,1.73,3.08,10,579.99
44288.75,7.37,7.2,1.92,3.13,10,580.7
44288.79,5.43,5.38,1.84,3.11,10,580.84
44288.83,5.84,5.67,1.86,0.02,10,581.56
44288.88,6.34,5.69,1.9,0.12,10,582.29
44288.92,5.76,5.39,1.98,0.38,10,583.11
44288.96,3.95,3.95,1.81,0.5,10,583.42
44289,4.22,3.91,1.5,0.49,10,583.89
44289.04,3.46,3.2,1.26,0.43,10,583.63
44289.08,3.56,3.48,1.1,0.46,10,583.54
44289.12,3.55,3.47,1.06,0.38,10,583.29
44289.17,2.9,2.9,1.02,0.41,10,583.18
44289.21,2.89,2.89,0.92,0.38,10,583.14
44289.25,2.21,2.21,1.15,0.31,10,583.59
44289.29,2.4,2.4,0.95,0.38,9.98,584.04
44289.33,2.36,1.9,0.93,0.13,9.97,584.49
44289.38,3.17,3.11,1.08,3,10,584.82
44289.42,8.05,4.81,1.11,2.69,10,585.04
44289.46,7.77,4.71,1.39,2.54,10,584.95
44289.5,7.79,4.82,1.52,2.41,9.76,584.6
44289.54,11.47,6.26,1.72,2.16,9.04,584.23
44289.58,11.39,5.93,2.2,2.68,7.36,583.12
44289.62,11.71,6.01,2.35,3.04,7.09,582.75
44289.67,10.55,6.66,2.31,0.02,8.61,582.26
44289.71,9.98,7.29,2.29,0.03,8.81,582.37
44289.75,6,5.15,2.05,3.13,10,582.36
44289.79,5.88,4.9,2.12,3.14,8.87,583.12
44289.83,6.2,4.85,1.98,0.21,10,583.65
44289.88,6.64,4.82,1.91,0.47,10,584.12
44289.92,6.21,4.43,1.51,0.5,10,584.86
44289.96,3.49,3.17,1.35,0.42,9.99,585.26
44290,3.57,3.37,1.21,0.34,10,585.41
44290.04,3.14,3.14,1.09,0.15,9.94,585.13
44290.08,3.35,3.32,0.85,3.14,9.99,584.99
44290.12,3.41,3.25,0.68,2.73,9.92,584.66
44290.17,3.2,3.19,0.43,2.95,10,584.3
44290.21,3.31,3.32,0.09,1,9.89,584.27
44290.25,3.02,3.02,0.29,0.95,9.96,584.05
44290.29,3.02,3.02,0.21,1.36,10,584.4
44290.33,3.23,3.04,0.22,1.04,8.62,584.79
44290.38,4.12,3.77,0.77,2.61,8.68,585.39
44290.42,7.27,5.32,1.06,2.52,6.64,585.26
44290.46,7.74,5.79,1.3,2.48,5.56,585.27
44290.5,8.06,5.84,1.53,2.46,4.12,584.77
44290.54,11.8,6.94,1.9,2.62,4.3,584.15
44290.58,11.56,7.36,1.8,2.35,7.24,583.38
44290.62,11.08,7.47,2.39,2.87,7,582.77
44290.67,11.02,7.69,2.24,3.12,8.44,582.5
44290.71,10.26,8.14,2.14,0.02,7.96,582.36
44290.75,7.09,6.88,1.61,3.03,9.28,582.57
44290.79,6.47,6.24,1.67,0.07,10,582.66
44290.83,6.51,5.76,1.75,0.34,10,583.55
44290.88,6.83,5.67,1.8,0.51,10,584.23
44290.92,6.72,5.78,1.42,0.58,10,584.85
44290.96,5.69,5.21,1.02,0.44,10,584.98
44291,5.71,5.23,0.86,0.27,10,585.03
44291.04,5.56,5.09,0.84,2.87,10,584.8
44291.08,5.65,5.06,0.74,2.71,10,584.53
44291.12,5.97,5.09,0.62,2.89,10,584.2
44291.17,5.71,4.97,0.74,0.15,10,583.97
44291.21,5.74,5.19,0.83,0.3,10,584.18
44291.25,5.27,4.97,0.94,0.16,10,584.84
44291.29,5.31,5,0.99,0.22,10,584.82
44291.33,5.18,4.73,1.05,0.18,10,585.52
44291.38,5.2,4.82,1.16,0.07,10,586.08
44291.42,7.25,5.92,1.09,2.84,10,586.09
44291.46,7.74,5.99,1.22,2.42,10,586.06
44291.5,8.06,5.75,1.31,2.16,9.82,585.84
44291.54,11.12,6.4,1.54,1.89,10,584.98
44291.58,11.55,6.84,1.72,2.1,10,584.59
44291.62,11.68,7.11,1.93,2.51,9.72,583.77
44291.67,10.87,7.71,1.94,2.85,10,583.56
44291.71,10.53,7.98,1.78,2.87,10,583.27
44291.75,9.44,7.28,1.21,2.89,9.46,583.75
44291.79,8.64,7.43,1.06,0.01,6.97,583.53
44291.83,8.33,7.36,1.3,0.47,5.53,584.01
44291.88,8.28,7.26,1.25,0.58,8.37,584.56
44291.92,8.14,7.3,0.74,0.42,10,585.12
44291.96,6.83,6.45,0.18,2.73,10,585.6
44292,7,6.58,0.62,0.29,10,585.36
44292.04,7.06,6.7,1.14,0.15,10,584.89
44292.08,7.24,6.71,1.15,3.06,10,584.42
44292.12,7.39,6.6,1.13,3.01,10,583.89
44292.17,7.18,6.65,1.08,3.08,10,583.86
44292.21,7.41,6.52,0.93,2.99,10,583.68
44292.25,6.83,6.59,1.39,3.12,10,583.63
44292.29,7.16,6.47,1.16,3.03,10,583.76
44292.33,7.79,6.79,0.53,2.71,10,584.52
44292.38,9,7.34,0.59,3.09,10,585.06
44292.42,10.27,6.82,1.05,2.84,10,585.33
44292.46,10.45,7.06,1.04,2.53,10,585.59
44292.5,10.61,7.45,1.17,2.62,10,585.42
44292.54,10.91,7.87,1.25,2.76,10,585.31
44292.58,10.27,8.77,1.47,2.82,10,584.56
44292.62,10.04,8.98,1.77,2.89,10,584.23
44292.67,9.47,8.81,1.74,3.01,10,583.94
44292.71,9.09,8.82,1.77,3.13,10,583.7
44292.75,7.27,7.27,1.6,0.17,10,584.3
44292.79,6.99,6.99,1.66,0.26,10,584.23
44292.83,7.19,7.19,1.49,0.4,10,584.73
44292.88,7.02,7.02,1.42,0.55,10,585.26
44292.92,6.74,6.74,1.36,0.6,10,585.68
44292.96,5.89,5.89,1.27,0.71,10,585.79
44293,5.81,5.81,1.04,0.72,10,585.88
44293.04,5.77,5.77,1.03,0.65,10,585.68
44293.08,5.86,5.85,0.94,0.81,10,585.29
44293.12,6.01,5.95,0.86,0.96,10,585.05
44293.17,6.06,5.9,0.74,0.93,10,584.85
44293.21,6.19,6.06,0.7,0.8,10,584.65
44293.25,5.9,5.75,0.96,0.62,10,584.81
44293.29,6.04,5.81,0.75,0.54,10,584.98
44293.33,5.6,5.54,0.83,0.6,10,585.51
44293.38,4.78,4.71,0.89,0.74,10,586
44293.42,7.31,6.08,1.03,0.68,10,586.27
44293.46,6.85,6.16,1.19,0.51,10,586.25
44293.5,6.63,5.92,1.38,0.23,10,585.98
44293.54,9.02,6.37,1.58,0.08,10,585.62
44293.58,8.17,6.21,1.65,0.07,10,585.19
44293.62,8.32,6.25,1.66,3.14,10,584.62
44293.67,8.3,5.8,1.5,3.09,10,584.21
44293.71,7.94,5.8,1.46,3.05,10,583.9
44293.75,5.48,4.85,1.22,0.17,9.7,584.4
44293.79,6.47,5.75,0.99,0.36,9.89,584.58
44293.83,7.26,6.29,0.99,0.2,9.66,585.07
44293.88,8.1,6.72,0.91,0.44,9.81,585.42
44293.92,7.73,6.49,0.81,0.51,9.77,585.8
44293.96,6.03,5.84,0.68,0.64,9.89,585.95
44294,6.32,6.07,0.54,1.06,9.89,585.82
44294.04,6.42,6.07,0.69,1.16,10,585.68
44294.08,6.64,6.04,0.58,1.38,10,585.56
44294.12,6.45,5.83,0.32,1.24,9.95,585.09
44294.17,5.82,5.42,0.5,2.46,9.87,585.12
44294.21,5.86,5.48,0.63,2.43,9.8,584.86
44294.25,5.21,4.77,0.38,1.97,9.68,585.32
44294.29,5.54,4.75,0.29,2.4,9.29,585.36
44294.33,5.85,4.53,0.37,3.07,9,585.58
44294.38,6.06,4.61,0.34,1.48,9.04,585.99
44294.42,7.96,4.99,0.81,2.66,10,585.95
44294.46,9.56,5.84,1.04,2.64,10,585.84
44294.5,10.23,6.41,1.2,2.65,10,585.59
44294.54,12.2,6.59,1.4,2.71,10,585.14
44294.58,11.86,6.6,1.69,2.86,10,584.65
44294.62,11.49,6.74,1.86,2.93,10,584.2
44294.67,11.32,6.83,1.87,2.96,10,583.89
44294.71,10.73,6.94,1.81,3.05,9.96,583.49
44294.75,8.83,6.43,1.53,3.13,9.52,583.8
44294.79,8.74,6.44,1.3,3.12,9.61,583.66
44294.83,8.9,6.95,1.13,0.16,9.77,584.12
44294.88,9.03,7.09,1.09,0.13,8.83,584.34
44294.92,8.6,7.28,0.96,0.23,10,584.8
44294.96,7.25,6.48,0.92,0.22,10,584.87
44295,7.35,6.7,0.85,3.11,10,584.79
44295.04,7.49,6.92,0.7,2.82,10,584.43
44295.08,7.71,7.01,0.45,2.8,10,584.28
44295.12,7.76,7.35,0.35,1.51,10,583.65
44295.17,7.37,7.12,0.39,1.12,10,583.43
44295.21,7.51,7.29,0.24,0.71,10,583.1
44295.25,6.9,6.87,0.25,1.68,10,583.19
44295.29,7.21,7.21,0.25,1.52,10,583.31
44295.33,7.72,7.3,0.41,1.75,10,583.81
44295.38,7.71,7.16,0.56,2.22,10,584.11
44295.42,9.46,7.61,0.55,2.31,10,584.26
44295.46,9.61,7.85,0.84,2.5,10,584.32
44295.5,9.59,7.87,1.04,2.72,10,584.14
44295.54,12.27,8.89,1.36,2.92,10,583.73
44295.58,12.1,9.07,1.69,3.05,10,583.32
44295.62,11.25,9.03,1.73,0.04,10,582.82
44295.67,10.32,8.97,1.9,0.08,10,582.66
44295.71,9.96,8.83,1.89,0.05,10,582.38
44295.75,7.73,7.72,1.6,0.1,10,582.6
44295.79,7.88,7.88,1.59,0.39,10,582.99
44295.83,8.18,8.18,1.44,0.38,10,583.38
44295.88,8.28,8.01,1.53,0.53,10,583.71
44295.92,8.32,8.01,1.56,0.49,10,584.29
44295.96,6.44,6.44,1.52,0.46,10,584.72
44296,6.55,6.55,1.51,0.48,10,584.78
44296.04,6.51,6.5,1.3,0.52,10,584.71
44296.08,6.67,6.55,1.15,0.54,10,584.56
44296.12,6.78,6.52,1.03,0.62,10,584.34
44296.17,6.09,6.09,0.94,0.58,10,584.1
44296.21,6.12,5.95,0.82,0.5,10,583.91
44296.25,6.35,6.13,1.05,0.38,10,584.42
44296.29,6.3,6.19,0.87,0.3,10,584.33
44296.33,6.15,5.93,0.89,0.3,10,584.8
44296.38,5.83,5.62,0.84,2.98,10,585.15
44296.42,8.63,7.67,0.93,2.64,10,585.08
44296.46,8.78,7.52,0.99,2.53,10,585.15
44296.5,9.09,7.57,1.23,2.52,10,584.86
44296.54,11.18,8.6,1.59,2.7,10,584.29
44296.58,10.48,8.47,1.93,2.89,10,583.81
44296.62,10.01,8.63,1.96,2.91,10,583.39
44296.67,9.46,8.4,2.04,3.07,10,582.93
44296.71,9.45,8.63,1.93,0.17,10,582.74
44296.75,7.06,7.03,2.02,0.32,10,582.78
44296.79,6.32,6.32,1.81,0.31,10,583.03
44296.83,6.49,6.49,1.75,0.42,10,583.64
44296.88,6.44,6.44,1.67,0.46,10,584.07
44296.92,6.52,6.52,1.49,0.42,10,584.45
44296.96,4.74,4.72,1.38,0.37,10,584.89
44297,4.94,4.72,1.24,0.32,10,585.03
44297.04,4.7,4.71,1.06,0.23,10,584.81
44297.08,5.03,4.76,0.84,0.22,10,584.56
44297.12,5.13,4.97,0.68,0.1,10,584.3
44297.17,4.8,4.69,0.49,0.05,10,583.85
44297.21,5.05,4.83,0.36,0.67,10,583.98
44297.25,5.15,4.92,0.5,1.38,10,584.59
44297.29,4.94,4.93,0.42,1.22,10,584.66
44297.33,5.23,4.83,0.52,0.52,10,584.91
44297.38,5.15,4.57,0.33,2.93,10,585.36
44297.42,7.53,6.19,0.8,2.49,10,585.43
44297.46,8.22,6.47,1.22,2.49,10,585.41
44297.5,9.66,7.31,1.47,2.52,10,584.97
44297.54,11.23,7.83,1.59,2.43,8.62,584.73
44297.58,10.78,8.49,2.07,2.7,9.1,583.69
44297.62,10.63,8.62,2.17,2.69,10,583.4
44297.67,10.45,9.11,2.09,3,10,582.68
44297.71,9.99,9.04,2.29,0.14,8.44,582.78
44297.75,7.29,7.12,2.39,0.19,10,583.36
44297.79,7.13,6.65,1.97,0.32,10,583.76
44297.83,7.5,6.64,1.5,0.34,10,583.91
44297.88,7.7,6.67,1.19,0.34,10,584.38
44297.92,7.5,6.75,1.24,0.43,10,584.81
44297.96,5.42,5.36,1.13,0.55,10,585.31
44298,5.67,5.66,1.11,0.52,10,585.7
44298.04,5.63,5.58,0.92,0.65,10,585.51
44298.08,5.82,5.63,0.62,0.76,10,585.38
44298.12,6,5.72,0.46,0.89,10,585.14
44298.17,5.63,5.38,0.34,0.88,10,584.82
44298.21,5.97,5.47,0.24,0.83,10,584.76
44298.25,6.15,6.02,0.37,2.89,10,584.99
44298.29,5.91,5.71,0.49,1.28,10,584.98
44298.33,6.16,5.72,0.49,0.93,10,585.41
44298.38,5.88,5.32,0.58,0.86,10,585.75
44298.42,10.73,7.68,0.6,1.47,9.04,585.76
44298.46,11.3,7.95,0.63,2.24,7.96,585.7
44298.5,11.72,8.09,1.14,2.59,7.78,585.54
44298.54,14.89,8.59,1.49,2.44,8.34,584.95
44298.58,14.15,8.43,2.31,2.94,5.38,584.14
44298.62,13.18,8.67,2.34,2.98,6.28,583.67
44298.67,12.3,9.18,2.28,0.07,10,583.19
44298.71,11.25,9.42,2.03,0.07,8.55,583.21
44298.75,8.94,8.38,2.24,0.24,9.46,583.78
44298.79,8.63,7.57,1.87,0.36,10,583.91
44298.83,8.83,7.84,1.55,0.33,10,584.55
44298.88,9.03,7.88,1.36,0.29,10,585.14
44298.92,8.93,7.85,1.26,0.31,10,585.41
44298.96,6.77,6.61,1.24,0.46,9.81,586.02
44299,7.01,6.79,1.27,0.37,9.51,585.97
44299.04,6.71,6.71,1.08,0.39,9.4,585.94
44299.08,6.93,6.82,0.9,0.43,9.85,585.68
44299.12,7.3,6.83,0.8,0.58,9.4,585.33
44299.17,6.75,6.74,0.56,0.4,9.96,584.95
44299.21,6.95,6.77,0.32,3.02,10,584.92
44299.25,6.42,6.23,0.73,2.54,9.92,584.77
44299.29,6.29,6.21,0.6,1.77,9.96,585.08
44299.33,6.66,6.05,0.57,1.32,9.62,584.92
44299.38,6.6,5.74,0.66,1.03,10,585.17
44299.42,11.37,7.84,0.77,1.55,10,585.05
44299.46,11.7,7.68,1.07,1.9,10,584.88
44299.5,12.06,7.79,1.29,1.87,9.76,584.4
44299.54,15.05,8.27,1.82,2.35,8.92,584.01
44299.58,15.45,7.88,1.99,2.85,5.94,583.15
44299.62,14.14,8.44,2.27,2.97,5.89,582.83
44299.67,12.64,9.26,2.31,0,9.16,582.29
44299.71,11.89,9.84,2.35,0.21,8.37,582.02
44299.75,9.48,8.64,2.08,0.33,9.02,582.3
44299.79,9.5,8.41,2.01,0.38,9.47,582.63
44299.83,9.84,8.36,1.59,0.3,10,583.09
44299.88,9.97,8.58,1.71,0.5,10,583.66
44299.92,9.43,8.47,1.48,0.44,10,584.54
44299.96,7.24,6.89,1.52,0.47,10,584.99
44300,7.5,7.41,1.43,0.41,10,585.16
44300.04,7.46,7.34,1.36,0.48,10,585.23
44300.08,7.78,7.31,1.35,0.49,10,585.07
44300.12,8.06,7.25,1.35,0.53,10,584.65
44300.17,7.68,6.72,1.21,0.67,10,584.64
44300.21,8.14,7.01,1.19,0.6,10,584.4
44300.25,8.03,7.6,1.07,0.35,10,584.67
44300.29,7.65,7.19,1.02,0.26,10,584.76
44300.33,7.8,7.49,0.98,0.07,10,585.06
44300.38,7.58,6.87,1.17,0.09,10,585.36
44300.42,9.94,8.51,1.27,0,10,585.28
44300.46,10,8.58,1.29,2.98,10,585.09
44300.5,9.97,8.4,1.45,2.87,7.9,584.63
44300.54,12.33,8.92,1.49,2.76,7.06,584
44300.58,11.83,8.78,1.62,2.62,6.76,583.11
44300.62,11.95,8.83,1.81,2.83,9.22,582.48
44300.67,11.8,9.11,1.77,2.99,7.96,581.78
44300.71,11.85,9.22,1.64,3.01,8.2,581.49
44300.75,7.61,7.61,1.74,0.35,10,582.07
44300.79,7.81,7.81,1.81,0.5,10,582.65
44300.83,8.12,8.12,1.72,0.56,10,583.33
44300.88,8.23,8.17,1.58,0.59,10,583.79
44300.92,8.02,7.79,0.97,0.35,10,583.92
44300.96,6.47,6.47,0.54,2.77,10,584.16
44301,6.22,6.23,0.74,1.91,10,583.94
44301.04,6.54,6.54,1.07,1.18,10,583.71
44301.08,6.83,6.59,0.97,0.7,9.92,583.27
44301.12,7.13,6.57,1.11,0.45,9.94,582.78
44301.17,6.81,6.81,1.16,0.43,9.66,582.17
44301.21,6.84,6.84,0.98,0.13,9.08,582.25
44301.25,6.64,6.64,0.66,1.96,10,582.09
44301.29,6.41,6.41,0.83,1.84,10,582.75
44301.33,6.36,6.36,0.69,1.54,10,582.96
44301.38,7.25,6.92,0.88,0.45,9.16,583.42
44301.42,10.19,8.6,1.04,0.02,9.94,583.94
44301.46,10.65,8.89,1.23,2.93,7.96,584.13
44301.5,10.68,8.66,1.37,2.78,8.08,583.83
44301.54,11.97,9.27,1.7,2.83,8.08,583.38
44301.58,11.43,9.37,2.32,3.06,9.82,582.81
44301.62,10.53,9.57,2.42,0.07,10,582.37
44301.67,10.59,9.89,2.55,0.15,10,582.23
44301.71,10.08,9.36,2.5,0.29,10,582.24
44301.75,7.38,7.38,2.19,0.38,10,583.03
44301.79,6.81,6.65,1.97,0.51,10,583.29
44301.83,6.75,6.59,1.97,0.54,10,583.93
44301.88,6.73,6.55,1.79,0.52,10,584.69
44301.92,6.82,6.64,1.78,0.54,10,585.25
44301.96,5.26,5.26,1.71,0.56,10,585.58
44302,5.37,5.37,1.31,0.47,10,585.78
44302.04,5.27,5.27,1.27,0.7,10,585.6
44302.08,5.61,5.47,1.07,0.85,10,585.42
44302.12,5.9,5.62,1.05,0.97,10,585.11
44302.17,5.57,5.27,1.02,1.01,10,585
44302.21,5.51,5.02,1.02,0.92,10,585.01
44302.25,6.54,5.46,0.86,0.55,10,584.85
44302.29,6.85,5.63,0.65,2.97,10,585.02
44302.33,6.56,5.39,0.63,1.82,10,585.43
44302.38,6.1,5.17,0.9,1.34,10,585.61
44302.42,9.84,6.31,0.74,1.42,10,585.59
44302.46,10.49,6.71,0.58,2.1,10,585.75
44302.5,10.82,6.79,0.86,2.61,10,585.51
44302.54,14.15,7.38,1.37,2.96,10,585.58
44302.58,13.58,7.46,1.62,3.13,10,585.07
44302.62,12.68,7.46,1.69,3.09,10,584.84
44302.67,12.72,8.36,1.79,3.01,10,584.37
44302.71,12.13,8.52,1.9,3.04,10,584.37
44302.75,9.61,7.97,1.94,3.1,10,585.04
44302.79,9.2,7.89,1.66,0.14,10,584.79
44302.83,9.26,8.2,1.19,0.25,10,585.55
44302.88,9.65,8.31,1.2,0.42,10,586.02
44302.92,9.59,8.3,1.35,0.52,10,586.82
44302.96,8.25,7.76,1.26,0.45,10,587.18
44303,8.27,7.8,1.34,0.4,10,587.29
44303.04,8.26,7.83,1.19,0.25,10,587.38
44303.08,8.45,7.91,1.06,0.12,10,587.14
44303.12,8.43,7.72,0.98,0.28,10,586.89
44303.17,7.44,7.15,0.62,0.45,10,586.54
44303.21,7.39,6.98,0.57,0.82,10,586.37
44303.25,6.8,6.74,0.57,2.83,10,586.51
44303.29,7.02,6.67,0.61,2.73,10,586.55
44303.33,7.34,6.52,0.88,2.8,10,587.12
44303.38,7.24,6.05,0.97,3.07,10,587.28
44303.42,9.22,7.14,1.19,3.1,10,587.54
44303.46,9.42,7.32,1.26,3.02,10,587.41
44303.5,9.62,7.34,1.31,2.85,10,587.29
44303.54,11.03,7.82,1.4,2.81,10,586.51
44303.58,10.6,7.8,1.52,2.96,10,585.95
44303.62,10.22,7.92,1.68,2.97,10,585.22
44303.67,10.14,8.24,1.81,2.97,10,584.72
44303.71,9.75,8.17,1.77,3.08,10,584.09
44303.75,7.75,7.68,1.44,3.07,10,584.39
44303.79,7.94,7.89,1.25,3.09,10,584.39
44303.83,8.14,7.87,1.17,0.35,10,584.8
44303.88,8.33,7.76,1.18,0.6,10,584.98
44303.92,8.4,7.62,1.03,0.72,10,585.3
44303.96,7.44,7.41,0.9,0.63,10,585.29
44304,7.7,7.3,0.74,0.41,10,585.29
44304.04,8.12,7.19,0.65,0.28,10,585.06
44304.08,8.09,7.48,0.6,3.08,10,584.68
44304.12,8.3,7.62,0.55,2.82,10,584.53
44304.17,7.98,7.56,0.5,2.88,10,584.12
44304.21,8.24,7.59,0.52,2.75,10,583.97
44304.25,7.93,6.86,0.65,3.09,10,584.51
44304.29,7.87,7.26,0.98,0,10,584.24
44304.33,7.95,7.44,1.11,3.09,10,584.69
44304.38,7.56,6.89,1.2,0.11,10,584.81
44304.42,8.64,7.81,1.2,0.1,10,584.94
44304.46,8.13,7.69,1.28,3.13,10,584.9
44304.5,8.57,8.04,1.4,3.07,10,584.64
44304.54,10.37,8.6,1.52,3.1,10,584.02
44304.58,10.31,8.68,1.73,3.05,10,583.57
44304.62,10.27,8.64,1.94,0.01,10,583.01
44304.67,9.87,8.54,2.16,0.26,10,582.63
44304.71,9.66,8.77,1.68,0.12,10,582.47
44304.75,7.84,7.84,1.63,0.24,10,582.88
44304.79,7.52,7.48,1.37,0.32,10,582.69
44304.83,7.78,7.73,1.22,0.26,10,583.13
44304.88,8.04,7.71,1.17,0.16,10,583.3
44304.92,7.7,7.28,1.04,0.32,10,583.75
44304.96,6.47,6.47,1.05,0.33,10,583.64
44305,6.7,6.7,0.77,0.32,10,583.5
44305.04,6.79,6.79,0.67,0.21,10,583.07
44305.08,7.02,6.7,0.49,2.7,10,582.65
44305.12,7.18,6.61,0.52,2.2,10,582.22
44305.17,6.68,6.41,0.47,2.04,10,581.82
44305.21,6.95,6.5,0.47,1.4,10,581.52
44305.25,7.4,6.91,0.38,1.14,10,581.68
44305.29,7.48,6.97,0.4,1.37,10,581.65
44305.33,7.25,6.88,0.6,1.61,10,581.8
44305.38,7.22,6.99,0.69,1.5,10,582.02
44305.42,10.5,8.15,0.88,1.8,10,581.92
44305.46,10.76,8.72,1.27,1.95,10,581.71
44305.5,11.23,8.94,1.48,2.01,10,581.17
44305.54,13.27,9.07,1.65,2.21,9.94,580.39
44305.58,13.71,9.92,1.6,2.6,8.5,579.89
44305.62,13.29,10.23,1.68,2.8,8.32,579.35
44305.67,13.98,10.96,1.87,3.06,6.04,579
44305.71,13.37,11.25,1.97,0.08,6.76,578.9
44305.75,9.3,9.3,1.9,0.22,10,578.93
44305.79,8.77,8.74,2.02,0.22,10,579.34
44305.83,8.88,8.84,1.98,0.33,10,580.02
44305.88,9,8.65,1.68,0.33,10,580.51
44305.92,9.07,8.49,1.55,0.35,10,580.88
44305.96,7.12,7.02,1.35,0.37,10,581.07
44306,7.27,6.97,1.13,0.44,10,581.29
44306.04,7.1,6.78,0.89,0.39,10,581.16
44306.08,7.14,6.66,0.9,0.36,10,580.85
44306.12,7.17,6.67,0.92,0.38,10,580.56
44306.17,6.8,6.58,0.77,0.43,10,580.46
44306.21,6.97,6.63,0.49,0.47,10,580.45
44306.25,7.24,6.7,0.37,2.81,10,580.3
44306.29,7.55,6.58,0.45,0.72,10,580.74
44306.33,7.1,6.45,0.48,0.79,10,581.27
44306.38,7.23,6.16,0.17,1.39,10,581.44
44306.42,11.42,7.98,0.75,1.9,9.76,581.77
44306.46,11.79,8.15,1.08,1.78,9.52,581.96
44306.5,12.16,8.23,1.22,1.75,7.9,581.54
44306.54,15.5,9.24,1.84,2.56,4.32,581.07
44306.58,16.02,9.46,2.04,2.71,5.8,580.46
44306.62,15.27,9.48,2.03,2.8,7.88,580.36
44306.67,14.43,10.16,2.3,3.08,4.32,579.91
44306.71,13.75,10.37,2.05,0.08,4.2,580.02
44306.75,9.7,8.68,2.04,0.17,9.99,580.5
44306.79,9.4,8.99,1.85,0.06,9.98,580.95
44306.83,9.6,9.21,1.64,0.18,9.96,581.22
44306.88,10.13,9.33,1.43,0.28,9.97,581.86
44306.92,10.32,9.35,1.21,0.28,9.95,582.47
44306.96,8.23,7.9,1.06,0.32,9.93,582.62
44307,8.55,8.33,1.18,0.41,10,582.78
44307.04,8.21,8.21,1,0.32,10,582.71
44307.08,8.17,8.18,0.65,0.46,10,582.43
44307.12,8.48,8.4,0.47,0.84,10,581.79
44307.17,7.4,7.4,0.37,1.33,10,581.64
44307.21,7.45,7.45,0.38,1.84,10,581.81
44307.25,8.06,8.06,0.56,2.68,10,582.19
44307.29,7.82,7.62,0.53,1.24,10,582.19
44307.33,8.16,7.42,1.37,0.68,10,582.61
44307.38,8.66,7.18,1.32,0.57,8.69,582.96
44307.42,14.88,9.55,0.83,0.67,4.11,583.22
44307.46,14.9,9.54,0.67,1.24,4.09,583.39
44307.5,15.46,8.86,1.02,1.48,3.17,582.86
44307.54,20.42,8.91,1.24,1.6,3.3,582.29
44307.58,21.34,8.83,1.47,1.95,4.96,581.71
44307.62,21.42,8.68,1.84,2.46,4.66,581.25
44307.67,21.47,9.85,1.94,2.88,6.76,580.98
44307.71,20.18,10.97,2.16,3.07,6.86,581.22
44307.75,15.2,10.18,2.27,0.24,5.21,581.67
44307.79,14.61,10.71,1.95,0.12,3.65,582.06
44307.83,14.08,12.17,1.97,0.21,5.42,582.5
44307.88,14.33,12.58,1.19,0.09,10,582.96
44307.92,14.02,12.4,1,3.1,10,583.43
44307.96,11.15,10.87,0.95,3.13,10,583.59
44308,11.44,11.17,0.7,0.1,10,583.56
44308.04,11.35,11.05,0.48,0.12,10,583.33
44308.08,11.49,11.03,0.23,3.09,10,582.84
44308.12,11.73,11.11,0.1,0.77,10,582.49
44308.17,11.34,11.24,0.29,0.06,10,581.99
44308.21,11.08,10.88,0.46,2.25,10,581.97
44308.25,11.23,10.72,0.36,2.49,10,582.06
44308.29,11.06,10.51,0.56,2.47,10,582.2
44308.33,10.4,10.37,0.45,2.54,10,582.46
44308.38,10,9.7,0.53,1.28,8.02,582.71
44308.42,15.58,12.03,1.07,1.93,4.66,582.43
44308.46,16.17,12.23,1.53,1.96,4,582.18
44308.5,16.74,12.14,1.6,1.86,4.18,581.54
44308.54,21.03,12.82,1.94,1.62,5.77,581.13
44308.58,21.45,11.76,1.96,2.06,4.36,580.17
44308.62,21.64,11.23,1.62,2.22,3.63,579.74
44308.67,22.04,10.68,1.68,2.74,4.34,579.01
44308.71,21.2,10.59,1.76,3.08,3.63,578.93
44308.75,17.63,10.17,1.94,0.2,7.8,578.86
44308.79,16.79,11.62,1.31,0.06,6.98,579.09
44308.83,15.73,12.82,1.3,2.92,7.71,579.44
44308.88,15.56,13.18,1.07,3.08,6.23,579.71
44308.92,14.76,12.84,1.04,0.19,8.56,579.99
44308.96,12.68,11.74,1.08,0.24,9.95,580.36
44309,12.86,11.62,0.94,0.24,10,580.18
44309.04,12.66,11.36,0.97,0.31,10,580.08
44309.08,12.96,11.42,0.79,0.36,10,579.63
44309.12,13.34,11.72,0.57,0.56,10,579.33
44309.17,12.21,11.38,0.37,0.78,10,579.19
44309.21,12.18,11.47,0.27,0.47,10,579.03
44309.25,11.99,11.1,1.06,2.84,10,579.35
44309.29,11.72,10.95,0.86,2.4,10,579.72
44309.33,11.84,11.17,0.97,1.45,10,579.68
44309.38,11.67,11.12,1.18,1.3,7,579.66
44309.42,16.73,12.38,1.42,1.44,7.06,579.6
44309.46,17.64,12.26,1.55,1.57,6.05,579.27
44309.5,18.28,12.07,1.59,1.77,3.13,578.98
44309.54,22.34,12.69,1.62,2.07,2.42,578.35
44309.58,22.67,12.38,1.67,2.05,0.57,577.56
44309.62,22.56,11.11,1.58,2.1,0.94,577.09
44309.67,22.4,11.32,1.52,2.56,1.75,576.82
44309.71,21.12,11.97,1.79,2.93,2.22,576.72
44309.75,19.09,9.82,2.04,3.11,4.3,576.82
44309.79,17.47,11.69,1.61,0.23,5.92,577.92
44309.83,16.64,13.43,1.28,0.25,6.58,578.24
44309.88,15.92,13.86,1.21,0.3,8.62,579.14
44309.92,15.43,13.86,1.38,0.5,10,579.81
44309.96,12.61,12.22,1.25,0.63,10,580.15
44310,13.03,12.78,1.39,0.69,10,580.49
44310.04,12.72,12.32,1.3,0.72,9.99,580.51
44310.08,12.83,12.22,1.07,0.89,9.99,580.55
44310.12,13.14,12.25,0.79,0.91,10,580.57
44310.17,12.63,11.75,0.81,0.86,10,580.86
44310.21,12.71,12,0.85,0.98,10,580.93
44310.25,11.71,11.28,0.94,0.09,10,581.53
44310.29,12.03,11.28,0.75,2.92,10,581.88
44310.33,12.07,11.21,0.72,2.38,10,582.54
44310.38,12.05,11.35,0.95,2.18,9.96,582.85
44310.42,15.36,12.71,1.29,2.42,9.16,583.27
44310.46,15.83,12.85,1.5,2.66,8.76,583.62
44310.5,15.66,12.48,1.55,2.74,8.13,583.27
44310.54,18.29,12.68,1.7,2.87,4.77,582.99
44310.58,17.92,12.48,1.98,3.04,5.05,582.46
44310.62,17.35,12.52,2,3.1,5.68,582.3
44310.67,17.18,13.34,2.11,0.16,5.8,581.91
44310.71,16.09,14.06,2.43,0.16,8.38,582
44310.75,11.45,11.19,2.41,0.28,9.46,582.43
44310.79,11.31,11.31,2.1,0.42,10,582.61
44310.83,12.16,11.92,2.01,0.53,10,583.42
44310.88,12.69,12.06,1.86,0.65,10,584.12
44310.92,12.15,11.68,1.59,0.61,10,584.47
44310.96,10.95,10.95,1.51,0.61,10,584.84
44311,10.5,10.48,1.33,0.67,10,584.97
44311.04,10.27,10.27,1.37,0.77,10,584.91
44311.08,10.17,9.87,1.47,0.79,10,584.61
44311.12,10.36,9.8,1.42,0.76,10,584.34
44311.17,9.48,8.79,1.37,0.8,10,584.12
44311.21,9.56,8.91,1.38,0.79,10,584.16
44311.25,9.38,8.96,1.39,0.47,10,584.26
44311.29,9.28,8.83,1.29,0.53,10,584.6
44311.33,9.35,8.98,1.31,0.41,10,584.88
44311.38,10.01,9.98,1.45,0.37,10,585.02
44311.42,11.23,10.35,1.5,0.27,10,585.33
44311.46,11.14,10.39,1.45,0.02,10,585.28
44311.5,11.09,10.49,1.71,3,10,584.9
44311.54,13.72,11.46,1.87,2.94,10,584.5
44311.58,13.3,11.11,1.96,2.91,10,583.81
44311.62,13.01,11.13,2.13,3,10,583.42
44311.67,12.45,10.73,2.07,3.13,10,583.04
44311.71,12.34,11.15,2.17,0.12,10,582.89
44311.75,8.69,8.67,2.53,0.33,10,583.64
44311.79,8.4,7.81,2.32,0.47,10,584.24
44311.83,8.47,8.4,2.11,0.46,10,585.36
44311.88,8.78,8.29,2.08,0.55,10,586.2
44311.92,8.51,8.02,2.12,0.61,10,586.95
44311.96,6.82,6.19,1.79,0.61,10,587.44
44312,6.76,6.34,1.7,0.65,10,587.51
44312.04,6.81,6.31,1.46,0.66,10,587.24
44312.08,7.02,6.56,1.34,0.73,10,587.19
44312.12,7.4,6.64,1.04,1.01,10,586.81
44312.17,7.32,6.32,1.01,1.43,10,586.33
44312.21,7.96,6.4,0.83,1.71,9.88,586.19
44312.25,8.87,7.2,0.51,2.21,9.49,586.02
44312.29,8.85,6.86,0.68,2.85,8.3,585.73
44312.33,9.52,7.18,0.88,2.97,6.14,585.99
44312.38,10.37,6.79,0.41,2.89,4.53,585.56
44312.42,15.06,7.01,0.67,2.92,2.62,585.7
44312.46,15.1,6.34,1.2,2.79,4.12,585.44
44312.5,15.05,6.73,1.61,2.62,6.55,584.88
44312.54,17.11,6.77,1.89,2.69,6.29,584.28
44312.58,17.56,7.56,1.85,2.73,6.05,583.7
44312.62,16.73,7.39,1.84,2.82,6.69,583.13
44312.67,15.54,8.31,2.2,3.13,8.5,582.88
44312.71,14.4,9.04,2.31,0.1,10,582.76
44312.75,10.31,8.99,2.2,0.45,10,582.64
44312.79,10.55,9.15,1.9,0.5,9.97,583.19
44312.83,11.2,9.38,1.75,0.35,10,583.48
44312.88,11.49,9.58,1.51,0.42,10,584.62
44312.92,10.88,9.47,1.61,0.54,9.99,585.26
44312.96,9.79,9.04,1.65,0.58,9.98,586.07
44313,9.78,9.39,1.65,0.6,9.98,586.24
44313.04,9,8.42,1.71,0.56,9.97,586.35
44313.08,9.16,8.24,1.54,0.52,9.97,586.57
44313.12,9,7.68,1.61,0.5,9.87,586.41
44313.17,8.08,7.04,1.25,0.44,9.34,586.39
44313.21,7.77,6.93,1.05,0.24,9.28,586.54
44313.25,7.41,6.46,0.92,2.95,9.66,586.39
44313.29,7.43,6.33,0.77,2.7,8.05,586.42
44313.33,8.03,6.09,0.64,2.91,7.59,586.82
44313.38,8.3,5.32,0.72,2.3,8.49,586.75
44313.42,12.33,5.97,0.93,1.92,8.33,586.85
44313.46,12.96,6.74,1.15,2.15,9.12,586.85
44313.5,12.88,6.8,1.36,2.3,10,586.5
44313.54,15.15,7.43,1.62,2.3,10,586.05
44313.58,15.12,7.45,1.69,2.31,10,585.11
44313.62,15.08,7.53,1.73,2.49,10,584.49
44313.67,15.44,8.1,1.83,2.76,9.7,584.14
44313.71,14.71,8.14,2.01,2.98,9.09,583.76
44313.75,12.52,8.1,2.03,0.11,7.98,583.35
44313.79,12.01,7.99,1.77,0.28,6.61,583.83
44313.83,12.07,8.73,1.69,0.37,7.53,584.72
44313.88,12.24,8.58,1.47,0.39,10,585.31
44313.92,11.74,8.61,1.42,0.35,10,586.3
44313.96,9.85,8.55,1.45,0.26,10,587.02
44314,9.4,8.49,1.15,0.32,10,587.27
44314.04,9.09,8.68,1.15,0.34,10,587.26
44314.08,9.72,9.14,1.26,0.47,10,587.4
44314.12,10.14,9.48,1.21,0.48,10,587.19
44314.17,9.63,8.98,1.11,0.5,10,587.11
44314.21,9.68,9.13,1.17,0.48,10,587.08
44314.25,8.35,7.94,1.15,0.53,10,587.24
44314.29,8.38,7.92,1.28,0.64,10,587.41
44314.33,8.48,8.13,1.26,0.53,10,588.34
44314.38,8.39,8.25,1.22,0.39,10,588.68
44314.42,9.78,8.75,1.28,0.28,10,589.23
44314.46,9.58,8.94,1.23,0.39,10,589.33
44314.5,9.22,8.73,1.42,0.4,9.96,589.36
44314.54,9.04,8.18,1.49,0.47,9.92,588.99
44314.58,8.87,7.93,1.42,0.46,10,588.72
44314.62,8.25,7.7,1.12,0.59,10,588.27
44314.67,8.8,7.67,0.85,0.31,9.9,588.06
44314.71,9.17,7.75,0.62,3.01,10,587.75
44314.75,7.52,7.08,0.11,0.65,10,588.06
44314.79,7.83,7.01,0.46,2.09,10,588.07
44314.83,8.23,6.84,0.72,2.06,10,588.46
44314.88,8.44,6.57,1.14,1.21,9.92,588.67
44314.92,8.06,6.27,1.05,0.96,9.66,588.95
44314.96,6.67,5.53,1.13,0.71,9.92,588.96
44315,7.09,5.32,1.66,0.54,10,588.82
44315.04,6.72,4.84,2.03,0.42,9.76,588.74
44315.08,6.79,4.64,2.14,0.31,9.67,588.41
44315.12,6.37,4.25,2.26,0.24,9.57,587.89
44315.17,5.6,3.7,2.33,0.17,9.15,587.41
44315.21,5.51,3.38,2.32,0.11,4.94,587.14
44315.25,6.24,4.29,2.2,0.12,7.68,587
44315.29,6.13,4.6,2.43,0.09,7.08,587
44315.33,6.76,5.87,2.41,0.07,6.24,587.18
44315.38,8.23,7.58,2.11,0.2,5,587.2
44315.42,14.42,7.98,1.88,0.3,0.18,587.37
44315.46,15.46,7.33,1.55,0.49,0,587.33
44315.5,15.79,7.33,1.31,0.86,0,587.12
44315.54,19.83,7.21,1.05,1.17,0.81,586.48
44315.58,19.77,6.89,1.11,1.5,3.02,585.91
44315.62,19.42,6.62,1.17,1.59,3.43,585.32
44315.67,20.95,5.81,0.94,1.51,4.06,584.76
44315.71,20.86,5.75,0.92,2.01,4.11,584.34
44315.75,17.25,5.07,1.06,2.51,2.81,583.88
44315.79,17.24,7.26,0.84,2.53,1.06,584
44315.83,18.37,3.32,0.97,1.88,0.89,584.06
44315.88,17.79,2.86,1.05,0.34,0.56,584.32
44315.92,16.49,2.69,1.47,0.28,0.9,584.75
44315.96,13.02,2.92,1.45,0.07,0.88,585.03
44316,12.47,2.63,1.51,3.12,0,584.97
44316.04,11.22,2.34,1.57,3.1,4.96,584.88
44316.08,10.56,2.22,1.79,3.12,8.56,584.62
44316.12,9.93,2,2.04,3.14,6.12,584.3
44316.17,8.44,2.06,2.21,3.13,3.6,583.89
44316.21,8.04,1.69,2.28,3.13,7.06,583.55
44316.25,9.12,2.2,2.43,0.02,0.72,583.4
44316.29,9.34,2.58,2.42,3.13,2.85,583.83
44316.33,11.26,4.2,1.99,3.14,4.02,584.19
44316.38,13.09,6.17,1.49,0.19,3.25,584.28
44316.42,20.14,4.93,1.32,0.46,3.19,584.64
44316.46,20.13,6.09,1.06,0.66,4.39,584.53
44316.5,20.02,7.09,0.64,1.05,7.09,584.21
44316.54,23.61,7.19,0.52,2.4,8.96,584.05
44316.58,22.99,8.2,0.95,0.49,8.9,583.73
44316.62,22.14,9.59,1.71,0.53,9.06,583.24
44316.67,20,10.82,1.43,3.1,9.51,583.54
44316.71,20.47,11.78,1.61,0.32,9.42,583.46
44316.75,15.79,10.94,1.63,0.07,8.52,583.38
44316.79,16.19,11.58,1.34,0.8,9.48,583.76
44316.83,16.6,11.75,1.44,2.57,9.8,584.74
44316.88,17.12,12.58,0.75,2.96,9.99,584.63
44316.92,16.65,12.71,1.1,2.43,9.89,585.19
44316.96,13.57,11.78,0.85,2.58,9.84,585.46
44317,13.41,11.67,0.8,2.94,9.9,585.63
44317.04,12.71,11.31,1.08,3.02,9.62,585.64
44317.08,12.98,11.2,1.17,2.99,9.9,585.21
44317.12,12.94,11.17,1.37,3.02,9.62,584.92
44317.17,11.7,10.44,1.5,3.02,9.84,584.51
44317.21,11.61,10.27,1.56,3.03,9.68,584.47
44317.25,10.56,8.1,1.48,3.03,9.64,584.34
44317.29,11.2,8.26,1.38,2.97,9.3,584.77
44317.33,11.57,9.75,1.27,3.08,8.92,585.11
44317.38,12.94,9.22,0.91,0.54,9.6,585.44
44317.42,19.42,8.52,0.99,1.33,9.66,585.4
44317.46,19.76,8.36,1.27,1.66,8.99,585.29
44317.5,19.88,8.82,1.45,1.86,9.32,585.03
44317.54,23.06,9.36,1.7,1.95,9.46,584.56
44317.58,23.05,9.99,1.78,2.09,9.54,583.87
44317.62,22.45,10.28,1.58,2.31,9.7,583.17
44317.67,20.64,10.4,1.3,3.02,9.49,582.6
44317.71,19.66,11.66,0.48,0.88,9.94,582.68
44317.75,16.98,9.26,1.16,1.74,9.9,582.67
44317.79,16.95,11.03,0.77,1.51,9.94,582.95
44317.83,18.06,10.73,0.38,0.15,9.05,583.09
44317.88,18.16,10.65,0.95,3.12,7.01,583.16
44317.92,17.45,10.9,1.06,0.06,7.71,583.46
44317.96,14.65,10.52,1.16,0.14,8.67,583.77
44318,14.49,10.15,1.44,0.11,9.34,583.76
44318.04,13.68,9.83,1.82,0.29,9.6,583.5
44318.08,13.53,9.23,1.98,0.34,6.67,582.86
44318.12,13.5,8.71,1.92,0.25,2.6,582.42
44318.17,13.09,8.39,1.64,0.12,3.23,582.21
44318.21,13.41,8.03,1.38,0.02,3.14,582.38
44318.25,13.45,7.35,1.37,0.33,2.35,582.6
44318.29,12.65,8.07,1.63,0.1,3.32,582.8
44318.33,14.07,9.05,1.46,0.32,1.97,582.9
44318.38,15.52,9.74,1.64,0.76,3.59,582.99
44318.42,21.12,9.89,1.99,0.77,5.99,582.9
44318.46,21.28,9.89,1.78,0.79,5.74,582.87
44318.5,20.63,9.55,1.2,0.84,3.68,582.62
44318.54,22.98,9.83,0.96,1.44,3.84,582.33
44318.58,22.3,10.28,1.19,1.75,3.65,581.46
44318.62,21.98,10.62,1.53,1.76,6.08,580.82
44318.67,22.12,10.47,1.3,1.95,8.68,580.07
44318.71,21.52,11.28,0.61,1.71,9.23,580.14
44318.75,16.52,12.06,0.97,0.68,9.94,580.45
44318.79,16.73,13.28,1.36,0.66,8.18,580.22
44318.83,17.7,14.31,0.34,1.14,7.73,580.72
44318.88,17.79,14.27,0.49,0.16,5.44,581.11
44318.92,16.02,13.41,0.34,2.82,3.47,581.22
44318.96,14.25,12.34,0.58,2.73,3.08,581.28
44319,14.61,12.3,0.62,2.33,2.25,581.21
44319.04,14.26,12.06,0.86,1.83,4.66,581.09
44319.08,13.97,12.03,0.97,2.18,6.46,580.71
44319.12,14.09,12,0.72,2.45,6.1,580.69
44319.17,12.64,11.69,0.42,2.79,6.56,580.46
44319.21,12.34,11.28,0.82,2.03,5.85,580.7
44319.25,13.37,11.43,0.28,2.16,4.96,580.9
44319.29,13.3,11.27,0.67,1.85,4.18,580.94
44319.33,13.43,11.64,0.97,1.83,4.54,581.36
44319.38,13.38,11.52,0.84,1.53,5.86,581.77
44319.42,16.2,12.42,1.08,0.85,4.35,581.86
44319.46,16.21,13.76,1.31,0.47,5.95,582.31
44319.5,15.58,14.04,1.58,0.35,6.39,582.02
44319.54,16.82,14.91,1.63,2.97,7.11,582
44319.58,18.07,16.78,1.45,2.97,9.59,581.62
44319.62,17.61,14.95,1.34,3,9.78,581.06
44319.67,18.49,14.8,1.13,0.17,7.53,580.95
44319.71,16.92,13.71,0.99,2.82,9.13,580.48
44319.75,14.46,12.88,0.73,0.62,9.85,581.58
44319.79,14.94,12.6,0.43,1.51,9.88,581.24
44319.83,15.49,13,0.91,2,9.8,581.72
44319.88,15.18,13.02,0.75,2.09,8.34,581.97
44319.92,14.63,12.95,1.08,1.5,6.98,582.93
44319.96,11.93,11.72,1.33,1.04,9.05,583.19
44320,12.87,12.04,1.29,0.72,10,583.45
44320.04,13.12,12.2,0.85,0.79,10,583.52
44320.08,13.47,12.35,0.81,1.03,10,583.48
44320.12,13.51,12.33,1.08,1.45,10,583.3
44320.17,13.03,12.36,1.59,1.18,10,583.6
44320.21,12.91,12.19,2.1,1.01,10,583.77
44320.25,11.6,10.61,2.03,0.92,10,584.57
44320.29,11.4,10.42,1.79,0.81,10,584.97
44320.33,11.08,10.28,1.66,0.75,10,585.5
44320.38,10.83,9.89,1.32,0.75,10,585.78
44320.42,11.44,9.87,1.34,0.71,9.58,586.21
44320.46,11.26,10.25,1.43,0.67,9.28,586.18
44320.5,10.77,10.13,1.82,0.57,10,586.17
44320.54,10.52,9.76,2.03,0.54,10,585.88
44320.58,10.05,9.26,2,0.48,10,585.58
44320.62,9.88,9.19,1.88,0.48,10,585.15
44320.67,9.18,8.92,1.95,0.48,10,584.59
44320.71,9.08,9.03,1.79,0.32,10,584.52
44320.75,9.27,8.92,1.65,0.16,10,584.01
44320.79,9.24,8.9,1.51,0.24,10,584.67
44320.83,9.48,9.4,1.17,0.05,10,584.81
44320.88,9.72,9.69,1.04,0.1,10,585.03
44320.92,9.88,9.67,1.16,0.37,10,585.88
44320.96,8.84,8.84,1.2,0.43,10,585.94
44321,8.9,8.9,1.07,0.61,10,586.33
44321.04,8.72,8.72,1,0.45,10,586.02
44321.08,8.82,8.82,1.02,0.54,10,585.77
44321.12,8.94,8.84,1.12,0.63,10,585.68
44321.17,8.41,8.41,1.09,0.68,10,585.43
44321.21,8.46,8.46,1.13,0.57,10,585.59
44321.25,8.12,8.07,1.14,0.33,10,585.82
44321.29,8.02,7.85,1.05,0.59,10,585.96
44321.33,7.96,7.89,1.07,0.48,10,585.99
44321.38,7.79,7.79,1.11,0.4,10,585.96
44321.42,10.29,9.54,0.96,0.21,10,586.16
44321.46,9.91,9.37,0.93,2.95,10,586.11
44321.5,10.12,9.17,0.92,2.88,10,585.86
44321.54,11.2,9.44,1.13,2.74,10,585.44
44321.58,10.9,9.39,1.19,2.79,10,584.64
44321.62,10.78,9.29,1.2,2.84,10,584.02
44321.67,10.89,9.46,1.13,3.05,10,583.39
44321.71,11.16,9.73,1.59,3.11,10,582.64
44321.75,8.96,8.96,1.57,3.08,10,582.74
44321.79,9.06,9.06,1.23,3.1,10,583.06
44321.83,9.49,9.42,1.3,0.15,10,583.53
44321.88,9.67,9.49,1.33,0.33,10,583.91
44321.92,9.58,9.45,1.39,0.48,10,584.38
44321.96,8.11,8.11,1.32,0.66,10,584.93
44322,8.21,8.21,1.08,0.59,10,585.26
44322.04,8.06,8.06,0.94,0.55,10,585.34
44322.08,8.29,8.13,0.85,0.74,10,585.01
44322.12,8.4,8.13,0.63,0.64,10,584.46
44322.17,7.81,7.66,0.67,0.98,10,584.26
44322.21,7.92,7.42,0.76,0.76,10,584.01
44322.25,7.96,7.54,0.8,0.84,10,584.7
44322.29,8.12,7.61,0.9,0.93,10,584.89
44322.33,7.9,7.55,0.64,0.9,10,585.17
44322.38,8.22,7.6,0.34,1.11,10,585.19
44322.42,12.62,10.47,0.41,2.87,10,585.51
44322.46,12.28,10.48,0.8,2.43,10,585.65
44322.5,12.28,9.9,1.13,2.63,10,585.43
44322.54,14.19,10.42,1.52,3,10,585.09
44322.58,13.85,10.04,1.71,3.05,10,584.68
44322.62,13.26,10.14,1.81,3.08,8.92,584.25
44322.67,13.23,10.36,1.73,0.17,8.82,583.82
44322.71,12.94,10.39,1.85,0.07,10,583.34
44322.75,11.7,9.66,1.54,0.07,10,583.74
44322.79,11.76,9.71,1.14,0.04,9.96,583.92
44322.83,12.31,10.25,1.46,0.13,10,584.76
44322.88,12.48,10.71,1.07,0.15,10,585.19
44322.92,12.24,10.87,1.02,0.24,9.81,585.71
44322.96,10.19,9.83,0.83,0.24,10,585.99
44323,10.47,9.86,0.6,0.24,10,586.09
44323.04,10.43,9.66,0.43,0.5,10,586.05
44323.08,10.52,9.61,0.42,0.74,10,585.72
44323.12,10.81,9.69,0.46,0.85,10,585.45
44323.17,10.74,9.81,0.72,0.74,10,585.38
44323.21,10.87,9.8,0.64,0.79,10,585.17
44323.25,10.63,9.72,0.83,0.61,10,586.03
44323.29,10.55,9.68,0.87,0.44,10,586.35
44323.33,10.19,9.36,1.23,0.48,10,586.5
44323.38,9.45,9.06,1.27,0.51,10,586.84
44323.42,11.68,9.64,1.16,0.44,10,587.1
44323.46,11.35,9.65,1.12,0.33,10,587.01
44323.5,10.99,9.46,1.1,0.37,10,586.75
44323.54,12.24,9.9,1.1,0.26,10,586.38
44323.58,12.11,9.57,1.01,0.05,10,585.64
44323.62,12.18,9.4,0.69,0.05,10,585.1
44323.67,12.77,9.08,0.5,0.22,10,584.49
44323.71,12.61,8.94,0.78,0.34,10,583.81
44323.75,11.51,9.4,0.64,2.94,9.62,584.25
44323.79,11.81,9.65,0.29,2.43,7.67,584.13
44323.83,12.68,9.84,0.88,1.34,6.12,584.36
44323.88,12.47,9.76,1.06,0.34,7.84,584.49
44323.92,12.05,9.8,1.03,3.07,7.65,584.78
44323.96,10.1,9.27,0.97,2.81,4.94,585.08
44324,9.68,8.95,0.93,2.82,4.08,585.09
44324.04,9.34,8.61,0.88,2.77,5.27,585.08
44324.08,9.18,8.36,0.97,2.87,5.58,584.52
44324.12,9.13,8.08,1.13,2.92,5.89,584.41
44324.17,9.1,8.04,1.22,2.9,8.15,583.8
44324.21,9.37,7.96,1.25,2.82,8.41,583.9
44324.25,8.53,7.17,1.38,2.89,8.7,584.21
44324.29,8.69,7.58,1.22,2.88,9.22,584.48
44324.33,10.92,8.9,1.26,2.93,5.84,584.57
44324.38,12.01,9.12,0.78,3.05,2.9,584.85
44324.42,17.59,10.54,0.36,0.58,5.38,585
44324.46,17.78,11.22,0.41,2.38,5.89,584.92
44324.5,17.95,12.14,0.72,2.81,6.14,584.75
44324.54,20.34,12.45,1.05,2.8,4.67,584.48
44324.58,20.21,12.81,1.25,2.86,6.69,584.03
44324.62,19.09,12.73,1.48,2.94,5.73,583.58
44324.67,18.96,13.06,1.61,2.93,7.37,582.92
44324.71,18.91,13.01,0.44,2.07,9.43,582.78
44324.75,16.41,10.85,0.4,1.11,9.52,582.85
44324.79,16.93,11.4,0.52,2.13,7.62,583.02
44324.83,17.95,10.45,0.72,1.68,6.33,583.17
44324.88,17.75,11,0.64,0.25,4.78,583.16
44324.92,16.75,11.1,1.06,0.25,3.56,583.47
44324.96,12.29,10.06,1.27,0.06,3.62,583.38
44325,11.93,9.75,1.48,3.13,3.72,583.3
44325.04,11.14,9.37,1.54,3.08,2.42,583.11
44325.08,10.62,8.89,1.58,3.04,2.26,582.53
44325.12,10.26,8.61,1.58,3.04,2.01,582.17
44325.17,9.36,8.25,1.53,3.01,3.55,581.73
44325.21,9.24,8,1.54,2.97,2.83,581.72
44325.25,10.38,8.82,1.56,3.01,3.95,581.98
44325.29,10.36,8.93,1.41,2.99,3.42,582.14
44325.33,12.97,10.74,1.12,0.01,7.68,582.15
44325.38,14.46,11.23,0.65,0.99,8.58,582.46
44325.42,19.41,11.63,1.05,1.55,8.79,582.39
44325.46,19.41,10.96,1.26,1.45,5.34,582.29
44325.5,18.68,11.39,1.44,1.65,4.67,581.84
44325.54,21.11,12.77,1.58,2.07,6.64,581.43
44325.58,20,13.65,1.46,2.27,8.6,580.63
44325.62,18.36,13.42,1.53,2.7,8.86,580.14
44325.67,17.97,13.93,1.36,2.6,8.29,579.54
44325.71,17.96,14.61,0.41,2.41,9.6,579.48
44325.75,15.1,12.8,0.5,2.47,9.72,579.72
44325.79,15.57,13.02,0.38,1.52,9.16,579.64
44325.83,16.33,13.66,0.62,2.24,7.84,579.59
44325.88,16.38,13.59,0.8,1.4,6.59,579.86
44325.92,15.31,13.19,0.71,1.16,4.54,579.89
44325.96,13,12,0.59,1.6,9.88,579.95
44326,12.19,11.53,0.33,2.46,10,580.2
44326.04,11.73,11.21,0.36,2.83,10,579.88
44326.08,11.07,10.4,0.95,0.2,9.82,579.38
44326.12,10.09,9.28,1.07,0.04,9.34,578.85
44326.17,9.54,8.72,0.87,2.87,8.46,578.55
44326.21,10.25,9.62,0.95,2.68,9.9,578.45
44326.25,12.29,11.69,0.69,2.87,8.75,578.78
44326.29,12.89,11.91,0.85,2.72,10,579.34
44326.33,12.48,11.58,0.95,3.06,10,579.46
44326.38,12.78,12.78,0.61,0.44,9.85,579.82
44326.42,16.84,14.28,0.54,1.08,6.65,579.9
44326.46,17.23,12.97,0.67,0.97,8.26,580.11
44326.5,16.63,11.57,0.54,0.95,9.48,580.12
44326.54,19.33,11.32,0.65,1.34,8.88,579.83
44326.58,20.2,11.52,1.03,1.33,8.23,579.26
44326.62,20.51,11.3,1.26,1.5,6.51,578.77
44326.67,20.27,10.43,1.52,2.93,4.39,578.39
44326.71,19.93,11.34,1.84,0.34,4.65,578.43
44326.75,15.09,11.33,1.61,0.48,5.69,578.94
44326.79,15.27,12.6,1.66,0.45,7.48,578.97
44326.83,15.31,13.19,1.32,0.34,8.44,579.74
44326.88,15.71,13.25,0.94,0.28,10,580.01
44326.92,14.98,14.01,0.93,0.68,10,580.48
44326.96,12.31,12.27,1.11,0.64,10,580.87
44327,12.65,12.37,0.85,0.74,10,581.19
44327.04,12.73,12.11,1.11,0.65,10,581.17
44327.08,12.63,12.05,1.16,0.62,10,580.84
44327.12,12.75,12.02,1.09,0.56,10,580.71
44327.17,12.68,11.66,1.15,0.64,10,580.84
44327.21,12.8,12.03,1.13,0.6,10,580.66
44327.25,13.17,12.16,0.99,0.78,10,581.37
44327.29,13.04,11.89,1.16,0.52,9.96,581.6
44327.33,12.39,11.31,1.18,0.4,9.98,582.16
44327.38,12.42,12.05,1.22,0.38,9.71,582.53
44327.42,14.51,11.38,1.28,0.41,9.63,583.07
44327.46,13.86,10.49,1.31,0.35,9.49,583.2
44327.5,13.91,10.33,1.48,0.41,9.24,583.32
44327.54,16.14,10.7,1.58,0.36,9.28,582.77
44327.58,16.17,10.62,1.67,0.3,9.31,582.35
44327.62,16.63,10.89,2.02,0.3,8.92,581.41
44327.67,17.1,10.92,1.64,0.19,8.91,581.45
44327.71,16.55,10.58,1.84,0.01,9.75,580.99
44327.75,14.02,10.11,1.8,0.08,8.52,581.2
44327.79,14.1,10.08,1.37,0.17,8,581.04
44327.83,14.47,10.04,1.07,0.26,6.77,581.41
44327.88,14.67,10.85,1.32,0.21,8.03,581.77
44327.92,14.31,10.91,1.15,0.19,8.01,582.05
44327.96,11.98,10.48,0.68,0.46,7.48,582.51
44328,12.24,10.67,0.46,3.03,9.08,582.37
44328.04,11.89,10.57,0.08,2.11,9.02,582.31
44328.08,11.98,10.53,0.25,3.14,9.56,581.77
44328.12,12.13,10.56,0.55,2.61,8.76,581.26
44328.17,11.35,10.3,0.58,2.57,8.76,581.02
44328.21,11.36,10.24,0.55,2.47,9.42,580.84
44328.25,11.71,10.42,0.61,1.05,10,581.06
44328.29,11.41,10.55,0.39,1,10,581.24
44328.33,11.37,10.57,0.18,0.24,10,581.49
44328.38,10.94,10.66,0.57,2.14,10,581.6
44328.42,14.28,12.02,0.98,2.26,10,581.74
44328.46,14.39,12.03,1.16,2.19,9.82,581.54
44328.5,13.97,12.01,1.31,2.1,10,581.3
44328.54,17.35,14.09,1.33,2.02,10,580.95
44328.58,16.87,14.29,1.37,1.87,9.94,580.41
44328.62,17.11,14.67,1.41,2.29,9.86,580.11
44328.67,17.33,14.68,1.45,2.61,10,579.73
44328.71,16.99,14.09,1.5,2.59,10,579.14
44328.75,14.67,12.05,1.36,2.93,9.82,579.86
44328.79,15.05,12.56,1.41,2.85,9.96,579.47
44328.83,15.14,13.44,1.04,3.13,10,579.84
44328.88,15.25,13.66,1.51,3.11,10,579.99
44328.92,14.9,13.82,1.24,3.1,10,580.14
44328.96,13.36,13.06,0.88,3.03,10,580.68
44329,13.52,13.3,0.69,2.87,10,580.63
44329.04,13.52,13.34,0.69,2.78,10,580.46
44329.08,13.52,13.36,0.58,2.57,10,580.02
44329.12,13.64,13.34,0.51,2.45,10,579.64
44329.17,12.92,12.92,0.53,1.76,10,579.22
44329.21,13.02,12.97,0.51,0.79,10,579.25
44329.25,13.32,12.79,0.54,0.2,10,579.64
44329.29,13.32,12.63,0.8,0.27,10,579.73
44329.33,12.91,12.5,0.96,0.46,9.79,579.78
44329.38,13.59,12.05,0.64,1.31,3.87,580.1
44329.42,16.82,12.64,0.92,1.64,3.57,580.14
44329.46,16.89,12.19,1.17,1.72,5.26,580.12
44329.5,16.89,12.14,1.28,1.8,4.43,579.69
44329.54,19.59,12.44,1.52,1.59,6.44,579.37
44329.58,19.53,12.19,1.61,1.69,8.62,578.83
44329.62,18.87,12.07,1.63,1.77,9.78,578.3
44329.67,19.06,11.79,1.54,1.73,8.43,577.92
44329.71,18.98,11.52,1.22,2.06,4.79,577.5
44329.75,16.78,10.71,1.57,2.82,5.51,577.71
44329.79,16.48,12.76,1.68,0.29,7.64,577.73
44329.83,16.7,12.5,1.02,0.01,8.26,578.14
44329.88,16.63,13.36,1.12,3.13,7.72,578.57
44329.92,16.14,14.62,0.9,2.98,7.6,578.49
44329.96,14.22,13.41,0.45,2.91,7.9,578.85
44330,14.34,13.48,0.51,1.42,10,578.63
44330.04,13.87,13.12,0.57,0.84,10,578.25
44330.08,13.81,13.39,0.97,0.67,10,577.64
44330.12,13.78,13.2,0.93,0.69,9.94,577.16
44330.17,13.16,12.78,1,0.21,10,576.98
44330.21,12.9,12.42,1.05,0.08,10,576.78
44330.25,13.48,12.99,1.1,0.11,5.74,577.3
44330.29,13.68,12.61,1.18,0.13,4,577.35
44330.33,13.86,12.47,1.09,0.35,4,577.42
44330.38,14.51,11.72,1.01,0.98,4,577.65
44330.42,18.03,11.96,1.25,1.23,2.15,577.51
44330.46,18.42,11.81,1.53,1.18,1.58,577.48
44330.5,19.32,11.44,1.98,1.08,4.31,577.36
44330.54,22.12,11.79,2.52,0.89,5.05,577.03
44330.58,21.92,11.36,2.37,1.02,3.11,576.72
44330.62,22.04,11.77,2.2,1.22,1.98,576.12
44330.67,22.35,11.79,1.98,1.27,3.18,575.95
44330.71,22.3,11.8,2.2,0.99,7.4,575.69
44330.75,19.96,11.2,1.27,1.62,7.27,576.15
44330.79,19.46,13.66,0.76,2.49,8.62,576.36
44330.83,20.27,10.69,0.84,1.45,4.3,576.98
44330.88,20.08,10.48,0.86,1.94,4.96,577.31
44330.92,19.2,10.83,0.8,1.34,4.18,577.74
44330.96,16.73,10.51,0.74,1.05,4.12,578.13
44331,16.49,11.17,0.83,0.77,4,578.19
44331.04,15.87,11.25,0.91,0.23,4,577.9
44331.08,15.64,11.68,1.15,0.3,4,577.58
44331.12,15.49,12.05,1.24,0.32,4.06,577.41
44331.17,14.85,11.12,1.27,0.22,4,577.47
44331.21,15.39,10.88,1.22,0.19,4,577.47
44331.25,15.8,10.65,1.13,0.33,3.69,578.15
44331.29,16,12.67,1.47,0.62,2.98,578.51
44331.33,16.67,12.29,1.15,0.75,4.06,578.8
44331.38,17.38,12.76,0.86,0.89,2.45,579.12
44331.42,19.94,13.29,0.69,1.41,4,579.41
44331.46,19.53,13.06,0.96,0.81,5.59,579.6
44331.5,19.26,12.62,1.09,0.95,9.88,579.43
44331.54,19.78,10.54,0.75,1.46,8.69,579.43
44331.58,19.09,11.19,0.81,2.44,8.05,579.21
44331.62,18.22,11.25,1.5,3.1,6.64,579.15
44331.67,17.61,12.44,1.36,0.06,6.58,579
44331.71,16.46,12.59,1.66,0.18,7.18,579.05
44331.75,14.24,12.32,1.81,0.2,7.18,579.11
44331.79,13.84,12.66,1.81,0.25,7.18,579.35
44331.83,12.61,12.61,1.99,0.59,10,579.87
44331.88,12.3,12.2,2.14,0.6,10,580.52
44331.92,11.82,11.45,2.12,0.62,10,581.37
44331.96,9.92,9.92,2,0.71,10,582.15
44332,9.65,9.65,1.88,0.62,10,582.57
44332.04,9.13,9.13,1.68,0.62,10,582.69
44332.08,9.25,9.25,1.6,0.67,10,582.77
44332.12,9.19,9.18,1.62,0.68,9.98,582.89
44332.17,8.56,8.54,1.39,0.64,9.64,583.02
44332.21,8.77,8.47,1.4,0.7,9.52,583.29
44332.25,8.56,8.31,1.4,0.6,9.34,583.13
44332.29,8.64,8.08,1.28,0.62,8.8,583.63
44332.33,8.76,7.17,1.13,0.69,8.12,584.18
44332.38,8.6,6.27,1.34,0.7,7.72,584.47
44332.42,12.22,7.06,1.42,0.45,7.46,584.53
44332.46,11.92,7.32,1.45,0.17,8.84,584.45
44332.5,12.31,7.64,1.54,3.05,9.91,584.38
44332.54,15.24,8.87,1.77,2.95,9.97,584
44332.58,15.67,9.36,2.01,2.95,9.99,583.76
44332.62,15.37,9.35,2.16,2.99,10,583.45
44332.67,16.05,9.66,2.15,2.92,10,583.12
44332.71,15.87,9.67,1.9,3.04,10,582.96
44332.75,11.66,8.98,1.85,0.01,9.99,582.56
44332.79,12.19,8.42,1.58,0.13,9.98,582.61
44332.83,12.47,9.58,1.64,0.3,9.98,583.22
44332.88,13.33,9.28,1.47,0.47,9.82,583.7
44332.92,13.17,9.44,1.38,0.53,9.16,584.03
44332.96,11.38,8.5,1.27,0.44,8.97,584.53
44333,11.47,8.57,1.11,0.28,9.13,584.55
44333.04,10.66,8.54,0.82,0.11,9.3,584.59
44333.08,10.57,8.6,0.73,0.38,9.7,584.17
44333.12,10.76,8.63,0.82,0.65,9.57,584.19
44333.17,9.96,8.01,0.78,0.43,9.96,583.95
44333.21,10.1,7.99,0.94,0.36,9.94,584.02
44333.25,9.26,8.24,1,0.16,9.98,584.49
44333.29,9.12,8.02,1.09,0.25,9.97,584.8
44333.33,8.96,7.76,1.22,0.31,9.96,585.06
44333.38,8.46,7.27,1.12,0.28,9.8,585.22
44333.42,11.24,7.95,1.24,0.1,9.42,585.25
44333.46,11.05,7.21,1.3,2.99,9.32,585.34
44333.5,10.51,6.88,1.22,2.69,9.62,585.21
44333.54,12.73,7.95,1.16,2.56,9.93,584.88
44333.58,13.9,8.63,1.27,2.51,10,584.26
44333.62,14.22,8.89,1.54,2.72,9.81,583.65
44333.67,14.67,9.65,1.71,2.87,8.98,583.26
44333.71,14.21,9.68,1.85,3.04,9.47,582.76
44333.75,11.52,8.68,1.88,0.01,9.33,582.74
44333.79,11.44,8.73,1.59,0.14,8.69,582.8
44333.83,11.48,9.26,1.35,0.3,8.57,583.08
44333.88,11.87,9.66,1.17,0.51,9.28,583.36
44333.92,11.58,9.8,1.18,0.32,10,583.88
44333.96,9.53,9.07,1.36,0.3,10,584.24
44334,9.71,9.37,0.93,0.19,9.99,584.07
44334.04,9.69,9.39,1,0.5,9.97,584.09
44334.08,9.94,9.51,0.89,0.61,9.91,583.89
44334.12,9.78,9.44,0.81,0.6,10,583.47
44334.17,9.2,9.14,0.87,0.78,10,583.41
44334.21,9.31,8.96,0.86,0.67,10,583.37
44334.25,9.99,9.58,0.88,0.24,10,583.8
44334.29,9.95,9.42,1.03,0.13,10,584
44334.33,9.5,9.1,0.79,2.53,10,583.76
44334.38,9.33,8.98,0.75,2.17,9.95,583.91
44334.42,11.85,9.71,0.78,2.28,9.93,583.56
44334.46,12.1,9.9,0.88,2.4,10,583.41
44334.5,11.96,9.95,1.2,2.36,10,583.05
44334.54,14.89,10.89,1.41,2.27,10,582.56
44334.58,14.65,11.03,1.57,2.51,10,581.97
44334.62,14.48,11.12,1.58,2.58,10,581.33
44334.67,14.37,11.27,1.74,2.7,10,580.99
44334.71,14.31,11.39,1.8,0.02,10,580.56
44334.75,12.27,10.88,1.59,0.07,10,580.38
44334.79,12.09,10.97,1.56,0.2,10,580.28
44334.83,12.04,11.06,1.59,0.41,10,580.92
44334.88,12.23,11.07,1.31,0.37,10,581.35
44334.92,11.94,11.21,1.17,0.39,10,581.67
44334.96,10.37,10.37,1.02,0.35,10,581.71
44335,10.52,10.52,0.87,0.46,10,581.64
44335.04,10.49,10.49,0.95,0.63,10,581.33
44335.08,10.64,10.65,0.97,0.57,10,581.4
44335.12,10.86,10.76,0.74,0.42,10,580.96
44335.17,10.18,10.18,0.86,0.67,10,580.92
44335.21,10.38,10.38,0.9,0.63,10,581.06
44335.25,10.87,10.84,1.26,0.46,10,581.72
44335.29,10.93,10.65,1.04,0.44,10,582.37
44335.33,10.58,9.88,0.99,0.78,10,582.75
44335.38,10.16,10,0.81,0.79,10,582.65
44335.42,12.56,11.02,0.96,0.54,10,582.96
44335.46,13.77,11.27,1.19,0.05,10,583.02
44335.5,14.3,11.61,1.45,3.01,10,583.07
44335.54,14.72,11.69,1.56,3.07,10,582.82
44335.58,14.11,11.64,1.52,0.1,10,582.41
44335.62,13.74,11.61,1.56,0.09,10,582.08
44335.67,12.91,11.25,1.49,0.06,10,581.74
44335.71,12.87,11.52,1.2,0.2,10,581.51
44335.75,11.15,10.67,0.86,0,10,581.77
44335.79,11.39,10.77,0.61,2.9,9.99,581.86
44335.83,11.94,11.19,0.39,0.27,9.98,581.99
44335.88,12.23,11.3,0.66,0.58,10,582.45
44335.92,12.16,11.43,0.66,0.74,10,582.95
44335.96,11.23,11.2,0.55,0.8,9.99,583.21
44336,11.44,11.19,0.44,0.31,9.99,583.04
44336.04,11.33,11.1,0.7,0.88,10,582.74
44336.08,11.54,11.14,1.08,0.76,10,582.66
44336.12,11.61,11.07,1.04,0.53,10,582.24
44336.17,11.32,11.16,0.73,0.23,10,581.97
44336.21,11.33,11.08,0.83,0.93,10,582.14
44336.25,11.32,11.12,0.88,0.5,10,582.57
44336.29,11.29,11.08,0.91,0.48,10,582.76
44336.33,10.99,10.9,0.95,0.46,10,583.1
44336.38,10.84,10.51,0.94,0.35,9.99,583.02
44336.42,12.54,10.96,0.97,0.55,9.84,583.19
44336.46,12.59,10.66,1.28,0.49,9.98,583.12
44336.5,12.65,10.95,1.27,0.32,9.98,582.96
44336.54,14.15,11.31,1.29,0.2,9.95,582.6
44336.58,14.13,11.27,1.34,2.96,10,581.96
44336.62,13.37,11.32,1.35,2.94,10,581.47
44336.67,13.51,11.14,1.3,3.14,10,581.23
44336.71,13.27,11.1,1.28,0.01,10,581.07
44336.75,11.59,10.59,1.33,3,10,581.26
44336.79,11.78,10.52,1.15,0.05,10,581.16
44336.83,12.01,10.93,0.95,0.41,10,581.51
44336.88,12.38,11.25,0.81,0.28,10,581.91
44336.92,12.5,11.32,0.89,0.56,10,582
44336.96,10.74,10.64,0.88,0.83,10,582.28
44337,10.98,10.78,0.79,0.7,10,582.14
44337.04,11.21,10.88,0.6,0.57,10,581.74
44337.08,11.43,10.9,0.56,0.93,10,581.33
44337.12,11.44,10.9,0.47,1.14,9.98,580.98
44337.17,11.08,10.84,0.25,1.35,9.98,580.62
44337.21,11.14,10.82,0.07,1.87,9.99,580.56
44337.25,11.88,11.24,0.31,1.2,10,581.18
44337.29,12.01,11.09,0.56,0.74,10,580.54
44337.33,11.93,10.73,0.78,3.06,10,580.99
44337.38,12.18,11.17,0.47,3.11,10,580.79
44337.42,15.58,12.68,0.29,2.2,10,580.78
44337.46,16.33,13.1,0.95,2.34,10,580.77
44337.5,16.63,13.12,1.43,2.41,10,580.59
44337.54,18.28,14.09,1.57,2.44,10,580.38
44337.58,17.6,14,1.66,2.81,10,579.9
44337.62,17.41,14.11,1.65,2.89,10,579.52
44337.67,16.35,13.96,1.57,3.03,10,578.99
44337.71,15.75,14.2,1.79,0.03,9.99,578.99
44337.75,13.39,13.05,2.07,0.21,10,579.23
44337.79,13.3,12.83,1.88,0.33,10,579.49
44337.83,13.57,12.79,1.66,0.48,10,580.13
44337.88,13.67,12.71,1.66,0.43,10,580.44
44337.92,13.07,12.42,1.49,0.42,10,581.15
44337.96,10.84,10.84,1.32,0.35,9.99,581.32
44338,10.95,10.95,1.08,0.41,10,581.33
44338.04,10.99,10.92,0.83,0.43,10,581.15
44338.08,11.07,11.07,0.82,0.43,10,580.85
44338.12,11.39,11.14,0.65,0.49,10,580.56
44338.17,11.1,11.04,0.5,0.51,9.98,580.37
44338.21,11.24,11.06,0.17,0.74,9.99,580.35
44338.25,11.66,11.09,0.55,0.18,10,580.48
44338.29,11.62,11.06,0.58,0.25,10,580.54
44338.33,12.01,11.19,0.57,2.85,10,580.95
44338.38,11.98,11.46,0.76,2.66,10,580.85
44338.42,15.13,12.73,1,2.48,10,580.89
44338.46,15.25,13.25,1.12,2.35,10,580.78
44338.5,15.19,13.34,1.36,2.33,10,580.56
44338.54,16.88,14.15,1.56,2.49,10,580.23
44338.58,16.68,14.3,1.65,2.46,10,579.84
44338.62,16.62,14.49,1.95,2.61,10,579.44
44338.67,15.24,14.18,1.92,2.83,10,579.36
44338.71,15.31,14.1,1.95,0.1,10,579.21
44338.75,13.58,13.35,2.07,0.32,10,579.58
44338.79,13.27,13.04,2.04,0.37,10,579.3
44338.83,13.79,13.43,1.97,0.5,10,580.51
44338.88,13.81,13.19,2.07,0.56,10,581.02
44338.92,13.23,13.03,1.88,0.6,10,581.85
44338.96,11.02,11.02,1.74,0.6,10,582.5
44339,11.21,11.2,1.53,0.61,10,582.91
44339.04,11.24,11.24,1.53,0.65,10,583.01
44339.08,11.44,11.44,1.45,0.75,10,582.87
44339.12,11.79,11.72,1.54,0.75,10,582.87
44339.17,10.97,10.66,1.64,0.7,10,582.78
44339.21,11.06,11.06,1.98,0.69,10,583.36
44339.25,10.58,10.58,2.46,0.65,10,584.25
44339.29,10.16,10.06,2.1,0.63,10,584.76
44339.33,9.54,9.52,1.76,0.64,10,585.11
44339.38,9.14,9.1,1.52,0.79,10,585.47
44339.42,10.15,8.9,1.45,0.99,10,585.69
44339.46,10.22,9.1,1.63,0.91,10,586.07
44339.5,10.21,9.2,1.67,0.77,10,586.1
44339.54,12.25,9.5,1.61,0.75,10,586.19
44339.58,11.85,9.83,1.57,0.67,10,585.62
44339.62,11.82,9.91,1.57,0.66,10,585.47
44339.67,12.82,10.74,1.61,0.53,10,584.96
44339.71,12.7,10.79,1.52,0.45,10,584.79
44339.75,10.78,9.92,1.73,0.42,9.84,585.28
44339.79,11.11,10.02,1.53,0.53,9.89,584.81
44339.83,11.49,10.52,1.2,0.46,9.32,585.42
44339.88,11.7,10.76,1.22,0.42,9.65,586.04
44339.92,11.57,10.77,1.36,0.46,9.72,586.66
44339.96,9.67,9.67,1.28,0.45,9.8,586.92
44340,9.78,9.74,1.08,0.58,9.68,587.27
44340.04,9.5,9.33,1.11,0.76,9.92,587.14
44340.08,9.66,9.27,0.85,0.64,9.94,586.83
44340.12,9.6,9.19,0.91,0.71,9.56,586.71
44340.17,9.09,8.9,0.91,0.8,9.64,586.63
44340.21,9.14,8.93,0.91,0.87,9.83,586.46
44340.25,8.6,8.54,0.73,0.84,9.79,586.78
44340.29,8.78,8.35,0.73,0.88,9.6,586.96
44340.33,8.6,7.73,0.77,0.73,9.01,587.03
44340.38,8.73,7.21,0.87,0.54,9.34,587.06
44340.42,11.1,7.54,0.79,0.15,9.6,587.13
44340.46,11.82,7.71,0.82,2.85,9.21,587.15
44340.5,12.13,7.71,1.09,2.73,9.01,586.75
44340.54,14.13,8.15,1.15,2.64,8.62,586.48
44340.58,14.37,8.35,1.3,2.61,8.83,585.91
44340.62,14.12,8.38,1.23,2.63,8.69,585.35
44340.67,14.9,9.26,1.22,2.78,9.94,584.8
44340.71,14.68,9.27,1.35,2.98,9.92,584.09
44340.75,13.17,8.5,1.32,0.01,9.88,584.51
44340.79,12.75,8.12,1.41,0.08,9.57,584.25
44340.83,12.82,8.62,1.2,0.11,9.61,584.88
44340.88,12.51,8.7,1.03,0.18,9.71,585.29
44340.92,12.38,8.96,0.84,0.38,9.82,585.43
44340.96,11.64,9.08,0.7,0.41,10,585.71
44341,11.59,9.17,0.91,0.45,9.96,585.46
44341.04,11.2,9.13,0.88,0.63,10,585.59
44341.08,11.1,9.34,0.81,0.61,10,585.07
44341.12,10.89,9.36,0.52,0.43,9.96,584.88
44341.17,10.48,9.64,0.49,2.82,9.92,584.46
44341.21,10.5,9.49,0.61,2.6,9.9,584.08
44341.25,10.47,9.35,0.47,2.3,9.99,584
44341.29,10.45,9.4,0.46,2.85,9.98,584.12
44341.33,10.27,9.57,0.68,2.85,9.99,584.29
44341.38,10.18,9.27,0.84,2.86,9.89,584.25
44341.42,12.28,10.31,0.92,2.77,9.51,584.07
44341.46,12.16,10.12,1.08,2.58,9.43,583.87
44341.5,12.27,10.12,1.3,2.23,10,583.49
44341.54,15.14,10.84,1.51,2.03,10,582.87
44341.58,14.07,10.67,1.55,1.94,10,582.07
44341.62,14.24,10.8,1.53,2.12,9.96,581.44
44341.67,15.64,11.76,1.58,2.14,9.96,580.77
44341.71,15.68,11.84,1.6,2.43,9.92,580.26
44341.75,13.38,11.37,1.63,2.89,9.83,579.7
44341.79,13.22,11.35,1.79,0.1,6.23,580.1
44341.83,13.16,11.55,1.36,0.36,9.76,580.55
44341.88,12.36,11.24,1.6,0.32,9.96,581.09
44341.92,11.78,10.88,1.32,0.34,9.92,581.64
44341.96,10.33,10.06,1.29,0.39,10,581.99
44342,10.46,10.1,1.09,0.33,10,582.18
44342.04,10.49,9.85,1.23,0.37,10,582.1
44342.08,10.53,10.03,0.92,0.21,10,581.71
44342.12,10.81,10.15,0.9,0.15,10,581.47
44342.17,10.07,9.46,1.05,0.36,10,581.32
44342.21,10.21,9.46,1.02,0.45,10,581.28
44342.25,10.22,9.23,1.21,0.53,10,582.2
44342.29,9.94,9.05,1.36,0.56,9.92,582.65
44342.33,9.52,8.58,1.64,0.74,9.5,583.21
44342.38,9.15,8.27,1.53,0.92,9.5,583.78
44342.42,11.58,9.08,1.47,1.04,9.22,584.38
44342.46,12.23,9.27,1.62,0.86,9.38,584.82
44342.5,12.65,9.38,1.64,0.74,9.61,585.22
44342.54,13.8,9.84,1.49,0.73,9.63,585.23
44342.58,13.36,9.98,1.38,0.78,9.83,584.99
44342.62,13.09,10.1,1.6,0.91,9.82,584.89
44342.67,13.76,9.99,1.56,0.79,9.36,584.58
44342.71,14.3,9.41,1.59,0.85,9.63,584.17
44342.75,13.25,7.4,1.82,0.58,9.73,584.72
44342.79,14.22,7.16,1.2,0.36,9.73,584.61
44342.83,14.74,8.26,1.4,0.65,9.62,584.97
44342.88,15,9.31,0.82,1.1,9.88,585.35
44342.92,14.87,9.43,0.74,1,9.88,585.98
44342.96,13.16,8.57,0.7,1.26,9.96,586.07
44343,13.15,9,0.53,1.88,10,586.11
44343.04,12.79,9,0.56,2.16,10,585.76
44343.08,12.94,9.01,0.54,2.24,9.92,585.26
44343.12,12.41,7.45,0.52,2.77,9.91,584.79
44343.17,11.77,7.23,0.53,2.68,9.91,584.38
44343.21,12.08,7.38,0.52,2.49,9.88,584.23
44343.25,12.02,8.69,0.72,3.09,9.8,584.46
44343.29,12.02,8.92,0.55,0.14,9.88,585.02
44343.33,12.1,8.29,0.65,0.12,9.88,585.03
44343.38,12.62,5.4,0.55,0.73,9.18,584.99
44343.42,15.91,5.07,0.5,1.54,7.51,585.07
44343.46,15.75,5.67,0.64,2.28,7.25,584.84
44343.5,15.61,6.32,0.9,2.49,6.52,584.85
44343.54,18.11,7.37,1.07,2.4,7.07,584.42
44343.58,18.18,7.98,1.26,2.38,7.67,583.73
44343.62,18,8.4,1.5,2.61,6.83,583.27
44343.67,19.26,9.59,1.64,2.76,7.25,582.85
44343.71,19.26,9.7,1.71,2.97,8.42,582.6
44343.75,15.5,8.88,1.83,0.25,7.78,582.68
44343.79,15.25,8.61,1.83,0.23,7.96,582.65
44343.83,15.34,9.39,1.56,0.25,8.8,583.26
44343.88,15.86,9.12,1.32,0.41,9.34,583.64
44343.92,15.49,8.94,1.18,0.47,9.79,584.29
44343.96,13.79,9.15,1.01,0.5,9.8,584.31
44344,13.61,9.25,0.88,0.54,9.87,584.55
44344.04,13.1,9.35,0.67,0.59,9.57,584.33
44344.08,13.02,9.32,0.51,0.7,9.32,584.16
44344.12,12.93,9.88,0.6,1.12,9.37,583.94
44344.17,11.73,10.11,0.77,1.05,9.99,583.96
44344.21,11.75,10.27,0.98,1.02,9.98,583.95
44344.25,12.2,10.69,1.11,0.75,9.75,584.55
44344.29,12.22,10.51,0.86,0.34,9.71,584.83
44344.33,11.8,10.31,0.47,3.05,9.51,585
44344.38,11.77,10.33,0.41,1.71,9.34,584.77
44344.42,14.79,11.38,0.39,1.64,9.56,584.9
44344.46,15.06,11.5,0.39,2.16,9.03,584.81
44344.5,15.18,11.43,0.58,2.56,9.4,584.65
44344.54,18.76,12.38,1.03,2.8,9.98,584.4
44344.58,18.94,12.13,1.34,2.96,9.97,584
44344.62,18.68,12.19,1.67,3.05,9.99,583.7
44344.67,19.29,12.23,1.83,0.11,10,583.44
44344.71,19.19,12.23,1.76,0.15,10,583.18
44344.75,15.8,11.34,1.75,0.25,9.32,583.37
44344.79,15.76,10.63,1.56,0.37,9.2,583.24
44344.83,16.43,11.23,1.34,0.26,8.93,583.62
44344.88,16.83,10.73,1.01,0,9.39,583.83
44344.92,16.13,11.22,0.58,2.87,9.6,583.97
44344.96,14.44,10.32,0.31,0.91,9.78,583.93
44345,14.76,10.44,0.51,1.83,9.51,583.89
44345.04,14.59,10.74,0.23,2.46,9.06,583.85
44345.08,14.62,10.93,0.4,2.7,9.41,583.39
44345.12,14.78,11.13,0.41,3.08,9.61,582.86
44345.17,13.8,11.02,0.37,2.62,9.81,582.67
44345.21,13.74,10.96,0.45,2.38,9.92,582.52
44345.25,13.14,10.59,0.23,2.53,9.95,582.91
44345.29,13.32,10.6,0.19,1.88,9.38,582.98
44345.33,13.46,10.38,0.69,3.1,9.33,583.02
44345.38,13.57,10.33,1.12,2.91,9.77,582.99
44345.42,16.59,11,1.3,3.03,10,583.41
44345.46,16.33,11.16,1.54,0.05,10,583.51
44345.5,16.04,11.15,1.84,0.09,10,583.55
44345.54,17.05,11.83,1.86,0.09,10,583.56
44345.58,17.54,11.92,1.81,0.14,10,583.29
44345.62,17.48,11.94,1.87,0.24,10,583.1
44345.67,17.2,11.83,1.61,0.3,10,583.04
44345.71,17.21,12.19,1.48,0.34,10,582.96
44345.75,14.71,12.8,1.5,0.43,9.96,583.61
44345.79,14.64,12.58,1.21,0.48,10,583.52
44345.83,15.42,12.8,0.81,0.2,10,583.75
44345.88,15.85,12.89,0.73,0.92,10,584.02
44345.92,15.71,12.91,0.69,1.16,10,584.51
44345.96,13.86,12.36,0.56,1.69,10,584.83
44346,14.03,12.41,0.51,1.86,9.98,584.64
44346.04,13.74,12.02,0.53,2.2,9.97,584.44
44346.08,13.85,11.7,0.73,2.28,9.93,584.09
44346.12,13.95,11.75,0.79,2.32,9.9,583.84
44346.17,13.4,11.34,0.64,2.5,9.93,583.69
44346.21,13.08,11,0.87,2.35,9.79,583.56
44346.25,13.37,11.81,0.68,2.65,9.06,583.71
44346.29,13.28,11.79,0.73,3.11,8.84,583.83
44346.33,13.58,11.72,0.57,3.05,9.59,583.85
44346.38,14.01,10.53,0.4,2.55,9.83,583.47
44346.42,16.68,9.32,0.04,0.35,9.75,583.63
44346.46,16.38,8.7,0.55,2.31,9.84,583.32
44346.5,16.28,7.89,1.06,2.44,9.59,583.16
44346.54,20.02,8.17,1.24,2.42,9.48,582.75
44346.58,20.05,8.09,1.32,2.34,9.21,582.13
44346.62,19.35,7.81,1.41,2.27,8.75,581.74
44346.67,20.21,8.37,1.49,2.44,9.64,581.28
44346.71,20.21,8.42,1.53,2.64,9.56,580.89
44346.75,17.74,7.84,1.28,0.03,9.35,580.7
44346.79,17.99,7.58,1.4,0.28,9.46,580.92
44346.83,18.29,9.12,1.52,0.35,9.64,581
44346.88,18.7,8.93,1.35,0.54,9.99,581.32
44346.92,18.22,9.22,0.73,0.72,9.32,581.96
44346.96,15.44,9.64,0.65,0.8,9.69,582.16
44347,15.37,10.48,0.82,0.95,7.16,582.31
44347.04,14.41,11.01,0.61,1.33,7.36,582.04
44347.08,14.37,11.35,0.73,2.07,7.41,581.71
44347.12,14.05,11.38,0.61,2.48,6.96,581.33
44347.17,12.86,11.01,0.63,2.59,6.77,581.1
44347.21,13.01,11.19,0.74,2.42,7.48,580.96
44347.25,13.26,11.27,0.71,1.26,9.28,581.35
44347.29,13.56,11.52,0.25,0.81,9.05,581.45
44347.33,13.74,11.61,0.27,3.06,7.95,581.64
44347.38,13.52,11.33,0.36,0.49,7.54,581.57
44347.42,17.25,11.99,0.57,0.14,7.51,581.54
44347.46,17.46,11.86,0.89,2.89,8.54,581.67
44347.5,17.93,12.08,1.01,2.78,8.81,581.4
44347.54,20.89,12.47,1.24,2.81,9.98,581.36
44347.58,20.66,12.59,1.59,3.03,9.7,580.93
44347.62,20.41,12.71,1.6,2.95,8.41,580.84
44347.67,21.51,13.38,1.47,3.09,9.14,580.41
44347.71,21.78,13.64,1.53,0.1,9.1,580.17
44347.75,18.38,13.61,1.79,0.11,7.12,580.12
44347.79,18.26,13.43,1.6,0.26,7.29,580.08
44347.83,18.36,14.26,1.7,0.19,7.31,580.61
44347.88,18.66,14.66,1.46,0.25,9.4,581.04
44347.92,17.57,14.48,1.06,0.26,9.89,581.55
44347.96,15.66,14,0.85,0.5,10,581.6
44348,15.98,14.02,0.96,0.38,9.96,581.85
44348.04,15.71,13.89,0.83,0.38,10,581.76
44348.08,15.83,13.92,0.98,0.57,10,581.43
44348.12,15.89,13.72,0.87,0.62,10,581.21
44348.17,15.13,13.48,0.94,0.76,10,581.13
44348.21,15.19,13.49,0.86,0.77,10,581.36
44348.25,15.24,13.18,0.99,0.34,10,581.98
44348.29,15.1,13.06,0.91,0.17,9.96,582.37
44348.33,14.39,12.94,1.17,0.28,9.75,582.48
44348.38,13.76,12.98,1.46,0.43,9.4,582.58
44348.42,14.91,13.18,1.61,0.46,9.61,582.74
44348.46,14.33,12.74,1.78,0.42,9.27,582.81
44348.5,13.62,12.16,1.72,0.32,9.58,582.73
44348.54,15.1,12.43,1.76,0.19,9.4,582.4
44348.58,14.66,12.12,1.56,0.05,9.49,582.08
44348.62,14.94,12.21,1.64,2.98,9.56,581.61
44348.67,15.66,12.61,1.72,3.03,9.98,581.46
44348.71,15.64,12.57,1.6,3.05,9.99,580.94
44348.75,14.46,11.72,1.83,0.3,9.96,581.13
44348.79,14.53,11.87,1.3,0.19,9.8,581.18
44348.83,14.98,12.08,1.1,0.28,9.71,581.68
44348.88,15.47,12.06,1.16,0.33,9.81,581.81
44348.92,15.39,12.29,1.25,0.17,10,582.25
44348.96,13.85,12.33,1,3.05,10,582.35
44349,13.85,12.03,0.62,0.47,9.89,582.4
44349.04,13.4,11.99,0.47,0.41,9.55,582.45
44349.08,13.57,12.04,0.41,1.58,9.81,581.89
44349.12,13.51,11.98,0.72,2.02,8.62,581.75
44349.17,12.71,11.85,0.72,1.78,9.47,581.58
44349.21,12.7,11.91,0.78,1.75,9.99,581.48
44349.25,12.83,11.82,0.47,1.51,10,581.16
44349.29,12.82,11.9,0.72,0.71,10,581.81
44349.33,13.17,11.89,0.69,0.45,10,581.83
44349.38,13.25,12.08,0.63,2.31,10,581.9
44349.42,15.56,13.15,0.67,1.73,9.84,581.96
44349.46,15.85,13.29,0.9,1.65,10,581.75
44349.5,15.75,12.93,1.02,2.07,10,581.59
44349.54,19.68,14.59,1.23,2.52,10,581.36
44349.58,20.21,14.98,1.41,2.77,10,581.05
44349.62,19.69,14.75,1.63,2.95,10,580.66
44349.67,20.35,14.99,1.47,2.95,7.54,580.56
44349.71,20.35,15.26,1.72,2.96,9.09,580.04
44349.75,17.18,14.62,1.92,0.35,6.75,580.03
44349.79,17.1,14.76,1.76,0.45,8.03,580.3
44349.83,17.47,14.96,1.77,0.4,9.62,580.93
44349.88,17.41,15.2,1.53,0.42,10,581.56
44349.92,17.2,15.41,1.15,0.37,10,582.43
44349.96,14.83,14.56,1.13,0.29,9.91,582.42
44350,14.82,14.59,1.08,0.34,9.93,582.67
44350.04,14.02,14.02,1.18,0.45,9.95,582.52
44350.08,14.16,13.96,1.11,0.6,9.91,582.46
44350.12,14.23,14.08,1.26,0.6,9.92,582.33
44350.17,12.87,12.85,1.15,0.51,10,582.36
44350.21,12.92,12.81,1.29,0.58,10,582.53
44350.25,13,12.79,1.34,0.45,10,583.21
44350.29,12.68,12.63,1.8,0.59,10,584.08
44350.33,12.43,12.4,2.58,0.6,10,584.62
44350.38,11.26,11.26,2.17,0.67,10,585.19
44350.42,11.45,10.66,2.13,0.69,10,585.86
44350.46,11.17,10.69,2.18,0.76,10,586.47
44350.5,11.24,10.54,2.26,0.72,9.96,586.88
44350.54,11.11,9.15,2.18,0.78,10,587.09
44350.58,10.77,8.35,1.92,0.79,10,586.6
44350.62,10.48,7.85,1.66,0.58,9.88,586.33
44350.67,10.97,7.52,1.58,0.6,9.92,586.11
44350.71,11.02,7.33,1.37,0.51,9.84,586.17
44350.75,10.23,4.68,1.61,0.56,10,586.95
44350.79,10.5,4.95,0.94,0.63,9.76,586.42
44350.83,11.38,5.76,0.57,1.79,9.57,586.7
44350.88,11.91,6.2,0.66,2.25,9.75,586.66
44350.92,11.68,6.86,0.51,2.26,9.72,587.14
44350.96,10.37,6.5,0.62,2.31,9.79,587.21
44351,10.55,7.12,0.74,2.54,9.8,587.16
44351.04,10.98,7.16,0.81,2.73,9.6,586.89
44351.08,11.08,6.81,0.84,2.79,9.72,586.3
44351.12,11.28,6.7,1.05,2.73,9.71,586.01
44351.17,10.72,6.47,1.03,2.73,9.2,585.65
44351.21,10.73,6.7,1.11,2.85,9.65,585.55
44351.25,10.45,5.58,1.1,3.09,9.36,585.87
44351.29,10.59,5.89,1.02,3.01,9.42,585.59
44351.33,10.74,6.35,1.36,3.12,9.52,585.77
44351.38,11.03,5.71,1.05,3.07,8.39,585.57
44351.42,15.24,5.12,0.46,2.91,4.53,585.41
44351.46,15.86,4.28,0.49,0.37,1.81,585.27
44351.5,16.56,4.06,0.87,0.09,1.16,585.06
44351.54,19.85,4.74,1.16,0.08,2.59,584.7
44351.58,19.99,5.65,1.44,3.1,1.14,584.09
44351.62,19.77,5.7,1.51,0.07,6.64,583.63
44351.67,20.56,5.36,1.82,3.05,4.47,583.06
44351.71,20.42,5.36,1.8,3.01,5.13,582.72
44351.75,17.72,5.42,1.43,0.18,6.56,583.26
44351.79,17.57,5.09,0.97,3.05,8.77,582.96
44351.83,17.78,6.27,0.61,1.87,7.86,583.38
44351.88,18.2,5.02,0.83,0.8,8.69,583.41
44351.92,17.37,6.21,1.01,0.25,9.41,583.7
44351.96,14.84,6.41,1.15,3.13,9.93,583.89
44352,13.69,7.49,1.32,3.11,9.99,584.02
44352.04,13.16,7.58,1.43,0.01,9.99,583.83
44352.08,13.02,8.06,1.46,3.11,9.93,583.45
44352.12,13.16,8.15,1.43,3.06,9.87,583.4
44352.17,12.05,7.77,1.43,3.07,9.57,583.13
44352.21,12.14,7.79,1.59,3.07,9.46,583.01
44352.25,12.96,9.18,1.54,3,9.96,582.85
44352.29,13.69,9.57,0.97,3.02,9.81,583.33
44352.33,13.5,10.52,1.16,2.97,9.84,583.39
44352.38,13.98,10.65,0.59,0.03,9.67,583.54
44352.42,19.39,11.18,0.44,3.04,9.9,583.53
44352.46,19.42,10.91,1.08,2.91,9.98,583.62
44352.5,19.6,10.82,1.28,2.72,9.79,583.51
44352.54,22.42,10.99,1.41,2.66,7.8,583.17
44352.58,22.22,10.64,1.37,2.76,2.79,582.68
44352.62,22.37,10.59,1.41,2.85,4.92,582.19
44352.67,22.36,11.06,1.52,2.92,6.44,581.83
44352.71,22.34,10.89,1.5,2.98,7.85,581.54
44352.75,19.41,10.83,1.96,0.05,9.94,581.56
44352.79,19.57,10.38,1.28,0.17,9.8,581.91
44352.83,20.24,11.27,1.82,0.15,9.33,582.3
44352.88,20.18,12.19,1.49,0.09,7.22,582.49
44352.92,18.51,12.33,0.57,0.36,7.7,582.81
44352.96,15.42,11.42,0.44,2.41,5.8,582.78
44353,15.38,11.68,0.53,3.06,8.05,582.89
44353.04,14.68,11.31,0.9,0.02,7.97,582.67
44353.08,14.45,11.19,1.12,0.01,8.22,582.07
44353.12,14.87,11.54,1.15,3.01,8.94,581.81
44353.17,14.34,11.18,1.19,3.02,8.12,581.42
44353.21,14.49,11.61,1.36,2.97,6.54,581.64
44353.25,15.33,11.21,1.47,2.78,4.97,581.43
44353.29,15.17,11.79,0.8,2.88,5.36,582.05
44353.33,16.22,11.96,1.25,0.04,7.61,582.16
44353.38,16.82,11.13,0.96,0.68,7.66,582.13
44353.42,20.28,10.02,1.09,0.95,7.53,582.17
44353.46,20.2,10.47,1.01,1.08,9.24,582.18
44353.5,20.11,10.8,1.04,1.91,9.38,582.18
44353.54,22.27,12,0.81,2.24,7.6,582.11
44353.58,21.23,12.18,1.02,2.14,8.18,581.72
44353.62,20.84,12.33,1.33,2.27,9.02,581.15
44353.67,21.32,13.95,1.62,2.52,7.87,580.8
44353.71,20.38,15,1.49,2.46,6.97,580.49
44353.75,17.33,14.03,1.44,0.37,7.74,581.16
44353.79,17.96,14.06,1.21,0.26,9.25,581.69
44353.83,18.17,15.01,1.29,0.39,8.45,581.8
44353.88,18.59,15.29,0.65,0.21,8.98,582.1
44353.92,18.41,14.96,0.56,0.87,9.72,582.52
44353.96,16.76,14.79,0.66,0.78,9.46,582.92
44354,16.74,14.75,0.63,0.57,9.54,582.88
44354.04,16.65,14.6,0.42,0.67,9.77,583.04
44354.08,16.45,14.56,0.29,0.2,9.88,582.82
44354.12,16.55,14.64,0.25,0.76,9.88,582.52
44354.17,15.49,14.68,0.15,2.97,9.66,582.49
44354.21,15.44,14.6,0.05,0.01,9.5,582.4
44354.25,14.19,13.74,0.57,2.35,10,582.47
44354.29,14,13.66,0.55,1.62,10,582.99
44354.33,14.05,13.88,0.8,0.35,10,583.36
44354.38,14.06,14.06,1.11,0.39,10,583.62
44354.42,14.22,14.22,1.26,0.37,10,583.95
44354.46,13.9,13.75,1.26,0.39,10,584.06
44354.5,13.55,13.42,1.38,0.43,10,584.07
44354.54,14.11,13.67,1.48,0.36,10,584.07
44354.58,13.72,13.14,1.56,0.49,9.92,583.76
44354.62,13.56,13.31,1.51,0.4,9.81,583.47
44354.67,13.75,13.66,1.52,0.31,9.89,583.17
44354.71,14.23,13.82,1.55,0.26,10,582.74
44354.75,12.5,12.14,1,1.01,9.96,583.75
44354.79,12.61,12.38,0.74,0.6,9.96,583.82
44354.83,13.04,12.69,0.96,0.28,10,584.01
44354.88,13.37,13.32,1.03,0.54,10,584.31
44354.92,13.58,13.42,0.86,0.3,10,584.6
44354.96,12.54,12.54,0.63,0.08,10,584.75
44355,12.69,12.67,0.2,2.76,10,584.95
44355.04,12.76,12.71,0.38,0.69,10,584.67
44355.08,13,12.75,0.51,2.99,10,584.17
44355.12,13.17,12.83,0.54,2.82,10,583.71
44355.17,13,12.8,0.41,3.12,10,583.42
44355.21,13.14,12.84,0.2,0.43,10,583.5
44355.25,12.75,12.41,0.44,2.72,9.89,583.65
44355.29,12.67,12.57,0.57,2.86,10,584.18
44355.33,12.66,12.62,0.2,2.77,10,584.17
44355.38,12.58,12.58,0.16,3.01,10,584.35
44355.42,13.01,12.71,0.29,0.76,10,584.75
44355.46,13.23,12.93,0.46,2.95,10,584.96
44355.5,12.83,12.81,0.94,2.77,10,584.7
44355.54,14.07,13.38,1.22,2.73,9.96,584.54
44355.58,15.28,13.46,1.42,2.58,9.85,583.84
44355.62,15.36,13.21,1.56,2.48,9.92,583.37
44355.67,15.75,13.53,1.47,2.57,9.96,582.95
44355.71,15.21,13.29,1.42,2.79,10,582.86
44355.75,14.86,12.94,1.26,3.03,10,583.5
44355.79,14.37,12.79,1.17,2.97,10,583.4
44355.83,14.47,12.77,0.92,2.8,10,583.55
44355.88,14.19,12.84,0.76,2.85,10,583.63
44355.92,14.18,13.04,0.68,3.1,10,584.08
44355.96,13.33,13.06,0.65,3.01,10,584.18
44356,13.26,13.08,0.63,2.76,10,584.05
44356.04,13.17,13.08,0.5,2.4,9.96,583.57
44356.08,13.24,13.14,0.11,1.81,10,583.03
44356.12,13.3,13.22,0.05,2.31,10,582.65
44356.17,13.17,13.17,0.13,0.6,10,582.44
44356.21,13.35,13.33,0.29,0.16,10,582.4
44356.25,13.63,13.61,0.45,0.24,10,582.48
44356.29,13.65,13.59,0.63,0.29,10,583.3
44356.33,13.55,13.55,0.75,0.09,10,583.27
44356.38,13.06,13.06,0.8,0.52,10,583.5
44356.42,14.23,13.47,0.74,0.67,10,583.48
44356.46,13.93,13.3,1.09,0.68,10,583.79
44356.5,13.47,13.13,1.55,0.48,10,583.64
44356.54,14.26,13.43,1.75,0.34,10,583.63
44356.58,14.45,13.65,1.62,0.27,10,583.32
44356.62,14.44,13.45,1.58,0.42,10,583.04
44356.67,14.15,13.37,1.49,0.58,10,582.87
44356.71,14.57,13.86,1.49,0.58,10,582.69
44356.75,13.53,13.22,1.11,0.6,10,583.68
44356.79,13.68,13.52,1,0.6,10,583.59
44356.83,13.91,13.56,1.01,1.04,9.83,583.84
44356.88,14.13,13.75,0.5,1.33,10,583.9
44356.92,14.18,13.73,0.61,1.63,10,584.28
44356.96,12.76,12.76,0.49,1.71,10,584.57
44357,12.87,12.87,0.34,2.37,10,584.66
44357.04,12.72,12.72,0.48,2.49,10,584.5
44357.08,12.79,12.76,0.76,2.19,10,584.07
44357.12,12.77,12.71,0.84,2.23,10,583.69
44357.17,12.26,12.06,0.7,2.27,10,583.49
44357.21,11.98,11.54,0.68,2.71,9.92,583.37
44357.25,12.2,10.1,0.87,3,9.88,583.71
44357.29,12.04,10.7,0.88,0.27,10,583.99
44357.33,11.92,10.84,0.76,0.58,10,583.78
44357.38,11.41,10.62,0.8,0.48,10,584
44357.42,13.38,11.51,0.94,0.62,10,584.02
44357.46,13.53,11.5,0.44,0.99,10,583.79
44357.5,14.41,11.29,0.91,3.11,9.88,583.69
44357.54,17.59,11.23,1.55,0.14,8.56,583.4
44357.58,18.81,10.97,1.88,0.12,8.9,583.09
44357.62,20.35,10.51,1.95,3.14,8.88,582.6
44357.67,21.89,9.95,1.97,3.04,9.38,582.36
44357.71,21.62,9.92,1.84,3,8.43,581.85
44357.75,18.75,11.21,1.73,0.06,8.85,582.72
44357.79,18.05,11.56,1.42,0.17,8.57,582.09
44357.83,18.21,11.13,1.28,0.2,9.65,582.67
44357.88,17.4,11.45,1.04,0.37,10,583.03
44357.92,16.39,11.9,0.28,0.77,10,583.21
44357.96,14.12,11.84,0.12,2.71,9.86,583.35
44358,13.98,12.01,0.1,2.91,10,583.45
44358.04,13.22,12.19,0.32,3,9.9,583.14
44358.08,12.86,12.03,0.67,2.88,9.9,582.77
44358.12,12.66,11.86,0.87,2.95,9.68,582.4
44358.17,11.71,11.22,1.06,2.91,9.76,582.14
44358.21,11.57,11.09,1.09,2.82,9.84,582.14
44358.25,12.31,11.42,0.86,2.78,9.96,582.39
44358.29,12.42,11.6,0.93,2.67,9.92,582.66
44358.33,12.83,12.37,0.64,2.82,10,582.89
44358.38,14.05,12.73,0.26,2.74,10,583.25
44358.42,18.07,13.31,0.82,2.38,9.82,583.34
44358.46,18.33,13.39,1.08,2.54,9.94,583.22
44358.5,18.9,13.26,1.34,2.56,9.8,583.3
44358.54,21.12,12.63,1.43,2.58,9.96,583.18
44358.58,21.29,12.77,1.86,2.76,10,582.75
44358.62,21.23,12.99,1.82,2.51,9.85,582.42
44358.67,21.1,13.15,1.79,2.7,9.99,582.09
44358.71,20.85,13.18,1.73,2.87,9.92,581.73
44358.75,17.95,13.84,1.59,3.02,9.96,582.49
44358.79,17.51,13.93,1.38,0.11,10,582.29
44358.83,17.57,14.25,1.29,0.15,10,582.9
44358.88,17.52,14.39,1.2,0.35,9.9,583.15
44358.92,17.18,14.56,1.05,0.27,9.84,583.53
44358.96,15.67,14.74,0.91,2.91,10,583.62
44359,15.68,14.72,0.81,2.75,10,583.75
44359.04,15.45,14.92,0.41,2.96,10,583.7
44359.08,15.42,14.92,0.27,2.39,10,583.54
44359.12,15.4,14.95,0.58,1.3,9.96,583.02
44359.17,15.12,14.83,0.7,0.96,10,582.81
44359.21,15.17,14.88,0.4,0.25,10,582.8
44359.25,15.6,15.32,0.29,0.96,10,583.02
44359.29,15.38,15.23,0.45,0.47,9.94,583.3
44359.33,15.76,15.17,0.68,1.42,10,583.66
44359.38,15.81,15.06,0.88,1.66,10,583.43
44359.42,18.5,15.29,0.98,1.65,9.34,583.44
44359.46,18.7,15.18,1.13,2.15,9.28,583.24
44359.5,18.99,15.11,1.23,2.08,9.13,583.29
44359.54,21.24,15.41,1.43,1.94,8.9,583.1
44359.58,21.36,15.88,1.62,1.98,7.65,582.56
44359.62,21.81,16.3,1.72,1.87,8.08,581.95
44359.67,22.07,16.62,1.5,2.28,8.39,581.75
44359.71,21.35,16.66,1.07,2.23,8.98,581.23
44359.75,19.34,16.69,0.67,2.59,9.62,582.24
44359.79,19.57,16.56,0.88,2.38,9.96,581.68
44359.83,19.67,17.08,1.02,3.14,9.77,581.84
44359.88,19.85,16.76,0.79,0.57,9.82,582.4
44359.92,19.35,16.8,0.98,2.85,9.94,582.56
44359.96,17.53,16.47,0.83,2.29,9.94,582.9
44360,17.75,16.62,0.77,1.55,10,582.76
44360.04,17.25,16.28,0.93,1.04,10,582.56
44360.08,17.28,16.33,0.99,0.89,9.65,582.19
44360.12,17.21,16.14,1.17,0.75,9.6,581.88
44360.17,16.37,15.86,1.35,0.57,8.82,581.47
44360.21,15.98,15.5,1.5,0.43,8.32,581.11
44360.25,16.71,15.88,1.34,0.42,9.94,581.12
44360.29,17.05,16.04,1.28,0.21,8.44,581.35
44360.33,18.02,17.12,1.1,0.37,8.91,581.25
44360.38,18.7,17.1,0.97,1.01,7.52,581.2
44360.42,21.83,17.66,1.54,1.21,7.15,581.15
44360.46,22.35,17.04,1.75,1.35,7.81,581.1
44360.5,22.15,16.7,1.68,1.46,6.47,580.84
44360.54,24.25,17.16,1.73,1.49,5.48,580.45
44360.58,24.12,16.98,1.68,1.49,8.36,580.17
44360.62,23.65,16.94,1.59,1.61,8.39,579.63
44360.67,23.85,17.37,1.56,1.84,8.98,579.42
44360.71,23.12,17.52,1.41,2.13,8.7,578.94
44360.75,22.19,16.34,1.3,2.6,9.32,579.49
44360.79,21.78,16.68,1.18,2.88,6.62,578.99
44360.83,21.38,17.94,0.96,3.12,7.67,579.14
44360.88,20.95,18.03,0.92,0.14,8.44,579.24
44360.92,20.89,17.9,0.78,0.4,9.52,579.75
44360.96,18.68,17.16,0.62,2.91,9.76,580.06
44361,18.49,16.98,0.72,1.53,9.88,579.57
44361.04,18.36,16.85,1.04,0.66,10,579.46
44361.08,18.63,16.61,1.24,0.43,10,579.04
44361.12,18.72,16.38,1.32,0.33,9.94,578.43
44361.17,17.63,16.06,1.46,0.31,9.94,578.28
44361.21,17.42,15.85,1.49,0.29,10,578.11
44361.25,18.18,16.46,1.3,0.46,10,577.83
44361.29,18.83,16.48,0.81,0.78,9.96,577.87
44361.33,19.32,16.99,0.85,0.6,10,578
44361.38,19.95,17.33,0.49,1.34,9.84,578.02
44361.42,22.81,17.7,0.8,1.57,9.82,578.35
44361.46,23.09,17.04,0.87,1.51,9.94,578.19
44361.5,23.37,16.73,1.06,1.74,10,578.11
44361.54,25.65,17.21,1.06,2.06,9.88,577.99
44361.58,25.32,17.24,1.19,2.46,9.94,577.68
44361.62,24.8,17.4,1.3,2.66,9.75,577.22
44361.67,25.41,18.04,1.09,2.51,8.27,577.06
44361.71,24.13,18.01,1.51,0.38,9.34,577.39
44361.75,19.01,17.53,1.95,0.72,9.82,577.85
44361.79,18.37,17.48,1.1,0.56,10,577.97
44361.83,19.29,17.85,1.03,0.89,10,578.42
44361.88,19.96,18.05,0.88,0.86,10,578.69
44361.92,19.53,18.24,0.35,0.31,10,579.2
44361.96,17.95,17.76,0.24,1.18,10,579.16
44362,18.26,17.85,0.63,1.33,10,579.11
44362.04,18.27,17.76,0.58,1.06,10,578.86
44362.08,18.28,17.75,0.72,1.01,10,578.37
44362.12,18.55,17.74,0.68,0.82,10,577.94
44362.17,18.2,17.76,0.49,0.83,10,577.73
44362.21,18.36,17.78,0.65,0.55,10,577.82
44362.25,18.8,17.53,0.43,3.14,10,578.39
44362.29,18.66,17.4,0.55,0.72,9.94,578.45
44362.33,18.69,17.21,0.88,0.49,10,578.56
44362.38,18.98,17.3,0.73,0.66,10,578.28
44362.42,22,18.15,0.71,1.33,9.42,578.59
44362.46,22,18.16,0.94,2.06,9.73,578.55
44362.5,22.25,18.29,1.19,2.18,9.64,578.27
44362.54,25.11,19.81,1.43,2.37,9.53,578.25
44362.58,24.94,20.92,1.41,2.45,9.5,577.91
44362.62,24.71,21.67,1.7,2.7,9.15,577.71
44362.67,22.73,20.5,1.3,2.45,9.57,577.67
44362.71,22.02,19.75,1.37,2.85,9.75,577.23
44362.75,20.56,19.86,1.82,0.34,9.9,577.73
44362.79,20.65,19.25,0.91,0.75,10,578.16
44362.83,20.75,19.01,0.6,0.69,9.94,578.3
44362.88,20.84,19.08,0.25,0.62,10,578.82
44362.92,20.57,19.07,0.2,0.78,10,578.9
44362.96,18.51,18.15,0.48,0.35,10,579.23
44363,18.69,18.07,0.1,2.88,10,579.08
44363.04,18.67,17.95,0.39,3.08,10,579.29
44363.08,18.76,17.74,0.18,2.28,10,578.94
44363.12,18.56,17.51,0.91,0.35,10,578.94
44363.17,18.08,17.31,0.93,0.6,10,578.9
44363.21,18.15,17.2,0.68,0.23,10,578.88
44363.25,18.75,17.41,0.87,0.27,10,579.63
44363.29,18.86,17.47,0.8,0.3,9.9,579.79
44363.33,19.23,17.33,0.87,0.22,10,579.76
44363.38,19.56,17.56,1.13,0.46,10,579.83
44363.42,22.68,18.05,0.84,0.71,10,579.93
44363.46,23.28,17.98,0.58,1.53,10,580.12
44363.5,23.4,18.35,1.05,2.53,10,580.15
44363.54,25.68,19.02,1.29,2.79,10,580.02
44363.58,24.65,19.39,1.55,2.71,10,579.8
44363.62,23.39,20.07,1.39,2.74,10,579.54
44363.67,22.55,20.49,1.2,0.03,10,579.73
44363.71,21.59,19.56,1.42,0.26,10,579.38
44363.75,19.35,19.14,1.29,0.45,10,579.92
44363.79,20.2,19.31,1.16,3.08,10,579.51
44363.83,20.46,17.89,0.87,0.11,10,580.45
44363.88,20.78,18.24,0.52,0.27,10,580.52
44363.92,20.3,18.12,0.46,0.65,10,580.74
44363.96,18.26,17.48,0.83,1.82,10,581.12
44364,18.63,17.69,0.52,1.39,10,581.19
44364.04,18.6,17.84,0.56,1.16,10,581.21
44364.08,18.49,17.81,0.58,2.36,10,580.87
44364.12,18.69,18,0.33,0.02,10,580.66
44364.17,17.51,16.98,0.23,3.01,10,580.73
44364.21,17.56,16.96,0.2,2.62,10,580.58
44364.25,17.87,17.21,0.56,1.57,10,580.48
44364.29,17.82,17.2,0.59,2.2,10,581.67
44364.33,17.75,17.42,0.18,1.06,10,581.55
44364.38,17.71,17.43,0.38,2.12,10,581.31
44364.42,19.56,18.57,0.56,2.45,9.88,581.39
44364.46,19.32,18.74,0.74,2.83,10,581.39
44364.5,19.07,18.85,1.25,3.07,10,581.44
44364.54,20.92,19.45,1.62,0.03,9.88,581.36
44364.58,20.96,19.85,1.56,0.15,9.94,580.89
44364.62,20.19,18.6,1.4,3.03,10,581
44364.67,19.46,18.52,1.41,3.1,10,580.72
44364.71,19.03,17.54,1.28,0.3,10,580.73
44364.75,16.9,16.22,1.72,0.32,10,580.58
44364.79,16.97,16.09,1.76,0.29,10,581.06
44364.83,17.06,15.49,1.59,0.46,10,581.66
44364.88,17.16,15.77,1.5,0.52,10,582.25
44364.92,17.09,15.5,1.18,0.62,10,582.43
44364.96,14.84,14.2,1,0.24,10,582.83
44365,14.9,14.32,0.87,0.18,10,582.72
44365.04,15.05,14.16,0.62,0.29,10,582.56
44365.08,15.3,14.01,0.4,0.46,9.81,581.86
44365.12,15.1,14.07,0.19,2.01,10,581.58
44365.17,14.98,14,0.26,2.63,10,581.4
44365.21,15.11,14.29,0.62,2.9,10,581.15
44365.25,15.34,14.51,0.74,1.83,10,580.97
44365.29,15.34,14.4,0.77,2.42,10,581.28
44365.33,14.87,14.42,0.68,2.29,10,581.29
44365.38,14.62,14.51,0.97,2.7,10,581.35
44365.42,17.99,15.62,1.28,2.62,10,581.27
44365.46,18.09,16.04,1.1,2.52,10,581.43
44365.5,17.2,15.84,1.59,3.04,10,581.4
44365.54,19.41,16.51,1.76,0.01,10,581.25
44365.58,19.13,16.26,1.83,0.06,10,580.98
44365.62,18.83,16.08,1.66,0.09,10,580.86
44365.67,18.03,15.94,1.72,0.11,9.96,580.81
44365.71,17.66,16.16,1.81,0.08,9.96,580.4
44365.75,15.23,14.36,1.76,0.09,9.66,580.64
44365.79,15.52,13.94,1.67,0.15,9.77,580.87
44365.83,15.82,13.77,1.45,0.29,9.93,581.32
44365.88,15.86,13.88,1.55,0.3,9.51,581.62
44365.92,15.38,13.57,1.16,0.27,9.43,581.96
44365.96,13.59,12.23,0.89,0.33,9.27,582.29
44366,13.56,12.09,0.8,0.05,9.6,582.19
44366.04,13.41,12.08,0.63,0.52,9.72,581.92
44366.08,13.68,12.13,0.58,2.98,9.64,581.24
44366.12,13.81,12.33,0.23,2.59,9.57,581.04
44366.17,13.62,12.3,0.41,1.27,9.43,580.66
44366.21,13.68,12.39,0.4,1.65,9.6,580.56
44366.25,14.32,12.85,0.5,2.63,9.77,580.74
44366.29,14.05,12.68,0.71,3.06,9.38,581.08
44366.33,13.96,12.67,0.94,3.06,9.34,581.04
44366.38,13.64,12.79,1.21,0.09,9.46,581.2
44366.42,16.85,13.96,1.45,0.04,9.76,581.29
44366.46,16.8,13.77,1.66,3.1,9.23,581.31
44366.5,16.83,13.76,1.84,3.01,8.74,581.42
44366.54,18.92,14.38,1.84,3.02,9.2,581.25
44366.58,19.04,14.41,1.72,2.99,9.62,580.84
44366.62,19.06,14.43,1.76,3.04,9.66,580.57
44366.67,19.11,14.26,1.82,3.11,9.66,580.38
44366.71,19.07,14.4,1.79,0.06,8.77,580.14
44366.75,16.4,12.89,1.87,0.22,7.47,580.15
44366.79,16.48,12.66,1.48,0.27,8.82,580.18
44366.83,16.68,12.89,1.39,0.22,8.14,580.69
44366.88,16.58,13.21,1.44,0.38,8.65,580.83
44366.92,15.75,12.91,1.21,0.28,9.13,581.35
44366.96,13.86,12.28,0.96,0.33,9.13,581.48
44367,14.09,12.3,0.85,0.38,9.53,581.39
44367.04,13.69,12.07,0.64,0.4,9.8,581.09
44367.08,13.87,12.18,0.32,0.44,9.57,580.71
44367.12,14.07,12.45,0.18,0.58,9.64,580.43
44367.17,13.68,11.95,0.25,1.13,9.76,580.34
44367.21,13.92,12.13,0.32,1.21,9.24,580.24
44367.25,14.65,12.25,0.33,0.16,9.38,580.69
44367.29,14.34,12.03,0.51,0.21,9.49,580.9
44367.33,14.12,11.86,0.86,0.14,9.48,580.81
44367.38,13.86,11.77,1.06,3.04,9.45,581.03
44367.42,16.39,12.69,1.08,2.89,9.56,581.19
44367.46,16.11,12.65,1.09,2.98,8.97,581.28
44367.5,16.34,12.87,1.16,3.07,8.94,581.16
44367.54,18.99,13.78,1.46,0.01,8.19,581.16
44367.58,19.1,14.04,1.69,3.13,8.33,580.63
44367.62,19.17,14.16,1.77,3.12,10,580.51
44367.67,20.32,14.79,1.78,0.02,9.89,580.29
44367.71,20.12,14.76,1.69,0.13,9.89,580.24
44367.75,17,12.74,1.67,0.42,9.18,581.16
44367.79,17.02,12.3,1.36,0.45,8.79,580.99
44367.83,17.11,12.52,1.27,0.57,9.62,581.72
44367.88,17.25,12.5,1.28,0.4,9.09,581.63
44367.92,16.77,13.17,1.16,0.43,10,582.24
44367.96,14.85,12.98,1.09,0.4,10,582.7
44368,15.23,13.09,0.91,0.33,10,582.63
44368.04,14.94,13,0.68,0.34,9.95,582.49
44368.08,15.18,13.05,0.42,3.09,9.91,582.07
44368.12,15.19,13,0.25,0.61,9.42,581.93
44368.17,14.32,12.63,0.29,2.22,9.58,581.76
44368.21,14.42,12.45,0.31,3.09,9.73,581.63
44368.25,14.72,12.5,0.53,2.66,9.76,581.57
44368.29,14.58,12.82,0.21,2.11,10,582.12
44368.33,14.37,12.74,0.36,3.13,9.96,582.32
44368.38,14.44,11.7,0.75,2.86,10,582.5
44368.42,16.98,12.52,0.78,0.22,9.96,582.76
44368.46,17.01,12.03,1.2,0.51,9.84,582.86
44368.5,16.66,11.87,1.39,0.42,9.88,582.99
44368.54,17.67,11.95,1.17,0.09,9.84,582.88
44368.58,17.92,11.92,1.17,3.13,9.93,582.57
44368.62,18.05,12.05,1.37,3.12,9.98,582.29
44368.67,17.61,11.88,1.48,0.13,9.96,582.23
44368.71,18.11,12.02,1.17,0.05,9.81,582.08
44368.75,15.75,11.84,0.9,0.32,10,582.81
44368.79,15.89,11.78,0.6,0.07,9.69,582.93
44368.83,16.32,11.74,0.82,0.6,9.35,583.03
44368.88,16.77,12.03,0.63,0.66,8.81,583.21
44368.92,16.54,12.42,0.44,1.37,9.08,583.46
44368.96,15.04,11.54,0.16,2.15,9.75,583.88
44369,15.18,11.6,0.5,3.04,9.86,583.68
44369.04,15.04,11.76,0.6,3.1,9.94,583.68
44369.08,15.15,11.81,0.64,0.11,9.84,583.36
44369.12,15.41,11.93,0.56,3.11,9.96,582.94
44369.17,14.05,11.55,0.58,2.66,10,582.86
44369.21,13.86,11.48,0.58,2.7,9.96,582.87
44369.25,14.36,11.96,0.63,0.1,10,583.51
44369.29,14.37,12.04,0.78,0.38,10,583.48
44369.33,14.74,11.98,0.96,0.99,9.88,583.81
44369.38,14.94,11.03,1.01,1.3,9.8,583.71
44369.42,17.38,11.21,0.88,1.49,9.79,583.92
44369.46,17.68,10.65,0.67,1.77,9.93,584.02
44369.5,17.41,10.21,0.61,2.4,9.87,583.82
44369.54,19.53,10.45,0.78,2.82,9.64,583.66
44369.58,19.26,10.34,0.99,3.04,8.66,583.28
44369.62,19.18,10.74,1.29,3.09,8.39,583.04
44369.67,19.94,11.36,1.65,2.98,7.98,582.46
44369.71,19.37,11.29,1.81,2.87,7.99,582.19
44369.75,18.66,11.92,1.55,2.83,9.61,582.67
44369.79,18.51,11.29,1.2,2.95,8.68,582.77
44369.83,19.25,10.56,0.59,3.11,8.7,582.66
44369.88,19.55,10.53,0.31,0.54,9.69,582.87
44369.92,19.49,10.93,0.43,2.96,10,583.22
44369.96,17.53,11.66,0.5,2.69,10,583.42
44370,17.48,11.62,0.4,2.77,10,583.35
44370.04,17.04,11.28,0.21,2.31,10,583.29
44370.08,17.12,11.45,0.19,1.69,10,582.78
44370.12,16.94,11.23,0.16,1.07,10,582.49
44370.17,16.62,11.49,0.08,2.95,10,582.24
44370.21,16.65,11.36,0.09,2.54,10,582.42
44370.25,16.3,12.84,0.17,0.74,10,582.86
44370.29,16.01,13.02,0.22,1.9,10,582.82
44370.33,15.8,12.29,0.31,3.1,10,582.95
44370.38,15.72,11.67,0.69,3.05,10,583.02
44370.42,18.03,11.63,0.9,3.09,9.75,583.1
44370.46,17.69,11.67,1.01,0.27,9.4,582.97
44370.5,18.25,12.18,1.11,2.88,9.35,583
44370.54,19.83,13.01,1.38,2.83,9.67,582.93
44370.58,19.86,12.85,1.48,2.91,10,582.47
44370.62,19.46,12.86,1.66,0.01,9.92,582.18
44370.67,20.22,13.64,1.8,0,9.76,581.72
44370.71,20.78,14.13,1.82,0.26,10,581.29
44370.75,18.11,13.98,1.48,0.31,9.96,581.76
44370.79,18.13,13.65,1.45,0.01,9.92,582.26
44370.83,17.88,14.17,1.15,0.26,10,582.82
44370.88,17.84,14.47,0.85,0.07,9.94,582.8
44370.92,17.61,14.14,0.58,2.96,9.82,582.63
44370.96,16.01,14.23,0.43,0.92,9.74,583.04
44371,15.81,14.3,0.59,1.03,9.8,583.04
44371.04,15.55,14.52,0.3,1.19,9.92,582.8
44371.08,15.47,14.5,0.3,1.27,9.88,582.24
44371.12,15.16,14.24,0.38,2.58,10,581.99
44371.17,14.71,14.27,0.66,2.31,10,581.85
44371.21,14.51,14.11,0.49,2.17,9.84,581.75
44371.25,14.25,13.85,0.58,1.41,9.88,581.99
44371.29,14.28,13.98,0.6,1.41,9.92,581.94
44371.33,14.94,14.13,0.53,0.89,9.92,582.1
44371.38,15.6,14.31,0.68,0.26,10,581.98
44371.42,17.63,15.08,1.01,3.02,10,582.1
44371.46,17.94,15.12,1.32,3.02,10,581.96
44371.5,18.4,15.19,1.38,2.86,10,582.03
44371.54,20.02,15.45,1.6,2.86,9.94,581.53
44371.58,19.98,15.45,1.77,2.96,10,581.23
44371.62,19.49,15.4,1.8,0.04,10,580.8
44371.67,18.88,15.83,1.89,0.22,10,580.55
44371.71,18.43,15.62,2,0.24,10,580.28
44371.75,16.65,15.69,1.65,0.36,10,580.78
44371.79,16.68,15.78,1.4,0.27,10,580.89
44371.83,16.95,16.09,1.53,0.45,10,581.18
44371.88,17.06,16.27,1.07,0.14,10,581.6
44371.92,16.72,16.17,1.01,0.2,10,582
44371.96,15.54,15.54,0.89,0.47,10,582.22
44372,15.65,15.62,0.79,0.52,10,582.41
44372.04,15.59,15.54,0.83,0.46,10,582.14
44372.08,15.54,15.41,0.74,0.35,10,581.67
44372.12,15.48,15.24,0.76,0.25,10,581.33
44372.17,15.2,15.09,0.89,0.39,10,580.99
44372.21,15.25,15.09,0.91,0.56,10,580.89
44372.25,15.4,15.33,0.96,0.54,10,581.37
44372.29,15.36,15.33,1.08,0.42,10,581.59
44372.33,15.16,15.16,1.08,0.35,10,581.78
44372.38,14.93,14.93,1.09,0.23,10,581.59
44372.42,16.9,16.35,1.21,0.37,10,581.73
44372.46,16.78,16.55,1.26,0.28,10,581.56
44372.5,16.39,16.32,1.35,0.08,10,581.6
44372.54,17.54,17.12,1.23,0.13,10,581.33
44372.58,17.22,16.79,1.33,0.17,10,581.13
44372.62,17.8,17.25,1.3,0.33,10,580.85
44372.67,17.61,16.09,1.22,0.42,10,580.64
44372.71,18.37,15.98,1.28,0.54,10,580.4
44372.75,16.65,15.6,1.4,0.33,10,580.34
44372.79,16.65,15.85,1.29,0.13,10,580.5
44372.83,16.78,15.78,1.3,0.45,10,580.89
44372.88,17.18,15.83,1.19,0.28,10,581.13
44372.92,17.06,16.12,0.85,0.16,10,581.36
44372.96,15.9,15.83,0.53,2.82,10,581.73
44373,16.08,15.88,0.5,2.39,10,581.58
44373.04,16.02,15.9,0.52,2.39,10,581.32
44373.08,16.08,15.92,0.48,2.17,9.96,580.84
44373.12,16.19,15.99,0.31,2.22,9.89,580.59
44373.17,15.95,15.61,0.57,1.07,9.96,580.46
44373.21,16.19,15.72,0.75,1.24,9.85,580.09
44373.25,16.94,16.34,0.77,0.87,10,580.49
44373.29,17.05,16.3,0.9,0.52,9.92,580.3
44373.33,17.39,16.32,1.01,0.64,9.56,580.48
44373.38,17.04,16.61,0.51,1.03,9.78,580.53
44373.42,20.2,17.48,0.7,2.16,10,580.63
44373.46,20.09,17.45,0.97,2.56,9.94,580.64
44373.5,19.77,17.34,1.35,2.9,9.94,580.45
44373.54,22.1,17.84,1.28,2.78,9.88,580.34
44373.58,21.91,17.67,1.32,2.84,10,580.21
44373.62,21.35,17.63,1.28,2.84,9.64,580.16
44373.67,20.89,18.12,1.39,3.07,9.88,580.03
44373.71,20.33,18.1,1.43,2.95,9.88,579.76
44373.75,18.07,17.53,1.32,0.4,10,580.55
44373.79,18.3,17.6,1.32,0.28,10,579.6
44373.83,18.31,17.5,1.26,0.26,10,580.41
44373.88,18.34,17.39,1.23,0.33,10,581.02
44373.92,18.57,17.41,0.99,0.33,10,581.44
44373.96,16.84,16.55,0.9,0.55,9.99,581.76
44374,17.12,16.59,0.53,0.13,10,581.76
44374.04,16.82,16.21,0.5,0.19,10,581.66
44374.08,16.67,16.01,0.22,2.48,10,581.18
44374.12,16.91,16.11,0.36,1.74,10,581.23
44374.17,16.61,15.97,0.49,1.11,10,581.04
44374.21,16.52,15.88,0.46,0.45,10,580.88
44374.25,16.75,15.97,0.77,0.94,10,581.28
44374.29,16.62,15.96,0.42,2.93,10,580.95
44374.33,16.91,15.74,0.64,0.95,9.88,581.55
44374.38,16.56,15.95,0.94,0.65,9.94,581.62
44374.42,18.85,16.74,1.35,0.54,10,581.75
44374.46,18.92,16.96,1.4,0.32,10,581.73
44374.5,19.17,17.31,1.3,0.14,10,581.75
44374.54,21.21,18.59,1.38,3.09,10,581.69
44374.58,20.37,18.02,1.44,3.07,10,581.27
44374.62,19.94,17.92,1.51,3.04,10,581.1
44374.67,20.18,17.48,1.3,3.02,9.99,580.92
44374.71,20.01,17.88,1.49,0.1,9.92,580.34
44374.75,18.9,16.84,1.66,0.53,8.58,580.63
44374.79,19.03,16.85,1.13,0.25,9.89,580.5
44374.83,18.76,16.98,1.37,0.59,9.99,581.34
44374.88,19.26,17.2,1.21,0.7,9.99,581.58
44374.92,18.99,17.24,0.72,0.68,9.99,581.7
44374.96,17.49,16.63,0.59,1.39,9.96,581.65
44375,17.71,16.63,0.76,1.87,10,581.86
44375.04,17.47,16.3,1.04,1.65,9.96,581.96
44375.08,17.34,16.26,1.09,1.46,10,581.49
44375.12,17.15,16.18,1.1,1.7,9.88,581.27
44375.17,16.47,15.72,1.1,1.96,9.96,581
44375.21,16.48,15.61,0.98,2.01,10,581.05
44375.25,15.84,15.34,0.71,1.44,10,581.75
44375.29,16.28,15.6,0.74,1.11,10,581.77
44375.33,16.46,16.12,0.69,1.19,9.9,581.79
44375.38,17.13,15.64,0.66,0.56,10,581.99
44375.42,19.76,16.2,0.92,0.09,9.96,581.84
44375.46,20.34,16.02,1.38,0.22,10,581.9
44375.5,20.55,16.21,1.89,0.45,10,581.6
44375.54,21.3,16.61,2.04,0.4,9.9,581.5
44375.58,21.04,16.91,1.84,0.45,9.92,581.21
44375.62,20.59,16.74,1.62,0.42,10,581.05
44375.67,20.91,17.31,1.54,0.42,6.77,580.63
44375.71,21.41,17.72,1.4,0.2,6.32,580.14
44375.75,19.08,16.5,2.07,0.54,7.96,580.23
44375.79,18.92,16.47,1.44,0.31,9.3,580.95
44375.83,18.12,16.43,1.35,0.52,9.37,581.5
44375.88,18.05,16.16,0.99,0.42,9.52,581.69
44375.92,17.54,16.26,0.72,0.84,9.92,582.23
44375.96,16.55,16.06,0.55,1.53,9.89,582.27
44376,16.98,16.48,0.85,1.94,9.96,582.41
44376.04,16.78,16.2,0.59,2.54,10,582.17
44376.08,16.78,16.06,0.92,2.68,10,581.93
44376.12,16.58,15.96,0.97,2.46,10,581.59
44376.17,15.99,15.67,0.98,2,10,581.46
44376.21,16.35,15.8,0.88,1.58,10,581.33
44376.25,17.22,16.48,1.08,1.35,9.94,581.11
44376.29,17.07,16.25,0.93,1.34,10,581.4
44376.33,16.71,16.13,0.89,1.03,10,581.62
44376.38,16.84,16.36,1.16,0.72,10,582.01
44376.42,19.24,17.28,1.13,0.46,10,582.17
44376.46,20.08,18.08,1.04,0.57,10,582.22
44376.5,19.71,17.51,1.17,0.72,10,582.24
44376.54,20.56,17.54,1.38,0.58,10,582.08
44376.58,20.01,16.69,1.51,0.42,10,581.77
44376.62,19.32,16.13,1.78,0.59,9.88,581.45
44376.67,19.02,15.46,1.88,0.51,9.88,580.98
44376.71,19.95,15.52,1.98,0.54,9.94,580.47
44376.75,17.98,15.19,2.07,0.39,9.74,581.42
44376.79,18.14,15.28,1.51,0.57,9.9,581.1
44376.83,18.05,15.61,1.33,0.84,9.64,581.22
44376.88,18.28,15.57,0.26,2.3,9.96,582.17
44376.92,17.85,15.77,0.56,1.84,10,582.24
44376.96,17.07,15.6,1.23,1.76,9.96,582.07
44377,16.95,15.47,1.04,1.73,10,582.13
44377.04,16.61,15.42,0.89,1.73,10,581.91
44377.08,16.61,15.39,0.89,1.95,10,581.76
44377.12,16.77,15.59,0.94,2.09,10,581.54
44377.17,16.1,15.01,1.09,2.25,9.92,581.33
44377.21,16.18,15.04,1.11,2.3,10,580.96
44377.25,15.57,14.19,0.92,1.94,10,581.05
44377.29,15.99,14.41,0.69,2.11,9.84,581.5
44377.33,16.73,15.11,0.39,1.3,10,581.66
44377.38,17.86,14.96,0.69,0.35,10,581.88
44377.42,20.39,14.91,1.06,0.79,10,582.1
44377.46,20.65,14.7,0.79,0.87,10,582.16
44377.5,20.63,14.63,0.93,0.82,10,582.02
44377.54,21.63,14.92,1.13,0.84,10,581.77
44377.58,21.48,14.85,1.18,0.52,10,581.4
44377.62,21.11,14.72,1.21,0.41,10,581.17
44377.67,20.34,15.24,1.2,0.28,10,580.76
44377.71,19.68,15.26,1.16,0.28,10,580.34
44377.75,16.77,15.19,1.16,0.28,10,580.73
44377.79,17.15,15.4,0.71,0.33,10,580.77
44377.83,17.71,15.71,0.76,1.09,9.9,580.71
44377.88,17.44,16.03,0.79,0.12,9.99,580.92
44377.92,17.62,16.62,0.5,0.55,10,581.23
44377.96,16.32,15.71,0.19,0,10,581.3
44378,16.46,16.03,0.13,0.58,10,581.22
44378.04,16.3,16.07,0.29,1.16,10,581.03
44378.08,16.39,16.17,0.61,0.86,10,580.82
44378.12,16.37,16.15,0.55,0.3,10,580.42
44378.17,16.11,15.73,0.36,0.13,10,580.31
44378.21,16.18,15.75,0.38,0.96,10,580.34
44378.25,16.36,15.95,0.24,1.47,10,580.25
44378.29,16.05,15.65,0.15,2.35,10,580.55
44378.33,15.12,15.01,0.26,1.62,10,580.65
44378.38,14.44,14.23,0.05,2.79,10,580.77
44378.42,16.25,15.13,0.43,1.01,10,581
44378.46,16.31,14.44,0.63,0.82,10,580.81
44378.5,15.68,14.25,0.83,0.33,10,581.06
44378.54,15.98,13.73,0.71,0.25,10,580.86
44378.58,16.09,14.17,0.55,2.96,10,580.57
44378.62,16.45,14.06,0.48,2.64,10,580.09
44378.67,15.7,13.75,0.7,0.44,10,579.78
44378.71,16.6,14.23,0.98,0.73,9.82,579.44
44378.75,15.99,14.97,1.04,0.48,9.84,580.61
44378.79,16.03,15.09,0.93,0.03,9.88,579.82
44378.83,15.86,15.26,0.81,2.76,9.81,580.4
44378.88,15.8,15.46,0.25,2.06,9.67,580.72
44378.92,15.85,15.47,0.2,1.64,9.93,580.79
44378.96,15.08,14.97,0.36,0.57,10,581.11
44379,15.18,15.03,0.69,0.59,10,580.89
44379.04,15.25,14.89,0.72,0,10,580.41
44379.08,15.43,14.99,0.63,0.03,10,580.13
44379.12,15.57,15.02,0.28,2.16,10,579.92
44379.17,15.08,14.84,0.21,1.75,10,579.9
44379.21,15.09,14.85,0.1,1.94,10,579.69
44379.25,14.94,14.75,0.5,0.41,10,580.27
44379.29,15,14.62,0.46,1.21,10,580.51
44379.33,15.43,14.47,0.56,1.55,10,580.53
44379.38,15.38,14.16,0.46,1.46,9.95,580.45
44379.42,18.53,14.61,0.37,1.81,9.49,580.35
44379.46,19.01,14.72,0.63,2.64,9.59,580.43
44379.5,18.7,14.35,1.09,2.8,9.99,580.28
44379.54,21.2,15.1,1.55,2.94,10,580.17
44379.58,20.67,15.25,1.61,3,9.99,579.96
44379.62,20.61,15.51,1.79,0.03,10,580.04
44379.67,19.42,15.34,1.89,0.12,10,580.12
44379.71,18.54,15.41,1.85,0.37,10,580.32
44379.75,15.7,15.23,1.6,0.5,10,581.01
44379.79,15.75,15.49,1.28,0.44,10,580.99
44379.83,15.97,15.73,1.13,0.14,10,581.68
44379.88,16.38,15.9,1.12,0.45,10,582.05
44379.92,16.16,15.64,1.03,0.62,10,582.48
44379.96,15.18,15.03,0.84,0.82,10,582.89
44380,15.12,15.01,0.56,0.94,10,582.92
44380.04,15.05,14.77,0.47,1.57,10,582.52
44380.08,15.03,14.78,0.58,2.29,10,582.04
44380.12,15.14,14.78,0.52,1.9,10,581.73
44380.17,15.01,14.59,0.57,1.16,10,581.69
44380.21,15.04,14.56,0.48,1.81,9.96,581.59
44380.25,15.96,14.98,0.39,1.85,10,581.73
44380.29,15.58,14.9,0.31,1.79,10,581.79
44380.33,14.97,14.66,0.22,1.32,10,582.1
44380.38,14.66,14.24,0.21,1.85,10,581.84
44380.42,17.52,14.71,0.32,1.94,9.95,582.07
44380.46,17.78,14.69,0.68,2.76,9.84,582.06
44380.5,17.97,14.18,1.14,2.79,9.76,581.86
44380.54,20.34,14.72,1.56,2.71,9.73,581.71
44380.58,20.27,14.33,1.74,2.72,9.88,581.34
44380.62,20.62,14.47,1.64,2.7,9.91,580.95
44380.67,21.47,14.53,1.68,2.79,9.71,580.69
44380.71,21.11,14.6,1.63,2.72,9.9,580.5
44380.75,18.45,14.25,1.42,2.89,9.96,580.82
44380.79,18.54,13.98,1.21,3.04,9.79,580.75
44380.83,18.99,14.37,1.39,0.03,9.73,581.45
44380.88,19.17,14.09,1.04,0.43,10,581.55
44380.92,18.99,14.21,0.98,0.25,10,581.91
44380.96,17.21,14.08,0.8,3.08,10,582.28
44381,17.14,14.2,0.81,3.07,10,582.23
44381.04,16.6,14.44,0.78,0.08,10,582.1
44381.08,16.55,14.56,0.74,0.1,10,581.72
44381.12,16.43,14.77,0.66,0.05,10,581.51
44381.17,15.66,14.69,0.69,0.15,10,581.33
44381.21,15.67,14.73,0.61,0.33,10,581.27
44381.25,16.07,14.91,0.44,0.75,10,581.36
44381.29,15.92,14.79,0.84,0.36,10,581.66
44381.33,15.33,14.43,1,0.34,10,582.03
44381.38,14.64,14.2,1.03,0.48,9.89,582.11
44381.42,16.27,14.84,1.13,0.53,9.81,582.23
44381.46,16.27,14.86,1.27,0.42,10,582.35
44381.5,16.66,15.31,1.35,0.33,10,582.33
44381.54,18.79,16.09,1.34,0.33,9.99,582.23
44381.58,18.79,15.95,1.27,0.08,9.99,581.79
44381.62,19.13,15.98,1.39,3.06,10,581.42
44381.67,19.83,16.38,1.49,3.02,10,581.06
44381.71,20.11,16.75,1.68,0.12,10,580.72
44381.75,18.48,16.14,1.97,0.28,9.9,581.91
44381.79,18.2,15.95,1.48,0.17,10,581.63
44381.83,18.09,15.93,1.28,0.17,10,581.88
44381.88,18.21,16.04,0.93,0.09,10,581.83
44381.92,17.85,16.16,0.95,0.25,10,582.27
44381.96,16.7,15.8,1.04,0.56,10,582.72
44382,16.7,15.68,0.95,0.47,10,582.76
44382.04,16.84,15.93,0.63,3.06,10,582.5
44382.08,16.97,15.98,0.28,3.1,10,582.03
44382.12,17.08,15.98,0.14,2.21,10,581.84
44382.17,16.48,15.77,0.47,2.44,9.96,581.58
44382.21,16.71,15.98,0.34,2.98,9.99,581.71
44382.25,16.17,15.68,0.67,2.59,10,581.45
44382.29,15.96,15.42,0.17,2.1,10,581.92
44382.33,15.95,15.84,0.44,2.6,10,582.07
44382.38,15.78,15.78,0.72,2.39,10,582.25
44382.42,17.27,17.26,0.68,2.83,10,582.44
44382.46,15.73,15.72,0.88,0.03,10,582.58
44382.5,15.41,15.36,1.11,3.1,10,582.46
44382.54,16.45,15.84,0.98,3.12,10,582.52
44382.58,16.37,15.48,1.02,2.97,10,582.14
44382.62,16.59,15.64,0.96,0.07,10,581.79
44382.67,17.42,16.27,1.11,0.51,10,581.02
44382.71,18.35,17.27,1.24,0.68,10,581.21
44382.75,15.72,15.67,0.96,0.57,10,581.75
44382.79,15.96,15.95,0.6,2.92,10,582.12
44382.83,16.27,15.86,0.94,3.07,10,582.17
44382.88,16.21,15.91,0.9,0.07,10,582.36
44382.92,16.29,15.87,0.74,0.1,10,582.49
44382.96,15.48,15.27,0.39,0.46,10,583.09
44383,15.69,15.38,0.5,1.69,10,583.17
44383.04,15.64,15.41,0.43,1.93,10,582.99
44383.08,15.57,15.41,0.49,2.2,10,582.57
44383.12,15.45,15.26,0.46,1.84,9.96,582.01
44383.17,15.21,15.2,0.62,1.59,10,581.87
44383.21,15.2,15.17,0.5,1.3,10,581.9
44383.25,15.16,14.83,0.51,1.78,10,581.77
44383.29,15.22,14.92,0.8,1.7,10,582.33
44383.33,15.39,14.86,0.88,1.14,9.95,582.3
44383.38,15.89,14.64,1.14,0.91,9.8,582.34
44383.42,17.82,15.37,1.09,0.68,9.53,582.62
44383.46,17.54,15.14,1.26,0.39,9.85,582.55
44383.5,17.72,14.78,1.37,0.15,9.78,582.5
44383.54,19.61,15.5,1.72,0.07,9.32,582.35
44383.58,19.75,15.37,1.96,0.2,9.78,581.84
44383.62,18.97,15.23,2.07,0.13,8.84,581.67
44383.67,18.59,15.27,2.17,0.24,8.97,581.16
44383.71,18.31,15.44,1.67,0.43,9.3,581.45
44383.75,17.66,15.52,1.16,0.49,9.94,581.76
44383.79,17.13,15.61,1.04,0.24,9.73,582.04
44383.83,17.01,15.95,1.04,0.09,9.94,582.87
44383.88,17.11,16.35,0.68,0.54,10,583.29
44383.92,17.2,16.6,0.23,2.63,10,583.58
44383.96,16.16,16.14,0.59,2.23,10,583.98
44384,16.24,16.16,0.66,0.26,10,583.99
44384.04,16.1,15.97,0.28,3.05,10,583.79
44384.08,15.92,15.85,0.23,2.45,10,583.46
44384.12,15.92,15.82,0.25,1.14,10,583.51
44384.17,15.55,15.45,0.47,0.75,10,583.03
44384.21,15.63,15.49,0.71,3.09,9.96,583.13
44384.25,16.47,15.93,0.79,0.12,9.96,583.43
44384.29,16.39,15.96,0.8,0.1,9.96,583.62
44384.33,16.83,16.58,0.81,0.12,9.84,583.71
44384.38,17.16,16.98,0.44,0.58,9,583.75
44384.42,20.68,16.6,0.45,2.38,8.78,584.05
44384.46,20.69,16.94,0.84,2.79,8.85,584.19
44384.5,20.6,17.07,1.09,0.15,8.96,584.16
44384.54,22.9,18,1.39,2.97,9.03,584.05
44384.58,22.57,18.2,1.71,2.86,8.87,583.48
44384.62,20.89,17.14,1.81,2.76,7.84,583
44384.67,21.69,18.43,1.66,2.87,9.78,583.02
44384.71,20.06,17.97,1.18,2.7,9.86,582.7
44384.75,18.85,18.39,0.8,0.22,10,582.88
44384.79,17.8,17.55,0.56,3.13,10,583.32
44384.83,18.58,17.97,0.85,0.4,10,583.69
44384.88,18.8,17.88,0.67,2.71,10,583.85
44384.92,18.75,17.79,0.41,1.67,10,584.14
44384.96,16.76,16.74,0.86,1.68,10,584.57
44385,17.08,16.77,0.83,1.32,10,584.51
44385.04,16.88,16.71,0.78,0.74,9.96,584.13
44385.08,17.14,16.75,1.4,0.37,10,583.86
44385.12,17.49,16.74,1.44,0.08,9.99,583.54
44385.17,15.98,15.49,1.49,2.98,9.7,583.19
44385.21,16.34,15.43,1.34,2.98,9.7,583.18
44385.25,15.87,15.38,0.85,2.16,9.92,584.07
44385.29,15.86,15.5,0.54,2.49,9.92,583.93
44385.33,16.39,16.08,0.07,0.71,9.96,584.18
44385.38,17.16,16.63,1.15,2.55,9.7,584.38
44385.42,19.86,16.75,1.13,2.33,9.9,584.54
44385.46,20.15,16.51,1.26,2.31,9.9,584.5
44385.5,20.45,17.4,1.16,2.55,9.96,584.57
44385.54,22.4,18.85,1.22,2.9,9.86,584.37
44385.58,21.74,19.53,1.47,2.94,10,583.88
44385.62,19.74,17.89,1.5,0.11,9.73,583.59
44385.67,20.76,18.83,1.62,0.05,9.94,583.15
44385.71,20.8,18.82,1.14,2.62,10,582.98
44385.75,18.6,18.29,1.22,3,10,583.18
44385.79,19.01,18.26,1.11,2.78,10,583.16
44385.83,18.75,17.84,0.84,0.01,10,583.5
44385.88,19.11,17.69,0.88,0.07,10,583.58
44385.92,19.07,17.55,0.6,0.49,10,583.89
44385.96,17.52,16.71,0.43,0.49,10,584.16
44386,17.67,16.78,0.36,0.23,10,584.06
44386.04,17.3,16.5,0.58,0.72,10,583.8
44386.08,17.32,16.38,1.04,1.09,10,583.5
44386.12,17.25,16.32,1.12,0.89,10,583.03
44386.17,16.7,16.19,0.93,0.49,10,582.83
44386.21,16.49,15.84,1.25,0.21,10,582.69
44386.25,17.02,16.27,1.28,0.14,9.86,583.06
44386.29,17.18,16.49,1.06,0.42,9.86,583.14
44386.33,18.04,17.18,1.21,0.52,9.9,583.37
44386.38,18.62,17.09,1.4,0.75,10,583.25
44386.42,21.07,17.6,1.25,0.89,10,583.56
44386.46,21.59,18.32,1.28,1.13,10,583.34
44386.5,22.05,18.75,1.27,1.43,10,583.22
44386.54,23.74,19.58,1.29,1.8,10,583.02
44386.58,23.67,20.06,1.49,1.86,10,582.5
44386.62,22.67,20.11,1.64,1.95,10,582.02
44386.67,22.33,20.71,1.3,2.19,9.94,581.81
44386.71,21.26,18.67,1.39,2.07,9.86,581.78
44386.75,19.31,16.93,0.53,2.13,9.94,581.56
44386.79,19.59,17.1,1.05,2.21,9.94,581.87
44386.83,18.87,17.09,1.15,1.59,9.78,582.09
44386.88,18.75,16.81,1.02,1.75,9.89,582.06
44386.92,18.22,16.37,1.18,1.39,9.86,582.08
44386.96,17.53,16.2,1.13,0.98,9.92,582.44
44387,17.53,16.06,1.4,0.87,9.96,582.23
44387.04,17.73,15.86,1.57,0.95,9.8,581.89
44387.08,17.35,15.5,1.69,0.75,10,581.42
44387.12,17.43,15.58,1.44,0.75,10,581.01
44387.17,17.31,15.05,1.67,0.6,10,580.62
44387.21,17.56,15.08,1.44,0.62,10,580.62
44387.25,17.91,14.77,1.57,0.62,10,580.82
44387.29,18.24,15.12,1.25,0.76,10,580.71
44387.33,18.43,15.27,1.7,0.7,10,580.69
44387.38,18.41,15.83,2.01,0.78,10,580.7
44387.42,21.04,15.89,2.32,0.78,10,580.93
44387.46,21.47,15.16,2.45,0.83,10,580.95
44387.5,21.53,14.76,2.83,0.84,10,581.19
44387.54,23.54,14.99,2.99,0.88,10,580.94
44387.58,23.49,14.98,2.71,0.89,10,580.45
44387.62,23.31,15.05,2.49,0.95,9.71,580.07
44387.67,22.99,14.83,2.07,0.87,9.75,579.96
44387.71,22.55,15.44,1.13,1.23,9.64,579.88
44387.75,21.51,15.63,0.64,1.86,9.47,580.16
44387.79,21.72,16.05,0.52,2.42,10,580.75
44387.83,21.3,16.77,0.45,1.74,10,581.18
44387.88,21.28,16.52,0.44,1.51,10,581.46
44387.92,20.87,17.11,0.85,1.27,10,581.98
44387.96,19.1,16.47,1.1,1.07,10,582.06
44388,19,16.51,1.03,0.64,10,581.99
44388.04,18.86,16.45,1.39,0.56,9.88,581.93
44388.08,19.06,16.49,1.4,0.51,9.78,581.68
44388.12,19.25,16.45,1.26,0.32,10,581.43
44388.17,19.1,16.29,1.23,0.65,9.9,581.25
44388.21,19.1,16.25,1.22,0.74,10,581.12
44388.25,19.2,16.67,1.05,0.75,9.83,581.02
44388.29,19.29,16.53,0.99,0.59,9.92,581.32
44388.33,19.19,16.5,0.8,0.08,9.96,581.59
44388.38,19.28,16.77,0.57,0.48,9.94,581.81
44388.42,21.69,17.02,0.79,0.95,10,582.15
44388.46,22.06,17.34,0.87,1.18,9.83,582.07
44388.5,21.15,17.17,0.4,1.58,9.64,582.28
44388.54,22.42,17.32,0.45,2.09,9.7,582.09
44388.58,21.75,17.77,0.5,1.7,10,582.12
44388.62,20.96,17.59,0.81,2.25,9.92,581.73
44388.67,21.68,18.23,1.02,2.01,9.96,581.59
44388.71,21.75,18.52,0.95,1.69,9.72,581.08
44388.75,20.1,17.42,0.84,2.28,9.71,581.42
44388.79,19.94,17.11,0.11,0.06,10,581.89
44388.83,20.49,17.51,0.4,0.04,10,581.99
44388.88,20.47,17.66,0.73,2.78,10,582.06
44388.92,19.87,17.48,0.67,2.9,9.84,582.25
44388.96,17.34,16.45,0.79,0.08,9.88,582.31
44389,17.24,16.27,0.92,0.17,10,582.3
44389.04,17.47,16.33,1.12,0.31,10,582.19
44389.08,18.01,16.42,1.13,0.31,10,582.01
44389.12,18.38,16.5,1.1,0.23,10,581.77
44389.17,18.38,16.34,1.11,0.23,9.96,581.66
44389.21,18.87,16.48,1.22,0,9.55,581.38
44389.25,19.35,16.57,1.45,0.61,8.57,581.48
44389.29,19.24,16.47,0.9,0.33,5.41,581.67
44389.33,18.74,16.71,1.16,0.33,5.38,581.91
44389.38,19.09,16.42,1.34,0.52,4.82,581.85
44389.42,23.3,16.82,1.2,0.48,5.29,582.01
44389.46,23.46,16.69,1.19,0.38,8.2,582.19
44389.5,23.65,16.74,0.84,0.59,7.7,582.03
44389.54,25.48,16.99,0.8,1.29,8.06,581.88
44389.58,25.57,17.75,0.85,1.71,6.7,581.52
44389.62,25.57,18.2,1.03,1.98,4.61,581.26
44389.67,25.07,18.42,1.19,2.19,8.14,581.06
44389.71,24.67,18.68,1.09,0.53,9.3,580.71
44389.75,19.63,17.3,0.77,2.77,7,581.14
44389.79,20.19,16.59,0.37,2.08,6.56,580.96
44389.83,21.34,16.87,0.7,2.21,6.75,581.39
44389.88,21.25,17.11,0.3,1.12,6.82,581.67
44389.92,20.15,16.69,0.68,0.23,7.26,581.77
44389.96,17.73,16,0.89,0.24,8.76,582.21
44390,17.9,15.9,1.06,3.03,9.33,582.11
44390.04,17.53,15.72,1.19,3.14,10,581.78
44390.08,17.66,15.58,1.19,3.1,9.9,581.41
44390.12,17.78,15.44,1.21,3.06,9.69,581.21
44390.17,16.82,15.25,1.29,3.13,5.62,580.9
44390.21,17.09,15.36,1.38,0.02,0.8,580.82
44390.25,18.71,16.87,1.29,3.09,1.36,580.68
44390.29,18.52,16.93,1.34,2.97,4.19,580.93
44390.33,18.75,17.49,1.39,3.11,6.13,581.22
44390.38,18.86,17.75,0.96,0.24,1.07,581.25
44390.42,23.84,18.02,0.8,0.5,1.83,581.54
44390.46,24.28,17.01,1.02,0.75,2.69,581.67
44390.5,24.5,17.27,1,1.49,1.8,581.61
44390.54,26.48,17.98,1.21,1.63,2.19,581.37
44390.58,26.43,18.7,1.38,1.92,2.03,580.94
44390.62,24.84,18.85,1.07,2.73,7.1,580.87
44390.67,24.02,18.73,0.87,1.08,9.66,580.96
44390.71,22.39,17.19,0.26,0.12,9.08,580.42
44390.75,21.49,17.1,1.27,0.08,8.52,579.88
44390.79,22.35,17.06,1.11,2.57,8.6,580.66
44390.83,22.08,17.51,1.12,2.73,7.89,580.78
44390.88,21.95,17.04,0.67,3.03,4.99,580.91
44390.92,21.66,17.16,0.5,3.12,3.46,581.4
44390.96,19.32,16.48,0.66,2.85,1.8,581.4
44391,19.23,16.48,0.54,2.81,0.97,581.68
44391.04,18.73,16.24,0.78,0.06,0.77,581.51
44391.08,18.37,15.95,1.14,0.1,1.57,581.11
44391.12,18.23,15.89,1.32,0.09,2.55,580.92
44391.17,17.08,15.26,1.41,0.08,1.53,580.68
44391.21,16.49,14.89,1.47,3.14,1.46,580.63
44391.25,16.13,14.52,1.03,3,1,580.27
44391.29,16.56,14.91,0.86,2.9,1.35,580.44
44391.33,18.57,15.94,0.73,2.53,3.45,580.8
44391.38,20.03,16.21,0.38,2.15,6.22,580.95
44391.42,23.25,16.44,1.11,1.75,9.63,581.06
44391.46,23.62,16.1,1.35,1.62,9.3,581.13
44391.5,23.6,15.79,1.68,1.57,9.51,580.88
44391.54,26.46,15.49,1.69,1.65,9.82,580.71
44391.58,26.08,15.58,1.48,1.62,9.74,580.42
44391.62,25.78,15.7,1.23,1.84,9.76,580.21
44391.67,25.71,16.46,1.24,2,10,580.12
44391.71,25.18,16.73,0.99,2.7,10,579.92
44391.75,21.7,17.42,0.81,1.53,10,581.29
44391.79,22.47,17.31,0.9,1.04,10,580.48
44391.83,23.02,18.56,0.75,0.85,10,580.46
44391.88,22.89,18.28,1.41,0.28,10,580.29
44391.92,22.77,18.76,1.61,0.12,10,580.47
44391.96,20.53,17.92,1.61,0.2,10,580.78
44392,20.8,17.36,1.71,0.31,10,581
44392.04,20.48,17.34,1.65,0.23,10,581
44392.08,20.41,17.59,1.55,0.02,10,580.74
44392.12,20.31,17.56,1.62,0.18,10,580.4
44392.17,19.37,17.26,1.58,0.19,10,580.2
44392.21,19.22,16.95,1.8,0.26,10,580.24
44392.25,18.91,16.14,1.61,0.11,10,580.6
44392.29,19,16.39,1.27,0.09,10,580.94
44392.33,19.24,16.99,1.2,0.3,10,581.05
44392.38,19.87,17.67,1.07,0.48,10,581.13
44392.42,22.06,17.03,0.95,1.03,10,581.07
44392.46,22.41,16.8,0.84,1.54,10,581.41
44392.5,22.65,16.66,0.92,2.53,10,581.78
44392.54,23.41,16.25,0.81,2.71,10,581.89
44392.58,23.26,16.28,1.11,1.88,10,581.63
44392.62,23,16.12,1.26,1.81,10,581.33
44392.67,22.76,16.26,1.31,1.98,10,580.99
44392.71,22.72,16.63,0.86,0.55,10,580.94
44392.75,20.12,17.29,0.89,0.36,10,581.14
44392.79,19.82,17.06,1.01,3.02,10,581.22
44392.83,19.55,17.52,0.89,3.01,10,582.26
44392.88,19.86,17.73,0.72,0.11,10,582.41
44392.92,19.8,17.81,0.69,0.47,10,582.89
44392.96,18.32,17.32,0.45,2.87,10,582.98
44393,18.25,17.2,0.62,2.71,10,583.19
44393.04,17.93,16.75,0.55,1.93,10,583.1
44393.08,18.06,16.56,0.5,0.91,10,583
44393.12,17.8,16.13,0.57,0.55,10,582.83
44393.17,17.28,16.1,0.29,0.89,10,582.61
44393.21,17.13,16.03,0.4,0.56,10,582.74
44393.25,17.55,16.74,0.33,0.52,10,583.45
44393.29,17.67,16.68,0.36,0.43,10,583.56
44393.33,17.86,16.65,0.45,0.93,10,583.8
44393.38,17.91,16.41,0.65,1.26,10,583.85
44393.42,19.2,16.62,0.43,0.85,10,584.23
44393.46,19.26,16.41,0.07,0.5,9.9,584.22
44393.5,19.51,17.37,0.57,0.01,9.94,584.14
44393.54,20.75,18.42,1.05,3.14,9.96,584.02
44393.58,20.11,18.27,1.41,0.08,9.99,583.66
44393.62,19.59,17.44,1.21,3.11,9.96,583.59
44393.67,19.6,17.62,0.96,0.17,10,583.39
44393.71,19.28,17.22,0.91,0.33,10,583.06
44393.75,17.3,17.21,0.86,0.91,9.99,582.77
44393.79,17.45,17.02,0.57,2.35,9.72,583.27
44393.83,16.85,15.83,0.8,0.34,9.76,583.54
44393.88,17.1,15.81,0.97,0.37,9.76,584.05
44393.92,16.99,16.04,0.64,0.97,10,584.57
44393.96,16.36,16.09,0.5,2.97,10,584.24
44394,16.6,16.1,0.29,1.63,10,584.19
44394.04,16.44,15.91,0.35,2.59,10,584.1
44394.08,16.58,16.01,0.61,3,10,583.72
44394.12,16.71,16.21,0.39,2.67,10,583.25
44394.17,16.4,16.2,0.36,2.65,10,583.06
44394.21,16.57,16.09,0.57,2.34,9.94,583.04
44394.25,16.7,16.08,0.5,1.81,10,583.14
44394.29,16.89,16.23,0.24,2.15,10,583.44
44394.33,16.79,16.2,0.66,2.97,10,583.37
44394.38,16.95,16.23,0.71,2.88,10,583.31
44394.42,19.28,17.17,0.55,2.99,10,583.65
44394.46,19.3,17.45,0.16,1.61,10,583.58
44394.5,19.6,17.79,1.03,1.14,10,583.65
44394.54,20.86,17.21,1.38,1.18,10,583.5
44394.58,20.46,16.67,1.26,0.89,9.94,583.28
44394.62,19.62,16.51,1.24,0.43,9.79,582.75
44394.67,20.59,17.9,1.54,0.4,5.9,582.39
44394.71,20.09,17.22,1.55,0.32,6.27,581.91
44394.75,18.99,16.71,2.12,0.79,8.83,582.07
44394.79,18.24,16.29,1.08,0.2,8.84,582.72
44394.83,18.29,16.09,1.23,0.62,8.17,583.02
44394.88,17.98,16.18,0.88,0.83,8.19,583.31
44394.92,17.51,15.99,0.91,2.27,9.51,584
44394.96,16.85,15.46,1.02,2.12,9.51,584.02
44395,16.38,15.13,1.39,1.92,9.48,583.8
44395.04,15.96,14.83,1.2,2.07,9.66,583.41
44395.08,15.48,14.54,1.19,1.94,9.19,582.94
44395.12,14.99,14.2,1.1,1.97,9.14,582.45
44395.17,14.14,13.64,1.11,2.07,8.85,582.26
44395.21,14.39,13.87,1.17,1.93,8.01,582.1
44395.25,15.72,14.65,1.71,1.45,4.29,582.64
44395.29,15.68,14.9,1.02,1.41,9.21,582.84
44395.33,16.15,15.12,1.11,1.05,8.53,583.32
44395.38,16.14,15.67,0.96,1.11,8.67,583.14
44395.42,18.52,17.41,1.19,0.9,8.46,583.04
44395.46,18.37,17.05,1.63,0.61,9.01,583.22
44395.5,18.73,17.14,1.58,0.44,7.46,583.34
44395.54,20.45,17.14,1.67,0.36,7.22,583.12
44395.58,20.87,17.57,1.8,0.46,8.52,582.64
44395.62,21.22,17.98,1.92,0.36,9.12,582.12
44395.67,19.35,16.5,1.85,0.44,9.19,581.52
44395.71,19.17,15.81,1.94,0.5,9.85,581.89
44395.75,17.35,16.09,1.89,0.71,9.52,583.01
44395.79,17.98,16.34,1.41,0.55,8.9,582.03
44395.83,17.75,16.21,1.05,0.48,7.34,582.59
44395.88,18.01,16.32,0.88,0.8,7.1,583.1
44395.92,17.48,16.18,0.51,2.01,7.4,583.75
44395.96,15.08,14.87,0.74,2.85,8.81,583.51
44396,15.07,14.74,1.1,2.79,8.17,583.43
44396.04,13.78,13.39,1.2,2.75,7.32,583.03
44396.08,13.86,13.39,1.07,2.79,6.54,582.67
44396.12,14.1,13.61,1.16,2.75,6.49,582.31
44396.17,13.21,12.7,0.94,2.85,9.79,582.23
44396.21,12.91,12.29,1.08,2.76,9.79,582.25
44396.25,12.94,11.99,1.31,2.66,9.89,582.44
44396.29,12.38,11.42,1.4,2.75,9.78,582.39
44396.33,13.01,12.13,1.2,2.8,9.79,582.51
44396.38,15.35,14.49,0.52,2.38,6.5,582.5
44396.42,20.43,14.52,1.07,0.25,1.64,582.99
44396.46,21.09,14.36,1.78,0.29,3.34,582.99
44396.5,20.8,14.28,1.98,0.33,4.63,583.03
44396.54,22.82,13.66,1.85,0.25,5.31,582.9
44396.58,22.51,13.48,1.65,0.24,6.02,582.52
44396.62,21.91,13.43,1.56,0.09,6.33,582.03
44396.67,22.64,14.55,1.7,0.11,6.76,581.67
44396.71,23.18,14.62,1.54,0.1,5.93,581.34
44396.75,20.35,15.39,1.02,0.64,7.84,581.71
44396.79,19.99,15.14,1.41,0.4,5.48,581.32
44396.83,20.3,14.92,1.43,0.56,5.27,582.1
44396.88,20.3,15.39,0.4,0.99,3.64,582.51
44396.92,19.2,15.52,0.24,2.92,3.99,582.89
44396.96,16.02,14.94,0.33,2.74,4.45,582.97
44397,16.24,15.14,0.67,2.73,2.52,583.02
44397.04,15.92,15.19,0.67,2.79,3.27,582.89
44397.08,16.05,15.31,0.87,2.66,3.08,582.64
44397.12,15.89,15.06,1.07,2.69,7.46,582.16
44397.17,14.99,14.53,0.91,2.46,7.47,581.98
44397.21,14.77,14.28,0.81,2.34,8.27,582.02
44397.25,15.23,14.41,0.76,1.98,9.66,582.58
44397.29,15.4,14.3,0.5,2.43,9.73,582.84
44397.33,15.68,14.49,0.66,2.64,9.88,582.79
44397.38,16.23,14.76,0.71,0.59,9.71,582.83
44397.42,21.04,15.07,0.67,1.47,9.23,582.81
44397.46,21.37,14.96,0.9,2.63,8.37,582.92
44397.5,21.56,14.61,1.35,3.11,7.85,582.88
44397.54,23.37,15.5,1.45,2.99,8.15,582.59
44397.58,23.13,16.47,1.46,3.01,8.74,582.03
44397.62,22.16,17.16,1.44,0.14,9.51,581.56
44397.67,20.73,17.19,1.5,0.1,9.39,580.82
44397.71,21.62,17.56,1.83,0.29,9.84,581.1
44397.75,18.61,15.69,2.16,0.5,8.04,580.76
44397.79,19.03,15.91,1.89,0.63,7.99,580.81
44397.83,18.91,15.52,0.48,0.89,9.79,582.45
44397.88,19.24,15.91,0.25,2.75,9.21,582.48
44397.92,18.64,16.12,0.61,2.62,8.36,582.62
44397.96,16.77,15.75,0.5,2.83,9.09,582.71
44398,16.95,15.86,0.38,2.82,8.7,582.86
44398.04,16.72,15.79,0.31,2.54,8.2,582.51
44398.08,16.53,15.53,0.4,2.72,7.71,582.26
44398.12,16.82,15.82,0.36,2.91,7.96,581.99
44398.17,16.08,15.49,0.51,3.01,8.23,581.75
44398.21,16.01,15.35,0.77,2.81,8.67,581.53
44398.25,16.22,15.23,0.45,2.7,6.06,581.19
44398.29,16.35,15.35,0.42,2.68,5.99,581.86
44398.33,16.64,15.59,0.14,1.6,5.48,581.96
44398.38,17.22,15.42,0.86,2.76,6.38,581.9
44398.42,20.82,16.18,0.98,2.53,6.84,582.39
44398.46,21.05,16.67,1.11,2.59,7.17,582.15
44398.5,20.75,17.6,1.24,2.73,4.71,582.04
44398.54,23.41,17.95,1.58,2.92,6.09,581.71
44398.58,22.11,17.86,1.65,3.03,6.5,581.44
44398.62,21.41,17.9,1.53,3.06,8.61,580.76
44398.67,21.36,18.23,1.28,3.05,9.74,581.24
44398.71,21.1,18.39,1.06,0.07,9.62,580.48
44398.75,20.06,16.9,1.43,0.24,9.5,579.43
44398.79,19.56,16.27,0.97,0.38,9.63,581.02
44398.83,19.56,16.53,0.38,0.77,10,581.58
44398.88,19.2,16.02,0.46,2.46,10,582.17
44398.92,18.75,15.72,0.49,2.22,10,582.59
44398.96,16.74,15.44,0.39,2.82,10,582.8
44399,17.15,15.71,0.8,2.88,9.94,582.68
44399.04,16.85,15.44,1.01,0.01,9.59,582.14
44399.08,16.35,15.21,0.9,3.05,10,581.73
44399.12,16.2,15.06,0.93,2.88,9.88,581.28
44399.17,14.89,14.31,0.64,2.77,9.96,580.98
44399.21,14.8,14.25,0.68,2.58,10,581.16
44399.25,15.22,14.39,1.01,1.44,10,581.06
44399.29,15.14,14.18,0.87,1.87,10,581.72
44399.33,15.93,15.04,0.7,2.98,9.96,581.81
44399.38,17.17,16.45,0.94,0.45,9.92,581.61
44399.42,21.48,16.5,0.44,0.84,9.92,581.8
44399.46,22.21,17,0.5,2.67,9.48,582.01
44399.5,22.25,17.79,0.82,2.69,9.45,581.74
44399.54,24.05,18.68,1.05,2.82,8.96,581.87
44399.58,22.66,18.11,1.53,2.8,9.32,581.2
44399.62,22.55,18.99,1.59,3.04,8.9,580.95
44399.67,22.05,18.42,1.81,3.13,7.81,580.47
44399.71,22.09,18.78,1.54,0.35,9.4,580.62
44399.75,18.94,15.66,1.22,3.13,9.92,580.45
44399.79,19.18,16.07,0.8,3.09,9.56,580.53
44399.83,19.57,16.46,0.95,2.83,9.28,581.34
44399.88,19.42,15.91,0.47,1.86,9.8,581.68
44399.92,18.52,16.19,0.32,0.76,8.82,582.19
44399.96,16.58,15.86,0.34,1.49,9.97,582.28
44400,16.7,15.79,0.34,2.84,9.98,582.39
44400.04,16.08,15.32,0.68,2.85,9.99,582.12
44400.08,16.31,15.36,0.8,2.81,10,581.89
44400.12,16.52,15.52,0.72,2.86,10,581.38
44400.17,15.41,14.69,0.87,2.8,9.99,581.38
44400.21,14.85,14.23,0.79,2.79,9.98,581.17
44400.25,16.07,15.34,1.07,2.9,9.96,581.29
44400.29,16.03,15.24,1.01,2.88,9.87,581.63
44400.33,16.31,15.68,0.94,2.88,9.88,581.58
44400.38,16.84,15.52,0.65,0.08,8.32,581.78
44400.42,20.59,16.63,0.96,1.64,5.1,581.97
44400.46,21.49,17.22,1.26,2.27,4.21,582.02
44400.5,21.53,17.6,1.42,2.65,7.43,582.01
44400.54,24.27,18.39,1.5,2.97,6.69,581.92
44400.58,23.44,17.69,1.51,2.94,6.97,581.6
44400.62,22.98,17.47,1.6,2.93,7.41,581.09
44400.67,22.11,17.54,1.66,0.19,8.49,580.55
44400.71,21.56,17.21,1.3,0.06,7.44,580.45
44400.75,19.92,17.57,1.08,0.33,7.61,580.57
44400.79,20.32,17.31,1.25,3,8.79,580.49
44400.83,20.26,17.6,0.88,0.47,9.36,581.06
44400.88,20.6,17.61,1,0.01,9.47,581.36
44400.92,19.54,17.52,0.78,0.77,9.83,581.69
44400.96,17.99,17.16,0.67,1.15,9.8,582.12
44401,18.06,17.18,0.55,2.45,9.94,582.32
44401.04,17.91,16.94,0.39,2.91,10,582.05
44401.08,17.65,16.78,0.57,2.31,10,581.75
44401.12,17.71,16.9,0.33,1.78,10,581.53
44401.17,16.98,16.28,0.16,2.44,10,581.39
44401.21,16.84,16.09,0.21,0.57,10,581.22
44401.25,17.19,16.33,0.45,3.11,10,580.91
44401.29,17.14,16.21,1.03,2.42,10,581.28
44401.33,17.15,15.99,0.93,2.95,9.7,581.68
44401.38,17.56,16.29,1.06,0.35,9.96,581.37
44401.42,20.46,17.61,0.25,0.59,9.62,581.44
44401.46,20.54,18.17,1.07,3.03,8.22,581.77
44401.5,20.63,17.92,1.33,0.16,9.34,582.2
44401.54,20.72,17.09,1.44,0.48,9.81,581.97
44401.58,20.39,17.48,1.67,0.44,10,581.81
44401.62,20.34,18.35,1.02,0.57,9.74,581.4
44401.67,19.82,17.94,1.32,0.06,8.14,581.04
44401.71,20.09,18.25,1.58,3.13,7.64,580.16
44401.75,17.9,16.4,1.62,0.51,9.08,582.22
44401.79,17.82,16.06,0.74,0.22,9.07,581.52
44401.83,17.45,15.81,0.42,2.85,8.17,581.46
44401.88,17.35,16.22,0.57,0.03,6.64,581.59
44401.92,17.29,16.23,0.66,2.85,6.98,582.43
44401.96,15.55,15.06,0.09,2.16,9.94,582.78
44402,15.76,15.08,0.91,2.74,9.97,582.87
44402.04,15.87,15.16,1.15,2.63,9.96,582.49
44402.08,15.78,14.99,0.9,2.21,9.87,582.19
44402.12,15.37,15,0.79,1.67,9.96,582.18
44402.17,14.56,14.4,0.69,1.57,10,581.98
44402.21,14.22,13.99,0.46,2.72,9.92,582.12
44402.25,15.1,14.67,0.99,2.84,9.73,581.95
44402.29,15.13,14.56,1.1,2.91,8.91,581.97
44402.33,15.49,15.07,0.97,2.89,9.06,582.02
44402.38,15.89,15.17,0.43,1.64,4.87,582.16
44402.42,20.29,15.47,1.18,0.26,3.98,582.51
44402.46,20.74,14.94,1.43,0.01,2.89,582.63
44402.5,20.48,14.35,1.61,2.9,5.49,582.45
44402.54,23.18,15.39,1.66,2.88,6.03,581.98
44402.58,22.88,16.57,1.67,2.97,5.13,581.51
44402.62,22.88,17.5,1.74,3.06,7.01,581.14
44402.67,23.15,17.55,1.71,3.13,6.91,580.68
44402.71,20.73,16.17,1.9,0.27,7.52,580.58
44402.75,20.08,19.04,0.74,3.02,7.49,579.64
44402.79,20.09,18.64,1.58,0.28,7.4,580.94
44402.83,19.08,16.56,0.98,3.1,9.72,581.38
44402.88,18.94,17.09,0.74,2.59,8.48,581.7
44402.92,19.07,17.15,0.28,2.45,7.99,582.22
44402.96,17.02,16.46,0.23,0.56,7.42,582.43
44403,17.2,16.52,0.58,3,6.46,582.07
44403.04,16.99,16.43,0.75,3.02,7.4,581.79
44403.08,16.75,16.07,0.86,2.91,7.9,581.39
44403.12,16.39,15.74,0.79,2.88,7.89,581.16
44403.17,15.34,14.91,0.79,2.87,7.51,580.89
44403.21,15.42,14.89,0.91,2.94,7.31,580.88
44403.25,15.54,14.91,0.69,2.87,6.61,580.44
44403.29,15.88,15,0.74,3.01,10,580.66
44403.33,16.87,16,0.9,0.04,8.57,580.75
44403.38,17.65,15.95,0.37,1.1,6.75,580.78
44403.42,22,15.46,0.62,2.75,4.54,580.99
44403.46,21.68,15.37,1.17,3.03,4.8,581.31
44403.5,21.31,16.36,1.54,3.01,4.93,580.99
44403.54,22.86,17.62,1.82,3.01,5.55,580.69
44403.58,22.07,18.66,1.93,2.96,8.58,580.01
44403.62,22.12,19.16,2.04,3.1,8.82,579.8
44403.67,20.94,18.23,1.86,0.06,8.41,579.61
44403.71,21.74,18.03,1.57,0.22,8.68,579.02
44403.75,18.82,17.54,1.51,0.46,8.69,579.4
44403.79,18.23,15.94,1.5,0.22,9.49,580.16
44403.83,18.44,15.57,1.31,0.58,10,580.55
44403.88,18.77,15.73,0.81,0.77,10,581.02
44403.92,18.05,15.73,0.93,1.32,10,581.53
44403.96,16.23,15.2,0.92,0.89,10,581.64
44404,16.43,15.05,0.92,0.48,10,581.68
44404.04,16.07,15.24,0.51,0.57,10,581.6
44404.08,15.77,14.92,0.49,1.79,10,581.22
44404.12,15.83,14.83,0.55,1.56,9.99,581.21
44404.17,15.4,14.74,0.44,1.03,9.71,581.08
44404.21,15.09,14.42,0.42,1.32,10,580.89
44404.25,16.48,15.67,0.61,1.79,10,581.21
44404.29,16.66,15.86,0.53,1.62,9.89,581.05
44404.33,16.79,15.51,0.56,1.31,9.56,581.15
44404.38,16.61,15.26,0.9,0.46,9.22,581.19
44404.42,18.84,16.08,1.19,0.14,8.8,581.4
44404.46,18.74,16.79,1.32,0.11,9.48,581.7
44404.5,18.12,16.37,1.57,0.1,9.15,581.47
44404.54,19.5,18.16,1.59,0.06,9.44,581.3
44404.58,18.56,16.89,1.41,0.15,8.86,581.12
44404.62,17.38,16.01,1.66,0.41,8.57,580.35
44404.67,18.16,15.25,1.56,0.48,8.6,580.46
44404.71,18.71,15.49,1.9,0.34,9.31,579.85
44404.75,18.83,15.71,1.36,0.15,9.52,579.89
44404.79,18.74,15.27,0.98,2.41,9.79,580.2
44404.83,19.07,15.52,0.43,0.15,9.85,580.35
44404.88,19.25,15.66,1.01,0.21,9.86,580.83
44404.92,18.67,15.9,0.54,0.15,10,581.33
44404.96,16.99,15.78,0.23,2.85,10,581.58
44405,17.11,16.01,0.26,3.01,10,581.9
44405.04,16.91,15.95,0.19,0,10,581.77
44405.08,16.91,15.9,0.02,0.1,10,581.54
44405.12,17.04,15.94,0.33,2.16,9.92,581.25
44405.17,16.41,15.82,0.39,2.36,10,581.11
44405.21,16.4,15.81,0.54,2.58,10,580.99
44405.25,16.89,16.05,0.88,2.77,10,580.9
44405.29,16.86,16.04,0.63,2.57,9.99,581.05
44405.33,16.75,15.8,0.56,2.03,10,581.5
44405.38,16.42,15.96,0.64,1.04,9.94,581.42
44405.42,19.22,16.61,0.85,0.5,9.98,581.74
44405.46,19.66,16.88,1.08,0.5,9.69,581.82
44405.5,20.11,16.84,1.15,0.24,9.36,581.73
44405.54,22.15,16.2,1.31,0.16,8.79,581.47
44405.58,22.19,16.25,1.24,0.05,8.17,580.99
44405.62,21.92,16.06,1.31,0.05,7.41,580.59
44405.67,22.32,15.7,1.37,0.1,5.8,580.13
44405.71,22.74,15.84,1.61,0.25,4.75,579.56
44405.75,20.63,15.33,1.69,0.21,6.64,580.33
44405.79,21.16,14.87,1.5,0.23,5.88,580.04
44405.83,21.22,15.23,1.53,0.12,4.83,580.49
44405.88,21.33,14.78,1.2,0.02,6.22,581.14
44405.92,20.62,15.02,0.79,0.72,3.66,581.5
44405.96,18.06,15.21,0.82,1.17,3.93,581.76
44406,17.76,15.27,0.64,1.74,4.19,582.03
44406.04,16.72,14.8,0.65,2.03,2.83,581.84
44406.08,16.63,14.85,0.75,2.24,4.44,581.81
44406.12,16.15,14.51,0.88,2.58,7.59,581.35
44406.17,15.31,14.22,1.04,2.74,7.47,581.23
44406.21,15.07,14.14,0.95,2.89,7.67,581.21
44406.25,15.68,14.42,1.14,2.97,8.14,581.62
44406.29,15.88,14.52,1.23,2.89,8.07,581.73
44406.33,16.62,14.85,1.24,2.93,8.48,581.8
44406.38,17.19,14.75,0.72,2.98,9.23,581.78
44406.42,21.75,13.77,0.36,0.09,2.69,582.02
44406.46,22.3,13.34,1.13,3.12,2.46,581.95
44406.5,22.71,13.66,1.3,2.99,2.5,581.9
44406.54,25.6,13.98,1.21,2.92,3.63,581.57
44406.58,25.25,13.46,1.27,2.97,3.75,581.18
44406.62,25.19,13.44,1.41,3.11,3.84,581.02
44406.67,25.56,13.67,1.44,0.01,4.73,580.59
44406.71,24.53,14.16,1.31,0.11,6.84,580.29
44406.75,21.12,14.71,1.38,0.18,9.64,580.68
44406.79,21.6,14.61,0.96,0.42,7.07,580.81
44406.83,21.77,15.45,1,0.16,7.52,581.27
44406.88,21.93,15.65,0.75,0.72,7.62,581.51
44406.92,21.23,15.92,0.67,1.02,9.39,582.08
44406.96,18.57,15.46,0.58,1.53,9.92,582.25
44407,18.38,15.48,0.42,2.24,9.63,582.29
44407.04,17.78,15.38,0.36,3.03,8.4,582.22
44407.08,17.92,15.43,0.6,2.88,8.54,581.99
44407.12,18,15.52,0.76,2.86,9.34,581.68
44407.17,17.66,15.42,0.75,2.88,9.07,581.52
44407.21,18.14,15.59,0.83,2.86,8.49,581.32
44407.25,17.1,15.06,1.01,3.13,9.77,581.7
44407.29,17.13,15.07,0.78,3.01,9.06,582
44407.33,18.02,15.78,1.04,0.03,7.68,582.03
44407.38,18.71,15.1,0.76,0.24,9.01,582.14
44407.42,22.49,14.43,0.63,0.41,9.57,581.99
44407.46,22.65,14.39,0.25,1.59,9.7,582.1
44407.5,22.69,14.67,0.55,3.04,9.84,582.09
44407.54,24.24,15.18,0.99,3.04,10,581.86
44407.58,24.05,15.8,1.03,3.09,10,581.64
44407.62,21.74,14.1,1.08,3.12,9.99,581.09
44407.67,21.09,15.12,1.5,0.33,9.93,580.94
44407.71,21.64,14.87,1.08,3.03,10,580.89
44407.75,20.57,13.89,0.53,0.18,10,581.1
44407.79,21.04,14.19,0.24,0.66,10,581.3
44407.83,21.51,13.7,0.52,0.19,10,581.56
44407.88,21.61,13.82,0.87,0.11,10,581.51
44407.92,21.19,13.92,0.95,2.74,10,581.97
44407.96,18.51,12.35,1.16,0.31,9.88,581.87
44408,17.52,12.9,0.78,3.08,9.94,581.96
44408.04,17.27,12.9,0.6,2.69,10,581.83
44408.08,16.72,13.89,0.32,2.13,10,581.8
44408.12,16.73,13.6,0.14,2.4,10,581.63
44408.17,15.85,13.36,0.29,1.52,10,581.39
44408.21,15.84,13.61,0.44,0.85,10,581.51
44408.25,15.11,13.65,0.87,2.86,10,582.06
44408.29,15.39,13.85,0.52,2.7,10,582.17
44408.33,15.18,13.69,0.46,3.09,10,582.53
44408.38,15.6,13.46,0.44,0.14,10,582.43
44408.42,18.08,13.89,0.33,0.72,10,582.44
44408.46,18.34,13.21,0.39,2.01,10,582.59
44408.5,17.68,13.35,0.83,2.57,10,582.4
44408.54,19.13,11.44,1.24,2.71,9.97,582.29
44408.58,19.87,10.55,1.38,2.85,9.79,581.92
44408.62,20.81,9.6,1.41,2.95,8.26,581.75
44408.67,22.08,8.99,1.48,2.91,5.31,581.42
44408.71,22.41,8.29,1.47,2.75,5.62,581.01
44408.75,18.95,13.04,1.46,2.75,3.75,581.59
44408.79,18.97,13.17,1.13,2.23,1.84,581.07
44408.83,19.16,12.92,0.96,1.18,2.31,581.56
44408.88,18.85,13.2,0.89,0.28,2.78,581.84
44408.92,17.78,13.4,1.08,3.04,4.26,582.34
44408.96,15.59,13.01,1.15,3,4.1,582.26
44409,15.06,12.95,1.2,2.97,1.02,582.06
44409.04,14.4,12.5,1.22,2.94,0.3,581.82
44409.08,14.18,12.33,1.23,2.95,0.06,581.57
44409.12,14.12,12.11,1.23,2.91,0,581.18
44409.17,13.29,11.43,1.23,2.93,0,581.1
44409.21,13.23,11.21,1.28,2.89,0,580.99
44409.25,14.18,10.96,1.66,2.84,0,581.47
44409.29,13.8,10.84,1.63,2.87,0,581.53
44409.33,15.77,12.48,1.39,2.94,0,581.55
44409.38,17.61,11.9,0.8,3.06,0,581.73
44409.42,23.49,9.06,0.21,2.35,0,581.92
44409.46,23.33,8.81,1.02,2.81,0,581.97
44409.5,22.99,9.07,1.29,2.85,0,581.64
44409.54,26.24,7.47,1.51,2.98,0,581.4
44409.58,26.13,7.8,1.79,3.07,0,581.05
44409.62,25.97,8.13,1.89,3.12,0,581.01
44409.67,27.15,6.91,1.83,0.01,0,580.58
44409.71,26.89,7.1,1.76,0.01,0,580.45
44409.75,23.44,9.18,1.75,3.03,0,580.54
44409.79,23.36,10.62,1.43,3.02,0,580.34
44409.83,24.19,7.02,1.09,3.04,0,580.83
44409.88,23.52,8.25,0.6,2.59,0,581.04
44409.92,21.57,8.93,0.54,2.73,0,581.51
44409.96,16.7,8.97,0.52,2.99,0,581.83
44410,16.35,9.28,0.65,2.98,0,582.01
44410.04,15.12,9.17,0.72,2.93,0,582.05
44410.08,14.81,9.19,0.81,2.94,0,581.76
44410.12,14.47,9.12,0.92,2.88,0,581.67
44410.17,12.87,8.46,0.99,2.86,0,581.54
44410.21,12.7,8.33,0.93,2.86,0,581.67
44410.25,14.13,8.75,1.2,2.91,0,581.62
44410.29,13.39,9.01,1.24,2.98,0,582.06
44410.33,14.67,10.23,1.19,2.93,0,582.14
44410.38,16.09,9.8,0.55,0.1,0,582.16
44410.42,22.75,8.07,0.49,2.11,0,582.15
44410.46,22.82,8.84,0.79,2.37,0,582.22
44410.5,22.81,9.38,1.11,2.59,0.04,582.06
44410.54,26.06,9.22,1.42,2.76,0.04,581.85
44410.58,26.1,9.3,1.61,2.82,0,581.64
44410.62,26.02,9.39,1.72,2.86,0.04,581.38
44410.67,27.05,9,1.73,2.92,0,580.97
44410.71,26.96,9.23,1.75,2.97,0,580.81
44410.75,23.37,9.39,1.88,3,0,580.83
44410.79,23.47,10.15,1.5,3.12,0.1,580.89
44410.83,24.67,7.19,1.46,0.02,0.2,580.91
44410.88,23.95,8.52,0.96,3.05,0.04,581.16
44410.92,22.04,10.18,0.67,0.06,0.16,581.68
44410.96,18.12,9.72,0.48,1.53,0.14,582.21
44411,17.58,10,0.57,2.83,0.08,582.35
44411.04,16.19,9.87,0.58,0.02,0.48,582.28
44411.08,15.94,10.04,0.87,3.07,0.69,582.23
44411.12,15.51,10.11,1.09,3.1,0.52,581.76
44411.17,14.28,9.87,1.23,3.06,0.22,581.56
44411.21,14.45,9.86,1.27,2.99,0,581.53
44411.25,15.78,10.55,1.42,3.03,0,581.37
44411.29,14.87,10.72,1.32,3.05,0,581.44
44411.33,15.98,12.02,1.16,3.07,0,582.01
44411.38,17.15,12.13,0.78,0.71,0,582.1
44411.42,23.65,12.91,1.06,1.63,0,582.16
44411.46,23.86,13.38,1.28,1.9,0,582.28
44411.5,24.14,13.48,1.31,2.21,0.24,582.21
44411.54,26.95,12.92,1.48,2.53,2.7,582.11
44411.58,26.9,12.92,1.69,2.73,2.06,581.74
44411.62,26.66,13.07,1.82,2.93,3.69,581.62
44411.67,27.02,13.43,1.88,3.02,3.09,581.53
44411.71,27.18,12.82,1.86,3.06,3.21,581.28
44411.75,24,13.3,1.96,2.94,2.99,581.66
44411.79,23.96,13.64,1.57,3.1,1.88,581.37
44411.83,24.51,13.72,1.6,0.2,1.94,581.95
44411.88,24.43,14.65,1.33,0.6,1.5,582.66
44411.92,23.44,14.93,1.28,1.68,2.35,583.62
44411.96,19.57,14.61,0.95,1.84,1.44,583.89
44412,19.19,14.79,0.96,2.14,0.99,583.96
44412.04,18.08,14.87,0.94,2.45,1.26,583.82
44412.08,17.83,14.97,0.89,2.64,1.3,583.65
44412.12,17.71,14.96,0.96,2.66,1.1,583.48
44412.17,16.27,14.52,0.88,2.76,0.82,583.21
44412.21,16.35,14.34,0.76,2.85,0.84,583.28
44412.25,16.52,14.3,0.72,3.06,0.9,583.13
44412.29,16.67,14.66,0.77,2.92,0.79,583.57
44412.33,17.81,14.91,0.69,3.06,0.46,583.68
44412.38,17.95,14.67,0.5,1.41,0.42,583.58
44412.42,23.54,15.82,0.83,2.19,2.1,583.7
44412.46,23.14,15.63,1.06,2.25,3.3,583.47
44412.5,23.48,15.58,1.19,2.19,4.73,583.37
44412.54,26.05,15.51,1.23,2.39,3.43,582.84
44412.58,26.44,15.5,1.18,2.57,3.48,582.6
44412.62,26.12,15.5,1.42,2.62,2.17,582.09
44412.67,26.56,15.93,1.55,2.54,2.36,581.89
44412.71,25.79,16.25,1.55,2.74,1.93,581.33
44412.75,22.74,14.61,1.81,3.13,3.12,581.18
44412.79,23,14.59,1.51,0.21,1.98,580.8
44412.83,22.6,16.42,1.71,0.3,0.37,581.33
44412.88,22.95,15.79,1.54,0.45,0.91,581.96
44412.92,21.56,16.18,1.16,0.59,1.11,582.43
44412.96,17.04,15.17,1.09,1.26,1.44,582.7
44413,17.22,15.17,0.43,1.12,1.43,582.73
44413.04,16.89,15.25,0.3,1.45,2.04,582.46
44413.08,16.91,15.37,0.51,2.87,2.59,582.1
44413.12,16.88,15.27,0.59,3.01,3.74,581.72
44413.17,15.9,15.11,0.57,2.98,7.94,581.56
44413.21,15.9,14.98,0.77,0,7.77,581.68
44413.25,16.69,15.51,0.95,0.25,9.88,581.32
44413.29,16.69,15.87,0.75,0.14,9.96,581.93
44413.33,17.36,16.08,0.63,0.19,10,582
44413.38,17.51,16.63,0.13,0.28,10,581.68
44413.42,22.14,16.59,1.01,3.11,9.82,582.15
44413.46,22.44,16.04,1.21,2.99,9.88,582.18
44413.5,22.73,15.84,1.37,2.87,9.97,582.04
44413.54,24.61,15.42,1.46,2.89,9.96,581.63
44413.58,24.28,16.11,1.59,3.04,9.93,581.23
44413.62,23.1,16.49,1.83,2.94,9.99,580.91
44413.67,22.42,17.31,1.82,2.94,9.77,580.74
44413.71,22.12,18.23,1.79,3.03,9.51,580.47
44413.75,20,18.77,1.7,2.96,9.93,580.92
44413.79,19.91,18.08,1.35,0.22,9.87,580.9
44413.83,20.08,18.13,1.32,3.06,9.52,581.53
44413.88,20.17,18.06,1.01,2.87,9.76,581.74
44413.92,19.63,17.93,0.7,2,10,582.17
44413.96,18.08,16.97,0.62,1.45,9.94,582.6
44414,17.95,16.93,0.73,1.42,10,582.34
44414.04,17.5,16.47,0.73,0.75,9.94,582.4
44414.08,17.95,16.54,0.85,0.82,10,582.08
44414.12,18.39,16.68,0.66,0.65,9.94,581.8
44414.17,17.68,16.8,0.87,0.75,9.35,581.57
44414.21,17.84,16.42,0.64,0.61,8.98,581.32
44414.25,17.79,16.67,0.62,0.32,9.44,581.34
44414.29,17.81,16.66,0.73,3.04,9.42,581.63
44414.33,17.71,16.54,0.82,0.42,8.19,581.8
44414.38,17.99,16.44,1.09,1.12,5.91,581.37
44414.42,22.98,16.82,1.17,1.24,4.79,581.46
44414.46,22.7,16.63,1.11,1.37,5.4,581.57
44414.5,23.17,16.18,0.91,1.69,8.32,581.38
44414.54,26.05,16,0.94,2.16,8.55,581.23
44414.58,26.02,15.92,0.92,2.37,8.96,580.53
44414.62,25.64,15.8,1.52,2.32,9.37,580.42
44414.67,25.64,16.28,1.62,2.5,9.53,580.12
44414.71,25.43,16.88,1.55,2.67,9.23,579.82
44414.75,21.98,18.57,1.65,0.16,7.91,579.51
44414.79,21.8,18.04,1.58,0.12,7.67,579.72
44414.83,21.66,18.68,1.33,0.14,8.8,580.22
44414.88,20.95,18.02,0.77,2.37,10,580.99
44414.92,20.12,17.95,0.26,1.49,10,581.39
44414.96,18.04,17.52,0.26,1.55,10,581.66
44415,18.28,17.68,0.53,1.8,10,581.84
44415.04,18.21,17.65,0.56,0.64,10,581.64
44415.08,18.3,17.5,0.4,0.52,9.9,581.11
44415.12,18.49,17.51,0.06,0.01,9.88,580.89
44415.17,17.93,17.39,0.33,2.9,10,580.66
44415.21,18.08,17.43,0.38,0.12,10,580.44
44415.25,17.99,17.47,0.26,2.66,10,580.25
44415.29,18.2,17.34,0.28,2.41,10,580.77
44415.33,18.26,17.39,0.21,1.22,10,581.15
44415.38,18.58,17.1,0.48,3.09,10,581.14
44415.42,22.29,17.84,0.74,2.02,10,581.51
44415.46,22.34,17.49,0.72,1.95,10,581.55
44415.5,22.37,17.39,0.8,2.45,10,581.38
44415.54,23.52,17.68,1.07,2.81,10,581.26
44415.58,22.84,17.39,1.4,0.05,10,580.91
44415.62,22.55,17.63,1.52,0.02,10,581.09
44415.67,22.07,18.14,1.65,0.44,10,580.96
44415.71,21.54,18.42,1.13,0.23,10,580.99
44415.75,18.93,18.93,1.78,0.32,9.96,581.25
44415.79,18.79,18.66,1.19,0.54,9.96,581.26
44415.83,18.96,18.03,1.32,0.29,9.25,581.53
44415.88,19.31,18.05,0.97,0.34,9.85,581.8
44415.92,19,18.11,1.03,0.44,10,582.35
44415.96,17.92,17.73,0.88,0.44,10,582.63
44416,18.12,17.67,0.67,0.21,10,582.63
44416.04,17.88,17.42,0.61,2.94,10,582.44
44416.08,18.11,17.53,0.51,2.84,10,581.8
44416.12,18.15,17.53,0.66,2.04,10,581.67
44416.17,17.82,17.38,0.71,1.78,10,581.45
44416.21,18.08,17.4,0.68,1.29,10,581.11
44416.25,18.06,17.46,0.65,0.49,10,581.04
44416.29,17.91,17.39,0.29,3.03,10,581.04
44416.33,17.8,17.32,0.31,2.07,10,581.49
44416.38,18.06,17.17,0.6,0.12,10,581.69
44416.42,20.54,17.64,0.86,2.88,10,582.12
44416.46,20.3,17.72,1,3.04,10,582.25
44416.5,20.28,17.56,1.16,3.04,10,582.26
44416.54,22.18,18.69,1.34,3.06,10,581.99
44416.58,22.16,19.06,1.16,3.05,9.94,581.48
44416.62,21.53,19.02,1.25,0.22,9.72,581.59
44416.67,20.92,18.46,1.69,0.35,10,581.15
44416.71,19.97,18.18,1.29,0.32,10,581.29
44416.75,18.07,17.46,1.99,0.59,9.56,581.31
44416.79,18.41,17.43,1.6,0.54,9.88,581.92
44416.83,18.95,17.6,1.39,0.4,10,582.51
44416.88,18.93,17.61,1.38,0.63,10,583.06
44416.92,18.69,17.3,1.44,0.75,10,583.39
44416.96,17.63,16.97,1.33,0.63,10,583.9
44417,17.82,17.08,1.16,0.76,10,583.95
44417.04,17.57,16.92,1.06,1.01,10,583.73
44417.08,17.53,16.77,0.94,1.08,10,583.28
44417.12,17.43,16.73,0.78,0.83,10,583.07
44417.17,16.35,15.8,0.86,0.59,10,582.89
44417.21,16.34,15.67,0.89,0.83,10,582.99
44417.25,16.32,15.81,0.64,1.67,10,583.57
44417.29,16.48,15.96,0.72,2.8,10,583.51
44417.33,16.41,15.74,0.44,2.48,10,583.57
44417.38,16.24,15.33,0.73,1.17,10,583.79
44417.42,17.82,15.05,1.19,0.8,10,583.92
44417.46,18.39,14.73,1.46,0.55,10,583.94
44417.5,18.77,14.07,1.51,0.4,10,583.99
44417.54,21.67,13.64,1.64,0.35,9.92,583.51
44417.58,22.17,13.51,1.92,0.31,9.82,583.09
44417.62,22.05,13.47,2.02,0.29,10,582.66
44417.67,23.57,13.95,2.07,0.37,9.87,582.3
44417.71,23.4,14.33,2.07,0.33,9.94,581.65
44417.75,20.46,14.98,1.68,0.21,9.99,582.28
44417.79,20.44,15.41,1.57,0.25,9.96,582.2
44417.83,20.37,15.4,1.24,0.39,9.93,582.32
44417.88,20.04,15.4,1.12,0.6,9.19,582.22
44417.92,19.52,15.31,0.62,0.77,7.44,582.72
44417.96,17.64,14.97,0.81,1.73,9.6,583.36
44418,17.17,15.2,0.77,1.92,9.68,583.44
44418.04,16.93,15.22,0.62,2.07,9.78,583.34
44418.08,17.01,15.29,0.47,2.63,9.9,583.16
44418.12,16.3,14.91,0.48,2.94,9.9,582.6
44418.17,15.51,14.57,0.71,2.78,10,582.24
44418.21,14.81,14.11,0.81,2.69,10,581.99
44418.25,15.36,14.05,1.05,2.71,9.96,582.36
44418.29,15.76,14.54,0.88,2.92,10,582.36
44418.33,16.13,14.96,0.95,2.85,10,582.67
44418.38,17.36,14.9,0.44,1.66,10,582.55
44418.42,20.94,14.69,1.06,0.15,10,582.58
44418.46,21.38,14.52,1.42,3.1,10,582.99
44418.5,21.44,14.34,1.65,3.11,9.9,582.94
44418.54,23.24,14.41,1.67,0.01,10,583.07
44418.58,22.94,14.03,1.63,0.02,9.96,582.46
44418.62,22.28,14.35,1.63,3.11,10,582.28
44418.67,21.18,14.49,1.85,3.07,10,581.9
44418.71,21.37,14.54,1.77,3.1,9.92,581.48
44418.75,19.41,13.75,1.79,3.13,10,581.77
44418.79,19.46,14.19,1.41,0.03,10,581.79
44418.83,19.32,14.85,0.89,0.48,9.99,582.18
44418.88,19.66,15.1,0.86,0.18,9.68,582.78
44418.92,18.97,15.24,1.11,0.09,8.96,583.07
44418.96,17.22,15.32,0.57,0.75,8.54,583.5
44419,17.29,15.56,0.43,1.06,8.04,583.38
44419.04,16.63,15.4,0.2,0.74,9.46,583.35
44419.08,16.49,15.52,0.26,0.39,10,583.22
44419.12,16.51,15.49,0.26,0.7,10,583
44419.17,16.3,15.4,0.15,1.13,10,582.96
44419.21,16.43,15.42,0.14,1.2,10,582.98
44419.25,16.53,15.45,0.2,0.59,10,583.49
44419.29,16.31,15.27,0.23,0.6,9.96,583.39
44419.33,16.28,15.14,0.08,1.9,10,583.77
44419.38,16.67,14.98,0.78,0.32,10,583.78
44419.42,19.4,14.99,1.01,0.26,10,584.03
44419.46,19.82,14.84,0.89,3.04,10,584.07
44419.5,19.84,14.79,1.15,2.81,10,584.04
44419.54,22.59,16.17,1.4,2.83,10,583.68
44419.58,22.24,16.87,1.49,2.89,10,583.4
44419.62,21.27,16.94,1.5,3.1,9.76,582.94
44419.67,21.58,18.19,1.56,0.16,7.4,582.37
44419.71,21.17,18.29,1.34,3.04,7.52,582.22
44419.75,18.98,17.59,1.23,0.19,9.79,582.39
44419.79,18.25,16.68,1.02,0.42,9.86,582.12
44419.83,18.4,16.41,1.1,0.19,9.92,583.32
44419.88,18.63,16.93,0.9,0.34,10,583.86
44419.92,18.36,17,0.96,0.3,10,584.02
44419.96,17.25,16.94,0.76,0.41,10,584.27
44420,17.52,17.1,0.57,0.11,10,584.21
44420.04,17.39,17.16,0.5,0.4,10,584.02
44420.08,17.63,17.3,0.39,0.22,10,583.84
44420.12,17.84,17.45,0.16,1.22,10,583.47
44420.17,17.24,17.24,0.47,1.37,10,583.35
44420.21,17.45,17.35,0.44,0.93,10,583.1
44420.25,16.66,16.67,0.77,3.02,10,583.86
44420.29,16.67,16.67,0.73,2.76,10,583.93
44420.33,16.47,16.47,0.69,2.74,10,584.11
44420.38,16.17,16.17,0.49,2.3,10,583.8
44420.42,17.72,17.13,0.57,2.53,9.88,583.81
44420.46,17.56,16.46,1.09,3.04,9.45,583.62
44420.5,17.34,16.46,1.54,3.03,9.46,583.62
44420.54,18.54,17.43,1.71,3.02,9.7,583.27
44420.58,19.1,18.16,1.51,3.05,10,582.77
44420.62,18.79,17.69,1.57,0.01,10,582.46
44420.67,17.89,16.66,1.49,0.09,10,581.89
44420.71,17.65,16.93,1.71,0.21,9.88,581.5
44420.75,15.57,15.57,1.44,0.31,10,582.37
44420.79,16.14,16.14,1.35,0.47,10,581.7
44420.83,16.33,16.33,1.55,0.53,10,582.85
44420.88,16.66,16.65,1.5,0.6,10,583.06
44420.92,16.33,16.24,1.31,0.71,10,583.28
44420.96,15.21,15.21,1.46,0.59,10,583.3
44421,15.28,15.28,1.23,0.58,10,583.19
44421.04,15.38,15.38,0.98,0.5,10,582.99
44421.08,15.53,15.53,0.97,0.45,10,582.39
44421.12,15.52,15.52,0.95,0.37,10,582.28
44421.17,15.31,15.31,0.93,0.47,10,581.92
44421.21,15.34,15.34,1.01,0.62,10,581.95
44421.25,15.48,15.48,1.33,0.9,10,582.02
44421.29,15.47,15.47,1.31,0.85,10,582.21
44421.33,15.43,15.43,1.01,0.93,10,582.66
44421.38,15.41,15.41,0.65,1.42,10,582.83
44421.42,16.43,15.86,0.77,1.28,10,582.98
44421.46,16.09,15.33,1.03,1.15,10,582.95
44421.5,16.22,15.08,1.25,0.99,10,582.95
44421.54,17.09,15.44,1.33,0.93,10,582.84
44421.58,16.69,15.01,1.42,0.81,10,582.56
44421.62,16.21,15.1,1.59,0.75,9.94,582.32
44421.67,17.34,15.35,1.69,0.7,9.96,581.99
44421.71,17.66,15.23,1.59,0.65,9.95,581.91
44421.75,16.65,15.04,1.39,0.28,10,582.05
44421.79,16.82,15.05,1.11,0.45,9.94,581.54
44421.83,16.64,15.46,0.96,0.96,9.28,582.35
44421.88,16.53,15.64,1.27,0.82,10,582.76
44421.92,16.46,15.72,1.21,0.93,10,583.08
44421.96,15.75,15.26,1.14,1.07,10,583.36
44422,15.77,15.31,1.09,1.08,10,583.28
44422.04,15.72,15.11,0.9,0.99,9.76,583.13
44422.08,15.63,15.01,0.65,1.25,10,582.91
44422.12,15.6,14.9,0.6,1.43,10,582.62
44422.17,15.13,14.48,0.73,1.35,10,582.39
44422.21,15.11,14.3,0.78,1.19,10,582.31
44422.25,14.92,14.08,0.98,0.69,10,582.68
44422.29,15,14.09,0.96,0.65,10,582.89
44422.33,14.85,14.09,0.75,0.48,10,582.99
44422.38,14.95,13.58,0.53,0.72,10,582.85
44422.42,16.3,14.38,0.66,0.76,10,583.06
44422.46,16.21,14.33,0.88,0.66,10,583.05
44422.5,15.85,13.74,1.11,0.36,10,583.07
44422.54,16.68,14.05,1.3,0.42,10,582.97
44422.58,16.04,14.14,1.3,0.59,10,582.94
44422.62,16.08,14.13,1.34,0.63,10,582.72
44422.67,16.66,14.3,1.34,0.51,10,582.56
44422.71,16.54,14.32,1.14,0.46,10,582.52
44422.75,15.14,14.72,0.59,0.63,10,582.99
44422.79,15.25,14.68,0.73,0.4,10,583.04
44422.83,15.37,15.12,0.39,3.13,9.96,583.03
44422.88,15.64,15.04,0.27,3.11,10,583.35
44422.92,15.76,14.98,0.36,2.89,10,583.77
44422.96,14.97,14.6,0.11,2.68,10,583.69
44423,14.8,14.65,0.19,1.92,10,583.76
44423.04,14.6,14.58,0.08,3.08,10,583.57
44423.08,14.56,14.55,0.29,0.64,10,583.24
44423.12,14.66,14.56,0.43,0.68,10,583.29
44423.17,14.74,14.58,0.55,0.73,9.88,583.09
44423.21,14.75,14.59,0.67,0.56,9.89,582.98
44423.25,14.3,13.99,0.46,2.72,9.94,583.06
44423.29,14.02,13.81,0.14,2.19,9.91,583.47
44423.33,14.51,14.17,0.26,1.63,9.73,583.87
44423.38,14.97,14.15,0.52,2.45,8.91,583.73
44423.42,18.05,14.46,0.84,2.77,9.12,583.95
44423.46,18.11,14.03,1.16,2.84,8.4,584.02
44423.5,18.14,14.18,1.56,2.72,9.2,584.02
44423.54,20.17,14.68,1.56,2.66,9.95,583.8
44423.58,20.34,14.79,1.61,2.79,10,583.4
44423.62,20.28,14.89,1.91,2.95,9.92,583.29
44423.67,20.56,15.03,1.83,2.93,9.66,583.04
44423.71,20.43,15.08,1.89,2.92,9.77,582.77
44423.75,18.32,15.31,1.87,2.83,9.96,583.13
44423.79,17.98,15.12,1.48,2.95,9.32,583.22
44423.83,18.1,15.29,1.12,3.1,8.66,583.35
44423.88,17.94,15.63,0.96,2.98,7.37,583.78
44423.92,17.55,15.9,0.92,3.07,6.57,584.13
44423.96,16.55,15.77,0.8,0.17,5.27,584.47
44424,16.39,15.89,0.68,3.06,7.1,584.51
44424.04,16.13,15.69,0.48,1.52,9.32,584.44
44424.08,16.35,15.69,0.82,0.79,9.73,584.1
44424.12,16.46,15.93,0.82,0.68,10,583.83
44424.17,16.07,15.61,0.78,0.63,10,583.59
44424.21,16.24,15.76,1.22,0.36,9.94,583.39
44424.25,15.94,15.29,0.99,0.07,10,583.53
44424.29,15.83,15.28,0.73,3.08,9.9,583.66
44424.33,16.64,15.8,0.65,0.1,9.96,583.96
44424.38,17.43,15.87,0.37,1.15,9.68,583.85
44424.42,20.24,15.98,0.72,2.07,9.41,584.06
44424.46,20.69,15.62,1.15,1.94,10,584.13
44424.5,20.94,15.08,1.48,2.03,9.52,583.8
44424.54,22.34,15.52,1.49,2.05,8.93,583.53
44424.58,22.14,16.37,1.45,2.15,9.67,583.06
44424.62,21.17,16.54,1.27,2.61,9.51,583
44424.67,20.71,16.81,1.36,0.04,8.71,582.55
44424.71,19.44,16.34,1.32,0.06,8.86,582.71
44424.75,18.68,16.05,1.6,0.42,9.7,582.58
44424.79,18.33,16.67,1.37,0.04,9.46,583.16
44424.83,18.32,17.16,0.8,0.05,9.84,583.47
44424.88,18.38,17.41,0.43,0.27,9.94,583.84
44424.92,18.46,17.3,0.32,3.14,10,584.02
44424.96,17.41,17.11,0.24,1.48,10,583.95
44425,17.32,17.12,0.27,1.22,9.96,583.92
44425.04,17.29,17.07,0.18,0.95,10,583.63
44425.08,17.36,17.06,0.23,1.96,10,583.43
44425.12,17.37,17.06,0.15,0.5,10,583.21
44425.17,17,16.81,0.34,1.55,9.94,582.93
44425.21,17.13,16.87,0.79,0.82,10,582.92
44425.25,17.57,17.11,0.24,0.27,10,582.92
44425.29,17.36,16.89,0.4,1.51,10,583.31
44425.33,17.43,16.94,0.52,0.96,10,583.85
44425.38,17.59,16.99,0.41,3.05,10,583.71
44425.42,19.07,17.37,0.72,1.82,10,584.13
44425.46,18.44,17.32,0.64,2.06,10,583.8
44425.5,18.22,17.58,0.76,2.46,10,583.67
44425.54,18.77,18.38,1.12,2.76,9.62,583.38
44425.58,18.3,18.22,1.26,2.94,9.46,583.19
44425.62,18.36,18.27,1.01,3.05,10,582.84
44425.67,18.97,18.44,0.81,0.14,8.82,582.37
44425.71,18.79,18.2,0.99,0.4,8.47,581.66
44425.75,17.9,17.15,1.41,0.25,7.53,582.32
44425.79,17.58,17.04,1.26,3.11,8.25,582.21
44425.83,17.41,16.47,1.08,0.01,10,583.1
44425.88,17.19,16.63,0.34,2.44,10,583.44
44425.92,17.26,16.63,0.36,1.67,10,583.85
44425.96,16.8,16.46,0.34,0.71,10,584.02
44426,16.76,16.68,0.41,2.69,10,583.93
44426.04,17.02,16.89,0.16,0.38,10,583.68
44426.08,17.28,17.04,0.22,1.6,10,583.33
44426.12,17.28,17.05,0.04,3.14,10,582.99
44426.17,16.7,16.65,0.14,0.16,10,582.77
44426.21,16.72,16.56,0.27,3.08,10,582.75
44426.25,16.97,16.64,0.21,1.84,10,582.59
44426.29,16.98,16.66,0.14,1.91,10,582.98
44426.33,16.88,16.79,0.12,3.06,10,583.35
44426.38,17.57,17.57,0.4,2.87,10,583.62
44426.42,19.08,18.09,0.29,2.2,10,583.94
44426.46,19.46,18.61,0.3,1.91,10,583.85
44426.5,19.27,18.38,0.69,2.49,9.72,583.5
44426.54,21.26,19.32,1.41,2.64,9.4,582.97
44426.58,20.66,18.47,1.46,2.98,7.51,582.54
44426.62,21.05,18.93,1.71,2.97,8.7,582.04
44426.67,21.15,18.65,1.02,0.57,9.36,581.72
44426.71,21.17,17.56,1.68,0.29,9.09,581.5
44426.75,18.17,17.15,1.87,0.15,8.51,581.94
44426.79,17.69,16.5,1.13,3.09,8.54,582.17
44426.83,17.81,16.61,0.95,0.22,9.1,582.68
44426.88,18.05,16.57,0.77,0.41,9.51,583.32
44426.92,18.08,16.92,0.71,0.05,9.57,583.58
44426.96,17.21,16.61,0.46,0.39,9.78,583.79
44427,17.15,16.9,0.53,2.51,9.88,583.69
44427.04,17.03,16.85,0.24,1.66,10,583.34
44427.08,17.02,16.87,0.07,0.92,10,582.94
44427.12,16.99,16.88,0.11,1.76,10,582.61
44427.17,16.68,16.68,0.07,1.42,10,582.47
44427.21,16.55,16.52,0.3,0.22,9.88,582.44
44427.25,17.03,16.76,0.35,1.49,10,582.3
44427.29,17.01,16.81,0.69,0.72,9.96,582.85
44427.33,17.02,16.89,0.8,0.76,9.92,582.92
44427.38,17.23,16.97,0.54,0.74,9.41,583.26
44427.42,19.69,18.11,0.67,2.95,9.8,583.58
44427.46,20.16,18.81,1.23,2.98,9.96,583.92
44427.5,20.91,19.49,1.42,2.73,9.84,583.51
44427.54,22.67,18.96,1.32,2.76,9.74,583.4
44427.58,22.88,18.94,1.33,2.81,9.45,582.71
44427.62,22.17,18.22,1.27,3.08,9.83,582.35
44427.67,22.99,19.37,1.26,3.04,9.62,581.85
44427.71,21.72,18,1.58,3.01,9.99,581.68
44427.75,19.43,17.61,1.89,2.87,10,582.12
44427.79,19.42,17.7,1.05,0.36,9.8,582.12
44427.83,19.19,17.58,0.7,2.02,9.72,582.77
44427.88,19.44,17.59,0.53,2.18,9.72,583.28
44427.92,19.02,17.36,0.6,1.93,10,583.37
44427.96,17.16,16.61,0.64,0.55,10,584.03
44428,17.34,16.67,0.35,1.26,10,583.99
44428.04,17.23,16.48,0.47,1.17,10,584.11
44428.08,16.87,16.21,0.87,3.05,10,583.42
44428.12,17.02,16.34,0.93,3.11,10,583.38
44428.17,16.73,16.17,1.1,3.13,10,583.06
44428.21,16.64,16.04,1.09,0.08,10,582.99
44428.25,16.62,15.42,1.08,0.01,10,583.21
44428.29,16.26,15.26,0.91,2.81,10,583.41
44428.33,17.25,16.22,0.89,3.14,10,583.75
44428.38,18.33,17.21,0.62,0.04,10,583.62
44428.42,21.44,17.01,0.15,1.82,10,583.9
44428.46,22.22,16.27,0.41,2.04,10,584.19
44428.5,22.36,15.65,0.81,2.4,9.9,584.29
44428.54,24.55,15.98,1.16,2.33,9.88,583.94
44428.58,23.86,15.93,1.19,2.05,10,583.44
44428.62,23.87,16.21,1.14,2.01,9.86,583.11
44428.67,23.54,16.47,1.31,2.16,9.63,582.61
44428.71,23.2,17.27,1.01,2.39,9.53,582.58
44428.75,19.28,18.39,0.62,2.8,10,583.16
44428.79,19.64,17.91,0.93,1.24,9.76,583.07
44428.83,19.68,18.05,1.09,2.03,9.21,583.54
44428.88,19.82,17.9,1.03,3.07,9.09,583.36
44428.92,19.51,18.01,0.53,2.56,9.04,583.67
44428.96,17.39,17.33,0.37,2.75,9.42,584.17
44429,17.65,17.42,0.51,2.93,9.46,584.17
44429.04,17.02,16.95,0.99,0.22,9.8,583.91
44429.08,16.89,16.66,1.29,0.23,9.79,583.51
44429.12,16.73,16.44,1.62,0.13,9.78,582.99
44429.17,16.08,15.94,1.71,0.05,9.45,582.83
44429.21,16.11,15.86,1.79,3.12,9.52,582.6
44429.25,16.05,15.36,1.58,3.1,10,582.73
44429.29,16.32,15.51,1.29,0.01,10,582.58
44429.33,16.47,15.96,1.37,3.08,10,582.75
44429.38,17.45,17.11,0.87,0.04,10,582.64
44429.42,21.92,18.26,0.98,0.91,10,582.63
44429.46,22.75,17.8,1.13,1.12,10,582.61
44429.5,23.41,17.1,1.13,1.6,10,582.57
44429.54,25.73,16.86,1.4,1.52,10,582.16
44429.58,25.86,16.77,1.58,1.59,10,581.54
44429.62,26.04,16.6,1.71,1.64,10,580.98
44429.67,26.23,16.38,1.65,1.8,9.82,580.53
44429.71,26.1,16.39,1.38,1.97,9.58,580.22
44429.75,23.36,16.89,0.77,2.79,9.72,580.89
44429.79,23.05,17.79,0.17,2.9,9.96,580.63
44429.83,23.18,17.24,0.69,1.84,9.96,580.8
44429.88,23.25,17.57,0.97,1.24,10,580.57
44429.92,22.48,18,0.61,2.06,9.96,581.52
44429.96,19.87,17.49,0.28,2.11,10,581.59
44430,20.26,17.73,0.95,0.56,10,581.77
44430.04,19.24,17.71,1.74,0.64,10,580.78
44430.08,19.28,17.65,1.5,0.23,10,580.58
44430.12,19.9,17.55,1.59,0.19,10,580.17
44430.17,19.06,17.3,1.37,0.01,10,580.27
44430.21,19.16,17.41,1.46,0.12,10,580.17
44430.25,19.24,16.79,1.51,0.51,10,579.41
44430.29,19.33,16.75,1.13,0.16,10,579.4
44430.33,19.84,16.83,0.64,2.87,10,580.2
44430.38,20.77,17.15,0.24,0.28,10,580.1
44430.42,22.31,17.15,0.37,1.75,10,580.39
44430.46,22.72,17.27,0.23,1.36,10,580.54
44430.5,22.8,17.29,0.15,0.83,10,580.74
44430.54,22.13,16.49,0.88,0.31,9.94,580.48
44430.58,21.89,16.76,1.01,0.08,10,580.14
44430.62,21.3,17.18,1.22,0.07,10,579.98
44430.67,19.7,16.64,1.4,0.02,10,579.98
44430.71,18.72,16.61,1.3,0.26,10,580.15
44430.75,17.01,17.01,1.62,0.38,10,580.36
44430.79,17.03,16.91,1.46,0.54,10,580.89
44430.83,17.22,16.54,1.78,0.68,10,581.02
44430.88,17.13,16.5,1.35,0.62,10,581.89
44430.92,16.87,16.18,1.42,0.63,10,582.09
44430.96,15.5,15.45,1.1,0.75,10,582.38
44431,15.55,15.41,0.97,0.67,10,582.3
44431.04,15.34,15.18,0.69,0.93,10,582.16
44431.08,15.55,15.17,0.46,0.86,10,581.75
44431.12,15.83,15.3,0.46,1.36,10,581.5
44431.17,15.68,15.38,0.49,0.9,10,581.26
44431.21,15.73,15.42,0.62,1.01,10,581.28
44431.25,15.93,15.5,0.72,1.95,10,581.43
44431.29,15.81,15.39,0.4,1.06,10,581.51
44431.33,15.96,15.43,0.64,0.83,9.96,581.7
44431.38,15.71,15.04,0.6,0.81,8.92,582.01
44431.42,18.73,16,0.81,0.7,9.59,582.18
44431.46,18.56,15.24,1.46,0.62,9.9,582.58
44431.5,17.79,14.23,1.42,0.64,10,582.71
44431.54,19.26,13.87,1.34,0.46,9.67,582.44
44431.58,18.92,13.6,1.17,0.12,9.67,582.26
44431.62,18.86,14.18,1.13,3.04,9.82,581.95
44431.67,18.83,14.63,0.91,0.02,9.92,581.65
44431.71,18.89,14.94,0.9,0.16,10,581.15
44431.75,19.01,12.4,1.17,0.04,9.92,581.72
44431.79,18.99,13.33,0.93,0.13,9.69,581.25
44431.83,18.95,12.77,0.61,2.92,9.96,581.75
44431.88,18.72,12.15,0.77,0.64,9.7,582.47
44431.92,18.48,12.2,0.94,0.82,10,583.03
44431.96,16.81,12.77,1.02,0.98,9.86,583.43
44432,17,13.11,1.18,0.95,9.76,583.62
44432.04,16.5,12.85,0.88,1.07,9.83,583.92
44432.08,16.29,12.69,0.71,1.31,9.29,583.64
44432.12,16.13,12.58,0.97,1.27,8.98,583.29
44432.17,15.52,12.47,0.92,1.65,9.25,583.22
44432.21,15.54,12.23,0.96,1.99,9.44,583.03
44432.25,15.46,12.2,1.02,1.22,9.78,584.01
44432.29,15.07,12.17,0.5,1.26,9.9,584.01
44432.33,15.31,12.24,0.51,1.2,9.42,583.9
44432.38,16.16,11.33,0.77,0.74,9.66,584.1
44432.42,19.85,12.34,1.16,0.61,9.68,584.38
44432.46,20.18,13.26,1.63,0.46,9.58,584.42
44432.5,20.82,13.91,1.67,0.26,10,584.33
44432.54,21.83,13.39,1.7,0.08,10,583.87
44432.58,21.92,13.87,1.9,3.05,10,583.52
44432.62,20.84,14.45,1.71,2.83,9.96,583.07
44432.67,20.18,14.55,1.72,2.75,9.84,582.69
44432.71,20.35,14.31,1.63,2.72,9.79,582.44
44432.75,19.01,13.34,1.36,2.88,9.92,582.95
44432.79,18.92,13.47,0.88,0.01,10,582.69
44432.83,19.25,13.96,0.9,0.55,10,582.75
44432.88,18.84,13.9,1.09,0.43,9.92,582.98
44432.92,18.46,14.59,1.14,0.19,9.94,583.64
44432.96,16.81,14.71,0.97,0.35,9.62,583.84
44433,16.69,14.82,0.65,0.23,9.56,583.69
44433.04,16.55,14.73,0.47,0.01,10,583.76
44433.08,16.19,14.8,0.43,2.63,10,583.53
44433.12,16.21,14.98,0.35,2.31,10,583.31
44433.17,15.66,14.9,0.28,2.2,9.86,582.81
44433.21,15.68,14.76,0.25,1.75,9.86,582.7
44433.25,15.63,14.48,0.25,1.54,9.89,582.57
44433.29,15.52,14.5,0.5,1.86,10,582.68
44433.33,15.43,14.5,0.69,1.49,10,582.66
44433.38,15.67,14.54,0.67,1.76,10,582.69
44433.42,17.6,14.73,0.95,2.28,10,582.85
44433.46,17.48,14.44,1.12,2.46,9.96,582.88
44433.5,17.21,14.8,1.12,2.71,10,582.73
44433.54,18.47,15.66,1.42,2.86,10,582.45
44433.58,19.23,16.18,1.46,3.07,10,582.1
44433.62,19.1,16.05,1.42,0.26,10,581.79
44433.67,17.28,14.64,1.73,0.53,10,581.65
44433.71,17.42,14.86,1.73,0.57,10,581.64
44433.75,14.47,13.8,1.77,0.43,10,581.94
44433.79,14.51,14.47,1.67,0.42,10,582.06
44433.83,14.77,14.35,1.76,0.43,10,582.51
44433.88,14.33,13.72,1.76,0.36,10,583.05
44433.92,14.42,13.77,1.87,0.42,10,583.47
44433.96,13.2,12.84,1.75,0.41,10,583.86
44434,12.93,12.6,1.7,0.37,10,583.85
44434.04,12.61,12.34,1.41,0.3,10,583.88
44434.08,12.58,12.36,1.27,0.27,10,583.81
44434.12,12.54,12.23,1.17,0.26,10,583.65
44434.17,12.19,12.05,1.09,0.21,10,583.61
44434.21,12.09,11.96,1.16,0.26,10,583.61
44434.25,11.87,11.75,1.21,0.63,10,583.68
44434.29,11.9,11.72,1.26,0.35,10,583.71
44434.33,11.67,11.41,1.3,0.38,10,584.26
44434.38,11.44,11.36,1.35,0.22,10,584.42
44434.42,11.77,11.4,1.41,0.12,10,585.17
44434.46,11.85,11.52,1.37,0.2,10,585.42
44434.5,11.59,11.31,1.44,0.44,10,585.67
44434.54,12.14,11.59,1.42,0.47,10,585.59
44434.58,11.82,11.17,1.45,0.35,10,585.4
44434.62,11.53,11.02,1.41,0.46,10,585.18
44434.67,10.82,10.68,1.45,0.67,10,585.12
44434.71,11.59,10.69,1.38,0.69,10,585.12
44434.75,10.71,10.71,1.38,0.74,10,585.28
44434.79,10.85,10.85,1.24,0.64,10,585.42
44434.83,11.31,11.05,0.96,0.56,10,585.76
44434.88,11.57,10.87,0.66,0.77,10,586.2
44434.92,11.8,11.15,0.61,0.96,10,586.36
44434.96,11.55,11.25,0.7,0.98,10,586.53
44435,11.77,11.45,0.62,0.95,10,586.4
44435.04,11.85,11.45,0.54,0.74,10,586.45
44435.08,11.94,11.53,0.42,0.68,10,585.88
44435.12,11.97,11.64,0.46,0.79,10,585.71
44435.17,11.8,11.57,0.42,0.75,10,585.38
44435.21,11.69,11.6,0.31,0.07,10,585.39
44435.25,11.91,11.79,0.34,2.01,10,585.14
44435.29,12.02,11.77,0.62,2.4,10,585.19
44435.33,11.9,11.57,0.77,1.67,10,585.48
44435.38,11.68,11.26,0.79,1.28,10,585.37
44435.42,13.5,12,0.47,0.91,10,585.71
44435.46,13.82,11.66,0.37,1.44,10,585.68
44435.5,13.54,11.53,0.95,1.84,10,585.63
44435.54,15.75,12.36,1.07,1.6,10,585.22
44435.58,15.83,12.49,1.04,1.51,10,584.73
44435.62,16.18,12.29,1.1,1.86,10,584.17
44435.67,16.55,12.75,1.12,1.86,9.92,583.82
44435.71,16.71,12.94,1.13,2.01,10,583.52
44435.75,15.51,13.26,1.3,2.85,9.92,583.73
44435.79,15.3,13.28,0.83,2.84,8.28,583.45
44435.83,15.39,13.43,0.98,2.86,10,583.91
44435.88,14.87,13.74,0.57,3.01,10,583.93
44435.92,14.3,13.59,0.57,2.84,10,583.94
44435.96,13.36,13.33,0.76,3.01,10,584.45
44436,13.53,13.53,0.83,2.69,10,584.34
44436.04,13.58,13.55,0.68,2.55,10,584.07
44436.08,13.57,13.57,0.77,2.69,10,583.77
44436.12,13.71,13.71,0.71,2.63,10,583.33
44436.17,13.51,13.51,0.57,2.49,10,583.08
44436.21,13.62,13.57,0.61,2.41,10,582.95
44436.25,13.53,13.31,0.62,2.15,10,583.13
44436.29,13.32,13.27,0.76,2.37,10,583.04
44436.33,13.25,13.25,0.9,2.2,10,583.16
44436.38,13.17,13.09,0.8,2.04,10,583.28
44436.42,14.83,13.74,0.67,2.21,10,583.55
44436.46,14.76,14.52,0.9,2.81,10,583.65
44436.5,15.23,14.94,1.3,2.74,10,583.21
44436.54,16.74,15.86,1.44,2.94,10,582.87
44436.58,16.74,16.2,1.55,3.02,10,582.81
44436.62,16.46,16.01,1.36,3.09,10,582.67
44436.67,16.1,15.59,1.33,3.01,10,582.34
44436.71,16.45,15.86,1.18,3.05,10,582.58
44436.75,14.08,14.07,1.36,3.08,10,582.66
44436.79,14.28,14.26,1.16,3.04,10,582.83
44436.83,14.31,13.77,0.88,2.71,10,583.22
44436.88,14.34,13.51,0.73,3.12,10,583.47
44436.92,14.25,13.55,0.81,2.95,10,583.76
44436.96,13.38,13.36,0.89,3.04,10,583.95
44437,13.36,13.3,0.81,3.12,10,583.96
44437.04,13.47,13.29,0.7,2.88,10,583.91
44437.08,13.48,13.25,0.56,2.82,10,583.68
44437.12,13.47,13.22,0.39,2.66,10,583.32
44437.17,13.14,13.04,0.37,2.03,10,583.16
44437.21,13.21,13.02,0.44,1.57,10,582.89
44437.25,13.18,12.97,0.46,2.18,10,583.26
44437.29,13.32,13.04,0.47,2.66,10,583.29
44437.33,13.45,13.15,0.45,0.15,10,583.78
44437.38,13.84,13.45,0.88,3,10,583.82
44437.42,15.85,14.23,1.02,2.99,10,584.19
44437.46,15.93,14.19,1.22,2.98,10,584.38
44437.5,16.36,15.36,1.42,2.83,10,584.22
44437.54,17.95,16.16,1.49,2.7,10,583.82
44437.58,17.96,15.47,1.69,2.94,9.58,583.55
44437.62,17.68,15.83,1.71,3.11,9.76,583.42
44437.67,17.43,15.48,1.42,0.05,10,583.03
44437.71,17.68,15.63,1.53,0.12,10,582.77
44437.75,15.32,14.84,1.65,0.19,10,582.88
44437.79,15.48,14.69,1.39,0.16,10,583.21
44437.83,15.57,14.53,1.27,0.15,10,583.74
44437.88,15.75,14.37,1.1,0.24,10,583.99
44437.92,15.51,14.45,0.95,0.15,10,584.52
44437.96,14.61,14.31,1.04,0.03,10,584.68
44438,14.49,14.23,0.8,2.98,10,584.76
44438.04,14.51,14.22,0.62,2.41,10,584.4
44438.08,14.63,14.27,0.67,2.22,10,584.21
44438.12,14.66,14.27,0.81,2.09,10,584
44438.17,14.51,14.18,0.73,1.96,10,583.68
44438.21,14.27,14.19,0.85,1.79,10,583.46
44438.25,15.07,14.62,0.94,1.3,10,583.17
44438.29,15.28,14.79,0.94,1.23,10,583.13
44438.33,15.64,14.41,1.32,1.21,10,583.56
44438.38,16.1,14.72,1.23,1.18,10,583.5
44438.42,19,15.16,1.34,1.38,10,583.58
44438.46,19.04,15.19,1.41,1.43,9.88,583.45
44438.5,18.97,15.15,1.74,1.31,9.94,583.05
44438.54,21.43,15.05,1.77,1.41,10,582.75
44438.58,21.58,15.02,1.55,2.01,10,582.35
44438.62,21.5,14.8,1.27,2.2,9.92,582.41
44438.67,21.01,14.89,1.33,2.11,9.88,582.1
44438.71,20.45,15.2,1.27,2.39,9.76,582.25
44438.75,18.9,14.65,1.61,3.01,9.59,583.06
44438.79,18.46,15.07,0.88,0.07,9.64,582.75
44438.83,17.81,15.67,0.81,0.11,8.44,583.34
44438.88,17.34,15.92,1.09,0.27,7,583.73
44438.92,16.96,15.93,0.89,0.23,9.16,584.38
44438.96,15.71,15.71,0.75,3.13,10,584.61
44439,15.72,15.63,0.87,3.01,10,584.7
44439.04,15.75,15.65,0.8,2.81,10,584.7
44439.08,15.93,15.61,0.64,2.76,10,584.46
44439.12,15.97,15.64,0.56,2.53,10,584.4
44439.17,15.21,15.07,0.46,1.83,10,584.32
44439.21,15.18,14.93,0.57,1.41,10,584.31
44439.25,16.05,15.5,0.43,1.36,10,584.27
44439.29,16.11,15.5,0.44,1.11,10,584.66
44439.33,15.99,15.18,0.68,1.26,10,584.84
44439.38,16.26,15.06,0.51,1.52,9.82,584.78
44439.42,19.34,15.65,0.69,2.01,9.76,584.97
44439.46,19.64,15.49,1.1,2.7,10,585.01
44439.5,19.47,15.23,1.21,2.78,9.64,585.01
44439.54,21.12,15.71,1.43,2.93,9.64,584.88
44439.58,19.79,15.82,1.5,0.02,9.28,584.55
44439.62,18.78,15.57,1.42,0.2,9.64,584.33
44439.67,18.94,16.13,1.36,0.21,9.16,584.21
44439.71,19.07,16.46,1.54,0.51,10,584.03
44439.75,16.15,16.03,1.6,0.56,10,584.56
44439.79,16.49,15.99,1.31,0.53,10,584.6
44439.83,16.95,16.04,1.06,0.53,10,584.89
44439.88,17.56,16.21,0.94,0.52,10,585.28
44439.92,17.23,16.3,1.05,0.5,10,585.72
44439.96,16.13,16.09,0.85,0.6,10,585.85
44440,16.27,16.08,0.83,0.17,10,585.98
44440.04,16.29,15.99,0.42,3.12,10,585.73
44440.08,16.4,16,0.59,0.32,10,585.49
44440.12,16.46,15.89,0.49,2.91,10,585.22
44440.17,16.04,15.89,0.35,2.98,10,585.11
44440.21,15.99,15.88,0.07,2.17,10,585.09
44440.25,16.75,16.35,0.16,2.7,10,584.77
44440.29,16.61,16.28,0.32,0.19,10,585.33
44440.33,16.36,16.05,0.39,0.04,10,585.24
44440.38,16.04,15.64,0.64,2.82,10,585.74
44440.42,18.61,15.63,0.86,2.5,10,585.7
44440.46,18.66,15.35,1.01,2.61,9.83,585.85
44440.5,18.61,15.86,1.33,2.61,9.13,585.47
44440.54,21.43,16.5,1.63,2.76,6.13,584.91
44440.58,21.62,17.18,1.56,2.92,6.34,584.66
44440.62,21.12,16.9,1.65,3.06,6.42,583.9
44440.67,21.4,17.34,1.38,0.04,6.96,583.54
44440.71,20.28,17.51,1.62,3,9.19,583.84
44440.75,17.19,16.05,1.38,0.19,9.61,584.08
44440.79,17.26,15.85,0.65,0.61,8.82,583.91
44440.83,17.9,16.33,1.11,0.46,8.93,584.53
44440.88,18.07,16.48,1.03,0.33,8.98,585.12
44440.92,17.96,16.96,0.74,0.07,10,585.65
44440.96,16.51,16.32,0.79,0.27,10,585.79
44441,16.56,16.46,0.6,0.27,10,585.88
44441.04,16.6,16.38,0.25,0.18,10,585.76
44441.08,16.44,16.18,0.22,1.87,10,585.19
44441.12,16.4,16.09,0.39,0.87,10,585.09
44441.17,15.94,15.83,0.3,0.56,10,584.75
44441.21,16.06,15.87,0.24,0.56,10,584.76
44441.25,16.77,16.45,0.17,0.31,10,584.62
44441.29,16.65,16.35,0.27,0.52,10,584.87
44441.33,16.61,16.32,0.67,1.98,10,585.22
44441.38,16.71,16.13,0.96,1.56,9.82,584.96
44441.42,20.17,16.41,1.18,1.3,7.48,585.15
44441.46,20.61,16.21,1.2,1.42,7.04,584.96
44441.5,20.44,16.26,1.33,1.84,7.13,584.53
44441.54,22.26,17.27,1.55,2.1,6.03,583.99
44441.58,22.16,18.08,1.62,2.43,6.07,583.39
44441.62,21.13,17.28,1.45,2.39,7.65,583.04
44441.67,21.91,17.98,1.51,2.55,8.69,582.46
44441.71,21.67,18.35,1.38,2.43,9.46,582.5
44441.75,17.98,16.17,0.78,2.88,9.85,582.82
44441.79,18.33,16.5,0.62,0.44,9.9,582.83
44441.83,18.7,17.06,0.74,2.5,9.63,582.87
44441.88,18.92,17.08,0.89,3.02,8.81,583.32
44441.92,18.54,17.08,0.84,1.83,9.87,583.67
44441.96,17.13,16.83,1.05,1.35,9.69,583.47
44442,17.11,16.67,0.94,0.61,9.56,583.39
44442.04,16.77,16.4,1.07,0.64,9.72,583.33
44442.08,16.16,15.8,1.44,0.52,9.63,582.67
44442.12,16.13,15.65,1.6,0.49,9.99,582.13
44442.17,15.65,15.45,1.75,0.33,9.84,581.81
44442.21,15.58,15.24,1.86,0.27,9.9,581.58
44442.25,15.15,14.16,1.63,0.48,9.94,581.49
44442.29,15,14.04,1.9,0.36,10,581.75
44442.33,16.13,15.25,1.71,0.39,9.04,581.7
44442.38,17.58,16.55,1.7,0.62,5.56,581.55
44442.42,21.96,16.85,1.84,0.93,6.85,581.65
44442.46,22.44,16.3,2.03,1.03,7.24,581.57
44442.5,22.86,15.91,2.2,1.04,7.45,581.23
44442.54,25.64,15.34,2.25,1.04,8.09,580.84
44442.58,25.73,14.87,2.21,1.16,8.71,580.3
44442.62,25.58,14.89,2.16,1.25,8.96,579.91
44442.67,26.1,14.55,1.89,1.36,8.37,579.39
44442.71,25.73,14.75,1.66,1.34,7.02,579.08
44442.75,23.16,14.98,0.94,2.37,8.74,579.87
44442.79,22.86,14.88,1.3,0.36,10,580.24
44442.83,22.66,15.2,1.25,3.13,10,580.62
44442.88,22.17,15.7,1.03,0.42,9.85,580.56
44442.92,20.23,15.63,1.16,0.49,9.9,581.47
44442.96,18.68,15.3,0.74,0.44,10,581.92
44443,18.88,15.69,0.53,2.78,10,581.92
44443.04,18.55,15.3,0.47,2.33,10,581.98
44443.08,17.88,15.57,0.86,0.96,10,581.74
44443.12,18.48,15.02,1.49,0.55,10,581.25
44443.17,17.17,14.76,1.56,0.51,10,580.72
44443.21,16.79,14.64,1.33,0.08,10,580.49
44443.25,17.04,15.46,0.74,0.15,10,580.68
44443.29,17.12,15.54,0.69,2.42,10,581.18
44443.33,17.35,15.79,0.56,2.34,10,581.98
44443.38,17.66,16.73,0.6,1.94,10,582.06
44443.42,19.04,16.4,0.7,0.5,10,582.71
44443.46,18.9,16.2,0.78,0.12,10,582.97
44443.5,18.8,16.84,1.22,0.32,10,582.91
44443.54,19.89,18,1.43,0.37,10,583.06
44443.58,19.04,18.03,1.61,0.46,10,582.68
44443.62,18.23,17.77,1.71,0.49,10,582.65
44443.67,18.36,17.93,1.81,0.44,10,582.78
44443.71,17.7,17.06,1.48,0.41,10,582.89
44443.75,15.99,15.83,1.33,0.27,9.94,582.81
44443.79,16.24,15.82,0.86,0.33,9.79,582.92
44443.83,16.46,15.79,0.97,1.16,9.85,583.33
44443.88,16.4,15.54,0.71,0.41,9.92,583.56
44443.92,16.26,15.08,0.76,0.04,9.99,584.27
44443.96,15.15,14.62,0.25,0.85,10,584.76
44444,15.04,14.68,0.52,0.79,10,584.87
44444.04,14.95,14.78,0.6,0.99,10,584.65
44444.08,15.03,14.71,0.64,0.76,9.94,584.34
44444.12,15.07,14.68,0.55,0.18,10,584.18
44444.17,14.86,14.69,0.45,0.11,10,584
44444.21,15.1,14.75,0.49,2.78,10,583.87
44444.25,15.08,14.83,0.48,1.97,9.99,583.52
44444.29,15.21,14.87,0.71,2.35,9.96,583.68
44444.33,14.95,14.72,0.57,2.86,9.84,584.55
44444.38,15.15,14.93,0.91,2.7,9.4,584.42
44444.42,17.23,15.72,0.94,2.78,10,585.22
44444.46,16.9,15.73,0.86,2.81,10,585.36
44444.5,16.05,15.13,0.96,2.35,10,585.14
44444.54,18.32,15.53,1.02,1.8,9.77,584.93
44444.58,18.78,15.24,1.43,1.8,9.1,584.14
44444.62,18.88,15.47,1.93,1.67,8.74,583.91
44444.67,20.53,16.5,1.53,1.81,8.04,583.29
44444.71,21.25,16.47,1.23,2.69,6.45,583.29
44444.75,19.05,15.02,1.19,3.1,6.61,583.25
44444.79,18.87,15.31,1.21,0.17,6.58,584.11
44444.83,18.63,15.34,1.06,0.45,10,585.25
44444.88,18.8,15.68,0.97,0.53,10,585.66
44444.92,18.19,16.08,1.14,0.32,9.99,586.6
44444.96,16.48,15.6,1.2,0.42,10,586.8
44445,16.1,15.71,0.91,0.6,10,587.03
44445.04,16.02,15.49,1.11,0.71,10,586.85
44445.08,15.93,15.69,1.3,0.76,10,586.61
44445.12,16.04,15.82,1.55,0.65,10,586.7
44445.17,15.28,15.28,1.86,0.59,10,586.66
44445.21,14.96,14.96,2.01,0.54,10,587.02
44445.25,13.84,13.65,1.89,0.65,10,587.44
44445.29,13.25,13.09,1.74,0.75,10,587.49
44445.33,13.17,12.86,1.48,0.78,10,588.33
44445.38,12.87,12.77,1.36,0.54,10,588.83
44445.42,13.9,12.22,1.39,0.59,10,589.32
44445.46,13.61,11.71,1.55,0.83,10,589.53
44445.5,13.81,11.53,1.68,0.74,10,589.55
44445.54,14.68,11.2,1.8,0.65,10,589.35
44445.58,14.29,11.06,1.9,0.67,9.64,588.89
44445.62,14.58,10.94,1.78,0.69,9.66,588.95
44445.67,14.48,10.8,1.81,0.64,9.8,588.48
44445.71,14.64,10.96,1.72,0.77,9.4,588.43
44445.75,13.03,10.83,1.23,1.01,9.94,588.85
44445.79,13.22,11.09,1.05,0.92,9.54,588.68
44445.83,13.39,11.62,0.78,1.16,8.57,588.85
44445.88,13.67,12.05,1.03,0.93,7.9,589.4
44445.92,13.62,12.26,1.13,0.91,7.36,589.9
44445.96,12.96,12.13,0.88,1.03,8.09,590.33
44446,13.05,12.18,0.5,1.1,8.25,590.22
44446.04,12.55,11.71,0.25,1.35,8.29,590.34
44446.08,12.2,11.53,0.43,2.6,8.37,589.78
44446.12,11.58,11.16,0.73,2.58,7.53,589.38
44446.17,11.35,10.79,0.81,2.67,7.3,588.92
44446.21,10.71,10.25,0.88,2.62,5.26,588.79
44446.25,12.12,10.86,0.56,2.59,8.8,588.88
44446.29,12.19,10.83,0.6,2.48,7.41,588.7
44446.33,12.23,10.96,0.64,1.97,7.29,589.09
44446.38,12.89,9.11,0.78,0.81,7.64,589.1
44446.42,15.95,9.15,0.94,0.57,8.87,589.47
44446.46,15.99,9.13,1.04,0.41,9.9,589.46
44446.5,15.91,8.84,1.01,0.01,9.88,589.18
44446.54,18.46,9.52,1,2.66,9.55,588.66
44446.58,18.25,9.48,1.13,2.27,7.6,588.09
44446.62,18.31,9.55,1.16,2.14,4.59,587.67
44446.67,18.2,9.48,1.38,2.19,6.45,586.92
44446.71,17.93,9.32,1.28,2.4,4.07,586.63
44446.75,16.04,9.4,1.01,2.28,2.2,586.57
44446.79,16.16,9.82,0.68,0,0.45,586.29
44446.83,16.1,9.65,0.78,0.19,0.7,586.76
44446.88,16.01,9.25,0.71,0.71,0.99,587.18
44446.92,15.83,9.32,0.41,0.95,1.46,587.44
44446.96,13.83,9.59,0.38,3.05,3.61,587.59
44447,13.67,9.66,0.63,2.97,2.7,587.31
44447.04,13.34,9.75,0.69,2.97,3.69,586.93
44447.08,13.07,9.76,0.81,2.9,3.81,586.76
44447.12,13.01,9.91,0.94,2.89,2.63,586.32
44447.17,12.4,9.93,0.88,2.91,3.71,586.13
44447.21,12.55,10.12,0.85,2.84,7.78,585.84
44447.25,12.21,9.58,1,2.82,6.34,585.9
44447.29,12.45,9.99,0.83,2.88,9.29,585.72
44447.33,13.2,10.49,0.63,2.71,8.36,585.92
44447.38,13.9,10.2,0.35,1.1,10,586.43
44447.42,17.52,10.49,1,0.28,10,586.74
44447.46,17.19,10.9,1.16,0.3,9.99,586.95
44447.5,17.63,11.35,1.12,0.12,9.96,586.87
44447.54,19.22,11.61,1.08,2.93,9.88,586.64
44447.58,18.97,11.91,1.07,2.72,9.85,586.28
44447.62,18.69,11.96,1.15,2.61,9.58,585.79
44447.67,17.79,11.78,1.09,2.72,9.97,585.57
44447.71,17.32,12.19,1.13,2.84,10,585
44447.75,15.18,11.92,0.42,0.85,8.75,585.34
44447.79,15.7,12.35,0.79,0.41,8.02,585.33
44447.83,16.26,11.92,0.86,0.15,6.81,585.28
44447.88,16.05,12.04,0.91,0.31,8.78,586.15
44447.92,15.71,12.27,0.54,0.78,9.59,586.79
44447.96,14.43,12.16,0.22,0.99,9.27,586.57
44448,14.43,12.19,0.13,1.89,9.61,586.73
44448.04,14.21,12.39,0.24,2.99,9.64,586.72
44448.08,13.99,12.3,0.38,3.12,9.61,586.45
44448.12,14.15,12.34,0.59,3,9.37,586.23
44448.17,13.71,12.14,0.57,2.98,9,586.03
44448.21,13.81,12.2,0.56,0.09,8.21,585.93
44448.25,13.2,11.78,0.7,2.86,10,586.27
44448.29,13.14,11.77,0.59,2.94,10,586.24
44448.33,13.38,12.27,0.5,2.2,7.62,586.49
44448.38,13.47,12.15,0.43,0.74,10,586.84
44448.42,14.53,12.5,0.83,0.55,10,587.17
44448.46,14.25,12.14,0.84,0.33,9.52,587.38
44448.5,14.71,11.83,0.89,0.47,9.1,587.34
44448.54,16.91,11.97,0.89,0.44,9.88,586.98
44448.58,17.4,12.58,0.58,2.82,9.78,586.63
44448.62,16.53,12.24,0.6,2.6,8.64,586.22
44448.67,16.64,13.18,0.91,0.11,7.47,585.66
44448.71,16.75,13.55,1.01,0.24,6.58,585.38
44448.75,16.17,13.4,1.37,0.3,8.24,586.09
44448.79,15.61,13.25,0.6,0.08,9.07,586.18
44448.83,15.21,13.02,0.56,2.87,8.03,586.19
44448.88,15.16,13.18,0.18,0.24,8.67,586.71
44448.92,14.9,13.15,0.54,2.89,8.98,586.99
44448.96,13.67,12.97,0.58,2.72,9.06,586.98
44449,13.79,13.09,0.55,2.74,8.69,587.1
44449.04,13.73,13.1,0.38,2.94,8.5,587.34
44449.08,13.71,13.06,0.37,3.07,9.58,586.99
44449.12,13.86,13.18,0.59,2.94,9.88,586.89
44449.17,13.84,13.23,0.51,3.08,9.88,586.62
44449.21,13.69,13.28,0.6,2.91,9.61,586.57
44449.25,13.47,12.91,0.91,2.72,10,586.9
44449.29,13.26,12.61,0.93,3.04,9.94,586.89
44449.33,13.25,12.75,1.21,0.03,9.95,586.72
44449.38,14.1,13.96,1.19,3.09,9.53,587.01
44449.42,17.21,14.21,0.64,0.26,8.69,587.05
44449.46,17.34,13.75,0.25,1.93,8.9,586.9
44449.5,18.12,13.8,0.49,1.96,9.54,586.56
44449.54,20.86,13.03,0.83,2.09,9.89,586.06
44449.58,21.13,13.03,1.2,2.17,9.87,585.5
44449.62,20.6,13.65,1.36,2.22,9.34,585.19
44449.67,19.7,13.45,1.46,2.74,7.5,584.53
44449.71,19.71,13.85,1.62,2.48,7.4,584.27
44449.75,17.79,14.58,1.3,2.37,9.47,584.72
44449.79,17.89,14.48,0.97,2.36,9.73,584.81
44449.83,17.72,14.88,0.9,2.85,9.9,584.77
44449.88,17.71,14.88,0.75,3.13,9.36,585.18
44449.92,17.47,15.31,0.66,2.48,7.32,585.54
44449.96,16.18,15.15,0.27,1.62,7.46,585.63
44450,16.04,15.03,0.47,0.48,8.82,585.56
44450.04,15.91,15.01,0.69,0.33,9.74,585.5
44450.08,15.61,14.86,0.88,0.18,9.82,585.11
44450.12,15.81,15,0.62,0.23,9.84,584.9
44450.17,15.08,14.75,1.05,0.13,9.81,584.46
44450.21,15.02,14.62,1.27,3.1,9.7,584.1
44450.25,14.47,14.21,1.23,3.05,9.4,584.38
44450.29,14.18,13.99,1.33,3.03,7.87,584.42
44450.33,14.17,13.8,1.34,3.08,10,584.32
44450.38,14.36,14.36,0.93,3.06,7.09,584.42
44450.42,19.31,15.53,0.56,0.48,6.27,584.26
44450.46,19.86,15.39,0.8,1.44,3.76,584.25
44450.5,20.21,14.91,1.11,1.59,6.7,583.74
44450.54,22.7,13.9,1.14,1.78,4.77,583.25
44450.58,22.37,14.45,1.23,1.85,3.29,582.7
44450.62,21.97,14,1.44,1.98,5.59,582.23
44450.67,21.93,14.55,1.53,2.55,4.99,581.99
44450.71,21.06,14.74,1.25,2.77,8.4,581.79
44450.75,17.36,14.69,0.79,3.07,9.45,582.74
44450.79,17.25,14.86,0.47,2.78,9.7,582.7
44450.83,17.27,15.34,0.81,0.38,8.92,582.93
44450.88,17.62,15.32,0.7,0.71,10,583.08
44450.92,17.16,15.49,0.91,1.02,10,583.5
44450.96,15.36,15.02,0.84,0.74,10,583.59
44451,15.47,15.11,0.81,0.4,10,583.61
44451.04,15.06,14.87,0.42,0.05,10,583.52
44451.08,15.14,14.79,0.51,1.46,10,583.14
44451.12,15.04,14.75,1,0.98,10,582.8
44451.17,15.01,14.74,0.98,0.37,9.92,582.43
44451.21,15.09,14.81,0.65,2.98,9.78,582.23
44451.25,14.87,14.59,0.61,2.14,9.82,582.61
44451.29,14.82,14.6,0.71,1.44,10,582.76
44451.33,14.79,14.09,0.56,1.05,9.94,583.33
44451.38,14.34,13.73,0.57,0.22,10,583.64
44451.42,17.81,14.85,0.85,0.23,9.7,583.83
44451.46,17.72,15.19,0.84,0.02,8.44,583.84
44451.5,17.42,15.42,0.98,0.05,9.44,583.59
44451.54,19.28,16.06,1,0.04,9.4,583.23
44451.58,19.02,16.45,1.27,0.15,9.15,582.75
44451.62,18.95,16.44,1.12,0.01,8.48,582.71
44451.67,18.43,16.15,1.35,0.33,9.52,582.22
44451.71,17.9,16.62,1.22,0.46,9.58,582.5
44451.75,16.02,15.81,1.48,0.6,9.7,582.82
44451.79,16.71,15.65,0.99,0.41,10,583.13
44451.83,16.9,15.59,1.37,0.43,10,583.53
44451.88,16.77,15.6,0.96,0.46,10,583.99
44451.92,16.77,15.93,0.83,0.22,10,584.33
44451.96,15.82,15.51,0.62,2.93,10,584.42
44452,16,15.56,0.52,2.98,10,584.45
44452.04,15.67,15.3,0.65,0.08,10,584.42
44452.08,15.76,15.24,0.58,2.93,10,584.33
44452.12,15.66,15.23,0.5,3.05,10,584.15
44452.17,15.27,15.23,0.46,2.52,10,583.96
44452.21,15.33,15.04,0.44,2.32,10,584.14
44452.25,15.24,14.97,0.78,2.8,10,584.26
44452.29,15.08,14.82,0.61,2.71,10,584.62
44452.33,15.1,14.75,0.42,2.58,10,585.14
44452.38,15.19,15.15,0.44,1.2,10,585.35
44452.42,17.24,15.95,0.66,0.95,10,585.67
44452.46,17.68,16.34,0.46,0.77,10,585.79
44452.5,17.86,16.28,0.66,1.51,10,585.47
44452.54,21.08,17.46,1.02,2.24,10,585.05
44452.58,20.46,16.96,1.3,2.42,9.99,584.48
44452.62,19.16,15.99,1.34,2.58,10,584.1
44452.67,19.38,16.69,1.26,2.66,9.44,583.78
44452.71,19.13,16.3,1.17,2.8,9.7,583.73
44452.75,17.87,14.79,0.97,0.39,9.23,583.71
44452.79,18.03,14.95,0.76,3.06,8.49,583.91
44452.83,17.96,15.04,1.01,3.07,9.88,584.75
44452.88,18.21,15.47,0.57,2.94,10,585.15
44452.92,17.84,15.9,0.71,2.46,9.28,585.61
44452.96,16.25,15.31,0.27,2.23,9.84,585.74
44453,16.4,15.45,0.13,2.5,10,585.64
44453.04,16.28,15.48,0.26,0.34,9.92,585.94
44453.08,16.38,15.38,0.51,1.13,9.92,585.85
44453.12,16.51,15.34,0.82,0.86,9.43,585.61
44453.17,16.1,15.15,0.98,0.87,8.92,585.46
44453.21,15.85,14.83,1.39,0.67,6.14,585.32
44453.25,15.12,14.5,1.35,0.37,6.54,585.46
44453.29,14.82,14.15,1.59,0.38,1.31,585.48
44453.33,15.8,14.97,1.06,0.17,2.64,586.04
44453.38,16.64,15.54,0.87,0.73,3.42,586.32
44453.42,20.62,15.23,1.14,1.26,3.47,586.44
44453.46,20.89,14.93,1.38,1.45,2.64,586.43
44453.5,20.77,15.36,1.38,1.65,3.94,586.27
44453.54,21.82,16,1.35,2.09,7.09,586
44453.58,21.04,16.55,1.64,2.54,5.04,585.33
44453.62,20.16,16.8,1.2,2.25,10,585.95
44453.67,18.21,15.78,0.97,2.73,9.36,584.82
44453.71,18.17,15.6,1.03,2.48,8.93,585.02
44453.75,17.57,15.55,1.05,0.18,8.84,584.18
44453.79,17.81,15.79,1.04,2.87,8.12,584.88
44453.83,17.63,16.04,1.22,0.34,9.46,585.48
44453.88,17.75,16.05,0.49,2.65,9.64,586.11
44453.92,17.39,15.84,0.37,2.34,9.64,586.32
44453.96,15.37,14.91,0.57,2.15,9.16,586.49
44454,15.46,14.65,0.65,1.44,10,586.43
44454.04,15.05,14.38,1.01,0.41,9.89,586.39
44454.08,15.06,14.07,1.52,0.36,9.71,585.88
44454.12,15.08,13.67,1.59,0.33,9.51,585.41
44454.17,14.32,13.19,1.53,0.2,9.82,585.09
44454.21,14.2,13.01,1.38,0.08,9.76,584.9
44454.25,14.37,13.65,0.83,0.05,9.4,584.97
44454.29,14.03,13.36,1.17,0.13,9.53,585.21
44454.33,14.65,14.25,0.83,0.14,5.82,585.62
44454.38,15.92,15.28,0.54,1.33,3.12,585.71
44454.42,20.04,16.21,1.3,1.72,5.39,585.79
44454.46,20.37,15.47,1.43,1.45,6.81,585.84
44454.5,20.85,15.07,1.33,1.38,6.12,585.69
44454.54,22.66,14.73,1.06,1.66,6.29,585.45
44454.58,22.23,15.23,1.06,2.21,5.45,584.78
44454.62,21.05,15.39,1.18,1.97,6.45,584.57
44454.67,21.11,16.12,1.24,2.6,9.4,584.14
44454.71,20.21,16.1,0.66,0.02,9.14,584.43
44454.75,17.33,15.68,0.72,0.18,9.89,583.82
44454.79,17.11,16.06,0.65,1.02,9.88,584.47
44454.83,16.82,15.92,0.93,0.63,10,584.79
44454.88,17.29,16.22,0.86,0.66,10,585.58
44454.92,17.29,16.07,0.44,0.36,10,585.87
44454.96,15.69,14.95,0.33,3.09,10,585.98
44455,15.76,14.9,0.53,0.38,10,585.76
44455.04,15.49,14.83,0.45,2.88,10,585.56
44455.08,15.69,14.96,0.6,2.1,10,585.13
44455.12,15.73,14.99,0.52,2.24,10,584.77
44455.17,15.19,14.78,0.64,2.98,10,584.33
44455.21,15.31,14.9,0.5,2.42,9.94,584.26
44455.25,15.28,14.95,0.35,2.06,9.82,584.66
44455.29,15.42,14.96,0.48,1.21,9.28,584.72
44455.33,15.34,15.1,0.25,2.28,9.76,584.94
44455.38,15.34,14.74,0.22,0.4,10,585.24
44455.42,16.47,15.34,0.84,0.28,10,585.25
44455.46,16.97,16.55,1.23,0.1,9.96,585.48
44455.5,16.93,16.31,1.44,0.08,10,585.21
44455.54,18.41,16.77,1.51,0.19,9.7,584.67
44455.58,17.34,15.12,1.57,0.27,10,584.35
44455.62,17.49,15.34,1.59,0.41,10,583.79
44455.67,16.55,15.05,1.78,0.45,10,583.65
44455.71,16.79,15.54,1.85,0.31,10,583.8
44455.75,15.03,14.41,1.74,0.48,10,583.2
44455.79,14.89,14.23,1.38,0.26,10,584.43
44455.83,15.2,14.36,1.57,0.38,10,584.55
44455.88,15.29,14.2,1.4,0.51,10,585.22
44455.92,14.96,14.05,0.84,0.42,10,585.11
44455.96,13.9,13.65,0.73,0.51,10,585.21
44456,14.07,13.71,0.68,0.52,10,585.17
44456.04,14.04,13.86,0.62,0.37,10,584.88
44456.08,14.11,13.86,0.56,0.19,10,584.64
44456.12,13.99,13.86,0.46,2.76,9.96,584.24
44456.17,13.52,13.52,0.43,2.91,10,583.83
44456.21,13.83,13.65,0.3,1.52,10,583.68
44456.25,13.91,13.67,0.41,0.08,10,583.79
44456.29,13.86,13.55,0.33,2.79,10,583.46
44456.33,13.59,13.35,0.17,2.91,9.9,584.11
44456.38,13.67,12.94,0.74,2.3,9.89,584.39
44456.42,16.35,13.65,1.25,2.55,9.89,584.57
44456.46,16.15,13.64,1.3,2.59,10,584.57
44456.5,15.93,13.24,1.38,2.71,10,584.28
44456.54,18.1,13.93,1.48,2.86,10,583.89
44456.58,18.17,13.94,1.62,2.97,10,583.48
44456.62,18.36,14.32,1.58,3.07,10,582.95
44456.67,18.12,14.52,1.7,3.11,10,582.66
44456.71,17.77,14.92,1.79,0.1,10,582.4
44456.75,15.61,14.36,1.63,0.2,10,581.68
44456.79,15.43,14.49,1.11,0.26,10,582.91
44456.83,15.54,14.29,1.34,0.37,10,583.23
44456.88,15.59,14.08,1.4,0.35,10,583.85
44456.92,15.1,14.15,1.26,0.2,10,584.28
44456.96,13.67,13.67,1.11,0.4,10,584.33
44457,13.74,13.64,0.76,0.27,10,584.24
44457.04,13.45,13.3,0.79,3.12,10,583.79
44457.08,13.65,13.28,0.71,2.97,10,583.54
44457.12,13.62,13.4,0.68,3.11,10,583.26
44457.17,13.55,13.45,0.8,2.8,10,582.76
44457.21,13.54,13.53,0.8,2.47,10,582.46
44457.25,13.98,13.75,0.85,1.63,10,582.32
44457.29,14.25,13.85,1.19,1.39,10,582.4
44457.33,14.07,13.96,1.28,1.36,10,582.64
44457.38,14.26,14.05,1.14,1.51,10,582.87
44457.42,17.14,14.92,1.14,1.8,9.82,583.03
44457.46,17.41,15.04,1.19,1.84,9.7,583.11
44457.5,16.89,14.98,1.07,1.99,9.46,582.78
44457.54,18.02,15.35,1.06,2.14,8.62,582.47
44457.58,18.22,15.77,1.43,2.74,8.68,582.27
44457.62,17.61,16.08,1.45,3.1,7.84,582.06
44457.67,16.64,15.76,1.64,0.15,8.8,581.85
44457.71,16.2,15.59,1.32,0.17,9.76,582.08
44457.75,14.48,14.48,1.26,0.15,10,581.97
44457.79,14.83,14.44,1.35,0.39,10,582.19
44457.83,14.89,14.08,1.46,0.48,10,583.08
44457.88,14.94,13.99,1.54,0.48,10,584.04
44457.92,14.62,13.77,1.5,0.5,10,584.56
44457.96,13.35,13.11,1.62,0.51,10,584.81
44458,13.3,13.04,1.73,0.56,10,585.11
44458.04,12.99,12.73,1.74,0.63,10,585.3
44458.08,13.08,12.75,1.52,0.76,10,585.12
44458.12,13.21,12.81,0.9,0.39,10,584.73
44458.17,12.73,12.73,0.93,0.52,10,584.67
44458.21,12.84,12.84,0.71,0.19,10,584.81
44458.25,12.05,12.05,0.64,2.76,10,585.19
44458.29,12.14,12.13,0.51,2.82,10,585.19
44458.33,11.96,11.95,0.59,1.44,10,585.91
44458.38,12.43,12.42,0.8,1.71,9.84,586.38
44458.42,14.5,13.39,0.89,0.93,8.83,586.54
44458.46,14.37,12.17,1.2,0.23,8.48,586.81
44458.5,15.07,11.53,1.43,3.13,8.82,586.7
44458.54,17.87,11.63,1.73,3.01,4.16,586.04
44458.58,18.07,11.71,1.74,2.96,5.23,585.55
44458.62,17.77,11.64,1.67,2.77,5.35,585.09
44458.67,18.58,11.92,1.82,2.62,5.57,584.71
44458.71,18.23,12.36,1.73,2.67,7.25,584.7
44458.75,15.77,11.35,1.87,2.92,6.95,584.81
44458.79,16.4,11.59,1.18,0.14,4.97,584.42
44458.83,16.37,11.64,1.3,3.1,4.43,585.41
44458.88,16.26,11.78,0.96,0.02,4.5,585.86
44458.92,15.58,12.11,0.38,0.27,4.4,586.7
44458.96,12.99,11.25,0.38,2.54,2.91,586.86
44459,12.7,11.32,0.26,1.38,1.91,587.15
44459.04,12.65,11.58,0.21,2.7,2.2,586.94
44459.08,12.43,11.61,0.39,2.57,2.75,586.69
44459.12,12.55,11.7,0.32,2.56,7.55,586.52
44459.17,11.92,11.17,0.3,2.4,7.61,586.34
44459.21,11.37,10.74,0.25,2.58,7.66,586.5
44459.25,13.74,12.52,0.46,2.42,7.92,586.99
44459.29,13.74,12.54,0.64,0.83,8.38,586.83
44459.33,13.15,12.39,0.87,0.86,8.18,587.12
44459.38,12.71,11.84,1.01,1.05,7.4,587.4
44459.42,18.06,12.99,1.38,1.33,5.9,587.54
44459.46,18.14,12.84,1.6,1.43,4.71,587.43
44459.5,18.56,12.76,1.55,1.56,2.82,586.98
44459.54,21.96,12.47,1.43,1.67,2.74,586.35
44459.58,21.9,12.65,1.39,1.83,2.2,585.78
44459.62,22.01,12.58,1.35,1.92,2.54,585.15
44459.67,22.95,12.13,1.34,2.18,1.98,584.45
44459.71,22.65,11.5,1.25,2.44,2.61,584.19
44459.75,18.42,10.22,0.99,2.91,3.04,583.9
44459.79,19.06,9.65,1.24,0.11,3.72,584.01
44459.83,18.95,10.67,1.39,0.38,3.96,584.61
44459.88,18.74,11.1,1.39,0.54,2.4,585.13
44459.92,17.83,11.19,1.24,0.63,2.23,585.85
44459.96,14.77,11,0.99,0.74,1.95,586.16
44460,14.7,11.05,0.74,1.2,2.07,586.24
44460.04,14.09,11.4,0.34,2.65,2.09,586.16
44460.08,13.95,11.33,0.57,2.92,1.99,586.05
44460.12,13.73,11.25,0.91,3,2.48,585.67
44460.17,12.71,10.76,1.14,3.07,2.58,585.54
44460.21,12.29,10.54,1.25,3.05,2.17,585.36
44460.25,12.58,11.32,1.47,3.08,2.81,585.58
44460.29,12.12,11.02,1.67,0.02,2.79,585.41
44460.33,12.4,11.22,1.5,0.05,2.67,585.61
44460.38,13.74,11.45,1.1,0.33,1.44,585.79
44460.42,20.68,12.04,0.97,0.88,1.16,585.83
44460.46,21,11.62,1.16,1.32,1.01,585.55
44460.5,21.19,11.75,1.29,1.5,1.52,585.38
44460.54,24.12,12.21,1.4,1.53,2.15,584.54
44460.58,24.28,12.5,1.56,1.6,3.19,584.1
44460.62,24.24,12.77,1.57,1.98,1.79,583.28
44460.67,24,12.9,1.88,2.27,2.19,582.77
44460.71,22.53,13.12,1.14,2.71,4.61,582.67
44460.75,18.06,12.48,0.79,0.72,5.49,583.28
44460.79,18.41,13.59,0.57,1.37,5.22,583.18
44460.83,18.87,13.34,0.59,0.98,5.34,583.12
44460.88,18.78,13.45,0.6,1.06,5.41,583.88
44460.92,18,13.62,0.83,0.55,5.62,584.2
44460.96,15.46,13.25,0.67,0.35,4.72,584.47
44461,15.43,13.35,0.16,0.39,4.46,584.35
44461.04,15.16,13.28,0.53,0.27,4.46,584.31
44461.08,15.1,13.16,0.84,0.33,3.41,583.91
44461.12,14.84,12.95,1.01,0.12,3.83,583.56
44461.17,14.28,12.94,1.1,0.02,2.85,583.45
44461.21,14.17,12.61,1.14,0.02,1.82,583.18
44461.25,14.26,13.6,1.22,0.29,3.29,582.95
44461.29,14.09,13.34,1.45,0.24,4.38,583.4
44461.33,14.36,13.59,1.44,0.31,7.62,583.54
44461.38,15.96,13.93,1.21,0.52,0.96,583.74
44461.42,20.62,14.08,1.36,1.1,0.9,583.95
44461.46,21.76,13.47,1.57,1.28,1.81,583.77
44461.5,22.04,13.08,1.75,1.35,4.47,583.51
44461.54,24.05,12.97,1.89,1.55,3.4,583.11
44461.58,23.09,12.77,1.85,1.72,4.89,582.39
44461.62,23.17,12.86,1.62,1.81,5.69,582.05
44461.67,23.47,12.67,1.44,2,7.12,581.76
44461.71,23.69,12.66,1.29,2.12,7.2,581.56
44461.75,19.3,14.78,0.32,2.1,6.98,582.26
44461.79,19.38,14.68,0.48,0.62,7.3,582.42
44461.83,19.38,14.71,0.31,1.18,6.1,582.71
44461.88,19.42,14.94,0.34,2.43,5.11,583
44461.92,18.69,15.03,0.43,2.31,5.13,583.7
44461.96,16.99,14.62,0.54,2.98,7.06,583.88
44462,16.7,14.53,0.52,3.08,7.06,583.95
44462.04,16.28,14.44,0.83,0.76,6.74,583.93
44462.08,16.19,14.17,1.26,0.62,6.25,583.7
44462.12,16.22,13.98,1.53,0.41,4.47,583.44
44462.17,15.82,13.86,1.62,0.26,4.08,583.28
44462.21,15.99,13.97,1.53,0.32,4.28,583.3
44462.25,16.22,13.79,1.11,0.04,1.47,583.5
44462.29,15.93,13.71,0.99,0.06,1.24,583.66
44462.33,15.85,14.36,1.03,0.25,1.75,584.18
44462.38,16.36,15.13,0.79,0.76,1.46,584.24
44462.42,19.52,15.11,0.98,1.21,1.44,584.68
44462.46,20.27,14.84,1.28,1.26,3.93,584.72
44462.5,20.86,14.35,1.43,1.35,4.64,584.66
44462.54,22.49,13.96,1.36,1.36,4.13,584.43
44462.58,22.39,14.02,1.25,1.69,6.41,584.06
44462.62,21.83,14.36,1.61,1.98,6.71,583.8
44462.67,21.7,15.11,1.39,2.01,6.24,583.73
44462.71,19.53,15.15,1.19,2.26,6,583.37
44462.75,17.82,14.98,1.19,0.41,7.66,583.3
44462.79,17.84,15.46,0.77,0.34,8.92,583.94
44462.83,17.41,16.15,0.43,0.45,9.32,584.58
44462.88,17.54,15.98,0.28,0.9,9.76,584.84
44462.92,17.59,16.06,0.08,2.75,9.94,585.24
44462.96,16.4,15.8,0.64,1.54,10,585.28
44463,16.14,15.52,0.97,0.78,10,585.41
44463.04,16.01,15.14,1.2,0.52,9.9,585.33
44463.08,15.83,14.76,1.47,0.29,9.94,585.15
44463.12,15.18,14.05,1.77,0.28,9.9,585.03
44463.17,14.64,13.46,1.8,0.33,10,584.81
44463.21,14.75,13.28,1.93,0.33,9.96,584.56
44463.25,15.01,13.34,1.67,0.43,9.36,584
44463.29,15.31,13.24,1.65,0.37,8.62,584.52
44463.33,16.37,14.14,1.29,0.45,5.23,584.78
44463.38,17.52,15.05,1.58,0.76,1.8,584.79
44463.42,21.69,14.83,2.13,0.82,4.3,584.8
44463.46,22.23,14.34,2.29,0.86,4.04,584.62
44463.5,22.83,14.25,2.46,0.95,8.6,584.28
44463.54,24.56,13.84,2.2,1.14,7.5,583.93
44463.58,24.57,13.72,2.15,1.08,3.74,583.52
44463.62,24.77,13.83,1.81,1.35,3.12,583.12
44463.67,23.56,13.93,1.81,1.31,3.37,582.82
44463.71,23.25,14.37,1.23,1.74,3.55,582.55
44463.75,20.91,14.64,1.05,2.21,5.94,582.72
44463.79,20.96,13.91,1.3,2.76,2.69,582.71
44463.83,20.67,14.46,1.16,2.89,4.27,583.32
44463.88,20.34,14.62,1.03,0.28,6.94,584.05
44463.92,19.76,14.74,0.64,0.7,7.78,584.6
44463.96,17.9,14.12,0.39,0.49,7.91,584.59
44464,17.75,14.33,1.06,0.64,8.91,584.68
44464.04,17.28,14.28,1.22,0.75,9.23,584.34
44464.08,17.06,14.17,1.53,0.48,8.93,584.21
44464.12,17.45,14.15,1.69,0.4,7,583.71
44464.17,16.83,13.92,1.78,0.36,4.98,583.7
44464.21,16.73,13.76,1.85,0.34,1.11,583.44
44464.25,15.98,12.96,1.59,0.41,1.56,583.46
44464.29,15.75,12.92,1.65,0.42,0.69,583.76
44464.33,16.8,13.74,1.46,0.44,1.36,584.36
44464.38,18.1,14.89,1.55,0.74,1.45,584.49
44464.42,22.43,14.52,2.32,0.83,3.2,584.56
44464.46,23.01,14.19,2.27,0.94,8.27,584.35
44464.5,23.12,14.05,2.43,1,6.5,584.14
44464.54,25.31,13.44,2.48,1.04,4.15,583.7
44464.58,24.96,13.38,2.29,1.06,3.4,583.33
44464.62,25,13.17,1.99,1.12,4.67,583.17
44464.67,24.77,12.98,1.77,1.37,4.81,583.01
44464.71,24.49,12.86,1.39,1.58,4.99,582.92
44464.75,21.64,13.91,1.05,2.21,5.01,582.62
44464.79,21.61,13.07,0.9,2.5,5.31,583.33
44464.83,21.45,13.41,0.37,2.31,6.65,583.76
44464.88,21.13,14.04,0.15,2.67,8.09,584.17
44464.92,20.95,14.03,0.12,1.38,9.46,584.73
44464.96,18.78,14.01,0.7,1.28,9.14,584.86
44465,18.79,13.94,1.3,0.79,9.76,584.97
44465.04,18.16,13.97,1.5,0.59,9.62,584.64
44465.08,17.22,14.1,1.89,0.52,10,584.39
44465.12,17.26,14.05,1.79,0.47,9.7,584.13
44465.17,16.58,13.85,1.73,0.38,9.53,583.92
44465.21,16.38,13.63,1.77,0.4,9.6,583.97
44465.25,16.14,13.32,1.61,0.41,8.13,584.65
44465.29,15.9,13.19,1.69,0.42,6.9,584.64
44465.33,17.3,13.67,1.55,0.4,7.41,585.07
44465.38,18.05,14.41,1.37,0.6,8.27,585.34
44465.42,21.45,14.26,1.32,0.83,8.67,585.62
44465.46,21.86,14.05,1.55,0.97,8.58,585.58
44465.5,22.09,14.01,1.29,1.04,5.63,585.56
44465.54,23.88,13.15,0.96,1.24,4.33,585.11
44465.58,23.23,13.41,0.89,2.8,8.11,585.16
44465.62,22.46,14.06,1.19,3.04,9.36,584.93
44465.67,20.44,14.68,1,0.28,9.6,585.1
44465.71,19.16,15.43,1.16,0.16,9.76,585.03
44465.75,16.76,14.76,1.48,2.94,9.94,584.12
44465.79,17.09,15.01,0.85,0.45,10,585.45
44465.83,16.44,14.99,0.78,0.62,10,585.94
44465.88,16.89,15.24,1.02,0.15,10,586.31
44465.92,16.52,15.36,0.89,0.02,10,586.79
44465.96,14.61,14.16,0.92,0.02,10,586.82
44466,14.68,14.35,1.01,0.12,10,586.91
44466.04,14.69,14.25,0.82,0.38,10,586.86
44466.08,14.82,14.05,0.66,3.02,10,586.48
44466.12,14.84,14.11,0.56,3.02,10,586.18
44466.17,14.21,13.74,0.49,2.16,10,586.02
44466.21,14.14,13.82,0.51,1.6,9.99,585.86
44466.25,14.22,13.89,0.44,1.92,10,586.09
44466.29,14.4,14.08,0.4,2.75,10,586.2
44466.33,14.16,13.98,0.77,2.7,10,586.37
44466.38,13.8,13.48,0.87,2.32,10,586.65
44466.42,16.8,13.54,1,2.21,10,586.48
44466.46,16.91,13.63,1.4,1.89,8.98,586.4
44466.5,16.93,13,1.31,1.77,9.43,585.84
44466.54,19.97,13.89,1.36,1.82,9.82,585.26
44466.58,19.81,13.96,1.52,1.95,8.15,584.61
44466.62,19.34,14.55,1.59,2.07,8.53,583.75
44466.67,19.71,15.11,1.57,2.06,8.25,583.54
44466.71,18.23,15.04,1.25,2.08,9.22,583.23
44466.75,17.03,15.04,0.87,2.57,9.64,583.28
44466.79,16.98,15.17,0.81,0.09,9.64,583.71
44466.83,17.01,15.32,0.81,2.73,9.46,583.86
44466.88,16.96,15.36,0.77,2.85,9.52,584.07
44466.92,16.72,15.41,0.69,2.94,9.52,584.58
44466.96,15.01,14.79,0.62,2.93,9.52,584.8
44467,14.96,14.53,0.53,2.59,8.62,584.72
44467.04,14.72,14.47,0.33,2.51,10,584.72
44467.08,14.91,14.62,0.52,0.34,10,584.7
44467.12,14.95,14.59,0.56,0.45,10,584.61
44467.17,14.1,14.1,0.67,0.48,10,584.74
44467.21,14.47,14.34,0.77,0.44,10,584.71
44467.25,14.72,14.07,0.95,0.25,10,584.75
44467.29,14.59,14.07,0.9,0.41,10,585.4
44467.33,14.45,14.07,1.14,0.52,10,585.78
44467.38,13.47,13.44,1.26,0.33,10,586.29
44467.42,15.5,14.28,1.29,0.36,10,586.72
44467.46,14.73,13.86,1.36,0.37,10,586.95
44467.5,14.01,13.8,1.48,0.38,10,586.89
44467.54,15.33,14.23,1.16,0.18,10,586.71
44467.58,15.39,13.68,0.79,0.15,9.95,586.43
44467.62,15.88,13.86,0.47,3.1,9.78,586.03
44467.67,16.66,12.35,0.48,0.21,9.65,585.89
44467.71,17.05,11.63,0.7,3.02,7.72,585.59
44467.75,14.25,12.1,0.96,2.86,9.28,586.16
44467.79,14.91,12.29,0.65,1.74,8.19,585.9
44467.83,14.68,12.54,0.75,0.79,6.45,586.4
44467.88,14.15,12.28,0.84,3.1,5.48,586.71
44467.92,13.27,11.93,0.94,3,7.74,587.1
44467.96,11.06,10.26,1.11,3.06,7.37,587.14
44468,10.84,9.97,1.37,3.01,6.61,587.08
44468.04,10.29,9.35,1.38,2.92,6.11,586.87
44468.08,9.39,8.51,1.37,2.89,6.01,586.61
44468.12,8.93,7.93,1.01,2.96,9.78,586.33
44468.17,7.34,6.4,1.36,2.89,9.78,586.1
44468.21,7.51,6.06,1.39,2.81,9.77,586.07
44468.25,6.66,5.69,1.62,2.9,9.77,586.09
44468.29,7.1,5.65,1.85,2.94,9.72,586.11
44468.33,7.16,5.86,1.89,2.95,9.77,586.36
44468.38,8.97,7.85,1.6,3.01,9.78,586.46
44468.42,17.47,11.41,1.05,0.27,2.72,586.69
44468.46,19.25,9.53,1.02,1.57,0.08,586.54
44468.5,19.91,8.98,1.26,2.05,0,586.39
44468.54,23.27,7.32,1.37,2.31,0,585.82
44468.58,23.36,7.49,1.51,2.46,0,585.21
44468.62,23.14,7.81,1.66,2.53,0,584.75
44468.67,23.49,8.14,1.75,2.57,0,584.31
44468.71,23.14,8.67,1.66,2.8,0.3,583.96
44468.75,18.66,9.37,1.34,3.04,0.18,584.19
44468.79,19.55,7.68,1.28,0.05,0.22,584.21
44468.83,18.88,8.26,0.94,0.17,0.71,584.54
44468.88,18.36,8.6,0.92,1.06,2.51,585.04
44468.92,17.48,8.86,0.86,1.71,2.92,585.61
44468.96,13.7,8.74,0.64,2.12,2.39,585.98
44469,13.38,8.68,0.24,2.73,1.71,585.97
44469.04,13.15,8.55,0.4,2.73,1.5,585.83
44469.08,12.83,8.37,0.47,2.69,1.47,585.63
44469.12,12.42,8.15,0.54,2.57,1.84,585.4
44469.17,11.25,8.21,0.59,2.58,1.97,585.26
44469.21,11.15,8.06,0.55,2.7,2.53,585.13
44469.25,11.39,8.94,1.05,2.94,1.08,585.28
44469.29,11.68,8.68,1.26,3.01,0.8,585.11
44469.33,11.83,8.9,1.07,2.88,1.27,585.53
44469.38,13.42,9.44,0.54,2.82,0.51,585.71
44469.42,19.67,10.24,0.32,1.44,1.04,585.75
44469.46,20.2,10.94,0.78,1.96,0.36,585.8
44469.5,20.45,11.66,1.02,2.01,1.6,585.5
44469.54,24.1,11.83,1.19,2.09,1.52,584.86
44469.58,24.25,12.4,1.24,2.21,2.12,584.11
44469.62,24.39,12.7,1.19,2.38,3.08,583.8
44469.67,24.24,12.41,1.24,2.64,4.45,583.26
44469.71,23.91,12.67,1.38,0.1,6.64,583.27
44469.75,20.31,13.24,1.43,0.3,4.87,583.88
44469.79,20.04,13.42,1.28,0.1,6.43,583.92
44469.83,20.43,13.37,1.08,0.17,7.11,584.25
44469.88,20.02,13.71,1.11,0.57,4.68,584.76
44469.92,19.16,14.13,1.07,0.9,2.88,585.33
44469.96,16.2,13.66,0.73,1.15,4.43,585.53
44470,15.71,13.55,0.4,1.88,3.38,585.57
44470.04,15.05,13.29,0.24,2.37,3.23,585.43
44470.08,14.64,13.13,0.71,2.25,2.82,585.22
44470.12,14.49,12.94,0.59,2.46,3.14,585.13
44470.17,12.99,12.29,0.64,2.76,3.07,584.96
44470.21,13.2,12.56,0.83,3.12,4.46,584.92
44470.25,14.02,13.42,0.7,3.06,9.94,584.61
44470.29,13.68,12.98,0.95,3.06,9.46,584.67
44470.33,13.29,12.64,1.04,2.95,8.46,585.06
44470.38,13.73,13.25,0.53,2.93,7.58,585.31
44470.42,19.58,14.81,0.59,1.38,6.46,585.46
44470.46,20.45,14.61,0.86,1.71,5.29,585.44
44470.5,21.14,14.04,1.05,1.97,7.81,585.31
44470.54,24.75,13.49,1.27,1.92,5.31,584.53
44470.58,24.43,13.46,1.55,1.87,4.13,583.91
44470.62,24.72,13.3,1.54,2.08,4.09,583.23
44470.67,24.59,13.1,1.59,2.27,2.95,582.95
44470.71,24.14,13.42,1.51,2.83,3,582.74
44470.75,20.38,14.01,1.61,0.1,4.7,582.77
44470.79,18.98,15,1.99,0.18,6.52,583.26
44470.83,18.8,15.82,1.66,0.27,7.12,583.83
44470.88,18.82,16.17,1.39,0.39,8.14,584.67
44470.92,18.47,16.38,0.93,0.54,10,585.61
44470.96,16.65,16.17,0.69,3.01,10,585.52
44471,16.99,16.34,0.61,2.4,10,585.61
44471.04,17.05,16.4,0.5,1.61,10,585.47
44471.08,17.22,16.42,0.79,1.74,10,584.98
44471.12,17.42,16.45,0.69,0.94,10,584.78
44471.17,16.06,15.77,0.7,0.41,9.74,584.57
44471.21,15.92,15.61,0.98,0.35,8.94,584.24
44471.25,16.28,15.84,1.14,0.6,7.58,584.2
44471.29,15.87,15.31,1.4,0.5,7.09,584.11
44471.33,15.86,15.42,1.24,0.44,6.72,584.39
44471.38,16.4,15.5,1.22,0.78,2.62,584.43
44471.42,21.84,15.92,1.52,1.07,1.41,584.62
44471.46,22.37,15.01,1.74,1.12,4.15,584.38
44471.5,22.7,14.59,1.98,1.11,3.32,583.92
44471.54,25.58,13.49,2.25,1.15,3.37,583.31
44471.58,25.47,13.26,2.17,1.31,2.3,582.44
44471.62,25.78,13.05,2.08,1.43,1.28,581.94
44471.67,26.32,12.55,1.92,1.59,1.1,581.48
44471.71,26.37,12.43,1.67,1.83,1.4,581.22
44471.75,22.98,14.72,1.18,2.16,2.37,581.05
44471.79,23.83,12.35,0.88,2.14,2.9,581.37
44471.83,23.13,12.92,0.9,2.02,3.05,581.56
44471.88,22.74,13.2,0.83,1.84,2.75,582.08
44471.92,21.31,13.61,0.59,1.2,2.66,582.15
44471.96,18.84,13.52,0.9,0.93,2.11,582.14
44472,18.34,13.23,1.22,0.6,1.07,582.04
44472.04,18.05,13.26,1.28,0.33,0.8,582.06
44472.08,17.43,13.01,1.46,0.35,0.84,581.62
44472.12,17.25,13.14,1.7,0.43,0.53,581.61
44472.17,16.1,12.56,1.9,0.51,0.86,581.04
44472.21,16.02,12.53,1.98,0.47,0.41,581.1
44472.25,16.51,13.58,1.72,0.49,1.9,581.07
44472.29,15.93,13.19,1.78,0.33,0.88,581.28
44472.33,16.9,13.36,1.52,0.38,0.87,581.63
44472.38,17.79,14.13,1.59,0.78,1.83,581.95
44472.42,22.62,14.28,2.09,0.84,3.35,582.16
44472.46,22.97,13.94,2.26,0.91,4.08,582.04
44472.5,23.28,13.77,2.4,0.99,2.78,581.74
44472.54,25.93,12.94,2.58,0.98,5.02,581.2
44472.58,25.71,12.6,2.39,1.09,3.56,580.57
44472.62,25.59,12.4,2.29,1.15,4.68,580.09
44472.67,25.73,12.34,1.61,1.46,7.25,580.06
44472.71,25.49,12.37,1.12,1.55,5.36,580.16
44472.75,22.28,13.96,0.91,2.94,4.23,580.54
44472.79,22.53,12.97,1.09,0.43,5.05,580.92
44472.83,22.43,13.23,1.12,3.07,5.42,581.33
44472.88,22.07,13.64,0.39,2.11,5.34,581.87
44472.92,21.68,13.64,0.58,0.83,6.29,581.79
44472.96,19.69,13.95,0.67,1.32,6.66,582.19
44473,19.38,14.71,1.49,0.81,6.94,582.04
44473.04,19.2,14.2,1.59,0.64,4.99,581.78
44473.08,19.01,14.37,1.65,0.47,4.85,581.61
44473.12,18.84,14.1,1.7,0.38,5.23,581.54
44473.17,18.04,14.43,1.73,0.39,5.97,581.28
44473.21,18.13,14.61,1.69,0.3,4.78,581.42
44473.25,16.65,14,1.32,0.69,2.83,581.5
44473.29,16.41,14.22,1.15,0.43,2.19,582.32
44473.33,17.41,14.82,1.44,0.51,1.82,582.35
44473.38,19.08,16.16,1.31,0.78,1.33,582.67
44473.42,22.62,16.15,1.88,0.89,3.07,583.25
44473.46,22.75,15.43,1.87,0.95,4.32,583.36
44473.5,22.87,14.94,1.84,1.01,5.9,583.13
44473.54,23.67,14.51,1.56,1.11,6.13,582.76
44473.58,23.14,15.47,1.16,1.44,5.78,582.4
44473.62,22.71,16.02,1.19,2.15,5.96,582.33
44473.67,21.25,16.31,1.22,2.66,7.97,582.27
44473.71,19.59,15.81,1.01,0.12,8,582.42
44473.75,18.39,15.88,0.91,2.03,9.04,582.22
44473.79,17.91,16.54,0.65,3.01,8.68,582.9
44473.83,18.03,16.87,1.01,2.44,8.2,583.23
44473.88,17.89,16.72,0.72,0.2,8.16,583.87
44473.92,17.64,16.58,0.99,3.03,8.86,584.39
44473.96,16.07,15.82,0.87,3.07,9.7,584.79
44474,15.95,15.55,0.62,2.36,9.22,584.73
44474.04,15.69,15.28,0.45,2.14,7.84,584.39
44474.08,15.38,14.95,0.48,1.88,7.48,584.34
44474.12,14.99,14.51,0.64,1.53,6.82,584.12
44474.17,14.83,14.64,0.45,1.8,6.88,584.05
44474.21,15.06,14.78,0.51,1.68,7.6,584.07
44474.25,16.43,15.26,0.38,2.28,7.78,584.09
44474.29,16.41,15.22,0.68,0.89,7.54,584.55
44474.33,16.43,15.21,0.61,1.46,6.34,584.71
44474.38,16.51,15.13,0.72,1.62,5.56,585
44474.42,19.15,15.51,1.05,1.42,6.58,585.25
44474.46,19.06,15.4,1.2,1.54,6.5,585.11
44474.5,18.93,15.12,1.45,1.61,8.02,584.91
44474.54,20.51,15.26,1.4,2.18,9.7,584.46
44474.58,20.14,15.29,1.32,2.3,7.9,584.03
44474.62,20.04,15.16,1.34,2.36,7.18,583.51
44474.67,19.61,14.74,1.26,2.45,7.54,583.29
44474.71,18.85,15.21,1.33,2.88,7.06,583.3
44474.75,17.03,14.24,1.37,0.01,6.7,582.99
44474.79,16.38,14.85,1.07,0.14,7.42,583.52
44474.83,16.05,14.9,0.85,0.34,8.14,583.98
44474.88,15.93,14.86,1.14,0.28,8.08,584.56
44474.92,15.5,14.99,0.97,0.3,8.68,584.73
44474.96,14.43,14.43,0.78,0.33,9.46,585.13
44475,14.52,14.52,0.66,2.93,10,585.14
44475.04,14.53,14.49,0.54,1.92,10,584.84
44475.08,14.72,14.54,0.56,1.32,10,584.54
44475.12,14.96,14.56,0.42,1.54,10,584.32
44475.17,14.83,14.6,0.45,1.51,10,584.29
44475.21,15.02,14.62,0.5,1.12,10,583.96
44475.25,15.27,14.74,0.72,3.04,8.62,583.52
44475.29,14.96,14.59,0.68,0.22,10,584.21
44475.33,14.5,14.4,0.99,0.16,10,584.5
44475.38,14.06,14.06,1.11,0.15,10,584.96
44475.42,16.42,14.91,1.24,0.14,10,585.27
44475.46,16.04,15.08,1.46,0.1,10,585.38
44475.5,16.55,16.12,1.62,0.21,10,585.45
44475.54,16.59,16.2,1.85,0.23,10,584.96
44475.58,15.94,15.41,1.8,0.28,10,584.74
44475.62,15.01,14.57,1.79,0.39,10,584.36
44475.67,13.72,13.53,1.6,0.44,10,584.2
44475.71,13.79,13.28,1.67,0.5,10,584.11
44475.75,12.16,12.04,1.84,0.46,10,584.03
44475.79,12.13,11.94,1.62,0.46,10,584.15
44475.83,12.35,11.89,1.5,0.52,10,584.72
44475.88,12.24,11.47,1.25,0.59,10,585.52
44475.92,12.18,11.61,0.94,0.51,10,585.5
44475.96,11.72,11.72,0.65,0.61,10,585.65
44476,12.05,11.99,0.65,0.73,9.97,585.68
44476.04,12.11,11.98,0.78,0.7,9.96,585.47
44476.08,12.18,12.05,0.8,0.55,9.98,585.28
44476.12,12.16,11.96,0.9,0.54,9.95,585.05
44476.17,12.04,11.99,0.91,0.62,9.95,584.65
44476.21,12.1,11.98,0.83,0.57,9.95,584.73
44476.25,11.68,11.61,0.8,0.38,10,584.65
44476.29,11.72,11.52,0.81,0.31,10,584.75
44476.33,11.69,11.5,0.82,0.25,10,585.05
44476.38,12,11.71,1.06,0.51,9.57,585.38
44476.42,14.06,12.22,1.23,0.38,9.6,585.65
44476.46,14.66,12.8,1.42,0.29,9.97,585.49
44476.5,14.87,13.12,1.64,0.27,9.97,585.48
44476.54,14.8,12.64,1.61,0.17,9.97,585.15
44476.58,14.53,12.28,1.83,0.2,9.95,584.6
44476.62,14.23,11.75,1.89,0.22,9.95,584
44476.67,13.79,11.29,1.85,0.19,9.98,583.67
44476.71,13.95,11.27,1.8,0.3,9.74,583.76
44476.75,11.73,10.97,1.92,0.31,9.36,583.8
44476.79,12.18,10.75,1.27,0.33,10,584.43
44476.83,12.14,10.72,1.12,0.4,9.6,584.88
44476.88,12.54,10.83,0.99,0.39,9.37,584.9
44476.92,12.17,10.83,0.89,0.24,9.22,585.15
44476.96,11.37,10.57,0.7,3.13,9.31,585.31
44477,11.03,10.5,0.71,3.11,9.95,585.15
44477.04,10.85,10.16,0.31,2.89,9.52,585
44477.08,10.8,10.18,0.35,2.14,9.4,584.77
44477.12,10.85,10.18,0.44,1.57,9.15,584.39
44477.17,10.84,10.26,0.33,1.88,8.85,584.21
44477.21,11.25,10.39,0.34,2.52,8.91,584.03
44477.25,10.77,10.51,0.93,0.74,10,583.95
44477.29,10.64,10.53,0.39,0.39,9.68,584.19
44477.33,10.91,10.52,0.16,1.74,9.42,584.38
44477.38,11.58,10.83,0.14,1.15,9.74,584.64
44477.42,13.64,11.76,0.74,2.96,9.94,584.68
44477.46,13.57,11.96,1.09,2.71,9.62,584.62
44477.5,13.41,12.07,1.28,2.66,9.47,584.27
44477.54,15.51,12.57,1.28,2.56,8.68,583.78
44477.58,15.94,12.86,1.62,2.51,8.32,583.21
44477.62,16.81,13.21,1.72,2.61,9.16,582.86
44477.67,17.15,13.29,1.69,2.83,9.76,582.76
44477.71,16.49,13.3,1.6,3.06,10,582.83
44477.75,13.24,12.82,1.5,0.07,10,583.11
44477.79,13.12,12.67,1.37,0.32,10,583.07
44477.83,13.22,12.36,1.26,0.33,10,583.71
44477.88,13.2,12.46,1.28,0.34,10,584.25
44477.92,13.3,12.28,1.27,0.35,10,584.53
44477.96,12,12,1.25,0.43,10,584.89
44478,11.91,11.91,0.99,0.35,10,584.89
44478.04,11.93,11.93,1.03,0.27,10,585.01
44478.08,12.09,11.54,0.97,0.17,10,584.88
44478.12,11.96,11.76,0.79,0.23,10,584.73
44478.17,11.75,11.55,0.7,0.14,10,584.57
44478.21,11.84,11.68,0.65,2.87,10,584.63
44478.25,11.49,11.23,0.95,0.02,10,584.81
44478.29,11.51,11.27,1.1,0.48,10,585.08
44478.33,11.29,11.2,1.34,0.51,10,585.6
44478.38,10.9,10.89,1.32,0.54,10,585.92
44478.42,11.91,11.49,1.41,0.52,10,586.36
44478.46,11.74,11.5,1.38,0.47,10,586.52
44478.5,11.4,11.11,1.26,0.52,10,586.48
44478.54,13.58,11.97,1.27,0.43,10,586.21
44478.58,13.1,11.91,1.36,0.44,10,585.7
44478.62,12.89,11.78,1.4,0.46,10,585.55
44478.67,12.42,11.56,1.55,0.46,10,585.37
44478.71,12.23,11.3,1.62,0.48,10,585.55
44478.75,11,11,1.44,0.41,10,585.97
44478.79,11.4,11.1,1.3,0.4,10,586.29
44478.83,11.67,11.08,1.31,0.49,10,586.87
44478.88,11.81,11.1,1.36,0.62,10,587.1
44478.92,11.81,11.29,1.22,0.64,10,587.28
44478.96,10.91,10.7,1.14,0.6,10,587.78
44479,11.02,10.8,1,0.69,10,587.76
44479.04,11.05,10.97,0.84,0.7,10,587.57
44479.08,11.15,11.09,0.81,0.79,10,587.39
44479.12,11.34,11.21,0.83,0.74,10,587.04
44479.17,10.87,10.87,0.93,0.72,10,587.02
44479.21,11.1,11.1,1.02,0.72,10,587.1
44479.25,10.97,10.97,1.17,0.33,10,587.76
44479.29,11.08,11.08,1.08,0.52,10,587.23
44479.33,11.13,11.1,1.2,0.72,10,587.82
44479.38,11.16,11.12,1.41,0.76,10,588.2
44479.42,12.35,11.32,1.71,0.75,10,588.55
44479.46,12.14,11.08,1.87,0.62,10,588.7
44479.5,12.38,11.22,1.78,0.58,10,588.65
44479.54,12.12,10.9,1.81,0.55,10,588.1
44479.58,11.88,10.79,1.75,0.65,10,587.75
44479.62,11.58,11.06,1.62,0.63,10,587.48
44479.67,10.99,10.67,1.44,0.63,10,587.42
44479.71,10.89,10.52,1.38,0.66,10,587.45
44479.75,9.37,9.37,1.33,0.52,10,587.73
44479.79,9.58,9.54,1.36,0.44,10,587.54
44479.83,9.66,9.6,1.28,0.64,10,588.37
44479.88,9.6,9.43,1.43,0.57,10,588.65
44479.92,9.15,9.11,1.38,0.66,10,588.88
44479.96,8.55,8.54,1.44,0.72,10,589.07
44480,8.69,8.69,1.2,0.73,10,588.86
44480.04,8.57,8.57,0.98,0.82,10,588.52
44480.08,8.63,8.63,0.87,0.96,10,588.19
44480.12,8.63,8.63,0.82,0.95,10,587.95
44480.17,8.52,8.48,0.86,0.8,10,587.78
44480.21,8.4,8.39,0.78,0.61,10,587.32
44480.25,8.35,8.31,0.81,2.79,10,587.81
44480.29,8.41,8.39,0.56,3.08,10,587.59
44480.33,8.47,8.47,0.75,0.12,10,587.71
44480.38,8.54,8.53,0.86,2.96,10,588.09
44480.42,10.55,9.48,1.06,3.11,10,588.12
44480.46,10.62,9.64,1.11,0.1,10,588.25
44480.5,10.19,9.56,1.12,3.14,10,588
44480.54,12.42,9.96,1.04,2.89,10,587.26
44480.58,12.5,10.23,1.05,2.65,10,586.62
44480.62,13.38,10.57,1.22,2.61,10,585.87
44480.67,13.44,10.95,1.26,2.69,10,585.7
44480.71,12.91,11.02,1.25,2.74,10,585.6
44480.75,11.46,11.46,1.44,2.96,10,585.63
44480.79,11.16,11.16,1.32,3.03,10,585.76
44480.83,11.35,11.27,1.31,3.13,10,586.14
44480.88,10.95,10.95,1.13,0.08,10,586.51
44480.92,10.93,10.83,0.9,0.28,10,586.71
44480.96,10.33,10.33,0.78,0.29,10,587.05
44481,10.4,10.4,0.54,3.12,10,587.06
44481.04,10.56,10.56,0.56,2.54,10,586.95
44481.08,10.71,10.71,0.66,2.09,10,586.71
44481.12,10.77,10.77,0.66,1.84,10,586.39
44481.17,10.21,10.21,0.49,1.89,10,586.24
44481.21,10.22,10.22,0.3,2.75,10,586.12
44481.25,10.16,10.16,0.5,2.71,10,586.06
44481.29,10.14,10.14,0.44,2.98,10,586.2
44481.33,10.07,10.07,0.7,0.12,10,586.66
44481.38,10,10,0.99,0.03,10,586.82
44481.42,12.13,11.68,1.05,3.04,10,587.3
44481.46,12.43,12.33,1.17,2.91,10,587.2
44481.5,12.18,12.18,1.39,2.85,10,587.22
44481.54,13.11,12.54,1.56,2.82,10,586.76
44481.58,13.13,12.58,1.71,2.91,10,586.08
44481.62,13.35,12.73,1.8,3,10,585.95
44481.67,12.69,12.25,1.64,3.08,10,585.85
44481.71,12.24,11.84,1.51,3.13,10,586.01
44481.75,10.63,10.63,1.23,3.05,10,585.83
44481.79,10.58,10.58,0.95,0.23,10,586.11
44481.83,10.75,10.68,0.97,0.4,10,586.81
44481.88,11.02,10.57,1.09,0.45,10,587.28
44481.92,10.97,10.67,1.19,0.46,10,587.51
44481.96,10.1,10.1,1.06,0.36,10,587.93
44482,10.03,10.03,1.01,0.35,10,587.81
44482.04,10.02,9.83,0.87,0.38,10,587.96
44482.08,10.03,9.91,0.69,0.31,10,587.64
44482.12,10.13,9.87,0.83,0.28,10,587.54
44482.17,10.06,9.7,0.83,0.32,10,587.66
44482.21,10.14,9.77,0.67,0.54,10,587.33
44482.25,9.96,9.73,0.72,0.23,10,587.63
44482.29,9.97,9.73,0.95,0.63,10,587.82
44482.33,9.89,9.71,1.27,0.52,10,588.31
44482.38,9.75,9.75,1.41,0.44,10,588.61
44482.42,11.69,10.67,1.31,0.31,10,588.97
44482.46,12.01,10.78,1.19,0.16,10,588.84
44482.5,11.86,10.23,1.33,3.07,10,588.73
44482.54,14.12,10.94,1.33,3.12,10,588.32
44482.58,14.36,11.02,1.26,0.02,10,587.66
44482.62,14.79,11.09,1.31,3.11,10,587.24
44482.67,15.29,10.89,1.5,0.02,10,587.01
44482.71,15.22,10.67,1.69,0.01,10,586.92
44482.75,12.62,10.41,1.63,3.06,9.52,586.91
44482.79,12.3,10.55,1.22,3.14,10,586.93
44482.83,11.92,10.7,1.2,0.06,10,587.76
44482.88,11.82,10.8,1.27,0.38,10,588.33
44482.92,11.86,10.93,1.04,0.61,10,588.86
44482.96,10.73,10.51,0.98,0.86,10,588.92
44483,10.8,10.58,0.9,0.9,10,588.81
44483.04,10.66,10.52,0.82,0.8,10,588.62
44483.08,10.82,10.59,0.79,0.83,10,588.55
44483.12,11.01,10.68,0.77,0.91,10,588.15
44483.17,10.53,10.47,0.91,1.22,10,588.29
44483.21,10.57,10.36,0.95,1.18,10,588.04
44483.25,11.08,10.54,1.1,0.82,10,588.33
44483.29,11.03,10.59,1.31,0.72,10,588.5
44483.33,10.86,10.6,1.52,0.7,10,588.95
44483.38,10.77,10.53,1.54,0.69,10,589.6
44483.42,11.12,10.65,1.49,0.75,10,589.79
44483.46,11.76,10.97,1.42,0.74,10,589.69
44483.5,11.7,10.91,1.39,0.74,10,589.49
44483.54,11.79,10.82,1.39,0.68,10,588.94
44483.58,11.85,10.79,1.35,0.62,10,588.31
44483.62,11.97,11.01,1.28,0.69,10,587.84
44483.67,11.76,10.86,1.28,0.67,10,587.58
44483.71,11.78,10.81,1.4,0.43,10,587.7
44483.75,10.95,10.82,1.24,0.05,10,587.79
44483.79,10.96,10.97,1.24,0.35,10,587.87
44483.83,11.02,11.02,1.04,0.36,10,588.38
44483.88,11.19,11.19,1.14,0.66,10,588.71
44483.92,10.97,10.97,1.28,0.78,10,588.9
44483.96,10.36,10.36,1.45,0.74,10,588.97
44484,10.31,10.3,1.37,0.78,10,588.57
44484.04,10.09,10.09,1.18,0.78,10,588.55
44484.08,10.09,10.09,1.1,0.6,10,588.11
44484.12,9.85,9.85,1.01,0.53,10,587.98
44484.17,9.62,9.62,0.98,0.6,10,587.82
44484.21,9.66,9.66,1.13,0.61,10,587.75
44484.25,9.52,9.31,1.28,0.47,10,587.85
44484.29,9.64,9.38,1.26,0.57,10,588.18
44484.33,9.49,9.11,1.29,0.58,10,588.32
44484.38,9.28,9.28,1.35,0.54,10,589.03
44484.42,9.52,9.05,1.75,0.53,10,589.33
44484.46,9.05,8.95,1.67,0.52,10,589.36
44484.5,9.23,8.96,1.73,0.47,10,589.22
44484.54,10,9.2,1.67,0.48,10,588.77
44484.58,9.83,9.28,1.55,0.46,10,588.41
44484.62,9.62,9.18,1.41,0.38,10,587.98
44484.67,8.77,8.42,1.39,0.37,10,587.82
44484.71,8.81,8.57,1.46,0.49,10,587.98
44484.75,7.34,7.34,1.45,0.26,10,588.1
44484.79,7.13,7.13,1.51,0.47,10,588.53
44484.83,7.1,7.1,1.65,0.52,10,589.05
44484.88,7.11,6.95,1.52,0.52,10,589.54
44484.92,6.78,6.49,1.44,0.54,10,589.78
44484.96,6.13,6.13,1.38,0.53,10,590
44485,6.22,6.22,1.32,0.52,10,589.86
44485.04,6.12,6.12,1.25,0.6,10,589.84
44485.08,6.22,6.21,1.44,0.68,10,589.87
44485.12,6.13,6.1,1.4,0.64,10,589.83
44485.17,5.56,5.56,1.44,0.58,10,589.95
44485.21,5.59,5.59,1.45,0.61,10,590.14
44485.25,5.21,5.21,1.27,0.32,10,590.14
44485.29,5.15,5.16,1.35,0.44,10,590.35
44485.33,5.09,5.09,1.49,0.47,10,590.73
44485.38,4.99,4.99,1.47,0.45,10,591.45
44485.42,5.96,5.09,1.54,0.49,10,591.89
44485.46,6.53,4.74,1.57,0.57,10,592.2
44485.5,6.64,4.94,1.52,0.62,10,592.02
44485.54,7.09,5.22,1.52,0.62,10,591.67
44485.58,7.45,5.33,1.53,0.55,10,591.18
44485.62,7.3,5.5,1.32,0.45,10,590.94
44485.67,6.77,5.19,1.3,0.37,10,590.67
44485.71,6.6,5.37,1.2,0.33,10,590.74
44485.75,5.88,5.75,1.26,0.12,9.96,590.99
44485.79,5.89,5.72,1.38,0.36,9.99,591.04
44485.83,5.83,5.71,1.31,0.5,10,591.71
44485.88,5.9,5.57,1.39,0.64,10,592.27
44485.92,5.59,5.52,1.5,0.49,10,592.53
44485.96,4.88,4.79,1.27,0.39,10,592.67
44486,4.75,4.74,1.23,0.41,10,592.48
44486.04,4.72,4.71,0.88,0.23,10,592.15
44486.08,4.63,4.43,0.78,0.27,9.85,591.85
44486.12,4.72,4.58,0.51,0.28,9.81,591.38
44486.17,4.83,4.51,0.29,0.04,9.81,590.93
44486.21,4.85,4.46,0.19,2.37,9.96,590.43
44486.25,4.81,3.89,0.36,1.29,10,590.22
44486.29,5.09,3.95,0.3,0.93,10,589.64
44486.33,5.29,4.18,0.19,1.72,9.96,590.31
44486.38,5.45,4.46,0.61,2.26,9.92,590.21
44486.42,7.54,5.31,0.94,1.98,10,590.29
44486.46,7.9,5.48,0.88,1.75,10,590.02
44486.5,7.9,5.64,0.94,1.55,10,589.49
44486.54,10.11,6.47,1.22,1.51,10,588.68
44486.58,10.46,6.68,1.23,1.48,10,587.73
44486.62,10.56,6.75,1.21,1.68,10,587.02
44486.67,10.67,7.31,1.19,2.12,10,586.68
44486.71,10.25,7.26,1.18,2.72,10,586.51
44486.75,9.57,7.72,1.08,2.63,9.96,586.44
44486.79,8.95,7.56,0.94,3.13,9.57,586.28
44486.83,8.66,7.57,1.04,0.27,9.51,587.18
44486.88,8.41,7.61,1.04,0.14,10,587.47
44486.92,8.24,7.76,1.05,0.04,10,587.61
44486.96,7.28,7.28,1.09,0.14,10,587.76
44487,7.31,7.31,1.09,0.07,10,587.74
44487.04,7.47,7.47,1.03,3.02,10,587.52
44487.08,7.45,7.45,0.8,2.99,10,587.44
44487.12,7.56,7.56,0.7,2.54,10,587.06
44487.17,7.24,7.24,0.73,1.9,9.96,586.56
44487.21,7.49,7.46,0.8,1.51,10,586.39
44487.25,7.65,7.5,1.21,1.08,10,585.85
44487.29,8.03,7.69,0.79,1.19,10,585.71
44487.33,8.19,7.66,0.48,1.19,9.85,586.19
44487.38,7.73,7.58,0.38,2.19,9.96,586.41
44487.42,9.46,8.55,0.78,2.77,10,586.86
44487.46,9.36,8.42,0.97,2.5,10,586.93
44487.5,9.13,8.44,1.15,2.62,10,586.41
44487.54,11.54,9.39,1.33,2.76,10,586.16
44487.58,11.49,9.53,1.57,2.89,10,585.85
44487.62,11.37,9.64,1.57,2.96,10,585.56
44487.67,10.59,9.61,1.47,3.02,10,585.47
44487.71,10.28,9.58,1.35,3.09,10,585.54
44487.75,7.71,7.71,1,3.12,10,586.01
44487.79,7.92,7.75,0.99,0.06,9.96,586.25
44487.83,8.11,7.77,1.01,0.22,10,586.8
44487.88,8.32,7.9,1.03,0.38,10,587.21
44487.92,8.43,8.09,0.94,0.28,10,587.71
44487.96,8.04,8,0.71,0.1,10,587.52
44488,8.11,8.09,0.53,2.83,10,587.31
44488.04,8.17,8.17,0.72,2.2,10,587.07
44488.08,8.21,8.2,0.77,1.93,10,586.66
44488.12,8.46,8.33,0.8,1.73,10,586.37
44488.17,8.5,8.5,0.95,1.57,10,585.61
44488.21,8.54,8.54,0.87,1.61,10,585.24
44488.25,8.68,8.68,0.73,1.32,10,584.88
44488.29,8.68,8.68,0.66,2.57,10,585.05
44488.33,8.4,8.4,0.95,3.08,10,585.37
44488.38,7.97,7.97,1.25,3.06,10,585.72
44488.42,10.87,9.74,1.16,2.89,10,585.89
44488.46,10.75,9.96,1.15,2.36,10,585.7
44488.5,11.26,10.09,1.17,2.1,9.96,585.29
44488.54,13.5,11.09,1.54,1.85,10,584.59
44488.58,13.92,11.34,1.69,1.83,10,583.5
44488.62,14.18,11.38,1.57,2.08,9.85,583.13
44488.67,14.22,11.39,1.64,2.76,9.62,582.66
44488.71,13.72,11.12,1.46,2.87,9.7,582.89
44488.75,9.32,8.98,1.34,3.1,9.84,583.33
44488.79,9.12,8.84,1.67,0.3,10,583.45
44488.83,9.16,8.63,1.83,0.33,10,584.16
44488.88,9.02,8.32,1.75,0.26,9.96,584.7
44488.92,8.09,7.53,1.69,0.33,10,585.15
44488.96,6.64,6.65,1.35,0.28,10,585.05
44489,6.68,6.23,1.09,0.41,10,585.29
44489.04,6.5,6.32,1.04,0.38,10,585.27
44489.08,6.58,6.26,1.03,0.4,10,585.1
44489.12,6.6,6.24,1.03,0.43,10,584.78
44489.17,6.1,5.81,1.16,0.41,10,584.46
44489.21,6.06,5.75,1.23,0.37,10,584.78
44489.25,5.6,5.34,1.18,0.11,10,585.63
44489.29,5.6,5.46,1.1,0.29,10,585.71
44489.33,5.62,5.4,1.41,0.57,9.63,586.1
44489.38,5.36,5.14,1.32,0.47,9.67,586.77
44489.42,6.79,5.13,1.41,0.45,9.94,587.03
44489.46,6.97,4.69,1.62,0.35,10,587.11
44489.5,6.98,4.7,1.64,0.33,10,587.12
44489.54,7.33,4.63,1.71,0.34,10,586.71
44489.58,7.41,4.57,1.75,0.32,10,586.05
44489.62,7.26,4.6,1.74,0.34,10,585.8
44489.67,6.7,4.47,1.78,0.4,10,585.67
44489.71,6.38,4.79,1.86,0.48,10,585.97
44489.75,5.44,5.08,1.82,0.31,10,587.2
44489.79,5.65,5.29,1.59,0.41,10,587.05
44489.83,5.8,5.37,1.64,0.5,10,587.52
44489.88,5.9,5.34,1.49,0.55,10,587.84
44489.92,6.12,5.41,1.45,0.55,9.96,588.08
44489.96,5.07,4.86,1.42,0.66,10,588.46
44490,5.26,5.06,1.32,0.69,10,588.52
44490.04,5.45,5.11,1.45,0.74,10,588.2
44490.08,5.43,5.09,1.41,0.79,10,588.19
44490.12,5.62,5.17,1.29,0.7,10,587.87
44490.17,5.05,4.73,1.33,0.57,9.92,587.69
44490.21,4.93,4.66,1.25,0.52,10,587.43
44490.25,4.55,4.54,1.27,0.34,10,588.24
44490.29,4.61,4.54,1.12,0.25,10,587.75
44490.33,4.62,4.46,1.13,0.46,10,588.1
44490.38,4.52,4.33,1.32,0.62,10,588.67
44490.42,5.44,4.22,1.45,0.51,10,589.07
44490.46,5.74,4.24,1.57,0.43,10,589.04
44490.5,5.73,4.24,1.65,0.43,10,588.65
44490.54,6.11,5.3,1.51,0.26,10,588.42
44490.58,7.12,6.29,1.45,0.17,10,587.97
44490.62,6.01,5.28,1.51,0.24,9.81,587.51
44490.67,5.24,4.75,1.54,0.29,9.85,587.33
44490.71,5.01,4.33,1.52,0.32,10,587.21
44490.75,4.31,4.31,1.19,2.95,10,587.86
44490.79,4.13,4.12,1.06,0,10,587.58
44490.83,4.2,4.2,1.23,0.38,10,588.09
44490.88,4.26,4.26,1.31,0.51,10,588.23
44490.92,3.84,3.84,1.34,0.41,10,588.51
44490.96,3.3,3.3,1.28,0.44,10,588.75
44491,3.31,3.04,1.29,0.46,10,588.68
44491.04,3.43,3.14,1.34,0.5,10,588.6
44491.08,3.46,3.12,1.38,0.43,10,588.5
44491.12,3.58,3.04,1.32,0.41,10,588.27
44491.17,3.4,2.91,1.17,0.38,9.96,588.07
44491.21,3.4,2.93,1.21,0.43,9.96,588.22
44491.25,3.63,3.02,1.31,0.44,9.96,588.73
44491.29,3.62,3.08,1.07,0.47,10,588.68
44491.33,3.62,3.14,1.1,0.4,9.81,589.2
44491.38,3.98,3.19,1.1,0.41,9.77,589.65
44491.42,5.65,3.21,1.09,0.46,9.5,590.04
44491.46,5.69,3.36,0.71,0.39,10,590.08
44491.5,5.83,3.47,0.39,2.52,10,589.47
44491.54,7.64,3.81,0.7,1.96,10,589.07
44491.58,8.03,3.94,0.74,2.04,9.88,588.16
44491.62,8.23,4.05,0.69,2.49,10,587.75
44491.67,8.63,4.02,0.95,2.91,10,587.55
44491.71,8.48,4.05,1.22,3.12,10,587.41
44491.75,7.11,4.41,1.13,3.08,9.92,587.45
44491.79,6.66,4.47,0.73,3.1,9.46,587.4
44491.83,6.22,4.62,0.93,0.18,9.16,587.84
44491.88,6.09,4.94,1.08,0.31,10,588.22
44491.92,6.15,5.12,0.79,0.41,10,588.26
44491.96,5.65,5.23,0.84,0.32,10,588.52
44492,5.83,5.34,0.71,0.25,10,588.31
44492.04,6.03,5.41,0.55,0.04,10,587.88
44492.08,6.2,5.49,0.49,2.74,10,587.5
44492.12,6.4,5.56,0.45,2.49,10,587.16
44492.17,6.47,5.61,0.32,1.88,10,586.85
44492.21,6.52,5.6,0.29,1.93,10,586.73
44492.25,6.05,5.88,0.17,2.43,10,587.51
44492.29,6.15,5.92,0.87,0.47,10,587.47
44492.33,5.86,5.76,0.59,0.39,10,587.73
44492.38,5.81,5.6,0.27,0.32,10,588.1
44492.42,7.78,5.9,0.57,1.1,10,588.29
44492.46,7.92,6.11,0.76,1,10,588.11
44492.5,8.19,6.28,0.88,1.05,9.82,587.72
44492.54,10.73,7.03,0.76,1.12,10,587.11
44492.58,10.91,7.1,0.66,1.84,10,586.59
44492.62,10.78,7.3,1.45,2.83,10,586.27
44492.67,10.27,7.73,1.54,3.07,10,586.09
44492.71,9.72,7.68,1.52,0.06,10,586.39
44492.75,7.83,7.1,1.31,2.93,10,586.69
44492.79,7.76,7.36,1.39,0.15,10,587.17
44492.83,7.73,7.37,1.57,0.37,10,587.59
44492.88,7.67,7.34,1.47,0.52,10,588.5
44492.92,7.46,7.34,1.41,0.56,10,588.83
44492.96,6.77,6.77,1.17,0.55,10,589.23
44493,6.83,6.83,0.9,0.46,10,589.22
44493.04,6.28,6.28,0.99,0.45,10,589.17
44493.08,6.52,6.52,0.99,0.51,10,589.11
44493.12,6.4,6.4,1.07,0.5,10,589.08
44493.17,6.03,6.03,1,0.3,9.96,588.87
44493.21,6.1,6.11,0.97,0.35,10,588.76
44493.25,5.55,5.55,0.88,0.32,10,588.97
44493.29,5.44,5.44,0.82,0.36,10,588.95
44493.33,5.37,5.37,0.71,0.18,10,589.11
44493.38,5.31,5.3,0.7,2.5,10,589.42
44493.42,7.36,6.26,0.7,2.49,10,589.45
44493.46,7.52,6.19,0.83,2.52,10,589.22
44493.5,7.03,6.3,0.94,2.6,10,588.73
44493.54,8.63,6.65,1.08,2.8,10,588.11
44493.58,8.37,6.74,1.18,2.78,10,587.51
44493.62,8.22,6.85,1.35,2.74,10,586.98
44493.67,8.16,7.55,1.45,2.93,10,586.77
44493.71,8.44,7.69,1.4,0,10,586.79
44493.75,7.16,7.06,1.22,2.96,10,587.02
44493.79,7.42,7.35,1.2,3.14,10,587
44493.83,7.58,7.35,1.19,0.17,10,587.34
44493.88,7.58,7.32,1.16,0.46,10,587.35
44493.92,7.53,7.39,1.11,0.54,10,587.9
44493.96,6.79,6.79,1.06,0.49,10,588.05
44494,6.83,6.83,1.18,0.54,10,587.92
44494.04,6.69,6.69,0.99,0.41,10,587.93
44494.08,6.7,6.7,1.01,0.29,10,587.5
44494.12,6.97,6.89,0.96,0.26,10,587.24
44494.17,6.55,6.55,0.92,0.18,10,586.66
44494.21,6.57,6.57,0.78,0.03,10,586.3
44494.25,5.63,5.63,0.8,2.31,10,585.96
44494.29,5.72,5.72,0.65,2.15,10,586.05
44494.33,5.71,5.71,0.55,2.72,10,586.15
44494.38,5.57,5.57,0.59,2.75,10,586.48
44494.42,7.67,6.79,0.74,2.75,10,586.54
44494.46,7.9,7.02,0.78,2.59,10,586.45
44494.5,7.65,6.94,0.86,2.79,10,585.76
44494.54,9.66,7.75,1.05,2.79,10,585.31
44494.58,9.73,7.93,1.32,2.78,10,584.55
44494.62,9.06,7.99,1.44,2.9,10,584.09
44494.67,9.06,8.32,1.51,3.06,10,583.96
44494.71,8.64,7.9,1.49,0.03,10,583.83
44494.75,6.29,6.29,1.52,0.08,10,584
44494.79,6.69,6.68,1.42,0.44,10,583.96
44494.83,6.99,6.74,1.57,0.56,10,584.32
44494.88,6.93,6.66,1.26,0.56,10,584.72
44494.92,6.63,6.32,1.18,0.56,10,585.05
44494.96,5.37,5.37,1.07,0.54,10,585.04
44495,5.54,5.54,1.05,0.52,10,585.19
44495.04,5.43,5.43,1.12,0.57,10,585.09
44495.08,5.48,5.48,1.22,0.62,10,585.33
44495.12,5.62,5.55,1.26,0.6,10,585.45
44495.17,5.07,4.95,1.25,0.53,10,585.58
44495.21,5.09,5.01,1.39,0.47,10,585.56
44495.25,4.81,4.71,1.45,0.36,10,586.02
44495.29,4.87,4.85,1.4,0.4,10,586.31
44495.33,4.72,4.71,1.31,0.41,9.96,586.78
44495.38,4.48,3.95,1.27,0.39,9.7,587.43
44495.42,6.46,4.9,1.32,0.51,10,587.85
44495.46,6.21,4.99,1.35,0.53,10,588.05
44495.5,6.09,4.91,1.36,0.46,10,587.84
44495.54,7.08,5.31,1.31,0.41,10,587.4
44495.58,7.15,5.28,1.25,0.43,10,586.74
44495.62,6.97,5.27,1.23,0.37,10,586.31
44495.67,6.89,5.4,1.28,0.29,10,586.14
44495.71,6.86,5.48,1.3,0.22,10,586.31
44495.75,5.03,4.76,1.27,3.11,10,586.82
44495.79,5.56,5.35,1.22,0.3,10,587.01
44495.83,6.12,5.9,1.22,0.34,10,587.05
44495.88,6.36,6.09,1.15,0.43,10,587.36
44495.92,6.21,6.07,1.11,0.46,9.08,587.77
44495.96,5.64,5.64,1.09,0.43,8.98,587.87
44496,5.31,5.31,0.95,0.39,9.21,588
44496.04,5.37,5.37,0.78,0.37,9.77,587.87
44496.08,5.35,5.35,0.66,0.43,9.58,587.65
44496.12,5.52,5.49,0.53,0.31,9.96,587.35
44496.17,5.33,5.32,0.64,0.43,9.89,587.46
44496.21,5.34,5.34,0.69,0.49,9.58,587.14
44496.25,5.11,5.1,0.79,0.04,10,587.46
44496.29,5.18,5.18,0.92,0.17,10,587.56
44496.33,5.17,5.16,1.04,0.1,10,587.84
44496.38,4.91,4.83,0.93,2.86,10,588.1
44496.42,6.86,5.54,0.75,2.72,10,588.25
44496.46,6.78,5.62,0.63,2.75,10,588.22
44496.5,6.59,5.42,0.74,2.95,10,587.84
44496.54,8.39,5.97,0.92,3.02,10,587.25
44496.58,8.45,6.19,1.14,3.05,10,586.57
44496.62,8.39,6.35,1.36,3.04,10,586.15
44496.67,8.47,6.53,1.42,3.12,10,585.94
44496.71,8.38,6.59,1.4,3.14,10,586.17
44496.75,6.14,5.51,1.42,3.13,10,585.95
44496.79,6.57,5.74,1.33,0.16,10,586.28
44496.83,6.8,5.96,1.03,0.59,10,586.73
44496.88,6.66,5.87,1.26,0.49,10,586.92
44496.92,6.29,5.82,1.15,0.61,10,587.37
44496.96,5.43,5.42,1.15,0.58,10,587.65
44497,5.56,5.55,1.11,0.47,10,587.73
44497.04,5.57,5.55,1.05,0.45,10,587.61
44497.08,5.46,5.34,1,0.45,10,587.49
44497.12,5.56,5.21,0.98,0.58,10,587.2
44497.17,5.48,5.3,0.92,0.65,10,587.24
44497.21,5.54,5.28,1.01,0.64,10,586.95
44497.25,5.29,5.02,1,0.21,10,587.21
44497.29,5.54,4.86,1.05,0.33,10,587.64
44497.33,5.4,5.05,1.06,0.45,10,588.08
44497.38,5.35,4.57,1.1,0.47,10,588.28
44497.42,6.51,5.63,1.04,0.47,10,588.53
44497.46,6.62,5.59,0.96,0.43,10,588.43
44497.5,6.47,5.68,1.03,0.24,10,587.91
44497.54,8.53,6.39,1.13,3.05,10,587.57
44497.58,7.96,6.34,1.16,2.91,10,586.71
44497.62,7.84,6.38,1.2,2.97,10,586.2
44497.67,7.38,6.26,1.33,3.03,10,586.27
44497.71,7.54,6.61,1.45,0,10,586.21
44497.75,6.31,6.25,1.44,0.32,10,586.82
44497.79,6.79,6.66,1.61,0.36,10,586.87
44497.83,6.86,6.62,1.59,0.29,10,587.63
44497.88,6.93,6.61,1.5,0.47,10,587.95
44497.92,6.66,6.44,1.33,0.57,10,588.26
44497.96,6.07,6.02,1.16,0.7,10,588.32
44498,6.06,5.97,1.04,0.88,10,588.46
44498.04,6.1,6.08,0.98,0.96,10,588.19
44498.08,6.18,6.04,0.84,1.02,10,587.99
44498.12,6.14,6.03,0.78,1.02,9.99,588.08
44498.17,5.83,5.63,0.75,1.06,9.99,587.81
44498.21,5.94,5.59,0.84,0.99,10,587.84
44498.25,6.14,5.82,1.06,0.87,10,588.66
44498.29,6.26,5.79,0.7,0.37,10,588.62
44498.33,6.42,5.67,0.65,0.68,10,589.33
44498.38,5.93,5.01,1.11,0.76,10,589.84
44498.42,8.19,5.52,1.23,0.79,10,590.28
44498.46,7.99,5.85,1.23,0.63,10,590.16
44498.5,8.38,6.31,1.08,0.42,10,589.85
44498.54,10.27,7.05,0.87,0.17,10,589.27
44498.58,10.14,7.29,0.9,2.78,10,588.54
44498.62,10.26,7.35,1.21,2.64,10,588.08
44498.67,10.23,7.51,1.38,2.71,10,588.03
44498.71,10.23,7.64,1.38,2.8,9.95,587.78
44498.75,8.09,7.03,1.2,2.92,8.11,587.96
44498.79,8.13,6.99,1.21,0.02,7.73,587.98
44498.83,7.87,6.82,1.13,0.52,8.26,588.37
44498.88,8.11,7.02,1.14,0.43,10,588.55
44498.92,7.63,6.73,1.06,0.28,9.96,588.88
44498.96,6.95,6.47,0.61,0.02,9.96,588.9
44499,7.01,6.59,0.46,3.09,10,588.89
44499.04,6.68,6.36,0.26,2.54,10,588.58
44499.08,6.84,6.49,0.31,0.46,10,588.25
44499.12,6.91,6.49,0.33,0.3,10,587.99
44499.17,7.06,6.57,0.35,0.52,10,587.68
44499.21,7.03,6.41,0.37,0.41,10,587.61
44499.25,7.26,7.06,0.34,2.5,10,587.96
44499.29,7.33,7.14,0.43,2.31,10,587.71
44499.33,7.1,6.87,0.58,0.25,10,587.93
44499.38,6.87,6.61,0.86,3.04,10,588.21
44499.42,9.16,7.38,0.86,2.9,10,588.26
44499.46,9.18,7.31,0.99,2.83,10,587.98
44499.5,9.12,7.31,1.16,2.73,10,587.65
44499.54,11.15,8.19,1.29,2.81,10,586.85
44499.58,10.91,8.05,1.55,3.02,10,586.3
44499.62,10.61,8.27,1.61,3.03,10,585.75
44499.67,10.29,8.28,1.73,3.05,10,585.59
44499.71,9.99,8.65,1.73,0.04,10,585.4
44499.75,7.64,7.64,1.29,0.31,9.99,586.56
44499.79,7.74,7.63,1.48,0.21,9.97,586.55
44499.83,7.91,7.45,1.29,0.48,10,586.66
44499.88,7.98,7.44,1.42,0.56,10,586.85
44499.92,7.67,7.24,1.55,0.6,10,587.41
44499.96,6.58,6.58,1.4,0.67,10,587.81
44500,6.69,6.69,1.27,0.82,10,587.77
44500.04,6.5,6.49,1.22,0.98,10,587.61
44500.08,6.43,6.32,1.27,0.97,10,587.34
44500.12,6.48,6.25,1.21,1.07,10,587.28
44500.17,5.88,5.83,1.3,1.08,10,587.18
44500.21,5.94,5.89,1.34,0.93,10,587.38
44500.25,5.42,5.04,1.3,0.72,10,587.36
44500.29,5.64,4.77,1.17,0.76,10,587.9
44500.33,5.37,4.85,1.43,0.54,10,588.43
44500.38,4.95,4.79,1.55,0.53,10,588.64
44500.42,6.47,5.5,1.61,0.53,10,588.7
44500.46,6.26,4.81,1.46,0.5,10,588.66
44500.5,6.75,5.01,1.5,0.4,10,588.31
44500.54,7.77,5,1.52,0.33,10,587.68
44500.58,8.06,5.31,1.6,0.32,10,587.09
44500.62,7.56,5.32,1.63,0.28,10,586.53
44500.67,7.47,5.41,1.54,0.3,9.96,586.52
44500.71,6.88,5.15,1.44,0.29,9.85,586.43
44500.75,6.07,4.8,1.4,0.41,9.94,586.87
44500.79,6.47,4.91,1.47,0.26,10,586.89
44500.83,6.51,4.89,1.23,0.19,10,587.3
44500.88,6.65,4.86,1.16,0.34,10,587.47
44500.92,6.41,4.75,1.08,0.42,10,587.71
44500.96,5.55,4.52,1.22,0.71,10,587.98
44501,5.53,4.73,1.13,0.8,10,588.13
44501.04,5.16,4.94,0.88,0.72,10,587.92
44501.08,5.19,4.93,0.99,0.64,10,587.86
44501.12,5.26,4.9,1.02,0.59,10,587.44
44501.17,4.76,4.74,1,0.45,10,587.32
44501.21,4.71,4.71,0.95,0.4,10,587
44501.25,5.02,4.98,0.73,0.21,10,587.06
44501.29,5.05,4.81,0.72,0.11,10,587.34
44501.33,5.21,4.53,0.9,2.77,10,587.4
44501.38,4.76,4.38,1.07,2.88,10,587.77
44501.42,7.27,5.61,1.06,3.06,10,587.96
44501.46,7.07,5.21,0.93,2.93,10,587.8
44501.5,6.69,5.36,0.99,2.88,10,587.52
44501.54,8.77,6.54,1.17,2.77,10,586.72
44501.58,8.6,6.58,1.17,2.88,10,586.11
44501.62,8.86,6.54,1.27,3.06,10,585.53
44501.67,8.7,7.01,1.31,3.12,10,585.53
44501.71,8.43,7.27,1.54,0.21,10,585.6
44501.75,6.21,6.05,1.78,0.36,10,586.76
44501.79,6.44,5.96,1.8,0.35,10,586.58
44501.83,6.59,5.97,1.53,0.44,10,587.48
44501.88,6.47,5.61,1.59,0.54,10,587.72
44501.92,5.93,5.24,1.38,0.72,10,588.33
44501.96,4.76,4.75,1.34,0.66,10,588.73
44502,4.9,4.88,1.23,0.82,10,588.86
44502.04,4.7,4.7,1.16,0.81,10,588.74
44502.08,4.78,4.72,1.01,0.78,10,588.73
44502.12,5.06,4.76,0.9,0.77,10,588.37
44502.17,4.57,4.49,0.74,0.54,10,588.05
44502.21,4.7,4.57,0.55,0.25,10,587.71
44502.25,4.84,4.44,0.75,2.41,10,587.68
44502.29,5.08,4.42,0.79,2.14,9.99,587.94
44502.33,4.93,4.28,0.61,2.61,9.98,587.88
44502.38,4.82,4.19,0.81,2.57,10,588.22
44502.42,7.34,5.12,0.92,2.44,10,588.08
44502.46,7.29,5.24,1.01,2.39,10,588.04
44502.5,7.4,5.58,0.99,2.43,10,587.56
44502.54,9.72,6.23,0.99,2.52,10,586.85
44502.58,9.23,6.56,1.05,2.54,10,586.1
44502.62,9.02,6.8,1.14,2.67,10,585.45
44502.67,9.32,7.06,1.35,2.88,10,585.21
44502.71,9.1,7.18,1.42,2.95,10,585.03
44502.75,6.64,6.36,1.33,3.12,9.14,585.32
44502.79,6.59,6.45,1.01,0.33,10,585.39
44502.83,6.77,6.46,0.99,0.46,10,585.91
44502.88,6.44,6.03,1.07,0.55,10,586.28
44502.92,6.61,6.32,1.21,0.71,10,586.55
44502.96,5.53,5.53,1.02,0.69,10,586.77
44503,5.88,5.76,0.85,0.72,10,586.8
44503.04,5.94,5.87,0.75,0.59,10,586.62
44503.08,6.21,5.87,0.81,0.58,10,586.39
44503.12,6.15,5.99,0.82,0.59,10,586.1
44503.17,5.77,5.77,0.8,0.57,10,585.79
44503.21,5.89,5.89,0.82,0.44,10,585.79
44503.25,5.33,5.33,0.65,2.49,10,585.71
44503.29,5.64,5.25,0.84,2.73,10,585.56
44503.33,5.77,5.67,0.84,3.08,10,585.83
44503.38,5.34,5.12,0.84,3.05,10,586.4
44503.42,7.72,5.69,0.91,2.39,10,586.24
44503.46,7.97,5.93,1.02,2.17,10,586.17
44503.5,8.65,6.15,1.18,2.01,10,585.49
44503.54,11.23,6.81,1.37,1.81,10,584.64
44503.58,11.23,6.98,1.41,2.28,8.5,583.67
44503.62,10.82,7.15,1.48,2.66,7.12,583.04
44503.67,11.04,7.43,0.99,2.49,7.66,582.76
44503.71,10.72,7.63,1.48,3.01,7.84,582.62
44503.75,7.53,6.27,1.5,0.1,7.12,583
44503.79,6.87,6.55,1.15,0.29,9.52,583.27
44503.83,7.06,6.59,1.47,0.32,10,583.99
44503.88,7.06,6.49,1.18,0.37,10,584.25
44503.92,6.8,6.37,1.25,0.46,10,584.79
44503.96,5.38,5.37,1.04,0.5,10,584.87
44504,5.54,5.53,0.57,0.63,10,584.83
44504.04,5.5,5.45,0.51,0.85,10,584.42
44504.08,5.47,5.02,0.32,0.81,10,584.16
44504.12,5.42,5.41,0.16,1.22,10,583.89
44504.17,5.01,5,0.09,0.28,10,583.48
44504.21,4.88,4.88,0.49,0.51,10,583.17
44504.25,4.79,4.63,0.9,0.32,10,583.41
44504.29,4.98,4.93,1.12,0.18,9.77,582.67
44504.33,4.9,4.75,1.21,0.01,9.13,582.9
44504.38,4.88,4.19,1.2,0.17,9.43,583.04
44504.42,9.78,6.36,0.91,0.57,8.08,583.07
44504.46,11.13,7.2,1.07,1.04,4.6,583.04
44504.5,12.21,7.09,1.46,1.06,3,582.44
44504.54,15.53,5.79,1.88,1.07,3.39,581.61
44504.58,15.98,5.15,2.1,1.08,2.54,580.75
44504.62,15.83,5.74,1.9,1.14,0.63,580.08
44504.67,16.31,5.41,1.51,1.08,0.41,579.91
44504.71,15.81,5.7,1.19,1.31,0.23,580.24
44504.75,11.9,6.41,0.98,2.38,0.26,580.63
44504.79,13.07,4.7,1.37,0.11,0.68,580.42
44504.83,12.27,4.57,1.35,0.34,2.87,581.61
44504.88,11.44,4.55,1.07,0.41,4.36,581.79
44504.92,10.84,4.82,0.87,0.71,4.66,582.15
44504.96,8.46,4.52,0.25,0.92,5.08,582.34
44505,7.87,4.77,0.37,1.8,4.54,582.42
44505.04,7.14,4.98,0.37,2.3,4.3,582.17
44505.08,7,4.88,0.43,3.13,4,582.09
44505.12,7.07,5.16,0.65,3.02,4,581.91
44505.17,6.3,4.94,0.7,2.96,4,581.86
44505.21,6.54,5.09,0.79,2.88,4,581.52
44505.25,5.88,4.64,1.26,0.16,4,581.74
44505.29,5.59,4.2,1.56,0.1,4,581.66
44505.33,6.66,4.96,1.06,3.09,2.91,581.8
44505.38,6.75,4.52,0.9,3.1,4,582.5
44505.42,12.67,7.2,0.74,0.65,4,582.54
44505.46,13.51,5.96,1.04,0.65,3.36,582.49
44505.5,14.32,6.15,1.35,0.7,3.06,582.27
44505.54,17.98,5.42,1.52,0.86,0.24,581.53
44505.58,18.47,5.39,1.47,0.97,0.01,580.55
44505.62,18.9,5.31,1.43,1.02,0.16,580.05
44505.67,18.83,5,1.14,1.2,0.03,579.91
44505.71,18.28,4.93,0.81,1.46,0.07,579.96
44505.75,14.4,3.81,1.04,2.58,0.08,579.83
44505.79,13.89,3.92,0.78,2.95,0.24,580.51
44505.83,13.61,4.39,1.1,0.72,0.53,581.18
44505.88,13.12,4.95,1.27,0.77,3.19,581.56
44505.92,12.07,5.56,1.14,0.83,5.92,582.02
44505.96,9.18,5.57,0.81,0.96,7.06,582.3
44506,9.05,5.71,0.5,0.95,6.16,582.43
44506.04,8.34,5.76,0.4,1.05,5.32,582.17
44506.08,7.81,5.76,0.21,1.56,5.02,581.69
44506.12,7.54,6.03,0.07,2.17,4.78,581.62
44506.17,6.55,5.77,0.14,2.29,5.74,581.3
44506.21,6.63,5.91,0.11,2.19,6.1,581.34
44506.25,6.26,4.95,1,0.4,5.14,581.02
44506.29,6.48,5.41,0.85,0.03,4,581.24
44506.33,6.66,5.61,0.49,1.47,4,581.52
44506.38,6.53,5.34,0.82,0.79,4.18,582.05
44506.42,10.84,7.35,1.02,0.39,4.3,582.62
44506.46,10.6,7.45,1.25,0.18,4.18,582.72
44506.5,10.5,7.08,1.3,3.13,4.96,582.51
44506.54,12.75,7.72,1.23,2.97,8.74,582.02
44506.58,12.81,7.96,1.38,2.98,8.68,581.42
44506.62,12.35,8.8,1.59,3.02,7.57,581.2
44506.67,11.45,9.9,1.77,0.07,8.26,581.48
44506.71,11.37,10.22,1.81,0.26,9.96,581.99
44506.75,8.56,8.02,1.65,0.08,9.47,581.89
44506.79,9.2,9.12,1.66,0.09,10,582.34
44506.83,9.79,9.45,1.41,0.37,10,583.03
44506.88,10.3,9.8,1.63,0.38,10,583.67
44506.92,9.24,8.79,2.03,0.53,10,584.16
44506.96,5.51,5.23,2.41,0.71,10,584.88
44507,4.08,3.58,2.65,0.75,10,585.39
44507.04,2.5,1.65,2.64,0.72,10,585.84
44507.08,2.3,1.48,2.56,0.73,10,586.29
44507.12,2.26,1.19,2.46,0.72,10,587.14
44507.17,-0.01,-0.82,2.27,0.72,9.96,587.39
44507.21,-0.82,-1.67,2.02,0.7,10,587.67
44507.25,0.12,-0.63,2.04,0.63,9.65,586.97
44507.29,0.07,-0.9,2.26,0.69,9.89,587.71
44507.33,-0.15,-1.11,2.04,0.82,9.92,588.96
44507.38,-0.54,-1.95,2.19,0.76,9.77,589.71
44507.42,0.44,-2.81,2.33,0.72,9.75,590.28
44507.46,0.21,-3.44,2.31,0.6,9.84,590.54
44507.5,-0.06,-4.57,2.29,0.49,9.74,590.73
44507.54,0.45,-5.56,2.23,0.46,9.7,590.49
44507.58,0.76,-6.11,2.05,0.42,9.6,589.84
44507.62,1.11,-6.34,1.93,0.34,9.77,589.72
44507.67,0.45,-7.73,1.8,0.27,9.73,589.54
44507.71,0.38,-8.74,1.68,0.21,9.17,589.61
44507.75,-1.23,-8.1,1.89,3.12,8.62,589.58
44507.79,-0.75,-7.44,1.64,0.13,9.09,589.5
44507.83,-0.8,-6.86,1.39,0.14,8.62,590.4
44507.88,-0.56,-8.11,1.4,0.23,8.04,590.32
44507.92,-0.74,-6.18,1.4,0.37,7.81,590.65
44507.96,-1.2,-6.76,1.24,0.27,7.76,590.91
44508,-1.06,-8.88,1.06,0.18,8.59,590.93
44508.04,-1.27,-7.85,0.86,0.18,8.8,590.58
44508.08,-1.08,-8.1,0.56,0.2,9.35,590.21
44508.12,-0.83,-7.2,0.22,0.42,9.18,589.85
44508.17,-0.71,-7.27,0.17,1.08,8.6,589.2
44508.21,-0.66,-6.37,0.11,1.08,7.8,588.8
44508.25,-0.47,-6.05,0.6,0.75,7.42,588.73
44508.29,-0.18,-7.47,0.33,1.26,6.08,588.18
44508.33,-0.14,-5.75,0.19,2.29,6.02,588.67
44508.38,-0.09,-7.16,0.05,1.63,4.86,588.73
44508.42,3.34,-5.46,0.2,0.49,6.49,588.67
44508.46,4.09,-4.39,0.4,1.42,5.92,588.46
44508.5,4.21,-3.86,0.54,1.52,5.68,587.78
44508.54,7.6,-1.99,0.66,2.08,4.19,587
44508.58,7.85,-1.51,0.77,2,5.59,586.01
44508.62,8.32,-0.79,1.06,2.42,7.59,585.67
44508.67,8.9,0.17,1.35,2.74,8.3,585.42
44508.71,8.2,-0.24,1.68,0.01,8.89,585.57
44508.75,3.7,-1.81,1.3,0.11,6.66,585.5
44508.79,3.58,-1.59,1.59,0.41,5.79,586.04
44508.83,2.74,-1.45,1.13,0.44,4.89,586.93
44508.88,2.49,-1.58,1.18,0.47,7.81,587.01
44508.92,1.53,-1.53,1.06,0.49,8.28,587.75
44508.96,0.17,-1.79,1.15,0.4,9.06,588.1
44509,0.27,-1.59,0.95,0.36,8.47,587.94
44509.04,-0.08,-1.86,0.78,0.22,9.31,587.57
44509.08,-0.03,-1.59,0.69,0.12,9.42,587.22
44509.12,0.02,-1.72,0.44,0.38,9.39,586.89
44509.17,0.09,-1.52,0.58,0.61,8.66,586.63
44509.21,0.06,-1.44,0.76,0.51,8.08,586.7
44509.25,0.25,-1.07,0.13,0.99,9.23,586.91
44509.29,0.21,-1.12,0.95,0.41,9.53,586.96
44509.33,0.28,-1.18,1.31,0.49,9.03,587.34
44509.38,-0.2,-1.57,1.16,0.49,8.69,587.81
44509.42,1.64,-1,1.34,0.66,8.51,588.2
44509.46,1.63,-1.14,1.4,0.63,9.02,588.39
44509.5,1.55,-1.15,1.3,0.59,9.51,588.02
44509.54,3.52,-0.97,1.36,0.59,9.88,587.48
44509.58,3.09,-0.92,1.51,0.55,9.71,586.85
44509.62,3.12,-0.72,1.5,0.37,9.35,586.72
44509.67,3.16,-0.84,1.32,0.23,9.78,586.83
44509.71,3.53,-0.84,1.23,0.24,9.36,587.1
44509.75,1.15,-2.07,1.03,0.13,9.46,587.27
44509.79,1.44,-1.3,0.95,0.62,9.44,587.84
44509.83,2.08,-1.28,1.25,0.75,9.35,588.19
44509.88,2.28,-1.18,1.03,0.85,8.51,588.44
44509.92,2.5,-0.67,0.76,1.07,9.11,588.98
44509.96,1.96,-1.76,0.66,0.91,9.37,589.39
44510,2.47,-1.52,0.57,1.49,9.27,589.27
44510.04,2.23,-1.37,0.45,1.42,9.04,589.16
44510.08,2.44,-1.2,0.32,2.49,8.44,588.72
44510.12,2.57,-0.74,0.51,3,8.8,588.44
44510.17,2.29,-0.88,0.72,0.03,8.96,587.85
44510.21,2.54,-0.55,0.75,0.23,8.51,587.68
44510.25,1.95,-1.01,1.1,0.32,8.44,587.17
44510.29,2.16,-1.01,1.19,0.17,8.15,587.09
44510.33,2.11,-0.58,0.75,2.74,8.48,587.31
44510.38,2.12,-0.32,0.41,1.71,8.11,587.49
44510.42,7.07,1.46,0.77,0.44,7.5,587.47
44510.46,6.85,1.48,0.85,2.87,7.25,587.42
44510.5,6.79,1.24,0.94,2.24,8.49,586.94
44510.54,10.17,2.4,0.98,2.36,10,586.07
44510.58,10.19,2.31,1.03,2.65,10,585.24
44510.62,9.68,2.27,1.54,3.08,10,584.77
44510.67,9.28,2.6,1.67,0.03,10,584.82
44510.71,8.73,2.44,1.52,0.03,9.82,584.79
44510.75,5.31,0.79,1.49,0.3,8.79,584.6
44510.79,5.29,1.33,1.55,0.5,8.46,585.29
44510.83,5.32,1.67,1.3,0.44,7.91,585.84
44510.88,5.08,1.73,1.12,0.54,7.37,585.8
44510.92,4.46,1.33,1.16,0.45,6.72,586.6
44510.96,2.74,0.72,1.07,0.03,7.06,586.44
44511,2.6,0.6,0.79,2.91,8.08,586.28
44511.04,2.27,0.66,0.39,2.83,7.94,586.06
44511.08,2.54,0.78,0.12,1.39,8.63,585.86
44511.12,2.57,0.7,0.37,1.13,8.84,585.26
44511.17,2.52,1.01,0.5,0.98,7.94,585.06
44511.21,2.18,0.68,0.63,0.62,7.78,584.91
44511.25,2.55,0.94,0.33,1.99,9.7,584.65
44511.29,2.29,0.9,0.7,0.49,9.27,585.01
44511.33,2.3,0.89,1.15,0.43,10,585.12
44511.38,1.67,0.73,1.38,0.46,9.88,585.69
44511.42,3.54,2.12,1.55,0.44,9.28,586.06
44511.46,3.55,1.11,1.6,0.36,9.66,586.35
44511.5,3.14,0.99,1.7,0.33,9.64,586.18
44511.54,4.2,1.69,1.63,0.28,9.81,585.36
44511.58,3.65,1.57,1.48,0.29,9.43,585.08
44511.62,3.44,1.53,1.39,0.29,9.5,584.6
44511.67,3.84,1.56,1.37,0.34,9.16,585.01
44511.71,3.06,1.2,1.4,0.25,9.83,585.03
44511.75,1.5,0.23,1.37,0.23,9.12,585.05
44511.79,1.98,0.54,1.4,0.48,9.33,585.92
44511.83,2.03,0.69,1.71,0.45,9.3,586.88
44511.88,2.19,0.8,1.66,0.42,9.34,587.38
44511.92,1.84,0.72,1.43,0.42,8.83,587.91
44511.96,0.68,0.11,1.57,0.31,9.16,588.28
44512,0.86,0.35,1.33,0.31,8.68,588.48
44512.04,0.75,0.12,1.17,0.29,7.96,588.45
44512.08,0.77,0.37,1.06,0.28,8.13,588.42
44512.12,0.74,0.15,0.94,0.43,8.64,588.13
44512.17,0.03,-0.8,0.78,0.67,8.94,587.98
44512.21,0.26,-1.25,0.66,0.94,9.64,588.08
44512.25,-0.01,-2.09,0.63,0.21,9.94,588.59
44512.29,0.19,-1.73,0.69,0.16,9.77,588.25
44512.33,-0.04,-1.91,0.74,0.26,9.81,588.28
44512.38,-0.41,-2.32,0.82,0.53,9.45,588.75
44512.42,0.85,-1.58,0.88,0.36,9.74,588.76
44512.46,1.09,-1.7,0.9,0.3,8.92,588.97
44512.5,0.76,-1.82,1.03,0.37,9.02,588.37
44512.54,2.71,-1.98,1,0.43,9.62,587.55
44512.58,2.78,-1.35,0.87,0.31,9.82,586.72
44512.62,2.94,-1.58,0.86,0.21,9.82,586.22
44512.67,3.22,-1.35,0.98,0.18,9.28,586.06
44512.71,3.33,-0.76,1.1,0.1,9.2,586.27
44512.75,1.8,-2.28,0.67,3.1,7.66,586.88
44512.79,2.15,-1.7,0.58,0.49,8.23,586.99
44512.83,2.17,-1.09,0.83,0.39,9.82,587.47
44512.88,2.29,-1.15,0.99,0.72,9.72,587.96
44512.92,2.56,-1.09,0.89,0.75,9.38,588.61
44512.96,2.04,-1.4,0.47,0.61,8.95,588.64
44513,2.15,-1.25,0.07,1.35,8.96,588.64
44513.04,2.17,-1.32,0.39,2.96,8.79,588.37
44513.08,2.54,-1.32,0.47,3.1,8.78,588.07
44513.12,2.51,-0.96,0.48,3.13,9.28,587.58
44513.17,2.23,-1.09,0.7,0.02,8.82,587.08
44513.21,2.45,-1.12,0.86,0.03,9.23,587.07
44513.25,1.34,-0.74,1.19,0.38,9.32,586.89
44513.29,1.54,-0.79,1.07,0.21,9.9,586.35
44513.33,1.51,-0.54,0.5,2.98,10,586.87
44513.38,1.76,0.39,0.32,2.39,9.88,586.88
44513.42,4.7,1.77,0.32,1.03,9.96,587.33
44513.46,4.36,1.21,0.6,0.48,9.55,587.43
44513.5,3.96,0.84,0.78,0.28,7.76,586.83
44513.54,6.77,2.63,0.83,0.18,10,585.83
44513.58,7.59,2.02,0.99,0.16,10,585.15
44513.62,5.26,1.92,1.25,0.1,10,584.77
44513.67,5.86,2.29,1.36,0.04,10,584.78
44513.71,6.55,2.35,1.37,0.1,10,584.83
44513.75,4.4,1.22,0.78,0.5,9.92,585.27
44513.79,4.52,1.66,1,0.39,9.52,585.67
44513.83,4.55,1.55,1.23,0.42,9.33,586.37
44513.88,4.43,1.86,1.29,0.35,8.55,586.54
44513.92,3.69,1.87,1.24,0.59,9.08,586.92
44513.96,3.05,1.63,1.06,0.63,9.29,587.46
44514,2.72,1.45,0.77,0.44,9.09,587.23
44514.04,2.49,1.46,0.27,0.3,9.01,586.89
44514.08,2.79,1.77,0.21,0.24,9.14,586.31
44514.12,3.1,1.76,0.43,0.09,9.09,585.91
44514.17,2.98,2.06,0.36,3.13,9.52,585.74
44514.21,3.11,1.84,0.29,2.86,9.87,585.53
44514.25,3.34,2.44,0.71,0.14,9.54,585.31
44514.29,3.27,2.47,0.19,0.22,9.55,585.09
44514.33,3.22,2.47,0.33,1.6,9.7,585.59
44514.38,3.2,1.95,0.41,0.73,9.1,585.85
44514.42,6.05,3.88,0.54,2.32,8.8,585.71
44514.46,6.09,3.74,0.78,1.49,9.52,585.61
44514.5,6.32,3.75,0.86,1.09,10,584.97
44514.54,9.26,4.63,0.94,1.15,10,584.15
44514.58,9.08,4.61,0.97,1.36,10,583.31
44514.62,8.92,4.67,1.09,2.47,9.78,582.82
44514.67,8.26,5.09,1.26,2.94,9.74,582.86
44514.71,7.73,5.02,1.56,0.18,9.82,583.23
44514.75,5.32,4.04,1.35,0.39,9.28,583.47
44514.79,4.86,4.12,1.4,0.4,10,584.08
44514.83,4.45,3.9,1.37,0.44,10,585.09
44514.88,4.47,3.52,1.27,0.5,10,585.48
44514.92,3.72,3.04,1.35,0.52,10,586.12
44514.96,3,2.71,1.39,0.53,10,586.14
44515,3.11,2.67,1.14,0.45,10,586.19
44515.04,3.1,2.61,0.99,0.3,10,585.77
44515.08,3.3,2.7,0.76,0.2,10,585.54
44515.12,3.56,2.91,0.7,0.17,10,585.19
44515.17,2.96,2.77,0.6,0.12,10,584.85
44515.21,3.09,2.87,0.51,0.37,10,584.63
44515.25,2.68,2.41,0.74,2.63,10,584.68
44515.29,2.85,2.47,0.58,2.7,10,584.38
44515.33,2.69,2.48,0.6,2.53,10,584.62
44515.38,2.36,2.04,0.62,2.93,10,584.61
44515.42,4.17,3.04,0.74,3.04,10,584.64
44515.46,3.74,3.06,0.78,2.99,10,584.55
44515.5,3.78,3.26,0.92,3.01,10,583.97
44515.54,6.26,4.68,1.21,3.04,10,583.36
44515.58,5.7,4.84,1.4,0.01,10,582.54
44515.62,5.31,4.8,1.41,3.14,10,582.13
44515.67,4.97,4.69,1.38,0.07,10,581.99
44515.71,4.77,4.35,1.44,0.13,10,582.17
44515.75,2.14,2.14,1.69,0.5,9.97,582.88
44515.79,2.88,2.46,1.71,0.51,9.98,583.17
44515.83,2.84,2.58,1.65,0.54,9.99,583.66
44515.88,2.64,2.4,1.77,0.52,9.98,584.59
44515.92,2.23,2.03,1.55,0.48,9.98,584.85
44515.96,0.76,0.75,1.31,0.52,9.93,585.01
44516,0.72,0.71,1.14,0.51,9.83,585.07
44516.04,0.2,0.2,1.01,0.45,9.72,584.83
44516.08,0.16,0.02,1.06,0.57,9.57,584.57
44516.12,0.07,-0.27,1,0.74,9.56,584.58
44516.17,0.03,-0.48,0.69,0.82,9.07,584.35
44516.21,-0.06,-0.54,0.74,0.67,8.88,584.36
44516.25,-0.04,-0.91,0.29,1.54,7.8,584.03
44516.29,0.05,-0.67,0.7,0.33,8.38,584.4
44516.33,0.02,-0.65,0.74,0.32,7.78,584.91
44516.38,0.16,-1.03,0.86,0.35,7.24,585.64
44516.42,2.87,0.09,0.8,0.45,7.2,586
44516.46,3,0.4,0.86,0,7.55,586.06
44516.5,3.36,0.34,0.96,3,7.43,585.61
44516.54,5.39,0.76,1.01,2.96,7.81,585.02
44516.58,5.43,1.16,1.28,3.06,7.89,584.38
44516.62,5.31,1.23,1.64,0.04,8.26,584
44516.67,4.97,1.11,1.76,0.13,8.94,584.01
44516.71,4.57,0.84,1.76,0.21,9.43,584.31
44516.75,2.09,-0.89,1.76,0.33,9.76,585
44516.79,2.45,-0.75,1.66,0.43,8.94,585.45
44516.83,2.33,-0.84,1.74,0.49,8.17,586.38
44516.88,2.3,-0.81,1.27,0.46,7.61,587.16
44516.92,1.51,-0.83,1.32,0.58,8.32,587.49
44516.96,0.36,-1.36,1.16,0.65,7.77,587.96
44517,0.8,-1.16,1.05,0.72,8.39,588.01
44517.04,0.63,-1.2,0.93,0.84,7.96,587.88
44517.08,0.59,-1.26,0.92,1.06,8.45,588.06
44517.12,0.96,-0.78,0.87,1.27,8.99,588.22
44517.17,0.92,-1.11,0.84,1.43,9.46,588.04
44517.21,1.22,-1.09,0.55,1.82,9.38,587.97
44517.25,1.61,-0.77,0.59,1.33,9.28,588
44517.29,2.05,-0.49,0.66,1.53,9.26,588.15
44517.33,2.6,-0.38,0.45,1.8,8.67,588.58
44517.38,2.39,0.06,0.4,2.39,8.43,589.01
44517.42,6.08,1.46,0.62,1.24,7.29,589.16
44517.46,5.91,1.3,1.12,0.91,7.54,589.2
44517.5,6.12,1.22,0.95,0.67,7.29,588.96
44517.54,9.07,1.85,0.84,0.28,8.37,588.11
44517.58,9.57,1.86,1.1,0.08,7.04,587.28
44517.62,9.56,1.9,1.1,0.1,8.38,586.83
44517.67,9.83,2.46,1.55,0.09,9.77,586.5
44517.71,9.76,2.49,1.56,0.13,9.76,586.6
44517.75,5.99,2.42,1.31,0.23,9.85,586.55
44517.79,6,2.42,1.65,0.25,8.8,586.87
44517.83,6.31,2.37,1.35,0.29,8.78,587.45
44517.88,6.02,2.51,0.93,0.38,8.11,587.69
44517.92,5.29,2.52,0.44,3.11,8.67,587.76
44517.96,3.12,1.7,0.42,0.58,8.38,587.79
44518,2.75,1.44,0.85,0.15,8.62,587.47
44518.04,2.28,1.13,1.12,0.08,7.13,587.13
44518.08,2.53,1.18,1.25,0.1,5.49,586.64
44518.12,2.32,0.94,1.41,0.07,4.03,586.23
44518.17,1.11,0.04,1.55,0.06,2.1,585.61
44518.21,0.91,-0.28,1.73,0.06,0.72,585.21
44518.25,1.22,0.21,2.19,0.06,6.42,584.76
44518.29,1.01,0.06,2.41,3.12,6.42,584.62
44518.33,1.13,0.36,1.4,0.01,6.8,584.43
44518.38,2.21,1.24,2.24,3.13,6.49,584.34
44518.42,7.93,4.69,1.86,0.09,6.1,584.11
44518.46,9.32,4.65,1.68,0.31,0.66,583.99
44518.5,10.29,4.68,1.87,0.53,1.25,583.34
44518.54,14.73,5.07,2.13,0.65,1.38,582.2
44518.58,15.19,5.08,1.97,0.68,0.87,581.23
44518.62,15.43,5.13,1.69,0.76,0.7,580.35
44518.67,15.8,5.24,1.21,0.96,0.47,579.93
44518.71,15.02,5.91,0.42,1.75,0.54,579.75
44518.75,12.56,5.14,0.22,0.92,0.72,579.44
44518.79,11.54,5.33,0.65,1.05,2.61,580.2
44518.83,10.76,5.56,0.48,0.82,3.62,580.87
44518.88,10.34,5.77,0.77,1.14,4,581.55
44518.92,9.77,5.78,0.47,1.33,4.12,582.15
44518.96,6.92,5.16,0.19,2.09,4,582.04
44519,6.4,5.05,0.32,2.68,4,581.78
44519.04,6.11,4.95,0.47,2.26,4,581.73
44519.08,5.99,4.99,0.52,2.41,4,581.51
44519.12,5.29,4.45,0.5,2.33,4,581.28
44519.17,4.4,4.03,0.57,2.05,4,581.14
44519.21,4.09,3.7,0.59,1.66,4.3,581.25
44519.25,4.48,3.77,0.32,0.77,4.06,581.28
44519.29,4.7,3.86,0.29,1.47,9.7,581.6
44519.33,4.35,3.6,0.86,2.95,9.41,582.01
44519.38,4.71,3.8,0.86,2.8,9.06,582.24
44519.42,8.41,5.73,0.5,2.5,8.26,582.66
44519.46,9.24,6.09,0.07,2.18,2.38,582.61
44519.5,9.93,6.47,0.65,2.26,2.22,581.93
44519.54,14.04,7.01,1.08,2.42,3.31,580.92
44519.58,13.97,6.82,1.12,2,6.23,580.07
44519.62,13.83,6.83,1.29,1.97,7.39,579.31
44519.67,13.14,7.52,1.34,2.3,8.55,578.96
44519.71,12.12,7.76,1.39,3.01,3.86,578.97
44519.75,9.34,6.38,1.27,3.1,2.75,578.79
44519.79,9.53,6.31,1.11,0.52,4.15,579.16
44519.83,9.38,6.73,1.61,0.42,4.84,579.9
44519.88,8.85,6.98,1.69,0.47,6.4,580.4
44519.92,8.09,6.86,1.67,0.43,8.14,580.88
44519.96,5.83,5.7,1.15,0.53,10,581.35
44520,5.56,5.56,0.98,0.47,10,581.32
44520.04,5.13,5.12,1.02,0.38,10,581.41
44520.08,4.52,4.47,0.81,0.63,10,581.03
44520.12,4.49,4.35,0.5,0.49,10,581.04
44520.17,3.88,3.88,0.31,0.45,10,580.68
44520.21,3.75,3.73,0.24,1.05,10,580.67
44520.25,3.13,3.13,0.4,0.23,10,580.33
44520.29,3.07,3.07,0.61,1.85,10,580.35
44520.33,3.17,3.17,0.66,1.65,10,580.94
44520.38,3.25,3.25,0.71,1.55,10,581.76
44520.42,5.38,4.37,0.79,1.1,10,582.12
44520.46,5.73,4.75,1.04,0.27,10,582.59
44520.5,5.61,4.27,1.17,3.11,10,582.02
44520.54,8.58,5.41,1.42,0.06,10,581.66
44520.58,8.31,5.55,1.78,0.1,10,581.4
44520.62,7.64,5.8,1.96,0.06,10,581.45
44520.67,6.69,5.6,1.79,0.11,10,581.82
44520.71,6.46,5.01,1.92,0.28,10,582.17
44520.75,3.97,3.53,1.45,0.18,10,582.43
44520.79,4.41,3.55,1.64,0.39,10,582.91
44520.83,4.92,3.74,1.55,0.48,10,584.16
44520.88,5.27,4.25,1.59,0.59,10,584.74
44520.92,4.97,4.07,1.43,0.63,10,585.34
44520.96,3.58,3.36,1.39,0.62,10,585.7
44521,3.61,3.31,1.29,0.63,10,585.73
44521.04,3.53,3.1,1.18,0.65,10,585.52
44521.08,3.29,2.84,1.09,0.63,10,585.31
44521.12,3.48,2.8,1.09,0.63,10,585.06
44521.17,3.06,2.66,1.16,0.64,10,585.15
44521.21,3.23,2.76,1.27,0.58,10,585.04
44521.25,3.39,2.58,1.37,0.33,10,585.38
44521.29,3.45,2.68,1.47,0.36,10,585.38
44521.33,3.57,2.79,1.46,0.49,10,585.4
44521.38,3.35,2.58,1.46,0.45,9.94,586.05
44521.42,4.48,3.35,1.53,0.44,9.94,586.33
44521.46,3.97,3.21,1.52,0.47,9.88,586.7
44521.5,3.77,3.19,1.66,0.52,10,586.53
44521.54,3.61,2.87,1.94,0.57,10,586.21
44521.58,3.27,2.58,2.09,0.58,9.82,585.77
44521.62,2.86,2.1,1.97,0.62,9.82,585.68
44521.67,1.79,1.18,2.03,0.63,10,585.96
44521.71,1.57,0.88,2.02,0.69,9.94,586.36
44521.75,0.28,-0.14,2.05,0.64,9.4,587.72
44521.79,0.31,-0.4,1.95,0.68,9.52,587.41
44521.83,0.32,-0.57,1.6,0.81,10,588.2
44521.88,0.29,-0.66,1.34,0.89,10,588.58
44521.92,0.15,-0.79,1.5,0.94,10,589.16
44521.96,-0.71,-1.7,1.64,0.97,10,589.47
44522,-0.45,-1.6,1.6,0.99,9.94,589.69
44522.04,-0.41,-1.52,1.73,0.98,10,589.72
44522.08,-0.41,-1.35,1.6,0.99,10,589.62
44522.12,-0.35,-1.23,1.48,0.97,10,589.34
44522.17,-0.97,-1.62,1.35,1.03,10,589.13
44522.21,-0.94,-1.57,1.24,1.14,9.94,588.77
44522.25,-1.3,-1.63,0.85,0.96,10,588.78
44522.29,-1.61,-1.94,0.78,1,9.82,588.16
44522.33,-1.39,-1.74,0.88,0.79,9.7,588.42
44522.38,-1.62,-2.64,0.98,0.81,9.82,588.39
44522.42,-0.5,-2.02,1.06,0.85,9.53,588.69
44522.46,-0.73,-1.74,1.01,0.65,9.72,588.59
44522.5,-1.15,-1.92,1.11,0.5,9.02,588
44522.54,-0.36,-1.12,1.25,0.51,9.34,587.16
44522.58,-0.62,-1.01,1.3,0.55,9.23,586.53
44522.62,-0.54,-1.01,1.37,0.63,9.51,585.81
44522.67,-0.82,-1.09,1.32,0.63,9.74,585.61
44522.71,-0.75,-1.09,1.22,0.62,9.56,585.56
44522.75,-0.98,-0.98,0.91,0.83,10,585.95
44522.79,-1.05,-1.05,1.17,0.95,9.44,585.76
44522.83,-0.88,-0.88,1.04,1.04,9.42,586.38
44522.88,-0.99,-0.99,1.03,1.05,9.52,586.39
44522.92,-0.67,-0.71,1.09,1.02,9.64,586.95
44522.96,-0.74,-0.87,1.14,0.89,9.7,587.12
44523,-0.76,-1.08,1.26,0.95,9.88,587.23
44523.04,-1.07,-1.26,1.08,0.95,9.7,587.45
44523.08,-1.16,-1.42,1.09,0.99,9.88,587.45
44523.12,-1.13,-1.4,0.98,1.08,9.56,587.43
44523.17,-1.7,-1.98,0.71,1.36,8.93,587.35
44523.21,-1.38,-1.93,0.37,2.1,9.5,587.26
44523.25,-1.99,-2.29,0.53,0.18,9.6,587.22
44523.29,-1.67,-2.16,0.73,2.93,9.74,587.07
44523.33,-1.83,-2.39,0.65,2.86,9.83,587.12
44523.38,-1.64,-2.15,0.64,3.05,9.19,587.81
44523.42,-0.4,-1.65,0.3,2.7,9.56,588.01
44523.46,-0.14,-1.16,0.32,1.67,9.65,588.43
44523.5,-0.56,-1.19,0.65,1.27,9.36,587.96
44523.54,1.16,-0.4,0.86,0.93,8.43,587.22
44523.58,1.26,-0.44,1.03,0.68,7.96,586.79
44523.62,1.19,-0.36,1.13,0.62,6.86,586.33
44523.67,1.09,-0.48,1.11,0.68,9.46,586.31
44523.71,1.61,-0.09,1.17,0.58,9.58,586.27
44523.75,0.24,-0.41,1.09,0.66,9.84,586.67
44523.79,0.49,0.01,0.8,0.72,9.88,587.12
44523.83,0.44,-0.12,0.57,1.09,9.64,587.38
44523.88,0.71,0.2,0.65,1.29,9.74,587.56
44523.92,0.54,0.07,0.31,1.6,9.4,587.94
44523.96,-0.77,-1,0.48,1.97,9.35,587.94
44524,-1,-1.26,0.57,2.15,9.29,588.06
44524.04,-1.15,-1.49,0.39,2.35,8.32,588
44524.08,-1.01,-1.57,0.61,2.53,8.43,587.62
44524.12,-0.98,-1.7,0.67,2.75,8.71,587.29
44524.17,-1.62,-2.14,0.74,2.72,9.1,587.01
44524.21,-1.31,-2.12,0.86,2.62,9.36,586.93
44524.25,-1.83,-2.17,1.29,2.74,9.96,587.12
44524.29,-2.25,-2.33,0.95,2.92,9.94,587.23
44524.33,-2.58,-2.72,0.92,2.91,9.49,586.97
44524.38,-1.95,-2.03,1.2,2.87,8.82,587.17
44524.42,2.71,1.14,0.87,2.73,0.55,587.46
44524.46,2.85,0.82,0.51,2.37,0.81,587.65
44524.5,3.26,0.67,0.55,2.47,1.68,587.43
44524.54,6.57,1.35,0.56,2.16,4.06,586.78
44524.58,6.32,1.71,0.66,1.68,4,585.98
44524.62,6.73,0.36,0.66,1.18,4.12,585.52
44524.67,7.05,0.21,0.83,0.92,5.84,585.2
44524.71,6.99,0.22,1.01,0.6,8.09,585.44
44524.75,3.5,0.64,0.67,1.72,7.37,585.51
44524.79,3.49,0.76,0.45,1.76,8.14,585.83
44524.83,3.23,0.68,0.5,2.16,6.49,586.2
44524.88,2.89,0.72,0.77,2.41,5.31,586.24
44524.92,1.54,0.22,0.87,2.42,6.83,586.7
44524.96,-0.51,-0.79,0.83,2.37,8.17,586.79
44525,-0.72,-1.03,0.89,2.24,8.75,586.91
44525.04,-1.04,-1.38,0.84,2.3,8.62,586.73
44525.08,-0.71,-1.31,0.6,2.56,8.88,586.68
44525.12,-0.33,-1.22,0.31,2.56,9.02,586.48
44525.17,0,-0.95,0.56,2.86,9.71,586.29
44525.21,0.39,-0.31,0.71,2.87,9.65,586.03
44525.25,-1.39,-1.98,0.76,3.07,6.49,586.28
44525.29,-0.85,-1.64,1.17,2.92,6.07,586.17
44525.33,-0.42,-1.57,1.43,2.96,4.36,586.11
44525.38,0.85,0.01,0.85,2.95,5.23,586.66
44525.42,5.05,2.34,0.87,2.9,4.72,586.75
44525.46,5.21,2.75,0.23,0.05,2.96,586.73
44525.5,5.64,2.72,0.21,1.48,4.39,586.45
44525.54,8.05,3.2,0.3,1.98,5.15,585.78
44525.58,8.02,3.36,0.48,3.02,5.9,585.12
44525.62,8.23,3.5,0.8,0.11,6.68,584.75
44525.67,7.89,3.54,1.17,0.16,6.52,584.55
44525.71,7.59,3.73,1.14,0.1,7.3,584.61
44525.75,5.05,3.6,0.83,0.28,6.97,584.89
44525.79,5.22,4.09,1.14,0.47,7,585.07
44525.83,5.36,4.24,1.06,0.59,10,585.55
44525.88,5.64,4.23,1.3,0.76,10,585.88
44525.92,4.93,3.86,1.34,0.76,10,586.19
44525.96,3.31,3.27,1.25,0.64,10,586.6
44526,3.31,3.14,1.23,0.53,10,586.52
44526.04,2.85,2.85,1.15,0.61,10,586.64
44526.08,2.95,2.79,0.73,0.63,10,586.6
44526.12,2.95,2.69,0.8,0.57,10,586.53
44526.17,2.27,2.22,1,0.49,10,586.54
44526.21,1.99,1.9,0.95,0.57,10,586.53
44526.25,1.39,1.39,0.81,0.62,10,586.77
44526.29,1.4,1.34,1.04,0.42,10,587
44526.33,1.63,1.59,0.94,0.53,10,587.06
44526.38,1.73,1.46,0.8,0.41,9.58,587.68
44526.42,3.42,1.89,0.91,0.52,10,587.73
44526.46,3.31,2.14,0.96,0.56,10,588.13
44526.5,3.09,1.74,0.99,0.68,10,587.92
44526.54,4.19,1.75,1.05,0.59,9.94,587.19
44526.58,4.07,1.71,1.01,0.62,9.76,586.39
44526.62,3.76,1.83,0.9,0.47,9.7,586.07
44526.67,3.52,2.13,0.78,0.41,9.46,585.93
44526.71,3.41,2.32,0.74,0.37,10,586.07
44526.75,1.66,1.37,0.65,0.04,9.36,586.59
44526.79,2.07,1.78,0.95,0.4,9.76,586.86
44526.83,2.15,1.95,1.03,0.35,10,587.27
44526.88,2.23,1.96,0.88,0.56,10,587.42
44526.92,2.13,1.88,0.72,0.69,10,587.75
44526.96,1.71,1.71,0.8,0.68,10,587.96
44527,1.67,1.66,0.67,0.61,10,588.07
44527.04,1.64,1.54,0.68,0.62,10,587.85
44527.08,2.01,1.73,0.51,0.64,10,587.72
44527.12,2.14,1.71,0.63,0.71,10,587.41
44527.17,1.84,1.56,0.56,0.67,10,587.17
44527.21,1.88,1.54,0.62,0.56,10,587.15
44527.25,1.66,1.53,0.27,2.96,10,586.61
44527.29,1.57,1.34,0.16,1.31,10,587.19
44527.33,2.05,1.59,0.27,2.05,10,587.42
44527.38,2.02,1.59,0.18,3.04,9.82,587.69
44527.42,3.08,2.44,0.53,0.95,9.94,587.73
44527.46,2.73,2.42,0.67,1.43,10,587.87
44527.5,2.44,2.24,0.57,1.82,10,587.5
44527.54,4.14,2.74,0.61,2.03,10,586.88
44527.58,4.43,2.71,0.73,2.04,10,586.3
44527.62,4.87,2.67,0.93,2.64,9.4,585.8
44527.67,4.55,3.11,1.07,2.9,9.04,585.9
44527.71,4.16,3.38,0.9,0.04,10,586.03
44527.75,2.84,2.84,1.12,0.17,10,586.32
44527.79,2.84,2.84,0.99,0.51,10,586.52
44527.83,3.16,3.17,1.27,0.8,10,586.99
44527.88,3.39,3.39,1.17,0.79,10,587.39
44527.92,3.15,3.15,0.96,0.7,10,587.8
44527.96,2.71,2.71,0.65,0.75,10,587.94
44528,2.95,2.95,0.33,0.89,10,587.91
44528.04,3.14,3.14,0.12,1.65,10,587.64
44528.08,3.15,3.13,0.25,0.1,10,587.29
44528.12,2.84,2.84,0.48,0.14,10,587.01
44528.17,2.16,2.16,0.54,0.38,10,586.73
44528.21,2.08,2.08,0.77,3.14,10,586.54
44528.25,2.3,2.3,0.82,0.05,10,586.5
44528.29,2.15,2.14,0.63,2.93,10,586.3
44528.33,2.38,2.26,0.99,2.53,10,586.67
44528.38,2.35,2.11,0.91,2.35,10,587.39
44528.42,4.99,3.85,0.59,2.26,9.58,587.46
44528.46,5.08,4.25,0.43,0.47,6.34,587.7
44528.5,5.19,4.55,0.84,0.94,6.58,587.13
44528.54,7.74,5.13,0.96,1.08,6.11,586.28
44528.58,9.38,4.82,0.92,1.44,8.5,585.48
44528.62,9.16,4.71,0.87,1.94,9.64,584.96
44528.67,8.92,4.86,0.89,2.85,8.47,584.79
44528.71,8.22,4.86,1.04,3.04,7.53,584.73
44528.75,6.28,4.43,1.16,0.2,7.66,585.07
44528.79,5.98,4.73,0.98,0.68,7,585.49
44528.83,5.87,5.13,1.19,0.49,6.94,585.83
44528.88,5.9,5.12,1.12,0.64,6.64,586.26
44528.92,5.91,5.26,0.97,0.5,10,586.61
44528.96,3.97,3.97,0.84,0.55,10,586.89
44529,4.19,4.16,0.76,0.56,10,586.82
44529.04,3.85,3.85,0.95,0.52,10,586.7
44529.08,3.67,3.63,1.07,0.55,10,586.67
44529.12,3.83,3.65,1.03,0.56,10,586.53
44529.17,2.91,2.91,0.97,0.66,10,586.5
44529.21,2.73,2.7,0.91,0.73,10,586.44
44529.25,2,2,0.59,0.27,10,585.99
44529.29,2.04,1.97,1.05,0.83,10,586.84
44529.33,2.24,2.24,1.22,0.73,10,587.47
44529.38,1.91,1.79,1.17,0.77,10,588.24
44529.42,4.02,2.43,1.33,0.77,10,588.55
44529.46,3.82,2.45,1.62,0.8,10,588.94
44529.5,4.23,2.62,1.7,0.78,9.92,588.79
44529.54,4.39,2.45,1.87,0.74,9.96,588.3
44529.58,4.47,2.56,1.95,0.67,9.88,587.97
44529.62,3.68,2.94,1.99,0.67,9.88,587.97
44529.67,2.7,2.07,1.82,0.66,9.88,588.26
44529.71,2.67,1.94,1.86,0.72,9.76,588.75
44529.75,0.95,0.46,1.75,0.56,8.94,589.32
44529.79,1.05,0.34,1.85,0.66,9.87,590.06
44529.83,1.19,0.19,1.75,0.65,9.76,590.61
44529.88,1.29,0.11,1.65,0.76,9.88,591.21
44529.92,1.42,-0.1,1.47,0.8,9.99,591.92
44529.96,0.67,-0.69,1.39,0.74,9.87,592.06
44530,1.21,-0.35,1.2,0.69,9.62,592.14
44530.04,1.24,0.12,0.82,0.55,9.03,591.86
44530.08,1.28,0.12,0.21,0.24,8.57,591.55
44530.12,1.59,0.16,0.15,0.17,8.94,591.45
44530.17,1.3,-0.65,0.19,2.67,8.81,590.92
44530.21,1.83,-0.43,0.45,2.84,8.46,590.72
44530.25,0.2,-0.98,0.38,2.91,8.52,590.19
44530.29,-0.03,-1.1,0.64,0.11,8.96,590.45
44530.33,-0.2,-1.16,0.85,0.08,7.76,590.49
44530.38,-0.29,-1.74,0.67,0.08,6.58,591
44530.42,3.03,-4.31,0.34,0.73,5.98,591.21
44530.46,3.44,-5.76,0.64,1.83,4.32,591.19
44530.5,3.68,-5.64,0.98,1.69,3.53,590.35
44530.54,7.06,-6.35,1.12,1.71,4.04,589.28
44530.58,7.15,-5.59,1.08,1.82,3.62,588.08
44530.62,7.43,-4.93,1.03,1.99,3.95,587.26
44530.67,7.76,-4.46,1.07,2.22,3.78,587.05
44530.71,7.7,-4.91,1.1,2.62,3.99,586.62
44530.75,5.01,-1.61,1.29,3.14,3.5,586.93
44530.79,4.71,-2.87,1.23,0.62,4.22,587.21
44530.83,4.13,-2.03,1.07,0.32,5.05,587.54
44530.88,4.62,-2.1,1.21,0.83,4.28,587.82
44530.92,3.93,-1.04,1.09,0.91,4.4,588.02
44530.96,2.44,-0.51,0.73,0.97,4.55,588.18
44531,2.4,-0.93,0.49,1.12,3.88,588.31
44531.04,2.39,-0.74,0.54,1.29,4.83,588.35
44531.08,2.38,-0.88,0.31,1.25,6.69,588.1
44531.12,2.18,-0.9,0.06,1.17,8.89,587.82
44531.17,2.05,-0.38,0.19,1.49,8.86,587.77
44531.21,2.1,-0.25,0.31,1.42,9.17,587.53
44531.25,1.36,-0.79,0.44,0.53,8.1,586.93
44531.29,1.39,-0.71,0.47,2,6.99,587.71
44531.33,1.11,-0.59,0.31,1.77,7.51,588.2
44531.38,0.95,-1.04,0.27,2.52,6.41,588.44
44531.42,4.39,-0.16,0.25,1.03,7.34,588.66
44531.46,4.45,0.07,0.92,0.56,8.08,588.96
44531.5,4.29,0.13,0.94,0.22,8.32,588.84
44531.54,7.2,0.84,0.6,3.02,9.46,588.01
44531.58,6.83,0.97,0.81,2.32,9.88,587
44531.62,7,1.27,0.8,2.28,10,586.52
44531.67,7.51,1.76,1.14,2.72,9.88,586.13
44531.71,7.24,1.53,1.09,2.98,9.31,585.97
44531.75,5.03,2.14,0.86,3,8,585.52
44531.79,5.61,1.85,0.97,1.05,7.15,586.42
44531.83,5.37,1.81,1.08,0.77,4.99,587
44531.88,5.06,1.96,1.32,0.86,7.35,587.62
44531.92,4.31,1.72,0.9,0.88,8.35,588.04
44531.96,2.99,1.32,0.57,1.2,9.22,588.18
44532,2.6,0.97,0.76,1.27,9.77,588.27
44532.04,2.45,0.98,0.52,1.37,10,588.22
44532.08,2.05,0.65,0.94,1.5,9.76,587.93
44532.12,2.23,0.9,1.04,1.3,9.92,588.07
44532.17,2.19,0.91,0.92,1.36,9.92,587.77
44532.21,1.98,0.77,0.83,1.11,10,588.24
44532.25,1.93,0.88,0.5,1.17,10,587.72
44532.29,1.74,0.68,0.69,1.61,10,588.72
44532.33,1.63,0.54,0.41,2.1,10,588.69
44532.38,1.61,0.52,0.57,1.83,10,588.97
44532.42,3.18,0.9,0.27,0.8,10,589.17
44532.46,3.44,1.3,0.51,2.72,10,589.19
44532.5,3.79,1.56,0.86,2.52,10,588.64
44532.54,5.74,1.79,0.89,2.68,10,587.92
44532.58,5.94,2.02,1.1,2.72,10,587.08
44532.62,5.83,2,1.35,3.07,10,586.74
44532.67,5.57,2.23,1.56,3.11,10,586.7
44532.71,5.11,1.96,1.5,0.06,9.96,586.69
44532.75,3.82,2.07,1.28,0.1,9.58,586.95
44532.79,3.67,2.21,1.16,0.35,9.59,587.75
44532.83,3.5,2.29,1.04,0.23,10,588.16
44532.88,3.55,2.21,1.05,0.36,10,588.17
44532.92,3.31,2.09,0.84,0.57,10,588.66
44532.96,2.66,1.88,0.68,0.49,10,588.88
44533,2.86,1.82,0.58,0.69,9.99,588.73
44533.04,2.96,1.81,0.59,0.52,10,588.56
44533.08,3.21,1.87,0.36,0.39,9.97,588.07
44533.12,2.91,1.87,0.3,0.05,9.93,587.95
44533.17,2.55,2.03,0.36,0.61,9.36,587.69
44533.21,2.8,2.06,0.49,0.95,9.48,587.63
44533.25,2.32,1.9,0.48,1.96,9.94,587.83
44533.29,2.46,2.02,0.54,0.58,9.99,588.02
44533.33,2.68,2.05,0.11,2.21,9.88,587.94
44533.38,2.59,2.09,0.42,2.58,9.75,588.37
44533.42,3.52,1.88,0.2,0.66,9.98,588.48
44533.46,3.46,2.2,0.56,2.46,10,588.72
44533.5,3.42,2.1,0.72,3.11,10,588.17
44533.54,5.49,2.74,0.95,0.27,10,587.66
44533.58,4.94,2.67,0.92,3.12,10,587.06
44533.62,4.59,2.85,0.92,3,10,586.56
44533.67,4.7,3.18,0.88,3.09,10,586.51
44533.71,4.66,2.83,0.88,3.05,10,586.71
44533.75,3.85,2.95,0.55,2.81,10,587
44533.79,3.97,3.11,0.35,0.88,9.96,587.63
44533.83,4.08,3.32,0.32,0.54,9.88,588.01
44533.88,4.46,3.49,0.47,0.96,9.88,587.96
44533.92,4.43,3.5,0.68,0.87,9.94,588.16
44533.96,3.65,3.39,0.58,0.53,9.22,588.22
44534,3.85,3.26,0.6,0.49,9.94,588.26
44534.04,3.96,3.38,0.15,2.4,9.88,588.06
44534.08,4.26,3.55,0.27,0.75,9.16,587.92
44534.12,4.18,3.63,0.59,0.56,9.88,587.39
44534.17,4.05,3.68,0.43,0.42,8.94,587.03
44534.21,3.96,3.7,0.56,0.26,9.88,586.69
44534.25,3.6,3.25,0.6,2.99,9.54,586.81
44534.29,3.65,3.35,0.53,2.7,9.69,587.42
44534.33,3.62,3.36,0.35,2.89,9.92,587.58
44534.38,3.76,3.44,0.22,1.28,9.96,587.61
44534.42,4.82,3.83,0.5,0.54,10,588.15
44534.46,4.51,3.89,0.78,0.14,10,588.15
44534.5,4.19,3.98,0.96,2.87,10,587.74
44534.54,5.92,4.18,0.85,2.74,10,587.09
44534.58,5.85,4.32,0.91,2.58,10,586.85
44534.62,6.04,4.53,1,2.29,10,586.18
44534.67,6.37,4.79,0.93,2.43,10,586.19
44534.71,6.26,4.7,1.03,3.04,10,586.43
44534.75,5.68,4.81,0.44,0.05,9.9,586.82
44534.79,5.31,4.66,0.75,0.37,3.62,587.35
44534.83,5.4,4.65,0.77,0.88,3.59,587.69
44534.88,4.97,4.35,1.04,1.05,8.14,588.17
44534.92,4.82,4.12,1.07,0.81,10,588.8
44534.96,4.09,3.8,1.01,0.7,10,588.96
44535,4,3.69,0.82,0.98,10,589.01
44535.04,3.69,3.35,0.54,1.19,9.98,589.12
44535.08,3.51,3.26,0.3,0.94,10,589.01
44535.12,3.44,3.04,0.22,1.8,10,588.92
44535.17,2.88,2.55,0.26,2.43,10,588.8
44535.21,2.92,2.42,0.2,0.12,10,588.63
44535.25,3.7,3.14,0.7,0.23,10,588.55
44535.29,3.69,3.19,0.9,0.04,9.97,588.72
44535.33,3.64,3.12,1.05,0.23,9.94,588.49
44535.38,3.84,3.24,1.38,0.19,9.32,588.97
44535.42,6.01,4.26,1.46,0.44,8.87,589.02
44535.46,6.84,4.7,1.33,0.75,6.66,589.01
44535.5,7.95,4.75,1.25,1.06,8.44,588.37
44535.54,11.37,4.88,1.08,1.58,7.54,587.45
44535.58,11.88,4.75,1,1.78,9.04,586.93
44535.62,11.89,4.65,1.18,2,9.1,586.31
44535.67,11.39,4.4,1.33,2.52,9.09,586.06
44535.71,10.85,4.22,1.3,2.86,4.79,586.05
44535.75,7.3,2.84,1.29,2.98,4.37,585.84
44535.79,8.04,3.15,1.05,0.06,3.27,586.48
44535.83,7.77,4.25,0.49,0.76,2.05,586.83
44535.88,7.41,4.38,0.31,1.54,2.59,586.83
44535.92,7.22,4.6,0.32,1.99,4.36,587.04
44535.96,5.54,3.89,0.36,2.31,4.68,587.39
44536,5.42,3.87,0.29,2.56,4.98,587.25
44536.04,5.23,3.91,0.3,2.53,4.81,587.19
44536.08,4.97,3.96,0.41,2.77,5.26,586.95
44536.12,4.94,3.85,0.4,3.05,4.71,586.73
44536.17,4.74,3.72,0.41,2.43,4.66,586.53
44536.21,5.15,4.19,0.55,2.36,5.2,586.33
44536.25,5.02,4.16,0.26,2.35,4.6,586.4
44536.29,4.66,3.91,0.43,1.98,5.02,586.85
44536.33,4.16,3.77,0.6,1.56,10,587.28
44536.38,4.51,4.07,0.41,1.31,9.34,587.54
44536.42,6.03,4.31,0.34,0.27,7.36,587.7
44536.46,5.75,4.4,0.86,2.08,7.54,587.88
44536.5,5.63,4.35,1.29,2.04,9.82,587.37
44536.54,7.04,4.77,1.32,2.11,8.62,586.5
44536.58,6.56,4.96,1.43,2.2,8.62,585.83
44536.62,6.12,5.22,1.53,2.6,9.1,585.09
44536.67,6.47,5.55,1.43,2.67,9.7,584.94
44536.71,6.23,5.74,1.32,2.86,9.82,585.13
44536.75,6.16,5.88,1.2,2.85,9.88,585.02
44536.79,6.19,5.86,1.01,0.04,10,585.47
44536.83,6.2,5.67,1.12,0.2,10,585.8
44536.88,6.18,5.49,0.97,0.02,10,585.73
44536.92,6.14,5.43,0.79,2.94,10,585.8
44536.96,4.85,4.68,0.69,2.84,10,585.87
44537,4.85,4.7,0.94,2.18,10,585.39
44537.04,5.06,4.77,0.91,1.82,10,584.88
44537.08,5.37,4.66,0.56,1.73,10,584.8
44537.12,5.52,4.82,0.4,1.68,10,584.26
44537.17,5.4,4.94,0.55,1.49,10,584.09
44537.21,5.58,4.94,0.59,1.6,10,583.73
44537.25,5.44,5.1,0.24,0.55,10,584.18
44537.29,5.53,5.1,0.71,2.62,10,584.17
44537.33,5.51,5.09,1.02,2.9,10,584.53
44537.38,5.53,5.04,0.91,2.64,10,584.83
44537.42,6.69,5.4,0.9,2.24,10,584.85
44537.46,7,5.69,1.01,1.98,10,585
44537.5,6.82,5.7,1.26,1.7,10,584.47
44537.54,8.88,6.34,1.45,1.71,10,583.94
44537.58,9.01,6.38,1.33,2.18,10,583.17
44537.62,8.55,6.12,1.22,2.52,9.16,582.84
44537.67,8.4,5.95,1.16,2.74,6.82,582.73
44537.71,7.66,5.74,1.37,3.08,6.28,582.97
44537.75,5.04,4.58,1.07,0.18,5.38,583.45
44537.79,4.2,4.2,1.38,0.57,10,583.89
44537.83,4.25,4.21,1.51,0.45,10,584.96
44537.88,4.11,3.88,1.58,0.35,10,585.27
44537.92,3.77,3.52,1.41,0.37,10,585.98
44537.96,2.87,2.87,1.24,0.47,10,586.31
44538,2.86,2.82,1.22,0.49,10,586.3
44538.04,2.18,2.1,1.09,0.43,10,586.34
44538.08,2.21,1.92,1.11,0.33,10,586.24
44538.12,2.2,1.98,1.07,0.28,10,586.19
44538.17,2.21,1.87,1.08,0.23,10,586.23
44538.21,2.19,1.72,1.11,0.24,10,586.09
44538.25,1.92,1.56,1.04,0,10,586.54
44538.29,2.02,1.54,1.24,2.92,10,586.51
44538.33,2.02,1.44,1.28,0.28,10,587.27
44538.38,1.92,1.2,1.24,0.38,9.94,587.83
44538.42,2.48,1.63,1.15,0.34,10,588.05
44538.46,2.51,1.22,1.05,0.23,9.62,588.15
44538.5,2.52,1.06,0.94,0.09,10,588
44538.54,4.29,1.69,0.91,2.9,10,587.43
44538.58,4.13,1.72,0.79,2.79,10,586.92
44538.62,3.97,1.9,0.8,2.79,10,586.7
44538.67,3.95,2.09,0.84,2.84,10,586.48
44538.71,3.99,2.31,0.88,3.07,10,586.69
44538.75,3.04,1.97,1.14,3.14,9.94,586.78
44538.79,3.41,2.26,0.92,0.2,9.94,587.34
44538.83,3.66,2.5,0.94,0.33,9.89,588.06
44538.88,3.93,2.73,1.05,0.51,9.85,588.1
44538.92,4.01,2.82,0.97,0.46,10,588.4
44538.96,3.15,2.83,0.77,0.37,10,588.54
44539,3.47,3,0.66,0.23,10,588.52
44539.04,3.4,3.02,0.54,0.19,10,588.21
44539.08,3.45,3.07,0.42,0.4,10,588.18
44539.12,3.8,3.34,0.35,0.76,10,587.86
44539.17,3.98,3.23,0.17,1.4,10,587.64
44539.21,4.17,3.32,0.11,1.18,9.96,587.36
44539.25,3.07,2.77,0.58,0.77,9.89,587.33
44539.29,3.22,2.84,0.58,0.66,9.92,587.3
44539.33,3.38,2.89,0.44,2.71,9.07,587.76
44539.38,3.5,2.8,0.15,1.51,9.84,588.17
44539.42,5.63,4.18,0.36,2.45,9.52,588.27
44539.46,5.59,4.19,0.72,2.28,10,588.28
44539.5,5.75,4.36,0.99,1.98,10,587.84
44539.54,8.07,4.7,1.22,1.81,10,587.02
44539.58,8.28,4.88,1.4,1.72,9.82,586.31
44539.62,8.76,4.95,1.37,2.13,9.92,585.38
44539.67,9.48,5.04,1.31,2.35,9.77,585.06
44539.71,8.88,4.92,1.24,2.52,9.27,585.1
44539.75,6.39,4.28,1.25,3.07,8.9,585.55
44539.79,5.98,4.24,1.17,0.19,8.43,585.54
44539.83,5.98,4.57,1.06,0.08,8.38,585.93
44539.88,6.18,4.66,0.81,0.06,6.25,585.92
44539.92,6.11,4.98,0.32,2.94,4.42,585.93
44539.96,4.37,4.06,0.22,0.24,9.94,585.89
44540,4.28,3.97,0.13,2.69,10,585.63
44540.04,4.05,3.66,0.27,1.82,10,585.31
44540.08,4.12,3.62,0.34,1.07,10,585.04
44540.12,4.16,3.75,0.4,0.44,10,584.86
44540.17,3.65,3.65,0.64,0.47,10,584.56
44540.21,3.13,3.12,0.84,0.12,10,584.47
44540.25,3,2.96,0.67,1.58,10,584.23
44540.29,2.62,2.53,0.36,0.51,10,584.29
44540.33,2.63,2.37,0.48,1.37,10,584.83
44540.38,2.98,2.58,0.46,0.64,10,585.05
44540.42,4.95,3.44,0.77,2.93,10,585.42
44540.46,4.8,3.29,1.04,2.72,10,585.46
44540.5,5.02,3.63,1.15,2.51,10,584.99
44540.54,7.65,4.96,1.28,2.46,10,584.28
44540.58,7.29,5.18,1.52,2.57,10,583.78
44540.62,6.81,5.17,1.69,2.74,10,583.29
44540.67,6.35,5.4,1.62,2.9,9.81,583.23
44540.71,5.81,4.69,1.52,3.05,10,583.45
44540.75,2.61,2.57,1.44,0.12,10,584.05
44540.79,2.69,2.67,1.48,0.13,10,584.47
44540.83,2.93,2.65,1.77,0.29,10,585.05
44540.88,2.95,2.47,1.73,0.46,10,585.51
44540.92,2.27,2.05,1.43,0.46,10,585.99
44540.96,0.63,0.63,1.24,0.54,10,586.24
44541,0.55,0.55,1.09,0.62,10,586.5
44541.04,0.2,0.2,1.13,0.67,10,586.39
44541.08,0.31,0.31,1.1,0.67,10,586.44
44541.12,0.49,0.39,1.13,0.64,10,586.36
44541.17,0.11,0.11,1.2,0.65,10,586.34
44541.21,-0.26,-0.35,1.21,0.64,10,586.38
44541.25,0.48,-0.32,1.3,0.58,10,587.36
44541.29,0.77,-0.24,1.39,0.49,9.96,587.11
44541.33,1.02,0,1.25,0.46,10,587.58
44541.38,0.6,-0.26,1.25,0.48,10,588.17
44541.42,2.13,0.44,1.22,0.45,9.94,588.58
44541.46,2.29,0.08,1.29,0.4,9.04,588.94
44541.5,2.63,0.45,1.47,0.39,9.58,588.44
44541.54,3.87,0.42,1.6,0.42,9.74,587.94
44541.58,3.49,0.45,1.68,0.36,9.96,587.25
44541.62,3,0.72,1.77,0.36,10,587.02
44541.67,2.38,0.74,1.75,0.24,9.96,586.82
44541.71,2.21,0.7,1.7,0.35,10,587.31
44541.75,0.63,0.35,1.49,0.38,7.87,587.85
44541.79,0.64,0.39,1.18,0.43,9.52,588.07
44541.83,0.76,0.32,1.5,0.55,9.82,588.76
44541.88,1.04,0.29,1.62,0.59,10,589.12
44541.92,0.95,0.22,1.71,0.66,9.94,589.57
44541.96,0.01,-0.73,1.44,0.66,10,590.17
44542,-0.01,-0.65,1.33,0.76,10,590.24
44542.04,-0.04,-0.57,1.27,0.91,10,590.23
44542.08,0.02,-0.54,1.15,1.04,10,590.27
44542.12,0.01,-0.59,1.05,1,9.1,590.2
44542.17,-1.03,-1.3,1.17,1.1,10,590.25
44542.21,-0.85,-1.2,1.14,1.22,9.82,590.23
44542.25,-0.68,-1.73,1.24,0.92,9.76,590.54
44542.29,-0.47,-1.37,1.15,1.01,9.82,590.68
44542.33,-0.49,-1.16,0.98,1.11,9.48,590.99
44542.38,-0.77,-1.41,0.85,1.21,8.67,591
44542.42,1.56,-0.31,0.96,0.82,8.92,591.31
44542.46,1.62,-0.48,1.06,0.53,9.24,591.1
44542.5,1.52,-0.65,1.05,0.44,9.57,590.97
44542.54,3.07,-0.52,0.93,0.23,10,589.92
44542.58,3.03,-0.27,0.94,3.14,9.1,589.39
44542.62,2.88,-0.2,1.05,3,9.84,588.57
44542.67,2.92,0.11,1.12,2.91,9.88,588.15
44542.71,2.4,-0.15,1.08,2.89,9.8,588.1
44542.75,1.06,-0.51,0.57,2.58,8.26,588.03
44542.79,1.34,-0.26,0.76,2.98,5.7,587.97
44542.83,1.41,-0.04,0.97,0.58,5.12,588.36
44542.88,1.62,0.28,1.15,0.64,6.49,588.6
44542.92,1.69,0.51,0.91,0.56,6.88,588.78
44542.96,0.57,0.36,0.69,0.72,6.94,589.01
44543,0.9,0.26,0.44,1.02,7.96,588.82
44543.04,0.67,0.07,0.29,2.15,7.76,588.64
44543.08,1.06,0.21,0.3,0.04,7.2,588.12
44543.12,0.99,0.05,0.46,0.11,6.98,587.61
44543.17,0.68,0.07,0.76,0.1,6.66,586.9
44543.21,0.91,0.06,0.58,0.13,7.34,586.5
44543.25,1.19,0.46,0.96,0.32,8.43,586.42
44543.29,1.06,0.13,1.02,0.22,7.59,585.86
44543.33,1.71,0.54,1.48,0.13,4.1,586.16
44543.38,1.65,0.6,1.41,3.08,4.08,586.39
44543.42,4.42,2.08,1.23,0,3.37,586.3
44543.46,4.22,2.05,1.12,0.31,2.45,586.25
44543.5,4.35,2.11,1.47,0.5,5.53,585.56
44543.54,8.78,2.88,1.62,0.58,6.28,584.66
44543.58,8.29,2.62,2.06,0.59,9.58,583.66
44543.62,9.74,2.22,1.11,0.65,5.7,582.95
44543.67,9.74,2.48,0.57,0.44,4.31,582.62
44543.71,9.37,2.37,0.28,0.16,3.71,582.65
44543.75,7.46,0.64,0.24,1.04,3.08,582.75
44543.79,7,0.94,0.27,1.78,3.2,583.33
44543.83,6.7,1.21,0.28,2.21,3.38,583.74
44543.88,6.45,1.45,0.39,2.28,3.32,584.2
44543.92,5.44,1.85,0.53,2.45,3.4,584.31
44543.96,3.06,1.38,0.61,2.37,3.92,584.56
44544,2.87,1.45,0.59,2.52,4,584.62
44544.04,2.32,1.06,0.65,2.88,4,584.24
44544.08,2.39,1.03,0.66,2.87,4,583.85
44544.12,2.52,0.98,0.84,2.65,4,583.55
44544.17,1.61,0.74,0.87,2.36,4,583.14
44544.21,0.95,0.55,0.48,1.93,7,582.94
44544.25,-0.02,-0.19,0.27,2.39,10,582.84
44544.29,0.03,-0.31,0.67,2.52,10,582.63
44544.33,0.26,-0.43,0.78,2.42,10,582.98
44544.38,-0.29,-0.66,0.8,2.65,10,583.14
44544.42,2.98,1.75,0.78,2.88,10,583.42
44544.46,3.74,2.23,0.61,0.16,9.94,583.63
44544.5,5.27,3.18,0.74,0.74,4.54,583.1
44544.54,8.5,4.08,0.98,0.94,4.18,582.32
44544.58,9.16,4,1.13,0.96,6.1,581.45
44544.62,9.74,3.56,1.11,1.12,6.1,580.78
44544.67,10.34,3,0.79,1.22,1.06,580.34
44544.71,9.79,3.12,0.66,1.51,0.3,580.36
44544.75,7.5,2.19,0.61,2.71,0.87,580.76
44544.79,7.2,2.38,0.24,0.9,1.65,581.3
44544.83,6.59,2.33,0.41,0.97,2.95,581.69
44544.88,6.53,3.04,0.44,1.02,4.12,582.16
44544.92,5.7,3.07,0.44,1.38,4.06,582.34
44544.96,3.02,1.53,0.39,2.04,4.06,582.44
44545,2.86,1.63,0.48,1.54,4.12,582.39
44545.04,1.82,1.25,0.39,1.32,4,582.33
44545.08,1.53,1.21,0.4,1.08,4.18,581.99
44545.12,1.67,1.6,0.41,0.85,4.12,581.83
44545.17,1.26,1.23,0.33,0.81,4.36,581.46
44545.21,0.77,0.75,0.18,1.14,4.24,581.1
44545.25,1.26,1,0.88,0.28,4,580.84
44545.29,1.08,0.88,0.99,2.85,4,580.81
44545.33,1.1,0.88,0.78,2.18,4.06,581.28
44545.38,1.52,0.9,0.49,2.58,4.06,581.43
44545.42,4.7,1.87,0.31,0.29,4,581.9
44545.46,5.48,1.78,0.62,1.25,4,582.08
44545.5,6.04,2.36,0.94,1.21,4,581.69
44545.54,9.79,3.37,1.01,1.24,4,580.99
44545.58,10.2,3.34,0.91,1.46,2.79,580.23
44545.62,10.14,3.29,0.85,2.39,3.13,579.89
44545.67,10.74,3.2,1.13,3,2.87,579.99
44545.71,10.21,3.91,1.27,0.15,4.06,580.4
44545.75,5.73,1.61,1.58,0.27,3.96,580.19
44545.79,4.92,1.94,1.72,0.45,4.18,581.52
44545.83,4.14,2.75,2.01,0.29,5.74,582.26
44545.88,3.52,2.68,1.33,0.46,8.32,582.86
44545.92,3.19,2.72,1.45,0.47,10,583.59
44545.96,2.09,1.67,1.61,0.51,10,583.91
44546,2.02,1.5,1.33,0.48,10,584.2
44546.04,1.72,1.21,1.32,0.45,10,584.19
44546.08,1.33,0.81,1.21,0.39,9.94,584.18
44546.12,0.43,-0.12,1.07,0.37,9.7,584.1
44546.17,-0.24,-0.23,0.89,0.39,9.66,584.05
44546.21,-0.04,-0.05,0.69,0.38,9.63,583.98
44546.25,-0.69,-0.72,0.57,3.07,9.1,583.73
44546.29,-0.37,-0.64,0.53,0.51,8.68,583.93
44546.33,-0.17,-0.47,1.2,0.61,10,584.68
44546.38,-0.37,-0.88,1.12,0.7,9.94,585.15
44546.42,2.5,-0.01,1.11,0.8,10,585.81
44546.46,2.64,0.25,1.21,0.55,9.96,586.3
44546.5,2.64,0.12,1.46,0.37,9.52,586.27
44546.54,4.32,1.21,1.69,0.3,9.52,585.98
44546.58,4.56,1.26,1.78,0.32,10,585.66
44546.62,4.1,1.42,1.56,0.29,10,585.31
44546.67,3.83,1.9,1.52,0.24,9.92,585.41
44546.71,3.37,2.27,1.65,0.22,10,585.6
44546.75,0.97,0.2,1.57,0.3,9.08,585.79
44546.79,0.98,0.59,1.57,0.48,9.5,586.83
44546.83,0.97,0.59,1.76,0.54,9.78,587.66
44546.88,1,0.71,1.7,0.63,9.34,588.04
44546.92,0.44,0.26,1.54,0.71,9.7,588.54
44546.96,-1.06,-1.07,1.43,0.7,9.64,589.1
44547,-1.23,-1.25,1.22,0.64,9.94,588.93
44547.04,-1.36,-1.46,1.25,0.55,9.94,589.14
44547.08,-1.42,-1.47,1.26,0.51,10,588.97
44547.12,-1.15,-1.43,1.17,0.54,10,588.8
44547.17,-1.75,-1.76,1.14,0.51,9.76,588.58
44547.21,-1.73,-1.86,1,0.61,9.75,588.23
44547.25,-2.01,-2.24,0.83,3.12,8.86,588.18
44547.29,-1.83,-2.14,1,2.83,8.74,587.89
44547.33,-1.91,-2.13,1.11,0.44,10,588.13
44547.38,-2.18,-2.47,1.3,0.54,9.63,588.7
44547.42,-0.41,-2.35,1.37,0.47,9.97,589.04
44547.46,-0.86,-2.39,1.43,0.32,9.73,589.14
44547.5,-1.42,-2.56,1.27,0.05,9.79,588.56
44547.54,-0.68,-2.34,1.23,3.13,9.91,587.76
44547.58,-0.62,-2.37,1.2,2.96,9.66,586.92
44547.62,-1.14,-2.15,1.22,2.82,10,586.11
44547.67,-1.06,-1.95,1.23,2.8,10,585.82
44547.71,-1.01,-2.12,1.26,2.97,10,585.58
44547.75,-1.36,-2.28,1.23,2.97,9.19,585.67
44547.79,-1.24,-1.77,1.53,0.29,8.47,586.16
44547.83,-1.16,-2.08,1.54,0.42,8.82,586.44
44547.88,-1.27,-2.18,1.54,0.53,9.07,586.95
44547.92,-1.87,-2.62,1.38,0.56,9.54,587.44
44547.96,-3.21,-3.39,1.33,0.45,8.82,587.92
44548,-3.21,-3.56,1.2,0.42,9.53,587.91
44548.04,-3.52,-4.05,1.24,0.48,9.14,588.03
44548.08,-3.72,-4.32,1.38,0.52,9.02,587.96
44548.12,-3.55,-4.37,1.34,0.53,8.97,587.89
44548.17,-3.77,-4.79,1.18,0.55,9.17,587.79
44548.21,-3.65,-4.79,1.31,0.48,8.92,587.57
44548.25,-4.7,-5.54,1.34,0.25,9.67,588.2
44548.29,-4.64,-5.87,1.29,0.32,9.17,587.96
44548.33,-4.29,-5.98,1.36,0.52,8.94,588.25
44548.38,-4.57,-6.02,1.32,0.62,8.91,588.74
44548.42,-2.81,-5.32,1.32,0.54,9.16,589.11
44548.46,-2.93,-5.4,1.22,0.27,8.92,589.31
44548.5,-3.34,-5.84,1.17,0.16,7.83,588.93
44548.54,-1.86,-5.31,1.11,0.13,8.23,588.31
44548.58,-1.69,-5.14,1.14,0.08,8.93,587.27
44548.62,-1.62,-4.99,1.26,0.05,9.51,586.78
44548.67,-1.67,-4.96,1.35,0.04,9.52,586.4
44548.71,-2.04,-4.8,1.36,0.1,9.29,586.54
44548.75,-3.64,-4.96,1.1,0.14,9.06,586.68
44548.79,-3.12,-4.52,0.99,0.41,9.07,586.75
44548.83,-2.76,-4.13,1.35,0.64,8.44,587.4
44548.88,-2.47,-3.93,1.27,0.65,8.5,587.5
44548.92,-2.77,-4.02,1.2,0.63,8.66,588.14
44548.96,-3.68,-4.35,1,0.61,8.8,588.29
44549,-3.54,-4.35,0.58,0.37,8.77,588.33
44549.04,-3.79,-4.64,0.55,0.38,8.26,588.33
44549.08,-3.76,-4.85,0.71,0.52,8.27,587.94
44549.12,-3.76,-5,0.79,0.52,8.34,587.61
44549.17,-3.74,-4.99,0.64,0.41,9.6,587.33
44549.21,-3.71,-4.98,0.32,0.82,8.91,586.78
44549.25,-3.82,-4.76,0.81,0.48,8.01,586.47
44549.29,-3.26,-4.58,0.43,0.59,5.74,586.27
44549.33,-3.01,-4.55,0.21,0.29,6.14,586.37
44549.38,-2.8,-4.61,0.27,0.07,4.55,586.34
44549.42,-0.23,-3.35,0.29,0.39,4.66,586.42
44549.46,0.46,-2.64,0.34,1.08,4.66,586.59
44549.5,0.91,-2.07,0.75,1.15,4.76,585.81
44549.54,4.3,-0.69,0.94,1.47,5.84,584.93
44549.58,4.98,-0.18,0.98,1.71,4.94,583.92
44549.62,6.08,0.2,1,1.6,5.07,583.39
44549.67,6.66,0.56,1.14,2.43,1.55,582.89
44549.71,5.39,0.4,0.99,2.86,0.38,583
44549.75,2.1,-1.07,1.18,3.13,0.34,582.84
44549.79,1.39,-1.07,1.55,0.5,0.02,583.08
44549.83,0.85,-1.01,1.75,0.61,1.78,584.32
44549.88,0.76,-0.82,1.56,0.55,2.48,584.78
44549.92,0.09,-1.1,1.13,0.53,8.11,585.09
44549.96,-1.44,-1.87,0.94,0.53,7.92,585.26
44550,-1.69,-1.93,0.79,0.65,8.48,585.31
44550.04,-1.79,-2.08,0.75,0.76,8.32,585.59
44550.08,-1.54,-1.98,0.59,0.99,8.83,585.31
44550.12,-1.57,-2,0.59,1.3,8.99,585.19
44550.17,-2.59,-2.83,0.61,1.37,7.92,584.93
44550.21,-2.79,-2.98,0.6,1.73,8.83,584.88
44550.25,-4.1,-4.36,0.47,2.85,9.03,585.1
44550.29,-3.93,-4.24,0.62,2.46,9.15,584.67
44550.33,-3.76,-4.12,0.75,2.06,8.33,585.28
44550.38,-3.39,-4.01,0.79,2.07,8.38,585.6
44550.42,0.91,-2.08,0.55,1.76,8.38,586.26
44550.46,1.66,-1.42,0.36,1.08,8.21,586.29
44550.5,1.56,-1.35,0.25,0.15,7.7,585.95
44550.54,5.24,-0.51,0.36,2.62,8.29,585.28
44550.58,5.34,-0.31,0.66,2.68,7.01,584.46
44550.62,5.31,-0.25,0.98,2.92,8.88,584.17
44550.67,4.57,-0.35,1.15,0.01,9.42,583.72
44550.71,4.18,-0.48,1.25,0.22,8.63,583.81
44550.75,1.91,-0.67,1.51,0.29,6.81,584.27
44550.79,1.63,-0.48,1.22,0.56,4.21,584.34
44550.83,2.05,0,1.01,1.31,4.48,585
44550.88,1.65,-0.03,1.06,1.69,4.86,585.16
44550.92,1.14,-0.54,0.99,1.73,5.35,585.7
44550.96,-0.78,-1.6,0.87,1.94,4.1,585.84
44551,-0.99,-1.81,0.76,2.25,5.97,586.08
44551.04,-1.79,-2.43,0.75,2.54,6.36,585.96
44551.08,-1.77,-2.45,0.84,2.66,6.65,585.71
44551.12,-1.89,-2.69,0.89,2.71,2.47,585.45
44551.17,-2.17,-3.31,0.95,2.7,1.99,585.16
44551.21,-2.16,-3.77,0.97,2.75,2.97,584.92
44551.25,-3.63,-4.64,1.14,2.75,1.99,585.49
44551.29,-3.64,-4.87,1.17,2.8,2.99,585.03
44551.33,-2.97,-4.37,1.1,2.87,4.45,585.62
44551.38,-1.73,-3.62,1.02,2.82,6.81,586.02
44551.42,4.25,-0.19,1.03,3,5,586.34
44551.46,4.73,-0.17,0.46,0.19,2.96,586.35
44551.5,5.2,0.11,0.45,2.09,2.81,585.81
44551.54,9.29,0.52,0.66,2.42,2.37,585.21
44551.58,9.39,0.55,0.77,2.4,4.45,584.23
44551.62,9.4,0.51,1.17,2.91,5.55,583.89
44551.67,9.67,0.59,1.22,2.97,7.41,583.71
44551.71,8.92,0.78,1.29,3.1,7.51,583.84
44551.75,5.21,0.28,1.55,0.08,5.24,583.98
44551.79,5.8,0.6,1.17,0.51,2.82,584.54
44551.83,5.39,0.78,0.63,1.17,2.72,584.92
44551.88,4.89,0.76,0.38,2.26,2.51,585.1
44551.92,4.07,0.6,0.21,2.76,1.75,585.43
44551.96,0.89,-0.74,0.47,2.67,1.22,585.46
44552,0.65,-1.07,0.51,2.73,0.54,585.51
44552.04,0.1,-1.49,0.66,2.84,1.17,585.24
44552.08,-0.08,-1.85,0.85,2.88,0.68,584.86
44552.12,0.1,-1.98,0.95,2.87,0.18,584.75
44552.17,-0.33,-2.08,0.91,2.8,0.03,584.22
44552.21,-0.37,-2.33,0.8,2.78,0.13,584.14
44552.25,-0.9,-2.58,1.13,2.93,0.33,584.08
44552.29,-0.97,-2.63,1.19,2.89,0.75,584.09
44552.33,-1.76,-2.97,1.18,2.91,0.46,584.38
44552.38,-1.11,-2.4,1.11,2.91,6.2,584.84
44552.42,4.79,0.9,0.75,3.06,0.27,585.06
44552.46,4.94,1.02,0.55,1.95,0.84,585.15
44552.5,5.08,1.28,0.96,2.2,1.91,584.68
44552.54,8.03,1.77,1.17,1.97,4.76,583.68
44552.58,8.36,2.13,1.35,2.14,8.43,582.79
44552.62,7.71,2.22,1.4,2.24,8.9,582.04
44552.67,7,2.42,1.53,2.75,7.06,581.79
44552.71,6.55,2.43,1.38,2.98,6.34,581.84
44552.75,4.65,1.34,1.07,3.11,5.66,582.13
44552.79,4.44,2.19,1.15,0.12,5.61,582.26
44552.83,4.55,2.2,1.02,0.13,4.7,582.6
44552.88,4.69,2.34,0.6,2.62,4.33,582.74
44552.92,4.48,2.42,0.48,1.43,4.03,582.68
44552.96,2.04,1.21,0.68,0.7,4.1,582.42
44553,2.18,1.08,0.96,0.47,3.99,582.16
44553.04,2.19,1.05,1.27,0.18,3.9,581.76
44553.08,2.16,0.82,1.45,0.12,3.88,581.48
44553.12,2.5,1.11,1.6,0.1,3.53,581.2
44553.17,1.95,0.67,1.66,0.04,3,580.95
44553.21,1.79,0.25,1.69,0.04,2.41,580.53
44553.25,1.84,-0.54,1.93,0.3,1.13,580.67
44553.29,1.77,-0.6,1.8,0.1,0.67,580.35
44553.33,1.79,-0.7,1.91,0.17,0.21,580.9
44553.38,2.09,-0.64,1.68,0.2,0.2,581.13
44553.42,5.7,1.43,1.32,0.44,0.26,581.7
44553.46,6.56,2.23,1.22,0.83,0.64,581.89
44553.5,6.68,1.41,1.47,0.82,2.03,581.83
44553.54,8.84,1.27,1.15,1.18,3.39,581.15
44553.58,8.56,1.75,0.9,1.54,3.94,580.48
44553.62,8.47,2.27,0.74,2.03,5.86,580.38
44553.67,7.27,1.63,0.84,2.58,7,580.29
44553.71,6.11,1.75,1.12,3.12,6.76,580.73
44553.75,3.31,1.2,1.36,0.33,7.18,580.91
44553.79,2.67,1.54,1.35,0.4,7.36,581.41
44553.83,2.54,1.6,1.31,0.42,7.84,582.08
44553.88,2.35,1.63,1.28,0.52,7.78,582.82
44553.92,2.06,1.23,0.88,0.64,8.02,583.42
44553.96,0.85,0.24,1.02,0.54,9.1,583.72
44554,0.91,-0.15,1.02,0.63,9.1,583.82
44554.04,0.36,-0.6,0.82,0.83,8.08,583.88
44554.08,0.34,-0.89,0.66,1.39,8.62,583.82
44554.12,0.46,-0.83,0.33,2.34,6.71,583.84
44554.17,-0.27,-1.31,0.46,2.52,7.66,583.9
44554.21,-0.39,-1.28,0.55,2.56,7.58,583.68
44554.25,-0.31,-1.86,0.62,1.86,5.33,583.94
44554.29,-0.37,-2.11,0.66,2.41,5.87,584.19
44554.33,-0.67,-2.7,0.8,2.87,5.86,584.57
44554.38,-0.9,-2.41,0.72,2.95,4.09,584.96
44554.42,3.61,-0.58,0.29,2.37,2.61,585.35
44554.46,3.08,-0.27,0.79,0.29,4.24,585.4
44554.5,3,-0.79,0.84,3.08,8.88,585.17
44554.54,6.52,-0.72,0.88,2.99,8.29,584.8
44554.58,6.05,-0.06,1.08,2.87,9.17,583.97
44554.62,5.31,0.2,1.39,2.78,8.08,583.82
44554.67,5.18,0.42,1.3,3.09,7.75,583.61
44554.71,5.05,0.67,1.42,0.15,7.95,583.82
44554.75,1.95,-0.22,1.29,0.26,5.43,584.11
44554.79,2.74,0.33,1.23,0.3,6.05,584.41
44554.83,2.59,0.48,0.99,0.41,5.49,585.19
44554.88,2.89,0.6,0.92,0.82,5.26,585.38
44554.92,2.2,0.33,0.77,1.42,5.83,585.63
44554.96,-0.13,-0.69,0.39,2.33,7.47,585.77
44555,-0.13,-0.84,0.36,2.65,8.4,585.89
44555.04,-0.27,-0.79,0.53,2.76,8.33,585.62
44555.08,-0.35,-0.88,0.56,2.7,8.64,585.35
44555.12,-0.47,-0.95,0.62,2.76,8.64,585.26
44555.17,-1.2,-1.44,0.67,2.72,8.94,584.96
44555.21,-1.22,-1.58,0.73,2.75,9.89,584.86
44555.25,-2.55,-2.83,0.49,2.9,10,584.76
44555.29,-1.96,-2.29,0.46,2.67,10,585.02
44555.33,-2.16,-2.56,0.58,2.42,10,585.33
44555.38,-2.44,-2.66,0.57,2.2,10,585.9
44555.42,1.59,0.2,0.32,2.03,10,585.93
44555.46,1.92,0.24,0.46,2.34,10,586.38
44555.5,2,0.5,0.98,2.28,8.86,585.99
44555.54,4.11,1.53,1.28,2.23,9.04,585.3
44555.58,3.87,1.64,1.35,2.37,10,584.47
44555.62,3.7,1.6,1.32,2.61,10,584.28
44555.67,3.35,1.42,1.36,2.95,7.84,584.14
44555.71,3.57,2.08,1.5,0.2,7.9,584.58
44555.75,1.14,1.14,1.41,0.46,9.94,585.2
44555.79,0.83,0.79,1.73,0.44,10,585.54
44555.83,0.84,0.43,1.92,0.46,10,585.88
44555.88,0.83,0.21,1.55,0.51,10,586.38
44555.92,-0.23,-0.85,1.47,0.59,10,586.74
44555.96,-1.51,-1.67,0.93,0.7,9.94,586.86
44556,-1.38,-1.78,0.91,0.85,10,587.08
44556.04,-1.54,-2.14,1.13,0.84,10,586.87
44556.08,-1.39,-1.92,1.02,0.89,10,586.73
44556.12,-1.24,-1.77,1.04,0.85,9.88,586.86
44556.17,-1.93,-2.3,1.11,0.72,10,586.9
44556.21,-1.27,-1.72,1.54,0.62,10,587.12
44556.25,-2.14,-2.68,1.4,0.5,10,587
44556.29,-1.75,-2.29,1.6,0.41,10,587.52
44556.33,-1.96,-2.54,1.66,0.57,10,588.24
44556.38,-2.38,-2.84,1.52,0.69,9.85,588.45
44556.42,-1.56,-2.91,1.68,0.62,9.17,588.97
44556.46,-1.96,-2.86,1.71,0.59,9.46,589.34
44556.5,-2.16,-2.98,1.69,0.54,9.47,589.19
44556.54,-2.8,-3.69,1.73,0.5,9.5,588.74
44556.58,-2.98,-3.78,1.79,0.51,8.72,588.06
44556.62,-3.2,-3.92,1.69,0.45,9.62,587.5
44556.67,-3.76,-4.04,1.66,0.44,8.61,587.31
44556.71,-3.74,-3.95,1.68,0.41,8.74,587.31
44556.75,-4.31,-4.69,1.43,0.41,8.19,587.63
44556.79,-4.26,-4.82,1.48,0.48,9.5,587.6
44556.83,-4.21,-4.89,1.44,0.7,10,588.15
44556.88,-4.28,-4.92,1.34,0.62,9.8,588.36
44556.92,-4.45,-5.18,0.92,0.51,9.86,588.33
44556.96,-5.2,-5.79,1.11,0.54,9.81,588.28
44557,-5.36,-6.2,0.9,0.5,9.65,588.16
44557.04,-5.37,-6.24,0.75,0.49,9.81,587.87
44557.08,-5.06,-5.97,0.5,0.4,9.7,587.22
44557.12,-5.08,-6.1,0.38,0.83,9.75,587.14
44557.17,-5.21,-6.3,0.52,1.23,8.73,586.78
44557.21,-5.23,-6.48,0.63,1.01,8.66,586.57
44557.25,-5.19,-6.33,0.32,0.62,9.16,586.37
44557.29,-5.27,-6.41,0.49,0.73,8.86,586.36
44557.33,-5.23,-6.46,0.89,0.54,9.46,586.79
44557.38,-5.42,-6.61,0.99,0.45,9.74,587.23
44557.42,-3.91,-5.49,0.75,0.3,9.3,587.5
44557.46,-3.87,-5.36,0.64,0.18,9.45,587.43
44557.5,-3.6,-4.96,0.62,2.51,9.14,587.18
44557.54,-1.53,-3.95,0.79,2.14,9.35,586.34
44557.58,-1.04,-3.52,0.84,2.19,9.92,585.65
44557.62,-0.97,-3.31,0.92,2.3,9.74,584.99
44557.67,-0.27,-2.29,1.03,2.89,8.98,584.71
44557.71,-0.49,-2.18,1.14,0.06,8.14,584.59
44557.75,-2.54,-3.16,1.02,0.18,9.55,584.8
44557.79,-2.71,-3.29,0.99,0.4,7.11,584.86
44557.83,-2.53,-3.14,1.08,0.44,5.01,585.39
44557.88,-2.15,-2.9,1.09,0.35,9.13,585.67
44557.92,-2.27,-2.86,0.7,0.54,9.24,585.96
44557.96,-3.25,-3.5,0.47,0.26,8.78,585.84
44558,-3.34,-3.74,0.29,0.44,9.05,585.79
44558.04,-3.38,-3.93,0.3,2.01,8.79,585.37
44558.08,-3.95,-4.28,0.59,2.72,8.32,585.09
44558.12,-4.1,-4.81,0.66,2.59,8.35,584.66
44558.17,-5.51,-6.15,0.81,2.5,7.16,584.65
44558.21,-5.73,-6.51,0.46,2.13,6.47,584.34
44558.25,-6.53,-7.09,0.86,2.57,8.54,584.14
44558.29,-6.72,-7.45,0.66,2.4,7.66,584.22
44558.33,-6.79,-7.66,0.74,2.13,6.61,584.42
44558.38,-6.6,-7.45,0.69,2.39,6.58,584.75
44558.42,-2.47,-4.42,0.67,2.61,6.39,585.22
44558.46,-1.54,-3.11,0.45,2.53,6.54,585.32
44558.5,-0.8,-2.07,0.3,2.81,6.2,585.05
44558.54,2.4,-0.6,0.46,0.99,4.09,584.49
44558.58,2.37,-0.15,0.57,1.3,3.51,583.64
44558.62,2.51,-0.07,0.43,1.91,5.73,583.37
44558.67,4,0.45,0.61,2.22,4.72,583.37
44558.71,4.62,0.69,0.61,2.91,3.68,583.59
44558.75,1.4,-0.47,0.67,0.74,1,583.68
44558.79,0.58,-0.3,0.89,0.82,0.65,584.18
44558.83,0.64,-0.27,1.52,0.78,4.48,585.41
44558.88,0.25,-0.34,1.21,0.65,7.75,585.85
44558.92,-0.67,-1.28,0.85,0.92,7.77,586.19
44558.96,-3,-3.06,0.75,1.15,7.64,586.46
44559,-3.2,-3.34,0.8,1.09,8.27,586.8
44559.04,-3.62,-3.9,0.8,1.05,8.56,586.61
44559.08,-4.18,-4.44,1,0.99,8.79,586.5
44559.12,-4.4,-4.74,0.74,1.38,8.88,586.51
44559.17,-4.86,-5.25,0.71,1.65,9.06,586.44
44559.21,-4.6,-5.21,0.63,1.9,8.97,586.29
44559.25,-6.78,-7.25,0.82,2.94,9.32,586.26
44559.29,-6.65,-7.27,0.65,2.82,8.89,586.53
44559.33,-5.95,-6.68,0.8,2.25,8.97,586.83
44559.38,-5.93,-6.74,0.96,2.29,8.19,587.39
44559.42,-1.93,-4.12,0.78,1.76,8.22,587.91
44559.46,-1.93,-3.96,0.99,0.99,8.1,588.59
44559.5,-2.04,-3.86,0.91,0.64,9.09,588.4
44559.54,0.44,-3.12,0.76,0.33,9.56,587.78
44559.58,0.53,-2.75,0.69,3.03,9.08,587.02
44559.62,0.38,-2.43,0.96,2.96,9.6,586.55
44559.67,0.4,-2.31,1.15,2.99,9.02,586.57
44559.71,0.08,-2.16,1.52,0.05,8.58,586.63
44559.75,-2.31,-3.63,1.27,0.08,7.1,586.84
44559.79,-2.44,-3.39,1.29,0.57,2.61,587.3
44559.83,-2.09,-2.82,1.42,0.81,2.51,587.56
44559.88,-2.05,-3.04,1.14,0.74,8.39,587.74
44559.92,-2.64,-3.72,0.99,0.7,9.27,587.88
44559.96,-4.23,-4.61,0.71,0.95,9.85,588.22
44560,-4.16,-4.82,0.49,1.17,9.7,587.96
44560.04,-4.58,-5.14,0.51,1.5,9.54,587.86
44560.08,-5.07,-5.76,0.27,1.05,9.31,587.46
44560.12,-5.6,-5.82,0.52,1.68,8.95,587.25
44560.17,-6.29,-6.49,0.59,1.63,8.43,587.14
44560.21,-6.41,-6.77,0.61,1.47,8.85,586.94
44560.25,-6.1,-6.33,0.32,2.1,8.63,587.07
44560.29,-6.17,-6.49,0.39,2.04,7.72,586.84
44560.33,-6.23,-6.58,0.7,1.8,9.24,587.35
44560.38,-5.68,-6.47,0.72,1.82,9.45,587.79
44560.42,-2.26,-4.19,0.55,1.55,9.68,588.14
44560.46,-2.46,-4,0.45,0.67,9.16,588.39
44560.5,-2.02,-3.64,0.54,2.99,9.12,588.09
44560.54,1.09,-2.46,0.77,2.81,8.7,587.47
44560.58,1.12,-2.19,0.99,2.74,8.67,586.68
44560.62,1.1,-1.86,1.08,2.31,9.44,586.16
44560.67,1.08,-2.02,1.48,2.9,9.76,586.02
44560.71,0.7,-2.23,1.34,3.1,9.42,586.24
44560.75,-1.42,-4.05,1.38,3.12,9.34,586.12
44560.79,-1.24,-3.36,1.12,0.19,8,586.16
44560.83,-1.47,-3.52,1.43,0.54,9.1,586.92
44560.88,-1.47,-3.61,1.17,0.56,5.88,587.1
44560.92,-1.61,-3.77,0.92,0.72,2.07,587.38
44560.96,-3.89,-5.27,0.49,0.99,4.88,587.44
44561,-3.66,-4.73,0.16,1.87,5.1,587.28
44561.04,-3.74,-5.06,0.52,2.75,6,586.95
44561.08,-3.52,-5.09,0.6,2.77,6,586.27
44561.12,-3.47,-4.81,0.57,2.48,6,586.28
44561.17,-4.16,-5.14,0.81,2.22,6.04,586.01
44561.21,-4.5,-5.46,0.84,2.42,6.16,585.87
44561.25,-6.05,-6.98,0.84,2.7,6.09,585.93
44561.29,-5.97,-6.8,1.01,2.46,6.15,585.51
44561.33,-6.26,-7.02,1.07,1.88,6.14,586.19
44561.38,-6.26,-7.24,0.68,1.93,6.37,586.48
44561.42,-2.03,-4.08,0.41,1.48,6.27,586.59
44561.46,-1.22,-2.68,0.42,0.06,6.44,586.98
44561.5,-0.59,-1.85,0.8,2.67,5.35,586.6
44561.54,3.33,-0.63,0.97,2.38,6.1,585.93
44561.58,3.72,-0.01,1.14,2.2,6.57,585.11
44561.62,2.86,0.09,1.15,2.33,7.38,584.57
44561.67,1.66,-0.4,1.71,3.07,5.61,584.64
44561.71,0.96,-0.46,1.58,0.16,5.04,584.77
44561.75,-2.81,-3.48,1.42,0.07,6.49,585.25
44561.79,-2.92,-3.47,1.66,0.3,7.54,585.58
44561.83,-2.28,-2.97,1.86,0.42,9.06,586.59
44561.88,-2.16,-3.33,1.69,0.57,9.82,586.98
44561.92,-2.1,-3.16,1.47,0.6,9.55,587.54
44561.96,-3.32,-4.32,1.28,0.66,9.36,587.74
