$ XILUODU,segment222的宽度是根据深泓线数据确定的,,,,,,,,,,,,,,,,,,,,,,,,,,,,,,,,,,,,,,,,,,,,,,,,,,,,,,,,,,,,,,,,,,,,,,,,,,,,,,,,,,,,,,,,,,,,,,,,,,,,,,,,,,,,,,,,,,,,,,,,,,,,,,,,,,,,,,,,,,,,,,,,,,,,,,,,,,,,,,,,,,,,,,,,,,,,,,,,,,,,,,,,,,,,,,,,,,,,,,,,,,,,,,,,,,,,,,,,,,,,,,,牛栏江,,,,,,,,,,,,,,,美姑河,,,,,,,,,,,,,,,,,,西苏角河,,,,,,,,,,,,,,,,,,,,,,,,
SEG: I,1,2,3,4,5,6,7,8,9,10,11,12,13,14,15,16,17,18,19,20,21,22,23,24,25,26,27,28,29,30,31,32,33,34,35,36,37,38,39,40,41,42,43,44,45,46,47,48,49,50,51,52,53,54,55,56,57,58,59,60,61,62,63,64,65,66,67,68,69,70,71,72,73,74,75,76,77,78,79,80,81,82,83,84,85,86,87,88,89,90,91,92,93,94,95,96,97,98,99,100,101,102,103,104,105,106,107,108,109,110,111,112,113,114,115,116,117,118,119,120,121,122,123,124,125,126,127,128,129,130,131,132,133,134,135,136,137,138,139,140,141,142,143,144,145,146,147,148,149,150,151,152,153,154,155,156,157,158,159,160,161,162,163,164,165,166,167,168,169,170,171,172,173,174,175,176,177,178,179,180,181,182,183,184,185,186,187,188,189,190,191,192,193,194,195,196,197,198,199,200,201,202,203,204,205,206,207,208,209,210,211,212,213,214,215,216,217,218,219,220,221,222,223,224,225,226,227,228,229,230,231,232,233,234,235,236,237,238,239,240,241,242,243,244,245,246,247,248,249,250,251,252,253,254,255,256,257,258,259,260,261,262,263,264,265,266,267,268,,,,,,,,,,,,,
DLX,885,670,860,1250,990,840,960,760,740,970,780,1390,660,1210,660,630,820,720,700,950,2350,850,1260,800,670,710,640,650,580,730,900,800,660,640,1030,540,830,820,950,1020,860,610,660,860,850,860,770,840,900,700,960,740,820,530,760,1260,1060,960,620,1110,740,780,640,660,640,660,1070,1080,750,570,970,560,870,940,1220,790,1160,1370,1210,400,1070,1130,1120,870,1050,1240,760,1050,1430,870,1070,850,580,610,590,920,800,1040,930,1190,890,850,790,580,900,630,790,850,500,580,950,800,950,1220,1050,1000,840,940,680,970,1350,720,880,870,780,840,1040,1060,1070,920,970,680,1090,770,1160,510,940,1020,950,640,620,610,920,790,470,1150,620,700,590,840,740,670,1230,850,1130,960,840,620,1020,830,1220,770,900,1190,730,1000,780,1090,910,980,720,1260,690,1000,510,790,780,990,710,1070,950,640,980,1040,840,1410,1450,1490,540,1060,1790,690,1030,820,640,1030,820,870,600,750,520,830,1180,1250,970,1040,1110,800,940,1110,730,710,730,1160,1020,550,1030,580,940,1170,660,400,885,305,570,350,280,270,290,250,310,280,310,280,420,250,110,305,963,1000,1250,880,1010,1330,980,910,990,850,870,1700,1060,1220,510,670,180,963,876,950,1070,7860,840,640,1160,930,470,700,140,876,,,,,,,,,,,,,
ELWS,592.18,592.09,591.99,591.9,591.8,591.71,591.62,591.52,591.43,591.33,591.24,591.14,591.05,590.96,590.86,590.77,590.67,590.58,590.49,590.39,590.3,590.2,590.11,590.01,589.92,589.83,589.73,589.64,589.54,589.45,589.36,589.26,589.17,589.07,588.98,588.89,588.79,588.7,588.6,588.51,588.41,588.32,588.23,588.13,588.04,587.94,587.85,587.76,587.66,587.57,587.47,587.38,587.28,587.19,587.1,587,586.91,586.81,586.72,586.72,586.72,586.72,586.72,586.72,586.71,586.71,586.71,586.71,586.71,586.71,586.71,586.71,586.71,586.71,586.71,586.7,586.7,586.7,586.7,586.7,586.7,586.7,586.7,586.7,586.7,586.7,586.69,586.69,586.69,586.69,586.69,586.69,586.69,586.69,586.69,586.69,586.69,586.68,586.68,586.68,586.68,586.68,586.68,586.68,586.68,586.68,586.68,586.68,586.67,586.67,586.67,586.67,586.67,586.67,586.67,586.67,586.67,586.67,586.67,586.66,586.66,586.66,586.66,586.66,586.66,586.66,586.66,586.66,586.66,586.66,586.65,586.65,586.65,586.65,586.65,586.65,586.65,586.65,586.65,586.65,586.65,586.64,586.64,586.64,586.64,586.64,586.64,586.64,586.64,586.64,586.64,586.63,586.63,586.63,586.63,586.63,586.63,586.63,586.63,586.63,586.63,586.63,586.62,586.62,586.62,586.62,586.62,586.62,586.62,586.62,586.62,586.62,586.62,586.61,586.61,586.61,586.61,586.61,586.61,586.61,586.61,586.61,586.61,586.61,586.6,586.6,586.6,586.6,586.6,586.6,586.6,586.6,586.6,586.6,586.6,586.59,586.59,586.59,586.59,586.59,586.59,586.59,586.59,586.59,586.59,586.59,586.58,586.58,586.58,586.58,586.58,586.58,586.58,586.58,586.58,586.58,586.58,586.57,586.57,586.57,586.57,586.57,586.57,595,595,594.31,593.62,592.93,592.24,591.55,590.86,590.17,589.48,588.79,588.1,587.41,586.72,586.72,596,596,595.37,594.75,594.12,593.5,592.87,592.24,591.62,590.99,590.37,589.74,589.11,588.49,587.86,587.24,586.61,586.61,606,606,603.84,601.69,599.53,597.38,595.22,593.07,590.91,588.76,586.6,586.6,,,,,,,,,,,,,
ANGLE,0,3.14,3.14,2.87,2.36,2.39,2.98,2.87,3.14,3.14,3.14,3.14,3.89,3.93,3.43,3.6,3.6,3.6,3.47,3.61,3.61,3.5,3.7,3.6,3.6,3.6,3.86,5.18,5.18,5.81,5.97,5.66,5.66,5.5,5.5,4.8,4.8,4.25,4.52,4.46,4.25,4.25,4.03,3.93,3.93,3.93,3.93,4.56,5.16,5.5,5.5,4.83,4.71,4.42,4.42,4.08,4.25,4.06,3.87,3.6,3.14,3.14,3.14,3.3,3.93,3.93,3.93,3.69,3.86,3.8,3.8,3.4,3.79,3.9,4.25,3.92,3.6,3.6,3.14,4.24,4.26,4.71,4.71,4.82,5.04,4.97,4.61,3.78,3.14,3.58,3.16,2.55,2.04,2.04,2.37,3.14,3.14,3.92,5.04,3.93,3.93,3.93,4.04,4.12,4.12,3.93,4.25,4.21,4.21,3.6,3.6,3.64,3.93,4.16,4.71,4.52,3.61,3.93,3.93,3.93,4.08,4.41,4.24,3.75,3.75,3.6,3.47,4.24,4.24,4.24,3.61,3.69,3.6,3.6,3.6,3.6,3.14,2.68,3.14,2.77,2.77,3.54,3.14,3.14,3.14,3.14,3.64,3.93,3.93,3.93,3.93,3.93,3.93,4.24,4.58,3.93,3.57,2.65,2.65,1.57,0.93,0.84,1.57,1.59,2.36,2.36,2.91,2.68,3.14,3.14,2.81,2.81,1.6,1.6,1.11,0.88,0.88,1.57,2.28,2.36,2.68,2.82,2.82,3.42,3.31,4.19,3.62,3.6,2.68,2.69,3.64,4.41,4.41,3.93,4.24,4.45,3.85,3.81,4.24,4.24,4.24,4.24,3.93,3.93,3.93,3.93,3.61,3.6,3.6,3.48,4.14,4.35,4.62,4.62,4.24,3.86,3.86,3.75,4.25,4.71,5.41,5.41,5.41,2.15,2.15,2.28,2.28,2.33,2.33,2.59,2.59,2.65,2.91,2.91,2.97,2.48,2.48,2.48,4.71,4.71,5.05,6.1,5.85,5.86,4.31,4.72,4.59,4.58,4.54,4.19,4.1,4.62,4.69,4.75,4.26,4.26,0,0,5.6,5.62,0.13,5.46,0.41,0.14,0.28,0.13,6.08,6.08,,,,,,,,,,,,,
MANNING,0.035,0.035,0.035,0.035,0.035,0.035,0.035,0.035,0.035,0.035,0.035,0.035,0.035,0.035,0.035,0.035,0.035,0.035,0.035,0.035,0.035,0.035,0.035,0.035,0.035,0.035,0.035,0.035,0.035,0.035,0.035,0.035,0.035,0.035,0.035,0.035,0.035,0.035,0.035,0.035,0.035,0.035,0.035,0.035,0.035,0.035,0.035,0.035,0.035,0.035,0.035,0.035,0.035,0.035,0.035,0.035,0.035,0.035,0.035,0.035,0.035,0.035,0.035,0.035,0.035,0.035,0.035,0.035,0.035,0.035,0.035,0.035,0.035,0.035,0.035,0.035,0.035,0.035,0.035,0.035,0.035,0.035,0.035,0.035,0.035,0.035,0.035,0.035,0.035,0.035,0.035,0.035,0.035,0.035,0.035,0.035,0.035,0.035,0.035,0.035,0.035,0.035,0.035,0.035,0.035,0.035,0.035,0.035,0.035,0.035,0.035,0.035,0.035,0.035,0.035,0.035,0.035,0.035,0.035,0.035,0.035,0.035,0.035,0.035,0.035,0.035,0.035,0.035,0.035,0.035,0.035,0.035,0.035,0.035,0.035,0.035,0.035,0.035,0.035,0.035,0.035,0.035,0.035,0.035,0.035,0.035,0.035,0.035,0.035,0.035,0.035,0.035,0.035,0.035,0.035,0.035,0.035,0.035,0.035,0.035,0.035,0.035,0.035,0.035,0.035,0.035,0.035,0.035,0.035,0.035,0.035,0.035,0.035,0.035,0.035,0.035,0.035,0.035,0.035,0.035,0.035,0.035,0.035,0.035,0.035,0.035,0.035,0.035,0.035,0.035,0.035,0.035,0.035,0.035,0.035,0.035,0.035,0.035,0.035,0.035,0.035,0.035,0.035,0.035,0.035,0.035,0.035,0.035,0.035,0.035,0.035,0.035,0.035,0.035,0.035,0.035,0.035,0.035,0.035,0.035,0.035,0.035,0.035,0.035,0.035,0.035,0.035,0.035,0.035,0.035,0.035,0.035,0.035,0.035,0.035,0.035,0.035,0.035,0.035,0.035,0.035,0.035,0.035,0.035,0.035,0.035,0.035,0.035,0.035,0.035,0.035,0.035,0.035,0.035,0.035,0.035,0.035,0.035,0.035,0.035,0.035,0.035,0.035,0.035,0.035,0.035,0.035,0.035,,,,,,,,,,,,,
LAYER,,BR1,,,,,,,,,,,,,,,,,,,,,,,,,,,,,,,,,,,,,,,,,,,,,,,,,,,,,,,,,,,,,,,,,,,,,,,,,,,,,,,,,,,,,,,,,,,,,,,,,,,,,,,,,,,,,,,,,,,,,,,,,,,,,,,,,,,,,,,,,,,,,,,,,,,,,,,,,,,,,,,,,,,,,,,,,,,,,,,,,,,,,,,,,,,,,,,,,,,,,,,,,,,,,,,,,,,,,,,,,,,,,,BR2,,,,,,,,,,,,,,,BR3,,,,,,,,,,,,,,,,,,BR4,,,,,,,,,,,,,,,,,,K,Area,Volume (m^3),Volume(af),Bottom Elevation(m),Bottom Elevation(ft),mult
2,0,0,0,0,0,0,0,0,0,0,0,0,0,0,0,0,0,0,0,0,0,0,0,0,0,0,0,0,0,0,0,0,0,0,0,0,0,0,0,0,0,0,0,0,0,0,0,0,0,0,0,0,0,0,0,0,0,0,0,0,0,0,0,0,0,0,0,0,0,0,0,0,0,0,0,0,0,0,0,0,0,0,0,0,0,0,0,0,0,0,0,0,0,0,0,0,0,0,0,0,0,0,0,0,0,0,0,0,0,0,0,0,0,0,0,0,0,0,0,0,0,0,0,0,0,0,0,0,0,0,0,0,0,0,0,0,0,0,0,0,0,0,0,0,0,0,0,0,0,0,0,0,0,0,0,0,0,0,0,0,0,0,0,0,0,0,0,0,0,0,0,0,0,0,0,0,0,0,0,0,0,0,0,0,0,0,0,0,0,0,0,0,0,0,0,0,0,0,0,0,0,0,0,0,0,0,0,0,0,0,0,0,0,0,0,0,0,0,0,0,0,0,0,0,0,0,0,0,0,0,0,0,0,0,0,0,0,0,0,0,0,0,0,0,0,0,0,0,0,0,0,0,0,0,0,0,0,0,0,0,0,0,0,0,0,0,0,0,,,,,,,1,,0,,602,,
2,0,303.6,130.8,234.9,172.4,160.9,155.6,181.2,165.3,168.7,162,156.7,202.1,227,285.1,256.7,183.3,250.2,222.4,287,295.5,212.2,226.4,241.4,192.6,162.6,186.8,256.9,269.9,278,327.4,247,324.4,347.3,399.2,345.1,327.6,379,380.1,321,445.2,339.6,290,316.1,570.7,600.1,475.8,530.5,411.5,466.2,436.3,446.1,421.1,458.4,394.6,351.4,463.2,347.4,287.6,378.4,403,529.5,388.7,321.5,314.7,338.5,636.5,592.7,412.3,351.2,363.4,471.9,646.9,449.6,353.1,483.6,380,494,445.1,545.8,404.1,625.2,475.8,557.9,549.1,750.8,706.9,555,517.1,479.1,597.3,385.4,682.8,738.2,618.7,579.5,639.3,631.9,480.5,586.5,495.5,363.8,580.9,634.4,478.1,591.8,671.7,994.5,1000.3,912.4,951,797.8,702.2,1076.2,706.8,784.2,887.8,811,660.1,636.7,884.2,792.3,672.8,594.5,532.7,600,545.8,720.1,972.5,460.2,496.3,565.6,588.2,744.2,501.5,675.6,595.9,1008.1,732.6,965.5,858.3,696.4,706.4,698.7,595.8,596.4,566.6,674.4,642.9,741.1,591.3,625.7,667.3,682.6,708.9,740.4,777.2,635.4,892.7,1260.5,1246.8,824.8,538.8,635.1,1147.6,1326.7,1002.8,881,753.4,766,792.8,800.1,747.1,623.7,1224.4,957.7,1134.3,811.2,751.7,592.4,694.8,668.5,858.4,885,787.4,749.9,906.8,773.7,674.2,1065.3,963.6,624.6,785.2,1232.6,1423.6,1403.6,1506.3,1217.7,887.2,571.8,711.1,712.2,703.4,870,1147.8,808.1,1148.9,847,773.1,879,957.7,870.5,766.4,576.9,830.9,901.7,1043.3,935.1,680.1,733.9,611.8,485.02,0,0,167.6,134.9,125.3,206.6,230.3,252,273,219.6,262.1,294.6,272.8,160.6,305.7,0,0,46.2,96.3,264.9,191.6,255.9,286,238.5,374.5,291.2,372.2,410.2,502.7,443.3,428.8,340.9,420.2,0,0,23.6,125.5,171.3,226.1,201.4,277.7,307,428.6,370.6,576.7,0,,,,,,,2,,258334896,,600,,
2,0,295.2,126.2,234.3,167,149.1,155.6,178,164.8,167,156.3,155,190.6,214,277.2,247.3,167.8,248.1,217.7,264.9,295.5,212.2,216.3,241.4,188.2,156.9,173,253.7,262,278,324.9,240.7,318,336.7,397.3,341.2,324.3,370.9,340.5,317.4,439.3,303.9,279,312.8,501.4,587.9,443.7,527.2,405.6,454.4,431.5,446.1,417.4,417.9,384.9,347.4,448.8,341,287.6,372.3,400.6,527.5,385.6,315.3,297.1,337.6,631.8,585.5,405.6,349.3,353.1,465.1,635.8,443.9,339.5,477.9,369.4,478,441.7,543.2,397.1,602.6,467.3,556.8,535.4,743.7,699,542.7,499,469.9,589.1,385.4,676.6,734.3,614.3,578.2,636.8,627.3,477.9,584,490,362.6,576.6,631.5,471.9,588.6,665.3,983.7,981.4,907.8,942.5,796.3,682.6,1075.7,693.2,778.1,877.1,802.6,656.7,629.4,881,787.2,669.9,592.1,530.2,591.2,542.5,713.6,967.4,456.7,490.3,561.5,585.2,725.7,496.5,666.1,593,1005,730.7,961.4,853.5,686.8,698.1,694.5,585.6,594.7,559.1,669.9,636.8,735.1,587.1,624.7,664.9,678.7,705,732.5,770.5,634.7,888.9,1247.6,1239.6,808.7,535.6,629.7,1143.3,1323.2,997.9,876.4,749.1,760.8,788.5,794.5,746,618.8,1223.3,950.3,1123.6,806,746.5,586.9,689.9,663.9,853.9,879,782.9,747.8,899.8,771.2,667.9,1059.1,952.6,619.6,783.5,1230.8,1421.2,1398.9,1493.2,1200.9,884.2,565.6,707.1,709.3,698.6,843.1,1145,802.2,1143.6,844.5,772.7,873.7,955.3,869.1,766,574.2,822.9,895.8,1039.1,931.8,669.8,726.5,609.3,485.01,0,0,161.7,131.1,122,204.3,224.3,248.4,264.2,215.3,256.7,287.1,269.4,157.2,298.3,0,0,40.1,96.1,264.9,188.6,254.1,285.6,233.3,371.2,290,372.2,403.8,496,440.2,426.4,338.1,419.5,0,0,0,124.4,164.8,226,198.6,274.7,303.5,427.8,366.2,576,0,,,,,,,3,,255363698,,598,,
2,0,284.9,126.2,231.5,167,141,150.9,170.8,154,167,151.1,149.8,184.5,205.8,264.6,236.5,167,244,208.2,258.8,282.6,210.5,209.8,240.9,186.7,153.7,173,253.2,259.6,273.5,318.5,230.6,308.5,332.7,394.4,330.6,319.1,370.4,334.1,315.3,425.3,296.3,264.6,310.1,488,575.7,433.9,524.2,402.6,450.9,428.9,443.6,415.6,386.5,384.9,347.4,445.2,336.4,286.7,364.1,396.1,517.3,376.9,307.5,293.9,335.6,628.4,574.7,399,345.5,349.2,457.6,624.9,434.7,326.8,473.9,362.8,478,434,536.2,397.1,602.6,458.2,556.8,513.5,740,696.9,535.1,485,464.2,582.7,384.9,666.9,732.6,609.7,578.2,635.4,625,473.7,580.4,486.7,359.3,568.6,630.5,466.8,580.9,662.6,978.2,968.5,901.9,923,785,673.5,1058.6,676.7,770.5,874.1,789.9,647.6,629.4,878.2,783.4,662.7,589.7,522.8,585.2,539.6,707,965.2,451.9,490.3,555,582.1,722,495.1,664.8,592.1,996.3,725.2,958.2,845.3,682.6,691.9,690.7,584.5,591.2,555.7,658.4,632.8,726.1,582.4,621.2,653.9,675.1,699,728.5,762.7,630.1,884.9,1241,1235.3,798,534.6,622.3,1141.3,1293.2,992.9,868.3,742,751.8,783.5,786.9,744.5,614.8,1211.3,942.5,1120,804.6,739.1,585.9,683.2,658.7,821.8,874.9,780.1,744.5,894.3,762.3,660.4,1050.1,949.8,619.6,776.2,1223.2,1331.8,1396.3,1484.4,1154,878.9,559.9,705,708.6,689.3,843.1,1137.9,793.3,1140.6,844.5,765.6,871.6,953.3,864.7,761.5,569.3,820.8,889.4,1036,924.8,669.8,724.1,604,485.01,0,0,161.3,131.1,116.4,201.5,220.8,243,256.2,213.2,255.9,273.8,261.7,157.2,298.3,0,0,39.7,90.4,255.2,180.3,244,282.9,228.1,364.3,287.1,366.4,400.1,493.6,434.5,421.6,335.9,410.9,0,0,0,117.2,164.8,216.1,195.5,273.6,299.1,426,359.1,572.3,0,,,,,,,4,,252653606,,596,,
2,0,272.5,122.5,220.1,161.7,136,150.9,167.2,154,164.6,146.6,149,178.6,199.3,247.1,224.6,163.7,235.7,208.2,241,270.5,210.1,202.4,223.3,185.8,153.4,167.9,247.9,254.6,271.9,314.8,218.2,302.8,324.7,391.9,323.2,315.1,360.9,332.7,306.3,411.4,272.9,261.8,308.5,487.2,552.8,418.6,513.9,393.5,447.2,428.1,437.1,413.1,376.5,379,340.8,434.9,329.6,286.7,357.6,390.5,495.9,373.3,297.8,279.8,335.6,627.9,565.3,393.6,342.1,346.8,454.1,616.6,426.1,316.2,468.4,357.1,453.6,430.8,531.9,394.3,602.6,444.7,555.2,503.2,731.9,686.7,528.9,468.7,461.1,575.6,384.9,650.8,731.7,601.5,572.9,632.6,616.9,442.7,574.8,477.3,357.6,564,624.4,459.3,577.6,657.8,962.6,965.5,891.5,915,779.4,673.2,1049.4,675.1,763.4,867,784.9,644.2,623.9,872.2,780.6,654.9,586.1,517.9,580.9,536.3,706.8,960.2,447.4,483.4,550.5,576.5,715.1,490.3,661.2,588.8,989.2,722.4,954.8,841.4,672.5,683.9,685.1,581,588.8,546.7,651.7,628.4,721.9,581.4,616,649.4,671.4,694.6,718.7,758.5,624.6,868.1,1233.7,1232.5,784.1,532.9,616.4,1139.2,1283.7,978.9,861.5,738.3,743.8,780.9,781.3,740.4,608.9,1200.3,926.6,1111.8,801.4,731.5,580.5,676.7,649.7,819.1,870.4,773.8,742.1,890.9,758.8,656.7,1046.9,944.8,612.4,770.2,1217.7,1331.8,1381.9,1475.4,1140.2,876.5,559,701.2,704.6,679.5,836,1133,786.4,1135.9,840.5,763.8,860.6,949,859.3,761.3,568.5,817,888.7,1035.7,921,654.6,718.3,603.5,485.01,0,0,155.9,127.6,116.4,201.5,216.7,243,236.7,208,252.9,271.4,253,151.6,291.4,0,0,37,84.8,247.3,174.7,234.9,281.6,224.2,355.9,284.6,362.6,392.9,485.5,432.8,420.1,332.8,407.1,0,0,0,117.2,155.1,208.1,192.3,273,294.9,422.8,356.2,572.2,0,,,,,,,5,,249781564,,594,,
2,0,253.4,105.7,209.9,157.7,135.1,147.6,162.1,153.9,157.8,142,145,170,189.8,224.6,213,158.5,228.3,197.8,221.8,254.8,208.8,200.4,218.6,184,153.4,161.7,239.3,247.2,266,308.4,209.3,300.3,316.1,384.7,313,308.9,347.9,327.3,304.2,397.6,272.9,257.3,304,483.3,541.4,390.4,510.5,388,438.6,423.1,434.5,404.9,375.2,373.1,339.4,420.9,329.6,286.7,356.3,390,479.9,366.4,295.8,274.2,334.6,626.1,555.8,393.6,340.2,341.8,445.4,602.7,424.7,288.9,464.3,345.9,453.6,425,530,392.9,556.3,431.8,551.7,489.7,727.3,678.7,511.9,451.5,451.2,571.4,384.9,649.6,731.4,596.7,572.9,627.2,612,442.7,572.2,468.4,355.1,559.9,620.2,452.2,571.7,653.8,937.2,953.6,885.3,902.5,771.4,673.2,1032.6,673.3,755.9,856.7,774.1,629.8,615.6,866.2,772.4,647.1,575.8,505.6,571.4,533.4,696.2,954.9,442.9,476,542.7,571.4,704.3,481.5,656.6,585.1,982,719.1,951.3,832.2,660.5,671.2,670.5,574.3,588.8,543.6,641.1,619.8,712.6,579.7,610.1,636,667.4,688,712.6,749.2,624.6,855.1,1224.1,1224.3,755.2,529.1,611.7,1134.3,1271.2,965.5,854.5,732.7,738.9,775,775.2,735.4,608.9,1182.6,914.6,1103.7,801.4,731.5,580.5,676.7,642.9,809.3,864.2,771.6,739.9,884.2,753.7,650.9,1039.7,939.3,612.4,767.4,1211.8,1331.8,1366.3,1463.5,1140.2,874.1,555.1,700.1,702.3,654.8,780.7,1125,777.3,1135.6,840.5,760.4,860.6,941.2,859.3,753,567.7,815.6,882.8,1029.9,863.1,645.8,718.3,599.4,485.01,0,0,153.4,124.4,114,195.8,209.1,234.9,226.8,204.9,248.2,265.8,250.4,148.7,280.7,0,0,37,80.8,247.3,168.6,234.9,270.6,223.1,355.9,284.6,359.9,387.3,485.5,424.8,420.1,332.8,407.1,0,0,0,107.6,155.1,204.8,187.8,273,290.1,422.8,349.9,569.2,0,,,,,,,6,,246668090,,592,,
2,0,243.4,105.3,187.5,157.6,130,145.7,157.9,133.4,152.6,140.2,140.8,170,182.1,224.6,208.7,158.5,223.6,197.8,207.8,246.4,206.6,186.5,218.6,182.1,149.5,155.9,234,239.7,266,297.6,197.6,297.3,316.1,365,299.7,305.1,343.7,325,297.3,382.1,266.8,253.4,291.5,480.5,532.8,380.7,501,379.8,428.7,415.8,426.6,396.5,371.6,366.4,335,397.2,325.5,286.2,345.8,380.8,467.1,360.6,292.9,265.5,319.2,617,543,385.5,335.8,332.6,430.4,594.7,416.8,279.5,454.7,338.4,443.9,420.6,526.1,392.7,553.3,420.1,538,445.9,720.2,662.8,498.5,446.5,450.3,570.6,384.6,640.7,726.6,585.4,563.7,623.1,606.6,420.9,567.6,459.2,355.1,553.9,618.9,448.9,566.7,653.8,924.6,938.4,862.9,886.3,765.6,671.5,1027,658.8,744.2,848.9,769.3,607.5,608.8,852.1,770.2,642.3,574.3,502.7,561.4,523.4,694.4,950.7,438.4,471.7,542.7,560.8,688.9,481.5,649.5,580.6,973.3,712.4,944.5,827.8,660.5,671.2,670.5,572.5,580,534.3,638.8,619.8,706.2,579.7,605.1,632.1,664.9,686.1,697.9,745.1,617.3,846.1,1216,1224.3,684.8,529.1,588,1130.7,1271.2,953.5,848.1,732.7,734.9,775,770.5,731,599.1,1170,900.6,1098.1,792.6,725.1,570.3,670.4,638.6,794.3,860.2,763.2,737.4,875.7,744.7,642,1025.1,932.8,608.1,757.3,1174.3,1225.6,1354.5,1450.5,1134.9,869.5,547.9,695.5,697.1,654.8,780.7,1114.2,763.6,1129.1,840.5,754.8,852.3,937.7,855.1,740.6,560.8,810.2,873.8,1025.5,833.6,637.5,709,595.2,485.01,0,0,149.6,123.8,113.9,194.4,201.3,226.1,210,199.6,237.6,261.9,240.1,145.1,274.7,0,0,34.8,80.8,239,160.4,228.1,260.2,214.6,346.7,280.1,346.1,382.2,477.1,418.8,410.1,324.2,402.3,0,0,0,105.9,147.1,201.2,187.8,272.3,285.3,422.8,344,564.3,0,,,,,,,7,,243129274,,590,,
2,0,229.3,105.3,151.9,153.5,126.8,136.9,157.9,133.4,147.1,140.2,139.6,160.6,177.5,199,199.5,158.5,215.9,184,200,231.5,204.7,180.8,218.6,180.7,143.7,149.8,225.5,229.9,259.3,280.5,189.8,297.3,297.9,345.3,293.2,297.6,312,321.3,292.5,377.7,265.2,251.5,291.5,474.7,520.1,376.2,497.6,365.3,420.5,415.8,413.8,391.1,359.9,364.8,331.7,387.3,319.9,285.5,335.9,377.7,446.7,360,291.1,260.8,304.4,617,536.8,382.4,333.3,328,424.3,587,415.6,272.1,452.3,329,434.3,417.2,526,388.3,538.4,391.5,531,445.9,713.2,657.3,482.3,437.3,441,558.1,384.6,638.7,721.5,581.3,563.7,621.3,604.2,416.1,567.6,446.8,337.7,552,613.9,445.4,562.8,642,919.1,926.3,853.2,883.1,762.1,636.9,1023.4,648.3,736.3,839.3,762,594.4,596.1,846.2,764.4,634.3,574.3,496.9,554.9,523.4,683.4,946.2,429.1,464.4,529.8,560.8,677.5,474.7,649.5,580.6,967.5,712.4,944.5,815.6,644.7,657.5,654.1,563.9,579.3,534.3,626.2,607.8,700,569.9,599.2,629.9,661.3,678.9,697.9,734.2,617.3,843.2,1207.1,1215.1,678,521.1,570.4,1123.1,1261.6,947.4,845.9,725.8,729.2,766.2,764.7,726.4,595.9,1148.6,894.5,1091.1,788.9,719.3,570.3,670.4,631.2,783.4,848.4,763.2,733.8,867.6,742.5,642,1019.7,925.8,604.4,757.3,1174.3,1214.1,1348.3,1435,1124.8,869.5,540.9,691.4,697.1,638.5,777,1102.7,742.5,1125.2,840.5,751.2,852.3,931.3,848.1,740.6,560.8,797.6,873.8,1015.2,828.8,626.7,705.8,595.2,485.01,0,0,146,116.3,110.1,178.6,198.9,223,204.6,195.5,226.2,257.1,240.1,145.1,260.4,0,0,0,73.1,233.5,158,226.4,254.7,214.6,344.1,279.1,346.1,372.1,467.8,414.4,410.1,324.2,402.3,0,0,0,97.3,145.9,198.3,183.3,268.6,276.9,412.1,339.3,560.9,0,,,,,,,8,,240096318,,588,,
2,0,215.6,105.3,143.8,151.1,126.8,136.9,146,126.4,146,139.8,138.8,160.6,169.3,193.2,187.1,147.1,207.3,184,200,226.1,202.3,172.6,216.2,180.7,143.7,143.9,219.5,229.9,259.1,276.3,189.8,284.5,297.9,324.3,290.5,297.6,312,318.2,287.3,370,261.8,248.5,286.8,474.7,510.7,370.8,488.6,362.7,406.4,408.2,409,386.1,351.3,346.9,320.1,386.9,316.5,285.5,335.9,371.1,414.4,357.1,289.6,249.3,294.6,609.9,521,379.5,330.7,320.8,410.3,558.3,404.8,269.2,445.1,324.2,434.3,410.4,526,388.3,537,386.4,527.6,438.4,707.4,646.2,482.3,433.7,433.1,546.8,384.6,626.3,716.4,570.9,563.7,621.3,596.2,414.8,563.9,436.8,331.4,542.3,608,432.9,557,636.2,907.3,920,833.9,873.6,748.7,633.4,1010,646.7,729.2,827.5,745.7,569.1,596.1,831.7,764.4,620,568.9,487.5,543.9,511.8,683.4,942.5,422.5,460.8,524.5,550.5,667,469.2,641.4,564.3,957.8,705,937.8,812.3,644.7,657.5,646.8,563.9,575,534.3,620.9,607.8,694.9,566.6,599.2,620.8,656.3,672.1,676.7,721.4,613.3,833.2,1195.4,1182.1,672.2,516.4,564.9,1110.1,1254.8,934.8,840.7,725.8,710.7,754.8,758.7,719.6,595.9,1096.9,879.3,1087.6,788.9,714.6,565.3,667.4,631.2,780.1,846.3,754.8,732.8,863.8,734.6,633,1014.6,925.8,601.7,739.3,1174.3,1207.8,1332.9,1435,1117.7,869.5,531.6,688.9,690.3,625,777,1094.4,722.1,1125.2,839,748.3,838.4,929.4,848.1,740.6,560.8,792.6,866.6,1011.8,828.8,620.2,701.8,587.1,485.01,0,0,141.4,116.3,110.1,176.9,190.9,222,185.7,192,220.7,257.1,240.1,137.4,250.8,0,0,0,61.5,229.8,156.4,217.7,248.4,212.9,333.9,275,343.8,365.5,463,414.4,408.2,321.5,399.7,0,0,0,92.6,141,190.9,179.3,268.6,271.3,411.6,339.3,560.9,0,,,,,,,9,,237255050,,586,,
2,0,175.7,96.2,135.8,139.6,111.1,136.9,146,126.4,139.8,137.9,131.7,145.7,161.3,181.6,187.1,147.1,199.3,171.4,191.8,215.5,202.3,172.6,209.6,178.6,143.7,138.1,213.4,222,248.1,270.9,181.7,279.7,297.9,320.2,276.9,297.6,296.7,310.4,279,370,252.9,245.3,280.8,467.3,502.3,362.3,485.6,359.5,400.1,402.3,394.9,377.5,341.1,342,312.1,376.3,311.2,283.9,326.9,364.2,395.6,343.4,289.1,244,288.1,609.9,514.8,363.5,326.7,314.7,405.5,536,402,268.1,439.7,315.8,429.2,410.4,511.6,387.5,528.2,380.4,527.6,438.4,691.9,628.8,472.6,425.3,419.1,537.9,384.6,626.3,716.4,560.4,563.7,615.2,591.5,414.8,559.4,426.9,331.4,535.7,604.9,432.9,541.6,636.2,900.5,909.5,831.3,864.4,738.7,622.5,984.4,646.7,717.5,823.6,727.9,557.8,586.2,817.1,752.7,615.6,560.4,482.1,537.7,511.8,677.4,938.1,422.5,456,520.1,543.4,637.2,463.6,641.4,564.3,952,696.6,928.3,805.5,632.2,643.3,636.1,557.6,575,524,604.6,601.8,689.7,566.6,592.1,620.1,650.3,671.9,669.8,721.4,610.1,819.6,1190,1172.6,655.7,511,557.1,1103.6,1242.6,924,829.6,717.4,705.6,749.2,747,713.5,589.1,1064.3,873.6,1077,780.1,703,560.6,661.7,620.6,775.2,846.3,750.3,726,853.5,728.4,633,1008.7,913.2,601.2,732.9,1174.3,1197,1316.3,1418.8,1109,861.7,527.7,688.9,685.9,625,771.6,1081,698.5,1119.6,833.5,740.6,831.9,919.9,842.6,736.5,551.7,788.5,866.6,1005.3,813.3,620.2,696.8,587.1,485.01,0,0,136.3,115,110.1,176.9,187.9,211.2,175,192,217.5,247.2,229.1,133.1,240.4,0,0,0,61.5,222,154.8,211.6,240.2,206.8,328.4,270.1,338.7,356,463,407.4,405.5,315.7,391.7,0,0,0,83.7,135.8,190.9,175.3,264.5,267.6,408,328.7,552.1,0,,,,,,,10,,234135740,,584,,
2,0,88,90.2,127.8,125.4,111.1,125.4,138,109.6,134.7,137.9,131.7,145.7,149,168,183.1,147.1,199.3,171.4,187.1,207.4,200.3,158.8,209.6,172.6,143.7,132.1,204.4,222,248.1,270.9,173.9,269.6,285.4,312.2,268.2,282.8,296.7,295.6,276.8,361.4,252.9,241,277.6,462.8,496.5,362.3,479.3,355.1,387,392.6,388,367.7,334.3,334.2,306.6,376.3,310.6,278.1,316.3,359.9,386.1,343.4,285,239.6,279.5,604.7,499.9,357.7,320.1,312.1,394.9,509.7,395.4,263.5,429.8,315.8,417.5,404.3,511.6,382.3,518.5,375.9,515.4,437.1,687.5,617.3,472.6,420.2,400,537.9,384.6,618.1,708,553.8,549.4,610.7,588.5,409.3,553.6,423.1,325.4,527.5,593.7,427.6,539.6,624.5,885,883.4,825.3,854.2,726.8,608.2,980.7,635.4,711.7,812.9,718,551.4,580.4,810.9,747,609.9,557.1,473.4,534.5,498,671.5,926.7,417,450.7,515.5,532.7,637.2,463.6,631.1,558.8,947.7,688,920.4,799.8,630.1,639.9,620.9,557.6,562.8,524,596.4,601.1,680.8,563.1,587.3,609.4,650.3,662.8,654.8,711,600.9,813.9,1175.9,1164.5,654,511,549.4,1093,1234.3,921.2,821.9,711.6,694.7,744.1,741.1,713.5,589.1,1057.4,857.1,1069.8,777.6,703,559.2,660.8,620.6,769.2,829,742.3,719,853.5,722.1,628.1,996.1,913.2,601.2,732.9,1174.3,1197,1289.1,1409.8,1089.8,861.7,524.4,680.7,685.9,620,770.4,1074.6,685.8,1111.9,833.5,737.9,831.9,908.5,841.5,736.5,551.7,788.5,851.8,993.6,799,609,683.6,578.7,485.01,0,0,136.3,108.9,103.6,166.5,184.1,209.2,175,187.5,205.8,247.2,229.1,131,240.4,0,0,0,47.1,216.1,149.3,204,240.2,206.8,322.4,261.5,332.6,356,448.2,407.4,399,310.7,388.8,0,0,0,53.9,135.8,189.8,175.3,263.9,258.2,403.9,328.7,552.1,0,,,,,,,11,,231204838,,582,,
2,0,56,90.2,120,120.6,111.1,125.4,134,109.6,133.4,133.9,131.7,145.7,149,159.9,183.1,122.1,183.2,163.3,179.2,199.7,192,158.8,209.6,172.6,136.2,126.1,203.3,216.1,248.1,254.9,157.9,261.1,285.4,304.2,267.1,282.8,280.5,287.1,269.5,353,244.4,241,277.6,453.9,488.2,354.4,473.5,343.8,375.1,381.7,375.5,361.3,320,331.5,298.3,364.7,306.9,274.2,311.3,352.7,380,341.6,285,233.9,274.8,599.1,499.9,357.7,317.7,298.7,394.9,501.4,392.9,256.8,423,313.9,414.8,399.6,509.8,371,516.4,367.7,508,434.6,672.5,601,460.4,420.2,387.1,537.9,383.6,611.1,705.8,540.1,549.4,610.7,580.3,400.8,549.1,409.9,318.3,520.4,593.7,424.2,530.2,624.5,879.1,883.4,808.3,833.1,712.1,600.6,975.2,635.4,706.6,802.1,704.8,541.7,572.9,792,740.8,602.4,551.4,473.4,522.8,498,668.3,919,411.7,445.9,504.4,532.7,637.2,457,631.1,548.6,934.7,682.8,920.4,789.9,619.5,625.4,613,549.2,555.6,524,588.6,594.5,676.9,558.6,587.3,605.7,639.8,652.6,646.1,701.8,596.9,810.5,1165.3,1158.4,646.1,507.1,549.4,1082.8,1221,910.8,816.6,706,684.3,737.4,735.2,707.3,589.1,1050.3,850.2,1059.3,773.1,691.5,553.5,654.6,612.4,758.1,829,742.3,718.7,838.7,709.2,622.9,992.7,906.7,589.5,713.3,1144.3,1186.9,1263.2,1395.1,1085.5,859.7,520.7,680.7,678.2,609.7,770.4,1056.2,669.7,1105.8,830.4,735.1,831.9,903.9,819.5,736.5,548,779.5,851.8,981.4,759,603.8,683.6,578.7,485.01,0,0,127.3,106.7,103.6,166.5,181.8,203.6,151.9,184.5,205.8,247.2,229.1,131,238.6,0,0,0,40.6,212.8,143.5,200.3,230.9,194.4,322.4,261.5,332.6,350.5,448.2,401.9,396,310.7,388.8,0,0,0,47.9,131.9,184.6,172.8,263.9,258.2,403.9,323.7,552.1,0,,,,,,,12,,228288562,,580,,
2,0,31.6,82.2,104.1,117,102.6,124.2,134,106.9,133.4,124.5,124.3,128.4,133.8,148.1,172.7,122.1,176.3,161.3,179.2,190.9,190.7,158.8,209.6,172.6,136.2,120.4,198.1,213.4,229.2,254.9,157.9,255.7,285.4,304.2,259.6,269.6,280.5,283.9,269.5,336.9,236.1,235,268,441.4,483.7,354.4,473.5,336,375.1,359.7,375.5,353.3,317,320.7,285.5,360.3,301.6,270,293.6,343.7,380,335.7,281.1,223,267.8,599.1,479.2,348.2,312.3,292.1,389,484,386.3,256.8,423,303.9,406.9,394.6,504.9,371,504.3,361.7,502.5,434.5,666.9,594.3,460.4,411.6,365.5,516,383.6,602.3,693.8,537,549.4,604.3,569.4,400.8,546.9,402.6,318.3,518,585.8,416.8,525.1,619.9,865.9,841.3,780.1,818.2,700.3,600.6,955.4,631.6,698,795.1,696,541.7,563.2,774.4,735.3,590.8,551.4,468,516.6,498,660.9,914.7,407.5,441.3,504.4,525.4,629.7,441.3,621.4,546,933.7,676.3,920.4,779.4,619.5,625.4,607.5,545.3,555.6,517.6,571.9,594.5,674.4,554.5,566.7,590.6,638,648.2,632.5,696.7,584.1,804.7,1160.1,1077.8,644.4,504.6,546.5,1076.5,1209.6,902,803.8,695.5,684.3,737.4,729.6,703.5,583.8,1043,832.5,1048.9,769.4,691.5,543.8,654.6,612.4,752.5,821.3,726.9,713,834.8,709.2,616.9,980.2,896.4,589.5,713.3,981.4,1176.3,1251.1,1390.7,1067.5,858.4,509.3,671.9,672.1,609.7,765.8,1045.6,659.3,1103.2,830.4,732.8,814.4,899.5,819.5,736.5,548,779.5,845.9,981.4,750.6,596.9,679.1,578.7,485.01,0,0,120.8,106.7,102.7,158.4,172.3,203.6,139.9,184.5,199.3,233.7,218,126.7,232.2,0,0,0,29.7,198.2,143.5,195.5,224.2,194.4,310.8,257.5,320.6,336.1,431.2,395.5,391.6,310.7,373.5,0,0,0,0,122.3,184.6,167.4,258.3,251.6,395.7,316.8,545.6,0,,,,,,,13,,224690898,,578,,
2,0,31.6,69,104.1,102.8,89.9,106.8,125.9,106.6,133.4,116.6,122.1,120.6,127.7,135.6,169.1,115.2,176.3,157,171.3,186.9,181.2,147.4,209.6,172.6,136.2,114.2,191.9,190.4,229.2,247.7,154,250,285.4,296.3,256.5,269.6,264.4,280.3,255.6,297.1,230.5,235,262.7,437.2,480.4,354.4,457.5,330.9,361.3,328.7,366.4,335.2,307,318.2,269.3,348.6,298.1,263.3,279.8,337.7,367.2,328.2,278.4,220.7,267.8,590.3,479.2,341,312.3,292.1,382.8,472.5,380.6,250.4,419.5,303,395.3,385.4,504.9,369,504.3,356.5,493.9,431.1,658.6,574.7,454.6,405.2,325.5,513.3,383.6,595.8,689.1,526.1,535.9,601.1,565.7,392.9,539.1,388.6,318.3,511.7,585.8,414.5,512.8,615.4,825,841.3,766.8,814.6,671.7,586.8,947.3,626.6,687.5,786,685.7,536.2,557.4,764.8,726.3,578.4,542.5,464.4,513.4,485.2,654.8,904.2,395.9,436.7,494.5,517.5,588,441.3,619.6,529.1,919.5,673.8,905.3,774.9,606.1,619.9,598.7,541.1,549.6,516.6,562.6,587,662.9,549,566.7,584.9,638,643.4,628.6,687.3,562.4,799.4,1154,1076.5,638.4,503.3,542.8,1076.5,1190.1,887.1,794.9,695.5,675,732,723.7,697.4,581.6,1026,825.6,1045.7,762.3,684.9,540.1,650.1,601.6,741.8,821.3,726.9,713,826.8,701,612.4,971.4,892.3,585.9,700.2,976.6,1176.3,1236.2,1375.6,1045.6,854.9,509.3,671.9,667.6,599.4,765.8,1008.6,635.4,1103.2,825.8,730.3,808.2,899.5,819.5,732.4,548,770.9,838.7,974.8,740.9,596.9,668.1,577,485.01,0,0,120.8,105.1,102.7,151,172.3,188.6,129.3,175.7,199.3,233.7,218,126.7,219.7,0,0,0,21.7,192.9,131.1,191.2,219.3,191,305.6,257.5,320.6,336.1,431.2,395.5,391.6,302.6,373.5,0,0,0,0,119.4,181.9,167.4,258.3,251.6,395.7,310.1,539.4,0,,,,,,,14,,221553746,,576,,
2,0,16,69,95.9,98.6,89.9,106.8,125.9,104.3,120.8,110,118.9,111.7,119.6,129.5,161.2,112.7,176.3,148.9,160.1,182.8,174.3,143,208.6,172.6,136.2,107.6,176.5,183.5,221.1,231.6,146.7,250,279.6,282.6,248,257.6,264.4,268.6,247.5,271.8,217.2,232.7,257.4,419.6,476.6,347.4,457.5,326.2,361.3,295,362.4,323.4,298.1,312.9,257.9,348.6,294.6,258.8,268,331.6,367.2,328.2,278.4,215.5,254.4,590.3,460.9,332.8,306.4,279.1,380.8,463.7,368.5,250.4,417.4,303,378,382.3,491.9,369,504.3,334.3,484.8,431.1,636.4,563.8,438.6,400.2,307.9,504.1,383.6,587.2,680.8,504.7,528.4,585.3,554.4,392.9,522.1,381.7,308.3,496.7,579.9,404.9,502.6,605.5,764.6,817.9,745.8,800.7,638.8,581.7,939.9,619.9,671.6,773.7,662.4,530,547.3,755,720.5,573,539.8,464.4,504.4,485.2,641.5,899.6,395.9,427.3,490.1,511.3,588,429,605.8,525.5,919.5,673.8,905.3,768.5,606.1,601.7,596.2,531.1,549.6,512.7,555.9,587,662.9,549,564.3,575.9,624,630.3,628.6,675.8,562,792.6,1134,1065.4,632.3,503.3,540.5,1062.9,1175.5,879.2,784.5,688.7,658.9,726.6,713.9,691.3,581.6,1018.6,820.4,1041.2,756.9,674.4,534.2,647,596.5,728.2,812.1,717.9,706.4,818.6,688.4,612.4,964.5,887.3,582.3,689.6,970.7,1163,1221.4,1365,1028.2,854.9,509.3,671.9,660.5,599.4,765.8,996.8,593.5,1091.2,824.7,727.4,800.8,893.8,790.4,732.4,544,766.9,834.2,964.6,740.9,592,664.2,577,485.01,0,0,111.2,103.6,102.7,151,159,184.6,125.5,173.8,175.4,233.7,208.8,118.8,219.7,0,0,0,9.1,184.8,131.1,182.1,210.3,188.8,299.5,256.7,311.3,325.2,431.2,388.2,388.6,302.6,369,0,0,0,0,110.9,172.2,164.3,253.9,245.4,389.5,310.1,539.4,0,,,,,,,15,,218030854,,574,,
2,0,0,61.3,55.9,98.6,82.3,96.2,117.8,101.6,120.8,102,118.9,103,113,119.9,156.7,106.9,156.2,144,152.2,167.2,166.2,143,206.8,170.8,130.5,100.2,167.6,183.5,220.2,231.1,146.7,232.7,258.4,274.7,236.6,254.9,248.6,260.5,247.5,255.6,217.2,232.7,257.4,413.1,471.1,343.5,453,319.5,348.9,282.8,354.5,306.3,293.1,306.6,252.8,339.4,290.4,254.5,262.6,318.8,351.5,314.6,275.5,206.8,251.8,590.3,449.3,318.5,306.4,279.1,365.5,433,363.1,250.4,415.2,296.9,370.8,378.2,491.9,360.5,495.2,323,477.4,428.1,626.4,545.3,438.6,394.3,285.3,504.1,374.9,577,674.3,465.6,528.4,585.3,554.4,386.6,522.1,375.3,303.4,491.9,574.5,404.9,489.5,600.8,732.7,817.9,733.5,800.7,621,571.5,925.8,610.4,671.6,767.5,654.6,530,541.3,726.5,713.5,565,539.8,456.2,495.7,475.2,632.6,889.8,390.4,420.1,482.3,505,588,429,605.8,519,913.5,657.8,899.1,758.9,600.6,601.7,588.2,531.1,545.5,512.7,549.3,581.6,650.7,549,551.8,570.2,624,624.5,615.5,671.1,551.6,792.6,1134,1059.1,630.7,496.3,537.2,1062.9,1163.9,871.3,778.1,688.7,647.1,719.9,706.8,691.3,575.6,1009,811.1,1027.2,756.9,674.4,523.2,647,588,718.8,800.5,710.9,704.4,813.6,688.4,612.4,958.5,880.6,582.3,689.6,963.8,1158.2,1203.9,1347.5,1011.2,848.2,504.8,657.6,660.5,590.7,760.1,990.8,593.5,1086,824.7,724.3,795.8,882.9,785.6,732.4,544,757.4,834.2,954.6,717.1,584.5,652.3,577,485.01,0,0,111.2,100.1,101.8,141.6,152.9,184.6,112.9,173.8,170.4,221.2,202.8,118.8,216.4,0,0,0,0,184.8,129.5,177.8,202.2,185.8,289.8,252.5,306,325.2,422.3,388.2,388.6,299.1,369,0,0,0,0,106.6,172.2,158.1,253.9,239.8,383.8,302.6,537.9,0,,,,,,,16,,215036192,,572,,
2,0,0,45.7,55.9,76.3,82.3,82.7,117.8,93.5,120.8,102,108.4,95.8,96.2,110,148.7,106.7,156.2,135.9,147.5,163.5,158.2,131.7,206.8,161.1,130.5,97.9,167.6,175.4,212,222.6,144.6,232.7,258.4,266.5,231.9,254.9,248.6,260.5,230.2,231.7,217.2,227.6,246.6,405.6,457.4,337.6,453,319.5,342.8,271.5,348.9,294.4,284.9,299.4,247.4,334,290.3,246.3,248.4,317.8,346.1,314.6,271.6,206.8,251.8,583.6,444.4,308.1,302,273.1,365.5,412.7,347.6,244.8,415.2,293.8,354.6,365.7,489,355.5,495.2,318.3,477.4,428.1,609.6,534,427.9,389.3,276.1,492.8,367.6,577,674.3,439.1,507.4,567.4,542.9,384.2,512.7,367.6,303.4,491.9,574.5,394.7,484.5,575.3,720.2,811.3,721.7,791.5,614,566.5,921.5,610.4,654.8,755,644.6,516.8,536,714.4,707.9,554.8,539.8,450.8,489.9,475.2,623.2,880.4,379.2,420.1,477.8,497.2,572.4,418.3,600.2,509.6,902.2,657.8,899.1,756.3,584,593.7,575.5,525.1,539.9,506.3,539.6,574.8,650.7,546.9,551.8,559.4,611.9,618,615.5,660.1,551.6,787.5,1122.9,1045.5,626.4,496.3,508.8,1047.7,1142.1,861.5,771.8,678.9,642,713.2,702.1,685.3,568.3,1005.6,804.9,1021.8,756.9,655.2,518.6,631.1,582.4,704.8,800.5,704.1,704.4,808.2,684.2,612.4,956,876.3,567.4,679.9,963.8,1152.5,1190.7,1345.5,995.9,848.2,482.8,657.6,660.5,585.5,752,971,558.9,1086,809.3,718.8,789.2,882.9,780.5,728.6,544,751.7,822.3,947.1,704.6,566.4,652.3,573.6,485.01,0,0,96.8,90.8,101.8,137.2,148,171.1,109.4,168.6,149.7,214.9,202.8,112.5,207.9,0,0,0,0,165.6,121.3,167.8,196,179.1,282,250.1,306,309.1,412.5,379.2,380.3,295.1,369,0,0,0,0,100.8,172.2,158.1,248.4,239.8,374.1,298.6,537.9,0,,,,,,,17,,211769936,,570,,
2,0,0,45.7,0,76.3,71.6,77.3,110.9,85.7,111.8,86.1,103.3,88.5,96.2,96,135.6,104.6,156.2,128,147.5,155.7,158.2,131.7,206.8,161.1,130.5,77.5,158.7,175.4,212,219.1,144.6,223.9,258.4,266.5,227.5,238.6,248.6,244.8,230.2,227,214.9,227.6,246.6,389.6,457.4,331.8,434.2,314.9,337.9,271.5,336.9,283.7,278.7,294.4,246.1,324.8,290.3,246.3,248.4,311.5,334.1,310.1,266.7,199.7,240.7,576.7,429.1,300.2,293.7,271.5,365.5,392.4,341.3,244.5,415.2,293.8,351.2,365.7,485.9,355.5,490,305.1,462.4,426.5,601,515,416.4,379.1,276.1,482.3,361.7,571.9,663.2,428.9,494.5,567.4,542.9,379.4,501.4,362.4,303.4,477.5,574.5,392.7,473.6,575.3,703.1,799.6,706.9,781,601.7,556.3,913.3,610.4,646.9,734.1,633.2,510.8,529.5,702.4,700.8,548.1,526.4,433.8,481,466.5,611.1,873.6,374.6,413,477.8,491.4,560.8,418.3,594.4,501,902.2,654.1,887.5,753.6,584,584.7,560.8,522.9,526.9,506.3,535.6,573.4,644.7,546.9,539.9,552.5,608.2,612.4,604.7,660.1,548.9,777.3,1116.7,1031.5,618.8,496.3,508.8,1042.6,1132.5,855.2,754.4,676.5,631.8,695.7,696.2,680.3,563.2,985.4,803.5,1021.8,740.8,655.2,513.6,628,575.9,704.8,789.3,699.6,704.4,794.8,684.2,598.6,935.3,870.3,567.4,679.9,948.8,1146.3,1176.5,1333.5,951.5,841.7,482.8,657.6,650.4,580.9,752,960.1,558.9,1072.1,809.3,715.7,782.2,875.1,777.2,728.6,528,751.7,814,923,704.6,563.3,632.4,573.6,485.01,0,0,96.8,90.8,95.8,137.2,134.4,164.8,105.2,165.6,144.7,206.3,196.8,112.5,203.7,0,0,0,0,144.4,113.9,164.8,190.5,175.8,272.6,250.1,299.3,307.4,409.5,379.2,380.3,291.6,358.6,0,0,0,0,89.2,169.2,153.3,248.4,239.8,369.2,298.6,528.2,0,,,,,,,18,,208672874,,568,,
2,0,0,37.7,0,71,71.6,71.5,102,79.6,103.8,78.3,95.3,74.1,96.2,88,119.8,93.1,133.3,112,128,155.7,158.2,131.7,198.9,161.1,129.9,71.5,147.3,167.2,212,207,140.7,223.9,239,250.3,219.4,238.6,224.8,237.3,223.5,217.2,214.9,219.9,241.3,367.6,448,322.2,434.2,300.7,326.3,264.7,331.1,264.3,270.2,285.8,246.1,317.8,287.1,235.1,237.1,292.8,328.6,304.2,258.2,194.9,240.7,567.7,426,295.2,293.7,256,349.5,376.6,336.3,244.5,409.6,292.3,336.2,357.4,480.3,348.3,481.4,300.8,457.9,426.5,594.4,501.2,407.4,373.6,266,468.3,361.7,562.3,658.1,420.7,485.9,502,524.9,379.4,490.5,355.8,295.8,471.5,569.9,380.8,467.6,558.1,685.6,787.6,693.7,759.2,601.7,549.3,901.5,592.3,634.9,734.1,615.1,510.8,518.5,677.7,694,540.2,517.4,430.4,474.7,460.7,599.2,861,368.5,408,461.9,482.7,541.3,403.1,589.8,489.1,897.2,654.1,887.5,743.5,584,577.1,553.9,522.9,526.9,499,535.6,568,644.7,543,515.9,545.4,602,605.7,604.7,653.5,548.9,776.9,1103.8,1008.4,618.8,492.9,508.8,1040,1125.4,839.7,744,673.8,617.4,695.7,684.1,675.7,548.2,979,788,1009.4,740.8,645,508.6,628,565.3,697.8,789.3,696.2,699.7,790.9,672.3,598.6,928.9,857.3,563.3,663.7,948.8,1134.7,1163.1,1315.8,951.5,841.7,470.5,644.5,650.4,574.1,746.1,945.9,525.5,1072.1,809.3,710.5,776.8,865.2,768.8,728.6,528,741.4,814,904,688.1,555,626.2,565.4,485.01,0,0,96.8,90.8,95.8,131.3,134.4,155.8,98.7,159.9,137.6,206.3,189.6,101.4,193.9,0,0,0,0,144.4,113.9,164.8,184.6,175.8,268,244.2,290.2,296.4,406.7,366.2,370.5,291.6,353.6,0,0,0,0,79.8,162.1,153.3,241.6,232.4,369.2,290.6,528.2,0,,,,,,,19,,205142090,,566,,
2,0,0,0,0,55.1,55.9,63.9,95.6,71.5,95.7,74.9,95.3,74.1,91.6,88,111.8,93.1,133.3,112,128,146,139.5,127,181.9,161.1,127.2,71.5,147.3,159.4,192.9,190.8,140.7,218.7,239,250.3,211,238.6,224.8,229.4,215.4,217.2,207.8,219.9,234,361,442.8,316.5,421.2,300.7,319.7,257.7,309.1,251.5,264.3,285.8,238.8,317.8,287.1,228.5,237.1,284,318.1,304.2,254.9,194.3,227.8,565.2,413.8,280,289.5,256,346.7,364.3,322.6,239.3,409.6,290,329,350.9,474.8,348.3,481.4,289.3,441,415.3,581.1,481.2,402.8,367.3,266,463.8,351.7,562.3,647.6,389.8,480.5,502,519.8,372.7,490.5,348.7,285,466.1,562.1,369,458,549.2,673.5,767.8,662.2,726.5,590,541.6,887.5,581.9,622.8,713.9,611.2,503.2,518.5,658.4,689.7,533.6,517.4,423.2,465.1,452.9,590.5,851.2,362.7,401.1,461.9,482.7,517.4,403.1,581.5,480.8,880.5,643.1,876.1,738.3,571.6,559.6,536.7,507.1,520.3,487.5,520.6,568,623.5,537.2,503.7,532.9,602,599,601,653.5,542.6,768.5,1092.4,999.5,607,492.9,481.4,1030.1,1114,832.6,738.4,668.2,600.4,689,684.1,669.6,548.2,974.6,788,1003.8,740.8,645,508.6,614.6,565.3,682.4,769.8,684,699.7,781.9,672.3,598.6,923.4,857.3,563.3,663.7,941.6,1134.7,1151.6,1305.7,942.6,834.4,462.8,644.5,638.4,566.5,746.1,923.1,525.5,1053.9,798.5,710.5,762.7,854.5,764.5,728.6,525.3,738.4,811.6,898,683.4,550.7,615.4,565.4,485.01,0,0,82.6,74.1,93.7,117.8,124.2,151.8,96.4,149.5,133.5,199.9,189.6,101.4,193.9,0,0,0,0,47.2,107.9,151.5,180.1,162.2,263.8,235,284.3,288.5,396.5,366.2,369.2,276.8,353.6,0,0,0,0,40.6,162.1,147.8,237.4,232.4,354.1,285,528.2,0,,,,,,,20,,201206606,,564,,
2,0,0,0,0,37,55.9,63.9,66.6,63.5,72.4,66.7,86.7,48.1,76.7,64.2,103.9,93.1,125.4,104,128,146,139.5,127,177.5,161.1,115.5,70.9,140.6,135.8,192.9,183.1,140.7,215.1,232.6,239.8,199.9,238.6,216.6,229.4,207.2,205.4,207.4,219.9,228.2,355.8,438.7,316.5,421.2,283.4,309.1,257.7,300.9,240.3,258.8,273.5,232.7,300.4,283.1,215.6,233.9,284,318.1,298.4,250.7,194.3,227.8,553.9,408.6,280,286.7,248.3,334.5,350.8,314.7,236.7,405.2,283.4,323.4,344.5,465.5,337.5,474.9,277.3,434.8,414.4,551.2,469.4,397.2,354.2,265.8,457.6,351.7,560,626.3,389.8,463.2,496.3,519.8,372.7,466.7,337.4,270.7,458.8,562.1,364.1,442.2,528.3,653.8,719.8,625.9,692.2,590,541.6,883.4,561.5,610.1,710,602.8,497,504.6,631.9,684.8,528.2,509.9,414.6,456.3,452.9,580.9,840.5,358.8,401.1,450.2,470.5,386.5,403.1,578.3,471.7,879,643.1,867.2,731.5,568.3,553.2,528.4,501.5,518.6,485,520.6,568,623.5,532.3,490.1,526.8,602,594.7,587.1,641.9,542.6,768.5,1086.5,983.1,607,492.9,481.4,1018.2,1106.1,822.6,733.7,662.3,587.3,683.7,674.6,663.6,543.4,958.7,782,990.4,719.6,634.9,493.7,614.6,556.1,679.7,769.8,678.6,699.1,775.7,668.9,593.7,905.6,838.2,553.9,658.1,935.7,1123.4,1139.5,1293.8,934.8,833.1,462.8,644.5,623.2,561.8,746.1,913,525.5,1050.1,798.5,707.1,762.7,848.2,764.5,724.4,525.3,730.7,802.4,891.1,680.6,550.7,615.4,559.3,485.01,0,0,82.6,74.1,91.8,117.8,112,146,67.3,147.9,127.5,189.3,183.4,98.2,187.5,0,0,0,0,0,87.8,147.5,175.4,162.2,258.1,235,284.3,288.5,392.9,362.5,364.5,276.8,350,0,0,0,0,0,162.1,147.8,232.9,215.5,354.1,285,524.9,0,,,,,,,21,,197276778,,562,,
2,0,0,0,0,0,47.9,0,44,63.5,37.3,61.2,86.7,48.1,72.7,58,95.9,81,109.5,95.6,120.1,141.6,131.4,107.9,174.7,161.1,115.5,66.5,140.6,135,191.7,175,130.2,194.5,224.1,216,199.9,215.5,216.6,221.6,191.3,205.4,207.4,216.4,224,349.2,420.3,310.3,405.8,283.4,299.4,243.9,285.2,233.6,247.1,270.8,222,295.2,283.1,210,223.4,267.9,297.3,298.4,245.2,191.5,218.5,553.9,403.5,267.1,280.1,248.3,327.2,323.1,310.7,236.7,400.1,277.9,316,338.6,465.5,337.5,469.7,264.2,422.3,414.4,551.2,454.8,391.5,351.4,261.7,444.3,347.3,560,617.9,354.1,457.6,481.6,503.9,372.7,466.7,337.4,270.7,452.4,555.5,354.1,426.9,519.8,645.9,698.5,582.4,665.5,548,523.9,883.4,561.5,598.9,694.5,597.4,485.4,498.6,619.4,684.8,512.4,509.9,408.4,437.7,445.9,568.3,833.5,357.3,384.8,445.1,464.3,378.1,391.2,578.3,464.5,866.1,632.2,867.2,726,568.3,551.4,524.3,492,518.6,479.5,510.8,555.1,623.5,519.9,483.8,518.9,582.7,586.3,587.1,641.9,541.8,757.9,1083.1,977.9,607,487.5,474.9,1012.4,1093.8,818.3,724.5,656,581.6,677.9,669.2,663.6,543.4,951.9,772,985.9,719.6,632.2,487.9,604.5,553.3,672.8,758.7,678.6,692.9,758.3,661.3,590.3,900.1,838.2,553.9,648.9,931,1112.8,1131.5,1278.1,924.4,833.1,456.3,632.7,623.2,555.2,740.5,907.8,525.5,1037.1,787.4,707.1,744.8,841.2,762,717,525.3,730.7,795,884.5,666.5,545.9,598.7,559.3,485.01,0,0,76.6,71,91.6,112.6,112,140.3,67.3,147.9,127.5,189.3,177.6,89.3,183.2,0,0,0,0,0,50.3,141.8,162.9,162.2,250.6,224.5,267.3,272.6,392.9,354.7,360.2,270.5,341.8,0,0,0,0,0,162.1,147.8,232.9,215.5,354.1,285,517.2,0,,,,,,,22,,193906120,,560,,
2,0,0,0,0,0,31.9,0,0,27.9,13.4,53.5,70.9,32.2,72.7,49.6,87.9,81,109.5,87.8,111.9,133.8,119.5,102.3,160.6,161.1,115.3,66.5,123.6,135,183.5,166.9,130.2,189.1,215.9,216,192,215.5,199.6,213.4,190.2,205.4,207.4,208.5,217.4,324.9,410.1,305.4,405.8,270.6,285.6,243.9,270.8,227,235.6,264.9,222,289.1,283.1,202.4,223.4,261.1,292.1,283.9,240.1,191.5,216.3,537.5,392.7,254.6,280.1,245.3,322.5,323.1,304,234,395.3,277.9,305.9,334,465.5,332,464.4,248.7,411.9,408.3,531.1,444.5,377.8,336.9,261.7,431.7,342.9,554.6,599.2,346.4,444.3,471.1,501.8,361.6,466.7,335.4,265.2,439.6,547.5,354.1,419.8,501.3,635.9,666.4,533.8,622.1,527.8,511.3,860.9,561.5,593.3,688.8,582.3,479,489.4,600.2,679.4,504.4,505.2,401.4,429.4,433.5,558.9,818.7,350.8,384.8,439.3,464.3,372.8,391.2,565.1,457.9,866.1,630,850.4,715,547.1,547.2,521,481.3,501.1,479.5,510.8,555.1,612.4,510.2,480.4,511.1,582.7,577.6,582.4,629.7,541.8,745.1,1061.4,957.9,607,487.5,474.9,1006.1,1085.5,806.7,705.5,656,574.9,677.9,663.3,656.5,534.5,946.8,772,963.7,719.6,625.5,487.9,601,546.4,666.4,746.1,661.4,692.9,747,655.2,585.8,894.6,832,541.5,643.3,931,1112.8,1117,1255.9,916.5,823.5,456.3,632.7,616.3,548.7,734.5,888.1,519.4,1030.6,787.4,696.2,744.8,828.4,762,706.7,515.6,717.1,788.7,879.5,660.9,537.1,591.5,555.8,485.01,0,0,68.1,71,91.6,107.7,106.4,130.1,65.1,140.1,122.9,189.3,173.7,89.3,178.9,0,0,0,0,0,0,128.2,162.9,159.8,239.1,224.5,267.3,272.6,375.4,349.5,360.2,270.5,341.8,0,0,0,0,0,149.8,134,225.4,214.6,343.9,275.9,510.8,0,,,,,,,23,,190478934,,558,,
2,0,0,0,0,0,0,0,0,15.1,0,53.5,54.9,32.2,64.7,33.5,79.9,73.8,109.5,87.8,103.9,133.8,115.5,102.3,147.9,140.2,108.6,66.5,117.7,135,175.5,163.3,130.2,170.6,215.9,216,184,204.8,199.6,211.1,183.5,200,196.5,201.3,211.3,319.6,397.3,305.4,398.8,260.6,272,231.5,263.5,218,235.6,258.8,221.4,276.2,277,191.4,209.5,261.1,282.7,281.5,230.6,190.2,216.3,537.5,389.5,248.5,273.9,229.6,316.4,304.6,297.4,229.1,385.6,262.1,298.9,322.1,450.9,332,452.4,233.3,400.5,408.3,512.9,436.6,366.6,332.6,258.8,431.7,337.8,554.6,583,346.4,438.8,471.1,488.6,361.6,460.6,333.9,255.6,424.3,547.5,343.9,414.3,489.5,635.9,631,516.3,609.9,498.9,498.1,860.9,533.6,582.3,663.2,572.6,479,483.3,600.2,661.2,500.4,499,392.7,429.3,428.1,548.1,809.2,349.1,379.4,439.3,449.5,366.3,383.8,565.1,450,856.1,613.7,850.4,703.2,547.1,536.3,513.2,481.3,487.5,479.5,496.9,555.1,609.1,510.2,468.7,511.1,582.7,577.6,574.3,621.6,531.3,738.6,1058.9,951.6,588.4,486.3,474.9,996.1,1062.1,801.5,696.3,649.8,564.8,664.8,659,649.9,534.5,935.9,766.2,948,700.7,625.5,479.8,597.4,546.4,659.3,737,661.4,689.2,722.6,655.2,581.6,886.5,813.5,541.5,643.3,922,1105.1,1117,1241.1,911.3,816.7,447.2,626.2,604.9,548.7,734.5,877.1,470.8,1030.6,781.9,696.2,739.6,820.1,762,686.4,510.9,717.1,785.9,873.6,654,537.1,583.8,544.1,485.01,0,0,64.6,64.3,86.5,98.8,97.4,120.8,53.7,140.1,114.6,178.7,173.7,89.3,174.6,0,0,0,0,0,0,109.7,151.8,159.8,233.4,221.2,261.4,264.6,375.4,349.5,345.8,261.7,335.4,0,0,0,0,0,149.8,134,204.5,214.6,343.9,275.9,510.8,0,,,,,,,24,,187371748,,556,,
2,0,0,0,0,0,0,0,0,0,0,23.7,54.9,32.2,55.6,33.5,71.9,73.8,79.8,78.5,95.9,112.6,95.7,94.3,118.2,140.2,101.8,60.7,117.7,127.1,159.4,158.2,127.4,170.6,192.2,195.5,167.4,204.8,199.6,203.3,183.5,184,190.2,184.2,211.3,306.6,385.8,300,380,248.5,272,227.2,258.1,218,226.7,258.8,209.5,269.1,277,191.4,199.8,249.7,277.9,281.3,228.2,186.5,208.2,516.8,377.9,240.2,268.6,229.6,299.8,288.7,297.4,229.1,382.1,262.1,293.8,322.1,450.9,325.7,452.4,233.3,389.6,408.3,507.2,414.2,366.6,332.6,256.8,412.3,337.8,547.4,546.5,334.9,429.9,471.1,482.5,361.6,449.9,325.4,252.8,418.6,531.3,343.9,392.7,473.8,622.5,600.4,486.6,577,493.6,475.2,854.4,533.6,582.3,652.6,560.8,466.9,476.7,589.9,661.2,488,489.7,389.7,410.1,428.1,531.2,809.2,342.7,372.6,432,449.5,361.6,374.2,556,450,856.1,613.7,850.4,697.6,540,527.3,503.2,471.9,487.5,467.9,496.9,555.1,601,495.3,468.2,508.2,569.7,567.4,566,621.6,531.3,721.7,1050,945.5,588.4,486.3,469.3,990.8,1050.2,790.4,688.8,649.8,564.8,655.5,649.6,643.9,528.6,924.8,752,938.7,698,614.1,475.3,592.4,534.9,648.1,729.3,641.2,683.5,696.9,649.6,574.1,875,804.6,530.8,638.2,922,1097.6,1117,1231.8,896.5,810.7,447.2,626.2,597.9,533.1,728.3,871.3,468,1017.6,781.9,689,729,807.7,755,679.3,510.9,717.1,780,866.3,644.8,537.1,583.8,544.1,485.01,0,0,57.5,32.7,85.5,98.8,91.7,105,53.2,130.4,107.6,173.6,160,80.5,159.5,0,0,0,0,0,0,43.4,136,143.4,228.6,212,256.3,264.6,364.5,339.7,344.5,255.2,331.6,0,0,0,0,0,144.8,134,204.5,198.8,338.9,275.9,502.3,0,,,,,,,25,,184061662,,554,,
2,0,0,0,0,0,0,0,0,0,0,15.7,54.9,24.9,47.7,33.5,55.5,56.7,79.8,70.6,95.9,112.6,87.9,94.3,103.1,140.2,95.5,52.9,107.2,110.9,148.1,137.6,124,162.2,192.2,191.6,167.4,188.7,192.2,195.2,166.3,184,190.2,177.1,201,287,374,286.6,368.9,234.3,252.4,227.2,238.7,218,226.7,253.6,204.9,263.2,274.3,182.1,193,249.7,277.9,275.8,228.2,186.5,208.2,510.2,367.2,240.2,262.7,224.3,299.8,288.7,279.3,227,374,251.7,293.8,309,442.3,325.7,410.2,222,383.1,400.6,482.8,407.5,350.2,327.4,249.4,412.3,337.8,547.4,527.9,329.4,429.9,465.3,477.4,356.4,423.4,325.4,245.7,406.6,531.3,328.6,379.7,461.7,622.5,571.1,448.4,569.7,485.5,470.5,833.9,527.8,564,634.9,557.1,466.9,471.4,583,657.1,477.5,482.3,374.9,410.1,422.3,531.2,794.7,342.7,367.1,419.6,439.1,361.6,374.2,551.5,434.8,847.8,599.9,830.9,693.3,534.4,519.2,487.9,471.9,487.5,467.9,486.8,542.9,595.4,495.3,458.4,491.9,569.7,567.4,556.6,621.6,531.3,715.1,1036.9,935.7,581.5,479.5,469.3,977.7,1034.8,783.9,677.7,639.9,550.7,652.8,643.1,643.9,527.9,918.6,752,917.4,652.3,614.1,470,592.4,528.7,645.3,715.9,641.2,683.5,696.9,639,574.1,865,796.4,530.8,631.2,915.2,1088.1,1101.6,1215.3,886,803.9,438.4,622.5,578.7,527,723.3,858.4,468,1017.6,769.6,685.3,716.5,794.6,750.9,663.8,508.3,709.1,766.7,831.6,632.5,523,573.3,535.9,465.8,0,0,46.4,32.7,85.5,84.9,85.7,103.8,48.7,130.4,103.2,173.6,156.9,78.4,144.1,0,0,0,0,0,0,0,113.9,139.6,223.8,212,247.5,260.4,364.5,335.7,339.5,253.8,326.8,0,0,0,0,0,138.1,129.5,194.6,193.8,338.9,266.8,499.7,0,,,,,,,26,,180729898,,552,,
2,0,0,0,0,0,0,0,0,0,0,0,14.1,8.8,31.8,33.5,23.9,39.5,79.8,48.4,80.5,104.6,87.9,94.3,63.4,140.2,89.1,52.9,107.2,110.9,133.1,137.6,124,146.6,192.2,179.7,143.5,173.3,168.2,195,158.2,175.9,182,171.7,192.2,272.4,340.5,282.6,354.4,228.4,252.4,215.8,228,218,215.9,246.5,204.9,252.4,274.3,182.1,185.4,235.6,252.9,270.6,218.6,186.5,201.3,492.7,360.1,227.4,252.1,216.8,294.2,268.5,279.3,223.4,361.4,251.7,285.1,304.8,436.8,325.7,410.2,216.3,367,396.5,468.5,389.2,350.2,315.5,249.4,394.3,324.2,540.2,501.7,329.4,418.8,465.3,466.2,356.4,414.2,325.4,245.7,400.5,518.6,323.1,377,445.8,609.6,523.4,423.1,559.3,473.3,459.5,833.9,498.1,557.2,623.3,550.4,454.6,458.5,577.6,651.4,471.2,482.3,374.9,392.4,415.9,526.5,794.7,334.7,367.1,419.6,439.1,361.6,367.5,545.3,425.7,836.3,581.5,830.9,687.7,528.7,519.2,482.8,460.5,453.6,467.9,486.8,540.2,587.6,495.3,458.4,491.9,560.7,558.5,556.6,612.4,531.3,698.7,1019.8,921.8,576.1,479.5,465.2,977.7,1034.8,780.1,667.2,639.9,550.7,643.4,630.3,631.9,525.6,900.9,743.5,904.7,634.2,604.1,460.1,588.3,505.6,640.4,704.7,629.5,679.4,663,639,567.9,853.9,778.1,522.9,624.6,897.6,1083.1,1101.6,1206.7,811.2,801,438.4,611.2,561.1,522.1,718.2,846.6,468,1006.4,769.6,680.9,716.5,790.3,750.9,644.1,508.3,703.4,763.9,829.4,629,523,560.1,535.9,465.8,0,0,18.4,32.7,82.2,84.9,74.6,91.2,45.5,124.2,99.4,158.5,148.9,67.3,119.5,0,0,0,0,0,0,0,88.8,139.6,212.5,193.1,241.5,260.4,355.7,335.7,332.8,253.8,326.8,0,0,0,0,0,128.3,121.2,191.7,188.4,323.8,266.8,496.6,0,,,,,,,27,,177166546,,550,,
2,0,0,0,0,0,0,0,0,0,0,0,0,0,0,25.5,0,0,64,0,56.4,87.7,76.1,91.8,29.2,140.2,89.1,52.9,95,95.5,133.1,121.5,124,138.6,175.7,167.8,143.5,173.3,168.2,186.9,143.8,167.7,182,162.6,185.3,266.8,318.8,265.6,334.8,207.9,234.4,215.8,210.7,210.3,215.3,244.5,194.7,247.4,263.7,176.6,176.8,233.9,252.9,264.5,215.9,179.5,195.9,434.8,349.2,216.6,252.1,216.4,278,268.5,265.5,223.4,355.8,248,285.1,299,436.8,325.7,410.2,210.1,357.8,396.5,449.8,383.9,335.9,315.5,244.3,394.3,321.9,538.2,486.7,318.6,411.8,462.4,458.5,356.4,404.8,322.3,245.7,398.5,504.9,323.1,365.8,445.8,604.6,484.7,417.8,552.2,473.3,456.9,825.2,498.1,546.1,611.4,550.4,446.9,451.4,577.6,644.6,460.4,460.3,362.9,392.4,409.2,526.5,787.5,334.7,349.2,410.6,426.1,361.6,367.5,539.9,423.1,828.1,558.3,819.3,679.1,520,509.1,476.3,453.6,453.6,461.8,473.1,540.2,581.3,482.7,450.1,481.7,560.7,552,549.3,600.1,528,675.7,999.9,918.6,576.1,479.5,465.2,965.1,1012.2,773.6,658.8,628.7,539.3,635.4,625.6,631.9,525.6,896.1,743.5,883.6,598.6,604.1,457,588.3,502.5,635.9,698.5,629.5,679.4,644.6,630.9,567.9,845.7,764.2,510.2,624.6,892.5,1068.7,1086.1,1183.6,740.8,797.4,438.4,611.2,554.4,522.1,718.2,835.9,459.4,1002.9,769.6,669.6,703.6,790.3,750.9,637.6,494.7,694.8,763.9,804.8,629,508.4,560.1,535.9,465.8,0,0,0,32.7,16.9,77.2,69,77.4,38.1,117.8,91.2,143.5,137.7,61,92.8,0,0,0,0,0,0,0,74.9,131.7,212.5,193.1,241.5,242.3,353.9,326.9,327.2,247.4,311.8,0,0,0,0,0,117.7,121.2,183.9,182.7,317.5,266.8,491.3,0,,,,,,,28,,173648830,,548,,
2,0,0,0,0,0,0,0,0,0,0,0,0,0,0,25.5,0,0,56,0,0,68.1,76.1,81,21.1,128.2,89.1,52.9,65,89.3,113.6,121.5,111.8,127.7,175.7,155.7,119.9,151.9,168.2,175,135.5,167.7,173.9,160.1,185.3,256.2,287.3,252.3,325.1,201.2,224,200.9,200.2,198,208,244.5,187.1,236,251.5,169,176.8,233.9,243.7,260.4,205.5,179.5,191.3,417.2,338.3,210.9,244.8,203.9,273.4,268.5,265.5,223.4,348.2,245.2,285.1,284,421.2,316.7,392.3,202.4,352.5,381.4,422.4,370.7,331.6,309.4,242,381.9,315.5,529.6,468.5,318.6,411.8,456.4,458.5,350.6,404.8,316.7,239.6,392.5,501.4,311.2,347.2,432.3,598,478.2,411.1,546.1,469,442.6,811.9,498.1,546.1,592.9,542.8,446.9,444.5,569.8,644.6,453,460.3,352.8,374,409.2,519.6,775.5,328.3,349.2,410.6,426.1,339.9,357,531.7,423.1,825.1,543.2,812.1,663,520,502.5,451.3,444.9,447.1,456.4,473.1,540.2,581.3,479.2,450.1,474.7,560.7,545.7,544.2,600.1,521.4,665.3,990.6,904.8,564.2,477.1,459.1,949.7,1012.2,756.3,651.3,628.7,536.3,635.4,624.3,614.6,519.5,889.9,725.7,877.4,592.1,598.5,445.5,577.4,490.1,622.3,688.9,602.3,677.3,636,630.9,555.6,838.7,764.2,510.2,616,885.4,1028.9,1072.7,1179.8,723,784.3,437.2,611.2,543.3,509.4,703.3,829.4,453.2,986.4,756.2,669.6,695.4,784.9,750.9,632.8,491.7,694.8,748.2,787.2,617.9,508.4,551,535.9,465.8,0,0,0,0,0,61.8,48.9,67,38.1,104.8,79.2,101.7,111.8,55.2,92.8,0,0,0,0,0,0,0,0,78.2,204.1,189.9,231.7,242.3,346.8,319.8,322,247.4,311.8,0,0,0,0,0,8.3,121.2,183.9,182.7,312.3,253,487.1,0,,,,,,,29,,170042672,,546,,
2,0,0,0,0,0,0,0,0,0,0,0,0,0,0,25.5,0,0,16.1,0,0,51.6,59.1,72.5,0,114.4,19,52.9,29.5,89.3,97.5,121.5,111.8,119.4,151.7,139.7,119.9,146.4,168.2,167.1,135.5,151.7,151.5,141.8,172.4,246.5,264.6,240.2,305.7,193.2,211.3,198.3,200.2,191.4,208,231.9,187.1,236,222.5,161.8,171.5,224.7,232.1,260.4,205.5,179.5,191.3,405,338.3,209.8,236,187.9,269.5,249,254.9,219.8,343.8,238.5,271.4,284,421.2,316.7,381.5,192.4,332.2,381.4,407.3,364,323.5,306,242,381.9,300.8,516.5,450,311.3,397.1,456.4,446.1,350.6,387.5,308.7,237,392.5,491,302,347.2,432.3,580.2,459.6,404.4,540.7,457.4,442.6,802.9,468.6,539,569.7,535.8,430.7,433.8,557.1,644.6,442.9,448.8,352.8,374,395.1,519.6,775.5,324.9,342.6,401.7,414.9,339.9,348.8,526.3,403.1,811.8,538,804.6,661.6,520,496.8,451.3,440.8,444.3,445.7,466.4,529.3,566.2,479.2,437.6,469.4,551.6,533,536.9,581.2,521.4,636.4,981.4,894.9,564.2,470.3,459.1,940.5,1007.2,756.3,634.2,628.7,523.9,630,611.7,614.6,519.5,875.7,725.7,861.2,583,591.8,445.5,577.4,490.1,614.9,679.8,602.3,674,625.2,628.2,555.6,831.4,755.2,510.2,610.4,876,1012.7,1067.2,1162.9,723,776.4,428.9,605.9,543.3,500.5,703.3,809.9,453.2,986.4,756.2,665.5,680.2,779.7,750.9,628.7,491.7,694.8,748.2,787.2,605.3,503.2,542,528,465.8,0,0,0,0,0,0,24.4,54.3,23.2,51.2,57.7,66.1,50.8,48.7,77.7,0,0,0,0,0,0,0,0,44.9,192.5,182.2,231.7,234.6,332.3,319.8,322,234.8,311.8,0,0,0,0,0,0,111.6,165.5,182.7,312.3,253,477.7,0,,,,,,,30,,166699098,,544,,
2,0,0,0,0,0,0,0,0,0,0,0,0,0,0,17.7,0,0,0,0,0,43.8,48.1,56.5,0,102.3,0,52.9,11.6,89.3,81.8,47.7,103.7,103.4,127.6,99.8,112.7,127.7,152.9,167.1,126.3,145.4,151.5,141.8,172.4,234.6,257.5,223.5,267,186.3,199.3,195.1,194.3,167.5,199.3,228.4,183.9,221.2,210.1,161.8,169.2,221.7,219.4,253.5,205.5,174.5,186.3,382.7,260.1,204,229.7,179.8,241.3,230.7,242.8,217.7,325.8,238.5,271.4,284,410.2,315.6,368.1,184,324.3,375.8,395.2,345.4,317.4,292.1,233.9,362.9,295.2,512.9,421.1,311.3,397.1,449.6,446.1,350.6,375.6,301.6,237,378.8,478.9,302,324.2,422.1,568.3,449,399.1,534.5,449.9,442.6,793.3,465.8,525.4,558.1,535.8,430.7,429,553,625.6,422.1,448.8,346.6,365.5,395.1,509.1,766.8,322.8,327.2,386.3,408.2,339.9,346,519.5,403.1,811,525.9,797.1,654.3,507,484.4,438.2,440.8,432.7,445.7,447,529.3,560.8,466.8,432.7,462.4,548.5,507.1,530.9,581.2,518,628.3,972,894.9,556,470.3,459.1,930.5,996.1,743.3,634.2,617.6,512.2,623.6,604.7,614.6,513.2,863.8,712.6,849.1,562.3,585.8,433.3,577.4,486.2,610.2,679.8,602.3,654.7,619.5,628.2,555.6,825.9,749,493.7,610.4,857.9,1004.4,1048.5,1156.4,715.5,776.4,428.9,594.3,543.3,500.5,696.6,809.9,446.5,983.8,754.5,657,667.6,770.9,744.3,615.3,491.7,685.8,743,766.5,605.3,497.7,535.5,528,465.8,0,0,0,0,0,0,0,0,19.2,18.2,25.4,37.7,36.3,37,56.9,0,0,0,0,0,0,0,0,0,192.5,182.2,221.6,234.6,327.5,312.6,309.6,234.8,297.6,0,0,0,0,0,0,106.5,165.5,171.2,288.8,253,472.9,0,,,,,,,31,,163212566,,542,,
2,0,0,0,0,0,0,0,0,0,0,0,0,0,0,0,0,0,0,0,0,19.9,12.7,16.3,0,59.1,0,52.9,0,62.6,25.7,15.6,95.8,87.8,105.5,67.8,77.1,127.7,136.9,150.2,107.1,136.5,144.1,125.2,160.7,219.1,245,215.3,261.3,176.6,187.5,183,185.9,162.3,197.6,216.7,178.5,209.2,197.6,157.4,164,212.7,210.8,240.6,194.2,174.5,184.9,317.5,228.4,197.8,229.7,177,224.3,218.6,237.6,217.7,325.8,230.7,271.4,269.7,410.2,315.6,368.1,184,309.2,371.1,384.3,345.4,295.2,292.1,233.9,355,295.2,507,403.6,303.2,383.7,449.6,440.6,344.1,359.7,296.3,237,378.8,473.4,296.1,317.2,417.8,558.1,434.3,392.5,518.4,449.9,431.9,782.6,465.8,525.4,543.2,526.1,422.9,421.1,542.1,625.6,422.1,434.9,343.5,365.5,387.5,509.1,761.9,316.7,327.2,386.3,408.2,336.7,346,514.2,391.2,776.3,521.4,785.8,629.6,507,478.8,425.6,433,426.1,427.4,447,522.5,560.8,462.8,428.5,457.4,539.4,496.9,528,562.4,518,619.6,962.8,878.2,549.2,465.2,448.7,906.4,968.9,743.3,620.6,617.6,512.2,614.1,599.5,596.5,503.6,851.7,712.6,828.8,552,572.1,427.2,567.3,480.8,610.2,657.7,592.3,654.7,610.1,618.7,551.2,815.2,740,493.7,600.4,843.1,982.2,961.3,1152.3,715.5,765.7,428.9,587.7,543.3,495.1,685.8,803.3,446.5,965.2,742.9,657,662.6,770.9,744.3,607.6,491.7,675.5,737.7,766.5,592.9,497.7,525.1,528,465.8,0,0,0,0,0,0,0,0,0,0,11.6,0,15.5,30.9,20.6,0,0,0,0,0,0,0,0,0,185.4,176.2,215.7,224.4,327.5,308.1,309.6,234.8,297.6,0,0,0,0,0,0,106.5,165.5,171.2,283.3,245.5,472.9,0,,,,,,,32,,159529130,,540,,
2,0,0,0,0,0,0,0,0,0,0,0,0,0,0,0,0,0,0,0,0,0,0,0,0,17.8,0,36.3,0,55.3,0,0,39.3,15.8,49.9,43.9,65.8,97.1,136.9,145.2,107.1,136.5,144.1,125.2,151.6,172.2,235.7,186.3,225.5,168.6,161.8,171,181.2,137.8,192.2,208.3,173,185.5,191.2,145.8,164,202.5,210.8,235.3,194.2,169.3,177.6,309.5,197.1,197.8,220.3,171.4,207.6,193.9,226.3,213.2,308.3,227.9,271.4,269.7,400.9,307.9,216.3,184,306.6,364.3,362.8,326.8,295.2,283.9,233.9,341.7,295.2,491.3,389.8,299.2,375.8,443.7,428.6,330.6,347.6,288,237,369.2,473.4,290.9,298.3,411.3,546,422.8,380.1,500.3,438,431.9,766.8,465.8,505.3,504.1,510.2,418.8,415.5,542.1,625.6,402.1,434.9,336.2,365.5,384.9,502.3,761.9,311.1,327.2,369.8,390.7,333.1,346,504.9,391.2,776.3,493.7,777.1,621.4,495.4,469.2,425.6,421.8,426.1,427.4,438.2,507.4,555.4,462.8,428.5,440.1,539.4,488.1,519.5,549.4,511.4,607.7,954.6,878.2,538.3,453.5,448.7,886,953.8,731.8,617.9,612,501.7,614.1,596.1,596.5,503.6,846.3,704.7,819.3,545.7,572.1,423.2,556.7,477.9,590.9,657.7,583.9,649.3,600.4,601.9,551.2,810.1,730.9,487.9,600.4,839.7,964.2,961.3,1134.1,711.4,758.7,428.9,587.7,538,484.2,683.1,785.2,436.5,965.2,742.9,648.2,656.2,767.5,744.3,602.4,474,670.4,716.5,761.9,592.9,491.2,517.4,523.4,465.8,0,0,0,0,0,0,0,0,0,0,0,0,0,0,0,0,0,0,0,0,0,0,0,0,185.4,167,207.9,218.3,314,303.1,302,231.9,289.8,0,0,0,0,0,0,106.5,156.4,171.2,283.3,237.9,456.8,0,,,,,,,33,,155692756,,538,,
2,0,0,0,0,0,0,0,0,0,0,0,0,0,0,0,0,0,0,0,0,0,0,0,0,0,0,36.3,0,15.2,0,0,0,0,49.9,0,25.7,97.1,121.2,130.6,107.1,122.2,127.2,107.8,139.6,120.2,229.4,157.5,72.8,166.5,153.5,133.2,133.2,114.3,168.8,142.3,163.6,131.9,176.6,138.3,156,202.5,200.4,215.5,194.2,169.3,170.6,209.1,172.3,190.4,212.1,158.2,170.1,163.9,219.9,213.2,296.3,225.4,265.3,259.3,385.9,307.9,216.3,184,282.1,358.1,349.7,318.9,295.2,283.9,233.9,336.4,285.5,479.6,379.3,299.2,364.1,443.7,423,307.8,347.6,279.1,234.1,369.2,457.1,290.9,294.2,411.3,506.3,393,372.4,484.5,438,424.2,752.7,456.9,505.3,467.4,503.7,399.2,406.1,525.9,610.9,379.8,427.9,329.9,344.2,384.9,502.3,754.5,311.1,320.3,369.8,390.7,328.6,327.9,497.6,384.8,722.8,478.8,767.9,615.8,491.1,453.1,425.6,421.8,418.2,420.8,435.6,507.4,547.3,451.8,421.5,433.1,539.4,481.5,519.5,522.1,505.9,578.4,947.5,857.8,528.8,439.5,448.7,870.3,943,717.3,611.9,612,493.9,614.1,589.4,589.6,496.3,830.5,696.8,804.7,533.2,566.9,411.9,556.7,477.9,590.9,632.7,583.9,649.3,590.9,601.9,530.8,803.2,730.9,477.9,595,822.5,941.3,882,1134.1,711.4,752.9,428.9,582.8,538,484.2,683.1,785.2,436.5,948.8,742.9,648.2,632.9,765,744.3,602.4,474,670.4,716.5,744.7,587.4,486.2,517.4,523.4,465.8,0,0,0,0,0,0,0,0,0,0,0,0,0,0,0,0,0,0,0,0,0,0,0,0,161.2,156.4,199.6,214.3,314,303.1,294.8,226.2,289.8,0,0,0,0,0,0,100.5,156.4,166,277.8,230.9,456.8,0,,,,,,,34,,151531290,,536,,
2,0,0,0,0,0,0,0,0,0,0,0,0,0,0,0,0,0,0,0,0,0,0,0,0,0,0,36.3,0,0,0,0,0,0,0,0,0,97.1,81.3,82.9,87.8,112.2,127.2,107.8,125.3,42.8,200,135.5,42.4,62.4,108.6,86,70.2,96.5,114.7,104,151.4,94.8,161.2,132.7,153.3,153.2,195.9,187.6,129.8,158,158.4,186.1,140.1,184.5,181.7,149.2,132.6,139.6,187.6,213.2,227.9,194.2,235.3,248.9,385.9,304.4,211.3,184,272.3,353.1,335.9,295.2,282.8,270.3,221.7,318.4,273.9,468.5,361.8,291.2,351.7,443.7,423,284.2,330.1,271.9,231.1,361,445,285.9,269.9,396.1,492.9,371,364.5,459,432.3,419.3,747.4,380.9,499.7,452.5,486.6,399.2,396.8,525.9,610.9,368.6,427.9,329.9,344.2,372.6,502.3,739,292.3,311,361.9,379.8,328.6,327.9,495.4,371.9,705.8,464.2,761.5,605.7,478,446.5,411.2,415.3,418.2,411.5,417.3,493.3,547.3,451.8,421.5,409.2,530.4,474.4,500.9,522.1,505.7,561.7,947.5,840.2,520.6,413.5,448.7,864.8,930.7,708.4,599.6,605.1,484.8,614.1,584.5,584.4,496.3,815.6,692.9,783.5,521.1,554.8,401.8,556.7,473.9,590.9,622,559.5,641.4,583.9,594.4,530.8,791.3,718.4,477.9,589.2,816.7,930.2,867.7,1106.5,695.4,747.3,423.4,571.8,538,484.2,676.3,765.2,436.5,948.8,736.7,638.8,625.6,765,742.1,595.9,474,670.4,706.7,737.8,577.8,479.7,517.4,517.7,465.8,0,0,0,0,0,0,0,0,0,0,0,0,0,0,0,0,0,0,0,0,0,0,0,0,89,154.6,199.6,214.3,308.9,296.4,294.8,226.2,284.3,0,0,0,0,0,0,100.5,149,166,265.3,230.9,439.5,0,,,,,,,35,,146807848,,534,,
2,0,0,0,0,0,0,0,0,0,0,0,0,0,0,0,0,0,0,0,0,0,0,0,0,0,0,36.3,0,0,0,0,0,0,0,0,0,22.8,57.2,15.9,87.8,112.2,52.5,100.3,110.1,7.7,187.5,108.5,16.4,0,25.1,52.2,49.2,65.1,59.1,73.1,51.2,67.2,28.3,126.5,143.4,66.3,195.9,132.8,86,114.8,115.9,162,126.4,182.2,79.1,142.9,104.6,111.1,187.6,186.6,12.2,125.3,203.4,244.5,278,304.4,205.8,184,263.4,347.9,316.7,276.6,282.8,270.3,221.7,309.2,269.9,468.5,347.3,281.5,340.3,443.7,411.5,266,318.1,267,231.1,354.4,431.4,285.9,269.9,396.1,480.9,353.3,351,437,421.4,414.2,741.1,380.9,493.8,452.5,486.6,385.5,390.4,512,599.9,368.6,422.7,320.5,344.2,363.4,495.3,739,292.3,311,361.9,379.8,311.6,324.8,495.4,368.6,699.4,440,748.9,583.2,478,438.4,411.2,415.3,418.2,407.3,417.3,493.3,540.6,438.6,421.5,399.1,530.4,474.4,494.8,499.8,501.9,561.7,935.5,820.9,513.8,395.4,440.8,855,916,699.4,587.5,587.3,480.7,604.7,573.7,578,496.3,805.8,692.9,771.7,515.5,548.3,399.1,545,467.7,570,622,559.5,641.4,573.6,594.4,530.8,782,718.4,470.5,584.5,812.1,924,843.1,1106.5,695.4,740.9,418,571.8,533.6,464.8,671.4,755,431.3,939.2,736.7,605.4,599.7,753.9,742.1,595.9,468.1,657.2,706.7,719.8,577.8,472.4,505.6,517.7,465.8,0,0,0,0,0,0,0,0,0,0,0,0,0,0,0,0,0,0,0,0,0,0,0,0,0,146.1,192.6,207.4,301.3,290.1,288.1,217,269.1,0,0,0,0,0,0,94.7,143.3,162.4,265.3,224.6,439.5,0,,,,,,,36,,141584724,,532,,
2,0,0,0,0,0,0,0,0,0,0,0,0,0,0,0,0,0,0,0,0,0,0,0,0,0,0,36.3,0,0,0,0,0,0,0,0,0,0,32.9,0,87.8,19.2,0,29,42,0,106.3,47.7,11.7,0,0,34.4,29.5,37.9,0,38.3,0,42,10.2,66.8,72.2,0,144,112.4,35.4,71.5,91.6,121.2,95.9,180.5,53.7,119.2,83.2,105.7,187.6,156.2,0,97.6,187.1,216.3,278,292.9,205.8,184,255.7,328.2,295.2,273.9,282.8,259.1,211.8,309.2,256,455,333.6,281.5,329.1,429.1,405.6,243.1,310.1,257.7,231.1,349.8,431.4,283.6,257.6,383.3,451.6,332,351,437,413.6,414.2,732.4,345.2,483.5,436.9,477.8,378.5,382.9,506.6,599.9,350.5,406.1,314.5,337.5,357.7,490.1,732.4,292.3,303.4,340.6,379.8,311.6,324.8,482.5,360.8,683.8,429.1,739.6,574.9,468.1,427.7,406.1,415.3,415.5,407.3,410.6,493.3,533.8,438.6,414.6,399.1,530.4,467.4,494.8,490.8,497.9,556.4,935.5,820.9,501.5,380.6,440.8,845.6,894.1,694.3,582.6,575.5,472.9,599.3,573.7,574,484.9,788.8,679.2,765.2,503.7,544,384,545,467.7,564.3,606.6,551.2,633.7,567.8,582.3,525.6,770.1,711,460.3,578,812.1,920.5,837.8,1090.8,695.4,719.6,418,561.3,533.6,464.8,671.4,719.9,421.8,929.5,736.7,591,587.3,750.7,728.8,588.1,468.1,651.7,696.1,719.8,560.4,472.4,505.6,510.8,465.8,0,0,0,0,0,0,0,0,0,0,0,0,0,0,0,0,0,0,0,0,0,0,0,0,0,136.2,182,197.6,289.2,290.1,282.6,211.9,263.6,0,0,0,0,0,0,90.8,143.3,155.8,265.3,218.7,427.8,0,,,,,,,37,,137104112,,530,,
2,0,0,0,0,0,0,0,0,0,0,0,0,0,0,0,0,0,0,0,0,0,0,0,0,0,0,36.3,0,0,0,0,0,0,0,0,0,0,0,0,15.9,0,0,11.3,0,0,63.6,0,0,0,0,17,21.4,18.2,0,0,0,0,0,0,0,0,0,59.8,0,48.4,43.6,60.7,81.2,158.9,37.9,0,22.4,75.3,187.6,117.8,0,72.1,180.5,183,217.2,292.9,205.8,180.6,232.3,328.2,288.8,264.8,276.7,254.1,191.8,306.6,256,455,317.5,273.4,316.1,429.1,405.6,228.7,302.9,246.8,228.1,349.8,391.3,280.2,251,373.1,441.8,311.2,338.6,418,413.6,402.6,723.1,345.2,479.9,424.2,468,367.6,376.2,506.6,594.9,347.3,406.1,314.5,337.5,357.7,490.1,720.4,280.2,303.4,334.5,360.9,308.1,307,482.5,360.8,676.1,414.6,723.7,565.2,461.9,422.4,395.1,415.3,415.5,394.7,408,482.5,533.8,438.6,414.6,384,518.9,467.4,478.9,463.5,497.9,556.4,928.8,807.2,501.5,367.8,440.8,838.1,882.4,679.1,572.5,575.5,466.4,599.3,562,574,484.9,780.4,679.2,727.5,491.8,544,384,540.3,458.9,564.3,598.7,542.2,621.7,543,573.4,523.7,770.1,694.2,460.3,578,802.5,909.2,823.4,1079.1,695.4,709.8,409.3,561.3,511.2,464.8,659.3,703.9,421.8,929.5,727,573.2,568,745.3,728.8,569.9,468.1,651.7,696.1,701.7,553.3,472.4,499.5,510.8,465.8,0,0,0,0,0,0,0,0,0,0,0,0,0,0,0,0,0,0,0,0,0,0,0,0,0,130.2,182,191.9,289.2,281.9,276,211.9,263.6,0,0,0,0,0,0,90.8,137.7,155.8,252.8,218.7,421.6,0,,,,,,,38,,132842718,,528,,
2,0,0,0,0,0,0,0,0,0,0,0,0,0,0,0,0,0,0,0,0,0,0,0,0,0,0,36.3,0,0,0,0,0,0,0,0,0,0,0,0,0,0,0,0,0,0,23.5,0,0,0,0,0,0,0,0,0,0,0,0,0,0,0,0,0,0,28.7,28.3,0,48.2,30.7,19.8,0,0,49,0,69,0,55.3,162.4,157.9,198,290.6,187.8,176.5,232.3,319.3,254.9,247.5,267.8,241.9,191.8,300.3,238.6,433.5,305.5,273.4,294.4,429.1,399.3,216,298.8,246.8,228.1,341.6,369.8,280.2,238.8,373.1,423.2,307.2,324.5,405.9,398,395.3,710.6,336.1,474.3,403.3,457.5,356.5,360.4,495.8,580.9,344.7,396.9,309.3,329.7,342,480.8,720.4,280.2,303.4,334.5,360.9,308.1,307,476,336,661.2,396.2,723.7,547.6,449.8,415.6,395.1,406.6,410.9,393,398.2,482.5,528.4,427.6,409.1,384,516.1,461.4,478.9,443.2,484,543.9,918.5,801,489.2,367.8,440.8,831.5,849.1,672.6,572.5,565.7,460.7,582.2,554.5,562.4,484.9,773.5,673,718.5,486.5,527.9,384,527,458.9,547,598.7,536.6,621.7,534,562.3,523.7,755.2,694.2,454.5,578,792,900,816.8,1072.6,674.2,697.2,409.3,555,506.1,452.1,654.7,668.7,421.8,910.7,727,561,557.6,736,728.8,551.4,468.1,633.8,686.5,701.7,553.3,467.6,499.5,510.8,465.8,0,0,0,0,0,0,0,0,0,0,0,0,0,0,0,0,0,0,0,0,0,0,0,0,0,101.7,173.2,186.1,273.4,279.4,276,211.9,257.7,0,0,0,0,0,0,90.8,137.7,148,252.8,211.6,416.1,0,,,,,,,39,,129156916,,526,,
2,0,0,0,0,0,0,0,0,0,0,0,0,0,0,0,0,0,0,0,0,0,0,0,0,0,0,0,0,0,0,0,0,0,0,0,0,0,0,0,0,0,0,0,0,0,0,0,0,0,0,0,0,0,0,0,0,0,0,0,0,0,0,0,0,12.7,19.9,0,30.9,0,0,0,0,30.5,0,26.1,0,37.8,145.7,146,144.1,283.4,187.8,176.5,220,313.8,228.9,240.6,264,230.7,188.5,289.7,238.6,433.5,298.7,268,294.4,429.1,399.3,207.1,288.1,225.8,223.3,333.9,364.5,280.2,227.9,365.5,417.8,304.6,324.5,392.7,391.8,395.3,701,336.1,464.4,391.2,457.5,353.8,357.7,485.8,580.9,335.7,390.2,309.3,329.7,342,471.3,713.7,268.8,300.2,323.7,354.3,303.1,304.2,441.7,336,650.1,384,704.7,535.4,449.8,395.4,390,394.3,410.9,378.7,391.6,474.2,514.2,427.6,409.1,377.5,516.1,461.4,467.3,423.9,484,531.7,911.8,801,485.1,353.4,433.9,800.1,817,667.4,560.7,557.3,454.7,570,548.6,562.4,481.9,768.1,667.3,709.3,468.9,527.9,371.7,520.1,454.6,547,587.2,522,621.7,526.4,556.5,517.8,755.2,677.9,454.5,567.6,792,876.6,804.7,1059.5,674.2,691.6,409.3,555,497.7,452.1,654.7,648.8,419.4,909.4,727,561,548.4,736,705.1,504,468.1,633.8,678.4,671.1,535.8,467.6,499.5,496,465.8,0,0,0,0,0,0,0,0,0,0,0,0,0,0,0,0,0,0,0,0,0,0,0,0,0,97.2,166.2,177.7,273.4,276.5,266.6,208.6,246.8,0,0,0,0,0,0,79,132.8,148,241,201.6,410,0,,,,,,,40,,126630406,,524,,
2,0,0,0,0,0,0,0,0,0,0,0,0,0,0,0,0,0,0,0,0,0,0,0,0,0,0,0,0,0,0,0,0,0,0,0,0,0,0,0,0,0,0,0,0,0,0,0,0,0,0,0,0,0,0,0,0,0,0,0,0,0,0,0,0,0,0,0,0,0,0,0,0,20.8,0,0,0,25.9,121.8,120.4,119.6,268.1,187.8,176.5,220,297.3,199.5,240.6,256.1,222.1,182.2,283.3,232.3,414.1,292.1,268,294.4,429.1,392.4,200.8,281.1,225.8,221.2,317.6,359.2,276.2,227.9,349.9,399.2,304.6,314.1,379,382.7,383.6,698.5,336.1,458.9,372.5,444,345.9,351.1,475.1,576,333.1,384.8,294.2,318.1,334.7,464.9,705.6,268.8,294.3,323.7,354.3,299,304.2,441.7,336,635.1,372.5,693.6,533.1,433.3,390.1,390,394.3,410.9,368.4,391.6,474.2,508.2,408.4,403.4,372,504.7,461.4,460.3,412.7,484,526.9,911.8,783.9,479.8,353.4,433.9,789.4,795.5,651.6,552,553.1,454.7,560.7,533.9,558.3,481.9,750,662.4,692.8,468.9,524.8,371.7,520.1,445.5,547,570,522,605.5,510.2,538.4,505.7,733,671.9,447.3,563.4,792,871.4,792.6,1059.5,664.6,673.4,400.1,546.8,491.1,443.4,645.3,645.1,419.4,899.4,702.5,556,541.9,722.1,700,504,464.2,627.6,678.4,665,524.7,462.1,481.2,496,465.8,0,0,0,0,0,0,0,0,0,0,0,0,0,0,0,0,0,0,0,0,0,0,0,0,0,94.3,166.2,177.7,273.4,270.4,260.4,208.6,246.8,0,0,0,0,0,0,79,121.4,148,241,201.6,410,0,,,,,,,41,,124327750,,522,,
2,0,0,0,0,0,0,0,0,0,0,0,0,0,0,0,0,0,0,0,0,0,0,0,0,0,0,0,0,0,0,0,0,0,0,0,0,0,0,0,0,0,0,0,0,0,0,0,0,0,0,0,0,0,0,0,0,0,0,0,0,0,0,0,0,0,0,0,0,0,0,0,0,0,0,0,0,25.9,96.8,109.4,97,251,187.8,176.5,220,287,177.6,219,256.1,222.1,182.2,275.4,225.4,398.9,282.6,263.5,287.4,415.1,384.4,187.9,274.5,219.7,221.2,317.6,341.7,276.2,205.9,337.2,379.6,282.5,308,369.5,370.1,375.8,670.8,327.1,458.9,365.9,441.5,336.4,341.8,461.4,569,333.1,378.4,294.2,313.1,329.5,452.6,696.1,261.5,294.3,307.2,347.9,299,292.9,416.6,327.8,630.1,372.5,693.6,530.6,433.3,384.7,382,394.3,404.4,359.2,377.5,469.2,502.9,402.9,391.1,365.5,504.7,454.1,443.6,389.2,482.1,526.9,906.4,783.9,471.7,353.4,433.9,774.6,787,638.3,546.7,546.4,451.2,548.6,531.3,547.5,481.9,743.9,662.4,683.7,465.7,505.6,371.7,520.1,431.8,531.7,570,499.5,605.5,498.9,520.5,505.7,726.9,646.5,436.4,563.4,785.1,859.1,782,1046,664.6,673.4,400.1,546.8,486.1,439,640.1,645.1,419.4,899.4,702.5,549.2,530.7,722.1,690.7,504,464.2,627.6,670,623.7,524.7,462.1,481.2,496,465.8,0,0,0,0,0,0,0,0,0,0,0,0,0,0,0,0,0,0,0,0,0,0,0,0,0,82.6,155.8,162.6,253.8,254.6,260.4,199.3,237.8,0,0,0,0,0,0,60.7,121.4,142.1,241,201.6,394.8,0,,,,,,,42,,122115498,,520,,
2,0,0,0,0,0,0,0,0,0,0,0,0,0,0,0,0,0,0,0,0,0,0,0,0,0,0,0,0,0,0,0,0,0,0,0,0,0,0,0,0,0,0,0,0,0,0,0,0,0,0,0,0,0,0,0,0,0,0,0,0,0,0,0,0,0,0,0,0,0,0,0,0,0,0,0,0,14.8,71.9,96.7,79.1,239.7,170,176.5,220,265.5,144.1,210.8,246.5,215.8,182.2,275.4,220.5,371.7,270.4,256.8,287.4,415.1,375.9,187.9,269.1,219.7,215.9,313.6,335.8,276.2,198.6,337.2,366.2,282.5,300.2,348.4,361.2,360.9,649.9,327.1,452,359.2,428.1,331.5,329.9,456.1,559.9,315.7,373,294.2,306.7,317.8,436.3,693.4,261.5,284.8,307.2,329.2,288.1,292.9,412.2,327.8,610.6,352.8,659.5,521.3,433.3,375.5,361,390.8,400,351.8,377.5,459.7,493.3,385.3,391.1,354.3,500.7,454.1,438.2,383.1,482.1,514.9,906.4,766.9,466.2,347.4,433.9,758.6,771.4,634.9,546.7,536,451.2,548.6,527.8,547.5,481.9,743.9,652.9,666.2,460.2,505.6,362.5,507.2,431.8,531.7,550.3,494.1,599.3,492.5,520.5,501.5,711.8,643.9,429.1,563.4,765.2,832.7,765.5,1046,661,651.5,394.4,546.8,486.1,439,640.1,639,419.4,893,702.5,549.2,524.2,695.8,681.7,489.1,458.4,627.6,658,600.2,512.6,462.1,481.2,491,465.8,0,0,0,0,0,0,0,0,0,0,0,0,0,0,0,0,0,0,0,0,0,0,0,0,0,82.6,149.5,157.1,253.8,249.3,254.8,191,237.8,0,0,0,0,0,0,50.4,117.4,139.2,230.9,199,394.8,0,,,,,,,43,,119963082,,518,,
2,0,0,0,0,0,0,0,0,0,0,0,0,0,0,0,0,0,0,0,0,0,0,0,0,0,0,0,0,0,0,0,0,0,0,0,0,0,0,0,0,0,0,0,0,0,0,0,0,0,0,0,0,0,0,0,0,0,0,0,0,0,0,0,0,0,0,0,0,0,0,0,0,0,0,0,0,0,49.7,75.6,52.6,211.1,170,176.5,214.1,253.7,111.7,210.8,240.9,213.3,182.2,258.6,220.5,360,262.2,254.3,249.9,415.1,375.9,180.1,264,211.2,215.9,310.3,324.2,269.5,198.6,332.5,345.1,282.5,283.6,336.6,361.2,353.1,614.1,318,430.5,348.4,421.6,317.5,327.2,449.6,559.9,310.5,357.5,288.6,300.4,315.2,419.5,675.9,256.5,276.5,307.2,329.2,284.2,288.3,401.7,322,587.5,352.8,659.5,521.3,433.3,363.2,348.1,370.8,400,346.4,366.8,459.7,472.9,385.3,391.1,354.3,492.7,446,426,376,472.4,483.2,896.9,766.9,453.9,347.4,426.8,746.5,758.6,618.2,534.3,524.8,451.2,540,520.1,547.5,481.9,735.9,652.9,648.1,451.6,496.8,360.2,507.2,431.8,526.5,550.3,485.8,599.3,474.6,494.6,494,708.3,636.9,429.1,553.5,752.8,816.6,757.5,1028.6,658.9,644.1,391.1,540.2,486.1,427.4,620.3,639,419.4,884.7,683.8,549.2,509.4,689.7,672.6,489.1,458.4,623.7,637.3,591.5,512.6,456.9,475.3,476.2,465.8,0,0,0,0,0,0,0,0,0,0,0,0,0,0,0,0,0,0,0,0,0,0,0,0,0,73.8,143.3,155.7,249.2,242.4,249.3,191,228.8,0,0,0,0,0,0,17.2,115.1,139.2,230.9,192.7,386.7,0,,,,,,,44,,117576342,,516,,
2,0,0,0,0,0,0,0,0,0,0,0,0,0,0,0,0,0,0,0,0,0,0,0,0,0,0,0,0,0,0,0,0,0,0,0,0,0,0,0,0,0,0,0,0,0,0,0,0,0,0,0,0,0,0,0,0,0,0,0,0,0,0,0,0,0,0,0,0,0,0,0,0,0,0,0,0,0,31.7,46,35.6,192.1,161.5,176.5,210.4,228,36.6,198.4,228,207,172.3,248.1,209.4,332.1,251.5,254.3,237.5,415.1,362.8,176.7,253.8,197.3,215.9,310.3,303.6,269.5,186.1,320.9,334,264.5,280.8,330.6,348.6,353.1,570.4,318,417.1,341.7,410.4,312.1,318,421.5,548.7,300.8,357.5,288.6,293.7,315.2,407.2,666.2,256.5,276.5,296.5,323.9,284.2,278.9,395.2,316.1,570,347.7,631.5,515.7,411.1,354,348.1,366,389.5,340.4,354.2,459.7,472.9,367.5,381.8,354.3,490,446,400.8,367.2,468,483.2,887.6,760.5,449.8,337.2,426.8,704.3,747.7,602.9,525.9,512.1,445.3,534.6,510.1,542.6,476.6,721.5,647.1,629.7,442.5,486.5,349,495.3,423.4,520.7,527.2,470.5,580.6,447.7,480.2,489,692.9,620.2,422.3,538.7,740.5,788.6,744.3,1028.6,658.9,632.4,383,534.9,474.5,427.4,613.4,626,419.4,874.2,683.8,546,509.4,689.7,672.6,483.8,458.4,614.2,637.3,567.6,509.8,444.5,465.3,476.2,465.8,0,0,0,0,0,0,0,0,0,0,0,0,0,0,0,0,0,0,0,0,0,0,0,0,0,73.8,143.3,155.7,246.3,236.3,245.1,191,222.6,0,0,0,0,0,0,0,115.1,127.3,230.9,186.4,386.7,0,,,,,,,45,,114792454,,514,,
2,0,0,0,0,0,0,0,0,0,0,0,0,0,0,0,0,0,0,0,0,0,0,0,0,0,0,0,0,0,0,0,0,0,0,0,0,0,0,0,0,0,0,0,0,0,0,0,0,0,0,0,0,0,0,0,0,0,0,0,0,0,0,0,0,0,0,0,0,0,0,0,0,0,0,0,0,0,0,0,19.7,174.4,143.1,173.4,204.9,178.7,0,186.6,221,207,172.3,248.1,195.7,304.2,238.2,251,237.5,403.6,362.8,176.7,243.3,197.3,204,305.7,298.2,269.5,186.1,314.4,322.1,264.5,270.7,310,336.9,335.3,564.4,318,406.5,337.7,405.4,301.2,308.6,416.2,539.9,298.9,345.9,288.6,276.7,304.8,407.2,656.6,246,276.5,290.9,312.3,279.1,272.8,382.6,310.1,551.6,330.3,504.6,501.4,411.1,341.8,336.1,366,389.5,330.5,335.9,459.7,462.1,361.7,381.8,338.7,482.8,440.5,400.8,356.5,468,483.2,879.5,751.2,444.4,337.2,415.5,678.9,724.2,594.3,525.9,500.2,437.5,530.1,500.3,529.3,468.4,721.5,636.2,618.1,432.9,467.7,342.1,495.3,423.4,520.7,527.2,465,580.6,427.1,480.2,489,676,606.1,422.3,529,735.1,786.5,732.3,970.6,658.9,621.8,383,534.9,466.4,427.4,613.4,614.9,410.8,868,671.9,546,500.1,683.3,655.1,483.8,454.4,614.2,637.3,552.3,501.8,444.5,465.3,468.6,440.9,0,0,0,0,0,0,0,0,0,0,0,0,0,0,0,0,0,0,0,0,0,0,0,0,0,64.7,132,141.4,239.3,236.3,245.1,191,222.6,0,0,0,0,0,0,0,95.3,127.3,225.4,186.4,386.7,0,,,,,,,46,,112172258,,512,,
2,0,0,0,0,0,0,0,0,0,0,0,0,0,0,0,0,0,0,0,0,0,0,0,0,0,0,0,0,0,0,0,0,0,0,0,0,0,0,0,0,0,0,0,0,0,0,0,0,0,0,0,0,0,0,0,0,0,0,0,0,0,0,0,0,0,0,0,0,0,0,0,0,0,0,0,0,0,0,0,0,143,143.1,173.4,204.9,150.3,0,186.6,215.3,207,172.3,233.4,195.7,286.8,238.2,240,232,403.6,360.2,164.6,238.9,184.1,204,296.3,293,263.5,180.6,314.4,310.2,259.2,265.7,310,327.9,335.3,547,318,384.1,322.5,396.3,301.2,301,385,539.9,294.6,345.9,284.8,269.8,292.9,390.2,628.3,239.5,264.9,281.7,312.3,279.1,272.8,382.6,303.9,514.2,323.7,496.9,494.5,411.1,336.4,330.9,366,382.9,316.3,315.9,447.5,449.9,354.2,373.2,331.2,482.8,440.5,395.9,343.5,468,483.2,872.7,743.3,436.2,331.5,415.5,669.5,717.6,573.4,525.9,500.2,437.5,518,494.1,529.3,468.4,703.3,631.4,603,432.9,467.7,342.1,481.3,423.4,505.9,515.2,457.9,576.9,413.3,471.8,477.1,676,589.2,422.3,529,717.1,774.8,709,970.6,658.9,621.8,381.4,529.5,466.4,402.2,607,614.9,410.8,868,661.6,546,500.1,675.8,648.8,477.3,454.4,614.2,618.2,552.3,501.8,444.5,465.3,462.4,433.1,0,0,0,0,0,0,0,0,0,0,0,0,0,0,0,0,0,0,0,0,0,0,0,0,0,64.7,125.7,141.4,228.8,220.5,245.1,184.5,210.1,0,0,0,0,0,0,0,95.3,127.3,214.3,186.4,370.9,0,,,,,,,47,,110275172,,510,,
2,0,0,0,0,0,0,0,0,0,0,0,0,0,0,0,0,0,0,0,0,0,0,0,0,0,0,0,0,0,0,0,0,0,0,0,0,0,0,0,0,0,0,0,0,0,0,0,0,0,0,0,0,0,0,0,0,0,0,0,0,0,0,0,0,0,0,0,0,0,0,0,0,0,0,0,0,0,0,0,0,121.7,90.5,168,189,111.9,0,173.5,199.3,197.6,167.9,212.8,188.9,233.1,223.3,234.5,232,403.6,345.7,164.6,238.9,184.1,204,291.8,282.3,263.5,180.6,301.8,294.2,252.4,258.8,293.7,327.9,333.5,547,308.9,372.4,322.5,396.3,281.5,291.3,363.9,522.5,284,334.7,272.8,265.4,286.5,383.9,628.3,239.5,264.9,274.9,287.9,263.7,272.8,359.3,295.8,495.8,318.3,489.8,468.5,397.2,323.2,328.3,353.4,382.9,294.9,315.9,447.5,432.3,346.6,373.2,331.2,471.4,433.6,386.8,343.5,468,437.9,872.7,743.3,418.4,331.5,409.2,633,706.5,568.3,516.2,493.3,437.5,504.2,494.1,522.2,468.4,690.7,630.1,594,432.9,461.3,338.2,481.3,409,505.9,505.6,449.5,576.9,406.6,462,464.2,663.4,582.2,416.1,529,695.5,766.2,691.6,970.6,658.9,607.3,375,511,466.4,402.2,580.6,614.9,410.8,855.3,661.6,546,490.9,675.8,624.6,477.3,454.4,606.5,618.2,542.5,501.8,444.5,456.6,462.4,425.6,0,0,0,0,0,0,0,0,0,0,0,0,0,0,0,0,0,0,0,0,0,0,0,0,0,50.1,125.7,138.5,223.4,220.5,231.9,184.5,210.1,0,0,0,0,0,0,0,95.3,127.3,214.3,180,370.9,0,,,,,,,48,,108049604,,508,,
2,0,0,0,0,0,0,0,0,0,0,0,0,0,0,0,0,0,0,0,0,0,0,0,0,0,0,0,0,0,0,0,0,0,0,0,0,0,0,0,0,0,0,0,0,0,0,0,0,0,0,0,0,0,0,0,0,0,0,0,0,0,0,0,0,0,0,0,0,0,0,0,0,0,0,0,0,0,0,0,0,106.8,71.4,168,95.7,80.1,0,173.5,199.3,189.6,161.9,197.5,167.7,155.9,192.7,231.9,232,397.3,339.5,157,226.7,184.1,204,286.4,252.8,263.5,167.8,301.8,287.6,245.9,254.3,293.7,315.7,327.1,529.9,302.4,372.4,306.9,390.7,281.5,291.3,358.8,522.5,284,334.7,267.7,252.5,282.5,383.9,618.8,227,264.9,269,287.9,263.7,257.7,359.3,295.8,468,307.7,477,468.5,391.6,312.3,312,353.4,376.3,287.9,304.1,447.5,424.1,332.9,363.7,331.2,458.8,425.6,380.6,332.7,458.5,288,863.8,719,418.4,331.5,396.8,606.3,684.4,545.7,516.2,481.6,427.8,485.7,477.3,516.5,468.4,685.3,610.4,577.7,412,450.9,338.2,468.6,409,505.9,493.3,438.4,569.3,402,434.4,464.2,647,575.6,416.1,517.6,671.8,754.6,691.6,970.6,644.5,607.3,375,511,455.2,402.2,572,607.2,410.8,849.5,661.6,546,490.9,664.2,615.6,477.3,454.4,606.5,562.8,542.5,501.8,438.8,456.6,462.4,422.1,0,0,0,0,0,0,0,0,0,0,0,0,0,0,0,0,0,0,0,0,0,0,0,0,0,50.1,120.6,138.5,222.6,220.5,231.9,181.3,202,0,0,0,0,0,0,0,83.9,122.6,207.7,180,362.6,0,,,,,,,49,,105446370,,506,,
2,0,0,0,0,0,0,0,0,0,0,0,0,0,0,0,0,0,0,0,0,0,0,0,0,0,0,0,0,0,0,0,0,0,0,0,0,0,0,0,0,0,0,0,0,0,0,0,0,0,0,0,0,0,0,0,0,0,0,0,0,0,0,0,0,0,0,0,0,0,0,0,0,0,0,0,0,0,0,0,0,71.6,47.9,157.4,95.7,0,0,168,186.7,180.4,156.7,168.9,167.7,0,42,213.8,214.2,389.5,327.4,157,226.7,180,196.8,278.1,244.7,251.5,167.8,301.8,275.4,245.9,248.1,283.5,305.6,322.1,529.9,301.2,356.8,300.2,384.5,275.8,276,347.8,509.5,272.8,324.9,267.7,252.5,273.1,366.9,576.2,227,264.9,269,283.1,258.9,257.7,359.3,295.8,436.1,299.6,472.9,455.4,391.6,305.7,312,336.7,373.2,287.9,304.1,432.2,407.8,332.9,363.7,317.1,450.4,425.6,371.9,329.3,458.5,288,863.8,719,403.3,331.5,396.8,601.5,684.4,540.5,516.2,481.6,427.8,461.8,477.3,505.3,468.4,661.5,610.4,553.7,412,450.9,324,468.6,409,485.4,482.4,438.4,555.8,389.4,426.2,462.7,647,559,403.8,509.1,657,754.6,674.4,970.6,644.5,592.8,375,495.3,455.2,391,572,593.6,410.8,844.1,642.6,546,490.9,654.5,611.9,477.3,444.9,606.5,557.6,535.5,495,438.8,456.6,453.3,422.1,0,0,0,0,0,0,0,0,0,0,0,0,0,0,0,0,0,0,0,0,0,0,0,0,0,45.8,114.3,126.4,222.6,212.3,225.3,181.3,195.9,0,0,0,0,0,0,0,83.9,122.6,207.7,180,356,0,,,,,,,50,,103005798,,504,,
2,0,0,0,0,0,0,0,0,0,0,0,0,0,0,0,0,0,0,0,0,0,0,0,0,0,0,0,0,0,0,0,0,0,0,0,0,0,0,0,0,0,0,0,0,0,0,0,0,0,0,0,0,0,0,0,0,0,0,0,0,0,0,0,0,0,0,0,0,0,0,0,0,0,0,0,0,0,0,0,0,36.4,0,140.9,0,0,0,153.3,174.2,174.8,156.7,126.5,154.1,0,0,213.8,197.7,389.5,322,146.9,216.1,170.3,194.5,271.3,235.3,251.5,164.2,284.5,275.4,239.7,248.1,275.9,299.5,310.6,511.7,301.2,341.9,292.5,384.5,260.6,264.1,329.2,502.7,266.1,324.9,267.7,238.4,273.1,366.9,569.5,227,244.8,263.1,275.5,254.9,257.7,336.2,282.7,407.3,296.9,466.6,426.6,378.6,300.2,305.6,336.7,368,281.1,290.7,432.2,398.1,314.5,355,317.1,432.9,425.6,362.1,324.8,458.5,281.2,844.6,719,389.8,316.1,396.8,601.5,665.9,521.3,506.4,467.8,427.8,453.8,477.3,497.2,468.4,656.1,598.5,527.3,398.5,425,324,468.6,401.8,479.3,468.6,423.3,547.2,383.6,415.6,456.8,647,546.8,403.8,509.1,642,733.8,674.4,952.2,644.5,581.2,375,495.3,450.4,391,563,593.6,410.8,835.3,642.6,546,490.9,619.9,595.2,477.3,444.9,606.5,545.7,528.4,471.1,438.8,456.6,453.3,419.8,0,0,0,0,0,0,0,0,0,0,0,0,0,0,0,0,0,0,0,0,0,0,0,0,0,32.6,108,126.4,216.9,212.3,220.3,175.6,195.9,0,0,0,0,0,0,0,82,116.5,200.8,174.4,348.8,0,,,,,,,51,,100599108,,502,,
2,0,0,0,0,0,0,0,0,0,0,0,0,0,0,0,0,0,0,0,0,0,0,0,0,0,0,0,0,0,0,0,0,0,0,0,0,0,0,0,0,0,0,0,0,0,0,0,0,0,0,0,0,0,0,0,0,0,0,0,0,0,0,0,0,0,0,0,0,0,0,0,0,0,0,0,0,0,0,0,0,0,0,104.9,0,0,0,59.3,161.5,156.6,149.9,0,71.4,0,0,186.7,184.5,365.1,299.5,146.9,210.7,170.3,194.5,257,216.2,244.4,164.2,284.5,256.8,239.7,248.1,258.6,290,310.6,494.8,294.8,325.2,280,376.4,260.6,264.1,317.5,495.6,266.1,307.9,267.7,238.4,263.8,353.6,556.1,222.9,244.8,251.4,262.4,254.9,250.8,336.2,282.7,363.8,285.2,447.5,413.6,371.5,288,296.9,325,368,275.7,285.4,413.5,376.4,306.4,355,317.1,426.8,415.5,350.5,317.1,448.9,281.2,822.9,704.9,384.3,316.1,371,588,659.9,512.1,498.8,462.2,418.1,453.8,457,490.6,468.4,644,575.1,504.6,398.5,425,324,457.8,401.8,479.3,462.3,415.9,547.2,371.1,408.5,450.4,634.5,535.1,403.8,499.6,626.6,697.8,650.6,952.2,644.5,581.2,375,489.4,450.4,376.7,551,581.7,410.8,823,642.6,538.6,484.6,619.9,595.2,461.6,444.9,606.5,540.5,528.4,471.1,438.8,450.2,442,412.9,0,0,0,0,0,0,0,0,0,0,0,0,0,0,0,0,0,0,0,0,0,0,0,0,0,14.3,101.8,115,213.9,212.3,220.3,175.6,195.9,0,0,0,0,0,0,0,72.7,109.6,200.8,165.5,348.8,0,,,,,,,52,,97749462,,500,,
2,0,0,0,0,0,0,0,0,0,0,0,0,0,0,0,0,0,0,0,0,0,0,0,0,0,0,0,0,0,0,0,0,0,0,0,0,0,0,0,0,0,0,0,0,0,0,0,0,0,0,0,0,0,0,0,0,0,0,0,0,0,0,0,0,0,0,0,0,0,0,0,0,0,0,0,0,0,0,0,0,0,0,68,0,0,0,0,120,145,139.8,0,0,0,0,170.4,161.5,365.1,292.4,146.9,204,164.4,194.5,246,204,239.3,160,276.3,256.8,219.9,248.1,249.4,290,306.7,482.6,293.4,325.2,275.6,376.4,246.5,246.3,305.3,487.7,260.8,307.9,261.3,238.4,263.8,346.2,546.8,212.7,244.8,251.4,256.9,243.6,242.9,336.2,278.6,363.8,274.6,433.1,389.8,365,277.2,296.9,319,368,273.4,279.9,413.5,364,292.4,343.8,299.1,423.5,415.5,344.5,317.1,448.9,275.4,814.7,704.9,378.3,316.1,371,588,655.7,499,498.8,455.4,418.1,432.3,457,486.9,459.2,622.2,541.7,472.7,398.5,411.8,304.6,451.3,398,469.7,450.4,405.8,540,371.1,401.2,450.4,634.5,514.1,403.8,499.6,623.2,697.8,629.6,934.4,636.3,556.4,375,477.5,434.8,376.7,541.9,575.7,404.2,813.1,638.5,538.6,484.6,595.9,595.2,461.6,438.3,601.3,540.5,508.6,471.1,432,450.2,433.2,412.9,0,0,0,0,0,0,0,0,0,0,0,0,0,0,0,0,0,0,0,0,0,0,0,0,0,0,95.6,115,206.9,205.9,213.6,171.2,179.8,0,0,0,0,0,0,0,72.7,109.6,188.3,165.5,330.9,0,,,,,,,53,,95639344,,498,,
2,0,0,0,0,0,0,0,0,0,0,0,0,0,0,0,0,0,0,0,0,0,0,0,0,0,0,0,0,0,0,0,0,0,0,0,0,0,0,0,0,0,0,0,0,0,0,0,0,0,0,0,0,0,0,0,0,0,0,0,0,0,0,0,0,0,0,0,0,0,0,0,0,0,0,0,0,0,0,0,0,0,0,35.1,0,0,0,0,60.4,131,139.8,0,0,0,0,107.6,126.5,365.1,275.7,133.7,186.6,164.4,185.9,215.4,177.7,234,154.4,264.6,244.6,219.9,237.7,234.2,274.6,300.4,459.7,293.4,305.8,275.6,361,246.5,239.7,300.1,477.1,255.2,300.1,251.7,238.4,246.4,346.2,528,212.7,244.8,246.1,246.4,243.6,237.5,320.9,272.5,340.7,262.2,419.3,356.8,365,271.7,289.3,306.6,364.6,238.7,272.3,407.1,351.7,284.7,343.8,299.1,423.5,413.1,344.5,306.4,448.9,268.7,804,683.4,361.9,316.1,371,574,632,484,498.8,455.4,412.4,432.3,457,480.2,459.2,610.8,517.9,458.9,382.6,411.8,304.6,451.3,398,464.1,450.4,393.5,540,371.1,401.2,441.9,610.8,514.1,392.9,499.6,623.2,697.8,629.6,916.4,636.3,537.3,370.2,470.2,434.8,376.7,541.9,570.2,404.2,813.1,626.5,538.6,484.6,592.6,579.2,461.6,438.3,586.7,522,508.6,471.1,425.6,450.2,433.2,412.9,0,0,0,0,0,0,0,0,0,0,0,0,0,0,0,0,0,0,0,0,0,0,0,0,0,0,89.5,108,197,202.3,208.5,171.2,179.8,0,0,0,0,0,0,0,62.6,102.7,188.3,165.5,330.9,0,,,,,,,54,,93574964,,496,,
2,0,0,0,0,0,0,0,0,0,0,0,0,0,0,0,0,0,0,0,0,0,0,0,0,0,0,0,0,0,0,0,0,0,0,0,0,0,0,0,0,0,0,0,0,0,0,0,0,0,0,0,0,0,0,0,0,0,0,0,0,0,0,0,0,0,0,0,0,0,0,0,0,0,0,0,0,0,0,0,0,0,0,0,0,0,0,0,0,119.7,125.9,0,0,0,0,0,92.2,365.1,220.4,130.4,42.4,123.8,185.9,153.7,135,223.3,143.7,253.8,174,215.6,237.7,223.3,267.1,296,459.7,292.2,305.8,261.1,355.6,242.3,233.9,288.2,471.9,255.2,292.9,251.7,226.9,234.5,331.4,513.2,198.9,240,240.9,246.4,238.5,237.5,306.7,272.5,334.8,262.2,398.6,331,359.8,249.6,281.6,293.4,351.4,234.2,256.4,407.1,339.2,281.3,337.9,291.7,417.4,405.6,344.5,301.7,448.9,268.7,787.7,683.4,357,310.7,371,566.5,625,484,484.8,445.8,402.3,432.3,453.8,463.3,459.2,610.8,509.1,451.6,363.2,393.6,304.6,445.6,398,455.2,441.7,383.6,524.7,357.2,393,425.2,610.8,509.7,382.6,479.8,612.9,697.8,620.2,916.4,626.9,530.9,370.2,470.2,434.8,376.7,525.2,558.5,400.4,795.8,626.5,538.6,474.2,575.6,579.2,444.1,438.3,586.7,519.2,508.6,468.2,425.6,441.4,433.2,412.9,0,0,0,0,0,0,0,0,0,0,0,0,0,0,0,0,0,0,0,0,0,0,0,0,0,0,78.2,100.9,189.4,197.2,208.5,171.2,179.8,0,0,0,0,0,0,0,62.6,102.7,188.3,165.5,330.9,0,,,,,,,55,,90797454,,494,,
2,0,0,0,0,0,0,0,0,0,0,0,0,0,0,0,0,0,0,0,0,0,0,0,0,0,0,0,0,0,0,0,0,0,0,0,0,0,0,0,0,0,0,0,0,0,0,0,0,0,0,0,0,0,0,0,0,0,0,0,0,0,0,0,0,0,0,0,0,0,0,0,0,0,0,0,0,0,0,0,0,0,0,0,0,0,0,0,0,97.5,115.1,0,0,0,0,0,0,337.6,162.4,88.4,0,123.8,149.7,50.3,0,181.9,143.7,203.4,0,190.9,230.8,205.3,257.9,290.8,459.7,292.2,289,261.1,355.6,221.1,223.1,276.1,462,245.9,292.9,245.5,226.9,234.5,318.7,480.2,198.9,233.6,228.2,229.3,234.9,234.7,301,260.7,334.8,254.9,390.3,331,337.7,249.6,277.8,293.4,343.9,227,244.6,386.6,333.7,267,328,287.1,407.8,394.7,338,301.7,434.8,268.7,763.9,671,357,310.7,358.7,566.5,618.3,473,484.8,438.7,402.3,408.5,446.8,458,442.9,605.1,509.1,443.3,363.2,386.9,294.2,437.4,389.9,444.9,412.5,368.7,524.7,353.4,393,421.7,599.2,509.7,382.6,479.8,612.9,697.8,605.6,895.4,621.1,515.6,370.2,450.2,424.2,362.4,525.2,551.7,400.4,795.8,626.5,532,474.2,575.6,579.2,444.1,427.2,580,519.2,498.7,468.2,425.6,441.4,426.9,403.8,0,0,0,0,0,0,0,0,0,0,0,0,0,0,0,0,0,0,0,0,0,0,0,0,0,0,71.7,95.4,178.8,197.2,208.5,155.9,179.8,0,0,0,0,0,0,0,62.6,102.7,171,154.2,323.5,0,,,,,,,56,,87838298,,492,,
2,0,0,0,0,0,0,0,0,0,0,0,0,0,0,0,0,0,0,0,0,0,0,0,0,0,0,0,0,0,0,0,0,0,0,0,0,0,0,0,0,0,0,0,0,0,0,0,0,0,0,0,0,0,0,0,0,0,0,0,0,0,0,0,0,0,0,0,0,0,0,0,0,0,0,0,0,0,0,0,0,0,0,0,0,0,0,0,0,37.8,106.8,0,0,0,0,0,0,306,119.9,0,0,0,80.6,0,0,123.3,112.5,82.9,0,30.2,193.1,114.7,248.1,283.9,348.7,283.8,289,253,355.6,221.1,219.5,259.5,438.2,245.9,274.7,239.9,226.9,234.5,318.7,458.6,198.9,218.3,228.2,223.5,216,228,277.9,260.7,322.7,244.2,379.3,315.1,337.7,235,270.6,289.3,343.9,220.9,244.6,386.6,309.1,253.4,319.6,281.4,401.7,372.6,338,301.7,434.8,266.2,750.3,643.6,348.8,310.7,346.8,562,612.7,465,478.6,438.7,395.4,408.5,446.8,458,442.9,601.5,489.1,435.3,357.7,373.1,286.6,430.4,380.7,432.3,412.5,361.7,520.3,353.4,386.6,412,599.2,509.7,374.4,473,521.7,697.8,582.9,895.4,621.1,500.3,364.7,450.2,424.2,362.4,515.1,546.6,400.4,784.4,621.8,530.6,474.2,569.4,572.4,417.6,427.2,580,507.3,498.7,468.2,425.6,441.4,423.2,403.8,0,0,0,0,0,0,0,0,0,0,0,0,0,0,0,0,0,0,0,0,0,0,0,0,0,0,71.7,95.4,174.5,197.2,197.2,155.9,176.5,0,0,0,0,0,0,0,41.8,96.6,171,154.2,311.6,0,,,,,,,57,,84461264,,490,,
2,0,0,0,0,0,0,0,0,0,0,0,0,0,0,0,0,0,0,0,0,0,0,0,0,0,0,0,0,0,0,0,0,0,0,0,0,0,0,0,0,0,0,0,0,0,0,0,0,0,0,0,0,0,0,0,0,0,0,0,0,0,0,0,0,0,0,0,0,0,0,0,0,0,0,0,0,0,0,0,0,0,0,0,0,0,0,0,0,0,81.4,0,0,0,0,0,0,269.8,0,0,0,0,0,0,0,0,46,0,0,0,0,0,205.8,265.7,336.6,283.8,275.5,244.3,337.6,209.9,212.8,259.5,420.6,245.9,271.7,234.9,226.9,225.1,312.4,440.9,198.9,213.6,206.3,223.5,208.5,228,277.9,258.8,281.3,244.2,361.4,303.8,325.2,235,270.6,281.4,335.6,214.1,240.3,380.7,297,246.6,308.3,274,383.4,330.1,338,301.7,434.8,262.7,729.7,569.6,332.9,303.6,346.8,551.6,603.7,447,472.2,430.4,395.4,400.6,426.2,447,442.9,594.1,463,427,348.6,373.1,286.6,430.4,380.7,422.5,412.5,361.7,502.4,353.4,373.5,412,599.2,497.2,374.4,473,505.4,697.8,572.2,653.8,621.1,479.5,364.7,443.4,418.6,362.4,503.3,538.5,400.4,772.3,615.2,530.6,474.2,560.6,572.4,412.9,427.2,580,496.8,488.7,440.4,425.6,433.8,423.2,403.8,0,0,0,0,0,0,0,0,0,0,0,0,0,0,0,0,0,0,0,0,0,0,0,0,0,0,56.5,84.4,167.1,197.2,197.2,155.9,170.6,0,0,0,0,0,0,0,41.8,96.6,164.4,154.2,306.4,0,,,,,,,58,,80760336,,488,,
2,0,0,0,0,0,0,0,0,0,0,0,0,0,0,0,0,0,0,0,0,0,0,0,0,0,0,0,0,0,0,0,0,0,0,0,0,0,0,0,0,0,0,0,0,0,0,0,0,0,0,0,0,0,0,0,0,0,0,0,0,0,0,0,0,0,0,0,0,0,0,0,0,0,0,0,0,0,0,0,0,0,0,0,0,0,0,0,0,0,35.9,0,0,0,0,0,0,214,0,0,0,0,0,0,0,0,0,0,0,0,0,0,0,141.4,300.9,281,264.6,244.3,337.6,209.9,212.8,239.7,354.4,227.8,263.9,234.9,224.5,215.9,294,429.5,187.2,213.6,206.3,216.5,208.5,216.3,261.6,246.8,265.8,231.7,347.7,299.6,325.2,231.4,270.6,257.7,330.5,208.6,229.6,380.7,276.8,246.6,295.8,274,377.5,285.7,332.1,301.7,431.7,262.7,717.5,534.4,332.9,303.6,341.4,542.9,597.5,435.4,472.2,418.1,385.1,393.9,426.2,432.1,430.7,580.8,463,415.8,336.5,373.1,276.7,423.6,380.7,414,394.5,349.5,502.4,340.8,373.5,401.5,599.2,497.2,368.9,473,491.7,684.9,557.5,639.1,606.4,471.9,364.7,443.4,418.6,362.4,486.9,531,400.4,766.9,615.2,530.6,474.2,560.6,568.6,406.3,427.2,580,496.8,488.7,440.4,425.6,433.8,423.2,397.5,0,0,0,0,0,0,0,0,0,0,0,0,0,0,0,0,0,0,0,0,0,0,0,0,0,0,54.3,84.4,161.6,188.8,197.2,149,170.6,0,0,0,0,0,0,0,24.5,96.6,162,146.8,306.4,0,,,,,,,59,,78360802,,486,,
2,0,0,0,0,0,0,0,0,0,0,0,0,0,0,0,0,0,0,0,0,0,0,0,0,0,0,0,0,0,0,0,0,0,0,0,0,0,0,0,0,0,0,0,0,0,0,0,0,0,0,0,0,0,0,0,0,0,0,0,0,0,0,0,0,0,0,0,0,0,0,0,0,0,0,0,0,0,0,0,0,0,0,0,0,0,0,0,0,0,0,0,0,0,0,0,0,51.7,0,0,0,0,0,0,0,0,0,0,0,0,0,0,0,0,204.1,281,256.6,231.7,329,209.9,201,229.2,318,227.8,263.9,212,211.5,204,294,407.7,180.4,210.1,206.3,213.5,208.5,216.3,253.8,246.8,199.1,231.7,343.1,287.2,316.9,222.2,263.6,257.7,330.5,208.6,221.8,363,276.8,246.6,284.7,274,372.4,285.7,332.1,301.7,431.7,262.7,697.1,489.2,328.8,303.6,341.4,536.1,593,425.9,464.9,409.5,376.6,389.6,426.2,423.2,430.7,569.1,444.8,415.8,331.9,361.8,276.7,412.9,371.9,406.9,394.5,349.5,502.4,325.6,363.3,390,588.6,497.2,362.1,463.4,476.8,563.7,539.9,627.5,600.2,463.1,362.9,428.4,412.4,347.2,486.9,525.9,395.3,756.3,609.2,530.6,474.2,560.6,568.6,406.3,427.2,573.9,491.2,474.6,435.6,425.6,428.7,423.2,397.5,0,0,0,0,0,0,0,0,0,0,0,0,0,0,0,0,0,0,0,0,0,0,0,0,0,0,41.3,78.4,155.8,188.8,181.2,149,164.4,0,0,0,0,0,0,0,0,96.6,162,146.8,284.7,0,,,,,,,60,,75886218,,484,,
2,0,0,0,0,0,0,0,0,0,0,0,0,0,0,0,0,0,0,0,0,0,0,0,0,0,0,0,0,0,0,0,0,0,0,0,0,0,0,0,0,0,0,0,0,0,0,0,0,0,0,0,0,0,0,0,0,0,0,0,0,0,0,0,0,0,0,0,0,0,0,0,0,0,0,0,0,0,0,0,0,0,0,0,0,0,0,0,0,0,0,0,0,0,0,0,0,51.7,0,0,0,0,0,0,0,0,0,0,0,0,0,0,0,0,0,281,249,219.5,305.7,196,192.9,218.8,299.3,227.8,257.8,212,211.5,201.4,287.5,389.2,180.4,202.3,188.2,208,204.3,216.3,243.8,244.1,193.7,214.6,332.2,276.8,316.9,222.2,228.2,250.7,322,204.5,209.1,363,262,232.9,277.8,261.8,365.8,267.2,326.2,295,423.6,259.3,697.1,481.1,328.8,298.3,341.4,530.7,581.3,407.7,455.7,404,376.6,384.1,420.2,423.2,430.7,562.4,444.8,401.4,315.7,349.3,271.2,407.4,371.9,381.9,394.5,335.1,490.9,325.6,356.3,390,578,489.6,355.3,449.9,464.9,563.7,527.9,627.5,600.2,463.1,362.9,428.4,406.9,347.2,478.9,517.1,383.2,745.5,603.6,521.5,471.8,541,546.6,383.6,427.2,557.7,480.5,465.2,420.7,425.6,420.5,414.4,397.5,0,0,0,0,0,0,0,0,0,0,0,0,0,0,0,0,0,0,0,0,0,0,0,0,0,0,34.6,64.5,143.4,183,181.2,142.7,164.4,0,0,0,0,0,0,0,0,86.9,155.9,141.1,284.7,0,,,,,,,61,,73751354,,482,,
2,0,0,0,0,0,0,0,0,0,0,0,0,0,0,0,0,0,0,0,0,0,0,0,0,0,0,0,0,0,0,0,0,0,0,0,0,0,0,0,0,0,0,0,0,0,0,0,0,0,0,0,0,0,0,0,0,0,0,0,0,0,0,0,0,0,0,0,0,0,0,0,0,0,0,0,0,0,0,0,0,0,0,0,0,0,0,0,0,0,0,0,0,0,0,0,0,0,0,0,0,0,0,0,0,0,0,0,0,0,0,0,0,0,0,240.8,234.2,185.7,276.8,190.4,188.5,207.3,287.8,218.5,244.5,204.9,205.2,185.6,287.5,365.6,180.4,202.3,188.2,187.7,192.2,197.5,235.8,232,185.5,214.6,311.7,271.2,292.9,216.6,205.7,240.8,311.8,194.8,195.4,351.5,246.7,232.9,270.9,250.5,349.5,267.2,326.2,276.2,423.6,259.3,683.6,453.7,311.2,289.3,341.4,515.4,571.7,395.4,455.7,389.2,365.1,373.9,413.1,405,418.5,550.2,438.9,393.1,309.5,341.3,271.2,407.4,371.9,381.9,366.7,321.4,486.5,318.7,356.3,382.2,578,479.6,355.3,449.9,447.5,528.2,516.6,617,600.2,463.1,362.9,419.2,406.9,347.2,478.9,508.8,383.2,717.8,603.6,521.5,471.8,541,537.5,383.6,427.2,557.7,475.7,465.2,420.7,425.6,420.5,414.4,397.5,0,0,0,0,0,0,0,0,0,0,0,0,0,0,0,0,0,0,0,0,0,0,0,0,0,0,0,54.8,132.8,174,178.3,142.7,160.5,0,0,0,0,0,0,0,0,86.9,149.1,134.9,284.7,0,,,,,,,62,,71855564,,480,,
2,0,0,0,0,0,0,0,0,0,0,0,0,0,0,0,0,0,0,0,0,0,0,0,0,0,0,0,0,0,0,0,0,0,0,0,0,0,0,0,0,0,0,0,0,0,0,0,0,0,0,0,0,0,0,0,0,0,0,0,0,0,0,0,0,0,0,0,0,0,0,0,0,0,0,0,0,0,0,0,0,0,0,0,0,0,0,0,0,0,0,0,0,0,0,0,0,0,0,0,0,0,0,0,0,0,0,0,0,0,0,0,0,0,0,163.3,203.4,0,201.7,154,157.5,198.4,276.5,203.8,244.5,197.8,205.2,179.1,274.4,335.7,173.9,202.3,180.6,187.7,188.1,197.5,223.2,227.5,178.6,202.9,306,265.6,286.4,216.6,203.3,228.2,311.8,194.8,195.4,351.5,246.7,228.5,256,250.5,339.9,267.2,326.2,276.2,417.8,259.3,660.2,372.6,311.2,282.9,323.6,503,552,372,450.8,389.2,365.1,373.9,402.5,393.9,418.5,525.9,425.5,393.1,306.3,333.6,266,397.8,354.2,372,366.7,321.4,469.6,310.6,338.7,382.2,578,462.2,355.3,443,441.5,528.2,516.6,610.7,600.2,448.9,356.4,402.6,401.4,342.9,459.3,508.8,369.1,703,594.4,521.5,471.8,541,532.2,366.1,427.2,551.3,475.7,465.2,412.8,414.3,420.5,406,391.6,0,0,0,0,0,0,0,0,0,0,0,0,0,0,0,0,0,0,0,0,0,0,0,0,0,0,0,21.9,132.8,174,178.3,137.2,154.4,0,0,0,0,0,0,0,0,86.9,141,134.9,266.2,0,,,,,,,63,,69503788,,478,,
2,0,0,0,0,0,0,0,0,0,0,0,0,0,0,0,0,0,0,0,0,0,0,0,0,0,0,0,0,0,0,0,0,0,0,0,0,0,0,0,0,0,0,0,0,0,0,0,0,0,0,0,0,0,0,0,0,0,0,0,0,0,0,0,0,0,0,0,0,0,0,0,0,0,0,0,0,0,0,0,0,0,0,0,0,0,0,0,0,0,0,0,0,0,0,0,0,0,0,0,0,0,0,0,0,0,0,0,0,0,0,0,0,0,0,17.4,0,0,0,0,0,155.7,276.5,201.1,239.1,185.2,198.3,173.8,268.7,309.5,163.1,202.3,180.6,176.5,176.7,197.5,210.8,216.7,152.4,196.4,291.4,258.6,274.5,198,197.2,228.2,298.1,194.8,195.4,347,234.2,216.2,253.1,241.3,328.2,267.2,326.2,276.2,408.5,256.7,633,355.9,311.2,282.9,323.6,485.8,552,372,445.3,375.8,356,373.9,397.3,393.9,418.5,506.6,415.9,373.7,306.3,333.6,257,391,354.2,372,366.7,321.4,469.6,306,338.7,367.1,578,458.1,345.6,432.3,423.6,440.3,509.4,610.7,569.3,448.9,356.4,402.6,374.2,342.9,459.3,493.8,354.6,693.7,594.4,511.5,471.8,518.6,515.6,358,412.9,551.3,469.2,453.9,412.8,409.1,409.1,406,385.5,0,0,0,0,0,0,0,0,0,0,0,0,0,0,0,0,0,0,0,0,0,0,0,0,0,0,0,0,114.1,162.2,162.3,128.5,150.2,0,0,0,0,0,0,0,0,71.4,141,134.9,266.2,0,,,,,,,64,,66186980,,476,,
2,0,0,0,0,0,0,0,0,0,0,0,0,0,0,0,0,0,0,0,0,0,0,0,0,0,0,0,0,0,0,0,0,0,0,0,0,0,0,0,0,0,0,0,0,0,0,0,0,0,0,0,0,0,0,0,0,0,0,0,0,0,0,0,0,0,0,0,0,0,0,0,0,0,0,0,0,0,0,0,0,0,0,0,0,0,0,0,0,0,0,0,0,0,0,0,0,0,0,0,0,0,0,0,0,0,0,0,0,0,0,0,0,0,0,0,0,0,0,0,0,0,243.3,191.7,233.3,178.2,198.3,160.4,257.8,278.8,161.6,182.7,172.9,176.5,176.7,197.5,210.8,205.9,152.4,191.1,273.6,251.6,256.1,198,190.1,213.5,289,177.7,182.9,323.9,234.2,216.2,241.3,241.3,320.9,246.2,315.4,276.2,408.5,256.7,615.9,336.4,311.2,279.2,318.2,478.7,552,365,431,375.8,356,366.9,397.3,388.3,407.8,487.5,403.7,373.7,293.8,313.4,257,391,354.2,334.2,353.3,308.4,469.6,306,331.2,367.1,552.3,440.8,338.4,422.8,412.7,433.2,502.7,587.4,569.3,448.9,356.4,397.3,374.2,333.9,450.1,493.8,354.6,691.3,594.4,504.2,467.8,518.6,504,354.6,412.9,551.3,463.4,442.2,407.4,409.1,409.1,397.1,385.5,0,0,0,0,0,0,0,0,0,0,0,0,0,0,0,0,0,0,0,0,0,0,0,0,0,0,0,0,114.1,156.7,162.3,128.5,150.2,0,0,0,0,0,0,0,0,71.4,141,134.9,260.4,0,,,,,,,65,,64371072,,474,,
2,0,0,0,0,0,0,0,0,0,0,0,0,0,0,0,0,0,0,0,0,0,0,0,0,0,0,0,0,0,0,0,0,0,0,0,0,0,0,0,0,0,0,0,0,0,0,0,0,0,0,0,0,0,0,0,0,0,0,0,0,0,0,0,0,0,0,0,0,0,0,0,0,0,0,0,0,0,0,0,0,0,0,0,0,0,0,0,0,0,0,0,0,0,0,0,0,0,0,0,0,0,0,0,0,0,0,0,0,0,0,0,0,0,0,0,0,0,0,0,0,0,149.6,178.4,228.1,165.6,192.2,153.6,249.2,263.2,161.6,182.7,163,154.7,150,190.6,197,205.9,134.8,186.1,257.5,251.6,230.6,198,190.1,196.8,281.6,177.7,182.9,313.6,234.2,216.2,241.3,234.6,307,246.2,315.4,264.9,402.6,256.7,597.2,320.7,280.6,279.2,318.2,459.3,535.5,347.7,431,363.4,341.3,353.5,388.7,379.2,396.9,475.2,393.6,366.6,270.3,313.4,257,385.5,341.9,301.3,341.7,305.6,463.4,292.3,318.3,360.1,552.3,440.8,338.4,422.8,350.3,421.9,502.7,577,569.3,427.7,346.5,389.7,368.3,333.9,443.4,482.3,354.6,665.8,585.7,504.2,467.8,518.6,494.9,354.6,412.9,526.6,456.8,442.2,395.2,409.1,409.1,397.1,385.5,0,0,0,0,0,0,0,0,0,0,0,0,0,0,0,0,0,0,0,0,0,0,0,0,0,0,0,0,110.8,147.2,160.5,128.5,136,0,0,0,0,0,0,0,0,71.4,126.4,128.5,257.3,0,,,,,,,66,,62680268,,472,,
2,0,0,0,0,0,0,0,0,0,0,0,0,0,0,0,0,0,0,0,0,0,0,0,0,0,0,0,0,0,0,0,0,0,0,0,0,0,0,0,0,0,0,0,0,0,0,0,0,0,0,0,0,0,0,0,0,0,0,0,0,0,0,0,0,0,0,0,0,0,0,0,0,0,0,0,0,0,0,0,0,0,0,0,0,0,0,0,0,0,0,0,0,0,0,0,0,0,0,0,0,0,0,0,0,0,0,0,0,0,0,0,0,0,0,0,0,0,0,0,0,0,0,137,221.4,155.7,184.1,144.5,243.5,250.1,161.6,182.7,157.8,154.7,141.2,181.1,189.3,199.2,108.8,186.1,239.1,240.7,230.6,188.4,179.2,184.4,277.6,177.7,180.7,312.2,216.2,216.2,228.8,224.8,294.1,239.9,307.2,264.9,402.6,256.7,586.2,300.7,280.6,275.6,306,445,535.5,347.7,425.5,354.9,341.3,353.5,381.7,379.2,387.4,455.8,381.4,360.3,270.3,313.4,251.9,371.9,341.9,301.3,335.7,297.4,463.4,292.3,318.3,360.1,547.6,433,328.6,422.8,350.3,416.7,502.7,571.5,569.3,427.7,346.5,377.2,368.3,333.9,420.8,471.1,349.8,653.8,585.7,504.2,467.8,510,467.9,354.6,412.9,526.6,456.8,430.9,389.9,409.1,401.6,397.1,379.5,0,0,0,0,0,0,0,0,0,0,0,0,0,0,0,0,0,0,0,0,0,0,0,0,0,0,0,0,103,140.5,143.6,115,136,0,0,0,0,0,0,0,0,66.2,126.4,119.9,257.3,0,,,,,,,67,,61268526,,470,,
2,0,0,0,0,0,0,0,0,0,0,0,0,0,0,0,0,0,0,0,0,0,0,0,0,0,0,0,0,0,0,0,0,0,0,0,0,0,0,0,0,0,0,0,0,0,0,0,0,0,0,0,0,0,0,0,0,0,0,0,0,0,0,0,0,0,0,0,0,0,0,0,0,0,0,0,0,0,0,0,0,0,0,0,0,0,0,0,0,0,0,0,0,0,0,0,0,0,0,0,0,0,0,0,0,0,0,0,0,0,0,0,0,0,0,0,0,0,0,0,0,0,0,0,208.8,143.2,173.3,135.2,215.9,194,144.6,165.3,151.9,153.1,141.2,173.9,189.3,193.8,73.3,173.6,233.7,230,203.4,183.1,179.2,172.6,270,172.4,174.8,298.6,202.5,199.8,228.8,224.8,279.5,239.9,307.2,247.9,394.6,250.6,577,290.7,280.6,275.6,306,420.2,517.4,326.8,413.1,354.9,341.3,346.6,372.1,366.3,379.1,442.2,367.8,360.3,260.3,301.2,251.9,367,336.5,301.3,319.2,297.4,453.8,281,299.9,352.9,542.1,419,328.6,408,335.2,416.7,493,545.5,547.1,419,346.5,377.2,358,323.3,408.3,463.2,349.8,653.8,570.7,498.7,467.8,507.4,455,344,412.9,521.5,445.3,430.9,389.9,409.1,401.6,378.8,379.5,0,0,0,0,0,0,0,0,0,0,0,0,0,0,0,0,0,0,0,0,0,0,0,0,0,0,0,0,94.6,140.5,138,115,136,0,0,0,0,0,0,0,0,60.1,126.4,119.9,234.8,0,,,,,,,68,,59361314,,468,,
2,0,0,0,0,0,0,0,0,0,0,0,0,0,0,0,0,0,0,0,0,0,0,0,0,0,0,0,0,0,0,0,0,0,0,0,0,0,0,0,0,0,0,0,0,0,0,0,0,0,0,0,0,0,0,0,0,0,0,0,0,0,0,0,0,0,0,0,0,0,0,0,0,0,0,0,0,0,0,0,0,0,0,0,0,0,0,0,0,0,0,0,0,0,0,0,0,0,0,0,0,0,0,0,0,0,0,0,0,0,0,0,0,0,0,0,0,0,0,0,0,0,0,0,41.6,107.1,125.8,78.1,137.3,95.3,144.6,158.8,129.4,142.3,127.4,173.9,175.5,188.4,42.4,173.6,220.2,224.1,203.4,183.1,179.2,172.6,270,172.4,157.5,291.9,197,199.8,211.3,213.1,270.3,232.8,307.2,236.9,394.6,250.6,561,283.8,275.4,272.4,303.5,412.3,503.9,318.5,393.8,349.3,328.2,337.2,366.2,366.3,355.1,431.3,357,348.1,260.3,293.6,251.9,367,336.5,294.6,319.2,297.4,453.8,273.6,299.9,341,535.3,406.6,324.5,408,335.2,399.5,479.2,540.3,547.1,419,338.4,366,345.8,323.3,397.1,457.7,349.8,641.8,570.7,498.7,467.8,491.2,448.6,338.3,412.9,514.1,445.3,411.5,378.9,409.1,401.6,378.8,377,0,0,0,0,0,0,0,0,0,0,0,0,0,0,0,0,0,0,0,0,0,0,0,0,0,0,0,0,84.7,135.1,135.4,115,136,0,0,0,0,0,0,0,0,60.1,116.7,119.9,234.8,0,,,,,,,69,,57330016,,466,,
2,0,0,0,0,0,0,0,0,0,0,0,0,0,0,0,0,0,0,0,0,0,0,0,0,0,0,0,0,0,0,0,0,0,0,0,0,0,0,0,0,0,0,0,0,0,0,0,0,0,0,0,0,0,0,0,0,0,0,0,0,0,0,0,0,0,0,0,0,0,0,0,0,0,0,0,0,0,0,0,0,0,0,0,0,0,0,0,0,0,0,0,0,0,0,0,0,0,0,0,0,0,0,0,0,0,0,0,0,0,0,0,0,0,0,0,0,0,0,0,0,0,0,0,0,54,0,0,0,0,123.7,140.2,64,98.3,116.3,160.1,171.5,181.9,34.2,173.6,214.8,218.5,184.9,183.1,179.2,165.6,245.4,168.7,157.5,283,186,199.8,203.2,199.1,259,222.6,288.9,223.5,385.3,244.5,519.9,262.3,275.4,272.4,291.3,401.5,503.9,314.1,393.8,336.8,328.2,337.2,359.5,366.3,331,408.2,343.6,338,260.3,293.6,241.6,360,317.4,237.4,307.2,276.3,445.6,266.9,282.4,336.1,527.8,389.2,324.5,395.8,327.8,367.1,479.2,513.5,540.5,403.5,338.4,366,345.8,317.3,367.1,451.1,349.8,614.4,570.7,496.3,467.8,491.2,434.8,338.3,412.9,514.1,445.3,411.5,368.3,409.1,394.1,378.8,377,0,0,0,0,0,0,0,0,0,0,0,0,0,0,0,0,0,0,0,0,0,0,0,0,0,0,0,0,78.5,126,129.5,107.7,133,0,0,0,0,0,0,0,0,41.8,112.1,107.8,228.6,0,,,,,,,70,,54452144,,464,,
2,0,0,0,0,0,0,0,0,0,0,0,0,0,0,0,0,0,0,0,0,0,0,0,0,0,0,0,0,0,0,0,0,0,0,0,0,0,0,0,0,0,0,0,0,0,0,0,0,0,0,0,0,0,0,0,0,0,0,0,0,0,0,0,0,0,0,0,0,0,0,0,0,0,0,0,0,0,0,0,0,0,0,0,0,0,0,0,0,0,0,0,0,0,0,0,0,0,0,0,0,0,0,0,0,0,0,0,0,0,0,0,0,0,0,0,0,0,0,0,0,0,0,0,0,0,0,0,0,0,99.3,71.9,0,0,76.1,121.9,150.8,163.8,28.6,154.8,208.1,218.5,179.7,165.3,179.2,160,245.4,168.7,148.3,283,186,199.8,198.9,199.1,252.9,222.6,288.9,223.5,378.7,244.5,519.9,256.8,270.3,264.9,291.3,379.1,494.2,288.2,377.9,330.6,317.5,326.4,350.1,354.3,320.1,397.4,336.8,338,228.9,293.6,241.6,352.8,317.4,237.4,294.3,276.3,445.6,258.6,282.4,336.1,522.4,371.7,316.5,395.8,327.8,367.1,466,504.4,540.5,403.5,326.3,354.7,337.1,306.1,355.1,443.5,349.8,605.1,570.7,489.8,467.8,491.2,434.8,338.3,409,498.1,433.5,399.4,360.4,409.1,394.1,378.8,377,0,0,0,0,0,0,0,0,0,0,0,0,0,0,0,0,0,0,0,0,0,0,0,0,0,0,0,0,53.7,117.8,129.5,107.7,133,0,0,0,0,0,0,0,0,35.9,112.1,107.8,213.5,0,,,,,,,71,,52673724,,462,,
2,0,0,0,0,0,0,0,0,0,0,0,0,0,0,0,0,0,0,0,0,0,0,0,0,0,0,0,0,0,0,0,0,0,0,0,0,0,0,0,0,0,0,0,0,0,0,0,0,0,0,0,0,0,0,0,0,0,0,0,0,0,0,0,0,0,0,0,0,0,0,0,0,0,0,0,0,0,0,0,0,0,0,0,0,0,0,0,0,0,0,0,0,0,0,0,0,0,0,0,0,0,0,0,0,0,0,0,0,0,0,0,0,0,0,0,0,0,0,0,0,0,0,0,0,0,0,0,0,0,0,0,0,0,0,0,65.2,0,18.9,142.7,186.4,211.4,168.4,165.3,170.4,153,245.4,161.9,148.3,268.4,186,180.6,189.1,199.1,230.3,222.6,285.2,214.5,378.7,244.5,509.9,256.8,254.7,264.9,279.1,348.2,486.2,283.6,371.7,319.5,308.4,314.4,344.1,354.3,320.1,390.6,324.7,338,228.9,281.7,241.6,352.8,317.4,230.2,294.3,276.3,428,249,263.9,336.1,491.2,349.7,316.5,386.8,321,341.1,466,479.4,527.2,403.5,312.3,345.4,337.1,306.1,328.6,437.2,349.8,597.1,570.7,489.8,467.8,491.2,419.9,332,409,498.1,427.6,399.4,339.9,402.6,387.9,378.8,362,0,0,0,0,0,0,0,0,0,0,0,0,0,0,0,0,0,0,0,0,0,0,0,0,0,0,0,0,0,117.8,129.5,101.6,133,0,0,0,0,0,0,0,0,0,101,98.3,195.7,0,,,,,,,72,,50187432,,460,,
2,0,0,0,0,0,0,0,0,0,0,0,0,0,0,0,0,0,0,0,0,0,0,0,0,0,0,0,0,0,0,0,0,0,0,0,0,0,0,0,0,0,0,0,0,0,0,0,0,0,0,0,0,0,0,0,0,0,0,0,0,0,0,0,0,0,0,0,0,0,0,0,0,0,0,0,0,0,0,0,0,0,0,0,0,0,0,0,0,0,0,0,0,0,0,0,0,0,0,0,0,0,0,0,0,0,0,0,0,0,0,0,0,0,0,0,0,0,0,0,0,0,0,0,0,0,0,0,0,0,0,0,0,0,0,0,0,0,18.9,142.7,178.5,202.3,159.9,165.3,170.4,147.4,234.7,161.9,148.3,268.4,168.1,174.5,180.1,187.9,223.8,204.9,279,202.7,371.3,243.3,500.4,256.8,254.7,264.9,279.1,322.7,478.4,275.5,365.5,309.9,308.4,302.4,338.2,354.3,311.8,378.3,312.6,329.3,228.9,281.7,241.6,342,305.2,226.1,281.7,260.8,420.6,236.2,263.9,323.2,485.7,349.7,308.3,386.8,321,341.1,457.2,461.2,527.2,394.7,312.3,336.7,309.9,297.4,316.4,425.9,344.1,578.7,562.2,483,467.8,471.7,419.9,332,403.2,498.1,427.6,383.9,324.9,396.2,387.9,360.8,362,0,0,0,0,0,0,0,0,0,0,0,0,0,0,0,0,0,0,0,0,0,0,0,0,0,0,0,0,0,101.1,113.1,101.6,126,0,0,0,0,0,0,0,0,0,101,98.3,188.9,0,,,,,,,73,,49034922,,458,,
2,0,0,0,0,0,0,0,0,0,0,0,0,0,0,0,0,0,0,0,0,0,0,0,0,0,0,0,0,0,0,0,0,0,0,0,0,0,0,0,0,0,0,0,0,0,0,0,0,0,0,0,0,0,0,0,0,0,0,0,0,0,0,0,0,0,0,0,0,0,0,0,0,0,0,0,0,0,0,0,0,0,0,0,0,0,0,0,0,0,0,0,0,0,0,0,0,0,0,0,0,0,0,0,0,0,0,0,0,0,0,0,0,0,0,0,0,0,0,0,0,0,0,0,0,0,0,0,0,0,0,0,0,0,0,0,0,0,0,126,173.3,202.3,143,165.3,166,140.4,234.7,156.3,148.3,252.7,168.1,174.5,171.8,179.9,206.5,197.2,271.6,188.5,359.5,228.2,485.8,248.8,254.7,257,260.7,316.6,473.6,265.2,359.3,309.9,297.2,280.9,338.2,341.3,311.8,356,300.5,329.3,209.9,270.2,222.2,342,295.6,226.1,281.7,251.9,414.5,236.2,255.8,323.2,478.5,329.8,293.3,371.8,304.8,341.1,450.5,444.2,527.2,377.5,304,333.7,292.2,297.4,309.7,425.9,344.1,569,554.1,476.8,467.8,471.7,417.9,317.5,403.2,485,419.1,383.9,303.1,396.2,379.6,360.8,354.3,0,0,0,0,0,0,0,0,0,0,0,0,0,0,0,0,0,0,0,0,0,0,0,0,0,0,0,0,0,96.3,113.1,95.9,126,0,0,0,0,0,0,0,0,0,101,93.4,180.1,0,,,,,,,74,,47836150,,456,,
2,0,0,0,0,0,0,0,0,0,0,0,0,0,0,0,0,0,0,0,0,0,0,0,0,0,0,0,0,0,0,0,0,0,0,0,0,0,0,0,0,0,0,0,0,0,0,0,0,0,0,0,0,0,0,0,0,0,0,0,0,0,0,0,0,0,0,0,0,0,0,0,0,0,0,0,0,0,0,0,0,0,0,0,0,0,0,0,0,0,0,0,0,0,0,0,0,0,0,0,0,0,0,0,0,0,0,0,0,0,0,0,0,0,0,0,0,0,0,0,0,0,0,0,0,0,0,0,0,0,0,0,0,0,0,0,0,0,0,126,168.1,185.3,143,144.3,166,140.4,211.2,156.3,148.3,246.3,157.2,174.5,171.8,179.9,194.7,197.2,264.3,184.9,352.7,228.2,461.8,238,242.5,257,260.7,307.2,459.3,259.7,348.4,294.3,289.4,274,316,341.3,311.8,353.3,300.5,319.4,209.9,270.2,222.2,335.3,295.6,226.1,269.7,240.5,405.6,218.8,255.8,298.2,461.1,316.5,293.3,371.8,304.8,329.1,439.7,425.3,515.3,377.5,304,333.7,284.8,288,306,398.9,337.8,554.2,554.1,476.8,467.8,471.7,409.7,311.2,403.2,475.4,419.1,378.3,283.9,393.6,368.4,360.8,348.4,0,0,0,0,0,0,0,0,0,0,0,0,0,0,0,0,0,0,0,0,0,0,0,0,0,0,0,0,0,88.3,113.1,95.9,115.8,0,0,0,0,0,0,0,0,0,87.3,87.3,155.9,0,,,,,,,75,,46717194,,454,,
2,0,0,0,0,0,0,0,0,0,0,0,0,0,0,0,0,0,0,0,0,0,0,0,0,0,0,0,0,0,0,0,0,0,0,0,0,0,0,0,0,0,0,0,0,0,0,0,0,0,0,0,0,0,0,0,0,0,0,0,0,0,0,0,0,0,0,0,0,0,0,0,0,0,0,0,0,0,0,0,0,0,0,0,0,0,0,0,0,0,0,0,0,0,0,0,0,0,0,0,0,0,0,0,0,0,0,0,0,0,0,0,0,0,0,0,0,0,0,0,0,0,0,0,0,0,0,0,0,0,0,0,0,0,0,0,0,0,0,106.2,130.6,176.3,124,144.3,157.1,129.3,211.2,146.8,139.1,233.3,157.2,174.5,153,179.9,194.7,186,257,184.9,352.7,216.3,445.9,238,242.5,246.2,241.7,272.1,453.7,253.5,329.1,294.3,289.4,274,316,341.3,299.5,342.5,291.1,314.7,197.1,265,212.9,327.2,287.4,215.2,251,240.5,393.2,218.8,252,298.2,456,310.5,281.1,362.8,304.8,329.1,439.7,412.3,515.3,371.8,304,322.1,284.8,284.1,300.4,398.9,331.2,508.7,554.1,476.8,458.4,460,409.7,305.3,403.2,475.4,406.1,378.3,283.9,363.7,368.4,360.8,337.7,0,0,0,0,0,0,0,0,0,0,0,0,0,0,0,0,0,0,0,0,0,0,0,0,0,0,0,0,0,77.9,100.2,87.1,115.8,0,0,0,0,0,0,0,0,0,75.5,87.3,150.6,0,,,,,,,76,,45561456,,452,,
2,0,0,0,0,0,0,0,0,0,0,0,0,0,0,0,0,0,0,0,0,0,0,0,0,0,0,0,0,0,0,0,0,0,0,0,0,0,0,0,0,0,0,0,0,0,0,0,0,0,0,0,0,0,0,0,0,0,0,0,0,0,0,0,0,0,0,0,0,0,0,0,0,0,0,0,0,0,0,0,0,0,0,0,0,0,0,0,0,0,0,0,0,0,0,0,0,0,0,0,0,0,0,0,0,0,0,0,0,0,0,0,0,0,0,0,0,0,0,0,0,0,0,0,0,0,0,0,0,0,0,0,0,0,0,0,0,0,0,0,54,166.3,114.6,144.3,157.1,124.4,202.8,146.8,137.5,203.5,146.2,164.9,153,161.6,173.9,186,251.4,184.9,335.5,197.3,431.5,238,239.2,246.2,241.7,272.1,448.1,253.5,329.1,279.6,274.2,258.2,310.1,316.2,299.5,323.4,284.3,314.7,177.8,265,209.8,321.5,279.3,215.2,238.6,230.5,383.3,218.8,239.8,298.2,438.5,304.5,281.1,353.5,304.8,319.7,417.2,401.9,515.3,365.5,297.7,308.7,273.8,284.1,300.4,398.9,323.2,481.5,534.9,453.6,458.4,455.3,409.7,305.3,402.6,464.2,406.1,360,252.8,288.1,368.4,360.8,318.2,0,0,0,0,0,0,0,0,0,0,0,0,0,0,0,0,0,0,0,0,0,0,0,0,0,0,0,0,0,0,89.9,81.9,115.8,0,0,0,0,0,0,0,0,0,75.5,81.3,150.6,0,,,,,,,77,,43788100,,450,,
2,0,0,0,0,0,0,0,0,0,0,0,0,0,0,0,0,0,0,0,0,0,0,0,0,0,0,0,0,0,0,0,0,0,0,0,0,0,0,0,0,0,0,0,0,0,0,0,0,0,0,0,0,0,0,0,0,0,0,0,0,0,0,0,0,0,0,0,0,0,0,0,0,0,0,0,0,0,0,0,0,0,0,0,0,0,0,0,0,0,0,0,0,0,0,0,0,0,0,0,0,0,0,0,0,0,0,0,0,0,0,0,0,0,0,0,0,0,0,0,0,0,0,0,0,0,0,0,0,0,0,0,0,0,0,0,0,0,0,0,0,11.8,85.8,113.5,149.8,124.4,198.5,146.8,133.2,195.3,146.2,164.9,141.9,161.6,167.3,186,239.4,179.7,331.4,191.8,414.7,234.7,232.4,235.9,233.6,272.1,446,232.7,320.4,279.6,274.2,254,310.1,316.2,288.6,323.4,279,307.3,177.8,256.2,201.5,321.5,279.3,215.2,238.6,218,371.4,211.6,234.6,298.2,438.5,282.1,268.9,353.5,295.9,309,387.8,385.2,503.3,365.5,289.4,297.2,268,270,289.9,374.6,323.2,475.3,534.9,453.6,458.4,446.2,409.7,305.3,385.6,464.2,396.9,360,252.8,288.1,368.4,349.9,318.2,0,0,0,0,0,0,0,0,0,0,0,0,0,0,0,0,0,0,0,0,0,0,0,0,0,0,0,0,0,0,66.4,81.9,115.8,0,0,0,0,0,0,0,0,0,57.9,81.3,135.2,0,,,,,,,78,,42504814,,448,,
2,0,0,0,0,0,0,0,0,0,0,0,0,0,0,0,0,0,0,0,0,0,0,0,0,0,0,0,0,0,0,0,0,0,0,0,0,0,0,0,0,0,0,0,0,0,0,0,0,0,0,0,0,0,0,0,0,0,0,0,0,0,0,0,0,0,0,0,0,0,0,0,0,0,0,0,0,0,0,0,0,0,0,0,0,0,0,0,0,0,0,0,0,0,0,0,0,0,0,0,0,0,0,0,0,0,0,0,0,0,0,0,0,0,0,0,0,0,0,0,0,0,0,0,0,0,0,0,0,0,0,0,0,0,0,0,0,0,0,0,0,0,0,0,142,117.5,187.2,137,121.1,195.3,133.9,164.9,141.9,161.6,154.4,167.4,233.9,179.7,324.7,184.5,407.2,222.8,232.4,211.3,219,271.2,440.9,232.7,301.5,234.2,265,254,294.7,316.2,288.6,304,272.2,298.5,166,248.5,201.5,314.7,267,204,227,218,360,211.6,234.6,291.2,427.8,282.1,268.9,344.5,295.9,309,357.2,344.6,492.9,365.5,281,297.2,268,270,275.6,374.6,323.2,460.7,534.9,453.6,458.4,443.6,395.9,305.3,385.6,449.5,385.4,350.1,243.3,276.6,355.8,349.9,312.2,0,0,0,0,0,0,0,0,0,0,0,0,0,0,0,0,0,0,0,0,0,0,0,0,0,0,0,0,0,0,0,63.3,107,0,0,0,0,0,0,0,0,0,51.8,68,129.7,0,,,,,,,79,,40933912,,446,,
2,0,0,0,0,0,0,0,0,0,0,0,0,0,0,0,0,0,0,0,0,0,0,0,0,0,0,0,0,0,0,0,0,0,0,0,0,0,0,0,0,0,0,0,0,0,0,0,0,0,0,0,0,0,0,0,0,0,0,0,0,0,0,0,0,0,0,0,0,0,0,0,0,0,0,0,0,0,0,0,0,0,0,0,0,0,0,0,0,0,0,0,0,0,0,0,0,0,0,0,0,0,0,0,0,0,0,0,0,0,0,0,0,0,0,0,0,0,0,0,0,0,0,0,0,0,0,0,0,0,0,0,0,0,0,0,0,0,0,0,0,0,0,0,42.7,89.8,115.2,137,113.2,168.2,126.9,159.5,111.5,142,138.5,167.4,228,173,324.7,178.6,377.7,222.8,221.5,211.3,213.6,267,429.6,232.7,295.9,234.2,259.7,254,294.7,305.7,288.6,304,264.6,298.5,166,241.1,184.6,293,267,204,227,218,348,204.2,234.6,291.2,409.2,282.1,263.5,344.5,281.9,294.1,343.4,344.6,492.9,345.6,281,297.2,256.1,264.9,275.6,365.2,312.9,448.8,523.6,447.3,448.9,437.2,384.1,305.3,385.6,431.6,385.4,350.1,243.3,276.6,347.8,349.9,306.5,0,0,0,0,0,0,0,0,0,0,0,0,0,0,0,0,0,0,0,0,0,0,0,0,0,0,0,0,0,0,0,0,107,0,0,0,0,0,0,0,0,0,0,62,126.4,0,,,,,,,80,,39553510,,444,,
2,0,0,0,0,0,0,0,0,0,0,0,0,0,0,0,0,0,0,0,0,0,0,0,0,0,0,0,0,0,0,0,0,0,0,0,0,0,0,0,0,0,0,0,0,0,0,0,0,0,0,0,0,0,0,0,0,0,0,0,0,0,0,0,0,0,0,0,0,0,0,0,0,0,0,0,0,0,0,0,0,0,0,0,0,0,0,0,0,0,0,0,0,0,0,0,0,0,0,0,0,0,0,0,0,0,0,0,0,0,0,0,0,0,0,0,0,0,0,0,0,0,0,0,0,0,0,0,0,0,0,0,0,0,0,0,0,0,0,0,0,0,0,0,0,0,0,72.6,101.6,12.3,84.3,147.8,111.5,131.2,138.5,167.4,228,173,307.1,169.1,331,222.8,221.5,190.9,213.6,255,409.5,222.8,285.2,234.2,242.1,247.6,281.7,305.7,281,304,264.6,289,160.8,241.1,184.6,293,245.7,204,207.4,203.3,348,191.3,234.6,291.2,409.2,255.9,255.3,320.8,281.9,288,336.4,330.3,492.9,345.6,278.4,284.4,256.1,247.7,262.9,348.3,312.9,430.4,513.9,440.8,434.5,416.8,384.1,296.1,359.8,431.6,364.7,334.7,243.3,267.3,347.8,322.8,288.7,0,0,0,0,0,0,0,0,0,0,0,0,0,0,0,0,0,0,0,0,0,0,0,0,0,0,0,0,0,0,0,0,99.6,0,0,0,0,0,0,0,0,0,0,62,114.3,0,,,,,,,81,,37588676,,442,,
2,0,0,0,0,0,0,0,0,0,0,0,0,0,0,0,0,0,0,0,0,0,0,0,0,0,0,0,0,0,0,0,0,0,0,0,0,0,0,0,0,0,0,0,0,0,0,0,0,0,0,0,0,0,0,0,0,0,0,0,0,0,0,0,0,0,0,0,0,0,0,0,0,0,0,0,0,0,0,0,0,0,0,0,0,0,0,0,0,0,0,0,0,0,0,0,0,0,0,0,0,0,0,0,0,0,0,0,0,0,0,0,0,0,0,0,0,0,0,0,0,0,0,0,0,0,0,0,0,0,0,0,0,0,0,0,0,0,0,0,0,0,0,0,0,0,0,0,0,0,0,104.9,88.8,128.1,119.3,144.3,195.2,167.6,303.1,165,258.5,214.3,211.9,169.4,186.5,134.3,396.5,222.8,276.4,234.2,242.1,232.7,281.7,292.5,281,283.6,252.8,276.1,150.4,231.8,184.6,293,236.9,184.5,207.4,197.8,333.8,191.3,227,278,397.4,255.9,243,320.8,274.9,277.2,336.4,307.8,472.8,340.7,275.1,284.4,256.1,247.7,262.9,342,312.9,401.2,507.4,426.5,411.5,402.5,372.4,296.1,359.8,417.3,364.7,334.7,243.3,267.3,347.8,316.9,288.7,0,0,0,0,0,0,0,0,0,0,0,0,0,0,0,0,0,0,0,0,0,0,0,0,0,0,0,0,0,0,0,0,99.6,0,0,0,0,0,0,0,0,0,0,56,114.3,0,,,,,,,82,,35781084,,440,,
2,0,0,0,0,0,0,0,0,0,0,0,0,0,0,0,0,0,0,0,0,0,0,0,0,0,0,0,0,0,0,0,0,0,0,0,0,0,0,0,0,0,0,0,0,0,0,0,0,0,0,0,0,0,0,0,0,0,0,0,0,0,0,0,0,0,0,0,0,0,0,0,0,0,0,0,0,0,0,0,0,0,0,0,0,0,0,0,0,0,0,0,0,0,0,0,0,0,0,0,0,0,0,0,0,0,0,0,0,0,0,0,0,0,0,0,0,0,0,0,0,0,0,0,0,0,0,0,0,0,0,0,0,0,0,0,0,0,0,0,0,0,0,0,0,0,0,0,0,0,0,0,43.1,0,65,144.3,195.2,167.6,303.1,165,181.3,207,196.9,169.4,175.6,131.6,338.1,210.4,247.1,234.2,235.6,232.7,266.7,285,281,283.6,243.2,276.1,150.4,222.2,180.5,283.5,234.2,184.5,207.4,197.8,333.8,191.3,227,262.2,392.1,249.2,243,320.8,274.9,263.1,330,307.8,472.8,329.6,267.7,264.6,256.1,247.7,237.8,342,304.9,394.7,502.4,420.3,402.2,402.5,369.5,290.3,359.8,417.3,347.8,318.9,235.6,267.3,308.8,316.9,288.7,0,0,0,0,0,0,0,0,0,0,0,0,0,0,0,0,0,0,0,0,0,0,0,0,0,0,0,0,0,0,0,0,86.4,0,0,0,0,0,0,0,0,0,0,56,110,0,,,,,,,83,,34205698,,438,,
2,0,0,0,0,0,0,0,0,0,0,0,0,0,0,0,0,0,0,0,0,0,0,0,0,0,0,0,0,0,0,0,0,0,0,0,0,0,0,0,0,0,0,0,0,0,0,0,0,0,0,0,0,0,0,0,0,0,0,0,0,0,0,0,0,0,0,0,0,0,0,0,0,0,0,0,0,0,0,0,0,0,0,0,0,0,0,0,0,0,0,0,0,0,0,0,0,0,0,0,0,0,0,0,0,0,0,0,0,0,0,0,0,0,0,0,0,0,0,0,0,0,0,0,0,0,0,0,0,0,0,0,0,0,0,0,0,0,0,0,0,0,0,0,0,0,0,0,0,0,0,0,0,0,0,18.5,149.4,156.3,288.8,165,166.5,197.1,196.9,164,170.1,125.1,319.8,210.4,237.5,181.8,215.6,223.1,266.7,285,281,283.6,243.2,264.7,144,222.2,180.5,271.5,221.9,184.5,191.6,197.8,325.3,181.7,208.3,244.4,375.5,238.3,233.5,310.6,274.9,263.1,312,289.2,467.4,316.7,267.7,257.7,256.1,237,237.8,318.8,295.4,394.7,466.3,413.5,390.2,397.3,369.5,290.3,351.8,417.3,345.1,310.2,235.6,267.3,308.8,312.3,279.2,0,0,0,0,0,0,0,0,0,0,0,0,0,0,0,0,0,0,0,0,0,0,0,0,0,0,0,0,0,0,0,0,86.4,0,0,0,0,0,0,0,0,0,0,38.1,110,0,,,,,,,84,,32631964,,436,,
2,0,0,0,0,0,0,0,0,0,0,0,0,0,0,0,0,0,0,0,0,0,0,0,0,0,0,0,0,0,0,0,0,0,0,0,0,0,0,0,0,0,0,0,0,0,0,0,0,0,0,0,0,0,0,0,0,0,0,0,0,0,0,0,0,0,0,0,0,0,0,0,0,0,0,0,0,0,0,0,0,0,0,0,0,0,0,0,0,0,0,0,0,0,0,0,0,0,0,0,0,0,0,0,0,0,0,0,0,0,0,0,0,0,0,0,0,0,0,0,0,0,0,0,0,0,0,0,0,0,0,0,0,0,0,0,0,0,0,0,0,0,0,0,0,0,0,0,0,0,0,0,0,0,0,0,0,149,270.7,150.8,157.1,191.4,196.9,160.8,153.4,119.8,308,199.2,229.2,181.8,215.6,223.1,258.8,279.8,271.2,266.2,231,264.7,137.4,209,161.3,264.8,216.4,176.1,191.6,183.9,311.6,181.7,208.3,244.4,356.9,238.3,233.5,300.1,260.6,245.7,312,289.2,467.4,298.9,267.7,245.9,242.5,230.3,231.3,307.8,295.4,378.7,426.5,394.7,370.3,390.6,360.1,278.4,335.7,392.6,345.1,305.1,235.6,246.5,288.3,308.4,273.3,0,0,0,0,0,0,0,0,0,0,0,0,0,0,0,0,0,0,0,0,0,0,0,0,0,0,0,0,0,0,0,0,75.8,0,0,0,0,0,0,0,0,0,0,38.1,91.3,0,,,,,,,85,,31203018,,434,,
2,0,0,0,0,0,0,0,0,0,0,0,0,0,0,0,0,0,0,0,0,0,0,0,0,0,0,0,0,0,0,0,0,0,0,0,0,0,0,0,0,0,0,0,0,0,0,0,0,0,0,0,0,0,0,0,0,0,0,0,0,0,0,0,0,0,0,0,0,0,0,0,0,0,0,0,0,0,0,0,0,0,0,0,0,0,0,0,0,0,0,0,0,0,0,0,0,0,0,0,0,0,0,0,0,0,0,0,0,0,0,0,0,0,0,0,0,0,0,0,0,0,0,0,0,0,0,0,0,0,0,0,0,0,0,0,0,0,0,0,0,0,0,0,0,0,0,0,0,0,0,0,0,0,0,0,0,135,227,150.8,134.2,191.4,188.5,147.2,146.6,119.8,299.1,199.2,224.8,171.7,205.8,217.7,240.5,273.2,271.2,266.2,220.9,249,128,209,161.3,264.8,208.2,176.1,191.6,183.9,311.6,181.7,198,192.2,341.6,226.5,233.5,289.6,260.6,245.7,312,278.5,451.4,293.9,267.7,237.1,230.3,219.3,224.7,301.1,288.5,378.7,414.3,394.7,354.2,377.6,360.1,278.4,329.9,392.6,325,292.2,235.6,246.5,282.1,308.4,273.3,0,0,0,0,0,0,0,0,0,0,0,0,0,0,0,0,0,0,0,0,0,0,0,0,0,0,0,0,0,0,0,0,75.8,0,0,0,0,0,0,0,0,0,0,33.4,91.3,0,,,,,,,86,,30344704,,432,,
2,0,0,0,0,0,0,0,0,0,0,0,0,0,0,0,0,0,0,0,0,0,0,0,0,0,0,0,0,0,0,0,0,0,0,0,0,0,0,0,0,0,0,0,0,0,0,0,0,0,0,0,0,0,0,0,0,0,0,0,0,0,0,0,0,0,0,0,0,0,0,0,0,0,0,0,0,0,0,0,0,0,0,0,0,0,0,0,0,0,0,0,0,0,0,0,0,0,0,0,0,0,0,0,0,0,0,0,0,0,0,0,0,0,0,0,0,0,0,0,0,0,0,0,0,0,0,0,0,0,0,0,0,0,0,0,0,0,0,0,0,0,0,0,0,0,0,0,0,0,0,0,0,0,0,0,0,119.9,193.9,138.3,122,174.4,177.7,147.2,136.4,114.3,286.1,188.6,214.8,161.2,192.8,217.7,205.4,267.5,271.2,255.3,210.5,249,128,200,155.8,249.8,195.9,176.1,191.6,170.5,298.8,181.7,198,192.2,327.4,226.5,203,274.1,260.6,238.3,303.8,278.5,451.4,286.2,261.3,225.3,230.3,204.1,213.5,291.5,288.5,378.7,403.2,388.2,330,377.6,345.4,267,317.3,377.4,318.3,289.7,235.6,246.5,274.1,308.4,268.2,0,0,0,0,0,0,0,0,0,0,0,0,0,0,0,0,0,0,0,0,0,0,0,0,0,0,0,0,0,0,0,0,60,0,0,0,0,0,0,0,0,0,0,0,81.6,0,,,,,,,87,,29265884,,430,,
2,0,0,0,0,0,0,0,0,0,0,0,0,0,0,0,0,0,0,0,0,0,0,0,0,0,0,0,0,0,0,0,0,0,0,0,0,0,0,0,0,0,0,0,0,0,0,0,0,0,0,0,0,0,0,0,0,0,0,0,0,0,0,0,0,0,0,0,0,0,0,0,0,0,0,0,0,0,0,0,0,0,0,0,0,0,0,0,0,0,0,0,0,0,0,0,0,0,0,0,0,0,0,0,0,0,0,0,0,0,0,0,0,0,0,0,0,0,0,0,0,0,0,0,0,0,0,0,0,0,0,0,0,0,0,0,0,0,0,0,0,0,0,0,0,0,0,0,0,0,0,0,0,0,0,0,0,0,117.9,13.6,34.9,124.9,169.8,137.8,126.9,111,286.1,179.6,214.8,161.2,183.9,217.7,205.4,267.5,271.2,245.8,201.1,237.3,121.3,193.6,155.8,249.8,191.8,176.1,182.4,163.6,280.2,165.1,198,192.2,327.4,223.1,203,261,250.1,235.5,297.1,260.6,441.9,271.1,249.6,225.3,224.9,204.1,209.3,286.9,277,366.5,389.8,377.9,330,359.7,330.1,238.5,317.3,362.3,318.3,275.6,230.8,239.9,274.1,308.4,268.2,0,0,0,0,0,0,0,0,0,0,0,0,0,0,0,0,0,0,0,0,0,0,0,0,0,0,0,0,0,0,0,0,53.5,0,0,0,0,0,0,0,0,0,0,0,81.6,0,,,,,,,88,,27715592,,428,,
2,0,0,0,0,0,0,0,0,0,0,0,0,0,0,0,0,0,0,0,0,0,0,0,0,0,0,0,0,0,0,0,0,0,0,0,0,0,0,0,0,0,0,0,0,0,0,0,0,0,0,0,0,0,0,0,0,0,0,0,0,0,0,0,0,0,0,0,0,0,0,0,0,0,0,0,0,0,0,0,0,0,0,0,0,0,0,0,0,0,0,0,0,0,0,0,0,0,0,0,0,0,0,0,0,0,0,0,0,0,0,0,0,0,0,0,0,0,0,0,0,0,0,0,0,0,0,0,0,0,0,0,0,0,0,0,0,0,0,0,0,0,0,0,0,0,0,0,0,0,0,0,0,0,0,0,0,0,0,0,0,0,169.8,137.8,109.3,111,200.9,179.6,197,142.8,172.9,200.3,199,267.5,262.7,239.7,190.8,237.3,116,193.6,142.8,243.1,182.3,163.4,164.9,163.6,268.7,165.1,192.5,192.2,322.2,210.9,203,254.4,250.1,235.5,297.1,247.8,433.5,271.1,249.6,207.4,224.9,191.6,209.3,277.2,277,360.5,379,377.9,305.4,342.7,318.4,223.3,317.3,362.3,302.5,275.6,230.8,239.9,274.1,308.4,254.2,0,0,0,0,0,0,0,0,0,0,0,0,0,0,0,0,0,0,0,0,0,0,0,0,0,0,0,0,0,0,0,0,53.5,0,0,0,0,0,0,0,0,0,0,0,81.6,0,,,,,,,89,,26270570,,426,,
2,0,0,0,0,0,0,0,0,0,0,0,0,0,0,0,0,0,0,0,0,0,0,0,0,0,0,0,0,0,0,0,0,0,0,0,0,0,0,0,0,0,0,0,0,0,0,0,0,0,0,0,0,0,0,0,0,0,0,0,0,0,0,0,0,0,0,0,0,0,0,0,0,0,0,0,0,0,0,0,0,0,0,0,0,0,0,0,0,0,0,0,0,0,0,0,0,0,0,0,0,0,0,0,0,0,0,0,0,0,0,0,0,0,0,0,0,0,0,0,0,0,0,0,0,0,0,0,0,0,0,0,0,0,0,0,0,0,0,0,0,0,0,0,0,0,0,0,0,0,0,0,0,0,0,0,0,0,0,0,0,0,0,118.4,86.5,92.9,173.8,172.5,184.3,142.8,172.9,200.3,188.4,249.4,249.3,226.6,173.2,227.3,109.4,188.3,131.9,231.5,167.8,160.7,164.9,163.6,268.7,165.1,192.5,179.2,314.6,210.9,203,254.4,239.6,216,286,247.8,419.1,247.6,249.6,179.8,208.1,191.6,191.9,270,277,346.6,363,362.6,296,342.7,306.5,223.3,300,354,302.5,275.6,230.8,239.9,258.4,296.3,254.2,0,0,0,0,0,0,0,0,0,0,0,0,0,0,0,0,0,0,0,0,0,0,0,0,0,0,0,0,0,0,0,0,43.1,0,0,0,0,0,0,0,0,0,0,0,72.8,0,,,,,,,90,,25073946,,424,,
2,0,0,0,0,0,0,0,0,0,0,0,0,0,0,0,0,0,0,0,0,0,0,0,0,0,0,0,0,0,0,0,0,0,0,0,0,0,0,0,0,0,0,0,0,0,0,0,0,0,0,0,0,0,0,0,0,0,0,0,0,0,0,0,0,0,0,0,0,0,0,0,0,0,0,0,0,0,0,0,0,0,0,0,0,0,0,0,0,0,0,0,0,0,0,0,0,0,0,0,0,0,0,0,0,0,0,0,0,0,0,0,0,0,0,0,0,0,0,0,0,0,0,0,0,0,0,0,0,0,0,0,0,0,0,0,0,0,0,0,0,0,0,0,0,0,0,0,0,0,0,0,0,0,0,0,0,0,0,0,0,0,0,0,42,92.9,0,153.2,179.9,125.1,150.8,200.3,182.5,249.4,245.1,213.8,165.1,219.6,102.8,174,131.9,220.7,159.8,160.7,164.9,163.6,263.6,165.1,175.6,179.2,314.6,210.9,203,244,239.6,216,286,247.8,407.8,247.6,240.4,179.8,208.1,183.6,191.9,261.5,264.9,338.6,351.4,350.8,278.2,336.1,306.5,223.3,300,329.1,288,264.2,227.2,230.3,258.4,296.3,254.2,0,0,0,0,0,0,0,0,0,0,0,0,0,0,0,0,0,0,0,0,0,0,0,0,0,0,0,0,0,0,0,0,0,0,0,0,0,0,0,0,0,0,0,0,72.8,0,,,,,,,91,,23751024,,422,,
2,0,0,0,0,0,0,0,0,0,0,0,0,0,0,0,0,0,0,0,0,0,0,0,0,0,0,0,0,0,0,0,0,0,0,0,0,0,0,0,0,0,0,0,0,0,0,0,0,0,0,0,0,0,0,0,0,0,0,0,0,0,0,0,0,0,0,0,0,0,0,0,0,0,0,0,0,0,0,0,0,0,0,0,0,0,0,0,0,0,0,0,0,0,0,0,0,0,0,0,0,0,0,0,0,0,0,0,0,0,0,0,0,0,0,0,0,0,0,0,0,0,0,0,0,0,0,0,0,0,0,0,0,0,0,0,0,0,0,0,0,0,0,0,0,0,0,0,0,0,0,0,0,0,0,0,0,0,0,0,0,0,0,0,0,0,0,35.1,57.7,103.1,141.8,183.9,164.9,239.3,223.6,204.5,165.1,214.5,97.6,174,131.9,220.7,159.8,147.4,152.5,139.2,240.6,150.4,175.6,176.1,300.5,194.9,203,232.9,239.6,205.7,275.5,232.5,402.5,237.3,232,179.8,197,171.1,180.4,248.7,250.3,328.1,338.3,344.6,278.2,317,294.7,218.4,294.5,322.7,281.5,251.5,227.2,216.1,258.4,275.4,254.2,0,0,0,0,0,0,0,0,0,0,0,0,0,0,0,0,0,0,0,0,0,0,0,0,0,0,0,0,0,0,0,0,0,0,0,0,0,0,0,0,0,0,0,0,72.8,0,,,,,,,92,,22093648,,420,,
2,0,0,0,0,0,0,0,0,0,0,0,0,0,0,0,0,0,0,0,0,0,0,0,0,0,0,0,0,0,0,0,0,0,0,0,0,0,0,0,0,0,0,0,0,0,0,0,0,0,0,0,0,0,0,0,0,0,0,0,0,0,0,0,0,0,0,0,0,0,0,0,0,0,0,0,0,0,0,0,0,0,0,0,0,0,0,0,0,0,0,0,0,0,0,0,0,0,0,0,0,0,0,0,0,0,0,0,0,0,0,0,0,0,0,0,0,0,0,0,0,0,0,0,0,0,0,0,0,0,0,0,0,0,0,0,0,0,0,0,0,0,0,0,0,0,0,0,0,0,0,0,0,0,0,0,0,0,0,0,0,0,0,0,0,0,0,0,0,0,103.7,138.6,121.4,233.9,213.3,195.3,152.3,214.5,97.6,168.3,116.9,208,148.6,147.4,152.5,139.2,225.4,145,175.6,176.1,300.5,194.9,185.3,232.9,234.4,205.7,275.5,232.5,390.4,227.7,223,161.5,197,171.1,180.4,238,241.6,316.2,326,330.1,269.1,310.7,286.3,218.4,294.5,301.2,272.3,240.3,227.2,216.1,258.4,275.4,232.5,0,0,0,0,0,0,0,0,0,0,0,0,0,0,0,0,0,0,0,0,0,0,0,0,0,0,0,0,0,0,0,0,0,0,0,0,0,0,0,0,0,0,0,0,60.8,0,,,,,,,93,,20931720,,418,,
2,0,0,0,0,0,0,0,0,0,0,0,0,0,0,0,0,0,0,0,0,0,0,0,0,0,0,0,0,0,0,0,0,0,0,0,0,0,0,0,0,0,0,0,0,0,0,0,0,0,0,0,0,0,0,0,0,0,0,0,0,0,0,0,0,0,0,0,0,0,0,0,0,0,0,0,0,0,0,0,0,0,0,0,0,0,0,0,0,0,0,0,0,0,0,0,0,0,0,0,0,0,0,0,0,0,0,0,0,0,0,0,0,0,0,0,0,0,0,0,0,0,0,0,0,0,0,0,0,0,0,0,0,0,0,0,0,0,0,0,0,0,0,0,0,0,0,0,0,0,0,0,0,0,0,0,0,0,0,0,0,0,0,0,0,0,0,0,0,0,0,0,0,193.8,175.2,173.1,140.2,199.4,84.4,156.9,116.9,197.4,140.6,147.4,140.9,135,209.2,145,160.7,176.1,300.5,187.7,185.3,215.9,226.5,194.4,264.5,232.5,375.8,216.5,223,161.5,178.7,164.8,180.4,227.8,241.6,307.1,303.7,323.6,258.4,304.5,286.3,210.4,294.5,301.2,258,240.3,227.2,213.5,258.4,268.6,232.5,0,0,0,0,0,0,0,0,0,0,0,0,0,0,0,0,0,0,0,0,0,0,0,0,0,0,0,0,0,0,0,0,0,0,0,0,0,0,0,0,0,0,0,0,60.8,0,,,,,,,94,,19475190,,416,,
2,0,0,0,0,0,0,0,0,0,0,0,0,0,0,0,0,0,0,0,0,0,0,0,0,0,0,0,0,0,0,0,0,0,0,0,0,0,0,0,0,0,0,0,0,0,0,0,0,0,0,0,0,0,0,0,0,0,0,0,0,0,0,0,0,0,0,0,0,0,0,0,0,0,0,0,0,0,0,0,0,0,0,0,0,0,0,0,0,0,0,0,0,0,0,0,0,0,0,0,0,0,0,0,0,0,0,0,0,0,0,0,0,0,0,0,0,0,0,0,0,0,0,0,0,0,0,0,0,0,0,0,0,0,0,0,0,0,0,0,0,0,0,0,0,0,0,0,0,0,0,0,0,0,0,0,0,0,0,0,0,0,0,0,0,0,0,0,0,0,0,0,0,0,0,0,29.3,139.6,72.2,137,110.8,191.8,129.6,141.7,140.9,135,204.2,145,160.7,160.3,279.9,187.7,185.3,215.9,226.5,191.6,259.1,227.2,370.4,216.5,195.5,148.8,169.2,159.6,165.8,220.5,230.8,307.1,296.2,306.8,248.1,282,268.3,210.4,289,275.6,251.4,230.5,218.9,202.1,247.3,268.6,232.5,0,0,0,0,0,0,0,0,0,0,0,0,0,0,0,0,0,0,0,0,0,0,0,0,0,0,0,0,0,0,0,0,0,0,0,0,0,0,0,0,0,0,0,0,24.1,0,,,,,,,95,,17763054,,414,,
2,0,0,0,0,0,0,0,0,0,0,0,0,0,0,0,0,0,0,0,0,0,0,0,0,0,0,0,0,0,0,0,0,0,0,0,0,0,0,0,0,0,0,0,0,0,0,0,0,0,0,0,0,0,0,0,0,0,0,0,0,0,0,0,0,0,0,0,0,0,0,0,0,0,0,0,0,0,0,0,0,0,0,0,0,0,0,0,0,0,0,0,0,0,0,0,0,0,0,0,0,0,0,0,0,0,0,0,0,0,0,0,0,0,0,0,0,0,0,0,0,0,0,0,0,0,0,0,0,0,0,0,0,0,0,0,0,0,0,0,0,0,0,0,0,0,0,0,0,0,0,0,0,0,0,0,0,0,0,0,0,0,0,0,0,0,0,0,0,0,0,0,0,0,0,0,0,0,0,25.2,73.9,47.3,102.5,141.4,131.6,135,189.5,145,151.5,160.3,268.3,176,180.8,209.5,226.5,184.8,259.1,227.2,356,204.7,195.5,148.8,169.2,154.4,153.6,194.2,230.8,298.2,284.8,299.9,242.4,282,243,200.1,289,270.5,244.8,212.1,212,202.1,247.3,268.6,225.4,0,0,0,0,0,0,0,0,0,0,0,0,0,0,0,0,0,0,0,0,0,0,0,0,0,0,0,0,0,0,0,0,0,0,0,0,0,0,0,0,0,0,0,0,0,0,,,,,,,96,,16302092,,412,,
2,0,0,0,0,0,0,0,0,0,0,0,0,0,0,0,0,0,0,0,0,0,0,0,0,0,0,0,0,0,0,0,0,0,0,0,0,0,0,0,0,0,0,0,0,0,0,0,0,0,0,0,0,0,0,0,0,0,0,0,0,0,0,0,0,0,0,0,0,0,0,0,0,0,0,0,0,0,0,0,0,0,0,0,0,0,0,0,0,0,0,0,0,0,0,0,0,0,0,0,0,0,0,0,0,0,0,0,0,0,0,0,0,0,0,0,0,0,0,0,0,0,0,0,0,0,0,0,0,0,0,0,0,0,0,0,0,0,0,0,0,0,0,0,0,0,0,0,0,0,0,0,0,0,0,0,0,0,0,0,0,0,0,0,0,0,0,0,0,0,0,0,0,0,0,0,0,0,0,0,0,0,0,0,106.2,107.1,170,124.8,145.5,160.3,268.3,176,180.8,198.1,217.3,172.9,244.2,212.8,344.7,195.4,186.3,148.8,169.2,154.4,153.6,194.2,230.8,292.5,270.7,291.6,242.4,276,230.6,200.1,289,244.6,231.8,203.7,189.8,202.1,247.3,257.7,225.4,0,0,0,0,0,0,0,0,0,0,0,0,0,0,0,0,0,0,0,0,0,0,0,0,0,0,0,0,0,0,0,0,0,0,0,0,0,0,0,0,0,0,0,0,0,0,,,,,,,97,,15024292,,410,,
2,0,0,0,0,0,0,0,0,0,0,0,0,0,0,0,0,0,0,0,0,0,0,0,0,0,0,0,0,0,0,0,0,0,0,0,0,0,0,0,0,0,0,0,0,0,0,0,0,0,0,0,0,0,0,0,0,0,0,0,0,0,0,0,0,0,0,0,0,0,0,0,0,0,0,0,0,0,0,0,0,0,0,0,0,0,0,0,0,0,0,0,0,0,0,0,0,0,0,0,0,0,0,0,0,0,0,0,0,0,0,0,0,0,0,0,0,0,0,0,0,0,0,0,0,0,0,0,0,0,0,0,0,0,0,0,0,0,0,0,0,0,0,0,0,0,0,0,0,0,0,0,0,0,0,0,0,0,0,0,0,0,0,0,0,0,0,0,0,0,0,0,0,0,0,0,0,0,0,0,0,0,0,0,0,47.8,147,124.8,135.8,153.5,257.5,168.6,168.5,190.4,210.4,172.9,237.4,212.8,329.6,195.4,186.3,137.5,159.6,145.3,153.6,172.9,222.8,281.4,259.8,285.1,227.6,266.8,230.6,200.1,278.5,244.6,221.3,203.7,175.9,186.4,238.9,257.7,225.4,0,0,0,0,0,0,0,0,0,0,0,0,0,0,0,0,0,0,0,0,0,0,0,0,0,0,0,0,0,0,0,0,0,0,0,0,0,0,0,0,0,0,0,0,0,0,,,,,,,98,,14159918,,408,,
2,0,0,0,0,0,0,0,0,0,0,0,0,0,0,0,0,0,0,0,0,0,0,0,0,0,0,0,0,0,0,0,0,0,0,0,0,0,0,0,0,0,0,0,0,0,0,0,0,0,0,0,0,0,0,0,0,0,0,0,0,0,0,0,0,0,0,0,0,0,0,0,0,0,0,0,0,0,0,0,0,0,0,0,0,0,0,0,0,0,0,0,0,0,0,0,0,0,0,0,0,0,0,0,0,0,0,0,0,0,0,0,0,0,0,0,0,0,0,0,0,0,0,0,0,0,0,0,0,0,0,0,0,0,0,0,0,0,0,0,0,0,0,0,0,0,0,0,0,0,0,0,0,0,0,0,0,0,0,0,0,0,0,0,0,0,0,0,0,0,0,0,0,0,0,0,0,0,0,0,0,0,0,0,0,0,0,124.8,128.4,153.5,257.5,151.7,168.5,190.4,210.4,166.2,227.8,192.6,308.4,190.4,165.8,133.4,151.8,134.9,153.6,172.9,215.3,271.6,245,255.5,227.6,242.4,221.5,200.1,261.7,233,221.3,198.1,175.9,186.4,238.9,216.4,219.4,0,0,0,0,0,0,0,0,0,0,0,0,0,0,0,0,0,0,0,0,0,0,0,0,0,0,0,0,0,0,0,0,0,0,0,0,0,0,0,0,0,0,0,0,0,0,,,,,,,99,,13106924,,406,,
2,0,0,0,0,0,0,0,0,0,0,0,0,0,0,0,0,0,0,0,0,0,0,0,0,0,0,0,0,0,0,0,0,0,0,0,0,0,0,0,0,0,0,0,0,0,0,0,0,0,0,0,0,0,0,0,0,0,0,0,0,0,0,0,0,0,0,0,0,0,0,0,0,0,0,0,0,0,0,0,0,0,0,0,0,0,0,0,0,0,0,0,0,0,0,0,0,0,0,0,0,0,0,0,0,0,0,0,0,0,0,0,0,0,0,0,0,0,0,0,0,0,0,0,0,0,0,0,0,0,0,0,0,0,0,0,0,0,0,0,0,0,0,0,0,0,0,0,0,0,0,0,0,0,0,0,0,0,0,0,0,0,0,0,0,0,0,0,0,0,0,0,0,0,0,0,0,0,0,0,0,0,0,0,0,0,0,89.4,117.5,151.6,257.5,151.7,153.6,161.8,191.5,156.9,227.8,179,294,190.4,159.3,133.4,151.8,134.9,147.2,153.9,215.3,259.9,233.7,255.5,218.4,212.1,221.5,192.4,261.7,225.3,211.5,186.9,167.6,186.4,238.9,200.1,210.2,0,0,0,0,0,0,0,0,0,0,0,0,0,0,0,0,0,0,0,0,0,0,0,0,0,0,0,0,0,0,0,0,0,0,0,0,0,0,0,0,0,0,0,0,0,0,,,,,,,100,,12529360,,404,,
2,0,0,0,0,0,0,0,0,0,0,0,0,0,0,0,0,0,0,0,0,0,0,0,0,0,0,0,0,0,0,0,0,0,0,0,0,0,0,0,0,0,0,0,0,0,0,0,0,0,0,0,0,0,0,0,0,0,0,0,0,0,0,0,0,0,0,0,0,0,0,0,0,0,0,0,0,0,0,0,0,0,0,0,0,0,0,0,0,0,0,0,0,0,0,0,0,0,0,0,0,0,0,0,0,0,0,0,0,0,0,0,0,0,0,0,0,0,0,0,0,0,0,0,0,0,0,0,0,0,0,0,0,0,0,0,0,0,0,0,0,0,0,0,0,0,0,0,0,0,0,0,0,0,0,0,0,0,0,0,0,0,0,0,0,0,0,0,0,0,0,0,0,0,0,0,0,0,0,0,0,0,0,0,0,0,0,0,94.5,146.2,222.7,143.6,153.6,161.8,191.5,143.5,219.5,171.5,270,174.7,145.6,133.4,137.3,125.8,140.4,73.3,204.3,259.9,233.7,244.9,210,203.3,211.9,192.4,247.1,207.2,202.2,186.9,167.6,186.4,229.7,200.1,210.2,0,0,0,0,0,0,0,0,0,0,0,0,0,0,0,0,0,0,0,0,0,0,0,0,0,0,0,0,0,0,0,0,0,0,0,0,0,0,0,0,0,0,0,0,0,0,,,,,,,101,,11555854,,402,,
2,0,0,0,0,0,0,0,0,0,0,0,0,0,0,0,0,0,0,0,0,0,0,0,0,0,0,0,0,0,0,0,0,0,0,0,0,0,0,0,0,0,0,0,0,0,0,0,0,0,0,0,0,0,0,0,0,0,0,0,0,0,0,0,0,0,0,0,0,0,0,0,0,0,0,0,0,0,0,0,0,0,0,0,0,0,0,0,0,0,0,0,0,0,0,0,0,0,0,0,0,0,0,0,0,0,0,0,0,0,0,0,0,0,0,0,0,0,0,0,0,0,0,0,0,0,0,0,0,0,0,0,0,0,0,0,0,0,0,0,0,0,0,0,0,0,0,0,0,0,0,0,0,0,0,0,0,0,0,0,0,0,0,0,0,0,0,0,0,0,0,0,0,0,0,0,0,0,0,0,0,0,0,0,0,0,0,0,0,126.1,222.7,132.5,153.6,152.7,167.3,143.5,210.1,154.4,255,167.2,136.5,123.2,137.3,119.3,140.4,73.3,204.3,244.9,211.9,233.9,202.1,182.5,211.9,168.7,247.1,195.1,202.2,177.1,167.6,179.9,229.7,194.8,198.3,0,0,0,0,0,0,0,0,0,0,0,0,0,0,0,0,0,0,0,0,0,0,0,0,0,0,0,0,0,0,0,0,0,0,0,0,0,0,0,0,0,0,0,0,0,0,,,,,,,102,,10787282,,400,,
2,0,0,0,0,0,0,0,0,0,0,0,0,0,0,0,0,0,0,0,0,0,0,0,0,0,0,0,0,0,0,0,0,0,0,0,0,0,0,0,0,0,0,0,0,0,0,0,0,0,0,0,0,0,0,0,0,0,0,0,0,0,0,0,0,0,0,0,0,0,0,0,0,0,0,0,0,0,0,0,0,0,0,0,0,0,0,0,0,0,0,0,0,0,0,0,0,0,0,0,0,0,0,0,0,0,0,0,0,0,0,0,0,0,0,0,0,0,0,0,0,0,0,0,0,0,0,0,0,0,0,0,0,0,0,0,0,0,0,0,0,0,0,0,0,0,0,0,0,0,0,0,0,0,0,0,0,0,0,0,0,0,0,0,0,0,0,0,0,0,0,0,0,0,0,0,0,0,0,0,0,0,0,0,0,0,0,0,0,0,22,126.2,142.1,130.7,167.3,122.7,200.5,154.4,255,145.7,136.5,123.2,111.2,119.3,133.8,73.3,204.3,244.9,211.9,198,195.6,169,211.9,168.7,247.1,195.1,189,163.7,152,179.9,204.9,183.8,192.1,0,0,0,0,0,0,0,0,0,0,0,0,0,0,0,0,0,0,0,0,0,0,0,0,0,0,0,0,0,0,0,0,0,0,0,0,0,0,0,0,0,0,0,0,0,0,,,,,,,103,,9770476,,398,,
2,0,0,0,0,0,0,0,0,0,0,0,0,0,0,0,0,0,0,0,0,0,0,0,0,0,0,0,0,0,0,0,0,0,0,0,0,0,0,0,0,0,0,0,0,0,0,0,0,0,0,0,0,0,0,0,0,0,0,0,0,0,0,0,0,0,0,0,0,0,0,0,0,0,0,0,0,0,0,0,0,0,0,0,0,0,0,0,0,0,0,0,0,0,0,0,0,0,0,0,0,0,0,0,0,0,0,0,0,0,0,0,0,0,0,0,0,0,0,0,0,0,0,0,0,0,0,0,0,0,0,0,0,0,0,0,0,0,0,0,0,0,0,0,0,0,0,0,0,0,0,0,0,0,0,0,0,0,0,0,0,0,0,0,0,0,0,0,0,0,0,0,0,0,0,0,0,0,0,0,0,0,0,0,0,0,0,0,0,0,0,0,142.1,130.7,156.1,122.7,200.5,143.6,233.5,140.7,110.4,123.2,111.2,105.4,133.8,0,183.9,237,189.6,198,185.1,157.3,211.9,155.3,235.3,171.8,176.6,156.6,132.8,179.9,199.3,183.8,143.1,0,0,0,0,0,0,0,0,0,0,0,0,0,0,0,0,0,0,0,0,0,0,0,0,0,0,0,0,0,0,0,0,0,0,0,0,0,0,0,0,0,0,0,0,0,0,,,,,,,104,,8645038,,396,,
2,0,0,0,0,0,0,0,0,0,0,0,0,0,0,0,0,0,0,0,0,0,0,0,0,0,0,0,0,0,0,0,0,0,0,0,0,0,0,0,0,0,0,0,0,0,0,0,0,0,0,0,0,0,0,0,0,0,0,0,0,0,0,0,0,0,0,0,0,0,0,0,0,0,0,0,0,0,0,0,0,0,0,0,0,0,0,0,0,0,0,0,0,0,0,0,0,0,0,0,0,0,0,0,0,0,0,0,0,0,0,0,0,0,0,0,0,0,0,0,0,0,0,0,0,0,0,0,0,0,0,0,0,0,0,0,0,0,0,0,0,0,0,0,0,0,0,0,0,0,0,0,0,0,0,0,0,0,0,0,0,0,0,0,0,0,0,0,0,0,0,0,0,0,0,0,0,0,0,0,0,0,0,0,0,0,0,0,0,0,0,0,21.8,107.7,147.3,116.1,180.9,134.5,224.1,133.5,110.4,105.4,111.2,105.4,133.8,0,177.8,217.4,182.8,179.5,177.3,150.3,197.9,149.7,235.3,171.8,162,149.6,132.8,179.9,169.4,153.4,121.8,0,0,0,0,0,0,0,0,0,0,0,0,0,0,0,0,0,0,0,0,0,0,0,0,0,0,0,0,0,0,0,0,0,0,0,0,0,0,0,0,0,0,0,0,0,0,,,,,,,105,,7994890,,394,,
2,0,0,0,0,0,0,0,0,0,0,0,0,0,0,0,0,0,0,0,0,0,0,0,0,0,0,0,0,0,0,0,0,0,0,0,0,0,0,0,0,0,0,0,0,0,0,0,0,0,0,0,0,0,0,0,0,0,0,0,0,0,0,0,0,0,0,0,0,0,0,0,0,0,0,0,0,0,0,0,0,0,0,0,0,0,0,0,0,0,0,0,0,0,0,0,0,0,0,0,0,0,0,0,0,0,0,0,0,0,0,0,0,0,0,0,0,0,0,0,0,0,0,0,0,0,0,0,0,0,0,0,0,0,0,0,0,0,0,0,0,0,0,0,0,0,0,0,0,0,0,0,0,0,0,0,0,0,0,0,0,0,0,0,0,0,0,0,0,0,0,0,0,0,0,0,0,0,0,0,0,0,0,0,0,0,0,0,0,0,0,0,0,0,58.5,95.2,98.5,116.6,204.8,112.1,97.6,105.4,111.2,99.2,124,0,171.2,217.4,160.8,179.5,167,150.3,197.9,141.7,235.3,161.4,152.7,149.6,122.9,179.9,162.9,153.4,98.5,0,0,0,0,0,0,0,0,0,0,0,0,0,0,0,0,0,0,0,0,0,0,0,0,0,0,0,0,0,0,0,0,0,0,0,0,0,0,0,0,0,0,0,0,0,0,,,,,,,106,,7093612,,392,,
2,0,0,0,0,0,0,0,0,0,0,0,0,0,0,0,0,0,0,0,0,0,0,0,0,0,0,0,0,0,0,0,0,0,0,0,0,0,0,0,0,0,0,0,0,0,0,0,0,0,0,0,0,0,0,0,0,0,0,0,0,0,0,0,0,0,0,0,0,0,0,0,0,0,0,0,0,0,0,0,0,0,0,0,0,0,0,0,0,0,0,0,0,0,0,0,0,0,0,0,0,0,0,0,0,0,0,0,0,0,0,0,0,0,0,0,0,0,0,0,0,0,0,0,0,0,0,0,0,0,0,0,0,0,0,0,0,0,0,0,0,0,0,0,0,0,0,0,0,0,0,0,0,0,0,0,0,0,0,0,0,0,0,0,0,0,0,0,0,0,0,0,0,0,0,0,0,0,0,0,0,0,0,0,0,0,0,0,0,0,0,0,0,0,0,0,0,114,204.8,112.1,97.6,98.1,92.5,89.1,116,0,171.2,190.6,160.8,138.9,155.7,136.2,192.2,126.4,224.7,161.4,131.7,133.5,122.9,163.2,162.9,147.9,79.7,0,0,0,0,0,0,0,0,0,0,0,0,0,0,0,0,0,0,0,0,0,0,0,0,0,0,0,0,0,0,0,0,0,0,0,0,0,0,0,0,0,0,0,0,0,0,,,,,,,107,,6239690,,390,,
2,0,0,0,0,0,0,0,0,0,0,0,0,0,0,0,0,0,0,0,0,0,0,0,0,0,0,0,0,0,0,0,0,0,0,0,0,0,0,0,0,0,0,0,0,0,0,0,0,0,0,0,0,0,0,0,0,0,0,0,0,0,0,0,0,0,0,0,0,0,0,0,0,0,0,0,0,0,0,0,0,0,0,0,0,0,0,0,0,0,0,0,0,0,0,0,0,0,0,0,0,0,0,0,0,0,0,0,0,0,0,0,0,0,0,0,0,0,0,0,0,0,0,0,0,0,0,0,0,0,0,0,0,0,0,0,0,0,0,0,0,0,0,0,0,0,0,0,0,0,0,0,0,0,0,0,0,0,0,0,0,0,0,0,0,0,0,0,0,0,0,0,0,0,0,0,0,0,0,0,0,0,0,0,0,0,0,0,0,0,0,0,0,0,0,0,0,13.2,95.6,95.8,77.7,98.1,92.5,89.1,116,0,162.5,181.3,148.2,129.4,150.4,128,192.2,126.4,218.9,133.4,131.7,116.9,122.9,163.2,162.9,120.7,22.2,0,0,0,0,0,0,0,0,0,0,0,0,0,0,0,0,0,0,0,0,0,0,0,0,0,0,0,0,0,0,0,0,0,0,0,0,0,0,0,0,0,0,0,0,0,0,,,,,,,108,,5547784,,388,,
2,0,0,0,0,0,0,0,0,0,0,0,0,0,0,0,0,0,0,0,0,0,0,0,0,0,0,0,0,0,0,0,0,0,0,0,0,0,0,0,0,0,0,0,0,0,0,0,0,0,0,0,0,0,0,0,0,0,0,0,0,0,0,0,0,0,0,0,0,0,0,0,0,0,0,0,0,0,0,0,0,0,0,0,0,0,0,0,0,0,0,0,0,0,0,0,0,0,0,0,0,0,0,0,0,0,0,0,0,0,0,0,0,0,0,0,0,0,0,0,0,0,0,0,0,0,0,0,0,0,0,0,0,0,0,0,0,0,0,0,0,0,0,0,0,0,0,0,0,0,0,0,0,0,0,0,0,0,0,0,0,0,0,0,0,0,0,0,0,0,0,0,0,0,0,0,0,0,0,0,0,0,0,0,0,0,0,0,0,0,0,0,0,0,0,0,0,0,0,0,60.5,75.3,68.1,65.9,105.9,0,147.9,162.5,136.4,129.4,143,128,180.3,126.4,199.3,133.4,125.2,99,108.1,145.3,151.3,120.7,0,0,0,0,0,0,0,0,0,0,0,0,0,0,0,0,0,0,0,0,0,0,0,0,0,0,0,0,0,0,0,0,0,0,0,0,0,0,0,0,0,0,0,0,0,0,0,,,,,,,109,,4765284,,386,,
2,0,0,0,0,0,0,0,0,0,0,0,0,0,0,0,0,0,0,0,0,0,0,0,0,0,0,0,0,0,0,0,0,0,0,0,0,0,0,0,0,0,0,0,0,0,0,0,0,0,0,0,0,0,0,0,0,0,0,0,0,0,0,0,0,0,0,0,0,0,0,0,0,0,0,0,0,0,0,0,0,0,0,0,0,0,0,0,0,0,0,0,0,0,0,0,0,0,0,0,0,0,0,0,0,0,0,0,0,0,0,0,0,0,0,0,0,0,0,0,0,0,0,0,0,0,0,0,0,0,0,0,0,0,0,0,0,0,0,0,0,0,0,0,0,0,0,0,0,0,0,0,0,0,0,0,0,0,0,0,0,0,0,0,0,0,0,0,0,0,0,0,0,0,0,0,0,0,0,0,0,0,0,0,0,0,0,0,0,0,0,0,0,0,0,0,0,0,0,0,0,0,0,0,59.5,0,142.1,162.5,127.6,119.8,128.1,128,171.3,126.4,185.3,133.4,113.3,99,108.1,145.3,133.3,114.6,0,0,0,0,0,0,0,0,0,0,0,0,0,0,0,0,0,0,0,0,0,0,0,0,0,0,0,0,0,0,0,0,0,0,0,0,0,0,0,0,0,0,0,0,0,0,0,,,,,,,110,,4025860,,384,,
2,0,0,0,0,0,0,0,0,0,0,0,0,0,0,0,0,0,0,0,0,0,0,0,0,0,0,0,0,0,0,0,0,0,0,0,0,0,0,0,0,0,0,0,0,0,0,0,0,0,0,0,0,0,0,0,0,0,0,0,0,0,0,0,0,0,0,0,0,0,0,0,0,0,0,0,0,0,0,0,0,0,0,0,0,0,0,0,0,0,0,0,0,0,0,0,0,0,0,0,0,0,0,0,0,0,0,0,0,0,0,0,0,0,0,0,0,0,0,0,0,0,0,0,0,0,0,0,0,0,0,0,0,0,0,0,0,0,0,0,0,0,0,0,0,0,0,0,0,0,0,0,0,0,0,0,0,0,0,0,0,0,0,0,0,0,0,0,0,0,0,0,0,0,0,0,0,0,0,0,0,0,0,0,0,0,0,0,0,0,0,0,0,0,0,0,0,0,0,0,0,0,0,0,0,0,115,162.5,127.6,111.4,128.1,112.4,151.4,126.4,179.5,119.9,113.3,87.9,108.1,136.2,126.5,107.1,0,0,0,0,0,0,0,0,0,0,0,0,0,0,0,0,0,0,0,0,0,0,0,0,0,0,0,0,0,0,0,0,0,0,0,0,0,0,0,0,0,0,0,0,0,0,0,,,,,,,111,,3647134,,382,,
2,0,0,0,0,0,0,0,0,0,0,0,0,0,0,0,0,0,0,0,0,0,0,0,0,0,0,0,0,0,0,0,0,0,0,0,0,0,0,0,0,0,0,0,0,0,0,0,0,0,0,0,0,0,0,0,0,0,0,0,0,0,0,0,0,0,0,0,0,0,0,0,0,0,0,0,0,0,0,0,0,0,0,0,0,0,0,0,0,0,0,0,0,0,0,0,0,0,0,0,0,0,0,0,0,0,0,0,0,0,0,0,0,0,0,0,0,0,0,0,0,0,0,0,0,0,0,0,0,0,0,0,0,0,0,0,0,0,0,0,0,0,0,0,0,0,0,0,0,0,0,0,0,0,0,0,0,0,0,0,0,0,0,0,0,0,0,0,0,0,0,0,0,0,0,0,0,0,0,0,0,0,0,0,0,0,0,0,0,0,0,0,0,0,0,0,0,0,0,0,0,0,0,0,0,0,82,144,113.5,102.8,122.4,101.7,132.2,120.3,165,106.6,89.7,76,108.1,136.2,119.6,107.1,0,0,0,0,0,0,0,0,0,0,0,0,0,0,0,0,0,0,0,0,0,0,0,0,0,0,0,0,0,0,0,0,0,0,0,0,0,0,0,0,0,0,0,0,0,0,0,,,,,,,112,,3306858,,380,,
2,0,0,0,0,0,0,0,0,0,0,0,0,0,0,0,0,0,0,0,0,0,0,0,0,0,0,0,0,0,0,0,0,0,0,0,0,0,0,0,0,0,0,0,0,0,0,0,0,0,0,0,0,0,0,0,0,0,0,0,0,0,0,0,0,0,0,0,0,0,0,0,0,0,0,0,0,0,0,0,0,0,0,0,0,0,0,0,0,0,0,0,0,0,0,0,0,0,0,0,0,0,0,0,0,0,0,0,0,0,0,0,0,0,0,0,0,0,0,0,0,0,0,0,0,0,0,0,0,0,0,0,0,0,0,0,0,0,0,0,0,0,0,0,0,0,0,0,0,0,0,0,0,0,0,0,0,0,0,0,0,0,0,0,0,0,0,0,0,0,0,0,0,0,0,0,0,0,0,0,0,0,0,0,0,0,0,0,0,0,0,0,0,0,0,0,0,0,0,0,0,0,0,0,0,0,0,144,100.3,72.9,122.4,101.7,110.6,120.3,149.6,97.2,89.7,76,101.3,127,119.6,107.1,0,0,0,0,0,0,0,0,0,0,0,0,0,0,0,0,0,0,0,0,0,0,0,0,0,0,0,0,0,0,0,0,0,0,0,0,0,0,0,0,0,0,0,0,0,0,0,,,,,,,113,,2948206,,378,,
2,0,0,0,0,0,0,0,0,0,0,0,0,0,0,0,0,0,0,0,0,0,0,0,0,0,0,0,0,0,0,0,0,0,0,0,0,0,0,0,0,0,0,0,0,0,0,0,0,0,0,0,0,0,0,0,0,0,0,0,0,0,0,0,0,0,0,0,0,0,0,0,0,0,0,0,0,0,0,0,0,0,0,0,0,0,0,0,0,0,0,0,0,0,0,0,0,0,0,0,0,0,0,0,0,0,0,0,0,0,0,0,0,0,0,0,0,0,0,0,0,0,0,0,0,0,0,0,0,0,0,0,0,0,0,0,0,0,0,0,0,0,0,0,0,0,0,0,0,0,0,0,0,0,0,0,0,0,0,0,0,0,0,0,0,0,0,0,0,0,0,0,0,0,0,0,0,0,0,0,0,0,0,0,0,0,0,0,0,0,0,0,0,0,0,0,0,0,0,0,0,0,0,0,0,0,0,120.3,86.2,72.9,97.2,101.7,101.9,120.3,78.8,97.2,89.7,68.9,101.3,127,113.4,107.1,0,0,0,0,0,0,0,0,0,0,0,0,0,0,0,0,0,0,0,0,0,0,0,0,0,0,0,0,0,0,0,0,0,0,0,0,0,0,0,0,0,0,0,0,0,0,0,,,,,,,114,,2611344,,376,,
2,0,0,0,0,0,0,0,0,0,0,0,0,0,0,0,0,0,0,0,0,0,0,0,0,0,0,0,0,0,0,0,0,0,0,0,0,0,0,0,0,0,0,0,0,0,0,0,0,0,0,0,0,0,0,0,0,0,0,0,0,0,0,0,0,0,0,0,0,0,0,0,0,0,0,0,0,0,0,0,0,0,0,0,0,0,0,0,0,0,0,0,0,0,0,0,0,0,0,0,0,0,0,0,0,0,0,0,0,0,0,0,0,0,0,0,0,0,0,0,0,0,0,0,0,0,0,0,0,0,0,0,0,0,0,0,0,0,0,0,0,0,0,0,0,0,0,0,0,0,0,0,0,0,0,0,0,0,0,0,0,0,0,0,0,0,0,0,0,0,0,0,0,0,0,0,0,0,0,0,0,0,0,0,0,0,0,0,0,0,0,0,0,0,0,0,0,0,0,0,0,0,0,0,0,0,0,0,0,0,89.8,86.2,92.9,116.8,0,90.1,72.6,54.2,93.1,127,113.4,102.3,0,0,0,0,0,0,0,0,0,0,0,0,0,0,0,0,0,0,0,0,0,0,0,0,0,0,0,0,0,0,0,0,0,0,0,0,0,0,0,0,0,0,0,0,0,0,0,,,,,,,115,,1750118,,374,,
2,0,0,0,0,0,0,0,0,0,0,0,0,0,0,0,0,0,0,0,0,0,0,0,0,0,0,0,0,0,0,0,0,0,0,0,0,0,0,0,0,0,0,0,0,0,0,0,0,0,0,0,0,0,0,0,0,0,0,0,0,0,0,0,0,0,0,0,0,0,0,0,0,0,0,0,0,0,0,0,0,0,0,0,0,0,0,0,0,0,0,0,0,0,0,0,0,0,0,0,0,0,0,0,0,0,0,0,0,0,0,0,0,0,0,0,0,0,0,0,0,0,0,0,0,0,0,0,0,0,0,0,0,0,0,0,0,0,0,0,0,0,0,0,0,0,0,0,0,0,0,0,0,0,0,0,0,0,0,0,0,0,0,0,0,0,0,0,0,0,0,0,0,0,0,0,0,0,0,0,0,0,0,0,0,0,0,0,0,0,0,0,0,0,0,0,0,0,0,0,0,0,0,0,0,0,0,0,0,0,25.5,0,22.1,110.2,0,82,72.6,49.2,93.1,115.3,78.1,87.7,0,0,0,0,0,0,0,0,0,0,0,0,0,0,0,0,0,0,0,0,0,0,0,0,0,0,0,0,0,0,0,0,0,0,0,0,0,0,0,0,0,0,0,0,0,0,0,,,,,,,116,,1220654,,372,,
2,0,0,0,0,0,0,0,0,0,0,0,0,0,0,0,0,0,0,0,0,0,0,0,0,0,0,0,0,0,0,0,0,0,0,0,0,0,0,0,0,0,0,0,0,0,0,0,0,0,0,0,0,0,0,0,0,0,0,0,0,0,0,0,0,0,0,0,0,0,0,0,0,0,0,0,0,0,0,0,0,0,0,0,0,0,0,0,0,0,0,0,0,0,0,0,0,0,0,0,0,0,0,0,0,0,0,0,0,0,0,0,0,0,0,0,0,0,0,0,0,0,0,0,0,0,0,0,0,0,0,0,0,0,0,0,0,0,0,0,0,0,0,0,0,0,0,0,0,0,0,0,0,0,0,0,0,0,0,0,0,0,0,0,0,0,0,0,0,0,0,0,0,0,0,0,0,0,0,0,0,0,0,0,0,0,0,0,0,0,0,0,0,0,0,0,0,0,0,0,0,0,0,0,0,0,0,0,0,0,0,0,0,20.4,0,82,63.4,49.2,93.1,115.3,71.8,67.4,0,0,0,0,0,0,0,0,0,0,0,0,0,0,0,0,0,0,0,0,0,0,0,0,0,0,0,0,0,0,0,0,0,0,0,0,0,0,0,0,0,0,0,0,0,0,0,,,,,,,117,,949896,,370,,
2,0,0,0,0,0,0,0,0,0,0,0,0,0,0,0,0,0,0,0,0,0,0,0,0,0,0,0,0,0,0,0,0,0,0,0,0,0,0,0,0,0,0,0,0,0,0,0,0,0,0,0,0,0,0,0,0,0,0,0,0,0,0,0,0,0,0,0,0,0,0,0,0,0,0,0,0,0,0,0,0,0,0,0,0,0,0,0,0,0,0,0,0,0,0,0,0,0,0,0,0,0,0,0,0,0,0,0,0,0,0,0,0,0,0,0,0,0,0,0,0,0,0,0,0,0,0,0,0,0,0,0,0,0,0,0,0,0,0,0,0,0,0,0,0,0,0,0,0,0,0,0,0,0,0,0,0,0,0,0,0,0,0,0,0,0,0,0,0,0,0,0,0,0,0,0,0,0,0,0,0,0,0,0,0,0,0,0,0,0,0,0,0,0,0,0,0,0,0,0,0,0,0,0,0,0,0,0,0,0,0,0,0,0,0,75.6,52.8,27.9,93.1,97.2,54.1,67.4,0,0,0,0,0,0,0,0,0,0,0,0,0,0,0,0,0,0,0,0,0,0,0,0,0,0,0,0,0,0,0,0,0,0,0,0,0,0,0,0,0,0,0,0,0,0,0,,,,,,,118,,776072,,368,,
2,0,0,0,0,0,0,0,0,0,0,0,0,0,0,0,0,0,0,0,0,0,0,0,0,0,0,0,0,0,0,0,0,0,0,0,0,0,0,0,0,0,0,0,0,0,0,0,0,0,0,0,0,0,0,0,0,0,0,0,0,0,0,0,0,0,0,0,0,0,0,0,0,0,0,0,0,0,0,0,0,0,0,0,0,0,0,0,0,0,0,0,0,0,0,0,0,0,0,0,0,0,0,0,0,0,0,0,0,0,0,0,0,0,0,0,0,0,0,0,0,0,0,0,0,0,0,0,0,0,0,0,0,0,0,0,0,0,0,0,0,0,0,0,0,0,0,0,0,0,0,0,0,0,0,0,0,0,0,0,0,0,0,0,0,0,0,0,0,0,0,0,0,0,0,0,0,0,0,0,0,0,0,0,0,0,0,0,0,0,0,0,0,0,0,0,0,0,0,0,0,0,0,0,0,0,0,0,0,0,0,0,0,0,0,0,31.7,27.9,93.1,97.2,45.3,60.5,0,0,0,0,0,0,0,0,0,0,0,0,0,0,0,0,0,0,0,0,0,0,0,0,0,0,0,0,0,0,0,0,0,0,0,0,0,0,0,0,0,0,0,0,0,0,0,,,,,,,119,,568938,,366,,
2,0,0,0,0,0,0,0,0,0,0,0,0,0,0,0,0,0,0,0,0,0,0,0,0,0,0,0,0,0,0,0,0,0,0,0,0,0,0,0,0,0,0,0,0,0,0,0,0,0,0,0,0,0,0,0,0,0,0,0,0,0,0,0,0,0,0,0,0,0,0,0,0,0,0,0,0,0,0,0,0,0,0,0,0,0,0,0,0,0,0,0,0,0,0,0,0,0,0,0,0,0,0,0,0,0,0,0,0,0,0,0,0,0,0,0,0,0,0,0,0,0,0,0,0,0,0,0,0,0,0,0,0,0,0,0,0,0,0,0,0,0,0,0,0,0,0,0,0,0,0,0,0,0,0,0,0,0,0,0,0,0,0,0,0,0,0,0,0,0,0,0,0,0,0,0,0,0,0,0,0,0,0,0,0,0,0,0,0,0,0,0,0,0,0,0,0,0,0,0,0,0,0,0,0,0,0,0,0,0,0,0,0,0,0,0,0,24.6,93.1,58.2,0,60.5,0,0,0,0,0,0,0,0,0,0,0,0,0,0,0,0,0,0,0,0,0,0,0,0,0,0,0,0,0,0,0,0,0,0,0,0,0,0,0,0,0,0,0,0,0,0,0,,,,,,,120,,347948,,364,,
2,0,0,0,0,0,0,0,0,0,0,0,0,0,0,0,0,0,0,0,0,0,0,0,0,0,0,0,0,0,0,0,0,0,0,0,0,0,0,0,0,0,0,0,0,0,0,0,0,0,0,0,0,0,0,0,0,0,0,0,0,0,0,0,0,0,0,0,0,0,0,0,0,0,0,0,0,0,0,0,0,0,0,0,0,0,0,0,0,0,0,0,0,0,0,0,0,0,0,0,0,0,0,0,0,0,0,0,0,0,0,0,0,0,0,0,0,0,0,0,0,0,0,0,0,0,0,0,0,0,0,0,0,0,0,0,0,0,0,0,0,0,0,0,0,0,0,0,0,0,0,0,0,0,0,0,0,0,0,0,0,0,0,0,0,0,0,0,0,0,0,0,0,0,0,0,0,0,0,0,0,0,0,0,0,0,0,0,0,0,0,0,0,0,0,0,0,0,0,0,0,0,0,0,0,0,0,0,0,0,0,0,0,0,0,0,0,24.6,93.1,0,0,36.9,0,0,0,0,0,0,0,0,0,0,0,0,0,0,0,0,0,0,0,0,0,0,0,0,0,0,0,0,0,0,0,0,0,0,0,0,0,0,0,0,0,0,0,0,0,0,0,,,,,,,121,,207380,,362,,
2,0,0,0,0,0,0,0,0,0,0,0,0,0,0,0,0,0,0,0,0,0,0,0,0,0,0,0,0,0,0,0,0,0,0,0,0,0,0,0,0,0,0,0,0,0,0,0,0,0,0,0,0,0,0,0,0,0,0,0,0,0,0,0,0,0,0,0,0,0,0,0,0,0,0,0,0,0,0,0,0,0,0,0,0,0,0,0,0,0,0,0,0,0,0,0,0,0,0,0,0,0,0,0,0,0,0,0,0,0,0,0,0,0,0,0,0,0,0,0,0,0,0,0,0,0,0,0,0,0,0,0,0,0,0,0,0,0,0,0,0,0,0,0,0,0,0,0,0,0,0,0,0,0,0,0,0,0,0,0,0,0,0,0,0,0,0,0,0,0,0,0,0,0,0,0,0,0,0,0,0,0,0,0,0,0,0,0,0,0,0,0,0,0,0,0,0,0,0,0,0,0,0,0,0,0,0,0,0,0,0,0,0,0,0,0,0,21.9,67.5,0,0,0,0,0,0,0,0,0,0,0,0,0,0,0,0,0,0,0,0,0,0,0,0,0,0,0,0,0,0,0,0,0,0,0,0,0,0,0,0,0,0,0,0,0,0,0,0,0,0,,,,,,,122,,123414,,360,,
2,0,0,0,0,0,0,0,0,0,0,0,0,0,0,0,0,0,0,0,0,0,0,0,0,0,0,0,0,0,0,0,0,0,0,0,0,0,0,0,0,0,0,0,0,0,0,0,0,0,0,0,0,0,0,0,0,0,0,0,0,0,0,0,0,0,0,0,0,0,0,0,0,0,0,0,0,0,0,0,0,0,0,0,0,0,0,0,0,0,0,0,0,0,0,0,0,0,0,0,0,0,0,0,0,0,0,0,0,0,0,0,0,0,0,0,0,0,0,0,0,0,0,0,0,0,0,0,0,0,0,0,0,0,0,0,0,0,0,0,0,0,0,0,0,0,0,0,0,0,0,0,0,0,0,0,0,0,0,0,0,0,0,0,0,0,0,0,0,0,0,0,0,0,0,0,0,0,0,0,0,0,0,0,0,0,0,0,0,0,0,0,0,0,0,0,0,0,0,0,0,0,0,0,0,0,0,0,0,0,0,0,0,0,0,0,0,21.9,0,0,0,0,0,0,0,0,0,0,0,0,0,0,0,0,0,0,0,0,0,0,0,0,0,0,0,0,0,0,0,0,0,0,0,0,0,0,0,0,0,0,0,0,0,0,0,0,0,0,0,,,,,,,123,,45114,,358,,
2,0,0,0,0,0,0,0,0,0,0,0,0,0,0,0,0,0,0,0,0,0,0,0,0,0,0,0,0,0,0,0,0,0,0,0,0,0,0,0,0,0,0,0,0,0,0,0,0,0,0,0,0,0,0,0,0,0,0,0,0,0,0,0,0,0,0,0,0,0,0,0,0,0,0,0,0,0,0,0,0,0,0,0,0,0,0,0,0,0,0,0,0,0,0,0,0,0,0,0,0,0,0,0,0,0,0,0,0,0,0,0,0,0,0,0,0,0,0,0,0,0,0,0,0,0,0,0,0,0,0,0,0,0,0,0,0,0,0,0,0,0,0,0,0,0,0,0,0,0,0,0,0,0,0,0,0,0,0,0,0,0,0,0,0,0,0,0,0,0,0,0,0,0,0,0,0,0,0,0,0,0,0,0,0,0,0,0,0,0,0,0,0,0,0,0,0,0,0,0,0,0,0,0,0,0,0,0,0,0,0,0,0,0,0,0,0,21.9,0,0,0,0,0,0,0,0,0,0,0,0,0,0,0,0,0,0,0,0,0,0,0,0,0,0,0,0,0,0,0,0,0,0,0,0,0,0,0,0,0,0,0,0,0,0,0,0,0,0,0,,,,,,,124,,45114,,356,,
2,0,0,0,0,0,0,0,0,0,0,0,0,0,0,0,0,0,0,0,0,0,0,0,0,0,0,0,0,0,0,0,0,0,0,0,0,0,0,0,0,0,0,0,0,0,0,0,0,0,0,0,0,0,0,0,0,0,0,0,0,0,0,0,0,0,0,0,0,0,0,0,0,0,0,0,0,0,0,0,0,0,0,0,0,0,0,0,0,0,0,0,0,0,0,0,0,0,0,0,0,0,0,0,0,0,0,0,0,0,0,0,0,0,0,0,0,0,0,0,0,0,0,0,0,0,0,0,0,0,0,0,0,0,0,0,0,0,0,0,0,0,0,0,0,0,0,0,0,0,0,0,0,0,0,0,0,0,0,0,0,0,0,0,0,0,0,0,0,0,0,0,0,0,0,0,0,0,0,0,0,0,0,0,0,0,0,0,0,0,0,0,0,0,0,0,0,0,0,0,0,0,0,0,0,0,0,0,0,0,0,0,0,0,0,0,0,0,0,0,0,0,0,0,0,0,0,0,0,0,0,0,0,0,0,0,0,0,0,0,0,0,0,0,0,0,0,0,0,0,0,0,0,0,0,0,0,0,0,0,0,0,0,0,0,0,0,0,0,,,,,,,125,,0,,354,,
,,,,,,,,,,,,,,,,,,,,,,,,,,,,,,,,,,,,,,,,,,,,,,,,,,,,,,,,,,,,,,,,,,,,,,,,,,,,,,,,,,,,,,,,,,,,,,,,,,,,,,,,,,,,,,,,,,,,,,,,,,,,,,,,,,,,,,,,,,,,,,,,,,,,,,,,,,,,,,,,,,,,,,,,,,,,,,,,,,,,,,,,,,,,,,,,,,,,,,,,,,,,,,,,,,,,,,,,,,,,,,,,,,,,,,,,,,,,,,,,,,,,,,,,,,,,,,,,,,,,,,,,,,,,,,,,,,,,,11351625720,,,,
,,,,,,,,,,,,,,,,,,,,,,,,,,,,,,,,,,,,,,,,,,,,,,,,,,,,,,,,,,,,,,,,,,,,,,,,,,,,,,,,,,,,,,,,,,,,,,,,,,,,,,,,,,,,,,,,,,,,,,,,,,,,,,,,,,,,,,,,,,,,,,,,,,,,,,,,,,,,,,,,,,,,,,,,,,,,,,,,,,,,,,,,,,,,,,,,,,,,,,,,,,,,,,,,,,,,,,,,,,,,,,,,,,,,,,,,,,,,,,,,,,,,,,,,,,,,,,,,,,,,,,,,,,,,,,,,,,,,,0,,,,
