$ XILUODU,segment222的宽度是根据深泓线数据确定的,,,,,,,,,,,,,,,,,,,,,,,,,,,,,,,,,,,,,,,,,,,,,,,,,,,,,,,,,,,,,,,,,,,,,,,,,,,,,,,,,,,,,,,,,,,,,,,,,,,,,,,,,,,,,,,,,,,,,,,,,,,,,,,,,,,,,,,,,,,,,,,,,,,,,,,,,,,,,,,,,,,,,,,,,,,,,,,,,,,,,,,,,,,,,,,,,,,,,,,,,,,,,,,,,,,,,,,,,,,,,,,牛栏江,,,,,,,,,,,,,,,美姑河,,,,,,,,,,,,,,,,,,西苏角河,,,,,,,,,,,,,,,,,,,,,,,,
SEG: I,1,2,3,4,5,6,7,8,9,10,11,12,13,14,15,16,17,18,19,20,21,22,23,24,25,26,27,28,29,30,31,32,33,34,35,36,37,38,39,40,41,42,43,44,45,46,47,48,49,50,51,52,53,54,55,56,57,58,59,60,61,62,63,64,65,66,67,68,69,70,71,72,73,74,75,76,77,78,79,80,81,82,83,84,85,86,87,88,89,90,91,92,93,94,95,96,97,98,99,100,101,102,103,104,105,106,107,108,109,110,111,112,113,114,115,116,117,118,119,120,121,122,123,124,125,126,127,128,129,130,131,132,133,134,135,136,137,138,139,140,141,142,143,144,145,146,147,148,149,150,151,152,153,154,155,156,157,158,159,160,161,162,163,164,165,166,167,168,169,170,171,172,173,174,175,176,177,178,179,180,181,182,183,184,185,186,187,188,189,190,191,192,193,194,195,196,197,198,199,200,201,202,203,204,205,206,207,208,209,210,211,212,213,214,215,216,217,218,219,220,221,222,223,224,225,226,227,228,229,230,231,232,233,234,235,236,237,238,239,240,241,242,243,244,245,246,247,248,249,250,251,252,253,254,255,256,257,258,259,260,261,262,263,264,265,266,267,268,,,,,,,,,,,,,
DLX,885,670,860,1250,990,840,960,760,740,970,780,1390,660,1210,660,630,820,720,700,950,2350,850,1260,800,670,710,640,650,580,730,900,800,660,640,1030,540,830,820,950,1020,860,610,660,860,850,860,770,840,900,700,960,740,820,530,760,1260,1060,960,620,1110,740,780,640,660,640,660,1070,1080,750,570,970,560,870,940,1220,790,1160,1370,1210,400,1070,1130,1120,870,1050,1240,760,1050,1430,870,1070,850,580,610,590,920,800,1040,930,1190,890,850,790,580,900,630,790,850,500,580,950,800,950,1220,1050,1000,840,940,680,970,1350,720,880,870,780,840,1040,1060,1070,920,970,680,1090,770,1160,510,940,1020,950,640,620,610,920,790,470,1150,620,700,590,840,740,670,1230,850,1130,960,840,620,1020,830,1220,770,900,1190,730,1000,780,1090,910,980,720,1260,690,1000,510,790,780,990,710,1070,950,640,980,1040,840,1410,1450,1490,540,1060,1790,690,1030,820,640,1030,820,870,600,750,520,830,1180,1250,970,1040,1110,800,940,1110,730,710,730,1160,1020,550,1030,580,940,1170,660,400,885,305,570,350,280,270,290,250,310,280,310,280,420,250,110,305,963,1000,1250,880,1010,1330,980,910,990,850,870,1700,1060,1220,510,670,180,963,876,950,1070,7860,840,640,1160,930,470,700,140,876,,,,,,,,,,,,,
ELWS,592.18,592.09,591.99,591.9,591.8,591.71,591.62,591.52,591.43,591.33,591.24,591.14,591.05,590.96,590.86,590.77,590.67,590.58,590.49,590.39,590.3,590.2,590.11,590.01,589.92,589.83,589.73,589.64,589.54,589.45,589.36,589.26,589.17,589.07,588.98,588.89,588.79,588.7,588.6,588.51,588.41,588.32,588.23,588.13,588.04,587.94,587.85,587.76,587.66,587.57,587.47,587.38,587.28,587.19,587.1,587,586.91,586.81,586.72,586.72,586.72,586.72,586.72,586.72,586.71,586.71,586.71,586.71,586.71,586.71,586.71,586.71,586.71,586.71,586.71,586.7,586.7,586.7,586.7,586.7,586.7,586.7,586.7,586.7,586.7,586.7,586.69,586.69,586.69,586.69,586.69,586.69,586.69,586.69,586.69,586.69,586.69,586.68,586.68,586.68,586.68,586.68,586.68,586.68,586.68,586.68,586.68,586.68,586.67,586.67,586.67,586.67,586.67,586.67,586.67,586.67,586.67,586.67,586.67,586.66,586.66,586.66,586.66,586.66,586.66,586.66,586.66,586.66,586.66,586.66,586.65,586.65,586.65,586.65,586.65,586.65,586.65,586.65,586.65,586.65,586.65,586.64,586.64,586.64,586.64,586.64,586.64,586.64,586.64,586.64,586.64,586.63,586.63,586.63,586.63,586.63,586.63,586.63,586.63,586.63,586.63,586.63,586.62,586.62,586.62,586.62,586.62,586.62,586.62,586.62,586.62,586.62,586.62,586.61,586.61,586.61,586.61,586.61,586.61,586.61,586.61,586.61,586.61,586.61,586.6,586.6,586.6,586.6,586.6,586.6,586.6,586.6,586.6,586.6,586.6,586.59,586.59,586.59,586.59,586.59,586.59,586.59,586.59,586.59,586.59,586.59,586.58,586.58,586.58,586.58,586.58,586.58,586.58,586.58,586.58,586.58,586.58,586.57,586.57,586.57,586.57,586.57,586.57,595,595,594.31,593.62,592.93,592.24,591.55,590.86,590.17,589.48,588.79,588.1,587.41,586.72,586.72,596,596,595.37,594.75,594.12,593.5,592.87,592.24,591.62,590.99,590.37,589.74,589.11,588.49,587.86,587.24,586.61,586.61,606,606,603.84,601.69,599.53,597.38,595.22,593.07,590.91,588.76,586.6,586.6,,,,,,,,,,,,,
ANGLE,0,3.14,3.14,2.87,2.36,2.39,2.98,2.87,3.14,3.14,3.14,3.14,3.89,3.93,3.43,3.6,3.6,3.6,3.47,3.61,3.61,3.5,3.7,3.6,3.6,3.6,3.86,5.18,5.18,5.81,5.97,5.66,5.66,5.5,5.5,4.8,4.8,4.25,4.52,4.46,4.25,4.25,4.03,3.93,3.93,3.93,3.93,4.56,5.16,5.5,5.5,4.83,4.71,4.42,4.42,4.08,4.25,4.06,3.87,3.6,3.14,3.14,3.14,3.3,3.93,3.93,3.93,3.69,3.86,3.8,3.8,3.4,3.79,3.9,4.25,3.92,3.6,3.6,3.14,4.24,4.26,4.71,4.71,4.82,5.04,4.97,4.61,3.78,3.14,3.58,3.16,2.55,2.04,2.04,2.37,3.14,3.14,3.92,5.04,3.93,3.93,3.93,4.04,4.12,4.12,3.93,4.25,4.21,4.21,3.6,3.6,3.64,3.93,4.16,4.71,4.52,3.61,3.93,3.93,3.93,4.08,4.41,4.24,3.75,3.75,3.6,3.47,4.24,4.24,4.24,3.61,3.69,3.6,3.6,3.6,3.6,3.14,2.68,3.14,2.77,2.77,3.54,3.14,3.14,3.14,3.14,3.64,3.93,3.93,3.93,3.93,3.93,3.93,4.24,4.58,3.93,3.57,2.65,2.65,1.57,0.93,0.84,1.57,1.59,2.36,2.36,2.91,2.68,3.14,3.14,2.81,2.81,1.6,1.6,1.11,0.88,0.88,1.57,2.28,2.36,2.68,2.82,2.82,3.42,3.31,4.19,3.62,3.6,2.68,2.69,3.64,4.41,4.41,3.93,4.24,4.45,3.85,3.81,4.24,4.24,4.24,4.24,3.93,3.93,3.93,3.93,3.61,3.6,3.6,3.48,4.14,4.35,4.62,4.62,4.24,3.86,3.86,3.75,4.25,4.71,5.41,5.41,5.41,2.15,2.15,2.28,2.28,2.33,2.33,2.59,2.59,2.65,2.91,2.91,2.97,2.48,2.48,2.48,4.71,4.71,5.05,6.1,5.85,5.86,4.31,4.72,4.59,4.58,4.54,4.19,4.1,4.62,4.69,4.75,4.26,4.26,0,0,5.6,5.62,0.13,5.46,0.41,0.14,0.28,0.13,6.08,6.08,,,,,,,,,,,,,
MANNING,0.035,0.035,0.035,0.035,0.035,0.035,0.035,0.035,0.035,0.035,0.035,0.035,0.035,0.035,0.035,0.035,0.035,0.035,0.035,0.035,0.035,0.035,0.035,0.035,0.035,0.035,0.035,0.035,0.035,0.035,0.035,0.035,0.035,0.035,0.035,0.035,0.035,0.035,0.035,0.035,0.035,0.035,0.035,0.035,0.035,0.035,0.035,0.035,0.035,0.035,0.035,0.035,0.035,0.035,0.035,0.035,0.035,0.035,0.035,0.035,0.035,0.035,0.035,0.035,0.035,0.035,0.035,0.035,0.035,0.035,0.035,0.035,0.035,0.035,0.035,0.035,0.035,0.035,0.035,0.035,0.035,0.035,0.035,0.035,0.035,0.035,0.035,0.035,0.035,0.035,0.035,0.035,0.035,0.035,0.035,0.035,0.035,0.035,0.035,0.035,0.035,0.035,0.035,0.035,0.035,0.035,0.035,0.035,0.035,0.035,0.035,0.035,0.035,0.035,0.035,0.035,0.035,0.035,0.035,0.035,0.035,0.035,0.035,0.035,0.035,0.035,0.035,0.035,0.035,0.035,0.035,0.035,0.035,0.035,0.035,0.035,0.035,0.035,0.035,0.035,0.035,0.035,0.035,0.035,0.035,0.035,0.035,0.035,0.035,0.035,0.035,0.035,0.035,0.035,0.035,0.035,0.035,0.035,0.035,0.035,0.035,0.035,0.035,0.035,0.035,0.035,0.035,0.035,0.035,0.035,0.035,0.035,0.035,0.035,0.035,0.035,0.035,0.035,0.035,0.035,0.035,0.035,0.035,0.035,0.035,0.035,0.035,0.035,0.035,0.035,0.035,0.035,0.035,0.035,0.035,0.035,0.035,0.035,0.035,0.035,0.035,0.035,0.035,0.035,0.035,0.035,0.035,0.035,0.035,0.035,0.035,0.035,0.035,0.035,0.035,0.035,0.035,0.035,0.035,0.035,0.035,0.035,0.035,0.035,0.035,0.035,0.035,0.035,0.035,0.035,0.035,0.035,0.035,0.035,0.035,0.035,0.035,0.035,0.035,0.035,0.035,0.035,0.035,0.035,0.035,0.035,0.035,0.035,0.035,0.035,0.035,0.035,0.035,0.035,0.035,0.035,0.035,0.035,0.035,0.035,0.035,0.035,0.035,0.035,0.035,0.035,0.035,0.035,,,,,,,,,,,,,
LAYER,,BR1,,,,,,,,,,,,,,,,,,,,,,,,,,,,,,,,,,,,,,,,,,,,,,,,,,,,,,,,,,,,,,,,,,,,,,,,,,,,,,,,,,,,,,,,,,,,,,,,,,,,,,,,,,,,,,,,,,,,,,,,,,,,,,,,,,,,,,,,,,,,,,,,,,,,,,,,,,,,,,,,,,,,,,,,,,,,,,,,,,,,,,,,,,,,,,,,,,,,,,,,,,,,,,,,,,,,,,,,,,,,,,BR2,,,,,,,,,,,,,,,BR3,,,,,,,,,,,,,,,,,,BR4,,,,,,,,,,,,,,,,,,K,Area,Volume (m^3),Volume(af),Bottom Elevation(m),Bottom Elevation(ft),mult
2,0,0,0,0,0,0,0,0,0,0,0,0,0,0,0,0,0,0,0,0,0,0,0,0,0,0,0,0,0,0,0,0,0,0,0,0,0,0,0,0,0,0,0,0,0,0,0,0,0,0,0,0,0,0,0,0,0,0,0,0,0,0,0,0,0,0,0,0,0,0,0,0,0,0,0,0,0,0,0,0,0,0,0,0,0,0,0,0,0,0,0,0,0,0,0,0,0,0,0,0,0,0,0,0,0,0,0,0,0,0,0,0,0,0,0,0,0,0,0,0,0,0,0,0,0,0,0,0,0,0,0,0,0,0,0,0,0,0,0,0,0,0,0,0,0,0,0,0,0,0,0,0,0,0,0,0,0,0,0,0,0,0,0,0,0,0,0,0,0,0,0,0,0,0,0,0,0,0,0,0,0,0,0,0,0,0,0,0,0,0,0,0,0,0,0,0,0,0,0,0,0,0,0,0,0,0,0,0,0,0,0,0,0,0,0,0,0,0,0,0,0,0,0,0,0,0,0,0,0,0,0,0,0,0,0,0,0,0,0,0,0,0,0,0,0,0,0,0,0,0,0,0,0,0,0,0,0,0,0,0,0,0,0,0,0,0,0,0,,,,,,,1,,0,,602,,
2,0,349.14,150.42,270.14,198.26,185.04,178.94,208.38,190.1,194.01,186.3,180.21,232.42,261.05,327.87,295.21,210.8,287.73,255.76,330.05,339.83,244.03,260.36,277.61,221.49,186.99,214.82,295.44,310.39,319.7,376.51,284.05,373.06,399.4,459.08,396.87,376.74,435.85,437.12,369.15,511.98,390.54,333.5,363.52,656.31,690.12,547.17,610.08,473.23,536.13,501.75,513.02,484.27,527.16,453.79,404.11,532.68,399.51,330.74,435.16,463.45,608.93,447.01,369.73,361.91,389.28,731.98,681.61,474.15,403.88,417.91,542.69,743.94,517.04,406.07,556.14,437,568.1,511.87,627.67,464.72,718.98,547.17,641.59,631.47,863.42,812.94,638.25,594.67,550.97,686.9,443.21,785.22,848.93,711.51,666.43,735.2,726.69,552.58,674.48,569.83,418.37,668.04,729.56,549.82,680.57,772.46,1143.68,1150.35,1049.26,1093.65,917.47,807.53,1237.63,812.82,901.83,1020.97,932.65,759.12,732.21,1016.83,911.15,773.72,683.68,612.61,690,627.67,828.12,1118.38,529.23,570.75,650.44,676.43,855.83,576.73,776.94,685.29,1159.32,842.49,1110.33,987.05,800.86,812.36,803.51,685.17,685.86,651.59,775.56,739.34,852.27,680,719.56,767.4,784.99,815.24,851.46,893.78,730.71,1026.61,1449.58,1433.82,948.52,619.62,730.37,1319.74,1525.71,1153.22,1013.15,866.41,880.9,911.72,920.12,859.17,717.26,1408.06,1101.36,1304.45,932.88,864.46,681.26,799.02,768.78,987.16,1017.75,905.51,862.39,1042.82,889.76,775.33,1225.1,1108.14,718.29,902.98,1417.49,1637.14,1614.14,1732.25,1400.36,1020.28,657.57,817.77,819.03,808.91,1000.5,1319.97,929.32,1321.24,974.05,889.07,1010.85,1101.36,1001.08,881.36,663.44,955.54,1036.96,1199.8,1075.37,782.12,843.99,703.57,557.77,0,0,192.74,155.14,144.1,237.59,264.85,289.8,313.95,252.54,301.42,338.79,313.72,184.69,351.56,0,0,53.13,110.75,304.64,220.34,294.29,328.9,274.28,430.68,334.88,428.03,471.73,578.11,509.8,493.12,392.04,483.23,0,0,27.14,144.33,197,260.02,231.61,319.36,353.05,492.89,426.19,663.21,0,,,,,,,2,,258334896,,600,,
2,0,337.37,144.23,267.77,190.86,170.4,177.83,203.43,188.34,190.86,178.63,177.14,217.83,244.57,316.8,282.63,191.77,283.54,248.8,302.74,337.71,242.51,247.2,275.89,215.09,179.31,197.71,289.94,299.43,317.71,371.31,275.09,363.43,384.8,454.06,389.94,370.63,423.89,389.14,362.74,502.06,347.31,318.86,357.49,573.03,671.89,507.09,602.51,463.54,519.31,493.14,509.83,477.03,477.6,439.89,397.03,512.91,389.71,328.69,425.49,457.83,602.86,440.69,360.34,339.54,385.83,722.06,669.14,463.54,399.2,403.54,531.54,726.63,507.31,388,546.17,422.17,546.29,504.8,620.8,453.83,688.69,534.06,636.34,611.89,849.94,798.86,620.23,570.29,537.03,673.26,440.46,773.26,839.2,702.06,660.8,727.77,716.91,546.17,667.43,560,414.4,658.97,721.71,539.31,672.69,760.34,1124.23,1121.6,1037.49,1077.14,910.06,780.11,1229.37,792.23,889.26,1002.4,917.26,750.51,719.31,1006.86,899.66,765.6,676.69,605.94,675.66,620,815.54,1105.6,521.94,560.34,641.71,668.8,829.37,567.43,761.26,677.71,1148.57,835.09,1098.74,975.43,784.91,797.83,793.71,669.26,679.66,638.97,765.6,727.77,840.11,670.97,713.94,759.89,775.66,805.71,837.14,880.57,725.37,1015.89,1425.83,1416.69,924.23,612.11,719.66,1306.63,1512.23,1140.46,1001.6,856.11,869.49,901.14,908,852.57,707.2,1398.06,1086.06,1284.11,921.14,853.14,670.74,788.46,758.74,975.89,1004.57,894.74,854.63,1028.34,881.37,763.31,1210.4,1088.69,708.11,895.43,1406.63,1624.23,1598.74,1706.51,1372.46,1010.51,646.4,808.11,810.63,798.4,963.54,1308.57,916.8,1306.97,965.14,883.09,998.51,1091.77,993.26,875.43,656.23,940.46,1023.77,1187.54,1064.91,765.49,830.29,696.34,554.3,0,0,184.8,149.83,139.43,233.49,256.34,283.89,301.94,246.06,293.37,328.11,307.89,179.66,340.91,0,0,45.83,109.83,302.74,215.54,290.4,326.4,266.63,424.23,331.43,425.37,461.49,566.86,503.09,487.31,386.4,479.43,0,0,0,142.17,188.34,258.29,226.97,313.94,346.86,488.91,418.51,658.29,0,,,,,,,3,,255363698,,598,,
2,0,323.57,143.33,262.92,189.66,160.14,171.38,193.98,174.9,189.66,171.61,170.13,209.54,233.73,300.51,268.6,189.66,277.11,236.46,293.92,320.95,239.07,238.27,273.59,212.04,174.56,196.48,287.56,294.83,310.62,361.73,261.9,350.37,377.85,447.93,375.47,362.41,420.67,379.44,358.09,483.02,336.51,300.51,352.19,554.23,653.83,492.79,595.34,457.24,512.09,487.11,503.8,472,438.95,437.14,394.55,505.62,382.05,325.61,413.51,449.86,587.51,428.05,349.23,333.79,381.15,713.68,652.7,453.15,392.39,396.59,519.7,709.71,493.7,371.15,538.22,412.04,542.87,492.9,608.97,450.99,684.38,520.38,632.37,583.19,840.43,791.48,607.72,550.82,527.2,661.78,437.14,757.41,832.02,692.45,656.67,721.63,709.82,537.99,659.17,552.75,408.06,645.77,716.07,530.15,659.74,752.52,1110.96,1099.94,1024.3,1048.26,891.54,764.9,1202.27,768.54,875.07,992.73,897.1,735.49,714.82,997.38,889.72,752.64,669.73,593.75,664.62,612.83,802.95,1096.19,513.23,556.84,630.32,661.1,819.99,562.29,755.02,672.46,1131.51,823.62,1088.24,960.02,775.24,785.8,784.44,663.83,671.43,631.12,747.75,718.68,824.64,661.44,705.51,742.64,766.72,793.86,827.37,866.21,715.61,1004.99,1409.42,1402.95,906.3,607.15,706.76,1296.19,1468.71,1127.65,986.14,842.7,853.83,889.83,893.69,845.54,698.24,1375.69,1070.41,1272,913.8,839.41,665.42,775.92,748.1,933.33,993.64,885.97,845.54,1015.67,865.76,750.03,1192.61,1078.7,703.69,881.54,1389.21,1512.54,1585.8,1685.85,1310.61,998.18,635.89,800.68,804.77,782.85,957.52,1292.33,900.96,1295.4,959.11,869.5,989.89,1082.68,982.05,864.85,646.56,932.19,1010.1,1176.6,1050.31,760.7,822.37,685.97,550.83,0,0,183.19,148.89,132.2,228.85,250.77,275.98,290.97,242.13,290.63,310.96,297.22,178.53,338.78,0,0,45.09,102.67,289.83,204.77,277.11,321.29,259.06,413.74,326.06,416.13,454.4,560.59,493.47,478.82,381.49,466.67,0,0,0,133.11,187.17,245.43,222.03,310.73,339.69,483.81,407.84,649.97,0,,,,,,,4,,252653606,,596,,
2,0,307.54,138.25,248.4,182.49,153.49,170.3,188.7,173.8,185.76,165.45,168.16,201.56,224.92,278.87,253.48,184.75,266,234.97,271.99,305.28,237.11,228.42,252.01,209.69,173.12,189.49,279.77,287.33,306.86,355.27,246.25,341.73,366.45,442.29,364.75,355.61,407.3,375.48,345.68,464.29,307.99,295.46,348.16,549.84,623.87,472.42,579.97,444.09,504.7,483.14,493.3,466.21,424.91,427.73,384.62,490.82,371.98,323.56,403.58,440.71,559.66,421.3,336.09,315.77,378.75,708.63,637.98,444.21,386.08,391.39,512.48,695.88,480.88,356.85,528.62,403.01,511.92,486.19,600.29,445,680.08,501.88,626.58,567.9,826,774.99,596.9,528.96,520.38,649.61,434.39,734.47,825.78,678.84,646.56,713.93,696.22,499.62,648.7,538.67,403.58,636.51,704.68,518.35,651.86,742.37,1086.36,1089.64,1006.12,1032.64,879.61,759.75,1184.32,761.9,861.55,978.47,885.82,727.03,704.12,984.34,880.96,739.1,661.46,584.49,655.59,605.25,797.67,1083.65,504.92,545.55,621.28,650.62,807.04,553.34,746.21,664.5,1116.38,815.28,1077.56,949.58,758.96,771.83,773.18,655.7,664.5,616.99,735.49,709.19,814.72,656.15,695.2,732.89,757.72,783.91,811.1,856.02,704.91,979.71,1392.32,1390.96,884.91,601.42,695.65,1285.67,1448.75,1104.76,972.26,833.22,839.43,881.3,881.75,835.59,687.19,1354.62,1045.73,1254.75,904.44,825.55,655.14,763.7,733.23,924.41,982.31,873.29,837.51,1005.44,856.36,741.13,1181.5,1066.27,691.14,869.23,1374.26,1503.03,1559.57,1665.09,1286.8,989.19,630.87,791.35,795.19,766.86,943.49,1278.67,887.51,1281.94,948.56,862,971.25,1071.01,969.78,859.18,641.59,922.04,1002.96,1168.86,1039.41,738.76,810.65,681.09,547.37,0,0,175.94,144.01,131.37,227.41,244.56,274.24,267.13,234.74,285.42,306.29,285.53,171.09,328.87,0,0,41.76,95.7,279.1,197.16,265.1,317.81,253.03,401.66,321.19,409.22,443.42,547.92,488.45,474.11,375.59,459.44,0,0,0,132.27,175.04,234.86,217.02,308.1,332.82,477.16,402,645.77,0,,,,,,,5,,249781564,,594,,
2,0,284.17,118.54,235.39,176.85,151.51,165.52,181.78,172.59,176.96,159.24,162.61,190.64,212.85,251.87,238.86,177.75,256.02,221.82,248.73,285.74,234.15,224.73,245.14,206.34,172.03,181.34,268.36,277.22,298.3,345.85,234.72,336.77,354.48,431.41,351.01,346.41,390.15,367.04,341.14,445.88,306.04,288.54,340.91,541.99,607.14,437.81,572.49,435.11,491.86,474.48,487.26,454.07,420.76,418.41,380.61,472.01,369.62,321.51,399.57,437.36,538.17,410.89,331.72,307.5,375.23,702.13,623.29,441.39,381.51,383.3,499.48,675.89,476.27,323.98,520.68,387.9,508.68,476.61,594.36,440.61,623.85,484.23,618.69,549.16,815.62,761.11,574.06,506.33,505.99,640.78,431.64,728.48,820.21,669.16,642.47,703.36,686.31,496.46,641.68,525.28,398.22,627.89,695.51,507.11,641.12,733.19,1051,1069.39,992.8,1012.09,865.07,754.95,1157.99,755.06,847.69,960.73,868.1,706.28,690.35,971.38,866.19,725.68,645.72,566.99,640.78,598.17,780.74,1070.85,496.68,533.8,608.6,640.78,789.82,539.97,736.33,656.15,1101.24,806.42,1066.82,933.25,740.7,752.7,751.92,644.04,660.3,609.61,718.95,695.06,799.13,650.09,684.18,713.23,748.44,771.54,799.13,840.17,700.44,958.93,1372.74,1372.97,846.9,593.35,685.98,1272.04,1425.56,1082.74,958.26,821.67,828.62,869.11,869.33,824.7,682.84,1326.2,1025.66,1237.72,898.71,820.33,650.99,758.87,720.97,907.57,969.14,865.29,829.75,991.57,845.22,729.94,1165.95,1053.36,686.76,860.58,1358.95,1493.52,1532.21,1641.21,1278.65,980.24,622.51,785.11,787.58,734.31,875.5,1261.61,871.69,1273.49,942.56,852.73,965.1,1055.49,963.64,844.44,636.64,914.64,990,1154.96,967.91,724.22,805.52,672.18,543.9,0,0,172.03,139.51,127.84,219.58,234.49,263.42,254.34,229.78,278.34,298.08,280.81,166.76,314.79,0,0,41.49,90.61,277.33,189.07,263.42,303.46,250.19,399.12,319.16,403.6,434.33,544.45,476.38,471.11,373.21,456.53,0,0,0,120.67,173.93,229.67,210.6,306.15,325.33,474.14,392.39,638.32,0,,,,,,,6,,246668090,,592,,
2,0,271.22,117.33,208.93,175.61,144.86,162.35,175.95,148.65,170.04,156.22,156.89,189.43,202.91,250.27,232.55,176.61,249.15,220.41,231.55,274.56,230.21,207.81,243.58,202.91,166.59,173.72,260.74,267.09,296.4,331.61,220.18,331.28,352.23,406.71,333.95,339.97,382.98,362.14,331.28,425.77,297.29,282.36,324.81,535.41,593.69,424.21,558.26,423.21,477.69,463.32,475.35,441.81,414.07,408.27,373.29,442.59,362.7,318.91,385.32,424.32,520.48,401.81,326.37,295.84,355.68,687.51,605.06,429.56,374.18,370.61,479.59,662.67,464.43,311.44,506.67,377.07,494.63,468.67,586.23,437.58,616.53,468.11,599.49,496.86,802.51,738.55,555.47,497.53,501.76,635.81,428.55,713.92,809.64,652.3,628.12,694.31,675.93,469,632.47,511.68,395.68,617.2,689.63,500.2,631.47,728.52,1030.27,1045.65,961.52,987.59,853.1,748.24,1144.37,734.09,829.25,945.92,857.22,676.93,678.38,949.48,858.22,715.71,639.93,560.15,625.56,583.22,773.76,1059.35,488.5,525.61,604.72,624.89,767.63,536.53,723.73,646.95,1084.53,793.82,1052.44,922.41,735.99,747.91,747.13,637.93,646.29,595.36,711.81,690.63,786.91,645.95,674.25,704.34,740.89,764.51,777.66,830.25,687.85,942.8,1354.97,1364.22,763.06,589.57,655.2,1259.92,1416.48,1062.47,945.03,816.44,818.89,863.57,858.56,814.54,667.57,1303.71,1003.53,1223.6,883.18,807.97,635.48,747.02,711.58,885.08,958.51,850.42,821.67,975.78,829.81,715.37,1142.25,1039.41,677.6,843.85,1308.51,1365.67,1509.3,1616.27,1264.6,968.87,610.52,774.99,776.77,729.63,869.92,1241.54,850.87,1258.14,936.56,841.06,949.71,1044.87,952.83,825.24,624.89,902.79,973.66,1142.7,928.87,710.36,790.03,663.22,540.44,0,0,166.7,137.95,126.92,216.62,224.31,251.94,234,222.41,264.75,291.83,267.54,161.68,306.09,0,0,38.78,90.03,266.31,178.73,254.17,289.94,239.13,386.32,312.11,385.65,425.88,531.63,466.66,456.97,361.25,448.28,0,0,0,118,163.91,224.19,209.26,303.42,317.91,471.12,383.31,628.79,0,,,,,,,7,,243129274,,590,,
2,0,253.87,116.58,168.18,169.95,140.39,151.57,174.82,147.69,162.86,155.22,154.56,177.81,196.52,220.32,220.88,175.48,239.03,203.71,221.43,256.3,226.63,200.17,242.02,200.06,159.1,165.85,249.66,254.53,287.08,310.55,210.14,329.15,329.82,382.3,324.61,329.49,345.43,355.73,323.84,418.17,293.61,278.45,322.73,525.56,575.83,416.51,550.91,404.44,465.55,460.35,458.14,433,398.46,403.89,367.24,428.8,354.18,316.09,371.89,418.17,494.56,398.57,322.29,288.74,337.01,683.11,594.31,423.37,369.01,363.14,469.76,649.89,460.13,301.25,500.76,364.25,480.83,461.9,582.36,429.9,596.09,433.45,587.89,493.68,789.61,727.73,533.98,484.15,488.25,617.9,425.81,707.13,798.8,643.58,624.1,687.87,668.94,460.68,628.41,494.67,373.88,611.14,679.68,493.12,623.1,710.79,1017.58,1025.55,944.61,977.72,843.75,705.14,1133.05,717.76,815.19,929.23,843.64,658.09,659.97,936.86,846.3,702.26,635.83,550.14,614.35,579.48,756.62,1047.58,475.08,514.16,586.56,620.89,750.09,525.56,719.09,642.81,1071.16,788.73,1045.7,902.99,713.78,727.95,724.18,624.32,641.37,591.55,693.29,672.92,775,630.96,663.4,697.39,732.15,751.64,772.68,812.86,683.44,933.54,1336.43,1345.29,750.64,576.93,631.51,1243.43,1396.77,1048.91,936.53,803.56,807.33,848.29,846.63,804.23,659.75,1271.66,990.34,1208,873.43,796.37,631.4,742.23,698.83,867.34,939.3,844.97,812.42,960.56,822.05,710.79,1128.95,1024.99,669.16,838.44,1300.12,1344.18,1492.76,1588.75,1245.31,962.66,598.85,765.48,771.79,706.91,860.25,1220.85,822.05,1245.76,930.55,831.69,943.62,1031.08,938.97,819.95,620.89,883.06,967.42,1123.97,917.6,693.85,781.42,658.97,536.98,0,0,161.64,128.76,121.9,197.74,220.21,246.89,226.52,216.45,250.44,284.65,265.83,160.65,288.3,0,0,0,80.93,258.52,174.93,250.66,281.99,237.59,380.97,309,383.18,411.97,517.92,458.8,454.04,358.94,445.4,0,0,0,107.73,161.53,219.55,202.94,297.38,306.57,456.25,375.65,621,0,,,,,,,8,,240096318,,588,,
2,0,237.16,115.83,158.18,166.21,139.48,150.59,160.6,139.04,160.6,153.78,152.68,176.66,186.23,212.52,205.81,161.81,228.03,202.4,220,248.71,222.53,189.86,237.82,198.77,158.07,158.29,241.45,252.89,285.01,303.93,208.78,312.95,327.69,356.73,319.55,327.36,343.2,350.02,316.03,407,287.98,273.35,315.48,522.17,561.77,407.88,537.46,398.97,447.04,449.02,449.9,424.71,386.43,381.59,352.11,425.59,348.15,314.05,369.49,408.21,455.84,392.81,318.56,274.23,324.06,670.89,573.1,417.45,363.77,352.88,451.33,614.13,445.28,296.12,489.61,356.62,477.73,451.44,578.6,427.13,590.7,425.04,580.36,482.24,778.14,710.82,530.53,477.07,476.41,601.48,423.06,688.93,788.04,627.99,620.07,683.43,655.82,456.28,620.29,480.48,364.54,596.53,668.8,476.19,612.7,699.82,998.03,1012,917.29,960.96,823.57,696.74,1111,711.37,802.12,910.25,820.27,626.01,655.71,914.87,840.84,682,625.79,536.25,598.29,562.98,751.74,1036.75,464.75,506.88,576.95,605.55,733.7,516.12,705.54,620.73,1053.58,775.5,1031.58,893.53,709.17,723.25,711.48,620.29,632.5,587.73,682.99,668.58,764.39,623.26,659.12,682.88,721.93,739.31,744.37,793.54,674.63,916.52,1314.94,1300.31,739.42,568.04,621.39,1221.11,1380.28,1028.28,924.77,798.38,781.77,830.28,834.57,791.56,655.49,1206.59,967.23,1196.36,867.79,786.06,621.83,734.14,694.32,858.11,930.93,830.28,806.08,950.18,808.06,696.3,1116.06,1018.38,661.87,813.23,1291.73,1328.58,1466.19,1578.5,1229.47,956.45,584.76,757.79,759.33,687.5,854.7,1203.84,794.31,1237.72,922.9,823.13,922.24,1022.34,932.91,814.66,616.88,871.86,953.26,1112.98,911.68,682.22,771.98,645.81,533.51,0,0,155.54,127.93,121.11,194.59,209.99,244.2,204.27,211.2,242.77,282.81,264.11,151.14,275.88,0,0,0,67.65,252.78,172.04,239.47,273.24,234.19,367.29,302.5,378.18,402.05,509.3,455.84,449.02,353.65,439.67,0,0,0,101.86,155.1,209.99,197.23,295.46,298.43,452.76,373.23,616.99,0,,,,,,,9,,237255050,,586,,
2,0,183.25,100.33,141.64,145.6,115.87,142.78,152.27,131.83,145.81,143.83,137.36,151.96,168.23,189.4,195.14,153.42,207.86,178.77,200.04,224.76,210.99,180.02,218.61,186.27,149.88,144.03,222.57,231.54,258.76,282.54,189.51,291.72,310.7,333.96,288.8,310.39,309.45,323.74,290.99,385.9,263.77,255.84,292.87,487.38,523.89,377.87,506.47,374.95,417.29,419.59,411.87,393.72,355.76,356.7,325.51,392.47,324.57,296.1,340.95,379.85,412.6,358.16,301.52,254.49,300.48,636.11,536.92,379.12,340.74,328.22,422.93,559.03,419.28,279.62,458.6,329.37,447.64,428.04,533.58,404.15,550.9,396.75,550.27,457.24,721.63,655.82,492.91,443.58,437.11,561.02,401.13,653.21,747.19,584.48,587.92,641.64,616.92,432.63,583.44,445.25,345.64,558.72,630.89,451.5,564.87,663.54,939.2,948.58,867.02,901.55,770.44,649.25,1026.7,674.49,748.33,858.99,759.18,581.77,611.39,852.21,785.05,642.05,584.48,502.82,560.81,533.79,706.51,978.41,440.66,475.6,542.45,566.75,664.58,483.52,668.96,588.55,992.91,726.53,968.19,840.11,659.37,670.94,663.43,581.56,599.71,546.52,630.58,627.66,719.34,590.95,617.54,646.75,678.25,700.77,698.58,752.4,636.32,854.82,1241.14,1222.99,683.88,532.96,581.04,1151.02,1296,963.71,865.25,748.23,735.92,781.4,779.1,744.16,614.42,1110.04,911.14,1123.28,813.62,733.21,584.69,690.14,647.27,808.51,882.67,782.54,757.2,890.18,759.7,660.2,1052.05,952.44,627.04,764.39,1224.76,1248.44,1372.87,1479.77,1156.66,898.73,550.38,718.5,715.38,651.86,804.76,1127.45,728.52,1167.71,869.32,772.43,867.65,959.43,878.81,768.15,575.41,822.38,903.84,1048.5,848.25,646.85,726.74,612.33,505.85,0,0,142.16,119.94,114.83,184.5,195.97,220.28,182.52,200.25,226.85,257.82,238.95,138.82,250.73,0,0,0,64.14,231.54,161.45,220.69,250.52,215.69,342.51,281.71,353.25,371.3,482.9,424.91,422.93,329.27,408.53,0,0,0,87.3,141.64,199.1,182.83,275.87,279.1,425.53,342.83,575.83,0,,,,,,,10,,234135740,,584,,
2,0,91.78,94.08,133.29,130.79,115.87,130.79,143.93,114.31,140.49,143.83,137.36,151.96,155.4,175.22,190.97,153.42,207.86,178.77,195.14,216.31,208.91,165.62,218.61,180.02,149.88,137.78,213.18,231.54,258.76,282.54,181.37,281.19,297.66,325.62,279.73,294.95,309.45,308.3,288.69,376.93,263.77,251.36,289.53,482.69,517.84,377.87,499.9,370.36,403.63,409.47,404.67,383.5,348.67,348.56,319.78,392.47,323.95,290.05,329.89,375.37,402.69,358.16,297.25,249.9,291.51,630.69,521.38,373.07,333.86,325.51,411.87,531.6,412.39,274.82,448.27,329.37,435.44,421.67,533.58,398.73,540.78,392.05,537.55,455.88,717.04,643.83,492.91,438.26,417.19,561.02,401.13,644.66,738.42,577.6,573.01,636.94,613.79,426.89,577.39,441.28,339.38,550.17,619.21,445.98,562.79,651.34,923.03,921.36,860.77,890.91,758.03,634.34,1022.84,662.7,742.28,847.83,748.85,575.1,605.34,845.75,779.1,636.11,581.04,493.74,557.47,519.4,700.36,966.52,434.92,470.07,537.65,555.59,664.58,483.52,658.22,582.81,988.43,717.57,959.95,834.17,657.18,667.4,647.58,581.56,586.99,546.52,622.03,626.93,710.06,587.3,612.54,635.59,678.25,691.28,682.94,741.55,626.72,848.88,1226.43,1214.54,682.1,532.96,573.01,1139.97,1287.34,960.79,857.22,742.18,724.55,776.08,772.95,744.16,614.42,1102.84,893.93,1115.77,811.02,733.21,583.23,689.2,647.27,802.25,864.62,774.2,749.9,890.18,753.13,655.09,1038.91,952.44,627.04,764.39,1224.76,1248.44,1344.5,1470.38,1136.63,898.73,546.93,709.95,715.38,646.64,803.51,1120.78,715.27,1159.68,869.32,769.61,867.65,947.54,877.66,768.15,575.41,822.38,888.4,1036.3,833.34,635.17,712.98,603.57,505.85,0,0,142.16,113.58,108.05,173.65,192.01,218.19,182.52,195.56,214.64,257.82,238.95,136.63,250.73,0,0,0,49.12,225.39,155.72,212.77,250.52,215.69,336.25,272.74,346.89,371.3,467.46,424.91,416.15,324.05,405.51,0,0,0,56.22,141.64,197.96,182.83,275.24,269.3,421.26,342.83,575.83,0,,,,,,,11,,231204838,,582,,
2,0,58.41,94.08,125.16,125.78,115.87,130.79,139.76,114.31,139.13,139.65,137.36,151.96,155.4,166.77,190.97,127.35,191.07,170.32,186.9,208.28,200.25,165.62,218.61,180.02,142.05,131.52,212.04,225.39,258.76,265.85,164.69,272.32,297.66,317.27,278.58,294.95,292.55,299.44,281.08,368.17,254.9,251.36,289.53,473.41,509.18,369.63,493.85,358.57,391.22,398.1,391.64,376.83,333.75,345.75,311.12,380.37,320.09,285.98,324.68,367.86,396.33,356.28,297.25,243.95,286.61,624.84,521.38,373.07,331.35,311.54,411.87,522.95,409.78,267.84,441.18,327.39,432.63,416.77,531.71,386.94,538.59,383.5,529.83,453.28,701.4,626.83,480.18,438.26,403.73,561.02,400.08,637.36,736.13,563.31,573.01,636.94,605.24,418.02,572.7,427.51,331.98,542.76,619.21,442.43,552.98,651.34,916.88,921.36,843.03,868.9,742.7,626.41,1017.11,662.7,736.96,836.57,735.09,564.98,597.52,826.03,772.63,628.29,575.1,493.74,545.27,519.4,697.02,958.49,429.39,465.06,526.08,555.59,664.58,476.64,658.22,572.17,974.87,712.14,959.95,823.84,646.12,652.28,639.34,572.8,579.48,546.52,613.89,620.05,705.99,582.6,612.54,631.73,667.29,680.64,673.86,731.96,622.55,845.33,1215.38,1208.18,673.86,528.89,573.01,1129.33,1273.47,949.94,851.69,736.34,713.71,769.09,766.79,737.69,614.42,1095.43,886.74,1104.82,806.32,721.22,577.29,682.73,638.72,790.68,864.62,774.2,749.58,874.74,739.68,649.67,1035.36,945.66,614.83,743.95,1193.47,1237.9,1317.48,1455.05,1132.15,896.64,543.08,709.95,707.34,635.9,803.51,1101.59,698.48,1153.32,866.08,766.69,867.65,942.74,854.72,768.15,571.55,813,888.4,1023.57,791.62,629.75,712.98,603.57,505.85,0,0,132.77,111.29,108.05,173.65,189.61,212.35,158.43,192.43,214.64,257.82,238.95,136.63,248.85,0,0,0,42.34,221.94,149.67,208.91,240.82,202.75,336.25,272.74,346.89,365.56,467.46,419.17,413.02,324.05,405.51,0,0,0,49.96,137.57,192.53,180.23,275.24,269.3,421.26,337.61,575.83,0,,,,,,,12,,228288562,,580,,
2,0,32.96,85.73,108.57,122.03,107.01,129.54,139.76,111.49,139.13,129.85,129.64,133.92,139.55,154.46,180.12,127.35,183.88,168.23,186.9,199.1,198.89,165.62,218.61,180.02,142.05,125.57,206.61,222.57,239.05,265.85,164.69,266.69,297.66,317.27,270.76,281.19,292.55,296.1,281.08,351.38,246.25,245.1,279.52,460.37,504.49,369.63,493.85,350.44,391.22,375.16,391.64,368.48,330.62,334.48,297.77,375.78,314.56,281.6,306.22,358.47,396.33,350.13,293.18,232.58,279.31,624.84,499.79,363.16,325.72,304.65,405.72,504.8,402.9,267.84,441.18,316.96,424.39,411.56,526.6,386.94,525.97,377.24,524.09,453.17,695.56,619.84,480.18,429.29,381.21,538.17,400.08,628.18,723.61,560.08,573.01,630.27,593.87,418.02,570.4,419.9,331.98,540.26,610.97,434.71,547.66,646.54,903.11,877.45,813.62,853.36,730.39,626.41,996.46,658.74,727.99,829.27,725.91,564.98,587.4,807.68,766.9,616.19,575.1,488.11,538.8,519.4,689.3,954.01,425.01,460.26,526.08,547.98,656.76,460.26,648.1,569.46,973.82,705.36,959.95,812.89,646.12,652.28,633.61,568.73,579.48,539.84,596.48,620.05,703.38,578.33,591.05,615.98,665.42,676.05,659.68,726.64,609.2,839.28,1209.95,1124.12,672.09,526.28,569.98,1122.76,1261.58,940.76,838.34,725.39,713.71,769.09,760.95,733.73,608.89,1087.82,868.27,1093.97,802.46,721.22,567.17,682.73,638.72,784.84,856.59,758.14,743.64,870.67,739.68,643.41,1022.32,934.92,614.83,743.95,1023.57,1226.85,1304.86,1450.46,1113.37,895.29,531.19,700.77,700.98,635.9,798.71,1090.53,687.63,1150.61,866.08,764.29,849.4,938.15,854.72,768.15,571.55,813,882.25,1023.57,782.86,622.55,708.28,603.57,505.85,0,0,125.99,111.29,107.11,165.21,179.7,212.35,145.91,192.43,207.86,243.74,227.37,132.14,242.18,0,0,0,30.98,206.72,149.67,203.9,233.83,202.75,324.16,268.57,334.38,350.54,449.73,412.5,408.43,324.05,389.55,0,0,0,0,127.56,192.53,174.59,269.4,262.41,412.7,330.41,569.05,0,,,,,,,13,,224690898,,578,,
2,0,32.96,71.97,108.57,107.22,93.76,111.39,131.31,111.18,139.13,121.61,127.35,125.78,133.19,141.43,176.37,120.15,183.88,163.75,178.66,194.93,188.99,153.73,218.61,180.02,142.05,119.11,200.15,198.58,239.05,258.34,160.62,260.74,297.66,309.03,267.52,281.19,275.76,292.35,266.58,309.87,240.41,245.1,273.99,455.99,501.04,369.63,477.16,345.12,376.83,342.83,382.15,349.6,320.19,331.87,280.87,363.58,310.91,274.61,291.82,352.21,382.98,342.3,290.36,230.18,279.31,615.67,499.79,355.65,325.72,304.65,399.25,492.8,396.96,261.16,437.53,316.02,412.29,401.96,526.6,384.86,525.97,371.82,515.12,449.63,686.9,599.4,474.14,422.61,339.49,535.36,400.08,621.4,718.71,548.71,558.93,626.93,590.01,409.78,562.27,405.3,331.98,533.69,610.97,432.31,534.84,641.85,860.45,877.45,799.75,849.61,700.56,612.02,988.01,653.53,717.04,819.78,715.17,559.24,581.35,797.67,757.51,603.26,565.81,484.36,535.46,506.05,682.94,943.06,412.91,455.47,515.75,539.74,613.27,460.26,646.23,551.84,959.01,702.76,944.2,808.2,632.15,646.54,624.43,564.35,573.22,538.8,586.78,612.23,691.39,572.59,591.05,610.03,665.42,671.05,655.61,716.84,586.57,833.75,1203.59,1122.76,665.83,524.93,566.13,1122.76,1241.24,925.22,829.06,725.39,704.01,763.46,754.8,727.37,606.59,1070.09,861.08,1090.64,795.06,714.33,563.31,678.04,627.45,773.68,856.59,758.14,743.64,862.33,731.12,638.72,1013.14,930.64,611.08,730.29,1018.57,1226.85,1289.32,1434.71,1090.53,891.64,531.19,700.77,696.29,625.16,798.71,1051.94,662.7,1150.61,861.29,761.68,842.93,938.15,854.72,763.87,571.55,804.03,874.74,1016.69,772.74,622.55,696.81,601.8,505.85,0,0,125.99,109.62,107.11,157.49,179.7,196.7,134.86,183.25,207.86,243.74,227.37,132.14,229.14,0,0,0,22.63,201.19,136.73,199.42,228.72,199.21,318.73,268.57,334.38,350.54,449.73,412.5,408.43,315.6,389.55,0,0,0,0,124.53,189.72,174.59,269.4,262.41,412.7,323.43,562.58,0,,,,,,,14,,221553746,,576,,
2,0,16.69,71.97,100.02,102.84,93.76,111.39,131.31,108.78,125.99,114.73,124.01,116.5,124.74,135.06,168.13,117.54,183.88,155.3,166.98,190.66,181.79,149.15,217.56,180.02,142.05,112.22,184.08,191.39,230.6,241.55,153,260.74,291.62,294.74,258.66,268.67,275.76,280.14,258.14,283.48,226.53,242.7,268.46,437.63,497.08,362.33,477.16,340.22,376.83,307.68,377.97,337.3,310.91,326.35,268.98,363.58,307.26,269.92,279.52,345.85,382.98,342.3,290.36,224.76,265.33,615.67,480.71,347.1,319.57,291.09,397.16,483.63,384.34,261.16,435.34,316.02,394.24,398.73,513.04,384.86,525.97,348.67,505.63,449.63,663.75,588.03,457.45,417.4,321.13,525.76,400.08,612.43,710.06,526.39,551.11,610.45,578.22,409.78,544.54,398.1,321.55,518.04,604.82,422.3,524.2,631.52,797.46,853.05,777.85,835.11,666.25,606.7,980.29,646.54,700.46,806.95,690.87,552.78,570.82,787.44,751.46,597.62,563,484.36,526.08,506.05,669.07,938.26,412.91,445.66,511.16,533.27,613.27,447.44,631.83,548.08,959.01,702.76,944.2,801.52,632.15,627.56,621.82,553.92,573.22,534.73,579.79,612.23,691.39,572.59,588.55,600.65,650.81,657.39,655.61,704.84,586.15,826.66,1182.73,1111.18,659.47,524.93,563.73,1108.58,1226.01,916.98,818.21,718.3,687.21,757.82,744.58,721.01,606.59,1062.37,855.65,1085.94,789.43,703.38,557.16,674.8,622.13,759.49,847,748.75,736.76,853.78,717.98,638.72,1005.95,925.43,607.32,719.23,1012.41,1212.98,1273.89,1423.66,1072.38,891.64,531.19,700.77,688.88,625.16,798.71,1039.64,619,1138.09,860.14,758.66,835.21,932.21,824.37,763.87,567.38,799.86,870.05,1006.05,772.74,617.44,692.74,601.8,505.85,0,0,115.98,108.05,107.11,157.49,165.83,192.53,130.89,181.27,182.94,243.74,217.77,123.91,229.14,0,0,0,9.49,192.74,136.73,189.93,219.34,196.91,312.37,267.73,324.68,339.17,449.73,404.88,405.3,315.6,384.86,0,0,0,0,115.67,179.6,171.36,264.81,255.95,406.24,323.43,562.58,0,,,,,,,15,,218030854,,574,,
2,0,0,63.93,58.3,102.84,85.84,100.33,122.86,105.97,125.99,106.38,124.01,107.43,117.86,125.05,163.43,111.49,162.91,150.19,158.74,174.39,173.34,149.15,215.69,178.14,136.11,104.51,174.8,191.39,229.66,241.03,153,242.7,269.5,286.5,246.77,265.85,259.28,271.69,258.14,266.58,226.53,242.7,268.46,430.85,491.34,358.26,472.47,333.23,363.89,294.95,369.73,319.46,305.7,319.78,263.66,353.98,302.88,265.44,273.88,332.5,366.6,328.12,287.34,215.69,262.62,615.67,468.61,332.19,319.57,291.09,381.21,451.61,378.7,261.16,433.04,309.66,386.73,394.45,513.04,375.99,516.48,336.88,497.92,446.5,653.32,568.73,457.45,411.24,297.56,525.76,391.01,601.8,703.28,485.61,551.11,610.45,578.22,403.21,544.54,391.43,316.44,513.04,599.19,422.3,510.54,626.62,764.19,853.05,765.02,835.11,647.69,596.06,965.58,636.63,700.46,800.48,682.73,552.78,564.56,757.72,744.16,589.28,563,475.8,517,495.62,659.78,928.04,407.18,438.15,503.03,526.7,613.27,447.44,631.83,541.3,952.76,686.07,937.74,791.51,626.41,627.56,613.48,553.92,568.94,534.73,572.9,606.59,678.66,572.59,575.51,594.7,650.81,651.34,641.95,699.94,575.3,826.66,1182.73,1104.61,657.8,517.63,560.28,1108.58,1213.92,908.74,811.54,718.3,674.91,750.84,737.17,721.01,600.34,1052.36,845.96,1071.34,789.43,703.38,545.68,674.8,613.27,749.69,834.9,741.45,734.67,848.56,717.98,638.72,999.69,918.44,607.32,719.23,1005.22,1207.97,1255.63,1405.41,1054.65,884.65,526.49,685.86,688.88,616.08,792.76,1033.38,619,1132.67,860.14,755.43,830,920.84,819.36,763.87,567.38,789.95,870.05,995.62,747.92,609.62,680.33,601.8,505.85,0,0,115.98,104.4,106.17,147.68,159.47,192.53,117.75,181.27,177.72,230.71,211.51,123.91,225.7,0,0,0,0,192.74,135.06,185.44,210.89,193.78,302.25,263.35,319.15,339.17,440.45,404.88,405.3,311.95,384.86,0,0,0,0,111.18,179.6,164.89,264.81,250.1,400.29,315.6,561.02,0,,,,,,,16,,215036192,,572,,
2,0,0,47.66,58.3,79.58,85.84,86.25,122.86,97.52,125.99,106.38,113.06,99.92,100.33,114.73,155.09,111.29,162.91,141.74,153.84,170.53,165,137.36,215.69,168.02,136.11,102.11,174.8,182.94,221.11,232.17,150.81,242.7,269.5,277.95,241.87,265.85,259.28,271.69,240.09,241.66,226.53,237.38,257.2,423.03,477.06,352.11,472.47,333.23,357.53,283.17,363.89,307.05,297.14,312.27,258.03,348.35,302.77,256.88,259.07,331.46,360.97,328.12,283.27,215.69,262.62,608.68,463.5,321.34,314.98,284.84,381.21,430.43,362.54,255.32,433.04,306.43,369.84,381.42,510.01,370.78,516.48,331.98,497.92,446.5,635.8,556.95,446.29,406.03,287.96,513.98,383.4,601.8,703.28,457.97,529.2,591.78,566.23,400.71,534.73,383.4,316.44,513.04,599.19,411.66,505.32,600.02,751.15,846.16,752.71,825.51,640.39,590.84,961.1,636.63,682.94,787.44,672.3,539.01,559.03,745.1,738.32,578.64,563,470.17,510.95,495.62,649.98,918.23,395.5,438.15,498.33,518.57,597,436.28,625.99,531.5,940.97,686.07,937.74,788.8,609.1,619.21,600.23,547.66,563.1,528.06,562.79,599.5,678.66,570.4,575.51,583.44,638.2,644.56,641.95,688.47,575.3,821.34,1171.15,1090.43,653.32,517.63,530.66,1092.72,1191.18,898.52,804.97,708.07,669.59,743.85,732.27,714.75,592.72,1048.81,839.49,1065.71,789.43,683.36,540.89,658.22,607.43,735.09,834.9,734.36,734.67,842.93,713.6,638.72,997.08,913.96,591.78,709.12,1005.22,1202.03,1241.87,1403.32,1038.7,884.65,503.55,685.86,688.88,610.66,784.32,1012.73,582.92,1132.67,844.08,749.69,823.11,920.84,814.04,759.91,567.38,784,857.64,987.8,734.88,590.74,680.33,598.25,505.85,0,0,100.96,94.7,106.17,143.1,154.36,178.45,114.1,175.85,156.13,224.13,211.51,117.33,216.83,0,0,0,0,172.72,126.51,175.01,204.42,186.8,294.12,260.85,319.15,322.38,430.23,395.5,396.64,307.78,384.86,0,0,0,0,105.13,179.6,164.89,259.07,250.1,390.18,311.43,561.02,0,,,,,,,17,,211769936,,570,,
2,0,0,47.66,0,79.58,74.68,80.62,115.67,89.38,116.6,89.8,107.74,92.3,100.33,100.13,141.43,109.09,162.91,133.5,153.84,162.39,165,137.36,215.69,168.02,136.11,80.83,165.52,182.94,221.11,228.52,150.81,233.52,269.5,277.95,237.28,248.85,259.28,255.32,240.09,236.75,224.13,237.38,257.2,406.34,477.06,346.06,452.86,328.43,352.42,283.17,351.38,295.89,290.68,307.05,256.68,338.76,302.77,256.88,259.07,324.89,348.46,323.43,278.16,208.28,251.04,601.48,447.54,313.1,306.32,283.17,381.21,409.26,355.97,255.01,433.04,306.43,366.29,381.42,506.78,370.78,511.06,318.21,482.27,444.83,626.83,537.13,434.29,395.39,287.96,503.03,377.24,596.48,691.7,447.33,515.75,591.78,566.23,395.7,522.95,377.97,316.44,498.02,599.19,409.58,493.95,600.02,733.31,833.96,737.28,814.56,627.56,580.21,952.55,636.63,674.7,765.65,660.41,532.75,552.25,732.58,730.92,571.65,549.02,452.44,501.67,486.55,637.36,911.14,390.7,430.75,498.33,512.52,584.9,436.28,619.94,522.53,940.97,682.21,925.64,785.98,609.1,609.83,584.9,545.37,549.54,528.06,558.62,598.04,672.4,570.4,563.1,576.24,634.34,638.72,630.69,688.47,572.49,810.7,1164.69,1075.83,645.39,517.63,530.66,1087.4,1181.17,891.95,786.82,705.57,658.95,725.6,726.12,709.53,587.4,1027.75,838.03,1065.71,772.63,683.36,535.67,654.99,600.65,735.09,823.22,729.66,734.67,828.95,713.6,624.32,975.49,907.7,591.78,709.12,989.57,1195.56,1227.06,1390.8,992.39,877.87,503.55,685.86,678.35,605.86,784.32,1001.36,582.92,1118.17,844.08,746.46,815.81,912.71,810.6,759.91,550.69,784,848.98,962.66,734.88,587.51,659.58,598.25,505.85,0,0,100.96,94.7,99.92,143.1,140.18,171.88,109.72,172.72,150.92,215.17,205.26,117.33,212.45,0,0,0,0,150.61,118.79,171.88,198.69,183.35,284.31,260.85,312.16,320.61,427.1,395.5,396.64,304.13,374.01,0,0,0,0,93.03,176.47,159.89,259.07,250.1,385.07,311.43,550.9,0,,,,,,,18,,208672874,,568,,
2,0,0,39.32,0,74.05,74.68,74.57,106.38,83.02,108.26,81.66,99.4,77.28,100.33,91.78,124.95,97.1,139.03,116.81,133.5,162.39,165,137.36,207.45,168.02,135.48,74.57,153.63,174.39,221.11,215.9,146.75,233.52,249.27,261.06,228.83,248.85,234.46,247.5,233.1,226.53,224.13,229.35,251.67,383.4,467.25,336.05,452.86,313.62,340.32,276.07,345.33,275.66,281.81,298.08,256.68,331.46,299.44,245.2,247.29,305.38,342.72,317.27,269.3,203.28,251.04,592.1,444.31,307.89,306.32,267,364.52,392.78,350.75,255.01,427.2,304.86,350.65,372.76,500.94,363.27,502.09,313.73,477.58,444.83,619.94,522.74,424.91,389.65,277.43,488.42,377.24,586.46,686.38,438.78,506.78,523.57,547.46,395.7,511.58,371.09,308.51,491.76,594.39,397.16,487.69,582.08,715.06,821.45,723.51,791.82,627.56,572.9,940.24,617.75,662.18,765.65,641.53,532.75,540.78,706.82,723.82,563.41,539.63,448.9,495.1,480.5,624.95,898,384.34,425.53,481.75,503.44,564.56,420.42,615.15,510.12,935.76,682.21,925.64,775.45,609.1,601.9,577.7,545.37,549.54,520.44,558.62,592.41,672.4,566.33,538.07,568.84,627.87,631.73,630.69,681.58,572.49,810.29,1151.23,1051.73,645.39,514.08,530.66,1084.69,1173.76,875.78,775.97,702.76,643.93,725.6,713.5,704.74,571.76,1021.07,821.86,1052.78,772.63,672.72,530.46,654.99,589.59,727.79,823.22,726.12,729.77,824.89,701.19,624.32,968.82,894.14,587.51,692.22,989.57,1183.46,1213.08,1372.34,992.39,877.87,490.72,672.2,678.35,598.77,778.16,986.55,548.08,1118.17,844.08,741.03,810.18,902.38,801.84,759.91,550.69,773.26,848.98,942.85,717.67,578.85,653.11,589.7,505.85,0,0,100.96,94.7,99.92,136.94,140.18,162.5,102.94,166.77,143.51,215.17,197.75,105.76,202.23,0,0,0,0,150.61,118.79,171.88,192.53,183.35,279.52,254.69,302.67,309.14,424.18,381.94,386.42,304.13,368.8,0,0,0,0,83.23,169.07,159.89,251.98,242.39,385.07,303.09,550.9,0,,,,,,,19,,205142090,,566,,
2,0,0,0,0,57.47,58.3,66.65,99.71,74.57,99.81,78.12,99.4,77.28,95.54,91.78,116.6,97.1,139.03,116.81,133.5,152.27,145.49,132.46,189.72,168.02,132.67,74.57,153.63,166.25,201.19,199,146.75,228.1,249.27,261.06,220.07,248.85,234.46,239.26,224.66,226.53,216.73,229.35,244.06,376.51,461.83,330.1,439.3,313.62,333.44,268.77,322.38,262.31,275.66,298.08,249.06,331.46,299.44,238.32,247.29,296.2,331.77,317.27,265.85,202.65,237.59,589.49,431.58,292.03,301.94,267,361.6,379.95,336.46,249.58,427.2,302.46,343.14,365.98,495.2,363.27,502.09,301.73,459.95,433.15,606.07,501.88,420.11,383.08,277.43,483.73,366.81,586.46,675.43,406.55,501.15,523.57,542.14,388.72,511.58,363.68,297.25,486.13,586.25,384.86,477.68,572.8,702.44,800.79,690.66,757.72,615.35,564.87,925.64,606.91,649.56,744.58,637.46,524.82,540.78,686.69,719.34,556.53,539.63,441.39,485.09,472.36,615.88,887.78,378.29,418.34,481.75,503.44,539.63,420.42,606.49,501.46,918.34,670.74,913.75,770.03,596.16,583.65,559.76,528.89,542.66,508.45,542.97,592.41,650.29,560.28,525.35,555.8,627.87,624.74,626.83,681.58,565.92,801.52,1139.34,1042.45,633.08,514.08,502.09,1074.37,1161.87,868.38,770.13,696.91,626.2,718.61,713.5,698.37,571.76,1016.48,821.86,1046.94,772.63,672.72,530.46,641.01,589.59,711.72,802.88,713.39,729.77,815.5,701.19,624.32,963.08,894.14,587.51,692.22,982.06,1183.46,1201.09,1361.81,983.11,870.26,482.69,672.2,665.83,590.84,778.16,962.77,548.08,1099.19,832.81,741.03,795.48,891.22,797.35,759.91,547.87,770.13,846.48,936.59,712.77,574.37,641.85,589.7,505.85,0,0,86.15,77.28,97.73,122.86,129.54,158.32,100.54,155.92,139.24,208.49,197.75,105.76,202.23,0,0,0,0,49.23,112.54,158.01,187.84,169.17,275.14,245.1,296.52,300.9,413.54,381.94,385.07,288.69,368.8,0,0,0,0,42.34,169.07,154.15,247.6,242.39,369.32,297.25,550.9,0,,,,,,,20,,201206606,,564,,
2,0,0,0,0,38.59,58.3,66.65,69.46,66.23,75.51,69.57,90.43,50.17,80,66.96,108.36,97.1,130.79,108.47,133.5,152.27,145.49,132.46,185.13,168.02,120.46,73.95,146.64,141.64,201.19,190.97,146.75,224.34,242.6,250.1,208.49,248.85,225.91,239.26,216.1,214.23,216.31,229.35,238.01,371.09,457.55,330.1,439.3,295.58,322.38,268.77,313.83,250.63,269.92,285.25,242.7,313.31,295.27,224.86,243.95,296.2,331.77,311.22,261.47,202.65,237.59,577.7,426.16,292.03,299.02,258.97,348.87,365.87,328.22,246.87,422.61,295.58,337.3,359.3,485.5,352,495.31,289.22,453.48,432.21,574.89,489.57,414.27,369.42,277.22,477.26,366.81,584.06,653.21,406.55,483.1,517.63,542.14,388.72,486.76,351.9,282.33,478.52,586.25,379.75,461.2,551,681.9,750.73,652.8,721.95,615.35,564.87,921.36,585.63,636.32,740.51,628.7,518.36,526.28,659.05,714.23,550.9,531.81,432.42,475.91,472.36,605.86,876.62,374.22,418.34,469.55,490.72,403.11,420.42,603.15,491.97,916.77,670.74,904.47,762.93,592.72,576.97,551.11,523.05,540.89,505.84,542.97,592.41,650.29,555.17,511.16,549.44,627.87,620.26,612.33,669.48,565.92,801.52,1133.19,1025.35,633.08,514.08,502.09,1061.95,1153.63,857.95,765.23,690.76,612.54,713.08,703.59,692.12,566.75,999.9,815.6,1032.96,750.52,662.18,514.92,641.01,580,708.91,802.88,707.76,729.14,809.03,697.64,619.21,944.52,874.22,577.7,686.38,975.91,1171.68,1188.47,1349.4,974.97,868.9,482.69,672.2,649.98,585.94,778.16,952.23,548.08,1095.23,832.81,737.49,795.48,884.65,797.35,755.53,547.87,762.1,836.88,929.39,709.85,574.37,641.85,583.33,505.85,0,0,86.15,77.28,95.74,122.86,116.81,152.27,70.19,154.26,132.98,197.43,191.28,102.42,195.56,0,0,0,0,0,91.57,153.84,182.94,169.17,269.19,245.1,296.52,300.9,409.78,378.08,380.16,288.69,365.04,0,0,0,0,0,169.07,154.15,242.91,224.76,369.32,297.25,547.46,0,,,,,,,21,,197276778,,562,,
2,0,0,0,0,0,49.96,0,45.89,66.23,38.9,63.83,90.43,50.17,75.82,60.49,100.02,84.48,114.21,99.71,125.26,147.68,137.05,112.54,182.21,168.02,120.46,69.36,146.64,140.8,199.94,182.52,135.8,202.86,233.73,225.28,208.49,224.76,225.91,231.12,199.52,214.23,216.31,225.7,233.63,364.21,438.36,323.63,423.24,295.58,312.27,254.38,297.46,243.64,257.72,282.44,231.54,307.89,295.27,219.02,233,279.41,310.08,311.22,255.74,199.73,227.89,577.7,420.84,278.58,292.14,258.97,341.26,336.98,324.05,246.87,417.29,289.84,329.58,353.15,485.5,352,489.88,275.55,440.45,432.21,574.89,474.34,408.32,366.5,272.95,463.39,362.22,584.06,644.45,369.32,477.26,502.3,525.55,388.72,486.76,351.9,282.33,471.84,579.37,369.32,445.25,542.14,673.66,728.52,607.43,694.1,571.55,546.41,921.36,585.63,624.64,724.34,623.07,506.26,520.03,646.02,714.23,534.42,531.81,425.95,456.51,465.06,592.72,869.32,372.65,401.34,464.23,484.25,394.35,408.01,603.15,484.46,903.32,659.37,904.47,757.2,592.72,575.1,546.83,513.14,540.89,500.11,532.75,578.95,650.29,542.24,504.59,541.2,607.74,611.49,612.33,669.48,565.08,790.47,1129.64,1019.92,633.08,508.45,495.31,1055.91,1140.8,853.46,755.63,684.19,606.59,707.03,697.96,692.12,566.75,992.81,805.17,1028.27,750.52,659.37,508.87,630.48,577.08,701.71,791.3,707.76,722.68,790.89,689.72,615.67,938.78,874.22,577.7,676.79,971.01,1160.62,1180.12,1333.02,964.12,868.9,475.91,659.89,649.98,579.06,772.32,946.81,548.08,1081.67,821.24,737.49,776.81,877.35,794.75,747.81,547.87,762.1,829.16,922.51,695.14,569.36,624.43,583.33,505.85,0,0,79.89,74.05,95.54,117.44,116.81,146.33,70.19,154.26,132.98,197.43,185.23,93.14,191.07,0,0,0,0,0,52.46,147.89,169.9,169.17,261.37,234.15,278.79,284.31,409.78,369.94,375.68,282.12,356.49,0,0,0,0,0,169.07,154.15,242.91,224.76,369.32,297.25,539.43,0,,,,,,,22,,193906120,,560,,
2,0,0,0,0,0,33.27,0,0,29.1,13.98,55.8,73.95,33.58,75.82,51.73,91.68,84.48,114.21,91.57,116.71,139.55,124.64,106.7,167.5,168.02,120.25,69.36,128.91,140.8,191.39,174.07,135.8,197.23,225.18,225.28,200.25,224.76,208.18,222.57,198.37,214.23,216.31,217.46,226.74,338.86,427.72,318.52,423.24,282.23,297.87,254.38,282.44,236.75,245.72,276.28,231.54,301.52,295.27,211.1,233,272.32,304.65,296.1,250.42,199.73,225.6,560.6,409.58,265.54,292.14,255.84,336.36,336.98,317.06,244.06,412.29,289.84,319.05,348.35,485.5,346.27,484.36,259.39,429.6,425.85,553.92,463.6,394.04,351.38,272.95,450.25,357.64,578.43,624.95,361.29,463.39,491.34,523.36,377.14,486.76,349.81,276.6,458.49,571.03,369.32,437.84,522.84,663.23,695.04,556.74,648.83,550.48,533.27,897.9,585.63,618.8,718.4,607.32,499.58,510.43,625.99,708.6,526.08,526.91,418.65,447.85,452.13,582.92,853.88,365.87,401.34,458.18,484.25,388.82,408.01,589.38,477.58,903.32,657.07,886.94,745.73,570.61,570.71,543.39,501.98,522.63,500.11,532.75,578.95,638.72,532.12,501.04,533.06,607.74,602.42,607.43,656.76,565.08,777.12,1107.01,999.06,633.08,508.45,495.31,1049.33,1132.15,841.37,735.82,684.19,599.61,707.03,691.8,684.71,557.47,987.49,805.17,1005.11,750.52,652.38,508.87,626.83,569.88,695.04,778.16,689.82,722.68,779.1,683.36,610.97,933.04,867.75,564.77,670.94,971.01,1160.62,1165,1309.87,955.88,858.89,475.91,659.89,642.78,572.28,766.06,926.26,541.72,1074.89,821.24,726.12,776.81,864,794.75,737.07,537.76,747.92,822.59,917.29,689.3,560.18,616.92,579.68,505.85,0,0,71.03,74.05,95.54,112.33,110.97,135.69,67.9,146.12,128.18,197.43,181.16,93.14,186.59,0,0,0,0,0,0,133.71,169.9,166.67,249.37,234.15,278.79,284.31,391.53,364.52,375.68,282.12,356.49,0,0,0,0,0,156.24,139.76,235.09,223.82,358.68,287.76,532.75,0,,,,,,,23,,190478934,,558,,
2,0,0,0,0,0,0,0,0,15.75,0,55.8,57.26,33.58,67.48,34.94,83.33,76.97,114.21,91.57,108.36,139.55,120.46,106.7,154.26,146.22,113.27,69.36,122.76,140.8,183.04,170.32,135.8,177.93,225.18,225.28,191.91,213.6,208.18,220.17,191.39,208.59,204.94,209.95,220.38,333.33,414.37,318.52,415.94,271.8,283.69,241.45,274.82,227.37,245.72,269.92,230.91,288.07,288.9,199.62,218.5,272.32,294.85,293.6,240.51,198.37,225.6,560.6,406.24,259.18,285.67,239.47,330,317.69,310.18,238.95,402.17,273.36,311.74,335.94,470.28,346.27,471.84,243.33,417.71,425.85,534.94,455.36,382.35,346.89,269.92,450.25,352.32,578.43,608.05,361.29,457.66,491.34,509.6,377.14,480.39,348.25,266.58,442.53,571.03,358.68,432.1,510.54,663.23,658.12,538.49,636.11,520.34,519.5,897.9,556.53,607.32,691.7,597.21,499.58,504.07,625.99,689.61,521.9,520.44,409.58,447.75,446.5,571.65,843.97,364.1,395.7,458.18,468.82,382.04,400.29,589.38,469.34,892.89,640.07,886.94,733.42,570.61,559.35,535.25,501.98,508.45,500.11,518.25,578.95,635.27,532.12,488.84,533.06,607.74,602.42,598.98,648.31,554.13,770.34,1104.4,992.49,613.69,507.2,495.31,1038.91,1107.74,835.94,726.22,677.72,589.07,693.37,687.32,677.83,557.47,976.12,799.13,988.74,730.81,652.38,500.42,623.07,569.88,687.63,768.67,689.82,718.82,753.65,683.36,606.59,924.6,848.46,564.77,670.94,961.62,1152.59,1165,1294.43,950.46,851.8,466.42,653.11,630.89,572.28,766.06,914.79,491.03,1074.89,815.5,726.12,771.38,855.34,794.75,715.9,532.85,747.92,819.67,911.14,682.1,560.18,608.89,567.48,505.85,0,0,67.38,67.06,90.22,103.05,101.59,125.99,56.01,146.12,119.52,186.38,181.16,93.14,182.1,0,0,0,0,0,0,114.41,158.32,166.67,243.43,230.71,272.63,275.97,391.53,364.52,360.66,272.95,349.81,0,0,0,0,0,156.24,139.76,213.29,223.82,358.68,287.76,532.75,0,,,,,,,24,,187371748,,556,,
2,0,0,0,0,0,0,0,0,0,0,24.72,57.26,33.58,57.99,34.94,74.99,76.97,83.23,81.87,100.02,117.44,99.81,98.35,123.28,146.22,106.17,63.31,122.76,132.56,166.25,165,132.87,177.93,200.46,203.9,174.59,213.6,208.18,212.04,191.39,191.91,198.37,192.12,220.38,319.78,402.38,312.89,396.33,259.18,283.69,236.96,269.19,227.37,236.44,269.92,218.5,280.66,288.9,199.62,208.39,260.43,289.84,293.39,238.01,194.51,217.15,539.01,394.14,250.52,280.14,239.47,312.68,301.11,310.18,238.95,398.52,273.36,306.43,335.94,470.28,339.7,471.84,243.33,406.34,425.85,529,432,382.35,346.89,267.84,430.02,352.32,570.92,569.98,349.29,448.37,491.34,503.23,377.14,469.23,339.38,263.66,436.59,554.13,358.68,409.58,494.16,649.25,626.2,507.51,601.8,514.81,495.62,891.12,556.53,607.32,680.64,584.9,486.96,497.19,615.25,689.61,508.97,510.74,406.45,427.72,446.5,554.03,843.97,357.43,388.61,450.56,468.82,377.14,390.28,579.89,469.34,892.89,640.07,886.94,727.58,563.21,549.96,524.82,492.18,508.45,488.01,518.25,578.95,626.83,516.58,488.32,530.04,594.18,591.78,590.32,648.31,554.13,752.71,1095.12,986.13,613.69,507.2,489.47,1033.38,1095.33,824.37,718.4,677.72,589.07,683.67,677.52,671.57,551.32,964.54,784.32,979.04,727.99,640.49,495.72,617.86,557.89,675.95,760.64,668.75,712.87,726.85,677.52,598.77,912.6,839.18,553.61,665.63,961.62,1144.77,1165,1284.73,935.03,845.54,466.42,653.11,623.59,556.01,759.6,908.74,488.11,1061.33,815.5,718.61,760.33,842.41,787.44,708.49,532.85,747.92,813.52,903.53,672.51,560.18,608.89,567.48,505.85,0,0,59.97,34.11,89.17,103.05,95.64,109.51,55.49,136,112.22,181.06,166.88,83.96,166.35,0,0,0,0,0,0,45.27,141.84,149.56,238.42,221.11,267.31,275.97,380.16,354.3,359.3,266.17,345.85,0,0,0,0,0,151.02,139.76,213.29,207.34,353.46,287.76,523.89,0,,,,,,,25,,184061662,,554,,
2,0,0,0,0,0,0,0,0,0,0,16.37,57.26,25.97,49.75,34.94,57.88,59.14,83.23,73.63,100.02,117.44,91.68,98.35,107.53,146.22,99.6,55.17,111.81,115.67,154.46,143.51,129.33,169.17,200.46,199.83,174.59,196.81,200.46,203.59,173.45,191.91,198.37,184.71,209.64,299.33,390.07,298.92,384.75,244.37,263.25,236.96,248.96,227.37,236.44,264.5,213.71,274.51,286.09,189.93,201.29,260.43,289.84,287.65,238.01,194.51,217.15,532.12,382.98,250.52,273.99,233.94,312.68,301.11,291.3,236.75,390.07,262.52,306.43,322.28,461.31,339.7,427.83,231.54,399.56,417.81,503.55,425.01,365.25,341.47,260.12,430.02,352.32,570.92,550.59,343.56,448.37,485.3,497.92,371.72,441.59,339.38,256.26,424.07,554.13,342.72,396.02,481.54,649.25,595.64,467.67,594.18,506.36,490.72,869.73,550.48,588.24,662.18,581.04,486.96,491.66,608.05,685.34,498.02,503.03,391.01,427.72,440.45,554.03,828.85,357.43,382.88,437.63,457.97,377.14,390.28,575.2,453.48,884.23,625.68,866.61,723.09,557.36,541.51,508.87,492.18,508.45,488.01,507.72,566.23,620.99,516.58,478.1,513.04,594.18,591.78,580.52,648.31,554.13,745.83,1081.46,975.91,606.49,500.11,489.47,1019.71,1079.27,817.59,706.82,667.4,574.37,680.85,670.74,671.57,550.59,958.07,784.32,956.82,680.33,640.49,490.2,617.86,551.42,673.03,746.66,668.75,712.87,726.85,666.46,598.77,902.17,830.62,553.61,658.32,954.53,1134.86,1148.94,1267.52,924.07,838.45,457.24,649.25,603.57,549.65,754.38,895.29,488.11,1061.33,802.67,714.75,747.29,828.75,783.17,692.33,530.14,739.57,799.65,867.34,659.68,545.47,597.94,558.93,485.82,0,0,48.39,34.11,89.17,88.55,89.38,108.26,50.79,136,107.63,181.06,163.64,81.77,150.29,0,0,0,0,0,0,0,118.79,145.6,233.42,221.11,258.14,271.59,380.16,350.13,354.09,264.71,340.84,0,0,0,0,0,144.03,135.06,202.96,202.13,353.46,278.27,521.17,0,,,,,,,26,,180729898,,552,,
2,0,0,0,0,0,0,0,0,0,0,0,14.71,9.18,33.17,34.94,24.93,41.2,83.23,50.48,83.96,109.09,91.68,98.35,66.12,146.22,92.93,55.17,111.81,115.67,138.82,143.51,129.33,152.9,200.46,187.42,149.67,180.75,175.43,203.38,165,183.46,189.82,179.08,200.46,284.11,355.13,294.74,369.63,238.21,263.25,225.07,237.8,227.37,225.18,257.09,213.71,263.25,286.09,189.93,193.37,245.72,263.77,282.23,227.99,194.51,209.95,513.87,375.57,237.17,262.93,226.12,306.84,280.04,291.3,233,376.93,262.52,297.35,317.9,455.57,339.7,427.83,225.6,382.77,413.54,488.63,405.92,365.25,329.06,260.12,411.24,338.13,563.41,523.26,343.56,436.8,485.3,486.23,371.72,432,339.38,256.26,417.71,540.89,336.98,393.2,464.96,635.8,545.89,441.28,583.33,493.64,479.25,869.73,519.5,581.14,650.08,574.05,474.14,478.2,602.42,679.39,491.45,503.03,391.01,409.26,433.77,549.13,828.85,349.08,382.88,437.63,457.97,377.14,383.29,568.73,443.99,872.24,606.49,866.61,717.25,551.42,541.51,503.55,480.29,473.09,488.01,507.72,563.41,612.85,516.58,478.1,513.04,584.79,582.5,580.52,638.72,554.13,728.73,1063.62,961.41,600.86,500.11,485.19,1019.71,1079.27,813.62,695.87,667.4,574.37,671.05,657.39,659.05,548.19,939.61,775.45,943.58,661.45,630.06,479.87,613.58,527.33,667.92,734.98,656.55,708.6,691.49,666.46,592.3,890.59,811.54,545.37,651.44,936.17,1129.64,1148.94,1258.56,846.06,835.42,457.24,637.46,585.21,544.54,749.06,882.98,488.11,1049.65,802.67,710.16,747.29,824.26,783.17,671.78,530.14,733.63,796.73,865.04,656.03,545.47,584.17,558.93,485.82,0,0,19.19,34.11,85.73,88.55,77.81,95.12,47.46,129.54,103.67,165.31,155.3,70.19,124.64,0,0,0,0,0,0,0,92.62,145.6,221.63,201.4,251.88,271.59,370.99,350.13,347.1,264.71,340.84,0,0,0,0,0,133.81,126.41,199.94,196.5,337.71,278.27,517.94,0,,,,,,,27,,177166546,,550,,
2,0,0,0,0,0,0,0,0,0,0,0,0,0,0,26.6,0,0,66.75,0,58.82,91.47,79.37,95.74,30.45,146.22,92.93,55.17,99.08,99.6,138.82,126.72,129.33,144.56,183.25,175.01,149.67,180.75,175.43,194.93,149.98,174.91,189.82,169.59,193.26,278.27,332.5,277.01,349.19,216.83,244.47,225.07,219.75,219.34,224.55,255.01,203.07,258.03,275.03,184.19,184.4,243.95,263.77,275.87,225.18,187.21,204.32,453.48,364.21,225.91,262.93,225.7,289.95,280.04,276.91,233,371.09,258.66,297.35,311.85,455.57,339.7,427.83,219.13,373.18,413.54,469.13,400.4,350.33,329.06,254.8,411.24,335.73,561.33,507.61,332.29,429.5,482.27,478.2,371.72,422.2,336.15,256.26,415.62,526.6,336.98,381.52,464.96,630.58,505.53,435.75,575.93,493.64,476.53,860.66,519.5,569.57,637.67,574.05,466.1,470.8,602.42,672.3,480.18,480.08,378.49,409.26,426.78,549.13,821.34,349.08,364.21,428.24,444.41,377.14,383.29,563.1,441.28,863.69,582.29,854.51,708.28,542.35,530.98,496.77,473.09,473.09,481.64,493.43,563.41,606.28,503.44,469.44,502.4,584.79,575.72,572.9,625.89,550.69,704.74,1042.87,958.07,600.86,500.11,485.19,1006.57,1055.7,806.84,687.11,655.72,562.48,662.7,652.48,659.05,548.19,934.61,775.45,921.57,624.32,630.06,476.64,613.58,524.09,663.23,728.52,656.55,708.6,672.3,658.01,592.3,882.04,797.04,532.12,651.44,930.85,1114.62,1132.77,1234.46,772.63,831.67,457.24,637.46,578.22,544.54,749.06,871.82,479.14,1046,802.67,698.37,733.84,824.26,783.17,665,515.96,724.66,796.73,839.38,656.03,530.25,584.17,558.93,485.82,0,0,0,34.11,17.63,80.52,71.97,80.73,39.74,122.86,95.12,149.67,143.62,63.62,96.79,0,0,0,0,0,0,0,78.12,137.36,221.63,201.4,251.88,252.71,369.11,340.95,341.26,258.03,325.2,0,0,0,0,0,122.76,126.41,191.8,190.55,331.14,278.27,512.41,0,,,,,,,28,,173648830,,548,,
2,0,0,0,0,0,0,0,0,0,0,0,0,0,0,26.6,0,0,58.41,0,0,71.03,79.37,84.48,22.01,133.71,92.93,55.17,67.79,93.14,118.48,126.72,116.6,133.19,183.25,162.39,125.05,158.43,175.43,182.52,141.32,174.91,181.37,166.98,193.26,267.21,299.65,263.14,339.07,209.85,233.63,209.53,208.8,206.51,216.94,255.01,195.14,246.14,262.31,176.26,184.4,243.95,254.17,271.59,214.33,187.21,199.52,435.13,352.84,219.96,255.32,212.66,285.15,280.04,276.91,233,363.16,255.74,297.35,296.2,439.3,330.31,409.16,211.1,367.65,397.79,440.55,386.63,345.85,322.7,252.4,398.31,329.06,552.36,488.63,332.29,429.5,476.01,478.2,365.67,422.2,330.31,249.9,409.37,522.95,324.57,362.12,450.88,623.7,498.75,428.77,569.57,489.15,461.62,846.79,519.5,569.57,618.38,566.13,466.1,463.6,594.29,672.3,472.47,480.08,367.96,390.07,426.78,541.93,808.83,342.41,364.21,428.24,444.41,354.51,372.34,554.55,441.28,860.56,566.54,847,691.49,542.35,524.09,470.69,464.02,466.31,476.01,493.43,563.41,606.28,499.79,469.44,495.1,584.79,569.15,567.59,625.89,543.81,693.89,1033.17,943.68,588.45,497.6,478.83,990.51,1055.7,788.8,679.29,655.72,559.35,662.7,651.13,641.01,541.82,928.14,756.89,915.1,617.54,624.22,464.64,602.21,511.16,649.04,718.5,628.18,706.41,663.33,658.01,579.48,874.74,797.04,532.12,642.47,923.45,1073.11,1118.8,1230.5,754.07,818,455.99,637.46,566.65,531.29,733.52,865.04,472.68,1028.79,788.7,698.37,725.28,818.63,783.17,659.99,512.83,724.66,780.35,821.03,644.45,530.25,574.68,558.93,485.82,0,0,0,0,0,64.46,51,69.88,39.74,109.3,82.6,106.07,116.6,57.57,96.79,0,0,0,0,0,0,0,0,81.56,212.87,198.06,241.66,252.71,361.7,333.54,335.84,258.03,325.2,0,0,0,0,0,8.66,126.41,191.8,190.55,325.72,263.87,508.03,0,,,,,,,29,,170042672,,546,,
2,0,0,0,0,0,0,0,0,0,0,0,0,0,0,26.6,0,0,16.79,0,0,53.82,61.64,75.62,0,119.32,19.82,55.17,30.77,93.14,101.69,126.72,116.6,124.53,158.22,145.7,125.05,152.69,175.43,174.28,141.32,158.22,158.01,147.89,179.81,257.09,275.97,250.52,318.84,201.5,220.38,206.82,208.8,199.62,216.94,241.87,195.14,246.14,232.06,168.75,178.87,234.36,242.07,271.59,214.33,187.21,199.52,422.4,352.84,218.82,246.14,195.97,281.08,259.7,265.85,229.25,358.57,248.75,283.06,296.2,439.3,330.31,397.89,200.67,346.48,397.79,424.8,379.64,337.4,319.15,252.4,398.31,313.73,538.7,469.34,324.68,414.16,476.01,465.27,365.67,404.15,321.97,247.18,409.37,512.1,314.98,362.12,450.88,605.13,479.35,421.78,563.94,477.06,461.62,837.4,488.74,562.16,594.18,558.82,449.21,452.44,581.04,672.3,461.93,468.09,367.96,390.07,412.08,541.93,808.83,338.86,357.32,418.96,432.73,354.51,363.79,548.92,420.42,846.69,561.12,839.18,690.03,542.35,518.15,470.69,459.74,463.39,464.85,486.44,552.05,590.53,499.79,456.4,489.57,575.3,555.9,559.97,606.18,543.81,663.75,1023.57,933.36,588.45,490.51,478.83,980.92,1050.48,788.8,661.45,655.72,546.41,657.07,637.99,641.01,541.82,913.33,756.89,898.21,608.05,617.23,464.64,602.21,511.16,641.32,709.01,628.18,702.96,652.07,655.2,579.48,867.13,787.65,532.12,636.63,913.64,1056.22,1113.06,1212.87,754.07,809.76,447.33,631.94,566.65,522.01,733.52,844.7,472.68,1028.79,788.7,694.1,709.43,813.21,783.17,655.72,512.83,724.66,780.35,821.03,631.31,524.82,565.29,550.69,485.82,0,0,0,0,0,0,25.45,56.63,24.2,53.4,60.18,68.94,52.98,50.79,81.04,0,0,0,0,0,0,0,0,46.83,200.77,190.03,241.66,244.68,346.58,333.54,335.84,244.89,325.2,0,0,0,0,0,0,116.4,172.61,190.55,325.72,263.87,498.23,0,,,,,,,30,,166699098,,544,,
2,0,0,0,0,0,0,0,0,0,0,0,0,0,0,18.46,0,0,0,0,0,45.68,50.17,58.93,0,106.7,0,55.17,12.1,93.14,85.32,49.75,108.16,107.84,133.08,104.09,117.54,133.19,159.47,174.28,131.73,151.65,158.01,147.89,179.81,244.68,268.57,233.1,278.47,194.31,207.86,203.48,202.65,174.7,207.86,238.21,191.8,230.71,219.13,168.75,176.47,231.23,228.83,264.39,214.33,182,194.31,399.15,271.28,212.77,239.57,187.53,251.67,240.61,253.23,227.06,339.8,248.75,283.06,296.2,427.83,329.16,383.92,191.91,338.24,391.95,412.18,360.24,331.04,304.65,243.95,378.49,307.89,534.94,439.2,324.68,414.16,468.92,465.27,365.67,391.74,314.56,247.18,395.08,499.48,314.98,338.13,440.24,592.72,468.29,416.25,557.47,469.23,461.62,827.39,485.82,547.98,582.08,558.82,449.21,447.44,576.76,652.48,440.24,468.09,361.49,381.21,412.08,530.98,799.75,336.67,341.26,402.9,425.74,354.51,360.87,541.82,420.42,845.85,548.5,831.35,682.42,528.79,505.22,457.03,459.74,451.29,464.85,466.21,552.05,584.9,486.86,451.29,482.27,572.07,528.89,553.71,606.18,540.26,655.3,1013.77,933.36,579.89,490.51,478.83,970.49,1038.91,775.24,661.45,644.14,534.21,650.4,630.69,641.01,535.25,900.92,743.22,885.59,586.46,610.97,451.92,602.21,507.09,636.42,709.01,628.18,682.83,646.12,655.2,579.48,861.39,781.19,514.92,636.63,894.77,1047.56,1093.56,1206.09,746.25,809.76,447.33,619.84,566.65,522.01,726.53,844.7,465.69,1026.08,786.92,685.23,696.29,804.03,776.28,641.74,512.83,715.27,774.93,799.44,631.31,519.09,558.51,550.69,485.82,0,0,0,0,0,0,0,0,20.03,18.98,26.49,39.32,37.86,38.59,59.35,0,0,0,0,0,0,0,0,0,200.77,190.03,231.12,244.68,341.57,326.03,322.9,244.89,310.39,0,0,0,0,0,0,111.08,172.61,178.56,301.21,263.87,493.22,0,,,,,,,31,,163212566,,542,,
2,0,0,0,0,0,0,0,0,0,0,0,0,0,0,0,0,0,0,0,0,20.76,13.25,17,0,61.64,0,55.17,0,65.29,26.8,16.27,99.92,91.57,110.03,70.71,80.41,133.19,142.78,156.65,111.7,142.37,150.29,130.58,167.61,228.52,255.53,224.55,272.53,184.19,195.56,190.86,193.89,169.27,206.09,226.01,186.17,218.19,206.09,164.16,171.05,221.84,219.86,250.94,202.55,182,192.85,331.14,238.21,206.3,239.57,184.61,233.94,227.99,247.81,227.06,339.8,240.61,283.06,281.29,427.83,329.16,383.92,191.91,322.49,387.05,400.81,360.24,307.89,304.65,243.95,370.26,307.89,528.79,420.94,316.23,400.19,468.92,459.53,358.89,375.16,309.03,247.18,395.08,493.74,308.82,330.83,435.75,582.08,452.96,409.37,540.68,469.23,450.46,816.23,485.82,547.98,566.54,548.71,441.07,439.2,565.4,652.48,440.24,453.59,358.26,381.21,404.15,530.98,794.64,330.31,341.26,402.9,425.74,351.17,360.87,536.3,408.01,809.66,543.81,819.57,656.66,528.79,499.38,443.89,451.61,444.41,445.77,466.21,544.95,584.9,482.69,446.91,477.06,562.58,518.25,550.69,586.57,540.26,646.23,1004.17,915.94,572.8,485.19,467.98,945.35,1010.54,775.24,647.27,644.14,534.21,640.49,625.26,622.13,525.24,888.3,743.22,864.42,575.72,596.68,445.56,591.68,501.46,636.42,685.96,617.75,682.83,636.32,645.29,574.89,850.23,771.8,514.92,626.2,879.33,1024.41,1002.61,1201.82,746.25,798.6,447.33,612.96,566.65,516.38,715.27,837.82,465.69,1006.68,774.82,685.23,691.07,804.03,776.28,633.71,512.83,704.53,769.4,799.44,618.38,519.09,547.66,550.69,485.82,0,0,0,0,0,0,0,0,0,0,12.1,0,16.17,32.23,21.49,0,0,0,0,0,0,0,0,0,193.37,183.77,224.97,234.04,341.57,321.34,322.9,244.89,310.39,0,0,0,0,0,0,111.08,172.61,178.56,295.47,256.05,493.22,0,,,,,,,32,,159529130,,540,,
2,0,0,0,0,0,0,0,0,0,0,0,0,0,0,0,0,0,0,0,0,0,0,0,0,18.56,0,37.86,0,57.68,0,0,40.99,16.48,52.04,45.79,68.63,101.27,142.78,151.44,111.7,142.37,150.29,130.58,158.11,179.6,245.83,194.31,235.19,175.85,168.75,178.35,188.99,143.72,200.46,217.25,180.43,193.47,199.42,152.07,171.05,211.2,219.86,245.41,202.55,176.58,185.23,322.8,205.57,206.3,229.77,178.77,216.52,202.23,236.02,222.36,321.55,237.69,283.06,281.29,418.13,321.13,225.6,191.91,319.78,379.95,378.39,340.84,307.89,296.1,243.95,356.38,307.89,512.41,406.55,312.06,391.95,462.77,447.02,344.81,362.54,300.38,247.18,385.07,493.74,303.4,311.12,428.97,569.46,440.97,396.43,521.8,456.82,450.46,799.75,485.82,527.01,525.76,532.12,436.8,433.36,565.4,652.48,419.38,453.59,350.65,381.21,401.44,523.89,794.64,324.47,341.26,385.69,407.49,347.41,360.87,526.6,408.01,809.66,514.92,810.49,648.1,516.69,489.36,443.89,439.93,444.41,445.77,457.03,529.2,579.27,482.69,446.91,459.01,562.58,509.07,541.82,573.01,533.38,633.81,995.62,915.94,561.43,472.99,467.98,924.07,994.79,763.25,644.45,638.3,523.26,640.49,621.72,622.13,525.24,882.67,734.98,854.51,569.15,596.68,441.39,580.62,498.44,616.29,685.96,608.99,677.2,626.2,627.77,574.89,844.91,762.31,508.87,626.2,875.78,1005.63,1002.61,1182.84,741.97,791.3,447.33,612.96,561.12,505.01,712.45,818.94,455.26,1006.68,774.82,676.05,684.4,800.48,776.28,628.29,494.37,699.21,747.29,794.64,618.38,512.31,539.63,545.89,485.82,0,0,0,0,0,0,0,0,0,0,0,0,0,0,0,0,0,0,0,0,0,0,0,0,193.37,174.18,216.83,227.68,327.49,316.13,314.98,241.87,302.25,0,0,0,0,0,0,111.08,163.12,178.56,295.47,248.12,476.43,0,,,,,,,33,,155692756,,538,,
2,0,0,0,0,0,0,0,0,0,0,0,0,0,0,0,0,0,0,0,0,0,0,0,0,0,0,37.86,0,15.85,0,0,0,0,52.04,0,26.8,101.27,126.41,136.21,111.7,127.45,132.67,112.43,145.6,125.37,239.26,164.27,75.93,173.65,160.1,138.92,138.92,119.21,176.05,148.42,170.63,137.57,184.19,144.24,162.7,211.2,209.01,224.76,202.55,176.58,177.93,218.09,179.7,198.58,221.21,165,177.41,170.94,229.35,222.36,309.03,235.09,276.7,270.44,402.48,321.13,225.6,191.91,294.22,373.49,364.73,332.6,307.89,296.1,243.95,350.86,297.77,500.21,395.6,312.06,379.75,462.77,441.18,321.03,362.54,291.09,244.16,385.07,476.74,303.4,306.84,428.97,528.06,409.89,388.4,505.32,456.82,442.43,785.05,476.53,527.01,487.49,525.35,416.35,423.55,548.5,637.15,396.12,446.29,344.08,358.99,401.44,523.89,786.92,324.47,334.06,385.69,407.49,342.72,341.99,518.98,401.34,753.86,499.38,800.9,642.26,512.2,472.57,443.89,439.93,436.17,438.88,454.32,529.2,570.82,471.22,439.61,451.71,562.58,502.19,541.82,544.54,527.64,603.26,988.22,894.66,551.52,458.39,467.98,907.7,983.52,748.12,638.2,638.3,515.12,640.49,614.73,614.94,517.63,866.19,726.74,839.28,556.11,591.26,429.6,580.62,498.44,616.29,659.89,608.99,677.2,616.29,627.77,553.61,837.72,762.31,498.44,620.57,857.85,981.75,919.9,1182.84,741.97,785.25,447.33,607.84,561.12,505.01,712.45,818.94,455.26,989.57,774.82,676.05,660.1,797.87,776.28,628.29,494.37,699.21,747.29,776.7,612.64,507.09,539.63,545.89,485.82,0,0,0,0,0,0,0,0,0,0,0,0,0,0,0,0,0,0,0,0,0,0,0,0,168.13,163.12,208.18,223.51,327.49,316.13,307.47,235.92,302.25,0,0,0,0,0,0,104.82,163.12,173.13,289.74,240.82,476.43,0,,,,,,,34,,151531290,,536,,
2,0,0,0,0,0,0,0,0,0,0,0,0,0,0,0,0,0,0,0,0,0,0,0,0,0,0,37.86,0,0,0,0,0,0,0,0,0,101.27,84.79,86.46,91.57,117.02,132.67,112.43,130.68,44.64,208.59,141.32,44.22,65.08,113.27,89.7,73.22,100.65,119.63,108.47,157.91,98.87,168.13,138.4,159.89,159.78,204.32,195.66,135.38,164.79,165.21,194.1,146.12,192.43,189.51,155.61,138.3,145.6,195.66,222.36,237.69,202.55,245.41,259.6,402.48,317.48,220.38,191.91,284,368.27,350.33,307.89,294.95,281.92,231.23,332.08,285.67,488.63,377.35,303.71,366.81,462.77,441.18,296.41,344.29,283.58,241.03,376.51,464.12,298.19,281.5,413.12,514.08,386.94,380.16,478.72,450.88,437.32,779.52,397.27,521.17,471.95,507.51,416.35,413.85,548.5,637.15,384.44,446.29,344.08,358.99,388.61,523.89,770.76,304.86,324.36,377.45,396.12,342.72,341.99,516.69,387.88,736.13,484.15,794.22,631.73,498.54,465.69,428.87,433.15,436.17,429.18,435.23,514.5,570.82,471.22,439.61,426.78,553.19,494.79,522.43,544.54,527.43,585.84,988.22,876.31,542.97,431.27,467.98,901.96,970.69,738.84,625.37,631.1,505.63,640.49,609.62,609.51,517.63,850.65,722.68,817.17,543.49,578.64,419.07,580.62,494.26,616.29,648.73,583.54,668.96,608.99,619.94,553.61,825.3,749.27,498.44,614.52,851.8,970.17,904.99,1154.05,725.28,779.41,441.59,596.37,561.12,505.01,705.36,798.08,455.26,989.57,768.36,666.25,652.48,797.87,773.99,621.51,494.37,699.21,737.07,769.51,602.63,500.31,539.63,539.95,485.82,0,0,0,0,0,0,0,0,0,0,0,0,0,0,0,0,0,0,0,0,0,0,0,0,92.82,161.24,208.18,223.51,322.17,309.14,307.47,235.92,296.52,0,0,0,0,0,0,104.82,155.4,173.13,276.7,240.82,458.39,0,,,,,,,35,,146807848,,534,,
2,0,0,0,0,0,0,0,0,0,0,0,0,0,0,0,0,0,0,0,0,0,0,0,0,0,0,37.86,0,0,0,0,0,0,0,0,0,23.78,59.66,16.58,91.57,117.02,54.76,104.61,114.83,8.03,195.56,113.16,17.1,0,26.18,54.44,51.31,67.9,61.64,76.24,53.4,70.09,29.52,131.94,149.56,69.15,204.32,138.51,89.7,119.73,120.88,168.96,131.83,190.03,82.5,149.04,109.09,115.87,195.66,194.62,12.72,130.68,212.14,255.01,289.95,317.48,214.64,191.91,274.72,362.85,330.31,288.49,294.95,281.92,231.23,322.49,281.5,488.63,362.22,293.6,354.92,462.77,429.18,277.43,331.77,278.47,241.03,369.63,449.94,298.19,281.5,413.12,501.57,368.48,366.08,455.78,439.51,432,772.95,397.27,515.02,471.95,507.51,402.07,407.18,534,625.68,384.44,440.86,334.27,358.99,379.02,516.58,770.76,304.86,324.36,377.45,396.12,324.99,338.76,516.69,384.44,729.46,458.91,781.08,608.26,498.54,457.24,428.87,433.15,436.17,424.8,435.23,514.5,563.83,457.45,439.61,416.25,553.19,494.79,516.06,521.28,523.47,585.84,975.7,856.18,535.88,412.39,459.74,891.74,955.36,729.46,612.75,612.54,501.36,630.69,598.35,602.84,517.63,840.43,722.68,804.86,537.65,571.86,416.25,568.42,487.8,594.49,648.73,583.54,668.96,598.25,619.94,553.61,815.6,749.27,490.72,609.62,847,963.71,879.33,1154.05,725.28,772.74,435.96,596.37,556.53,484.77,700.25,787.44,449.83,979.56,768.36,631.42,625.47,786.3,773.99,621.51,488.22,685.44,737.07,750.73,602.63,492.7,527.33,539.95,485.82,0,0,0,0,0,0,0,0,0,0,0,0,0,0,0,0,0,0,0,0,0,0,0,0,0,152.38,200.88,216.31,314.25,302.57,300.48,226.33,280.66,0,0,0,0,0,0,98.77,149.46,169.38,276.7,234.25,458.39,0,,,,,,,36,,141584724,,532,,
2,0,0,0,0,0,0,0,0,0,0,0,0,0,0,0,0,0,0,0,0,0,0,0,0,0,0,37.86,0,0,0,0,0,0,0,0,0,0,34.31,0,91.57,20.03,0,30.25,43.8,0,110.87,49.75,12.2,0,0,35.88,30.77,39.53,0,39.95,0,43.8,10.64,69.67,75.3,0,150.19,117.23,36.92,74.57,95.54,126.41,100.02,188.26,56.01,124.32,86.78,110.24,195.66,162.91,0,101.79,195.14,225.6,289.95,305.49,214.64,191.91,266.69,342.3,307.89,285.67,294.95,270.23,220.9,322.49,267,474.55,347.94,293.6,343.24,447.54,423.03,253.55,323.43,268.77,241.03,364.83,449.94,295.79,268.67,399.77,471.01,346.27,366.08,455.78,431.37,432,763.87,360.03,504.28,455.67,498.33,394.77,399.35,528.37,625.68,365.56,423.55,328.01,352,373.07,511.16,763.87,304.86,316.44,355.24,396.12,324.99,338.76,503.23,376.3,713.18,447.54,771.38,599.61,488.22,446.08,423.55,433.15,433.36,424.8,428.24,514.5,556.74,457.45,432.42,416.25,553.19,487.49,516.06,511.89,519.3,580.31,975.7,856.18,523.05,396.96,459.74,881.94,932.52,724.14,607.64,600.23,493.22,625.05,598.35,598.67,505.74,822.7,708.39,798.08,525.35,567.38,400.5,568.42,487.8,588.55,632.67,574.89,660.93,592.2,607.32,548.19,803.19,741.55,480.08,602.84,847,960.06,873.8,1137.67,725.28,750.52,435.96,585.42,556.53,484.77,700.25,750.84,439.93,969.44,768.36,616.4,612.54,782.96,760.12,613.37,488.22,679.71,726.01,750.73,584.48,492.7,527.33,532.75,485.82,0,0,0,0,0,0,0,0,0,0,0,0,0,0,0,0,0,0,0,0,0,0,0,0,0,142.05,189.82,206.09,301.63,302.57,294.74,221.01,274.93,0,0,0,0,0,0,94.7,149.46,162.5,276.7,228.1,446.18,0,,,,,,,37,,137104112,,530,,
2,0,0,0,0,0,0,0,0,0,0,0,0,0,0,0,0,0,0,0,0,0,0,0,0,0,0,37.86,0,0,0,0,0,0,0,0,0,0,0,0,16.58,0,0,11.79,0,0,66.33,0,0,0,0,17.73,22.32,18.98,0,0,0,0,0,0,0,0,0,62.37,0,50.48,45.47,63.31,84.69,165.73,39.53,0,23.36,78.54,195.66,122.86,0,75.2,188.26,190.86,226.53,305.49,214.64,188.36,242.28,342.3,301.21,276.18,288.59,265.02,200.04,319.78,267,474.55,331.14,285.15,329.68,447.54,423.03,238.53,315.92,257.41,237.9,364.83,408.12,292.24,261.79,389.13,460.79,324.57,353.15,435.96,431.37,419.9,754.17,360.03,500.52,442.43,488.11,383.4,392.37,528.37,620.46,362.22,423.55,328.01,352,373.07,511.16,751.36,292.24,316.44,348.87,376.41,321.34,320.19,503.23,376.3,705.15,432.42,754.8,589.49,481.75,440.55,412.08,433.15,433.36,411.66,425.53,503.23,556.74,457.45,432.42,400.5,541.2,487.49,499.48,483.42,519.3,580.31,968.71,841.89,523.05,383.61,459.74,874.12,920.32,708.28,597.1,600.23,486.44,625.05,586.15,598.67,505.74,813.94,708.39,758.76,512.93,567.38,400.5,563.52,478.62,588.55,624.43,565.5,648.42,566.33,598.04,546.2,803.19,724.03,480.08,602.84,836.99,948.27,858.78,1125.47,725.28,740.3,426.89,585.42,533.17,484.77,687.63,734.15,439.93,969.44,758.24,597.83,592.41,777.33,760.12,594.39,488.22,679.71,726.01,731.85,577.08,492.7,520.96,532.75,485.82,0,0,0,0,0,0,0,0,0,0,0,0,0,0,0,0,0,0,0,0,0,0,0,0,0,135.8,189.82,200.15,301.63,294.01,287.86,221.01,274.93,0,0,0,0,0,0,94.7,143.62,162.5,263.66,228.1,439.72,0,,,,,,,38,,132842718,,528,,
2,0,0,0,0,0,0,0,0,0,0,0,0,0,0,0,0,0,0,0,0,0,0,0,0,0,0,37.86,0,0,0,0,0,0,0,0,0,0,0,0,0,0,0,0,0,0,24.51,0,0,0,0,0,0,0,0,0,0,0,0,0,0,0,0,0,0,29.93,29.52,0,50.27,32.02,20.65,0,0,51.11,0,71.97,0,57.68,169.38,164.69,206.51,303.09,195.87,184.08,242.28,333.02,265.85,258.14,279.31,252.3,200.04,313.2,248.85,452.13,318.63,285.15,307.05,447.54,416.46,225.28,311.64,257.41,237.9,356.28,385.69,292.24,249.06,389.13,441.39,320.4,338.44,423.34,415.1,412.29,741.14,350.54,494.68,420.63,477.16,371.82,375.89,517.11,605.86,359.51,413.96,322.59,343.87,356.7,501.46,751.36,292.24,316.44,348.87,376.41,321.34,320.19,496.46,350.44,689.61,413.23,754.8,571.13,469.13,433.46,412.08,424.07,428.56,409.89,415.31,503.23,551.11,445.98,426.68,400.5,538.28,481.23,499.48,462.25,504.8,567.27,957.97,835.42,510.22,383.61,459.74,867.23,885.59,701.5,597.1,590.01,480.5,607.22,578.33,586.57,505.74,806.74,701.92,749.38,507.41,550.59,400.5,549.65,478.62,570.51,624.43,559.66,648.42,556.95,586.46,546.2,787.65,724.03,474.03,602.84,826.03,938.68,851.9,1118.69,703.17,727.16,426.89,578.85,527.85,471.53,682.83,697.44,439.93,949.84,758.24,585.11,581.56,767.63,760.12,575.1,488.22,661.04,716,731.85,577.08,487.69,520.96,532.75,485.82,0,0,0,0,0,0,0,0,0,0,0,0,0,0,0,0,0,0,0,0,0,0,0,0,0,106.07,180.64,194.1,285.15,291.41,287.86,221.01,268.77,0,0,0,0,0,0,94.7,143.62,154.36,263.66,220.69,433.98,0,,,,,,,39,,129156916,,526,,
2,0,0,0,0,0,0,0,0,0,0,0,0,0,0,0,0,0,0,0,0,0,0,0,0,0,0,0,0,0,0,0,0,0,0,0,0,0,0,0,0,0,0,0,0,0,0,0,0,0,0,0,0,0,0,0,0,0,0,0,0,0,0,0,0,13.25,20.76,0,32.23,0,0,0,0,31.81,0,27.22,0,39.42,151.96,152.27,150.29,295.58,195.87,184.08,229.45,327.28,238.74,250.94,275.34,240.61,196.6,302.15,248.85,452.13,311.54,279.52,307.05,447.54,416.46,216,300.48,235.5,232.9,348.25,380.16,292.24,237.69,381.21,435.75,317.69,338.44,409.58,408.64,412.29,731.12,350.54,484.36,408.01,477.16,369,373.07,506.68,605.86,350.13,406.97,322.59,343.87,356.7,491.55,744.37,280.35,313.1,337.61,369.53,316.13,317.27,460.68,350.44,678.04,400.5,734.98,558.41,469.13,412.39,406.76,411.24,428.56,394.97,408.43,494.58,536.3,445.98,426.68,393.72,538.28,481.23,487.38,442.12,504.8,554.55,950.98,835.42,505.95,368.59,452.55,834.48,852.11,696.08,584.79,581.25,474.24,594.49,572.17,586.57,502.61,801.11,695.98,739.78,489.05,550.59,387.67,542.45,474.14,570.51,612.43,544.43,648.42,549.02,580.41,540.05,787.65,707.03,474.03,591.99,826.03,914.27,839.28,1105.03,703.17,721.32,426.89,578.85,519.09,471.53,682.83,676.68,437.42,948.48,758.24,585.11,571.97,767.63,735.4,525.66,488.22,661.04,707.55,699.94,558.82,487.69,520.96,517.31,485.82,0,0,0,0,0,0,0,0,0,0,0,0,0,0,0,0,0,0,0,0,0,0,0,0,0,101.38,173.34,185.34,285.15,288.38,278.06,217.56,257.41,0,0,0,0,0,0,82.39,138.51,154.36,251.36,210.26,427.62,0,,,,,,,40,,126630406,,524,,
2,0,0,0,0,0,0,0,0,0,0,0,0,0,0,0,0,0,0,0,0,0,0,0,0,0,0,0,0,0,0,0,0,0,0,0,0,0,0,0,0,0,0,0,0,0,0,0,0,0,0,0,0,0,0,0,0,0,0,0,0,0,0,0,0,0,0,0,0,0,0,0,0,21.69,0,0,0,27.01,127.03,125.57,124.74,279.62,195.87,184.08,229.45,310.08,208.07,250.94,267.11,231.64,190.03,295.47,242.28,431.9,304.65,279.52,307.05,447.54,409.26,209.43,293.18,235.5,230.71,331.25,374.64,288.07,237.69,364.94,416.35,317.69,327.6,395.29,399.15,400.08,728.52,350.54,478.62,388.51,463.08,360.76,366.19,495.52,600.75,347.41,401.34,306.84,331.77,349.08,484.88,735.92,280.35,306.95,337.61,369.53,311.85,317.27,460.68,350.44,662.39,388.51,723.41,556.01,451.92,406.86,406.76,411.24,428.56,384.23,408.43,494.58,530.04,425.95,420.74,387.99,526.39,481.23,480.08,430.43,504.8,549.54,950.98,817.59,500.42,368.59,452.55,823.32,829.68,679.6,575.72,576.87,474.24,584.79,556.84,582.29,502.61,782.23,690.87,722.57,489.05,547.35,387.67,542.45,464.64,570.51,594.49,544.43,631.52,532.12,561.54,527.43,764.5,700.77,466.52,587.61,826.03,908.85,826.66,1105.03,693.16,702.34,417.29,570.3,512.2,462.45,673.03,672.82,437.42,938.05,732.69,579.89,565.19,753.13,730.08,525.66,484.15,654.57,707.55,693.58,547.25,481.96,501.88,517.31,485.82,0,0,0,0,0,0,0,0,0,0,0,0,0,0,0,0,0,0,0,0,0,0,0,0,0,98.35,173.34,185.34,285.15,282.02,271.59,217.56,257.41,0,0,0,0,0,0,82.39,126.62,154.36,251.36,210.26,427.62,0,,,,,,,41,,124327750,,522,,
2,0,0,0,0,0,0,0,0,0,0,0,0,0,0,0,0,0,0,0,0,0,0,0,0,0,0,0,0,0,0,0,0,0,0,0,0,0,0,0,0,0,0,0,0,0,0,0,0,0,0,0,0,0,0,0,0,0,0,0,0,0,0,0,0,0,0,0,0,0,0,0,0,0,0,0,0,27.01,100.96,114.1,101.17,261.79,195.87,184.08,229.45,299.33,185.23,228.41,267.11,231.64,190.03,287.23,235.09,416.04,294.74,274.82,299.75,432.94,400.92,195.97,286.3,229.14,230.71,331.25,356.38,288.07,214.75,351.69,395.91,294.64,321.24,385.38,386,391.95,699.63,341.16,478.62,381.62,460.47,350.86,356.49,481.23,593.45,347.41,394.66,306.84,326.55,343.66,472.05,726.01,272.74,306.95,320.4,362.85,311.85,305.49,434.5,341.89,657.18,388.51,723.41,553.4,451.92,401.23,398.42,411.24,421.78,374.64,393.72,489.36,524.51,420.21,407.91,381.21,526.39,473.61,462.66,405.92,502.82,549.54,945.35,817.59,491.97,368.59,452.55,807.89,820.82,665.73,570.19,569.88,470.59,572.17,554.13,571.03,502.61,775.87,690.87,713.08,485.71,527.33,387.67,542.45,450.36,554.55,594.49,520.96,631.52,520.34,542.87,527.43,758.14,674.28,455.15,587.61,818.84,896.02,815.6,1090.95,693.16,702.34,417.29,570.3,506.99,457.87,667.61,672.82,437.42,938.05,732.69,572.8,553.51,753.13,720.38,525.66,484.15,654.57,698.79,650.5,547.25,481.96,501.88,517.31,485.82,0,0,0,0,0,0,0,0,0,0,0,0,0,0,0,0,0,0,0,0,0,0,0,0,0,86.15,162.5,169.59,264.71,265.54,271.59,207.86,248.02,0,0,0,0,0,0,63.31,126.62,148.21,251.36,210.26,411.77,0,,,,,,,42,,122115498,,520,,
2,0,0,0,0,0,0,0,0,0,0,0,0,0,0,0,0,0,0,0,0,0,0,0,0,0,0,0,0,0,0,0,0,0,0,0,0,0,0,0,0,0,0,0,0,0,0,0,0,0,0,0,0,0,0,0,0,0,0,0,0,0,0,0,0,0,0,0,0,0,0,0,0,0,0,0,0,15.44,74.99,100.86,82.5,250,177.31,184.08,229.45,276.91,150.29,219.86,257.09,225.07,190.03,287.23,229.98,387.67,282.02,267.84,299.75,432.94,392.05,195.97,280.66,229.14,225.18,327.08,350.23,288.07,207.13,351.69,381.94,294.64,313.1,363.37,376.72,376.41,677.83,341.16,471.42,374.64,446.5,345.75,344.08,475.7,583.96,329.27,389.03,306.84,319.88,331.46,455.05,723.2,272.74,297.04,320.4,343.35,300.48,305.49,429.91,341.89,636.84,367.96,687.84,543.7,451.92,391.64,376.51,407.59,417.19,366.92,393.72,479.45,514.5,401.86,407.91,369.53,522.22,473.61,457.03,399.56,502.82,537.03,945.35,799.86,486.23,362.33,452.55,791.2,804.55,662.18,570.19,559.03,470.59,572.17,550.48,571.03,502.61,775.87,680.96,694.83,479.98,527.33,378.08,529,450.36,554.55,573.95,515.33,625.05,513.66,542.87,523.05,742.39,671.57,447.54,587.61,798.08,868.48,798.4,1090.95,689.4,679.5,411.35,570.3,506.99,457.87,667.61,666.46,437.42,931.37,732.69,572.8,546.73,725.7,710.99,510.12,478.1,654.57,686.28,625.99,534.63,481.96,501.88,512.1,485.82,0,0,0,0,0,0,0,0,0,0,0,0,0,0,0,0,0,0,0,0,0,0,0,0,0,86.15,155.92,163.85,264.71,260.01,265.75,199.21,248.02,0,0,0,0,0,0,52.57,122.45,145.18,240.82,207.55,411.77,0,,,,,,,43,,119963082,,518,,
2,0,0,0,0,0,0,0,0,0,0,0,0,0,0,0,0,0,0,0,0,0,0,0,0,0,0,0,0,0,0,0,0,0,0,0,0,0,0,0,0,0,0,0,0,0,0,0,0,0,0,0,0,0,0,0,0,0,0,0,0,0,0,0,0,0,0,0,0,0,0,0,0,0,0,0,0,0,51.84,78.85,54.86,220.17,177.31,184.08,223.3,264.6,116.5,219.86,251.25,222.47,190.03,269.71,229.98,375.47,273.47,265.23,260.64,432.94,392.05,187.84,275.34,220.28,225.18,323.63,338.13,281.08,207.13,346.79,359.93,294.64,295.79,351.06,376.72,368.27,640.49,331.67,449,363.37,439.72,331.14,341.26,468.92,583.96,323.84,372.86,301,313.31,328.75,437.53,704.95,267.52,288.38,320.4,343.35,296.41,300.69,418.96,335.84,612.75,367.96,687.84,543.7,451.92,378.81,363.06,386.73,417.19,361.29,382.56,479.45,493.22,401.86,407.91,369.53,513.87,465.17,444.31,392.16,492.7,503.96,935.44,799.86,473.41,362.33,445.14,778.58,791.2,644.77,557.26,547.35,470.59,563.21,542.45,571.03,502.61,767.52,680.96,675.95,471.01,518.15,375.68,529,450.36,549.13,573.95,506.68,625.05,494.99,515.85,515.23,738.74,664.27,447.54,577.29,785.15,851.69,790.05,1072.8,687.21,671.78,407.91,563.41,506.99,445.77,646.96,666.46,437.42,922.72,713.18,572.8,531.29,719.34,701.5,510.12,478.1,650.5,664.69,616.92,534.63,476.53,495.72,496.66,485.82,0,0,0,0,0,0,0,0,0,0,0,0,0,0,0,0,0,0,0,0,0,0,0,0,0,76.97,149.46,162.39,259.91,252.82,260.01,199.21,238.63,0,0,0,0,0,0,17.94,120.05,145.18,240.82,200.98,403.32,0,,,,,,,44,,117576342,,516,,
2,0,0,0,0,0,0,0,0,0,0,0,0,0,0,0,0,0,0,0,0,0,0,0,0,0,0,0,0,0,0,0,0,0,0,0,0,0,0,0,0,0,0,0,0,0,0,0,0,0,0,0,0,0,0,0,0,0,0,0,0,0,0,0,0,0,0,0,0,0,0,0,0,0,0,0,0,0,33.06,47.98,37.13,200.36,168.44,184.08,219.44,237.8,38.17,206.93,237.8,215.9,179.7,258.76,218.4,346.37,262.31,265.23,247.71,432.94,378.39,184.29,264.71,205.78,225.18,323.63,316.65,281.08,194.1,334.69,348.35,275.87,292.87,344.81,363.58,368.27,594.91,331.67,435.02,356.38,428.04,325.51,331.67,439.61,572.28,313.73,372.86,301,306.32,328.75,424.7,694.83,267.52,288.38,309.24,337.82,296.41,290.89,412.18,329.68,594.49,362.64,658.64,537.86,428.77,369.21,363.06,381.73,406.24,355.03,369.42,479.45,493.22,383.29,398.21,369.53,511.06,465.17,418.02,382.98,488.11,503.96,925.74,793.18,469.13,351.69,445.14,734.57,779.83,628.81,548.5,534.11,464.44,557.57,532.02,565.92,497.08,752.5,674.91,656.76,461.52,507.41,364,516.58,441.59,543.08,549.86,490.72,605.55,466.94,500.84,510.01,722.68,646.85,440.45,561.85,772.32,822.49,776.28,1072.8,687.21,659.58,399.46,557.89,494.89,445.77,639.76,652.9,437.42,911.77,713.18,569.46,531.29,719.34,701.5,504.59,478.1,640.59,664.69,591.99,531.71,463.6,485.3,496.66,485.82,0,0,0,0,0,0,0,0,0,0,0,0,0,0,0,0,0,0,0,0,0,0,0,0,0,76.97,149.46,162.39,256.88,246.45,255.63,199.21,232.17,0,0,0,0,0,0,0,120.05,132.77,240.82,194.41,403.32,0,,,,,,,45,,114792454,,514,,
2,0,0,0,0,0,0,0,0,0,0,0,0,0,0,0,0,0,0,0,0,0,0,0,0,0,0,0,0,0,0,0,0,0,0,0,0,0,0,0,0,0,0,0,0,0,0,0,0,0,0,0,0,0,0,0,0,0,0,0,0,0,0,0,0,0,0,0,0,0,0,0,0,0,0,0,0,0,0,0,19.7,174.4,143.1,173.4,204.9,178.7,0,186.6,221,207,172.3,248.1,195.7,304.2,238.2,251,237.5,403.6,362.8,176.7,243.3,197.3,204,305.7,298.2,269.5,186.1,314.4,322.1,264.5,270.7,310,336.9,335.3,564.4,318,406.5,337.7,405.4,301.2,308.6,416.2,539.9,298.9,345.9,288.6,276.7,304.8,407.2,656.6,246,276.5,290.9,312.3,279.1,272.8,382.6,310.1,551.6,330.3,504.6,501.4,411.1,341.8,336.1,366,389.5,330.5,335.9,459.7,462.1,361.7,381.8,338.7,482.8,440.5,400.8,356.5,468,483.2,879.5,751.2,444.4,337.2,415.5,678.9,724.2,594.3,525.9,500.2,437.5,530.1,500.3,529.3,468.4,721.5,636.2,618.1,432.9,467.7,342.1,495.3,423.4,520.7,527.2,465,580.6,427.1,480.2,489,676,606.1,422.3,529,735.1,786.5,732.3,970.6,658.9,621.8,383,534.9,466.4,427.4,613.4,614.9,410.8,868,671.9,546,500.1,683.3,655.1,483.8,454.4,614.2,637.3,552.3,501.8,444.5,465.3,468.6,440.9,0,0,0,0,0,0,0,0,0,0,0,0,0,0,0,0,0,0,0,0,0,0,0,0,0,64.7,132,141.4,239.3,236.3,245.1,191,222.6,0,0,0,0,0,0,0,95.3,127.3,225.4,186.4,386.7,0,,,,,,,46,,112172258,,512,,
2,0,0,0,0,0,0,0,0,0,0,0,0,0,0,0,0,0,0,0,0,0,0,0,0,0,0,0,0,0,0,0,0,0,0,0,0,0,0,0,0,0,0,0,0,0,0,0,0,0,0,0,0,0,0,0,0,0,0,0,0,0,0,0,0,0,0,0,0,0,0,0,0,0,0,0,0,0,0,0,0,143,143.1,173.4,204.9,150.3,0,186.6,215.3,207,172.3,233.4,195.7,286.8,238.2,240,232,403.6,360.2,164.6,238.9,184.1,204,296.3,293,263.5,180.6,314.4,310.2,259.2,265.7,310,327.9,335.3,547,318,384.1,322.5,396.3,301.2,301,385,539.9,294.6,345.9,284.8,269.8,292.9,390.2,628.3,239.5,264.9,281.7,312.3,279.1,272.8,382.6,303.9,514.2,323.7,496.9,494.5,411.1,336.4,330.9,366,382.9,316.3,315.9,447.5,449.9,354.2,373.2,331.2,482.8,440.5,395.9,343.5,468,483.2,872.7,743.3,436.2,331.5,415.5,669.5,717.6,573.4,525.9,500.2,437.5,518,494.1,529.3,468.4,703.3,631.4,603,432.9,467.7,342.1,481.3,423.4,505.9,515.2,457.9,576.9,413.3,471.8,477.1,676,589.2,422.3,529,717.1,774.8,709,970.6,658.9,621.8,381.4,529.5,466.4,402.2,607,614.9,410.8,868,661.6,546,500.1,675.8,648.8,477.3,454.4,614.2,618.2,552.3,501.8,444.5,465.3,462.4,433.1,0,0,0,0,0,0,0,0,0,0,0,0,0,0,0,0,0,0,0,0,0,0,0,0,0,64.7,125.7,141.4,228.8,220.5,245.1,184.5,210.1,0,0,0,0,0,0,0,95.3,127.3,214.3,186.4,370.9,0,,,,,,,47,,110275172,,510,,
2,0,0,0,0,0,0,0,0,0,0,0,0,0,0,0,0,0,0,0,0,0,0,0,0,0,0,0,0,0,0,0,0,0,0,0,0,0,0,0,0,0,0,0,0,0,0,0,0,0,0,0,0,0,0,0,0,0,0,0,0,0,0,0,0,0,0,0,0,0,0,0,0,0,0,0,0,0,0,0,0,121.7,90.5,168,189,111.9,0,173.5,199.3,197.6,167.9,212.8,188.9,233.1,223.3,234.5,232,403.6,345.7,164.6,238.9,184.1,204,291.8,282.3,263.5,180.6,301.8,294.2,252.4,258.8,293.7,327.9,333.5,547,308.9,372.4,322.5,396.3,281.5,291.3,363.9,522.5,284,334.7,272.8,265.4,286.5,383.9,628.3,239.5,264.9,274.9,287.9,263.7,272.8,359.3,295.8,495.8,318.3,489.8,468.5,397.2,323.2,328.3,353.4,382.9,294.9,315.9,447.5,432.3,346.6,373.2,331.2,471.4,433.6,386.8,343.5,468,437.9,872.7,743.3,418.4,331.5,409.2,633,706.5,568.3,516.2,493.3,437.5,504.2,494.1,522.2,468.4,690.7,630.1,594,432.9,461.3,338.2,481.3,409,505.9,505.6,449.5,576.9,406.6,462,464.2,663.4,582.2,416.1,529,695.5,766.2,691.6,970.6,658.9,607.3,375,511,466.4,402.2,580.6,614.9,410.8,855.3,661.6,546,490.9,675.8,624.6,477.3,454.4,606.5,618.2,542.5,501.8,444.5,456.6,462.4,425.6,0,0,0,0,0,0,0,0,0,0,0,0,0,0,0,0,0,0,0,0,0,0,0,0,0,50.1,125.7,138.5,223.4,220.5,231.9,184.5,210.1,0,0,0,0,0,0,0,95.3,127.3,214.3,180,370.9,0,,,,,,,48,,108049604,,508,,
2,0,0,0,0,0,0,0,0,0,0,0,0,0,0,0,0,0,0,0,0,0,0,0,0,0,0,0,0,0,0,0,0,0,0,0,0,0,0,0,0,0,0,0,0,0,0,0,0,0,0,0,0,0,0,0,0,0,0,0,0,0,0,0,0,0,0,0,0,0,0,0,0,0,0,0,0,0,0,0,0,106.8,71.4,168,95.7,80.1,0,173.5,199.3,189.6,161.9,197.5,167.7,155.9,192.7,231.9,232,397.3,339.5,157,226.7,184.1,204,286.4,252.8,263.5,167.8,301.8,287.6,245.9,254.3,293.7,315.7,327.1,529.9,302.4,372.4,306.9,390.7,281.5,291.3,358.8,522.5,284,334.7,267.7,252.5,282.5,383.9,618.8,227,264.9,269,287.9,263.7,257.7,359.3,295.8,468,307.7,477,468.5,391.6,312.3,312,353.4,376.3,287.9,304.1,447.5,424.1,332.9,363.7,331.2,458.8,425.6,380.6,332.7,458.5,288,863.8,719,418.4,331.5,396.8,606.3,684.4,545.7,516.2,481.6,427.8,485.7,477.3,516.5,468.4,685.3,610.4,577.7,412,450.9,338.2,468.6,409,505.9,493.3,438.4,569.3,402,434.4,464.2,647,575.6,416.1,517.6,671.8,754.6,691.6,970.6,644.5,607.3,375,511,455.2,402.2,572,607.2,410.8,849.5,661.6,546,490.9,664.2,615.6,477.3,454.4,606.5,562.8,542.5,501.8,438.8,456.6,462.4,422.1,0,0,0,0,0,0,0,0,0,0,0,0,0,0,0,0,0,0,0,0,0,0,0,0,0,50.1,120.6,138.5,222.6,220.5,231.9,181.3,202,0,0,0,0,0,0,0,83.9,122.6,207.7,180,362.6,0,,,,,,,49,,105446370,,506,,
2,0,0,0,0,0,0,0,0,0,0,0,0,0,0,0,0,0,0,0,0,0,0,0,0,0,0,0,0,0,0,0,0,0,0,0,0,0,0,0,0,0,0,0,0,0,0,0,0,0,0,0,0,0,0,0,0,0,0,0,0,0,0,0,0,0,0,0,0,0,0,0,0,0,0,0,0,0,0,0,0,71.6,47.9,157.4,95.7,0,0,168,186.7,180.4,156.7,168.9,167.7,0,42,213.8,214.2,389.5,327.4,157,226.7,180,196.8,278.1,244.7,251.5,167.8,301.8,275.4,245.9,248.1,283.5,305.6,322.1,529.9,301.2,356.8,300.2,384.5,275.8,276,347.8,509.5,272.8,324.9,267.7,252.5,273.1,366.9,576.2,227,264.9,269,283.1,258.9,257.7,359.3,295.8,436.1,299.6,472.9,455.4,391.6,305.7,312,336.7,373.2,287.9,304.1,432.2,407.8,332.9,363.7,317.1,450.4,425.6,371.9,329.3,458.5,288,863.8,719,403.3,331.5,396.8,601.5,684.4,540.5,516.2,481.6,427.8,461.8,477.3,505.3,468.4,661.5,610.4,553.7,412,450.9,324,468.6,409,485.4,482.4,438.4,555.8,389.4,426.2,462.7,647,559,403.8,509.1,657,754.6,674.4,970.6,644.5,592.8,375,495.3,455.2,391,572,593.6,410.8,844.1,642.6,546,490.9,654.5,611.9,477.3,444.9,606.5,557.6,535.5,495,438.8,456.6,453.3,422.1,0,0,0,0,0,0,0,0,0,0,0,0,0,0,0,0,0,0,0,0,0,0,0,0,0,45.8,114.3,126.4,222.6,212.3,225.3,181.3,195.9,0,0,0,0,0,0,0,83.9,122.6,207.7,180,356,0,,,,,,,50,,103005798,,504,,
2,0,0,0,0,0,0,0,0,0,0,0,0,0,0,0,0,0,0,0,0,0,0,0,0,0,0,0,0,0,0,0,0,0,0,0,0,0,0,0,0,0,0,0,0,0,0,0,0,0,0,0,0,0,0,0,0,0,0,0,0,0,0,0,0,0,0,0,0,0,0,0,0,0,0,0,0,0,0,0,0,36.4,0,140.9,0,0,0,153.3,174.2,174.8,156.7,126.5,154.1,0,0,213.8,197.7,389.5,322,146.9,216.1,170.3,194.5,271.3,235.3,251.5,164.2,284.5,275.4,239.7,248.1,275.9,299.5,310.6,511.7,301.2,341.9,292.5,384.5,260.6,264.1,329.2,502.7,266.1,324.9,267.7,238.4,273.1,366.9,569.5,227,244.8,263.1,275.5,254.9,257.7,336.2,282.7,407.3,296.9,466.6,426.6,378.6,300.2,305.6,336.7,368,281.1,290.7,432.2,398.1,314.5,355,317.1,432.9,425.6,362.1,324.8,458.5,281.2,844.6,719,389.8,316.1,396.8,601.5,665.9,521.3,506.4,467.8,427.8,453.8,477.3,497.2,468.4,656.1,598.5,527.3,398.5,425,324,468.6,401.8,479.3,468.6,423.3,547.2,383.6,415.6,456.8,647,546.8,403.8,509.1,642,733.8,674.4,952.2,644.5,581.2,375,495.3,450.4,391,563,593.6,410.8,835.3,642.6,546,490.9,619.9,595.2,477.3,444.9,606.5,545.7,528.4,471.1,438.8,456.6,453.3,419.8,0,0,0,0,0,0,0,0,0,0,0,0,0,0,0,0,0,0,0,0,0,0,0,0,0,32.6,108,126.4,216.9,212.3,220.3,175.6,195.9,0,0,0,0,0,0,0,82,116.5,200.8,174.4,348.8,0,,,,,,,51,,100599108,,502,,
2,0,0,0,0,0,0,0,0,0,0,0,0,0,0,0,0,0,0,0,0,0,0,0,0,0,0,0,0,0,0,0,0,0,0,0,0,0,0,0,0,0,0,0,0,0,0,0,0,0,0,0,0,0,0,0,0,0,0,0,0,0,0,0,0,0,0,0,0,0,0,0,0,0,0,0,0,0,0,0,0,0,0,104.9,0,0,0,59.3,161.5,156.6,149.9,0,71.4,0,0,186.7,184.5,365.1,299.5,146.9,210.7,170.3,194.5,257,216.2,244.4,164.2,284.5,256.8,239.7,248.1,258.6,290,310.6,494.8,294.8,325.2,280,376.4,260.6,264.1,317.5,495.6,266.1,307.9,267.7,238.4,263.8,353.6,556.1,222.9,244.8,251.4,262.4,254.9,250.8,336.2,282.7,363.8,285.2,447.5,413.6,371.5,288,296.9,325,368,275.7,285.4,413.5,376.4,306.4,355,317.1,426.8,415.5,350.5,317.1,448.9,281.2,822.9,704.9,384.3,316.1,371,588,659.9,512.1,498.8,462.2,418.1,453.8,457,490.6,468.4,644,575.1,504.6,398.5,425,324,457.8,401.8,479.3,462.3,415.9,547.2,371.1,408.5,450.4,634.5,535.1,403.8,499.6,626.6,697.8,650.6,952.2,644.5,581.2,375,489.4,450.4,376.7,551,581.7,410.8,823,642.6,538.6,484.6,619.9,595.2,461.6,444.9,606.5,540.5,528.4,471.1,438.8,450.2,442,412.9,0,0,0,0,0,0,0,0,0,0,0,0,0,0,0,0,0,0,0,0,0,0,0,0,0,14.3,101.8,115,213.9,212.3,220.3,175.6,195.9,0,0,0,0,0,0,0,72.7,109.6,200.8,165.5,348.8,0,,,,,,,52,,97749462,,500,,
2,0,0,0,0,0,0,0,0,0,0,0,0,0,0,0,0,0,0,0,0,0,0,0,0,0,0,0,0,0,0,0,0,0,0,0,0,0,0,0,0,0,0,0,0,0,0,0,0,0,0,0,0,0,0,0,0,0,0,0,0,0,0,0,0,0,0,0,0,0,0,0,0,0,0,0,0,0,0,0,0,0,0,68,0,0,0,0,120,145,139.8,0,0,0,0,170.4,161.5,365.1,292.4,146.9,204,164.4,194.5,246,204,239.3,160,276.3,256.8,219.9,248.1,249.4,290,306.7,482.6,293.4,325.2,275.6,376.4,246.5,246.3,305.3,487.7,260.8,307.9,261.3,238.4,263.8,346.2,546.8,212.7,244.8,251.4,256.9,243.6,242.9,336.2,278.6,363.8,274.6,433.1,389.8,365,277.2,296.9,319,368,273.4,279.9,413.5,364,292.4,343.8,299.1,423.5,415.5,344.5,317.1,448.9,275.4,814.7,704.9,378.3,316.1,371,588,655.7,499,498.8,455.4,418.1,432.3,457,486.9,459.2,622.2,541.7,472.7,398.5,411.8,304.6,451.3,398,469.7,450.4,405.8,540,371.1,401.2,450.4,634.5,514.1,403.8,499.6,623.2,697.8,629.6,934.4,636.3,556.4,375,477.5,434.8,376.7,541.9,575.7,404.2,813.1,638.5,538.6,484.6,595.9,595.2,461.6,438.3,601.3,540.5,508.6,471.1,432,450.2,433.2,412.9,0,0,0,0,0,0,0,0,0,0,0,0,0,0,0,0,0,0,0,0,0,0,0,0,0,0,95.6,115,206.9,205.9,213.6,171.2,179.8,0,0,0,0,0,0,0,72.7,109.6,188.3,165.5,330.9,0,,,,,,,53,,95639344,,498,,
2,0,0,0,0,0,0,0,0,0,0,0,0,0,0,0,0,0,0,0,0,0,0,0,0,0,0,0,0,0,0,0,0,0,0,0,0,0,0,0,0,0,0,0,0,0,0,0,0,0,0,0,0,0,0,0,0,0,0,0,0,0,0,0,0,0,0,0,0,0,0,0,0,0,0,0,0,0,0,0,0,0,0,35.1,0,0,0,0,60.4,131,139.8,0,0,0,0,107.6,126.5,365.1,275.7,133.7,186.6,164.4,185.9,215.4,177.7,234,154.4,264.6,244.6,219.9,237.7,234.2,274.6,300.4,459.7,293.4,305.8,275.6,361,246.5,239.7,300.1,477.1,255.2,300.1,251.7,238.4,246.4,346.2,528,212.7,244.8,246.1,246.4,243.6,237.5,320.9,272.5,340.7,262.2,419.3,356.8,365,271.7,289.3,306.6,364.6,238.7,272.3,407.1,351.7,284.7,343.8,299.1,423.5,413.1,344.5,306.4,448.9,268.7,804,683.4,361.9,316.1,371,574,632,484,498.8,455.4,412.4,432.3,457,480.2,459.2,610.8,517.9,458.9,382.6,411.8,304.6,451.3,398,464.1,450.4,393.5,540,371.1,401.2,441.9,610.8,514.1,392.9,499.6,623.2,697.8,629.6,916.4,636.3,537.3,370.2,470.2,434.8,376.7,541.9,570.2,404.2,813.1,626.5,538.6,484.6,592.6,579.2,461.6,438.3,586.7,522,508.6,471.1,425.6,450.2,433.2,412.9,0,0,0,0,0,0,0,0,0,0,0,0,0,0,0,0,0,0,0,0,0,0,0,0,0,0,89.5,108,197,202.3,208.5,171.2,179.8,0,0,0,0,0,0,0,62.6,102.7,188.3,165.5,330.9,0,,,,,,,54,,93574964,,496,,
2,0,0,0,0,0,0,0,0,0,0,0,0,0,0,0,0,0,0,0,0,0,0,0,0,0,0,0,0,0,0,0,0,0,0,0,0,0,0,0,0,0,0,0,0,0,0,0,0,0,0,0,0,0,0,0,0,0,0,0,0,0,0,0,0,0,0,0,0,0,0,0,0,0,0,0,0,0,0,0,0,0,0,0,0,0,0,0,0,119.7,125.9,0,0,0,0,0,92.2,365.1,220.4,130.4,42.4,123.8,185.9,153.7,135,223.3,143.7,253.8,174,215.6,237.7,223.3,267.1,296,459.7,292.2,305.8,261.1,355.6,242.3,233.9,288.2,471.9,255.2,292.9,251.7,226.9,234.5,331.4,513.2,198.9,240,240.9,246.4,238.5,237.5,306.7,272.5,334.8,262.2,398.6,331,359.8,249.6,281.6,293.4,351.4,234.2,256.4,407.1,339.2,281.3,337.9,291.7,417.4,405.6,344.5,301.7,448.9,268.7,787.7,683.4,357,310.7,371,566.5,625,484,484.8,445.8,402.3,432.3,453.8,463.3,459.2,610.8,509.1,451.6,363.2,393.6,304.6,445.6,398,455.2,441.7,383.6,524.7,357.2,393,425.2,610.8,509.7,382.6,479.8,612.9,697.8,620.2,916.4,626.9,530.9,370.2,470.2,434.8,376.7,525.2,558.5,400.4,795.8,626.5,538.6,474.2,575.6,579.2,444.1,438.3,586.7,519.2,508.6,468.2,425.6,441.4,433.2,412.9,0,0,0,0,0,0,0,0,0,0,0,0,0,0,0,0,0,0,0,0,0,0,0,0,0,0,78.2,100.9,189.4,197.2,208.5,171.2,179.8,0,0,0,0,0,0,0,62.6,102.7,188.3,165.5,330.9,0,,,,,,,55,,90797454,,494,,
2,0,0,0,0,0,0,0,0,0,0,0,0,0,0,0,0,0,0,0,0,0,0,0,0,0,0,0,0,0,0,0,0,0,0,0,0,0,0,0,0,0,0,0,0,0,0,0,0,0,0,0,0,0,0,0,0,0,0,0,0,0,0,0,0,0,0,0,0,0,0,0,0,0,0,0,0,0,0,0,0,0,0,0,0,0,0,0,0,97.5,115.1,0,0,0,0,0,0,337.6,162.4,88.4,0,123.8,149.7,50.3,0,181.9,143.7,203.4,0,190.9,230.8,205.3,257.9,290.8,459.7,292.2,289,261.1,355.6,221.1,223.1,276.1,462,245.9,292.9,245.5,226.9,234.5,318.7,480.2,198.9,233.6,228.2,229.3,234.9,234.7,301,260.7,334.8,254.9,390.3,331,337.7,249.6,277.8,293.4,343.9,227,244.6,386.6,333.7,267,328,287.1,407.8,394.7,338,301.7,434.8,268.7,763.9,671,357,310.7,358.7,566.5,618.3,473,484.8,438.7,402.3,408.5,446.8,458,442.9,605.1,509.1,443.3,363.2,386.9,294.2,437.4,389.9,444.9,412.5,368.7,524.7,353.4,393,421.7,599.2,509.7,382.6,479.8,612.9,697.8,605.6,895.4,621.1,515.6,370.2,450.2,424.2,362.4,525.2,551.7,400.4,795.8,626.5,532,474.2,575.6,579.2,444.1,427.2,580,519.2,498.7,468.2,425.6,441.4,426.9,403.8,0,0,0,0,0,0,0,0,0,0,0,0,0,0,0,0,0,0,0,0,0,0,0,0,0,0,71.7,95.4,178.8,197.2,208.5,155.9,179.8,0,0,0,0,0,0,0,62.6,102.7,171,154.2,323.5,0,,,,,,,56,,87838298,,492,,
2,0,0,0,0,0,0,0,0,0,0,0,0,0,0,0,0,0,0,0,0,0,0,0,0,0,0,0,0,0,0,0,0,0,0,0,0,0,0,0,0,0,0,0,0,0,0,0,0,0,0,0,0,0,0,0,0,0,0,0,0,0,0,0,0,0,0,0,0,0,0,0,0,0,0,0,0,0,0,0,0,0,0,0,0,0,0,0,0,37.8,106.8,0,0,0,0,0,0,306,119.9,0,0,0,80.6,0,0,123.3,112.5,82.9,0,30.2,193.1,114.7,248.1,283.9,348.7,283.8,289,253,355.6,221.1,219.5,259.5,438.2,245.9,274.7,239.9,226.9,234.5,318.7,458.6,198.9,218.3,228.2,223.5,216,228,277.9,260.7,322.7,244.2,379.3,315.1,337.7,235,270.6,289.3,343.9,220.9,244.6,386.6,309.1,253.4,319.6,281.4,401.7,372.6,338,301.7,434.8,266.2,750.3,643.6,348.8,310.7,346.8,562,612.7,465,478.6,438.7,395.4,408.5,446.8,458,442.9,601.5,489.1,435.3,357.7,373.1,286.6,430.4,380.7,432.3,412.5,361.7,520.3,353.4,386.6,412,599.2,509.7,374.4,473,521.7,697.8,582.9,895.4,621.1,500.3,364.7,450.2,424.2,362.4,515.1,546.6,400.4,784.4,621.8,530.6,474.2,569.4,572.4,417.6,427.2,580,507.3,498.7,468.2,425.6,441.4,423.2,403.8,0,0,0,0,0,0,0,0,0,0,0,0,0,0,0,0,0,0,0,0,0,0,0,0,0,0,71.7,95.4,174.5,197.2,197.2,155.9,176.5,0,0,0,0,0,0,0,41.8,96.6,171,154.2,311.6,0,,,,,,,57,,84461264,,490,,
2,0,0,0,0,0,0,0,0,0,0,0,0,0,0,0,0,0,0,0,0,0,0,0,0,0,0,0,0,0,0,0,0,0,0,0,0,0,0,0,0,0,0,0,0,0,0,0,0,0,0,0,0,0,0,0,0,0,0,0,0,0,0,0,0,0,0,0,0,0,0,0,0,0,0,0,0,0,0,0,0,0,0,0,0,0,0,0,0,0,81.4,0,0,0,0,0,0,269.8,0,0,0,0,0,0,0,0,46,0,0,0,0,0,205.8,265.7,336.6,283.8,275.5,244.3,337.6,209.9,212.8,259.5,420.6,245.9,271.7,234.9,226.9,225.1,312.4,440.9,198.9,213.6,206.3,223.5,208.5,228,277.9,258.8,281.3,244.2,361.4,303.8,325.2,235,270.6,281.4,335.6,214.1,240.3,380.7,297,246.6,308.3,274,383.4,330.1,338,301.7,434.8,262.7,729.7,569.6,332.9,303.6,346.8,551.6,603.7,447,472.2,430.4,395.4,400.6,426.2,447,442.9,594.1,463,427,348.6,373.1,286.6,430.4,380.7,422.5,412.5,361.7,502.4,353.4,373.5,412,599.2,497.2,374.4,473,505.4,697.8,572.2,653.8,621.1,479.5,364.7,443.4,418.6,362.4,503.3,538.5,400.4,772.3,615.2,530.6,474.2,560.6,572.4,412.9,427.2,580,496.8,488.7,440.4,425.6,433.8,423.2,403.8,0,0,0,0,0,0,0,0,0,0,0,0,0,0,0,0,0,0,0,0,0,0,0,0,0,0,56.5,84.4,167.1,197.2,197.2,155.9,170.6,0,0,0,0,0,0,0,41.8,96.6,164.4,154.2,306.4,0,,,,,,,58,,80760336,,488,,
2,0,0,0,0,0,0,0,0,0,0,0,0,0,0,0,0,0,0,0,0,0,0,0,0,0,0,0,0,0,0,0,0,0,0,0,0,0,0,0,0,0,0,0,0,0,0,0,0,0,0,0,0,0,0,0,0,0,0,0,0,0,0,0,0,0,0,0,0,0,0,0,0,0,0,0,0,0,0,0,0,0,0,0,0,0,0,0,0,0,35.9,0,0,0,0,0,0,214,0,0,0,0,0,0,0,0,0,0,0,0,0,0,0,141.4,300.9,281,264.6,244.3,337.6,209.9,212.8,239.7,354.4,227.8,263.9,234.9,224.5,215.9,294,429.5,187.2,213.6,206.3,216.5,208.5,216.3,261.6,246.8,265.8,231.7,347.7,299.6,325.2,231.4,270.6,257.7,330.5,208.6,229.6,380.7,276.8,246.6,295.8,274,377.5,285.7,332.1,301.7,431.7,262.7,717.5,534.4,332.9,303.6,341.4,542.9,597.5,435.4,472.2,418.1,385.1,393.9,426.2,432.1,430.7,580.8,463,415.8,336.5,373.1,276.7,423.6,380.7,414,394.5,349.5,502.4,340.8,373.5,401.5,599.2,497.2,368.9,473,491.7,684.9,557.5,639.1,606.4,471.9,364.7,443.4,418.6,362.4,486.9,531,400.4,766.9,615.2,530.6,474.2,560.6,568.6,406.3,427.2,580,496.8,488.7,440.4,425.6,433.8,423.2,397.5,0,0,0,0,0,0,0,0,0,0,0,0,0,0,0,0,0,0,0,0,0,0,0,0,0,0,54.3,84.4,161.6,188.8,197.2,149,170.6,0,0,0,0,0,0,0,24.5,96.6,162,146.8,306.4,0,,,,,,,59,,78360802,,486,,
2,0,0,0,0,0,0,0,0,0,0,0,0,0,0,0,0,0,0,0,0,0,0,0,0,0,0,0,0,0,0,0,0,0,0,0,0,0,0,0,0,0,0,0,0,0,0,0,0,0,0,0,0,0,0,0,0,0,0,0,0,0,0,0,0,0,0,0,0,0,0,0,0,0,0,0,0,0,0,0,0,0,0,0,0,0,0,0,0,0,0,0,0,0,0,0,0,51.7,0,0,0,0,0,0,0,0,0,0,0,0,0,0,0,0,204.1,281,256.6,231.7,329,209.9,201,229.2,318,227.8,263.9,212,211.5,204,294,407.7,180.4,210.1,206.3,213.5,208.5,216.3,253.8,246.8,199.1,231.7,343.1,287.2,316.9,222.2,263.6,257.7,330.5,208.6,221.8,363,276.8,246.6,284.7,274,372.4,285.7,332.1,301.7,431.7,262.7,697.1,489.2,328.8,303.6,341.4,536.1,593,425.9,464.9,409.5,376.6,389.6,426.2,423.2,430.7,569.1,444.8,415.8,331.9,361.8,276.7,412.9,371.9,406.9,394.5,349.5,502.4,325.6,363.3,390,588.6,497.2,362.1,463.4,476.8,563.7,539.9,627.5,600.2,463.1,362.9,428.4,412.4,347.2,486.9,525.9,395.3,756.3,609.2,530.6,474.2,560.6,568.6,406.3,427.2,573.9,491.2,474.6,435.6,425.6,428.7,423.2,397.5,0,0,0,0,0,0,0,0,0,0,0,0,0,0,0,0,0,0,0,0,0,0,0,0,0,0,41.3,78.4,155.8,188.8,181.2,149,164.4,0,0,0,0,0,0,0,0,96.6,162,146.8,284.7,0,,,,,,,60,,75886218,,484,,
2,0,0,0,0,0,0,0,0,0,0,0,0,0,0,0,0,0,0,0,0,0,0,0,0,0,0,0,0,0,0,0,0,0,0,0,0,0,0,0,0,0,0,0,0,0,0,0,0,0,0,0,0,0,0,0,0,0,0,0,0,0,0,0,0,0,0,0,0,0,0,0,0,0,0,0,0,0,0,0,0,0,0,0,0,0,0,0,0,0,0,0,0,0,0,0,0,51.7,0,0,0,0,0,0,0,0,0,0,0,0,0,0,0,0,0,281,249,219.5,305.7,196,192.9,218.8,299.3,227.8,257.8,212,211.5,201.4,287.5,389.2,180.4,202.3,188.2,208,204.3,216.3,243.8,244.1,193.7,214.6,332.2,276.8,316.9,222.2,228.2,250.7,322,204.5,209.1,363,262,232.9,277.8,261.8,365.8,267.2,326.2,295,423.6,259.3,697.1,481.1,328.8,298.3,341.4,530.7,581.3,407.7,455.7,404,376.6,384.1,420.2,423.2,430.7,562.4,444.8,401.4,315.7,349.3,271.2,407.4,371.9,381.9,394.5,335.1,490.9,325.6,356.3,390,578,489.6,355.3,449.9,464.9,563.7,527.9,627.5,600.2,463.1,362.9,428.4,406.9,347.2,478.9,517.1,383.2,745.5,603.6,521.5,471.8,541,546.6,383.6,427.2,557.7,480.5,465.2,420.7,425.6,420.5,414.4,397.5,0,0,0,0,0,0,0,0,0,0,0,0,0,0,0,0,0,0,0,0,0,0,0,0,0,0,34.6,64.5,143.4,183,181.2,142.7,164.4,0,0,0,0,0,0,0,0,86.9,155.9,141.1,284.7,0,,,,,,,61,,73751354,,482,,
2,0,0,0,0,0,0,0,0,0,0,0,0,0,0,0,0,0,0,0,0,0,0,0,0,0,0,0,0,0,0,0,0,0,0,0,0,0,0,0,0,0,0,0,0,0,0,0,0,0,0,0,0,0,0,0,0,0,0,0,0,0,0,0,0,0,0,0,0,0,0,0,0,0,0,0,0,0,0,0,0,0,0,0,0,0,0,0,0,0,0,0,0,0,0,0,0,0,0,0,0,0,0,0,0,0,0,0,0,0,0,0,0,0,0,240.8,234.2,185.7,276.8,190.4,188.5,207.3,287.8,218.5,244.5,204.9,205.2,185.6,287.5,365.6,180.4,202.3,188.2,187.7,192.2,197.5,235.8,232,185.5,214.6,311.7,271.2,292.9,216.6,205.7,240.8,311.8,194.8,195.4,351.5,246.7,232.9,270.9,250.5,349.5,267.2,326.2,276.2,423.6,259.3,683.6,453.7,311.2,289.3,341.4,515.4,571.7,395.4,455.7,389.2,365.1,373.9,413.1,405,418.5,550.2,438.9,393.1,309.5,341.3,271.2,407.4,371.9,381.9,366.7,321.4,486.5,318.7,356.3,382.2,578,479.6,355.3,449.9,447.5,528.2,516.6,617,600.2,463.1,362.9,419.2,406.9,347.2,478.9,508.8,383.2,717.8,603.6,521.5,471.8,541,537.5,383.6,427.2,557.7,475.7,465.2,420.7,425.6,420.5,414.4,397.5,0,0,0,0,0,0,0,0,0,0,0,0,0,0,0,0,0,0,0,0,0,0,0,0,0,0,0,54.8,132.8,174,178.3,142.7,160.5,0,0,0,0,0,0,0,0,86.9,149.1,134.9,284.7,0,,,,,,,62,,71855564,,480,,
2,0,0,0,0,0,0,0,0,0,0,0,0,0,0,0,0,0,0,0,0,0,0,0,0,0,0,0,0,0,0,0,0,0,0,0,0,0,0,0,0,0,0,0,0,0,0,0,0,0,0,0,0,0,0,0,0,0,0,0,0,0,0,0,0,0,0,0,0,0,0,0,0,0,0,0,0,0,0,0,0,0,0,0,0,0,0,0,0,0,0,0,0,0,0,0,0,0,0,0,0,0,0,0,0,0,0,0,0,0,0,0,0,0,0,163.3,203.4,0,201.7,154,157.5,198.4,276.5,203.8,244.5,197.8,205.2,179.1,274.4,335.7,173.9,202.3,180.6,187.7,188.1,197.5,223.2,227.5,178.6,202.9,306,265.6,286.4,216.6,203.3,228.2,311.8,194.8,195.4,351.5,246.7,228.5,256,250.5,339.9,267.2,326.2,276.2,417.8,259.3,660.2,372.6,311.2,282.9,323.6,503,552,372,450.8,389.2,365.1,373.9,402.5,393.9,418.5,525.9,425.5,393.1,306.3,333.6,266,397.8,354.2,372,366.7,321.4,469.6,310.6,338.7,382.2,578,462.2,355.3,443,441.5,528.2,516.6,610.7,600.2,448.9,356.4,402.6,401.4,342.9,459.3,508.8,369.1,703,594.4,521.5,471.8,541,532.2,366.1,427.2,551.3,475.7,465.2,412.8,414.3,420.5,406,391.6,0,0,0,0,0,0,0,0,0,0,0,0,0,0,0,0,0,0,0,0,0,0,0,0,0,0,0,21.9,132.8,174,178.3,137.2,154.4,0,0,0,0,0,0,0,0,86.9,141,134.9,266.2,0,,,,,,,63,,69503788,,478,,
2,0,0,0,0,0,0,0,0,0,0,0,0,0,0,0,0,0,0,0,0,0,0,0,0,0,0,0,0,0,0,0,0,0,0,0,0,0,0,0,0,0,0,0,0,0,0,0,0,0,0,0,0,0,0,0,0,0,0,0,0,0,0,0,0,0,0,0,0,0,0,0,0,0,0,0,0,0,0,0,0,0,0,0,0,0,0,0,0,0,0,0,0,0,0,0,0,0,0,0,0,0,0,0,0,0,0,0,0,0,0,0,0,0,0,17.4,0,0,0,0,0,155.7,276.5,201.1,239.1,185.2,198.3,173.8,268.7,309.5,163.1,202.3,180.6,176.5,176.7,197.5,210.8,216.7,152.4,196.4,291.4,258.6,274.5,198,197.2,228.2,298.1,194.8,195.4,347,234.2,216.2,253.1,241.3,328.2,267.2,326.2,276.2,408.5,256.7,633,355.9,311.2,282.9,323.6,485.8,552,372,445.3,375.8,356,373.9,397.3,393.9,418.5,506.6,415.9,373.7,306.3,333.6,257,391,354.2,372,366.7,321.4,469.6,306,338.7,367.1,578,458.1,345.6,432.3,423.6,440.3,509.4,610.7,569.3,448.9,356.4,402.6,374.2,342.9,459.3,493.8,354.6,693.7,594.4,511.5,471.8,518.6,515.6,358,412.9,551.3,469.2,453.9,412.8,409.1,409.1,406,385.5,0,0,0,0,0,0,0,0,0,0,0,0,0,0,0,0,0,0,0,0,0,0,0,0,0,0,0,0,114.1,162.2,162.3,128.5,150.2,0,0,0,0,0,0,0,0,71.4,141,134.9,266.2,0,,,,,,,64,,66186980,,476,,
2,0,0,0,0,0,0,0,0,0,0,0,0,0,0,0,0,0,0,0,0,0,0,0,0,0,0,0,0,0,0,0,0,0,0,0,0,0,0,0,0,0,0,0,0,0,0,0,0,0,0,0,0,0,0,0,0,0,0,0,0,0,0,0,0,0,0,0,0,0,0,0,0,0,0,0,0,0,0,0,0,0,0,0,0,0,0,0,0,0,0,0,0,0,0,0,0,0,0,0,0,0,0,0,0,0,0,0,0,0,0,0,0,0,0,0,0,0,0,0,0,0,243.3,191.7,233.3,178.2,198.3,160.4,257.8,278.8,161.6,182.7,172.9,176.5,176.7,197.5,210.8,205.9,152.4,191.1,273.6,251.6,256.1,198,190.1,213.5,289,177.7,182.9,323.9,234.2,216.2,241.3,241.3,320.9,246.2,315.4,276.2,408.5,256.7,615.9,336.4,311.2,279.2,318.2,478.7,552,365,431,375.8,356,366.9,397.3,388.3,407.8,487.5,403.7,373.7,293.8,313.4,257,391,354.2,334.2,353.3,308.4,469.6,306,331.2,367.1,552.3,440.8,338.4,422.8,412.7,433.2,502.7,587.4,569.3,448.9,356.4,397.3,374.2,333.9,450.1,493.8,354.6,691.3,594.4,504.2,467.8,518.6,504,354.6,412.9,551.3,463.4,442.2,407.4,409.1,409.1,397.1,385.5,0,0,0,0,0,0,0,0,0,0,0,0,0,0,0,0,0,0,0,0,0,0,0,0,0,0,0,0,114.1,156.7,162.3,128.5,150.2,0,0,0,0,0,0,0,0,71.4,141,134.9,260.4,0,,,,,,,65,,64371072,,474,,
2,0,0,0,0,0,0,0,0,0,0,0,0,0,0,0,0,0,0,0,0,0,0,0,0,0,0,0,0,0,0,0,0,0,0,0,0,0,0,0,0,0,0,0,0,0,0,0,0,0,0,0,0,0,0,0,0,0,0,0,0,0,0,0,0,0,0,0,0,0,0,0,0,0,0,0,0,0,0,0,0,0,0,0,0,0,0,0,0,0,0,0,0,0,0,0,0,0,0,0,0,0,0,0,0,0,0,0,0,0,0,0,0,0,0,0,0,0,0,0,0,0,149.6,178.4,228.1,165.6,192.2,153.6,249.2,263.2,161.6,182.7,163,154.7,150,190.6,197,205.9,134.8,186.1,257.5,251.6,230.6,198,190.1,196.8,281.6,177.7,182.9,313.6,234.2,216.2,241.3,234.6,307,246.2,315.4,264.9,402.6,256.7,597.2,320.7,280.6,279.2,318.2,459.3,535.5,347.7,431,363.4,341.3,353.5,388.7,379.2,396.9,475.2,393.6,366.6,270.3,313.4,257,385.5,341.9,301.3,341.7,305.6,463.4,292.3,318.3,360.1,552.3,440.8,338.4,422.8,350.3,421.9,502.7,577,569.3,427.7,346.5,389.7,368.3,333.9,443.4,482.3,354.6,665.8,585.7,504.2,467.8,518.6,494.9,354.6,412.9,526.6,456.8,442.2,395.2,409.1,409.1,397.1,385.5,0,0,0,0,0,0,0,0,0,0,0,0,0,0,0,0,0,0,0,0,0,0,0,0,0,0,0,0,110.8,147.2,160.5,128.5,136,0,0,0,0,0,0,0,0,71.4,126.4,128.5,257.3,0,,,,,,,66,,62680268,,472,,
2,0,0,0,0,0,0,0,0,0,0,0,0,0,0,0,0,0,0,0,0,0,0,0,0,0,0,0,0,0,0,0,0,0,0,0,0,0,0,0,0,0,0,0,0,0,0,0,0,0,0,0,0,0,0,0,0,0,0,0,0,0,0,0,0,0,0,0,0,0,0,0,0,0,0,0,0,0,0,0,0,0,0,0,0,0,0,0,0,0,0,0,0,0,0,0,0,0,0,0,0,0,0,0,0,0,0,0,0,0,0,0,0,0,0,0,0,0,0,0,0,0,0,137,221.4,155.7,184.1,144.5,243.5,250.1,161.6,182.7,157.8,154.7,141.2,181.1,189.3,199.2,108.8,186.1,239.1,240.7,230.6,188.4,179.2,184.4,277.6,177.7,180.7,312.2,216.2,216.2,228.8,224.8,294.1,239.9,307.2,264.9,402.6,256.7,586.2,300.7,280.6,275.6,306,445,535.5,347.7,425.5,354.9,341.3,353.5,381.7,379.2,387.4,455.8,381.4,360.3,270.3,313.4,251.9,371.9,341.9,301.3,335.7,297.4,463.4,292.3,318.3,360.1,547.6,433,328.6,422.8,350.3,416.7,502.7,571.5,569.3,427.7,346.5,377.2,368.3,333.9,420.8,471.1,349.8,653.8,585.7,504.2,467.8,510,467.9,354.6,412.9,526.6,456.8,430.9,389.9,409.1,401.6,397.1,379.5,0,0,0,0,0,0,0,0,0,0,0,0,0,0,0,0,0,0,0,0,0,0,0,0,0,0,0,0,103,140.5,143.6,115,136,0,0,0,0,0,0,0,0,66.2,126.4,119.9,257.3,0,,,,,,,67,,61268526,,470,,
2,0,0,0,0,0,0,0,0,0,0,0,0,0,0,0,0,0,0,0,0,0,0,0,0,0,0,0,0,0,0,0,0,0,0,0,0,0,0,0,0,0,0,0,0,0,0,0,0,0,0,0,0,0,0,0,0,0,0,0,0,0,0,0,0,0,0,0,0,0,0,0,0,0,0,0,0,0,0,0,0,0,0,0,0,0,0,0,0,0,0,0,0,0,0,0,0,0,0,0,0,0,0,0,0,0,0,0,0,0,0,0,0,0,0,0,0,0,0,0,0,0,0,0,208.8,143.2,173.3,135.2,215.9,194,144.6,165.3,151.9,153.1,141.2,173.9,189.3,193.8,73.3,173.6,233.7,230,203.4,183.1,179.2,172.6,270,172.4,174.8,298.6,202.5,199.8,228.8,224.8,279.5,239.9,307.2,247.9,394.6,250.6,577,290.7,280.6,275.6,306,420.2,517.4,326.8,413.1,354.9,341.3,346.6,372.1,366.3,379.1,442.2,367.8,360.3,260.3,301.2,251.9,367,336.5,301.3,319.2,297.4,453.8,281,299.9,352.9,542.1,419,328.6,408,335.2,416.7,493,545.5,547.1,419,346.5,377.2,358,323.3,408.3,463.2,349.8,653.8,570.7,498.7,467.8,507.4,455,344,412.9,521.5,445.3,430.9,389.9,409.1,401.6,378.8,379.5,0,0,0,0,0,0,0,0,0,0,0,0,0,0,0,0,0,0,0,0,0,0,0,0,0,0,0,0,94.6,140.5,138,115,136,0,0,0,0,0,0,0,0,60.1,126.4,119.9,234.8,0,,,,,,,68,,59361314,,468,,
2,0,0,0,0,0,0,0,0,0,0,0,0,0,0,0,0,0,0,0,0,0,0,0,0,0,0,0,0,0,0,0,0,0,0,0,0,0,0,0,0,0,0,0,0,0,0,0,0,0,0,0,0,0,0,0,0,0,0,0,0,0,0,0,0,0,0,0,0,0,0,0,0,0,0,0,0,0,0,0,0,0,0,0,0,0,0,0,0,0,0,0,0,0,0,0,0,0,0,0,0,0,0,0,0,0,0,0,0,0,0,0,0,0,0,0,0,0,0,0,0,0,0,0,41.6,107.1,125.8,78.1,137.3,95.3,144.6,158.8,129.4,142.3,127.4,173.9,175.5,188.4,42.4,173.6,220.2,224.1,203.4,183.1,179.2,172.6,270,172.4,157.5,291.9,197,199.8,211.3,213.1,270.3,232.8,307.2,236.9,394.6,250.6,561,283.8,275.4,272.4,303.5,412.3,503.9,318.5,393.8,349.3,328.2,337.2,366.2,366.3,355.1,431.3,357,348.1,260.3,293.6,251.9,367,336.5,294.6,319.2,297.4,453.8,273.6,299.9,341,535.3,406.6,324.5,408,335.2,399.5,479.2,540.3,547.1,419,338.4,366,345.8,323.3,397.1,457.7,349.8,641.8,570.7,498.7,467.8,491.2,448.6,338.3,412.9,514.1,445.3,411.5,378.9,409.1,401.6,378.8,377,0,0,0,0,0,0,0,0,0,0,0,0,0,0,0,0,0,0,0,0,0,0,0,0,0,0,0,0,84.7,135.1,135.4,115,136,0,0,0,0,0,0,0,0,60.1,116.7,119.9,234.8,0,,,,,,,69,,57330016,,466,,
2,0,0,0,0,0,0,0,0,0,0,0,0,0,0,0,0,0,0,0,0,0,0,0,0,0,0,0,0,0,0,0,0,0,0,0,0,0,0,0,0,0,0,0,0,0,0,0,0,0,0,0,0,0,0,0,0,0,0,0,0,0,0,0,0,0,0,0,0,0,0,0,0,0,0,0,0,0,0,0,0,0,0,0,0,0,0,0,0,0,0,0,0,0,0,0,0,0,0,0,0,0,0,0,0,0,0,0,0,0,0,0,0,0,0,0,0,0,0,0,0,0,0,0,0,54,0,0,0,0,123.7,140.2,64,98.3,116.3,160.1,171.5,181.9,34.2,173.6,214.8,218.5,184.9,183.1,179.2,165.6,245.4,168.7,157.5,283,186,199.8,203.2,199.1,259,222.6,288.9,223.5,385.3,244.5,519.9,262.3,275.4,272.4,291.3,401.5,503.9,314.1,393.8,336.8,328.2,337.2,359.5,366.3,331,408.2,343.6,338,260.3,293.6,241.6,360,317.4,237.4,307.2,276.3,445.6,266.9,282.4,336.1,527.8,389.2,324.5,395.8,327.8,367.1,479.2,513.5,540.5,403.5,338.4,366,345.8,317.3,367.1,451.1,349.8,614.4,570.7,496.3,467.8,491.2,434.8,338.3,412.9,514.1,445.3,411.5,368.3,409.1,394.1,378.8,377,0,0,0,0,0,0,0,0,0,0,0,0,0,0,0,0,0,0,0,0,0,0,0,0,0,0,0,0,78.5,126,129.5,107.7,133,0,0,0,0,0,0,0,0,41.8,112.1,107.8,228.6,0,,,,,,,70,,54452144,,464,,
2,0,0,0,0,0,0,0,0,0,0,0,0,0,0,0,0,0,0,0,0,0,0,0,0,0,0,0,0,0,0,0,0,0,0,0,0,0,0,0,0,0,0,0,0,0,0,0,0,0,0,0,0,0,0,0,0,0,0,0,0,0,0,0,0,0,0,0,0,0,0,0,0,0,0,0,0,0,0,0,0,0,0,0,0,0,0,0,0,0,0,0,0,0,0,0,0,0,0,0,0,0,0,0,0,0,0,0,0,0,0,0,0,0,0,0,0,0,0,0,0,0,0,0,0,0,0,0,0,0,99.3,71.9,0,0,76.1,121.9,150.8,163.8,28.6,154.8,208.1,218.5,179.7,165.3,179.2,160,245.4,168.7,148.3,283,186,199.8,198.9,199.1,252.9,222.6,288.9,223.5,378.7,244.5,519.9,256.8,270.3,264.9,291.3,379.1,494.2,288.2,377.9,330.6,317.5,326.4,350.1,354.3,320.1,397.4,336.8,338,228.9,293.6,241.6,352.8,317.4,237.4,294.3,276.3,445.6,258.6,282.4,336.1,522.4,371.7,316.5,395.8,327.8,367.1,466,504.4,540.5,403.5,326.3,354.7,337.1,306.1,355.1,443.5,349.8,605.1,570.7,489.8,467.8,491.2,434.8,338.3,409,498.1,433.5,399.4,360.4,409.1,394.1,378.8,377,0,0,0,0,0,0,0,0,0,0,0,0,0,0,0,0,0,0,0,0,0,0,0,0,0,0,0,0,53.7,117.8,129.5,107.7,133,0,0,0,0,0,0,0,0,35.9,112.1,107.8,213.5,0,,,,,,,71,,52673724,,462,,
2,0,0,0,0,0,0,0,0,0,0,0,0,0,0,0,0,0,0,0,0,0,0,0,0,0,0,0,0,0,0,0,0,0,0,0,0,0,0,0,0,0,0,0,0,0,0,0,0,0,0,0,0,0,0,0,0,0,0,0,0,0,0,0,0,0,0,0,0,0,0,0,0,0,0,0,0,0,0,0,0,0,0,0,0,0,0,0,0,0,0,0,0,0,0,0,0,0,0,0,0,0,0,0,0,0,0,0,0,0,0,0,0,0,0,0,0,0,0,0,0,0,0,0,0,0,0,0,0,0,0,0,0,0,0,0,65.2,0,18.9,142.7,186.4,211.4,168.4,165.3,170.4,153,245.4,161.9,148.3,268.4,186,180.6,189.1,199.1,230.3,222.6,285.2,214.5,378.7,244.5,509.9,256.8,254.7,264.9,279.1,348.2,486.2,283.6,371.7,319.5,308.4,314.4,344.1,354.3,320.1,390.6,324.7,338,228.9,281.7,241.6,352.8,317.4,230.2,294.3,276.3,428,249,263.9,336.1,491.2,349.7,316.5,386.8,321,341.1,466,479.4,527.2,403.5,312.3,345.4,337.1,306.1,328.6,437.2,349.8,597.1,570.7,489.8,467.8,491.2,419.9,332,409,498.1,427.6,399.4,339.9,402.6,387.9,378.8,362,0,0,0,0,0,0,0,0,0,0,0,0,0,0,0,0,0,0,0,0,0,0,0,0,0,0,0,0,0,117.8,129.5,101.6,133,0,0,0,0,0,0,0,0,0,101,98.3,195.7,0,,,,,,,72,,50187432,,460,,
2,0,0,0,0,0,0,0,0,0,0,0,0,0,0,0,0,0,0,0,0,0,0,0,0,0,0,0,0,0,0,0,0,0,0,0,0,0,0,0,0,0,0,0,0,0,0,0,0,0,0,0,0,0,0,0,0,0,0,0,0,0,0,0,0,0,0,0,0,0,0,0,0,0,0,0,0,0,0,0,0,0,0,0,0,0,0,0,0,0,0,0,0,0,0,0,0,0,0,0,0,0,0,0,0,0,0,0,0,0,0,0,0,0,0,0,0,0,0,0,0,0,0,0,0,0,0,0,0,0,0,0,0,0,0,0,0,0,18.9,142.7,178.5,202.3,159.9,165.3,170.4,147.4,234.7,161.9,148.3,268.4,168.1,174.5,180.1,187.9,223.8,204.9,279,202.7,371.3,243.3,500.4,256.8,254.7,264.9,279.1,322.7,478.4,275.5,365.5,309.9,308.4,302.4,338.2,354.3,311.8,378.3,312.6,329.3,228.9,281.7,241.6,342,305.2,226.1,281.7,260.8,420.6,236.2,263.9,323.2,485.7,349.7,308.3,386.8,321,341.1,457.2,461.2,527.2,394.7,312.3,336.7,309.9,297.4,316.4,425.9,344.1,578.7,562.2,483,467.8,471.7,419.9,332,403.2,498.1,427.6,383.9,324.9,396.2,387.9,360.8,362,0,0,0,0,0,0,0,0,0,0,0,0,0,0,0,0,0,0,0,0,0,0,0,0,0,0,0,0,0,101.1,113.1,101.6,126,0,0,0,0,0,0,0,0,0,101,98.3,188.9,0,,,,,,,73,,49034922,,458,,
2,0,0,0,0,0,0,0,0,0,0,0,0,0,0,0,0,0,0,0,0,0,0,0,0,0,0,0,0,0,0,0,0,0,0,0,0,0,0,0,0,0,0,0,0,0,0,0,0,0,0,0,0,0,0,0,0,0,0,0,0,0,0,0,0,0,0,0,0,0,0,0,0,0,0,0,0,0,0,0,0,0,0,0,0,0,0,0,0,0,0,0,0,0,0,0,0,0,0,0,0,0,0,0,0,0,0,0,0,0,0,0,0,0,0,0,0,0,0,0,0,0,0,0,0,0,0,0,0,0,0,0,0,0,0,0,0,0,0,126,173.3,202.3,143,165.3,166,140.4,234.7,156.3,148.3,252.7,168.1,174.5,171.8,179.9,206.5,197.2,271.6,188.5,359.5,228.2,485.8,248.8,254.7,257,260.7,316.6,473.6,265.2,359.3,309.9,297.2,280.9,338.2,341.3,311.8,356,300.5,329.3,209.9,270.2,222.2,342,295.6,226.1,281.7,251.9,414.5,236.2,255.8,323.2,478.5,329.8,293.3,371.8,304.8,341.1,450.5,444.2,527.2,377.5,304,333.7,292.2,297.4,309.7,425.9,344.1,569,554.1,476.8,467.8,471.7,417.9,317.5,403.2,485,419.1,383.9,303.1,396.2,379.6,360.8,354.3,0,0,0,0,0,0,0,0,0,0,0,0,0,0,0,0,0,0,0,0,0,0,0,0,0,0,0,0,0,96.3,113.1,95.9,126,0,0,0,0,0,0,0,0,0,101,93.4,180.1,0,,,,,,,74,,47836150,,456,,
2,0,0,0,0,0,0,0,0,0,0,0,0,0,0,0,0,0,0,0,0,0,0,0,0,0,0,0,0,0,0,0,0,0,0,0,0,0,0,0,0,0,0,0,0,0,0,0,0,0,0,0,0,0,0,0,0,0,0,0,0,0,0,0,0,0,0,0,0,0,0,0,0,0,0,0,0,0,0,0,0,0,0,0,0,0,0,0,0,0,0,0,0,0,0,0,0,0,0,0,0,0,0,0,0,0,0,0,0,0,0,0,0,0,0,0,0,0,0,0,0,0,0,0,0,0,0,0,0,0,0,0,0,0,0,0,0,0,0,126,168.1,185.3,143,144.3,166,140.4,211.2,156.3,148.3,246.3,157.2,174.5,171.8,179.9,194.7,197.2,264.3,184.9,352.7,228.2,461.8,238,242.5,257,260.7,307.2,459.3,259.7,348.4,294.3,289.4,274,316,341.3,311.8,353.3,300.5,319.4,209.9,270.2,222.2,335.3,295.6,226.1,269.7,240.5,405.6,218.8,255.8,298.2,461.1,316.5,293.3,371.8,304.8,329.1,439.7,425.3,515.3,377.5,304,333.7,284.8,288,306,398.9,337.8,554.2,554.1,476.8,467.8,471.7,409.7,311.2,403.2,475.4,419.1,378.3,283.9,393.6,368.4,360.8,348.4,0,0,0,0,0,0,0,0,0,0,0,0,0,0,0,0,0,0,0,0,0,0,0,0,0,0,0,0,0,88.3,113.1,95.9,115.8,0,0,0,0,0,0,0,0,0,87.3,87.3,155.9,0,,,,,,,75,,46717194,,454,,
2,0,0,0,0,0,0,0,0,0,0,0,0,0,0,0,0,0,0,0,0,0,0,0,0,0,0,0,0,0,0,0,0,0,0,0,0,0,0,0,0,0,0,0,0,0,0,0,0,0,0,0,0,0,0,0,0,0,0,0,0,0,0,0,0,0,0,0,0,0,0,0,0,0,0,0,0,0,0,0,0,0,0,0,0,0,0,0,0,0,0,0,0,0,0,0,0,0,0,0,0,0,0,0,0,0,0,0,0,0,0,0,0,0,0,0,0,0,0,0,0,0,0,0,0,0,0,0,0,0,0,0,0,0,0,0,0,0,0,106.2,130.6,176.3,124,144.3,157.1,129.3,211.2,146.8,139.1,233.3,157.2,174.5,153,179.9,194.7,186,257,184.9,352.7,216.3,445.9,238,242.5,246.2,241.7,272.1,453.7,253.5,329.1,294.3,289.4,274,316,341.3,299.5,342.5,291.1,314.7,197.1,265,212.9,327.2,287.4,215.2,251,240.5,393.2,218.8,252,298.2,456,310.5,281.1,362.8,304.8,329.1,439.7,412.3,515.3,371.8,304,322.1,284.8,284.1,300.4,398.9,331.2,508.7,554.1,476.8,458.4,460,409.7,305.3,403.2,475.4,406.1,378.3,283.9,363.7,368.4,360.8,337.7,0,0,0,0,0,0,0,0,0,0,0,0,0,0,0,0,0,0,0,0,0,0,0,0,0,0,0,0,0,77.9,100.2,87.1,115.8,0,0,0,0,0,0,0,0,0,75.5,87.3,150.6,0,,,,,,,76,,45561456,,452,,
2,0,0,0,0,0,0,0,0,0,0,0,0,0,0,0,0,0,0,0,0,0,0,0,0,0,0,0,0,0,0,0,0,0,0,0,0,0,0,0,0,0,0,0,0,0,0,0,0,0,0,0,0,0,0,0,0,0,0,0,0,0,0,0,0,0,0,0,0,0,0,0,0,0,0,0,0,0,0,0,0,0,0,0,0,0,0,0,0,0,0,0,0,0,0,0,0,0,0,0,0,0,0,0,0,0,0,0,0,0,0,0,0,0,0,0,0,0,0,0,0,0,0,0,0,0,0,0,0,0,0,0,0,0,0,0,0,0,0,0,54,166.3,114.6,144.3,157.1,124.4,202.8,146.8,137.5,203.5,146.2,164.9,153,161.6,173.9,186,251.4,184.9,335.5,197.3,431.5,238,239.2,246.2,241.7,272.1,448.1,253.5,329.1,279.6,274.2,258.2,310.1,316.2,299.5,323.4,284.3,314.7,177.8,265,209.8,321.5,279.3,215.2,238.6,230.5,383.3,218.8,239.8,298.2,438.5,304.5,281.1,353.5,304.8,319.7,417.2,401.9,515.3,365.5,297.7,308.7,273.8,284.1,300.4,398.9,323.2,481.5,534.9,453.6,458.4,455.3,409.7,305.3,402.6,464.2,406.1,360,252.8,288.1,368.4,360.8,318.2,0,0,0,0,0,0,0,0,0,0,0,0,0,0,0,0,0,0,0,0,0,0,0,0,0,0,0,0,0,0,89.9,81.9,115.8,0,0,0,0,0,0,0,0,0,75.5,81.3,150.6,0,,,,,,,77,,43788100,,450,,
2,0,0,0,0,0,0,0,0,0,0,0,0,0,0,0,0,0,0,0,0,0,0,0,0,0,0,0,0,0,0,0,0,0,0,0,0,0,0,0,0,0,0,0,0,0,0,0,0,0,0,0,0,0,0,0,0,0,0,0,0,0,0,0,0,0,0,0,0,0,0,0,0,0,0,0,0,0,0,0,0,0,0,0,0,0,0,0,0,0,0,0,0,0,0,0,0,0,0,0,0,0,0,0,0,0,0,0,0,0,0,0,0,0,0,0,0,0,0,0,0,0,0,0,0,0,0,0,0,0,0,0,0,0,0,0,0,0,0,0,0,11.8,85.8,113.5,149.8,124.4,198.5,146.8,133.2,195.3,146.2,164.9,141.9,161.6,167.3,186,239.4,179.7,331.4,191.8,414.7,234.7,232.4,235.9,233.6,272.1,446,232.7,320.4,279.6,274.2,254,310.1,316.2,288.6,323.4,279,307.3,177.8,256.2,201.5,321.5,279.3,215.2,238.6,218,371.4,211.6,234.6,298.2,438.5,282.1,268.9,353.5,295.9,309,387.8,385.2,503.3,365.5,289.4,297.2,268,270,289.9,374.6,323.2,475.3,534.9,453.6,458.4,446.2,409.7,305.3,385.6,464.2,396.9,360,252.8,288.1,368.4,349.9,318.2,0,0,0,0,0,0,0,0,0,0,0,0,0,0,0,0,0,0,0,0,0,0,0,0,0,0,0,0,0,0,66.4,81.9,115.8,0,0,0,0,0,0,0,0,0,57.9,81.3,135.2,0,,,,,,,78,,42504814,,448,,
2,0,0,0,0,0,0,0,0,0,0,0,0,0,0,0,0,0,0,0,0,0,0,0,0,0,0,0,0,0,0,0,0,0,0,0,0,0,0,0,0,0,0,0,0,0,0,0,0,0,0,0,0,0,0,0,0,0,0,0,0,0,0,0,0,0,0,0,0,0,0,0,0,0,0,0,0,0,0,0,0,0,0,0,0,0,0,0,0,0,0,0,0,0,0,0,0,0,0,0,0,0,0,0,0,0,0,0,0,0,0,0,0,0,0,0,0,0,0,0,0,0,0,0,0,0,0,0,0,0,0,0,0,0,0,0,0,0,0,0,0,0,0,0,142,117.5,187.2,137,121.1,195.3,133.9,164.9,141.9,161.6,154.4,167.4,233.9,179.7,324.7,184.5,407.2,222.8,232.4,211.3,219,271.2,440.9,232.7,301.5,234.2,265,254,294.7,316.2,288.6,304,272.2,298.5,166,248.5,201.5,314.7,267,204,227,218,360,211.6,234.6,291.2,427.8,282.1,268.9,344.5,295.9,309,357.2,344.6,492.9,365.5,281,297.2,268,270,275.6,374.6,323.2,460.7,534.9,453.6,458.4,443.6,395.9,305.3,385.6,449.5,385.4,350.1,243.3,276.6,355.8,349.9,312.2,0,0,0,0,0,0,0,0,0,0,0,0,0,0,0,0,0,0,0,0,0,0,0,0,0,0,0,0,0,0,0,63.3,107,0,0,0,0,0,0,0,0,0,51.8,68,129.7,0,,,,,,,79,,40933912,,446,,
2,0,0,0,0,0,0,0,0,0,0,0,0,0,0,0,0,0,0,0,0,0,0,0,0,0,0,0,0,0,0,0,0,0,0,0,0,0,0,0,0,0,0,0,0,0,0,0,0,0,0,0,0,0,0,0,0,0,0,0,0,0,0,0,0,0,0,0,0,0,0,0,0,0,0,0,0,0,0,0,0,0,0,0,0,0,0,0,0,0,0,0,0,0,0,0,0,0,0,0,0,0,0,0,0,0,0,0,0,0,0,0,0,0,0,0,0,0,0,0,0,0,0,0,0,0,0,0,0,0,0,0,0,0,0,0,0,0,0,0,0,0,0,0,42.7,89.8,115.2,137,113.2,168.2,126.9,159.5,111.5,142,138.5,167.4,228,173,324.7,178.6,377.7,222.8,221.5,211.3,213.6,267,429.6,232.7,295.9,234.2,259.7,254,294.7,305.7,288.6,304,264.6,298.5,166,241.1,184.6,293,267,204,227,218,348,204.2,234.6,291.2,409.2,282.1,263.5,344.5,281.9,294.1,343.4,344.6,492.9,345.6,281,297.2,256.1,264.9,275.6,365.2,312.9,448.8,523.6,447.3,448.9,437.2,384.1,305.3,385.6,431.6,385.4,350.1,243.3,276.6,347.8,349.9,306.5,0,0,0,0,0,0,0,0,0,0,0,0,0,0,0,0,0,0,0,0,0,0,0,0,0,0,0,0,0,0,0,0,107,0,0,0,0,0,0,0,0,0,0,62,126.4,0,,,,,,,80,,39553510,,444,,
2,0,0,0,0,0,0,0,0,0,0,0,0,0,0,0,0,0,0,0,0,0,0,0,0,0,0,0,0,0,0,0,0,0,0,0,0,0,0,0,0,0,0,0,0,0,0,0,0,0,0,0,0,0,0,0,0,0,0,0,0,0,0,0,0,0,0,0,0,0,0,0,0,0,0,0,0,0,0,0,0,0,0,0,0,0,0,0,0,0,0,0,0,0,0,0,0,0,0,0,0,0,0,0,0,0,0,0,0,0,0,0,0,0,0,0,0,0,0,0,0,0,0,0,0,0,0,0,0,0,0,0,0,0,0,0,0,0,0,0,0,0,0,0,0,0,0,72.6,101.6,12.3,84.3,147.8,111.5,131.2,138.5,167.4,228,173,307.1,169.1,331,222.8,221.5,190.9,213.6,255,409.5,222.8,285.2,234.2,242.1,247.6,281.7,305.7,281,304,264.6,289,160.8,241.1,184.6,293,245.7,204,207.4,203.3,348,191.3,234.6,291.2,409.2,255.9,255.3,320.8,281.9,288,336.4,330.3,492.9,345.6,278.4,284.4,256.1,247.7,262.9,348.3,312.9,430.4,513.9,440.8,434.5,416.8,384.1,296.1,359.8,431.6,364.7,334.7,243.3,267.3,347.8,322.8,288.7,0,0,0,0,0,0,0,0,0,0,0,0,0,0,0,0,0,0,0,0,0,0,0,0,0,0,0,0,0,0,0,0,99.6,0,0,0,0,0,0,0,0,0,0,62,114.3,0,,,,,,,81,,37588676,,442,,
2,0,0,0,0,0,0,0,0,0,0,0,0,0,0,0,0,0,0,0,0,0,0,0,0,0,0,0,0,0,0,0,0,0,0,0,0,0,0,0,0,0,0,0,0,0,0,0,0,0,0,0,0,0,0,0,0,0,0,0,0,0,0,0,0,0,0,0,0,0,0,0,0,0,0,0,0,0,0,0,0,0,0,0,0,0,0,0,0,0,0,0,0,0,0,0,0,0,0,0,0,0,0,0,0,0,0,0,0,0,0,0,0,0,0,0,0,0,0,0,0,0,0,0,0,0,0,0,0,0,0,0,0,0,0,0,0,0,0,0,0,0,0,0,0,0,0,0,0,0,0,104.9,88.8,128.1,119.3,144.3,195.2,167.6,303.1,165,258.5,214.3,211.9,169.4,186.5,134.3,396.5,222.8,276.4,234.2,242.1,232.7,281.7,292.5,281,283.6,252.8,276.1,150.4,231.8,184.6,293,236.9,184.5,207.4,197.8,333.8,191.3,227,278,397.4,255.9,243,320.8,274.9,277.2,336.4,307.8,472.8,340.7,275.1,284.4,256.1,247.7,262.9,342,312.9,401.2,507.4,426.5,411.5,402.5,372.4,296.1,359.8,417.3,364.7,334.7,243.3,267.3,347.8,316.9,288.7,0,0,0,0,0,0,0,0,0,0,0,0,0,0,0,0,0,0,0,0,0,0,0,0,0,0,0,0,0,0,0,0,99.6,0,0,0,0,0,0,0,0,0,0,56,114.3,0,,,,,,,82,,35781084,,440,,
2,0,0,0,0,0,0,0,0,0,0,0,0,0,0,0,0,0,0,0,0,0,0,0,0,0,0,0,0,0,0,0,0,0,0,0,0,0,0,0,0,0,0,0,0,0,0,0,0,0,0,0,0,0,0,0,0,0,0,0,0,0,0,0,0,0,0,0,0,0,0,0,0,0,0,0,0,0,0,0,0,0,0,0,0,0,0,0,0,0,0,0,0,0,0,0,0,0,0,0,0,0,0,0,0,0,0,0,0,0,0,0,0,0,0,0,0,0,0,0,0,0,0,0,0,0,0,0,0,0,0,0,0,0,0,0,0,0,0,0,0,0,0,0,0,0,0,0,0,0,0,0,43.1,0,65,144.3,195.2,167.6,303.1,165,181.3,207,196.9,169.4,175.6,131.6,338.1,210.4,247.1,234.2,235.6,232.7,266.7,285,281,283.6,243.2,276.1,150.4,222.2,180.5,283.5,234.2,184.5,207.4,197.8,333.8,191.3,227,262.2,392.1,249.2,243,320.8,274.9,263.1,330,307.8,472.8,329.6,267.7,264.6,256.1,247.7,237.8,342,304.9,394.7,502.4,420.3,402.2,402.5,369.5,290.3,359.8,417.3,347.8,318.9,235.6,267.3,308.8,316.9,288.7,0,0,0,0,0,0,0,0,0,0,0,0,0,0,0,0,0,0,0,0,0,0,0,0,0,0,0,0,0,0,0,0,86.4,0,0,0,0,0,0,0,0,0,0,56,110,0,,,,,,,83,,34205698,,438,,
2,0,0,0,0,0,0,0,0,0,0,0,0,0,0,0,0,0,0,0,0,0,0,0,0,0,0,0,0,0,0,0,0,0,0,0,0,0,0,0,0,0,0,0,0,0,0,0,0,0,0,0,0,0,0,0,0,0,0,0,0,0,0,0,0,0,0,0,0,0,0,0,0,0,0,0,0,0,0,0,0,0,0,0,0,0,0,0,0,0,0,0,0,0,0,0,0,0,0,0,0,0,0,0,0,0,0,0,0,0,0,0,0,0,0,0,0,0,0,0,0,0,0,0,0,0,0,0,0,0,0,0,0,0,0,0,0,0,0,0,0,0,0,0,0,0,0,0,0,0,0,0,0,0,0,18.5,149.4,156.3,288.8,165,166.5,197.1,196.9,164,170.1,125.1,319.8,210.4,237.5,181.8,215.6,223.1,266.7,285,281,283.6,243.2,264.7,144,222.2,180.5,271.5,221.9,184.5,191.6,197.8,325.3,181.7,208.3,244.4,375.5,238.3,233.5,310.6,274.9,263.1,312,289.2,467.4,316.7,267.7,257.7,256.1,237,237.8,318.8,295.4,394.7,466.3,413.5,390.2,397.3,369.5,290.3,351.8,417.3,345.1,310.2,235.6,267.3,308.8,312.3,279.2,0,0,0,0,0,0,0,0,0,0,0,0,0,0,0,0,0,0,0,0,0,0,0,0,0,0,0,0,0,0,0,0,86.4,0,0,0,0,0,0,0,0,0,0,38.1,110,0,,,,,,,84,,32631964,,436,,
2,0,0,0,0,0,0,0,0,0,0,0,0,0,0,0,0,0,0,0,0,0,0,0,0,0,0,0,0,0,0,0,0,0,0,0,0,0,0,0,0,0,0,0,0,0,0,0,0,0,0,0,0,0,0,0,0,0,0,0,0,0,0,0,0,0,0,0,0,0,0,0,0,0,0,0,0,0,0,0,0,0,0,0,0,0,0,0,0,0,0,0,0,0,0,0,0,0,0,0,0,0,0,0,0,0,0,0,0,0,0,0,0,0,0,0,0,0,0,0,0,0,0,0,0,0,0,0,0,0,0,0,0,0,0,0,0,0,0,0,0,0,0,0,0,0,0,0,0,0,0,0,0,0,0,0,0,149,270.7,150.8,157.1,191.4,196.9,160.8,153.4,119.8,308,199.2,229.2,181.8,215.6,223.1,258.8,279.8,271.2,266.2,231,264.7,137.4,209,161.3,264.8,216.4,176.1,191.6,183.9,311.6,181.7,208.3,244.4,356.9,238.3,233.5,300.1,260.6,245.7,312,289.2,467.4,298.9,267.7,245.9,242.5,230.3,231.3,307.8,295.4,378.7,426.5,394.7,370.3,390.6,360.1,278.4,335.7,392.6,345.1,305.1,235.6,246.5,288.3,308.4,273.3,0,0,0,0,0,0,0,0,0,0,0,0,0,0,0,0,0,0,0,0,0,0,0,0,0,0,0,0,0,0,0,0,75.8,0,0,0,0,0,0,0,0,0,0,38.1,91.3,0,,,,,,,85,,31203018,,434,,
2,0,0,0,0,0,0,0,0,0,0,0,0,0,0,0,0,0,0,0,0,0,0,0,0,0,0,0,0,0,0,0,0,0,0,0,0,0,0,0,0,0,0,0,0,0,0,0,0,0,0,0,0,0,0,0,0,0,0,0,0,0,0,0,0,0,0,0,0,0,0,0,0,0,0,0,0,0,0,0,0,0,0,0,0,0,0,0,0,0,0,0,0,0,0,0,0,0,0,0,0,0,0,0,0,0,0,0,0,0,0,0,0,0,0,0,0,0,0,0,0,0,0,0,0,0,0,0,0,0,0,0,0,0,0,0,0,0,0,0,0,0,0,0,0,0,0,0,0,0,0,0,0,0,0,0,0,135,227,150.8,134.2,191.4,188.5,147.2,146.6,119.8,299.1,199.2,224.8,171.7,205.8,217.7,240.5,273.2,271.2,266.2,220.9,249,128,209,161.3,264.8,208.2,176.1,191.6,183.9,311.6,181.7,198,192.2,341.6,226.5,233.5,289.6,260.6,245.7,312,278.5,451.4,293.9,267.7,237.1,230.3,219.3,224.7,301.1,288.5,378.7,414.3,394.7,354.2,377.6,360.1,278.4,329.9,392.6,325,292.2,235.6,246.5,282.1,308.4,273.3,0,0,0,0,0,0,0,0,0,0,0,0,0,0,0,0,0,0,0,0,0,0,0,0,0,0,0,0,0,0,0,0,75.8,0,0,0,0,0,0,0,0,0,0,33.4,91.3,0,,,,,,,86,,30344704,,432,,
2,0,0,0,0,0,0,0,0,0,0,0,0,0,0,0,0,0,0,0,0,0,0,0,0,0,0,0,0,0,0,0,0,0,0,0,0,0,0,0,0,0,0,0,0,0,0,0,0,0,0,0,0,0,0,0,0,0,0,0,0,0,0,0,0,0,0,0,0,0,0,0,0,0,0,0,0,0,0,0,0,0,0,0,0,0,0,0,0,0,0,0,0,0,0,0,0,0,0,0,0,0,0,0,0,0,0,0,0,0,0,0,0,0,0,0,0,0,0,0,0,0,0,0,0,0,0,0,0,0,0,0,0,0,0,0,0,0,0,0,0,0,0,0,0,0,0,0,0,0,0,0,0,0,0,0,0,119.9,193.9,138.3,122,174.4,177.7,147.2,136.4,114.3,286.1,188.6,214.8,161.2,192.8,217.7,205.4,267.5,271.2,255.3,210.5,249,128,200,155.8,249.8,195.9,176.1,191.6,170.5,298.8,181.7,198,192.2,327.4,226.5,203,274.1,260.6,238.3,303.8,278.5,451.4,286.2,261.3,225.3,230.3,204.1,213.5,291.5,288.5,378.7,403.2,388.2,330,377.6,345.4,267,317.3,377.4,318.3,289.7,235.6,246.5,274.1,308.4,268.2,0,0,0,0,0,0,0,0,0,0,0,0,0,0,0,0,0,0,0,0,0,0,0,0,0,0,0,0,0,0,0,0,60,0,0,0,0,0,0,0,0,0,0,0,81.6,0,,,,,,,87,,29265884,,430,,
2,0,0,0,0,0,0,0,0,0,0,0,0,0,0,0,0,0,0,0,0,0,0,0,0,0,0,0,0,0,0,0,0,0,0,0,0,0,0,0,0,0,0,0,0,0,0,0,0,0,0,0,0,0,0,0,0,0,0,0,0,0,0,0,0,0,0,0,0,0,0,0,0,0,0,0,0,0,0,0,0,0,0,0,0,0,0,0,0,0,0,0,0,0,0,0,0,0,0,0,0,0,0,0,0,0,0,0,0,0,0,0,0,0,0,0,0,0,0,0,0,0,0,0,0,0,0,0,0,0,0,0,0,0,0,0,0,0,0,0,0,0,0,0,0,0,0,0,0,0,0,0,0,0,0,0,0,0,117.9,13.6,34.9,124.9,169.8,137.8,126.9,111,286.1,179.6,214.8,161.2,183.9,217.7,205.4,267.5,271.2,245.8,201.1,237.3,121.3,193.6,155.8,249.8,191.8,176.1,182.4,163.6,280.2,165.1,198,192.2,327.4,223.1,203,261,250.1,235.5,297.1,260.6,441.9,271.1,249.6,225.3,224.9,204.1,209.3,286.9,277,366.5,389.8,377.9,330,359.7,330.1,238.5,317.3,362.3,318.3,275.6,230.8,239.9,274.1,308.4,268.2,0,0,0,0,0,0,0,0,0,0,0,0,0,0,0,0,0,0,0,0,0,0,0,0,0,0,0,0,0,0,0,0,53.5,0,0,0,0,0,0,0,0,0,0,0,81.6,0,,,,,,,88,,27715592,,428,,
2,0,0,0,0,0,0,0,0,0,0,0,0,0,0,0,0,0,0,0,0,0,0,0,0,0,0,0,0,0,0,0,0,0,0,0,0,0,0,0,0,0,0,0,0,0,0,0,0,0,0,0,0,0,0,0,0,0,0,0,0,0,0,0,0,0,0,0,0,0,0,0,0,0,0,0,0,0,0,0,0,0,0,0,0,0,0,0,0,0,0,0,0,0,0,0,0,0,0,0,0,0,0,0,0,0,0,0,0,0,0,0,0,0,0,0,0,0,0,0,0,0,0,0,0,0,0,0,0,0,0,0,0,0,0,0,0,0,0,0,0,0,0,0,0,0,0,0,0,0,0,0,0,0,0,0,0,0,0,0,0,0,169.8,137.8,109.3,111,200.9,179.6,197,142.8,172.9,200.3,199,267.5,262.7,239.7,190.8,237.3,116,193.6,142.8,243.1,182.3,163.4,164.9,163.6,268.7,165.1,192.5,192.2,322.2,210.9,203,254.4,250.1,235.5,297.1,247.8,433.5,271.1,249.6,207.4,224.9,191.6,209.3,277.2,277,360.5,379,377.9,305.4,342.7,318.4,223.3,317.3,362.3,302.5,275.6,230.8,239.9,274.1,308.4,254.2,0,0,0,0,0,0,0,0,0,0,0,0,0,0,0,0,0,0,0,0,0,0,0,0,0,0,0,0,0,0,0,0,53.5,0,0,0,0,0,0,0,0,0,0,0,81.6,0,,,,,,,89,,26270570,,426,,
2,0,0,0,0,0,0,0,0,0,0,0,0,0,0,0,0,0,0,0,0,0,0,0,0,0,0,0,0,0,0,0,0,0,0,0,0,0,0,0,0,0,0,0,0,0,0,0,0,0,0,0,0,0,0,0,0,0,0,0,0,0,0,0,0,0,0,0,0,0,0,0,0,0,0,0,0,0,0,0,0,0,0,0,0,0,0,0,0,0,0,0,0,0,0,0,0,0,0,0,0,0,0,0,0,0,0,0,0,0,0,0,0,0,0,0,0,0,0,0,0,0,0,0,0,0,0,0,0,0,0,0,0,0,0,0,0,0,0,0,0,0,0,0,0,0,0,0,0,0,0,0,0,0,0,0,0,0,0,0,0,0,0,118.4,86.5,92.9,173.8,172.5,184.3,142.8,172.9,200.3,188.4,249.4,249.3,226.6,173.2,227.3,109.4,188.3,131.9,231.5,167.8,160.7,164.9,163.6,268.7,165.1,192.5,179.2,314.6,210.9,203,254.4,239.6,216,286,247.8,419.1,247.6,249.6,179.8,208.1,191.6,191.9,270,277,346.6,363,362.6,296,342.7,306.5,223.3,300,354,302.5,275.6,230.8,239.9,258.4,296.3,254.2,0,0,0,0,0,0,0,0,0,0,0,0,0,0,0,0,0,0,0,0,0,0,0,0,0,0,0,0,0,0,0,0,43.1,0,0,0,0,0,0,0,0,0,0,0,72.8,0,,,,,,,90,,25073946,,424,,
2,0,0,0,0,0,0,0,0,0,0,0,0,0,0,0,0,0,0,0,0,0,0,0,0,0,0,0,0,0,0,0,0,0,0,0,0,0,0,0,0,0,0,0,0,0,0,0,0,0,0,0,0,0,0,0,0,0,0,0,0,0,0,0,0,0,0,0,0,0,0,0,0,0,0,0,0,0,0,0,0,0,0,0,0,0,0,0,0,0,0,0,0,0,0,0,0,0,0,0,0,0,0,0,0,0,0,0,0,0,0,0,0,0,0,0,0,0,0,0,0,0,0,0,0,0,0,0,0,0,0,0,0,0,0,0,0,0,0,0,0,0,0,0,0,0,0,0,0,0,0,0,0,0,0,0,0,0,0,0,0,0,0,0,42,92.9,0,153.2,179.9,125.1,150.8,200.3,182.5,249.4,245.1,213.8,165.1,219.6,102.8,174,131.9,220.7,159.8,160.7,164.9,163.6,263.6,165.1,175.6,179.2,314.6,210.9,203,244,239.6,216,286,247.8,407.8,247.6,240.4,179.8,208.1,183.6,191.9,261.5,264.9,338.6,351.4,350.8,278.2,336.1,306.5,223.3,300,329.1,288,264.2,227.2,230.3,258.4,296.3,254.2,0,0,0,0,0,0,0,0,0,0,0,0,0,0,0,0,0,0,0,0,0,0,0,0,0,0,0,0,0,0,0,0,0,0,0,0,0,0,0,0,0,0,0,0,72.8,0,,,,,,,91,,23751024,,422,,
2,0,0,0,0,0,0,0,0,0,0,0,0,0,0,0,0,0,0,0,0,0,0,0,0,0,0,0,0,0,0,0,0,0,0,0,0,0,0,0,0,0,0,0,0,0,0,0,0,0,0,0,0,0,0,0,0,0,0,0,0,0,0,0,0,0,0,0,0,0,0,0,0,0,0,0,0,0,0,0,0,0,0,0,0,0,0,0,0,0,0,0,0,0,0,0,0,0,0,0,0,0,0,0,0,0,0,0,0,0,0,0,0,0,0,0,0,0,0,0,0,0,0,0,0,0,0,0,0,0,0,0,0,0,0,0,0,0,0,0,0,0,0,0,0,0,0,0,0,0,0,0,0,0,0,0,0,0,0,0,0,0,0,0,0,0,0,35.1,57.7,103.1,141.8,183.9,164.9,239.3,223.6,204.5,165.1,214.5,97.6,174,131.9,220.7,159.8,147.4,152.5,139.2,240.6,150.4,175.6,176.1,300.5,194.9,203,232.9,239.6,205.7,275.5,232.5,402.5,237.3,232,179.8,197,171.1,180.4,248.7,250.3,328.1,338.3,344.6,278.2,317,294.7,218.4,294.5,322.7,281.5,251.5,227.2,216.1,258.4,275.4,254.2,0,0,0,0,0,0,0,0,0,0,0,0,0,0,0,0,0,0,0,0,0,0,0,0,0,0,0,0,0,0,0,0,0,0,0,0,0,0,0,0,0,0,0,0,72.8,0,,,,,,,92,,22093648,,420,,
2,0,0,0,0,0,0,0,0,0,0,0,0,0,0,0,0,0,0,0,0,0,0,0,0,0,0,0,0,0,0,0,0,0,0,0,0,0,0,0,0,0,0,0,0,0,0,0,0,0,0,0,0,0,0,0,0,0,0,0,0,0,0,0,0,0,0,0,0,0,0,0,0,0,0,0,0,0,0,0,0,0,0,0,0,0,0,0,0,0,0,0,0,0,0,0,0,0,0,0,0,0,0,0,0,0,0,0,0,0,0,0,0,0,0,0,0,0,0,0,0,0,0,0,0,0,0,0,0,0,0,0,0,0,0,0,0,0,0,0,0,0,0,0,0,0,0,0,0,0,0,0,0,0,0,0,0,0,0,0,0,0,0,0,0,0,0,0,0,0,103.7,138.6,121.4,233.9,213.3,195.3,152.3,214.5,97.6,168.3,116.9,208,148.6,147.4,152.5,139.2,225.4,145,175.6,176.1,300.5,194.9,185.3,232.9,234.4,205.7,275.5,232.5,390.4,227.7,223,161.5,197,171.1,180.4,238,241.6,316.2,326,330.1,269.1,310.7,286.3,218.4,294.5,301.2,272.3,240.3,227.2,216.1,258.4,275.4,232.5,0,0,0,0,0,0,0,0,0,0,0,0,0,0,0,0,0,0,0,0,0,0,0,0,0,0,0,0,0,0,0,0,0,0,0,0,0,0,0,0,0,0,0,0,60.8,0,,,,,,,93,,20931720,,418,,
2,0,0,0,0,0,0,0,0,0,0,0,0,0,0,0,0,0,0,0,0,0,0,0,0,0,0,0,0,0,0,0,0,0,0,0,0,0,0,0,0,0,0,0,0,0,0,0,0,0,0,0,0,0,0,0,0,0,0,0,0,0,0,0,0,0,0,0,0,0,0,0,0,0,0,0,0,0,0,0,0,0,0,0,0,0,0,0,0,0,0,0,0,0,0,0,0,0,0,0,0,0,0,0,0,0,0,0,0,0,0,0,0,0,0,0,0,0,0,0,0,0,0,0,0,0,0,0,0,0,0,0,0,0,0,0,0,0,0,0,0,0,0,0,0,0,0,0,0,0,0,0,0,0,0,0,0,0,0,0,0,0,0,0,0,0,0,0,0,0,0,0,0,193.8,175.2,173.1,140.2,199.4,84.4,156.9,116.9,197.4,140.6,147.4,140.9,135,209.2,145,160.7,176.1,300.5,187.7,185.3,215.9,226.5,194.4,264.5,232.5,375.8,216.5,223,161.5,178.7,164.8,180.4,227.8,241.6,307.1,303.7,323.6,258.4,304.5,286.3,210.4,294.5,301.2,258,240.3,227.2,213.5,258.4,268.6,232.5,0,0,0,0,0,0,0,0,0,0,0,0,0,0,0,0,0,0,0,0,0,0,0,0,0,0,0,0,0,0,0,0,0,0,0,0,0,0,0,0,0,0,0,0,60.8,0,,,,,,,94,,19475190,,416,,
2,0,0,0,0,0,0,0,0,0,0,0,0,0,0,0,0,0,0,0,0,0,0,0,0,0,0,0,0,0,0,0,0,0,0,0,0,0,0,0,0,0,0,0,0,0,0,0,0,0,0,0,0,0,0,0,0,0,0,0,0,0,0,0,0,0,0,0,0,0,0,0,0,0,0,0,0,0,0,0,0,0,0,0,0,0,0,0,0,0,0,0,0,0,0,0,0,0,0,0,0,0,0,0,0,0,0,0,0,0,0,0,0,0,0,0,0,0,0,0,0,0,0,0,0,0,0,0,0,0,0,0,0,0,0,0,0,0,0,0,0,0,0,0,0,0,0,0,0,0,0,0,0,0,0,0,0,0,0,0,0,0,0,0,0,0,0,0,0,0,0,0,0,0,0,0,29.3,139.6,72.2,137,110.8,191.8,129.6,141.7,140.9,135,204.2,145,160.7,160.3,279.9,187.7,185.3,215.9,226.5,191.6,259.1,227.2,370.4,216.5,195.5,148.8,169.2,159.6,165.8,220.5,230.8,307.1,296.2,306.8,248.1,282,268.3,210.4,289,275.6,251.4,230.5,218.9,202.1,247.3,268.6,232.5,0,0,0,0,0,0,0,0,0,0,0,0,0,0,0,0,0,0,0,0,0,0,0,0,0,0,0,0,0,0,0,0,0,0,0,0,0,0,0,0,0,0,0,0,24.1,0,,,,,,,95,,17763054,,414,,
2,0,0,0,0,0,0,0,0,0,0,0,0,0,0,0,0,0,0,0,0,0,0,0,0,0,0,0,0,0,0,0,0,0,0,0,0,0,0,0,0,0,0,0,0,0,0,0,0,0,0,0,0,0,0,0,0,0,0,0,0,0,0,0,0,0,0,0,0,0,0,0,0,0,0,0,0,0,0,0,0,0,0,0,0,0,0,0,0,0,0,0,0,0,0,0,0,0,0,0,0,0,0,0,0,0,0,0,0,0,0,0,0,0,0,0,0,0,0,0,0,0,0,0,0,0,0,0,0,0,0,0,0,0,0,0,0,0,0,0,0,0,0,0,0,0,0,0,0,0,0,0,0,0,0,0,0,0,0,0,0,0,0,0,0,0,0,0,0,0,0,0,0,0,0,0,0,0,0,25.2,73.9,47.3,102.5,141.4,131.6,135,189.5,145,151.5,160.3,268.3,176,180.8,209.5,226.5,184.8,259.1,227.2,356,204.7,195.5,148.8,169.2,154.4,153.6,194.2,230.8,298.2,284.8,299.9,242.4,282,243,200.1,289,270.5,244.8,212.1,212,202.1,247.3,268.6,225.4,0,0,0,0,0,0,0,0,0,0,0,0,0,0,0,0,0,0,0,0,0,0,0,0,0,0,0,0,0,0,0,0,0,0,0,0,0,0,0,0,0,0,0,0,0,0,,,,,,,96,,16302092,,412,,
2,0,0,0,0,0,0,0,0,0,0,0,0,0,0,0,0,0,0,0,0,0,0,0,0,0,0,0,0,0,0,0,0,0,0,0,0,0,0,0,0,0,0,0,0,0,0,0,0,0,0,0,0,0,0,0,0,0,0,0,0,0,0,0,0,0,0,0,0,0,0,0,0,0,0,0,0,0,0,0,0,0,0,0,0,0,0,0,0,0,0,0,0,0,0,0,0,0,0,0,0,0,0,0,0,0,0,0,0,0,0,0,0,0,0,0,0,0,0,0,0,0,0,0,0,0,0,0,0,0,0,0,0,0,0,0,0,0,0,0,0,0,0,0,0,0,0,0,0,0,0,0,0,0,0,0,0,0,0,0,0,0,0,0,0,0,0,0,0,0,0,0,0,0,0,0,0,0,0,0,0,0,0,0,106.2,107.1,170,124.8,145.5,160.3,268.3,176,180.8,198.1,217.3,172.9,244.2,212.8,344.7,195.4,186.3,148.8,169.2,154.4,153.6,194.2,230.8,292.5,270.7,291.6,242.4,276,230.6,200.1,289,244.6,231.8,203.7,189.8,202.1,247.3,257.7,225.4,0,0,0,0,0,0,0,0,0,0,0,0,0,0,0,0,0,0,0,0,0,0,0,0,0,0,0,0,0,0,0,0,0,0,0,0,0,0,0,0,0,0,0,0,0,0,,,,,,,97,,15024292,,410,,
2,0,0,0,0,0,0,0,0,0,0,0,0,0,0,0,0,0,0,0,0,0,0,0,0,0,0,0,0,0,0,0,0,0,0,0,0,0,0,0,0,0,0,0,0,0,0,0,0,0,0,0,0,0,0,0,0,0,0,0,0,0,0,0,0,0,0,0,0,0,0,0,0,0,0,0,0,0,0,0,0,0,0,0,0,0,0,0,0,0,0,0,0,0,0,0,0,0,0,0,0,0,0,0,0,0,0,0,0,0,0,0,0,0,0,0,0,0,0,0,0,0,0,0,0,0,0,0,0,0,0,0,0,0,0,0,0,0,0,0,0,0,0,0,0,0,0,0,0,0,0,0,0,0,0,0,0,0,0,0,0,0,0,0,0,0,0,0,0,0,0,0,0,0,0,0,0,0,0,0,0,0,0,0,0,47.8,147,124.8,135.8,153.5,257.5,168.6,168.5,190.4,210.4,172.9,237.4,212.8,329.6,195.4,186.3,137.5,159.6,145.3,153.6,172.9,222.8,281.4,259.8,285.1,227.6,266.8,230.6,200.1,278.5,244.6,221.3,203.7,175.9,186.4,238.9,257.7,225.4,0,0,0,0,0,0,0,0,0,0,0,0,0,0,0,0,0,0,0,0,0,0,0,0,0,0,0,0,0,0,0,0,0,0,0,0,0,0,0,0,0,0,0,0,0,0,,,,,,,98,,14159918,,408,,
2,0,0,0,0,0,0,0,0,0,0,0,0,0,0,0,0,0,0,0,0,0,0,0,0,0,0,0,0,0,0,0,0,0,0,0,0,0,0,0,0,0,0,0,0,0,0,0,0,0,0,0,0,0,0,0,0,0,0,0,0,0,0,0,0,0,0,0,0,0,0,0,0,0,0,0,0,0,0,0,0,0,0,0,0,0,0,0,0,0,0,0,0,0,0,0,0,0,0,0,0,0,0,0,0,0,0,0,0,0,0,0,0,0,0,0,0,0,0,0,0,0,0,0,0,0,0,0,0,0,0,0,0,0,0,0,0,0,0,0,0,0,0,0,0,0,0,0,0,0,0,0,0,0,0,0,0,0,0,0,0,0,0,0,0,0,0,0,0,0,0,0,0,0,0,0,0,0,0,0,0,0,0,0,0,0,0,124.8,128.4,153.5,257.5,151.7,168.5,190.4,210.4,166.2,227.8,192.6,308.4,190.4,165.8,133.4,151.8,134.9,153.6,172.9,215.3,271.6,245,255.5,227.6,242.4,221.5,200.1,261.7,233,221.3,198.1,175.9,186.4,238.9,216.4,219.4,0,0,0,0,0,0,0,0,0,0,0,0,0,0,0,0,0,0,0,0,0,0,0,0,0,0,0,0,0,0,0,0,0,0,0,0,0,0,0,0,0,0,0,0,0,0,,,,,,,99,,13106924,,406,,
2,0,0,0,0,0,0,0,0,0,0,0,0,0,0,0,0,0,0,0,0,0,0,0,0,0,0,0,0,0,0,0,0,0,0,0,0,0,0,0,0,0,0,0,0,0,0,0,0,0,0,0,0,0,0,0,0,0,0,0,0,0,0,0,0,0,0,0,0,0,0,0,0,0,0,0,0,0,0,0,0,0,0,0,0,0,0,0,0,0,0,0,0,0,0,0,0,0,0,0,0,0,0,0,0,0,0,0,0,0,0,0,0,0,0,0,0,0,0,0,0,0,0,0,0,0,0,0,0,0,0,0,0,0,0,0,0,0,0,0,0,0,0,0,0,0,0,0,0,0,0,0,0,0,0,0,0,0,0,0,0,0,0,0,0,0,0,0,0,0,0,0,0,0,0,0,0,0,0,0,0,0,0,0,0,0,0,89.4,117.5,151.6,257.5,151.7,153.6,161.8,191.5,156.9,227.8,179,294,190.4,159.3,133.4,151.8,134.9,147.2,153.9,215.3,259.9,233.7,255.5,218.4,212.1,221.5,192.4,261.7,225.3,211.5,186.9,167.6,186.4,238.9,200.1,210.2,0,0,0,0,0,0,0,0,0,0,0,0,0,0,0,0,0,0,0,0,0,0,0,0,0,0,0,0,0,0,0,0,0,0,0,0,0,0,0,0,0,0,0,0,0,0,,,,,,,100,,12529360,,404,,
2,0,0,0,0,0,0,0,0,0,0,0,0,0,0,0,0,0,0,0,0,0,0,0,0,0,0,0,0,0,0,0,0,0,0,0,0,0,0,0,0,0,0,0,0,0,0,0,0,0,0,0,0,0,0,0,0,0,0,0,0,0,0,0,0,0,0,0,0,0,0,0,0,0,0,0,0,0,0,0,0,0,0,0,0,0,0,0,0,0,0,0,0,0,0,0,0,0,0,0,0,0,0,0,0,0,0,0,0,0,0,0,0,0,0,0,0,0,0,0,0,0,0,0,0,0,0,0,0,0,0,0,0,0,0,0,0,0,0,0,0,0,0,0,0,0,0,0,0,0,0,0,0,0,0,0,0,0,0,0,0,0,0,0,0,0,0,0,0,0,0,0,0,0,0,0,0,0,0,0,0,0,0,0,0,0,0,0,94.5,146.2,222.7,143.6,153.6,161.8,191.5,143.5,219.5,171.5,270,174.7,145.6,133.4,137.3,125.8,140.4,73.3,204.3,259.9,233.7,244.9,210,203.3,211.9,192.4,247.1,207.2,202.2,186.9,167.6,186.4,229.7,200.1,210.2,0,0,0,0,0,0,0,0,0,0,0,0,0,0,0,0,0,0,0,0,0,0,0,0,0,0,0,0,0,0,0,0,0,0,0,0,0,0,0,0,0,0,0,0,0,0,,,,,,,101,,11555854,,402,,
2,0,0,0,0,0,0,0,0,0,0,0,0,0,0,0,0,0,0,0,0,0,0,0,0,0,0,0,0,0,0,0,0,0,0,0,0,0,0,0,0,0,0,0,0,0,0,0,0,0,0,0,0,0,0,0,0,0,0,0,0,0,0,0,0,0,0,0,0,0,0,0,0,0,0,0,0,0,0,0,0,0,0,0,0,0,0,0,0,0,0,0,0,0,0,0,0,0,0,0,0,0,0,0,0,0,0,0,0,0,0,0,0,0,0,0,0,0,0,0,0,0,0,0,0,0,0,0,0,0,0,0,0,0,0,0,0,0,0,0,0,0,0,0,0,0,0,0,0,0,0,0,0,0,0,0,0,0,0,0,0,0,0,0,0,0,0,0,0,0,0,0,0,0,0,0,0,0,0,0,0,0,0,0,0,0,0,0,0,126.1,222.7,132.5,153.6,152.7,167.3,143.5,210.1,154.4,255,167.2,136.5,123.2,137.3,119.3,140.4,73.3,204.3,244.9,211.9,233.9,202.1,182.5,211.9,168.7,247.1,195.1,202.2,177.1,167.6,179.9,229.7,194.8,198.3,0,0,0,0,0,0,0,0,0,0,0,0,0,0,0,0,0,0,0,0,0,0,0,0,0,0,0,0,0,0,0,0,0,0,0,0,0,0,0,0,0,0,0,0,0,0,,,,,,,102,,10787282,,400,,
2,0,0,0,0,0,0,0,0,0,0,0,0,0,0,0,0,0,0,0,0,0,0,0,0,0,0,0,0,0,0,0,0,0,0,0,0,0,0,0,0,0,0,0,0,0,0,0,0,0,0,0,0,0,0,0,0,0,0,0,0,0,0,0,0,0,0,0,0,0,0,0,0,0,0,0,0,0,0,0,0,0,0,0,0,0,0,0,0,0,0,0,0,0,0,0,0,0,0,0,0,0,0,0,0,0,0,0,0,0,0,0,0,0,0,0,0,0,0,0,0,0,0,0,0,0,0,0,0,0,0,0,0,0,0,0,0,0,0,0,0,0,0,0,0,0,0,0,0,0,0,0,0,0,0,0,0,0,0,0,0,0,0,0,0,0,0,0,0,0,0,0,0,0,0,0,0,0,0,0,0,0,0,0,0,0,0,0,0,0,22,126.2,142.1,130.7,167.3,122.7,200.5,154.4,255,145.7,136.5,123.2,111.2,119.3,133.8,73.3,204.3,244.9,211.9,198,195.6,169,211.9,168.7,247.1,195.1,189,163.7,152,179.9,204.9,183.8,192.1,0,0,0,0,0,0,0,0,0,0,0,0,0,0,0,0,0,0,0,0,0,0,0,0,0,0,0,0,0,0,0,0,0,0,0,0,0,0,0,0,0,0,0,0,0,0,,,,,,,103,,9770476,,398,,
2,0,0,0,0,0,0,0,0,0,0,0,0,0,0,0,0,0,0,0,0,0,0,0,0,0,0,0,0,0,0,0,0,0,0,0,0,0,0,0,0,0,0,0,0,0,0,0,0,0,0,0,0,0,0,0,0,0,0,0,0,0,0,0,0,0,0,0,0,0,0,0,0,0,0,0,0,0,0,0,0,0,0,0,0,0,0,0,0,0,0,0,0,0,0,0,0,0,0,0,0,0,0,0,0,0,0,0,0,0,0,0,0,0,0,0,0,0,0,0,0,0,0,0,0,0,0,0,0,0,0,0,0,0,0,0,0,0,0,0,0,0,0,0,0,0,0,0,0,0,0,0,0,0,0,0,0,0,0,0,0,0,0,0,0,0,0,0,0,0,0,0,0,0,0,0,0,0,0,0,0,0,0,0,0,0,0,0,0,0,0,0,142.1,130.7,156.1,122.7,200.5,143.6,233.5,140.7,110.4,123.2,111.2,105.4,133.8,0,183.9,237,189.6,198,185.1,157.3,211.9,155.3,235.3,171.8,176.6,156.6,132.8,179.9,199.3,183.8,143.1,0,0,0,0,0,0,0,0,0,0,0,0,0,0,0,0,0,0,0,0,0,0,0,0,0,0,0,0,0,0,0,0,0,0,0,0,0,0,0,0,0,0,0,0,0,0,,,,,,,104,,8645038,,396,,
2,0,0,0,0,0,0,0,0,0,0,0,0,0,0,0,0,0,0,0,0,0,0,0,0,0,0,0,0,0,0,0,0,0,0,0,0,0,0,0,0,0,0,0,0,0,0,0,0,0,0,0,0,0,0,0,0,0,0,0,0,0,0,0,0,0,0,0,0,0,0,0,0,0,0,0,0,0,0,0,0,0,0,0,0,0,0,0,0,0,0,0,0,0,0,0,0,0,0,0,0,0,0,0,0,0,0,0,0,0,0,0,0,0,0,0,0,0,0,0,0,0,0,0,0,0,0,0,0,0,0,0,0,0,0,0,0,0,0,0,0,0,0,0,0,0,0,0,0,0,0,0,0,0,0,0,0,0,0,0,0,0,0,0,0,0,0,0,0,0,0,0,0,0,0,0,0,0,0,0,0,0,0,0,0,0,0,0,0,0,0,0,21.8,107.7,147.3,116.1,180.9,134.5,224.1,133.5,110.4,105.4,111.2,105.4,133.8,0,177.8,217.4,182.8,179.5,177.3,150.3,197.9,149.7,235.3,171.8,162,149.6,132.8,179.9,169.4,153.4,121.8,0,0,0,0,0,0,0,0,0,0,0,0,0,0,0,0,0,0,0,0,0,0,0,0,0,0,0,0,0,0,0,0,0,0,0,0,0,0,0,0,0,0,0,0,0,0,,,,,,,105,,7994890,,394,,
2,0,0,0,0,0,0,0,0,0,0,0,0,0,0,0,0,0,0,0,0,0,0,0,0,0,0,0,0,0,0,0,0,0,0,0,0,0,0,0,0,0,0,0,0,0,0,0,0,0,0,0,0,0,0,0,0,0,0,0,0,0,0,0,0,0,0,0,0,0,0,0,0,0,0,0,0,0,0,0,0,0,0,0,0,0,0,0,0,0,0,0,0,0,0,0,0,0,0,0,0,0,0,0,0,0,0,0,0,0,0,0,0,0,0,0,0,0,0,0,0,0,0,0,0,0,0,0,0,0,0,0,0,0,0,0,0,0,0,0,0,0,0,0,0,0,0,0,0,0,0,0,0,0,0,0,0,0,0,0,0,0,0,0,0,0,0,0,0,0,0,0,0,0,0,0,0,0,0,0,0,0,0,0,0,0,0,0,0,0,0,0,0,0,58.5,95.2,98.5,116.6,204.8,112.1,97.6,105.4,111.2,99.2,124,0,171.2,217.4,160.8,179.5,167,150.3,197.9,141.7,235.3,161.4,152.7,149.6,122.9,179.9,162.9,153.4,98.5,0,0,0,0,0,0,0,0,0,0,0,0,0,0,0,0,0,0,0,0,0,0,0,0,0,0,0,0,0,0,0,0,0,0,0,0,0,0,0,0,0,0,0,0,0,0,,,,,,,106,,7093612,,392,,
2,0,0,0,0,0,0,0,0,0,0,0,0,0,0,0,0,0,0,0,0,0,0,0,0,0,0,0,0,0,0,0,0,0,0,0,0,0,0,0,0,0,0,0,0,0,0,0,0,0,0,0,0,0,0,0,0,0,0,0,0,0,0,0,0,0,0,0,0,0,0,0,0,0,0,0,0,0,0,0,0,0,0,0,0,0,0,0,0,0,0,0,0,0,0,0,0,0,0,0,0,0,0,0,0,0,0,0,0,0,0,0,0,0,0,0,0,0,0,0,0,0,0,0,0,0,0,0,0,0,0,0,0,0,0,0,0,0,0,0,0,0,0,0,0,0,0,0,0,0,0,0,0,0,0,0,0,0,0,0,0,0,0,0,0,0,0,0,0,0,0,0,0,0,0,0,0,0,0,0,0,0,0,0,0,0,0,0,0,0,0,0,0,0,0,0,0,114,204.8,112.1,97.6,98.1,92.5,89.1,116,0,171.2,190.6,160.8,138.9,155.7,136.2,192.2,126.4,224.7,161.4,131.7,133.5,122.9,163.2,162.9,147.9,79.7,0,0,0,0,0,0,0,0,0,0,0,0,0,0,0,0,0,0,0,0,0,0,0,0,0,0,0,0,0,0,0,0,0,0,0,0,0,0,0,0,0,0,0,0,0,0,,,,,,,107,,6239690,,390,,
2,0,0,0,0,0,0,0,0,0,0,0,0,0,0,0,0,0,0,0,0,0,0,0,0,0,0,0,0,0,0,0,0,0,0,0,0,0,0,0,0,0,0,0,0,0,0,0,0,0,0,0,0,0,0,0,0,0,0,0,0,0,0,0,0,0,0,0,0,0,0,0,0,0,0,0,0,0,0,0,0,0,0,0,0,0,0,0,0,0,0,0,0,0,0,0,0,0,0,0,0,0,0,0,0,0,0,0,0,0,0,0,0,0,0,0,0,0,0,0,0,0,0,0,0,0,0,0,0,0,0,0,0,0,0,0,0,0,0,0,0,0,0,0,0,0,0,0,0,0,0,0,0,0,0,0,0,0,0,0,0,0,0,0,0,0,0,0,0,0,0,0,0,0,0,0,0,0,0,0,0,0,0,0,0,0,0,0,0,0,0,0,0,0,0,0,0,13.2,95.6,95.8,77.7,98.1,92.5,89.1,116,0,162.5,181.3,148.2,129.4,150.4,128,192.2,126.4,218.9,133.4,131.7,116.9,122.9,163.2,162.9,120.7,22.2,0,0,0,0,0,0,0,0,0,0,0,0,0,0,0,0,0,0,0,0,0,0,0,0,0,0,0,0,0,0,0,0,0,0,0,0,0,0,0,0,0,0,0,0,0,0,,,,,,,108,,5547784,,388,,
2,0,0,0,0,0,0,0,0,0,0,0,0,0,0,0,0,0,0,0,0,0,0,0,0,0,0,0,0,0,0,0,0,0,0,0,0,0,0,0,0,0,0,0,0,0,0,0,0,0,0,0,0,0,0,0,0,0,0,0,0,0,0,0,0,0,0,0,0,0,0,0,0,0,0,0,0,0,0,0,0,0,0,0,0,0,0,0,0,0,0,0,0,0,0,0,0,0,0,0,0,0,0,0,0,0,0,0,0,0,0,0,0,0,0,0,0,0,0,0,0,0,0,0,0,0,0,0,0,0,0,0,0,0,0,0,0,0,0,0,0,0,0,0,0,0,0,0,0,0,0,0,0,0,0,0,0,0,0,0,0,0,0,0,0,0,0,0,0,0,0,0,0,0,0,0,0,0,0,0,0,0,0,0,0,0,0,0,0,0,0,0,0,0,0,0,0,0,0,0,60.5,75.3,68.1,65.9,105.9,0,147.9,162.5,136.4,129.4,143,128,180.3,126.4,199.3,133.4,125.2,99,108.1,145.3,151.3,120.7,0,0,0,0,0,0,0,0,0,0,0,0,0,0,0,0,0,0,0,0,0,0,0,0,0,0,0,0,0,0,0,0,0,0,0,0,0,0,0,0,0,0,0,0,0,0,0,,,,,,,109,,4765284,,386,,
2,0,0,0,0,0,0,0,0,0,0,0,0,0,0,0,0,0,0,0,0,0,0,0,0,0,0,0,0,0,0,0,0,0,0,0,0,0,0,0,0,0,0,0,0,0,0,0,0,0,0,0,0,0,0,0,0,0,0,0,0,0,0,0,0,0,0,0,0,0,0,0,0,0,0,0,0,0,0,0,0,0,0,0,0,0,0,0,0,0,0,0,0,0,0,0,0,0,0,0,0,0,0,0,0,0,0,0,0,0,0,0,0,0,0,0,0,0,0,0,0,0,0,0,0,0,0,0,0,0,0,0,0,0,0,0,0,0,0,0,0,0,0,0,0,0,0,0,0,0,0,0,0,0,0,0,0,0,0,0,0,0,0,0,0,0,0,0,0,0,0,0,0,0,0,0,0,0,0,0,0,0,0,0,0,0,0,0,0,0,0,0,0,0,0,0,0,0,0,0,0,0,0,0,59.5,0,142.1,162.5,127.6,119.8,128.1,128,171.3,126.4,185.3,133.4,113.3,99,108.1,145.3,133.3,114.6,0,0,0,0,0,0,0,0,0,0,0,0,0,0,0,0,0,0,0,0,0,0,0,0,0,0,0,0,0,0,0,0,0,0,0,0,0,0,0,0,0,0,0,0,0,0,0,,,,,,,110,,4025860,,384,,
2,0,0,0,0,0,0,0,0,0,0,0,0,0,0,0,0,0,0,0,0,0,0,0,0,0,0,0,0,0,0,0,0,0,0,0,0,0,0,0,0,0,0,0,0,0,0,0,0,0,0,0,0,0,0,0,0,0,0,0,0,0,0,0,0,0,0,0,0,0,0,0,0,0,0,0,0,0,0,0,0,0,0,0,0,0,0,0,0,0,0,0,0,0,0,0,0,0,0,0,0,0,0,0,0,0,0,0,0,0,0,0,0,0,0,0,0,0,0,0,0,0,0,0,0,0,0,0,0,0,0,0,0,0,0,0,0,0,0,0,0,0,0,0,0,0,0,0,0,0,0,0,0,0,0,0,0,0,0,0,0,0,0,0,0,0,0,0,0,0,0,0,0,0,0,0,0,0,0,0,0,0,0,0,0,0,0,0,0,0,0,0,0,0,0,0,0,0,0,0,0,0,0,0,0,0,115,162.5,127.6,111.4,128.1,112.4,151.4,126.4,179.5,119.9,113.3,87.9,108.1,136.2,126.5,107.1,0,0,0,0,0,0,0,0,0,0,0,0,0,0,0,0,0,0,0,0,0,0,0,0,0,0,0,0,0,0,0,0,0,0,0,0,0,0,0,0,0,0,0,0,0,0,0,,,,,,,111,,3647134,,382,,
2,0,0,0,0,0,0,0,0,0,0,0,0,0,0,0,0,0,0,0,0,0,0,0,0,0,0,0,0,0,0,0,0,0,0,0,0,0,0,0,0,0,0,0,0,0,0,0,0,0,0,0,0,0,0,0,0,0,0,0,0,0,0,0,0,0,0,0,0,0,0,0,0,0,0,0,0,0,0,0,0,0,0,0,0,0,0,0,0,0,0,0,0,0,0,0,0,0,0,0,0,0,0,0,0,0,0,0,0,0,0,0,0,0,0,0,0,0,0,0,0,0,0,0,0,0,0,0,0,0,0,0,0,0,0,0,0,0,0,0,0,0,0,0,0,0,0,0,0,0,0,0,0,0,0,0,0,0,0,0,0,0,0,0,0,0,0,0,0,0,0,0,0,0,0,0,0,0,0,0,0,0,0,0,0,0,0,0,0,0,0,0,0,0,0,0,0,0,0,0,0,0,0,0,0,0,82,144,113.5,102.8,122.4,101.7,132.2,120.3,165,106.6,89.7,76,108.1,136.2,119.6,107.1,0,0,0,0,0,0,0,0,0,0,0,0,0,0,0,0,0,0,0,0,0,0,0,0,0,0,0,0,0,0,0,0,0,0,0,0,0,0,0,0,0,0,0,0,0,0,0,,,,,,,112,,3306858,,380,,
2,0,0,0,0,0,0,0,0,0,0,0,0,0,0,0,0,0,0,0,0,0,0,0,0,0,0,0,0,0,0,0,0,0,0,0,0,0,0,0,0,0,0,0,0,0,0,0,0,0,0,0,0,0,0,0,0,0,0,0,0,0,0,0,0,0,0,0,0,0,0,0,0,0,0,0,0,0,0,0,0,0,0,0,0,0,0,0,0,0,0,0,0,0,0,0,0,0,0,0,0,0,0,0,0,0,0,0,0,0,0,0,0,0,0,0,0,0,0,0,0,0,0,0,0,0,0,0,0,0,0,0,0,0,0,0,0,0,0,0,0,0,0,0,0,0,0,0,0,0,0,0,0,0,0,0,0,0,0,0,0,0,0,0,0,0,0,0,0,0,0,0,0,0,0,0,0,0,0,0,0,0,0,0,0,0,0,0,0,0,0,0,0,0,0,0,0,0,0,0,0,0,0,0,0,0,0,144,100.3,72.9,122.4,101.7,110.6,120.3,149.6,97.2,89.7,76,101.3,127,119.6,107.1,0,0,0,0,0,0,0,0,0,0,0,0,0,0,0,0,0,0,0,0,0,0,0,0,0,0,0,0,0,0,0,0,0,0,0,0,0,0,0,0,0,0,0,0,0,0,0,,,,,,,113,,2948206,,378,,
2,0,0,0,0,0,0,0,0,0,0,0,0,0,0,0,0,0,0,0,0,0,0,0,0,0,0,0,0,0,0,0,0,0,0,0,0,0,0,0,0,0,0,0,0,0,0,0,0,0,0,0,0,0,0,0,0,0,0,0,0,0,0,0,0,0,0,0,0,0,0,0,0,0,0,0,0,0,0,0,0,0,0,0,0,0,0,0,0,0,0,0,0,0,0,0,0,0,0,0,0,0,0,0,0,0,0,0,0,0,0,0,0,0,0,0,0,0,0,0,0,0,0,0,0,0,0,0,0,0,0,0,0,0,0,0,0,0,0,0,0,0,0,0,0,0,0,0,0,0,0,0,0,0,0,0,0,0,0,0,0,0,0,0,0,0,0,0,0,0,0,0,0,0,0,0,0,0,0,0,0,0,0,0,0,0,0,0,0,0,0,0,0,0,0,0,0,0,0,0,0,0,0,0,0,0,0,120.3,86.2,72.9,97.2,101.7,101.9,120.3,78.8,97.2,89.7,68.9,101.3,127,113.4,107.1,0,0,0,0,0,0,0,0,0,0,0,0,0,0,0,0,0,0,0,0,0,0,0,0,0,0,0,0,0,0,0,0,0,0,0,0,0,0,0,0,0,0,0,0,0,0,0,,,,,,,114,,2611344,,376,,
2,0,0,0,0,0,0,0,0,0,0,0,0,0,0,0,0,0,0,0,0,0,0,0,0,0,0,0,0,0,0,0,0,0,0,0,0,0,0,0,0,0,0,0,0,0,0,0,0,0,0,0,0,0,0,0,0,0,0,0,0,0,0,0,0,0,0,0,0,0,0,0,0,0,0,0,0,0,0,0,0,0,0,0,0,0,0,0,0,0,0,0,0,0,0,0,0,0,0,0,0,0,0,0,0,0,0,0,0,0,0,0,0,0,0,0,0,0,0,0,0,0,0,0,0,0,0,0,0,0,0,0,0,0,0,0,0,0,0,0,0,0,0,0,0,0,0,0,0,0,0,0,0,0,0,0,0,0,0,0,0,0,0,0,0,0,0,0,0,0,0,0,0,0,0,0,0,0,0,0,0,0,0,0,0,0,0,0,0,0,0,0,0,0,0,0,0,0,0,0,0,0,0,0,0,0,0,0,0,0,89.8,86.2,92.9,116.8,0,90.1,72.6,54.2,93.1,127,113.4,102.3,0,0,0,0,0,0,0,0,0,0,0,0,0,0,0,0,0,0,0,0,0,0,0,0,0,0,0,0,0,0,0,0,0,0,0,0,0,0,0,0,0,0,0,0,0,0,0,,,,,,,115,,1750118,,374,,
2,0,0,0,0,0,0,0,0,0,0,0,0,0,0,0,0,0,0,0,0,0,0,0,0,0,0,0,0,0,0,0,0,0,0,0,0,0,0,0,0,0,0,0,0,0,0,0,0,0,0,0,0,0,0,0,0,0,0,0,0,0,0,0,0,0,0,0,0,0,0,0,0,0,0,0,0,0,0,0,0,0,0,0,0,0,0,0,0,0,0,0,0,0,0,0,0,0,0,0,0,0,0,0,0,0,0,0,0,0,0,0,0,0,0,0,0,0,0,0,0,0,0,0,0,0,0,0,0,0,0,0,0,0,0,0,0,0,0,0,0,0,0,0,0,0,0,0,0,0,0,0,0,0,0,0,0,0,0,0,0,0,0,0,0,0,0,0,0,0,0,0,0,0,0,0,0,0,0,0,0,0,0,0,0,0,0,0,0,0,0,0,0,0,0,0,0,0,0,0,0,0,0,0,0,0,0,0,0,0,25.5,0,22.1,110.2,0,82,72.6,49.2,93.1,115.3,78.1,87.7,0,0,0,0,0,0,0,0,0,0,0,0,0,0,0,0,0,0,0,0,0,0,0,0,0,0,0,0,0,0,0,0,0,0,0,0,0,0,0,0,0,0,0,0,0,0,0,,,,,,,116,,1220654,,372,,
2,0,0,0,0,0,0,0,0,0,0,0,0,0,0,0,0,0,0,0,0,0,0,0,0,0,0,0,0,0,0,0,0,0,0,0,0,0,0,0,0,0,0,0,0,0,0,0,0,0,0,0,0,0,0,0,0,0,0,0,0,0,0,0,0,0,0,0,0,0,0,0,0,0,0,0,0,0,0,0,0,0,0,0,0,0,0,0,0,0,0,0,0,0,0,0,0,0,0,0,0,0,0,0,0,0,0,0,0,0,0,0,0,0,0,0,0,0,0,0,0,0,0,0,0,0,0,0,0,0,0,0,0,0,0,0,0,0,0,0,0,0,0,0,0,0,0,0,0,0,0,0,0,0,0,0,0,0,0,0,0,0,0,0,0,0,0,0,0,0,0,0,0,0,0,0,0,0,0,0,0,0,0,0,0,0,0,0,0,0,0,0,0,0,0,0,0,0,0,0,0,0,0,0,0,0,0,0,0,0,0,0,0,20.4,0,82,63.4,49.2,93.1,115.3,71.8,67.4,0,0,0,0,0,0,0,0,0,0,0,0,0,0,0,0,0,0,0,0,0,0,0,0,0,0,0,0,0,0,0,0,0,0,0,0,0,0,0,0,0,0,0,0,0,0,0,,,,,,,117,,949896,,370,,
2,0,0,0,0,0,0,0,0,0,0,0,0,0,0,0,0,0,0,0,0,0,0,0,0,0,0,0,0,0,0,0,0,0,0,0,0,0,0,0,0,0,0,0,0,0,0,0,0,0,0,0,0,0,0,0,0,0,0,0,0,0,0,0,0,0,0,0,0,0,0,0,0,0,0,0,0,0,0,0,0,0,0,0,0,0,0,0,0,0,0,0,0,0,0,0,0,0,0,0,0,0,0,0,0,0,0,0,0,0,0,0,0,0,0,0,0,0,0,0,0,0,0,0,0,0,0,0,0,0,0,0,0,0,0,0,0,0,0,0,0,0,0,0,0,0,0,0,0,0,0,0,0,0,0,0,0,0,0,0,0,0,0,0,0,0,0,0,0,0,0,0,0,0,0,0,0,0,0,0,0,0,0,0,0,0,0,0,0,0,0,0,0,0,0,0,0,0,0,0,0,0,0,0,0,0,0,0,0,0,0,0,0,0,0,75.6,52.8,27.9,93.1,97.2,54.1,67.4,0,0,0,0,0,0,0,0,0,0,0,0,0,0,0,0,0,0,0,0,0,0,0,0,0,0,0,0,0,0,0,0,0,0,0,0,0,0,0,0,0,0,0,0,0,0,0,,,,,,,118,,776072,,368,,
2,0,0,0,0,0,0,0,0,0,0,0,0,0,0,0,0,0,0,0,0,0,0,0,0,0,0,0,0,0,0,0,0,0,0,0,0,0,0,0,0,0,0,0,0,0,0,0,0,0,0,0,0,0,0,0,0,0,0,0,0,0,0,0,0,0,0,0,0,0,0,0,0,0,0,0,0,0,0,0,0,0,0,0,0,0,0,0,0,0,0,0,0,0,0,0,0,0,0,0,0,0,0,0,0,0,0,0,0,0,0,0,0,0,0,0,0,0,0,0,0,0,0,0,0,0,0,0,0,0,0,0,0,0,0,0,0,0,0,0,0,0,0,0,0,0,0,0,0,0,0,0,0,0,0,0,0,0,0,0,0,0,0,0,0,0,0,0,0,0,0,0,0,0,0,0,0,0,0,0,0,0,0,0,0,0,0,0,0,0,0,0,0,0,0,0,0,0,0,0,0,0,0,0,0,0,0,0,0,0,0,0,0,0,0,0,31.7,27.9,93.1,97.2,45.3,60.5,0,0,0,0,0,0,0,0,0,0,0,0,0,0,0,0,0,0,0,0,0,0,0,0,0,0,0,0,0,0,0,0,0,0,0,0,0,0,0,0,0,0,0,0,0,0,0,,,,,,,119,,568938,,366,,
2,0,0,0,0,0,0,0,0,0,0,0,0,0,0,0,0,0,0,0,0,0,0,0,0,0,0,0,0,0,0,0,0,0,0,0,0,0,0,0,0,0,0,0,0,0,0,0,0,0,0,0,0,0,0,0,0,0,0,0,0,0,0,0,0,0,0,0,0,0,0,0,0,0,0,0,0,0,0,0,0,0,0,0,0,0,0,0,0,0,0,0,0,0,0,0,0,0,0,0,0,0,0,0,0,0,0,0,0,0,0,0,0,0,0,0,0,0,0,0,0,0,0,0,0,0,0,0,0,0,0,0,0,0,0,0,0,0,0,0,0,0,0,0,0,0,0,0,0,0,0,0,0,0,0,0,0,0,0,0,0,0,0,0,0,0,0,0,0,0,0,0,0,0,0,0,0,0,0,0,0,0,0,0,0,0,0,0,0,0,0,0,0,0,0,0,0,0,0,0,0,0,0,0,0,0,0,0,0,0,0,0,0,0,0,0,0,24.6,93.1,58.2,0,60.5,0,0,0,0,0,0,0,0,0,0,0,0,0,0,0,0,0,0,0,0,0,0,0,0,0,0,0,0,0,0,0,0,0,0,0,0,0,0,0,0,0,0,0,0,0,0,0,,,,,,,120,,347948,,364,,
2,0,0,0,0,0,0,0,0,0,0,0,0,0,0,0,0,0,0,0,0,0,0,0,0,0,0,0,0,0,0,0,0,0,0,0,0,0,0,0,0,0,0,0,0,0,0,0,0,0,0,0,0,0,0,0,0,0,0,0,0,0,0,0,0,0,0,0,0,0,0,0,0,0,0,0,0,0,0,0,0,0,0,0,0,0,0,0,0,0,0,0,0,0,0,0,0,0,0,0,0,0,0,0,0,0,0,0,0,0,0,0,0,0,0,0,0,0,0,0,0,0,0,0,0,0,0,0,0,0,0,0,0,0,0,0,0,0,0,0,0,0,0,0,0,0,0,0,0,0,0,0,0,0,0,0,0,0,0,0,0,0,0,0,0,0,0,0,0,0,0,0,0,0,0,0,0,0,0,0,0,0,0,0,0,0,0,0,0,0,0,0,0,0,0,0,0,0,0,0,0,0,0,0,0,0,0,0,0,0,0,0,0,0,0,0,0,24.6,93.1,0,0,36.9,0,0,0,0,0,0,0,0,0,0,0,0,0,0,0,0,0,0,0,0,0,0,0,0,0,0,0,0,0,0,0,0,0,0,0,0,0,0,0,0,0,0,0,0,0,0,0,,,,,,,121,,207380,,362,,
2,0,0,0,0,0,0,0,0,0,0,0,0,0,0,0,0,0,0,0,0,0,0,0,0,0,0,0,0,0,0,0,0,0,0,0,0,0,0,0,0,0,0,0,0,0,0,0,0,0,0,0,0,0,0,0,0,0,0,0,0,0,0,0,0,0,0,0,0,0,0,0,0,0,0,0,0,0,0,0,0,0,0,0,0,0,0,0,0,0,0,0,0,0,0,0,0,0,0,0,0,0,0,0,0,0,0,0,0,0,0,0,0,0,0,0,0,0,0,0,0,0,0,0,0,0,0,0,0,0,0,0,0,0,0,0,0,0,0,0,0,0,0,0,0,0,0,0,0,0,0,0,0,0,0,0,0,0,0,0,0,0,0,0,0,0,0,0,0,0,0,0,0,0,0,0,0,0,0,0,0,0,0,0,0,0,0,0,0,0,0,0,0,0,0,0,0,0,0,0,0,0,0,0,0,0,0,0,0,0,0,0,0,0,0,0,0,21.9,67.5,0,0,0,0,0,0,0,0,0,0,0,0,0,0,0,0,0,0,0,0,0,0,0,0,0,0,0,0,0,0,0,0,0,0,0,0,0,0,0,0,0,0,0,0,0,0,0,0,0,0,,,,,,,122,,123414,,360,,
2,0,0,0,0,0,0,0,0,0,0,0,0,0,0,0,0,0,0,0,0,0,0,0,0,0,0,0,0,0,0,0,0,0,0,0,0,0,0,0,0,0,0,0,0,0,0,0,0,0,0,0,0,0,0,0,0,0,0,0,0,0,0,0,0,0,0,0,0,0,0,0,0,0,0,0,0,0,0,0,0,0,0,0,0,0,0,0,0,0,0,0,0,0,0,0,0,0,0,0,0,0,0,0,0,0,0,0,0,0,0,0,0,0,0,0,0,0,0,0,0,0,0,0,0,0,0,0,0,0,0,0,0,0,0,0,0,0,0,0,0,0,0,0,0,0,0,0,0,0,0,0,0,0,0,0,0,0,0,0,0,0,0,0,0,0,0,0,0,0,0,0,0,0,0,0,0,0,0,0,0,0,0,0,0,0,0,0,0,0,0,0,0,0,0,0,0,0,0,0,0,0,0,0,0,0,0,0,0,0,0,0,0,0,0,0,0,21.9,0,0,0,0,0,0,0,0,0,0,0,0,0,0,0,0,0,0,0,0,0,0,0,0,0,0,0,0,0,0,0,0,0,0,0,0,0,0,0,0,0,0,0,0,0,0,0,0,0,0,0,,,,,,,123,,45114,,358,,
2,0,0,0,0,0,0,0,0,0,0,0,0,0,0,0,0,0,0,0,0,0,0,0,0,0,0,0,0,0,0,0,0,0,0,0,0,0,0,0,0,0,0,0,0,0,0,0,0,0,0,0,0,0,0,0,0,0,0,0,0,0,0,0,0,0,0,0,0,0,0,0,0,0,0,0,0,0,0,0,0,0,0,0,0,0,0,0,0,0,0,0,0,0,0,0,0,0,0,0,0,0,0,0,0,0,0,0,0,0,0,0,0,0,0,0,0,0,0,0,0,0,0,0,0,0,0,0,0,0,0,0,0,0,0,0,0,0,0,0,0,0,0,0,0,0,0,0,0,0,0,0,0,0,0,0,0,0,0,0,0,0,0,0,0,0,0,0,0,0,0,0,0,0,0,0,0,0,0,0,0,0,0,0,0,0,0,0,0,0,0,0,0,0,0,0,0,0,0,0,0,0,0,0,0,0,0,0,0,0,0,0,0,0,0,0,0,21.9,0,0,0,0,0,0,0,0,0,0,0,0,0,0,0,0,0,0,0,0,0,0,0,0,0,0,0,0,0,0,0,0,0,0,0,0,0,0,0,0,0,0,0,0,0,0,0,0,0,0,0,,,,,,,124,,45114,,356,,
2,0,0,0,0,0,0,0,0,0,0,0,0,0,0,0,0,0,0,0,0,0,0,0,0,0,0,0,0,0,0,0,0,0,0,0,0,0,0,0,0,0,0,0,0,0,0,0,0,0,0,0,0,0,0,0,0,0,0,0,0,0,0,0,0,0,0,0,0,0,0,0,0,0,0,0,0,0,0,0,0,0,0,0,0,0,0,0,0,0,0,0,0,0,0,0,0,0,0,0,0,0,0,0,0,0,0,0,0,0,0,0,0,0,0,0,0,0,0,0,0,0,0,0,0,0,0,0,0,0,0,0,0,0,0,0,0,0,0,0,0,0,0,0,0,0,0,0,0,0,0,0,0,0,0,0,0,0,0,0,0,0,0,0,0,0,0,0,0,0,0,0,0,0,0,0,0,0,0,0,0,0,0,0,0,0,0,0,0,0,0,0,0,0,0,0,0,0,0,0,0,0,0,0,0,0,0,0,0,0,0,0,0,0,0,0,0,0,0,0,0,0,0,0,0,0,0,0,0,0,0,0,0,0,0,0,0,0,0,0,0,0,0,0,0,0,0,0,0,0,0,0,0,0,0,0,0,0,0,0,0,0,0,0,0,0,0,0,0,,,,,,,125,,0,,354,,
,,,,,,,,,,,,,,,,,,,,,,,,,,,,,,,,,,,,,,,,,,,,,,,,,,,,,,,,,,,,,,,,,,,,,,,,,,,,,,,,,,,,,,,,,,,,,,,,,,,,,,,,,,,,,,,,,,,,,,,,,,,,,,,,,,,,,,,,,,,,,,,,,,,,,,,,,,,,,,,,,,,,,,,,,,,,,,,,,,,,,,,,,,,,,,,,,,,,,,,,,,,,,,,,,,,,,,,,,,,,,,,,,,,,,,,,,,,,,,,,,,,,,,,,,,,,,,,,,,,,,,,,,,,,,,,,,,,,,11093290824,,,,
,,,,,,,,,,,,,,,,,,,,,,,,,,,,,,,,,,,,,,,,,,,,,,,,,,,,,,,,,,,,,,,,,,,,,,,,,,,,,,,,,,,,,,,,,,,,,,,,,,,,,,,,,,,,,,,,,,,,,,,,,,,,,,,,,,,,,,,,,,,,,,,,,,,,,,,,,,,,,,,,,,,,,,,,,,,,,,,,,,,,,,,,,,,,,,,,,,,,,,,,,,,,,,,,,,,,,,,,,,,,,,,,,,,,,,,,,,,,,,,,,,,,,,,,,,,,,,,,,,,,,,,,,,,,,,,,,,,,,1.042972747,,,,
,,,,,,,,,,,,,,,,,,,,,,,,,,,,,,,,,,,,,,,,,,,,,,,,,,,,,,,,,,,,,,,,,,,,,,,,,,,,,,,,,,,,,,,,,,,,,,,,,,,,,,,,,,,,,,,,,,,,,,,,,,,,,,,,,,,,,,,,,,,,,,,,,,,,,,,,,,,,,,,,,,,,,,,,,,,,,,,,,,,,,,,,,,,,,,,,,,,,,,,,,,,,,,,,,,,,,,,,,,,,,,,,,,,,,,,,,,,,,,,,,,,,,,,,,,,,,,,,,,,,,,,,,,,,,,,,,,,,,,,,,
,,,,,,,,,,,,,,,,,,,,,,,,,,,,,,,,,,,,,,,,,,,,,,,,,,,,,,,,,,,,,,,,,,,,,,,,,,,,,,,,,,,,,,,,,,,,,,,,,,,,,,,,,,,,,,,,,,,,,,,,,,,,,,,,,,,,,,,,,,,,,,,,,,,,,,,,,,,,,,,,,,,,,,,,,,,,,,,,,,,,,,,,,,,,,,,,,,,,,,,,,,,,,,,,,,,,,,,,,,,,,,,,,,,,,,,,,,,,,,,,,,,,,,,,,,,,,,,,,,,,,,,,,,,,,,,,,,,,,,,,,
,,,,,,,,,,,,,,,,,,,,,,,,,,,,,,,,,,,,,,,,,,,,,,,,,,,,,,,,,,,,,,,,,,,,,,,,,,,,,,,,,,,,,,,,,,,,,,,,,,,,,,,,,,,,,,,,,,,,,,,,,,,,,,,,,,,,,,,,,,,,,,,,,,,,,,,,,,,,,,,,,,,,,,,,,,,,,,,,,,,,,,,,,,,,,,,,,,,,,,,,,,,,,,,,,,,,,,,,,,,,,,,,,,,,,,,,,,,,,,,,,,,,,,,,,,,,,,,,,,,,,,,,,,,,,,,,,,,,,,,,,
,,,,,,,,,,,,,,,,,,,,,,,,,,,,,,,,,,,,,,,,,,,,,,,,,,,,,,,,,,,,,,,,,,,,,,,,,,,,,,,,,,,,,,,,,,,,,,,,,,,,,,,,,,,,,,,,,,,,,,,,,,,,,,,,,,,,,,,,,,,,,,,,,,,,,,,,,,,,,,,,,,,,,,,,,,,,,,,,,,,,,,,,,,,,,,,,,,,,,,,,,,,,,,,,,,,,,,,,,,,,,,,,,,,,,,,,,,,,,,,,,,,,,,,,,,,,,,,,,,,,,,,,,,,,,,,,,,,,,,,,,
,,,,,,,,,,,,,,,,,,,,,,,,,,,,,,,,,,,,,,,,,,,,,,,,,,,,,,,,,,,,,,,,,,,,,,,,,,,,,,,,,,,,,,,,,,,,,,,,,,,,,,,,,,,,,,,,,,,,,,,,,,,,,,,,,,,,,,,,,,,,,,,,,,,,,,,,,,,,,,,,,,,,,,,,,,,,,,,,,,,,,,,,,,,,,,,,,,,,,,,,,,,,,,,,,,,,,,,,,,,,,,,,,,,,,,,,,,,,,,,,,,,,,,,,,,,,,,,,,,,,,,,,,,,,,,,,,,,,,,,,,
,,,,,,,,,,,,,,,,,,,,,,,,,,,,,,,,,,,,,,,,,,,,,,,,,,,,,,,,,,,,,,,,,,,,,,,,,,,,,,,,,,,,,,,,,,,,,,,,,,,,,,,,,,,,,,,,,,,,,,,,,,,,,,,,,,,,,,,,,,,,,,,,,,,,,,,,,,,,,,,,,,,,,,,,,,,,,,,,,,,,,,,,,,,,,,,,,,,,,,,,,,,,,,,,,,,,,,,,,,,,,,,,,,,,,,,,,,,,,,,,,,,,,,,,,,,,,,,,,,,,,,,,,,,,,,,,,,,,,,,,,
,,,,,,,,,,,,,,,,,,,,,,,,,,,,,,,,,,,,,,,,,,,,,,,,,,,,,,,,,,,,,,,,,,,,,,,,,,,,,,,,,,,,,,,,,,,,,,,,,,,,,,,,,,,,,,,,,,,,,,,,,,,,,,,,,,,,,,,,,,,,,,,,,,,,,,,,,,,,,,,,,,,,,,,,,,,,,,,,,,,,,,,,,,,,,,,,,,,,,,,,,,,,,,,,,,,,,,,,,,,,,,,,,,,,,,,,,,,,,,,,,,,,,,,,,,,,,,,,,,,,,,,,,,,,,,,,,,,,,,,,,
,,,,,,,,,,,,,,,,,,,,,,,,,,,,,,,,,,,,,,,,,,,,,,,,,,,,,,,,,,,,,,,,,,,,,,,,,,,,,,,,,,,,,,,,,,,,,,,,,,,,,,,,,,,,,,,,,,,,,,,,,,,,,,,,,,,,,,,,,,,,,,,,,,,,,,,,,,,,,,,,,,,,,,,,,,,,,,,,,,,,,,,,,,,,,,,,,,,,,,,,,,,,,,,,,,,,,,,,,,,,,,,,,,,,,,,,,,,,,,,,,,,,,,,,,,,,,,,,,,,,,,,,,,,,,,,,,,,,,,,,,
,,,,,,,,,,,,,,,,,,,,,,,,,,,,,,,,,,,,,,,,,,,,,,,,,,,,,,,,,,,,,,,,,,,,,,,,,,,,,,,,,,,,,,,,,,,,,,,,,,,,,,,,,,,,,,,,,,,,,,,,,,,,,,,,,,,,,,,,,,,,,,,,,,,,,,,,,,,,,,,,,,,,,,,,,,,,,,,,,,,,,,,,,,,,,,,,,,,,,,,,,,,,,,,,,,,,,,,,,,,,,,,,,,,,,,,,,,,,,,,,,,,,,,,,,,,,,,,,,,,,,,,,,,,,,,,,,,,,,,,,,
,,,,,,,,,,,,,,,,,,,,,,,,,,,,,,,,,,,,,,,,,,,,,,,,,,,,,,,,,,,,,,,,,,,,,,,,,,,,,,,,,,,,,,,,,,,,,,,,,,,,,,,,,,,,,,,,,,,,,,,,,,,,,,,,,,,,,,,,,,,,,,,,,,,,,,,,,,,,,,,,,,,,,,,,,,,,,,,,,,,,,,,,,,,,,,,,,,,,,,,,,,,,,,,,,,,,,,,,,,,,,,,,,,,,,,,,,,,,,,,,,,,,,,,,,,,,,,,,,,,,,,,,,,,,,,,,,,,,,,,,,
,,,,,,,,,,,,,,,,,,,,,,,,,,,,,,,,,,,,,,,,,,,,,,,,,,,,,,,,,,,,,,,,,,,,,,,,,,,,,,,,,,,,,,,,,,,,,,,,,,,,,,,,,,,,,,,,,,,,,,,,,,,,,,,,,,,,,,,,,,,,,,,,,,,,,,,,,,,,,,,,,,,,,,,,,,,,,,,,,,,,,,,,,,,,,,,,,,,,,,,,,,,,,,,,,,,,,,,,,,,,,,,,,,,,,,,,,,,,,,,,,,,,,,,,,,,,,,,,,,,,,,,,,,,,,,,,,,,,,,,,,
,,,,,,,,,,,,,,,,,,,,,,,,,,,,,,,,,,,,,,,,,,,,,,,,,,,,,,,,,,,,,,,,,,,,,,,,,,,,,,,,,,,,,,,,,,,,,,,,,,,,,,,,,,,,,,,,,,,,,,,,,,,,,,,,,,,,,,,,,,,,,,,,,,,,,,,,,,,,,,,,,,,,,,,,,,,,,,,,,,,,,,,,,,,,,,,,,,,,,,,,,,,,,,,,,,,,,,,,,,,,,,,,,,,,,,,,,,,,,,,,,,,,,,,,,,,,,,,,,,,,,,,,,,,,,,,,,,,,,,,,,
,,,,,,,,,,,,,,,,,,,,,,,,,,,,,,,,,,,,,,,,,,,,,,,,,,,,,,,,,,,,,,,,,,,,,,,,,,,,,,,,,,,,,,,,,,,,,,,,,,,,,,,,,,,,,,,,,,,,,,,,,,,,,,,,,,,,,,,,,,,,,,,,,,,,,,,,,,,,,,,,,,,,,,,,,,,,,,,,,,,,,,,,,,,,,,,,,,,,,,,,,,,,,,,,,,,,,,,,,,,,,,,,,,,,,,,,,,,,,,,,,,,,,,,,,,,,,,,,,,,,,,,,,,,,,,,,,,,,,,,,,
,,,,,,,,,,,,,,,,,,,,,,,,,,,,,,,,,,,,,,,,,,,,,,,,,,,,,,,,,,,,,,,,,,,,,,,,,,,,,,,,,,,,,,,,,,,,,,,,,,,,,,,,,,,,,,,,,,,,,,,,,,,,,,,,,,,,,,,,,,,,,,,,,,,,,,,,,,,,,,,,,,,,,,,,,,,,,,,,,,,,,,,,,,,,,,,,,,,,,,,,,,,,,,,,,,,,,,,,,,,,,,,,,,,,,,,,,,,,,,,,,,,,,,,,,,,,,,,,,,,,,,,,,,,,,,,,,,,,,,,,,
,,,,,,,,,,,,,,,,,,,,,,,,,,,,,,,,,,,,,,,,,,,,,,,,,,,,,,,,,,,,,,,,,,,,,,,,,,,,,,,,,,,,,,,,,,,,,,,,,,,,,,,,,,,,,,,,,,,,,,,,,,,,,,,,,,,,,,,,,,,,,,,,,,,,,,,,,,,,,,,,,,,,,,,,,,,,,,,,,,,,,,,,,,,,,,,,,,,,,,,,,,,,,,,,,,,,,,,,,,,,,,,,,,,,,,,,,,,,,,,,,,,,,,,,,,,,,,,,,,,,,,,,,,,,,,,,,,,,,,,,,
,,,,,,,,,,,,,,,,,,,,,,,,,,,,,,,,,,,,,,,,,,,,,,,,,,,,,,,,,,,,,,,,,,,,,,,,,,,,,,,,,,,,,,,,,,,,,,,,,,,,,,,,,,,,,,,,,,,,,,,,,,,,,,,,,,,,,,,,,,,,,,,,,,,,,,,,,,,,,,,,,,,,,,,,,,,,,,,,,,,,,,,,,,,,,,,,,,,,,,,,,,,,,,,,,,,,,,,,,,,,,,,,,,,,,,,,,,,,,,,,,,,,,,,,,,,,,,,,,,,,,,,,,,,,,,,,,,,,,,,,,
,,,,,,,,,,,,,,,,,,,,,,,,,,,,,,,,,,,,,,,,,,,,,,,,,,,,,,,,,,,,,,,,,,,,,,,,,,,,,,,,,,,,,,,,,,,,,,,,,,,,,,,,,,,,,,,,,,,,,,,,,,,,,,,,,,,,,,,,,,,,,,,,,,,,,,,,,,,,,,,,,,,,,,,,,,,,,,,,,,,,,,,,,,,,,,,,,,,,,,,,,,,,,,,,,,,,,,,,,,,,,,,,,,,,,,,,,,,,,,,,,,,,,,,,,,,,,,,,,,,,,,,,,,,,,,,,,,,,,,,,,
,,,,,,,,,,,,,,,,,,,,,,,,,,,,,,,,,,,,,,,,,,,,,,,,,,,,,,,,,,,,,,,,,,,,,,,,,,,,,,,,,,,,,,,,,,,,,,,,,,,,,,,,,,,,,,,,,,,,,,,,,,,,,,,,,,,,,,,,,,,,,,,,,,,,,,,,,,,,,,,,,,,,,,,,,,,,,,,,,,,,,,,,,,,,,,,,,,,,,,,,,,,,,,,,,,,,,,,,,,,,,,,,,,,,,,,,,,,,,,,,,,,,,,,,,,,,,,,,,,,,,,,,,,,,,,,,,,,,,,,,,
,,,,,,,,,,,,,,,,,,,,,,,,,,,,,,,,,,,,,,,,,,,,,,,,,,,,,,,,,,,,,,,,,,,,,,,,,,,,,,,,,,,,,,,,,,,,,,,,,,,,,,,,,,,,,,,,,,,,,,,,,,,,,,,,,,,,,,,,,,,,,,,,,,,,,,,,,,,,,,,,,,,,,,,,,,,,,,,,,,,,,,,,,,,,,,,,,,,,,,,,,,,,,,,,,,,,,,,,,,,,,,,,,,,,,,,,,,,,,,,,,,,,,,,,,,,,,,,,,,,,,,,,,,,,,,,,,,,,,,,,,
,,,,,,,,,,,,,,,,,,,,,,,,,,,,,,,,,,,,,,,,,,,,,,,,,,,,,,,,,,,,,,,,,,,,,,,,,,,,,,,,,,,,,,,,,,,,,,,,,,,,,,,,,,,,,,,,,,,,,,,,,,,,,,,,,,,,,,,,,,,,,,,,,,,,,,,,,,,,,,,,,,,,,,,,,,,,,,,,,,,,,,,,,,,,,,,,,,,,,,,,,,,,,,,,,,,,,,,,,,,,,,,,,,,,,,,,,,,,,,,,,,,,,,,,,,,,,,,,,,,,,,,,,,,,,,,,,,,,,,,,,
,,,,,,,,,,,,,,,,,,,,,,,,,,,,,,,,,,,,,,,,,,,,,,,,,,,,,,,,,,,,,,,,,,,,,,,,,,,,,,,,,,,,,,,,,,,,,,,,,,,,,,,,,,,,,,,,,,,,,,,,,,,,,,,,,,,,,,,,,,,,,,,,,,,,,,,,,,,,,,,,,,,,,,,,,,,,,,,,,,,,,,,,,,,,,,,,,,,,,,,,,,,,,,,,,,,,,,,,,,,,,,,,,,,,,,,,,,,,,,,,,,,,,,,,,,,,,,,,,,,,,,,,,,,,,,,,,,,,,,,,,
,,,,,,,,,,,,,,,,,,,,,,,,,,,,,,,,,,,,,,,,,,,,,,,,,,,,,,,,,,,,,,,,,,,,,,,,,,,,,,,,,,,,,,,,,,,,,,,,,,,,,,,,,,,,,,,,,,,,,,,,,,,,,,,,,,,,,,,,,,,,,,,,,,,,,,,,,,,,,,,,,,,,,,,,,,,,,,,,,,,,,,,,,,,,,,,,,,,,,,,,,,,,,,,,,,,,,,,,,,,,,,,,,,,,,,,,,,,,,,,,,,,,,,,,,,,,,,,,,,,,,,,,,,,,,,,,,,,,,,,,,
,,,,,,,,,,,,,,,,,,,,,,,,,,,,,,,,,,,,,,,,,,,,,,,,,,,,,,,,,,,,,,,,,,,,,,,,,,,,,,,,,,,,,,,,,,,,,,,,,,,,,,,,,,,,,,,,,,,,,,,,,,,,,,,,,,,,,,,,,,,,,,,,,,,,,,,,,,,,,,,,,,,,,,,,,,,,,,,,,,,,,,,,,,,,,,,,,,,,,,,,,,,,,,,,,,,,,,,,,,,,,,,,,,,,,,,,,,,,,,,,,,,,,,,,,,,,,,,,,,,,,,,,,,,,,,,,,,,,,,,,,
,,,,,,,,,,,,,,,,,,,,,,,,,,,,,,,,,,,,,,,,,,,,,,,,,,,,,,,,,,,,,,,,,,,,,,,,,,,,,,,,,,,,,,,,,,,,,,,,,,,,,,,,,,,,,,,,,,,,,,,,,,,,,,,,,,,,,,,,,,,,,,,,,,,,,,,,,,,,,,,,,,,,,,,,,,,,,,,,,,,,,,,,,,,,,,,,,,,,,,,,,,,,,,,,,,,,,,,,,,,,,,,,,,,,,,,,,,,,,,,,,,,,,,,,,,,,,,,,,,,,,,,,,,,,,,,,,,,,,,,,,
,,,,,,,,,,,,,,,,,,,,,,,,,,,,,,,,,,,,,,,,,,,,,,,,,,,,,,,,,,,,,,,,,,,,,,,,,,,,,,,,,,,,,,,,,,,,,,,,,,,,,,,,,,,,,,,,,,,,,,,,,,,,,,,,,,,,,,,,,,,,,,,,,,,,,,,,,,,,,,,,,,,,,,,,,,,,,,,,,,,,,,,,,,,,,,,,,,,,,,,,,,,,,,,,,,,,,,,,,,,,,,,,,,,,,,,,,,,,,,,,,,,,,,,,,,,,,,,,,,,,,,,,,,,,,,,,,,,,,,,,,
,,,,,,,,,,,,,,,,,,,,,,,,,,,,,,,,,,,,,,,,,,,,,,,,,,,,,,,,,,,,,,,,,,,,,,,,,,,,,,,,,,,,,,,,,,,,,,,,,,,,,,,,,,,,,,,,,,,,,,,,,,,,,,,,,,,,,,,,,,,,,,,,,,,,,,,,,,,,,,,,,,,,,,,,,,,,,,,,,,,,,,,,,,,,,,,,,,,,,,,,,,,,,,,,,,,,,,,,,,,,,,,,,,,,,,,,,,,,,,,,,,,,,,,,,,,,,,,,,,,,,,,,,,,,,,,,,,,,,,,,,
,,,,,,,,,,,,,,,,,,,,,,,,,,,,,,,,,,,,,,,,,,,,,,,,,,,,,,,,,,,,,,,,,,,,,,,,,,,,,,,,,,,,,,,,,,,,,,,,,,,,,,,,,,,,,,,,,,,,,,,,,,,,,,,,,,,,,,,,,,,,,,,,,,,,,,,,,,,,,,,,,,,,,,,,,,,,,,,,,,,,,,,,,,,,,,,,,,,,,,,,,,,,,,,,,,,,,,,,,,,,,,,,,,,,,,,,,,,,,,,,,,,,,,,,,,,,,,,,,,,,,,,,,,,,,,,,,,,,,,,,,
,,,,,,,,,,,,,,,,,,,,,,,,,,,,,,,,,,,,,,,,,,,,,,,,,,,,,,,,,,,,,,,,,,,,,,,,,,,,,,,,,,,,,,,,,,,,,,,,,,,,,,,,,,,,,,,,,,,,,,,,,,,,,,,,,,,,,,,,,,,,,,,,,,,,,,,,,,,,,,,,,,,,,,,,,,,,,,,,,,,,,,,,,,,,,,,,,,,,,,,,,,,,,,,,,,,,,,,,,,,,,,,,,,,,,,,,,,,,,,,,,,,,,,,,,,,,,,,,,,,,,,,,,,,,,,,,,,,,,,,,,
,,,,,,,,,,,,,,,,,,,,,,,,,,,,,,,,,,,,,,,,,,,,,,,,,,,,,,,,,,,,,,,,,,,,,,,,,,,,,,,,,,,,,,,,,,,,,,,,,,,,,,,,,,,,,,,,,,,,,,,,,,,,,,,,,,,,,,,,,,,,,,,,,,,,,,,,,,,,,,,,,,,,,,,,,,,,,,,,,,,,,,,,,,,,,,,,,,,,,,,,,,,,,,,,,,,,,,,,,,,,,,,,,,,,,,,,,,,,,,,,,,,,,,,,,,,,,,,,,,,,,,,,,,,,,,,,,,,,,,,,,
,,,,,,,,,,,,,,,,,,,,,,,,,,,,,,,,,,,,,,,,,,,,,,,,,,,,,,,,,,,,,,,,,,,,,,,,,,,,,,,,,,,,,,,,,,,,,,,,,,,,,,,,,,,,,,,,,,,,,,,,,,,,,,,,,,,,,,,,,,,,,,,,,,,,,,,,,,,,,,,,,,,,,,,,,,,,,,,,,,,,,,,,,,,,,,,,,,,,,,,,,,,,,,,,,,,,,,,,,,,,,,,,,,,,,,,,,,,,,,,,,,,,,,,,,,,,,,,,,,,,,,,,,,,,,,,,,,,,,,,,,
,,,,,,,,,,,,,,,,,,,,,,,,,,,,,,,,,,,,,,,,,,,,,,,,,,,,,,,,,,,,,,,,,,,,,,,,,,,,,,,,,,,,,,,,,,,,,,,,,,,,,,,,,,,,,,,,,,,,,,,,,,,,,,,,,,,,,,,,,,,,,,,,,,,,,,,,,,,,,,,,,,,,,,,,,,,,,,,,,,,,,,,,,,,,,,,,,,,,,,,,,,,,,,,,,,,,,,,,,,,,,,,,,,,,,,,,,,,,,,,,,,,,,,,,,,,,,,,,,,,,,,,,,,,,,,,,,,,,,,,,,
,,,,,,,,,,,,,,,,,,,,,,,,,,,,,,,,,,,,,,,,,,,,,,,,,,,,,,,,,,,,,,,,,,,,,,,,,,,,,,,,,,,,,,,,,,,,,,,,,,,,,,,,,,,,,,,,,,,,,,,,,,,,,,,,,,,,,,,,,,,,,,,,,,,,,,,,,,,,,,,,,,,,,,,,,,,,,,,,,,,,,,,,,,,,,,,,,,,,,,,,,,,,,,,,,,,,,,,,,,,,,,,,,,,,,,,,,,,,,,,,,,,,,,,,,,,,,,,,,,,,,,,,,,,,,,,,,,,,,,,,,
,,,,,,,,,,,,,,,,,,,,,,,,,,,,,,,,,,,,,,,,,,,,,,,,,,,,,,,,,,,,,,,,,,,,,,,,,,,,,,,,,,,,,,,,,,,,,,,,,,,,,,,,,,,,,,,,,,,,,,,,,,,,,,,,,,,,,,,,,,,,,,,,,,,,,,,,,,,,,,,,,,,,,,,,,,,,,,,,,,,,,,,,,,,,,,,,,,,,,,,,,,,,,,,,,,,,,,,,,,,,,,,,,,,,,,,,,,,,,,,,,,,,,,,,,,,,,,,,,,,,,,,,,,,,,,,,,,,,,,,,,
,,,,,,,,,,,,,,,,,,,,,,,,,,,,,,,,,,,,,,,,,,,,,,,,,,,,,,,,,,,,,,,,,,,,,,,,,,,,,,,,,,,,,,,,,,,,,,,,,,,,,,,,,,,,,,,,,,,,,,,,,,,,,,,,,,,,,,,,,,,,,,,,,,,,,,,,,,,,,,,,,,,,,,,,,,,,,,,,,,,,,,,,,,,,,,,,,,,,,,,,,,,,,,,,,,,,,,,,,,,,,,,,,,,,,,,,,,,,,,,,,,,,,,,,,,,,,,,,,,,,,,,,,,,,,,,,,,,,,,,,,
,,,,,,,,,,,,,,,,,,,,,,,,,,,,,,,,,,,,,,,,,,,,,,,,,,,,,,,,,,,,,,,,,,,,,,,,,,,,,,,,,,,,,,,,,,,,,,,,,,,,,,,,,,,,,,,,,,,,,,,,,,,,,,,,,,,,,,,,,,,,,,,,,,,,,,,,,,,,,,,,,,,,,,,,,,,,,,,,,,,,,,,,,,,,,,,,,,,,,,,,,,,,,,,,,,,,,,,,,,,,,,,,,,,,,,,,,,,,,,,,,,,,,,,,,,,,,,,,,,,,,,,,,,,,,,,,,,,,,,,,,
,,,,,,,,,,,,,,,,,,,,,,,,,,,,,,,,,,,,,,,,,,,,,,,,,,,,,,,,,,,,,,,,,,,,,,,,,,,,,,,,,,,,,,,,,,,,,,,,,,,,,,,,,,,,,,,,,,,,,,,,,,,,,,,,,,,,,,,,,,,,,,,,,,,,,,,,,,,,,,,,,,,,,,,,,,,,,,,,,,,,,,,,,,,,,,,,,,,,,,,,,,,,,,,,,,,,,,,,,,,,,,,,,,,,,,,,,,,,,,,,,,,,,,,,,,,,,,,,,,,,,,,,,,,,,,,,,,,,,,,,,
,,,,,,,,,,,,,,,,,,,,,,,,,,,,,,,,,,,,,,,,,,,,,,,,,,,,,,,,,,,,,,,,,,,,,,,,,,,,,,,,,,,,,,,,,,,,,,,,,,,,,,,,,,,,,,,,,,,,,,,,,,,,,,,,,,,,,,,,,,,,,,,,,,,,,,,,,,,,,,,,,,,,,,,,,,,,,,,,,,,,,,,,,,,,,,,,,,,,,,,,,,,,,,,,,,,,,,,,,,,,,,,,,,,,,,,,,,,,,,,,,,,,,,,,,,,,,,,,,,,,,,,,,,,,,,,,,,,,,,,,,
,,,,,,,,,,,,,,,,,,,,,,,,,,,,,,,,,,,,,,,,,,,,,,,,,,,,,,,,,,,,,,,,,,,,,,,,,,,,,,,,,,,,,,,,,,,,,,,,,,,,,,,,,,,,,,,,,,,,,,,,,,,,,,,,,,,,,,,,,,,,,,,,,,,,,,,,,,,,,,,,,,,,,,,,,,,,,,,,,,,,,,,,,,,,,,,,,,,,,,,,,,,,,,,,,,,,,,,,,,,,,,,,,,,,,,,,,,,,,,,,,,,,,,,,,,,,,,,,,,,,,,,,,,,,,,,,,,,,,,,,,
,,,,,,,,,,,,,,,,,,,,,,,,,,,,,,,,,,,,,,,,,,,,,,,,,,,,,,,,,,,,,,,,,,,,,,,,,,,,,,,,,,,,,,,,,,,,,,,,,,,,,,,,,,,,,,,,,,,,,,,,,,,,,,,,,,,,,,,,,,,,,,,,,,,,,,,,,,,,,,,,,,,,,,,,,,,,,,,,,,,,,,,,,,,,,,,,,,,,,,,,,,,,,,,,,,,,,,,,,,,,,,,,,,,,,,,,,,,,,,,,,,,,,,,,,,,,,,,,,,,,,,,,,,,,,,,,,,,,,,,,,
,,,,,,,,,,,,,,,,,,,,,,,,,,,,,,,,,,,,,,,,,,,,,,,,,,,,,,,,,,,,,,,,,,,,,,,,,,,,,,,,,,,,,,,,,,,,,,,,,,,,,,,,,,,,,,,,,,,,,,,,,,,,,,,,,,,,,,,,,,,,,,,,,,,,,,,,,,,,,,,,,,,,,,,,,,,,,,,,,,,,,,,,,,,,,,,,,,,,,,,,,,,,,,,,,,,,,,,,,,,,,,,,,,,,,,,,,,,,,,,,,,,,,,,,,,,,,,,,,,,,,,,,,,,,,,,,,,,,,,,,,
,,,,,,,,,,,,,,,,,,,,,,,,,,,,,,,,,,,,,,,,,,,,,,,,,,,,,,,,,,,,,,,,,,,,,,,,,,,,,,,,,,,,,,,,,,,,,,,,,,,,,,,,,,,,,,,,,,,,,,,,,,,,,,,,,,,,,,,,,,,,,,,,,,,,,,,,,,,,,,,,,,,,,,,,,,,,,,,,,,,,,,,,,,,,,,,,,,,,,,,,,,,,,,,,,,,,,,,,,,,,,,,,,,,,,,,,,,,,,,,,,,,,,,,,,,,,,,,,,,,,,,,,,,,,,,,,,,,,,,,,,
,,,,,,,,,,,,,,,,,,,,,,,,,,,,,,,,,,,,,,,,,,,,,,,,,,,,,,,,,,,,,,,,,,,,,,,,,,,,,,,,,,,,,,,,,,,,,,,,,,,,,,,,,,,,,,,,,,,,,,,,,,,,,,,,,,,,,,,,,,,,,,,,,,,,,,,,,,,,,,,,,,,,,,,,,,,,,,,,,,,,,,,,,,,,,,,,,,,,,,,,,,,,,,,,,,,,,,,,,,,,,,,,,,,,,,,,,,,,,,,,,,,,,,,,,,,,,,,,,,,,,,,,,,,,,,,,,,,,,,,,,
,,,,,,,,,,,,,,,,,,,,,,,,,,,,,,,,,,,,,,,,,,,,,,,,,,,,,,,,,,,,,,,,,,,,,,,,,,,,,,,,,,,,,,,,,,,,,,,,,,,,,,,,,,,,,,,,,,,,,,,,,,,,,,,,,,,,,,,,,,,,,,,,,,,,,,,,,,,,,,,,,,,,,,,,,,,,,,,,,,,,,,,,,,,,,,,,,,,,,,,,,,,,,,,,,,,,,,,,,,,,,,,,,,,,,,,,,,,,,,,,,,,,,,,,,,,,,,,,,,,,,,,,,,,,,,,,,,,,,,,,,
,,,,,,,,,,,,,,,,,,,,,,,,,,,,,,,,,,,,,,,,,,,,,,,,,,,,,,,,,,,,,,,,,,,,,,,,,,,,,,,,,,,,,,,,,,,,,,,,,,,,,,,,,,,,,,,,,,,,,,,,,,,,,,,,,,,,,,,,,,,,,,,,,,,,,,,,,,,,,,,,,,,,,,,,,,,,,,,,,,,,,,,,,,,,,,,,,,,,,,,,,,,,,,,,,,,,,,,,,,,,,,,,,,,,,,,,,,,,,,,,,,,,,,,,,,,,,,,,,,,,,,,,,,,,,,,,,,,,,,,,,
,,,,,,,,,,,,,,,,,,,,,,,,,,,,,,,,,,,,,,,,,,,,,,,,,,,,,,,,,,,,,,,,,,,,,,,,,,,,,,,,,,,,,,,,,,,,,,,,,,,,,,,,,,,,,,,,,,,,,,,,,,,,,,,,,,,,,,,,,,,,,,,,,,,,,,,,,,,,,,,,,,,,,,,,,,,,,,,,,,,,,,,,,,,,,,,,,,,,,,,,,,,,,,,,,,,,,,,,,,,,,,,,,,,,,,,,,,,,,,,,,,,,,,,,,,,,,,,,,,,,,,,,,,,,,,,,,,,,,,,,,
,,,,,,,,,,,,,,,,,,,,,,,,,,,,,,,,,,,,,,,,,,,,,,,,,,,,,,,,,,,,,,,,,,,,,,,,,,,,,,,,,,,,,,,,,,,,,,,,,,,,,,,,,,,,,,,,,,,,,,,,,,,,,,,,,,,,,,,,,,,,,,,,,,,,,,,,,,,,,,,,,,,,,,,,,,,,,,,,,,,,,,,,,,,,,,,,,,,,,,,,,,,,,,,,,,,,,,,,,,,,,,,,,,,,,,,,,,,,,,,,,,,,,,,,,,,,,,,,,,,,,,,,,,,,,,,,,,,,,,,,,
,,,,,,,,,,,,,,,,,,,,,,,,,,,,,,,,,,,,,,,,,,,,,,,,,,,,,,,,,,,,,,,,,,,,,,,,,,,,,,,,,,,,,,,,,,,,,,,,,,,,,,,,,,,,,,,,,,,,,,,,,,,,,,,,,,,,,,,,,,,,,,,,,,,,,,,,,,,,,,,,,,,,,,,,,,,,,,,,,,,,,,,,,,,,,,,,,,,,,,,,,,,,,,,,,,,,,,,,,,,,,,,,,,,,,,,,,,,,,,,,,,,,,,,,,,,,,,,,,,,,,,,,,,,,,,,,,,,,,,,,,
,,,,,,,,,,,,,,,,,,,,,,,,,,,,,,,,,,,,,,,,,,,,,,,,,,,,,,,,,,,,,,,,,,,,,,,,,,,,,,,,,,,,,,,,,,,,,,,,,,,,,,,,,,,,,,,,,,,,,,,,,,,,,,,,,,,,,,,,,,,,,,,,,,,,,,,,,,,,,,,,,,,,,,,,,,,,,,,,,,,,,,,,,,,,,,,,,,,,,,,,,,,,,,,,,,,,,,,,,,,,,,,,,,,,,,,,,,,,,,,,,,,,,,,,,,,,,,,,,,,,,,,,,,,,,,,,,,,,,,,,,
,,,,,,,,,,,,,,,,,,,,,,,,,,,,,,,,,,,,,,,,,,,,,,,,,,,,,,,,,,,,,,,,,,,,,,,,,,,,,,,,,,,,,,,,,,,,,,,,,,,,,,,,,,,,,,,,,,,,,,,,,,,,,,,,,,,,,,,,,,,,,,,,,,,,,,,,,,,,,,,,,,,,,,,,,,,,,,,,,,,,,,,,,,,,,,,,,,,,,,,,,,,,,,,,,,,,,,,,,,,,,,,,,,,,,,,,,,,,,,,,,,,,,,,,,,,,,,,,,,,,,,,,,,,,,,,,,,,,,,,,,
,,,,,,,,,,,,,,,,,,,,,,,,,,,,,,,,,,,,,,,,,,,,,,,,,,,,,,,,,,,,,,,,,,,,,,,,,,,,,,,,,,,,,,,,,,,,,,,,,,,,,,,,,,,,,,,,,,,,,,,,,,,,,,,,,,,,,,,,,,,,,,,,,,,,,,,,,,,,,,,,,,,,,,,,,,,,,,,,,,,,,,,,,,,,,,,,,,,,,,,,,,,,,,,,,,,,,,,,,,,,,,,,,,,,,,,,,,,,,,,,,,,,,,,,,,,,,,,,,,,,,,,,,,,,,,,,,,,,,,,,,
,,,,,,,,,,,,,,,,,,,,,,,,,,,,,,,,,,,,,,,,,,,,,,,,,,,,,,,,,,,,,,,,,,,,,,,,,,,,,,,,,,,,,,,,,,,,,,,,,,,,,,,,,,,,,,,,,,,,,,,,,,,,,,,,,,,,,,,,,,,,,,,,,,,,,,,,,,,,,,,,,,,,,,,,,,,,,,,,,,,,,,,,,,,,,,,,,,,,,,,,,,,,,,,,,,,,,,,,,,,,,,,,,,,,,,,,,,,,,,,,,,,,,,,,,,,,,,,,,,,,,,,,,,,,,,,,,,,,,,,,,
,,,,,,,,,,,,,,,,,,,,,,,,,,,,,,,,,,,,,,,,,,,,,,,,,,,,,,,,,,,,,,,,,,,,,,,,,,,,,,,,,,,,,,,,,,,,,,,,,,,,,,,,,,,,,,,,,,,,,,,,,,,,,,,,,,,,,,,,,,,,,,,,,,,,,,,,,,,,,,,,,,,,,,,,,,,,,,,,,,,,,,,,,,,,,,,,,,,,,,,,,,,,,,,,,,,,,,,,,,,,,,,,,,,,,,,,,,,,,,,,,,,,,,,,,,,,,,,,,,,,,,,,,,,,,,,,,,,,,,,,,
,,,,,,,,,,,,,,,,,,,,,,,,,,,,,,,,,,,,,,,,,,,,,,,,,,,,,,,,,,,,,,,,,,,,,,,,,,,,,,,,,,,,,,,,,,,,,,,,,,,,,,,,,,,,,,,,,,,,,,,,,,,,,,,,,,,,,,,,,,,,,,,,,,,,,,,,,,,,,,,,,,,,,,,,,,,,,,,,,,,,,,,,,,,,,,,,,,,,,,,,,,,,,,,,,,,,,,,,,,,,,,,,,,,,,,,,,,,,,,,,,,,,,,,,,,,,,,,,,,,,,,,,,,,,,,,,,,,,,,,,,
,,,,,,,,,,,,,,,,,,,,,,,,,,,,,,,,,,,,,,,,,,,,,,,,,,,,,,,,,,,,,,,,,,,,,,,,,,,,,,,,,,,,,,,,,,,,,,,,,,,,,,,,,,,,,,,,,,,,,,,,,,,,,,,,,,,,,,,,,,,,,,,,,,,,,,,,,,,,,,,,,,,,,,,,,,,,,,,,,,,,,,,,,,,,,,,,,,,,,,,,,,,,,,,,,,,,,,,,,,,,,,,,,,,,,,,,,,,,,,,,,,,,,,,,,,,,,,,,,,,,,,,,,,,,,,,,,,,,,,,,,
,,,,,,,,,,,,,,,,,,,,,,,,,,,,,,,,,,,,,,,,,,,,,,,,,,,,,,,,,,,,,,,,,,,,,,,,,,,,,,,,,,,,,,,,,,,,,,,,,,,,,,,,,,,,,,,,,,,,,,,,,,,,,,,,,,,,,,,,,,,,,,,,,,,,,,,,,,,,,,,,,,,,,,,,,,,,,,,,,,,,,,,,,,,,,,,,,,,,,,,,,,,,,,,,,,,,,,,,,,,,,,,,,,,,,,,,,,,,,,,,,,,,,,,,,,,,,,,,,,,,,,,,,,,,,,,,,,,,,,,,,
,,,,,,,,,,,,,,,,,,,,,,,,,,,,,,,,,,,,,,,,,,,,,,,,,,,,,,,,,,,,,,,,,,,,,,,,,,,,,,,,,,,,,,,,,,,,,,,,,,,,,,,,,,,,,,,,,,,,,,,,,,,,,,,,,,,,,,,,,,,,,,,,,,,,,,,,,,,,,,,,,,,,,,,,,,,,,,,,,,,,,,,,,,,,,,,,,,,,,,,,,,,,,,,,,,,,,,,,,,,,,,,,,,,,,,,,,,,,,,,,,,,,,,,,,,,,,,,,,,,,,,,,,,,,,,,,,,,,,,,,,
,,,,,,,,,,,,,,,,,,,,,,,,,,,,,,,,,,,,,,,,,,,,,,,,,,,,,,,,,,,,,,,,,,,,,,,,,,,,,,,,,,,,,,,,,,,,,,,,,,,,,,,,,,,,,,,,,,,,,,,,,,,,,,,,,,,,,,,,,,,,,,,,,,,,,,,,,,,,,,,,,,,,,,,,,,,,,,,,,,,,,,,,,,,,,,,,,,,,,,,,,,,,,,,,,,,,,,,,,,,,,,,,,,,,,,,,,,,,,,,,,,,,,,,,,,,,,,,,,,,,,,,,,,,,,,,,,,,,,,,,,
,,,,,,,,,,,,,,,,,,,,,,,,,,,,,,,,,,,,,,,,,,,,,,,,,,,,,,,,,,,,,,,,,,,,,,,,,,,,,,,,,,,,,,,,,,,,,,,,,,,,,,,,,,,,,,,,,,,,,,,,,,,,,,,,,,,,,,,,,,,,,,,,,,,,,,,,,,,,,,,,,,,,,,,,,,,,,,,,,,,,,,,,,,,,,,,,,,,,,,,,,,,,,,,,,,,,,,,,,,,,,,,,,,,,,,,,,,,,,,,,,,,,,,,,,,,,,,,,,,,,,,,,,,,,,,,,,,,,,,,,,
,,,,,,,,,,,,,,,,,,,,,,,,,,,,,,,,,,,,,,,,,,,,,,,,,,,,,,,,,,,,,,,,,,,,,,,,,,,,,,,,,,,,,,,,,,,,,,,,,,,,,,,,,,,,,,,,,,,,,,,,,,,,,,,,,,,,,,,,,,,,,,,,,,,,,,,,,,,,,,,,,,,,,,,,,,,,,,,,,,,,,,,,,,,,,,,,,,,,,,,,,,,,,,,,,,,,,,,,,,,,,,,,,,,,,,,,,,,,,,,,,,,,,,,,,,,,,,,,,,,,,,,,,,,,,,,,,,,,,,,,,
,,,,,,,,,,,,,,,,,,,,,,,,,,,,,,,,,,,,,,,,,,,,,,,,,,,,,,,,,,,,,,,,,,,,,,,,,,,,,,,,,,,,,,,,,,,,,,,,,,,,,,,,,,,,,,,,,,,,,,,,,,,,,,,,,,,,,,,,,,,,,,,,,,,,,,,,,,,,,,,,,,,,,,,,,,,,,,,,,,,,,,,,,,,,,,,,,,,,,,,,,,,,,,,,,,,,,,,,,,,,,,,,,,,,,,,,,,,,,,,,,,,,,,,,,,,,,,,,,,,,,,,,,,,,,,,,,,,,,,,,,
,,,,,,,,,,,,,,,,,,,,,,,,,,,,,,,,,,,,,,,,,,,,,,,,,,,,,,,,,,,,,,,,,,,,,,,,,,,,,,,,,,,,,,,,,,,,,,,,,,,,,,,,,,,,,,,,,,,,,,,,,,,,,,,,,,,,,,,,,,,,,,,,,,,,,,,,,,,,,,,,,,,,,,,,,,,,,,,,,,,,,,,,,,,,,,,,,,,,,,,,,,,,,,,,,,,,,,,,,,,,,,,,,,,,,,,,,,,,,,,,,,,,,,,,,,,,,,,,,,,,,,,,,,,,,,,,,,,,,,,,,
,,,,,,,,,,,,,,,,,,,,,,,,,,,,,,,,,,,,,,,,,,,,,,,,,,,,,,,,,,,,,,,,,,,,,,,,,,,,,,,,,,,,,,,,,,,,,,,,,,,,,,,,,,,,,,,,,,,,,,,,,,,,,,,,,,,,,,,,,,,,,,,,,,,,,,,,,,,,,,,,,,,,,,,,,,,,,,,,,,,,,,,,,,,,,,,,,,,,,,,,,,,,,,,,,,,,,,,,,,,,,,,,,,,,,,,,,,,,,,,,,,,,,,,,,,,,,,,,,,,,,,,,,,,,,,,,,,,,,,,,,
,,,,,,,,,,,,,,,,,,,,,,,,,,,,,,,,,,,,,,,,,,,,,,,,,,,,,,,,,,,,,,,,,,,,,,,,,,,,,,,,,,,,,,,,,,,,,,,,,,,,,,,,,,,,,,,,,,,,,,,,,,,,,,,,,,,,,,,,,,,,,,,,,,,,,,,,,,,,,,,,,,,,,,,,,,,,,,,,,,,,,,,,,,,,,,,,,,,,,,,,,,,,,,,,,,,,,,,,,,,,,,,,,,,,,,,,,,,,,,,,,,,,,,,,,,,,,,,,,,,,,,,,,,,,,,,,,,,,,,,,,
,,,,,,,,,,,,,,,,,,,,,,,,,,,,,,,,,,,,,,,,,,,,,,,,,,,,,,,,,,,,,,,,,,,,,,,,,,,,,,,,,,,,,,,,,,,,,,,,,,,,,,,,,,,,,,,,,,,,,,,,,,,,,,,,,,,,,,,,,,,,,,,,,,,,,,,,,,,,,,,,,,,,,,,,,,,,,,,,,,,,,,,,,,,,,,,,,,,,,,,,,,,,,,,,,,,,,,,,,,,,,,,,,,,,,,,,,,,,,,,,,,,,,,,,,,,,,,,,,,,,,,,,,,,,,,,,,,,,,,,,,
,,,,,,,,,,,,,,,,,,,,,,,,,,,,,,,,,,,,,,,,,,,,,,,,,,,,,,,,,,,,,,,,,,,,,,,,,,,,,,,,,,,,,,,,,,,,,,,,,,,,,,,,,,,,,,,,,,,,,,,,,,,,,,,,,,,,,,,,,,,,,,,,,,,,,,,,,,,,,,,,,,,,,,,,,,,,,,,,,,,,,,,,,,,,,,,,,,,,,,,,,,,,,,,,,,,,,,,,,,,,,,,,,,,,,,,,,,,,,,,,,,,,,,,,,,,,,,,,,,,,,,,,,,,,,,,,,,,,,,,,,
,,,,,,,,,,,,,,,,,,,,,,,,,,,,,,,,,,,,,,,,,,,,,,,,,,,,,,,,,,,,,,,,,,,,,,,,,,,,,,,,,,,,,,,,,,,,,,,,,,,,,,,,,,,,,,,,,,,,,,,,,,,,,,,,,,,,,,,,,,,,,,,,,,,,,,,,,,,,,,,,,,,,,,,,,,,,,,,,,,,,,,,,,,,,,,,,,,,,,,,,,,,,,,,,,,,,,,,,,,,,,,,,,,,,,,,,,,,,,,,,,,,,,,,,,,,,,,,,,,,,,,,,,,,,,,,,,,,,,,,,,
,,,,,,,,,,,,,,,,,,,,,,,,,,,,,,,,,,,,,,,,,,,,,,,,,,,,,,,,,,,,,,,,,,,,,,,,,,,,,,,,,,,,,,,,,,,,,,,,,,,,,,,,,,,,,,,,,,,,,,,,,,,,,,,,,,,,,,,,,,,,,,,,,,,,,,,,,,,,,,,,,,,,,,,,,,,,,,,,,,,,,,,,,,,,,,,,,,,,,,,,,,,,,,,,,,,,,,,,,,,,,,,,,,,,,,,,,,,,,,,,,,,,,,,,,,,,,,,,,,,,,,,,,,,,,,,,,,,,,,,,,
,,,,,,,,,,,,,,,,,,,,,,,,,,,,,,,,,,,,,,,,,,,,,,,,,,,,,,,,,,,,,,,,,,,,,,,,,,,,,,,,,,,,,,,,,,,,,,,,,,,,,,,,,,,,,,,,,,,,,,,,,,,,,,,,,,,,,,,,,,,,,,,,,,,,,,,,,,,,,,,,,,,,,,,,,,,,,,,,,,,,,,,,,,,,,,,,,,,,,,,,,,,,,,,,,,,,,,,,,,,,,,,,,,,,,,,,,,,,,,,,,,,,,,,,,,,,,,,,,,,,,,,,,,,,,,,,,,,,,,,,,
,,,,,,,,,,,,,,,,,,,,,,,,,,,,,,,,,,,,,,,,,,,,,,,,,,,,,,,,,,,,,,,,,,,,,,,,,,,,,,,,,,,,,,,,,,,,,,,,,,,,,,,,,,,,,,,,,,,,,,,,,,,,,,,,,,,,,,,,,,,,,,,,,,,,,,,,,,,,,,,,,,,,,,,,,,,,,,,,,,,,,,,,,,,,,,,,,,,,,,,,,,,,,,,,,,,,,,,,,,,,,,,,,,,,,,,,,,,,,,,,,,,,,,,,,,,,,,,,,,,,,,,,,,,,,,,,,,,,,,,,,
,,,,,,,,,,,,,,,,,,,,,,,,,,,,,,,,,,,,,,,,,,,,,,,,,,,,,,,,,,,,,,,,,,,,,,,,,,,,,,,,,,,,,,,,,,,,,,,,,,,,,,,,,,,,,,,,,,,,,,,,,,,,,,,,,,,,,,,,,,,,,,,,,,,,,,,,,,,,,,,,,,,,,,,,,,,,,,,,,,,,,,,,,,,,,,,,,,,,,,,,,,,,,,,,,,,,,,,,,,,,,,,,,,,,,,,,,,,,,,,,,,,,,,,,,,,,,,,,,,,,,,,,,,,,,,,,,,,,,,,,,
,,,,,,,,,,,,,,,,,,,,,,,,,,,,,,,,,,,,,,,,,,,,,,,,,,,,,,,,,,,,,,,,,,,,,,,,,,,,,,,,,,,,,,,,,,,,,,,,,,,,,,,,,,,,,,,,,,,,,,,,,,,,,,,,,,,,,,,,,,,,,,,,,,,,,,,,,,,,,,,,,,,,,,,,,,,,,,,,,,,,,,,,,,,,,,,,,,,,,,,,,,,,,,,,,,,,,,,,,,,,,,,,,,,,,,,,,,,,,,,,,,,,,,,,,,,,,,,,,,,,,,,,,,,,,,,,,,,,,,,,,
,,,,,,,,,,,,,,,,,,,,,,,,,,,,,,,,,,,,,,,,,,,,,,,,,,,,,,,,,,,,,,,,,,,,,,,,,,,,,,,,,,,,,,,,,,,,,,,,,,,,,,,,,,,,,,,,,,,,,,,,,,,,,,,,,,,,,,,,,,,,,,,,,,,,,,,,,,,,,,,,,,,,,,,,,,,,,,,,,,,,,,,,,,,,,,,,,,,,,,,,,,,,,,,,,,,,,,,,,,,,,,,,,,,,,,,,,,,,,,,,,,,,,,,,,,,,,,,,,,,,,,,,,,,,,,,,,,,,,,,,,
,,,,,,,,,,,,,,,,,,,,,,,,,,,,,,,,,,,,,,,,,,,,,,,,,,,,,,,,,,,,,,,,,,,,,,,,,,,,,,,,,,,,,,,,,,,,,,,,,,,,,,,,,,,,,,,,,,,,,,,,,,,,,,,,,,,,,,,,,,,,,,,,,,,,,,,,,,,,,,,,,,,,,,,,,,,,,,,,,,,,,,,,,,,,,,,,,,,,,,,,,,,,,,,,,,,,,,,,,,,,,,,,,,,,,,,,,,,,,,,,,,,,,,,,,,,,,,,,,,,,,,,,,,,,,,,,,,,,,,,,,
,,,,,,,,,,,,,,,,,,,,,,,,,,,,,,,,,,,,,,,,,,,,,,,,,,,,,,,,,,,,,,,,,,,,,,,,,,,,,,,,,,,,,,,,,,,,,,,,,,,,,,,,,,,,,,,,,,,,,,,,,,,,,,,,,,,,,,,,,,,,,,,,,,,,,,,,,,,,,,,,,,,,,,,,,,,,,,,,,,,,,,,,,,,,,,,,,,,,,,,,,,,,,,,,,,,,,,,,,,,,,,,,,,,,,,,,,,,,,,,,,,,,,,,,,,,,,,,,,,,,,,,,,,,,,,,,,,,,,,,,,
,,,,,,,,,,,,,,,,,,,,,,,,,,,,,,,,,,,,,,,,,,,,,,,,,,,,,,,,,,,,,,,,,,,,,,,,,,,,,,,,,,,,,,,,,,,,,,,,,,,,,,,,,,,,,,,,,,,,,,,,,,,,,,,,,,,,,,,,,,,,,,,,,,,,,,,,,,,,,,,,,,,,,,,,,,,,,,,,,,,,,,,,,,,,,,,,,,,,,,,,,,,,,,,,,,,,,,,,,,,,,,,,,,,,,,,,,,,,,,,,,,,,,,,,,,,,,,,,,,,,,,,,,,,,,,,,,,,,,,,,,
,,,,,,,,,,,,,,,,,,,,,,,,,,,,,,,,,,,,,,,,,,,,,,,,,,,,,,,,,,,,,,,,,,,,,,,,,,,,,,,,,,,,,,,,,,,,,,,,,,,,,,,,,,,,,,,,,,,,,,,,,,,,,,,,,,,,,,,,,,,,,,,,,,,,,,,,,,,,,,,,,,,,,,,,,,,,,,,,,,,,,,,,,,,,,,,,,,,,,,,,,,,,,,,,,,,,,,,,,,,,,,,,,,,,,,,,,,,,,,,,,,,,,,,,,,,,,,,,,,,,,,,,,,,,,,,,,,,,,,,,,
,,,,,,,,,,,,,,,,,,,,,,,,,,,,,,,,,,,,,,,,,,,,,,,,,,,,,,,,,,,,,,,,,,,,,,,,,,,,,,,,,,,,,,,,,,,,,,,,,,,,,,,,,,,,,,,,,,,,,,,,,,,,,,,,,,,,,,,,,,,,,,,,,,,,,,,,,,,,,,,,,,,,,,,,,,,,,,,,,,,,,,,,,,,,,,,,,,,,,,,,,,,,,,,,,,,,,,,,,,,,,,,,,,,,,,,,,,,,,,,,,,,,,,,,,,,,,,,,,,,,,,,,,,,,,,,,,,,,,,,,,
,,,,,,,,,,,,,,,,,,,,,,,,,,,,,,,,,,,,,,,,,,,,,,,,,,,,,,,,,,,,,,,,,,,,,,,,,,,,,,,,,,,,,,,,,,,,,,,,,,,,,,,,,,,,,,,,,,,,,,,,,,,,,,,,,,,,,,,,,,,,,,,,,,,,,,,,,,,,,,,,,,,,,,,,,,,,,,,,,,,,,,,,,,,,,,,,,,,,,,,,,,,,,,,,,,,,,,,,,,,,,,,,,,,,,,,,,,,,,,,,,,,,,,,,,,,,,,,,,,,,,,,,,,,,,,,,,,,,,,,,,
,,,,,,,,,,,,,,,,,,,,,,,,,,,,,,,,,,,,,,,,,,,,,,,,,,,,,,,,,,,,,,,,,,,,,,,,,,,,,,,,,,,,,,,,,,,,,,,,,,,,,,,,,,,,,,,,,,,,,,,,,,,,,,,,,,,,,,,,,,,,,,,,,,,,,,,,,,,,,,,,,,,,,,,,,,,,,,,,,,,,,,,,,,,,,,,,,,,,,,,,,,,,,,,,,,,,,,,,,,,,,,,,,,,,,,,,,,,,,,,,,,,,,,,,,,,,,,,,,,,,,,,,,,,,,,,,,,,,,,,,,
,,,,,,,,,,,,,,,,,,,,,,,,,,,,,,,,,,,,,,,,,,,,,,,,,,,,,,,,,,,,,,,,,,,,,,,,,,,,,,,,,,,,,,,,,,,,,,,,,,,,,,,,,,,,,,,,,,,,,,,,,,,,,,,,,,,,,,,,,,,,,,,,,,,,,,,,,,,,,,,,,,,,,,,,,,,,,,,,,,,,,,,,,,,,,,,,,,,,,,,,,,,,,,,,,,,,,,,,,,,,,,,,,,,,,,,,,,,,,,,,,,,,,,,,,,,,,,,,,,,,,,,,,,,,,,,,,,,,,,,,,
,,,,,,,,,,,,,,,,,,,,,,,,,,,,,,,,,,,,,,,,,,,,,,,,,,,,,,,,,,,,,,,,,,,,,,,,,,,,,,,,,,,,,,,,,,,,,,,,,,,,,,,,,,,,,,,,,,,,,,,,,,,,,,,,,,,,,,,,,,,,,,,,,,,,,,,,,,,,,,,,,,,,,,,,,,,,,,,,,,,,,,,,,,,,,,,,,,,,,,,,,,,,,,,,,,,,,,,,,,,,,,,,,,,,,,,,,,,,,,,,,,,,,,,,,,,,,,,,,,,,,,,,,,,,,,,,,,,,,,,,,
,,,,,,,,,,,,,,,,,,,,,,,,,,,,,,,,,,,,,,,,,,,,,,,,,,,,,,,,,,,,,,,,,,,,,,,,,,,,,,,,,,,,,,,,,,,,,,,,,,,,,,,,,,,,,,,,,,,,,,,,,,,,,,,,,,,,,,,,,,,,,,,,,,,,,,,,,,,,,,,,,,,,,,,,,,,,,,,,,,,,,,,,,,,,,,,,,,,,,,,,,,,,,,,,,,,,,,,,,,,,,,,,,,,,,,,,,,,,,,,,,,,,,,,,,,,,,,,,,,,,,,,,,,,,,,,,,,,,,,,,,
,,,,,,,,,,,,,,,,,,,,,,,,,,,,,,,,,,,,,,,,,,,,,,,,,,,,,,,,,,,,,,,,,,,,,,,,,,,,,,,,,,,,,,,,,,,,,,,,,,,,,,,,,,,,,,,,,,,,,,,,,,,,,,,,,,,,,,,,,,,,,,,,,,,,,,,,,,,,,,,,,,,,,,,,,,,,,,,,,,,,,,,,,,,,,,,,,,,,,,,,,,,,,,,,,,,,,,,,,,,,,,,,,,,,,,,,,,,,,,,,,,,,,,,,,,,,,,,,,,,,,,,,,,,,,,,,,,,,,,,,,
,,,,,,,,,,,,,,,,,,,,,,,,,,,,,,,,,,,,,,,,,,,,,,,,,,,,,,,,,,,,,,,,,,,,,,,,,,,,,,,,,,,,,,,,,,,,,,,,,,,,,,,,,,,,,,,,,,,,,,,,,,,,,,,,,,,,,,,,,,,,,,,,,,,,,,,,,,,,,,,,,,,,,,,,,,,,,,,,,,,,,,,,,,,,,,,,,,,,,,,,,,,,,,,,,,,,,,,,,,,,,,,,,,,,,,,,,,,,,,,,,,,,,,,,,,,,,,,,,,,,,,,,,,,,,,,,,,,,,,,,,
,,,,,,,,,,,,,,,,,,,,,,,,,,,,,,,,,,,,,,,,,,,,,,,,,,,,,,,,,,,,,,,,,,,,,,,,,,,,,,,,,,,,,,,,,,,,,,,,,,,,,,,,,,,,,,,,,,,,,,,,,,,,,,,,,,,,,,,,,,,,,,,,,,,,,,,,,,,,,,,,,,,,,,,,,,,,,,,,,,,,,,,,,,,,,,,,,,,,,,,,,,,,,,,,,,,,,,,,,,,,,,,,,,,,,,,,,,,,,,,,,,,,,,,,,,,,,,,,,,,,,,,,,,,,,,,,,,,,,,,,,
,,,,,,,,,,,,,,,,,,,,,,,,,,,,,,,,,,,,,,,,,,,,,,,,,,,,,,,,,,,,,,,,,,,,,,,,,,,,,,,,,,,,,,,,,,,,,,,,,,,,,,,,,,,,,,,,,,,,,,,,,,,,,,,,,,,,,,,,,,,,,,,,,,,,,,,,,,,,,,,,,,,,,,,,,,,,,,,,,,,,,,,,,,,,,,,,,,,,,,,,,,,,,,,,,,,,,,,,,,,,,,,,,,,,,,,,,,,,,,,,,,,,,,,,,,,,,,,,,,,,,,,,,,,,,,,,,,,,,,,,,
,,,,,,,,,,,,,,,,,,,,,,,,,,,,,,,,,,,,,,,,,,,,,,,,,,,,,,,,,,,,,,,,,,,,,,,,,,,,,,,,,,,,,,,,,,,,,,,,,,,,,,,,,,,,,,,,,,,,,,,,,,,,,,,,,,,,,,,,,,,,,,,,,,,,,,,,,,,,,,,,,,,,,,,,,,,,,,,,,,,,,,,,,,,,,,,,,,,,,,,,,,,,,,,,,,,,,,,,,,,,,,,,,,,,,,,,,,,,,,,,,,,,,,,,,,,,,,,,,,,,,,,,,,,,,,,,,,,,,,,,,
,,,,,,,,,,,,,,,,,,,,,,,,,,,,,,,,,,,,,,,,,,,,,,,,,,,,,,,,,,,,,,,,,,,,,,,,,,,,,,,,,,,,,,,,,,,,,,,,,,,,,,,,,,,,,,,,,,,,,,,,,,,,,,,,,,,,,,,,,,,,,,,,,,,,,,,,,,,,,,,,,,,,,,,,,,,,,,,,,,,,,,,,,,,,,,,,,,,,,,,,,,,,,,,,,,,,,,,,,,,,,,,,,,,,,,,,,,,,,,,,,,,,,,,,,,,,,,,,,,,,,,,,,,,,,,,,,,,,,,,,,
,,,,,,,,,,,,,,,,,,,,,,,,,,,,,,,,,,,,,,,,,,,,,,,,,,,,,,,,,,,,,,,,,,,,,,,,,,,,,,,,,,,,,,,,,,,,,,,,,,,,,,,,,,,,,,,,,,,,,,,,,,,,,,,,,,,,,,,,,,,,,,,,,,,,,,,,,,,,,,,,,,,,,,,,,,,,,,,,,,,,,,,,,,,,,,,,,,,,,,,,,,,,,,,,,,,,,,,,,,,,,,,,,,,,,,,,,,,,,,,,,,,,,,,,,,,,,,,,,,,,,,,,,,,,,,,,,,,,,,,,,
,,,,,,,,,,,,,,,,,,,,,,,,,,,,,,,,,,,,,,,,,,,,,,,,,,,,,,,,,,,,,,,,,,,,,,,,,,,,,,,,,,,,,,,,,,,,,,,,,,,,,,,,,,,,,,,,,,,,,,,,,,,,,,,,,,,,,,,,,,,,,,,,,,,,,,,,,,,,,,,,,,,,,,,,,,,,,,,,,,,,,,,,,,,,,,,,,,,,,,,,,,,,,,,,,,,,,,,,,,,,,,,,,,,,,,,,,,,,,,,,,,,,,,,,,,,,,,,,,,,,,,,,,,,,,,,,,,,,,,,,,
,,,,,,,,,,,,,,,,,,,,,,,,,,,,,,,,,,,,,,,,,,,,,,,,,,,,,,,,,,,,,,,,,,,,,,,,,,,,,,,,,,,,,,,,,,,,,,,,,,,,,,,,,,,,,,,,,,,,,,,,,,,,,,,,,,,,,,,,,,,,,,,,,,,,,,,,,,,,,,,,,,,,,,,,,,,,,,,,,,,,,,,,,,,,,,,,,,,,,,,,,,,,,,,,,,,,,,,,,,,,,,,,,,,,,,,,,,,,,,,,,,,,,,,,,,,,,,,,,,,,,,,,,,,,,,,,,,,,,,,,,
,,,,,,,,,,,,,,,,,,,,,,,,,,,,,,,,,,,,,,,,,,,,,,,,,,,,,,,,,,,,,,,,,,,,,,,,,,,,,,,,,,,,,,,,,,,,,,,,,,,,,,,,,,,,,,,,,,,,,,,,,,,,,,,,,,,,,,,,,,,,,,,,,,,,,,,,,,,,,,,,,,,,,,,,,,,,,,,,,,,,,,,,,,,,,,,,,,,,,,,,,,,,,,,,,,,,,,,,,,,,,,,,,,,,,,,,,,,,,,,,,,,,,,,,,,,,,,,,,,,,,,,,,,,,,,,,,,,,,,,,,
,,,,,,,,,,,,,,,,,,,,,,,,,,,,,,,,,,,,,,,,,,,,,,,,,,,,,,,,,,,,,,,,,,,,,,,,,,,,,,,,,,,,,,,,,,,,,,,,,,,,,,,,,,,,,,,,,,,,,,,,,,,,,,,,,,,,,,,,,,,,,,,,,,,,,,,,,,,,,,,,,,,,,,,,,,,,,,,,,,,,,,,,,,,,,,,,,,,,,,,,,,,,,,,,,,,,,,,,,,,,,,,,,,,,,,,,,,,,,,,,,,,,,,,,,,,,,,,,,,,,,,,,,,,,,,,,,,,,,,,,,
,,,,,,,,,,,,,,,,,,,,,,,,,,,,,,,,,,,,,,,,,,,,,,,,,,,,,,,,,,,,,,,,,,,,,,,,,,,,,,,,,,,,,,,,,,,,,,,,,,,,,,,,,,,,,,,,,,,,,,,,,,,,,,,,,,,,,,,,,,,,,,,,,,,,,,,,,,,,,,,,,,,,,,,,,,,,,,,,,,,,,,,,,,,,,,,,,,,,,,,,,,,,,,,,,,,,,,,,,,,,,,,,,,,,,,,,,,,,,,,,,,,,,,,,,,,,,,,,,,,,,,,,,,,,,,,,,,,,,,,,,
,,,,,,,,,,,,,,,,,,,,,,,,,,,,,,,,,,,,,,,,,,,,,,,,,,,,,,,,,,,,,,,,,,,,,,,,,,,,,,,,,,,,,,,,,,,,,,,,,,,,,,,,,,,,,,,,,,,,,,,,,,,,,,,,,,,,,,,,,,,,,,,,,,,,,,,,,,,,,,,,,,,,,,,,,,,,,,,,,,,,,,,,,,,,,,,,,,,,,,,,,,,,,,,,,,,,,,,,,,,,,,,,,,,,,,,,,,,,,,,,,,,,,,,,,,,,,,,,,,,,,,,,,,,,,,,,,,,,,,,,,
,,,,,,,,,,,,,,,,,,,,,,,,,,,,,,,,,,,,,,,,,,,,,,,,,,,,,,,,,,,,,,,,,,,,,,,,,,,,,,,,,,,,,,,,,,,,,,,,,,,,,,,,,,,,,,,,,,,,,,,,,,,,,,,,,,,,,,,,,,,,,,,,,,,,,,,,,,,,,,,,,,,,,,,,,,,,,,,,,,,,,,,,,,,,,,,,,,,,,,,,,,,,,,,,,,,,,,,,,,,,,,,,,,,,,,,,,,,,,,,,,,,,,,,,,,,,,,,,,,,,,,,,,,,,,,,,,,,,,,,,,
,,,,,,,,,,,,,,,,,,,,,,,,,,,,,,,,,,,,,,,,,,,,,,,,,,,,,,,,,,,,,,,,,,,,,,,,,,,,,,,,,,,,,,,,,,,,,,,,,,,,,,,,,,,,,,,,,,,,,,,,,,,,,,,,,,,,,,,,,,,,,,,,,,,,,,,,,,,,,,,,,,,,,,,,,,,,,,,,,,,,,,,,,,,,,,,,,,,,,,,,,,,,,,,,,,,,,,,,,,,,,,,,,,,,,,,,,,,,,,,,,,,,,,,,,,,,,,,,,,,,,,,,,,,,,,,,,,,,,,,,,
,,,,,,,,,,,,,,,,,,,,,,,,,,,,,,,,,,,,,,,,,,,,,,,,,,,,,,,,,,,,,,,,,,,,,,,,,,,,,,,,,,,,,,,,,,,,,,,,,,,,,,,,,,,,,,,,,,,,,,,,,,,,,,,,,,,,,,,,,,,,,,,,,,,,,,,,,,,,,,,,,,,,,,,,,,,,,,,,,,,,,,,,,,,,,,,,,,,,,,,,,,,,,,,,,,,,,,,,,,,,,,,,,,,,,,,,,,,,,,,,,,,,,,,,,,,,,,,,,,,,,,,,,,,,,,,,,,,,,,,,,
,,,,,,,,,,,,,,,,,,,,,,,,,,,,,,,,,,,,,,,,,,,,,,,,,,,,,,,,,,,,,,,,,,,,,,,,,,,,,,,,,,,,,,,,,,,,,,,,,,,,,,,,,,,,,,,,,,,,,,,,,,,,,,,,,,,,,,,,,,,,,,,,,,,,,,,,,,,,,,,,,,,,,,,,,,,,,,,,,,,,,,,,,,,,,,,,,,,,,,,,,,,,,,,,,,,,,,,,,,,,,,,,,,,,,,,,,,,,,,,,,,,,,,,,,,,,,,,,,,,,,,,,,,,,,,,,,,,,,,,,,
,,,,,,,,,,,,,,,,,,,,,,,,,,,,,,,,,,,,,,,,,,,,,,,,,,,,,,,,,,,,,,,,,,,,,,,,,,,,,,,,,,,,,,,,,,,,,,,,,,,,,,,,,,,,,,,,,,,,,,,,,,,,,,,,,,,,,,,,,,,,,,,,,,,,,,,,,,,,,,,,,,,,,,,,,,,,,,,,,,,,,,,,,,,,,,,,,,,,,,,,,,,,,,,,,,,,,,,,,,,,,,,,,,,,,,,,,,,,,,,,,,,,,,,,,,,,,,,,,,,,,,,,,,,,,,,,,,,,,,,,,
,,,,,,,,,,,,,,,,,,,,,,,,,,,,,,,,,,,,,,,,,,,,,,,,,,,,,,,,,,,,,,,,,,,,,,,,,,,,,,,,,,,,,,,,,,,,,,,,,,,,,,,,,,,,,,,,,,,,,,,,,,,,,,,,,,,,,,,,,,,,,,,,,,,,,,,,,,,,,,,,,,,,,,,,,,,,,,,,,,,,,,,,,,,,,,,,,,,,,,,,,,,,,,,,,,,,,,,,,,,,,,,,,,,,,,,,,,,,,,,,,,,,,,,,,,,,,,,,,,,,,,,,,,,,,,,,,,,,,,,,,
,,,,,,,,,,,,,,,,,,,,,,,,,,,,,,,,,,,,,,,,,,,,,,,,,,,,,,,,,,,,,,,,,,,,,,,,,,,,,,,,,,,,,,,,,,,,,,,,,,,,,,,,,,,,,,,,,,,,,,,,,,,,,,,,,,,,,,,,,,,,,,,,,,,,,,,,,,,,,,,,,,,,,,,,,,,,,,,,,,,,,,,,,,,,,,,,,,,,,,,,,,,,,,,,,,,,,,,,,,,,,,,,,,,,,,,,,,,,,,,,,,,,,,,,,,,,,,,,,,,,,,,,,,,,,,,,,,,,,,,,,
,,,,,,,,,,,,,,,,,,,,,,,,,,,,,,,,,,,,,,,,,,,,,,,,,,,,,,,,,,,,,,,,,,,,,,,,,,,,,,,,,,,,,,,,,,,,,,,,,,,,,,,,,,,,,,,,,,,,,,,,,,,,,,,,,,,,,,,,,,,,,,,,,,,,,,,,,,,,,,,,,,,,,,,,,,,,,,,,,,,,,,,,,,,,,,,,,,,,,,,,,,,,,,,,,,,,,,,,,,,,,,,,,,,,,,,,,,,,,,,,,,,,,,,,,,,,,,,,,,,,,,,,,,,,,,,,,,,,,,,,,
,,,,,,,,,,,,,,,,,,,,,,,,,,,,,,,,,,,,,,,,,,,,,,,,,,,,,,,,,,,,,,,,,,,,,,,,,,,,,,,,,,,,,,,,,,,,,,,,,,,,,,,,,,,,,,,,,,,,,,,,,,,,,,,,,,,,,,,,,,,,,,,,,,,,,,,,,,,,,,,,,,,,,,,,,,,,,,,,,,,,,,,,,,,,,,,,,,,,,,,,,,,,,,,,,,,,,,,,,,,,,,,,,,,,,,,,,,,,,,,,,,,,,,,,,,,,,,,,,,,,,,,,,,,,,,,,,,,,,,,,,
,,,,,,,,,,,,,,,,,,,,,,,,,,,,,,,,,,,,,,,,,,,,,,,,,,,,,,,,,,,,,,,,,,,,,,,,,,,,,,,,,,,,,,,,,,,,,,,,,,,,,,,,,,,,,,,,,,,,,,,,,,,,,,,,,,,,,,,,,,,,,,,,,,,,,,,,,,,,,,,,,,,,,,,,,,,,,,,,,,,,,,,,,,,,,,,,,,,,,,,,,,,,,,,,,,,,,,,,,,,,,,,,,,,,,,,,,,,,,,,,,,,,,,,,,,,,,,,,,,,,,,,,,,,,,,,,,,,,,,,,,
,,,,,,,,,,,,,,,,,,,,,,,,,,,,,,,,,,,,,,,,,,,,,,,,,,,,,,,,,,,,,,,,,,,,,,,,,,,,,,,,,,,,,,,,,,,,,,,,,,,,,,,,,,,,,,,,,,,,,,,,,,,,,,,,,,,,,,,,,,,,,,,,,,,,,,,,,,,,,,,,,,,,,,,,,,,,,,,,,,,,,,,,,,,,,,,,,,,,,,,,,,,,,,,,,,,,,,,,,,,,,,,,,,,,,,,,,,,,,,,,,,,,,,,,,,,,,,,,,,,,,,,,,,,,,,,,,,,,,,,,,
,,,,,,,,,,,,,,,,,,,,,,,,,,,,,,,,,,,,,,,,,,,,,,,,,,,,,,,,,,,,,,,,,,,,,,,,,,,,,,,,,,,,,,,,,,,,,,,,,,,,,,,,,,,,,,,,,,,,,,,,,,,,,,,,,,,,,,,,,,,,,,,,,,,,,,,,,,,,,,,,,,,,,,,,,,,,,,,,,,,,,,,,,,,,,,,,,,,,,,,,,,,,,,,,,,,,,,,,,,,,,,,,,,,,,,,,,,,,,,,,,,,,,,,,,,,,,,,,,,,,,,,,,,,,,,,,,,,,,,,,,
,,,,,,,,,,,,,,,,,,,,,,,,,,,,,,,,,,,,,,,,,,,,,,,,,,,,,,,,,,,,,,,,,,,,,,,,,,,,,,,,,,,,,,,,,,,,,,,,,,,,,,,,,,,,,,,,,,,,,,,,,,,,,,,,,,,,,,,,,,,,,,,,,,,,,,,,,,,,,,,,,,,,,,,,,,,,,,,,,,,,,,,,,,,,,,,,,,,,,,,,,,,,,,,,,,,,,,,,,,,,,,,,,,,,,,,,,,,,,,,,,,,,,,,,,,,,,,,,,,,,,,,,,,,,,,,,,,,,,,,,,
,,,,,,,,,,,,,,,,,,,,,,,,,,,,,,,,,,,,,,,,,,,,,,,,,,,,,,,,,,,,,,,,,,,,,,,,,,,,,,,,,,,,,,,,,,,,,,,,,,,,,,,,,,,,,,,,,,,,,,,,,,,,,,,,,,,,,,,,,,,,,,,,,,,,,,,,,,,,,,,,,,,,,,,,,,,,,,,,,,,,,,,,,,,,,,,,,,,,,,,,,,,,,,,,,,,,,,,,,,,,,,,,,,,,,,,,,,,,,,,,,,,,,,,,,,,,,,,,,,,,,,,,,,,,,,,,,,,,,,,,,
,,,,,,,,,,,,,,,,,,,,,,,,,,,,,,,,,,,,,,,,,,,,,,,,,,,,,,,,,,,,,,,,,,,,,,,,,,,,,,,,,,,,,,,,,,,,,,,,,,,,,,,,,,,,,,,,,,,,,,,,,,,,,,,,,,,,,,,,,,,,,,,,,,,,,,,,,,,,,,,,,,,,,,,,,,,,,,,,,,,,,,,,,,,,,,,,,,,,,,,,,,,,,,,,,,,,,,,,,,,,,,,,,,,,,,,,,,,,,,,,,,,,,,,,,,,,,,,,,,,,,,,,,,,,,,,,,,,,,,,,,
,,,,,,,,,,,,,,,,,,,,,,,,,,,,,,,,,,,,,,,,,,,,,,,,,,,,,,,,,,,,,,,,,,,,,,,,,,,,,,,,,,,,,,,,,,,,,,,,,,,,,,,,,,,,,,,,,,,,,,,,,,,,,,,,,,,,,,,,,,,,,,,,,,,,,,,,,,,,,,,,,,,,,,,,,,,,,,,,,,,,,,,,,,,,,,,,,,,,,,,,,,,,,,,,,,,,,,,,,,,,,,,,,,,,,,,,,,,,,,,,,,,,,,,,,,,,,,,,,,,,,,,,,,,,,,,,,,,,,,,,,
,,,,,,,,,,,,,,,,,,,,,,,,,,,,,,,,,,,,,,,,,,,,,,,,,,,,,,,,,,,,,,,,,,,,,,,,,,,,,,,,,,,,,,,,,,,,,,,,,,,,,,,,,,,,,,,,,,,,,,,,,,,,,,,,,,,,,,,,,,,,,,,,,,,,,,,,,,,,,,,,,,,,,,,,,,,,,,,,,,,,,,,,,,,,,,,,,,,,,,,,,,,,,,,,,,,,,,,,,,,,,,,,,,,,,,,,,,,,,,,,,,,,,,,,,,,,,,,,,,,,,,,,,,,,,,,,,,,,,,,,,
,,,,,,,,,,,,,,,,,,,,,,,,,,,,,,,,,,,,,,,,,,,,,,,,,,,,,,,,,,,,,,,,,,,,,,,,,,,,,,,,,,,,,,,,,,,,,,,,,,,,,,,,,,,,,,,,,,,,,,,,,,,,,,,,,,,,,,,,,,,,,,,,,,,,,,,,,,,,,,,,,,,,,,,,,,,,,,,,,,,,,,,,,,,,,,,,,,,,,,,,,,,,,,,,,,,,,,,,,,,,,,,,,,,,,,,,,,,,,,,,,,,,,,,,,,,,,,,,,,,,,,,,,,,,,,,,,,,,,,,,,
,,,,,,,,,,,,,,,,,,,,,,,,,,,,,,,,,,,,,,,,,,,,,,,,,,,,,,,,,,,,,,,,,,,,,,,,,,,,,,,,,,,,,,,,,,,,,,,,,,,,,,,,,,,,,,,,,,,,,,,,,,,,,,,,,,,,,,,,,,,,,,,,,,,,,,,,,,,,,,,,,,,,,,,,,,,,,,,,,,,,,,,,,,,,,,,,,,,,,,,,,,,,,,,,,,,,,,,,,,,,,,,,,,,,,,,,,,,,,,,,,,,,,,,,,,,,,,,,,,,,,,,,,,,,,,,,,,,,,,,,,
,,,,,,,,,,,,,,,,,,,,,,,,,,,,,,,,,,,,,,,,,,,,,,,,,,,,,,,,,,,,,,,,,,,,,,,,,,,,,,,,,,,,,,,,,,,,,,,,,,,,,,,,,,,,,,,,,,,,,,,,,,,,,,,,,,,,,,,,,,,,,,,,,,,,,,,,,,,,,,,,,,,,,,,,,,,,,,,,,,,,,,,,,,,,,,,,,,,,,,,,,,,,,,,,,,,,,,,,,,,,,,,,,,,,,,,,,,,,,,,,,,,,,,,,,,,,,,,,,,,,,,,,,,,,,,,,,,,,,,,,,
,,,,,,,,,,,,,,,,,,,,,,,,,,,,,,,,,,,,,,,,,,,,,,,,,,,,,,,,,,,,,,,,,,,,,,,,,,,,,,,,,,,,,,,,,,,,,,,,,,,,,,,,,,,,,,,,,,,,,,,,,,,,,,,,,,,,,,,,,,,,,,,,,,,,,,,,,,,,,,,,,,,,,,,,,,,,,,,,,,,,,,,,,,,,,,,,,,,,,,,,,,,,,,,,,,,,,,,,,,,,,,,,,,,,,,,,,,,,,,,,,,,,,,,,,,,,,,,,,,,,,,,,,,,,,,,,,,,,,,,,,
,,,,,,,,,,,,,,,,,,,,,,,,,,,,,,,,,,,,,,,,,,,,,,,,,,,,,,,,,,,,,,,,,,,,,,,,,,,,,,,,,,,,,,,,,,,,,,,,,,,,,,,,,,,,,,,,,,,,,,,,,,,,,,,,,,,,,,,,,,,,,,,,,,,,,,,,,,,,,,,,,,,,,,,,,,,,,,,,,,,,,,,,,,,,,,,,,,,,,,,,,,,,,,,,,,,,,,,,,,,,,,,,,,,,,,,,,,,,,,,,,,,,,,,,,,,,,,,,,,,,,,,,,,,,,,,,,,,,,,,,,
,,,,,,,,,,,,,,,,,,,,,,,,,,,,,,,,,,,,,,,,,,,,,,,,,,,,,,,,,,,,,,,,,,,,,,,,,,,,,,,,,,,,,,,,,,,,,,,,,,,,,,,,,,,,,,,,,,,,,,,,,,,,,,,,,,,,,,,,,,,,,,,,,,,,,,,,,,,,,,,,,,,,,,,,,,,,,,,,,,,,,,,,,,,,,,,,,,,,,,,,,,,,,,,,,,,,,,,,,,,,,,,,,,,,,,,,,,,,,,,,,,,,,,,,,,,,,,,,,,,,,,,,,,,,,,,,,,,,,,,,,
,,,,,,,,,,,,,,,,,,,,,,,,,,,,,,,,,,,,,,,,,,,,,,,,,,,,,,,,,,,,,,,,,,,,,,,,,,,,,,,,,,,,,,,,,,,,,,,,,,,,,,,,,,,,,,,,,,,,,,,,,,,,,,,,,,,,,,,,,,,,,,,,,,,,,,,,,,,,,,,,,,,,,,,,,,,,,,,,,,,,,,,,,,,,,,,,,,,,,,,,,,,,,,,,,,,,,,,,,,,,,,,,,,,,,,,,,,,,,,,,,,,,,,,,,,,,,,,,,,,,,,,,,,,,,,,,,,,,,,,,,
,,,,,,,,,,,,,,,,,,,,,,,,,,,,,,,,,,,,,,,,,,,,,,,,,,,,,,,,,,,,,,,,,,,,,,,,,,,,,,,,,,,,,,,,,,,,,,,,,,,,,,,,,,,,,,,,,,,,,,,,,,,,,,,,,,,,,,,,,,,,,,,,,,,,,,,,,,,,,,,,,,,,,,,,,,,,,,,,,,,,,,,,,,,,,,,,,,,,,,,,,,,,,,,,,,,,,,,,,,,,,,,,,,,,,,,,,,,,,,,,,,,,,,,,,,,,,,,,,,,,,,,,,,,,,,,,,,,,,,,,,
,,,,,,,,,,,,,,,,,,,,,,,,,,,,,,,,,,,,,,,,,,,,,,,,,,,,,,,,,,,,,,,,,,,,,,,,,,,,,,,,,,,,,,,,,,,,,,,,,,,,,,,,,,,,,,,,,,,,,,,,,,,,,,,,,,,,,,,,,,,,,,,,,,,,,,,,,,,,,,,,,,,,,,,,,,,,,,,,,,,,,,,,,,,,,,,,,,,,,,,,,,,,,,,,,,,,,,,,,,,,,,,,,,,,,,,,,,,,,,,,,,,,,,,,,,,,,,,,,,,,,,,,,,,,,,,,,,,,,,,,,
,,,,,,,,,,,,,,,,,,,,,,,,,,,,,,,,,,,,,,,,,,,,,,,,,,,,,,,,,,,,,,,,,,,,,,,,,,,,,,,,,,,,,,,,,,,,,,,,,,,,,,,,,,,,,,,,,,,,,,,,,,,,,,,,,,,,,,,,,,,,,,,,,,,,,,,,,,,,,,,,,,,,,,,,,,,,,,,,,,,,,,,,,,,,,,,,,,,,,,,,,,,,,,,,,,,,,,,,,,,,,,,,,,,,,,,,,,,,,,,,,,,,,,,,,,,,,,,,,,,,,,,,,,,,,,,,,,,,,,,,,
,,,,,,,,,,,,,,,,,,,,,,,,,,,,,,,,,,,,,,,,,,,,,,,,,,,,,,,,,,,,,,,,,,,,,,,,,,,,,,,,,,,,,,,,,,,,,,,,,,,,,,,,,,,,,,,,,,,,,,,,,,,,,,,,,,,,,,,,,,,,,,,,,,,,,,,,,,,,,,,,,,,,,,,,,,,,,,,,,,,,,,,,,,,,,,,,,,,,,,,,,,,,,,,,,,,,,,,,,,,,,,,,,,,,,,,,,,,,,,,,,,,,,,,,,,,,,,,,,,,,,,,,,,,,,,,,,,,,,,,,,
,,,,,,,,,,,,,,,,,,,,,,,,,,,,,,,,,,,,,,,,,,,,,,,,,,,,,,,,,,,,,,,,,,,,,,,,,,,,,,,,,,,,,,,,,,,,,,,,,,,,,,,,,,,,,,,,,,,,,,,,,,,,,,,,,,,,,,,,,,,,,,,,,,,,,,,,,,,,,,,,,,,,,,,,,,,,,,,,,,,,,,,,,,,,,,,,,,,,,,,,,,,,,,,,,,,,,,,,,,,,,,,,,,,,,,,,,,,,,,,,,,,,,,,,,,,,,,,,,,,,,,,,,,,,,,,,,,,,,,,,,
,,,,,,,,,,,,,,,,,,,,,,,,,,,,,,,,,,,,,,,,,,,,,,,,,,,,,,,,,,,,,,,,,,,,,,,,,,,,,,,,,,,,,,,,,,,,,,,,,,,,,,,,,,,,,,,,,,,,,,,,,,,,,,,,,,,,,,,,,,,,,,,,,,,,,,,,,,,,,,,,,,,,,,,,,,,,,,,,,,,,,,,,,,,,,,,,,,,,,,,,,,,,,,,,,,,,,,,,,,,,,,,,,,,,,,,,,,,,,,,,,,,,,,,,,,,,,,,,,,,,,,,,,,,,,,,,,,,,,,,,,
,,,,,,,,,,,,,,,,,,,,,,,,,,,,,,,,,,,,,,,,,,,,,,,,,,,,,,,,,,,,,,,,,,,,,,,,,,,,,,,,,,,,,,,,,,,,,,,,,,,,,,,,,,,,,,,,,,,,,,,,,,,,,,,,,,,,,,,,,,,,,,,,,,,,,,,,,,,,,,,,,,,,,,,,,,,,,,,,,,,,,,,,,,,,,,,,,,,,,,,,,,,,,,,,,,,,,,,,,,,,,,,,,,,,,,,,,,,,,,,,,,,,,,,,,,,,,,,,,,,,,,,,,,,,,,,,,,,,,,,,,
