$,
,
JDAY,FLOW
44197,22
44197.04,22
44197.08,22
44197.12,22
44197.17,22
44197.21,22
44197.25,22
44197.29,22
44197.33,22
44197.38,22
44197.42,22
44197.46,22
44197.5,22
44197.54,22
44197.58,22
44197.62,22
44197.67,22
44197.71,22
44197.75,22
44197.79,22
44197.83,22
44197.88,22
44197.92,22
44197.96,22
44198,22
44198.04,22
44198.08,22
44198.12,22
44198.17,22
44198.21,22
44198.25,22
44198.29,22
44198.33,22
44198.38,22
44198.42,22
44198.46,22
44198.5,22
44198.54,22
44198.58,22
44198.62,22
44198.67,22
44198.71,22
44198.75,22
44198.79,22
44198.83,22
44198.88,22
44198.92,22
44198.96,22
44199,22
44199.04,22
44199.08,22
44199.12,22
44199.17,22
44199.21,22
44199.25,22
44199.29,22
44199.33,22
44199.38,22
44199.42,22
44199.46,22
44199.5,22
44199.54,22
44199.58,22
44199.62,22
44199.67,22
44199.71,22
44199.75,22
44199.79,22
44199.83,22
44199.88,22
44199.92,22
44199.96,22
44200,22
44200.04,22
44200.08,22
44200.12,22
44200.17,22
44200.21,22
44200.25,22
44200.29,22
44200.33,22
44200.38,22
44200.42,22
44200.46,22
44200.5,22
44200.54,22
44200.58,22
44200.62,22
44200.67,22
44200.71,22
44200.75,22
44200.79,22
44200.83,22
44200.88,22
44200.92,22
44200.96,22
44201,22
44201.04,22
44201.08,22
44201.12,22
44201.17,22
44201.21,22
44201.25,22
44201.29,22
44201.33,22
44201.38,22
44201.42,22
44201.46,22
44201.5,22
44201.54,22
44201.58,22
44201.62,22
44201.67,22
44201.71,22
44201.75,22
44201.79,22
44201.83,22
44201.88,22
44201.92,22
44201.96,22
44202,22
44202.04,22
44202.08,22
44202.12,22
44202.17,22
44202.21,22
44202.25,22
44202.29,22
44202.33,22
44202.38,22
44202.42,22
44202.46,22
44202.5,22
44202.54,22
44202.58,22
44202.62,22
44202.67,22
44202.71,22
44202.75,22
44202.79,22
44202.83,22
44202.88,22
44202.92,22
44202.96,22
44203,22
44203.04,22
44203.08,22
44203.12,22
44203.17,22
44203.21,22
44203.25,22
44203.29,22
44203.33,22
44203.38,22
44203.42,22
44203.46,22
44203.5,22
44203.54,22
44203.58,22
44203.62,22
44203.67,22
44203.71,22
44203.75,22
44203.79,22
44203.83,22
44203.88,22
44203.92,22
44203.96,22
44204,22
44204.04,22
44204.08,22
44204.12,22
44204.17,22
44204.21,22
44204.25,22
44204.29,22
44204.33,22
44204.38,22
44204.42,22
44204.46,22
44204.5,22
44204.54,22
44204.58,22
44204.62,22
44204.67,22
44204.71,22
44204.75,22
44204.79,22
44204.83,22
44204.88,22
44204.92,22
44204.96,22
44205,22
44205.04,22
44205.08,22
44205.12,22
44205.17,22
44205.21,22
44205.25,22
44205.29,22
44205.33,22
44205.38,22
44205.42,22
44205.46,22
44205.5,22
44205.54,22
44205.58,22
44205.62,22
44205.67,22
44205.71,22
44205.75,22
44205.79,22
44205.83,22
44205.88,22
44205.92,22
44205.96,22
44206,22
44206.04,22
44206.08,22
44206.12,22
44206.17,22
44206.21,22
44206.25,22
44206.29,22
44206.33,22
44206.38,22
44206.42,22
44206.46,22
44206.5,22
44206.54,22
44206.58,22
44206.62,22
44206.67,22
44206.71,22
44206.75,22
44206.79,22
44206.83,22
44206.88,22
44206.92,22
44206.96,22
44207,22
44207.04,22
44207.08,22
44207.12,22
44207.17,22
44207.21,22
44207.25,22
44207.29,22
44207.33,22
44207.38,22
44207.42,22
44207.46,22
44207.5,22
44207.54,22
44207.58,22
44207.62,22
44207.67,22
44207.71,22
44207.75,22
44207.79,22
44207.83,22
44207.88,22
44207.92,22
44207.96,22
44208,22
44208.04,22
44208.08,22
44208.12,22
44208.17,22
44208.21,22
44208.25,22
44208.29,22
44208.33,22
44208.38,22
44208.42,22
44208.46,22
44208.5,22
44208.54,22
44208.58,22
44208.62,22
44208.67,22
44208.71,22
44208.75,22
44208.79,22
44208.83,22
44208.88,22
44208.92,22
44208.96,22
44209,22
44209.04,22
44209.08,22
44209.12,22
44209.17,22
44209.21,22
44209.25,22
44209.29,22
44209.33,22
44209.38,22
44209.42,22
44209.46,22
44209.5,22
44209.54,22
44209.58,22
44209.62,22
44209.67,22
44209.71,22
44209.75,22
44209.79,22
44209.83,22
44209.88,22
44209.92,22
44209.96,22
44210,22
44210.04,22
44210.08,22
44210.12,22
44210.17,22
44210.21,22
44210.25,22
44210.29,22
44210.33,22
44210.38,22
44210.42,22
44210.46,22
44210.5,22
44210.54,22
44210.58,22
44210.62,22
44210.67,22
44210.71,22
44210.75,22
44210.79,22
44210.83,22
44210.88,22
44210.92,22
44210.96,22
44211,22
44211.04,22
44211.08,22
44211.12,22
44211.17,22
44211.21,22
44211.25,22
44211.29,22
44211.33,22
44211.38,22
44211.42,22
44211.46,22
44211.5,22
44211.54,22
44211.58,22
44211.62,22
44211.67,22
44211.71,22
44211.75,22
44211.79,22
44211.83,22
44211.88,22
44211.92,22
44211.96,22
44212,22
44212.04,22
44212.08,22
44212.12,22
44212.17,22
44212.21,22
44212.25,22
44212.29,22
44212.33,22
44212.38,22
44212.42,22
44212.46,22
44212.5,22
44212.54,22
44212.58,22
44212.62,22
44212.67,22
44212.71,22
44212.75,22
44212.79,22
44212.83,22
44212.88,22
44212.92,22
44212.96,22
44213,22
44213.04,22
44213.08,22
44213.12,22
44213.17,22
44213.21,22
44213.25,22
44213.29,22
44213.33,22
44213.38,22
44213.42,22
44213.46,22
44213.5,22
44213.54,22
44213.58,22
44213.62,22
44213.67,22
44213.71,22
44213.75,22
44213.79,22
44213.83,22
44213.88,22
44213.92,22
44213.96,22
44214,22
44214.04,22
44214.08,22
44214.12,22
44214.17,22
44214.21,22
44214.25,22
44214.29,22
44214.33,22
44214.38,22
44214.42,22
44214.46,22
44214.5,22
44214.54,22
44214.58,22
44214.62,22
44214.67,22
44214.71,22
44214.75,22
44214.79,22
44214.83,22
44214.88,22
44214.92,22
44214.96,22
44215,22
44215.04,22
44215.08,22
44215.12,22
44215.17,22
44215.21,22
44215.25,22
44215.29,22
44215.33,22
44215.38,22
44215.42,22
44215.46,22
44215.5,22
44215.54,22
44215.58,22
44215.62,22
44215.67,22
44215.71,22
44215.75,22
44215.79,22
44215.83,22
44215.88,22
44215.92,22
44215.96,22
44216,22
44216.04,22
44216.08,22
44216.12,22
44216.17,22
44216.21,22
44216.25,22
44216.29,22
44216.33,22
44216.38,22
44216.42,22
44216.46,22
44216.5,22
44216.54,22
44216.58,22
44216.62,22
44216.67,22
44216.71,22
44216.75,22
44216.79,22
44216.83,22
44216.88,22
44216.92,22
44216.96,22
44217,22
44217.04,22
44217.08,22
44217.12,22
44217.17,22
44217.21,22
44217.25,22
44217.29,22
44217.33,22
44217.38,22
44217.42,22
44217.46,22
44217.5,22
44217.54,22
44217.58,22
44217.62,22
44217.67,22
44217.71,22
44217.75,22
44217.79,22
44217.83,22
44217.88,22
44217.92,22
44217.96,22
44218,22
44218.04,22
44218.08,22
44218.12,22
44218.17,22
44218.21,22
44218.25,22
44218.29,22
44218.33,22
44218.38,22
44218.42,22
44218.46,22
44218.5,22
44218.54,22
44218.58,22
44218.62,22
44218.67,22
44218.71,22
44218.75,22
44218.79,22
44218.83,22
44218.88,22
44218.92,22
44218.96,22
44219,22
44219.04,22
44219.08,22
44219.12,22
44219.17,22
44219.21,22
44219.25,22
44219.29,22
44219.33,22
44219.38,22
44219.42,22
44219.46,22
44219.5,22
44219.54,22
44219.58,22
44219.62,22
44219.67,22
44219.71,22
44219.75,22
44219.79,22
44219.83,22
44219.88,22
44219.92,22
44219.96,22
44220,22
44220.04,22
44220.08,22
44220.12,22
44220.17,22
44220.21,22
44220.25,22
44220.29,22
44220.33,22
44220.38,22
44220.42,22
44220.46,22
44220.5,22
44220.54,22
44220.58,22
44220.62,22
44220.67,22
44220.71,22
44220.75,22
44220.79,22
44220.83,22
44220.88,22
44220.92,22
44220.96,22
44221,22
44221.04,22
44221.08,22
44221.12,22
44221.17,22
44221.21,22
44221.25,22
44221.29,22
44221.33,22
44221.38,22
44221.42,22
44221.46,22
44221.5,22
44221.54,22
44221.58,22
44221.62,22
44221.67,22
44221.71,22
44221.75,22
44221.79,22
44221.83,22
44221.88,22
44221.92,22
44221.96,22
44222,22
44222.04,22
44222.08,22
44222.12,22
44222.17,22
44222.21,22
44222.25,22
44222.29,22
44222.33,22
44222.38,22
44222.42,22
44222.46,22
44222.5,22
44222.54,22
44222.58,22
44222.62,22
44222.67,22
44222.71,22
44222.75,22
44222.79,22
44222.83,22
44222.88,22
44222.92,22
44222.96,22
44223,22
44223.04,22
44223.08,22
44223.12,22
44223.17,22
44223.21,22
44223.25,22
44223.29,22
44223.33,22
44223.38,22
44223.42,22
44223.46,22
44223.5,22
44223.54,22
44223.58,22
44223.62,22
44223.67,22
44223.71,22
44223.75,22
44223.79,22
44223.83,22
44223.88,22
44223.92,22
44223.96,22
44224,22
44224.04,22
44224.08,22
44224.12,22
44224.17,22
44224.21,22
44224.25,22
44224.29,22
44224.33,22
44224.38,22
44224.42,22
44224.46,22
44224.5,22
44224.54,22
44224.58,22
44224.62,22
44224.67,22
44224.71,22
44224.75,22
44224.79,22
44224.83,22
44224.88,22
44224.92,22
44224.96,22
44225,22
44225.04,22
44225.08,22
44225.12,22
44225.17,22
44225.21,22
44225.25,22
44225.29,22
44225.33,22
44225.38,22
44225.42,22
44225.46,22
44225.5,22
44225.54,22
44225.58,22
44225.62,22
44225.67,22
44225.71,22
44225.75,22
44225.79,22
44225.83,22
44225.88,22
44225.92,22
44225.96,22
44226,22
44226.04,22
44226.08,22
44226.12,22
44226.17,22
44226.21,22
44226.25,22
44226.29,22
44226.33,22
44226.38,22
44226.42,22
44226.46,22
44226.5,22
44226.54,22
44226.58,22
44226.62,22
44226.67,22
44226.71,22
44226.75,22
44226.79,22
44226.83,22
44226.88,22
44226.92,22
44226.96,22
44227,22
44227.04,22
44227.08,22
44227.12,22
44227.17,22
44227.21,22
44227.25,22
44227.29,22
44227.33,22
44227.38,22
44227.42,22
44227.46,22
44227.5,22
44227.54,22
44227.58,22
44227.62,22
44227.67,22
44227.71,22
44227.75,22
44227.79,22
44227.83,22
44227.88,22
44227.92,22
44227.96,22
44228,18.86
44228.04,18.86
44228.08,18.86
44228.12,18.86
44228.17,18.86
44228.21,18.86
44228.25,18.86
44228.29,18.86
44228.33,18.86
44228.38,18.86
44228.42,18.86
44228.46,18.86
44228.5,18.86
44228.54,18.86
44228.58,18.86
44228.62,18.86
44228.67,18.86
44228.71,18.86
44228.75,18.86
44228.79,18.86
44228.83,18.86
44228.88,18.86
44228.92,18.86
44228.96,18.86
44229,18.86
44229.04,18.86
44229.08,18.86
44229.12,18.86
44229.17,18.86
44229.21,18.86
44229.25,18.86
44229.29,18.86
44229.33,18.86
44229.38,18.86
44229.42,18.86
44229.46,18.86
44229.5,18.86
44229.54,18.86
44229.58,18.86
44229.62,18.86
44229.67,18.86
44229.71,18.86
44229.75,18.86
44229.79,18.86
44229.83,18.86
44229.88,18.86
44229.92,18.86
44229.96,18.86
44230,18.86
44230.04,18.86
44230.08,18.86
44230.12,18.86
44230.17,18.86
44230.21,18.86
44230.25,18.86
44230.29,18.86
44230.33,18.86
44230.38,18.86
44230.42,18.86
44230.46,18.86
44230.5,18.86
44230.54,18.86
44230.58,18.86
44230.62,18.86
44230.67,18.86
44230.71,18.86
44230.75,18.86
44230.79,18.86
44230.83,18.86
44230.88,18.86
44230.92,18.86
44230.96,18.86
44231,18.86
44231.04,18.86
44231.08,18.86
44231.12,18.86
44231.17,18.86
44231.21,18.86
44231.25,18.86
44231.29,18.86
44231.33,18.86
44231.38,18.86
44231.42,18.86
44231.46,18.86
44231.5,18.86
44231.54,18.86
44231.58,18.86
44231.62,18.86
44231.67,18.86
44231.71,18.86
44231.75,18.86
44231.79,18.86
44231.83,18.86
44231.88,18.86
44231.92,18.86
44231.96,18.86
44232,18.86
44232.04,18.86
44232.08,18.86
44232.12,18.86
44232.17,18.86
44232.21,18.86
44232.25,18.86
44232.29,18.86
44232.33,18.86
44232.38,18.86
44232.42,18.86
44232.46,18.86
44232.5,18.86
44232.54,18.86
44232.58,18.86
44232.62,18.86
44232.67,18.86
44232.71,18.86
44232.75,18.86
44232.79,18.86
44232.83,18.86
44232.88,18.86
44232.92,18.86
44232.96,18.86
44233,18.86
44233.04,18.86
44233.08,18.86
44233.12,18.86
44233.17,18.86
44233.21,18.86
44233.25,18.86
44233.29,18.86
44233.33,18.86
44233.38,18.86
44233.42,18.86
44233.46,18.86
44233.5,18.86
44233.54,18.86
44233.58,18.86
44233.62,18.86
44233.67,18.86
44233.71,18.86
44233.75,18.86
44233.79,18.86
44233.83,18.86
44233.88,18.86
44233.92,18.86
44233.96,18.86
44234,18.86
44234.04,18.86
44234.08,18.86
44234.12,18.86
44234.17,18.86
44234.21,18.86
44234.25,18.86
44234.29,18.86
44234.33,18.86
44234.38,18.86
44234.42,18.86
44234.46,18.86
44234.5,18.86
44234.54,18.86
44234.58,18.86
44234.62,18.86
44234.67,18.86
44234.71,18.86
44234.75,18.86
44234.79,18.86
44234.83,18.86
44234.88,18.86
44234.92,18.86
44234.96,18.86
44235,18.86
44235.04,18.86
44235.08,18.86
44235.12,18.86
44235.17,18.86
44235.21,18.86
44235.25,18.86
44235.29,18.86
44235.33,18.86
44235.38,18.86
44235.42,18.86
44235.46,18.86
44235.5,18.86
44235.54,18.86
44235.58,18.86
44235.62,18.86
44235.67,18.86
44235.71,18.86
44235.75,18.86
44235.79,18.86
44235.83,18.86
44235.88,18.86
44235.92,18.86
44235.96,18.86
44236,18.86
44236.04,18.86
44236.08,18.86
44236.12,18.86
44236.17,18.86
44236.21,18.86
44236.25,18.86
44236.29,18.86
44236.33,18.86
44236.38,18.86
44236.42,18.86
44236.46,18.86
44236.5,18.86
44236.54,18.86
44236.58,18.86
44236.62,18.86
44236.67,18.86
44236.71,18.86
44236.75,18.86
44236.79,18.86
44236.83,18.86
44236.88,18.86
44236.92,18.86
44236.96,18.86
44237,18.86
44237.04,18.86
44237.08,18.86
44237.12,18.86
44237.17,18.86
44237.21,18.86
44237.25,18.86
44237.29,18.86
44237.33,18.86
44237.38,18.86
44237.42,18.86
44237.46,18.86
44237.5,18.86
44237.54,18.86
44237.58,18.86
44237.62,18.86
44237.67,18.86
44237.71,18.86
44237.75,18.86
44237.79,18.86
44237.83,18.86
44237.88,18.86
44237.92,18.86
44237.96,18.86
44238,18.86
44238.04,18.86
44238.08,18.86
44238.12,18.86
44238.17,18.86
44238.21,18.86
44238.25,18.86
44238.29,18.86
44238.33,18.86
44238.38,18.86
44238.42,18.86
44238.46,18.86
44238.5,18.86
44238.54,18.86
44238.58,18.86
44238.62,18.86
44238.67,18.86
44238.71,18.86
44238.75,18.86
44238.79,18.86
44238.83,18.86
44238.88,18.86
44238.92,18.86
44238.96,18.86
44239,18.86
44239.04,18.86
44239.08,18.86
44239.12,18.86
44239.17,18.86
44239.21,18.86
44239.25,18.86
44239.29,18.86
44239.33,18.86
44239.38,18.86
44239.42,18.86
44239.46,18.86
44239.5,18.86
44239.54,18.86
44239.58,18.86
44239.62,18.86
44239.67,18.86
44239.71,18.86
44239.75,18.86
44239.79,18.86
44239.83,18.86
44239.88,18.86
44239.92,18.86
44239.96,18.86
44240,18.86
44240.04,18.86
44240.08,18.86
44240.12,18.86
44240.17,18.86
44240.21,18.86
44240.25,18.86
44240.29,18.86
44240.33,18.86
44240.38,18.86
44240.42,18.86
44240.46,18.86
44240.5,18.86
44240.54,18.86
44240.58,18.86
44240.62,18.86
44240.67,18.86
44240.71,18.86
44240.75,18.86
44240.79,18.86
44240.83,18.86
44240.88,18.86
44240.92,18.86
44240.96,18.86
44241,18.86
44241.04,18.86
44241.08,18.86
44241.12,18.86
44241.17,18.86
44241.21,18.86
44241.25,18.86
44241.29,18.86
44241.33,18.86
44241.38,18.86
44241.42,18.86
44241.46,18.86
44241.5,18.86
44241.54,18.86
44241.58,18.86
44241.62,18.86
44241.67,18.86
44241.71,18.86
44241.75,18.86
44241.79,18.86
44241.83,18.86
44241.88,18.86
44241.92,18.86
44241.96,18.86
44242,18.86
44242.04,18.86
44242.08,18.86
44242.12,18.86
44242.17,18.86
44242.21,18.86
44242.25,18.86
44242.29,18.86
44242.33,18.86
44242.38,18.86
44242.42,18.86
44242.46,18.86
44242.5,18.86
44242.54,18.86
44242.58,18.86
44242.62,18.86
44242.67,18.86
44242.71,18.86
44242.75,18.86
44242.79,18.86
44242.83,18.86
44242.88,18.86
44242.92,18.86
44242.96,18.86
44243,18.86
44243.04,18.86
44243.08,18.86
44243.12,18.86
44243.17,18.86
44243.21,18.86
44243.25,18.86
44243.29,18.86
44243.33,18.86
44243.38,18.86
44243.42,18.86
44243.46,18.86
44243.5,18.86
44243.54,18.86
44243.58,18.86
44243.62,18.86
44243.67,18.86
44243.71,18.86
44243.75,18.86
44243.79,18.86
44243.83,18.86
44243.88,18.86
44243.92,18.86
44243.96,18.86
44244,18.86
44244.04,18.86
44244.08,18.86
44244.12,18.86
44244.17,18.86
44244.21,18.86
44244.25,18.86
44244.29,18.86
44244.33,18.86
44244.38,18.86
44244.42,18.86
44244.46,18.86
44244.5,18.86
44244.54,18.86
44244.58,18.86
44244.62,18.86
44244.67,18.86
44244.71,18.86
44244.75,18.86
44244.79,18.86
44244.83,18.86
44244.88,18.86
44244.92,18.86
44244.96,18.86
44245,18.86
44245.04,18.86
44245.08,18.86
44245.12,18.86
44245.17,18.86
44245.21,18.86
44245.25,18.86
44245.29,18.86
44245.33,18.86
44245.38,18.86
44245.42,18.86
44245.46,18.86
44245.5,18.86
44245.54,18.86
44245.58,18.86
44245.62,18.86
44245.67,18.86
44245.71,18.86
44245.75,18.86
44245.79,18.86
44245.83,18.86
44245.88,18.86
44245.92,18.86
44245.96,18.86
44246,18.86
44246.04,18.86
44246.08,18.86
44246.12,18.86
44246.17,18.86
44246.21,18.86
44246.25,18.86
44246.29,18.86
44246.33,18.86
44246.38,18.86
44246.42,18.86
44246.46,18.86
44246.5,18.86
44246.54,18.86
44246.58,18.86
44246.62,18.86
44246.67,18.86
44246.71,18.86
44246.75,18.86
44246.79,18.86
44246.83,18.86
44246.88,18.86
44246.92,18.86
44246.96,18.86
44247,18.86
44247.04,18.86
44247.08,18.86
44247.12,18.86
44247.17,18.86
44247.21,18.86
44247.25,18.86
44247.29,18.86
44247.33,18.86
44247.38,18.86
44247.42,18.86
44247.46,18.86
44247.5,18.86
44247.54,18.86
44247.58,18.86
44247.62,18.86
44247.67,18.86
44247.71,18.86
44247.75,18.86
44247.79,18.86
44247.83,18.86
44247.88,18.86
44247.92,18.86
44247.96,18.86
44248,18.86
44248.04,18.86
44248.08,18.86
44248.12,18.86
44248.17,18.86
44248.21,18.86
44248.25,18.86
44248.29,18.86
44248.33,18.86
44248.38,18.86
44248.42,18.86
44248.46,18.86
44248.5,18.86
44248.54,18.86
44248.58,18.86
44248.62,18.86
44248.67,18.86
44248.71,18.86
44248.75,18.86
44248.79,18.86
44248.83,18.86
44248.88,18.86
44248.92,18.86
44248.96,18.86
44249,18.86
44249.04,18.86
44249.08,18.86
44249.12,18.86
44249.17,18.86
44249.21,18.86
44249.25,18.86
44249.29,18.86
44249.33,18.86
44249.38,18.86
44249.42,18.86
44249.46,18.86
44249.5,18.86
44249.54,18.86
44249.58,18.86
44249.62,18.86
44249.67,18.86
44249.71,18.86
44249.75,18.86
44249.79,18.86
44249.83,18.86
44249.88,18.86
44249.92,18.86
44249.96,18.86
44250,18.86
44250.04,18.86
44250.08,18.86
44250.12,18.86
44250.17,18.86
44250.21,18.86
44250.25,18.86
44250.29,18.86
44250.33,18.86
44250.38,18.86
44250.42,18.86
44250.46,18.86
44250.5,18.86
44250.54,18.86
44250.58,18.86
44250.62,18.86
44250.67,18.86
44250.71,18.86
44250.75,18.86
44250.79,18.86
44250.83,18.86
44250.88,18.86
44250.92,18.86
44250.96,18.86
44251,18.86
44251.04,18.86
44251.08,18.86
44251.12,18.86
44251.17,18.86
44251.21,18.86
44251.25,18.86
44251.29,18.86
44251.33,18.86
44251.38,18.86
44251.42,18.86
44251.46,18.86
44251.5,18.86
44251.54,18.86
44251.58,18.86
44251.62,18.86
44251.67,18.86
44251.71,18.86
44251.75,18.86
44251.79,18.86
44251.83,18.86
44251.88,18.86
44251.92,18.86
44251.96,18.86
44252,18.86
44252.04,18.86
44252.08,18.86
44252.12,18.86
44252.17,18.86
44252.21,18.86
44252.25,18.86
44252.29,18.86
44252.33,18.86
44252.38,18.86
44252.42,18.86
44252.46,18.86
44252.5,18.86
44252.54,18.86
44252.58,18.86
44252.62,18.86
44252.67,18.86
44252.71,18.86
44252.75,18.86
44252.79,18.86
44252.83,18.86
44252.88,18.86
44252.92,18.86
44252.96,18.86
44253,18.86
44253.04,18.86
44253.08,18.86
44253.12,18.86
44253.17,18.86
44253.21,18.86
44253.25,18.86
44253.29,18.86
44253.33,18.86
44253.38,18.86
44253.42,18.86
44253.46,18.86
44253.5,18.86
44253.54,18.86
44253.58,18.86
44253.62,18.86
44253.67,18.86
44253.71,18.86
44253.75,18.86
44253.79,18.86
44253.83,18.86
44253.88,18.86
44253.92,18.86
44253.96,18.86
44254,18.86
44254.04,18.86
44254.08,18.86
44254.12,18.86
44254.17,18.86
44254.21,18.86
44254.25,18.86
44254.29,18.86
44254.33,18.86
44254.38,18.86
44254.42,18.86
44254.46,18.86
44254.5,18.86
44254.54,18.86
44254.58,18.86
44254.62,18.86
44254.67,18.86
44254.71,18.86
44254.75,18.86
44254.79,18.86
44254.83,18.86
44254.88,18.86
44254.92,18.86
44254.96,18.86
44255,18.86
44255.04,18.86
44255.08,18.86
44255.12,18.86
44255.17,18.86
44255.21,18.86
44255.25,18.86
44255.29,18.86
44255.33,18.86
44255.38,18.86
44255.42,18.86
44255.46,18.86
44255.5,18.86
44255.54,18.86
44255.58,18.86
44255.62,18.86
44255.67,18.86
44255.71,18.86
44255.75,18.86
44255.79,18.86
44255.83,18.86
44255.88,18.86
44255.92,18.86
44255.96,18.86
44256,18.07
44256.04,18.07
44256.08,18.07
44256.12,18.07
44256.17,18.07
44256.21,18.07
44256.25,18.07
44256.29,18.07
44256.33,18.07
44256.38,18.07
44256.42,18.07
44256.46,18.07
44256.5,18.07
44256.54,18.07
44256.58,18.07
44256.62,18.07
44256.67,18.07
44256.71,18.07
44256.75,18.07
44256.79,18.07
44256.83,18.07
44256.88,18.07
44256.92,18.07
44256.96,18.07
44257,18.07
44257.04,18.07
44257.08,18.07
44257.12,18.07
44257.17,18.07
44257.21,18.07
44257.25,18.07
44257.29,18.07
44257.33,18.07
44257.38,18.07
44257.42,18.07
44257.46,18.07
44257.5,18.07
44257.54,18.07
44257.58,18.07
44257.62,18.07
44257.67,18.07
44257.71,18.07
44257.75,18.07
44257.79,18.07
44257.83,18.07
44257.88,18.07
44257.92,18.07
44257.96,18.07
44258,18.07
44258.04,18.07
44258.08,18.07
44258.12,18.07
44258.17,18.07
44258.21,18.07
44258.25,18.07
44258.29,18.07
44258.33,18.07
44258.38,18.07
44258.42,18.07
44258.46,18.07
44258.5,18.07
44258.54,18.07
44258.58,18.07
44258.62,18.07
44258.67,18.07
44258.71,18.07
44258.75,18.07
44258.79,18.07
44258.83,18.07
44258.88,18.07
44258.92,18.07
44258.96,18.07
44259,18.07
44259.04,18.07
44259.08,18.07
44259.12,18.07
44259.17,18.07
44259.21,18.07
44259.25,18.07
44259.29,18.07
44259.33,18.07
44259.38,18.07
44259.42,18.07
44259.46,18.07
44259.5,18.07
44259.54,18.07
44259.58,18.07
44259.62,18.07
44259.67,18.07
44259.71,18.07
44259.75,18.07
44259.79,18.07
44259.83,18.07
44259.88,18.07
44259.92,18.07
44259.96,18.07
44260,18.07
44260.04,18.07
44260.08,18.07
44260.12,18.07
44260.17,18.07
44260.21,18.07
44260.25,18.07
44260.29,18.07
44260.33,18.07
44260.38,18.07
44260.42,18.07
44260.46,18.07
44260.5,18.07
44260.54,18.07
44260.58,18.07
44260.62,18.07
44260.67,18.07
44260.71,18.07
44260.75,18.07
44260.79,18.07
44260.83,18.07
44260.88,18.07
44260.92,18.07
44260.96,18.07
44261,18.07
44261.04,18.07
44261.08,18.07
44261.12,18.07
44261.17,18.07
44261.21,18.07
44261.25,18.07
44261.29,18.07
44261.33,18.07
44261.38,18.07
44261.42,18.07
44261.46,18.07
44261.5,18.07
44261.54,18.07
44261.58,18.07
44261.62,18.07
44261.67,18.07
44261.71,18.07
44261.75,18.07
44261.79,18.07
44261.83,18.07
44261.88,18.07
44261.92,18.07
44261.96,18.07
44262,18.07
44262.04,18.07
44262.08,18.07
44262.12,18.07
44262.17,18.07
44262.21,18.07
44262.25,18.07
44262.29,18.07
44262.33,18.07
44262.38,18.07
44262.42,18.07
44262.46,18.07
44262.5,18.07
44262.54,18.07
44262.58,18.07
44262.62,18.07
44262.67,18.07
44262.71,18.07
44262.75,18.07
44262.79,18.07
44262.83,18.07
44262.88,18.07
44262.92,18.07
44262.96,18.07
44263,18.07
44263.04,18.07
44263.08,18.07
44263.12,18.07
44263.17,18.07
44263.21,18.07
44263.25,18.07
44263.29,18.07
44263.33,18.07
44263.38,18.07
44263.42,18.07
44263.46,18.07
44263.5,18.07
44263.54,18.07
44263.58,18.07
44263.62,18.07
44263.67,18.07
44263.71,18.07
44263.75,18.07
44263.79,18.07
44263.83,18.07
44263.88,18.07
44263.92,18.07
44263.96,18.07
44264,18.07
44264.04,18.07
44264.08,18.07
44264.12,18.07
44264.17,18.07
44264.21,18.07
44264.25,18.07
44264.29,18.07
44264.33,18.07
44264.38,18.07
44264.42,18.07
44264.46,18.07
44264.5,18.07
44264.54,18.07
44264.58,18.07
44264.62,18.07
44264.67,18.07
44264.71,18.07
44264.75,18.07
44264.79,18.07
44264.83,18.07
44264.88,18.07
44264.92,18.07
44264.96,18.07
44265,18.07
44265.04,18.07
44265.08,18.07
44265.12,18.07
44265.17,18.07
44265.21,18.07
44265.25,18.07
44265.29,18.07
44265.33,18.07
44265.38,18.07
44265.42,18.07
44265.46,18.07
44265.5,18.07
44265.54,18.07
44265.58,18.07
44265.62,18.07
44265.67,18.07
44265.71,18.07
44265.75,18.07
44265.79,18.07
44265.83,18.07
44265.88,18.07
44265.92,18.07
44265.96,18.07
44266,18.07
44266.04,18.07
44266.08,18.07
44266.12,18.07
44266.17,18.07
44266.21,18.07
44266.25,18.07
44266.29,18.07
44266.33,18.07
44266.38,18.07
44266.42,18.07
44266.46,18.07
44266.5,18.07
44266.54,18.07
44266.58,18.07
44266.62,18.07
44266.67,18.07
44266.71,18.07
44266.75,18.07
44266.79,18.07
44266.83,18.07
44266.88,18.07
44266.92,18.07
44266.96,18.07
44267,18.07
44267.04,18.07
44267.08,18.07
44267.12,18.07
44267.17,18.07
44267.21,18.07
44267.25,18.07
44267.29,18.07
44267.33,18.07
44267.38,18.07
44267.42,18.07
44267.46,18.07
44267.5,18.07
44267.54,18.07
44267.58,18.07
44267.62,18.07
44267.67,18.07
44267.71,18.07
44267.75,18.07
44267.79,18.07
44267.83,18.07
44267.88,18.07
44267.92,18.07
44267.96,18.07
44268,18.07
44268.04,18.07
44268.08,18.07
44268.12,18.07
44268.17,18.07
44268.21,18.07
44268.25,18.07
44268.29,18.07
44268.33,18.07
44268.38,18.07
44268.42,18.07
44268.46,18.07
44268.5,18.07
44268.54,18.07
44268.58,18.07
44268.62,18.07
44268.67,18.07
44268.71,18.07
44268.75,18.07
44268.79,18.07
44268.83,18.07
44268.88,18.07
44268.92,18.07
44268.96,18.07
44269,18.07
44269.04,18.07
44269.08,18.07
44269.12,18.07
44269.17,18.07
44269.21,18.07
44269.25,18.07
44269.29,18.07
44269.33,18.07
44269.38,18.07
44269.42,18.07
44269.46,18.07
44269.5,18.07
44269.54,18.07
44269.58,18.07
44269.62,18.07
44269.67,18.07
44269.71,18.07
44269.75,18.07
44269.79,18.07
44269.83,18.07
44269.88,18.07
44269.92,18.07
44269.96,18.07
44270,18.07
44270.04,18.07
44270.08,18.07
44270.12,18.07
44270.17,18.07
44270.21,18.07
44270.25,18.07
44270.29,18.07
44270.33,18.07
44270.38,18.07
44270.42,18.07
44270.46,18.07
44270.5,18.07
44270.54,18.07
44270.58,18.07
44270.62,18.07
44270.67,18.07
44270.71,18.07
44270.75,18.07
44270.79,18.07
44270.83,18.07
44270.88,18.07
44270.92,18.07
44270.96,18.07
44271,18.07
44271.04,18.07
44271.08,18.07
44271.12,18.07
44271.17,18.07
44271.21,18.07
44271.25,18.07
44271.29,18.07
44271.33,18.07
44271.38,18.07
44271.42,18.07
44271.46,18.07
44271.5,18.07
44271.54,18.07
44271.58,18.07
44271.62,18.07
44271.67,18.07
44271.71,18.07
44271.75,18.07
44271.79,18.07
44271.83,18.07
44271.88,18.07
44271.92,18.07
44271.96,18.07
44272,18.07
44272.04,18.07
44272.08,18.07
44272.12,18.07
44272.17,18.07
44272.21,18.07
44272.25,18.07
44272.29,18.07
44272.33,18.07
44272.38,18.07
44272.42,18.07
44272.46,18.07
44272.5,18.07
44272.54,18.07
44272.58,18.07
44272.62,18.07
44272.67,18.07
44272.71,18.07
44272.75,18.07
44272.79,18.07
44272.83,18.07
44272.88,18.07
44272.92,18.07
44272.96,18.07
44273,18.07
44273.04,18.07
44273.08,18.07
44273.12,18.07
44273.17,18.07
44273.21,18.07
44273.25,18.07
44273.29,18.07
44273.33,18.07
44273.38,18.07
44273.42,18.07
44273.46,18.07
44273.5,18.07
44273.54,18.07
44273.58,18.07
44273.62,18.07
44273.67,18.07
44273.71,18.07
44273.75,18.07
44273.79,18.07
44273.83,18.07
44273.88,18.07
44273.92,18.07
44273.96,18.07
44274,18.07
44274.04,18.07
44274.08,18.07
44274.12,18.07
44274.17,18.07
44274.21,18.07
44274.25,18.07
44274.29,18.07
44274.33,18.07
44274.38,18.07
44274.42,18.07
44274.46,18.07
44274.5,18.07
44274.54,18.07
44274.58,18.07
44274.62,18.07
44274.67,18.07
44274.71,18.07
44274.75,18.07
44274.79,18.07
44274.83,18.07
44274.88,18.07
44274.92,18.07
44274.96,18.07
44275,18.07
44275.04,18.07
44275.08,18.07
44275.12,18.07
44275.17,18.07
44275.21,18.07
44275.25,18.07
44275.29,18.07
44275.33,18.07
44275.38,18.07
44275.42,18.07
44275.46,18.07
44275.5,18.07
44275.54,18.07
44275.58,18.07
44275.62,18.07
44275.67,18.07
44275.71,18.07
44275.75,18.07
44275.79,18.07
44275.83,18.07
44275.88,18.07
44275.92,18.07
44275.96,18.07
44276,18.07
44276.04,18.07
44276.08,18.07
44276.12,18.07
44276.17,18.07
44276.21,18.07
44276.25,18.07
44276.29,18.07
44276.33,18.07
44276.38,18.07
44276.42,18.07
44276.46,18.07
44276.5,18.07
44276.54,18.07
44276.58,18.07
44276.62,18.07
44276.67,18.07
44276.71,18.07
44276.75,18.07
44276.79,18.07
44276.83,18.07
44276.88,18.07
44276.92,18.07
44276.96,18.07
44277,18.07
44277.04,18.07
44277.08,18.07
44277.12,18.07
44277.17,18.07
44277.21,18.07
44277.25,18.07
44277.29,18.07
44277.33,18.07
44277.38,18.07
44277.42,18.07
44277.46,18.07
44277.5,18.07
44277.54,18.07
44277.58,18.07
44277.62,18.07
44277.67,18.07
44277.71,18.07
44277.75,18.07
44277.79,18.07
44277.83,18.07
44277.88,18.07
44277.92,18.07
44277.96,18.07
44278,18.07
44278.04,18.07
44278.08,18.07
44278.12,18.07
44278.17,18.07
44278.21,18.07
44278.25,18.07
44278.29,18.07
44278.33,18.07
44278.38,18.07
44278.42,18.07
44278.46,18.07
44278.5,18.07
44278.54,18.07
44278.58,18.07
44278.62,18.07
44278.67,18.07
44278.71,18.07
44278.75,18.07
44278.79,18.07
44278.83,18.07
44278.88,18.07
44278.92,18.07
44278.96,18.07
44279,18.07
44279.04,18.07
44279.08,18.07
44279.12,18.07
44279.17,18.07
44279.21,18.07
44279.25,18.07
44279.29,18.07
44279.33,18.07
44279.38,18.07
44279.42,18.07
44279.46,18.07
44279.5,18.07
44279.54,18.07
44279.58,18.07
44279.62,18.07
44279.67,18.07
44279.71,18.07
44279.75,18.07
44279.79,18.07
44279.83,18.07
44279.88,18.07
44279.92,18.07
44279.96,18.07
44280,18.07
44280.04,18.07
44280.08,18.07
44280.12,18.07
44280.17,18.07
44280.21,18.07
44280.25,18.07
44280.29,18.07
44280.33,18.07
44280.38,18.07
44280.42,18.07
44280.46,18.07
44280.5,18.07
44280.54,18.07
44280.58,18.07
44280.62,18.07
44280.67,18.07
44280.71,18.07
44280.75,18.07
44280.79,18.07
44280.83,18.07
44280.88,18.07
44280.92,18.07
44280.96,18.07
44281,18.07
44281.04,18.07
44281.08,18.07
44281.12,18.07
44281.17,18.07
44281.21,18.07
44281.25,18.07
44281.29,18.07
44281.33,18.07
44281.38,18.07
44281.42,18.07
44281.46,18.07
44281.5,18.07
44281.54,18.07
44281.58,18.07
44281.62,18.07
44281.67,18.07
44281.71,18.07
44281.75,18.07
44281.79,18.07
44281.83,18.07
44281.88,18.07
44281.92,18.07
44281.96,18.07
44282,18.07
44282.04,18.07
44282.08,18.07
44282.12,18.07
44282.17,18.07
44282.21,18.07
44282.25,18.07
44282.29,18.07
44282.33,18.07
44282.38,18.07
44282.42,18.07
44282.46,18.07
44282.5,18.07
44282.54,18.07
44282.58,18.07
44282.62,18.07
44282.67,18.07
44282.71,18.07
44282.75,18.07
44282.79,18.07
44282.83,18.07
44282.88,18.07
44282.92,18.07
44282.96,18.07
44283,18.07
44283.04,18.07
44283.08,18.07
44283.12,18.07
44283.17,18.07
44283.21,18.07
44283.25,18.07
44283.29,18.07
44283.33,18.07
44283.38,18.07
44283.42,18.07
44283.46,18.07
44283.5,18.07
44283.54,18.07
44283.58,18.07
44283.62,18.07
44283.67,18.07
44283.71,18.07
44283.75,18.07
44283.79,18.07
44283.83,18.07
44283.88,18.07
44283.92,18.07
44283.96,18.07
44284,18.07
44284.04,18.07
44284.08,18.07
44284.12,18.07
44284.17,18.07
44284.21,18.07
44284.25,18.07
44284.29,18.07
44284.33,18.07
44284.38,18.07
44284.42,18.07
44284.46,18.07
44284.5,18.07
44284.54,18.07
44284.58,18.07
44284.62,18.07
44284.67,18.07
44284.71,18.07
44284.75,18.07
44284.79,18.07
44284.83,18.07
44284.88,18.07
44284.92,18.07
44284.96,18.07
44285,18.07
44285.04,18.07
44285.08,18.07
44285.12,18.07
44285.17,18.07
44285.21,18.07
44285.25,18.07
44285.29,18.07
44285.33,18.07
44285.38,18.07
44285.42,18.07
44285.46,18.07
44285.5,18.07
44285.54,18.07
44285.58,18.07
44285.62,18.07
44285.67,18.07
44285.71,18.07
44285.75,18.07
44285.79,18.07
44285.83,18.07
44285.88,18.07
44285.92,18.07
44285.96,18.07
44286,18.07
44286.04,18.07
44286.08,18.07
44286.12,18.07
44286.17,18.07
44286.21,18.07
44286.25,18.07
44286.29,18.07
44286.33,18.07
44286.38,18.07
44286.42,18.07
44286.46,18.07
44286.5,18.07
44286.54,18.07
44286.58,18.07
44286.62,18.07
44286.67,18.07
44286.71,18.07
44286.75,18.07
44286.79,18.07
44286.83,18.07
44286.88,18.07
44286.92,18.07
44286.96,18.07
44287,18.07
44287.04,18.07
44287.08,18.07
44287.12,18.07
44287.17,18.07
44287.21,18.07
44287.25,18.07
44287.29,18.07
44287.33,18.07
44287.38,18.07
44287.42,18.07
44287.46,18.07
44287.5,18.07
44287.54,18.07
44287.58,18.07
44287.62,18.07
44287.67,18.07
44287.71,18.07
44287.75,18.07
44287.79,18.07
44287.83,18.07
44287.88,18.07
44287.92,18.07
44287.96,18.07
44288,18.07
44288.04,18.07
44288.08,18.07
44288.12,18.07
44288.17,18.07
44288.21,18.07
44288.25,18.07
44288.29,18.07
44288.33,18.07
44288.38,18.07
44288.42,18.07
44288.46,18.07
44288.5,18.07
44288.54,18.07
44288.58,18.07
44288.62,18.07
44288.67,18.07
44288.71,18.07
44288.75,18.07
44288.79,18.07
44288.83,18.07
44288.88,18.07
44288.92,18.07
44288.96,18.07
44289,18.07
44289.04,18.07
44289.08,18.07
44289.12,18.07
44289.17,18.07
44289.21,18.07
44289.25,18.07
44289.29,18.07
44289.33,18.07
44289.38,18.07
44289.42,18.07
44289.46,18.07
44289.5,18.07
44289.54,18.07
44289.58,18.07
44289.62,18.07
44289.67,18.07
44289.71,18.07
44289.75,18.07
44289.79,18.07
44289.83,18.07
44289.88,18.07
44289.92,18.07
44289.96,18.07
44290,18.07
44290.04,18.07
44290.08,18.07
44290.12,18.07
44290.17,18.07
44290.21,18.07
44290.25,18.07
44290.29,18.07
44290.33,18.07
44290.38,18.07
44290.42,18.07
44290.46,18.07
44290.5,18.07
44290.54,18.07
44290.58,18.07
44290.62,18.07
44290.67,18.07
44290.71,18.07
44290.75,18.07
44290.79,18.07
44290.83,18.07
44290.88,18.07
44290.92,18.07
44290.96,18.07
44291,18.07
44291.04,18.07
44291.08,18.07
44291.12,18.07
44291.17,18.07
44291.21,18.07
44291.25,18.07
44291.29,18.07
44291.33,18.07
44291.38,18.07
44291.42,18.07
44291.46,18.07
44291.5,18.07
44291.54,18.07
44291.58,18.07
44291.62,18.07
44291.67,18.07
44291.71,18.07
44291.75,18.07
44291.79,18.07
44291.83,18.07
44291.88,18.07
44291.92,18.07
44291.96,18.07
44292,18.07
44292.04,18.07
44292.08,18.07
44292.12,18.07
44292.17,18.07
44292.21,18.07
44292.25,18.07
44292.29,18.07
44292.33,18.07
44292.38,18.07
44292.42,18.07
44292.46,18.07
44292.5,18.07
44292.54,18.07
44292.58,18.07
44292.62,18.07
44292.67,18.07
44292.71,18.07
44292.75,18.07
44292.79,18.07
44292.83,18.07
44292.88,18.07
44292.92,18.07
44292.96,18.07
44293,18.07
44293.04,18.07
44293.08,18.07
44293.12,18.07
44293.17,18.07
44293.21,18.07
44293.25,18.07
44293.29,18.07
44293.33,18.07
44293.38,18.07
44293.42,18.07
44293.46,18.07
44293.5,18.07
44293.54,18.07
44293.58,18.07
44293.62,18.07
44293.67,18.07
44293.71,18.07
44293.75,18.07
44293.79,18.07
44293.83,18.07
44293.88,18.07
44293.92,18.07
44293.96,18.07
44294,18.07
44294.04,18.07
44294.08,18.07
44294.12,18.07
44294.17,18.07
44294.21,18.07
44294.25,18.07
44294.29,18.07
44294.33,18.07
44294.38,18.07
44294.42,18.07
44294.46,18.07
44294.5,18.07
44294.54,18.07
44294.58,18.07
44294.62,18.07
44294.67,18.07
44294.71,18.07
44294.75,18.07
44294.79,18.07
44294.83,18.07
44294.88,18.07
44294.92,18.07
44294.96,18.07
44295,18.07
44295.04,18.07
44295.08,18.07
44295.12,18.07
44295.17,18.07
44295.21,18.07
44295.25,18.07
44295.29,18.07
44295.33,18.07
44295.38,18.07
44295.42,18.07
44295.46,18.07
44295.5,18.07
44295.54,18.07
44295.58,18.07
44295.62,18.07
44295.67,18.07
44295.71,18.07
44295.75,18.07
44295.79,18.07
44295.83,18.07
44295.88,18.07
44295.92,18.07
44295.96,18.07
44296,18.07
44296.04,18.07
44296.08,18.07
44296.12,18.07
44296.17,18.07
44296.21,18.07
44296.25,18.07
44296.29,18.07
44296.33,18.07
44296.38,18.07
44296.42,18.07
44296.46,18.07
44296.5,18.07
44296.54,18.07
44296.58,18.07
44296.62,18.07
44296.67,18.07
44296.71,18.07
44296.75,18.07
44296.79,18.07
44296.83,18.07
44296.88,18.07
44296.92,18.07
44296.96,18.07
44297,18.07
44297.04,18.07
44297.08,18.07
44297.12,18.07
44297.17,18.07
44297.21,18.07
44297.25,18.07
44297.29,18.07
44297.33,18.07
44297.38,18.07
44297.42,18.07
44297.46,18.07
44297.5,18.07
44297.54,18.07
44297.58,18.07
44297.62,18.07
44297.67,18.07
44297.71,18.07
44297.75,18.07
44297.79,18.07
44297.83,18.07
44297.88,18.07
44297.92,18.07
44297.96,18.07
44298,18.07
44298.04,18.07
44298.08,18.07
44298.12,18.07
44298.17,18.07
44298.21,18.07
44298.25,18.07
44298.29,18.07
44298.33,18.07
44298.38,18.07
44298.42,18.07
44298.46,18.07
44298.5,18.07
44298.54,18.07
44298.58,18.07
44298.62,18.07
44298.67,18.07
44298.71,18.07
44298.75,18.07
44298.79,18.07
44298.83,18.07
44298.88,18.07
44298.92,18.07
44298.96,18.07
44299,18.07
44299.04,18.07
44299.08,18.07
44299.12,18.07
44299.17,18.07
44299.21,18.07
44299.25,18.07
44299.29,18.07
44299.33,18.07
44299.38,18.07
44299.42,18.07
44299.46,18.07
44299.5,18.07
44299.54,18.07
44299.58,18.07
44299.62,18.07
44299.67,18.07
44299.71,18.07
44299.75,18.07
44299.79,18.07
44299.83,18.07
44299.88,18.07
44299.92,18.07
44299.96,18.07
44300,18.07
44300.04,18.07
44300.08,18.07
44300.12,18.07
44300.17,18.07
44300.21,18.07
44300.25,18.07
44300.29,18.07
44300.33,18.07
44300.38,18.07
44300.42,18.07
44300.46,18.07
44300.5,18.07
44300.54,18.07
44300.58,18.07
44300.62,18.07
44300.67,18.07
44300.71,18.07
44300.75,18.07
44300.79,18.07
44300.83,18.07
44300.88,18.07
44300.92,18.07
44300.96,18.07
44301,18.07
44301.04,18.07
44301.08,18.07
44301.12,18.07
44301.17,18.07
44301.21,18.07
44301.25,18.07
44301.29,18.07
44301.33,18.07
44301.38,18.07
44301.42,18.07
44301.46,18.07
44301.5,18.07
44301.54,18.07
44301.58,18.07
44301.62,18.07
44301.67,18.07
44301.71,18.07
44301.75,18.07
44301.79,18.07
44301.83,18.07
44301.88,18.07
44301.92,18.07
44301.96,18.07
44302,18.07
44302.04,18.07
44302.08,18.07
44302.12,18.07
44302.17,18.07
44302.21,18.07
44302.25,18.07
44302.29,18.07
44302.33,18.07
44302.38,18.07
44302.42,18.07
44302.46,18.07
44302.5,18.07
44302.54,18.07
44302.58,18.07
44302.62,18.07
44302.67,18.07
44302.71,18.07
44302.75,18.07
44302.79,18.07
44302.83,18.07
44302.88,18.07
44302.92,18.07
44302.96,18.07
44303,18.07
44303.04,18.07
44303.08,18.07
44303.12,18.07
44303.17,18.07
44303.21,18.07
44303.25,18.07
44303.29,18.07
44303.33,18.07
44303.38,18.07
44303.42,18.07
44303.46,18.07
44303.5,18.07
44303.54,18.07
44303.58,18.07
44303.62,18.07
44303.67,18.07
44303.71,18.07
44303.75,18.07
44303.79,18.07
44303.83,18.07
44303.88,18.07
44303.92,18.07
44303.96,18.07
44304,18.07
44304.04,18.07
44304.08,18.07
44304.12,18.07
44304.17,18.07
44304.21,18.07
44304.25,18.07
44304.29,18.07
44304.33,18.07
44304.38,18.07
44304.42,18.07
44304.46,18.07
44304.5,18.07
44304.54,18.07
44304.58,18.07
44304.62,18.07
44304.67,18.07
44304.71,18.07
44304.75,18.07
44304.79,18.07
44304.83,18.07
44304.88,18.07
44304.92,18.07
44304.96,18.07
44305,18.07
44305.04,18.07
44305.08,18.07
44305.12,18.07
44305.17,18.07
44305.21,18.07
44305.25,18.07
44305.29,18.07
44305.33,18.07
44305.38,18.07
44305.42,18.07
44305.46,18.07
44305.5,18.07
44305.54,18.07
44305.58,18.07
44305.62,18.07
44305.67,18.07
44305.71,18.07
44305.75,18.07
44305.79,18.07
44305.83,18.07
44305.88,18.07
44305.92,18.07
44305.96,18.07
44306,18.07
44306.04,18.07
44306.08,18.07
44306.12,18.07
44306.17,18.07
44306.21,18.07
44306.25,18.07
44306.29,18.07
44306.33,18.07
44306.38,18.07
44306.42,18.07
44306.46,18.07
44306.5,18.07
44306.54,18.07
44306.58,18.07
44306.62,18.07
44306.67,18.07
44306.71,18.07
44306.75,18.07
44306.79,18.07
44306.83,18.07
44306.88,18.07
44306.92,18.07
44306.96,18.07
44307,18.07
44307.04,18.07
44307.08,18.07
44307.12,18.07
44307.17,18.07
44307.21,18.07
44307.25,18.07
44307.29,18.07
44307.33,18.07
44307.38,18.07
44307.42,18.07
44307.46,18.07
44307.5,18.07
44307.54,18.07
44307.58,18.07
44307.62,18.07
44307.67,18.07
44307.71,18.07
44307.75,18.07
44307.79,18.07
44307.83,18.07
44307.88,18.07
44307.92,18.07
44307.96,18.07
44308,18.07
44308.04,18.07
44308.08,18.07
44308.12,18.07
44308.17,18.07
44308.21,18.07
44308.25,18.07
44308.29,18.07
44308.33,18.07
44308.38,18.07
44308.42,18.07
44308.46,18.07
44308.5,18.07
44308.54,18.07
44308.58,18.07
44308.62,18.07
44308.67,18.07
44308.71,18.07
44308.75,18.07
44308.79,18.07
44308.83,18.07
44308.88,18.07
44308.92,18.07
44308.96,18.07
44309,18.07
44309.04,18.07
44309.08,18.07
44309.12,18.07
44309.17,18.07
44309.21,18.07
44309.25,18.07
44309.29,18.07
44309.33,18.07
44309.38,18.07
44309.42,18.07
44309.46,18.07
44309.5,18.07
44309.54,18.07
44309.58,18.07
44309.62,18.07
44309.67,18.07
44309.71,18.07
44309.75,18.07
44309.79,18.07
44309.83,18.07
44309.88,18.07
44309.92,18.07
44309.96,18.07
44310,18.07
44310.04,18.07
44310.08,18.07
44310.12,18.07
44310.17,18.07
44310.21,18.07
44310.25,18.07
44310.29,18.07
44310.33,18.07
44310.38,18.07
44310.42,18.07
44310.46,18.07
44310.5,18.07
44310.54,18.07
44310.58,18.07
44310.62,18.07
44310.67,18.07
44310.71,18.07
44310.75,18.07
44310.79,18.07
44310.83,18.07
44310.88,18.07
44310.92,18.07
44310.96,18.07
44311,18.07
44311.04,18.07
44311.08,18.07
44311.12,18.07
44311.17,18.07
44311.21,18.07
44311.25,18.07
44311.29,18.07
44311.33,18.07
44311.38,18.07
44311.42,18.07
44311.46,18.07
44311.5,18.07
44311.54,18.07
44311.58,18.07
44311.62,18.07
44311.67,18.07
44311.71,18.07
44311.75,18.07
44311.79,18.07
44311.83,18.07
44311.88,18.07
44311.92,18.07
44311.96,18.07
44312,18.07
44312.04,18.07
44312.08,18.07
44312.12,18.07
44312.17,18.07
44312.21,18.07
44312.25,18.07
44312.29,18.07
44312.33,18.07
44312.38,18.07
44312.42,18.07
44312.46,18.07
44312.5,18.07
44312.54,18.07
44312.58,18.07
44312.62,18.07
44312.67,18.07
44312.71,18.07
44312.75,18.07
44312.79,18.07
44312.83,18.07
44312.88,18.07
44312.92,18.07
44312.96,18.07
44313,18.07
44313.04,18.07
44313.08,18.07
44313.12,18.07
44313.17,18.07
44313.21,18.07
44313.25,18.07
44313.29,18.07
44313.33,18.07
44313.38,18.07
44313.42,18.07
44313.46,18.07
44313.5,18.07
44313.54,18.07
44313.58,18.07
44313.62,18.07
44313.67,18.07
44313.71,18.07
44313.75,18.07
44313.79,18.07
44313.83,18.07
44313.88,18.07
44313.92,18.07
44313.96,18.07
44314,18.07
44314.04,18.07
44314.08,18.07
44314.12,18.07
44314.17,18.07
44314.21,18.07
44314.25,18.07
44314.29,18.07
44314.33,18.07
44314.38,18.07
44314.42,18.07
44314.46,18.07
44314.5,18.07
44314.54,18.07
44314.58,18.07
44314.62,18.07
44314.67,18.07
44314.71,18.07
44314.75,18.07
44314.79,18.07
44314.83,18.07
44314.88,18.07
44314.92,18.07
44314.96,18.07
44315,18.07
44315.04,18.07
44315.08,18.07
44315.12,18.07
44315.17,18.07
44315.21,18.07
44315.25,18.07
44315.29,18.07
44315.33,18.07
44315.38,18.07
44315.42,18.07
44315.46,18.07
44315.5,18.07
44315.54,18.07
44315.58,18.07
44315.62,18.07
44315.67,18.07
44315.71,18.07
44315.75,18.07
44315.79,18.07
44315.83,18.07
44315.88,18.07
44315.92,18.07
44315.96,18.07
44316,18.07
44316.04,18.07
44316.08,18.07
44316.12,18.07
44316.17,18.07
44316.21,18.07
44316.25,18.07
44316.29,18.07
44316.33,18.07
44316.38,18.07
44316.42,18.07
44316.46,18.07
44316.5,18.07
44316.54,18.07
44316.58,18.07
44316.62,18.07
44316.67,18.07
44316.71,18.07
44316.75,18.07
44316.79,18.07
44316.83,18.07
44316.88,18.07
44316.92,18.07
44316.96,18.07
44317,25.93
44317.04,25.93
44317.08,25.93
44317.12,25.93
44317.17,25.93
44317.21,25.93
44317.25,25.93
44317.29,25.93
44317.33,25.93
44317.38,25.93
44317.42,25.93
44317.46,25.93
44317.5,25.93
44317.54,25.93
44317.58,25.93
44317.62,25.93
44317.67,25.93
44317.71,25.93
44317.75,25.93
44317.79,25.93
44317.83,25.93
44317.88,25.93
44317.92,25.93
44317.96,25.93
44318,25.93
44318.04,25.93
44318.08,25.93
44318.12,25.93
44318.17,25.93
44318.21,25.93
44318.25,25.93
44318.29,25.93
44318.33,25.93
44318.38,25.93
44318.42,25.93
44318.46,25.93
44318.5,25.93
44318.54,25.93
44318.58,25.93
44318.62,25.93
44318.67,25.93
44318.71,25.93
44318.75,25.93
44318.79,25.93
44318.83,25.93
44318.88,25.93
44318.92,25.93
44318.96,25.93
44319,25.93
44319.04,25.93
44319.08,25.93
44319.12,25.93
44319.17,25.93
44319.21,25.93
44319.25,25.93
44319.29,25.93
44319.33,25.93
44319.38,25.93
44319.42,25.93
44319.46,25.93
44319.5,25.93
44319.54,25.93
44319.58,25.93
44319.62,25.93
44319.67,25.93
44319.71,25.93
44319.75,25.93
44319.79,25.93
44319.83,25.93
44319.88,25.93
44319.92,25.93
44319.96,25.93
44320,25.93
44320.04,25.93
44320.08,25.93
44320.12,25.93
44320.17,25.93
44320.21,25.93
44320.25,25.93
44320.29,25.93
44320.33,25.93
44320.38,25.93
44320.42,25.93
44320.46,25.93
44320.5,25.93
44320.54,25.93
44320.58,25.93
44320.62,25.93
44320.67,25.93
44320.71,25.93
44320.75,25.93
44320.79,25.93
44320.83,25.93
44320.88,25.93
44320.92,25.93
44320.96,25.93
44321,25.93
44321.04,25.93
44321.08,25.93
44321.12,25.93
44321.17,25.93
44321.21,25.93
44321.25,25.93
44321.29,25.93
44321.33,25.93
44321.38,25.93
44321.42,25.93
44321.46,25.93
44321.5,25.93
44321.54,25.93
44321.58,25.93
44321.62,25.93
44321.67,25.93
44321.71,25.93
44321.75,25.93
44321.79,25.93
44321.83,25.93
44321.88,25.93
44321.92,25.93
44321.96,25.93
44322,25.93
44322.04,25.93
44322.08,25.93
44322.12,25.93
44322.17,25.93
44322.21,25.93
44322.25,25.93
44322.29,25.93
44322.33,25.93
44322.38,25.93
44322.42,25.93
44322.46,25.93
44322.5,25.93
44322.54,25.93
44322.58,25.93
44322.62,25.93
44322.67,25.93
44322.71,25.93
44322.75,25.93
44322.79,25.93
44322.83,25.93
44322.88,25.93
44322.92,25.93
44322.96,25.93
44323,25.93
44323.04,25.93
44323.08,25.93
44323.12,25.93
44323.17,25.93
44323.21,25.93
44323.25,25.93
44323.29,25.93
44323.33,25.93
44323.38,25.93
44323.42,25.93
44323.46,25.93
44323.5,25.93
44323.54,25.93
44323.58,25.93
44323.62,25.93
44323.67,25.93
44323.71,25.93
44323.75,25.93
44323.79,25.93
44323.83,25.93
44323.88,25.93
44323.92,25.93
44323.96,25.93
44324,25.93
44324.04,25.93
44324.08,25.93
44324.12,25.93
44324.17,25.93
44324.21,25.93
44324.25,25.93
44324.29,25.93
44324.33,25.93
44324.38,25.93
44324.42,25.93
44324.46,25.93
44324.5,25.93
44324.54,25.93
44324.58,25.93
44324.62,25.93
44324.67,25.93
44324.71,25.93
44324.75,25.93
44324.79,25.93
44324.83,25.93
44324.88,25.93
44324.92,25.93
44324.96,25.93
44325,25.93
44325.04,25.93
44325.08,25.93
44325.12,25.93
44325.17,25.93
44325.21,25.93
44325.25,25.93
44325.29,25.93
44325.33,25.93
44325.38,25.93
44325.42,25.93
44325.46,25.93
44325.5,25.93
44325.54,25.93
44325.58,25.93
44325.62,25.93
44325.67,25.93
44325.71,25.93
44325.75,25.93
44325.79,25.93
44325.83,25.93
44325.88,25.93
44325.92,25.93
44325.96,25.93
44326,25.93
44326.04,25.93
44326.08,25.93
44326.12,25.93
44326.17,25.93
44326.21,25.93
44326.25,25.93
44326.29,25.93
44326.33,25.93
44326.38,25.93
44326.42,25.93
44326.46,25.93
44326.5,25.93
44326.54,25.93
44326.58,25.93
44326.62,25.93
44326.67,25.93
44326.71,25.93
44326.75,25.93
44326.79,25.93
44326.83,25.93
44326.88,25.93
44326.92,25.93
44326.96,25.93
44327,25.93
44327.04,25.93
44327.08,25.93
44327.12,25.93
44327.17,25.93
44327.21,25.93
44327.25,25.93
44327.29,25.93
44327.33,25.93
44327.38,25.93
44327.42,25.93
44327.46,25.93
44327.5,25.93
44327.54,25.93
44327.58,25.93
44327.62,25.93
44327.67,25.93
44327.71,25.93
44327.75,25.93
44327.79,25.93
44327.83,25.93
44327.88,25.93
44327.92,25.93
44327.96,25.93
44328,25.93
44328.04,25.93
44328.08,25.93
44328.12,25.93
44328.17,25.93
44328.21,25.93
44328.25,25.93
44328.29,25.93
44328.33,25.93
44328.38,25.93
44328.42,25.93
44328.46,25.93
44328.5,25.93
44328.54,25.93
44328.58,25.93
44328.62,25.93
44328.67,25.93
44328.71,25.93
44328.75,25.93
44328.79,25.93
44328.83,25.93
44328.88,25.93
44328.92,25.93
44328.96,25.93
44329,25.93
44329.04,25.93
44329.08,25.93
44329.12,25.93
44329.17,25.93
44329.21,25.93
44329.25,25.93
44329.29,25.93
44329.33,25.93
44329.38,25.93
44329.42,25.93
44329.46,25.93
44329.5,25.93
44329.54,25.93
44329.58,25.93
44329.62,25.93
44329.67,25.93
44329.71,25.93
44329.75,25.93
44329.79,25.93
44329.83,25.93
44329.88,25.93
44329.92,25.93
44329.96,25.93
44330,25.93
44330.04,25.93
44330.08,25.93
44330.12,25.93
44330.17,25.93
44330.21,25.93
44330.25,25.93
44330.29,25.93
44330.33,25.93
44330.38,25.93
44330.42,25.93
44330.46,25.93
44330.5,25.93
44330.54,25.93
44330.58,25.93
44330.62,25.93
44330.67,25.93
44330.71,25.93
44330.75,25.93
44330.79,25.93
44330.83,25.93
44330.88,25.93
44330.92,25.93
44330.96,25.93
44331,25.93
44331.04,25.93
44331.08,25.93
44331.12,25.93
44331.17,25.93
44331.21,25.93
44331.25,25.93
44331.29,25.93
44331.33,25.93
44331.38,25.93
44331.42,25.93
44331.46,25.93
44331.5,25.93
44331.54,25.93
44331.58,25.93
44331.62,25.93
44331.67,25.93
44331.71,25.93
44331.75,25.93
44331.79,25.93
44331.83,25.93
44331.88,25.93
44331.92,25.93
44331.96,25.93
44332,25.93
44332.04,25.93
44332.08,25.93
44332.12,25.93
44332.17,25.93
44332.21,25.93
44332.25,25.93
44332.29,25.93
44332.33,25.93
44332.38,25.93
44332.42,25.93
44332.46,25.93
44332.5,25.93
44332.54,25.93
44332.58,25.93
44332.62,25.93
44332.67,25.93
44332.71,25.93
44332.75,25.93
44332.79,25.93
44332.83,25.93
44332.88,25.93
44332.92,25.93
44332.96,25.93
44333,25.93
44333.04,25.93
44333.08,25.93
44333.12,25.93
44333.17,25.93
44333.21,25.93
44333.25,25.93
44333.29,25.93
44333.33,25.93
44333.38,25.93
44333.42,25.93
44333.46,25.93
44333.5,25.93
44333.54,25.93
44333.58,25.93
44333.62,25.93
44333.67,25.93
44333.71,25.93
44333.75,25.93
44333.79,25.93
44333.83,25.93
44333.88,25.93
44333.92,25.93
44333.96,25.93
44334,25.93
44334.04,25.93
44334.08,25.93
44334.12,25.93
44334.17,25.93
44334.21,25.93
44334.25,25.93
44334.29,25.93
44334.33,25.93
44334.38,25.93
44334.42,25.93
44334.46,25.93
44334.5,25.93
44334.54,25.93
44334.58,25.93
44334.62,25.93
44334.67,25.93
44334.71,25.93
44334.75,25.93
44334.79,25.93
44334.83,25.93
44334.88,25.93
44334.92,25.93
44334.96,25.93
44335,25.93
44335.04,25.93
44335.08,25.93
44335.12,25.93
44335.17,25.93
44335.21,25.93
44335.25,25.93
44335.29,25.93
44335.33,25.93
44335.38,25.93
44335.42,25.93
44335.46,25.93
44335.5,25.93
44335.54,25.93
44335.58,25.93
44335.62,25.93
44335.67,25.93
44335.71,25.93
44335.75,25.93
44335.79,25.93
44335.83,25.93
44335.88,25.93
44335.92,25.93
44335.96,25.93
44336,25.93
44336.04,25.93
44336.08,25.93
44336.12,25.93
44336.17,25.93
44336.21,25.93
44336.25,25.93
44336.29,25.93
44336.33,25.93
44336.38,25.93
44336.42,25.93
44336.46,25.93
44336.5,25.93
44336.54,25.93
44336.58,25.93
44336.62,25.93
44336.67,25.93
44336.71,25.93
44336.75,25.93
44336.79,25.93
44336.83,25.93
44336.88,25.93
44336.92,25.93
44336.96,25.93
44337,25.93
44337.04,25.93
44337.08,25.93
44337.12,25.93
44337.17,25.93
44337.21,25.93
44337.25,25.93
44337.29,25.93
44337.33,25.93
44337.38,25.93
44337.42,25.93
44337.46,25.93
44337.5,25.93
44337.54,25.93
44337.58,25.93
44337.62,25.93
44337.67,25.93
44337.71,25.93
44337.75,25.93
44337.79,25.93
44337.83,25.93
44337.88,25.93
44337.92,25.93
44337.96,25.93
44338,25.93
44338.04,25.93
44338.08,25.93
44338.12,25.93
44338.17,25.93
44338.21,25.93
44338.25,25.93
44338.29,25.93
44338.33,25.93
44338.38,25.93
44338.42,25.93
44338.46,25.93
44338.5,25.93
44338.54,25.93
44338.58,25.93
44338.62,25.93
44338.67,25.93
44338.71,25.93
44338.75,25.93
44338.79,25.93
44338.83,25.93
44338.88,25.93
44338.92,25.93
44338.96,25.93
44339,25.93
44339.04,25.93
44339.08,25.93
44339.12,25.93
44339.17,25.93
44339.21,25.93
44339.25,25.93
44339.29,25.93
44339.33,25.93
44339.38,25.93
44339.42,25.93
44339.46,25.93
44339.5,25.93
44339.54,25.93
44339.58,25.93
44339.62,25.93
44339.67,25.93
44339.71,25.93
44339.75,25.93
44339.79,25.93
44339.83,25.93
44339.88,25.93
44339.92,25.93
44339.96,25.93
44340,25.93
44340.04,25.93
44340.08,25.93
44340.12,25.93
44340.17,25.93
44340.21,25.93
44340.25,25.93
44340.29,25.93
44340.33,25.93
44340.38,25.93
44340.42,25.93
44340.46,25.93
44340.5,25.93
44340.54,25.93
44340.58,25.93
44340.62,25.93
44340.67,25.93
44340.71,25.93
44340.75,25.93
44340.79,25.93
44340.83,25.93
44340.88,25.93
44340.92,25.93
44340.96,25.93
44341,25.93
44341.04,25.93
44341.08,25.93
44341.12,25.93
44341.17,25.93
44341.21,25.93
44341.25,25.93
44341.29,25.93
44341.33,25.93
44341.38,25.93
44341.42,25.93
44341.46,25.93
44341.5,25.93
44341.54,25.93
44341.58,25.93
44341.62,25.93
44341.67,25.93
44341.71,25.93
44341.75,25.93
44341.79,25.93
44341.83,25.93
44341.88,25.93
44341.92,25.93
44341.96,25.93
44342,25.93
44342.04,25.93
44342.08,25.93
44342.12,25.93
44342.17,25.93
44342.21,25.93
44342.25,25.93
44342.29,25.93
44342.33,25.93
44342.38,25.93
44342.42,25.93
44342.46,25.93
44342.5,25.93
44342.54,25.93
44342.58,25.93
44342.62,25.93
44342.67,25.93
44342.71,25.93
44342.75,25.93
44342.79,25.93
44342.83,25.93
44342.88,25.93
44342.92,25.93
44342.96,25.93
44343,25.93
44343.04,25.93
44343.08,25.93
44343.12,25.93
44343.17,25.93
44343.21,25.93
44343.25,25.93
44343.29,25.93
44343.33,25.93
44343.38,25.93
44343.42,25.93
44343.46,25.93
44343.5,25.93
44343.54,25.93
44343.58,25.93
44343.62,25.93
44343.67,25.93
44343.71,25.93
44343.75,25.93
44343.79,25.93
44343.83,25.93
44343.88,25.93
44343.92,25.93
44343.96,25.93
44344,25.93
44344.04,25.93
44344.08,25.93
44344.12,25.93
44344.17,25.93
44344.21,25.93
44344.25,25.93
44344.29,25.93
44344.33,25.93
44344.38,25.93
44344.42,25.93
44344.46,25.93
44344.5,25.93
44344.54,25.93
44344.58,25.93
44344.62,25.93
44344.67,25.93
44344.71,25.93
44344.75,25.93
44344.79,25.93
44344.83,25.93
44344.88,25.93
44344.92,25.93
44344.96,25.93
44345,25.93
44345.04,25.93
44345.08,25.93
44345.12,25.93
44345.17,25.93
44345.21,25.93
44345.25,25.93
44345.29,25.93
44345.33,25.93
44345.38,25.93
44345.42,25.93
44345.46,25.93
44345.5,25.93
44345.54,25.93
44345.58,25.93
44345.62,25.93
44345.67,25.93
44345.71,25.93
44345.75,25.93
44345.79,25.93
44345.83,25.93
44345.88,25.93
44345.92,25.93
44345.96,25.93
44346,25.93
44346.04,25.93
44346.08,25.93
44346.12,25.93
44346.17,25.93
44346.21,25.93
44346.25,25.93
44346.29,25.93
44346.33,25.93
44346.38,25.93
44346.42,25.93
44346.46,25.93
44346.5,25.93
44346.54,25.93
44346.58,25.93
44346.62,25.93
44346.67,25.93
44346.71,25.93
44346.75,25.93
44346.79,25.93
44346.83,25.93
44346.88,25.93
44346.92,25.93
44346.96,25.93
44347,25.93
44347.04,25.93
44347.08,25.93
44347.12,25.93
44347.17,25.93
44347.21,25.93
44347.25,25.93
44347.29,25.93
44347.33,25.93
44347.38,25.93
44347.42,25.93
44347.46,25.93
44347.5,25.93
44347.54,25.93
44347.58,25.93
44347.62,25.93
44347.67,25.93
44347.71,25.93
44347.75,25.93
44347.79,25.93
44347.83,25.93
44347.88,25.93
44347.92,25.93
44347.96,25.93
44348,130.45
44348.04,130.45
44348.08,130.45
44348.12,130.45
44348.17,130.45
44348.21,130.45
44348.25,130.45
44348.29,130.45
44348.33,130.45
44348.38,130.45
44348.42,130.45
44348.46,130.45
44348.5,130.45
44348.54,130.45
44348.58,130.45
44348.62,130.45
44348.67,130.45
44348.71,130.45
44348.75,130.45
44348.79,130.45
44348.83,130.45
44348.88,130.45
44348.92,130.45
44348.96,130.45
44349,130.45
44349.04,130.45
44349.08,130.45
44349.12,130.45
44349.17,130.45
44349.21,130.45
44349.25,130.45
44349.29,130.45
44349.33,130.45
44349.38,130.45
44349.42,130.45
44349.46,130.45
44349.5,130.45
44349.54,130.45
44349.58,130.45
44349.62,130.45
44349.67,130.45
44349.71,130.45
44349.75,130.45
44349.79,130.45
44349.83,130.45
44349.88,130.45
44349.92,130.45
44349.96,130.45
44350,130.45
44350.04,130.45
44350.08,130.45
44350.12,130.45
44350.17,130.45
44350.21,130.45
44350.25,130.45
44350.29,130.45
44350.33,130.45
44350.38,130.45
44350.42,130.45
44350.46,130.45
44350.5,130.45
44350.54,130.45
44350.58,130.45
44350.62,130.45
44350.67,130.45
44350.71,130.45
44350.75,130.45
44350.79,130.45
44350.83,130.45
44350.88,130.45
44350.92,130.45
44350.96,130.45
44351,130.45
44351.04,130.45
44351.08,130.45
44351.12,130.45
44351.17,130.45
44351.21,130.45
44351.25,130.45
44351.29,130.45
44351.33,130.45
44351.38,130.45
44351.42,130.45
44351.46,130.45
44351.5,130.45
44351.54,130.45
44351.58,130.45
44351.62,130.45
44351.67,130.45
44351.71,130.45
44351.75,130.45
44351.79,130.45
44351.83,130.45
44351.88,130.45
44351.92,130.45
44351.96,130.45
44352,130.45
44352.04,130.45
44352.08,130.45
44352.12,130.45
44352.17,130.45
44352.21,130.45
44352.25,130.45
44352.29,130.45
44352.33,130.45
44352.38,130.45
44352.42,130.45
44352.46,130.45
44352.5,130.45
44352.54,130.45
44352.58,130.45
44352.62,130.45
44352.67,130.45
44352.71,130.45
44352.75,130.45
44352.79,130.45
44352.83,130.45
44352.88,130.45
44352.92,130.45
44352.96,130.45
44353,130.45
44353.04,130.45
44353.08,130.45
44353.12,130.45
44353.17,130.45
44353.21,130.45
44353.25,130.45
44353.29,130.45
44353.33,130.45
44353.38,130.45
44353.42,130.45
44353.46,130.45
44353.5,130.45
44353.54,130.45
44353.58,130.45
44353.62,130.45
44353.67,130.45
44353.71,130.45
44353.75,130.45
44353.79,130.45
44353.83,130.45
44353.88,130.45
44353.92,130.45
44353.96,130.45
44354,130.45
44354.04,130.45
44354.08,130.45
44354.12,130.45
44354.17,130.45
44354.21,130.45
44354.25,130.45
44354.29,130.45
44354.33,130.45
44354.38,130.45
44354.42,130.45
44354.46,130.45
44354.5,130.45
44354.54,130.45
44354.58,130.45
44354.62,130.45
44354.67,130.45
44354.71,130.45
44354.75,130.45
44354.79,130.45
44354.83,130.45
44354.88,130.45
44354.92,130.45
44354.96,130.45
44355,130.45
44355.04,130.45
44355.08,130.45
44355.12,130.45
44355.17,130.45
44355.21,130.45
44355.25,130.45
44355.29,130.45
44355.33,130.45
44355.38,130.45
44355.42,130.45
44355.46,130.45
44355.5,130.45
44355.54,130.45
44355.58,130.45
44355.62,130.45
44355.67,130.45
44355.71,130.45
44355.75,130.45
44355.79,130.45
44355.83,130.45
44355.88,130.45
44355.92,130.45
44355.96,130.45
44356,130.45
44356.04,130.45
44356.08,130.45
44356.12,130.45
44356.17,130.45
44356.21,130.45
44356.25,130.45
44356.29,130.45
44356.33,130.45
44356.38,130.45
44356.42,130.45
44356.46,130.45
44356.5,130.45
44356.54,130.45
44356.58,130.45
44356.62,130.45
44356.67,130.45
44356.71,130.45
44356.75,130.45
44356.79,130.45
44356.83,130.45
44356.88,130.45
44356.92,130.45
44356.96,130.45
44357,130.45
44357.04,130.45
44357.08,130.45
44357.12,130.45
44357.17,130.45
44357.21,130.45
44357.25,130.45
44357.29,130.45
44357.33,130.45
44357.38,130.45
44357.42,130.45
44357.46,130.45
44357.5,130.45
44357.54,130.45
44357.58,130.45
44357.62,130.45
44357.67,130.45
44357.71,130.45
44357.75,130.45
44357.79,130.45
44357.83,130.45
44357.88,130.45
44357.92,130.45
44357.96,130.45
44358,130.45
44358.04,130.45
44358.08,130.45
44358.12,130.45
44358.17,130.45
44358.21,130.45
44358.25,130.45
44358.29,130.45
44358.33,130.45
44358.38,130.45
44358.42,130.45
44358.46,130.45
44358.5,130.45
44358.54,130.45
44358.58,130.45
44358.62,130.45
44358.67,130.45
44358.71,130.45
44358.75,130.45
44358.79,130.45
44358.83,130.45
44358.88,130.45
44358.92,130.45
44358.96,130.45
44359,130.45
44359.04,130.45
44359.08,130.45
44359.12,130.45
44359.17,130.45
44359.21,130.45
44359.25,130.45
44359.29,130.45
44359.33,130.45
44359.38,130.45
44359.42,130.45
44359.46,130.45
44359.5,130.45
44359.54,130.45
44359.58,130.45
44359.62,130.45
44359.67,130.45
44359.71,130.45
44359.75,130.45
44359.79,130.45
44359.83,130.45
44359.88,130.45
44359.92,130.45
44359.96,130.45
44360,130.45
44360.04,130.45
44360.08,130.45
44360.12,130.45
44360.17,130.45
44360.21,130.45
44360.25,130.45
44360.29,130.45
44360.33,130.45
44360.38,130.45
44360.42,130.45
44360.46,130.45
44360.5,130.45
44360.54,130.45
44360.58,130.45
44360.62,130.45
44360.67,130.45
44360.71,130.45
44360.75,130.45
44360.79,130.45
44360.83,130.45
44360.88,130.45
44360.92,130.45
44360.96,130.45
44361,130.45
44361.04,130.45
44361.08,130.45
44361.12,130.45
44361.17,130.45
44361.21,130.45
44361.25,130.45
44361.29,130.45
44361.33,130.45
44361.38,130.45
44361.42,130.45
44361.46,130.45
44361.5,130.45
44361.54,130.45
44361.58,130.45
44361.62,130.45
44361.67,130.45
44361.71,130.45
44361.75,130.45
44361.79,130.45
44361.83,130.45
44361.88,130.45
44361.92,130.45
44361.96,130.45
44362,130.45
44362.04,130.45
44362.08,130.45
44362.12,130.45
44362.17,130.45
44362.21,130.45
44362.25,130.45
44362.29,130.45
44362.33,130.45
44362.38,130.45
44362.42,130.45
44362.46,130.45
44362.5,130.45
44362.54,130.45
44362.58,130.45
44362.62,130.45
44362.67,130.45
44362.71,130.45
44362.75,130.45
44362.79,130.45
44362.83,130.45
44362.88,130.45
44362.92,130.45
44362.96,130.45
44363,130.45
44363.04,130.45
44363.08,130.45
44363.12,130.45
44363.17,130.45
44363.21,130.45
44363.25,130.45
44363.29,130.45
44363.33,130.45
44363.38,130.45
44363.42,130.45
44363.46,130.45
44363.5,130.45
44363.54,130.45
44363.58,130.45
44363.62,130.45
44363.67,130.45
44363.71,130.45
44363.75,130.45
44363.79,130.45
44363.83,130.45
44363.88,130.45
44363.92,130.45
44363.96,130.45
44364,130.45
44364.04,130.45
44364.08,130.45
44364.12,130.45
44364.17,130.45
44364.21,130.45
44364.25,130.45
44364.29,130.45
44364.33,130.45
44364.38,130.45
44364.42,130.45
44364.46,130.45
44364.5,130.45
44364.54,130.45
44364.58,130.45
44364.62,130.45
44364.67,130.45
44364.71,130.45
44364.75,130.45
44364.79,130.45
44364.83,130.45
44364.88,130.45
44364.92,130.45
44364.96,130.45
44365,130.45
44365.04,130.45
44365.08,130.45
44365.12,130.45
44365.17,130.45
44365.21,130.45
44365.25,130.45
44365.29,130.45
44365.33,130.45
44365.38,130.45
44365.42,130.45
44365.46,130.45
44365.5,130.45
44365.54,130.45
44365.58,130.45
44365.62,130.45
44365.67,130.45
44365.71,130.45
44365.75,130.45
44365.79,130.45
44365.83,130.45
44365.88,130.45
44365.92,130.45
44365.96,130.45
44366,130.45
44366.04,130.45
44366.08,130.45
44366.12,130.45
44366.17,130.45
44366.21,130.45
44366.25,130.45
44366.29,130.45
44366.33,130.45
44366.38,130.45
44366.42,130.45
44366.46,130.45
44366.5,130.45
44366.54,130.45
44366.58,130.45
44366.62,130.45
44366.67,130.45
44366.71,130.45
44366.75,130.45
44366.79,130.45
44366.83,130.45
44366.88,130.45
44366.92,130.45
44366.96,130.45
44367,130.45
44367.04,130.45
44367.08,130.45
44367.12,130.45
44367.17,130.45
44367.21,130.45
44367.25,130.45
44367.29,130.45
44367.33,130.45
44367.38,130.45
44367.42,130.45
44367.46,130.45
44367.5,130.45
44367.54,130.45
44367.58,130.45
44367.62,130.45
44367.67,130.45
44367.71,130.45
44367.75,130.45
44367.79,130.45
44367.83,130.45
44367.88,130.45
44367.92,130.45
44367.96,130.45
44368,130.45
44368.04,130.45
44368.08,130.45
44368.12,130.45
44368.17,130.45
44368.21,130.45
44368.25,130.45
44368.29,130.45
44368.33,130.45
44368.38,130.45
44368.42,130.45
44368.46,130.45
44368.5,130.45
44368.54,130.45
44368.58,130.45
44368.62,130.45
44368.67,130.45
44368.71,130.45
44368.75,130.45
44368.79,130.45
44368.83,130.45
44368.88,130.45
44368.92,130.45
44368.96,130.45
44369,130.45
44369.04,130.45
44369.08,130.45
44369.12,130.45
44369.17,130.45
44369.21,130.45
44369.25,130.45
44369.29,130.45
44369.33,130.45
44369.38,130.45
44369.42,130.45
44369.46,130.45
44369.5,130.45
44369.54,130.45
44369.58,130.45
44369.62,130.45
44369.67,130.45
44369.71,130.45
44369.75,130.45
44369.79,130.45
44369.83,130.45
44369.88,130.45
44369.92,130.45
44369.96,130.45
44370,130.45
44370.04,130.45
44370.08,130.45
44370.12,130.45
44370.17,130.45
44370.21,130.45
44370.25,130.45
44370.29,130.45
44370.33,130.45
44370.38,130.45
44370.42,130.45
44370.46,130.45
44370.5,130.45
44370.54,130.45
44370.58,130.45
44370.62,130.45
44370.67,130.45
44370.71,130.45
44370.75,130.45
44370.79,130.45
44370.83,130.45
44370.88,130.45
44370.92,130.45
44370.96,130.45
44371,130.45
44371.04,130.45
44371.08,130.45
44371.12,130.45
44371.17,130.45
44371.21,130.45
44371.25,130.45
44371.29,130.45
44371.33,130.45
44371.38,130.45
44371.42,130.45
44371.46,130.45
44371.5,130.45
44371.54,130.45
44371.58,130.45
44371.62,130.45
44371.67,130.45
44371.71,130.45
44371.75,130.45
44371.79,130.45
44371.83,130.45
44371.88,130.45
44371.92,130.45
44371.96,130.45
44372,130.45
44372.04,130.45
44372.08,130.45
44372.12,130.45
44372.17,130.45
44372.21,130.45
44372.25,130.45
44372.29,130.45
44372.33,130.45
44372.38,130.45
44372.42,130.45
44372.46,130.45
44372.5,130.45
44372.54,130.45
44372.58,130.45
44372.62,130.45
44372.67,130.45
44372.71,130.45
44372.75,130.45
44372.79,130.45
44372.83,130.45
44372.88,130.45
44372.92,130.45
44372.96,130.45
44373,130.45
44373.04,130.45
44373.08,130.45
44373.12,130.45
44373.17,130.45
44373.21,130.45
44373.25,130.45
44373.29,130.45
44373.33,130.45
44373.38,130.45
44373.42,130.45
44373.46,130.45
44373.5,130.45
44373.54,130.45
44373.58,130.45
44373.62,130.45
44373.67,130.45
44373.71,130.45
44373.75,130.45
44373.79,130.45
44373.83,130.45
44373.88,130.45
44373.92,130.45
44373.96,130.45
44374,130.45
44374.04,130.45
44374.08,130.45
44374.12,130.45
44374.17,130.45
44374.21,130.45
44374.25,130.45
44374.29,130.45
44374.33,130.45
44374.38,130.45
44374.42,130.45
44374.46,130.45
44374.5,130.45
44374.54,130.45
44374.58,130.45
44374.62,130.45
44374.67,130.45
44374.71,130.45
44374.75,130.45
44374.79,130.45
44374.83,130.45
44374.88,130.45
44374.92,130.45
44374.96,130.45
44375,130.45
44375.04,130.45
44375.08,130.45
44375.12,130.45
44375.17,130.45
44375.21,130.45
44375.25,130.45
44375.29,130.45
44375.33,130.45
44375.38,130.45
44375.42,130.45
44375.46,130.45
44375.5,130.45
44375.54,130.45
44375.58,130.45
44375.62,130.45
44375.67,130.45
44375.71,130.45
44375.75,130.45
44375.79,130.45
44375.83,130.45
44375.88,130.45
44375.92,130.45
44375.96,130.45
44376,130.45
44376.04,130.45
44376.08,130.45
44376.12,130.45
44376.17,130.45
44376.21,130.45
44376.25,130.45
44376.29,130.45
44376.33,130.45
44376.38,130.45
44376.42,130.45
44376.46,130.45
44376.5,130.45
44376.54,130.45
44376.58,130.45
44376.62,130.45
44376.67,130.45
44376.71,130.45
44376.75,130.45
44376.79,130.45
44376.83,130.45
44376.88,130.45
44376.92,130.45
44376.96,130.45
44377,130.45
44377.04,130.45
44377.08,130.45
44377.12,130.45
44377.17,130.45
44377.21,130.45
44377.25,130.45
44377.29,130.45
44377.33,130.45
44377.38,130.45
44377.42,130.45
44377.46,130.45
44377.5,130.45
44377.54,130.45
44377.58,130.45
44377.62,130.45
44377.67,130.45
44377.71,130.45
44377.75,130.45
44377.79,130.45
44377.83,130.45
44377.88,130.45
44377.92,130.45
44377.96,130.45
44378,103.73
44378.04,103.73
44378.08,103.73
44378.12,103.73
44378.17,103.73
44378.21,103.73
44378.25,103.73
44378.29,103.73
44378.33,103.73
44378.38,103.73
44378.42,103.73
44378.46,103.73
44378.5,103.73
44378.54,103.73
44378.58,103.73
44378.62,103.73
44378.67,103.73
44378.71,103.73
44378.75,103.73
44378.79,103.73
44378.83,103.73
44378.88,103.73
44378.92,103.73
44378.96,103.73
44379,103.73
44379.04,103.73
44379.08,103.73
44379.12,103.73
44379.17,103.73
44379.21,103.73
44379.25,103.73
44379.29,103.73
44379.33,103.73
44379.38,103.73
44379.42,103.73
44379.46,103.73
44379.5,103.73
44379.54,103.73
44379.58,103.73
44379.62,103.73
44379.67,103.73
44379.71,103.73
44379.75,103.73
44379.79,103.73
44379.83,103.73
44379.88,103.73
44379.92,103.73
44379.96,103.73
44380,103.73
44380.04,103.73
44380.08,103.73
44380.12,103.73
44380.17,103.73
44380.21,103.73
44380.25,103.73
44380.29,103.73
44380.33,103.73
44380.38,103.73
44380.42,103.73
44380.46,103.73
44380.5,103.73
44380.54,103.73
44380.58,103.73
44380.62,103.73
44380.67,103.73
44380.71,103.73
44380.75,103.73
44380.79,103.73
44380.83,103.73
44380.88,103.73
44380.92,103.73
44380.96,103.73
44381,103.73
44381.04,103.73
44381.08,103.73
44381.12,103.73
44381.17,103.73
44381.21,103.73
44381.25,103.73
44381.29,103.73
44381.33,103.73
44381.38,103.73
44381.42,103.73
44381.46,103.73
44381.5,103.73
44381.54,103.73
44381.58,103.73
44381.62,103.73
44381.67,103.73
44381.71,103.73
44381.75,103.73
44381.79,103.73
44381.83,103.73
44381.88,103.73
44381.92,103.73
44381.96,103.73
44382,103.73
44382.04,103.73
44382.08,103.73
44382.12,103.73
44382.17,103.73
44382.21,103.73
44382.25,103.73
44382.29,103.73
44382.33,103.73
44382.38,103.73
44382.42,103.73
44382.46,103.73
44382.5,103.73
44382.54,103.73
44382.58,103.73
44382.62,103.73
44382.67,103.73
44382.71,103.73
44382.75,103.73
44382.79,103.73
44382.83,103.73
44382.88,103.73
44382.92,103.73
44382.96,103.73
44383,103.73
44383.04,103.73
44383.08,103.73
44383.12,103.73
44383.17,103.73
44383.21,103.73
44383.25,103.73
44383.29,103.73
44383.33,103.73
44383.38,103.73
44383.42,103.73
44383.46,103.73
44383.5,103.73
44383.54,103.73
44383.58,103.73
44383.62,103.73
44383.67,103.73
44383.71,103.73
44383.75,103.73
44383.79,103.73
44383.83,103.73
44383.88,103.73
44383.92,103.73
44383.96,103.73
44384,103.73
44384.04,103.73
44384.08,103.73
44384.12,103.73
44384.17,103.73
44384.21,103.73
44384.25,103.73
44384.29,103.73
44384.33,103.73
44384.38,103.73
44384.42,103.73
44384.46,103.73
44384.5,103.73
44384.54,103.73
44384.58,103.73
44384.62,103.73
44384.67,103.73
44384.71,103.73
44384.75,103.73
44384.79,103.73
44384.83,103.73
44384.88,103.73
44384.92,103.73
44384.96,103.73
44385,103.73
44385.04,103.73
44385.08,103.73
44385.12,103.73
44385.17,103.73
44385.21,103.73
44385.25,103.73
44385.29,103.73
44385.33,103.73
44385.38,103.73
44385.42,103.73
44385.46,103.73
44385.5,103.73
44385.54,103.73
44385.58,103.73
44385.62,103.73
44385.67,103.73
44385.71,103.73
44385.75,103.73
44385.79,103.73
44385.83,103.73
44385.88,103.73
44385.92,103.73
44385.96,103.73
44386,103.73
44386.04,103.73
44386.08,103.73
44386.12,103.73
44386.17,103.73
44386.21,103.73
44386.25,103.73
44386.29,103.73
44386.33,103.73
44386.38,103.73
44386.42,103.73
44386.46,103.73
44386.5,103.73
44386.54,103.73
44386.58,103.73
44386.62,103.73
44386.67,103.73
44386.71,103.73
44386.75,103.73
44386.79,103.73
44386.83,103.73
44386.88,103.73
44386.92,103.73
44386.96,103.73
44387,103.73
44387.04,103.73
44387.08,103.73
44387.12,103.73
44387.17,103.73
44387.21,103.73
44387.25,103.73
44387.29,103.73
44387.33,103.73
44387.38,103.73
44387.42,103.73
44387.46,103.73
44387.5,103.73
44387.54,103.73
44387.58,103.73
44387.62,103.73
44387.67,103.73
44387.71,103.73
44387.75,103.73
44387.79,103.73
44387.83,103.73
44387.88,103.73
44387.92,103.73
44387.96,103.73
44388,103.73
44388.04,103.73
44388.08,103.73
44388.12,103.73
44388.17,103.73
44388.21,103.73
44388.25,103.73
44388.29,103.73
44388.33,103.73
44388.38,103.73
44388.42,103.73
44388.46,103.73
44388.5,103.73
44388.54,103.73
44388.58,103.73
44388.62,103.73
44388.67,103.73
44388.71,103.73
44388.75,103.73
44388.79,103.73
44388.83,103.73
44388.88,103.73
44388.92,103.73
44388.96,103.73
44389,103.73
44389.04,103.73
44389.08,103.73
44389.12,103.73
44389.17,103.73
44389.21,103.73
44389.25,103.73
44389.29,103.73
44389.33,103.73
44389.38,103.73
44389.42,103.73
44389.46,103.73
44389.5,103.73
44389.54,103.73
44389.58,103.73
44389.62,103.73
44389.67,103.73
44389.71,103.73
44389.75,103.73
44389.79,103.73
44389.83,103.73
44389.88,103.73
44389.92,103.73
44389.96,103.73
44390,103.73
44390.04,103.73
44390.08,103.73
44390.12,103.73
44390.17,103.73
44390.21,103.73
44390.25,103.73
44390.29,103.73
44390.33,103.73
44390.38,103.73
44390.42,103.73
44390.46,103.73
44390.5,103.73
44390.54,103.73
44390.58,103.73
44390.62,103.73
44390.67,103.73
44390.71,103.73
44390.75,103.73
44390.79,103.73
44390.83,103.73
44390.88,103.73
44390.92,103.73
44390.96,103.73
44391,103.73
44391.04,103.73
44391.08,103.73
44391.12,103.73
44391.17,103.73
44391.21,103.73
44391.25,103.73
44391.29,103.73
44391.33,103.73
44391.38,103.73
44391.42,103.73
44391.46,103.73
44391.5,103.73
44391.54,103.73
44391.58,103.73
44391.62,103.73
44391.67,103.73
44391.71,103.73
44391.75,103.73
44391.79,103.73
44391.83,103.73
44391.88,103.73
44391.92,103.73
44391.96,103.73
44392,103.73
44392.04,103.73
44392.08,103.73
44392.12,103.73
44392.17,103.73
44392.21,103.73
44392.25,103.73
44392.29,103.73
44392.33,103.73
44392.38,103.73
44392.42,103.73
44392.46,103.73
44392.5,103.73
44392.54,103.73
44392.58,103.73
44392.62,103.73
44392.67,103.73
44392.71,103.73
44392.75,103.73
44392.79,103.73
44392.83,103.73
44392.88,103.73
44392.92,103.73
44392.96,103.73
44393,103.73
44393.04,103.73
44393.08,103.73
44393.12,103.73
44393.17,103.73
44393.21,103.73
44393.25,103.73
44393.29,103.73
44393.33,103.73
44393.38,103.73
44393.42,103.73
44393.46,103.73
44393.5,103.73
44393.54,103.73
44393.58,103.73
44393.62,103.73
44393.67,103.73
44393.71,103.73
44393.75,103.73
44393.79,103.73
44393.83,103.73
44393.88,103.73
44393.92,103.73
44393.96,103.73
44394,103.73
44394.04,103.73
44394.08,103.73
44394.12,103.73
44394.17,103.73
44394.21,103.73
44394.25,103.73
44394.29,103.73
44394.33,103.73
44394.38,103.73
44394.42,103.73
44394.46,103.73
44394.5,103.73
44394.54,103.73
44394.58,103.73
44394.62,103.73
44394.67,103.73
44394.71,103.73
44394.75,103.73
44394.79,103.73
44394.83,103.73
44394.88,103.73
44394.92,103.73
44394.96,103.73
44395,103.73
44395.04,103.73
44395.08,103.73
44395.12,103.73
44395.17,103.73
44395.21,103.73
44395.25,103.73
44395.29,103.73
44395.33,103.73
44395.38,103.73
44395.42,103.73
44395.46,103.73
44395.5,103.73
44395.54,103.73
44395.58,103.73
44395.62,103.73
44395.67,103.73
44395.71,103.73
44395.75,103.73
44395.79,103.73
44395.83,103.73
44395.88,103.73
44395.92,103.73
44395.96,103.73
44396,103.73
44396.04,103.73
44396.08,103.73
44396.12,103.73
44396.17,103.73
44396.21,103.73
44396.25,103.73
44396.29,103.73
44396.33,103.73
44396.38,103.73
44396.42,103.73
44396.46,103.73
44396.5,103.73
44396.54,103.73
44396.58,103.73
44396.62,103.73
44396.67,103.73
44396.71,103.73
44396.75,103.73
44396.79,103.73
44396.83,103.73
44396.88,103.73
44396.92,103.73
44396.96,103.73
44397,103.73
44397.04,103.73
44397.08,103.73
44397.12,103.73
44397.17,103.73
44397.21,103.73
44397.25,103.73
44397.29,103.73
44397.33,103.73
44397.38,103.73
44397.42,103.73
44397.46,103.73
44397.5,103.73
44397.54,103.73
44397.58,103.73
44397.62,103.73
44397.67,103.73
44397.71,103.73
44397.75,103.73
44397.79,103.73
44397.83,103.73
44397.88,103.73
44397.92,103.73
44397.96,103.73
44398,103.73
44398.04,103.73
44398.08,103.73
44398.12,103.73
44398.17,103.73
44398.21,103.73
44398.25,103.73
44398.29,103.73
44398.33,103.73
44398.38,103.73
44398.42,103.73
44398.46,103.73
44398.5,103.73
44398.54,103.73
44398.58,103.73
44398.62,103.73
44398.67,103.73
44398.71,103.73
44398.75,103.73
44398.79,103.73
44398.83,103.73
44398.88,103.73
44398.92,103.73
44398.96,103.73
44399,103.73
44399.04,103.73
44399.08,103.73
44399.12,103.73
44399.17,103.73
44399.21,103.73
44399.25,103.73
44399.29,103.73
44399.33,103.73
44399.38,103.73
44399.42,103.73
44399.46,103.73
44399.5,103.73
44399.54,103.73
44399.58,103.73
44399.62,103.73
44399.67,103.73
44399.71,103.73
44399.75,103.73
44399.79,103.73
44399.83,103.73
44399.88,103.73
44399.92,103.73
44399.96,103.73
44400,103.73
44400.04,103.73
44400.08,103.73
44400.12,103.73
44400.17,103.73
44400.21,103.73
44400.25,103.73
44400.29,103.73
44400.33,103.73
44400.38,103.73
44400.42,103.73
44400.46,103.73
44400.5,103.73
44400.54,103.73
44400.58,103.73
44400.62,103.73
44400.67,103.73
44400.71,103.73
44400.75,103.73
44400.79,103.73
44400.83,103.73
44400.88,103.73
44400.92,103.73
44400.96,103.73
44401,103.73
44401.04,103.73
44401.08,103.73
44401.12,103.73
44401.17,103.73
44401.21,103.73
44401.25,103.73
44401.29,103.73
44401.33,103.73
44401.38,103.73
44401.42,103.73
44401.46,103.73
44401.5,103.73
44401.54,103.73
44401.58,103.73
44401.62,103.73
44401.67,103.73
44401.71,103.73
44401.75,103.73
44401.79,103.73
44401.83,103.73
44401.88,103.73
44401.92,103.73
44401.96,103.73
44402,103.73
44402.04,103.73
44402.08,103.73
44402.12,103.73
44402.17,103.73
44402.21,103.73
44402.25,103.73
44402.29,103.73
44402.33,103.73
44402.38,103.73
44402.42,103.73
44402.46,103.73
44402.5,103.73
44402.54,103.73
44402.58,103.73
44402.62,103.73
44402.67,103.73
44402.71,103.73
44402.75,103.73
44402.79,103.73
44402.83,103.73
44402.88,103.73
44402.92,103.73
44402.96,103.73
44403,103.73
44403.04,103.73
44403.08,103.73
44403.12,103.73
44403.17,103.73
44403.21,103.73
44403.25,103.73
44403.29,103.73
44403.33,103.73
44403.38,103.73
44403.42,103.73
44403.46,103.73
44403.5,103.73
44403.54,103.73
44403.58,103.73
44403.62,103.73
44403.67,103.73
44403.71,103.73
44403.75,103.73
44403.79,103.73
44403.83,103.73
44403.88,103.73
44403.92,103.73
44403.96,103.73
44404,103.73
44404.04,103.73
44404.08,103.73
44404.12,103.73
44404.17,103.73
44404.21,103.73
44404.25,103.73
44404.29,103.73
44404.33,103.73
44404.38,103.73
44404.42,103.73
44404.46,103.73
44404.5,103.73
44404.54,103.73
44404.58,103.73
44404.62,103.73
44404.67,103.73
44404.71,103.73
44404.75,103.73
44404.79,103.73
44404.83,103.73
44404.88,103.73
44404.92,103.73
44404.96,103.73
44405,103.73
44405.04,103.73
44405.08,103.73
44405.12,103.73
44405.17,103.73
44405.21,103.73
44405.25,103.73
44405.29,103.73
44405.33,103.73
44405.38,103.73
44405.42,103.73
44405.46,103.73
44405.5,103.73
44405.54,103.73
44405.58,103.73
44405.62,103.73
44405.67,103.73
44405.71,103.73
44405.75,103.73
44405.79,103.73
44405.83,103.73
44405.88,103.73
44405.92,103.73
44405.96,103.73
44406,103.73
44406.04,103.73
44406.08,103.73
44406.12,103.73
44406.17,103.73
44406.21,103.73
44406.25,103.73
44406.29,103.73
44406.33,103.73
44406.38,103.73
44406.42,103.73
44406.46,103.73
44406.5,103.73
44406.54,103.73
44406.58,103.73
44406.62,103.73
44406.67,103.73
44406.71,103.73
44406.75,103.73
44406.79,103.73
44406.83,103.73
44406.88,103.73
44406.92,103.73
44406.96,103.73
44407,103.73
44407.04,103.73
44407.08,103.73
44407.12,103.73
44407.17,103.73
44407.21,103.73
44407.25,103.73
44407.29,103.73
44407.33,103.73
44407.38,103.73
44407.42,103.73
44407.46,103.73
44407.5,103.73
44407.54,103.73
44407.58,103.73
44407.62,103.73
44407.67,103.73
44407.71,103.73
44407.75,103.73
44407.79,103.73
44407.83,103.73
44407.88,103.73
44407.92,103.73
44407.96,103.73
44408,103.73
44408.04,103.73
44408.08,103.73
44408.12,103.73
44408.17,103.73
44408.21,103.73
44408.25,103.73
44408.29,103.73
44408.33,103.73
44408.38,103.73
44408.42,103.73
44408.46,103.73
44408.5,103.73
44408.54,103.73
44408.58,103.73
44408.62,103.73
44408.67,103.73
44408.71,103.73
44408.75,103.73
44408.79,103.73
44408.83,103.73
44408.88,103.73
44408.92,103.73
44408.96,103.73
44409,103.73
44409.04,103.73
44409.08,103.73
44409.12,103.73
44409.17,103.73
44409.21,103.73
44409.25,103.73
44409.29,103.73
44409.33,103.73
44409.38,103.73
44409.42,103.73
44409.46,103.73
44409.5,103.73
44409.54,103.73
44409.58,103.73
44409.62,103.73
44409.67,103.73
44409.71,103.73
44409.75,103.73
44409.79,103.73
44409.83,103.73
44409.88,103.73
44409.92,103.73
44409.96,103.73
44410,103.73
44410.04,103.73
44410.08,103.73
44410.12,103.73
44410.17,103.73
44410.21,103.73
44410.25,103.73
44410.29,103.73
44410.33,103.73
44410.38,103.73
44410.42,103.73
44410.46,103.73
44410.5,103.73
44410.54,103.73
44410.58,103.73
44410.62,103.73
44410.67,103.73
44410.71,103.73
44410.75,103.73
44410.79,103.73
44410.83,103.73
44410.88,103.73
44410.92,103.73
44410.96,103.73
44411,103.73
44411.04,103.73
44411.08,103.73
44411.12,103.73
44411.17,103.73
44411.21,103.73
44411.25,103.73
44411.29,103.73
44411.33,103.73
44411.38,103.73
44411.42,103.73
44411.46,103.73
44411.5,103.73
44411.54,103.73
44411.58,103.73
44411.62,103.73
44411.67,103.73
44411.71,103.73
44411.75,103.73
44411.79,103.73
44411.83,103.73
44411.88,103.73
44411.92,103.73
44411.96,103.73
44412,103.73
44412.04,103.73
44412.08,103.73
44412.12,103.73
44412.17,103.73
44412.21,103.73
44412.25,103.73
44412.29,103.73
44412.33,103.73
44412.38,103.73
44412.42,103.73
44412.46,103.73
44412.5,103.73
44412.54,103.73
44412.58,103.73
44412.62,103.73
44412.67,103.73
44412.71,103.73
44412.75,103.73
44412.79,103.73
44412.83,103.73
44412.88,103.73
44412.92,103.73
44412.96,103.73
44413,103.73
44413.04,103.73
44413.08,103.73
44413.12,103.73
44413.17,103.73
44413.21,103.73
44413.25,103.73
44413.29,103.73
44413.33,103.73
44413.38,103.73
44413.42,103.73
44413.46,103.73
44413.5,103.73
44413.54,103.73
44413.58,103.73
44413.62,103.73
44413.67,103.73
44413.71,103.73
44413.75,103.73
44413.79,103.73
44413.83,103.73
44413.88,103.73
44413.92,103.73
44413.96,103.73
44414,103.73
44414.04,103.73
44414.08,103.73
44414.12,103.73
44414.17,103.73
44414.21,103.73
44414.25,103.73
44414.29,103.73
44414.33,103.73
44414.38,103.73
44414.42,103.73
44414.46,103.73
44414.5,103.73
44414.54,103.73
44414.58,103.73
44414.62,103.73
44414.67,103.73
44414.71,103.73
44414.75,103.73
44414.79,103.73
44414.83,103.73
44414.88,103.73
44414.92,103.73
44414.96,103.73
44415,103.73
44415.04,103.73
44415.08,103.73
44415.12,103.73
44415.17,103.73
44415.21,103.73
44415.25,103.73
44415.29,103.73
44415.33,103.73
44415.38,103.73
44415.42,103.73
44415.46,103.73
44415.5,103.73
44415.54,103.73
44415.58,103.73
44415.62,103.73
44415.67,103.73
44415.71,103.73
44415.75,103.73
44415.79,103.73
44415.83,103.73
44415.88,103.73
44415.92,103.73
44415.96,103.73
44416,103.73
44416.04,103.73
44416.08,103.73
44416.12,103.73
44416.17,103.73
44416.21,103.73
44416.25,103.73
44416.29,103.73
44416.33,103.73
44416.38,103.73
44416.42,103.73
44416.46,103.73
44416.5,103.73
44416.54,103.73
44416.58,103.73
44416.62,103.73
44416.67,103.73
44416.71,103.73
44416.75,103.73
44416.79,103.73
44416.83,103.73
44416.88,103.73
44416.92,103.73
44416.96,103.73
44417,103.73
44417.04,103.73
44417.08,103.73
44417.12,103.73
44417.17,103.73
44417.21,103.73
44417.25,103.73
44417.29,103.73
44417.33,103.73
44417.38,103.73
44417.42,103.73
44417.46,103.73
44417.5,103.73
44417.54,103.73
44417.58,103.73
44417.62,103.73
44417.67,103.73
44417.71,103.73
44417.75,103.73
44417.79,103.73
44417.83,103.73
44417.88,103.73
44417.92,103.73
44417.96,103.73
44418,103.73
44418.04,103.73
44418.08,103.73
44418.12,103.73
44418.17,103.73
44418.21,103.73
44418.25,103.73
44418.29,103.73
44418.33,103.73
44418.38,103.73
44418.42,103.73
44418.46,103.73
44418.5,103.73
44418.54,103.73
44418.58,103.73
44418.62,103.73
44418.67,103.73
44418.71,103.73
44418.75,103.73
44418.79,103.73
44418.83,103.73
44418.88,103.73
44418.92,103.73
44418.96,103.73
44419,103.73
44419.04,103.73
44419.08,103.73
44419.12,103.73
44419.17,103.73
44419.21,103.73
44419.25,103.73
44419.29,103.73
44419.33,103.73
44419.38,103.73
44419.42,103.73
44419.46,103.73
44419.5,103.73
44419.54,103.73
44419.58,103.73
44419.62,103.73
44419.67,103.73
44419.71,103.73
44419.75,103.73
44419.79,103.73
44419.83,103.73
44419.88,103.73
44419.92,103.73
44419.96,103.73
44420,103.73
44420.04,103.73
44420.08,103.73
44420.12,103.73
44420.17,103.73
44420.21,103.73
44420.25,103.73
44420.29,103.73
44420.33,103.73
44420.38,103.73
44420.42,103.73
44420.46,103.73
44420.5,103.73
44420.54,103.73
44420.58,103.73
44420.62,103.73
44420.67,103.73
44420.71,103.73
44420.75,103.73
44420.79,103.73
44420.83,103.73
44420.88,103.73
44420.92,103.73
44420.96,103.73
44421,103.73
44421.04,103.73
44421.08,103.73
44421.12,103.73
44421.17,103.73
44421.21,103.73
44421.25,103.73
44421.29,103.73
44421.33,103.73
44421.38,103.73
44421.42,103.73
44421.46,103.73
44421.5,103.73
44421.54,103.73
44421.58,103.73
44421.62,103.73
44421.67,103.73
44421.71,103.73
44421.75,103.73
44421.79,103.73
44421.83,103.73
44421.88,103.73
44421.92,103.73
44421.96,103.73
44422,103.73
44422.04,103.73
44422.08,103.73
44422.12,103.73
44422.17,103.73
44422.21,103.73
44422.25,103.73
44422.29,103.73
44422.33,103.73
44422.38,103.73
44422.42,103.73
44422.46,103.73
44422.5,103.73
44422.54,103.73
44422.58,103.73
44422.62,103.73
44422.67,103.73
44422.71,103.73
44422.75,103.73
44422.79,103.73
44422.83,103.73
44422.88,103.73
44422.92,103.73
44422.96,103.73
44423,103.73
44423.04,103.73
44423.08,103.73
44423.12,103.73
44423.17,103.73
44423.21,103.73
44423.25,103.73
44423.29,103.73
44423.33,103.73
44423.38,103.73
44423.42,103.73
44423.46,103.73
44423.5,103.73
44423.54,103.73
44423.58,103.73
44423.62,103.73
44423.67,103.73
44423.71,103.73
44423.75,103.73
44423.79,103.73
44423.83,103.73
44423.88,103.73
44423.92,103.73
44423.96,103.73
44424,103.73
44424.04,103.73
44424.08,103.73
44424.12,103.73
44424.17,103.73
44424.21,103.73
44424.25,103.73
44424.29,103.73
44424.33,103.73
44424.38,103.73
44424.42,103.73
44424.46,103.73
44424.5,103.73
44424.54,103.73
44424.58,103.73
44424.62,103.73
44424.67,103.73
44424.71,103.73
44424.75,103.73
44424.79,103.73
44424.83,103.73
44424.88,103.73
44424.92,103.73
44424.96,103.73
44425,103.73
44425.04,103.73
44425.08,103.73
44425.12,103.73
44425.17,103.73
44425.21,103.73
44425.25,103.73
44425.29,103.73
44425.33,103.73
44425.38,103.73
44425.42,103.73
44425.46,103.73
44425.5,103.73
44425.54,103.73
44425.58,103.73
44425.62,103.73
44425.67,103.73
44425.71,103.73
44425.75,103.73
44425.79,103.73
44425.83,103.73
44425.88,103.73
44425.92,103.73
44425.96,103.73
44426,103.73
44426.04,103.73
44426.08,103.73
44426.12,103.73
44426.17,103.73
44426.21,103.73
44426.25,103.73
44426.29,103.73
44426.33,103.73
44426.38,103.73
44426.42,103.73
44426.46,103.73
44426.5,103.73
44426.54,103.73
44426.58,103.73
44426.62,103.73
44426.67,103.73
44426.71,103.73
44426.75,103.73
44426.79,103.73
44426.83,103.73
44426.88,103.73
44426.92,103.73
44426.96,103.73
44427,103.73
44427.04,103.73
44427.08,103.73
44427.12,103.73
44427.17,103.73
44427.21,103.73
44427.25,103.73
44427.29,103.73
44427.33,103.73
44427.38,103.73
44427.42,103.73
44427.46,103.73
44427.5,103.73
44427.54,103.73
44427.58,103.73
44427.62,103.73
44427.67,103.73
44427.71,103.73
44427.75,103.73
44427.79,103.73
44427.83,103.73
44427.88,103.73
44427.92,103.73
44427.96,103.73
44428,103.73
44428.04,103.73
44428.08,103.73
44428.12,103.73
44428.17,103.73
44428.21,103.73
44428.25,103.73
44428.29,103.73
44428.33,103.73
44428.38,103.73
44428.42,103.73
44428.46,103.73
44428.5,103.73
44428.54,103.73
44428.58,103.73
44428.62,103.73
44428.67,103.73
44428.71,103.73
44428.75,103.73
44428.79,103.73
44428.83,103.73
44428.88,103.73
44428.92,103.73
44428.96,103.73
44429,103.73
44429.04,103.73
44429.08,103.73
44429.12,103.73
44429.17,103.73
44429.21,103.73
44429.25,103.73
44429.29,103.73
44429.33,103.73
44429.38,103.73
44429.42,103.73
44429.46,103.73
44429.5,103.73
44429.54,103.73
44429.58,103.73
44429.62,103.73
44429.67,103.73
44429.71,103.73
44429.75,103.73
44429.79,103.73
44429.83,103.73
44429.88,103.73
44429.92,103.73
44429.96,103.73
44430,103.73
44430.04,103.73
44430.08,103.73
44430.12,103.73
44430.17,103.73
44430.21,103.73
44430.25,103.73
44430.29,103.73
44430.33,103.73
44430.38,103.73
44430.42,103.73
44430.46,103.73
44430.5,103.73
44430.54,103.73
44430.58,103.73
44430.62,103.73
44430.67,103.73
44430.71,103.73
44430.75,103.73
44430.79,103.73
44430.83,103.73
44430.88,103.73
44430.92,103.73
44430.96,103.73
44431,103.73
44431.04,103.73
44431.08,103.73
44431.12,103.73
44431.17,103.73
44431.21,103.73
44431.25,103.73
44431.29,103.73
44431.33,103.73
44431.38,103.73
44431.42,103.73
44431.46,103.73
44431.5,103.73
44431.54,103.73
44431.58,103.73
44431.62,103.73
44431.67,103.73
44431.71,103.73
44431.75,103.73
44431.79,103.73
44431.83,103.73
44431.88,103.73
44431.92,103.73
44431.96,103.73
44432,103.73
44432.04,103.73
44432.08,103.73
44432.12,103.73
44432.17,103.73
44432.21,103.73
44432.25,103.73
44432.29,103.73
44432.33,103.73
44432.38,103.73
44432.42,103.73
44432.46,103.73
44432.5,103.73
44432.54,103.73
44432.58,103.73
44432.62,103.73
44432.67,103.73
44432.71,103.73
44432.75,103.73
44432.79,103.73
44432.83,103.73
44432.88,103.73
44432.92,103.73
44432.96,103.73
44433,103.73
44433.04,103.73
44433.08,103.73
44433.12,103.73
44433.17,103.73
44433.21,103.73
44433.25,103.73
44433.29,103.73
44433.33,103.73
44433.38,103.73
44433.42,103.73
44433.46,103.73
44433.5,103.73
44433.54,103.73
44433.58,103.73
44433.62,103.73
44433.67,103.73
44433.71,103.73
44433.75,103.73
44433.79,103.73
44433.83,103.73
44433.88,103.73
44433.92,103.73
44433.96,103.73
44434,103.73
44434.04,103.73
44434.08,103.73
44434.12,103.73
44434.17,103.73
44434.21,103.73
44434.25,103.73
44434.29,103.73
44434.33,103.73
44434.38,103.73
44434.42,103.73
44434.46,103.73
44434.5,103.73
44434.54,103.73
44434.58,103.73
44434.62,103.73
44434.67,103.73
44434.71,103.73
44434.75,103.73
44434.79,103.73
44434.83,103.73
44434.88,103.73
44434.92,103.73
44434.96,103.73
44435,103.73
44435.04,103.73
44435.08,103.73
44435.12,103.73
44435.17,103.73
44435.21,103.73
44435.25,103.73
44435.29,103.73
44435.33,103.73
44435.38,103.73
44435.42,103.73
44435.46,103.73
44435.5,103.73
44435.54,103.73
44435.58,103.73
44435.62,103.73
44435.67,103.73
44435.71,103.73
44435.75,103.73
44435.79,103.73
44435.83,103.73
44435.88,103.73
44435.92,103.73
44435.96,103.73
44436,103.73
44436.04,103.73
44436.08,103.73
44436.12,103.73
44436.17,103.73
44436.21,103.73
44436.25,103.73
44436.29,103.73
44436.33,103.73
44436.38,103.73
44436.42,103.73
44436.46,103.73
44436.5,103.73
44436.54,103.73
44436.58,103.73
44436.62,103.73
44436.67,103.73
44436.71,103.73
44436.75,103.73
44436.79,103.73
44436.83,103.73
44436.88,103.73
44436.92,103.73
44436.96,103.73
44437,103.73
44437.04,103.73
44437.08,103.73
44437.12,103.73
44437.17,103.73
44437.21,103.73
44437.25,103.73
44437.29,103.73
44437.33,103.73
44437.38,103.73
44437.42,103.73
44437.46,103.73
44437.5,103.73
44437.54,103.73
44437.58,103.73
44437.62,103.73
44437.67,103.73
44437.71,103.73
44437.75,103.73
44437.79,103.73
44437.83,103.73
44437.88,103.73
44437.92,103.73
44437.96,103.73
44438,103.73
44438.04,103.73
44438.08,103.73
44438.12,103.73
44438.17,103.73
44438.21,103.73
44438.25,103.73
44438.29,103.73
44438.33,103.73
44438.38,103.73
44438.42,103.73
44438.46,103.73
44438.5,103.73
44438.54,103.73
44438.58,103.73
44438.62,103.73
44438.67,103.73
44438.71,103.73
44438.75,103.73
44438.79,103.73
44438.83,103.73
44438.88,103.73
44438.92,103.73
44438.96,103.73
44439,103.73
44439.04,103.73
44439.08,103.73
44439.12,103.73
44439.17,103.73
44439.21,103.73
44439.25,103.73
44439.29,103.73
44439.33,103.73
44439.38,103.73
44439.42,103.73
44439.46,103.73
44439.5,103.73
44439.54,103.73
44439.58,103.73
44439.62,103.73
44439.67,103.73
44439.71,103.73
44439.75,103.73
44439.79,103.73
44439.83,103.73
44439.88,103.73
44439.92,103.73
44439.96,103.73
44440,135.95
44440.04,135.95
44440.08,135.95
44440.12,135.95
44440.17,135.95
44440.21,135.95
44440.25,135.95
44440.29,135.95
44440.33,135.95
44440.38,135.95
44440.42,135.95
44440.46,135.95
44440.5,135.95
44440.54,135.95
44440.58,135.95
44440.62,135.95
44440.67,135.95
44440.71,135.95
44440.75,135.95
44440.79,135.95
44440.83,135.95
44440.88,135.95
44440.92,135.95
44440.96,135.95
44441,135.95
44441.04,135.95
44441.08,135.95
44441.12,135.95
44441.17,135.95
44441.21,135.95
44441.25,135.95
44441.29,135.95
44441.33,135.95
44441.38,135.95
44441.42,135.95
44441.46,135.95
44441.5,135.95
44441.54,135.95
44441.58,135.95
44441.62,135.95
44441.67,135.95
44441.71,135.95
44441.75,135.95
44441.79,135.95
44441.83,135.95
44441.88,135.95
44441.92,135.95
44441.96,135.95
44442,135.95
44442.04,135.95
44442.08,135.95
44442.12,135.95
44442.17,135.95
44442.21,135.95
44442.25,135.95
44442.29,135.95
44442.33,135.95
44442.38,135.95
44442.42,135.95
44442.46,135.95
44442.5,135.95
44442.54,135.95
44442.58,135.95
44442.62,135.95
44442.67,135.95
44442.71,135.95
44442.75,135.95
44442.79,135.95
44442.83,135.95
44442.88,135.95
44442.92,135.95
44442.96,135.95
44443,135.95
44443.04,135.95
44443.08,135.95
44443.12,135.95
44443.17,135.95
44443.21,135.95
44443.25,135.95
44443.29,135.95
44443.33,135.95
44443.38,135.95
44443.42,135.95
44443.46,135.95
44443.5,135.95
44443.54,135.95
44443.58,135.95
44443.62,135.95
44443.67,135.95
44443.71,135.95
44443.75,135.95
44443.79,135.95
44443.83,135.95
44443.88,135.95
44443.92,135.95
44443.96,135.95
44444,135.95
44444.04,135.95
44444.08,135.95
44444.12,135.95
44444.17,135.95
44444.21,135.95
44444.25,135.95
44444.29,135.95
44444.33,135.95
44444.38,135.95
44444.42,135.95
44444.46,135.95
44444.5,135.95
44444.54,135.95
44444.58,135.95
44444.62,135.95
44444.67,135.95
44444.71,135.95
44444.75,135.95
44444.79,135.95
44444.83,135.95
44444.88,135.95
44444.92,135.95
44444.96,135.95
44445,135.95
44445.04,135.95
44445.08,135.95
44445.12,135.95
44445.17,135.95
44445.21,135.95
44445.25,135.95
44445.29,135.95
44445.33,135.95
44445.38,135.95
44445.42,135.95
44445.46,135.95
44445.5,135.95
44445.54,135.95
44445.58,135.95
44445.62,135.95
44445.67,135.95
44445.71,135.95
44445.75,135.95
44445.79,135.95
44445.83,135.95
44445.88,135.95
44445.92,135.95
44445.96,135.95
44446,135.95
44446.04,135.95
44446.08,135.95
44446.12,135.95
44446.17,135.95
44446.21,135.95
44446.25,135.95
44446.29,135.95
44446.33,135.95
44446.38,135.95
44446.42,135.95
44446.46,135.95
44446.5,135.95
44446.54,135.95
44446.58,135.95
44446.62,135.95
44446.67,135.95
44446.71,135.95
44446.75,135.95
44446.79,135.95
44446.83,135.95
44446.88,135.95
44446.92,135.95
44446.96,135.95
44447,135.95
44447.04,135.95
44447.08,135.95
44447.12,135.95
44447.17,135.95
44447.21,135.95
44447.25,135.95
44447.29,135.95
44447.33,135.95
44447.38,135.95
44447.42,135.95
44447.46,135.95
44447.5,135.95
44447.54,135.95
44447.58,135.95
44447.62,135.95
44447.67,135.95
44447.71,135.95
44447.75,135.95
44447.79,135.95
44447.83,135.95
44447.88,135.95
44447.92,135.95
44447.96,135.95
44448,135.95
44448.04,135.95
44448.08,135.95
44448.12,135.95
44448.17,135.95
44448.21,135.95
44448.25,135.95
44448.29,135.95
44448.33,135.95
44448.38,135.95
44448.42,135.95
44448.46,135.95
44448.5,135.95
44448.54,135.95
44448.58,135.95
44448.62,135.95
44448.67,135.95
44448.71,135.95
44448.75,135.95
44448.79,135.95
44448.83,135.95
44448.88,135.95
44448.92,135.95
44448.96,135.95
44449,135.95
44449.04,135.95
44449.08,135.95
44449.12,135.95
44449.17,135.95
44449.21,135.95
44449.25,135.95
44449.29,135.95
44449.33,135.95
44449.38,135.95
44449.42,135.95
44449.46,135.95
44449.5,135.95
44449.54,135.95
44449.58,135.95
44449.62,135.95
44449.67,135.95
44449.71,135.95
44449.75,135.95
44449.79,135.95
44449.83,135.95
44449.88,135.95
44449.92,135.95
44449.96,135.95
44450,135.95
44450.04,135.95
44450.08,135.95
44450.12,135.95
44450.17,135.95
44450.21,135.95
44450.25,135.95
44450.29,135.95
44450.33,135.95
44450.38,135.95
44450.42,135.95
44450.46,135.95
44450.5,135.95
44450.54,135.95
44450.58,135.95
44450.62,135.95
44450.67,135.95
44450.71,135.95
44450.75,135.95
44450.79,135.95
44450.83,135.95
44450.88,135.95
44450.92,135.95
44450.96,135.95
44451,135.95
44451.04,135.95
44451.08,135.95
44451.12,135.95
44451.17,135.95
44451.21,135.95
44451.25,135.95
44451.29,135.95
44451.33,135.95
44451.38,135.95
44451.42,135.95
44451.46,135.95
44451.5,135.95
44451.54,135.95
44451.58,135.95
44451.62,135.95
44451.67,135.95
44451.71,135.95
44451.75,135.95
44451.79,135.95
44451.83,135.95
44451.88,135.95
44451.92,135.95
44451.96,135.95
44452,135.95
44452.04,135.95
44452.08,135.95
44452.12,135.95
44452.17,135.95
44452.21,135.95
44452.25,135.95
44452.29,135.95
44452.33,135.95
44452.38,135.95
44452.42,135.95
44452.46,135.95
44452.5,135.95
44452.54,135.95
44452.58,135.95
44452.62,135.95
44452.67,135.95
44452.71,135.95
44452.75,135.95
44452.79,135.95
44452.83,135.95
44452.88,135.95
44452.92,135.95
44452.96,135.95
44453,135.95
44453.04,135.95
44453.08,135.95
44453.12,135.95
44453.17,135.95
44453.21,135.95
44453.25,135.95
44453.29,135.95
44453.33,135.95
44453.38,135.95
44453.42,135.95
44453.46,135.95
44453.5,135.95
44453.54,135.95
44453.58,135.95
44453.62,135.95
44453.67,135.95
44453.71,135.95
44453.75,135.95
44453.79,135.95
44453.83,135.95
44453.88,135.95
44453.92,135.95
44453.96,135.95
44454,135.95
44454.04,135.95
44454.08,135.95
44454.12,135.95
44454.17,135.95
44454.21,135.95
44454.25,135.95
44454.29,135.95
44454.33,135.95
44454.38,135.95
44454.42,135.95
44454.46,135.95
44454.5,135.95
44454.54,135.95
44454.58,135.95
44454.62,135.95
44454.67,135.95
44454.71,135.95
44454.75,135.95
44454.79,135.95
44454.83,135.95
44454.88,135.95
44454.92,135.95
44454.96,135.95
44455,135.95
44455.04,135.95
44455.08,135.95
44455.12,135.95
44455.17,135.95
44455.21,135.95
44455.25,135.95
44455.29,135.95
44455.33,135.95
44455.38,135.95
44455.42,135.95
44455.46,135.95
44455.5,135.95
44455.54,135.95
44455.58,135.95
44455.62,135.95
44455.67,135.95
44455.71,135.95
44455.75,135.95
44455.79,135.95
44455.83,135.95
44455.88,135.95
44455.92,135.95
44455.96,135.95
44456,135.95
44456.04,135.95
44456.08,135.95
44456.12,135.95
44456.17,135.95
44456.21,135.95
44456.25,135.95
44456.29,135.95
44456.33,135.95
44456.38,135.95
44456.42,135.95
44456.46,135.95
44456.5,135.95
44456.54,135.95
44456.58,135.95
44456.62,135.95
44456.67,135.95
44456.71,135.95
44456.75,135.95
44456.79,135.95
44456.83,135.95
44456.88,135.95
44456.92,135.95
44456.96,135.95
44457,135.95
44457.04,135.95
44457.08,135.95
44457.12,135.95
44457.17,135.95
44457.21,135.95
44457.25,135.95
44457.29,135.95
44457.33,135.95
44457.38,135.95
44457.42,135.95
44457.46,135.95
44457.5,135.95
44457.54,135.95
44457.58,135.95
44457.62,135.95
44457.67,135.95
44457.71,135.95
44457.75,135.95
44457.79,135.95
44457.83,135.95
44457.88,135.95
44457.92,135.95
44457.96,135.95
44458,135.95
44458.04,135.95
44458.08,135.95
44458.12,135.95
44458.17,135.95
44458.21,135.95
44458.25,135.95
44458.29,135.95
44458.33,135.95
44458.38,135.95
44458.42,135.95
44458.46,135.95
44458.5,135.95
44458.54,135.95
44458.58,135.95
44458.62,135.95
44458.67,135.95
44458.71,135.95
44458.75,135.95
44458.79,135.95
44458.83,135.95
44458.88,135.95
44458.92,135.95
44458.96,135.95
44459,135.95
44459.04,135.95
44459.08,135.95
44459.12,135.95
44459.17,135.95
44459.21,135.95
44459.25,135.95
44459.29,135.95
44459.33,135.95
44459.38,135.95
44459.42,135.95
44459.46,135.95
44459.5,135.95
44459.54,135.95
44459.58,135.95
44459.62,135.95
44459.67,135.95
44459.71,135.95
44459.75,135.95
44459.79,135.95
44459.83,135.95
44459.88,135.95
44459.92,135.95
44459.96,135.95
44460,135.95
44460.04,135.95
44460.08,135.95
44460.12,135.95
44460.17,135.95
44460.21,135.95
44460.25,135.95
44460.29,135.95
44460.33,135.95
44460.38,135.95
44460.42,135.95
44460.46,135.95
44460.5,135.95
44460.54,135.95
44460.58,135.95
44460.62,135.95
44460.67,135.95
44460.71,135.95
44460.75,135.95
44460.79,135.95
44460.83,135.95
44460.88,135.95
44460.92,135.95
44460.96,135.95
44461,135.95
44461.04,135.95
44461.08,135.95
44461.12,135.95
44461.17,135.95
44461.21,135.95
44461.25,135.95
44461.29,135.95
44461.33,135.95
44461.38,135.95
44461.42,135.95
44461.46,135.95
44461.5,135.95
44461.54,135.95
44461.58,135.95
44461.62,135.95
44461.67,135.95
44461.71,135.95
44461.75,135.95
44461.79,135.95
44461.83,135.95
44461.88,135.95
44461.92,135.95
44461.96,135.95
44462,135.95
44462.04,135.95
44462.08,135.95
44462.12,135.95
44462.17,135.95
44462.21,135.95
44462.25,135.95
44462.29,135.95
44462.33,135.95
44462.38,135.95
44462.42,135.95
44462.46,135.95
44462.5,135.95
44462.54,135.95
44462.58,135.95
44462.62,135.95
44462.67,135.95
44462.71,135.95
44462.75,135.95
44462.79,135.95
44462.83,135.95
44462.88,135.95
44462.92,135.95
44462.96,135.95
44463,135.95
44463.04,135.95
44463.08,135.95
44463.12,135.95
44463.17,135.95
44463.21,135.95
44463.25,135.95
44463.29,135.95
44463.33,135.95
44463.38,135.95
44463.42,135.95
44463.46,135.95
44463.5,135.95
44463.54,135.95
44463.58,135.95
44463.62,135.95
44463.67,135.95
44463.71,135.95
44463.75,135.95
44463.79,135.95
44463.83,135.95
44463.88,135.95
44463.92,135.95
44463.96,135.95
44464,135.95
44464.04,135.95
44464.08,135.95
44464.12,135.95
44464.17,135.95
44464.21,135.95
44464.25,135.95
44464.29,135.95
44464.33,135.95
44464.38,135.95
44464.42,135.95
44464.46,135.95
44464.5,135.95
44464.54,135.95
44464.58,135.95
44464.62,135.95
44464.67,135.95
44464.71,135.95
44464.75,135.95
44464.79,135.95
44464.83,135.95
44464.88,135.95
44464.92,135.95
44464.96,135.95
44465,135.95
44465.04,135.95
44465.08,135.95
44465.12,135.95
44465.17,135.95
44465.21,135.95
44465.25,135.95
44465.29,135.95
44465.33,135.95
44465.38,135.95
44465.42,135.95
44465.46,135.95
44465.5,135.95
44465.54,135.95
44465.58,135.95
44465.62,135.95
44465.67,135.95
44465.71,135.95
44465.75,135.95
44465.79,135.95
44465.83,135.95
44465.88,135.95
44465.92,135.95
44465.96,135.95
44466,135.95
44466.04,135.95
44466.08,135.95
44466.12,135.95
44466.17,135.95
44466.21,135.95
44466.25,135.95
44466.29,135.95
44466.33,135.95
44466.38,135.95
44466.42,135.95
44466.46,135.95
44466.5,135.95
44466.54,135.95
44466.58,135.95
44466.62,135.95
44466.67,135.95
44466.71,135.95
44466.75,135.95
44466.79,135.95
44466.83,135.95
44466.88,135.95
44466.92,135.95
44466.96,135.95
44467,135.95
44467.04,135.95
44467.08,135.95
44467.12,135.95
44467.17,135.95
44467.21,135.95
44467.25,135.95
44467.29,135.95
44467.33,135.95
44467.38,135.95
44467.42,135.95
44467.46,135.95
44467.5,135.95
44467.54,135.95
44467.58,135.95
44467.62,135.95
44467.67,135.95
44467.71,135.95
44467.75,135.95
44467.79,135.95
44467.83,135.95
44467.88,135.95
44467.92,135.95
44467.96,135.95
44468,135.95
44468.04,135.95
44468.08,135.95
44468.12,135.95
44468.17,135.95
44468.21,135.95
44468.25,135.95
44468.29,135.95
44468.33,135.95
44468.38,135.95
44468.42,135.95
44468.46,135.95
44468.5,135.95
44468.54,135.95
44468.58,135.95
44468.62,135.95
44468.67,135.95
44468.71,135.95
44468.75,135.95
44468.79,135.95
44468.83,135.95
44468.88,135.95
44468.92,135.95
44468.96,135.95
44469,135.95
44469.04,135.95
44469.08,135.95
44469.12,135.95
44469.17,135.95
44469.21,135.95
44469.25,135.95
44469.29,135.95
44469.33,135.95
44469.38,135.95
44469.42,135.95
44469.46,135.95
44469.5,135.95
44469.54,135.95
44469.58,135.95
44469.62,135.95
44469.67,135.95
44469.71,135.95
44469.75,135.95
44469.79,135.95
44469.83,135.95
44469.88,135.95
44469.92,135.95
44469.96,135.95
44470,123.37
44470.04,123.37
44470.08,123.37
44470.12,123.37
44470.17,123.37
44470.21,123.37
44470.25,123.37
44470.29,123.37
44470.33,123.37
44470.38,123.37
44470.42,123.37
44470.46,123.37
44470.5,123.37
44470.54,123.37
44470.58,123.37
44470.62,123.37
44470.67,123.37
44470.71,123.37
44470.75,123.37
44470.79,123.37
44470.83,123.37
44470.88,123.37
44470.92,123.37
44470.96,123.37
44471,123.37
44471.04,123.37
44471.08,123.37
44471.12,123.37
44471.17,123.37
44471.21,123.37
44471.25,123.37
44471.29,123.37
44471.33,123.37
44471.38,123.37
44471.42,123.37
44471.46,123.37
44471.5,123.37
44471.54,123.37
44471.58,123.37
44471.62,123.37
44471.67,123.37
44471.71,123.37
44471.75,123.37
44471.79,123.37
44471.83,123.37
44471.88,123.37
44471.92,123.37
44471.96,123.37
44472,123.37
44472.04,123.37
44472.08,123.37
44472.12,123.37
44472.17,123.37
44472.21,123.37
44472.25,123.37
44472.29,123.37
44472.33,123.37
44472.38,123.37
44472.42,123.37
44472.46,123.37
44472.5,123.37
44472.54,123.37
44472.58,123.37
44472.62,123.37
44472.67,123.37
44472.71,123.37
44472.75,123.37
44472.79,123.37
44472.83,123.37
44472.88,123.37
44472.92,123.37
44472.96,123.37
44473,123.37
44473.04,123.37
44473.08,123.37
44473.12,123.37
44473.17,123.37
44473.21,123.37
44473.25,123.37
44473.29,123.37
44473.33,123.37
44473.38,123.37
44473.42,123.37
44473.46,123.37
44473.5,123.37
44473.54,123.37
44473.58,123.37
44473.62,123.37
44473.67,123.37
44473.71,123.37
44473.75,123.37
44473.79,123.37
44473.83,123.37
44473.88,123.37
44473.92,123.37
44473.96,123.37
44474,123.37
44474.04,123.37
44474.08,123.37
44474.12,123.37
44474.17,123.37
44474.21,123.37
44474.25,123.37
44474.29,123.37
44474.33,123.37
44474.38,123.37
44474.42,123.37
44474.46,123.37
44474.5,123.37
44474.54,123.37
44474.58,123.37
44474.62,123.37
44474.67,123.37
44474.71,123.37
44474.75,123.37
44474.79,123.37
44474.83,123.37
44474.88,123.37
44474.92,123.37
44474.96,123.37
44475,123.37
44475.04,123.37
44475.08,123.37
44475.12,123.37
44475.17,123.37
44475.21,123.37
44475.25,123.37
44475.29,123.37
44475.33,123.37
44475.38,123.37
44475.42,123.37
44475.46,123.37
44475.5,123.37
44475.54,123.37
44475.58,123.37
44475.62,123.37
44475.67,123.37
44475.71,123.37
44475.75,123.37
44475.79,123.37
44475.83,123.37
44475.88,123.37
44475.92,123.37
44475.96,123.37
44476,123.37
44476.04,123.37
44476.08,123.37
44476.12,123.37
44476.17,123.37
44476.21,123.37
44476.25,123.37
44476.29,123.37
44476.33,123.37
44476.38,123.37
44476.42,123.37
44476.46,123.37
44476.5,123.37
44476.54,123.37
44476.58,123.37
44476.62,123.37
44476.67,123.37
44476.71,123.37
44476.75,123.37
44476.79,123.37
44476.83,123.37
44476.88,123.37
44476.92,123.37
44476.96,123.37
44477,123.37
44477.04,123.37
44477.08,123.37
44477.12,123.37
44477.17,123.37
44477.21,123.37
44477.25,123.37
44477.29,123.37
44477.33,123.37
44477.38,123.37
44477.42,123.37
44477.46,123.37
44477.5,123.37
44477.54,123.37
44477.58,123.37
44477.62,123.37
44477.67,123.37
44477.71,123.37
44477.75,123.37
44477.79,123.37
44477.83,123.37
44477.88,123.37
44477.92,123.37
44477.96,123.37
44478,123.37
44478.04,123.37
44478.08,123.37
44478.12,123.37
44478.17,123.37
44478.21,123.37
44478.25,123.37
44478.29,123.37
44478.33,123.37
44478.38,123.37
44478.42,123.37
44478.46,123.37
44478.5,123.37
44478.54,123.37
44478.58,123.37
44478.62,123.37
44478.67,123.37
44478.71,123.37
44478.75,123.37
44478.79,123.37
44478.83,123.37
44478.88,123.37
44478.92,123.37
44478.96,123.37
44479,123.37
44479.04,123.37
44479.08,123.37
44479.12,123.37
44479.17,123.37
44479.21,123.37
44479.25,123.37
44479.29,123.37
44479.33,123.37
44479.38,123.37
44479.42,123.37
44479.46,123.37
44479.5,123.37
44479.54,123.37
44479.58,123.37
44479.62,123.37
44479.67,123.37
44479.71,123.37
44479.75,123.37
44479.79,123.37
44479.83,123.37
44479.88,123.37
44479.92,123.37
44479.96,123.37
44480,123.37
44480.04,123.37
44480.08,123.37
44480.12,123.37
44480.17,123.37
44480.21,123.37
44480.25,123.37
44480.29,123.37
44480.33,123.37
44480.38,123.37
44480.42,123.37
44480.46,123.37
44480.5,123.37
44480.54,123.37
44480.58,123.37
44480.62,123.37
44480.67,123.37
44480.71,123.37
44480.75,123.37
44480.79,123.37
44480.83,123.37
44480.88,123.37
44480.92,123.37
44480.96,123.37
44481,123.37
44481.04,123.37
44481.08,123.37
44481.12,123.37
44481.17,123.37
44481.21,123.37
44481.25,123.37
44481.29,123.37
44481.33,123.37
44481.38,123.37
44481.42,123.37
44481.46,123.37
44481.5,123.37
44481.54,123.37
44481.58,123.37
44481.62,123.37
44481.67,123.37
44481.71,123.37
44481.75,123.37
44481.79,123.37
44481.83,123.37
44481.88,123.37
44481.92,123.37
44481.96,123.37
44482,123.37
44482.04,123.37
44482.08,123.37
44482.12,123.37
44482.17,123.37
44482.21,123.37
44482.25,123.37
44482.29,123.37
44482.33,123.37
44482.38,123.37
44482.42,123.37
44482.46,123.37
44482.5,123.37
44482.54,123.37
44482.58,123.37
44482.62,123.37
44482.67,123.37
44482.71,123.37
44482.75,123.37
44482.79,123.37
44482.83,123.37
44482.88,123.37
44482.92,123.37
44482.96,123.37
44483,123.37
44483.04,123.37
44483.08,123.37
44483.12,123.37
44483.17,123.37
44483.21,123.37
44483.25,123.37
44483.29,123.37
44483.33,123.37
44483.38,123.37
44483.42,123.37
44483.46,123.37
44483.5,123.37
44483.54,123.37
44483.58,123.37
44483.62,123.37
44483.67,123.37
44483.71,123.37
44483.75,123.37
44483.79,123.37
44483.83,123.37
44483.88,123.37
44483.92,123.37
44483.96,123.37
44484,123.37
44484.04,123.37
44484.08,123.37
44484.12,123.37
44484.17,123.37
44484.21,123.37
44484.25,123.37
44484.29,123.37
44484.33,123.37
44484.38,123.37
44484.42,123.37
44484.46,123.37
44484.5,123.37
44484.54,123.37
44484.58,123.37
44484.62,123.37
44484.67,123.37
44484.71,123.37
44484.75,123.37
44484.79,123.37
44484.83,123.37
44484.88,123.37
44484.92,123.37
44484.96,123.37
44485,123.37
44485.04,123.37
44485.08,123.37
44485.12,123.37
44485.17,123.37
44485.21,123.37
44485.25,123.37
44485.29,123.37
44485.33,123.37
44485.38,123.37
44485.42,123.37
44485.46,123.37
44485.5,123.37
44485.54,123.37
44485.58,123.37
44485.62,123.37
44485.67,123.37
44485.71,123.37
44485.75,123.37
44485.79,123.37
44485.83,123.37
44485.88,123.37
44485.92,123.37
44485.96,123.37
44486,123.37
44486.04,123.37
44486.08,123.37
44486.12,123.37
44486.17,123.37
44486.21,123.37
44486.25,123.37
44486.29,123.37
44486.33,123.37
44486.38,123.37
44486.42,123.37
44486.46,123.37
44486.5,123.37
44486.54,123.37
44486.58,123.37
44486.62,123.37
44486.67,123.37
44486.71,123.37
44486.75,123.37
44486.79,123.37
44486.83,123.37
44486.88,123.37
44486.92,123.37
44486.96,123.37
44487,123.37
44487.04,123.37
44487.08,123.37
44487.12,123.37
44487.17,123.37
44487.21,123.37
44487.25,123.37
44487.29,123.37
44487.33,123.37
44487.38,123.37
44487.42,123.37
44487.46,123.37
44487.5,123.37
44487.54,123.37
44487.58,123.37
44487.62,123.37
44487.67,123.37
44487.71,123.37
44487.75,123.37
44487.79,123.37
44487.83,123.37
44487.88,123.37
44487.92,123.37
44487.96,123.37
44488,123.37
44488.04,123.37
44488.08,123.37
44488.12,123.37
44488.17,123.37
44488.21,123.37
44488.25,123.37
44488.29,123.37
44488.33,123.37
44488.38,123.37
44488.42,123.37
44488.46,123.37
44488.5,123.37
44488.54,123.37
44488.58,123.37
44488.62,123.37
44488.67,123.37
44488.71,123.37
44488.75,123.37
44488.79,123.37
44488.83,123.37
44488.88,123.37
44488.92,123.37
44488.96,123.37
44489,123.37
44489.04,123.37
44489.08,123.37
44489.12,123.37
44489.17,123.37
44489.21,123.37
44489.25,123.37
44489.29,123.37
44489.33,123.37
44489.38,123.37
44489.42,123.37
44489.46,123.37
44489.5,123.37
44489.54,123.37
44489.58,123.37
44489.62,123.37
44489.67,123.37
44489.71,123.37
44489.75,123.37
44489.79,123.37
44489.83,123.37
44489.88,123.37
44489.92,123.37
44489.96,123.37
44490,123.37
44490.04,123.37
44490.08,123.37
44490.12,123.37
44490.17,123.37
44490.21,123.37
44490.25,123.37
44490.29,123.37
44490.33,123.37
44490.38,123.37
44490.42,123.37
44490.46,123.37
44490.5,123.37
44490.54,123.37
44490.58,123.37
44490.62,123.37
44490.67,123.37
44490.71,123.37
44490.75,123.37
44490.79,123.37
44490.83,123.37
44490.88,123.37
44490.92,123.37
44490.96,123.37
44491,123.37
44491.04,123.37
44491.08,123.37
44491.12,123.37
44491.17,123.37
44491.21,123.37
44491.25,123.37
44491.29,123.37
44491.33,123.37
44491.38,123.37
44491.42,123.37
44491.46,123.37
44491.5,123.37
44491.54,123.37
44491.58,123.37
44491.62,123.37
44491.67,123.37
44491.71,123.37
44491.75,123.37
44491.79,123.37
44491.83,123.37
44491.88,123.37
44491.92,123.37
44491.96,123.37
44492,123.37
44492.04,123.37
44492.08,123.37
44492.12,123.37
44492.17,123.37
44492.21,123.37
44492.25,123.37
44492.29,123.37
44492.33,123.37
44492.38,123.37
44492.42,123.37
44492.46,123.37
44492.5,123.37
44492.54,123.37
44492.58,123.37
44492.62,123.37
44492.67,123.37
44492.71,123.37
44492.75,123.37
44492.79,123.37
44492.83,123.37
44492.88,123.37
44492.92,123.37
44492.96,123.37
44493,123.37
44493.04,123.37
44493.08,123.37
44493.12,123.37
44493.17,123.37
44493.21,123.37
44493.25,123.37
44493.29,123.37
44493.33,123.37
44493.38,123.37
44493.42,123.37
44493.46,123.37
44493.5,123.37
44493.54,123.37
44493.58,123.37
44493.62,123.37
44493.67,123.37
44493.71,123.37
44493.75,123.37
44493.79,123.37
44493.83,123.37
44493.88,123.37
44493.92,123.37
44493.96,123.37
44494,123.37
44494.04,123.37
44494.08,123.37
44494.12,123.37
44494.17,123.37
44494.21,123.37
44494.25,123.37
44494.29,123.37
44494.33,123.37
44494.38,123.37
44494.42,123.37
44494.46,123.37
44494.5,123.37
44494.54,123.37
44494.58,123.37
44494.62,123.37
44494.67,123.37
44494.71,123.37
44494.75,123.37
44494.79,123.37
44494.83,123.37
44494.88,123.37
44494.92,123.37
44494.96,123.37
44495,123.37
44495.04,123.37
44495.08,123.37
44495.12,123.37
44495.17,123.37
44495.21,123.37
44495.25,123.37
44495.29,123.37
44495.33,123.37
44495.38,123.37
44495.42,123.37
44495.46,123.37
44495.5,123.37
44495.54,123.37
44495.58,123.37
44495.62,123.37
44495.67,123.37
44495.71,123.37
44495.75,123.37
44495.79,123.37
44495.83,123.37
44495.88,123.37
44495.92,123.37
44495.96,123.37
44496,123.37
44496.04,123.37
44496.08,123.37
44496.12,123.37
44496.17,123.37
44496.21,123.37
44496.25,123.37
44496.29,123.37
44496.33,123.37
44496.38,123.37
44496.42,123.37
44496.46,123.37
44496.5,123.37
44496.54,123.37
44496.58,123.37
44496.62,123.37
44496.67,123.37
44496.71,123.37
44496.75,123.37
44496.79,123.37
44496.83,123.37
44496.88,123.37
44496.92,123.37
44496.96,123.37
44497,123.37
44497.04,123.37
44497.08,123.37
44497.12,123.37
44497.17,123.37
44497.21,123.37
44497.25,123.37
44497.29,123.37
44497.33,123.37
44497.38,123.37
44497.42,123.37
44497.46,123.37
44497.5,123.37
44497.54,123.37
44497.58,123.37
44497.62,123.37
44497.67,123.37
44497.71,123.37
44497.75,123.37
44497.79,123.37
44497.83,123.37
44497.88,123.37
44497.92,123.37
44497.96,123.37
44498,123.37
44498.04,123.37
44498.08,123.37
44498.12,123.37
44498.17,123.37
44498.21,123.37
44498.25,123.37
44498.29,123.37
44498.33,123.37
44498.38,123.37
44498.42,123.37
44498.46,123.37
44498.5,123.37
44498.54,123.37
44498.58,123.37
44498.62,123.37
44498.67,123.37
44498.71,123.37
44498.75,123.37
44498.79,123.37
44498.83,123.37
44498.88,123.37
44498.92,123.37
44498.96,123.37
44499,123.37
44499.04,123.37
44499.08,123.37
44499.12,123.37
44499.17,123.37
44499.21,123.37
44499.25,123.37
44499.29,123.37
44499.33,123.37
44499.38,123.37
44499.42,123.37
44499.46,123.37
44499.5,123.37
44499.54,123.37
44499.58,123.37
44499.62,123.37
44499.67,123.37
44499.71,123.37
44499.75,123.37
44499.79,123.37
44499.83,123.37
44499.88,123.37
44499.92,123.37
44499.96,123.37
44500,123.37
44500.04,123.37
44500.08,123.37
44500.12,123.37
44500.17,123.37
44500.21,123.37
44500.25,123.37
44500.29,123.37
44500.33,123.37
44500.38,123.37
44500.42,123.37
44500.46,123.37
44500.5,123.37
44500.54,123.37
44500.58,123.37
44500.62,123.37
44500.67,123.37
44500.71,123.37
44500.75,123.37
44500.79,123.37
44500.83,123.37
44500.88,123.37
44500.92,123.37
44500.96,123.37
44501,54.22
44501.04,54.22
44501.08,54.22
44501.12,54.22
44501.17,54.22
44501.21,54.22
44501.25,54.22
44501.29,54.22
44501.33,54.22
44501.38,54.22
44501.42,54.22
44501.46,54.22
44501.5,54.22
44501.54,54.22
44501.58,54.22
44501.62,54.22
44501.67,54.22
44501.71,54.22
44501.75,54.22
44501.79,54.22
44501.83,54.22
44501.88,54.22
44501.92,54.22
44501.96,54.22
44502,54.22
44502.04,54.22
44502.08,54.22
44502.12,54.22
44502.17,54.22
44502.21,54.22
44502.25,54.22
44502.29,54.22
44502.33,54.22
44502.38,54.22
44502.42,54.22
44502.46,54.22
44502.5,54.22
44502.54,54.22
44502.58,54.22
44502.62,54.22
44502.67,54.22
44502.71,54.22
44502.75,54.22
44502.79,54.22
44502.83,54.22
44502.88,54.22
44502.92,54.22
44502.96,54.22
44503,54.22
44503.04,54.22
44503.08,54.22
44503.12,54.22
44503.17,54.22
44503.21,54.22
44503.25,54.22
44503.29,54.22
44503.33,54.22
44503.38,54.22
44503.42,54.22
44503.46,54.22
44503.5,54.22
44503.54,54.22
44503.58,54.22
44503.62,54.22
44503.67,54.22
44503.71,54.22
44503.75,54.22
44503.79,54.22
44503.83,54.22
44503.88,54.22
44503.92,54.22
44503.96,54.22
44504,54.22
44504.04,54.22
44504.08,54.22
44504.12,54.22
44504.17,54.22
44504.21,54.22
44504.25,54.22
44504.29,54.22
44504.33,54.22
44504.38,54.22
44504.42,54.22
44504.46,54.22
44504.5,54.22
44504.54,54.22
44504.58,54.22
44504.62,54.22
44504.67,54.22
44504.71,54.22
44504.75,54.22
44504.79,54.22
44504.83,54.22
44504.88,54.22
44504.92,54.22
44504.96,54.22
44505,54.22
44505.04,54.22
44505.08,54.22
44505.12,54.22
44505.17,54.22
44505.21,54.22
44505.25,54.22
44505.29,54.22
44505.33,54.22
44505.38,54.22
44505.42,54.22
44505.46,54.22
44505.5,54.22
44505.54,54.22
44505.58,54.22
44505.62,54.22
44505.67,54.22
44505.71,54.22
44505.75,54.22
44505.79,54.22
44505.83,54.22
44505.88,54.22
44505.92,54.22
44505.96,54.22
44506,54.22
44506.04,54.22
44506.08,54.22
44506.12,54.22
44506.17,54.22
44506.21,54.22
44506.25,54.22
44506.29,54.22
44506.33,54.22
44506.38,54.22
44506.42,54.22
44506.46,54.22
44506.5,54.22
44506.54,54.22
44506.58,54.22
44506.62,54.22
44506.67,54.22
44506.71,54.22
44506.75,54.22
44506.79,54.22
44506.83,54.22
44506.88,54.22
44506.92,54.22
44506.96,54.22
44507,54.22
44507.04,54.22
44507.08,54.22
44507.12,54.22
44507.17,54.22
44507.21,54.22
44507.25,54.22
44507.29,54.22
44507.33,54.22
44507.38,54.22
44507.42,54.22
44507.46,54.22
44507.5,54.22
44507.54,54.22
44507.58,54.22
44507.62,54.22
44507.67,54.22
44507.71,54.22
44507.75,54.22
44507.79,54.22
44507.83,54.22
44507.88,54.22
44507.92,54.22
44507.96,54.22
44508,54.22
44508.04,54.22
44508.08,54.22
44508.12,54.22
44508.17,54.22
44508.21,54.22
44508.25,54.22
44508.29,54.22
44508.33,54.22
44508.38,54.22
44508.42,54.22
44508.46,54.22
44508.5,54.22
44508.54,54.22
44508.58,54.22
44508.62,54.22
44508.67,54.22
44508.71,54.22
44508.75,54.22
44508.79,54.22
44508.83,54.22
44508.88,54.22
44508.92,54.22
44508.96,54.22
44509,54.22
44509.04,54.22
44509.08,54.22
44509.12,54.22
44509.17,54.22
44509.21,54.22
44509.25,54.22
44509.29,54.22
44509.33,54.22
44509.38,54.22
44509.42,54.22
44509.46,54.22
44509.5,54.22
44509.54,54.22
44509.58,54.22
44509.62,54.22
44509.67,54.22
44509.71,54.22
44509.75,54.22
44509.79,54.22
44509.83,54.22
44509.88,54.22
44509.92,54.22
44509.96,54.22
44510,54.22
44510.04,54.22
44510.08,54.22
44510.12,54.22
44510.17,54.22
44510.21,54.22
44510.25,54.22
44510.29,54.22
44510.33,54.22
44510.38,54.22
44510.42,54.22
44510.46,54.22
44510.5,54.22
44510.54,54.22
44510.58,54.22
44510.62,54.22
44510.67,54.22
44510.71,54.22
44510.75,54.22
44510.79,54.22
44510.83,54.22
44510.88,54.22
44510.92,54.22
44510.96,54.22
44511,54.22
44511.04,54.22
44511.08,54.22
44511.12,54.22
44511.17,54.22
44511.21,54.22
44511.25,54.22
44511.29,54.22
44511.33,54.22
44511.38,54.22
44511.42,54.22
44511.46,54.22
44511.5,54.22
44511.54,54.22
44511.58,54.22
44511.62,54.22
44511.67,54.22
44511.71,54.22
44511.75,54.22
44511.79,54.22
44511.83,54.22
44511.88,54.22
44511.92,54.22
44511.96,54.22
44512,54.22
44512.04,54.22
44512.08,54.22
44512.12,54.22
44512.17,54.22
44512.21,54.22
44512.25,54.22
44512.29,54.22
44512.33,54.22
44512.38,54.22
44512.42,54.22
44512.46,54.22
44512.5,54.22
44512.54,54.22
44512.58,54.22
44512.62,54.22
44512.67,54.22
44512.71,54.22
44512.75,54.22
44512.79,54.22
44512.83,54.22
44512.88,54.22
44512.92,54.22
44512.96,54.22
44513,54.22
44513.04,54.22
44513.08,54.22
44513.12,54.22
44513.17,54.22
44513.21,54.22
44513.25,54.22
44513.29,54.22
44513.33,54.22
44513.38,54.22
44513.42,54.22
44513.46,54.22
44513.5,54.22
44513.54,54.22
44513.58,54.22
44513.62,54.22
44513.67,54.22
44513.71,54.22
44513.75,54.22
44513.79,54.22
44513.83,54.22
44513.88,54.22
44513.92,54.22
44513.96,54.22
44514,54.22
44514.04,54.22
44514.08,54.22
44514.12,54.22
44514.17,54.22
44514.21,54.22
44514.25,54.22
44514.29,54.22
44514.33,54.22
44514.38,54.22
44514.42,54.22
44514.46,54.22
44514.5,54.22
44514.54,54.22
44514.58,54.22
44514.62,54.22
44514.67,54.22
44514.71,54.22
44514.75,54.22
44514.79,54.22
44514.83,54.22
44514.88,54.22
44514.92,54.22
44514.96,54.22
44515,54.22
44515.04,54.22
44515.08,54.22
44515.12,54.22
44515.17,54.22
44515.21,54.22
44515.25,54.22
44515.29,54.22
44515.33,54.22
44515.38,54.22
44515.42,54.22
44515.46,54.22
44515.5,54.22
44515.54,54.22
44515.58,54.22
44515.62,54.22
44515.67,54.22
44515.71,54.22
44515.75,54.22
44515.79,54.22
44515.83,54.22
44515.88,54.22
44515.92,54.22
44515.96,54.22
44516,54.22
44516.04,54.22
44516.08,54.22
44516.12,54.22
44516.17,54.22
44516.21,54.22
44516.25,54.22
44516.29,54.22
44516.33,54.22
44516.38,54.22
44516.42,54.22
44516.46,54.22
44516.5,54.22
44516.54,54.22
44516.58,54.22
44516.62,54.22
44516.67,54.22
44516.71,54.22
44516.75,54.22
44516.79,54.22
44516.83,54.22
44516.88,54.22
44516.92,54.22
44516.96,54.22
44517,54.22
44517.04,54.22
44517.08,54.22
44517.12,54.22
44517.17,54.22
44517.21,54.22
44517.25,54.22
44517.29,54.22
44517.33,54.22
44517.38,54.22
44517.42,54.22
44517.46,54.22
44517.5,54.22
44517.54,54.22
44517.58,54.22
44517.62,54.22
44517.67,54.22
44517.71,54.22
44517.75,54.22
44517.79,54.22
44517.83,54.22
44517.88,54.22
44517.92,54.22
44517.96,54.22
44518,54.22
44518.04,54.22
44518.08,54.22
44518.12,54.22
44518.17,54.22
44518.21,54.22
44518.25,54.22
44518.29,54.22
44518.33,54.22
44518.38,54.22
44518.42,54.22
44518.46,54.22
44518.5,54.22
44518.54,54.22
44518.58,54.22
44518.62,54.22
44518.67,54.22
44518.71,54.22
44518.75,54.22
44518.79,54.22
44518.83,54.22
44518.88,54.22
44518.92,54.22
44518.96,54.22
44519,54.22
44519.04,54.22
44519.08,54.22
44519.12,54.22
44519.17,54.22
44519.21,54.22
44519.25,54.22
44519.29,54.22
44519.33,54.22
44519.38,54.22
44519.42,54.22
44519.46,54.22
44519.5,54.22
44519.54,54.22
44519.58,54.22
44519.62,54.22
44519.67,54.22
44519.71,54.22
44519.75,54.22
44519.79,54.22
44519.83,54.22
44519.88,54.22
44519.92,54.22
44519.96,54.22
44520,54.22
44520.04,54.22
44520.08,54.22
44520.12,54.22
44520.17,54.22
44520.21,54.22
44520.25,54.22
44520.29,54.22
44520.33,54.22
44520.38,54.22
44520.42,54.22
44520.46,54.22
44520.5,54.22
44520.54,54.22
44520.58,54.22
44520.62,54.22
44520.67,54.22
44520.71,54.22
44520.75,54.22
44520.79,54.22
44520.83,54.22
44520.88,54.22
44520.92,54.22
44520.96,54.22
44521,54.22
44521.04,54.22
44521.08,54.22
44521.12,54.22
44521.17,54.22
44521.21,54.22
44521.25,54.22
44521.29,54.22
44521.33,54.22
44521.38,54.22
44521.42,54.22
44521.46,54.22
44521.5,54.22
44521.54,54.22
44521.58,54.22
44521.62,54.22
44521.67,54.22
44521.71,54.22
44521.75,54.22
44521.79,54.22
44521.83,54.22
44521.88,54.22
44521.92,54.22
44521.96,54.22
44522,54.22
44522.04,54.22
44522.08,54.22
44522.12,54.22
44522.17,54.22
44522.21,54.22
44522.25,54.22
44522.29,54.22
44522.33,54.22
44522.38,54.22
44522.42,54.22
44522.46,54.22
44522.5,54.22
44522.54,54.22
44522.58,54.22
44522.62,54.22
44522.67,54.22
44522.71,54.22
44522.75,54.22
44522.79,54.22
44522.83,54.22
44522.88,54.22
44522.92,54.22
44522.96,54.22
44523,54.22
44523.04,54.22
44523.08,54.22
44523.12,54.22
44523.17,54.22
44523.21,54.22
44523.25,54.22
44523.29,54.22
44523.33,54.22
44523.38,54.22
44523.42,54.22
44523.46,54.22
44523.5,54.22
44523.54,54.22
44523.58,54.22
44523.62,54.22
44523.67,54.22
44523.71,54.22
44523.75,54.22
44523.79,54.22
44523.83,54.22
44523.88,54.22
44523.92,54.22
44523.96,54.22
44524,54.22
44524.04,54.22
44524.08,54.22
44524.12,54.22
44524.17,54.22
44524.21,54.22
44524.25,54.22
44524.29,54.22
44524.33,54.22
44524.38,54.22
44524.42,54.22
44524.46,54.22
44524.5,54.22
44524.54,54.22
44524.58,54.22
44524.62,54.22
44524.67,54.22
44524.71,54.22
44524.75,54.22
44524.79,54.22
44524.83,54.22
44524.88,54.22
44524.92,54.22
44524.96,54.22
44525,54.22
44525.04,54.22
44525.08,54.22
44525.12,54.22
44525.17,54.22
44525.21,54.22
44525.25,54.22
44525.29,54.22
44525.33,54.22
44525.38,54.22
44525.42,54.22
44525.46,54.22
44525.5,54.22
44525.54,54.22
44525.58,54.22
44525.62,54.22
44525.67,54.22
44525.71,54.22
44525.75,54.22
44525.79,54.22
44525.83,54.22
44525.88,54.22
44525.92,54.22
44525.96,54.22
44526,54.22
44526.04,54.22
44526.08,54.22
44526.12,54.22
44526.17,54.22
44526.21,54.22
44526.25,54.22
44526.29,54.22
44526.33,54.22
44526.38,54.22
44526.42,54.22
44526.46,54.22
44526.5,54.22
44526.54,54.22
44526.58,54.22
44526.62,54.22
44526.67,54.22
44526.71,54.22
44526.75,54.22
44526.79,54.22
44526.83,54.22
44526.88,54.22
44526.92,54.22
44526.96,54.22
44527,54.22
44527.04,54.22
44527.08,54.22
44527.12,54.22
44527.17,54.22
44527.21,54.22
44527.25,54.22
44527.29,54.22
44527.33,54.22
44527.38,54.22
44527.42,54.22
44527.46,54.22
44527.5,54.22
44527.54,54.22
44527.58,54.22
44527.62,54.22
44527.67,54.22
44527.71,54.22
44527.75,54.22
44527.79,54.22
44527.83,54.22
44527.88,54.22
44527.92,54.22
44527.96,54.22
44528,54.22
44528.04,54.22
44528.08,54.22
44528.12,54.22
44528.17,54.22
44528.21,54.22
44528.25,54.22
44528.29,54.22
44528.33,54.22
44528.38,54.22
44528.42,54.22
44528.46,54.22
44528.5,54.22
44528.54,54.22
44528.58,54.22
44528.62,54.22
44528.67,54.22
44528.71,54.22
44528.75,54.22
44528.79,54.22
44528.83,54.22
44528.88,54.22
44528.92,54.22
44528.96,54.22
44529,54.22
44529.04,54.22
44529.08,54.22
44529.12,54.22
44529.17,54.22
44529.21,54.22
44529.25,54.22
44529.29,54.22
44529.33,54.22
44529.38,54.22
44529.42,54.22
44529.46,54.22
44529.5,54.22
44529.54,54.22
44529.58,54.22
44529.62,54.22
44529.67,54.22
44529.71,54.22
44529.75,54.22
44529.79,54.22
44529.83,54.22
44529.88,54.22
44529.92,54.22
44529.96,54.22
44530,54.22
44530.04,54.22
44530.08,54.22
44530.12,54.22
44530.17,54.22
44530.21,54.22
44530.25,54.22
44530.29,54.22
44530.33,54.22
44530.38,54.22
44530.42,54.22
44530.46,54.22
44530.5,54.22
44530.54,54.22
44530.58,54.22
44530.62,54.22
44530.67,54.22
44530.71,54.22
44530.75,54.22
44530.79,54.22
44530.83,54.22
44530.88,54.22
44530.92,54.22
44530.96,54.22
44531,31.43
44531.04,31.43
44531.08,31.43
44531.12,31.43
44531.17,31.43
44531.21,31.43
44531.25,31.43
44531.29,31.43
44531.33,31.43
44531.38,31.43
44531.42,31.43
44531.46,31.43
44531.5,31.43
44531.54,31.43
44531.58,31.43
44531.62,31.43
44531.67,31.43
44531.71,31.43
44531.75,31.43
44531.79,31.43
44531.83,31.43
44531.88,31.43
44531.92,31.43
44531.96,31.43
44532,31.43
44532.04,31.43
44532.08,31.43
44532.12,31.43
44532.17,31.43
44532.21,31.43
44532.25,31.43
44532.29,31.43
44532.33,31.43
44532.38,31.43
44532.42,31.43
44532.46,31.43
44532.5,31.43
44532.54,31.43
44532.58,31.43
44532.62,31.43
44532.67,31.43
44532.71,31.43
44532.75,31.43
44532.79,31.43
44532.83,31.43
44532.88,31.43
44532.92,31.43
44532.96,31.43
44533,31.43
44533.04,31.43
44533.08,31.43
44533.12,31.43
44533.17,31.43
44533.21,31.43
44533.25,31.43
44533.29,31.43
44533.33,31.43
44533.38,31.43
44533.42,31.43
44533.46,31.43
44533.5,31.43
44533.54,31.43
44533.58,31.43
44533.62,31.43
44533.67,31.43
44533.71,31.43
44533.75,31.43
44533.79,31.43
44533.83,31.43
44533.88,31.43
44533.92,31.43
44533.96,31.43
44534,31.43
44534.04,31.43
44534.08,31.43
44534.12,31.43
44534.17,31.43
44534.21,31.43
44534.25,31.43
44534.29,31.43
44534.33,31.43
44534.38,31.43
44534.42,31.43
44534.46,31.43
44534.5,31.43
44534.54,31.43
44534.58,31.43
44534.62,31.43
44534.67,31.43
44534.71,31.43
44534.75,31.43
44534.79,31.43
44534.83,31.43
44534.88,31.43
44534.92,31.43
44534.96,31.43
44535,31.43
44535.04,31.43
44535.08,31.43
44535.12,31.43
44535.17,31.43
44535.21,31.43
44535.25,31.43
44535.29,31.43
44535.33,31.43
44535.38,31.43
44535.42,31.43
44535.46,31.43
44535.5,31.43
44535.54,31.43
44535.58,31.43
44535.62,31.43
44535.67,31.43
44535.71,31.43
44535.75,31.43
44535.79,31.43
44535.83,31.43
44535.88,31.43
44535.92,31.43
44535.96,31.43
44536,31.43
44536.04,31.43
44536.08,31.43
44536.12,31.43
44536.17,31.43
44536.21,31.43
44536.25,31.43
44536.29,31.43
44536.33,31.43
44536.38,31.43
44536.42,31.43
44536.46,31.43
44536.5,31.43
44536.54,31.43
44536.58,31.43
44536.62,31.43
44536.67,31.43
44536.71,31.43
44536.75,31.43
44536.79,31.43
44536.83,31.43
44536.88,31.43
44536.92,31.43
44536.96,31.43
44537,31.43
44537.04,31.43
44537.08,31.43
44537.12,31.43
44537.17,31.43
44537.21,31.43
44537.25,31.43
44537.29,31.43
44537.33,31.43
44537.38,31.43
44537.42,31.43
44537.46,31.43
44537.5,31.43
44537.54,31.43
44537.58,31.43
44537.62,31.43
44537.67,31.43
44537.71,31.43
44537.75,31.43
44537.79,31.43
44537.83,31.43
44537.88,31.43
44537.92,31.43
44537.96,31.43
44538,31.43
44538.04,31.43
44538.08,31.43
44538.12,31.43
44538.17,31.43
44538.21,31.43
44538.25,31.43
44538.29,31.43
44538.33,31.43
44538.38,31.43
44538.42,31.43
44538.46,31.43
44538.5,31.43
44538.54,31.43
44538.58,31.43
44538.62,31.43
44538.67,31.43
44538.71,31.43
44538.75,31.43
44538.79,31.43
44538.83,31.43
44538.88,31.43
44538.92,31.43
44538.96,31.43
44539,31.43
44539.04,31.43
44539.08,31.43
44539.12,31.43
44539.17,31.43
44539.21,31.43
44539.25,31.43
44539.29,31.43
44539.33,31.43
44539.38,31.43
44539.42,31.43
44539.46,31.43
44539.5,31.43
44539.54,31.43
44539.58,31.43
44539.62,31.43
44539.67,31.43
44539.71,31.43
44539.75,31.43
44539.79,31.43
44539.83,31.43
44539.88,31.43
44539.92,31.43
44539.96,31.43
44540,31.43
44540.04,31.43
44540.08,31.43
44540.12,31.43
44540.17,31.43
44540.21,31.43
44540.25,31.43
44540.29,31.43
44540.33,31.43
44540.38,31.43
44540.42,31.43
44540.46,31.43
44540.5,31.43
44540.54,31.43
44540.58,31.43
44540.62,31.43
44540.67,31.43
44540.71,31.43
44540.75,31.43
44540.79,31.43
44540.83,31.43
44540.88,31.43
44540.92,31.43
44540.96,31.43
44541,31.43
44541.04,31.43
44541.08,31.43
44541.12,31.43
44541.17,31.43
44541.21,31.43
44541.25,31.43
44541.29,31.43
44541.33,31.43
44541.38,31.43
44541.42,31.43
44541.46,31.43
44541.5,31.43
44541.54,31.43
44541.58,31.43
44541.62,31.43
44541.67,31.43
44541.71,31.43
44541.75,31.43
44541.79,31.43
44541.83,31.43
44541.88,31.43
44541.92,31.43
44541.96,31.43
44542,31.43
44542.04,31.43
44542.08,31.43
44542.12,31.43
44542.17,31.43
44542.21,31.43
44542.25,31.43
44542.29,31.43
44542.33,31.43
44542.38,31.43
44542.42,31.43
44542.46,31.43
44542.5,31.43
44542.54,31.43
44542.58,31.43
44542.62,31.43
44542.67,31.43
44542.71,31.43
44542.75,31.43
44542.79,31.43
44542.83,31.43
44542.88,31.43
44542.92,31.43
44542.96,31.43
44543,31.43
44543.04,31.43
44543.08,31.43
44543.12,31.43
44543.17,31.43
44543.21,31.43
44543.25,31.43
44543.29,31.43
44543.33,31.43
44543.38,31.43
44543.42,31.43
44543.46,31.43
44543.5,31.43
44543.54,31.43
44543.58,31.43
44543.62,31.43
44543.67,31.43
44543.71,31.43
44543.75,31.43
44543.79,31.43
44543.83,31.43
44543.88,31.43
44543.92,31.43
44543.96,31.43
44544,31.43
44544.04,31.43
44544.08,31.43
44544.12,31.43
44544.17,31.43
44544.21,31.43
44544.25,31.43
44544.29,31.43
44544.33,31.43
44544.38,31.43
44544.42,31.43
44544.46,31.43
44544.5,31.43
44544.54,31.43
44544.58,31.43
44544.62,31.43
44544.67,31.43
44544.71,31.43
44544.75,31.43
44544.79,31.43
44544.83,31.43
44544.88,31.43
44544.92,31.43
44544.96,31.43
44545,31.43
44545.04,31.43
44545.08,31.43
44545.12,31.43
44545.17,31.43
44545.21,31.43
44545.25,31.43
44545.29,31.43
44545.33,31.43
44545.38,31.43
44545.42,31.43
44545.46,31.43
44545.5,31.43
44545.54,31.43
44545.58,31.43
44545.62,31.43
44545.67,31.43
44545.71,31.43
44545.75,31.43
44545.79,31.43
44545.83,31.43
44545.88,31.43
44545.92,31.43
44545.96,31.43
44546,31.43
44546.04,31.43
44546.08,31.43
44546.12,31.43
44546.17,31.43
44546.21,31.43
44546.25,31.43
44546.29,31.43
44546.33,31.43
44546.38,31.43
44546.42,31.43
44546.46,31.43
44546.5,31.43
44546.54,31.43
44546.58,31.43
44546.62,31.43
44546.67,31.43
44546.71,31.43
44546.75,31.43
44546.79,31.43
44546.83,31.43
44546.88,31.43
44546.92,31.43
44546.96,31.43
44547,31.43
44547.04,31.43
44547.08,31.43
44547.12,31.43
44547.17,31.43
44547.21,31.43
44547.25,31.43
44547.29,31.43
44547.33,31.43
44547.38,31.43
44547.42,31.43
44547.46,31.43
44547.5,31.43
44547.54,31.43
44547.58,31.43
44547.62,31.43
44547.67,31.43
44547.71,31.43
44547.75,31.43
44547.79,31.43
44547.83,31.43
44547.88,31.43
44547.92,31.43
44547.96,31.43
44548,31.43
44548.04,31.43
44548.08,31.43
44548.12,31.43
44548.17,31.43
44548.21,31.43
44548.25,31.43
44548.29,31.43
44548.33,31.43
44548.38,31.43
44548.42,31.43
44548.46,31.43
44548.5,31.43
44548.54,31.43
44548.58,31.43
44548.62,31.43
44548.67,31.43
44548.71,31.43
44548.75,31.43
44548.79,31.43
44548.83,31.43
44548.88,31.43
44548.92,31.43
44548.96,31.43
44549,31.43
44549.04,31.43
44549.08,31.43
44549.12,31.43
44549.17,31.43
44549.21,31.43
44549.25,31.43
44549.29,31.43
44549.33,31.43
44549.38,31.43
44549.42,31.43
44549.46,31.43
44549.5,31.43
44549.54,31.43
44549.58,31.43
44549.62,31.43
44549.67,31.43
44549.71,31.43
44549.75,31.43
44549.79,31.43
44549.83,31.43
44549.88,31.43
44549.92,31.43
44549.96,31.43
44550,31.43
44550.04,31.43
44550.08,31.43
44550.12,31.43
44550.17,31.43
44550.21,31.43
44550.25,31.43
44550.29,31.43
44550.33,31.43
44550.38,31.43
44550.42,31.43
44550.46,31.43
44550.5,31.43
44550.54,31.43
44550.58,31.43
44550.62,31.43
44550.67,31.43
44550.71,31.43
44550.75,31.43
44550.79,31.43
44550.83,31.43
44550.88,31.43
44550.92,31.43
44550.96,31.43
44551,31.43
44551.04,31.43
44551.08,31.43
44551.12,31.43
44551.17,31.43
44551.21,31.43
44551.25,31.43
44551.29,31.43
44551.33,31.43
44551.38,31.43
44551.42,31.43
44551.46,31.43
44551.5,31.43
44551.54,31.43
44551.58,31.43
44551.62,31.43
44551.67,31.43
44551.71,31.43
44551.75,31.43
44551.79,31.43
44551.83,31.43
44551.88,31.43
44551.92,31.43
44551.96,31.43
44552,31.43
44552.04,31.43
44552.08,31.43
44552.12,31.43
44552.17,31.43
44552.21,31.43
44552.25,31.43
44552.29,31.43
44552.33,31.43
44552.38,31.43
44552.42,31.43
44552.46,31.43
44552.5,31.43
44552.54,31.43
44552.58,31.43
44552.62,31.43
44552.67,31.43
44552.71,31.43
44552.75,31.43
44552.79,31.43
44552.83,31.43
44552.88,31.43
44552.92,31.43
44552.96,31.43
44553,31.43
44553.04,31.43
44553.08,31.43
44553.12,31.43
44553.17,31.43
44553.21,31.43
44553.25,31.43
44553.29,31.43
44553.33,31.43
44553.38,31.43
44553.42,31.43
44553.46,31.43
44553.5,31.43
44553.54,31.43
44553.58,31.43
44553.62,31.43
44553.67,31.43
44553.71,31.43
44553.75,31.43
44553.79,31.43
44553.83,31.43
44553.88,31.43
44553.92,31.43
44553.96,31.43
44554,31.43
44554.04,31.43
44554.08,31.43
44554.12,31.43
44554.17,31.43
44554.21,31.43
44554.25,31.43
44554.29,31.43
44554.33,31.43
44554.38,31.43
44554.42,31.43
44554.46,31.43
44554.5,31.43
44554.54,31.43
44554.58,31.43
44554.62,31.43
44554.67,31.43
44554.71,31.43
44554.75,31.43
44554.79,31.43
44554.83,31.43
44554.88,31.43
44554.92,31.43
44554.96,31.43
44555,31.43
44555.04,31.43
44555.08,31.43
44555.12,31.43
44555.17,31.43
44555.21,31.43
44555.25,31.43
44555.29,31.43
44555.33,31.43
44555.38,31.43
44555.42,31.43
44555.46,31.43
44555.5,31.43
44555.54,31.43
44555.58,31.43
44555.62,31.43
44555.67,31.43
44555.71,31.43
44555.75,31.43
44555.79,31.43
44555.83,31.43
44555.88,31.43
44555.92,31.43
44555.96,31.43
44556,31.43
44556.04,31.43
44556.08,31.43
44556.12,31.43
44556.17,31.43
44556.21,31.43
44556.25,31.43
44556.29,31.43
44556.33,31.43
44556.38,31.43
44556.42,31.43
44556.46,31.43
44556.5,31.43
44556.54,31.43
44556.58,31.43
44556.62,31.43
44556.67,31.43
44556.71,31.43
44556.75,31.43
44556.79,31.43
44556.83,31.43
44556.88,31.43
44556.92,31.43
44556.96,31.43
44557,31.43
44557.04,31.43
44557.08,31.43
44557.12,31.43
44557.17,31.43
44557.21,31.43
44557.25,31.43
44557.29,31.43
44557.33,31.43
44557.38,31.43
44557.42,31.43
44557.46,31.43
44557.5,31.43
44557.54,31.43
44557.58,31.43
44557.62,31.43
44557.67,31.43
44557.71,31.43
44557.75,31.43
44557.79,31.43
44557.83,31.43
44557.88,31.43
44557.92,31.43
44557.96,31.43
44558,31.43
44558.04,31.43
44558.08,31.43
44558.12,31.43
44558.17,31.43
44558.21,31.43
44558.25,31.43
44558.29,31.43
44558.33,31.43
44558.38,31.43
44558.42,31.43
44558.46,31.43
44558.5,31.43
44558.54,31.43
44558.58,31.43
44558.62,31.43
44558.67,31.43
44558.71,31.43
44558.75,31.43
44558.79,31.43
44558.83,31.43
44558.88,31.43
44558.92,31.43
44558.96,31.43
44559,31.43
44559.04,31.43
44559.08,31.43
44559.12,31.43
44559.17,31.43
44559.21,31.43
44559.25,31.43
44559.29,31.43
44559.33,31.43
44559.38,31.43
44559.42,31.43
44559.46,31.43
44559.5,31.43
44559.54,31.43
44559.58,31.43
44559.62,31.43
44559.67,31.43
44559.71,31.43
44559.75,31.43
44559.79,31.43
44559.83,31.43
44559.88,31.43
44559.92,31.43
44559.96,31.43
44560,31.43
44560.04,31.43
44560.08,31.43
44560.12,31.43
44560.17,31.43
44560.21,31.43
44560.25,31.43
44560.29,31.43
44560.33,31.43
44560.38,31.43
44560.42,31.43
44560.46,31.43
44560.5,31.43
44560.54,31.43
44560.58,31.43
44560.62,31.43
44560.67,31.43
44560.71,31.43
44560.75,31.43
44560.79,31.43
44560.83,31.43
44560.88,31.43
44560.92,31.43
44560.96,31.43
44561,31.43
44561.04,31.43
44561.08,31.43
44561.12,31.43
44561.17,31.43
44561.21,31.43
44561.25,31.43
44561.29,31.43
44561.33,31.43
44561.38,31.43
44561.42,31.43
44561.46,31.43
44561.5,31.43
44561.54,31.43
44561.58,31.43
44561.62,31.43
44561.67,31.43
44561.71,31.43
44561.75,31.43
44561.79,31.43
44561.83,31.43
44561.88,31.43
44561.92,31.43
44561.96,31.43
44562,14.93
44562.04,14.93
44562.08,14.93
44562.12,14.93
44562.17,14.93
44562.21,14.93
44562.25,14.93
44562.29,14.93
44562.33,14.93
44562.38,14.93
44562.42,14.93
44562.46,14.93
44562.5,14.93
44562.54,14.93
44562.58,14.93
44562.62,14.93
44562.67,14.93
44562.71,14.93
44562.75,14.93
44562.79,14.93
44562.83,14.93
44562.88,14.93
44562.92,14.93
44562.96,14.93
44563,14.93
44563.04,14.93
44563.08,14.93
44563.12,14.93
44563.17,14.93
44563.21,14.93
44563.25,14.93
44563.29,14.93
44563.33,14.93
44563.38,14.93
44563.42,14.93
44563.46,14.93
44563.5,14.93
44563.54,14.93
44563.58,14.93
44563.62,14.93
44563.67,14.93
44563.71,14.93
44563.75,14.93
44563.79,14.93
44563.83,14.93
44563.88,14.93
44563.92,14.93
44563.96,14.93
44564,14.93
44564.04,14.93
44564.08,14.93
44564.12,14.93
44564.17,14.93
44564.21,14.93
44564.25,14.93
44564.29,14.93
44564.33,14.93
44564.38,14.93
44564.42,14.93
44564.46,14.93
44564.5,14.93
44564.54,14.93
44564.58,14.93
44564.62,14.93
44564.67,14.93
44564.71,14.93
44564.75,14.93
44564.79,14.93
44564.83,14.93
44564.88,14.93
44564.92,14.93
44564.96,14.93
44565,14.93
44565.04,14.93
44565.08,14.93
44565.12,14.93
44565.17,14.93
44565.21,14.93
44565.25,14.93
44565.29,14.93
44565.33,14.93
44565.38,14.93
44565.42,14.93
44565.46,14.93
44565.5,14.93
44565.54,14.93
44565.58,14.93
44565.62,14.93
44565.67,14.93
44565.71,14.93
44565.75,14.93
44565.79,14.93
44565.83,14.93
44565.88,14.93
44565.92,14.93
44565.96,14.93
44566,14.93
44566.04,14.93
44566.08,14.93
44566.12,14.93
44566.17,14.93
44566.21,14.93
44566.25,14.93
44566.29,14.93
44566.33,14.93
44566.38,14.93
44566.42,14.93
44566.46,14.93
44566.5,14.93
44566.54,14.93
44566.58,14.93
44566.62,14.93
44566.67,14.93
44566.71,14.93
44566.75,14.93
44566.79,14.93
44566.83,14.93
44566.88,14.93
44566.92,14.93
44566.96,14.93
44567,14.93
44567.04,14.93
44567.08,14.93
44567.12,14.93
44567.17,14.93
44567.21,14.93
44567.25,14.93
44567.29,14.93
44567.33,14.93
44567.38,14.93
44567.42,14.93
44567.46,14.93
44567.5,14.93
44567.54,14.93
44567.58,14.93
44567.62,14.93
44567.67,14.93
44567.71,14.93
44567.75,14.93
44567.79,14.93
44567.83,14.93
44567.88,14.93
44567.92,14.93
44567.96,14.93
44568,14.93
44568.04,14.93
44568.08,14.93
44568.12,14.93
44568.17,14.93
44568.21,14.93
44568.25,14.93
44568.29,14.93
44568.33,14.93
44568.38,14.93
44568.42,14.93
44568.46,14.93
44568.5,14.93
44568.54,14.93
44568.58,14.93
44568.62,14.93
44568.67,14.93
44568.71,14.93
44568.75,14.93
44568.79,14.93
44568.83,14.93
44568.88,14.93
44568.92,14.93
44568.96,14.93
44569,14.93
44569.04,14.93
44569.08,14.93
44569.12,14.93
44569.17,14.93
44569.21,14.93
44569.25,14.93
44569.29,14.93
44569.33,14.93
44569.38,14.93
44569.42,14.93
44569.46,14.93
44569.5,14.93
44569.54,14.93
44569.58,14.93
44569.62,14.93
44569.67,14.93
44569.71,14.93
44569.75,14.93
44569.79,14.93
44569.83,14.93
44569.88,14.93
44569.92,14.93
44569.96,14.93
44570,14.93
44570.04,14.93
44570.08,14.93
44570.12,14.93
44570.17,14.93
44570.21,14.93
44570.25,14.93
44570.29,14.93
44570.33,14.93
44570.38,14.93
44570.42,14.93
44570.46,14.93
44570.5,14.93
44570.54,14.93
44570.58,14.93
44570.62,14.93
44570.67,14.93
44570.71,14.93
44570.75,14.93
44570.79,14.93
44570.83,14.93
44570.88,14.93
44570.92,14.93
44570.96,14.93
44571,14.93
44571.04,14.93
44571.08,14.93
44571.12,14.93
44571.17,14.93
44571.21,14.93
44571.25,14.93
44571.29,14.93
44571.33,14.93
44571.38,14.93
44571.42,14.93
44571.46,14.93
44571.5,14.93
44571.54,14.93
44571.58,14.93
44571.62,14.93
44571.67,14.93
44571.71,14.93
44571.75,14.93
44571.79,14.93
44571.83,14.93
44571.88,14.93
44571.92,14.93
44571.96,14.93
44572,14.93
44572.04,14.93
44572.08,14.93
44572.12,14.93
44572.17,14.93
44572.21,14.93
44572.25,14.93
44572.29,14.93
44572.33,14.93
44572.38,14.93
44572.42,14.93
44572.46,14.93
44572.5,14.93
44572.54,14.93
44572.58,14.93
44572.62,14.93
44572.67,14.93
44572.71,14.93
44572.75,14.93
44572.79,14.93
44572.83,14.93
44572.88,14.93
44572.92,14.93
44572.96,14.93
44573,14.93
44573.04,14.93
44573.08,14.93
44573.12,14.93
44573.17,14.93
44573.21,14.93
44573.25,14.93
44573.29,14.93
44573.33,14.93
44573.38,14.93
44573.42,14.93
44573.46,14.93
44573.5,14.93
44573.54,14.93
44573.58,14.93
44573.62,14.93
44573.67,14.93
44573.71,14.93
44573.75,14.93
44573.79,14.93
44573.83,14.93
44573.88,14.93
44573.92,14.93
44573.96,14.93
44574,14.93
44574.04,14.93
44574.08,14.93
44574.12,14.93
44574.17,14.93
44574.21,14.93
44574.25,14.93
44574.29,14.93
44574.33,14.93
44574.38,14.93
44574.42,14.93
44574.46,14.93
44574.5,14.93
44574.54,14.93
44574.58,14.93
44574.62,14.93
44574.67,14.93
44574.71,14.93
44574.75,14.93
44574.79,14.93
44574.83,14.93
44574.88,14.93
44574.92,14.93
44574.96,14.93
44575,14.93
44575.04,14.93
44575.08,14.93
44575.12,14.93
44575.17,14.93
44575.21,14.93
44575.25,14.93
44575.29,14.93
44575.33,14.93
44575.38,14.93
44575.42,14.93
44575.46,14.93
44575.5,14.93
44575.54,14.93
44575.58,14.93
44575.62,14.93
44575.67,14.93
44575.71,14.93
44575.75,14.93
44575.79,14.93
44575.83,14.93
44575.88,14.93
44575.92,14.93
44575.96,14.93
44576,14.93
44576.04,14.93
44576.08,14.93
44576.12,14.93
44576.17,14.93
44576.21,14.93
44576.25,14.93
44576.29,14.93
44576.33,14.93
44576.38,14.93
44576.42,14.93
44576.46,14.93
44576.5,14.93
44576.54,14.93
44576.58,14.93
44576.62,14.93
44576.67,14.93
44576.71,14.93
44576.75,14.93
44576.79,14.93
44576.83,14.93
44576.88,14.93
44576.92,14.93
44576.96,14.93
44577,14.93
44577.04,14.93
44577.08,14.93
44577.12,14.93
44577.17,14.93
44577.21,14.93
44577.25,14.93
44577.29,14.93
44577.33,14.93
44577.38,14.93
44577.42,14.93
44577.46,14.93
44577.5,14.93
44577.54,14.93
44577.58,14.93
44577.62,14.93
44577.67,14.93
44577.71,14.93
44577.75,14.93
44577.79,14.93
44577.83,14.93
44577.88,14.93
44577.92,14.93
44577.96,14.93
44578,14.93
44578.04,14.93
44578.08,14.93
44578.12,14.93
44578.17,14.93
44578.21,14.93
44578.25,14.93
44578.29,14.93
44578.33,14.93
44578.38,14.93
44578.42,14.93
44578.46,14.93
44578.5,14.93
44578.54,14.93
44578.58,14.93
44578.62,14.93
44578.67,14.93
44578.71,14.93
44578.75,14.93
44578.79,14.93
44578.83,14.93
44578.88,14.93
44578.92,14.93
44578.96,14.93
44579,14.93
44579.04,14.93
44579.08,14.93
44579.12,14.93
44579.17,14.93
44579.21,14.93
44579.25,14.93
44579.29,14.93
44579.33,14.93
44579.38,14.93
44579.42,14.93
44579.46,14.93
44579.5,14.93
44579.54,14.93
44579.58,14.93
44579.62,14.93
44579.67,14.93
44579.71,14.93
44579.75,14.93
44579.79,14.93
44579.83,14.93
44579.88,14.93
44579.92,14.93
44579.96,14.93
44580,14.93
44580.04,14.93
44580.08,14.93
44580.12,14.93
44580.17,14.93
44580.21,14.93
44580.25,14.93
44580.29,14.93
44580.33,14.93
44580.38,14.93
44580.42,14.93
44580.46,14.93
44580.5,14.93
44580.54,14.93
44580.58,14.93
44580.62,14.93
44580.67,14.93
44580.71,14.93
44580.75,14.93
44580.79,14.93
44580.83,14.93
44580.88,14.93
44580.92,14.93
44580.96,14.93
44581,14.93
44581.04,14.93
44581.08,14.93
44581.12,14.93
44581.17,14.93
44581.21,14.93
44581.25,14.93
44581.29,14.93
44581.33,14.93
44581.38,14.93
44581.42,14.93
44581.46,14.93
44581.5,14.93
44581.54,14.93
44581.58,14.93
44581.62,14.93
44581.67,14.93
44581.71,14.93
44581.75,14.93
44581.79,14.93
44581.83,14.93
44581.88,14.93
44581.92,14.93
44581.96,14.93
44582,14.93
44582.04,14.93
44582.08,14.93
44582.12,14.93
44582.17,14.93
44582.21,14.93
44582.25,14.93
44582.29,14.93
44582.33,14.93
44582.38,14.93
44582.42,14.93
44582.46,14.93
44582.5,14.93
44582.54,14.93
44582.58,14.93
44582.62,14.93
44582.67,14.93
44582.71,14.93
44582.75,14.93
44582.79,14.93
44582.83,14.93
44582.88,14.93
44582.92,14.93
44582.96,14.93
44583,14.93
44583.04,14.93
44583.08,14.93
44583.12,14.93
44583.17,14.93
44583.21,14.93
44583.25,14.93
44583.29,14.93
44583.33,14.93
44583.38,14.93
44583.42,14.93
44583.46,14.93
44583.5,14.93
44583.54,14.93
44583.58,14.93
44583.62,14.93
44583.67,14.93
44583.71,14.93
44583.75,14.93
44583.79,14.93
44583.83,14.93
44583.88,14.93
44583.92,14.93
44583.96,14.93
44584,14.93
44584.04,14.93
44584.08,14.93
44584.12,14.93
44584.17,14.93
44584.21,14.93
44584.25,14.93
44584.29,14.93
44584.33,14.93
44584.38,14.93
44584.42,14.93
44584.46,14.93
44584.5,14.93
44584.54,14.93
44584.58,14.93
44584.62,14.93
44584.67,14.93
44584.71,14.93
44584.75,14.93
44584.79,14.93
44584.83,14.93
44584.88,14.93
44584.92,14.93
44584.96,14.93
44585,14.93
44585.04,14.93
44585.08,14.93
44585.12,14.93
44585.17,14.93
44585.21,14.93
44585.25,14.93
44585.29,14.93
44585.33,14.93
44585.38,14.93
44585.42,14.93
44585.46,14.93
44585.5,14.93
44585.54,14.93
44585.58,14.93
44585.62,14.93
44585.67,14.93
44585.71,14.93
44585.75,14.93
44585.79,14.93
44585.83,14.93
44585.88,14.93
44585.92,14.93
44585.96,14.93
44586,14.93
44586.04,14.93
44586.08,14.93
44586.12,14.93
44586.17,14.93
44586.21,14.93
44586.25,14.93
44586.29,14.93
44586.33,14.93
44586.38,14.93
44586.42,14.93
44586.46,14.93
44586.5,14.93
44586.54,14.93
44586.58,14.93
44586.62,14.93
44586.67,14.93
44586.71,14.93
44586.75,14.93
44586.79,14.93
44586.83,14.93
44586.88,14.93
44586.92,14.93
44586.96,14.93
44587,14.93
44587.04,14.93
44587.08,14.93
44587.12,14.93
44587.17,14.93
44587.21,14.93
44587.25,14.93
44587.29,14.93
44587.33,14.93
44587.38,14.93
44587.42,14.93
44587.46,14.93
44587.5,14.93
44587.54,14.93
44587.58,14.93
44587.62,14.93
44587.67,14.93
44587.71,14.93
44587.75,14.93
44587.79,14.93
44587.83,14.93
44587.88,14.93
44587.92,14.93
44587.96,14.93
44588,14.93
44588.04,14.93
44588.08,14.93
44588.12,14.93
44588.17,14.93
44588.21,14.93
44588.25,14.93
44588.29,14.93
44588.33,14.93
44588.38,14.93
44588.42,14.93
44588.46,14.93
44588.5,14.93
44588.54,14.93
44588.58,14.93
44588.62,14.93
44588.67,14.93
44588.71,14.93
44588.75,14.93
44588.79,14.93
44588.83,14.93
44588.88,14.93
44588.92,14.93
44588.96,14.93
44589,14.93
44589.04,14.93
44589.08,14.93
44589.12,14.93
44589.17,14.93
44589.21,14.93
44589.25,14.93
44589.29,14.93
44589.33,14.93
44589.38,14.93
44589.42,14.93
44589.46,14.93
44589.5,14.93
44589.54,14.93
44589.58,14.93
44589.62,14.93
44589.67,14.93
44589.71,14.93
44589.75,14.93
44589.79,14.93
44589.83,14.93
44589.88,14.93
44589.92,14.93
44589.96,14.93
44590,14.93
44590.04,14.93
44590.08,14.93
44590.12,14.93
44590.17,14.93
44590.21,14.93
44590.25,14.93
44590.29,14.93
44590.33,14.93
44590.38,14.93
44590.42,14.93
44590.46,14.93
44590.5,14.93
44590.54,14.93
44590.58,14.93
44590.62,14.93
44590.67,14.93
44590.71,14.93
44590.75,14.93
44590.79,14.93
44590.83,14.93
44590.88,14.93
44590.92,14.93
44590.96,14.93
44591,14.93
44591.04,14.93
44591.08,14.93
44591.12,14.93
44591.17,14.93
44591.21,14.93
44591.25,14.93
44591.29,14.93
44591.33,14.93
44591.38,14.93
44591.42,14.93
44591.46,14.93
44591.5,14.93
44591.54,14.93
44591.58,14.93
44591.62,14.93
44591.67,14.93
44591.71,14.93
44591.75,14.93
44591.79,14.93
44591.83,14.93
44591.88,14.93
44591.92,14.93
44591.96,14.93
44592,14.93
44592.04,14.93
44592.08,14.93
44592.12,14.93
44592.17,14.93
44592.21,14.93
44592.25,14.93
44592.29,14.93
44592.33,14.93
44592.38,14.93
44592.42,14.93
44592.46,14.93
44592.5,14.93
44592.54,14.93
44592.58,14.93
44592.62,14.93
44592.67,14.93
44592.71,14.93
44592.75,14.93
44592.79,14.93
44592.83,14.93
44592.88,14.93
44592.92,14.93
44592.96,14.93
44593,13.36
44593.04,13.36
44593.08,13.36
44593.12,13.36
44593.17,13.36
44593.21,13.36
44593.25,13.36
44593.29,13.36
44593.33,13.36
44593.38,13.36
44593.42,13.36
44593.46,13.36
44593.5,13.36
44593.54,13.36
44593.58,13.36
44593.62,13.36
44593.67,13.36
44593.71,13.36
44593.75,13.36
44593.79,13.36
44593.83,13.36
44593.88,13.36
44593.92,13.36
44593.96,13.36
44594,13.36
44594.04,13.36
44594.08,13.36
44594.12,13.36
44594.17,13.36
44594.21,13.36
44594.25,13.36
44594.29,13.36
44594.33,13.36
44594.38,13.36
44594.42,13.36
44594.46,13.36
44594.5,13.36
44594.54,13.36
44594.58,13.36
44594.62,13.36
44594.67,13.36
44594.71,13.36
44594.75,13.36
44594.79,13.36
44594.83,13.36
44594.88,13.36
44594.92,13.36
44594.96,13.36
44595,13.36
44595.04,13.36
44595.08,13.36
44595.12,13.36
44595.17,13.36
44595.21,13.36
44595.25,13.36
44595.29,13.36
44595.33,13.36
44595.38,13.36
44595.42,13.36
44595.46,13.36
44595.5,13.36
44595.54,13.36
44595.58,13.36
44595.62,13.36
44595.67,13.36
44595.71,13.36
44595.75,13.36
44595.79,13.36
44595.83,13.36
44595.88,13.36
44595.92,13.36
44595.96,13.36
44596,13.36
44596.04,13.36
44596.08,13.36
44596.12,13.36
44596.17,13.36
44596.21,13.36
44596.25,13.36
44596.29,13.36
44596.33,13.36
44596.38,13.36
44596.42,13.36
44596.46,13.36
44596.5,13.36
44596.54,13.36
44596.58,13.36
44596.62,13.36
44596.67,13.36
44596.71,13.36
44596.75,13.36
44596.79,13.36
44596.83,13.36
44596.88,13.36
44596.92,13.36
44596.96,13.36
44597,13.36
44597.04,13.36
44597.08,13.36
44597.12,13.36
44597.17,13.36
44597.21,13.36
44597.25,13.36
44597.29,13.36
44597.33,13.36
44597.38,13.36
44597.42,13.36
44597.46,13.36
44597.5,13.36
44597.54,13.36
44597.58,13.36
44597.62,13.36
44597.67,13.36
44597.71,13.36
44597.75,13.36
44597.79,13.36
44597.83,13.36
44597.88,13.36
44597.92,13.36
44597.96,13.36
44598,13.36
44598.04,13.36
44598.08,13.36
44598.12,13.36
44598.17,13.36
44598.21,13.36
44598.25,13.36
44598.29,13.36
44598.33,13.36
44598.38,13.36
44598.42,13.36
44598.46,13.36
44598.5,13.36
44598.54,13.36
44598.58,13.36
44598.62,13.36
44598.67,13.36
44598.71,13.36
44598.75,13.36
44598.79,13.36
44598.83,13.36
44598.88,13.36
44598.92,13.36
44598.96,13.36
44599,13.36
44599.04,13.36
44599.08,13.36
44599.12,13.36
44599.17,13.36
44599.21,13.36
44599.25,13.36
44599.29,13.36
44599.33,13.36
44599.38,13.36
44599.42,13.36
44599.46,13.36
44599.5,13.36
44599.54,13.36
44599.58,13.36
44599.62,13.36
44599.67,13.36
44599.71,13.36
44599.75,13.36
44599.79,13.36
44599.83,13.36
44599.88,13.36
44599.92,13.36
44599.96,13.36
44600,13.36
44600.04,13.36
44600.08,13.36
44600.12,13.36
44600.17,13.36
44600.21,13.36
44600.25,13.36
44600.29,13.36
44600.33,13.36
44600.38,13.36
44600.42,13.36
44600.46,13.36
44600.5,13.36
44600.54,13.36
44600.58,13.36
44600.62,13.36
44600.67,13.36
44600.71,13.36
44600.75,13.36
44600.79,13.36
44600.83,13.36
44600.88,13.36
44600.92,13.36
44600.96,13.36
44601,13.36
44601.04,13.36
44601.08,13.36
44601.12,13.36
44601.17,13.36
44601.21,13.36
44601.25,13.36
44601.29,13.36
44601.33,13.36
44601.38,13.36
44601.42,13.36
44601.46,13.36
44601.5,13.36
44601.54,13.36
44601.58,13.36
44601.62,13.36
44601.67,13.36
44601.71,13.36
44601.75,13.36
44601.79,13.36
44601.83,13.36
44601.88,13.36
44601.92,13.36
44601.96,13.36
44602,13.36
44602.04,13.36
44602.08,13.36
44602.12,13.36
44602.17,13.36
44602.21,13.36
44602.25,13.36
44602.29,13.36
44602.33,13.36
44602.38,13.36
44602.42,13.36
44602.46,13.36
44602.5,13.36
44602.54,13.36
44602.58,13.36
44602.62,13.36
44602.67,13.36
44602.71,13.36
44602.75,13.36
44602.79,13.36
44602.83,13.36
44602.88,13.36
44602.92,13.36
44602.96,13.36
44603,13.36
44603.04,13.36
44603.08,13.36
44603.12,13.36
44603.17,13.36
44603.21,13.36
44603.25,13.36
44603.29,13.36
44603.33,13.36
44603.38,13.36
44603.42,13.36
44603.46,13.36
44603.5,13.36
44603.54,13.36
44603.58,13.36
44603.62,13.36
44603.67,13.36
44603.71,13.36
44603.75,13.36
44603.79,13.36
44603.83,13.36
44603.88,13.36
44603.92,13.36
44603.96,13.36
44604,13.36
44604.04,13.36
44604.08,13.36
44604.12,13.36
44604.17,13.36
44604.21,13.36
44604.25,13.36
44604.29,13.36
44604.33,13.36
44604.38,13.36
44604.42,13.36
44604.46,13.36
44604.5,13.36
44604.54,13.36
44604.58,13.36
44604.62,13.36
44604.67,13.36
44604.71,13.36
44604.75,13.36
44604.79,13.36
44604.83,13.36
44604.88,13.36
44604.92,13.36
44604.96,13.36
44605,13.36
44605.04,13.36
44605.08,13.36
44605.12,13.36
44605.17,13.36
44605.21,13.36
44605.25,13.36
44605.29,13.36
44605.33,13.36
44605.38,13.36
44605.42,13.36
44605.46,13.36
44605.5,13.36
44605.54,13.36
44605.58,13.36
44605.62,13.36
44605.67,13.36
44605.71,13.36
44605.75,13.36
44605.79,13.36
44605.83,13.36
44605.88,13.36
44605.92,13.36
44605.96,13.36
44606,13.36
44606.04,13.36
44606.08,13.36
44606.12,13.36
44606.17,13.36
44606.21,13.36
44606.25,13.36
44606.29,13.36
44606.33,13.36
44606.38,13.36
44606.42,13.36
44606.46,13.36
44606.5,13.36
44606.54,13.36
44606.58,13.36
44606.62,13.36
44606.67,13.36
44606.71,13.36
44606.75,13.36
44606.79,13.36
44606.83,13.36
44606.88,13.36
44606.92,13.36
44606.96,13.36
44607,13.36
44607.04,13.36
44607.08,13.36
44607.12,13.36
44607.17,13.36
44607.21,13.36
44607.25,13.36
44607.29,13.36
44607.33,13.36
44607.38,13.36
44607.42,13.36
44607.46,13.36
44607.5,13.36
44607.54,13.36
44607.58,13.36
44607.62,13.36
44607.67,13.36
44607.71,13.36
44607.75,13.36
44607.79,13.36
44607.83,13.36
44607.88,13.36
44607.92,13.36
44607.96,13.36
44608,13.36
44608.04,13.36
44608.08,13.36
44608.12,13.36
44608.17,13.36
44608.21,13.36
44608.25,13.36
44608.29,13.36
44608.33,13.36
44608.38,13.36
44608.42,13.36
44608.46,13.36
44608.5,13.36
44608.54,13.36
44608.58,13.36
44608.62,13.36
44608.67,13.36
44608.71,13.36
44608.75,13.36
44608.79,13.36
44608.83,13.36
44608.88,13.36
44608.92,13.36
44608.96,13.36
44609,13.36
44609.04,13.36
44609.08,13.36
44609.12,13.36
44609.17,13.36
44609.21,13.36
44609.25,13.36
44609.29,13.36
44609.33,13.36
44609.38,13.36
44609.42,13.36
44609.46,13.36
44609.5,13.36
44609.54,13.36
44609.58,13.36
44609.62,13.36
44609.67,13.36
44609.71,13.36
44609.75,13.36
44609.79,13.36
44609.83,13.36
44609.88,13.36
44609.92,13.36
44609.96,13.36
44610,13.36
44610.04,13.36
44610.08,13.36
44610.12,13.36
44610.17,13.36
44610.21,13.36
44610.25,13.36
44610.29,13.36
44610.33,13.36
44610.38,13.36
44610.42,13.36
44610.46,13.36
44610.5,13.36
44610.54,13.36
44610.58,13.36
44610.62,13.36
44610.67,13.36
44610.71,13.36
44610.75,13.36
44610.79,13.36
44610.83,13.36
44610.88,13.36
44610.92,13.36
44610.96,13.36
44611,13.36
44611.04,13.36
44611.08,13.36
44611.12,13.36
44611.17,13.36
44611.21,13.36
44611.25,13.36
44611.29,13.36
44611.33,13.36
44611.38,13.36
44611.42,13.36
44611.46,13.36
44611.5,13.36
44611.54,13.36
44611.58,13.36
44611.62,13.36
44611.67,13.36
44611.71,13.36
44611.75,13.36
44611.79,13.36
44611.83,13.36
44611.88,13.36
44611.92,13.36
44611.96,13.36
44612,13.36
44612.04,13.36
44612.08,13.36
44612.12,13.36
44612.17,13.36
44612.21,13.36
44612.25,13.36
44612.29,13.36
44612.33,13.36
44612.38,13.36
44612.42,13.36
44612.46,13.36
44612.5,13.36
44612.54,13.36
44612.58,13.36
44612.62,13.36
44612.67,13.36
44612.71,13.36
44612.75,13.36
44612.79,13.36
44612.83,13.36
44612.88,13.36
44612.92,13.36
44612.96,13.36
44613,13.36
44613.04,13.36
44613.08,13.36
44613.12,13.36
44613.17,13.36
44613.21,13.36
44613.25,13.36
44613.29,13.36
44613.33,13.36
44613.38,13.36
44613.42,13.36
44613.46,13.36
44613.5,13.36
44613.54,13.36
44613.58,13.36
44613.62,13.36
44613.67,13.36
44613.71,13.36
44613.75,13.36
44613.79,13.36
44613.83,13.36
44613.88,13.36
44613.92,13.36
44613.96,13.36
44614,13.36
44614.04,13.36
44614.08,13.36
44614.12,13.36
44614.17,13.36
44614.21,13.36
44614.25,13.36
44614.29,13.36
44614.33,13.36
44614.38,13.36
44614.42,13.36
44614.46,13.36
44614.5,13.36
44614.54,13.36
44614.58,13.36
44614.62,13.36
44614.67,13.36
44614.71,13.36
44614.75,13.36
44614.79,13.36
44614.83,13.36
44614.88,13.36
44614.92,13.36
44614.96,13.36
44615,13.36
44615.04,13.36
44615.08,13.36
44615.12,13.36
44615.17,13.36
44615.21,13.36
44615.25,13.36
44615.29,13.36
44615.33,13.36
44615.38,13.36
44615.42,13.36
44615.46,13.36
44615.5,13.36
44615.54,13.36
44615.58,13.36
44615.62,13.36
44615.67,13.36
44615.71,13.36
44615.75,13.36
44615.79,13.36
44615.83,13.36
44615.88,13.36
44615.92,13.36
44615.96,13.36
44616,13.36
44616.04,13.36
44616.08,13.36
44616.12,13.36
44616.17,13.36
44616.21,13.36
44616.25,13.36
44616.29,13.36
44616.33,13.36
44616.38,13.36
44616.42,13.36
44616.46,13.36
44616.5,13.36
44616.54,13.36
44616.58,13.36
44616.62,13.36
44616.67,13.36
44616.71,13.36
44616.75,13.36
44616.79,13.36
44616.83,13.36
44616.88,13.36
44616.92,13.36
44616.96,13.36
44617,13.36
44617.04,13.36
44617.08,13.36
44617.12,13.36
44617.17,13.36
44617.21,13.36
44617.25,13.36
44617.29,13.36
44617.33,13.36
44617.38,13.36
44617.42,13.36
44617.46,13.36
44617.5,13.36
44617.54,13.36
44617.58,13.36
44617.62,13.36
44617.67,13.36
44617.71,13.36
44617.75,13.36
44617.79,13.36
44617.83,13.36
44617.88,13.36
44617.92,13.36
44617.96,13.36
44618,13.36
44618.04,13.36
44618.08,13.36
44618.12,13.36
44618.17,13.36
44618.21,13.36
44618.25,13.36
44618.29,13.36
44618.33,13.36
44618.38,13.36
44618.42,13.36
44618.46,13.36
44618.5,13.36
44618.54,13.36
44618.58,13.36
44618.62,13.36
44618.67,13.36
44618.71,13.36
44618.75,13.36
44618.79,13.36
44618.83,13.36
44618.88,13.36
44618.92,13.36
44618.96,13.36
44619,13.36
44619.04,13.36
44619.08,13.36
44619.12,13.36
44619.17,13.36
44619.21,13.36
44619.25,13.36
44619.29,13.36
44619.33,13.36
44619.38,13.36
44619.42,13.36
44619.46,13.36
44619.5,13.36
44619.54,13.36
44619.58,13.36
44619.62,13.36
44619.67,13.36
44619.71,13.36
44619.75,13.36
44619.79,13.36
44619.83,13.36
44619.88,13.36
44619.92,13.36
44619.96,13.36
44620,13.36
44620.04,13.36
44620.08,13.36
44620.12,13.36
44620.17,13.36
44620.21,13.36
44620.25,13.36
44620.29,13.36
44620.33,13.36
44620.38,13.36
44620.42,13.36
44620.46,13.36
44620.5,13.36
44620.54,13.36
44620.58,13.36
44620.62,13.36
44620.67,13.36
44620.71,13.36
44620.75,13.36
44620.79,13.36
44620.83,13.36
44620.88,13.36
44620.92,13.36
44620.96,13.36
44621,18.07
44621.04,18.07
44621.08,18.07
44621.12,18.07
44621.17,18.07
44621.21,18.07
44621.25,18.07
44621.29,18.07
44621.33,18.07
44621.38,18.07
44621.42,18.07
44621.46,18.07
44621.5,18.07
44621.54,18.07
44621.58,18.07
44621.62,18.07
44621.67,18.07
44621.71,18.07
44621.75,18.07
44621.79,18.07
44621.83,18.07
44621.88,18.07
44621.92,18.07
44621.96,18.07
44622,18.07
44622.04,18.07
44622.08,18.07
44622.12,18.07
44622.17,18.07
44622.21,18.07
44622.25,18.07
44622.29,18.07
44622.33,18.07
44622.38,18.07
44622.42,18.07
44622.46,18.07
44622.5,18.07
44622.54,18.07
44622.58,18.07
44622.62,18.07
44622.67,18.07
44622.71,18.07
44622.75,18.07
44622.79,18.07
44622.83,18.07
44622.88,18.07
44622.92,18.07
44622.96,18.07
44623,18.07
44623.04,18.07
44623.08,18.07
44623.12,18.07
44623.17,18.07
44623.21,18.07
44623.25,18.07
44623.29,18.07
44623.33,18.07
44623.38,18.07
44623.42,18.07
44623.46,18.07
44623.5,18.07
44623.54,18.07
44623.58,18.07
44623.62,18.07
44623.67,18.07
44623.71,18.07
44623.75,18.07
44623.79,18.07
44623.83,18.07
44623.88,18.07
44623.92,18.07
44623.96,18.07
44624,18.07
44624.04,18.07
44624.08,18.07
44624.12,18.07
44624.17,18.07
44624.21,18.07
44624.25,18.07
44624.29,18.07
44624.33,18.07
44624.38,18.07
44624.42,18.07
44624.46,18.07
44624.5,18.07
44624.54,18.07
44624.58,18.07
44624.62,18.07
44624.67,18.07
44624.71,18.07
44624.75,18.07
44624.79,18.07
44624.83,18.07
44624.88,18.07
44624.92,18.07
44624.96,18.07
44625,18.07
44625.04,18.07
44625.08,18.07
44625.12,18.07
44625.17,18.07
44625.21,18.07
44625.25,18.07
44625.29,18.07
44625.33,18.07
44625.38,18.07
44625.42,18.07
44625.46,18.07
44625.5,18.07
44625.54,18.07
44625.58,18.07
44625.62,18.07
44625.67,18.07
44625.71,18.07
44625.75,18.07
44625.79,18.07
44625.83,18.07
44625.88,18.07
44625.92,18.07
44625.96,18.07
44626,18.07
44626.04,18.07
44626.08,18.07
44626.12,18.07
44626.17,18.07
44626.21,18.07
44626.25,18.07
44626.29,18.07
44626.33,18.07
44626.38,18.07
44626.42,18.07
44626.46,18.07
44626.5,18.07
44626.54,18.07
44626.58,18.07
44626.62,18.07
44626.67,18.07
44626.71,18.07
44626.75,18.07
44626.79,18.07
44626.83,18.07
44626.88,18.07
44626.92,18.07
44626.96,18.07
44627,18.07
44627.04,18.07
44627.08,18.07
44627.12,18.07
44627.17,18.07
44627.21,18.07
44627.25,18.07
44627.29,18.07
44627.33,18.07
44627.38,18.07
44627.42,18.07
44627.46,18.07
44627.5,18.07
44627.54,18.07
44627.58,18.07
44627.62,18.07
44627.67,18.07
44627.71,18.07
44627.75,18.07
44627.79,18.07
44627.83,18.07
44627.88,18.07
44627.92,18.07
44627.96,18.07
44628,18.07
44628.04,18.07
44628.08,18.07
44628.12,18.07
44628.17,18.07
44628.21,18.07
44628.25,18.07
44628.29,18.07
44628.33,18.07
44628.38,18.07
44628.42,18.07
44628.46,18.07
44628.5,18.07
44628.54,18.07
44628.58,18.07
44628.62,18.07
44628.67,18.07
44628.71,18.07
44628.75,18.07
44628.79,18.07
44628.83,18.07
44628.88,18.07
44628.92,18.07
44628.96,18.07
44629,18.07
44629.04,18.07
44629.08,18.07
44629.12,18.07
44629.17,18.07
44629.21,18.07
44629.25,18.07
44629.29,18.07
44629.33,18.07
44629.38,18.07
44629.42,18.07
44629.46,18.07
44629.5,18.07
44629.54,18.07
44629.58,18.07
44629.62,18.07
44629.67,18.07
44629.71,18.07
44629.75,18.07
44629.79,18.07
44629.83,18.07
44629.88,18.07
44629.92,18.07
44629.96,18.07
44630,18.07
44630.04,18.07
44630.08,18.07
44630.12,18.07
44630.17,18.07
44630.21,18.07
44630.25,18.07
44630.29,18.07
44630.33,18.07
44630.38,18.07
44630.42,18.07
44630.46,18.07
44630.5,18.07
44630.54,18.07
44630.58,18.07
44630.62,18.07
44630.67,18.07
44630.71,18.07
44630.75,18.07
44630.79,18.07
44630.83,18.07
44630.88,18.07
44630.92,18.07
44630.96,18.07
44631,18.07
44631.04,18.07
44631.08,18.07
44631.12,18.07
44631.17,18.07
44631.21,18.07
44631.25,18.07
44631.29,18.07
44631.33,18.07
44631.38,18.07
44631.42,18.07
44631.46,18.07
44631.5,18.07
44631.54,18.07
44631.58,18.07
44631.62,18.07
44631.67,18.07
44631.71,18.07
44631.75,18.07
44631.79,18.07
44631.83,18.07
44631.88,18.07
44631.92,18.07
44631.96,18.07
44632,18.07
44632.04,18.07
44632.08,18.07
44632.12,18.07
44632.17,18.07
44632.21,18.07
44632.25,18.07
44632.29,18.07
44632.33,18.07
44632.38,18.07
44632.42,18.07
44632.46,18.07
44632.5,18.07
44632.54,18.07
44632.58,18.07
44632.62,18.07
44632.67,18.07
44632.71,18.07
44632.75,18.07
44632.79,18.07
44632.83,18.07
44632.88,18.07
44632.92,18.07
44632.96,18.07
44633,18.07
44633.04,18.07
44633.08,18.07
44633.12,18.07
44633.17,18.07
44633.21,18.07
44633.25,18.07
44633.29,18.07
44633.33,18.07
44633.38,18.07
44633.42,18.07
44633.46,18.07
44633.5,18.07
44633.54,18.07
44633.58,18.07
44633.62,18.07
44633.67,18.07
44633.71,18.07
44633.75,18.07
44633.79,18.07
44633.83,18.07
44633.88,18.07
44633.92,18.07
44633.96,18.07
44634,18.07
44634.04,18.07
44634.08,18.07
44634.12,18.07
44634.17,18.07
44634.21,18.07
44634.25,18.07
44634.29,18.07
44634.33,18.07
44634.38,18.07
44634.42,18.07
44634.46,18.07
44634.5,18.07
44634.54,18.07
44634.58,18.07
44634.62,18.07
44634.67,18.07
44634.71,18.07
44634.75,18.07
44634.79,18.07
44634.83,18.07
44634.88,18.07
44634.92,18.07
44634.96,18.07
44635,18.07
44635.04,18.07
44635.08,18.07
44635.12,18.07
44635.17,18.07
44635.21,18.07
44635.25,18.07
44635.29,18.07
44635.33,18.07
44635.38,18.07
44635.42,18.07
44635.46,18.07
44635.5,18.07
44635.54,18.07
44635.58,18.07
44635.62,18.07
44635.67,18.07
44635.71,18.07
44635.75,18.07
44635.79,18.07
44635.83,18.07
44635.88,18.07
44635.92,18.07
44635.96,18.07
44636,18.07
44636.04,18.07
44636.08,18.07
44636.12,18.07
44636.17,18.07
44636.21,18.07
44636.25,18.07
44636.29,18.07
44636.33,18.07
44636.38,18.07
44636.42,18.07
44636.46,18.07
44636.5,18.07
44636.54,18.07
44636.58,18.07
44636.62,18.07
44636.67,18.07
44636.71,18.07
44636.75,18.07
44636.79,18.07
44636.83,18.07
44636.88,18.07
44636.92,18.07
44636.96,18.07
44637,18.07
44637.04,18.07
44637.08,18.07
44637.12,18.07
44637.17,18.07
44637.21,18.07
44637.25,18.07
44637.29,18.07
44637.33,18.07
44637.38,18.07
44637.42,18.07
44637.46,18.07
44637.5,18.07
44637.54,18.07
44637.58,18.07
44637.62,18.07
44637.67,18.07
44637.71,18.07
44637.75,18.07
44637.79,18.07
44637.83,18.07
44637.88,18.07
44637.92,18.07
44637.96,18.07
44638,18.07
44638.04,18.07
44638.08,18.07
44638.12,18.07
44638.17,18.07
44638.21,18.07
44638.25,18.07
44638.29,18.07
44638.33,18.07
44638.38,18.07
44638.42,18.07
44638.46,18.07
44638.5,18.07
44638.54,18.07
44638.58,18.07
44638.62,18.07
44638.67,18.07
44638.71,18.07
44638.75,18.07
44638.79,18.07
44638.83,18.07
44638.88,18.07
44638.92,18.07
44638.96,18.07
44639,18.07
44639.04,18.07
44639.08,18.07
44639.12,18.07
44639.17,18.07
44639.21,18.07
44639.25,18.07
44639.29,18.07
44639.33,18.07
44639.38,18.07
44639.42,18.07
44639.46,18.07
44639.5,18.07
44639.54,18.07
44639.58,18.07
44639.62,18.07
44639.67,18.07
44639.71,18.07
44639.75,18.07
44639.79,18.07
44639.83,18.07
44639.88,18.07
44639.92,18.07
44639.96,18.07
44640,18.07
44640.04,18.07
44640.08,18.07
44640.12,18.07
44640.17,18.07
44640.21,18.07
44640.25,18.07
44640.29,18.07
44640.33,18.07
44640.38,18.07
44640.42,18.07
44640.46,18.07
44640.5,18.07
44640.54,18.07
44640.58,18.07
44640.62,18.07
44640.67,18.07
44640.71,18.07
44640.75,18.07
44640.79,18.07
44640.83,18.07
44640.88,18.07
44640.92,18.07
44640.96,18.07
44641,18.07
44641.04,18.07
44641.08,18.07
44641.12,18.07
44641.17,18.07
44641.21,18.07
44641.25,18.07
44641.29,18.07
44641.33,18.07
44641.38,18.07
44641.42,18.07
44641.46,18.07
44641.5,18.07
44641.54,18.07
44641.58,18.07
44641.62,18.07
44641.67,18.07
44641.71,18.07
44641.75,18.07
44641.79,18.07
44641.83,18.07
44641.88,18.07
44641.92,18.07
44641.96,18.07
44642,18.07
44642.04,18.07
44642.08,18.07
44642.12,18.07
44642.17,18.07
44642.21,18.07
44642.25,18.07
44642.29,18.07
44642.33,18.07
44642.38,18.07
44642.42,18.07
44642.46,18.07
44642.5,18.07
44642.54,18.07
44642.58,18.07
44642.62,18.07
44642.67,18.07
44642.71,18.07
44642.75,18.07
44642.79,18.07
44642.83,18.07
44642.88,18.07
44642.92,18.07
44642.96,18.07
44643,18.07
44643.04,18.07
44643.08,18.07
44643.12,18.07
44643.17,18.07
44643.21,18.07
44643.25,18.07
44643.29,18.07
44643.33,18.07
44643.38,18.07
44643.42,18.07
44643.46,18.07
44643.5,18.07
44643.54,18.07
44643.58,18.07
44643.62,18.07
44643.67,18.07
44643.71,18.07
44643.75,18.07
44643.79,18.07
44643.83,18.07
44643.88,18.07
44643.92,18.07
44643.96,18.07
44644,18.07
44644.04,18.07
44644.08,18.07
44644.12,18.07
44644.17,18.07
44644.21,18.07
44644.25,18.07
44644.29,18.07
44644.33,18.07
44644.38,18.07
44644.42,18.07
44644.46,18.07
44644.5,18.07
44644.54,18.07
44644.58,18.07
44644.62,18.07
44644.67,18.07
44644.71,18.07
44644.75,18.07
44644.79,18.07
44644.83,18.07
44644.88,18.07
44644.92,18.07
44644.96,18.07
44645,18.07
44645.04,18.07
44645.08,18.07
44645.12,18.07
44645.17,18.07
44645.21,18.07
44645.25,18.07
44645.29,18.07
44645.33,18.07
44645.38,18.07
44645.42,18.07
44645.46,18.07
44645.5,18.07
44645.54,18.07
44645.58,18.07
44645.62,18.07
44645.67,18.07
44645.71,18.07
44645.75,18.07
44645.79,18.07
44645.83,18.07
44645.88,18.07
44645.92,18.07
44645.96,18.07
44646,18.07
44646.04,18.07
44646.08,18.07
44646.12,18.07
44646.17,18.07
44646.21,18.07
44646.25,18.07
44646.29,18.07
44646.33,18.07
44646.38,18.07
44646.42,18.07
44646.46,18.07
44646.5,18.07
44646.54,18.07
44646.58,18.07
44646.62,18.07
44646.67,18.07
44646.71,18.07
44646.75,18.07
44646.79,18.07
44646.83,18.07
44646.88,18.07
44646.92,18.07
44646.96,18.07
44647,18.07
44647.04,18.07
44647.08,18.07
44647.12,18.07
44647.17,18.07
44647.21,18.07
44647.25,18.07
44647.29,18.07
44647.33,18.07
44647.38,18.07
44647.42,18.07
44647.46,18.07
44647.5,18.07
44647.54,18.07
44647.58,18.07
44647.62,18.07
44647.67,18.07
44647.71,18.07
44647.75,18.07
44647.79,18.07
44647.83,18.07
44647.88,18.07
44647.92,18.07
44647.96,18.07
44648,18.07
44648.04,18.07
44648.08,18.07
44648.12,18.07
44648.17,18.07
44648.21,18.07
44648.25,18.07
44648.29,18.07
44648.33,18.07
44648.38,18.07
44648.42,18.07
44648.46,18.07
44648.5,18.07
44648.54,18.07
44648.58,18.07
44648.62,18.07
44648.67,18.07
44648.71,18.07
44648.75,18.07
44648.79,18.07
44648.83,18.07
44648.88,18.07
44648.92,18.07
44648.96,18.07
44649,18.07
44649.04,18.07
44649.08,18.07
44649.12,18.07
44649.17,18.07
44649.21,18.07
44649.25,18.07
44649.29,18.07
44649.33,18.07
44649.38,18.07
44649.42,18.07
44649.46,18.07
44649.5,18.07
44649.54,18.07
44649.58,18.07
44649.62,18.07
44649.67,18.07
44649.71,18.07
44649.75,18.07
44649.79,18.07
44649.83,18.07
44649.88,18.07
44649.92,18.07
44649.96,18.07
44650,18.07
44650.04,18.07
44650.08,18.07
44650.12,18.07
44650.17,18.07
44650.21,18.07
44650.25,18.07
44650.29,18.07
44650.33,18.07
44650.38,18.07
44650.42,18.07
44650.46,18.07
44650.5,18.07
44650.54,18.07
44650.58,18.07
44650.62,18.07
44650.67,18.07
44650.71,18.07
44650.75,18.07
44650.79,18.07
44650.83,18.07
44650.88,18.07
44650.92,18.07
44650.96,18.07
44651,18.07
44651.04,18.07
44651.08,18.07
44651.12,18.07
44651.17,18.07
44651.21,18.07
44651.25,18.07
44651.29,18.07
44651.33,18.07
44651.38,18.07
44651.42,18.07
44651.46,18.07
44651.5,18.07
44651.54,18.07
44651.58,18.07
44651.62,18.07
44651.67,18.07
44651.71,18.07
44651.75,18.07
44651.79,18.07
44651.83,18.07
44651.88,18.07
44651.92,18.07
44651.96,18.07
44652,12.57
44652.04,12.57
44652.08,12.57
44652.12,12.57
44652.17,12.57
44652.21,12.57
44652.25,12.57
44652.29,12.57
44652.33,12.57
44652.38,12.57
44652.42,12.57
44652.46,12.57
44652.5,12.57
44652.54,12.57
44652.58,12.57
44652.62,12.57
44652.67,12.57
44652.71,12.57
44652.75,12.57
44652.79,12.57
44652.83,12.57
44652.88,12.57
44652.92,12.57
44652.96,12.57
44653,12.57
44653.04,12.57
44653.08,12.57
44653.12,12.57
44653.17,12.57
44653.21,12.57
44653.25,12.57
44653.29,12.57
44653.33,12.57
44653.38,12.57
44653.42,12.57
44653.46,12.57
44653.5,12.57
44653.54,12.57
44653.58,12.57
44653.62,12.57
44653.67,12.57
44653.71,12.57
44653.75,12.57
44653.79,12.57
44653.83,12.57
44653.88,12.57
44653.92,12.57
44653.96,12.57
44654,12.57
44654.04,12.57
44654.08,12.57
44654.12,12.57
44654.17,12.57
44654.21,12.57
44654.25,12.57
44654.29,12.57
44654.33,12.57
44654.38,12.57
44654.42,12.57
44654.46,12.57
44654.5,12.57
44654.54,12.57
44654.58,12.57
44654.62,12.57
44654.67,12.57
44654.71,12.57
44654.75,12.57
44654.79,12.57
44654.83,12.57
44654.88,12.57
44654.92,12.57
44654.96,12.57
44655,12.57
44655.04,12.57
44655.08,12.57
44655.12,12.57
44655.17,12.57
44655.21,12.57
44655.25,12.57
44655.29,12.57
44655.33,12.57
44655.38,12.57
44655.42,12.57
44655.46,12.57
44655.5,12.57
44655.54,12.57
44655.58,12.57
44655.62,12.57
44655.67,12.57
44655.71,12.57
44655.75,12.57
44655.79,12.57
44655.83,12.57
44655.88,12.57
44655.92,12.57
44655.96,12.57
44656,12.57
44656.04,12.57
44656.08,12.57
44656.12,12.57
44656.17,12.57
44656.21,12.57
44656.25,12.57
44656.29,12.57
44656.33,12.57
44656.38,12.57
44656.42,12.57
44656.46,12.57
44656.5,12.57
44656.54,12.57
44656.58,12.57
44656.62,12.57
44656.67,12.57
44656.71,12.57
44656.75,12.57
44656.79,12.57
44656.83,12.57
44656.88,12.57
44656.92,12.57
44656.96,12.57
44657,12.57
44657.04,12.57
44657.08,12.57
44657.12,12.57
44657.17,12.57
44657.21,12.57
44657.25,12.57
44657.29,12.57
44657.33,12.57
44657.38,12.57
44657.42,12.57
44657.46,12.57
44657.5,12.57
44657.54,12.57
44657.58,12.57
44657.62,12.57
44657.67,12.57
44657.71,12.57
44657.75,12.57
44657.79,12.57
44657.83,12.57
44657.88,12.57
44657.92,12.57
44657.96,12.57
44658,12.57
44658.04,12.57
44658.08,12.57
44658.12,12.57
44658.17,12.57
44658.21,12.57
44658.25,12.57
44658.29,12.57
44658.33,12.57
44658.38,12.57
44658.42,12.57
44658.46,12.57
44658.5,12.57
44658.54,12.57
44658.58,12.57
44658.62,12.57
44658.67,12.57
44658.71,12.57
44658.75,12.57
44658.79,12.57
44658.83,12.57
44658.88,12.57
44658.92,12.57
44658.96,12.57
44659,12.57
44659.04,12.57
44659.08,12.57
44659.12,12.57
44659.17,12.57
44659.21,12.57
44659.25,12.57
44659.29,12.57
44659.33,12.57
44659.38,12.57
44659.42,12.57
44659.46,12.57
44659.5,12.57
44659.54,12.57
44659.58,12.57
44659.62,12.57
44659.67,12.57
44659.71,12.57
44659.75,12.57
44659.79,12.57
44659.83,12.57
44659.88,12.57
44659.92,12.57
44659.96,12.57
44660,12.57
44660.04,12.57
44660.08,12.57
44660.12,12.57
44660.17,12.57
44660.21,12.57
44660.25,12.57
44660.29,12.57
44660.33,12.57
44660.38,12.57
44660.42,12.57
44660.46,12.57
44660.5,12.57
44660.54,12.57
44660.58,12.57
44660.62,12.57
44660.67,12.57
44660.71,12.57
44660.75,12.57
44660.79,12.57
44660.83,12.57
44660.88,12.57
44660.92,12.57
44660.96,12.57
44661,12.57
44661.04,12.57
44661.08,12.57
44661.12,12.57
44661.17,12.57
44661.21,12.57
44661.25,12.57
44661.29,12.57
44661.33,12.57
44661.38,12.57
44661.42,12.57
44661.46,12.57
44661.5,12.57
44661.54,12.57
44661.58,12.57
44661.62,12.57
44661.67,12.57
44661.71,12.57
44661.75,12.57
44661.79,12.57
44661.83,12.57
44661.88,12.57
44661.92,12.57
44661.96,12.57
44662,12.57
44662.04,12.57
44662.08,12.57
44662.12,12.57
44662.17,12.57
44662.21,12.57
44662.25,12.57
44662.29,12.57
44662.33,12.57
44662.38,12.57
44662.42,12.57
44662.46,12.57
44662.5,12.57
44662.54,12.57
44662.58,12.57
44662.62,12.57
44662.67,12.57
44662.71,12.57
44662.75,12.57
44662.79,12.57
44662.83,12.57
44662.88,12.57
44662.92,12.57
44662.96,12.57
44663,12.57
44663.04,12.57
44663.08,12.57
44663.12,12.57
44663.17,12.57
44663.21,12.57
44663.25,12.57
44663.29,12.57
44663.33,12.57
44663.38,12.57
44663.42,12.57
44663.46,12.57
44663.5,12.57
44663.54,12.57
44663.58,12.57
44663.62,12.57
44663.67,12.57
44663.71,12.57
44663.75,12.57
44663.79,12.57
44663.83,12.57
44663.88,12.57
44663.92,12.57
44663.96,12.57
44664,12.57
44664.04,12.57
44664.08,12.57
44664.12,12.57
44664.17,12.57
44664.21,12.57
44664.25,12.57
44664.29,12.57
44664.33,12.57
44664.38,12.57
44664.42,12.57
44664.46,12.57
44664.5,12.57
44664.54,12.57
44664.58,12.57
44664.62,12.57
44664.67,12.57
44664.71,12.57
44664.75,12.57
44664.79,12.57
44664.83,12.57
44664.88,12.57
44664.92,12.57
44664.96,12.57
44665,12.57
44665.04,12.57
44665.08,12.57
44665.12,12.57
44665.17,12.57
44665.21,12.57
44665.25,12.57
44665.29,12.57
44665.33,12.57
44665.38,12.57
44665.42,12.57
44665.46,12.57
44665.5,12.57
44665.54,12.57
44665.58,12.57
44665.62,12.57
44665.67,12.57
44665.71,12.57
44665.75,12.57
44665.79,12.57
44665.83,12.57
44665.88,12.57
44665.92,12.57
44665.96,12.57
44666,12.57
44666.04,12.57
44666.08,12.57
44666.12,12.57
44666.17,12.57
44666.21,12.57
44666.25,12.57
44666.29,12.57
44666.33,12.57
44666.38,12.57
44666.42,12.57
44666.46,12.57
44666.5,12.57
44666.54,12.57
44666.58,12.57
44666.62,12.57
44666.67,12.57
44666.71,12.57
44666.75,12.57
44666.79,12.57
44666.83,12.57
44666.88,12.57
44666.92,12.57
44666.96,12.57
44667,12.57
44667.04,12.57
44667.08,12.57
44667.12,12.57
44667.17,12.57
44667.21,12.57
44667.25,12.57
44667.29,12.57
44667.33,12.57
44667.38,12.57
44667.42,12.57
44667.46,12.57
44667.5,12.57
44667.54,12.57
44667.58,12.57
44667.62,12.57
44667.67,12.57
44667.71,12.57
44667.75,12.57
44667.79,12.57
44667.83,12.57
44667.88,12.57
44667.92,12.57
44667.96,12.57
44668,12.57
44668.04,12.57
44668.08,12.57
44668.12,12.57
44668.17,12.57
44668.21,12.57
44668.25,12.57
44668.29,12.57
44668.33,12.57
44668.38,12.57
44668.42,12.57
44668.46,12.57
44668.5,12.57
44668.54,12.57
44668.58,12.57
44668.62,12.57
44668.67,12.57
44668.71,12.57
44668.75,12.57
44668.79,12.57
44668.83,12.57
44668.88,12.57
44668.92,12.57
44668.96,12.57
44669,12.57
44669.04,12.57
44669.08,12.57
44669.12,12.57
44669.17,12.57
44669.21,12.57
44669.25,12.57
44669.29,12.57
44669.33,12.57
44669.38,12.57
44669.42,12.57
44669.46,12.57
44669.5,12.57
44669.54,12.57
44669.58,12.57
44669.62,12.57
44669.67,12.57
44669.71,12.57
44669.75,12.57
44669.79,12.57
44669.83,12.57
44669.88,12.57
44669.92,12.57
44669.96,12.57
44670,12.57
44670.04,12.57
44670.08,12.57
44670.12,12.57
44670.17,12.57
44670.21,12.57
44670.25,12.57
44670.29,12.57
44670.33,12.57
44670.38,12.57
44670.42,12.57
44670.46,12.57
44670.5,12.57
44670.54,12.57
44670.58,12.57
44670.62,12.57
44670.67,12.57
44670.71,12.57
44670.75,12.57
44670.79,12.57
44670.83,12.57
44670.88,12.57
44670.92,12.57
44670.96,12.57
44671,12.57
44671.04,12.57
44671.08,12.57
44671.12,12.57
44671.17,12.57
44671.21,12.57
44671.25,12.57
44671.29,12.57
44671.33,12.57
44671.38,12.57
44671.42,12.57
44671.46,12.57
44671.5,12.57
44671.54,12.57
44671.58,12.57
44671.62,12.57
44671.67,12.57
44671.71,12.57
44671.75,12.57
44671.79,12.57
44671.83,12.57
44671.88,12.57
44671.92,12.57
44671.96,12.57
44672,12.57
44672.04,12.57
44672.08,12.57
44672.12,12.57
44672.17,12.57
44672.21,12.57
44672.25,12.57
44672.29,12.57
44672.33,12.57
44672.38,12.57
44672.42,12.57
44672.46,12.57
44672.5,12.57
44672.54,12.57
44672.58,12.57
44672.62,12.57
44672.67,12.57
44672.71,12.57
44672.75,12.57
44672.79,12.57
44672.83,12.57
44672.88,12.57
44672.92,12.57
44672.96,12.57
44673,12.57
44673.04,12.57
44673.08,12.57
44673.12,12.57
44673.17,12.57
44673.21,12.57
44673.25,12.57
44673.29,12.57
44673.33,12.57
44673.38,12.57
44673.42,12.57
44673.46,12.57
44673.5,12.57
44673.54,12.57
44673.58,12.57
44673.62,12.57
44673.67,12.57
44673.71,12.57
44673.75,12.57
44673.79,12.57
44673.83,12.57
44673.88,12.57
44673.92,12.57
44673.96,12.57
44674,12.57
44674.04,12.57
44674.08,12.57
44674.12,12.57
44674.17,12.57
44674.21,12.57
44674.25,12.57
44674.29,12.57
44674.33,12.57
44674.38,12.57
44674.42,12.57
44674.46,12.57
44674.5,12.57
44674.54,12.57
44674.58,12.57
44674.62,12.57
44674.67,12.57
44674.71,12.57
44674.75,12.57
44674.79,12.57
44674.83,12.57
44674.88,12.57
44674.92,12.57
44674.96,12.57
44675,12.57
44675.04,12.57
44675.08,12.57
44675.12,12.57
44675.17,12.57
44675.21,12.57
44675.25,12.57
44675.29,12.57
44675.33,12.57
44675.38,12.57
44675.42,12.57
44675.46,12.57
44675.5,12.57
44675.54,12.57
44675.58,12.57
44675.62,12.57
44675.67,12.57
44675.71,12.57
44675.75,12.57
44675.79,12.57
44675.83,12.57
44675.88,12.57
44675.92,12.57
44675.96,12.57
44676,12.57
44676.04,12.57
44676.08,12.57
44676.12,12.57
44676.17,12.57
44676.21,12.57
44676.25,12.57
44676.29,12.57
44676.33,12.57
44676.38,12.57
44676.42,12.57
44676.46,12.57
44676.5,12.57
44676.54,12.57
44676.58,12.57
44676.62,12.57
44676.67,12.57
44676.71,12.57
44676.75,12.57
44676.79,12.57
44676.83,12.57
44676.88,12.57
44676.92,12.57
44676.96,12.57
44677,12.57
44677.04,12.57
44677.08,12.57
44677.12,12.57
44677.17,12.57
44677.21,12.57
44677.25,12.57
44677.29,12.57
44677.33,12.57
44677.38,12.57
44677.42,12.57
44677.46,12.57
44677.5,12.57
44677.54,12.57
44677.58,12.57
44677.62,12.57
44677.67,12.57
44677.71,12.57
44677.75,12.57
44677.79,12.57
44677.83,12.57
44677.88,12.57
44677.92,12.57
44677.96,12.57
44678,12.57
44678.04,12.57
44678.08,12.57
44678.12,12.57
44678.17,12.57
44678.21,12.57
44678.25,12.57
44678.29,12.57
44678.33,12.57
44678.38,12.57
44678.42,12.57
44678.46,12.57
44678.5,12.57
44678.54,12.57
44678.58,12.57
44678.62,12.57
44678.67,12.57
44678.71,12.57
44678.75,12.57
44678.79,12.57
44678.83,12.57
44678.88,12.57
44678.92,12.57
44678.96,12.57
44679,12.57
44679.04,12.57
44679.08,12.57
44679.12,12.57
44679.17,12.57
44679.21,12.57
44679.25,12.57
44679.29,12.57
44679.33,12.57
44679.38,12.57
44679.42,12.57
44679.46,12.57
44679.5,12.57
44679.54,12.57
44679.58,12.57
44679.62,12.57
44679.67,12.57
44679.71,12.57
44679.75,12.57
44679.79,12.57
44679.83,12.57
44679.88,12.57
44679.92,12.57
44679.96,12.57
44680,12.57
44680.04,12.57
44680.08,12.57
44680.12,12.57
44680.17,12.57
44680.21,12.57
44680.25,12.57
44680.29,12.57
44680.33,12.57
44680.38,12.57
44680.42,12.57
44680.46,12.57
44680.5,12.57
44680.54,12.57
44680.58,12.57
44680.62,12.57
44680.67,12.57
44680.71,12.57
44680.75,12.57
44680.79,12.57
44680.83,12.57
44680.88,12.57
44680.92,12.57
44680.96,12.57
44681,12.57
44681.04,12.57
44681.08,12.57
44681.12,12.57
44681.17,12.57
44681.21,12.57
44681.25,12.57
44681.29,12.57
44681.33,12.57
44681.38,12.57
44681.42,12.57
44681.46,12.57
44681.5,12.57
44681.54,12.57
44681.58,12.57
44681.62,12.57
44681.67,12.57
44681.71,12.57
44681.75,12.57
44681.79,12.57
44681.83,12.57
44681.88,12.57
44681.92,12.57
44681.96,12.57
44682,10.22
44682.04,10.22
44682.08,10.22
44682.12,10.22
44682.17,10.22
44682.21,10.22
44682.25,10.22
44682.29,10.22
44682.33,10.22
44682.38,10.22
44682.42,10.22
44682.46,10.22
44682.5,10.22
44682.54,10.22
44682.58,10.22
44682.62,10.22
44682.67,10.22
44682.71,10.22
44682.75,10.22
44682.79,10.22
44682.83,10.22
44682.88,10.22
44682.92,10.22
44682.96,10.22
44683,10.22
44683.04,10.22
44683.08,10.22
44683.12,10.22
44683.17,10.22
44683.21,10.22
44683.25,10.22
44683.29,10.22
44683.33,10.22
44683.38,10.22
44683.42,10.22
44683.46,10.22
44683.5,10.22
44683.54,10.22
44683.58,10.22
44683.62,10.22
44683.67,10.22
44683.71,10.22
44683.75,10.22
44683.79,10.22
44683.83,10.22
44683.88,10.22
44683.92,10.22
44683.96,10.22
44684,10.22
44684.04,10.22
44684.08,10.22
44684.12,10.22
44684.17,10.22
44684.21,10.22
44684.25,10.22
44684.29,10.22
44684.33,10.22
44684.38,10.22
44684.42,10.22
44684.46,10.22
44684.5,10.22
44684.54,10.22
44684.58,10.22
44684.62,10.22
44684.67,10.22
44684.71,10.22
44684.75,10.22
44684.79,10.22
44684.83,10.22
44684.88,10.22
44684.92,10.22
44684.96,10.22
44685,10.22
44685.04,10.22
44685.08,10.22
44685.12,10.22
44685.17,10.22
44685.21,10.22
44685.25,10.22
44685.29,10.22
44685.33,10.22
44685.38,10.22
44685.42,10.22
44685.46,10.22
44685.5,10.22
44685.54,10.22
44685.58,10.22
44685.62,10.22
44685.67,10.22
44685.71,10.22
44685.75,10.22
44685.79,10.22
44685.83,10.22
44685.88,10.22
44685.92,10.22
44685.96,10.22
44686,10.22
44686.04,10.22
44686.08,10.22
44686.12,10.22
44686.17,10.22
44686.21,10.22
44686.25,10.22
44686.29,10.22
44686.33,10.22
44686.38,10.22
44686.42,10.22
44686.46,10.22
44686.5,10.22
44686.54,10.22
44686.58,10.22
44686.62,10.22
44686.67,10.22
44686.71,10.22
44686.75,10.22
44686.79,10.22
44686.83,10.22
44686.88,10.22
44686.92,10.22
44686.96,10.22
44687,10.22
44687.04,10.22
44687.08,10.22
44687.12,10.22
44687.17,10.22
44687.21,10.22
44687.25,10.22
44687.29,10.22
44687.33,10.22
44687.38,10.22
44687.42,10.22
44687.46,10.22
44687.5,10.22
44687.54,10.22
44687.58,10.22
44687.62,10.22
44687.67,10.22
44687.71,10.22
44687.75,10.22
44687.79,10.22
44687.83,10.22
44687.88,10.22
44687.92,10.22
44687.96,10.22
44688,10.22
44688.04,10.22
44688.08,10.22
44688.12,10.22
44688.17,10.22
44688.21,10.22
44688.25,10.22
44688.29,10.22
44688.33,10.22
44688.38,10.22
44688.42,10.22
44688.46,10.22
44688.5,10.22
44688.54,10.22
44688.58,10.22
44688.62,10.22
44688.67,10.22
44688.71,10.22
44688.75,10.22
44688.79,10.22
44688.83,10.22
44688.88,10.22
44688.92,10.22
44688.96,10.22
44689,10.22
44689.04,10.22
44689.08,10.22
44689.12,10.22
44689.17,10.22
44689.21,10.22
44689.25,10.22
44689.29,10.22
44689.33,10.22
44689.38,10.22
44689.42,10.22
44689.46,10.22
44689.5,10.22
44689.54,10.22
44689.58,10.22
44689.62,10.22
44689.67,10.22
44689.71,10.22
44689.75,10.22
44689.79,10.22
44689.83,10.22
44689.88,10.22
44689.92,10.22
44689.96,10.22
44690,10.22
44690.04,10.22
44690.08,10.22
44690.12,10.22
44690.17,10.22
44690.21,10.22
44690.25,10.22
44690.29,10.22
44690.33,10.22
44690.38,10.22
44690.42,10.22
44690.46,10.22
44690.5,10.22
44690.54,10.22
44690.58,10.22
44690.62,10.22
44690.67,10.22
44690.71,10.22
44690.75,10.22
44690.79,10.22
44690.83,10.22
44690.88,10.22
44690.92,10.22
44690.96,10.22
44691,10.22
44691.04,10.22
44691.08,10.22
44691.12,10.22
44691.17,10.22
44691.21,10.22
44691.25,10.22
44691.29,10.22
44691.33,10.22
44691.38,10.22
44691.42,10.22
44691.46,10.22
44691.5,10.22
44691.54,10.22
44691.58,10.22
44691.62,10.22
44691.67,10.22
44691.71,10.22
44691.75,10.22
44691.79,10.22
44691.83,10.22
44691.88,10.22
44691.92,10.22
44691.96,10.22
44692,10.22
44692.04,10.22
44692.08,10.22
44692.12,10.22
44692.17,10.22
44692.21,10.22
44692.25,10.22
44692.29,10.22
44692.33,10.22
44692.38,10.22
44692.42,10.22
44692.46,10.22
44692.5,10.22
44692.54,10.22
44692.58,10.22
44692.62,10.22
44692.67,10.22
44692.71,10.22
44692.75,10.22
44692.79,10.22
44692.83,10.22
44692.88,10.22
44692.92,10.22
44692.96,10.22
44693,10.22
44693.04,10.22
44693.08,10.22
44693.12,10.22
44693.17,10.22
44693.21,10.22
44693.25,10.22
44693.29,10.22
44693.33,10.22
44693.38,10.22
44693.42,10.22
44693.46,10.22
44693.5,10.22
44693.54,10.22
44693.58,10.22
44693.62,10.22
44693.67,10.22
44693.71,10.22
44693.75,10.22
44693.79,10.22
44693.83,10.22
44693.88,10.22
44693.92,10.22
44693.96,10.22
44694,10.22
44694.04,10.22
44694.08,10.22
44694.12,10.22
44694.17,10.22
44694.21,10.22
44694.25,10.22
44694.29,10.22
44694.33,10.22
44694.38,10.22
44694.42,10.22
44694.46,10.22
44694.5,10.22
44694.54,10.22
44694.58,10.22
44694.62,10.22
44694.67,10.22
44694.71,10.22
44694.75,10.22
44694.79,10.22
44694.83,10.22
44694.88,10.22
44694.92,10.22
44694.96,10.22
44695,10.22
44695.04,10.22
44695.08,10.22
44695.12,10.22
44695.17,10.22
44695.21,10.22
44695.25,10.22
44695.29,10.22
44695.33,10.22
44695.38,10.22
44695.42,10.22
44695.46,10.22
44695.5,10.22
44695.54,10.22
44695.58,10.22
44695.62,10.22
44695.67,10.22
44695.71,10.22
44695.75,10.22
44695.79,10.22
44695.83,10.22
44695.88,10.22
44695.92,10.22
44695.96,10.22
44696,10.22
44696.04,10.22
44696.08,10.22
44696.12,10.22
44696.17,10.22
44696.21,10.22
44696.25,10.22
44696.29,10.22
44696.33,10.22
44696.38,10.22
44696.42,10.22
44696.46,10.22
44696.5,10.22
44696.54,10.22
44696.58,10.22
44696.62,10.22
44696.67,10.22
44696.71,10.22
44696.75,10.22
44696.79,10.22
44696.83,10.22
44696.88,10.22
44696.92,10.22
44696.96,10.22
44697,10.22
44697.04,10.22
44697.08,10.22
44697.12,10.22
44697.17,10.22
44697.21,10.22
44697.25,10.22
44697.29,10.22
44697.33,10.22
44697.38,10.22
44697.42,10.22
44697.46,10.22
44697.5,10.22
44697.54,10.22
44697.58,10.22
44697.62,10.22
44697.67,10.22
44697.71,10.22
44697.75,10.22
44697.79,10.22
44697.83,10.22
44697.88,10.22
44697.92,10.22
44697.96,10.22
44698,10.22
44698.04,10.22
44698.08,10.22
44698.12,10.22
44698.17,10.22
44698.21,10.22
44698.25,10.22
44698.29,10.22
44698.33,10.22
44698.38,10.22
44698.42,10.22
44698.46,10.22
44698.5,10.22
44698.54,10.22
44698.58,10.22
44698.62,10.22
44698.67,10.22
44698.71,10.22
44698.75,10.22
44698.79,10.22
44698.83,10.22
44698.88,10.22
44698.92,10.22
44698.96,10.22
44699,10.22
44699.04,10.22
44699.08,10.22
44699.12,10.22
44699.17,10.22
44699.21,10.22
44699.25,10.22
44699.29,10.22
44699.33,10.22
44699.38,10.22
44699.42,10.22
44699.46,10.22
44699.5,10.22
44699.54,10.22
44699.58,10.22
44699.62,10.22
44699.67,10.22
44699.71,10.22
44699.75,10.22
44699.79,10.22
44699.83,10.22
44699.88,10.22
44699.92,10.22
44699.96,10.22
44700,10.22
44700.04,10.22
44700.08,10.22
44700.12,10.22
44700.17,10.22
44700.21,10.22
44700.25,10.22
44700.29,10.22
44700.33,10.22
44700.38,10.22
44700.42,10.22
44700.46,10.22
44700.5,10.22
44700.54,10.22
44700.58,10.22
44700.62,10.22
44700.67,10.22
44700.71,10.22
44700.75,10.22
44700.79,10.22
44700.83,10.22
44700.88,10.22
44700.92,10.22
44700.96,10.22
44701,10.22
44701.04,10.22
44701.08,10.22
44701.12,10.22
44701.17,10.22
44701.21,10.22
44701.25,10.22
44701.29,10.22
44701.33,10.22
44701.38,10.22
44701.42,10.22
44701.46,10.22
44701.5,10.22
44701.54,10.22
44701.58,10.22
44701.62,10.22
44701.67,10.22
44701.71,10.22
44701.75,10.22
44701.79,10.22
44701.83,10.22
44701.88,10.22
44701.92,10.22
44701.96,10.22
44702,10.22
44702.04,10.22
44702.08,10.22
44702.12,10.22
44702.17,10.22
44702.21,10.22
44702.25,10.22
44702.29,10.22
44702.33,10.22
44702.38,10.22
44702.42,10.22
44702.46,10.22
44702.5,10.22
44702.54,10.22
44702.58,10.22
44702.62,10.22
44702.67,10.22
44702.71,10.22
44702.75,10.22
44702.79,10.22
44702.83,10.22
44702.88,10.22
44702.92,10.22
44702.96,10.22
44703,10.22
44703.04,10.22
44703.08,10.22
44703.12,10.22
44703.17,10.22
44703.21,10.22
44703.25,10.22
44703.29,10.22
44703.33,10.22
44703.38,10.22
44703.42,10.22
44703.46,10.22
44703.5,10.22
44703.54,10.22
44703.58,10.22
44703.62,10.22
44703.67,10.22
44703.71,10.22
44703.75,10.22
44703.79,10.22
44703.83,10.22
44703.88,10.22
44703.92,10.22
44703.96,10.22
44704,10.22
44704.04,10.22
44704.08,10.22
44704.12,10.22
44704.17,10.22
44704.21,10.22
44704.25,10.22
44704.29,10.22
44704.33,10.22
44704.38,10.22
44704.42,10.22
44704.46,10.22
44704.5,10.22
44704.54,10.22
44704.58,10.22
44704.62,10.22
44704.67,10.22
44704.71,10.22
44704.75,10.22
44704.79,10.22
44704.83,10.22
44704.88,10.22
44704.92,10.22
44704.96,10.22
44705,10.22
44705.04,10.22
44705.08,10.22
44705.12,10.22
44705.17,10.22
44705.21,10.22
44705.25,10.22
44705.29,10.22
44705.33,10.22
44705.38,10.22
44705.42,10.22
44705.46,10.22
44705.5,10.22
44705.54,10.22
44705.58,10.22
44705.62,10.22
44705.67,10.22
44705.71,10.22
44705.75,10.22
44705.79,10.22
44705.83,10.22
44705.88,10.22
44705.92,10.22
44705.96,10.22
44706,10.22
44706.04,10.22
44706.08,10.22
44706.12,10.22
44706.17,10.22
44706.21,10.22
44706.25,10.22
44706.29,10.22
44706.33,10.22
44706.38,10.22
44706.42,10.22
44706.46,10.22
44706.5,10.22
44706.54,10.22
44706.58,10.22
44706.62,10.22
44706.67,10.22
44706.71,10.22
44706.75,10.22
44706.79,10.22
44706.83,10.22
44706.88,10.22
44706.92,10.22
44706.96,10.22
44707,10.22
44707.04,10.22
44707.08,10.22
44707.12,10.22
44707.17,10.22
44707.21,10.22
44707.25,10.22
44707.29,10.22
44707.33,10.22
44707.38,10.22
44707.42,10.22
44707.46,10.22
44707.5,10.22
44707.54,10.22
44707.58,10.22
44707.62,10.22
44707.67,10.22
44707.71,10.22
44707.75,10.22
44707.79,10.22
44707.83,10.22
44707.88,10.22
44707.92,10.22
44707.96,10.22
44708,10.22
44708.04,10.22
44708.08,10.22
44708.12,10.22
44708.17,10.22
44708.21,10.22
44708.25,10.22
44708.29,10.22
44708.33,10.22
44708.38,10.22
44708.42,10.22
44708.46,10.22
44708.5,10.22
44708.54,10.22
44708.58,10.22
44708.62,10.22
44708.67,10.22
44708.71,10.22
44708.75,10.22
44708.79,10.22
44708.83,10.22
44708.88,10.22
44708.92,10.22
44708.96,10.22
44709,10.22
44709.04,10.22
44709.08,10.22
44709.12,10.22
44709.17,10.22
44709.21,10.22
44709.25,10.22
44709.29,10.22
44709.33,10.22
44709.38,10.22
44709.42,10.22
44709.46,10.22
44709.5,10.22
44709.54,10.22
44709.58,10.22
44709.62,10.22
44709.67,10.22
44709.71,10.22
44709.75,10.22
44709.79,10.22
44709.83,10.22
44709.88,10.22
44709.92,10.22
44709.96,10.22
44710,10.22
44710.04,10.22
44710.08,10.22
44710.12,10.22
44710.17,10.22
44710.21,10.22
44710.25,10.22
44710.29,10.22
44710.33,10.22
44710.38,10.22
44710.42,10.22
44710.46,10.22
44710.5,10.22
44710.54,10.22
44710.58,10.22
44710.62,10.22
44710.67,10.22
44710.71,10.22
44710.75,10.22
44710.79,10.22
44710.83,10.22
44710.88,10.22
44710.92,10.22
44710.96,10.22
44711,10.22
44711.04,10.22
44711.08,10.22
44711.12,10.22
44711.17,10.22
44711.21,10.22
44711.25,10.22
44711.29,10.22
44711.33,10.22
44711.38,10.22
44711.42,10.22
44711.46,10.22
44711.5,10.22
44711.54,10.22
44711.58,10.22
44711.62,10.22
44711.67,10.22
44711.71,10.22
44711.75,10.22
44711.79,10.22
44711.83,10.22
44711.88,10.22
44711.92,10.22
44711.96,10.22
44712,10.22
44712.04,10.22
44712.08,10.22
44712.12,10.22
44712.17,10.22
44712.21,10.22
44712.25,10.22
44712.29,10.22
44712.33,10.22
44712.38,10.22
44712.42,10.22
44712.46,10.22
44712.5,10.22
44712.54,10.22
44712.58,10.22
44712.62,10.22
44712.67,10.22
44712.71,10.22
44712.75,10.22
44712.79,10.22
44712.83,10.22
44712.88,10.22
44712.92,10.22
44712.96,10.22
44713,25.15
44713.04,25.15
44713.08,25.15
44713.12,25.15
44713.17,25.15
44713.21,25.15
44713.25,25.15
44713.29,25.15
44713.33,25.15
44713.38,25.15
44713.42,25.15
44713.46,25.15
44713.5,25.15
44713.54,25.15
44713.58,25.15
44713.62,25.15
44713.67,25.15
44713.71,25.15
44713.75,25.15
44713.79,25.15
44713.83,25.15
44713.88,25.15
44713.92,25.15
44713.96,25.15
44714,25.15
44714.04,25.15
44714.08,25.15
44714.12,25.15
44714.17,25.15
44714.21,25.15
44714.25,25.15
44714.29,25.15
44714.33,25.15
44714.38,25.15
44714.42,25.15
44714.46,25.15
44714.5,25.15
44714.54,25.15
44714.58,25.15
44714.62,25.15
44714.67,25.15
44714.71,25.15
44714.75,25.15
44714.79,25.15
44714.83,25.15
44714.88,25.15
44714.92,25.15
44714.96,25.15
44715,25.15
44715.04,25.15
44715.08,25.15
44715.12,25.15
44715.17,25.15
44715.21,25.15
44715.25,25.15
44715.29,25.15
44715.33,25.15
44715.38,25.15
44715.42,25.15
44715.46,25.15
44715.5,25.15
44715.54,25.15
44715.58,25.15
44715.62,25.15
44715.67,25.15
44715.71,25.15
44715.75,25.15
44715.79,25.15
44715.83,25.15
44715.88,25.15
44715.92,25.15
44715.96,25.15
44716,25.15
44716.04,25.15
44716.08,25.15
44716.12,25.15
44716.17,25.15
44716.21,25.15
44716.25,25.15
44716.29,25.15
44716.33,25.15
44716.38,25.15
44716.42,25.15
44716.46,25.15
44716.5,25.15
44716.54,25.15
44716.58,25.15
44716.62,25.15
44716.67,25.15
44716.71,25.15
44716.75,25.15
44716.79,25.15
44716.83,25.15
44716.88,25.15
44716.92,25.15
44716.96,25.15
44717,25.15
44717.04,25.15
44717.08,25.15
44717.12,25.15
44717.17,25.15
44717.21,25.15
44717.25,25.15
44717.29,25.15
44717.33,25.15
44717.38,25.15
44717.42,25.15
44717.46,25.15
44717.5,25.15
44717.54,25.15
44717.58,25.15
44717.62,25.15
44717.67,25.15
44717.71,25.15
44717.75,25.15
44717.79,25.15
44717.83,25.15
44717.88,25.15
44717.92,25.15
44717.96,25.15
44718,25.15
44718.04,25.15
44718.08,25.15
44718.12,25.15
44718.17,25.15
44718.21,25.15
44718.25,25.15
44718.29,25.15
44718.33,25.15
44718.38,25.15
44718.42,25.15
44718.46,25.15
44718.5,25.15
44718.54,25.15
44718.58,25.15
44718.62,25.15
44718.67,25.15
44718.71,25.15
44718.75,25.15
44718.79,25.15
44718.83,25.15
44718.88,25.15
44718.92,25.15
44718.96,25.15
44719,25.15
44719.04,25.15
44719.08,25.15
44719.12,25.15
44719.17,25.15
44719.21,25.15
44719.25,25.15
44719.29,25.15
44719.33,25.15
44719.38,25.15
44719.42,25.15
44719.46,25.15
44719.5,25.15
44719.54,25.15
44719.58,25.15
44719.62,25.15
44719.67,25.15
44719.71,25.15
44719.75,25.15
44719.79,25.15
44719.83,25.15
44719.88,25.15
44719.92,25.15
44719.96,25.15
44720,25.15
44720.04,25.15
44720.08,25.15
44720.12,25.15
44720.17,25.15
44720.21,25.15
44720.25,25.15
44720.29,25.15
44720.33,25.15
44720.38,25.15
44720.42,25.15
44720.46,25.15
44720.5,25.15
44720.54,25.15
44720.58,25.15
44720.62,25.15
44720.67,25.15
44720.71,25.15
44720.75,25.15
44720.79,25.15
44720.83,25.15
44720.88,25.15
44720.92,25.15
44720.96,25.15
44721,25.15
44721.04,25.15
44721.08,25.15
44721.12,25.15
44721.17,25.15
44721.21,25.15
44721.25,25.15
44721.29,25.15
44721.33,25.15
44721.38,25.15
44721.42,25.15
44721.46,25.15
44721.5,25.15
44721.54,25.15
44721.58,25.15
44721.62,25.15
44721.67,25.15
44721.71,25.15
44721.75,25.15
44721.79,25.15
44721.83,25.15
44721.88,25.15
44721.92,25.15
44721.96,25.15
44722,25.15
44722.04,25.15
44722.08,25.15
44722.12,25.15
44722.17,25.15
44722.21,25.15
44722.25,25.15
44722.29,25.15
44722.33,25.15
44722.38,25.15
44722.42,25.15
44722.46,25.15
44722.5,25.15
44722.54,25.15
44722.58,25.15
44722.62,25.15
44722.67,25.15
44722.71,25.15
44722.75,25.15
44722.79,25.15
44722.83,25.15
44722.88,25.15
44722.92,25.15
44722.96,25.15
44723,25.15
44723.04,25.15
44723.08,25.15
44723.12,25.15
44723.17,25.15
44723.21,25.15
44723.25,25.15
44723.29,25.15
44723.33,25.15
44723.38,25.15
44723.42,25.15
44723.46,25.15
44723.5,25.15
44723.54,25.15
44723.58,25.15
44723.62,25.15
44723.67,25.15
44723.71,25.15
44723.75,25.15
44723.79,25.15
44723.83,25.15
44723.88,25.15
44723.92,25.15
44723.96,25.15
44724,25.15
44724.04,25.15
44724.08,25.15
44724.12,25.15
44724.17,25.15
44724.21,25.15
44724.25,25.15
44724.29,25.15
44724.33,25.15
44724.38,25.15
44724.42,25.15
44724.46,25.15
44724.5,25.15
44724.54,25.15
44724.58,25.15
44724.62,25.15
44724.67,25.15
44724.71,25.15
44724.75,25.15
44724.79,25.15
44724.83,25.15
44724.88,25.15
44724.92,25.15
44724.96,25.15
44725,25.15
44725.04,25.15
44725.08,25.15
44725.12,25.15
44725.17,25.15
44725.21,25.15
44725.25,25.15
44725.29,25.15
44725.33,25.15
44725.38,25.15
44725.42,25.15
44725.46,25.15
44725.5,25.15
44725.54,25.15
44725.58,25.15
44725.62,25.15
44725.67,25.15
44725.71,25.15
44725.75,25.15
44725.79,25.15
44725.83,25.15
44725.88,25.15
44725.92,25.15
44725.96,25.15
44726,25.15
44726.04,25.15
44726.08,25.15
44726.12,25.15
44726.17,25.15
44726.21,25.15
44726.25,25.15
44726.29,25.15
44726.33,25.15
44726.38,25.15
44726.42,25.15
44726.46,25.15
44726.5,25.15
44726.54,25.15
44726.58,25.15
44726.62,25.15
44726.67,25.15
44726.71,25.15
44726.75,25.15
44726.79,25.15
44726.83,25.15
44726.88,25.15
44726.92,25.15
44726.96,25.15
44727,25.15
44727.04,25.15
44727.08,25.15
44727.12,25.15
44727.17,25.15
44727.21,25.15
44727.25,25.15
44727.29,25.15
44727.33,25.15
44727.38,25.15
44727.42,25.15
44727.46,25.15
44727.5,25.15
44727.54,25.15
44727.58,25.15
44727.62,25.15
44727.67,25.15
44727.71,25.15
44727.75,25.15
44727.79,25.15
44727.83,25.15
44727.88,25.15
44727.92,25.15
44727.96,25.15
44728,25.15
44728.04,25.15
44728.08,25.15
44728.12,25.15
44728.17,25.15
44728.21,25.15
44728.25,25.15
44728.29,25.15
44728.33,25.15
44728.38,25.15
44728.42,25.15
44728.46,25.15
44728.5,25.15
44728.54,25.15
44728.58,25.15
44728.62,25.15
44728.67,25.15
44728.71,25.15
44728.75,25.15
44728.79,25.15
44728.83,25.15
44728.88,25.15
44728.92,25.15
44728.96,25.15
44729,25.15
44729.04,25.15
44729.08,25.15
44729.12,25.15
44729.17,25.15
44729.21,25.15
44729.25,25.15
44729.29,25.15
44729.33,25.15
44729.38,25.15
44729.42,25.15
44729.46,25.15
44729.5,25.15
44729.54,25.15
44729.58,25.15
44729.62,25.15
44729.67,25.15
44729.71,25.15
44729.75,25.15
44729.79,25.15
44729.83,25.15
44729.88,25.15
44729.92,25.15
44729.96,25.15
44730,25.15
44730.04,25.15
44730.08,25.15
44730.12,25.15
44730.17,25.15
44730.21,25.15
44730.25,25.15
44730.29,25.15
44730.33,25.15
44730.38,25.15
44730.42,25.15
44730.46,25.15
44730.5,25.15
44730.54,25.15
44730.58,25.15
44730.62,25.15
44730.67,25.15
44730.71,25.15
44730.75,25.15
44730.79,25.15
44730.83,25.15
44730.88,25.15
44730.92,25.15
44730.96,25.15
44731,25.15
44731.04,25.15
44731.08,25.15
44731.12,25.15
44731.17,25.15
44731.21,25.15
44731.25,25.15
44731.29,25.15
44731.33,25.15
44731.38,25.15
44731.42,25.15
44731.46,25.15
44731.5,25.15
44731.54,25.15
44731.58,25.15
44731.62,25.15
44731.67,25.15
44731.71,25.15
44731.75,25.15
44731.79,25.15
44731.83,25.15
44731.88,25.15
44731.92,25.15
44731.96,25.15
44732,25.15
44732.04,25.15
44732.08,25.15
44732.12,25.15
44732.17,25.15
44732.21,25.15
44732.25,25.15
44732.29,25.15
44732.33,25.15
44732.38,25.15
44732.42,25.15
44732.46,25.15
44732.5,25.15
44732.54,25.15
44732.58,25.15
44732.62,25.15
44732.67,25.15
44732.71,25.15
44732.75,25.15
44732.79,25.15
44732.83,25.15
44732.88,25.15
44732.92,25.15
44732.96,25.15
44733,25.15
44733.04,25.15
44733.08,25.15
44733.12,25.15
44733.17,25.15
44733.21,25.15
44733.25,25.15
44733.29,25.15
44733.33,25.15
44733.38,25.15
44733.42,25.15
44733.46,25.15
44733.5,25.15
44733.54,25.15
44733.58,25.15
44733.62,25.15
44733.67,25.15
44733.71,25.15
44733.75,25.15
44733.79,25.15
44733.83,25.15
44733.88,25.15
44733.92,25.15
44733.96,25.15
44734,25.15
44734.04,25.15
44734.08,25.15
44734.12,25.15
44734.17,25.15
44734.21,25.15
44734.25,25.15
44734.29,25.15
44734.33,25.15
44734.38,25.15
44734.42,25.15
44734.46,25.15
44734.5,25.15
44734.54,25.15
44734.58,25.15
44734.62,25.15
44734.67,25.15
44734.71,25.15
44734.75,25.15
44734.79,25.15
44734.83,25.15
44734.88,25.15
44734.92,25.15
44734.96,25.15
44735,25.15
44735.04,25.15
44735.08,25.15
44735.12,25.15
44735.17,25.15
44735.21,25.15
44735.25,25.15
44735.29,25.15
44735.33,25.15
44735.38,25.15
44735.42,25.15
44735.46,25.15
44735.5,25.15
44735.54,25.15
44735.58,25.15
44735.62,25.15
44735.67,25.15
44735.71,25.15
44735.75,25.15
44735.79,25.15
44735.83,25.15
44735.88,25.15
44735.92,25.15
44735.96,25.15
44736,25.15
44736.04,25.15
44736.08,25.15
44736.12,25.15
44736.17,25.15
44736.21,25.15
44736.25,25.15
44736.29,25.15
44736.33,25.15
44736.38,25.15
44736.42,25.15
44736.46,25.15
44736.5,25.15
44736.54,25.15
44736.58,25.15
44736.62,25.15
44736.67,25.15
44736.71,25.15
44736.75,25.15
44736.79,25.15
44736.83,25.15
44736.88,25.15
44736.92,25.15
44736.96,25.15
44737,25.15
44737.04,25.15
44737.08,25.15
44737.12,25.15
44737.17,25.15
44737.21,25.15
44737.25,25.15
44737.29,25.15
44737.33,25.15
44737.38,25.15
44737.42,25.15
44737.46,25.15
44737.5,25.15
44737.54,25.15
44737.58,25.15
44737.62,25.15
44737.67,25.15
44737.71,25.15
44737.75,25.15
44737.79,25.15
44737.83,25.15
44737.88,25.15
44737.92,25.15
44737.96,25.15
44738,25.15
44738.04,25.15
44738.08,25.15
44738.12,25.15
44738.17,25.15
44738.21,25.15
44738.25,25.15
44738.29,25.15
44738.33,25.15
44738.38,25.15
44738.42,25.15
44738.46,25.15
44738.5,25.15
44738.54,25.15
44738.58,25.15
44738.62,25.15
44738.67,25.15
44738.71,25.15
44738.75,25.15
44738.79,25.15
44738.83,25.15
44738.88,25.15
44738.92,25.15
44738.96,25.15
44739,25.15
44739.04,25.15
44739.08,25.15
44739.12,25.15
44739.17,25.15
44739.21,25.15
44739.25,25.15
44739.29,25.15
44739.33,25.15
44739.38,25.15
44739.42,25.15
44739.46,25.15
44739.5,25.15
44739.54,25.15
44739.58,25.15
44739.62,25.15
44739.67,25.15
44739.71,25.15
44739.75,25.15
44739.79,25.15
44739.83,25.15
44739.88,25.15
44739.92,25.15
44739.96,25.15
44740,25.15
44740.04,25.15
44740.08,25.15
44740.12,25.15
44740.17,25.15
44740.21,25.15
44740.25,25.15
44740.29,25.15
44740.33,25.15
44740.38,25.15
44740.42,25.15
44740.46,25.15
44740.5,25.15
44740.54,25.15
44740.58,25.15
44740.62,25.15
44740.67,25.15
44740.71,25.15
44740.75,25.15
44740.79,25.15
44740.83,25.15
44740.88,25.15
44740.92,25.15
44740.96,25.15
44741,25.15
44741.04,25.15
44741.08,25.15
44741.12,25.15
44741.17,25.15
44741.21,25.15
44741.25,25.15
44741.29,25.15
44741.33,25.15
44741.38,25.15
44741.42,25.15
44741.46,25.15
44741.5,25.15
44741.54,25.15
44741.58,25.15
44741.62,25.15
44741.67,25.15
44741.71,25.15
44741.75,25.15
44741.79,25.15
44741.83,25.15
44741.88,25.15
44741.92,25.15
44741.96,25.15
44742,25.15
44742.04,25.15
44742.08,25.15
44742.12,25.15
44742.17,25.15
44742.21,25.15
44742.25,25.15
44742.29,25.15
44742.33,25.15
44742.38,25.15
44742.42,25.15
44742.46,25.15
44742.5,25.15
44742.54,25.15
44742.58,25.15
44742.62,25.15
44742.67,25.15
44742.71,25.15
44742.75,25.15
44742.79,25.15
44742.83,25.15
44742.88,25.15
44742.92,25.15
44742.96,25.15
44743,216.89
44743.04,216.89
44743.08,216.89
44743.12,216.89
44743.17,216.89
44743.21,216.89
44743.25,216.89
44743.29,216.89
44743.33,216.89
44743.38,216.89
44743.42,216.89
44743.46,216.89
44743.5,216.89
44743.54,216.89
44743.58,216.89
44743.62,216.89
44743.67,216.89
44743.71,216.89
44743.75,216.89
44743.79,216.89
44743.83,216.89
44743.88,216.89
44743.92,216.89
44743.96,216.89
44744,216.89
44744.04,216.89
44744.08,216.89
44744.12,216.89
44744.17,216.89
44744.21,216.89
44744.25,216.89
44744.29,216.89
44744.33,216.89
44744.38,216.89
44744.42,216.89
44744.46,216.89
44744.5,216.89
44744.54,216.89
44744.58,216.89
44744.62,216.89
44744.67,216.89
44744.71,216.89
44744.75,216.89
44744.79,216.89
44744.83,216.89
44744.88,216.89
44744.92,216.89
44744.96,216.89
44745,216.89
44745.04,216.89
44745.08,216.89
44745.12,216.89
44745.17,216.89
44745.21,216.89
44745.25,216.89
44745.29,216.89
44745.33,216.89
44745.38,216.89
44745.42,216.89
44745.46,216.89
44745.5,216.89
44745.54,216.89
44745.58,216.89
44745.62,216.89
44745.67,216.89
44745.71,216.89
44745.75,216.89
44745.79,216.89
44745.83,216.89
44745.88,216.89
44745.92,216.89
44745.96,216.89
44746,216.89
44746.04,216.89
44746.08,216.89
44746.12,216.89
44746.17,216.89
44746.21,216.89
44746.25,216.89
44746.29,216.89
44746.33,216.89
44746.38,216.89
44746.42,216.89
44746.46,216.89
44746.5,216.89
44746.54,216.89
44746.58,216.89
44746.62,216.89
44746.67,216.89
44746.71,216.89
44746.75,216.89
44746.79,216.89
44746.83,216.89
44746.88,216.89
44746.92,216.89
44746.96,216.89
44747,216.89
44747.04,216.89
44747.08,216.89
44747.12,216.89
44747.17,216.89
44747.21,216.89
44747.25,216.89
44747.29,216.89
44747.33,216.89
44747.38,216.89
44747.42,216.89
44747.46,216.89
44747.5,216.89
44747.54,216.89
44747.58,216.89
44747.62,216.89
44747.67,216.89
44747.71,216.89
44747.75,216.89
44747.79,216.89
44747.83,216.89
44747.88,216.89
44747.92,216.89
44747.96,216.89
44748,216.89
44748.04,216.89
44748.08,216.89
44748.12,216.89
44748.17,216.89
44748.21,216.89
44748.25,216.89
44748.29,216.89
44748.33,216.89
44748.38,216.89
44748.42,216.89
44748.46,216.89
44748.5,216.89
44748.54,216.89
44748.58,216.89
44748.62,216.89
44748.67,216.89
44748.71,216.89
44748.75,216.89
44748.79,216.89
44748.83,216.89
44748.88,216.89
44748.92,216.89
44748.96,216.89
44749,216.89
44749.04,216.89
44749.08,216.89
44749.12,216.89
44749.17,216.89
44749.21,216.89
44749.25,216.89
44749.29,216.89
44749.33,216.89
44749.38,216.89
44749.42,216.89
44749.46,216.89
44749.5,216.89
44749.54,216.89
44749.58,216.89
44749.62,216.89
44749.67,216.89
44749.71,216.89
44749.75,216.89
44749.79,216.89
44749.83,216.89
44749.88,216.89
44749.92,216.89
44749.96,216.89
44750,216.89
44750.04,216.89
44750.08,216.89
44750.12,216.89
44750.17,216.89
44750.21,216.89
44750.25,216.89
44750.29,216.89
44750.33,216.89
44750.38,216.89
44750.42,216.89
44750.46,216.89
44750.5,216.89
44750.54,216.89
44750.58,216.89
44750.62,216.89
44750.67,216.89
44750.71,216.89
44750.75,216.89
44750.79,216.89
44750.83,216.89
44750.88,216.89
44750.92,216.89
44750.96,216.89
44751,216.89
44751.04,216.89
44751.08,216.89
44751.12,216.89
44751.17,216.89
44751.21,216.89
44751.25,216.89
44751.29,216.89
44751.33,216.89
44751.38,216.89
44751.42,216.89
44751.46,216.89
44751.5,216.89
44751.54,216.89
44751.58,216.89
44751.62,216.89
44751.67,216.89
44751.71,216.89
44751.75,216.89
44751.79,216.89
44751.83,216.89
44751.88,216.89
44751.92,216.89
44751.96,216.89
44752,216.89
44752.04,216.89
44752.08,216.89
44752.12,216.89
44752.17,216.89
44752.21,216.89
44752.25,216.89
44752.29,216.89
44752.33,216.89
44752.38,216.89
44752.42,216.89
44752.46,216.89
44752.5,216.89
44752.54,216.89
44752.58,216.89
44752.62,216.89
44752.67,216.89
44752.71,216.89
44752.75,216.89
44752.79,216.89
44752.83,216.89
44752.88,216.89
44752.92,216.89
44752.96,216.89
44753,216.89
44753.04,216.89
44753.08,216.89
44753.12,216.89
44753.17,216.89
44753.21,216.89
44753.25,216.89
44753.29,216.89
44753.33,216.89
44753.38,216.89
44753.42,216.89
44753.46,216.89
44753.5,216.89
44753.54,216.89
44753.58,216.89
44753.62,216.89
44753.67,216.89
44753.71,216.89
44753.75,216.89
44753.79,216.89
44753.83,216.89
44753.88,216.89
44753.92,216.89
44753.96,216.89
44754,216.89
44754.04,216.89
44754.08,216.89
44754.12,216.89
44754.17,216.89
44754.21,216.89
44754.25,216.89
44754.29,216.89
44754.33,216.89
44754.38,216.89
44754.42,216.89
44754.46,216.89
44754.5,216.89
44754.54,216.89
44754.58,216.89
44754.62,216.89
44754.67,216.89
44754.71,216.89
44754.75,216.89
44754.79,216.89
44754.83,216.89
44754.88,216.89
44754.92,216.89
44754.96,216.89
44755,216.89
44755.04,216.89
44755.08,216.89
44755.12,216.89
44755.17,216.89
44755.21,216.89
44755.25,216.89
44755.29,216.89
44755.33,216.89
44755.38,216.89
44755.42,216.89
44755.46,216.89
44755.5,216.89
44755.54,216.89
44755.58,216.89
44755.62,216.89
44755.67,216.89
44755.71,216.89
44755.75,216.89
44755.79,216.89
44755.83,216.89
44755.88,216.89
44755.92,216.89
44755.96,216.89
44756,216.89
44756.04,216.89
44756.08,216.89
44756.12,216.89
44756.17,216.89
44756.21,216.89
44756.25,216.89
44756.29,216.89
44756.33,216.89
44756.38,216.89
44756.42,216.89
44756.46,216.89
44756.5,216.89
44756.54,216.89
44756.58,216.89
44756.62,216.89
44756.67,216.89
44756.71,216.89
44756.75,216.89
44756.79,216.89
44756.83,216.89
44756.88,216.89
44756.92,216.89
44756.96,216.89
44757,216.89
44757.04,216.89
44757.08,216.89
44757.12,216.89
44757.17,216.89
44757.21,216.89
44757.25,216.89
44757.29,216.89
44757.33,216.89
44757.38,216.89
44757.42,216.89
44757.46,216.89
44757.5,216.89
44757.54,216.89
44757.58,216.89
44757.62,216.89
44757.67,216.89
44757.71,216.89
44757.75,216.89
44757.79,216.89
44757.83,216.89
44757.88,216.89
44757.92,216.89
44757.96,216.89
44758,216.89
44758.04,216.89
44758.08,216.89
44758.12,216.89
44758.17,216.89
44758.21,216.89
44758.25,216.89
44758.29,216.89
44758.33,216.89
44758.38,216.89
44758.42,216.89
44758.46,216.89
44758.5,216.89
44758.54,216.89
44758.58,216.89
44758.62,216.89
44758.67,216.89
44758.71,216.89
44758.75,216.89
44758.79,216.89
44758.83,216.89
44758.88,216.89
44758.92,216.89
44758.96,216.89
44759,216.89
44759.04,216.89
44759.08,216.89
44759.12,216.89
44759.17,216.89
44759.21,216.89
44759.25,216.89
44759.29,216.89
44759.33,216.89
44759.38,216.89
44759.42,216.89
44759.46,216.89
44759.5,216.89
44759.54,216.89
44759.58,216.89
44759.62,216.89
44759.67,216.89
44759.71,216.89
44759.75,216.89
44759.79,216.89
44759.83,216.89
44759.88,216.89
44759.92,216.89
44759.96,216.89
44760,216.89
44760.04,216.89
44760.08,216.89
44760.12,216.89
44760.17,216.89
44760.21,216.89
44760.25,216.89
44760.29,216.89
44760.33,216.89
44760.38,216.89
44760.42,216.89
44760.46,216.89
44760.5,216.89
44760.54,216.89
44760.58,216.89
44760.62,216.89
44760.67,216.89
44760.71,216.89
44760.75,216.89
44760.79,216.89
44760.83,216.89
44760.88,216.89
44760.92,216.89
44760.96,216.89
44761,216.89
44761.04,216.89
44761.08,216.89
44761.12,216.89
44761.17,216.89
44761.21,216.89
44761.25,216.89
44761.29,216.89
44761.33,216.89
44761.38,216.89
44761.42,216.89
44761.46,216.89
44761.5,216.89
44761.54,216.89
44761.58,216.89
44761.62,216.89
44761.67,216.89
44761.71,216.89
44761.75,216.89
44761.79,216.89
44761.83,216.89
44761.88,216.89
44761.92,216.89
44761.96,216.89
44762,216.89
44762.04,216.89
44762.08,216.89
44762.12,216.89
44762.17,216.89
44762.21,216.89
44762.25,216.89
44762.29,216.89
44762.33,216.89
44762.38,216.89
44762.42,216.89
44762.46,216.89
44762.5,216.89
44762.54,216.89
44762.58,216.89
44762.62,216.89
44762.67,216.89
44762.71,216.89
44762.75,216.89
44762.79,216.89
44762.83,216.89
44762.88,216.89
44762.92,216.89
44762.96,216.89
44763,216.89
44763.04,216.89
44763.08,216.89
44763.12,216.89
44763.17,216.89
44763.21,216.89
44763.25,216.89
44763.29,216.89
44763.33,216.89
44763.38,216.89
44763.42,216.89
44763.46,216.89
44763.5,216.89
44763.54,216.89
44763.58,216.89
44763.62,216.89
44763.67,216.89
44763.71,216.89
44763.75,216.89
44763.79,216.89
44763.83,216.89
44763.88,216.89
44763.92,216.89
44763.96,216.89
44764,216.89
44764.04,216.89
44764.08,216.89
44764.12,216.89
44764.17,216.89
44764.21,216.89
44764.25,216.89
44764.29,216.89
44764.33,216.89
44764.38,216.89
44764.42,216.89
44764.46,216.89
44764.5,216.89
44764.54,216.89
44764.58,216.89
44764.62,216.89
44764.67,216.89
44764.71,216.89
44764.75,216.89
44764.79,216.89
44764.83,216.89
44764.88,216.89
44764.92,216.89
44764.96,216.89
44765,216.89
44765.04,216.89
44765.08,216.89
44765.12,216.89
44765.17,216.89
44765.21,216.89
44765.25,216.89
44765.29,216.89
44765.33,216.89
44765.38,216.89
44765.42,216.89
44765.46,216.89
44765.5,216.89
44765.54,216.89
44765.58,216.89
44765.62,216.89
44765.67,216.89
44765.71,216.89
44765.75,216.89
44765.79,216.89
44765.83,216.89
44765.88,216.89
44765.92,216.89
44765.96,216.89
44766,216.89
44766.04,216.89
44766.08,216.89
44766.12,216.89
44766.17,216.89
44766.21,216.89
44766.25,216.89
44766.29,216.89
44766.33,216.89
44766.38,216.89
44766.42,216.89
44766.46,216.89
44766.5,216.89
44766.54,216.89
44766.58,216.89
44766.62,216.89
44766.67,216.89
44766.71,216.89
44766.75,216.89
44766.79,216.89
44766.83,216.89
44766.88,216.89
44766.92,216.89
44766.96,216.89
44767,216.89
44767.04,216.89
44767.08,216.89
44767.12,216.89
44767.17,216.89
44767.21,216.89
44767.25,216.89
44767.29,216.89
44767.33,216.89
44767.38,216.89
44767.42,216.89
44767.46,216.89
44767.5,216.89
44767.54,216.89
44767.58,216.89
44767.62,216.89
44767.67,216.89
44767.71,216.89
44767.75,216.89
44767.79,216.89
44767.83,216.89
44767.88,216.89
44767.92,216.89
44767.96,216.89
44768,216.89
44768.04,216.89
44768.08,216.89
44768.12,216.89
44768.17,216.89
44768.21,216.89
44768.25,216.89
44768.29,216.89
44768.33,216.89
44768.38,216.89
44768.42,216.89
44768.46,216.89
44768.5,216.89
44768.54,216.89
44768.58,216.89
44768.62,216.89
44768.67,216.89
44768.71,216.89
44768.75,216.89
44768.79,216.89
44768.83,216.89
44768.88,216.89
44768.92,216.89
44768.96,216.89
44769,216.89
44769.04,216.89
44769.08,216.89
44769.12,216.89
44769.17,216.89
44769.21,216.89
44769.25,216.89
44769.29,216.89
44769.33,216.89
44769.38,216.89
44769.42,216.89
44769.46,216.89
44769.5,216.89
44769.54,216.89
44769.58,216.89
44769.62,216.89
44769.67,216.89
44769.71,216.89
44769.75,216.89
44769.79,216.89
44769.83,216.89
44769.88,216.89
44769.92,216.89
44769.96,216.89
44770,216.89
44770.04,216.89
44770.08,216.89
44770.12,216.89
44770.17,216.89
44770.21,216.89
44770.25,216.89
44770.29,216.89
44770.33,216.89
44770.38,216.89
44770.42,216.89
44770.46,216.89
44770.5,216.89
44770.54,216.89
44770.58,216.89
44770.62,216.89
44770.67,216.89
44770.71,216.89
44770.75,216.89
44770.79,216.89
44770.83,216.89
44770.88,216.89
44770.92,216.89
44770.96,216.89
44771,216.89
44771.04,216.89
44771.08,216.89
44771.12,216.89
44771.17,216.89
44771.21,216.89
44771.25,216.89
44771.29,216.89
44771.33,216.89
44771.38,216.89
44771.42,216.89
44771.46,216.89
44771.5,216.89
44771.54,216.89
44771.58,216.89
44771.62,216.89
44771.67,216.89
44771.71,216.89
44771.75,216.89
44771.79,216.89
44771.83,216.89
44771.88,216.89
44771.92,216.89
44771.96,216.89
44772,216.89
44772.04,216.89
44772.08,216.89
44772.12,216.89
44772.17,216.89
44772.21,216.89
44772.25,216.89
44772.29,216.89
44772.33,216.89
44772.38,216.89
44772.42,216.89
44772.46,216.89
44772.5,216.89
44772.54,216.89
44772.58,216.89
44772.62,216.89
44772.67,216.89
44772.71,216.89
44772.75,216.89
44772.79,216.89
44772.83,216.89
44772.88,216.89
44772.92,216.89
44772.96,216.89
44773,216.89
44773.04,216.89
44773.08,216.89
44773.12,216.89
44773.17,216.89
44773.21,216.89
44773.25,216.89
44773.29,216.89
44773.33,216.89
44773.38,216.89
44773.42,216.89
44773.46,216.89
44773.5,216.89
44773.54,216.89
44773.58,216.89
44773.62,216.89
44773.67,216.89
44773.71,216.89
44773.75,216.89
44773.79,216.89
44773.83,216.89
44773.88,216.89
44773.92,216.89
44773.96,216.89
44774,178.38
44774.04,178.38
44774.08,178.38
44774.12,178.38
44774.17,178.38
44774.21,178.38
44774.25,178.38
44774.29,178.38
44774.33,178.38
44774.38,178.38
44774.42,178.38
44774.46,178.38
44774.5,178.38
44774.54,178.38
44774.58,178.38
44774.62,178.38
44774.67,178.38
44774.71,178.38
44774.75,178.38
44774.79,178.38
44774.83,178.38
44774.88,178.38
44774.92,178.38
44774.96,178.38
44775,178.38
44775.04,178.38
44775.08,178.38
44775.12,178.38
44775.17,178.38
44775.21,178.38
44775.25,178.38
44775.29,178.38
44775.33,178.38
44775.38,178.38
44775.42,178.38
44775.46,178.38
44775.5,178.38
44775.54,178.38
44775.58,178.38
44775.62,178.38
44775.67,178.38
44775.71,178.38
44775.75,178.38
44775.79,178.38
44775.83,178.38
44775.88,178.38
44775.92,178.38
44775.96,178.38
44776,178.38
44776.04,178.38
44776.08,178.38
44776.12,178.38
44776.17,178.38
44776.21,178.38
44776.25,178.38
44776.29,178.38
44776.33,178.38
44776.38,178.38
44776.42,178.38
44776.46,178.38
44776.5,178.38
44776.54,178.38
44776.58,178.38
44776.62,178.38
44776.67,178.38
44776.71,178.38
44776.75,178.38
44776.79,178.38
44776.83,178.38
44776.88,178.38
44776.92,178.38
44776.96,178.38
44777,178.38
44777.04,178.38
44777.08,178.38
44777.12,178.38
44777.17,178.38
44777.21,178.38
44777.25,178.38
44777.29,178.38
44777.33,178.38
44777.38,178.38
44777.42,178.38
44777.46,178.38
44777.5,178.38
44777.54,178.38
44777.58,178.38
44777.62,178.38
44777.67,178.38
44777.71,178.38
44777.75,178.38
44777.79,178.38
44777.83,178.38
44777.88,178.38
44777.92,178.38
44777.96,178.38
44778,178.38
44778.04,178.38
44778.08,178.38
44778.12,178.38
44778.17,178.38
44778.21,178.38
44778.25,178.38
44778.29,178.38
44778.33,178.38
44778.38,178.38
44778.42,178.38
44778.46,178.38
44778.5,178.38
44778.54,178.38
44778.58,178.38
44778.62,178.38
44778.67,178.38
44778.71,178.38
44778.75,178.38
44778.79,178.38
44778.83,178.38
44778.88,178.38
44778.92,178.38
44778.96,178.38
44779,178.38
44779.04,178.38
44779.08,178.38
44779.12,178.38
44779.17,178.38
44779.21,178.38
44779.25,178.38
44779.29,178.38
44779.33,178.38
44779.38,178.38
44779.42,178.38
44779.46,178.38
44779.5,178.38
44779.54,178.38
44779.58,178.38
44779.62,178.38
44779.67,178.38
44779.71,178.38
44779.75,178.38
44779.79,178.38
44779.83,178.38
44779.88,178.38
44779.92,178.38
44779.96,178.38
44780,178.38
44780.04,178.38
44780.08,178.38
44780.12,178.38
44780.17,178.38
44780.21,178.38
44780.25,178.38
44780.29,178.38
44780.33,178.38
44780.38,178.38
44780.42,178.38
44780.46,178.38
44780.5,178.38
44780.54,178.38
44780.58,178.38
44780.62,178.38
44780.67,178.38
44780.71,178.38
44780.75,178.38
44780.79,178.38
44780.83,178.38
44780.88,178.38
44780.92,178.38
44780.96,178.38
44781,178.38
44781.04,178.38
44781.08,178.38
44781.12,178.38
44781.17,178.38
44781.21,178.38
44781.25,178.38
44781.29,178.38
44781.33,178.38
44781.38,178.38
44781.42,178.38
44781.46,178.38
44781.5,178.38
44781.54,178.38
44781.58,178.38
44781.62,178.38
44781.67,178.38
44781.71,178.38
44781.75,178.38
44781.79,178.38
44781.83,178.38
44781.88,178.38
44781.92,178.38
44781.96,178.38
44782,178.38
44782.04,178.38
44782.08,178.38
44782.12,178.38
44782.17,178.38
44782.21,178.38
44782.25,178.38
44782.29,178.38
44782.33,178.38
44782.38,178.38
44782.42,178.38
44782.46,178.38
44782.5,178.38
44782.54,178.38
44782.58,178.38
44782.62,178.38
44782.67,178.38
44782.71,178.38
44782.75,178.38
44782.79,178.38
44782.83,178.38
44782.88,178.38
44782.92,178.38
44782.96,178.38
44783,178.38
44783.04,178.38
44783.08,178.38
44783.12,178.38
44783.17,178.38
44783.21,178.38
44783.25,178.38
44783.29,178.38
44783.33,178.38
44783.38,178.38
44783.42,178.38
44783.46,178.38
44783.5,178.38
44783.54,178.38
44783.58,178.38
44783.62,178.38
44783.67,178.38
44783.71,178.38
44783.75,178.38
44783.79,178.38
44783.83,178.38
44783.88,178.38
44783.92,178.38
44783.96,178.38
44784,178.38
44784.04,178.38
44784.08,178.38
44784.12,178.38
44784.17,178.38
44784.21,178.38
44784.25,178.38
44784.29,178.38
44784.33,178.38
44784.38,178.38
44784.42,178.38
44784.46,178.38
44784.5,178.38
44784.54,178.38
44784.58,178.38
44784.62,178.38
44784.67,178.38
44784.71,178.38
44784.75,178.38
44784.79,178.38
44784.83,178.38
44784.88,178.38
44784.92,178.38
44784.96,178.38
44785,178.38
44785.04,178.38
44785.08,178.38
44785.12,178.38
44785.17,178.38
44785.21,178.38
44785.25,178.38
44785.29,178.38
44785.33,178.38
44785.38,178.38
44785.42,178.38
44785.46,178.38
44785.5,178.38
44785.54,178.38
44785.58,178.38
44785.62,178.38
44785.67,178.38
44785.71,178.38
44785.75,178.38
44785.79,178.38
44785.83,178.38
44785.88,178.38
44785.92,178.38
44785.96,178.38
44786,178.38
44786.04,178.38
44786.08,178.38
44786.12,178.38
44786.17,178.38
44786.21,178.38
44786.25,178.38
44786.29,178.38
44786.33,178.38
44786.38,178.38
44786.42,178.38
44786.46,178.38
44786.5,178.38
44786.54,178.38
44786.58,178.38
44786.62,178.38
44786.67,178.38
44786.71,178.38
44786.75,178.38
44786.79,178.38
44786.83,178.38
44786.88,178.38
44786.92,178.38
44786.96,178.38
44787,178.38
44787.04,178.38
44787.08,178.38
44787.12,178.38
44787.17,178.38
44787.21,178.38
44787.25,178.38
44787.29,178.38
44787.33,178.38
44787.38,178.38
44787.42,178.38
44787.46,178.38
44787.5,178.38
44787.54,178.38
44787.58,178.38
44787.62,178.38
44787.67,178.38
44787.71,178.38
44787.75,178.38
44787.79,178.38
44787.83,178.38
44787.88,178.38
44787.92,178.38
44787.96,178.38
44788,178.38
44788.04,178.38
44788.08,178.38
44788.12,178.38
44788.17,178.38
44788.21,178.38
44788.25,178.38
44788.29,178.38
44788.33,178.38
44788.38,178.38
44788.42,178.38
44788.46,178.38
44788.5,178.38
44788.54,178.38
44788.58,178.38
44788.62,178.38
44788.67,178.38
44788.71,178.38
44788.75,178.38
44788.79,178.38
44788.83,178.38
44788.88,178.38
44788.92,178.38
44788.96,178.38
44789,178.38
44789.04,178.38
44789.08,178.38
44789.12,178.38
44789.17,178.38
44789.21,178.38
44789.25,178.38
44789.29,178.38
44789.33,178.38
44789.38,178.38
44789.42,178.38
44789.46,178.38
44789.5,178.38
44789.54,178.38
44789.58,178.38
44789.62,178.38
44789.67,178.38
44789.71,178.38
44789.75,178.38
44789.79,178.38
44789.83,178.38
44789.88,178.38
44789.92,178.38
44789.96,178.38
44790,178.38
44790.04,178.38
44790.08,178.38
44790.12,178.38
44790.17,178.38
44790.21,178.38
44790.25,178.38
44790.29,178.38
44790.33,178.38
44790.38,178.38
44790.42,178.38
44790.46,178.38
44790.5,178.38
44790.54,178.38
44790.58,178.38
44790.62,178.38
44790.67,178.38
44790.71,178.38
44790.75,178.38
44790.79,178.38
44790.83,178.38
44790.88,178.38
44790.92,178.38
44790.96,178.38
44791,178.38
44791.04,178.38
44791.08,178.38
44791.12,178.38
44791.17,178.38
44791.21,178.38
44791.25,178.38
44791.29,178.38
44791.33,178.38
44791.38,178.38
44791.42,178.38
44791.46,178.38
44791.5,178.38
44791.54,178.38
44791.58,178.38
44791.62,178.38
44791.67,178.38
44791.71,178.38
44791.75,178.38
44791.79,178.38
44791.83,178.38
44791.88,178.38
44791.92,178.38
44791.96,178.38
44792,178.38
44792.04,178.38
44792.08,178.38
44792.12,178.38
44792.17,178.38
44792.21,178.38
44792.25,178.38
44792.29,178.38
44792.33,178.38
44792.38,178.38
44792.42,178.38
44792.46,178.38
44792.5,178.38
44792.54,178.38
44792.58,178.38
44792.62,178.38
44792.67,178.38
44792.71,178.38
44792.75,178.38
44792.79,178.38
44792.83,178.38
44792.88,178.38
44792.92,178.38
44792.96,178.38
44793,178.38
44793.04,178.38
44793.08,178.38
44793.12,178.38
44793.17,178.38
44793.21,178.38
44793.25,178.38
44793.29,178.38
44793.33,178.38
44793.38,178.38
44793.42,178.38
44793.46,178.38
44793.5,178.38
44793.54,178.38
44793.58,178.38
44793.62,178.38
44793.67,178.38
44793.71,178.38
44793.75,178.38
44793.79,178.38
44793.83,178.38
44793.88,178.38
44793.92,178.38
44793.96,178.38
44794,178.38
44794.04,178.38
44794.08,178.38
44794.12,178.38
44794.17,178.38
44794.21,178.38
44794.25,178.38
44794.29,178.38
44794.33,178.38
44794.38,178.38
44794.42,178.38
44794.46,178.38
44794.5,178.38
44794.54,178.38
44794.58,178.38
44794.62,178.38
44794.67,178.38
44794.71,178.38
44794.75,178.38
44794.79,178.38
44794.83,178.38
44794.88,178.38
44794.92,178.38
44794.96,178.38
44795,178.38
44795.04,178.38
44795.08,178.38
44795.12,178.38
44795.17,178.38
44795.21,178.38
44795.25,178.38
44795.29,178.38
44795.33,178.38
44795.38,178.38
44795.42,178.38
44795.46,178.38
44795.5,178.38
44795.54,178.38
44795.58,178.38
44795.62,178.38
44795.67,178.38
44795.71,178.38
44795.75,178.38
44795.79,178.38
44795.83,178.38
44795.88,178.38
44795.92,178.38
44795.96,178.38
44796,178.38
44796.04,178.38
44796.08,178.38
44796.12,178.38
44796.17,178.38
44796.21,178.38
44796.25,178.38
44796.29,178.38
44796.33,178.38
44796.38,178.38
44796.42,178.38
44796.46,178.38
44796.5,178.38
44796.54,178.38
44796.58,178.38
44796.62,178.38
44796.67,178.38
44796.71,178.38
44796.75,178.38
44796.79,178.38
44796.83,178.38
44796.88,178.38
44796.92,178.38
44796.96,178.38
44797,178.38
44797.04,178.38
44797.08,178.38
44797.12,178.38
44797.17,178.38
44797.21,178.38
44797.25,178.38
44797.29,178.38
44797.33,178.38
44797.38,178.38
44797.42,178.38
44797.46,178.38
44797.5,178.38
44797.54,178.38
44797.58,178.38
44797.62,178.38
44797.67,178.38
44797.71,178.38
44797.75,178.38
44797.79,178.38
44797.83,178.38
44797.88,178.38
44797.92,178.38
44797.96,178.38
44798,178.38
44798.04,178.38
44798.08,178.38
44798.12,178.38
44798.17,178.38
44798.21,178.38
44798.25,178.38
44798.29,178.38
44798.33,178.38
44798.38,178.38
44798.42,178.38
44798.46,178.38
44798.5,178.38
44798.54,178.38
44798.58,178.38
44798.62,178.38
44798.67,178.38
44798.71,178.38
44798.75,178.38
44798.79,178.38
44798.83,178.38
44798.88,178.38
44798.92,178.38
44798.96,178.38
44799,178.38
44799.04,178.38
44799.08,178.38
44799.12,178.38
44799.17,178.38
44799.21,178.38
44799.25,178.38
44799.29,178.38
44799.33,178.38
44799.38,178.38
44799.42,178.38
44799.46,178.38
44799.5,178.38
44799.54,178.38
44799.58,178.38
44799.62,178.38
44799.67,178.38
44799.71,178.38
44799.75,178.38
44799.79,178.38
44799.83,178.38
44799.88,178.38
44799.92,178.38
44799.96,178.38
44800,178.38
44800.04,178.38
44800.08,178.38
44800.12,178.38
44800.17,178.38
44800.21,178.38
44800.25,178.38
44800.29,178.38
44800.33,178.38
44800.38,178.38
44800.42,178.38
44800.46,178.38
44800.5,178.38
44800.54,178.38
44800.58,178.38
44800.62,178.38
44800.67,178.38
44800.71,178.38
44800.75,178.38
44800.79,178.38
44800.83,178.38
44800.88,178.38
44800.92,178.38
44800.96,178.38
44801,178.38
44801.04,178.38
44801.08,178.38
44801.12,178.38
44801.17,178.38
44801.21,178.38
44801.25,178.38
44801.29,178.38
44801.33,178.38
44801.38,178.38
44801.42,178.38
44801.46,178.38
44801.5,178.38
44801.54,178.38
44801.58,178.38
44801.62,178.38
44801.67,178.38
44801.71,178.38
44801.75,178.38
44801.79,178.38
44801.83,178.38
44801.88,178.38
44801.92,178.38
44801.96,178.38
44802,178.38
44802.04,178.38
44802.08,178.38
44802.12,178.38
44802.17,178.38
44802.21,178.38
44802.25,178.38
44802.29,178.38
44802.33,178.38
44802.38,178.38
44802.42,178.38
44802.46,178.38
44802.5,178.38
44802.54,178.38
44802.58,178.38
44802.62,178.38
44802.67,178.38
44802.71,178.38
44802.75,178.38
44802.79,178.38
44802.83,178.38
44802.88,178.38
44802.92,178.38
44802.96,178.38
44803,178.38
44803.04,178.38
44803.08,178.38
44803.12,178.38
44803.17,178.38
44803.21,178.38
44803.25,178.38
44803.29,178.38
44803.33,178.38
44803.38,178.38
44803.42,178.38
44803.46,178.38
44803.5,178.38
44803.54,178.38
44803.58,178.38
44803.62,178.38
44803.67,178.38
44803.71,178.38
44803.75,178.38
44803.79,178.38
44803.83,178.38
44803.88,178.38
44803.92,178.38
44803.96,178.38
44804,178.38
44804.04,178.38
44804.08,178.38
44804.12,178.38
44804.17,178.38
44804.21,178.38
44804.25,178.38
44804.29,178.38
44804.33,178.38
44804.38,178.38
44804.42,178.38
44804.46,178.38
44804.5,178.38
44804.54,178.38
44804.58,178.38
44804.62,178.38
44804.67,178.38
44804.71,178.38
44804.75,178.38
44804.79,178.38
44804.83,178.38
44804.88,178.38
44804.92,178.38
44804.96,178.38
44805,62.08
44805.04,62.08
44805.08,62.08
44805.12,62.08
44805.17,62.08
44805.21,62.08
44805.25,62.08
44805.29,62.08
44805.33,62.08
44805.38,62.08
44805.42,62.08
44805.46,62.08
44805.5,62.08
44805.54,62.08
44805.58,62.08
44805.62,62.08
44805.67,62.08
44805.71,62.08
44805.75,62.08
44805.79,62.08
44805.83,62.08
44805.88,62.08
44805.92,62.08
44805.96,62.08
44806,62.08
44806.04,62.08
44806.08,62.08
44806.12,62.08
44806.17,62.08
44806.21,62.08
44806.25,62.08
44806.29,62.08
44806.33,62.08
44806.38,62.08
44806.42,62.08
44806.46,62.08
44806.5,62.08
44806.54,62.08
44806.58,62.08
44806.62,62.08
44806.67,62.08
44806.71,62.08
44806.75,62.08
44806.79,62.08
44806.83,62.08
44806.88,62.08
44806.92,62.08
44806.96,62.08
44807,62.08
44807.04,62.08
44807.08,62.08
44807.12,62.08
44807.17,62.08
44807.21,62.08
44807.25,62.08
44807.29,62.08
44807.33,62.08
44807.38,62.08
44807.42,62.08
44807.46,62.08
44807.5,62.08
44807.54,62.08
44807.58,62.08
44807.62,62.08
44807.67,62.08
44807.71,62.08
44807.75,62.08
44807.79,62.08
44807.83,62.08
44807.88,62.08
44807.92,62.08
44807.96,62.08
44808,62.08
44808.04,62.08
44808.08,62.08
44808.12,62.08
44808.17,62.08
44808.21,62.08
44808.25,62.08
44808.29,62.08
44808.33,62.08
44808.38,62.08
44808.42,62.08
44808.46,62.08
44808.5,62.08
44808.54,62.08
44808.58,62.08
44808.62,62.08
44808.67,62.08
44808.71,62.08
44808.75,62.08
44808.79,62.08
44808.83,62.08
44808.88,62.08
44808.92,62.08
44808.96,62.08
44809,62.08
44809.04,62.08
44809.08,62.08
44809.12,62.08
44809.17,62.08
44809.21,62.08
44809.25,62.08
44809.29,62.08
44809.33,62.08
44809.38,62.08
44809.42,62.08
44809.46,62.08
44809.5,62.08
44809.54,62.08
44809.58,62.08
44809.62,62.08
44809.67,62.08
44809.71,62.08
44809.75,62.08
44809.79,62.08
44809.83,62.08
44809.88,62.08
44809.92,62.08
44809.96,62.08
44810,62.08
44810.04,62.08
44810.08,62.08
44810.12,62.08
44810.17,62.08
44810.21,62.08
44810.25,62.08
44810.29,62.08
44810.33,62.08
44810.38,62.08
44810.42,62.08
44810.46,62.08
44810.5,62.08
44810.54,62.08
44810.58,62.08
44810.62,62.08
44810.67,62.08
44810.71,62.08
44810.75,62.08
44810.79,62.08
44810.83,62.08
44810.88,62.08
44810.92,62.08
44810.96,62.08
44811,62.08
44811.04,62.08
44811.08,62.08
44811.12,62.08
44811.17,62.08
44811.21,62.08
44811.25,62.08
44811.29,62.08
44811.33,62.08
44811.38,62.08
44811.42,62.08
44811.46,62.08
44811.5,62.08
44811.54,62.08
44811.58,62.08
44811.62,62.08
44811.67,62.08
44811.71,62.08
44811.75,62.08
44811.79,62.08
44811.83,62.08
44811.88,62.08
44811.92,62.08
44811.96,62.08
44812,62.08
44812.04,62.08
44812.08,62.08
44812.12,62.08
44812.17,62.08
44812.21,62.08
44812.25,62.08
44812.29,62.08
44812.33,62.08
44812.38,62.08
44812.42,62.08
44812.46,62.08
44812.5,62.08
44812.54,62.08
44812.58,62.08
44812.62,62.08
44812.67,62.08
44812.71,62.08
44812.75,62.08
44812.79,62.08
44812.83,62.08
44812.88,62.08
44812.92,62.08
44812.96,62.08
44813,62.08
44813.04,62.08
44813.08,62.08
44813.12,62.08
44813.17,62.08
44813.21,62.08
44813.25,62.08
44813.29,62.08
44813.33,62.08
44813.38,62.08
44813.42,62.08
44813.46,62.08
44813.5,62.08
44813.54,62.08
44813.58,62.08
44813.62,62.08
44813.67,62.08
44813.71,62.08
44813.75,62.08
44813.79,62.08
44813.83,62.08
44813.88,62.08
44813.92,62.08
44813.96,62.08
44814,62.08
44814.04,62.08
44814.08,62.08
44814.12,62.08
44814.17,62.08
44814.21,62.08
44814.25,62.08
44814.29,62.08
44814.33,62.08
44814.38,62.08
44814.42,62.08
44814.46,62.08
44814.5,62.08
44814.54,62.08
44814.58,62.08
44814.62,62.08
44814.67,62.08
44814.71,62.08
44814.75,62.08
44814.79,62.08
44814.83,62.08
44814.88,62.08
44814.92,62.08
44814.96,62.08
44815,62.08
44815.04,62.08
44815.08,62.08
44815.12,62.08
44815.17,62.08
44815.21,62.08
44815.25,62.08
44815.29,62.08
44815.33,62.08
44815.38,62.08
44815.42,62.08
44815.46,62.08
44815.5,62.08
44815.54,62.08
44815.58,62.08
44815.62,62.08
44815.67,62.08
44815.71,62.08
44815.75,62.08
44815.79,62.08
44815.83,62.08
44815.88,62.08
44815.92,62.08
44815.96,62.08
44816,62.08
44816.04,62.08
44816.08,62.08
44816.12,62.08
44816.17,62.08
44816.21,62.08
44816.25,62.08
44816.29,62.08
44816.33,62.08
44816.38,62.08
44816.42,62.08
44816.46,62.08
44816.5,62.08
44816.54,62.08
44816.58,62.08
44816.62,62.08
44816.67,62.08
44816.71,62.08
44816.75,62.08
44816.79,62.08
44816.83,62.08
44816.88,62.08
44816.92,62.08
44816.96,62.08
44817,62.08
44817.04,62.08
44817.08,62.08
44817.12,62.08
44817.17,62.08
44817.21,62.08
44817.25,62.08
44817.29,62.08
44817.33,62.08
44817.38,62.08
44817.42,62.08
44817.46,62.08
44817.5,62.08
44817.54,62.08
44817.58,62.08
44817.62,62.08
44817.67,62.08
44817.71,62.08
44817.75,62.08
44817.79,62.08
44817.83,62.08
44817.88,62.08
44817.92,62.08
44817.96,62.08
44818,62.08
44818.04,62.08
44818.08,62.08
44818.12,62.08
44818.17,62.08
44818.21,62.08
44818.25,62.08
44818.29,62.08
44818.33,62.08
44818.38,62.08
44818.42,62.08
44818.46,62.08
44818.5,62.08
44818.54,62.08
44818.58,62.08
44818.62,62.08
44818.67,62.08
44818.71,62.08
44818.75,62.08
44818.79,62.08
44818.83,62.08
44818.88,62.08
44818.92,62.08
44818.96,62.08
44819,62.08
44819.04,62.08
44819.08,62.08
44819.12,62.08
44819.17,62.08
44819.21,62.08
44819.25,62.08
44819.29,62.08
44819.33,62.08
44819.38,62.08
44819.42,62.08
44819.46,62.08
44819.5,62.08
44819.54,62.08
44819.58,62.08
44819.62,62.08
44819.67,62.08
44819.71,62.08
44819.75,62.08
44819.79,62.08
44819.83,62.08
44819.88,62.08
44819.92,62.08
44819.96,62.08
44820,62.08
44820.04,62.08
44820.08,62.08
44820.12,62.08
44820.17,62.08
44820.21,62.08
44820.25,62.08
44820.29,62.08
44820.33,62.08
44820.38,62.08
44820.42,62.08
44820.46,62.08
44820.5,62.08
44820.54,62.08
44820.58,62.08
44820.62,62.08
44820.67,62.08
44820.71,62.08
44820.75,62.08
44820.79,62.08
44820.83,62.08
44820.88,62.08
44820.92,62.08
44820.96,62.08
44821,62.08
44821.04,62.08
44821.08,62.08
44821.12,62.08
44821.17,62.08
44821.21,62.08
44821.25,62.08
44821.29,62.08
44821.33,62.08
44821.38,62.08
44821.42,62.08
44821.46,62.08
44821.5,62.08
44821.54,62.08
44821.58,62.08
44821.62,62.08
44821.67,62.08
44821.71,62.08
44821.75,62.08
44821.79,62.08
44821.83,62.08
44821.88,62.08
44821.92,62.08
44821.96,62.08
44822,62.08
44822.04,62.08
44822.08,62.08
44822.12,62.08
44822.17,62.08
44822.21,62.08
44822.25,62.08
44822.29,62.08
44822.33,62.08
44822.38,62.08
44822.42,62.08
44822.46,62.08
44822.5,62.08
44822.54,62.08
44822.58,62.08
44822.62,62.08
44822.67,62.08
44822.71,62.08
44822.75,62.08
44822.79,62.08
44822.83,62.08
44822.88,62.08
44822.92,62.08
44822.96,62.08
44823,62.08
44823.04,62.08
44823.08,62.08
44823.12,62.08
44823.17,62.08
44823.21,62.08
44823.25,62.08
44823.29,62.08
44823.33,62.08
44823.38,62.08
44823.42,62.08
44823.46,62.08
44823.5,62.08
44823.54,62.08
44823.58,62.08
44823.62,62.08
44823.67,62.08
44823.71,62.08
44823.75,62.08
44823.79,62.08
44823.83,62.08
44823.88,62.08
44823.92,62.08
44823.96,62.08
44824,62.08
44824.04,62.08
44824.08,62.08
44824.12,62.08
44824.17,62.08
44824.21,62.08
44824.25,62.08
44824.29,62.08
44824.33,62.08
44824.38,62.08
44824.42,62.08
44824.46,62.08
44824.5,62.08
44824.54,62.08
44824.58,62.08
44824.62,62.08
44824.67,62.08
44824.71,62.08
44824.75,62.08
44824.79,62.08
44824.83,62.08
44824.88,62.08
44824.92,62.08
44824.96,62.08
44825,62.08
44825.04,62.08
44825.08,62.08
44825.12,62.08
44825.17,62.08
44825.21,62.08
44825.25,62.08
44825.29,62.08
44825.33,62.08
44825.38,62.08
44825.42,62.08
44825.46,62.08
44825.5,62.08
44825.54,62.08
44825.58,62.08
44825.62,62.08
44825.67,62.08
44825.71,62.08
44825.75,62.08
44825.79,62.08
44825.83,62.08
44825.88,62.08
44825.92,62.08
44825.96,62.08
44826,62.08
44826.04,62.08
44826.08,62.08
44826.12,62.08
44826.17,62.08
44826.21,62.08
44826.25,62.08
44826.29,62.08
44826.33,62.08
44826.38,62.08
44826.42,62.08
44826.46,62.08
44826.5,62.08
44826.54,62.08
44826.58,62.08
44826.62,62.08
44826.67,62.08
44826.71,62.08
44826.75,62.08
44826.79,62.08
44826.83,62.08
44826.88,62.08
44826.92,62.08
44826.96,62.08
44827,62.08
44827.04,62.08
44827.08,62.08
44827.12,62.08
44827.17,62.08
44827.21,62.08
44827.25,62.08
44827.29,62.08
44827.33,62.08
44827.38,62.08
44827.42,62.08
44827.46,62.08
44827.5,62.08
44827.54,62.08
44827.58,62.08
44827.62,62.08
44827.67,62.08
44827.71,62.08
44827.75,62.08
44827.79,62.08
44827.83,62.08
44827.88,62.08
44827.92,62.08
44827.96,62.08
44828,62.08
44828.04,62.08
44828.08,62.08
44828.12,62.08
44828.17,62.08
44828.21,62.08
44828.25,62.08
44828.29,62.08
44828.33,62.08
44828.38,62.08
44828.42,62.08
44828.46,62.08
44828.5,62.08
44828.54,62.08
44828.58,62.08
44828.62,62.08
44828.67,62.08
44828.71,62.08
44828.75,62.08
44828.79,62.08
44828.83,62.08
44828.88,62.08
44828.92,62.08
44828.96,62.08
44829,62.08
44829.04,62.08
44829.08,62.08
44829.12,62.08
44829.17,62.08
44829.21,62.08
44829.25,62.08
44829.29,62.08
44829.33,62.08
44829.38,62.08
44829.42,62.08
44829.46,62.08
44829.5,62.08
44829.54,62.08
44829.58,62.08
44829.62,62.08
44829.67,62.08
44829.71,62.08
44829.75,62.08
44829.79,62.08
44829.83,62.08
44829.88,62.08
44829.92,62.08
44829.96,62.08
44830,62.08
44830.04,62.08
44830.08,62.08
44830.12,62.08
44830.17,62.08
44830.21,62.08
44830.25,62.08
44830.29,62.08
44830.33,62.08
44830.38,62.08
44830.42,62.08
44830.46,62.08
44830.5,62.08
44830.54,62.08
44830.58,62.08
44830.62,62.08
44830.67,62.08
44830.71,62.08
44830.75,62.08
44830.79,62.08
44830.83,62.08
44830.88,62.08
44830.92,62.08
44830.96,62.08
44831,62.08
44831.04,62.08
44831.08,62.08
44831.12,62.08
44831.17,62.08
44831.21,62.08
44831.25,62.08
44831.29,62.08
44831.33,62.08
44831.38,62.08
44831.42,62.08
44831.46,62.08
44831.5,62.08
44831.54,62.08
44831.58,62.08
44831.62,62.08
44831.67,62.08
44831.71,62.08
44831.75,62.08
44831.79,62.08
44831.83,62.08
44831.88,62.08
44831.92,62.08
44831.96,62.08
44832,62.08
44832.04,62.08
44832.08,62.08
44832.12,62.08
44832.17,62.08
44832.21,62.08
44832.25,62.08
44832.29,62.08
44832.33,62.08
44832.38,62.08
44832.42,62.08
44832.46,62.08
44832.5,62.08
44832.54,62.08
44832.58,62.08
44832.62,62.08
44832.67,62.08
44832.71,62.08
44832.75,62.08
44832.79,62.08
44832.83,62.08
44832.88,62.08
44832.92,62.08
44832.96,62.08
44833,62.08
44833.04,62.08
44833.08,62.08
44833.12,62.08
44833.17,62.08
44833.21,62.08
44833.25,62.08
44833.29,62.08
44833.33,62.08
44833.38,62.08
44833.42,62.08
44833.46,62.08
44833.5,62.08
44833.54,62.08
44833.58,62.08
44833.62,62.08
44833.67,62.08
44833.71,62.08
44833.75,62.08
44833.79,62.08
44833.83,62.08
44833.88,62.08
44833.92,62.08
44833.96,62.08
44834,62.08
44834.04,62.08
44834.08,62.08
44834.12,62.08
44834.17,62.08
44834.21,62.08
44834.25,62.08
44834.29,62.08
44834.33,62.08
44834.38,62.08
44834.42,62.08
44834.46,62.08
44834.5,62.08
44834.54,62.08
44834.58,62.08
44834.62,62.08
44834.67,62.08
44834.71,62.08
44834.75,62.08
44834.79,62.08
44834.83,62.08
44834.88,62.08
44834.92,62.08
44834.96,62.08
44835,161.88
44835.04,161.88
44835.08,161.88
44835.12,161.88
44835.17,161.88
44835.21,161.88
44835.25,161.88
44835.29,161.88
44835.33,161.88
44835.38,161.88
44835.42,161.88
44835.46,161.88
44835.5,161.88
44835.54,161.88
44835.58,161.88
44835.62,161.88
44835.67,161.88
44835.71,161.88
44835.75,161.88
44835.79,161.88
44835.83,161.88
44835.88,161.88
44835.92,161.88
44835.96,161.88
44836,161.88
44836.04,161.88
44836.08,161.88
44836.12,161.88
44836.17,161.88
44836.21,161.88
44836.25,161.88
44836.29,161.88
44836.33,161.88
44836.38,161.88
44836.42,161.88
44836.46,161.88
44836.5,161.88
44836.54,161.88
44836.58,161.88
44836.62,161.88
44836.67,161.88
44836.71,161.88
44836.75,161.88
44836.79,161.88
44836.83,161.88
44836.88,161.88
44836.92,161.88
44836.96,161.88
44837,161.88
44837.04,161.88
44837.08,161.88
44837.12,161.88
44837.17,161.88
44837.21,161.88
44837.25,161.88
44837.29,161.88
44837.33,161.88
44837.38,161.88
44837.42,161.88
44837.46,161.88
44837.5,161.88
44837.54,161.88
44837.58,161.88
44837.62,161.88
44837.67,161.88
44837.71,161.88
44837.75,161.88
44837.79,161.88
44837.83,161.88
44837.88,161.88
44837.92,161.88
44837.96,161.88
44838,161.88
44838.04,161.88
44838.08,161.88
44838.12,161.88
44838.17,161.88
44838.21,161.88
44838.25,161.88
44838.29,161.88
44838.33,161.88
44838.38,161.88
44838.42,161.88
44838.46,161.88
44838.5,161.88
44838.54,161.88
44838.58,161.88
44838.62,161.88
44838.67,161.88
44838.71,161.88
44838.75,161.88
44838.79,161.88
44838.83,161.88
44838.88,161.88
44838.92,161.88
44838.96,161.88
44839,161.88
44839.04,161.88
44839.08,161.88
44839.12,161.88
44839.17,161.88
44839.21,161.88
44839.25,161.88
44839.29,161.88
44839.33,161.88
44839.38,161.88
44839.42,161.88
44839.46,161.88
44839.5,161.88
44839.54,161.88
44839.58,161.88
44839.62,161.88
44839.67,161.88
44839.71,161.88
44839.75,161.88
44839.79,161.88
44839.83,161.88
44839.88,161.88
44839.92,161.88
44839.96,161.88
44840,161.88
44840.04,161.88
44840.08,161.88
44840.12,161.88
44840.17,161.88
44840.21,161.88
44840.25,161.88
44840.29,161.88
44840.33,161.88
44840.38,161.88
44840.42,161.88
44840.46,161.88
44840.5,161.88
44840.54,161.88
44840.58,161.88
44840.62,161.88
44840.67,161.88
44840.71,161.88
44840.75,161.88
44840.79,161.88
44840.83,161.88
44840.88,161.88
44840.92,161.88
44840.96,161.88
44841,161.88
44841.04,161.88
44841.08,161.88
44841.12,161.88
44841.17,161.88
44841.21,161.88
44841.25,161.88
44841.29,161.88
44841.33,161.88
44841.38,161.88
44841.42,161.88
44841.46,161.88
44841.5,161.88
44841.54,161.88
44841.58,161.88
44841.62,161.88
44841.67,161.88
44841.71,161.88
44841.75,161.88
44841.79,161.88
44841.83,161.88
44841.88,161.88
44841.92,161.88
44841.96,161.88
44842,161.88
44842.04,161.88
44842.08,161.88
44842.12,161.88
44842.17,161.88
44842.21,161.88
44842.25,161.88
44842.29,161.88
44842.33,161.88
44842.38,161.88
44842.42,161.88
44842.46,161.88
44842.5,161.88
44842.54,161.88
44842.58,161.88
44842.62,161.88
44842.67,161.88
44842.71,161.88
44842.75,161.88
44842.79,161.88
44842.83,161.88
44842.88,161.88
44842.92,161.88
44842.96,161.88
44843,161.88
44843.04,161.88
44843.08,161.88
44843.12,161.88
44843.17,161.88
44843.21,161.88
44843.25,161.88
44843.29,161.88
44843.33,161.88
44843.38,161.88
44843.42,161.88
44843.46,161.88
44843.5,161.88
44843.54,161.88
44843.58,161.88
44843.62,161.88
44843.67,161.88
44843.71,161.88
44843.75,161.88
44843.79,161.88
44843.83,161.88
44843.88,161.88
44843.92,161.88
44843.96,161.88
44844,161.88
44844.04,161.88
44844.08,161.88
44844.12,161.88
44844.17,161.88
44844.21,161.88
44844.25,161.88
44844.29,161.88
44844.33,161.88
44844.38,161.88
44844.42,161.88
44844.46,161.88
44844.5,161.88
44844.54,161.88
44844.58,161.88
44844.62,161.88
44844.67,161.88
44844.71,161.88
44844.75,161.88
44844.79,161.88
44844.83,161.88
44844.88,161.88
44844.92,161.88
44844.96,161.88
44845,161.88
44845.04,161.88
44845.08,161.88
44845.12,161.88
44845.17,161.88
44845.21,161.88
44845.25,161.88
44845.29,161.88
44845.33,161.88
44845.38,161.88
44845.42,161.88
44845.46,161.88
44845.5,161.88
44845.54,161.88
44845.58,161.88
44845.62,161.88
44845.67,161.88
44845.71,161.88
44845.75,161.88
44845.79,161.88
44845.83,161.88
44845.88,161.88
44845.92,161.88
44845.96,161.88
44846,161.88
44846.04,161.88
44846.08,161.88
44846.12,161.88
44846.17,161.88
44846.21,161.88
44846.25,161.88
44846.29,161.88
44846.33,161.88
44846.38,161.88
44846.42,161.88
44846.46,161.88
44846.5,161.88
44846.54,161.88
44846.58,161.88
44846.62,161.88
44846.67,161.88
44846.71,161.88
44846.75,161.88
44846.79,161.88
44846.83,161.88
44846.88,161.88
44846.92,161.88
44846.96,161.88
44847,161.88
44847.04,161.88
44847.08,161.88
44847.12,161.88
44847.17,161.88
44847.21,161.88
44847.25,161.88
44847.29,161.88
44847.33,161.88
44847.38,161.88
44847.42,161.88
44847.46,161.88
44847.5,161.88
44847.54,161.88
44847.58,161.88
44847.62,161.88
44847.67,161.88
44847.71,161.88
44847.75,161.88
44847.79,161.88
44847.83,161.88
44847.88,161.88
44847.92,161.88
44847.96,161.88
44848,161.88
44848.04,161.88
44848.08,161.88
44848.12,161.88
44848.17,161.88
44848.21,161.88
44848.25,161.88
44848.29,161.88
44848.33,161.88
44848.38,161.88
44848.42,161.88
44848.46,161.88
44848.5,161.88
44848.54,161.88
44848.58,161.88
44848.62,161.88
44848.67,161.88
44848.71,161.88
44848.75,161.88
44848.79,161.88
44848.83,161.88
44848.88,161.88
44848.92,161.88
44848.96,161.88
44849,161.88
44849.04,161.88
44849.08,161.88
44849.12,161.88
44849.17,161.88
44849.21,161.88
44849.25,161.88
44849.29,161.88
44849.33,161.88
44849.38,161.88
44849.42,161.88
44849.46,161.88
44849.5,161.88
44849.54,161.88
44849.58,161.88
44849.62,161.88
44849.67,161.88
44849.71,161.88
44849.75,161.88
44849.79,161.88
44849.83,161.88
44849.88,161.88
44849.92,161.88
44849.96,161.88
44850,161.88
44850.04,161.88
44850.08,161.88
44850.12,161.88
44850.17,161.88
44850.21,161.88
44850.25,161.88
44850.29,161.88
44850.33,161.88
44850.38,161.88
44850.42,161.88
44850.46,161.88
44850.5,161.88
44850.54,161.88
44850.58,161.88
44850.62,161.88
44850.67,161.88
44850.71,161.88
44850.75,161.88
44850.79,161.88
44850.83,161.88
44850.88,161.88
44850.92,161.88
44850.96,161.88
44851,161.88
44851.04,161.88
44851.08,161.88
44851.12,161.88
44851.17,161.88
44851.21,161.88
44851.25,161.88
44851.29,161.88
44851.33,161.88
44851.38,161.88
44851.42,161.88
44851.46,161.88
44851.5,161.88
44851.54,161.88
44851.58,161.88
44851.62,161.88
44851.67,161.88
44851.71,161.88
44851.75,161.88
44851.79,161.88
44851.83,161.88
44851.88,161.88
44851.92,161.88
44851.96,161.88
44852,161.88
44852.04,161.88
44852.08,161.88
44852.12,161.88
44852.17,161.88
44852.21,161.88
44852.25,161.88
44852.29,161.88
44852.33,161.88
44852.38,161.88
44852.42,161.88
44852.46,161.88
44852.5,161.88
44852.54,161.88
44852.58,161.88
44852.62,161.88
44852.67,161.88
44852.71,161.88
44852.75,161.88
44852.79,161.88
44852.83,161.88
44852.88,161.88
44852.92,161.88
44852.96,161.88
44853,161.88
44853.04,161.88
44853.08,161.88
44853.12,161.88
44853.17,161.88
44853.21,161.88
44853.25,161.88
44853.29,161.88
44853.33,161.88
44853.38,161.88
44853.42,161.88
44853.46,161.88
44853.5,161.88
44853.54,161.88
44853.58,161.88
44853.62,161.88
44853.67,161.88
44853.71,161.88
44853.75,161.88
44853.79,161.88
44853.83,161.88
44853.88,161.88
44853.92,161.88
44853.96,161.88
44854,161.88
44854.04,161.88
44854.08,161.88
44854.12,161.88
44854.17,161.88
44854.21,161.88
44854.25,161.88
44854.29,161.88
44854.33,161.88
44854.38,161.88
44854.42,161.88
44854.46,161.88
44854.5,161.88
44854.54,161.88
44854.58,161.88
44854.62,161.88
44854.67,161.88
44854.71,161.88
44854.75,161.88
44854.79,161.88
44854.83,161.88
44854.88,161.88
44854.92,161.88
44854.96,161.88
44855,161.88
44855.04,161.88
44855.08,161.88
44855.12,161.88
44855.17,161.88
44855.21,161.88
44855.25,161.88
44855.29,161.88
44855.33,161.88
44855.38,161.88
44855.42,161.88
44855.46,161.88
44855.5,161.88
44855.54,161.88
44855.58,161.88
44855.62,161.88
44855.67,161.88
44855.71,161.88
44855.75,161.88
44855.79,161.88
44855.83,161.88
44855.88,161.88
44855.92,161.88
44855.96,161.88
44856,161.88
44856.04,161.88
44856.08,161.88
44856.12,161.88
44856.17,161.88
44856.21,161.88
44856.25,161.88
44856.29,161.88
44856.33,161.88
44856.38,161.88
44856.42,161.88
44856.46,161.88
44856.5,161.88
44856.54,161.88
44856.58,161.88
44856.62,161.88
44856.67,161.88
44856.71,161.88
44856.75,161.88
44856.79,161.88
44856.83,161.88
44856.88,161.88
44856.92,161.88
44856.96,161.88
44857,161.88
44857.04,161.88
44857.08,161.88
44857.12,161.88
44857.17,161.88
44857.21,161.88
44857.25,161.88
44857.29,161.88
44857.33,161.88
44857.38,161.88
44857.42,161.88
44857.46,161.88
44857.5,161.88
44857.54,161.88
44857.58,161.88
44857.62,161.88
44857.67,161.88
44857.71,161.88
44857.75,161.88
44857.79,161.88
44857.83,161.88
44857.88,161.88
44857.92,161.88
44857.96,161.88
44858,161.88
44858.04,161.88
44858.08,161.88
44858.12,161.88
44858.17,161.88
44858.21,161.88
44858.25,161.88
44858.29,161.88
44858.33,161.88
44858.38,161.88
44858.42,161.88
44858.46,161.88
44858.5,161.88
44858.54,161.88
44858.58,161.88
44858.62,161.88
44858.67,161.88
44858.71,161.88
44858.75,161.88
44858.79,161.88
44858.83,161.88
44858.88,161.88
44858.92,161.88
44858.96,161.88
44859,161.88
44859.04,161.88
44859.08,161.88
44859.12,161.88
44859.17,161.88
44859.21,161.88
44859.25,161.88
44859.29,161.88
44859.33,161.88
44859.38,161.88
44859.42,161.88
44859.46,161.88
44859.5,161.88
44859.54,161.88
44859.58,161.88
44859.62,161.88
44859.67,161.88
44859.71,161.88
44859.75,161.88
44859.79,161.88
44859.83,161.88
44859.88,161.88
44859.92,161.88
44859.96,161.88
44860,161.88
44860.04,161.88
44860.08,161.88
44860.12,161.88
44860.17,161.88
44860.21,161.88
44860.25,161.88
44860.29,161.88
44860.33,161.88
44860.38,161.88
44860.42,161.88
44860.46,161.88
44860.5,161.88
44860.54,161.88
44860.58,161.88
44860.62,161.88
44860.67,161.88
44860.71,161.88
44860.75,161.88
44860.79,161.88
44860.83,161.88
44860.88,161.88
44860.92,161.88
44860.96,161.88
44861,161.88
44861.04,161.88
44861.08,161.88
44861.12,161.88
44861.17,161.88
44861.21,161.88
44861.25,161.88
44861.29,161.88
44861.33,161.88
44861.38,161.88
44861.42,161.88
44861.46,161.88
44861.5,161.88
44861.54,161.88
44861.58,161.88
44861.62,161.88
44861.67,161.88
44861.71,161.88
44861.75,161.88
44861.79,161.88
44861.83,161.88
44861.88,161.88
44861.92,161.88
44861.96,161.88
44862,161.88
44862.04,161.88
44862.08,161.88
44862.12,161.88
44862.17,161.88
44862.21,161.88
44862.25,161.88
44862.29,161.88
44862.33,161.88
44862.38,161.88
44862.42,161.88
44862.46,161.88
44862.5,161.88
44862.54,161.88
44862.58,161.88
44862.62,161.88
44862.67,161.88
44862.71,161.88
44862.75,161.88
44862.79,161.88
44862.83,161.88
44862.88,161.88
44862.92,161.88
44862.96,161.88
44863,161.88
44863.04,161.88
44863.08,161.88
44863.12,161.88
44863.17,161.88
44863.21,161.88
44863.25,161.88
44863.29,161.88
44863.33,161.88
44863.38,161.88
44863.42,161.88
44863.46,161.88
44863.5,161.88
44863.54,161.88
44863.58,161.88
44863.62,161.88
44863.67,161.88
44863.71,161.88
44863.75,161.88
44863.79,161.88
44863.83,161.88
44863.88,161.88
44863.92,161.88
44863.96,161.88
44864,161.88
44864.04,161.88
44864.08,161.88
44864.12,161.88
44864.17,161.88
44864.21,161.88
44864.25,161.88
44864.29,161.88
44864.33,161.88
44864.38,161.88
44864.42,161.88
44864.46,161.88
44864.5,161.88
44864.54,161.88
44864.58,161.88
44864.62,161.88
44864.67,161.88
44864.71,161.88
44864.75,161.88
44864.79,161.88
44864.83,161.88
44864.88,161.88
44864.92,161.88
44864.96,161.88
44865,161.88
44865.04,161.88
44865.08,161.88
44865.12,161.88
44865.17,161.88
44865.21,161.88
44865.25,161.88
44865.29,161.88
44865.33,161.88
44865.38,161.88
44865.42,161.88
44865.46,161.88
44865.5,161.88
44865.54,161.88
44865.58,161.88
44865.62,161.88
44865.67,161.88
44865.71,161.88
44865.75,161.88
44865.79,161.88
44865.83,161.88
44865.88,161.88
44865.92,161.88
44865.96,161.88
44866,47.15
44866.04,47.15
44866.08,47.15
44866.12,47.15
44866.17,47.15
44866.21,47.15
44866.25,47.15
44866.29,47.15
44866.33,47.15
44866.38,47.15
44866.42,47.15
44866.46,47.15
44866.5,47.15
44866.54,47.15
44866.58,47.15
44866.62,47.15
44866.67,47.15
44866.71,47.15
44866.75,47.15
44866.79,47.15
44866.83,47.15
44866.88,47.15
44866.92,47.15
44866.96,47.15
44867,47.15
44867.04,47.15
44867.08,47.15
44867.12,47.15
44867.17,47.15
44867.21,47.15
44867.25,47.15
44867.29,47.15
44867.33,47.15
44867.38,47.15
44867.42,47.15
44867.46,47.15
44867.5,47.15
44867.54,47.15
44867.58,47.15
44867.62,47.15
44867.67,47.15
44867.71,47.15
44867.75,47.15
44867.79,47.15
44867.83,47.15
44867.88,47.15
44867.92,47.15
44867.96,47.15
44868,47.15
44868.04,47.15
44868.08,47.15
44868.12,47.15
44868.17,47.15
44868.21,47.15
44868.25,47.15
44868.29,47.15
44868.33,47.15
44868.38,47.15
44868.42,47.15
44868.46,47.15
44868.5,47.15
44868.54,47.15
44868.58,47.15
44868.62,47.15
44868.67,47.15
44868.71,47.15
44868.75,47.15
44868.79,47.15
44868.83,47.15
44868.88,47.15
44868.92,47.15
44868.96,47.15
44869,47.15
44869.04,47.15
44869.08,47.15
44869.12,47.15
44869.17,47.15
44869.21,47.15
44869.25,47.15
44869.29,47.15
44869.33,47.15
44869.38,47.15
44869.42,47.15
44869.46,47.15
44869.5,47.15
44869.54,47.15
44869.58,47.15
44869.62,47.15
44869.67,47.15
44869.71,47.15
44869.75,47.15
44869.79,47.15
44869.83,47.15
44869.88,47.15
44869.92,47.15
44869.96,47.15
44870,47.15
44870.04,47.15
44870.08,47.15
44870.12,47.15
44870.17,47.15
44870.21,47.15
44870.25,47.15
44870.29,47.15
44870.33,47.15
44870.38,47.15
44870.42,47.15
44870.46,47.15
44870.5,47.15
44870.54,47.15
44870.58,47.15
44870.62,47.15
44870.67,47.15
44870.71,47.15
44870.75,47.15
44870.79,47.15
44870.83,47.15
44870.88,47.15
44870.92,47.15
44870.96,47.15
44871,47.15
44871.04,47.15
44871.08,47.15
44871.12,47.15
44871.17,47.15
44871.21,47.15
44871.25,47.15
44871.29,47.15
44871.33,47.15
44871.38,47.15
44871.42,47.15
44871.46,47.15
44871.5,47.15
44871.54,47.15
44871.58,47.15
44871.62,47.15
44871.67,47.15
44871.71,47.15
44871.75,47.15
44871.79,47.15
44871.83,47.15
44871.88,47.15
44871.92,47.15
44871.96,47.15
44872,47.15
44872.04,47.15
44872.08,47.15
44872.12,47.15
44872.17,47.15
44872.21,47.15
44872.25,47.15
44872.29,47.15
44872.33,47.15
44872.38,47.15
44872.42,47.15
44872.46,47.15
44872.5,47.15
44872.54,47.15
44872.58,47.15
44872.62,47.15
44872.67,47.15
44872.71,47.15
44872.75,47.15
44872.79,47.15
44872.83,47.15
44872.88,47.15
44872.92,47.15
44872.96,47.15
44873,47.15
44873.04,47.15
44873.08,47.15
44873.12,47.15
44873.17,47.15
44873.21,47.15
44873.25,47.15
44873.29,47.15
44873.33,47.15
44873.38,47.15
44873.42,47.15
44873.46,47.15
44873.5,47.15
44873.54,47.15
44873.58,47.15
44873.62,47.15
44873.67,47.15
44873.71,47.15
44873.75,47.15
44873.79,47.15
44873.83,47.15
44873.88,47.15
44873.92,47.15
44873.96,47.15
44874,47.15
44874.04,47.15
44874.08,47.15
44874.12,47.15
44874.17,47.15
44874.21,47.15
44874.25,47.15
44874.29,47.15
44874.33,47.15
44874.38,47.15
44874.42,47.15
44874.46,47.15
44874.5,47.15
44874.54,47.15
44874.58,47.15
44874.62,47.15
44874.67,47.15
44874.71,47.15
44874.75,47.15
44874.79,47.15
44874.83,47.15
44874.88,47.15
44874.92,47.15
44874.96,47.15
44875,47.15
44875.04,47.15
44875.08,47.15
44875.12,47.15
44875.17,47.15
44875.21,47.15
44875.25,47.15
44875.29,47.15
44875.33,47.15
44875.38,47.15
44875.42,47.15
44875.46,47.15
44875.5,47.15
44875.54,47.15
44875.58,47.15
44875.62,47.15
44875.67,47.15
44875.71,47.15
44875.75,47.15
44875.79,47.15
44875.83,47.15
44875.88,47.15
44875.92,47.15
44875.96,47.15
44876,47.15
44876.04,47.15
44876.08,47.15
44876.12,47.15
44876.17,47.15
44876.21,47.15
44876.25,47.15
44876.29,47.15
44876.33,47.15
44876.38,47.15
44876.42,47.15
44876.46,47.15
44876.5,47.15
44876.54,47.15
44876.58,47.15
44876.62,47.15
44876.67,47.15
44876.71,47.15
44876.75,47.15
44876.79,47.15
44876.83,47.15
44876.88,47.15
44876.92,47.15
44876.96,47.15
44877,47.15
44877.04,47.15
44877.08,47.15
44877.12,47.15
44877.17,47.15
44877.21,47.15
44877.25,47.15
44877.29,47.15
44877.33,47.15
44877.38,47.15
44877.42,47.15
44877.46,47.15
44877.5,47.15
44877.54,47.15
44877.58,47.15
44877.62,47.15
44877.67,47.15
44877.71,47.15
44877.75,47.15
44877.79,47.15
44877.83,47.15
44877.88,47.15
44877.92,47.15
44877.96,47.15
44878,47.15
44878.04,47.15
44878.08,47.15
44878.12,47.15
44878.17,47.15
44878.21,47.15
44878.25,47.15
44878.29,47.15
44878.33,47.15
44878.38,47.15
44878.42,47.15
44878.46,47.15
44878.5,47.15
44878.54,47.15
44878.58,47.15
44878.62,47.15
44878.67,47.15
44878.71,47.15
44878.75,47.15
44878.79,47.15
44878.83,47.15
44878.88,47.15
44878.92,47.15
44878.96,47.15
44879,47.15
44879.04,47.15
44879.08,47.15
44879.12,47.15
44879.17,47.15
44879.21,47.15
44879.25,47.15
44879.29,47.15
44879.33,47.15
44879.38,47.15
44879.42,47.15
44879.46,47.15
44879.5,47.15
44879.54,47.15
44879.58,47.15
44879.62,47.15
44879.67,47.15
44879.71,47.15
44879.75,47.15
44879.79,47.15
44879.83,47.15
44879.88,47.15
44879.92,47.15
44879.96,47.15
44880,47.15
44880.04,47.15
44880.08,47.15
44880.12,47.15
44880.17,47.15
44880.21,47.15
44880.25,47.15
44880.29,47.15
44880.33,47.15
44880.38,47.15
44880.42,47.15
44880.46,47.15
44880.5,47.15
44880.54,47.15
44880.58,47.15
44880.62,47.15
44880.67,47.15
44880.71,47.15
44880.75,47.15
44880.79,47.15
44880.83,47.15
44880.88,47.15
44880.92,47.15
44880.96,47.15
44881,47.15
44881.04,47.15
44881.08,47.15
44881.12,47.15
44881.17,47.15
44881.21,47.15
44881.25,47.15
44881.29,47.15
44881.33,47.15
44881.38,47.15
44881.42,47.15
44881.46,47.15
44881.5,47.15
44881.54,47.15
44881.58,47.15
44881.62,47.15
44881.67,47.15
44881.71,47.15
44881.75,47.15
44881.79,47.15
44881.83,47.15
44881.88,47.15
44881.92,47.15
44881.96,47.15
44882,47.15
44882.04,47.15
44882.08,47.15
44882.12,47.15
44882.17,47.15
44882.21,47.15
44882.25,47.15
44882.29,47.15
44882.33,47.15
44882.38,47.15
44882.42,47.15
44882.46,47.15
44882.5,47.15
44882.54,47.15
44882.58,47.15
44882.62,47.15
44882.67,47.15
44882.71,47.15
44882.75,47.15
44882.79,47.15
44882.83,47.15
44882.88,47.15
44882.92,47.15
44882.96,47.15
44883,47.15
44883.04,47.15
44883.08,47.15
44883.12,47.15
44883.17,47.15
44883.21,47.15
44883.25,47.15
44883.29,47.15
44883.33,47.15
44883.38,47.15
44883.42,47.15
44883.46,47.15
44883.5,47.15
44883.54,47.15
44883.58,47.15
44883.62,47.15
44883.67,47.15
44883.71,47.15
44883.75,47.15
44883.79,47.15
44883.83,47.15
44883.88,47.15
44883.92,47.15
44883.96,47.15
44884,47.15
44884.04,47.15
44884.08,47.15
44884.12,47.15
44884.17,47.15
44884.21,47.15
44884.25,47.15
44884.29,47.15
44884.33,47.15
44884.38,47.15
44884.42,47.15
44884.46,47.15
44884.5,47.15
44884.54,47.15
44884.58,47.15
44884.62,47.15
44884.67,47.15
44884.71,47.15
44884.75,47.15
44884.79,47.15
44884.83,47.15
44884.88,47.15
44884.92,47.15
44884.96,47.15
44885,47.15
44885.04,47.15
44885.08,47.15
44885.12,47.15
44885.17,47.15
44885.21,47.15
44885.25,47.15
44885.29,47.15
44885.33,47.15
44885.38,47.15
44885.42,47.15
44885.46,47.15
44885.5,47.15
44885.54,47.15
44885.58,47.15
44885.62,47.15
44885.67,47.15
44885.71,47.15
44885.75,47.15
44885.79,47.15
44885.83,47.15
44885.88,47.15
44885.92,47.15
44885.96,47.15
44886,47.15
44886.04,47.15
44886.08,47.15
44886.12,47.15
44886.17,47.15
44886.21,47.15
44886.25,47.15
44886.29,47.15
44886.33,47.15
44886.38,47.15
44886.42,47.15
44886.46,47.15
44886.5,47.15
44886.54,47.15
44886.58,47.15
44886.62,47.15
44886.67,47.15
44886.71,47.15
44886.75,47.15
44886.79,47.15
44886.83,47.15
44886.88,47.15
44886.92,47.15
44886.96,47.15
44887,47.15
44887.04,47.15
44887.08,47.15
44887.12,47.15
44887.17,47.15
44887.21,47.15
44887.25,47.15
44887.29,47.15
44887.33,47.15
44887.38,47.15
44887.42,47.15
44887.46,47.15
44887.5,47.15
44887.54,47.15
44887.58,47.15
44887.62,47.15
44887.67,47.15
44887.71,47.15
44887.75,47.15
44887.79,47.15
44887.83,47.15
44887.88,47.15
44887.92,47.15
44887.96,47.15
44888,47.15
44888.04,47.15
44888.08,47.15
44888.12,47.15
44888.17,47.15
44888.21,47.15
44888.25,47.15
44888.29,47.15
44888.33,47.15
44888.38,47.15
44888.42,47.15
44888.46,47.15
44888.5,47.15
44888.54,47.15
44888.58,47.15
44888.62,47.15
44888.67,47.15
44888.71,47.15
44888.75,47.15
44888.79,47.15
44888.83,47.15
44888.88,47.15
44888.92,47.15
44888.96,47.15
44889,47.15
44889.04,47.15
44889.08,47.15
44889.12,47.15
44889.17,47.15
44889.21,47.15
44889.25,47.15
44889.29,47.15
44889.33,47.15
44889.38,47.15
44889.42,47.15
44889.46,47.15
44889.5,47.15
44889.54,47.15
44889.58,47.15
44889.62,47.15
44889.67,47.15
44889.71,47.15
44889.75,47.15
44889.79,47.15
44889.83,47.15
44889.88,47.15
44889.92,47.15
44889.96,47.15
44890,47.15
44890.04,47.15
44890.08,47.15
44890.12,47.15
44890.17,47.15
44890.21,47.15
44890.25,47.15
44890.29,47.15
44890.33,47.15
44890.38,47.15
44890.42,47.15
44890.46,47.15
44890.5,47.15
44890.54,47.15
44890.58,47.15
44890.62,47.15
44890.67,47.15
44890.71,47.15
44890.75,47.15
44890.79,47.15
44890.83,47.15
44890.88,47.15
44890.92,47.15
44890.96,47.15
44891,47.15
44891.04,47.15
44891.08,47.15
44891.12,47.15
44891.17,47.15
44891.21,47.15
44891.25,47.15
44891.29,47.15
44891.33,47.15
44891.38,47.15
44891.42,47.15
44891.46,47.15
44891.5,47.15
44891.54,47.15
44891.58,47.15
44891.62,47.15
44891.67,47.15
44891.71,47.15
44891.75,47.15
44891.79,47.15
44891.83,47.15
44891.88,47.15
44891.92,47.15
44891.96,47.15
44892,47.15
44892.04,47.15
44892.08,47.15
44892.12,47.15
44892.17,47.15
44892.21,47.15
44892.25,47.15
44892.29,47.15
44892.33,47.15
44892.38,47.15
44892.42,47.15
44892.46,47.15
44892.5,47.15
44892.54,47.15
44892.58,47.15
44892.62,47.15
44892.67,47.15
44892.71,47.15
44892.75,47.15
44892.79,47.15
44892.83,47.15
44892.88,47.15
44892.92,47.15
44892.96,47.15
44893,47.15
44893.04,47.15
44893.08,47.15
44893.12,47.15
44893.17,47.15
44893.21,47.15
44893.25,47.15
44893.29,47.15
44893.33,47.15
44893.38,47.15
44893.42,47.15
44893.46,47.15
44893.5,47.15
44893.54,47.15
44893.58,47.15
44893.62,47.15
44893.67,47.15
44893.71,47.15
44893.75,47.15
44893.79,47.15
44893.83,47.15
44893.88,47.15
44893.92,47.15
44893.96,47.15
44894,47.15
44894.04,47.15
44894.08,47.15
44894.12,47.15
44894.17,47.15
44894.21,47.15
44894.25,47.15
44894.29,47.15
44894.33,47.15
44894.38,47.15
44894.42,47.15
44894.46,47.15
44894.5,47.15
44894.54,47.15
44894.58,47.15
44894.62,47.15
44894.67,47.15
44894.71,47.15
44894.75,47.15
44894.79,47.15
44894.83,47.15
44894.88,47.15
44894.92,47.15
44894.96,47.15
44895,47.15
44895.04,47.15
44895.08,47.15
44895.12,47.15
44895.17,47.15
44895.21,47.15
44895.25,47.15
44895.29,47.15
44895.33,47.15
44895.38,47.15
44895.42,47.15
44895.46,47.15
44895.5,47.15
44895.54,47.15
44895.58,47.15
44895.62,47.15
44895.67,47.15
44895.71,47.15
44895.75,47.15
44895.79,47.15
44895.83,47.15
44895.88,47.15
44895.92,47.15
44895.96,47.15
44896,25.15
44896.04,25.15
44896.08,25.15
44896.12,25.15
44896.17,25.15
44896.21,25.15
44896.25,25.15
44896.29,25.15
44896.33,25.15
44896.38,25.15
44896.42,25.15
44896.46,25.15
44896.5,25.15
44896.54,25.15
44896.58,25.15
44896.62,25.15
44896.67,25.15
44896.71,25.15
44896.75,25.15
44896.79,25.15
44896.83,25.15
44896.88,25.15
44896.92,25.15
44896.96,25.15
44897,25.15
44897.04,25.15
44897.08,25.15
44897.12,25.15
44897.17,25.15
44897.21,25.15
44897.25,25.15
44897.29,25.15
44897.33,25.15
44897.38,25.15
44897.42,25.15
44897.46,25.15
44897.5,25.15
44897.54,25.15
44897.58,25.15
44897.62,25.15
44897.67,25.15
44897.71,25.15
44897.75,25.15
44897.79,25.15
44897.83,25.15
44897.88,25.15
44897.92,25.15
44897.96,25.15
44898,25.15
44898.04,25.15
44898.08,25.15
44898.12,25.15
44898.17,25.15
44898.21,25.15
44898.25,25.15
44898.29,25.15
44898.33,25.15
44898.38,25.15
44898.42,25.15
44898.46,25.15
44898.5,25.15
44898.54,25.15
44898.58,25.15
44898.62,25.15
44898.67,25.15
44898.71,25.15
44898.75,25.15
44898.79,25.15
44898.83,25.15
44898.88,25.15
44898.92,25.15
44898.96,25.15
44899,25.15
44899.04,25.15
44899.08,25.15
44899.12,25.15
44899.17,25.15
44899.21,25.15
44899.25,25.15
44899.29,25.15
44899.33,25.15
44899.38,25.15
44899.42,25.15
44899.46,25.15
44899.5,25.15
44899.54,25.15
44899.58,25.15
44899.62,25.15
44899.67,25.15
44899.71,25.15
44899.75,25.15
44899.79,25.15
44899.83,25.15
44899.88,25.15
44899.92,25.15
44899.96,25.15
44900,25.15
44900.04,25.15
44900.08,25.15
44900.12,25.15
44900.17,25.15
44900.21,25.15
44900.25,25.15
44900.29,25.15
44900.33,25.15
44900.38,25.15
44900.42,25.15
44900.46,25.15
44900.5,25.15
44900.54,25.15
44900.58,25.15
44900.62,25.15
44900.67,25.15
44900.71,25.15
44900.75,25.15
44900.79,25.15
44900.83,25.15
44900.88,25.15
44900.92,25.15
44900.96,25.15
44901,25.15
44901.04,25.15
44901.08,25.15
44901.12,25.15
44901.17,25.15
44901.21,25.15
44901.25,25.15
44901.29,25.15
44901.33,25.15
44901.38,25.15
44901.42,25.15
44901.46,25.15
44901.5,25.15
44901.54,25.15
44901.58,25.15
44901.62,25.15
44901.67,25.15
44901.71,25.15
44901.75,25.15
44901.79,25.15
44901.83,25.15
44901.88,25.15
44901.92,25.15
44901.96,25.15
44902,25.15
44902.04,25.15
44902.08,25.15
44902.12,25.15
44902.17,25.15
44902.21,25.15
44902.25,25.15
44902.29,25.15
44902.33,25.15
44902.38,25.15
44902.42,25.15
44902.46,25.15
44902.5,25.15
44902.54,25.15
44902.58,25.15
44902.62,25.15
44902.67,25.15
44902.71,25.15
44902.75,25.15
44902.79,25.15
44902.83,25.15
44902.88,25.15
44902.92,25.15
44902.96,25.15
44903,25.15
44903.04,25.15
44903.08,25.15
44903.12,25.15
44903.17,25.15
44903.21,25.15
44903.25,25.15
44903.29,25.15
44903.33,25.15
44903.38,25.15
44903.42,25.15
44903.46,25.15
44903.5,25.15
44903.54,25.15
44903.58,25.15
44903.62,25.15
44903.67,25.15
44903.71,25.15
44903.75,25.15
44903.79,25.15
44903.83,25.15
44903.88,25.15
44903.92,25.15
44903.96,25.15
44904,25.15
44904.04,25.15
44904.08,25.15
44904.12,25.15
44904.17,25.15
44904.21,25.15
44904.25,25.15
44904.29,25.15
44904.33,25.15
44904.38,25.15
44904.42,25.15
44904.46,25.15
44904.5,25.15
44904.54,25.15
44904.58,25.15
44904.62,25.15
44904.67,25.15
44904.71,25.15
44904.75,25.15
44904.79,25.15
44904.83,25.15
44904.88,25.15
44904.92,25.15
44904.96,25.15
44905,25.15
44905.04,25.15
44905.08,25.15
44905.12,25.15
44905.17,25.15
44905.21,25.15
44905.25,25.15
44905.29,25.15
44905.33,25.15
44905.38,25.15
44905.42,25.15
44905.46,25.15
44905.5,25.15
44905.54,25.15
44905.58,25.15
44905.62,25.15
44905.67,25.15
44905.71,25.15
44905.75,25.15
44905.79,25.15
44905.83,25.15
44905.88,25.15
44905.92,25.15
44905.96,25.15
44906,25.15
44906.04,25.15
44906.08,25.15
44906.12,25.15
44906.17,25.15
44906.21,25.15
44906.25,25.15
44906.29,25.15
44906.33,25.15
44906.38,25.15
44906.42,25.15
44906.46,25.15
44906.5,25.15
44906.54,25.15
44906.58,25.15
44906.62,25.15
44906.67,25.15
44906.71,25.15
44906.75,25.15
44906.79,25.15
44906.83,25.15
44906.88,25.15
44906.92,25.15
44906.96,25.15
44907,25.15
44907.04,25.15
44907.08,25.15
44907.12,25.15
44907.17,25.15
44907.21,25.15
44907.25,25.15
44907.29,25.15
44907.33,25.15
44907.38,25.15
44907.42,25.15
44907.46,25.15
44907.5,25.15
44907.54,25.15
44907.58,25.15
44907.62,25.15
44907.67,25.15
44907.71,25.15
44907.75,25.15
44907.79,25.15
44907.83,25.15
44907.88,25.15
44907.92,25.15
44907.96,25.15
44908,25.15
44908.04,25.15
44908.08,25.15
44908.12,25.15
44908.17,25.15
44908.21,25.15
44908.25,25.15
44908.29,25.15
44908.33,25.15
44908.38,25.15
44908.42,25.15
44908.46,25.15
44908.5,25.15
44908.54,25.15
44908.58,25.15
44908.62,25.15
44908.67,25.15
44908.71,25.15
44908.75,25.15
44908.79,25.15
44908.83,25.15
44908.88,25.15
44908.92,25.15
44908.96,25.15
44909,25.15
44909.04,25.15
44909.08,25.15
44909.12,25.15
44909.17,25.15
44909.21,25.15
44909.25,25.15
44909.29,25.15
44909.33,25.15
44909.38,25.15
44909.42,25.15
44909.46,25.15
44909.5,25.15
44909.54,25.15
44909.58,25.15
44909.62,25.15
44909.67,25.15
44909.71,25.15
44909.75,25.15
44909.79,25.15
44909.83,25.15
44909.88,25.15
44909.92,25.15
44909.96,25.15
44910,25.15
44910.04,25.15
44910.08,25.15
44910.12,25.15
44910.17,25.15
44910.21,25.15
44910.25,25.15
44910.29,25.15
44910.33,25.15
44910.38,25.15
44910.42,25.15
44910.46,25.15
44910.5,25.15
44910.54,25.15
44910.58,25.15
44910.62,25.15
44910.67,25.15
44910.71,25.15
44910.75,25.15
44910.79,25.15
44910.83,25.15
44910.88,25.15
44910.92,25.15
44910.96,25.15
44911,25.15
44911.04,25.15
44911.08,25.15
44911.12,25.15
44911.17,25.15
44911.21,25.15
44911.25,25.15
44911.29,25.15
44911.33,25.15
44911.38,25.15
44911.42,25.15
44911.46,25.15
44911.5,25.15
44911.54,25.15
44911.58,25.15
44911.62,25.15
44911.67,25.15
44911.71,25.15
44911.75,25.15
44911.79,25.15
44911.83,25.15
44911.88,25.15
44911.92,25.15
44911.96,25.15
44912,25.15
44912.04,25.15
44912.08,25.15
44912.12,25.15
44912.17,25.15
44912.21,25.15
44912.25,25.15
44912.29,25.15
44912.33,25.15
44912.38,25.15
44912.42,25.15
44912.46,25.15
44912.5,25.15
44912.54,25.15
44912.58,25.15
44912.62,25.15
44912.67,25.15
44912.71,25.15
44912.75,25.15
44912.79,25.15
44912.83,25.15
44912.88,25.15
44912.92,25.15
44912.96,25.15
44913,25.15
44913.04,25.15
44913.08,25.15
44913.12,25.15
44913.17,25.15
44913.21,25.15
44913.25,25.15
44913.29,25.15
44913.33,25.15
44913.38,25.15
44913.42,25.15
44913.46,25.15
44913.5,25.15
44913.54,25.15
44913.58,25.15
44913.62,25.15
44913.67,25.15
44913.71,25.15
44913.75,25.15
44913.79,25.15
44913.83,25.15
44913.88,25.15
44913.92,25.15
44913.96,25.15
44914,25.15
44914.04,25.15
44914.08,25.15
44914.12,25.15
44914.17,25.15
44914.21,25.15
44914.25,25.15
44914.29,25.15
44914.33,25.15
44914.38,25.15
44914.42,25.15
44914.46,25.15
44914.5,25.15
44914.54,25.15
44914.58,25.15
44914.62,25.15
44914.67,25.15
44914.71,25.15
44914.75,25.15
44914.79,25.15
44914.83,25.15
44914.88,25.15
44914.92,25.15
44914.96,25.15
44915,25.15
44915.04,25.15
44915.08,25.15
44915.12,25.15
44915.17,25.15
44915.21,25.15
44915.25,25.15
44915.29,25.15
44915.33,25.15
44915.38,25.15
44915.42,25.15
44915.46,25.15
44915.5,25.15
44915.54,25.15
44915.58,25.15
44915.62,25.15
44915.67,25.15
44915.71,25.15
44915.75,25.15
44915.79,25.15
44915.83,25.15
44915.88,25.15
44915.92,25.15
44915.96,25.15
44916,25.15
44916.04,25.15
44916.08,25.15
44916.12,25.15
44916.17,25.15
44916.21,25.15
44916.25,25.15
44916.29,25.15
44916.33,25.15
44916.38,25.15
44916.42,25.15
44916.46,25.15
44916.5,25.15
44916.54,25.15
44916.58,25.15
44916.62,25.15
44916.67,25.15
44916.71,25.15
44916.75,25.15
44916.79,25.15
44916.83,25.15
44916.88,25.15
44916.92,25.15
44916.96,25.15
44917,25.15
44917.04,25.15
44917.08,25.15
44917.12,25.15
44917.17,25.15
44917.21,25.15
44917.25,25.15
44917.29,25.15
44917.33,25.15
44917.38,25.15
44917.42,25.15
44917.46,25.15
44917.5,25.15
44917.54,25.15
44917.58,25.15
44917.62,25.15
44917.67,25.15
44917.71,25.15
44917.75,25.15
44917.79,25.15
44917.83,25.15
44917.88,25.15
44917.92,25.15
44917.96,25.15
44918,25.15
44918.04,25.15
44918.08,25.15
44918.12,25.15
44918.17,25.15
44918.21,25.15
44918.25,25.15
44918.29,25.15
44918.33,25.15
44918.38,25.15
44918.42,25.15
44918.46,25.15
44918.5,25.15
44918.54,25.15
44918.58,25.15
44918.62,25.15
44918.67,25.15
44918.71,25.15
44918.75,25.15
44918.79,25.15
44918.83,25.15
44918.88,25.15
44918.92,25.15
44918.96,25.15
44919,25.15
44919.04,25.15
44919.08,25.15
44919.12,25.15
44919.17,25.15
44919.21,25.15
44919.25,25.15
44919.29,25.15
44919.33,25.15
44919.38,25.15
44919.42,25.15
44919.46,25.15
44919.5,25.15
44919.54,25.15
44919.58,25.15
44919.62,25.15
44919.67,25.15
44919.71,25.15
44919.75,25.15
44919.79,25.15
44919.83,25.15
44919.88,25.15
44919.92,25.15
44919.96,25.15
44920,25.15
44920.04,25.15
44920.08,25.15
44920.12,25.15
44920.17,25.15
44920.21,25.15
44920.25,25.15
44920.29,25.15
44920.33,25.15
44920.38,25.15
44920.42,25.15
44920.46,25.15
44920.5,25.15
44920.54,25.15
44920.58,25.15
44920.62,25.15
44920.67,25.15
44920.71,25.15
44920.75,25.15
44920.79,25.15
44920.83,25.15
44920.88,25.15
44920.92,25.15
44920.96,25.15
44921,25.15
44921.04,25.15
44921.08,25.15
44921.12,25.15
44921.17,25.15
44921.21,25.15
44921.25,25.15
44921.29,25.15
44921.33,25.15
44921.38,25.15
44921.42,25.15
44921.46,25.15
44921.5,25.15
44921.54,25.15
44921.58,25.15
44921.62,25.15
44921.67,25.15
44921.71,25.15
44921.75,25.15
44921.79,25.15
44921.83,25.15
44921.88,25.15
44921.92,25.15
44921.96,25.15
44922,25.15
44922.04,25.15
44922.08,25.15
44922.12,25.15
44922.17,25.15
44922.21,25.15
44922.25,25.15
44922.29,25.15
44922.33,25.15
44922.38,25.15
44922.42,25.15
44922.46,25.15
44922.5,25.15
44922.54,25.15
44922.58,25.15
44922.62,25.15
44922.67,25.15
44922.71,25.15
44922.75,25.15
44922.79,25.15
44922.83,25.15
44922.88,25.15
44922.92,25.15
44922.96,25.15
44923,25.15
44923.04,25.15
44923.08,25.15
44923.12,25.15
44923.17,25.15
44923.21,25.15
44923.25,25.15
44923.29,25.15
44923.33,25.15
44923.38,25.15
44923.42,25.15
44923.46,25.15
44923.5,25.15
44923.54,25.15
44923.58,25.15
44923.62,25.15
44923.67,25.15
44923.71,25.15
44923.75,25.15
44923.79,25.15
44923.83,25.15
44923.88,25.15
44923.92,25.15
44923.96,25.15
44924,25.15
44924.04,25.15
44924.08,25.15
44924.12,25.15
44924.17,25.15
44924.21,25.15
44924.25,25.15
44924.29,25.15
44924.33,25.15
44924.38,25.15
44924.42,25.15
44924.46,25.15
44924.5,25.15
44924.54,25.15
44924.58,25.15
44924.62,25.15
44924.67,25.15
44924.71,25.15
44924.75,25.15
44924.79,25.15
44924.83,25.15
44924.88,25.15
44924.92,25.15
44924.96,25.15
44925,25.15
44925.04,25.15
44925.08,25.15
44925.12,25.15
44925.17,25.15
44925.21,25.15
44925.25,25.15
44925.29,25.15
44925.33,25.15
44925.38,25.15
44925.42,25.15
44925.46,25.15
44925.5,25.15
44925.54,25.15
44925.58,25.15
44925.62,25.15
44925.67,25.15
44925.71,25.15
44925.75,25.15
44925.79,25.15
44925.83,25.15
44925.88,25.15
44925.92,25.15
44925.96,25.15
44926,25.15
44926.04,25.15
44926.08,25.15
44926.12,25.15
44926.17,25.15
44926.21,25.15
44926.25,25.15
44926.29,25.15
44926.33,25.15
44926.38,25.15
44926.42,25.15
44926.46,25.15
44926.5,25.15
44926.54,25.15
44926.58,25.15
44926.62,25.15
44926.67,25.15
44926.71,25.15
44926.75,25.15
44926.79,25.15
44926.83,25.15
44926.88,25.15
44926.92,25.15
44926.96,25.15
